"entrezgene_id"	"V2"
7105	329952.356845
64102	0
8813	569695.529857
57147	53536.7787175
55732	16545.9330614
2268	33184.0261126
3075	521972.996249
2519	548844.239195
2729	112096.790277
4800	263179.324727
90529	34118.332185
57185	426431.66093
81887	208550.695413
22875	173879.044024
6405	410119.716027
1080	5693.74755347
54467	172803.241843
1595	29864.921814
889	125766.293276
5893	30077.6630903
NA	137.274405244
572	462943.679153
51056	413054.68381
4267	624001.096445
9957	9103.30248078
26	5619.30001747
51384	979.513148573
23072	457.456838882
8379	116313.103549
3927	803369.959114
29916	156464.372245
55365	58760.6531071
4074	659642.587886
90293	7069.2812958
56603	8916.98769391
3382	95170.9146879
79007	100551.510489
57679	53495.6753235
843	84805.9643167
8837	159929.379991
7035	6693.09405935
55471	60684.9626262
10181	177259.080012
9108	40455.4167788
6542	633805.937339
381	1109221.75414
23098	20963.1341189
26073	1156185.10257
23129	547066.35073
204	427737.93826
952	1736.7798883
2288	484005.914133
23028	348777.918212
10180	172709.562703
84254	95398.6482258
5965	158410.666779
55610	62536.0663171
126393	23270.9612551
115703	13194.1233706
4706	568784.029038
5166	1471504.26371
85413	445.939787909
51364	23250.7710646
340273	0
170302	908.703103978
10165	190352.263221
7982	111337.171271
996	355231.775116
6521	164.770829522
799	1005.77331845
3052	180446.686383
1856	204949.36988
64063	215687.36281
5976	556485.037775
8935	106946.526737
292	2655051.42166
55013	79801.8796193
3207	2139.78289071
5439	413605.587962
56919	82386.7429544
4222	3969.00688341
221981	19714.7767333
3980	56080.2622061
79657	141278.161279
6296	5976.9063106
81691	15316.6514765
57019	179078.015101
56928	70538.5846975
80256	78836.5045865
51226	113736.52933
5577	20376.4430162
10943	70494.3094955
1387	199054.064406
9256	66521.1649388
4353	329.417045067
5444	205.071416121
6936	98192.9221261
84058	102242.585001
54677	421428.803151
5244	2169.91500036
55904	278304.18901
57414	2435585.07083
30812	12383.1301146
25998	193332.170854
7748	75380.0713936
23077	150972.689127
26224	202225.319065
3683	26292.2341445
5164	288103.002916
3675	3829315.91797
7543	110085.839884
3920	1458474.14598
3674	4760.34631519
51666	7882.2238118
51573	638167.758226
55049	103830.639732
9244	711712.784395
114881	77013.7403029
26022	714840.290731
51087	6036.50671758
3883	0
9020	62968.8393563
6833	2998.91985333
10368	0
54972	53235.8740101
163	1293070.55698
6863	153.80356209
10127	112389.411751
6376	402204.30967
64847	336792.048933
8913	3708.64759791
51330	2652713.28792
1750	336.771383273
4293	31391.9204488
5898	325242.706427
55971	219813.306966
80853	41878.9321642
2115	163822.54621
55750	82541.5112337
221	191863.653221
55001	61289.3605351
57157	48296.0973949
10344	4524.35180948
9855	21295.5560511
10083	118.426233779
79017	1441177.70729
10926	22492.9739157
6915	8837.2343875
3475	58239.0773255
56891	269.120597986
1352	73327.6422783
9569	337482.03412
54623	838165.30936
27072	276273.389493
9912	199490.362509
60528	233952.452665
85477	4047.29779633
414	502115.641288
8228	189621.153265
8735	45.7365136599
79602	226208.773803
51265	6649.22432642
151531	2749.63527438
10942	2362.02237094
57787	127248.597467
8842	10429.3463056
115098	657555.813089
90273	9216.05028035
5048	532883.487343
4843	8761.49946805
1770	342.027238194
9703	644120.990825
9058	0
8522	41947.1348224
79090	254900.47327
4145	7713.57734242
1087	0
974	8795.19754293
6329	5985.78771536
54879	30215.9622354
8277	159.11294533
5080	1885.84684223
113000	131085.737282
64285	329086.790067
55692	84396.716286
9254	10334.6651655
8938	140702.081179
115939	745693.122867
9091	286111.43624
57585	39258.5015833
7005	289618.469612
6401	4496.63247352
55735	131222.790605
2328	8720.65752919
29116	508478.125974
27035	7807.79617059
1870	4150.5823287
5689	1222020.56866
6853	43706.4766234
3720	45427.8701311
6792	24003.5030634
57172	3038.36752853
728642	19148.7234249
65220	229176.916786
7021	0
83741	0
9940	3900.53802176
9265	110242.834216
53616	2975.46033719
6856	1072664.1351
1534	232414.066018
9043	304095.522598
1951	6907.35755243
10157	26691.5344905
55200	43284.5104505
51188	211145.691364
84954	318866.535754
4257	1419432.89815
1407	103486.280109
8993	0
4784	839027.278524
6482	619450.903064
64386	4926.48540133
9235	87593.9324461
5310	31479.3697702
23542	7873.40790312
9862	237326.716826
23221	477275.36008
54497	135459.291661
7095	666067.200082
6224	6139016.82
7812	3656801.97558
9690	205975.331777
5980	59244.7607606
10178	28754.3964729
5081	0
10747	3142.20930615
389434	813302.549347
199870	96889.6863052
80342	7418.76939289
29954	59108.7428298
51534	107403.429132
51085	75806.6613521
9031	527568.940686
10048	416354.651916
51513	26665.1580874
83932	29500.2836329
51603	207295.854225
8798	73151.01496
7756	177595.731761
7384	1282217.52113
83930	185662.264979
928	2800474.65299
57467	300726.768914
9918	182142.870132
25900	16631.4770935
2696	7235.0026978
51533	29683.7765898
56920	36797.4485171
11188	372509.440418
23166	71662.8145276
80199	181512.811837
6540	12045.033712
3423	1055584.76624
5646	7154.82339802
7752	21726.3018475
920	176268.882911
10233	95272.3927562
695	13836.7399562
3077	86730.5739664
22955	288748.670059
2534	598511.899587
3097	155886.000007
2326	3063.43219284
6924	269966.64805
11313	868763.202523
1185	71109.4741655
9902	1300831.24772
654364	8189.63689197
6534	198.392934566
10867	297394.180054
55727	116736.645772
9546	54093.6761357
54903	54330.7500118
51099	144732.837006
3730	333457.854123
26993	176423.250064
54799	69157.5655831
51096	513849.730969
54476	214689.182098
54902	314571.440218
5725	817395.656149
8193	665.456745312
9066	79704.8141476
23395	112372.595651
5286	208163.262087
5329	144506.469767
54443	12896.1677371
58525	130516.563504
23637	263029.137553
2844	263029.137553
1634	327721.330635
54814	141312.35059
5536	269360.477119
23177	58763.1988311
8491	160530.458878
27033	1572.46096693
7305	482474.482599
57146	296851.697603
2556	554.030289009
672	19266.3686813
2067	258301.718279
933	32814.6230164
7869	145492.623423
51360	109946.029267
4007	69640.5578972
4057	22494.7940192
2137	72024.1837836
9971	0
60481	575735.983927
240	817193.209519
8284	92.057843779
57658	393538.546765
55148	260824.194235
11183	149611.062683
30845	35639.9612282
5704	695722.519972
23324	334666.041717
57709	55.5275122338
5010	7846.83743567
51629	842072.321453
9961	1578914.85954
51667	438496.428429
5238	138955.385078
112611	52507.4844494
1195	249885.034069
55703	48835.1954118
23357	114314.365637
9604	277745.732371
1774	166916.414356
1663	22539.7338664
50865	453119.414176
9052	1687513.43959
10046	83342.0147932
923	13500.4316361
10460	19705.7044233
23376	339513.688385
23649	56189.7112734
23144	152467.602337
823	1108969.0927
55	22576.7342771
4190	727814.976596
10463	277158.23385
10903	100314.629625
1355	208418.150211
440193	39142.7961335
10138	57036.7575983
10771	700749.922953
7454	42807.1293384
1800	954.852074184
637	258508.433119
9782	12752.8917552
29881	221.158511216
64132	205898.897273
84220	102.427204666
81551	0
23386	266491.369844
3670	100.756809586
55349	36606.4372869
53832	13506.0988478
1179	0
22802	0
55830	406355.609357
27032	297595.563121
3479	1400.37886532
92745	302968.647845
10928	460329.026193
22902	168399.462957
1272	18061.6129679
6556	9639.20747641
25937	124912.551075
8540	119064.40916
NA	491.061654837
63932	294658.056529
477	2812.51963144
55622	145236.148347
147948	34065.6066311
23584	583195.611838
23187	108628.902661
8685	87854.6069109
1591	96574.3873174
56981	30486.4804685
57586	42882.6108604
6591	63624.2605668
972	28136234.7126
3082	3688.10465895
54764	84115.073151
23154	290440.181791
25960	45689.4816778
NA	0
55734	53121.0290539
4331	83620.7483512
23034	118061.282467
864	20544.3201575
4361	72170.4162191
58473	223098.411638
1992	721447.869948
64816	110.117984538
11136	1453.5828371
6683	129621.49979
9369	1680.49053137
114879	109058.220618
9716	105909.260191
1373	2029.66508441
732	106.40568898
2273	125555.820863
51507	505504.72526
2554	687.104955943
55655	257493.036436
57210	63858.2098112
9921	648604.634811
55778	40933.8688155
64429	205002.256497
57476	16346.941543
6050	593363.546911
4719	195204.853256
9821	216479.79618
23071	321070.35416
211	485266.249492
330	65855.2565193
11215	202125.168316
51022	58568.0175592
6617	88557.4967748
51071	358075.459272
11171	1307700.07412
1244	931.903482756
50619	103031.102585
51177	49937.5918326
2730	238466.123318
23304	166147.933416
30846	970848.544093
55635	2754.2925157
25901	714487.864858
58528	642422.438125
3298	109833.275345
51230	154126.432164
8630	18787.8632959
10062	40165.2251307
1890	102314.042331
29781	274202.879567
10953	872833.275536
11231	594525.51096
23633	408901.656686
7431	7431183.43833
NA	2488.41229342
355	266602.627445
8635	63296.4745032
960	2087585.33708
3755	694.308373726
56895	5761.92448278
57823	10033.8605241
11119	132705.273562
4285	156483.635432
5583	118275.340823
3645	1309.30521079
3459	1121090.25632
11285	136025.905627
9047	10403.7823529
7444	106420.668863
7133	198393.689646
55591	263687.416673
5452	6164.44262247
65980	84123.1571515
6642	1952174.70374
9519	38264.1530364
56938	17922.7072852
9774	382208.651113
55334	234429.044623
286	430.234096086
3381	15401.8449344
51106	93185.1710341
9135	286779.705667
3149	142884.788617
23279	173531.164504
578	108302.182781
4593	0
22807	81278.2463258
2896	2209618.87477
51306	99168.054664
57514	117371.65473
55166	54289.373672
6301	1586574.0364
8498	230588.745781
5926	114226.296221
7260	104084.663068
10908	299271.603334
8100	74650.425091
56052	91131.6209286
55596	68936.2786356
10061	356056.35274
54480	490851.138671
57554	2080.9458196
2530	117365.983151
55236	79478.8786595
9846	174245.829537
535	251548.779407
8554	115953.042117
9497	28536.8306301
321	10103.521463
5606	366065.975735
79645	50.022588325
9168	33773198.2905
28990	54144.5984885
25897	142622.305017
8504	235754.972956
11345	881192.821346
4653	415.820227055
26751	89181.9864221
84908	267421.6325
7414	794479.503748
55789	195545.671034
23604	786900.423615
8439	167917.065926
159	653713.973404
26228	1930.02560574
7077	1294214.18959
5981	288564.350721
55773	199243.705506
8452	191820.647694
9172	11883.3397325
5009	0
10858	1148.85603437
26009	152153.520323
6570	222.79881731
9099	16829.0515502
846	0
27175	157342.153712
51121	234749.689724
2324	18895.111628
54888	218550.559924
54455	91923.8557597
4238	69747.2193523
84245	71671.0358271
4234	99046.4425612
3224	1844.66569758
175	276594.806384
55300	121894.449742
259282	103317.824064
27430	643932.683479
7092	4362.27959992
23644	154951.470354
7204	62738.9162562
1462	229097.805022
23274	157743.972847
4481	57726.8161133
999	2847963.30395
23517	255286.416416
1767	4476.89261351
9765	68332.4225405
79567	181504.385897
729	245.099071726
26064	109171.517095
11063	418.29606054
11284	164561.328358
54831	109.74343357
23035	41210.7368148
54908	24558.0855331
27067	97331.5707584
54896	156325.803082
1497	129722.939404
65078	127840.746955
79142	480490.507247
1008	0
3631	93872.3543522
5874	15511.4782986
5685	241071.12283
23026	94.5969568553
55341	204315.486617
10039	231670.187339
3371	649409.843155
90326	66605.1009238
140876	2271.24527969
55775	35114.3387339
84883	103315.738226
56918	0
55812	42974.0402147
9440	89138.6225866
54884	641738.661519
822	2990246.14033
1175	501861.745184
7399	56.6431532677
11055	219.736000928
7038	26773807.5286
10863	8912.34979576
8538	79.3391052532
54165	72940.4799815
23338	254748.653446
7546	0
3937	45577.4902516
54802	130960.46992
153	2748.08635861
2981	0
9820	491501.52788
1495	1648726.80784
5256	97126.03812
54875	19631.6957402
2042	35677.6330066
3309	3385600.20211
1829	1084261.54239
54960	145430.151001
8481	197068.397051
2824	16680.9245505
51438	0
80243	11029.5700244
22884	116902.019473
64848	68756.1077761
56474	100553.028481
51606	319590.38576
5431	398296.022299
56204	95277.614929
116984	112993.492243
7175	342696.753051
1356	13054.4146209
23247	99662.6960867
84062	182106.642754
7504	6916.492418
57101	928.476819271
57102	72786.3602006
6322	13576.1231914
55841	291646.49139
395	96523.6435282
27146	964.721346269
4134	500486.37279
57120	262971.372237
6098	258.740819321
57646	94339.5927035
9734	18292.2679468
26262	155630.919465
51491	78327.8227376
57545	38620.2289765
50484	683609.927287
168850	83009.0011006
608	2597.32670149
92017	65360.1700701
55885	1094415.579
55173	355338.41959
2978	992.331910216
51773	123310.510865
55187	223177.103137
10659	130445.683885
23196	742398.606945
23518	70297.380531
1298	42112.6083803
4254	12788.3078328
1161	27797.9868177
11174	1694.76552601
9563	395305.878983
9341	1108077.54018
8863	126743.706344
10911	324.267029846
3604	4082.12291031
55040	32028.2499173
4052	70168.5049498
5954	293797.373759
2006	59168.1504016
5982	188465.361692
57492	163732.714788
81037	588600.813694
23327	139750.419945
50943	23256.8184919
89801	36393.3209906
3074	975043.312534
79810	22962.0402779
340533	2593.35018702
51528	215616.329766
27122	197567.07512
7984	70723.6257213
9603	261609.542803
63933	267992.486382
51474	494020.255313
25875	311803.472827
9498	807.51147171
10319	4206.2053957
5733	4000.90020255
79931	1155.97581699
5601	180941.002654
91522	120411.805135
9564	189548.193641
84067	145190.562613
9709	470524.449858
9454	230896.271696
5888	9056.53542237
10721	1297.4475808
5291	360294.542638
1535	611902.317502
84321	49195.7597039
23593	111318.372649
10198	18825.1738792
54477	119130.718042
5652	1173101.15706
80143	74196.4666766
23223	118072.662948
57600	91832.8972584
6307	403742.221486
55761	196478.18957
60529	101.002130514
23105	18024.8456111
1112	107830.279167
728464	2127.93383763
8574	535273.011858
51154	246031.633741
4826	22836.4493239
55850	169020.687863
23101	3162.45488384
83714	33876.071334
3909	1481.75548297
55745	76371.5281017
29945	56882.7717952
3784	481165.400149
27095	620116.4262
9967	1161769.75524
29085	1092171.68874
954	46099.2443391
4065	125189.316661
51742	153438.08938
23596	52811.9071447
10806	228671.043936
5798	4780.51483245
55733	65107.2873758
23095	166075.092193
2296	11612.2864648
25771	175649.166059
23224	184868.763794
57475	84454.0094262
10079	678696.488311
23626	0
140689	10946.9074986
25884	1296.75781601
23201	326534.930157
84957	21312.3761634
2581	160443.549191
51602	372416.653784
26099	709222.406969
3757	197.639016659
8454	521916.695482
10827	64839.8019191
26999	209100.753565
23118	492355.695867
116254	1152353.21092
5610	144555.953068
57602	141936.15585
58508	153390.646094
55283	35952.3664028
114800	28221.3700308
23369	656124.849735
84545	383680.182535
3700	212.655529276
3697	63.9042969249
54969	227694.392065
51663	386875.559802
55609	18297.6453531
10886	1354.04509432
112885	2119.93868582
7185	38948.6235573
54542	101539.073412
55540	27814.6502439
10758	118492.160668
8908	7486.51282812
131566	327264.730986
6317	0
6646	150807.49944
5318	27005.4858758
4438	711.282609251
2155	3290.22091825
2665	1543275.23881
639	248344.47937
9474	244763.447826
57458	533828.816092
57095	550475.472525
57504	74763.533565
8975	213072.311437
23200	151316.480218
3918	1286366.63835
5218	291060.280029
29927	1838791.95393
4659	124475.624056
5923	33457.1464659
816	126487.868496
9696	47267.5397168
55718	101884.355594
493	322074.816603
9877	286698.972814
55781	88138.2186712
54432	335022.850021
55706	107387.294412
1608	3729.61729431
84256	106025.843799
64718	29138.8585763
6916	19263.0438677
64761	123452.405188
5832	767204.513013
6894	69191.9380141
5188	30749.7236461
4084	36623.4106923
5128	78594.0665804
548645	62320.7751357
6515	208816.042155
5662	18372.1728015
9150	83570.2388718
8531	513613.723122
55359	4155.57100938
65125	338980.053979
NA	2846.87377673
55749	209434.81057
11054	224609.985634
2769	39562.0668124
84699	216.864171193
55650	166226.451342
10076	397155.507849
9410	212641.885569
23504	532.138128923
1301	322809.652581
79832	116819.359385
51660	347480.647911
30	217642.819161
586	109444.70775
51564	200090.378493
11178	26106.8204068
93166	6273.47457709
7478	0
6676	27352.8649209
10787	362280.110763
60488	655741.914421
2983	152286.341989
6433	71730.4561577
10188	61330.3854821
23041	70120.1330868
1001	619690.829782
416	263.5037434
65056	347272.853717
84649	29166.6810158
7771	45202.2593583
1431	518213.738787
4058	4992.2256486
64951	54897.9241722
63916	272248.808829
23063	236014.439281
81671	387328.785457
10513	122050.63293
5424	134251.957032
124925	0
1975	2656755.78468
28968	806.838358508
29998	33807.5267681
56848	69393.7919497
6141	3629039.66481
770	473706.076575
79763	155928.340157
11338	751533.167355
29924	151207.201505
55588	687374.147278
NA	3101.23108474
2928	281.104671081
10838	62614.4335635
8776	155638.404775
2817	138639.60721
57143	46421.6581611
3029	145555.05775
6047	202188.343315
841	51878.1134949
22998	236619.714545
55726	118930.386117
51768	585766.246182
1747	91766.8528341
53340	58466.7472119
10077	7426.03984893
8839	55907.5485028
58524	133451.233504
10402	8681.87842599
9914	6753.96795617
4804	159674.633197
50937	20764.9898983
6873	108266.431446
28996	282387.25449
23534	376079.575358
NA	5564.00913174
8625	430641.125386
54929	165236.684181
9170	83996.1509884
5476	820862.217726
10147	182163.159395
6558	137076.01129
28966	186498.300146
2139	146715.504952
1265	1324599.99154
10347	42583.678816
9627	5668.87384402
11218	60256.8575192
53339	708017.303414
55711	19963.3669533
8537	212.837374952
5449	925.370061271
1117	194498.070827
22904	238580.568327
5378	57831.0427443
10362	280066.835842
10203	47451.6031458
6882	253256.449723
23294	168778.405234
8943	641296.299696
7629	155733.933856
9351	304041.307738
4913	55327.7617202
54887	99411.866852
2773	65761.5899259
3843	521881.329497
4942	560192.158938
10885	76615.3995611
5586	190092.907119
57418	275720.389587
9697	109586.50745
9423	7597.31284864
9340	335.867130963
55388	4951.49333445
1606	35562.0937502
2065	365475.06602
54763	0
91526	12844.9773354
3735	703058.065063
23536	127583.860415
10954	121988.894543
55633	261275.911347
4710	717267.512074
23013	250080.750919
4638	20448.6370045
55854	490163.339383
6416	232447.194048
55248	36173.0777136
9892	1440.77238498
9748	293403.652615
51167	26943.5107372
1308	37416.0553514
119391	16595.7159564
55176	31959.720371
5588	84162.0560217
7089	477208.803122
51665	86448.1460527
83641	50761.8807029
4199	23258.0551205
23216	351402.313854
8621	159366.213329
10797	152882.382974
84679	139358.628323
55810	144637.104306
4904	3125433.738
5141	47537.5660919
5525	431434.231285
1496	77.0752820775
1994	284871.983109
7075	49972.9692652
57609	88002.7732084
6602	247298.878844
9682	307280.722809
4802	157154.188406
84217	44714.7245224
6550	2504.18505406
25791	463008.296936
259266	2973.36679698
8832	17570.3328068
64834	646436.800914
6688	140629.235127
30834	59547.10983
744	3932.20750277
51208	0
27107	109910.978764
4287	16927.4012436
9950	518720.274077
2263	151241.785634
55631	104513.040217
51015	381237.487605
2009	24081.5002155
60487	169802.791815
55623	300817.053333
91283	107565.095573
26153	2707.81688711
55102	71347.534558
10565	318783.946318
348158	0
57623	38891.4945248
9650	65679.2046041
10734	5480.80418114
2235	122501.494143
4649	58598.1167631
8653	50.606679196
5214	883152.520644
3422	164891.817557
6672	126825.993115
1316	460428.387841
8611	283899.403682
4756	233392.443142
23471	1541461.02216
5255	187352.98741
7132	1034713.86719
782	60294.8121595
7813	82033.7204906
9399	48355.2165324
5315	3258461.77366
54505	236893.093711
30836	203988.975056
79091	15866.4753425
7158	152198.066482
7216	26028.8024697
51018	70357.4716711
387	5098426.77422
1659	167198.592423
NA	44379.0021573
5590	71948.8068268
7544	52.538651208
55699	693010.416508
6857	122430.477498
89795	1770.45786026
3421	452725.228731
79641	45256.2492208
57595	6221.01926885
492	0
6093	176554.033749
865	343970.473113
5165	79733.5928267
8692	451640.082339
9759	23134.0438635
11186	86885.6910128
2261	6247.33906156
3430	206489.973996
63897	79992.0067644
80347	466972.027771
79990	186876.54759
4205	162697.294712
55593	624739.792804
7030	617509.056401
4943	130647.439718
2182	277978.252536
3632	123643.123478
27238	293715.007262
56850	222253.409105
24140	307569.423029
55771	8682.96501904
65055	1062.43816278
23250	531621.805174
25885	95304.4642822
9741	4679821.6081
57217	285575.56624
51447	246648.405976
286749	0
55133	90826.8415477
3796	127551.156179
10235	2959.17648982
23198	114950.208151
57560	72686.3415899
22933	199357.093203
27248	913490.623109
5526	102957.999673
5837	1224.25288692
8712	0
5307	744.354920832
57113	91.1714678891
375449	71017.230558
221395	591940.832117
54549	2201.56276557
8756	0
55746	254656.605215
64710	1933168.20291
55737	381854.312317
10294	366573.921955
602	298621.428595
8514	38498.1898769
10060	5491.84161186
51083	223.370096328
29121	25043.6502999
139341	232678.51421
4129	26516.9896437
6095	33758.5099222
1815	4325.24357142
7049	45500.2705123
8399	5203.96281769
54626	16755.8555707
483	865524.545858
4734	47242.3947824
9488	93085.6271093
5597	223058.888774
10681	121003.050454
5873	1173077.5769
27440	73889.5245715
7353	87287.1834759
4040	96746.8893568
2984	6048.15846175
6343	5553.73736773
57661	202849.009302
8518	211928.288153
4925	103949.663505
5217	948043.725995
5774	131230.76965
6710	2535.822174
27071	9577.21389271
2255	1639.48161038
23446	676593.747335
54916	75354.5671011
23293	90905.7454756
10640	119546.965034
8218	12281.0208201
27006	688.106931817
10272	548011.067805
9993	1047144.42674
55658	128080.004319
4335	101041.186677
79364	94570.2291754
23210	64264.2764994
5423	54172.4164451
55808	1684.34527394
55062	132813.94205
22844	197.975882207
57704	279256.801462
3340	422757.618876
440	121236.564068
10947	69587.8286076
1258	358.102237194
10610	57284.7655085
1103	0
26986	5110206.72545
10420	52359.5105391
29105	263482.663101
1459	289035.405313
11099	145504.657935
8891	129483.931829
815	613.813760642
6949	124232.038413
998	1395734.06884
26031	185772.221102
2046	54.1958053802
6559	140.961711275
56852	55389.898153
490	136885.656314
29850	439.74930625
8440	528804.423699
9448	317231.850459
11320	100261.395782
6160	3206327.10937
9948	1449234.43142
23161	93686.7353104
54860	6316.06580156
79658	83964.6510438
6196	1046576.83481
54556	40042.9668274
22846	67392.3589614
29995	22927.1285212
114049	190187.939899
6400	343997.893301
9319	8483.04410775
537	1310520.22159
6929	237558.506066
28951	231773.252088
26528	183046.465201
53615	172266.890606
51052	0
6596	235669.542038
9130	519224.528551
60343	202719.973457
29894	396595.960393
140469	29722.1088594
79901	1888374.93724
28513	84.6098849729
5134	141334.358665
55117	33.0692546665
51109	315114.566484
5566	434201.073805
22859	224825.541872
6694	0
87	535917.960364
23503	67390.7552179
27330	18136.0124083
22905	109204.032418
26469	184367.371853
55679	24252.5877943
55515	0
10290	7425.71498347
84708	152722.719311
224	1048645.9777
7037	95357.8184782
6720	599277.211365
7224	12233.9025185
27125	446123.290204
7321	111287.7749
64398	210935.665826
9886	29811.902342
8243	195987.871242
3028	732072.953375
2011	264428.960964
3161	7082.46646895
55743	19158.6776147
29953	145.798054507
8974	378772.839187
2213	9579.93004655
4775	45736.8408687
51095	79094.3876796
37	1368044.27342
6793	48050.5153821
23291	333909.656819
9744	23438.6597508
1400	43983.5398334
2121	150756.065433
51009	122954.989448
54847	3206.44170536
54820	40022.6753018
10335	19647.8657459
79041	21549.0818388
8907	64174.4105296
5817	166026.377936
7515	392463.648579
949	74123.8991666
54905	104.71731887
4171	196608.517876
54456	422.556934265
56666	75918.4695548
83642	168723.353761
8626	2765.90553946
80216	48463.6084861
3993	238318.862542
5151	61787.9188601
1183	93543.0138269
54475	82654.7043251
6389	226194.530327
6605	129251.478893
54752	836.83321391
55876	20407.8182844
5927	139673.657046
4185	1217.53092338
5523	67028.1300926
10979	159897.291752
8647	56.3737381531
10170	8208.10647308
922	118.233357177
5743	27776.0651194
10644	371025.513753
9175	89854.1293778
6480	126008.463367
30009	3665.86730394
NA	6506.18087183
10129	14226.3460441
8301	668528.738329
4905	224008.296604
2736	1725.19167026
23332	157013.898331
65993	773467.318061
4854	261757.224656
1207	379354.610243
5522	284.130259517
8463	95884.2373232
8726	48424.4464817
54825	542.971438345
6620	289.512587464
7251	431600.599256
55421	75801.3509391
489	61800.2481804
771	44750.3798893
11343	135848.465435
59277	68657.0831369
617	83874.5126432
9891	35220.3134194
54878	131782.012957
9187	51465.6111421
55205	258283.939516
8578	67605.361749
3998	953404.439233
51495	742094.190255
26034	9903.25055352
23140	97128.9933291
50508	0
2023	3892926.54542
6557	0
56005	862663.831499
57719	53363.8741881
51175	31232.7325283
55160	168946.316686
7294	4599.9314192
9671	531.428016276
3785	0
6865	3034.28553006
64431	149950.284703
54962	39314.7585153
6717	320741.955644
8672	358664.068206
79023	82657.1702393
10371	11465.2669228
51512	5818.57511652
10512	26823.6553137
55020	211658.461317
38	265211.987582
23151	330921.540253
9620	132038.83275
7479	412.473189243
27332	222779.170148
55972	68866.2184409
29090	65681.4449918
119	1420.62887746
2249	0
9462	63889.6392453
9605	139938.62861
7587	67874.2501309
4140	133449.249542
5250	1056842.3664
64778	252546.237094
2355	529275.084335
27091	0
27092	266154.060933
285527	42696.5195698
23505	150725.358801
6624	158404.004931
60	29349630.1119
55034	15626.3047806
5337	14384.6937374
479	130.74341523
284403	2881.53137054
1739	188413.823459
7879	3685392.83813
55973	156223.59502
25956	6474.86258064
9733	225603.490085
55843	6750.43297699
113457	3452.59160157
5076	0
23016	184805.817428
22920	198973.486972
23609	242460.082791
4175	158799.974262
25996	207482.377392
10179	80503.885827
5939	380381.135533
11176	305168.806636
25930	403261.265028
4292	251822.589629
7374	424655.529451
2329	39917.3100232
27252	109899.767658
8786	21606.0987299
113235	31675.9201415
5362	131041.304534
10615	15813.8843782
88455	444895.489956
7163	385533.461735
32	28807.8896382
9618	189354.271607
55824	42333.5270108
55094	64831.0800974
3385	8465.34805746
22978	287565.171724
4162	200668.929034
2239	226860.254083
55796	60342.3356382
57662	226551.218443
5909	315609.719947
56949	411740.923551
9138	131606.267269
6813	232208.747491
5609	219888.214555
27231	0
8527	69601.1252974
83992	100013.285917
51412	0
5915	22306.7999904
7155	1013211.044
56889	1055849.50932
4791	218821.994233
29089	42262.0416997
4660	17565.8518723
54431	113539.472312
2975	295630.187255
3566	310088.022087
23032	212727.889946
5063	16050.934967
827	10498.6449423
1641	0
6626	515577.160928
9576	224.117153507
56915	237886.150303
1781	516995.916032
54518	27717.8667637
4034	81704.1949308
143684	37871.6197747
51548	151806.709528
7299	192.560427869
10714	87251.4092684
88	105.020298455
832	1536742.113
7107	323833.433287
10003	1881.43271101
79960	310706.849733
203427	131813.454597
7319	291702.040126
2260	142011.874914
8468	0
27127	2389.68713448
2192	272782.269153
8516	9334.78112446
8530	73688.1134984
4133	244885.821326
9063	39464.1319273
273	3142.87591179
369	503628.480556
56922	165250.44826
27074	63615.9907468
2191	89233.2116933
10529	250781.765686
55331	54209.9802603
3093	394076.806361
5289	66120.9030371
55728	26336.5494359
57103	63397.797767
7289	157194.686464
8871	96413.2069849
108	513.274882086
5527	247786.203366
NA	162435.418709
54715	247.493957943
2782	1481047.81791
3205	575.201964794
1906	7998.69307069
8028	145148.134045
55063	57761.16415
117	2762.7009865
26281	10149.5772443
27334	7730.61231885
9452	109724.706022
4898	438422.764886
7419	353338.637573
5108	382752.275827
57690	32430.8816834
9139	89199.2353584
1620	202634.716067
83737	257143.6817
27039	187.221873131
58476	147457.018889
51150	730115.209744
57644	3441.662561
80341	0
7161	2876.76111048
54472	394147.604541
51619	105789.177173
27098	17440.9880206
862	2359.95003878
1015	2605.31642731
9984	39317.2172765
51661	64958.6348316
114880	3817.47779116
6507	21042.7822591
7520	1769129.59746
56925	156581.843457
11262	5826.3500583
8569	54873.7566259
7145	462933.987521
57455	110701.171418
56681	430405.810142
8556	57754.7699252
10411	175531.759835
634	41475.5082918
29843	63643.9236937
51207	26555.4835916
23152	376724.701856
3991	67658.9137342
2222	258451.482084
5050	307366.067717
4983	26093.3428432
173	0
3835	282232.675284
10590	391.87736198
55604	112732.147266
5236	605540.493169
1653	768188.001513
1785	207628.012771
2037	79035.1281602
22999	113.536567574
26002	56507.1904371
8417	101164.694204
11158	74400.8879627
9817	557985.746348
55510	620.693534507
5794	467.925385955
1638	1231.89659383
51006	236132.44589
131544	202939.979365
285220	1015.48001192
6344	5085.48380432
5991	21787.0340174
55183	72043.8033358
23011	170397.006011
8671	10384.3985699
6595	420382.213406
50700	290.236007223
27244	194778.200577
11043	102106.892274
139212	300.757250364
50509	141146.736573
10847	299708.3459
9933	196841.287326
1361	493.007003781
1136	365.642550128
3781	1235.66436267
4850	78994.9510547
5663	266297.036727
1371	73743.81549
56650	169987.340702
5891	12792.7010387
3320	4069430.3041
5933	29847.707195
22839	324081.062391
22997	8580.70420451
3080	0
114819	7501.40584763
10403	9276.06372252
23431	48179.8279524
54665	110846.468539
260425	132197.9597
2920	32329.0986086
174	0
1286	163370.563329
6932	86453.5278922
28962	159559.656791
1005	39.9643717626
50939	383.134506117
57092	1164707.27275
55218	103949.302692
384	271526.767634
4208	56502.0650707
5788	57895.8425521
779	0
5317	3740.21735923
79876	124114.85622
9262	115490.487039
8555	73136.5193054
22869	54633.4358221
4036	61933.6864875
440515	75580.5400816
65094	75034.7519416
11266	117339.024496
65985	43032.1227579
9812	261232.565112
6561	0
93664	119929.096437
56131	6149.24735775
56142	10984.5786813
56113	47245.2336404
51668	94311.0514875
23239	54569.5442069
5205	270693.529394
3595	700.557600065
6604	303509.167633
55100	83991.4719366
2533	33274.8207432
58538	0
55437	338300.280685
9689	259852.497343
5241	34926.9339829
114899	28420.9714288
4200	75704.4031484
55322	125841.101249
905	98968.1293445
57579	23007.8160417
1310	784.721640256
23136	28861.3565002
22837	74598.4343711
1741	229558.0517
3776	5124.37279812
56256	29797.6607376
7188	10331.6716025
29093	72223.1391774
25929	118738.423567
4986	101.213358392
4779	1526980.98658
54437	7838.050938
2932	325962.424733
3693	647378.301983
23085	131300.33525
7514	267860.962799
NA	1247.34160321
11342	458618.442896
80036	43.7496673202
79728	81480.4421323
23033	79092.360241
57226	150727.845276
594	113984.042769
7994	164791.04356
79670	95812.3498027
9706	52689.2908316
79977	182422.597977
3842	242618.679147
5351	524268.930038
5026	1247.46068117
3682	32279.1096091
22894	135234.255459
10464	161884.234167
81550	76153.6646288
NA	0
26747	55298.8110756
23047	81606.5030251
5019	302012.987182
10325	195008.241895
1833	101190.984913
1540	165365.258669
10998	14690.9329398
25799	45679.6579409
79891	91340.1557551
55659	63382.6821561
54807	47729.0043304
55663	50608.7762431
9422	79569.804024
6193	4140319.43329
2195	128775.06289
91746	291785.12953
25978	671354.430217
64744	230321.575504
10450	128766.453622
10269	367122.385645
56910	1020544.26725
84273	246845.214212
5978	178499.52261
3034	282.142562405
54434	132116.720248
2950	5888292.35238
334	10561751.1724
57613	40398.255559
6579	50.4133897963
51729	453682.947109
8668	2908524.68503
79570	97.2149732932
1307	350249.323556
200081	693545.983591
338	19.5832968186
8648	127985.657534
60509	222444.144197
22979	56590.1843516
3797	91472.5487401
10890	925604.831555
2646	9968.58281135
3030	1365499.9069
22924	109050.327167
790	187806.45798
966	3606202.18124
3732	392379.823383
63035	101393.709559
546	139995.39138
102157402	217987.310936
2219	6179.56219114
55892	53008.4916208
2122	99175.5375514
9522	452121.023414
5550	234960.166186
57531	35236.765683
81929	92896.4710319
22911	69263.4155809
57590	412303.294557
5016	3506.74518194
29957	168561.187689
4216	79215.9091951
29992	34162.4853208
57549	37809.1296124
5243	7752.16576131
7760	96358.0390711
231	627731.000764
8895	452264.434698
54700	282206.295667
2017	1640367.11337
7481	2781.66009172
4528	212578.950596
23259	105896.990924
22996	107815.081317
2060	329488.905802
4998	6622.56604889
4258	168643.720748
10523	172670.602028
55054	163510.456656
55230	88492.9648093
55624	399028.0806
8438	7322.81168847
23139	177244.185615
3301	1678466.72384
2683	1811608.50539
51510	964940.12408
4799	250807.707573
363	169.84663203
27292	192369.722949
51194	88654.820991
2346	17921.0108665
27102	665312.862772
51314	1428.68942301
54749	544464.6098
29887	28559.3716113
22929	358196.470316
10573	406581.891645
3049	0
80271	336275.926407
4680	24261.8567932
2196	8050.05114304
55696	337291.934945
10959	2049271.91482
56605	50590.5560459
54469	537709.4308
3294	121.625602189
55787	203722.542788
5475	5372.83607735
7462	31561.7768673
10075	470357.274878
9183	145190.562613
79796	23772.6217582
4606	8849.26298561
50507	25198.7557817
8310	156591.381623
8898	108768.350878
23645	317419.52292
51171	944362.035671
7205	708219.224462
43	2179.22045198
2512	35949381.7412
51593	401141.144657
581	546078.150069
51701	134541.42494
94005	292562.61949
9509	88772.6869108
28983	10729.7048143
56970	297009.3305
9489	124925.293753
5705	654295.288178
51720	107475.942952
1071	16573.311224
4313	893570.946877
4504	2213.02980576
54947	315597.714405
2775	48530.0158333
55239	184151.447311
6452	68479.0540161
8602	431714.165826
118	532926.690453
79944	38793.4662136
57544	43198.7113916
51637	344319.515182
22795	432391.66926
64395	167668.256378
10992	833848.893237
57542	83967.4626082
2778	3274112.58809
10059	171269.834228
5744	15563.8091993
116154	6050.59932794
51290	188353.977383
7022	129294.491033
6790	15371.9516428
57091	4468.28324476
8544	23119.5163397
28971	124641.20352
5990	18711.6053863
339175	79263.5442006
6820	97033.8061974
29929	43469.1745037
4849	138622.625239
51206	1181.72119034
5775	62281.0069964
8886	225432.80579
8570	803241.411925
2767	461530.141521
55616	358260.915126
111089941	350606.079808
55741	350606.079808
1789	14048.6764689
28954	7150.52620679
22974	35763.9998892
NA	2081.69991615
81572	161904.190942
2036	340779.376252
6564	1662.48735817
23348	706493.425364
55608	225788.348083
23483	165211.045755
1795	208059.485842
51161	104512.172226
57017	234910.540251
55287	244.5657989
64147	35391.7508182
79822	4656.8257698
54675	196345.226387
140850	0
23368	167264.15828
8455	371626.798217
54498	58352.2152526
6614	17122.3970619
2280	1361196.73758
55968	256056.484487
83959	163797.43942
25943	138713.849775
79175	44404.6088544
57593	33827.0183544
56265	172334.09314
57506	260457.388509
9762	284568.12031
2160	0
22803	773138.689832
55857	78018.6660634
8655	874875.023553
54997	291436.50834
27131	1096971.02054
6128	2758065.6549
55423	8030.16492599
8550	58528.1962384
5027	12880.230221
51575	190517.467111
10741	673193.849237
51433	205112.350402
9962	380876.480554
80024	80661.4236741
29058	824792.799481
55184	18074.7882752
84678	39327.1068079
26074	793.174338232
64211	185.843920145
55617	85165.1355226
4938	35864.739744
10985	338868.215953
6175	6994113.54058
5829	592533.394223
23409	10217.9937682
22895	28.0047377015
55614	88409.0304831
51605	117736.62678
1114	285514.760173
5037	11371846.8974
6910	665.553805241
8315	161550.062626
10961	1578776.65295
4842	88.5780905138
2521	654352.954756
3476	2243825.79472
53827	783437.215572
55900	115586.922462
57655	287595.577577
5349	696.775345475
9843	29679.0493519
29965	293987.076407
113540	33101.4661521
23415	962.0169796
23193	2239695.12004
51291	100624.047672
55285	41979.3726356
332	9895.03179017
3902	10547.2201898
8079	1174503.71544
78990	4097.56997028
57062	929549.120762
7597	25787.3826148
25977	226224.717776
393	49697.8449089
170961	19146.721489
55760	352237.89481
23186	108155.498109
55668	27562.8966366
8425	417772.055473
645	550939.324079
6548	228309.364779
10558	447558.442873
10914	235357.473188
8812	30557.1378736
57060	130852.699132
5996	49160.95319
83719	288372.830742
51650	138789.154304
4708	467404.56361
10726	985730.045194
10296	160200.11758
3383	1184325.60923
29888	266515.224606
11213	6298.75091706
4069	713606.67679
6476	0
79594	341120.403056
7023	34991.903739
10081	182700.720224
51324	623546.818854
26998	143.468935389
51726	180008.034333
55214	20153.1235884
7066	454.905157013
8646	3903.91542979
2323	13978.2902867
9727	251354.122644
84572	404140.868825
10795	58838.4883752
2802	238663.008231
8761	648069.70089
30835	20727.4086668
79603	646722.1907
57192	110984.899227
84196	165722.406942
1947	279340.684135
55066	64535.3526262
16	1144481.23344
2734	568168.299023
24137	8519.89623984
27327	86080.0780101
64857	140740.156238
10683	1220.08876146
57106	238829.413675
57605	22061.4848988
55763	201805.921328
54439	106873.320793
5459	245.669310683
114882	169089.074442
113878	51660.4262849
58484	10176.1597417
54517	47488.2500654
22798	331.10732637
4897	239839.994436
3912	929362.294154
5172	64284.3732399
1811	343.443081285
1738	282325.638265
23335	53491.2599102
9352	234402.18287
3568	43.9971401859
368	41987.9044679
54918	1050122.90449
3655	187660.969035
11069	8838.92610103
51776	93707.3085466
23676	1675.27572246
2271	433267.075735
23231	644972.578051
7018	271.225802897
55573	1110789.25966
51168	1898.11434677
54890	874238.346921
350	0
22861	93521.403932
83394	57506.9039591
9552	520655.101255
23594	6132.43963696
79776	2887.70673394
57084	0
1357	99.4115457812
51530	104926.823064
2099	23756.3250883
26575	1543.99382954
285	32316.9547485
84336	314827.208731
4345	365913.226673
151887	454710.494311
1215	309.905149655
5720	2332831.63377
55012	85618.4575805
54930	317028.940185
84502	1149.04911056
4625	143.115389466
1053	934.30220472
23428	464726.127303
55644	153866.830103
51310	269882.03691
55072	93490.8319679
23256	205798.949959
55632	27224.212888
25831	403716.945466
3183	1236215.50042
57096	1114.80870745
11198	502715.470607
9878	301601.60588
8487	49773.0680681
7051	30243.1747559
26277	478507.835044
1618	0
90665	0
57556	6493.55382262
54822	86998.9668137
7301	18412.4715311
79968	39733.3663258
825	3854.34163221
8773	195244.39386
6913	7171.78816903
26227	329687.428375
1299	31496.5244502
7430	3098267.55336
4637	2949299.46499
26523	99445.2821377
27285	29214.2790294
63967	7459.43012503
117584	113259.555422
201294	20302.705092
79157	101437.220153
1808	160590.80947
7042	75371.6879108
55105	38101.6329829
10762	112584.651221
8318	12957.9771271
1312	399322.956424
51816	215933.412604
NA	0
55350	0
55862	269975.688636
9209	69376.0993472
9117	148980.927834
9942	9673.93604536
10013	131524.912271
126370	0
2568	816.91292533
3881	0
990	10889.292196
139596	126225.848417
8697	148523.217364
8086	154453.566125
23468	330038.228366
2327	5026.6327175
51430	184440.202925
4436	245216.398368
4214	475162.271529
1725	302166.387129
29911	213417.926154
120400	0
372	1385375.88306
54566	221756.978105
55151	126490.558872
5711	197868.005006
5742	37864.8962947
23511	268388.573895
1384	325199.372164
10044	39702.2487164
54187	125426.71114
55357	1130522.11508
25861	33586.1243721
5146	701.827492995
55280	132693.608291
57715	63018.1768054
9044	103330.02847
64376	96460.2075895
29760	219593.277737
7093	641.253865057
1592	13385.6709812
56165	55.2475504617
10580	9662.3722231
55118	48056.3190637
25805	6776.39618075
3589	761.013806285
53904	7412.02432492
51322	305009.777253
1390	52736.3510458
10101	145627.620297
23430	1326.80670796
284422	387.691755977
3096	86699.0917655
54209	162825.580721
83795	0
10321	0
2289	307949.347237
6732	141111.688469
27154	299558.450975
55168	278168.834914
5225	0
28978	350682.044377
114327	52140.481296
9436	238.212571966
3326	12594355.5951
4295	0
988	226906.876462
3710	1998893.05068
7738	70967.5844164
1832	1500326.45579
23411	171319.121343
3189	617350.380321
80173	109424.578481
3717	34280.4089843
3594	6080.57265482
25	604544.261028
11332	104492.141086
51100	386935.697893
8317	19919.312498
84144	16970.0332058
5125	31632.2296194
6319	188893.950912
11018	270612.945519
3983	985048.321165
79956	490996.761681
22931	561023.986599
8829	162655.770024
NA	10412.0722193
56952	29175.2611864
54873	12821.291798
23555	111718.815375
55506	333791.636877
387680	211298.845532
23031	134342.006104
7593	68483.2484842
79629	169998.16276
4650	156457.864014
9424	27677.7600313
57828	8499.73043374
5714	901911.617291
54620	111335.067368
112755	16860.146694
80270	85659.5223114
9739	154045.441197
9274	264697.11938
4113	0
1943	1835.91859996
1153	1399602.36755
513	419697.519661
255057	13167.182874
83259	0
266	0
NA	75.6792090766
3483	5898.55861654
4670	772142.756927
51257	385908.128968
4713	2132195.87055
9524	333870.105714
26517	444475.924067
997	526390.475977
4507	59339.7017892
126353	64398.6452306
283638	575962.229075
5434	573062.524831
5442	199651.191291
610	1789.3203139
53841	149.951523484
113177	3354.58339612
8045	111631.267242
4616	253574.163142
5064	413450.903469
8174	766.755140169
NA	607.280150352
2872	943724.752509
421	230558.790587
27037	165377.28984
5902	200477.319472
29801	144247.426516
84861	188441.474937
51586	241116.542578
3053	341.223413898
9342	155127.893671
1399	338423.523598
8216	112025.010592
4320	292120.270297
27443	134.948008749
6598	858268.759084
9127	245.565433596
91319	42073.1345824
6545	21478.9471459
23786	220078.725423
100037417	9021.54952161
1652	263877.428686
100037417	263877.428686
2953	520.863004891
5008	19093.1771081
23523	249954.183315
83874	78951.3602859
56241	145493.100251
10291	688078.011539
2687	374032.377687
200312	32143.0914219
23541	170686.850217
266629	79.2741264611
23384	149710.421744
23759	146412.386715
51733	85.49422206
29799	21749.3183121
6634	746042.073303
23481	377680.256577
5594	516543.347759
2678	119715.087261
5625	19488.8881904
9647	46424.1172137
339665	12390.1546833
8940	1268.03984815
1417	1339.7053067
27128	23707.4672925
8220	71059.4491018
NA	23600.5172484
4242	39042.0382044
29775	62936.461147
91355	56609.9756754
6576	594616.311772
157	64019.3150425
50487	3122.37769061
3957	16482.9865769
26088	161167.878235
7290	240802.212476
23616	50357.8288481
23544	284.3289798
3956	4723779.57853
89781	83273.8303841
113791	534591.269964
NA	71.6106350744
402055	96076.5519679
23598	325983.799635
11078	63139.7429505
24144	129806.132138
23464	174587.511127
91227	945.097234262
1414	6324.0898416
129138	104516.495931
51386	1886936.567
4809	1148676.70292
85377	151272.606959
5435	1154.59691939
6663	0
79879	50302.2421653
9681	46731.6622955
9463	141237.765324
23331	96357.3903877
23539	5008.84373973
79019	18128.4054557
55964	35796.0148842
6523	492.17139869
NA	1105.66441192
6527	1001.31422492
11015	285413.485448
107987478	2496.1128243
1565	2496.1128243
107987479	2496.1128243
10521	1157457.13147
11144	1977.62400836
6942	232097.155338
150274	185708.859157
25776	224464.115114
56993	608594.307185
27156	7390.65261251
7494	0
51493	784068.438537
9929	353746.770676
25793	571833.737978
9567	248953.986984
84271	723407.005942
9609	219111.542994
7078	38545.0505135
9701	307264.380031
6305	376040.635211
25777	439621.54018
1727	757577.276814
10126	296953.537526
25770	0
55586	10832.7034467
91289	506312.865695
25807	120815.504656
11252	466154.924204
25809	130165.124173
10633	777.806585429
162	489253.95954
10042	120146.036661
10043	291815.472464
4744	6140.75866195
1120	16628.9091904
638	25899.6806341
3162	255849.31574
27349	150540.968606
8563	83008.1612098
4174	114917.796083
164668	33889.4039034
410	481822.706081
706	979512.414167
23551	325444.731204
23170	146384.253955
23492	260646.347091
5155	66785.3425475
49	3102.66379553
164633	11226.7633564
6122	14476836.6534
55954	88203.2667877
23543	253612.274938
9145	25726.2725643
10454	166565.115817
84164	329252.306133
8897	32108.1825834
54471	145632.572268
80832	30650.2352878
150379	58669.7713705
8542	590004.275468
80339	2335.98677472
4627	3106744.19401
8911	23059.3610378
25813	142731.23529
25828	868027.090434
80020	99345.0218635
9402	6473.76337339
8664	1444485.5679
23112	57326.9668165
27352	233400.678013
11020	59062.4114115
5816	276.553452597
23313	76834.0515996
4689	60915.6538992
1439	31651.5426497
10478	135909.140336
7380	552.58063792
55007	30500.7201559
79734	161033.323214
6767	2187066.32875
3560	55419.5466656
9978	314047.37476
2033	434405.31608
83746	134454.878477
150356	33406.6781234
5905	324914.108706
23264	379109.457648
84844	284032.711963
50	676262.501735
171568	143120.815436
55687	29868.7617486
5372	101593.396429
27351	144314.513362
64781	484850.623227
23774	152536.956893
9889	69846.4972619
23209	405.465848583
83933	15835.7713212
54207	105.490842296
63874	247715.790366
23351	189445.153314
2287	387431.580873
56948	59219.3840411
1511	211.339974692
2999	53740.3554573
3002	13994.2710953
55147	133614.250461
10419	329746.31959
1690	1764.2598053
11154	33488.505789
5427	12578.268707
79609	62456.6702434
6655	238775.485647
8814	3683.48150393
51199	51336.1062577
5836	120679.442206
114088	1785.46248043
5706	174220.91301
64841	118209.527655
80821	23044.0661125
1033	6800.86513331
10175	352589.255611
10668	79721.1984902
51382	593057.852086
55195	0
26499	343638.798849
5283	137669.542046
145497	0
5684	421839.332608
10490	348968.99088
26520	369751.966122
2954	56795.0814706
9786	44823.1666199
283578	148958.354706
161394	25752.4545308
10598	512008.510492
23002	58824.406436
145501	2530.55446821
9517	231307.638087
79890	34713.3027739
5641	382731.111193
8846	99550.4912434
22938	701236.985385
1113	187.221873131
3705	350229.689736
51635	585232.403244
5494	152903.046125
51804	37071.7867893
57452	7607.65214212
51676	2477.45801285
145508	15507.5877515
2079	1354911.1009
3091	1725656.49861
9766	815159.090131
6430	639358.852352
6554	566.873841341
1983	398578.395755
5267	0
6547	68.7780969273
23405	115051.770049
79038	206347.111872
4522	193762.89864
8115	649.331675373
79882	71927.3645745
9894	140292.650263
22990	102445.557611
623	631.721084612
51527	128563.747582
7443	66563.3118687
5700	55945.852239
89932	343335.417969
9252	3110.55306183
55671	245438.850264
60686	74528.6460929
5693	1034842.65024
7528	410030.137032
22985	449851.681704
57820	225913.35911
9321	189677.219766
328	1736897.91818
8106	397888.069164
10278	91321.5895832
394	324678.528519
51550	84658.2696676
10202	2805.42908173
6729	344543.938234
9362	435.862262682
57680	217229.188558
5106	298768.834979
9692	20337.4921564
80344	449702.044958
5687	55523.2277563
4792	288667.962246
51016	167682.299643
5721	442705.562497
84312	74663.0452854
9985	36108.787164
10548	61016.1696956
10484	186369.820003
51292	646018.228595
5411	419086.113366
5875	276455.937275
4776	150680.166676
5360	287867.002931
63935	453658.489831
2937	688937.529154
4318	48106.8045646
30813	1131.64896815
26133	817135.726847
5834	1774609.0134
26090	1335126.51511
10544	134419.749363
9837	18273.7384607
22981	66795.3919879
958	203852.835834
55245	117060.15871
23613	153816.310137
10110	4912.71222377
51098	357664.556682
4605	12547.9780437
140902	0
3172	39.7183867086
57446	348761.320662
84174	16114.7305621
55969	156771.35238
4773	68337.3393908
140730	30399.0997404
80336	62748.8908245
6789	98073.6252144
57167	6649.94943268
23394	465651.416036
5203	121739.529969
55816	108614.138238
1477	140471.869328
655	547532.959638
8480	94925.6146344
7165	527189.592924
80331	551652.737238
51497	192035.151885
1522	1450053.34221
24148	1311961.76585
81027	332.243850374
51012	420013.814319
11255	0
26164	79047.8855004
5688	1358651.80192
28231	41503.4982736
4923	137.069211813
55257	117781.340977
10732	95835.9126913
11083	140456.919544
54994	489978.882658
63910	20196.7672681
79444	36251.164801
128414	53004.3508191
55738	218148.106779
551	0
57642	105.843311546
1137	54.5316667093
1917	2895.12587464
5753	1576.55174877
26205	171070.07866
54976	223767.81534
25876	14783.0391025
994	546770.023231
140862	359252.853732
11237	258684.593952
10139	105309.321146
79133	20077.6197157
80343	74.7634205013
57761	287675.185796
9770	39934.3377634
1457	347285.645385
113278	2950.17108358
NA	10390.2850834
51378	2732.41435201
343637	493647.912886
8760	169350.330831
128674	0
81502	316921.960073
9751	46365.1240495
85366	1073.31733115
10326	1048.82363405
10483	517063.890228
55612	9157.38200473
54363	0
5173	203.990955551
140706	11785.859354
5332	91364.8438938
10398	3266247.24728
3055	81704.9091033
9777	490725.33277
140711	10350.4435549
51340	192654.873974
23509	284145.116002
25939	223347.9278
57144	58.9127866153
9371	408141.781451
140699	17297.0706363
10528	306895.946539
63905	635146.588332
3420	445922.242168
22919	1215327.48484
182	102827.71976
51654	129326.737182
6640	890237.608509
5020	1132.09015683
9675	151057.83027
1869	66823.6229048
58490	153858.262686
11264	80218.8640545
128866	2602492.32038
671	0
128821	0
140679	0
1471	1600121.81076
434	6718.32937543
1472	12373.0972134
79913	55132.7906376
10406	2037710.67471
191	1331025.34776
26051	9709.61887477
10816	0
81610	11732.5707162
57119	93.1007134424
60625	47238.4710815
116092	340808.436936
84557	103990.062439
79953	14279.3668886
128869	216953.88321
7125	53700.6190488
10005	96839.6584248
57136	3392512.98299
56853	16003.8587082
9658	128987.599742
28316	6274.31904472
22850	132748.472995
79863	69903.6776473
9097	305077.213576
9218	425794.545577
64863	35359.1272332
9663	293242.233372
23347	110849.01103
8736	5035.51084208
10627	2034368.10506
79959	29613.4047812
29906	55.1740690152
55125	68042.0372211
8731	239391.829964
4092	205752.173238
9388	134206.041708
284217	89060.9449095
54941	45020.6753771
23253	89636.0933405
8715	255.30255427
11201	32959.5301044
57534	292841.246391
5932	323349.16498
8780	398291.554658
1478	144061.966562
286436	0
25878	730385.773163
340547	1926.11518458
5716	358400.453462
115201	131450.287299
412	90707.9208844
6907	190535.425156
4935	30836.9336524
10857	1638633.24913
5422	63062.5675998
4281	23274.2268202
79576	71877.9729786
158800	2643.26121793
55916	78944.9991234
2986	0
23439	121.676566196
NA	23932.5103209
79868	53202.9519028
5634	410618.704998
51311	4869.70414463
56180	127007.819258
9949	40464.4048045
91851	7111.37449535
64743	234323.277358
6839	36556.2936746
9506	0
8406	68686.0235816
2742	0
331	296719.638431
10735	466730.82043
286410	62608.1621422
4168	813.718125135
2158	0
215	68462.1693778
28952	287264.952579
778	1592.73711874
6855	2338.63993471
5355	1695744.03778
660	3932.45999951
51213	0
5358	1753775.896
8260	97365.244435
5973	272311.711503
2000	130994.45107
6594	574372.933923
55613	7306.49847803
140462	24823.1008446
340554	5415.20555411
5931	371108.020836
80316	476.816297581
3750	11801.2649481
5956	0
9016	35320.5356707
2332	327916.512548
11040	114743.139306
10389	4283.51885893
7355	270463.611672
10084	532085.645647
6247	1499.81642872
27344	160849.412727
2010	827729.959929
6901	77131.5253197
282808	678.064507243
5230	986062.443337
2623	580.762250454
84061	651715.104582
6611	792498.487598
5251	186764.552033
8266	604169.398191
83692	177897.496017
8411	91319.8573127
9248	0
6102	86052.9918829
9767	93835.4424521
5127	542483.929225
8237	689827.39504
9468	731.833618934
680	102.499514729
27336	709655.913182
51442	13755.8871782
959	5273.84542239
7076	10647810.4231
56062	798.573049782
2564	9727.70727456
27328	24.9361206721
2245	114658.091084
5303	111634.927724
64840	116460.955934
347365	52.8253820678
10916	1822487.25261
5935	1556508.20783
11279	23238.2146324
27286	61313.5821847
94121	70953.384799
158866	28782.6452571
2491	2620.88958201
1821	851.245511841
54457	534.968911619
51260	470267.517541
2717	96043.7329443
51566	2212965.8529
56271	1942798.4169
80183	37956.4517496
259232	35036.4892465
2259	3461.18936966
3356	1135.91478574
54602	238447.924607
10673	15283.2171172
22862	449000.588929
2862	703.101998128
81602	52543.7241868
81617	54236.186993
688	616043.594464
8428	160927.454761
54	314115.190189
5611	462656.960029
55757	85645.055183
8874	69091.3622226
2254	2367.06358964
6445	715.224446372
143	949565.383513
55578	82017.4622428
10240	154350.4192
10166	59277.5840828
3839	270715.170613
2321	113352.759561
28984	239170.500429
23078	105683.055926
160851	19430.7072643
84056	36078.1977919
26512	40149.5248216
730249	0
79758	103631.051216
84935	423951.550142
8848	2131930.46715
1203	182982.710951
10562	100.235113989
10232	2637.83005505
23295	331271.470584
23361	198548.750319
8717	153391.821507
3299	15722.3691645
11151	134609.029103
5595	513093.713504
79153	5835.26322508
79767	645830.176378
84560	0
5257	167665.501675
57149	253447.038328
10204	347264.513814
9688	117132.903603
80152	34233.41303
55815	527.691556747
10725	98033.0644705
83752	434128.093816
9683	184771.150993
869	17015.3936139
23568	49317.6296209
51090	33200.6859921
23090	10005.3516528
6367	23000.4851665
1723	21691.5245979
6361	46367.3087056
10664	362824.498249
65057	99917.0548795
5432	471758.777304
50855	23808.1298909
55565	38324.8457457
4324	473257.493524
79650	198681.822524
80777	215209.305615
29070	45073.5001196
221191	0
4832	479078.617675
65009	17879.795624
5713	373998.171871
79918	61072.6746243
55238	89594.0619531
55697	248732.69656
3038	64346.1294698
79613	51078.8848732
25839	339465.607113
55512	3809.07420755
84138	22913.1457239
9057	16455.4406757
23659	147402.246811
80004	162233.423909
79152	8590.10952943
79726	98683.9697491
22879	209859.133573
56942	23378.6227884
8312	179340.49994
54985	878033.088352
8131	171530.929473
23417	17698.4968968
4350	661880.156598
54550	115.230605249
83693	198892.06425
9013	93253.1101455
51172	64440.8879287
58189	1718.81827112
9717	1479.47771074
23406	216819.624559
9100	381614.38452
83716	63216.6818761
7249	244295.100047
26048	52596.4884208
NA	0
4833	359613.682331
4363	189945.673333
408050	26953.4329435
64788	56221.0025035
2294	8754.37977078
64428	62621.3832578
64779	46034.4840808
1186	314594.454674
84264	12589.1203575
65990	80334.2478527
8140	81147.6021182
79006	68033.4976493
79791	145147.922213
10273	485347.727009
9028	12638.6689324
4682	252950.923919
7329	380054.56084
7783	0
4210	361.545289762
1428	153.559558555
29904	147942.30395
6650	71842.9985989
9780	172115.353267
2935	473562.433707
7727	97231.2321257
23059	90972.183756
56061	299208.118475
260429	0
124454	156947.704158
6923	2228829.59416
23062	668818.536272
343	2247.84826002
55313	100585.442205
57478	32380.0206211
3163	224159.223481
9093	202745.243282
100529144	304.462516621
51283	361244.412774
6299	437982.97987
27324	115.436742289
NA	2604.87126432
5934	394355.022661
23475	68170.1982617
64131	25913.6918369
29108	108215.48255
23322	20959.2972086
4150	245133.381399
6810	257269.986622
10423	593338.154824
10295	347887.534483
84148	252123.713481
23420	182492.485815
50615	7276.7905901
51760	53045.2121833
79838	7358.32039524
9738	35388.5891126
57020	188463.801865
6530	0
9810	273642.921473
400506	49538.0247134
366	6552.64981192
79719	324548.066912
64799	7394.34210271
114294	67697.1102619
10391	5156.84339447
1445	261787.797798
8925	99308.1992801
9325	199793.329223
123263	76064.2865906
51285	26944.7154029
8120	23385.080466
23205	176.416236468
57722	35418.7178761
8766	909114.719581
1512	2226748.13306
NA	165.459330614
64927	93188.3474419
80381	384432.752759
2184	144059.955089
57214	40388.9243853
26015	80240.1434597
9455	132327.578483
30844	200786.441203
25963	654330.933556
64397	205250.551244
22995	6114.78373396
79895	4705.55916029
4948	8097.92771169
56986	21084.605718
9333	563.534204765
23359	5289.17829539
2553	55471.0660505
7082	381761.603605
90427	179282.490203
23312	67027.2069311
29106	87.5961162072
55192	62931.3727196
8669	405806.486428
80208	310567.917363
171177	58246.5365558
57617	460636.692352
11339	5873.40463647
7782	39350.5451503
26258	313655.948241
50804	48118.1775008
23678	176781.051266
56260	176781.051266
100533105	176781.051266
5157	459498.899695
79848	38240.6806428
51201	553470.305054
55290	72279.6496489
23087	147469.262003
79752	227467.511717
107984125	3149.20375246
6101	3149.20375246
760	45957.6345154
7976	27401.5988917
55756	83710.2774864
8767	117195.84714
2138	617.832181334
4683	240097.454094
8989	45.5356947196
10404	706423.275429
1666	273821.038245
793	162.724082503
54928	426088.606585
6422	11527.4170695
55353	771957.830248
55284	99317.3727536
10940	26751.9297148
79815	110831.302842
3551	75948.8869379
5327	42692.7825394
56704	68847.7862004
27121	0
6788	53900.7464095
54332	70445.3716925
5862	687228.4819
3646	1401227.95432
9694	215577.841447
54845	523460.375076
8840	44342.7992997
10397	283168.15622
51101	141752.661227
3574	3852.34393727
11075	23481.2848935
55156	224427.855919
7227	43300.1479181
6674	25677.6187886
54108	224141.504719
83988	9315.88290332
64089	82075.1857203
2765	0
51366	226645.963465
79792	305876.443285
7264	462509.307409
65263	88439.1343169
1936	351951.819617
312	76.2956188195
6713	44923.0730316
63898	372007.063514
55174	221220.618476
90459	62715.0464664
23516	467278.529229
66036	48550.7742315
23484	256902.393763
10671	379222.527955
203069	242683.541159
2936	544161.849128
8797	136974.085502
7993	97034.4139319
5516	767683.847228
157697	31020.5623186
4741	927.946987714
7991	396574.453874
9639	43158.9441127
54758	62794.236349
4173	156381.980541
2515	0
54793	142573.621147
2267	87.9676235162
427	2997922.102
665	559322.455278
4125	264714.762279
3783	384408.458266
7288	648.172154524
4924	2055089.9904
27294	109598.056515
2997	259127.198183
11184	17923.8539224
114336	338.045547412
1891	935999.476208
3191	558028.997137
4793	160184.424501
3972	1665.66611029
1082	0
10382	335.119590568
54938	37746.8500759
3743	66.4183726502
6625	576174.675034
1209	650678.073108
5971	167244.219735
11129	116953.339019
64130	32798.3244694
284352	124014.232313
2217	446601.021257
55011	302411.324951
1158	876.225483485
23370	37165.0582087
10848	199088.808035
92960	63978.9245895
2068	92381.7161187
84444	32922.9132399
55111	113719.611448
57030	48.2922210588
10535	142698.326374
147700	59522.5678147
951	42360.3323751
8175	362837.423864
268	3255.1421073
27120	198.755048068
4066	12661.6970282
4946	2028949.37557
55621	152441.458725
8677	257397.968464
56729	11168.5048164
2208	118.474551296
1760	49905.3492296
10332	285.667609667
81492	14251.1349248
79735	280222.37564
259307	25491.9052579
79816	25762.1808799
81576	105720.857204
53635	397143.189383
166	2217595.38065
4858	5216.42739928
6449	453944.921362
NA	0
10859	12500.1961328
81857	198901.581201
11024	3890.80534212
6618	282540.834846
28974	1934719.89908
10469	140259.786551
729440	99636.1820717
9466	204894.176814
55723	56715.0635209
7138	1203.7909383
51231	69512.4273843
26017	721040.066284
22870	404451.547502
84167	36190.9070346
9441	31707.6575764
93145	46925.5898367
64926	22394.271781
10270	157965.709882
79852	51394.8894207
10994	344888.998066
79744	34883.4468617
85360	49361.1294837
23581	0
6511	151.912699569
6795	9838.37487935
10775	85647.8554632
898	22433.3653607
8725	335766.540418
9141	250812.99143
84079	88796.3670013
6217	5123893.76212
92609	203363.427304
29124	6126.18407652
2091	1096980.57527
9149	190585.356313
1178	457.293110593
79935	96129.1120785
2821	694977.12675
208	474768.794169
23646	2007293.13706
57716	103070.949079
51588	117155.961385
9253	65825.7058732
10148	86842.9533389
55702	290728.678937
56961	0
1155	342503.052996
79187	1026.7413621
5438	432024.873466
728361	834.428520767
25999	204467.727625
23217	293.1168828
6510	549562.837839
25865	336343.029367
27134	242385.952288
333	16679.4410004
58509	67082.3331967
26093	205747.002142
11100	1273940.11916
51343	210153.454813
27113	101176.819733
7040	505521.43388
22898	33669.9586919
55101	200105.139708
1089	2554.67265595
10226	652196.213716
79784	1566093.86266
51073	220389.998974
27181	5219.71748279
973	13910.4730648
3982	0
3386	0
6223	3476026.14766
29997	1740003.28249
4818	53417.7043198
7087	93894.3576962
2109	162010.063891
945	9962.86705799
1048	423.790317027
1406	48.4695585423
29086	222102.019065
7297	198760.799727
6822	0
11140	933497.494317
8775	262581.322349
10567	533261.185947
478	1190.55127485
56917	13096.0640233
5802	221952.851579
84518	110277.409083
148066	0
1954	206652.694905
10945	2628523.2375
9266	220725.078677
83743	173432.558222
2906	8837.43852546
23546	234.178326796
6320	134812.748403
93233	5538.78861796
22900	33739.6495777
3978	98383.3861018
946	22119.9768925
7728	39183.3914246
8605	14095.3184935
8778	1043.03565096
56344	0
3036	1036.61267372
9545	160606.993192
1628	198483.308854
374882	1038754.39877
828	295955.288651
64748	180279.390914
54854	574.102659602
54922	26525.5354208
51298	140.280736825
26291	0
587	124430.83139
54531	115613.280893
57664	951071.704099
5518	1269329.03052
30000	372756.991453
51398	788927.032996
59284	103.707544724
2639	91762.1205685
10990	5628.02237863
10661	729.600817153
1777	992571.062621
22983	3378.07523607
79165	134268.315361
26121	415745.816028
29844	219893.448861
3718	64102.922698
6142	1450176.67699
6528	1908.30969481
3780	729.417546413
27106	272471.053669
5296	5712.62602679
5864	46799.5982901
5143	63984.5892436
51477	487564.410628
8178	91314.8192537
23373	173478.228581
1311	489649.436895
11045	0
11316	863594.472945
54555	295917.168262
2116	3508.32214493
495	224.001896549
93436	164468.085488
10430	913227.596728
26330	0
NA	0
4099	18461.8368423
25789	31293.9293371
57817	482.360673134
7392	598236.720429
51599	1366763.01226
79036	341296.687311
23770	2583211.27803
57794	118462.053514
3249	1136610.14401
7561	87143.8778656
6324	211020.748516
80714	11142.2671387
2077	359385.198384
2931	333804.575121
57130	217681.839219
64763	86456.9176775
2901	200382.667189
23094	180381.88911
7639	27930.8323108
23474	943376.585759
199731	153465.002513
56006	79857.5568304
23080	144078.330658
154661	3514.16648364
79846	8578.93684334
85865	44241.6624292
10156	1402.11265121
1021	21198.2958465
9512	343232.291762
27000	108162.987687
7980	6106.39992967
10282	84950.4530633
10135	275266.802099
221830	129607.187242
5294	9646.72540804
5446	37160.1588471
5445	578177.952414
3696	88114.4625837
26959	301125.821248
11062	27868.9000494
6671	77509.4950878
29062	43759.3572333
8701	5281.96696093
79872	110091.585153
1749	5516.4752022
136319	1153370.75276
256227	2632.98947745
5764	37124.0317716
51678	26902.6381361
1687	77091.1788003
50617	431.900533307
56829	159312.923349
79989	53440.8152048
4967	1075692.07618
64111	0
11033	37229.8202829
22797	4131.98500728
94239	640012.473731
858	855085.62648
857	1375291.10583
4233	3918309.42411
140545	6909.09106008
64327	135006.708107
NA	3771.1834445
7472	13721.836866
3198	1486.78795902
10049	67570.1623751
3199	945.097234262
3200	5057.72977056
3955	37550.7482008
3202	1871.23162126
3203	225.977529359
221927	148536.571964
23288	91576.9046441
56311	4807.04499149
7434	0
23554	189506.446927
6742	240722.925584
3209	171.282614172
79974	7160.59880508
2128	86.60337764
11112	744015.694081
8887	555763.809886
54504	1467989.61062
1124	28139.1840862
2887	75632.2520452
83451	528496.185101
23242	38591.6190615
55033	49287.3708609
84725	20737.5850876
6804	15254.2481164
10392	302856.443363
2617	841000.248279
1395	1239.07608656
2051	157432.92179
84182	5224.96026853
2692	0
260294	10934.3824328
835	83493.6252834
51142	2692438.41906
6369	2353.16957234
3315	3023233.59998
4885	31676.1903845
11333	824951.003272
8896	351116.026681
26024	21659.7807447
1577	1164.80320623
7586	203821.154183
8662	359507.19438
29886	241288.456212
4521	77693.946549
5803	117.124584139
6878	269131.99247
8976	556340.117487
23553	0
6677	0
7965	171100.521556
7036	4930.45938194
29999	90.3488255217
64598	169080.5509
5078	0
5118	320389.367217
26261	1645.46417516
10842	0
55131	35451.168509
84132	55760.4027231
3614	168503.520237
3268	122343.854878
23658	128667.0674
5054	179872.446222
1174	727933.970842
346606	130.920254836
56913	69870.0516561
8985	211423.675906
6119	134948.159063
10467	210381.388731
24146	23587.8204038
135935	0
113263	98818.1519835
93408	575.582012343
9678	76130.6307459
4899	105733.927295
54664	219895.593568
2146	17723.3946401
95681	28816.271141
643641	34411.7134166
6424	243111.651986
4232	85841.4511845
4223	9408.34845735
57037	258840.077988
653857	10608.3507049
11281	70.5579213284
27075	628941.492904
5919	259695.353014
NA	0
10551	268742.883206
196	923892.386569
54927	380275.873784
26157	43757.9568773
28959	214521.073816
2737	57611.0620782
5683	38964.1839697
64983	157926.576878
55744	53752.4451774
644	454149.063507
55665	132247.649114
55069	819587.308815
NA	76629.9650739
6009	573451.381954
51422	79143.9357629
165	1149920.97663
5425	243385.749615
58498	199.164009072
2645	634.019924076
9275	287675.711017
10652	481200.769428
26608	206252.549771
168391	0
7461	123178.760298
7458	1782508.76871
3984	327741.084543
55064	13018.0371315
6505	470434.854451
9355	109.371421931
2218	80223.5703285
83856	15964.0529511
79937	152.495076792
10927	658941.784169
54981	174904.853694
23731	730637.367281
158471	12422.8278874
1955	1245807.87609
9830	169375.715757
7464	189811.835748
7046	677669.101713
10952	1024874.55962
727	23379.8365023
4969	59982.370342
54829	899240.982535
1842	34909.5290905
7091	20500.8294102
26468	5708.6059761
22949	294594.070085
64420	161747.076686
259	142.273946706
80709	92584.4923372
944	4996.23408856
1759	8759.66110446
2022	419742.780252
203	336437.074222
55664	202141.735439
6013	11360.7638978
6019	11360.7638978
6013	1581.0224604
55848	367206.674098
54662	319477.576499
57589	68074.4484003
23081	43465.9615205
81704	25996.1047976
23189	276554.613806
1993	1977.30338189
23413	263917.95594
7016	236231.825041
57582	49.825175914
768	869.404566547
8939	377068.354185
7306	77.6212577458
10488	764121.076534
9827	211828.052424
8777	117409.488937
8022	0
23586	79182.7235572
8721	3743496.67272
8395	9210.95069853
169792	127679.259249
573	377372.939113
2889	262346.614994
56654	654710.238866
320	8290.04442188
23064	290285.447756
6456	7470.655347
5730	49821.4882643
20	412419.883692
6461	110288.483422
54926	574277.665817
51104	75858.2662387
51010	102589.163659
7763	544737.369612
1855	898382.224777
9124	3972086.96843
54619	43053.1321154
1791	147.2520919
2625	119437.425624
26033	1773.50035766
3257	405361.31422
5264	514715.789259
83937	169156.729736
23268	108687.618563
22841	121866.871975
6387	116400.924972
10613	365533.284535
8661	1296103.3325
9033	1326.37381833
8029	14399.9753017
1787	24559.0491293
79009	448408.000582
5599	64143.8003279
11196	195592.930288
11101	188341.60395
54780	126274.025691
59338	30338.3265162
27143	57502.4752919
219699	412926.119896
64072	3505.34831937
64115	142245.98022
9806	1065997.99587
10367	357842.726775
5532	309135.618788
54462	173697.82645
657	104112.88055
9562	179755.159416
59	611555.888114
3988	267197.947816
3195	0
56652	69449.7617062
84445	551622.125316
81855	330950.459717
81621	28853.2587757
6468	466235.196896
2253	0
10360	342637.21134
80351	474504.547817
5309	8141.52687552
8729	550679.098194
57584	94936.0233722
22849	35418.5857839
79176	141998.945927
79004	802249.836763
51684	55961.2860415
22852	27608.330128
91452	275234.271749
64077	240793.403547
23185	146163.32581
23560	149852.644899
26098	41976.0339916
56647	215752.272234
55149	55983.7626302
9148	1697.45064132
9644	118118.623753
10531	267871.283022
79991	413393.537583
1326	11773.297496
22943	5265.29692161
253738	5778.72886024
10539	206236.275678
114815	9063.48152806
54906	138672.884073
7511	198202.151982
9126	440292.503794
8036	326572.225052
7019	243451.888792
8030	347785.263257
8453	162651.79406
219771	519783.731035
27338	36974.6411247
6158	2512950.63484
57178	405240.422588
56521	3148.87594541
10105	391699.595622
64081	28858.4490268
81619	96831.58609
9211	0
23232	52151.963395
1562	0
25984	0
1411	365.719301293
57532	244803.332023
28964	355929.446662
6143	10669666.9446
84961	63584.9954406
10900	16292.9844608
7343	578270.777908
1440	0
5709	434694.226745
22794	404394.404019
51195	24711.1235966
8787	4279.63448751
54894	66897.9301156
101929777	64052.6893671
7473	64052.6893671
443	694.454347997
5889	40006.3646489
5414	11126.6856521
9110	76217.7615646
4591	150487.555047
5023	804.582462845
79665	227210.15136
8688	0
51174	50489.691143
3837	747850.530117
9570	79944.0940785
55163	354729.826168
NA	472.164431263
6198	95610.0725835
147166	21532.0723488
NA	1728.45907873
80279	314874.557865
10951	555740.7476
9400	100967.564418
9487	30206.7999465
2584	91202.3734715
57508	37914.7112232
23125	261628.601742
9969	527230.603404
3216	5575.67444752
2027	12719.3969111
NA	0
5216	4572589.34435
26001	865005.582217
8402	579021.48687
51655	329585.899571
1145	8576.193778
10743	337205.194012
4927	137346.871471
708	517587.256186
6532	499.008091468
642	121317.801879
1362	750676.453397
9527	133501.007474
57003	810852.65054
51003	69453.9733662
1819	94547.248033
117246	296231.090336
11216	140458.691967
218	2742.24135615
6603	567308.598964
3384	44949.5297144
9144	881264.661832
27077	136945.783362
55813	102376.229266
1655	1942446.98866
64149	97889.8044101
9267	166798.753129
5717	235450.695705
3959	3127997.79621
40	259.40783029
6354	6729.57416516
6347	134078.293974
6355	14277.263889
6346	490.508657478
5193	110428.054613
3882	0
79132	80925.8873583
2648	205477.967891
5878	1117352.07331
4669	601351.857535
NA	7297.53613136
3292	9340.64418368
6945	258268.068175
8506	26948.521299
51225	59707.8453744
2145	217910.506681
1748	2789.06130158
84687	786623.415779
1277	9127028.61909
6442	2605.37714314
100885850	0
51264	226203.730851
10493	2817965.93247
55379	506292.517682
8153	96993.8332368
239	7437.13126537
10014	295679.494406
8714	292434.996302
51747	238724.563875
5539	588.41160127
4355	37045.6783901
64750	243326.117433
1845	578734.4493
786	4358.01056818
9343	210361.883104
3131	10380.1795749
9120	9724.65723488
5573	1936626.26707
1949	12347.0559144
54757	415044.181245
7531	3773520.46071
NA	37009.3590975
23531	72846.634185
29098	142152.332705
1801	85495.2244675
5608	3697.91473758
25979	115178.227701
26118	170508.610035
5957	298.234637344
4619	96.4080761045
9368	348331.915661
4621	3736.20238921
26151	161075.822983
54868	99124.6827234
7448	2392.92233397
7126	495865.531662
90410	117970.14415
27346	64029.3252395
30850	42620.9852921
5376	407029.953309
8456	1277.45339665
9094	83410.9589429
230	46512.5504547
6830	337930.350911
83871	1269457.62948
57649	120598.295077
8929	0
55161	236604.232375
2557	0
2798	2146.99538061
57606	254639.855522
54940	648090.754882
7365	0
80157	5459.6833615
23142	95168.8435334
64854	63241.0166189
6783	0
54959	0
26952	436.663346206
26511	135937.142841
10874	24421.7971986
57482	6659.064235
8649	334494.869286
5197	0
4790	241837.309183
374	44402.9390517
4126	229840.60143
7323	625981.994654
5602	32688.5842885
1998	97325.1691911
4717	489055.073862
7350	595.857302107
23158	259285.52017
27309	407518.306263
8821	14156.9261928
2549	42528.3948598
11275	446071.005385
3558	259.500558737
1363	4307810.8645
6164	3208741.3876
7466	319464.27803
11199	0
80273	122701.145805
54433	153706.138133
2483	294633.924366
1182	300211.829331
51166	67505.5752372
51809	665402.109387
1665	305181.241386
6649	181897.575154
51091	47200.9114016
8532	10698.6953594
23321	386863.69989
56606	8517.37803054
55294	59843.2959542
55247	2453.37212932
55296	49637.0764438
116449	1216.54999289
7468	75120.8453004
152503	286913.999197
57620	85445.7703845
579	9019.33519983
10227	315935.399622
2743	76645.8419578
683	12765.0763103
9693	90972.3791735
3083	101.995477776
83891	347732.510152
55805	13335.4375444
55325	295601.929348
51274	280097.65835
51088	111941.24637
25854	24040.7524143
64151	5192.75330623
7358	258938.125759
10891	31175.2321196
29118	2799.38476443
1410	935364.118933
120237	0
10553	237122.091533
1075	550862.2239
91057	62541.2335072
7704	33631.7122438
26610	83358.6195446
8882	137858.120846
23788	670272.207246
23360	167592.26606
7007	3622.2177783
6309	203517.206164
56253	4993.46981699
79864	35118.7429227
27087	83035.0228548
3312	4698796.57863
5024	0
4013	201901.728801
3338	314484.72415
54414	339330.9844
29907	2835.86856783
9404	100521.070508
23220	2244619.31714
23130	218283.956397
10938	193750.98878
5007	523764.6443
81622	206900.643905
83480	117019.25942
28960	90181.0117426
51111	163490.763276
55572	60416.932012
55291	289262.257556
9379	4254.16582327
64231	83438.8175406
51338	56270.0266588
6484	95471.3307577
1374	122742.973725
595	2689422.20619
79080	192356.185693
27339	1144561.74806
79073	1023110.69731
887	3390.51407986
3263	959.673231265
10612	21421.5584184
26973	34093.5511646
2348	549091.005343
25906	85412.1381174
2352	0
24145	182261.609117
9828	357261.021665
116519	0
337	197.13586234
345	0
22897	50083.4545577
50862	200407.53617
57562	17300.2062154
1982	2893578.29523
3587	35654.6158648
374378	167247.358864
329	341191.414791
9354	167931.785164
1656	415653.024497
7379	1837.85522295
867	99664.1716326
5818	25150.5272726
10114	416086.450234
25758	4125.40160048
26273	84202.5936802
8050	146580.685021
6506	141.293224504
29099	100038.764471
51296	32222.3866692
921	17760.0377739
84680	31799.3748532
4250	0
4192	2112932.60474
55626	184908.403214
8567	128729.954114
114971	139043.808868
79829	82404.7169879
833	154896.935784
5002	175069.884566
975	1477157.86626
54733	334832.795997
29125	2212.95451471
55531	297.5216447
796	409.371887068
55553	14122.7324604
10944	443387.710058
9600	245894.142482
6207	3593765.30736
9049	1058474.61378
4928	345877.487676
4728	431880.130312
10312	396955.767218
1119	136764.491789
23086	29458.5666098
11234	98448.8161231
2965	113030.61237
5450	6499.90113102
84867	1690.41222617
7450	340543.200078
5715	53648.0287204
10536	455862.392418
8496	173309.590309
25766	41048.157791
969	13227.1063398
11108	206920.106819
9976	79364.9701625
84274	248487.058805
6404	166963.325411
23603	331324.330422
41	5559.95191905
1610	74.7826745369
65981	29169.6006394
441631	13471.9206136
83892	303362.177049
4891	299781.634015
9761	784888.562788
4598	76217.7555632
81566	237135.331901
10645	175250.937357
51411	25272.5717467
51561	21038.5650965
506	4482899.30922
10728	1905973.19912
341359	0
605	190284.78305
65117	197164.166368
1594	22285.0630988
4618	0
4617	0
8825	7521.2771214
3875	4209172.76797
79611	133281.707992
23371	288874.142988
2735	69.07257974
57460	51309.0251003
10988	509508.632106
4048	413407.903996
2004	527096.71978
6539	143870.648408
81029	24687.4545489
55110	44011.6367724
59341	15604.4126884
55846	148256.987296
2305	13277.2753727
5554	4414.25372123
11272	4414.25372123
56341	2753.46340898
57097	65616.7671682
10094	1326921.75009
51184	233535.802832
51699	398720.143608
2251	0
4633	0
10635	21341.5369596
23316	113.904730084
10019	132669.72916
10566	8154.1046615
54682	88779.865219
3736	312.573869997
80824	227627.552217
1389	890541.604852
80724	78325.8460051
217	159291.374456
1027	504628.885355
55507	10075.501676
80018	50432.5038778
83445	193.265307971
6337	1625857.55956
4055	401262.325592
79676	7625.02520669
8099	347488.481584
4940	71935.404189
4939	42045.9260186
420	1002.46648525
4256	2487660.65901
8437	379311.476065
397	1433532.31992
2967	172731.715381
1967	246667.837558
57696	64337.1551518
81539	446894.087181
79785	0
8909	1951.04899369
79794	1327897.06619
7421	115302.903619
11211	3892.98278793
5985	126823.889411
2054	72770.7735258
283383	30245.5676704
22818	950866.058356
23329	6413.36666493
55832	343289.820911
55801	0
3458	715.224446372
5869	795727.148409
56890	28333.1102489
57122	83903.3924333
4848	103385.890508
8914	82003.4700495
11052	244744.036005
11103	81098.161497
51258	1056680.25195
2597	11270606.156
4839	128184.02989
1108	2161929.04914
84519	44941.1519873
23074	98008.0188379
50813	609679.098774
51147	311395.548763
2784	7688.29863126
83461	4982.65861437
56994	356979.194753
8078	657746.652567
7167	2499966.39107
79158	178605.521618
84727	103267.675856
2026	470877.311685
1822	844129.759873
113246	591213.398372
5777	187712.933417
10162	107794.39019
51559	51404.3175132
28234	0
339	0
79923	107.688160663
64426	345863.123503
51026	213666.555063
2998	370.857120341
3945	2244199.28293
5564	173224.475279
55907	394129.782952
29915	57664.6409907
6489	2305.72598226
50856	32869.0578906
9847	146543.870121
57379	0
11021	204898.466781
1911	40338.6587754
1337	979604.182871
NA	526.052763092
5992	42.810131981
55188	48576.9066447
8683	508011.851025
NA	5149.25364557
26127	153628.198726
3820	18850.7084056
1303	281330.707976
10384	104389.397086
51567	303100.609946
2444	3533.73856096
29940	31327.7452629
51389	195585.865358
345895	2658.41875208
4117	2336.24189723
51522	1872639.51991
55003	199395.039322
2651	5228.91332435
57150	13209.7025763
4739	206566.127213
387119	9759.16273749
84830	63114.1626397
25842	242388.058841
254394	32440.1449117
79632	23443.6821676
8732	98053.8380546
4121	170035.696782
2570	130.215751223
57515	2892795.83821
51020	208711.433757
7164	670839.660728
135114	403764.70279
135112	208546.103374
9750	30157.4644966
23328	461649.604426
10090	209433.329634
80329	43159.7662256
26271	24166.8611916
54516	33231.0719017
5467	629365.418374
4988	0
2178	121655.365698
7287	490.840306333
116369	1443.24614924
1432	304180.578117
6005	0
222658	169928.111589
11329	240603.823839
6428	620660.078562
6648	292140.083847
29074	564289.721168
3605	0
112744	0
4172	453949.233026
9025	64745.0539289
221692	8011.40782992
266727	3745.66475763
22858	81236.1959214
26268	113036.650658
9308	104144.642129
23195	103199.097886
2740	280.561473649
55776	126179.285526
653	73.4770053712
60468	18070.9283939
221662	1349.04123218
10486	38962.3285979
79865	2638.22948419
26036	55613.9289543
9532	53919.8150136
51715	133047.137563
222642	4408.62032227
9457	2720.1978944
81491	4293.26932459
202559	9214.49539742
26235	121698.854824
892	220216.180311
59336	0
1871	135518.689349
7803	688227.314914
6492	31.3113139128
10973	169263.16037
154150	0
11149	3749.75626584
1297	82.2725953327
9439	130930.075622
8936	50237.7161435
2822	18536.2214518
7915	179326.769099
202	42420.5164834
8876	3272.16335574
8875	2536.56129139
55856	126157.844346
60682	88209.9837267
6206	27992437.5972
81688	1312264.19484
135152	1282.71936505
51053	61922.9540064
2070	1975.16153421
55084	51565.3620406
7101	233.362811594
8724	1472399.40804
10246	0
10767	107921.627314
10475	105534.243004
5191	220911.199355
9841	63769.1472685
9896	189006.422823
64065	2148008.07178
57221	38022.6142328
117247	5762.65826516
51696	135259.466061
57211	7676.78178341
9749	118051.414327
7957	24822.4063246
81797	0
7922	1431083.92155
1235	1236.83394559
54346	0
6582	94.1115298094
5252	681862.686712
51596	1991958.7956
135138	6670.31681226
9444	57698.3684453
168090	0
90632	4138.89520893
10846	4138.89520893
4188	42124.2536001
7942	119329.778975
64094	74899.8934117
896	577559.149452
705	121164.366309
84498	189477.416925
6908	136071.626394
2979	4696.19070448
5961	21563.9209258
23506	139949.868625
5528	287489.581131
51069	195912.905677
5754	396957.176507
6722	287202.274261
23113	96825.3119379
10591	338932.849365
56940	132627.467853
55770	201629.278203
1347	692714.598941
55754	1387741.77024
2762	93105.4723079
26054	202279.685183
3617	1298.73168347
7422	194700.836234
8899	228159.237597
7272	5770.84131811
2030	627721.574335
8838	1088.24906394
11120	119694.992469
3910	79375.0220491
55603	98872.542391
53405	13006.9571487
57666	96897.6647062
59084	584303.483688
9450	75952.9577946
10279	91066.594849
4224	97.443330613
9096	3223.02819357
55914	336655.642833
56133	3307.78305518
23438	223769.790546
83594	167319.97922
55722	25799.3071894
4124	122370.513966
9037	19971.6538141
730	62657.3862015
11044	95506.1113624
2690	6106.35043972
3157	138335.54243
1611	1887347.71811
8382	90804.8000291
10902	172308.186854
10112	12031.9617325
23530	235826.805885
10884	157551.190969
3313	1587041.94857
23107	320217.551702
5201	737266.363401
1839	145190.562613
83697	798.847662247
4015	599933.35254
3003	13316.8414117
1007	0
10307	71017.1230174
55374	61359.8037315
6678	7667360.036
3550	751220.29443
3156	133066.040973
10087	350781.200602
23197	249267.371689
9421	0
56132	34385.6537753
26167	97730.9714305
56130	3022.95108932
56129	5784.48456627
8622	162837.57224
57396	46430.1975849
56121	4120.41925266
26762	134.998198618
2916	1518.04919835
3702	6142.41803711
55819	119440.809113
54974	116783.713406
411	58043.9111074
9685	595126.266541
7060	34744.8425624
57472	138841.506732
3593	0
79908	74.0013061231
7265	586605.833469
4437	118458.726176
5924	12806.9417966
2566	0
900	1457251.79026
10622	15895.4584598
29102	143996.192947
1004	79403.8378619
4001	64982.0684859
57561	1487923.71463
64083	842887.259007
10923	201902.70644
4883	9506.70012652
83989	175454.105245
28965	661733.111024
6897	333648.826992
50805	103.154929033
4012	128394.641378
5144	41597.2461133
5810	111156.830378
55299	112420.551375
64902	0
5618	1683.62568792
10723	472853.937485
3565	1064.96745193
10111	224702.864378
3567	548.924622357
7903	114043.703403
10007	704143.071902
51294	39767.7376777
6500	570666.782628
9631	79097.6421472
5515	554755.673791
2246	29065.6368
2908	153168.761867
56951	822466.770874
23398	132159.161839
3977	22101.6652124
373	100156.418895
80006	76251.3069648
735	98.4009234927
10802	177753.089849
79770	348457.350272
23548	117397.575896
5917	403358.990669
23286	360065.6787
9555	203545.212878
10915	80476.2930253
1809	844675.079369
4090	134787.912667
1452	297579.727686
22993	281757.320454
57222	512762.257128
5159	200422.785886
1044	495.530930421
8992	2604842.14552
662	73666.3592276
8614	28905.4318519
80315	139904.223982
3274	2943.43440776
1627	485292.152044
23567	66801.2917189
90249	866.610336995
1962	55852.0291926
5067	4433.29962178
10051	102493.515289
58515	438857.756001
93973	163259.038925
55171	76838.0011246
51300	409618.209981
51185	128306.053517
3827	0
3273	0
604	167685.563894
3081	22000.0450222
10686	2946683.59814
84100	33263.4725492
27031	14697.1582812
942	32819.0727026
51421	400487.203626
56954	70933.9903269
26355	354612.542065
4968	57058.743947
3836	191422.701294
5096	147889.271956
7337	205334.944916
25852	78345.1106547
80321	155702.096558
5948	1374.58520817
5947	145525.18875
55186	126296.439122
131890	89.6514742905
9616	399631.602592
7029	157455.546679
54464	79223.4934374
8850	129006.737033
590	1978.58651193
5276	204.854409331
11235	216433.687536
79782	0
7474	127241.762482
5210	25533.758678
1294	43881.0967848
2257	1263.38490921
5576	282863.733063
3280	1037176.03652
107986084	307126.335031
7375	307126.335031
23527	141455.673163
1894	49268.1559987
2779	105.439769509
2771	1019902.02009
10342	434699.497837
8287	25.8415168841
64595	25.8415168841
3373	13721.7134526
11334	346622.856048
10641	102506.037679
6152	5968620.54078
11068	215488.965413
57415	39788.1135469
8087	326082.537836
868	58223.3776426
56987	216838.444021
55081	466414.080323
59345	80943.480678
11148	320.243865704
84223	19192.9724193
2632	127978.840532
27136	0
7372	72604.8597843
22916	478668.925628
8723	364021.521325
79669	53099.0896653
23150	82409.7739561
54946	228798.477614
152015	1291.2204185
5361	121310.535868
523	907766.492254
80325	77022.5427297
50512	149972.685444
7348	0
10675	6584.45519869
23276	95779.7312824
22937	359508.515774
79825	7197.9022552
57501	855.046201539
79858	56178.3091942
11222	736701.727647
57088	137256.089
51409	27012.5453429
1154	313045.849203
7867	1525074.85636
93	28292.9780296
57599	232134.270247
51122	183080.529882
64689	169744.848938
51555	113.474453
9136	352027.308339
10057	20000.0285533
13	0
84836	786996.235311
10289	624805.412753
100526760	2146.99538061
26084	81046.4353885
54800	212632.837825
23007	2752.81144785
7433	2792.1262041
25981	11199.0990482
6747	1099896.17478
92999	363802.007458
7134	81296.7705044
4820	71189.8875225
1181	36754.5340322
27086	86125.6610043
1981	1392331.24971
28972	474241.901549
6787	100686.054374
6508	16255.8673521
54891	43012.6915472
1933	4093691.50796
8745	2758.64330149
1716	426890.190282
55233	574629.978244
55683	144369.185055
81562	209237.34088
6242	263576.713667
150465	76139.2157107
3552	1367.14277414
6364	50162.6366736
200576	95355.0279202
30818	28521.5514359
51011	57102.3077675
4691	2335998.60027
10120	903374.47568
80255	211399.019306
7535	8522.24002818
10096	294092.528106
55240	304320.946889
57669	65297.425746
29842	17227.0492559
51639	1132171.02041
9540	196811.082712
51277	20394.833653
5443	1699.23935438
10254	152299.822139
9381	368.270291981
2820	228489.969955
1058	3953.75208327
9595	27022.0475342
90	970702.618616
85461	145725.746646
7781	16661.2121032
4358	275152.248437
2976	304952.399365
8890	191430.807325
29959	532047.53363
3694	239540.44686
64838	872754.976275
3676	16097.5740855
10213	154734.135578
9784	713265.510252
100302652	11524.8898725
51130	11524.8898725
5496	660028.065918
5136	428681.911063
92840	75292.7784888
54760	13860.4914731
2641	0
10297	4974.01451618
64135	164942.635619
6209	2573888.28921
25801	152481.79174
83444	47506.5047185
7841	372000.309776
64427	90295.1908833
374291	115065.40008
84759	99628.6705799
2888	9914.97418794
79745	396038.771949
3196	313.925540786
6711	359351.350333
550	529829.797965
57142	925425.940029
27429	141078.200793
84695	13244.5207243
1796	118571.49915
2591	456888.612099
56655	136618.177001
6869	2407.07790316
55704	29783.191698
33	110507.806726
84141	281703.555158
9801	176525.974192
10314	213170.917396
84128	122262.720116
2202	204483.427406
5967	336.673768379
55120	173843.426545
2335	76652298.8942
6772	1329718.16108
2744	314877.507929
64895	74841.2004908
1768	3996.66192779
55825	131410.691492
25972	543520.545604
3485	174825.640739
84173	44803.2594371
3488	1064249.97929
9736	150982.16409
80303	65935.1637556
3769	487.707633905
10575	1475095.07288
2677	119337.769534
4759	0
23301	248797.16314
5013	2162.98789741
10190	197265.302755
80219	399727.434322
10578	107072.686293
23451	834861.578607
8869	1233845.04786
9486	96621.1321515
79031	211561.125643
25843	138971.972408
3336	568571.237103
55818	113011.323712
84812	7869.54131772
51652	429002.436434
7701	82206.8384257
7850	9638.42329097
53632	0
150572	63.1263315711
3554	400334.842276
7475	3239.71895438
8808	79514.3474524
9173	14352.2867324
8809	26950.1434853
8807	3426.61476161
6549	22516.1835069
2274	83003.5996347
79083	296448.444452
27013	850416.896815
80146	177420.676114
10058	13891.4313509
8576	190861.769809
60482	112.37659645
3069	1580219.663
5510	457421.312312
23178	33641.3843375
10494	226898.542734
7173	52252.4726143
5624	13849.8412433
3398	2252330.33322
9014	93316.3753805
3241	80498.4713031
4953	831323.591999
57448	154898.333121
79954	197207.056018
55041	756769.121541
26003	583807.445774
6801	93116.8233801
10153	314466.195134
23683	113952.764878
80067	49073.158684
25797	645899.686393
22930	351313.414439
8604	154544.104372
151393	17909.8210258
1746	488.857113177
3938	0
1615	464219.153109
6432	464179.074343
6382	1659413.02828
5334	4819.75410647
6509	58000.8992023
6654	140535.310849
8942	1171.42385745
NA	0
7456	120501.322112
4999	83755.1728803
9167	405497.425005
56902	206654.929434
5000	77293.8205455
5341	52135.4162673
390	110044.266154
1386	230598.260983
63892	78558.1004745
22848	70184.4586811
66008	806153.133021
54980	47916.8854024
7072	173560.627141
51449	1089003.42261
84634	8469.44948578
2034	560600.20848
1820	16633.4819305
7341	950850.579186
50489	184886.858759
116444	1416.0615677
25806	1012.66303479
525	875.630984476
4780	655118.079643
2956	138547.166544
65977	52110.2463153
6697	363172.609997
2043	572343.734909
117583	85978.7689219
10056	213239.211579
7840	56964.6194856
607	330500.760441
5396	119941.561063
1718	309990.391801
23341	70840.3796098
4139	31948.8924931
7143	22.4059510206
79906	19876.1359421
2882	207783.064178
27101	223820.698828
6342	363981.639207
25823	0
60676	611.049028382
55103	43819.7710219
9068	30804.4625939
9731	143162.76146
9917	304998.754316
127428	20695.4735365
9528	892948.144839
115353	324826.999061
49856	48995.1319919
7827	0
51253	489284.791232
23463	629198.531831
6146	1847594.35535
26038	5754.77255252
5768	373712.493136
6814	213192.452923
148479	273736.078386
54206	509866.524228
11315	1597277.9041
57535	3809.30078255
4985	217.513951481
271	112866.883204
6429	638467.273596
51102	114316.281833
3749	6206.4016447
80267	124018.489285
79084	151143.116874
515	750287.146204
5906	358567.148667
3065	961415.782009
829	821434.064413
64766	63325.4466043
127544	379053.0627
10067	615603.229033
55223	47149.1020665
55870	225342.392456
58512	1241.25701002
6421	760168.202856
58480	831690.862326
54856	88495.0249605
9181	282211.672662
28956	511902.748574
4209	328402.903811
85440	96245.302129
6723	422261.277991
NA	1225.2368153
26232	809532.292531
26270	220471.588728
81563	73634.1528011
54823	36243.9194289
10459	213330.537847
9829	25346.7562572
3953	30596.0059826
10625	283935.535866
90231	858664.333115
9927	1138343.05978
10216	748.404961925
60672	216782.22252
9887	252848.395923
4688	61289.4588081
5132	650.592513578
23169	95615.5960865
5321	16766.3536653
1647	836196.589706
65121	0
390999	0
79971	488625.209601
7799	132762.367425
5997	45441.3211233
6121	0
6738	98037.9254913
270	349.015775513
51377	49305.0672019
10286	628153.165425
9295	344906.838697
1491	29350.86767
79814	11847.5499093
56944	174537.591227
51086	369.206770791
10878	2000.50589716
23207	719189.933877
1429	352793.51885
10745	33614.5514558
7709	118549.464096
965	204716.25037
339488	6102.11592528
914	118469.964729
8458	36137.205153
2494	4725.07982576
23046	4278.04291486
252839	586028.421563
54936	744232.200447
55700	685158.424293
10352	77973.4084636
51179	0
127700	73011.8969814
64960	307807.976021
149371	98444.8951995
8443	344284.208353
7257	140374.916649
54955	71056.2744409
64121	146005.450617
4811	348912.927754
3964	132630.307969
84618	8394.03433357
51440	56589.7920384
4548	198472.20569
656	15470.4313265
4610	8316.26765907
57568	206166.418578
57829	0
6018	86565.7469056
8564	1855.78250229
127396	15192.6946071
9132	3123.87057978
9783	18984.1426721
10000	229270.83882
2117	98410.0637603
34	171265.97413
81849	157485.61143
6504	6530.00422155
962	23769.7439098
23266	93735.3567762
11240	13635.8783738
6390	541958.273931
4237	181899.119953
80135	391039.860187
10765	190097.336032
6675	306687.077269
81569	311.56773093
1486	102694.232787
5999	43953.4705678
59349	377446.411929
84966	22213.9207629
117178	71965.0409898
54680	99808.2615351
26279	1083.1075167
5929	186004.803421
2635	340321.002244
2633	126111.033552
NA	31698.1421866
57576	11238.4641307
653519	9458.15793883
5129	134712.016666
8934	453150.143386
11126	1023.75617053
1889	2293870.99474
3155	275343.714536
2582	595653.590209
3399	688059.449758
1380	594.434237926
4179	617710.147416
9129	116519.952725
51107	1946046.84413
64175	94504.7646689
6513	269340.723013
10969	349011.855089
991	27641.7754141
4352	3274.97509654
9048	6991.87058485
9670	318545.180851
533	516853.759527
8704	207778.010866
79033	335334.145748
8643	4398.85953927
10327	886309.067258
5052	4175230.31831
8503	61916.6231928
10103	1688653.38208
8548	150207.618704
57821	44865.7532539
10560	96978.2782697
2166	210045.136691
387338	66491.3795247
50999	221506.901001
80133	75.7977356374
1810	143771.675939
388714	0
1266	2062135.72862
23215	311803.538531
2152	371485.836029
5825	268252.067539
8674	153886.799064
51611	192316.388324
356	10458.6422222
58155	25969.7736637
7292	15395.6507287
9588	2598217.93459
55157	121300.43751
3290	7101.19076893
3664	397789.647233
27042	81998.525146
163404	317.634133917
9890	6499.50532999
462	656.970871554
11123	159572.162782
25949	739480.954509
57035	101445.610621
23443	204676.585463
55758	167994.359733
3925	278925.42519
56181	221142.923286
57134	200718.794626
4751	3940.55161859
6195	316438.438979
79947	199208.924186
29937	659570.389297
25936	113994.643636
5629	2829.65478212
8289	415817.228856
1063	10234.1337548
6118	830872.590607
5511	382161.750476
23673	1041929.15448
54996	109913.225298
200010	1024.49790598
114883	269890.091293
51060	349897.256678
57488	464045.238581
10849	27840.419272
23184	388167.259141
5955	247399.269881
1143	992.057702744
727897	62.4542693251
1509	8545861.32462
78989	3449.45181155
10274	118506.291483
51146	0
6794	159728.105924
4297	130480.440041
11181	365.029698588
56912	192394.62597
4317	506.773342455
335	1019.59664757
84215	748.565736353
6543	471.227934916
11133	27616.2840376
6230	9538734.89083
9928	1755.77429023
7139	320.023281694
83479	58530.9605882
23271	232730.558511
22926	289497.836633
1421	0
55686	99675.9817942
7141	0
22868	117126.915456
8828	514979.307001
1385	117335.203499
8609	45993.2099663
7276	0
9331	45368.6303832
79630	181837.477381
23632	5909.13847318
55259	17509.4309927
4033	9512.38809136
23120	1694.53176525
9789	222703.431722
57558	83513.0123192
6785	35891.9471023
27145	5510.2638854
9994	61800.6090772
9324	1507748.15022
90025	12443.6078061
1268	2877.77424718
81833	0
81573	127337.968951
84251	4212.84060652
23469	331764.212933
153918	0
79747	186.788321901
5325	6860.70785603
84085	41160.6945182
7128	43347.3309089
9465	24716.0994162
10981	281552.775487
4602	1903.0985815
64577	404.994595853
6446	22871.2915886
81847	386567.803537
383	1182.21323248
1490	1604482.96812
6943	255.224016899
83449	306.147733502
26234	708522.325668
80306	137522.512503
9194	3102.4986669
10329	59385.9912688
80264	128327.670389
8673	3583420.41101
64858	51811.657623
103910	7340821.65409
2309	216742.186852
84071	11615.2450091
2691	0
6185	2988587.29557
60436	143732.517851
845	2307.10897616
118427	0
5311	175506.816866
9429	8026.21096955
6696	187915.747562
8987	24538.0541493
10983	5369062.39827
5918	64413.702197
64747	405863.633992
25782	134410.75286
196483	58856.020906
5493	1698007.97452
29855	179981.284493
NA	1217.53092338
11278	40113.9660818
7347	72862.0356212
27253	26227.0725643
64342	118889.898826
60526	50634.9221296
57539	101166.471653
894	1378874.18483
8074	0
NA	662.75444297
22936	119061.871798
NA	904.61409728
56171	3690.36226489
57404	89066.8135218
4709	478088.960482
9330	112024.583286
23314	9672.30431719
7320	460674.522883
140803	789.679988107
9615	73.4770053712
687	182982.193114
9414	767685.660246
84417	2061856.09997
9270	186456.164267
51692	284602.779673
80235	16097.1162536
205564	97619.2411033
80212	190373.908075
84886	289030.777037
440730	155.683639946
55127	107821.922949
9991	219116.331537
5887	2327013.03451
23307	109299.875617
8727	1354431.79585
54942	184567.843554
89891	730747.893092
6418	2159555.42683
5524	815018.858767
2733	282559.688624
51552	1015186.98682
11064	56121.2326551
22954	137278.061053
26190	171758.772642
26147	56756.5068764
10783	147129.06526
54836	775425.612726
5537	508608.128858
4702	813342.393408
81932	356458.350397
NA	4600.0970333
92400	148238.082607
57864	116.059602409
84263	502935.066095
79109	295722.656087
8013	5886.72537679
27130	46857.7316326
79695	559009.12185
57706	115036.906376
85365	364558.268178
1441	8440.31031921
2531	228877.98392
9525	387219.697464
9480	125.210538166
148223	97664.8707229
84878	129388.664049
56252	180424.357386
26094	84497.2132895
283571	699.560310446
338917	0
51077	287139.035562
5228	105300.904519
83982	183104.343705
80127	73160.9588234
91754	187548.465695
97	72240.3885681
112752	98487.3662982
10577	22223398.8403
NA	0
83544	48636.5504657
64207	546673.727694
10965	132267.207061
4053	1554725.65057
9870	240792.230278
27030	79478.9424422
23093	60580.898374
55640	53016.8673577
5826	105403.480625
1743	653708.541912
57718	2685.47080025
7043	95730.0412836
79696	38801.9666502
81892	198112.550278
58517	162122.727897
4329	157796.928828
8111	22589.135733
2103	458.104713432
8892	250124.469049
55051	29542.3325238
51004	31183.6147043
57862	7011.21429119
23433	454274.520652
10936	33088.3457114
9913	190998.472272
114818	2832.73069501
1788	49886.6076201
54867	664742.127811
54454	29281.6651249
2281	34631.0226866
64225	481907.836687
51646	777263.947297
25940	196498.505793
84272	123411.384783
54812	191942.578354
29094	19295.8729229
25927	20788.2767214
53335	4323.82864217
9419	143773.239667
4072	4595030.58065
26503	1746798.77772
79627	69715.8529575
55719	103673.471497
3416	184604.064887
6975	98.9036530064
83401	423.604850805
3437	301270.417423
159296	2907.96548868
3433	189509.264013
57678	38222.0669523
51076	204360.138518
5507	16681.9584619
84795	117368.942004
26507	45.280075663
4601	259622.282355
10285	137766.197495
80007	58295.8640938
3070	12533.2018969
2834	0
26123	2095915.64262
404636	69425.6447751
60370	318881.12585
55717	157717.38517
79591	156904.905458
30819	2292.0185962
159686	4992.46015751
2805	443957.281391
1369	0
79946	34395.0413815
6425	1739.75619689
10672	280823.125807
3218	707.901329173
284058	116732.044812
3215	8536.43680236
104909134	15115.7298063
1394	15115.7298063
3213	5140.86756035
3211	0
1843	618588.023576
79646	146151.180703
4488	8698.64163675
7010	34386.4433411
10171	58696.2559177
79886	243654.235467
54586	416.01880405
79817	57035.4912256
11172	0
3641	0
2315	2166.32042823
29126	71252.2332592
3443	0
3445	558.96270496
2891	194.864864261
348995	187974.604755
25902	220113.635255
84918	896272.511518
80129	20630.5099119
5110	641360.853917
57480	62095.5582737
80177	24821.3569088
80231	14088.5721134
4115	0
84418	1287245.57389
54853	109796.224809
64411	58677.0783274
56128	1165.76364142
56126	10985.9687207
56122	21050.8272223
56124	4721.0350682
83884	0
63923	5102.54373402
63931	192542.611947
91687	16605.0256794
8995	6652.15725121
89866	393.630371732
111240474	393.630371732
92344	59877.1575474
2853	141.030172524
39	48633.2659138
6950	670780.988402
83887	94.4943459899
399979	315030.749694
3762	19868.9327787
79684	52398.5728913
63970	84.2906023881
56159	86.1409448908
407	3862.79113951
51248	551578.217768
84068	19801.6738602
84955	95703.443615
56943	115844.21714
84930	38946.7386355
56243	1233281.49952
NA	2170.6230291
84569	0
84898	170365.24519
80314	67719.5748358
440073	19230.2878923
84318	37201.5664029
6883	238691.545383
55068	5920.48168669
8600	11262.4951606
9617	22528.9183331
NA	6543.80000511
54937	2904.66556567
29103	44629.5785601
80209	102893.763033
51569	486199.52437
11193	162183.891901
1997	529033.370159
4093	105436.305822
10808	424565.585597
84078	65326.5522532
29880	410292.382955
11340	85514.4415613
2107	754953.058023
7045	532836.351553
51307	93773.6239032
64374	439517.280292
51247	290105.272353
9499	200.747407692
51780	417242.769937
1958	2018972.39968
27230	800152.340194
5357	87267.9203317
22835	31468.9473802
7181	56350.5721646
27340	74304.4279935
7112	150918.434221
400	663636.638674
83468	47227.9910182
80298	55337.3848681
8835	13070.5789838
4801	151108.337764
51019	173691.139694
317	55300.1991138
1846	252848.054335
1191	41443434.7136
8795	380118.913829
10174	360868.916819
2185	315930.85741
1135	60.395408741
148	49.6547751756
5533	139431.019771
64236	19104.0213965
2053	291419.82364
81790	211347.583629
4879	0
29914	101193.422428
23435	371406.594859
943	4039.54481321
65122	0
51123	160057.227824
10434	131766.467135
83690	166954.765374
10987	115532.791178
157506	64996.0383659
8288	1715.69350208
8165	412094.865992
8161	150174.001066
7706	165533.794759
59342	869183.887164
8405	237083.899891
6909	15316.1714749
10237	144086.731676
9496	0
NA	159082.252246
56155	817.975000639
81558	122178.085536
23397	7972.63614107
9227	34752.0389223
23240	130178.680573
84057	18232.7871094
117854	25675.9596413
85320	5571.14926246
64282	62611.6473353
113	42530.9087238
84902	65542.5392584
57616	69837.2346901
55268	139067.766679
50836	0
79887	96282.6539823
50839	1672.06022204
653247	161.952663261
79912	75575.1749499
3375	0
3764	27939.2467509
50837	0
79370	227.215277955
50835	0
NA	0
55269	346150.879032
256051	32170.6861443
1	3406.86791954
65982	223789.570688
10520	81042.7322224
23024	20112.7735041
353299	33.8636880731
89884	1293.56383124
6045	141447.619065
81627	113157.619477
26984	73738.7574278
1475	20726.4022376
55211	58.122723224
64091	14014.3037942
8702	94450.0678834
80218	472162.597188
941	4989.36641283
81930	20030.5746193
2703	0
51029	248166.62779
9479	56615.1879373
1408	182143.902582
9409	214822.279499
91614	4103.40134867
847	1534413.0806
29990	5239.35409847
7750	138985.473214
10804	9317.04145113
2700	2284.71044604
64786	189328.352463
576	72108.5671979
3061	1702.78220422
51538	377752.437242
2170	58019.6205375
10657	1243588.73195
55116	137776.576437
9034	5407.29308655
729230	25280.971256
84265	363500.997227
2693	0
8743	114965.173391
51193	120783.984586
22865	652.9420232
5290	101884.866167
23244	311938.426067
80008	2040.1484208
11019	83201.7347444
119587	19601.7717791
113452	1066643.44164
7579	13184.2221514
114784	1615.27199691
3208	9917.58740102
55791	89335.7010502
57413	24403.4070911
23155	111437.559137
29899	6776.39618075
79712	36866.6334669
7852	133439.52787
84083	13284.5780822
92	55931.6081678
51426	93636.3518579
22987	144.852573276
2322	1186.93895861
6144	2639511.49089
219402	370992.229859
2971	349115.328163
387496	7509.8566869
5412	681375.601097
NA	579.988931878
84248	234367.420323
130916	59841.0690747
7512	829.660357791
54440	57305.0173354
4952	261136.99737
5047	199.711915562
29991	1420.65129759
51116	268578.970938
50945	0
2331	433553.933798
4656	0
54900	3450.43238231
5340	45.5142829509
57179	908272.399495
1314	1226897.53022
51744	6098.30854519
4063	1878.97415973
9956	5462.06339198
5930	142248.950941
29066	172521.516458
5620	0
84947	43820.6161026
311	579090.84494
11155	3262.22055003
94233	236.466714354
54537	98505.0540315
84293	393662.387405
7755	142573.393674
79903	67664.6211293
6125	10538724.8099
57489	52784.4566961
5737	431.19810704
100505741	2914.04980564
54482	53678.0013727
127495	5396.33432114
25950	46882.9263737
84146	129189.81413
343099	7938.69932273
79871	23698.7045965
80148	188455.960889
27241	145635.860546
5395	66029.2446845
83637	421307.837773
654231	1396.06310205
989	282624.465738
80820	7249.04397616
NA	0
55975	86958.1744948
64224	224987.224259
11335	816833.783632
3181	1771898.61786
644150	24561.503255
30010	0
4852	0
84668	9813.5562012
3204	481.760473209
3624	63496.7755242
11328	495613.742554
51251	180812.753326
10124	33678.0131195
51622	24473.1099165
27434	88984.6327584
10268	195757.98351
29960	239515.912296
7291	25710.0848701
55234	306119.276636
152007	128128.889298
92014	59386.1044242
1211	2265665.53492
8434	26324.0457608
27290	0
138474	280.290661416
48	590025.235388
23349	699.352443347
27019	1686.86130837
79269	129187.457738
1271	1100.44955084
57670	17828.9851572
8805	64070.8652105
78996	62103.6873723
800	919407.474113
6718	469.41662662
170685	4665.32479673
653509	118.474551296
50674	0
5328	2866307.79169
5552	396536.848056
9469	114444.325825
80114	45442.5021667
NA	0
55847	141175.842821
1959	88161.2524408
11319	250056.976565
5033	343143.554059
8034	81745.1664106
11130	90240.3917337
9559	504766.292575
9904	129080.107763
11113	9415.98660033
28981	71382.7691136
35	172825.02015
84329	12912.8266099
NA	20340.7068396
79039	484255.253266
23389	90288.5442001
1031	62574.5944958
26994	1285880.54333
11228	66278.0911891
79365	2899545.26816
8082	200299.54467
3709	156874.132593
55297	149025.057897
64168	2582.97817383
11059	158848.008213
23597	195946.835394
10549	544312.098705
10212	120689.655172
5585	792842.603312
79002	1205640.89154
976	271119.500978
84292	51677.9968624
10755	684684.684685
139741	0
83446	0
57213	131888.672745
84650	229594.676346
540	11860.0986588
23091	244921.556962
NA	357.612223186
57486	78987.48547
64105	8350.47762712
10133	419464.521494
80760	127126.109239
466	298603.386479
10102	126232.26032
58158	0
64333	18293.9542517
3071	33351.6260288
4327	18583.8947866
5204	2134301.27042
65244	182252.364123
29095	195619.740233
3164	68863.5156467
5153	4840.95601258
3229	0
1017	126547.706602
4035	325788.699448
3227	0
60673	193163.811967
4778	7409.48193167
3228	0
64375	122371.246809
23583	89836.8427975
10376	832794.217564
25895	102734.776442
55709	97350.6679667
NA	0
1757	9471.41560799
1621	3151.74882663
64756	308488.38581
6491	10514.4173721
55355	4027.79367627
3598	6786.2747593
1300	287185.106553
262	280489.993019
29078	114666.247481
85015	21640.6254051
5354	191.103076819
6906	0
9643	1608500.88551
158983	0
51209	14178.1605967
203447	6552.00282555
139231	275194.235212
80712	0
4108	0
92552	0
9367	240776.126351
79828	12884.6895946
79809	48268.4465255
9111	87865.3232367
7130	46894.9885579
130399	2242.20335955
29994	79573.2666184
206358	36360.043474
9926	190848.283576
55509	12951.0195918
50486	467761.743293
3759	270803.699535
57826	141382.747955
5393	84445.370741
81579	239947.678076
80776	69285.4660496
79934	135084.368204
5208	242881.300094
722	118.959903821
725	178.806111593
NA	23470.9238725
23682	251729.712654
10888	4475.74831036
27161	70756.6715799
10608	290627.977983
NA	11817.8364918
1164	331593.454582
164781	14652.7127629
2181	237518.925911
79586	1181177.60628
23549	176351.021341
3623	4141.20258452
116255	277.081226362
23363	333435.240662
79843	2296.15123026
6560	198346.615785
84080	95709.7923014
4159	0
140687	422.065588993
140690	32.5247676105
NA	15523.5192731
116151	534327.248041
5266	4026.08145895
200232	255.392370472
90203	107125.353625
6590	5053411.12559
140686	1448.88711132
79183	114272.640421
57580	108760.359225
3787	383.932734985
57468	1885.59172225
343578	90.8861111821
6385	11041483.9109
8202	149579.803616
51604	1370699.37242
6407	0
8785	353.118514666
57727	269278.894387
9217	164133.233088
84612	114284.573196
514	664149.104986
84181	136926.849436
5335	184287.275058
84969	23965.6777258
6431	714730.812256
78997	772.062075936
149699	347.761826619
10564	506973.955581
57169	304464.920701
128611	1080.74642524
1908	108.553691674
1434	509848.12303
387522	0
57403	193212.126188
5740	17852.7918897
6780	1112512.93336
60437	454.66773261
6615	43229.9302681
27304	64661.8369336
8675	230926.743047
NA	16416.531023
56937	371671.303191
55905	534170.251309
140731	0
55661	266275.820164
11317	0
6406	0
128602	0
55653	135597.990825
60598	174519.167989
27296	4107.36460025
5105	42.5841216053
81030	2202.7060378
140825	13615.1027201
4109	100.165962479
4552	79097.3517469
79072	38114.4284074
5184	494562.994132
64377	666.011755107
23096	76995.6272865
6845	379335.523168
3581	1159.66903046
7499	12456.8687462
10617	135194.330061
55577	120540.489581
84693	86363.3518994
400961	30291.3898748
11017	268299.395704
10199	162061.625207
27189	631.721084612
NA	2233.70096328
10396	422127.396972
23326	1005841.31832
79983	67388.0248417
64344	5099.27432903
79177	77079.0461677
56269	0
7596	78395.6327155
27076	13372.0565805
440533	11004.66367
1088	333.133222058
4693	4435.71822496
8239	365316.177096
7180	0
2162	217754.886444
2914	1959.62722546
55809	11078.9487768
29993	10510.9872664
10385	54554.2532858
23408	68895.0071309
57380	95039.9942297
56897	400856.276042
88745	314535.793871
NA	9176.5162868
696	200.608722091
6631	872735.128129
10786	80.7960838138
6568	142.065129759
5269	563937.461215
57510	181036.718884
89845	49576.3890651
3007	8284.14621518
5190	408641.514895
4835	33540.3012786
NA	26256.8331585
221443	123978.450676
222643	161580.058521
57505	118436.042932
3024	448.119020412
346157	30635.9896288
6204	2001719.82731
4337	83062.2468759
8970	10698.251982
9477	122512.842034
26212	0
6903	262888.357801
25803	1213.71421202
6954	527.0074868
9587	230914.777773
10930	8830.00815199
116138	870280.430286
27232	1896.14540726
107080644	1896.14540726
1769	77.1520757826
54210	38167.4428861
4201	1456971.96349
401265	5814.7012713
81578	9312.87304698
1026	2053518.19345
6659	979434.54219
2739	776571.971801
57699	18920.8257155
89822	668.464837078
6239	90830.3542859
6745	334671.347076
83732	108096.773524
51299	12972.3526734
51000	256274.591567
10799	31228.5511839
6310	74537.0850949
9972	171531.935001
7913	889787.428665
9521	85722.3824827
167	0
860	90673.207804
221391	571.8415227
9247	0
9208	243143.257952
NA	0
64284	157363.135394
6372	133.019296943
2069	12444.1797587
84767	158.504981019
26070	0
745	3425.84473582
10647	0
4246	10589.7147396
79026	845335.035242
55831	384771.992162
51066	277.478380532
7471	1724.60950395
54436	17160.2552999
23019	406458.652064
26231	65069.3722008
583	196408.679999
4495	104924.379915
4502	2907387.9251
80262	47901.9324767
2806	635507.497111
55715	152043.751241
9271	109.992850465
2841	1674.10501965
171425	24067.841983
84899	67363.6060595
5911	208375.827205
6555	0
10257	24808.1073861
1948	92367.365321
11166	0
9375	1682042.9452
78995	9566.63274458
3834	103.81877913
3659	93604.0708835
65109	96143.5728724
7737	201742.984267
23157	84533.6886569
55026	8655.73597747
4694	1607710.64241
265	0
266	0
27109	61021.9342559
652	74809.413832
5732	15969.2005786
NA	720.548697833
8603	136536.508995
2868	40960.717835
6662	392807.809297
64518	1780.79647514
4620	43.8443492718
9953	3138.08557167
399512	60207.3259387
51081	308114.990576
23163	212537.992259
79637	123537.984909
79902	116253.102127
60386	33364.0557031
57409	308951.27165
30833	275594.053287
55154	46993.7134695
10485	47.1627619339
7270	116333.091537
9329	125201.372029
64794	117073.962497
56751	0
3802	0
54776	121286.550752
79143	385473.810415
6725	5171.69550206
4987	13336.7493412
NA	162.224092306
56731	305391.914231
2832	0
79025	3925.15176169
128408	0
79144	5328254.76033
3553	9754.40472338
5342	128.829248104
27178	1038.3115324
84269	118269.088247
7849	1491185.55943
51141	248330.997726
84172	150031.012718
NA	127.471960152
54520	139807.80028
23550	147286.007424
79085	782517.07218
5623	25838.0546098
2962	961018.835626
84266	549229.454725
8192	377265.811641
8744	9766.57238
2892	3224.46653552
57187	156676.397721
5469	162542.122347
9349	2870640.10182
NA	0
84938	79551.356493
970	4738.59538556
718	1782663.95393
10045	91087.0114646
9322	436665.539392
56927	769017.427499
8740	5652.03948223
2354	32107.6914982
80207	87674.8291889
6633	1469241.81272
6253	65824.5046067
24139	224882.950702
7408	596809.416219
8189	280107.950304
56261	240931.317708
27111	80010.7812065
80025	132488.014138
7053	1833.0780278
2797	1058.49741881
81623	0
3170	2454.2392451
NA	50.1781795796
22918	187094.100064
64412	70641.8662688
5075	99.1908198896
63908	45216.0139587
10047	0
644524	0
1059	1127271.79776
9491	560529.879757
4821	138.805509191
92675	381708.562329
128817	0
10616	409088.121002
56255	458457.021999
140880	0
140901	185959.167084
6628	1905654.53621
80023	417404.304111
55317	78069.6795692
6238	2398098.79407
650	81445.4141847
7692	46505.9339886
23767	208246.34838
58495	62081.4819451
5126	2681122.81659
64096	4785.45031686
8195	97058.210129
631	15212.1544214
11034	1932606.6579
24141	192686.789756
6629	429278.426016
92667	183228.501106
164312	3020.30888052
128637	259007.414218
3704	404514.508102
6939	2427.62355495
56914	528.446087765
84515	21407.6320379
140836	427.659978243
55321	19052.1552751
83541	118734.089779
NA	0
128646	0
64949	757000.66186
140881	0
8698	16927.2651124
56926	265829.140268
4435	2831710.93879
10236	428375.751703
80818	158612.094585
4149	434260.712106
100529261	559.501204676
64860	87037.470237
8200	6913.83631493
10893	15920.3063672
63941	103659.775242
3397	1803283.27321
22913	562519.21956
83658	879642.335443
140873	0
8894	744320.29388
51614	945863.86815
140823	1208680.41013
NA	1081.4939487
128876	0
92747	3090.15708884
11190	69801.9556621
5326	103274.899752
101410538	276985.676294
2925	903.207232432
8242	418518.82584
154796	375528.166534
11070	694826.388401
5690	411797.969865
192669	23521.176253
7389	623800.168257
6487	82938.0256387
79639	87314.0494836
79654	283517.67535
3831	26246.0733414
7517	14350.7922551
10426	89051.8677449
23263	23332.8535045
2159	3204.54552457
55795	114654.729086
8858	348.596788988
57152	0
79414	99953.1469624
79713	19376.3165721
826	2387837.89002
84306	67775.8880683
2866	0
79171	674484.535658
84063	515.164621928
10054	543492.149646
2867	5269.82963418
10870	72476.8550729
2864	125.651720133
1340	2533699.4121
8689	467.101005727
7067	251073.894308
1236	7178.48076717
9572	737999.64907
83786	191647.283821
25824	6911591.06013
83596	82030.0471083
3661	325281.966846
3276	437872.455722
6237	1485199.32411
5639	227729.818373
58506	454534.571348
57479	193519.184964
60385	364.342691627
23769	808.861073055
435	183044.627921
51119	1998968.91229
1446	0
6779	0
3346	0
6776	239006.779471
65266	285.302736517
8678	236506.236075
5582	0
10131	215549.792592
84662	306040.523566
84081	232498.245916
22826	896179.698458
27245	296548.224715
2537	2325398.90687
117154	948.823111268
171017	142248.078716
10436	63469.017371
6756	36689.1406296
8409	829560.237877
5199	1396.06310205
2002	294312.123391
10245	148704.15156
64430	51747.4394289
22863	154444.59293
3895	372249.601784
6495	3636.44871371
57381	27330.8889285
9787	9185.76780101
112849	21297.930703
3306	32219.8894358
22890	178691.848971
57570	56729.4116747
81537	300113.101344
26030	160111.910106
5858	46.63258796
11105	70.7556348019
55288	200969.987798
2123	50476.6803871
101927057	2194.69706322
4974	2194.69706322
55112	84104.6876876
83543	553307.835708
286336	13043.1238282
8021	126183.070494
30848	0
554	4555.50846389
8273	303691.875515
5605	426587.39787
3188	1413371.01887
51309	230840.109825
59353	13214.5436218
55998	0
1678	54453.364297
55906	33904.9293712
821	2968966.53602
54973	232304.900181
6003	49.0260214801
64768	19785.938072
83744	37603.3111805
4958	67704.2149876
89846	24108.0424849
59269	31153.0931592
79717	560805.555361
1907	2480.37568833
64919	4879.73374029
1350	2864326.41286
7186	116770.788277
79575	260423.253484
5648	0
84239	629199.348176
57110	103086.541462
92797	8482.42921618
5908	42403.6656718
50616	0
7103	1152.76349832
144453	0
117177	44989.273604
5787	102378.216823
8445	93684.1570013
8089	221428.314277
50831	1054.97229874
50832	2930.67578025
54429	3279.7173136
155051	319889.663726
65999	178794.082224
56302	78.7794696763
3425	36733.2123412
53834	1327696.76364
84286	121827.02466
79000	6150.09858246
5300	154022.723753
54850	111048.600585
23065	154869.933454
5322	5012.33242624
23352	185502.641416
50809	581386.558167
30817	2997.43912609
23309	138259.396414
390892	0
79939	326353.65266
58513	96196.712461
10365	40290.740864
26658	0
26664	0
9002	16136.9297923
10975	442389.09687
2671	140813.7723
9143	2717.01637639
9088	7325.8647008
117166	1309.63197109
84219	110458.702537
146330	301227.650085
63922	27143.4689402
51764	0
NA	14113.2989175
643314	379768.549697
23499	379768.549697
6597	575488.318388
23030	74331.7272852
148022	210732.490729
84190	39698.07322
27190	1438.71738345
83460	55508.4855765
8388	0
79066	128906.597565
7277	338006.762093
7429	41.9625903507
14	893985.457824
25953	300407.788309
55504	40152.4458313
6049	191471.821806
1892	1942518.63425
90485	14297.4870181
10142	171262.673528
2791	65680.313431
7979	99750.5919295
2792	0
3092	446907.352228
5782	324408.118448
5447	725952.813067
10875	69579.7063733
51657	315725.040003
79689	132162.792255
2770	74654.8351419
NA	29761.1228519
5189	70033.3125308
7978	35510.820631
8910	274191.835952
84060	53566.7455909
64921	208186.354057
163131	41429.0094036
57622	3006.0157891
7538	500293.451075
79644	37841.5222015
6691	109833.275345
65997	4816.1918019
10606	159425.688947
3791	88844.8401996
5471	48797.2694351
85378	156312.586463
79924	50320.9573885
85359	904861.807899
54487	107736.756509
57168	35897.577292
29802	5712.41557823
23753	232780.50166
9514	769.986410943
7533	1042317.89956
5988	0
10739	213.672645494
25775	662.214652741
NA	791.383249596
2781	118194.192377
4248	319594.83931
135	554.030289009
468	1622507.42485
53947	44499.452082
10738	0
11135	969893.272522
80833	37595.5227374
2847	98.0686002117
8459	194589.16283
80115	7577.51305345
4357	93085.1920661
8484	752.932908972
7263	291730.340574
80831	0
3543	963.654176638
23780	283713.361157
5880	411258.576249
3976	63504.8668926
84645	29934.896337
100913187	985.17769373
200315	985.17769373
200316	47650.4499138
26150	17278.876873
3872	12475.9726645
NA	608.417595713
51234	352638.2133
7732	1272.20646321
92521	132684.385167
51200	513.559342241
9732	16018.5569609
25913	109169.909213
50833	0
9296	2146759.31996
51691	65557.8643427
222256	2007.71484918
79706	134898.374463
7425	966.505224498
5420	167579.564122
93986	3643.10371277
57464	18680.0655779
64792	228256.992918
4289	79709.37084
4189	455479.73467
2318	9919.26904062
64101	5036.342608
813	1245112.27908
64753	4786.50206418
6608	72612.1208524
3663	89072.3360124
10234	53862.7666838
23008	259773.147968
4698	190511.949278
389549	0
611	23845.1653927
6183	173632.743722
4430	165993.031173
3231	3822.73886375
3232	736.592482255
10651	330970.216697
50940	4507.43625332
1123	37268.7905642
2571	317.086887532
NA	13574.7273988
64172	57379.2455095
94101	195519.378153
8520	172004.843249
3235	57920.9410212
3236	20171.3485949
3237	550.485545454
3239	0
8924	106832.183086
6638	806680.556514
56984	333644.105743
57045	469782.316461
58504	20891.3444067
57705	15295.4990713
440275	152148.344028
55930	303245.196977
84952	55139.8996881
29767	14673.7797897
146057	27156.4913892
80237	12502.5206695
90416	36297.6406534
54617	144279.757829
79664	60125.7607825
54567	43682.4120634
8854	303.11182174
54629	100530.719576
3712	664414.060905
90417	118488.849949
1854	227309.775763
79094	23845.6803515
54982	152853.875149
10776	762371.148492
54832	230032.857468
91860	2939.54692072
3671	2459814.05443
56906	47569.7299767
4016	96208.2089355
51554	4343.58040375
25847	515768.085926
8930	280257.587786
1315	845336.750636
5682	331725.908279
25870	1091425.18026
23022	556099.665268
60559	319797.570646
8424	301812.525043
4654	0
26297	281923.42255
3746	118.017120596
7166	1341.96751793
8048	198.077165912
79733	3927.86063109
1635	812162.327741
6665	11306.2086396
54478	5040.2674942
84268	64133.9739566
9098	850.273037488
6462	3534.0502056
5338	126596.190233
23746	0
968	5438.84245514
84817	183176.465623
482	19677.8418194
9513	275228.473576
10749	873207.856874
9526	308590.717859
51105	47754.5742376
23639	29372.6048196
904	128191.586147
83448	33554.0489505
65095	165027.942038
3609	572147.241567
57153	1098504.67082
10053	1526402.68084
1032	50232.263845
57509	272416.664274
43847	1252.72271452
27180	13838.5648493
5655	556645.468706
11202	934.202011454
25983	102637.935324
11035	75181.5996825
196883	9574.98194005
84932	145753.628507
599	466315.07028
84962	194607.320419
112487	68807.9138875
10038	95423.0943739
25938	55252.6421036
3169	510.464057405
58533	335300.008179
55837	532413.077879
112399	8168.07894034
55320	64348.4573503
4901	17909.7899273
6035	422845.821794
4738	302882.710149
1603	2973172.09035
7011	96998.7798251
64097	93150.6918841
1036	20030.8587982
7905	2227285.01371
81533	297743.4266
84074	5746.96014743
2302	439.804809128
6397	267070.345497
79651	60600.9136269
15	132.594121108
9459	30058.1021761
79649	57073.6356219
2258	3702.44029353
9070	188526.629018
80185	44636.9849058
417	197.942143986
57053	1396.57958859
1028	60861.0092316
151648	2123.99987104
NA	0
6192	255.28011009
NA	0
NA	0
353513	0
9084	0
203611	0
1013	1066.65495438
83855	135314.656324
58986	769082.278597
83475	112892.201177
23383	125427.971004
25759	126848.468151
79948	9534.58638104
723961	0
81926	80790.1876344
3929	148.078085276
6861	54.3072985276
7137	1142.10865379
863	3452.28732269
2593	286715.958988
8226	180021.631927
55780	91465.6143681
55274	396007.65307
79057	501.915835559
26290	441.500407599
3742	441.500407599
3741	48638.8384755
84766	1234.57401228
158046	9156.16160625
9754	16457.3685582
27112	4269.24654582
54857	440.304966227
6303	7417738.18329
54552	71557.8052896
23677	201462.343298
158747	92566.6847214
57572	132965.832492
51295	233775.18436
3949	95301.2944026
84337	241601.549674
26526	186.022501747
55908	712.300388946
5589	1635600.07392
1264	30979.3510807
8881	406280.487436
84891	87.4905469198
51337	289620.716388
5819	588124.462062
348	757694.611101
10452	205036.423325
341	158754.262614
10912	31849.6695597
57631	7658.66225999
1804	449.241463811
23039	458078.431589
59272	12425.8861534
147965	63343.2511097
9667	276146.756343
25873	2835433.65456
148229	2152.81130764
2657	0
1463	336.429978539
547	1057.46950192
84705	46196.9971952
83483	858923.43245
684	205524.44252
376497	212514.347557
55695	134813.732714
83878	4488.98357839
79709	220452.609356
79016	209825.003672
64981	430232.533106
25796	424709.169457
51690	245233.529785
56995	100693.821202
51429	573574.598839
84816	72080.4211556
55278	102189.873338
51250	143764.329189
83861	137378.907591
4142	59.0145564936
81616	252.72508723
4298	324626.494215
2527	0
9210	0
4301	395612.535914
81	2825382.63416
65975	57739.9500221
4705	218434.220395
2056	218.331673103
10095	780285.245269
59285	0
57688	60546.6552691
23149	20297.1000773
23025	103.615031303
55201	224757.295538
113730	36503.9462004
7837	105091.294677
170463	354725.833204
9518	1421712.66774
54858	306908.136078
80726	10436.4638628
25804	488921.670075
3727	1757094.16247
3270	3136.33245124
54795	140133.956102
81061	0
25830	2751.94467572
79230	33390.4517542
92359	341817.982836
10439	4054.83005712
157922	142569.673031
10422	239596.108025
6295	0
140685	78036.3477557
85441	77227.9985789
140700	65581.387434
4046	88259.9419332
7140	452.483249282
7136	1610.24653545
283120	81101.1355058
NA	231.287236342
1289	640141.28473
25814	529384.499384
10844	272762.834272
50632	771.777077015
1571	1237.4624399
375775	52074.1612902
3050	0
10298	201164.94255
3110	0
26152	12988.5358132
64793	39470.8390432
6874	34550.8537051
140628	447.600963741
140893	22976.8094075
3911	475143.253258
9885	127535.093261
11047	641766.688527
445	1929177.9477
59335	234.556643964
23404	92250.7961511
10585	107594.654609
83549	379072.681704
84929	44720.6640261
84726	406906.797621
27243	1427627.63633
9040	707635.48922
10155	1468173.87956
84326	388285.581109
78992	761702.673599
84971	100320.43264
1968	1589067.21754
54958	153293.203363
23211	211466.414634
4861	8659.7004812
9535	83996.1509884
4294	33451.7021177
27237	140623.180184
57470	345872.469574
83667	128329.451809
27293	541500.982211
93974	964326.352495
54797	120237.058291
9473	227855.866711
6249	307098.580297
84660	1166.9703626
9026	174343.159387
57693	149175.061765
56342	35412.3323447
8666	1062659.33181
83854	4659.94469644
55337	157264.691409
1786	181058.382287
79088	80320.6460372
6535	40826.5932703
139728	57.0381310601
1736	393876.46798
55558	153646.580009
1852	104.604151739
4354	94551.4523765
55422	99085.7954481
7776	34259.9364998
56301	93.3401238273
4037	172176.914487
91574	79127.8327134
25926	187919.039241
10277	259205.237549
54897	3278.82710207
10343	490.699938639
3293	423.707867549
54754	0
22927	159437.565552
8789	0
11046	200749.184621
5638	163562.572316
7317	1976369.03485
9104	112598.871041
353497	3083.95962552
NA	0
NA	0
85313	487809.56222
80328	150033.835644
9590	121620.558226
23345	21281.8400218
79465	85527.234252
9113	122663.599237
54869	243243.803457
10288	10356.9696858
25980	317724.333407
164395	1176.22734269
140683	5669.58054348
9584	451593.038201
84701	39806.9363587
128861	0
84905	22562.139838
2686	222827.862784
117285	0
55902	114534.727945
60401	122026.603057
23229	75935.5850344
10882	104940.823634
2670	5248.42651577
5697	3688.15993091
51751	28329.8658758
529	1156823.43661
7770	47088.8311179
126299	387496.942482
83639	19273.8880864
7700	36954.8402752
6370	1761.6650671
1327	1091959.07274
10328	105146.709358
23199	307536.247242
NA	3656.42550128
51659	33628.6964877
5119	716810.514548
6451	1152071.99032
1349	390631.751793
6569	128.231894558
2161	6711.58974883
80758	17862.0443847
4772	8550.03974808
3620	15137.9304779
81025	0
10487	2274702.90467
5538	1291607.51557
84440	120377.067904
51132	252190.410344
1046	0
22	261343.012704
7187	76610.2932342
93323	15901.9484807
84658	511.774982776
64432	301817.275802
9467	101029.451359
26061	150275.796721
9779	207407.727123
23473	222480.286906
23180	588483.859102
84077	415.780534403
64145	190630.204669
117248	30526.0665188
6533	154970.784665
3748	115282.74081
9476	38193.1052728
NA	66264.5178716
7376	712992.824131
94030	3628.60105218
8572	1761390.77276
11127	82627.3988984
4245	532639.952926
9945	50057.3320475
7283	265931.781211
10197	396906.809753
6155	5346968.53786
29893	21668.5487927
8639	14313.6584716
47	567626.359031
84313	331450.003171
10266	140384.603224
314	874.312759434
2538	0
NA	530.861289263
4695	672677.243721
54882	10284.984119
1729	940109.917989
80762	1100449.9847
7322	573657.875343
NA	0
NA	0
60412	280411.35281
116983	45886.0854031
54991	17637.8285491
55107	249290.821508
8500	216142.098657
79652	112066.970654
79412	2110.65087196
79228	232461.019066
84231	556051.71585
56033	980.465251188
4814	1445983.95666
765	218.167637285
261734	68410.5909056
4131	59432.7164459
84528	221.834320265
3597	1231330.21056
54521	137934.489756
1160	17936.5534223
84240	68021.7927438
3885	0
100653049	0
3884	0
84951	7608.50070225
7153	43848.1363555
10948	231348.21818
5914	298360.314886
84152	31244.3459291
10656	18339.8605406
9557	190003.526548
8799	597982.893898
2330	20616.7688308
10401	198643.654239
5565	55097.9570943
NA	44337.2624244
2488	0
5160	363994.323899
10742	463147.927421
64087	361941.737294
57343	106349.173223
79149	9572.21024818
7691	53230.852568
57663	0
55829	275114.140948
22856	134396.016734
6627	84842.8907722
NA	243.30215771
3996	266233.734277
8431	0
79727	0
55145	109689.052177
85415	70056.5620604
83636	98269.5514899
91442	27200.2572997
341883	54.6239889441
55860	393549.462612
145447	718.765161453
2643	46543.636812
3958	4241478.49664
NA	0
79883	44866.9492913
3337	556563.823351
65249	122054.956307
84261	110850.316016
5989	133740.035169
7568	2800.20371482
79173	13762.8554144
90379	158086.583541
54862	290092.991544
83546	4016.48659192
4148	24493.340582
6737	208941.939769
54558	79403.7628167
10489	350272.654076
10693	12060.1297971
22907	304142.730723
5894	343483.82877
6538	130.021399355
5468	42631.3367239
23225	87731.8677048
84824	531.995954614
51478	30066.134935
55556	63349.9139059
NA	0
84034	143182.48801
548593	235.698965282
23647	262009.927186
85363	113940.137605
1262	536.005768762
10346	278129.164129
23378	69302.1697305
26515	392554.03019
23167	930589.233285
10086	0
55037	101736.244287
10989	457426.765002
51318	160016.760049
79781	241004.1841
80895	122701.393514
8864	63886.3810482
10267	68947.8684696
51540	3167.88409009
5791	257530.710437
5901	889559.256369
5562	245029.814339
84674	67132.8948297
23108	104339.666901
23277	193966.174807
51763	328226.101923
10514	267910.878554
6117	508695.703898
5176	279594.729568
7326	233699.548459
60678	154845.944927
57533	111155.345004
85013	431977.448236
51805	93009.5922366
25957	181388.025786
64208	308.751860954
23480	404358.081546
55915	161526.234319
63979	76488.9495532
1644	92.5960220749
53940	0
2926	369233.495006
10117	44.5233249351
3512	474980.554835
26057	242824.312757
57050	471781.779915
3691	301419.129839
23558	1204014.05248
3021	2624081.53773
85451	160894.582211
91107	328550.254673
9406	281134.059553
1984	1998833.05987
23135	143430.192055
10462	20581.8942546
55065	5462.17673279
3000	6468.88645307
2874	14194.7393685
54739	6057.83753308
1742	162979.312366
10247	121934.129164
157680	65577.2163036
26166	593.266482469
4147	168666.492325
51308	50224.2628285
84105	29115.0507653
6388	387988.226143
2319	938864.153686
26284	338610.949736
54496	40649.6732713
51388	149891.295551
7014	170064.875333
27183	267232.576972
92154	104558.116705
116835	32715.1061427
63926	40148.9982257
140856	0
64773	312832.634695
6616	43855.5944266
22903	106584.979491
5111	932338.582221
29107	216945.471118
10621	74479.5850565
54453	412153.855161
5786	902592.125873
6754	0
7818	443926.157877
57127	171.670780507
22889	126046.536345
480	231.047999067
10763	88556.3165274
63827	235.555567006
1401	144.109739567
9826	158006.265906
57111	1303724.08666
60484	129.576584215
325	0
79368	344.461595761
50717	277597.772673
23208	93487.2057744
3508	54617.7027496
91703	3573.92154125
222	9245.51959764
9633	12744.311342
25974	34762.3930124
1802	112485.521206
114034	149426.611121
4678	159108.15508
4595	65222.4681374
56259	186283.552128
64900	57567.3424601
140831	29111.4146459
55544	117838.952531
128434	344040.11825
51526	369082.55169
10955	1339734.05758
5509	57756.245844
NA	1025.3570806
29958	25644.6216417
23743	130406.859821
8546	266705.728423
84327	115858.235257
10207	294951.657103
163782	9080.48000291
27329	268.044115594
6860	0
8170	966.326539856
93611	230114.897933
79363	115212.705349
842	61063.2542705
56923	2724.25789125
51164	346583.923658
5145	548.258361858
51761	1003.71776363
23281	2200.63848603
9205	116684.255006
10208	77793.8116949
64328	69829.7467807
93492	126.970321481
51371	1118618.04613
1024	62787.3263987
241	275311.784034
NA	246209.738941
10810	65760.4679175
56163	51.5408457982
2835	0
1131	4223.29163231
4626	0
4628	1453549.11047
10400	472882.285907
6341	68152.9894105
23164	374953.324803
1116	5316667.0927
4608	29118.5505075
5287	48859.5392351
25778	119509.296292
1118	17355.2496578
254428	511969.742259
59352	34214.6645478
9911	16106.0640364
9201	15635.1298035
8900	26981.246219
57511	107914.585353
23111	328525.757146
122042	0
94240	16335.4126092
7223	759.617687871
10631	1856387.82674
5994	46969.7136642
7178	16179170.2276
55425	60850.9423091
161003	0
9365	45084.8859381
5983	79213.222748
90627	38080.500447
8471	0
79710	357089.654573
84707	1117572.25576
79589	799817.242648
NA	15430.8810507
54885	58760.6970232
79921	1143995.53703
55859	21509.7129798
84923	126364.461832
201266	165865.199418
2048	79625.1215867
10250	284550.750039
55643	387793.635944
84106	6173.39623124
84787	19277.657947
84330	86440.5017445
5158	57779.3351808
23640	397979.50419
1455	312900.166221
84250	18146.2943948
55748	541057.876478
28992	370030.902515
54663	119995.025847
85329	1023.36960432
10313	838455.445147
5920	685603.472726
54979	9001.03218358
4629	6440.52058926
123811	347218.585121
84246	175000.965363
23037	8353.88737707
22880	152893.22589
9215	74069.3316523
653689	8190.91436036
84700	59.8353853754
66035	54679.1905095
114904	63621.2321126
728441	7606.09622478
113828	52002.4774264
284904	6529.14877606
NA	2043.06083824
474344	49868.6726687
55303	113080.474667
90956	294667.561336
23608	565028.531281
116988	141795.061784
84626	49947.512265
NA	51098.9716875
57180	29163.4430216
4922	560.220820373
694	294568.739311
84125	4109.89158721
91298	52911.0944014
79572	388455.734868
6441	195858.881588
84332	1060.21506168
80195	244924.266839
83857	12102.5202506
3845	105582.290808
10526	242878.697436
51520	333412.474531
11005	4242.04337241
3612	140428.936635
85444	73326.2505755
1875	42126.8164128
759	713.817908621
29080	110274.227524
23075	387430.616732
406	294482.553549
10894	8839.48233265
272	57537.6114464
81846	125386.732668
9645	156294.072652
84953	156294.072652
22800	183664.169561
3295	587112.463373
196441	87204.4247837
56154	24.897635705
51669	3716684.16804
79845	32800.009327
78986	707.556348019
5977	174755.614313
4221	230745.623296
11161	431656.56063
145258	91892.7611477
80017	153484.865414
57578	1183.52412583
8650	127675.938982
79820	772.975488625
55237	0
51241	240347.662426
23508	112712.627676
10001	85827.2726139
1965	238635.630075
8748	311.679204179
4017	129391.834844
55140	189151.786767
157310	771290.723891
27299	3573.18857949
9811	106831.574466
83876	2943.22950456
8932	393488.915475
51124	295488.537926
92259	310878.616419
891	106367.128357
1022	274055.439807
4064	8350.76277558
3656	129308.39082
8536	44731.5042169
25917	199721.594052
7428	216907.049867
8553	3718724.97561
55207	1267250.51462
9695	633957.253862
27255	46032.8640098
10752	64877.3275315
4212	12746.8654712
89978	30016.9253043
79768	41863.1795909
56851	960070.235227
4308	0
2780	0
2944	1849.56130718
55119	190592.253071
83998	83.1323003799
10100	15242.8801805
7252	540.746974352
2949	2656.07215824
2947	114135.065431
148281	512.035683198
10451	17292.6732531
27159	3071.82105702
84722	21562.4513303
3158	0
26191	11800.9651158
6272	755746.539566
7482	2727.88573973
5738	267249.37942
10542	620282.294716
11085	0
4853	512020.515382
80263	28785.4915804
10390	89223.250768
9398	21922.7129547
79679	63314.0213577
4803	5824.2632567
10717	40347.2377387
8774	209026.58513
56907	135650.22919
51535	81989.9647699
51303	26126.6858687
377	1430309.9087
79022	432354.515662
54407	378744.603049
51054	17022.3418236
10971	1810145.81269
57498	310347.775418
29841	41409.9844074
9475	97175.3494475
91543	61271.9792576
4613	5468.36092856
23175	73519.4771989
129607	36314.5154282
285148	132067.380414
3939	1785306.17732
6289	1564.69398416
63982	2300.42190115
3572	938613.54888
10468	11540.9137005
10877	0
89796	68828.5907655
79577	193587.416818
10440	245497.279227
23418	1552.22989666
81494	0
10595	232.397859325
6210	1505034.19853
30062	0
4677	1260448.66511
2922	23203.192145
57614	114731.860419
84893	233705.480204
84991	331818.905365
3559	27703.237073
54522	42906.9201054
79746	163331.076844
3601	55669.3226705
902	190928.705514
59340	554.162452723
85019	18173.2843633
284252	60545.0524258
91768	50447.9381969
1794	17616.6051146
2012	761741.045648
6660	1732.1552771
85004	3352.96945174
10599	0
3824	2469.34075693
3821	10439.9440871
80763	8212.62485756
5555	2685.16232046
4038	556645.451174
4607	135.692114592
1643	173030.860407
53	309134.211672
83844	70.0557600065
8933	1547060.15235
9363	5309.03488094
6658	0
51634	177007.553616
51765	83460.7646746
219595	0
143689	3440.23272537
4544	0
9698	458224.134779
90853	11639.8362123
8565	349892.990029
1912	617125.555181
55143	22698.8890923
29889	211429.807976
192670	89907.462744
51361	218924.509179
1573	3787.57989426
91408	209612.545892
23318	74822.5703251
84950	238904.937775
1824	88609.5503784
1830	210.230678897
51444	105975.720274
55250	237200.555943
1828	55.289627804
1825	46092.2420995
1823	135.978049743
1837	85684.7265194
80206	25009.5984816
25941	159598.367001
747	49884.8241878
29015	520076.002454
26519	790793.386075
2694	0
9704	63724.7904729
187	87549.365471
9415	11271.8231088
746	366194.450294
6947	1464.72194314
27202	1835.69367609
55858	155103.502375
9575	93987.4973422
5156	15426.1243056
87769	29981.830301
1284	998122.578959
9071	341240.777929
22873	28283.8758338
337867	397562.861434
55082	223523.615295
54841	64393.2508057
100533467	89900.6032374
2073	89900.6032374
7174	167769.071314
79070	32632.6063838
79587	112515.74575
9743	43101.5049204
3703	503116.432898
11095	770.412005908
56	525.101492273
2113	235465.0137
219855	19963.4174932
152831	429.699133022
51014	733260.812623
324	59360.0644254
9315	64656.9946821
134430	114544.27876
26578	673666.598328
55312	298020.762775
29979	547754.19505
60560	160303.77965
55071	50039.8930881
301	6815457.01722
1514	1059535.18769
23670	121401.937445
23287	77078.2861252
51280	585907.203062
9413	249373.379771
29968	167752.167407
81689	166231.293327
8728	18808.4347726
84868	34427.4152149
79616	58247.9030755
51347	132800.601641
84749	97547.7002953
10993	6472.23399541
4440	2631.28527714
6927	0
23014	478341.162825
6926	873095.517699
8638	21466.9014953
8739	64745.7112719
84900	41406.2803815
5025	79081.6105226
92558	48026.19996
1840	62153.6076107
10906	197812.928962
9988	79803.1594018
4951	0
79161	398153.270144
57639	22477.3363705
85025	354247.941626
948	4736.81519154
79799	189.667619351
1447	0
54490	0
50640	177671.443593
29923	61723.5242028
84691	0
60561	89775.8335175
6733	143564.867937
375616	33155.2731673
26136	686602.099835
29969	647297.784846
25821	56122.8701147
577	17404.9703718
22881	69274.4982382
3351	1613.22847348
80759	18116.3149768
22832	52092.4853805
10492	532206.137862
57231	290381.125227
4907	2090769.72538
112609	944.10955717
2045	116.837899099
55122	481256.96242
23595	195765.209661
167691	112617.629552
6885	235294.294912
1081	0
84694	0
79899	10577.6679534
4005	46419.883962
51317	80523.0233761
55226	260356.979887
26298	287997.696018
2001	2519.99641385
79056	162413.89156
4076	863250.326497
517	1136931.96261
85406	139161.169321
967	11349236.9293
5630	10873.4489805
10677	14595.485323
269	82.5415364488
90070	0
10220	46691.755379
27165	22719.9914449
3679	107941.767717
9840	3293.87545033
84070	2564.34130772
5959	37672.6434672
116986	9020.46004346
2647	400501.503634
3891	214.066439533
1019	635575.354269
5502	802.157804494
10024	4553.27004655
6302	273880.359337
2583	4644.35636999
7024	199859.912163
93058	50053.3607776
23017	1102.65244844
9924	90086.6800409
9700	2384.45693381
NA	8982.5432438
3855	8277103.62032
84872	27652.0778512
3178	3010943.81349
65012	203.728572423
91	135800.382114
10956	1336461.01164
4284	173.465427256
23416	11097.8015034
84946	252648.872896
9053	248799.102521
8763	1585512.72508
246269	13642.7581911
57224	16510.6302755
54806	71552.8447572
23493	146620.750571
5570	24113.8172173
9038	0
4829	737.007932048
6610	106694.157233
64780	51565.6958488
85021	116158.498437
8676	50206.082399
7006	40350.7270787
84279	136419.277736
10505	71814.1854584
10574	1296404.95674
1961	122.162862948
26056	233744.078381
10322	257562.903382
8291	116207.85312
84865	16306.8836915
2016	105.286847435
27345	26273.7128078
9958	39912.8243501
2799	1075158.75886
1368	51833.1271971
4193	156402.822591
79786	236023.637953
53630	0
10200	90561.7847169
23563	349.646147173
9764	29146.5495164
1783	325529.939853
55336	30429.7153592
29109	258910.191367
92922	86821.9320973
6553	11520.9341066
183	25603.2244853
NA	363.317016236
80003	51013.75251
3775	215203.877753
9816	46114.5163041
54583	181383.282351
10753	111.986550415
22796	61909.7443801
23456	75870.2564033
84284	67494.2882844
27097	107873.961368
2752	1198111.49388
10228	199236.331713
85397	477.814865744
6041	94581.2807882
1660	825515.730317
57710	14155.9018379
9857	105037.51911
80896	21946.39258
116496	277582.434925
5279	125933.709046
3915	1075992.30176
149041	41634.4157651
9290	984.342797379
3431	14846.8718069
65080	262804.885646
1144	463.571400426
5077	0
55619	17924.112836
9654	25013.9629018
57695	27100.1545287
3357	10472.3379979
81618	729678.49966
80704	2016.15718397
5270	32627.4596898
3300	617762.903515
80326	112680.131829
64114	1557964.79741
1593	176681.777501
9470	167787.449675
80210	55996.2774348
51719	428691.388791
1329	1124445.99498
51455	84471.790837
80705	24293.5802393
84804	46612.5873103
55654	527538.632872
10913	262.432105944
9392	209819.101142
9648	135877.028556
64965	285680.438604
11250	222.173775996
79074	94520.0306946
375248	4174.04099344
26122	195702.93678
50649	24297.6108982
23479	1209932.25776
160428	14472.9748556
55576	125.056470813
84101	1940.90614708
55681	176055.704974
10970	496872.596079
10154	462636.136803
55198	127735.959458
11137	365500.581822
55332	150817.565279
23325	172010.643159
84102	110097.910613
50853	28248.9359007
2317	874681.56313
4752	25014.1044203
5100	4905.46755238
51028	217035.839233
79621	103349.638653
26586	79827.6680303
11061	535.100353612
9882	63458.1762098
55901	15611.8884531
79866	10471.5677018
23143	52456.970754
8803	284551.979724
55213	444025.659726
29079	390746.102776
51131	94594.3058217
NA	170337.947641
83548	142391.010542
4008	345902.594636
8796	529522.584599
9445	1598006.29609
10253	156756.104467
55270	202491.699813
1910	25018.8763658
1102	205109.827241
3936	970519.014664
83852	40961.2189224
9805	563616.027876
79020	2503.2855623
64759	174568.359762
285955	1205.81063703
55501	24050.0256723
10643	2763.58490699
10457	2232658.36948
9771	71114.3233962
5879	1849058.23125
11014	1408603.17764
11097	92514.9210239
3569	3789.41052737
55146	320668.276607
313	12161.2608001
28969	337562.110893
1607	0
9238	144114.706299
54606	265040.589471
3364	70492.3296577
23148	16890.1773063
80099	0
28988	193256.747917
83605	206271.219018
64005	23323.1112947
80727	225709.85162
221938	0
27141	1543.61448682
NA	861.66506002
91875	47484.2705549
26257	45595.133065
7080	1494017.77036
85446	12701.3071165
10588	58325.1739586
11173	13185.4818829
58489	269325.091057
3658	143228.891122
57538	20278.9012498
53346	45286.7970572
10518	35181.3106053
10241	227656.293185
55316	230617.120416
4836	471384.924532
84073	1292.56371935
6426	718302.052882
7716	471477.760215
1101	14019.5104854
51204	153531.964267
55852	252862.121253
10238	472736.055426
2689	0
1442	0
80774	27599.9762861
83990	3234.12841261
11143	149824.698368
64108	37185.2277478
86	229381.335111
4711	241563.858901
57129	324930.120418
6434	193464.049869
6326	420.537473174
10716	0
64844	334852.662058
57471	1520.32002737
11227	32411.2696242
6332	141.718460335
10010	247440.736571
640	362.749687979
2626	0
6498	267208.845766
2058	810349.822674
3142	20419.0261202
11311	120891.662962
3586	2936.10844517
51133	236829.402194
26750	66144.9735977
150472	31230.8427918
56300	210.421105237
3557	149828.099011
27179	0
26525	10386.4724998
27177	0
84639	181.829132891
55997	0
55627	175528.007629
55339	117148.270136
84317	376220.918459
79595	176167.64812
274	105273.111065
92856	243902.095082
9394	114899.898579
56886	193920.041245
2995	31796.8227809
8027	657964.626015
2572	0
10006	335473.500055
10730	569598.313533
64215	327999.471718
25934	138506.741743
56262	559386.202038
1025	528493.647913
7295	1579805.54381
4957	110329.384198
23392	400635.906826
27348	156313.027561
51759	339584.751859
10592	98858.8802952
9314	161499.204656
1861	302486.764276
9649	34490.8769661
64855	3082155.07146
347168	0
286362	0
27090	166279.077792
7111	163985.45745
153090	651250.818078
6812	268766.28959
29988	70894.984494
23452	246700.7554
55755	295537.694812
7539	23718.5716073
1318	8581.55082539
1317	151732.208793
7099	26408.3291207
7743	172046.375972
229	710.847307777
55014	89871.1204025
9128	188550.821971
2356	479560.993379
10868	251460.271637
570	257.050273143
113220	58564.26055
9550	2462787.96476
54881	87422.2751337
84253	8955.53960215
54534	155997.063072
8818	375929.09158
401551	837.436554367
158427	57927.9453219
9568	428586.491803
55363	0
5695	1035589.76557
2516	0
51531	67016.343438
10244	93748.4491323
2800	72221.3896768
7507	179012.914079
4686	155239.801266
10541	2088389.66008
254973	0
5082	143298.979179
11224	5256182.12666
1515	14210.1401707
4010	896.545498128
81873	348779.102212
5168	139472.699767
79075	15617.8861052
79139	363376.239321
4609	68990.9171232
4856	136554.086947
90865	18567.2530117
90871	378269.812462
26953	220114.341924
64425	229230.004508
9373	203958.88775
3590	72884.2346624
55833	70066.5433964
54840	108136.122379
152006	237442.630745
7094	1027227.55335
6366	2199.85700929
27240	18818.9726974
3452	0
1761	56326.6185116
25822	86951.6728739
26206	18668.8820407
11258	267554.373672
971	14150.2910994
51754	273792.490042
9380	244609.730038
219	159965.336108
84681	161740.46808
84904	2056.27028332
347252	3453.75537781
55667	227091.654137
6194	14114512.7704
10695	945265.193276
116113	654981.218765
51645	241449.499153
89953	127756.841421
63971	157327.153346
7746	57762.7231558
5292	128267.107717
2766	89508.1604642
23070	208618.521707
7020	2183.58153597
10864	82.3309116039
25844	1065459.99502
81853	252085.795109
55362	311183.569678
10817	49582.2215223
93643	84258.3416324
11131	818.205481056
27283	0
3062	295.70379351
9856	971.715979566
3662	8025.11417633
63027	8778.66067499
7280	76336.4394053
55227	200248.531732
8521	0
2295	4912.71222377
670	35870.6095868
8737	225661.342412
347733	4632.33335594
84300	91529.8151174
3159	2081584.67981
6941	52035.5097213
10211	1504677.33722
8870	699398.786866
9656	112241.811425
84547	18453.2521515
79969	41524.1410795
7172	690853.302646
1208	0
255488	428473.482557
11270	96273.0576547
23787	2867490.38856
57176	94971.9518231
129685	76113.2520786
51439	295720.611387
347744	5255.76697243
9982	6410.17936483
83888	1161.52450091
132864	52274.2669351
85462	82978.6197372
7097	111589.318123
84709	4771.01176624
83894	87.149197247
4647	11849.9542478
9873	245379.886853
408	30243.8817798
11309	88845.234624
5612	127584.304406
338699	83305.3525524
10068	24719.0039518
4926	605806.287331
60492	113257.933159
54843	29795.897458
27314	32616.3383559
58487	150258.069273
2615	110512.843577
5547	94774.3366208
79731	170471.126798
55298	218335.345629
29088	457149.126617
51050	1095.6247039
7274	364.647708531
8836	38686.5588561
81796	290.61361612
23213	705140.724764
96764	134120.204389
6386	818208.683325
4750	69871.2030527
55601	174744.908248
54827	536.996995334
6653	149901.100174
56649	360349.315533
84811	197686.603923
7225	16100.2357675
4316	785391.566853
9313	2959.58810502
64066	758.967917477
85016	22598.6066478
84259	147581.936586
10413	972057.27371
23650	14237.7122469
2542	99328.5581927
54766	0
25833	63276.4287929
5962	297957.817208
5519	68446.9795178
2230	209045.426395
64776	79663.4201549
53826	37842.0836151
57569	62192.5048556
486	259.500558737
4322	198471.503022
84000	21641.9694598
834	35021.6284076
838	729.600817153
91801	70758.6496891
5607	89752.0671294
440279	776.823995554
58472	321318.751587
51496	74781.0264552
79811	260655.95181
7057	743582.416215
23005	41382.8850859
51203	29997.6327626
51103	176499.812428
9493	6875.88990266
NA	0
22801	42872.9128188
57082	4872.73693064
55142	113989.537245
23168	339096.71088
56965	109421.162053
6176	6939851.44711
54852	2892.61403664
54839	11160.6798205
27229	34052.3922699
55177	308153.767424
3706	6940.27545953
55075	247578.141851
4091	59683.6132663
5330	19003.172957
80021	140119.457724
56924	2788.23443767
106821730	2788.23443767
102	202914.766997
53905	462282.519942
9153	55.9285680329
64220	108411.47081
1588	103.252740984
54816	38107.7592161
80031	25883.2708584
10017	15630.8263011
51187	764409.735102
51332	7601.96980453
145781	420.294000907
2644	86867.7696629
723788	150834.622564
8412	150834.622564
79739	2561.45733151
54874	514201.968386
56267	416053.442216
2959	320006.525419
676	201.002163286
5876	246477.73846
10964	13753.4029038
54810	2192.65888669
9411	111689.364773
10561	94466.4798947
204962	645.393832859
NA	220798.499503
9635	775.038590463
58511	2360.82215632
1629	70495.0727791
8634	256342.37627
26160	116795.360331
85465	106176.540994
10669	3594.71558835
3032	883762.742338
3795	10058.9540111
109	38634.3986353
5495	136952.945165
87178	110688.714856
51626	147768.654024
3973	58.0878426139
80745	49219.7146605
1545	751012.308244
391365	219.155566209
5861	1236407.60369
10097	1197663.49073
10113	284521.214286
8884	61588.1480369
64240	0
9581	258041.36542
6519	488.333951612
11117	237191.050495
80204	131192.829548
6496	0
51374	1521516.55462
79172	25259.6846881
10128	394751.718187
57159	32988.3043854
1838	144743.572356
10121	579822.722893
1559	0
79847	63577.489698
1558	7341.4131232
26509	986569.27321
84171	82750.2741202
57559	9965.63406203
9023	85426.4757488
10660	0
84896	276397.901514
118663	0
3832	29157.6109281
50624	502.969616444
10579	99101.1347469
1847	2147043.61616
51063	52788.0745667
403	299370.55132
55165	12961.0652043
9585	37044.6801121
953	485906.141473
54536	238240.997461
51196	65553.0651818
5950	5210.42736777
51163	109903.742333
23317	199063.823035
53836	4104.32685833
310	1731734.81669
317662	91664.5355828
51008	100796.455749
84647	8495.19249334
22891	8385.3030761
170392	2824.00248635
140766	54394.7941922
6229	5225134.62854
80312	5783.86177508
1763	6383.96967316
84665	41.1304709953
316	888.495163581
471	782875.793318
50485	103789.011766
580	29243.9208033
6775	49057.3289207
2660	2675.37535645
79800	35473.8405644
54529	432672.515264
29081	159532.248205
6741	493244.684646
4664	374399.727861
65061	330.999491384
9360	349497.803815
79675	51669.7037025
130752	22969.0536353
57520	9975.27344776
3417	445935.852128
29789	311279.045551
9541	375733.640815
6744	339171.942553
1134	6827.62887958
150864	76985.4403166
55759	66802.3406353
10152	129651.544361
3685	1120890.24042
30061	1561485.9399
55032	251727.466274
84925	112082.592273
57337	74729.1013326
9626	0
84692	402.189924137
10063	204951.319048
83666	245612.139932
55329	20874.0425483
9101	80984.2413298
9728	266046.392466
112268148	184765.642603
29766	184765.642603
84888	151858.203873
26035	105859.906436
90525	104368.696215
83464	233668.539248
81556	264653.771377
8483	7342.38490477
54956	86137.2812921
60490	45235.2506635
10021	42464.422989
8482	25338.4319065
84993	431027.261743
83478	33672.1663926
10144	84796.1227583
8916	112062.764565
55008	82758.3700586
51191	60927.6385285
57575	2629.17660869
64579	0
55345	4721.12562162
55435	135325.698603
51138	302595.698638
3184	586502.487566
5593	1986.57923826
153020	35505.8948818
22872	629630.107395
2250	48.4129918684
84803	113623.756324
59067	0
2247	68791.3957179
55212	62357.6779582
84162	124351.780349
658	2898.29069856
5910	217785.84392
55132	65197.036078
22915	7325.40406652
8654	1138264.30438
11107	27735.2572062
7222	666.317405293
27163	69160.0706416
53371	194159.314652
4283	34125.0811398
55589	26764.8531604
9908	784631.387934
55752	350196.017273
80144	47349.5499842
950	2083593.11526
901	229207.398004
246175	153855.185705
8615	646268.890517
8999	75648.0847259
57619	126201.812841
306	717989.012932
27068	448549.615225
1062	4089.44193723
79807	74359.7099072
57117	167954.594884
2028	12021.6743717
839	176051.963725
51176	42574.0653662
3033	554528.145523
1950	5545.06147406
9061	564815.500908
10427	289212.701462
84103	623.326549092
5530	269102.477646
64116	85590.7328987
4547	268.971031148
2201	18418.3844964
23162	72729.3902367
5998	121579.859217
83606	470931.632765
164714	0
91445	448502.788137
85352	4387.33147284
64098	14894.7804529
283358	219989.853562
5149	388.729752646
121506	174515.94418
2120	167702.795431
23710	613737.49326
55605	63565.7317829
144402	30731.7220209
51067	116179.437184
121512	44695.034422
84920	16143.311587
5288	49.0094726121
58516	191162.522244
89869	0
121536	210760.494116
53919	477.993621773
254013	11880.7653158
55500	166408.131097
85437	419663.645821
84216	100704.849534
144165	265515.770215
51279	199282.299941
4704	61759.4347754
9746	245502.119565
10219	2682.50462103
6843	78029.7883989
55080	179165.518608
939	22447.9025885
83758	19938.5140769
5830	187625.99673
196500	137010.812607
55089	1611.28248015
347902	339854.552528
9169	227318.662121
1280	528.285855476
8499	711.303351191
23519	0
84298	50425.2473183
NA	456055.937759
121227	566225.947732
92979	155667.48461
83729	192.624295341
11010	41568.9862034
121278	0
22822	246008.845216
55266	71252.5818991
8549	1824.90518615
374462	863.673764742
1848	2145259.52186
282809	62518.5980794
160418	90320.5383366
4060	2123411.97822
11081	4835.20837566
6636	182645.242749
144193	2594.61913829
121441	99613.1531979
50511	2047.60783001
429	0
283431	7346.01464024
114795	3421.03471738
121260	171291.049488
6996	60528.1480689
84934	310502.814285
113675	216213.382953
326625	116013.953529
51228	933937.21693
9815	49469.0042755
84260	48428.9263411
84915	11858.6596009
121643	0
9818	105570.34
9107	195111.595303
283537	147574.517826
6541	220541.671032
3651	116.106007688
222484	157710.777544
6821	130810.666636
85478	18110.5800816
283375	1300.36328899
6895	82286.4851193
8608	922.11096348
50846	3599.76601521
94	67064.2122548
53831	10517.9653778
8620	0
79035	346022.233532
90634	73792.5434386
1990	0
6601	375306.148642
675	5063.27391824
54934	153680.737273
91012	170124.013802
7786	42076.3015477
3695	46333.9666452
11226	18418.0759978
51380	44979.3086912
55716	69149.7966474
60314	387483.462439
23344	804957.836124
7009	4700033.97403
283373	148120.71229
112802	0
283337	130051.52679
79024	1762.02139094
115825	49266.3661248
144983	49377.3285009
10161	142051.668206
2098	688513.200185
5925	251547.533346
55206	153387.225084
283385	14609.4238314
23067	136354.091037
65082	67339.7756592
79720	153117.142968
54509	28563.6182071
8562	465860.323106
81624	3560.25900884
122060	67097.5017159
64062	120490.093455
84530	197.202801512
196541	0
10150	282512.199054
140432	211.032794496
85416	0
84945	104228.219546
55647	468856.48085
79774	44911.4840457
8451	298684.054846
319089	69.4608599992
6751	1487.40040861
64403	55627.9743631
161253	2267.61833149
643866	32869.0578906
283629	6791.65833431
4857	13816.6611446
161247	3643.15802868
161357	0
81542	249654.188126
122786	52796.5682231
57161	14107.3977691
6252	12954.6741324
145407	13972.0726481
83851	701.852438879
145389	26629.083176
122830	94668.8759233
8747	655.487867329
145226	4067.30778119
8816	199783.614427
376267	186469.907316
112840	145507.276212
2100	1026.30150289
27133	0
85439	46243.4660848
90141	24029.3703964
8477	6935.24138092
145482	54464.4479179
122953	41682.6154095
122481	8941.95026693
90050	26901.7936177
123041	241.782785368
10516	61252.7247864
51156	0
122616	97757.0142151
7453	1266295.54546
283600	1129.8876468
91833	77667.4406993
81614	240755.36374
9990	74703.2588466
90527	537919.133617
4236	573053.017041
6938	184385.558873
6652	512822.779525
10169	944143.775612
146050	68152.4588451
405753	48889.5394861
50506	443042.343187
256586	83026.0401444
11001	151097.673298
2252	7110.12819768
3067	220.208133387
9245	2197.4787855
663	87416.7799497
2958	185883.797703
6727	2754637.90614
22893	490227.719494
85455	4849.55148764
146059	62591.3626594
7090	199662.880706
8125	319211.382755
54939	166029.981027
92912	356870.261377
9051	11438.468675
2108	194395.474014
597	18398.8040777
10363	97413.5025749
49855	84713.2533285
10099	1066346.67618
80349	134678.757902
10499	178932.235353
79661	27916.4327654
4123	213450.657669
55466	48551.0544682
59274	62571.2889034
7168	195168.101778
3480	328642.906477
91947	111745.388809
80119	1247.34160321
9960	87555.6690052
1583	1164.51897828
585	90354.792159
5371	228482.707287
1543	0
170691	8631.80971616
55180	41711.9998882
25989	176078.657276
653643	0
5046	617.128767086
80125	1192.40142194
60677	80.9311943219
10066	609916.515426
1544	10112.2459298
79748	0
145864	78857.7573332
51458	222.770330055
5428	160584.881132
6017	292.575441035
55215	33689.5948789
11057	326310.350968
56964	4711.1981969
90381	5011.33815257
4916	2344.75974015
55070	67624.4983128
4240	2273654.0554
374655	137013.29835
55898	300992.545381
8128	8608.62221154
55784	148434.91946
5045	1206543.40209
8826	1483125.32576
64784	154454.617376
79631	172154.962473
6457	86.3458594192
23478	731156.232674
124404	0
84656	572693.158857
5373	25448.7055464
6524	5654.24303821
3687	18061.5910517
7041	147098.489681
64755	355816.871903
79798	54724.6665216
5073	332593.077936
79068	114299.196348
7385	667147.434727
1039	273611.394591
10261	51137.332925
55114	127451.418057
91807	243.966498825
94160	38.9459663663
85407	4494.96301529
9785	232222.729764
54957	51664.0235419
91862	78699.3214042
10164	1196.77496347
388289	120130.819161
463	120130.819161
497190	184.779589708
221184	88036.1231731
84166	59079.6411732
10300	107525.138943
3801	224168.179068
170692	4522.25771542
283927	36164.6822627
2653	55913.8124107
123920	373832.419198
146225	3027.4313664
1009	129533.288729
8996	172365.266846
81631	488559.547977
8720	467508.506262
1012	19363.9192003
23174	315922.090233
57707	33739.5890079
161931	282.54062294
29948	33318.2967385
3394	19182.4803763
89941	196374.866094
6123	0
54925	8610.85320259
6187	6415822.34163
4716	1270892.34527
5170	92036.4119221
91151	24077.348482
54849	233056.83912
22980	523658.668832
2588	54329.8177644
2622	133683.919628
55090	82205.2601926
9611	229416.923787
NA	2059.44060445
8533	335167.310251
79018	87337.278931
57336	50324.0424538
93649	1832.26400143
8844	37366.4903271
84916	198528.479208
57610	42523.3040967
1506	0
64180	287.791006171
81577	21726.6947512
28987	573773.370139
5636	120532.089369
146862	204.52975892
58488	70175.4385965
26689	0
10040	119585.134183
84643	0
55028	112839.502233
10140	263543.044236
55275	81352.2890188
84690	203.063723935
9905	142174.117602
9520	274643.951166
8631	11843.3389443
90506	16784.4409262
90507	387811.006547
85464	46062.995753
162494	752.282707842
124912	236.082215632
22901	35443.513691
10351	8084.07828836
92579	404274.842768
1213	1368957.11444
124773	245.254328739
54828	35023.6328448
51651	52991.4922619
6760	412554.824561
6875	26965.8839182
10939	220722.971847
10650	32301.1921365
3613	50712.3115429
2774	16986.178314
25800	732814.07268
55197	284671.190758
83608	106302.636204
2589	498904.910237
80816	509.196935676
116	228.947010691
4225	112.420102682
147407	220.152483114
64762	46542.3235862
114799	124048.971613
114876	93354.8892994
2627	49905.8055523
80000	23951.2241012
29919	140773.762327
27043	297842.644181
4864	197103.878012
6563	3643.42691627
409	93782.7421821
284111	96.9876837765
84225	17319.1285709
55135	26258.1713396
50488	251153.484413
112483	748310.215588
432	12008.8245491
23533	11489.9006385
7157	331105.307423
55036	11398.3555831
396	1367482.0403
11322	366217.192537
9123	119509.830527
79092	1167.46797423
94015	46406.9556409
10966	37786.1134861
9775	349310.896563
1453	434702.441003
51529	251803.051724
6904	217775.125585
79672	400727.907583
26502	80819.4641425
57521	101010.198636
3607	164213.127568
201292	200872.964763
57332	24058.9548999
6398	16573.5934358
114804	4950.10121189
22994	95695.4439414
79755	1251.30568371
56270	533622.457397
8535	258015.728978
494470	20063.9905249
54808	227590.609036
5596	3323.66239899
55520	45056.6179193
4152	201421.181457
4089	151884.176145
8792	6457.93673361
54877	46812.78521
201456	1874.03114054
147381	0
5366	95884.2373232
10609	183778.642624
115024	267937.748881
162427	406251.377917
2064	741891.279053
2886	296920.149732
84299	375138.966753
5409	12755.245034
390790	84.9564438932
342667	70911.0362318
3487	7862992.90546
60681	684736.769901
10907	170087.510552
773	1808.23411313
113230	105716.492914
90378	447697.634077
23476	189721.431441
29985	72850.4492551
4782	697262.6484
91978	11116.1524501
8612	214349.688034
114026	0
63977	13733.0353748
5211	381080.495284
55527	5993.48095433
7409	21179.9473452
93343	220956.178189
117286	0
NA	0
6455	533324.139901
56931	104607.368561
91039	124887.605516
63946	0
90324	326023.299456
641649	43307.9145993
57677	55795.3754753
23410	110972.256238
10410	2112802.72717
80162	50237.038775
30811	3956.24151804
1291	2447940.60312
8389	0
3454	517303.305931
6647	1822972.14574
1292	2052076.93806
150094	16819.0459352
29947	0
7226	16370.479543
57410	705947.574407
757	370034.056796
351	3947914.37987
9980	149628.280806
9875	118903.989241
207	333566.277339
29949	336.738838686
2014	573271.91549
10055	783156.868655
126147	2050.84582825
114783	97637.3490982
79760	75210.9859595
23624	1287.31341139
126374	84156.1842571
81794	21334.3313116
6531	195.279842116
57140	210560.898323
11132	41532.9706807
4542	24487.1100922
NA	41623.4143268
91662	1084.36347864
59283	431.571353372
126208	121104.195784
90580	202315.995998
84467	147645.579543
10498	156564.638113
115704	106082.931865
9032	311.56773093
55244	237778.424451
5694	1171551.47346
2854	0
89790	19876.1010177
93650	431.152375986
354	125.19125899
25888	32582.6313316
112703	54886.8538104
6205	17034926.6866
113091	0
NA	0
23521	17435370.2045
90353	18505.3615981
51070	170482.703935
402665	2785.69767102
57333	216710.615196
80110	55448.6580082
6518	3948.10733537
473	361720.520158
79258	528.789770184
85452	111.449290051
63976	36033.7794384
63036	0
51702	0
114827	5102.36260649
29943	2191.33217079
1969	528676.576152
128272	172212.678005
79180	1937556.87192
5195	183536.383991
5226	834625.45265
127294	941.369543636
83442	2339307.74343
10256	214464.021748
6135	10275721.4088
58985	11415.9841941
51042	36817.2387813
127703	171236.045188
79932	378409.217919
55194	99271.4994582
84970	0
63950	90.0406589851
10733	16261.861319
9064	390029.182541
8547	22110.2379614
54707	139445.926977
84958	241030.894596
23038	636196.894214
10136	0
84224	28773.8196606
3339	295115.064096
23421	59469.8842285
26135	881395.236668
8915	151628.597493
3491	718915.062782
5567	91860.5372374
10026	170130.788043
64129	342837.779926
113451	36967.2571374
6202	8650644.45205
11004	19512.7196052
5792	1562804.54168
266675	10781.1262908
148932	96302.8681026
1580	1643758.58922
199964	18794.038187
63948	0
8543	221034.149838
284612	37735.6243986
343472	293.46248128
22823	67963.6311032
126969	90585.9557609
3321	371059.989209
90874	62615.4102602
55917	118717.404925
85369	107550.027747
3744	0
5686	302353.51264
163479	0
128346	47732.4465239
963	191958.676532
84432	651.078756114
1952	586053.023243
8515	4364.90615452
23432	37073.7840743
223	1433559.29748
481	8637711.06735
261726	226262.808445
29922	64737.224885
57645	201183.798053
25874	333961.051152
8804	1209813.32642
55827	275783.786708
10223	2514.12229634
6258	685454.555246
9095	12659.8845383
7371	39413.7791346
54499	340511.391115
6375	14232.2863132
6846	4625.54004786
5451	43447.490139
84944	922.430512156
387597	1003.9105453
1805	23087.4130919
4259	226332.056658
55811	189.204186497
64326	232696.668157
81607	323548.586703
51506	973044.931499
5498	54269.1879358
2212	114207.104201
9103	114207.104201
83540	5095.92099595
8490	290253.410321
6391	144472.812657
5202	1145225.41264
9970	615.028101842
27005	127832.498539
2165	118.522908256
5546	278929.873453
83416	982.044227356
51093	224589.503923
79590	480713.532381
93183	134197.89904
844	533.788833138
81875	121626.757887
1382	2305890.11714
3068	1456092.6971
27	55022.8095776
9213	604702.466776
6004	216439.825107
26092	328857.00183
148753	0
83872	29680.4863989
23179	98691.2665003
127018	137749.913417
56956	0
58497	224019.131215
6097	129385.729721
7286	98016.7336055
10262	805306.407867
1893	114510.413966
57592	205356.946333
80222	183046.232974
57530	293409.586176
81609	257831.372741
9869	112828.194153
54507	23521.2323139
4170	2072528.01732
1513	671092.785964
5993	361931.642346
5298	425193.330175
8394	240041.233583
81611	702553.168995
55793	236011.241548
8416	447975.700857
8991	603966.221648
29956	1150019.30559
2029	651811.264163
NA	10705.7315336
10500	10797.4389824
65005	551115.170891
405	208561.029168
23126	203594.710269
54964	138650.44718
51686	20631.8159796
84072	241.48118522
55204	329197.466689
126626	34792.645432
255928	109184.797488
3756	1934.44124874
51514	16361.9958682
8444	25403.1852083
1939	167408.463688
25896	86715.2070438
79805	2780.44881078
9015	36611.0917816
56950	132509.775083
55061	106719.687424
11221	50722.0290805
79802	441.442878119
7159	426774.462965
57198	133992.558313
388698	95.4782305656
49860	0
8751	248923.309657
10899	1548375.82616
5872	819527.101513
6279	27710.3260654
7170	683325.043879
91181	295.854432223
23557	523400.693981
11000	55368.8324701
6278	0
9898	608627.692299
27173	881599.838868
10456	630618.870562
148327	101893.37693
1944	22816.746351
89872	0
3782	6662.66444115
25912	2080802.31563
57459	176061.516686
3608	1750561.53134
6016	168641.857876
65123	87558.9402478
5313	110.917160132
57657	12260.6929846
2312	2619.74028407
58	2913.52299559
128061	21672.6352469
2590	289931.096362
79573	45777.0814698
51097	482731.067547
1130	97149.0233373
84451	25824.6983527
645455	119799.800544
9859	119799.800544
52	411629.20564
116841	125419.932811
6726	1260334.74491
4931	109262.459544
163859	188181.579518
8560	1223526.35548
23219	175842.971266
375	3053913.77844
7044	121.396791483
29097	126450.78423
3707	129961.649139
2987	572096.908939
8476	93012.8655832
149111	27191.9688202
79169	84728.1974025
129642	311636.574721
142	366733.255378
5664	114000.905506
29920	332946.70938
3930	100476.177818
7483	24277.6463297
2052	882953.134362
5972	27894.2476894
9580	48018.5499533
55224	329665.691587
8497	4397.44776021
22874	76234.3286561
5778	13422.629053
127833	261.470012424
127829	723673.872591
130497	984.528207588
151449	208.500141203
10130	1096310.89049
388	966998.527895
245973	11618.7393668
92906	198065.12678
130589	243545.459868
79823	38635.023176
64241	108.961022599
27436	384093.928235
805	2148443.09169
494143	14727.884474
6233	3356917.13585
51057	11614.2586601
51542	146587.996824
130120	0
55252	130931.272927
54465	91795.7544464
6637	340045.195112
84696	2445.97492092
4211	6347.27354392
653192	0
129868	172.640383607
9391	519674.879034
84874	38615.1914657
23020	574516.637747
64969	145039.299935
79998	6322.62940914
51002	134622.22171
9027	1226.53062398
23233	188541.029075
94097	26584.0030761
113419	531138.433748
165545	395.076360853
8446	145190.562613
84620	426831.622836
4867	21254.6245703
7851	113053.339882
55258	141826.638833
5899	461422.083036
165257	33117.3774733
80775	68443.7737204
284958	1030.93890613
11159	22619.5683432
6574	274917.041635
129804	23440.6168281
NA	2268.60254083
84524	29962.0524666
51601	71225.5590179
NA	0
1261	1260.21959326
151313	7526.78348635
129530	4782.12283082
3899	7409.42652891
23190	925845.453848
11249	0
339745	119555.494199
80731	858.988685777
2840	217.432516082
5433	135244.48121
83607	144855.108678
114805	846.202665538
8502	473725.176367
6323	249.468320642
57282	1384.5987428
79634	84507.6344169
80856	80187.4648593
151126	710.914242552
23671	87.5697000081
83879	3100.15436185
1745	1985.64773815
130507	169617.435564
493911	44493.8820912
51454	11902.2566563
165215	17993.0632006
3329	1687151.96056
284992	719.730146178
151194	43142.8267842
285175	407.118619853
5746	463.02229535
130749	7926.03567617
65065	17076.0273323
151050	65942.7141959
79582	70617.088465
26154	3268.94639699
285362	227810.508773
57624	902.178309528
84236	130600.231747
57007	150206.002775
79054	881.835632727
55502	60157.5036062
339768	41483.0178896
51281	27299.9245552
64708	129536.98069
129563	44721.3058698
151835	870.521574556
2177	21662.4735339
132001	23475.5373812
9686	169707.964403
5868	489236.574788
79137	1003905.07487
58190	837479.560021
9125	159657.461176
57574	1436.56054756
114790	77975.5427594
29926	105508.955086
80852	223.293756583
85403	160070.340769
152330	90170.9809915
51143	111615.836947
27303	155206.607223
339896	39.6154331824
114884	58920.0178942
84892	249349.009706
1238	1327.39589151
729085	2567.41416546
64651	232557.876893
54977	569557.399968
3680	646472.513538
9389	79.3607885288
2803	552175.787814
10217	216032.33471
6769	70943.8872824
9922	215697.226411
23066	40339.5466042
6161	4354389.86788
5793	204237.172202
54756	67637.147357
55164	67959.4244453
115286	96793.708409
9039	252191.693268
10550	2260988.95959
7110	262749.487936
26018	87172.1495099
57408	0
NA	0
8994	109090.549768
285349	12260.8336308
64332	54218.9088445
1295	1508018.81551
91775	44964.0184408
84873	70.9804754893
22989	226.447459236
90102	85346.9671057
55347	316525.999792
29114	810.667574614
51365	27824.8943791
285282	139735.06752
141	69716.638516
152404	2015.30072621
64422	208270.409404
8856	2158.56625331
91653	42193.8111293
58477	232027.023507
66000	48356.6431683
185	2087.27088288
116931	5614.78679415
83939	720434.798463
10840	952.9718958
114885	120559.092793
7220	38672.8218371
57552	95303.9549933
83893	0
653333	3826.39842905
4026	50104.5325142
93109	42146.9644596
9711	128653.706475
275	57872.4934951
6988	453277.854013
84276	197685.204405
90226	1568.56786078
9730	193502.621629
7873	459162.575086
NA	429.399076121
NA	3358.53413193
9515	340.546200086
55840	10991.8279041
286676	177591.70747
116211	305.82530303
4585	789.78219288
9353	196049.118422
8893	169611.736743
197	0
9718	15600.4511721
90113	7196.18146286
1609	90035.6768561
81608	128563.215437
10861	21036.2287318
55646	75256.1691511
1060	70530.2814321
2044	413.437989746
10699	14595.34356
57205	67992.5673005
132299	941311.992328
201780	486.672276917
345274	1546.63715167
79966	891169.660179
51316	4295.80174875
58478	689888.194304
85438	0
2638	0
93587	28050.0607378
57563	133858.038417
6622	13166.2592903
100996939	30510.2872208
93627	56105.8563591
817	356833.956411
493856	269663.484532
115265	2424.69209441
287	5516.79493348
92610	108158.428526
166378	30281.0437365
2169	0
890	13595.3993584
57721	99911.0808308
54532	47384.3677148
80854	141601.488631
92345	77366.5185973
55016	10310.0485878
6423	1358446.34666
6189	4254002.85761
285533	10781.8048774
56034	335861.88076
84869	117857.231648
8001	0
285440	123975.300431
83853	479.440492945
4726	579161.251831
10299	349553.708084
85409	16406.2819452
1016	0
170690	2377.33140216
6715	26723.3439937
4651	203555.858606
54491	79687.3092792
6167	1930662.29059
6502	26941.7984313
9180	292324.015387
133688	0
10769	138613.137797
100132916	215.416265005
3001	97118.519511
5295	227245.412943
1404	43373.4889463
10184	135343.741205
23635	62481.865655
635	742.662724365
256006	2314.5315258
10788	50368.4871819
1393	14607.1133275
5921	540357.537311
167410	7480.04842626
54826	31940.535056
23262	48878.8610906
5066	1536663.038
55814	89617.4620956
2966	4384.50062295
728340	4384.50062295
64924	309157.498124
689	3820977.74103
64839	143457.210666
83890	8883.94762345
85480	10104.3408825
25816	55496.6742301
56929	109492.057707
51397	230160.039597
9140	74457.5364978
84466	8414.50801423
171019	107.389469389
81555	313605.338431
23092	28065.6066189
9547	3362833.97275
3950	0
153328	2163.53234664
9879	165720.653011
NA	0
3578	0
91937	2054.14300804
153830	640802.040975
114898	4089.8750032
2559	2330.50662301
2561	465852.383062
81545	115626.421453
84651	375.897896734
78991	30669.6821998
2741	0
10318	705125.373479
10146	233222.435254
91975	55166.4889912
23138	53873.3403381
55651	664799.701927
64777	159236.39681
91272	620045.722796
10814	204.522556154
57451	1888.65772505
3779	7547.32978876
26240	151352.894981
340156	6351.77452701
222826	185.074012254
51256	32501.6946188
107080638	32501.6946188
10667	120426.030241
54438	12635.8996098
54901	163236.847232
NA	363.317016236
84249	1994.64101086
26045	524.067658326
153527	1460238.85931
2676	712.067496878
26249	26627.660125
51473	162801.74775
10050	125.353388831
255626	0
353219	3782.09859196
81786	11832.1009053
90933	71761.7652283
192286	1305845.65895
54540	54333.8907644
7941	46008.0657442
27242	479795.238901
22838	200239.846601
4594	311758.876777
255426	15494.8388334
79930	14395.5795331
29777	188073.227936
170954	242268.401282
107987457	242268.401282
23500	20203.8177122
5558	38638.671259
90523	2070.45365581
54511	423.472474289
51557	99.7359179896
221472	7111.72422361
222663	99793.8396647
50636	12798.1847993
401262	710.267733943
84630	774.040051251
202500	0
285855	293393.146119
4794	130620.878105
51302	36029.2877974
7162	117767.54789
134728	31956.5544866
55023	120188.686377
167681	3570.2597364
253714	7768.19143795
84553	59211.6545866
2569	0
10957	697128.216078
135293	157649.565862
57038	280568.639266
256380	1428.23768732
221322	21509.7129798
134829	75.8505333636
2830	0
154214	43424.2374449
84870	4201.80300737
93663	506289.504975
9287	0
319100	0
83551	0
58527	595523.290986
134864	0
116843	109546.398306
113115	4503.87051372
154091	1299.8259858
257218	16447.850774
51390	251235.664363
6993	436211.727621
26230	11708.9163398
57583	297761.869968
154197	1316.3242304
9589	351744.683765
9202	243332.319923
7432	549.964252324
79624	314794.153492
6581	4336.6356814
NA	14884.4006407
221806	10783.0279167
2768	153351.600773
84310	418333.783914
221935	179953.482927
NA	18357.4274569
221960	11827.9900653
79034	186065.325109
57786	53111.3753468
9586	15620.9822377
222894	0
1956	255587.367995
NA	0
113130	14944.455362
3486	428488.446654
5814	245490.361353
NA	170100.70816
3484	175.669162267
136853	14936.2409216
4191	929442.909474
22932	83166.6522009
NA	776.420120927
2631	324038.820683
908	946846.427297
5723	62239.5460298
135892	116.618925794
168374	50188.3095139
222255	17748.4304388
64418	90328.6877347
142685	0
55262	94117.3846741
56996	66473.5744279
64599	259650.673757
89122	145873.323386
56257	630857.239893
7455	0
84928	139180.362816
340351	9935.03233977
346673	0
92092	44393.6917061
55281	95789.363834
11011	81658.0345143
2041	51597.4067855
64434	49962.8541094
285888	117.42059249
54892	41097.1569618
136371	0
57502	6009.76928974
357	36550.2307544
401409	37863.1356866
51631	159764.78945
27147	5866.28535812
57393	36987.7098673
30011	161970.37158
83604	161306.929948
347404	2114.83631696
94122	238984.09033
8573	77332.0044768
7403	141672.147243
54466	201.025354951
4478	5220781.26553
8852	0
85417	3275.37881635
55869	105431.183783
6567	84860.2375092
79742	32797.5110189
7712	2630.7177005
7569	66301.1267245
56548	92987.9269512
55634	41513.2239705
54539	1204323.97564
7592	68224.9968133
347517	13179.5004753
9203	234454.627424
6872	161233.718703
84636	4616.55207038
4841	1712107.30713
90060	98723.0301636
2846	559.680935227
10682	225048.385554
158835	355.133866971
8473	378987.025036
29934	741115.295714
26548	1583.17742059
3561	90691.4963571
93953	4651.23039579
7552	39808.4436262
53336	178.147929587
1730	41991.2391558
56000	823.542612668
92129	6588.47931187
5631	360556.563823
55086	18668.6402371
84443	19690.6179041
3358	0
139818	365765.180845
3547	153964.178307
158763	1830.32540326
2719	2463.58018451
139760	0
27316	828489.636783
79648	48065.1315209
9258	157614.976587
26260	97766.8922232
89885	8126.33745971
4103	0
50814	227824.069191
7739	212053.049469
1069	715861.76774
6134	6529633.35622
55790	85746.2805951
526	593951.260108
55246	309389.085632
79618	27269.737868
1142	0
8973	1454.14276886
2796	6756.88202855
55909	69789.943149
9046	54503.9199318
51312	140360.97596
91782	235061.604776
80005	58949.5517378
6770	77.0855124043
11212	508759.929438
11160	304126.977309
54212	113.89728387
137902	4490.42977155
9705	20.1709589627
8601	2547.20285287
6867	229628.852378
51125	340264.705753
84513	234952.451153
84296	9758.92731356
54904	130321.190806
85479	1779.65960302
1392	188.192563336
84675	6880.17596286
137872	28418.6327889
28957	122097.512203
5375	0
51110	310080.725126
63978	0
7013	51263.0703464
6129	5279802.1173
115111	50780.8216761
85481	0
245972	3569.46898119
55638	34685.3308749
1807	228.16746351
92140	608069.253468
29967	57856.4418474
9166	212520.171519
340419	0
5440	470787.399988
114569	2597429.53443
8667	1055463.62987
84294	94600.5531727
4715	1058692.69125
83940	140875.564729
84985	8320.24436696
56169	1682.50822388
51059	21.3123761634
NA	0
NA	0
7553	49581.3925941
80728	56793.0351303
55630	116140.911004
93100	206350.731405
7436	44463.5409652
50808	502774.546958
115426	71724.3428577
4781	328190.879881
9350	238.996810886
123	192921.317763
3442	0
54801	40709.0029315
1030	81217.9835221
3449	0
1029	41185.9577014
203228	62464.0361755
56832	0
84186	124823.14902
26267	29730.5337484
10280	625059.917553
220869	3884.54448289
84131	26155.5412691
4915	807942.022884
414328	69153.6086538
53358	21437.1401744
549	235982.889633
84641	452005.158755
84909	69743.3720988
54886	1582.88975321
138804	0
58499	85842.3360651
58493	145485.998983
7357	137482.721261
10880	0
401548	93374.4108844
2040	1460894.9105
2934	4127573.30042
92399	49444.4810639
2649	26983.7598119
286204	1143.4128415
392391	0
210	370508.367287
23245	7566.0220807
114987	40322.5361404
54107	535822.314407
6836	1586394.38872
26301	49661.1943224
6834	465500.236522
6835	322069.54167
6838	231689.739129
6837	165007.546935
57109	301760.038951
6130	15102538.4064
9328	237915.270474
140459	125211.939112
80142	324110.818285
28989	143129.42224
25792	582593.376345
114789	118893.892643
56904	289571.433213
84895	113258.775914
9536	17000.1608123
3934	916390.497196
90678	134446.793604
256158	399.286524891
57720	485822.016054
286257	245347.622266
91734	213.672645494
56623	94369.5878389
392399	0
9919	387116.611856
92715	75077.309919
4851	51639.6393749
774	440.10476694
138151	172489.287364
254427	107099.344849
9712	51034.4520889
23412	95159.5668139
22921	221465.13693
23590	24359.3373592
221061	158369.680686
80013	133274.580924
221074	620.472489801
653567	3454.38747067
6251	319135.161726
338596	552.685811243
56288	244904.578669
91074	57.9025174929
6935	32260.8394616
220965	2580.01888251
29982	212019.464395
29974	0
92211	266.299996933
26103	0
5995	0
11128	74182.8197002
26091	63987.5616389
83938	50418.3081758
818	85358.3455129
10974	0
2746	838466.215809
27063	146.73124064
3363	2133.10951141
10556	75637.6367451
118924	80209.6721488
120	479410.758496
3026	397.020953277
11023	0
54788	314489.595351
1979	656508.62913
64106	8788.57794095
79949	752.561227911
6934	125920.082672
4288	13830.9117192
1586	5231.31973976
9118	359.493810247
282969	115338.297403
80313	29126.0180096
92170	18224.1634147
84504	0
196743	56749.9344427
9446	1068107.9828
6877	21414.2751468
23082	221728.261986
85450	181229.89384
54805	32481.985706
22984	170562.524923
8038	104283.931484
6001	224975.791909
84280	203474.499479
133	538668.739291
2620	2715.38031524
159963	769.833311842
55327	197654.899872
57689	4066.20320986
196294	49346.4771321
6291	798.847662247
27315	166656.186655
64852	68860.5902057
7356	0
90019	1296.34430905
7761	28457.1533369
7762	17458.9397031
51144	272316.718018
51074	103540.431199
25891	9621.74062362
8525	78605.0695895
10480	334634.145388
85456	904328.629466
10249	93.2502007793
710	707537.024248
338674	0
6749	669167.068746
8501	32885.7446463
5795	220532.692402
79096	149724.37818
84364	400782.871046
10658	224078.222963
51501	105508.254504
60494	1214.18164157
143686	258630.769411
23052	1443603.71216
79780	78296.9252984
283212	2361.75880466
26011	55508.8092676
871	728789.258735
726	81095.7342914
92105	79407.8118212
5058	387789.494429
6188	4241121.27316
85463	35524.5558077
54970	98144.6579416
4684	33946.5726201
1813	0
91894	2903.81125227
9177	0
4863	108343.687684
472	58682.5682114
60496	152446.568411
89944	152928.740951
128710	33412.6156107
55004	841561.713175
283208	20860.5048804
2900	778.606046995
6768	1887677.57682
10525	334991.274696
92086	13168.1823793
NA	0
80332	7266.99422062
9376	0
57325	154309.800491
26007	133614.200044
9219	373533.227422
51524	65139.0551864
3992	29350.3502917
117532	176.523480381
6094	40269.286304
256364	237541.281128
3619	86406.7242739
22917	119.204074395
219990	0
932	0
9651	20497.1743157
NA	219495.439861
79869	356289.366042
2206	1043.36357593
26229	331163.647345
9538	541587.73103
80071	6863.66333731
1111	22360.8521256
9638	7043.09955073
90952	529448.325585
84623	484.041881724
10205	2160599.30437
6327	46851.7435141
51092	137034.509598
84866	163808.77728
6876	454438.676957
57158	2247.60756528
128853	12102.4051136
149951	618408.410264
128864	1783.66784537
85449	5855.76189682
128497	10740.6492818
128506	426.404001802
79980	114498.581689
140710	130890.328723
140894	870.273102578
391253	0
64405	71991.4252439
NA	0
149986	315373.999359
54915	510827.989758
81928	82319.404853
220064	32571.9681879
170589	0
114571	122.938664364
83707	209310.919677
84304	125251.735015
83706	71884.9556579
5331	157241.028326
740	524665.896717
10435	78731.9327841
2197	4771783.00854
7108	313301.466391
738	464443.11993
6911	7405.32037557
5531	733600.011683
226	3389620.33777
83723	472.164431263
8448	316.319308526
8479	152318.972327
9344	185230.971689
124446	1027934.83168
8091	112415.93519
4314	2835.75317604
22866	4745.05469994
53942	1244.08040029
51348	2304.61210498
51267	6689.12027187
283078	43352.0773902
143098	385401.2502
3688	1178335.78548
NA	431.152375986
53828	0
79097	0
390157	0
390162	0
65217	245.813285664
NA	18913.7131374
1489	283749.825492
51503	454418.033531
2209	13850.7341252
84159	92513.6338455
57626	69.9882201077
1006	214.636059743
55208	28329.8658758
55002	65180.1968415
219854	26072.1991124
114609	40836.1092285
221143	108432.085596
26524	163775.371094
10284	752374.417218
23284	497.86733858
57536	16649.8748894
220108	4029.46055597
4253	20863.2155431
3176	61727.3586216
116372	8668.09329035
130576	0
27250	1416845.31434
150	24579.6573289
2823	2144.86058406
116966	9520.69263039
132851	2592.6886181
7424	331178.473399
79839	15151.6240647
10666	1639.48868181
84735	202.29979464
161835	3542.43324574
1740	3645.78204337
220047	0
64407	6519.60473603
11098	563029.80818
54545	217275.254926
151242	29471.8719281
NA	0
341032	0
22948	383875.990003
134145	75720.8295677
1793	311351.906562
85458	105894.068819
1737	280884.081595
120379	15727.999507
55216	155357.686286
26521	385016.483363
3606	19226.1475607
56158	0
5805	151035.294527
5305	202775.970505
130813	593.017954854
341640	40595.7216307
2308	174748.372899
51232	446009.425563
9871	195275.452257
23457	17456.5133591
196383	138877.929456
57647	90519.2295774
7316	2516884.73497
3708	35287.10533
84076	0
339105	1214.10032362
23657	24356.4883679
25819	15191.664299
219670	854.90027054
57512	338.264318799
119180	0
93589	5359.82964485
196513	92551.5020521
775	3040.16254229
NA	0
7068	50614.1403255
55768	93189.8110264
54995	68448.648183
55293	99566.7647877
144110	63167.9892963
121053	122555.517037
90488	386728.218371
121551	24186.2118437
89910	153899.897735
288	71852.7200628
253430	43606.883472
144715	4568.61430502
196463	582970.471938
9231	278365.549507
4143	11568.0285659
114134	39877.8108544
283464	160044.659122
5756	543393.774013
22982	67973.7415581
1977	63806.6437816
9223	97890.5209688
93081	41521.5350835
1456	111215.970962
NA	0
153443	137396.662274
9472	30879.0947426
64067	38713.2936132
283635	192964.05841
51562	639709.283948
145282	9363.89505053
2132	386131.087631
129787	123026.261818
55821	0
65987	181192.663632
7069	296070.02291
4718	498969.376945
10873	97525.0834855
343930	0
81792	31746.5149179
80224	40439.1105882
140609	230769.612555
127124	0
2241	63647.5156219
63894	166762.854596
57182	90706.9537182
26019	176116.693289
8872	424217.350997
132320	18140.0654688
83643	48252.3075316
132321	23677.5486286
55691	10686.8803588
83447	157.730106044
5800	6217.76315488
2059	659071.482934
27034	193600.909111
29087	652432.532895
112936	227180.790861
23310	67035.5373576
143187	57192.0960247
5860	167355.973774
57700	156121.898409
121601	581.110917004
374618	33486.6532831
79691	64104.4997086
1814	0
166785	36463.1242306
152485	100650.305827
5458	0
1909	107436.905228
4306	304357.392492
NA	0
1646	86.6421379164
10570	131658.948466
27287	5586.17073607
101	31771.8260447
3698	1461.36149463
22944	41495.1403378
5281	52907.9310126
150709	8573.25308937
3628	167545.801579
54842	670895.473207
9781	143463.438665
8853	244147.706558
6868	115073.634765
2313	26294.9134444
3758	375.735766953
120224	93628.0073411
80014	149532.002274
79682	31663.637766
2180	298560.224394
291	263105.441499
196394	39626.3444754
636	58130.383788
60485	293785.237885
160857	21766.4918965
387923	25165.3595812
51594	233200.577322
79750	1159.15228228
6999	4688.90494762
60558	125697.083394
341880	205.458343321
2555	24.3404128438
26278	11298.3793146
729665	0
5042	11917.0287589
55835	19535.2752863
26272	107038.297985
64417	106387.258356
56477	82993.5444117
79668	105023.483736
2674	1020.14447796
143384	124218.332386
667	115601.532703
221336	38558.1236432
7073	212919.837981
9531	767971.923834
144423	46754.8677766
121256	7654.534877
166863	72.1085486036
NA	0
29970	759.66285213
84539	0
23704	19152.1983661
130340	57276.3890795
9910	55966.3651043
91409	7895.36377929
148534	77832.4983045
80097	631798.933069
112714	376.629215599
460	694.314178349
653275	173.985096002
130074	693281.59723
5784	64978.118073
NA	63803.7219456
4249	571148.326513
81615	142971.306512
253635	94661.3717633
26353	166816.849212
79833	46943.0619777
130733	15048.0907
5457	63.8621344242
79596	79733.4401657
57105	121406.553846
2895	0
115761	18367.023603
6014	203.776228229
26040	31926.038878
120534	135334.076112
57724	141633.791975
9050	30729.653058
498	1042555.55622
115106	124736.464878
147339	97096.9468438
57405	6151.47413571
57818	0
5163	18086.6292471
5741	0
5140	2033.93288363
83439	16578.1702667
10618	1632712.06324
284948	526.870885585
56659	159813.244177
127933	336265.488623
83734	29469.7673427
134359	51793.6171736
6695	60954.6385316
167555	6631.41199457
117143	90848.2291884
2977	4099.87408639
143884	157313.427238
133746	176662.969462
9456	136838.684296
7518	49590.4985907
66037	0
284306	7894.32991788
374928	22049.2542752
284309	66558.9121827
10172	55914.3802712
79723	26472.3325943
64421	24282.5822392
55301	2333.85845148
10557	127888.060333
9397	47140.5954358
284312	10696.3327836
116412	40004.3361343
219333	153714.743864
152137	126572.342239
814	2421.58235272
55521	14678.1887281
678	1060095.37951
255967	137647.602024
130271	15855.0751649
5213	179674.317874
114908	2564627.10169
2893	86.3972404721
285313	866.66149765
79925	17204.0137335
8404	414317.159117
1834	0
1758	866.162938783
56955	468.923900245
4154	239043.346956
133690	5372.6904227
133686	107176.493098
23171	330957.080043
2697	1959714.04104
10309	137084.290184
54514	75.8373270376
165530	4223.72545785
55676	161829.776813
53918	118249.016504
25780	8592.85754629
51128	127642.674676
347732	3489.71624245
160897	41605.275707
200132	1124.05596862
79819	24775.9551954
118932	11058.9464887
10160	154501.496932
24138	318081.242527
387700	68826.6327839
53354	60714.6709855
56978	1708.86887121
651	50.6419820765
9987	907096.334575
3087	604222.745324
7402	696604.515283
2911	718.765161453
5796	199491.833031
9453	215136.659331
85445	44.7980754747
109504726	45169.19009
51351	45169.19009
25859	119.106285983
115827	1653.99356747
160492	282.563534116
153562	231569.758092
5884	169802.09102
9412	195268.697113
5352	654971.604193
55351	3545.22410589
140767	0
152789	1739.28253607
7545	213.327303282
166647	73395.7914357
1360	101.834517
285672	82833.9417856
55203	5917.84807167
10283	156681.580403
3140	206012.796588
6728	140793.271345
64946	36750.5523906
9425	172716.206684
23589	100854.982888
146279	1145.16500089
55024	35635.9649123
51061	483607.70809
112267931	101748.161541
1601	101748.161541
130013	1459.72558462
55289	5153.79759407
10018	97520.6061891
64682	32661.6122695
831	833632.703334
60592	259885.109374
1047	3064.4634258
1070	86011.1510653
8467	463813.286841
221711	1319.24791875
654	8878.55958427
653489	698.751418559
283349	124225.123748
3192	1364257.60035
5903	341508.219784
25909	123749.683401
10461	129312.275553
84910	297342.316585
343170	0
5801	8922.64056512
4929	27962.0846576
130940	23674.8727428
22925	31570.2477809
5937	78537.4195046
6328	88.8287320975
55079	0
10225	19654.397577
9481	19341.0785963
266977	72659.6751535
221393	2140.82221488
79981	0
51571	91906.8504989
50807	130145.453589
22878	165549.386891
153643	5237.33492393
NA	40018.8016556
125476	57333.8544204
79888	186731.071596
153478	9494.55617189
57407	180575.89318
124402	154778.997116
146556	801463.144373
26175	209542.423699
3621	53548.6796364
121793	1248.95107624
122258	260.665282968
113622	12805.3933304
112616	207702.628361
25827	52400.4561833
7342	179375.799589
64795	171394.855807
925	67201.5757611
22934	265711.300194
100132565	0
5789	21689.8531745
286343	223914.901441
154043	5567.9106344
2960	45926.7476991
10428	509589.547768
90316	0
55625	312820.001131
339145	305.022190364
136895	33147.4935755
9407	352.61824557
221895	106256.376918
80790	58350.277228
80309	0
3773	2459857.90103
55022	10962.664359
9320	462202.639058
130888	60284.44653
1054	160298.80751
79047	46275.5143207
148103	25636.9445462
255231	7170.9458583
163175	2691.08721525
23576	776667.193657
140890	88976.9796542
1105	96098.1514356
NA	0
162282	41.9444063595
8526	19521.6433771
9653	219046.416176
124540	179171.332587
781	70903.2714205
221302	59038.3311832
9955	2541.38732124
284161	30895.7695528
116150	186611.480177
223117	2773.42429205
5529	166112.668066
127247	0
10750	3925.33223673
125206	360.106805428
26289	2895.83720778
26256	6768.4059888
55364	269951.708934
147463	1499.38618878
135154	167977.414801
83539	25.2023194955
7070	236372.686408
123872	1455.07694769
404550	12914.703873
219899	63288.1939597
57338	6647.33765879
56172	342203.398749
90268	54644.5094025
84959	11214.3637309
54538	40380.0285045
64221	12894.8065857
116337	0
84897	89607.575236
4900	112470.000374
54463	149068.244014
1010	0
2838	463.867612183
9868	372369.187501
25890	10686.2793397
284	10510.4279333
NA	4179.45299138
26207	25142.3483538
200014	223703.884865
204219	169.813523524
5578	39318.1042945
79705	29632.0739152
201134	38327.7928061
64090	0
10350	2255.9426514
23460	2257.22025122
10349	932.812656886
23461	39083.8252604
5169	896.930116531
55286	6080.18240547
7345	43518.9942277
375056	164190.527104
84976	91128.5248064
23043	163673.697711
NA	459.948983992
83648	54868.3588497
252969	245189.646279
5239	5943.70199764
89780	198.077165912
84033	34479.8920412
91694	86118.3073232
81559	57850.5668061
55740	149109.865154
5506	0
126731	38760.7569359
136991	94.7409870234
57630	154277.880899
115362	11232.9675115
9184	188817.702753
2849	0
129881	4545.32172761
118856	0
118611	55.258063792
388650	45938.6509984
518	382292.319141
728577	87.861157406
728239	0
135295	21261.4148418
27295	28538.0594717
8470	69635.9279384
6921	139069.841693
23643	85152.9494075
NA	2390.72490687
143471	153.316327997
9087	521.955288005
1525	292075.956697
10950	624835.708316
54149	71256.3146106
140578	4224.74963958
5651	68.5993681141
4685	6791.73037523
91133	6384.8092618
5137	28174.5958273
27342	22526.909821
54148	308060.709999
58494	22024.5249203
522	558304.973026
2551	145270.793169
9510	122352.290624
11096	26197.1487754
80746	38686.7389353
146857	65926.3825952
7476	1648.81180518
7508	501418.845874
51244	127062.157158
152273	33635.9941227
201163	131986.025445
285381	200462.433165
92106	45212.7461592
23228	11849.987621
30827	185900.396215
220134	3149.89695161
9989	296845.149783
147495	39626.2985965
63895	4376.52006796
NA	2022.73268955
65258	67933.199021
NA	213.908747865
124739	26872.2864506
51560	46132.1554482
146956	3438.02789431
2047	25965.6497831
84532	86569.726782
91369	212530.957606
7566	45601.0199974
56934	261.016741777
81552	109623.74694
346288	0
139322	152640.780854
27123	4437.40547927
113612	51159.6667476
222967	116.315291499
80028	22372.1307172
129684	0
150696	317680.686728
NA	1591.1294533
221264	20416.9735503
4956	0
7071	406301.444516
5799	122268.899201
51582	550892.670034
528	422891.39772
55529	53132.3585298
51633	64764.4098758
23097	115229.990029
112495	757113.674209
158219	89007.7138433
55326	94913.2157819
64210	301452.246944
79544	0
55361	496677.193185
83742	234608.011799
118813	223055.006426
401647	66097.9024595
27201	555.62042617
152992	50640.0020301
81894	242894.297341
6782	182509.453052
64092	11453.9730683
388813	11453.9730683
29761	178950.198737
65983	494240.058122
54819	80112.963818
388272	18063.4772242
4343	162210.135401
389	989299.945752
333926	40111.7977436
1622	2001187.73866
6566	54227.8004942
55027	73306.8296054
378108	987.019460322
84365	298094.559285
5018	764405.550464
9056	35597.2963882
9947	0
23367	896037.094376
9337	395450.326263
2890	0
136332	625.62877088
133383	76370.9857199
166968	98406.0970967
23165	148372.978148
342357	35049.7669345
138241	42976.1729674
9502	0
118788	51228.7207394
129831	43520.7497466
7273	1276.1092998
11326	121080.450939
9601	2013439.09899
79831	32568.1232304
255762	1309.00582371
146183	443.083975239
130535	103686.444511
285172	31758.3104171
130540	5840.6829742
151254	1320.88259458
65062	74161.6761564
8324	122277.618164
200162	15048.0168538
64798	104989.056718
56776	419.496001772
56254	367337.691009
1539	0
133522	1284.17442299
9844	19813.8845113
1836	95826.446159
134353	26418.3314111
9443	73268.1520912
158297	245.565433596
10670	928707.915924
25769	2539.38280504
287015	0
92370	48259.5971024
114	152814.224096
5922	65508.9740208
55005	315711.463584
154064	1725.89078887
6503	28669.2900905
51643	343586.078798
7411	425642.898127
116442	40843.9072002
1193	438536.847218
2334	13870.1251447
286097	36628.6221791
23426	20988.6639589
137492	125586.412355
3798	4637.93523761
10	439.30578703
4107	245.773275689
23362	284922.044058
138199	189913.035262
90550	104801.129687
91748	86248.6210719
118491	17904.4904892
9630	17928.7133547
145483	54446.46098
2776	421576.097327
11197	3065.67910924
7363	0
83873	7522.23203574
4325	35042.278587
132	568632.636869
3778	6939.69854553
10538	21630.4307567
1633	155943.752717
9508	5512.17018274
257	0
286148	171355.790125
137682	68583.6157459
128338	271411.038971
157657	18987.1281642
5470	0
161502	586.924962561
57188	113991.11426
419	177.169692024
9154	252.871807164
123720	101970.650846
10563	5681.81097579
29104	52107.4454929
10069	121797.561804
10600	173086.325785
10694	1395237.41493
56911	7167.51276411
84779	0
571	150477.403108
26285	0
9073	158810.953884
7102	68907.1609059
7074	147828.581063
57466	136259.165523
6103	19309.9586284
23552	46546.162556
84108	48341.2895039
122416	22940.7125959
119392	74358.080632
22986	201.513619172
118980	40264.4477848
9556	261215.46609
2528	66.7696310018
122402	4716.04382212
8817	9796.34208973
5097	443958.945481
153769	35534.7477635
392255	1412.28323536
7381	471125.815319
51001	132372.517385
9791	283554.055086
5521	2308.80040503
6156	3505196.54762
3788	54.2971438345
159091	7488.62080666
6832	117020.271338
159090	189367.527623
1915	40111358.33
286151	588.113671346
80201	15136.0905847
3098	743859.569431
219743	107195.294651
84295	112732.792129
135228	46094.1700402
57497	1065.61880817
4838	1029.11207995
10394	0
9246	648301.965971
25921	900935.655428
219541	120569.515094
60685	659041.404132
27020	738412.12226
23522	111471.679714
142891	158566.51111
80223	240421.781457
137970	375.86314286
219970	157.98755453
10813	166185.821362
9131	211944.844275
5603	630228.314026
9530	145522.668288
931	2384.08148791
NA	829.660357791
93594	9644.52465624
55093	119176.118468
29028	102192.289786
114907	353365.753336
286053	152229.222453
115509	76592.4727997
78994	177613.947321
64319	328841.135717
391059	21771.077124
5261	98495.235844
64645	510510.343841
163786	19007.8279353
1339	536.748845151
3681	329.155662239
139378	57.6496178731
7547	140.416404849
115416	109335.92095
23355	84374.6815728
2585	51128.0536517
375323	708.379551126
93010	167774.065784
255027	67799.0878172
701	15440.2832449
5147	98322.0301207
1974	2492031.59368
7862	128887.441195
285367	86223.8644092
6750	469.872370917
9797	92971.9898429
51738	5908.9182459
6396	477054.70573
NA	10766.9405983
9941	28076.2910664
123803	73087.4527054
81626	97.3779762666
23057	35988.6167762
9372	161461.703302
491	57.1335219335
131375	0
6529	1302.68857157
23049	81143.1326534
115548	369339.009122
11030	326731.600874
134285	35186.2470959
131377	230.735896088
731	0
7079	1583.89704669
6854	970.832549588
3084	20096.9987798
54953	222907.543276
1376	146428.588581
55707	287612.605774
7804	146945.644478
200008	92.9814682123
22976	28487.0418402
261729	35951.9488376
23648	130385.40289
3361	0
102723899	167827.453476
9069	167827.453476
4323	1342036.96115
8321	1266658.8994
57798	265409.92431
203328	82309.1392171
NA	1880.04260006
146456	5762.34692158
348174	283.760057225
10901	86925.3693738
93190	0
283971	59.3341081379
221481	2662.16828487
11269	99918.8480436
6483	40588.9873316
197258	126112.856007
146433	94539.6677295
115817	225129.548906
776	44386.8680674
415	10089.6846847
3815	10752.9232063
54768	2220.53235713
132949	59211.7936915
7567	17658.9497292
55799	1803.22326158
54778	132756.055441
9133	19593.7281927
145773	20510.9651021
4643	173922.540851
26060	225558.380082
139221	22799.89954
134265	26202.5755871
1831	346617.335589
10311	120198.616506
1859	186033.849247
3763	206.939972165
3772	934843.347025
2078	21774.7575453
2114	312183.407752
90139	30319.1329866
150082	9097.71373335
347734	706352.394331
84187	144109.849023
4599	208820.967027
90993	151196.711723
25966	38348.4024945
257397	76575.9996665
124565	639282.552388
257169	4564.94345335
445815	318.594432164
114991	50950.925478
9162	4874.23459285
203197	85805.4410103
136306	4008.75244283
79856	1746768.09697
254048	29204.6926873
673	112627.592501
10568	54124162.0316
176	2768.57691819
84262	153042.705285
9478	1189.68026723
57728	107211.604445
84255	105176.76759
10239	128544.8112
114793	758759.332277
150946	36963.8206216
121665	265921.564019
56896	0
92749	476.346990202
9364	149701.210439
127281	139979.035448
8764	127003.804569
55229	106856.137635
130106	276.817087919
84465	118.185236153
64897	52968.5440153
5192	137871.640085
11079	361254.325533
55698	846.722126966
6497	443022.256185
26100	221190.390364
NA	2507.60902614
26119	170397.817972
116987	81694.50278
200634	337777.6168
100310846	3465.16855879
5051	229503.309143
2134	6848.30954359
7780	960382.858133
9577	242783.275691
84676	17718.552919
144406	23335.0019962
63875	599006.758761
1844	44489.0336786
57822	50706.1457249
91544	119201.945751
338323	80.0388989049
138639	51327.2219141
79623	1398.81426647
4690	176316.739036
3242	1040.79256354
114822	280918.181802
127262	1125918.53029
254050	25427.9688036
195827	100277.528653
7498	19528.6958493
55113	80561.4423251
26504	137483.091023
2140	120219.487908
199221	7540.12436169
11013	4663.05456569
2176	19451.7184492
22808	277835.200728
10163	733933.689659
171586	314524.127622
83850	74370.2270599
55179	62540.335664
115572	19252.464806
64084	2817.30799277
81035	44190.1521633
388591	17727.1393077
8450	295089.338607
387509	39125.3353441
64849	26136.6991327
100528062	240048.396854
114928	240048.396854
54933	12674.9543033
26053	83519.4080907
57477	300413.648377
3017	153691.961802
995	2287.2159519
8365	8045.82462845
129531	62190.8008035
9669	518656.126246
158787	19792.0980776
286527	367.90368807
375307	15123.2253128
55571	293091.071119
3745	220.542626755
340348	29354.891932
9542	449.705282431
23382	184145.160923
9334	549092.136203
912	17013.0086684
909	159875.867611
9825	89222.4909362
911	79121.2682674
NA	0
55199	62238.4847811
910	18317.9491183
55567	77.6420120927
913	53647.352686
57824	1512.40169389
1358	317.529934638
653361	4780.9717325
93979	391.745194235
90121	1130858.43684
55607	115725.380729
124245	123700.747611
130617	282600.005558
94026	259.732670149
81544	6651.072697
1780	3623.40721058
5207	423.296100914
212	272.147258882
222068	1585115.7523
84919	242660.178877
26958	483945.156273
56946	33121.6356026
90737	631.950218122
137964	185991.689354
168507	2252.90451528
9753	48458.506248
8407	3727550.23034
2005	76194.5532015
56833	44972.2436933
85414	8236.09350319
54935	1217488.86322
115992	51282.6019973
NA	0
4681	308901.826143
100532736	308901.826143
3362	292.722908495
142683	177.494575322
50848	787686.028991
7391	330407.975536
64600	45.0902368365
124044	129396.262893
4817	176081.357243
9191	229855.034609
92822	34210.7828967
10361	136815.537431
1896	6181.85278737
8822	618.396068326
127731	2322.3204307
978	19298.4340753
65018	215924.426451
8703	273510.653684
2039	319529.599456
9507	20877.9926499
64760	180830.478442
4720	438746.987187
115584	1275.46614302
2207	361771.505599
336	614.563227993
84134	90407.5014388
4359	9301.90234014
90199	379.831426065
57805	289358.969445
7484	1051.78795736
57685	76702.7211789
56990	422701.20968
51735	17511.9910394
2035	122326.596859
54069	94546.6112898
79053	243135.240293
54461	794797.784638
56683	131896.944146
8867	55449.4812856
94104	71790.0091902
3455	91821.8599276
124995	444501.642849
3460	1127777.50527
2618	143186.254756
6651	647669.835867
29980	65052.6460443
9900	143083.734383
3898	575469.54536
6781	188758.22963
7135	26514.0660594
1465	774218.332525
84366	752.282707842
10481	167.511465375
NA	913.148192537
714	821332.680791
9992	4973.22574128
516	409420.729909
1827	61191.9023547
65264	752881.08185
148523	123972.06051
11267	240404.715249
54102	523212.623304
149473	73289.7775263
861	167956.412999
10642	127.513942355
2695	405.560230764
873	485588.355124
874	105818.955814
NA	185087.668801
NA	107.072686293
57369	0
70	1502.29510788
23515	149631.472456
8208	35971.401601
23562	508.904881225
6493	1745.6262102
3141	110682.7283
342096	82.8476819477
80274	5527.65059146
201176	58432.7259472
83440	173073.221662
5763	4429739.45677
283748	113.032746293
23569	0
51094	819305.843147
51706	305016.230783
5710	785381.655842
23400	230237.461749
130951	40266.1826981
5692	1487294.98477
79190	427.156700834
7832	1150991.99727
221223	0
3099	232055.89262
715	218604.972623
11189	65.4158876384
8659	41010.7254658
57519	7783.32485757
117145	106958.150226
7062	747.228056338
26239	0
197131	114537.921675
267	724792.902355
112950	279856.957227
116179	0
266747	3079.33324737
6706	0
114771	0
64843	0
89970	199158.162899
149483	1747.70463573
60313	525522.251655
8883	233089.714033
51249	256568.808882
221188	10618.8586464
84229	225.494952613
1636	30548.1638015
374739	35092.7882565
131669	0
9813	783405.307772
10417	60316.9841025
84303	104675.932221
1487	387313.755356
55282	939.744741834
NA	1948.86661226
51673	32831.4793992
29800	122172.003622
9114	315840.746533
181	1140.24002052
57732	13155.2546341
146206	2187.57049788
388284	7953.42377648
5304	0
9715	2890.26314378
6002	56591.7116097
5681	201156.650742
7791	918511.69249
29	396673.16577
NA	119.942637434
284348	7414.95703781
150275	11948.1831462
7773	20240.9199706
203260	47169.517943
7673	26530.0778415
4882	20510.7495956
NA	835.86967538
7638	9298.18104333
353355	16056.6210938
9310	10521.4066078
10020	82178.3356037
115650	589.0083676
8392	0
2909	367127.475087
5739	5732.28391593
808	1861701.73277
1676	168387.725894
79140	49461.6536937
55721	53670.1191904
56063	91318.3992242
55108	413414.556853
653121	52699.556861
83858	20071.9054277
29101	373071.605941
118424	178345.283618
149076	304242.007518
252995	16281.3246384
27151	34051.9487961
2063	470187.37504
126549	2034.05103129
131076	96793.708409
203547	266907.372101
8997	21271.6920644
148113	75991.9412578
NA	34995.9615941
9619	84870.4187275
7033	7458.41931233
7032	0
7031	0
64699	974.777628853
53347	7045.80536785
89765	35568.7723671
54020	110799.959728
5152	222279.968817
10785	56315.6966747
4731	135785.783853
5316	102344.010282
875	513.494474318
7307	1829.25474855
1409	0
11077	12175.3092338
23076	212569.869179
105372824	389450.038333
8566	389450.038333
2539	549759.035142
1476	1821937.47768
8568	138940.29845
56894	256037.181946
7109	58679.3112112
139716	40373.5517434
102724023	2522.61595274
8209	2522.61595274
23308	1826.0711944
326	0
755	117962.842064
7617	8685.37762393
81543	3314.96598913
3689	179090.433566
85395	119714.900414
5900	175089.45864
10841	350.80776228
84221	65842.9555272
4047	141660.093006
7410	240400.0023
8888	202956.551414
54058	19777.6043899
5116	85520.4789047
23181	65778.5967081
6285	226409.040318
3275	289115.611669
125875	9294.20556522
7757	14123.6778543
11093	9971.0407401
11094	383600.065996
11182	9925.45654024
110116772	63324.5220053
388561	63324.5220053
2220	0
138162	34739.8019987
3933	1115.42045542
148206	88889.2302917
26086	89519.5145649
126526	68738.4243101
147746	3789.63948094
286207	4877.76076822
27433	44774.1060247
30815	308054.59488
92799	391675.150871
112724	27774.4106279
10444	662693.583956
84885	130710.641275
29941	45944.7469248
57731	3444.64578371
84446	3477.61826619
125965	76.1156291551
147744	0
147945	0
84814	8125.89157013
57551	161043.525104
9442	176819.641038
162989	189614.128901
23387	151492.790331
196264	291478.836134
120425	19140.0625222
284086	59521.5609628
116238	134226.515551
9159	15988.343352
6294	302019.481866
917	17864.9493101
6271	3622097.23695
26097	320684.008873
643	0
51043	420016.761193
80308	197320.441153
6464	715519.958269
55823	378670.358494
79671	146882.63308
103	969072.290339
3570	23444.68716
55585	530655.629951
1141	346.457793862
200186	346013.389528
55129	197999.613475
2224	397301.986022
23623	80153.1095614
2630	11278.4791527
10712	73700.1333946
79957	42622.5677865
11243	228963.212629
9673	112043.395912
4000	1819319.85445
1234	34399.7248022
23218	63080.0427853
151903	169195.565183
5745	5053.7686769
56893	338453.503359
4634	3843.27959859
221908	168308.520772
54865	170092.527488
149499	220.73821758
115352	577.386758634
563	0
2264	1443.18637512
1576	184.897246244
1551	1178.43856024
112939	499047.937387
1584	0
3101	13239.2610286
54742	286.867004423
9592	431601.633394
84124	117229.469956
10898	101667.556315
4061	1981411.20827
51160	627220.148706
4796	26543.0644631
5731	4700.04636187
84939	81990.3096365
9401	33521.3338612
9684	81539.5499944
84449	17856.5260022
136227	5796.58139711
84988	104964.141498
8928	348.039702629
80228	283424.322623
54784	140669.057203
126402	0
10603	41657.0238371
51149	41390.247487
8878	1735723.39434
11282	1215743.06951
6132	16519041.1303
9794	119819.564394
114770	182.171345814
222229	74775.834812
222235	6808.63700956
222236	99162.0242476
92304	41875.2922904
5701	505909.908394
60680	1349.71306546
126321	103286.975943
NA	264.360498971
NA	6322.81482349
373856	547.200612865
NA	603.70296305
150223	178797.95624
164592	787.741268842
1857	402194.54701
1173	1667493.46322
55324	261939.724446
5130	177584.54625
126433	36079.8291846
93099	205732.140576
199746	41107.8671191
622	51359.9269109
4868	53.1930985944
199745	106287.44748
1346	256320.516105
84911	11237.5802129
115399	24119.7756599
57125	25917.3840345
93210	620730.216722
22806	66328.0627766
2905	8568.51232592
2232	131756.703944
29115	125171.544546
51	302960.194273
5635	128137.628685
114757	49824.6352543
6427	560646.355468
84765	34096.7250026
55260	35542.4614233
317719	490.094726121
147872	51.6324902608
3060	0
126133	123332.237551
117159	0
3678	133597.545538
114132	457.581350814
25946	480832.413713
400709	2082.41444386
4356	21401.9488867
146894	183.591859996
126123	192.178110673
162417	148586.231335
124801	73964.029051
92591	8464.02382948
284361	564714.019305
126119	185851.592038
50944	1266.36409839
284069	74616.3080692
80174	18204.6941088
113026	1436180.23879
91010	109758.18157
362	44674.0192657
29127	42777.3398206
125962	0
113251	160976.814614
160622	23197.6437968
125950	130995.058901
3890	0
3888	0
256126	4381.60819958
147841	22399.9529499
117283	10907.2995301
221496	158366.370888
246	170.611706949
340205	4111.93771393
221442	7941.09678812
115950	39057.6248412
400569	206825.283506
58191	557170.083157
388325	6279.62984687
NA	3877.71405028
255877	28287.7565394
433	1632.66496111
8741	292039.716891
26168	133236.486848
2256	991.418037612
1973	14693.853026
6154	4489982.90839
146849	330.541975216
51728	131432.430952
79622	138168.273964
146325	0
197335	61362.1022171
339123	382679.655704
124093	3571.1206623
NA	0
6755	0
90864	11189.4982465
254528	144.612114157
64711	912.430872669
80178	11802.4563862
899	14268.211891
57465	53984.9337885
51005	85265.3693405
4917	584.856244163
146439	89219.4459386
124222	66928.3549059
114984	311654.467734
124220	544.805112996
7627	38282.9140662
115	208772.759178
22941	10738.6698643
81570	69871.2557417
10825	48691.488309
220002	59298.3632151
220004	11010.2843315
80150	18805.7553843
2785	3292.30300711
51035	1577255.77221
79081	10450.9566188
283237	159562.078597
10629	106783.532236
10482	370688.336643
6811	559662.337057
283130	24583.5071007
6159	6099066.74058
3699	588.510978335
84447	322187.791418
7542	69361.8707887
8986	194426.448175
4041	379747.282682
219931	35954.2045754
9965	118.668216276
284541	300.991060095
10158	2039735.5674
6886	2750.9790811
51727	1157067.55856
79656	46857.5716573
1996	583.848305784
65260	142645.806054
79699	261548.454339
6512	698.160648779
54987	170850.494896
4116	341589.826736
26027	10969.557249
338094	2172.42737077
25973	61862.1911433
163747	653.643500792
7809	83.6351167128
23358	151391.047863
8613	2409954.59018
79707	66931.3960656
5563	34458.3118454
9903	236058.268732
57643	69833.6348131
10691	69324.6160551
50651	13674.4574207
57190	802092.529447
205	61425.3026839
3716	970296.78507
55225	35113.6319467
11330	416.49616355
84328	214823.831727
116362	107923.298574
148930	0
54751	139587.36448
388595	191.040213965
284723	4271.64722556
22977	2717.01637639
374946	28263.3412112
10630	40654.9241955
126755	0
9249	2944939.01375
4146	1323.92610286
7805	606749.321221
9672	813823.201676
553115	1337031.00946
81493	40555.0926256
5928	507231.739546
57648	981308.084212
81629	2385.60486266
255104	239525.032748
127733	151888.457891
55450	3268925.26364
249	63831.7006235
54361	1667.75110579
254173	1841.11796365
6339	13274.5657247
54587	1783575.06707
199990	65971.5271677
1953	33745.1002182
148870	1377.99498598
149233	96.4080761045
9077	379717.842415
127795	0
4774	140623.309816
115209	148236.518472
114803	55392.684998
83941	113973.012349
7398	298214.53583
8880	444284.146592
91624	13288.4058659
11080	126422.868953
64123	88423.3990626
127255	1657.61573939
105378803	0
127253	137956.197492
431707	292.060472946
51375	233906.421627
8707	886.930742904
22854	190.663903629
284611	63508.2610598
113802	37464.6711443
254268	118.161190326
148423	62831.0037041
126820	5181.41186997
2634	395873.312212
127002	24420.4310206
115361	46824.9635587
284695	46819.4621974
164045	3737.52949923
339479	85.2557619574
2672	4310.41355229
NA	0
343450	7729.86375604
178	80049.337936
7412	77671.7904806
2135	59590.0033564
148867	141897.080415
NA	0
23528	66262.6592193
10092	245583.058186
57863	60310.5066432
114548	9888.95150026
84838	116996.212547
25893	14946.7493915
89886	502.389490012
127059	0
3765	69.6357614453
93185	655822.186373
4921	33503.4327149
8682	2034841.07817
5824	709777.132812
23385	1147753.13257
57216	120448.350632
114836	12160.8992721
25903	325924.115079
127943	9746.58869396
2215	2362.35864975
284525	118.137154283
126823	115814.79762
148304	12026.8869116
4009	0
440699	13787.2703723
28982	36466.6765459
149647	0
467	95236.3838925
64783	42095.936141
79961	186338.858056
126859	1001.47867134
163589	10097.839881
51278	149281.414187
25992	73727.5796908
10380	252882.502567
128153	4679.97208731
79762	769386.61454
148362	291605.623948
100288142	2079.06465022
51205	48243.0849353
NA	53950.5915722
128025	646.72856398
55083	27479.6551888
64216	183059.529702
163882	114887.365148
129285	422742.58431
55220	197882.289664
148811	333.260663994
91461	3551.15770978
165140	6684.79850326
23498	25991.560732
148789	29231.6320379
NA	3463.51532952
9261	968052.452038
50604	0
11009	18781.5988019
9214	45758.5248441
5284	8095.63466126
83953	82.0054010807
824	1084305.31633
128308	301774.658242
NA	9713.87367087
80232	386713.075653
5966	26986.9975111
150962	35448.4343173
5194	162633.083672
84542	19584.0123245
51127	15795.8165639
130132	4544.00295844
27185	5377.42824494
NA	0
92291	0
347730	863.544186836
51072	10346.9136575
84661	342427.578273
129450	19725.7757514
79568	185243.13161
3754	507.437527701
130814	194651.083943
26225	216575.201945
151354	97116.9698397
3760	0
4760	0
130162	13931.4273358
NA	11725.9165813
2487	23417.8326796
142679	9290.46754818
112942	524094.436001
129401	48372.9308954
165055	5060.12657831
151112	0
150726	58902.6748837
200420	2457.88135017
72	23011.0469217
80304	29740.0996463
79677	64673.6463759
7447	5833.38028763
90557	93427.791347
3020	155897.558966
554226	293.492141931
56997	61673.8673048
151473	18552.4536134
150483	261.840509673
2019	1509.25740762
6443	229631.935849
132671	46192.9901697
115677	25950.5997964
200373	3488.78410423
151278	0
130367	270796.06732
3625	1554046.55252
129446	0
129880	52709.655523
112401	0
56916	143465.662852
27306	32463.2617497
10611	201931.401059
5161	0
285555	547.32563014
93082	697.752002948
23248	294202.804032
200539	1552.08570335
1520	576984.823328
4487	11505.667226
133015	67049.8084291
149428	54220.5420548
114905	6813.52810402
79626	48561.1898724
388695	78963.2884389
79005	119887.827506
100534012	119887.827506
29765	0
6944	188156.746709
2071	143954.647812
284996	214963.694854
55677	391614.244322
388962	56493.6663147
10602	568093.306493
6282	12025194.8329
84648	0
4184	0
3713	58534.7925446
6707	0
90957	74404.481179
6703	274.721972778
27302	0
57115	0
9938	19067.5793894
6280	201807.33313
6283	2802.90661416
7039	457600.399033
126668	34231.9212666
151195	101975.780752
7855	131727.752544
1420	0
54876	158877.546714
388701	3001.3552995
4880	271.130835879
132789	63843.2348051
250	0
2565	85.5950258591
251	0
2560	92.4780653589
152559	19947.1675154
152519	25820.2839079
248	0
118429	31410.8536716
113510	104718.644406
51023	46308.2106815
8545	355213.521291
84142	46822.4162318
151556	17006.4888632
92196	108241.735051
10654	887250.453721
57326	2026032.31725
9076	5385567.05526
90780	546844.45511
204851	299173.915764
55891	397.782363324
127579	3593.1236596
149095	1909.80383018
1293	580170.632005
55765	45598.3662374
NA	12866.0173264
55249	198058.391951
84541	4230.63717075
151647	126.693335614
285203	78035.1048661
56203	339.547620705
128240	881658.988079
56983	41529.7790764
55356	11193.8302242
886	168.826235597
91156	14092.4481375
476	5320401.28864
6565	42785.6247315
317649	158108.064195
60675	720.548697833
152405	0
116064	199956.229721
11167	561130.66298
25802	42339.6301955
1999	240752.644779
132954	0
92703	175700.054906
92691	12085.8737346
3490	1460180.73592
80128	15822.6644454
200185	101853.494525
3577	700.276025467
10109	726572.340003
128229	2864.7465269
7203	1205536.97111
84283	256580.648635
6746	460566.905731
64320	208754.403413
27148	59443.1476541
134	347542.764051
152110	454.572832227
285025	169.197858801
54738	0
1412	199.711915562
3549	143.539854289
57650	13063.6627641
8320	1588.51819052
57703	227220.609722
64343	73452.8409378
7048	362235.638357
84666	0
55139	91114.8489027
79885	151156.54483
83417	74.9370645747
50852	2182.45307726
2199	271191.350118
79411	109307.934562
201595	873055.302483
131474	150926.081453
151871	0
23114	1119.42326494
115350	368.972204863
151246	8679.60852555
5274	57043.4385785
23122	63337.0719799
8802	433132.648991
81788	132611.64456
6708	86.897094831
5584	425603.97416
4332	90823.4311054
149628	3171.7397984
3428	301186.769668
9447	2457.18224433
151651	3836.40689106
56648	8618.49933625
6514	84.9813067682
200916	111608.22268
2168	0
151742	31354.7226083
130026	36742.8844055
NA	66773.5784045
1493	4794.02801082
29851	4281.61205438
23429	213108.512164
151987	274313.759143
131450	5725.82500447
29083	78739.7095051
25871	179040.04087
152185	44465.8668021
NA	882.617401905
57577	62150.2125462
8618	714.149508687
4825	354272.500479
1040	490282.590273
23001	102381.052873
285521	60815.1983883
5783	172375.568966
132204	1443.65616235
213	1547.78213032
132200	1285.68493143
132989	33115.5704481
80145	343606.813539
6314	70948.9862226
9861	128527.785122
166336	35507.2955096
56999	47526.7983986
152926	49694.9845828
131831	699.713554764
7401	83.6351167128
8833	171516.054608
25976	479922.687751
57018	121488.357123
5806	6885.32564971
8820	9539.76453069
85443	2094.86938288
7871	91566.4239512
6133	4573925.95348
201895	734140.169596
11102	53367.154493
57406	52266.9843679
1776	2582.80543404
200844	1566.30749726
54502	620152.667605
323	219153.028903
132014	76383.4012038
84818	205377.487468
78987	266169.887946
285368	108515.109503
115795	153.235422283
26577	2169.51415399
23350	186587.763862
64419	168102.694587
151613	54882.5176935
2921	1439.47380689
6374	8809.82925235
5473	20306.3723935
5196	0
441024	38622.8485127
2919	8514.26138782
25898	96336.6474858
57047	3520.45947674
339965	18433.7506117
1359	10685.0197594
2992	282689.457712
84343	155448.591494
116441	22028.0193166
11073	121634.703107
6259	243866.738447
54861	208977.907626
150921	226.727405994
285126	370.6993088
7349	37256.4462555
130557	167107.277562
22950	183196.0815
151056	4617.61682504
245711	1834.16157192
57456	161562.116831
56992	4065.88519712
7047	53.3494626542
23160	227594.116794
51304	238365.160753
64866	439521.085348
7123	52557.6697243
54716	61516.6148616
54585	116337.945602
79443	341569.16394
1230	64647.2809
83597	0
79442	95450.7860938
54859	135768.295495
51725	0
151636	334769.651016
7707	213625.380475
349565	34330.7734258
113444	94460.8974907
9204	33576.5475838
131601	229656.262554
55689	111636.926913
2899	2326.26556655
80149	16675.720698
64769	806854.809958
79753	99150.183716
7802	43726.601218
5437	211924.686434
28999	20086.0539571
348807	0
94032	9380.88803963
200879	475655.836374
90407	153431.651308
6184	1854380.26689
59343	169027.819162
26508	66388.69211
55764	106135.566942
6010	0
NA	85.0310762011
5984	49123.533697
116832	135054.617676
8314	347710.573887
7086	1077834.13769
5580	1228305.31916
91869	83495.1559052
51460	38983.5125833
26354	350592.763007
55193	182698.876593
57654	26998.3983608
23272	233954.255514
50650	84727.5227383
7884	500785.612805
4043	571076.222549
131540	238.800267456
200931	6309.05524298
26043	135893.531636
165918	92756.8658851
54965	99340.9112618
4241	68642.4582926
133060	0
6286	680.58076225
84448	41428.155244
64789	42073.3325038
149461	0
79078	87459.2082631
114625	163970.339553
51058	127790.514835
9255	377460.561217
166929	485832.153719
23173	226337.874873
79982	97630.0510493
3015	902034.984747
51705	21433.8156519
150159	3511.49496411
133308	17561.1957013
56898	612521.344847
10424	601790.714991
993	16504.5380867
820	9354.55973885
51385	76684.600721
285231	1082.26910205
5364	498686.993544
79714	104223.930839
84126	174.193836369
51246	1001329.25322
10252	479059.24722
8927	3991.06261483
327	745637.0337
27152	24906.3357751
63891	104425.070777
22824	26187.0251474
256471	84229.603714
80167	31583.5887244
79012	0
84315	50553.9955437
4486	70660.1443336
23132	69551.1987293
51368	256891.318942
2912	368.296241128
1849	68379.4080297
25886	31919.9545754
132160	147752.031514
64850	295.302839214
80335	728944.86448
5308	257.933136638
401152	1464635.1672
8492	6035.8696772
9348	372.867759601
3148	554915.714262
8819	136391.134576
11341	376.699013452
9464	2741.72681414
4085	17277.3738392
308	4432188.37447
132332	1632.43357436
132612	0
79884	93700.9434231
2982	98657.0628372
26269	188282.708243
80817	42995.2984071
3248	2731.02161545
140458	0
152940	605.802069319
55314	114858.097353
51313	83281.8963214
4886	87878.4984239
4889	88.2349210656
80155	118610.165133
3600	45995.483576
729830	112808.239241
27236	273323.772416
23379	136088.964773
64399	144.300708246
10393	64396.984471
6059	212559.910661
54726	149681.321897
11157	69000.3518293
55751	249215.040411
90826	90893.1215565
3673	506827.030959
4338	174808.47106
51151	355.532445947
10085	95494.8036429
153396	40934.1177779
79993	653865.19107
91942	246695.469219
133923	8844.09518457
92255	92276.4387967
202151	3022.10507967
25836	177348.261652
285671	86355.5204944
84059	506.643948011
91137	135707.513673
134429	19975.1970379
5229	39990.8823097
2151	7875.60357133
153733	36198.3160058
651746	1543.47526442
134147	89193.4804021
401207	9450.51228137
133619	252898.124729
2150	238744.725001
55109	179253.286173
55255	109204.188035
56979	0
4724	713606.67679
117156	540.24395391
6690	0
3360	288.526313213
11082	59045.9579311
134266	58023.6554821
166979	452.105844437
153642	35136.5200205
22836	469711.934478
493869	330545.008887
81789	39677.0761625
84654	0
256987	299441.331472
133121	61.7438071926
285782	82.6825527411
836	172886.451239
201973	81711.1854314
51752	138556.934643
64167	19757.810326
202333	55868.517499
133584	13595.7619778
57587	288103.956949
134288	0
9607	0
253260	51411.388887
167153	236659.562662
1879	12032.6267494
57763	168724.647791
134510	254571.793641
340069	0
84135	50487.0837881
7098	22327.0436856
3818	4326.70826616
10412	721037.050367
84340	149791.550183
7015	943.612841942
348932	0
133957	38224.5847763
94234	423804.056235
NA	501.521805228
222611	136.222576338
23305	990.858954572
3562	0
1437	19924.4990626
23176	373981.96792
134549	74828.98227
2661	3365.19754761
27089	983192.614219
116842	3018.51481525
375519	0
10559	97279.1332254
2898	2953.02839214
115004	28513.958867
2173	0
30012	0
167838	1235.1637897
10370	728873.806635
221301	0
6862	0
153222	140328.509394
285761	51143.530048
94081	93457.3167166
154075	2229.49437013
114801	137738.219901
116379	8620.21980308
168002	206.285431134
57107	186092.437868
100130988	143.185959185
134957	50783.523138
221613	0
133396	0
79722	194.952081388
135250	42822.516137
221476	1618.76270495
57057	0
221955	91160.3011266
23366	19939.9643066
9263	91056.1893793
29896	312514.840119
NA	0
55568	113374.795272
79685	177624.694217
6208	4301973.36469
348980	161.173612522
91977	1875.9092072
10466	95444.7468414
63974	0
154743	73332.1111315
54329	3612.09620347
10569	370147.368992
6100	104953.346631
9232	99390.2609445
819	571348.724557
NA	386.145113334
168667	1331.57105658
285613	11409.4278787
NA	159.901500676
8645	347746.0866
221458	856.364963173
7559	157113.895582
222962	7595.58269394
219557	0
26872	23945.2743264
55536	79829.8626053
221833	0
54468	74303.6599851
222223	46410.8834774
25862	10688.8757752
NA	1596.75402717
94120	148700.003008
154865	10544.9789239
23462	25246.626296
619279	39315.994567
2171	15658.4911052
6469	345.829049496
117289	17185.6767681
1278	5190757.83201
84624	727096.713035
92421	418920.680124
26266	289.837679578
5224	0
25798	451873.488702
22853	123155.404462
146861	0
1508	41142017.2067
64321	7687.28854145
NA	0
10395	320217.336583
107	13563.996389
157773	33760.5737288
256979	838.282694073
136288	4212.12181648
3174	0
5828	192321.248364
5885	812147.985575
169026	92.4927935107
90390	105666.465013
4982	130450.664676
157869	1987.55048068
5260	3574.56852198
2020	0
27012	8279.96044134
114788	42.3563658132
23514	165443.840239
5001	73842.8908673
1670	0
54919	119415.525086
1669	0
1671	0
734	274686.524782
1672	28552.1190077
23353	229236.610923
55074	219673.381156
157753	100.931917006
NA	14606.69644
115330	2756.78283443
2852	42418.3288677
340260	0
202915	42561.9483997
4846	28584.4682316
10407	0
79778	63507.5309498
761	29415.2308671
26173	404649.398517
1020	92411.9646314
6522	244356.290754
157724	0
10922	268554.843541
83590	355264.289367
154791	96793.708409
2636	0
51808	204187.885463
501	156346.139049
221937	68242.7802889
1345	489367.016976
116039	6937.4330259
7534	1824733.94636
79870	25500.0687902
8323	899074.2539
115908	608557.741044
81034	120157.70699
25879	73360.7712824
81501	1225182.56616
94241	166217.102865
55656	60136.1369177
25962	142481.129591
158326	161.892468998
2669	31362.9160932
54704	370452.308249
91147	31804.8159136
9897	365950.627925
138716	271501.033751
203259	70099.9384802
84688	1816.14324325
6619	114041.061299
57462	31951.9087464
318	118583.547883
157378	61845.487187
11168	312520.111725
203238	7439.76998072
51271	551430.823663
54769	1721.75809713
6850	424870.502419
55335	44130.4648531
19	180061.881881
4783	155566.291069
137994	6649.22432642
55798	86524.884106
5568	180.473042403
2395	59578.0260333
79698	393.363756742
157848	0
137835	12549.4844036
256691	12507.3344026
136242	527.246709445
57094	121.244728696
116328	2959.40379077
117531	125.842307791
216	947382.435586
221656	235338.261228
138050	567059.820078
158158	394715.688043
80318	65015.8272099
55582	51240.4047822
84267	313364.754047
3190	2655448.51434
136263	0
NA	49448.9597307
79987	2967.24898928
55503	560.064224756
135927	0
203286	251296.432656
2203	470389.568563
84302	10691.1154223
11244	204442.785985
286464	103.209925441
1536	168726.993406
6990	286917.696866
155368	28069.5165298
58526	188786.040253
NA	8139.62509396
158401	462.685030636
254158	1961.01539114
158405	19677.4769667
139411	175.456873249
138065	3504.32515359
140456	92.4780653589
57526	2500.20649027
5277	59843.6275161
2277	0
158131	0
392392	0
55342	175476.700721
1365	2798508.20686
26130	119093.558001
84270	121015.697758
65268	5170.44737296
538	62951.6591094
195828	21344.5259355
22829	0
139324	12282.5854842
4712	461095.100865
364	221.116409843
112267859	221.116409843
65083	211123.696533
360	13190.1262484
158234	57853.3225766
7415	1502741.01253
84720	154032.101938
30968	1017298.65964
254065	27610.6836418
26050	454.086013007
9833	10629.4354229
219681	0
220213	486608.670471
94134	263142.612807
120114	617.511728958
159989	3572.23054455
143279	27617.7700623
84889	0
254170	134752.518013
203522	23547.6960961
83550	380.328913198
9075	387543.841908
145581	756.693485933
474354	356.077406777
171546	528479.008605
7486	55097.1641582
220972	153991.741432
7253	3135579.48141
1073	81301.8612211
10910	72335.7034236
2957	430014.459971
219654	137745.629785
283209	82044.1909371
84457	212.837374952
220963	191642.363748
2350	207942.415946
3636	364279.313101
401	0
4153	0
2706	52165.7068805
51084	731903.245961
221035	503383.072607
220296	0
221150	6478.31906674
221154	425812.651396
220042	4459.87118723
51585	96034.9998112
63876	444.143660488
140801	2860.89778549
122769	40128.9727952
6166	6223342.39963
55172	98394.4143529
11067	223025.181107
139081	630.577904944
220979	19434.2143589
7570	126123.985398
23588	230997.527187
161436	3801.35291206
9147	109301.106758
84881	131073.331813
382	1084665.53814
123016	143078.953025
57156	9264.08430317
58157	308.260217863
122945	5010.58923947
1045	0
219287	109.52611984
83592	2763.24612338
89890	70548.3691648
6758	870.447018066
10214	275.634670362
5015	0
158584	194450.362212
644168	100.477898002
11164	236033.27929
51339	25222.4139952
27199	1856.51716016
221044	0
222389	106685.10826
509	1076507.49907
8559	179366.786199
83860	67111.8938845
196740	550456.054018
7417	524062.433996
402381	0
118881	72779.066829
6571	1971.07188033
118987	136653.398675
84858	110183.45654
23172	191096.402263
169714	116793.468027
63877	48822.2360632
64324	154316.173359
10935	1137134.86586
10495	95888.8829038
27069	1635329.30655
51266	395.614612026
6621	75696.1575941
120939	3578.78715528
23203	177974.106949
10807	145607.643706
90167	349.435770429
158067	47209.5274994
11092	84244.4709744
7248	106501.401493
8328	101.107634132
3251	468829.624597
118426	36151.8669961
138311	104167.785307
116225	104546.998712
219736	34914.0982966
5979	28510.6224138
9188	385535.896342
9790	181914.242903
282974	25161.4466398
57608	485575.836415
390431	0
65991	137458.018019
90809	237542.908383
64745	85567.4657614
29986	184.368968398
57447	114306.318434
84659	581.149683576
55701	229035.497355
26012	174819.481088
51222	160255.251922
160419	0
840	138852.879325
145376	3473.68303698
153579	3130.79380299
55088	155896.973804
340706	46007.067099
56339	109028.406876
6297	114274.846382
118471	196.468961588
142940	175067.320985
220081	987.690902132
1557	0
53349	177862.543722
143379	11200.9310021
259217	53828.4229766
NA	479.968802028
10023	35626.2233668
80019	409529.300877
26287	800.499311446
144455	1566.39033123
143872	77487.9356344
122961	421484.266378
283310	138.606742352
120071	114474.485322
29763	426286.244882
145567	27498.005746
91252	270743.658207
5702	946035.168522
5913	302.795751019
79841	3124.65555141
123036	107989.466775
53981	124204.946171
341346	1321.24880032
64112	463442.324022
122509	49535.6037152
3429	68411.4683739
145264	0
79789	6454.55784372
29951	38624.6154358
9152	0
120935	548.302728903
4745	54.6960115327
9317	139205.940372
389941	25625.2898315
783	4797.48531811
9200	180107.441952
221079	99349.4066577
56935	462995.252815
85459	37738.8423939
3747	0
NA	0
79101	129567.920128
NA	0
25841	256455.64086
27291	100181.894786
154810	191388.217464
5654	972776.76951
3990	1680.44632654
9702	140794.566139
255394	27807.1586829
139135	0
161742	315024.850261
145942	0
11245	39355.4762154
83700	42403.8480427
64806	0
116173	101.002130514
NA	0
112937	4512.35063237
170689	100325.578256
55530	0
219938	0
84706	45289.2186182
81693	437.50922871
51762	92921.9600726
121457	115789.735257
27079	73823.7268405
55662	107097.554788
4714	324953.765449
84936	220201.129488
54866	7317.73740549
6692	2712218.73684
2200	164658.413476
552	4041.86372528
123970	0
120863	3911.48404731
654429	0
728458	0
29117	230506.260616
1152	1114850.27733
115708	143257.086555
8945	110040.087679
27343	129707.140992
9529	518785.630101
25911	207728.988885
55323	157686.257415
8539	664423.980792
374569	1564.50238898
57567	229166.012024
79803	193148.940223
123228	23140.0177682
9221	462122.909114
221120	161105.211129
9318	276577.388648
2562	775.566241769
121599	0
219793	0
8879	562957.690411
10818	131196.774612
10576	585532.509568
5092	1208841.87138
25820	91327.9098397
146562	2681.7844469
79827	24611.4667644
55800	5093.32911958
1353	127108.877257
7753	60214.2225148
196951	18763.8301849
252983	16260.0563614
116159	50678.8859092
8065	168707.040569
196446	659.208002785
54838	724019.652107
119032	328769.767336
717	26803.6045865
79156	34551.1297827
55273	449860.917334
119504	580426.472094
6609	644223.725458
322	243534.742324
79933	169.252647305
25961	11403.3047987
160140	5273.66402228
54765	217635.956897
101927581	349.015775513
3611	79929.8217832
6881	211778.860951
1200	1438278.27278
8642	45371.2078617
81832	13651.9715799
118490	4673.90172672
1528	30774.8491999
159195	349417.33841
5896	1486.27575292
317754	0
119710	106775.149168
126248	5678.28381758
144124	0
120776	261.604617321
374868	52105.2266901
8495	225100.477131
80168	0
51700	22160.3092309
8710	3303.53953614
9710	131545.49164
5271	99582.4827209
7275	71536.9151109
79608	45129.1026538
4004	4982.87137963
NA	0
3419	58866.7825584
256764	42039.5446111
1381	45911.2151668
122618	18122.4182023
84460	65040.1162838
143570	38478.8548066
9866	17504.4835103
254225	56532.0789621
6157	2980231.58732
6764	171395.489979
124359	21616.5451408
222865	32880.3847565
283659	24102.0719758
55839	24008.5291317
56672	181046.318946
23300	333367.919076
123775	23220.7128759
440026	241524.599409
114780	1776.22193893
123169	239870.634613
7702	69559.7592677
54495	139125.905094
4239	121441.920402
7465	129679.892054
5598	118477.287429
NA	3887.69786607
5579	8766.11347452
50810	99211.6156023
8509	9296.68836674
4176	326918.709254
10143	193.136764368
80323	4372.53431809
26253	2397.86230575
7551	124579.070502
338339	144.252918642
7589	46406.7031905
NA	0
57494	65461.2514579
144568	238.571374964
146227	56116.4771071
7084	335787.352229
23423	181655.988971
146167	0
90701	186871.293845
339302	0
2587	0
65084	86306.1197245
115811	34586.04459
81565	120897.836172
201161	58656.4827239
1014	3494.74001914
6236	135080.74579
51647	1191919.53458
146845	754.72677122
7184	4812596.39625
4160	348.596788988
10904	264033.161901
89777	0
89832	2803.15259104
80063	18446.9937165
4319	2147.30069849
780776	2034.48241496
27018	2235128.05001
80975	4908.77183892
9382	175255.412987
144100	54558.2918311
NA	0
80095	58608.6855238
644353	771.150819428
567	29791249.6203
9640	237617.01125
113201	840425.16511
3359	4818.73440131
4837	177372.232367
116285	7889.14237816
164	271895.113703
162394	213996.436669
117155	10816.2908718
NA	163.502885826
NA	173076.432589
89927	225187.098197
9665	229427.417102
NA	0
113174	48712.1431569
219539	13477.3302516
5479	1981611.85457
3948	693.033711759
84191	562576.040716
160287	561.448424646
63901	216308.000636
9768	20997.0283372
374654	70838.82679
197257	29665.8970664
5346	2676.6761609
8800	91482.4169352
124491	116110.758615
55897	27334.3144473
290	95621.2943675
6340	25419.7335172
348093	63438.8084146
89797	445271.036743
348094	24361.6057063
92292	640.546599765
162681	5221.30363737
84516	126659.961765
54386	784862.627019
5347	7137.51925453
10845	277194.068084
11318	84.1440525143
9880	34403.3391476
10369	0
6866	0
4640	523.445020688
63928	487.625735058
23306	88162.3142989
219983	4683.56653592
4665	1515094.87431
23339	276929.186579
6778	683139.701154
219988	327917.53529
91419	78252.743142
114794	1719.40543291
6809	329803.512199
54948	152287.063032
79837	579794.019966
54893	104961.397992
7529	2349867.87099
NA	0
84419	104785.217431
6447	516365.343357
26585	23081.7805278
222950	2267.33728565
81628	366982.337265
245802	0
58475	88156.1833715
84689	1667.19068403
64232	0
115752	125051.915776
23582	380323.340299
2038	625.147739993
343641	0
4088	233917.24353
83661	449.680410727
374864	129.779273844
219995	12964.6242698
4130	23057.829494
91433	30271.1658015
64400	165397.784323
10982	66017.0681139
59271	194854.874061
401285	0
4141	284307.416432
114785	272071.582085
245812	148182.368146
2923	2912372.01657
11051	436937.269215
375607	1125.21748344
145645	0
4824	5770.33724847
129049	30971.287668
NA	901.338205567
150290	18466.9344807
7008	422607.694869
150365	2746.0480969
124872	7129.0980415
5090	791062.557529
2793	11347.0421936
5245	616927.486998
6632	165746.162739
158248	638.200275224
140732	196.868559476
201191	3973.28791645
138429	37286.2923443
128859	0
162461	136060.553033
399665	465419.059237
80221	244497.200661
2801	449900.938884
26995	81448.9425534
51117	254309.685076
10999	166105.473241
55018	158.548252922
81605	275104.839274
51148	359681.5225
57171	139444.915627
388389	149.104557241
2021	78046.1215413
161514	0
51450	44520.6759501
54578	56.0581322832
56905	178565.406325
57611	2522.57001099
6668	226085.053215
79170	475812.126853
10229	141737.000687
51704	444827.123435
1398	606889.451941
146378	0
653641	0
26263	55539.6525736
23102	136460.985613
64127	6214.87356932
124460	16048.174804
125336	482.895441065
83473	10078.0403068
84064	192784.91796
7644	53903.5848502
3481	293376.889809
257160	84578.9498444
51755	111441.969456
64174	6724.09123596
54920	33050.9822765
51367	165168.463314
64772	43465.4397715
146713	88.2349210656
10632	850279.208492
915	69391.3991392
125058	95847.1321173
146705	23720.7597046
4645	365495.922399
116969	6181.97546314
10449	406716.781075
6786	520608.965466
6240	386178.393736
81285	0
55128	113453.438231
56547	0
282763	104.792899757
390063	0
390061	0
64122	204136.731112
112476	6014.05073238
7571	2869.14244769
126298	81915.1943086
7769	54787.3085158
7733	45836.8700703
NA	0
28227	16749.6600242
79759	20293.4712674
9726	79766.5349205
79001	274609.626413
94235	1344.35706124
4025	135.417903883
762	479.176774302
55181	109744.252551
NA	0
7171	574182.262723
4218	145610.10768
2879	3413524.33191
90007	525814.797995
126306	4169.57513146
105372240	4169.57513146
199786	306.67891922
55295	167557.839197
54815	417582.067692
NA	0
4597	98065.9598233
81620	62498.0958971
51693	163636.237944
29123	145319.057418
124045	18647.865508
124923	5168.6968462
147011	6073.40932862
6137	3535808.92809
121274	69973.8326308
3906	0
784	82977.6345539
147015	24855.9930561
90313	120346.138114
8085	123889.895975
84940	13306.054801
121268	8328.76095612
7846	514554.335319
84790	256395.685824
162963	39634.6487901
84436	70808.058672
55762	28466.0238743
29946	243118.913231
57701	56963.5161601
53916	49859.7004454
359	0
2819	16006.977587
148137	35293.675565
29785	284622.000614
558	294832.058268
84807	23335.8190067
147798	1515823.61386
341405	78.3754723959
3903	24753.0930685
57348	328.671335854
114823	294510.830517
148170	238286.172528
3904	1885.59172225
284339	549.964252324
116115	69892.7175681
83696	193333.03125
3811	204.34984182
199713	370.951871777
7705	530614.424679
284349	18839.2236452
94274	8125.25466991
10653	2376109.60365
64073	1764406.54534
90522	152511.477296
352909	5364.39995119
8000	164.708522534
85300	0
8581	2243.76915822
1613	209051.50041
1938	27035441.8023
126259	4141.72761813
10036	66262.8248075
80700	1049665.83807
84717	360358.991181
729359	5449.51173348
10501	42319.8240075
55311	96432.6875322
64359	328604.763139
79850	240677.202697
51031	339719.485251
113655	260912.936435
2875	18543.9325254
90990	45904.6393152
124935	51937.8648459
83547	208361.920099
5345	9399.04834635
124997	109723.185193
63826	64999.5486142
55720	149353.826717
162514	712.591718348
374875	69027.4089055
124936	243403.793785
124975	5236.2303505
84798	347012.579317
3816	22224.2913336
9622	7653.45601373
3817	363.317016236
25818	7905.112302
5653	61279.8224796
11012	416216.055497
26085	12587.5226182
55769	114011.124404
144501	352329.098609
3848	0
125981	401.911592009
55611	389043.227932
283248	6787.57926023
51129	361396.976562
NA	1501.97133738
51293	970615.170883
84926	997428.699759
3489	2567568.52634
8435	1846.84668686
148156	46196.9971952
51475	0
4723	616413.279309
10263	462538.731416
NA	0
254552	89968.9316805
347853	0
NA	4029.21178544
7001	1983137.98566
81168	0
10798	0
7775	65579.9892692
79003	98970.5703972
10871	21438.8174195
11314	23351.5722446
83659	0
283987	94153.595962
3396	245041.834014
10476	614914.162427
92162	15265.7505834
2125	613782.953642
6730	420389.478767
146664	909.430395324
147138	130908.215641
7083	113281.406187
137695	70681.7597794
1581	196.868559476
NA	5830.9462897
284110	2474.09927323
192666	0
147184	89622.2863211
84514	580111.981699
83986	252190.970856
50964	378.757989426
90850	119030.935612
25837	14355.6585221
64223	283529.662175
1877	94934.0354733
1775	6749.97146152
1632	377746.875025
57524	10897.3049202
21	438362.382919
54442	139671.623099
23524	1024454.80347
146434	40399.4781515
197358	16417.0004989
54949	120137.616416
1642	737151.741051
55048	152083.447909
220001	12153.8263328
5866	35162.5846915
7439	9007.34285418
2495	9532654.46613
26580	56465.0309079
5436	404842.327994
6520	821008.04815
117245	6042.2021161
144097	103242.024573
89849	26756.7150319
26005	70475.9218095
9881	113975.306108
199223	12255.240924
3921	2469051.09704
956	101913.851083
1499	3707869.29996
54986	22863.2653697
8772	170821.704846
4054	1463253.15754
10004	10986.2295153
29901	54733.236922
116071	30937.2295864
55867	55.6072625865
7536	955991.845795
5871	63626.4565146
283129	378.593383607
283234	17427.7472829
51435	2941846.78542
55872	8315.7643252
286133	1440.44752085
5368	2185.37065081
10980	714728.604985
5049	463489.805595
124401	29635.9994353
84309	573460.597402
57691	53798.497308
5867	389601.987049
NA	0
4992	0
NA	0
NA	0
81697	0
3761	140.620399626
55209	247474.14364
114990	1651115.77085
222584	53455.0666269
8290	0
79725	35593.8082861
4993	1652.23968835
149603	1624543.17182
84376	219585.254827
93487	284147.987164
54541	296730.566741
3516	251592.508478
55788	1662619.32358
29063	44679.0958588
5729	1340.36787114
125488	30136.9392626
132158	22359.2502664
2786	2688.21630464
92181	187546.973336
548644	4447.63466141
28511	101367.324167
7266	199019.347963
169522	398.510235901
359948	709171.685382
256297	0
64943	298749.812031
2299	0
440957	154316.158007
388753	188736.180836
3800	5924.21611966
4247	25720.3973964
648	263193.912709
57215	215931.470604
27249	634040.759053
5162	262555.755585
54899	254313.988829
3008	10119.3422428
115294	243590.229724
200845	43064.9973853
136647	53925.7593014
8309	148689.583687
11170	157605.842822
3660	241269.811686
4336	94.3102063095
1524	59982.9684121
492307	0
165904	493.921814983
84684	96.3760787344
123099	68921.6284685
11280	565.457208672
NA	0
378	1540194.91623
4735	1546560.8994
11259	51848.5017769
84879	86237.4691839
1841	133046.921106
6890	422758.890266
84289	78190.4298172
23192	133029.376592
624	19896.0917066
197259	13774.2276548
NA	42127.5024126
55159	121003.36448
4543	0
93107	44.3127003246
399	5053.54561154
377007	11066.5914606
91949	220510.465346
51362	103288.947167
10963	572095.087815
6338	8671.41185593
55806	9289.28690673
84203	256.822929151
11031	507361.221306
80346	176330.286104
7148	6691.23760364
203190	12544.1558306
6440	182.171345814
649	349304.667704
11273	430574.348254
9796	463565.263941
256309	11656.3851921
661	125809.395015
2237	116246.197024
8436	70594.3584091
23255	1811.29955728
2637	1254.34611329
148738	0
10648	0
124790	27926.742171
2339	133561.332125
347735	1536180.79068
4632	0
60684	162764.561546
1128	89.3480385313
1281	8364690.29895
2675	76252.9861731
3622	181437.294935
55602	180158.161314
154007	36223.0053402
79064	154742.573312
6575	658375.034263
1418	0
83657	6942.17170966
79089	209081.026652
11086	48.7462019854
6774	863597.157152
90204	98681.3430258
8754	517250.567922
8749	0
2668	4757.00415771
NA	0
135656	1803.27006633
164237	1058.24025228
8313	33505.5144493
4725	4691668.76416
200403	104.868589826
90075	18512.4578924
167127	215.576187993
157638	318645.46125
753	28883.9033208
146212	78.6620954156
9122	389222.569178
3575	21706.7078759
29100	428503.093018
53353	187.430605416
128488	0
10768	1359049.54561
134218	197485.861022
11142	485946.298106
255743	3179144.01773
NA	0
766	4054.73107191
51252	22674.5966802
64591	0
54910	210393.080987
26505	157618.559141
2948	103547.994655
54790	27673.8112545
80319	5539.14846197
79867	120281.253399
6474	2705.23545801
9677	74546.1390211
10098	101340.276947
116236	112934.975485
9925	89367.3486758
113455421	571749.534477
54921	571749.534477
161823	43013.7833276
9836	62692.604584
6645	121357.256082
3592	142.343688837
22847	59063.195326
53407	99389.6386982
27065	9201.51441591
166793	46135.3189613
85476	155671.54654
392309	867.45668477
3354	0
56884	0
NA	23366.6061706
55308	145032.153708
84913	497031.55075
8403	141.304683809
54851	61353.9246438
6439	25674213.2199
10713	317347.186198
79155	259894.350352
388969	152790.612458
129303	159550.068806
51255	1340275.50504
10791	515524.000098
10917	0
123355	25285.9089539
4144	866936.829405
255189	1903.20252484
375704	5904.23729666
57507	113643.812228
80723	43079.6350931
3635	26024.2501355
3954	147354.938058
1504	571.616388242
440387	123.777120728
57093	0
92305	502219.302288
5480	677509.822681
10251	5344.63541276
153241	115299.092978
29091	241894.280591
79853	105.325036354
56947	181075.059389
2915	33.5429277148
3965	39842.2824952
NA	0
8681	5281.67144587
NA	9154.87291356
10815	3482.65203953
221749	514329.058506
27036	9238.75337237
23620	0
1876	62617.2232171
10116	260149.875831
54951	155220.714731
521	1356141.63803
7386	293723.641776
84179	120699.264987
1285	149327.952605
5604	297179.08719
5650	315076.644094
NA	101.745313674
3187	434070.772742
3667	104213.943465
4204	140695.056134
51481	0
65110	179903.482989
79740	146.214061041
345651	13303.0723082
4920	20862.7209255
NA	0
367	4091.47573705
207063	175030.832941
254778	949.938254013
79663	36498.0324862
8623	282098.720058
293	7180223.4888
113189	104322.709791
25849	2205373.69481
53944	58958.6946052
90362	180408.746828
55130	4927.90093094
84632	825948.455344
6940	65525.4320583
22809	317610.499529
7336	157982.101736
137362	0
23099	105989.93425
NA	0
126129	30800.9992993
255738	524.679808681
23214	310520.792794
146395	1838.20777527
4330	14381.282817
27301	180224.217629
197370	410846.928902
90693	48096.9300376
3596	0
440353	402.2827872
26533	0
5865	406.94956821
343169	0
10421	619474.602955
284654	846.04406832
10636	35561.5547091
26000	220159.088674
10960	1712102.88387
148823	62.0472489801
53917	61872.9758353
27166	317793.103448
7059	93339.0335469
11238	27333.997938
55974	499976.732282
1942	667682.161904
3627	39507.6360853
23117	3385.83037682
79628	868.422319081
6373	3804.78413557
8233	229564.664238
51068	273443.717224
154	4216.97829258
NA	11870.926503
8706	260461.387007
114787	7585.35354428
8988	0
7881	7670.60473819
65008	182029.959097
126669	285702.552424
190	0
55276	171845.417521
202374	321525.397145
11141	79.1660646747
64805	6716.72317631
150248	278.409516037
NA	0
390445	242.186092766
23251	7558.44987723
204474	0
7369	85.1807348861
2813	71.7344676944
9197	90459.4364345
10073	119422.954232
8738	40949.443057
25942	198624.140744
200894	209152.702619
6036	5769.16142835
64100	0
6037	1613.22847348
5747	210210.408511
728194	58.1692959188
5724	101318.701152
5780	185827.772909
6039	102632.34869
4881	16483.7576583
51305	0
3576	32434.83105
6335	1176.76642797
166824	2364.38190022
169044	3226.45694697
6383	1198270.26058
1043	268641.361841
93380	356023.728442
6699	7025.34980388
6698	2150.97129798
122740	0
81127	0
83877	221807.156879
203100	2356.31461998
59339	169729.489322
25932	366093.400814
151258	1621.36435195
1880	60980.0362976
54544	0
83987	354729.510276
196074	60251.8392224
129025	0
143662	1650309.65478
54967	838.282694073
9839	12851.1794254
2705	0
5093	2233943.47939
3094	2418292.81097
285605	48428.3011533
7441	0
9022	1402563.03901
283899	95391.8245479
646	61562.9777685
1677	26336.8927531
27247	303466.119035
84168	499022.713188
56287	0
150468	3839.10665657
123207	26042.9627894
83640	146672.098967
10887	67.957202253
200558	9116.38010523
654483	3616.46822627
727851	3921.7898121
23119	17417.2360747
7798	116236.635963
284004	113761.158378
NA	0
NA	266.551427599
1816	0
699	19930.0042845
83985	8423.50310521
201255	51859.5243056
1138	1522.83780826
4490	0
201254	128404.978301
10555	1182681.30147
79058	53193.7317932
2815	0
2194	165354.571031
7555	4681359.6452
4493	706078.819706
140625	0
64118	229245.709131
2873	294391.262618
5986	202177.388871
51181	209617.920576
7580	470352.713982
9079	42834.5949135
5881	39744.3714292
145957	634.902082587
3987	121837.440316
123591	1323.67464491
22871	429.219243043
202018	77677.3219501
9081	0
7360	318055.631234
50834	0
84894	11788.217854
9081	0
159163	0
378949	0
378951	0
5940	0
9081	0
442862	0
NA	0
3185	1530459.38888
686	185486.431503
55454	205213.041849
6870	0
219409	349.225646695
NA	0
5099	87666.6994113
6091	48410.2050608
3175	0
57099	146314.82582
5028	6412.74457667
1501	1015.46656061
81844	224211.75757
140453	0
51327	0
7480	1214.98378756
163688	0
9185	23567.3126123
4584	714.847151956
94056	283865.874053
3684	39007.9499201
260434	2023.56184827
8460	70091.9957444
7104	9091.37167766
163590	108685.243152
795	0
4071	701965.495471
23252	73378.4134976
161725	2958.31723419
2990	480598.220034
8019	149709.291584
51621	409292.643507
9758	68.5022706362
23414	9038.22923536
92595	47013.1985591
86614	0
159119	0
65988	95539.5216384
79724	442058.280826
83756	8458.52389242
131616	119948.159583
10746	197826.557332
126789	76066.0882475
83443	1549537.37531
7584	37837.8709928
201798	7517.95793468
126917	197372.820411
57555	152515.491898
4648	1979.87130836
1107	342130.74367
201799	13382.5425797
25924	6181.4783129
214	778273.189928
7532	808111.312765
10477	483284.832702
116840	109836.171525
58485	1411485.36703
131368	792.463109781
9196	2155.66774186
327657	0
285596	340.503195622
9283	1101.93201741
375484	42749.3889198
201931	154108.135495
NA	42818.4006046
51617	147.1774583
442590	1921.31872331
866	0
197320	43584.2157264
123606	84544.2977241
2298	2059.44060445
2848	8556.3499146
7324	549872.651251
220988	952534.803289
23235	142463.422605
NA	0
57484	13349.0369188
9720	1249.8737884
NA	5599.63602366
245806	0
3233	396.695526266
1140	154011.333685
3238	215.736348608
2993	0
84640	139764.794831
9121	98329.1217181
140838	39484.2145553
255239	1676.56538815
147	25061.6621312
56985	113463.735968
2172	1496.80992385
114825	70744.1573901
373509	304.542344234
55031	200206.309049
10015	503460.083238
259249	0
7988	116809.503548
56246	215.736348608
84140	33671.3833327
8427	167545.059467
2720	831485.458486
84520	168340.531002
10826	61638.6409544
10491	1094903.82752
3316	8048.01620479
202865	0
54714	57.7872886024
6588	641.017936483
23587	201105.714256
152189	556027.9127
11337	946493.817708
284194	0
9482	166667.547133
983	23490.5107663
7314	5331476.27946
4798	140263.021814
2167	624.028206075
143162	3356.79400351
56980	39266.750408
10678	309868.428982
2353	229309.616184
10972	1805278.55557
NA	2392.42945604
6419	86536.3431781
4086	55650.7900938
1473	14211.7746473
1470	19798.7130836
2018	2047.44508897
1469	7326.12930618
121340	680.447862277
285966	2020.90173758
9723	31843.8104131
10446	18503.4267439
7779	508883.108203
166614	15679.1898664
91752	742.34629372
NA	0
55890	614824.446155
130827	31008.1094985
222008	0
3856	3911134.16183
196374	0
136	6829.81870389
121214	0
4255	199927.85372
196410	1212813.5974
3892	51429.2385531
3035	174414.552101
152518	59254.8460264
9119	124.948849065
160518	32016.3804737
929	616174.582798
202052	66842.6163009
286887	100.269725562
79697	95996.7243957
202051	43894.8212552
57148	240696.141823
84305	265234.718506
51237	14691.5219538
3851	87.6754605154
9963	815.931978471
121391	0
4862	34731.3586654
140807	134.810178843
3814	2866.95046063
164832	318183.351671
53343	217785.84392
345275	121.143564967
5036	626748.826544
170712	0
79071	35218.2123922
3889	39182.0931639
5209	204024.395776
79905	3038.75246335
23204	1198752.8503
5272	115856.286728
57228	45458.7652477
79192	312.573869997
1000	286626.702598
153572	55090.0361689
133418	664888.264097
10736	1185.22908256
9229	1151.35420543
6773	450615.98742
134492	66235.9116885
26145	315296.822399
441639	0
3308	763686.590007
3171	2119.57025713
153745	0
375611	2751.61267612
28991	214127.459843
6444	23759.453368
121355	1495.6238621
NA	5099.88356133
7564	73579.4831346
83787	185894.641739
80196	125345.698683
98	31237.6150022
80305	176457.417042
11016	94865.1119632
100271927	0
9306	112241.233732
347273	3442.37662793
26496	0
162979	6993.12342863
NA	0
3219	450.028865133
284076	0
5429	148553.733838
143425	1228.60641095
3790	156922.664926
27288	154.952574828
3799	822820.636107
2861	2499.14242168
11214	420637.392297
89882	0
55038	196553.240752
283297	0
195814	1328.367453
143241	0
341276	0
79145	152813.933443
94031	149868.487997
3344	52078.9356136
442721	0
8419	140.280736825
2492	0
NA	80.8185708953
84669	168686.907691
1056	1949.59353006
8493	68104.8515352
2850	247660.567368
NA	185210.635476
5675	112.98876468
25948	269710.321245
84864	132317.562149
51499	298838.827903
NA	273.042901013
27258	192115.847988
9778	239473.032912
9788	15407.8246853
79188	1357604.92477
11236	549142.972373
6203	4674797.30496
5319	455.142829509
54360	8974.8902114
79042	365148.936127
7200	146.805422258
2941	183307.257442
84437	96869.5506878
4696	444664.430145
126014	27588.9936636
85315	35084.6089606
11162	8150.58536898
NA	19038.6394352
390883	0
26115	50479.5317404
390882	0
56156	0
5314	33.2738770742
125963	0
392517	879.942803718
120526	23216.7206286
85509	0
90338	99864.3583056
5232	694.691687146
219858	0
55786	93720.892269
112464	73463.6459156
1084	94.2795861126
341019	1213.59892762
3037	21484.0450645
80310	54046.5572973
10761	303.11182174
414301	0
NA	0
1901	206226.386884
90161	13028.4175021
219875	0
26108	61698.386626
80131	8518.9195897
5569	119844.202537
286046	13880.764097
203062	88327.2317029
2358	1255.70216314
2357	37724.9187361
160065	123.671688768
347468	0
9637	138627.910197
83595	10835.1166129
203076	0
53838	168465.385628
NA	20749.7429698
238	20735.5246664
883	57531.3597994
4534	233042.421964
NA	382.08042793
29989	255.842401081
55006	99147.6410064
3643	323611.995552
55669	173536.479068
155038	28802.1431571
100506164	0
4902	6022.33172247
27094	1131.90103385
2525	21668.8391935
170850	151.872973445
155066	421683.894895
5581	11488.635556
26248	0
84522	436459.456706
117579	0
10474	618414.408637
9655	143171.623523
29071	422964.103972
79095	1157156.55378
118812	161489.821633
79894	257857.818231
55657	56317.235282
203245	50602.1789611
64080	59117.5918393
26245	0
2897	615.939223908
4589	207.563348983
58503	529.892564283
10879	404.430536528
84233	284400.051587
55863	251319.094722
81603	1581959.72406
81831	7180.92610172
1448	0
49861	720.548697833
55561	325633.545861
51282	353520.107365
3726	2172752.837
219738	181891.809353
140738	490809.982168
7364	128.544101473
116844	182310.779866
79801	5535.41055041
25928	939.364739917
4884	476.53175854
283742	142075.249126
90594	40542.9379758
126070	26837.7763163
2548	693569.347783
124583	418461.467727
3777	18991.6628583
84287	241418.225944
50515	88295.1850274
51013	147664.661887
5223	245489.650649
55636	21664.8737288
157570	2476.59808296
3880	3730577.03304
3866	12241.2753314
541468	97420.2049035
8687	0
1184	23106.8886728
11076	19239.7988983
3752	3545.28653463
8862	38959.090124
84616	0
3860	1594.95297069
170626	526.052763092
3857	126.803984815
170627	0
27115	11427.7133036
64979	151439.797733
51545	499636.187242
9	22731.8557627
54474	0
392465	31473.9202649
283455	16650.803562
147807	329027.436746
4163	26833.0967197
342574	1465.74880933
57684	62389.7444513
8941	347.345843573
92126	7738.62195023
9533	170055.775813
171023	170899.151762
392390	0
65989	2077.86136119
54811	44292.7771546
24149	96935.4713463
93134	106282.994188
147179	212200.216588
84525	1163921.55908
729201	0
26735	0
NA	0
126206	0
84230	15876.3477713
389852	396.695526266
26156	719243.017325
55144	107247.109729
133558	0
138881	1873.42661437
5481	231703.074015
138882	0
255631	3550.85615087
2110	87120.8005355
138883	309.245074789
59350	2247.84826002
23566	5737.1376703
5734	22066.3263553
6902	768873.764213
4761	46.52052631
4135	29024.5707323
23440	65.2395248769
9427	3224.2857108
598	1434906.85175
2266	0
2243	0
341152	0
2244	0
5356	571675.259409
NA	448.638277678
201514	71652.4854456
1826	0
64446	101.852376439
10316	2465.33399222
22883	1600152.00739
51523	723012.817251
10782	126355.689436
5293	71999.1103295
171558	1243.06988539
84275	23432.4156579
8507	83575.038773
80176	158886.175484
5031	80117.7299733
2186	149902.668567
170591	743.042797408
284307	47669.5664962
27197	3988.51351461
NA	662.970605541
2857	43677.6588775
NA	0
57449	82960.0411233
55729	240006.417931
198437	1338.1618674
10287	124714.97045
6919	232450.030273
1673	0
100289462	0
203859	32404.8502065
8841	247742.566567
284680	467.351596395
10243	135353.279613
57687	22741.959046
55092	109411.459684
23261	72645.9308601
3960	1427.20401813
151827	12929.7718097
5053	485.790255503
79029	55501.5010343
2628	117349.988145
93426	71.346713815
115861	306.956791995
115727	8260.90219986
4807	566.486783509
200172	1077.98097532
596	92815.8847757
83695	323671.129368
1503	77938.2514798
8433	501.955272648
85442	95060.2706754
83889	220.966178562
92342	156047.651579
54777	5361.64372874
1296	1355712.99215
170394	252371.977564
29930	0
163255	39671.0273312
10218	259.500558737
144699	207977.386586
5394	240702.395324
148268	33752.272961
4815	12902.676951
4300	50831.8786072
55138	686.480201482
6241	16995.0608105
51112	117757.079827
3456	338.045547412
6227	5620847.54814
719	76351.9601995
55178	119808.580481
5728	229899.582337
6201	1502356.9411
23627	3064.32343204
246243	109057.623296
5621	1991010.25462
128209	0
146	624.475538122
84978	304200.053084
361	92418.2129996
NA	126676.329797
57834	0
83660	32027.5935551
654346	0
51030	167036.020857
10517	595.314379736
26532	0
7764	408628.867048
26538	0
653464	16761.159191
390054	0
7857	3524.30199797
91647	74630.6630256
126410	2745.66116894
27023	0
10465	258809.216182
83450	30059.9118995
126295	43051.7783426
149840	71486.3052115
NA	0
221037	124244.386426
92483	171.518679992
11346	404376.523091
NA	0
80032	353.369181901
4118	58993.0082822
115196	39977.7643055
83452	68032.809371
7064	103679.755993
728747	0
5068	0
2596	67203.681593
5968	0
253152	87333.6391731
3913	685409.432364
10869	332435.973236
5859	859696.280098
94103	1011458.13582
8293	1237.54513034
8462	140539.655509
131578	148808.105251
6606	28128.6204611
9451	145618.06519
200523	0
126308	213884.000649
51315	643874.177842
10201	68962.4385611
54205	293573.558508
926	31468.3408239
55106	62317.7470992
794	1705.11523915
285335	1298.17444219
8383	0
NA	0
26189	0
120586	0
353134	0
6356	1614.72358792
257019	294679.088227
6641	586830.686597
27085	6138.25102569
79736	27200.7133432
28998	112868.501039
10892	91449.9820184
5617	0
3669	40147.7638844
NA	4399.71401859
219429	0
154141	167203.847469
219417	0
3400	1497246.70627
119764	0
2845	236.530919272
10663	24037.9175035
1051	567252.699127
566	1465.74880933
7177	4609.22420995
474	0
10605	411551.662589
64581	26196.6743045
375444	10319.0901359
114900	872.539438783
NA	5500.90535734
257194	5518.90787306
7690	51011.0572263
140733	38268.669095
1798	140075.895067
682	4179621.68602
25988	45346.2188236
NA	0
NA	0
390201	0
253782	170274.583305
NA	0
55304	164583.386587
NA	0
55352	828762.331566
112858	166061.705989
8708	228.018158796
219982	1934.03223272
160364	2233.70096328
219981	280.832809697
669	250580.955247
10248	360331.23434
199857	28034.3035878
8801	701143.551883
NA	0
80765	5542.84842285
27254	714.784308251
10231	32229.8016146
3603	10036.3246523
64137	20466.9841094
9085	0
253175	0
2783	1728870.47256
220136	32159.9841553
390191	0
390190	0
84331	53992.1996846
79849	303.507839276
9854	40078.6448881
219954	0
9915	228636.217318
55970	994819.67203
83886	3629.15103307
51778	111.814064392
171024	14504.5723802
150353	225.276280238
10978	66123.3067112
10022	0
146779	0
143941	3165.70106788
221421	6732.5156362
150678	255489.81788
54676	235683.469502
55277	38226.4444832
283189	0
53342	10299.0600471
219493	0
NA	980.686002117
10690	2815.12425506
338675	0
9338	322101.909818
7572	279303.245313
86614	0
159119	0
79694	95338.1639216
142684	3418.25927283
79919	7332.85669765
189	65.1224770637
219477	0
390154	0
4299	745743.532633
134526	356.441643077
9158	424443.153814
57571	143910.222555
284433	0
54971	23312.6867251
5499	1301091.67397
3054	265741.944899
170370	0
1521	96286.9350665
348938	4278.42912644
118430	0
54221	129.953513192
408263	0
5139	10511.5339449
10125	12716.3786183
89857	3854.86037661
118487	396312.473
122704	216452.783977
10924	193711.035858
27289	11244.1868432
5883	42627.3083806
30008	503015.219519
121275	890.057088818
729092	932.202649203
253725	189445.420176
80194	108523.292218
64393	487952.276467
93550	38720.5897085
387357	8625.84915967
4342	0
148203	28703.4863861
341116	0
91607	82133.8789508
161142	462.074988995
6363	5979.53411021
57175	605946.42163
84750	28592.6473645
55222	117354.027161
80198	119896.224276
29942	462.022474506
221468	43286.627363
390199	0
NA	6426.94643359
169270	14020.2585996
256076	181.753260104
1072	2262427.05106
23023	126343.085819
79612	48999.0308462
441608	0
90288	1640.36070227
81341	0
80011	323380.498556
339122	14952.5043445
283985	101.496373725
55871	20677.1034124
3222	321.75193931
326624	3262.06624713
167227	62593.4593118
NA	19013.049866
254122	2855.4876157
6169	2015680.31533
9420	28630.9172551
5017	25198.0503574
5916	329970.828081
283848	43757.8930641
23491	4824.97513042
54961	458500.711049
8824	479294.617888
57546	99987.7619146
6670	197086.965132
3849	0
1657	113159.486739
254042	16464.9091623
285268	71396.0774738
51162	162081.121601
55191	55690.7538328
1717	299804.551166
NA	0
206338	481.343034583
NA	1116.85048164
26960	75043.6785254
84153	130384.816845
26579	1158.43534
338692	71425.9760079
116535	14170.0913257
4615	225665.953423
116512	0
9943	220402.858999
9390	227.304207614
23133	127251.089815
253558	53811.4816338
130	461.865002633
NA	82126.6147112
150165	343.646302044
100288801	279.48135248
NA	422.679949384
NA	52077.43222
10524	268361.334648
344558	18915.0552017
727936	234791.3925
60495	1839.10235385
79877	706792.167189
10777	57.5467945356
93624	195414.02939
257236	18053.3459012
156	238012.316146
5970	436475.143025
132884	51708.8189957
340252	128347.833545
283450	65191.7202612
55731	165465.632111
54796	9797.49668748
NA	246.765349672
339403	702.534980388
10855	41702.6907231
27235	111274.382162
160762	0
3310	8328.09637934
51504	1870054.44646
54674	54479.2459458
22992	332119.915096
142827	1448.28491385
203054	42254.5838678
78988	408809.04629
64318	149809.079614
2101	216971.243404
29984	590632.913208
80070	80.1936275136
150684	207102.92627
65059	23360.574407
4580	83181.1704051
111	1014.51762448
54625	556801.311488
10800	3909.27739939
165631	6854.82954049
1163	95137.6997108
225	1303.40998819
NA	43616.0625937
22885	17081.2426604
126868	535.100353612
260334	0
91749	17740.6394063
81839	63382.6821561
2745	35382.9490327
9657	203047.739909
91683	482118.468394
2804	521144.178726
NA	245.877328727
254439	978.537911464
340654	960.890553365
134391	94.0353384802
10655	397.102393473
158399	16700.2041347
153770	885.308308618
144195	364.604103424
56834	146163.062041
6623	48435.6648333
79812	97719.1825613
653784	193256.336457
8658	139356.739077
203523	25333.4377543
49854	47760.5274189
79660	349804.686518
391109	0
NA	8705.47110536
344561	0
56977	10287.4248163
4296	210529.06457
10221	1657095.18876
128822	0
10089	2415.1980985
84826	0
NA	0
NA	76.3357321837
713	596904.611569
712	818865.641658
79625	5307.86646225
132141	0
4973	50819.0716377
256710	1468.69066227
1605	654542.46124
3642	102.644441579
1600	153.885069013
64801	217895.449277
51126	528943.396457
339834	1207.12707947
122665	458.014393102
6288	16701.6594902
440574	83886.6460862
254102	195059.893814
83591	23668.2639223
256130	71.0499450029
79102	332266.023806
26472	500227.545632
122651	0
10534	168906.949335
155465	1251.64278115
6599	476992.304853
147687	34674.4350295
5797	551636.143651
2286	936154.075358
7423	1244409.98714
79834	37618.4281068
8793	54908.1324977
4485	33755.9490576
8794	190268.775387
29925	92687.6567025
92597	97530.576772
90441	667244.210056
1464	20771.5328419
257364	234828.692179
339778	4053.98459631
64859	13692.4607071
165082	2973.87370047
126204	0
1106	227698.84201
2829	644.93309323
29903	240429.997742
10803	5272.13862106
51134	64827.3241301
27284	868.459047715
11163	164697.212919
5091	514180.851908
10941	0
286205	24544.2782964
222545	101.460910282
64802	81004.3659527
78999	57193.1707042
100128327	526.625181768
403314	109.45387306
6573	15073.7951583
27129	17378.3077501
9986	79212.4805711
7388	1013446.62597
80835	301.225233638
390992	0
1964	446952.10917
100310812	0
26737	0
256643	45895.6958064
5707	449931.194033
10149	90016.7190757
130560	140.552335541
56667	497.938482813
26032	4290.7754127
57493	807040.09655
124857	658.12896677
79703	129109.695519
9804	2957837.55422
NA	30215.3333006
200159	1766.0016304
3267	224460.466394
6777	425054.549211
924	21552.9683441
375337	0
1267	374961.568785
3728	1651858.47299
9001	1913.16505452
91646	621.268988504
NA	1781.47929587
NA	4428.1779725
10209	3204211.04729
284131	50965.8310235
57674	215869.958652
220359	3175.14152833
81033	68.9577594934
162333	2183.76049459
1263	265341.074187
10276	309090.711499
23333	184038.781196
NA	274.462311179
NA	5172.18289208
162466	1833.98605406
163049	147507.665841
80012	80151.3005975
26996	25533.7373461
84733	12254.522605
6712	199170.243165
27333	415044.423016
162605	0
83759	64588.8190678
84833	1000812.45276
3212	17527.285384
114897	192211.486476
115123	2579.17199468
126074	34659.5048519
353189	50030.0438852
5936	56688.6574876
128344	105289.565472
152002	40639.3994817
NA	0
165324	60953.0397956
NA	0
84839	0
220416	542.362953356
8557	4240.13889874
9973	252821.723419
375387	28040.2392401
84984	22692.2096951
80311	66206.1557835
200933	60010.1555648
220082	0
169966	0
2787	2118842.13138
NA	343681.625452
253512	84755.0443516
138724	75.7186767215
947	89990.1154977
8722	500446.200279
253827	48037.49231
23592	143258.865089
283951	156042.080538
81793	2685.52617592
7096	14663.1262794
10333	3608.71323811
345757	427368.831195
285704	54106.391644
152877	10617.8519486
57495	104.641846929
284613	104822.993184
2940	0
254359	109599.642701
NA	12798.0731348
54931	194869.113169
6403	33531.1156064
348180	86078.4366117
23269	59685.157913
144577	40466.514534
392509	1324.21360038
169166	0
54872	88273.7298533
10594	873675.100154
112	134383.2746
387849	4579.29418261
5306	741673.697564
9416	390104.187424
7634	689.507420824
741	206112.789499
344191	0
57659	1202436.14633
8711	81246.5324469
23051	113968.532154
23612	656457.521466
NA	560.040742964
162515	76116.5614877
201232	62333.8495935
148979	3731.20623485
134083	0
55584	3391.44622266
127435	38342.1608208
378108	6853.1220553
340024	0
128439	53885.1572586
219833	17500.3024803
9156	3436.8780522
253959	27801.2837571
NA	3271.90000256
NA	85.481638277
3981	95646.3929685
128826	0
NA	616.520435726
7201	1903.57114273
NA	829.660357791
389524	23037.9947729
137735	0
488	428716.20038
55055	39104.7380435
6124	7941977.86404
10302	179737.699274
147323	155.951195074
283685	0
402117	0
400073	71071.7274733
170261	1052062.14039
26047	534.574972803
442117	17437.948983
158038	250.32855623
582	14649.0071311
10260	70888.8501687
NA	1777.84362384
9543	1359.8539726
257144	8213.26471036
400986	2065.92589676
115019	3302.13077728
148808	50703.8545085
246330	117528.173201
148014	1115.89672376
283446	666.567691464
388730	30956.546383
65003	219587.144717
55554	1395.45320118
53833	2230.9912573
127845	230822.320493
NA	2167.02332259
79647	484886.6874
266743	0
55167	177762.262921
162968	15349.8875537
133022	66458.9525359
1240	36693.1509733
90806	77033.3772239
7368	19404.0590171
339855	5369.99315577
124152	110208.738695
6578	167753.775164
10781	63346.8602403
125958	0
3177	142414.860681
9024	715.120835703
NA	0
NA	0
NA	0
11041	567868.880029
153339	345581.938152
3952	84.9067617622
285590	164938.808876
NA	1152.30605249
55196	109755.851124
51574	272103.400715
143282	17000.70242
9975	502628.772429
140886	9511.03395671
25855	346516.855879
6138	4235836.80296
132720	14550.0485172
3265	220996.638455
151790	298.515677437
6731	531922.333713
126006	15990.9505757
9610	56865.6399923
152816	424.120436066
152815	44125.5449166
9662	18081.6024736
8322	61985.7311875
57124	169937.663981
685	162823.791454
5174	1522.15912417
2015	1253.33099639
201627	89483.1765678
201626	101845.978648
11146	32031.7323704
201625	174.99427509
10897	550807.144904
254263	5473.59298398
277	248.827013905
171389	362.184128752
126328	148941.093782
51319	101068.7481
257062	0
152078	19724.0009588
81876	2089528.75462
NA	14449.5870926
390174	0
81490	94719.4444139
125988	454209.958553
285315	85182.09203
NA	0
219482	0
26470	295114.832134
253982	42200.717161
253980	53285.3247691
9934	6395.60560002
155185	704.104853638
29909	8897.47180361
344758	0
388611	62315.9886572
2523	35704.2415084
170506	137767.451099
282775	0
84107	101.674063455
282770	0
NA	48037.8270961
219431	0
26259	135162.891719
763	800.449161132
653808	0
64837	125024.470599
6580	2511.94745006
387718	0
1488	200396.402335
9435	278973.747981
79683	3420.54917766
545	62974.7798787
NA	3449115.95112
11065	24160.7934676
147409	123.671688768
256356	47576.8384152
80124	87739.3784129
132112	261.95861545
1674	6246.02257996
149420	184409.623077
92369	1242.27219348
5897	414.593268456
7189	38570.4348228
55279	79056.641423
201158	13303.5694906
56945	108070.121484
55690	537351.284405
149708	278.142840256
65108	2895436.51705
80851	95516.5483322
26696	0
NA	1758.64625137
388403	135658.610366
253559	58.1343594048
28	229005.322397
5708	891219.239281
NA	4219.34172618
22843	887.744192072
131408	51015.8745093
1466	56167.709562
3626	874.641943454
55486	425007.182793
1649	633287.746249
5095	123427.271345
123346	0
10540	644319.703284
4878	259.26886181
79797	92454.0294744
10106	936455.117187
9793	234433.953641
392	682334.142904
10025	357508.547828
9776	302865.730097
89792	127575.746271
148345	975.251470115
8534	352164.34336
23015	23445.5871479
146177	57.6267365007
9537	59104.1228338
378708	35901.0591856
22845	303441.328945
254295	203216.979576
117144	15778.058907
NA	0
9134	6339.91085326
85007	67255.6141028
257629	66.7236041422
1474	1908328.13258
196996	21369.5353836
NA	0
162655	3182.10772561
27257	224744.681537
5626	0
91464	0
8815	1492682.5501
319	677.273761462
1139	1812.99349777
56674	782531.641971
56675	15564.9354051
5771	104387.839845
57758	9530.75111676
84285	206766.722471
4087	93072.7161537
8665	503290.304277
219749	76905.8399517
121130	291.840326861
285598	18625.545601
1212	732859.867787
5122	547.166243126
4023	98870.0681968
317671	8547.370142
64770	43698.253897
374403	31230.6557674
9092	435269.417412
55844	86410.4740876
79772	7302.16412184
57804	110095.303628
120787	0
126364	44609.2743102
57628	0
23529	199958.648257
NA	416.01880405
254187	1408.24987986
390212	0
143630	2636.40450919
50613	0
5406	188.681692805
387787	25931.2546538
10008	24402.4388619
57010	1764.06917069
144245	24982.5668922
10589	1335552.56732
79836	38803.7138388
7352	3468.17847719
7351	1653297.54029
83638	636332.062607
80227	82208.1880288
51642	104672.26607
5870	727969.348659
5029	197308.950521
8061	29699.8183194
2072	28385.9563313
79783	45025.8447587
11007	201590.046253
NA	294.205800635
54968	91340.541738
NA	11672.1824846
119765	0
6199	100551.073249
116028	82566.7175765
5619	0
NA	0
146691	335361.948135
122046	0
NA	110.495100923
58492	26214.1352277
165829	814.869450125
256369	470.633914468
205251	5946.37116506
126695	301555.858992
146712	11166.8840785
139804	0
22877	206535.011039
283171	81.8666831764
NA	1369.72228881
NA	48482.8166453
7025	180408.173493
NA	2264.18031366
NA	4426.54154309
54998	750223.733959
158135	14950.3153582
253314	0
401505	67335.9085666
NA	8374.36554367
NA	1767.92161478
NA	426.404001802
55508	11495.5247769
145270	447.658466434
169841	7306.22203087
8607	88807.5219717
2810	350877.192982
NA	0
4482	93072.6624346
158506	0
643677	13.5274911594
23399	995319.514758
2118	256408.063168
NA	0
375757	387409.627349
202309	5145.77001624
10458	104348.660572
797	2802.76422622
200407	771.642150952
135886	0
3234	20433.8182453
NA	48215.5925782
340481	64262.1501404
54084	194.843072172
79666	127926.909488
2	765207.02846
379	373784.637001
285489	65625.7020793
57633	79405.3452192
63893	123788.863489
93129	194905.832823
340359	146.509144918
NA	128.772117617
84747	289207.303546
163259	8970.35986469
400224	71.725608306
NA	0
56676	0
84617	450277.654469
116068	128486.647247
386724	202.921820564
126792	241339.444373
79898	49355.0845397
56673	891.081320221
344805	1904.13852608
NA	3641.14263607
26471	477741.946421
9832	1158.3937071
NA	22071.7244828
153364	34021.0444461
286262	73220.8682194
23630	3548.44552212
257101	45894.620885
113829	437701.005065
55057	3214.91622207
9807	253469.216809
8636	609481.262839
1479	135129.759847
7525	248816.768087
79643	306010.704205
NA	0
NA	10539.7048913
402682	18659.028127
NA	0
4161	0
55254	150172.725178
55346	24441.7632407
2877	193.716561192
284001	26046.9316167
124535	70.9284624394
2290	178.147929587
8877	164325.731871
664	166069.007454
150350	0
339344	58076.2250454
NA	3733.09068244
1149	0
390442	0
219986	0
80059	53.6748845151
79915	7921.35083658
114926	204039.991838
122748	0
342908	31626.8268702
25914	16763.8738518
390436	0
126541	0
NA	0
221060	3388.3445184
390058	0
NA	0
414149	38963.0214757
122742	0
29882	135461.435506
390433	0
127540	0
339487	87994.2803718
NA	28656.0320948
441308	0
159371	17348.8796445
79317	0
NA	2316.87068
283617	0
7694	40222.6270375
390429	0
441670	0
283150	0
NA	0
NA	0
NA	290.526388421
1351	4014934.29554
NA	4208.42210474
NA	0
255061	2320.72827354
54993	30776.3513207
NA	0
285800	368.855033632
79369	1919.36351429
246184	97617.4846507
3291	9990.67446555
51379	54608.7938989
6051	642444.242849
163126	169889.815314
63951	26957.6300489
126272	33475.5720771
349149	0
9699	34198.3094968
56888	183128.156911
84277	224709.418033
283377	40840.3178258
155382	41789.1656231
161198	152555.765393
161176	14451.9124205
1196	210466.973598
254531	121501.416848
28232	123600.487431
284346	24333.6138458
79446	88394.8233265
112869	132749.563369
11145	852713.903493
148252	25830.1718279
390195	280.020371482
392133	0
NA	253.60796963
653583	26085.1922288
222171	604203.713641
2788	58509.1545897
79346	0
205717	64573.7616515
256144	0
256148	0
124817	3696.384957
138009	0
390113	0
168975	0
NA	69.8871540859
NA	14871.0033404
9920	34404.3210962
84002	28110.6052431
80122	96.6326539856
283598	0
84823	243445.442615
51115	173220.621637
51320	238096.220043
150280	1127.6936902
220441	9040.27017025
NA	0
4642	1369557.68124
284756	531.444226257
2300	3802.42521008
90655	0
9884	3302.82866074
2303	5156.08131961
81099	0
627	6903.11718886
NA	8995.66423209
79635	36757.1044591
197322	53461.6896647
NA	309.57476037
666	218796.768048
283933	11134.2455992
83869	0
401466	164248.989687
375189	13749.1063081
283111	0
158809	0
283110	0
8851	9533.90052768
NA	0
644809	30725.496338
NA	0
NA	1807.6923472
256536	369796.883705
344148	2280.0025536
286514	0
140596	0
80230	323442.620283
119678	0
10409	895112.588994
414325	0
55894	0
119682	0
374819	32188.5634167
NA	0
NA	3358.94881697
54621	206744.405925
NA	0
10265	1633.07486947
284207	552675.119529
157769	196406.002586
NA	2616.04617321
NA	2032.41382486
NA	0
55884	387573.247947
NA	0
2902	431.536818587
6664	2864.17900786
7298	72654.062911
81282	0
5827	93425.1773635
119687	0
170082	11324.3642795
401665	0
9240	898499.744235
401663	0
56892	1908621.57067
284358	14102.3946026
494514	10413.2575645
23141	166914.856991
733	5104.35571688
2524	17268.2266777
119692	0
NA	0
119694	0
374786	1131.681637
51301	24886.8231199
NA	4390.84362742
200958	65607.4088533
51078	297301.552425
NA	0
84901	107033.1265
4062	3859.39826192
NA	1208.2432395
387758	74018.7181951
23625	320853.218615
6470	292335.345133
29952	1720662.62501
166655	0
NA	697.696120199
9632	324530.650576
158521	505.450174459
140775	151907.314091
NA	19494.5244391
4524	235483.342496
503618	0
147685	11107.4747355
10522	340408.601204
345778	104325.912095
283232	88091.5474466
147912	100767.803299
3467	0
23403	144656.622779
54503	55173.5359667
153129	24585.1411702
340485	73308.9078432
84942	13273.1866923
5426	24371.803755
150368	87315.7443053
6330	14958.5603542
57453	2641.70462182
391	507107.778735
64787	492622.678279
283576	0
NA	1448.80105245
196527	295811.446209
403341	63166.4663868
NA	7363.2356754
171483	254.608614842
1068	0
440672	531.833562687
125228	90197.4270626
403244	0
6888	1085184.70426
8408	164159.992061
NA	2509.77636324
127066	0
284716	646.656553228
157807	471.334167824
391196	0
6197	389420.246131
374907	77786.1925634
80324	52331.4205093
NA	7244.4355566
80205	117915.641749
127064	0
171169	298.746013608
391195	301.538032427
347862	253912.20714
NA	0
404216	2135.15533255
493829	102.487455962
11253	230603.952047
55894	0
414325	0
100289462	0
1673	0
NA	0
3738	1808.52394069
127608	0
8325	34874.5569751
219770	367.571044591
162517	199.027501869
53842	0
3737	289.512587464
7156	62775.4131127
57513	212886.316949
NA	0
253461	223834.567928
139105	0
286122	39358.5888409
NA	89114.5875993
NA	0
NA	958.986543021
NA	9798.71415431
64925	364566.084226
118461	0
NA	0
221091	2471.32872533
NA	452.483249282
29928	154554.762957
3090	9275.86475503
8541	16474.8863483
64110	1354461.10428
89766	39.8984783219
NA	0
NA	81273.8106867
219285	81599.7415669
441951	1387304.56439
148581	0
NA	0
5074	128366.973253
7050	215543.177726
125170	267773.977911
266812	136495.393202
NA	1572.46096693
NA	2983.36772493
167359	1444.2830213
930	642.673091612
203111	4617.07638067
343172	1236.98029916
7182	113882.65769
2828	56506.5973414
122970	41307.3912262
167826	0
284119	3106501.52568
81469	0
10425	189253.009768
375316	288.028889298
10009	314429.25154
81470	0
79413	960356.096975
51480	0
79191	111324.402526
51046	48.1241506839
56475	12831.2529842
127623	0
79751	66487.0921544
79874	113201.577509
4808	462.08374257
NA	155.450281171
475	132192.972641
148109	490.508657478
79718	446075.300509
401474	130288.147113
9332	100157.260636
497661	29786.2099371
NA	0
NA	0
55367	48388.6080204
NA	0
126069	6799.82186382
6181	8025064.86695
83903	3218.38215303
3725	803387.779794
23283	214054.393407
79605	43222.1764899
121273	3283.79301549
2629	431591.683383
NA	10015.1384897
28976	266288.954218
23765	81914.7286635
57104	466438.377836
619373	1152.30605249
165100	0
57085	488341.153102
283316	6583.33306753
222183	23321.7490361
168451	122918.839544
245928	0
283229	39034.1098567
387082	817.207669494
139422	0
54943	24198.4271022
26682	0
254827	16634.0831349
977	1549756.24908
NA	5960.45467571
5441	1287898.77344
56975	539485.348229
25945	72877.0223726
83650	439.638342508
389289	3894.46605501
NA	122.368784335
9772	256600.623873
2314	941975.708934
6666	114491.065543
10949	528549.554433
NA	0
NA	15019.7133738
285525	1121.16264566
NA	298.285696176
NA	0
NA	966.326539856
NA	7039.54242974
58529	42963.5928305
NA	0
NA	2209.90201847
3766	1042.36564884
NA	5545.01878473
66005	440666.944884
56127	6774.46339714
253639	34019.1945956
9849	43219.8883475
8269	95837.8453841
NA	10278.9778841
374969	219949.279456
285267	34737.6623001
387856	4957.4242463
1176	373009.900698
2885	740422.610444
360023	105781.211117
7334	193571.976762
645961	0
151188	94423.7221177
30832	42126.9974687
93661	0
158056	21716.1967851
92806	46774.219151
113746	93.3701367289
51272	578434.997382
6232	15969427.1035
60626	354842.694387
55272	324117.4119
140461	185866.656128
389812	100.582308703
440836	83038.1488046
283417	11366.3175124
286234	0
NA	0
129852	2031.38489665
285601	3656.13039027
388951	0
388886	138486.848735
55929	130746.707751
92949	8222.90917929
254228	6855.8912436
3615	1801242.60189
259173	157710.583526
4291	74853.0779514
NA	0
25915	734542.55876
205327	93752.0066782
54762	43441.9676722
55620	384445.293052
NA	3905.59684232
NA	13010.4031322
170572	171.11439318
83983	17604.1378439
51027	175301.952396
9659	59814.958641
1662	70321.5843978
NA	0
727909	5027.65635629
728047	5027.65635629
286187	1677.75761242
4729	50878.2864193
NA	0
NA	2034.5174379
55152	216484.570545
163071	146178.253516
NA	5630.05910209
85460	45028.3798953
205147	88.7608513608
404203	3961.54331824
167465	6063.30399845
254251	25414.1375547
84552	123535.720178
285676	30870.7206759
25970	183535.501963
340152	6641.71888979
57191	11847.2537279
143888	199189.936692
5339	447218.72079
387694	66.5553805241
285498	10099.2036357
146547	5673.66106278
125919	43727.7944794
441151	0
63917	238151.030129
114798	0
157927	0
388882	0
11180	1058927.5498
58531	0
7142	0
653423	0
348654	8347.81285002
360200	553.766150611
282679	29571.3666759
8834	126191.616221
117608	40963.0973987
26251	0
152573	30349.3210536
120775	0
810	105.096317491
51806	0
90637	157348.123972
389072	25570.5028658
7766	11339.6053708
3350	159.637781873
164127	1696.48174427
84792	168893.907073
79962	187709.412951
63973	0
100653515	210.573694871
57673	26961.8386488
NA	0
221294	226615.670857
NA	671661.092334
NA	1633.64908707
2731	1184.97452305
84987	942047.247824
NA	0
NA	18369.6088951
157777	4387.2502395
79861	0
NA	222400.427693
54681	215401.154009
114131	0
196403	171301.417402
55175	27904.8584461
NA	349.856777382
258	0
404217	301321.701374
788	102849.419732
767	1857.87681712
NA	0
940	7073.76743132
9852	235635.385152
2066	8807.53624085
4094	182986.729716
56998	310296.452474
150681	0
245938	0
NA	0
768239	108.028692421
150677	60777.4448149
8225	433122.454328
2081	66955.5153436
2859	2453.60353404
NA	5144.04119091
NA	235.89043479
282966	0
NA	2092.83693857
NA	3735.89751754
80034	17725.6126581
349075	10898.1380873
84875	174767.754964
284254	0
23512	203093.809747
63899	42152.9299797
115207	799679.297954
200895	63199.4979567
NA	171709.386835
54913	142190.560828
2907	2642847.44721
285668	71.8231820991
NA	1552.84024185
7056	62895.8874305
2814	575.174837744
729420	248.827013905
9377	886578.233506
415117	6519.78346796
151176	65278.8475804
57184	93719.4312495
NA	0
22882	544187.528574
1370	671.290580115
27132	2191.19615493
389336	2121.29068753
124599	3629.76406534
220032	0
284485	0
4351	110210.658089
NA	288.577515753
132243	0
375593	785.663217605
26873	46458.2906996
339456	3825.59826209
135932	77012.1548964
54546	0
NA	0
124989	29595.1986142
9242	16353.6932806
81575	48590.6287139
100533183	11407.1151881
144347	11407.1151881
54512	210717.220225
147991	65854.9161654
6879	1180186.52695
285346	5836.46149073
2304	1771475.84194
5198	89165.0897583
81888	73337.1308967
79415	202793.122014
284355	139.942710953
3963	2254.51184182
653499	2254.51184182
79818	31670.8754848
399668	291213.958282
2580	170434.847172
51341	281859.897447
7284	1749063.5896
127254	165.383941922
80010	76507.6018562
80169	120219.937586
55030	351717.375486
NA	46583.7155743
6415	630217.009664
27335	1204593.89582
114932	777368.920561
112574	363877.481261
161829	79.3174338232
9212	9588.66723194
80834	0
317761	0
93621	2742597.77634
285237	122397.564572
127707	48312.1949843
NA	0
84314	138351.045121
NA	25380.3554183
NA	0
23212	245785.665198
283849	14533.2119873
205860	0
55920	689004.172557
286365	0
283284	10497.148712
375759	6811.40911026
132625	0
NA	0
220388	1645.21883981
NA	0
NA	3046.92436645
286499	1374.17864644
54344	649856.151633
374470	177.85695706
1537	688240.023892
5187	392939.326125
3355	1849.56130718
NA	17422.8675136
160335	68975.5478281
84667	1399.05253054
2193	538665.931273
144108	163832.015365
NA	6399.58402704
256815	11452.1387899
55095	360913.067894
NA	0
NA	0
1585	0
168537	73288.8667969
59344	2934.70286134
80153	150454.182853
285343	49291.0623821
NA	1175.63208594
2517	3297747.93266
222659	413.255870816
199720	15426.8681159
NA	0
343069	483.565570736
128218	378300.939353
144348	844899.150956
284369	0
811	7682795.53354
NA	185.42856017
9500	1014499.74901
100506127	2805.35902972
143458	41764.1050053
1002	165514.476221
NA	290.381125227
440087	1104.11074231
5886	831066.27469
388939	2954.51715479
90480	467347.400197
NA	267950.850418
199699	872.452053761
256472	566.707894666
5781	627000.754385
79730	44834.6491996
203430	438.642183122
727866	65.1663207421
23302	10391.3087094
54734	1586.78210506
1198	44019.5229212
NA	271.638096564
3119	1427332.18263
2624	8205.43211002
10620	12621.201515
NA	3475.93064814
203562	1196.62551604
23241	181514.627174
NA	0
255520	101175.496929
1960	29187.6393637
257044	5093.22998321
2262	2506.16621312
64856	228750.382953
NA	14552.5994871
165721	0
50628	128704.831891
101060301	329.230300711
NA	0
NA	425.778775992
24147	26075.0398163
NA	0
NA	0
NA	0
54813	43902.3469418
7681	101.336983154
10472	143332.004464
NA	2046.73920865
135924	0
122525	18562.1474977
242	1093.30242932
246213	67.9731098377
NA	123128.573219
81858	408912.551119
85474	5834.3633365
144132	4097.79263782
139065	12118.2161302
3352	4301.94259595
79571	121462.808747
132228	194.364876323
NA	411.110606739
NA	0
146310	296.913215978
4261	67773.3787892
161882	19770.6298027
247	476999.906499
201164	21098.0036298
122876	0
2918	1304.17417246
23580	521839.297941
NA	6799.26986302
121129	0
341418	277.611018381
100128927	262346.891114
144811	62415.9869169
84232	1054998.48442
122664	0
2205	179712.2672
388394	265.673490601
80117	4712.52212501
NA	0
341416	0
340390	4566.04646559
126205	0
91523	85295.2961419
NA	31414.8137908
9582	20522.7166563
342898	0
NA	234.083938111
51268	4936.26450866
NA	659.208002785
2307	20474.1809296
220202	784.813851964
1003	129922.700369
116135	0
NA	1763.44812891
144809	0
117196	0
NA	7459.71186678
91663	628250.429028
117195	166.789847919
727957	342395.647612
9792	356843.875598
NA	0
9495	21105.9763543
284353	365.719301293
126326	16411.3900071
284023	30427.4409589
163732	358342.665174
154664	12179.1391518
204801	0
84948	70413.3823138
23042	399528.632127
102724985	399528.632127
NA	10909.4509641
127003	0
7710	56673.3685678
22864	236286.280736
10331	1132246.61258
55600	1370.64590464
9378	0
22928	582355.874818
121364	0
151306	2049.49531178
147808	93407.3396016
127665	0
55017	470407.943614
1237	2423.5147022
NA	376.238825119
653073	0
79738	115748.582045
84922	72017.9403361
22827	578138.96964
284297	114262.630353
79077	276238.590981
51333	15041.9174324
NA	294948.918208
NA	1229.03975124
10194	69150.051799
118672	13052.436979
NA	0
NA	0
122809	73471.4134821
284273	108612.579756
NA	9575.84815811
8387	0
NA	2739.44457761
197407	109668.512572
NA	0
284418	0
401097	11827.0047125
137814	0
284417	5424.51605794
NA	3416.24853208
NA	0
253650	3990.77134127
259239	0
255043	10173.2915159
4994	0
1731	28921.0511253
54952	77933.4172785
11336	199561.606838
NA	0
221400	3404.53481629
283461	65.1955826733
122011	362.071228462
NA	2645.63387734
NA	2536.0796963
NA	365.259277015
66004	469447.081568
NA	9508.70183363
7054	2954.8495629
NA	287.684086912
9282	175233.100321
81889	185561.087591
NA	1965.35448546
157695	489862.429631
1104	166102.783566
259240	0
29895	13234.5284956
2147	113.874951069
NA	85040.1866736
196472	0
NA	5269.01235291
8575	224140.924369
NA	616.978912625
NA	2792.1262041
223082	312929.659572
10692	1796.17190862
389015	194.538493899
125893	53426.6179043
NA	0
55785	44551.7039003
347088	0
124274	0
NA	1240.9449796
NA	780.594422653
200150	0
4947	264753.694412
140832	0
285848	113.120812321
8092	0
124808	235559.609816
386618	0
284071	607.139070053
2535	54033.9877908
166815	96583.0910764
223075	120.224037494
3059	86606.8975495
222166	94422.7663781
23060	115749.675743
5062	440666.093546
285331	28922.1731504
245937	0
NA	7662.18370281
100505724	0
NA	12822.0237113
90411	848906.983208
NA	0
NA	219.930163009
283254	25852.8650183
245936	0
54494	91345.4924114
1582	392.318565945
128371	0
NA	0
NA	479.176774302
400120	13491.358796
2619	50125.9246943
23526	87840.5231329
NA	355.532445947
219960	0
51276	20073.0748827
144321	7815.00653645
245932	0
374986	89802.0427922
3753	50.8281332447
414235	62.8054775012
8204	394355.122585
201516	6197.55180564
168620	1455.54448735
221687	15264.5334777
401563	2036.74135931
85453	79659.2176084
2529	4045.5574722
8334	342085.6781
255308	8868.42891737
NA	43390.2830799
387640	14383.1182535
8347	11489.9006385
NA	1552.84024185
151963	34573.2871781
170825	0
6752	3180.4351464
84622	29835.9229157
84333	176095.560771
146802	1432.15918883
5551	33003.0639563
79541	0
4081	1150.78385163
NA	3799.37920858
317702	0
55432	46801.1904023
NA	1327.28802795
169200	178285.106528
152065	0
391107	0
NA	246.817785998
NA	0
1132	1153.06866404
NA	0
387914	337187.313594
53637	2587.14473652
119467	4285.13813269
NA	4085.84670363
80045	52000.4918965
NA	6847.79369938
166012	4544.81358656
NA	29819.8898548
NA	0
186	0
120103	28363.5048492
253832	533407.309149
374860	631.052261443
143503	1205.23433271
124961	44343.6409058
79642	36413.2382351
NA	0
3225	1037.69312172
389840	1090.48705826
5464	732775.73063
3226	2242.32529133
389362	25726.797714
27319	534.116110166
79929	11214.8856504
NA	0
10224	22783.2630036
NA	440.750506289
NA	78268.2900446
NA	201.37387325
3579	1977.21595636
245915	0
64388	1531.9867518
160298	1271.37095108
6748	648138.26317
84698	13066.9335765
126375	36211.9116957
404093	142873.553456
23513	375169.412438
23510	230093.625085
728294	68153.4787187
NA	0
NA	0
NA	0
5021	2830.47618741
55783	106930.111004
196335	1008.26779593
286077	395512.034908
NA	0
118442	1325.33603481
120796	0
137209	15959.8786384
NA	30585.3725456
23760	233029.579145
90843	1109246.39326
390081	0
255252	64238.8612007
390077	0
64928	991656.084586
283554	5392.18947216
92346	0
79473	0
166379	104154.768402
284406	22128.6975259
390075	0
286006	2464.65461227
NA	304.382730846
1728	337588.136673
387748	297.826795104
64782	115467.2703
79147	79896.2434692
126003	2458.68654276
9501	129967.81322
284439	133142.219843
343413	7392.70554677
124512	218771.986717
284129	204623.044597
25994	718758.295636
1129	0
390072	1680.12222889
225689	49980.5208996
79813	87465.4828733
9370	0
NA	3402.32597056
NA	567.705034657
2149	115409.714306
NA	0
NA	0
NA	2461.72624707
286075	41673.1565838
94025	470.386947093
4869	4220842.88659
NA	0
64219	358295.09388
55526	128557.294221
5179	420.233176884
NA	0
NA	0
26492	0
389197	216.218261524
92815	147623.923998
155061	64298.6777288
5430	917148.474376
NA	4718.15713072
92293	117.396856773
284427	704.381140635
NA	0
219902	70905.5075252
390181	0
23401	98936.9039408
NA	0
284114	127664.036267
124842	2217.61714662
NA	0
79692	33119.1755793
347736	4350.27902962
374768	295.70379351
NA	0
341208	0
388341	121732.1686
NA	0
NA	120.590168284
NA	7489.313898
219484	0
6357	292428.46571
255101	883.372564622
91351	27088.8611391
163183	117622.734269
79701	187286.965762
100287171	66913.2204272
2837	3209.81346971
9625	35918.6291445
23109	309.822486238
55511	0
168544	69355.8430041
6657	115.551581865
339500	27425.7888324
55076	18520.5613592
5912	167987.612616
57621	260497.242437
84282	168631.943952
219874	266.64933446
NA	0
79777	125734.412009
NA	0
338662	218.167637285
6448	181374.65486
NA	371770.609257
10586	4504.46911427
2187	1987.05591135
64184	0
29072	246587.744628
10876	0
NA	2149.87302312
259236	21173.6237145
399664	221097.207629
390066	272.658333546
51649	237849.40889
390067	0
260436	0
64582	15928.0785989
79008	235.89043479
342850	60.3452047437
53829	28575.8560281
9966	26244.3582567
286128	21515.9386565
7262	575289.098355
285973	1090.46268275
54112	1330.87883232
284459	130254.257338
5324	73438.6581226
219469	0
390155	0
286451	201691.839183
NA	0
219464	0
26137	5226.08861684
284383	274.982126162
NA	1054.0149736
205428	74513.6913285
90355	33937.4801624
219453	0
57463	157779.013415
390152	0
390151	0
2827	15651.7485938
169693	466.475703176
NA	0
284451	1001.89002378
219447	0
284382	203.633327649
6478	160225.580752
22820	1388579.57284
575	1500.06562787
NA	11098.8105586
NA	1176.58478617
341799	0
285195	7531.29417031
84967	251948.329241
NA	1146.61846092
768211	182998.274604
64864	54686.4340482
55343	147801.092152
NA	0
201633	6102.2465981
10193	258531.153254
6517	21172.1285076
94033	0
200205	15515.0302744
1366	1967180.64048
79673	104857.978847
94039	27621.6192289
219432	0
134553	335346.953537
100996455	1116.85048164
84890	171890.894916
51287	396526.674564
81300	0
5571	310521.694931
64785	18429.6737656
81309	0
NA	0
NA	0
81328	0
81327	0
119774	0
4762	0
NA	0
91050	38919.5579114
NA	0
64963	79138.5359952
NA	0
NA	0
NA	1441.09739567
6635	426312.588189
219790	3497.46851708
55228	490803.812038
NA	57.5467945356
51363	442261.884653
149685	1967.73269757
124590	163.227164265
NA	623.13546186
25834	77220.9000306
283116	0
3418	369941.838642
NA	3802.37172937
23538	0
374308	0
389090	0
91304	574567.068918
7485	119903.68521
84629	241899.580377
220382	1332.02351021
161291	954990.844405
28955	112139.052425
441234	0
55505	1684105.69558
375061	75809.6087163
30820	0
11022	147243.532077
7562	32049.732748
9798	388811.621941
375748	44965.3152761
64975	336400.320984
339221	0
64764	877718.915499
286530	10484.7188072
NA	418114.758025
8633	141616.850122
386746	0
283989	147132.064323
56963	6518.71485746
401036	0
7318	303925.85538
51021	536799.753685
348378	4747.05986216
5890	24428.2102137
1419	0
23641	1924169.20851
51329	16184.492776
2131	98642.381038
6472	350882.194724
81532	138570.541388
84439	6596.20218101
10159	2281743.33068
326340	0
124637	15540.4974054
202134	1833.5886819
25825	146352.811633
7325	252952.647876
23336	20500.1126903
3739	69.2207688264
2567	9383.49487633
NA	4123.26766385
338322	0
55137	6396.44602944
284359	425.155381006
388364	0
338707	2933.92256278
8905	98444.2061871
65265	355024.880754
285429	425.957224767
147650	36138.4404751
653657	0
342945	28040.691937
3770	5285.73937625
26233	51107.0780399
716	273215.295788
388323	7947.87048519
100652824	0
391002	0
8513	0
120066	0
267012	0
NA	0
219578	61.981029931
NA	0
146723	209.057685548
143879	26690.2158249
54059	116184.589673
NA	0
NA	192.262938795
2055	60789.9335021
NA	129.750279369
55344	15149.9117183
11247	2566.15878107
NA	10994.3855877
785	1025.85515646
282618	338.83445184
NA	1459.56836002
122553	172511.884014
161779	6982.8492001
9426	120.891392684
253175	120.891392684
9085	120.891392684
55666	232268.503968
131149	0
50801	110.327175238
400629	0
128553	4269.97123972
147968	3747.79528033
23265	223212.855828
NA	0
3838	284924.919371
NA	26158.1957762
NA	3358.77221608
402415	78623.3592325
633	2969392.6397
79598	26575.1940784
340596	4314.23386051
2242	106845.450609
51218	273233.839097
90736	78201.8796629
387332	120.640268063
NA	11626.5880218
859	0
439921	501587.360093
3985	412134.1189
84975	289031.038631
338879	241.984271022
55256	328297.797334
201965	97491.0694205
201305	2055.60409065
NA	0
339390	2317.75128459
6304	154599.959206
NA	2455.65433596
11248	8637.39890901
1436	173743.860988
2049	178893.226309
26609	0
170487	19902.8483267
255324	0
NA	0
337880	0
389084	8951.71667817
9951	257.811001977
22906	261427.548694
83882	18665.1724329
285659	0
23236	4441.88201712
NA	1402.80736825
348235	228855.010066
51289	783.966320807
NA	151.595471275
390265	0
4692	353239.390553
374355	0
100506380	30034.3747081
441669	0
50863	26383.1039597
7267	748961.353399
9312	486.400544769
116729	801.604210426
283870	20910.7867422
8811	8089.79674386
389075	0
492311	201117.060416
25987	496340.141667
NA	0
100272147	0
302	2030101.04434
NA	1818.67093044
9628	11274.7287069
3214	3941.82522932
340146	984.760068595
164091	239386.077758
5069	29206.2239492
389692	0
51335	134170.119597
2894	119306.53079
6218	3994263.98249
NA	0
338442	2123.70398752
343563	0
55231	4892.94193126
221357	569.933513694
79098	290381.125227
NA	38130.8548278
645864	360.497982901
1397	993491.263465
55794	142312.188159
NA	949.733851928
337959	0
642643	97.1174331862
64746	587092.526521
29035	84654.1006331
345557	2065.83390085
NA	9979.71266982
284013	14103.1928815
390649	0
79087	68551.6562919
3932	32351.5359642
50614	10958.5644906
80781	392397.719955
8241	457785.209248
NA	12727.2004136
222487	1656.82924304
NA	3212.18058879
2747	13511.5164566
339168	237.239481394
126637	0
6165	3581627.32187
6000	0
83733	4103.6775765
170960	96430.1639642
NA	95.962037418
56849	12335.6467811
28970	170087.652231
NA	367.106353005
80254	85483.8860148
280664	1382.76726299
6734	1112883.74607
347741	0
2130	436640.29938
161753	485.587165931
10473	1414753.25297
221178	70843.8873066
10052	11769.4890248
NA	670.626155258
6656	0
25904	121161.913993
NA	267.879266814
9112	178413.898359
389114	31959.1060901
23705	625174.721726
162967	72256.7405951
144608	2096.84401148
5831	73148.6756895
84316	300394.267476
124976	11654.8006963
199675	13254.5424421
161	145521.979129
NA	4064.43254594
6546	4212.26155561
8390	0
89874	7459.01337202
92736	104.528842774
1538	0
5121	2340114.80031
18	123078.206813
1468	54176.4098573
57118	36554.4831232
729540	109.092014887
NA	1237.41956773
145748	22223.3053535
164684	2443.33632877
150084	1972.40009588
1482	0
125061	97845.8139351
2621	1458432.6744
166752	676.386374091
4703	750.486108971
57596	821.097484029
10082	20382.3486167
389337	11399.2590482
163933	1580.61265676
64478	2390.73473857
NA	609.404250214
119395	0
11251	200.608722091
285753	16749.2844308
53820	15151.4084314
NA	0
441430	0
2842	1549.88019564
125111	328.114265793
NA	2366.48088632
5877	98944.6797069
338773	54907.4376017
2188	81012.8648736
83698	57.8909739288
NA	0
NA	3387.55395738
91689	796157.608508
200959	50.9172585002
126567	13591.1114131
4166	11794.9116871
NA	31804.2833889
388468	0
10856	445176.968363
390637	18996.8960429
29119	52.1517825479
NA	5105.60220179
NA	156.65228838
150221	285.38685526
80164	192045.147227
NA	0
NA	19898.1042136
79339	0
754	2819250.16689
51428	312723.059245
140701	0
390079	0
160777	759.718060187
5343	631.263315711
9802	1287283.697
147372	750.566995417
9403	2754547.34529
NA	0
NA	115822.471539
120065	0
171482	0
266740	0
27439	2291.42730501
NA	596.877955245
9831	118127.334318
127068	0
338751	0
284656	78757.6874235
388333	0
202243	61209.9396595
283677	0
552900	0
54880	170136.693924
8690	123066.680244
219621	861.66506002
163351	3110.87914538
158358	136328.994857
341277	278.142840256
646658	22123.2174273
NA	0
2275	162868.455467
120793	0
5367	0
440955	1315.92654937
100128569	39205.7602309
126075	99461.2515541
54101	186411.290159
345193	521.598120756
102724993	2650.61790057
9284	2650.61790057
10946	407084.931884
NA	0
51270	172.845907873
391712	13399.3818847
NA	33017.9553557
2903	6158.22342521
NA	4591.67811486
646625	0
NA	0
728340	9514.56255215
140460	73550.3053891
646892	302.375347338
11219	1711.26998292
29933	10439.8928355
4600	7411.4290412
57634	99463.8796754
84206	5190.13010259
NA	11539.0947541
54855	115223.392065
493753	267550.435309
NA	0
51118	172770.335659
8624	234036.795561
253143	89924.9534215
NA	420.233176884
8302	624.475538122
54988	5788.5715097
399814	0
390243	703.101998128
NA	783.754723959
NA	0
253190	5043.84088483
54039	680.447862277
145814	368.503966024
84193	502401.885127
388121	7830.79073335
84133	2625.43210237
23194	52524.6452306
NA	3009.13083137
128989	173700.452202
653604	1413.04683809
NA	2303.16901662
119559	216386.79139
200504	0
84734	100516.543348
116541	562812.470031
220929	71115.1337853
56941	493533.137737
1232	3580.93315863
8214	72236.5817031
283768	88.9511794231
100130613	5675.2011445
24150	0
102724101	0
102723713	0
102724127	0
102723655	0
94137	326.968950824
337879	0
145858	0
399949	442.654154309
348327	10529.8594922
4707	265615.965188
441061	11078.4846271
64410	33989.7563121
407738	1584.07705545
NA	0
55039	121459.286614
728411	8498.95976274
5678	230.095978785
2825	6967.50759189
NA	0
353500	4633.74136
10189	515085.197988
359845	69126.9069168
80258	13910.9969603
9241	1074.34877198
117194	0
7378	400392.239744
NA	0
283694	0
282616	788.008480941
4978	1608.33538963
84851	36994.6084562
10186	150993.193607
146223	701500.983685
23585	724845.78825
2831	648.41337974
344018	0
430	8466.83626471
29110	130738.58305
23466	591574.69833
346389	79562.9027698
123876	0
10607	155908.510015
442868	0
9083	0
442867	0
390928	0
83999	0
10293	14060.7470996
11200	46550.716357
668	398.191464144
150209	4838.78934835
57528	142.204272883
10317	3873.37069057
80139	77949.427166
148641	5453.16667093
386617	3866.02089799
NA	3980.55003738
51807	558.271869428
100506888	0
100288332	16238.418187
442867	0
442868	0
9083	0
90187	5890.23884154
283298	24846.3477348
221303	6726.97587398
389677	45436.3745432
1233	5629.35945512
286826	12616.7395697
NA	238.408148791
114781	115762.717638
256281	404351.170201
339416	1995.06097717
89876	34652.8559235
29944	3408.95664621
2863	16718.1338705
54097	8229.75125678
100129543	4147.04129008
55243	131283.844599
128239	17012.8366159
1260	0
10766	797482.621461
6331	782.698450746
340075	14479.0833319
7404	63.1881460618
149563	0
NA	257.397477091
130502	59362.9087825
219527	1234.52234385
NA	0
NA	1885.59172225
146754	876.317016528
4068	6992.8515871
100288072	441.644296923
NA	0
NA	27978.2312903
NA	0
5613	246364.891428
387893	146617.418983
131096	377.854424498
6525	22454.7794552
283869	2920.84954126
151649	2301.87178143
28958	433909.777134
256933	0
NA	0
256435	64439.9733473
8073	1102599.39308
71	44978533.6534
7113	123614.917458
23258	137870.594378
127069	0
NA	0
337976	0
1485	0
56616	36644.37528
NA	937.72160999
26276	100678.002291
6899	1412.03636409
55803	68297.6406534
112637020	12629.490224
29796	1142165.75923
54954	64485.1367989
NA	0
NA	8364.88838102
NA	2672.21894381
339976	0
8663	81308.3786621
NA	0
7122	29215.9487324
NA	0
8508	610586.200387
NA	185111.610477
390648	0
6900	57.6496178731
163778	0
220074	33981.7755596
127385	0
3786	141211.145045
152	14259.1924733
126382	181447.73767
388581	54223.9001957
79174	84218.9594559
4991	0
152579	109588.104403
140739	192536.800823
3768	28588.3500535
NA	2901.17382152
54328	16888.4855818
5504	427470.926836
64061	194722.023748
643707	383.02539189
283871	128099.92433
79640	97428.0053186
11066	80109.0341579
347516	560.942289556
3654	223319.850618
84319	79550.6243577
116448	0
NA	357.906070534
5101	2880.91408495
641371	41700.9671955
220323	159636.475015
220	153843.638417
1038	941.649372442
8338	11168.5048164
56660	521.252580811
317772	2216.64981089
5463	49578.4415767
NA	0
245911	436.007695536
80213	95874.1112129
10078	252704.747565
4070	7718135.1566
160365	4555.65972175
4990	0
NA	201.934023106
5587	40307.3858036
401145	3118.78462077
254887	31405.7479231
374977	1182.22949311
NA	37578.7338529
79470	0
338324	0
26576	979.362985588
9573	1874.93866167
389123	0
6586	166938.602006
1946	18788.4683866
116534	94595.4126892
337882	0
3009	2132.02000901
124783	3133.60926504
11187	248591.393712
256714	1990.72983474
1435	225851.986288
10584	2608.21369964
84517	30848.468665
8398	31667.7847429
84441	145333.527016
NA	0
645974	0
127550	283.852517328
390437	0
26039	89041.0910099
3751	6847.87172002
NA	6350.28305665
NA	1857.44856222
116447	109597.347528
9276	600364.840783
64922	1126.44382188
80764	215239.083444
NA	12004.7318651
9735	25717.6396117
2826	4324.11755779
400746	131383.0176
254240	521.330565937
253769	13209.449859
10587	50761.9721121
390664	0
390083	0
4303	181709.337718
5454	118.547101542
11156	577835.224861
200350	233.144219371
348013	13070.5378173
5627	4378205.18862
2520	0
256646	138.408543959
374659	81899.5115279
340542	166634.512125
162239	67248.5934785
NA	0
51286	176.095285159
352999	4365.20645766
201140	0
1850	62970.4303189
9021	193835.242699
201243	0
84189	15803.5119102
NA	0
440822	76.3558046876
57121	640478.442566
11260	387542.87055
340061	586494.449289
5142	45283.8682098
284467	3850.60774482
400258	0
8303	335533.987392
NA	0
90134	350.278800032
NA	1925.60427869
4753	399952.085306
NA	15818.4270552
NA	1018.37067965
124751	7586.90842576
NA	0
9968	182519.691776
81931	33386.7005682
10801	763188.698558
203074	0
146852	251.194745006
349334	0
157313	3863.82254652
NA	30097.8976513
138046	0
139285	24866.226879
9923	82573.9031589
8349	93024.7498514
9074	4508.50510703
390059	0
5413	46400.0952552
56478	158077.29894
389816	240.182899278
619189	0
55328	84463.7699617
337966	0
55911	52149.1419513
642273	221225.338095
168400	0
NA	0
25923	334817.078995
55967	357096.788709
NA	0
NA	0
644538	27979.431337
6991	11279.084072
7327	173804.187297
340562	0
NA	0
23762	64707.3164125
NA	0
NA	6463.17289853
286753	323.004588684
389151	0
201501	491195.164365
79135	190546.776763
51334	4469.36648326
54732	1457022.99842
NA	2765.53452597
1812	0
NA	0
25880	117737.948651
93517	20210.389792
155435	58354.8423297
9823	956825.63024
90135	428652.070726
6736	0
8971	777882.284367
375287	137095.349985
6612	951604.031536
83943	141231.980871
140597	56995.5749995
NA	0
1188	10473.0858367
728656	303.587166991
3714	83614.5119068
752	69452.2965828
728118	1085.64371887
391356	170865.889022
286256	751653.448308
8590	501.955272648
7490	1623.81859475
146198	96655.7273563
375318	0
646851	4605.80395268
390327	0
4588	68.9086675906
NA	0
79050	209664.045568
11274	116888.973377
4700	551026.895116
1133	149.758187327
57537	194445.489902
80757	34314.996416
113277	66973.561172
10572	204835.429416
NA	0
140707	65956.0016686
338376	7481.00526008
387775	0
8694	166735.422183
222546	0
6092	383.387430534
26985	194062.216808
2157	27530.1493477
93034	801.151837847
377677	104007.711279
22888	72258.1989537
23764	151215.389165
2972	21717.2212362
389257	184.603385395
NA	2550.64501888
10509	411822.275229
NA	176.953763088
339766	0
102723555	0
10519	1834053.13475
56899	4229.744066
7469	169335.985579
57419	18384.1597207
137868	0
100130771	3604.42048381
133491	421.147389742
NA	9831.69284268
51350	0
23768	8944.66058107
NA	0
NA	1017.09676086
80789	273320.681644
51065	239476.139978
149175	180886.850705
122622	52193.1788719
338440	23297.8573164
11124	246467.955726
255275	0
131583	549092.777293
56160	248922.784921
3297	460659.260088
387263	144156.209149
5813	128878.221192
8340	1190.0865788
27124	1261670.45928
4887	0
83881	3577.88473665
162387	127008.563456
114659	23763.0788675
317781	96945.7802211
283820	54310.3648417
102723728	54310.3648417
NA	2511.26143801
653437	0
90827	0
NA	0
NA	378.264600817
59307	185558.190434
340371	142418.850005
400668	2397.64231839
10581	562695.764374
NA	275.503913877
7127	309782.210547
353274	50664.4085046
267002	42471.5203701
NA	295.402975816
51186	986395.008412
4158	0
9230	2091684.6073
10196	68199.9935598
2811	5805.30038438
55015	81838.9627059
4110	0
285755	43612.251122
7625	36233.7670256
285600	9200.74616657
283991	388952.34748
339669	0
441549	33176.8394662
147111	96.1845396578
123103	0
54033	19317.7273986
64409	11627.170312
NA	93208.7562457
84614	12695.9688434
389493	224407.304072
3563	67925.4094098
162540	0
NA	0
339230	104083.024611
729238	648.896369222
729857	1702.99329628
54622	101790.170576
115749	1318.9549656
6336	0
NA	1185.22908256
8558	140337.336621
NA	8495.59960469
8651	38875.5139079
6948	1176685.3348
10634	98888.9973435
23545	49789.2904643
5071	18434.0742898
283643	18685.3187478
266722	1041.59255782
9146	273635.133513
126282	19469.0809924
26693	0
5892	24429.6222656
26333	0
5600	44615.8499698
NA	0
93349	44867.7384643
51263	209218.698921
123283	87481.7482413
64754	32258.9601912
25840	1485189.57583
NA	0
163702	110006.256053
6450	100225.191048
400451	310583.720154
158724	0
374920	111631.453633
402569	336.673768379
374395	678202.97563
285513	8517.59170346
3854	127.248521134
55010	7649.66083316
246329	25907.0946648
4919	42940.9467387
NA	25201.5828932
NA	9080.66981625
4582	1259775.14239
80233	151048.08251
3665	75136.668628
26013	11534.719608
79184	213086.086551
9899	326.42811572
348487	7852.75235769
256329	5641.35110359
149643	1721.62722467
5148	3668.74447539
5592	11296.4679678
7026	88476.5527863
8788	0
727910	87586.0670798
4045	3907.35492803
113146	344958.111525
169611	395195.539684
6667	332952.154968
145946	0
NA	32731.1774501
NA	6458.65492053
64976	426631.20027
440097	0
389119	19824.0960491
64714	1420.90408252
10336	110911.901837
89782	26492.4335371
5034	2218954.24054
5719	386322.025632
5087	219634.121354
NA	0
56901	59090.3857821
399694	3065.2139229
NA	0
338785	342.699990433
NA	474107.520813
677	4978291.75987
7332	414916.646885
4908	696.357614453
54014	72470.5849561
644994	0
6490	13622.0830342
8224	480.05696676
5453	489.186531716
333929	19112.8454249
79842	34259.4218831
254773	481.560738353
254956	0
NA	18620.9450905
23532	0
404220	437.452734599
4603	6458.26235136
NA	0
NA	0
NA	46.1655207038
730094	36190.9177635
4733	524692.44492
51479	262186.18736
253943	287742.581821
79943	35754.8045519
105	55.2422952967
10718	1545.79857672
6345	152931.343223
399947	0
3434	126904.042588
159013	122629.92414
100132463	875.961162072
56479	29766.9422954
339366	22749.8591902
80333	8136.28273583
389730	0
10933	1047294.98779
338321	0
348793	70938.9615885
1762	140622.884963
79581	237783.040343
51227	68536.2494225
10320	15878.3628369
5833	92415.0456536
339983	219949.729839
390326	0
23742	385.837264452
10134	1653645.25696
100506084	3054.41066711
51326	3054.41066711
NA	67190.8036239
NA	5982.49544841
54584	15832.1706799
NA	19779.5838923
127602	8124.71436551
NA	0
339512	134.560298993
2124	74977.7519288
100505993	0
440345	1232.80292454
374899	17215.8274967
132724	0
79896	73438.5211107
140691	147368.812824
527	526689.991955
8519	322645.694697
339501	229.187944141
442867	0
442868	0
9083	0
3916	2333876.9441
2865	313.079380299
338398	0
84197	42389.1466767
NA	0
NA	124.253797701
283897	8537.31741479
200942	587355.705104
257240	1276.04998726
54093	31690.9379009
5727	16487.1930543
146760	2483.2592778
119749	0
255022	285.340116502
439915	0
286183	99.3095503512
55599	54295.815464
10308	46631.5497167
8660	172594.433856
402573	3901.00588046
121006	385.028010788
6473	198.709711606
353142	0
23299	175800.989304
353145	0
881	1645.64264683
55217	54122.5401685
6011	11695.1718114
245939	0
84631	36.911290864
NA	43321.9922546
126520	123.408892999
22821	214600.369683
84859	47374.4663516
93273	123996.305861
NA	2323.04900181
496	6635.05259255
51079	259391.411346
84924	29795.3168147
NA	1581.77791838
57711	41462.7154215
342909	14415.6109053
285242	0
220107	2779.90683341
103689915	2779.90683341
319101	0
6887	442.654154309
NA	9164.61304767
64853	132771.143033
84529	9347.37776843
146722	12765.4821363
124626	126.52772341
NA	3795.83170231
3852	1217.81459788
NA	0
653149	0
54103	66038.2361226
200909	0
79501	0
84871	2996.42812148
503582	0
120227	30156.9414817
100130733	1936.73493926
157567	43257.8067993
23396	288429.056115
219436	0
8529	0
374973	1753.97995103
219438	0
NA	0
10773	88542.905208
130355	87226.8883918
353164	0
10623	224985.590759
339779	0
644414	4089.8750032
NA	259.907026383
164153	392.937923176
NA	423.914051426
51741	70128.8841113
199974	6983.11323191
NA	60347.6849577
NA	0
338657	36176.7670214
283149	142722.184376
51082	168217.672855
146909	3680.44820373
84937	85824.3398223
338557	7152.24446372
359710	199.711915562
149954	0
89958	13432.3909279
128178	7481.63929731
123264	1853.496544
66002	379.866917695
64757	66243.7822941
254910	0
345079	168998.207663
55330	215496.196829
353135	0
388567	19634.653479
114792	6407.53695336
NA	656.228531586
NA	299.774045313
NA	0
57496	63530.7239231
151888	1727.99154855
NA	0
7565	34811.7723225
55693	10823.4737744
150763	1123.92413001
64222	198307.252995
340529	0
2558	279.615912592
5501	321033.867812
148254	15168.9100124
NA	12674.8636066
128360	0
4675	60188.8880254
340591	35559.332479
153768	9886.46435656
23621	184850.404752
388531	1204.06824558
NA	0
389177	106.797030242
285641	63.4712842026
153201	68.1166139402
7058	704776.825117
6256	228701.31714
353322	12605.6922579
200035	66943.6269382
100127206	0
NA	125.245255651
7626	85508.9161835
260293	37722.1948391
353288	0
3858	112515.850312
101059918	4912.83203068
342510	4798.40878573
728621	11762.3278658
55922	78397.1019906
342035	1951.04899369
2204	245.461644317
3840	278380.885376
10345	0
128366	0
3850	0
115560	20348.9586476
10168	86165.9966685
110354863	86165.9966685
353324	3249.18789106
283471	696.357614453
653140	1025.62869837
400830	0
4674	81192.8401125
NA	555.753349716
6228	3694899.50803
54331	26447.9438402
11118	165107.359473
158798	248.18899592
27445	4113.29884901
43849	4267.89669638
401190	397.873201955
3638	115993.337145
NA	2526.48605266
23040	0
153571	72406.7221345
252884	21735.4014752
84065	252688.66907
NA	321.57378209
219956	0
1187	1837.85522295
219957	0
257106	74430.2331249
151011	320958.658384
85002	8920.0251133
11283	0
4051	99.1061860843
114826	47175.6852405
NA	0
245908	0
2306	3416.24853208
23131	179789.033899
56971	9152.89343402
245910	0
503614	0
4771	231818.906666
221491	484359.364555
245909	0
375686	434.052504076
7328	736719.447404
84981	111348.422098
504180	0
245908	0
84842	5704.2332764
NA	9127.4178444
11104	163433.744224
123722	444.279567361
116985	689494.847146
347240	12546.1809647
5138	9663.19812437
102723849	741.714240682
90668	1524.88212797
5553	1263.90043624
55615	31545.1193786
80829	451815.229711
284018	177676.122285
144233	27391.5009284
139599	258.231325235
NA	51414.6719031
NA	0
339761	1034.53529362
90624	61724.8494814
NA	8179.75000639
387885	3364.78708258
493860	479.359317835
11223	1401.45330708
613	258434.279341
26539	0
758	49.8850928065
NA	784.813851964
25794	88451.9029294
399823	18413.9725043
139886	27860.2245481
654254	6488.22395628
474343	24951.5581217
389762	0
2301	0
8372	17685.2944637
338567	0
3446	0
147645	8085.39330385
2833	23006.6416133
84307	83847.133174
100101467	66051.7365997
53373	435871.118423
11006	26293.992534
408029	0
7293	20078.6484033
NA	0
3868	3050.46838622
10614	464287.154668
348303	335.506788246
353131	0
3861	3819.12922262
129293	22777.586838
105374836	22777.586838
83902	0
79955	5637.01548714
23275	114478.126987
84109	403.307118371
4137	4203.90905154
54821	3327.00647602
138805	0
NA	0
200728	73033.4821999
8784	44934.8894512
2248	325.539378057
338761	67863.0925204
349667	353518.035153
23390	86652.3675961
256394	196.735179693
5030	2002.62844984
55893	278554.294727
353174	1415.83553048
337979	0
337973	0
337967	0
NA	147737.765466
138802	0
5465	77763.0065287
642987	4524.39481949
NA	209.510191361
337969	0
337971	0
254950	0
284827	0
440585	344.461595761
64800	16288.7624295
337972	0
337963	0
256949	83866.3349987
129080	54413.1196077
10881	0
337977	0
6007	2980.06587918
NA	0
NA	1138.74951069
83715	230134.616596
5407	0
138428	1050.05692015
337978	0
344658	0
353345	3265.53168508
164656	861682.158225
1579	298.592416686
51259	144699.223992
91582	269160.075682
339967	219.431580776
100130348	2977.20276222
285382	6101.89112492
7003	413791.005117
391191	0
503841	0
5333	280284.424072
885	0
957	38105.7031081
4286	70970.3904002
NA	0
399671	1448.80105245
4673	780707.767392
353514	2639.82841115
152100	17418.4577775
6585	30974.4120175
130574	115.390870346
1645	262.966832897
342865	0
27022	0
374955	128.886429306
55182	177969.726486
253935	367.881493108
57698	174538.527677
341567	0
199834	0
85319	71.1718444183
353139	0
353332	0
353140	0
388282	18955.8161217
730098	29149.0054783
339327	9897.52475238
23270	230151.355951
NA	0
4501	1109278.8275
2650	269039.482881
353141	0
NA	282.746957378
91404	55752.9713516
353143	0
23048	269658.472199
79659	48871.2002972
3859	0
81557	0
4059	1142219.70476
222194	134874.497104
387129	0
349136	310558.448716
2057	180226.804257
171484	0
83901	0
63924	150.769016213
1630	88.2617401905
51616	257191.738288
56123	13999.8013348
9863	37790.7044725
338645	295.269475431
375612	152.832171172
11261	1150644.39799
NA	1052.10552618
2359	94698.6064953
3010	0
387763	12726.3535708
NA	0
NA	0
3767	61266.4296671
389118	0
1282	742337.287891
NA	5060.26089537
440107	72.6315971053
338809	72.6315971053
2701	225100.336446
5757	5698622.12953
25763	0
51182	81967.2748669
344905	1212.25261013
51547	42008.9729278
401137	0
NA	80150.4463296
9742	148603.465163
NA	396.695526266
404785	231.471602413
343071	0
392636	647.630053475
646643	0
340665	3726.24725314
7100	57408.2476306
7874	324560.758238
342977	17928.3893106
286380	0
378884	27864.8554511
359787	0
341947	544.805112996
84069	76977.1355614
NA	239.588387151
201181	2095.18362586
NA	0
28986	324543.610548
200424	40086.8410182
57335	16982.6094854
9636	407520.008015
54932	46302.5764852
390148	0
389827	576.153026244
NA	54.9651950079
400566	45432.3236517
387032	51840.6724616
400966	211.309216436
317749	61746.3839413
148398	118266.612608
84808	19505.7414726
400673	35299.2139806
NA	991597.768367
NA	0
100190949	0
404037	0
26059	3147.96127184
145173	101054.666663
81848	133340.270488
3266	0
NA	0
51393	41896.6315577
401138	2800.20371482
340602	602.138154955
84281	9635.79188263
403239	0
94107	569199.225557
6572	839.945403549
166348	1247.77039028
79875	112213.960118
NA	0
374407	167.125827469
2563	10844.108411
278	0
6917	349369.957771
79840	3362.40608175
2175	8380.96715168
79048	163847.986383
340980	288.076513122
389766	300.60157891
280658	0
124	128.601029773
NA	0
NA	0
10507	42224.2045792
386681	0
389421	0
125704	1662.34315769
8632	1964.95794945
10445	407368.565399
643236	9933.84907333
57697	12413.5530624
100129969	198.167282912
7621	23443.5368287
64170	6718.77510228
375033	9609.35730859
65243	31764.2387612
338949	0
347454	5238.83473347
NA	0
339559	25390.4678462
391723	0
340595	24337.3388537
388335	42961.1755966
388960	0
3006	332445.68075
57048	2664.04702043
1978	145867.126279
NA	319.100137612
22953	294.952895101
121549	256.974447103
390323	0
550631	8862.22383398
164118	1026.44441579
116224	150993.084
342979	343115.16297
NA	2208.22148461
389400	0
199920	438.736860908
NA	0
NA	0
729956	47.7364992975
NA	982.67724273
400891	0
1755	1258.92968945
388512	259.500558737
390064	0
414332	32491.6248495
401944	6273.2670706
401027	347.970192003
341350	146.73124064
NA	2655.92492586
NA	4471.02218745
NA	25003.1698442
50626	111084.799515
7373	461244.912107
92737	221.383322918
642843	190.040003421
339451	28396.6225553
389874	0
NA	0
391013	1760.95285159
NA	4138.44834053
222696	5483.89575512
NA	0
126432	95180.8639461
100141515	210.192634981
NA	1885.59172225
162998	450.342936146
285386	4141.77588158
NA	37376.6430509
NA	15325.9930148
729967	199051.577776
285093	222.855813681
NA	23230.4900181
6274	11858.4962135
29978	698562.253028
353116	67032.2658348
NA	569.374755347
646457	377.11834445
57474	9559.38676829
1180	87.8345811334
123904	0
284434	341.825927283
10123	124676.47116
168433	602.867388014
100130519	13284.5918317
285852	428.290745172
115273	12521.020996
7477	31331.9566915
65998	137428.188889
147199	0
NA	0
NA	3327.37740272
123745	0
51463	7735.21566325
145873	3908.66349156
643161	0
NA	0
346007	1411.92931423
647024	159853.707583
1617	0
338755	0
6300	5607.95466801
401498	8190.02894385
441457	371.711629835
1287	41074.73916
386674	0
375790	1368446.02033
4810	12108.7329953
340990	0
401565	0
643853	12666.6501927
199777	79302.7140464
253012	116.947694413
342527	117.563208594
376940	44382.5764559
NA	22093.2027861
389541	524515.906466
5575	132291.200671
729262	685.93966589
374383	13982.3157534
123879	116747.341
445582	346.351532952
NA	280.020371482
390927	14558.9603887
10383	2966124.20808
119016	3845.00050675
NA	95218.9734565
170622	549188.189547
5320	1378.66409603
400935	157.132643521
123688	8039.28820498
26659	150.925740762
643338	18868.6469557
101927859	128.715037778
285180	133.294067123
163087	23287.0689709
57801	61556.6428254
374918	5286.52243586
79862	59396.1392509
374872	2256.26359928
344657	158.93876586
401541	7026.78442707
5359	156832.57086
NA	0
375341	39698.8947433
387712	3028.62741229
84527	57155.3546694
388228	72246.2655312
283365	0
100131137	0
10991	6513.08471401
81442	0
2963	173394.200502
137392	63216.4755984
54914	225742.680253
NA	1542.52921767
284338	10938.628795
7784	41055.3579113
387695	0
440093	17032.7623123
3440	0
NA	0
282973	763.357321837
5535	0
100133220	0
5133	5082.3564964
387836	0
NA	248.18899592
343521	5708.67218664
NA	0
NA	2467.82825972
6402	40493.5147105
347541	0
1121	81588.8667641
339345	175.245096697
63915	109495.145259
NA	0
NA	0
NA	1173.84992512
375298	13224.0722296
NA	1554.91901059
NA	7994.50700003
283652	0
389792	339438.504553
3014	314489.595351
387755	1352.57583803
5104	384.61076189
284325	69949.5866102
197021	825.415364488
342897	146.805422258
388533	439.30578703
NA	2144.9337068
NA	5566.4113462
84570	1178.45939894
644815	121631.200117
389799	676.248545009
NA	842.731292118
10772	160519.137143
3040	15265.3628916
285193	20825.3921031
388115	88428.979147
4077	769708.636398
391211	0
57186	314626.390742
27158	98796.8051456
345630	33645.2126662
154215	2261.97565902
81851	0
344838	0
NA	0
144535	730.575989249
NA	13134.8456087
1201	97611.9867003
653820	670.183935571
56624	4988.65211557
6613	901542.111507
340719	65637.5558143
340784	0
388555	3947.7796481
653720	5274.86149368
7730	210.80299472
84247	209951.630669
1806	278753.26083
140576	1138136.95584
NA	0
375743	63693.4336973
387707	5435.95489106
390443	0
NA	0
283726	5863.46502862
NA	68.7780969273
NA	1667.48800376
NA	0
6006	4654.69127984
389073	0
169355	261.369149619
29780	20436.1159318
100233156	14462.4640109
57835	32349.0001187
7390	158020.136639
390084	0
NA	883.811338195
643803	0
51114	265291.930161
113763	55937.7210205
347148	1576.25460015
NA	0
338599	0
643155	478942.908171
344901	0
375567	231.297471196
340277	13977.8525015
144404	24058.0882541
401024	366.627404436
23029	10633.9377693
10811	179454.843183
NA	0
130612	16783.0828777
440603	341.544489799
8326	993.605218911
NA	15210.4398928
399473	27186.0910214
26254	213.672645494
349633	0
155	885.908517641
390598	1555.96048347
378807	0
5549	73315.2971471
30814	24784.1215162
147694	58050.9029503
4520	61774.7483502
127391	0
NA	1200.91449639
388336	681.086255956
199953	32764.7953529
387921	171038.968284
3167	0
132203	62.4341271182
79844	1378.19317309
441168	19212.8215184
1269	276.342905621
NA	11244.6353061
84464	19773.3626188
441509	0
NA	238.212571966
377841	20990.1730153
9045	1826445.43593
389206	0
NA	501.521805228
NA	11118.1962362
149297	4565.22824613
147837	45387.9876101
342125	1317.73612933
NA	30192.5328982
340441	0
85302	17385.7663745
346689	98996.5693195
431705	1580.06658225
339287	197814.044886
400499	846.592201828
120892	494154.705046
390259	349.856777382
2707	163620.70106
642938	1779.05386456
79979	99395.5614833
401494	24240.7320447
257177	0
NA	3177.69860853
60506	0
158293	437485.687724
257313	150.84733778
401546	492.672421491
26155	305951.2993
345222	1960.73578533
126767	0
NA	10908.7721463
25920	702705.102523
729025	198.68705113
149998	499.508816331
339977	523.681019345
23036	91086.9495494
135458	283.298658758
283219	130894.661876
374897	3655.35152602
NA	4316.27505463
134637	8701.31594756
112268354	168.434527394
3805	168.434527394
NA	535.363431465
139604	0
391104	429.557877555
63904	0
163081	37680.7006274
4697	1232323.27357
728780	5565.56461494
121642	98653.5001862
51136	62194.0156414
643904	378.346742967
93659	0
5649	114.847779318
374393	52092.7050951
347	32117.7120756
3005	1996989.6496
729447	0
645037	0
100101629	0
9516	1184020.42998
284415	261.369149619
83862	320771.538433
196528	71092.7319864
NA	1496.80992385
100133093	0
23450	406379.254082
345062	0
26280	2583.62615391
388552	86264.7603825
80320	3990.51362275
340120	72.1623074619
219348	22246.9410456
170062	0
222698	1240.18784417
NA	6757.53948334
84075	0
1364	2292479.31722
126231	9722.72055036
NA	0
NA	230.919383878
400581	429.557877555
100129583	15636.8464573
51155	177681.948037
84503	16377.9285981
NA	215.816518192
646799	0
386685	0
6284	1999747.42064
7581	178019.108008
401994	0
374454	0
54510	36438.7921127
347442	0
162966	23962.4727751
284697	15298.8521219
23285	15298.8521219
NA	136.39320114
NA	596.769720606
4128	1174656.78769
NA	4320.83147673
145853	20944.1385271
NA	96.057269344
389643	1907.02431318
NA	74.5905793031
7259	1779566.58915
139067	0
642446	0
55629	718704.610253
51233	7136.86329283
NA	0
2709	5786.19216319
2272	37372.0881888
285016	21337.9101604
NA	0
80317	26087.5236418
139628	0
27341	198329.881708
132660	81390.8088882
441239	3007.7141031
9679	293454.898034
389558	5862.80181574
389384	0
441525	0
494141	0
57402	3442050.97303
23254	32841.2693036
728661	131787.026458
NA	314716.576265
NA	0
165186	190.500334475
389761	0
100131211	29523.4911862
200810	43057.6994702
9729	562.364884932
23708	114825.941025
NA	0
254272	0
84933	30015.0737466
284340	833533.036501
NA	895.316932868
139562	0
3146	655810.900713
8510	1176.93160556
400745	34467.5764739
NA	3468.47975665
139735	5612.60815344
NA	1793.3986118
9437	460.19195757
644943	344.325444933
127534	7566.26875591
NA	0
574452	0
NA	0
NA	0
284521	0
282991	377011.987595
10388	1302.35889755
440519	8041.86138497
3556	142753.551959
NA	0
11122	89.7415205831
4604	196.601980519
5079	155.566873046
NA	1008.8516221
403278	0
390261	0
50859	129.576584215
163223	32845.4193956
374879	18594.6511324
NA	2911.08897471
NA	0
23424	130133.763528
90835	6691.67799127
390275	0
653319	28126.874682
3123	7387126.58524
317701	0
4661	4171.47665928
12	174.228675136
8644	2486.24893169
26010	352675.207759
NA	0
58500	56402.6951134
151525	314590.886487
7633	53610.7637799
6275	908538.798637
25894	80877.166565
85290	0
79633	30294.0342943
389649	0
399948	24007.2337586
124602	669.318196445
81448	0
148213	14570.455106
36	124740.860669
83931	200565.567889
NA	9498.44802144
26476	0
9725	78753.1361965
1510	14676.6948355
64218	154150.795058
646962	42181.6792435
54737	458275.288559
NA	33359.5739144
NA	1439571.22269
9687	6930.05678682
284759	7325.8647008
90321	75138.8378569
6261	81630.4722843
9901	33850.1776712
387266	0
63939	100375.966639
442038	317.356421013
203068	2765061.11652
84458	40542.5968291
6829	547311.483577
63929	30997.4420286
401992	0
81472	0
NA	206.529961043
51427	39003.9992276
219873	0
389376	23112.8247286
5478	997267.84907
57573	34462.1562447
441911	0
162962	43242.4295814
284443	40499.0262043
NA	0
NA	5079.55321097
84163	8654.88848537
2917	70.7039506274
8464	49819.4706681
441925	0
60491	242691.328338
NA	13137.6437671
487	1582.63094194
NA	20318.2128439
NA	0
3376	521516.810771
84278	34500.7277497
9883	83075.846252
29068	146117.911389
55340	1540.73885048
56164	516.608827025
94027	171.518679992
54413	1522.21758107
283159	0
131	0
55888	12553.5318465
100287226	0
1604	1513475.58858
131034	57515.9751694
147929	15279.3508847
84628	2368.94735685
1995	60.9916247063
11091	226767.734608
NA	0
9361	589956.225117
158055	2031.42644931
8295	237700.391508
55190	14245.1118036
647135	4016.3364485
2526	13850.4943374
79754	90121.6146225
222553	598.10736401
80778	67302.5560269
163115	6262.02039472
NA	0
7699	77215.2266374
388324	61890.6326144
NA	0
342132	19652.1593386
NA	0
5770	237421.24171
NA	0
51466	68296.0221087
64648	0
284486	18591.474481
124056	0
2050	135917.31922
5657	8615.14682174
91661	15243.5976302
7678	13050.1147711
2547	2315277.24421
6276	126671.358198
284739	1854.62397499
9858	218941.644456
148545	0
9819	81374.3612318
1413	358.053175372
438	471.908654215
440348	1023.67024169
148266	35602.9489662
100131755	30014.6770139
79693	175405.466115
27153	175773.542242
30849	201743.583096
285971	28506.0005131
100289635	48423.681729
6399	56012.6028356
731220	4780.87309272
140465	403361.569163
90576	11144.2014429
8823	175.988560744
6477	43913.3984172
NA	0
2712	0
140680	99367.4139505
2104	6626.18220138
79711	24647.8886002
9612	353548.110607
6817	37352.8756886
132946	16157.9322463
55660	308743.102839
54834	46949.0062414
85012	481616.937849
51434	167009.014609
27010	15520.4891535
6536	21388.8016255
60312	186681.847346
4666	1868008.31567
NA	0
399687	85018.5809351
343173	0
165679	2868.91899423
54785	72623.473649
4122	182061.591312
4311	5976.65933419
729533	383.797416372
440184	409.853387758
8912	10747.2505093
55959	298058.318864
NA	0
3048	129.576584215
NA	0
3908	16253.7483409
345456	0
23654	2983478.99656
81050	0
55966	6086.18239089
7516	5923.70315217
4646	370603.662612
57591	134150.625862
729458	375.169412438
3066	138908.143211
NA	0
158431	17214.2856582
387601	0
728378	465.034975197
162993	34145.0198375
4312	60582.0520143
125	311.56773093
7366	0
6925	30771.1312883
65267	10605.7959789
NA	0
57001	79057.3015707
3269	158594.379429
55684	223467.213762
7695	81360.2415382
23660	52408.6145761
91392	70532.5372916
51399	201289.484277
NA	6414.04091867
150737	27397.1736273
55532	0
9895	135009.894434
51284	15608.8913541
399888	627.624910433
NA	1265.58359663
643836	154288.756077
112479	25726.711139
54543	2139301.26524
84941	50675.6937197
7442	232.537437619
7582	145977.077037
NA	9593.88081384
57473	146492.503892
51321	308366.287468
170959	73643.2177196
389658	76830.5031414
4763	136425.263892
154807	247997.984216
147686	44257.1543892
1612	35111.7628685
353132	0
3117	397738.720392
85301	10400.410619
NA	43337.0075159
2760	305162.74982
8329	0
389383	1901.02209641
6273	199023.183468
NA	46546.9983343
90592	49344.6684628
401040	0
5456	0
284532	0
961	716077.280183
390036	0
7088	67889.7575693
55534	114587.075514
8969	8388.78806211
29966	157033.901558
8187	48956.2439103
NA	214.46168776
408187	1975.38180426
6701	0
NA	63868.9942954
1146	0
80345	97522.5766952
89853	92484.3994729
64771	1181176.75021
NA	64.4575194732
390439	261.369149619
653269	124.041488777
100	39403.0489
10865	58646.3983628
399967	0
160760	169214.53297
390792	149.990250634
387990	14519.0562613
285190	372.01095838
374354	86288.9648607
3013	2955.53308119
140612	31811.1814846
343990	122447.641328
445571	848.585153679
6334	1233.09026817
3914	1521279.95639
128312	1719.68517478
NA	0
389320	0
3841	78030.781131
57730	1715.44011358
23365	439795.802717
27198	9257.11640824
NA	60850.5265697
9260	219614.315948
2316	4369159.17896
219623	4876.82214077
NA	6675.42816613
57522	26355.675868
10447	923330.515369
161424	200518.443178
127074	0
440077	154.252921767
57181	643439.570096
NA	5663.03439239
837	22931.1445362
160	349911.58001
199704	28476.6766234
170384	126916.068175
NA	0
644596	19602.8801155
307	372216.867637
8270	352802.357625
401554	2139.08747865
54554	71268.2707882
642968	643.860588086
100507607	273.557348306
11152	238592.17008
51108	621378.459014
7697	58585.6656159
353088	58604.8175171
388566	37734.1630476
29950	243815.750841
163227	65217.1764915
541578	99301.3174351
NA	0
57541	61912.0823195
221785	40810.5415635
NA	0
309	704737.387205
126068	50272.3852014
2764	209347.075342
284266	37689.8236467
147923	52330.6775514
284390	13268.7333144
79830	47213.9981987
401124	155.06290062
8364	6007.88534952
7741	115835.63468
4097	188413.959989
NA	0
92714	277537.783127
85379	113376.775155
3886	0
3482	924347.133585
NA	68811.1332885
353133	0
NA	245.185301346
NA	0
79690	54280.8403059
NA	130.814093714
1778	800814.116677
388662	1180.05574671
282617	753.258431198
5094	1173138.28046
84619	33086.9048235
123096	493932.409224
80055	24780.5850147
6714	232601.207452
168417	0
91120	33667.3768379
26493	0
400720	63973.4007841
113835	8949.90543054
399909	258436.287442
203102	520.396281769
51703	115233.869572
23507	69810.7789032
NA	143361.128262
11194	63606.4054294
8356	0
27044	868820.326679
NA	0
146540	47439.0812416
6799	13657.4858898
341676	2044.9375016
5718	190880.657634
NA	0
4105	0
NA	0
84435	0
NA	129166.186138
55124	908.861111821
NA	1368.76577883
140688	166366.74755
NA	0
375791	77912.5918111
6583	17176.5620949
NA	0
342933	282.060345048
NA	0
9583	142641.917403
10438	97064.0063939
23061	496505.406918
26740	0
8363	1557.00335242
155184	188.681692805
79927	12956.6381335
5265	27389361.4296
NA	4547.97206098
64499	9523.43160986
NA	0
25959	667823.362888
NA	90863.2404977
135398	888.921811919
2961	316453.881365
246778	228.646555297
2980	0
25788	2368.19588507
7718	48511.7019838
8831	48528.7976456
NA	1184.37599061
128486	114649.062929
641	6826.23924362
100129940	10925.9929432
124411	44610.3032643
NA	262.313572924
26497	0
84301	78672.8032091
NA	2000.65735885
6840	555485.036675
NA	72.6497686332
51592	141945.233556
26020	960846.318893
57162	284327.118737
NA	686.683122026
NA	0
79027	135460.496341
219927	198075.903827
137797	0
91373	94979.8569737
NA	2381.67484413
148198	9264.66671189
283807	11007.8069054
136051	69066.4981432
340385	69039.370768
NA	0
171392	33638.8451626
6584	38670.5549157
NA	93.7620682037
147906	11537.2467214
104	29786.3978833
344787	37910.6219266
3064	197858.983826
128372	618.490149578
728	33161.111217
1735	1795.88707324
1555	0
8351	2826.09367617
54798	9006.96936549
79674	8152.29280466
646486	0
23729	32003.9645573
NA	10476.5784976
390038	0
3652	143348.739012
93377	0
441933	0
4217	437515.593167
55753	75334.7258843
1572	193.975367553
373156	493538.024097
3182	1146071.54885
81466	0
50861	319158.700035
5154	107030.383425
NA	0
2996	1304.10684982
1305	21825.2086831
NA	0
6693	30289.0092691
57116	850.42395567
NA	0
NA	910.285659018
56125	9268.95444983
89887	55195.789059
85569	0
81031	256987.295826
79788	16743.0454813
84154	197684.243844
NA	0
64078	46571.0988908
400823	1673.34493984
142678	84395.016206
391112	0
4644	114381.724412
NA	10581.9919544
3004	14749.5174718
10533	67327.1305858
NA	0
NA	0
26037	175019.432631
92104	35283.1291907
23145	618.007502611
1991	3107.19102869
57799	108094.02652
23556	67296.9794338
1288	437.980581036
57547	17000.70242
11147	156359.06743
NA	7828.90288602
3201	1994.60418015
10210	212577.690503
83875	4277.22971317
NA	72355.6929196
10242	409.911243968
NA	399.423831124
955	210849.294608
127343	136066.017587
NA	607.49189378
391189	0
5167	118057.047777
400165	0
645811	5432.66228414
84188	116640.225344
65250	81884.1797071
284371	42808.6939919
8076	74992.6486976
4624	0
317705	270.877915324
284370	63791.3619322
91966	51510.1021358
56882	513025.161969
NA	0
219972	86486.769175
5055	1902.05977223
1803	1384252.44723
5275	0
NA	0
80380	33396.898969
163059	35649.257985
196477	0
196385	746.793563682
283238	0
NA	0
NA	16248.3443372
NA	0
388818	0
NA	578.448456627
6709	900987.511829
4828	203437.265815
55742	257120.687686
57565	161826.981246
254783	0
92689	333005.330634
6120	278508.643105
10794	15409.6688423
1379	209.812951754
5253	345130.664011
6231	1660986.01429
283579	2887.3123247
NA	179379.166042
404552	0
5660	22866252.6514
6281	1613939.42317
80217	5052.56690609
222662	294.205800635
6168	2793703.27992
3223	1476.51419607
114112	53898.5181243
1675	98140.2657272
441476	5046.97176062
440738	8107.08725253
79892	276684.815487
197342	13659.5550295
122773	30429.1598292
347344	16027.1946412
6884	410059.631838
284323	50703.779016
55210	130382.922959
219965	0
119772	0
NA	3897.73322452
79607	93547.1175653
92283	36401.249523
NA	472.164431263
NA	3999.7400169
100499483	923.14734265
23315	117013.643753
100506658	180001.079105
255119	129.692329266
121504	6420.37398678
1553	0
339318	37537.2983456
NA	3134.92050835
26494	0
55924	14978.6911895
51710	55623.2447432
8733	867589.139142
9719	21854.6410263
54557	27734.7316892
388536	35515.3232879
NA	0
5544	1047.55095681
81553	587478.113482
4641	887528.964199
259283	5829.31297141
NA	319.100137612
28512	91637.694572
219958	0
7367	139.807956296
644890	2682.98125654
116085	171.823151022
23303	263700.138109
4892	0
128	455622.665661
9356	0
85236	625729.406329
7004	57386.0586386
6687	117769.466756
388697	1840.72000819
3439	1762.93831447
388585	667.031681226
NA	17314.2292127
342926	38425.486939
30001	299614.229368
55552	25861.5154228
NA	78.2066052321
282890	36206.210828
84671	43504.6960147
79310	0
5336	17120.7118407
89848	77412.6530121
58491	30497.0776575
344752	0
6277	51022744.9016
6136	8474818.14171
26052	13815.4670754
7675	51100.02976
9019	246181.084097
23230	48583.7701595
4155	144730.383017
8227	188195.472816
54898	2179.493059
440295	2826.09367617
389170	3329.93943998
127687	313939.611854
NA	0
85028	45315.6212599
NA	0
NA	0
283420	101.745313674
3792	370.100847855
55035	93609.7048429
51135	105288.306376
115948	6173.71284518
9228	80.624097703
28977	57516.471275
57089	37081.7570361
2210	2918.40326861
30014	0
NA	0
63925	75326.8947371
147741	0
7278	0
6191	23648436.2923
10793	18828.4571489
7637	93031.7680611
84549	104024.274328
63934	59987.9282534
553	3960.3233093
140885	105598.345263
NA	0
2870	124153.766974
5557	46708.8227694
54708	301414.604942
23784	0
613037	55.8210544458
57016	1998.03526532
27233	3206.4168417
1549	0
7541	109386.28795
81870	0
23607	266250.802126
54830	42149.5902177
9814	52857.2838428
81871	0
389208	139.071420128
65251	95396.6858134
127	118.377955657
254879	0
57209	54737.7783045
NA	241.080220197
337876	16812.3150208
54863	228006.587479
1902	88601.5022633
4151	10313.3517724
391192	0
503614	0
245910	0
26275	173807.040805
27300	97255.277285
161145	58513.3677147
NA	80809.4262864
65124	114419.017563
54989	388883.271953
NA	1112.57136102
NA	12530.7118946
728741	2584.18799968
79366	83292.2681218
57708	123937.598595
10905	232376.99232
258010	427930.079282
90987	112707.15065
65992	894285.102909
442444	88.8015673477
7027	361715.061095
170482	374.443746263
84775	55074.3948479
51297	805.868062609
55713	30624.3167756
51170	190924.099174
23334	65696.4048246
6819	49854.6949133
7789	28240.323387
83694	8844.48221775
NA	209.208303478
777	147.061511847
NA	0
54870	335583.206186
NA	17457.2903396
1438	21835.4475366
NA	13424.8398617
11325	384777.993773
NA	2752.42772727
6147	4151915.39462
55315	83847.0089608
NA	0
6815	90415.9791285
59286	1018364.04973
NA	2164.71552352
9931	61217.6831584
89894	23407.8663971
85289	0
54963	184804.976094
NA	0
219968	0
NA	0
84433	215981.372301
220992	15506.3763158
5178	22816.1069509
55153	305935.77158
NA	328.114265793
7745	118455.538989
144717	233272.549275
100288797	74.6097444057
219844	19074.7187962
4635	31416.539832
79973	8752.54419165
126017	25996.6446191
3221	2877.17078206
340578	1839.14857638
415116	525187.480043
439	949715.023971
NA	135.946219675
444	143894.153639
NA	0
200734	348581.300306
11060	210820.240112
2673	646266.677529
7405	78035.3559135
140258	0
7574	12317.8495818
131920	0
50618	293183.005989
4914	666.62333615
NA	17929.1009523
10724	610854.181604
NA	0
NA	1564.79436227
4494	167249.689914
9747	85733.7616953
7620	27443.0473176
7296	163371.849524
441478	25264.7984661
147949	14591.1111311
85285	0
150160	0
NA	0
374900	24677.9339231
NA	296.913215978
158586	63554.7423724
147657	45754.8423124
84914	45512.7967703
7169	213175.765517
642946	2440.17752291
344892	0
83699	1212885.70144
388558	44369.7227427
148741	3453.83437677
192134	552.89627804
NA	0
51441	428159.782985
NA	77582.7433812
55319	106299.495315
3127	4821018.0624
51062	24109.6255349
1259	3811.20158773
7975	91061.6449231
339541	4127.33753481
7594	68759.4571008
11321	297202.678622
5350	10738.7322673
NA	160.875969655
145741	173301.47851
7576	92451.4396019
9358	136959.805096
118472	55457.685573
284805	1029.72030222
199692	146897.794209
283518	1786.96077063
11169	26695.9624915
NA	120.240631564
285989	23463.385848
1500	1104355.61415
7919	113757.12698
142680	756.529201633
343035	68.0687119613
64663	0
117157	622.912674781
23237	2718.37897237
NA	64231.7696354
131870	184746.676912
9874	211865.526986
987	275131.691093
339883	3213.85359952
9745	168.219861677
4326	20891.7721872
391194	0
11177	102263.345088
1109	0
10920	231300.841473
NA	864146.240133
26112	48736.107138
4194	51623.8973536
6262	408.366323377
147658	619.904811402
55958	247357.932242
131177	4780.66486654
23054	179717.507114
27347	192060.41459
6898	0
NA	4979.74062554
221477	550735.101401
801	1043035.43436
4018	0
NA	274.462311179
338811	2886.5546754
79490	0
9652	304842.765546
NA	0
286319	130614.901844
4100	0
9060	40467.0243091
23434	0
10479	127097.584811
22909	74634.6062901
24	6090.17845861
9086	0
4541	9209783.07839
55705	192482.595639
NA	0
257202	0
80184	44585.8581764
NA	2213.27077155
4513	40253022.1501
112770	327274.837766
23116	58534.0967826
28514	25833.6586919
124930	17696.356662
10455	204262.416326
10497	204321.207595
374877	698.031551026
4519	35700590.5922
8861	846580.671181
81706	993125.037951
9646	409311.04311
64093	8773.24525748
2153	14320.2762231
51734	155758.443156
NA	0
347731	0
22834	68326.9094887
57154	113774.249033
6526	693086.105443
NA	50962.6837692
63906	154391.402761
9578	580543.3152
5365	1036.03940783
64064	5883.95489233
4736	11162939.1658
23127	22549.5347
79574	0
25975	9913.27968745
4536	23752172.8074
6847	66.9389408084
164284	6850.69625725
92241	24274.6026335
9182	2759.69390395
26049	42752.9061923
91603	174926.831003
116443	1001.19092555
4540	9005019.97172
NA	0
4583	22.9242224068
29883	237362.621325
25829	455552.040494
2475	156128.674971
192683	102673.235946
25925	19131.6505452
115701	1693.45370454
57795	9255.76063207
4114	0
9860	46974.7886426
4512	41676659.1105
4860	301045.03705
5083	3849.29412065
376132	0
2710	13329.6803146
22887	188813.028183
140467	624627.738965
113402	280745.411342
919	12885.032577
2913	194.712421922
283489	163883.281895
22876	178416.42195
9824	20870.5786955
56670	9237.18958507
3151	1937533.048
140606	601171.84319
51465	432931.859429
57165	6343.59123322
4976	195546.664467
9909	121834.485822
6263	343.667707693
11179	176080.632487
4537	15010018.5684
112970	96737.2360003
92235	607.209602008
51714	712715.366367
22899	30771.4037122
9760	11809.254185
1066	61398.2563044
916	73003.6935785
9853	104561.735694
100129271	0
11153	63152.9609118
58505	699823.899202
NA	3591.28600104
91300	489533.2801
116461	255910.995748
26046	93500.3668205
146923	160054.511319
100129792	5585.87999562
NA	10754.8564899
169436	3820.8042793
2869	22234.8975888
55253	153924.390801
25853	230188.226831
57713	26286.8877554
142689	6082.45956643
114824	168.875327262
150771	4868.81508334
4538	62931363.7429
23137	191720.670596
4535	19810614.4021
139170	85.8607703214
55170	177381.130777
149345	353247.142029
85457	201897.06537
830	415667.224954
4508	42625049.6361
7150	1184363.46581
9055	30273.2177612
80823	38521.0191493
4215	175170.143333
3897	6767.60537037
6721	302677.269209
339448	109587.771963
5455	58.5327807351
221002	33518.3877464
51490	132135.108148
6170	1039729.89537
9666	94836.1764403
9851	79752.2379175
NA	1474.0158641
9937	77897.8931587
79065	198155.851433
9722	9715.49254394
158511	0
353	653558.84979
9737	266289.56815
9755	65878.5216344
57692	62955.907866
154467	134635.513635
4514	56171339.6792
80108	30236.5806276
134548	104721.688886
84456	70877.3018351
1756	34102.54785
9848	7308.52849215
4668	381742.267163
23381	599704.910584
26128	406286.361524
7052	491906.204295
54470	219681.662837
9867	1246184.20792
6096	2512.94269563
259230	617573.670124
343406	0
128368	0
406887	0
494324	0
407034	0
406882	0
554210	52478.5166073
NA	0
554213	0
442910	8889.21811919
406951	0
442908	0
406901	0
NA	0
442915	2639.82841115
NA	0
494326	0
406904	0
494330	0
442907	7848.13851964
406896	67011.0288985
NA	0
406885	0
442916	0
NA	3337.71408307
406895	0
407002	5279.65682231
NA	0
442904	0
494327	0
494323	0
442898	5185.37723619
442891	2569.74447103
NA	0
442897	0
406888	2639.82841115
407015	0
406918	0
442890	0
442909	0
NA	10464.1846929
494328	0
442900	0
NA	0
407032	7709.2334131
442917	0
442895	0
442911	0
NA	0
693121	0
407017	0
442892	0
494332	0
NA	0
NA	0
406886	27655.3452597
406893	0
442918	0
NA	0
406890	0
442905	0
407033	0
NA	0
NA	0
NA	0
406913	3416.24853208
406881	6312.63315711
NA	0
NA	0
442903	23544.4155589
407035	0
406891	13443.5706124
NA	0
NA	0
NA	0
NA	0
NA	0
NA	0
NA	0
NA	0
NA	0
NA	0
NA	0
NA	0
NA	0
NA	0
NA	0
NA	5638.46845101
NA	0
NA	2639.82841115
NA	0
NA	0
NA	0
NA	0
NA	0
NA	0
NA	0
NA	0
NA	4334.04664518
NA	0
NA	0
NA	0
NA	0
NA	0
NA	0
NA	0
NA	0
NA	0
NA	0
NA	0
NA	0
NA	0
NA	0
NA	0
NA	0
NA	0
NA	0
NA	0
NA	0
NA	0
NA	0
NA	0
NA	0
NA	0
NA	0
NA	4572.93110593
NA	0
NA	0
NA	5693.74755347
NA	17598.8560744
NA	0
NA	0
NA	0
NA	0
NA	0
NA	0
NA	0
NA	0
NA	0
NA	0
NA	0
NA	0
NA	0
NA	0
NA	0
NA	0
NA	0
NA	0
NA	0
NA	0
NA	0
NA	0
NA	0
NA	0
NA	0
NA	0
NA	0
NA	0
NA	0
NA	0
NA	0
NA	0
NA	0
NA	0
NA	0
NA	0
NA	0
NA	0
NA	885.308308618
NA	0
NA	0
NA	0
NA	5584.25240821
NA	2569.74447103
NA	0
NA	0
NA	0
NA	0
NA	0
NA	0
NA	0
NA	0
NA	0
NA	0
NA	0
NA	0
NA	0
NA	0
NA	0
NA	2199.85700929
NA	5750.12129162
NA	0
NA	2304.61210498
NA	0
NA	0
NA	18820.9988573
NA	13402.2057797
NA	0
NA	0
NA	0
NA	0
NA	0
NA	0
NA	0
NA	0
NA	1678.50361403
NA	0
NA	0
NA	4880.35504583
NA	0
NA	0
NA	0
NA	0
NA	0
NA	0
NA	2399.84401014
NA	0
NA	0
NA	0
NA	2713.84229184
NA	0
NA	0
NA	0
NA	7709.2334131
NA	0
NA	0
NA	0
NA	2713.84229184
NA	0
NA	0
NA	0
NA	0
NA	2503.2855623
NA	2739.44457761
NA	0
NA	0
NA	0
NA	0
NA	0
NA	0
NA	0
NA	0
NA	0
NA	0
NA	0
NA	0
NA	0
NA	0
NA	0
NA	2713.84229184
NA	0
NA	0
NA	0
NA	0
NA	0
NA	0
NA	0
NA	0
NA	0
NA	0
NA	0
NA	0
NA	0
NA	0
NA	0
NA	0
NA	0
NA	0
NA	0
NA	0
NA	0
NA	0
NA	0
NA	0
NA	0
NA	0
NA	2569.74447103
NA	0
NA	0
NA	4033.07118371
NA	921.84484199
NA	0
NA	5478.88915522
NA	0
NA	0
NA	0
NA	0
NA	0
NA	0
NA	8296.60357791
NA	0
NA	0
NA	0
NA	0
NA	0
NA	2903.81125227
NA	1879.48948367
NA	0
NA	1916.70709721
NA	0
NA	0
NA	0
NA	0
NA	0
NA	0
NA	0
NA	0
NA	74669.4322012
NA	0
NA	0
NA	0
NA	0
NA	0
NA	0
NA	0
NA	0
NA	0
NA	0
NA	0
NA	0
NA	0
NA	0
NA	0
NA	0
NA	0
NA	0
NA	0
NA	0
NA	0
NA	0
NA	0
NA	0
NA	0
NA	7259.52813067
NA	0
NA	0
NA	0
NA	0
NA	0
NA	0
NA	2713.84229184
NA	0
NA	0
NA	0
NA	0
NA	0
NA	2304.61210498
NA	4880.35504583
NA	0
NA	0
NA	0
NA	1897.91585116
NA	0
NA	2765.53452597
NA	0
NA	2688.71412247
NA	0
NA	0
NA	0
NA	0
NA	0
NA	0
NA	0
NA	0
NA	0
NA	0
NA	2569.74447103
NA	0
NA	1849.56130718
NA	2875.06064581
NA	0
NA	0
NA	0
NA	0
NA	0
NA	0
NA	0
NA	0
NA	0
NA	2933.14267906
NA	0
NA	0
NA	0
NA	0
NA	10278.9778841
NA	0
NA	0
NA	0
NA	0
NA	0
NA	0
NA	0
NA	0
NA	0
NA	0
NA	0
NA	7848.13851964
NA	0
NA	0
NA	0
NA	0
NA	0
NA	0
NA	0
NA	0
NA	4239.14051426
NA	0
NA	6913.83631493
NA	0
NA	0
NA	0
NA	0
NA	0
NA	0
NA	0
NA	0
NA	0
NA	0
NA	0
56664	0
NA	2323.04900181
NA	0
NA	0
NA	0
NA	0
NA	0
NA	0
NA	0
NA	0
NA	0
NA	27921.262041
NA	0
NA	2440.17752291
NA	0
NA	0
NA	0
NA	0
NA	0
NA	0
NA	0
NA	0
NA	0
NA	0
NA	0
NA	0
NA	0
NA	0
NA	0
NA	0
NA	0
NA	0
NA	0
NA	0
NA	0
NA	0
NA	217785.84392
NA	0
NA	32264.5694697
NA	879.942803718
NA	2713.84229184
NA	0
NA	0
NA	0
NA	0
NA	0
NA	0
NA	0
NA	0
NA	0
NA	2440.17752291
NA	0
NA	2846.87377673
NA	0
NA	0
NA	0
NA	0
NA	0
NA	0
NA	0
NA	0
NA	0
NA	0
NA	2792.1262041
NA	0
NA	2503.2855623
NA	0
NA	0
NA	0
NA	2875.06064581
NA	0
NA	0
NA	14375.3032291
NA	0
NA	0
NA	0
NA	0
NA	2569.74447103
NA	0
NA	0
NA	0
NA	0
NA	0
NA	0
NA	0
NA	0
NA	0
NA	0
NA	3122.37769061
NA	0
NA	0
NA	0
NA	0
NA	0
NA	0
NA	0
NA	0
NA	0
NA	2592.6886181
NA	0
NA	0
NA	0
NA	0
NA	0
NA	0
NA	0
NA	0
NA	0
NA	0
NA	0
NA	0
NA	13960.6310205
NA	0
NA	0
NA	0
NA	0
NA	0
NA	0
NA	0
NA	0
NA	0
NA	3156.31657855
NA	0
NA	0
NA	0
NA	0
NA	0
NA	0
NA	0
NA	0
NA	0
NA	0
NA	0
NA	0
NA	2460.85699345
NA	0
NA	0
NA	0
NA	0
NA	0
NA	1855.47044873
NA	0
NA	0
NA	0
NA	0
NA	0
NA	0
NA	0
NA	0
NA	0
NA	0
NA	0
NA	0
NA	0
NA	0
NA	5638.46845101
NA	2713.84229184
NA	0
NA	0
NA	2167.02332259
NA	0
NA	8141.52687552
NA	0
NA	0
NA	0
NA	0
NA	0
NA	0
NA	0
NA	0
NA	0
NA	2616.04617321
NA	0
NA	0
NA	0
NA	0
NA	0
NA	0
NA	0
NA	0
NA	2216.64981089
NA	2846.87377673
NA	0
NA	8141.52687552
NA	0
NA	0
NA	0
NA	0
NA	0
NA	0
NA	0
NA	0
NA	0
NA	0
NA	0
NA	9927.55983682
NA	0
NA	0
NA	1910.40213965
NA	0
NA	2713.84229184
NA	0
NA	0
NA	0
NA	0
NA	0
NA	0
NA	2713.84229184
727676	0
NA	2688.71412247
NA	0
NA	0
NA	0
NA	2399.84401014
NA	0
NA	0
NA	0
NA	0
NA	0
NA	0
NA	0
NA	0
NA	4373.20971727
NA	0
NA	0
NA	0
NA	0
NA	2875.06064581
NA	0
NA	0
NA	0
NA	0
NA	0
NA	0
NA	0
NA	0
NA	0
NA	0
NA	0
NA	0
NA	31271.813486
NA	0
NA	0
NA	0
NA	0
NA	0
NA	0
NA	43019.4259595
NA	0
NA	0
NA	0
NA	0
NA	0
NA	0
NA	0
NA	0
NA	3541.23323447
NA	0
NA	0
NA	0
NA	0
NA	0
NA	2846.87377673
NA	0
NA	0
NA	0
NA	0
NA	0
NA	0
NA	0
NA	0
NA	0
NA	0
NA	0
NA	0
NA	0
NA	0
NA	0
NA	0
NA	0
NA	0
NA	0
NA	0
NA	0
NA	0
NA	0
NA	0
NA	0
NA	0
NA	0
NA	0
NA	0
NA	0
NA	0
NA	0
NA	0
NA	0
NA	0
NA	0
NA	0
NA	0
NA	0
NA	0
NA	0
NA	0
NA	0
NA	0
NA	0
NA	0
NA	0
NA	2639.82841115
NA	0
NA	28468.7377673
NA	0
NA	0
NA	0
NA	0
NA	0
NA	0
NA	0
NA	0
NA	22585.1986288
NA	0
NA	2616.04617321
NA	0
NA	0
NA	0
NA	0
NA	0
NA	0
NA	5139.48894207
NA	0
NA	2525.05326284
NA	0
NA	0
NA	2616.04617321
NA	0
NA	0
NA	0
NA	0
NA	0
NA	0
NA	2713.84229184
NA	0
NA	0
NA	0
NA	9468.94973566
NA	0
NA	0
NA	879.942803718
NA	0
NA	0
NA	0
NA	0
NA	0
NA	0
NA	0
NA	121506.995662
NA	0
NA	2765.53452597
NA	0
NA	0
NA	0
NA	0
NA	0
NA	0
NA	0
NA	2199.85700929
NA	0
NA	0
NA	0
NA	0
NA	0
NA	0
NA	0
NA	0
NA	0
NA	0
NA	0
NA	0
NA	0
NA	2846.87377673
NA	0
NA	0
NA	0
NA	0
NA	0
NA	0
NA	0
NA	0
NA	0
NA	0
NA	0
NA	0
NA	0
NA	6832.49706416
NA	0
NA	0
NA	0
NA	0
NA	0
NA	0
NA	0
NA	0
NA	0
NA	0
NA	0
NA	0
NA	0
NA	0
NA	0
NA	0
NA	0
NA	2688.71412247
NA	0
NA	0
NA	8141.52687552
NA	0
NA	0
NA	0
NA	0
NA	0
NA	7919.48523346
NA	0
NA	0
NA	0
NA	0
NA	0
NA	0
NA	0
NA	0
NA	0
NA	0
NA	0
NA	6382.00275224
NA	0
NA	0
NA	0
NA	0
NA	0
NA	0
NA	0
NA	0
NA	0
NA	0
NA	0
NA	0
NA	0
NA	0
NA	0
NA	0
NA	0
NA	0
NA	0
NA	0
NA	0
NA	0
NA	0
NA	0
NA	0
NA	3584.95216329
NA	0
NA	0
NA	0
NA	2460.85699345
NA	0
NA	0
NA	0
NA	0
NA	0
NA	0
NA	0
NA	0
NA	0
NA	5185.37723619
NA	0
NA	0
NA	0
NA	0
NA	0
NA	0
NA	0
NA	2440.17752291
NA	0
NA	0
NA	0
NA	0
NA	2569.74447103
NA	0
NA	0
NA	0
NA	2713.84229184
NA	0
NA	0
NA	0
NA	0
NA	2135.15533255
NA	0
NA	5693.74755347
NA	0
NA	0
NA	0
NA	0
NA	0
NA	0
NA	0
NA	12099.2135511
NA	0
NA	0
NA	0
NA	0
NA	0
NA	0
NA	0
NA	0
NA	0
NA	0
NA	0
NA	0
NA	0
NA	0
NA	0
NA	1803.60947346
NA	2059.44060445
NA	7320.53256874
NA	0
NA	0
NA	0
NA	0
NA	12736.0142643
NA	2993.6198477
NA	0
NA	0
NA	0
NA	2569.74447103
NA	0
NA	0
NA	0
NA	0
NA	0
NA	0
NA	0
NA	0
NA	0
NA	0
NA	0
NA	0
NA	0
NA	0
NA	0
NA	0
NA	0
114655	8066.14236741
NA	0
NA	0
NA	0
NA	0
NA	0
NA	0
NA	0
NA	0
NA	0
NA	0
NA	0
NA	0
NA	0
NA	0
NA	0
NA	0
NA	0
NA	0
NA	0
NA	24570.7105961
NA	0
NA	0
NA	0
NA	0
NA	0
NA	0
NA	0
NA	0
NA	0
NA	0
NA	0
NA	0
NA	0
NA	0
NA	0
NA	0
NA	0
NA	0
NA	0
NA	0
NA	0
NA	0
NA	0
NA	0
NA	0
NA	0
NA	0
NA	0
NA	0
NA	0
NA	0
NA	0
NA	0
NA	0
NA	0
NA	0
NA	0
NA	0
NA	0
NA	0
NA	0
NA	0
NA	0
NA	0
NA	2183.31673103
NA	0
NA	0
NA	0
NA	0
NA	0
NA	0
NA	0
NA	0
NA	0
NA	0
NA	0
NA	0
NA	0
NA	0
NA	0
NA	0
NA	0
NA	1826.29638507
NA	0
NA	0
NA	0
NA	0
NA	0
NA	0
NA	29530.2839214
NA	0
NA	0
NA	0
NA	0
NA	0
NA	2251.01647463
NA	8980.8595431
NA	0
NA	6452.91389393
NA	0
NA	0
NA	0
NA	0
NA	0
NA	5139.48894207
NA	0
NA	0
NA	0
NA	0
NA	0
NA	0
NA	0
NA	0
NA	0
NA	0
NA	0
NA	0
NA	10855.3691674
NA	0
NA	0
NA	0
NA	0
NA	2846.87377673
NA	4334.04664518
NA	0
NA	0
NA	0
NA	0
NA	0
NA	0
NA	0
NA	0
NA	0
NA	964.721346269
NA	0
NA	0
NA	0
NA	6452.91389393
NA	0
NA	0
NA	0
NA	0
NA	2713.84229184
NA	0
NA	3262.70927221
NA	0
NA	0
NA	0
NA	0
NA	0
NA	0
NA	0
NA	0
NA	0
NA	0
NA	0
NA	1718.23151022
NA	13960.6310205
NA	0
NA	0
NA	0
NA	0
NA	0
NA	0
NA	0
NA	0
NA	2460.85699345
NA	0
NA	0
NA	0
NA	0
NA	0
NA	0
NA	0
NA	0
NA	0
NA	0
NA	0
NA	0
NA	0
NA	2059.44060445
NA	0
NA	0
NA	0
NA	0
NA	0
NA	0
NA	0
NA	0
NA	0
NA	0
NA	0
NA	0
NA	0
NA	4301.94259595
NA	0
NA	0
NA	0
NA	0
NA	0
NA	1861.4174694
NA	0
NA	0
NA	0
NA	0
NA	0
NA	0
NA	0
NA	0
NA	0
NA	0
NA	0
NA	0
NA	0
NA	0
NA	2953.02839214
NA	0
NA	0
NA	0
NA	0
NA	0
NA	0
NA	0
NA	0
NA	0
NA	0
NA	0
NA	0
NA	0
NA	0
NA	854.06213302
NA	3089.16090667
NA	9468.94973566
NA	0
NA	0
NA	2481.8899592
NA	0
NA	4839.68542045
NA	0
NA	0
NA	0
NA	0
NA	0
NA	2739.44457761
NA	0
NA	0
NA	0
NA	0
NA	0
NA	0
NA	0
NA	0
NA	0
NA	12717.4215428
NA	0
NA	0
NA	0
NA	0
NA	0
NA	3820.8042793
NA	0
NA	0
NA	0
NA	0
NA	0
NA	971.174331862
NA	0
NA	0
NA	0
NA	0
NA	0
NA	0
NA	0
NA	0
NA	0
NA	0
NA	0
NA	2819.2342255
NA	0
NA	0
NA	3024.80338778
NA	12764.0055045
NA	0
NA	3156.31657855
NA	9074.41016334
NA	0
NA	0
NA	0
NA	0
NA	0
NA	0
NA	0
NA	0
NA	0
NA	0
NA	0
NA	0
NA	0
NA	0
NA	0
NA	0
NA	0
NA	0
NA	0
NA	0
NA	0
NA	8296.60357791
NA	0
NA	0
NA	0
NA	0
NA	0
NA	0
NA	0
NA	5531.06905194
NA	0
NA	0
NA	0
NA	0
NA	879.942803718
NA	0
NA	0
NA	0
NA	0
NA	0
NA	0
NA	0
NA	0
NA	2569.74447103
NA	0
NA	0
NA	0
NA	0
NA	4399.71401859
NA	0
NA	0
NA	0
NA	0
NA	0
NA	0
NA	0
NA	0
NA	0
NA	0
NA	0
NA	3541.23323447
NA	0
NA	0
NA	0
NA	7848.13851964
NA	0
NA	0
NA	9573.00412836
NA	0
NA	0
NA	0
NA	0
NA	0
NA	0
NA	0
NA	0
NA	0
NA	0
NA	0
NA	0
NA	0
NA	0
NA	0
NA	0
NA	0
NA	0
NA	0
NA	0
NA	0
NA	0
NA	0
NA	0
NA	0
NA	0
NA	0
NA	0
NA	7182.57200208
NA	0
NA	0
NA	0
NA	0
NA	0
NA	0
NA	0
NA	0
NA	27138.4229184
NA	5427.68458368
NA	0
NA	0
NA	0
NA	0
NA	0
NA	0
NA	0
NA	0
NA	0
NA	0
NA	0
NA	0
NA	0
NA	0
NA	0
NA	0
NA	0
NA	0
NA	0
NA	0
NA	0
NA	0
NA	0
NA	0
NA	0
NA	0
NA	0
NA	0
NA	0
NA	0
NA	0
NA	0
NA	0
NA	0
NA	0
NA	0
NA	0
NA	0
NA	0
NA	0
NA	0
NA	0
NA	3507382.89624
NA	0
NA	0
NA	0
NA	0
NA	0
NA	0
NA	0
NA	0
NA	0
NA	0
NA	0
NA	2819.2342255
NA	0
NA	0
NA	0
NA	0
NA	0
NA	0
NA	0
NA	0
NA	0
NA	0
NA	0
NA	0
NA	2592.6886181
NA	0
NA	0
NA	0
NA	0
NA	0
NA	0
NA	0
NA	0
NA	0
NA	0
NA	0
NA	0
NA	0
NA	0
NA	0
NA	0
NA	0
NA	2963.0727064
NA	0
NA	0
NA	0
NA	2233.70096328
NA	0
NA	0
NA	2846.87377673
NA	0
NA	0
NA	0
NA	0
NA	0
NA	0
NA	0
NA	23866.9417995
NA	0
NA	2616.04617321
NA	0
NA	0
NA	0
NA	0
NA	0
NA	0
NA	0
NA	0
NA	24424.5806266
NA	0
NA	0
NA	73133.0241312
NA	0
NA	0
NA	0
NA	0
NA	0
NA	2846.87377673
NA	0
NA	2664.04702043
NA	10855.3691674
NA	0
NA	0
NA	0
NA	0
NA	0
NA	0
NA	0
NA	0
NA	0
NA	14234.3688837
NA	0
NA	0
NA	0
NA	0
NA	0
NA	0
NA	0
NA	0
NA	2569.74447103
NA	0
NA	0
NA	0
NA	0
NA	5584.25240821
NA	0
NA	0
NA	0
NA	0
NA	1820.57131804
NA	0
NA	0
NA	0
NA	0
NA	0
NA	0
NA	0
NA	0
NA	0
NA	0
NA	0
NA	0
NA	24198.4271022
NA	0
NA	0
NA	0
NA	0
NA	5139.48894207
NA	0
NA	0
NA	0
NA	0
NA	0
NA	0
NA	14641.0651375
NA	0
NA	0
NA	0
NA	0
NA	0
NA	0
NA	0
NA	0
NA	0
NA	0
NA	2481.8899592
NA	0
NA	2688.71412247
NA	0
NA	0
NA	2688.71412247
NA	0
NA	2167.02332259
NA	0
NA	2569.74447103
NA	0
NA	0
NA	0
NA	0
NA	0
NA	10464.1846929
NA	0
NA	0
NA	0
NA	518979.03232
NA	2547.20285287
664612	0
693122	10370.7544724
574447	81834.6807458
693167	0
574441	0
NA	513.040857291
NA	0
NA	0
NA	2882.19479133
NA	8799.42803718
NA	2059.44060445
NA	26976.6864803
NA	488.857113177
NA	403.868046213
NA	1861.4174694
170958	23415.8825478
NA	951.029886114
NA	0
NA	0
NA	859.115755109
NA	7039.54242974
NA	0
NA	10623.6997034
NA	0
NA	4214.1478491
NA	0
NA	0
NA	1138.74951069
NA	0
NA	0
NA	0
NA	532.809404086
NA	399.698727084
NA	1356.92114592
NA	0
NA	408.412271768
NA	1033.38478728
NA	0
NA	999.017632661
NA	655.857990349
NA	0
NA	0
NA	0
64423	527968.464512
NA	329.978551394
NA	0
NA	399.423831124
NA	89950.9655266
NA	0
NA	58453.9273451
NA	378.264600817
NA	0
NA	0
NA	148.837070849
NA	0
NA	1576.01696188
NA	0
NA	0
NA	0
NA	0
NA	13857.9433668
NA	5893.34386992
NA	923.310414076
NA	1028.80823818
NA	705.664945873
NA	0
2812	0
NA	0
NA	0
NA	0
NA	152529.865779
NA	851.557551985
NA	0
NA	0
NA	4366.63346206
401993	0
26246	0
441932	0
84288	23211.5968579
116228	18387.6205941
1122	56164.419389
NA	1812.05070344
375057	409.984902772
NA	794.94246249
NA	0
388743	16331.1418656
128387	87390.3069585
NA	53506.482238
NA	5902.28173999
1378	379.914250188
100130967	1352.18218965
NA	0
353091	91452.4674335
388722	49901.8300308
389432	1883.80160353
NA	0
127670	0
100126572	0
345930	8163.82921269
9293	0
NA	4835.44380308
149281	2170.6230291
2214	293503.502917
253582	866.809329035
391114	291.547314485
NA	0
387103	39082.7426406
NA	13423.1181351
503542	12718.0991548
619208	112703.960125
92565	130688.668357
NA	0
4014	0
574414	472.548617131
149018	0
6704	0
448834	0
399818	57870.0372641
118670	0
8528	100883.583412
NA	215.977036242
387111	263.10582171
NA	553.739750623
196051	42947.1244033
NA	371.17314686
NA	0
126961	0
8337	528.927368355
440689	1635.43812706
NA	111.943379039
119548	0
333932	0
NA	518.537723619
3283	0
NA	0
3284	0
NA	752.282707842
NA	15475.967211
282996	747.12124844
100132963	0
206412	2013.7387325
NA	1726697.2135
NA	644.789886148
134701	0
NA	2456.51991732
2664	491703.199109
55251	213633.737619
54345	44086.8339266
54923	6832.49706416
NA	0
NA	0
441161	395.884287971
154288	0
340168	0
388649	273.686263173
NA	3150.27385377
494118	0
728712	0
NA	675.753948334
347487	0
414157	0
148418	42947.8306775
26071	694848.747875
347475	162.224092306
400757	0
84455	26625.0575901
245913	0
NA	0
389396	0
388633	122.265736938
NA	0
727940	0
NA	88561.9854064
440590	11877.5406995
NA	2408.60256492
138307	3536.57064957
NA	2519.3383177
284546	0
360203	0
439996	294.5041838
NA	864.229539366
203413	0
643418	970.362991568
643414	0
142910	0
100329135	197.202801512
NA	0
340745	0
NA	129.403353488
NA	302.165582962
221424	11363.3349334
NA	0
NA	140530.617917
NA	2665.21137665
100132074	56308.2665682
340543	994.455908311
90196	218177.481043
158931	211.186272892
NA	2748.87467943
3633	65880.4210201
29935	186.14174694
732253	0
NA	0
129807	0
9935	212757.877192
26146	216606.58334
NA	0
NA	237.045816512
53344	68253.5834047
NA	0
NA	284.130259517
26058	222504.320761
NA	0
257407	226.212250242
55680	48497.9659805
340527	49126.8218395
392490	49126.8218395
2681	27418.7909845
65979	153519.009401
340204	0
653308	20014.6656283
NA	0
414189	20951.5495417
100652748	39908.4007184
84243	207102.211645
170371	21762.7377383
158830	1287.15037778
642517	6525.41854442
NA	2813.02719286
5540	148.456607989
9721	66840.7773007
83849	121.702064219
399761	6939.60593066
55219	228714.362016
26095	128.886429306
NA	334.926326675
57683	41338.5895874
NA	2006.08722091
255220	0
NA	583.09462897
158833	404.994595853
NA	0
1616	329611.108029
113523636	329611.108029
659	239888.55254
6920	540612.826027
10471	212992.04783
6015	939186.477631
7923	574562.824211
6257	358457.720656
339229	166787.658802
100128239	504.133897963
138803	0
1302	1895.66313204
NA	0
3111	1009385.63619
NA	323341.525366
6046	841341.414757
3108	1320351.7462
100507463	79776.6699752
1290	762067.849603
5696	1140969.1072
6891	70164.0778326
169981	23131.1697413
550643	526636.272239
NA	0
283999	0
139793	0
NA	123619.770258
NA	0
3122	20821007.2595
56244	395.614612026
1306	108025.444903
10665	0
338661	0
4855	33154.923305
5089	433833.679264
177	63472.8121584
6048	965061.209901
10554	506947.384416
494513	5554.70609917
80863	4088.91516395
63943	106652.993206
64978	35197.7121487
643008	55272.8583097
285141	43484.6942935
389058	845.770267651
NA	7219.01326033
8859	68519.3702167
100131439	0
388419	160.875969655
1797	117181.589802
6499	261630.002136
445577	251.630091184
7936	569014.577127
120406	0
400743	869.404566547
494197	0
221527	66748.9413188
NA	1330.49771009
6392	548124.754514
10919	230464.372265
653220	0
NA	1137.00474638
143903	37960.1280115
653067	205.361474701
80736	12842.6202608
4758	978395.301029
50854	2341913.29479
3304	754576.259961
3303	116246.008246
3305	42233.1039048
57819	563236.927204
NA	0
7407	329872.194223
80737	94266.110196
114769	20299.1544886
NA	0
NA	0
100506742	1788.46157755
55777	29094.7643587
4439	4285.38073803
1444	0
80739	1977.39955892
80740	17112.2149952
NA	249.040416147
259215	0
7920	43630.5856349
80741	8087.68490712
NA	2248.11193724
NA	1404.37300147
1460	364436.727569
NA	0
7918	143791.333835
57827	314784.872317
728215	5088.41440183
55937	20116.7646995
401535	0
642612	0
120146	107.908259096
NA	0
NA	0
NA	0
7917	1382071.97323
NA	0
7916	910009.527384
NA	0
199	226888.70051
259197	2156.29548436
645425	0
391004	184.018457051
645414	0
729528	0
7940	71545.0207705
4795	331351.143457
653619	0
343070	0
441871	0
401250	0
730051	20073.1714343
4277	21897.9333177
343066	368.737936796
90233	40698.9897324
100507436	174155.653898
390980	24169.653705
3107	9631483.42726
NA	6855.54089912
NA	276.817087919
5460	1108.70960691
649137	153.478395997
54535	113389.090582
170680	757.515978853
1041	5347.92824673
170679	13964.0119033
29113	0
394263	132290.689268
NA	0
245934	0
NA	0
NA	7403.48477916
8449	279875.820048
221545	158352.313332
28973	893598.695746
5514	350016.443562
440051	0
387273	874.203086483
23	425010.623259
80742	71425.2101995
102725035	3419.90618576
107987462	3419.90618576
11025	3419.90618576
107987425	3419.90618576
780	1314132.16527
NA	1353.75815957
100507055	4155.15093885
729220	1797.59744188
NA	14364.8325985
2794	352279.391916
3133	6019234.69932
503834	0
56658	101214.244548
NA	1360.0989472
90333	97765.1279404
162967	97765.1279404
89870	0
90317	46308.9915512
442425	0
10107	81.8897702275
135644	116.292000491
11074	2875.06064581
80352	37515.2405665
6992	673551.491021
NA	13223.1842089
NA	52247.2771216
NA	4104.22820137
57540	567.335314673
NA	1244.49053669
10399	4737429.89677
3135	156802.513452
11138	22633.3547026
NA	0
129521	0
3134	329169.94435
346171	0
NA	0
NA	27901.8677863
NA	8344.28520767
554235	1932.36078493
4340	0
7932	0
NA	0
646019	3329.21035292
285679	88.4229979375
NA	0
NA	0
NA	761.655410431
138240	0
NA	0
386653	0
84335	184797.191599
653316	338.83445184
2550	41997.2701774
399726	58672.1137001
NA	472.933428708
NA	0
NA	21633.3320199
116511	0
26716	0
26531	0
442191	0
NA	0
NA	0
26707	0
442186	310.2362449
442185	0
442184	0
26692	0
NA	0
NA	2561.66679119
NA	1246.27092372
387778	293.018289835
138255	0
5987	187333.277882
NA	409.564351519
340895	2164.51680544
NA	8059.80604191
NA	0
NA	4909.32118189
64901	10935.8487987
100131897	0
NA	0
NA	4876.62958396
653427	186.800337875
NA	0
NA	0
NA	211516.664433
NA	752.282707842
NA	479.176774302
NA	17801.1417764
NA	0
NA	0
NA	0
NA	0
83538	24624.3194192
NA	0
NA	3500.67661515
116540	23550.2549477
NA	143.610843337
NA	97752.0619576
642475	50790.3465404
6311	77862.9070443
1639	360201.665922
647060	0
NA	0
57469	8860.15783475
79600	93538.6987456
29902	20990.1358228
3104	91570.3304069
NA	9963.68820638
147920	69423.3522801
444882	2572.50392818
51471	3416.24853208
83900	0
389602	0
728224	0
2843	1341.69496804
728255	0
125115	0
NA	0
147183	0
440145	181503.991714
NA	6549.95019309
643394	2416.9653705
100505591	0
NA	309.905149655
729233	0
122183	0
7711	24716.8647414
790955	87671.3655814
554251	10813.6988039
643226	0
101927533	710.943995387
392307	1694.68811982
NA	1863.40829023
NA	11470.5397385
57126	50390.0073364
5673	682.811538584
100289678	45331.5761951
155054	35519.9043877
NA	646.72856398
390205	9422.01037239
494188	252.2859472
728568	41174.843015
56114	4226.59667237
NA	11276.936902
NA	0
9752	749.370645747
56140	900.488713764
56141	1103.72922512
56143	326.546106524
56144	1188.31561663
56146	1438.95503086
56147	1297.50279369
NA	0
10206	93187.9031823
100170765	306.956791995
503497	225.276280238
NA	0
5644	108282.437855
NA	624.475538122
NA	201.793693695
84501	16858.490405
NA	0
441376	8066.14236741
NA	0
100129697	0
390748	0
NA	0
390144	0
26338	0
NA	0
NA	562.131603039
93035	253.829654919
NA	2582.04830913
NA	0
100506736	2112.52117708
400952	140.586359345
NA	54.6548325291
574016	1269.88830274
84912	55020.8715263
3963	0
653499	0
100130958	104107.702453
79583	82117.7546153
346653	939.104915627
400950	215.736348608
645121	10469.1487273
339453	18727.4783661
448831	0
NA	1563.99169781
NA	9074.41016334
374387	2684.57126558
259308	0
344387	0
643965	5902.05539079
390110	0
441054	13604.9721922
286144	136035.179129
644096	197053.619447
138715	2057.98104342
55851	386545.281061
154907	0
NA	0
100131378	325.904742118
NA	42445.2868142
NA	0
646480	0
65986	111934.306103
201725	39392.1848163
284402	4661.63679294
339184	169.022773706
55366	160763.051979
NA	0
5699	202467.573553
5212	0
NA	164.428723232
NA	0
441273	0
NA	304.382730846
1874	310566.747835
NA	0
NA	0
5150	145405.659743
100113407	18196.5689571
NA	0
10071	67.8064507243
613212	0
NA	0
NA	0
152586	0
6643	746226.248467
100316904	2510.49964173
56953	18065.5264037
NA	0
NA	0
84324	13339.0622896
NA	0
403284	0
403282	0
254786	0
390321	0
NA	0
NA	0
NA	1726.04165345
9289	2993148.97228
10527	1084209.77481
54458	648320.717282
25851	85839.5561006
4496	7631.03925216
133482	0
NA	0
NA	42568.9607662
4489	4862.84181002
388135	1943.82618439
4499	4315.64305008
NA	0
3426	1021167.37896
390078	0
NA	1216.25602189
54809	68285.1019498
NA	117.610824312
3853	1685.95598663
255919	44620.555863
NA	0
3887	14451.3157189
NA	0
91828	417.214260383
386683	0
100129669	0
NA	0
386679	252.72508723
NA	181.148549736
NA	0
729264	1291.90781244
102723713	1291.90781244
102724127	1291.90781244
102723655	1291.90781244
102724101	1291.90781244
102723713	0
653550	0
102724101	0
102724127	0
102723655	0
92270	16529.6980122
317762	49442.5080548
NA	4075.52456459
NA	15872.9232439
NA	244.171641982
NA	0
119679	0
401667	0
401666	0
NA	113.297356702
388125	52779.8498671
57139	304706.949441
4676	612313.27656
NA	6535.46716336
NA	1128.13179964
7114	12288316.0982
254863	644013.584662
100129385	1918.81800811
NA	13062.1267403
1375	6654.27249423
NA	1542.05662906
6606	21398.5424058
6607	21398.5424058
8293	3902.20456713
728492	3902.20456713
NA	1634.63440015
NA	11874.3211059
3150	689413.283001
NA	2634.78575898
NA	0
283463	39.3870634421
414918	57489.1022985
NA	0
728689	6763.97315313
107985433	1221.5552143
NA	36.9441635149
NA	0
NA	0
51451	464320.087805
NA	0
NA	67.3113410354
NA	0
388931	2878.94761379
425054	247.132872533
150383	69807.3328476
NA	667.542816613
3347	0
NA	0
91750	67797.5433222
347527	3716.8784029
641372	736.384932951
54065	138.276726299
253017	48.2120413792
NA	0
8110	1095.936893
100287284	0
NA	0
NA	0
1564	2312.77002393
NA	1336.40228573
144363	175688.823535
100130311	79156.1224577
NA	2911.08897471
653656	0
6453	39094.9022744
162073	225045.372051
NA	760.466282826
79958	146531.166906
NA	0
NA	2219.25610109
338821	0
64109	7656.81573981
9946	69339.8348243
NA	52078.1222493
285636	162492.524849
NA	827.296653068
NA	9543.73634504
2543	0
645432	1240.9449796
NA	70.7039506274
100131094	472.779428894
NA	12822.0237113
NA	540.076488333
192668	21317.0548551
403313	118263.236803
3822	2905.74841788
3823	252.945231034
NA	159.901500676
NA	0
342346	2430.60319311
647309	305.342928735
NA	0
153657	1895.70331228
93978	172.640383607
NA	3017.81769866
NA	973.344553833
150297	0
360030	0
100506049	0
542767	3871.74833636
387911	356.514579775
440023	0
NA	0
NA	0
440021	0
387264	2157.82152504
NA	37764.2119929
NA	119.843634019
613211	0
613209	0
613210	0
NA	7290.50084669
NA	5217.56350457
NA	0
NA	2529.45231034
727857	0
100131017	240160.331757
NA	1040.97023383
57135	0
NA	1640.20066215
390874	104.729908113
752014	0
10215	0
56245	352.233291153
NA	8618.61787203
NA	0
10921	249473.320473
NA	4925.99559976
57055	0
57135	0
57054	0
NA	0
NA	397.419423212
NA	6971.2125499
NA	0
NA	0
57523	178864.552308
131118	127618.69865
NA	0
387733	0
NA	0
284274	0
NA	0
641517	0
NA	0
644041	0
1667	0
220164	1670.45709622
90861	418884.517473
NA	0
NA	0
255349	1528.32171172
89778	0
6318	144.252918642
5268	0
653082	2639.82841115
NA	2183.31673103
728299	0
337985	0
100151643	0
100288287	0
643812	0
402160	1212.44728696
NA	5859.98835795
728047	804.379848274
NA	96.4400947283
645426	607.915823922
NA	45.8303543603
NA	0
NA	0
NA	13085.8446991
NA	10098.6937654
440163	361.395302087
NA	0
NA	2569.74447103
3039	1043.28547986
3042	317.009962038
NA	0
51224	0
NA	0
57194	24137.9957823
NA	0
503637	2042.35597545
389161	44.4075738227
23617	0
NA	18436.8968398
NA	0
729627	0
401089	0
10866	379216.651109
NA	1510988.64705
NA	5427.68458368
100652833	0
131873	268.871412247
NA	8490.67617622
201475	368538.02314
339291	0
645369	709.711341972
NA	1119.00240935
442194	0
3105	13649734.4647
201562	200406.932436
55779	6137.16687363
344807	0
348801	37443.5421591
403277	0
389136	4490.94707237
NA	6575.03730659
NA	136.073629441
131405	33.4347870152
152098	11535.0015202
23243	157561.174429
8292	7163.89362835
131965	42027.5097239
NA	30952.5873712
NA	36789.3218415
114786	6396.12435752
NA	2993.6198477
NA	0
NA	14164.9329379
NA	0
NA	3541.23323447
NA	2713.84229184
NA	0
NA	0
NA	0
NA	0
NA	0
NA	0
NA	0
NA	0
NA	0
NA	0
NA	0
NA	0
NA	0
NA	0
NA	0
NA	0
NA	0
NA	2150.97129798
NA	0
NA	0
NA	0
NA	0
NA	0
NA	0
692085	0
NA	0
NA	2199.85700929
NA	0
NA	0
NA	0
NA	2765.53452597
NA	3541.23323447
NA	0
NA	0
NA	4270.3106651
NA	4334.04664518
NA	0
NA	0
NA	0
NA	0
NA	0
NA	0
NA	0
NA	0
NA	0
NA	0
NA	2150.97129798
NA	0
NA	0
NA	0
NA	0
NA	0
NA	0
NA	0
NA	0
NA	0
NA	0
NA	0
NA	0
NA	0
NA	0
NA	0
NA	0
NA	8141.52687552
NA	0
NA	0
NA	0
NA	0
NA	0
NA	0
NA	0
NA	0
NA	0
NA	0
NA	0
NA	1975.38180426
NA	0
NA	0
NA	0
NA	0
NA	0
NA	0
NA	0
NA	0
NA	0
NA	0
NA	1770.61661724
NA	0
NA	0
NA	0
NA	2903.81125227
NA	0
NA	0
NA	0
NA	0
NA	5427.68458368
NA	0
NA	0
NA	0
NA	0
NA	0
NA	0
NA	0
NA	0
NA	0
NA	0
NA	0
NA	0
NA	0
NA	0
NA	0
NA	0
NA	0
NA	0
NA	0
NA	0
NA	0
NA	1770.61661724
NA	0
NA	10370.7544724
NA	0
NA	0
NA	0
NA	0
NA	0
NA	0
NA	0
NA	0
NA	0
NA	3977.82363324
NA	2251.01647463
NA	0
NA	2713.84229184
NA	0
NA	0
NA	2713.84229184
NA	0
NA	0
NA	0
NA	0
NA	0
NA	0
NA	0
NA	0
NA	0
NA	0
NA	0
NA	0
NA	0
NA	0
NA	0
NA	0
NA	0
NA	0
NA	0
NA	0
NA	0
NA	0
NA	0
NA	0
NA	0
NA	0
NA	0
NA	0
NA	0
NA	0
NA	2875.06064581
NA	0
NA	0
NA	2713.84229184
NA	0
NA	0
NA	0
NA	0
NA	0
NA	0
NA	0
NA	0
NA	0
NA	0
NA	5693.74755347
NA	0
NA	0
NA	0
NA	26559.2492586
NA	0
NA	0
NA	0
NA	0
NA	0
NA	0
NA	2713.84229184
NA	0
NA	0
NA	2713.84229184
NA	4334.04664518
NA	0
NA	0
NA	0
NA	0
NA	0
NA	0
NA	0
NA	0
NA	0
NA	0
NA	0
NA	0
NA	0
NA	0
NA	0
NA	0
NA	0
NA	0
NA	0
NA	0
NA	0
NA	0
NA	0
NA	0
NA	0
NA	2150.97129798
NA	0
NA	0
NA	0
NA	0
NA	0
NA	0
NA	8540.6213302
NA	0
NA	2119.57025713
NA	0
NA	0
NA	0
NA	0
NA	0
NA	0
NA	0
NA	0
NA	10916.5836551
NA	0
NA	0
NA	0
NA	0
NA	2216.64981089
NA	0
NA	0
NA	0
NA	1770.61661724
NA	0
NA	0
NA	0
NA	0
NA	18801.6555902
NA	2846.87377673
NA	0
NA	0
NA	0
NA	0
NA	16283.053751
NA	0
NA	0
NA	2713.84229184
NA	0
NA	8141.52687552
NA	0
NA	0
NA	0
NA	2713.84229184
NA	0
NA	2104.21105237
NA	0
NA	0
NA	0
NA	0
NA	0
NA	0
NA	0
NA	0
NA	0
NA	0
NA	0
NA	0
NA	0
NA	0
NA	0
NA	0
NA	2199.85700929
NA	0
NA	0
NA	5232.09234643
NA	0
NA	0
NA	0
NA	0
NA	0
NA	0
NA	0
NA	0
NA	0
NA	0
NA	0
NA	0
NA	0
NA	0
NA	0
NA	0
NA	0
NA	0
NA	0
NA	0
NA	5427.68458368
NA	0
NA	0
NA	0
NA	0
NA	0
NA	0
NA	0
NA	3056.64342344
NA	0
NA	0
NA	2713.84229184
NA	0
NA	0
NA	4721.64431263
NA	5279.65682231
NA	0
NA	0
NA	0
NA	0
NA	0
NA	0
NA	0
NA	0
NA	0
NA	0
NA	0
NA	0
NA	0
NA	0
NA	0
NA	0
NA	3871.74833636
NA	0
NA	0
NA	0
NA	0
NA	0
NA	0
NA	0
NA	2713.84229184
NA	0
NA	0
NA	0
NA	0
NA	0
NA	0
NA	0
NA	0
NA	0
NA	0
NA	0
NA	0
NA	2150.97129798
NA	3056.64342344
NA	0
NA	0
NA	0
NA	0
NA	0
NA	2713.84229184
NA	0
NA	0
NA	0
NA	0
NA	0
NA	0
NA	0
NA	0
NA	0
NA	0
NA	0
NA	4178.14568672
NA	0
NA	0
NA	0
NA	0
NA	0
NA	0
NA	0
NA	0
NA	0
NA	0
NA	0
NA	0
NA	0
NA	0
NA	0
NA	0
NA	3541.23323447
NA	0
NA	0
NA	0
NA	0
NA	0
NA	0
NA	0
NA	11115.0669943
NA	0
NA	0
NA	0
NA	0
NA	0
NA	0
NA	17081.2426604
NA	0
NA	0
NA	0
NA	0
NA	0
NA	0
NA	0
NA	0
NA	0
NA	0
NA	0
NA	0
NA	0
NA	0
NA	0
NA	0
NA	0
NA	0
NA	0
NA	0
NA	0
NA	0
NA	0
NA	0
NA	0
NA	0
NA	0
NA	2713.84229184
NA	0
NA	0
NA	0
NA	0
NA	0
NA	0
NA	0
NA	0
NA	2216.64981089
NA	0
NA	2875.06064581
NA	0
NA	1770.61661724
NA	0
NA	0
NA	0
NA	0
NA	12905.8277879
NA	0
NA	0
NA	5478.88915522
NA	5377.42824494
NA	0
NA	0
NA	0
NA	0
NA	0
NA	0
NA	0
NA	5232.09234643
NA	0
NA	0
NA	0
NA	0
NA	2713.84229184
NA	0
NA	0
NA	0
NA	0
NA	1759.88560744
NA	10855.3691674
NA	0
NA	0
NA	0
NA	0
NA	0
NA	0
NA	0
NA	0
NA	0
NA	0
NA	0
NA	0
NA	0
NA	0
NA	0
NA	2547.20285287
NA	0
NA	0
NA	0
NA	0
NA	0
NA	0
NA	0
NA	0
NA	0
NA	3498.56777382
NA	0
NA	0
NA	0
NA	0
NA	0
NA	0
NA	0
NA	0
NA	0
NA	0
NA	0
NA	0
NA	0
NA	0
NA	0
NA	0
NA	0
NA	0
NA	0
NA	0
NA	0
NA	0
NA	0
NA	0
NA	0
NA	28406.849207
NA	0
NA	0
NA	0
NA	0
NA	0
NA	0
NA	0
NA	0
NA	37993.7920858
NA	0
NA	0
NA	2903.81125227
NA	0
NA	0
NA	5987.2396954
NA	0
NA	0
NA	0
NA	0
NA	0
NA	0
NA	0
NA	0
NA	0
NA	0
NA	0
NA	0
NA	0
NA	2119.57025713
NA	0
NA	0
NA	0
NA	0
NA	0
NA	0
NA	1770.61661724
NA	0
NA	5050.10652568
NA	0
NA	0
NA	0
NA	0
NA	0
NA	2739.44457761
NA	0
NA	0
NA	2713.84229184
NA	8218.33373284
NA	0
NA	1770.61661724
NA	0
NA	8799.42803718
NA	0
NA	2167.02332259
NA	0
NA	0
NA	0
NA	0
NA	2875.06064581
NA	0
NA	0
NA	5427.68458368
NA	22337.0096328
NA	0
NA	0
NA	0
NA	0
NA	0
NA	0
NA	0
NA	0
NA	0
NA	0
NA	0
NA	0
NA	0
NA	0
NA	0
NA	0
NA	0
NA	2765.53452597
NA	132252.789707
NA	0
NA	0
NA	0
NA	0
NA	0
NA	0
NA	2199.85700929
NA	0
NA	0
NA	0
NA	0
NA	0
NA	0
NA	0
NA	0
NA	0
NA	0
NA	0
NA	0
NA	0
NA	0
NA	0
NA	0
NA	0
NA	0
NA	0
NA	2713.84229184
NA	0
NA	0
NA	0
NA	0
NA	203266.787659
NA	0
NA	0
NA	0
NA	2713.84229184
NA	0
NA	0
NA	0
NA	0
NA	0
NA	0
NA	2639.82841115
NA	0
NA	6049.60677556
NA	0
NA	0
NA	3977.82363324
NA	0
NA	2713.84229184
NA	0
NA	0
NA	0
NA	0
NA	0
NA	0
NA	0
NA	2713.84229184
NA	0
NA	0
NA	0
NA	0
NA	0
NA	0
NA	0
NA	0
NA	0
NA	0
NA	0
677823	2119.57025713
NA	0
NA	0
NA	0
NA	0
NA	0
NA	0
NA	0
NA	0
NA	0
NA	2150.97129798
NA	2765.53452597
NA	0
NA	0
NA	0
NA	0
NA	0
NA	0
NA	2167.02332259
NA	0
NA	2713.84229184
NA	0
NA	0
NA	0
NA	0
NA	0
NA	0
NA	0
NA	0
NA	0
NA	8733.26692412
NA	0
NA	5750.12129162
693129	0
NA	13827.6726299
NA	0
NA	0
NA	0
693193	0
693218	0
693232	27223.23049
NA	0
NA	80002.9630727
NA	0
407011	0
406986	0
NA	0
693200	0
NA	0
724031	3262.70927221
NA	2993.6198477
NA	0
NA	0
NA	0
NA	0
NA	0
407030	0
NA	0
574457	0
406926	0
NA	0
693178	2903.81125227
NA	0
NA	0
NA	0
406954	2639.82841115
NA	0
406909	0
574461	0
693183	0
406989	0
406966	0
NA	0
NA	10464.1846929
406914	0
574444	7919.48523346
406941	0
NA	0
406957	2639.82841115
406968	9899.35654182
574465	0
574462	0
NA	0
NA	0
574499	0
NA	0
NA	0
406916	0
NA	0
NA	0
NA	0
574475	0
407045	0
NA	5866.28535812
NA	0
NA	0
NA	0
NA	7140.51947279
NA	0
NA	0
574455	0
NA	0
NA	0
NA	0
574458	0
NA	0
406944	0
406930	0
693155	23948.9587816
407020	0
NA	175438.596491
NA	0
406915	0
574442	0
NA	0
NA	0
406959	0
693177	0
NA	2963.0727064
406960	0
NA	2993.6198477
NA	23465.1414325
407036	0
NA	0
NA	0
406993	0
407044	0
NA	0
406917	0
NA	0
406933	0
574470	0
NA	0
406985	0
693169	0
NA	0
693136	0
NA	0
406962	47271.3459672
574473	0
407007	10370.7544724
619556	0
693123	0
NA	0
406984	5232.09234643
NA	0
407000	5279.65682231
NA	0
574482	0
NA	2963.0727064
406956	6525.41854442
574476	0
407001	0
693175	11974.4793908
NA	0
574453	0
406903	0
NA	0
407023	0
NA	0
NA	0
406976	0
NA	0
NA	0
NA	0
NA	0
NA	0
406995	0
NA	0
NA	0
NA	0
NA	0
574498	0
406964	0
NA	0
NA	0
693227	0
NA	0
NA	0
100616357	0
406949	0
NA	0
NA	0
406942	0
664617	0
574502	0
NA	0
407016	3456.91815746
NA	0
406998	0
574484	0
574507	0
693231	3089.16090667
574488	0
693184	0
619552	0
407052	7169.90432659
407018	14891.3397552
NA	0
407041	0
NA	0
NA	0
NA	0
406908	0
406898	0
664614	0
NA	0
574469	0
693181	0
407029	0
NA	0
NA	0
693120	0
NA	0
NA	0
406912	0
NA	2688.71412247
NA	0
NA	0
NA	0
574460	0
407006	58076.2250454
100313822	0
574509	0
NA	0
NA	0
NA	12099.2135511
406973	0
574485	0
406925	9679.3708409
NA	0
NA	2993.6198477
693162	0
407039	0
407046	0
NA	0
406987	0
574445	0
NA	2963.0727064
693137	0
NA	0
693219	0
NA	0
574490	0
406943	0
442901	2616.04617321
NA	0
NA	0
406929	0
NA	0
693164	0
406897	0
NA	0
NA	0
NA	0
407031	0
NA	0
693214	0
NA	0
NA	0
NA	0
406911	16498.9275697
693223	0
NA	14665.7133953
NA	0
NA	0
693192	0
NA	0
NA	0
NA	3977.82363324
574480	0
NA	0
NA	0
NA	0
NA	0
NA	0
NA	0
406958	0
NA	7351.42089182
574496	0
406924	0
406892	0
442899	0
NA	0
693229	0
574514	0
574038	0
NA	0
693132	0
574410	0
574506	0
406950	0
406910	0
406919	3262.70927221
406889	0
724022	0
NA	0
574030	0
406932	0
NA	0
NA	0
406961	0
406977	0
NA	0
574436	0
NA	17961.7190862
NA	0
NA	0
406900	0
NA	0
NA	0
NA	33913.1241141
NA	0
NA	0
NA	0
NA	10675.7766628
NA	6525.41854442
NA	58076.2250454
NA	0
NA	6113.28684688
NA	0
NA	0
NA	0
NA	20449.375016
NA	0
NA	24964953.8014
NA	12625.2663142
NA	0
NA	12810.9319953
NA	0
NA	0
NA	0
NA	8799.42803718
NA	43997.1401859
113219467	0
NA	8540.6213302
NA	0
NA	25621.8639906
NA	22337.0096328
NA	21042.1105237
NA	0
NA	49217.139869
NA	28629.1250224
NA	8416.84420947
NA	21998.5700929
NA	4979182.23551
NA	0
NA	2304.61210498
406972	0
NA	0
NA	0
NA	0
NA	0
2878	18502409.6102
1734	416507.434623
280636	753101.243647
NA	10815.1560457
1733	16669.5562685
246181	1258.87771052
23012	83955.0110647
22908	213006.720396
NA	5645386.509
7247	562444.584737
NA	6049.60677556
NA	5185.37723619
768216	0
100126319	0
NA	0
NA	0
NA	0
100422915	0
NA	0
768222	0
NA	0
768218	0
NA	0
NA	0
NA	7641.6085586
768212	0
768215	0
55652	344550.98358
768219	0
NA	0
NA	1086120.17142
NA	0
NA	0
NA	0
NA	0
NA	0
NA	241264.615198
NA	8540.6213302
NA	3576.12223186
NA	0
NA	11093.2115255
NA	1565.39690149
NA	3037.4594689
NA	3892.50838106
NA	78312.8094287
NA	77855.8089376
NA	802.157804494
NA	41483.0178896
NA	0
NA	1591.1294533
NA	766.177111417
NA	555353.901996
NA	5018.93302861
NA	786.940718772
NA	254707.768319
NA	49025.3847786
NA	3657.19301293
NA	271727.091486
NA	49025.3847786
NA	423086.012923
NA	0
NA	16994.3152168
NA	1409.61711275
NA	1516.35052338
NA	28498.9433247
NA	243767.313019
NA	602743.291806
NA	0
NA	273980.86234
NA	181006.802197
NA	1552.84024185
NA	5420.4476709
NA	386452.492528
NA	2419.84271022
NA	163339.38294
NA	89521.6422332
NA	59839.9281921
NA	0
NA	139353.756076
NA	0
NA	0
NA	0
NA	570705.761268
NA	1649.89275697
NA	421115.484636
NA	0
NA	0
NA	0
NA	4007.09924416
NA	0
NA	28313.8058611
NA	0
NA	0
445347	1902.89072888
NA	0
NA	0
NA	0
NA	0
NA	6238.6569873
NA	334.733285564
NA	0
NA	1294.03353488
NA	844.131177985
NA	2162.98789741
NA	0
NA	3620.71228462
NA	0
NA	1557.00335242
NA	0
NA	5851.50882069
NA	0
NA	37972.9163758
NA	0
NA	0
NA	14164.9329379
NA	1496.80992385
NA	4148.30178896
NA	2222.3045298
NA	3024.80338778
NA	0
NA	6680.54735951
NA	0
NA	8934.80385313
NA	28406.849207
NA	16171.3459569
NA	836.83321391
NA	0
NA	1415.34260874
NA	3001.3552995
NA	31658.0925999
NA	5807.62250454
NA	0
NA	0
NA	11852.2908256
NA	0
NA	0
NA	0
NA	12356.6436267
NA	85292.8878079
NA	3337.71408307
NA	559.501204676
NA	2940.56835673
NA	5774.6246494
NA	718.765161453
NA	0
NA	1841.74075197
NA	0
NA	4597.0626685
NA	11956.8698623
NA	1539.12257187
NA	1703.11510397
NA	8066.14236741
NA	9788.12781664
NA	3095.7476037
NA	4957.72652826
NA	1366.49941283
NA	4422.04759229
NA	20377.6228229
NA	6211.36096742
NA	1765.23480381
NA	6599.57102788
NA	659.957102788
NA	7461.61349619
NA	715.224446372
NA	11005.6986238
NA	3754.92834345
NA	4259.86980773
NA	3182.2589066
NA	1693.18440366
NA	3602.74348917
NA	17303.9031793
NA	0
NA	4099.4982385
NA	4953.19616592
NA	2664.04702043
NA	832.0376081
NA	2639.82841115
NA	815.677318053
NA	822.609419906
NA	0
NA	877.284366244
NA	0
NA	3456.91815746
NA	558.425240821
NA	0
NA	6049.60677556
NA	5377.42824494
NA	0
NA	36138.5800019
NA	0
NA	0
NA	0
NA	0
NA	0
NA	0
NA	0
NA	0
NA	0
NA	0
NA	0
NA	0
NA	0
NA	0
NA	0
NA	0
NA	0
NA	0
NA	0
NA	0
NA	0
NA	0
NA	0
NA	0
NA	0
NA	0
NA	0
NA	0
NA	4399.71401859
NA	0
NA	0
NA	0
NA	0
NA	0
NA	0
NA	0
NA	0
NA	0
NA	0
NA	0
NA	0
NA	0
NA	0
NA	0
NA	0
NA	0
NA	0
NA	0
NA	0
NA	0
NA	0
NA	4609.22420995
NA	4683.56653592
NA	4399.71401859
NA	0
NA	146952.913047
NA	616.95706493
NA	297128.139754
NA	325524.423951
NA	3706798.62643
NA	885555.050833
NA	631572.244203
NA	427411.094157
NA	179539.336655
NA	0
NA	27921.262041
NA	11168.5048164
NA	0
NA	0
NA	0
NA	0
NA	0
NA	0
NA	7848.13851964
NA	0
NA	0
NA	0
NA	0
NA	0
NA	0
NA	0
NA	0
NA	0
NA	9096.27621193
NA	154591.390409
NA	0
NA	7682.04034992
NA	7428.35436627
NA	95770.5191023
NA	39842.9916009
NA	82396.4748927
NA	0
NA	414324.288433
NA	9096.27621193
NA	108724.095724
NA	287692.411104
NA	74184.9589996
NA	10670.1725805
NA	16397.992954
NA	49182.881999
NA	143738.656987
NA	793.391052532
NA	2044.9375016
NA	185843.920145
NA	43804.4519807
NA	88665.9924357
NA	16804.4632654
NA	74456.6987761
NA	135983.356204
NA	61025.8056519
NA	20340.7068396
NA	25416.2910483
NA	2040.1484208
NA	21849.0652477
NA	9367.13307183
NA	31230.9219352
NA	1968.68559476
NA	2150.97129798
NA	0
100126333	0
100126301	0
100126337	0
NA	0
NA	0
NA	0
NA	0
100126335	0
NA	0
NA	0
100126318	0
83942	0
163154	24600.3943299
259294	2318.41217746
NA	5945.30321046
259296	0
106707243	6054.75537707
50840	6054.75537707
50838	0
NA	0
NA	0
NA	2616.04617321
NA	2713.84229184
NA	2525.05326284
NA	0
NA	0
NA	0
NA	0
NA	0
NA	0
NA	0
NA	0
NA	0
NA	0
NA	0
NA	0
NA	0
NA	0
NA	0
NA	0
NA	0
NA	0
NA	0
NA	0
NA	3924.06925982
NA	0
NA	0
NA	0
NA	0
NA	0
NA	0
NA	0
NA	3024.80338778
NA	0
NA	0
NA	0
NA	0
NA	0
NA	14836.9917999
NA	0
NA	0
NA	0
NA	0
NA	0
NA	0
NA	0
NA	0
NA	2846.87377673
NA	0
NA	0
NA	0
NA	193587.416818
NA	2399.84401014
NA	0
NA	5807.62250454
NA	0
NA	23127.7002393
NA	0
NA	0
NA	0
NA	0
NA	0
NA	0
NA	0
NA	0
NA	0
NA	0
NA	0
NA	0
NA	0
NA	0
NA	0
NA	0
NA	0
NA	0
NA	0
NA	0
NA	10188.8114115
NA	0
NA	0
NA	9145.86221187
NA	0
NA	0
NA	0
NA	0
NA	0
NA	0
NA	0
NA	0
NA	0
NA	0
NA	0
NA	0
NA	0
NA	0
NA	0
NA	0
NA	0
NA	0
NA	11276.936902
NA	0
NA	0
NA	0
NA	0
NA	0
NA	0
NA	0
NA	0
NA	0
NA	1861.4174694
NA	0
NA	0
NA	0
NA	0
NA	0
NA	0
NA	0
NA	0
NA	0
NA	0
NA	0
NA	0
NA	0
NA	7591.66340462
NA	0
NA	0
NA	0
NA	0
NA	0
NA	0
NA	0
NA	0
NA	0
NA	5584.25240821
NA	0
NA	0
NA	0
NA	10835.1166129
NA	0
NA	0
NA	0
NA	0
NA	0
NA	26004.2798711
NA	0
NA	0
NA	0
NA	0
NA	7641.6085586
NA	0
NA	0
NA	0
NA	0
NA	0
NA	2135.15533255
NA	0
NA	0
NA	0
NA	0
NA	0
NA	0
NA	0
NA	0
NA	0
NA	0
NA	0
NA	24489.9744167
NA	0
NA	0
NA	0
NA	0
NA	0
NA	0
NA	15084.733778
NA	0
NA	0
NA	2963.0727064
NA	0
NA	0
NA	5377.42824494
NA	0
677800	5926.14541279
NA	0
NA	0
NA	0
NA	0
NA	0
NA	0
NA	0
NA	0
NA	0
NA	0
NA	8540.6213302
NA	0
NA	0
NA	0
692201	0
NA	0
NA	0
NA	0
NA	0
NA	0
NA	0
NA	2360.82215632
NA	0
NA	0
NA	0
NA	0
NA	0
NA	0
NA	0
NA	0
NA	0
NA	0
NA	0
NA	0
NA	0
NA	0
NA	0
NA	5377.42824494
NA	0
NA	0
NA	0
NA	2135.15533255
NA	0
NA	1382.76726299
NA	0
NA	0
NA	0
NA	0
NA	0
NA	0
NA	0
NA	0
NA	0
NA	0
NA	0
NA	0
NA	0
NA	0
NA	0
NA	2268.60254083
NA	0
NA	0
NA	2739.44457761
NA	0
NA	0
NA	21421.5584184
NA	0
NA	0
NA	0
NA	0
NA	0
NA	0
NA	0
NA	0
NA	0
NA	0
NA	0
NA	0
NA	0
NA	0
NA	0
NA	0
NA	0
NA	0
NA	0
NA	0
NA	0
NA	0
NA	2460.85699345
NA	0
NA	0
NA	694.276450034
100505753	0
100533177	0
100507608	0
NA	0
NA	44995.9941793
NA	28742.9526181
NA	6015.42820621
64693	269.182966607
NA	253.165758698
NA	0
339263	11568.8370667
653240	0
100132386	0
730755	5309.82628986
81872	0
NA	2017.35967669
441518	183458.953746
283673	406.013877554
NA	1083.51166129
NA	26422.0663495
NA	279049.178877
402317	0
NA	23363.9985815
NA	0
NA	0
727800	341892.211789
85293	0
83897	0
83896	0
4539	23172804.8788
54627	30805.5061745
NA	528.927368355
NA	627.173056645
386684	0
386682	0
337968	0
NA	223.714272132
NA	0
NA	1287.72117617
NA	6134.81250479
NA	59402.5074443
NA	0
5462	2546.25240404
NA	16688.5704153
NA	3095.7476037
NA	0
NA	9121.92016419
NA	349.015775513
51157	173020.551584
NA	0
NA	2688.71412247
81856	26568.1667457
284366	0
84258	530.445688045
23636	229217.791873
NA	3253.57003055
NA	583.09462897
NA	320.508968242
10638	0
94115	0
NA	0
NA	0
NA	684.861144403
NA	12120.2556616
NA	1052.10552618
NA	0
NA	1293.45712796
163486	49683.4781404
NA	305.342928735
NA	2139.65039641
NA	0
NA	5202.79731649
NA	1288.67363266
NA	941.776622357
NA	8947.31758402
NA	0
NA	3732.40520857
NA	24543.7394539
NA	4447.85093345
375035	145979.852723
NA	781.645020799
11116	13753.7863918
NA	0
NA	2798.85421905
NA	515.774645163
NA	485.587165931
NA	1855.75277838
NA	17250.3638749
NA	745.522786205
NA	0
NA	0
22828	223308.966034
NA	21441.0858189
NA	0
NA	1308.02308661
NA	0
25790	4535.47662259
NA	35750.4400405
2532	52671.2202453
NA	4021.89924137
NA	2310.446566
NA	359.382580726
9534	83653.5996115
NA	2032.66787659
NA	14770.8318034
NA	0
NA	1830.13314219
NA	671.660274233
NA	0
NA	0
NA	0
NA	0
NA	0
NA	669.080933702
NA	0
NA	239.588387151
NA	1185.22908256
255758	66186.3880934
NA	0
NA	2882.19479133
NA	752.282707842
NA	35272.2835728
NA	0
NA	539.741868451
1427	6344.91533504
NA	0
NA	10656.1880817
1396	33069.5607401
NA	0
NA	625.821390575
NA	8305.73075456
NA	337.652471194
NA	6948.66672457
NA	1933.29643959
NA	592.614541279
NA	4366.63346206
NA	0
NA	0
151230	36897.2204863
100526832	36897.2204863
NA	0
NA	12194.4829492
NA	488.857113177
339398	10742.1250824
NA	0
NA	0
NA	0
NA	967.93708409
NA	129609.136382
NA	3220.49307091
NA	3699.12261435
NA	0
NA	0
NA	1999.18158504
NA	850.725952813
196792	1726.99054935
286827	23481.5506223
NA	0
NA	359.382580726
NA	83925.1807014
10962	43254.3173037
NA	1676.08153089
NA	2928.91624869
9311	1690.71979754
NA	0
170575	14321.3142652
NA	904.870361897
NA	453.366315733
NA	1419.95660258
NA	0
NA	476.425143933
NA	443.781648334
84960	7543.63921811
445328	79792.0985815
26211	0
NA	5335.08629026
1443	0
728489	1015.96449666
NA	12440.8661246
NA	1383.78102198
NA	0
NA	3631.32929348
9623	0
NA	0
NA	0
NA	1073.4976903
NA	39840.1260919
NA	17550.5075687
NA	13239.2610286
NA	0
NA	8172.97869016
NA	4886.22085718
6827	630625.675998
NA	0
NA	19658.7548074
NA	1356.01592834
NA	16875.8569771
NA	33413.7185193
NA	44873.1605105
NA	0
NA	0
114960	0
NA	4197.36186267
NA	2025.91482716
NA	1088.9292196
NA	3666.42834882
NA	1610.24653545
NA	122.060161928
NA	37593.9849624
4893	246389.918573
NA	0
NA	0
NA	3587.90517167
NA	3871.74833636
NA	11276.936902
NA	1557.00335242
NA	999.017632661
NA	558.578696507
NA	36947.1014205
NA	0
NA	778.501676211
NA	27131.5697813
NA	6015.42820621
NA	3667.27023823
NA	2191.55566209
NA	15740.2852927
NA	918.927611477
NA	5800.37203949
NA	32897.2080867
4056	730.824979598
NA	0
NA	63427.9590939
NA	645.291389393
NA	861.66506002
NA	0
NA	4688.96857344
NA	425.778775992
51239	27403.6971837
NA	0
81890	163561.613393
1147	100887.322232
NA	4234.72474289
NA	3082.60217863
83463	5183.36506032
NA	2883.62587117
NA	318.051615802
NA	0
NA	0
NA	52700.74868
NA	7199.53203042
NA	0
2946	18124.9298216
NA	1613.22847348
NA	3156.31657855
NA	5279.65682231
NA	268.002884381
NA	1447.56293732
84342	79903.5311027
NA	1668.85704153
NA	0
NA	3291.47371164
NA	393.470359386
84986	150346.510921
NA	0
NA	4609.22420995
55559	6659.44616826
3931	21460.5479215
NA	18675.204775
NA	1786.96077063
4111	0
5790	0
NA	0
NA	11916.2880763
NA	703.954242974
NA	1600.7779781
NA	1035.2268279
79037	1463.61454247
NA	186.022501747
83755	0
85294	0
221914	1289.57135028
NA	370.857120341
NA	613.913583989
125113	183.263569092
NA	7739.01028994
NA	0
NA	17265.9047432
NA	19544.8834287
NA	0
NA	2487.20449873
NA	0
NA	0
NA	735.142089182
NA	507617.004895
NA	0
6494	231772.658562
NA	3498.56777382
NA	289.512587464
NA	685.669717183
NA	0
NA	1243.60224937
NA	103920.642419
NA	3491.55661595
NA	725.952813067
2086	54787.693719
55333	121091.944128
402	311003.201299
NA	4768.16297581
286467	99.1738815666
NA	797.75034403
NA	446.511212548
NA	4669.87189692
NA	1272.20646321
NA	0
NA	0
NA	0
NA	235.316957234
NA	1132.09015683
NA	0
NA	2619.19235021
NA	3402.12207364
NA	664.487700748
NA	581.926102659
NA	0
NA	1788.79543261
388646	473.318867525
NA	1885.59172225
NA	469.492522598
494115	79973.2566233
NA	7107.23033772
NA	1008.26779593
10011	254650.963611
NA	0
NA	2774.34196077
NA	804.379848274
NA	1441.09739567
NA	0
375346	11453.0775395
NA	0
NA	1917.97308604
NA	4057.22131055
NA	3534.0502056
NA	8777.26323104
NA	0
NA	0
NA	839.251807014
NA	0
23234	76945.4915898
NA	255072.728449
NA	1095.77783104
NA	2292.48256758
NA	3238.45121071
NA	629.893980969
NA	522.26821084
NA	0
414919	110211.296779
NA	0
NA	2851.53314462
NA	8870.16298924
594855	0
NA	1906.22182862
7416	1035934.43473
NA	0
221504	289.032307791
NA	878.61157406
NA	4770.12115362
51075	600026.180845
NA	2900.91034193
NA	77229.0226667
100526830	188.927212249
NA	791.229224051
NA	1647.55248356
NA	0
NA	0
NA	0
NA	0
NA	644.575194732
NA	54423.6322752
NA	2795.48616344
NA	8883.5525882
3073	224733.945144
4722	302328.68651
NA	0
NA	31791.1615655
54741	762298.970712
81606	1201223.79476
NA	1251.64278115
113179	15447.1854725
5500	1456997.3785
NA	9899.35654182
NA	3020.86996335
NA	5462.61522704
NA	0
NA	0
NA	0
445329	0
NA	3906.47253668
NA	0
NA	766.177111417
63940	94914.2189253
NA	994.455908311
NA	0
27040	1245.42694793
NA	0
NA	1035.2268279
NA	1220.08876146
NA	0
NA	567.705034657
NA	0
NA	229.731902869
51517	209470.499836
NA	2624.91412634
1388	951275.871986
NA	2292.48256758
NA	2889.36443012
11277	0
NA	569.374755347
NA	2263.4017097
1903	21727.168954
286223	21727.168954
NA	6475.05081981
NA	0
NA	343.646302044
54978	526957.649342
NA	19677.8418194
NA	2123.99987104
NA	531.833562687
NA	2474.83913546
NA	1525.6451413
NA	101091.830452
NA	0
NA	356.733569075
NA	31471.4739073
388799	418.416606955
NA	0
NA	684.861144403
1192	3362709.12731
NA	0
23564	913476.321439
NA	243.812867529
NA	0
NA	0
NA	0
NA	291.254889897
NA	0
NA	0
NA	0
NA	578.448456627
NA	10513.7993617
6235	702756.160776
NA	4759.44949034
NA	2313.79382651
NA	0
NA	1655.53663185
NA	596.265144203
NA	197697.594414
NA	2224.3679509
NA	4182.44419051
NA	101836.328542
10720	351.834965945
534	19070.2089693
NA	6347.12842026
7693	129252.945386
NA	18100.3372804
NA	1517.6713862
NA	1226.96250096
NA	4308.3253001
NA	921.84484199
NA	204.062631923
NA	1206.15212971
NA	0
2968	25298.8230648
NA	241.180336567
51202	8296.60357791
NA	901.804736729
NA	0
NA	631.263315711
NA	361.620330295
NA	23201.1832603
NA	1894.81974047
388559	24242.3443928
NA	3283.20367719
91664	46982.1263113
NA	11163.7339899
100528032	862.518193743
22914	862.518193743
NA	0
NA	7931.50266174
729767	0
NA	5784.48456627
NA	91461.8515898
NA	585.44581699
NA	4696.19070448
NA	6150.77076846
2013	322190.482257
NA	322.645694697
NA	4441.1230917
NA	3287.33349313
147040	295797.265324
NA	26452.9389441
NA	59029.4964161
NA	10309.3890613
NA	74754.5255712
NA	1366.49941283
NA	1167.75251432
NA	4259.86980773
NA	2233.70096328
NA	5389.9048766
NA	3941.82522932
NA	0
NA	1821.71345814
NA	27671.2208884
NA	0
NA	63684.2402298
10537	3472.81934494
NA	5679.09560403
147699	17167.6122266
NA	6994.22976045
388551	0
NA	0
NA	715.224446372
151295	1693.41950285
1241	10665.7344988
NA	13801.3842788
56413	3772.34991015
NA	0
NA	0
NA	0
NA	4275.55031009
1773	14160.3142727
145553	28713.0590243
342900	0
1454	337318.850394
NA	0
NA	6660.11755107
NA	0
10850	0
10379	16072.7560089
2592	73600.1172858
3046	1877.46417173
3047	0
NA	7785.01676211
9080	231171.705546
NA	5172.18289208
NA	105461.801699
NA	942.795861126
NA	43903.7775542
NA	4086.67729014
NA	567.150635209
3672	28747.1996212
NA	28215.1700625
NA	0
NA	1212.44728696
NA	1145.93972071
NA	0
NA	581.537633966
NA	7126.91089666
NA	0
390916	78785.5766119
730087	5032.84189056
NA	7919.48523346
NA	0
7652	1178.76392329
NA	8230.75751777
30851	617086.13669
NA	2534.49859924
NA	194.952081388
8906	51912.4151667
NA	12007.32079
NA	0
7643	79341.947251
NA	662.970605541
55739	376261.317514
53345	1990.72983474
NA	0
4207	2356.98965282
100271849	2356.98965282
NA	1325.94121108
NA	373.240520857
NA	1585.54436551
2595	52514.6073648
NA	0
NA	11906.2875947
NA	2247.14542308
NA	1278.40746955
NA	0
26140	23813.2133568
29803	421736.579379
NA	0
NA	0
107987373	187698.455063
6150	187698.455063
NA	2175.13951481
101060200	4734.78120719
NA	0
NA	0
NA	123.356467811
NA	3484.57350272
3444	0
NA	2458.25291197
NA	188.07067696
79086	152860.097316
NA	4995.80430498
NA	0
157574	16010.439684
NA	0
NA	401.078902247
7106	228586.271836
NA	0
NA	0
NA	283.575317604
NA	0
NA	2445.31473875
NA	0
NA	0
NA	7892.27050757
8904	759111.633354
NA	0
339231	196233.683009
NA	6325.13342078
NA	7624.88731449
255798	0
NA	0
494551	664.053536945
NA	49015.2403712
4112	0
NA	25080.9033305
NA	69831.1323191
NA	420.233176884
57128	44281.3534181
26292	134918.772234
NA	4384.94987759
NA	0
NA	1703.11510397
155006	0
NA	413.648326534
NA	36484.2076242
768206	656.847031616
NA	153.478395997
NA	395.076360853
NA	1196.83101588
NA	8810.02209935
NA	1741.04314911
NA	240.182899278
10195	173692.174212
NA	483.163269928
NA	21827.5081171
NA	41487.9161087
NA	584.267857599
NA	110204.884875
NA	11993.2129318
NA	1332.02351021
NA	1635.02885826
NA	15507.3051809
NA	480.763452362
NA	12539.184953
79729	66851.26486
401397	264344.842902
NA	6382.00275224
NA	2656.9025498
NA	198908.913417
NA	401.63364485
NA	16603.7492188
NA	2233.70096328
NA	8122.54895739
NA	0
NA	120.841084156
255809	6308.5995257
654502	0
NA	2119.57025713
NA	23242.5640774
339210	6867.93532694
646951	354.555708458
NA	1168.5357152
NA	1302.15751223
NA	0
NA	183.824303794
NA	740.453357995
NA	0
51024	1557381.11006
NA	0
NA	2271.13729228
NA	4810.530689
NA	0
NA	88596.5614091
NA	747.12124844
NA	0
NA	0
NA	875.961162072
NA	3350.55144493
NA	140.077725628
283	71072.3033772
NA	711.718444183
NA	2101.32317694
NA	4796.08465089
NA	1063.66712537
NA	1812.36485925
NA	0
594857	0
NA	406.12744787
NA	0
NA	0
120376	40299.5081915
NA	109595.45694
NA	190.164456599
NA	1619.22560535
NA	0
441272	37958.3170231
NA	0
NA	0
255374	19592.8703208
646282	0
NA	0
NA	0
NA	635.407276208
NA	634.019924076
285311	0
NA	0
NA	0
NA	0
NA	12668.142088
NA	0
344167	103.559602435
387104	1342.80289122
NA	0
NA	0
390877	1512.40169389
NA	0
100130894	2453.25080039
NA	309.905149655
54492	37744.1219745
NA	3238.45121071
285588	0
NA	13488.6716234
NA	453.720508167
79441	32871.7843755
NA	366.180485784
NA	2562.18639906
387804	1961.52487812
NA	1409.61711275
NA	0
NA	170376.680618
NA	8281.1728211
107984142	131504.566957
401562	71.6636538072
NA	0
NA	0
92482	35385.1426902
390231	0
346562	0
NA	11029.9807257
NA	0
NA	11586.6139938
NA	0
NA	961.526904725
NA	1100.8908218
NA	5218.65950344
NA	653.275872276
57412	3865.30615943
NA	21494.6922305
100528020	0
NA	105997.044618
440503	29007.9587194
NA	0
NA	41805.8429315
NA	477.600534913
NA	664.487700748
NA	143052.548974
NA	0
730005	24655.0011985
153218	3215.46390796
613227	0
344022	0
NA	206.38317358
51400	182730.676504
728279	0
NA	0
NA	754.236688901
10809	349259.928555
NA	1948.86661226
100131539	251.557428727
NA	121054.024072
NA	34451.9979083
NA	1810.76665391
NA	2356.98965282
55384	3498.78963746
NA	0
NA	463.12779143
NA	51.4313009612
NA	476.816297581
NA	1462.87720517
NA	1099.92850465
NA	0
728130	3034.7633703
NA	0
64506	13644.2013801
NA	10754.8564899
NA	0
NA	0
NA	9443.28862526
400954	7145.79921361
NA	0
NA	347.761826619
NA	0
NA	8028.97120443
NA	0
NA	0
NA	0
NA	0
NA	2633.84240569
NA	746.481041714
245927	0
NA	0
NA	662.970605541
NA	2265.0633793
NA	198.483339184
442319	35108.6172847
NA	6129.41689133
NA	21114.8262404
23053	208959.031771
NA	3808.27705216
NA	1820.57131804
NA	0
NA	0
NA	0
NA	343.240100741
NA	0
389124	0
NA	0
440956	0
414152	176.559257333
NA	0
100271715	1163.64021038
NA	0
728858	303.428553006
NA	0
7866	305870.204644
NA	24334.6283805
440854	217.026252038
9189	261617.82134
NA	8226.50305066
NA	698.031551026
NA	2581.16555757
NA	3558.59222092
114841037	0
100188893	0
NA	1749.28388691
NA	0
NA	11168.5048164
221092	364882.838444
NA	329.230300711
751071	20057.7229356
NA	0
NA	6872.92604087
NA	1512.40169389
NA	23315.7442631
NA	964.721346269
NA	2209.90201847
NA	406.696253819
NA	226.771671399
728588	0
84820	7201.38033911
NA	52247.2771216
643680	3727.61393103
NA	0
NA	0
NA	2061.5292866
NA	128057.558612
NA	0
NA	4180.88007526
NA	0
NA	1563.99169781
654463	95.8669941323
NA	187.463605698
256223	0
NA	8799.42803718
NA	2560.68011664
NA	0
NA	0
NA	0
NA	3054.56901324
4515	4078.93219382
NA	13217.0756727
NA	615.214248362
NA	2041.21072146
729475	155.951195074
NA	0
NA	1744.03078214
NA	393.648158916
NA	0
342	2476.59808296
NA	0
NA	4168.15012287
645027	673.42561509
728597	163.135463611
NA	6574.66698627
NA	384.61076189
NA	6483.24486405
219537	528.285855476
NA	508.548380432
NA	0
NA	0
NA	10941.8974723
NA	557.353407345
NA	0
NA	0
NA	0
NA	0
646754	0
NA	182.457508782
NA	133.7545487
NA	1988.91181662
649238	0
NA	2508.60340445
NA	0
NA	0
NA	1175.63208594
NA	8686.61485721
NA	602.450467276
NA	1496.80992385
NA	183.205757241
NA	7504.46554786
NA	3139.25540786
389763	0
NA	240.580882541
101059953	0
125150	163289.737867
NA	0
2856	1648.33183667
64283	49961.841806
353149	162.224092306
100130742	4275.90007697
NA	5771.55031507
729920	6167.54965611
NA	3174.72075685
101059938	0
NA	0
NA	8166.96914701
NA	40152.9010835
NA	303.11182174
644070	329.230300711
NA	0
NA	1785.86177876
NA	0
NA	252.505326284
107985075	643.860588086
NA	0
NA	3779.36388582
NA	4370.28449338
NA	0
NA	861.153989404
NA	76892.1982688
NA	2432.00272384
341392	0
79680	135522.574246
NA	6772.33466736
NA	3846.1076189
340267	1184.51282386
11331	1537892.83408
100130357	2610.16741777
NA	0
100996648	0
NA	358867.239667
NA	1237.16851892
NA	0
NA	274.721972778
NA	0
NA	166345.563968
84461	98738.9952554
NA	0
392862	11870.926503
NA	986.014007561
NA	0
NA	544.124531968
NA	3622.2177783
NA	0
NA	19136.0890731
NA	4398.12739255
NA	1132.40550228
NA	453.720508167
NA	9419.52195926
NA	2828.38758338
NA	7016.22360252
NA	49809.9010426
NA	0
NA	0
NA	2144.86058406
NA	260.431502446
NA	50044.3050876
NA	0
NA	0
100132994	0
137886	195939.916967
100130361	0
NA	0
NA	375.897896734
NA	1511.27723166
644019	1844.04447849
NA	200.539451124
646174	0
NA	5498.38975729
360226	0
NA	451.252719855
NA	0
NA	12033.2418306
NA	80.7062604855
NA	1767.65256568
NA	1479.02101134
NA	0
NA	0
NA	0
NA	0
286430	727.316531564
NA	824.946378485
NA	271.130835879
4586	0
692094	0
NA	0
55889	0
730112	2751.42465594
728411	22495.0012806
55670	82167.2108898
NA	1086.09057378
NA	888.015673477
NA	327.190000256
NA	5508.5850314
389207	293.018289835
NA	0
NA	447.773516156
NA	9944.55908311
134121	2556.8149391
134111	100358.730331
NA	13682.8802463
NA	610.044380729
NA	0
NA	0
NA	391.349225373
NA	2444.28556588
NA	1247.16302889
NA	1223.25166168
NA	667.159391676
60493	113565.895879
440270	83896.2938074
NA	114924.007813
157855	0
NA	0
NA	446.053955802
NA	0
NA	0
2576	0
645073	0
26748	0
2579	0
2578	0
NA	3598.62214294
57594	81279.4295223
102724473	1079.4837369
100507650	1551.33189776
NA	501.521805228
NA	18674.0273458
NA	5763.28950832
NA	0
NA	0
NA	286.937870778
NA	0
1654	1042802.07486
NA	8595.58028342
NA	2911.75239516
64601	197932.199805
NA	0
NA	5570.86091562
NA	1684.34527394
NA	0
NA	707.671304371
NA	1167.12670911
NA	11500.2425832
NA	678.989380889
NA	0
728957	0
NA	3557.00710189
NA	843.314013244
NA	0
NA	0
NA	122.060161928
100132396	0
NA	0
NA	384.102017496
NA	0
NA	0
NA	0
100131980	0
NA	0
NA	5826.75513333
4636	24350.1942409
100287083	0
170949	0
NA	0
NA	7575.15978853
NA	26067.2861825
NA	2867.31811265
85508	0
NA	0
NA	1425.76657231
NA	0
NA	718.765161453
NA	9405.05668751
407975	1247.34160321
NA	0
55628	35588.9582518
NA	6605.64558373
79716	14251.1349248
NA	368.503966024
NA	0
NA	656.228531586
NA	1345.91483303
NA	3162.56671039
386672	0
386677	0
NA	1054.65299719
NA	933.701367289
NA	655.353380693
NA	14009.6156908
NA	5340.34253291
100526842	385.376410387
652991	93.3401238273
283514	0
NA	291.547314485
NA	0
NA	0
NA	17522.0889813
NA	9054.19989572
NA	933.326236165
NA	0
NA	5126.14655125
NA	4603.8111457
NA	285.246684899
NA	0
NA	0
NA	0
NA	0
NA	1902.89072888
388795	448.119020412
NA	801.419848832
NA	0
NA	0
NA	533.788833138
245930	0
NA	416.01880405
245929	0
NA	60820.9660787
NA	450.902368365
NA	539.741868451
NA	0
NA	623.13546186
NA	0
128954	0
NA	1018.28565246
NA	0
NA	0
NA	0
NA	0
NA	0
400831	2353.46298501
NA	0
NA	0
NA	0
NA	228.826733827
3166	0
NA	4475.0515874
2642	358.384603797
NA	0
6248	0
51032	2391.60844387
729515	68593.4742407
56900	371578.645814
NA	0
NA	0
NA	0
NA	0
NA	20837.0919353
NA	628.530574084
728833	242.287129935
NA	2351.26417188
8718	23568.4527366
9906	18682.6091598
NA	6781.35561907
NA	235.89043479
NA	0
NA	0
NA	199.027501869
NA	1354.81084865
NA	566.781636747
100129094	2673.24396066
NA	0
643136	1668.85704153
NA	228.107718167
NA	0
116123	0
NA	5456.62855937
NA	0
NA	156.624123639
NA	5255.76697243
NA	32141.4222579
100131187	1532060.41607
NA	0
126638	81.3620412516
NA	1931.0465518
NA	26454.8720732
343505	0
NA	955.725041888
NA	694.691687146
NA	19437.756954
NA	356.733569075
NA	0
NA	458.737954545
NA	0
NA	0
NA	0
606495	10654.9074951
NA	147.701487908
NA	581.926102659
NA	3703.840883
NA	14713.7977015
NA	1152.30605249
NA	885.308308618
646262	0
84809	44644.328956
NA	0
284498	178.723572997
100287898	1378.07991633
NA	285.527163448
219293	73033.4821999
NA	0
100126346	0
100126316	0
NA	0
NA	0
100126297	0
100126354	0
NA	0
100126350	0
NA	0
NA	0
NA	0
100126343	0
100126296	0
NA	0
NA	0
NA	0
NA	0
NA	0
NA	0
NA	0
NA	0
NA	0
NA	0
NA	0
NA	0
100126339	0
100302114	0
100126308	0
NA	0
NA	0
100126330	0
NA	0
NA	5693.74755347
NA	1434.68935389
NA	0
NA	997.873282567
NA	0
NA	1409.61711275
NA	0
NA	0
NA	419.625903507
NA	1534.78395997
NA	0
NA	0
NA	3258.64105616
NA	0
NA	2945.041838
NA	0
NA	0
NA	0
NA	0
NA	1393.82940109
NA	0
NA	16824.6574702
10437	11821.2388746
NA	1338.1618674
NA	0
NA	0
NA	0
NA	639.606002702
NA	0
147710	0
NA	1003.04361046
NA	0
NA	226.15352432
NA	6325.13342078
NA	0
NA	805.495493001
NA	0
NA	762.155184322
729431	0
NA	3357.00722806
NA	0
NA	0
NA	9074.41016334
NA	0
NA	0
NA	0
NA	0
NA	2356.0334704
NA	2313.79382651
NA	0
NA	1728.45907873
NA	578.448456627
NA	0
NA	0
NA	16434.8646065
NA	0
NA	0
NA	1164.63018139
NA	345.143968178
NA	0
NA	1462.87720517
NA	274.462311179
NA	333.388203475
NA	0
NA	0
NA	0
NA	0
NA	0
NA	4200.81193818
NA	0
285780	103.652016858
NA	30912.5999675
NA	2251.01647463
NA	22947.5280185
NA	0
NA	791.229224051
NA	0
NA	3869.96904025
NA	0
NA	971.174331862
NA	981.017314956
NA	18956.6313204
79741	3215.11614926
NA	3447.79700137
NA	0
NA	3115.6773093
NA	346.516855879
NA	0
NA	885.308308618
NA	8567.14499893
NA	85603.6843154
NA	1372.96040296
NA	0
NA	0
NA	547.888915522
NA	1481.5363532
NA	0
NA	0
NA	0
NA	0
NA	18772.113146
NA	0
96459	155354.998878
NA	52478.5166073
NA	0
NA	430.83253001
NA	0
NA	0
NA	37621.5667562
NA	0
NA	0
NA	0
NA	1212.44728696
NA	921.84484199
NA	0
NA	0
NA	0
100131390	0
NA	8202.85664483
NA	13151.3190773
NA	1689.1551441
NA	0
NA	0
NA	2909.6305133
NA	756.200846945
NA	754.236688901
NA	0
NA	7396.19698806
NA	499.79539626
NA	0
NA	0
NA	0
NA	0
NA	0
NA	5608.21915674
NA	440.973614619
NA	1861.4174694
NA	0
NA	0
NA	3751.69412438
644186	36068.3923966
NA	0
NA	0
NA	0
NA	0
NA	0
NA	0
NA	0
NA	0
NA	0
NA	0
NA	711.282609251
51192	290631.238168
NA	997.873282567
NA	0
NA	0
NA	597.492027216
NA	0
NA	21334.1234861
NA	0
NA	11446.5588782
NA	552.055371154
NA	0
NA	28578.8102156
NA	384.61076189
NA	648.172154524
NA	791.229224051
NA	496.377991841
NA	2986.5147373
NA	0
NA	31154.2502774
NA	1194.98405443
NA	540.746974352
NA	0
NA	631.263315711
NA	7641.6085586
NA	0
NA	2846.87377673
NA	0
NA	0
NA	1644.55329821
NA	11770.4002856
NA	0
NA	0
NA	0
NA	4193.22924515
NA	0
NA	2558.42401081
NA	0
NA	0
NA	0
NA	1022.4687508
NA	0
NA	2016.53559185
NA	0
51025	46548.7158358
NA	1643.10307484
NA	4896.81492794
NA	0
NA	754.236688901
NA	0
NA	547.200612865
NA	1071.51706726
NA	0
NA	0
NA	789.651355766
NA	0
NA	0
NA	0
NA	0
NA	0
NA	0
NA	0
NA	215.576187993
NA	0
NA	268497.330282
NA	972.258231786
NA	398.328018144
NA	2772.13484703
NA	0
NA	0
NA	815.677318053
NA	43524.6876738
NA	0
NA	6000.68812239
NA	141505.522953
NA	211.802425403
NA	0
NA	7817.95337149
NA	0
NA	2167.02332259
NA	287077.927318
NA	0
168448	0
NA	310.2362449
55714	75575.6616808
NA	0
NA	307.607124181
NA	3342.51654937
NA	0
NA	39161.4912003
NA	2144.16442678
NA	0
NA	0
NA	0
100130449	1525.95954524
NA	1129.31448769
NA	0
NA	733423.468414
NA	0
NA	784.813851964
NA	4609.22420995
NA	5478.88915522
NA	0
NA	0
NA	0
NA	0
NA	0
NA	5252.37177413
29092	151715.981158
NA	2399.84401014
NA	0
NA	602.450467276
NA	0
NA	12394.3163207
NA	0
NA	0
NA	0
NA	2397.36739093
NA	0
NA	14129.7667687
NA	2006.64620643
NA	1536.40806998
NA	0
NA	1414.19379169
NA	392.406925982
NA	324.086077262
NA	0
NA	1717.10258019
NA	0
NA	0
NA	834.428520767
NA	0
NA	0
NA	0
NA	0
NA	225.977529359
NA	0
NA	0
100505876	207000.08267
NA	0
NA	0
NA	1099.92850465
NA	0
NA	0
NA	255.842401081
NA	0
NA	737.007932048
NA	0
NA	444.007836738
NA	0
NA	1591.1294533
NA	344.461595761
100129278	47.3318867525
56903	0
NA	0
NA	0
NA	249.89769813
NA	0
NA	0
NA	859.115755109
NA	981.680612667
163033	115855.161375
NA	0
NA	0
NA	13199.1420558
NA	1430.44889274
NA	220.990201847
NA	43557.168784
NA	0
NA	0
NA	484.776502883
NA	31853.0315938
NA	0
NA	606.22364348
NA	0
23436	0
NA	0
NA	14950.9732668
NA	0
NA	0
NA	0
NA	5190.25529568
NA	22244.5168393
NA	7735.56276219
NA	0
NA	5649.43823399
NA	2963.0727064
NA	0
NA	0
NA	5147.08050624
NA	0
NA	0
NA	0
440400	77424.1457424
NA	17656.1813384
NA	4572.93110593
NA	0
NA	274.721972778
NA	0
NA	335.700722806
NA	0
NA	0
NA	2985.92416686
NA	0
NA	0
NA	175.350921031
NA	0
NA	0
NA	0
NA	0
NA	1071.51706726
NA	3164.91689621
NA	0
NA	0
NA	742.662724365
NA	0
NA	0
NA	2225.14272204
NA	1257.06114817
NA	1108.32490545
NA	0
NA	0
NA	726.255419492
NA	450.902368365
NA	2577.34726533
25858	0
25817	7321.30161303
NA	0
NA	35279.9497939
NA	0
NA	0
NA	17778.4362384
55672	27249.9811259
NA	1749.28388691
NA	2092.83693857
NA	0
NA	0
NA	175697.529077
NA	9733.44553833
NA	0
729852	198742.111349
NA	0
NA	0
NA	0
NA	0
NA	471.397930563
NA	0
NA	956.774712444
NA	0
NA	0
648791	13196.452196
NA	2251.01647463
NA	0
NA	0
375190	38512.7122962
NA	0
NA	6905.18320314
NA	0
NA	8578.32186579
NA	0
NA	0
NA	0
NA	621.801124683
NA	7955.64726649
NA	1376.21386363
NA	0
NA	991.061860843
NA	0
NA	473.318867525
NA	0
NA	0
NA	0
NA	39434.4737962
NA	36248.9189881
NA	0
NA	1693.18440366
NA	334.540466851
NA	4983.65775561
NA	1822.47568134
NA	0
NA	1270.81455242
NA	4081.66240279
NA	0
NA	0
NA	631.263315711
NA	5791.07657148
NA	0
NA	0
NA	888.015673477
NA	8061.27444806
NA	1565.39690149
NA	81.6824543535
NA	206938.27315
NA	1105.51189807
NA	10513.7993617
NA	0
NA	467.226267461
NA	1752.8035728
NA	5355.38960459
NA	15318.2703675
NA	1673.66642782
645191	907.036089508
NA	0
NA	403.307118371
NA	0
NA	0
NA	480.763452362
NA	0
NA	0
NA	0
NA	1087.5697574
NA	1640.57132897
NA	0
NA	0
NA	899.0127716
NA	11180.1265696
NA	1396.80926085
NA	0
NA	0
100125288	8003.09970802
NA	0
6844	932009.676409
NA	0
NA	1474.0158641
NA	0
NA	187.342661437
NA	0
NA	4455.30607298
NA	0
NA	490.094726121
NA	0
NA	1178.0167352
NA	0
NA	0
NA	0
NA	0
NA	0
NA	5139.48894207
NA	455.857339446
NA	415.126697965
NA	0
NA	0
NA	0
NA	0
NA	0
NA	30231.4596127
NA	0
NA	208.457376329
NA	869.404566547
NA	444.007836738
NA	0
NA	0
NA	17371.2233361
NA	0
NA	0
NA	0
NA	0
NA	0
NA	0
NA	0
NA	69853.9210336
NA	0
NA	0
NA	26398.2841115
NA	145.408675627
NA	0
NA	713.46713815
NA	0
NA	5079.55321097
NA	0
NA	0
NA	697.193577976
NA	0
NA	2444.28556588
NA	524.153655644
NA	0
NA	0
442179	0
NA	0
NA	0
NA	0
NA	1387.17098038
NA	0
NA	5866.28535812
NA	0
NA	0
NA	61322.7220976
NA	0
NA	0
NA	656.970871554
NA	33931.7356733
NA	36297.6406534
NA	22857.5510277
NA	0
NA	117234.615775
NA	150240.669139
NA	1055.93136446
NA	0
NA	0
NA	10445.3642168
NA	1168.5357152
NA	93.3401238273
NA	489.681492794
NA	0
NA	0
NA	1617.72214611
NA	646.72856398
NA	0
NA	2816.19625759
NA	0
NA	0
NA	602.450467276
NA	0
NA	0
NA	0
NA	0
NA	0
NA	0
NA	0
NA	0
NA	0
NA	0
NA	0
NA	0
NA	0
NA	0
NA	0
NA	5693.74755347
NA	0
100302202	0
NA	0
NA	0
NA	0
100302150	0
NA	0
NA	0
NA	0
NA	2323.04900181
NA	0
NA	0
NA	0
NA	0
692213	0
NA	0
NA	0
NA	2792.1262041
NA	0
NA	27223.23049
NA	0
NA	2993.6198477
NA	0
NA	0
100302208	0
NA	0
NA	0
100313921	0
NA	2440.17752291
NA	0
NA	0
NA	0
100302172	0
NA	3191.00137612
NA	0
100302148	0
NA	0
NA	0
NA	0
100302112	0
NA	0
NA	0
NA	0
NA	0
NA	0
NA	0
NA	0
NA	0
NA	0
NA	0
NA	0
NA	0
NA	0
100313770	0
NA	63251.3342078
NA	0
NA	0
100302124	0
NA	0
NA	0
NA	0
NA	0
NA	0
NA	0
NA	0
NA	0
NA	0
NA	0
NA	0
NA	0
NA	2104.21105237
NA	0
NA	0
NA	0
100302265	0
NA	0
NA	0
NA	0
NA	0
NA	0
100302246	0
NA	0
100302259	0
NA	0
NA	0
100302214	0
100302203	0
NA	0
NA	0
NA	0
NA	0
NA	6913.83631493
NA	8478.28102852
NA	0
NA	0
NA	0
NA	0
NA	26745.6299551
NA	4148.30178896
NA	2119.57025713
NA	0
NA	0
NA	0
NA	3456.91815746
NA	0
NA	0
NA	0
NA	0
692212	7848.13851964
NA	0
NA	0
NA	0
NA	0
NA	0
NA	0
NA	0
NA	654.011543304
NA	0
NA	0
100302232	0
NA	0
NA	0
NA	0
NA	0
NA	0
NA	0
NA	6382.00275224
NA	0
NA	0
NA	0
100302235	0
NA	0
NA	0
NA	0
NA	2323.04900181
NA	0
NA	2323.04900181
NA	0
NA	0
NA	0
100302276	0
NA	0
NA	0
NA	4609.22420995
NA	0
100302123	0
NA	0
100313774	0
NA	0
NA	0
NA	0
NA	9074.41016334
NA	0
NA	0
NA	0
NA	0
NA	0
NA	0
NA	0
NA	0
NA	0
100313914	0
NA	0
NA	0
NA	0
NA	0
NA	0
NA	0
NA	0
NA	0
NA	0
NA	0
NA	0
135946	0
NA	12203.4620941
64641	4636.5786563
NA	4418.84320997
441150	135721.612878
5534	309981.635315
5671	333.19693084
2189	89669.4343534
393046	286.654615229
386676	0
9179	109769.230947
81318	0
84226	16488.8136925
NA	0
401335	0
NA	0
83895	0
259287	0
NA	0
346525	0
353333	0
353323	0
91584	47586.8897498
4102	162.405551022
1052	372909.094242
100529240	463.867612183
5676	97.4269838037
NA	1108.32490545
81850	0
4995	269.870934226
NA	16172.6659231
63920	49935.6259792
284293	1392.23827164
26188	0
23467	475032.193447
NA	0
285877	0
221786	78981.1010462
135948	0
5520	222474.461886
55150	9367.13307183
400713	155536.219804
10626	26000.4376311
NA	5542.98945938
390260	0
641654	0
392138	0
259286	0
135941	204.206135884
200765	21128.6837784
53822	323.544429222
389668	594.890909556
NA	16165.5471776
388759	6172.84942909
283093	0
84561	177472.459994
3809	0
NA	768.204034992
80830	217678.25285
3995	43813.6728816
346528	0
NA	250.760902614
26686	0
81669	178552.598461
7311	2049661.84862
343263	4220.18404466
9374	24395.9652827
442361	0
NA	54828.4265311
57232	21170.3323071
9220	2230.77124495
143496	0
NA	249.468320642
NA	0
285941	143.115389466
NA	384.271449352
NA	0
149478	42484.738492
222234	26388.6108671
105375614	168.044632654
84084	377.731545011
NA	0
101928147	0
NA	15263.6232491
NA	12790.0332482
NA	2469.22725533
NA	0
122706	0
NA	142.623342449
NA	0
NA	7514.48383212
NA	1645.99598617
NA	93.8833253239
641455	0
NA	916.028786205
653781	515.01234152
112597	68310.143174
NA	0
NA	7565.03933457
NA	550.485545454
149069	1398.30397381
414236	39502.9215702
NA	2713.84229184
NA	0
NA	0
NA	0
NA	1001.31422492
NA	0
NA	0
NA	0
NA	0
NA	0
NA	0
NA	0
NA	0
NA	0
NA	0
NA	0
NA	0
NA	7509.8566869
NA	0
NA	5827.04599117
NA	0
NA	0
NA	0
NA	0
NA	0
NA	0
NA	0
NA	0
NA	0
NA	0
NA	0
NA	0
NA	0
NA	4594.63805739
NA	0
NA	0
NA	0
NA	0
NA	0
NA	0
NA	0
NA	0
NA	0
NA	0
NA	0
NA	0
NA	0
NA	0
NA	0
NA	0
NA	0
NA	0
NA	0
NA	0
NA	0
NA	0
NA	0
NA	0
NA	0
NA	0
NA	0
100302126	0
NA	0
NA	0
NA	0
NA	2792.1262041
NA	0
NA	0
NA	0
NA	0
NA	0
NA	0
NA	0
NA	3056.64342344
NA	0
NA	2933.14267906
NA	0
NA	2903.81125227
NA	0
NA	0
NA	0
NA	0
NA	0
NA	0
NA	0
NA	0
NA	2664.04702043
NA	0
100302144	0
NA	0
NA	0
NA	0
NA	0
NA	0
NA	0
NA	0
NA	0
NA	49670.4556309
NA	0
NA	0
NA	0
NA	0
NA	0
NA	0
NA	0
NA	0
NA	0
NA	9573.00412836
NA	0
NA	0
NA	0
NA	0
NA	0
NA	4270.3106651
NA	0
NA	0
NA	0
NA	0
NA	0
NA	0
NA	2739.44457761
NA	0
NA	824.946378485
NA	0
NA	0
NA	0
NA	0
NA	0
NA	0
NA	0
NA	0
NA	0
NA	0
NA	3416.24853208
NA	0
NA	0
NA	0
NA	0
NA	0
NA	0
NA	0
NA	0
NA	0
NA	0
NA	5427.68458368
NA	0
NA	0
NA	0
NA	2616.04617321
NA	0
NA	0
NA	907.441016334
NA	1613.22847348
NA	0
NA	0
NA	0
NA	0
NA	0
NA	0
NA	1962.03462991
NA	0
NA	0
NA	0
NA	0
NA	0
NA	0
NA	0
NA	0
NA	0
NA	0
NA	0
NA	0
NA	0
NA	0
NA	0
100302115	0
NA	0
NA	0
NA	0
NA	0
NA	0
NA	0
NA	0
NA	0
NA	0
NA	0
NA	0
NA	0
NA	0
NA	0
NA	0
NA	2251.01647463
NA	0
NA	0
NA	0
NA	952.069263039
NA	0
NA	0
NA	2639.82841115
NA	0
NA	0
NA	0
NA	0
NA	0
NA	0
NA	2688.71412247
NA	0
NA	0
NA	0
NA	0
NA	0
NA	0
NA	0
NA	0
NA	0
NA	0
NA	0
NA	0
NA	0
NA	1622.24092306
NA	0
NA	0
NA	0
NA	0
NA	0
NA	0
NA	0
NA	0
NA	0
NA	0
NA	0
NA	0
NA	0
NA	0
NA	0
NA	0
NA	0
NA	0
NA	0
NA	0
NA	0
NA	0
NA	0
NA	0
NA	0
NA	3262.70927221
NA	0
NA	0
NA	0
NA	0
NA	0
NA	0
NA	0
NA	2639.82841115
NA	0
NA	0
NA	2074.15089448
NA	0
NA	1067.57766628
NA	0
NA	0
NA	0
NA	0
NA	0
NA	0
NA	0
NA	0
NA	0
NA	0
NA	0
NA	0
NA	0
NA	0
NA	0
NA	17830.4199701
NA	0
NA	0
NA	0
NA	0
NA	0
NA	0
NA	0
NA	0
NA	0
NA	0
NA	9074.41016334
NA	0
NA	0
NA	0
NA	0
NA	0
NA	0
NA	0
NA	0
NA	0
NA	0
NA	2713.84229184
NA	0
NA	0
NA	0
NA	0
NA	1744.03078214
NA	0
NA	2792.1262041
NA	0
NA	0
NA	0
NA	0
NA	0
NA	0
NA	0
NA	0
NA	12444.9053669
NA	0
NA	0
NA	0
NA	0
NA	0
NA	0
NA	3629.76406534
NA	0
NA	0
NA	0
NA	0
NA	0
NA	0
NA	0
NA	0
NA	0
NA	0
NA	0
NA	0
NA	0
NA	0
NA	0
NA	0
NA	0
NA	0
NA	0
NA	0
NA	0
NA	0
NA	0
NA	0
NA	0
NA	0
NA	5377.42824494
NA	0
NA	0
NA	0
NA	0
NA	0
NA	0
NA	0
NA	2819.2342255
NA	0
NA	0
NA	0
NA	3056.64342344
NA	0
NA	0
NA	0
NA	0
NA	0
NA	0
NA	2251.01647463
NA	0
NA	0
NA	0
NA	0
NA	0
NA	0
NA	2765.53452597
NA	851.557551985
NA	0
NA	0
NA	0
NA	0
NA	0
NA	0
NA	0
NA	2846.87377673
NA	0
NA	0
NA	0
NA	0
NA	0
NA	0
NA	0
NA	0
NA	0
NA	0
NA	0
NA	0
NA	0
NA	0
NA	0
NA	0
NA	0
NA	0
NA	5478.88915522
NA	0
NA	0
NA	0
NA	0
NA	0
NA	0
NA	0
NA	0
692111	0
NA	0
NA	0
NA	0
NA	0
NA	0
NA	2713.84229184
NA	0
NA	0
NA	0
NA	0
NA	0
NA	2765.53452597
NA	0
NA	0
NA	0
NA	0
NA	0
NA	0
NA	0
NA	0
NA	2664.04702043
NA	0
NA	0
NA	0
NA	0
NA	4609.22420995
NA	0
NA	0
NA	0
NA	0
NA	0
NA	0
NA	22337.0096328
NA	36297.6406534
NA	0
NA	2875.06064581
NA	0
NA	0
NA	0
NA	0
NA	0
NA	1528.32171172
NA	0
NA	0
NA	11139.9408655
NA	0
NA	10370.7544724
NA	0
NA	55378.3075005
NA	0
NA	0
NA	1341.25231052
NA	0
NA	0
NA	37156.2945183
NA	0
NA	0
NA	0
NA	5912.73784399
NA	0
NA	0
NA	0
NA	0
NA	1313.94174311
NA	0
NA	0
NA	0
NA	762.155184322
NA	0
NA	1297.79273844
NA	3291.47371164
NA	0
NA	0
NA	28053.1357561
NA	0
NA	0
NA	834.428520767
NA	989.560820538
NA	0
NA	0
NA	0
NA	1042.66113187
NA	0
NA	11681.9992907
399939	0
NA	0
NA	748.404961925
NA	0
NA	0
NA	410.142832241
NA	0
NA	0
NA	0
NA	0
NA	0
NA	0
NA	552.055371154
NA	0
645188	0
NA	0
NA	1343.11343768
377630	304.064005473
401447	304.064005473
NA	343.240100741
NA	0
NA	782.698450746
NA	3226.45694697
NA	0
NA	0
NA	1809.22819456
NA	9367.13307183
NA	4033.07118371
NA	2993.6198477
NA	2049.74911925
NA	8882.24618341
NA	1341.25231052
NA	0
NA	0
NA	0
NA	10129.5741358
NA	49642.3614818
NA	0
NA	23269.4844183
NA	0
NA	9918.14089959
NA	215.816518192
NA	0
NA	0
NA	0
NA	0
NA	0
NA	0
118460	168548.407831
NA	0
NA	333.388203475
NA	233.801228041
6293	301795.173454
NA	0
NA	438.642183122
NA	0
NA	885.308308618
NA	0
NA	39455.4999086
NA	12447.8205473
146822	745.522786205
NA	3109.83802117
NA	3555.68724768
NA	0
NA	0
NA	0
NA	110.453071596
NA	578.942716203
NA	412.86415909
NA	0
NA	0
NA	68.6317951375
NA	51465.2426555
NA	0
NA	58391.8567032
NA	0
NA	0
NA	0
NA	0
NA	1496.80992385
NA	0
NA	0
NA	0
NA	11039.7533505
284391	96896.0582517
NA	0
NA	364.342691627
NA	0
NA	25373.1080295
NA	7967.77477757
NA	0
NA	0
NA	0
NA	8077.36092425
NA	1812.36485925
646588	97.8373063433
NA	8043.79848274
NA	4609.22420995
NA	0
NA	213.987564648
NA	506.773342455
100288520	0
NA	824.946378485
NA	3122.37769061
548596	7285.21317713
NA	94993.4687366
NA	0
NA	303.428553006
NA	654.011543304
NA	0
NA	7055.98995878
NA	454.430555911
NA	0
NA	0
NA	0
389857	0
NA	0
NA	0
NA	0
105374644	0
NA	680.846718
NA	1552.84024185
NA	4208.42210474
340900	0
NA	206.971578921
NA	0
NA	0
NA	0
NA	0
3045	273.428554828
NA	0
NA	49795.6072162
730291	0
NA	0
NA	0
NA	0
NA	0
NA	899.0127716
NA	0
NA	0
NA	2074.15089448
NA	0
NA	0
NA	0
NA	0
NA	0
NA	0
NA	491.338621365
NA	0
NA	0
342931	0
NA	0
NA	0
NA	768.204034992
NA	0
NA	0
NA	0
NA	1643.66674657
NA	0
NA	486.60431542
NA	128.090483117
NA	3131.56115441
NA	1402.80736825
NA	0
NA	0
NA	1059.78512857
728819	22479.1327058
NA	0
NA	0
NA	791.229224051
NA	541.755830647
NA	45095.4722776
NA	0
NA	0
NA	0
NA	0
NA	820.285664483
NA	0
NA	0
NA	0
NA	0
NA	8836.61919541
NA	0
NA	0
NA	0
NA	0
NA	1138.74951069
NA	1958.06557806
NA	0
NA	1439.90640608
NA	0
NA	727.468372176
NA	2258.46647123
155400	23606.2631873
NA	0
NA	0
NA	0
NA	6694.66571128
105373185	1391.04730648
NA	837.637861231
NA	0
NA	0
NA	0
NA	0
NA	1075.48564899
NA	0
NA	4334.04664518
NA	1652.57550942
NA	0
NA	1356.92114592
NA	0
NA	651.565726014
NA	0
NA	0
NA	313.925540786
NA	0
NA	0
NA	0
NA	0
NA	0
NA	131.692120284
NA	948.957925578
NA	0
NA	0
NA	0
NA	0
NA	53452.9401013
NA	0
NA	22496.7498686
NA	0
NA	542.768458368
NA	0
NA	0
NA	2297.0683665
NA	0
NA	0
NA	27415.5590291
NA	0
642852	50727.9751475
NA	0
NA	0
NA	9416.17565336
NA	2163.79377963
NA	996.50351828
NA	0
NA	403.868046213
NA	0
NA	0
NA	4433.29962178
NA	434.052504076
NA	839.251807014
NA	1038.9306806
NA	1866.20260429
NA	0
NA	0
NA	24026.8070519
NA	4691.97509343
NA	0
10715	22283.4436625
NA	162936.075822
NA	98367.5898465
NA	0
NA	725.952813067
NA	0
NA	0
NA	0
NA	0
NA	0
NA	19963.7023593
NA	0
NA	0
NA	0
NA	0
NA	0
NA	5279.65682231
NA	784.813851964
NA	42830.2336262
NA	0
NA	0
NA	46761.1752353
NA	0
NA	1075.48564899
105375267	377.854424498
NA	0
NA	0
NA	0
NA	1718.23151022
NA	0
NA	0
NA	308.260217863
NA	257.887322582
NA	0
NA	0
NA	0
NA	5840.99964537
103752554	0
NA	1490.83293043
NA	0
NA	0
NA	10559.3136446
NA	0
NA	3262.70927221
3115	3732297.42217
NA	0
NA	0
NA	0
NA	0
NA	0
NA	632.638617052
NA	0
NA	0
NA	0
NA	1400.55205093
NA	11282.7022072
NA	0
NA	0
NA	0
NA	0
NA	1954.112552
NA	0
NA	627.173056645
NA	0
NA	0
NA	85148.3537376
NA	0
NA	0
NA	0
NA	0
NA	259.965197159
NA	0
NA	0
NA	0
NA	0
NA	948.957925578
NA	450.902368365
NA	0
NA	1504.56541568
NA	586010.102114
NA	0
NA	2255.3873804
NA	0
NA	0
NA	0
NA	321.930294043
NA	474.866925964
NA	15337.031262
NA	306.632655995
NA	0
NA	3366.73768379
NA	1606.5345794
NA	3208.63121798
NA	0
NA	0
NA	0
NA	1001.31422492
NA	1803.60947346
NA	583.261944502
NA	0
NA	327.743933665
NA	0
114902	0
NA	0
NA	532.809404086
NA	0
NA	14165.6759579
NA	22208.6039289
NA	1204.90093455
NA	274.592080593
NA	419.020382723
NA	0
NA	0
NA	4554.99804277
NA	17441.7234308
NA	287.506064581
NA	0
NA	467.97925097
NA	0
NA	0
NA	0
NA	1344.35706124
NA	0
NA	3089.16090667
NA	0
NA	342.632596138
NA	0
NA	0
NA	667.542816613
NA	0
NA	247.659808296
NA	0
NA	0
NA	0
NA	1931.58176426
NA	0
NA	0
NA	1426.9342763
NA	2920.0336615
NA	0
NA	0
NA	1826.29638507
NA	0
NA	19358.7416818
NA	0
NA	6985.11297797
NA	0
NA	0
NA	2435.06184677
NA	161858.965572
NA	3299.78551394
NA	101.531861967
NA	0
NA	0
NA	0
NA	1608.75969655
NA	166465.495532
NA	0
NA	0
NA	0
NA	0
NA	0
NA	11014.4564741
NA	19065.4274139
NA	0
NA	39887.5172015
NA	0
NA	9483.1673779
NA	0
NA	0
80772	290494.732866
NA	0
NA	2892.96264236
100507500	413.943157843
NA	458.014393102
NA	778.501676211
NA	1113.99408655
NA	0
NA	0
NA	197.26978616
NA	731.438602587
NA	1749.28388691
NA	2995.82590507
NA	2109.30599438
NA	0
NA	0
NA	0
NA	1136.76821533
NA	0
NA	0
NA	0
NA	0
NA	48146.7515209
NA	334.155495083
NA	3897.73322452
NA	9979.1561915
NA	137.491063081
NA	0
NA	634.019924076
NA	2109.65891994
NA	0
728036	0
NA	437.320971727
NA	0
NA	0
NA	0
NA	98238.390624
NA	0
NA	2286.46555297
NA	293.610844517
NA	664.487700748
NA	0
NA	0
NA	0
100129515	0
347549	0
NA	0
NA	16765.6538815
NA	268.027621587
NA	0
NA	0
NA	0
NA	0
NA	1752.8035728
NA	0
NA	0
NA	0
NA	0
NA	0
NA	616.520435726
NA	2360.82215632
NA	15194.3612037
NA	0
NA	0
NA	0
NA	131.811677361
NA	0
NA	50729.2327204
105374250	0
NA	342.027238194
NA	3515.50999064
NA	899.0127716
NA	0
NA	2503.2855623
NA	0
NA	0
105374978	0
NA	4676.10730767
NA	0
NA	989.373510143
NA	0
NA	716.106350744
102724373	0
NA	0
NA	0
NA	15728.9776165
NA	74.9177309667
NA	0
100996485	1309.99003862
NA	339.032253622
NA	0
401022	31845.5490869
NA	0
NA	0
NA	0
NA	7830.50225331
NA	597.492027216
NA	152.351062553
NA	7374.75873592
NA	3416.24853208
NA	2722.323049
NA	0
NA	0
NA	9766.18134171
NA	337.456275685
NA	0
NA	0
NA	0
NA	2104.21105237
NA	795.564726649
NA	554.162452723
NA	0
NA	370.3840883
NA	0
NA	718.765161453
NA	525.101492273
NA	0
NA	0
NA	693.447463228
NA	1430.44889274
NA	281.92342255
NA	20449.375016
NA	0
NA	0
NA	0
NA	0
NA	0
NA	0
NA	602.450467276
NA	0
NA	0
NA	0
NA	0
NA	0
NA	0
NA	0
NA	12454.2694793
NA	0
NA	5941.30179492
NA	0
NA	0
284930	0
NA	129.058277879
NA	0
NA	0
NA	11586.2793108
NA	0
NA	0
NA	1770.61661724
NA	487.871514158
NA	10421.5085726
NA	8570.27626538
NA	0
NA	1657.13548198
NA	0
NA	243.200272384
NA	1430.44889274
NA	2223.43893742
NA	0
NA	589.406884764
NA	0
NA	0
NA	1656.16611346
NA	0
NA	0
NA	2277.49902139
NA	54290.8107199
NA	0
NA	0
400511	299.670923867
NA	0
NA	866.809329035
NA	0
NA	4130.59922087
NA	794.476402809
NA	2302.00212524
NA	17778.4362384
NA	0
NA	0
NA	2216.64981089
NA	0
NA	393.470359386
NA	0
NA	0
NA	4683.56653592
NA	0
NA	1744.77929321
NA	0
NA	0
NA	0
NA	0
NA	0
NA	0
NA	0
NA	0
NA	0
NA	0
NA	509.440570573
NA	0
NA	0
NA	0
NA	0
NA	0
NA	0
NA	159.769532449
NA	0
NA	1350.60988478
NA	0
NA	0
NA	0
NA	0
NA	0
NA	1742.65362581
NA	0
NA	0
NA	0
NA	0
NA	90340.794515
NA	0
NA	0
NA	16910.1093589
NA	0
92340	63025.7439833
NA	0
NA	638.200275224
NA	0
721	98915.6615444
NA	0
NA	0
NA	237.822379383
100506115	11136.6078218
NA	0
NA	2746.84848188
NA	0
NA	0
NA	0
NA	0
NA	0
NA	0
NA	0
NA	735.142089182
NA	0
NA	10446.315525
NA	0
NA	132.111521941
NA	101.213358392
NA	21618.8993401
NA	509.440570573
NA	0
NA	3635.44444728
NA	670.626155258
199800	507.068321118
NA	0
NA	11564.8341934
NA	0
NA	0
NA	6432.49328034
NA	3748.86874957
NA	395.884287971
NA	1469.87071262
NA	0
NA	0
NA	0
NA	1240.9449796
NA	330.730210965
100129239	0
NA	0
NA	0
NA	0
NA	0
NA	2208.22148461
NA	0
NA	20275.9887939
NA	168.434527394
NA	454.430555911
NA	0
NA	7542.36688901
NA	388.729752646
NA	0
NA	0
NA	0
110841583	12124.4728696
NA	0
342371	145190.562613
NA	0
NA	1001.31422492
NA	748.404961925
NA	1897.91585116
NA	0
NA	343.646302044
NA	284.037618416
NA	0
NA	0
NA	0
NA	0
NA	0
NA	0
NA	0
NA	0
NA	1262.52663142
NA	0
NA	0
NA	0
NA	0
NA	2503.2855623
NA	98.002404734
NA	615.214248362
NA	0
NA	8329.81213126
NA	221624.215116
NA	0
NA	0
NA	0
NA	0
NA	0
NA	0
NA	23278.652748
NA	0
NA	0
NA	0
NA	0
NA	0
NA	0
221710	49676.9757747
NA	0
NA	314.776287509
NA	0
NA	50389.6658482
NA	0
NA	0
NA	0
NA	0
NA	28776.5079054
NA	0
NA	31392.5540786
NA	0
NA	0
NA	0
NA	63742.1982205
NA	530.861289263
NA	3337.71408307
NA	1929.44269254
NA	0
NA	64791.2885662
NA	247.765465211
NA	505.890462068
NA	0
NA	0
NA	3652.59277015
NA	0
NA	540.411523375
NA	672.957416516
NA	0
NA	0
NA	0
NA	526.052763092
NA	415.42364124
NA	85406.213302
NA	0
NA	0
NA	0
NA	0
NA	4721.64431263
2880	290.091034193
NA	0
NA	0
NA	2122.66904406
NA	0
NA	8206.42310424
NA	0
NA	12725.0820633
NA	65924.363565
NA	3176.04355717
NA	411.304709953
NA	1659.32071558
NA	0
NA	0
NA	0
NA	0
NA	0
NA	3467.23731614
NA	219.902404564
NA	0
NA	1338.1618674
NA	0
101928436	1820.57131804
NA	415.621839542
NA	42561.7724919
NA	0
NA	774.349667272
NA	0
NA	13878.5096616
NA	0
NA	225.451184182
NA	789.079144638
NA	1008.26779593
NA	1338.1618674
NA	1396.06310205
NA	0
NA	268320.368363
NA	0
NA	0
NA	2173.51141637
NA	0
NA	0
NA	0
NA	0
NA	0
NA	23230.4900181
NA	0
NA	0
NA	0
NA	77665.8205462
NA	317.703638104
NA	0
101927801	0
NA	0
NA	0
NA	0
729396	0
26749	0
NA	16714.769113
NA	0
NA	1037.07544724
NA	0
NA	5630.65893792
NA	0
NA	2054.80371663
NA	611.328684688
NA	0
NA	0
NA	523.209234643
NA	0
100144595	0
NA	3675.71044591
NA	1168.5357152
NA	0
NA	3067.4062524
NA	0
NA	1068.36322747
NA	0
NA	0
NA	0
NA	7395.10505671
NA	0
NA	1170.36727588
NA	683.249706416
NA	822.609419906
NA	0
NA	0
NA	0
NA	0
NA	2294.9693765
NA	0
NA	0
NA	0
NA	0
NA	0
NA	0
NA	0
642778	398.145966947
NA	446.740192657
101928887	0
NA	2395.44466273
NA	301.956109421
NA	0
NA	0
NA	0
NA	2792.1262041
NA	0
NA	241.782785368
NA	520.396281769
NA	1523.31082086
NA	1502.89676642
NA	0
NA	0
NA	0
NA	0
NA	0
NA	5642.68255299
NA	0
NA	5887.91221658
NA	1745.77830798
NA	1444.68221506
NA	260.899483582
NA	0
NA	885.308308618
NA	0
NA	0
NA	0
NA	686.480201482
NA	0
NA	0
NA	266.64933446
NA	596.265144203
NA	0
NA	24025.5811944
NA	0
NA	894.397716304
NA	107.429199122
NA	340.822916933
NA	0
NA	0
NA	8983.36256973
NA	0
NA	0
NA	161.054423309
NA	9906.39233183
101928298	0
NA	0
NA	8618.61787203
NA	1788.33641402
NA	0
NA	163.318968069
NA	0
NA	4957.72652826
NA	0
NA	2705.41421019
NA	3889.03292715
NA	363.886121838
NA	76439.2069432
NA	0
NA	230.644261499
NA	0
NA	0
NA	0
NA	1319.91420558
NA	0
NA	0
NA	0
NA	0
NA	0
NA	0
NA	4106.39975068
100129836	0
NA	0
NA	246.50350189
NA	0
NA	0
NA	1360.0989472
NA	0
NA	11584.3534
NA	0
NA	12312.980575
NA	0
NA	10013.1422492
NA	13994.2710953
NA	0
NA	3181.15412608
NA	434.052504076
NA	538.740492072
NA	21180.7408989
NA	0
NA	0
NA	0
NA	1058.49741881
NA	0
NA	5410.82842038
NA	0
NA	36592.7434229
NA	0
NA	26920.7501512
NA	257.202059545
NA	0
NA	0
NA	0
NA	0
NA	195159.116638
NA	0
NA	4599.48983992
NA	0
284184	282572.91183
NA	0
NA	0
NA	0
NA	0
NA	0
NA	6066.45804791
NA	0
NA	0
NA	2602.95776209
NA	749.370645747
NA	11067.6858161
NA	0
NA	384.61076189
NA	0
NA	5251.18151584
NA	0
NA	0
729442	0
NA	782.698450746
NA	550.58992269
NA	2788.97125924
NA	1635.95000128
NA	0
NA	1156.89691325
NA	0
NA	11749.5252982
NA	635.059869277
NA	0
NA	0
NA	0
NA	0
NA	0
NA	0
NA	0
NA	1340.22057797
NA	0
NA	0
NA	0
NA	6392.64651934
NA	0
NA	423.914051426
NA	511.684802162
401399	867.280037332
NA	0
NA	0
NA	0
NA	18743.2903566
NA	1125.50823731
NA	0
NA	0
NA	0
NA	3153.57434
NA	0
NA	0
NA	16460.8686938
NA	0
NA	1318.41600557
139420	0
NA	0
NA	0
NA	0
NA	0
NA	776.420120927
NA	0
NA	0
NA	591.40758702
NA	1233.04087145
NA	0
NA	9074.41016334
NA	525.101492273
NA	99.1400222693
NA	16593.2071558
NA	5412.99752377
NA	866.809329035
NA	0
NA	670.626155258
NA	0
387890	808839.73311
NA	0
NA	0
NA	834.428520767
NA	0
NA	851.557551985
NA	0
NA	6562.28531586
NA	16166.8292418
NA	0
NA	335.313077629
NA	0
NA	636.800713217
NA	0
NA	1049.2542917
NA	0
NA	1011.78092414
NA	876.401786399
NA	0
NA	0
NA	0
NA	0
NA	0
NA	1011.78092414
NA	17658.3116692
NA	3977.82363324
NA	227.03762723
NA	12810.9319953
NA	0
NA	0
NA	109393.440998
NA	27267.6535037
NA	0
NA	0
NA	2592.6886181
NA	1204.90093455
NA	0
NA	0
NA	0
102724929	0
NA	17246.8789529
NA	0
NA	0
NA	0
NA	447.888625029
NA	0
NA	2997.48258299
NA	0
NA	0
NA	0
NA	43619.4823302
NA	0
NA	15019.7133738
NA	0
NA	646.72856398
NA	502.389490012
NA	1378.66409603
NA	0
NA	11168.5048164
NA	0
NA	1044.53642168
NA	740.138806865
NA	0
NA	0
NA	0
NA	4334.04664518
NA	173.25842794
NA	24917.1922637
NA	3067.4062524
NA	0
NA	1260.69953065
NA	1705.61600721
NA	0
NA	615.866649474
NA	0
NA	0
NA	214.46168776
NA	0
NA	797.75034403
105373377	0
NA	619.14952074
NA	0
NA	0
NA	1083.51166129
NA	0
NA	0
NA	0
NA	0
NA	0
NA	0
NA	18619.8584115
NA	804.379848274
NA	167.366642782
NA	0
NA	2938.08895676
NA	22400.8296604
NA	297.5216447
NA	0
NA	12639.0043624
NA	31724.5766752
NA	0
NA	2664.04702043
NA	0
NA	0
NA	0
NA	0
NA	3544.83570979
NA	0
NA	483.163269928
NA	661.460421929
NA	0
NA	0
NA	30813.2220541
NA	648.172154524
NA	1352.70710509
NA	703.954242974
NA	0
NA	13827.6726299
NA	1034.85789461
NA	5656.77516676
NA	538.241195972
NA	3686.07916367
NA	0
NA	0
NA	0
NA	10948.7965249
NA	3277.43933665
NA	390.297211326
388428	0
NA	0
NA	0
NA	1220.08876146
NA	0
NA	1012.95741358
NA	0
9842	127751.340915
NA	234.178326796
NA	316.664258699
NA	28598.1411208
NA	7933.22241513
NA	0
NA	0
NA	670.110288985
NA	94014.9416604
NA	0
NA	2848.03719062
NA	0
NA	0
NA	0
503638	1211.60413864
NA	0
NA	833.231349288
NA	0
NA	244.840746397
NA	1610.24653545
NA	4972.79560586
NA	0
NA	0
NA	0
NA	4371.32876686
NA	0
NA	0
NA	0
100506159	0
NA	0
NA	4477.24201892
NA	729.600817153
NA	0
NA	0
NA	3156.31657855
NA	0
NA	0
NA	0
NA	0
NA	1061.07597525
NA	0
NA	1498.74129149
NA	0
NA	0
NA	0
NA	0
NA	0
NA	21870.8107022
NA	0
NA	6547.48873116
NA	17823.3932036
NA	5206.03610964
NA	0
NA	1033.38478728
NA	0
NA	0
NA	0
NA	0
NA	450.203294925
NA	0
NA	1482.3767028
NA	0
NA	29345.2135952
NA	0
NA	0
NA	0
NA	921.84484199
NA	0
NA	3270.05771652
NA	0
NA	3139.25540786
NA	11881.3881026
NA	0
NA	0
NA	0
NA	0
NA	15044.4168497
NA	0
NA	1159.20608873
NA	2965.28670842
NA	0
NA	0
NA	0
NA	0
NA	0
NA	0
NA	0
645836	0
NA	1425.76657231
NA	489.062947751
NA	533.788833138
NA	669.852653349
NA	511.234375399
NA	0
NA	6496.22204087
NA	0
NA	0
NA	18614.174694
NA	1752.02802719
NA	0
NA	176775.877989
NA	1246.27092372
NA	0
NA	1190.0865788
NA	0
NA	0
NA	0
NA	0
NA	367.571044591
NA	2578.87322582
NA	17284.5907873
NA	961.526904725
NA	143.256598533
NA	0
NA	0
NA	15409.5583787
196993	1325.01039942
NA	0
NA	0
NA	0
NA	0
NA	501.521805228
NA	103.22827061
NA	0
NA	55753.1760436
NA	0
NA	1048.30731129
NA	0
207107	17846.7272867
NA	0
NA	696.357614453
105377003	0
NA	0
NA	0
NA	930.708734701
NA	525.101492273
NA	0
105373251	0
NA	0
NA	0
NA	942.795861126
NA	8475.02516023
NA	847.828102852
NA	1664.0752162
NA	0
NA	7445.66987761
NA	2547.20285287
NA	483.968542045
NA	5882.49056629
NA	504.484234237
NA	0
NA	551.531102045
NA	3641.14263607
NA	0
NA	0
NA	11542.3459818
NA	664.86806005
NA	0
NA	4521.50541011
NA	1020.67179342
NA	0
NA	0
NA	0
NA	3271.90000256
NA	0
NA	11341.1668111
NA	0
NA	0
NA	30083.1045764
NA	548.924622357
NA	942.795861126
NA	0
NA	500.65711246
NA	2280.48004105
NA	0
NA	73.5328248232
NA	2323.04900181
NA	0
NA	0
NA	0
NA	488.857113177
NA	0
NA	271.130835879
NA	0
NA	463.053939128
NA	0
NA	0
554203	110655.739385
NA	22268.0986291
NA	25346.3600767
NA	2220.88814705
NA	4118.88120889
NA	0
NA	0
NA	0
NA	0
NA	0
NA	0
NA	0
NA	11316.1062017
NA	822.609419906
NA	0
NA	0
NA	409.131560728
NA	0
NA	12716.520365
NA	441.085253509
NA	790.152721706
NA	0
NA	0
NA	0
NA	0
NA	0
NA	0
NA	5044.62323955
NA	81152.1395596
NA	0
NA	0
NA	0
NA	6247.18335765
NA	645.291389393
NA	0
NA	0
NA	7073.839835
NA	0
NA	20778.6136119
NA	0
NA	0
100129480	48423.3150324
NA	3515.50999064
NA	2481.8899592
NA	562.481598502
NA	7169.90432659
NA	661.460421929
NA	0
NA	2538.8513681
NA	894.030557964
NA	0
NA	0
NA	0
NA	0
NA	2222.3045298
NA	0
NA	0
NA	0
NA	0
NA	0
NA	0
NA	616.520435726
100191040	4297.0456778
NA	0
NA	8483.04410775
NA	0
NA	0
NA	0
NA	0
NA	0
NA	703.101998128
NA	0
NA	0
NA	116.431886619
NA	948055.133173
NA	306.309203826
NA	3616.84675549
NA	483.163269928
NA	1479.02101134
NA	0
NA	0
NA	0
NA	0
NA	0
NA	22774.9902139
NA	0
NA	93.7318028492
NA	0
NA	0
NA	348.806156429
NA	0
NA	0
NA	0
NA	0
NA	971.174331862
105375589	0
NA	628.530574084
84627	28607.5783038
NA	0
NA	24563.9622548
NA	0
NA	0
NA	0
NA	0
NA	0
NA	0
NA	0
NA	773793.381591
NA	0
NA	283.022539207
NA	0
NA	0
NA	801.051379936
NA	0
NA	0
NA	9018.04736729
NA	0
NA	0
NA	372175.324342
NA	612.18789577
NA	0
NA	0
NA	0
NA	0
NA	0
NA	0
NA	0
NA	0
NA	397.782363324
NA	2380.1731576
348262	441806.387255
NA	397.238201405
NA	0
NA	0
NA	278.783722376
NA	0
NA	220.822148461
NA	0
NA	2488.98107337
NA	3584.95216329
105372988	974.43330613
NA	0
NA	0
NA	0
NA	65.0204042156
NA	940.886594498
NA	0
NA	603.70296305
NA	0
NA	2399.84401014
NA	16584.5917835
65010	25698.2511577
NA	12539.184953
NA	0
NA	641.017936483
NA	169.41722592
NA	5821.59433093
NA	0
NA	329.230300711
NA	0
NA	681.645833866
NA	0
NA	0
NA	0
NA	0
NA	0
NA	3629.76406534
NA	5314.16438324
NA	1225.2368153
NA	0
NA	176.845995875
NA	204.421770663
NA	1788.79543261
NA	0
NA	0
NA	0
NA	827.768315926
NA	1017890.25888
NA	0
NA	0
NA	4760.34631519
NA	0
NA	0
NA	119445.431923
NA	0
NA	194.495060433
NA	0
NA	812.254895739
NA	0
NA	0
138948	1493.31106942
NA	0
NA	0
NA	424.533808811
NA	0
NA	3006.0157891
NA	0
NA	0
728635	1057.46950192
NA	0
NA	0
NA	0
NA	8490.67617622
NA	164.057132897
NA	0
NA	0
NA	620.851520033
NA	0
346517	0
440823	5123.63045815
NA	0
NA	2846.87377673
NA	1037.07544724
NA	67747.9922957
NA	658.460601421
NA	4970.3155075
NA	444.007836738
NA	1251.64278115
NA	0
NA	0
NA	1516.35052338
NA	0
NA	199557.072843
NA	0
100129216	5453.16667093
NA	7254.75526537
NA	0
NA	15621.7693951
NA	0
NA	0
NA	0
NA	0
NA	0
NA	0
NA	0
NA	0
NA	3761.41353921
NA	0
NA	0
NA	0
NA	0
100128071	7655.03845062
267004	34154.4074463
2074	34154.4074463
NA	634.019924076
NA	0
NA	0
NA	0
NA	0
NA	417187.168548
NA	856.581490345
NA	297.5216447
NA	0
NA	1662.03424087
NA	2164.33136815
NA	60267.7807075
NA	1678.50361403
NA	9745.44163162
NA	0
NA	2329.26036278
NA	0
NA	1172.07315934
NA	1749.28388691
NA	6237.62014884
NA	944.328862526
NA	0
NA	518.846560858
NA	1050.4140382
102724231	0
NA	0
NA	620.141217783
NA	0
NA	0
NA	7496.55144853
NA	0
NA	0
NA	0
729254	0
NA	359.160328048
NA	703.527862452
NA	5445.38596023
NA	1646.77386707
NA	397.782363324
NA	0
NA	0
NA	0
441581	0
NA	0
NA	623.804780294
NA	0
NA	0
NA	5882.49056629
NA	0
NA	0
NA	0
NA	13320.2351021
NA	0
NA	419.868602121
NA	0
NA	2463.46659789
NA	0
NA	1776.03134695
51406	633700.364436
NA	610.044380729
NA	0
NA	0
NA	286.089778549
NA	424.533808811
NA	0
NA	204.062631923
NA	671.660274233
100128553	224.405815477
NA	0
NA	0
NA	0
NA	390.297211326
NA	0
NA	7926.03567617
NA	10600.614741
NA	0
NA	0
NA	0
NA	0
NA	1481.5363532
NA	0
NA	0
4909	6903.72097284
NA	0
NA	604.960677556
NA	64.9622204087
NA	1302.15751223
NA	0
NA	0
NA	0
NA	1088.73480267
NA	1492.19488811
NA	1613.22847348
392617	11177.2188644
NA	61406.7612487
NA	0
NA	1472.14765641
NA	21076.0494116
101928527	226804.809622
NA	0
NA	7144.70255391
NA	1209.92135511
NA	1542.93902884
NA	0
NA	0
NA	583.09462897
NA	507.215939261
NA	1849.56130718
NA	91099.9608555
NA	451.837850457
NA	0
NA	0
NA	0
NA	0
NA	0
NA	5946.37116506
NA	0
NA	0
NA	0
NA	1021.56948189
NA	0
NA	1708.12426604
NA	0
NA	0
NA	39459.4560413
NA	0
NA	0
NA	13493.8724457
NA	0
NA	349.015775513
NA	0
NA	0
728062	0
NA	0
NA	3163.68541103
NA	1622.88852422
NA	0
NA	3489.94264525
NA	815.677318053
NA	5325.76736224
NA	0
NA	0
NA	0
NA	0
NA	4636.82435492
NA	1112.57136102
NA	0
NA	0
NA	0
NA	0
NA	0
NA	0
NA	0
NA	2365.25979195
NA	1419.95660258
NA	0
NA	15369.2712676
NA	3579.06070534
NA	0
NA	0
NA	0
NA	0
NA	817.975000639
NA	0
NA	0
NA	0
NA	0
NA	67732.2721011
NA	1084.86099088
NA	0
NA	0
NA	3800.80006841
NA	0
NA	0
105377959	0
NA	1017.69085944
NA	0
NA	1701.45190563
NA	0
NA	768071.156456
NA	3187.10991103
NA	6711.97248091
NA	0
NA	1010.02130514
NA	369.441635149
NA	922.984328816
NA	0
NA	0
NA	0
NA	0
NA	196.601980519
NA	5819.26102659
NA	140.756725752
NA	467.602456082
NA	6028.67388014
NA	0
NA	0
NA	0
NA	0
NA	0
NA	0
NA	0
NA	7445.66987761
NA	0
NA	0
NA	2511.72649001
NA	0
348751	18550.9359912
NA	333.899339088
NA	220.990201847
NA	0
NA	0
NA	1749.28388691
NA	0
NA	259.500558737
NA	1678.50361403
NA	308510.93359
NA	3226.45694697
NA	0
NA	0
NA	0
NA	0
NA	0
NA	152.351062553
NA	223.198405247
NA	0
NA	2352.62485716
NA	0
NA	0
NA	0
NA	2069.22417026
NA	0
NA	0
NA	1060.75296887
NA	0
NA	0
NA	0
NA	1339.7053067
NA	0
NA	0
NA	0
647310	2558.87491388
NA	15604.5931781
100129215	4671.01005727
NA	0
NA	0
NA	0
NA	0
NA	527.0074868
NA	0
NA	0
NA	1189.64334357
NA	0
NA	567.150635209
NA	0
NA	10941.8974723
NA	0
NA	0
NA	371.331362183
NA	0
NA	581.926102659
NA	0
NA	0
NA	43469.2713603
NA	813.392507638
NA	0
NA	0
NA	782.698450746
NA	0
NA	0
NA	0
NA	223421.094067
NA	0
NA	0
NA	0
NA	0
NA	581.926102659
NA	3360.89265309
NA	0
NA	753.584235018
NA	2505.98597823
NA	794.295304929
NA	0
NA	721.264593211
NA	0
NA	139.606310205
NA	866.809329035
NA	85344.99021
NA	4683.56653592
NA	227.571414755
NA	1708.12426604
105378044	0
NA	0
NA	0
NA	71.9477515428
NA	1595.50068806
NA	0
NA	0
NA	0
NA	3284.02881005
NA	412.473189243
NA	0
NA	445.369823968
NA	4583.84301937
NA	4844.7320163
NA	0
NA	0
NA	0
NA	1532.35422283
NA	0
NA	0
NA	11661.8925794
NA	149.066286051
NA	0
NA	13075.3227119
NA	0
NA	619.14952074
NA	9332.52969883
143502	0
NA	0
NA	961.526904725
NA	1785.86177876
NA	0
NA	0
NA	0
NA	348.596788988
NA	0
NA	0
NA	0
NA	194.364876323
NA	0
NA	13923.9209312
NA	476.425143933
NA	13973.2270786
NA	1675.01802738
NA	0
NA	4123.75562452
NA	0
NA	1141.73443733
101928114	0
728763	48.5749623999
NA	0
NA	0
NA	6554.87867329
NA	23097.0404511
NA	989.710719928
NA	2389.96810886
NA	617.832181334
NA	36670.7441549
NA	7429.79424887
NA	0
NA	0
NA	0
NA	1209.92135511
NA	532.809404086
NA	0
NA	975.743028316
NA	0
NA	0
NA	340.423359
NA	543.784878702
NA	12356.6436267
NA	0
NA	0
NA	523.681019345
NA	203.063723935
NA	1986.64395822
NA	133610.94719
NA	481.161765082
NA	0
NA	20204.9311041
NA	0
NA	0
NA	0
NA	0
NA	0
139425	0
NA	0
NA	420.842210474
NA	0
NA	17196.8517478
NA	3158.70086363
NA	8106.35244901
NA	5769.16142835
NA	0
NA	0
NA	275.765551023
NA	0
NA	0
NA	549.964252324
NA	2044.9375016
NA	0
NA	37015.615963
196415	0
NA	0
NA	0
NA	0
NA	645.291389393
NA	0
NA	347.345843573
NA	0
NA	707.3839835
NA	0
NA	0
NA	0
NA	7275.3440961
NA	0
NA	58850.5747126
NA	309.57476037
NA	1195.74109216
NA	0
NA	971.174331862
NA	0
NA	1313.94174311
NA	0
NA	3191.00137612
NA	1800.8131797
NA	0
392197	0
645402	0
NA	0
NA	4966.60989556
NA	0
NA	0
NA	2867.96173064
NA	520.396281769
NA	16613.8454732
NA	281.104671081
NA	0
NA	0
NA	581.926102659
NA	0
NA	16593.2071558
NA	0
NA	0
NA	0
NA	0
NA	1559.09328981
NA	1413.04683809
NA	0
NA	310.568048371
NA	21340.345161
NA	0
NA	4537.20508167
NA	364.800408576
NA	0
NA	2758.62068966
NA	0
NA	18173.5125992
NA	441.085253509
NA	0
NA	0
NA	0
NA	0
NA	1805.21125807
79134	292697.633499
NA	0
NA	0
NA	0
NA	0
NA	0
NA	0
NA	0
NA	0
NA	0
NA	0
NA	0
NA	4384.38400459
NA	3986.92620449
NA	595.287259588
NA	2584.99518006
NA	984.342797379
NA	16132.2847348
NA	0
NA	0
NA	199.300703656
NA	0
NA	364.800408576
NA	0
NA	8058.1481728
NA	0
NA	0
NA	0
NA	0
NA	854.06213302
NA	0
NA	193.587416818
NA	0
NA	0
NA	44303.5879285
NA	1369.72228881
NA	0
NA	0
NA	8977.29994756
NA	13827.6726299
NA	0
NA	0
NA	0
NA	0
NA	0
NA	1617.72214611
NA	2883.62587117
NA	0
NA	0
NA	1282.03587297
NA	0
NA	699.713554764
NA	0
NA	890.739647935
NA	0
NA	176.953763088
NA	193.329643959
NA	0
NA	0
NA	406.696253819
NA	186.380696551
NA	0
NA	0
NA	222024.984434
NA	0
NA	0
NA	0
NA	0
NA	317.703638104
NA	0
NA	0
NA	0
NA	0
NA	11419.4824527
NA	0
NA	23866.9417995
NA	911.714678891
NA	0
NA	0
NA	0
NA	0
NA	0
NA	0
NA	0
NA	0
728042	0
NA	596.265144203
NA	156.624123639
NA	2313.79382651
NA	125941.813782
NA	1382.76726299
NA	0
NA	0
NA	651.078756114
NA	0
NA	0
NA	0
NA	0
NA	21421.5584184
NA	0
NA	0
NA	0
NA	0
NA	130.274170133
NA	1305.08370888
NA	0
NA	313.248247278
NA	0
NA	0
NA	2241.36374532
NA	0
NA	57438.0247701
NA	1386.06742352
NA	2754.2925157
NA	616.95706493
NA	993.095503512
NA	667.542816613
285643	0
NA	801.419848832
NA	0
NA	0
NA	0
NA	4855.87165931
NA	2758.96556035
NA	0
NA	0
NA	213.04557977
NA	0
NA	0
NA	5152.15402078
NA	0
NA	427.659978243
NA	0
NA	0
NA	92.125991506
NA	192.841762005
105378385	0
NA	2014.5370432
NA	0
NA	0
NA	0
NA	0
100507170	0
101927667	17659.2088044
NA	3337.71408307
NA	0
NA	0
NA	0
NA	0
NA	30713.3882451
NA	0
NA	0
NA	0
NA	7761.75963657
NA	0
NA	715.224446372
NA	326.270927221
NA	1559.79118296
NA	0
NA	0
NA	997.873282567
NA	9843.42797379
NA	0
NA	0
NA	0
NA	0
NA	0
NA	0
NA	2978.26795104
NA	0
NA	0
NA	1703.11510397
NA	0
100505985	0
NA	0
NA	0
NA	57.478449174
440498	174567.64143
NA	4721.64431263
NA	423.914051426
NA	306.309203826
NA	789.079144638
NA	0
NA	2506.88741203
NA	38132.488663
NA	1536.40806998
NA	19178.4316407
NA	0
NA	1852.51116572
NA	0
NA	0
101926890	0
259292	0
NA	0
100170229	2475.45065983
NA	0
NA	0
NA	0
NA	0
NA	0
NA	0
NA	0
NA	0
NA	0
NA	0
NA	0
9834	235.03126283
NA	279.750602338
NA	1843.68968398
NA	136754.413715
NA	0
NA	119.00865788
441531	1897.91585116
NA	0
NA	2039.55136244
NA	2349.58549684
647166	0
NA	0
NA	554.162452723
NA	0
NA	2276.90375243
NA	648.172154524
NA	0
NA	1712.29211704
NA	0
NA	935.707170441
389690	243.812867529
NA	882.617401905
NA	238.01731576
NA	320.508968242
NA	0
NA	0
NA	31709.1046731
NA	0
NA	0
NA	0
NA	1428.10389456
NA	17081.2426604
NA	23527.6817881
NA	0
NA	0
339529	322.825041942
105375341	0
NA	890.739647935
112267877	9087.03103978
NA	1209.92135511
NA	0
NA	0
NA	0
NA	0
NA	0
NA	623.13546186
NA	0
NA	901.804736729
NA	0
NA	0
NA	1082.70367348
NA	1642.89179761
NA	11013.1905901
NA	0
NA	6577.14892926
100506797	1779.65960302
NA	0
NA	0
NA	0
NA	0
NA	1849.56130718
NA	0
NA	305.342928735
NA	0
NA	0
NA	0
NA	0
NA	0
NA	0
NA	0
NA	0
NA	0
NA	499.79539626
NA	0
NA	0
NA	2030.63723935
NA	0
NA	0
NA	390.8225104
NA	0
100288413	997.139012307
NA	0
NA	4545.09587312
NA	882.617401905
NA	3624.7297185
NA	0
NA	0
NA	0
NA	0
NA	0
NA	0
NA	0
NA	0
NA	1296.34430905
NA	334.668987968
NA	3480.59567909
NA	0
NA	0
NA	0
NA	0
NA	0
NA	0
NA	142.763581724
NA	0
NA	0
255313	0
NA	0
NA	0
NA	0
NA	399.882201368
NA	0
NA	0
378951	0
NA	1040.79256354
NA	0
NA	14595.8766648
NA	26614.3093498
NA	0
NA	0
NA	33322.4242064
NA	0
57291	171178.72021
NA	0
NA	716.990432659
NA	0
NA	0
NA	0
NA	0
NA	0
NA	3541.23323447
NA	0
NA	0
NA	3871.74833636
NA	586.628535812
NA	253.60796963
NA	1286.29512836
NA	539.741868451
NA	8330.60605159
NA	1746.65338482
NA	12547.3325715
NA	1828.59650647
NA	67755.5958863
NA	0
NA	0
4049	3510.65263659
NA	556.285680511
NA	563.190700595
NA	0
NA	680.049473599
NA	0
NA	8812.78073526
NA	1558.3960209
NA	0
NA	0
NA	0
NA	0
NA	0
NA	0
NA	0
NA	0
NA	1826.29638507
NA	179.469175048
NA	26358.3472218
NA	1059.78512857
NA	0
NA	1686.30154023
NA	0
NA	97724.4171437
NA	1379.48278018
100506650	0
NA	0
NA	0
NA	3047.02125107
NA	0
NA	0
NA	430.83253001
NA	0
NA	0
NA	0
NA	0
NA	0
NA	566.045078415
NA	0
NA	0
NA	27117.3035231
NA	0
100499467	19313.7997394
400619	19313.7997394
NA	2705.41421019
NA	10124.0343086
NA	1536.40806998
NA	0
NA	0
NA	0
NA	0
NA	0
NA	2365.63034808
56967	7436.32306632
NA	2140.40141445
NA	0
NA	2313.79382651
NA	1112.57136102
9277	449321.676916
NA	0
647589	0
NA	2555.60946294
NA	0
NA	0
NA	5201765.58894
NA	0
NA	2420.75966464
NA	0
NA	1376.21386363
NA	319.451182868
NA	4270.3106651
NA	1372.96040296
NA	0
NA	4371.32876686
NA	0
NA	13305.8736627
NA	102324.777461
NA	0
NA	423.914051426
NA	596704.743603
NA	158.591548458
NA	1631.35463611
NA	0
NA	0
NA	0
NA	0
NA	0
NA	561.665619394
NA	0
NA	6749287.01063
105373757	2697.0383148
NA	0
NA	0
NA	0
NA	191.924074836
NA	988.171062999
NA	0
NA	1319.91420558
NA	269.787356978
NA	3754.92834345
NA	0
NA	0
NA	2370.45816512
NA	684.861144403
NA	0
NA	2892.24228314
100131827	22314.2532557
NA	0
NA	0
NA	0
NA	1338.1618674
NA	0
NA	0
NA	0
728386	0
NA	822.609419906
NA	0
NA	77.4762874138
NA	0
NA	0
NA	0
729246	0
81458	0
NA	0
NA	506.142399549
NA	0
NA	0
NA	0
NA	488.035504583
NA	0
NA	0
NA	141.23595585
NA	0
NA	0
NA	0
NA	0
NA	0
NA	672.178530618
NA	0
NA	3009.13083137
NA	0
NA	0
NA	0
NA	0
NA	0
NA	46092.2420995
NA	0
NA	0
NA	5247.85166073
NA	268.250462103
NA	8870.36105911
NA	5786.58039401
NA	5290.34438672
NA	0
NA	0
NA	0
NA	0
NA	18139.2126928
NA	778.501676211
NA	632.638617052
NA	2280.48004105
NA	0
NA	670.626155258
NA	0
NA	811.120461528
NA	0
NA	5367.48845151
NA	0
NA	10916.5836551
NA	670.626155258
NA	11255.0823731
NA	604.960677556
NA	0
NA	3456.91815746
NA	1759.88560744
NA	744.566987761
NA	0
NA	0
NA	1673.66642782
NA	4943.5720801
NA	122.162862948
728695	0
NA	0
NA	628.530574084
NA	172.026732954
NA	349.015775513
NA	2481.8899592
NA	228.766642773
NA	482.360673134
NA	0
NA	0
NA	0
NA	0
NA	0
NA	0
NA	8558.86272561
NA	1047.36203869
NA	0
NA	0
NA	2265.65247251
NA	0
NA	4246.18461615
NA	0
NA	0
NA	0
NA	31352.9570124
NA	0
NA	244.017752291
NA	0
100144748	5635.17264293
NA	0
NA	0
NA	1885.59172225
NA	0
NA	0
NA	0
NA	659.957102788
NA	0
NA	0
NA	0
NA	1040.17119484
NA	0
NA	0
NA	0
NA	2801.10410187
NA	793.391052532
NA	0
NA	1218.80850043
NA	0
NA	0
NA	1161.52450091
NA	0
NA	0
NA	0
NA	2139.44566477
NA	0
NA	0
NA	0
NA	0
NA	1608.75969655
NA	17543.8596491
NA	834.428520767
NA	0
NA	0
NA	26082.1369964
NA	0
NA	362.976406534
NA	0
NA	0
NA	14179.9700217
NA	0
NA	312.686064494
NA	684.861144403
NA	1451.90562613
NA	561.665619394
8505	101794.74813
NA	10027.5496481
NA	363.430694902
NA	0
NA	623.13546186
NA	0
NA	0
NA	0
NA	6199.75714389
NA	659.957102788
NA	7641.6085586
NA	817.975000639
NA	11905.1085209
NA	0
NA	14164.9329379
NA	0
NA	0
NA	0
NA	0
NA	1910.40213965
NA	0
57212	93623.2274673
102724601	1504.56541568
NA	1759.88560744
NA	3771.1834445
NA	160446.092743
NA	2951.02769539
NA	814.152687552
NA	0
NA	0
NA	14641.0651375
NA	0
NA	5425.27013324
NA	0
NA	1496.80992385
NA	0
NA	1528.32171172
NA	11204.9882948
NA	5410.82842038
NA	0
NA	0
NA	58516.011352
NA	1236.54134234
NA	0
NA	0
NA	0
NA	632.638617052
NA	0
NA	0
NA	817.975000639
NA	0
NA	1354.81084865
NA	0
NA	0
NA	0
NA	1099.92850465
NA	0
NA	0
NA	0
NA	0
NA	559.501204676
NA	0
NA	0
NA	508.548380432
NA	3705.02233144
NA	864.229539366
NA	0
NA	1316.92120284
NA	0
NA	0
NA	0
NA	0
NA	1268.03984815
NA	1507.69016213
NA	0
NA	0
NA	7348.05896153
NA	0
NA	0
NA	0
NA	0
NA	0
NA	829.660357791
NA	1897.91585116
441282	436.663346206
NA	12486.0682292
NA	336.089265309
NA	0
NA	3515.50999064
NA	676.879079783
NA	1095.77783104
NA	1006.52036474
NA	949.733851928
NA	546.857109655
NA	0
NA	20762.1062724
NA	969.553005766
100132399	0
NA	0
NA	0
NA	2059.44060445
NA	0
NA	0
NA	5478.88915522
NA	1138.74951069
NA	0
NA	0
NA	2295.50296622
113178	365680.588593
NA	1264.81796832
NA	0
4050	130718.799695
NA	80.4157090077
NA	0
103456507	0
NA	0
NA	336.089265309
NA	669.080933702
NA	557.353407345
NA	684.861144403
NA	0
NA	2157.15669351
NA	99.3435255651
NA	0
NA	0
NA	933.701367289
NA	23214.7512038
NA	6589.58680545
NA	0
NA	0
NA	0
NA	4316.00959017
NA	7199.53203042
NA	0
NA	1668.85704153
NA	0
NA	256.2940205
NA	25331.1194347
NA	422.065588993
NA	3833.41419441
NA	6814.68090493
NA	407.695507514
NA	0
NA	0
NA	0
NA	841.684420947
100287205	0
NA	0
NA	0
NA	0
NA	0
NA	0
NA	0
NA	0
NA	0
NA	1177.22077795
NA	478.387356222
NA	0
NA	1119.72156257
NA	0
NA	0
NA	3510.31581873
NA	1948.86661226
NA	0
NA	0
NA	5960.90286389
NA	681.645833866
NA	0
NA	0
NA	9131.48192537
NA	0
NA	305.664342344
NA	0
NA	2262.7100667
NA	0
NA	2639.82841115
NA	0
NA	0
NA	0
NA	0
NA	0
NA	0
NA	0
NA	614967.545907
NA	0
NA	270.059172496
NA	0
NA	1528.32171172
NA	2153.63010057
NA	0
NA	1052.10552618
NA	1396.06310205
NA	437.980581036
NA	0
NA	7426.03984893
NA	1409.61711275
NA	0
NA	584.267857599
NA	0
NA	4658.52072556
NA	0
NA	0
NA	0
NA	0
NA	0
NA	1489.13397552
NA	0
NA	0
NA	0
NA	406.696253819
NA	0
NA	3250.53498388
NA	1837.85522295
NA	0
NA	73133.0241312
NA	0
NA	154.622537394
NA	0
NA	299.774045313
NA	0
NA	0
NA	0
NA	2892.24228314
NA	1628.3053751
NA	0
NA	0
NA	3787.57989426
NA	0
NA	1143.23277648
NA	2187.42843862
NA	0
NA	19728.6539432
NA	23494.0208339
NA	1948.86661226
NA	0
NA	0
NA	0
NA	0
NA	5246.76176422
NA	0
NA	0
NA	0
NA	0
NA	424.533808811
NA	0
NA	0
NA	0
NA	0
100132202	0
NA	0
NA	17733.1984871
NA	864.229539366
NA	0
NA	0
NA	3682.36934164
NA	0
NA	0
647286	0
NA	0
NA	1799.63092315
NA	0
NA	0
NA	385.120855739
NA	0
NA	0
NA	0
NA	920.092285256
NA	1227.82716798
NA	0
NA	0
NA	0
NA	0
NA	0
NA	0
NA	0
NA	0
NA	0
NA	0
NA	0
NA	0
NA	0
NA	0
NA	6805.8076225
NA	543331.450827
NA	837.711087725
NA	2710.22383545
NA	648.172154524
NA	54939.8141966
NA	0
NA	939.744741834
NA	0
NA	14844.920367
NA	0
NA	0
NA	376.629215599
NA	0
NA	0
NA	9510.29886114
NA	0
NA	10124.8648963
NA	0
414061	0
NA	3056.64342344
NA	1246.27092372
NA	0
NA	0
NA	1090.12154004
NA	0
NA	0
NA	365.259277015
NA	0
NA	0
NA	0
NA	22188.5909642
NA	58.4738472064
NA	0
NA	0
NA	0
NA	0
NA	802.157804494
NA	0
NA	0
NA	0
NA	0
NA	0
NA	0
NA	0
NA	0
NA	3682.36934164
NA	3226.45694697
NA	0
NA	5247.85166073
NA	14891.3397552
442524	12124.7572813
NA	0
NA	0
NA	0
NA	0
NA	0
NA	0
729059	0
NA	0
NA	0
NA	0
NA	3416.24853208
100507027	0
NA	0
NA	5676.62350068
NA	0
NA	468.734665419
NA	0
NA	0
NA	10590.3704495
NA	10559.3136446
NA	5703.06628923
NA	430.194259595
NA	0
NA	0
NA	4937.80853885
NA	0
NA	0
NA	1601.36649941
NA	0
NA	2156.60949273
NA	7955.64726649
NA	901.804736729
NA	0
NA	645.291389393
NA	0
NA	0
NA	0
NA	0
NA	290.96305133
NA	0
NA	0
NA	0
NA	686.480201482
NA	0
NA	0
NA	0
NA	910.285659018
NA	1517.6713862
NA	506.773342455
NA	0
NA	0
NA	0
NA	60827.9663817
NA	0
NA	0
NA	190.538796081
NA	1158.43534
NA	106154.802066
NA	0
NA	0
NA	0
NA	1015.31861967
NA	0
NA	291.547314485
NA	0
NA	2755.03913877
NA	23448.9182982
NA	0
NA	1029.72030222
NA	1445.78882725
NA	374.52423718
NA	0
NA	0
NA	2135.15533255
NA	0
NA	0
NA	384.44103075
NA	18332.1417441
NA	0
NA	0
NA	0
NA	0
NA	25951.9363125
NA	0
NA	0
NA	44352.1603372
NA	0
NA	0
NA	0
NA	0
NA	1227.22842261
NA	0
NA	0
NA	9950.75507008
NA	945.866857416
NA	12257.7185321
NA	1157.55573838
NA	395.345303236
NA	0
NA	0
NA	0
NA	1549.52574828
NA	318.540067164
NA	5295.06063506
NA	0
NA	0
NA	676.879079783
NA	0
NA	0
NA	0
NA	12905.8277879
112840934	0
NA	532.483725966
NA	0
NA	0
NA	5716.16388242
NA	3722.83493881
NA	0
NA	0
NA	2653.90213459
NA	131.931451716
NA	0
NA	0
NA	0
246721	214.46168776
NA	0
NA	152.11164234
NA	32197.0703703
NA	0
NA	0
NA	1777.84362384
NA	36932.416563
NA	444.007836738
NA	5270.074868
NA	0
NA	4411.86792472
NA	0
NA	6417.58186166
101929565	0
NA	0
NA	27680.2151745
NA	0
NA	731.438602587
NA	1091.65836551
284257	0
NA	0
NA	65569.9315028
NA	1555.61317086
NA	802.157804494
NA	0
3448	0
NA	31033.0973525
NA	5620.2798431
NA	490.508657478
NA	675.304942388
NA	0
NA	0
NA	0
NA	0
NA	0
NA	0
NA	65736.4193685
NA	4872.16653065
NA	0
100507057	29573.4947553
NA	4908.5777396
NA	2309.19383878
NA	0
NA	180.062706838
NA	1441.09739567
NA	5693.74755347
NA	0
NA	1772.77854229
NA	0
NA	0
NA	1230.42849672
NA	0
100874054	2565.20428646
NA	208.009402025
NA	0
NA	0
NA	0
NA	0
NA	0
NA	0
NA	3722.83493881
NA	5203.96281769
NA	2131.03181897
NA	0
NA	0
NA	0
NA	295.102769539
NA	592.96029072
NA	7433.37314784
NA	15179.0133641
101928733	0
NA	0
NA	7504.87997604
NA	0
NA	187.524136407
NA	9860.14007561
NA	0
NA	0
NA	0
NA	0
NA	0
NA	0
NA	0
NA	13295.2856503
NA	3541.23323447
NA	0
NA	0
NA	8941.20185088
NA	0
NA	0
NA	6373.2482903
NA	0
NA	0
NA	0
NA	0
NA	1525.6451413
286238	0
NA	0
NA	0
NA	8260.68754511
NA	0
NA	0
NA	1318.41600557
NA	270.877915324
127062	0
NA	2985.92416686
NA	1374.43733971
NA	956.249589112
NA	71801.8902542
NA	1015.31861967
NA	0
NA	289.512587464
NA	0
NA	0
NA	0
NA	288.649229848
NA	0
NA	0
NA	12796.4563659
NA	4148.30178896
NA	5499.64252324
NA	0
NA	2353.16957234
NA	0
NA	47871.1375773
NA	15499.442697
NA	0
NA	0
NA	0
NA	0
NA	403066.338001
NA	0
NA	0
NA	1843.68968398
NA	994.455908311
NA	284.408545766
NA	0
NA	0
NA	0
NA	7521.70287014
NA	5028.24459267
NA	0
NA	10978.4924471
NA	228.406758175
4509	19484994.3449
NA	0
NA	0
NA	0
NA	0
NA	0
NA	755.217490837
NA	1803.60947346
NA	0
NA	5015.51675496
NA	592.614541279
NA	0
5005	0
NA	669.080933702
NA	594.231497736
NA	8344.28520767
NA	0
100506696	48614.368156
NA	0
NA	0
NA	505.890462068
NA	1129.8876468
NA	666.011755107
NA	0
NA	0
NA	0
55009	272902.644365
NA	0
NA	2313.79382651
NA	0
NA	0
NA	11988.2115919
NA	12532.2380361
NA	0
NA	0
NA	0
NA	338.242428919
91316	3280.64172012
NA	0
105376199	2761.15174542
NA	520.396281769
NA	0
NA	997.873282567
NA	661.460421929
NA	756.200846945
NA	4189.24933888
NA	1861.4174694
NA	285.527163448
NA	2563.26340049
NA	7432.96395632
NA	0
NA	11959.6839056
NA	0
NA	0
NA	0
NA	629.893980969
NA	21706.5119889
NA	0
NA	267795.926598
NA	0
NA	6637.28286233
NA	3135.86528323
NA	0
NA	11852.2908256
NA	0
NA	1371.87933178
NA	0
NA	0
NA	0
NA	329.604001393
NA	6335.58818677
NA	0
NA	812.254895739
NA	0
NA	0
NA	1770.61661724
NA	0
NA	0
NA	1485.32544873
NA	0
NA	1116.85048164
NA	0
NA	824.946378485
NA	256.747237159
NA	0
NA	0
NA	0
NA	0
NA	608.765461692
NA	481.560738353
NA	0
NA	0
NA	16945.3176525
NA	14261.8749105
NA	3777.31545011
NA	5417.55830647
NA	18625.0284402
NA	0
NA	521.330565937
NA	2127.33425075
NA	0
NA	11956.8698623
NA	0
NA	42743.0160965
NA	0
NA	0
NA	22337.0096328
NA	5908.9182459
NA	143.115389466
NA	6525.41854442
NA	0
NA	0
NA	4938.45451066
NA	0
NA	822.609419906
NA	0
NA	3599.76601521
NA	1844.86102431
NA	0
NA	3009.13083137
NA	0
NA	0
NA	1089.31826184
NA	20528.9934843
NA	0
NA	0
NA	0
NA	4364.10939647
NA	0
NA	0
NA	0
NA	21956.9848943
NA	59396.1392509
NA	1524.31036864
NA	861.66506002
NA	0
NA	2199.85700929
NA	587.518715684
NA	0
NA	0
NA	0
NA	0
NA	1121.16264566
NA	0
NA	0
100128731	3505170.77308
NA	693.033711759
NA	10413.6679392
NA	0
NA	0
105374580	0
NA	0
NA	5983.46305135
NA	725.952813067
728537	4600.71618187
NA	1789.71417705
NA	0
NA	608.765461692
NA	5768.07002437
NA	276.158939826
100506405	0
NA	65995.7102788
NA	6642.70547905
NA	272820.279641
NA	0
NA	0
NA	839.251807014
NA	39178.4057846
NA	3416.24853208
NA	516.233111514
NA	334.926326675
NA	532.809404086
653282	0
NA	0
NA	9583.53548603
NA	0
NA	0
NA	0
NA	0
NA	16132.2847348
NA	0
NA	0
NA	0
NA	26214.9626941
NA	716.106350744
NA	0
NA	0
NA	1563.99169781
NA	0
NA	0
NA	34806.7903667
NA	1552.84024185
NA	6061.6338268
NA	0
NA	1862.04568995
NA	0
NA	2581.16555757
NA	0
NA	397.238201405
NA	0
NA	79061.7517424
NA	546.342662703
NA	989.373510143
NA	0
NA	0
NA	0
317703	0
NA	890.739647935
283008	0
NA	0
NA	0
NA	0
NA	0
NA	0
NA	0
NA	0
NA	0
NA	24305.0281027
NA	144.828491385
NA	0
NA	0
643988	205146.953218
NA	0
NA	0
NA	0
NA	454.430555911
NA	2348.09535224
NA	379.583170231
NA	0
NA	0
NA	15639.9169781
644672	0
NA	0
NA	0
NA	318.284024728
NA	0
NA	0
NA	742.662724365
NA	0
NA	0
NA	11154.8123299
NA	648.252542984
NA	713.46713815
NA	0
105375283	0
NA	669.080933702
100124700	0
NA	1123.33123879
NA	0
NA	228121.02119
NA	0
NA	1574.73495242
NA	0
NA	0
NA	0
NA	1547.52027148
NA	26263.7705619
NA	11551.0723847
NA	0
NA	227.03762723
NA	4953.19616592
NA	0
NA	0
NA	0
105376527	10580.6887734
NA	2558.42401081
NA	0
NA	20659.526696
NA	1309.00582371
NA	0
NA	820.285664483
NA	0
NA	0
389333	26078.7422109
NA	589.0083676
NA	0
NA	1588.22857918
NA	0
NA	0
NA	0
NA	0
NA	0
NA	6463.17289853
NA	0
NA	0
NA	0
NA	482.360673134
NA	0
107987423	1958.00817362
100506084	3854.31216229
100996709	3854.31216229
51326	3854.31216229
NA	0
NA	994.455908311
NA	7249.98867189
NA	10941.8974723
NA	0
NA	0
NA	0
NA	0
NA	955.201069825
NA	0
NA	0
1719	36421.1300182
NA	585.839526349
NA	1044.53642168
NA	9367.13307183
NA	0
NA	201.793693695
NA	0
401251	1119.00240935
NA	2939.08021485
NA	0
NA	0
NA	0
NA	0
NA	6546.43438515
NA	0
NA	0
NA	337.456275685
NA	327.928995174
NA	684.861144403
NA	2219.78776363
NA	140.620399626
NA	0
NA	2104.21105237
NA	1988.91181662
NA	0
NA	0
NA	0
NA	1217.53092338
NA	0
NA	783.754723959
NA	3617.20432809
NA	0
NA	0
NA	0
NA	0
NA	0
NA	5469.50749571
NA	0
NA	0
NA	0
NA	1087.5697574
NA	1240.9449796
NA	4234.72474289
NA	15778.5740114
NA	0
NA	2480.30002329
NA	0
NA	0
NA	7617.41531577
NA	0
NA	682.072796493
NA	1489.13397552
100507336	736.073828205
NA	20667.041014
NA	7475.15767911
NA	382.583827703
NA	536.748845151
102724330	15119.6011675
NA	676.879079783
NA	0
NA	404.994595853
NA	0
NA	0
NA	564.943823399
NA	0
NA	0
NA	1033.38478728
NA	0
NA	0
NA	0
NA	1574.49099658
NA	2882.45969894
NA	230.095978785
NA	1319.91420558
NA	447.428544263
NA	0
NA	0
NA	0
NA	0
NA	518.537723619
NA	0
NA	0
NA	0
NA	0
NA	22552.1764926
441521	0
NA	0
NA	0
NA	4201.6561528
NA	0
NA	0
NA	1918.81800811
NA	4148.30178896
NA	811.120461528
NA	0
NA	0
NA	1638.25740608
NA	0
NA	0
728419	0
NA	3462.07004741
NA	0
NA	3683.48150393
NA	76.6986595951
NA	281.85501114
NA	0
NA	0
NA	0
NA	0
NA	0
NA	0
NA	0
NA	6738.04635185
NA	0
NA	151.793583495
NA	1877.46417173
NA	1873.42661437
NA	23334.1975629
NA	0
NA	11313.5503335
NA	0
NA	1178.81376953
NA	0
NA	2129.93490386
NA	0
NA	14100.3405644
NA	28973.7264639
NA	0
NA	0
NA	1417.87658802
NA	2880.2456064
NA	183.727380719
389199	224.059510206
NA	0
NA	0
NA	1898.95013772
728137	0
NA	195.017545485
NA	83604.2360543
NA	1512.40169389
NA	308.916090667
NA	0
NA	0
NA	0
NA	561.665619394
NA	0
NA	257.088202945
NA	0
NA	0
NA	0
NA	214.620196029
NA	0
NA	942.795861126
NA	0
NA	0
NA	0
NA	1308.02308661
NA	6300.01256508
NA	0
NA	0
NA	0
NA	2349.50266141
NA	0
NA	0
NA	0
NA	602.450467276
NA	0
NA	1701.45190563
NA	0
NA	0
NA	5566.4113462
NA	1015.31861967
NA	2370.45816512
NA	0
NA	12056.1558516
NA	904.61409728
NA	453.366315733
NA	0
NA	0
NA	1193.75591049
NA	635.407276208
NA	1651.76976807
NA	0
NA	661.460421929
NA	0
NA	0
NA	749.370645747
NA	533.29866892
NA	0
NA	0
NA	1161.52450091
NA	0
NA	0
NA	0
NA	0
NA	0
NA	0
NA	0
NA	0
NA	1987.31043835
NA	1738.80913309
NA	0
NA	0
NA	70.6695364388
NA	7489.313898
NA	939.744741834
NA	0
NA	0
NA	0
NA	1396.06310205
NA	0
NA	0
NA	0
NA	0
NA	3448.84124588
NA	2755.03913877
NA	0
NA	40322.6537528
NA	0
NA	0
NA	0
NA	0
NA	417.614274056
NA	170.661842625
NA	0
NA	7589.30134383
NA	0
NA	0
NA	0
NA	0
NA	1097.84924471
NA	0
NA	1923.05380945
NA	0
NA	2127.33425075
NA	0
NA	0
NA	178.916281717
NA	0
NA	423.296100914
NA	0
NA	834.428520767
NA	0
NA	123.706812792
NA	0
NA	4537.20508167
NA	866.809329035
NA	0
NA	19798.7130836
NA	6733.47536758
NA	0
NA	0
NA	165.365105482
NA	458.375888282
NA	638.902365736
NA	416.615674644
NA	35970.6348817
NA	0
NA	6964.86093718
NA	0
NA	0
NA	29398.0891242
6171	6168730.65015
NA	470.633914468
NA	123042.849672
NA	0
NA	22271.118749
NA	71137.5447343
NA	1716.66877124
NA	0
NA	0
NA	17910.0200592
NA	15467.0358798
NA	0
NA	143.256598533
NA	1481.5363532
NA	0
NA	3652.59277015
NA	0
NA	355.423653888
NA	0
NA	7726.32705703
NA	60980.0362976
NA	327.743933665
NA	0
NA	0
NA	0
NA	0
NA	8272.96653068
NA	2525.05326284
NA	708.246646895
NA	0
NA	434.702283274
NA	16705.5131264
NA	2948.03172819
NA	0
NA	202.638607974
NA	0
NA	0
NA	0
NA	1034.61208513
NA	24116.994786
NA	0
643847	0
NA	0
NA	0
NA	0
NA	1563.99169781
NA	0
NA	0
NA	7805.94422653
NA	8082.17843574
NA	0
NA	0
NA	516.692393642
NA	35544.5775693
NA	103.930252408
NA	0
NA	929.963571583
NA	0
NA	0
NA	0
NA	529.248709405
NA	0
NA	6725.12117978
NA	0
NA	0
NA	932.701687024
NA	2029.06065764
NA	5778.72886024
NA	0
NA	0
NA	0
NA	486.400544769
NA	503.260182369
NA	3281.14265793
NA	0
NA	0
NA	0
NA	0
NA	0
NA	0
NA	34500.7277497
NA	0
NA	0
NA	0
NA	376.303833987
NA	0
NA	102.499514729
NA	0
NA	0
NA	0
NA	0
NA	0
NA	5801.51564596
NA	0
NA	0
NA	3191.00137612
NA	0
NA	0
NA	0
NA	0
NA	725.952813067
NA	530.861289263
NA	0
NA	13912.9476508
NA	167.366642782
NA	0
NA	0
NA	10144.3187852
NA	1902.05977223
105375009	0
NA	0
NA	0
NA	0
NA	0
NA	0
NA	729.600817153
NA	0
NA	0
NA	0
NA	0
NA	0
NA	12226.5736938
729974	0
NA	0
NA	0
NA	1198.27149337
NA	0
NA	0
NA	0
NA	1075.48564899
NA	270.121976955
NA	0
NA	0
NA	0
NA	0
NA	0
NA	0
NA	0
NA	0
5004	966.862792098
NA	0
NA	0
NA	64119.3300452
NA	1798.0255432
NA	0
NA	774.349667272
NA	5470.94873616
NA	1071.51706726
NA	0
NA	599.961002535
NA	731.438602587
NA	0
NA	19717.2368981
NA	0
NA	0
NA	0
NA	0
NA	0
NA	0
NA	41300.5412713
NA	0
NA	0
NA	4795.28463677
NA	3823.67922609
NA	0
NA	1264.35903582
NA	0
NA	0
NA	20261.751606
NA	291.547314485
NA	0
NA	0
NA	0
NA	4383.11132418
NA	21489.3052824
NA	0
NA	0
NA	830.84728248
643365	81.1573854742
NA	0
NA	118.281517404
NA	885.308308618
NA	507.659309837
NA	0
NA	537.742824494
NA	0
NA	0
NA	1484.56607989
NA	0
NA	0
NA	1155830.75335
NA	564.943823399
NA	0
NA	0
NA	1305.08370888
NA	0
NA	0
NA	0
NA	0
170425	0
NA	0
NA	0
NA	966.326539856
NA	1792.47608165
NA	26398.2841115
NA	0
NA	771640.190878
NA	0
NA	101667.396303
NA	0
NA	7781.39408102
NA	0
NA	4646.09800363
NA	1953.23626834
NA	0
105369302	0
101927745	0
NA	1222.65736938
NA	8739.2404309
NA	0
NA	0
NA	0
NA	0
NA	0
NA	0
NA	915.45121446
NA	0
NA	619.14952074
NA	9302.82781047
107986703	0
646424	0
NA	0
NA	0
NA	172.845907873
NA	7283.80748897
NA	0
NA	0
NA	0
NA	1114.70681469
NA	258.116555757
NA	0
NA	0
NA	4200.81193818
197135	5903.78728715
NA	0
NA	0
NA	1325.94121108
NA	1209.92135511
NA	0
NA	10423.9378287
NA	336.673768379
NA	0
NA	0
NA	0
NA	1873.42661437
NA	6958.28529182
NA	1625.26749194
NA	569.933513694
NA	10957.7783104
NA	0
NA	0
NA	0
NA	0
NA	16132.2847348
NA	219.985700929
NA	0
NA	2896.5698277
NA	0
NA	678.46057296
NA	0
NA	1090.29208471
NA	0
NA	0
NA	0
NA	0
NA	407.838659026
NA	190.289072888
NA	2455.65433596
NA	2578.87322582
NA	0
NA	9876.90902132
NA	286.089778549
NA	0
390010	0
NA	0
NA	0
728403	0
NA	0
NA	0
NA	0
NA	0
NA	0
NA	0
NA	0
NA	0
NA	673.738109575
NA	110.411074231
NA	0
NA	8591.15755109
NA	0
NA	0
NA	577.298459696
645359	0
441873	0
NA	0
NA	0
728379	0
NA	728.990272536
NA	3076.07124181
NA	218.167637285
NA	3467.23731614
NA	686.480201482
NA	23765.7972971
NA	0
NA	1294.41809165
NA	213.987564648
NA	0
NA	0
NA	3924.06925982
NA	5708.67218664
NA	0
NA	0
NA	1147.75148311
NA	0
NA	21562.9548436
NA	19002.4458226
NA	0
NA	0
NA	0
NA	0
NA	688.106931817
NA	3820.8042793
NA	0
NA	0
NA	0
NA	3395.49683257
NA	0
NA	0
NA	0
NA	0
NA	0
NA	0
NA	2183.31673103
NA	0
NA	0
NA	3970.05444646
NA	779.023810132
360205	0
NA	172328.985532
NA	0
NA	0
NA	0
NA	0
NA	60409.4385416
NA	0
NA	1447.0820194
NA	341.223413898
101927419	0
NA	0
NA	2079.10113528
NA	1460.42477063
NA	516.692393642
NA	0
NA	51048.7366266
NA	513.948894207
NA	0
NA	0
NA	0
NA	1209.92135511
729240	0
NA	41109.2970077
NA	789.079144638
NA	0
NA	269.120597986
NA	12905.8277879
NA	0
NA	0
NA	2598.48881635
57615	1026.08171458
NA	0
NA	0
NA	0
NA	0
NA	0
100506025	0
NA	13299.8988654
NA	0
NA	15977.9088043
NA	0
NA	1770.61661724
NA	0
NA	331.48530277
NA	0
NA	128.829248104
NA	5377.42824494
NA	439.30578703
NA	0
NA	887.11138053
NA	0
NA	0
NA	0
NA	0
NA	0
NA	318.662414515
NA	2360.82215632
NA	0
NA	0
NA	0
NA	0
NA	0
NA	0
NA	0
NA	0
NA	448.257371452
NA	10889.292196
NA	0
NA	0
NA	0
NA	0
NA	566.045078415
NA	0
NA	1146.24128379
NA	0
NA	1225.2368153
NA	0
NA	0
NA	0
NA	0
NA	0
NA	584.267857599
NA	0
NA	785.875846351
NA	0
NA	0
NA	0
NA	806.614236741
NA	368.972204863
NA	984.342797379
NA	3944.05603025
NA	0
NA	0
NA	0
NA	4819.60373821
NA	126.582879349
NA	1470.28417836
NA	0
NA	1043.91057601
NA	0
NA	0
NA	0
NA	0
NA	2016.53559185
NA	0
NA	784.813851964
NA	1539.66662368
NA	0
NA	0
NA	0
NA	0
NA	0
NA	7053.79251563
NA	0
NA	226.683157866
NA	185.19204415
NA	0
NA	10082.6779593
7503	103791.838649
NA	1916.00449197
146542	63493.8550364
NA	0
NA	346.103844132
NA	2056.86630369
NA	194.105030232
NA	0
NA	753.258431198
NA	0
NA	0
NA	0
NA	0
NA	353.907526175
NA	0
NA	0
NA	1617.72214611
NA	2341.78326796
100131801	124523.797845
NA	0
NA	985.456307331
NA	5693.74755347
NA	1107.11757984
NA	0
NA	0
NA	0
NA	1053.05938432
NA	17902.2846274
NA	0
NA	0
NA	6583.71620259
NA	0
NA	438.642183122
NA	749.232538366
NA	3173.56421013
NA	0
643834	0
NA	1444.68221506
NA	997.873282567
NA	0
NA	992.601733218
NA	0
NA	1865.40337405
NA	0
NA	869.404566547
NA	851.557551985
NA	0
NA	0
NA	0
NA	130.861255172
NA	0
NA	0
NA	0
NA	30366.6536185
NA	1809.22819456
NA	2274.52578507
NA	271587.713807
NA	0
NA	244.017752291
NA	0
NA	3056.64342344
NA	446.396810495
NA	776.420120927
NA	0
NA	10318.1110487
NA	0
NA	0
NA	0
NA	0
NA	0
NA	427.03106651
NA	1451.90562613
NA	0
NA	2327.70441064
NA	1927.30835328
NA	392.406925982
NA	740.768176599
NA	834.428520767
NA	549.964252324
NA	0
NA	0
NA	0
100287045	466.101324602
NA	0
NA	0
NA	3655.87747588
NA	0
NA	0
NA	29537.3350875
NA	22427.810485
NA	0
221823	0
NA	0
NA	187179.470965
NA	0
NA	0
NA	0
NA	22644.3996737
NA	0
NA	0
NA	789.079144638
NA	171.62005037
NA	1741.70618263
NA	1149.26566712
NA	0
NA	536.748845151
NA	1709.63276554
NA	0
NA	0
NA	0
NA	0
NA	0
NA	5205.29545861
NA	0
NA	0
NA	0
NA	156.708648261
NA	0
401067	0
NA	244.840746397
NA	0
NA	0
NA	0
NA	0
NA	13377.2598406
NA	0
NA	0
NA	0
NA	1102.01565551
NA	0
NA	0
NA	268.044115594
NA	335.313077629
NA	911.23784067
NA	0
NA	20647.8678209
NA	6784.6057296
NA	325.174832281
NA	0
NA	457.293110593
NA	4272.33739062
NA	0
NA	340.0247368
NA	1119.35027133
NA	0
NA	0
NA	289.801522182
NA	3354.23742011
NA	0
NA	0
NA	19242.122756
NA	0
NA	0
NA	0
NA	916.028786205
284632	0
NA	0
NA	0
NA	0
NA	0
NA	0
100287399	0
NA	0
NA	0
NA	14733.9260157
NA	0
NA	0
NA	2186.60485864
NA	0
NA	0
NA	0
NA	0
NA	0
NA	0
NA	0
NA	0
105376230	541.755830647
NA	0
NA	380.080006841
100287718	0
NA	446.740192657
NA	0
NA	0
NA	0
NA	2532.00614011
NA	1678.50361403
NA	2571.64096142
NA	3562.95859174
NA	0
NA	43666.3346206
NA	30133.8903537
NA	349.015775513
NA	6297.96398633
NA	2165.22794287
NA	0
NA	15133.8697187
NA	0
NA	23304.4724704
NA	0
NA	0
NA	0
NA	260.431502446
NA	24799.9176421
NA	3663.06465309
NA	0
NA	0
NA	9228.21372543
NA	45372.0508167
NA	0
NA	0
NA	1027.75786222
NA	0
NA	1221.79996589
NA	0
NA	7107.23033772
NA	0
NA	0
NA	0
NA	0
NA	0
NA	0
NA	769.22152378
NA	0
NA	0
NA	0
NA	0
NA	0
NA	0
84320	88637.3695614
NA	0
NA	0
NA	0
NA	0
NA	0
NA	0
NA	0
NA	683.249706416
NA	618.490149578
NA	0
NA	1481.5363532
NA	629.893980969
100874362	4097.74519243
NA	8265.11741632
NA	0
NA	1266.6570348
NA	1730.51922066
NA	0
NA	0
NA	305.664342344
NA	0
NA	1664.0752162
NA	0
NA	256.068011664
NA	40734.0189554
NA	0
NA	0
NA	1759.88560744
NA	0
NA	3323.82141259
NA	0
NA	0
NA	0
NA	271.257473355
NA	617.832181334
NA	0
26683	0
NA	0
NA	0
NA	1787.57190632
NA	0
NA	3718.50102153
NA	1175.63208594
NA	0
NA	1227.82716798
NA	5077.70273621
105375556	0
NA	1492.96208343
NA	0
NA	0
NA	0
NA	0
NA	0
NA	177858.439201
NA	469.872370917
NA	348579.873954
NA	3238.45121071
NA	77257.3635925
NA	0
NA	56437.7108591
NA	0
NA	2694.9524383
NA	0
NA	0
NA	0
NA	7445.66987761
NA	0
NA	234.841184979
NA	148.608559482
NA	7743.49667272
NA	0
NA	0
NA	0
NA	7101.71230174
NA	762.155184322
NA	0
NA	0
NA	0
NA	0
NA	0
NA	0
NA	0
NA	0
NA	0
NA	0
441452	0
NA	0
NA	0
NA	752.282707842
NA	0
NA	346.930854512
NA	0
NA	0
58160	541.755830647
NA	18214.816037
NA	0
NA	0
NA	4843.3546285
NA	0
NA	1111.1522649
NA	2305.37446426
NA	0
NA	0
NA	0
NA	0
NA	0
NA	0
NA	0
NA	4428.47031936
NA	773.318575837
NA	0
NA	1474.0158641
NA	1138.74951069
NA	0
NA	0
NA	1841.74075197
NA	2592.6886181
NA	39385.0261802
NA	0
NA	0
NA	16545.9330614
NA	0
NA	2341.78326796
NA	0
79295	0
NA	0
NA	2969.13215978
NA	0
NA	3182.2589066
NA	1099.92850465
NA	0
NA	0
NA	1069.54373933
NA	11348.2278824
NA	0
NA	0
NA	0
NA	175.297992893
101926971	397.782363324
NA	716.548119005
NA	3763.9416136
NA	0
NA	0
NA	0
NA	507.659309837
NA	0
NA	2351.26417188
NA	0
NA	0
NA	0
NA	56374.3576448
NA	0
NA	461.736771562
NA	360.274348917
NA	5959.31413712
NA	0
NA	0
NA	414.830178896
NA	0
728049	0
NA	0
NA	0
NA	0
NA	4270.3106651
NA	0
NA	2457.88135017
NA	6950.61204
NA	111.086887998
NA	0
NA	4866.72276917
NA	10410.3073117
NA	0
NA	458.255326502
NA	0
NA	2429.96757512
NA	0
NA	1489.51590268
NA	0
NA	0
NA	0
NA	0
NA	0
NA	21896.4885612
NA	328.857446463
NA	0
NA	0
100505664	0
NA	0
NA	0
NA	99.8903079556
NA	336.869054788
NA	0
NA	2225.14272204
NA	0
NA	0
NA	835.328659408
NA	525.101492273
NA	0
NA	0
NA	0
NA	0
NA	689.741390088
NA	0
NA	662.214652741
NA	70511.9730131
NA	0
NA	0
NA	10754.8564899
NA	0
414243	64.4003382628
NA	0
NA	0
NA	24627.9849798
NA	658.460601421
NA	242.489457392
101928098	0
NA	1044.53642168
728373	0
NA	0
NA	341.223413898
NA	0
NA	515.774645163
NA	0
NA	122318.076722
NA	0
NA	0
NA	0
NA	4336.35813672
NA	0
NA	75.4628703812
NA	397.782363324
NA	0
NA	2002.62844984
NA	0
441459	297.470847082
NA	2544.29176389
NA	3930.70897092
NA	0
NA	936.713307183
NA	28.2197400609
NA	0
NA	0
NA	1324.42930548
NA	0
NA	0
NA	0
NA	0
NA	0
NA	0
NA	0
NA	2601.39865825
NA	2496.1128243
NA	820.285664483
NA	683.249706416
NA	0
NA	0
NA	0
NA	14530.4795944
NA	938.226575854
NA	189.173371483
NA	0
NA	0
NA	0
NA	0
NA	432.758755927
NA	21617.9107312
NA	14096.1711275
NA	1597.25591434
NA	271.384229184
NA	1728.45907873
NA	1664.0752162
NA	7945.75218282
NA	26532.2855537
100506012	4175.21519702
NA	11029.6024036
NA	0
NA	0
NA	0
NA	0
NA	140872.074084
125997	0
NA	0
NA	0
NA	0
NA	0
NA	79.7093398921
NA	0
NA	351.763931226
NA	0
NA	0
NA	0
NA	0
NA	873.326692412
NA	0
NA	4988.14202844
NA	0
NA	0
NA	216.702332259
NA	0
NA	0
NA	1367.57201834
NA	0
401447	0
NA	515.774645163
NA	20611.8144701
NA	0
NA	40118.4449327
NA	0
NA	0
NA	0
728586	4126.46862164
NA	4202.33176884
NA	2661.33414159
NA	0
NA	6417.26243595
NA	983.009902596
NA	0
NA	0
NA	0
NA	0
NA	0
NA	0
NA	0
NA	0
NA	6997.13554764
NA	3623.29389766
NA	107.310098014
NA	0
NA	358.053175372
NA	305.022190364
NA	0
NA	12454.3763755
NA	4246.2931698
NA	2370.45816512
728075	0
NA	0
NA	649.985730782
NA	0
NA	0
NA	0
NA	0
100505478	397.238201405
NA	0
NA	0
NA	0
NA	165.051795317
NA	0
NA	0
NA	963.121476706
NA	1136.20339664
NA	2969.13215978
NA	2251.01647463
NA	871.252282216
NA	0
NA	1426.9342763
NA	0
NA	2119.57025713
NA	0
NA	5389.40469983
NA	0
NA	488.857113177
NA	162789.418688
NA	4264.43139388
NA	0
NA	0
NA	0
NA	0
NA	3065.86406725
NA	3885.56367387
NA	0
NA	1040.79256354
NA	0
NA	0
NA	1117.92540992
NA	0
NA	1389.38337429
NA	0
NA	463.867612183
NA	0
NA	0
NA	0
5545	317.009962038
NA	2604.8228862
NA	2670.17126645
NA	0
NA	0
NA	0
NA	263.623354723
NA	0
646817	6069.57247449
NA	0
NA	0
NA	13918.0495751
NA	1979.22870164
NA	5094.40570573
NA	0
NA	0
NA	0
NA	1516.35052338
NA	1091.65836551
NA	0
NA	0
NA	0
NA	0
NA	0
NA	6649.94943268
NA	0
NA	733.285669765
NA	533.788833138
NA	190.851873301
NA	4279.84686578
NA	5630.65893792
NA	0
NA	0
NA	0
NA	1418.22283383
NA	131.931451716
NA	0
NA	356.150194473
NA	1749.28388691
NA	0
NA	115287.791653
NA	2230.5812692
NA	0
NA	0
NA	18835.5324471
NA	2050.82144419
NA	85.937000659
NA	0
NA	2796.60794761
NA	0
NA	1499.38618878
NA	87.0447018066
NA	1849.56130718
NA	45464.1626393
NA	32264.5694697
NA	2657.95080299
NA	745.522786205
NA	0
NA	0
NA	599.961002535
NA	0
NA	1962.03462991
NA	464.609800363
NA	0
NA	572.743836739
NA	664.487700748
NA	2478.35953252
NA	0
NA	2805.61473649
NA	0
NA	0
NA	0
NA	0
NA	0
NA	0
NA	8396.56265716
NA	100.791782446
NA	50944.0570573
100131244	0
NA	2819.2342255
NA	0
NA	111.599202624
NA	3416.24853208
NA	0
NA	0
NA	0
NA	0
NA	0
NA	1896.36653209
NA	0
NA	21841.5889756
NA	0
404281	12183.082598
100996301	0
NA	346.930854512
NA	0
NA	901.804736729
NA	501.521805228
NA	1131.64896815
NA	0
NA	1565.39690149
NA	0
NA	0
NA	0
NA	0
NA	0
NA	0
NA	0
NA	0
NA	0
NA	2720.1978944
NA	0
NA	0
NA	0
NA	4188.18930616
NA	0
NA	0
NA	467.97925097
NA	0
NA	0
NA	0
NA	229.368977272
NA	2310.72513443
NA	52429.9253882
NA	0
NA	632.638617052
NA	0
NA	25432.8030757
NA	0
NA	0
NA	4276.59978243
NA	0
NA	7195.69534935
NA	0
NA	0
NA	471.397930563
NA	0
NA	0
NA	354.989150644
NA	0
NA	0
NA	1691.5405353
NA	0
NA	0
NA	2161.6460935
NA	1379.01484165
NA	0
NA	1800.8131797
401236	100.756809586
NA	0
NA	0
NA	0
NA	5151.25315138
NA	478.387356222
NA	0
NA	310.900562341
NA	0
NA	117997.681321
NA	58202.7527688
NA	0
NA	0
NA	452.30704864
NA	0
NA	0
NA	5023.554066
NA	1138.74951069
NA	708.246646895
NA	1170.89163398
NA	0
NA	3738.81277116
NA	19056.261343
NA	0
NA	0
NA	0
NA	0
NA	0
NA	1128.13179964
NA	745.841931233
NA	12541.3775015
NA	0
NA	0
NA	0
NA	0
NA	0
642587	660.33229159
NA	0
NA	0
NA	455.857339446
NA	0
NA	0
NA	296.609933837
NA	1595.50068806
NA	0
NA	278.676703673
NA	0
NA	0
NA	54757.5836142
NA	0
NA	0
NA	958.353548603
NA	0
101929684	0
NA	0
NA	0
NA	556.285680511
NA	0
NA	0
NA	0
NA	327.55908091
NA	0
NA	0
NA	0
NA	0
NA	1676.08153089
NA	21874.2843862
NA	5478.88915522
NA	13738.4618387
NA	0
NA	82.3075751777
NA	1857.44856222
3281	193922.765099
NA	0
NA	0
NA	1459.20163431
NA	7565.03933457
NA	0
NA	918.927611477
NA	268.126616091
NA	0
NA	0
NA	1923.05380945
NA	32004.3713288
NA	1355.11191773
NA	0
NA	2704.650616
NA	0
NA	9730.33928477
NA	0
NA	2332.37851588
NA	1190.0865788
NA	0
NA	0
NA	733.285669765
NA	0
NA	6913.83631493
NA	0
100131814	14120.4939326
NA	1276.40055045
NA	130.625787327
NA	0
NA	0
NA	389.773322452
NA	0
NA	0
NA	11675.2893543
NA	0
NA	0
NA	0
NA	5769.16142835
728400	0
NA	0
NA	0
NA	0
NA	0
NA	118.426233779
NA	0
NA	0
NA	0
NA	0
NA	346.103844132
NA	20482.7377199
NA	5160.80198863
100288323	0
NA	0
NA	0
NA	0
NA	579.025174929
NA	0
NA	37199.9961402
NA	0
NA	209.61101436
NA	0
NA	1071.51706726
NA	0
NA	1541.84668262
NA	39386.80156
NA	3024.80338778
NA	0
NA	0
NA	0
NA	0
NA	876.401786399
NA	0
NA	0
NA	0
NA	0
NA	711.718444183
NA	0
NA	278.543045781
NA	702.818374894
NA	3047.89348998
NA	8909.62751166
NA	0
105373343	0
NA	0
NA	17734.6861716
NA	0
NA	24078.0369177
NA	8799.42803718
643479	0
NA	62319.2369208
NA	0
NA	2925.75441035
NA	0
NA	3226.45694697
NA	493.425871244
NA	0
NA	0
NA	0
NA	0
NA	227.393206912
NA	0
NA	0
NA	0
NA	0
NA	0
NA	0
NA	135.692114592
NA	948.957925578
NA	0
NA	0
NA	0
NA	0
NA	2784.09516037
NA	791.229224051
NA	2819.2342255
NA	0
NA	14669.3570508
NA	1391.04730648
NA	0
NA	2429.96757512
NA	0
107987035	0
NA	11045.5282869
NA	6481.72154524
NA	2784.09516037
NA	0
NA	980.189452243
NA	0
440704	0
NA	6778.47506177
NA	0
NA	1558.3960209
NA	0
NA	0
NA	15232.582494
NA	0
NA	0
NA	0
26341	0
NA	1581.0224604
NA	2697.0383148
NA	0
NA	0
NA	0
NA	0
NA	0
NA	2006.78040931
NA	0
NA	32866.0394731
NA	3718.86179586
NA	0
NA	0
NA	7406.10733841
NA	0
NA	368.972204863
389158	0
NA	0
NA	0
NA	1496.80992385
NA	0
NA	3173.56421013
NA	0
NA	856.581490345
NA	16226.1862758
NA	0
NA	5478.88915522
NA	37411.0652133
NA	0
NA	111.556329323
NA	0
NA	0
NA	836.030111018
NA	1199.92200507
NA	0
NA	0
NA	70789.4285379
NA	530.861289263
NA	0
NA	676.879079783
NA	0
NA	0
NA	0
NA	1109.73678431
NA	1079.4837369
284067	77.3730682725
NA	0
NA	21861.0790299
NA	6574.66698627
NA	479.968802028
NA	0
NA	0
NA	0
NA	18086.0216404
NA	0
100130827	1146.24128379
NA	0
NA	0
NA	0
149773	1116.85048164
NA	0
NA	11516.5318787
NA	0
NA	530.861289263
NA	0
NA	0
NA	302.480338778
NA	0
NA	0
NA	0
NA	2765.53452597
NA	142.273946706
NA	2193.81344608
NA	414.238409739
NA	0
NA	0
NA	16498.4380599
NA	3609.71012022
NA	0
NA	0
NA	0
NA	0
NA	0
NA	10966.0545781
NA	1123.33123879
NA	61.981029931
NA	2460.85699345
NA	0
NA	5050.10652568
NA	0
NA	0
NA	2146.99538061
NA	679.254094098
NA	1664.0752162
NA	685.322952322
NA	1265.2772341
NA	0
NA	4600.0970333
NA	0
NA	436.007695536
NA	0
NA	722.34110753
NA	0
NA	55039.5596835
NA	2360.82215632
NA	11168.5048164
NA	0
NA	13928.9371676
NA	1975.38180426
NA	3284.85435777
NA	0
NA	14066.9057203
NA	0
NA	0
NA	0
NA	0
NA	0
NA	287.506064581
NA	0
NA	0
NA	0
NA	0
NA	0
3113	1990232.22154
NA	0
NA	0
NA	1282.97993473
NA	0
NA	0
100287144	0
NA	0
NA	0
NA	0
NA	0
NA	0
NA	463.867612183
NA	1001.31422492
NA	0
NA	182.342935778
NA	28577.1901017
NA	0
NA	4823.60673134
NA	0
NA	33505.5144493
NA	1765.23480381
NA	0
105375224	0
NA	31.7079193303
NA	0
NA	0
NA	97.0525151159
NA	0
NA	1396.06310205
NA	0
NA	0
NA	0
NA	665.842070584
NA	3618.03893914
NA	0
NA	161.772214611
NA	22866.8248518
NA	0
NA	5797.0823548
NA	213.672645494
NA	4208.42210474
NA	84653.4805746
NA	0
NA	627.173056645
NA	0
NA	0
NA	0
NA	0
NA	0
NA	233.801228041
NA	16752.7572246
NA	10013.1422492
NA	1425.76657231
NA	0
NA	0
NA	4064.82764972
NA	50206.082399
NA	0
NA	0
NA	0
NA	0
NA	523.209234643
NA	2368.52467559
NA	0
NA	0
NA	0
NA	0
NA	0
NA	0
NA	628.530574084
NA	0
NA	0
6222	14241526.5663
NA	0
NA	47837.3529998
NA	0
NA	0
NA	1734.65427256
NA	0
NA	0
NA	0
NA	198.891181662
NA	0
NA	453.720508167
NA	0
NA	519.465340298
NA	2242.32529133
105376171	6113.28684688
NA	0
NA	492.17139869
105379444	449.042977155
NA	1237.69004195
NA	0
NA	14399.0640608
NA	2304.61210498
NA	93.7015570271
NA	612.618407652
NA	0
NA	0
NA	777.459505293
NA	0
NA	0
NA	0
NA	0
NA	0
NA	0
NA	0
NA	1414.19379169
NA	0
NA	0
NA	1640.57132897
NA	963.920747641
NA	2419.84271022
NA	580.762250454
NA	0
NA	0
NA	0
NA	0
NA	146.805422258
NA	906.496748887
NA	0
NA	10260.8171458
NA	1308.02308661
NA	0
NA	0
NA	0
NA	0
NA	0
NA	0
NA	289.897961957
NA	0
NA	0
NA	2743.75866356
NA	0
NA	0
NA	7327.37418797
NA	0
NA	0
NA	6753.04942388
NA	0
NA	0
NA	0
NA	0
NA	0
NA	0
NA	0
NA	0
NA	0
NA	0
NA	0
NA	10242.7204666
NA	3373.61892475
NA	0
NA	649.622204087
NA	2281.97347919
NA	0
NA	612.941689133
NA	0
NA	0
NA	1276.40055045
NA	0
NA	587.419673419
NA	0
NA	2423.88251441
NA	0
NA	0
NA	368.972204863
NA	713.46713815
728405	0
NA	199.164009072
NA	0
NA	0
NA	659.957102788
NA	0
NA	0
NA	1259.78796194
NA	12049.0093455
NA	441.532374901
NA	0
NA	0
NA	0
NA	0
NA	762.155184322
NA	27775.5858913
NA	547.200612865
NA	696.357614453
NA	0
NA	0
NA	0
NA	1805.15597676
NA	0
NA	0
NA	0
NA	1474.0158641
NA	0
NA	0
NA	72.7043378134
NA	12171.6639317
NA	1175.63208594
NA	0
NA	228.107718167
NA	1628.53952888
NA	1953.23626834
NA	0
NA	0
NA	0
NA	0
NA	0
NA	0
NA	3771.1834445
NA	0
NA	1062.36997034
NA	1955.42845271
NA	0
NA	3930.70897092
NA	10800.5108231
NA	0
NA	1138.11191298
NA	0
NA	0
NA	0
400800	0
NA	0
378805	42704.9982615
NA	0
NA	0
NA	0
NA	0
NA	3287.33349313
NA	221.495900249
NA	0
NA	1264.81796832
NA	1970.91261466
144448	0
NA	1087.5697574
NA	735.142089182
NA	395.614612026
NA	19813.4772247
NA	0
NA	0
NA	91401.3012553
NA	669.080933702
NA	0
NA	0
NA	27543.6516197
NA	534.771869663
NA	0
NA	701.403684123
NA	0
NA	6488.96369222
NA	127.081455242
NA	0
NA	104.748797653
NA	1520.32002737
NA	0
NA	83500.1518893
NA	2225.9180331
NA	11395.1997721
NA	42039.0905154
NA	0
NA	0
NA	0
NA	0
NA	0
NA	0
NA	2494.86958544
NA	0
NA	1962.03462991
NA	88753.3364644
NA	0
NA	2758.5287387
NA	116.01323421
NA	0
NA	1212.95373946
NA	0
NA	379.087630844
NA	612.618407652
NA	0
NA	0
NA	0
NA	0
101927888	0
NA	1402.80736825
NA	0
NA	0
NA	0
NA	680.846718
NA	10667.061743
642597	1633.64908707
NA	736.740803403
NA	142.343688837
NA	8296.60357791
NA	1703.11510397
NA	1155.64123643
NA	478.387356222
NA	0
NA	624.475538122
NA	5716.16388242
NA	969.553005766
NA	1492.96208343
NA	629.893980969
NA	0
NA	3814.53038065
1589	5889.47624214
NA	0
NA	10820.1958367
NA	302.165582962
NA	6701.10288985
NA	737.007932048
402135	547.888915522
NA	0
NA	0
NA	0
NA	0
NA	0
NA	0
NA	1595.50068806
NA	3484.57350272
NA	0
NA	321.57378209
102723536	0
NA	0
NA	1152.30605249
NA	0
NA	0
NA	361.170553765
NA	0
NA	0
NA	3226.45694697
5554	4861.29115893
NA	0
NA	20487.5664198
NA	2432.37311719
NA	6252.22518431
NA	0
NA	0
NA	0
NA	165.900471468
NA	0
NA	0
NA	0
NA	0
NA	356.733569075
NA	0
NA	899.941503802
NA	9753.25916793
NA	0
NA	1254.34611329
NA	0
NA	0
NA	0
NA	0
NA	0
NA	2726.58333546
NA	0
NA	35391.5321495
NA	0
NA	0
5669	19140.2193004
6892	1007316.96111
NA	0
NA	2399.84401014
NA	0
NA	0
NA	1220.08876146
NA	0
NA	0
NA	0
NA	5507.22823706
NA	4865.02408757
NA	0
NA	485.587165931
NA	0
NA	6775.55958863
NA	0
NA	0
NA	8251.26694634
NA	0
NA	0
NA	0
NA	916.993027032
NA	0
NA	0
NA	0
NA	6913.83631493
NA	558.425240821
NA	4935.65651944
NA	16283.053751
NA	1420.65129759
NA	2649.46282141
NA	167.753394123
NA	0
NA	0
NA	0
NA	0
NA	80.6614236741
NA	398.328018144
NA	2639.82841115
NA	2002.62844984
NA	0
NA	0
NA	0
NA	0
NA	0
153743	3795.83170231
NA	0
NA	283833.31554
NA	691.383631493
NA	3177.03638104
NA	1449.48980978
NA	1910.40213965
NA	2503.2855623
NA	932.368935798
NA	0
NA	0
NA	0
NA	7831.42850151
NA	385.461670655
NA	0
NA	0
NA	0
NA	0
NA	1089.15612713
NA	4247.99974209
NA	0
NA	63212.2177365
NA	608.128010946
NA	2304.61210498
NA	0
NA	0
NA	616.520435726
NA	0
NA	0
NA	0
NA	0
NA	15631.2821033
NA	0
114821	22337.0096328
NA	648.172154524
NA	0
NA	1202.79951587
NA	177.061661724
NA	0
NA	0
NA	0
NA	225.977529359
NA	2601.39865825
NA	0
NA	0
101928475	0
NA	8038.23184019
NA	4341.24605821
NA	537.245375073
NA	0
NA	5006.5711246
NA	0
NA	0
643382	1776.93702332
NA	0
NA	0
NA	7955.64726649
NA	0
NA	0
102725019	0
NA	0
NA	1504.56541568
NA	4609.22420995
NA	0
NA	595.043289399
NA	0
NA	0
NA	0
NA	0
NA	0
NA	28260.9367617
NA	0
NA	0
NA	30508.2891298
NA	0
NA	0
NA	0
NA	9852.88068952
NA	0
NA	0
NA	2869.37870778
NA	0
51372	1337435.80592
730159	0
NA	0
NA	0
NA	0
NA	991.061860843
28985	189152.033634
NA	0
NA	0
NA	0
391475	0
NA	0
NA	0
NA	0
NA	673.738109575
NA	0
NA	26942.5786293
NA	0
NA	0
NA	0
NA	299.053682005
NA	0
NA	3456.91815746
NA	0
NA	681.645833866
NA	0
NA	1098.54145735
NA	11158.2866052
NA	0
NA	0
NA	0
NA	0
NA	0
NA	15356.6941226
NA	0
NA	0
NA	0
NA	0
NA	0
NA	1528.32171172
NA	0
NA	0
NA	0
NA	2481.8899592
NA	0
NA	0
NA	0
NA	15090.030384
NA	7314.38602587
NA	0
NA	0
NA	0
NA	349.015775513
NA	3783.46742967
NA	255135.5901
NA	505.010652568
NA	142.239101262
NA	0
NA	0
NA	4853.16643833
NA	0
100463285	659.208002785
NA	0
NA	0
NA	975.251470115
NA	0
NA	1185.22908256
NA	3311.0732637
NA	0
NA	0
NA	0
NA	0
NA	2575.44235234
NA	0
NA	15388.8614752
NA	2175.13951481
NA	5778.72886024
NA	0
NA	0
NA	0
NA	0
112268441	0
NA	2739.44457761
NA	15158.0034938
NA	0
NA	158.504981019
NA	0
NA	0
647219	3009.8734599
NA	5094.40570573
NA	0
NA	0
NA	2510.49964173
NA	0
NA	0
NA	0
NA	0
NA	4490.42977155
NA	0
283953	204.63786133
NA	5434.94084649
NA	2481.8899592
NA	0
100131902	0
728369	0
NA	206.456541221
NA	693.033711759
390037	0
NA	0
NA	6549.95019309
NA	549.964252324
NA	0
NA	0
NA	0
100289178	6704.32612356
NA	987.690902132
NA	0
NA	497.227954156
NA	0
NA	0
NA	0
NA	0
NA	1572.96798343
NA	0
NA	0
NA	0
NA	399.057890829
NA	0
NA	1779.65960302
NA	0
NA	515.774645163
NA	0
NA	0
NA	3102.362449
NA	1873.42661437
NA	0
NA	0
NA	88648.6409695
NA	0
NA	114.36830454
NA	0
NA	0
NA	5620.2798431
NA	2212.42762078
NA	0
NA	299.207753969
NA	4077.11408275
NA	472.164431263
NA	6127.620462
NA	93464.1950976
NA	411.304709953
NA	0
NA	1962.03462991
NA	25773.4726533
NA	0
NA	55.8747595203
NA	0
NA	0
NA	0
NA	0
NA	0
NA	1867.40273458
NA	1598.42821226
NA	0
NA	28598.1411208
NA	1770.61661724
NA	0
NA	0
NA	669.080933702
NA	0
NA	277.611018381
NA	0
NA	0
NA	4613.80139387
NA	0
26339	0
NA	2114.42566913
NA	13914.8584598
NA	6675.42816613
NA	2978.26795104
388789	563043.183614
NA	2109.94459747
NA	0
NA	0
NA	0
NA	3277.43933665
NA	0
NA	0
NA	375.654754498
NA	0
100287238	0
NA	142.204272883
NA	0
NA	0
NA	509.619384393
NA	586.628535812
NA	0
NA	0
NA	0
NA	3562.95859174
NA	0
NA	17466.5338482
60467	0
NA	0
NA	0
NA	0
NA	0
440561	0
NA	0
NA	10220.4536829
NA	0
NA	0
NA	0
389813	11583.4731969
NA	0
NA	0
NA	2216.64981089
NA	116369.964042
NA	0
NA	4118.88120889
NA	0
NA	0
NA	1302.15751223
NA	4658.52072556
NA	0
NA	17436.8169672
NA	0
NA	0
NA	3712.25870318
NA	2742.03139969
NA	0
NA	0
NA	2008.56509544
NA	920.383915141
NA	0
NA	0
NA	0
NA	0
NA	11586.2793108
NA	0
NA	147760.307084
NA	0
NA	0
NA	448.119020412
NA	22417.2143353
NA	0
NA	1618.84947862
NA	357.906070534
NA	764.16085586
NA	694.138147953
NA	0
NA	0
NA	671.401445611
NA	1159.20608873
NA	0
NA	1923.05380945
NA	0
NA	9876.90902132
NA	0
NA	846.592201828
NA	0
NA	100873.136733
NA	0
NA	0
NA	0
NA	0
NA	0
NA	373.56062422
NA	267.385934831
NA	0
NA	0
NA	0
NA	0
NA	1363.29166773
NA	0
NA	5191.55766198
NA	742.662724365
NA	0
NA	0
NA	1386.72934683
NA	188209.988573
NA	0
NA	0
NA	0
NA	0
NA	0
NA	0
NA	0
NA	4683.56653592
NA	16565.3662042
NA	0
NA	0
NA	0
NA	448.811630953
NA	0
NA	0
NA	0
NA	0
NA	0
NA	0
NA	0
NA	0
NA	467.790777651
NA	579.603044365
NA	1051687.66867
NA	804.379848274
NA	287.363805272
NA	0
NA	0
NA	0
NA	0
NA	0
NA	0
NA	22643.4379238
NA	0
NA	2085.32226375
NA	5913.57403941
NA	789.079144638
NA	0
NA	0
NA	0
NA	0
NA	11419.4824527
NA	4070.76343776
NA	0
NA	0
NA	0
NA	1441.09739567
NA	802.157804494
NA	2183.31673103
NA	0
NA	6061.6338268
NA	2310.72513443
NA	1025.176082
NA	0
NA	1080.48790782
NA	0
NA	0
NA	0
NA	0
NA	0
NA	2494.68320642
283080	0
NA	4974.40899746
NA	743.613636945
NA	0
NA	1509.25740762
3120	1169542.91462
NA	6508.00814276
NA	0
NA	69.23727354
NA	0
NA	0
NA	1444.68221506
NA	64849.382805
NA	488.035504583
NA	0
NA	0
NA	5179.21150821
NA	0
NA	0
NA	11428.2374866
NA	0
643699	5194.92673387
NA	696.357614453
NA	0
NA	682.714244264
NA	0
NA	0
NA	0
NA	0
NA	0
NA	370.3840883
NA	76.0359060557
NA	0
NA	13538.6698257
NA	871.143375681
NA	0
NA	258.346196821
NA	84279.4822558
NA	0
NA	6717.00111735
NA	0
NA	1083.51166129
NA	264.946282141
NA	0
NA	0
NA	0
NA	933.701367289
NA	129.230585326
NA	0
NA	0
NA	0
NA	18543.359899
NA	0
NA	9531.10914311
NA	581.22723224
NA	0
NA	336.283874032
NA	870.70802167
NA	53.2711658827
NA	54310.6842694
NA	0
NA	0
NA	0
NA	219.985700929
NA	0
NA	228.826733827
NA	0
NA	0
NA	0
NA	0
NA	267.139949611
NA	1902.89072888
NA	0
NA	509.977388878
NA	0
NA	43.6269719391
NA	725.952813067
NA	0
NA	0
NA	0
NA	1097.15790388
NA	0
NA	15547.1759621
NA	192.816152209
NA	0
NA	0
NA	0
NA	1293.09713433
NA	0
NA	844.131177985
NA	8270.3485033
NA	0
NA	0
NA	0
NA	295.102769539
NA	1074.60120355
NA	223.542051753
NA	0
NA	0
NA	0
NA	0
NA	373.240520857
NA	3562.95859174
NA	0
NA	0
NA	0
NA	4815.97041462
NA	0
NA	0
NA	0
NA	464.609800363
NA	0
NA	0
NA	0
101929947	2696.20357685
NA	0
NA	0
NA	0
NA	0
NA	0
NA	1155.36256722
NA	0
NA	0
NA	0
NA	0
NA	0
NA	1303.61896847
NA	378.593383607
NA	0
NA	0
NA	4824.83975965
NA	0
NA	0
7124	3811.68541467
NA	4185.23029153
NA	0
NA	0
NA	537.742824494
NA	10965.4410925
NA	0
NA	24089.9139762
NA	169.71427541
NA	1565.39690149
NA	0
NA	0
NA	87.4378576413
NA	313.925540786
NA	0
NA	0
NA	0
NA	0
NA	6371.99961313
NA	0
100303755	95690.8878925
NA	0
NA	4114.71230079
NA	0
NA	0
NA	0
NA	3992.74047187
NA	0
NA	1521.04398928
NA	0
NA	0
NA	0
NA	400.096467704
NA	0
NA	18304.8273782
201229	65578.6370168
NA	3090.07404912
NA	564.577690007
NA	826.119844173
NA	0
NA	5056.38775271
NA	2315.11147675
NA	241.581634964
NA	0
NA	8103.65930866
NA	0
NA	367.571044591
NA	196.336122533
NA	1678.50361403
NA	0
NA	0
NA	10287.2540338
NA	3112.33789096
NA	311.734970721
NA	0
NA	0
NA	0
NA	88194.2673726
NA	0
NA	1536.40806998
NA	0
NA	593.826431957
NA	0
NA	0
NA	0
NA	0
NA	183.785522295
NA	0
NA	27655.3452597
NA	0
NA	613.913583989
NA	0
NA	2859.72384302
NA	0
NA	434.052504076
NA	0
NA	2068.24163267
NA	0
NA	0
NA	463.497406587
NA	2150.97129798
NA	2993.6198477
NA	0
NA	0
NA	0
NA	0
NA	0
NA	5960.90286389
NA	0
NA	446.740192657
NA	0
NA	22405.2663468
NA	1967.73269757
NA	0
NA	0
NA	0
NA	1415.86541556
107987013	607.49189378
NA	3170.09962038
NA	0
NA	0
NA	3509.13746498
NA	0
245940	0
NA	1042.66113187
NA	0
NA	1369.72228881
NA	1469.04447838
NA	301.225233638
NA	0
NA	8838.03260219
NA	0
NA	0
NA	2127.33425075
NA	0
NA	0
NA	0
NA	0
NA	617.832181334
NA	0
NA	5848.95512072
NA	0
NA	0
NA	533.461956939
NA	0
NA	0
NA	0
NA	0
NA	0
NA	0
NA	760.160013683
NA	0
NA	0
NA	0
NA	0
NA	0
NA	0
NA	391.87736198
NA	1921.99310685
NA	0
NA	0
NA	0
NA	237.239481394
NA	0
NA	18599.8410628
NA	0
NA	1873.42661437
NA	204.062631923
NA	0
NA	172.333012004
NA	723.781468661
NA	390.122425294
NA	0
NA	0
84973	394904.964089
NA	628.530574084
NA	0
NA	0
NA	0
NA	0
NA	613.265311989
NA	0
NA	372.761393103
NA	983.509314909
NA	81.9591095757
NA	1166.18925794
NA	563.846845101
NA	0
NA	0
NA	2429.18573227
NA	0
NA	0
644844	0
NA	0
NA	9117.14678891
NA	0
NA	0
100133267	0
NA	0
NA	1194.98405443
90625	715.224446372
NA	47904.4443507
NA	1689.41790858
NA	648.172154524
NA	0
NA	491.338621365
NA	0
NA	0
NA	1356.92114592
NA	1942.34866372
NA	0
NA	0
NA	1508.4733778
NA	0
NA	1935.87416818
NA	0
NA	0
NA	0
NA	4900.94726121
NA	0
NA	0
NA	1881.51916994
NA	778.501676211
102723932	75.8175261689
150786	4554.99804277
NA	0
NA	2119.57025713
NA	0
NA	766.776565391
NA	0
NA	758.967917477
NA	0
NA	0
NA	0
NA	0
NA	1022.4687508
NA	0
NA	2272.40679328
NA	6229.29806592
NA	0
NA	0
NA	1754.69803011
NA	0
NA	0
NA	901.804736729
NA	1788.06111593
NA	109.951202282
NA	0
NA	3735.89751754
NA	0
NA	0
NA	379.087630844
NA	0
NA	0
NA	0
NA	0
NA	0
100287178	0
NA	0
NA	0
NA	0
NA	4344.85474155
NA	0
NA	0
NA	498.080832293
NA	0
NA	853.56003888
NA	4523.0704864
NA	0
NA	0
NA	4355.7168784
NA	0
NA	0
NA	0
NA	2130.4557977
NA	20026.2844984
NA	0
NA	5065.52333584
NA	318.749863037
NA	2101.58538347
NA	0
NA	0
NA	25050.4843946
NA	0
NA	0
NA	1462.87720517
NA	0
NA	0
NA	857.846751039
NA	0
643596	15504.2202568
NA	764.16085586
NA	2277.49902139
NA	0
NA	6800.49473599
NA	0
NA	0
NA	0
NA	0
NA	0
NA	0
NA	0
NA	110.621381039
NA	764.16085586
NA	0
NA	1361.693436
NA	0
NA	46109.668278
NA	6576.57600688
NA	189.296691804
NA	1022.4687508
NA	21032.2777618
NA	1606.0902944
NA	194.495060433
NA	0
NA	0
NA	0
79940	8180.9378876
NA	0
NA	883.960807388
NA	1906.22182862
NA	0
NA	24950.4805954
NA	0
NA	1332.02351021
NA	11261.7511534
NA	0
NA	20440.9073659
NA	0
NA	0
NA	0
NA	981.017314956
NA	266.160518081
NA	778.501676211
NA	397.238201405
NA	1186.03590971
NA	11560.8410512
NA	0
NA	18734.2661437
NA	0
NA	0
NA	0
NA	3271.90000256
2876	3948979.52686
NA	0
NA	2503.2855623
NA	0
NA	851.557551985
NA	4291.34667823
NA	0
NA	0
NA	0
NA	0
NA	3714.89712444
NA	416.317025415
NA	252.72508723
NA	3390.60529873
NA	0
NA	0
NA	0
NA	0
NA	0
NA	2668.94416569
NA	715.224446372
NA	0
NA	0
NA	0
NA	0
NA	0
NA	0
NA	0
NA	0
NA	3437.81916212
NA	35768.1774996
NA	0
NA	33637.5298726
NA	0
NA	54659.9765133
NA	337.064567878
NA	0
NA	164.989275697
NA	0
NA	0
NA	7204.1118854
NA	0
NA	0
NA	0
NA	0
NA	0
NA	6169.5706493
NA	0
NA	1485.32544873
NA	0
NA	0
NA	0
NA	373.43251701
NA	0
NA	1000.16461043
NA	0
NA	149.296208343
NA	0
NA	0
NA	0
NA	0
NA	58092.3171
NA	515.774645163
NA	0
NA	0
NA	0
NA	0
NA	0
NA	7901.52721706
NA	434.052504076
NA	11355.6864614
NA	0
NA	0
NA	0
NA	0
NA	504.718062387
NA	0
NA	124.306988539
NA	0
NA	6615.68063983
NA	0
NA	191.165981058
NA	499.79539626
NA	241.380818975
NA	0
NA	0
NA	7342.97098275
NA	0
NA	0
NA	0
NA	0
NA	4791.76774302
403274	0
NA	0
NA	2323.04900181
NA	0
NA	0
NA	0
NA	842.498429091
NA	0
NA	0
NA	229.731902869
NA	98665.4099528
NA	535.264746962
NA	4721.64431263
NA	4270.3106651
NA	0
NA	707.3839835
NA	1688.26235597
NA	0
NA	4666.19855124
643376	728.685383254
NA	0
NA	0
NA	0
NA	227.749902139
NA	0
NA	0
NA	235.126417188
NA	0
NA	0
NA	0
NA	0
NA	1884.02327131
NA	0
NA	0
NA	0
NA	0
NA	0
NA	861.66506002
NA	22183.8665697
NA	0
NA	1007.10216842
NA	10474.6698479
NA	0
NA	225.626359928
NA	619.14952074
NA	0
NA	1259087.52347
NA	0
NA	261.13410542
NA	0
NA	0
NA	0
NA	44111.9509897
NA	0
NA	1028.72540338
NA	2930.67578025
NA	0
NA	0
NA	0
388564	97568.0580762
NA	0
NA	0
NA	1526.71464367
NA	0
NA	0
NA	773.833778086
NA	0
NA	6991.51986903
NA	0
NA	3226.45694697
NA	0
NA	0
NA	0
NA	1177.22077795
NA	918.927611477
105372978	1786.96077063
NA	0
NA	378.100423472
NA	0
NA	0
NA	34043.6115764
NA	0
NA	4799.68802028
NA	0
728192	3024.80338778
NA	0
NA	0
NA	0
NA	0
NA	0
NA	0
NA	104.041965327
NA	733.285669765
NA	0
NA	743.042797408
NA	0
NA	0
NA	0
NA	0
NA	4418.84320997
NA	0
NA	0
NA	0
NA	0
NA	0
NA	14467.387022
NA	0
NA	0
NA	6991.51986903
NA	8804.87322779
NA	1013.19303987
NA	849.067617622
NA	0
NA	3102.362449
NA	0
NA	0
NA	0
NA	0
NA	0
NA	0
NA	0
NA	2713.84229184
NA	600.374483584
NA	0
NA	0
NA	5938.26431957
NA	1132.09015683
NA	0
NA	1743.44905073
NA	0
NA	517.613413952
105378853	8492.41874701
NA	6218.01124683
NA	0
NA	15124.0169389
NA	0
NA	0
NA	0
NA	0
NA	0
NA	513.948894207
117581	4174.80850965
NA	8659.07654976
NA	0
NA	0
NA	778.501676211
NA	674.129135756
NA	910.285659018
NA	0
NA	0
NA	0
NA	119066.669269
NA	10846.9214093
NA	0
NA	0
NA	4513.69624705
NA	0
NA	0
NA	0
NA	0
NA	0
100506421	0
NA	0
NA	0
NA	569.374755347
NA	0
NA	608.765461692
NA	0
NA	0
NA	0
NA	0
NA	0
NA	0
105376748	1437.53032291
NA	0
NA	0
NA	0
NA	681.645833866
NA	2726.58333546
NA	0
NA	904.61409728
NA	746.481041714
NA	10804.8790782
644139	0
NA	0
NA	4629.08299586
NA	567.816044636
NA	1071.51706726
NA	0
NA	0
NA	80881.0254559
NA	0
NA	71712.1270329
NA	0
NA	192.944269254
NA	0
NA	0
NA	0
NA	0
NA	534.771869663
NA	0
NA	0
NA	0
NA	4172.02620984
NA	0
389152	0
NA	0
NA	0
NA	49426.5745067
NA	0
NA	3016.9467556
NA	148.002612246
NA	0
NA	0
NA	0
NA	1578.15828928
NA	0
NA	0
NA	0
NA	0
10408	0
NA	4093.266276
NA	0
NA	0
NA	2360.39570723
NA	0
NA	787.855766119
NA	0
NA	0
NA	169.71427541
NA	0
NA	1659.32071558
NA	0
NA	0
NA	0
NA	0
NA	0
NA	2109.30599438
NA	153.154601913
NA	3664.11514482
NA	76.1755312767
NA	0
NA	1966.46360199
NA	368.503966024
NA	0
NA	0
NA	6427.70719903
100506289	730.912576982
NA	207879.105308
NA	0
NA	0
NA	506.969956749
NA	0
NA	131.097573466
NA	0
NA	0
NA	0
NA	10013.1422492
NA	1966.86722752
NA	0
NA	0
NA	2592.6886181
NA	406.12744787
NA	0
NA	213.123761634
NA	0
NA	3179.3553857
NA	4061.2744787
729384	0
728395	0
NA	0
NA	3990.24656776
NA	0
NA	0
NA	0
3447	0
NA	190.851873301
NA	1972.02801512
NA	0
NA	1561.18884531
NA	0
8341	3022.04201898
NA	0
NA	0
NA	0
NA	450.203294925
NA	431.729297096
NA	0
NA	27474.19671
NA	0
NA	0
NA	79605.0365494
NA	0
NA	62537.3111351
NA	14393.116492
NA	0
NA	2832.98658758
NA	0
NA	0
NA	0
NA	0
NA	1152.30605249
NA	8943.97716304
NA	0
NA	0
NA	0
NA	1214.98378756
NA	0
NA	0
NA	0
NA	163.641096211
NA	3924.06925982
NA	1569.62770393
NA	0
NA	963.806484869
NA	0
NA	0
NA	744.566987761
NA	0
NA	0
NA	15502.8937493
NA	714.344711505
NA	7826.98450746
NA	320.508968242
NA	0
NA	1152.30605249
NA	0
NA	0
NA	0
NA	0
NA	2130.58606097
NA	0
NA	0
NA	0
NA	2655.18900872
NA	6690.80933702
NA	641.726243595
NA	0
NA	0
NA	37527.2972376
NA	476.816297581
NA	0
NA	0
NA	0
NA	0
NA	0
NA	0
NA	5617.49200588
NA	173328.268546
NA	0
NA	2059.44060445
100996331	0
NA	0
NA	0
NA	0
NA	7426.62724365
NA	85.2808003603
NA	331.864143116
NA	154.048342295
6234	2977263.01401
NA	567.150635209
NA	34346.1545967
338651	6637.84899017
399697	0
NA	686.480201482
NA	0
NA	5899.39080596
NA	8679.87059102
NA	655.487867329
NA	0
NA	0
NA	0
NA	0
NA	0
NA	0
NA	0
NA	2090.74410163
NA	0
NA	0
NA	0
440567	10656.1880817
NA	0
NA	0
NA	0
NA	0
NA	0
NA	1302.15751223
NA	3416.24853208
NA	404.994595853
NA	0
NA	0
NA	17216.2722467
NA	0
NA	540.746974352
NA	658.460601421
NA	0
NA	0
NA	0
NA	0
NA	0
NA	0
NA	12941.7771689
NA	0
NA	0
NA	0
NA	0
NA	5253.60588404
NA	0
NA	0
NA	0
NA	516.692393642
NA	3318.64143116
NA	0
NA	0
NA	9625.89365393
NA	703.101998128
NA	551.007827755
NA	0
NA	49211.6160598
NA	0
NA	0
NA	74703.8579422
NA	0
NA	1025.176082
NA	0
NA	0
NA	0
NA	4817.7863914
NA	5830.67400642
NA	0
NA	8821.70507018
NA	0
NA	0
NA	3746.85322873
NA	0
NA	9131.48192537
NA	0
NA	2521.3990613
NA	7405.69312659
NA	0
NA	0
NA	0
NA	0
NA	0
NA	0
NA	0
NA	0
NA	0
NA	6854.67395047
NA	0
NA	427.345290989
NA	0
NA	0
203569	0
NA	0
NA	0
NA	0
NA	16765.8504307
NA	531.833562687
NA	890.739647935
NA	0
NA	3973.28791645
NA	0
NA	0
NA	5535.86200606
NA	0
NA	0
NA	716.990432659
NA	0
NA	0
NA	18855.9172225
NA	0
NA	0
NA	0
NA	0
NA	29953.3538916
NA	4484.65058265
NA	877.284366244
NA	2132.02000901
NA	0
NA	0
NA	964.721346269
NA	467.97925097
NA	0
NA	394.004240471
NA	25621.8639906
NA	187.827377249
NA	1586.78210506
NA	0
NA	0
NA	0
NA	0
NA	754.890273553
7726	316719.097974
NA	565.677516676
NA	3842.66868147
NA	0
NA	0
NA	967.93708409
NA	2455.65433596
NA	0
NA	425.778775992
NA	1258.87771052
NA	414.238409739
NA	0
NA	0
NA	4810.14941527
NA	0
NA	4487.12555538
NA	389.773322452
NA	0
NA	813.392507638
NA	2311.0316373
NA	0
NA	0
NA	0
NA	124592.593523
NA	0
NA	0
NA	0
NA	0
NA	0
NA	0
NA	0
NA	0
NA	48396.8542045
NA	0
NA	0
NA	0
NA	19759.6623675
NA	7604.08838565
NA	154.828645815
NA	0
NA	0
NA	683.249706416
NA	0
NA	1604.31560899
101927412	0
NA	1437.53032291
162083	0
NA	0
NA	0
NA	0
NA	369.441635149
NA	3337.71408307
NA	1622.24092306
NA	1555.61317086
NA	0
NA	0
NA	0
NA	0
NA	1984.38126579
NA	0
NA	1923.05380945
NA	0
NA	1004.77898002
NA	71.7167511057
NA	0
NA	1652.23968835
100507468	1260.69953065
NA	0
NA	1281.09319953
NA	894.030557964
NA	0
730130	0
NA	0
NA	0
NA	0
NA	0
NA	114.098673959
NA	696.357614453
NA	12751.8202964
NA	0
NA	0
NA	0
NA	451.603616216
NA	0
NA	0
NA	5521.20974882
NA	0
NA	0
NA	3135.01889584
NA	0
NA	0
NA	0
NA	328.485435777
NA	1004.19985669
NA	0
NA	8050.16980827
NA	931.455092949
NA	0
NA	0
NA	40994.982385
NA	0
NA	0
NA	930.708734701
NA	0
NA	0
NA	0
NA	0
NA	0
NA	255.504729632
729250	0
NA	0
NA	1219.35685458
NA	1178.0167352
NA	0
345462	25874.8053898
NA	0
NA	34520.8330689
NA	222056.154585
NA	0
54145	0
NA	5449.51173348
NA	17489.494158
NA	0
NA	0
NA	2623.92583036
NA	0
NA	0
NA	0
NA	0
NA	2583.46196821
NA	0
NA	286.654615229
NA	0
NA	0
NA	0
NA	1079.4837369
NA	7916.91480657
NA	990.498437386
NA	2100.40596909
NA	0
NA	10277.696855
NA	5527.55949036
NA	2584.99518006
NA	0
NA	46265.3865323
NA	354.81564666
NA	7465.82054034
NA	4528.7137434
NA	0
NA	0
NA	0
NA	830.134720488
NA	0
NA	7051.19730131
NA	13350.8563323
NA	527.0074868
NA	0
NA	1135.78015082
NA	0
NA	0
NA	0
NA	970.092845969
NA	0
NA	722.34110753
NA	3910.85690541
NA	1724.06096403
NA	0
NA	0
NA	264.283162891
NA	0
NA	0
NA	2435.62919575
NA	353.261709522
NA	0
NA	1964.98505793
NA	0
NA	0
NA	0
NA	0
NA	0
NA	0
NA	16288.0447254
NA	0
NA	419.625903507
NA	0
NA	0
NA	2951.02769539
NA	0
NA	0
NA	237.239481394
NA	0
NA	4594.63805739
NA	0
388849	5088.02972863
NA	0
5940	0
NA	0
NA	0
NA	208.233148244
NA	24122.9249896
NA	0
NA	0
NA	0
NA	187.705963301
NA	0
NA	0
NA	10483.0731129
NA	662.970605541
NA	42.40378581
NA	0
100129484	29574.8411208
NA	0
NA	0
390594	0
NA	0
NA	1466.57133953
NA	0
728927	28423.957523
NA	0
NA	0
NA	0
NA	4023.75693155
NA	0
NA	3366.73768379
NA	0
NA	78958.6870402
NA	0
NA	0
NA	2009.55796005
NA	0
NA	0
NA	0
390940	21473.5622017
NA	0
NA	0
100288814	1167.36130744
NA	0
NA	236.274308565
NA	0
NA	878.168725484
NA	712.591718348
NA	12483.6745425
NA	0
NA	0
NA	0
NA	0
NA	0
NA	1430.44889274
NA	0
NA	2146.42859196
NA	953.110914311
NA	0
NA	20307.1746998
NA	0
NA	0
NA	90118.2802428
NA	15905.707702
NA	0
NA	0
NA	402.189924137
NA	552.055371154
NA	0
133874	819.000353194
NA	0
NA	12516.4278115
NA	428.290745172
NA	162926.055769
NA	0
NA	0
NA	0
NA	0
NA	1649.89275697
NA	0
NA	0
NA	0
NA	0
NA	2262.7100667
NA	0
NA	0
NA	0
NA	0
NA	0
NA	0
257415	34101.2347868
102724571	55717.7996628
NA	0
NA	0
NA	7584.58162906
NA	1956.74612687
NA	731.438602587
NA	2307.66457134
NA	784.813851964
219869	0
NA	0
NA	0
NA	0
NA	392.937923176
NA	916.028786205
NA	189.791585116
NA	0
NA	0
NA	246.085699345
NA	146.879678921
NA	0
NA	0
NA	0
NA	1575.30447682
NA	0
NA	0
NA	0
NA	0
NA	11721.8068899
NA	7778.06585429
NA	0
NA	0
NA	0
NA	15606.8031474
NA	0
NA	0
NA	0
NA	0
NA	0
NA	0
NA	0
345643	22080.6307561
NA	8711.43375681
NA	0
NA	94849.3806418
NA	0
NA	0
NA	0
NA	30989.290044
8629	23842.8530999
NA	8517.84633999
NA	24525.4328739
NA	2206.54350476
NA	0
NA	0
NA	5602.20820373
NA	0
NA	0
NA	0
NA	618.490149578
NA	11637.4115072
NA	0
NA	0
100873985	12260.5363985
NA	0
NA	0
NA	0
NA	0
NA	0
NA	11387.4951069
105372569	0
NA	0
NA	259137.586437
NA	688.923191523
NA	0
NA	0
NA	286.37191837
NA	688.106931817
NA	395.614612026
NA	1263.62543615
NA	1371.57076693
NA	97857.3755343
NA	1232.45938554
NA	125.326338035
NA	0
NA	0
NA	0
NA	0
NA	0
NA	10400.0780006
NA	0
NA	0
NA	3318.64143116
NA	17388.5198201
NA	33595.0671797
NA	0
NA	0
NA	4087.57214565
NA	0
NA	0
NA	29872.793518
NA	0
NA	0
NA	0
NA	1325.94121108
NA	0
NA	0
NA	0
NA	1248.05641215
NA	11302.2593651
NA	0
NA	603.70296305
NA	6041.7399267
NA	0
NA	0
NA	0
NA	1572.46096693
NA	0
NA	639.371284903
NA	0
NA	0
NA	388.210060464
729978	14524.3961129
NA	0
NA	0
NA	166.550688401
NA	0
NA	0
NA	0
NA	0
NA	0
NA	0
NA	1622.24092306
NA	766.514188896
NA	2699.12742271
NA	3177.03638104
60674	1316591.70053
NA	77434.9667272
NA	8118.18199559
NA	0
3106	17251453.9543
NA	0
NA	0
NA	1368.10895278
NA	3305.15101884
105755953	0
101060264	8705.21574556
NA	66.9080933702
NA	0
NA	0
NA	234.367332709
NA	0
NA	389.773322452
NA	0
NA	0
NA	0
NA	0
NA	6991.51986903
NA	0
NA	17810.8904849
NA	0
NA	26607.1037617
NA	0
143678	2360.82215632
NA	0
NA	5427.68458368
NA	0
NA	0
NA	108469.214093
NA	0
NA	9088.26422466
NA	0
NA	0
NA	0
NA	0
NA	0
NA	0
NA	434.702283274
NA	157.644476236
NA	0
NA	149756.303576
NA	0
NA	4784.85891208
NA	0
NA	6016.62091528
NA	0
NA	12828.0818373
NA	285.878538249
NA	0
NA	0
NA	0
NA	8957.77250057
NA	0
NA	765.167655407
NA	0
NA	3660.26628437
NA	0
NA	7012.49698682
NA	0
285423	0
3451	0
NA	0
NA	0
NA	382.08042793
NA	0
NA	1777.84362384
NA	0
NA	1243.84438376
NA	0
NA	428.92337552
NA	1531.00769012
NA	417.814568672
NA	0
NA	314425.42222
NA	0
NA	0
NA	0
NA	5951.32523584
NA	0
NA	0
NA	219.819171254
NA	0
NA	0
NA	0
NA	0
NA	3249.43273397
NA	0
NA	0
NA	0
NA	0
NA	0
NA	22727.3980991
NA	3266.7876588
NA	1546.22537394
NA	165.742651385
NA	0
NA	105.058294221
NA	0
NA	0
NA	1175.63208594
NA	0
NA	0
NA	0
NA	0
NA	759.875841715
NA	0
NA	0
NA	1060.75296887
NA	0
344	689.741390088
NA	1849.56130718
NA	0
NA	2360.82215632
654434	27939.1717665
NA	116.478590143
NA	750.338824876
NA	3865.30615943
NA	0
NA	2092.83693857
NA	0
NA	0
NA	6113.28684688
NA	0
NA	0
NA	0
NA	0
NA	0
NA	0
NA	0
NA	5107.20572007
NA	1234.35122307
NA	0
NA	0
NA	0
NA	0
NA	276.553452597
NA	0
NA	0
NA	981.922034275
NA	573.875741555
NA	0
105373958	12625.2663142
NA	0
NA	0
NA	0
NA	0
NA	0
NA	63752.2300427
NA	0
NA	1433.98086532
440829	206.676957457
NA	0
NA	2702.36241751
NA	0
NA	191707.927334
NA	0
NA	0
NA	13932.4277255
NA	4033.07118371
NA	0
NA	0
NA	6784.6057296
NA	0
NA	0
NA	254.943920305
NA	0
NA	375.331053718
NA	4001.31471769
NA	10122.2178728
NA	0
NA	5474.39826247
NA	0
NA	0
NA	0
NA	0
NA	0
NA	764.16085586
NA	0
NA	0
NA	72.9600817153
NA	0
NA	0
NA	0
NA	6695.80078516
NA	0
NA	117.468092729
NA	556.285680511
NA	4273.30317433
NA	0
NA	0
NA	15275.6323941
NA	4334.04664518
NA	0
NA	0
NA	1016.79997161
342918	327.005771652
NA	0
NA	2333.23037071
NA	0
NA	0
NA	0
NA	0
NA	50245.7227921
NA	5750.12129162
NA	4375.60599657
NA	0
NA	0
NA	72.0191282805
NA	436.007695536
NA	7004.80784538
NA	0
NA	0
NA	0
NA	0
102725532	0
NA	0
NA	0
NA	1147.75148311
NA	0
NA	86808.6732257
NA	135.628736678
NA	0
NA	3841.02017496
NA	0
NA	2728.844184
NA	1541.30108931
NA	0
NA	2086.92800471
NA	900.872156857
NA	0
NA	322.287597366
NA	22924.8256758
NA	0
NA	31831.4880003
NA	2035.38171888
NA	3939.2788306
NA	899.0127716
NA	3161.22531351
NA	421.45301194
NA	0
NA	7189.04727503
NA	0
NA	1319.91420558
NA	0
NA	142.623342449
441869	71497.0168391
NA	0
NA	2237.14272132
NA	0
NA	0
NA	11088.5393881
266655	138359.775383
NA	0
64288	41181.7492505
NA	718.765161453
NA	97.6071009166
NA	0
NA	0
NA	649.622204087
200726	0
NA	0
NA	0
NA	1765.72270729
NA	0
100506492	0
NA	401.078902247
NA	0
NA	621.801124683
NA	0
NA	766.177111417
NA	0
NA	0
NA	0
NA	146.657133953
NA	274.982126162
101927378	0
NA	0
NA	0
NA	351.444629624
NA	0
NA	1061.07597525
NA	0
NA	0
NA	0
NA	0
NA	0
NA	508.548380432
NA	354.989150644
NA	0
NA	434.702283274
NA	0
NA	8373.15816686
107984780	0
387882	23614.3581228
NA	0
NA	0
NA	0
NA	0
388588	314731.743695
NA	0
NA	884.409518457
51236	223925.743334
NA	1051700.87021
NA	7292.67666095
NA	248.613977078
NA	0
NA	0
NA	888.015673477
NA	0
NA	0
NA	1656.16611346
NA	0
NA	0
NA	13792.1715448
90673	51921.0663708
NA	533.788833138
NA	0
NA	0
NA	0
NA	0
NA	0
NA	568.260519035
NA	0
NA	2828.38758338
NA	0
NA	218.003847768
NA	0
NA	9422.39639379
NA	11083.2490545
NA	629.211538953
NA	824.946378485
NA	0
NA	67810.5515835
NA	0
NA	0
NA	0
NA	0
NA	29959.9573647
NA	0
NA	0
NA	0
NA	0
NA	6159.59962602
NA	1382.76726299
NA	34763.9375272
NA	0
NA	0
NA	23436.2719179
NA	0
NA	0
NA	2514.12229634
NA	13916.0283655
NA	977.714226353
NA	0
NA	0
NA	9880.18766332
NA	0
NA	213.04557977
NA	6330.66654005
NA	0
NA	384.61076189
NA	0
NA	4190.20382723
NA	0
NA	4388.63161552
390245	0
105370503	0
NA	1951.48605663
NA	5741.99965138
NA	0
NA	1795.24652381
NA	0
NA	443.66864053
NA	725.952813067
NA	35889.8019943
NA	0
NA	0
NA	0
NA	0
NA	200.401052607
NA	0
NA	0
NA	15065.168624
NA	0
NA	0
NA	360.721894692
NA	244.120323856
NA	0
NA	50501.0652568
NA	14146.7727675
NA	910.285659018
105371807	0
NA	0
NA	151.004225287
NA	327.55908091
NA	0
NA	1222.65736938
NA	0
NA	0
NA	4894.06390832
NA	28898.4545638
NA	1268.03984815
NA	7839.49043312
NA	0
NA	430.83253001
NA	0
NA	0
NA	597.492027216
NA	0
NA	0
NA	2584.99518006
NA	1702.116795
NA	0
NA	0
NA	0
NA	0
NA	562.209342162
NA	0
NA	0
NA	0
NA	18436.8968398
NA	0
NA	4972.27954156
NA	0
NA	13585.081882
NA	0
NA	0
NA	593.421918039
NA	0
NA	10324.6622303
NA	674.91255137
NA	0
NA	4366.63346206
NA	132.051443941
NA	1131.35503335
NA	5177.50868197
729020	954.304167412
NA	988.812004178
NA	0
NA	0
NA	5360.01429337
NA	216.218261524
NA	746.001606235
NA	0
158376	12609.6022121
NA	597.492027216
NA	0
NA	244.017752291
NA	0
NA	9880.64320243
NA	0
NA	0
NA	2135.15533255
NA	0
NA	1508.4733778
NA	0
NA	2076.26953686
NA	332.624427522
NA	0
NA	0
NA	419.625903507
NA	2148.69754396
NA	0
NA	0
NA	0
NA	0
NA	568.260519035
NA	752.282707842
NA	0
NA	0
NA	0
NA	0
NA	0
NA	0
NA	0
NA	143.895503086
NA	120222.064857
105370105	95.1757211494
NA	708.246646895
NA	0
NA	0
NA	0
NA	273.428554828
NA	363.430694902
NA	21396.5039641
NA	5750.12129162
NA	0
100129250	51760.2430113
NA	1311.56786462
NA	0
NA	9178.71372844
NA	255.842401081
NA	0
NA	0
NA	0
NA	0
NA	0
NA	0
NA	1190.0865788
NA	0
NA	0
NA	0
NA	1346.43489286
NA	2202.63811803
NA	0
NA	661.761907992
NA	0
NA	1914.60082567
NA	920.870375984
NA	0
NA	0
NA	0
NA	0
NA	1738.80913309
NA	0
NA	15635.906743
NA	1368.33919663
NA	98132.7518059
NA	0
NA	3640.71993551
NA	31170.8552503
NA	0
NA	0
NA	0
NA	5575.31760436
NA	0
NA	0
NA	0
NA	0
NA	536.253232183
NA	0
NA	570.867218664
NA	552.055371154
NA	0
NA	1128.78960244
NA	437.320971727
107984969	1529.32784846
NA	3742.97758488
NA	86.9404566547
NA	0
NA	0
NA	0
NA	0
NA	0
NA	0
NA	0
NA	472.933428708
NA	432.758755927
NA	624.475538122
NA	0
NA	0
NA	0
NA	168167.968165
NA	3650.82652606
NA	961.526904725
NA	0
NA	0
107984875	10489.9585468
NA	155.201028983
NA	0
150372	31049.8641724
NA	0
NA	3035.34277241
NA	0
NA	1528.32171172
NA	535.758533629
NA	0
NA	19119.7448709
NA	0
NA	7370.07932048
NA	2765.53452597
NA	14765.1419607
NA	0
NA	519.001117474
NA	3738.81277116
NA	40699.5414085
149775	1667.48800376
NA	0
NA	0
NA	0
NA	0
NA	227.839250865
NA	0
NA	0
642559	1077.48098414
NA	69611.9135818
NA	549.964252324
54729	0
NA	10480.9513912
NA	0
NA	0
NA	1715.18679992
NA	131.453655603
NA	523.681019345
NA	0
NA	2392.31213408
NA	0
NA	0
NA	0
NA	505.890462068
NA	0
NA	915.306935309
NA	0
NA	0
NA	0
378925	668.054735951
NA	0
NA	31606.1088682
NA	1313.94174311
NA	0
NA	0
NA	0
NA	942.540844664
NA	0
NA	0
NA	3181.01389137
NA	504.133897963
NA	353.69199175
NA	0
NA	10780.399274
NA	415.42364124
NA	14955.8624013
NA	0
NA	173098.237666
NA	0
NA	0
NA	1018.88114115
NA	0
NA	20156.607391
NA	111.257136102
NA	0
NA	3006.0157891
NA	0
NA	0
NA	3537.63807383
NA	2754.2925157
NA	648.172154524
NA	0
NA	17316.3056328
NA	140.893316461
NA	2627.88348622
NA	0
NA	0
NA	0
NA	27189.2439351
NA	0
NA	3758.97896734
NA	1451.90562613
100133053	0
360155	0
NA	1188.86847585
NA	5097.62848334
NA	0
NA	8269.85472167
NA	0
149373	0
390616	0
NA	0
NA	0
NA	0
83552	0
NA	856.581490345
NA	1124.53964158
NA	1524.31036864
NA	175.350921031
NA	1074.40039606
NA	0
NA	846.592201828
NA	0
NA	0
NA	41900.6321636
NA	0
NA	2084.07506144
NA	198.619100702
NA	0
NA	170.912963641
NA	0
NA	4894.06390832
NA	1861.4174694
NA	0
NA	0
NA	308.587805767
9674	159427.312324
NA	255.842401081
NA	0
NA	2286.46555297
NA	0
NA	0
NA	159.374931519
NA	5727.13306684
NA	4040.08522055
NA	0
NA	0
NA	48578.1158307
NA	0
NA	0
NA	0
728393	0
NA	4094.68096677
NA	1163.07526793
NA	0
NA	0
NA	0
NA	0
NA	2096.61462258
NA	0
NA	2163.79377963
NA	0
NA	0
NA	0
NA	0
NA	0
NA	492.17139869
NA	669.080933702
NA	0
NA	0
NA	0
NA	0
NA	521.330565937
NA	451.603616216
NA	0
NA	0
NA	0
NA	0
NA	691.383631493
NA	63972.6351931
NA	0
NA	0
NA	10044.6301179
NA	1781.47929587
NA	0
NA	15390.0927614
NA	0
NA	0
NA	186.860440944
NA	0
NA	2240.59510206
NA	236.659433763
NA	1569.62770393
NA	0
NA	0
NA	34304.0914776
NA	265.430644631
NA	0
NA	6319.50218122
NA	0
NA	0
NA	0
NA	273908.93822
NA	0
NA	0
8705	149504.373897
NA	0
NA	1524.15035286
NA	286.37191837
NA	0
NA	0
NA	5232.09234643
NA	0
NA	0
NA	0
NA	0
NA	0
NA	3665.76713542
NA	0
NA	0
NA	0
NA	411.304709953
NA	616.520435726
NA	173.155113433
NA	0
NA	0
NA	2039.19329513
NA	0
NA	0
NA	1409.61711275
NA	367.199197303
NA	12316.328313
NA	789.079144638
NA	1123.33123879
NA	5157.74645163
NA	0
NA	27223.23049
NA	0
NA	686.480201482
NA	0
NA	17773.5345466
NA	296.913215978
NA	0
NA	0
NA	0
374987	886.853349297
NA	2300.04851665
NA	0
NA	0
NA	0
NA	0
NA	0
NA	2819.2342255
NA	0
NA	1018.88114115
448835	0
NA	0
NA	8236.89051236
NA	148.608559482
NA	585.44581699
NA	11107.4747355
NA	0
NA	19299.6883932
NA	103.670519538
NA	27223.23049
NA	1289.3093868
NA	1369.72228881
84968	28262.5359546
NA	8055.97068725
NA	0
NA	0
NA	0
NA	791.229224051
NA	0
NA	0
NA	0
NA	0
NA	0
NA	0
NA	46888.0793732
NA	69.2537861261
NA	0
NA	0
NA	0
NA	1616.22147622
NA	0
NA	0
NA	0
NA	0
100128124	188.681692805
NA	0
NA	0
NA	20558.8262779
NA	0
NA	445.369823968
NA	0
NA	1316.92120284
NA	0
NA	1426.61562193
NA	0
NA	2066.76957457
NA	1410.98700305
NA	5645.31956699
NA	15878.5184581
NA	0
NA	1504.56541568
NA	0
NA	676.879079783
NA	0
NA	0
100169851	0
NA	686.480201482
NA	1159.97786376
403273	0
NA	1833.21417441
NA	0
NA	3889.03292715
NA	291.840326861
NA	0
NA	0
NA	0
NA	2795.96681787
NA	0
NA	493.007003781
NA	972.801089537
NA	0
NA	3262.70927221
105373010	0
NA	437.320971727
NA	0
NA	619.81029931
NA	30148.8599962
NA	71460.9800363
NA	0
NA	833.630024575
NA	0
NA	0
NA	424.533808811
NA	0
NA	0
NA	0
NA	0
NA	0
NA	105.172446659
NA	0
NA	0
NA	293.610844517
NA	0
NA	0
NA	6649.94943268
NA	11829.3426169
NA	31112.2634172
NA	604.331165925
NA	2119.57025713
NA	1118.28417931
NA	0
NA	1962.03462991
NA	0
NA	0
NA	0
9278	437274.802944
NA	497.227954156
112268411	0
NA	53.2516275861
NA	0
105373525	0
NA	0
NA	4264.04001802
NA	740.013061231
NA	0
NA	0
NA	0
NA	0
NA	0
NA	5057.86795989
NA	0
NA	498.080832293
NA	1079.4837369
645402	0
392188	0
728082	0
NA	0
NA	321696.736771
NA	0
NA	0
NA	0
NA	0
NA	3432.04824266
NA	694.138147953
NA	3048.62073729
NA	0
NA	38008.3135716
NA	0
NA	1733.61865807
NA	10049.6199987
NA	0
NA	6621.06800192
NA	8766.22264836
NA	0
NA	38584.0166394
NA	0
NA	0
NA	538.740492072
NA	0
NA	0
NA	381.578351152
NA	8849.7104831
NA	1167.75251432
NA	496.377991841
NA	0
NA	0
NA	0
NA	0
NA	836.83321391
NA	0
NA	0
NA	0
NA	1379.48278018
NA	385.120855739
NA	1720.26732954
NA	0
NA	0
NA	562.754118657
NA	0
NA	0
NA	0
NA	0
NA	194.105030232
NA	0
NA	0
NA	44248.5524155
NA	4210.6015051
NA	0
NA	7546.18516452
NA	0
NA	590.205539079
NA	0
NA	1522.3125831
NA	0
NA	0
NA	1059.78512857
NA	0
NA	0
NA	0
NA	565.31043198
NA	0
NA	0
NA	0
NA	755.217490837
NA	0
NA	824.946378485
NA	0
NA	0
NA	0
NA	335.700722806
NA	0
NA	0
NA	0
NA	0
NA	1193.09564727
NA	0
NA	1431.15389466
NA	251.521113232
NA	2158.96747381
NA	0
NA	3607.21894692
NA	0
NA	0
NA	0
NA	10354.6757833
NA	9096.27621193
NA	0
NA	366.180485784
NA	0
NA	0
NA	0
NA	0
NA	1059.78512857
154790	229.822813793
NA	0
NA	2290.97534696
NA	1449.00761091
NA	0
NA	4163.17025415
58486	103236.616677
NA	0
NA	826.119844173
NA	0
NA	463.12779143
441046	3286.94588159
NA	5028.24459267
NA	0
NA	0
NA	0
NA	0
107984360	1629.06662119
NA	9443.28862526
NA	0
NA	675.304942388
NA	502.389490012
NA	153.559558555
NA	21327.4272765
NA	0
NA	1018.88114115
NA	0
NA	6591.68623574
NA	2066.76957457
342618	0
NA	0
NA	0
NA	0
NA	0
NA	0
NA	11143.2937446
NA	0
NA	0
644591	75.3063084095
NA	0
NA	0
NA	9312.5142201
NA	0
NA	0
NA	0
NA	269.370246036
112935969	199.711915562
NA	0
NA	437.650527848
NA	6945.84481638
NA	0
NA	734.21270601
NA	0
NA	0
NA	0
NA	0
NA	0
NA	3470.69073976
100008586	0
729408	0
2578	0
26748	0
2574	0
2579	0
2576	0
NA	0
NA	1225.2368153
NA	379.914250188
728096	0
NA	0
NA	296.005224492
NA	882.617401905
NA	0
NA	12477.3139746
NA	0
NA	0
NA	0
NA	0
100874261	5725.03188068
NA	412.082959168
NA	1204.90093455
NA	0
NA	0
NA	0
NA	312.573869997
NA	501.521805228
NA	0
NA	279.21262041
NA	0
NA	0
646000	285.527163448
NA	8723.89646604
259285	0
NA	0
NA	0
NA	0
401491	1238.82732605
NA	0
NA	0
NA	0
NA	1260.69953065
NA	4424.85524155
NA	0
NA	0
NA	0
NA	289.801522182
NA	0
NA	357.260242651
100289087	0
NA	0
NA	0
NA	1462.87720517
NA	0
NA	211.802425403
NA	46736.8037964
NA	4214.18390937
NA	0
NA	3337.71408307
NA	0
101928271	0
NA	0
NA	1900.40003421
NA	276662.331909
NA	548.924622357
NA	0
171222	6244.75538122
NA	0
643311	0
NA	0
NA	78.4601797425
NA	0
NA	0
NA	0
NA	0
NA	25315.2775839
NA	0
NA	920.870375984
NA	0
NA	190.413852608
NA	0
NA	0
NA	0
NA	0
NA	10658.1836226
NA	0
NA	5208.63004891
NA	620.472489801
NA	0
NA	448.465058265
NA	385.632304418
NA	0
NA	0
NA	0
NA	4385.26978347
NA	6913.83631493
NA	0
NA	445.369823968
NA	0
NA	0
NA	2913.52299559
NA	1988.91181662
NA	3778.73336131
NA	365.259277015
NA	0
NA	19731.7803146
NA	0
NA	2896.5698277
NA	6959.32208016
NA	0
NA	1227.82716798
NA	0
NA	0
NA	0
NA	0
NA	0
NA	3660.26628437
NA	0
NA	1356.92114592
NA	0
NA	635.407276208
NA	0
NA	2109.30599438
NA	237.045816512
NA	2253.19980777
NA	0
NA	0
NA	3565.38898641
NA	0
NA	792.957742291
NA	0
NA	342.027238194
NA	754.236688901
NA	0
NA	0
NA	61.0942826061
NA	7277.72243676
NA	22337.0096328
NA	0
NA	0
NA	0
NA	239.144430905
NA	34072.0685092
NA	0
NA	547.888915522
102723971	0
NA	0
NA	0
NA	0
NA	8053.6145226
NA	638.200275224
NA	0
NA	771977.272458
NA	222.343893742
NA	0
NA	0
NA	776.420120927
NA	2262.7100667
NA	0
NA	12200.8876146
NA	149.912816328
NA	0
NA	3076.57263892
NA	0
NA	0
NA	0
NA	264.223043882
NA	5303.76484433
NA	0
NA	290.018601974
NA	1023.67024169
NA	616.95706493
NA	430.194259595
NA	8934.80385313
NA	930.708734701
NA	0
NA	0
NA	0
NA	0
NA	0
NA	0
NA	12489.5107624
NA	0
NA	1517.6713862
NA	0
NA	0
NA	0
54753	172105.587832
NA	0
NA	839.251807014
NA	0
NA	0
NA	1380.57587271
NA	3662.4646425
NA	80363.7800443
NA	0
NA	0
NA	0
NA	0
NA	0
NA	672.178530618
3441	0
NA	0
NA	0
NA	470.633914468
NA	2150.97129798
NA	0
NA	0
NA	0
NA	0
NA	4208.42210474
NA	0
NA	0
NA	1885.59172225
NA	849.067617622
NA	8257.28318181
NA	0
NA	0
NA	0
NA	619.14952074
NA	0
NA	1574.49099658
NA	0
NA	192.496602736
NA	0
NA	39502.9215702
NA	0
NA	0
NA	0
NA	0
NA	1172.78321982
NA	0
100506922	11010.7341164
NA	3827.99976759
NA	468.356653592
NA	0
NA	0
NA	0
NA	1190.0865788
NA	0
NA	1871.41434088
NA	29371.883931
54848	41915.417733
NA	224.840205363
NA	0
NA	0
NA	0
NA	7392.59483775
NA	0
NA	2784.47654327
NA	1728.45907873
NA	0
NA	0
NA	6100.98922023
NA	0
NA	2765.53452597
NA	0
NA	195.017545485
NA	0
NA	791.229224051
NA	3313.23207268
NA	0
NA	1725.03638749
NA	1230.42849672
NA	0
NA	25553.53902
NA	0
NA	0
NA	1085.53691674
NA	14397.5767079
NA	0
NA	0
NA	0
NA	0
NA	0
NA	3347.33285564
NA	4174.80850965
NA	11444.1180108
NA	592.614541279
NA	2048.70119025
NA	0
NA	305.022190364
643854	124.413506952
NA	7407.68176599
NA	0
NA	0
NA	9555.50320673
NA	0
NA	0
NA	5595.5794922
NA	13827.6726299
NA	0
NA	631.263315711
NA	0
NA	3679.06351646
NA	1027.2917166
NA	1145.69310527
NA	5852.64283403
NA	0
NA	0
NA	0
NA	197.180483404
NA	0
NA	1966.46360199
NA	1138.74951069
NA	0
NA	0
NA	2569.74447103
NA	0
NA	0
NA	49009.4726121
NA	0
NA	3856.32304418
NA	730.51855403
NA	0
NA	9749.00660234
NA	13581.2998436
NA	2036.74135931
NA	2208.22148461
NA	11913.0718042
NA	0
NA	0
NA	0
NA	0
NA	0
NA	0
618	776.766273456
NA	0
NA	0
NA	0
NA	6464.18043936
NA	10950.6536171
NA	0
NA	0
NA	987.019460322
NA	275.503913877
NA	0
NA	0
NA	0
NA	0
NA	2095.60590734
NA	6701.10288985
NA	5513.56566886
NA	473.704935117
NA	0
NA	2191.55566209
NA	0
NA	2696.20357685
NA	0
NA	0
NA	0
NA	0
284898	0
NA	57107.4381482
NA	0
NA	7305.1855403
NA	3217.5193931
NA	0
NA	0
NA	0
NA	0
112840933	5731.20641895
NA	0
NA	8829.1558346
NA	1786.96077063
NA	0
NA	0
NA	47321.3685555
NA	0
NA	877.284366244
NA	0
NA	2254.29306338
NA	0
NA	504.133897963
NA	963.654176638
NA	1338.1618674
NA	806.614236741
NA	0
NA	1382.76726299
NA	0
NA	236.852467559
NA	0
NA	722.34110753
NA	0
NA	0
NA	27174.7042325
NA	606.22364348
NA	0
NA	869.983397817
NA	0
NA	192.816152209
NA	645.291389393
NA	16843.0769791
NA	0
NA	0
NA	0
NA	0
NA	0
NA	0
NA	3864.38759808
NA	0
NA	0
NA	612.618407652
NA	500.65711246
NA	2160.57384841
NA	803.267289701
NA	4078.38659026
NA	0
NA	6226.49586256
NA	0
NA	0
NA	10693.9224588
NA	0
NA	0
NA	0
NA	0
102725532	0
NA	3299.78551394
NA	0
NA	0
NA	0
NA	0
NA	0
NA	0
NA	549.270728676
NA	0
NA	0
NA	0
NA	545.829182757
NA	706.523419043
NA	0
NA	89683.6530333
NA	3696.9819184
NA	0
NA	0
646498	0
219870	0
NA	0
NA	0
NA	575.391925813
NA	0
NA	0
NA	0
NA	253.940642962
NA	1313.94174311
NA	17967.6943753
NA	575.012129162
NA	0
NA	451.603616216
NA	0
NA	0
NA	888.015673477
NA	95.5201069825
NA	0
NA	0
NA	5243.90293863
NA	0
NA	686.480201482
NA	841.684420947
NA	2373.68767215
NA	0
NA	0
NA	0
NA	2262.7100667
NA	471.397930563
NA	2374.44883543
NA	0
NA	0
NA	0
NA	1199.92200507
NA	0
NA	0
NA	0
NA	0
NA	4265.48545531
NA	0
NA	0
220930	26453.4097375
NA	5912.4854541
392188	0
NA	633307.406447
NA	0
NA	701.403684123
NA	0
NA	0
NA	1640.57132897
NA	0
NA	454.572832227
NA	0
NA	0
NA	0
NA	0
NA	0
NA	0
NA	300.290718952
NA	0
NA	0
NA	0
NA	0
NA	2940.56835673
NA	1583.32129349
NA	425.155381006
NA	694.691687146
NA	778.501676211
NA	15138.3525
NA	0
NA	2963.0727064
NA	0
NA	737.007932048
NA	0
NA	0
NA	503.260182369
NA	727.164754324
NA	0
NA	3731.27674139
NA	0
NA	0
NA	1217.53092338
134860	0
NA	0
NA	1551.56375995
NA	7699.49953253
NA	0
NA	0
NA	0
79804	413.606242057
NA	5145.00785637
NA	0
NA	1063.66712537
NA	0
NA	0
NA	0
NA	3436.46302044
NA	600.892137045
646603	0
NA	0
NA	0
NA	2044.9375016
NA	0
NA	0
NA	0
NA	20729.1185571
NA	0
NA	0
NA	0
105376023	0
NA	0
NA	374.927211397
NA	791.229224051
NA	0
NA	859.115755109
NA	0
NA	0
NA	8196.24143785
NA	994.455908311
NA	0
84752	378082.795205
NA	0
NA	0
NA	0
NA	1833.98605406
NA	0
NA	0
NA	0
NA	8739.2404309
NA	0
NA	0
NA	0
NA	1398.30397381
NA	65975.1934777
NA	8347.05279812
91368	270713.877702
NA	0
NA	0
NA	0
NA	0
NA	1063.66712537
NA	0
NA	407.838659026
NA	0
NA	0
NA	0
NA	0
NA	1003.62140055
NA	0
NA	641.017936483
NA	81326.6725292
NA	0
NA	0
NA	0
NA	0
NA	1458.5036187
NA	2028.61065528
NA	0
NA	0
NA	1873.42661437
NA	0
NA	0
NA	852.182319081
NA	2691.82966607
NA	0
NA	0
NA	0
NA	38371.7915478
NA	0
100130880	503.260182369
284428	0
NA	4346.31943098
NA	0
NA	0
NA	376.629215599
NA	0
NA	3248.11102043
NA	0
NA	0
NA	0
NA	1316.92120284
NA	0
NA	0
NA	0
NA	98550.4000316
NA	0
NA	0
NA	0
NA	0
NA	0
NA	0
NA	0
NA	590.205539079
NA	0
NA	0
NA	13132.8147088
NA	0
NA	0
NA	0
NA	2713.84229184
NA	0
NA	0
NA	3932.24440411
NA	599.341847733
1159	10627.7818167
NA	127.192783717
NA	1741.41604334
NA	864.229539366
NA	767.696299344
NA	1318.79023662
NA	0
NA	4667.69311394
NA	0
NA	0
NA	510.335896708
NA	0
NA	2119.57025713
NA	0
NA	108.432085596
NA	0
NA	0
NA	45170.3972575
NA	0
NA	0
NA	0
NA	0
NA	0
NA	0
105374461	0
NA	0
NA	0
NA	0
NA	206.236594621
NA	0
NA	0
NA	0
NA	0
NA	0
401934	2137.40050114
NA	602.450467276
NA	0
NA	0
100861507	0
NA	0
NA	0
NA	0
NA	1849.56130718
NA	0
NA	0
NA	720.548697833
NA	0
NA	30248.0338778
NA	0
NA	0
399968	0
NA	0
NA	2432.22906193
NA	1351.13357996
NA	0
NA	398.875172015
NA	0
NA	0
NA	0
NA	0
NA	0
NA	1544.58045333
NA	597.492027216
NA	0
NA	0
112267897	0
NA	0
NA	6096.17477733
NA	0
NA	0
NA	0
NA	0
NA	439.971401859
403253	0
NA	706.523419043
NA	0
101929685	0
NA	2536.0796963
NA	3588.23358404
NA	0
NA	0
NA	1591.1294533
NA	511.684802162
NA	0
NA	0
NA	1356.92114592
NA	619.14952074
646960	485.993515024
NA	0
NA	0
NA	0
NA	1769.6356662
NA	11240.5596862
NA	1079.4837369
NA	2295.50296622
NA	676.879079783
84793	18633.4639942
NA	981.017314956
NA	0
NA	0
NA	0
NA	2052.16342917
NA	0
NA	3955.24801671
NA	0
102723661	0
NA	9795.98976669
NA	3549.89150644
NA	39082.0715165
NA	0
100129842	71877.3285388
5863	367756.40854
NA	685.399980866
NA	0
NA	0
NA	766.177111417
NA	0
NA	302.165582962
NA	0
NA	619.14952074
NA	1582.4584481
388553	211.263095836
NA	846.592201828
NA	4301.94259595
NA	0
NA	0
NA	0
NA	1504.56541568
NA	36045.823523
NA	0
NA	0
NA	0
NA	0
NA	0
NA	30273.7768854
NA	2092.83693857
NA	0
NA	0
NA	0
NA	45849.6513516
NA	0
NA	0
NA	0
NA	0
NA	907.441016334
NA	652.541854442
NA	584.267857599
NA	0
387723	15422.9862502
NA	0
NA	1105.31151527
NA	0
NA	27403.5167847
NA	0
NA	0
NA	2415.1072059
NA	0
NA	0
NA	0
NA	3798.47283208
NA	16863.0154023
NA	258.691425592
NA	46411.6932824
NA	1123.33123879
NA	0
729993	13582.5735581
NA	1013.68276798
NA	0
26648	374.685322873
NA	18871.2347832
NA	7490.25472718
101929926	0
NA	4868.32261228
NA	0
NA	0
NA	10469.1487273
NA	1227.82716798
NA	3950.76360853
NA	0
NA	0
NA	964.721346269
3118	1953975.35381
3117	1953975.35381
NA	0
NA	0
NA	0
NA	0
NA	419.020382723
NA	275801.319776
NA	648.172154524
NA	3240.86077262
NA	0
NA	0
NA	0
NA	399.423831124
NA	0
NA	403.307118371
NA	0
NA	1235.66436267
NA	493.007003781
NA	0
NA	0
NA	0
NA	0
NA	0
NA	8635.86989522
NA	0
NA	217.026252038
NA	0
NA	0
NA	0
NA	2006.08722091
NA	0
NA	0
NA	140.893316461
NA	0
NA	0
NA	2647.85220572
NA	519.465340298
150051	1766.30854761
101927512	3002.06050516
NA	0
NA	0
NA	0
NA	0
NA	0
NA	0
NA	0
NA	0
NA	0
NA	0
NA	0
NA	4399.71401859
NA	0
NA	0
NA	0
NA	0
NA	0
NA	0
NA	0
NA	457.293110593
NA	6810.2413734
NA	0
NA	0
NA	1008.26779593
NA	0
NA	510.335896708
NA	2792.1262041
NA	0
NA	0
NA	0
NA	0
NA	99.1738815666
NA	0
NA	0
NA	8561.60565779
NA	0
NA	0
NA	0
NA	0
3833	19792.7941859
NA	0
339804	55201.1643996
NA	0
NA	0
NA	0
NA	578.448456627
NA	403.868046213
NA	0
NA	0
NA	0
NA	0
NA	0
NA	0
NA	9367.13307183
NA	19533.6700705
NA	0
729422	0
NA	6509.16594531
NA	0
NA	0
NA	12208.215475
NA	681.645833866
NA	1134.30127042
NA	0
NA	1181.21135686
NA	21373.8720224
NA	0
NA	0
NA	7509.8566869
345611	383.594617209
NA	0
645382	0
NA	0
NA	4455.97634619
NA	0
NA	1407.33986378
NA	0
NA	0
NA	376.141353921
NA	13660.1242088
NA	750.338824876
NA	0
NA	4153.24612959
NA	0
NA	0
NA	437.980581036
NA	885.308308618
NA	0
NA	0
NA	390.297211326
NA	19589.2028923
NA	5236.38094671
NA	0
440934	1357.44974785
NA	0
NA	0
100189589	2836.11054884
NA	861.66506002
NA	0
NA	2245.21488577
NA	5717.6399738
NA	0
NA	0
NA	0
NA	402.7477465
NA	21605.7384841
NA	49353.3137737
NA	0
NA	0
NA	0
NA	15797.192767
NA	0
NA	619.14952074
NA	6624.66445384
NA	26701.7126645
NA	0
NA	0
NA	0
276	0
285550	112607.835151
NA	258.116555757
NA	0
NA	0
NA	0
NA	0
NA	2891.1624167
NA	24889.8107337
NA	72.7043378134
NA	1309.99003862
NA	0
NA	336.089265309
NA	3262.70927221
NA	0
152118	500.65711246
NA	351.338324533
NA	0
NA	2734.28554828
NA	5020.99928346
NA	0
NA	0
NA	292.722908495
NA	0
NA	335.700722806
NA	5444.646098
NA	0
NA	16179.5934877
NA	0
NA	10293.8074071
NA	0
NA	1888.04372709
NA	435.354010835
NA	17174.4978524
NA	0
NA	0
NA	0
NA	1212.95373946
NA	0
NA	608.340346146
NA	0
NA	4059.09099779
NA	0
NA	2983.36772493
NA	6122.07451365
NA	0
NA	2845.01429027
NA	0
NA	0
NA	392.406925982
NA	12750.4460085
NA	0
NA	0
645202	0
NA	0
NA	1372.96040296
NA	0
NA	150729.167182
NA	0
NA	1025.176082
NA	0
NA	1965.82966788
NA	0
NA	387.691755977
NA	0
NA	1818.67093044
102724434	794.010889292
645682	0
NA	0
NA	0
NA	0
NA	0
NA	14619.1876838
NA	961.526904725
NA	0
NA	4252.44325646
NA	20477.7440911
NA	0
NA	12277.1431622
NA	632.638617052
NA	3722.83493881
NA	0
NA	1329.98988654
NA	0
NA	1469.04447838
NA	4932.16348581
NA	0
NA	0
NA	1341.25231052
NA	0
NA	0
NA	0
NA	0
NA	0
NA	97.9362985588
NA	933.701367289
NA	0
NA	306.309203826
NA	0
NA	0
NA	0
NA	0
NA	0
NA	356.733569075
NA	580.182068385
NA	5514.56287734
NA	0
NA	782.698450746
NA	0
NA	506.773342455
NA	0
101929011	0
NA	3598.98328722
NA	890.739647935
NA	2238.39690084
NA	0
NA	13952.0222039
NA	1843.23956443
NA	0
NA	0
NA	1826.29638507
NA	7298.62792312
NA	0
NA	0
NA	0
NA	0
NA	0
NA	0
728072	0
NA	901.804736729
NA	1897.91585116
NA	0
NA	0
NA	0
NA	597.902110968
NA	0
NA	641.489967364
NA	261399.470473
NA	0
NA	7966.50857143
NA	15975.6606112
NA	7220.84503228
NA	2060.65848771
NA	732.360971568
NA	3683.48150393
NA	0
NA	7048.79107783
NA	0
NA	0
NA	3063.09203826
NA	726.47172144
NA	139.74067624
NA	54936.9696375
NA	0
NA	0
NA	0
NA	0
NA	2081.58512707
NA	8469.44948578
NA	0
NA	0
NA	4713.97930563
NA	568.260519035
NA	1394.38715595
NA	0
NA	0
NA	0
NA	0
NA	0
NA	0
NA	684.861144403
NA	2114.42566913
NA	0
NA	0
NA	1361.693436
NA	0
NA	0
NA	0
NA	0
NA	0
NA	1251.64278115
NA	0
NA	0
NA	3791.70130873
NA	0
NA	0
NA	4876.62958396
NA	0
NA	11211.6264566
NA	3782.51966728
NA	1026.08171458
NA	23437.545636
NA	0
NA	0
NA	353.261709522
NA	1083.51166129
NA	0
NA	0
NA	1781.47929587
NA	541.150065648
NA	40149.1587934
NA	0
NA	0
NA	0
NA	0
NA	0
NA	0
NA	590.205539079
NA	0
NA	57400.920103
NA	0
NA	0
NA	0
NA	0
NA	0
NA	905.554444574
NA	0
NA	0
NA	4479.93320827
474170	14183.802742
NA	3644.95136268
NA	14350.2300257
NA	160.742388722
NA	0
NA	0
NA	314.605769477
NA	0
NA	0
NA	1457.98054507
NA	2429.41312557
NA	343.646302044
NA	0
NA	34545.3407597
NA	11713.8320115
NA	0
NA	0
NA	833.829505318
NA	1164.63018139
NA	0
103352539	4779.14952645
NA	775.176522229
NA	0
NA	0
NA	0
NA	5336.81322799
NA	0
NA	9267.48272001
NA	0
NA	287.363805272
NA	0
NA	0
NA	1327.96246293
NA	2380.95379819
NA	0
NA	1089.61022599
NA	0
NA	0
NA	1284.87223552
NA	2101.16588442
NA	52588.7077183
NA	0
NA	243.608326533
NA	2970.65089746
NA	11247.1562588
NA	2216.64981089
NA	0
NA	0
NA	0
NA	629.893980969
26240	0
NA	290.671797024
NA	0
NA	0
NA	13390.5586507
NA	1225.2368153
NA	1481.5363532
NA	0
NA	0
NA	0
NA	3237.24777287
NA	1935.87416818
NA	0
NA	1905.70057573
NA	2993.6198477
NA	1340.22057797
NA	0
NA	14500.2248006
NA	0
NA	6913.83631493
NA	0
NA	0
NA	0
NA	0
NA	0
NA	410.432685833
NA	0
NA	0
NA	5741.59417156
100996251	2479.87134191
NA	0
NA	0
NA	0
NA	0
347411	1968.68559476
NA	0
101928677	480.763452362
NA	0
107984977	0
NA	707.671304371
NA	0
NA	352.261777469
NA	0
NA	1742.28675136
NA	3818.29224493
NA	0
NA	0
NA	2547.20285287
90120	243437.886785
NA	5738.75741555
NA	0
NA	4747.37534431
NA	0
NA	0
NA	0
NA	0
NA	0
343171	7374.75873592
NA	0
NA	0
NA	2327.70441064
NA	188.43681066
NA	39082.25104
NA	16464.9091623
NA	10168.9888212
NA	0
NA	0
NA	0
NA	1487.22727389
NA	967.93708409
NA	7469.61093831
NA	0
NA	0
NA	0
NA	472.933428708
NA	0
389860	0
NA	0
NA	125695.010036
NA	0
NA	667.798678176
NA	342.834858591
NA	0
NA	0
NA	58612.5490234
NA	24608.5699345
NA	422.065588993
NA	0
NA	0
NA	0
NA	602.450467276
NA	1344.35706124
NA	6719.56322839
NA	0
NA	3267.49798445
NA	0
NA	2792.1262041
NA	0
NA	3584.95216329
NA	0
NA	4683.56653592
NA	8376.37861231
NA	0
NA	3456.91815746
NA	0
NA	2792.1262041
NA	0
NA	0
NA	0
NA	6549.95019309
NA	14519.0562613
NA	0
NA	0
NA	0
NA	0
NA	0
NA	0
NA	0
NA	0
NA	0
NA	0
NA	0
NA	0
NA	4921.7139869
NA	0
NA	0
NA	5006.5711246
NA	0
NA	0
NA	0
NA	27655.3452597
NA	0
NA	0
NA	0
NA	0
NA	0
NA	0
NA	0
NA	0
NA	0
NA	0
NA	0
NA	0
NA	0
NA	0
NA	0
NA	0
NA	0
NA	0
NA	0
NA	0
NA	0
NA	2792.1262041
NA	0
NA	0
NA	0
NA	0
100302179	6997.13554764
NA	0
NA	0
NA	0
NA	0
NA	0
NA	0
NA	0
NA	2268.60254083
NA	0
NA	0
NA	0
NA	0
NA	0
NA	0
NA	0
NA	0
NA	0
NA	0
NA	0
NA	0
NA	0
NA	0
NA	0
NA	0
NA	0
NA	0
NA	0
NA	0
NA	0
NA	0
NA	0
NA	0
NA	0
NA	0
NA	0
NA	0
NA	0
NA	0
NA	0
NA	0
NA	0
NA	0
NA	0
NA	0
NA	0
NA	0
NA	0
NA	0
NA	0
NA	0
NA	0
NA	0
NA	0
NA	0
NA	10559.3136446
NA	0
NA	0
NA	0
NA	0
NA	618.709783864
NA	0
NA	0
NA	0
NA	0
NA	0
NA	0
NA	0
NA	0
NA	0
NA	0
NA	0
NA	11168.5048164
NA	2150.97129798
NA	0
NA	0
NA	0
NA	0
NA	0
NA	0
NA	0
NA	9218.4484199
NA	0
NA	50065.711246
NA	0
NA	0
NA	0
NA	0
NA	0
NA	0
NA	0
NA	0
NA	0
NA	4760.34631519
NA	0
NA	0
NA	0
NA	0
NA	0
NA	0
NA	0
NA	0
NA	0
NA	0
NA	0
NA	0
NA	0
NA	0
NA	0
NA	0
NA	0
NA	0
NA	0
NA	0
NA	0
NA	0
NA	0
NA	0
NA	2104.21105237
NA	0
NA	2216.64981089
NA	0
NA	0
NA	0
NA	0
NA	0
NA	0
NA	18478.7988781
NA	0
NA	0
NA	0
NA	0
NA	0
NA	0
NA	4880.35504583
NA	0
NA	0
NA	0
NA	0
NA	0
NA	0
NA	0
NA	0
NA	0
NA	0
NA	0
NA	0
NA	0
NA	0
NA	0
NA	0
NA	0
NA	0
NA	0
NA	0
NA	0
NA	0
NA	0
NA	4148.30178896
NA	0
NA	0
NA	0
NA	3105.68048371
NA	0
NA	2792.1262041
NA	0
NA	0
NA	0
NA	0
NA	0
NA	21014.4235362
NA	0
NA	0
NA	0
NA	0
NA	0
NA	0
NA	0
NA	0
NA	0
NA	0
NA	0
NA	0
NA	0
NA	0
NA	0
NA	0
NA	5912.73784399
NA	0
NA	3851.20855739
NA	1822.47568134
NA	0
NA	0
101928405	0
NA	889.829801512
NA	0
NA	0
NA	680.846718
NA	16459.6718988
NA	0
NA	708.246646895
NA	1321.91711029
NA	72.8045945159
NA	0
NA	6261.58760597
NA	1001.31422492
NA	0
NA	0
NA	1738.80913309
NA	1026.08171458
NA	0
NA	59115.6205719
NA	0
NA	0
NA	0
NA	8576.65770712
NA	497.511922148
NA	0
NA	0
NA	0
NA	780.594422653
NA	537.245375073
81567	23696.476597
NA	0
NA	524.153655644
NA	8175.1442913
NA	3555.68724768
NA	1955.42845271
NA	0
NA	0
652968	16073.5364292
NA	0
NA	1084.86099088
NA	0
NA	7688.29863126
NA	0
7844	108334.055799
10432	257411.767092
NA	0
NA	514.860151111
NA	498.080832293
NA	0
NA	0
NA	0
NA	0
NA	0
NA	1509.78054711
NA	0
NA	3283.46148666
NA	0
NA	2330.50662301
NA	8141.52687552
NA	1595.50068806
NA	0
NA	1446.48132118
NA	832.0376081
NA	0
NA	4347.02283274
NA	3045.95585902
NA	10889.292196
NA	0
NA	0
84964	9469.68495965
NA	0
142686	4132.89967835
56136	4230.43103618
NA	0
NA	0
NA	820.285664483
NA	0
NA	0
NA	896.238040824
NA	0
NA	0
NA	1897.91585116
NA	14096.1711275
NA	0
NA	1897.91585116
NA	15039.6598723
NA	10329.763348
NA	0
NA	0
NA	0
NA	0
NA	171.366848762
NA	4047.12369654
NA	0
NA	0
NA	0
NA	762.155184322
NA	1377.84638305
NA	0
NA	0
101927346	0
NA	163.502885826
NA	0
NA	0
NA	1796.17190862
NA	0
285141	40839.5377775
NA	0
NA	41483.0178896
NA	0
NA	1033.38478728
NA	1178.81376953
10324	2659.97977307
NA	2146.99538061
NA	1866.20260429
NA	460.19195757
NA	3217.5193931
NA	6872.92604087
NA	761.156291551
NA	4888.57113177
NA	0
NA	0
NA	0
NA	0
NA	616.520435726
NA	0
NA	0
NA	0
NA	3722.83493881
NA	0
352954	71041.802036
NA	3555.68724768
NA	1451.90562613
NA	0
NA	0
NA	7082.46646895
NA	12757.3297694
NA	0
NA	967.93708409
NA	1040.79256354
NA	2393.25103209
NA	0
NA	0
NA	343.646302044
NA	1001.31422492
NA	0
NA	11762.2734269
NA	1415.34260874
NA	56659.7317516
NA	0
NA	0
NA	39848.4968042
NA	420.842210474
NA	0
NA	0
NA	0
NA	0
NA	0
NA	0
NA	0
NA	0
26219	0
NA	1386.06742352
NA	0
NA	750.338824876
NA	1809.22819456
285051	0
NA	0
NA	0
NA	4638.67612183
NA	0
NA	6599.57102788
100419008	0
NA	3820.8042793
NA	0
NA	0
NA	0
NA	0
NA	0
NA	14941.9413952
NA	0
NA	0
728637	291.547314485
NA	0
NA	114.865951435
NA	6913.83631493
NA	1891.73371483
NA	502.389490012
NA	0
NA	14888.5866882
NA	0
NA	0
4830	178468.678768
NA	0
NA	0
NA	0
NA	1296.34430905
NA	0
NA	0
NA	0
NA	0
NA	0
NA	0
8742	279408.767648
NA	596.265144203
NA	0
NA	1962.03462991
NA	0
284040	3131.99980984
NA	1583.89704669
NA	0
NA	0
NA	0
60489	41155.9607261
NA	0
NA	0
NA	0
NA	44920.8370517
NA	611.328684688
NA	0
NA	0
54106	75.0338824876
NA	0
NA	0
NA	0
NA	0
NA	0
NA	0
NA	15347.8395997
NA	0
NA	515.774645163
NA	0
23559	149001.963765
NA	319.451182868
NA	0
51373	87961.6748024
NA	0
NA	0
NA	0
NA	0
NA	13226.469472
NA	735.142089182
NA	3191.00137612
NA	5605.81322832
NA	0
NA	0
NA	4172.14260383
440560	0
NA	6525.41854442
NA	0
NA	0
NA	0
NA	0
NA	0
NA	14835.3993354
NA	614.099056371
NA	598.312758022
NA	299315.92908
NA	1698.13523524
NA	257.202059545
1668	0
NA	0
NA	98576.750406
NA	0
51608	13140.3921653
NA	0
NA	0
NA	1075.48564899
NA	1217.53092338
NA	0
NA	854.06213302
NA	0
NA	148.684651934
NA	2332.37851588
NA	9034.88255217
NA	10407.9256354
83899	0
400793	88955.4637236
NA	0
NA	0
NA	0
158	217940.521366
NA	0
NA	1033.38478728
NA	0
NA	22721.1370556
NA	11168.5048164
NA	5854.4581699
NA	0
NA	0
NA	0
NA	0
NA	0
NA	632.638617052
NA	777.459505293
NA	646.72856398
NA	0
NA	0
NA	524.153655644
NA	0
NA	1075.48564899
NA	0
NA	0
NA	0
NA	380399.274047
NA	0
NA	0
NA	4618.99987105
23547	2407.58187659
NA	0
NA	0
100289561	9417.76622357
NA	0
NA	0
NA	0
NA	2467.82825972
NA	0
NA	0
NA	0
NA	0
NA	0
NA	0
NA	0
NA	0
NA	583.09462897
NA	0
11027	4777.25537857
NA	0
NA	1930.72556667
NA	4437.06303403
NA	987.690902132
NA	560.581322832
NA	0
NA	0
84066	0
NA	917.95929998
NA	57912.7068144
NA	1138.74951069
NA	0
NA	6962.59397582
NA	0
NA	0
NA	21624.1263467
280	23413.4560989
NA	309.905149655
NA	0
NA	0
100507537	0
NA	379.087630844
NA	926.889136611
NA	1246.27092372
NA	664.487700748
58496	4311.16814095
NA	0
107986114	6091.91171805
NA	0
NA	154.704914878
5698	288585.148215
NA	3129.10695288
NA	0
NA	505.890462068
NA	377.608745419
NA	0
NA	212.889387996
NA	23544.4155589
NA	0
NA	1011.78092414
NA	0
NA	6964.86093718
NA	0
NA	0
NA	0
NA	258.461170651
NA	0
NA	0
NA	0
NA	0
NA	0
NA	731.438602587
NA	8370.18764512
NA	680.049473599
NA	0
NA	549.270728676
NA	212.577690503
NA	25281.065316
NA	666.521327988
NA	890.739647935
NA	0
NA	0
NA	0
NA	0
NA	5006.5711246
NA	930.708734701
NA	0
NA	0
NA	0
NA	0
NA	0
NA	0
NA	991.061860843
5098	102317.649795
NA	0
NA	0
NA	0
NA	0
NA	0
NA	1015.31861967
NA	0
NA	0
NA	0
100287482	19639.3031554
NA	0
NA	6465.27283842
NA	725.046504936
NA	5750.12129162
NA	0
NA	0
NA	261.722510344
54579	0
NA	106060.312903
90639	30127.9586802
NA	41483.0178896
NA	0
NA	0
NA	768.882061501
NA	1257701.68888
NA	6668.46007828
NA	0
NA	0
NA	286.654615229
NA	0
728358	0
NA	0
NA	337.260308045
NA	533.788833138
NA	0
NA	0
NA	0
NA	1173.25707162
NA	1257.06114817
NA	163.779540455
NA	0
NA	1776.03134695
NA	1696.1514324
NA	7559.12770432
NA	0
NA	0
NA	1809.22819456
NA	0
NA	0
84129	2456.51991732
NA	693.033711759
NA	0
NA	0
NA	511.234375399
NA	1015.31861967
NA	0
NA	1942.34866372
NA	0
NA	849.067617622
NA	604.540857516
NA	1051186.2804
53938	153660.842519
NA	0
NA	1959.82761683
NA	0
NA	0
NA	26882.0872508
NA	0
NA	0
NA	0
NA	7305.1855403
NA	48858.2936445
NA	22818.2886744
NA	2517.75542104
NA	0
NA	0
NA	129725.113178
NA	43019.4259595
NA	0
353137	0
NA	10801.9236955
NA	7575.15978853
NA	0
NA	19737.8875442
NA	2236.56835862
NA	6431.13650049
3812	309.409829757
NA	0
NA	139.071420128
NA	26653.3399967
NA	0
NA	0
NA	0
NA	3576.92315509
NA	0
NA	918.927611477
NA	504.133897963
NA	0
NA	832.0376081
NA	6335.11804814
337960	0
NA	2584.99518006
NA	0
NA	0
NA	0
NA	0
NA	1628.3053751
NA	0
2310	9337.98224277
NA	11574.9841945
NA	0
NA	1008.26779593
NA	0
NA	0
NA	0
NA	1474.0158641
NA	10535.3696227
NA	0
NA	0
NA	952.069263039
NA	905.554444574
NA	398.875172015
NA	0
NA	1325.94121108
NA	0
NA	0
NA	0
NA	0
NA	28273.0763394
NA	1008.26779593
NA	0
NA	1268.03984815
100048912	4055.02636411
NA	419.868602121
NA	0
23495	408.98750032
NA	27069.4269279
NA	0
NA	1444.68221506
NA	0
NA	0
NA	7331.24684985
NA	0
NA	13215.8287082
NA	0
NA	3567.33569075
NA	0
NA	0
NA	0
NA	7609.31097382
NA	10916.5836551
728318	0
NA	0
NA	0
NA	0
NA	2896.5698277
NA	0
54596	75.4432645432
NA	0
NA	0
NA	0
NA	5050.10652568
NA	3299.78551394
NA	0
NA	0
NA	0
NA	0
358	496415.136804
NA	0
NA	967.93708409
NA	653.275872276
NA	3685.03966024
NA	0
NA	0
NA	865.947689543
NA	0
NA	0
NA	0
NA	18245.8728418
NA	0
NA	8156.77318053
NA	1083.51166129
NA	0
NA	0
NA	602.450467276
NA	1645.21883981
NA	0
NA	4184.16606955
NA	0
NA	0
NA	0
NA	0
NA	0
NA	40400.8522055
338872	153.39731919
NA	0
NA	0
NA	4366.63346206
NA	0
NA	0
NA	4436.37830208
NA	632.638617052
NA	15323.5422283
NA	5796.03044365
NA	10889.292196
NA	0
NA	945.866857416
57461	88275.2957479
NA	0
NA	0
10687	24671.2051188
NA	3580.04126992
NA	0
NA	0
NA	55.2685811243
NA	0
NA	425.155381006
NA	0
NA	1916.70709721
401387	119.432873003
NA	365.259277015
NA	1029.72030222
NA	0
NA	1830.13314219
NA	73723.7053685
NA	0
NA	3512.67490194
NA	0
100506243	394.673632656
NA	0
NA	551.531102045
NA	0
NA	0
NA	1315.92654937
NA	24198.4271022
NA	0
NA	0
56097	5120.9497034
NA	0
NA	0
NA	290.96305133
115557	30339.5637548
NA	0
NA	0
NA	0
NA	12905.8277879
NA	0
NA	7192.1021728
NA	1392.71522891
NA	0
NA	0
NA	0
NA	6049.60677556
NA	0
NA	0
NA	0
NA	0
NA	0
NA	14200.0691996
NA	0
NA	0
NA	0
NA	846.592201828
NA	0
NA	5456.01279132
NA	0
NA	0
NA	0
NA	0
387521	73812.6779041
NA	0
NA	15073.2187141
57665	211518.954482
NA	15847.1734684
NA	0
NA	0
NA	41483.0178896
NA	0
NA	1904.13852608
NA	0
100132476	0
NA	0
NA	1353.75815957
NA	18006.3649081
NA	1955.42845271
NA	0
NA	946.637735051
NA	0
NA	19206.0331612
NA	258.461170651
257068	4067.51832398
NA	0
NA	0
NA	35470.9863114
NA	0
NA	964.721346269
NA	0
NA	26441.2081507
NA	0
NA	3037.4594689
NA	0
NA	0
NA	0
NA	0
NA	293.018289835
NA	0
NA	0
NA	25230.5875
NA	0
NA	2499.36805751
NA	0
NA	0
NA	0
NA	0
NA	1022.4687508
NA	0
NA	10680.6850658
4282	767192.693341
100506489	0
NA	0
NA	4510.77476081
NA	0
NA	0
NA	0
NA	398.191464144
NA	1837.85522295
NA	0
NA	0
NA	620.472489801
NA	5224.24813002
NA	0
NA	3337.71408307
NA	0
NA	1016.20691243
NA	3267.29817414
NA	813.392507638
NA	24039.3220824
NA	12629.5900356
NA	0
NA	0
NA	0
NA	0
NA	1923.05380945
NA	0
NA	811.120461528
NA	0
NA	0
NA	385.632304418
NA	0
NA	0
NA	0
NA	1737.32297144
221078	44993.3018505
NA	0
NA	19163.8550206
NA	0
NA	0
NA	0
NA	0
NA	1026.08171458
NA	22516.1835069
NA	1147.75148311
NA	0
NA	527.965682231
NA	770.752820775
NA	0
NA	0
NA	0
NA	0
NA	3509.13746498
NA	0
NA	0
3112	71579.4162292
NA	44.6396810495
NA	2035.38171888
NA	0
54600	0
NA	3024.80338778
386680	0
57002	62846.2069389
388761	0
NA	1316.92120284
NA	1029.72030222
NA	0
NA	0
NA	1830.61387062
NA	0
NA	0
NA	0
NA	303.428553006
NA	0
NA	0
NA	0
NA	9772.44171437
NA	0
NA	1613.22847348
NA	459.66216398
NA	0
NA	0
NA	595.287259588
NA	0
NA	0
NA	2274.52578507
NA	0
NA	0
NA	0
NA	0
NA	0
NA	0
NA	1161.52450091
6997	405.479329062
NA	0
NA	0
NA	0
NA	0
NA	0
NA	0
NA	1284.87223552
NA	0
NA	0
NA	0
NA	0
NA	0
NA	1061.33452203
NA	231.748703294
NA	0
NA	0
NA	0
401081	0
NA	0
NA	981.017314956
NA	0
NA	0
NA	0
NA	0
NA	0
57830	185.42856017
NA	0
NA	0
NA	11523.0605249
NA	0
NA	0
NA	1569.62770393
NA	1214.98378756
NA	26004.2798711
NA	0
27297	269956.012181
NA	0
NA	6973.1316521
NA	2139.08747865
NA	0
NA	5377.42824494
NA	7824.64109893
NA	2049.74911925
NA	2717.47042325
NA	0
NA	0
NA	39462.0503513
NA	0
NA	0
NA	1932.65307971
NA	4016.02785562
NA	12258.8337827
NA	0
NA	625.821390575
NA	511.234375399
374286	64.8461646331
NA	0
NA	0
NA	0
NA	0
NA	2608.21369964
NA	0
6173	298805.40106
NA	0
NA	0
NA	0
NA	0
NA	0
NA	291152.389836
NA	13390.4339696
NA	0
NA	0
NA	0
NA	872.015391072
NA	2541.62910483
NA	520.396281769
57026	5667.90212653
NA	0
NA	4729.33428708
NA	0
NA	0
202658	69431.1034166
79897	69431.1034166
NA	0
NA	0
NA	150.495530048
NA	984.342797379
NA	0
NA	981.017314956
NA	0
9936	61140.3694343
NA	0
80864	2991.33551359
NA	0
NA	0
NA	9203.83915141
NA	0
NA	1150.02425832
NA	0
NA	0
NA	0
NA	30940.3724591
NA	25219.2044242
NA	0
NA	0
NA	2216.64981089
NA	0
NA	0
NA	31921.3293689
NA	0
NA	5168.59608009
NA	0
NA	0
NA	15183.3268092
9551	402576.733611
NA	0
NA	6329.48182212
NA	814.914289692
NA	0
6757	0
NA	3287.89745496
NA	2171.07383347
23779	8903.46937068
NA	0
NA	5262.11643419
NA	93.6411239042
NA	4399.71401859
NA	32485.5596715
NA	0
NA	0
NA	16498.9275697
NA	19065.4274139
NA	297.5216447
NA	0
NA	219.48686714
NA	0
NA	0
NA	6890.39958165
NA	0
NA	0
NA	0
NA	0
NA	0
NA	193.975367553
NA	0
NA	20475.5921634
387036	4486.81603441
NA	0
NA	0
10093	717341.177701
NA	24354.5459868
NA	285.38685526
NA	0
1325	256.974447103
NA	1489.13397552
NA	0
NA	0
NA	0
NA	0
NA	0
NA	0
NA	0
NA	0
NA	0
NA	1589.67769285
NA	0
NA	230.278449823
85280	0
NA	516.692393642
NA	2006.08722091
387267	0
NA	0
NA	0
NA	0
NA	25851.7357862
NA	0
NA	0
NA	0
NA	1995.74656513
NA	4192.065106
NA	0
NA	2281.97347919
54658	0
NA	504.133897963
NA	0
NA	0
11185	58833.1426704
NA	0
NA	4362.98852595
NA	981.017314956
NA	0
NA	1528.32171172
NA	4982.02910928
NA	987.690902132
NA	0
NA	0
NA	0
NA	1972.02801512
NA	0
NA	0
NA	0
NA	1212.44728696
NA	5060.26089537
NA	9292.19600726
NA	15177.553282
10552	1256804.0332
NA	0
NA	2119.57025713
NA	0
NA	0
8577	2224.29050346
NA	0
NA	1598.24492729
NA	718.765161453
NA	948.957925578
NA	0
NA	3789.63948094
NA	0
NA	1130.98782951
NA	297.674141698
NA	3629.76406534
NA	74419.2833496
NA	0
NA	0
NA	0
NA	9247.80653589
NA	16837.8244603
NA	0
NA	161875.052694
NA	0
NA	0
NA	23018.0160241
NA	0
NA	344.053465909
NA	6768.03954469
NA	5444.646098
NA	276.29031896
NA	0
NA	0
NA	1837.85522295
NA	0
NA	212.42218378
NA	0
NA	0
NA	0
NA	0
NA	0
6700	0
NA	0
NA	0
NA	0
NA	0
NA	4239.14051426
NA	388.729752646
NA	387.174833636
NA	0
NA	0
NA	0
NA	0
NA	0
NA	0
539	362280.048919
NA	0
80301	448664.556611
NA	0
541565	47098.2952584
NA	746.481041714
NA	0
NA	374.987732335
NA	0
NA	0
NA	0
NA	0
NA	0
NA	0
NA	3439.37034956
23761	164290.000878
NA	0
NA	0
NA	0
NA	0
NA	2066.76957457
NA	0
NA	13055.2821968
NA	516.692393642
NA	0
NA	2835.75317604
NA	0
NA	4089.8750032
NA	711.718444183
NA	0
NA	1708.12426604
NA	0
NA	0
NA	27077.3396514
NA	0
NA	0
NA	3584.95216329
NA	0
112817	420.030557223
NA	0
NA	2882.19479133
NA	854.06213302
NA	0
5822	1468.26630785
NA	0
NA	555.222036763
NA	0
NA	654.011543304
NA	46.1361813198
NA	1004.77898002
NA	0
NA	2039.80720179
NA	0
NA	0
NA	0
5297	269506.879353
NA	15523.5192731
NA	0
NA	981.017314956
NA	0
NA	643.860588086
NA	41710.7380244
NA	0
NA	0
NA	0
NA	0
NA	0
NA	491.338621365
NA	0
NA	0
NA	2560.03510905
115653	0
NA	936.713307183
NA	1309.49774623
25764	3906.26885179
NA	0
NA	0
NA	0
NA	1754.56873249
NA	0
644090	0
NA	0
NA	2323.04900181
NA	3156.31657855
NA	20583.9784971
NA	1325.94121108
NA	0
NA	0
NA	0
NA	6018.26166273
NA	997.016738976
NA	0
NA	209175.916674
NA	0
NA	0
NA	2069.22417026
NA	1904.13852608
NA	0
NA	0
NA	0
NA	3638.86121838
NA	8202.85664483
NA	8464.43077683
NA	1897.91585116
NA	16132.2847348
NA	82.0517449073
NA	0
NA	9835.48972543
NA	0
NA	0
NA	0
NA	595.043289399
NA	0
NA	0
23600	10803.7624103
NA	0
NA	1018.88114115
51537	32359.689073
NA	0
NA	0
107986096	0
NA	2225.14272204
NA	948.957925578
8420	68901.587933
NA	0
NA	0
NA	1421.69461555
NA	543.784878702
NA	7542.36688901
NA	358.938350095
NA	0
NA	0
NA	0
NA	0
NA	71.0325648794
NA	0
NA	0
NA	0
NA	777.667716194
NA	0
NA	4344.85474155
NA	0
NA	11633.1421508
NA	0
398	5857.83249737
NA	967.93708409
NA	3746.85322873
NA	0
NA	0
NA	0
NA	0
NA	94045.0732672
NA	0
NA	0
NA	11715.6649947
NA	1723.33012004
NA	0
NA	5035.51084208
NA	0
NA	7145.84424496
NA	1433.98086532
NA	0
NA	0
140290	1439.43056127
5670	103.781674491
NA	0
NA	1489.13397552
NA	0
NA	0
NA	2790.44925143
NA	708.246646895
NA	0
26286	477441.193474
NA	740.768176599
NA	0
632	4392.31954125
NA	0
NA	0
NA	3745.12736359
128977	81388.6892829
NA	0
NA	23098.4985976
23089	165876.256465
NA	0
NA	577.872886024
NA	10224.687508
NA	1433.98086532
NA	10779.0518926
NA	1487.22727389
NA	0
NA	0
NA	0
NA	13078.5232641
NA	0
113939925	228.646555297
NA	0
NA	1826.29638507
NA	0
NA	0
NA	17915.8112212
NA	854.06213302
NA	4383.11132418
NA	347951.239379
NA	0
NA	0
NA	5878.16042969
NA	0
NA	0
NA	0
NA	0
NA	0
NA	0
NA	729.600817153
NA	0
NA	6410.17936483
NA	0
NA	0
NA	876.905900167
NA	586.036579671
NA	0
NA	977.714226353
NA	0
NA	342.430572201
NA	0
NA	0
NA	0
728090	0
NA	0
NA	849.067617622
54576	0
NA	0
NA	4377.60490292
3692	1170216.42219
NA	16540.6970066
NA	0
NA	0
NA	0
378950	0
NA	0
NA	0
NA	0
NA	5555.11717825
NA	0
NA	0
NA	8523.90778552
NA	0
NA	3808.27705216
NA	858.100251852
NA	0
56098	3152.50920029
NA	0
NA	0
NA	1067.57766628
NA	1725.03638749
NA	1140.98673959
NA	0
NA	2084.07506144
NA	0
11036	0
NA	0
NA	28347.5942024
NA	0
NA	5743.29757173
NA	0
NA	0
NA	0
NA	8416.84420947
NA	22748.7517459
NA	0
NA	0
NA	0
55052	482128.489482
NA	0
NA	0
348110	232467.086521
NA	0
NA	0
NA	762.155184322
NA	0
54575	0
NA	2282.15282322
NA	0
NA	0
NA	0
NA	0
NA	3122.37769061
NA	0
NA	4433.29962178
NA	0
NA	0
NA	0
NA	0
NA	484.372185533
NA	0
NA	0
5273	322.645694697
NA	293.314267906
NA	0
NA	7259.52813067
NA	0
NA	0
NA	0
NA	0
NA	0
NA	0
NA	31863.7673644
NA	0
3109	661732.110936
NA	226.683157866
NA	437.320971727
NA	2183.31673103
NA	0
NA	0
NA	20198.1451151
NA	0
NA	123.225599502
NA	2007.24280111
NA	0
NA	0
NA	4662.08228575
NA	0
NA	4461.68182167
NA	0
NA	0
NA	0
NA	18238.8144771
26063	40904.9672222
NA	0
NA	0
NA	26224.2677364
2790	105557.726273
NA	0
NA	7147.02860631
NA	0
NA	740.768176599
NA	0
NA	2429.96757512
NA	0
NA	691141.040745
NA	0
NA	0
NA	0
NA	0
NA	0
NA	0
NA	958.353548603
NA	24198.4271022
NA	5577.10227708
NA	12828.0818373
NA	0
NA	836.83321391
NA	0
NA	0
NA	0
NA	560.581322832
101928521	123.408892999
NA	0
1270	4139.54085593
NA	9864.32697161
NA	849.067617622
NA	14672.6067976
NA	0
NA	0
NA	0
NA	662.970605541
NA	0
NA	0
728591	1675.84444795
NA	0
NA	704.808556376
NA	0
NA	0
NA	0
340526	400542.451872
NA	0
NA	0
NA	1617.72214611
NA	0
NA	30502.2190364
NA	0
NA	0
NA	0
NA	877.284366244
NA	0
NA	6956.58027978
NA	0
NA	4912.46264482
NA	860.388519191
NA	0
NA	0
NA	0
NA	0
NA	0
NA	101198.035254
NA	0
NA	0
NA	805.495493001
NA	0
NA	0
NA	0
NA	208.757099372
NA	5076.59309837
9907	90245.0288789
NA	0
347689	1149.39471835
NA	0
NA	0
NA	27178.5289621
NA	0
NA	0
NA	0
NA	0
NA	0
NA	0
NA	603.70296305
NA	2387.28877242
NA	0
NA	0
163051	2696.25081237
NA	1001.31422492
NA	0
NA	1001.31422492
NA	0
NA	13506.0988478
NA	987.690902132
NA	259507.269958
NA	0
NA	0
161497	105.375998026
378948	0
NA	1040.79256354
NA	0
NA	2926.57349053
NA	65187.5995407
NA	0
NA	0
NA	0
NA	0
NA	2754.2925157
NA	0
NA	0
NA	0
NA	0
NA	0
NA	0
NA	0
NA	0
NA	410.142832241
NA	849.067617622
NA	1763.44812891
NA	0
NA	0
NA	0
30816	142.111480535
NA	34672.3731614
NA	4583.24211181
NA	6549.95019309
NA	0
NA	137799.043062
NA	0
NA	0
NA	14308.6351561
NA	1048.30731129
NA	0
NA	0
NA	1187.65286391
NA	1481.5363532
NA	0
NA	0
NA	0
NA	0
NA	2973.18558253
NA	0
NA	37282.2059514
NA	0
NA	904.61409728
NA	0
NA	967.93708409
NA	1585.54436551
NA	1079.4837369
NA	12879.8079738
NA	0
NA	0
NA	14434.1494996
NA	0
NA	0
NA	2688.71412247
NA	390.297211326
NA	0
NA	3040.64005473
NA	3123.83811049
NA	354.555708458
NA	0
NA	981.017314956
NA	0
NA	0
NA	814.533310594
NA	0
NA	0
NA	0
NA	0
NA	861.66506002
NA	0
NA	0
NA	0
8637	214318.920211
NA	1861.4174694
NA	0
NA	0
NA	7177.96039887
NA	81.2482163478
NA	0
NA	16637.3380259
NA	16333.938294
NA	0
400735	0
NA	0
NA	0
NA	99.0048159655
NA	0
NA	0
NA	4312.59096872
NA	997.873282567
NA	7486.80617528
NA	1199.92200507
NA	0
NA	0
NA	1279.2120054
NA	0
NA	0
NA	703.101998128
NA	0
NA	0
NA	0
5680	57.7069008797
54659	0
NA	0
5672	323.982766431
NA	1212.44728696
NA	2998.77237756
9553	420760.174955
NA	0
NA	0
NA	0
NA	5869.9154852
57553	18575.8704963
NA	4766.35685347
NA	0
NA	0
NA	3498.56777382
NA	0
NA	0
NA	2072.50604841
NA	15797.9368647
NA	356.295859174
NA	28732.4481803
NA	0
NA	0
NA	0
NA	0
285194	0
NA	104470.4508
692312	1091.24812186
NA	5455.13674559
NA	1582.4584481
NA	2508.69222658
NA	0
NA	1085.53691674
56134	56164.2505583
NA	1929.44269254
NA	0
NA	9679.3708409
NA	3799.97110439
11037	8964.93809884
NA	2659.97977307
NA	0
NA	2503.2855623
NA	0
NA	0
NA	26860.2540835
NA	642.436117759
NA	0
NA	0
NA	0
NA	0
11230	547475.474002
NA	1855.47044873
391123	1916.70709721
NA	0
NA	3999.7400169
NA	5107.20572007
NA	0
NA	0
NA	7722.90226667
NA	59338.7516768
NA	0
NA	2553.60286004
NA	0
NA	159.025807901
NA	4047.12369654
NA	0
NA	0
NA	0
647087	226120.312322
NA	122.060161928
107986046	0
NA	308.166749028
NA	2532.39353396
NA	2009.55796005
154881	48476.5104423
NA	0
NA	6843.99958447
NA	0
NA	0
NA	0
NA	0
NA	1091.65836551
NA	0
NA	3512.67490194
NA	0
1945	182781.468373
NA	0
NA	0
NA	9109.99608555
NA	864.229539366
NA	0
NA	0
NA	0
NA	0
NA	0
NA	0
NA	5027.20826856
NA	11615.2450091
NA	722.34110753
NA	0
NA	0
NA	15854.1418946
NA	899.0127716
NA	1649.46675832
NA	0
353376	895.132938431
NA	11154.6652813
NA	2616.04617321
NA	0
NA	19855.1196736
NA	0
NA	0
NA	0
NA	320.155595619
NA	22813.3319482
NA	568.260519035
NA	0
NA	0
NA	0
NA	11062.1381039
NA	0
401115	159171.87605
NA	3837.63601621
NA	346055.701868
NA	0
NA	0
24142	109091.994944
NA	0
NA	0
279	152.993216663
NA	0
NA	0
NA	0
NA	0
386678	0
NA	149.142848088
NA	1891.73371483
NA	680.049473599
NA	8257.28318181
NA	0
NA	0
NA	0
NA	6721.78530618
NA	0
NA	0
NA	407.266655297
8771	0
NA	0
NA	737.007932048
NA	0
NA	71876.5161453
NA	0
NA	1759.88560744
NA	1283.45248719
NA	0
NA	0
NA	4270.3106651
NA	19191.8559776
NA	0
NA	0
140870	366.642834882
NA	0
NA	0
NA	18436.8968398
NA	0
NA	0
NA	1733.61865807
NA	55217.8873474
NA	1067.57766628
NA	984.342797379
105375355	1855.81922137
NA	0
NA	0
NA	0
NA	0
NA	0
NA	0
NA	6826.31939955
NA	0
NA	0
NA	597.492027216
NA	904.61409728
NA	686.480201482
NA	0
NA	0
NA	0
388820	0
NA	0
NA	0
NA	2048.54409331
NA	0
NA	0
NA	14564.5705443
NA	0
3588	195451.028493
NA	2332.37851588
629	53636.5376395
NA	10153.1861967
NA	0
NA	0
NA	7208.04211556
642819	23751.0285304
NA	0
NA	28629.1250224
NA	1910.40213965
116143	6335.84705692
NA	2433.36138458
NA	0
NA	2230.84091083
NA	0
NA	2697.0383148
4831	458299.085939
NA	82415.863128
NA	26667.6543576
NA	0
NA	0
NA	0
NA	0
NA	1195.55174282
NA	2553.60286004
NA	0
NA	23542.5496202
NA	1001.31422492
NA	0
NA	5693.74755347
100137049	718.441830296
10637	0
149465	2267.02821569
NA	9619.25052511
NA	0
100132247	4005.25689968
NA	0
NA	6165.20435726
NA	981.017314956
7268	16795.5059672
81696	0
NA	4390.21139652
NA	0
NA	12579.6877355
NA	6611.38913921
NA	6898.9036231
NA	33007.3509251
100506144	186763.565357
NA	65461.0311365
NA	0
NA	14689.5600837
NA	6437.02001734
NA	0
NA	0
NA	0
NA	608.765461692
3804	226.771671399
NA	710.557402676
NA	1554.91901059
NA	7236.91277824
NA	0
NA	0
NA	1033.38478728
100137047	1031.28760862
NA	0
NA	0
NA	3597.84767467
NA	139.472202318
NA	0
NA	0
NA	113906.408238
NA	1186.84383608
NA	2044.9375016
140564	16316.1103762
NA	0
NA	0
NA	0
NA	2480.47658223
NA	0
NA	12244.9872084
NA	0
NA	62650.7222236
NA	6610.30203768
NA	0
NA	0
NA	488114.801341
NA	0
NA	2620.76827822
NA	0
NA	1995.74656513
NA	0
NA	841.684420947
NA	981.017314956
NA	0
NA	0
NA	8939.897812
NA	0
NA	723.24066059
NA	1022.4687508
NA	844.131177985
NA	0
NA	504.133897963
NA	0
NA	0
NA	580.182068385
NA	0
NA	0
NA	0
NA	743.613636945
401427	4943.7646768
NA	0
NA	0
NA	417.214260383
NA	4270.3106651
NA	0
80086	302.795751019
NA	0
NA	330.730210965
NA	0
NA	0
NA	1272.20646321
NA	0
NA	0
NA	21998.5700929
64968	488494.137623
NA	987.690902132
NA	0
NA	0
84450	267800.328313
NA	0
NA	0
NA	0
NA	0
NA	0
2938	1139.86702739
NA	0
NA	1975.38180426
NA	2023.56184827
NA	1962.03462991
NA	45294.4917555
NA	0
NA	0
NA	0
NA	19644.4795664
NA	414.830178896
NA	0
NA	0
57529	420.157171607
NA	2601.98140884
NA	0
NA	0
NA	0
NA	6864.80201482
95	35888.8087799
NA	0
NA	0
NA	0
NA	986.572339389
NA	0
NA	1861.4174694
9054	61652.9646689
NA	0
NA	720.548697833
NA	780.594422653
NA	667.542816613
645745	0
NA	16299.9800023
NA	0
337970	0
NA	159205.095684
NA	373.720881888
NA	0
NA	0
NA	378.840346023
1650	1819657.68697
NA	0
101928376	472.29242379
NA	18181.1021131
NA	2277.49902139
NA	0
147007	79446.2645642
NA	1902.05977223
NA	944.328862526
NA	8202.85664483
NA	11505.667226
NA	16983.7747993
NA	0
353144	0
NA	0
NA	0
NA	0
NA	2094.09465308
NA	0
NA	0
2939	221.158511216
NA	0
NA	33519.5276297
NA	1861.4174694
NA	0
NA	0
NA	0
NA	46363.3729354
NA	1227.82716798
NA	0
NA	0
6705	0
NA	11168.5048164
NA	0
NA	0
NA	0
NA	0
NA	0
NA	987.690902132
552891	200.539451124
NA	744.566987761
NA	18955.4345634
54577	0
NA	3861.45113334
NA	0
NA	0
NA	0
NA	450.203294925
NA	764.16085586
NA	215.896747381
NA	0
NA	0
NA	1119.00240935
NA	651.078756114
NA	5665.97317516
NA	943.81730843
NA	0
NA	0
NA	547.888915522
NA	0
NA	3523.09264902
5032	65414.8330032
NA	0
NA	0
NA	5398.25484543
NA	681.645833866
NA	1178.0167352
NA	3691.28549017
85014	1190099.77449
NA	6549.95019309
NA	0
NA	0
NA	1799.8830076
NA	0
NA	3227.89156544
NA	442.654154309
NA	414.830178896
NA	0
NA	0
NA	1191.71460421
NA	3337.71408307
100289187	22447.9025885
NA	0
NA	248.613977078
NA	90.800852166
NA	1262.52663142
NA	1026.08171458
NA	0
NA	0
64396	367.338551837
NA	0
NA	981.017314956
NA	642.436117759
NA	0
402778	25978.9133773
NA	740.768176599
NA	17794.9436072
NA	0
NA	0
NA	0
NA	3089.16090667
NA	0
NA	71.3642480282
NA	2856.20778912
NA	170.686921515
NA	1916.70709721
NA	0
NA	0
NA	658.460601421
NA	4672.79971629
NA	0
NA	1798.0255432
NA	0
NA	0
55861	13342.4033661
NA	0
NA	0
NA	0
NA	616.520435726
NA	0
NA	371.806818472
NA	399.423831124
NA	0
NA	0
NA	0
NA	0
NA	2543.85567435
NA	0
NA	0
503639	943.233353405
NA	0
NA	1004.77898002
NA	0
NA	422160.511374
NA	0
NA	977.714226353
NA	0
NA	0
NA	0
NA	0
NA	0
NA	10438.5371814
NA	0
NA	0
NA	0
NA	0
NA	0
NA	534.771869663
NA	26564.8347999
58530	0
110599563	0
NA	0
NA	1962.03462991
NA	0
NA	899.0127716
337974	0
NA	52089.7868546
NA	0
NA	0
NA	0
NA	245.254328739
NA	0
NA	3699.12261435
NA	707.3839835
NA	0
NA	0
NA	5199.66202197
NA	0
NA	0
378949	0
NA	564479.196703
NA	0
NA	0
NA	0
NA	0
2119	429015.340476
440050	412.473189243
NA	0
3078	264.343309264
NA	0
NA	27284.1325717
NA	743.613636945
NA	0
NA	0
NA	0
NA	218771.300227
NA	856.581490345
NA	1011.78092414
NA	0
NA	0
NA	33601.9609503
NA	0
10137	305415.779129
NA	125.978796194
NA	0
NA	0
NA	0
54657	0
405754	0
NA	6855.9613168
NA	9172.12455849
79168	2273.04207614
NA	3572.35127696
91179	60187.2088081
NA	2055.79557683
NA	0
NA	0
NA	0
NA	0
NA	3477.61826619
27350	382606.500343
NA	0
NA	0
NA	4340.98852448
NA	2963.0727064
NA	12804.2070966
NA	0
NA	10889.292196
NA	0
NA	0
NA	0
NA	0
85291	0
NA	79712.4657485
NA	1770.61661724
NA	476.816297581
NA	0
NA	0
NA	0
NA	0
NA	1063.01815214
NA	7816.13142943
NA	0
NA	5847.05613896
NA	0
NA	0
101929316	1541.84668262
NA	0
NA	0
NA	0
NA	0
NA	114024.002052
NA	0
NA	23137.9382651
NA	7672.67200803
NA	26715.0635209
642636	0
NA	7214.43789384
NA	1673.66642782
152206	7250.75705359
NA	0
NA	0
151516	5602.20820373
NA	0
NA	0
NA	0
NA	0
81392	0
337975	1055.93136446
NA	21623.0412884
NA	9651.72267698
NA	0
NA	0
NA	0
NA	0
NA	2953.02839214
NA	0
NA	526.870885585
NA	0
NA	0
NA	0
NA	0
NA	0
NA	0
NA	9150.66571093
NA	0
NA	0
NA	371.806818472
NA	1369.26094752
NA	0
NA	0
NA	0
NA	4947.83481532
7335	31460.9687357
NA	2258.01808108
NA	1071.51706726
100142659	336.608723215
442213	168327.942207
NA	1573.88143754
NA	18478.7988781
NA	380.578145776
NA	928.724281109
NA	0
NA	704.808556376
NA	0
NA	1877.46417173
NA	87375.9421854
NA	2286.46555297
NA	302.795751019
NA	3675.71044591
NA	10940.5761467
NA	0
110384692	518696.364002
720	518696.364002
NA	0
NA	5690.64807195
3043	50244.0623802
NA	0
NA	772.290226667
NA	0
NA	0
1415	327.743933665
NA	3072.81613997
10443	98945.3138376
NA	5041.33897963
NA	797.75034403
NA	0
NA	10463.1187214
NA	4664.75703176
NA	3732.40520857
NA	19096.6310594
NA	2510.92529443
NA	3173.56421013
NA	141.995660258
100506495	5695.98127161
NA	1472.94773666
NA	0
NA	2876.55963468
NA	2816.7481283
NA	2135.15533255
NA	188339.32745
NA	500.65711246
NA	100.617160508
NA	3841.72109105
NA	614.563227993
NA	13763.3391718
NA	2069.60231795
NA	4307.82887777
NA	4368.19744252
NA	1826.29638507
NA	69236.780748
NA	24579.3349242
NA	4390.47480393
NA	0
NA	3092.2939299
NA	15991.5450643
107986298	468.507785135
NA	361.170553765
NA	24364.8536985
NA	1694.1722592
NA	746.481041714
NA	195.674612687
NA	0
NA	296.206520123
NA	5247.38679655
NA	672.697587398
NA	0
NA	8793.98957733
440028	1544.58045333
NA	0
283131	624535.607584
NA	1711.48010939
NA	3929.97011585
NA	96739.6940627
NA	173789.535438
NA	39200.6725682
NA	318.22589066
100506660	1800.11546053
NA	1333.90622896
NA	1284.53789458
NA	0
NA	518.537723619
92285	68954.9236079
NA	1890.50211736
NA	0
643911	9292.19600726
NA	1209.92135511
NA	0
NA	182.974874119
NA	135.060988478
NA	4017.33376511
NA	108.961022599
NA	1084.18590626
NA	0
1050	44368.3817336
100505648	45029.6202445
NA	1013.19303987
NA	0
NA	352.832472937
NA	0
400512	1066.92391388
NA	267.843968453
NA	1048585.57089
NA	0
NA	67698.6936443
NA	144.39638251
NA	22805.6182265
NA	21169.0614167
NA	2704.12222632
NA	0
NA	106.797030242
NA	40287.5418697
NA	108139.337725
NA	0
NA	15439.4872309
NA	1943.87023012
NA	2067.58712582
NA	20167.0483529
NA	2467.82825972
NA	110.159759191
NA	465.567539301
NA	10423.9378287
NA	2318.41217746
NA	0
NA	867.327136281
NA	2283.33876247
NA	3238.45121071
NA	247.977049724
NA	264.303208641
NA	54130.4942567
283104	35193.28699
NA	0
NA	3482.08629822
NA	0
NA	2085.73832964
NA	561.303721444
NA	1194.98405443
NA	817.783032791
NA	101.037273913
NA	1481.03260061
NA	692.652225312
NA	702.251814333
NA	2238.70054266
NA	0
NA	0
100507632	204.49375016
NA	13857.2189389
NA	936.335752445
101929290	545.456348616
100506368	8546.75242951
NA	10683.984289
101929759	147.626398183
NA	0
NA	2979.28651054
NA	26308.595717
NA	42484.738492
NA	16033.3136628
NA	6697.14008507
NA	330.103590633
284080	41155.4772824
NA	447.600963741
NA	17943.6716418
55766	299898.98094
NA	5641.82202066
NA	116.198929663
503569	7309.08122371
645078	148.837070849
NA	2909.8315935
NA	199.711915562
NA	1525.11095182
NA	0
NA	376.629215599
NA	2365.42088904
NA	120.016997407
NA	0
NA	2914.74153302
NA	6509.51840177
NA	3922.24156105
390595	6463.49739844
NA	8137.81690656
NA	4033.07118371
NA	141.373478689
NA	0
NA	0
192111	197506.190438
NA	31157.7374502
NA	25977.5402517
NA	3753.31053718
NA	9961.81304998
NA	0
NA	416.615674644
NA	97932.4579196
NA	5640.35675256
NA	563.299951943
NA	4440.31248699
NA	650.714006111
NA	1714.005658
NA	92.3897948542
NA	0
NA	14943.5900702
NA	150794.40889
NA	6284.0103357
NA	45682.3931615
85364	177916.879052
NA	4823.35634947
NA	519.837316912
NA	796.656036288
NA	2857.88102156
NA	551.007827755
NA	4489.52579165
NA	0
NA	38395.9095815
NA	0
NA	147.028417836
NA	216.460026259
NA	52788.8403881
NA	19474.7424386
729082	166030.271711
NA	1312.45706317
NA	42465.6228447
100506540	4191.06778678
11344	451173.305314
NA	188.00979296
92935	49150.2997651
NA	32897.2080867
NA	3238.45121071
NA	27031.4811034
NA	0
NA	6751.94363554
NA	3292.98183247
NA	2142.42600905
158880	63716.4847049
NA	213.202000901
NA	268.250462103
100233209	17937.5145273
NA	0
NA	24728.7620732
NA	478.939675453
101928721	0
NA	22175.9859094
NA	7008.2876307
NA	193.072556667
NA	0
NA	169.516126811
NA	130437.97112
NA	0
NA	412.473189243
NA	17456.9298157
NA	11012.9064521
NA	279.48135248
NA	1345.45629023
NA	0
NA	117924.370687
NA	243.949419121
NA	2575.44235234
NA	1557.00335242
NA	0
NA	22501.2818113
NA	377.731545011
NA	4172.68762573
NA	89762.1897738
593	63960.1579424
3640	18876.3461686
NA	220.069060422
NA	0
NA	0
NA	0
NA	0
NA	0
NA	0
105378220	0
NA	389.773322452
NA	687.021589653
NA	0
NA	0
NA	0
NA	0
NA	0
NA	3566.08399401
NA	0
NA	19679.3604761
NA	0
NA	21598.5960913
NA	0
NA	0
NA	0
NA	0
NA	0
NA	0
NA	0
NA	0
NA	0
NA	0
NA	0
126	156.118884531
NA	0
NA	354.123323447
NA	547.888915522
NA	0
NA	1048.30731129
NA	0
NA	764.966083316
NA	0
NA	4390.84362742
NA	0
NA	492.17139869
202658	0
NA	0
NA	495.530930421
NA	0
NA	0
NA	4669.44522978
NA	0
NA	0
NA	0
NA	0
NA	0
NA	448.119020412
NA	0
NA	325.904742118
NA	0
NA	0
NA	0
NA	1401.11520013
NA	0
NA	0
NA	466.850683644
NA	3220.49307091
NA	0
NA	921.84484199
NA	1262.52663142
NA	619.369623662
NA	0
NA	0
NA	0
NA	0
NA	0
NA	580.762250454
NA	966.326539856
NA	0
NA	0
NA	0
NA	242.388251441
NA	0
NA	0
NA	0
NA	2268.60254083
NA	0
NA	1221.79996589
NA	355.859222092
NA	0
NA	966.326539856
NA	5478.88915522
NA	478.913345619
NA	0
NA	0
NA	0
NA	0
NA	0
NA	0
NA	0
NA	138350.277749
NA	8093.11943219
NA	0
NA	1170.89163398
NA	0
NA	299.670923867
NA	0
NA	0
NA	0
NA	1182.01272141
NA	569.933513694
NA	0
NA	0
NA	0
NA	0
NA	0
NA	344.870695044
NA	245.565433596
NA	0
NA	2550.27335743
NA	0
NA	0
NA	0
NA	688.106931817
NA	441.532374901
NA	66.5248855044
NA	123.042849672
NA	0
NA	18498.7975782
NA	0
NA	563.846845101
100506013	1128.05875776
NA	0
NA	0
984	189422.061746
NA	7502.7119632
NA	0
NA	0
NA	0
NA	0
101928288	0
NA	390.8225104
NA	0
NA	362.523252468
NA	394.004240471
NA	0
NA	0
NA	0
NA	0
NA	779.546644904
NA	0
NA	0
NA	398.953459585
NA	366.180485784
NA	0
NA	293.314267906
NA	0
NA	0
NA	31771.9806228
NA	0
NA	0
NA	0
NA	0
NA	424.533808811
NA	1546.63715167
NA	0
NA	0
NA	0
56135	25512.3846159
441864	0
NA	0
NA	2274.52578507
NA	0
NA	0
NA	355.859222092
NA	0
NA	0
NA	0
NA	265.430644631
NA	0
NA	0
553158	1042.66113187
NA	0
NA	391.87736198
NA	923.310414076
NA	4622.98308819
NA	1020.67179342
NA	0
NA	1504.56541568
NA	0
NA	0
NA	0
NA	2237.14272132
NA	0
NA	0
NA	0
NA	0
NA	1647.84465459
NA	0
NA	0
NA	0
NA	0
NA	0
NA	0
NA	2325.70695262
NA	0
NA	0
NA	304.382730846
NA	3284.62213053
NA	0
NA	0
NA	101.072441778
NA	176.309122785
NA	296.609933837
NA	0
NA	0
NA	251.194745006
NA	1430.44889274
NA	0
NA	0
NA	0
NA	435.354010835
NA	1010.02130514
NA	191.544277854
NA	0
NA	0
NA	1413.04683809
NA	0
NA	0
NA	3536.9199175
NA	270.625466195
NA	0
NA	0
NA	0
134187	127.5092763
NA	0
654790	3670.54793124
25864	214305.666431
NA	0
NA	12149.8378756
NA	0
NA	1078.48143074
NA	0
NA	738.883270297
NA	1636.87218279
NA	6910.01017419
NA	4057.93598755
NA	0
NA	0
NA	0
NA	26107.1265662
NA	0
NA	0
NA	18467.2206833
NA	10452.4139564
NA	410.142832241
NA	0
NA	0
NA	0
NA	51.5683049595
NA	0
NA	4954814.50093
NA	0
NA	0
NA	0
NA	0
NA	0
NA	0
NA	0
NA	1659.32071558
NA	0
NA	538.074969537
NA	0
NA	0
NA	978.18473368
NA	1413.04683809
23520	2471.32872533
NA	0
NA	0
NA	0
NA	0
NA	0
NA	321.930294043
NA	2030.63723935
NA	0
NA	3849.74976627
NA	11726.9300572
NA	0
NA	1192.53028841
NA	312.910695288
NA	0
NA	6188.45020975
NA	14891.3397552
NA	0
NA	0
NA	0
NA	0
NA	0
NA	0
NA	9526.93980403
NA	1733.61865807
NA	367.106353005
NA	285.808194121
NA	563.725221536
NA	0
NA	108.432085596
NA	0
100526772	509.35933304
171220	145059.168439
NA	99.633256211
NA	0
NA	2086.92800471
NA	0
NA	0
NA	0
NA	0
NA	2075.38624343
NA	453.720508167
NA	373.240520857
NA	0
NA	0
NA	0
NA	0
NA	534.771869663
NA	408.412271768
NA	10102.7230447
NA	0
NA	0
NA	0
NA	0
NA	0
NA	338252.44597
NA	0
NA	0
NA	0
NA	6273.66628577
NA	0
100526737	5859.45615514
NA	431.472697217
NA	0
NA	0
NA	2351.26417188
NA	599.961002535
NA	0
NA	0
NA	0
NA	0
NA	0
NA	34520.8330689
NA	1841.74075197
NA	0
NA	9421.56677492
NA	0
285407	2133.41234861
100526664	719.52845189
NA	0
NA	0
NA	0
NA	172.640383607
NA	0
NA	0
NA	0
NA	0
NA	3718.68924288
NA	0
NA	0
NA	0
NA	0
NA	779.755975368
NA	0
NA	522.738299238
NA	0
NA	0
NA	0
NA	0
NA	0
NA	1471.52597243
NA	451.603616216
NA	0
NA	0
283152	12496.8402875
285556	28.7905141014
NA	659.208002785
NA	0
NA	0
NA	0
NA	513.040857291
NA	0
NA	0
NA	445.45522566
NA	0
NA	31474.8772099
NA	0
NA	0
NA	0
NA	5801.82068385
NA	0
NA	0
NA	72.1802448985
NA	0
NA	0
NA	0
NA	0
89	82.5650057512
NA	0
NA	0
NA	1240.9449796
NA	0
NA	847.003768284
NA	530.861289263
NA	0
NA	0
NA	672.178530618
NA	1504.56541568
NA	0
NA	0
NA	0
NA	0
NA	0
NA	0
NA	0
NA	0
NA	0
100505989	0
NA	0
NA	4433.29962178
NA	6130.8874808
NA	0
NA	0
NA	0
NA	0
NA	3865.30615943
NA	656.475791771
NA	0
NA	1029.72030222
NA	4760.34631519
NA	0
NA	0
NA	224.405815477
NA	0
NA	46245.8829065
NA	3049.23637153
NA	0
NA	0
NA	10234.4602081
NA	1459.20163431
NA	0
NA	0
NA	0
NA	2942.52873563
NA	0
NA	0
NA	0
NA	0
NA	0
NA	3035.34277241
NA	0
NA	0
NA	269.245364142
NA	680.447862277
NA	0
NA	458.014393102
NA	0
NA	0
NA	0
NA	1061.72257853
NA	0
NA	0
101928443	0
NA	2583.46196821
NA	0
NA	0
NA	0
NA	0
NA	0
NA	1422.27489907
NA	1223.26332025
NA	0
NA	234.178326796
NA	32418.5034843
NA	720.548697833
NA	0
NA	0
407977	319.803001351
NA	0
NA	3427.24504023
NA	0
NA	0
NA	0
NA	0
NA	157.04766102
NA	0
NA	0
NA	2124.73994068
NA	0
NA	0
NA	932.502007793
NA	0
NA	0
NA	0
NA	1424.83378423
NA	2448.40746397
NA	0
NA	1138.74951069
342184	33933.7034907
NA	0
NA	0
NA	999.590792519
NA	0
NA	0
NA	0
NA	0
NA	4490.42977155
NA	0
100526740	609.404250214
100287404	0
NA	0
NA	3685.85313478
NA	0
NA	1668.85704153
NA	0
NA	781.995848905
NA	0
NA	0
NA	500.65711246
NA	0
NA	14108.1395747
100287513	0
NA	0
NA	2718.92439351
NA	0
NA	0
NA	0
NA	0
NA	0
NA	0
NA	0
NA	0
NA	319.803001351
NA	0
NA	507.659309837
NA	0
NA	0
NA	140.010185741
NA	0
NA	1477.22956147
NA	0
NA	422.065588993
NA	0
NA	4887.19986357
NA	0
NA	0
NA	0
NA	0
NA	1251.64278115
NA	476.034631519
NA	0
NA	0
NA	404.994595853
NA	0
NA	0
NA	2846.87377673
105374618	327.005771652
NA	0
NA	3345.40466851
NA	0
NA	0
NA	1432.01650797
NA	0
NA	0
NA	0
NA	0
NA	0
NA	2059.44060445
NA	0
NA	597.492027216
NA	3409.56311421
NA	15243.1036864
NA	0
NA	0
NA	0
NA	0
NA	0
NA	0
NA	0
NA	0
NA	0
NA	1703.11510397
NA	278.142840256
NA	3024.80338778
NA	662.668017405
NA	0
NA	0
NA	0
NA	55727.3848572
NA	0
NA	3498.56777382
NA	0
NA	0
NA	0
NA	0
NA	0
NA	0
NA	0
NA	0
NA	0
NA	0
NA	0
NA	908.861111821
NA	0
NA	0
NA	1027.89778841
NA	230.278449823
NA	0
NA	6562.28531586
NA	0
NA	984.342797379
NA	0
NA	0
NA	0
101927953	0
NA	0
NA	2945.041838
NA	0
NA	26686.6269512
NA	0
NA	0
NA	0
NA	797.75034403
NA	524.721946561
NA	507.659309837
NA	0
NA	312.237769061
NA	0
NA	0
100287327	0
NA	0
NA	0
NA	0
NA	0
NA	349.015775513
NA	0
23354	94867.3705667
NA	0
NA	7787.99952716
NA	0
NA	538.740492072
NA	0
NA	0
NA	9018.04736729
NA	0
NA	0
643036	386.659287919
100526773	0
NA	495.530930421
NA	1935.87416818
NA	1310.38413911
NA	0
NA	1845.64274509
NA	659.208002785
NA	0
NA	0
NA	0
NA	0
NA	967.93708409
56138	1663.54559328
NA	2506.88741203
NA	0
NA	0
NA	0
NA	0
NA	0
NA	0
NA	0
NA	0
NA	0
NA	0
NA	0
NA	832.0376081
NA	0
NA	0
NA	0
105377488	0
NA	0
NA	290.671797024
NA	0
NA	0
NA	4301.94259595
NA	2194.74106276
NA	0
NA	0
NA	0
NA	0
NA	0
NA	0
NA	0
NA	0
NA	613.913583989
NA	538.740492072
NA	3187.81674401
NA	1269.42568405
NA	0
NA	312.069989497
NA	2670.17126645
NA	0
267020	1453.72277961
NA	0
NA	0
NA	0
NA	0
NA	0
NA	0
NA	701.403684123
NA	0
NA	0
NA	2246.04185258
NA	0
NA	1244.93515639
NA	1591.75244839
101060498	303.428553006
441027	33459.8790441
NA	994.172183373
NA	928.229489271
NA	0
NA	10251.550398
NA	960.466786858
NA	0
NA	0
NA	1910.40213965
NA	0
NA	380.080006841
NA	0
NA	0
NA	0
NA	0
NA	272324.164439
NA	284.130259517
NA	0
NA	0
NA	0
NA	1651.76976807
NA	0
NA	2597.84306863
NA	0
NA	856.581490345
NA	0
NA	0
NA	0
NA	0
NA	0
NA	0
NA	0
NA	2629.2053592
NA	0
NA	0
NA	0
NA	0
NA	522.26821084
NA	680.049473599
NA	0
NA	0
NA	628.530574084
NA	1316.92120284
NA	0
NA	0
NA	436.116833883
NA	0
NA	0
NA	473.318867525
NA	0
NA	0
NA	0
NA	0
NA	2519.57592388
NA	502.389490012
NA	0
NA	0
NA	0
NA	0
NA	0
NA	0
NA	0
NA	2327.70441064
NA	0
NA	0
NA	0
NA	0
NA	396.424744337
NA	0
NA	0
NA	17087.3715598
NA	0
NA	0
NA	7283.80748897
NA	231605.186627
NA	0
NA	272.914591379
NA	445.369823968
NA	662.970605541
NA	89.3480385313
NA	1492.96208343
NA	0
NA	0
NA	0
NA	186.221328705
NA	453.437109973
NA	0
NA	0
NA	0
NA	0
NA	0
NA	0
NA	0
NA	0
NA	0
NA	0
NA	0
NA	0
NA	0
NA	0
NA	0
NA	2768.83075306
NA	0
NA	0
NA	0
NA	0
NA	510.335896708
NA	385.120855739
NA	0
NA	0
NA	0
NA	0
NA	0
NA	0
NA	0
NA	0
NA	0
NA	0
NA	0
4671	671.542600125
NA	217.840303996
NA	1123.33123879
NA	2429.96757512
NA	0
NA	0
NA	0
NA	186.380696551
NA	0
NA	832.0376081
NA	0
NA	0
NA	0
NA	9417.76622357
NA	0
729288	3997.42881431
NA	0
NA	0
NA	0
NA	559.932752076
NA	2304.61210498
NA	0
388569	26652.9929389
NA	0
NA	0
NA	371.534980184
NA	0
NA	0
221409	0
NA	0
NA	483.163269928
NA	0
NA	14792.141959
NA	0
NA	928.158847757
NA	456.574096269
NA	3890.27344802
NA	0
NA	0
NA	6703.8169858
NA	0
NA	2392.65346629
NA	0
NA	0
NA	268.498497667
NA	0
NA	2323.04900181
NA	0
NA	0
NA	250.544542905
NA	0
NA	305.022190364
NA	0
NA	0
NA	0
NA	0
NA	508.548380432
NA	0
NA	0
NA	0
101929153	0
NA	0
NA	0
NA	3067.4062524
NA	0
109864269	1563.2900416
NA	0
NA	0
NA	0
NA	264.223043882
NA	648.172154524
NA	0
NA	0
NA	64.7593945644
NA	0
NA	0
NA	0
NA	0
NA	278.676703673
NA	0
NA	0
NA	0
NA	12785.6210938
NA	0
NA	10274.1925127
NA	4600.63292531
NA	9777.14226353
NA	0
NA	0
645104	0
NA	0
NA	0
NA	0
NA	0
NA	9402.8173883
NA	1342.0976376
NA	0
NA	0
NA	0
NA	56251.8410125
NA	92.2723626396
NA	0
NA	0
NA	0
NA	1052.10552618
NA	4070.76343776
NA	0
NA	0
NA	0
NA	3722.83493881
NA	0
NA	0
NA	0
NA	0
NA	0
NA	290.381125227
NA	7177.08859946
NA	0
NA	3003.52839498
NA	144.038256561
NA	0
NA	0
NA	329.417045067
NA	9520.69263039
NA	0
NA	0
NA	0
NA	0
NA	350.278800032
NA	0
NA	0
NA	491.338621365
NA	0
NA	528.927368355
NA	0
NA	318.22589066
NA	0
NA	1055.93136446
NA	0
NA	0
NA	255.520789012
NA	61224.206667
NA	0
NA	1613.22847348
NA	5159.05552434
NA	0
NA	350.701842061
NA	3065.24762731
NA	4467.40192657
NA	0
NA	0
NA	0
NA	0
NA	328.857446463
NA	0
100506564	323.905326522
NA	1388.10613273
NA	0
NA	0
NA	103.63352078
NA	1410.16474955
NA	347.761826619
NA	0
163050	5612.00407672
NA	0
NA	182.859650647
90342	249.492136233
NA	0
NA	1492.96208343
NA	0
NA	0
NA	0
NA	0
NA	0
391121	0
NA	0
NA	0
NA	453.012675861
NA	0
NA	437.760490292
NA	1761.21986491
NA	3226.45694697
NA	0
NA	0
NA	0
NA	0
NA	0
NA	0
NA	0
641700	30020.0776805
NA	27770.3363003
NA	5279.65682231
NA	0
NA	441.980403694
NA	0
NA	0
NA	0
NA	0
NA	622.467578193
NA	520.396281769
NA	0
NA	0
NA	0
NA	1005.93923289
NA	19242.122756
NA	0
NA	744.566987761
NA	0
NA	0
NA	1708.12426604
NA	0
105374647	0
NA	2323.04900181
NA	0
NA	268.809187898
NA	1031.54929033
NA	254.832053731
NA	3139.25540786
NA	0
NA	0
NA	440.304966227
NA	0
NA	0
NA	0
NA	567.150635209
NA	0
NA	0
100287478	0
NA	0
NA	57.638174916
102724700	0
NA	0
NA	0
NA	808.360695033
NA	0
NA	0
NA	0
NA	0
NA	0
NA	1499.38618878
NA	662.214652741
NA	0
NA	0
NA	0
NA	297.5216447
NA	0
NA	0
NA	0
NA	7208.04211556
NA	0
NA	0
NA	0
NA	1798.0255432
NA	0
NA	289.801522182
222537	70.7556348019
NA	0
NA	262855.852141
NA	0
NA	0
NA	2789.44404637
NA	3330.42251762
100463289	0
148003	0
NA	10978.4924471
NA	0
NA	0
NA	1152.30605249
NA	0
NA	0
NA	0
NA	0
NA	0
NA	0
NA	0
NA	0
NA	0
NA	0
NA	0
100526767	193.201014788
NA	1273.60142643
NA	0
NA	942.795861126
NA	645.291389393
NA	0
NA	0
NA	0
NA	0
NA	0
NA	0
NA	3527.28221714
NA	475.255524103
NA	0
NA	0
NA	951.289517533
NA	1214.98378756
NA	0
NA	0
NA	0
10016	173745.369355
NA	0
NA	107.868174304
NA	0
NA	4560.9600821
NA	1837.85522295
NA	390.997924453
NA	0
NA	0
NA	0
NA	0
NA	8330.60605159
653125	988.607978179
NA	160.166092238
NA	109833.275345
NA	0
NA	0
NA	0
NA	0
NA	0
NA	0
NA	890.739647935
57733	198.077165912
NA	0
NA	0
NA	0
NA	0
NA	0
NA	0
NA	0
283847	187.645315171
NA	0
NA	419.020382723
NA	1031.54929033
NA	0
NA	0
NA	0
NA	0
NA	0
NA	0
NA	0
NA	0
NA	7403.48477916
107987420	0
107987434	0
NA	0
NA	0
NA	0
NA	5731.20641895
NA	2632.98947745
NA	0
NA	0
25907	27868.9000494
NA	324.811102043
NA	0
NA	0
NA	17598.8560744
NA	0
NA	0
NA	0
NA	0
NA	0
NA	942.795861126
NA	7653.45601373
NA	0
NA	25373.1080295
NA	857.846751039
NA	0
NA	0
100526783	5323.11078792
NA	0
NA	0
NA	0
NA	2616.04617321
NA	2828.38758338
NA	1305.81731412
NA	0
NA	141.396425204
NA	0
NA	0
NA	0
NA	222.684911984
NA	0
NA	0
NA	306.632655995
NA	0
NA	0
NA	0
NA	0
NA	0
NA	0
NA	1078.68174304
NA	599.961002535
NA	10235.1505197
NA	0
NA	0
NA	0
NA	0
NA	2785.43045781
374887	5103.014029
NA	10051.6543348
NA	383.975041622
NA	0
NA	0
NA	22845.3290978
NA	0
NA	254.051728107
NA	726.861389804
NA	0
NA	0
NA	0
NA	795.564726649
NA	0
NA	0
NA	0
NA	0
NA	8527.06478841
NA	0
NA	0
NA	918.927611477
NA	0
NA	0
NA	530.861289263
NA	0
NA	0
NA	0
NA	0
253962	2022.92107504
101929141	0
NA	0
NA	0
NA	1720.49382952
NA	2074.15089448
56139	48409.5701409
NA	0
NA	0
NA	0
NA	733.285669765
NA	0
NA	1213.29160958
NA	579.603044365
NA	3224.96390812
NA	22002.1675697
NA	0
NA	0
NA	0
NA	261.781496711
NA	683.249706416
NA	21042.1105237
NA	50246.193262
NA	0
NA	338.439539891
NA	412.473189243
NA	0
NA	0
100526693	3780.73074436
NA	501.08908581
NA	168.728137842
NA	0
NA	520.085597421
NA	0
NA	879.942803718
NA	0
NA	676.879079783
NA	2618.99549246
NA	0
NA	948.957925578
NA	0
NA	0
NA	0
NA	393446.564202
NA	0
NA	0
NA	0
NA	0
NA	0
NA	0
NA	0
NA	0
NA	918.927611477
NA	437.320971727
NA	0
NA	81.9591095757
NA	0
NA	921.84484199
NA	0
NA	0
NA	0
NA	934.432217202
NA	0
NA	0
NA	0
NA	0
NA	0
NA	0
NA	15684.8199028
NA	2385.06057681
NA	28082.1252791
NA	0
NA	0
NA	0
NA	5933.71392545
NA	0
NA	1426.9342763
NA	19889.1181662
NA	0
NA	9583.53548603
NA	88.6930742904
NA	0
NA	0
NA	2094.09465308
NA	0
NA	0
NA	459.463805739
NA	6951.76758648
107986319	1220.08876146
NA	0
10744	840.466353768
NA	0
NA	0
NA	1262.52663142
NA	2135.15533255
NA	1348.5191574
NA	0
NA	0
NA	214.699538061
NA	2476.59808296
NA	0
NA	1338.1618674
NA	0
NA	0
NA	3281.14265793
NA	133.080259041
NA	0
NA	0
NA	0
NA	0
NA	1638.71966832
NA	0
NA	0
NA	213.358651893
NA	0
NA	152.791962761
100507096	0
NA	33393.8294011
NA	0
107986281	0
283140	23205.0281419
NA	0
57604	52362.8358484
NA	927.735224367
NA	0
NA	0
NA	0
NA	0
255403	52604.2543514
NA	0
NA	0
NA	0
389203	288759.890657
NA	33688.006358
NA	0
NA	1695.6562057
NA	36808.8750288
NA	0
NA	0
NA	4294.60139698
NA	9431.67040599
NA	4369.16044902
NA	0
NA	192.432819899
NA	2426.58321917
NA	0
NA	183.901915913
NA	0
NA	1171.41646214
643401	110.076241557
NA	0
NA	0
NA	0
NA	0
NA	0
NA	87147.9854389
NA	0
NA	0
NA	2569.74447103
NA	693.033711759
NA	384.102017496
NA	0
NA	0
NA	0
NA	427.03106651
NA	3045.95585902
NA	560.581322832
NA	0
NA	0
NA	0
2994	0
NA	0
NA	456.574096269
NA	1621.33514923
NA	83.4908353154
NA	107.788093997
NA	0
NA	206.38317358
NA	0
NA	0
NA	0
107986453	4621.45026886
NA	0
NA	777.459505293
NA	0
NA	0
NA	0
NA	0
NA	0
NA	0
NA	0
NA	0
NA	452.30704864
NA	0
NA	4931.26607615
NA	0
NA	0
NA	2351.26417188
NA	0
NA	103.448922418
NA	0
NA	0
NA	2968.12053043
NA	5573.53407345
NA	0
NA	2062.36594621
NA	0
NA	0
NA	0
NA	0
NA	0
NA	0
57481	222.684911984
NA	1138.00571611
NA	0
NA	0
NA	0
NA	0
NA	0
NA	0
NA	0
NA	0
NA	0
NA	0
NA	0
NA	0
NA	0
NA	179.469175048
NA	0
NA	0
NA	562.209342162
NA	490.508657478
NA	0
NA	0
NA	0
NA	0
NA	1951.48605663
NA	32822.7800141
NA	0
NA	0
NA	84520.1546049
NA	3510.65263659
NA	0
NA	0
NA	6139.13583989
NA	0
NA	0
400916	428952.706309
NA	0
NA	0
NA	0
NA	1023.36960432
NA	0
NA	0
152756	10947.7021925
NA	0
NA	1589.49640904
NA	1492.07692804
NA	45.9900420062
NA	0
NA	353.69199175
NA	0
NA	0
NA	272.402556498
NA	0
NA	1167.75251432
NA	0
1018	2576.87077295
NA	0
105369364	1250.10324513
NA	1801.37174458
27239	7050.22458821
NA	0
NA	0
NA	0
NA	930.708734701
NA	0
NA	0
NA	12183.8234361
NA	0
NA	0
NA	1275.99992253
NA	0
NA	0
NA	4128.6415909
NA	1532.35422283
NA	0
NA	7958.44264501
NA	0
NA	1803.60947346
NA	0
NA	0
NA	161.862388644
NA	0
NA	169.219769946
NA	0
NA	1237.41956773
NA	0
NA	0
NA	0
NA	0
NA	0
NA	210.72650597
NA	434.052504076
90423	21986.0780032
NA	0
NA	0
NA	11062.1381039
NA	4015.90917867
2738	33341.1105511
NA	0
NA	0
NA	0
NA	0
NA	0
NA	0
NA	326.637936138
NA	1376.21386363
NA	0
NA	0
NA	0
NA	0
NA	0
NA	0
NA	0
NA	0
NA	0
NA	0
NA	0
NA	0
NA	7908.54455917
NA	0
NA	0
NA	3249.50306801
NA	1136.52103807
NA	703.101998128
NA	0
NA	0
NA	0
NA	0
NA	9503.38228015
NA	0
NA	0
NA	541.755830647
NA	0
NA	0
NA	0
NA	0
NA	0
NA	0
NA	1027.89778841
NA	0
NA	0
NA	0
NA	503.260182369
NA	0
NA	0
NA	0
110599563	229.368977272
NA	0
NA	0
NA	7572.62713731
NA	0
NA	0
NA	0
NA	191.924074836
NA	626.721853008
NA	0
NA	286.37191837
NA	0
NA	549.443945557
NA	0
NA	0
NA	0
NA	0
NA	0
NA	0
NA	1433.98086532
NA	0
NA	0
345051	2194.31580776
NA	0
NA	2044.9375016
NA	601.20315782
NA	623.13546186
NA	0
NA	0
NA	101.178092414
NA	1725.89078887
NA	263.026381546
NA	0
NA	0
NA	0
NA	0
NA	0
NA	0
NA	0
NA	595.043289399
NA	1962.03462991
NA	0
NA	2577.34726533
NA	0
NA	0
100526761	141.580265835
NA	314.946990485
NA	619.14952074
NA	0
NA	0
NA	0
NA	0
110117498	0
NA	0
6414	257861.298087
NA	0
NA	277.876674858
NA	0
NA	0
NA	0
NA	0
NA	11740.4767612
NA	0
NA	209.283693857
NA	542.768458368
NA	0
NA	0
NA	10441.7870373
100526794	0
NA	18877.9548175
100287441	0
NA	1129.33835771
NA	555.222036763
NA	17924.7608165
NA	0
NA	0
NA	0
NA	1965.35448546
NA	0
NA	0
NA	2664.04702043
NA	0
NA	6549.95019309
NA	2437.25165059
NA	0
NA	0
NA	0
NA	0
NA	756.529201633
NA	4076.14640233
NA	0
NA	0
NA	1701.45190563
NA	0
NA	0
NA	0
NA	27832.5322488
NA	2953.02839214
NA	0
NA	18688.3347526
NA	0
NA	6021.72840332
NA	3530.46960762
58510	0
NA	0
NA	8688.42118178
100505841	547.544547882
NA	0
NA	0
NA	0
NA	0
NA	0
NA	0
NA	0
NA	0
NA	0
NA	0
644145	0
NA	0
NA	388.210060464
NA	517.613413952
NA	0
NA	0
NA	0
NA	0
NA	0
NA	0
NA	0
NA	0
NA	0
NA	0
NA	0
100287364	0
NA	0
NA	0
NA	4103.47392257
NA	0
NA	2127.33425075
NA	0
NA	0
NA	290.381125227
NA	22320.8116563
NA	0
NA	0
105374438	0
NA	0
NA	0
NA	0
NA	0
NA	0
NA	0
NA	745.522786205
NA	0
NA	294.803172819
NA	0
NA	0
NA	0
NA	0
NA	0
NA	85.7846751039
NA	11615.2450091
NA	3368.69054788
NA	0
NA	1822.47568134
NA	5693.74755347
NA	0
NA	10164.1657379
NA	1565.39690149
NA	0
NA	10313.3009491
NA	0
NA	3043.82730846
NA	0
NA	3456.91815746
NA	53.984221087
NA	0
NA	0
101928532	0
NA	4252.44325646
NA	0
NA	0
NA	0
NA	0
NA	0
NA	899.941503802
NA	0
NA	0
NA	0
NA	600.581437905
NA	1461.03710806
NA	995.592429349
NA	0
NA	1640.57132897
NA	4168.15012287
NA	0
NA	0
NA	0
NA	2370.45816512
NA	0
NA	506.773342455
NA	0
NA	108.351166129
NA	0
NA	48063.0827962
NA	0
NA	0
NA	16100.8989669
NA	0
NA	0
NA	6358.71077139
NA	472.933428708
NA	0
NA	0
NA	0
NA	0
NA	0
NA	0
NA	0
NA	346.930854512
NA	95.2693980403
NA	1888.04372709
NA	0
NA	105322.662224
NA	0
NA	0
NA	2181.86922822
NA	19855.1196736
NA	3056.64342344
NA	0
NA	0
NA	813.392507638
NA	4101.42832241
NA	0
NA	6366.4558515
NA	10420.3753072
NA	1083.51166129
NA	8311.76180613
NA	1443.37658269
NA	0
NA	2205.42626755
NA	381.077592161
NA	0
NA	211.416909521
NA	0
NA	586.628535812
NA	0
NA	1242.71522922
NA	856.581490345
NA	0
NA	0
NA	136043.920393
NA	5610.78512475
NA	0
NA	0
NA	0
NA	0
NA	0
NA	0
NA	6767.96047511
NA	0
NA	0
NA	864.229539366
NA	0
NA	782.698450746
NA	0
NA	124.041488777
NA	0
NA	0
NA	9307.08734701
NA	0
NA	0
NA	0
NA	218.331673103
NA	0
NA	0
NA	0
NA	13029.9222858
NA	533.788833138
NA	0
NA	0
NA	0
NA	0
NA	408.412271768
NA	0
NA	269.745587763
NA	0
NA	0
NA	379.583170231
NA	0
NA	0
NA	4377.60490292
NA	95.6932361927
NA	0
NA	0
NA	2840.6849207
NA	0
NA	0
NA	0
NA	0
NA	0
NA	0
NA	0
NA	1437.53032291
NA	0
NA	0
NA	0
NA	0
NA	0
NA	0
NA	0
NA	525.101492273
NA	0
NA	0
NA	12032.9031975
NA	0
NA	0
NA	3236.73228756
NA	9324.76702447
NA	0
NA	3429.9684057
NA	2023.56184827
NA	0
NA	0
NA	0
100874365	0
NA	0
NA	0
NA	1561.18884531
NA	0
NA	0
NA	1466.57133953
NA	0
NA	0
NA	0
NA	0
NA	0
NA	1311.56786462
NA	0
NA	911.714678891
NA	0
NA	0
NA	0
NA	4218.61198877
NA	0
NA	0
NA	0
NA	11615.2450091
NA	0
NA	0
NA	768.204034992
NA	0
NA	0
NA	746.481041714
NA	20062.6959248
NA	0
NA	560.040742964
641339	12686.3267671
NA	0
NA	8661.9369741
NA	0
NA	0
NA	0
NA	0
100302736	1713.62252012
NA	0
NA	0
NA	0
NA	0
NA	62.4609862824
NA	0
NA	5733.42523677
NA	0
NA	0
NA	0
NA	296.30727064
NA	0
NA	0
NA	0
NA	0
NA	0
NA	0
NA	0
729305	0
NA	1166.18925794
NA	967.93708409
NA	1767.0251028
NA	423.296100914
NA	2445.31473875
NA	0
NA	0
101927253	0
NA	0
NA	0
NA	278.676703673
25850	16118.6652458
NA	0
100505685	0
NA	0
NA	0
NA	0
NA	430.194259595
NA	0
NA	799.94800338
442247	0
NA	6347.12842026
NA	1178.0167352
NA	0
NA	0
105377247	0
NA	0
NA	0
NA	0
NA	0
NA	0
NA	2553.60286004
NA	0
NA	0
NA	0
NA	0
NA	0
644974	387.433122384
NA	233.989625485
NA	0
NA	0
NA	0
NA	0
NA	0
NA	222.514272204
NA	0
NA	0
NA	0
NA	430.992393658
NA	1262.52663142
NA	0
NA	15461.8521225
NA	0
NA	0
NA	0
NA	0
NA	0
NA	1115.42045542
NA	2927.22908495
NA	1469.04447838
NA	0
85358	58348.8833789
101928865	1591.61396288
NA	0
NA	0
NA	0
NA	0
NA	3389.66294039
NA	1635.95000128
NA	6534.59634828
NA	0
NA	0
NA	0
NA	160.166092238
NA	1021.56948189
NA	0
NA	0
NA	0
NA	1535.50536254
100526694	0
NA	0
NA	0
NA	0
NA	4473.13671723
NA	455.857339446
NA	0
NA	4655.67539301
NA	0
NA	7433.75680581
NA	0
NA	7694.06331257
NA	974.43330613
NA	1108.32490545
NA	0
NA	0
162972	45152.6381078
NA	0
NA	0
NA	0
NA	0
NA	0
NA	0
NA	368.972204863
NA	0
NA	0
140947	0
100506305	167081.237812
NA	0
NA	257.202059545
NA	525.101492273
NA	9851.37904647
NA	0
NA	0
NA	427.03106651
NA	0
NA	2623.13572924
NA	0
NA	0
NA	2841.30259517
NA	0
NA	624.475538122
NA	218.907746119
NA	0
NA	70.463752785
NA	0
NA	0
NA	7848.13851964
NA	0
NA	0
NA	10999.2850465
NA	0
NA	7544.28802169
NA	448.811630953
NA	0
NA	0
NA	948.957925578
NA	0
NA	0
NA	0
NA	2328.83092687
NA	0
NA	0
NA	8402.74349575
NA	0
NA	0
NA	263.026381546
NA	0
NA	0
NA	0
NA	0
NA	0
NA	157.601696188
NA	14956.9403709
NA	0
NA	0
NA	0
NA	5050.10652568
NA	0
NA	0
NA	249.040416147
NA	7717.77077015
NA	0
NA	0
NA	0
NA	452.836062732
NA	1040.79256354
NA	0
NA	0
NA	0
NA	0
NA	646.72856398
NA	0
NA	2811.43551395
NA	6553.0296243
NA	0
NA	538.740492072
NA	0
NA	25724.2604275
NA	0
NA	0
NA	0
NA	0
NA	0
NA	0
NA	1474.0158641
NA	0
NA	0
NA	0
NA	0
NA	0
NA	0
2297	826.960079979
NA	18848.2677632
NA	0
NA	411.304709953
NA	0
100526739	3659.73604154
NA	364.342691627
NA	0
NA	0
NA	0
NA	292.428122081
NA	485.857989783
NA	0
NA	0
NA	0
NA	0
NA	1622.24092306
NA	0
NA	0
NA	0
NA	1988.91181662
NA	0
NA	0
NA	2937.38132455
NA	2982.09114482
NA	2744.62311179
NA	0
NA	52.6625181768
NA	122.162862948
NA	0
NA	0
NA	0
NA	200.401052607
NA	0
NA	772.290226667
NA	2345.56643964
NA	0
NA	0
NA	0
NA	0
NA	23025.8160973
NA	661.460421929
NA	346.654745595
378938	309120.740961
NA	0
NA	0
NA	0
NA	260.665282968
NA	0
NA	145.627444948
NA	0
NA	479.176774302
105379109	0
NA	0
NA	1017.09676086
NA	0
NA	0
NA	0
NA	113537.64375
NA	443.329962178
NA	0
NA	0
NA	1081.4939487
NA	292.722908495
NA	0
NA	0
NA	0
NA	13915.4927216
NA	8638.57827736
NA	1144.23385597
NA	0
NA	0
NA	1293.45712796
NA	906.968636836
NA	0
NA	12486.7706328
NA	0
NA	0
26530	0
NA	2164.33136815
NA	0
NA	44611.625384
NA	0
NA	191.418012674
NA	22612.0112904
NA	0
NA	0
NA	0
NA	0
NA	0
NA	0
NA	411.888120889
NA	321.218058879
NA	0
NA	12489.5107624
NA	256.520428646
NA	832.0376081
NA	407.409505755
NA	0
NA	0
NA	219.874653125
NA	0
NA	1688.26235597
NA	0
NA	0
NA	0
NA	0
NA	425.778775992
101927109	0
NA	2255.3873804
NA	0
5542	0
NA	631.263315711
NA	0
NA	1538.85069013
NA	0
56137	2342.6420077
NA	0
NA	2728.41325717
NA	1832.05757241
NA	0
NA	30241.072305
NA	0
NA	5247.85166073
NA	0
NA	0
NA	635.407276208
NA	329.604001393
NA	0
101929773	0
NA	0
NA	0
NA	282.471911699
NA	2810.13992155
NA	0
390667	172.026732954
NA	0
NA	0
NA	0
NA	0
NA	0
NA	0
NA	1910.40213965
NA	0
NA	0
NA	0
NA	0
NA	0
NA	0
NA	0
NA	0
NA	0
NA	9679.3708409
NA	0
NA	0
NA	0
NA	0
NA	3024.80338778
NA	0
NA	0
NA	0
NA	2216.64981089
NA	0
NA	17250.3638749
NA	0
NA	0
NA	0
NA	0
NA	0
NA	0
NA	0
NA	0
NA	1240.9449796
NA	5006.5711246
NA	0
NA	0
NA	0
NA	0
NA	0
NA	0
NA	0
NA	0
NA	0
NA	0
NA	0
NA	0
NA	0
NA	0
NA	0
NA	2030.63723935
NA	0
NA	0
NA	0
NA	0
NA	0
NA	0
NA	0
NA	0
NA	2150.97129798
NA	25202.890114
NA	2846.87377673
NA	4089.8750032
NA	0
NA	0
NA	0
NA	0
NA	0
NA	0
NA	0
NA	0
NA	0
NA	0
NA	0
NA	0
NA	0
NA	0
NA	0
NA	0
NA	0
NA	19734.6395785
NA	0
NA	0
NA	0
NA	0
NA	0
NA	0
NA	0
NA	0
NA	0
NA	0
NA	0
NA	0
NA	0
NA	0
NA	0
NA	0
NA	0
NA	6312.63315711
NA	0
NA	0
NA	0
NA	0
NA	0
NA	0
NA	0
NA	0
NA	0
NA	0
NA	0
NA	0
NA	0
NA	39759.4552955
NA	0
NA	0
NA	0
NA	0
NA	0
NA	0
NA	0
NA	0
NA	0
NA	0
NA	0
NA	0
NA	0
NA	0
NA	0
NA	0
NA	0
NA	4683.56653592
NA	0
NA	0
NA	0
NA	0
NA	0
NA	0
NA	0
NA	0
NA	0
NA	0
NA	0
NA	0
NA	0
NA	0
NA	0
NA	1923.05380945
NA	0
NA	0
NA	0
NA	2059.44060445
NA	0
NA	0
NA	0
NA	0
NA	0
NA	0
NA	0
NA	0
NA	0
NA	2713.84229184
NA	0
NA	0
NA	0
NA	0
NA	0
NA	0
NA	0
NA	0
NA	0
NA	0
NA	0
NA	0
NA	8066.14236741
NA	0
NA	0
NA	0
NA	0
NA	0
NA	0
NA	3122.37769061
NA	0
NA	0
NA	0
NA	0
NA	0
NA	0
NA	0
NA	2547.20285287
NA	0
NA	0
NA	0
NA	0
NA	0
NA	0
NA	2304.61210498
NA	0
NA	14050.6996078
NA	0
NA	0
NA	18404.4375144
NA	0
NA	0
NA	0
NA	0
NA	0
NA	0
NA	0
NA	0
NA	0
NA	43136.3265736
NA	0
NA	0
NA	3262.70927221
NA	0
NA	0
NA	0
NA	0
NA	0
NA	0
NA	0
NA	0
NA	0
NA	0
NA	0
NA	3024.80338778
NA	0
NA	0
NA	0
NA	0
NA	0
NA	0
NA	0
NA	0
NA	0
NA	0
NA	0
NA	0
NA	0
NA	0
NA	0
NA	0
NA	0
NA	0
NA	0
NA	0
NA	0
NA	0
NA	0
NA	2688.71412247
NA	17961.7190862
NA	0
NA	0
NA	0
NA	0
NA	0
NA	0
NA	0
NA	0
NA	0
NA	0
NA	0
NA	0
NA	0
NA	0
NA	0
NA	0
NA	0
NA	0
NA	0
NA	0
NA	0
NA	0
NA	0
NA	0
NA	0
NA	0
NA	0
NA	0
NA	0
NA	0
NA	0
NA	0
NA	0
NA	0
NA	0
NA	0
NA	0
NA	0
NA	0
NA	0
NA	0
NA	0
NA	0
NA	0
NA	0
NA	0
NA	0
NA	0
NA	0
NA	0
NA	0
NA	0
NA	0
NA	0
NA	0
NA	0
NA	0
NA	0
NA	14375.3032291
NA	0
NA	0
NA	0
NA	0
NA	0
NA	0
NA	0
NA	0
NA	0
NA	0
NA	0
NA	0
NA	0
NA	0
NA	0
NA	0
NA	0
NA	2688.71412247
NA	0
NA	0
NA	0
NA	0
NA	2664.04702043
NA	0
NA	0
NA	0
NA	0
NA	0
NA	0
NA	0
NA	4502.03294925
NA	0
NA	3897.73322452
NA	0
NA	3871.74833636
NA	18148.8203267
NA	0
NA	0
NA	0
NA	0
NA	0
NA	0
NA	2323.04900181
NA	0
NA	2059.44060445
NA	0
NA	0
NA	2286.46555297
NA	0
NA	0
NA	0
NA	0
NA	0
NA	0
NA	0
NA	6753.04942388
NA	0
NA	0
NA	2059.44060445
NA	0
NA	0
NA	0
NA	0
NA	0
NA	0
NA	0
NA	0
NA	0
NA	0
NA	0
NA	0
NA	0
NA	0
NA	0
NA	0
NA	0
NA	0
NA	0
NA	0
NA	0
NA	0
NA	0
NA	0
NA	0
NA	0
NA	0
NA	4239.14051426
NA	0
NA	3416.24853208
NA	0
NA	0
NA	0
NA	0
NA	0
NA	0
NA	0
NA	0
NA	0
NA	1166.18925794
NA	0
NA	0
NA	0
NA	0
NA	0
NA	0
NA	0
NA	9292.19600726
NA	1319.91420558
NA	0
NA	0
NA	3024.80338778
NA	0
NA	0
NA	0
NA	0
NA	0
NA	0
NA	0
NA	0
NA	0
NA	0
NA	11168.5048164
NA	4208.42210474
NA	3056.64342344
NA	0
NA	0
NA	0
NA	0
NA	2933.14267906
NA	0
NA	0
NA	0
NA	0
NA	0
NA	0
NA	0
NA	0
NA	0
NA	0
NA	0
NA	1091.65836551
NA	0
NA	0
NA	2846.87377673
NA	0
NA	0
NA	0
NA	0
NA	0
NA	0
NA	0
NA	0
NA	0
NA	0
NA	0
NA	0
NA	0
NA	0
NA	0
NA	0
NA	0
NA	0
NA	0
NA	0
NA	0
NA	0
NA	0
NA	0
NA	0
NA	0
NA	0
NA	0
NA	0
NA	0
NA	0
NA	12226.5736938
NA	0
NA	5478.88915522
NA	0
NA	0
NA	0
NA	0
NA	0
NA	0
NA	0
NA	0
NA	0
NA	0
NA	0
NA	0
NA	0
NA	0
NA	0
NA	0
NA	0
NA	0
NA	0
NA	0
NA	0
NA	0
NA	10754.8564899
NA	0
NA	0
NA	2592.6886181
NA	0
NA	0
NA	0
NA	0
NA	0
NA	0
NA	0
NA	0
NA	0
NA	13929.7218744
NA	0
NA	0
NA	0
NA	32784.9657514
NA	0
NA	0
NA	4301.94259595
NA	0
NA	0
NA	0
NA	0
NA	39069.4604851
NA	0
NA	0
NA	0
NA	0
NA	0
NA	0
NA	0
NA	0
NA	0
NA	0
NA	0
NA	0
NA	21624.1263467
NA	0
NA	0
NA	11168.5048164
NA	0
NA	0
NA	0
NA	0
NA	0
NA	0
NA	0
NA	0
NA	0
NA	0
NA	15781.5828928
NA	0
NA	0
NA	0
NA	0
NA	0
NA	0
NA	0
NA	0
NA	0
NA	0
NA	0
NA	0
NA	0
NA	0
NA	17598.8560744
NA	0
NA	0
NA	0
NA	0
NA	0
NA	0
NA	0
NA	0
NA	0
NA	0
NA	0
NA	0
NA	0
NA	0
NA	0
NA	0
NA	0
NA	0
NA	0
NA	2216.64981089
NA	2875.06064581
NA	0
NA	0
NA	0
NA	0
NA	2569.74447103
NA	0
NA	0
NA	0
NA	0
NA	0
NA	0
NA	0
NA	0
NA	0
NA	0
NA	0
NA	0
NA	0
NA	0
NA	2713.84229184
NA	0
NA	0
NA	2713.84229184
NA	0
NA	0
NA	0
NA	4301.94259595
NA	0
NA	0
NA	0
NA	0
NA	0
NA	0
NA	0
NA	3416.24853208
NA	0
NA	0
NA	0
NA	0
NA	0
NA	0
NA	0
NA	2664.04702043
NA	0
NA	8376.37861231
NA	0
NA	0
NA	0
NA	0
NA	0
NA	0
NA	3024.80338778
NA	0
NA	0
NA	0
NA	0
NA	0
NA	0
NA	0
NA	0
NA	0
NA	0
NA	2639.82841115
NA	0
NA	0
NA	1708.12426604
NA	0
NA	0
NA	0
NA	3629.76406534
NA	0
NA	0
NA	0
NA	0
NA	1409.94303578
NA	0
NA	0
NA	0
NA	0
NA	0
NA	0
NA	0
NA	0
NA	0
NA	0
NA	0
NA	0
NA	0
NA	0
NA	0
NA	0
NA	0
NA	0
NA	0
NA	0
NA	0
NA	0
NA	0
NA	0
NA	0
NA	0
NA	0
NA	0
NA	0
NA	0
NA	0
NA	0
NA	0
NA	8457.70267651
NA	0
NA	2525.05326284
NA	3024.80338778
NA	0
NA	0
NA	0
NA	0
NA	0
NA	5427.68458368
NA	0
NA	0
NA	0
NA	3024.80338778
NA	0
NA	3156.31657855
NA	0
NA	0
NA	0
NA	0
NA	0
NA	0
NA	8889.21811919
NA	0
NA	0
NA	0
NA	0
NA	0
NA	0
NA	0
NA	0
NA	0
NA	0
NA	0
NA	0
NA	0
NA	0
NA	0
NA	0
NA	1251.64278115
NA	0
NA	0
NA	0
NA	0
NA	0
NA	0
NA	0
NA	0
NA	0
NA	0
NA	0
NA	0
NA	0
NA	0
NA	0
NA	0
NA	0
NA	0
NA	0
NA	0
NA	0
NA	0
NA	8356.29137343
NA	0
NA	0
NA	2688.71412247
NA	0
NA	0
NA	0
NA	0
NA	0
NA	0
NA	0
NA	0
NA	0
NA	0
NA	0
NA	0
NA	0
NA	0
NA	0
NA	0
NA	0
NA	0
NA	0
NA	3226.45694697
NA	0
NA	0
NA	0
NA	0
NA	0
NA	12710.2849426
NA	0
NA	0
NA	0
NA	0
NA	0
NA	2525.05326284
NA	0
NA	0
NA	0
NA	0
NA	0
NA	0
NA	0
NA	0
NA	0
NA	0
NA	0
NA	0
NA	0
NA	15781.5828928
NA	0
NA	0
NA	0
NA	0
NA	0
NA	0
NA	0
NA	0
NA	0
NA	0
NA	0
NA	0
NA	0
NA	0
NA	0
NA	0
NA	0
NA	6859.3966589
NA	0
NA	0
NA	0
NA	1749.28388691
NA	0
NA	0
NA	0
NA	0
NA	0
NA	0
NA	0
NA	2639.82841115
NA	0
NA	0
NA	0
NA	0
NA	0
NA	13697.2228881
NA	0
NA	0
NA	0
NA	0
NA	0
NA	0
NA	0
NA	0
NA	0
NA	0
NA	0
NA	0
NA	0
NA	0
NA	0
NA	0
NA	0
NA	0
NA	1885.59172225
NA	0
NA	0
NA	0
NA	0
NA	0
NA	0
NA	0
NA	0
NA	0
NA	0
NA	0
NA	0
NA	0
NA	0
NA	2150.97129798
NA	0
NA	0
NA	0
NA	0
NA	0
NA	0
NA	0
NA	0
NA	0
NA	0
NA	0
NA	0
NA	0
NA	0
NA	0
NA	0
NA	0
NA	0
NA	0
NA	0
NA	0
NA	0
NA	9599.37604056
NA	0
NA	0
NA	0
NA	0
NA	0
NA	0
NA	0
NA	0
NA	0
NA	0
NA	0
NA	0
NA	0
NA	0
NA	0
NA	0
NA	0
NA	0
NA	0
NA	0
NA	0
NA	0
NA	0
NA	0
NA	0
NA	0
NA	0
NA	0
NA	0
NA	0
NA	0
NA	0
NA	0
NA	0
NA	5866.28535812
NA	0
NA	0
NA	0
NA	0
NA	0
NA	0
NA	0
NA	406.12744787
NA	0
NA	0
NA	277.611018381
NA	32428.9749192
NA	0
NA	0
NA	0
NA	0
NA	205.216342917
NA	0
NA	397.782363324
NA	0
NA	0
729330	0
NA	0
NA	1478.51896755
NA	3078.24514375
NA	0
NA	0
100507403	411.013623817
NA	0
NA	0
NA	849.067617622
NA	0
NA	270.121976955
NA	4136.48326534
NA	3416.24853208
NA	4675.18806269
NA	0
NA	0
NA	0
NA	0
NA	0
NA	0
NA	248.401304728
NA	0
NA	0
NA	0
NA	768.882061501
NA	829.660357791
431704	0
NA	0
NA	0
NA	0
NA	0
NA	667.542816613
NA	0
NA	0
26025	4703.99330586
NA	0
NA	4006.5726871
NA	0
NA	0
NA	0
NA	0
NA	0
NA	989.373510143
NA	0
NA	0
NA	0
NA	0
NA	0
NA	760.160013683
NA	732.668945064
NA	0
NA	0
101926956	0
NA	0
NA	0
NA	3996.07053064
NA	0
NA	0
NA	2562.18639906
NA	0
NA	0
NA	0
NA	0
NA	0
NA	732.668945064
NA	0
NA	22194.7356861
NA	0
NA	3033.83265162
NA	0
NA	0
NA	0
NA	17422.8675136
NA	0
NA	448.119020412
NA	11573.160788
NA	0
NA	0
NA	0
NA	0
NA	0
NA	38861.4145285
NA	519.930394318
NA	511.234375399
NA	0
NA	0
NA	0
NA	0
NA	682.179620737
NA	0
NA	565.769362351
NA	0
NA	0
NA	0
NA	0
NA	341.624853208
NA	0
NA	0
NA	0
NA	2104.21105237
NA	0
NA	3144.92193386
NA	0
NA	0
NA	0
NA	654.011543304
NA	0
NA	724.142456925
NA	916.028786205
NA	0
NA	0
NA	0
NA	0
100127983	7795.46644904
112441434	24099.8591711
NA	885.308308618
NA	0
NA	0
NA	0
NA	0
NA	0
NA	0
NA	0
NA	0
NA	0
NA	7695.61285937
NA	0
NA	0
NA	0
NA	0
NA	0
NA	1626.78501528
NA	0
168455	167284.778663
NA	0
NA	0
NA	0
NA	0
NA	0
NA	507.659309837
NA	700.232726386
NA	0
NA	0
NA	0
NA	0
NA	0
NA	0
3206	1409.99737094
NA	0
101928093	615.214248362
NA	0
NA	0
NA	0
NA	0
NA	0
NA	764.496161194
NA	0
399474	7042.2099335
56100	6422.46664465
NA	5120.07021811
NA	0
647174	1336.1094719
NA	0
NA	0
NA	0
149466	320645.121128
NA	0
NA	506.773342455
NA	363.886121838
NA	0
NA	0
NA	17446.443789
NA	0
NA	0
NA	829.660357791
NA	467.226267461
NA	8379.15684734
NA	3937.37118952
NA	0
NA	1834.53779475
NA	0
NA	0
NA	0
NA	607.49189378
NA	1065.61880817
NA	675.619183869
NA	1190.0865788
NA	0
NA	0
NA	261081.930773
NA	0
NA	0
NA	0
NA	0
NA	0
NA	2264.18031366
NA	1219.06433764
NA	0
NA	0
55000	505612.829263
NA	0
NA	482.360673134
NA	0
NA	0
NA	0
NA	0
NA	6895.59400275
NA	0
NA	0
NA	0
NA	0
NA	0
NA	0
388610	96107.9230255
NA	0
NA	0
NA	855.740054696
NA	0
NA	0
NA	0
NA	0
NA	0
NA	0
NA	352.832472937
NA	0
NA	1816.50391116
NA	0
NA	0
NA	0
NA	0
NA	211.339974692
NA	2765.53452597
NA	0
NA	748.404961925
NA	0
NA	0
NA	3376.52471194
105379391	0
NA	0
NA	0
NA	658.460601421
NA	0
NA	0
NA	0
NA	494.686755071
NA	0
NA	0
NA	0
NA	0
NA	2510.49964173
NA	0
NA	0
NA	0
NA	3416.24853208
NA	0
NA	0
NA	250.005273549
NA	0
NA	0
NA	654.011543304
NA	0
NA	0
NA	0
NA	0
NA	0
NA	0
NA	991.061860843
NA	0
NA	791.948523346
NA	0
NA	559.501204676
NA	0
NA	0
NA	2713.84229184
100750225	1254.34611329
NA	2625.50746136
NA	0
NA	1654.59330614
NA	0
NA	0
NA	0
NA	0
NA	0
NA	5731.20641895
NA	0
NA	0
NA	0
NA	0
100507341	0
NA	0
NA	3226.45694697
NA	0
NA	0
NA	0
NA	0
NA	0
NA	0
NA	0
NA	0
NA	1152.30605249
NA	0
NA	0
NA	0
NA	2199.85700929
NA	19765.6821976
NA	1023.9108788
NA	0
NA	3226.45694697
NA	0
NA	1119.00240935
NA	0
56110	4406.62094797
NA	0
NA	0
NA	0
NA	262.029530073
NA	0
NA	0
NA	0
NA	0
NA	0
NA	1673.66642782
NA	0
NA	0
NA	0
NA	0
NA	0
NA	516.692393642
NA	0
342538	23918.1364408
NA	1475.5138477
NA	0
NA	0
NA	0
NA	879.942803718
NA	0
NA	727.772243676
NA	659.957102788
NA	421.45301194
NA	0
NA	19024.9702735
NA	0
NA	1388.17573989
NA	331.10732637
NA	0
NA	396.695526266
NA	0
NA	0
NA	5166.92393642
NA	0
NA	0
NA	0
NA	216.540734696
NA	0
56108	57670.7691292
NA	0
NA	0
NA	9151.13461514
NA	2998.77237756
NA	0
NA	0
NA	0
NA	9048.70361897
NA	0
NA	0
152138	0
NA	924.044949011
NA	0
NA	0
NA	1704.56634767
NA	762.90607613
NA	0
NA	206.529961043
NA	0
NA	198.891181662
NA	256.974447103
NA	7766.00683746
NA	0
NA	0
NA	0
NA	105027.990082
NA	415.42364124
NA	396.154331824
NA	0
NA	0
NA	32264.5694697
NA	0
NA	0
NA	0
NA	0
NA	0
NA	666.011755107
NA	0
NA	0
NA	0
NA	0
NA	8066.14236741
NA	0
NA	0
NA	869.404566547
NA	0
NA	0
NA	0
NA	0
NA	0
NA	0
NA	0
NA	984.342797379
347051	7802.29658904
NA	0
NA	0
NA	521.330565937
NA	0
NA	8799.42803718
NA	1974.26260777
NA	929.219600726
NA	0
NA	0
NA	0
NA	0
NA	0
NA	0
NA	0
NA	6921.68402924
NA	0
NA	2172.42737077
NA	0
NA	4239.14051426
NA	2216.64981089
NA	0
NA	0
NA	0
143244	34331.5184513
NA	0
NA	0
NA	0
NA	0
NA	0
NA	452.30704864
107986898	943.561739161
NA	0
NA	0
NA	1063.66712537
NA	0
NA	0
NA	0
NA	1827.73328231
NA	409.564351519
NA	0
NA	0
NA	0
NA	0
NA	477.993621773
NA	0
NA	1166.18925794
NA	0
NA	0
NA	0
NA	318.749863037
NA	0
NA	0
NA	0
NA	0
NA	102.24687508
NA	0
NA	0
NA	645.004720628
NA	0
NA	0
NA	0
NA	391.349225373
NA	2108.45512468
NA	0
NA	2155.53327316
NA	0
101930275	3860.71771432
NA	0
NA	0
NA	0
NA	0
NA	28197.1450391
NA	806.614236741
NA	593.826431957
105375679	0
NA	0
NA	0
NA	0
NA	163339.38294
NA	0
NA	0
NA	618.929574196
NA	0
NA	380.080006841
NA	0
NA	1582.4584481
NA	0
NA	0
NA	661.460421929
NA	712.591718348
NA	0
NA	0
NA	0
NA	1038.9306806
NA	1968.68559476
101926977	3733.23973182
NA	80.4157090077
NA	0
NA	996.161664586
NA	2409.8018691
440138	20698.4990766
NA	0
NA	0
NA	0
NA	0
NA	0
100507316	36788.4984273
NA	0
552889	431752.893453
NA	528.927368355
NA	3078.24514375
NA	0
NA	0
NA	0
NA	0
NA	0
5591	287386.34032
NA	530.861289263
56109	8994.10564862
NA	0
100874051	0
NA	0
NA	0
NA	824.946378485
NA	0
NA	111242.694337
NA	2713.84229184
NA	0
NA	613.049525461
NA	1640.57132897
NA	0
NA	0
NA	0
NA	502.389490012
NA	0
NA	0
NA	0
NA	0
NA	0
NA	0
NA	73951.0505671
NA	0
NA	0
NA	0
NA	0
NA	0
NA	722.34110753
NA	0
NA	0
9708	4760.8959453
NA	0
NA	0
NA	849.564438932
NA	0
NA	401.911592009
NA	0
NA	0
NA	0
NA	0
NA	0
NA	0
NA	0
NA	0
105375814	0
NA	0
NA	0
NA	8402.23163272
NA	0
NA	0
NA	0
NA	0
NA	0
NA	0
NA	0
NA	0
NA	0
9724	158294.214403
NA	0
NA	0
NA	0
NA	0
112543493	0
NA	0
NA	0
NA	0
NA	6893.32048016
NA	0
NA	0
NA	0
NA	0
NA	599.961002535
NA	0
NA	0
NA	0
NA	5721.79557097
NA	0
NA	0
NA	448.811630953
NA	0
NA	0
NA	0
NA	0
NA	0
NA	0
NA	1500.67764975
440695	146.954010742
NA	0
NA	3713.31362183
NA	0
NA	0
NA	847.297989407
NA	0
NA	0
NA	0
NA	390.8225104
NA	0
NA	0
NA	0
56106	7693.37318078
NA	1095.77783104
NA	0
NA	0
NA	2353.16957234
NA	476.034631519
NA	25358.0961327
NA	0
NA	0
NA	0
NA	0
NA	0
NA	0
NA	0
NA	493.845451066
NA	0
NA	0
NA	3112.81451239
NA	0
NA	0
NA	0
56105	2746.98346878
NA	0
NA	3977.82363324
NA	0
NA	29898.1976609
NA	0
NA	0
NA	0
NA	240.315413981
NA	1995.74656513
NA	1604.31560899
NA	568.260519035
NA	497.227954156
NA	688.106931817
NA	0
NA	0
NA	591.40758702
NA	0
NA	2566.49984418
NA	0
NA	0
NA	0
NA	0
NA	190.914612246
NA	1131.64896815
NA	0
NA	0
NA	0
NA	0
NA	0
NA	1268.03984815
56103	6576.04561218
NA	0
NA	0
NA	961.526904725
NA	1457.37076651
NA	0
NA	0
NA	1394.84383297
NA	0
NA	8151.04912918
NA	297.826795104
NA	0
NA	0
NA	0
NA	0
NA	59717.3114674
NA	0
NA	0
NA	624.475538122
NA	0
NA	3406.23020794
NA	0
NA	578.448456627
NA	0
NA	0
NA	0
NA	906.025351722
NA	2277.49902139
NA	6244.75538122
NA	601.20315782
NA	0
NA	57312.0641895
NA	0
NA	0
NA	2089.07284336
8641	10890.3433875
NA	26833.8993609
NA	674.408718178
NA	0
NA	808.861073055
137075	102148.823674
NA	1175.63208594
NA	0
NA	0
NA	0
NA	778.501676211
NA	509.440570573
NA	1737.5086027
NA	0
NA	0
NA	0
NA	1834.95181818
NA	1533.36567777
NA	390.8225104
NA	0
NA	0
NA	0
NA	0
NA	2886.49229848
NA	0
NA	0
NA	1404.74628652
NA	201421.703353
NA	0
NA	0
NA	1624.50979148
NA	487.216653065
NA	0
NA	0
NA	7771.75760948
NA	0
NA	0
NA	1879.48948367
NA	0
NA	1561.18884531
NA	0
NA	0
NA	0
NA	0
NA	0
339324	110746.833714
NA	1986.64395822
NA	0
NA	0
NA	0
NA	0
NA	9277.35224367
NA	244.428556588
NA	0
NA	0
NA	2054.58343321
NA	231.195163397
105375787	994.455908311
NA	0
NA	0
NA	3795.83170231
NA	24247.7110678
NA	639.606002702
NA	0
NA	828.476819477
NA	0
NA	1170.89163398
NA	991.061860843
NA	0
NA	0
NA	0
NA	27142.4493906
NA	0
NA	0
NA	0
NA	0
NA	0
NA	0
NA	333.963341261
NA	0
NA	377.11834445
NA	0
NA	4347.02283274
NA	0
NA	0
NA	0
NA	0
NA	0
NA	0
NA	0
NA	1832.05757241
105375851	0
NA	3235.44429222
NA	549.964252324
NA	0
NA	670.626155258
NA	0
NA	15223.8648177
NA	0
NA	0
NA	0
NA	0
NA	0
NA	0
NA	0
NA	0
NA	0
NA	0
NA	0
NA	0
NA	0
NA	0
NA	0
4067	447097.72927
NA	197.403892064
NA	0
NA	0
NA	0
NA	0
54984	38033.5021264
NA	551.007827755
NA	0
NA	1235.66436267
NA	0
NA	2532.39353396
NA	0
NA	202.004261027
NA	0
NA	0
NA	0
NA	0
NA	58274.6066852
NA	0
NA	1820.57131804
NA	0
NA	1595.50068806
NA	0
NA	0
NA	276.115174542
NA	0
56099	117590.906732
105375929	0
NA	812.254895739
927	2293.68977272
NA	0
NA	418.416606955
NA	0
NA	691.383631493
NA	535.758533629
NA	0
NA	0
NA	0
NA	762.155184322
NA	0
NA	0
NA	1093.71421931
NA	0
NA	0
NA	0
NA	0
NA	0
NA	2846.87377673
NA	1888.71794243
NA	0
NA	0
NA	0
NA	0
NA	0
NA	3238.45121071
NA	631.263315711
NA	635.407276208
NA	4101.42832241
NA	0
NA	1923.05380945
NA	5506.59529507
NA	0
NA	0
NA	8498.95976274
NA	0
NA	0
NA	0
NA	0
NA	0
NA	0
NA	0
NA	0
NA	294.205800635
NA	394.539572319
NA	0
NA	0
NA	0
NA	1792.47608165
NA	4005.25689968
NA	0
NA	0
NA	0
NA	154197.421336
NA	987.690902132
NA	0
NA	453.720508167
NA	0
NA	2476.59808296
NA	0
728888	462.180053794
NA	0
NA	620.472489801
NA	0
NA	0
NA	0
NA	850.310762011
NA	0
NA	0
NA	0
NA	774.349667272
56104	14540.3496604
NA	0
NA	2280.48004105
NA	0
NA	77.5383511954
NA	0
NA	964.721346269
NA	0
NA	496.377991841
105375624	1388.55290007
NA	229.007196551
NA	0
NA	0
NA	0
NA	0
NA	0
NA	0
105379301	559.501204676
NA	926.994813174
56112	2084.3600047
NA	0
NA	0
NA	0
NA	0
NA	0
NA	2338.63993471
NA	0
NA	94.3408464025
NA	0
NA	0
NA	0
NA	0
NA	0
NA	0
NA	0
NA	0
NA	109.330242932
NA	0
NA	4683.56653592
NA	14050.6996078
NA	4208.42210474
NA	0
NA	0
NA	63.7219936859
NA	0
NA	206.236594621
NA	0
NA	0
NA	26653.3399967
NA	0
NA	0
NA	0
NA	0
NA	0
NA	0
NA	0
NA	191.797308604
NA	0
NA	0
NA	5854.4581699
NA	0
NA	0
NA	0
NA	0
NA	0
NA	527.0074868
NA	0
NA	0
NA	0
NA	0
NA	0
NA	0
NA	0
NA	0
NA	591.40758702
NA	0
NA	633.328517398
NA	2428.51598159
NA	0
NA	0
442893	0
NA	0
NA	0
NA	0
NA	0
NA	377.608745419
NA	2471.32872533
NA	11258.0917534
NA	13414.3454588
NA	0
NA	0
NA	1897.91585116
NA	0
NA	0
NA	0
NA	10705.2949392
NA	0
NA	0
NA	42475.9624667
NA	0
NA	0
NA	0
NA	0
NA	35163.3393829
NA	0
NA	0
NA	0
NA	4257.78775992
NA	0
NA	0
NA	0
NA	0
NA	511.234375399
NA	1560.68031474
NA	0
NA	0
NA	0
NA	627.851081572
NA	0
NA	3409.56311421
NA	1826.29638507
NA	8720.15391072
NA	0
100130155	0
NA	0
NA	214.937916526
NA	0
NA	0
NA	4510.77476081
NA	0
NA	17107.9599326
NA	0
NA	0
NA	0
NA	27617.7700623
NA	0
NA	0
NA	1595.50068806
NA	0
NA	0
NA	158.418508034
441381	0
NA	0
NA	0
NA	1054.65299719
NA	0
NA	0
NA	3302.6724654
NA	0
NA	0
NA	5782.18090854
100049587	11576.1927924
NA	0
NA	867.672684941
NA	1209.92135511
NA	4026.08145895
NA	1993.46310224
NA	0
NA	491.754657454
NA	0
NA	0
101928812	2314.63215761
NA	11659.662772
NA	0
NA	0
NA	2010.94962068
NA	0
NA	698.591319712
NA	0
NA	0
NA	0
NA	0
59351	115.874351647
NA	634.712842026
NA	0
NA	0
NA	0
NA	0
NA	305.022190364
NA	0
NA	0
NA	0
NA	0
NA	4084.64498401
NA	373.000803117
NA	1029.72030222
NA	0
NA	0
NA	0
NA	992.755983682
NA	0
NA	7003.62639694
NA	0
NA	604.960677556
NA	0
NA	0
390197	15880.2177858
NA	0
NA	0
NA	7237.65609303
91056	174071.744992
NA	959.71098989
NA	459.463805739
NA	26118.9371897
NA	0
NA	2642.83162891
NA	0
NA	0
100506082	6285.30574084
NA	7519.82993615
NA	439.30578703
NA	0
NA	1376.21386363
NA	4930.66798445
NA	0
NA	0
NA	0
105376609	319.451182868
NA	298.746013608
NA	0
NA	0
NA	737.007932048
NA	0
NA	0
NA	328.857446463
NA	6134.81250479
NA	0
NA	7473.04366393
NA	1023.36960432
NA	1846.62082815
29082	23466.356991
NA	489.888022314
NA	5952.17533408
NA	0
NA	5365.00924207
NA	436.663346206
NA	0
NA	360.274348917
NA	0
NA	0
105376633	0
NA	0
NA	0
NA	0
89858	659.65725858
NA	0
NA	0
NA	0
NA	920.383915141
NA	1586.78210506
NA	0
NA	0
NA	77925.0614533
NA	0
NA	6599.57102788
NA	0
132430	50452.5458272
NA	0
NA	0
NA	0
NA	0
NA	0
NA	0
NA	2427.93582966
NA	0
NA	397.782363324
NA	3244.48184611
NA	0
NA	0
NA	1942.34866372
4975	590.205539079
NA	1516.35052338
NA	0
NA	0
NA	5062.68462413
NA	0
NA	169.813523524
NA	0
NA	0
NA	0
NA	2434.5978487
NA	129.750279369
NA	0
NA	0
NA	0
NA	0
NA	0
NA	0
NA	0
NA	0
NA	0
NA	835.228548112
NA	0
NA	0
NA	0
NA	0
NA	3173.56421013
NA	0
NA	0
105369473	0
NA	0
NA	0
NA	0
NA	0
54551	1418.80028612
NA	0
NA	0
NA	0
NA	1651.45663636
NA	0
NA	0
NA	0
NA	654.011543304
NA	0
NA	25397.7660548
NA	0
283106	4921.7139869
NA	0
NA	0
NA	1171.25492645
NA	0
NA	11852.2908256
NA	6414.89967364
NA	777.459505293
NA	0
NA	0
NA	10211.2044036
NA	111534.529231
NA	333.388203475
NA	39236.3106113
NA	9413.34162117
NA	0
NA	0
NA	0
NA	0
NA	0
NA	1225.2368153
NA	0
NA	0
NA	0
NA	0
NA	0
NA	0
NA	0
NA	0
NA	4264.04001802
NA	2158.96747381
NA	0
NA	0
NA	203158.25241
387715	0
NA	0
NA	488.857113177
NA	2223.43893742
NA	0
NA	0
NA	0
NA	0
NA	0
3630	0
NA	1798.82112972
NA	0
NA	0
NA	0
NA	479.968802028
221122	234.367332709
NA	0
388015	0
NA	0
NA	0
NA	0
105376570	0
NA	4668.50683644
NA	0
NA	1536.40806998
NA	0
NA	0
NA	0
105376557	0
NA	0
NA	466.101324602
NA	0
NA	13627.9950467
NA	2887.76809618
NA	472.933428708
NA	0
NA	0
NA	846.509936528
NA	102060.424896
NA	0
NA	0
8790	68496.6003526
NA	0
NA	0
NA	0
NA	0
NA	0
NA	1581.0224604
NA	211.957025713
NA	0
NA	2406.47341348
102724957	0
NA	0
NA	670.626155258
NA	0
NA	0
NA	0
NA	0
100507392	5145.42825903
NA	8787.13833322
NA	0
NA	3040.64005473
NA	0
NA	1638.71966832
100423062	71655.5365649
NA	0
NA	0
NA	600.581437905
NA	0
NA	0
101927702	460.337864976
NA	8376.37861231
NA	0
NA	0
NA	0
NA	0
NA	0
NA	0
92312	36890.3519638
NA	0
NA	0
NA	0
NA	4033.07118371
NA	1001.31422492
NA	0
NA	0
NA	0
NA	518.537723619
390264	0
NA	0
NA	1592.58386779
NA	0
NA	0
NA	0
NA	12183.8234361
105376654	0
NA	0
NA	654.011543304
NA	0
NA	692.482810557
NA	0
NA	0
NA	0
NA	0
NA	0
NA	562.754118657
NA	1290.58277879
NA	439.971401859
NA	21853.7065081
NA	2951.02769539
NA	0
NA	0
NA	0
NA	0
NA	0
NA	0
NA	0
NA	0
1937	4383.51477699
105375861	0
NA	0
NA	0
NA	0
NA	0
NA	661.761907992
NA	8218.33373284
NA	0
NA	0
NA	258.806706976
NA	0
100529251	14347.2928957
NA	0
NA	0
NA	0
NA	0
NA	0
NA	0
NA	0
NA	0
NA	0
NA	404709.925739
NA	0
NA	0
NA	0
NA	0
NA	0
NA	1416.49329379
NA	3521.02648278
NA	0
NA	6690.80933702
NA	88.8559134721
NA	1242.71522922
NA	0
NA	0
NA	1080.82304675
NA	0
NA	300.290718952
NA	0
NA	0
NA	0
NA	0
NA	0
NA	0
NA	0
NA	0
NA	0
5003	58825.8059522
NA	0
NA	0
NA	0
NA	259.26886181
NA	0
NA	0
390167	0
NA	0
NA	0
100287896	62432.5243167
NA	3544.59064925
NA	1817.72222364
NA	0
NA	0
NA	0
NA	0
NA	0
NA	0
NA	2238.0048187
NA	0
NA	0
NA	353.261709522
642799	0
NA	0
NA	2220.88814705
NA	0
NA	0
NA	0
84769	117104.519354
NA	5830.9462897
NA	19741.9181523
NA	0
NA	2579.52776217
NA	0
NA	5279.65682231
NA	556.285680511
NA	4839.68542045
NA	0
NA	244.840746397
NA	0
101927503	1602.45175118
NA	484.978914784
NA	0
NA	3452.24790867
NA	0
NA	0
NA	0
NA	0
NA	0
NA	715.224446372
NA	0
NA	323.724777287
NA	0
NA	0
NA	0
NA	0
NA	0
NA	19990.0049975
NA	0
NA	505.890462068
NA	98.9036530064
NA	0
NA	669.080933702
NA	1081.4939487
729991	48919.3816698
NA	0
NA	0
NA	0
NA	0
NA	1475.88881945
NA	25129.1358369
NA	5185.37723619
NA	14806.9695583
NA	947.409870234
NA	0
NA	0
NA	0
NA	0
NA	0
NA	0
NA	0
NA	0
NA	0
NA	907.441016334
NA	0
NA	0
NA	562.754118657
NA	0
NA	1429.5686165
NA	0
NA	0
NA	0
NA	0
NA	249.254184744
NA	0
NA	500.369543757
NA	0
NA	0
NA	0
NA	0
NA	37593.9849624
NA	0
NA	0
NA	27509.790811
105376569	0
NA	0
NA	319.100137612
NA	0
NA	308.697156513
NA	0
NA	0
NA	0
NA	0
NA	0
NA	0
NA	0
NA	0
NA	3156.31657855
NA	758.175261689
NA	24253.8010773
101928823	1467.49779015
NA	0
NA	836.83321391
NA	1444.68221506
NA	3691.28549017
NA	0
NA	0
NA	6347.12842026
NA	2978.93214996
NA	0
NA	0
NA	0
NA	4617.36771562
10072	232699.18182
NA	0
NA	511.234375399
NA	0
NA	656.228531586
NA	0
NA	0
NA	0
NA	1279.2120054
404734	7677.18214258
3846	1022.4687508
55845	3240116.39973
NA	0
NA	0
NA	0
NA	0
NA	748.404961925
NA	0
NA	0
NA	0
NA	4153.6961996
642623	0
NA	760.160013683
NA	0
390168	0
NA	1555.61317086
NA	0
NA	0
NA	0
NA	0
NA	1056.89217553
NA	0
NA	0
NA	0
NA	16882.6235597
NA	1176.82320254
NA	266.160518081
NA	0
NA	0
NA	7685.85277689
NA	0
NA	0
NA	569.374755347
NA	734.522239191
NA	0
NA	3470.69073976
NA	0
NA	1833.98605406
NA	0
NA	806.614236741
NA	165.459330614
NA	32627.0927221
NA	4524.72880738
NA	0
NA	0
NA	990.21696582
NA	0
112268389	4112.15101084
NA	0
NA	366.642834882
NA	0
NA	246.085699345
NA	0
NA	2880.76513122
NA	0
NA	44780.5550827
NA	502.389490012
NA	0
NA	693.033711759
NA	0
100528017	1316.92120284
84992	0
NA	120.141135799
NA	4537.20508167
NA	0
NA	0
NA	0
NA	0
NA	368.036914102
NA	0
NA	180.09993295
NA	0
NA	0
NA	21260.0466684
NA	0
NA	0
NA	0
NA	0
NA	2332.37851588
NA	0
NA	247.765465211
NA	360.274348917
653166	0
NA	0
NA	0
NA	0
NA	40193.9975597
NA	0
NA	0
NA	0
NA	0
NA	0
NA	0
NA	2933.14267906
NA	0
NA	0
NA	0
57132	716729.836922
NA	0
NA	2612.12406501
NA	1015.31861967
NA	0
NA	0
NA	0
NA	0
NA	2119.57025713
NA	16775.0052422
NA	9367.13307183
NA	0
NA	0
NA	0
NA	0
NA	1212.44728696
NA	0
NA	0
NA	0
NA	0
NA	0
NA	69706.8748887
NA	336.869054788
NA	466.850683644
NA	9552.01069825
NA	0
NA	342.430572201
NA	13292.0937604
NA	0
NA	0
NA	47690.3307854
NA	153.640806998
NA	0
NA	0
NA	0
493861	13289.3001299
100287520	638.902365736
NA	2595.19363125
NA	8968.10716888
109703458	822.221213479
NA	2713.84229184
NA	0
NA	0
NA	5094.40570573
NA	231.379382651
NA	0
NA	0
NA	0
NA	3111.22634172
NA	0
NA	1251.64278115
NA	3959.74261673
NA	0
NA	0
NA	0
NA	0
NA	0
NA	0
NA	0
103312105	0
NA	2719.70794521
NA	0
101928944	0
NA	0
100130274	439.971401859
NA	1127.34805462
105369423	0
NA	0
NA	858.163650467
NA	0
NA	0
NA	0
NA	542.09295313
NA	0
NA	1344.35706124
388112	316.319308526
NA	0
NA	0
NA	23741.853006
NA	73254.0406652
NA	0
NA	6907.96219741
NA	2718.92439351
NA	448.119020412
NA	0
NA	0
NA	0
NA	0
NA	0
NA	0
NA	917.47590909
NA	0
NA	2676.32373481
NA	0
NA	0
NA	0
NA	0
NA	0
NA	508.548380432
NA	222.343893742
440068	1246.27092372
NA	355.423653888
219487	0
NA	9419.00801764
NA	0
NA	0
NA	0
NA	0
NA	817.975000639
NA	0
NA	0
NA	0
NA	1020.67179342
NA	0
NA	374.202480962
NA	3061.24680209
NA	0
NA	0
NA	471.142983061
NA	0
NA	0
100533181	0
NA	0
NA	0
399959	347421.003415
NA	1731.89537909
100133251	0
100131608	0
NA	0
NA	0
NA	0
NA	0
NA	0
646522	0
NA	0
NA	0
NA	0
NA	4089.8750032
NA	0
NA	2323.04900181
399886	0
NA	0
NA	0
NA	573.875741555
NA	0
NA	0
NA	0
NA	0
NA	2517.75542104
730013	35320.2668567
NA	0
NA	0
NA	0
NA	348.701441281
NA	0
NA	54292.2217138
NA	0
NA	0
NA	0
NA	0
NA	0
NA	3754.92834345
NA	732.053256874
NA	0
NA	0
NA	0
NA	0
NA	0
219865	0
NA	869.404566547
NA	0
NA	0
23741	2320900.83857
NA	1478.51896755
NA	0
NA	0
NA	7858.75846351
255725	0
NA	0
NA	0
NA	141970.761586
NA	0
NA	0
NA	0
NA	0
NA	0
NA	0
NA	0
NA	903.488255217
NA	116298.737811
NA	0
102723378	0
NA	0
NA	14273.7265857
NA	21340.345161
NA	0
NA	770.241711477
NA	1302.26769648
NA	394.004240471
NA	0
NA	0
NA	3607.21894692
102723330	0
NA	0
NA	25177.5542104
NA	0
NA	271.511103531
NA	0
NA	0
NA	639.606002702
NA	0
NA	0
NA	726.255419492
79400	1740.75488706
NA	0
NA	869.404566547
NA	0
NA	0
NA	0
NA	0
NA	2565.61636747
NA	1270.81455242
NA	0
NA	0
NA	1138.74951069
100500938	633.328517398
NA	0
NA	0
NA	2245.21488577
NA	0
NA	2625.50746136
NA	0
NA	30192.1764086
NA	2741.43400723
NA	0
NA	0
NA	0
NA	0
NA	0
259291	521.330565937
259289	521.330565937
NA	0
NA	0
NA	0
100133251	0
NA	0
NA	0
NA	1777.84362384
105369413	0
NA	0
NA	0
NA	218.331673103
NA	0
NA	0
NA	12953.8048428
NA	0
NA	0
107987155	0
606553	0
NA	0
NA	0
NA	1340.01442191
8843	135.882604224
NA	416.516077304
NA	0
NA	0
NA	0
NA	0
NA	0
NA	0
56145	14986.1572671
NA	1378.39141722
NA	1192.53028841
NA	0
NA	0
NA	0
NA	0
NA	0
NA	4371.32876686
NA	0
NA	3056.64342344
105369519	2049.74911925
55096	3977.82363324
NA	0
NA	0
NA	0
NA	0
NA	0
NA	0
NA	0
NA	0
NA	503.260182369
101927120	0
NA	10104.837691
NA	8816.12524408
NA	0
NA	119.155160126
NA	427.659978243
NA	2272.15277955
NA	0
NA	0
NA	12367.1688768
NA	0
NA	2147.78938777
NA	0
NA	0
NA	0
NA	1223.51597708
NA	2868.74876733
NA	0
NA	0
NA	0
NA	83173.7624586
NA	729.600817153
NA	0
NA	883.384561751
NA	0
NA	0
NA	0
NA	0
NA	0
NA	0
NA	0
NA	0
NA	26209.7249393
NA	0
NA	0
NA	11443.5911419
NA	0
NA	0
NA	0
NA	0
NA	0
NA	3089.16090667
NA	0
NA	0
NA	0
NA	0
NA	0
387810	140.484337313
NA	0
NA	0
NA	1134.30127042
NA	0
NA	0
105375743	0
NA	0
NA	0
NA	576.153026244
NA	13868.3123731
NA	0
NA	0
NA	0
NA	0
NA	0
59082	0
105369454	0
NA	5328.09404086
NA	6028.67388014
NA	0
NA	0
NA	1141.73443733
NA	13018.8189682
NA	0
NA	0
NA	0
NA	0
NA	0
NA	505.890462068
NA	0
NA	23151.4363331
NA	0
NA	0
100507144	13873.2333304
NA	3072.81613997
NA	0
728734	0
NA	0
100528064	828.87095688
NA	0
NA	0
81488	166569.398118
NA	0
NA	0
NA	225.801808108
NA	0
NA	0
NA	0
NA	0
403312	0
NA	380.080006841
NA	2373.68767215
NA	0
NA	0
NA	0
NA	0
NA	0
NA	1688.46686988
NA	377.11834445
NA	0
NA	312.573869997
NA	0
NA	0
NA	526.052763092
NA	0
NA	0
NA	0
NA	548.924622357
NA	1877.46417173
NA	0
NA	1884.426338
NA	0
91893	12920.3654705
NA	507.659309837
NA	0
NA	0
NA	1728.45907873
NA	12428.7641148
NA	2222.3045298
254559	239.819236251
NA	0
NA	0
NA	1064.96745193
NA	439.971401859
26534	0
NA	0
NA	1155.80053635
401258	341.866170505
101927531	10418.2541112
NA	7274.68372176
NA	0
NA	3998.36317008
NA	0
NA	0
NA	2295.98059896
NA	473.550432529
NA	218.660485864
NA	1089.61022599
NA	0
NA	0
NA	1653.02348326
NA	244.840746397
NA	0
NA	15641.8632789
NA	1273.60142643
NA	866.809329035
NA	0
NA	1360.0989472
NA	2175.13951481
NA	5080.69263519
NA	0
NA	1444.68221506
NA	0
NA	0
NA	0
NA	0
NA	1583.89704669
NA	4228.85133826
NA	3687.37936796
NA	0
NA	0
NA	0
NA	0
NA	8495.19249334
9865	80318.1835734
NA	643.860588086
NA	0
NA	0
NA	754.236688901
NA	0
NA	845.770267651
124538	0
NA	0
23642	103906.345129
NA	0
NA	236.274308565
NA	0
NA	479.968802028
NA	247.132872533
NA	273.299882566
NA	791.229224051
NA	38911.0707804
NA	3062.01538025
NA	0
NA	0
NA	0
NA	1287.15037778
NA	0
NA	0
NA	340.822916933
NA	0
NA	38155.8816424
NA	406.12744787
105379407	0
NA	0
NA	0
NA	0
NA	0
NA	0
NA	105450.056315
NA	0
79549	0
NA	639.606002702
NA	0
NA	0
NA	0
NA	14963.9298515
NA	1489.13397552
NA	560.148775515
100463486	6239.96278308
NA	0
NA	0
NA	0
497189	539.286236282
NA	0
NA	1678.50361403
259295	3995.10599516
NA	432.114769683
NA	0
NA	1004.77898002
NA	0
NA	205.652354977
NA	1547.32393549
NA	0
NA	724.142456925
NA	0
NA	1016.20691243
NA	12200.8876146
NA	0
NA	0
NA	2621.95146932
NA	1110.01959185
NA	0
NA	0
NA	448.291972562
283487	6071.81602629
NA	984.342797379
NA	0
NA	12226.5736938
NA	559.501204676
NA	0
NA	0
NA	6997.13554764
NA	0
NA	0
NA	0
NA	4698.72370917
NA	0
NA	0
NA	0
NA	7039.54242974
NA	398.875172015
NA	0
NA	2765.53452597
NA	0
NA	524.153655644
NA	436.007695536
NA	0
NA	0
NA	0
NA	628.530574084
NA	0
NA	0
NA	0
NA	1159.20608873
NA	0
NA	814.914289692
NA	2233.70096328
NA	1217.53092338
NA	2033.30328386
NA	1498.74129149
NA	277.876674858
NA	0
NA	1004.77898002
1548	376.141353921
NA	0
NA	2332.37851588
102724265	122.214278294
NA	0
NA	0
NA	0
NA	1379.48278018
NA	0
NA	724.142456925
NA	5453.16667093
NA	1305.08370888
NA	0
NA	524.153655644
NA	0
NA	3299.78551394
NA	0
NA	1075.48564899
NA	748.404961925
NA	0
NA	0
NA	0
NA	0
NA	0
NA	621.801124683
NA	204.782175759
NA	0
NA	1343.87847204
NA	426.404001802
NA	889.375574967
NA	2035.38171888
NA	0
NA	3846.1076189
NA	7025.34980388
NA	0
NA	0
1519	474597.180973
NA	0
100463488	759.166340462
NA	0
84334	108339.04138
NA	625.821390575
10597	57824.1307424
161582	12569.3261431
NA	0
NA	62.3536880453
NA	262.076827822
NA	0
NA	0
NA	97143.1441794
NA	249.89769813
NA	1011.78092414
NA	0
NA	0
NA	1918.81800811
NA	0
NA	0
9668	53272.9282371
NA	0
NA	3620.06745608
NA	0
NA	0
NA	519.465340298
NA	341.223413898
NA	1125.50823731
NA	1011.78092414
NA	0
NA	828.87095688
NA	0
NA	3106.83960805
NA	0
NA	1096.96053782
NA	403.307118371
NA	0
NA	0
NA	0
NA	10849.4046788
NA	0
NA	16033.3136628
NA	0
NA	0
NA	682.179620737
NA	0
NA	0
NA	0
NA	0
100507203	0
NA	1625.26749194
NA	2718.92439351
NA	0
NA	391.87736198
NA	0
NA	0
NA	91166.1672224
259293	158.591548458
NA	0
NA	0
NA	0
NA	0
NA	0
NA	0
NA	0
NA	0
NA	475.644758766
NA	0
NA	32264.5694697
NA	4073.48271861
NA	0
NA	0
NA	0
100462983	188.681692805
7556	69804.6668114
NA	472.164431263
90649	659610.164532
NA	0
NA	21602.0293445
85027	446404.945943
NA	0
NA	3429.33342911
NA	5536.92823526
NA	0
NA	1978.74702029
NA	0
NA	597.492027216
NA	0
NA	0
NA	0
NA	6639.81231464
NA	0
NA	73974.1860913
3145	71039.7902309
NA	476.816297581
NA	0
NA	0
NA	285.246684899
NA	2096.61462258
NA	0
NA	1062.88845251
NA	950.511048206
NA	0
NA	0
NA	0
NA	0
NA	0
NA	2810.13992155
7768	15712.5684976
NA	0
NA	1832.05757241
NA	0
NA	1532.35422283
NA	0
NA	4455.97634619
NA	0
NA	0
NA	0
NA	0
NA	1007.10216842
NA	112886.549905
NA	0
NA	10494.6836281
NA	0
NA	0
NA	0
NA	2660.56004789
NA	0
NA	0
NA	1693.18440366
NA	0
NA	1218.38234361
NA	3087.66783711
NA	0
NA	0
NA	0
NA	0
NA	0
NA	0
NA	0
645142	0
NA	1720.49382952
NA	0
NA	0
NA	1015.31861967
NA	0
NA	0
NA	1876308.80916
51802	0
NA	0
NA	0
NA	0
NA	108.189688982
NA	0
NA	322.645694697
NA	225.276280238
NA	0
NA	0
NA	9824.31982187
259290	2844.08545766
NA	0
NA	0
105369728	545.829182757
NA	1585.91548458
NA	844.131177985
NA	0
NA	5513.56566886
373863	0
NA	0
NA	0
27164	117.769822317
NA	4887.19986357
NA	0
NA	0
NA	724.142456925
NA	0
NA	0
NA	0
NA	643.860588086
NA	0
NA	1192.53028841
NA	0
NA	0
NA	115.920608873
NA	0
NA	0
NA	135.882604224
NA	0
NA	0
NA	1225.2368153
NA	0
11232	38997.4651648
NA	273.944457761
100129361	227985.180963
NA	731.438602587
NA	4169.32358856
NA	955.515384096
NA	3171.83096916
NA	0
NA	1873.42661437
NA	4334.04664518
NA	0
NA	0
NA	525.101492273
NA	15891.5043656
NA	1411.32989175
NA	469.872370917
NA	0
NA	0
79290	2671.39949611
NA	52832.1454254
NA	7212.08023439
NA	0
NA	0
NA	0
NA	286.654615229
NA	0
NA	1158.12732741
NA	42132.6400936
NA	2188.15564222
NA	0
NA	991.061860843
NA	0
NA	643.068436772
NA	0
NA	0
NA	3732.62328659
100462977	306835.432387
NA	2954.02975816
NA	0
NA	0
NA	26148.0634091
NA	0
NA	0
NA	4373.20971727
NA	2928.40989539
NA	0
NA	199.987000845
NA	0
NA	0
NA	0
NA	615.866649474
NA	0
NA	314.946990485
NA	1935.87416818
NA	0
387837	158.375306914
NA	0
NA	1428.43842346
NA	0
NA	5909.26180763
NA	0
100288695	231.195163397
NA	0
NA	725.952813067
NA	0
NA	619.14952074
NA	0
NA	2160.97581564
59348	61159.8051811
105369443	0
NA	0
NA	4934.58121301
NA	0
NA	8176.0353152
NA	0
NA	0
NA	0
NA	969.553005766
NA	0
NA	0
NA	0
NA	754.236688901
5222	398.738242673
NA	0
NA	3541.23323447
NA	571.616388242
NA	0
NA	246.085699345
NA	0
NA	0
NA	0
NA	229.368977272
NA	0
NA	5871.67716451
NA	29091.0052595
NA	0
NA	427.659978243
NA	203.063723935
NA	0
NA	42387.8488167
NA	0
NA	0
NA	0
246744	0
NA	0
56242	100824.555064
NA	0
NA	407.838659026
NA	297.826795104
NA	0
NA	686.480201482
100431172	794.476402809
NA	920.383915141
NA	7217.07474979
NA	0
NA	0
388327	59366.0728681
NA	511.234375399
NA	0
84290	857.424582363
NA	0
NA	496.377991841
NA	1770.61661724
NA	0
NA	0
NA	3262.70927221
NA	817.975000639
NA	0
NA	0
NA	6178.32181334
NA	0
NA	0
NA	775.383511954
NA	0
NA	0
NA	0
105369609	893.480385313
NA	0
160728	1251.04362233
NA	0
NA	0
NA	0
101928162	0
100288485	0
NA	119175.788683
NA	224.059510206
NA	2380.1731576
NA	3274.97509654
NA	0
NA	0
NA	0
NA	0
NA	232.863773237
NA	4556.62250713
NA	39823.697174
NA	0
NA	0
NA	0
NA	0
NA	0
NA	8268.80926107
NA	478.913345619
NA	1433.98086532
NA	738.883270297
NA	1486.59279126
NA	1427.32393612
NA	0
NA	0
NA	0
NA	361.058284398
NA	4679.59404522
NA	43713.2876686
NA	82472.190328
NA	0
NA	0
NA	1180.41107816
NA	426.612818649
96626	0
100129128	304.702125107
NA	319.100137612
NA	0
NA	0
NA	0
NA	210.421105237
NA	0
NA	0
NA	0
NA	0
NA	0
NA	0
NA	955.201069825
350383	0
NA	0
NA	0
NA	0
3240	752.143525102
NA	1004.77898002
NA	0
NA	1347.47621915
NA	0
NA	28250.7952773
NA	0
NA	0
NA	7880.54971117
NA	366.642834882
NA	6401.18712925
NA	0
NA	0
NA	0
NA	5377.42824494
NA	0
643037	0
NA	742.662724365
NA	78.9722940514
NA	0
NA	381.077592161
NA	2718.07605517
106780802	0
NA	866.809329035
NA	19297.479841
NA	0
NA	0
NA	0
NA	331034.482759
NA	15319.051155
NA	562.754118657
57189	168875.809369
NA	0
NA	0
NA	0
NA	481.560738353
NA	0
26065	990953.111215
NA	0
283948	7863.051847
NA	0
NA	0
NA	5790.25174929
440153	0
NA	834.428520767
NA	0
NA	1127.6936902
NA	14406.9066883
NA	510.335896708
NA	0
NA	0
NA	42.6404001802
NA	0
NA	0
NA	11926.6634434
283403	0
5726	0
NA	0
NA	0
NA	0
NA	0
NA	0
NA	0
NA	458.737954545
NA	0
NA	0
NA	404.430536528
NA	3979.0085673
NA	0
NA	0
NA	0
NA	257.658496208
NA	6193.69623662
NA	0
NA	13827.6726299
NA	0
NA	0
NA	0
NA	0
NA	0
NA	0
NA	0
NA	0
NA	5632.39251518
NA	0
NA	982.67724273
NA	514.860151111
NA	6710.8692276
NA	7244.4355566
283459	131006.409956
NA	4352.09013662
NA	0
NA	338.045547412
NA	776.420120927
NA	0
NA	936.37768794
NA	0
NA	0
NA	0
NA	0
NA	0
NA	0
NA	581.926102659
NA	0
NA	1116.23716452
NA	3220.49307091
NA	1155.36256722
NA	11413.8245754
NA	0
NA	0
NA	893.480385313
NA	0
NA	0
NA	11344.0313852
NA	0
NA	0
NA	0
NA	123882.345774
NA	0
NA	15661.0045066
NA	0
NA	0
NA	0
NA	328.485435777
NA	484.429903858
NA	256.2940205
NA	537.742824494
NA	0
NA	1174.44337807
NA	0
NA	0
NA	0
NA	0
NA	0
NA	0
NA	0
NA	924.191996266
NA	0
NA	0
NA	38314.1762452
NA	6143.46527278
NA	0
NA	0
100381270	27808.2630511
NA	1648.55464443
NA	0
NA	1820.57131804
NA	0
NA	0
NA	7324.15301017
NA	0
NA	0
NA	622.467578193
8972	350.604126307
NA	1929.44269254
NA	61619.4739231
NA	206.236594621
NA	0
NA	0
NA	0
NA	0
NA	199.849363542
NA	40552.4773985
NA	0
NA	0
NA	0
NA	0
NA	0
2342	53986.7644165
100529261	53986.7644165
NA	0
NA	0
NA	0
NA	1873.42661437
NA	0
NA	1109.03039552
NA	0
NA	0
NA	0
NA	0
NA	2062.69149727
NA	0
NA	0
NA	0
NA	671.401445611
NA	691.383631493
NA	0
NA	3416.24853208
NA	0
NA	0
NA	369.912261435
NA	0
NA	0
NA	0
NA	0
NA	0
NA	0
NA	0
NA	92.4486231222
NA	0
NA	4147.36134421
NA	0
NA	0
NA	0
NA	7848.13851964
NA	1923.05380945
729747	1339.7053067
NA	2903.81125227
NA	0
NA	0
NA	0
NA	0
NA	0
NA	2536.0796963
NA	0
NA	0
NA	0
NA	0
NA	0
NA	1083.51166129
NA	0
NA	639.606002702
NA	0
NA	2460.85699345
NA	7647.0474259
NA	0
NA	0
NA	0
NA	516.692393642
NA	10188.8114115
NA	0
NA	995.213300473
NA	0
NA	0
NA	1121.16264566
NA	0
NA	2195.69848943
NA	0
NA	35539.1824905
NA	2562.940205
NA	256.2940205
NA	0
NA	0
NA	0
NA	0
253970	20555.6531299
NA	0
105370425	0
NA	3003.94267476
NA	8275.10978626
NA	0
NA	399.149313027
100529097	1253.44370602
NA	713.46713815
NA	0
NA	0
NA	482.627908964
NA	0
26628	5243.49478928
NA	5363.23977992
NA	652.541854442
NA	578.448456627
NA	126.417555606
NA	0
NA	0
NA	40214.2085064
NA	4220.13385456
NA	0
NA	0
NA	0
NA	684.861144403
NA	910.285659018
NA	0
NA	270.121976955
NA	3412.23413898
NA	572.743836739
NA	0
NA	317.703638104
NA	2988.48499376
NA	0
NA	0
101927318	4796.63866321
90589	3689.0524076
8693	2742.99636721
105369984	3290.43767962
112935960	3950.76360853
NA	630.920424176
NA	519.465340298
NA	0
NA	8976.23261907
NA	0
NA	0
NA	119.302023511
NA	311.56773093
NA	1384.96562111
NA	0
NA	237.919807642
NA	75328.9948287
NA	0
NA	1175.63208594
NA	0
NA	0
NA	0
NA	0
NA	0
NA	528.927368355
NA	0
NA	0
NA	0
NA	36722.6715744
NA	0
NA	0
NA	0
NA	0
NA	0
NA	0
NA	1048.30731129
NA	0
NA	0
NA	0
NA	0
NA	300.290718952
NA	99137.7970355
NA	0
NA	351.977121487
NA	644.336816332
NA	0
NA	0
NA	1912.19931946
NA	0
NA	0
NA	0
NA	0
NA	3473.45843573
NA	54889.1151343
NA	0
NA	25359.5800342
NA	0
255783	162196.947238
NA	0
NA	442.654154309
NA	4416.44296923
NA	259.965197159
NA	0
NA	0
NA	0
NA	0
10330	181832.02395
NA	0
NA	0
NA	0
NA	414.238409739
NA	1550.07718093
NA	0
NA	0
NA	11296.2909127
NA	0
93432	71.1544046133
NA	367.106353005
NA	0
NA	0
NA	0
NA	0
NA	0
NA	0
NA	0
NA	0
NA	681.112881689
NA	513.948894207
NA	551.007827755
NA	0
NA	1411.32989175
NA	0
NA	0
NA	0
NA	0
NA	61.7700755641
NA	9679.3708409
NA	0
NA	0
NA	0
NA	0
NA	0
NA	0
NA	0
NA	4787.81739863
NA	0
NA	0
NA	11795.8230408
NA	1208.91392684
NA	599.135746685
NA	0
NA	603.70296305
NA	0
NA	0
NA	12277.8596572
NA	1746.65338482
NA	533.29866892
NA	0
NA	0
NA	0
NA	0
NA	2294.20753565
NA	90744.1016334
NA	1795.24652381
NA	893.480385313
NA	0
NA	0
653786	545.62406093
NA	0
NA	0
NA	0
NA	0
NA	0
NA	1063.66712537
NA	0
NA	29491.8330309
NA	6889.53460556
NA	0
NA	0
NA	0
NA	0
NA	898.317479433
NA	0
NA	0
NA	0
NA	0
NA	0
NA	0
NA	244.840746397
NA	1178.0167352
NA	0
NA	287.506064581
NA	1217.53092338
NA	0
NA	640.17002916
NA	714.344711505
NA	459.463805739
NA	0
105369900	0
NA	3093.27430335
NA	248.18899592
NA	1169.31996736
NA	0
NA	0
NA	3738.81277116
NA	601.20315782
NA	16853.4927583
NA	508.548380432
NA	0
NA	778.501676211
NA	0
NA	1076.81505029
NA	0
NA	2138.29989121
1523	193299.016405
NA	0
NA	875.961162072
NA	0
NA	0
NA	0
NA	0
NA	2009.55796005
NA	0
NA	0
NA	0
100134934	3119.98139154
NA	2606.29968451
NA	7955.64726649
NA	1428.10389456
NA	897.623261907
NA	0
NA	1508.4733778
NA	441.308700953
NA	188.804372709
NA	0
NA	0
NA	0
NA	0
NA	278.676703673
NA	0
NA	93.3101302143
NA	0
255411	0
NA	18715.9709619
NA	799.94800338
NA	0
NA	0
NA	0
NA	0
NA	0
NA	0
NA	307.119117109
NA	15236.046694
NA	0
NA	1344.35706124
NA	8447.45091569
NA	889.648055229
NA	0
NA	376.141353921
NA	684.054476388
NA	0
NA	0
NA	0
NA	3467.92745096
NA	579.603044365
NA	613.913583989
NA	0
NA	0
NA	0
NA	435.354010835
NA	8668.09329035
NA	16405.7132897
NA	511.234375399
NA	0
NA	0
NA	0
105369779	100818.394829
NA	3643.93492337
NA	0
NA	0
NA	0
NA	0
NA	0
NA	12829.7993473
NA	0
NA	0
NA	0
NA	0
NA	0
NA	1263.90043624
NA	4805.36141037
130075	531.346981202
NA	0
NA	1063.66712537
NA	0
NA	802.157804494
NA	1138.74951069
NA	0
NA	0
105370414	0
NA	3592.34381724
NA	649.622204087
NA	2598.04172605
643246	19720.2801512
NA	0
NA	0
NA	0
NA	0
NA	290.381125227
NA	0
NA	0
NA	2440.17752291
NA	0
NA	0
NA	0
NA	0
NA	0
NA	3345.40466851
NA	0
NA	0
NA	8086.25743566
NA	2789.03186402
NA	5067.73342455
NA	0
NA	0
NA	0
NA	1694.1722592
NA	628.530574084
NA	0
NA	0
NA	531.833562687
NA	0
NA	159.637781873
NA	7542.36688901
NA	0
NA	590.205539079
NA	0
NA	0
NA	2599.20291111
NA	0
NA	0
NA	686.480201482
NA	2356.0334704
NA	0
NA	0
NA	553.106905194
NA	0
NA	0
NA	6832.49706416
NA	0
NA	0
NA	0
NA	0
NA	0
NA	0
NA	0
NA	157800.164826
NA	0
NA	0
NA	1209.92135511
NA	0
NA	0
NA	1227.82716798
NA	0
NA	0
NA	0
NA	425.778775992
NA	0
136541	0
NA	0
NA	0
23601	40016.1928443
NA	3618.45638912
NA	167.947440848
NA	0
NA	0
NA	0
NA	0
NA	0
NA	0
NA	0
NA	5750.12129162
NA	0
NA	0
NA	0
NA	0
NA	1387.17098038
NA	535.758533629
NA	0
NA	0
NA	0
NA	766.177111417
NA	0
NA	595.959210317
NA	0
NA	0
NA	1112.57136102
NA	2981.32572101
NA	0
NA	5185.37723619
NA	827.296653068
NA	0
91612	261042.099621
NA	854.06213302
NA	0
NA	0
NA	1512.40169389
NA	9138.41848245
NA	10522.2850754
NA	1863.80696551
NA	744.566987761
NA	0
NA	11251.2344817
NA	0
NA	0
NA	0
124944	11270.5002942
NA	0
NA	1570.84070834
NA	0
NA	0
NA	0
NA	6486.83196959
NA	347.345843573
NA	0
NA	2021.37605175
NA	0
NA	0
NA	0
NA	0
NA	0
NA	1536.40806998
NA	0
NA	0
NA	0
NA	11075.8969821
NA	0
NA	930.708734701
NA	3350.55144493
NA	0
NA	3409.56311421
NA	0
NA	0
NA	9367.13307183
51750	3439.04251728
NA	0
NA	0
NA	0
NA	1649.89275697
NA	0
NA	24658.5939127
NA	0
NA	3996.07053064
NA	0
NA	0
NA	0
NA	0
NA	1250.29547999
NA	0
NA	0
NA	0
NA	1896.53855373
NA	147.326801231
NA	0
NA	0
NA	0
NA	0
NA	130.979307725
NA	0
NA	694.691687146
NA	0
NA	2558.42401081
147660	4443.16647308
NA	0
NA	0
NA	0
NA	507.659309837
NA	0
NA	0
NA	1164.63018139
NA	0
NA	0
NA	0
NA	0
NA	0
NA	0
NA	0
NA	261.840509673
NA	0
NA	10647.307925
NA	0
NA	0
NA	8849.7104831
NA	0
64146	49901.4196202
NA	0
NA	0
NA	0
NA	526.052763092
493901	0
NA	0
NA	0
NA	4821.82680266
NA	1319.91420558
283624	17123.0864744
NA	929.715448965
NA	0
NA	0
NA	958.353548603
NA	568.260519035
NA	0
NA	2896.5698277
NA	1269.42568405
NA	1063.66712537
79334	0
NA	558.425240821
NA	0
NA	0
NA	15293.6707541
NA	2317.99156567
NA	0
NA	0
NA	5036.58910993
NA	0
NA	0
NA	0
NA	808.01704411
NA	0
NA	0
NA	0
NA	14321.5180809
NA	1246.27092372
NA	6948.21213253
NA	0
NA	527.965682231
NA	1293.04572302
NA	8728.89153989
NA	0
NA	370.3840883
NA	0
NA	0
NA	0
246777	51383.5618317
NA	317.009962038
NA	0
NA	0
NA	549.443945557
NA	0
NA	0
NA	0
NA	0
NA	0
NA	0
64150	725.305219122
NA	0
NA	2697.0383148
NA	1576.25460015
NA	0
NA	0
NA	0
NA	0
NA	0
NA	0
NA	942.795861126
NA	0
NA	0
NA	16359.5000128
NA	0
NA	9719.87030048
NA	0
NA	0
NA	0
NA	1004.77898002
NA	3156.31657855
NA	2852.46684899
NA	126.1429736
NA	1200.91449639
NA	1098.54145735
NA	0
NA	1104.11074231
102724338	0
NA	6985.11297797
NA	145.627444948
NA	0
NA	0
NA	955.201069825
NA	2291.14271804
NA	0
NA	0
NA	0
NA	0
NA	6983.11323191
NA	0
NA	0
NA	0
NA	0
NA	111.299779696
NA	0
NA	0
NA	0
NA	140.416404849
NA	859.115755109
NA	0
NA	1350.60988478
NA	4673.28804315
NA	0
NA	1777.5138439
NA	552.055371154
NA	0
NA	0
NA	0
NA	0
NA	0
NA	10531.9579098
NA	1613.22847348
NA	0
NA	2474.83913546
NA	4093.99370914
NA	0
NA	0
NA	0
NA	0
NA	312.910695288
NA	5946.37116506
NA	768.882061501
NA	1775.07340124
NA	0
NA	494.686755071
NA	0
445372	85.6328885954
NA	708.438635685
NA	7140.51947279
NA	0
NA	2223.01339887
NA	0
NA	725.952813067
390502	1759.88560744
NA	0
NA	0
NA	0
NA	0
NA	1999.18158504
NA	2527.80087249
NA	489.681492794
NA	1075.48564899
NA	7445.66987761
NA	0
NA	0
NA	0
NA	6012.0315782
NA	0
NA	0
NA	0
NA	0
NA	0
NA	0
NA	6928.83379066
NA	0
NA	0
NA	17515.0519978
NA	0
NA	0
NA	392.672245067
NA	0
NA	0
NA	0
NA	0
NA	58544.581699
NA	1643.66674657
NA	0
NA	0
NA	0
NA	4306.49973853
NA	0
NA	0
100529063	2251.01647463
100529257	2275.06579594
NA	10438.5371814
NA	9501.22291131
NA	175.245096697
NA	524.153655644
NA	0
NA	1749.28388691
NA	0
NA	471.525507811
NA	0
NA	63324.455339
NA	0
NA	306.632655995
NA	4366.63346206
53840	3454.34795809
NA	0
NA	2222.58802317
NA	0
NA	0
NA	0
NA	0
105370526	3813.63579097
NA	0
NA	0
NA	0
NA	0
NA	1504.56541568
NA	6449.41827427
NA	0
NA	264.704763197
NA	0
NA	0
NA	147.326801231
NA	0
NA	0
NA	14115.749143
NA	0
NA	506.331517396
NA	0
NA	0
NA	482.360673134
NA	0
NA	0
NA	0
NA	0
NA	0
NA	1119.00240935
NA	0
NA	0
NA	0
NA	215.256579116
NA	15337.8433897
NA	0
NA	0
NA	3915.71425075
NA	0
NA	0
NA	0
NA	38335.1381536
NA	214.8848978
NA	123.199459154
NA	0
128653	0
NA	0
NA	0
NA	0
NA	0
NA	0
NA	141.718460335
NA	0
54984	165.648103381
NA	322.825041942
NA	0
NA	6446.94450087
NA	0
NA	0
NA	0
NA	0
NA	768.204034992
NA	925.960220749
NA	32653.2992223
NA	564.943823399
NA	401.63364485
NA	1091.65836551
NA	19066.1201731
NA	0
NA	0
NA	14702.8417836
NA	0
NA	0
NA	10816.4889053
NA	0
NA	0
NA	0
NA	0
NA	0
NA	0
NA	0
NA	0
NA	0
105369203	0
NA	0
NA	0
NA	958.353548603
NA	259.732670149
NA	0
NA	0
NA	0
NA	0
NA	0
NA	0
NA	0
NA	12664.8336153
NA	99154.5305653
NA	0
NA	0
NA	0
NA	0
NA	0
NA	0
100750246	3562.95859174
NA	236.659433763
NA	0
NA	508.994084534
NA	0
NA	0
NA	229.550296622
NA	0
NA	0
NA	0
NA	2419.84271022
NA	25883.5543378
NA	376.433919143
NA	117.945217395
105370616	517.613413952
NA	0
NA	9671.69489257
NA	0
NA	0
NA	0
NA	0
NA	0
NA	0
NA	0
NA	0
NA	0
NA	354.123323447
NA	617.832181334
NA	0
NA	0
NA	3950.76360853
NA	446.19103446
NA	0
NA	9001.81488203
NA	0
NA	0
NA	0
283092	0
6038	7112.28167414
NA	623.804780294
NA	332.243850374
NA	0
NA	0
NA	85530.4405214
NA	0
NA	0
NA	307.607124181
NA	0
NA	2205.0773629
NA	0
NA	0
NA	0
NA	0
NA	540.746974352
4157	22068.1307889
NA	5418.30710513
NA	0
NA	0
NA	81927.7804963
NA	0
NA	12152.5140513
NA	751.309508996
NA	0
NA	0
NA	0
NA	37807.3074436
NA	0
NA	0
NA	0
NA	0
NA	2318.41217746
NA	405.560230764
NA	0
NA	0
NA	0
NA	687.292604087
NA	0
NA	0
NA	0
NA	0
NA	0
NA	0
NA	888.015673477
NA	0
503835	0
NA	0
NA	2121.78275218
NA	500.65711246
NA	0
NA	494.686755071
NA	195.718574631
NA	0
NA	1512.40169389
NA	0
NA	0
NA	0
NA	425.778775992
90799	72956.092844
NA	293.833670859
NA	0
NA	1567.93264161
NA	0
NA	1116.85048164
NA	832.0376081
NA	0
NA	0
NA	14026.2423412
NA	0
NA	0
NA	0
NA	3268.83067798
NA	0
NA	0
NA	0
NA	0
NA	0
NA	0
NA	0
145195	0
NA	1231.17375929
NA	0
NA	0
NA	0
NA	4848.66442865
NA	45296.2200911
NA	0
NA	2503.2855623
NA	0
NA	0
NA	6583.82026171
NA	4896.81492794
NA	0
NA	0
NA	0
NA	0
NA	0
NA	0
NA	0
NA	0
NA	1823.11135476
NA	6837.52465582
NA	0
NA	329.978551394
NA	5232.09234643
NA	1354.81084865
10381	22286.5874892
NA	962.323530164
NA	2419.84271022
NA	714.637715899
NA	278.409516037
NA	0
NA	1277.33632798
NA	1140.98673959
NA	491.338621365
NA	0
NA	3278.49657514
NA	7259.52813067
NA	0
NA	0
NA	403.307118371
NA	0
NA	0
NA	0
NA	0
NA	0
NA	0
NA	0
NA	0
NA	312.237769061
NA	0
NA	8099.89191707
NA	0
NA	0
NA	0
NA	0
NA	737.007932048
NA	3509.13746498
NA	320.863121798
NA	90.8861111821
NA	0
388021	0
NA	525.101492273
NA	688.106931817
NA	0
NA	269.870934226
NA	0
728403	0
7258	0
728137	0
100289087	0
NA	0
NA	0
NA	0
NA	834.428520767
NA	0
NA	299.980501267
NA	244.758197258
NA	3185.99980656
NA	0
NA	0
NA	923.799974211
NA	45849.6513516
NA	0
NA	0
NA	73.2360971568
NA	0
NA	414.238409739
NA	0
NA	0
NA	0
NA	10047.7898002
NA	0
NA	0
NA	0
NA	0
NA	41483.0178896
NA	0
NA	3902.97211326
NA	694.691687146
100533496	1593.95515946
NA	170.912963641
NA	0
NA	0
NA	0
100526835	992.968156365
NA	2100.40596909
NA	10724.3029203
NA	0
NA	0
NA	0
NA	0
NA	26019.8140884
NA	410.142832241
NA	439.704914032
NA	0
NA	6989.48003828
NA	0
NA	0
NA	3304.47937669
NA	0
NA	0
NA	0
NA	0
NA	0
NA	18312.3232125
NA	33830.810706
NA	0
NA	2256.84812352
NA	0
NA	2508.69222658
NA	0
NA	0
NA	0
NA	117.706171555
NA	0
NA	1551.1812245
NA	849.067617622
NA	62043.6415819
NA	631.263315711
NA	497.227954156
NA	0
NA	0
NA	896.238040824
NA	0
NA	278.142840256
NA	0
NA	564.943823399
100528030	422.372545785
NA	0
NA	0
NA	544.124531968
NA	1462.87720517
NA	0
NA	3652.59277015
NA	0
NA	2191.55566209
NA	79.0798271315
NA	0
NA	0
NA	12963.4430905
NA	0
NA	0
NA	351.977121487
NA	861.66506002
NA	356.733569075
NA	287.221686673
NA	0
NA	235.126417188
NA	0
NA	0
NA	175.669162267
NA	683.651854566
NA	471.780869581
NA	0
NA	532958.702693
NA	2280.48004105
NA	0
NA	0
NA	0
NA	0
NA	0
NA	0
100532726	0
NA	1735.34536988
NA	0
NA	3642.77397238
NA	0
NA	632.638617052
NA	0
100130933	267.385934831
NA	2889.36443012
NA	0
NA	0
NA	1837.85522295
NA	0
NA	1083.51166129
NA	190.851873301
NA	0
NA	0
NA	0
NA	9419.52195926
NA	0
NA	0
NA	9468.94973566
NA	4747.37534431
NA	0
NA	0
NA	0
NA	276.027685577
NA	15518.8268364
NA	0
NA	0
NA	0
NA	417.814568672
NA	0
100506411	25955.8547689
NA	0
NA	1106.21381039
NA	0
NA	0
NA	765.672050697
NA	0
NA	0
NA	585.44581699
NA	844.131177985
NA	0
NA	874.641943454
NA	0
NA	994.455908311
NA	0
NA	3221.34370299
NA	0
NA	2326.15053586
NA	784.813851964
NA	0
NA	345.691815746
NA	0
NA	0
NA	0
NA	0
NA	1227.82716798
NA	2286.46555297
NA	0
NA	0
NA	0
NA	0
NA	0
NA	0
NA	0
NA	0
NA	0
NA	836.83321391
NA	0
NA	0
NA	457.293110593
NA	0
NA	0
NA	0
NA	0
NA	7764.20120927
3690	323952.725503
NA	0
NA	2908.94468406
NA	5974.92027216
NA	1225.2368153
NA	0
NA	0
NA	2970.65089746
NA	1777.84362384
NA	0
NA	0
105371022	970.768492192
NA	0
NA	0
NA	383.594617209
643664	171.11439318
NA	3677.21196161
NA	0
NA	305.022190364
NA	0
NA	905.74274868
NA	0
NA	0
NA	0
NA	349.435770429
NA	646.009177368
NA	0
NA	2889.36443012
NA	0
NA	517.613413952
NA	0
NA	0
NA	4131.43877355
NA	0
NA	0
NA	0
NA	3926.23486096
NA	24644.8925469
NA	3156.31657855
NA	0
NA	0
NA	0
NA	0
NA	0
NA	1087.5697574
NA	3368.69054788
NA	0
NA	8130.67150635
NA	0
NA	0
NA	0
NA	472.164431263
NA	0
NA	0
NA	0
NA	0
NA	669.080933702
NA	273.789482582
NA	2556.171877
NA	0
NA	1011.78092414
NA	0
NA	0
NA	0
NA	0
NA	0
NA	0
NA	0
NA	3100.15436185
NA	69.4525532712
NA	403.868046213
NA	0
NA	23314.5424459
NA	130.157384683
NA	0
NA	353.661222547
NA	0
NA	6094.95615169
NA	396.424744337
NA	0
NA	0
NA	0
NA	0
NA	0
100533106	3990.84007184
NA	0
NA	0
NA	718.765161453
NA	0
NA	0
NA	359.827912301
NA	2770.81226362
NA	0
NA	0
NA	6913.83631493
NA	3505.4632018
NA	0
NA	4276.02727911
NA	0
NA	0
NA	545.57280456
NA	0
100505573	430194.259595
NA	0
100528021	1670.77747541
NA	0
NA	0
NA	328.485435777
NA	649.13813389
NA	5758.26593934
NA	2925.75441035
NA	0
NA	0
NA	1470.28417836
NA	40629.4578507
NA	1506.79605381
NA	89.5685148757
NA	0
NA	286.089778549
NA	4044.30536528
NA	0
NA	30880.0823469
NA	0
NA	64529.1389393
NA	1419.77390101
NA	326.087731866
NA	0
NA	0
NA	0
NA	0
NA	0
NA	837.491446643
NA	24742.0013749
NA	994.455908311
NA	0
NA	28406.849207
NA	5279.65682231
NA	0
NA	6753.04942388
105370854	68.0447862277
NA	341.624853208
NA	0
NA	0
NA	7688.29863126
NA	0
NA	653.031016252
NA	0
NA	97.3779762666
NA	1663.39433436
NA	0
2688	0
NA	0
NA	156.793264161
NA	869.404566547
NA	0
NA	2532.39353396
NA	0
NA	2745.19971328
NA	0
NA	610.044380729
NA	1988.91181662
NA	0
100527943	948.957925578
NA	552.055371154
NA	0
NA	323.004588684
NA	6501.06996777
NA	4217.15327093
NA	2409.8018691
NA	0
NA	0
NA	1077.48098414
NA	0
NA	0
NA	0
NA	2377.38932934
100996492	210684.360669
NA	0
NA	3318.64143116
NA	237.239481394
NA	0
NA	0
NA	0
NA	7824.64109893
NA	0
NA	3717.9040316
NA	0
NA	0
NA	6574.66698627
NA	878.61157406
79178	67026.4656709
NA	0
NA	0
NA	0
NA	0
NA	1039.72781411
NA	0
112543478	1007.10216842
NA	0
NA	738.883270297
NA	661.460421929
NA	532.321036163
NA	0
NA	0
NA	0
NA	0
NA	7637.58877504
NA	332.243850374
NA	612.618407652
NA	389.250838106
NA	0
NA	29445.3352441
NA	0
NA	0
NA	4817.98279524
NA	625.821390575
NA	411.304709953
NA	579.140656615
NA	0
NA	0
NA	0
NA	678.46057296
NA	0
NA	750.338824876
NA	0
NA	2004.01052607
NA	348.596788988
NA	0
NA	0
NA	1481.5363532
NA	0
NA	311.902390147
NA	0
NA	89348.0385313
NA	0
NA	0
NA	561.665619394
NA	0
NA	1048.08474073
NA	0
NA	1617.72214611
NA	0
26589	42527.8327058
NA	50779.6533978
NA	0
NA	432.887783582
NA	886.659924357
NA	1862.6114511
NA	1876.45315171
NA	0
NA	0
NA	0
NA	0
NA	0
NA	0
100505679	0
NA	601.20315782
NA	0
NA	0
NA	2805.61473649
NA	3514.85533329
NA	0
NA	113.07676216
NA	6961.19135818
NA	798.298626053
NA	815.677318053
NA	133.477878753
NA	7604.74345873
NA	0
NA	0
NA	0
NA	1028.86184428
101928850	313.925540786
NA	929.517046181
NA	1230.42849672
NA	0
NA	0
NA	0
NA	750.662107437
NA	0
NA	0
NA	1378.39141722
NA	0
NA	0
NA	0
NA	3062.01538025
NA	0
NA	850.310762011
NA	0
NA	0
NA	0
NA	0
NA	0
NA	0
NA	0
NA	1952.61083246
NA	958.353548603
NA	0
NA	0
NA	646.72856398
NA	6685.03309875
NA	583.09462897
NA	0
NA	240.580882541
NA	0
NA	746.481041714
414899	0
NA	0
NA	0
NA	603.70296305
NA	10667.6272149
NA	0
NA	0
NA	0
NA	0
NA	11714.4329082
NA	5377.42824494
NA	243.608326533
NA	0
NA	0
NA	0
NA	0
NA	0
NA	295.70379351
NA	1701.45190563
NA	0
NA	0
NA	1858.43920145
NA	0
NA	0
NA	0
NA	0
NA	0
NA	0
NA	10163.3393829
NA	0
NA	0
NA	0
NA	0
NA	54919.9084668
NA	344.461595761
NA	0
NA	292.575441035
NA	1161.52450091
NA	2933.14267906
NA	0
NA	0
NA	1104.11074231
NA	0
NA	128243.404793
NA	0
NA	0
NA	0
NA	1882.53565787
NA	5721.79557097
NA	1781.47929587
NA	322.645694697
NA	0
NA	2526.62259365
NA	0
NA	0
NA	0
NA	13546.0766445
NA	215.736348608
NA	0
NA	0
NA	598.72396954
NA	855.068095485
NA	390.297211326
NA	0
NA	0
NA	0
NA	596.265144203
NA	0
NA	390.8225104
NA	4625.54004786
100128108	10618.719066
NA	3112.81451239
NA	114.016540237
NA	0
NA	0
NA	0
NA	2354.44155589
NA	213.515533255
NA	6437.58630748
NA	0
NA	0
NA	0
NA	441.308700953
NA	10913.0161441
NA	1448.28491385
NA	0
NA	0
NA	0
NA	0
NA	2496.1128243
NA	0
NA	742.662724365
NA	2394.89587816
NA	0
NA	0
NA	916.993027032
NA	8088.61073055
NA	0
NA	0
NA	0
NA	0
NA	0
NA	0
NA	618.490149578
NA	0
NA	1416.49329379
NA	5507.75579988
NA	0
NA	0
NA	0
105370969	26004.2798711
NA	448.349652949
NA	5724.79567352
NA	2739.44457761
NA	0
NA	377.608745419
NA	0
NA	0
NA	1829.17244237
NA	0
NA	0
NA	2486.13977078
NA	0
NA	0
NA	501.233242624
NA	0
NA	0
NA	0
NA	0
NA	0
NA	237.045816512
NA	5614.03508772
NA	0
NA	0
NA	458.737954545
NA	0
NA	0
NA	7282.28527215
NA	79.2092540171
NA	10718.7663674
NA	0
NA	0
NA	0
NA	1923.05380945
NA	7517.95793468
NA	0
NA	1481.5363532
NA	230.644261499
NA	0
NA	0
NA	403.307118371
NA	0
NA	0
NA	0
NA	1466.57133953
NA	0
NA	2351.26417188
NA	0
NA	0
NA	5116.84802162
NA	21109.9041883
NA	0
NA	0
NA	1296.34430905
283710	2229.41362938
NA	0
NA	0
NA	38494.3278399
NA	0
NA	0
NA	474.091633023
NA	390171.542874
NA	0
NA	0
NA	487.216653065
NA	0
NA	0
NA	0
NA	3134.41461309
NA	0
NA	3006.0157891
NA	127.081455242
NA	678.46057296
NA	7214.43789384
NA	0
NA	8379.47753152
146429	491422.770164
107984813	323.004588684
NA	770.241711477
NA	6778.78758271
NA	1040.04701012
NA	0
NA	0
NA	0
NA	0
NA	80.8635826307
NA	0
NA	6640.73259355
NA	0
NA	0
646627	0
NA	6109.18213324
NA	0
NA	0
NA	255.542204658
NA	2963.0727064
NA	0
NA	2919.66083968
NA	0
NA	0
NA	2623.92583036
NA	1953.23626834
NA	0
NA	0
NA	0
NA	439.971401859
NA	1092.11455372
NA	4769.03307854
NA	978.812781664
NA	162.769689029
NA	0
NA	0
NA	0
NA	0
NA	45356.6443478
NA	0
NA	0
NA	2534.49859924
NA	0
NA	40317.764578
NA	0
NA	194.234866372
NA	0
NA	8099.47353422
NA	0
NA	0
NA	524.153655644
NA	0
NA	1031.54929033
NA	44335.7182602
NA	0
NA	0
NA	0
NA	753.258431198
NA	1269.42568405
NA	10200.742104
NA	0
NA	0
NA	18612.5060096
NA	0
NA	0
NA	0
NA	416.01880405
NA	0
NA	3551.22730757
NA	1862.57291166
NA	0
NA	0
NA	0
NA	0
NA	0
NA	0
NA	527.0074868
100509620	278.142840256
NA	35881.4893592
NA	6772.73761462
NA	200.124827861
NA	297.065089746
NA	0
NA	0
NA	0
NA	1529.66352183
NA	0
NA	0
107984893	0
NA	2143.03413452
NA	466.101324602
105371049	1680.93270754
NA	0
NA	537.742824494
NA	0
NA	0
NA	1894.53877669
NA	117.80167352
NA	92145.6004127
NA	0
NA	0
NA	0
NA	0
NA	0
NA	1313.94174311
NA	0
NA	26720.3475447
NA	666.266444115
NA	0
29890	307827.604517
NA	12391.7976626
NA	0
NA	0
NA	0
NA	0
NA	0
NA	0
NA	0
NA	13024.2298777
NA	686.480201482
NA	15941.4569809
NA	0
NA	461600.49031
NA	0
NA	0
NA	0
NA	0
NA	605.591502037
NA	0
NA	1897.91585116
NA	15649.2821979
NA	615.866649474
NA	0
NA	0
NA	0
NA	0
NA	0
NA	11916.2880763
NA	0
NA	0
NA	1416.49329379
NA	0
NA	1360.0989472
NA	8996.64659569
100507588	26816.1988996
NA	0
NA	0
NA	1611.08036633
NA	0
NA	0
NA	0
NA	0
NA	0
NA	0
NA	0
NA	1419.95660258
NA	1608.75969655
NA	17835.309035
NA	0
NA	0
NA	6026.77807075
NA	0
NA	34115.8152589
NA	0
3217	7031.48012657
NA	0
NA	0
NA	3897.73322452
647979	3063387.61889
NA	619.14952074
NA	436.116833883
NA	0
NA	401.63364485
NA	3240.86077262
NA	811.120461528
NA	0
NA	0
NA	536.088231188
NA	2433.36138458
NA	2832.98658758
NA	7132.16798803
NA	0
NA	0
NA	51386.816925
NA	0
NA	0
NA	2788.7743119
NA	0
NA	7114.33756806
NA	0
NA	1728.45907873
NA	0
NA	0
NA	0
101927026	0
NA	44.6053955802
NA	0
NA	3948.07784129
NA	82385.4846382
643802	0
NA	25459.0821355
NA	0
NA	10399.3240439
NA	1592.58386779
NA	3174.39022892
NA	0
101929224	4734.47486783
NA	345.691815746
NA	0
NA	6445.75194732
NA	0
NA	231.072513443
NA	0
NA	8777.26323104
NA	0
729597	2919.26619093
NA	602.450467276
NA	1979.52523752
NA	0
NA	428.92337552
NA	0
90586	0
NA	0
NA	0
NA	543.784878702
NA	0
NA	730.824979598
NA	0
NA	0
NA	2230.5812692
NA	0
NA	5351.19688765
NA	0
NA	486.400544769
NA	0
NA	0
NA	1857.84469115
NA	0
NA	0
NA	0
NA	0
NA	191.670709721
NA	14418.1293559
NA	0
NA	180.810165147
NA	0
NA	0
NA	486.400544769
NA	0
NA	0
NA	0
NA	0
NA	0
NA	955.201069825
NA	0
NA	0
NA	0
NA	0
NA	764.16085586
NA	20649.3244606
NA	0
NA	477.600534913
NA	64.8751396843
NA	0
NA	0
NA	1204.90093455
NA	821.833373284
NA	0
NA	0
NA	738.883270297
NA	3451.78157773
NA	1522.97792951
NA	0
NA	1304.66487586
NA	0
NA	0
NA	0
NA	2860.89778549
NA	327.005771652
NA	0
NA	0
NA	1770.61661724
NA	0
NA	6747.98716794
NA	0
NA	18029.2131168
NA	0
NA	0
NA	0
NA	0
NA	0
NA	507.659309837
NA	0
NA	0
NA	114.82053192
NA	0
NA	1450.86929093
NA	0
NA	0
101928707	78449.7394766
399693	50881.5814937
NA	0
NA	0
NA	905.74274868
NA	1752.8035728
23732	2444.34520442
NA	25377.8462383
NA	0
NA	11064.9862342
NA	0
NA	0
NA	4862.47828742
NA	0
100527963	23069.0069694
NA	0
NA	222.173775996
NA	0
NA	118484.382645
NA	0
NA	0
NA	220.194218182
NA	0
NA	786.940718772
NA	3093.27430335
NA	241.984271022
NA	0
NA	0
NA	53552.2206542
NA	0
NA	12887.927888
100507303	441515.161164
NA	6787.70019059
NA	0
NA	0
NA	60156.3996114
NA	156.877971489
NA	64966.299332
NA	0
NA	7160.08253984
NA	202.921820564
NA	149.373006804
NA	2997.05289798
NA	20712.4998414
NA	0
NA	6484.665552
NA	251.630091184
NA	0
NA	27521.6153503
NA	71.6282992666
NA	927.735224367
NA	0
NA	1428.10389456
NA	14937.1536235
101928603	0
101060321	281.240799251
NA	1166.65779521
NA	0
NA	12427.1522922
NA	0
NA	827.296653068
NA	11795.9489072
NA	1341.87211288
NA	456.215436334
NA	69.8199387417
NA	1254.34611329
NA	0
NA	3488.06156429
NA	0
NA	0
NA	0
NA	0
NA	0
4360	114856.405053
NA	0
NA	23005.2636606
NA	103996.961128
NA	0
94086	2719.49024666
NA	1764.16236468
NA	0
NA	12834.5248719
NA	16209.1574327
NA	3191.00137612
NA	0
NA	0
NA	1717.34787355
NA	0
NA	4123.49878872
NA	0
NA	0
NA	2660.56004789
NA	0
NA	0
NA	0
NA	0
NA	0
NA	0
NA	1350.60988478
NA	1163.85220532
NA	1881.51916994
NA	0
NA	924.044949011
NA	3345.40466851
NA	0
NA	0
NA	3179.3553857
NA	2357.62753905
NA	254.274190216
NA	583.680653722
NA	0
NA	0
NA	919.986283841
NA	0
NA	0
NA	0
NA	1910.40213965
NA	436.007695536
NA	300.913083137
NA	0
NA	0
NA	0
NA	1058.06887734
NA	390.8225104
NA	0
NA	0
NA	0
NA	0
NA	1823.42935778
NA	0
NA	2165.8688083
NA	0
NA	7212.08023439
NA	244676.985017
NA	0
NA	535.758533629
NA	20680.1574962
NA	0
NA	624.475538122
NA	1268.83138364
NA	286.089778549
NA	42.2004251165
NA	0
NA	0
NA	147.776654059
NA	84.0466353768
NA	56678.6688277
NA	0
NA	583.09462897
NA	0
NA	132.352381598
NA	3337.71408307
NA	0
NA	0
642658	985668.063708
NA	1035.84230164
NA	0
NA	0
NA	0
NA	1432.21270149
NA	0
NA	0
NA	1185.22908256
NA	7969.29331669
NA	6007.88534952
NA	0
NA	0
NA	463.12779143
NA	4226.43761032
NA	0
NA	0
NA	0
NA	0
NA	299.36198477
100506581	3718.77735304
NA	0
100134444	0
NA	29398.0891242
NA	317.703638104
NA	65056.0728628
NA	9208.00850096
NA	0
NA	0
NA	722.34110753
NA	4049.13919639
NA	0
NA	0
NA	1745.77830798
NA	0
NA	0
NA	672.178530618
NA	0
NA	0
NA	0
NA	0
NA	0
NA	0
NA	1048.30731129
NA	0
NA	549.964252324
NA	0
NA	15464.083592
NA	316.319308526
NA	565.677516676
NA	0
NA	754.796834975
NA	209.964660323
NA	0
NA	362.071228462
NA	4017.13019089
NA	0
NA	0
NA	0
NA	883.288593846
NA	0
NA	0
NA	0
NA	0
NA	0
NA	3312.69210656
NA	1284.87223552
NA	1341.25231052
NA	659.957102788
NA	0
NA	0
NA	0
NA	8414.77720451
NA	629.02567497
NA	0
NA	0
NA	0
NA	1897.91585116
NA	0
NA	0
NA	10559.3136446
NA	0
NA	0
8471	0
NA	190761.323142
NA	0
NA	0
NA	11443.5911419
NA	190.789175576
NA	0
NA	31589.5784766
NA	0
NA	15772.4300675
NA	0
NA	539.741868451
NA	0
NA	0
NA	6997.13554764
NA	4910.2347706
NA	0
NA	0
NA	0
NA	0
NA	15882.9152918
NA	457.149126617
NA	0
NA	0
105378231	370.620453385
NA	0
NA	9905.2807528
NA	0
NA	0
NA	416.01880405
NA	7710.68524614
NA	3580.80770993
NA	0
NA	0
NA	4995.80430498
NA	0
NA	0
100288687	0
NA	0
NA	0
NA	346.207004741
NA	0
NA	0
NA	2227.9881731
NA	14889.2305003
NA	0
NA	5517.9311207
NA	0
NA	0
NA	0
NA	0
NA	14179.9700217
NA	0
NA	0
NA	4316.15215036
NA	118.281517404
NA	0
NA	4231.41894684
NA	0
NA	0
NA	8866.59924357
NA	518.537723619
NA	3129.38796832
NA	0
NA	9858.0846563
NA	0
NA	1641.41437692
NA	1578.15828928
NA	1372.96040296
NA	0
NA	0
NA	1491.24360396
NA	0
NA	11269.6426349
NA	143.327307614
NA	2462.01613475
NA	2554.67265595
NA	14344.5949712
NA	0
NA	0
NA	1046.41846929
NA	606.22364348
NA	460.337864976
NA	394.539572319
NA	1785.86177876
NA	0
105376731	0
NA	2004.16420785
NA	0
NA	0
NA	3669.07558951
NA	6007.88534952
NA	0
NA	859.115755109
NA	237.919807642
NA	0
NA	0
NA	0
NA	0
NA	504.133897963
NA	0
NA	4855.87165931
NA	0
NA	0
NA	0
NA	0
NA	0
NA	73595.2163109
NA	0
NA	1243.60224937
NA	0
84210	74.7057178356
NA	2485.43045843
NA	0
NA	217.269828078
NA	587.02383806
NA	1003.04361046
NA	0
NA	0
NA	0
NA	13002.1399355
NA	7259.52813067
NA	3722.29873905
NA	0
NA	0
NA	701.403684123
NA	0
NA	243.608326533
NA	636.103231603
NA	0
NA	0
NA	0
NA	0
NA	540.746974352
NA	464.716021168
NA	205.216342917
NA	403.868046213
102723796	0
NA	223.542051753
NA	0
NA	0
NA	0
NA	18588.4111304
NA	0
NA	1599.26662202
NA	1297.99992119
NA	0
NA	0
NA	6569.70871554
NA	2783.88984362
NA	10492.2867514
NA	0
NA	0
NA	164.335667927
NA	0
NA	0
NA	0
NA	0
NA	0
NA	233.801228041
NA	440.639036763
NA	0
NA	1161.52450091
NA	2922.96169093
NA	91.4586221187
NA	106.133452203
NA	10667.061743
NA	0
NA	0
NA	139.606310205
NA	790.798271315
NA	251.194745006
NA	0
NA	0
NA	0
NA	199.574656513
NA	152.191365423
NA	11401.644579
NA	0
NA	1075.48564899
NA	0
NA	516.692393642
NA	0
401613	427.210566748
NA	1126.96426349
NA	78314.3504821
NA	10092.235
NA	2688.71412247
NA	43129.5909428
NA	796.291933894
NA	191.291913852
NA	2059.44060445
403257	0
NA	0
NA	0
NA	3519.77121487
NA	474.478962789
NA	0
NA	3454.17674735
NA	0
NA	0
NA	1035.2268279
NA	4154.89686334
NA	0
NA	0
NA	0
NA	0
NA	264.303208641
NA	92.5665046946
NA	1631.35463611
NA	0
NA	0
NA	0
NA	0
NA	0
NA	1722.30797881
NA	7129.07343635
NA	5052.41884552
NA	0
NA	7359.89027073
NA	0
NA	0
NA	0
NA	325.174832281
NA	0
NA	0
NA	0
NA	0
NA	0
NA	0
NA	0
NA	462.390326794
NA	0
NA	1944.51646357
105371050	4294.60139698
NA	241.080220197
NA	2348.09535224
NA	0
NA	0
NA	0
NA	0
NA	0
NA	13019.0368035
NA	0
NA	0
NA	0
NA	7575.15978853
NA	0
NA	0
NA	0
100996425	572.066834568
NA	0
NA	370.148024508
NA	3288.57446463
NA	0
NA	0
343702	37.0195213191
NA	0
NA	0
NA	133.202351021
NA	0
NA	747.441763776
NA	6467.2856398
NA	140831.151319
NA	0
NA	226.15352432
9236	88799.1427315
NA	18709.9474125
NA	41.4830178896
NA	0
NA	41855.6705615
NA	0
NA	1336.1094719
NA	828.608156957
NA	5023.89490012
105370791	0
101927556	3522.82127658
NA	1710.63991297
NA	0
NA	0
NA	0
NA	0
NA	0
NA	0
NA	4069.03487579
NA	6896.55172414
NA	93172.0063516
103752587	910.285659018
NA	0
NA	164.615150355
NA	4880.35504583
NA	318.749863037
NA	0
NA	517.613413952
NA	5750.12129162
NA	0
NA	0
105371200	0
NA	0
NA	0
105371264	0
NA	0
NA	21751.6078549
NA	0
NA	0
NA	0
NA	644.813749579
NA	0
NA	871.49197247
NA	0
NA	0
NA	0
NA	513.040857291
NA	0
NA	0
NA	0
NA	0
NA	0
NA	451.135875547
NA	7783.41160402
NA	0
NA	0
NA	264473.515541
NA	0
NA	0
NA	2036.11360731
NA	4102.71605501
NA	0
NA	8557.40054696
NA	0
NA	111.964960566
NA	0
101927957	672.178530618
NA	0
NA	0
NA	0
NA	0
101927629	0
NA	0
NA	0
NA	849.067617622
NA	0
NA	0
NA	0
NA	174.333275101
NA	0
NA	0
NA	0
NA	490.508657478
NA	0
NA	0
NA	0
NA	0
NA	51777.5168143
NA	19552.5052473
NA	466.850683644
NA	0
NA	419.625903507
NA	0
NA	0
NA	0
NA	724.142456925
NA	1033.38478728
NA	21068.2248375
6818	113.3858357
NA	1296.34430905
NA	113.341578933
NA	0
NA	555.222036763
NA	0
NA	0
NA	0
NA	45422.7458455
NA	513.040857291
NA	18847.6197892
NA	0
NA	0
NA	1146.88802516
NA	29081.0895022
NA	13156.4263857
NA	0
NA	0
NA	0
NA	0
NA	204.926693879
NA	0
NA	0
NA	1105.04445118
NA	0
NA	0
NA	0
NA	491.893492761
NA	0
NA	17577.0521819
NA	564.394801218
112268176	0
NA	0
NA	0
NA	8253.16586284
NA	0
NA	231.656262646
NA	207.415089448
NA	16763.5480505
NA	59758.3108317
NA	0
NA	1026.08171458
NA	887.201726938
NA	226722.531164
NA	0
NA	0
NA	0
NA	2077.1182062
100507421	37578.413259
NA	94340.065516
NA	1071.51706726
NA	5001.78014745
NA	0
107986266	0
NA	0
NA	1461.6499592
NA	576.153026244
NA	1534.55222451
NA	0
NA	0
255027	0
NA	7236.91277824
NA	0
NA	2763.71927521
NA	632.638617052
NA	9793.62985588
NA	309.080495186
NA	0
NA	0
NA	0
NA	756.594906792
83481	50737.7594135
NA	0
NA	0
NA	0
NA	0
NA	626.496494556
NA	1074.15952612
NA	0
NA	0
NA	29681.9174937
NA	0
107984827	1746.65338482
NA	4270.3106651
NA	4502.03294925
NA	0
NA	149.257838719
NA	0
NA	0
NA	0
NA	0
NA	408502.260912
NA	0
NA	2623.13572924
NA	1023.36960432
NA	33725.3669063
NA	34662.6117951
388276	0
NA	0
NA	439.971401859
NA	1038.9306806
NA	0
NA	1168.5357152
NA	0
NA	0
NA	0
NA	628.530574084
NA	0
NA	595.450017553
NA	0
NA	670.626155258
NA	0
NA	0
NA	4111.59115365
NA	893.938815475
NA	0
728276	0
NA	523.996015447
NA	205.944060445
NA	622.753638661
NA	1512.40169389
NA	2262.7100667
NA	750.726797381
NA	0
NA	18389.3790644
100507290	153419.840444
101928343	80.6166366538
NA	0
NA	0
NA	5363.5688938
NA	96.1845396578
NA	3262.70927221
NA	0
NA	0
NA	0
23246	222005.591165
NA	1192.53028841
NA	0
NA	0
112267895	491.754657454
NA	0
NA	487.216653065
NA	0
NA	872.015391072
653125	422.474963958
653075	422.474963958
NA	0
NA	0
NA	0
NA	2491.91273541
100287036	854.06213302
NA	0
NA	0
102723786	0
NA	0
NA	0
NA	0
NA	0
NA	662.970605541
NA	0
NA	16593.2071558
NA	1449.48980978
100507679	48.2440812804
NA	0
NA	0
NA	0
NA	0
NA	681.645833866
NA	516.386114808
NA	0
NA	0
NA	0
NA	0
NA	193.716561192
NA	0
NA	0
NA	0
NA	569.374755347
NA	288.936443012
NA	0
NA	0
NA	0
NA	0
NA	0
105371286	967.131141472
NA	0
NA	0
NA	3816.23939964
NA	0
401720	2522.47272808
NA	0
NA	0
NA	857.846751039
NA	0
NA	133.385909613
107985280	0
NA	502.389490012
NA	680.049473599
NA	0
NA	4814.72020457
NA	0
NA	16375.2765328
NA	10212.4748753
NA	598.312758022
NA	1763.44812891
NA	0
NA	1325.94121108
NA	0
NA	2198.57578797
NA	485.316643833
NA	30484.3466425
NA	0
NA	959.937604056
NA	3480.90938758
NA	0
NA	437.320971727
NA	0
NA	11387.4951069
NA	0
NA	9911.53287213
NA	0
NA	412.473189243
NA	265.188242216
NA	1661.10046608
NA	0
NA	0
NA	0
NA	0
NA	3328.88415163
NA	1050.20298455
NA	0
NA	0
5175	312649.042421
100128881	26338.0484376
NA	230.095978785
NA	0
NA	719.86167581
NA	0
NA	0
NA	0
NA	0
NA	245.254328739
NA	4331.35301768
NA	0
NA	385.632304418
NA	607.49189378
101927227	0
NA	2135.15533255
NA	0
NA	0
NA	0
NA	4963.77991841
NA	0
NA	0
NA	0
NA	0
NA	164.149872938
NA	0
NA	0
100529145	3501.26036061
NA	58.122723224
NA	0
NA	0
NA	6086.90398133
NA	0
NA	0
NA	709.978301288
NA	0
NA	2889.8969337
NA	0
NA	142.030386514
NA	0
NA	0
NA	1891.73371483
NA	0
NA	0
NA	536.748845151
NA	514.860151111
NA	0
NA	0
NA	12503.8139127
NA	21588.7928069
NA	304.862073729
NA	0
NA	3665.76713542
NA	752.770253342
NA	1382.76726299
NA	0
NA	0
NA	1805.47849882
NA	906.025351722
NA	0
NA	437.980581036
NA	0
NA	80661.4236741
347688	1753.3915646
NA	398.328018144
NA	1814.88203267
NA	766.682838883
NA	5073.36781686
NA	15838.9704669
NA	0
NA	834.428520767
NA	0
NA	104.604151739
NA	2576.45048479
NA	12530.5175989
NA	0
NA	119.302023511
NA	0
NA	68553.2277818
NA	0
NA	1022.4687508
NA	0
653720	0
NA	0
NA	0
NA	18484.6608213
NA	0
NA	2672.21894381
112806053	18289.363592
NA	0
NA	3474.64594289
NA	0
NA	468.356653592
NA	0
NA	2486.13977078
NA	0
NA	303.666536185
NA	2110.32794496
NA	8085.90792011
NA	0
102724127	0
102723713	0
729355	0
102723655	0
102724101	0
NA	0
NA	24639.5046547
NA	747.441763776
NA	0
NA	0
NA	0
NA	0
NA	0
NA	0
NA	0
NA	0
NA	14530.2333639
NA	402.189924137
NA	3999.7400169
NA	1630.33694762
NA	0
NA	7991.43610045
NA	362.523252468
NA	0
NA	0
NA	0
NA	595.043289399
NA	0
NA	6079.05958362
NA	0
NA	0
NA	137.948278018
NA	2721.10826852
NA	1198.27149337
NA	0
NA	2988.60420889
NA	485.587165931
NA	0
107984138	3463.26112656
NA	31567.7105178
NA	0
NA	15293.5366426
NA	1553.87893098
NA	0
NA	0
NA	0
NA	0
NA	920.383915141
NA	68948.241791
NA	0
NA	861.66506002
NA	7966.08525789
NA	0
NA	0
NA	6038.17084593
NA	0
NA	0
NA	9291.08662378
340393	0
NA	6726.97587398
NA	0
NA	1698.13523524
NA	0
100507050	3846.79614515
NA	0
NA	5961.93131504
NA	48.2922210588
NA	18698.784579
NA	0
100287362	2661.33414159
NA	814.044003439
NA	0
NA	0
NA	0
8139	13853.7016125
NA	977.714226353
NA	631.778352411
NA	6452.91389393
NA	290.236007223
NA	3996.07053064
NA	137.036868913
NA	976.253316041
NA	0
NA	96.9876837765
NA	15505.7882403
101927228	79.0582970942
NA	0
NA	226.15352432
NA	0
NA	0
NA	0
NA	530.861289263
NA	0
NA	2611.3410542
NA	180.735140183
NA	801.051379936
NA	0
NA	0
NA	526.052763092
NA	0
NA	0
NA	7322.65446224
NA	0
NA	262.907311206
NA	193.072556667
NA	0
728310	0
NA	0
NA	0
145788	27901.3892567
NA	0
NA	1261.47188904
NA	2662.68989001
NA	2240.16297186
NA	5719.38063193
NA	10686.6150147
NA	9980.36600616
NA	0
NA	0
101928108	0
NA	151.122105244
NA	2006.08722091
NA	252.670111139
NA	1141.73443733
NA	0
NA	0
83482	76.8407317351
NA	1197.44793908
NA	0
NA	0
NA	98.9036530064
NA	0
NA	545.829182757
NA	0
NA	0
NA	0
NA	85.9878961288
NA	0
NA	0
NA	119.794193575
3250	0
NA	0
NA	824.946378485
NA	1481.5363532
NA	704.808556376
NA	3629.76406534
NA	0
NA	0
NA	0
NA	0
NA	72.1981912548
NA	1246.27092372
NA	0
NA	12443.9890201
NA	0
NA	0
NA	0
NA	0
NA	926.255582861
NA	0
NA	0
NA	258.922091152
NA	322.287597366
NA	227.393206912
NA	0
NA	54.5214279435
NA	0
NA	0
NA	11784.4577355
NA	0
653061	267.078524007
107282092	16496.1708567
NA	0
NA	834.029081552
NA	0
NA	1188.46299547
NA	0
NA	0
NA	0
NA	0
NA	0
NA	0
NA	4318.3264905
NA	4603.60320482
NA	184.310457142
NA	0
NA	1005.27590336
NA	0
NA	674.050894213
NA	0
NA	1589.26339061
NA	0
NA	4270.3106651
NA	3089.16090667
NA	189.832943055
NA	2199.85700929
NA	0
NA	804.379848274
NA	0
NA	4621.45026886
NA	0
NA	0
NA	0
NA	117.515631415
NA	0
NA	14751.9822976
NA	19427.5116345
100129654	0
NA	0
NA	0
NA	0
NA	0
728498	2905.34037878
NA	0
100534599	238.604047023
NA	0
NA	971.174331862
NA	99755.5348177
NA	0
100287616	61502.1857268
NA	0
NA	0
NA	0
NA	0
NA	0
NA	0
NA	0
NA	0
NA	4347.02283274
NA	0
NA	0
NA	0
NA	0
NA	12519.0600781
NA	0
NA	58.7102962448
NA	0
NA	0
148189	16930.9929763
NA	0
NA	0
NA	0
NA	337.456275685
NA	0
NA	0
NA	410.722949401
NA	0
NA	718.257200208
730183	7841.30216205
NA	262.076827822
NA	0
NA	0
NA	0
8190	668.054735951
NA	0
NA	2644.63684177
NA	218.825263924
NA	0
NA	0
NA	13392.0062319
NA	0
NA	1430.19727464
NA	735.142089182
NA	13447.6198806
NA	9317.04145113
NA	1209.92135511
NA	0
NA	0
NA	0
NA	1134.30127042
NA	138.046648551
56107	3363.0157691
NA	0
NA	0
100507003	154.787380185
NA	161.862388644
NA	0
NA	0
NA	3956.14612026
NA	11417.0970439
NA	0
NA	0
NA	0
NA	3633.89348976
NA	1820.57131804
NA	0
NA	21428.3138767
NA	708.246646895
NA	590.205539079
NA	0
NA	0
NA	476.034631519
NA	0
NA	0
NA	1520.32002737
NA	0
NA	16891.1630759
NA	15076.2209486
NA	992.755983682
100506388	508.548380432
NA	0
NA	367.106353005
NA	57.83332508
NA	0
NA	0
NA	0
NA	51642.1243115
NA	0
NA	331.864143116
NA	0
NA	746.481041714
NA	1054.97229874
NA	1578.15828928
NA	0
NA	0
NA	0
NA	0
NA	1082.16568408
NA	0
400500	218.660485864
NA	0
NA	0
NA	2616.04617321
NA	0
NA	0
NA	2452.54328739
NA	659.208002785
NA	1849.56130718
NA	8218.33373284
NA	391.349225373
NA	2575.74294085
NA	1733.61865807
NA	3252.26860254
NA	0
NA	0
NA	14984.0794156
NA	0
NA	655.487867329
101929726	1377.84638305
10896	2627.88348622
NA	0
NA	11040.3153781
NA	0
NA	154.704914878
NA	35242.8374207
NA	455.857339446
56102	13856.7406825
NA	0
NA	0
100130370	1346.85123018
NA	13702.1946568
NA	827.296653068
NA	0
NA	0
79585	12945.4567371
NA	844.131177985
NA	0
NA	0
NA	0
NA	0
NA	0
NA	0
NA	5434.94084649
NA	0
NA	2644.63684177
NA	0
NA	667.09177417
NA	589.606345638
NA	0
NA	395.614612026
NA	0
NA	0
NA	1071.51706726
NA	14291.0082572
NA	0
NA	0
NA	0
NA	0
NA	9552.01069825
NA	0
NA	2408.8931957
NA	8596.80962843
NA	1731.89537909
NA	0
NA	0
NA	0
NA	0
4321	2014.38347276
NA	0
NA	5879.99163232
NA	869.404566547
NA	0
NA	3913.49225373
NA	0
NA	597.492027216
NA	0
NA	1567.50944792
NA	0
102723849	0
NA	36841.3057557
NA	932.202649203
NA	0
NA	0
NA	340.689626782
NA	1138.74951069
643669	3571.38564612
NA	750.338824876
NA	675.304942388
NA	0
NA	2850.86658708
NA	605.381081084
NA	2419.84271022
NA	0
NA	0
NA	0
NA	4683.56653592
NA	639.606002702
NA	0
NA	409.853387758
NA	699.713554764
NA	0
NA	11274.2671726
110806279	0
NA	2544.41292641
NA	0
NA	0
NA	0
56111	24658.9251011
NA	9581.10311662
NA	5947.56521549
NA	330.541975216
NA	23467.7463549
NA	610.044380729
NA	13322.4985236
NA	0
NA	0
8386	0
653166	0
NA	0
NA	4467.40192657
NA	0
NA	0
NA	977.714226353
10418	69664.1507796
NA	0
NA	0
NA	576.153026244
124641	0
NA	0
NA	3750.3097354
NA	172.333012004
NA	17935.3047934
NA	20826.7374089
NA	5987.2396954
NA	1777.84362384
NA	155.367108201
NA	795.564726649
NA	0
NA	2830.806249
NA	271.130835879
NA	0
NA	2121.29068753
NA	0
NA	409.894711956
NA	0
NA	9625.89365393
NA	0
NA	3977.82363324
NA	10393.9552654
NA	1260.69953065
NA	0
NA	0
NA	4570.16298783
NA	0
NA	0
6182	216373.484362
NA	0
NA	0
NA	1919.42197978
NA	0
NA	90.630813117
NA	2094.09465308
NA	0
NA	0
NA	0
NA	987.690902132
NA	6211.36096742
147646	1204.06824558
NA	20595.7219809
NA	35820.6107284
NA	0
NA	0
NA	1710.80788625
NA	0
NA	1149.26566712
NA	0
NA	0
NA	19978.2214156
NA	12293.0224638
NA	0
NA	981.017314956
92002	215352.01368
NA	1344.35706124
NA	0
NA	7291.62153532
NA	430.83253001
NA	240.580882541
NA	536.748845151
NA	0
NA	193.072556667
NA	0
NA	0
NA	0
NA	6670.31681226
NA	0
NA	0
NA	0
NA	0
NA	127.416026866
2969	215268.168903
10780	34054.2931888
NA	71321.6798803
NA	9990.4281269
NA	9615.26904725
NA	1178.0167352
NA	0
NA	951.722551727
NA	0
NA	2752.42772727
NA	0
NA	0
NA	51783.541519
NA	0
NA	1940.18569194
NA	0
NA	4957.54871088
NA	0
NA	29073.5680935
NA	1792.47608165
NA	0
NA	949.622927628
NA	0
NA	0
NA	10957.7783104
NA	5444.646098
NA	0
NA	493.007003781
NA	0
NA	3864.81149521
NA	45497.2397626
NA	0
NA	8733.26692412
100820829	3855.11841379
NA	0
NA	6414.04091867
NA	0
NA	0
NA	0
NA	1004.77898002
NA	305.664342344
NA	3549.10264166
NA	0
NA	0
NA	586.628535812
100131303	0
NA	0
NA	0
NA	548.924622357
NA	0
NA	1002.46648525
NA	2268.60254083
NA	1926.88205194
NA	0
NA	2175.13951481
NA	0
NA	0
NA	0
NA	0
NA	0
NA	0
NA	1304.66487586
NA	229823.010222
NA	0
NA	16631.7362746
NA	1537.42488538
NA	0
NA	0
NA	3047.47807584
NA	109554.730275
NA	1822.47568134
NA	0
NA	0
NA	3616.84675549
NA	0
NA	0
NA	7542.36688901
NA	0
NA	1744.03078214
NA	14245.1118036
NA	3866.02089799
NA	10824.9207015
NA	0
NA	10073.0294636
NA	0
NA	0
NA	2074.15089448
NA	5412.29001638
653505	2199.85700929
NA	0
NA	0
NA	0
NA	0
NA	0
NA	943.81730843
NA	0
NA	0
NA	2150.97129798
NA	0
NA	0
NA	0
105372035	0
NA	0
NA	0
NA	0
NA	525.101492273
NA	0
NA	0
NA	0
NA	8564.99988776
NA	0
NA	0
NA	0
NA	0
NA	0
NA	2673.13003107
NA	0
NA	0
NA	617.832181334
NA	0
NA	971.174331862
NA	0
NA	0
NA	34219.9979224
NA	0
NA	0
NA	3584.95216329
NA	0
NA	0
NA	579.603044365
NA	0
NA	0
NA	0
NA	0
NA	0
NA	666.011755107
653598	1451.90562613
10929	402770.443556
NA	0
NA	0
NA	0
NA	0
NA	0
NA	317.529934638
NA	429.557877555
NA	0
NA	2313.79382651
NA	0
NA	0
NA	205.652354977
NA	0
NA	2169.96764776
NA	0
NA	1500.67764975
NA	0
NA	0
NA	0
554282	0
NA	0
NA	0
NA	0
NA	0
NA	0
9641	143084.131344
NA	0
NA	1048.30731129
NA	0
NA	7836.37219503
NA	0
100847020	0
NA	0
NA	0
NA	0
NA	0
NA	0
NA	52324.0452378
NA	0
NA	0
NA	0
NA	0
100134391	0
NA	0
NA	0
NA	0
NA	0
NA	0
NA	0
NA	0
NA	55.3845365682
NA	0
NA	0
NA	0
NA	55436.3966342
NA	0
NA	0
NA	1299.24440817
NA	0
NA	1082.70367348
NA	1152.30605249
NA	0
105372041	0
NA	5519.3878079
NA	0
NA	0
NA	0
NA	634.019924076
NA	0
NA	0
NA	2358.9043479
NA	5363.23977992
NA	0
NA	0
NA	0
NA	0
NA	0
NA	0
4477	4721.64431263
NA	0
NA	0
NA	0
NA	0
NA	590.205539079
NA	2569.74447103
NA	17081.2426604
NA	0
NA	0
NA	0
NA	2150.97129798
NA	0
NA	0
NA	0
NA	0
NA	0
NA	24198.4271022
NA	4760.34631519
NA	0
NA	0
NA	3977.82363324
NA	0
NA	0
NA	0
NA	0
NA	0
NA	0
NA	0
NA	0
NA	0
NA	0
NA	0
NA	0
NA	0
NA	4208.42210474
104909134	0
1394	0
NA	0
NA	0
NA	3015.82771007
NA	0
NA	0
NA	0
NA	0
NA	0
NA	0
NA	0
NA	23711.2104492
NA	0
NA	0
NA	0
NA	14765.1419607
NA	0
NA	3871.74833636
NA	0
NA	460.19195757
NA	0
NA	0
NA	0
NA	0
NA	0
NA	78750.3833297
NA	0
NA	0
2658	0
100422982	0
NA	0
NA	0
NA	0
NA	7949.24175339
NA	0
NA	0
NA	4594.63805739
NA	0
NA	0
NA	0
NA	422.679949384
NA	0
NA	0
NA	0
NA	0
100847014	0
NA	0
NA	0
NA	0
NA	1034.72380223
NA	0
NA	0
NA	0
NA	0
NA	2227.81011922
NA	0
NA	15234.9136497
NA	2056.86630369
NA	0
NA	441.308700953
NA	0
NA	11027.1313377
NA	0
NA	961.526904725
NA	9078.0011448
NA	1559.51195074
NA	3202.73299883
NA	3541.23323447
NA	0
NA	0
NA	0
NA	0
NA	0
NA	645.291389393
NA	0
NA	0
NA	0
NA	0
NA	3929.04693753
NA	0
NA	0
NA	1001.31422492
NA	566.045078415
NA	1498.91711755
NA	0
NA	159.989600676
NA	0
NA	0
NA	326.637936138
NA	0
NA	0
NA	0
NA	0
NA	0
NA	0
NA	2819.2342255
NA	0
NA	601.20315782
NA	0
100500910	0
NA	0
NA	834.428520767
NA	0
NA	0
NA	0
NA	0
NA	0
NA	0
NA	4133.53914914
NA	0
NA	0
NA	785.875846351
NA	0
NA	997.873282567
200030	35693.3920533
NA	3806.49415091
440712	37307.8926704
NA	0
NA	0
NA	0
NA	3897.73322452
NA	0
NA	18054.7849882
NA	0
NA	0
NA	0
NA	0
NA	0
NA	0
NA	0
NA	9484.81062299
NA	0
NA	0
NA	0
NA	974.43330613
NA	9520.69263039
NA	0
NA	1975.38180426
NA	0
NA	0
NA	0
NA	0
NA	0
NA	0
NA	0
NA	0
NA	0
NA	0
NA	0
NA	8640.45856148
NA	1955.42845271
NA	0
NA	0
NA	0
NA	158.418508034
NA	0
NA	0
NA	0
NA	0
NA	0
NA	0
NA	0
NA	0
NA	0
NA	958.353548603
NA	0
NA	7169.90432659
NA	0
NA	0
NA	3675.71044591
NA	2999.80501267
NA	0
100422851	0
NA	0
NA	0
NA	0
NA	3171.08873103
NA	0
NA	30436.5485365
NA	0
NA	0
NA	0
NA	0
NA	1814.88203267
NA	0
NA	515.774645163
NA	0
NA	0
NA	0
NA	0
NA	0
NA	0
NA	0
NA	0
NA	0
NA	0
NA	38363.3600401
NA	0
NA	0
NA	16337.6854696
NA	0
NA	0
NA	0
NA	0
NA	0
NA	0
NA	0
NA	0
NA	0
NA	0
NA	0
100500901	0
NA	0
NA	59475.6521549
NA	0
NA	0
NA	0
100422928	0
NA	0
NA	0
NA	0
NA	0
NA	0
NA	0
NA	967.93708409
NA	0
NA	0
NA	0
100422943	79556.4726649
NA	13664.9941283
NA	175.810973901
NA	1116.85048164
NA	0
NA	2744.29887988
NA	6049.60677556
NA	0
NA	0
NA	0
NA	0
NA	0
NA	0
NA	4506.39961555
NA	235.316957234
NA	0
NA	0
NA	0
NA	0
NA	879.942803718
NA	0
100151683	4572.93110593
728113	364.038184572
107985128	0
NA	0
104968399	1912.19931946
NA	441.308700953
NA	0
NA	0
NA	0
NA	0
NA	51371.5405933
NA	0
NA	0
NA	0
NA	0
NA	0
NA	0
NA	0
NA	0
NA	7955.64726649
NA	3722.83493881
NA	2643.83422058
NA	455.857339446
NA	0
NA	0
NA	0
NA	3924.06925982
NA	0
NA	20180.9276219
NA	3629.76406534
NA	461631.532412
NA	0
NA	3122.37769061
NA	0
NA	0
NA	0
NA	0
NA	1305.08370888
NA	0
NA	0
NA	5216.42739928
NA	2583.46196821
NA	3629.76406534
NA	675.304942388
NA	0
100847030	0
NA	911.23784067
NA	371.806818472
NA	896.238040824
NA	0
NA	0
NA	401.792424706
NA	0
NA	0
NA	0
NA	0
NA	0
NA	0
100996717	6084.34764948
388677	6084.34764948
NA	1029.72030222
NA	0
NA	12764.0055045
NA	111783.88449
NA	0
NA	0
NA	0
NA	0
NA	286.937870778
140735	814731.34812
NA	1024.27204666
NA	0
NA	0
NA	0
NA	0
NA	0
NA	0
NA	0
NA	0
NA	0
NA	0
NA	2943.05194487
NA	5279.65682231
NA	0
NA	0
NA	1079.4837369
NA	0
NA	0
NA	0
NA	0
NA	0
100616384	0
NA	0
NA	0
NA	0
4622	0
NA	20991.4066429
NA	0
NA	0
NA	0
NA	0
NA	0
NA	0
NA	3215.29273608
NA	1134.30127042
NA	2447.89146661
NA	0
NA	0
NA	0
NA	15734.0766228
NA	778.501676211
NA	0
101928144	0
NA	4148.30178896
NA	0
NA	0
NA	0
NA	0
NA	0
NA	0
NA	0
NA	0
NA	0
NA	0
NA	0
NA	0
NA	1893.78994713
NA	0
NA	3820.8042793
NA	0
NA	0
NA	0
NA	0
NA	0
NA	0
NA	0
NA	0
NA	0
NA	0
NA	2367.23743391
56957	102922.30734
NA	0
NA	0
NA	0
100422933	0
NA	0
NA	43987.8187579
NA	0
NA	2009.55796005
NA	0
NA	340.223931139
NA	981.017314956
NA	0
NA	0
NA	0
NA	0
NA	0
NA	0
NA	0
100500809	2616.04617321
NA	0
NA	488.035504583
NA	0
NA	0
NA	0
NA	0
NA	26792.4984876
NA	11951.1697813
NA	0
NA	6675.42816613
NA	0
NA	0
NA	0
NA	0
NA	0
NA	0
NA	0
NA	360.050992222
NA	0
NA	0
NA	0
NA	14582.4582538
NA	8416.84420947
NA	0
100847054	0
NA	0
NA	0
NA	0
NA	1935.87416818
NA	0
NA	0
NA	0
NA	0
NA	0
NA	0
NA	0
NA	0
NA	0
NA	1398.30397381
NA	0
NA	0
NA	4173.85600942
NA	0
NA	0
NA	1665.66611029
NA	0
NA	0
NA	0
NA	278.142840256
NA	6832.49706416
NA	400.940455957
101927688	921.84484199
NA	423.296100914
NA	0
NA	0
NA	0
NA	0
NA	0
NA	0
NA	0
NA	0
NA	0
NA	0
NA	0
NA	0
NA	0
NA	280.020371482
NA	0
NA	994.455908311
NA	0
NA	0
100996758	0
NA	0
NA	0
NA	0
NA	222.770330055
NA	0
NA	0
NA	0
NA	0
NA	0
NA	437.760490292
NA	0
NA	134.063308046
100616158	0
NA	2044.9375016
NA	0
NA	1066.27096167
NA	3584.95216329
NA	0
NA	0
NA	0
NA	3629.76406534
NA	0
100422909	0
NA	3722.83493881
NA	0
NA	0
NA	1031.54929033
NA	3974.52390398
NA	0
NA	2927.22908495
NA	4148.30178896
NA	651.078756114
NA	0
NA	0
NA	0
NA	3456.91815746
NA	0
NA	0
NA	0
NA	538.740492072
NA	2419.84271022
NA	0
NA	1524.31036864
NA	0
NA	0
NA	2562.18639906
NA	0
NA	0
NA	0
NA	0
NA	0
NA	0
NA	0
NA	0
NA	0
NA	1033.38478728
NA	0
NA	0
NA	0
NA	0
NA	0
NA	2582.440837
NA	0
NA	0
NA	0
NA	0
NA	0
NA	0
NA	0
NA	0
NA	0
NA	0
NA	535.264746962
NA	0
NA	0
NA	0
NA	0
NA	532.809404086
NA	1037.07544724
NA	0
NA	632.638617052
NA	0
NA	7859.12518113
NA	0
NA	0
NA	0
NA	0
NA	3541.23323447
NA	4641.97180647
NA	0
NA	0
NA	9679.3708409
NA	0
NA	3722.83493881
NA	2683.74422576
NA	0
NA	3175.73342695
NA	0
NA	0
NA	11462.4128379
NA	1693.18440366
NA	14332.1156228
NA	0
NA	4814.60933019
NA	0
NA	689.741390088
NA	0
NA	0
NA	0
100616123	0
NA	0
NA	0
NA	0
NA	0
NA	0
NA	0
NA	0
NA	0
NA	0
NA	0
NA	0
NA	0
NA	3683.48150393
NA	1809.22819456
NA	0
NA	0
NA	604.960677556
NA	0
NA	0
NA	5693.74755347
NA	1975.38180426
NA	0
NA	0
NA	0
NA	0
NA	2111.86272892
NA	16082.6469356
NA	0
NA	0
NA	0
NA	0
NA	0
NA	126.52772341
NA	0
NA	0
NA	0
NA	0
NA	0
NA	4755.47390341
NA	0
NA	0
NA	1033.38478728
NA	0
NA	901.804736729
NA	0
NA	0
NA	0
NA	1773.31984871
NA	0
NA	2664.04702043
2702	32195.9631555
NA	0
NA	0
NA	0
NA	0
NA	233.801228041
NA	972.801089537
NA	0
NA	0
NA	0
NA	0
NA	0
NA	0
NA	1273.60142643
NA	2592.6886181
NA	2143.03413452
NA	0
NA	971.174331862
NA	530.861289263
NA	0
NA	0
NA	3064.28290992
NA	0
NA	2420.71978261
100847029	0
NA	0
NA	0
NA	0
NA	0
NA	0
100422996	0
NA	0
NA	0
100616132	0
NA	0
NA	0
NA	0
NA	0
NA	0
NA	0
653145	410.22560577
NA	0
NA	1636.22112325
NA	11462.4128379
NA	0
5949	67.909524141
NA	0
NA	581.926102659
NA	2501.74507888
NA	0
NA	0
NA	0
NA	0
NA	0
NA	855.950258591
NA	626.496494556
NA	0
NA	0
NA	0
NA	0
NA	0
NA	0
9939	352934.128543
NA	0
NA	2364.66714354
NA	0
NA	0
NA	0
NA	0
NA	2945.041838
NA	0
100616126	0
NA	0
NA	211.416909521
NA	2433.36138458
NA	0
NA	1040.79256354
NA	403.027238344
NA	0
NA	0
NA	1052.10552618
NA	0
NA	804.379848274
NA	0
NA	0
NA	305.986433327
NA	2035.72145878
NA	86267.9351851
NA	0
NA	0
NA	0
100422838	0
NA	799.94800338
NA	0
NA	0
NA	0
NA	55977.0843811
NA	0
NA	967.93708409
NA	0
NA	0
NA	0
NA	455.142829509
NA	0
NA	0
NA	3902.97211326
NA	0
NA	0
NA	0
NA	0
100287932	821716.801174
NA	3722.83493881
NA	542.768458368
NA	0
NA	0
NA	8681.05008152
NA	0
728606	6482.71950083
NA	0
NA	0
NA	0
NA	0
NA	0
100423038	0
NA	0
NA	0
NA	0
NA	2044.9375016
NA	0
NA	0
NA	6013.81028576
NA	0
NA	0
NA	0
NA	5574.79291796
NA	0
NA	0
NA	1230.42849672
NA	0
NA	0
NA	0
NA	5142.81906449
NA	12664.5973619
NA	0
NA	0
NA	0
NA	0
NA	0
NA	0
NA	0
NA	0
NA	2688.71412247
NA	0
NA	0
NA	0
NA	0
NA	0
100500866	0
NA	0
NA	0
NA	0
NA	3584.95216329
NA	1703.11510397
NA	141733.644456
NA	0
NA	0
NA	17193.6192569
NA	448.811630953
100500917	0
NA	0
NA	0
NA	5006.5711246
NA	0
NA	3901.47385142
NA	0
NA	9138.89835739
NA	3269.09734715
NA	835.228548112
100616407	0
NA	0
NA	587.578157076
NA	0
NA	0
NA	236.788087981
NA	0
27246	123953.105986
NA	146.509144918
NA	1995.74656513
NA	0
NA	0
NA	0
NA	0
NA	9862.0004794
NA	0
NA	456074.101581
NA	0
NA	3722.83493881
NA	0
NA	0
NA	3100.15436185
NA	0
NA	0
NA	0
NA	0
NA	0
NA	0
NA	3321.35273952
NA	0
NA	0
NA	0
NA	0
NA	0
NA	0
NA	0
NA	0
NA	0
NA	0
NA	0
NA	4133.53914914
NA	564.394801218
NA	12636.7126119
NA	0
NA	0
110091775	1132.09015683
NA	519.465340298
NA	0
NA	0
NA	0
NA	0
NA	0
NA	0
NA	0
NA	0
NA	0
NA	0
NA	276.027685577
NA	3191.00137612
NA	11443.5911419
NA	0
NA	0
NA	0
NA	0
NA	0
NA	0
NA	215.576187993
NA	0
NA	0
NA	1948.86661226
NA	7641.6085586
NA	0
NA	188134.250147
NA	0
NA	62780.7237222
NA	0
NA	0
NA	0
NA	0
NA	0
NA	9940.97545822
6139	414731.213445
NA	0
NA	1198.27149337
NA	0
NA	51180.6310426
NA	0
NA	0
NA	0
NA	320.863121798
NA	0
NA	0
NA	0
NA	0
NA	0
NA	74.6097444057
NA	3722.83493881
NA	0
NA	0
NA	0
NA	0
100422948	0
NA	0
NA	1929.44269254
NA	0
NA	0
NA	0
NA	3618.45638912
NA	991.061860843
NA	0
NA	0
NA	37628.8499683
NA	0
NA	0
NA	0
NA	7836.99059561
NA	1580.30544341
NA	0
NA	0
NA	0
NA	0
118738	166.121925187
NA	742.662724365
NA	0
NA	0
NA	0
NA	1044.53642168
NA	10631.3261928
NA	0
NA	0
NA	581.926102659
NA	1413.04683809
NA	0
NA	0
NA	391.349225373
NA	7542.36688901
NA	0
NA	0
NA	1271.06740052
NA	295.70379351
NA	1451.90562613
NA	0
NA	974.43330613
NA	13002.1399355
9554	132944.026338
NA	23076.6457134
NA	0
NA	0
NA	0
25788	0
100861412	0
NA	0
NA	0
NA	0
NA	2739.44457761
NA	0
NA	0
NA	0
NA	0
NA	0
NA	0
NA	0
NA	0
NA	583.09462897
NA	0
NA	0
NA	0
NA	4089.8750032
NA	0
NA	0
NA	0
NA	0
NA	0
100616258	0
NA	3337.71408307
NA	0
NA	0
NA	4683.56653592
NA	0
NA	0
NA	0
NA	0
NA	0
NA	0
NA	525.101492273
NA	0
NA	0
NA	1948.86661226
NA	0
NA	0
NA	0
NA	1355.33780736
NA	484.776502883
NA	1408.47756779
NA	0
NA	65569.9315028
NA	0
NA	0
NA	0
NA	0
100847062	0
NA	0
NA	0
NA	0
NA	0
NA	11749.5252982
NA	3416.24853208
NA	0
NA	3056.64342344
NA	0
NA	0
NA	0
NA	0
NA	0
NA	0
NA	0
NA	0
NA	0
NA	0
NA	0
NA	817.975000639
10628	2240380.49941
NA	0
NA	2606.65282968
NA	0
NA	0
NA	0
NA	36297.6406534
NA	3392.3028648
100616363	0
NA	0
NA	0
NA	0
NA	0
NA	676.879079783
NA	0
NA	0
NA	0
NA	0
NA	0
NA	0
100128893	2230.02509774
NA	0
NA	0
NA	0
NA	0
NA	0
NA	14339.8086532
NA	18148.8203267
23380	36642.670858
NA	21071.9046625
NA	0
NA	0
NA	0
NA	0
NA	0
NA	0
NA	276.817087919
NA	310.568048371
NA	0
NA	12166.8069229
NA	0
NA	3924.06925982
NA	0
NA	14962.3862235
NA	0
NA	0
57597	49894.7750984
NA	19554.2845271
NA	0
NA	0
NA	828.476819477
NA	0
NA	3878.21202306
83593	167272.445596
NA	0
NA	4089.8750032
NA	0
NA	506.773342455
NA	0
100422945	0
NA	0
NA	0
NA	0
NA	0
100616481	0
NA	693.033711759
NA	0
NA	0
NA	0
NA	5478.88915522
NA	0
NA	249.040416147
NA	0
NA	1079.4837369
NA	0
NA	0
NA	0
NA	0
NA	1792.47608165
NA	3629.76406534
NA	0
NA	1885.59172225
NA	0
NA	0
NA	0
NA	1129.8876468
NA	0
NA	0
NA	0
NA	0
100422939	0
NA	508.25167776
92335	23647.2347029
NA	0
NA	0
NA	0
NA	0
NA	954.154847405
NA	0
NA	0
NA	0
NA	3416.24853208
NA	1995.74656513
100422991	0
NA	0
NA	0
NA	0
5408	0
NA	0
NA	2494.68320642
NA	0
NA	0
NA	3977.82363324
NA	152401.555217
NA	0
NA	0
NA	0
NA	0
NA	5159.05552434
NA	0
NA	0
NA	669.852653349
NA	0
NA	10370.7544724
NA	0
NA	2265.65247251
NA	0
NA	0
NA	707.096895845
NA	0
NA	3456.91815746
NA	0
NA	0
NA	0
NA	3947.95766847
NA	558.425240821
NA	1017.09676086
NA	0
136259	102.7170588
NA	920.383915141
NA	0
NA	0
NA	24282.7421792
NA	0
NA	0
NA	0
NA	15911.294533
NA	1131.35503335
NA	0
NA	0
NA	3363.48793699
NA	0
NA	0
NA	983.009902596
NA	0
NA	0
NA	725.622984438
NA	0
NA	0
NA	0
NA	5807.62250454
NA	0
NA	0
NA	1631.35463611
NA	2558.42401081
NA	0
NA	0
NA	0
100500826	0
NA	0
NA	0
NA	0
NA	0
NA	0
NA	0
NA	0
284565	77548.0690627
NA	434.702283274
NA	0
NA	0
NA	1885.59172225
NA	0
NA	0
NA	0
NA	627.173056645
NA	0
NA	2481.8899592
NA	313.360926504
NA	495.530930421
NA	135.692114592
NA	0
NA	0
NA	1052.10552618
NA	1444.68221506
NA	32264.5694697
NA	0
NA	1022.4687508
105371967	0
NA	14623.5099035
NA	7925.02721053
NA	0
8031	1408764.91471
NA	0
NA	0
NA	0
NA	1923.05380945
NA	0
NA	0
NA	0
NA	5006.5711246
NA	0
NA	0
NA	0
NA	0
NA	2365.63034808
NA	1039.55056764
NA	0
NA	0
NA	0
NA	0
NA	0
NA	1792.47608165
NA	0
NA	0
NA	0
NA	0
NA	0
NA	0
NA	275186.764023
NA	0
54460	805316.575812
NA	1264.35903582
NA	0
NA	0
NA	0
NA	0
NA	23884.1618152
NA	0
NA	1492.96208343
NA	0
NA	423.296100914
NA	2079.10113528
NA	0
NA	0
NA	0
NA	0
NA	0
NA	0
NA	0
NA	0
NA	0
NA	0
NA	0
NA	0
NA	0
NA	4694.38308681
NA	1235.66436267
2662	2244.60593137
NA	0
NA	256.2940205
NA	531.346981202
NA	0
NA	0
NA	0
NA	0
NA	0
NA	4580.14393102
NA	0
100847060	0
NA	0
NA	0
NA	1914.60082567
NA	0
NA	5185.37723619
100533997	0
NA	0
NA	12409.449796
NA	0
NA	0
NA	0
NA	0
NA	0
NA	0
NA	1683.36884189
NA	0
NA	0
NA	0
NA	0
NA	0
NA	590.805951631
NA	0
NA	0
NA	0
NA	0
NA	1423.43688837
NA	17336.1865807
NA	0
NA	0
NA	434.702283274
NA	0
NA	3675.71044591
NA	266.894416569
NA	0
NA	0
NA	0
NA	0
NA	0
NA	0
NA	3262.70927221
NA	229.731902869
NA	19358.7416818
NA	0
NA	0
NA	0
NA	2143.03413452
NA	0
NA	8596.80962843
NA	1683.36884189
NA	0
NA	0
NA	0
100616170	0
NA	0
NA	2158.96747381
NA	0
NA	0
NA	0
NA	637.080134328
NA	28748.5586941
NA	0
NA	0
NA	0
NA	0
NA	0
NA	0
NA	0
NA	0
100616213	0
NA	0
NA	6328.81939597
NA	175.775499532
NA	0
NA	0
NA	2592.6886181
80022	34132.3619823
NA	1638.25740608
NA	1873.42661437
NA	0
NA	0
NA	0
NA	0
NA	0
26083	151.161439473
NA	0
NA	0
NA	0
NA	0
NA	568.260519035
NA	0
NA	120677.870224
NA	0
NA	0
NA	0
NA	0
NA	0
NA	0
NA	0
NA	3510.65263659
NA	1125.50823731
NA	0
NA	0
NA	0
NA	0
NA	1118.80643695
NA	3924.06925982
NA	0
NA	3044.98796711
NA	0
NA	0
NA	0
NA	0
NA	0
NA	0
NA	0
NA	0
NA	0
NA	0
NA	0
NA	0
NA	99.2077639996
NA	624.475538122
NA	1138.74951069
NA	0
NA	0
NA	0
NA	4144.3547844
NA	0
NA	0
NA	0
NA	533.788833138
NA	236.274308565
NA	0
NA	437.320971727
NA	0
NA	0
NA	0
NA	34488.6757955
NA	5120.07021811
NA	0
NA	0
NA	2032.66787659
NA	1022.4687508
NA	0
NA	0
NA	0
NA	0
NA	0
NA	3206.66273257
NA	1485.32544873
NA	1223.94573331
NA	0
NA	0
NA	1023.9108788
NA	23785.2559888
NA	0
NA	0
NA	2407.58187659
NA	0
NA	525.101492273
NA	24923.7205576
NA	571.616388242
NA	0
NA	37369.2591132
NA	128.37361858
NA	0
NA	5284.46087765
NA	3992.86524891
NA	0
NA	0
NA	0
NA	0
NA	0
NA	0
NA	32490.1958296
NA	0
NA	341.624853208
NA	218.495955776
NA	11900.865788
NA	0
NA	815.677318053
NA	0
NA	2406.47341348
NA	217.188575338
NA	10422.3502658
NA	1423.43688837
NA	0
NA	0
NA	596.265144203
NA	539.741868451
NA	0
NA	0
NA	1885.59172225
NA	0
NA	44065.6182251
NA	615.214248362
5348	603.076064853
NA	0
80755	26341.2683791
NA	2114.82051986
NA	0
NA	4888.57113177
NA	0
NA	513.040857291
NA	0
NA	65.2102234958
NA	0
NA	948.957925578
NA	286.796173064
NA	1957.62556333
NA	0
NA	13632.9166773
NA	0
NA	0
NA	0
112268408	111.385165028
NA	0
NA	453.012675861
NA	2056.52354977
NA	3192.75563746
NA	0
NA	11615.2450091
NA	310.2362449
NA	509.589573373
NA	0
NA	0
NA	26575.6025606
NA	0
NA	648.172154524
NA	987.690902132
NA	0
NA	3740.81964866
NA	1040.79256354
NA	6778.61301791
NA	0
NA	0
NA	0
NA	0
NA	0
NA	88370.2454491
NA	656.970871554
102724684	668.520798974
NA	0
NA	0
NA	0
NA	0
NA	2009.55796005
NA	2879.13296967
NA	0
NA	0
NA	0
NA	0
100505549	15990.9505757
342892	6510.45580126
NA	535.758533629
NA	0
NA	1652.57550942
NA	0
NA	1558.3960209
NA	20401.484208
NA	358.495216329
NA	0
NA	868.754301352
NA	0
NA	433.404664518
NA	233.61313373
NA	0
NA	9004.06589851
NA	579.603044365
100885848	1321.76282491
NA	0
NA	0
NA	0
NA	6390.26424447
NA	658.887480255
NA	593.826431957
NA	5546.16064553
NA	0
NA	0
NA	0
NA	4788.38133472
NA	0
NA	2025.91482716
NA	0
NA	801.604210426
NA	0
NA	83337.022118
NA	0
NA	10206.7179342
NA	0
NA	0
NA	0
NA	1975.38180426
NA	1313.94174311
NA	0
NA	700.276025467
NA	2541.62910483
NA	0
NA	1086.21368539
NA	208.757099372
NA	0
NA	0
147727	249672.122295
NA	0
NA	71321.6798803
NA	0
NA	817.975000639
NA	41634.3832693
100505495	9270.66414216
NA	6913.83631493
NA	0
NA	0
NA	0
NA	0
NA	9652.55817929
NA	1555.61317086
NA	0
NA	1316.92120284
NA	24889.8107337
NA	603.389351121
NA	7105.3192782
NA	318.167777823
101928710	1370.79996173
NA	0
NA	0
NA	1562.78924392
NA	3179.81959294
NA	0
NA	2156.29548436
NA	2471.32872533
NA	1035.2268279
NA	0
NA	0
NA	0
NA	244.789146661
NA	0
NA	861.66506002
NA	0
NA	1914.60082567
NA	0
NA	4650.74875238
NA	981.017314956
NA	0
NA	0
NA	0
NA	378.100423472
NA	0
NA	913.866641155
NA	0
NA	3443.25444933
NA	32881.3921213
NA	231.379382651
NA	0
NA	6304.06784753
NA	999.590792519
NA	0
NA	565.163731465
NA	0
NA	0
NA	5451.81954477
NA	0
NA	10663.7136383
NA	662.970605541
NA	0
NA	0
NA	847.828102852
NA	0
NA	0
NA	0
NA	1177.75129655
NA	0
NA	0
NA	1604.31560899
NA	13364.8216632
NA	0
NA	0
NA	0
NA	0
NA	9548.3155297
NA	1927.30835328
NA	0
406994	0
NA	0
NA	813.392507638
NA	1147.24764137
NA	2621.34766693
NA	0
NA	1565.39690149
NA	0
NA	2536.0796963
NA	0
NA	522.26821084
158062	195890.657946
NA	0
NA	0
NA	861.66506002
NA	1496.80992385
NA	9559.87243545
NA	0
NA	0
108903150	1442.63156607
NA	309.245074789
NA	18862.3636899
NA	3078.24514375
110806298	31289.4247945
NA	0
NA	0
NA	624.475538122
NA	0
101927322	4563.47508628
NA	0
NA	0
NA	0
NA	0
NA	0
NA	595.043289399
NA	0
NA	0
NA	0
NA	0
NA	0
NA	0
NA	3431.56178956
NA	0
NA	1757.75499532
NA	0
NA	6860.85672631
NA	35894.333535
NA	0
NA	2471.8823384
NA	0
NA	273.557348306
NA	33164.37818
NA	510.335896708
NA	0
NA	3076.07124181
NA	84892.2531774
728485	8640.60909212
NA	0
NA	0
NA	0
NA	1110.44407353
NA	13525.7583803
NA	0
NA	2720.93885046
NA	869.404566547
NA	691.692422753
NA	0
NA	5584.25240821
NA	0
NA	7664.01796786
NA	19845.9153135
NA	1210.93046383
NA	1444.68221506
114108587	2374.86422119
NA	3408.22916933
NA	931.704145113
NA	0
NA	0
NA	0
NA	94.3102063095
NA	9390.73777508
NA	2710.22383545
NA	2251.01647463
NA	0
NA	190.538796081
NA	0
80054	24704.854603
NA	0
NA	0
NA	627.173056645
NA	3261.18250138
NA	0
NA	602.450467276
NA	0
NA	0
NA	22946.7843211
NA	0
NA	0
NA	2713.84229184
NA	0
NA	3003.94267476
NA	6624.66445384
NA	0
NA	121124.947954
NA	0
NA	6113.28684688
NA	0
NA	83669.1377772
NA	3695.5561637
NA	1854.2856017
NA	0
NA	772.663855224
107985164	0
NA	0
NA	0
NA	0
NA	0
NA	0
NA	1639.02798811
NA	0
NA	0
NA	0
NA	2933.14267906
NA	0
NA	4092.75722659
NA	0
NA	6354.07276208
NA	3045.95585902
NA	0
NA	10722.6563208
NA	0
NA	0
NA	396.514963896
NA	0
NA	9793.62985588
NA	0
NA	0
NA	0
NA	0
NA	2332.37851588
NA	78899.0732409
NA	58266.4829489
NA	1788.79543261
107983993	0
100134938	0
NA	6062.2364348
NA	12642.9984298
NA	0
NA	2111.00979567
NA	0
NA	2713.84229184
NA	0
NA	0
NA	0
NA	0
NA	0
NA	21282.0042919
NA	0
NA	3382.1428895
NA	1078.68174304
NA	0
NA	354.555708458
NA	29223.0686534
NA	0
NA	0
NA	0
NA	2749.82126162
109729182	9330.64959346
NA	0
NA	3068.04172086
NA	890.739647935
NA	0
NA	0
NA	0
NA	0
NA	0
NA	989.373510143
NA	0
105372360	0
NA	1194.98405443
NA	992.755983682
NA	340.0247368
NA	781.294507337
101927943	5343.57518577
NA	0
NA	4154.2364124
NA	0
NA	0
NA	30734.6660909
NA	1672.06022204
101928982	4204.61357795
NA	4461.1625384
NA	0
NA	0
NA	0
NA	631.013903101
NA	0
NA	3422.44299905
NA	0
NA	105.631547918
NA	0
NA	0
NA	0
NA	1138.74951069
NA	2115.70947342
NA	0
NA	0
NA	0
NA	752.282707842
NA	0
NA	1175.63208594
NA	0
NA	372.881059681
102724279	0
NA	46614.9376285
NA	0
NA	1508.4733778
NA	533.788833138
NA	0
NA	0
NA	6049.60677556
NA	0
NA	576.153026244
100507527	0
NA	1314.68534342
346	0
NA	0
NA	3120.32349476
NA	0
NA	2147.78938777
NA	326.637936138
NA	24539.2500192
NA	433.404664518
NA	0
NA	0
NA	13224.1878661
NA	64318.9463043
NA	0
NA	3977.82363324
NA	0
NA	0
NA	0
NA	5317.25356468
NA	0
NA	0
NA	10224.687508
NA	15384.4304756
NA	296.458524989
105372352	2487.96557722
NA	1444.68221506
NA	0
NA	436.663346206
NA	263.743074684
NA	0
NA	400.210253315
NA	1190.0865788
26974	13153.0046527
NA	0
NA	53057.2920168
NA	0
NA	634.019924076
NA	0
NA	974.43330613
NA	0
NA	904.61409728
NA	38957.5579504
NA	0
NA	0
NA	174.823073586
NA	24327.8304557
NA	349.015775513
NA	0
NA	342.027238194
107985343	2002.62844984
NA	1511.61439473
NA	3541.23323447
9294	130517.479513
NA	0
NA	0
NA	10324.6622303
NA	4584.96513516
NA	8457.70267651
NA	2915.47314485
NA	34607.8063585
NA	686.750788869
NA	0
NA	125.218251499
NA	0
NA	4148.30178896
NA	0
NA	0
NA	0
NA	131.513190773
NA	2279.28669723
NA	0
NA	0
NA	0
NA	79980.9054595
NA	0
NA	0
NA	693.033711759
NA	3451.04902647
NA	2389.96810886
NA	0
NA	13668.9811914
NA	0
NA	353.476719692
NA	0
NA	0
NA	5721.79557097
NA	1613.22847348
NA	4121.12950649
NA	0
NA	266.323257622
NA	0
NA	694.691687146
NA	2304.61210498
NA	0
NA	3871.74833636
NA	0
NA	0
NA	10889.292196
NA	0
NA	0
NA	0
NA	0
NA	0
NA	0
NA	417.664329704
NA	1675.27572246
NA	2796.46315068
NA	0
NA	0
NA	0
NA	1935.87416818
NA	0
NA	0
NA	0
NA	0
NA	0
NA	185.074012254
NA	0
NA	0
NA	0
NA	397.238201405
NA	0
NA	0
NA	0
114335	0
NA	3679.94513536
NA	0
NA	0
NA	0
NA	0
NA	808.861073055
NA	53479.9557555
NA	7069.20342313
NA	0
NA	0
NA	1610.990986
NA	359.160328048
NA	0
NA	0
NA	8668.09329035
NA	552.405437971
NA	995.308055619
NA	956.999941896
NA	9927.55983682
NA	0
NA	18301.3314219
NA	0
NA	3416.24853208
NA	1024.13310579
NA	882.617401905
NA	518.537723619
NA	0
NA	570.493369797
NA	0
NA	925.763417301
NA	2606.65282968
NA	0
NA	948.957925578
112812	52950.6063506
NA	0
NA	0
NA	253.60796963
NA	2089.07284336
NA	0
NA	4160.1880405
7767	30575.0396494
NA	50332.7283727
NA	4646.09800363
NA	0
NA	0
NA	0
NA	0
NA	0
NA	0
NA	0
NA	197.672651618
NA	18291.7244237
NA	0
NA	0
NA	0
NA	976.071009166
767558	0
101927572	10386.883173
NA	890.057088818
NA	344.461595761
NA	0
NA	0
NA	0
NA	0
NA	3313.90727791
NA	2507.60902614
NA	0
100506374	1179.87816119
NA	3685.03966024
NA	83.9737204242
NA	0
NA	0
NA	0
NA	0
NA	0
NA	0
NA	0
NA	411.498996543
NA	0
NA	0
NA	0
NA	0
NA	4775.02364196
NA	639.606002702
NA	0
NA	0
NA	636.800713217
NA	1374.04317931
NA	1775.25578741
NA	0
NA	3129.10695288
NA	2186.60485864
105372143	0
NA	0
NA	27552.6645224
NA	0
NA	8509.33700298
NA	144.038256561
NA	33805.2429701
NA	29610.1263267
NA	2927.22908495
NA	0
NA	0
NA	235.126417188
NA	0
NA	0
NA	831.442019261
NA	0
NA	0
NA	1211.60413864
NA	0
NA	4228.85133826
NA	0
NA	9109.99608555
NA	0
NA	0
NA	0
NA	593.826431957
NA	268.622687536
NA	0
NA	4498.15856634
NA	428.92337552
NA	0
NA	0
NA	0
NA	2497.90215249
NA	0
NA	4609.22420995
NA	808.861073055
NA	1161.52450091
NA	13147.1769296
NA	0
NA	0
NA	127.304307421
NA	0
NA	0
NA	0
NA	0
440335	659.208002785
55957	19976.5738631
NA	338.045547412
NA	0
NA	1063.66712537
NA	3383.96901839
NA	245.669310683
NA	32015.5595619
NA	7155.18173044
NA	0
NA	484.776502883
NA	0
NA	2337.0714304
NA	14189.0777099
NA	1599.89600676
4701	27743.4196077
NA	0
NA	6065.91299328
NA	14552.6392751
NA	10230.229344
NA	138.672934683
NA	0
NA	0
NA	644.432146531
NA	18017.4431371
NA	0
NA	8454.13402559
NA	0
NA	4911.30867191
NA	45205.8528284
NA	0
NA	584.267857599
56936	0
NA	535.758533629
NA	474.478962789
NA	1749.28388691
NA	633.743180329
NA	502.389490012
NA	2771.45990185
NA	5216.42739928
NA	60007.5009376
NA	2360.82215632
NA	143.044889274
NA	0
NA	0
NA	0
NA	740.768176599
728269	0
NA	10509.7726289
NA	0
NA	2245.21488577
NA	689.741390088
NA	364.342691627
NA	16812.3150208
NA	85394.0211231
6759	0
NA	518.075156515
NA	0
NA	3629.76406534
NA	5224.24813002
NA	6997.13554764
NA	0
390937	410.722949401
149013	30188.136781
NA	2399.84401014
NA	15852.6957446
NA	0
NA	478.387356222
NA	0
NA	0
NA	1173.25707162
NA	1044.53642168
NA	18704.5920157
NA	0
NA	851.557551985
NA	1026.08171458
NA	4033.07118371
NA	1522.97792951
NA	746.481041714
NA	0
NA	7082.46646895
NA	0
NA	649.622204087
NA	0
NA	78773.6031201
NA	0
55879	893.914675844
NA	1964.98505793
NA	1504.56541568
NA	0
NA	0
11254	7388.01535422
NA	648.172154524
NA	0
NA	558.425240821
NA	0
NA	0
NA	4942.65745067
NA	3724.28182374
NA	0
NA	3105.68048371
NA	0
NA	1657.74191376
NA	343.646302044
NA	0
NA	0
NA	158.24584481
NA	0
NA	0
NA	1694.8314702
NA	0
NA	225.88963456
NA	1566.80463252
NA	0
147670	8635.86989522
NA	0
NA	7309.36470823
NA	4102.71605501
NA	0
NA	0
NA	1454.32950865
NA	11087.2793268
NA	0
NA	17912.0029796
NA	150032.521254
NA	0
NA	2300.83405234
2652	0
NA	27704.9423638
644100	4097.4023805
NA	41365.6131219
NA	2028.68047015
NA	0
NA	218.003847768
100996631	0
NA	0
NA	0
NA	0
NA	0
NA	0
NA	874.641943454
NA	0
NA	514.860151111
NA	424.844367559
NA	2175.13951481
NA	2352.32234657
NA	971.174331862
NA	11840.7837471
NA	0
NA	0
NA	0
NA	0
NA	0
NA	333.771408307
NA	167016.594902
NA	0
NA	2104.21105237
NA	0
653486	0
NA	0
NA	1896.26333409
NA	0
NA	0
NA	0
NA	0
29057	527.326498596
NA	899.0127716
NA	104599.652635
NA	0
NA	15108.8307968
NA	15972.5591434
NA	1040.79256354
NA	0
NA	3643.77859841
NA	170.938116396
NA	5243.90293863
NA	0
NA	1257.06114817
NA	212.577690503
NA	1498.74129149
NA	5822.81245006
NA	0
NA	17173.0772984
NA	40621.2789252
NA	2061.87781226
NA	432.114769683
NA	1014.13664224
NA	704.808556376
NA	6599.57102788
727837	128.772117617
NA	0
NA	2623.92583036
NA	1129.8876468
NA	1369.72228881
NA	0
NA	0
NA	22262.5529341
NA	513.040857291
NA	0
NA	0
107983991	0
105372267	0
NA	0
NA	0
NA	0
NA	672.178530618
NA	0
NA	0
NA	0
NA	0
105372482	40747.7206744
NA	0
NA	1227.82716798
NA	17618.6300699
NA	355.423653888
105372430	0
NA	0
NA	0
NA	1672.06022204
NA	866.809329035
NA	2778.76674858
NA	0
NA	17012.2275385
NA	8336.30024575
NA	7395.10505671
NA	2311.95163397
NA	815.677318053
NA	0
NA	0
NA	6759.21377753
NA	4402.31278647
NA	0
NA	958.353548603
NA	0
NA	2052.16342917
NA	7305.1855403
NA	0
NA	2159.85960913
NA	0
NA	0
NA	0
NA	6013.81028576
NA	1044.53642168
NA	1826.29638507
NA	0
4101	0
NA	1233.04087145
NA	10297.2030222
NA	0
NA	32873.3349313
NA	1658.37307383
NA	0
NA	2643.03208641
56157	0
NA	1269.42568405
NA	0
NA	0
NA	1466.57133953
NA	5510.53290447
246100	0
NA	0
NA	145.045517096
NA	0
NA	493.090720372
NA	0
NA	1466.57133953
NA	0
NA	0
NA	1273.60142643
NA	0
NA	0
NA	2223.01339887
NA	0
NA	703.101998128
NA	0
NA	177.984140501
646864	0
NA	0
NA	572.743836739
NA	0
NA	67930.3137715
NA	2041.34358683
NA	1635.95000128
NA	0
NA	0
NA	1552.84024185
NA	0
100130086	1276.40055045
NA	0
NA	0
NA	1565.39690149
NA	223.973100831
NA	0
NA	0
NA	1873.42661437
NA	5010.8908581
NA	23098.4985976
NA	0
NA	1026.08171458
NA	2968.2949001
NA	1770.61661724
NA	675.304942388
NA	2795.96681787
NA	1192.53028841
NA	490.508657478
NA	0
NA	0
NA	2903.81125227
NA	0
NA	0
NA	387.174833636
NA	0
NA	6582.94742328
NA	340.822916933
NA	0
NA	1572.46096693
NA	0
NA	0
NA	9555.50320673
NA	0
NA	0
NA	1127.6936902
NA	0
NA	390.297211326
NA	0
NA	41644.5351558
23370	0
NA	141.856924879
NA	602.450467276
NA	639.606002702
NA	0
NA	2013.04072948
NA	3226.45694697
NA	4355.7168784
NA	1955.42845271
NA	0
NA	0
NA	0
NA	250.65267607
NA	26927.573016
NA	0
102723547	0
NA	11922.9336186
NA	4789.79175632
NA	0
NA	21919.9101284
389903	0
NA	0
NA	0
NA	0
NA	6599.57102788
541466	0
NA	6005.81437905
NA	2450.47363061
NA	914.586221187
NA	4001.31471769
NA	92.7735224367
NA	0
NA	0
NA	0
100271846	119.449249373
NA	0
NA	30210.4586804
NA	0
NA	333.771408307
NA	0
NA	0
NA	537.742824494
494119	0
NA	380.080006841
NA	0
100132304	0
NA	0
NA	19700.0015512
NA	0
NA	50408.4593915
NA	0
NA	554.51519776
NA	0
NA	6371.99961313
NA	0
NA	0
NA	0
100462981	14948.1227476
NA	0
NA	0
NA	0
NA	12848.7223552
NA	0
NA	1432.21270149
NA	85556.9642556
NA	1152.30605249
NA	0
NA	6983.84984723
NA	3030.06391541
125972	0
NA	0
388523	22255.4876999
NA	3202.73299883
NA	9399.29095879
NA	164.708522534
NA	0
NA	0
NA	510.335896708
NA	408.412271768
NA	0
102723631	0
441519	0
NA	3438.72385137
NA	0
NA	3248.11102043
NA	0
NA	0
NA	0
NA	556.285680511
388630	17875.3237451
NA	0
NA	3679.59187193
NA	0
NA	0
NA	0
NA	0
NA	30248.0338778
NA	1626.78501528
NA	0
NA	1520.32002737
NA	0
NA	3006.90514288
NA	3078.24514375
NA	1281.5643629
NA	1262.52663142
NA	0
NA	31587.9860994
NA	517.613413952
NA	0
NA	0
NA	0
NA	0
NA	0
115290	3863.94239213
NA	4619.69971952
NA	30154.9630043
NA	1374.91063081
NA	806.614236741
286527	379.459163968
NA	3804.11954446
NA	12265.6074506
NA	0
NA	0
NA	21137.5282086
NA	147.889546843
NA	3706.993088
NA	5035.51084208
NA	0
NA	0
NA	0
NA	0
NA	782.698450746
NA	0
NA	0
NA	3446.66024008
NA	780.244850587
NA	0
NA	75582.3270933
NA	0
NA	540.746974352
NA	0
NA	2739.44457761
NA	0
79917	26951.3713251
NA	0
NA	3044.83519829
NA	0
NA	0
NA	109.660545781
8517	25096.696853
100293516	35336.3332753
NA	30674.062524
NA	7259.52813067
NA	0
NA	19301.9711783
NA	528.927368355
NA	0
NA	0
NA	1695.6562057
NA	1029.72030222
NA	0
NA	916.028786205
NA	31355.7083578
NA	0
NA	44343.915675
NA	0
NA	0
100507567	71339.3075817
NA	0
NA	5523.55401247
NA	0
NA	2865.60320948
NA	4452.51058681
NA	7298.12397864
NA	1217.53092338
NA	3689.0524076
6689	406.981254698
56001	0
NA	2026.32459958
NA	0
NA	332.624427522
NA	1826.29638507
NA	2081.58512707
NA	33233.1118928
NA	0
101060233	0
728343	0
NA	8569.54457612
NA	0
NA	0
NA	0
NA	0
NA	0
NA	1520.32002737
391769	708.246646895
NA	0
NA	0
NA	752.561227911
NA	0
NA	2277.49902139
NA	0
NA	2101.16588442
NA	615.214248362
NA	5491.84161186
NA	435.223509033
NA	1033.38478728
NA	4760.34631519
NA	0
63947	0
NA	208.307837322
NA	0
NA	0
NA	0
NA	2708.63052338
NA	0
NA	0
NA	0
147664	527.486149368
NA	2159.85960913
NA	575.582012343
NA	304.862073729
NA	0
NA	0
NA	404.994595853
NA	0
NA	0
NA	1335.08563323
84548	35410.9592415
NA	2649.74725113
NA	544.805112996
NA	0
NA	0
NA	1905.38796081
NA	0
NA	0
NA	0
NA	0
NA	531.833562687
NA	0
102723631	0
NA	0
NA	0
NA	0
NA	777.806585429
NA	0
NA	1282.03587297
NA	237435.308754
NA	2440.17752291
NA	0
NA	0
NA	0
NA	5830.9462897
NA	1194.98405443
NA	0
NA	1015.31861967
NA	307.281613997
NA	7528.39954292
NA	524.153655644
NA	0
NA	0
NA	20741.5089448
NA	0
NA	1178.0167352
NA	0
NA	7337.61422803
NA	850.310762011
NA	12921.6050834
23619	1024.6334694
NA	0
NA	0
NA	373.720881888
400818	41794.8513205
110806280	0
NA	2394.19066736
NA	0
NA	0
NA	4696.74112533
NA	150.223034261
NA	1017.09676086
401612	9248.07674207
NA	0
NA	0
NA	693.033711759
NA	5432.29996173
NA	572.743836739
NA	0
NA	0
NA	2765.53452597
NA	0
NA	0
NA	0
NA	0
NA	0
548313	235.698965282
NA	0
NA	1257.06114817
NA	718.172609794
NA	1613.22847348
NA	0
NA	4547.35542861
NA	2077.86136119
NA	0
NA	1626.78501528
NA	0
NA	0
NA	2323.04900181
10984	785.610078395
NA	16007.6673668
NA	0
NA	0
NA	55702.9177719
NA	4646.09800363
NA	79560.6061844
NA	0
NA	0
NA	42773.9831766
NA	1294.41809165
NA	208.307837322
NA	0
646862	30504.6838622
112398	64548.7616058
NA	0
NA	54740.4772151
NA	861.66506002
NA	0
NA	0
NA	0
NA	7778.06585429
NA	13808.3332276
NA	15221.5912417
NA	4133.53914914
NA	142.030386514
NA	14585.3533219
NA	1466692.0973
NA	3150.60895364
NA	243.608326533
NA	35709.5193466
100532731	152.511095182
NA	583.09462897
NA	136649.941283
6023	1083.51166129
NA	645.291389393
NA	3299.78551394
NA	2011.87846578
NA	3659.78574528
NA	29994.4575459
NA	7919.48523346
NA	28223.9598351
NA	0
NA	1637.48754827
NA	93717.840813
NA	10873.3020459
NA	3842.4723565
NA	1158.43534
NA	11083.2490545
NA	0
NA	0
NA	1821.20566344
NA	1466.57133953
NA	0
NA	447.428544263
NA	3328.71148271
NA	0
NA	160.166092238
NA	2606.65282968
NA	0
NA	27564.820398
NA	0
NA	0
NA	15079.1385504
NA	13642.0662858
NA	398.328018144
NA	2160.57384841
NA	6934.47463228
NA	0
100996928	349.646147173
NA	712.591718348
NA	0
NA	120663.9201
NA	879.498612499
NA	5154.69453065
101928601	7864.48880823
NA	1190.0865788
NA	0
NA	0
NA	0
NA	4734.47486783
NA	0
NA	40802.547463
NA	11244.8271728
NA	2175.13951481
NA	1693.18440366
NA	8179.75000639
NA	18077.6112488
NA	808.861073055
NA	1108.67753825
NA	0
NA	624.475538122
NA	0
NA	0
NA	0
NA	0
NA	4200.81193818
NA	57267.7393139
NA	5322.66828318
NA	4102.36793944
NA	10137.9943969
NA	0
100529215	2444.74286908
NA	14438.8404809
NA	2909.6305133
NA	0
NA	1125.50823731
NA	413.059922087
NA	6622.47484404
NA	437.320971727
NA	0
NA	0
NA	10515.1939497
NA	509.440570573
NA	0
NA	0
NA	20597.9690905
NA	1302.15751223
NA	4416.44296923
101927837	6197.15816033
NA	1500.67764975
NA	0
NA	41253.6349748
NA	3871.74833636
NA	16694.3852482
NA	3271.90000256
NA	18734.2661437
NA	0
NA	0
NA	106247.169338
NA	0
NA	675.304942388
NA	0
NA	187.705963301
NA	0
NA	63662.0571572
NA	1572.46096693
NA	0
NA	5822.17794941
NA	24686.5798104
NA	0
NA	0
NA	21216.9590065
NA	0
NA	2251.01647463
NA	0
NA	0
NA	3541.23323447
NA	0
NA	0
NA	0
NA	0
NA	0
NA	5260.52763092
NA	2660.56004789
NA	0
NA	0
NA	0
NA	1238.29904148
NA	3287.33349313
NA	0
NA	0
NA	0
NA	0
NA	0
NA	17016.8930648
NA	4399.71401859
NA	0
NA	2839.91320515
NA	0
NA	0
NA	0
NA	0
NA	1569.62770393
NA	0
NA	5185.37723619
NA	7554.85425141
NA	439.30578703
NA	22288.7133958
NA	0
NA	843.150770113
NA	510.335896708
NA	1059.78512857
152217	259065.513683
NA	674.91255137
NA	0
NA	8243.07710321
NA	8600.8513819
NA	955.201069825
NA	51270.4174229
NA	0
NA	0
NA	2950.17108358
NA	0
NA	0
NA	187.101240481
NA	958.353548603
NA	0
NA	0
NA	0
NA	56520.3948223
NA	4344.85474155
NA	0
NA	899.0127716
NA	0
NA	0
NA	864.229539366
NA	689.741390088
NA	4496.22387448
NA	0
NA	0
NA	0
NA	1279.2120054
NA	0
NA	1561.18884531
NA	557.353407345
728841	43039.6039267
NA	0
NA	0
NA	1988.91181662
NA	1153.83228567
NA	0
NA	0
NA	0
NA	849.067617622
NA	3549.89150644
NA	318.749863037
NA	0
NA	0
NA	896.238040824
NA	0
NA	0
NA	563.846845101
NA	4317.93494761
NA	33340.0551186
NA	0
NA	1785.1298682
NA	4026.08145895
NA	0
NA	0
554313	150.534538739
NA	4199.05965289
NA	179.358323179
NA	0
NA	476.034631519
NA	2360.82215632
NA	0
NA	557.353407345
NA	0
NA	718.172609794
NA	0
NA	483.968542045
NA	817.975000639
NA	106.993782324
NA	1642.89179761
NA	0
NA	708.246646895
NA	0
NA	0
NA	8565.81490345
NA	0
NA	0
NA	261.840509673
NA	0
NA	4646.09800363
NA	1664.0752162
NA	0
NA	3156.31657855
NA	0
NA	0
NA	0
NA	1504.56541568
NA	0
NA	0
NA	228.676565345
NA	0
NA	0
NA	0
105371242	0
NA	0
NA	1290.58277879
NA	6355.81122248
NA	0
NA	0
NA	0
NA	1325.94121108
NA	0
NA	0
NA	0
NA	12222.4234651
NA	0
NA	0
NA	0
NA	0
NA	0
NA	3122.37769061
256957	396.424744337
NA	0
NA	0
NA	0
NA	0
NA	621.801124683
NA	338.439539891
NA	1111.1522649
NA	0
NA	4711.42983061
NA	0
NA	0
NA	0
NA	0
NA	0
NA	0
NA	941.267828936
NA	0
NA	0
NA	0
NA	0
NA	6614.60421929
NA	0
NA	0
NA	0
NA	2916.77469536
NA	0
NA	0
NA	0
NA	455.857339446
NA	0
NA	4656.25711005
NA	737.007932048
NA	661.460421929
NA	0
NA	936.713307183
NA	0
NA	596.571392351
NA	0
NA	0
NA	0
NA	0
NA	9523.33873729
NA	0
NA	0
NA	0
NA	864.229539366
NA	0
NA	0
NA	0
NA	0
NA	0
NA	0
NA	0
NA	0
NA	1718.23151022
NA	0
NA	0
NA	701.403684123
NA	822.609419906
NA	716.106350744
NA	0
NA	2963.0727064
NA	0
NA	603.70296305
NA	0
NA	644.575194732
NA	0
NA	5227.81076513
NA	0
NA	2251.01647463
NA	0
NA	134.622682071
NA	0
NA	0
NA	0
NA	0
NA	0
NA	0
NA	0
NA	397.782363324
NA	0
NA	19419.6661245
NA	117267.278025
NA	0
NA	0
NA	0
NA	0
NA	2676.32373481
NA	0
NA	0
NA	0
NA	0
NA	991.061860843
NA	0
NA	0
NA	0
NA	0
NA	0
NA	23938.2289614
NA	1408.09812879
NA	0
NA	0
NA	188.192563336
NA	0
NA	0
NA	7327.16348593
NA	0
NA	191341.623119
NA	0
NA	1608.75969655
NA	0
NA	0
NA	6577.14892926
NA	43365.0451662
NA	0
NA	353.118514666
NA	0
NA	0
NA	1435.85780362
NA	4663.65529415
NA	0
NA	0
NA	0
NA	9202.21875719
NA	3244.48184611
NA	0
NA	0
NA	0
NA	9140.32597566
NA	0
NA	10389.6218244
NA	3667.97210813
NA	0
NA	3436.46302044
343068	0
NA	2678.08679392
NA	4926.77487531
NA	2360.82215632
NA	88354.3993128
NA	0
NA	0
NA	0
NA	2427.93582966
NA	0
100534592	1461.03710806
NA	0
NA	0
NA	0
NA	0
NA	4601.10937859
NA	0
NA	0
25832	19868.4345339
NA	0
NA	0
NA	0
NA	2993.6198477
NA	0
NA	4905.08657478
NA	109.793819461
NA	0
8148	600910.543116
NA	0
NA	0
NA	0
NA	0
NA	42084.2210474
NA	0
NA	0
NA	3135.86528323
NA	11073.8564705
NA	0
NA	0
100463482	802.712163723
NA	12132.9160958
NA	0
NA	0
NA	0
NA	0
NA	13566.7731463
NA	0
NA	0
NA	0
NA	0
NA	6435.579001
NA	598.72396954
NA	0
NA	0
NA	0
NA	99397.7749775
NA	0
NA	0
NA	0
NA	0
NA	4791.76774302
NA	0
NA	863.373018514
NA	0
NA	0
NA	0
NA	0
NA	0
NA	0
NA	1268.03984815
NA	28941.6403881
NA	0
NA	0
NA	5432.29996173
NA	0
NA	2277.49902139
NA	0
NA	0
NA	0
NA	43142.3386051
NA	0
NA	811.120461528
NA	0
NA	0
NA	531.833562687
NA	0
NA	0
NA	0
NA	0
NA	0
NA	0
NA	0
NA	0
NA	4721.64431263
100529241	0
NA	0
NA	6129.41689133
NA	23758.4557004
NA	0
NA	0
NA	795.564726649
246176	2601.29077011
NA	0
NA	5232.09234643
NA	0
NA	0
NA	0
NA	1814.88203267
NA	2514.12229634
NA	0
NA	0
NA	0
NA	0
NA	9647.21346269
NA	0
NA	2996.70923867
NA	0
NA	0
NA	0
NA	227.03762723
NA	0
NA	0
NA	0
NA	0
NA	347.761826619
100529239	662.970605541
NA	2002.62844984
NA	29472.4432655
146853	273.171331352
NA	0
NA	0
NA	1270.81455242
NA	0
NA	0
NA	1027.89778841
NA	854.06213302
NA	0
NA	0
NA	0
NA	49111.835749
NA	0
NA	110.243403655
NA	0
NA	0
NA	0
NA	0
NA	0
NA	0
NA	0
NA	0
NA	2894.16403881
NA	0
NA	971.174331862
NA	0
NA	0
NA	0
NA	0
NA	0
NA	0
NA	0
NA	0
NA	688.106931817
NA	0
NA	0
NA	410.722949401
NA	2419.84271022
NA	955.201069825
NA	0
NA	0
NA	602.450467276
NA	10710.7792092
NA	5119.35382378
NA	497.227954156
NA	929.219600726
NA	1151.39224912
NA	469.113287927
8370	1083.51166129
NA	0
91608	13681.5778591
NA	1379.48278018
NA	3236.73228756
NA	0
NA	0
NA	364.342691627
NA	2069.22417026
NA	0
NA	0
NA	0
NA	0
NA	889.829801512
NA	0
NA	4646.09800363
NA	0
NA	0
NA	0
NA	0
NA	0
NA	0
NA	8609.68295821
NA	0
NA	0
NA	0
NA	1054.65299719
NA	0
NA	0
NA	589.0083676
NA	0
NA	1041.72600978
NA	8940.78431087
NA	0
NA	0
NA	0
NA	793.391052532
NA	0
NA	4163.17025415
NA	904.61409728
102723680	0
NA	9843.42797379
NA	1111.1522649
NA	1489.13397552
NA	6059.31721982
NA	0
NA	138.408543959
NA	27102.2383545
NA	0
NA	4989.01652739
NA	0
NA	0
NA	0
NA	6250.86570938
NA	0
NA	7107.23033772
NA	0
NA	0
NA	0
NA	0
NA	0
NA	0
NA	0
NA	0
NA	0
NA	653.275872276
NA	0
NA	7754.98554018
NA	0
NA	3156.31657855
NA	0
NA	0
NA	0
NA	672.178530618
NA	0
NA	0
NA	0
NA	3230.04588684
NA	0
NA	836.83321391
NA	11062.1381039
NA	0
NA	0
NA	7703.66818415
NA	300.913083137
NA	558.425240821
NA	108.028692421
NA	4537.20508167
NA	0
NA	3009.13083137
NA	3142.65287042
NA	0
NA	0
NA	0
NA	0
NA	0
NA	200.539451124
NA	7296.00817153
NA	3864.38759808
NA	377.11834445
NA	0
NA	0
NA	6214.38205738
NA	0
NA	0
NA	10013.1422492
NA	0
NA	0
NA	0
NA	2016.53559185
NA	0
NA	996.731551122
NA	1225.2368153
NA	0
NA	0
NA	0
NA	0
NA	1209.92135511
NA	0
NA	352.832472937
NA	0
NA	1419.95660258
NA	0
NA	3438.72385137
NA	0
NA	0
441294	0
NA	0
NA	0
NA	0
100527978	5923.12341105
NA	0
NA	0
NA	1460.42477063
NA	991.061860843
NA	0
NA	0
NA	0
NA	0
NA	0
NA	2688.71412247
NA	0
NA	9311.50876618
NA	0
NA	0
NA	0
NA	0
NA	0
NA	2616.04617321
NA	2971.99225097
NA	531.833562687
NA	40100.2506266
NA	0
NA	209.208303478
NA	2286.46555297
NA	0
NA	1664.0752162
NA	2399.84401014
NA	24306.4557947
NA	780.594422653
NA	0
NA	328.485435777
NA	0
NA	0
NA	6417.26243595
NA	882.617401905
NA	1430.44889274
NA	731.438602587
NA	32026.5423987
NA	0
NA	0
NA	0
NA	1359.46219675
NA	639.606002702
NA	0
NA	4763.741712
NA	0
NA	0
NA	0
NA	0
NA	1536.40806998
NA	0
NA	0
NA	0
NA	0
NA	0
NA	0
NA	0
NA	0
NA	0
NA	0
NA	1235.66436267
NA	3290.43767962
NA	0
NA	632.638617052
NA	1180.41107816
NA	846.592201828
NA	0
NA	0
NA	0
NA	0
NA	1589.67769285
NA	0
NA	0
NA	0
NA	0
NA	4184.16606955
NA	1360.0989472
NA	0
NA	0
NA	726.67949256
NA	0
NA	1921.6397993
NA	0
NA	0
NA	0
NA	0
NA	733.285669765
NA	0
NA	4457.60499252
NA	0
NA	0
NA	0
NA	0
NA	0
NA	10370.7544724
NA	0
NA	0
NA	0
NA	1161.52450091
NA	0
NA	1044.53642168
NA	0
NA	0
NA	0
NA	0
NA	0
NA	0
NA	0
NA	0
NA	0
NA	0
NA	0
NA	0
NA	0
NA	0
NA	11292.5993144
NA	0
NA	2604.31502446
NA	1302.15751223
NA	3389.66294039
NA	1837.85522295
NA	0
NA	4585.29572606
574537	0
NA	396.695526266
NA	634.019924076
NA	0
NA	459.463805739
NA	1402.80736825
NA	0
NA	0
NA	0
NA	0
NA	0
NA	0
NA	0
NA	0
NA	0
NA	0
140809	14745.0756694
NA	2085.32226375
NA	0
NA	0
NA	0
NA	0
NA	0
NA	0
NA	0
NA	0
NA	10119.3422428
340307	0
NA	0
NA	9129.03871951
NA	0
NA	0
NA	0
NA	974.43330613
NA	1975.38180426
NA	969.553005766
NA	11722.1842337
NA	0
NA	0
NA	0
NA	0
NA	0
NA	0
NA	916.751776565
NA	0
NA	0
NA	315.975109061
NA	0
NA	0
NA	0
NA	0
NA	1156.89691325
NA	0
107984208	0
NA	0
NA	0
NA	0
NA	0
NA	1409.61711275
NA	1589.67769285
NA	0
NA	0
NA	766.177111417
NA	0
NA	2239.44312514
NA	0
NA	1071.51706726
NA	0
101928120	11993.2129318
NA	0
NA	0
101060226	6198.71339984
NA	5177.6723666
NA	0
NA	0
NA	1525.11095182
NA	0
NA	0
NA	1814.88203267
NA	0
NA	0
NA	4222.54432657
NA	0
NA	683.249706416
NA	0
NA	0
NA	2508.69222658
NA	0
NA	0
NA	0
NA	0
NA	0
NA	1544.58045333
NA	0
NA	652.541854442
NA	2460.85699345
NA	0
NA	0
NA	22337.0096328
NA	0
NA	0
NA	1214.98378756
100132406	3299.28893222
NA	1348.5191574
NA	7070.14913596
NA	1785.1298682
NA	1220.08876146
NA	0
NA	0
NA	0
NA	0
NA	0
NA	0
NA	0
79148	78742.2575405
728911	0
NA	43619.4823302
NA	0
NA	0
NA	0
NA	0
NA	0
NA	0
NA	0
NA	0
NA	0
NA	0
NA	0
NA	39775.8465315
NA	1048.30731129
NA	0
NA	2525.05326284
NA	0
NA	0
NA	259.26886181
NA	0
NA	0
NA	0
NA	0
NA	0
NA	0
NA	885.308308618
NA	0
NA	0
NA	150.690775935
NA	146.73124064
NA	0
6352	277705.758649
NA	0
NA	0
NA	0
NA	0
NA	0
NA	382.836025349
NA	0
NA	199118.48587
NA	1610.24653545
NA	0
NA	0
NA	0
NA	0
NA	8037.6865056
NA	0
NA	3468.71651295
NA	927.735224367
NA	2752.42772727
NA	0
NA	0
NA	0
NA	6705.07038712
NA	7684.18019403
NA	2085.32226375
NA	440.639036763
NA	3644.95136268
NA	0
NA	0
NA	0
NA	3771.1834445
NA	368.972204863
NA	0
NA	0
730262	739.824522871
NA	0
NA	5241.53655644
NA	0
NA	2357.87297186
NA	0
NA	0
NA	370.3840883
NA	106072.62092
NA	0
NA	0
NA	1714.84916473
NA	0
NA	0
NA	936.713307183
NA	0
NA	0
NA	1371.57076693
NA	0
NA	5417.55830647
NA	0
NA	0
NA	0
128077	133977.102809
NA	3041.70173073
284021	186125.346786
NA	0
NA	4668.50683644
NA	0
NA	0
NA	0
NA	0
NA	5436.65102297
NA	0
NA	0
NA	0
NA	806.614236741
NA	0
NA	916.028786205
NA	0
NA	0
NA	0
NA	0
NA	0
NA	476.034631519
NA	0
NA	190.413852608
NA	0
NA	187.221873131
NA	0
NA	50810.9490698
NA	0
NA	22970.6203735
NA	0
NA	0
NA	0
NA	239.984401014
NA	433.404664518
NA	0
NA	2713.84229184
NA	735.142089182
NA	1220.08876146
NA	0
NA	0
NA	1628.3053751
NA	2121.50593773
NA	0
NA	0
NA	0
NA	0
NA	0
NA	0
NA	0
NA	0
NA	0
NA	0
NA	0
NA	0
NA	481.560738353
NA	0
NA	0
NA	0
NA	3722.83493881
NA	545.829182757
NA	0
NA	0
NA	0
NA	1004.77898002
NA	1106.21381039
NA	1414.767967
NA	0
NA	0
NA	0
NA	0
NA	5476.09665311
NA	0
NA	0
NA	5840.99964537
NA	122.869305456
NA	0
NA	1220.08876146
NA	1372.96040296
NA	1352.70710509
NA	856.581490345
NA	1235.66436267
NA	1384.96562111
NA	12564.5679185
NA	0
NA	1405.52335541
NA	0
NA	2002.62844984
NA	0
NA	0
NA	6297.42199287
NA	2135.15533255
NA	3196.85642452
NA	5699.52800784
NA	0
NA	1613.22847348
NA	651.078756114
NA	0
NA	0
NA	448.811630953
NA	401.078902247
780529	0
NA	5526.28439013
NA	0
NA	44404.8986677
NA	3671.06353005
NA	6902.87936355
NA	651.078756114
NA	2148.31905223
NA	2935.26047161
NA	0
NA	695.523653238
NA	437.716498684
NA	2768.46411763
NA	0
NA	0
NA	69.2042719797
NA	1346.85123018
NA	1845.94358335
NA	0
NA	3006.0157891
729096	2732.28450292
NA	1325.94121108
NA	0
NA	8141.52687552
NA	0
NA	4493.32495515
389332	348.387672738
NA	0
NA	5317.8230162
NA	4270.3106651
NA	38553.4262307
NA	4623.90326794
NA	0
NA	7604.08838565
NA	721.443789384
NA	4949.67827091
NA	11149.013534
NA	13944.1652384
NA	3226.45694697
NA	291.840326861
NA	7284.36118015
NA	1120.29755103
NA	14096.1711275
11068	76822.9599186
NA	0
NA	1644.70114981
NA	8594.79017585
NA	12969.876561
NA	49376.5476094
NA	2123.99987104
NA	0
119385	188.681692805
NA	9891.32786661
407054	0
NA	2963.0727064
105374758	2956.36892199
NA	0
NA	0
NA	0
NA	0
NA	28370.5697061
NA	0
NA	0
NA	0
NA	0
NA	5318.33562687
NA	704.808556376
NA	0
NA	282.609367617
105378083	11758.1285971
NA	6599.57102788
NA	4537.20508167
NA	0
NA	16593.2071558
NA	0
NA	0
NA	0
NA	4963.77991841
NA	7713.24863884
NA	576.153026244
NA	576.153026244
NA	0
NA	536.996995334
NA	0
NA	2882.84510604
NA	1897.91585116
NA	994.455908311
NA	1257.06114817
NA	369.441635149
NA	1004.77898002
NA	444.007836738
NA	0
NA	0
NA	0
NA	2745.92080593
NA	1481.5363532
NA	4231.41894684
NA	3913.49225373
NA	3208.63121798
NA	0
NA	4683.56653592
NA	76146.1374576
NA	9367.13307183
NA	0
NA	34512.9715233
NA	0
NA	1596.96310849
NA	455.499804277
NA	0
NA	0
NA	6492.26092987
NA	5103.35896708
NA	0
NA	0
NA	0
NA	532.809404086
NA	5608.21915674
NA	6473.46457512
NA	1029.72030222
NA	0
NA	3664.11514482
NA	2177.8584392
NA	23334.1975629
NA	1055.41964585
102724889	48679.0516051
NA	9322.02649203
NA	0
NA	0
NA	1592.58386779
NA	3675.71044591
NA	5707.7371052
NA	1459.20163431
NA	0
NA	0
NA	4132.55870816
284615	1895.33505723
NA	153.39731919
NA	25528.011009
406931	0
NA	3655.14703083
NA	21647.9502097
NA	49327.5629392
NA	0
404672	90052.6948972
NA	2968.12053043
NA	0
NA	0
NA	3970.50184375
NA	0
NA	3084.47325734
NA	760.160013683
NA	0
NA	3689.72204863
NA	0
NA	15262.6197896
NA	0
NA	1522.97792951
NA	9367.13307183
NA	623.056812932
NA	155144.525535
NA	0
NA	24100.4577617
NA	2475.32411275
NA	0
NA	44172.6898724
NA	26845.7126558
NA	3800.80006841
NA	5024.80999937
NA	0
NA	0
NA	1974.03892064
NA	742.662724365
NA	1807.35140183
NA	711.718444183
NA	90619.4286773
NA	9465.92354527
NA	510.335896708
NA	34227.4330115
NA	0
NA	0
NA	3592.34381724
NA	5976.03812441
NA	16666.4663486
NA	629.893980969
NA	15368.3603881
NA	997.873282567
NA	0
NA	3082.60217863
NA	7360.73828205
NA	0
NA	6577.42481638
NA	25301.6988546
NA	7410.66672842
NA	61915.5285633
NA	2496.1128243
NA	8778.56395173
NA	3891.20435815
NA	16333.938294
NA	0
NA	7663.57294171
NA	34998.8550179
NA	1096.81255987
NA	16313.5463611
NA	16661.2121032
NA	0
NA	11143.2937446
NA	835.629137343
NA	2150.97129798
NA	2356.0334704
NA	365.489144401
NA	113.741137966
NA	0
NA	0
NA	0
NA	3642.44758819
NA	17749.4575322
NA	18230.2051712
NA	12176.4191071
NA	0
NA	227.749902139
NA	1389.38337429
NA	23810.2170418
NA	2684.57126558
NA	10721.7646238
NA	15638.2654557
NA	11515.1135866
NA	2838.68840072
723790	0
NA	945.866857416
NA	0
NA	0
NA	1277.33632798
NA	4572.93110593
NA	562.481598502
NA	0
NA	1955.42845271
NA	0
NA	326.454328529
NA	0
NA	41861.0735621
NA	10839.3740261
NA	1085.53691674
NA	0
NA	0
NA	0
NA	839.009318772
NA	7169.90432659
NA	0
NA	3675.71044591
NA	15028.9676642
NA	0
NA	2138.29989121
NA	0
NA	532.809404086
NA	0
NA	0
NA	5882.49056629
NA	1635.95000128
NA	0
NA	0
NA	7971.24657485
NA	6039.12218843
NA	0
NA	3584.95216329
NA	6672.36041422
NA	10469.1487273
NA	0
NA	11083.2490545
NA	5465.99765133
NA	37092.4794998
NA	93.3251246109
NA	1059.78512857
NA	48961.7980279
NA	69138.3631493
NA	0
NA	0
NA	0
NA	0
NA	5444.646098
NA	15155.591087
NA	0
NA	658.460601421
NA	4177.75535173
NA	0
NA	2189.90290518
NA	110.747950125
NA	39892.6146478
NA	3080.96684591
11165	104718.968128
NA	0
NA	0
NA	0
9757	121983.237545
NA	2089.07284336
NA	106484.616045
NA	0
NA	29189.0905774
NA	40273.5051536
NA	503.260182369
NA	36447.0136602
NA	4033.07118371
NA	25862.5804881
NA	0
NA	549.617271723
NA	0
NA	772.290226667
NA	3903.1530158
NA	2183.31673103
NA	3771.1834445
NA	5817.31803459
NA	0
NA	0
NA	19237.4245898
NA	9722.58231786
NA	12993.7079382
NA	0
NA	354.339384047
NA	5042.99536888
NA	8553.86260358
NA	613.913583989
NA	0
NA	129.288123431
NA	315.631657855
NA	0
NA	62803.3596421
NA	2911.08897471
NA	1897.91585116
100101267	116722.149572
NA	0
101180976	0
NA	0
NA	0
100133941	9599923.1151
NA	0
NA	15056.7990858
NA	180.248991451
NA	1059.78512857
NA	994.455908311
NA	0
NA	0
NA	1955.42845271
100631383	447.842574378
NA	7269.09272636
NA	1316.92120284
NA	0
NA	14432.7474725
NA	7668.51563099
NA	133.692967416
NA	1325.94121108
NA	0
NA	5270.074868
NA	530.861289263
NA	4191.06778678
NA	1485.32544873
NA	2440.17752291
NA	0
NA	3309.18661227
NA	0
NA	14856.7087325
NA	247.977049724
NA	0
NA	12995.4515919
NA	0
NA	0
NA	16900.4887698
NA	19533.6700705
NA	21354.3572064
NA	2895.12587464
NA	0
574451	0
NA	2146.99538061
NA	0
NA	0
NA	34311.3775086
NA	2063.8317358
NA	2485.43045843
NA	1541.84668262
NA	0
NA	0
NA	2360.82215632
NA	0
NA	2369.07677924
NA	0
NA	0
NA	0
NA	0
NA	985612.456929
NA	487.216653065
NA	238.408148791
NA	364.114263607
NA	346.930854512
NA	0
NA	14930.9443822
NA	12687.5474024
NA	71259.1718348
NA	1319.91420558
NA	469.872370917
NA	0
NA	0
NA	6913.83631493
NA	839.251807014
NA	4454.5522566
154313	482.227166167
NA	0
NA	2486.13977078
NA	16783.205711
NA	0
NA	47286.8346126
NA	3122.37769061
NA	6851.0973284
NA	6913.83631493
NA	0
NA	6113.28684688
NA	3380.89279048
NA	502.389490012
NA	0
NA	0
NA	0
NA	190.663903629
NA	1071.51706726
NA	0
NA	1914.60082567
NA	21054.8247899
NA	0
NA	0
NA	4148.30178896
NA	421.697829258
NA	80194.3419335
NA	476.034631519
NA	11648.5265134
NA	2539.94881708
NA	0
NA	4789.42601168
389125	0
NA	1725.03638749
NA	0
NA	2856.20778912
NA	2443.30952487
NA	0
NA	2503.2855623
NA	4442.54850834
NA	198.891181662
NA	0
NA	0
NA	0
NA	2724.02556498
NA	13006.6545675
NA	0
NA	0
152687	52273.0324588
NA	9686.88005024
NA	15611.8884531
NA	0
NA	1018.08731088
NA	0
NA	877.284366244
84740	512.814349187
NA	9944.55908311
NA	4033.07118371
NA	1826.29638507
NA	1178.0167352
NA	6764.285779
NA	4259.21894909
NA	18548.5740784
NA	0
8447	5269.01235291
NA	0
NA	0
NA	0
NA	22924.8256758
NA	24481.4496414
NA	6120.44526239
NA	8572.13653806
NA	5846.59983678
NA	15768.2275335
NA	17537.0623381
NA	12516.4278115
NA	6795.19013791
NA	10370.7544724
NA	0
NA	3456.91815746
NA	4185.67387714
NA	0
105373098	18329.7055791
NA	23507.0434707
NA	28958.7734174
NA	22473.4883068
NA	2123.44515705
57717	36871.0286981
NA	0
NA	2564.07174593
NA	0
NA	0
NA	0
NA	1342.58116023
NA	0
NA	53815.2728505
NA	0
NA	2631.85309873
NA	4054.73107191
NA	1194.98405443
NA	9679.3708409
NA	0
NA	0
NA	34512.5107852
NA	18750.6136708
NA	0
NA	846.181035144
NA	1004.77898002
NA	0
NA	18148.8203267
NA	5778.72886024
NA	45092.9429272
NA	0
NA	758.175261689
NA	1223.51597708
NA	2405.52411431
NA	563.846845101
NA	4660.6879834
NA	6770.54437057
NA	252.2859472
NA	0
NA	3333.68059173
NA	11550.7755641
NA	8790.24283046
NA	1913.54942489
NA	0
NA	0
NA	0
NA	5038.15832413
NA	0
NA	3326.78866872
NA	0
NA	12291.2645599
101752399	8137.97286518
NA	0
NA	3597.64225945
NA	13559.8242496
NA	60307.6064853
NA	0
NA	363.886121838
NA	13677.3718404
NA	7830.50225331
NA	7859.03114771
NA	172.640383607
NA	0
NA	601.20315782
NA	0
NA	28036.7982978
NA	105169.256773
NA	5023.89490012
NA	1832.05757241
NA	10511.5339449
NA	446.740192657
NA	1704.11458466
NA	3416.24853208
NA	1595.50068806
NA	8483.04410775
NA	480.763452362
NA	2718.92439351
NA	4830.73960636
NA	0
386675	0
NA	18835.5324471
NA	1317.83067881
NA	4493.32495515
NA	7588.35693102
NA	1059.78512857
NA	0
NA	1525.6451413
NA	68944.2905509
NA	927.735224367
NA	1625.26749194
NA	1313.94174311
NA	9798.13612729
NA	11027.1313377
NA	24502.536599
NA	2161.6460935
NA	655.487867329
NA	12149.8378756
NA	0
NA	2353.16957234
NA	3114.00670485
NA	28392.8211333
NA	19704.4334975
NA	820.285664483
NA	3285.78359521
NA	3573.92154125
NA	17260.4165345
NA	0
NA	9010.82570774
NA	1738.80913309
NA	5017.38445316
NA	0
NA	3489.22580379
NA	14110.5917629
NA	1752.8035728
NA	8737.13120152
NA	0
NA	4249.47988137
105377540	6750.34279084
NA	6864.80201482
NA	836.83321391
NA	0
NA	0
NA	0
NA	104.585314326
NA	15210.4398928
55802	119906.030165
NA	0
NA	233865.79965
NA	1188.13881026
NA	15274.3828877
NA	0
NA	790.152721706
NA	0
100130705	14874.9350846
NA	0
NA	3281.14265793
NA	457.293110593
NA	2173.51141637
NA	3229.71928968
NA	4278.99015832
NA	24534.8758213
NA	9853.2517542
NA	2875.06064581
NA	0
NA	74508.0804378
NA	3350.55144493
NA	0
NA	49.9108156114
NA	0
NA	3621.53330782
NA	0
NA	354.989150644
NA	7461.61349619
NA	0
NA	60676.6530325
NA	5013.77482406
NA	61778.6382062
NA	0
NA	0
NA	0
NA	5185.37723619
NA	2028.86375704
NA	388.729752646
NA	16984.837494
NA	1486.59279126
NA	1626.78501528
NA	11554.9582703
NA	5513.56566886
NA	3376.52471194
NA	0
NA	0
NA	0
NA	0
100533952	1107.26835168
NA	373.240520857
107986163	48465.8939394
NA	1061.72257853
NA	4737.04935117
NA	383.088555708
NA	11293.4587861
NA	4051.82965433
NA	710.914242552
NA	0
NA	2137.87604584
NA	0
NA	22996.6260247
79482	0
NA	780.594422653
NA	1346.69507352
NA	46300.9274476
NA	0
NA	6988.00620291
NA	1541.84668262
NA	49234.1700212
NA	4577.17119041
NA	0
NA	3861.45113334
NA	3089.16090667
NA	3738.0835313
NA	5765.34332019
NA	1507.91385504
NA	2141.45372586
NA	0
NA	12221.4278294
NA	91051.7087576
NA	33992.1995512
NA	8351.66953086
80039	1206.30871183
NA	2528.43578563
NA	0
NA	9096.27621193
NA	5681.3698414
26220	841.684420947
NA	45073.768525
NA	4261.35823184
NA	1674.87310873
NA	15104.9005344
NA	270.625466195
NA	2399.84401014
150590	66436.1011005
NA	0
NA	0
NA	0
NA	0
NA	5110.70780399
NA	3480.59567909
NA	25134.2778741
NA	0
NA	29843.4109124
NA	1173.25707162
NA	0
NA	1779.65960302
NA	1540.6611027
NA	0
NA	3001.3552995
NA	4505.91401214
NA	2792.1262041
NA	3833.41419441
2904	18.9346064963
NA	4418.84320997
NA	1683.36884189
NA	44081.2111544
79296	0
NA	0
NA	1822.47568134
NA	3006.90514288
NA	0
NA	4760.34631519
NA	0
NA	2074.15089448
NA	491.338621365
NA	0
NA	235.126417188
NA	19146.0082567
NA	608.340346146
NA	0
147719	0
NA	525.101492273
NA	4689.38463099
NA	0
NA	2324.47945071
NA	3353.13077629
NA	0
NA	528.927368355
NA	0
NA	5467.83557925
NA	5631.63394379
NA	51188.9804086
NA	4178.14568672
101060684	21397.7518283
NA	14972.7767695
NA	3271.90000256
NA	4371.32876686
NA	0
NA	29789.1709402
NA	15721.271111
NA	35605.9706161
NA	9622.76633305
NA	0
NA	7433.55055701
NA	8130.67150635
NA	4050.97321179
NA	3472.42003261
NA	16156.5438096
NA	2875.06064581
NA	4161.03966548
NA	0
NA	0
NA	69.8535302446
NA	0
NA	1470.28417836
8926	10132.4477739
NA	4625.54004786
NA	1628.3053751
NA	5279.65682231
NA	4051.82965433
NA	4388.63161552
NA	1048.30731129
NA	1405.06996078
NA	6842.55965188
NA	410.722949401
NA	20589.3707374
NA	9836.17949958
NA	613.049525461
NA	2595.99984239
NA	15911.294533
NA	0
NA	1321.41581446
NA	9052.1611717
NA	0
NA	1890.50211736
NA	3184.00356608
NA	0
NA	3156.31657855
440686	11615.2450091
NA	0
NA	608.765461692
NA	0
NA	984.899237626
NA	0
NA	0
NA	0
NA	67542.8624612
NA	0
NA	12187.1787521
NA	544.805112996
NA	0
NA	5620.2798431
112441426	0
NA	4855.87165931
NA	1227.82716798
NA	0
NA	2734.28554828
NA	8652.29151103
NA	2460.85699345
NA	2385.06057681
NA	0
NA	14794.6427438
NA	913.148192537
NA	0
NA	3596.0510864
NA	2433.36138458
NA	189.358412277
NA	9970.16738976
NA	0
NA	3173.56421013
NA	20291.6930881
NA	5028.24459267
NA	0
NA	31368.0773211
NA	48582.9959514
NA	2406.47341348
728116	497.770356474
NA	0
NA	5790.25174929
NA	0
NA	1861.4174694
NA	0
NA	1308.02308661
NA	84.80757162
NA	2060.53663457
105375519	722.940560731
NA	0
NA	0
NA	2089.88555405
NA	1101.31905901
NA	36514.991795
NA	7421.88179494
NA	4992.2256486
NA	14033.7761514
NA	0
NA	564.943823399
NA	26950.750476
NA	363.203408664
NA	2399.84401014
NA	3616.84675549
NA	0
NA	0
NA	369.159833749
NA	5493.58616129
NA	0
NA	301.225233638
NA	877.284366244
NA	4955.30930421
NA	0
NA	4168.15012287
NA	1756.84345427
NA	792.308663648
NA	658.460601421
NA	4141.72761813
NA	80704.3286867
NA	1331.26017296
NA	5707.7371052
NA	13034.5642246
NA	0
NA	33667.3768379
NA	7330.00898631
NA	0
NA	1217.53092338
NA	0
NA	4821.82680266
NA	0
NA	0
NA	14151.1269604
NA	3950.76360853
NA	0
NA	174.193836369
NA	18237.9724265
NA	604.960677556
NA	1300.21399355
NA	0
NA	2252.65357752
NA	6736.68122929
NA	503.260182369
NA	4324.82526934
NA	3886.55425734
NA	5427.68458368
NA	3591.28600104
NA	0
NA	85.5319956486
NA	517.613413952
NA	3252.26860254
NA	23186.3255885
NA	0
NA	0
NA	0
101929497	16164.3568715
NA	0
NA	0
NA	4727.13459672
NA	283.783166603
NA	0
NA	229.731902869
NA	7226.67958709
NA	412.473189243
NA	1538.62831286
NA	0
NA	0
NA	27737.8985291
NA	2688.71412247
NA	1401.11520013
NA	0
NA	1613.22847348
NA	7466.94322012
NA	4778.14865744
NA	1566.24123639
NA	1379.48278018
NA	288.649229848
NA	4208.42210474
NA	1322.92084386
NA	23299.5256497
NA	0
NA	7498.10417252
NA	9564.59569258
NA	190.040003421
NA	17914.4740097
NA	1522.97792951
NA	841.684420947
NA	1944.51646357
NA	0
NA	3161.22531351
NA	0
NA	441.980403694
NA	10346.1208513
NA	2470.37306844
NA	311.317207426
NA	5256.40980107
NA	9427.95861126
NA	0
NA	0
NA	0
NA	792.669131647
NA	320.508968242
NA	0
102723859	0
101060351	0
653404	0
NA	0
NA	0
102723849	0
NA	264.463684177
NA	169.170477848
NA	0
NA	0
NA	0
123624	0
NA	0
8362	4653.54367351
NA	0
NA	0
NA	0
NA	546.857109655
NA	0
NA	0
NA	0
NA	0
NA	0
54883	119835.038165
NA	592.614541279
NA	0
NA	0
NA	6070.68554481
NA	0
NA	2304.61210498
NA	0
NA	0
NA	131459.362118
NA	0
NA	0
NA	0
NA	0
NA	0
NA	0
102723553	67.1556718841
54065	67.1556718841
NA	0
NA	0
NA	0
NA	0
NA	878.345811334
NA	0
NA	3423.80103436
NA	0
100170841	61293.1388285
NA	0
NA	0
NA	0
9326	85980.9522879
NA	0
NA	0
NA	0
NA	861.153989404
NA	24343.3278633
NA	0
NA	0
NA	0
NA	2647.85220572
NA	0
NA	0
NA	133.7545487
NA	0
NA	0
NA	0
NA	0
NA	0
NA	676.879079783
NA	5352.64746962
NA	0
NA	0
NA	0
NA	0
NA	0
NA	5693.74755347
NA	108.797723952
NA	0
NA	0
NA	316.491689621
NA	33900.1006409
NA	15757.1153224
NA	5247.85166073
NA	0
NA	0
NA	0
NA	0
101060211	0
NA	0
NA	0
NA	0
NA	23240.4859261
8342	0
NA	0
3975	59.4799519105
NA	0
NA	0
NA	0
NA	2143.03413452
NA	0
NA	0
NA	754.236688901
NA	0
NA	5658.70910698
NA	6031.65542014
NA	1018.88114115
NA	0
NA	5329.62202883
NA	0
NA	0
NA	8871.1138053
NA	0
NA	0
NA	3056.64342344
NA	0
NA	0
NA	0
NA	1688.26235597
23191	384405.050161
NA	0
102723623	0
NA	0
NA	9865.23763695
NA	703.101998128
NA	0
NA	4779.93621773
NA	5706.17931669
NA	0
NA	1770.61661724
NA	0
NA	207.63755826
NA	0
NA	0
125931	0
NA	0
NA	0
NA	8480.15675441
NA	17098.5840235
NA	0
NA	0
NA	1046.41846929
NA	0
NA	10869.881693
NA	1653.02348326
NA	0
8339	15746.3449086
NA	0
NA	1104.11074231
NA	0
NA	13473.6842105
NA	0
NA	0
NA	0
NA	3162.0449208
389856	74314.4972888
NA	7542.36688901
NA	412.76634716
NA	0
NA	2933.14267906
NA	0
NA	0
NA	0
NA	0
NA	8314.87803513
NA	0
NA	0
6880	250041.023236
NA	0
NA	0
NA	0
NA	0
NA	1069.54373933
NA	656.970871554
NA	0
NA	0
NA	0
NA	1143.23277648
NA	9733.44553833
NA	0
NA	0
NA	0
105373373	0
NA	0
NA	0
NA	0
NA	1954.112552
NA	0
NA	4347.4716735
NA	21156.3391237
NA	0
NA	0
NA	0
79159	22573.5118245
NA	0
NA	12385.9247727
NA	0
NA	0
NA	0
NA	0
NA	0
NA	0
NA	0
NA	534.771869663
NA	1077.48098414
NA	0
NA	0
NA	0
NA	0
NA	0
NA	0
NA	0
NA	0
NA	0
NA	2251.01647463
NA	3103.30973525
NA	0
NA	0
NA	6021.72840332
NA	0
NA	907.441016334
NA	0
NA	0
NA	991.061860843
NA	0
NA	0
NA	0
NA	1555.61317086
NA	0
NA	0
283767	0
NA	0
NA	2143.03413452
NA	0
NA	0
NA	738.883270297
8355	1686.16165623
NA	987.690902132
NA	10114.8722866
NA	0
NA	964.721346269
NA	0
NA	0
NA	375.169412438
NA	0
NA	1940.18569194
NA	2503.2855623
NA	5050.10652568
NA	0
NA	1942.34866372
NA	0
NA	1156.89691325
378706	1625166.36419
NA	5765.69021209
NA	0
NA	556.285680511
NA	3244.48184611
NA	7204.84847705
NA	0
NA	517.613413952
NA	0
NA	0
NA	1093.71421931
NA	0
NA	2230.26977901
NA	6130.8874808
NA	0
NA	5185.37723619
NA	1212.44728696
729461	126.088200272
NA	0
NA	0
NA	4812.94682696
NA	0
NA	0
NA	0
NA	0
NA	0
NA	0
NA	0
NA	0
NA	0
NA	0
729438	39626.4778373
NA	0
NA	0
NA	0
NA	0
NA	1814.07217902
NA	0
NA	0
NA	0
NA	5279.65682231
NA	1347.47621915
NA	0
NA	0
NA	0
390538	0
NA	33340.0551186
NA	4070.76343776
NA	0
NA	4131.43877355
NA	0
NA	0
NA	0
NA	0
NA	2792.1262041
NA	0
NA	22063.2717697
NA	0
NA	0
NA	0
NA	0
NA	0
NA	0
NA	0
NA	555.222036763
NA	0
NA	0
NA	0
NA	0
NA	0
NA	1037.07544724
NA	0
NA	0
NA	1144010.25472
NA	0
NA	0
256302	157527.785435
NA	0
474382	0
NA	718.409513179
NA	0
NA	2135.15533255
NA	0
NA	6832.49706416
NA	0
NA	0
NA	0
NA	0
195977	0
NA	1759.88560744
30837	85554.8147635
NA	0
NA	5006.5711246
NA	4949.67827091
NA	956.774712444
NA	0
NA	0
NA	4201.83873031
NA	450.902368365
729877	0
NA	926.255582861
NA	0
NA	0
NA	0
NA	0
NA	379.087630844
NA	0
NA	0
NA	5740.64827467
NA	624.475538122
NA	1102.01565551
728226	1199.92200507
NA	0
NA	0
NA	0
NA	1491.04557241
NA	0
NA	0
NA	38833.8394368
NA	0
NA	507.659309837
NA	877.284366244
NA	14449.7765109
645051	0
NA	893.480385313
102724560	21756.8275645
NA	0
NA	0
NA	0
NA	0
NA	2846.87377673
151	1033.69133869
8344	2256.84812352
NA	3341.55495083
NA	0
NA	0
NA	0
NA	0
NA	0
NA	0
NA	0
NA	0
NA	4839.68542045
NA	713.46713815
NA	0
NA	0
NA	0
NA	0
NA	24823.8337669
NA	0
NA	761.233036489
NA	0
NA	0
NA	3590.16663917
NA	0
NA	0
NA	0
NA	340.0247368
102724219	33.163673507
NA	562.390817095
NA	9777.14226353
NA	0
NA	0
NA	0
NA	0
NA	0
26149	8034.49737361
NA	0
NA	700.276025467
NA	0
NA	0
NA	0
NA	2826.09367617
NA	0
NA	1962.03462991
NA	0
NA	0
NA	9749.00660234
NA	0
NA	45149.2747898
NA	493.845451066
NA	411.888120889
NA	249.254184744
NA	297.826795104
NA	0
NA	0
NA	0
NA	0
NA	15077.4815022
NA	0
100129924	432.114769683
NA	0
NA	0
7179	0
NA	0
NA	0
NA	0
NA	1220.08876146
NA	1384.96562111
NA	0
NA	0
NA	746.161349619
NA	0
NA	0
101060389	0
NA	0
NA	0
NA	7230.86919788
NA	1013.54668491
NA	0
NA	5058.18525991
NA	6074.9189378
NA	0
NA	0
NA	0
NA	0
100130301	4413.08700953
NA	0
NA	0
NA	0
NA	3226.45694697
NA	0
NA	0
NA	0
NA	0
NA	0
NA	0
NA	5647.92262346
NA	414.632734736
NA	0
NA	0
NA	0
NA	0
NA	30583.7425211
NA	0
NA	1942.34866372
NA	0
NA	0
NA	0
NA	0
NA	8029.83175868
NA	0
NA	0
NA	570.717620336
NA	1319.91420558
NA	0
NA	578.064615581
NA	0
NA	1897.91585116
NA	0
NA	0
NA	0
NA	0
NA	0
NA	1029.72030222
729873	2801.74759006
101060376	2801.74759006
NA	1048.30731129
NA	4805.36141037
NA	0
NA	0
81554	345675.338539
NA	2360.82215632
NA	1005.93923289
645832	0
NA	0
NA	0
NA	2239.85440946
NA	0
NA	0
NA	0
NA	0
NA	0
NA	0
NA	0
NA	1081.4939487
102724334	0
NA	13581.2998436
NA	170582.634102
NA	0
NA	33466.8021275
NA	0
NA	1455.54448735
NA	0
NA	0
NA	30011.4570765
NA	6165.20435726
NA	0
NA	0
NA	0
NA	3758.97896734
NA	0
139189	156.814432416
NA	952.069263039
NA	0
NA	0
NA	874.641943454
NA	0
440804	47.5644758766
NA	0
NA	4043.12871783
NA	2664.04702043
NA	69335.2522447
NA	0
NA	0
729873	0
NA	0
NA	0
NA	893.480385313
NA	0
8361	3722.83493881
NA	7992.14106129
NA	0
NA	349.856777382
NA	0
NA	0
NA	1143.23277648
NA	0
NA	0
NA	0
NA	0
NA	0
8348	2286.46555297
NA	1021.270077
NA	0
NA	0
NA	0
NA	16447.3684211
NA	387.691755977
NA	0
NA	0
100510707	0
107984539	512.136023328
NA	0
NA	0
NA	0
NA	0
NA	0
NA	5124.37279812
NA	0
NA	2846.87377673
NA	1592.58386779
NA	234.367332709
NA	0
NA	2167.02332259
NA	0
NA	0
NA	5638.46845101
NA	0
NA	3512.67490194
NA	0
NA	713.116712247
NA	0
NA	0
NA	0
619554	0
NA	0
NA	1099.92850465
NA	33745.0384927
NA	0
NA	0
NA	0
NA	388.469732745
NA	0
NA	0
NA	712.591718348
NA	0
NA	0
NA	0
6368	3147.76287509
NA	562.754118657
NA	0
NA	0
162699	0
NA	0
NA	0
337878	0
8353	28967.4601808
NA	600.736747301
NA	1419.95660258
NA	0
NA	3024.80338778
NA	0
NA	2286.46555297
NA	0
101929983	0
NA	7342.97098275
NA	0
NA	414.534083122
NA	419.929320646
NA	0
NA	981.017314956
NA	32.3796972822
NA	670.368122878
NA	0
NA	0
474383	0
NA	0
NA	0
NA	2059.44060445
NA	0
NA	0
414059	192.688205194
414060	192.688205194
NA	0
NA	186.524361014
NA	0
NA	0
NA	27223.23049
NA	0
NA	5105.60220179
NA	0
NA	0
NA	3376.52471194
NA	0
NA	0
NA	910.285659018
NA	0
NA	46247.9591336
NA	0
NA	824.946378485
NA	0
NA	0
NA	0
NA	0
NA	0
NA	0
NA	1033.38478728
NA	0
NA	0
NA	0
NA	9700.92845969
NA	0
NA	0
NA	885.308308618
NA	0
NA	0
NA	0
NA	0
NA	0
NA	0
NA	0
NA	1152.30605249
NA	0
NA	0
NA	0
NA	0
NA	0
NA	0
NA	0
NA	221.074324497
101927423	4148.30178896
NA	4309.92393658
NA	0
NA	0
NA	6540.11543304
NA	0
NA	0
NA	0
NA	7051.19730131
NA	0
NA	13913.8970407
NA	0
NA	11838.9736449
NA	0
NA	1085.13126019
NA	3957.49404057
NA	0
NA	0
102724862	82.518080485
NA	0
NA	0
NA	0
NA	3322.43850374
NA	535.923331701
NA	2583.46196821
NA	0
NA	41.2473189243
NA	0
NA	971.174331862
NA	49859.1025629
NA	0
NA	0
NA	0
NA	0
NA	0
NA	0
NA	1363.29166773
NA	0
NA	0
NA	492.264103794
NA	0
NA	0
NA	0
NA	9479.79618438
NA	0
NA	0
NA	0
NA	0
NA	0
85235	750.338824876
NA	0
NA	0
NA	1595.50068806
NA	0
140883	8169.03043186
NA	0
NA	0
NA	0
NA	0
NA	1037.07544724
NA	0
NA	210.116588442
NA	1233.04087145
NA	1770.61661724
4302	407405.918165
NA	6525.41854442
NA	2639.82841115
NA	0
NA	1694.1722592
NA	0
NA	0
102724101	0
NA	0
NA	0
NA	0
NA	0
NA	0
NA	0
NA	0
57223	279956.100042
NA	0
NA	9705.25151159
NA	266.160518081
NA	0
NA	0
NA	0
11276	129112.51544
NA	0
NA	0
NA	0
NA	3964.24744337
NA	0
NA	0
79873	89297.1569604
NA	0
NA	0
NA	0
NA	87.8345811334
NA	971.174331862
NA	1649.89275697
NA	0
NA	0
NA	2450.47363061
NA	0
NA	804.379848274
NA	3308.13940132
NA	0
NA	0
NA	0
NA	0
7549	29866.5271442
729428	0
NA	0
NA	0
NA	3884.69732745
NA	0
8368	0
NA	0
NA	0
NA	0
NA	0
NA	14332.1156228
NA	1942.34866372
NA	0
NA	0
NA	0
NA	504.133897963
NA	13002.1399355
NA	0
NA	0
NA	0
6360	0
NA	1344.35706124
NA	0
NA	0
NA	0
NA	38947.5532987
NA	0
NA	851.557551985
NA	0
NA	4148.30178896
NA	0
NA	0
NA	0
NA	0
NA	2413.13954482
NA	115324.479469
94059	53196.1247154
NA	0
NA	0
NA	3105.68048371
NA	0
NA	515.774645163
NA	2205.10726469
NA	0
NA	30857.939738
NA	0
NA	2569.74447103
NA	2286.46555297
NA	0
NA	0
NA	0
NA	0
NA	0
NA	0
8330	0
NA	0
NA	5221.23738306
NA	0
NA	1604.31560899
NA	1093.71421931
NA	0
NA	0
NA	0
NA	0
NA	509433.165914
NA	198.891181662
NA	4148.30178896
105379447	0
NA	1673.66642782
NA	1052.10552618
NA	0
NA	0
NA	0
NA	0
NA	4426.54154309
NA	0
NA	0
NA	0
NA	0
NA	0
NA	0
NA	0
NA	0
NA	0
NA	0
NA	0
NA	1322.31842089
NA	0
NA	0
NA	156.539690149
6351	19006.244909
NA	0
NA	0
NA	0
NA	0
NA	0
NA	0
NA	13846.5114209
NA	918.927611477
NA	0
NA	2050.352164
NA	2942.28731719
NA	0
NA	1221.79996589
NA	157.558939353
NA	670.626155258
NA	0
NA	0
NA	0
NA	2277.49902139
NA	0
157285	274689.649251
NA	1792.47608165
NA	3376.52471194
NA	2812.40799251
NA	0
NA	0
NA	0
NA	0
NA	0
154872	0
NA	3687.37936796
NA	0
102466753	0
NA	0
NA	0
NA	0
NA	5274.94003539
NA	1642.11757904
NA	0
NA	3416.24853208
NA	388.729752646
NA	0
8354	2119.57025713
NA	683.249706416
NA	572.555619902
6362	205989.760272
NA	0
NA	0
NA	2557.97326662
NA	1145.48767348
NA	0
NA	1826.29638507
NA	1087.5697574
8857	306176.101948
NA	273472.857176
NA	2419.84271022
NA	1075.48564899
NA	12602.4358145
6928	730.579818585
NA	0
NA	7018.27492995
NA	0
NA	0
NA	0
NA	0
NA	0
NA	2002.62844984
NA	0
NA	0
NA	0
NA	0
NA	863.295237161
NA	1610.24653545
NA	8066.14236741
NA	0
NA	2988.48499376
NA	0
NA	0
NA	278.944404637
NA	0
NA	0
NA	4294.87284641
NA	0
NA	8645.84459094
NA	0
NA	0
NA	0
102724159	10204.5418217
NA	0
NA	638.200275224
NA	625.147739993
NA	0
NA	0
NA	10754.8564899
NA	47271.3459672
NA	0
NA	1953.03722256
NA	7301.65305213
NA	3484.57350272
NA	0
388381	0
NA	0
NA	2411.23117033
NA	0
NA	37521.1566304
102724701	100.896846847
NA	388.210060464
NA	0
NA	0
NA	0
NA	802.157804494
NA	0
NA	114.639212486
NA	0
NA	0
NA	0
NA	0
100129407	0
NA	0
NA	0
NA	0
NA	24198.4271022
NA	34057.0455513
NA	6955.23653238
NA	2419.84271022
NA	786.940718772
NA	3414.24015552
NA	0
NA	543.581290204
107983955	0
NA	3897.73322452
NA	0
NA	0
NA	14809.9663139
NA	469.872370917
NA	0
NA	1416.49329379
NA	1042.66113187
402635	0
NA	0
NA	0
NA	16606.0303453
NA	7378.89256929
NA	1575.30447682
NA	0
NA	0
NA	0
389610	1442.95927861
NA	0
NA	0
NA	0
NA	9603.15532246
NA	939.744741834
NA	0
NA	0
NA	0
NA	1914.60082567
NA	0
NA	6653.14177988
NA	0
107987066	0
NA	5112.34375399
NA	0
NA	9420.76169629
NA	0
NA	0
NA	636.800713217
NA	0
NA	0
NA	0
NA	0
NA	15977.9088043
NA	0
NA	0
NA	0
NA	0
NA	0
NA	0
NA	1008.26779593
NA	0
NA	0
8369	0
NA	0
NA	0
NA	0
NA	0
NA	0
NA	0
NA	0
NA	2802.90661416
NA	1180.41107816
NA	0
NA	0
NA	0
NA	0
NA	0
NA	0
NA	2399.84401014
NA	0
NA	0
NA	0
NA	0
26574	270854.010951
NA	2519.57592388
NA	0
NA	2119.57025713
NA	11276.936902
NA	0
8345	10670.1725805
8350	0
NA	0
6359	0
NA	6379.40633127
NA	5070.14663095
57151	0
NA	0
NA	0
NA	0
NA	0
NA	2627.88348622
NA	1052.42328684
NA	1121.16264566
NA	3576.12223186
NA	0
NA	0
NA	0
NA	22639.8843397
400658	5315.26144442
NA	81918.3722429
NA	51403.637487
NA	0
NA	319.451182868
NA	5570.86091562
NA	0
NA	0
NA	0
NA	0
440563	1011.78092414
NA	1166.18925794
NA	2692.03762571
NA	0
NA	0
NA	0
NA	3226.45694697
NA	3156.31657855
85376	1093.98294516
NA	0
NA	0
NA	0
NA	1079.4837369
NA	6056.81727231
NA	3396.27047049
NA	0
NA	0
NA	654.011543304
NA	885.308308618
NA	0
NA	0
NA	0
NA	0
NA	0
NA	0
NA	5017.85565756
57636	190579.600345
NA	0
NA	17869.6077063
114791	68224.7719351
NA	0
NA	655.487867329
NA	0
103504732	0
NA	295.628531664
NA	0
NA	0
NA	0
NA	15095.0516534
NA	0
NA	0
NA	0
NA	0
NA	0
NA	0
NA	0
NA	0
NA	0
NA	1980.77165912
NA	0
NA	1910.40213965
NA	0
NA	1686.19846556
NA	2119.57025713
NA	270.625466195
NA	8771.44893372
NA	3276.51481215
102724594	0
5645	252505.326284
NA	2031.42644931
NA	0
NA	0
NA	0
NA	0
NA	0
NA	0
NA	0
NA	0
NA	0
NA	4641.97180647
NA	0
NA	0
NA	0
NA	0
NA	522.26821084
NA	0
NA	0
NA	0
NA	0
NA	856.581490345
NA	0
NA	0
NA	0
NA	0
NA	1801.37174458
NA	0
102465433	0
NA	0
84218	0
NA	1318.91502753
NA	0
NA	0
NA	0
NA	9741.81839471
NA	43642.5032877
NA	0
NA	4683.56653592
NA	0
727830	0
NA	0
NA	0
NA	0
NA	0
NA	0
NA	3290.43767962
NA	0
NA	0
NA	0
102724428	19334.573465
NA	0
NA	0
NA	0
NA	0
NA	1037.07544724
NA	0
NA	0
NA	17316.3056328
NA	2030.63723935
NA	0
NA	0
NA	0
11072	284338.780884
NA	0
NA	0
NA	8383.70702755
NA	0
NA	2440.17752291
NA	0
26165	0
29128	8748.11941889
84876	239031.677795
NA	0
NA	0
NA	1071.51706726
NA	0
NA	1975.38180426
NA	0
NA	0
NA	0
NA	587.816042969
NA	0
NA	419.020382723
9560	4780.79161075
388372	4780.79161075
NA	3788.54883258
NA	0
NA	1644.28723232
102724652	0
102724951	0
NA	4839.68542045
NA	0
6349	790.690606472
414062	790.690606472
NA	127.304307421
NA	0
NA	0
NA	2424.89457392
NA	566.045078415
NA	0
NA	0
NA	2943.05194487
NA	0
NA	0
NA	0
NA	0
NA	0
NA	2481.8899592
NA	0
NA	3961.54331824
NA	0
NA	406.696253819
NA	6143.92135781
NA	8972.98677558
NA	0
392376	0
NA	0
NA	0
NA	0
NA	0
NA	707.671304371
NA	0
NA	443.329962178
NA	7533.47258843
NA	0
NA	0
NA	0
NA	5273.11989681
NA	0
NA	18280.6519513
NA	0
NA	0
NA	0
NA	0
NA	290.96305133
NA	0
NA	3629.76406534
NA	0
NA	3918.18609751
6029	0
NA	0
NA	1628.74028573
NA	0
NA	2672.21894381
NA	0
NA	0
NA	0
8294	85049.8040657
NA	0
NA	0
NA	0
NA	2114.42566913
NA	0
NA	0
NA	0
NA	0
441425	0
NA	0
NA	0
NA	0
NA	0
NA	269.370246036
NA	0
NA	0
NA	4184.16606955
NA	0
NA	17630.2826031
NA	0
NA	0
146850	10428.9517478
NA	0
NA	0
6871	69077.2220428
26687	0
NA	0
NA	1813.80238839
NA	4109.16686642
NA	361.620330295
100506571	109.909585627
NA	0
NA	20290.0900789
NA	11409.8673959
NA	0
NA	2487.20449873
NA	0
NA	0
NA	0
NA	0
NA	0
NA	436.007695536
102723475	0
NA	1810.63834904
NA	75561.9153986
NA	1363.29166773
8396	373211.927044
NA	0
NA	0
NA	1042.66113187
NA	0
NA	0
NA	0
NA	0
NA	0
NA	0
NA	22700.804578
NA	497.227954156
NA	0
NA	0
NA	0
NA	31528.1172362
NA	943.502781292
NA	0
NA	0
NA	0
NA	0
NA	0
NA	0
406937	0
NA	0
8331	0
NA	423.914051426
NA	0
389898	245.047363061
NA	4771.52083706
NA	0
NA	0
NA	0
NA	5054.99057455
NA	0
NA	1123.33123879
NA	0
NA	0
NA	4513.69624705
NA	0
NA	0
NA	0
NA	13611.615245
NA	10869.881693
NA	0
NA	0
NA	1738.80913309
6358	621.801124683
3018	0
NA	0
NA	1220.08876146
NA	2752.42772727
NA	1026.8073735
NA	2551.99984506
NA	0
NA	0
NA	0
NA	0
644054	0
NA	0
NA	570.493369797
NA	0
NA	0
NA	4475.0515874
NA	3932.3354304
NA	654.011543304
NA	0
NA	0
NA	0
NA	0
NA	0
NA	0
NA	0
NA	0
NA	0
NA	0
NA	0
NA	0
NA	0
NA	0
NA	0
NA	3820.8042793
NA	0
NA	0
NA	0
NA	0
NA	0
NA	0
NA	0
NA	4481.19020412
NA	0
NA	0
NA	0
NA	0
NA	4349.91698908
NA	0
NA	0
NA	0
NA	0
NA	5796.03044365
NA	2436.08326533
NA	0
NA	699.713554764
NA	0
NA	32118.9054991
NA	0
NA	0
NA	0
NA	16326.6496111
NA	0
NA	1180.41107816
NA	0
NA	0
NA	0
NA	884.922889242
NA	0
56101	103617.754642
NA	0
NA	24055.9812284
NA	0
NA	2713.84229184
NA	0
NA	0
NA	2054.29843065
NA	4633.74136
NA	0
NA	0
NA	5502.15787754
NA	14740.158641
NA	5208.63004891
NA	3722.83493881
NA	1861.4174694
NA	0
NA	7654.19769955
NA	0
727905	0
NA	0
NA	0
NA	0
NA	0
NA	4223.72545785
NA	0
NA	740.768176599
NA	0
NA	0
338382	49946.1837748
NA	0
NA	2079.10113528
NA	0
NA	0
NA	0
NA	0
NA	0
NA	0
NA	0
NA	0
NA	632.638617052
NA	0
NA	0
NA	0
NA	0
NA	0
NA	0
NA	7955.64726649
NA	0
NA	0
1602	2263.12994239
NA	0
NA	0
NA	542.09295313
NA	0
NA	866.070676007
NA	0
NA	0
NA	0
NA	3597.64225945
NA	0
NA	0
NA	0
NA	0
NA	0
NA	1691.17566461
NA	0
NA	0
NA	0
NA	0
NA	0
NA	0
NA	0
NA	0
NA	0
NA	0
NA	3722.83493881
NA	0
NA	0
NA	14563.1871314
NA	0
NA	0
NA	0
NA	0
NA	0
NA	0
NA	2548.62230277
NA	8066.14236741
NA	0
NA	7947.68099753
138652	0
NA	4847.76502883
NA	0
NA	0
NA	0
NA	828.476819477
NA	0
NA	8005.91270011
NA	0
NA	0
NA	0
NA	1849.56130718
NA	0
NA	0
NA	916.028786205
NA	590.205539079
NA	0
353238	121.194125721
NA	0
NA	3032.70104676
NA	0
NA	0
NA	12625.2663142
NA	9843.42797379
100506422	0
NA	760.160013683
NA	0
NA	0
NA	0
NA	0
NA	0
NA	0
NA	336.478708258
NA	0
NA	0
NA	0
NA	0
NA	0
NA	0
NA	0
NA	2225.14272204
NA	2591.09311741
NA	0
NA	39562.5078021
NA	0
NA	837.637861231
NA	0
NA	5047.52467163
NA	2069.22417026
NA	0
NA	0
NA	0
NA	0
NA	0
NA	26004.2798711
NA	0
NA	1499.38618878
NA	0
NA	0
NA	4270.3106651
NA	0
NA	2335.50502863
NA	0
NA	0
NA	21209.776743
NA	0
NA	130497.178061
NA	1770.61661724
NA	523.209234643
NA	337936.29501
NA	0
NA	0
NA	0
NA	4416.44296923
NA	0
NA	1634.41533899
NA	2233.70096328
NA	0
NA	0
NA	0
NA	0
NA	0
NA	0
NA	0
NA	0
NA	0
NA	0
NA	0
NA	0
NA	0
NA	20999.7844393
NA	0
8332	0
NA	0
NA	0
NA	0
NA	1389.38337429
NA	0
NA	974.43330613
NA	0
NA	0
NA	1376.21386363
102465478	4033.07118371
NA	0
NA	0
NA	11833.7135672
NA	601.20315782
NA	0
NA	0
NA	4374.85687724
NA	0
25774	429.557877555
NA	0
NA	10339.9807202
NA	2860.89778549
NA	0
NA	0
NA	1625.26749194
NA	0
NA	0
NA	2875.06064581
NA	0
NA	0
NA	0
8367	18614.174694
NA	2676.32373481
NA	0
NA	2003.17557871
NA	4279.75129295
NA	3858.88538507
NA	2304.61210498
NA	0
NA	0
NA	0
NA	1462.87720517
NA	0
NA	0
NA	1029.72030222
NA	0
NA	0
NA	888.695103984
NA	0
NA	0
NA	575.012129162
NA	161.952663261
NA	9109.99608555
NA	0
NA	0
NA	2582.80543404
NA	323.724777287
NA	0
NA	0
NA	0
NA	8934.80385313
NA	0
NA	0
NA	0
NA	0
NA	0
NA	0
NA	1527.173461
NA	0
NA	2460.85699345
NA	3871.74833636
NA	1867.40273458
NA	4467.40192657
NA	6662.4409518
NA	0
NA	0
649330	0
NA	0
NA	0
NA	0
102724843	94.9578565163
NA	24791.2616192
NA	0
3012	26599.7977307
NA	0
NA	0
NA	0
NA	0
NA	0
NA	1191.4817565
NA	0
NA	3100.15436185
NA	0
NA	0
NA	0
NA	0
NA	222.514272204
102723996	3200.50689109
NA	0
NA	0
NA	0
NA	0
NA	0
NA	930.708734701
NA	495.530930421
NA	0
NA	851.557551985
NA	3226.45694697
NA	0
NA	0
NA	0
NA	0
NA	7990.95861698
NA	834.428520767
NA	1604.31560899
NA	0
NA	3005.94506763
441250	40197.0188696
474384	0
NA	875.796042155
NA	302.43533352
NA	553.106905194
8360	3722.83493881
NA	2750.12764839
284098	55192.1252664
NA	0
NA	1063.66712537
NA	2424.89457392
NA	0
NA	0
NA	518.537723619
NA	0
NA	15640.1654674
NA	0
NA	0
NA	0
NA	0
NA	0
NA	1033.38478728
NA	0
NA	276.817087919
NA	0
8263	150021.772228
NA	0
NA	0
NA	0
NA	0
NA	0
NA	2395.88387151
NA	5166.92393642
NA	0
NA	2701.21976955
NA	0
8343	5335.08629026
NA	0
NA	0
NA	0
NA	4591.00593244
NA	0
NA	0
NA	9950.75507008
NA	399.423831124
NA	0
NA	11554.9582703
NA	2099.14066429
NA	3076.07124181
NA	2569.74447103
NA	8668.09329035
NA	0
NA	2481.8899592
NA	0
NA	0
7703	378628.536397
NA	0
NA	4760.34631519
NA	0
NA	114.143524067
NA	0
NA	284.408545766
NA	0
102723451	0
NA	2467.82825972
NA	18720.8461822
NA	20456.5780364
100130539	5590.76845536
NA	0
NA	12822.0237113
NA	0
NA	0
NA	2265.0633793
NA	655.857990349
NA	493.565651944
NA	0
NA	0
NA	10224.687508
NA	0
NA	0
NA	0
NA	2030.63723935
NA	0
727832	0
NA	1380.3024372
NA	0
NA	0
NA	0
NA	0
NA	9367.13307183
NA	0
NA	0
NA	0
NA	1416.49329379
NA	0
NA	0
NA	6753.04942388
80725	72906.6352324
NA	0
NA	625.821390575
NA	12937.7729061
NA	0
NA	0
NA	1654.59330614
NA	0
NA	0
NA	4490.42977155
NA	1108.32490545
NA	2318.41217746
NA	0
NA	0
NA	0
NA	1108.32490545
NA	0
440435	177.451188723
NA	9367.13307183
NA	9407.59584968
NA	0
NA	0
NA	5478.88915522
NA	0
NA	0
NA	0
NA	0
NA	2792.1262041
NA	476.816297581
NA	0
NA	0
NA	0
NA	0
NA	0
NA	997.873282567
4082	385952.176266
NA	0
NA	0
NA	4551.42829509
NA	0
NA	8882.50420822
NA	3783.46742967
NA	971.174331862
NA	0
NA	0
NA	0
NA	5522.30349084
NA	0
93474	26941.0773154
NA	686.480201482
NA	0
NA	0
NA	0
NA	0
NA	0
NA	0
NA	0
NA	0
NA	26861.5812367
NA	0
NA	2547.20285287
342372	558.532650946
NA	0
NA	971.174331862
NA	0
NA	0
NA	0
NA	1187.65286391
NA	0
NA	19911.848587
338328	5217.18936648
NA	36799.8216253
NA	0
NA	0
NA	0
NA	795.564726649
NA	0
NA	544.805112996
NA	0
NA	0
NA	0
NA	0
NA	0
NA	5064.78706791
NA	0
NA	704.808556376
NA	0
NA	0
NA	0
NA	0
NA	3456.91815746
NA	0
NA	0
NA	0
NA	0
NA	1073.4976903
NA	0
NA	0
NA	29954.2387242
NA	0
NA	731.438602587
NA	0
NA	0
NA	0
NA	0
NA	8582.69335646
NA	0
NA	201.934023106
NA	0
138799	303.428553006
NA	498.080832293
NA	33857.8815422
NA	670.626155258
NA	0
NA	0
NA	0
NA	3522.82127658
NA	3722.83493881
NA	0
NA	3262.70927221
NA	0
NA	0
NA	0
NA	0
NA	0
NA	0
NA	0
NA	0
4747	737.859177061
NA	5144.54749418
NA	0
NA	817.975000639
NA	0
NA	0
NA	0
NA	2597.32670149
NA	3408.22916933
NA	0
NA	0
NA	0
NA	0
NA	0
NA	0
NA	1770.61661724
NA	0
NA	0
NA	0
NA	0
NA	0
NA	4467.40192657
NA	0
NA	289.946205918
6348	14188.6359716
NA	0
NA	0
NA	0
NA	0
NA	7316.29246879
NA	0
NA	0
NA	0
NA	603.70296305
NA	0
NA	0
NA	643.860588086
NA	0
NA	13438.1607248
NA	0
NA	0
NA	467836.25731
NA	0
NA	0
NA	0
NA	0
NA	15911.294533
NA	0
NA	543.784878702
NA	3954.12596054
NA	0
NA	0
NA	0
NA	7238.23919187
NA	0
NA	0
NA	0
NA	0
NA	94.6792061385
NA	10906.3333419
NA	0
NA	0
NA	0
NA	0
NA	0
NA	0
NA	5441.06644902
NA	0
NA	0
NA	1481.5363532
NA	0
NA	0
NA	0
NA	1251.64278115
NA	0
NA	153010.786006
NA	0
NA	383.088555708
NA	0
NA	0
NA	748.887492526
NA	0
NA	16168.2140995
83740	0
NA	0
NA	0
NA	2030.63723935
NA	0
NA	0
NA	0
NA	0
NA	0
102724488	52.5481587454
NA	0
NA	0
NA	2581.16555757
NA	0
NA	0
NA	1751.20196135
NA	0
NA	0
NA	0
NA	0
8968	1413.04683809
NA	0
NA	3079.79981301
NA	57479.040212
NA	0
NA	0
NA	0
5691	1467668.46923
NA	2127.33425075
NA	235.126417188
NA	0
NA	0
NA	0
NA	26106.8204068
NA	0
NA	4537.20508167
NA	0
NA	0
NA	0
NA	0
NA	3173.56421013
NA	0
NA	2830.22539207
NA	58.309462897
NA	4629.26431521
NA	0
NA	0
NA	0
NA	0
NA	0
NA	708.246646895
474381	0
NA	0
NA	0
NA	0
NA	0
440243	0
NA	0
NA	1011.78092414
NA	0
653203	0
NA	0
NA	4550.13159187
NA	0
NA	0
NA	8788.09586971
NA	0
NA	0
NA	1409.61711275
NA	1464.10651375
NA	0
NA	0
NA	0
NA	0
6716	0
NA	1107.47950125
NA	0
NA	0
NA	1347.47621915
NA	0
NA	0
NA	0
NA	1134.30127042
NA	0
NA	0
NA	0
NA	5154.69453065
NA	3541.23323447
NA	0
NA	0
NA	0
NA	0
NA	0
390082	0
NA	0
NA	1668.85704153
NA	0
NA	0
NA	2894.16403881
NA	0
NA	0
NA	0
NA	0
NA	0
NA	3386.36880731
NA	165.03616097
NA	0
NA	17492.8388691
NA	0
NA	0
NA	0
NA	0
NA	20109.1458672
NA	0
284106	228008.61166
NA	0
NA	0
NA	155668.23208
NA	44849.4408073
NA	0
NA	2065.29961043
NA	0
NA	0
NA	0
NA	0
102723360	37.3336494249
NA	0
NA	0
NA	37916.0067971
NA	1050.20298455
NA	4825.06401434
NA	0
NA	888.015673477
NA	0
NA	1204.90093455
NA	0
NA	12736.0142643
NA	0
NA	0
NA	0
NA	0
NA	3567.33569075
NA	0
NA	632.638617052
201299	3969.76728158
NA	0
NA	0
NA	12552.4982087
NA	0
NA	13642.0662858
NA	0
NA	0
NA	0
NA	79.036778777
NA	12166.8069229
NA	0
NA	0
NA	0
NA	0
11056	94177.6622357
NA	0
NA	0
1527	0
NA	45507.4897744
NA	0
NA	0
NA	0
NA	747.441763776
NA	0
NA	0
NA	2496.1128243
NA	0
NA	0
NA	632.638617052
NA	0
102723737	0
NA	0
NA	461.655207038
NA	3045.95585902
NA	0
NA	0
NA	0
NA	0
NA	0
NA	0
NA	0
NA	0
NA	17343.5825647
NA	0
NA	0
NA	0
NA	10570.6191196
NA	0
NA	0
NA	0
NA	0
NA	30719.606789
NA	0
7554	27199.3713923
NA	0
NA	0
NA	300751.879699
NA	0
NA	0
110117499	0
NA	0
NA	0
NA	0
NA	0
NA	0
NA	1406.20399626
NA	4451.8946014
NA	0
NA	0
NA	0
NA	0
NA	0
NA	18831.3162561
NA	2056.52354977
NA	0
NA	0
NA	1075.48564899
NA	0
NA	0
NA	0
NA	601.20315782
NA	0
6753	11111.6864995
NA	61308.874808
NA	0
NA	831.243679085
NA	1109.73678431
NA	0
NA	175.775499532
NA	1815.7549918
NA	459.100593244
NA	327.005771652
NA	144.828491385
NA	0
NA	0
NA	1561.18884531
NA	0
NA	0
NA	0
29964	2033.00671104
NA	0
NA	1586.78210506
NA	0
NA	0
NA	0
NA	0
NA	9905.2807528
NA	256.407174593
NA	0
NA	0
NA	0
NA	0
NA	0
NA	0
80179	35689.6725231
NA	0
NA	822.609419906
102466739	0
NA	0
NA	4653.22635038
NA	4270.3106651
NA	0
NA	0
NA	0
NA	893.480385313
NA	0
NA	0
NA	0
NA	0
541465	0
NA	10267.3289971
NA	0
414060	0
NA	0
NA	0
79893	203436.915361
NA	0
NA	0
7772	51166.1564887
NA	0
NA	0
NA	0
NA	1022.1415608
NA	0
NA	0
NA	0
NA	0
NA	0
NA	675.304942388
NA	0
NA	1175.63208594
NA	0
NA	4078.38659026
NA	0
NA	0
NA	0
NA	0
NA	15920.0178304
NA	0
NA	0
NA	513.948894207
NA	0
NA	2286.46555297
NA	16646.0517646
NA	0
NA	0
NA	17447.7929321
NA	23310.4114288
NA	0
NA	17422.8675136
NA	6485.99364293
NA	0
NA	0
NA	3835.22240866
NA	0
NA	0
NA	0
NA	0
NA	0
NA	0
NA	0
NA	0
NA	0
NA	3771.1834445
NA	1299.24440817
NA	0
NA	0
NA	0
NA	0
NA	0
NA	0
NA	2819.2342255
NA	997.873282567
NA	0
NA	0
NA	0
NA	0
NA	0
NA	0
NA	0
NA	0
NA	2286.46555297
NA	0
NA	0
8335	738.883270297
NA	0
NA	0
NA	4054.18673964
NA	0
NA	5083.25820966
NA	4172.14260383
NA	1857.44856222
NA	0
NA	0
NA	0
NA	0
NA	0
NA	0
NA	0
NA	0
NA	3795.83170231
NA	9074.41016334
NA	4546.08415228
NA	0
NA	0
NA	0
NA	0
NA	0
284099	1059.23286951
NA	436.663346206
NA	2002.62844984
NA	4467.40192657
NA	925.517530604
NA	1814.88203267
102724631	0
NA	0
NA	0
NA	0
NA	0
NA	0
NA	0
NA	0
NA	164.848779578
NA	0
NA	0
79154	132643.886386
NA	0
31	81837.1160118
NA	0
NA	152.511095182
NA	3941.82522932
NA	0
NA	0
NA	0
NA	0
728229	280.968674627
NA	0
NA	0
10002	1253.1861138
NA	0
NA	323.004588684
NA	1461.95657761
NA	0
NA	0
NA	0
NA	0
NA	0
NA	0
NA	0
8346	2286.46555297
NA	0
NA	1942.34866372
NA	0
NA	0
NA	0
NA	2214.53670335
NA	1462.87720517
NA	0
NA	0
102723859	112.857024962
NA	31465.447006
NA	7881.77339901
NA	0
NA	1296.34430905
NA	0
NA	3139.25540786
NA	514.860151111
NA	39948.3860139
102288414	59254.773017
NA	8092.58873583
NA	0
NA	0
79922	103986.778824
NA	0
NA	1340.22057797
NA	2226.84911984
NA	0
NA	444.687787484
NA	602.450467276
NA	0
8359	0
NA	404.430536528
NA	0
NA	0
NA	0
NA	0
NA	0
NA	0
NA	0
NA	0
NA	762.155184322
NA	0
NA	0
NA	0
647042	615.866649474
101927601	615.866649474
NA	0
NA	784.813851964
NA	0
NA	3950.76360853
NA	0
728929	0
8336	2955.53308119
NA	0
NA	0
NA	0
NA	0
392843	0
NA	0
NA	0
NA	0
NA	0
NA	0
NA	5788.32807761
NA	0
NA	899.0127716
NA	10262.9503718
8366	1988.91181662
NA	0
NA	20565.8687613
NA	0
NA	0
NA	854.90027054
NA	295.402975816
NA	0
NA	0
NA	0
NA	2177.8584392
NA	11420.8476031
NA	434130.220426
NA	0
NA	4104.32685833
NA	0
NA	0
NA	466.850683644
NA	0
NA	8913.15247061
NA	507.659309837
NA	0
NA	0
NA	0
NA	0
NA	0
NA	14891.3397552
NA	0
NA	0
NA	0
NA	0
NA	8859.08517641
NA	0
NA	104844.065762
NA	0
NA	0
378707	10682.9176505
NA	0
NA	0
NA	461383.343416
NA	0
NA	26059.8445716
NA	31941.923775
NA	0
NA	0
NA	0
NA	0
NA	0
NA	0
NA	0
NA	0
NA	678.46057296
NA	0
NA	0
NA	955.201069825
NA	0
NA	0
NA	0
NA	0
NA	0
8357	1877.97009039
NA	354.555708458
NA	0
NA	4393.66214236
NA	51159.4653324
NA	0
NA	0
NA	854.06213302
NA	0
84311	564752.968476
NA	0
102724127	0
NA	0
NA	0
NA	0
NA	3913.49225373
NA	0
NA	0
NA	2415.81634964
NA	85.481638277
NA	472.933428708
NA	21853.0835404
NA	0
NA	0
NA	2398.74265906
NA	7946.57583289
79324	0
NA	0
NA	0
NA	0
NA	644.575194732
NA	3573.92154125
NA	0
NA	0
NA	3447.99477554
NA	0
NA	0
NA	0
NA	0
NA	0
NA	0
56656	0
NA	0
NA	202.144883555
NA	0
NA	827.689668105
NA	0
NA	0
NA	230.187178143
NA	2045.83795845
NA	0
NA	5725.17991378
NA	0
NA	1882.53565787
NA	419.020382723
NA	0
NA	0
NA	0
NA	0
NA	0
NA	1451.90562613
NA	0
NA	0
NA	0
NA	0
NA	0
NA	5732.74582438
NA	1945.60217907
NA	2797.73063245
NA	17.3901739865
NA	55330.5009386
NA	21720.5925188
NA	0
NA	0
NA	1409.61711275
NA	0
NA	0
NA	0
NA	0
NA	171.518679992
NA	6023.863768
NA	0
NA	180.529142199
NA	0
NA	0
NA	0
NA	0
NA	3321.80505503
NA	0
NA	0
NA	0
NA	34236.3901025
NA	1104.11074231
NA	0
NA	1448.28491385
NA	0
NA	235.507806348
NA	0
NA	0
NA	0
NA	820.948253872
NA	0
NA	0
NA	17254.1601697
NA	269.996397236
NA	0
NA	174.141604334
NA	1548.69933454
NA	0
NA	244.73756867
NA	473187.64474
NA	0
NA	0
NA	0
NA	52455.9452023
NA	0
NA	0
NA	173.051922066
NA	0
NA	179.358323179
NA	2019.77240661
NA	163.687218279
NA	981.017314956
NA	493.286169695
NA	266.160518081
NA	0
NA	8985.93562593
NA	0
NA	1726.17577744
NA	0
NA	4765.55457156
NA	0
NA	0
NA	2673.6452683
NA	5337.88833138
NA	0
NA	0
390093	0
NA	0
NA	0
NA	0
NA	774.349667272
NA	0
NA	0
NA	0
79345	0
NA	1870.64154011
NA	0
NA	0
NA	0
NA	16148.0235492
NA	708.054762135
NA	229.187944141
NA	299.980501267
NA	1310.97573466
NA	0
NA	116.478590143
NA	0
NA	4828.80972287
NA	7285.54794476
NA	1252.31752119
NA	537.742824494
NA	8296.60357791
NA	0
NA	0
NA	0
NA	1074.98796937
NA	973.888625691
NA	782.397181135
NA	0
NA	16744.9031425
NA	803.743723443
NA	56.6929178498
NA	484.776502883
NA	0
NA	0
NA	0
NA	5279.65682231
NA	0
NA	721.742647623
219952	0
NA	0
NA	0
NA	1410.98700305
NA	37800.062492
NA	0
NA	0
NA	0
NA	0
NA	0
NA	1281.3287379
NA	215.256579116
NA	3681.53566056
NA	12275.0277507
NA	155.867485361
NA	316.664258699
NA	36.0916176692
NA	652.541854442
NA	2450.47363061
NA	0
NA	0
NA	137.621386363
NA	0
NA	142.364624811
NA	645.291389393
NA	0
NA	0
NA	107.788093997
NA	1274.71960152
NA	0
NA	31481.4488515
NA	5332.2397723
NA	0
NA	37.5217890201
NA	361.170553765
NA	0
105379487	0
NA	53265.1768168
NA	0
NA	0
NA	0
NA	0
NA	0
NA	3367.62506852
NA	0
NA	0
NA	250.112941625
NA	17907.6079353
NA	110.663538577
128367	0
NA	0
NA	45.1603616216
NA	715.224446372
283160	0
NA	18009.0945928
NA	40323.776203
NA	0
NA	0
NA	0
NA	0
NA	814.533310594
NA	121.194125721
NA	0
NA	0
NA	588.709833202
NA	340.556440845
NA	1257.06114817
NA	15283.2171172
NA	0
NA	0
NA	0
NA	450.436078428
NA	1293.45712796
NA	0
NA	6664.48484127
NA	85.2557619574
NA	0
NA	0
NA	1857.44856222
NA	3892.3745949
NA	0
NA	157.730106044
NA	3144.11117802
NA	349.015775513
NA	0
NA	0
NA	0
NA	328.485435777
NA	2843.38923111
NA	0
NA	0
NA	948.553597531
NA	0
NA	123.461362767
NA	849.895976274
NA	0
NA	0
NA	0
NA	111.086887998
NA	0
NA	0
400736	0
100130890	2538.29654919
NA	0
NA	0
NA	0
NA	1617.45711955
NA	0
NA	0
NA	0
NA	1684.34527394
NA	0
NA	0
NA	0
NA	0
NA	4328.80807147
NA	0
NA	0
NA	1460.49678369
NA	17897.7045737
NA	0
441871	0
NA	3349.63121657
NA	0
NA	748.646149473
NA	1042.66113187
NA	0
NA	0
NA	335.119590568
NA	5982.49544841
NA	2205.75474927
NA	357.612223186
NA	0
NA	42347.2474289
NA	4915.30550514
NA	0
NA	0
NA	0
NA	0
NA	0
NA	99.623001656
NA	0
NA	70.3272281974
NA	0
NA	0
NA	0
NA	6049.60677556
NA	0
NA	2516.63641863
NA	0
NA	0
NA	399.97400169
NA	1758.87038643
NA	850.310762011
NA	0
NA	336.478708258
NA	0
NA	0
NA	0
NA	0
NA	649.912992898
NA	0
NA	65.3128936633
NA	0
NA	0
NA	26235.6663449
NA	152.11164234
NA	204.782175759
NA	0
NA	15737.0617235
NA	0
NA	0
391190	0
NA	0
NA	11967.9856384
NA	1943.12851463
NA	8958.86919162
NA	0
NA	0
119695	0
NA	0
NA	135.502158295
NA	0
NA	417.214260383
NA	0
NA	1512.40169389
NA	2414.09486531
NA	140.010185741
NA	1335.08563323
NA	0
NA	0
NA	0
NA	0
NA	729.96763506
NA	0
NA	0
NA	265.107539769
NA	0
NA	0
NA	0
NA	0
127077	0
NA	7382.57098034
NA	0
NA	0
NA	0
NA	622.467578193
NA	14891.3397552
NA	0
NA	754.628703812
NA	1611.23928917
NA	225.801808108
NA	1581.84270552
NA	375.290630342
NA	5688.02806823
NA	0
NA	1008.26779593
NA	0
NA	0
NA	0
NA	163.687218279
NA	31295.7673837
NA	1188.46299547
NA	8893.75574967
NA	28877.6809618
NA	0
NA	0
NA	0
NA	0
NA	402.050709902
NA	0
NA	0
NA	3515.50999064
NA	0
NA	1567.20730654
NA	661.083950431
NA	0
NA	38561.9547206
NA	335.700722806
NA	1680.44632654
NA	813.392507638
NA	0
NA	956.549588983
NA	1138.74951069
NA	0
NA	0
NA	16938.8989716
NA	241.984271022
NA	0
NA	613.265311989
NA	0
NA	0
NA	474.220672662
NA	9870.41105486
NA	1011.78092414
NA	729.600817153
NA	0
NA	5107.20572007
NA	0
NA	43937.8952771
NA	142.974458507
NA	0
NA	1423.43688837
NA	26650.2501126
NA	4270.3106651
NA	4374.85687724
NA	0
NA	0
NA	530.134413924
NA	0
NA	29974.8258299
NA	1953.63448165
NA	0
219437	0
NA	0
NA	0
NA	0
NA	388.556367387
NA	0
NA	0
NA	449.5063858
NA	877.284366244
NA	3949.83706922
NA	7465.5581444
NA	0
NA	310.568048371
NA	211.957025713
NA	0
NA	1199.92200507
NA	30446.847246
NA	1140.98673959
NA	3562.95859174
NA	0
NA	0
NA	947.409870234
NA	107.310098014
NA	0
NA	2380.1731576
NA	2194.31580776
NA	0
NA	2122.47510444
NA	0
NA	0
NA	0
NA	0
NA	0
NA	476.034631519
NA	465.056254367
NA	128.829248104
NA	4015.14642289
NA	0
NA	0
NA	155.951195074
NA	0
NA	0
NA	0
NA	4460.96783834
NA	872.015391072
NA	0
NA	143.895503086
NA	1481.5363532
NA	0
NA	3246.49705223
NA	125811.945427
NA	0
NA	0
NA	3210.60212167
NA	15822.9876511
NA	0
NA	186.620260429
NA	0
NA	4259.86980773
NA	0
NA	648.172154524
NA	2362.74308565
NA	439.971401859
NA	0
NA	108.486099088
NA	1342.28563279
NA	0
NA	0
NA	134.001442191
NA	0
NA	103.930252408
NA	0
NA	0
NA	0
NA	0
NA	0
NA	406.696253819
NA	762696.370682
NA	934.903815927
NA	210.879539017
144125	0
NA	682.607252531
NA	331.674614765
NA	0
399900	3935.63104315
NA	0
NA	0
NA	16138.7350686
NA	0
NA	0
NA	0
NA	2041.01749361
NA	0
NA	0
NA	0
NA	0
NA	0
NA	2547.20285287
NA	390.8225104
NA	77.3936900924
NA	141.718460335
NA	1557.00335242
219428	0
26080	147.40158641
NA	2789.57165131
NA	14862.8994578
NA	4327.58755927
NA	0
NA	0
NA	121.093046383
NA	2340.21054582
NA	0
NA	198142.414861
NA	3954.39883452
NA	1117.71025876
NA	0
NA	461.655207038
NA	0
NA	1846.62082815
NA	118.911189692
NA	1584.6173273
NA	7955.64726649
NA	0
NA	0
NA	280.200506813
NA	0
NA	278.543045781
NA	0
NA	0
NA	0
NA	553.634175838
NA	986.851742487
NA	0
NA	0
NA	1138.74951069
NA	0
NA	0
NA	523.209234643
NA	498.936641283
NA	1810.52979758
NA	406.696253819
NA	1172.4675312
NA	0
NA	587.221689033
NA	0
NA	0
101930100	1718.23151022
NA	1242.71522922
NA	2592.6886181
NA	0
NA	0
NA	0
NA	0
NA	0
NA	243.404128438
NA	0
NA	898.08595431
NA	0
NA	0
NA	6053.42838439
NA	0
NA	0
NA	395.435032084
NA	0
NA	0
NA	116.52533115
NA	5495.47928136
NA	0
NA	0
NA	4343.68370058
NA	0
NA	2048.54409331
NA	101.852376439
NA	0
NA	604.960677556
NA	5330.97098149
NA	642.080984471
NA	0
NA	0
NA	0
NA	0
NA	0
NA	0
NA	228.018158796
NA	4946.86755071
NA	0
NA	0
NA	0
NA	0
NA	0
NA	2191.12048424
NA	0
NA	1661.91070629
NA	0
NA	1031.54929033
NA	0
NA	0
NA	0
NA	359.382580726
NA	2337.43320616
NA	0
NA	0
NA	0
NA	3006.90514288
NA	0
NA	285.071665458
NA	579.603044365
NA	0
NA	4349.32081838
NA	84.7828102852
NA	0
NA	1228.94067508
NA	2403.45551354
NA	1242.90186513
NA	362.795009029
NA	505.010652568
NA	0
NA	4622.98308819
NA	0
NA	0
NA	347.761826619
NA	0
NA	21670.2332259
NA	6707.89225448
NA	0
NA	162.648128394
NA	0
NA	0
NA	0
NA	0
NA	0
NA	0
NA	0
NA	765.840330269
NA	0
NA	0
NA	0
112267859	0
NA	4195.55946424
NA	0
NA	1430.44889274
NA	567.150635209
NA	494.181629045
NA	341.624853208
NA	0
NA	4145.66961777
NA	0
NA	0
NA	1170.21754553
NA	3000.24778832
NA	900.872156857
NA	0
NA	0
NA	0
NA	0
NA	0
NA	0
NA	0
NA	0
NA	253.755716773
NA	0
NA	11157.0616762
NA	131.692120284
NA	0
NA	7517.39216421
NA	0
NA	382.583827703
NA	0
NA	5216.42739928
NA	384.102017496
NA	22862.698777
NA	0
NA	1669.54240377
NA	762.655614516
NA	3024.80338778
NA	0
NA	0
NA	556.285680511
NA	4760.34631519
NA	0
NA	0
NA	694.691687146
NA	0
NA	4172.65831985
NA	185.310226692
NA	0
NA	973.20863084
NA	0
NA	1754.56873249
NA	0
NA	0
NA	1275.1266976
NA	0
NA	0
NA	0
NA	0
NA	0
NA	0
NA	0
NA	129.000944126
NA	0
NA	3546.03816424
NA	2864.199976
390142	0
NA	168.385691636
NA	0
NA	1656.16611346
NA	2596.55253556
NA	0
NA	225.188929994
NA	2452.10727969
NA	0
NA	157.901645039
NA	0
NA	0
NA	1128.78960244
NA	0
NA	0
NA	473.704935117
728945	0
NA	0
NA	0
NA	243.200272384
NA	319.803001351
NA	0
NA	3573.51430316
NA	0
NA	0
NA	1537.764123
NA	0
NA	7754.98554018
NA	0
NA	0
NA	0
NA	54014.9505667
NA	2541.62910483
NA	3456.91815746
NA	707.096895845
NA	127.081455242
391003	138.013842788
NA	302.322878945
NA	836.351167128
NA	1143.23277648
NA	0
NA	1733.61865807
NA	72.6315971053
NA	5656.77516676
NA	0
NA	176.523480381
NA	0
NA	460.19195757
NA	0
NA	0
NA	575.772224508
NA	1755.45264621
NA	108.634914039
NA	564.943823399
NA	0
NA	4666.98076502
NA	114.503598276
NA	0
NA	0
NA	3781.00423472
NA	3795.83170231
NA	0
NA	0
NA	471.908654215
NA	0
NA	212.889387996
NA	623.13546186
NA	1029.72030222
389676	0
NA	0
NA	0
NA	1939.10601153
NA	0
NA	0
NA	0
NA	2933.14267906
NA	711.718444183
NA	251.086143733
NA	5400.28660092
NA	415.126697965
NA	28562.0778912
NA	0
NA	25406.3126951
NA	0
NA	0
NA	1234.91365528
NA	0
NA	0
NA	0
NA	973.344553833
NA	833.709805417
NA	814.533310594
NA	801.327699833
NA	0
NA	0
NA	0
NA	0
NA	0
NA	215.576187993
NA	0
NA	0
NA	1769.84577848
NA	0
NA	493.007003781
NA	3854.61670655
NA	175.033830758
NA	0
NA	0
NA	102.644441579
NA	0
NA	3036.89887964
NA	0
NA	0
NA	0
NA	0
NA	0
NA	0
NA	0
NA	0
NA	3565.6930189
NA	0
NA	0
NA	5974.92027216
NA	0
NA	808.861073055
NA	0
NA	1343.11343768
NA	0
NA	0
NA	61.6651359581
NA	501.175569946
NA	237.725030886
NA	0
NA	0
NA	0
NA	1653.24756128
NA	2808.32809697
NA	0
NA	1771.96720199
NA	7272.51476418
NA	0
NA	840.466353768
NA	1228.69305456
NA	87.5697000081
NA	0
NA	0
NA	0
NA	0
NA	0
NA	153.154601913
219479	0
NA	0
NA	0
NA	859.539591199
NA	0
NA	0
100507462	3395.70310155
NA	145.700514414
NA	398.055003738
NA	0
NA	0
NA	340.0247368
NA	0
NA	0
NA	784.389857447
NA	0
NA	2148.20388556
NA	0
NA	0
NA	0
NA	8594.79017585
NA	0
NA	161.502294342
NA	464.609800363
NA	0
NA	0
NA	0
NA	0
NA	0
NA	0
NA	2029.45457351
NA	0
NA	0
NA	0
NA	441.351974997
NA	0
NA	3716.02902484
NA	60.9052750725
NA	5448.05112996
NA	0
NA	0
NA	0
NA	0
NA	0
NA	812.027755109
NA	0
NA	1286.01029773
256892	0
NA	11630.7526793
NA	349.015775513
NA	0
NA	341.303626266
NA	0
NA	838.645849031
NA	0
NA	190.040003421
NA	13442.3622015
NA	2189.49010539
NA	0
NA	0
NA	1132.09015683
NA	0
NA	1822.89941435
NA	1296.34430905
NA	292.428122081
NA	0
NA	0
NA	3049.79476152
NA	14070.3559343
NA	0
NA	0
NA	0
NA	172.743084608
NA	4270.3106651
NA	0
NA	0
NA	0
NA	0
NA	0
NA	1268.03984815
NA	0
NA	224.492559124
NA	6535.43197442
NA	0
NA	4537.20508167
NA	0
NA	970.710542783
NA	0
102724023	14771.4802916
NA	631.537897405
NA	20904.9995565
NA	0
NA	175872.341883
NA	0
NA	0
NA	0
NA	148.684651934
NA	0
NA	0
NA	155.728168695
NA	105698.729583
NA	0
283162	0
NA	0
NA	536.748845151
NA	0
347169	0
NA	610.044380729
NA	0
NA	0
NA	0
NA	42956.7884727
NA	722.34110753
NA	0
NA	0
NA	19823.0657443
NA	2077.86136119
NA	0
NA	87.0360051634
NA	0
NA	0
NA	859.751666105
NA	0
NA	0
NA	0
NA	0
NA	241.73246637
NA	16254.7309188
NA	0
NA	0
NA	0
NA	0
NA	4033.07118371
NA	70989.017662
NA	1072.17646238
NA	0
NA	9450.7242856
NA	297.369303868
NA	795.564726649
NA	536.253232183
NA	0
NA	1540.44214969
NA	0
NA	0
NA	0
NA	4797.88565902
NA	0
NA	0
NA	0
NA	0
NA	28601.8136701
NA	0
NA	2915.1875941
NA	34679.6633997
NA	0
NA	0
NA	1936.73493926
NA	1791.7387406
NA	1178.28229353
NA	6787.36369941
NA	238.147450979
NA	1906.98052388
NA	281.377059328
64881	182.323854266
NA	469.113287927
NA	0
NA	362.071228462
NA	263.623354723
NA	0
NA	0
NA	35955.8549598
NA	1344.35706124
NA	0
102724398	0
NA	0
NA	1099.92850465
NA	0
NA	1628.3053751
NA	840.466353768
NA	0
NA	872.015391072
NA	29939.1011465
NA	0
NA	0
NA	0
NA	10606.9598815
NA	9236.52380896
NA	5541.0529311
NA	0
84322	0
NA	2488.98107337
NA	0
NA	143.256598533
NA	0
NA	3935.63104315
219959	0
NA	231.379382651
NA	58932.2238272
NA	639.606002702
NA	2040.1484208
NA	6615.3973373
NA	607.49189378
NA	725.549729884
NA	136.9076498
NA	0
NA	715.224446372
NA	0
NA	8325.31154877
NA	0
NA	0
NA	0
NA	0
NA	0
NA	0
NA	0
NA	0
NA	8540.6213302
NA	2819.2342255
NA	0
NA	7414.83894644
26529	0
NA	0
NA	7592.59972226
NA	844.131177985
NA	0
NA	0
NA	0
NA	808.110738108
NA	284.687377673
NA	671.867480858
NA	0
NA	0
NA	0
NA	15856.5191838
NA	217.432516082
NA	0
NA	0
NA	0
NA	0
NA	0
NA	0
NA	188.192563336
645359	0
NA	0
NA	992.190632894
NA	0
NA	0
NA	2035.8141348
NA	0
NA	0
NA	447.428544263
NA	0
NA	293.314267906
NA	554.162452723
NA	0
NA	0
NA	0
NA	0
NA	0
NA	2430.3441975
NA	0
NA	2202.46409274
NA	0
NA	0
NA	7363.48318744
NA	0
NA	0
NA	2323.04900181
NA	3702.49157848
NA	175.297992893
NA	35663.3833279
NA	664.297684248
NA	0
NA	0
NA	0
NA	115.574577205
NA	1662.48735817
NA	297.826795104
NA	0
219473	0
NA	0
NA	0
NA	0
NA	0
NA	0
NA	0
NA	157.558939353
NA	11338.0916574
NA	0
NA	5260.52763092
NA	0
NA	4921.7139869
NA	5810.52776842
NA	4334.04664518
NA	3203.49284058
NA	1220.08876146
NA	0
NA	0
NA	0
NA	10903.815721
NA	0
NA	0
NA	1434.9932062
NA	0
NA	0
NA	13307.9189049
NA	0
NA	0
NA	0
100129503	2745.53900381
NA	0
NA	539.741868451
NA	0
NA	6431.62718457
NA	0
NA	0
NA	0
NA	0
NA	12442.8017656
NA	0
NA	0
NA	0
NA	343.037359984
NA	0
NA	1820.57131804
NA	0
NA	0
NA	0
NA	13042.2169851
NA	1962.03462991
NA	0
NA	0
NA	827.296653068
NA	0
NA	0
NA	52.1705219596
NA	0
NA	201.025354951
NA	141.995660258
NA	17073.6627879
NA	0
NA	876.842854233
NA	0
NA	84.3395658515
NA	0
NA	0
NA	78.6301449301
NA	0
NA	0
NA	0
NA	13217.0222265
NA	0
NA	672.178530618
NA	185.074012254
NA	0
NA	0
NA	0
NA	1986.04801271
NA	0
84931	0
NA	114456.793885
NA	0
NA	0
NA	0
NA	0
NA	5638.46845101
NA	76.6278203528
NA	0
NA	2399.84401014
NA	3958.45740329
NA	132.171654632
NA	139.53922404
NA	0
NA	509.738663359
NA	0
NA	0
NA	802.157804494
NA	263.743074684
NA	7674.08998474
NA	101.80238579
NA	13910.4730648
NA	569.374755347
NA	0
NA	0
NA	0
NA	132.171654632
NA	0
NA	0
NA	0
NA	0
NA	0
NA	0
NA	0
NA	0
NA	0
NA	0
NA	0
NA	0
NA	0
NA	0
NA	637.733071508
NA	0
NA	0
NA	0
NA	9777.14226353
NA	0
NA	140.552335541
NA	437.132876686
NA	0
NA	0
NA	0
NA	0
NA	482.360673134
NA	0
NA	801.174165249
110806272	8222.58422869
NA	0
NA	0
NA	3460.66346424
NA	1138.74951069
NA	59.1287161936
102659353	0
NA	0
NA	452.87137434
NA	0
NA	6038.17084593
NA	0
NA	834.428520767
NA	0
NA	0
126661	19379.8066891
NA	0
100505839	392.937923176
NA	0
NA	0
NA	0
NA	0
NA	1232.1688482
NA	0
NA	0
NA	1968.68559476
NA	0
NA	1639.51272511
NA	5344.76578735
NA	0
NA	0
NA	0
NA	8080.1704411
NA	1127.6936902
NA	0
NA	0
NA	0
NA	0
79447	104243.752946
NA	37066.1932383
NA	0
NA	3775.26923372
NA	93.430220472
NA	9457.52760087
NA	3899.82709142
NA	8799.42803718
NA	0
NA	0
NA	2419.84271022
NA	159.025807901
NA	0
NA	0
NA	197.471013415
NA	0
NA	0
NA	0
NA	1770.61661724
NA	0
NA	0
NA	225.276280238
NA	3362.62239712
NA	0
NA	91.0285659018
NA	0
NA	0
NA	5279.65682231
140032	0
9782	2755.12212188
NA	586.628535812
NA	0
NA	0
NA	0
NA	7177.16719564
NA	0
NA	0
NA	771.264608836
NA	3512.67490194
NA	4394.31559648
NA	1268.03984815
NA	0
NA	0
NA	1867.40273458
NA	8799.42803718
NA	0
NA	6941.38147953
NA	3867.0609897
283521	0
NA	0
NA	0
NA	0
NA	0
NA	0
NA	0
NA	0
NA	0
NA	0
NA	6123.63216438
NA	0
NA	0
NA	12269.6250096
NA	3052.62680922
NA	0
102723099	1371.15956298
NA	1618.22298888
NA	121.957633443
NA	130.449741791
NA	1330.91349062
NA	0
NA	0
NA	0
NA	0
NA	3337.71408307
NA	0
NA	0
NA	0
NA	21838.9432805
NA	0
NA	21.2461557294
NA	0
NA	4178.14568672
NA	2460.85699345
NA	4043.2814905
NA	0
NA	0
NA	0
NA	16632.4449026
NA	0
NA	97527.7885377
NA	0
NA	811.28232951
NA	2251.01647463
NA	5879.99163232
NA	0
NA	37983.8391189
NA	54119.1275473
NA	11732.5707162
NA	0
101154753	0
NA	0
NA	0
NA	28809.4659674
NA	3946.9279157
140464	0
NA	0
NA	23170.9682648
NA	775.383511954
NA	7932.81770018
NA	0
NA	1446.48132118
NA	13345.5667695
NA	0
NA	0
101234261	0
NA	0
NA	13077.8264119
NA	0
NA	2180.03847768
NA	0
NA	0
NA	13859.0991586
NA	258848.144792
NA	0
NA	105519.909583
100861504	0
NA	838.040765445
NA	0
NA	0
NA	2912.13162835
NA	0
NA	0
NA	0
NA	0
NA	1148.25576759
NA	0
NA	12010.2487456
NA	0
NA	577.489808207
NA	0
NA	80.3489555138
NA	3262.70927221
NA	0
NA	0
NA	0
NA	1998.38783904
NA	0
NA	0
NA	2999.80501267
NA	6989.48003828
NA	0
NA	0
NA	0
NA	0
NA	486.129115893
100527949	0
NA	40302.0067041
NA	1358.04102582
NA	0
NA	0
NA	0
NA	14434.1494996
NA	780.594422653
