Reaction,log_fc,p_value,adj_p_val,Fluxes
10FTHF5GLUtl,0,1,1,Unchanged
10FTHF5GLUtm,0,1,1,Unchanged
10FTHF6GLUtl,0,1,1,Unchanged
10FTHF6GLUtm,0,1,1,Unchanged
10FTHF7GLUtl,0,1,1,Unchanged
10FTHF7GLUtm,0,1,1,Unchanged
10FTHFtl,0,1,1,Unchanged
10FTHFtm,-1.774498823,0.363850066,1,Unchanged
11DOCRTSLtm,0,1,1,Unchanged
11DOCRTSLtr,0,1,1,Unchanged
11DOCRTSTRNtm,0,1,1,Unchanged
11DOCRTSTRNtr,0,1,1,Unchanged
12HPETATP,0.000301993,0.235361541,1,Unchanged
12HPETUPKt,0,1,1,Unchanged
13DAMPPOX,0,1,1,Unchanged
15HPETATP,3.997513036,0.053654776,0.895635394,Unchanged
15HPETUPKt,0,1,1,Unchanged
15KPROSTGF2c,0,1,1,Unchanged
15KPROSTGF2t,0,1,1,Unchanged
1a_24_25VITD3Hm,0.000270949,0.635026324,1,Unchanged
1a_25VITD3Hm,0.000159031,0.635026324,1,Unchanged
1a25DHVITD3TRn,0.000433423,0.635026324,1,Unchanged
1MNCAMti,0,1,1,Unchanged
1PPDCRp,6.71E-05,0.812399153,1,Unchanged
21HPRGNLONE,0,1,1,Unchanged
21HPRGNLONEt1,0,1,1,Unchanged
21HPRGNLONEt2,0,1,1,Unchanged
24_25DHVITD3t,0,1,1,Unchanged
24_25DHVITD3tm,0,1,1,Unchanged
24_25VITD3Hm,0.000270949,0.635026324,1,Unchanged
25DHBDH,0,1,1,Unchanged
25DHBO,0,1,1,Unchanged
25HVITD3c,0.000433423,0.635026324,1,Unchanged
25HVITD3t,1.583748552,0.489340116,1,Unchanged
25HVITD3tm,-0.000430079,0.635026324,1,Unchanged
25VITD3Hm,0.000159031,0.635026324,1,Unchanged
2AMACHYD,4.200058693,0.627688399,1,Unchanged
2AMACSULT,-0.266908902,0.326945554,1,Unchanged
2AMADPTm,-0.000838517,1,1,Unchanged
2AOBUTtm,-1.522757829,0.114387796,1,Unchanged
2DR1PP,0,1,1,Unchanged
2H3MVc,0,1,1,Unchanged
2H3MVte,0,1,1,Unchanged
2HBACACte,0,1,1,Unchanged
2HBACte,0,1,1,Unchanged
2HBBUTte,0,1,1,Unchanged
2HBFORte,0,1,1,Unchanged
2HBLACte,0,1,1,Unchanged
2HBO,0,1,1,Unchanged
2HBPPAte,0,1,1,Unchanged
2HBPYRte,0,1,1,Unchanged
2HBRETNte,0,1,1,Unchanged
2HBt2,1.348136885,0.991766945,1,Unchanged
2HIVc,0,1,1,Unchanged
2HIVte,0,1,1,Unchanged
2HYOXPLCte,-0.012353932,0.302128926,1,Unchanged
2M3HBUc,0,1,1,Unchanged
2M3HBUte,0,1,1,Unchanged
2M3HBUtm,0,1,1,Unchanged
2M3HVACc,0,1,1,Unchanged
2M3HVACte,0,1,1,Unchanged
2M3OVACm,0,1,1,Unchanged
2M3OVACtm,0,1,1,Unchanged
2M3OVCOAm,0,1,1,Unchanged
2MCITt,0.007707091,0.476467048,1,Unchanged
2OBUTt2m,-0.003857391,0.605896755,1,Unchanged
2OBUTtm,-4.850115345,0.764753242,1,Unchanged
2OXOADPTm,0.000905126,0.812399153,1,Unchanged
335TRITHYRt5e,-0.00041308,0.635026324,1,Unchanged
34DHMORx,-0.780320309,0.591559873,1,Unchanged
34DHMORy,-0.780320309,0.591559873,1,Unchanged
34DHOXMANDte,0.634892646,0.064738018,0.967880281,Unchanged
34DHOXPEGOX,-3.62684223,0.247802174,1,Unchanged
34DHOXPEGt,-3.62684223,0.247802174,1,Unchanged
34DHPHAMT,-0.431761722,0.901453482,1,Unchanged
34DHPHELAT1tc,0,1,1,Unchanged
34DHPHEt,0,1,1,Unchanged
34DHPLACOX,0.421365876,0.812399153,1,Unchanged
34DHPLACOXy,-1.077801754,0.672243983,1,Unchanged
34DHXMANDACOX,1.341490661,0.046423093,0.790265063,Unchanged
34DHXMANDACOXy,0.144021789,0.092576141,1,Unchanged
34HPLFM,-2.500615347,0.005507389,0.198651148,Unchanged
34HPPOR,0,1,1,Unchanged
34HPPte,-5.666322602,0.01531197,0.405021228,Unchanged
35CGMPtn,0,1,1,Unchanged
3AIB_Dtm,0,1,1,Unchanged
3AIBt,0,1,1,Unchanged
3AIBt1m,0,1,1,Unchanged
3AIBTm,0,1,1,Unchanged
3DPHBH1,-0.000369592,0.039040716,0.716626386,Unchanged
3DPHBH2,-0.513046491,0.451286793,1,Unchanged
3DSPHR,0.411838122,0.717981667,1,Unchanged
3H3MGLTc,0,1,1,Unchanged
3H3MGLTte,0,1,1,Unchanged
3HAD100,0.166171115,0.489340116,1,Unchanged
3HAD100m,1.60456388,1,1,Unchanged
3HAD100p,0,1,1,Unchanged
3HAD120,0.166171115,0.489340116,1,Unchanged
3HAD120m,0,1,1,Unchanged
3HAD120p,0,1,1,Unchanged
3HAD121n5m,0,1,1,Unchanged
3HAD122n6m,0,1,1,Unchanged
3HAD122n6p,0,1,1,Unchanged
3HAD140,0.166171115,0.489340116,1,Unchanged
3HAD140m,1.60456388,1,1,Unchanged
3HAD140p,0,1,1,Unchanged
3HAD141n5m,0,1,1,Unchanged
3HAD141n5p,0,1,1,Unchanged
3HAD141n7m,0,1,1,Unchanged
3HAD142n6m,0,1,1,Unchanged
3HAD142n6p,0,1,1,Unchanged
3HAD160,0.305266692,0.828446407,1,Unchanged
3HAD160m,0,1,1,Unchanged
3HAD160p,0,1,1,Unchanged
3HAD161n7m,0,1,1,Unchanged
3HAD161n7p,0,1,1,Unchanged
3HAD161n9m,0,1,1,Unchanged
3HAD162n6m,0,1,1,Unchanged
3HAD162n6p,0,1,1,Unchanged
3HAD180,0,1,1,Unchanged
3HAD180m,0,1,1,Unchanged
3HAD180p,0,1,1,Unchanged
3HAD181m,0,1,1,Unchanged
3HAD181n9m,0,1,1,Unchanged
3HAD181n9p,0,1,1,Unchanged
3HAD183n6m,0,1,1,Unchanged
3HAD183n6p,0,1,1,Unchanged
3HAD200m,0,1,1,Unchanged
3HAD200p,0,1,1,Unchanged
3HAD201n9p,0,1,1,Unchanged
3HAD203n6p,-0.000950359,0.796430303,1,Unchanged
3HAD204n6m,0,1,1,Unchanged
3HAD204n6p,0,1,1,Unchanged
3HAD220p,0,1,1,Unchanged
3HAD221n9p,0,1,1,Unchanged
3HAD224n6m,0,1,1,Unchanged
3HAD224n6p,0.002740269,0.635026324,1,Unchanged
3HAD240p,0,1,1,Unchanged
3HAD241n9p,3.707806569,0.031034773,0.633703173,Unchanged
3HAD244n6m,0,1,1,Unchanged
3HAD244n6p,0,1,1,Unchanged
3HAD245n6m,0,1,1,Unchanged
3HAD245n6p,0,1,1,Unchanged
3HAD260p,0,1,1,Unchanged
3HAD40,0.119259718,0.613123029,1,Unchanged
3HAD60,0.166171115,0.489340116,1,Unchanged
3HAD60m,1.60456388,1,1,Unchanged
3HAD60p,0,1,1,Unchanged
3HAD80,0.166171115,0.489340116,1,Unchanged
3HAD80m,1.60456388,1,1,Unchanged
3HAD80p,0,1,1,Unchanged
3HAO,0,1,1,Unchanged
3HBCOAHLm,0,1,1,Unchanged
3HCO3_NAt,0,1,1,Unchanged
3HDH100m,1.60456388,1,1,Unchanged
3HDH100p,0,1,1,Unchanged
3HDH120m,0,1,1,Unchanged
3HDH120p,0,1,1,Unchanged
3HDH121n5m,0,1,1,Unchanged
3HDH121n6m,0,1,1,Unchanged
3HDH121n6p,0,1,1,Unchanged
3HDH140m,1.60456388,1,1,Unchanged
3HDH140p,0,1,1,Unchanged
3HDH141n5m,0,1,1,Unchanged
3HDH141n5p,0,1,1,Unchanged
3HDH141n7m,0,1,1,Unchanged
3HDH142n6m,0,1,1,Unchanged
3HDH142n6p,0,1,1,Unchanged
3HDH160m,0,1,1,Unchanged
3HDH160p,0,1,1,Unchanged
3HDH161n7m,0,1,1,Unchanged
3HDH161n7p,0,1,1,Unchanged
3HDH161n9m,0,1,1,Unchanged
3HDH162n6m,0,1,1,Unchanged
3HDH162n6p,0,1,1,Unchanged
3HDH180m,0,1,1,Unchanged
3HDH180p,0,1,1,Unchanged
3HDH181m,0,1,1,Unchanged
3HDH181n9m,0,1,1,Unchanged
3HDH181n9p,0,1,1,Unchanged
3HDH183n6m,0,1,1,Unchanged
3HDH183n6p,0,1,1,Unchanged
3HDH200m,0,1,1,Unchanged
3HDH200p,0,1,1,Unchanged
3HDH201n9p,0,1,1,Unchanged
3HDH203n6p,-0.000950359,0.796430303,1,Unchanged
3HDH204n6m,0,1,1,Unchanged
3HDH204n6p,0,1,1,Unchanged
3HDH220p,0,1,1,Unchanged
3HDH221n9p,0,1,1,Unchanged
3HDH224n6m,0,1,1,Unchanged
3HDH224n6p,0.00247878,0.235361541,1,Unchanged
3HDH240p,0,1,1,Unchanged
3HDH241n9p,3.921738725,0.137304149,1,Unchanged
3HDH244n6m,0,1,1,Unchanged
3HDH244n6p,0,1,1,Unchanged
3HDH245n6m,0,1,1,Unchanged
3HDH245n6p,0,1,1,Unchanged
3HDH260p,0,1,1,Unchanged
3HDH60m,1.60456388,1,1,Unchanged
3HDH60p,0,1,1,Unchanged
3HDH80m,1.60456388,1,1,Unchanged
3HDH80p,0,1,1,Unchanged
3HGLUTCOAm,6.71E-05,0.812399153,1,Unchanged
3HIVAcm,0,1,1,Unchanged
3HIVActe,0,1,1,Unchanged
3HIVActm,0,1,1,Unchanged
3HKYNAKGAT,0,1,1,Unchanged
3HLYTCL,0.17176282,0.876993331,1,Unchanged
3HPCOAHYDm,-0.002964187,0.605896755,1,Unchanged
3HPPDm,-0.002964187,0.605896755,1,Unchanged
3M2OPLOXRD,-2.481013973,0.001648252,0.098856767,Unchanged
3M4HDXPAC,-0.02027188,0.5564176,1,Unchanged
3M4HPGORx,0,1,1,Unchanged
3M4HPGORy,0,1,1,Unchanged
3M4HPORx,0.66586097,0.852650091,1,Unchanged
3M4HPORy,0.66586097,0.852650091,1,Unchanged
3MCPST,0,1,1,Unchanged
3MGLUTACc,0,1,1,Unchanged
3MGLUTACte,0,1,1,Unchanged
3MGLUTACtm,0,1,1,Unchanged
3MGLUTRc,0,1,1,Unchanged
3MGLUTRte,0,1,1,Unchanged
3MHISc,-0.001232239,0.605896755,1,Unchanged
3MHISt1,0.579964909,0.687365602,1,Unchanged
3MHISt2,1.0218905,0.657253813,1,Unchanged
3MHISt3,0.33828164,0.844565583,1,Unchanged
3MLDAt,-0.131373233,0.409086084,1,Unchanged
3MOBte,0,1,1,Unchanged
3MOPt2im,-0.255252607,0.57738087,1,Unchanged
3MOPte,0,1,1,Unchanged
3MOX4HOXMte,0.021303145,0.502398167,1,Unchanged
3MOX4HOXPGALDOX,-0.429036078,0.463781746,1,Unchanged
3MOX4HOXPGALDOXy,0.321793262,0.457510322,1,Unchanged
3MOXTYROX,-0.02027188,0.5564176,1,Unchanged
3MTPte,-0.004459886,0.302128926,1,Unchanged
3OAR100,0.166171115,0.489340116,1,Unchanged
3OAR120,0.166171115,0.489340116,1,Unchanged
3OAR140,0.166171115,0.489340116,1,Unchanged
3OAR160,0.305266692,0.828446407,1,Unchanged
3OAR180,0,1,1,Unchanged
3OAR40,0.119259718,0.613123029,1,Unchanged
3OAR60,0.166171115,0.489340116,1,Unchanged
3OAR80,0.166171115,0.489340116,1,Unchanged
3OAS100,0.166171115,0.489340116,1,Unchanged
3OAS120,0.166171115,0.489340116,1,Unchanged
3OAS140,0.166171115,0.489340116,1,Unchanged
3OAS160,0.305266692,0.828446407,1,Unchanged
3OAS180,0,1,1,Unchanged
3OAS60,0.166171115,0.489340116,1,Unchanged
3OAS80,0.166171115,0.489340116,1,Unchanged
3OHGLUTACm,6.71E-05,0.812399153,1,Unchanged
3OHGLUTACte,-5.771312573,0.605896755,1,Unchanged
3OHGLUTACtm,6.71E-05,0.812399153,1,Unchanged
3PGtm,0,1,1,Unchanged
3SALAASPm,0.005576346,0.605896755,1,Unchanged
3SALACBOXL,-2.010430368,0.56336398,1,Unchanged
3SALAOX,0.00145374,0.812399153,1,Unchanged
3SALATAi,0,1,1,Unchanged
3SALATAim,-0.005554875,0.605896755,1,Unchanged
3SPYRSP,0,1,1,Unchanged
3SPYRSPm,-0.005554875,0.605896755,1,Unchanged
41R1H2MAE12BOOX,0.00013846,0.812399153,1,Unchanged
41R2A1H12BOOX,-0.181923264,0.598708851,1,Unchanged
42A12BOOX,-0.431761722,0.901453482,1,Unchanged
4ABUTNDH,0,1,1,Unchanged
4ABUTtm,-0.016780838,0.635026324,1,Unchanged
4HBZCOAFm,-2.500615347,0.005507389,0.198651148,Unchanged
4HBZFm,-2.500615347,0.005507389,0.198651148,Unchanged
4HGLSDm,0,1,1,Unchanged
4HOXPACDOX,1.08853721,0.036196438,0.678913551,Unchanged
4HOXPACDOXy,0.811342781,0.060378524,0.952392739,Unchanged
4HPRO_LTte,-0.060076895,0.157457679,1,Unchanged
4HPROLTASCT1,1.156976495,0.278598672,1,Unchanged
4MOPt2im,9.957566894,0.796430303,1,Unchanged
4MOPte,0,1,1,Unchanged
4MPTNLte,-0.306053497,0.302128926,1,Unchanged
4MPTNLtm,-0.306053497,0.302128926,1,Unchanged
4OHBUTm,1.868981915,0.502398167,1,Unchanged
4OHBUTtce,1.868981915,0.502398167,1,Unchanged
4OHBUTtmc,1.868981915,0.502398167,1,Unchanged
4OHPROIMINOtc,0.004259048,0.812399153,1,Unchanged
4PYRDX,0,1,1,Unchanged
56DTHMtm,0,1,1,Unchanged
5AOPtm,0.050102117,0.292562729,1,Unchanged
5DHFtl,0,1,1,Unchanged
5HLTDL,0,1,1,Unchanged
5HOXINDACTO2OX,0,1,1,Unchanged
5HOXINDACTOX,0,1,1,Unchanged
5HTRPDOX,1.60860158,0.353049315,1,Unchanged
5HTRPVESSEC,0.444861974,0.672243983,1,Unchanged
5MTAte,0,1,1,Unchanged
5MTHFSHCMT,0,1,1,Unchanged
5MTHFt,1.817548082,0.812399153,1,Unchanged
5MTHFt2,2.991228153,0.627688399,1,Unchanged
5OXPROt,0,1,1,Unchanged
5THFtl,0,1,1,Unchanged
5THFtm,0,1,1,Unchanged
6DHFtl,0,1,1,Unchanged
6DHFtm,0,1,1,Unchanged
6THFtl,0,1,1,Unchanged
6THFtm,0,1,1,Unchanged
7DHCHSTEROLtr,3.25701404,0.515638218,1,Unchanged
7DHFtl,0,1,1,Unchanged
7DHFtm,0,1,1,Unchanged
7OHOCTAc,0,1,1,Unchanged
7OHOCTAte,0,1,1,Unchanged
7THFtl,0,1,1,Unchanged
7THFtm,0,1,1,Unchanged
A_MANASEly,0.000166273,0.057609604,0.928594806,Unchanged
A4GALTg,3.44E-05,0.812399153,1,Unchanged
A4GNT1g,0,1,1,Unchanged
A4GNT2g,0,1,1,Unchanged
AABHH,0,1,1,Unchanged
AACOAT,0.00070734,0.635026324,1,Unchanged
AACOAT_1,4.151632582,1,1,Unchanged
AACTOOR,-0.969227008,0.252049543,1,Unchanged
AACTtm,-0.969227008,0.252049543,1,Unchanged
AAGGS,0,1,1,Unchanged
AAGS,0,1,1,Unchanged
AAPSAS,0,1,1,Unchanged
AASAD3,0,1,1,Unchanged
AASAD3m,6.71E-05,0.812399153,1,Unchanged
AATA,-0.000838517,1,1,Unchanged
AATAi,0.000905126,0.812399153,1,Unchanged
ABO1g,0.316587734,0.991766945,1,Unchanged
ABO2g,-0.701822889,0.717981667,1,Unchanged
ABO3g,0,1,1,Unchanged
ABO4g,0,1,1,Unchanged
ABO5g,0,1,1,Unchanged
ABO6g,0,1,1,Unchanged
ABO7g,0,1,1,Unchanged
ABO8g,0,1,1,Unchanged
ABO9g,-1.316297986,0.975304341,1,Unchanged
ABTArm,-0.016780838,0.635026324,1,Unchanged
ABTD,0,1,1,Unchanged
ABTti,0,1,1,Unchanged
ABUTD,0,1,1,Unchanged
ABUTt2r,0.003999841,0.788477279,1,Unchanged
ABUTt4_2_r,0.002556228,0.584450368,1,Unchanged
ACACACte,-1.708327623,1,1,Unchanged
ACACFORte,-7.887010443,0.243605156,1,Unchanged
ACACPPAte,0,1,1,Unchanged
ACACPYRte,-2.437647266,0.051146231,0.862131571,Unchanged
ACACPYRtm,-1.415154125,0.489340116,1,Unchanged
ACACRETNte,0,1,1,Unchanged
ACACT100m,1.60456388,1,1,Unchanged
ACACT100p,0,1,1,Unchanged
ACACT10m,0.000332874,0.812399153,1,Unchanged
ACACT120m,0,1,1,Unchanged
ACACT120p,0,1,1,Unchanged
ACACT121n5m,0,1,1,Unchanged
ACACT121n6m,0,1,1,Unchanged
ACACT121n6p,0,1,1,Unchanged
ACACT140m,1.60456388,1,1,Unchanged
ACACT140p,0,1,1,Unchanged
ACACT141n5m,0,1,1,Unchanged
ACACT141n5p,0,1,1,Unchanged
ACACT141n7m,0,1,1,Unchanged
ACACT142n6m,0,1,1,Unchanged
ACACT142n6p,0,1,1,Unchanged
ACACT160m,0,1,1,Unchanged
ACACT160p,0,1,1,Unchanged
ACACT161n7m,0,1,1,Unchanged
ACACT161n7p,0,1,1,Unchanged
ACACT161n9m,0,1,1,Unchanged
ACACT162n6m,0,1,1,Unchanged
ACACT162n6p,0,1,1,Unchanged
ACACT180m,0,1,1,Unchanged
ACACT180p,0,1,1,Unchanged
ACACT181m,0,1,1,Unchanged
ACACT181n9m,0,1,1,Unchanged
ACACT181n9p,0,1,1,Unchanged
ACACT183n6m,0,1,1,Unchanged
ACACT183n6p,0,1,1,Unchanged
ACACT1r,0.001301215,0.154448596,1,Unchanged
ACACT1x,0,1,1,Unchanged
ACACt2,-7.637608909,0.36932711,1,Unchanged
ACACT200m,0,1,1,Unchanged
ACACT200p,0,1,1,Unchanged
ACACT201n9p,0,1,1,Unchanged
ACACT203n6p,-0.000950359,0.796430303,1,Unchanged
ACACT204n6m,0,1,1,Unchanged
ACACT204n6p,0,1,1,Unchanged
ACACT220p,0,1,1,Unchanged
ACACT221n9p,0,1,1,Unchanged
ACACT224n6m,0,1,1,Unchanged
ACACT224n6p,5.126619886,0.007527358,0.238197007,Unchanged
ACACT240p,0,1,1,Unchanged
ACACT241n9p,0,1,1,Unchanged
ACACT244n6m,0,1,1,Unchanged
ACACT244n6p,0,1,1,Unchanged
ACACT245n6m,0,1,1,Unchanged
ACACT245n6p,0,1,1,Unchanged
ACACT260p,0,1,1,Unchanged
ACACt2m,-0.019736903,0.19710329,1,Unchanged
ACACT60m,1.60456388,1,1,Unchanged
ACACT60p,0,1,1,Unchanged
ACACT80m,1.60456388,1,1,Unchanged
ACACT80p,0,1,1,Unchanged
ACACtx,-0.003226202,0.635026324,1,Unchanged
ACALDt,-1.1088734,0.975304341,1,Unchanged
ACALDtm,0,1,1,Unchanged
ACBHBte,0,1,1,Unchanged
ACBUTte,0,1,1,Unchanged
ACCOAC,0.119448568,0.380433992,1,Unchanged
ACCOACm,0,1,1,Unchanged
ACCOAgt,0,1,1,Unchanged
ACCOAL2,0.144480568,0.950632334,1,Unchanged
ACCOAtr,0,1,1,Unchanged
ACETONEt2,0,1,1,Unchanged
ACETONEt2m,-0.000147338,0.812399153,1,Unchanged
ACFORte,0,1,1,Unchanged
ACGAGBSIDEtg,0,1,1,Unchanged
ACGAGBSIDEtl,0,1,1,Unchanged
ACGALFUCGALACGALFUC12GAL14ACGLCGALGLUSIDEte,0,1,1,Unchanged
ACGALFUCGALACGALFUC12GAL14ACGLCGALGLUSIDEtg,0,1,1,Unchanged
ACGALFUCGALACGALFUCGALACGLCGAL14ACGLCGALGLUSIDEte,0,1,1,Unchanged
ACGALFUCGALACGALFUCGALACGLCGAL14ACGLCGALGLUSIDEtg,0,1,1,Unchanged
ACGAM2E,0.001443145,0.004399695,0.190702761,Unchanged
ACGAM6PSi,0.370072631,0.190031477,1,Unchanged
ACGAMK,0.006209916,0.476467048,1,Unchanged
ACGAMPM,0.734885806,0.088642965,1,Unchanged
ACGAMtl,0,1,1,Unchanged
ACGAMtly,0.007646865,0.000370881,0.035425975,Unchanged
ACGAMtr,0,1,1,Unchanged
ACGLUte,0,1,1,Unchanged
ACGLUtm,0,1,1,Unchanged
ACGLYtc,-4.69E-06,0.796430303,1,Unchanged
ACGLYte,-4.69E-06,0.796430303,1,Unchanged
ACGSm,0,1,1,Unchanged
ACHe,0.005391634,0.635026324,1,Unchanged
ACHEe,0,1,1,Unchanged
ACHtn,0.001674072,0.812399153,1,Unchanged
ACHVESSEC,0.002128163,0.476467048,1,Unchanged
ACILEm,0,1,1,Unchanged
ACILEte,0,1,1,Unchanged
ACILEtm,0,1,1,Unchanged
ACITL,1.872992525,0.219471106,1,Unchanged
ACLACte,0,1,1,Unchanged
ACLEUm,0,1,1,Unchanged
ACLEUte,0,1,1,Unchanged
ACLEUtm,0,1,1,Unchanged
ACLYSHYc,0.005624016,0.19710329,1,Unchanged
ACLYSt,-0.005602177,0.19710329,1,Unchanged
ACLYStm,0,1,1,Unchanged
ACMANAtr,0,1,1,Unchanged
ACMAT1,0.119259718,0.613123029,1,Unchanged
ACN13ACNGALGBSIDEte,0,1,1,Unchanged
ACN13ACNGALGBSIDEtg,0,1,1,Unchanged
ACN23ACNGALGBSIDEte,0,1,1,Unchanged
ACN23ACNGALGBSIDEtg,0,1,1,Unchanged
ACNACNGAL14ACGLCGALGLUSIDEte,0,1,1,Unchanged
ACNACNGAL14ACGLCGALGLUSIDEtg,0,1,1,Unchanged
ACNACNGALGBSIDEte,0,1,1,Unchanged
ACNACNGALGBSIDEtg,0,1,1,Unchanged
ACNAM9PL,1.424586292,0.086727496,1,Unchanged
ACNAM9PL2,0.001959768,0.812399153,1,Unchanged
ACNAMlt,-0.000239496,0.235361541,1,Unchanged
ACNAMPH,1.424586292,0.086727496,1,Unchanged
ACNAMtn,0,1,1,Unchanged
ACNGALACGLCGAL14ACGLCGALGLUSIDEte,0,1,1,Unchanged
ACNGALACGLCGAL14ACGLCGALGLUSIDEtg,0,1,1,Unchanged
ACNMLr,2.51442232,0.374855125,1,Unchanged
ACOA40ORm,-1.697104451,0.780546241,1,Unchanged
ACOA40ORp,0,1,1,Unchanged
ACOAD100m,1.60456388,1,1,Unchanged
ACOAD100p,0,1,1,Unchanged
ACOAD101n6m,0,1,1,Unchanged
ACOAD101n6p,0,1,1,Unchanged
ACOAD10m,-2.765811574,0.003273083,0.153477852,Unchanged
ACOAD120m,0,1,1,Unchanged
ACOAD120p,0,1,1,Unchanged
ACOAD121n5m,0,1,1,Unchanged
ACOAD140m,1.60456388,1,1,Unchanged
ACOAD140p,0,1,1,Unchanged
ACOAD141n5m,0,1,1,Unchanged
ACOAD141n5p,0,1,1,Unchanged
ACOAD141n7m,0,1,1,Unchanged
ACOAD142n6m,0,1,1,Unchanged
ACOAD142n6p,0,1,1,Unchanged
ACOAD160m,0,1,1,Unchanged
ACOAD160p,0,1,1,Unchanged
ACOAD161n7m,0,1,1,Unchanged
ACOAD161n7p,0,1,1,Unchanged
ACOAD161n9m,0,1,1,Unchanged
ACOAD163n6m,0,1,1,Unchanged
ACOAD163n6p,0,1,1,Unchanged
ACOAD180m,0,1,1,Unchanged
ACOAD180p,0,1,1,Unchanged
ACOAD181m,0,1,1,Unchanged
ACOAD181n9m,0,1,1,Unchanged
ACOAD181n9p,0,1,1,Unchanged
ACOAD1fm,1.049425699,0.796430303,1,Unchanged
ACOAD200m,0,1,1,Unchanged
ACOAD200p,0,1,1,Unchanged
ACOAD201n9p,0,1,1,Unchanged
ACOAD203n6p,-0.000950359,0.796430303,1,Unchanged
ACOAD204n6m,0,1,1,Unchanged
ACOAD204n6p,0,1,1,Unchanged
ACOAD220p,0,1,1,Unchanged
ACOAD221n9p,0,1,1,Unchanged
ACOAD224n6m,0,1,1,Unchanged
ACOAD224n6p,0,1,1,Unchanged
ACOAD225n3m,0,1,1,Unchanged
ACOAD225n3p,0.002740269,0.635026324,1,Unchanged
ACOAD240p,0,1,1,Unchanged
ACOAD241n9p,3.707806569,0.031034773,0.633703173,Unchanged
ACOAD244n6m,0,1,1,Unchanged
ACOAD244n6p,0,1,1,Unchanged
ACOAD245n6m,0,1,1,Unchanged
ACOAD245n6p,0,1,1,Unchanged
ACOAD260p,0,1,1,Unchanged
ACOAD60m,1.60456388,1,1,Unchanged
ACOAD60p,0,1,1,Unchanged
ACOAD80m,1.60456388,1,1,Unchanged
ACOAD80p,0,1,1,Unchanged
ACOAD8m,-1.162928376,0.017142368,0.441407884,Unchanged
ACOAD9m,0,1,1,Unchanged
ACOAHi,0,1,1,Unchanged
ACOAHim,8.394569501,1,1,Unchanged
ACOAS,0.144480568,0.950632334,1,Unchanged
ACOATA,0.119259718,0.613123029,1,Unchanged
ACOATE100,0,1,1,Unchanged
ACOATE100m,1.60456388,1,1,Unchanged
ACOATE100p,0,1,1,Unchanged
ACOATE120,0,1,1,Unchanged
ACOATE120m,0,1,1,Unchanged
ACOATE120p,0,1,1,Unchanged
ACOATE140,0,1,1,Unchanged
ACOATE140m,0,1,1,Unchanged
ACOATE140p,0,1,1,Unchanged
ACOATE160,0,1,1,Unchanged
ACOATE160m,0,1,1,Unchanged
ACOATE160p,0,1,1,Unchanged
ACOATE161,0,1,1,Unchanged
ACOATE161m,0,1,1,Unchanged
ACOATE161p,0,1,1,Unchanged
ACOATE180,0,1,1,Unchanged
ACOATE180m,0,1,1,Unchanged
ACOATE180p,0,1,1,Unchanged
ACOATE181,0,1,1,Unchanged
ACOATE1812,0,1,1,Unchanged
ACOATE18121p,0,1,1,Unchanged
ACOATE18122p,0,1,1,Unchanged
ACOATE1812m,0,1,1,Unchanged
ACOATE1813,0,1,1,Unchanged
ACOATE1813m,0,1,1,Unchanged
ACOATE1813p,0,1,1,Unchanged
ACOATE181m,0,1,1,Unchanged
ACOATE181p,0,1,1,Unchanged
ACOATE1821m,0,1,1,Unchanged
ACOATE1822m,0,1,1,Unchanged
ACOATE1822p,0,1,1,Unchanged
ACOATE1831,0,1,1,Unchanged
ACOATE1831m,0,1,1,Unchanged
ACOATE1831p,0,1,1,Unchanged
ACOATE1832,0,1,1,Unchanged
ACOATE1832m,0,1,1,Unchanged
ACOATE1832p,0,1,1,Unchanged
ACOATE184,0,1,1,Unchanged
ACOATE184m,0,1,1,Unchanged
ACOATE184p,0,1,1,Unchanged
ACOATE191p,-1.856232559,0.657253813,1,Unchanged
ACOATE200,-0.001352449,0.605896755,1,Unchanged
ACOATE200m,0,1,1,Unchanged
ACOATE200p,0,1,1,Unchanged
ACOATE203,0,1,1,Unchanged
ACOATE2031,-0.001608504,0.796430303,1,Unchanged
ACOATE2031m,0,1,1,Unchanged
ACOATE2031p,0,1,1,Unchanged
ACOATE204,0.001463714,0.017628931,0.441407884,Unchanged
ACOATE2042m,0,1,1,Unchanged
ACOATE2042p,0,1,1,Unchanged
ACOATE204m,0,1,1,Unchanged
ACOATE204p,0,1,1,Unchanged
ACOATE205m,0,1,1,Unchanged
ACOATE205p,0,1,1,Unchanged
ACOATE220,0,1,1,Unchanged
ACOATE220m,0,1,1,Unchanged
ACOATE220p,0,1,1,Unchanged
ACOATE221,-3.237798943,0.204365872,1,Unchanged
ACOATE221m,0,1,1,Unchanged
ACOATE223,0,1,1,Unchanged
ACOATE224,-0.000609988,0.796430303,1,Unchanged
ACOATE224m,0,1,1,Unchanged
ACOATE224p,0,1,1,Unchanged
ACOATE2251m,0,1,1,Unchanged
ACOATE2251p,0,1,1,Unchanged
ACOATE2252m,0,1,1,Unchanged
ACOATE2252p,0,1,1,Unchanged
ACOATE226m,0,1,1,Unchanged
ACOATE226p,0,1,1,Unchanged
ACOATE240,4.33102115,0.991766945,1,Unchanged
ACOATE240m,0,1,1,Unchanged
ACOATE240p,0,1,1,Unchanged
ACOATE241,-0.002760257,0.438984574,1,Unchanged
ACOATE241p,0,1,1,Unchanged
ACOATE244_1m,0,1,1,Unchanged
ACOATE244_1p,0,1,1,Unchanged
ACOATE244m,0,1,1,Unchanged
ACOATE245_1m,0,1,1,Unchanged
ACOATE245_1p,0,1,1,Unchanged
ACOATE245_2m,0,1,1,Unchanged
ACOATE245_2p,0,1,1,Unchanged
ACOATE246m,0,1,1,Unchanged
ACOATE246p,0,1,1,Unchanged
ACOATE260p,0,1,1,Unchanged
ACOATE80,0,1,1,Unchanged
ACOATE80m,-0.305013628,0.967076544,1,Unchanged
ACOATE80p,0,1,1,Unchanged
ACOD,2.126816257,0.000433656,0.037911839,Unchanged
ACONTa,5.371184785,0.733464976,1,Unchanged
ACONTam,5.35578476,0.208069321,1,Unchanged
ACONTb,5.371423733,0.252049543,1,Unchanged
ACP1_FMN,0,1,1,Unchanged
ACPPAte,0,1,1,Unchanged
ACRETNte,0,1,1,Unchanged
ACRNtm,0.762692789,0.926007565,1,Unchanged
ACSm,0,1,1,Unchanged
ACt2e,0,1,1,Unchanged
ACt2m,8.394569501,1,1,Unchanged
ACt2r,-9.045117627,0.337232791,1,Unchanged
ACt2n,0,1,1,Unchanged
ACTHRtc,0,1,1,Unchanged
ACTHRte,0,1,1,Unchanged
ACTLMO,6.43E-05,0.812399153,1,Unchanged
ACTNMO,0.000147323,0.812399153,1,Unchanged
ACTYRm,0,1,1,Unchanged
ACTYRtc,0,1,1,Unchanged
ACTYRte,0,1,1,Unchanged
ACYP,-0.010300751,0.605896755,1,Unchanged
ADA,0,1,1,Unchanged
ADAe,0,1,1,Unchanged
ADCim,0.000147323,0.812399153,1,Unchanged
ADEt,0,1,1,Unchanged
ADHAPtx,0.781166626,0.828446407,1,Unchanged
ADK1,-0.533875862,0.374855125,1,Unchanged
ADK1m,7.278936059,0.812399153,1,Unchanged
ADK3,0.93899851,0.014463034,0.396810273,Unchanged
ADK3m,3.374347172,0.426877274,1,Unchanged
ADKd,0.444927075,0.265095171,1,Unchanged
ADMDC,0,1,1,Unchanged
ADNCYC,3.731365689,0.137304149,1,Unchanged
ADNINSte,0,1,1,Unchanged
ADNK1,2.627722981,0.613123029,1,Unchanged
ADNK1m,0,1,1,Unchanged
ADNK3,1.879610024,0.061803826,0.954031876,Unchanged
ADNK4,0.003234995,0.342453593,1,Unchanged
ADNt4,2.788023663,0.635026324,1,Unchanged
ADNt5,2.156549091,0.635026324,1,Unchanged
ADNtm,5.518616362,0.796430303,1,Unchanged
ADPACDAc,0,1,1,Unchanged
ADPACTD,0,1,1,Unchanged
ADPCOACROT,0,1,1,Unchanged
ADPCOAPTE,0,1,1,Unchanged
ADPDGPDtm,0,1,1,Unchanged
ADPGK,5.503217115,0.043126547,0.770261914,Unchanged
ADPOHc,0,1,1,Unchanged
ADPOHt,0,1,1,Unchanged
ADPPH,0,1,1,Unchanged
ADPRDP,0,1,1,Unchanged
ADPT,0.004167694,0.635026324,1,Unchanged
ADPt4,-1.798081097,0.004847015,0.198651148,Unchanged
ADPtx,-5.57E-05,0.812399153,1,Unchanged
ADRNLPVESSEC,0,1,1,Unchanged
ADRNt,-3.290623092,0.403255172,1,Unchanged
ADSK,1.658756038,0.183148353,1,Unchanged
ADSL1,7.011216634,0.000211854,0.023249886,Unchanged
ADSL2,4.373157475,0.000140304,0.018861851,Unchanged
ADSS,7.011216634,0.000211854,0.023249886,Unchanged
AG13T10g,2.29E-06,0.812399153,1,Unchanged
AG13T11g,2.29E-06,0.812399153,1,Unchanged
AG13T12g,2.29E-06,0.812399153,1,Unchanged
AG13T13g,2.29E-06,0.812399153,1,Unchanged
AG13T14g,2.29E-06,0.812399153,1,Unchanged
AG13T15g,2.29E-06,0.812399153,1,Unchanged
AG13T16g,2.29E-05,0.812399153,1,Unchanged
AG13T17g,2.29E-05,0.812399153,1,Unchanged
AG13T18g,2.29E-05,0.812399153,1,Unchanged
AG13T1g,5.70E-06,0.812399153,1,Unchanged
AG13T2g,5.70E-06,0.812399153,1,Unchanged
AG13T3g,5.70E-06,0.812399153,1,Unchanged
AG13T4g,2.29E-06,0.812399153,1,Unchanged
AG13T5g,2.29E-06,0.812399153,1,Unchanged
AG13T6g,2.29E-06,0.812399153,1,Unchanged
AG13T7g,2.29E-06,0.812399153,1,Unchanged
AG13T8g,2.29E-06,0.812399153,1,Unchanged
AG13T9g,2.29E-06,0.812399153,1,Unchanged
AGDC,0,1,1,Unchanged
DAGKm_hs,-3.838518681,0.00032949,0.032682873,Unchanged
AGL1,0,1,1,Unchanged
AGL2,0,1,1,Unchanged
AGLPC,0.781166626,0.828446407,1,Unchanged
AGLPH,0.781166626,0.828446407,1,Unchanged
AGLPR,0.781166626,0.828446407,1,Unchanged
AGLPT,0.781166626,0.828446407,1,Unchanged
AGMO,0,1,1,Unchanged
AGMTm,0,1,1,Unchanged
AGPAT1,5.59275865,0.039040716,0.716626386,Unchanged
AGPAT1m,2.341111165,0.942417668,1,Unchanged
AGPex,0.781166626,0.828446407,1,Unchanged
AGPSx,0.781166626,0.828446407,1,Unchanged
AGTim,0.010018249,0.342453593,1,Unchanged
AGTix,0.890817225,0.063256863,0.954031876,Unchanged
AHC,0.719337091,0.09459463,1,Unchanged
AHCYStd,0,1,1,Unchanged
AHCYSte,0,1,1,Unchanged
AHCYStn,-0.003728533,0.476467048,1,Unchanged
AHCYStr,0,1,1,Unchanged
AHEXASE2ly,5.97E-05,0.235361541,1,Unchanged
AHEXASEly,0.00010429,0.476467048,1,Unchanged
AIBAKGAT,0.004239904,0.812399153,1,Unchanged
AICART,4.373157475,0.000140304,0.018861851,Unchanged
AICARte,0,1,1,Unchanged
AIRCr,4.373157475,0.000140304,0.018861851,Unchanged
AK2LGCHOLt,0.781166626,0.828446407,1,Unchanged
AKG2HBte,1.348136885,0.991766945,1,Unchanged
AKGACACte,-12.83282765,0.664732139,1,Unchanged
AKGACte,0.948612939,0.605896755,1,Unchanged
AKGBHBte,0,1,1,Unchanged
AKGCITtm,17.76196451,0.451286793,1,Unchanged
AKGDa1,1.408811252,0.037124247,0.688801679,Unchanged
AKGDa2,1.408811252,0.037124247,0.688801679,Unchanged
AKGDb,1.408811252,0.037124247,0.688801679,Unchanged
AKGFORte,-12.67554615,0.190031477,1,Unchanged
AKGGHTRDtm,17.95326966,0.124171081,1,Unchanged
AKGICITtp,-0.00015277,0.796430303,1,Unchanged
AKGLACte,-2.986315835,0.008003352,0.250189635,Unchanged
AKGPItm,0.002261916,0.812399153,1,Unchanged
AKGPPAte,0,1,1,Unchanged
AKGRETNte,0,1,1,Unchanged
AKGSUCCtm,-0.007058645,0.796430303,1,Unchanged
AKGt2e,0,1,1,Unchanged
AKGt4_3,-0.003884042,0.342453593,1,Unchanged
AKR1C1,0,1,1,Unchanged
AKR1C41,2.195158831,0.967076544,1,Unchanged
AKR1C42,0,1,1,Unchanged
AKR1D,2.195158831,0.967076544,1,Unchanged
AKR1D2,3.57889663,0.967076544,1,Unchanged
ALA_DTDe,-2.297621425,0.584450368,1,Unchanged
ALAARGCYSr,0,1,1,Unchanged
ALAARGCYSt,0,1,1,Unchanged
ALAARGGLYr,0,1,1,Unchanged
ALAARGGLYt,0,1,1,Unchanged
ALAASNLEUr,0,1,1,Unchanged
ALAASNLEUt,0,1,1,Unchanged
ALAASNNaEx,0,1,1,Unchanged
ALAATB0tc,-4.43E-05,0.605896755,1,Unchanged
ALACYSNaEx,4.201589155,0.476467048,1,Unchanged
ALADGLNexR,3.143327406,0.812399153,1,Unchanged
ALADGLYexR,0,1,1,Unchanged
ALAGLNexR,6.12212954,0.991766945,1,Unchanged
ALAGLNNaEx,0,1,1,Unchanged
ALAGLYexR,-0.002879075,0.812399153,1,Unchanged
ALAGLYLYSr,0,1,1,Unchanged
ALAGLYLYSt,0,1,1,Unchanged
ALAHISALAr,0,1,1,Unchanged
ALAHISALAt,0,1,1,Unchanged
ALALtm,0.008808729,0.635026324,1,Unchanged
ALALYSTHRr,0,1,1,Unchanged
ALALYSTHRt,0,1,1,Unchanged
ALAR,0,1,1,Unchanged
ALASERNaEx,3.718524036,0.476467048,1,Unchanged
ALASm,0.050102117,0.292562729,1,Unchanged
ALAt2r,1.651117981,0.067786213,1,Unchanged
ALAt4,0.174780169,0.316864337,1,Unchanged
ALATA_L,-0.009131641,0.476467048,1,Unchanged
ALATA_Lm,-0.001471524,0.812399153,1,Unchanged
ALATHRNaEx,3.522195084,0.476467048,1,Unchanged
ALAtN1,-3.067878219,0.926007565,1,Unchanged
ALATRAH,0,1,1,Unchanged
ALATRAHm,0,1,1,Unchanged
ALATRS,0.227835911,0.243605156,1,Unchanged
ALATRSm,0,1,1,Unchanged
ALAyLATthc,0,1,1,Unchanged
ALCD1,-1.629287918,0.353049315,1,Unchanged
ALCD19,0,1,1,Unchanged
ALCD19m,0,1,1,Unchanged
ALCD21_D,-1.318624633,0.292562729,1,Unchanged
ALCD21_L,-1.60424497,0.502398167,1,Unchanged
ALCD22_D,-1.312163868,0.311901017,1,Unchanged
ALCD22_L,-1.605616496,0.292562729,1,Unchanged
ALDD19x,0.587564523,0.157457679,1,Unchanged
ALDD19xrm,0.650009195,0.672243983,1,Unchanged
ALDD19y,0.587570553,0.157457679,1,Unchanged
ALDD19yrm,0.650009195,0.672243983,1,Unchanged
ALDD20x,0,1,1,Unchanged
ALDD21,4.924256179,0.627688399,1,Unchanged
ALDD21x,4.924256179,0.627688399,1,Unchanged
ALDD2x,-0.024432173,0.316864337,1,Unchanged
ALDD2xm,0,1,1,Unchanged
ALDD2y,-0.882936293,0.021386568,0.525294835,Unchanged
ALDSTRNte,0,1,1,Unchanged
ALDSTRNtm,0,1,1,Unchanged
ALKP,0.001942518,0.635026324,1,Unchanged
ALOX12,0.000301993,0.235361541,1,Unchanged
ALOX15,3.997513036,0.053654776,0.895635394,Unchanged
ALOX5,0.000351749,0.812399153,1,Unchanged
ALOX52,0.000351749,0.812399153,1,Unchanged
ALPAP,-0.003680388,0.438984574,1,Unchanged
ALR,0,1,1,Unchanged
ALR2,-1.604247587,0.570351904,1,Unchanged
ALR3,-1.60424497,0.502398167,1,Unchanged
AM6SAD,0,1,1,Unchanged
AMACR2p,2.195158831,0.967076544,1,Unchanged
AMANK,1.424586292,0.086727496,1,Unchanged
AMCOXO,0,1,1,Unchanged
AMETEPMT,-0.186730255,0.414966878,1,Unchanged
AMETr,0,1,1,Unchanged
AMETt2m,-0.33549906,0.016204469,0.426442092,Unchanged
AMETtd,0,1,1,Unchanged
AMETtn,0.003718921,0.476467048,1,Unchanged
AMID6,0.030096704,0.000146273,0.018861851,Unchanged
AMID6m,0.003987289,0.812399153,1,Unchanged
AMPDA,0.01594669,0.476467048,1,Unchanged
AMPPHm,5.518616362,0.796430303,1,Unchanged
AMPPTe,0,1,1,Unchanged
AMPTASECG,0.442814408,0.476467048,1,Unchanged
AMPTASECGe,0,1,1,Unchanged
AMPtp,5.57E-05,0.812399153,1,Unchanged
ANTHte,-0.0011382,0.812399153,1,Unchanged
AOBUTDsm,-0.969227008,0.252049543,1,Unchanged
APAT2rm,0,1,1,Unchanged
APNPT,0,1,1,Unchanged
APNPTm,0,1,1,Unchanged
APOC_LYS_BTNP,0,1,1,Unchanged
APOC_LYS_BTNPm,0,1,1,Unchanged
APOCF,0,1,1,Unchanged
APOCFm,0,1,1,Unchanged
APRGSTRNte,0,1,1,Unchanged
ARACHCOAtcx,0,1,1,Unchanged
ARACHCOAtr,-1.79E-05,0.812399153,1,Unchanged
ARACHCPT1,0,1,1,Unchanged
ARACHCPT2,0,1,1,Unchanged
ARACHCRNt,0,1,1,Unchanged
ARACHDabc,0,1,1,Unchanged
ARACHDabcp,0,1,1,Unchanged
ARACHDCOAtcx,0,1,1,Unchanged
ARACHDCOAtr,-1.264070994,0.657253813,1,Unchanged
ARACHDCRNtr,0,1,1,Unchanged
ARACHDt2,0,1,1,Unchanged
ARACHDtr,0.006987288,0.121666095,1,Unchanged
ARACHFATPc,0,1,1,Unchanged
ARACHt,0,1,1,Unchanged
ARCOAATp,5.126619886,0.007527358,0.238197007,Unchanged
ARCOAATr,4.47E-05,0.796430303,1,Unchanged
ARGALAPHEr,0,1,1,Unchanged
ARGALAPHEt,0,1,1,Unchanged
ARGALATHRr,0,1,1,Unchanged
ARGALATHRt,0,1,1,Unchanged
ARGARGLYSr,0,1,1,Unchanged
ARGARGLYSt,0,1,1,Unchanged
ARGARGMETr,0,1,1,Unchanged
ARGARGMETt,0,1,1,Unchanged
ARGARGr,0,1,1,Unchanged
ARGARGt,0,1,1,Unchanged
ARGATB0tc,-4.081902476,0.605896755,1,Unchanged
ARGCITRt2m,6.873858223,0.570351904,1,Unchanged
ARGCITRtm,5.040853916,0.235361541,1,Unchanged
ARGCYSGLYr,0,1,1,Unchanged
ARGCYSGLYt,0,1,1,Unchanged
ARGCYSSERr,0,1,1,Unchanged
ARGCYSSERt,0,1,1,Unchanged
ARGDCm,0,1,1,Unchanged
ARGGLUGLUr,0,1,1,Unchanged
ARGGLUGLUt,0,1,1,Unchanged
ARGGLUPROr,0,1,1,Unchanged
ARGGLUPROt,0,1,1,Unchanged
ARGHISt2m,2.716192321,0.235361541,1,Unchanged
ARGHISTHRr,0,1,1,Unchanged
ARGHISTHRt,0,1,1,Unchanged
ARGHIStm,3.543632762,0.235361541,1,Unchanged
ARGLEUPHEr,0,1,1,Unchanged
ARGLEUPHEt,0,1,1,Unchanged
ARGLYSASPr,0,1,1,Unchanged
ARGLYSASPt,0,1,1,Unchanged
ARGLYSex,4.477043829,0.009036948,0.269436869,Unchanged
ARGLYStm,3.772267963,0.235361541,1,Unchanged
ARGN,0,1,1,Unchanged
ARGNm,0,1,1,Unchanged
ARGORNtm,11.61752612,0.326945554,1,Unchanged
ARGPHEARGr,0,1,1,Unchanged
ARGPHEARGt,0,1,1,Unchanged
ARGPROMETr,0,1,1,Unchanged
ARGPROMETt,0,1,1,Unchanged
ARGPROTHRr,0,1,1,Unchanged
ARGPROTHRt,0,1,1,Unchanged
ARGSERSERr,0,1,1,Unchanged
ARGSERSERt,0,1,1,Unchanged
ARGSL,0,1,1,Unchanged
ARGSS,0,1,1,Unchanged
ARGt4,0.408753064,0.664732139,1,Unchanged
ARGt5r,0,1,1,Unchanged
ARGtm,4.971328971,0.476467048,1,Unchanged
ARGTRAH,0,1,1,Unchanged
ARGTRAHm,0,1,1,Unchanged
ARGTRS,0.227837624,0.243605156,1,Unchanged
ARGTRSm,0,1,1,Unchanged
ARGTYRVALr,0,1,1,Unchanged
ARGTYRVALt,0,1,1,Unchanged
ARGVALCYSr,0,1,1,Unchanged
ARGVALCYSt,0,1,1,Unchanged
ARGVALTRPr,0,1,1,Unchanged
ARGVALTRPt,0,1,1,Unchanged
ARS_hs,0,1,1,Unchanged
ARSA,1.86E-06,0.812399153,1,Unchanged
ASAH1,0.000142284,0.812399153,1,Unchanged
ASAH2,0.000215782,0.812399153,1,Unchanged
ASCBOX,0,1,1,Unchanged
ASCBt,0,1,1,Unchanged
ASCBt4,0,1,1,Unchanged
ASCBt5,-0.006787727,0.032680311,0.633703173,Unchanged
ASCBtr,0.006755941,0.032680311,0.633703173,Unchanged
ASN_Lte,0,1,1,Unchanged
Asn_X_Ser/Thrtr,-0.000166292,0.057609604,0.928594806,Unchanged
ASNALANaEx,5.53E-06,0.812399153,1,Unchanged
ASNASNARGr,0.001845622,0.605896755,1,Unchanged
ASNASNARGt,0.001845622,0.605896755,1,Unchanged
ASNATB0tc,-0.298254378,0.463781746,1,Unchanged
ASNCYSCYSr,0,1,1,Unchanged
ASNCYSCYSt,0,1,1,Unchanged
ASNCYSNaEx,0,1,1,Unchanged
ASNGLNNaEx,0,1,1,Unchanged
ASNMETPROr,0,1,1,Unchanged
ASNMETPROt,0,1,1,Unchanged
ASNN,0.003778566,0.476467048,1,Unchanged
ASNNm,0,1,1,Unchanged
ASNPHEASPr,0,1,1,Unchanged
ASNPHEASPt,0,1,1,Unchanged
ASNPHECYSr,0,1,1,Unchanged
ASNPHECYSt,0,1,1,Unchanged
ASNS1,0,1,1,Unchanged
ASNSERNaEx,0,1,1,Unchanged
ASNt4,-0.666767648,0.909628882,1,Unchanged
ASNTHRNaEx,2.767085348,0.476467048,1,Unchanged
ASNtm,0,1,1,Unchanged
ASNtN1,-0.785630223,0.812399153,1,Unchanged
ASNTRAH,0,1,1,Unchanged
ASNTRAHm,0,1,1,Unchanged
ASNTRS,0.227844743,0.243605156,1,Unchanged
ASNTRSm,0,1,1,Unchanged
ASNTYRGLYr,0,1,1,Unchanged
ASNTYRGLYt,0,1,1,Unchanged
ASNTYRPHEr,0,1,1,Unchanged
ASNTYRPHEt,0,1,1,Unchanged
ASNTYRTHRr,0,1,1,Unchanged
ASNTYRTHRt,0,1,1,Unchanged
ASP1DC,0.217519675,0.598708851,1,Unchanged
ASPALAARGr,0,1,1,Unchanged
ASPALAARGt,0,1,1,Unchanged
ASPASNGLUr,0,1,1,Unchanged
ASPASNGLUt,0,1,1,Unchanged
ASPCTr,1.36953019,0.19710329,1,Unchanged
ASPDH,0,1,1,Unchanged
ASPDt6,-1.759293667,0.287856738,1,Unchanged
ASPDTDe,-1.759293667,0.287856738,1,Unchanged
ASPGLUPROr,0,1,1,Unchanged
ASPGLUPROt,0,1,1,Unchanged
ASPGLUr,0,1,1,Unchanged
ASPGLUt,0,1,1,Unchanged
ASPGLUTRPr,0,1,1,Unchanged
ASPGLUTRPt,0,1,1,Unchanged
ASPHISCYSr,0,1,1,Unchanged
ASPHISCYSt,0,1,1,Unchanged
ASPHISPROr,0,1,1,Unchanged
ASPHISPROt,0,1,1,Unchanged
ASPLYSGLUr,0,1,1,Unchanged
ASPLYSGLUt,0,1,1,Unchanged
ASPLYSHISr,0,1,1,Unchanged
ASPLYSHISt,0,1,1,Unchanged
ASPMETASPr,0,1,1,Unchanged
ASPMETASPt,0,1,1,Unchanged
ASPNATm,0,1,1,Unchanged
ASPOX,0.004913066,0.812399153,1,Unchanged
ASPPROASCT1,10.86824031,0.926007565,1,Unchanged
ASPPROLYSr,0,1,1,Unchanged
ASPPROLYSt,0,1,1,Unchanged
ASPt2e,0,1,1,Unchanged
ASPt6,-2.806528297,0.584450368,1,Unchanged
ASPTA,3.74568818,0.476467048,1,Unchanged
ASPte,-1.154759586,0.642400278,1,Unchanged
ASPTRAH,0,1,1,Unchanged
ASPTRAHm,0,1,1,Unchanged
ASPTRS,0.227819824,0.243605156,1,Unchanged
ASPTRSm,0,1,1,Unchanged
ASPVALASNr,0,1,1,Unchanged
ASPVALASNt,0,1,1,Unchanged
ATAn,0.024206194,0.812399153,1,Unchanged
ATAx,0,1,1,Unchanged
ATHCCDH,4.559311091,0.991766945,1,Unchanged
ATHCCHL,4.559311091,0.991766945,1,Unchanged
ATP1ter,1.897968684,0.058980576,0.936067113,Unchanged
ATPADPtp,-0.046741073,0.148561775,1,Unchanged
ATPAMPtp,4.313071965,0.489340116,1,Unchanged
ATPasel,0.001696021,0.096648237,1,Unchanged
ATPH1e,0,1,1,Unchanged
ATPS4m,1.006591482,0.077645708,1,Unchanged
ATPt4,-2.104505716,0.332063432,1,Unchanged
ATPte,0,1,1,Unchanged
ATPtm,-1.763611166,0.717981667,1,Unchanged
ATPtn,2.608068364,0.868864802,1,Unchanged
ATPtx,0,1,1,Unchanged
AVITE1t,0,1,1,Unchanged
B_MANNASEly,0.000166273,0.057609604,0.928594806,Unchanged
B3GALT3g,3.44E-05,0.812399153,1,Unchanged
B3GALT41g,8.20E-05,0.635026324,1,Unchanged
B3GALT42g,1.02E-05,0.635026324,1,Unchanged
B3GALT43g,2.01E-05,0.635026324,1,Unchanged
B3GALT44g,8.96E-05,0.476467048,1,Unchanged
B3GALT5g,3.44E-05,0.812399153,1,Unchanged
B3GALTg,-0.243080847,0.463781746,1,Unchanged
B3GNT11g,-1.26250942,0.009597157,0.282869353,Unchanged
B3GNT12g,-2.15796774,0.000797659,0.055598975,Unchanged
B3GNT310g,-0.913079101,0.017628931,0.441407884,Unchanged
B3GNT311g,0,1,1,Unchanged
B3GNT312g,-1.26250942,0.009597157,0.282869353,Unchanged
B3GNT313g,0,1,1,Unchanged
B3GNT314g,-1.316297986,0.975304341,1,Unchanged
B3GNT315g,-2.15796774,0.000797659,0.055598975,Unchanged
B3GNT31g,0,1,1,Unchanged
B3GNT32g,0,1,1,Unchanged
B3GNT33g,0,1,1,Unchanged
B3GNT34g,0,1,1,Unchanged
B3GNT35g,0,1,1,Unchanged
B3GNT37g,1.13E-05,0.812399153,1,Unchanged
B3GNT38g,0,1,1,Unchanged
B3GNT39g,6.98E-05,0.812399153,1,Unchanged
B3GNT51g,-0.719173835,0.019161978,0.472906619,Unchanged
BACCL,0,1,1,Unchanged
BACCLm,0,1,1,Unchanged
BALABETAtc,0.00541384,0.812399153,1,Unchanged
BALAPAT1tc,0.056877231,0.812399153,1,Unchanged
BALAtmr,0,1,1,Unchanged
BALAVECSEC,3.91057745,0.064738018,0.967880281,Unchanged
BAMPPALDOX,0,1,1,Unchanged
BDHm,0,1,1,Unchanged
BDMT,0.121098589,0.105221618,1,Unchanged
BETALDHxm,0,1,1,Unchanged
BHB2HBte,0,1,1,Unchanged
BHBACACte,0,1,1,Unchanged
BHBLACte,0,1,1,Unchanged
BHBRETNte,0,1,1,Unchanged
BHBt,0,1,1,Unchanged
BHBtm,0,1,1,Unchanged
BHMT,0,1,1,Unchanged
BILDGLCURte,0,1,1,Unchanged
BILDGLCURtr,-1.060080873,0.287856738,1,Unchanged
BILDGLUCRabc,0.323190462,0.844565583,1,Unchanged
BILGLCURt,4.550149963,0.635026324,1,Unchanged
BILGLCURte,0,1,1,Unchanged
BILGLCURtr,-0.000454829,0.812399153,1,Unchanged
BILIRED,-2.519074223,0.780546241,1,Unchanged
BILIRED2,0.56541528,0.584450368,1,Unchanged
BILIRUBte,5.34103292,0.812399153,1,Unchanged
BILIRUBtr,0.064512222,0.391743746,1,Unchanged
BIOCYTtn,0,1,1,Unchanged
BPGP,0.074399101,0.635026324,1,Unchanged
BPNT,1.658756038,0.183148353,1,Unchanged
BPNT2,0,1,1,Unchanged
BTCOACRNtm,0.675833222,0.975304341,1,Unchanged
BTND1,0,1,1,Unchanged
BTND1n,0,1,1,Unchanged
BTNDm,0,1,1,Unchanged
BTNPL,0,1,1,Unchanged
BTNPLm,0,1,1,Unchanged
BTNt2,0,1,1,Unchanged
BTNt3,0,1,1,Unchanged
BTNt3i,0,1,1,Unchanged
BTNTe,0,1,1,Unchanged
BTNtn,0,1,1,Unchanged
BUP2,0,1,1,Unchanged
BUTACACte,0,1,1,Unchanged
BUTBHBte,0,1,1,Unchanged
BUTLACte,0,1,1,Unchanged
BUTRETNte,0,1,1,Unchanged
BUTSMCT1,0,1,1,Unchanged
BUTt2m,-0.325722699,0.749057473,1,Unchanged
C10DCc,0,1,1,Unchanged
C10DCCACT,0,1,1,Unchanged
C14STRr,2.522845808,0.489340116,1,Unchanged
C160CPT2,0.000106235,0.635026324,1,Unchanged
C160CRNt,0.000106235,0.635026324,1,Unchanged
C161CPT1,-3.629083986,0.967076544,1,Unchanged
C161CPT2,0,1,1,Unchanged
C161CRNt,0,1,1,Unchanged
C180CPT1,0,1,1,Unchanged
C180CPT2,0,1,1,Unchanged
C180CRNt,0,1,1,Unchanged
C181CPT1,0,1,1,Unchanged
C181CPT2,0,1,1,Unchanged
C181CRNt,0,1,1,Unchanged
C204CPT1,5.761845353,0.00425912,0.18617407,Unchanged
C204CPT2,0,1,1,Unchanged
C204CRNt,0,1,1,Unchanged
C2tcx,-3.674386359,0.975304341,1,Unchanged
C3STDH1Pr,3.224447685,0.426877274,1,Unchanged
C3STDH1r,0.962768589,0.672243983,1,Unchanged
C3STKR2r,2.522845808,0.489340116,1,Unchanged
C40CPT1,0,1,1,Unchanged
C4CRNCPT2,0,1,1,Unchanged
C4STMO1r,2.522845808,0.489340116,1,Unchanged
C4STMO2Pr,1.493142188,0.804404526,1,Unchanged
C4STMO2r,2.927642515,0.796430303,1,Unchanged
C4tmc,0,1,1,Unchanged
C6DCc,0,1,1,Unchanged
C6DCCACT,0,1,1,Unchanged
C80CPT1,-0.001181521,0.812399153,1,Unchanged
C8CRNt,0,1,1,Unchanged
C8DCc,0,1,1,Unchanged
C9BRxtc,0,1,1,Unchanged
CA2te,0,1,1,Unchanged
CA2tm,10.63625256,0.780546241,1,Unchanged
CAATPS,0.006383775,0.342453593,1,Unchanged
CACT1r,0,1,1,Unchanged
CACT2p,0.001180554,0.812399153,1,Unchanged
CACT3p,0,1,1,Unchanged
CACT4r,-3.629083986,0.967076544,1,Unchanged
CACT5p,0,1,1,Unchanged
CACT5r,4.004379835,0.812399153,1,Unchanged
CACT6p,0,1,1,Unchanged
CACT6r,-0.082436249,0.397474332,1,Unchanged
CACT7p,5.126619886,0.007527358,0.238197007,Unchanged
CACT7r,4.47E-05,0.796430303,1,Unchanged
CAMPt,2.19E-05,0.812399153,1,Unchanged
CARNS,0,1,1,Unchanged
CAT,1.618210428,0.002586057,0.130773346,Unchanged
CATm,-0.602144504,0.081180876,1,Unchanged
CATp,2.0323199,0.000433656,0.037911839,Unchanged
CBASPte,0,1,1,Unchanged
CBPPer,0,1,1,Unchanged
CBPS,1.36953019,0.19710329,1,Unchanged
CBPSam,0,1,1,Unchanged
CBPter,0,1,1,Unchanged
CBR2,0,1,1,Unchanged
CCA_D3t,0.000429951,0.635026324,1,Unchanged
CCA_D3tm,0.000429951,0.635026324,1,Unchanged
CCCT1,0,1,1,Unchanged
CCCT2,0,1,1,Unchanged
CCGTx,3.57889663,0.967076544,1,Unchanged
CCTTx,0,1,1,Unchanged
CDIPTr,-1.98677919,0.003061525,0.151839845,Unchanged
CDPDAGtm,-2.794372944,0.010188124,0.296894595,Unchanged
CDPRBTLtg,3.732171353,0.096648237,1,Unchanged
CDPtg,3.732171353,0.096648237,1,Unchanged
CDS,0.722160865,0.991766945,1,Unchanged
CDSm,-2.794372944,0.010188124,0.296894595,Unchanged
CEPTC,2.375909705,0.005867129,0.204477365,Unchanged
CEPTE,0.362412237,0.967076544,1,Unchanged
CERK,0,1,1,Unchanged
CERT1gt,0,1,1,Unchanged
CERT1rt,0,1,1,Unchanged
CERT2gt,6.98E-05,0.812399153,1,Unchanged
CERT2rt,-0.589837977,0.061803826,0.954031876,Unchanged
CGLYt3_2_,0,1,1,Unchanged
CGMPt,0.001319451,0.235361541,1,Unchanged
CH25H,3.115529634,0.967076544,1,Unchanged
CHAT,-0.000687729,0.812399153,1,Unchanged
CHATn,0.001674072,0.812399153,1,Unchanged
CHLP,0,1,1,Unchanged
CHLPCTD,2.354195964,0.008003352,0.250189635,Unchanged
CHLtm,0,1,1,Unchanged
CHOLATEt,-2.476126393,0.570351904,1,Unchanged
CHOLATEt2,-2.470720999,0.764753242,1,Unchanged
CHOLATEt3,0.382126204,0.386063581,1,Unchanged
CHOLCOARO,3.57889663,0.967076544,1,Unchanged
CHOLCOAtp,0,1,1,Unchanged
CHOLD2m,0,1,1,Unchanged
CHOLESACATc,0,1,1,Unchanged
CHOLESTle,0,1,1,Unchanged
CHOLESTTDe,-0.004028936,0.635026324,1,Unchanged
CHOLK,0.516691451,0.347725788,1,Unchanged
CHOLPtg,0,1,1,Unchanged
CHOLPtl,-0.000142298,0.812399153,1,Unchanged
CHOLtg,0,1,1,Unchanged
CHOLtn,0.001674072,0.812399153,1,Unchanged
CHOLtr,0,1,1,Unchanged
CHOLtu,-10.06775112,0.828446407,1,Unchanged
CHSTEROLabcr,0,1,1,Unchanged
CHSTEROLSULT,0,1,1,Unchanged
CHSTEROLt,0.004040295,0.476467048,1,Unchanged
CHSTEROLt1,0,1,1,Unchanged
CHSTEROLt2,-0.357120684,0.006650806,0.215753825,Unchanged
CHSTEROLt3,-2.45593016,0.01531197,0.405021228,Unchanged
CHSTEROLtl,0,1,1,Unchanged
CHSTEROLtrc,1.348473714,0.006247914,0.210450618,Unchanged
CITACONtm,-6.224120854,0.934209122,1,Unchanged
CITMCOAHm,2.126816257,0.000433656,0.037911839,Unchanged
CITMCOALm,2.126816257,0.000433656,0.037911839,Unchanged
CITOAL,0,1,1,Unchanged
CITOXAtm,0,1,1,Unchanged
CITRHIStm,8.472116809,0.326945554,1,Unchanged
CITRORNtm,0,1,1,Unchanged
CITSUCCtm,4.113267578,0.796430303,1,Unchanged
CITt4_4,0,1,1,Unchanged
CITtam,-0.015494355,0.235361541,1,Unchanged
CITtbm,0,1,1,Unchanged
CITte,3.573827085,0.812399153,1,Unchanged
CK,0,1,1,Unchanged
CKc,0,1,1,Unchanged
CLCFTRte,0,1,1,Unchanged
CLFORtex,-9.942225409,0.260695908,1,Unchanged
CLFORtex2,2.129620345,0.119200799,1,Unchanged
CLHCO3tex2,-4.25607245,0.502398167,1,Unchanged
CLHCOtex,1.784016113,0.00425912,0.18617407,Unchanged
CLI2tex,0,1,1,Unchanged
CLOHtex2,-0.001049067,0.796430303,1,Unchanged
CLOXAtex2,0.003711238,0.476467048,1,Unchanged
CLPNH,5.53E-06,0.812399153,1,Unchanged
CLS_hs,0.479101463,0.140054905,1,Unchanged
Clte,0,1,1,Unchanged
CMPACNAtg,2.08353712,0.852650091,1,Unchanged
CMPACNAtn,0,1,1,Unchanged
CMPSAS,2.08353712,0.852650091,1,Unchanged
CMPSASn,0,1,1,Unchanged
CO2ter,-3.619363092,0.598708851,1,Unchanged
CO2tg,3.732171353,0.096648237,1,Unchanged
CO2tp,-0.00015277,0.796430303,1,Unchanged
COAtg,0,1,1,Unchanged
COAtm,-0.066749995,0.036196438,0.678913551,Unchanged
COAtp,1.150553487,0.061803826,0.954031876,Unchanged
COQ3m,-2.500615347,0.005507389,0.198651148,Unchanged
COQ5m,-2.500615347,0.005507389,0.198651148,Unchanged
COQ6m,-2.500615347,0.005507389,0.198651148,Unchanged
COQ7m,-2.500615347,0.005507389,0.198651148,Unchanged
Coqe,-2.057433263,0.124171081,1,Unchanged
CORE2GTg,5.70E-06,0.812399153,1,Unchanged
CORE3GTg,2.29E-05,0.812399153,1,Unchanged
CORE4GTg,2.29E-05,0.812399153,1,Unchanged
CORE5GTg,0.512713223,0.844565583,1,Unchanged
CORE6GTg,5.70E-06,0.812399153,1,Unchanged
CORE7GTg,0.000626817,0.635026324,1,Unchanged
CORE8GTg,0,1,1,Unchanged
COt,0.064512222,0.391743746,1,Unchanged
COUCOAFm,-2.500615347,0.005507389,0.198651148,Unchanged
CPP,0,1,1,Unchanged
CPPPGO,0.050100723,0.292562729,1,Unchanged
CREATt,1.797516916,0.542651407,1,Unchanged
CREATt4_2_r,1.89252293,0.420897346,1,Unchanged
CREATte,2.306226366,0.796430303,1,Unchanged
CREATtmdiffir,0,1,1,Unchanged
CRMPte,0,1,1,Unchanged
CRNCAR3tp,3.486273163,0.828446407,1,Unchanged
CRNCARtp,7.395935205,0.003736639,0.170562671,Unchanged
CRNrtx,-3.674386359,0.975304341,1,Unchanged
CRNtHa,0,1,1,Unchanged
CRNtim,0.039181629,0.975304341,1,Unchanged
CRNtr,1.645625729,0.733464976,1,Unchanged
CRNtuNa,4.873217804,0.476467048,1,Unchanged
CRTNsyn,0,1,1,Unchanged
CRTNte,0,1,1,Unchanged
CRTSLt,0,1,1,Unchanged
CRTSLtm,0,1,1,Unchanged
CRTSTRNt,0,1,1,Unchanged
CRTSTRNtm,0,1,1,Unchanged
CSm,0.019958775,0.096648237,1,Unchanged
CSNAT2m,-2.137177551,0.950632334,1,Unchanged
CSNAT2x,0,1,1,Unchanged
CSNAT3x,3.486273163,0.828446407,1,Unchanged
CSNATer,0,1,1,Unchanged
CSNATm,0.762692789,0.926007565,1,Unchanged
CSNATp,2.821013229,0.005005025,0.198651148,Unchanged
CSNATr,4.430005201,0.003497879,0.162541086,Unchanged
CSND,0,1,1,Unchanged
CSNt,0,1,1,Unchanged
CTPS1,5.162002551,0.02795611,0.600823408,Unchanged
CTPS2,0,1,1,Unchanged
CTPtm,-2.814486473,0.00412263,0.183314875,Unchanged
CTPtn,0,1,1,Unchanged
CU22t,0,1,1,Unchanged
CUATPase,0,1,1,Unchanged
CYANSTm,0.005508303,0.796430303,1,Unchanged
CYOOm2,-0.405694632,0.657253813,1,Unchanged
CYOOm3,-0.005239245,0.796430303,1,Unchanged
CYOR_u10m,-0.426644983,0.426877274,1,Unchanged
CYP2R1,3.557620958,0.227317352,1,Unchanged
CYSALANaEx,17.76449712,0.088642965,1,Unchanged
CYSAMO,0,1,1,Unchanged
CYSASNMETr,0,1,1,Unchanged
CYSASNMETt,0,1,1,Unchanged
CYSASNNaEx,0,1,1,Unchanged
CYSASPPHEr,0,1,1,Unchanged
CYSASPPHEt,0,1,1,Unchanged
CYSATB0tc,-0.009014502,0.121666095,1,Unchanged
CYSBS,0,1,1,Unchanged
CYSCYSr,0,1,1,Unchanged
CYSCYSt,0,1,1,Unchanged
CYSDDS,0,1,1,Unchanged
CYSGLNMETr,0,1,1,Unchanged
CYSGLNMETt,0,1,1,Unchanged
CYSGLNNaEx,0,1,1,Unchanged
CYSGLTH,0.052169977,0.19710329,1,Unchanged
CYSGLUexR,-0.000418584,0.812399153,1,Unchanged
CYSGLUHISr,0,1,1,Unchanged
CYSGLUHISt,0,1,1,Unchanged
CYSGLUTRPr,0,1,1,Unchanged
CYSGLUTRPt,0,1,1,Unchanged
CYSLEUTHRr,0,1,1,Unchanged
CYSLEUTHRt,0,1,1,Unchanged
CYSO,-1.601874762,0.302128926,1,Unchanged
CYSPHELATtc,0,1,1,Unchanged
CYSRED,0.052169977,0.19710329,1,Unchanged
CYSSERMETr,0,1,1,Unchanged
CYSSERMETt,0,1,1,Unchanged
CYSSERNaEx,4.107963412,0.476467048,1,Unchanged
CYSSNAT5tc,6.10E-05,0.812399153,1,Unchanged
CYSt4,-8.779188522,0.860750109,1,Unchanged
CYSTA,0,1,1,Unchanged
CYStec,0,1,1,Unchanged
CYSTGL,0.000566288,0.476467048,1,Unchanged
CYSTHRNaEx,4.415352431,0.476467048,1,Unchanged
CYSTRAH,0,1,1,Unchanged
CYSTRAHm,0,1,1,Unchanged
CYSTRS,0.227667487,0.243605156,1,Unchanged
CYSTRSm,0,1,1,Unchanged
CYSTS,0.000566288,0.476467048,1,Unchanged
CYSTYRASNr,0,1,1,Unchanged
CYSTYRASNt,0,1,1,Unchanged
CYTD,0.001630651,0.342453593,1,Unchanged
CYTDK1,0,1,1,Unchanged
CYTDK2,0,1,1,Unchanged
CYTDK2m,8.11E-05,0.476467048,1,Unchanged
CYTDn,0.000210736,0.342453593,1,Unchanged
CYTDt4,0,1,1,Unchanged
CYTDt5,2.392461152,0.635026324,1,Unchanged
CYTDtm,8.11E-05,0.476467048,1,Unchanged
CYTDtn,0.000210736,0.342453593,1,Unchanged
CYTK1,-9.051595807,0.01531197,0.405021228,Unchanged
CYTK10,0,1,1,Unchanged
CYTK11,0,1,1,Unchanged
CYTK11n,0,1,1,Unchanged
CYTK12,0,1,1,Unchanged
CYTK12n,0,1,1,Unchanged
CYTK13,0,1,1,Unchanged
CYTK13n,0,1,1,Unchanged
CYTK14,0,1,1,Unchanged
CYTK14n,0,1,1,Unchanged
CYTK1m,8.11E-05,0.476467048,1,Unchanged
CYTK2,0.002847284,0.812399153,1,Unchanged
CYTK2m,0,1,1,Unchanged
CYTK2n,0.003957297,0.812399153,1,Unchanged
CYTK3,1.298776349,0.252049543,1,Unchanged
CYTK4,-2.292744151,0.828446407,1,Unchanged
CYTK4n,-0.106555753,0.796430303,1,Unchanged
CYTK5,0,1,1,Unchanged
CYTK5n,0,1,1,Unchanged
CYTK6,0,1,1,Unchanged
CYTK7,0,1,1,Unchanged
CYTK8,0.347543476,0.374855125,1,Unchanged
CYTK9,0,1,1,Unchanged
D_3AIBt,0,1,1,Unchanged
D_LACt2,1.535206124,0.012160051,0.342740663,Unchanged
D3AIBTm,-0.004252402,0.812399153,1,Unchanged
DACGST,0,1,1,Unchanged
DACT,0,1,1,Unchanged
DAD2te,0,1,1,Unchanged
DADA,0,1,1,Unchanged
DADAe,0,1,1,Unchanged
DADK1,0,1,1,Unchanged
DADK3,0.467860988,0.19710329,1,Unchanged
DADNK,0,1,1,Unchanged
DADNt4,0,1,1,Unchanged
DAG_Hstem,-3.838518681,0.00032949,0.032682873,Unchanged
DAGt,0.340916018,0.114387796,1,Unchanged
DALAOXx,0,1,1,Unchanged
DALAt2r,-4.143883576,0.451286793,1,Unchanged
DALAxt,0,1,1,Unchanged
DASCBR,-0.08616214,0.672243983,1,Unchanged
DATPDP,0,1,1,Unchanged
DATPtm,0.001654831,0.476467048,1,Unchanged
DATPtn,4.070015894,0.151483404,1,Unchanged
DCAabc,0,1,1,Unchanged
DCATDc,0,1,1,Unchanged
DCCGTx,2.195158831,0.967076544,1,Unchanged
DCCTTx,0,1,1,Unchanged
DCHOLtx,0,1,1,Unchanged
DCIm,0,1,1,Unchanged
DCK1i,0,1,1,Unchanged
DCK1mi,0,1,1,Unchanged
DCMPDA,0,1,1,Unchanged
DCSPTN1COAtr,-0.002749635,0.476467048,1,Unchanged
DCSPTN1COAtxc,0.002740269,0.635026324,1,Unchanged
DCSPTN1CPT1,0,1,1,Unchanged
DCSPTN1CPT2,0,1,1,Unchanged
DCSPTN1CRNt,0,1,1,Unchanged
DCT,-0.00074836,0.796430303,1,Unchanged
DCTPDP,0,1,1,Unchanged
DCTPDPm,0,1,1,Unchanged
DCTPDPn,1.106708922,0.983534766,1,Unchanged
DCTPtm,0,1,1,Unchanged
DCTPtn,0.227908414,0.247802174,1,Unchanged
DCYTD,0.001735232,0.235361541,1,Unchanged
DCYTt,0,1,1,Unchanged
DCYTte,0,1,1,Unchanged
DCYTtm,0,1,1,Unchanged
DDCAabc,0,1,1,Unchanged
DDCAte,0,1,1,Unchanged
DDCI101m,0,1,1,Unchanged
DDCI101n6m,0,1,1,Unchanged
DDCI101n6p,0,1,1,Unchanged
DDCI121n3m,0,1,1,Unchanged
DDCI121n3p,0,1,1,Unchanged
DDCI142n6m,0,1,1,Unchanged
DDCI142n6p,0,1,1,Unchanged
DDCI163n6m,0,1,1,Unchanged
DDCI163n6p,0,1,1,Unchanged
DDCI184n6m,0,1,1,Unchanged
DDCI184n6p,0,1,1,Unchanged
DDCI225n3m,0,1,1,Unchanged
DDCI225n3p,-0.002745484,0.635026324,1,Unchanged
DDPGAm,0,1,1,Unchanged
DECDPtm,-2.500615347,0.005507389,0.198651148,Unchanged
DECR101n6m,0,1,1,Unchanged
DECR101n6p,0,1,1,Unchanged
DECR163n6m,0,1,1,Unchanged
DECR163n6p,0,1,1,Unchanged
DECR226n3m,0,1,1,Unchanged
DECR226n3p,0.002740269,0.635026324,1,Unchanged
DESAT16_1,-3.629915386,0.967076544,1,Unchanged
DESAT18_1,-1.159124726,0.074236954,1,Unchanged
DESAT22_1p,0.002744404,0.476467048,1,Unchanged
DESAT24_51,0,1,1,Unchanged
DGAT,0.310448769,0.145683374,1,Unchanged
DGCHOLabc,0,1,1,Unchanged
DGCHOLt2e,0.598666079,0.975304341,1,Unchanged
DGCHOLte,0.5986453,0.926007565,1,Unchanged
DGCHOLtx,2.195158831,0.967076544,1,Unchanged
DGK1i,0,1,1,Unchanged
DGK2mi,0,1,1,Unchanged
DGMPtm,0,1,1,Unchanged
DGNSK,0,1,1,Unchanged
DGNSKm,0,1,1,Unchanged
DGSNt,0,1,1,Unchanged
DGSNte,0,1,1,Unchanged
DGSNtm,0,1,1,Unchanged
DGTPtm,0,1,1,Unchanged
DGTPtn,0.228915888,0.243605156,1,Unchanged
DGULND,0,1,1,Unchanged
DHAAt1r,0,1,1,Unchanged
DHAK,0.001942518,0.635026324,1,Unchanged
DHAPA,0.781166626,0.828446407,1,Unchanged
DHAPAx,0,1,1,Unchanged
DHAPtc,0,1,1,Unchanged
DHCHOLESTANATEATP,0,1,1,Unchanged
DHCHOLESTANATEt,0,1,1,Unchanged
DHCHOLESTANATEtm,2.195158831,0.967076544,1,Unchanged
DHCHOLOR,0,1,1,Unchanged
DHCHOLOR2,3.57889663,0.967076544,1,Unchanged
DHCR241r,5.408199692,0.438984574,1,Unchanged
DHCR242r,1.063359639,0.176451736,1,Unchanged
DHCR243r,0.209974319,0.642400278,1,Unchanged
DHCR71r,0.209974319,0.642400278,1,Unchanged
DHCR72r,2.896692519,0.664732139,1,Unchanged
DHCRD1,0.411838122,0.717981667,1,Unchanged
DHCRD2,0,1,1,Unchanged
DHDPBMTm,-2.500615347,0.005507389,0.198651148,Unchanged
DHEASULT,0.002584609,0.476467048,1,Unchanged
DHFR,8.752376073,0.145683374,1,Unchanged
DHFR3m,7.339268257,0.844565583,1,Unchanged
DHFR3x,7.778203294,0.397474332,1,Unchanged
DHFRm,8.099337765,0.733464976,1,Unchanged
DHFRx,-0.008521168,0.438984574,1,Unchanged
DHFtl,0,1,1,Unchanged
DHFtm,4.427940216,0.19710329,1,Unchanged
DHORD9,1.36953019,0.19710329,1,Unchanged
DHORTS,1.36953019,0.19710329,1,Unchanged
DHPM1,0,1,1,Unchanged
DHPM2,0,1,1,Unchanged
DHPR,-0.57253207,0.804404526,1,Unchanged
DHPR2,0.003745822,0.812399153,1,Unchanged
DHPRy,2.544013622,0.321879183,1,Unchanged
DHRT_2mbcoa,-2.481013973,0.001648252,0.098856767,Unchanged
DHRT_ibcoa,-2.568947074,0.001331313,0.081748967,Unchanged
DHRT_ivcoa,-2.123781287,0.000118646,0.018861851,Unchanged
DHSPMDNABUT,0,1,1,Unchanged
DIGALSGALSIDEte,0,1,1,Unchanged
DIGALSGALSIDEtg,0,1,1,Unchanged
DIGALSIDEtg,0,1,1,Unchanged
DIGALSIDEtl,0,1,1,Unchanged
DINt3e,2.999327584,0.635026324,1,Unchanged
DKMPPD1,0,1,1,Unchanged
DKMPPD3,0,1,1,Unchanged
DLCLAT,1.063836932,0.991766945,1,Unchanged
DLD,0.234718851,0.353049315,1,Unchanged
DLNLCGCOAtcx,-0.000950359,0.796430303,1,Unchanged
DLNLCGCOAtr,0.000950986,0.796430303,1,Unchanged
DLNLCGCRNtr,0,1,1,Unchanged
DLNLCGt,0,1,1,Unchanged
DLNLGabc,0,1,1,Unchanged
DLNLGtl,0,1,1,Unchanged
DLNLGtlr,0,1,1,Unchanged
DM_11dhtxb2[c],0,1,1,Unchanged
DM_1a25dhvitd3[n],0.000433423,0.635026324,1,Unchanged
DM_2mbgly[c],-2.270748989,0.002334223,0.121615391,Unchanged
DM_56iqcrbxlt[c],-0.00074836,0.796430303,1,Unchanged
DM_5hoxnfkyn[c],1.60860158,0.353049315,1,Unchanged
DM_adystroglycan,3.732166442,0.096648237,1,Unchanged
DM_Asn_X_Ser/Thr[ly],0,1,1,Unchanged
DM_atp[c],1.255858368,0.702613328,1,Unchanged
DM_core5[g],0.512713223,0.844565583,1,Unchanged
DM_core7[g],0.000626817,0.635026324,1,Unchanged
DM_core8[g],0,1,1,Unchanged
DM_corem1[g],0,1,1,Unchanged
DM_corem2[g],6.69E-05,0.812399153,1,Unchanged
DM_datp[m],0.002131849,0.342453593,1,Unchanged
DM_datp[n],0.000439135,0.812399153,1,Unchanged
DM_dctp[m],0,1,1,Unchanged
DM_dctp[n],0,1,1,Unchanged
DM_dgtp[m],9.81E-05,0.812399153,1,Unchanged
DM_dgtp[n],0,1,1,Unchanged
DM_dna5mtc[n],0,1,1,Unchanged
DM_dopa3glcur[c],0,1,1,Unchanged
DM_dsT_antigen[g],0,1,1,Unchanged
DM_dttp[m],0,1,1,Unchanged
DM_dttp[n],0,1,1,Unchanged
DM_ethamp[r],0.00185082,0.235361541,1,Unchanged
DM_gfser,0,1,1,Unchanged
DM_gncore2[g],0,1,1,Unchanged
DM_ibgly[n],-2.568947074,0.001331313,0.081748967,Unchanged
DM_ivgly[n],-3.122257346,0.000797659,0.055598975,Unchanged
DM_kdn[c],0.001959768,0.812399153,1,Unchanged
DM_n5m2masn[g],-0.979381152,0.717981667,1,Unchanged
DM_neuromelanin(c),1.260249979,0.022580894,0.531836753,Unchanged
DM_oak2g_hs(c),0,1,1,Unchanged
DM_Ser/Thr[ly],0,1,1,Unchanged
DM_slnfser[g],0,1,1,Unchanged
DM_sprm[c],0,1,1,Unchanged
DM_sTn_antigen[g],0,1,1,Unchanged
DM_T_antigen[g],-2.738431983,0.749057473,1,Unchanged
DM_thyoxs[c],-0.150075331,0.397474332,1,Unchanged
DM_xgser[r],0,1,1,Unchanged
DMATTx,2.205770492,0.812399153,1,Unchanged
DMGDHm,0,1,1,Unchanged
DMGtm,0,1,1,Unchanged
DMNONCOACRNCPT1,0,1,1,Unchanged
DMNONCOAtcx,0,1,1,Unchanged
DNADDP,0,1,1,Unchanged
DNADtn,0,1,1,Unchanged
DNAMTn,0,1,1,Unchanged
DNAMTSEn,0,1,1,Unchanged
DNDPt10m,0,1,1,Unchanged
DNDPt11m,0,1,1,Unchanged
DNDPt12m,0,1,1,Unchanged
DNDPt13m,0,1,1,Unchanged
DNDPt14m,0,1,1,Unchanged
DNDPt15m,0,1,1,Unchanged
DNDPt17m,0,1,1,Unchanged
DNDPt18m,0,1,1,Unchanged
DNDPt19m,0,1,1,Unchanged
DNDPt1m,0.000476177,0.635026324,1,Unchanged
DNDPt20m,0,1,1,Unchanged
DNDPt21m,0,1,1,Unchanged
DNDPt23m,0,1,1,Unchanged
DNDPt25m,0,1,1,Unchanged
DNDPt28m,0,1,1,Unchanged
DNDPt2m,0,1,1,Unchanged
DNDPt30m,0,1,1,Unchanged
DNDPt31m,0,1,1,Unchanged
DNDPt32m,0,1,1,Unchanged
DNDPt37m,0,1,1,Unchanged
DNDPt38m,0,1,1,Unchanged
DNDPt39m,0,1,1,Unchanged
DNDPt3m,0,1,1,Unchanged
DNDPt40m,0,1,1,Unchanged
DNDPt41m,0,1,1,Unchanged
DNDPt42m,0.514697373,0.627688399,1,Unchanged
DNDPt43m,0,1,1,Unchanged
DNDPt44m,0,1,1,Unchanged
DNDPt45m,-8.282491387,0.403255172,1,Unchanged
DNDPt46m,0,1,1,Unchanged
DNDPt47m,0.001034091,0.635026324,1,Unchanged
DNDPt48m,0,1,1,Unchanged
DNDPt49m,0,1,1,Unchanged
DNDPt4m,0,1,1,Unchanged
DNDPt50m,0,1,1,Unchanged
DNDPt51m,0,1,1,Unchanged
DNDPt52m,0,1,1,Unchanged
DNDPt53m,0,1,1,Unchanged
DNDPt54m,0,1,1,Unchanged
DNDPt55m,0,1,1,Unchanged
DNDPt56m,0,1,1,Unchanged
DNDPt57m,0,1,1,Unchanged
DNDPt58m,9.81E-05,0.812399153,1,Unchanged
DNDPt59m,0,1,1,Unchanged
DNDPt5m,1.39E-06,0.812399153,1,Unchanged
DNDPt60m,0,1,1,Unchanged
DNDPt61m,0,1,1,Unchanged
DNDPt62m,0,1,1,Unchanged
DNDPt63m,0,1,1,Unchanged
DNDPt6m,0,1,1,Unchanged
DNDPt7m,0,1,1,Unchanged
DNDPt8m,0,1,1,Unchanged
DNDPt9m,0,1,1,Unchanged
DNPH1,0,1,1,Unchanged
DNPH2,0.001817978,0.812399153,1,Unchanged
DNPH3,0,1,1,Unchanged
DNPH4,0,1,1,Unchanged
DOCO13ACtr,-3.237798943,0.204365872,1,Unchanged
DOCOSECOAtr,-3.237798943,0.204365872,1,Unchanged
DOLASNTer,0.121098589,0.105221618,1,Unchanged
DOLDPPer,0.121098589,0.105221618,1,Unchanged
DOLGLCP_ter,0.121105835,0.105221618,1,Unchanged
DOLGPP_er,0,1,1,Unchanged
DOLICHOL_ter,0,1,1,Unchanged
DOLK,0,1,1,Unchanged
DOLMANP_ter,0.322249631,0.02795611,0.600823408,Unchanged
DOLP_ter,0.225785888,0.02514441,0.554251576,Unchanged
DOLPGT1er,0.121098589,0.105221618,1,Unchanged
DOLPGT2er,0.121098589,0.105221618,1,Unchanged
DOLPGT3er,0.121098589,0.105221618,1,Unchanged
DOLPH_er,0,1,1,Unchanged
DOLPMT,0.322249631,0.02795611,0.600823408,Unchanged
DOLPMT1er,0.121098589,0.105221618,1,Unchanged
DOLPMT2_er,0.121098589,0.105221618,1,Unchanged
DOLPMT3er,0.121098589,0.105221618,1,Unchanged
DOLPMT4_er,0.121098589,0.105221618,1,Unchanged
DOLPOMTr,3.874708324,0.096648237,1,Unchanged
DOPABMO,-0.043016339,0.749057473,1,Unchanged
DOPACCL,0,1,1,Unchanged
DOPACHRMDC,0.991986021,0.046423093,0.790265063,Unchanged
DOPACHRMISO,0.854942262,0.074236954,1,Unchanged
DOPAMT,-0.02027188,0.5564176,1,Unchanged
DOPAOQCYS,1.545496618,0.005867129,0.204477365,Unchanged
DOPAQNISO1,0.85494224,0.074236954,1,Unchanged
DOPASFt,0.205528467,0.451286793,1,Unchanged
DOPASULT,0.205528467,0.451286793,1,Unchanged
DOPAt4_2_r,-8.153589706,0.190031477,1,Unchanged
DOPAVESSEC,-0.890487395,0.131927847,1,Unchanged
DPCOAK,6.475573127,0.000100169,0.018861851,Unchanged
DPCOAKm,0,1,1,Unchanged
DPCOAPP,0,1,1,Unchanged
DPGase,0,1,1,Unchanged
DPGM,0.074399101,0.635026324,1,Unchanged
DPHMBDCm,-2.500615347,0.005507389,0.198651148,Unchanged
DPMVDc,1.671070426,0.5564176,1,Unchanged
DPMVDx,0,1,1,Unchanged
DPPS,-2.500615347,0.005507389,0.198651148,Unchanged
DRBK,0,1,1,Unchanged
DRIBt,0,1,1,Unchanged
DRPA,0.773266612,0.278598672,1,Unchanged
DSAT,0.411838122,0.717981667,1,Unchanged
DTDPtn,0,1,1,Unchanged
DTMPK,0.990163442,0.975304341,1,Unchanged
DTMPKm,0.00103548,0.476467048,1,Unchanged
DTMPtm,-8.697528886,0.302128926,1,Unchanged
DTTPDP,0.003455217,0.635026324,1,Unchanged
DTTPDPm,-0.735961272,0.702613328,1,Unchanged
DTTPtm,0,1,1,Unchanged
DTTPtn,0.228342392,0.243605156,1,Unchanged
DUDPtn,0,1,1,Unchanged
DUMPtm,0.514697373,0.627688399,1,Unchanged
DUMPtn,0,1,1,Unchanged
DURAD,0,1,1,Unchanged
DURAD2,0,1,1,Unchanged
DURAD2x,0,1,1,Unchanged
DURAD2xm,0,1,1,Unchanged
DURADx,0,1,1,Unchanged
DURIK1,5.22E-06,0.235361541,1,Unchanged
DURIK1m,0,1,1,Unchanged
DURIPP,-1.230355912,0.542651407,1,Unchanged
DURIt3e,2.782401158,0.635026324,1,Unchanged
DUTCP,-5.11E-05,0.812399153,1,Unchanged
DUTPDP,-1.26E-06,0.605896755,1,Unchanged
DUTPDPm,0.514697373,0.627688399,1,Unchanged
DUTPDPn,0,1,1,Unchanged
EAR100y,0.166171115,0.489340116,1,Unchanged
EAR120y,0.166171115,0.489340116,1,Unchanged
EAR140y,0.166171115,0.489340116,1,Unchanged
EAR160y,0.305266692,0.828446407,1,Unchanged
EAR180y,0,1,1,Unchanged
EAR40y,0.119259718,0.613123029,1,Unchanged
EAR60y,0.166171115,0.489340116,1,Unchanged
EAR80y,0.166171115,0.489340116,1,Unchanged
EBP1r,0.821094467,0.252049543,1,Unchanged
EBP2r,5.408199692,0.438984574,1,Unchanged
ECOAH12m,0,1,1,Unchanged
ECOAH1m,0.039547035,0.613123029,1,Unchanged
ECOAH1p,0,1,1,Unchanged
ECOAH9m,0.000332874,0.812399153,1,Unchanged
EHGLAT2m,0,1,1,Unchanged
EHGLATm,0,1,1,Unchanged
ELAIDabc,0,1,1,Unchanged
ELAIDt,0,1,1,Unchanged
ENGASE2ly,5.97E-05,0.235361541,1,Unchanged
ENGASE3ly,2.29E-06,0.812399153,1,Unchanged
ENGASEly,0.00010429,0.476467048,1,Unchanged
ENO,0.56163774,0.04003005,0.727024637,Unchanged
ESTRADIOLGLCt,-2.704215049,0.10745663,1,Unchanged
ESTRADIOLGLCtabc,-2.704215049,0.10745663,1,Unchanged
ESTRADIOLtr,0.860652383,0.635026324,1,Unchanged
ESTRONESt,4.184152567,0.635026324,1,Unchanged
ESTRONESt2,0,1,1,Unchanged
ESTRONEStabc,0,1,1,Unchanged
ESTRONEtr,0.860652383,0.635026324,1,Unchanged
ESTSULT,0,1,1,Unchanged
ETF,0,1,1,Unchanged
ETFQO,0,1,1,Unchanged
ETHAK,0,1,1,Unchanged
ETHMALACc,0.675833222,0.975304341,1,Unchanged
ETHMALACte,0.675833222,0.975304341,1,Unchanged
ETHMALCOAc,0.675833222,0.975304341,1,Unchanged
ETHP,-1.578022685,0.074236954,1,Unchanged
ETHPL,-0.183942475,0.749057473,1,Unchanged
EX_12hpet(e),0.000301993,0.235361541,1,Unchanged
EX_15hpet(e),3.997513036,0.053654776,0.895635394,Unchanged
EX_15kprostgf2(e),0,1,1,Unchanged
EX_1glyc_hs(e),0.000466904,0.342453593,1,Unchanged
EX_1mncam(e),0,1,1,Unchanged
EX_21hprgnlone(e),0,1,1,Unchanged
EX_2425dhvitd3(e),0,1,1,Unchanged
EX_25hvitd3(e),1.583748552,0.489340116,1,Unchanged
EX_2h3mv(e),0,1,1,Unchanged
EX_2hb(e),0,1,1,Unchanged
EX_2hiv(e),0,1,1,Unchanged
EX_2hyoxplac(e),-0.012353932,0.302128926,1,Unchanged
EX_2m3hbu(e),0,1,1,Unchanged
EX_2m3hvac(e),0,1,1,Unchanged
EX_2mcit(e),0.007707091,0.476467048,1,Unchanged
EX_335trithyr(e),0.000412962,0.635026324,1,Unchanged
EX_34dhoxmand(e),0.634892646,0.064738018,0.967880281,Unchanged
EX_34dhoxpeg(e),-3.62684223,0.247802174,1,Unchanged
EX_34dhphe(e),0,1,1,Unchanged
EX_34hpp(e),-5.666322602,0.01531197,0.405021228,Unchanged
EX_35cgmp(e),0.001319451,0.235361541,1,Unchanged
EX_3aib(e),0,1,1,Unchanged
EX_3aib_D(e),0,1,1,Unchanged
EX_3h3mglt(e),0,1,1,Unchanged
EX_3hivac(e),0,1,1,Unchanged
EX_3mglutac(e),0,1,1,Unchanged
EX_3mglutr(e),0,1,1,Unchanged
EX_3mhis(e),-0.001232239,0.605896755,1,Unchanged
EX_3mlda(e),-0.131373233,0.409086084,1,Unchanged
EX_3mob(e),0,1,1,Unchanged
EX_3mop(e),0,1,1,Unchanged
EX_3mox4hoxm(e),0.021303145,0.502398167,1,Unchanged
EX_3mtp(e),-0.004459886,0.302128926,1,Unchanged
EX_3ohglutac(e),6.71E-05,0.812399153,1,Unchanged
EX_4abut(e),2.232403847,0.278598672,1,Unchanged
EX_4abutn(e),0,1,1,Unchanged
EX_4hphac(e),0.918532272,0.033530729,0.640561119,Unchanged
EX_4hpro(e),-0.060076895,0.157457679,1,Unchanged
EX_4mop(e),0,1,1,Unchanged
EX_4mptnl(e),-0.306053497,0.302128926,1,Unchanged
EX_4ohbut(e),1.868981915,0.502398167,1,Unchanged
EX_4pyrdx(e),0,1,1,Unchanged
EX_5htrp(e),0.44486203,0.672243983,1,Unchanged
EX_5mta(e),0,1,1,Unchanged
EX_5mthf(e),0.00463812,0.812399153,1,Unchanged
EX_5oxpro(e),0,1,1,Unchanged
EX_7ohocata(e),0,1,1,Unchanged
EX_abt(e),0,1,1,Unchanged
EX_ac(e),-2.315364673,0.023199501,0.534475765,Unchanged
EX_acac(e),1.287236835,0.991766945,1,Unchanged
EX_acald(e),-1.1088734,0.975304341,1,Unchanged
EX_acetone(e),0,1,1,Unchanged
EX_acgalfucgalacgalfuc12gal14acglcgalgluside_hs(e),0,1,1,Unchanged
EX_acgalfucgalacgalfucgalacglcgal14acglcgalgluside_hs(e),0,1,1,Unchanged
EX_acgam(e),0.00510121,0.096648237,1,Unchanged
EX_acglu(e),0,1,1,Unchanged
EX_acgly(e),-4.69E-06,0.796430303,1,Unchanged
EX_ach(e),0.000987141,0.812399153,1,Unchanged
EX_acile_L(e),0,1,1,Unchanged
EX_acleu_L(e),0,1,1,Unchanged
EX_aclys(e),-0.005602177,0.19710329,1,Unchanged
EX_acmana(e),0,1,1,Unchanged
EX_acn13acngalgbside_hs(e),0,1,1,Unchanged
EX_acn23acngalgbside_hs(e),0,1,1,Unchanged
EX_acnacngal14acglcgalgluside_hs(e),0,1,1,Unchanged
EX_acnacngalgbside_hs(e),0,1,1,Unchanged
EX_acngalacglcgal14acglcgalgluside_hs(e),0,1,1,Unchanged
EX_acthr_L(e),0,1,1,Unchanged
EX_actyr(e),0,1,1,Unchanged
EX_ade(e),0,1,1,Unchanged
EX_adn(e),0,1,1,Unchanged
EX_adpoh(e),0,1,1,Unchanged
EX_adrnl(e),0,1,1,Unchanged
EX_ahcys(e),0,1,1,Unchanged
EX_aicar(e),0,1,1,Unchanged
EX_ak2lgchol_hs(e),0.781166626,0.828446407,1,Unchanged
EX_akg(e),-0.395565915,0.642400278,1,Unchanged
EX_ala_B(e),0.217519675,0.598708851,1,Unchanged
EX_ala_D(e),0,1,1,Unchanged
EX_ala_L(e),3.172478284,0.000768425,0.055598975,Unchanged
EX_alaargcys(e),0,1,1,Unchanged
EX_alaarggly(e),0,1,1,Unchanged
EX_alaasnleu(e),0,1,1,Unchanged
EX_alaglylys(e),0,1,1,Unchanged
EX_alahisala(e),0,1,1,Unchanged
EX_alalysthr(e),0,1,1,Unchanged
EX_aldstrn(e),0,1,1,Unchanged
EX_amp(e),0,1,1,Unchanged
EX_anth(e),0.001137303,0.812399153,1,Unchanged
EX_aprgstrn(e),0,1,1,Unchanged
EX_arach(e),0,1,1,Unchanged
EX_arachd(e),0,1,1,Unchanged
EX_arg_L(e),-1.536362154,0.844565583,1,Unchanged
EX_argalaphe(e),0,1,1,Unchanged
EX_argalathr(e),0,1,1,Unchanged
EX_argarg(e),0,1,1,Unchanged
EX_argarglys(e),0,1,1,Unchanged
EX_argargmet(e),0,1,1,Unchanged
EX_argcysgly(e),0,1,1,Unchanged
EX_argcysser(e),0,1,1,Unchanged
EX_arggluglu(e),0,1,1,Unchanged
EX_argglupro(e),0,1,1,Unchanged
EX_arghisthr(e),0,1,1,Unchanged
EX_argleuphe(e),0,1,1,Unchanged
EX_arglysasp(e),0,1,1,Unchanged
EX_argphearg(e),0,1,1,Unchanged
EX_argpromet(e),0,1,1,Unchanged
EX_argprothr(e),0,1,1,Unchanged
EX_argserser(e),0,1,1,Unchanged
EX_argtyrval(e),0,1,1,Unchanged
EX_argvalcys(e),0,1,1,Unchanged
EX_argvaltrp(e),0,1,1,Unchanged
EX_ascb_L(e),0.006755941,0.032680311,0.633703173,Unchanged
EX_asn_L(e),-0.134660464,0.414966878,1,Unchanged
EX_asnasnarg(e),-0.001843264,0.605896755,1,Unchanged
EX_asncyscys(e),0,1,1,Unchanged
EX_asnmetpro(e),0,1,1,Unchanged
EX_asnpheasp(e),0,1,1,Unchanged
EX_asnphecys(e),0,1,1,Unchanged
EX_asntyrgly(e),0,1,1,Unchanged
EX_asntyrphe(e),0,1,1,Unchanged
EX_asntyrthr(e),0,1,1,Unchanged
EX_asp_L(e),1.0345003,0.95885225,1,Unchanged
EX_aspalaarg(e),0,1,1,Unchanged
EX_aspasnglu(e),0,1,1,Unchanged
EX_aspglu(e),0,1,1,Unchanged
EX_aspglupro(e),0,1,1,Unchanged
EX_aspglutrp(e),0,1,1,Unchanged
EX_asphiscys(e),0,1,1,Unchanged
EX_asphispro(e),0,1,1,Unchanged
EX_asplysglu(e),0,1,1,Unchanged
EX_asplyshis(e),0,1,1,Unchanged
EX_aspmetasp(e),0,1,1,Unchanged
EX_aspprolys(e),0,1,1,Unchanged
EX_aspvalasn(e),0,1,1,Unchanged
EX_atp(e),0,1,1,Unchanged
EX_bhb(e),0,1,1,Unchanged
EX_bildglcur(e),-0.675364596,0.391743746,1,Unchanged
EX_bilglcur(e),0.000454685,0.812399153,1,Unchanged
EX_bilirub(e),0,1,1,Unchanged
EX_but(e),0,1,1,Unchanged
EX_camp(e),2.19E-05,0.812399153,1,Unchanged
EX_cbasp(e),0,1,1,Unchanged
EX_cca_d3(e),0.000429951,0.635026324,1,Unchanged
EX_cgly(e),0.001176572,0.342453593,1,Unchanged
EX_chol(e),-0.096121751,0.942417668,1,Unchanged
EX_chsterol(e),2.26E-05,0.812399153,1,Unchanged
EX_cit(e),0.001189308,0.154448596,1,Unchanged
EX_citr_L(e),0,1,1,Unchanged
EX_co(e),0.064512222,0.391743746,1,Unchanged
EX_co2(e),1.391835679,0.542651407,1,Unchanged
EX_creat(e),0,1,1,Unchanged
EX_crm_hs(e),0,1,1,Unchanged
EX_crmp_hs(e),0,1,1,Unchanged
EX_crtn(e),0,1,1,Unchanged
EX_crtsl(e),0,1,1,Unchanged
EX_crtstrn(e),0,1,1,Unchanged
EX_csn(e),0,1,1,Unchanged
EX_cys_L(e),-0.056235625,0.260695908,1,Unchanged
EX_cysasnmet(e),0,1,1,Unchanged
EX_cysaspphe(e),0,1,1,Unchanged
EX_cyscys(e),0,1,1,Unchanged
EX_cysglnmet(e),0,1,1,Unchanged
EX_cysgluhis(e),0,1,1,Unchanged
EX_cysglutrp(e),0,1,1,Unchanged
EX_cysleuthr(e),0,1,1,Unchanged
EX_cyssermet(e),0,1,1,Unchanged
EX_cystyrasn(e),0,1,1,Unchanged
EX_cytd(e),0,1,1,Unchanged
EX_dad_2(e),0,1,1,Unchanged
EX_dag_hs(e),0,1,1,Unchanged
EX_dca(e),0,1,1,Unchanged
EX_dcyt(e),0,1,1,Unchanged
EX_ddca(e),0,1,1,Unchanged
EX_dgchol(e),2.195158831,0.967076544,1,Unchanged
EX_dgsn(e),0,1,1,Unchanged
EX_dhdascb(e),0,1,1,Unchanged
EX_digalsgalside_hs(e),0,1,1,Unchanged
EX_din(e),0,1,1,Unchanged
EX_doco13ac(e),-3.237798943,0.204365872,1,Unchanged
EX_dopa(e),-0.000810514,0.796430303,1,Unchanged
EX_dopasf(e),0.205528467,0.451286793,1,Unchanged
EX_drib(e),0,1,1,Unchanged
EX_duri(e),0.000346293,0.812399153,1,Unchanged
EX_ethmalac(e),0.675833222,0.975304341,1,Unchanged
EX_fad(e),0,1,1,Unchanged
EX_fald(e),0,1,1,Unchanged
EX_fe2(e),7.243823801,0.991766945,1,Unchanged
EX_fe3(e),0.001648366,0.812399153,1,Unchanged
EX_fmn(e),0,1,1,Unchanged
EX_fol(e),-2.105267874,0.316864337,1,Unchanged
EX_for(e),0.26730265,0.926007565,1,Unchanged
EX_fru(e),0.001909933,0.812399153,1,Unchanged
EX_fuc_L(e),0.00010429,0.476467048,1,Unchanged
EX_fuc13galacglcgal14acglcgalgluside_hs(e),-0.220863869,0.591559873,1,Unchanged
EX_fuc14galacglcgalgluside_hs(e),0.349513572,0.687365602,1,Unchanged
EX_fucacgalfucgalacglcgalgluside_hs(e),0.351778984,0.876993331,1,Unchanged
EX_fucacngal14acglcgalgluside_hs(e),-0.787312132,0.072579006,1,Unchanged
EX_fucacngalacglcgalgluside_hs(e),-0.442944585,0.297320109,1,Unchanged
EX_fucfuc12gal14acglcgalgluside_hs(e),-2.22838266,0.006446529,0.210450618,Unchanged
EX_fucfuc132galacglcgal14acglcgalgluside_hs(e),0,1,1,Unchanged
EX_fucfucfucgalacglc13galacglcgal14acglcgalgluside_hs(e),-2.15796774,0.000797659,0.055598975,Unchanged
EX_fucfucfucgalacglcgal14acglcgalgluside_hs(e),-0.919179172,0.269545314,1,Unchanged
EX_fucfucgalacglcgalgluside_hs(e),-1.091035625,0.176451736,1,Unchanged
EX_fucgal14acglcgalgluside_hs(e),-0.263746214,0.02383277,0.534475765,Unchanged
EX_fucgalfucgalacglcgalgluside_hs(e),-0.701822889,0.717981667,1,Unchanged
EX_fucgalgbside_hs(e),3.44E-05,0.812399153,1,Unchanged
EX_gal(e),0.033419322,0.01531197,0.405021228,Unchanged
EX_galacglcgalgbside_hs(e),0,1,1,Unchanged
EX_galfuc12gal14acglcgalgluside_hs(e),0,1,1,Unchanged
EX_galfucgalacglcgal14acglcgalgluside_hs(e),0,1,1,Unchanged
EX_galgalfucfucgalacglcgalacglcgal14acglcgalgluside_hs(e),-1.316297986,0.975304341,1,Unchanged
EX_galgalgalthcrm_hs(e),0,1,1,Unchanged
EX_galt(e),0,1,1,Unchanged
EX_gbside_hs(e),0,1,1,Unchanged
EX_gchola(e),3.57889663,0.967076544,1,Unchanged
EX_gd1b2_hs(e),1.13E-05,0.812399153,1,Unchanged
EX_gd1c_hs(e),8.20E-05,0.635026324,1,Unchanged
EX_ggl(e),0,1,1,Unchanged
EX_glc(e),0,1,1,Unchanged
EX_glcur(e),0.00510121,0.096648237,1,Unchanged
EX_gln_L(e),1.817981334,0.000401123,0.037618011,Unchanged
EX_glnasngln(e),0,1,1,Unchanged
EX_glnhishis(e),0,1,1,Unchanged
EX_glnhislys(e),0,1,1,Unchanged
EX_glnlyslys(e),0,1,1,Unchanged
EX_glnlystrp(e),0,1,1,Unchanged
EX_glnproglu(e),0,1,1,Unchanged
EX_glntrpglu(e),0,1,1,Unchanged
EX_glntyrleu(e),0,1,1,Unchanged
EX_glu_L(e),0.37949572,0.332063432,1,Unchanged
EX_gluala(e),0,1,1,Unchanged
EX_gluargleu(e),0,1,1,Unchanged
EX_gluasnleu(e),0,1,1,Unchanged
EX_gluglu(e),-0.000111375,0.796430303,1,Unchanged
EX_gluilelys(e),0,1,1,Unchanged
EX_gluleu(e),0,1,1,Unchanged
EX_glumet(e),0,1,1,Unchanged
EX_glumethis(e),0,1,1,Unchanged
EX_glutcon(e),0,1,1,Unchanged
EX_gluthr(e),0,1,1,Unchanged
EX_gluthrlys(e),0,1,1,Unchanged
EX_glutrpala(e),0,1,1,Unchanged
EX_glyb(e),0,1,1,Unchanged
EX_glyc(e),0,1,1,Unchanged
EX_glyc_S(e),0,1,1,Unchanged
EX_glyhisasn(e),-0.000894506,0.796430303,1,Unchanged
EX_glyhislys(e),-0.000642074,0.796430303,1,Unchanged
EX_glylyscys(e),0,1,1,Unchanged
EX_glylysphe(e),0,1,1,Unchanged
EX_glytyrlys(e),0,1,1,Unchanged
EX_glyvalhis(e),0,1,1,Unchanged
EX_gncore1(e),0,1,1,Unchanged
EX_gp1c_hs(e),2.40E-05,0.812399153,1,Unchanged
EX_gp1calpha_hs(e),6.56E-05,0.635026324,1,Unchanged
EX_gq1b_hs(e),2.01E-05,0.635026324,1,Unchanged
EX_gq1balpha_hs(e),0,1,1,Unchanged
EX_gsn(e),0,1,1,Unchanged
EX_gt1a_hs(e),1.02E-05,0.635026324,1,Unchanged
EX_gthox(e),0,1,1,Unchanged
EX_gthrd(e),0,1,1,Unchanged
EX_gua(e),0,1,1,Unchanged
EX_h(e),1.718835998,0.391743746,1,Unchanged
EX_h2o(e),0.488991432,0.463781746,1,Unchanged
EX_h2o2(e),-0.013405493,0.796430303,1,Unchanged
EX_h2s(e),0,1,1,Unchanged
EX_ha(e),1.169700103,0.991766945,1,Unchanged
EX_ha_pre1(e),0,1,1,Unchanged
EX_hco3(e),1.359648031,0.463781746,1,Unchanged
EX_hdca(e),0,1,1,Unchanged
EX_hdcea(e),0,1,1,Unchanged
EX_his_L(e),-0.221204974,0.627688399,1,Unchanged
EX_hisargcys(e),0,1,1,Unchanged
EX_hisargser(e),0,1,1,Unchanged
EX_hisasp(e),0,1,1,Unchanged
EX_hiscyscys(e),0,1,1,Unchanged
EX_hisglnala(e),0,1,1,Unchanged
EX_hisglu(e),0,1,1,Unchanged
EX_hisglugln(e),0,1,1,Unchanged
EX_hisglylys(e),0,1,1,Unchanged
EX_hishislys(e),-0.000328988,0.796430303,1,Unchanged
EX_hislysala(e),0,1,1,Unchanged
EX_hislysglu(e),0,1,1,Unchanged
EX_hislysile(e),0,1,1,Unchanged
EX_hislysthr(e),0,1,1,Unchanged
EX_hislysval(e),0,1,1,Unchanged
EX_hismet(e),0,1,1,Unchanged
EX_hismetgln(e),0,1,1,Unchanged
EX_hisphearg(e),0,1,1,Unchanged
EX_hisprolys(e),0,1,1,Unchanged
EX_hista(e),0,1,1,Unchanged
EX_histrphis(e),0.000101682,0.812399153,1,Unchanged
EX_hLkynr(e),0,1,1,Unchanged
EX_hmcarn(e),0,1,1,Unchanged
EX_hmcr(e),0,1,1,Unchanged
EX_homoval(e),-0.312045631,0.664732139,1,Unchanged
EX_hxan(e),0,1,1,Unchanged
EX_i(e),0.451579298,0.756892823,1,Unchanged
EX_ile_L(e),-1.9033945,0.003061525,0.151839845,Unchanged
EX_ileargile(e),-1.145021315,0.975304341,1,Unchanged
EX_ileasnhis(e),-0.001521768,0.796430303,1,Unchanged
EX_ileasp(e),0,1,1,Unchanged
EX_ileglnglu(e),0,1,1,Unchanged
EX_ileglyarg(e),0,1,1,Unchanged
EX_ileprolys(e),0,1,1,Unchanged
EX_ileserarg(e),0,1,1,Unchanged
EX_iletrptyr(e),0,1,1,Unchanged
EX_ind3ac(e),0,1,1,Unchanged
EX_inost(e),-0.726361846,0.075925724,1,Unchanged
EX_ins(e),0,1,1,Unchanged
EX_isomal(e),-2.530183525,0.000925221,0.059653616,Unchanged
EX_ksi(e),0,1,1,Unchanged
EX_ksi_deg1(e),0,1,1,Unchanged
EX_ksii_core2(e),0,1,1,Unchanged
EX_ksii_core4(e),0,1,1,Unchanged
EX_kynate(e),-0.664442269,0.89328852,1,Unchanged
EX_lac_D(e),1.535206124,0.012160051,0.342740663,Unchanged
EX_lac_L(e),4.287220954,3.00E-08,3.10E-05,Up-regulated
EX_lcts(e),0,1,1,Unchanged
EX_lcts6p(e),0,1,1,Unchanged
EX_leu_L(e),-1.979287147,0.000292454,0.03078521,Unchanged
EX_leualaarg(e),0,1,1,Unchanged
EX_leuasnasp(e),0,1,1,Unchanged
EX_leuasplys(e),0,1,1,Unchanged
EX_leuktrA4(e),0.000128944,0.812399153,1,Unchanged
EX_leuktrB4(e),0.00010115,0.812399153,1,Unchanged
EX_leuktrC4(e),0,1,1,Unchanged
EX_leuktrD4(e),0,1,1,Unchanged
EX_leuktrE4(e),4.89E-05,0.812399153,1,Unchanged
EX_leuktrF4(e),7.28E-05,0.812399153,1,Unchanged
EX_leuleutrp(e),0,1,1,Unchanged
EX_leupro(e),0,1,1,Unchanged
EX_leuproarg(e),0,1,1,Unchanged
EX_leusertrp(e),0,1,1,Unchanged
EX_leutrp(e),0,1,1,Unchanged
EX_leutrparg(e),0,1,1,Unchanged
EX_leutyrtyr(e),0,1,1,Unchanged
EX_leuval(e),0,1,1,Unchanged
EX_Lhcystin(e),0.471279964,0.420897346,1,Unchanged
EX_lpchol_hs(e),-1.25042779,0.844565583,1,Unchanged
EX_lys_L(e),-3.479818433,0.011468073,0.328624004,Unchanged
EX_lysargleu(e),0,1,1,Unchanged
EX_lyscyshis(e),0,1,1,Unchanged
EX_lysglnphe(e),0,1,1,Unchanged
EX_lysgluglu(e),0,1,1,Unchanged
EX_lyslyslys(e),0,1,1,Unchanged
EX_lyspheile(e),0,1,1,Unchanged
EX_lystrparg(e),0,1,1,Unchanged
EX_lystyrile(e),0,1,1,Unchanged
EX_lysvalphe(e),0,1,1,Unchanged
EX_lysvaltrp(e),0,1,1,Unchanged
EX_mag_hs(e),0,1,1,Unchanged
EX_mal_L(e),-2.674340533,3.60E-06,0.001548124,Down-regulated
EX_man(e),0.000396229,0.812399153,1,Unchanged
EX_meoh(e),0.003169868,0.476467048,1,Unchanged
EX_mepi(e),0.000710019,0.812399153,1,Unchanged
EX_mercplaccys(e),0,1,1,Unchanged
EX_met_L(e),-0.250136547,0.598708851,1,Unchanged
EX_metargleu(e),0,1,1,Unchanged
EX_metasntyr(e),0,1,1,Unchanged
EX_metglntyr(e),0,1,1,Unchanged
EX_metglyarg(e),-0.000554026,0.796430303,1,Unchanged
EX_methislys(e),0,1,1,Unchanged
EX_methsucc(e),0,1,1,Unchanged
EX_metmetile(e),0.000774973,0.812399153,1,Unchanged
EX_metphearg(e),0,1,1,Unchanged
EX_mettrpphe(e),0,1,1,Unchanged
EX_mthgxl(e),0,1,1,Unchanged
EX_n2m2nmasn(e),2.41E-05,0.812399153,1,Unchanged
EX_nac(e),-2.33955543,0.022580894,0.531836753,Unchanged
EX_ncam(e),-2.33955543,0.022580894,0.531836753,Unchanged
EX_nh4(e),-0.50431147,0.0442027,0.770261914,Unchanged
EX_no(e),0,1,1,Unchanged
EX_nrpphr(e),-0.000887483,0.796430303,1,Unchanged
EX_nrpphrsf(e),0.00236605,0.342453593,1,Unchanged
EX_nrvnc(e),0,1,1,Unchanged
EX_o2(e),-1.1541492,0.0442027,0.770261914,Unchanged
EX_o2s(e),3.453474993,0.852650091,1,Unchanged
EX_oagd3_hs(e),0,1,1,Unchanged
EX_oagt3_hs(e),0,1,1,Unchanged
EX_ocdca(e),0,1,1,Unchanged
EX_ocdcea(e),0,1,1,Unchanged
EX_octa(e),0,1,1,Unchanged
EX_orn(e),0,1,1,Unchanged
EX_orot(e),0,1,1,Unchanged
EX_oxa(e),0.254508863,0.515638218,1,Unchanged
EX_paf_hs(e),0,1,1,Unchanged
EX_pchol_hs(e),0,1,1,Unchanged
EX_pe_hs(e),0,1,1,Unchanged
EX_peplys(e),-0.011903896,0.302128926,1,Unchanged
EX_pglyc_hs(e),0,1,1,Unchanged
EX_phacgly(e),2.232804034,0.489340116,1,Unchanged
EX_phe_L(e),-1.673730085,0.157457679,1,Unchanged
EX_pheacgln(e),-1.382228911,0.749057473,1,Unchanged
EX_pheasnmet(e),0.001622678,0.812399153,1,Unchanged
EX_pheasp(e),0,1,1,Unchanged
EX_pheglnphe(e),0,1,1,Unchanged
EX_pheleu(e),0,1,1,Unchanged
EX_pheleuasp(e),0,1,1,Unchanged
EX_pheleuhis(e),0,1,1,Unchanged
EX_phelysala(e),0,1,1,Unchanged
EX_phelyspro(e),0,1,1,Unchanged
EX_pheme(e),-1.09E-05,0.796430303,1,Unchanged
EX_phephe(e),0,1,1,Unchanged
EX_phepheasn(e),0,1,1,Unchanged
EX_phephethr(e),0,1,1,Unchanged
EX_pheproarg(e),0,1,1,Unchanged
EX_phesertrp(e),0,1,1,Unchanged
EX_phethrlys(e),0,1,1,Unchanged
EX_phetrpleu(e),0,1,1,Unchanged
EX_phetyr(e),0,1,1,Unchanged
EX_phetyrgln(e),0,1,1,Unchanged
EX_phetyrlys(e),0,1,1,Unchanged
EX_phlac(e),-0.018370269,0.19710329,1,Unchanged
EX_pi(e),14.78267518,0.003990121,0.178965604,Unchanged
EX_pnto_R(e),6.475573127,0.000100169,0.018861851,Unchanged
EX_ppi(e),0,1,1,Unchanged
EX_ppiogly(e),-3.207116961,0.006247914,0.210450618,Unchanged
EX_prgstrn(e),-0.306053497,0.302128926,1,Unchanged
EX_pro_L(e),-0.001300403,0.642400278,1,Unchanged
EX_proargasp(e),0,1,1,Unchanged
EX_proargcys(e),0,1,1,Unchanged
EX_proasncys(e),0,1,1,Unchanged
EX_procys(e),0,1,1,Unchanged
EX_proglnpro(e),0,1,1,Unchanged
EX_proglulys(e),0,1,1,Unchanged
EX_prohis(e),0,1,1,Unchanged
EX_prohistyr(e),0,1,1,Unchanged
EX_proleuarg(e),0,1,1,Unchanged
EX_prolyspro(e),0,1,1,Unchanged
EX_prophe(e),0,1,1,Unchanged
EX_proproarg(e),0,1,1,Unchanged
EX_propropro(e),0,1,1,Unchanged
EX_prostga2(e),2.97E-05,0.812399153,1,Unchanged
EX_prostgb2(e),0,1,1,Unchanged
EX_prostgc2(e),6.75E-05,0.812399153,1,Unchanged
EX_prostgd2(e),0,1,1,Unchanged
EX_prostge2(e),0,1,1,Unchanged
EX_prostgf2(e),0,1,1,Unchanged
EX_prostgh2(e),0,1,1,Unchanged
EX_prostgi2(e),0,1,1,Unchanged
EX_protrplys(e),0,1,1,Unchanged
EX_protrpthr(e),0,1,1,Unchanged
EX_provalgln(e),0,1,1,Unchanged
EX_prpp(e),0,1,1,Unchanged
EX_ps_hs(e),0,1,1,Unchanged
EX_ptrc(e),0,1,1,Unchanged
EX_pydx(e),0,1,1,Unchanged
EX_pydx5p(e),0,1,1,Unchanged
EX_pydxn(e),0,1,1,Unchanged
EX_pyr(e),-2.497415513,0.023199501,0.534475765,Unchanged
EX_q10(e),-2.057433263,0.124171081,1,Unchanged
EX_q10h2(e),-3.417230523,0.124171081,1,Unchanged
EX_ribflv(e),0,1,1,Unchanged
EX_Rtotal(e),0,1,1,Unchanged
EX_s2l2fn2m2masn(e),0.000389635,0.342453593,1,Unchanged
EX_s2l2n2m2masn(e),0,1,1,Unchanged
EX_sbt_d(e),0.222334269,0.000891669,0.058964445,Unchanged
EX_ser_D(e),0,1,1,Unchanged
EX_ser_L(e),0.330323046,0.124171081,1,Unchanged
EX_serargala(e),0,1,1,Unchanged
EX_serargtrp(e),0,1,1,Unchanged
EX_sercysarg(e),0,1,1,Unchanged
EX_serglyglu(e),0,1,1,Unchanged
EX_serlyshis(e),0,1,1,Unchanged
EX_serphelys(e),0,1,1,Unchanged
EX_sertrphis(e),0,1,1,Unchanged
EX_sfcys(e),-6.78E-05,0.796430303,1,Unchanged
EX_sl_L(e),0,1,1,Unchanged
EX_so4(e),0.82177382,0.438984574,1,Unchanged
EX_spc_hs(e),0,1,1,Unchanged
EX_sph1p(e),0,1,1,Unchanged
EX_sphs1p(e),0.000162381,0.476467048,1,Unchanged
EX_spmd(e),0,1,1,Unchanged
EX_sprm(e),0,1,1,Unchanged
EX_srtn(e),0,1,1,Unchanged
EX_sucaceto(e),0,1,1,Unchanged
EX_succ(e),2.412738863,0.100862364,1,Unchanged
EX_tag_hs(e),0,1,1,Unchanged
EX_taur(e),-1.019260611,0.19710329,1,Unchanged
EX_tchola(e),0,1,1,Unchanged
EX_tdchola(e),0,1,1,Unchanged
EX_thf(e),-0.019851698,0.19710329,1,Unchanged
EX_thm(e),0,1,1,Unchanged
EX_thmmp(e),0,1,1,Unchanged
EX_thmtp(e),0,1,1,Unchanged
EX_thr_L(e),-0.769844206,0.000140304,0.018861851,Unchanged
EX_thrargtyr(e),0,1,1,Unchanged
EX_thrasntyr(e),0,1,1,Unchanged
EX_thrglnglu(e),0,1,1,Unchanged
EX_thrglntyr(e),0,1,1,Unchanged
EX_thrhishis(e),0.000722609,0.812399153,1,Unchanged
EX_thrilearg(e),0,1,1,Unchanged
EX_thrmetarg(e),0,1,1,Unchanged
EX_thrphearg(e),0,1,1,Unchanged
EX_thrserarg(e),0,1,1,Unchanged
EX_thrthrarg(e),0,1,1,Unchanged
EX_thrtyrmet(e),0,1,1,Unchanged
EX_thym(e),0,1,1,Unchanged
EX_thymd(e),0,1,1,Unchanged
EX_thyox_L(e),0,1,1,Unchanged
EX_tiggly(e),-2.974149616,0.003273083,0.153477852,Unchanged
EX_triodthy(e),0,1,1,Unchanged
EX_triodthysuf(e),0.000230913,0.812399153,1,Unchanged
EX_trp_L(e),0.245859263,0.36932711,1,Unchanged
EX_trpalapro(e),0,1,1,Unchanged
EX_trpargala(e),0,1,1,Unchanged
EX_trpaspasp(e),0,1,1,Unchanged
EX_trpglngln(e),0,1,1,Unchanged
EX_trpglugly(e),0,1,1,Unchanged
EX_trpgluleu(e),0,1,1,Unchanged
EX_trpglupro(e),0,1,1,Unchanged
EX_trpglutyr(e),0,1,1,Unchanged
EX_trpglyasp(e),0,1,1,Unchanged
EX_trpglyval(e),0,1,1,Unchanged
EX_trphismet(e),-0.003524186,0.796430303,1,Unchanged
EX_trpilelys(e),0,1,1,Unchanged
EX_trpiletrp(e),0.188601312,0.95885225,1,Unchanged
EX_trpleuval(e),0,1,1,Unchanged
EX_trplys(e),0,1,1,Unchanged
EX_trpmetarg(e),0,1,1,Unchanged
EX_trpmetval(e),0,1,1,Unchanged
EX_trpphe(e),0,1,1,Unchanged
EX_trpproleu(e),0,1,1,Unchanged
EX_trpproval(e),0,1,1,Unchanged
EX_trpsertyr(e),0,1,1,Unchanged
EX_trpthrglu(e),0,1,1,Unchanged
EX_trpthrile(e),0,1,1,Unchanged
EX_trpthrtyr(e),0,1,1,Unchanged
EX_trptyrgln(e),0,1,1,Unchanged
EX_trptyrtyr(e),0,1,1,Unchanged
EX_trpvalasp(e),0,1,1,Unchanged
EX_trypta(e),0,1,1,Unchanged
EX_tsul(e),-0.005487352,0.796430303,1,Unchanged
EX_ttdca(e),0,1,1,Unchanged
EX_txa2(e),0,1,1,Unchanged
EX_txb2(e),0.000123963,0.812399153,1,Unchanged
EX_tym(e),0,1,1,Unchanged
EX_tymsf(e),0,1,1,Unchanged
EX_tyr_L(e),-0.026325564,0.243605156,1,Unchanged
EX_tyrala(e),0,1,1,Unchanged
EX_tyralaphe(e),0,1,1,Unchanged
EX_tyrargglu(e),0,1,1,Unchanged
EX_tyrargser(e),0,1,1,Unchanged
EX_tyrasparg(e),0,1,1,Unchanged
EX_tyrcysgly(e),0,1,1,Unchanged
EX_tyrcysthr(e),0,1,1,Unchanged
EX_tyrglu(e),0,1,1,Unchanged
EX_tyrleuarg(e),0,1,1,Unchanged
EX_tyrphetyr(e),0,1,1,Unchanged
EX_tyrthr(e),0,1,1,Unchanged
EX_tyrtrpphe(e),0,1,1,Unchanged
EX_tyrtyr(e),0,1,1,Unchanged
EX_tyrvalmet(e),0,1,1,Unchanged
EX_udp(e),0,1,1,Unchanged
EX_ump(e),0,1,1,Unchanged
EX_ura(e),0,1,1,Unchanged
EX_urate(e),0,1,1,Unchanged
EX_urea(e),0,1,1,Unchanged
EX_uri(e),0,1,1,Unchanged
EX_utp(e),0,1,1,Unchanged
EX_val_L(e),-2.228137392,0.000859247,0.058964445,Unchanged
EX_valarggly(e),0,1,1,Unchanged
EX_valhisasn(e),0,1,1,Unchanged
EX_valleuphe(e),0,1,1,Unchanged
EX_vallystyr(e),0,1,1,Unchanged
EX_valphearg(e),0,1,1,Unchanged
EX_valprotrp(e),0,1,1,Unchanged
EX_valserarg(e),0,1,1,Unchanged
EX_valtrpphe(e),0,1,1,Unchanged
EX_valtrpval(e),-0.001782177,0.605896755,1,Unchanged
EX_valval(e),0.000745653,0.812399153,1,Unchanged
EX_vitd3(e),-2.28E-05,0.438984574,1,Unchanged
EX_wharachd(e),4.63E-05,0.812399153,1,Unchanged
EX_whddca(e),0,1,1,Unchanged
EX_whhdca(e),0,1,1,Unchanged
EX_whttdca(e),0,1,1,Unchanged
EX_xanta(e),0,1,1,Unchanged
EX_xolest2_hs(e),0,1,1,Unchanged
EX_xoltri24(e),0,1,1,Unchanged
EX_xoltri25(e),0,1,1,Unchanged
EX_xoltri27(e),0,1,1,Unchanged
EX_xyl_D(e),0,1,1,Unchanged
EX_xylt(e),0,1,1,Unchanged
F1Atg,5.70E-06,0.812399153,1,Unchanged
F1PGT,2.29E-06,0.812399153,1,Unchanged
F6T2g,2.90E-05,0.635026324,1,Unchanged
F6T3g,0.000464879,0.635026324,1,Unchanged
F6Tg,2.29E-06,0.812399153,1,Unchanged
FA100ACPH,0,1,1,Unchanged
FA120ACPH,0,1,1,Unchanged
FA140ACPH,0.15719574,0.672243983,1,Unchanged
FA160ACPH,0.305266692,0.828446407,1,Unchanged
FA180ACPH,0,1,1,Unchanged
FA40ACPH,-0.325722699,0.749057473,1,Unchanged
FA80ACPH,0,1,1,Unchanged
FACOAL100i,0,1,1,Unchanged
FACOAL100im,1.60456388,1,1,Unchanged
FACOAL100ix,0,1,1,Unchanged
FACOAL120i,0,1,1,Unchanged
FACOAL120im,0,1,1,Unchanged
FACOAL120ix,0,1,1,Unchanged
FACOAL140i,0.15719574,0.672243983,1,Unchanged
FACOAL140im,0,1,1,Unchanged
FACOAL140x,0,1,1,Unchanged
FACOAL160i,2.297648815,0.169939347,1,Unchanged
FACOAL160im,0,1,1,Unchanged
FACOAL160x,0,1,1,Unchanged
FACOAL161,0,1,1,Unchanged
FACOAL161m,0,1,1,Unchanged
FACOAL161x,0,1,1,Unchanged
FACOAL180i,0,1,1,Unchanged
FACOAL180im,0,1,1,Unchanged
FACOAL180x,0,1,1,Unchanged
FACOAL1812m,0,1,1,Unchanged
FACOAL1812x,0,1,1,Unchanged
FACOAL1813,0,1,1,Unchanged
FACOAL1813m,0,1,1,Unchanged
FACOAL1813x,0,1,1,Unchanged
FACOAL181i,-0.002256011,0.796430303,1,Unchanged
FACOAL181im,0,1,1,Unchanged
FACOAL181x,0,1,1,Unchanged
FACOAL1821,0,1,1,Unchanged
FACOAL1821m,0,1,1,Unchanged
FACOAL1821x,0,1,1,Unchanged
FACOAL1822m,0,1,1,Unchanged
FACOAL1822x,0,1,1,Unchanged
FACOAL1831,0,1,1,Unchanged
FACOAL1831m,0,1,1,Unchanged
FACOAL1831x,0,1,1,Unchanged
FACOAL1832,0,1,1,Unchanged
FACOAL1832m,0,1,1,Unchanged
FACOAL1832x,0,1,1,Unchanged
FACOAL184,0,1,1,Unchanged
FACOAL184m,0,1,1,Unchanged
FACOAL184x,0,1,1,Unchanged
FACOAL191,-2.745579851,0.391743746,1,Unchanged
FACOAL191x,0.0006209,0.635026324,1,Unchanged
FACOAL200,-0.001352449,0.605896755,1,Unchanged
FACOAL200m,0,1,1,Unchanged
FACOAL200x,0,1,1,Unchanged
FACOAL203,-0.001608504,0.796430303,1,Unchanged
FACOAL2031,0,1,1,Unchanged
FACOAL203m,0,1,1,Unchanged
FACOAL203x,0,1,1,Unchanged
FACOAL204,-0.006909154,0.19710329,1,Unchanged
FACOAL2042m,0,1,1,Unchanged
FACOAL2042x,0,1,1,Unchanged
FACOAL204m,0,1,1,Unchanged
FACOAL204x,0,1,1,Unchanged
FACOAL205m,0,1,1,Unchanged
FACOAL205x,0,1,1,Unchanged
FACOAL206x,0.004560403,0.342453593,1,Unchanged
FACOAL220,0,1,1,Unchanged
FACOAL220m,0,1,1,Unchanged
FACOAL220x,0,1,1,Unchanged
FACOAL221,0,1,1,Unchanged
FACOAL221m,0,1,1,Unchanged
FACOAL223,0,1,1,Unchanged
FACOAL224,-0.000609988,0.796430303,1,Unchanged
FACOAL224m,0,1,1,Unchanged
FACOAL224x,0,1,1,Unchanged
FACOAL2251m,0,1,1,Unchanged
FACOAL2251x,0,1,1,Unchanged
FACOAL2252m,0,1,1,Unchanged
FACOAL2252x,0,1,1,Unchanged
FACOAL226m,0,1,1,Unchanged
FACOAL226x,0,1,1,Unchanged
FACOAL240,4.33102115,0.991766945,1,Unchanged
FACOAL240m,0,1,1,Unchanged
FACOAL240x,0,1,1,Unchanged
FACOAL241,-0.002760257,0.438984574,1,Unchanged
FACOAL241m,0,1,1,Unchanged
FACOAL241x,0,1,1,Unchanged
FACOAL244_1m,0,1,1,Unchanged
FACOAL244_1x,0,1,1,Unchanged
FACOAL245_1m,0,1,1,Unchanged
FACOAL245_1x,0,1,1,Unchanged
FACOAL245_2m,0,1,1,Unchanged
FACOAL245_2x,0,1,1,Unchanged
FACOAL246_1x,0,1,1,Unchanged
FACOAL246m,0,1,1,Unchanged
FACOAL260x,0,1,1,Unchanged
FACOAL40im,-0.325722699,0.749057473,1,Unchanged
FACOAL80i,0,1,1,Unchanged
FACOAL80im,-0.305013628,0.967076544,1,Unchanged
FACOAL80x,0,1,1,Unchanged
FADDP,0,1,1,Unchanged
FADDPle,0,1,1,Unchanged
FADFADH2tm,0,1,1,Unchanged
FADH2ETC,-3.350619246,0.584450368,1,Unchanged
FADRx2,0,1,1,Unchanged
FADte,0,1,1,Unchanged
FAE180,-1.186546065,0.030239021,0.62639707,Unchanged
FAE181,-9.32E-05,0.796430303,1,Unchanged
FAE200,-1.456588974,0.163608814,1,Unchanged
FAE201,0.455040834,0.702613328,1,Unchanged
FAE2031,-0.000950359,0.796430303,1,Unchanged
FAE220,-1.599338648,0.157457679,1,Unchanged
FAE221,0.455040834,0.702613328,1,Unchanged
FAE224,5.088211914,0.642400278,1,Unchanged
FAE240,-1.599338648,0.157457679,1,Unchanged
FAE241,1.703856018,0.844565583,1,Unchanged
FAE244,-8.08E-05,0.796430303,1,Unchanged
FAE260,-1.599338648,0.157457679,1,Unchanged
FAH1,0,1,1,Unchanged
FAH2,0,1,1,Unchanged
FAH3,0,1,1,Unchanged
FALDH,0,1,1,Unchanged
FALDte,0,1,1,Unchanged
FALDtly,-3.852148813,0.403255172,1,Unchanged
FALDtm,0,1,1,Unchanged
FALDtx,0,1,1,Unchanged
FANTHAM,0.001137303,0.812399153,1,Unchanged
FAOXC5C5OHm,0,1,1,Unchanged
FAR,0.781166626,0.828446407,1,Unchanged
FATP2t,0,1,1,Unchanged
FATP3t,0,1,1,Unchanged
FATP4t,0,1,1,Unchanged
FATP5t,0,1,1,Unchanged
FATP6t,-3.290623092,0.403255172,1,Unchanged
FATP8t,-4.503342067,0.176451736,1,Unchanged
FBA,0.666216309,0.297320109,1,Unchanged
FBA2,0,1,1,Unchanged
FBA3,1.391049002,0.005684693,0.202218247,Unchanged
FBA4,0,1,1,Unchanged
FBP,0,1,1,Unchanged
FBP26,0,1,1,Unchanged
FCLTm,0.050100723,0.292562729,1,Unchanged
FCYTOB5OXRr,-0.391933344,0.515638218,1,Unchanged
FCYTOB5OXRyr,-4.107114617,0.5564176,1,Unchanged
FDH,0,1,1,Unchanged
FE2DMT1,0.001648366,0.812399153,1,Unchanged
FE2t,-1.09E-05,0.796430303,1,Unchanged
FE2tm,-1.894378793,0.000129047,0.018861851,Unchanged
FE3MTP1,0.001648366,0.812399153,1,Unchanged
FE3R2e,0,1,1,Unchanged
FE3tm,-1.896572802,0.000187416,0.022481235,Unchanged
FECR,-1.900895643,0.00015248,0.019182751,Unchanged
FERO,0,1,1,Unchanged
FK,2.29E-06,0.812399153,1,Unchanged
FKYNH,-0.664442269,0.89328852,1,Unchanged
FMNALKPle,0,1,1,Unchanged
FMNAT,0,1,1,Unchanged
FOLABCCte,1.466811883,0.269545314,1,Unchanged
FOLR2,-0.005439196,0.605896755,1,Unchanged
FOLt2,-1.260268001,0.52905709,1,Unchanged
FOLte,0.28939328,0.515638218,1,Unchanged
FOLTle,0,1,1,Unchanged
FOLtm,7.339268257,0.844565583,1,Unchanged
FORBHBte,0,1,1,Unchanged
FORBUTte,0,1,1,Unchanged
FORLACte,0,1,1,Unchanged
FORPPAte,0,1,1,Unchanged
FORRETNte,0,1,1,Unchanged
FORt2m,0,1,1,Unchanged
FORtr,2.522845808,0.489340116,1,Unchanged
FPGS,0,1,1,Unchanged
FPGS2,0,1,1,Unchanged
FPGS2m,0,1,1,Unchanged
FPGS3,0,1,1,Unchanged
FPGS3m,0,1,1,Unchanged
FPGS4,0,1,1,Unchanged
FPGS4m,0,1,1,Unchanged
FPGS5,0,1,1,Unchanged
FPGS5m,0,1,1,Unchanged
FPGS6,0,1,1,Unchanged
FPGS6m,0,1,1,Unchanged
FPGS7,0,1,1,Unchanged
FPGS7m,0,1,1,Unchanged
FPGS8,0,1,1,Unchanged
FPGS8m,0,1,1,Unchanged
FPGS9,0,1,1,Unchanged
FPGS9m,0,1,1,Unchanged
FPGSm,0,1,1,Unchanged
FRDPtc,-2.312184662,0.04104057,0.740165241,Unchanged
FRDPtcr,6.05E-05,0.438984574,1,Unchanged
FRDPtr,2.478398548,0.598708851,1,Unchanged
FRUt1r,4.424377644,0.812399153,1,Unchanged
FSERterg,0,1,1,Unchanged
FTCD,0.004234788,0.812399153,1,Unchanged
FTHFCLm,0,1,1,Unchanged
FTHFDH,-0.01680117,0.19710329,1,Unchanged
FTHFDHm,-0.115329884,0.780546241,1,Unchanged
FTHFL,0.000139626,0.635026324,1,Unchanged
FTHFLm,0,1,1,Unchanged
FTMT,0,1,1,Unchanged
FTMTm,-1.896572803,0.000187416,0.022481235,Unchanged
FUC13GALACGLCGAL14ACGLCGALGLUSIDEte,-0.220863869,0.591559873,1,Unchanged
FUC13GALACGLCGAL14ACGLCGALGLUSIDEtg,-0.220863869,0.591559873,1,Unchanged
FUC14GALACGLCGALGLUSIDEte,0.349513572,0.687365602,1,Unchanged
FUC14GALACGLCGALGLUSIDEtg,0.349513572,0.687365602,1,Unchanged
FUCACGALFUCGALACGLCGALGLUSIDEte,0.351778984,0.876993331,1,Unchanged
FUCACGALFUCGALACGLCGALGLUSIDEtg,0.351778984,0.876993331,1,Unchanged
FUCACNGAL14ACGLCGALGLUSIDEte,-0.787312132,0.072579006,1,Unchanged
FUCACNGAL14ACGLCGALGLUSIDEtg,-0.787312132,0.072579006,1,Unchanged
FUCACNGALACGLCGALGLUSIDEte,-0.442944585,0.297320109,1,Unchanged
FUCACNGALACGLCGALGLUSIDEtg,-0.442944585,0.297320109,1,Unchanged
FUCASE2e,0,1,1,Unchanged
FUCASE2ly,2.29E-06,0.812399153,1,Unchanged
FUCASEe,0.00010429,0.476467048,1,Unchanged
FUCASEly,0,1,1,Unchanged
FUCFUC12GAL14ACGLCGALGLUSIDEte,-2.22838266,0.006446529,0.210450618,Unchanged
FUCFUC12GAL14ACGLCGALGLUSIDEtg,-2.22838266,0.006446529,0.210450618,Unchanged
FUCFUC132GALACGLCGAL14ACGLCGALGLUSIDEte,0,1,1,Unchanged
FUCFUC132GALACGLCGAL14ACGLCGALGLUSIDEtg,0,1,1,Unchanged
FUCFUCFUCGALACGLC13GALACGLCGAL14ACGLCGALGLUSIDEte,-2.15796774,0.000797659,0.055598975,Unchanged
FUCFUCFUCGALACGLC13GALACGLCGAL14ACGLCGALGLUSIDEtg,-2.15796774,0.000797659,0.055598975,Unchanged
FUCFUCFUCGALACGLCGAL14ACGLCGALGLUSIDEte,-0.919179172,0.269545314,1,Unchanged
FUCFUCFUCGALACGLCGAL14ACGLCGALGLUSIDEtg,-0.919179172,0.269545314,1,Unchanged
FUCFUCGALACGLCGALGLUSIDEte,-1.091035625,0.176451736,1,Unchanged
FUCFUCGALACGLCGALGLUSIDEtg,-1.091035625,0.176451736,1,Unchanged
FUCGAL14ACGLCGALGLUSIDEte,-0.263746214,0.02383277,0.534475765,Unchanged
FUCGAL14ACGLCGALGLUSIDEtg,-0.263746214,0.02383277,0.534475765,Unchanged
FUCGALFUCGALACGLCGALGLUSIDEte,-0.701822889,0.717981667,1,Unchanged
FUCGALFUCGALACGLCGALGLUSIDEtg,-0.701822889,0.717981667,1,Unchanged
FUCGALGBSIDEte,3.44E-05,0.812399153,1,Unchanged
FUCGALGBSIDEtg,-3.44E-05,0.812399153,1,Unchanged
FUCtly,2.29E-06,0.812399153,1,Unchanged
FUMAC,0,1,1,Unchanged
FUMm,9.618822922,0.812399153,1,Unchanged
FUMMALtm,9.88808468,0.991766945,1,Unchanged
FUMSO3tm,0,1,1,Unchanged
FUMSO4tm,0,1,1,Unchanged
FUMSUCCtm,-1.47E-05,0.605896755,1,Unchanged
FUMtm,5.74E-05,0.812399153,1,Unchanged
FUMTSULtm,0,1,1,Unchanged
FUT11g,3.44E-05,0.812399153,1,Unchanged
FUT121g,0.357097742,0.901453482,1,Unchanged
FUT12g,-0.823439926,0.145683374,1,Unchanged
FUT14g,-2.22838266,0.006446529,0.210450618,Unchanged
FUT15g,0,1,1,Unchanged
FUT16g,-0.919179172,0.269545314,1,Unchanged
FUT17g,0,1,1,Unchanged
FUT18g,-1.316297986,0.975304341,1,Unchanged
FUT31g,0.349513572,0.687365602,1,Unchanged
FUT32g,-0.442944585,0.297320109,1,Unchanged
FUT33g,0.351778984,0.876993331,1,Unchanged
FUT34g,-1.091035625,0.176451736,1,Unchanged
FUT35g,-0.701822889,0.717981667,1,Unchanged
FUT910g,-2.15796774,0.000797659,0.055598975,Unchanged
FUT911g,-2.15796774,0.000797659,0.055598975,Unchanged
FUT91g,-0.263746214,0.02383277,0.534475765,Unchanged
FUT92g,-0.787312132,0.072579006,1,Unchanged
FUT93g,-2.22838266,0.006446529,0.210450618,Unchanged
FUT94g,-0.919179172,0.269545314,1,Unchanged
FUT95g,-0.919179172,0.269545314,1,Unchanged
FUT96g,0,1,1,Unchanged
FUT97g,0,1,1,Unchanged
FUT98g,-0.220863869,0.591559873,1,Unchanged
FUT99g,-2.15796774,0.000797659,0.055598975,Unchanged
G12MT1,0.121098589,0.105221618,1,Unchanged
G12MT2,0.121098589,0.105221618,1,Unchanged
G13MT,0.121098589,0.105221618,1,Unchanged
G14T10g,2.29E-06,0.812399153,1,Unchanged
G14T11g,2.29E-06,0.812399153,1,Unchanged
G14T12g,2.29E-06,0.812399153,1,Unchanged
G14T13g,2.29E-06,0.812399153,1,Unchanged
G14T14g,2.29E-06,0.812399153,1,Unchanged
G14T15g,2.29E-06,0.812399153,1,Unchanged
G14T16g,2.29E-06,0.812399153,1,Unchanged
G14T17g,2.29E-06,0.812399153,1,Unchanged
G14T18g,2.29E-05,0.812399153,1,Unchanged
G14T19g,2.29E-05,0.812399153,1,Unchanged
G14T20g,2.29E-05,0.812399153,1,Unchanged
G14T21g,2.29E-05,0.812399153,1,Unchanged
G14T2g,5.70E-06,0.812399153,1,Unchanged
G14T3g,5.70E-06,0.812399153,1,Unchanged
G14T4g,5.70E-06,0.812399153,1,Unchanged
G14T5g,5.70E-06,0.812399153,1,Unchanged
G14T6g,2.29E-06,0.812399153,1,Unchanged
G14T7g,2.29E-06,0.812399153,1,Unchanged
G14T8g,2.29E-06,0.812399153,1,Unchanged
G14T9g,2.29E-06,0.812399153,1,Unchanged
G14Tg,0.000496187,0.235361541,1,Unchanged
G16MT,0.121098589,0.105221618,1,Unchanged
G3PD1,-5.588387151,0.157457679,1,Unchanged
G3PD1p,0,1,1,Unchanged
G3PD2m,-7.732531332,0.780546241,1,Unchanged
G5SADm,1.73E-05,0.812399153,1,Unchanged
G5SADr,0,1,1,Unchanged
G5SDym,1.73E-05,0.812399153,1,Unchanged
G6PDA,0,1,1,Unchanged
G6PDH1rer,-14.35212016,0.30698922,1,Unchanged
G6PDH2r,11.33922991,1.17E-06,0.000605021,Up-regulated
G6PPer,0.010627691,0.635026324,1,Unchanged
G6Pt6er,-1.818241441,0.235361541,1,Unchanged
GABAVESSEC,4.152263246,0.017142368,0.441407884,Unchanged
GACMTRc,0,1,1,Unchanged
GAL3ST11,1.86E-06,0.812399153,1,Unchanged
GAL3ST12,0,1,1,Unchanged
GALACGLCGALGBSIDEte,0,1,1,Unchanged
GALACGLCGALGBSIDEtg,0,1,1,Unchanged
GALASE10ly,2.29E-06,0.812399153,1,Unchanged
GALASE11ly,2.29E-06,0.812399153,1,Unchanged
GALASE12ly,2.29E-06,0.812399153,1,Unchanged
GALASE13ly,2.29E-06,0.812399153,1,Unchanged
GALASE14ly,2.29E-06,0.812399153,1,Unchanged
GALASE15ly,2.29E-06,0.812399153,1,Unchanged
GALASE16ly,5.70E-06,0.812399153,1,Unchanged
GALASE17ly,2.86E-05,0.635026324,1,Unchanged
GALASE18ly,2.86E-05,0.635026324,1,Unchanged
GALASE19ly,3.43E-05,0.635026324,1,Unchanged
GALASE1ly,0.00010429,0.476467048,1,Unchanged
GALASE20ly,2.29E-05,0.812399153,1,Unchanged
GALASE3ly,2.29E-06,0.812399153,1,Unchanged
GALASE4ly,2.29E-06,0.812399153,1,Unchanged
GALASE5ly,2.29E-06,0.812399153,1,Unchanged
GALASE6ly,2.29E-06,0.812399153,1,Unchanged
GALASE7ly,2.29E-06,0.812399153,1,Unchanged
GALASE8ly,2.29E-06,0.812399153,1,Unchanged
GALASE9ly,2.29E-06,0.812399153,1,Unchanged
GALC,0,1,1,Unchanged
GALFUC12GAL14ACGLCGALGLUSIDEte,0,1,1,Unchanged
GALFUC12GAL14ACGLCGALGLUSIDEtg,0,1,1,Unchanged
GALFUCGALACGLCGAL14ACGLCGALGLUSIDEte,0,1,1,Unchanged
GALFUCGALACGLCGAL14ACGLCGALGLUSIDEtg,0,1,1,Unchanged
GALGALFUCFUCGALACGLCGALACGLCGAL14ACGLCGALGLUSIDEte,-1.316297986,0.975304341,1,Unchanged
GALGALFUCFUCGALACGLCGALACGLCGAL14ACGLCGALGLUSIDEtg,-1.316297986,0.975304341,1,Unchanged
GALGALGALTHCRMte,0,1,1,Unchanged
GALGALGALTHCRMtg,0,1,1,Unchanged
GALGLUSIDEtg,-0.589837977,0.061803826,0.954031876,Unchanged
GALGLUSIDEtl,0,1,1,Unchanged
GALGLUSIDEtr,-0.589837977,0.061803826,0.954031876,Unchanged
GALGT1,9.33E-05,0.476467048,1,Unchanged
GALGT2,1.02E-05,0.635026324,1,Unchanged
GALGT3,2.01E-05,0.635026324,1,Unchanged
GALGT4,8.96E-05,0.476467048,1,Unchanged
GALK,0,1,1,Unchanged
GALM2,-0.006129492,0.063256863,0.954031876,Unchanged
GALNTg,-0.46968387,0.584450368,1,Unchanged
GALOR,0,1,1,Unchanged
GALSGLT1le,0,1,1,Unchanged
GALSIDEtg,1.86E-06,0.812399153,1,Unchanged
GALSIDEtl,-1.86E-06,0.812399153,1,Unchanged
GALt2_2,-1.455528401,0.828446407,1,Unchanged
GALt4,-1.838376959,0.642400278,1,Unchanged
GALt4_2,-0.623153197,0.812399153,1,Unchanged
GALtly,0.000389357,0.235361541,1,Unchanged
GALTt,0,1,1,Unchanged
GALU,0.566056649,0.414966878,1,Unchanged
GAO1g,0,1,1,Unchanged
GAO2g,0,1,1,Unchanged
GAPD,0.56163774,0.04003005,0.727024637,Unchanged
GAPD2,0,1,1,Unchanged
GAPD3,0,1,1,Unchanged
GARFT,4.373157475,0.000140304,0.018861851,Unchanged
GASNASE2ly,5.97E-05,0.235361541,1,Unchanged
GASNASE3ly,2.29E-06,0.812399153,1,Unchanged
GASNASEly,0.00010429,0.476467048,1,Unchanged
GBA,0,1,1,Unchanged
GBAl,0,1,1,Unchanged
GBGT1,0,1,1,Unchanged
GBSIDEte,0,1,1,Unchanged
GBSIDEtl,0,1,1,Unchanged
GCALDD,0.890817225,0.063256863,0.954031876,Unchanged
GCALDDm,0,1,1,Unchanged
GCC2am,0,1,1,Unchanged
GCC2bim,0,1,1,Unchanged
GCCam,0,1,1,Unchanged
GCCbim,0,1,1,Unchanged
GCCcm,0,1,1,Unchanged
GCHOLAt,0.786436342,0.885134853,1,Unchanged
GCHOLAt2,2.397898531,0.812399153,1,Unchanged
GCHOLAt2e,0.598666079,0.975304341,1,Unchanged
GCHOLAt3,0,1,1,Unchanged
GCHOLAte,0,1,1,Unchanged
GCHOLAtx,3.57889663,0.967076544,1,Unchanged
GCNTg,-1.316297986,0.975304341,1,Unchanged
GCT,0,1,1,Unchanged
GD1B2te,1.13E-05,0.812399153,1,Unchanged
GD1B2tg,-1.13E-05,0.812399153,1,Unchanged
GD1Cte,8.20E-05,0.635026324,1,Unchanged
GD1Ctg,-8.20E-05,0.635026324,1,Unchanged
GDPFPOFTr,0,1,1,Unchanged
GDPFUCtg,-0.74340605,0.0442027,0.770261914,Unchanged
GDPFUCtr,0,1,1,Unchanged
GDPtg,-0.74340605,0.0442027,0.770261914,Unchanged
GDPtr,0,1,1,Unchanged
GF6PTA,0.370072631,0.190031477,1,Unchanged
GFUCS,0.816672542,0.502398167,1,Unchanged
GFUCSx,-1.097197976,0.004544463,0.192133947,Unchanged
GGGH,0,1,1,Unchanged
GGH,0,1,1,Unchanged
GGH_10FTHF5GLUl,0,1,1,Unchanged
GGH_10FTHF6GLUl,0,1,1,Unchanged
GGH_10FTHF7GLUl,0,1,1,Unchanged
GGH_5DHFl,0,1,1,Unchanged
GGH_5THFl,0,1,1,Unchanged
GGH_6DHFl,0,1,1,Unchanged
GGH_6THFl,0,1,1,Unchanged
GGH_7DHFl,0,1,1,Unchanged
GGH_7THFl,0,1,1,Unchanged
GGLUCT,0,1,1,Unchanged
GGLUCT3,0,1,1,Unchanged
GGNG,0,1,1,Unchanged
GGT5,-7.28E-05,0.812399153,1,Unchanged
GGT5r,0.000121684,0.812399153,1,Unchanged
GGT6,0,1,1,Unchanged
GGTA1g,0.357097742,0.901453482,1,Unchanged
GGTA2,0.442814408,0.476467048,1,Unchanged
GGTAe2,0.001176572,0.342453593,1,Unchanged
GHMT2r,-0.861650515,0.420897346,1,Unchanged
GHMT2rm,6.570697983,0.489340116,1,Unchanged
GK1i,1.088698876,0.02383277,0.534475765,Unchanged
GK1mi,0,1,1,Unchanged
GLACter,-0.006787727,0.032680311,0.633703173,Unchanged
GLAl,0,1,1,Unchanged
GLB1,0,1,1,Unchanged
GLBRAN,0,1,1,Unchanged
GLCAASE8ly,0,1,1,Unchanged
GLCAASE9ly,0,1,1,Unchanged
GLCMter,0.000172132,0.812399153,1,Unchanged
GLCNACPT,0.121098589,0.105221618,1,Unchanged
GLCNACT,0.121098589,0.105221618,1,Unchanged
GLCNCTg,0,1,1,Unchanged
GLCOASYNT,6.71E-05,0.812399153,1,Unchanged
GLCSGLT1le,0,1,1,Unchanged
GLCt1r,-2.310311554,0.374855125,1,Unchanged
GLCt4,-0.106318684,0.438984574,1,Unchanged
GLCt4_2,-1.436087536,0.926007565,1,Unchanged
GLCter,2.197779153,0.074236954,1,Unchanged
GLCtg,0.633947569,0.926007565,1,Unchanged
GLCtly,0,1,1,Unchanged
GLCURter,0.006755941,0.032680311,0.633703173,Unchanged
GLCURtly,-0.006787727,0.032680311,0.633703173,Unchanged
GLDBRAN,0,1,1,Unchanged
GLGNS1,0,1,1,Unchanged
GLN_Lte,0,1,1,Unchanged
GLNALANaEx,1.227983697,0.812399153,1,Unchanged
GLNASNGLNr,0,1,1,Unchanged
GLNASNGLNt,0,1,1,Unchanged
GLNASNNaEx,1.418872624,0.812399153,1,Unchanged
GLNATB0tc,-2.462386699,0.204365872,1,Unchanged
GLNCYSNaEx,0,1,1,Unchanged
GLNHISHISr,0,1,1,Unchanged
GLNHISHISt,0,1,1,Unchanged
GLNHISLYSr,0,1,1,Unchanged
GLNHISLYSt,0,1,1,Unchanged
GLNLASEer,0,1,1,Unchanged
GLNLYSLYSr,0,1,1,Unchanged
GLNLYSLYSt,0,1,1,Unchanged
GLNLYSTRPr,0,1,1,Unchanged
GLNLYSTRPt,0,1,1,Unchanged
GLNPROGLUr,0,1,1,Unchanged
GLNPROGLUt,0,1,1,Unchanged
GLNS,0,1,1,Unchanged
GLNSERNaEx,0,1,1,Unchanged
GLNt4,1.618324821,0.005684693,0.202218247,Unchanged
GLNTHRNaEx,0,1,1,Unchanged
GLNtm,0.003987289,0.812399153,1,Unchanged
GLNtN1,1.555936308,0.173172659,1,Unchanged
GLNTRAH,0,1,1,Unchanged
GLNTRAHm,0,1,1,Unchanged
GLNTRPGLUr,0,1,1,Unchanged
GLNTRPGLUt,0,1,1,Unchanged
GLNTRS,0.22783653,0.243605156,1,Unchanged
GLNTRSm,0,1,1,Unchanged
GLNTYRLEUr,0,1,1,Unchanged
GLNTYRLEUt,0,1,1,Unchanged
GLNyLATthc,0,1,1,Unchanged
GLPASE1,0,1,1,Unchanged
GLPASE2a,0,1,1,Unchanged
GLRASE,-0.006787727,0.032680311,0.633703173,Unchanged
GLU5Km,1.73E-05,0.812399153,1,Unchanged
GLU5SAtmc,0,1,1,Unchanged
GLUARGLEUr,0,1,1,Unchanged
GLUARGLEUt,0,1,1,Unchanged
GLUASNLEUr,0,1,1,Unchanged
GLUASNLEUt,0,1,1,Unchanged
GLUCP,0,1,1,Unchanged
GLUCP2,0,1,1,Unchanged
GLUCYS,0.356640272,0.342453593,1,Unchanged
GLUDC,0.618544308,0.489340116,1,Unchanged
GLUDxm,-6.740284959,0.05626523,0.928594806,Unchanged
GLUDym,-7.403806165,0.991766945,1,Unchanged
GluForTx,0.004234788,0.812399153,1,Unchanged
GLUGLUr,0.000111383,0.796430303,1,Unchanged
GLUGLUt,0.000111383,0.796430303,1,Unchanged
GLUILELYSr,0,1,1,Unchanged
GLUILELYSt,0,1,1,Unchanged
GLULEUr,0,1,1,Unchanged
GLULEUt,0,1,1,Unchanged
GLUMETHISr,0,1,1,Unchanged
GLUMETHISt,0,1,1,Unchanged
GLUMETr,0,1,1,Unchanged
GLUMETt,0,1,1,Unchanged
GLUN,0,1,1,Unchanged
GLUNm,0,1,1,Unchanged
GLUPROASCT1,-2.154314286,0.657253813,1,Unchanged
GLUPRT,4.373157475,0.000140304,0.018861851,Unchanged
GLUt2e,11.05176263,0.011468073,0.328624004,Unchanged
GLUt2m,9.281922121,0.007076906,0.228141746,Unchanged
GLUt6,-9.753863045,0.380433992,1,Unchanged
GLUt7l,0,1,1,Unchanged
GLUTACOAm,0,1,1,Unchanged
GLUTCOADHm,0,1,1,Unchanged
GLUTCOAm,0,1,1,Unchanged
GLUTCONm,0,1,1,Unchanged
GLUTCONte,0,1,1,Unchanged
GLUTCONtm,0,1,1,Unchanged
GLUTHRLYSr,0,1,1,Unchanged
GLUTHRLYSt,0,1,1,Unchanged
GLUTHRr,0,1,1,Unchanged
GLUTHRt,0,1,1,Unchanged
GLUtr,-0.000121694,0.812399153,1,Unchanged
GLUTRAH,0,1,1,Unchanged
GLUTRAHm,0,1,1,Unchanged
GLUTRPALAr,0,1,1,Unchanged
GLUTRPALAt,0,1,1,Unchanged
GLUTRS,0.227835148,0.243605156,1,Unchanged
GLUTRSm,0,1,1,Unchanged
GLUVESSEC,-0.320727294,0.570351904,1,Unchanged
GLXO1,0,1,1,Unchanged
GLXO2p,0.254508863,0.515638218,1,Unchanged
GLXtm,5.943716368,0.463781746,1,Unchanged
GLXtp,6.520842418,0.326945554,1,Unchanged
GLY3Pt,0,1,1,Unchanged
GLYACm,-4.69E-06,0.796430303,1,Unchanged
GLYACT1,-3.122257346,0.000797659,0.055598975,Unchanged
GLYACT2,-2.270748989,0.002334223,0.121615391,Unchanged
GLYACT3,-2.568947074,0.001331313,0.081748967,Unchanged
GLYALDORy,0.000429139,0.812399153,1,Unchanged
GLYALDORym,0,1,1,Unchanged
GLYAMDTRc,0,1,1,Unchanged
GLYATm,0,1,1,Unchanged
GLYBt4_2_r,0,1,1,Unchanged
GLYBtm,0,1,1,Unchanged
GLYC_St,0,1,1,Unchanged
GLYC3PFADm,0,1,1,Unchanged
GLYC3Ptm,-0.909681665,0.227317352,1,Unchanged
GLYCK,0,1,1,Unchanged
GLYCK2,0,1,1,Unchanged
GLYCKm,0,1,1,Unchanged
GLYCLTDy,0.004936414,0.812399153,1,Unchanged
GLYCLTDym,-0.00016332,0.796430303,1,Unchanged
GLYCLTtm,-0.00016332,0.796430303,1,Unchanged
GLYCLTtp,1.060107381,0.034400007,0.649945922,Unchanged
GLYCt,0,1,1,Unchanged
GLYCtm,0,1,1,Unchanged
GLYCTO1p,1.060107381,0.034400007,0.649945922,Unchanged
GLYHISASNr,0.000895061,0.796430303,1,Unchanged
GLYHISASNt,0.000895061,0.796430303,1,Unchanged
GLYHISLYSr,0.00064236,0.796430303,1,Unchanged
GLYHISLYSt,0.00064236,0.796430303,1,Unchanged
GLYK,0,1,1,Unchanged
GLYKm,-0.003680388,0.438984574,1,Unchanged
GLYLYSCYSr,0,1,1,Unchanged
GLYLYSCYSt,0,1,1,Unchanged
GLYLYSPHEr,0,1,1,Unchanged
GLYLYSPHEt,0,1,1,Unchanged
GLYNATm,-1.010060543,0.005005025,0.198651148,Unchanged
GLYOp,2.060872536,0.169939347,1,Unchanged
GLYOX,0,1,1,Unchanged
GLYSNAT5tc,4.540953456,0.812399153,1,Unchanged
GLYt2r,-0.304443711,0.89328852,1,Unchanged
GLYt4,-0.01826167,0.860750109,1,Unchanged
GLYtm,-7.232674209,0.000211854,0.023249886,Unchanged
GLYtp,0.22717339,0.702613328,1,Unchanged
GLYTRAH,0,1,1,Unchanged
GLYTRS,0.227826943,0.243605156,1,Unchanged
GLYTYRLYSr,0,1,1,Unchanged
GLYTYRLYSt,0,1,1,Unchanged
GLYVALHISr,0,1,1,Unchanged
GLYVALHISt,0,1,1,Unchanged
GLYVESSEC,4.505836766,0.02383277,0.534475765,Unchanged
GMAND,-0.744407469,0.0442027,0.770261914,Unchanged
GMPR,0,1,1,Unchanged
GMPS,2.599731483,0.022580894,0.531836753,Unchanged
GMPS2,5.68421684,0.635026324,1,Unchanged
GMPtg,-0.74340605,0.0442027,0.770261914,Unchanged
GMPtn,0,1,1,Unchanged
GMPtr,0,1,1,Unchanged
GNCORE1t,0,1,1,Unchanged
GNCORE1te,0,1,1,Unchanged
GND,11.33922991,1.17E-06,0.000605021,Up-regulated
GNDer,-4.400487018,0.426877274,1,Unchanged
GNMT,0,1,1,Unchanged
GNOFGALTg,0,1,1,Unchanged
GNOFPGALT2g,6.69E-05,0.812399153,1,Unchanged
GNOFPGALTg,0,1,1,Unchanged
GP1CALPHAte,6.56E-05,0.635026324,1,Unchanged
GP1CALPHAtg,-6.56E-05,0.635026324,1,Unchanged
GP1Cte,2.40E-05,0.812399153,1,Unchanged
GP1Ctg,-2.40E-05,0.812399153,1,Unchanged
GPAM_hs,5.59275865,0.039040716,0.716626386,Unchanged
GPAMm_hs,-0.486682905,0.409086084,1,Unchanged
GPAT,0.030096704,0.000146273,0.018861851,Unchanged
GPATm,0.003987289,0.812399153,1,Unchanged
GPCCPDE,0,1,1,Unchanged
GPCCPDE2,0.005377537,0.635026324,1,Unchanged
GPDDA1,0.00728751,0.017628931,0.441407884,Unchanged
GQ1BALPHAte,0,1,1,Unchanged
GQ1BALPHAtg,0,1,1,Unchanged
GQ1Bte,2.01E-05,0.635026324,1,Unchanged
GQ1Btg,-2.01E-05,0.635026324,1,Unchanged
GRTTx,2.205770492,0.812399153,1,Unchanged
GSADHm,0,1,1,Unchanged
GSND,0,1,1,Unchanged
GSNKm,0,1,1,Unchanged
GSNt4,2.917668731,0.635026324,1,Unchanged
GSNt5,2.622512363,0.635026324,1,Unchanged
GSNtm,0,1,1,Unchanged
GT1Ate,1.02E-05,0.635026324,1,Unchanged
GT1Atg,-1.02E-05,0.635026324,1,Unchanged
GTHDH,0.373081773,0.269545314,1,Unchanged
GTHO,0.013786572,0.812399153,1,Unchanged
GTHOm,0.01285738,0.235361541,1,Unchanged
GTHOXte,0,1,1,Unchanged
GTHP,-1.846421996,0.403255172,1,Unchanged
GTHPe,0,1,1,Unchanged
GTHPm,0.01285738,0.235361541,1,Unchanged
GTHRDabc,0,1,1,Unchanged
GTHRDt,0,1,1,Unchanged
GTHRDte,0.001176572,0.342453593,1,Unchanged
GTHRDtr,0.000121684,0.812399153,1,Unchanged
GTHS,0.356640272,0.342453593,1,Unchanged
GTMLTe,0,1,1,Unchanged
GTPtm,0,1,1,Unchanged
GUACYC,1.087874352,0.140054905,1,Unchanged
GUAD,0,1,1,Unchanged
GUAPRT,0,1,1,Unchanged
GUAt,0,1,1,Unchanged
GULLACter,0.006755941,0.032680311,0.633703173,Unchanged
GULN3D,0,1,1,Unchanged
GULNDer,0,1,1,Unchanged
GULNter,0,1,1,Unchanged
GULOer,0.006755941,0.032680311,0.633703173,Unchanged
GUR1PP,0,1,1,Unchanged
GXYLTr,0,1,1,Unchanged
H2O2syn,0,1,1,Unchanged
H2O2t,0.013531226,0.796430303,1,Unchanged
H2O2ter,-0.006787727,0.032680311,0.633703173,Unchanged
H2O2tly,-3.852148813,0.403255172,1,Unchanged
H2O2tm,0.045041543,0.605896755,1,Unchanged
H2O2tn,3.236753711,0.909628882,1,Unchanged
H2O2tp,-0.063150535,0.605896755,1,Unchanged
H2Ot,1.001417423,0.169939347,1,Unchanged
H2Otg,-0.007315678,0.598708851,1,Unchanged
H2Otm,-0.642549357,0.635026324,1,Unchanged
H2Otn,12.99462584,0.081180876,1,Unchanged
H2Ste,0,1,1,Unchanged
H2Stm,0,1,1,Unchanged
HACD180,-1.186546065,0.030239021,0.62639707,Unchanged
HACD181,-9.32E-05,0.796430303,1,Unchanged
HACD1m,0.039547035,0.613123029,1,Unchanged
HACD1x,0,1,1,Unchanged
HACD200,-1.456588974,0.163608814,1,Unchanged
HACD201,0.455040834,0.702613328,1,Unchanged
HACD2031,-0.000950359,0.796430303,1,Unchanged
HACD220,-1.599338648,0.157457679,1,Unchanged
HACD221,0.455040834,0.702613328,1,Unchanged
HACD224,5.088211914,0.642400278,1,Unchanged
HACD240,-1.599338648,0.157457679,1,Unchanged
HACD241,1.703856018,0.844565583,1,Unchanged
HACD244,-8.08E-05,0.796430303,1,Unchanged
HACD260,-1.599338648,0.157457679,1,Unchanged
HACD9m,0.000332874,0.812399153,1,Unchanged
HAS1,5.631184673,0.029460865,0.620241393,Unchanged
HAS2,5.631184673,0.029460865,0.620241393,Unchanged
HAtly,0.003381925,0.032680311,0.633703173,Unchanged
HBZOPT10m,-2.500615347,0.005507389,0.198651148,Unchanged
HCARNS,0,1,1,Unchanged
HCO3_2NAt,2.66932491,0.812399153,1,Unchanged
HCO3_NAt,-3.266080642,0.105221618,1,Unchanged
HCO3Ee,-0.171171719,0.702613328,1,Unchanged
HDCAabc,0,1,1,Unchanged
HDCAabcp,0,1,1,Unchanged
HDCACRNtr,0,1,1,Unchanged
HDCAter,0.00185082,0.235361541,1,Unchanged
HDCEAabc,-2.4941527,0.426877274,1,Unchanged
HDCEACRNtr,0,1,1,Unchanged
HDCEAtr,-2.4941527,0.426877274,1,Unchanged
HDDCEAtl,0,1,1,Unchanged
HDDCEAtlr,0,1,1,Unchanged
HEX1,-1.509187249,0.012160051,0.342740663,Unchanged
HEX11,2.849670969,0.967076544,1,Unchanged
HEX12,0.48473348,0.0442027,0.770261914,Unchanged
HEX13,0,1,1,Unchanged
HEX14,0,1,1,Unchanged
HEX15,9.41E-05,0.812399153,1,Unchanged
HEX16,0.118415172,0.219471106,1,Unchanged
HEX4,2.06E-05,0.812399153,1,Unchanged
HEX7,0,1,1,Unchanged
HEXCCOAtr,-1.599338648,0.157457679,1,Unchanged
HEXCCOAtx,0,1,1,Unchanged
HGDm,0,1,1,Unchanged
HGNTOR,0,1,1,Unchanged
HGTHFS,0,1,1,Unchanged
HIBDm,0,1,1,Unchanged
HISARGCYSr,0,1,1,Unchanged
HISARGCYSt,0,1,1,Unchanged
HISARGSERr,0,1,1,Unchanged
HISARGSERt,0,1,1,Unchanged
HISASPr,0,1,1,Unchanged
HISASPt,0,1,1,Unchanged
HISCITRtm,2.618171858,0.235361541,1,Unchanged
HISCYSCYSr,0,1,1,Unchanged
HISCYSCYSt,0,1,1,Unchanged
HISD,0.004234788,0.812399153,1,Unchanged
HISDC,-0.131373233,0.409086084,1,Unchanged
HISGLNALAr,0,1,1,Unchanged
HISGLNALAt,0,1,1,Unchanged
HISGLUGLNr,0,1,1,Unchanged
HISGLUGLNt,0,1,1,Unchanged
HISGLUr,0,1,1,Unchanged
HISGLUt,0,1,1,Unchanged
HISGLYLYSr,0,1,1,Unchanged
HISGLYLYSt,0,1,1,Unchanged
HISHISLYSr,0.000329063,0.796430303,1,Unchanged
HISHISLYSt,0.000329063,0.796430303,1,Unchanged
HISLYSALAr,0,1,1,Unchanged
HISLYSALAt,0,1,1,Unchanged
HISLYSGLUr,0,1,1,Unchanged
HISLYSGLUt,0,1,1,Unchanged
HISLYSILEr,0,1,1,Unchanged
HISLYSILEt,0,1,1,Unchanged
HISLYSTHRr,0,1,1,Unchanged
HISLYSTHRt,0,1,1,Unchanged
HISLYSVALr,0,1,1,Unchanged
HISLYSVALt,0,1,1,Unchanged
HISMETGLNr,0,1,1,Unchanged
HISMETGLNt,0,1,1,Unchanged
HISMETr,0,1,1,Unchanged
HISMETt,0,1,1,Unchanged
HISPHEARGr,0,1,1,Unchanged
HISPHEARGt,0,1,1,Unchanged
HISPROLYSr,0,1,1,Unchanged
HISPROLYSt,0,1,1,Unchanged
HISt1m,14.13865263,0.326945554,1,Unchanged
HISt4,0.190050846,0.613123029,1,Unchanged
HISTAtu,0,1,1,Unchanged
HISTAVESSEC,0,1,1,Unchanged
HIStiDF,-0.005111843,0.796430303,1,Unchanged
HIStm,11.49984266,0.570351904,1,Unchanged
HIStN1,0.432087678,0.219471106,1,Unchanged
HISTRAH,0,1,1,Unchanged
HISTRAHm,0,1,1,Unchanged
HISTRPHISr,-0.000101689,0.812399153,1,Unchanged
HISTRPHISt,-0.000101689,0.812399153,1,Unchanged
HISTRS,0.227799203,0.243605156,1,Unchanged
HISTRSm,0,1,1,Unchanged
HISyLATtc,4.476984183,0.635026324,1,Unchanged
HISyLATthc,0.0003433,0.812399153,1,Unchanged
HKt,0,1,1,Unchanged
HKYNH,0,1,1,Unchanged
HKYNRtr,0,1,1,Unchanged
HMBS,0.050100723,0.292562729,1,Unchanged
HMCARNc,0,1,1,Unchanged
HMCARNt,0,1,1,Unchanged
HMCRNc,0,1,1,Unchanged
HMCRNt,0,1,1,Unchanged
HMGCH,0,1,1,Unchanged
HMGCOARc,1.651073764,0.5564176,1,Unchanged
HMGCOARx,0.000470893,0.812399153,1,Unchanged
HMGCOASi,0.002007917,0.057609604,0.928594806,Unchanged
HMGCOASim,0.360781746,0.278598672,1,Unchanged
HMGCOASip,0,1,1,Unchanged
HMGCOAtm,-0.079691638,0.029460865,0.620241393,Unchanged
HMGCOAtx,0.003688847,0.476467048,1,Unchanged
HMGDH,0,1,1,Unchanged
HMGL,-6.33773744,0.070951492,1,Unchanged
HMGLm,0,1,1,Unchanged
HMGLx,0.003219004,0.635026324,1,Unchanged
HMGS,0,1,1,Unchanged
HOM_Lte,-2.321228138,6.57E-07,0.00048413,Down-regulated
HOMOVALte,-0.312045631,0.664732139,1,Unchanged
HOMt4,-2.321228138,6.57E-07,0.00048413,Down-regulated
HOXG,0.064512222,0.391743746,1,Unchanged
HPACtr,0.918532272,0.033530729,0.640561119,Unchanged
HPROx,5.587079881,0.635026324,1,Unchanged
HPROxm,0,1,1,Unchanged
HPROym,0,1,1,Unchanged
HPYRDC,0.890817225,0.063256863,0.954031876,Unchanged
HPYRDCm,0,1,1,Unchanged
HPYRR2x,0,1,1,Unchanged
HPYRRx,0,1,1,Unchanged
HPYRRy,0,1,1,Unchanged
HPYRtp,0.890817225,0.063256863,0.954031876,Unchanged
HSD11B1r,0,1,1,Unchanged
HSD11B2r,0,1,1,Unchanged
HSD17B1,0.860652383,0.635026324,1,Unchanged
HSD17B42x,2.195158831,0.967076544,1,Unchanged
HSD17B4x,-1.896813364,0.975304341,1,Unchanged
HSD17B7r,6.619716964,0.991766945,1,Unchanged
HSD17B8r,0.29494029,0.733464976,1,Unchanged
HSD180,-1.186546065,0.030239021,0.62639707,Unchanged
HSD181,-9.32E-05,0.796430303,1,Unchanged
HSD200,-1.456588974,0.163608814,1,Unchanged
HSD201,0.455040834,0.702613328,1,Unchanged
HSD2031,-0.000950359,0.796430303,1,Unchanged
HSD220,-1.599338648,0.157457679,1,Unchanged
HSD221,0.455040834,0.702613328,1,Unchanged
HSD224,5.088211914,0.642400278,1,Unchanged
HSD240,-1.599338648,0.157457679,1,Unchanged
HSD241,1.703856018,0.844565583,1,Unchanged
HSD244,-8.08E-05,0.796430303,1,Unchanged
HSD260,-1.599338648,0.157457679,1,Unchanged
HSD3A1r,0,1,1,Unchanged
HSD3A2r,0,1,1,Unchanged
HSD3B11,-0.306053497,0.302128926,1,Unchanged
HSD3B11r,0,1,1,Unchanged
HSD3B13r,0,1,1,Unchanged
HSD3B7,0,1,1,Unchanged
HSD3B7P,0,1,1,Unchanged
HTDH,-2.143375836,0.438984574,1,Unchanged
Htg,-0.031502482,0.975304341,1,Unchanged
Htm,-1.516583046,0.000370881,0.035425975,Unchanged
Htr,0.89425155,0.89328852,1,Unchanged
Htx,-0.51955543,0.190031477,1,Unchanged
HXAND,0,1,1,Unchanged
HXANtx,0,1,1,Unchanged
HXDCEALOR,0,1,1,Unchanged
HXPRT,0,1,1,Unchanged
HYAL,0.003381925,0.032680311,0.633703173,Unchanged
HYALe,0.00255286,0.096648237,1,Unchanged
HYPOE,0,1,1,Unchanged
HYPTROX,0.000144587,0.812399153,1,Unchanged
HYXNt,0,1,1,Unchanged
ICDHxrm,2.500502337,0.95885225,1,Unchanged
ICDHyp,0.000152786,0.796430303,1,Unchanged
ICDHyr,0.005044734,0.796430303,1,Unchanged
ICDHyrm,2.373870348,0.003615467,0.166505155,Unchanged
ICITACONtm,5.211174216,0.252049543,1,Unchanged
ICITCITtm,-0.011694013,0.605896755,1,Unchanged
ICITMALtm,5.13642085,0.642400278,1,Unchanged
IDHPOXOX2b,0.430964649,0.741247942,1,Unchanged
IDHPOXOX3,0.825782227,0.764753242,1,Unchanged
IDHPOXOX4,-1.496376897,0.975304341,1,Unchanged
IDHPOXOXb,0.606897775,0.77263797,1,Unchanged
IDPtn,0,1,1,Unchanged
ILEARGILEr,-1.145021315,0.975304341,1,Unchanged
ILEARGILEt,-1.145021315,0.975304341,1,Unchanged
ILEASNHISr,0.001523374,0.796430303,1,Unchanged
ILEASNHISt,0.001523374,0.796430303,1,Unchanged
ILEASPr,0,1,1,Unchanged
ILEASPt,0,1,1,Unchanged
ILEATB0tc,-0.269014503,0.605896755,1,Unchanged
ILEGLNGLUr,0,1,1,Unchanged
ILEGLNGLUt,0,1,1,Unchanged
ILEGLYARGr,0,1,1,Unchanged
ILEGLYARGt,0,1,1,Unchanged
ILEOX,3.385924626,0.157457679,1,Unchanged
ILEPHELAT2tc,0.000586689,0.635026324,1,Unchanged
ILEPROLYSr,0,1,1,Unchanged
ILEPROLYSt,0,1,1,Unchanged
ILESERARGr,0,1,1,Unchanged
ILESERARGt,0,1,1,Unchanged
ILEt4,7.626155214,0.034400007,0.649945922,Unchanged
ILEt5m,-3.825709237,0.009036948,0.269436869,Unchanged
ILETAm,-3.825709237,0.009036948,0.269436869,Unchanged
ILEtec,0,1,1,Unchanged
ILETRAH,0,1,1,Unchanged
ILETRAHm,0,1,1,Unchanged
ILETRPTYRr,0,1,1,Unchanged
ILETRPTYRt,0,1,1,Unchanged
ILETRS,0.227820705,0.243605156,1,Unchanged
ILETRSm,0,1,1,Unchanged
IMAGH,-2.530183525,0.000925221,0.059653616,Unchanged
IMPC,4.373157475,0.000140304,0.018861851,Unchanged
IMPD,3.966334654,0.02383277,0.534475765,Unchanged
IND3ACt,0,1,1,Unchanged
INOSTO,0,1,1,Unchanged
INSK,0,1,1,Unchanged
INSt4,2.375586765,0.635026324,1,Unchanged
INSt5,2.425178831,0.635026324,1,Unchanged
INSTt2r,3.50E-07,0.812399153,1,Unchanged
INSTt4,0,1,1,Unchanged
INSTt4_2,-0.743259407,0.063256863,0.954031876,Unchanged
IPDDIx,2.205770492,0.812399153,1,Unchanged
IPDPtx,2.205770025,0.812399153,1,Unchanged
It,-0.554454373,0.252049543,1,Unchanged
ITCOAL1m,0.515223755,0.287856738,1,Unchanged
ITCOALm,0.018026473,0.017628931,0.441407884,Unchanged
ITPtn,0,1,1,Unchanged
IZPN,0.004234788,0.812399153,1,Unchanged
KCCt,-1.264369091,0.260695908,1,Unchanged
KDNH,0.001959768,0.812399153,1,Unchanged
KHK,0,1,1,Unchanged
KHK2,0,1,1,Unchanged
KHte,0,1,1,Unchanged
KSII_CORE2t,5.70E-06,0.812399153,1,Unchanged
KSII_CORE2tly,5.70E-06,0.812399153,1,Unchanged
KSII_CORE4t,2.29E-05,0.812399153,1,Unchanged
KSII_CORE4tly,2.29E-05,0.812399153,1,Unchanged
KSIt,2.29E-06,0.812399153,1,Unchanged
KSItly,2.29E-06,0.812399153,1,Unchanged
Kte,7.068620574,0.096648237,1,Unchanged
KYN,0,1,1,Unchanged
KYN3OX,0,1,1,Unchanged
KYNAKGAT,-0.664442269,0.89328852,1,Unchanged
KYNATESYN,-0.664442269,0.89328852,1,Unchanged
KYNATEtr,-0.664442269,0.89328852,1,Unchanged
L_LACt2r,3.00652787,0.002499477,0.127646574,Unchanged
L_LACt4r_2,0,1,1,Unchanged
L_LACtcm,0.367890065,0.635026324,1,Unchanged
L_LACtm,-0.495052519,0.635026324,1,Unchanged
L2AADPL2AADP6SAtm,6.71E-05,0.812399153,1,Unchanged
LAC_Ltx,0,1,1,Unchanged
LACLt,3.907838447,0.812399153,1,Unchanged
LACRETNte,0,1,1,Unchanged
LACROX,0,1,1,Unchanged
LACZe,0.633947569,0.926007565,1,Unchanged
LALDD,-0.34296158,0.403255172,1,Unchanged
LALDO,-0.005587625,0.635026324,1,Unchanged
LALDO2x,-16.69053583,0.764753242,1,Unchanged
LARGEg,3.732166442,0.096648237,1,Unchanged
LARGtiDF,1.531946911,0.02514441,0.554251576,Unchanged
LCADi,-0.058938403,0.005005025,0.198651148,Unchanged
LCADi_D,1.535047846,0.014882169,0.405021228,Unchanged
LCAT1e,0,1,1,Unchanged
LCTS6PGH,0,1,1,Unchanged
LCTStg,0.633947569,0.926007565,1,Unchanged
LCYSTAT,0,1,1,Unchanged
LCYSTCBOXL,1.908871491,0.502398167,1,Unchanged
LDH_D,-1.64E-06,0.796430303,1,Unchanged
LDH_L,3.820068513,6.50E-06,0.002580539,Up-regulated
LDH_Lm,0,1,1,Unchanged
LEUALAARGr,0,1,1,Unchanged
LEUALAARGt,0,1,1,Unchanged
LEUASNASPr,0,1,1,Unchanged
LEUASNASPt,0,1,1,Unchanged
LEUASPLYSr,0,1,1,Unchanged
LEUASPLYSt,0,1,1,Unchanged
LEUATB0tc,-2.209720274,0.292562729,1,Unchanged
LEUKTRA4t,-0.000128955,0.812399153,1,Unchanged
LEUKTRA4tr,0.000121684,0.812399153,1,Unchanged
LEUKTRB4t,-0.000101157,0.812399153,1,Unchanged
LEUKTRC4abc,0,1,1,Unchanged
LEUKTRD4tr,-0.000121694,0.812399153,1,Unchanged
LEUKTRF4t,-7.28E-05,0.812399153,1,Unchanged
LEULEUTRPr,0,1,1,Unchanged
LEULEUTRPt,0,1,1,Unchanged
LEUPHELAT2tc,1.21E-05,0.812399153,1,Unchanged
LEUPROARGr,0,1,1,Unchanged
LEUPROARGt,0,1,1,Unchanged
LEUPROr,0,1,1,Unchanged
LEUPROt,0,1,1,Unchanged
LEUSERTRPr,0,1,1,Unchanged
LEUSERTRPt,0,1,1,Unchanged
LEUt4,0.747109111,0.084845585,1,Unchanged
LEUTA,9.957566894,0.796430303,1,Unchanged
LEUtec,0,1,1,Unchanged
LEUTRAH,0,1,1,Unchanged
LEUTRAHm,0,1,1,Unchanged
LEUTRPARGr,0,1,1,Unchanged
LEUTRPARGt,0,1,1,Unchanged
LEUTRPr,0,1,1,Unchanged
LEUTRPt,0,1,1,Unchanged
LEUTRS,0.227832941,0.243605156,1,Unchanged
LEUTRSm,0,1,1,Unchanged
LEUTYRTYRr,0,1,1,Unchanged
LEUTYRTYRt,0,1,1,Unchanged
LEUVALr,0,1,1,Unchanged
LEUVALt,0,1,1,Unchanged
LEUyLAThtc,0.003736918,0.476467048,1,Unchanged
LFORKYNHYD,0.001137303,0.812399153,1,Unchanged
LGNCabc,0,1,1,Unchanged
LGNCt,-4.503342067,0.176451736,1,Unchanged
LGTHL,0.005566068,0.635026324,1,Unchanged
LHCYSTIN,0.471279964,0.420897346,1,Unchanged
LHCYSTINt,0.471279964,0.420897346,1,Unchanged
LINOFATPtc,0,1,1,Unchanged
LKTD4PEP,-4.565865935,0.796430303,1,Unchanged
LNCOALTp,0,1,1,Unchanged
LNCOALTr,4.004379835,0.812399153,1,Unchanged
LNLCAabc,0,1,1,Unchanged
LNLCabc,0,1,1,Unchanged
LNLCACRNtr,0,1,1,Unchanged
LNLCCOAtcx,0,1,1,Unchanged
LNLCCOAtr,4.004379835,0.812399153,1,Unchanged
LNLCCRNtr,0,1,1,Unchanged
LNLCGabc,0,1,1,Unchanged
LNLCt,0,1,1,Unchanged
LNLCtl,0,1,1,Unchanged
LNLCtr,0,1,1,Unchanged
LNLNCACOAtr,0,1,1,Unchanged
LNLNCAt,0,1,1,Unchanged
LNLNCAtl,0,1,1,Unchanged
LNLNCAtlr,0,1,1,Unchanged
LNLNCGCOAtr,-0.000950359,0.796430303,1,Unchanged
LNLNCGCOAtx,-0.000950359,0.796430303,1,Unchanged
LNLNCGCRNtr,0,1,1,Unchanged
LNLNCGt,0,1,1,Unchanged
LNLNCGtl,0,1,1,Unchanged
LNLNCGtr,0,1,1,Unchanged
LNS14DMr,2.522845808,0.489340116,1,Unchanged
LNSTLSr,2.522845808,0.489340116,1,Unchanged
LPASE,0.00728751,0.017628931,0.441407884,Unchanged
LPCAT,-0.510088848,0.804404526,1,Unchanged
LPCHOLt4,4.186429877,0.463781746,1,Unchanged
LPCOXp,6.71E-05,0.812399153,1,Unchanged
LPEAT,0.001383757,0.635026324,1,Unchanged
LPGAT,0.000344527,0.635026324,1,Unchanged
LPIAT,0,1,1,Unchanged
LPS,-0.000155281,0.796430303,1,Unchanged
LPS2,0.000429139,0.812399153,1,Unchanged
LPS2e,0,1,1,Unchanged
LPS3,0.000429139,0.812399153,1,Unchanged
LPS3e,0,1,1,Unchanged
LPS3m,-0.003680388,0.438984574,1,Unchanged
LPS4e,0.000466904,0.342453593,1,Unchanged
LPSAT,0.000591146,0.812399153,1,Unchanged
LPSe,0.317018315,0.129301593,1,Unchanged
LRAT,4.252203214,0.796430303,1,Unchanged
LRAT1,-0.402913502,0.227317352,1,Unchanged
LRAT2,-0.324414965,0.02383277,0.534475765,Unchanged
LSTO1r,0.209974319,0.642400278,1,Unchanged
LSTO2r,2.969409476,0.476467048,1,Unchanged
LTA4H,0.00010115,0.812399153,1,Unchanged
LTC4CP,7.28E-05,0.812399153,1,Unchanged
LTC4Sr,0.000121684,0.812399153,1,Unchanged
LTDCL,0,1,1,Unchanged
LYSACm,0,1,1,Unchanged
LYSARGLEUr,0,1,1,Unchanged
LYSARGLEUt,0,1,1,Unchanged
LYSARGtm,8.339601294,0.438984574,1,Unchanged
LYSATB0tc,0.000129955,0.812399153,1,Unchanged
LYSCITRt2m,9.30727294,0.326945554,1,Unchanged
LYSCITRtm,12.52710433,0.326945554,1,Unchanged
LYSCYSHISr,0,1,1,Unchanged
LYSCYSHISt,0,1,1,Unchanged
LYSGLNPHEr,0,1,1,Unchanged
LYSGLNPHEt,0,1,1,Unchanged
LYSGLUGLUr,0,1,1,Unchanged
LYSGLUGLUt,0,1,1,Unchanged
LYSHISt2m,9.573780556,0.321879183,1,Unchanged
LYSHIStm,8.617764264,0.321879183,1,Unchanged
LYSLYSLYSr,0,1,1,Unchanged
LYSLYSLYSt,0,1,1,Unchanged
LYSORNtm,12.01703598,0.570351904,1,Unchanged
LYSOXp,6.71E-05,0.812399153,1,Unchanged
LYSPHEILEr,0,1,1,Unchanged
LYSPHEILEt,0,1,1,Unchanged
LYSt4,0.000242705,0.476467048,1,Unchanged
LYSt5r,-0.518242589,0.002334223,0.121615391,Unchanged
LYStip,6.71E-05,0.812399153,1,Unchanged
LYSTRAH,0,1,1,Unchanged
LYSTRPARGr,0,1,1,Unchanged
LYSTRPARGt,0,1,1,Unchanged
LYSTRS,0.227833362,0.243605156,1,Unchanged
LYSTYRILEr,0,1,1,Unchanged
LYSTYRILEt,0,1,1,Unchanged
LYSVALPHEr,0,1,1,Unchanged
LYSVALPHEt,0,1,1,Unchanged
LYSVALTRPr,0,1,1,Unchanged
LYSVALTRPt,0,1,1,Unchanged
M1316M2g,2.90E-05,0.635026324,1,Unchanged
M1316Mg,0.082048954,0.105221618,1,Unchanged
M13N2Tg,0.121098589,0.105221618,1,Unchanged
M13N4T2g,-0.799959386,0.687365602,1,Unchanged
M13N4Tg,-1.376121579,0.804404526,1,Unchanged
M14NTg,8.38E-05,0.235361541,1,Unchanged
M16N4Tg,-0.979381152,0.717981667,1,Unchanged
M16N6T2g,-0.799959386,0.687365602,1,Unchanged
M16N6Tg,-1.376121579,0.804404526,1,Unchanged
M16NT1g,0.000493896,0.342453593,1,Unchanged
M16NTg,-0.753130277,0.124171081,1,Unchanged
M4MPDOL_ter,0.121098589,0.105221618,1,Unchanged
M7MASNBterg,2.658690634,0.109729077,1,Unchanged
M8MASNterg,-2.526867867,0.796430303,1,Unchanged
MACACIr,0,1,1,Unchanged
MACOXO,-0.131373233,0.409086084,1,Unchanged
MAGt,0,1,1,Unchanged
MAL_Lte,-2.674340533,3.60E-06,0.001548124,Down-regulated
MALACONtm,3.746420221,0.057609604,0.928594806,Unchanged
MALCOAMT,-0.082436249,0.397474332,1,Unchanged
MALCOAMTm,0,1,1,Unchanged
MALCOAMTp,0,1,1,Unchanged
MALCOAMTr,-0.082436249,0.397474332,1,Unchanged
MALCRNt,0,1,1,Unchanged
MALSO3tm,0,1,1,Unchanged
MALSO4tm,0,1,1,Unchanged
MALtm,0.001044468,1,1,Unchanged
MALTSULtm,-0.005487352,0.796430303,1,Unchanged
MAN1PT1,0.000826783,0.812399153,1,Unchanged
MAN1PT2,-0.168504662,0.764753242,1,Unchanged
MAN6PI,0.090212418,0.991766945,1,Unchanged
MANt1r,0,1,1,Unchanged
MANt4,-0.000396338,0.812399153,1,Unchanged
MANter,2.658690634,0.109729077,1,Unchanged
MANtg,-0.067027361,0.105221618,1,Unchanged
MANtly,0.000498768,0.057609604,0.928594806,Unchanged
MAOLNOR,0.021303145,0.502398167,1,Unchanged
MAOX,0.00013846,0.812399153,1,Unchanged
MCCCm,-1.162928376,0.017142368,0.441407884,Unchanged
MCD,0,1,1,Unchanged
MCDm,0,1,1,Unchanged
MCDp,0,1,1,Unchanged
MCITS,0.007707091,0.476467048,1,Unchanged
MCLACCYSR,0,1,1,Unchanged
MCLOR,0,1,1,Unchanged
MCOATA,0.159121905,0.489340116,1,Unchanged
MDH,10.93113063,0.620387104,1,Unchanged
MDHm,3.748427146,5.47E-05,0.018804248,Unchanged
MDRPD,0,1,1,Unchanged
ME1m,11.30919469,0.991766945,1,Unchanged
ME2,-9.25E-06,0.796430303,1,Unchanged
ME2m,0.010526995,0.635026324,1,Unchanged
MEOHt2,-0.003176848,0.476467048,1,Unchanged
MEOHtly,-3.852148813,0.403255172,1,Unchanged
MEPIVESSte,0.000710019,0.812399153,1,Unchanged
MERCPLACCYSt,0,1,1,Unchanged
MESCOALm,0,1,1,Unchanged
METARGLEUr,0,1,1,Unchanged
METARGLEUt,0,1,1,Unchanged
METASNTYRr,0,1,1,Unchanged
METASNTYRt,0,1,1,Unchanged
METAT,0.719337091,0.09459463,1,Unchanged
METATB0tc,-0.945170797,0.219471106,1,Unchanged
METDECARc,-0.004459886,0.302128926,1,Unchanged
METGLNTYRr,0,1,1,Unchanged
METGLNTYRt,0,1,1,Unchanged
METGLYARGr,0.000554239,0.796430303,1,Unchanged
METGLYARGt,0.000554239,0.796430303,1,Unchanged
METHISLYSr,0,1,1,Unchanged
METHISLYSt,0,1,1,Unchanged
METHSUCC,0,1,1,Unchanged
METHSUCCOAc,0,1,1,Unchanged
METHSUCCte,0,1,1,Unchanged
METLEUex,0.000807759,0.476467048,1,Unchanged
METMETILEr,-0.000775389,0.812399153,1,Unchanged
METMETILEt,-0.000775389,0.812399153,1,Unchanged
METOX,0,1,1,Unchanged
METPHEARGr,0,1,1,Unchanged
METPHEARGt,0,1,1,Unchanged
METS,0.001025839,0.476467048,1,Unchanged
METt4,-0.254738535,0.391743746,1,Unchanged
METtec,0,1,1,Unchanged
METTRAH,0,1,1,Unchanged
METTRAHm,0,1,1,Unchanged
METTRANSc,-0.004459886,0.302128926,1,Unchanged
METTRPPHEr,0,1,1,Unchanged
METTRPPHEt,0,1,1,Unchanged
METTRS,0.227760377,0.243605156,1,Unchanged
METTRSm,0,1,1,Unchanged
METyLATthc,0,1,1,Unchanged
MEVK1c,1.671070426,0.5564176,1,Unchanged
MEVK1x,0,1,1,Unchanged
MEVtx,-0.000471046,0.812399153,1,Unchanged
MG1er,0.121098589,0.105221618,1,Unchanged
MG2er,0.121098589,0.105221618,1,Unchanged
MG2t,0,1,1,Unchanged
MG2t4e,0,1,1,Unchanged
MG2t4g,0,1,1,Unchanged
MG2t4m,0,1,1,Unchanged
MG2tg,0,1,1,Unchanged
MG2tm,0,1,1,Unchanged
MG3er,0.121098589,0.105221618,1,Unchanged
MGACONm,0,1,1,Unchanged
MGCHrm,-1.162928376,0.017142368,0.441407884,Unchanged
MGSA,0.091325094,0.00203335,0.110400209,Unchanged
MGSA2,-6.956779395,0.975304341,1,Unchanged
MHISOR,-0.131373233,0.409086084,1,Unchanged
MI123456PP,0,1,1,Unchanged
MI13456PK,0,1,1,Unchanged
MI1345PP,0,1,1,Unchanged
MI134P4P,0,1,1,Unchanged
MI134PK_5,0,1,1,Unchanged
MI134PP,0,1,1,Unchanged
MI13PP,0,1,1,Unchanged
MI145PK,0,1,1,Unchanged
MI145PP,-5.302036167,0.046423093,0.790265063,Unchanged
MI14P4P,0,1,1,Unchanged
MI14PP,-3.711714055,0.009036948,0.269436869,Unchanged
MI1PP,-1.609125825,0.004544463,0.192133947,Unchanged
MI34PP,0,1,1,Unchanged
MI3PP,2.82E-05,0.057609604,0.928594806,Unchanged
MI3PS,2.82E-05,0.057609604,0.928594806,Unchanged
MI4PK,0,1,1,Unchanged
MI4PP,-3.711714055,0.009036948,0.269436869,Unchanged
MINOHPK,0,1,1,Unchanged
MINOHPKn,0,1,1,Unchanged
MINOHPtn,0,1,1,Unchanged
MLCLAT,5.263548463,0.812399153,1,Unchanged
MM5ag,-2.526867867,0.796430303,1,Unchanged
MM5bg,0.00077271,0.235361541,1,Unchanged
MM5cg,0.162076365,0.672243983,1,Unchanged
MM6ag,0,1,1,Unchanged
MM6B1ag,6.35E-06,0.812399153,1,Unchanged
MM6B1bg,0.000766368,0.342453593,1,Unchanged
MM6B2g,0.162076365,0.672243983,1,Unchanged
MM6bg,-2.526867867,0.796430303,1,Unchanged
MM7Ag,0,1,1,Unchanged
MM7B1g,6.35E-06,0.812399153,1,Unchanged
MM7B2g,2.64891115,0.169939347,1,Unchanged
MM7Cag,-2.526867867,0.796430303,1,Unchanged
MM7Cbg,0,1,1,Unchanged
MM8Ag,-2.526867867,0.796430303,1,Unchanged
MM8Ber,2.658690634,0.109729077,1,Unchanged
MM8Cg,0,1,1,Unchanged
MMCDm,-0.010378199,0.000797659,0.055598975,Unchanged
MMCH,0,1,1,Unchanged
MMEm,-0.010378199,0.000797659,0.055598975,Unchanged
MMMm,0.010453397,0.000797659,0.055598975,Unchanged
MMSAD1m,0,1,1,Unchanged
MMSAD3m,-0.002964187,0.605896755,1,Unchanged
MMSDH,0,1,1,Unchanged
MMSDHm,0,1,1,Unchanged
MMSOR,0,1,1,Unchanged
MMTSADm,0,1,1,Unchanged
MNSERGALTg,6.69E-05,0.812399153,1,Unchanged
MOD_2mhop,-2.568947074,0.001331313,0.081748967,Unchanged
MOD_3mhop,-2.123781287,0.000118646,0.018861851,Unchanged
MOGAT,0.005377537,0.635026324,1,Unchanged
MSERterg,6.69E-05,0.812399153,1,Unchanged
MTAP,0,1,1,Unchanged
MTHFC,-1.017877261,0.5564176,1,Unchanged
MTHFCm,6.570697983,0.489340116,1,Unchanged
MTHFD2,9.534072199,8.81E-05,0.018861851,Unchanged
MTHFDm,18.19987384,0.627688399,1,Unchanged
MTHFR3,0,1,1,Unchanged
MTHFR3x,-0.009453382,0.235361541,1,Unchanged
MTHGXLt,0,1,1,Unchanged
MTRI,0,1,1,Unchanged
N2M2NMASNt,8.38E-05,0.235361541,1,Unchanged
N2M2NMASNtly,5.97E-05,0.235361541,1,Unchanged
N3Tg,-2.713683117,0.749057473,1,Unchanged
N4Tg,5.70E-06,0.812399153,1,Unchanged
NACASPAH,0,1,1,Unchanged
NACASPtm,0,1,1,Unchanged
NACDe,-2.33955543,0.022580894,0.531836753,Unchanged
NACHEX10ly,2.29E-06,0.812399153,1,Unchanged
NACHEX11ly,2.29E-06,0.812399153,1,Unchanged
NACHEX12ly,2.29E-06,0.812399153,1,Unchanged
NACHEX13ly,2.29E-06,0.812399153,1,Unchanged
NACHEX14ly,2.29E-06,0.812399153,1,Unchanged
NACHEX15ly,2.29E-06,0.812399153,1,Unchanged
NACHEX16ly,2.29E-06,0.812399153,1,Unchanged
NACHEX17ly,2.29E-06,0.812399153,1,Unchanged
NACHEX18ly,2.29E-06,0.812399153,1,Unchanged
NACHEX19ly,2.29E-06,0.812399153,1,Unchanged
NACHEX20ly,2.29E-06,0.812399153,1,Unchanged
NACHEX21ly,2.29E-06,0.812399153,1,Unchanged
NACHEX22ly,2.29E-06,0.812399153,1,Unchanged
NACHEX23ly,5.70E-06,0.812399153,1,Unchanged
NACHEX24ly,2.86E-05,0.635026324,1,Unchanged
NACHEX25ly,2.86E-05,0.635026324,1,Unchanged
NACHEX26ly,2.29E-05,0.812399153,1,Unchanged
NACHEX27ly,0,1,1,Unchanged
NACHORCTL3le,0,1,1,Unchanged
NACPRT,-2.33955543,0.022580894,0.531836753,Unchanged
NADDP,0,1,1,Unchanged
NADH2_u10m,1.265763554,0.502398167,1,Unchanged
NADHtru,1.464102597,0.942417668,1,Unchanged
NADN,0,1,1,Unchanged
NADPHtru,0.148850278,0.598708851,1,Unchanged
NADPHtxu,0.003010692,0.476467048,1,Unchanged
NADPQNOXR,0,1,1,Unchanged
NADPtru,0.148850278,0.598708851,1,Unchanged
NADPtxu,0.003010692,0.476467048,1,Unchanged
NADQNOXR,0,1,1,Unchanged
NADS2,0,1,1,Unchanged
NADtn,0,1,1,Unchanged
NADtru,1.464102597,0.942417668,1,Unchanged
NAGA2ly,3.43E-05,0.635026324,1,Unchanged
NAGAly,0,1,1,Unchanged
NAGLCAly,3.43E-05,0.635026324,1,Unchanged
NAHCO3_HCLt,-1.409016577,0.57738087,1,Unchanged
NAHCO3_HCLt2,0,1,1,Unchanged
NAIt,0.002841641,0.476467048,1,Unchanged
NaKt,-0.017643519,0.749057473,1,Unchanged
NAt,-1.75013698,0.642400278,1,Unchanged
NAt3_1,-0.183884543,0.702613328,1,Unchanged
NAt3_1g,4.621832359,0.635026324,1,Unchanged
NAt5,-1.097983739,0.57738087,1,Unchanged
NAX1,0,1,1,Unchanged
NAX2,0,1,1,Unchanged
NAXE1,0,1,1,Unchanged
NAXE2,0,1,1,Unchanged
NBAHH_ir,0,1,1,Unchanged
NCAMDe,-2.33955543,0.022580894,0.531836753,Unchanged
NCCt,0,1,1,Unchanged
NCKt,1.079542848,0.077645708,1,Unchanged
NCNt,1.282618146,0.081180876,1,Unchanged
NDP3,0,1,1,Unchanged
NDP3g,0,1,1,Unchanged
NDP6,-1.47867704,0.157457679,1,Unchanged
NDP7,0,1,1,Unchanged
NDP7er,-0.057777165,0.702613328,1,Unchanged
NDP7ex,0,1,1,Unchanged
NDP7g,0.006196786,0.749057473,1,Unchanged
NDP8,0.181248107,0.885134853,1,Unchanged
NDP8ex,0,1,1,Unchanged
NDPK1,0.693738356,0.070951492,1,Unchanged
NDPK1m,0,1,1,Unchanged
NDPK1n,-0.106555753,0.796430303,1,Unchanged
NDPK2,0.411370241,0.1667515,1,Unchanged
NDPK2n,0,1,1,Unchanged
NDPK3,-0.891862964,0.353049315,1,Unchanged
NDPK3m,8.11E-05,0.476467048,1,Unchanged
NDPK3n,0,1,1,Unchanged
NDPK4,1.364539158,0.613123029,1,Unchanged
NDPK4m,0,1,1,Unchanged
NDPK4n,0,1,1,Unchanged
NDPK5,2.191620156,0.208069321,1,Unchanged
NDPK5m,0,1,1,Unchanged
NDPK5n,0,1,1,Unchanged
NDPK6,2.921359203,0.844565583,1,Unchanged
NDPK6m,0,1,1,Unchanged
NDPK6n,0,1,1,Unchanged
NDPK7,1.184489732,0.535832537,1,Unchanged
NDPK7m,0,1,1,Unchanged
NDPK7n,1.106708922,0.983534766,1,Unchanged
NDPK8,4.742284908,0.476467048,1,Unchanged
NDPK8m,0,1,1,Unchanged
NDPK8n,0,1,1,Unchanged
NDPK9,2.854382916,0.796430303,1,Unchanged
NDPK9n,0,1,1,Unchanged
NH4t3r,-0.089609177,0.844565583,1,Unchanged
NH4tm,-1.049286082,0.090592383,1,Unchanged
NH4tn,-0.000210767,0.342453593,1,Unchanged
NH4tp,2.067736209,0.169939347,1,Unchanged
NH4tr,0,1,1,Unchanged
NICRNTtn,0,1,1,Unchanged
NKCC2t,-1.823311065,0.260695908,1,Unchanged
NKCCt,0.9928776,0.193543665,1,Unchanged
NM_4,1.545496618,0.005867129,0.204477365,Unchanged
NM_7,0,1,1,Unchanged
NM_8,0.991986021,0.046423093,0.790265063,Unchanged
NMNATn,0,1,1,Unchanged
NMNDA,-2.33955543,0.022580894,0.531836753,Unchanged
NMNS,-2.542658178,0.028699996,0.614251374,Unchanged
NMNtn,0,1,1,Unchanged
NNATn,0,1,1,Unchanged
NNDPR,0,1,1,Unchanged
NNMT,0,1,1,Unchanged
NODe,0,1,1,Unchanged
NORANMT,0.00084841,0.635026324,1,Unchanged
NOS1,0,1,1,Unchanged
NOS2,-0.302047584,0.302128926,1,Unchanged
NOX,2.07E-06,0.812399153,1,Unchanged
NQO1,-0.001783873,0.796430303,1,Unchanged
NQO2,-4.464145242,0.584450368,1,Unchanged
NRPPHRSFt,0.00236605,0.342453593,1,Unchanged
NRPPHRSULT,0.00236605,0.342453593,1,Unchanged
NRPPHRt4_2_r,-10.77206907,0.031848431,0.633703173,Unchanged
NRPPHRVESSEC,-2.347241489,0.074236954,1,Unchanged
NRVNCCOAtr,1.703856018,0.844565583,1,Unchanged
NRVNCCOAtxc,3.707806569,0.031034773,0.633703173,Unchanged
NS26T2g,0,1,1,Unchanged
NS26Tg,0,1,1,Unchanged
NTD1,-10.76485142,0.764753242,1,Unchanged
NTD10,0,1,1,Unchanged
NTD11,0,1,1,Unchanged
NTD1m,0,1,1,Unchanged
NTD2,3.074143894,0.627688399,1,Unchanged
NTD2e,0,1,1,Unchanged
NTD3,0.001735232,0.235361541,1,Unchanged
NTD4,0.001871158,0.154448596,1,Unchanged
NTD5,0,1,1,Unchanged
NTD5_a,-2.822243676,0.975304341,1,Unchanged
NTD5m,0,1,1,Unchanged
NTD6,0.002352677,0.812399153,1,Unchanged
NTD7,0.014871336,0.635026324,1,Unchanged
NTD7e,0,1,1,Unchanged
NTD8,0,1,1,Unchanged
NTD9,0,1,1,Unchanged
NTP10,0,1,1,Unchanged
NTPP2,0,1,1,Unchanged
NTPP8e,0,1,1,Unchanged
NWHARGOR,0.382500248,0.302128926,1,Unchanged
O2St,3.453474993,0.852650091,1,Unchanged
O2Stm,0.000104979,0.796430303,1,Unchanged
O2Stn,3.236753711,0.909628882,1,Unchanged
O2Stx,0.003934905,0.635026324,1,Unchanged
O2t,-1.1541492,0.0442027,0.770261914,Unchanged
O2ter,-1.09849353,0.642400278,1,Unchanged
O2tm,-1.082562417,0.046423093,0.790265063,Unchanged
O2tn,2.926610599,0.642400278,1,Unchanged
O2tp,0.834441038,0.029460865,0.620241393,Unchanged
CO2tn,-0.003038083,0.635026324,1,Unchanged
AKGtn,0.003031699,0.635026324,1,Unchanged
FALDtn,-0.003038083,0.635026324,1,Unchanged
OAADC,1.648261523,0.358424103,1,Unchanged
OAGD3te,0,1,1,Unchanged
OAGD3tg,0,1,1,Unchanged
OAGT3te,0,1,1,Unchanged
OAGT3tg,0,1,1,Unchanged
OBDHc,0.784398963,0.502398167,1,Unchanged
OBDHm,0.000133913,0.812399153,1,Unchanged
OCBTm,0,1,1,Unchanged
OCCOAtcx,0.001180554,0.812399153,1,Unchanged
OCCOAtm,0,1,1,Unchanged
OCCOTm,0,1,1,Unchanged
OCCOTp,0.001180554,0.812399153,1,Unchanged
OCD11COACPT1,0,1,1,Unchanged
OCD11CRNCACT,0,1,1,Unchanged
OCD11CRNCPT2,0,1,1,Unchanged
OCDCAFATPc,0,1,1,Unchanged
OCDCAtr,0,1,1,Unchanged
OCDCEAabc,0,1,1,Unchanged
OCDCEACRNtr,1.645625729,0.733464976,1,Unchanged
OCDCEAtl,0,1,1,Unchanged
OCDCEAtlr,0,1,1,Unchanged
OCDCEAtr,0,1,1,Unchanged
OCDE9ECOAtr,-1.724501957,0.04003005,0.727024637,Unchanged
OCDEAFABP1tc,1.645466672,0.860750109,1,Unchanged
OCTAt,0,1,1,Unchanged
OCTD11ECOAtr,-9.32E-05,0.796430303,1,Unchanged
ODECOAtcx,0,1,1,Unchanged
OFPGLCNACTg,0,1,1,Unchanged
OLEICFATPtc,0,1,1,Unchanged
OMPDC,1.36953019,0.19710329,1,Unchanged
OPAHir,0,1,1,Unchanged
ORNALArBATtc,0,1,1,Unchanged
ORNARGtm,10.95542874,0.438984574,1,Unchanged
ORNDC,0,1,1,Unchanged
ORNHISt2m,13.32572715,0.326945554,1,Unchanged
ORNHIStm,4.136191413,0.235361541,1,Unchanged
ORNLEUrBATtc,0,1,1,Unchanged
ORNLYStm,8.265963325,0.717981667,1,Unchanged
ORNt,-3.517583314,0.179776871,1,Unchanged
ORNt3m,15.00128978,0.326945554,1,Unchanged
ORNTArm,0,1,1,Unchanged
ORNtiDF,-5.212745983,0.391743746,1,Unchanged
OROTGLUt,0.913152202,0.812399153,1,Unchanged
OROTi,-2.249241416,0.003990121,0.178965604,Unchanged
OROTte,-2.79162537,0.00203335,0.110400209,Unchanged
ORPT,1.36953019,0.19710329,1,Unchanged
OXAACONtm,0,1,1,Unchanged
OXAHCOtex,0,1,1,Unchanged
OXAICITtm,0,1,1,Unchanged
OXALSUCCCL,0.005044734,0.796430303,1,Unchanged
OXALSUCCCLm,2.055204323,0.001896656,0.109920788,Unchanged
OXALSUCCCLp,0.000152786,0.796430303,1,Unchanged
OXAPItm,0,1,1,Unchanged
OXAtp,0.254508863,0.515638218,1,Unchanged
OXOADLR,6.71E-05,0.812399153,1,Unchanged
P45011A1m,-0.306053497,0.302128926,1,Unchanged
P45011B11m,0,1,1,Unchanged
P45011B12m,0,1,1,Unchanged
P45011B21m,0,1,1,Unchanged
P45017A1r,0,1,1,Unchanged
P45017A3r,0,1,1,Unchanged
P45021A1r,0,1,1,Unchanged
P45021A2r,0,1,1,Unchanged
P45027A11m,3.57889663,0.967076544,1,Unchanged
P45027A12m,3.57889663,0.967076544,1,Unchanged
P45027A13m,3.57889663,0.967076544,1,Unchanged
P45027A14m,2.195158831,0.967076544,1,Unchanged
P45027A15m,2.195158831,0.967076544,1,Unchanged
P45027A16m,2.195158831,0.967076544,1,Unchanged
P45027A1m,0,1,1,Unchanged
P45039A1r,0,1,1,Unchanged
P45046A1r,0,1,1,Unchanged
P4504F121r,4.63E-05,0.812399153,1,Unchanged
P4507A1r,0,1,1,Unchanged
P4507B11r,0,1,1,Unchanged
P4507B12r,0,1,1,Unchanged
P4508B11r,4.575575384,0.828446407,1,Unchanged
P4508B13r,-0.000129419,0.796430303,1,Unchanged
P5CDm,0,1,1,Unchanged
P5CR,0,1,1,Unchanged
P5CRm,0.000264423,0.635026324,1,Unchanged
P5CRx,0,1,1,Unchanged
P5CRxm,0,1,1,Unchanged
PA_HSter,0,1,1,Unchanged
PA_HStg,0,1,1,Unchanged
PAAA,0.001828282,0.342453593,1,Unchanged
PACCOAL,1.40932884,0.694974042,1,Unchanged
PAFH,0,1,1,Unchanged
PAFHe,0,1,1,Unchanged
PAFS,0,1,1,Unchanged
PAFt,0,1,1,Unchanged
PAIL_HStn,-9.31E-05,0.605896755,1,Unchanged
PAIL45P_HStn,0,1,1,Unchanged
PAIL4P_HStn,9.31E-05,0.605896755,1,Unchanged
PALFATPtc,0,1,1,Unchanged
PAN4PP,0,1,1,Unchanged
PANTYLCYStm,0,1,1,Unchanged
PAOR,0.001828282,0.342453593,1,Unchanged
PAPStg,0.00011519,0.342453593,1,Unchanged
PAPtg,0.00011519,0.342453593,1,Unchanged
PCFLOPm,0.000304352,0.812399153,1,Unchanged
PCHOL_HSter,0,1,1,Unchanged
PCHOL_HStg,0,1,1,Unchanged
PCHOLHSTDe,5.024895643,0.627688399,1,Unchanged
PCHOLP_hs,0.607658922,0.627688399,1,Unchanged
PCHOLPg_hs,0,1,1,Unchanged
PCHOLPm_hs,0,1,1,Unchanged
PCHOLPr_hs,0,1,1,Unchanged
PCLAD,0,1,1,Unchanged
PCm,0.0002696,0.812399153,1,Unchanged
PCOREM3terg,3.732166442,0.096648237,1,Unchanged
PCREATtmdiffir,0,1,1,Unchanged
PCRNtc,0,1,1,Unchanged
PCRNtm,-2.137177551,0.950632334,1,Unchanged
PCSsec,0,1,1,Unchanged
PCSup,0,1,1,Unchanged
PCtabc,1.98272186,0.358424103,1,Unchanged
PCYSPT,0,1,1,Unchanged
PCYSPTm,0,1,1,Unchanged
PDE1,3.728060959,0.204365872,1,Unchanged
PDE4,0.811183716,0.687365602,1,Unchanged
PDE4n,0,1,1,Unchanged
PDHa,7.298991851,0.991766945,1,Unchanged
PDHbr,7.298991851,0.991766945,1,Unchanged
PDX5PO,0,1,1,Unchanged
PDXPP,0,1,1,Unchanged
PE_HSter,0,1,1,Unchanged
PE_HStm,0.840691256,0.070951492,1,Unchanged
PEAMNO,1.060735945,0.57738087,1,Unchanged
PEFLIP,0,1,1,Unchanged
PEFLIPm,0,1,1,Unchanged
PEMET1,-0.186730255,0.414966878,1,Unchanged
PEMET2,-0.186730255,0.414966878,1,Unchanged
PEPCK,4.971229565,0.796430303,1,Unchanged
PEPCKm,0.0058517,0.812399153,1,Unchanged
PEPICITtm,4.890420413,0.812399153,1,Unchanged
PEPLYStn,0.012002934,0.302128926,1,Unchanged
PEPLYStc,0.012002934,0.302128926,1,Unchanged
PEt,0,1,1,Unchanged
PETHCT,0.362412237,0.967076544,1,Unchanged
PETOHMm_hs,0.000304352,0.812399153,1,Unchanged
PETOHMr_hs,0,1,1,Unchanged
PFK,0.802092386,0.347725788,1,Unchanged
PFK_3,1.38635287,0.046423093,0.790265063,Unchanged
PFK_4,0.000315471,0.476467048,1,Unchanged
PFK2,0.126091866,0.860750109,1,Unchanged
PFK26,0,1,1,Unchanged
PGAM1_PhosHydro,0.511203829,0.283202075,1,Unchanged
PGCD,0,1,1,Unchanged
PGDI,0,1,1,Unchanged
PGESc,9.71E-05,0.812399153,1,Unchanged
PGI,3.16222346,0.584450368,1,Unchanged
PGISr,0,1,1,Unchanged
PGK,0.501285393,0.109729077,1,Unchanged
PGL,11.33922991,1.17E-06,0.000605021,Up-regulated
PGLer,-4.400487018,0.426877274,1,Unchanged
PGLYCABCte,0.082425276,0.812399153,1,Unchanged
PGLYCH,0,1,1,Unchanged
PGLYCt,0.081984161,0.476467048,1,Unchanged
PGM,0.486598601,0.119200799,1,Unchanged
PGMT,0.566056649,0.414966878,1,Unchanged
PGPP_hs,4.017962065,0.058980576,0.936067113,Unchanged
PGPPT,4.017962065,0.058980576,0.936067113,Unchanged
PGS,9.71E-05,0.812399153,1,Unchanged
PGSr,0.000123963,0.812399153,1,Unchanged
PHACCOAGLNAC,-1.382228911,0.749057473,1,Unchanged
PHACCOAGLYACm,-1.010060543,0.005005025,0.198651148,Unchanged
PHACGLYc,2.232804034,0.489340116,1,Unchanged
PHACGLYt,2.232804034,0.489340116,1,Unchanged
PHCDm,0,1,1,Unchanged
PHCDym,0,1,1,Unchanged
PHCHGSm,0,1,1,Unchanged
PHEACGLNt,-1.382228911,0.749057473,1,Unchanged
PHEASNMETr,-0.001624505,0.812399153,1,Unchanged
PHEASNMETt,-0.001624505,0.812399153,1,Unchanged
PHEASPr,0,1,1,Unchanged
PHEASPt,0,1,1,Unchanged
PHEATB0tc,-4.313370136,0.190031477,1,Unchanged
PHEGLNPHEr,0,1,1,Unchanged
PHEGLNPHEt,0,1,1,Unchanged
PHELEUASPr,0,1,1,Unchanged
PHELEUASPt,0,1,1,Unchanged
PHELEUHISr,0,1,1,Unchanged
PHELEUHISt,0,1,1,Unchanged
PHELEUr,0,1,1,Unchanged
PHELEUt,0,1,1,Unchanged
PHELYSALAr,0,1,1,Unchanged
PHELYSALAt,0,1,1,Unchanged
PHELYSPROr,0,1,1,Unchanged
PHELYSPROt,0,1,1,Unchanged
PHEMEtabc,0,1,1,Unchanged
PHEMEte,1.09E-05,0.796430303,1,Unchanged
PHEMEteir,0,1,1,Unchanged
PHEMEtm,0.050100723,0.292562729,1,Unchanged
PHEOX,5.019021531,0.326945554,1,Unchanged
PHEPHEASNr,0,1,1,Unchanged
PHEPHEASNt,0,1,1,Unchanged
PHEPHEr,0,1,1,Unchanged
PHEPHEt,0,1,1,Unchanged
PHEPHETHRr,0,1,1,Unchanged
PHEPHETHRt,0,1,1,Unchanged
PHEPROARGr,0,1,1,Unchanged
PHEPROARGt,0,1,1,Unchanged
PHESERTRPr,0,1,1,Unchanged
PHESERTRPt,0,1,1,Unchanged
PHEt2m,-4.530139046,0.003273083,0.153477852,Unchanged
PHEt4,0.337969348,0.502398167,1,Unchanged
PHEt4m,9.283352514,0.084845585,1,Unchanged
PHEtec,0,1,1,Unchanged
PHETHPTOX,6.87E-05,0.812399153,1,Unchanged
PHETHPTOX2,0,1,1,Unchanged
PHETHRLYSr,0,1,1,Unchanged
PHETHRLYSt,0,1,1,Unchanged
PHETRAH,0,1,1,Unchanged
PHETRAHm,0,1,1,Unchanged
PHETRPLEUr,0,1,1,Unchanged
PHETRPLEUt,0,1,1,Unchanged
PHETRS,0.227835392,0.243605156,1,Unchanged
PHETRSm,0,1,1,Unchanged
PHETYRGLNr,0,1,1,Unchanged
PHETYRGLNt,0,1,1,Unchanged
PHETYRLYSr,0,1,1,Unchanged
PHETYRLYSt,0,1,1,Unchanged
PHETYRr,0,1,1,Unchanged
PHETYRt,0,1,1,Unchanged
PHEyLATthc,0.004182495,0.635026324,1,Unchanged
PHLAC,0.018607204,0.19710329,1,Unchanged
PHLACHt,-0.018370269,0.19710329,1,Unchanged
PHYCBOXL,1.060735945,0.57738087,1,Unchanged
PHYQt,0,1,1,Unchanged
PI345P3P,8.576766753,0.991766945,1,Unchanged
PI345P3Pn,0,1,1,Unchanged
PI345P5P,0,1,1,Unchanged
PI345P5Pn,0,1,1,Unchanged
PI34P3P,0,1,1,Unchanged
PI34P3Pn,0,1,1,Unchanged
PI34P4P,0,1,1,Unchanged
PI34P4Pn,0,1,1,Unchanged
PI34P5K,-0.000426139,0.796430303,1,Unchanged
PI34P5Kn,0,1,1,Unchanged
PI35P3P,0,1,1,Unchanged
PI35P4P,0.099974923,0.009036948,0.269436869,Unchanged
PI3P3Pn,0,1,1,Unchanged
PI3P4K,0,1,1,Unchanged
PI3P4Kn,0,1,1,Unchanged
PI3P5K,0.099974923,0.009036948,0.269436869,Unchanged
PI3PP,-0.000631135,0.796430303,1,Unchanged
PI45P3K,0.154192829,0.812399153,1,Unchanged
PI45P3Kn,0,1,1,Unchanged
PI45P4P,0,1,1,Unchanged
PI45P5P,0,1,1,Unchanged
PI45P5Pn,0,1,1,Unchanged
PI45PLC,-5.302036167,0.046423093,0.790265063,Unchanged
PI4P3K,-0.000426139,0.796430303,1,Unchanged
PI4P3Kn,0,1,1,Unchanged
PI4P4Pn,0,1,1,Unchanged
PI4P5K,-4.160218585,0.476467048,1,Unchanged
PI4P5Kn,0,1,1,Unchanged
PI4PLC,-2.71491449,0.09459463,1,Unchanged
PI4PP,0,1,1,Unchanged
PI5P3K,0,1,1,Unchanged
PI5P4K,-5.553520519,0.414966878,1,Unchanged
PI5P4Kn,0,1,1,Unchanged
PIATPLtm,7.092088949,0.081180876,1,Unchanged
PIGTHRDLtm,17.95326966,0.124171081,1,Unchanged
PIK3,-0.000631135,0.796430303,1,Unchanged
PIK3n,0,1,1,Unchanged
PIK4,-2.963046757,0.160510979,1,Unchanged
PIK4n,-9.31E-05,0.605896755,1,Unchanged
PIK5,-5.553520519,0.414966878,1,Unchanged
PIK5n,0,1,1,Unchanged
PIMALtm,0.010058595,0.438984574,1,Unchanged
PIPLC,-1.609125825,0.004544463,0.192133947,Unchanged
PIt2e,0,1,1,Unchanged
PIt2m,0.215073874,0.154448596,1,Unchanged
PIt2m_2,-4.019480399,0.134595247,1,Unchanged
PIt2r,0,1,1,Unchanged
Pit4,0.019851462,0.812399153,1,Unchanged
PIt7,0.025172634,0.057609604,0.928594806,Unchanged
PIt9,14.47513508,0.265095171,1,Unchanged
Pite,0,1,1,Unchanged
PIter,0.171862344,1,1,Unchanged
PItg,0.006196786,0.749057473,1,Unchanged
PItn,0.026266387,0.154448596,1,Unchanged
PItx,-0.040597719,0.190031477,1,Unchanged
PLA2,0.781166626,0.828446407,1,Unchanged
PLA2_2,-0.276930593,0.844565583,1,Unchanged
PLA2_2e,3.604956736,0.342453593,1,Unchanged
PLA2_3,0.000591146,0.812399153,1,Unchanged
PLA2_4,0,1,1,Unchanged
PLA2_5,0.001383757,0.635026324,1,Unchanged
PLA2_6,0.000344527,0.635026324,1,Unchanged
PLA2_7,5.263548463,0.812399153,1,Unchanged
PLA2_8,1.063836932,0.991766945,1,Unchanged
PLMCOAPTr,-3.629083986,0.967076544,1,Unchanged
PMANM,-0.079322121,0.926007565,1,Unchanged
PMEVKc,1.671070426,0.5564176,1,Unchanged
PMEVKx,0,1,1,Unchanged
PMI12346PH,0,1,1,Unchanged
PMI12346PHn,0,1,1,Unchanged
PMTCOAPTp,0,1,1,Unchanged
PMTCOAtxc,0,1,1,Unchanged
PNP,6.611737684,0.796430303,1,Unchanged
PNTEH,0,1,1,Unchanged
PNTK,6.475573127,0.000100169,0.018861851,Unchanged
PNTOt1,6.475573127,0.000100169,0.018861851,Unchanged
PNTOt2e,0,1,1,Unchanged
PNTOt5,0,1,1,Unchanged
PNTOte,0,1,1,Unchanged
POCDPRBTLT2g,3.732166442,0.096648237,1,Unchanged
POCDPRBTLTg,3.732166442,0.096648237,1,Unchanged
POGLCNACTg,3.732166442,0.096648237,1,Unchanged
POGLUTr,0,1,1,Unchanged
POMGNGALNTr,3.732166442,0.096648237,1,Unchanged
POMGNT2g,6.69E-05,0.812399153,1,Unchanged
POMGNTr,3.732166442,0.096648237,1,Unchanged
POMKr,3.732166442,0.096648237,1,Unchanged
POXYLTg,3.732166442,0.096648237,1,Unchanged
PPA,6.34496478,0.269545314,1,Unchanged
PPABHBte,0,1,1,Unchanged
PPABUTte,0,1,1,Unchanged
PPAer,0.35368027,0.613123029,1,Unchanged
PPALACte,0,1,1,Unchanged
PPAm,15.35539136,0.000211854,0.023249886,Unchanged
PPAn,0.000210736,0.342453593,1,Unchanged
PPAPA,0.005237873,0.017628931,0.441407884,Unchanged
PPARETNte,0,1,1,Unchanged
PPAt,0,1,1,Unchanged
PPBNGS,0.050103109,0.292562729,1,Unchanged
PPCAOAabcp,0.001187547,0.812399153,1,Unchanged
PPCDC,6.475573127,0.000100169,0.018861851,Unchanged
PPCDCm,0,1,1,Unchanged
PPCOACm,0,1,1,Unchanged
PPCOACRNtm,-1.784344774,0.975304341,1,Unchanged
PPCOAOm,-0.002964187,0.605896755,1,Unchanged
PPCOAtm,-9.41E-05,0.796430303,1,Unchanged
PPD2CSPp,6.71E-05,0.812399153,1,Unchanged
PPDOx,-5.66592286,0.605896755,1,Unchanged
PPDOy,0.152023151,0.620387104,1,Unchanged
PPIOGLYc,-3.207116961,0.006247914,0.210450618,Unchanged
PPIOGLYte,-3.207116961,0.006247914,0.210450618,Unchanged
PPIOGLYtm,-3.207116961,0.006247914,0.210450618,Unchanged
PPIPItr,1.294219226,0.176451736,1,Unchanged
PPItn,12.26329716,0.438984574,1,Unchanged
PPItx,2.571431483,0.657253813,1,Unchanged
PPM,-0.756683343,0.56336398,1,Unchanged
PPM2,0.20159726,0.397474332,1,Unchanged
PPMI12346Ptn,0,1,1,Unchanged
PPNCL2,4.576090711,0.476467048,1,Unchanged
PPNCL3,0.000660211,0.00203335,0.110400209,Unchanged
PPOR,-0.012353932,0.302128926,1,Unchanged
PPPG9tm,0.050100723,0.292562729,1,Unchanged
PPPGOm,0.050099336,0.292562729,1,Unchanged
PPROTPH,0.04292059,0.605896755,1,Unchanged
PRAGS,4.373157475,0.000140304,0.018861851,Unchanged
PRAIS,4.373157475,0.000140304,0.018861851,Unchanged
PRASCS,4.373157475,0.000140304,0.018861851,Unchanged
PRDX,-0.895278103,0.57738087,1,Unchanged
PRDXl,-3.852148813,0.403255172,1,Unchanged
PRFGS,4.373157475,0.000140304,0.018861851,Unchanged
PRGNLONESULT,0.00186047,0.812399153,1,Unchanged
PRGNLONEtm,-0.306053497,0.302128926,1,Unchanged
PRGNLONEtr,0,1,1,Unchanged
PRGSTRNt,-0.306053497,0.302128926,1,Unchanged
PRISTANALtx,4.924256179,0.627688399,1,Unchanged
PRISTCOAtcx,-2.745579851,0.391743746,1,Unchanged
PRO_Dtde,-2.75746792,0.476467048,1,Unchanged
PRO1x,0,1,1,Unchanged
PRO1xm,0,1,1,Unchanged
PROAKGOX1m,-0.060076895,0.157457679,1,Unchanged
PROARGASPr,0,1,1,Unchanged
PROARGASPt,0,1,1,Unchanged
PROARGCYSr,0,1,1,Unchanged
PROARGCYSt,0,1,1,Unchanged
PROASNCYSr,0,1,1,Unchanged
PROASNCYSt,0,1,1,Unchanged
PROCYSr,0,1,1,Unchanged
PROCYSt,0,1,1,Unchanged
PROD2,0,1,1,Unchanged
PROD2m,0.000247116,0.812399153,1,Unchanged
PRODt2r,-2.75746792,0.476467048,1,Unchanged
PROGLNPROr,0,1,1,Unchanged
PROGLNPROt,0,1,1,Unchanged
PROGLULYSr,0,1,1,Unchanged
PROGLULYSt,0,1,1,Unchanged
PROGLUtm,-1.148366919,0.54951325,1,Unchanged
PROHISr,0,1,1,Unchanged
PROHISt,0,1,1,Unchanged
PROHISTYRr,0,1,1,Unchanged
PROHISTYRt,0,1,1,Unchanged
PROIMINOtc,0,1,1,Unchanged
PROLEUARGr,0,1,1,Unchanged
PROLEUARGt,0,1,1,Unchanged
PROLYSPROr,0,1,1,Unchanged
PROLYSPROt,0,1,1,Unchanged
PROPHEr,0,1,1,Unchanged
PROPHEt,0,1,1,Unchanged
PROPROARGr,0,1,1,Unchanged
PROPROARGt,0,1,1,Unchanged
PROPROPROr,0,1,1,Unchanged
PROPROPROt,0,1,1,Unchanged
PROSTA2I,6.75E-05,0.812399153,1,Unchanged
PROSTC2I,0,1,1,Unchanged
PROSTE2S,0,1,1,Unchanged
PROSTGA2S,-9.71E-05,0.812399153,1,Unchanged
PROSTGA2t5e,-2.97E-05,0.812399153,1,Unchanged
PROSTGB2t5e,0,1,1,Unchanged
PROSTGC2t5e,-6.75E-05,0.812399153,1,Unchanged
PROSTGD2t,3.99779603,0.635026324,1,Unchanged
PROSTGE1t,2.383865892,0.812399153,1,Unchanged
PROSTGE1t3,0,1,1,Unchanged
PROSTGE2t,0.001141182,0.812399153,1,Unchanged
PROSTGE2t2,0,1,1,Unchanged
PROSTGE2t3,0.001141182,0.812399153,1,Unchanged
PROSTGF2t,0,1,1,Unchanged
PROSTGH2t5e,2.288612027,0.812399153,1,Unchanged
PROSTGI2tr,0,1,1,Unchanged
PROSTI2t5e,1.950278599,0.812399153,1,Unchanged
PROt2r,-0.802591752,0.227317352,1,Unchanged
PROt4,0.721179818,0.332063432,1,Unchanged
PROtm,-0.984969337,0.438984574,1,Unchanged
PROTRAH,0,1,1,Unchanged
PROTRAHm,0,1,1,Unchanged
PROTRPLYSr,0,1,1,Unchanged
PROTRPLYSt,0,1,1,Unchanged
PROTRPTHRr,0,1,1,Unchanged
PROTRPTHRt,0,1,1,Unchanged
PROTRS,0.227832616,0.243605156,1,Unchanged
PROTRSm,0,1,1,Unchanged
PROVALGLNr,0,1,1,Unchanged
PROVALGLNt,0,1,1,Unchanged
PRPNCOAHYDm,-0.002964187,0.605896755,1,Unchanged
PRPPS,4.311374777,0.000100169,0.018861851,Unchanged
PRSDO,0,1,1,Unchanged
PSDm_hs,2.734672594,0.058980576,0.936067113,Unchanged
PSERT,0,1,1,Unchanged
PSFLIP,0.000977612,0.812399153,1,Unchanged
PSFLIPm,2.734672594,0.058980576,0.936067113,Unchanged
PSP_L,0,1,1,Unchanged
PSPPSr,2.522845808,0.489340116,1,Unchanged
PSSA1_hs,1.867664983,0.227317352,1,Unchanged
PSSA2_hs,-1.578022685,0.074236954,1,Unchanged
PSt3,-0.000978275,0.812399153,1,Unchanged
PTCCL,0,1,1,Unchanged
PTCRTD,0,1,1,Unchanged
PTE4x,0.004560403,0.342453593,1,Unchanged
PTGFS,0,1,1,Unchanged
PTPAT,6.475573127,0.000100169,0.018861851,Unchanged
PTPATm,0,1,1,Unchanged
PTRCOR,0,1,1,Unchanged
PTRCOX1,0,1,1,Unchanged
PTRCtm,0,1,1,Unchanged
PTTHtm,0,1,1,Unchanged
PTYRK,0.828539445,0.024480979,0.544279696,Unchanged
PTYRPPH,0.828539445,0.024480979,0.544279696,Unchanged
PUNP1,0,1,1,Unchanged
PUNP2,0.002352677,0.812399153,1,Unchanged
PUNP3,0,1,1,Unchanged
PUNP4,0,1,1,Unchanged
PUNP5,0,1,1,Unchanged
PUNP6,0,1,1,Unchanged
PUNP7,0,1,1,Unchanged
PVD3,3.25701404,0.515638218,1,Unchanged
PYDAMK,0,1,1,Unchanged
PYDX5Pte,0,1,1,Unchanged
PYDXDH,0,1,1,Unchanged
PYDXK,0,1,1,Unchanged
PYDXNK,0,1,1,Unchanged
PYDXNO,0,1,1,Unchanged
PYDXNtr,0,1,1,Unchanged
PYDXPP,0,1,1,Unchanged
PYDXtr,0,1,1,Unchanged
PYK,0.151114016,0.235361541,1,Unchanged
PYK2,0.19406482,0.515638218,1,Unchanged
PYK4,1.185513541,0.502398167,1,Unchanged
PYK5,9.734549363,0.489340116,1,Unchanged
PYK6,0.026791437,0.991766945,1,Unchanged
PYK7,0.400696202,0.142847865,1,Unchanged
PYNP2r,-10.76485142,0.764753242,1,Unchanged
PYRACte,0,1,1,Unchanged
PYRAKGte,0,1,1,Unchanged
PYRBHBte,0,1,1,Unchanged
PYRBUTte,0,1,1,Unchanged
PYRFORte,0,1,1,Unchanged
PYRLACte,0,1,1,Unchanged
PYRPPAte,0,1,1,Unchanged
PYRRETNte,0,1,1,Unchanged
PYRt2m,-0.00045833,0.796430303,1,Unchanged
PYRt2p,3.907838447,0.812399153,1,Unchanged
PYRt2r,-2.659644208,0.95885225,1,Unchanged
PYRt4_2,0,1,1,Unchanged
Q10H2e,-3.417230523,0.124171081,1,Unchanged
q10h2tc,-4.469915586,0.476467048,1,Unchanged
q10tm,-4.465803122,0.04104057,0.740165241,Unchanged
QUILSYN,0,1,1,Unchanged
R5Ptr,-4.898464604,2.67E-08,3.10E-05,Down-regulated
RADH,0.231881395,0.860750109,1,Unchanged
RADH2,-0.540767937,0.733464976,1,Unchanged
RADH3,-0.221281291,0.54951325,1,Unchanged
RADH4,0.160088594,0.934209122,1,Unchanged
RAI1,-1.302896087,0.975304341,1,Unchanged
RAI2,7.057161183,0.613123029,1,Unchanged
RAI3,-0.080682435,0.77263797,1,Unchanged
RBFK,0,1,1,Unchanged
RBT5PCYTr,3.732171353,0.096648237,1,Unchanged
RBT5PDH,3.732171353,0.096648237,1,Unchanged
RDH1,0.971632784,0.126716125,1,Unchanged
RDH2,2.719058381,0.796430303,1,Unchanged
RDH3a,1.039575269,0.672243983,1,Unchanged
RDH4,-0.080682435,0.77263797,1,Unchanged
RETFA,-0.586408575,0.4958462,1,Unchanged
RETH1,-0.324414965,0.02383277,0.534475765,Unchanged
RETH2,-0.402913502,0.227317352,1,Unchanged
RETHc,-0.356639703,0.326945554,1,Unchanged
RETI1,-1.302896087,0.975304341,1,Unchanged
RETI2,7.057161183,0.613123029,1,Unchanged
RETI3,-0.080682435,0.77263797,1,Unchanged
RETNt,0,1,1,Unchanged
RIBFLVt3,0,1,1,Unchanged
RIBFLVt4,0,1,1,Unchanged
RIBFLVt6,0,1,1,Unchanged
RIBFLVte,0,1,1,Unchanged
RIBt,0,1,1,Unchanged
RIBt2,0,1,1,Unchanged
RND213,0,1,1,Unchanged
RND214,0,1,1,Unchanged
RNDR1,7.913965334,0.051146231,0.862131571,Unchanged
RNDR2,2.541563648,0.119200799,1,Unchanged
RNDR3,6.450003678,0.027228906,0.595113116,Unchanged
RNDR4,-6.805329395,0.991766945,1,Unchanged
RNMK,-0.656502208,0.780546241,1,Unchanged
RPE,-0.537670228,0.012888778,0.357421063,Unchanged
RPI,-0.152329008,1.23E-08,3.10E-05,Unchanged
RPIr,-4.898464604,2.67E-08,3.10E-05,Down-regulated
Rtotalcoatx,0.781166626,0.828446407,1,Unchanged
RTOTALCRNCPT1,0.297955388,0.179776871,1,Unchanged
RTOTALCRNCPT2,0.297955388,0.179776871,1,Unchanged
RTOTALCRNt,0.297955388,0.179776871,1,Unchanged
RTOTALFATPc,0.047803308,2.97E-09,1.53E-05,Unchanged
Rtotalt,-0.034091172,1.16E-05,0.004263744,Unchanged
Rtotaltl,-0.000142298,0.812399153,1,Unchanged
Rtotaltm,0.003689801,0.438984574,1,Unchanged
Rtotaltp,0.781166626,0.828446407,1,Unchanged
RU5Ptr,-4.200532073,0.828446407,1,Unchanged
S23T2g,5.70E-06,0.812399153,1,Unchanged
S23T3g,2.29E-06,0.812399153,1,Unchanged
S23T4g,2.29E-05,0.812399153,1,Unchanged
S23Tg,0,1,1,Unchanged
S26Tg,0.000493896,0.342453593,1,Unchanged
S2L2FN2M2MASNt,0.000493896,0.342453593,1,Unchanged
S2L2FN2M2MASNtly,0,1,1,Unchanged
S2L2N2M2MASNtly,0.00010429,0.476467048,1,Unchanged
S6T10g,2.29E-06,0.812399153,1,Unchanged
S6T11g,2.29E-06,0.812399153,1,Unchanged
S6T12g,2.29E-06,0.812399153,1,Unchanged
S6T13g,2.29E-06,0.812399153,1,Unchanged
S6T14g,2.29E-06,0.812399153,1,Unchanged
S6T15g,2.29E-06,0.812399153,1,Unchanged
S6T16g,2.29E-05,0.812399153,1,Unchanged
S6T17g,2.29E-05,0.812399153,1,Unchanged
S6T18g,2.29E-05,0.812399153,1,Unchanged
S6T1g,5.70E-06,0.812399153,1,Unchanged
S6T2g,5.70E-06,0.812399153,1,Unchanged
S6T3g,5.70E-06,0.812399153,1,Unchanged
S6T4g,2.29E-06,0.812399153,1,Unchanged
S6T5g,2.29E-06,0.812399153,1,Unchanged
S6T6g,2.29E-06,0.812399153,1,Unchanged
S6T7g,2.29E-06,0.812399153,1,Unchanged
S6T8g,2.29E-06,0.812399153,1,Unchanged
S6T9g,2.29E-06,0.812399153,1,Unchanged
S6TASE10ly,2.29E-06,0.812399153,1,Unchanged
S6TASE11ly,2.29E-06,0.812399153,1,Unchanged
S6TASE12ly,2.29E-06,0.812399153,1,Unchanged
S6TASE13ly,2.29E-06,0.812399153,1,Unchanged
S6TASE14ly,2.29E-06,0.812399153,1,Unchanged
S6TASE15ly,2.29E-06,0.812399153,1,Unchanged
S6TASE16ly,2.29E-06,0.812399153,1,Unchanged
S6TASE17ly,2.29E-06,0.812399153,1,Unchanged
S6TASE18ly,2.29E-06,0.812399153,1,Unchanged
S6TASE19ly,2.29E-06,0.812399153,1,Unchanged
S6TASE20ly,2.29E-06,0.812399153,1,Unchanged
S6TASE21ly,2.29E-06,0.812399153,1,Unchanged
S6TASE22ly,5.70E-06,0.812399153,1,Unchanged
S6TASE23ly,5.70E-06,0.812399153,1,Unchanged
S6TASE24ly,2.86E-05,0.635026324,1,Unchanged
S6TASE25ly,2.29E-05,0.812399153,1,Unchanged
S6TASE26ly,2.29E-05,0.812399153,1,Unchanged
SACCD2,0,1,1,Unchanged
SACCD4m,0,1,1,Unchanged
SADT,1.658756038,0.183148353,1,Unchanged
SALMCOM,0.021303145,0.502398167,1,Unchanged
SALMCOM2,0.000710019,0.812399153,1,Unchanged
SAMHISTA,-0.131373233,0.409086084,1,Unchanged
SAML,0,1,1,Unchanged
SARCOXp,0,1,1,Unchanged
SARCStm,0,1,1,Unchanged
SARCStp,0,1,1,Unchanged
SARDHm,0,1,1,Unchanged
SAT1,0,1,1,Unchanged
SBCOAACOTx,0,1,1,Unchanged
SBPP1,0,1,1,Unchanged
SBPP1er,0,1,1,Unchanged
SBPP3er,0,1,1,Unchanged
SBT_Dtde,0.222334269,0.000891669,0.058964445,Unchanged
SBTD_D2,0.001909933,0.812399153,1,Unchanged
SBTR,0.223971575,0.000891669,0.058964445,Unchanged
SCP2x,2.195158831,0.967076544,1,Unchanged
SCPx,3.57889663,0.967076544,1,Unchanged
SE1,0,1,1,Unchanged
SE10,-5.355495454,0.176451736,1,Unchanged
SE3,0,1,1,Unchanged
SE4,-0.002256011,0.796430303,1,Unchanged
SE6,0,1,1,Unchanged
SE8,0,1,1,Unchanged
SEAHCYSHYD,0,1,1,Unchanged
SEAHCYStn,0,1,1,Unchanged
SEASMETtn,0,1,1,Unchanged
SEBACACT,0,1,1,Unchanged
SEBACIDTD,0,1,1,Unchanged
SEBCOACROT,0,1,1,Unchanged
SEBCOAPET,0,1,1,Unchanged
SELMETAT,0,1,1,Unchanged
Ser/Thrtg,-3.43E-05,0.635026324,1,Unchanged
SER_Lt1e,0,1,1,Unchanged
SER_Lte,0,1,1,Unchanged
SERALANaEx,11.32863559,0.598708851,1,Unchanged
SERARGALAr,0,1,1,Unchanged
SERARGALAt,0,1,1,Unchanged
SERARGTRPr,0,1,1,Unchanged
SERARGTRPt,0,1,1,Unchanged
SERASNNaEx,0.000376325,0.812399153,1,Unchanged
SERATB0tc,-0.010428762,0.070951492,1,Unchanged
SERCYSARGr,0,1,1,Unchanged
SERCYSARGt,0,1,1,Unchanged
SERCYSNaEx,18.32382873,0.796430303,1,Unchanged
SERDGLNexR,0,1,1,Unchanged
SERDGLYexR,0,1,1,Unchanged
SERGLNexR,0.015054104,0.235361541,1,Unchanged
SERGLNNaEx,0,1,1,Unchanged
SERGLYexR,1.771988939,0.796430303,1,Unchanged
SERGLYGLUr,0,1,1,Unchanged
SERGLYGLUt,0,1,1,Unchanged
SERHL,0,1,1,Unchanged
SERLYSHISr,0,1,1,Unchanged
SERLYSHISt,0,1,1,Unchanged
SERLYSNaex,0,1,1,Unchanged
SERPHELYSr,0,1,1,Unchanged
SERPHELYSt,0,1,1,Unchanged
SERPT,0.411838122,0.717981667,1,Unchanged
SERR,0,1,1,Unchanged
SERt4,1.768776702,0.620387104,1,Unchanged
SERTHRNaEx,4.208651871,0.476467048,1,Unchanged
SERTm,6.570697983,0.489340116,1,Unchanged
SERtN1,0,1,1,Unchanged
SERtp,0.890817225,0.063256863,0.954031876,Unchanged
SERTRAH,0,1,1,Unchanged
SERTRAHm,0,1,1,Unchanged
SERTRPHISr,0,1,1,Unchanged
SERTRPHISt,0,1,1,Unchanged
SERTRS,0.227830376,0.243605156,1,Unchanged
SERTRSm,0,1,1,Unchanged
SFCYSc,-6.78E-05,0.796430303,1,Unchanged
SFCYSe,-6.78E-05,0.796430303,1,Unchanged
SFGTH,0,1,1,Unchanged
SGALSIDEtg,-1.86E-06,0.812399153,1,Unchanged
SGALSIDEtl,1.86E-06,0.812399153,1,Unchanged
SGPL11,0,1,1,Unchanged
SGPL12r,0.00185082,0.235361541,1,Unchanged
SIAACTE,0,1,1,Unchanged
SIAASE2ly,2.29E-06,0.812399153,1,Unchanged
SIAASE3ly,5.70E-06,0.812399153,1,Unchanged
SIAASE4ly,2.29E-05,0.812399153,1,Unchanged
SIAASEly,0.00010429,0.476467048,1,Unchanged
SIAOACET,0,1,1,Unchanged
SIAT4Bg,0,1,1,Unchanged
SIAT9g,0.000119916,0.476467048,1,Unchanged
SK_Asn_X_Ser/Thr[r],-0.11842039,0.414966878,1,Unchanged
SK_Ser/Thr[g],-0.492356627,0.725709308,1,Unchanged
SK_Ser/Thr[r],3.874708324,0.096648237,1,Unchanged
SLCBK1,0,1,1,Unchanged
SLDt,0,1,1,Unchanged
SLDx,0,1,1,Unchanged
SMOX,0,1,1,Unchanged
SMPD3g,0,1,1,Unchanged
SMPD3l,0.000142284,0.812399153,1,Unchanged
SMPD4,0.001655359,0.476467048,1,Unchanged
SMPDE,0,1,1,Unchanged
SMPDEe,0.000707784,0.635026324,1,Unchanged
SPHMYLN_HsATPte,0,1,1,Unchanged
EX_sphmyln_hs(e),0,1,1,Unchanged
EX_cholp(e),0,1,1,Unchanged
CHOLPtr,0.000707784,0.635026324,1,Unchanged
SMS,5.626983281,0.109729077,1,Unchanged
SMS21e,0.000707784,0.635026324,1,Unchanged
SO3AKGtm,0.001151305,0.605896755,1,Unchanged
SO3MALtm,-0.001218115,1,1,Unchanged
SO4AKGtm,0.008831961,0.438984574,1,Unchanged
SO4CLtex,-17.11165616,0.297320109,1,Unchanged
SO4CLtex2,-15.71496258,0.876993331,1,Unchanged
SO4HCOtex,14.66843297,0.145683374,1,Unchanged
SO4MALtm,-0.008778221,0.438984574,1,Unchanged
SO4OXAtex2,-3.44837556,0.844565583,1,Unchanged
SO4t4_2,-0.000364417,0.796430303,1,Unchanged
SO4t4_3,-1.302362891,0.717981667,1,Unchanged
SO4tabc,0,1,1,Unchanged
SO4tl,0.00011519,0.342453593,1,Unchanged
SOAT1,0,1,1,Unchanged
SOAT2,0,1,1,Unchanged
SOAT3,-0.002256011,0.796430303,1,Unchanged
SOAT4,0,1,1,Unchanged
SOAT5,0,1,1,Unchanged
SOAT6,-5.355495454,0.176451736,1,Unchanged
SPAm,0,1,1,Unchanged
SPC_HSt,0,1,1,Unchanged
SPH1Pte,0,1,1,Unchanged
SPH1Ptr,0,1,1,Unchanged
SPHGNtr,0,1,1,Unchanged
SPHINGStl,-0.000142298,0.812399153,1,Unchanged
SPHINGStr,0,1,1,Unchanged
SPHK21c,0.002012993,0.235361541,1,Unchanged
SPHMDAc,0.001655359,0.476467048,1,Unchanged
SPHMYLNtg,0,1,1,Unchanged
SPHMYLNtl,0.000142284,0.812399153,1,Unchanged
SPHS1Pte,0.000162381,0.476467048,1,Unchanged
SPHS1Ptr,0.00185082,0.235361541,1,Unchanged
SPMDOX,0,1,1,Unchanged
SPMDSH,0,1,1,Unchanged
SPMS,0,1,1,Unchanged
SPMTDe,0,1,1,Unchanged
SPODM,0,1,1,Unchanged
SPODMe,0,1,1,Unchanged
SPODMm,0,1,1,Unchanged
SPODMn,3.236753711,0.909628882,1,Unchanged
SPODMx,0.001968794,0.635026324,1,Unchanged
SPON2,0,1,1,Unchanged
SPONT1,0,1,1,Unchanged
SPPL,0,1,1,Unchanged
SPRMNAA,0,1,1,Unchanged
SPRMS,0,1,1,Unchanged
SPRMTDe,0,1,1,Unchanged
SPTx,0.890817225,0.063256863,0.954031876,Unchanged
SQLEr,2.522845808,0.489340116,1,Unchanged
SQLSr,2.522845808,0.489340116,1,Unchanged
SQOR2m,0,1,1,Unchanged
SQORm,-0.005487352,0.796430303,1,Unchanged
SRTNtu,4.160912804,0.812399153,1,Unchanged
SSALxm,0,1,1,Unchanged
SSALym,2.831308571,0.204365872,1,Unchanged
ST3GAL21g,8.20E-05,0.635026324,1,Unchanged
ST3GAL22g,1.02E-05,0.635026324,1,Unchanged
ST3GAL23g,2.01E-05,0.635026324,1,Unchanged
ST3GAL31g,-0.442944585,0.297320109,1,Unchanged
ST3GAL61g,-0.787312132,0.072579006,1,Unchanged
ST3GAL62g,0,1,1,Unchanged
ST6GALGNFTg,0,1,1,Unchanged
ST6GALNAC21,0,1,1,Unchanged
ST6GALNAC22,0,1,1,Unchanged
ST6GALNAC23,1.13E-05,0.812399153,1,Unchanged
ST6GALNAC24,1.13E-05,0.812399153,1,Unchanged
ST6GALNAC25,0,1,1,Unchanged
ST6GALNAC26,0,1,1,Unchanged
ST6GALNAC27,8.96E-05,0.476467048,1,Unchanged
ST6GALNAC28,2.40E-05,0.812399153,1,Unchanged
ST6GALNAC31,0,1,1,Unchanged
ST6GALNAC62,0,1,1,Unchanged
ST8SIA11,0,1,1,Unchanged
ST8SIA12,0.000109681,0.476467048,1,Unchanged
ST8SIA51g,8.96E-05,0.476467048,1,Unchanged
ST8SIA52g,2.01E-05,0.635026324,1,Unchanged
ST8SIA53g,1.02E-05,0.635026324,1,Unchanged
ST8SIA54g,8.20E-05,0.635026324,1,Unchanged
ST8SIA55g,6.56E-05,0.635026324,1,Unchanged
ST8SIA56g,0,1,1,Unchanged
STCOATxc,0,1,1,Unchanged
STPK,0.04292059,0.605896755,1,Unchanged
STRDNCabc,0,1,1,Unchanged
STRDNCCRNtr,0,1,1,Unchanged
STRDNCt,0,1,1,Unchanged
STRDNCtl,0,1,1,Unchanged
STRDNCtr,0,1,1,Unchanged
STS1,0.002584609,0.476467048,1,Unchanged
STS2,0,1,1,Unchanged
STS3,0,1,1,Unchanged
STS4,0.00186047,0.812399153,1,Unchanged
SUBEACTD,0,1,1,Unchanged
SUBERCACT,0,1,1,Unchanged
SUBERCROT,0,1,1,Unchanged
SUBERICACT,0,1,1,Unchanged
SUCACETATALTc,0,1,1,Unchanged
SUCACETATc,0,1,1,Unchanged
SUCACETOc,0,1,1,Unchanged
SUCACETOte,0,1,1,Unchanged
SUCCACONtm,6.8204221,0.227317352,1,Unchanged
SUCCICITtm,-0.008122962,0.635026324,1,Unchanged
SUCCt2m,-0.219023735,0.812399153,1,Unchanged
SUCCt4_2,-0.386040234,0.812399153,1,Unchanged
SUCCt4_3,-0.384097914,0.151483404,1,Unchanged
SUCD1m,0,1,1,Unchanged
SUCGT,0,1,1,Unchanged
SUCOASm,-7.43E-05,0.796430303,1,Unchanged
SULFOX,0,1,1,Unchanged
SULOm,0,1,1,Unchanged
T4HCINNMFM,-2.500615347,0.005507389,0.198651148,Unchanged
TAGt,0.317018315,0.129301593,1,Unchanged
TALA,-1.950956478,0.764753242,1,Unchanged
TAUBETAtc,0,1,1,Unchanged
TAUPAT1c,0,1,1,Unchanged
TAURCHAe,-1.019260611,0.19710329,1,Unchanged
TAURt4_2_r,0,1,1,Unchanged
TAURtp,0,1,1,Unchanged
TCHOLAabc,-0.040597719,0.190031477,1,Unchanged
TCHOLAt,4.478509119,0.126716125,1,Unchanged
TCHOLAt2,-1.797306031,0.975304341,1,Unchanged
TCHOLAt3,0,1,1,Unchanged
TCHOLAtx,-0.040597719,0.190031477,1,Unchanged
TD2GLTRCOAm,6.71E-05,0.812399153,1,Unchanged
TDCHOLabc,0,1,1,Unchanged
TDCHOLabcx,0,1,1,Unchanged
TDCHOLAte,0,1,1,Unchanged
TDCHOLAtx,0,1,1,Unchanged
TDP,0,1,1,Unchanged
TDPm,0,1,1,Unchanged
TECR180,-1.186546065,0.030239021,0.62639707,Unchanged
TECR181,-9.32E-05,0.796430303,1,Unchanged
TECR200,-1.456588974,0.163608814,1,Unchanged
TECR201,0.455040834,0.702613328,1,Unchanged
TECR2031,-0.000950359,0.796430303,1,Unchanged
TECR220,-1.599338648,0.157457679,1,Unchanged
TECR221,0.455040834,0.702613328,1,Unchanged
TECR224,5.088211914,0.642400278,1,Unchanged
TECR240,-1.599338648,0.157457679,1,Unchanged
TECR241,1.703856018,0.844565583,1,Unchanged
TECR244,-8.08E-05,0.796430303,1,Unchanged
TECR260,-1.599338648,0.157457679,1,Unchanged
TETPENT6COAtr,0,1,1,Unchanged
TETPENT6COAtx,0,1,1,Unchanged
TETPENT6CPT1,0,1,1,Unchanged
TETPENT6CPT2,0,1,1,Unchanged
TETPENT6CRNt,0,1,1,Unchanged
TETTET6COAtx,0,1,1,Unchanged
TETTET6CPT1,0,1,1,Unchanged
TETTET6CPT2,0,1,1,Unchanged
TETTET6CRNt,0,1,1,Unchanged
THBPT4ACAMDASE,0.348003866,0.476467048,1,Unchanged
THCHOLSTOICATP,0,1,1,Unchanged
THCHOLSTOICt,0,1,1,Unchanged
THCHOLSTOICtm,3.57889663,0.967076544,1,Unchanged
THD1m,0,1,1,Unchanged
THDm,0.004656375,0.635026324,1,Unchanged
THFAT,0,1,1,Unchanged
THFt2,0.020128676,0.19710329,1,Unchanged
THFtl,0,1,1,Unchanged
THFtm,7.483168523,0.019161978,0.472906619,Unchanged
THMATPe,0,1,1,Unchanged
THMDt4,0,1,1,Unchanged
THMDt5,2.274570651,0.635026324,1,Unchanged
THMMPt4,0,1,1,Unchanged
THMMPtm,0,1,1,Unchanged
THMP,0,1,1,Unchanged
THMPPtm,0,1,1,Unchanged
THMt3,0,1,1,Unchanged
THMTP,0,1,1,Unchanged
THMTPt,0,1,1,Unchanged
THP2CDH,6.71E-05,0.812399153,1,Unchanged
THP2Ctp,-6.71E-05,0.812399153,1,Unchanged
THR_Lte,0,1,1,Unchanged
THR3Dx,-1.522757829,0.114387796,1,Unchanged
THRA,-0.812372569,0.01531197,0.405021228,Unchanged
THRACm,0,1,1,Unchanged
THRALANaEx,0.367259619,0.796430303,1,Unchanged
THRARGTYRr,0,1,1,Unchanged
THRARGTYRt,0,1,1,Unchanged
THRASNNaEx,2.097590317,0.812399153,1,Unchanged
THRASNTYRr,0,1,1,Unchanged
THRASNTYRt,0,1,1,Unchanged
THRATB0tc,10.28645051,0.613123029,1,Unchanged
THRCYSNaEx,14.12046946,0.627688399,1,Unchanged
THRD_L,0.632818106,0.657253813,1,Unchanged
THRGLNexR,0.008115368,0.235361541,1,Unchanged
THRGLNGLUr,0,1,1,Unchanged
THRGLNGLUt,0,1,1,Unchanged
THRGLNNaEx,0,1,1,Unchanged
THRGLNTYRr,0,1,1,Unchanged
THRGLNTYRt,0,1,1,Unchanged
THRGLYexR,-1.976056181,0.476467048,1,Unchanged
THRHISHISr,-0.000722971,0.812399153,1,Unchanged
THRHISHISt,-0.000722971,0.812399153,1,Unchanged
THRILEARGr,0,1,1,Unchanged
THRILEARGt,0,1,1,Unchanged
THRMETARGr,0,1,1,Unchanged
THRMETARGt,0,1,1,Unchanged
THRPHEARGr,0,1,1,Unchanged
THRPHEARGt,0,1,1,Unchanged
THRPHELAT2tc,1.818150082,0.812399153,1,Unchanged
THRSERARGr,0,1,1,Unchanged
THRSERARGt,0,1,1,Unchanged
THRSERNaEx,3.884981525,0.476467048,1,Unchanged
THRt4,-11.39770904,0.002415557,0.124594436,Unchanged
THRTHRARGr,0,1,1,Unchanged
THRTHRARGt,0,1,1,Unchanged
THRtm,0.004656375,0.635026324,1,Unchanged
THRTRAH,0,1,1,Unchanged
THRTRAHm,0,1,1,Unchanged
THRTRS,0.227836419,0.243605156,1,Unchanged
THRTRSm,0,1,1,Unchanged
THRTYRMETr,0,1,1,Unchanged
THRTYRMETt,0,1,1,Unchanged
THYMDtm,0,1,1,Unchanged
THYMt,0,1,1,Unchanged
THYMtm,0,1,1,Unchanged
THYOXt,3.301753892,0.812399153,1,Unchanged
THYPX,0.544229018,0.756892823,1,Unchanged
THYRDI,-0.000644097,0.476467048,1,Unchanged
THYRDI2,0.000643809,0.476467048,1,Unchanged
THYRIDHD,0.025669334,0.426877274,1,Unchanged
THYST,-0.150075331,0.397474332,1,Unchanged
TIDSSULF,0,1,1,Unchanged
TIGGLYc,-2.974149616,0.003273083,0.153477852,Unchanged
TIGGLYte,-2.974149616,0.003273083,0.153477852,Unchanged
TIGGLYtm,-2.974149616,0.003273083,0.153477852,Unchanged
TKT1,-0.537670195,0.012888778,0.357421063,Unchanged
TKT2,-0.537670195,0.012888778,0.357421063,Unchanged
TMDK1,0,1,1,Unchanged
TMDK1m,0,1,1,Unchanged
TMDPK,0,1,1,Unchanged
TMDPP,0,1,1,Unchanged
TMDPPK,0,1,1,Unchanged
TMDS,0.228342392,0.243605156,1,Unchanged
TPI,0.541914546,0.451286793,1,Unchanged
TRDOXtm,-0.000195962,0.001963911,0.11010712,Unchanged
TRDR,1.462127324,8.44E-05,0.018861851,Unchanged
TRDRDtm,0.000195989,0.001963911,0.11010712,Unchanged
TRDRm,-0.000195962,0.001963911,0.11010712,Unchanged
TRIODTHYSUFt,0.000230913,0.812399153,1,Unchanged
TRIODTHYSULT,0,1,1,Unchanged
TRIOK,0.000429139,0.812399153,1,Unchanged
TRITHYRSULFO,0.000230913,0.812399153,1,Unchanged
TRPALAPROr,0,1,1,Unchanged
TRPALAPROt,0,1,1,Unchanged
TRPARGALAr,0,1,1,Unchanged
TRPARGALAt,0,1,1,Unchanged
TRPASPASPr,0,1,1,Unchanged
TRPASPASPt,0,1,1,Unchanged
TRPATB0tc,3.226223936,0.780546241,1,Unchanged
TRPGLNGLNr,0,1,1,Unchanged
TRPGLNGLNt,0,1,1,Unchanged
TRPGLUGLYr,0,1,1,Unchanged
TRPGLUGLYt,0,1,1,Unchanged
TRPGLULEUr,0,1,1,Unchanged
TRPGLULEUt,0,1,1,Unchanged
TRPGLUPROr,0,1,1,Unchanged
TRPGLUPROt,0,1,1,Unchanged
TRPGLUTYRr,0,1,1,Unchanged
TRPGLUTYRt,0,1,1,Unchanged
TRPGLYASPr,0,1,1,Unchanged
TRPGLYASPt,0,1,1,Unchanged
TRPGLYVALr,0,1,1,Unchanged
TRPGLYVALt,0,1,1,Unchanged
TRPHISMETr,0.003532816,0.796430303,1,Unchanged
TRPHISMETt,0.003532816,0.796430303,1,Unchanged
TRPHYDRO2,1.311092478,0.169939347,1,Unchanged
TRPILELYSr,0,1,1,Unchanged
TRPILELYSt,0,1,1,Unchanged
TRPILETRPr,0.188601312,0.95885225,1,Unchanged
TRPILETRPt,0.188601312,0.95885225,1,Unchanged
TRPLEUVALr,0,1,1,Unchanged
TRPLEUVALt,0,1,1,Unchanged
TRPLYSr,0,1,1,Unchanged
TRPLYSt,0,1,1,Unchanged
TRPMETARGr,0,1,1,Unchanged
TRPMETARGt,0,1,1,Unchanged
TRPMETVALr,0,1,1,Unchanged
TRPMETVALt,0,1,1,Unchanged
TRPO2,-0.411626871,0.89328852,1,Unchanged
TRPPHEr,0,1,1,Unchanged
TRPPHEt,0,1,1,Unchanged
TRPPROLEUr,0,1,1,Unchanged
TRPPROLEUt,0,1,1,Unchanged
TRPPROVALr,0,1,1,Unchanged
TRPPROVALt,0,1,1,Unchanged
TRPSERTYRr,0,1,1,Unchanged
TRPSERTYRt,0,1,1,Unchanged
TRPt,0.001042528,0.812399153,1,Unchanged
TRPt4,0.070519971,0.54951325,1,Unchanged
TRPTHRGLUr,0,1,1,Unchanged
TRPTHRGLUt,0,1,1,Unchanged
TRPTHRILEr,0,1,1,Unchanged
TRPTHRILEt,0,1,1,Unchanged
TRPTHRTYRr,0,1,1,Unchanged
TRPTHRTYRt,0,1,1,Unchanged
TRPTRAH,0,1,1,Unchanged
TRPTRAHm,0,1,1,Unchanged
TRPTRS,0.228620292,0.243605156,1,Unchanged
TRPTRSm,0,1,1,Unchanged
TRPTYRGLNr,0,1,1,Unchanged
TRPTYRGLNt,0,1,1,Unchanged
TRPTYRTYRr,0,1,1,Unchanged
TRPTYRTYRt,0,1,1,Unchanged
TRPVALASPr,0,1,1,Unchanged
TRPVALASPt,0,1,1,Unchanged
TRYPTAOX,0,1,1,Unchanged
TRYPTAte,0,1,1,Unchanged
TSCTS,0,1,1,Unchanged
TSULt4_3,0.005508303,0.796430303,1,Unchanged
TTCTECOAtr,-8.08E-05,0.796430303,1,Unchanged
TTDCAabc,-0.012147818,0.19710329,1,Unchanged
TTDCAFATPc,0,1,1,Unchanged
TTDCAtr,-0.012147818,0.19710329,1,Unchanged
TTDCPT1,1.60456388,1,1,Unchanged
TTDCPT2,1.60456388,1,1,Unchanged
TTDCRNt,1.60456388,1,1,Unchanged
TXA2te,0,1,1,Unchanged
TXA2tr,1.171227261,0.812399153,1,Unchanged
TXASr,0.000123963,0.812399153,1,Unchanged
TXB2c,1.171227261,0.812399153,1,Unchanged
TXB2DH,0,1,1,Unchanged
TXB2r,1.211129342,0.991766945,1,Unchanged
TXB2t,0,1,1,Unchanged
TXB2t5e,-0.000123974,0.812399153,1,Unchanged
TXB2tr,1.211129342,0.991766945,1,Unchanged
TYMSFt,0,1,1,Unchanged
TYMSULT,0,1,1,Unchanged
TYMte2,0,1,1,Unchanged
TYR3MO2,-0.14895435,0.876993331,1,Unchanged
TYRALAPHEr,0,1,1,Unchanged
TYRALAPHEt,0,1,1,Unchanged
TYRALAr,0,1,1,Unchanged
TYRALAt,0,1,1,Unchanged
TYRARGGLUr,0,1,1,Unchanged
TYRARGGLUt,0,1,1,Unchanged
TYRARGSERr,0,1,1,Unchanged
TYRARGSERt,0,1,1,Unchanged
TYRASE2,-0.000374228,0.796430303,1,Unchanged
TYRASPARGr,0,1,1,Unchanged
TYRASPARGt,0,1,1,Unchanged
TYRATB0tc,0.153809501,0.876993331,1,Unchanged
TYRCBOX,0.918532272,0.033530729,0.640561119,Unchanged
TYRCYSGLYr,0,1,1,Unchanged
TYRCYSGLYt,0,1,1,Unchanged
TYRCYSTHRr,0,1,1,Unchanged
TYRCYSTHRt,0,1,1,Unchanged
TYRDOPO,0.487359888,0.332063432,1,Unchanged
TYRDOPO3,0.882521696,0.054947079,0.914248496,Unchanged
TYRDOPOX,1.435178997,0.022580894,0.531836753,Unchanged
TYRGLUr,0,1,1,Unchanged
TYRGLUt,0,1,1,Unchanged
TYRLEUARGr,0,1,1,Unchanged
TYRLEUARGt,0,1,1,Unchanged
TYROX,-5.737211285,0.000740189,0.055598975,Unchanged
TYROXDAc,0.918532272,0.033530729,0.640561119,Unchanged
TYRPHELAT2tc,0.008214895,0.635026324,1,Unchanged
TYRPHETYRr,0,1,1,Unchanged
TYRPHETYRt,0,1,1,Unchanged
TYRt,0,1,1,Unchanged
TYRt4,-0.222396466,0.183148353,1,Unchanged
TYRTA,-5.769684763,0.200710609,1,Unchanged
TYRTAm,-2.500615347,0.005507389,0.198651148,Unchanged
TYRTHRr,0,1,1,Unchanged
TYRTHRt,0,1,1,Unchanged
TYRtl,-2.500615347,0.005507389,0.198651148,Unchanged
TYRTRAH,0,1,1,Unchanged
TYRTRAHm,0,1,1,Unchanged
TYRTRPPHEr,0,1,1,Unchanged
TYRTRPPHEt,0,1,1,Unchanged
TYRTRS,0.227846013,0.243605156,1,Unchanged
TYRTRSm,0,1,1,Unchanged
TYRTYRr,0,1,1,Unchanged
TYRTYRt,0,1,1,Unchanged
TYRVALMETr,0,1,1,Unchanged
TYRVALMETt,0,1,1,Unchanged
UACGAMUMPtr,3.732166442,0.096648237,1,Unchanged
UAG2EMAi,-0.293748005,0.000269969,0.029010467,Unchanged
UAG2EMAr,0,1,1,Unchanged
UAG4E,0.312793668,0.02795611,0.600823408,Unchanged
UAGDP,0.734885806,0.088642965,1,Unchanged
UDPACGALtl,-3.43E-05,0.635026324,1,Unchanged
UDPDOLPT,0.121105835,0.105221618,1,Unchanged
UDPG1P,0,1,1,Unchanged
UDPG3DOPA,0,1,1,Unchanged
UDPG4E,0.016736989,0.403255172,1,Unchanged
UDPGALtg,0.120930769,0.380433992,1,Unchanged
UDPGCURtr,2.002857312,0.820413382,1,Unchanged
UDPGD,2.627554448,0.019161978,0.472906619,Unchanged
UDPGALt2r,-0.589837977,0.061803826,0.954031876,Unchanged
UDPGGPGTr,-0.589837977,0.061803826,0.954031876,Unchanged
UDPGLCAter,2.002942647,0.749057473,1,Unchanged
UDPGLCAtg,3.732171353,0.096648237,1,Unchanged
UDPGLCter,0,1,1,Unchanged
UDPGLDCg,3.732171353,0.096648237,1,Unchanged
UDPGNP,0,1,1,Unchanged
UDPGP,0,1,1,Unchanged
UDPGtr,0,1,1,Unchanged
UDPtl,3.43E-05,0.635026324,1,Unchanged
UDPXYLter,0,1,1,Unchanged
UDPXYLtg,0,1,1,Unchanged
UGALCG,0,1,1,Unchanged
UGALGTg,0.633947569,0.926007565,1,Unchanged
UGALNACter,3.732166442,0.096648237,1,Unchanged
UGALNACtg,0.143631842,0.190031477,1,Unchanged
UGCG,0,1,1,Unchanged
UGCGc,-0.542081253,0.100862364,1,Unchanged
UGLCNACtg,-0.467383296,0.780546241,1,Unchanged
UGLT,0,1,1,Unchanged
UGT1A10r,0.000454685,0.812399153,1,Unchanged
UGT1A2r,-0.675364596,0.391743746,1,Unchanged
UMPK,-0.002945574,0.070951492,1,Unchanged
UMPK2,0.000162512,0.812399153,1,Unchanged
UMPK2n,0,1,1,Unchanged
UMPK3,4.341444964,0.796430303,1,Unchanged
UMPK3n,0,1,1,Unchanged
UMPK4,2.761913581,0.060378524,0.952392739,Unchanged
UMPK4n,0,1,1,Unchanged
UMPK5,-0.110942498,0.983534766,1,Unchanged
UMPK5n,0,1,1,Unchanged
UMPK6,1.197706684,0.926007565,1,Unchanged
UMPK6n,0,1,1,Unchanged
UMPK7,-0.768118249,0.613123029,1,Unchanged
UMPK7n,0,1,1,Unchanged
UMPKn,0,1,1,Unchanged
UMPtn,0,1,1,Unchanged
UMPtr,2.002727838,0.502398167,1,Unchanged
UNK2,0,1,1,Unchanged
UNK3,0,1,1,Unchanged
UPDGOFUCBGTr,0,1,1,Unchanged
UPP3S,0.050100723,0.292562729,1,Unchanged
UPPDC1,0.050100723,0.292562729,1,Unchanged
UPPN,0,1,1,Unchanged
URAt,0,1,1,Unchanged
URATEabc,-3.36702541,0.598708851,1,Unchanged
URATEt,-2.525752972,0.011468073,0.328624004,Unchanged
URATEti,-2.525817454,0.002179031,0.117077524,Unchanged
URATEtx,0,1,1,Unchanged
URCN,0.004234788,0.812399153,1,Unchanged
UREAt,3.233608559,0.812399153,1,Unchanged
UREAtm,0,1,1,Unchanged
URIDK2,5.536040948,0.326945554,1,Unchanged
URIDK2m,0,1,1,Unchanged
URIK1,0,1,1,Unchanged
URIK2,0.018930011,0.134595247,1,Unchanged
URIK3,0,1,1,Unchanged
URIt4,0,1,1,Unchanged
URIt5,3.015540948,0.635026324,1,Unchanged
Uritn,-0.000210767,0.342453593,1,Unchanged
UROLACer,0.006755941,0.032680311,0.633703173,Unchanged
URPT,0.001384058,0.342453593,1,Unchanged
UTPte,0,1,1,Unchanged
UTPtn,0,1,1,Unchanged
VALARGGLYr,0,1,1,Unchanged
VALARGGLYt,0,1,1,Unchanged
VALATB0tc,-1.060839703,0.717981667,1,Unchanged
VALHISASNr,0,1,1,Unchanged
VALHISASNt,0,1,1,Unchanged
VALLEUPHEr,0,1,1,Unchanged
VALLEUPHEt,0,1,1,Unchanged
VALLYSTYRr,0,1,1,Unchanged
VALLYSTYRt,0,1,1,Unchanged
VALPHEARGr,0,1,1,Unchanged
VALPHEARGt,0,1,1,Unchanged
VALPHELAT2tc,7.84E-06,0.812399153,1,Unchanged
VALPROTRPr,0,1,1,Unchanged
VALPROTRPt,0,1,1,Unchanged
VALSERARGr,0,1,1,Unchanged
VALSERARGt,0,1,1,Unchanged
VALt4,7.694297752,0.047568044,0.807092012,Unchanged
VALt5m,-4.231754004,0.001896656,0.109920788,Unchanged
VALTAm,-4.231754004,0.001896656,0.109920788,Unchanged
VALtec,0,1,1,Unchanged
VALTRAH,0,1,1,Unchanged
VALTRAHm,0,1,1,Unchanged
VALTRPPHEr,0,1,1,Unchanged
VALTRPPHEt,0,1,1,Unchanged
VALTRPVALr,0.001784381,0.605896755,1,Unchanged
VALTRPVALt,0.001784381,0.605896755,1,Unchanged
VALTRS,0.227819824,0.243605156,1,Unchanged
VALTRSm,0,1,1,Unchanged
VALVALr,-0.000746039,0.812399153,1,Unchanged
VALVALt,-0.000746039,0.812399153,1,Unchanged
VD3,3.25701404,0.515638218,1,Unchanged
VITD3Hm,0,1,1,Unchanged
VITD3t,-2.28E-05,0.438984574,1,Unchanged
VITD3t2,0,1,1,Unchanged
VITD3tm,0,1,1,Unchanged
VITEtl,0,1,1,Unchanged
VITKtl,0,1,1,Unchanged
VLCS2p,2.195158831,0.967076544,1,Unchanged
VLCSp,3.57889663,0.967076544,1,Unchanged
WHARACHDt5e,-4.63E-05,0.812399153,1,Unchanged
WHARACHDtr,4.63E-05,0.812399153,1,Unchanged
WHDDCAte,0,1,1,Unchanged
WHHDCAte,0,1,1,Unchanged
WHTTDCAte,0,1,1,Unchanged
XAND,0,1,1,Unchanged
XANDp,0,1,1,Unchanged
XANTAte,0,1,1,Unchanged
XANtx,0,1,1,Unchanged
XAO,0,1,1,Unchanged
XAO2,0,1,1,Unchanged
XAO2x,0,1,1,Unchanged
XAOx,0,1,1,Unchanged
XOL25OHOR,3.115529634,0.967076544,1,Unchanged
XOL27OHtm,0,1,1,Unchanged
XOL7AH2tm,2.195158831,0.967076544,1,Unchanged
XOL7aneabc,0,1,1,Unchanged
XOL7AONEtr,2.195158831,0.967076544,1,Unchanged
XOLDabc,0,1,1,Unchanged
XOLDIOLONEt,3.57889663,0.967076544,1,Unchanged
XOLEST2te,0,1,1,Unchanged
XOLTRI24tc,0,1,1,Unchanged
XOLTRI24te,0,1,1,Unchanged
XOLTRI25tc,0,1,1,Unchanged
XOLTRI25te,0,1,1,Unchanged
XOLTRI27tc,0,1,1,Unchanged
XOLTRI27te,0,1,1,Unchanged
XOLTRIOLtm,3.57889663,0.967076544,1,Unchanged
XYLK,0,1,1,Unchanged
XYLR,0,1,1,Unchanged
XYLt,0,1,1,Unchanged
XYLTD_Dr,0,1,1,Unchanged
XYLTt,0,1,1,Unchanged
XYLUR,0,1,1,Unchanged
XYLURx,0,1,1,Unchanged
Zn2t,-2.049809269,0.000316683,0.032668974,Unchanged
ZN2te,-0.898589074,0.014463034,0.396810273,Unchanged
Znabc,0,1,1,Unchanged
ZNte,2.141767854,0.04207262,0.756134405,Unchanged
ARTCOAL1,0,1,1,Unchanged
ARTCOAL2,0,1,1,Unchanged
ARTCOAL3,0,1,1,Unchanged
ARTFR11,0,1,1,Unchanged
ARTFR12,-4.083589543,0.796430303,1,Unchanged
ARTFR13,0.093728481,0.975304341,1,Unchanged
ARTFR206,0,1,1,Unchanged
ARTFR207,1.79E-05,0.812399153,1,Unchanged
ARTFR212,4.14E-06,0.812399153,1,Unchanged
ARTFR31,0,1,1,Unchanged
ARTFR32,-4.331875859,0.231314608,1,Unchanged
ARTFR33,-9.32E-05,0.796430303,1,Unchanged
ARTFR41,-1.478500458,0.95885225,1,Unchanged
ARTFR42,-2.669747406,0.190031477,1,Unchanged
ARTFR43,0,1,1,Unchanged
ARTFR45,-4.1494985,0.009036948,0.269436869,Unchanged
ARTFR52,-1.599338648,0.157457679,1,Unchanged
ARTFR54,0,1,1,Unchanged
ARTFR56,-8.08E-05,0.796430303,1,Unchanged
ARTPLM1,-3.308935089,0.489340116,1,Unchanged
ARTPLM1m,-0.000106242,0.635026324,1,Unchanged
ARTPLM2,0,1,1,Unchanged
ARTPLM3,5.61E-05,0.635026324,1,Unchanged
RTOT_2,0,1,1,Unchanged
RTOT_3,2.81E-05,0.635026324,1,Unchanged
RTOT1,-3.267611923,0.679788691,1,Unchanged
RTOT2,0,1,1,Unchanged
RTOT3,-4.404841857,0.231314608,1,Unchanged
RTOT4,-1.63824889,0.026518084,0.582043724,Unchanged
RTOT5,-1.792054455,0.157457679,1,Unchanged
EX_Rtotal2(e),0,1,1,Unchanged
EX_Rtotal3(e),0,1,1,Unchanged
RTOTAL2t,0,1,1,Unchanged
RTOTAL3t,0,1,1,Unchanged
RTOTAL2FATPc,0,1,1,Unchanged
RTOTAL3FATPc,0,1,1,Unchanged
R_group_phosphotase_3,0,1,1,Unchanged
R_group_phosphotase_1,-0.621628954,0.502398167,1,Unchanged
R_group_phosphotase_2,0,1,1,Unchanged
biomass_reaction,0.227833234,0.243605156,1,Unchanged
biomass_reaction_no_nucleotides,0,1,1,Unchanged
biomass_reaction_old,0,1,1,Unchanged
DNAdeg,4.269191461,0.342453593,1,Unchanged
DNAsyn,13.5952213,0.088642965,1,Unchanged
PROTsyn,0.227833234,0.243605156,1,Unchanged
RNAdeg,0.070785184,0.820413382,1,Unchanged
RNAsyn,0.070786562,0.860750109,1,Unchanged
DAGK_hs,0,1,1,Unchanged
DM_oglcnc_ser_thr[g],0,1,1,Unchanged
ACITLn,0.001674072,0.812399153,1,Unchanged
LYStn,-5.70205623,0.403255172,1,Unchanged
ARGtn,0,1,1,Unchanged
CITtn,-0.001676017,0.812399153,1,Unchanged
OAAtn,0.001674072,0.812399153,1,Unchanged
ADPtn,2.608068364,0.868864802,1,Unchanged
peparg_synthesis,0,1,1,Unchanged
peplys_synthesis,-5.70205623,0.403255172,1,Unchanged
H3R2_synthesis,0,1,1,Unchanged
H3R2MET_1,0,1,1,Unchanged
H3R2MET_2,0,1,1,Unchanged
H3R2MET_3,0,1,1,Unchanged
H3R2DMET_1,0,1,1,Unchanged
H3R2DMET_2,0,1,1,Unchanged
H3R2DMET_3,0,1,1,Unchanged
H3R2CIT,0,1,1,Unchanged
H3K4_synthesis,0,1,1,Unchanged
H3K4MET_1,0.00069465,0.635026324,1,Unchanged
H3K4MET_2,0.000412382,0.635026324,1,Unchanged
H3K4MET_3,0.001926342,0.635026324,1,Unchanged
H3K4DMET_1,0.00069465,0.635026324,1,Unchanged
H3K4DMET_2,0.000412382,0.635026324,1,Unchanged
H3K4DMET_3,0.001926342,0.635026324,1,Unchanged
H3R8_synthesis,0,1,1,Unchanged
H3R8MET_1,0,1,1,Unchanged
H3R8MET_2,0,1,1,Unchanged
H3R8MET_3,0,1,1,Unchanged
H3R8DMET_1,0,1,1,Unchanged
H3R8DMET_2,0,1,1,Unchanged
H3R8DMET_3,0,1,1,Unchanged
H3R8CIT,0,1,1,Unchanged
H3K9_synthesis,0,1,1,Unchanged
H3K9MET_1,0,1,1,Unchanged
H3K9MET_2,0,1,1,Unchanged
H3K9MET_3,0,1,1,Unchanged
H3K9DMET_1,0,1,1,Unchanged
H3K9DMET_2,0,1,1,Unchanged
H3K9DMET_3,0,1,1,Unchanged
H3K9ACT,0,1,1,Unchanged
H3K9DACT1,0,1,1,Unchanged
H3K14_synthesis,0,1,1,Unchanged
H3K14ACT,0,1,1,Unchanged
H3K14DACT,0,1,1,Unchanged
H3R17_synthesis,0,1,1,Unchanged
H3R17MET_1,0,1,1,Unchanged
H3R17MET_2,0,1,1,Unchanged
H3R17MET_3,0,1,1,Unchanged
H3R17DMET_1,0,1,1,Unchanged
H3R17DMET_2,0,1,1,Unchanged
H3R17DMET_3,0,1,1,Unchanged
H3R17CIT,0,1,1,Unchanged
H3K23_synthesis,0,1,1,Unchanged
H3K23ACT,0,1,1,Unchanged
H3K23DACT,0,1,1,Unchanged
H3R26_synthesis,0,1,1,Unchanged
H3R26MET_1,0,1,1,Unchanged
H3R26MET_2,0,1,1,Unchanged
H3R26MET_3,0,1,1,Unchanged
H3R26DMET_1,0,1,1,Unchanged
H3R26DMET_2,0,1,1,Unchanged
H3R26DMET_3,0,1,1,Unchanged
H3R26CIT,0,1,1,Unchanged
H3K27_synthesis,0,1,1,Unchanged
H3K27MET_1,0,1,1,Unchanged
H3K27MET_2,0,1,1,Unchanged
H3K27MET_3,0,1,1,Unchanged
H3K27DMET_1,0,1,1,Unchanged
H3K27DMET_2,0,1,1,Unchanged
H3K27DMET_3,0,1,1,Unchanged
H3K27ACT,0,1,1,Unchanged
H3K27DACT,0,1,1,Unchanged
H3K36_synthesis,0,1,1,Unchanged
H3K36MET_1,0,1,1,Unchanged
H3K36MET_2,0,1,1,Unchanged
H3K36MET_3,0,1,1,Unchanged
H3K36DMET_1,0,1,1,Unchanged
H3K36DMET_2,0,1,1,Unchanged
H3K36DMET_3,0,1,1,Unchanged
H3K36ACT,0,1,1,Unchanged
H3K36DACT,0,1,1,Unchanged
H3K56_synthesis,0,1,1,Unchanged
H3K56ACT,0,1,1,Unchanged
H3K56DACT,0,1,1,Unchanged
H3K79_synthesis,0,1,1,Unchanged
H3K79MET_1,0,1,1,Unchanged
H3K79MET_2,0,1,1,Unchanged
H3K79MET_3,0,1,1,Unchanged
H4R3_synthesis,0,1,1,Unchanged
H4R3MET_1,0,1,1,Unchanged
H4R3MET_2,0,1,1,Unchanged
H4R3MET_3,0,1,1,Unchanged
H4R3DMET_1,0,1,1,Unchanged
H4R3DMET_2,0,1,1,Unchanged
H4R3DMET_3,0,1,1,Unchanged
H4R3CIT,0,1,1,Unchanged
H4K5_synthesis,0,1,1,Unchanged
H4K5ACT,0,1,1,Unchanged
H4K5DACT,0,1,1,Unchanged
H4K8_synthesis,0,1,1,Unchanged
H4K8ACT,0,1,1,Unchanged
H4K8DACT,0,1,1,Unchanged
H4K12_synthesis,0,1,1,Unchanged
H4K12ACT,0,1,1,Unchanged
H4K12DACT,0,1,1,Unchanged
H4K16_synthesis,0,1,1,Unchanged
H4K16ACT,0,1,1,Unchanged
H4K16DACT,0,1,1,Unchanged
H4K20_synthesis,0.000229592,0.812399153,1,Unchanged
H4K20MET_1,0.000229592,0.812399153,1,Unchanged
H4K20MET_2,0.000229592,0.812399153,1,Unchanged
H4K20MET_3,0.000229592,0.812399153,1,Unchanged
H4K91_synthesis,0,1,1,Unchanged
H4K91ACT,0,1,1,Unchanged
H4K91DACT,0,1,1,Unchanged
H2AR3_synthesis,0,1,1,Unchanged
H2AR3MET_1,0,1,1,Unchanged
H2AR3MET_2,0,1,1,Unchanged
H2AR3MET_3,0,1,1,Unchanged
H2AR3CIT,0,1,1,Unchanged
H2AK5_synthesis,0,1,1,Unchanged
H2AK5ACT,0,1,1,Unchanged
H2AR11_synthesis,0,1,1,Unchanged
H2AR11MET_1,0,1,1,Unchanged
H2AR11MET_2,0,1,1,Unchanged
H2AR29_synthesis,0,1,1,Unchanged
H2AR29MET_1,0,1,1,Unchanged
H2AR29MET_2,0,1,1,Unchanged
H2BK5_synthesis,0,1,1,Unchanged
H2BK5ACT,0,1,1,Unchanged
H2BK5DACT,0,1,1,Unchanged
H2BK12_synthesis,0,1,1,Unchanged
H2BK12ACT,0,1,1,Unchanged
H2BK12DACT,0,1,1,Unchanged
H2BK15_synthesis,0,1,1,Unchanged
H2BK15ACT,0,1,1,Unchanged
H2BK15DACT,0,1,1,Unchanged
H2BK20_synthesis,0,1,1,Unchanged
H2BK20ACT,0,1,1,Unchanged
H2BK20DACT,0,1,1,Unchanged
DM_H3R2me1[n],0,1,1,Unchanged
DM_H3R2me2[n],0,1,1,Unchanged
DM_H3R2me3[n],0,1,1,Unchanged
DM_H3R2ci[n],0,1,1,Unchanged
DM_H3K4me1[n],0,1,1,Unchanged
DM_H3K4me2[n],0,1,1,Unchanged
DM_H3K4me3[n],0,1,1,Unchanged
DM_H3R8me1[n],0,1,1,Unchanged
DM_H3R8me2[n],0,1,1,Unchanged
DM_H3R8me3[n],0,1,1,Unchanged
DM_H3R8ci[n],0,1,1,Unchanged
DM_H3K9me1[n],0,1,1,Unchanged
DM_H3K9me2[n],0,1,1,Unchanged
DM_H3K9me3[n],0,1,1,Unchanged
DM_H3K9ac[n],0,1,1,Unchanged
DM_H3K14ac[n],0,1,1,Unchanged
DM_H3R17me1[n],0,1,1,Unchanged
DM_H3R17me2[n],0,1,1,Unchanged
DM_H3R17me3[n],0,1,1,Unchanged
DM_H3R17ci[n],0,1,1,Unchanged
DM_H3K23ac[n],0,1,1,Unchanged
DM_H3R26me1[n],0,1,1,Unchanged
DM_H3R26me2[n],0,1,1,Unchanged
DM_H3R26me3[n],0,1,1,Unchanged
DM_H3R26ci[n],0,1,1,Unchanged
DM_H3K27me1[n],0,1,1,Unchanged
DM_H3K27me2[n],0,1,1,Unchanged
DM_H3K27me3[n],0,1,1,Unchanged
DM_H3K27ac[n],0,1,1,Unchanged
DM_H3K36me1[n],0,1,1,Unchanged
DM_H3K36me2[n],0,1,1,Unchanged
DM_H3K36me3[n],0,1,1,Unchanged
DM_H3K36ac[n],0,1,1,Unchanged
DM_H3K56ac[n],0,1,1,Unchanged
DM_H3K79me1[n],0,1,1,Unchanged
DM_H3K79me2[n],0,1,1,Unchanged
DM_H3K79me3[n],0,1,1,Unchanged
DM_H4R3me1[n],0,1,1,Unchanged
DM_H4R3me2[n],0,1,1,Unchanged
DM_H4R3me3[n],0,1,1,Unchanged
DM_H4R3ci[n],0,1,1,Unchanged
DM_H4K5ac[n],0,1,1,Unchanged
DM_H4K8ac[n],0,1,1,Unchanged
DM_H4K12ac[n],0,1,1,Unchanged
DM_H4K16ac[n],0,1,1,Unchanged
DM_H4K20me1[n],0,1,1,Unchanged
DM_H4K20me2[n],0,1,1,Unchanged
DM_H4K20me3[n],0.000229592,0.812399153,1,Unchanged
DM_H4K91ac[n],0,1,1,Unchanged
DM_H2AR3me1[n],0,1,1,Unchanged
DM_H2AR3me2[n],0,1,1,Unchanged
DM_H2AR3me3[n],0,1,1,Unchanged
DM_H2AR3ci[n],0,1,1,Unchanged
DM_H2AK5ac[n],0,1,1,Unchanged
DM_H2AR11me1[n],0,1,1,Unchanged
DM_H2AR11me2[n],0,1,1,Unchanged
DM_H2AR29me1[n],0,1,1,Unchanged
DM_H2AR29me2[n],0,1,1,Unchanged
DM_H2BK5ac[n],0,1,1,Unchanged
DM_H2BK12ac[n],0,1,1,Unchanged
DM_H2BK15ac[n],0,1,1,Unchanged
DM_H2BK20ac[n],0,1,1,Unchanged
EX_cl(e),0,1,1,Unchanged
EX_k(e),0,1,1,Unchanged
EX_oh1(e),0,1,1,Unchanged
EX_sel(e),0,1,1,Unchanged
EX_tcynt(e),0,1,1,Unchanged
EX_ca2(e),0,1,1,Unchanged
