DoubleLethal,Counts in Normal,Counts in Cancer,Not SL in Normal,Not SL in Cancer
10FTHFtm;DHFR,0,2,29,19
10FTHFtm;FDH,0,2,29,19
10FTHFtm;FTCD,0,3,29,18
10FTHFtm;GLUDym,0,1,29,20
10FTHFtm;GluForTx,0,3,29,18
10FTHFtm;HISD,0,3,29,18
10FTHFtm;IZPN,0,3,29,18
10FTHFtm;MTHFC,2,12,27,9
10FTHFtm;MTHFD,0,6,29,15
10FTHFtm;MTHFD2,2,3,27,18
10FTHFtm;THFtm,0,1,29,20
10FTHFtm;URCN,0,3,29,18
13DAMPPOX;METOX,0,1,29,20
13DAMPPOX;PUNP1,1,0,28,21
1PPDCRp;TRDR,2,0,27,21
2AMACHYD;ASPDH,1,0,28,21
2AMACHYD;CATp,1,0,28,21
2AMACHYD;CYSGLTH,0,1,29,20
2AMACHYD;CYSRED,0,1,29,20
2AMACHYD;GLUDym,1,0,28,21
2AMACHYD;GTHOm,1,0,28,21
2AMACHYD;GTHP,0,1,29,20
2AMACHYD;GTHPm,1,0,28,21
2AMACHYD;H2O2tm,1,0,28,21
2AMACHYD;H2O2tp,1,0,28,21
2AOBUTtm;3HAD100m,1,0,28,21
2AOBUTtm;3HAD140m,1,0,28,21
2AOBUTtm;3HAD60m,1,0,28,21
2AOBUTtm;3HAD80m,1,0,28,21
2AOBUTtm;3HDH100m,1,0,28,21
2AOBUTtm;3HDH140m,1,0,28,21
2AOBUTtm;3HDH60m,1,0,28,21
2AOBUTtm;3HDH80m,1,0,28,21
2AOBUTtm;ACACT100m,1,0,28,21
2AOBUTtm;ACACT140m,1,0,28,21
2AOBUTtm;ACACT60m,1,0,28,21
2AOBUTtm;ACACT80m,1,0,28,21
2AOBUTtm;ACCOAL2,1,0,28,21
2AOBUTtm;ACOA40ORm,1,0,28,21
2AOBUTtm;ACOAD100m,1,0,28,21
2AOBUTtm;ACOAD140m,1,0,28,21
2AOBUTtm;ACOAD1fm,1,0,28,21
2AOBUTtm;ACOAD60m,1,0,28,21
2AOBUTtm;ACOAD80m,1,0,28,21
2AOBUTtm;ACOAS,1,0,28,21
2AOBUTtm;ACOATE100m,1,0,28,21
2AOBUTtm;ADK3m,1,0,28,21
2AOBUTtm;ALDD2y,2,0,27,21
2AOBUTtm;AMPt4,1,0,28,21
2AOBUTtm;ECOAH1m,2,0,27,21
2AOBUTtm;ETHPL,1,0,28,21
2AOBUTtm;FACOAL100im,1,0,28,21
2AOBUTtm;HACD1m,2,0,27,21
2AOBUTtm;PPCOACRNtm,1,0,28,21
2AOBUTtm;PPItm,1,0,28,21
2AOBUTtm;TTDCPT1,1,0,28,21
2AOBUTtm;TTDCPT2,1,0,28,21
2AOBUTtm;TTDCRNt,1,0,28,21
2DR1PP;CDS,0,1,29,20
2DR1PP;FBA,0,1,29,20
2DR1PP;Htr,0,1,29,20
2DR1PP;PFK,0,1,29,20
2DR1PP;PGI,0,1,29,20
2MCITt;NH4tm,0,1,29,20
2OBUTtm;AKGSUCCtm,0,1,29,20
2OBUTtm;AMID6,0,1,29,20
2OBUTtm;GPAT,0,1,29,20
2OXOADPTm;ADK3m,1,0,28,21
2OXOADPTm;AKGGHTRDtm,0,1,29,20
2OXOADPTm;ALATA_L,2,0,27,21
2OXOADPTm;AMID6,1,0,28,21
2OXOADPTm;BUTt2m,1,0,28,21
2OXOADPTm;FA40ACPH,1,0,28,21
2OXOADPTm;FACOAL40im,1,0,28,21
2OXOADPTm;GPAT,1,0,28,21
2OXOADPTm;PIGTHRDLtm,0,1,29,20
2OXOADPTm;TRDR,2,0,27,21
335TRITHYRt5e;CYSGLTH,0,1,29,20
335TRITHYRt5e;CYSRED,0,1,29,20
335TRITHYRt5e;GTHP,0,1,29,20
34DHPHAMT;AMETt2m,0,1,29,20
34DHPHAMT;PETOHMm_hs,0,1,29,20
34DHPHAMT;PSDm_hs,2,1,27,20
34DHPHAMT;PSFLIPm,2,1,27,20
34DHPLACOXy;AMETt2m,0,1,29,20
34DHPLACOXy;PETOHMm_hs,0,1,29,20
34DHPLACOXy;PSDm_hs,2,1,27,20
34DHPLACOXy;PSFLIPm,2,1,27,20
34HPLFM;ATPS4m,0,2,29,19
34HPLFM;CYOOm2,0,2,29,19
34HPLFM;CYOR_u10m,0,2,29,19
3AIB_Dtm;AKGDa1,2,1,27,20
3AIB_Dtm;AKGDa2,2,1,27,20
3AIB_Dtm;AKGDb,2,1,27,20
3AIB_Dtm;ASPDH,1,0,28,21
3AIB_Dtm;CDS,0,1,29,20
3AIB_Dtm;DCYTD,1,1,28,20
3AIB_Dtm;DHFR,0,1,29,20
3AIB_Dtm;DLD,2,1,27,20
3AIB_Dtm;DURIPP,9,4,20,17
3AIB_Dtm;FBA,0,1,29,20
3AIB_Dtm;GLUDxm,0,1,29,20
3AIB_Dtm;GLYtm,0,1,29,20
3AIB_Dtm;HCO3Em,0,1,29,20
3AIB_Dtm;HCO3tm,0,1,29,20
3AIB_Dtm;Htr,0,2,29,19
3AIB_Dtm;NDP6,1,1,28,20
3AIB_Dtm;NTD1,8,0,21,21
3AIB_Dtm;NTD3,1,1,28,20
3AIB_Dtm;PFK,0,1,29,20
3AIB_Dtm;PGI,0,1,29,20
3AIB_Dtm;URIK4,0,1,29,20
3DPHBH1;ATPS4m,0,1,29,20
3DPHBH1;CYOOm2,0,1,29,20
3DPHBH1;CYOR_u10m,0,1,29,20
3DPHBH2;ATPS4m,0,1,29,20
3DPHBH2;CYOOm2,0,1,29,20
3DPHBH2;CYOR_u10m,0,1,29,20
3HAD100m;3HPCOAHYDm,1,0,28,21
3HAD100m;3HPPDm,1,0,28,21
3HAD100m;BUTt2m,1,0,28,21
3HAD100m;C30CPT1,1,0,28,21
3HAD100m;COAtm,1,2,28,19
3HAD100m;CSNAT2m,1,0,28,21
3HAD100m;CYSt4,1,0,28,21
3HAD100m;FA40ACPH,1,0,28,21
3HAD100m;FACOAL40im,1,0,28,21
3HAD100m;GLYATm,1,0,28,21
3HAD100m;GLYtm,0,1,29,20
3HAD100m;MMSAD3m,1,0,28,21
3HAD100m;NH4tm,0,1,29,20
3HAD100m;OBDHc,1,0,28,21
3HAD100m;PCRNtm,1,0,28,21
3HAD100m;PPCOAOm,1,0,28,21
3HAD100m;PPCOAtm,2,1,27,20
3HAD100m;PPIOGLYc,0,1,29,20
3HAD100m;PPIOGLYte,0,1,29,20
3HAD100m;PPIOGLYtm,0,1,29,20
3HAD100m;PRPNCOAHYDm,1,0,28,21
3HAD100m;THR3Dx,1,0,28,21
3HAD100m;THRD_L,1,0,28,21
3HAD140m;3HPCOAHYDm,1,0,28,21
3HAD140m;3HPPDm,1,0,28,21
3HAD140m;BUTt2m,1,0,28,21
3HAD140m;C30CPT1,1,0,28,21
3HAD140m;COAtm,1,2,28,19
3HAD140m;CSNAT2m,1,0,28,21
3HAD140m;CYSt4,1,0,28,21
3HAD140m;FA40ACPH,1,0,28,21
3HAD140m;FACOAL40im,1,0,28,21
3HAD140m;GLYATm,1,0,28,21
3HAD140m;GLYtm,0,1,29,20
3HAD140m;MMSAD3m,1,0,28,21
3HAD140m;NH4tm,0,1,29,20
3HAD140m;OBDHc,1,0,28,21
3HAD140m;PCRNtm,1,0,28,21
3HAD140m;PPCOAOm,1,0,28,21
3HAD140m;PPCOAtm,2,1,27,20
3HAD140m;PPIOGLYc,0,1,29,20
3HAD140m;PPIOGLYte,0,1,29,20
3HAD140m;PPIOGLYtm,0,1,29,20
3HAD140m;PRPNCOAHYDm,1,0,28,21
3HAD140m;THR3Dx,1,0,28,21
3HAD140m;THRD_L,1,0,28,21
3HAD160;ARTFR13,0,4,29,17
3HAD160;ARTFR42,0,3,29,18
3HAD160;ARTFR43,0,1,29,20
3HAD160;CACT6r,0,4,29,17
3HAD160;DESAT18_1,0,3,29,18
3HAD160;FA140ACPH,0,4,29,17
3HAD160;FACOAL140i,0,2,29,19
3HAD160;FAE180,0,3,29,18
3HAD160;FAE181,0,1,29,20
3HAD160;HACD180,0,3,29,18
3HAD160;HACD181,0,1,29,20
3HAD160;HSD180,0,3,29,18
3HAD160;HSD181,0,1,29,20
3HAD160;MALCOAMT,0,4,29,17
3HAD160;MALCOAMTr,0,4,29,17
3HAD160;OCDE9ECOAtr,0,2,29,19
3HAD160;OCTD11ECOAtr,0,1,29,20
3HAD160;RTOT1,0,2,29,19
3HAD160;RTOT4,0,2,29,19
3HAD160;TECR180,0,3,29,18
3HAD160;TECR181,0,1,29,20
3HAD160;TTDCAFATPc,0,2,29,19
3HAD160;TTDCAtr,0,2,29,19
3HAD160m;COAtm,0,1,29,20
3HAD160m;NH4tm,0,1,29,20
3HAD180;ARTFR13,0,4,29,17
3HAD180;ARTFR42,0,3,29,18
3HAD180;ARTFR43,0,1,29,20
3HAD180;CACT6r,0,4,29,17
3HAD180;DESAT18_1,0,3,29,18
3HAD180;FA140ACPH,0,4,29,17
3HAD180;FACOAL140i,0,2,29,19
3HAD180;FAE180,0,3,29,18
3HAD180;FAE181,0,1,29,20
3HAD180;HACD180,0,3,29,18
3HAD180;HACD181,0,1,29,20
3HAD180;HSD180,0,3,29,18
3HAD180;HSD181,0,1,29,20
3HAD180;MALCOAMT,0,4,29,17
3HAD180;MALCOAMTr,0,4,29,17
3HAD180;OCDE9ECOAtr,0,2,29,19
3HAD180;OCTD11ECOAtr,0,1,29,20
3HAD180;RTOT1,0,2,29,19
3HAD180;RTOT4,0,2,29,19
3HAD180;TECR180,0,3,29,18
3HAD180;TECR181,0,1,29,20
3HAD180;TTDCAFATPc,0,2,29,19
3HAD180;TTDCAtr,0,2,29,19
3HAD180m;ARTFR13,0,4,29,17
3HAD180m;ARTFR42,0,3,29,18
3HAD180m;ARTFR43,0,1,29,20
3HAD180m;CACT6r,0,4,29,17
3HAD180m;DESAT18_1,0,3,29,18
3HAD180m;FA140ACPH,0,4,29,17
3HAD180m;FACOAL140i,0,2,29,19
3HAD180m;FAE180,0,3,29,18
3HAD180m;FAE181,0,1,29,20
3HAD180m;HACD180,0,3,29,18
3HAD180m;HACD181,0,1,29,20
3HAD180m;HSD180,0,3,29,18
3HAD180m;HSD181,0,1,29,20
3HAD180m;MALCOAMT,0,4,29,17
3HAD180m;MALCOAMTr,0,4,29,17
3HAD180m;OCDE9ECOAtr,0,2,29,19
3HAD180m;OCTD11ECOAtr,0,1,29,20
3HAD180m;RTOT1,0,2,29,19
3HAD180m;RTOT4,0,2,29,19
3HAD180m;TECR180,0,3,29,18
3HAD180m;TECR181,0,1,29,20
3HAD180m;TTDCAFATPc,0,2,29,19
3HAD180m;TTDCAtr,0,2,29,19
3HAD241n9p;DESAT16_1,0,1,29,20
3HAD241n9p;FBA,1,0,28,21
3HAD241n9p;G6Pter,2,0,27,21
3HAD241n9p;GALU,1,0,28,21
3HAD241n9p;Htr,1,2,28,19
3HAD241n9p;PFK,1,0,28,21
3HAD241n9p;PGI,1,0,28,21
3HAD241n9p;PGMT,1,0,28,21
3HAD241n9p;RTOT4,0,1,29,20
3HAD241n9p;TRDR,15,10,14,11
3HAD60m;3HPCOAHYDm,1,0,28,21
3HAD60m;3HPPDm,1,0,28,21
3HAD60m;BUTt2m,1,0,28,21
3HAD60m;C30CPT1,1,0,28,21
3HAD60m;COAtm,1,2,28,19
3HAD60m;CSNAT2m,1,0,28,21
3HAD60m;CYSt4,1,0,28,21
3HAD60m;FA40ACPH,1,0,28,21
3HAD60m;FACOAL40im,1,0,28,21
3HAD60m;GLYATm,1,0,28,21
3HAD60m;GLYtm,0,1,29,20
3HAD60m;MMSAD3m,1,0,28,21
3HAD60m;NH4tm,0,1,29,20
3HAD60m;OBDHc,1,0,28,21
3HAD60m;PCRNtm,1,0,28,21
3HAD60m;PPCOAOm,1,0,28,21
3HAD60m;PPCOAtm,2,1,27,20
3HAD60m;PPIOGLYc,0,1,29,20
3HAD60m;PPIOGLYte,0,1,29,20
3HAD60m;PPIOGLYtm,0,1,29,20
3HAD60m;PRPNCOAHYDm,1,0,28,21
3HAD60m;THR3Dx,1,0,28,21
3HAD60m;THRD_L,1,0,28,21
3HAD80m;3HPCOAHYDm,1,0,28,21
3HAD80m;3HPPDm,1,0,28,21
3HAD80m;BUTt2m,1,0,28,21
3HAD80m;C30CPT1,1,0,28,21
3HAD80m;COAtm,1,2,28,19
3HAD80m;CSNAT2m,1,0,28,21
3HAD80m;CYSt4,1,0,28,21
3HAD80m;FA40ACPH,1,0,28,21
3HAD80m;FACOAL40im,1,0,28,21
3HAD80m;GLYATm,1,0,28,21
3HAD80m;GLYtm,0,1,29,20
3HAD80m;MMSAD3m,1,0,28,21
3HAD80m;NH4tm,0,1,29,20
3HAD80m;OBDHc,1,0,28,21
3HAD80m;PCRNtm,1,0,28,21
3HAD80m;PPCOAOm,1,0,28,21
3HAD80m;PPCOAtm,2,1,27,20
3HAD80m;PPIOGLYc,0,1,29,20
3HAD80m;PPIOGLYte,0,1,29,20
3HAD80m;PPIOGLYtm,0,1,29,20
3HAD80m;PRPNCOAHYDm,1,0,28,21
3HAD80m;THR3Dx,1,0,28,21
3HAD80m;THRD_L,1,0,28,21
3HAO;5HLTDL,0,1,29,20
3HAO;ACGAM6PSi,0,1,29,20
3HAO;ACGAMPM,0,1,29,20
3HAO;AKGGHTRDtm,0,1,29,20
3HAO;ALATA_L,3,0,26,21
3HAO;AMID6,1,0,28,21
3HAO;ARTFR12,0,1,29,20
3HAO;BDMT,0,1,29,20
3HAO;C161CPT1,0,1,29,20
3HAO;CACT4r,0,1,29,20
3HAO;CITRt2m,0,1,29,20
3HAO;CITRtm,0,1,29,20
3HAO;COAtr,0,1,29,20
3HAO;DESAT16_1,0,1,29,20
3HAO;DHPR,0,1,29,20
3HAO;DOLASNTer,0,1,29,20
3HAO;DOLDPPer,0,1,29,20
3HAO;DOLGLCP_ter,0,1,29,20
3HAO;DOLMANP_ter,0,1,29,20
3HAO;DOLPGT1er,0,1,29,20
3HAO;DOLPGT2er,0,1,29,20
3HAO;DOLPGT3er,0,1,29,20
3HAO;DOLPMT,0,1,29,20
3HAO;DOLPMT1er,0,1,29,20
3HAO;DOLPMT2_er,0,1,29,20
3HAO;DOLPMT3er,0,1,29,20
3HAO;DOLPMT4_er,0,1,29,20
3HAO;DOLP_ter,0,1,29,20
3HAO;ENO,0,2,29,19
3HAO;FBA,0,3,29,18
3HAO;G12MT1,0,1,29,20
3HAO;G12MT2,0,1,29,20
3HAO;G13MT,0,1,29,20
3HAO;G16MT,0,1,29,20
3HAO;G6PPer,0,1,29,20
3HAO;GALU,0,1,29,20
3HAO;GAPD,0,2,29,19
3HAO;GF6PTA,0,1,29,20
3HAO;GLCMter,0,1,29,20
3HAO;GLCNACPT,0,1,29,20
3HAO;GLCNACT,0,1,29,20
3HAO;GLCter,0,1,29,20
3HAO;GLNt4,0,1,29,20
3HAO;GPAT,1,0,28,21
3HAO;H2Otg,0,1,29,20
3HAO;HEX12,0,2,29,19
3HAO;Htg,0,1,29,20
3HAO;Htr,0,1,29,20
3HAO;M1316Mg,0,1,29,20
3HAO;M13N2Tg,0,1,29,20
3HAO;M14NTg,0,1,29,20
3HAO;M16NTg,0,1,29,20
3HAO;M4MPDOL_ter,0,1,29,20
3HAO;M7MASNBterg,0,1,29,20
3HAO;MAN1PT2,0,1,29,20
3HAO;MAN6PI,0,1,29,20
3HAO;MANter,0,1,29,20
3HAO;MANtg,0,1,29,20
3HAO;MG1er,0,1,29,20
3HAO;MG2er,0,1,29,20
3HAO;MG3er,0,1,29,20
3HAO;MM5bg,0,1,29,20
3HAO;MM6B1ag,0,1,29,20
3HAO;MM7B1g,0,1,29,20
3HAO;MM8Ber,0,1,29,20
3HAO;N2M2NMASNt,0,1,29,20
3HAO;NDP7g,0,1,29,20
3HAO;OAADC,0,1,29,20
3HAO;PFK,0,3,29,18
3HAO;PGI,0,1,29,20
3HAO;PGK,0,3,29,18
3HAO;PGM,0,2,29,19
3HAO;PGMT,0,1,29,20
3HAO;PIGTHRDLtm,0,1,29,20
3HAO;PItg,0,1,29,20
3HAO;PLMCOAPTr,0,1,29,20
3HAO;PMANM,0,1,29,20
3HAO;PYK7,0,1,29,20
3HAO;THBPT4ACAMDASE,0,1,29,20
3HAO;TPI,0,3,29,18
3HAO;TRPHYDRO2,0,1,29,20
3HAO;UAGDP,0,1,29,20
3HAO;UDPDOLPT,0,1,29,20
3HAO;UGLCNACtg,0,1,29,20
3HDH100m;3HPCOAHYDm,1,0,28,21
3HDH100m;3HPPDm,1,0,28,21
3HDH100m;BUTt2m,1,0,28,21
3HDH100m;C30CPT1,1,0,28,21
3HDH100m;COAtm,1,2,28,19
3HDH100m;CSNAT2m,1,0,28,21
3HDH100m;CYSt4,1,0,28,21
3HDH100m;FA40ACPH,1,0,28,21
3HDH100m;FACOAL40im,1,0,28,21
3HDH100m;GLYATm,1,0,28,21
3HDH100m;GLYtm,0,1,29,20
3HDH100m;MMSAD3m,1,0,28,21
3HDH100m;NH4tm,0,1,29,20
3HDH100m;OBDHc,1,0,28,21
3HDH100m;PCRNtm,1,0,28,21
3HDH100m;PPCOAOm,1,0,28,21
3HDH100m;PPCOAtm,2,1,27,20
3HDH100m;PPIOGLYc,0,1,29,20
3HDH100m;PPIOGLYte,0,1,29,20
3HDH100m;PPIOGLYtm,0,1,29,20
3HDH100m;PRPNCOAHYDm,1,0,28,21
3HDH100m;THR3Dx,1,0,28,21
3HDH100m;THRD_L,1,0,28,21
3HDH140m;3HPCOAHYDm,1,0,28,21
3HDH140m;3HPPDm,1,0,28,21
3HDH140m;BUTt2m,1,0,28,21
3HDH140m;C30CPT1,1,0,28,21
3HDH140m;COAtm,1,2,28,19
3HDH140m;CSNAT2m,1,0,28,21
3HDH140m;CYSt4,1,0,28,21
3HDH140m;FA40ACPH,1,0,28,21
3HDH140m;FACOAL40im,1,0,28,21
3HDH140m;GLYATm,1,0,28,21
3HDH140m;GLYtm,0,1,29,20
3HDH140m;MMSAD3m,1,0,28,21
3HDH140m;NH4tm,0,1,29,20
3HDH140m;OBDHc,1,0,28,21
3HDH140m;PCRNtm,1,0,28,21
3HDH140m;PPCOAOm,1,0,28,21
3HDH140m;PPCOAtm,2,1,27,20
3HDH140m;PPIOGLYc,0,1,29,20
3HDH140m;PPIOGLYte,0,1,29,20
3HDH140m;PPIOGLYtm,0,1,29,20
3HDH140m;PRPNCOAHYDm,1,0,28,21
3HDH140m;THR3Dx,1,0,28,21
3HDH140m;THRD_L,1,0,28,21
3HDH160m;COAtm,0,1,29,20
3HDH160m;NH4tm,0,1,29,20
3HDH180m;ARTFR13,0,4,29,17
3HDH180m;ARTFR42,0,3,29,18
3HDH180m;ARTFR43,0,1,29,20
3HDH180m;CACT6r,0,4,29,17
3HDH180m;DESAT18_1,0,3,29,18
3HDH180m;FA140ACPH,0,4,29,17
3HDH180m;FACOAL140i,0,2,29,19
3HDH180m;FAE180,0,3,29,18
3HDH180m;FAE181,0,1,29,20
3HDH180m;HACD180,0,3,29,18
3HDH180m;HACD181,0,1,29,20
3HDH180m;HSD180,0,3,29,18
3HDH180m;HSD181,0,1,29,20
3HDH180m;MALCOAMT,0,4,29,17
3HDH180m;MALCOAMTr,0,4,29,17
3HDH180m;OCDE9ECOAtr,0,2,29,19
3HDH180m;OCTD11ECOAtr,0,1,29,20
3HDH180m;RTOT1,0,2,29,19
3HDH180m;RTOT4,0,2,29,19
3HDH180m;TECR180,0,3,29,18
3HDH180m;TECR181,0,1,29,20
3HDH180m;TTDCAFATPc,0,2,29,19
3HDH180m;TTDCAtr,0,2,29,19
3HDH224n6p;G6Pter,2,0,27,21
3HDH224n6p;Htr,1,0,28,21
3HDH224n6p;TRDR,11,4,18,17
3HDH241n9p;DESAT16_1,0,1,29,20
3HDH241n9p;FBA,1,0,28,21
3HDH241n9p;GALU,1,0,28,21
3HDH241n9p;Htr,0,2,29,19
3HDH241n9p;PFK,1,0,28,21
3HDH241n9p;PGI,1,0,28,21
3HDH241n9p;PGMT,1,0,28,21
3HDH241n9p;RTOT4,0,1,29,20
3HDH241n9p;TRDR,4,6,25,15
3HDH60m;3HPCOAHYDm,1,0,28,21
3HDH60m;3HPPDm,1,0,28,21
3HDH60m;BUTt2m,1,0,28,21
3HDH60m;C30CPT1,1,0,28,21
3HDH60m;COAtm,1,2,28,19
3HDH60m;CSNAT2m,1,0,28,21
3HDH60m;CYSt4,1,0,28,21
3HDH60m;FA40ACPH,1,0,28,21
3HDH60m;FACOAL40im,1,0,28,21
3HDH60m;GLYATm,1,0,28,21
3HDH60m;GLYtm,0,1,29,20
3HDH60m;MMSAD3m,1,0,28,21
3HDH60m;NH4tm,0,1,29,20
3HDH60m;OBDHc,1,0,28,21
3HDH60m;PCRNtm,1,0,28,21
3HDH60m;PPCOAOm,1,0,28,21
3HDH60m;PPCOAtm,2,1,27,20
3HDH60m;PPIOGLYc,0,1,29,20
3HDH60m;PPIOGLYte,0,1,29,20
3HDH60m;PPIOGLYtm,0,1,29,20
3HDH60m;PRPNCOAHYDm,1,0,28,21
3HDH60m;THR3Dx,1,0,28,21
3HDH60m;THRD_L,1,0,28,21
3HDH80m;3HPCOAHYDm,1,0,28,21
3HDH80m;3HPPDm,1,0,28,21
3HDH80m;BUTt2m,1,0,28,21
3HDH80m;C30CPT1,1,0,28,21
3HDH80m;COAtm,1,2,28,19
3HDH80m;CSNAT2m,1,0,28,21
3HDH80m;CYSt4,1,0,28,21
3HDH80m;FA40ACPH,1,0,28,21
3HDH80m;FACOAL40im,1,0,28,21
3HDH80m;GLYATm,1,0,28,21
3HDH80m;GLYtm,0,1,29,20
3HDH80m;MMSAD3m,1,0,28,21
3HDH80m;NH4tm,0,1,29,20
3HDH80m;OBDHc,1,0,28,21
3HDH80m;PCRNtm,1,0,28,21
3HDH80m;PPCOAOm,1,0,28,21
3HDH80m;PPCOAtm,2,1,27,20
3HDH80m;PPIOGLYc,0,1,29,20
3HDH80m;PPIOGLYte,0,1,29,20
3HDH80m;PPIOGLYtm,0,1,29,20
3HDH80m;PRPNCOAHYDm,1,0,28,21
3HDH80m;THR3Dx,1,0,28,21
3HDH80m;THRD_L,1,0,28,21
3HGLUTCOAm;AKGGHTRDtm,0,1,29,20
3HGLUTCOAm;ALATA_L,2,0,27,21
3HGLUTCOAm;AMID6,1,0,28,21
3HGLUTCOAm;GPAT,1,0,28,21
3HGLUTCOAm;PIGTHRDLtm,0,1,29,20
3HGLUTCOAm;TRDR,1,0,28,21
3HLYTCL;AMETt2m,0,1,29,20
3HLYTCL;PETOHMm_hs,0,1,29,20
3HLYTCL;PSDm_hs,2,1,27,20
3HLYTCL;PSFLIPm,2,1,27,20
3HPCOAHYDm;ACACT100m,1,0,28,21
3HPCOAHYDm;ACACT140m,1,0,28,21
3HPCOAHYDm;ACACT60m,1,0,28,21
3HPCOAHYDm;ACACT80m,1,0,28,21
3HPCOAHYDm;ACHtn,1,0,28,21
3HPCOAHYDm;ACITLn,1,0,28,21
3HPCOAHYDm;ACOAD100m,1,0,28,21
3HPCOAHYDm;ACOAD140m,1,0,28,21
3HPCOAHYDm;ACOAD1fm,3,0,26,21
3HPCOAHYDm;ACOAD60m,1,0,28,21
3HPCOAHYDm;ACOAD80m,1,0,28,21
3HPCOAHYDm;ACOATE100m,1,0,28,21
3HPCOAHYDm;ACONTa,1,0,28,21
3HPCOAHYDm;ACONTb,1,0,28,21
3HPCOAHYDm;ADK3m,2,0,27,21
3HPCOAHYDm;ADPtn,1,0,28,21
3HPCOAHYDm;AKGMALtm,1,0,28,21
3HPCOAHYDm;AKGSUCCtm,0,1,29,20
3HPCOAHYDm;ALDD2y,1,0,28,21
3HPCOAHYDm;AMID6,0,1,29,20
3HPCOAHYDm;AMPt4,1,0,28,21
3HPCOAHYDm;APAT2rm,1,0,28,21
3HPCOAHYDm;ATPtn,1,0,28,21
3HPCOAHYDm;BALAtmr,1,0,28,21
3HPCOAHYDm;CHAT,1,0,28,21
3HPCOAHYDm;CHATn,1,0,28,21
3HPCOAHYDm;CHOLtn,1,0,28,21
3HPCOAHYDm;CITtn,1,0,28,21
3HPCOAHYDm;ECOAH1m,3,0,26,21
3HPCOAHYDm;FACOAL100im,1,0,28,21
3HPCOAHYDm;GPAT,0,1,29,20
3HPCOAHYDm;HACD1m,3,0,26,21
3HPCOAHYDm;ICDHyrm,1,0,28,21
3HPCOAHYDm;ICITMALtm,1,0,28,21
3HPCOAHYDm;MDH,1,0,28,21
3HPCOAHYDm;NH4tm,0,2,29,19
3HPCOAHYDm;OAAtn,1,0,28,21
3HPCOAHYDm;OXALSUCCCLm,1,0,28,21
3HPCOAHYDm;PIt2m_2,1,0,28,21
3HPCOAHYDm;PItn,1,0,28,21
3HPCOAHYDm;PPCOACRNtm,1,0,28,21
3HPCOAHYDm;PPIOGLYc,0,1,29,20
3HPCOAHYDm;PPIOGLYte,0,1,29,20
3HPCOAHYDm;PPIOGLYtm,0,1,29,20
3HPCOAHYDm;PPItm,3,0,26,21
3HPCOAHYDm;TTDCPT1,1,0,28,21
3HPCOAHYDm;TTDCPT2,1,0,28,21
3HPCOAHYDm;TTDCRNt,1,0,28,21
3HPPDm;ACACT100m,1,0,28,21
3HPPDm;ACACT140m,1,0,28,21
3HPPDm;ACACT60m,1,0,28,21
3HPPDm;ACACT80m,1,0,28,21
3HPPDm;ACHtn,1,0,28,21
3HPPDm;ACITLn,1,0,28,21
3HPPDm;ACOAD100m,1,0,28,21
3HPPDm;ACOAD140m,1,0,28,21
3HPPDm;ACOAD1fm,3,0,26,21
3HPPDm;ACOAD60m,1,0,28,21
3HPPDm;ACOAD80m,1,0,28,21
3HPPDm;ACOATE100m,1,0,28,21
3HPPDm;ACONTa,1,0,28,21
3HPPDm;ACONTb,1,0,28,21
3HPPDm;ADK3m,2,0,27,21
3HPPDm;ADPtn,1,0,28,21
3HPPDm;AKGMALtm,1,0,28,21
3HPPDm;AKGSUCCtm,0,1,29,20
3HPPDm;ALDD2y,1,0,28,21
3HPPDm;AMID6,0,1,29,20
3HPPDm;AMPt4,1,0,28,21
3HPPDm;APAT2rm,1,0,28,21
3HPPDm;ATPtn,1,0,28,21
3HPPDm;BALAtmr,1,0,28,21
3HPPDm;CHAT,1,0,28,21
3HPPDm;CHATn,1,0,28,21
3HPPDm;CHOLtn,1,0,28,21
3HPPDm;CITtn,1,0,28,21
3HPPDm;ECOAH1m,3,0,26,21
3HPPDm;FACOAL100im,1,0,28,21
3HPPDm;GPAT,0,1,29,20
3HPPDm;HACD1m,3,0,26,21
3HPPDm;ICDHyrm,1,0,28,21
3HPPDm;ICITMALtm,1,0,28,21
3HPPDm;MDH,1,0,28,21
3HPPDm;NH4tm,0,2,29,19
3HPPDm;OAAtn,1,0,28,21
3HPPDm;OXALSUCCCLm,1,0,28,21
3HPPDm;PIt2m_2,1,0,28,21
3HPPDm;PItn,1,0,28,21
3HPPDm;PPCOACRNtm,1,0,28,21
3HPPDm;PPIOGLYc,0,1,29,20
3HPPDm;PPIOGLYte,0,1,29,20
3HPPDm;PPIOGLYtm,0,1,29,20
3HPPDm;PPItm,3,0,26,21
3HPPDm;TTDCPT1,1,0,28,21
3HPPDm;TTDCPT2,1,0,28,21
3HPPDm;TTDCRNt,1,0,28,21
3MHISc;PHEt4,0,1,29,20
3MHISt1;PHEt4,1,1,28,20
3MHISt2;LEUt4,2,1,27,20
3MHISt2;PHEt4,0,1,29,20
3MHISt3;LEUt4,0,1,29,20
3MHISt3;PHEt4,3,3,26,18
3MOPt2im;ALDD2y,0,1,29,20
3MOPt2im;ATPS4m,0,1,29,20
3MOPt2im;CYOOm2,0,1,29,20
3MOPt2im;CYOR_u10m,0,1,29,20
3MOPt2im;HMGCOASim,0,1,29,20
3MOPt2im;MAL_Lte,0,1,29,20
3MOPt2im;PHETA1,0,1,29,20
3MOPt2im;PHETA1m,0,1,29,20
3MOPt2im;PHEt4m,0,1,29,20
3MOPt2im;PHPYRtm,0,1,29,20
3MTPte;AMID6,1,0,28,21
3MTPte;GPAT,1,0,28,21
3OAR160;ARTFR13,0,4,29,17
3OAR160;ARTFR42,0,3,29,18
3OAR160;ARTFR43,0,1,29,20
3OAR160;CACT6r,0,4,29,17
3OAR160;DESAT18_1,0,3,29,18
3OAR160;FA140ACPH,0,4,29,17
3OAR160;FACOAL140i,0,2,29,19
3OAR160;FAE180,0,3,29,18
3OAR160;FAE181,0,1,29,20
3OAR160;HACD180,0,3,29,18
3OAR160;HACD181,0,1,29,20
3OAR160;HSD180,0,3,29,18
3OAR160;HSD181,0,1,29,20
3OAR160;MALCOAMT,0,4,29,17
3OAR160;MALCOAMTr,0,4,29,17
3OAR160;OCDE9ECOAtr,0,2,29,19
3OAR160;OCTD11ECOAtr,0,1,29,20
3OAR160;RTOT1,0,2,29,19
3OAR160;RTOT4,0,2,29,19
3OAR160;TECR180,0,3,29,18
3OAR160;TECR181,0,1,29,20
3OAR160;TTDCAFATPc,0,2,29,19
3OAR160;TTDCAtr,0,2,29,19
3OAR180;ARTFR13,0,4,29,17
3OAR180;ARTFR42,0,3,29,18
3OAR180;ARTFR43,0,1,29,20
3OAR180;CACT6r,0,4,29,17
3OAR180;DESAT18_1,0,3,29,18
3OAR180;FA140ACPH,0,4,29,17
3OAR180;FACOAL140i,0,2,29,19
3OAR180;FAE180,0,3,29,18
3OAR180;FAE181,0,1,29,20
3OAR180;HACD180,0,3,29,18
3OAR180;HACD181,0,1,29,20
3OAR180;HSD180,0,3,29,18
3OAR180;HSD181,0,1,29,20
3OAR180;MALCOAMT,0,4,29,17
3OAR180;MALCOAMTr,0,4,29,17
3OAR180;OCDE9ECOAtr,0,2,29,19
3OAR180;OCTD11ECOAtr,0,1,29,20
3OAR180;RTOT1,0,2,29,19
3OAR180;RTOT4,0,2,29,19
3OAR180;TECR180,0,3,29,18
3OAR180;TECR181,0,1,29,20
3OAR180;TTDCAFATPc,0,2,29,19
3OAR180;TTDCAtr,0,2,29,19
3OAS160;ARTFR13,0,4,29,17
3OAS160;ARTFR42,0,3,29,18
3OAS160;ARTFR43,0,1,29,20
3OAS160;CACT6r,0,4,29,17
3OAS160;DESAT18_1,0,3,29,18
3OAS160;FA140ACPH,0,4,29,17
3OAS160;FACOAL140i,0,2,29,19
3OAS160;FAE180,0,3,29,18
3OAS160;FAE181,0,1,29,20
3OAS160;HACD180,0,3,29,18
3OAS160;HACD181,0,1,29,20
3OAS160;HSD180,0,3,29,18
3OAS160;HSD181,0,1,29,20
3OAS160;MALCOAMT,0,4,29,17
3OAS160;MALCOAMTr,0,4,29,17
3OAS160;OCDE9ECOAtr,0,2,29,19
3OAS160;OCTD11ECOAtr,0,1,29,20
3OAS160;RTOT1,0,2,29,19
3OAS160;RTOT4,0,2,29,19
3OAS160;TECR180,0,3,29,18
3OAS160;TECR181,0,1,29,20
3OAS160;TTDCAFATPc,0,2,29,19
3OAS160;TTDCAtr,0,2,29,19
3OAS180;ARTFR13,0,4,29,17
3OAS180;ARTFR42,0,3,29,18
3OAS180;ARTFR43,0,1,29,20
3OAS180;CACT6r,0,4,29,17
3OAS180;DESAT18_1,0,3,29,18
3OAS180;FA140ACPH,0,4,29,17
3OAS180;FACOAL140i,0,2,29,19
3OAS180;FAE180,0,3,29,18
3OAS180;FAE181,0,1,29,20
3OAS180;HACD180,0,3,29,18
3OAS180;HACD181,0,1,29,20
3OAS180;HSD180,0,3,29,18
3OAS180;HSD181,0,1,29,20
3OAS180;MALCOAMT,0,4,29,17
3OAS180;MALCOAMTr,0,4,29,17
3OAS180;OCDE9ECOAtr,0,2,29,19
3OAS180;OCTD11ECOAtr,0,1,29,20
3OAS180;RTOT1,0,2,29,19
3OAS180;RTOT4,0,2,29,19
3OAS180;TECR180,0,3,29,18
3OAS180;TECR181,0,1,29,20
3OAS180;TTDCAFATPc,0,2,29,19
3OAS180;TTDCAtr,0,2,29,19
3OHGLUTACOAT3t;AKGGHTRDtm,0,1,29,20
3OHGLUTACOAT3t;ALATA_L,2,0,27,21
3OHGLUTACOAT3t;AMID6,1,0,28,21
3OHGLUTACOAT3t;GPAT,1,0,28,21
3OHGLUTACOAT3t;PIGTHRDLtm,0,1,29,20
3OHGLUTACOAT3t;TRDR,1,0,28,21
3OHGLUTACm;AKGGHTRDtm,0,1,29,20
3OHGLUTACm;ALATA_L,2,0,27,21
3OHGLUTACm;AMID6,1,0,28,21
3OHGLUTACm;GPAT,1,0,28,21
3OHGLUTACm;PIGTHRDLtm,0,1,29,20
3OHGLUTACm;TRDR,1,0,28,21
3OHGLUTACtm;AKGGHTRDtm,0,1,29,20
3OHGLUTACtm;ALATA_L,2,0,27,21
3OHGLUTACtm;AMID6,1,0,28,21
3OHGLUTACtm;GPAT,1,0,28,21
3OHGLUTACtm;PIGTHRDLtm,0,1,29,20
3OHGLUTACtm;TRDR,1,0,28,21
3SALAASPm;ACONTam,0,1,29,20
3SALAASPm;ASPDH,2,0,27,21
3SALAASPm;ASPGLUm,1,0,28,21
3SALAASPm;CITRt2m,2,0,27,21
3SALAASPm;CITRtm,2,0,27,21
3SALAASPm;CITtam,0,2,29,19
3SALAASPm;CO2tm,5,1,24,20
3SALAASPm;DHFR,1,0,28,21
3SALAASPm;DHFR3m,1,0,28,21
3SALAASPm;DHFR3x,1,0,28,21
3SALAASPm;DHFRm,1,1,28,20
3SALAASPm;DHFtm,0,1,29,20
3SALAASPm;ENO,1,3,28,18
3SALAASPm;FBA,0,1,29,20
3SALAASPm;FOLtm,1,0,28,21
3SALAASPm;FUM,1,0,28,21
3SALAASPm;GAPD,1,3,28,18
3SALAASPm;GLUDym,1,1,28,20
3SALAASPm;HCO3E,1,0,28,21
3SALAASPm;HCO3Em,1,0,28,21
3SALAASPm;HCO3tm,1,0,28,21
3SALAASPm;MALACONtm,0,1,29,20
3SALAASPm;MDH,4,0,25,21
3SALAASPm;NH4tm,1,1,28,20
3SALAASPm;NMNS,1,0,28,21
3SALAASPm;PEPCK,4,0,25,21
3SALAASPm;PFK,0,1,29,20
3SALAASPm;PGI,0,1,29,20
3SALAASPm;PGK,1,3,28,18
3SALAASPm;PGM,1,3,28,18
3SALAASPm;PYK,3,0,26,21
3SALAASPm;PYK7,0,2,29,19
3SALAASPm;PYRAKGte,0,1,29,20
3SALAASPm;THFtm,1,0,28,21
3SALAASPm;TPI,1,3,28,18
3SALATAi;NMNS,1,0,28,21
3SALATAim;ACONTam,0,1,29,20
3SALATAim;ASPDH,2,0,27,21
3SALATAim;ASPGLUm,1,0,28,21
3SALATAim;CITRt2m,2,0,27,21
3SALATAim;CITRtm,2,0,27,21
3SALATAim;CITtam,0,2,29,19
3SALATAim;CO2tm,5,1,24,20
3SALATAim;DHFR,1,0,28,21
3SALATAim;DHFR3m,1,0,28,21
3SALATAim;DHFR3x,1,0,28,21
3SALATAim;DHFRm,1,1,28,20
3SALATAim;DHFtm,0,1,29,20
3SALATAim;ENO,1,3,28,18
3SALATAim;FBA,0,1,29,20
3SALATAim;FOLtm,1,0,28,21
3SALATAim;FUM,1,0,28,21
3SALATAim;GAPD,1,3,28,18
3SALATAim;GLUDym,1,1,28,20
3SALATAim;HCO3E,1,0,28,21
3SALATAim;HCO3Em,1,0,28,21
3SALATAim;HCO3tm,1,0,28,21
3SALATAim;MALACONtm,0,1,29,20
3SALATAim;MDH,4,0,25,21
3SALATAim;NH4tm,1,1,28,20
3SALATAim;NMNS,1,0,28,21
3SALATAim;PEPCK,4,0,25,21
3SALATAim;PFK,0,1,29,20
3SALATAim;PGI,0,1,29,20
3SALATAim;PGK,1,3,28,18
3SALATAim;PGM,1,3,28,18
3SALATAim;PYK,3,0,26,21
3SALATAim;PYK7,0,2,29,19
3SALATAim;PYRAKGte,0,1,29,20
3SALATAim;THFtm,1,0,28,21
3SALATAim;TPI,1,3,28,18
3SPYRSP;NMNS,1,0,28,21
3SPYRSPm;ACONTam,0,1,29,20
3SPYRSPm;ASPDH,2,0,27,21
3SPYRSPm;ASPGLUm,1,0,28,21
3SPYRSPm;CITRt2m,2,0,27,21
3SPYRSPm;CITRtm,2,0,27,21
3SPYRSPm;CITtam,0,2,29,19
3SPYRSPm;CO2tm,5,1,24,20
3SPYRSPm;DHFR,1,0,28,21
3SPYRSPm;DHFR3m,1,0,28,21
3SPYRSPm;DHFR3x,1,0,28,21
3SPYRSPm;DHFRm,1,1,28,20
3SPYRSPm;DHFtm,0,1,29,20
3SPYRSPm;ENO,1,3,28,18
3SPYRSPm;FBA,0,1,29,20
3SPYRSPm;FOLtm,1,0,28,21
3SPYRSPm;FUM,1,0,28,21
3SPYRSPm;GAPD,1,3,28,18
3SPYRSPm;GLUDym,1,1,28,20
3SPYRSPm;HCO3E,1,0,28,21
3SPYRSPm;HCO3Em,1,0,28,21
3SPYRSPm;HCO3tm,1,0,28,21
3SPYRSPm;MALACONtm,0,1,29,20
3SPYRSPm;MDH,4,0,25,21
3SPYRSPm;NH4tm,1,1,28,20
3SPYRSPm;NMNS,1,0,28,21
3SPYRSPm;PEPCK,4,0,25,21
3SPYRSPm;PFK,0,1,29,20
3SPYRSPm;PGI,0,1,29,20
3SPYRSPm;PGK,1,3,28,18
3SPYRSPm;PGM,1,3,28,18
3SPYRSPm;PYK,3,0,26,21
3SPYRSPm;PYK7,0,2,29,19
3SPYRSPm;PYRAKGte,0,1,29,20
3SPYRSPm;THFtm,1,0,28,21
3SPYRSPm;TPI,1,3,28,18
42A12BOOX;AMETt2m,0,1,29,20
42A12BOOX;PETOHMm_hs,0,1,29,20
42A12BOOX;PSDm_hs,2,1,27,20
42A12BOOX;PSFLIPm,2,1,27,20
4ABUTNDH;METOX,0,1,29,20
4ABUTNDH;PUNP1,1,0,28,21
4ABUTtm;AKGSUCCtm,1,0,28,21
4ABUTtm;CO2tm,1,0,28,21
4ABUTtm;ECOAH1m,1,0,28,21
4ABUTtm;GLUDym,1,0,28,21
4ABUTtm;HACD1m,1,0,28,21
4ABUTtm;PUNP1,1,0,28,21
4HBZCOAFm;ATPS4m,0,2,29,19
4HBZCOAFm;CYOOm2,0,2,29,19
4HBZCOAFm;CYOR_u10m,0,2,29,19
4HBZFm;ATPS4m,0,2,29,19
4HBZFm;CYOOm2,0,2,29,19
4HBZFm;CYOR_u10m,0,2,29,19
4HPROLTASCT1;HCO3_CLt,0,1,29,20
4MOPt2im;GLUDym,0,1,29,20
4MOPt2im;HMGCOASim,1,0,28,21
4MOPt2im;NH4tm,0,1,29,20
4OHBUTm;ACONTa,1,0,28,21
4OHBUTm;ACONTam,1,0,28,21
4OHBUTm;ACONTb,2,0,27,21
4OHBUTm;ACONTbm,2,0,27,21
4OHBUTm;AKGACONtm,2,0,27,21
4OHBUTm;AKGCITtm,1,0,28,21
4OHBUTm;AKGICITtm,1,0,28,21
4OHBUTm;AKGSUCCtm,3,0,26,21
4OHBUTm;DHFR,1,1,28,20
4OHBUTm;DHFRm,1,0,28,21
4OHBUTm;GLUDxm,5,1,24,20
4OHBUTm;GLUDym,2,0,27,21
4OHBUTm;GTPGDPtm,1,0,28,21
4OHBUTm;NDPK1,0,1,29,20
4OHBUTm;O2t,1,0,28,21
4OHBUTm;PPItm,1,0,28,21
4OHBUTm;PYK,1,0,28,21
4OHBUTm;SSALym,2,0,27,21
4OHBUTm;SUCCACONtm,3,0,26,21
4OHBUTm;SUCCICITtm,3,0,26,21
4OHBUTm;THFtm,1,0,28,21
4OHBUTtce;ACONTa,1,0,28,21
4OHBUTtce;ACONTam,1,0,28,21
4OHBUTtce;ACONTb,2,0,27,21
4OHBUTtce;ACONTbm,2,0,27,21
4OHBUTtce;AKGACONtm,2,0,27,21
4OHBUTtce;AKGCITtm,1,0,28,21
4OHBUTtce;AKGICITtm,1,0,28,21
4OHBUTtce;AKGSUCCtm,3,0,26,21
4OHBUTtce;DHFR,1,1,28,20
4OHBUTtce;DHFRm,1,0,28,21
4OHBUTtce;GLUDxm,5,1,24,20
4OHBUTtce;GLUDym,2,0,27,21
4OHBUTtce;GTPGDPtm,1,0,28,21
4OHBUTtce;NDPK1,0,1,29,20
4OHBUTtce;O2t,1,0,28,21
4OHBUTtce;PPItm,1,0,28,21
4OHBUTtce;PYK,1,0,28,21
4OHBUTtce;SSALym,2,0,27,21
4OHBUTtce;SUCCACONtm,3,0,26,21
4OHBUTtce;SUCCICITtm,3,0,26,21
4OHBUTtce;THFtm,1,0,28,21
4OHBUTtmc;ACONTa,1,0,28,21
4OHBUTtmc;ACONTam,1,0,28,21
4OHBUTtmc;ACONTb,2,0,27,21
4OHBUTtmc;ACONTbm,2,0,27,21
4OHBUTtmc;AKGACONtm,2,0,27,21
4OHBUTtmc;AKGCITtm,1,0,28,21
4OHBUTtmc;AKGICITtm,1,0,28,21
4OHBUTtmc;AKGSUCCtm,3,0,26,21
4OHBUTtmc;DHFR,1,1,28,20
4OHBUTtmc;DHFRm,1,0,28,21
4OHBUTtmc;GLUDxm,5,1,24,20
4OHBUTtmc;GLUDym,2,0,27,21
4OHBUTtmc;GTPGDPtm,1,0,28,21
4OHBUTtmc;NDPK1,0,1,29,20
4OHBUTtmc;O2t,1,0,28,21
4OHBUTtmc;PPItm,1,0,28,21
4OHBUTtmc;PYK,1,0,28,21
4OHBUTtmc;SSALym,2,0,27,21
4OHBUTtmc;SUCCACONtm,3,0,26,21
4OHBUTtmc;SUCCICITtm,3,0,26,21
4OHBUTtmc;THFtm,1,0,28,21
4OHPROIMINOtc;HCO3_CLt,0,1,29,20
56DTHMtm;AKGDa1,2,1,27,20
56DTHMtm;AKGDa2,2,1,27,20
56DTHMtm;AKGDb,2,1,27,20
56DTHMtm;ASPDH,2,0,27,21
56DTHMtm;CDS,0,1,29,20
56DTHMtm;DCYTD,0,1,29,20
56DTHMtm;DLD,2,1,27,20
56DTHMtm;DURIPP,6,3,23,18
56DTHMtm;ENO,1,0,28,21
56DTHMtm;FBA,0,1,29,20
56DTHMtm;GAPD,1,0,28,21
56DTHMtm;HCO3Em,0,1,29,20
56DTHMtm;HCO3tm,0,1,29,20
56DTHMtm;Htr,0,2,29,19
56DTHMtm;NDP6,0,1,29,20
56DTHMtm;NTD1,6,0,23,21
56DTHMtm;NTD3,0,1,29,20
56DTHMtm;PEPCK,1,0,28,21
56DTHMtm;PFK,0,1,29,20
56DTHMtm;PGI,0,1,29,20
56DTHMtm;PGK,1,0,28,21
56DTHMtm;PGM,1,0,28,21
56DTHMtm;THRA,1,0,28,21
56DTHMtm;URIK4,0,1,29,20
5AOPtm;ADK3m,0,1,29,20
5AOPtm;ATPS4m,1,0,28,21
5AOPtm;CDS,0,1,29,20
5AOPtm;DCYTD,0,1,29,20
5AOPtm;DURIPP,0,3,29,18
5AOPtm;FBA,0,1,29,20
5AOPtm;GLYtm,1,1,28,20
5AOPtm;GTPGDPtm,0,1,29,20
5AOPtm;HCO3Em,0,1,29,20
5AOPtm;HCO3tm,0,1,29,20
5AOPtm;Htr,0,2,29,19
5AOPtm;NDP6,0,1,29,20
5AOPtm;NTD3,0,1,29,20
5AOPtm;PFK,0,1,29,20
5AOPtm;PGI,0,1,29,20
5AOPtm;PPItm,0,1,29,20
5AOPtm;URIK4,0,1,29,20
5HLTDL;FKYNH,0,1,29,20
5HLTDL;HKYNH,0,1,29,20
5HLTDL;KYN3OX,0,1,29,20
5HLTDL;NNDPR,0,1,29,20
5HLTDL;QUILSYN,0,1,29,20
5HLTDL;TRPO2,0,1,29,20
5HOXINDACTO2OX;PYK,1,0,28,21
5HOXINDACTOX;PYK,1,0,28,21
5HTRPVESSEC;ALDD19x,1,0,28,21
5HTRPVESSEC;ALDD19y,1,0,28,21
AACOAT_1;TRDR,1,0,28,21
AASAD3;TRDR,2,0,27,21
AATAi;TRDR,2,0,27,21
ABTArm;AKGSUCCtm,1,0,28,21
ABTArm;CO2tm,1,0,28,21
ABTArm;ECOAH1m,1,0,28,21
ABTArm;GLUDym,1,0,28,21
ABTArm;HACD1m,1,0,28,21
ABTArm;PUNP1,1,0,28,21
ABUTD;METOX,0,1,29,20
ABUTD;PUNP1,1,0,28,21
ABUTt2r;ABUTt4_2_r,0,1,29,20
ABUTt4_2_r;GABAVESSEC,0,1,29,20
ACACPYRtm;ACHtn,2,0,27,21
ACACPYRtm;ACITLn,2,0,27,21
ACACPYRtm;ACONTa,2,0,27,21
ACACPYRtm;ACONTb,1,0,28,21
ACACPYRtm;ACONTbm,1,0,28,21
ACACPYRtm;ADPtn,2,0,27,21
ACACPYRtm;AKGACONtm,1,0,28,21
ACACPYRtm;AKGMALtm,1,0,28,21
ACACPYRtm;ATPtn,2,0,27,21
ACACPYRtm;CHAT,2,0,27,21
ACACPYRtm;CHATn,2,0,27,21
ACACPYRtm;CHOLtn,2,0,27,21
ACACPYRtm;CITtn,2,0,27,21
ACACPYRtm;CO2tm,1,0,28,21
ACACPYRtm;GLUDym,1,0,28,21
ACACPYRtm;ICDHyrm,2,0,27,21
ACACPYRtm;ICITMALtm,1,0,28,21
ACACPYRtm;MDH,1,0,28,21
ACACPYRtm;NH4tm,1,0,28,21
ACACPYRtm;OAAtn,2,0,27,21
ACACPYRtm;OXALSUCCCLm,2,0,27,21
ACACPYRtm;PEPCK,1,0,28,21
ACACPYRtm;PIt2m_2,1,0,28,21
ACACPYRtm;PItn,2,0,27,21
ACACPYRtm;PROtm,1,0,28,21
ACACPYRtm;TRDR,1,0,28,21
ACACT100m;BUTt2m,1,0,28,21
ACACT100m;C30CPT1,1,0,28,21
ACACT100m;COAtm,1,2,28,19
ACACT100m;CSNAT2m,1,0,28,21
ACACT100m;CYSt4,1,0,28,21
ACACT100m;FA40ACPH,1,0,28,21
ACACT100m;FACOAL40im,1,0,28,21
ACACT100m;GLYATm,1,0,28,21
ACACT100m;GLYtm,0,1,29,20
ACACT100m;MMSAD3m,1,0,28,21
ACACT100m;NH4tm,0,1,29,20
ACACT100m;OBDHc,1,0,28,21
ACACT100m;PCRNtm,1,0,28,21
ACACT100m;PPCOAOm,1,0,28,21
ACACT100m;PPCOAtm,2,1,27,20
ACACT100m;PPIOGLYc,0,1,29,20
ACACT100m;PPIOGLYte,0,1,29,20
ACACT100m;PPIOGLYtm,0,1,29,20
ACACT100m;PRPNCOAHYDm,1,0,28,21
ACACT100m;THR3Dx,1,0,28,21
ACACT100m;THRD_L,1,0,28,21
ACACT10m;PPIOGLYc,0,2,29,19
ACACT10m;PPIOGLYte,0,2,29,19
ACACT10m;PPIOGLYtm,0,2,29,19
ACACT140m;BUTt2m,1,0,28,21
ACACT140m;C30CPT1,1,0,28,21
ACACT140m;COAtm,1,2,28,19
ACACT140m;CSNAT2m,1,0,28,21
ACACT140m;CYSt4,1,0,28,21
ACACT140m;FA40ACPH,1,0,28,21
ACACT140m;FACOAL40im,1,0,28,21
ACACT140m;GLYATm,1,0,28,21
ACACT140m;GLYtm,0,1,29,20
ACACT140m;MMSAD3m,1,0,28,21
ACACT140m;NH4tm,0,1,29,20
ACACT140m;OBDHc,1,0,28,21
ACACT140m;PCRNtm,1,0,28,21
ACACT140m;PPCOAOm,1,0,28,21
ACACT140m;PPCOAtm,2,1,27,20
ACACT140m;PPIOGLYc,0,1,29,20
ACACT140m;PPIOGLYte,0,1,29,20
ACACT140m;PPIOGLYtm,0,1,29,20
ACACT140m;PRPNCOAHYDm,1,0,28,21
ACACT140m;THR3Dx,1,0,28,21
ACACT140m;THRD_L,1,0,28,21
ACACT160m;COAtm,0,1,29,20
ACACT160m;NH4tm,0,1,29,20
ACACT180m;ARTFR13,0,4,29,17
ACACT180m;ARTFR42,0,3,29,18
ACACT180m;ARTFR43,0,1,29,20
ACACT180m;CACT6r,0,4,29,17
ACACT180m;DESAT18_1,0,3,29,18
ACACT180m;FA140ACPH,0,4,29,17
ACACT180m;FACOAL140i,0,2,29,19
ACACT180m;FAE180,0,3,29,18
ACACT180m;FAE181,0,1,29,20
ACACT180m;HACD180,0,3,29,18
ACACT180m;HACD181,0,1,29,20
ACACT180m;HSD180,0,3,29,18
ACACT180m;HSD181,0,1,29,20
ACACT180m;MALCOAMT,0,4,29,17
ACACT180m;MALCOAMTr,0,4,29,17
ACACT180m;OCDE9ECOAtr,0,2,29,19
ACACT180m;OCTD11ECOAtr,0,1,29,20
ACACT180m;RTOT1,0,2,29,19
ACACT180m;RTOT4,0,2,29,19
ACACT180m;TECR180,0,3,29,18
ACACT180m;TECR181,0,1,29,20
ACACT180m;TTDCAFATPc,0,2,29,19
ACACT180m;TTDCAtr,0,2,29,19
ACACT1rm;ACOA40ORm,4,4,25,17
ACACT1rm;ACOAD1fm,11,0,18,21
ACACT1rm;ADK3m,10,2,19,19
ACACT1rm;AKGGHTRDtm,1,0,28,21
ACACT1rm;AMPt4,3,0,26,21
ACACT1rm;ARTFR42,0,1,29,20
ACACT1rm;BUTt2m,3,1,26,20
ACACT1rm;DESAT18_1,0,1,29,20
ACACT1rm;ECOAH1m,18,4,11,17
ACACT1rm;FA40ACPH,3,1,26,20
ACACT1rm;FACOAL40im,3,1,26,20
ACACT1rm;FCYTOB5OXRyr,1,0,28,21
ACACT1rm;G5SADr,1,0,28,21
ACACT1rm;GLU5SAtmc,1,0,28,21
ACACT1rm;GLUDxm,0,1,29,20
ACACT1rm;GLYtm,0,1,29,20
ACACT1rm;GSADHm,1,0,28,21
ACACT1rm;GTPGDPtm,1,1,28,20
ACACT1rm;HACD1m,18,4,11,17
ACACT1rm;NDPK1,0,1,29,20
ACACT1rm;NMNS,1,0,28,21
ACACT1rm;OCDE9ECOAtr,0,1,29,20
ACACT1rm;PIGTHRDLtm,1,0,28,21
ACACT1rm;PIMALtm,1,0,28,21
ACACT1rm;PIt2m_2,1,0,28,21
ACACT1rm;PPItm,15,1,14,20
ACACT1rm;RTOT4,4,2,25,19
ACACT1rm;SO4AKGtm,1,0,28,21
ACACT1rm;SO4MALtm,1,0,28,21
ACACT1x;TRDR,1,0,28,21
ACACT224n6p;DESAT16_1,0,1,29,20
ACACT224n6p;FBA,1,0,28,21
ACACT224n6p;G6Pter,2,0,27,21
ACACT224n6p;GALU,1,0,28,21
ACACT224n6p;Htr,1,2,28,19
ACACT224n6p;PFK,1,0,28,21
ACACT224n6p;PGI,1,0,28,21
ACACT224n6p;PGMT,1,0,28,21
ACACT224n6p;RTOT4,0,1,29,20
ACACT224n6p;TRDR,15,10,14,11
ACACT60m;BUTt2m,1,0,28,21
ACACT60m;C30CPT1,1,0,28,21
ACACT60m;COAtm,1,2,28,19
ACACT60m;CSNAT2m,1,0,28,21
ACACT60m;CYSt4,1,0,28,21
ACACT60m;FA40ACPH,1,0,28,21
ACACT60m;FACOAL40im,1,0,28,21
ACACT60m;GLYATm,1,0,28,21
ACACT60m;GLYtm,0,1,29,20
ACACT60m;MMSAD3m,1,0,28,21
ACACT60m;NH4tm,0,1,29,20
ACACT60m;OBDHc,1,0,28,21
ACACT60m;PCRNtm,1,0,28,21
ACACT60m;PPCOAOm,1,0,28,21
ACACT60m;PPCOAtm,2,1,27,20
ACACT60m;PPIOGLYc,0,1,29,20
ACACT60m;PPIOGLYte,0,1,29,20
ACACT60m;PPIOGLYtm,0,1,29,20
ACACT60m;PRPNCOAHYDm,1,0,28,21
ACACT60m;THR3Dx,1,0,28,21
ACACT60m;THRD_L,1,0,28,21
ACACT80m;BUTt2m,1,0,28,21
ACACT80m;C30CPT1,1,0,28,21
ACACT80m;COAtm,1,2,28,19
ACACT80m;CSNAT2m,1,0,28,21
ACACT80m;CYSt4,1,0,28,21
ACACT80m;FA40ACPH,1,0,28,21
ACACT80m;FACOAL40im,1,0,28,21
ACACT80m;GLYATm,1,0,28,21
ACACT80m;GLYtm,0,1,29,20
ACACT80m;MMSAD3m,1,0,28,21
ACACT80m;NH4tm,0,1,29,20
ACACT80m;OBDHc,1,0,28,21
ACACT80m;PCRNtm,1,0,28,21
ACACT80m;PPCOAOm,1,0,28,21
ACACT80m;PPCOAtm,2,1,27,20
ACACT80m;PPIOGLYc,0,1,29,20
ACACT80m;PPIOGLYte,0,1,29,20
ACACT80m;PPIOGLYtm,0,1,29,20
ACACT80m;PRPNCOAHYDm,1,0,28,21
ACACT80m;THR3Dx,1,0,28,21
ACACT80m;THRD_L,1,0,28,21
ACACt2m;ACCOAL2,1,0,28,21
ACACt2m;ACOAS,1,0,28,21
ACACtx;TRDR,1,0,28,21
ACALDt;G6Pter,1,0,28,21
ACALDt;GLYtm,0,1,29,20
ACALDt;Htr,0,1,29,20
ACALDt;URIK4,0,1,29,20
ACCOAL2;ACITL,1,0,28,21
ACCOAL2;ACONTa,1,1,28,20
ACCOAL2;ACONTb,1,1,28,20
ACCOAL2;ACONTbm,0,1,29,20
ACCOAL2;AKGMALtm,1,0,28,21
ACCOAL2;CDS,0,1,29,20
ACCOAL2;FBA,0,1,29,20
ACCOAL2;GLYATm,1,0,28,21
ACCOAL2;HCO3tm,0,1,29,20
ACCOAL2;HMGL,1,0,28,21
ACCOAL2;Htr,0,1,29,20
ACCOAL2;ICDHyrm,0,1,29,20
ACCOAL2;ICITMALtm,1,1,28,20
ACCOAL2;NH4tm,0,1,29,20
ACCOAL2;OAADC,1,1,28,20
ACCOAL2;OCOAT1m,1,0,28,21
ACCOAL2;OXALSUCCCLm,1,2,28,19
ACCOAL2;PFK,0,1,29,20
ACCOAL2;PGI,0,1,29,20
ACCOAL2;PPCOAtm,0,1,29,20
ACCOAL2;THR3Dx,1,0,28,21
ACCOAL2;TYROX,1,0,28,21
ACCOAL2;TYRTA,1,0,28,21
ACETONEt2;CO2tm,1,0,28,21
ACETONEt2;GLYtm,0,1,29,20
ACETONEt2;NDPK1,0,1,29,20
ACETONEt2;PIt2m_2,1,0,28,21
ACETONEt2m;CO2tm,1,0,28,21
ACETONEt2m;GLYtm,0,1,29,20
ACETONEt2m;NDPK1,0,1,29,20
ACETONEt2m;PIt2m_2,1,0,28,21
ACGAM2E;G6Pt6er,2,0,27,21
ACGAM2E;UAG2EMAi,1,0,28,21
ACGAM6PSi;AKGGHTRDtm,1,0,28,21
ACGAM6PSi;ATPS4m,1,0,28,21
ACGAM6PSi;CO2tm,1,0,28,21
ACGAM6PSi;CYTK1,0,4,29,17
ACGAM6PSi;CYTK3,0,4,29,17
ACGAM6PSi;DLD,1,0,28,21
ACGAM6PSi;FKYNH,1,1,28,20
ACGAM6PSi;G6Pt6er,3,0,26,21
ACGAM6PSi;H2Oter,1,0,28,21
ACGAM6PSi;HEX12,1,0,28,21
ACGAM6PSi;HKYNH,0,1,29,20
ACGAM6PSi;Htr,1,0,28,21
ACGAM6PSi;KCC2t,0,1,29,20
ACGAM6PSi;KYN3OX,0,1,29,20
ACGAM6PSi;KYNAKGAT,1,0,28,21
ACGAM6PSi;KYNATESYN,1,0,28,21
ACGAM6PSi;KYNATEtr,1,0,28,21
ACGAM6PSi;NADH2_u10m,1,0,28,21
ACGAM6PSi;NNDPR,0,1,29,20
ACGAM6PSi;P5CDm,1,0,28,21
ACGAM6PSi;PDHa,1,0,28,21
ACGAM6PSi;PDHbr,1,0,28,21
ACGAM6PSi;PIGTHRDLtm,1,0,28,21
ACGAM6PSi;PIt7,1,0,28,21
ACGAM6PSi;PROtm,1,0,28,21
ACGAM6PSi;PYK2,1,0,28,21
ACGAM6PSi;PYK7,1,0,28,21
ACGAM6PSi;PYRAKGte,1,0,28,21
ACGAM6PSi;PYRtm,1,0,28,21
ACGAM6PSi;QUILSYN,0,1,29,20
ACGAM6PSi;R5Ptr,9,7,20,14
ACGAM6PSi;RPIr,9,7,20,14
ACGAM6PSi;RU5Ptr,9,7,20,14
ACGAM6PSi;TRPO2,1,1,28,20
ACGAMPM;AKGGHTRDtm,1,0,28,21
ACGAMPM;ATPS4m,1,0,28,21
ACGAMPM;CO2tm,1,0,28,21
ACGAMPM;CYTK1,0,4,29,17
ACGAMPM;CYTK3,0,4,29,17
ACGAMPM;DLD,1,0,28,21
ACGAMPM;FKYNH,1,1,28,20
ACGAMPM;G6Pt6er,3,0,26,21
ACGAMPM;H2Oter,1,0,28,21
ACGAMPM;HEX12,1,0,28,21
ACGAMPM;HKYNH,0,1,29,20
ACGAMPM;Htr,1,0,28,21
ACGAMPM;KCC2t,0,1,29,20
ACGAMPM;KYN3OX,0,1,29,20
ACGAMPM;KYNAKGAT,1,0,28,21
ACGAMPM;KYNATESYN,1,0,28,21
ACGAMPM;KYNATEtr,1,0,28,21
ACGAMPM;NADH2_u10m,1,0,28,21
ACGAMPM;NNDPR,0,1,29,20
ACGAMPM;P5CDm,1,0,28,21
ACGAMPM;PDHa,1,0,28,21
ACGAMPM;PDHbr,1,0,28,21
ACGAMPM;PIGTHRDLtm,1,0,28,21
ACGAMPM;PIt7,1,0,28,21
ACGAMPM;PROtm,1,0,28,21
ACGAMPM;PYK2,1,0,28,21
ACGAMPM;PYK7,1,0,28,21
ACGAMPM;PYRAKGte,1,0,28,21
ACGAMPM;PYRtm,1,0,28,21
ACGAMPM;QUILSYN,0,1,29,20
ACGAMPM;R5Ptr,9,7,20,14
ACGAMPM;RPIr,9,7,20,14
ACGAMPM;RU5Ptr,9,7,20,14
ACGAMPM;TRPO2,1,1,28,20
ACGAMtly;G6Pt6er,2,0,27,21
ACGAMtly;UAG2EMAi,1,0,28,21
ACHtn;ACITL,1,9,28,12
ACHtn;ARTFR12,1,0,28,21
ACHtn;ASPDH,1,0,28,21
ACHtn;C161CPT1,1,0,28,21
ACHtn;CACT4r,1,0,28,21
ACHtn;CO2tm,1,0,28,21
ACHtn;COAtr,1,0,28,21
ACHtn;DESAT16_1,1,0,28,21
ACHtn;HMGL,2,0,27,21
ACHtn;MMSAD3m,1,0,28,21
ACHtn;NADHtru,1,0,28,21
ACHtn;NADtru,1,0,28,21
ACHtn;OBDHc,1,0,28,21
ACHtn;OCOAT1m,2,0,27,21
ACHtn;PLMCOAPTr,1,0,28,21
ACHtn;PPCOAOm,1,0,28,21
ACHtn;PPCOAtm,1,0,28,21
ACHtn;PRPNCOAHYDm,1,0,28,21
ACHtn;THRD_L,1,0,28,21
ACITL;ACITLn,1,9,28,12
ACITL;ACOAS,1,0,28,21
ACITL;ADPtn,1,9,28,12
ACITL;ALDD2y,1,0,28,21
ACITL;ATPtn,1,9,28,12
ACITL;CHAT,1,9,28,12
ACITL;CHATn,1,9,28,12
ACITL;CHOLtn,1,9,28,12
ACITL;CITtn,1,9,28,12
ACITL;OAAtn,1,9,28,12
ACITL;PItn,1,8,28,13
ACNAM9PL;CO2tm,1,0,28,21
ACNAM9PL;DLD,1,0,28,21
ACNAM9PL;ENO,1,0,28,21
ACNAM9PL;GAPD,1,0,28,21
ACNAM9PL;PDHa,1,0,28,21
ACNAM9PL;PDHbr,1,0,28,21
ACNAM9PL;PGK,1,0,28,21
ACNAM9PL;PGM,1,0,28,21
ACNAM9PL;PYK7,1,0,28,21
ACNAM9PL;PYRtm,1,0,28,21
ACNAM9PL;TPI,1,0,28,21
ACNAMPH;CO2tm,1,0,28,21
ACNAMPH;DLD,1,0,28,21
ACNAMPH;ENO,1,0,28,21
ACNAMPH;GAPD,1,0,28,21
ACNAMPH;PDHa,1,0,28,21
ACNAMPH;PDHbr,1,0,28,21
ACNAMPH;PGK,1,0,28,21
ACNAMPH;PGM,1,0,28,21
ACNAMPH;PYK7,1,0,28,21
ACNAMPH;PYRtm,1,0,28,21
ACNAMPH;TPI,1,0,28,21
ACNAMlt;G6Pt6er,1,0,28,21
ACNMLr;G6Pt6er,2,0,27,21
ACOA40ORm;ACOAD8m,2,0,27,21
ACOA40ORm;ACOD,1,0,28,21
ACOA40ORm;ACONTbm,1,0,28,21
ACOA40ORm;ACRNtm,0,1,29,20
ACOA40ORm;AKGGHTRDtm,1,0,28,21
ACOA40ORm;APAT2rm,2,0,27,21
ACOA40ORm;BALAtmr,2,0,27,21
ACOA40ORm;CITMCOAHm,1,0,28,21
ACOA40ORm;CITMCOALm,1,0,28,21
ACOA40ORm;COAtm,1,0,28,21
ACOA40ORm;CSNATm,0,1,29,20
ACOA40ORm;CYSt4,1,0,28,21
ACOA40ORm;DHRT_ivcoa,2,0,27,21
ACOA40ORm;DLD,2,0,27,21
ACOA40ORm;GLUDym,1,0,28,21
ACOA40ORm;GLYATm,1,0,28,21
ACOA40ORm;GTPGDPtm,1,0,28,21
ACOA40ORm;ICDHyrm,1,0,28,21
ACOA40ORm;ITCOAL1m,1,0,28,21
ACOA40ORm;LEUTAm,2,0,27,21
ACOA40ORm;LEUt5m,2,0,27,21
ACOA40ORm;MCCCm,2,0,27,21
ACOA40ORm;MGCHrm,2,0,27,21
ACOA40ORm;MMSAD3m,1,0,28,21
ACOA40ORm;MOD_3mhop,2,0,27,21
ACOA40ORm;OXALSUCCCLm,1,0,28,21
ACOA40ORm;PIGTHRDLtm,1,0,28,21
ACOA40ORm;PYRtm,1,0,28,21
ACOA40ORm;THR3Dx,1,0,28,21
ACOA40ORm;TYROX,2,0,27,21
ACOA40ORm;TYRTA,2,0,27,21
ACOAD100m;BUTt2m,1,0,28,21
ACOAD100m;C30CPT1,1,0,28,21
ACOAD100m;COAtm,1,2,28,19
ACOAD100m;CSNAT2m,1,0,28,21
ACOAD100m;CYSt4,1,0,28,21
ACOAD100m;FA40ACPH,1,0,28,21
ACOAD100m;FACOAL40im,1,0,28,21
ACOAD100m;GLYATm,1,0,28,21
ACOAD100m;GLYtm,0,1,29,20
ACOAD100m;MMSAD3m,1,0,28,21
ACOAD100m;NH4tm,0,1,29,20
ACOAD100m;OBDHc,1,0,28,21
ACOAD100m;PCRNtm,1,0,28,21
ACOAD100m;PPCOAOm,1,0,28,21
ACOAD100m;PPCOAtm,2,1,27,20
ACOAD100m;PPIOGLYc,0,1,29,20
ACOAD100m;PPIOGLYte,0,1,29,20
ACOAD100m;PPIOGLYtm,0,1,29,20
ACOAD100m;PRPNCOAHYDm,1,0,28,21
ACOAD100m;THR3Dx,1,0,28,21
ACOAD100m;THRD_L,1,0,28,21
ACOAD140m;BUTt2m,1,0,28,21
ACOAD140m;C30CPT1,1,0,28,21
ACOAD140m;COAtm,1,2,28,19
ACOAD140m;CSNAT2m,1,0,28,21
ACOAD140m;CYSt4,1,0,28,21
ACOAD140m;FA40ACPH,1,0,28,21
ACOAD140m;FACOAL40im,1,0,28,21
ACOAD140m;GLYATm,1,0,28,21
ACOAD140m;GLYtm,0,1,29,20
ACOAD140m;MMSAD3m,1,0,28,21
ACOAD140m;NH4tm,0,1,29,20
ACOAD140m;OBDHc,1,0,28,21
ACOAD140m;PCRNtm,1,0,28,21
ACOAD140m;PPCOAOm,1,0,28,21
ACOAD140m;PPCOAtm,2,1,27,20
ACOAD140m;PPIOGLYc,0,1,29,20
ACOAD140m;PPIOGLYte,0,1,29,20
ACOAD140m;PPIOGLYtm,0,1,29,20
ACOAD140m;PRPNCOAHYDm,1,0,28,21
ACOAD140m;THR3Dx,1,0,28,21
ACOAD140m;THRD_L,1,0,28,21
ACOAD160m;COAtm,0,1,29,20
ACOAD160m;NH4tm,0,1,29,20
ACOAD180m;ARTFR13,0,4,29,17
ACOAD180m;ARTFR42,0,3,29,18
ACOAD180m;ARTFR43,0,1,29,20
ACOAD180m;CACT6r,0,4,29,17
ACOAD180m;DESAT18_1,0,3,29,18
ACOAD180m;FA140ACPH,0,4,29,17
ACOAD180m;FACOAL140i,0,2,29,19
ACOAD180m;FAE180,0,3,29,18
ACOAD180m;FAE181,0,1,29,20
ACOAD180m;HACD180,0,3,29,18
ACOAD180m;HACD181,0,1,29,20
ACOAD180m;HSD180,0,3,29,18
ACOAD180m;HSD181,0,1,29,20
ACOAD180m;MALCOAMT,0,4,29,17
ACOAD180m;MALCOAMTr,0,4,29,17
ACOAD180m;OCDE9ECOAtr,0,2,29,19
ACOAD180m;OCTD11ECOAtr,0,1,29,20
ACOAD180m;RTOT1,0,2,29,19
ACOAD180m;RTOT4,0,2,29,19
ACOAD180m;TECR180,0,3,29,18
ACOAD180m;TECR181,0,1,29,20
ACOAD180m;TTDCAFATPc,0,2,29,19
ACOAD180m;TTDCAtr,0,2,29,19
ACOAD1fm;ACOAD8m,0,1,29,20
ACOAD1fm;AKGDa1,1,0,28,21
ACOAD1fm;AKGDa2,1,0,28,21
ACOAD1fm;AKGDb,1,0,28,21
ACOAD1fm;APAT2rm,1,0,28,21
ACOAD1fm;BALAtmr,1,0,28,21
ACOAD1fm;C30CPT1,1,0,28,21
ACOAD1fm;CRNtim,1,0,28,21
ACOAD1fm;CSNAT2m,1,0,28,21
ACOAD1fm;DHRT_ivcoa,0,1,29,20
ACOAD1fm;DLD,1,1,28,20
ACOAD1fm;GLYATm,1,0,28,21
ACOAD1fm;MCCCm,0,1,29,20
ACOAD1fm;MGCHrm,0,1,29,20
ACOAD1fm;MMCDm,1,0,28,21
ACOAD1fm;MMEm,1,0,28,21
ACOAD1fm;MMMm,1,0,28,21
ACOAD1fm;MMSAD3m,4,0,25,21
ACOAD1fm;MOD_3mhop,0,1,29,20
ACOAD1fm;NH4tm,1,0,28,21
ACOAD1fm;PCRNtm,1,0,28,21
ACOAD1fm;PPCOAOm,3,0,26,21
ACOAD1fm;PPCOAtm,1,0,28,21
ACOAD1fm;PRPNCOAHYDm,3,0,26,21
ACOAD1fm;THR3Dx,1,0,28,21
ACOAD241n9p;DESAT16_1,0,1,29,20
ACOAD241n9p;FBA,1,0,28,21
ACOAD241n9p;G6Pter,2,0,27,21
ACOAD241n9p;GALU,1,0,28,21
ACOAD241n9p;Htr,1,2,28,19
ACOAD241n9p;PFK,1,0,28,21
ACOAD241n9p;PGI,1,0,28,21
ACOAD241n9p;PGMT,1,0,28,21
ACOAD241n9p;RTOT4,0,1,29,20
ACOAD241n9p;TRDR,15,10,14,11
ACOAD60m;BUTt2m,1,0,28,21
ACOAD60m;C30CPT1,1,0,28,21
ACOAD60m;COAtm,1,2,28,19
ACOAD60m;CSNAT2m,1,0,28,21
ACOAD60m;CYSt4,1,0,28,21
ACOAD60m;FA40ACPH,1,0,28,21
ACOAD60m;FACOAL40im,1,0,28,21
ACOAD60m;GLYATm,1,0,28,21
ACOAD60m;GLYtm,0,1,29,20
ACOAD60m;MMSAD3m,1,0,28,21
ACOAD60m;NH4tm,0,1,29,20
ACOAD60m;OBDHc,1,0,28,21
ACOAD60m;PCRNtm,1,0,28,21
ACOAD60m;PPCOAOm,1,0,28,21
ACOAD60m;PPCOAtm,2,1,27,20
ACOAD60m;PPIOGLYc,0,1,29,20
ACOAD60m;PPIOGLYte,0,1,29,20
ACOAD60m;PPIOGLYtm,0,1,29,20
ACOAD60m;PRPNCOAHYDm,1,0,28,21
ACOAD60m;THR3Dx,1,0,28,21
ACOAD60m;THRD_L,1,0,28,21
ACOAD80m;BUTt2m,1,0,28,21
ACOAD80m;C30CPT1,1,0,28,21
ACOAD80m;COAtm,1,2,28,19
ACOAD80m;CSNAT2m,1,0,28,21
ACOAD80m;CYSt4,1,0,28,21
ACOAD80m;FA40ACPH,1,0,28,21
ACOAD80m;FACOAL40im,1,0,28,21
ACOAD80m;GLYATm,1,0,28,21
ACOAD80m;GLYtm,0,1,29,20
ACOAD80m;MMSAD3m,1,0,28,21
ACOAD80m;NH4tm,0,1,29,20
ACOAD80m;OBDHc,1,0,28,21
ACOAD80m;PCRNtm,1,0,28,21
ACOAD80m;PPCOAOm,1,0,28,21
ACOAD80m;PPCOAtm,2,1,27,20
ACOAD80m;PPIOGLYc,0,1,29,20
ACOAD80m;PPIOGLYte,0,1,29,20
ACOAD80m;PPIOGLYtm,0,1,29,20
ACOAD80m;PRPNCOAHYDm,1,0,28,21
ACOAD80m;THR3Dx,1,0,28,21
ACOAD80m;THRD_L,1,0,28,21
ACOAD8m;ADK3m,1,1,28,20
ACOAD8m;AKGGHTRDtm,0,1,29,20
ACOAD8m;AMPt4,1,0,28,21
ACOAD8m;ECOAH1m,3,1,26,20
ACOAD8m;GTPGDPtm,0,1,29,20
ACOAD8m;HACD1m,3,1,26,20
ACOAD8m;HMGCOASim,5,5,24,16
ACOAD8m;PGI,1,0,28,21
ACOAD8m;PIGTHRDLtm,0,1,29,20
ACOAD8m;PPItm,2,1,27,20
ACOAD8m;PROtm,0,1,29,20
ACOAHim;NH4tm,0,1,29,20
ACOAHim;PPCOAtm,0,1,29,20
ACOAS;ACONTa,1,1,28,20
ACOAS;ACONTb,1,1,28,20
ACOAS;ACONTbm,0,1,29,20
ACOAS;AKGMALtm,1,0,28,21
ACOAS;CDS,0,1,29,20
ACOAS;FBA,0,1,29,20
ACOAS;GLYATm,1,0,28,21
ACOAS;HCO3tm,0,1,29,20
ACOAS;HMGL,1,0,28,21
ACOAS;Htr,0,1,29,20
ACOAS;ICDHyrm,0,1,29,20
ACOAS;ICITMALtm,1,1,28,20
ACOAS;NH4tm,0,1,29,20
ACOAS;OAADC,1,1,28,20
ACOAS;OCOAT1m,1,0,28,21
ACOAS;OXALSUCCCLm,1,2,28,19
ACOAS;PFK,0,1,29,20
ACOAS;PGI,0,1,29,20
ACOAS;PPCOAtm,0,1,29,20
ACOAS;THR3Dx,1,0,28,21
ACOAS;TYROX,1,0,28,21
ACOAS;TYRTA,1,0,28,21
ACOATE100m;BUTt2m,1,0,28,21
ACOATE100m;C30CPT1,1,0,28,21
ACOATE100m;COAtm,1,2,28,19
ACOATE100m;CSNAT2m,1,0,28,21
ACOATE100m;CYSt4,1,0,28,21
ACOATE100m;FA40ACPH,1,0,28,21
ACOATE100m;FACOAL40im,1,0,28,21
ACOATE100m;GLYATm,1,0,28,21
ACOATE100m;GLYtm,0,1,29,20
ACOATE100m;MMSAD3m,1,0,28,21
ACOATE100m;NH4tm,0,1,29,20
ACOATE100m;OBDHc,1,0,28,21
ACOATE100m;PCRNtm,1,0,28,21
ACOATE100m;PPCOAOm,1,0,28,21
ACOATE100m;PPCOAtm,2,1,27,20
ACOATE100m;PPIOGLYc,0,1,29,20
ACOATE100m;PPIOGLYte,0,1,29,20
ACOATE100m;PPIOGLYtm,0,1,29,20
ACOATE100m;PRPNCOAHYDm,1,0,28,21
ACOATE100m;THR3Dx,1,0,28,21
ACOATE100m;THRD_L,1,0,28,21
ACOATE191p;TRDR,2,0,27,21
ACOATE204;FBA,1,0,28,21
ACOATE204;G6Pter,1,0,28,21
ACOATE204;GALU,1,0,28,21
ACOATE204;PFK,1,0,28,21
ACOATE204;PGI,1,0,28,21
ACOATE204;PGMT,1,0,28,21
ACOATE204;TRDR,8,1,21,20
ACOATE80m;GLYtm,0,1,29,20
ACOD;ACONTa,0,1,29,20
ACOD;AKGGHTRDtm,1,0,28,21
ACOD;APAT2rm,2,0,27,21
ACOD;BALAtmr,2,0,27,21
ACOD;DHFR,1,0,28,21
ACOD;DHFR3m,1,0,28,21
ACOD;DHFR3x,1,0,28,21
ACOD;DHFRm,1,0,28,21
ACOD;ECOAH1m,1,0,28,21
ACOD;FOLtm,1,0,28,21
ACOD;GLUDxm,0,1,29,20
ACOD;HACD1m,1,0,28,21
ACOD;MMSAD3m,2,0,27,21
ACOD;PIGTHRDLtm,1,0,28,21
ACOD;PIt2m_2,3,0,26,21
ACOD;PPItm,1,0,28,21
ACOD;THFtm,1,0,28,21
ACONTa;ACONTam,2,4,27,17
ACONTa;ACONTbm,0,2,29,19
ACONTa;AKGCITtm,2,0,27,21
ACONTa;ALDD19xrm,1,0,28,21
ACONTa;ALDD19yrm,1,0,28,21
ACONTa;ALDD2y,2,0,27,21
ACONTa;ARTFR12,1,0,28,21
ACONTa;C161CPT1,1,0,28,21
ACONTa;CACT4r,1,0,28,21
ACONTa;CITACONtm,0,1,29,20
ACONTa;CITMCOAHm,0,1,29,20
ACONTa;CITMCOALm,0,1,29,20
ACONTa;CITSUCCtm,0,2,29,19
ACONTa;CO2tm,1,0,28,21
ACONTa;COAtr,1,0,28,21
ACONTa;CSm,0,1,29,20
ACONTa;DESAT16_1,1,0,28,21
ACONTa;DHFR,1,0,28,21
ACONTa;DHFRx,1,0,28,21
ACONTa;DHFtm,1,0,28,21
ACONTa;GLUDym,1,0,28,21
ACONTa;HCO3E,0,1,29,20
ACONTa;HCO3Em,0,1,29,20
ACONTa;HCO3tm,0,1,29,20
ACONTa;HMGL,2,0,27,21
ACONTa;ICITACONtm,0,1,29,20
ACONTa;ITCOALm,0,1,29,20
ACONTa;MALACONtm,0,1,29,20
ACONTa;MDHm,0,1,29,20
ACONTa;MMSAD3m,1,0,28,21
ACONTa;NADH2_u10m,1,0,28,21
ACONTa;NADHtru,1,0,28,21
ACONTa;NADtru,1,0,28,21
ACONTa;NH4tm,1,0,28,21
ACONTa;OBDHc,1,0,28,21
ACONTa;OCOAT1m,2,0,27,21
ACONTa;PLMCOAPTr,1,0,28,21
ACONTa;PPCOAOm,1,0,28,21
ACONTa;PPCOAtm,1,0,28,21
ACONTa;PRPNCOAHYDm,1,0,28,21
ACONTa;PYK,1,0,28,21
ACONTa;PYRtm,0,1,29,20
ACONTa;SSALym,1,0,28,21
ACONTa;THFtm,1,0,28,21
ACONTa;THRD_L,1,0,28,21
ACONTam;ACONTb,0,2,29,19
ACONTam;AKGICITtm,1,0,28,21
ACONTam;ASPDH,1,0,28,21
ACONTam;ASPGLUm,0,1,29,20
ACONTam;CYANSTm,0,1,29,20
ACONTam;CYSO,0,1,29,20
ACONTam;ENO,0,1,29,20
ACONTam;FBA,0,1,29,20
ACONTam;GAPD,0,1,29,20
ACONTam;GLUDym,1,0,28,21
ACONTam;GLUt2m,0,1,29,20
ACONTam;HCO3Em,0,2,29,19
ACONTam;HCO3tm,0,2,29,19
ACONTam;ICITMALtm,0,2,29,19
ACONTam;LDH_L,0,1,29,20
ACONTam;LDH_Lm,0,1,29,20
ACONTam;L_LACtm,0,1,29,20
ACONTam;MALTSULtm,0,1,29,20
ACONTam;ME2m,0,1,29,20
ACONTam;NH4tm,1,1,28,20
ACONTam;PFK,0,1,29,20
ACONTam;PGI,0,1,29,20
ACONTam;PGK,0,1,29,20
ACONTam;PGM,0,1,29,20
ACONTam;PYK,1,0,28,21
ACONTam;PYK7,0,1,29,20
ACONTam;PYRtm,0,1,29,20
ACONTam;SQORm,0,1,29,20
ACONTam;SSALym,1,0,28,21
ACONTam;TPI,0,1,29,20
ACONTam;TSULt4_3,0,1,29,20
ACONTb;ACONTbm,2,8,27,13
ACONTb;AKGACONtm,0,3,29,18
ACONTb;AKGICITtm,1,0,28,21
ACONTb;ALDD19xrm,1,0,28,21
ACONTb;ALDD19yrm,1,0,28,21
ACONTb;ALDD2y,1,1,28,20
ACONTb;ARTFR12,1,0,28,21
ACONTb;C161CPT1,1,0,28,21
ACONTb;CACT4r,1,0,28,21
ACONTb;CITRt2m,0,1,29,20
ACONTb;CITRtm,0,1,29,20
ACONTb;CITSUCCtm,0,2,29,19
ACONTb;CO2tm,1,0,28,21
ACONTb;COAtr,1,0,28,21
ACONTb;DESAT16_1,1,0,28,21
ACONTb;DHFR,1,0,28,21
ACONTb;DHFRx,1,0,28,21
ACONTb;DHFtm,1,0,28,21
ACONTb;GLUDym,1,0,28,21
ACONTb;HMGL,1,0,28,21
ACONTb;MMSAD3m,1,0,28,21
ACONTb;NADH2_u10m,1,0,28,21
ACONTb;NADHtru,1,0,28,21
ACONTb;NADtru,1,0,28,21
ACONTb;OBDHc,1,0,28,21
ACONTb;OCOAT1m,1,0,28,21
ACONTb;PLMCOAPTr,1,0,28,21
ACONTb;PPCOAOm,1,0,28,21
ACONTb;PPCOAtm,1,0,28,21
ACONTb;PRPNCOAHYDm,1,0,28,21
ACONTb;SSALym,2,0,27,21
ACONTb;THFtm,1,0,28,21
ACONTb;THRD_L,1,0,28,21
ACONTbm;AKGGHTRDtm,1,0,28,21
ACONTbm;AKGICITtm,3,4,26,17
ACONTbm;ALDD2x,0,1,29,20
ACONTbm;APAT2rm,2,0,27,21
ACONTbm;BALAtmr,2,0,27,21
ACONTbm;CITRt2m,0,1,29,20
ACONTbm;CITRtm,0,1,29,20
ACONTbm;CO2tm,0,1,29,20
ACONTbm;ECOAH1m,1,0,28,21
ACONTbm;ENO,0,1,29,20
ACONTbm;FBA,0,1,29,20
ACONTbm;GAPD,0,1,29,20
ACONTbm;GLUDym,1,0,28,21
ACONTbm;GLUt2m,0,1,29,20
ACONTbm;GTHOm,1,0,28,21
ACONTbm;GTHPm,1,0,28,21
ACONTbm;H2O2tm,1,0,28,21
ACONTbm;HACD1m,1,0,28,21
ACONTbm;HCO3Em,0,3,29,18
ACONTbm;HCO3tm,0,3,29,18
ACONTbm;HMGL,1,0,28,21
ACONTbm;ICITACONtm,0,1,29,20
ACONTbm;ICITMALtm,0,2,29,19
ACONTbm;LDH_L,0,1,29,20
ACONTbm;LDH_Lm,0,1,29,20
ACONTbm;L_LACtm,0,1,29,20
ACONTbm;MDH,0,1,29,20
ACONTbm;ME2m,0,1,29,20
ACONTbm;MMSAD3m,3,0,26,21
ACONTbm;NH4tm,0,1,29,20
ACONTbm;OCOAT1m,1,0,28,21
ACONTbm;PFK,0,1,29,20
ACONTbm;PGI,0,1,29,20
ACONTbm;PGK,0,1,29,20
ACONTbm;PGM,0,1,29,20
ACONTbm;PIGTHRDLtm,1,0,28,21
ACONTbm;PIt2m_2,3,1,26,20
ACONTbm;PPItm,1,0,28,21
ACONTbm;PYK7,0,1,29,20
ACONTbm;PYRtm,0,1,29,20
ACONTbm;SSALym,2,0,27,21
ACONTbm;SUCCICITtm,0,1,29,20
ACONTbm;TPI,0,1,29,20
ACRNtm;ADK3m,0,1,29,20
ACRNtm;ARTFR42,0,1,29,20
ACRNtm;DESAT18_1,0,1,29,20
ACRNtm;ECOAH1m,0,1,29,20
ACRNtm;GTPGDPtm,0,1,29,20
ACRNtm;HACD1m,0,1,29,20
ACRNtm;OCDE9ECOAtr,0,1,29,20
ACRNtm;PPItm,0,1,29,20
ACRNtm;RTOT4,0,1,29,20
ACYP;PGK,0,1,29,20
ACt2m;NH4tm,0,1,29,20
ACt2m;PPCOAtm,0,1,29,20
ACt2n;ALDD2y,1,0,28,21
ADCim;CO2tm,1,0,28,21
ADCim;GLYtm,0,1,29,20
ADCim;NDPK1,0,1,29,20
ADCim;PIt2m_2,1,0,28,21
ADHAPtx;G3PD1,1,0,28,21
ADK1;ADK3,7,2,22,19
ADK1;ADK3m,1,0,28,21
ADK1;ADPt4,1,0,28,21
ADK1;AKGDa1,2,0,27,21
ADK1;AKGDa2,2,0,27,21
ADK1;AKGDb,2,0,27,21
ADK1;AKGMALtm,1,0,28,21
ADK1;AMPt4,1,0,28,21
ADK1;DLD,2,0,27,21
ADK1;FUMMALtm,1,0,28,21
ADK1;SUCD1m,1,0,28,21
ADK1;SUCOAS1m,1,0,28,21
ADK3;HEX12,1,0,28,21
ADK3;PYK2,1,0,28,21
ADK3m;AKGDa1,1,0,28,21
ADK3m;AKGDa2,1,0,28,21
ADK3m;AKGDb,1,0,28,21
ADK3m;ALASm,0,1,29,20
ADK3m;APAT2rm,2,0,27,21
ADK3m;ATPS4m,0,1,29,20
ADK3m;BALAtmr,2,0,27,21
ADK3m;BILIRUBtr,0,1,29,20
ADK3m;COAtm,1,0,28,21
ADK3m;COt,0,1,29,20
ADK3m;CPPPGO,0,1,29,20
ADK3m;CSNATm,0,1,29,20
ADK3m;CYOOm2,0,1,29,20
ADK3m;CYOR_u10m,0,1,29,20
ADK3m;CYSt4,1,0,28,21
ADK3m;DHRT_ivcoa,1,1,28,20
ADK3m;DLD,2,1,27,20
ADK3m;FCLTm,0,1,29,20
ADK3m;FE2tm,0,1,29,20
ADK3m;GALU,0,1,29,20
ADK3m;GLCOASYNT,1,0,28,21
ADK3m;GLUTCOADHm,1,0,28,21
ADK3m;GLYATm,1,0,28,21
ADK3m;HMBS,0,1,29,20
ADK3m;HOXG,0,1,29,20
ADK3m;LEUTAm,1,0,28,21
ADK3m;LEUt5m,1,0,28,21
ADK3m;MCCCm,1,1,28,20
ADK3m;MGCHrm,1,1,28,20
ADK3m;MMCDm,1,0,28,21
ADK3m;MMEm,1,1,28,20
ADK3m;MMMm,1,1,28,20
ADK3m;MMSAD3m,3,0,26,21
ADK3m;MOD_3mhop,1,1,28,20
ADK3m;NDP7er,0,1,29,20
ADK3m;NH4tm,1,0,28,21
ADK3m;OBDHc,0,1,29,20
ADK3m;OXOADLR,1,0,28,21
ADK3m;PGMT,0,1,29,20
ADK3m;PPBNGS,0,1,29,20
ADK3m;PPCOACRNtm,0,1,29,20
ADK3m;PPCOACm,0,1,29,20
ADK3m;PPCOAOm,2,0,27,21
ADK3m;PPCOAtm,1,0,28,21
ADK3m;PPPG9tm,0,1,29,20
ADK3m;PPPGOm,0,1,29,20
ADK3m;PRPNCOAHYDm,2,0,27,21
ADK3m;THR3Dx,1,0,28,21
ADK3m;THRD_L,0,1,29,20
ADK3m;UDPGCURtr,0,1,29,20
ADK3m;UDPGD,0,1,29,20
ADK3m;UMPtr,0,1,29,20
ADK3m;UPP3S,0,1,29,20
ADK3m;UPPDC1,0,1,29,20
ADMDC;AMID6,0,1,29,20
ADMDC;CO2tm,0,1,29,20
ADMDC;DHFR,0,1,29,20
ADMDC;DHFRm,0,2,29,19
ADMDC;DHFtm,0,2,29,19
ADMDC;GLUDxm,0,1,29,20
ADMDC;GLUDym,0,2,29,19
ADMDC;GPAT,0,1,29,20
ADMDC;HCO3tm,0,1,29,20
ADMDC;KCC2t,0,1,29,20
ADMDC;METOX,0,1,29,20
ADMDC;NH4tm,0,3,29,18
ADMDC;PROtm,0,1,29,20
ADMDC;PUNP1,1,0,28,21
ADMDC;THFtm,0,2,29,19
ADNK1;CDS,0,1,29,20
ADNK1;CHOLtu,0,2,29,19
ADNK1;MTHFC,1,0,28,21
ADNK1;MTHFD2,1,0,28,21
ADNK3;CDS,5,1,24,20
ADNK3;CHOLK,7,0,22,21
ADNK3;CHOLtu,0,2,29,19
ADNK3;GLYtp,0,1,29,20
ADNK3;MTHFC,0,1,29,20
ADNK3;MTHFD2,0,1,29,20
ADNK4;CDS,0,2,29,19
ADNK4;CHOLK,1,0,28,21
ADNK4;CHOLtu,0,1,29,20
ADNK4;KCC2t,0,1,29,20
ADNK4;METOX,0,1,29,20
ADNtm;PPCOAtm,0,1,29,20
ADPT;AMID6,0,1,29,20
ADPT;CHOLK,1,0,28,21
ADPT;CHOLtu,0,3,29,18
ADPT;CO2tm,0,1,29,20
ADPT;DAGKm_hs,0,2,29,19
ADPT;DAG_Hstem,0,2,29,19
ADPT;DHFRm,0,1,29,20
ADPT;DHFtm,0,1,29,20
ADPT;FBA,1,0,28,21
ADPT;G6Pter,1,0,28,21
ADPT;GALU,1,0,28,21
ADPT;GLUDxm,0,1,29,20
ADPT;GLUDym,0,1,29,20
ADPT;GPAT,0,1,29,20
ADPT;HCO3tm,0,1,29,20
ADPT;METOX,0,1,29,20
ADPT;NDPK1,1,0,28,21
ADPT;NH4tm,0,3,29,18
ADPT;PFK,1,0,28,21
ADPT;PGI,1,0,28,21
ADPT;PGMT,1,0,28,21
ADPT;PIMALtm,0,1,29,20
ADPT;PROtm,0,1,29,20
ADPT;PYK6,1,0,28,21
ADPT;SO4AKGtm,0,1,29,20
ADPT;SO4MALtm,0,1,29,20
ADPT;THFtm,0,1,29,20
ADPt4;ASPDH,1,0,28,21
ADPt4;ATPS4m,1,1,28,20
ADPt4;CAtm7,1,0,28,21
ADPt4;ENO,1,0,28,21
ADPt4;GAPD,1,0,28,21
ADPt4;GLUDym,1,0,28,21
ADPt4;GLYtm,0,1,29,20
ADPt4;NAtm,1,0,28,21
ADPt4;NH4tm,1,0,28,21
ADPt4;PGK,1,0,28,21
ADPt4;PGM,1,0,28,21
ADPt4;PIATPLtm,2,0,27,21
ADPt4;PIt2m_2,3,0,26,21
ADPt4;PYK,1,0,28,21
ADPt4;TPI,1,0,28,21
ADSK;ASPDH,1,0,28,21
ADSK;G6Pt6er,1,0,28,21
ADSK;GLUDym,1,0,28,21
AGLPC;G3PD1,1,0,28,21
AGLPH;G3PD1,1,0,28,21
AGLPR;G3PD1,1,0,28,21
AGLPT;G3PD1,1,0,28,21
AGMTm;CKc,1,0,28,21
AGMTm;CRTNsyn,1,0,28,21
AGMTm;CRTNte,1,0,28,21
AGMTm;GACMTRc,1,0,28,21
AGMTm;GLUDym,1,0,28,21
AGMTm;GLYAMDTRc,1,0,28,21
AGMTm;NH4tm,1,0,28,21
AGMTm;ORNDC,1,0,28,21
AGPAT1;AGPAT1m,0,9,29,12
AGPAT1;CDPDAGtm,0,1,29,20
AGPAT1;CDSm,0,1,29,20
AGPAT1;CRNtim,0,6,29,15
AGPAT1;CTPtm,0,1,29,20
AGPAT1;GLYC3Ptmc,0,4,29,17
AGPAT1;GPAMm_hs,0,9,29,12
AGPAT1;PPCOACRNtm,0,1,29,20
AGPAT1;PPItm,0,1,29,20
AGPAT1;RTOTALCRNCPT1,0,5,29,16
AGPAT1;RTOTALCRNCPT2,0,5,29,16
AGPAT1;RTOTALCRNt,0,5,29,16
AGPAT1m;ARTFR13,0,2,29,19
AGPAT1m;ARTFR42,0,1,29,20
AGPAT1m;ARTFR43,0,1,29,20
AGPAT1m;CACT6r,0,2,29,19
AGPAT1m;DAG_Hstem,0,4,29,17
AGPAT1m;DESAT18_1,0,1,29,20
AGPAT1m;FA140ACPH,0,2,29,19
AGPAT1m;FAE180,0,1,29,20
AGPAT1m;FAE181,0,1,29,20
AGPAT1m;GPAM_hs,0,9,29,12
AGPAT1m;HACD180,0,1,29,20
AGPAT1m;HACD181,0,1,29,20
AGPAT1m;HSD180,0,1,29,20
AGPAT1m;HSD181,0,1,29,20
AGPAT1m;MALCOAMT,0,2,29,19
AGPAT1m;MALCOAMTr,0,2,29,19
AGPAT1m;OCTD11ECOAtr,0,1,29,20
AGPAT1m;PIMALtm,0,1,29,20
AGPAT1m;PPAPA,0,8,29,13
AGPAT1m;PROtm,0,1,29,20
AGPAT1m;RTOT1,0,1,29,20
AGPAT1m;RTOT4,0,1,29,20
AGPAT1m;SO3AKGtm,0,1,29,20
AGPAT1m;SO3MALtm,0,1,29,20
AGPAT1m;SUCCICITtm,0,1,29,20
AGPAT1m;TECR180,0,1,29,20
AGPAT1m;TECR181,0,1,29,20
AGPAT1m;TTDCAFATPc,0,2,29,19
AGPAT1m;TTDCAtr,0,2,29,19
AGPSx;G3PD1,1,0,28,21
AGPex;G3PD1,1,0,28,21
AGTim;AKGDa1,2,1,27,20
AGTim;AKGDa2,2,1,27,20
AGTim;AKGDb,2,1,27,20
AGTim;CDS,0,1,29,20
AGTim;DCYTD,1,1,28,20
AGTim;DHFR,0,1,29,20
AGTim;DHFRx,1,0,28,21
AGTim;DHFtm,1,0,28,21
AGTim;DLD,2,1,27,20
AGTim;DURIPP,7,4,22,17
AGTim;FBA,0,1,29,20
AGTim;GLUDxm,0,1,29,20
AGTim;GLUDym,3,0,26,21
AGTim;GLYtm,1,1,28,20
AGTim;HCO3Em,0,1,29,20
AGTim;HCO3tm,0,1,29,20
AGTim;Htr,0,2,29,19
AGTim;NDP6,1,1,28,20
AGTim;NH4tm,4,0,25,21
AGTim;NTD1,6,0,23,21
AGTim;NTD3,1,1,28,20
AGTim;PFK,0,1,29,20
AGTim;PGI,0,1,29,20
AGTim;THFtm,1,0,28,21
AGTim;URIK4,0,1,29,20
AGTix;GLUDym,1,0,28,21
AHC;AMETEPMT,1,0,28,21
AHC;CDS,5,7,24,14
AHC;CHOLK,12,0,17,21
AHC;CHOLtu,1,12,28,9
AHC;COAtm,1,0,28,21
AHC;CYSt4,1,0,28,21
AHC;DAG_Hstem,0,4,29,17
AHC;FBA,0,1,29,20
AHC;GLYtp,0,1,29,20
AHC;Htr,0,1,29,20
AHC;METOX,0,1,29,20
AHC;MTHFC,1,1,28,20
AHC;MTHFD2,1,1,28,20
AHC;NTD7,6,0,23,21
AHC;PEMET1,1,0,28,21
AHC;PEMET2,1,0,28,21
AHC;PFK,0,1,29,20
AHC;PGI,0,1,29,20
AHC;PSSA1_hs,1,0,28,21
AHCYStn;AMETt2m,0,1,29,20
AHCYStn;PETOHMm_hs,0,1,29,20
AHCYStn;PSDm_hs,0,1,29,20
AHCYStn;PSFLIPm,0,1,29,20
AHEXASE2ly;G6Pt6er,1,0,28,21
AHEXASEly;G6Pt6er,1,0,28,21
AIBAKGAT;GLUDym,1,0,28,21
AIBAKGAT;NH4tm,3,0,26,21
AK2LGCHOLt;G3PD1,1,0,28,21
AKGACONtm;AKGICITtm,1,3,28,18
AKGACONtm;ALAR,0,1,29,20
AKGACONtm;CATp,0,1,29,20
AKGACONtm;CITRt2m,0,1,29,20
AKGACONtm;CITRtm,0,1,29,20
AKGACONtm;CO2tm,1,1,28,20
AKGACONtm;DALAOXx,0,1,29,20
AKGACONtm;DALAxt,0,1,29,20
AKGACONtm;DGULND,0,1,29,20
AKGACONtm;FBA4,0,1,29,20
AKGACONtm;FKYNH,0,1,29,20
AKGACONtm;GCALDD,0,1,29,20
AKGACONtm;GLCURter,0,1,29,20
AKGACONtm;GLUDym,1,0,28,21
AKGACONtm;GLYCLTtp,0,1,29,20
AKGACONtm;GLYCTO1p,0,1,29,20
AKGACONtm;GUAD,0,1,29,20
AKGACONtm;GULN3D,0,1,29,20
AKGACONtm;GULNDer,0,1,29,20
AKGACONtm;GULNter,0,1,29,20
AKGACONtm;HCO3Em,0,1,29,20
AKGACONtm;HCO3tm,0,2,29,19
AKGACONtm;HMGL,1,0,28,21
AKGACONtm;INOSTO,0,1,29,20
AKGACONtm;KHK2,0,1,29,20
AKGACONtm;KYNAKGAT,0,1,29,20
AKGACONtm;KYNATESYN,0,1,29,20
AKGACONtm;KYNATEtr,0,1,29,20
AKGACONtm;LAC_Ltx,0,1,29,20
AKGACONtm;LDH_L,0,1,29,20
AKGACONtm;LDH_Lp,0,1,29,20
AKGACONtm;MALACONtm,0,2,29,19
AKGACONtm;ME2m,0,1,29,20
AKGACONtm;NH4tm,0,1,29,20
AKGACONtm;NH4tp,0,1,29,20
AKGACONtm;NTD9,0,1,29,20
AKGACONtm;O2tp,0,1,29,20
AKGACONtm;OCOAT1m,1,0,28,21
AKGACONtm;PIMALtm,0,1,29,20
AKGACONtm;PROtm,0,1,29,20
AKGACONtm;PUNP3,0,1,29,20
AKGACONtm;PYRAKGte,0,1,29,20
AKGACONtm;PYRtm,0,1,29,20
AKGACONtm;SO4AKGtm,0,1,29,20
AKGACONtm;SO4MALtm,0,1,29,20
AKGACONtm;SSALym,2,0,27,21
AKGACONtm;TRPO2,0,1,29,20
AKGACONtm;URATEtx,0,1,29,20
AKGACONtm;XANDp,0,1,29,20
AKGACONtm;XANtx,0,1,29,20
AKGACONtm;XYLTD_Dr,0,1,29,20
AKGACONtm;XYLURx,0,1,29,20
AKGCITtm;AKGICITtm,1,0,28,21
AKGCITtm;ASPDH,2,0,27,21
AKGCITtm;ASPGLUm,0,1,29,20
AKGCITtm;GLUDym,1,0,28,21
AKGCITtm;NH4tm,1,0,28,21
AKGCITtm;PYK,1,0,28,21
AKGCITtm;SSALym,1,0,28,21
AKGDa1;ALDD2y,2,0,27,21
AKGDa1;ARTFR41,1,0,28,21
AKGDa1;ATPS4m,1,0,28,21
AKGDa1;BUP2,2,1,27,20
AKGDa1;C161CPT1,1,0,28,21
AKGDa1;CACT4r,1,0,28,21
AKGDa1;COAtr,1,0,28,21
AKGDa1;D3AIBTm,2,1,27,20
AKGDa1;DESAT16_1,1,0,28,21
AKGDa1;DHPM2,2,1,27,20
AKGDa1;DNPH4,2,0,27,21
AKGDa1;DRPA,2,0,27,21
AKGDa1;DURAD2xm,2,1,27,20
AKGDa1;ECOAH1m,1,0,28,21
AKGDa1;ENO,1,0,28,21
AKGDa1;GAPD,1,0,28,21
AKGDa1;GLXtm,0,1,29,20
AKGDa1;GLXtp,0,1,29,20
AKGDa1;GLYOp,0,1,29,20
AKGDa1;GTPGDPtm,2,0,27,21
AKGDa1;HACD1m,1,0,28,21
AKGDa1;HEX12,1,0,28,21
AKGDa1;MMMm,2,1,27,20
AKGDa1;MMTSADm,2,1,27,20
AKGDa1;NDPK1,1,1,28,20
AKGDa1;NH4tp,0,1,29,20
AKGDa1;NTD5,0,1,29,20
AKGDa1;PGK,1,0,28,21
AKGDa1;PGM,1,0,28,21
AKGDa1;PLMCOAPTr,1,0,28,21
AKGDa1;PPItm,2,0,27,21
AKGDa1;PYK2,1,0,28,21
AKGDa1;RTOT4,1,0,28,21
AKGDa1;THYMtm,2,1,27,20
AKGDa1;TMDPP,0,1,29,20
AKGDa1;TPI,1,0,28,21
AKGDa2;ALDD2y,2,0,27,21
AKGDa2;ARTFR41,1,0,28,21
AKGDa2;ATPS4m,1,0,28,21
AKGDa2;BUP2,2,1,27,20
AKGDa2;C161CPT1,1,0,28,21
AKGDa2;CACT4r,1,0,28,21
AKGDa2;COAtr,1,0,28,21
AKGDa2;D3AIBTm,2,1,27,20
AKGDa2;DESAT16_1,1,0,28,21
AKGDa2;DHPM2,2,1,27,20
AKGDa2;DNPH4,2,0,27,21
AKGDa2;DRPA,2,0,27,21
AKGDa2;DURAD2xm,2,1,27,20
AKGDa2;ECOAH1m,1,0,28,21
AKGDa2;ENO,1,0,28,21
AKGDa2;GAPD,1,0,28,21
AKGDa2;GLXtm,0,1,29,20
AKGDa2;GLXtp,0,1,29,20
AKGDa2;GLYOp,0,1,29,20
AKGDa2;GTPGDPtm,2,0,27,21
AKGDa2;HACD1m,1,0,28,21
AKGDa2;HEX12,1,0,28,21
AKGDa2;MMMm,2,1,27,20
AKGDa2;MMTSADm,2,1,27,20
AKGDa2;NDPK1,1,1,28,20
AKGDa2;NH4tp,0,1,29,20
AKGDa2;NTD5,0,1,29,20
AKGDa2;PGK,1,0,28,21
AKGDa2;PGM,1,0,28,21
AKGDa2;PLMCOAPTr,1,0,28,21
AKGDa2;PPItm,2,0,27,21
AKGDa2;PYK2,1,0,28,21
AKGDa2;RTOT4,1,0,28,21
AKGDa2;THYMtm,2,1,27,20
AKGDa2;TMDPP,0,1,29,20
AKGDa2;TPI,1,0,28,21
AKGDb;ALDD2y,2,0,27,21
AKGDb;ARTFR41,1,0,28,21
AKGDb;ATPS4m,1,0,28,21
AKGDb;BUP2,2,1,27,20
AKGDb;C161CPT1,1,0,28,21
AKGDb;CACT4r,1,0,28,21
AKGDb;COAtr,1,0,28,21
AKGDb;D3AIBTm,2,1,27,20
AKGDb;DESAT16_1,1,0,28,21
AKGDb;DHPM2,2,1,27,20
AKGDb;DNPH4,2,0,27,21
AKGDb;DRPA,2,0,27,21
AKGDb;DURAD2xm,2,1,27,20
AKGDb;ECOAH1m,1,0,28,21
AKGDb;ENO,1,0,28,21
AKGDb;GAPD,1,0,28,21
AKGDb;GLXtm,0,1,29,20
AKGDb;GLXtp,0,1,29,20
AKGDb;GLYOp,0,1,29,20
AKGDb;GTPGDPtm,2,0,27,21
AKGDb;HACD1m,1,0,28,21
AKGDb;HEX12,1,0,28,21
AKGDb;MMMm,2,1,27,20
AKGDb;MMTSADm,2,1,27,20
AKGDb;NDPK1,1,1,28,20
AKGDb;NH4tp,0,1,29,20
AKGDb;NTD5,0,1,29,20
AKGDb;PGK,1,0,28,21
AKGDb;PGM,1,0,28,21
AKGDb;PLMCOAPTr,1,0,28,21
AKGDb;PPItm,2,0,27,21
AKGDb;PYK2,1,0,28,21
AKGDb;RTOT4,1,0,28,21
AKGDb;THYMtm,2,1,27,20
AKGDb;TMDPP,0,1,29,20
AKGDb;TPI,1,0,28,21
AKGGHTRDtm;AM6SAD,0,1,29,20
AKGGHTRDtm;AMCOXO,0,1,29,20
AKGGHTRDtm;AMPt4,1,0,28,21
AKGGHTRDtm;ARTFR12,0,1,29,20
AKGGHTRDtm;ATPS4m,1,0,28,21
AKGGHTRDtm;CITMCOAHm,1,0,28,21
AKGGHTRDtm;CITMCOALm,1,0,28,21
AKGGHTRDtm;CO2tm,2,1,27,20
AKGGHTRDtm;COAtr,0,1,29,20
AKGGHTRDtm;DESAT16_1,0,1,29,20
AKGGHTRDtm;DHRT_ivcoa,0,1,29,20
AKGGHTRDtm;DLD,0,1,29,20
AKGGHTRDtm;ECOAH1m,2,0,27,21
AKGGHTRDtm;ENO,0,1,29,20
AKGGHTRDtm;FBA,1,0,28,21
AKGGHTRDtm;FKYNH,0,1,29,20
AKGGHTRDtm;GALU,1,0,28,21
AKGGHTRDtm;GAPD,0,1,29,20
AKGGHTRDtm;GF6PTA,1,0,28,21
AKGGHTRDtm;GLCOASYNT,0,1,29,20
AKGGHTRDtm;GLUDym,2,1,27,20
AKGGHTRDtm;GTPGDPtm,2,0,27,21
AKGGHTRDtm;HACD1m,2,0,27,21
AKGGHTRDtm;HKYNH,0,1,29,20
AKGGHTRDtm;ICDHyrm,1,0,28,21
AKGGHTRDtm;ITCOAL1m,1,0,28,21
AKGGHTRDtm;KCC2t,0,1,29,20
AKGGHTRDtm;KYN3OX,0,1,29,20
AKGGHTRDtm;MALACONtm,0,1,29,20
AKGGHTRDtm;MCCCm,0,1,29,20
AKGGHTRDtm;ME2m,0,1,29,20
AKGGHTRDtm;MGCHrm,0,1,29,20
AKGGHTRDtm;MOD_3mhop,0,1,29,20
AKGGHTRDtm;NH4tm,1,4,28,17
AKGGHTRDtm;NMNS,1,0,28,21
AKGGHTRDtm;OXALSUCCCLm,1,0,28,21
AKGGHTRDtm;OXOADLR,0,1,29,20
AKGGHTRDtm;PCLAD,0,1,29,20
AKGGHTRDtm;PFK,1,0,28,21
AKGGHTRDtm;PGK,0,1,29,20
AKGGHTRDtm;PGM,0,1,29,20
AKGGHTRDtm;PGMT,1,0,28,21
AKGGHTRDtm;PIt2m_2,7,0,22,21
AKGGHTRDtm;PPAm,1,0,28,21
AKGGHTRDtm;PPItm,1,0,28,21
AKGGHTRDtm;PROtm,1,1,28,20
AKGGHTRDtm;PYK7,0,1,29,20
AKGGHTRDtm;PYRAKGte,0,1,29,20
AKGGHTRDtm;PYRtm,1,1,28,20
AKGGHTRDtm;SUCOAS1m,1,0,28,21
AKGGHTRDtm;TD2GLTRCOAm,0,1,29,20
AKGGHTRDtm;THRA,1,0,28,21
AKGGHTRDtm;TPI,1,1,28,20
AKGGHTRDtm;TRPO2,0,1,29,20
AKGGHTRDtm;UAGDP,1,0,28,21
AKGICITtm;CITRt2m,0,1,29,20
AKGICITtm;CITRtm,0,1,29,20
AKGICITtm;PROtm,1,0,28,21
AKGICITtm;PYRAKGte,0,1,29,20
AKGICITtm;SSALym,1,0,28,21
AKGICITtm;SUCCACONtm,1,0,28,21
AKGICITtm;SUCCICITtm,1,0,28,21
AKGMALtm;ALAR,0,1,29,20
AKGMALtm;ALDD19xrm,1,0,28,21
AKGMALtm;ALDD19yrm,1,0,28,21
AKGMALtm;ALDD2y,1,0,28,21
AKGMALtm;ARTFR12,1,0,28,21
AKGMALtm;ASPDH,1,0,28,21
AKGMALtm;C161CPT1,1,0,28,21
AKGMALtm;CACT4r,1,0,28,21
AKGMALtm;CITRt2m,1,0,28,21
AKGMALtm;CITRtm,1,0,28,21
AKGMALtm;CO2tm,3,0,26,21
AKGMALtm;COAtr,1,0,28,21
AKGMALtm;DALAOXx,0,1,29,20
AKGMALtm;DALAxt,0,1,29,20
AKGMALtm;DESAT16_1,1,0,28,21
AKGMALtm;DHFR,2,0,27,21
AKGMALtm;DHFR3m,1,0,28,21
AKGMALtm;DHFR3x,1,0,28,21
AKGMALtm;DHFRm,1,0,28,21
AKGMALtm;DHFRx,1,0,28,21
AKGMALtm;DHFtm,1,0,28,21
AKGMALtm;ENO,1,0,28,21
AKGMALtm;FKYNH,0,1,29,20
AKGMALtm;FOLtm,1,0,28,21
AKGMALtm;FUM,1,0,28,21
AKGMALtm;GAPD,1,0,28,21
AKGMALtm;GLUDym,0,1,29,20
AKGMALtm;GUAD,0,1,29,20
AKGMALtm;HCO3E,1,0,28,21
AKGMALtm;HCO3Em,1,0,28,21
AKGMALtm;HCO3tm,1,0,28,21
AKGMALtm;HMGL,1,0,28,21
AKGMALtm;KYNAKGAT,0,1,29,20
AKGMALtm;KYNATESYN,0,1,29,20
AKGMALtm;KYNATEtr,0,1,29,20
AKGMALtm;LAC_Ltx,0,1,29,20
AKGMALtm;LDH_L,0,1,29,20
AKGMALtm;LDH_Lp,0,1,29,20
AKGMALtm;ME2m,0,1,29,20
AKGMALtm;MMSAD3m,1,0,28,21
AKGMALtm;NADH2_u10m,1,0,28,21
AKGMALtm;NADHtru,1,0,28,21
AKGMALtm;NADtru,1,0,28,21
AKGMALtm;NH4tp,0,1,29,20
AKGMALtm;NMNS,1,0,28,21
AKGMALtm;NTD9,0,1,29,20
AKGMALtm;OBDHc,1,0,28,21
AKGMALtm;OCOAT1m,1,0,28,21
AKGMALtm;PEPCK,1,0,28,21
AKGMALtm;PGI,1,0,28,21
AKGMALtm;PGK,1,0,28,21
AKGMALtm;PGM,1,0,28,21
AKGMALtm;PLMCOAPTr,1,0,28,21
AKGMALtm;PPCOAOm,1,0,28,21
AKGMALtm;PPCOAtm,1,0,28,21
AKGMALtm;PROGLUtm,0,1,29,20
AKGMALtm;PROtm,0,1,29,20
AKGMALtm;PRPNCOAHYDm,1,0,28,21
AKGMALtm;PUNP3,0,1,29,20
AKGMALtm;PYK,1,0,28,21
AKGMALtm;PYRAKGte,0,1,29,20
AKGMALtm;PYRtm,0,1,29,20
AKGMALtm;THFtm,2,0,27,21
AKGMALtm;THRD_L,1,0,28,21
AKGMALtm;TPI,1,0,28,21
AKGMALtm;TRPO2,0,1,29,20
AKGMALtm;URATEtx,0,1,29,20
AKGMALtm;XANDp,0,1,29,20
AKGMALtm;XANtx,0,1,29,20
AKGSUCCtm;APAT2rm,0,1,29,20
AKGSUCCtm;ARTFR41,0,1,29,20
AKGSUCCtm;BALAVECSEC,0,1,29,20
AKGSUCCtm;BALAtmr,0,1,29,20
AKGSUCCtm;CO2tm,1,0,28,21
AKGSUCCtm;COAtr,0,1,29,20
AKGSUCCtm;DESAT16_1,0,1,29,20
AKGSUCCtm;FKYNH,1,0,28,21
AKGSUCCtm;GLUt2m,0,1,29,20
AKGSUCCtm;HCO3Em,0,1,29,20
AKGSUCCtm;HCO3tm,0,1,29,20
AKGSUCCtm;KYNAKGAT,1,0,28,21
AKGSUCCtm;KYNATESYN,1,0,28,21
AKGSUCCtm;KYNATEtr,1,0,28,21
AKGSUCCtm;NDPK1,1,0,28,21
AKGSUCCtm;NH4tm,0,1,29,20
AKGSUCCtm;OBDHm,0,1,29,20
AKGSUCCtm;PPCOAOm,0,1,29,20
AKGSUCCtm;PROGLUtm,0,1,29,20
AKGSUCCtm;PROtm,0,2,29,19
AKGSUCCtm;PRPNCOAHYDm,0,1,29,20
AKGSUCCtm;RTOT4,0,1,29,20
AKGSUCCtm;SSALym,4,0,25,21
AKGSUCCtm;THRD_L,0,1,29,20
AKGSUCCtm;TRPO2,1,0,28,21
AKGtn;PETOHMm_hs,0,1,29,20
AKGtn;PSDm_hs,0,1,29,20
AKGtn;PSFLIPm,0,1,29,20
ALABte;APAT2rm,1,0,28,21
ALABte;BALAtmr,1,0,28,21
ALABte;CITRt2m,0,1,29,20
ALABte;CITRtm,0,1,29,20
ALABte;CO2tm,1,1,28,20
ALABte;DHFR,0,1,29,20
ALABte;DHFRm,0,2,29,19
ALABte;DHFtm,0,2,29,19
ALABte;ECOAH1m,1,0,28,21
ALABte;GLUDxm,0,1,29,20
ALABte;GLUDym,0,2,29,19
ALABte;HACD1m,1,0,28,21
ALABte;HCO3Em,0,1,29,20
ALABte;HCO3tm,0,1,29,20
ALABte;HMGCOASim,1,0,28,21
ALABte;KCC2t,0,1,29,20
ALABte;METOX,0,1,29,20
ALABte;MMSAD3m,1,0,28,21
ALABte;NDPK6,0,1,29,20
ALABte;NH4tm,0,4,29,17
ALABte;PROtm,0,1,29,20
ALABte;THFtm,0,2,29,19
ALABte;URPT,1,0,28,21
ALAHISALAr;D_LACt2,1,0,28,21
ALAHISALAr;LDH_D,1,0,28,21
ALAHISALAt;D_LACt2,1,0,28,21
ALAHISALAt;LDH_D,1,0,28,21
ALALtm;GLYtm,1,0,28,21
ALAR;GLUDym,0,1,29,20
ALAR;Htr,0,1,29,20
ALAR;TRDR,1,4,28,17
ALASm;ATPS4m,1,0,28,21
ALASm;CDS,0,1,29,20
ALASm;DCYTD,0,1,29,20
ALASm;DURIPP,0,3,29,18
ALASm;FBA,0,1,29,20
ALASm;GLYtm,1,1,28,20
ALASm;GTPGDPtm,0,1,29,20
ALASm;HCO3Em,0,1,29,20
ALASm;HCO3tm,0,1,29,20
ALASm;Htr,0,2,29,19
ALASm;NDP6,0,1,29,20
ALASm;NTD3,0,1,29,20
ALASm;PFK,0,1,29,20
ALASm;PGI,0,1,29,20
ALASm;PPItm,0,1,29,20
ALASm;URIK4,0,1,29,20
ALATA_L;AM6SAD,3,0,26,21
ALATA_L;AMCOXO,3,0,26,21
ALATA_L;AMID6,1,0,28,21
ALATA_L;DLD,1,0,28,21
ALATA_L;D_LACt2,1,0,28,21
ALATA_L;FKYNH,3,0,26,21
ALATA_L;GLCOASYNT,2,0,27,21
ALATA_L;GPAT,1,0,28,21
ALATA_L;HKYNH,3,0,26,21
ALATA_L;KCC2t,0,1,29,20
ALATA_L;KYN3OX,3,0,26,21
ALATA_L;LDH_D,1,0,28,21
ALATA_L;NH4tm,0,1,29,20
ALATA_L;OXOADLR,2,0,27,21
ALATA_L;PCLAD,3,0,26,21
ALATA_L;PYRAKGte,2,0,27,21
ALATA_L;TD2GLTRCOAm,2,0,27,21
ALATA_L;TRPO2,3,0,26,21
ALAt2r;ALAt4,7,0,22,21
ALCD19;PEPCK,1,0,28,21
ALCD1;CDS,4,4,25,17
ALCD1;CHOLK,6,0,23,21
ALCD1;DAG_Hstem,0,2,29,19
ALCD1;MTHFC,1,0,28,21
ALCD1;MTHFD2,1,0,28,21
ALCD1;NTD7,4,0,25,21
ALCD21_L;PYK,1,0,28,21
ALDD19x;DHPR,1,0,28,21
ALDD19x;HEX12,1,0,28,21
ALDD19x;O2t,1,0,28,21
ALDD19x;PYK2,1,0,28,21
ALDD19x;THBPT4ACAMDASE,1,0,28,21
ALDD19x;TRPHYDRO2,1,0,28,21
ALDD19xrm;CITt4_3,1,0,28,21
ALDD19xrm;ICDHyrm,1,0,28,21
ALDD19xrm;ICITMALtm,1,0,28,21
ALDD19xrm;NADH2_u10m,1,0,28,21
ALDD19xrm;OXALSUCCCLm,1,0,28,21
ALDD19y;DHPR,1,0,28,21
ALDD19y;HEX12,1,0,28,21
ALDD19y;O2t,1,0,28,21
ALDD19y;PYK2,1,0,28,21
ALDD19y;THBPT4ACAMDASE,1,0,28,21
ALDD19y;TRPHYDRO2,1,0,28,21
ALDD19yrm;CITt4_3,1,0,28,21
ALDD19yrm;ICDHyrm,1,0,28,21
ALDD19yrm;ICITMALtm,1,0,28,21
ALDD19yrm;NADH2_u10m,1,0,28,21
ALDD19yrm;OXALSUCCCLm,1,0,28,21
ALDD21;G6Pter,1,0,28,21
ALDD21;TRDR,7,0,22,21
ALDD21x;G6Pter,1,0,28,21
ALDD21x;TRDR,7,0,22,21
ALDD2x;FBA3,0,1,29,20
ALDD2x;OAADC,0,1,29,20
ALDD2x;OXALSUCCCLm,0,1,29,20
ALDD2x;PFK_4,0,1,29,20
ALDD2x;PYK4,1,0,28,21
ALDD2x;RPE,0,1,29,20
ALDD2x;TKT1,0,1,29,20
ALDD2x;TKT2,0,1,29,20
ALDD2y;ACITLn,1,0,28,21
ALDD2y;ADPtn,1,0,28,21
ALDD2y;ARTFR41,1,0,28,21
ALDD2y;ASPDH,1,0,28,21
ALDD2y;ASPGLUm,4,1,25,20
ALDD2y;ASPNATm,3,1,26,20
ALDD2y;ATPtn,1,0,28,21
ALDD2y;C161CPT1,1,0,28,21
ALDD2y;C30CPT1,1,0,28,21
ALDD2y;CACT4r,1,0,28,21
ALDD2y;CDS,1,1,28,20
ALDD2y;CITtn,1,0,28,21
ALDD2y;COAtr,1,0,28,21
ALDD2y;CRNtim,1,0,28,21
ALDD2y;CSNAT2m,1,0,28,21
ALDD2y;DESAT16_1,1,0,28,21
ALDD2y;DHFR,0,1,29,20
ALDD2y;DLD,2,0,27,21
ALDD2y;FBA,0,2,29,19
ALDD2y;G6Pter,1,0,28,21
ALDD2y;GLUDxm,0,1,29,20
ALDD2y;GLUt2m,1,0,28,21
ALDD2y;GLYATm,2,0,27,21
ALDD2y;H2Otn,1,0,28,21
ALDD2y;H4K12ACT,1,0,28,21
ALDD2y;H4K12DACT,1,0,28,21
ALDD2y;HCO3Em,0,1,29,20
ALDD2y;HCO3tm,0,2,29,19
ALDD2y;Htr,1,1,28,20
ALDD2y;ICDHyrm,1,1,28,20
ALDD2y;ICITMALtm,1,1,28,20
ALDD2y;ILEOX,0,1,29,20
ALDD2y;ILETAm,0,1,29,20
ALDD2y;ILEt5m,0,1,29,20
ALDD2y;MI14PP,1,0,28,21
ALDD2y;MI4PP,1,0,28,21
ALDD2y;MMSAD3m,1,0,28,21
ALDD2y;NACASPAH,3,1,26,20
ALDD2y;NACASPtm,3,1,26,20
ALDD2y;NDPK3,0,1,29,20
ALDD2y;NH4tm,1,1,28,20
ALDD2y;OAADC,1,0,28,21
ALDD2y;OAAtn,1,0,28,21
ALDD2y;OXALSUCCCLm,2,1,27,20
ALDD2y;PAIL4P_HStn,1,0,28,21
ALDD2y;PAIL_HStn,1,0,28,21
ALDD2y;PCRNtm,1,0,28,21
ALDD2y;PFK,0,2,29,19
ALDD2y;PGI,0,1,29,20
ALDD2y;PI4PLC,1,0,28,21
ALDD2y;PIK4n,1,0,28,21
ALDD2y;PItn,1,0,28,21
ALDD2y;PLMCOAPTr,1,0,28,21
ALDD2y;PPAer,1,0,28,21
ALDD2y;PPCOAOm,1,0,28,21
ALDD2y;PPIPItr,1,0,28,21
ALDD2y;PROGLUtm,0,1,29,20
ALDD2y;PROtm,0,1,29,20
ALDD2y;PRPNCOAHYDm,1,0,28,21
ALDD2y;PYK4,1,0,28,21
ALDD2y;PYK6,1,0,28,21
ALDD2y;THR3Dx,2,0,27,21
ALDD2y;TYROX,1,0,28,21
ALDD2y;TYRTA,1,0,28,21
ALPAP;CITRt2m,0,2,29,19
ALPAP;CITRtm,0,2,29,19
ALPAP;GLUDym,0,1,29,20
ALPAP;KCC2t,0,1,29,20
ALPAP;NH4tm,0,3,29,18
ALPAP;PPCOAtm,0,1,29,20
ALPAP;PROtm,0,1,29,20
ALR2;PYK,1,0,28,21
ALR3;PYK,1,0,28,21
AM6SAD;AMID6,1,0,28,21
AM6SAD;GPAT,1,0,28,21
AM6SAD;PIGTHRDLtm,0,1,29,20
AMANK;CO2tm,1,0,28,21
AMANK;DLD,1,0,28,21
AMANK;ENO,1,0,28,21
AMANK;GAPD,1,0,28,21
AMANK;PDHa,1,0,28,21
AMANK;PDHbr,1,0,28,21
AMANK;PGK,1,0,28,21
AMANK;PGM,1,0,28,21
AMANK;PYK7,1,0,28,21
AMANK;PYRtm,1,0,28,21
AMANK;TPI,1,0,28,21
AMCOXO;AMID6,1,0,28,21
AMCOXO;GPAT,1,0,28,21
AMCOXO;PIGTHRDLtm,0,1,29,20
AMETEPMT;CO2tm,2,0,27,21
AMETEPMT;ETHAK,2,0,27,21
AMETEPMT;METAT,1,0,28,21
AMETEPMT;PE_HStm,19,4,10,17
AMETEPMT;PSDm_hs,19,4,10,17
AMETEPMT;PSFLIPm,19,4,10,17
AMETEPMT;PSSA1_hs,1,0,28,21
AMETEPMT;PSSA2_hs,2,0,27,21
AMETt2m;AKGtn,0,1,29,20
AMETt2m;AMETtn,0,1,29,20
AMETt2m;ATPS4m,0,2,29,19
AMETt2m;CDS,5,7,24,14
AMETt2m;CEPTC,16,2,13,19
AMETt2m;CHLPCTD,16,2,13,19
AMETt2m;CHOLtu,0,12,29,9
AMETt2m;CO2tn,0,1,29,20
AMETt2m;CYOOm2,0,2,29,19
AMETt2m;CYOR_u10m,0,2,29,19
AMETt2m;DAG_Hstem,0,4,29,17
AMETt2m;ETHAK,2,0,27,21
AMETt2m;FALDtn,0,1,29,20
AMETt2m;FBA,0,1,29,20
AMETt2m;GLYtp,0,1,29,20
AMETt2m;HMGDH,0,1,29,20
AMETt2m;HMGS,0,1,29,20
AMETt2m;HOMOVALte,0,1,29,20
AMETt2m;Htr,0,1,29,20
AMETt2m;O2tn,0,1,29,20
AMETt2m;PFK,0,1,29,20
AMETt2m;PGI,0,1,29,20
AMETt2m;PSSA1_hs,3,0,26,21
AMETt2m;PSSA2_hs,2,0,27,21
AMETt2m;PYRAKGte,0,1,29,20
AMETt2m;SFGTH,0,1,29,20
AMETt2m;TYRDOPO,0,1,29,20
AMETtn;PETOHMm_hs,0,1,29,20
AMETtn;PSDm_hs,0,1,29,20
AMETtn;PSFLIPm,0,1,29,20
AMID6;APAT2rm,0,1,29,20
AMID6;ARTFR41,0,1,29,20
AMID6;ASPDH,0,1,29,20
AMID6;BALAVECSEC,0,1,29,20
AMID6;BALAtmr,0,1,29,20
AMID6;BAMPPALDOX,0,1,29,20
AMID6;CO2tm,1,0,28,21
AMID6;COAtr,0,1,29,20
AMID6;DESAT16_1,0,1,29,20
AMID6;DKMPPD1,0,1,29,20
AMID6;DKMPPD3,0,1,29,20
AMID6;DLD,1,0,28,21
AMID6;FKYNH,1,0,28,21
AMID6;GLCOASYNT,1,0,28,21
AMID6;HKYNH,1,0,28,21
AMID6;KYN3OX,1,0,28,21
AMID6;MDRPD,0,1,29,20
AMID6;METAT,0,1,29,20
AMID6;METDECARc,1,0,28,21
AMID6;METTRANSc,1,0,28,21
AMID6;MTAP,0,1,29,20
AMID6;MTRI,0,1,29,20
AMID6;NH4tm,0,1,29,20
AMID6;OBDHm,0,1,29,20
AMID6;OXOADLR,1,0,28,21
AMID6;PCLAD,1,0,28,21
AMID6;PPCOAOm,0,1,29,20
AMID6;PROGLUtm,0,1,29,20
AMID6;PROtm,0,2,29,19
AMID6;PRPNCOAHYDm,0,1,29,20
AMID6;RTOT4,1,1,28,20
AMID6;SMOX,0,1,29,20
AMID6;SPRMS,0,1,29,20
AMID6;TD2GLTRCOAm,1,0,28,21
AMID6;THRD_L,0,1,29,20
AMID6;TRPO2,1,0,28,21
AMID6;UNK3,0,1,29,20
AMID6m;DHFRx,1,0,28,21
AMID6m;DHFtm,1,0,28,21
AMID6m;THFtm,1,0,28,21
AMPPHm;PPCOAtm,0,1,29,20
AMPt4;ATPS4m,0,1,29,20
AMPt4;C30CPT1,1,0,28,21
AMPt4;COAtm,0,2,29,19
AMPt4;CRNtim,1,0,28,21
AMPt4;CSNAT2m,1,0,28,21
AMPt4;CYOOm2,0,1,29,20
AMPt4;CYOR_u10m,0,1,29,20
AMPt4;DHRT_ivcoa,1,0,28,21
AMPt4;DLD,2,0,27,21
AMPt4;GLYATm,1,0,28,21
AMPt4;GLYtm,0,1,29,20
AMPt4;GTPGDPtm,1,0,28,21
AMPt4;LEUTAm,1,0,28,21
AMPt4;LEUt5m,1,0,28,21
AMPt4;MCCCm,1,0,28,21
AMPt4;MGCHrm,1,0,28,21
AMPt4;MMSAD3m,1,0,28,21
AMPt4;MOD_3mhop,1,0,28,21
AMPt4;NH4tm,0,1,29,20
AMPt4;PCRNtm,1,0,28,21
AMPt4;PIGTHRDLtm,1,0,28,21
AMPt4;PPCOAOm,1,0,28,21
AMPt4;PPIOGLYc,0,1,29,20
AMPt4;PPIOGLYte,0,1,29,20
AMPt4;PPIOGLYtm,0,1,29,20
AMPt4;PRPNCOAHYDm,1,0,28,21
AMPt4;THR3Dx,1,0,28,21
AMPt4;TYROX,2,0,27,21
AMPt4;TYRTA,2,0,27,21
APAT2rm;ARTFR41,1,0,28,21
APAT2rm;C161CPT1,1,0,28,21
APAT2rm;CACT4r,1,0,28,21
APAT2rm;CITMCOAHm,2,0,27,21
APAT2rm;CITMCOALm,2,0,27,21
APAT2rm;COAtr,1,0,28,21
APAT2rm;DESAT16_1,1,0,28,21
APAT2rm;ECOAH1m,4,0,25,21
APAT2rm;G5SADr,1,0,28,21
APAT2rm;GLU5SAtmc,1,0,28,21
APAT2rm;GPAT,0,1,29,20
APAT2rm;GSADHm,1,0,28,21
APAT2rm;HACD1m,4,0,25,21
APAT2rm;ICDHyrm,2,0,27,21
APAT2rm;ITCOAL1m,1,0,28,21
APAT2rm;ITCOALm,1,0,28,21
APAT2rm;NH4tm,0,2,29,19
APAT2rm;OXALSUCCCLm,2,0,27,21
APAT2rm;PIMALtm,1,0,28,21
APAT2rm;PLMCOAPTr,1,0,28,21
APAT2rm;PPCOAOm,1,0,28,21
APAT2rm;PPItm,3,0,26,21
APAT2rm;PRPNCOAHYDm,1,0,28,21
APAT2rm;PUNP1,1,0,28,21
APAT2rm;PYRtm,1,0,28,21
APAT2rm;RTOT4,1,0,28,21
APAT2rm;SO4AKGtm,1,0,28,21
APAT2rm;SO4MALtm,1,0,28,21
APAT2rm;URPT,3,0,26,21
ARACHDCOAtr;G6Pter,1,0,28,21
ARACHDCOAtr;Htr,1,2,28,19
ARACHDCOAtr;TRDR,4,4,25,17
ARACHDCRNtr;Htr,0,1,29,20
ARACHDtr;G6Pter,1,0,28,21
ARACHDtr;Htr,1,1,28,20
ARACHDtr;TRDR,7,9,22,12
ARCOAATp;DESAT16_1,0,1,29,20
ARCOAATp;FBA,1,0,28,21
ARCOAATp;G6Pter,2,0,27,21
ARCOAATp;GALU,1,0,28,21
ARCOAATp;Htr,1,2,28,19
ARCOAATp;PFK,1,0,28,21
ARCOAATp;PGI,1,0,28,21
ARCOAATp;PGMT,1,0,28,21
ARCOAATp;RTOT4,0,1,29,20
ARCOAATp;TRDR,15,10,14,11
ARCOAATr;DESAT16_1,0,1,29,20
ARCOAATr;RTOT4,0,1,29,20
ARCOAATr;TRDR,3,2,26,19
ARGDCm;CKc,1,0,28,21
ARGDCm;CRTNsyn,1,0,28,21
ARGDCm;CRTNte,1,0,28,21
ARGDCm;GACMTRc,1,0,28,21
ARGDCm;GLUDym,1,0,28,21
ARGDCm;GLYAMDTRc,1,0,28,21
ARGDCm;NH4tm,1,0,28,21
ARGDCm;ORNDC,1,0,28,21
ARGLYSex;LARGtiDF,3,0,26,21
ARGORNtm;CKc,1,0,28,21
ARGORNtm;CRTNsyn,1,0,28,21
ARGORNtm;CRTNte,1,0,28,21
ARGORNtm;GACMTRc,1,0,28,21
ARGORNtm;GLUDym,1,0,28,21
ARGORNtm;GLYAMDTRc,1,0,28,21
ARGORNtm;NH4tm,1,0,28,21
ARGt5r;LARGtiDF,3,0,26,21
ARGtm;ORNDC,1,0,28,21
ARTFR12;ACITLn,1,0,28,21
ARTFR12;ADPtn,1,0,28,21
ARTFR12;ARTFR13,0,2,29,19
ARTFR12;ARTFR42,0,1,29,20
ARTFR12;ARTFR43,0,1,29,20
ARTFR12;CITtn,1,0,28,21
ARTFR12;OAAtn,1,0,28,21
ARTFR12;RTOT4,0,2,29,19
ARTFR13;ARTFR41,0,2,29,19
ARTFR13;ARTPLM1m,0,4,29,17
ARTFR13;R_group_phosphotase_1,0,3,29,18
ARTFR32;ARTFR45,2,0,27,21
ARTFR32;RTOT4,3,0,26,21
ARTFR41;ARTFR42,1,2,28,19
ARTFR41;RTOT1,0,2,29,19
ARTFR42;ARTFR45,5,1,24,20
ARTFR42;ARTFR52,2,2,27,19
ARTFR42;ARTPLM1m,0,3,29,18
ARTFR42;RTOT5,2,2,27,19
ARTFR42;R_group_phosphotase_1,0,3,29,18
ARTFR43;ARTPLM1m,0,1,29,20
ARTFR43;RTOT5,0,1,29,20
ARTFR45;RTOT3,2,0,27,21
ARTFR52;RTOT4,5,2,24,19
ARTFR54;RTOT4,0,1,29,20
ARTPLM1m;RTOT1,0,2,29,19
ARTPLM1m;RTOT4,0,2,29,19
ASCBt5;PPA,1,0,28,21
ASCBtr;PGAM1_PhosHydro,0,1,29,20
ASCBtr;PPA,1,1,28,20
ASNN;ASNNm,1,0,28,21
ASNN;ASNtm,1,0,28,21
ASNN;ASPPROASCT1,0,4,29,17
ASNN;ASPTA,0,1,29,20
ASNN;ASPt6,7,4,22,17
ASNN;GLUDxm,0,1,29,20
ASNPHELAT2tc;ASNt4,4,0,25,21
ASNt4;ASNTHRNaEx,0,6,29,15
ASNt4;ASNtN1,2,1,27,20
ASP1DC;ARTFR41,1,0,28,21
ASP1DC;C161CPT1,1,0,28,21
ASP1DC;CACT4r,1,0,28,21
ASP1DC;COAtr,1,0,28,21
ASP1DC;DESAT16_1,1,0,28,21
ASP1DC;DHPM1,1,0,28,21
ASP1DC;DURAD,1,0,28,21
ASP1DC;PLMCOAPTr,1,0,28,21
ASP1DC;RTOT4,1,0,28,21
ASP1DC;UPPN,1,0,28,21
ASPDH;ACITLn,1,0,28,21
ASPDH;ADPtn,1,0,28,21
ASPDH;ASPGLUm,3,1,26,20
ASPDH;ASPTAm,1,1,28,20
ASPDH;ATPt4,1,0,28,21
ASPDH;ATPtn,1,0,28,21
ASPDH;BPNT,1,0,28,21
ASPDH;BUP2,2,0,27,21
ASPDH;CHATn,1,0,28,21
ASPDH;CHOLtn,1,0,28,21
ASPDH;CITtn,1,0,28,21
ASPDH;CYANSTm,2,0,27,21
ASPDH;CYSO,2,0,27,21
ASPDH;DHPM2,2,0,27,21
ASPDH;DNPH4,2,0,27,21
ASPDH;DRPA,2,0,27,21
ASPDH;DURAD2xm,2,0,27,21
ASPDH;D_3AIBt,1,0,28,21
ASPDH;ENO,5,0,24,21
ASPDH;GALK,1,0,28,21
ASPDH;GALM2,1,0,28,21
ASPDH;GAPD,5,0,24,21
ASPDH;GLUDym,1,0,28,21
ASPDH;GPAT,0,1,29,20
ASPDH;GUAD,1,0,28,21
ASPDH;IDHPOXOX2b,1,0,28,21
ASPDH;IDHPOXOX3,1,0,28,21
ASPDH;IDHPOXOXb,1,0,28,21
ASPDH;It,1,0,28,21
ASPDH;LDH_Lm,1,0,28,21
ASPDH;L_LACtm,1,0,28,21
ASPDH;MALTSULtm,2,0,27,21
ASPDH;MDH,1,0,28,21
ASPDH;MMSAD1m,1,0,28,21
ASPDH;NTD9,1,0,28,21
ASPDH;O2t,1,0,28,21
ASPDH;OAAtn,1,0,28,21
ASPDH;PEPACONtm,1,0,28,21
ASPDH;PEPCKm,1,1,28,20
ASPDH;PEPICITtm,0,1,29,20
ASPDH;PGI,1,0,28,21
ASPDH;PGK,5,0,24,21
ASPDH;PGM,5,0,24,21
ASPDH;PGMT,1,0,28,21
ASPDH;PItn,1,0,28,21
ASPDH;PPA,1,0,28,21
ASPDH;PUNP3,1,0,28,21
ASPDH;PYK,1,0,28,21
ASPDH;PYRtm,1,0,28,21
ASPDH;R5Ptr,2,0,27,21
ASPDH;RPIr,2,0,27,21
ASPDH;RU5Ptr,2,0,27,21
ASPDH;SADT,1,0,28,21
ASPDH;SQORm,2,0,27,21
ASPDH;THYMtm,2,0,27,21
ASPDH;THYPX,1,0,28,21
ASPDH;THYRIDHD,1,0,28,21
ASPDH;THYST,1,0,28,21
ASPDH;TPI,1,0,28,21
ASPDH;TSULt4_3,2,0,27,21
ASPDH;UDPG4E,1,0,28,21
ASPDH;UGLT,1,0,28,21
ASPDH;XAND,1,0,28,21
ASPGLUm;ARTFR13,0,1,29,20
ASPGLUm;ARTFR42,0,1,29,20
ASPGLUm;ASPNATm,1,0,28,21
ASPGLUm;C30CPT1,1,0,28,21
ASPGLUm;CACT6r,0,1,29,20
ASPGLUm;CITRt2m,2,0,27,21
ASPGLUm;CITRtm,2,0,27,21
ASPGLUm;CITtam,0,2,29,19
ASPGLUm;CO2tm,5,1,24,20
ASPGLUm;COAtm,1,0,28,21
ASPGLUm;CSNAT2m,1,0,28,21
ASPGLUm;CYANSTm,1,0,28,21
ASPGLUm;CYSO,1,0,28,21
ASPGLUm;DESAT18_1,0,1,29,20
ASPGLUm;DHFR,1,0,28,21
ASPGLUm;DHFR3m,1,0,28,21
ASPGLUm;DHFR3x,1,0,28,21
ASPGLUm;DHFRm,1,1,28,20
ASPGLUm;DHFtm,0,1,29,20
ASPGLUm;ENO,1,3,28,18
ASPGLUm;FA140ACPH,0,1,29,20
ASPGLUm;FAE180,0,1,29,20
ASPGLUm;FBA,0,1,29,20
ASPGLUm;FOLtm,1,0,28,21
ASPGLUm;FUM,1,0,28,21
ASPGLUm;GAPD,1,3,28,18
ASPGLUm;GLUDym,1,1,28,20
ASPGLUm;HACD180,0,1,29,20
ASPGLUm;HCO3E,1,0,28,21
ASPGLUm;HCO3Em,1,0,28,21
ASPGLUm;HCO3tm,1,0,28,21
ASPGLUm;HSD180,0,1,29,20
ASPGLUm;MALACONtm,1,1,28,20
ASPGLUm;MALCOAMT,0,1,29,20
ASPGLUm;MALCOAMTr,0,1,29,20
ASPGLUm;MALTSULtm,1,0,28,21
ASPGLUm;MDH,4,0,25,21
ASPGLUm;NACASPAH,1,0,28,21
ASPGLUm;NACASPtm,1,0,28,21
ASPGLUm;NH4tm,1,2,28,19
ASPGLUm;NMNS,1,0,28,21
ASPGLUm;PCRNtm,1,0,28,21
ASPGLUm;PEPCK,4,0,25,21
ASPGLUm;PFK,0,1,29,20
ASPGLUm;PGI,0,1,29,20
ASPGLUm;PGK,1,3,28,18
ASPGLUm;PGM,1,3,28,18
ASPGLUm;PPItm,1,0,28,21
ASPGLUm;PROGLUtm,0,1,29,20
ASPGLUm;PROtm,0,1,29,20
ASPGLUm;PYK,3,0,26,21
ASPGLUm;PYK7,0,2,29,19
ASPGLUm;PYRAKGte,0,1,29,20
ASPGLUm;PYRtm,1,0,28,21
ASPGLUm;RTOT1,0,1,29,20
ASPGLUm;SQORm,1,0,28,21
ASPGLUm;TECR180,0,1,29,20
ASPGLUm;THFtm,1,0,28,21
ASPGLUm;THRA,1,0,28,21
ASPGLUm;TPI,1,3,28,18
ASPGLUm;TSULt4_3,1,0,28,21
ASPGLUm;TTDCAFATPc,0,1,29,20
ASPGLUm;TTDCAtr,0,1,29,20
ASPNATm;C30CPT1,1,0,28,21
ASPNATm;COAtm,1,0,28,21
ASPNATm;CSNAT2m,1,0,28,21
ASPNATm;NH4tm,0,1,29,20
ASPNATm;PCRNtm,1,0,28,21
ASPTAm;ARTFR13,0,1,29,20
ASPTAm;ARTFR42,0,1,29,20
ASPTAm;CACT6r,0,1,29,20
ASPTAm;DDPGAm,1,0,28,21
ASPTAm;DESAT18_1,0,1,29,20
ASPTAm;EHGLAT2m,1,0,28,21
ASPTAm;FA140ACPH,0,1,29,20
ASPTAm;FAE180,0,1,29,20
ASPTAm;GLUDym,1,0,28,21
ASPTAm;HACD180,0,1,29,20
ASPTAm;HPROym,1,0,28,21
ASPTAm;HSD180,0,1,29,20
ASPTAm;MALCOAMT,0,1,29,20
ASPTAm;MALCOAMTr,0,1,29,20
ASPTAm;PHCDm,1,0,28,21
ASPTAm;PROAKGOX1m,1,0,28,21
ASPTAm;PYRtm,1,0,28,21
ASPTAm;RTOT1,0,1,29,20
ASPTAm;TECR180,0,1,29,20
ASPTAm;TTDCAFATPc,0,1,29,20
ASPTAm;TTDCAtr,0,1,29,20
ATP1ter;ATPS4m,1,0,28,21
ATP1ter;CDS,0,1,29,20
ATP1ter;CYTK1,0,4,29,17
ATP1ter;CYTK3,0,4,29,17
ATP1ter;FBA,0,1,29,20
ATP1ter;GLYtm,1,0,28,21
ATP1ter;Htr,0,1,29,20
ATP1ter;PFK,0,1,29,20
ATP1ter;PGI,0,1,29,20
ATP1ter;PIt7,1,0,28,21
ATP1ter;PPAer,1,0,28,21
ATP1ter;PPIPItr,1,0,28,21
ATP1ter;R5Ptr,9,7,20,14
ATP1ter;RPIr,9,7,20,14
ATP1ter;RU5Ptr,9,7,20,14
ATPADPtp;DPMVDc,0,2,29,19
ATPADPtp;IPDPtx,0,2,29,19
ATPADPtp;MEVK1c,0,2,29,19
ATPADPtp;O2t,0,1,29,20
ATPADPtp;PMEVKc,0,2,29,19
ATPS4m;ATPt4,1,0,28,21
ATPS4m;BILDGLUCRabc,1,0,28,21
ATPS4m;BILIRED2,1,0,28,21
ATPS4m;BILIRUBtr,1,0,28,21
ATPS4m;CAtm7,2,2,27,19
ATPS4m;CITRt2m,0,1,29,20
ATPS4m;CITRtm,0,1,29,20
ATPS4m;CO2tm,1,0,28,21
ATPS4m;COQ3m,0,2,29,19
ATPS4m;COQ5m,0,2,29,19
ATPS4m;COQ6m,0,2,29,19
ATPS4m;COQ7m,0,2,29,19
ATPS4m;COUCOAFm,0,2,29,19
ATPS4m;COt,1,0,28,21
ATPS4m;CPPPGO,1,0,28,21
ATPS4m;DECDPtm,0,2,29,19
ATPS4m;DHDPBMTm,0,2,29,19
ATPS4m;DPHMBDCm,0,2,29,19
ATPS4m;DPPS,0,2,29,19
ATPS4m;ENO,1,1,28,20
ATPS4m;FBA,1,0,28,21
ATPS4m;FCLTm,1,0,28,21
ATPS4m;FE2tm,1,0,28,21
ATPS4m;FRDPtc,0,2,29,19
ATPS4m;GALU,1,0,28,21
ATPS4m;GAPD,1,1,28,20
ATPS4m;GF6PTA,1,0,28,21
ATPS4m;H2Otm,0,1,29,20
ATPS4m;HBZOPT10m,0,2,29,19
ATPS4m;HCO3E,1,0,28,21
ATPS4m;HEX12,1,0,28,21
ATPS4m;HMBS,1,0,28,21
ATPS4m;HOXG,1,0,28,21
ATPS4m;Htm,16,7,13,14
ATPS4m;ILEOX,0,1,29,20
ATPS4m;ILETAm,0,1,29,20
ATPS4m;ILEt5m,0,1,29,20
ATPS4m;NAtm,2,2,27,19
ATPS4m;NDP7er,1,0,28,21
ATPS4m;NMNS,1,0,28,21
ATPS4m;PFK,1,0,28,21
ATPS4m;PGI,1,0,28,21
ATPS4m;PGK,1,1,28,20
ATPS4m;PGM,1,1,28,20
ATPS4m;PGMT,1,0,28,21
ATPS4m;PHEMEtm,1,0,28,21
ATPS4m;PIATPLtm,3,5,26,16
ATPS4m;PIGTHRDLtm,1,0,28,21
ATPS4m;PPBNGS,1,0,28,21
ATPS4m;PPItm,0,2,29,19
ATPS4m;PPPG9tm,1,0,28,21
ATPS4m;PPPGOm,1,0,28,21
ATPS4m;Q10H2e,0,2,29,19
ATPS4m;T4HCINNMFM,0,2,29,19
ATPS4m;TPI,2,1,27,20
ATPS4m;TYROX,1,0,28,21
ATPS4m;TYRTA,1,0,28,21
ATPS4m;TYRTAm,0,2,29,19
ATPS4m;TYRtl,0,2,29,19
ATPS4m;UAGDP,1,0,28,21
ATPS4m;UDPGCURtr,1,0,28,21
ATPS4m;UDPGD,1,0,28,21
ATPS4m;UGT1A2r,1,0,28,21
ATPS4m;UMPtr,1,0,28,21
ATPS4m;UPP3S,1,0,28,21
ATPS4m;UPPDC1,1,0,28,21
ATPS4m;q10h2tc,0,2,29,19
ATPt4;COAtm,0,1,29,20
ATPt4;ENO,1,0,28,21
ATPt4;GAPD,1,0,28,21
ATPt4;GLUDym,1,0,28,21
ATPt4;NH4tm,1,0,28,21
ATPt4;PGK,1,0,28,21
ATPt4;PGM,1,0,28,21
ATPt4;PIt2m_2,3,0,26,21
ATPt4;PYK,1,0,28,21
ATPt4;TPI,1,0,28,21
ATPtm;ENO,0,2,29,19
ATPtm;FBA,1,1,28,20
ATPtm;GAPD,0,2,29,19
ATPtm;HEX12,1,0,28,21
ATPtm;NACDe,0,1,29,20
ATPtm;NACPRT,0,1,29,20
ATPtm;NCAMDe,0,1,29,20
ATPtm;NMNDA,0,1,29,20
ATPtm;NMNS,2,1,27,20
ATPtm;PFK,1,1,28,20
ATPtm;PGI,1,1,28,20
ATPtm;PGK,0,2,29,19
ATPtm;PGM,0,2,29,19
ATPtm;PPItm,1,0,28,21
ATPtm;PYK7,0,2,29,19
ATPtm;TPI,1,2,28,19
ATPtn;ARTFR12,1,0,28,21
ATPtn;C161CPT1,1,0,28,21
ATPtn;CACT4r,1,0,28,21
ATPtn;CO2tm,1,0,28,21
ATPtn;COAtr,1,0,28,21
ATPtn;DESAT16_1,1,0,28,21
ATPtn;HMGL,2,0,27,21
ATPtn;MI1PP,1,0,28,21
ATPtn;MMSAD3m,1,0,28,21
ATPtn;NADHtru,1,0,28,21
ATPtn;NADtru,1,0,28,21
ATPtn;NDP8,1,0,28,21
ATPtn;O2St,1,0,28,21
ATPtn;O2t,9,0,20,21
ATPtn;OBDHc,1,0,28,21
ATPtn;OCOAT1m,2,0,27,21
ATPtn;PIPLC,1,0,28,21
ATPtn;PLMCOAPTr,1,0,28,21
ATPtn;PPCOAOm,1,0,28,21
ATPtn;PPCOAtm,1,0,28,21
ATPtn;PRPNCOAHYDm,1,0,28,21
ATPtn;THRD_L,1,0,28,21
A_MANASEly;G6Pt6er,2,0,27,21
Asn_X_Ser/Thrtr;G6Pt6er,2,0,27,21
B3GNT51g;UAG4E,1,0,28,21
B3GNT51g;UGALNACtg,1,0,28,21
BALAVECSEC;GPAT,0,1,29,20
BALAVECSEC;NH4tm,0,1,29,20
BALAtmr;ARTFR41,1,0,28,21
BALAtmr;C161CPT1,1,0,28,21
BALAtmr;CACT4r,1,0,28,21
BALAtmr;CITMCOAHm,2,0,27,21
BALAtmr;CITMCOALm,2,0,27,21
BALAtmr;COAtr,1,0,28,21
BALAtmr;DESAT16_1,1,0,28,21
BALAtmr;ECOAH1m,4,0,25,21
BALAtmr;G5SADr,1,0,28,21
BALAtmr;GLU5SAtmc,1,0,28,21
BALAtmr;GPAT,0,1,29,20
BALAtmr;GSADHm,1,0,28,21
BALAtmr;HACD1m,4,0,25,21
BALAtmr;ICDHyrm,2,0,27,21
BALAtmr;ITCOAL1m,1,0,28,21
BALAtmr;ITCOALm,1,0,28,21
BALAtmr;NH4tm,0,2,29,19
BALAtmr;OXALSUCCCLm,2,0,27,21
BALAtmr;PIMALtm,1,0,28,21
BALAtmr;PLMCOAPTr,1,0,28,21
BALAtmr;PPCOAOm,1,0,28,21
BALAtmr;PPItm,3,0,26,21
BALAtmr;PRPNCOAHYDm,1,0,28,21
BALAtmr;PUNP1,1,0,28,21
BALAtmr;PYRtm,1,0,28,21
BALAtmr;RTOT4,1,0,28,21
BALAtmr;SO4AKGtm,1,0,28,21
BALAtmr;SO4MALtm,1,0,28,21
BALAtmr;URPT,3,0,26,21
BAMPPALDOX;CO2tm,0,1,29,20
BAMPPALDOX;DHFR,0,1,29,20
BAMPPALDOX;DHFRm,0,2,29,19
BAMPPALDOX;DHFtm,0,2,29,19
BAMPPALDOX;GLUDxm,0,1,29,20
BAMPPALDOX;GLUDym,0,2,29,19
BAMPPALDOX;GPAT,0,1,29,20
BAMPPALDOX;HCO3tm,0,1,29,20
BAMPPALDOX;KCC2t,0,1,29,20
BAMPPALDOX;METOX,0,1,29,20
BAMPPALDOX;NH4tm,0,3,29,18
BAMPPALDOX;PROtm,0,1,29,20
BAMPPALDOX;PUNP1,1,0,28,21
BAMPPALDOX;THFtm,0,2,29,19
BDMT;FKYNH,0,1,29,20
BDMT;G6Pt6er,3,0,26,21
BDMT;HKYNH,0,1,29,20
BDMT;KYN3OX,0,1,29,20
BDMT;NNDPR,0,1,29,20
BDMT;QUILSYN,0,1,29,20
BDMT;TRPO2,0,1,29,20
BETALDHx;O2t,1,0,28,21
BETALDHxm;CDS,5,7,24,14
BETALDHxm;CHOLK,11,0,18,21
BETALDHxm;CYSGLTH,1,0,28,21
BETALDHxm;CYSRED,1,0,28,21
BETALDHxm;DAG_Hstem,0,4,29,17
BETALDHxm;FBA,0,1,29,20
BETALDHxm;GLYtp,0,1,29,20
BETALDHxm;Htr,0,1,29,20
BETALDHxm;LHCYSTIN,2,0,27,21
BETALDHxm;LHCYSTINt,2,0,27,21
BETALDHxm;MTHFC,1,1,28,20
BETALDHxm;MTHFD2,1,1,28,20
BETALDHxm;NTD7,6,0,23,21
BETALDHxm;PFK,0,1,29,20
BETALDHxm;PGI,0,1,29,20
BETALDHy;O2t,1,0,28,21
BHMT;CDS,5,7,24,14
BHMT;CHOLK,11,0,18,21
BHMT;CYSGLTH,1,0,28,21
BHMT;CYSRED,1,0,28,21
BHMT;DAG_Hstem,0,4,29,17
BHMT;FBA,0,1,29,20
BHMT;GLYtp,0,1,29,20
BHMT;Htr,0,1,29,20
BHMT;LHCYSTIN,2,0,27,21
BHMT;LHCYSTINt,2,0,27,21
BHMT;MTHFC,1,1,28,20
BHMT;MTHFD2,1,1,28,20
BHMT;NTD7,6,0,23,21
BHMT;PFK,0,1,29,20
BHMT;PGI,0,1,29,20
BILDGLUCRabc;CDS,0,1,29,20
BILDGLUCRabc;FBA,0,1,29,20
BILDGLUCRabc;GLYtm,1,0,28,21
BILDGLUCRabc;Htr,0,1,29,20
BILDGLUCRabc;PFK,0,1,29,20
BILDGLUCRabc;PGI,0,1,29,20
BILIRED2;GLYtm,1,0,28,21
BILIRUBtr;CDS,0,1,29,20
BILIRUBtr;DCYTD,0,1,29,20
BILIRUBtr;DURIPP,0,3,29,18
BILIRUBtr;FBA,0,1,29,20
BILIRUBtr;GLYtm,1,0,28,21
BILIRUBtr;GTPGDPtm,0,1,29,20
BILIRUBtr;HCO3Em,0,1,29,20
BILIRUBtr;HCO3tm,0,1,29,20
BILIRUBtr;Htr,0,1,29,20
BILIRUBtr;NDP6,0,1,29,20
BILIRUBtr;NTD3,0,1,29,20
BILIRUBtr;PFK,0,1,29,20
BILIRUBtr;PGI,0,1,29,20
BILIRUBtr;PPItm,0,1,29,20
BILIRUBtr;URIK4,0,1,29,20
BPGP;NDPK8,0,1,29,20
BPGP;TPI,0,1,29,20
BPNT;G6Pt6er,1,0,28,21
BPNT;GLUDym,1,0,28,21
BTCOACRNtm;COAtm,0,2,29,19
BTCOACRNtm;GLYtm,0,1,29,20
BTCOACRNtm;NH4tm,0,1,29,20
BTCOACRNtm;PPCOAtm,0,1,29,20
BTCOACRNtm;PPIOGLYc,0,1,29,20
BTCOACRNtm;PPIOGLYte,0,1,29,20
BTCOACRNtm;PPIOGLYtm,0,1,29,20
BUP2;CDS,0,1,29,20
BUP2;DCYTD,1,1,28,20
BUP2;DHFR,0,1,29,20
BUP2;DLD,2,1,27,20
BUP2;DURIPP,9,4,20,17
BUP2;ENO,1,0,28,21
BUP2;FBA,0,1,29,20
BUP2;GAPD,1,0,28,21
BUP2;GLUDxm,0,1,29,20
BUP2;GLYtm,0,1,29,20
BUP2;HCO3Em,0,1,29,20
BUP2;HCO3tm,0,1,29,20
BUP2;Htr,0,2,29,19
BUP2;NDP6,1,1,28,20
BUP2;NTD1,8,0,21,21
BUP2;NTD3,1,1,28,20
BUP2;PEPCK,1,0,28,21
BUP2;PFK,0,1,29,20
BUP2;PGI,0,1,29,20
BUP2;PGK,1,0,28,21
BUP2;PGM,1,0,28,21
BUP2;THRA,1,0,28,21
BUP2;URIK4,0,1,29,20
BUTt2m;FACOAL100im,1,0,28,21
BUTt2m;GLCOASYNT,1,0,28,21
BUTt2m;GLUTCOADHm,1,0,28,21
BUTt2m;OXOADLR,1,0,28,21
BUTt2m;PPCOACRNtm,1,0,28,21
BUTt2m;TTDCPT1,1,0,28,21
BUTt2m;TTDCPT2,1,0,28,21
BUTt2m;TTDCRNt,1,0,28,21
B_MANNASEly;G6Pt6er,2,0,27,21
C160CPT1;PMTCOAFABP1tc,2,4,27,17
C160CPT2;COAtm,0,1,29,20
C160CPT2;NH4tm,0,1,29,20
C160CRNt;COAtm,0,1,29,20
C160CRNt;NH4tm,0,1,29,20
C161CPT1;ACITLn,1,0,28,21
C161CPT1;ADPtn,1,0,28,21
C161CPT1;CHAT,1,0,28,21
C161CPT1;CHATn,1,0,28,21
C161CPT1;CHOLtn,1,0,28,21
C161CPT1;CITtn,1,0,28,21
C161CPT1;DLD,1,0,28,21
C161CPT1;ENO,1,0,28,21
C161CPT1;FBA,0,1,29,20
C161CPT1;FKYNH,0,1,29,20
C161CPT1;G6Pter,1,0,28,21
C161CPT1;GAPD,1,0,28,21
C161CPT1;GLUDym,0,1,29,20
C161CPT1;H2Oter,1,0,28,21
C161CPT1;HKYNH,0,1,29,20
C161CPT1;ICDHyrm,1,0,28,21
C161CPT1;ICITMALtm,1,0,28,21
C161CPT1;KYN3OX,0,1,29,20
C161CPT1;MDH,1,0,28,21
C161CPT1;NADPHtru,2,0,27,21
C161CPT1;NADPtru,2,0,27,21
C161CPT1;NNDPR,0,1,29,20
C161CPT1;OAAtn,1,0,28,21
C161CPT1;OXALSUCCCLm,1,0,28,21
C161CPT1;PFK,0,1,29,20
C161CPT1;PGAM1_PhosHydro,0,1,29,20
C161CPT1;PGI,1,1,28,20
C161CPT1;PGK,1,0,28,21
C161CPT1;PGM,1,0,28,21
C161CPT1;PIt2m_2,1,0,28,21
C161CPT1;PItn,1,0,28,21
C161CPT1;QUILSYN,0,1,29,20
C161CPT1;TPI,1,0,28,21
C161CPT1;TRPO2,0,1,29,20
C180CPT1;ARTFR13,0,4,29,17
C180CPT1;ARTFR42,0,3,29,18
C180CPT1;ARTFR43,0,1,29,20
C180CPT1;CACT6r,0,4,29,17
C180CPT1;DESAT18_1,0,3,29,18
C180CPT1;FA140ACPH,0,4,29,17
C180CPT1;FACOAL140i,0,2,29,19
C180CPT1;FAE180,0,3,29,18
C180CPT1;FAE181,0,1,29,20
C180CPT1;HACD180,0,3,29,18
C180CPT1;HACD181,0,1,29,20
C180CPT1;HSD180,0,3,29,18
C180CPT1;HSD181,0,1,29,20
C180CPT1;MALCOAMT,0,4,29,17
C180CPT1;MALCOAMTr,0,4,29,17
C180CPT1;OCDE9ECOAtr,0,2,29,19
C180CPT1;OCTD11ECOAtr,0,1,29,20
C180CPT1;RTOT1,0,2,29,19
C180CPT1;RTOT4,0,2,29,19
C180CPT1;TECR180,0,3,29,18
C180CPT1;TECR181,0,1,29,20
C180CPT1;TTDCAFATPc,0,2,29,19
C180CPT1;TTDCAtr,0,2,29,19
C180CPT2;ARTFR13,0,4,29,17
C180CPT2;ARTFR42,0,3,29,18
C180CPT2;ARTFR43,0,1,29,20
C180CPT2;CACT6r,0,4,29,17
C180CPT2;DESAT18_1,0,3,29,18
C180CPT2;FA140ACPH,0,4,29,17
C180CPT2;FACOAL140i,0,2,29,19
C180CPT2;FAE180,0,3,29,18
C180CPT2;FAE181,0,1,29,20
C180CPT2;HACD180,0,3,29,18
C180CPT2;HACD181,0,1,29,20
C180CPT2;HSD180,0,3,29,18
C180CPT2;HSD181,0,1,29,20
C180CPT2;MALCOAMT,0,4,29,17
C180CPT2;MALCOAMTr,0,4,29,17
C180CPT2;OCDE9ECOAtr,0,2,29,19
C180CPT2;OCTD11ECOAtr,0,1,29,20
C180CPT2;RTOT1,0,2,29,19
C180CPT2;RTOT4,0,2,29,19
C180CPT2;TECR180,0,3,29,18
C180CPT2;TECR181,0,1,29,20
C180CPT2;TTDCAFATPc,0,2,29,19
C180CPT2;TTDCAtr,0,2,29,19
C180CRNt;ARTFR13,0,4,29,17
C180CRNt;ARTFR42,0,3,29,18
C180CRNt;ARTFR43,0,1,29,20
C180CRNt;CACT6r,0,4,29,17
C180CRNt;DESAT18_1,0,3,29,18
C180CRNt;FA140ACPH,0,4,29,17
C180CRNt;FACOAL140i,0,2,29,19
C180CRNt;FAE180,0,3,29,18
C180CRNt;FAE181,0,1,29,20
C180CRNt;HACD180,0,3,29,18
C180CRNt;HACD181,0,1,29,20
C180CRNt;HSD180,0,3,29,18
C180CRNt;HSD181,0,1,29,20
C180CRNt;MALCOAMT,0,4,29,17
C180CRNt;MALCOAMTr,0,4,29,17
C180CRNt;OCDE9ECOAtr,0,2,29,19
C180CRNt;OCTD11ECOAtr,0,1,29,20
C180CRNt;RTOT1,0,2,29,19
C180CRNt;RTOT4,0,2,29,19
C180CRNt;TECR180,0,3,29,18
C180CRNt;TECR181,0,1,29,20
C180CRNt;TTDCAFATPc,0,2,29,19
C180CRNt;TTDCAtr,0,2,29,19
C204CPT1;FBA,1,0,28,21
C204CPT1;G6Pter,2,0,27,21
C204CPT1;GALU,1,0,28,21
C204CPT1;Htr,1,2,28,19
C204CPT1;PFK,1,0,28,21
C204CPT1;PGI,1,0,28,21
C204CPT1;PGMT,1,0,28,21
C204CPT1;TRDR,12,5,17,16
C2tcx;Htr,0,1,29,20
C2tcx;TRDR,0,3,29,18
C30CPT1;ECOAH1m,1,0,28,21
C30CPT1;FACOAL100im,1,0,28,21
C30CPT1;GLUt2m,1,0,28,21
C30CPT1;HACD1m,1,0,28,21
C30CPT1;NACASPAH,1,0,28,21
C30CPT1;NACASPtm,1,0,28,21
C30CPT1;PIt2m_2,1,0,28,21
C30CPT1;PPItm,1,0,28,21
C30CPT1;TTDCPT1,1,0,28,21
C30CPT1;TTDCPT2,1,0,28,21
C30CPT1;TTDCRNt,1,0,28,21
CACT3r;PMTCOAFABP1tc,2,4,27,17
CACT4r;ACITLn,1,0,28,21
CACT4r;ADPtn,1,0,28,21
CACT4r;CHAT,1,0,28,21
CACT4r;CHATn,1,0,28,21
CACT4r;CHOLtn,1,0,28,21
CACT4r;CITtn,1,0,28,21
CACT4r;DLD,1,0,28,21
CACT4r;ENO,1,0,28,21
CACT4r;FBA,0,1,29,20
CACT4r;FKYNH,0,1,29,20
CACT4r;G6Pter,1,0,28,21
CACT4r;GAPD,1,0,28,21
CACT4r;GLUDym,0,1,29,20
CACT4r;H2Oter,1,0,28,21
CACT4r;HKYNH,0,1,29,20
CACT4r;ICDHyrm,1,0,28,21
CACT4r;ICITMALtm,1,0,28,21
CACT4r;KYN3OX,0,1,29,20
CACT4r;MDH,1,0,28,21
CACT4r;NADPHtru,2,0,27,21
CACT4r;NADPtru,2,0,27,21
CACT4r;NNDPR,0,1,29,20
CACT4r;OAAtn,1,0,28,21
CACT4r;OXALSUCCCLm,1,0,28,21
CACT4r;PFK,0,1,29,20
CACT4r;PGAM1_PhosHydro,0,1,29,20
CACT4r;PGI,1,1,28,20
CACT4r;PGK,1,0,28,21
CACT4r;PGM,1,0,28,21
CACT4r;PIt2m_2,1,0,28,21
CACT4r;PItn,1,0,28,21
CACT4r;QUILSYN,0,1,29,20
CACT4r;TPI,1,0,28,21
CACT4r;TRPO2,0,1,29,20
CACT6r;ARTFR12,0,2,29,19
CACT6r;ARTFR41,0,2,29,19
CACT6r;ARTPLM1m,0,4,29,17
CACT6r;CRNtim,0,2,29,19
CACT6r;CSm,0,1,29,20
CACT6r;DESAT16_1,0,3,29,18
CACT6r;EAR160y,0,4,29,17
CACT6r;EAR180y,0,4,29,17
CACT6r;FA180ACPH,0,4,29,17
CACT6r;FACOAL180i,0,3,29,18
CACT6r;FATP3t,0,1,29,20
CACT6r;GLYC3Ptmc,0,2,29,19
CACT6r;GPAMm_hs,0,4,29,17
CACT6r;OCDCAFATPc,0,1,29,20
CACT6r;PPCOACRNtm,0,1,29,20
CACT6r;R_group_phosphotase_1,0,3,29,18
CACT6r;TRDR,0,3,29,18
CACT7p;DESAT16_1,0,1,29,20
CACT7p;FBA,1,0,28,21
CACT7p;G6Pter,2,0,27,21
CACT7p;GALU,1,0,28,21
CACT7p;Htr,1,2,28,19
CACT7p;PFK,1,0,28,21
CACT7p;PGI,1,0,28,21
CACT7p;PGMT,1,0,28,21
CACT7p;RTOT4,0,1,29,20
CACT7p;TRDR,15,10,14,11
CACT7r;DESAT16_1,0,1,29,20
CACT7r;RTOT4,0,1,29,20
CACT7r;TRDR,3,2,26,19
CATm;CO2tm,1,0,28,21
CATm;O2t,1,0,28,21
CATm;O2tm,5,0,24,21
CATm;PPA,1,0,28,21
CATm;PSDm_hs,1,0,28,21
CATm;PSFLIPm,1,0,28,21
CATp;CDS,3,6,26,15
CATp;CHOLK,10,0,19,21
CATp;CYSGLTH,1,0,28,21
CATp;CYSRED,1,0,28,21
CATp;DAG_Hstem,0,1,29,20
CATp;DCYTD,0,1,29,20
CATp;DESAT16_1,0,1,29,20
CATp;DHFRx,1,0,28,21
CATp;DHFtm,1,0,28,21
CATp;DURIPP,0,4,29,17
CATp;ENO,1,0,28,21
CATp;FBA,1,1,28,20
CATp;G6Pter,1,0,28,21
CATp;GALU,1,0,28,21
CATp;GLUDym,4,0,25,21
CATp;HCO3Em,0,1,29,20
CATp;HCO3tm,0,1,29,20
CATp;Htr,1,2,28,19
CATp;IDHPOXOX2b,1,0,28,21
CATp;IDHPOXOX3,1,0,28,21
CATp;IDHPOXOXb,1,0,28,21
CATp;It,1,0,28,21
CATp;LHCYSTIN,2,0,27,21
CATp;LHCYSTINt,2,0,27,21
CATp;MTHFC,0,1,29,20
CATp;MTHFD2,0,1,29,20
CATp;NDP6,0,1,29,20
CATp;NH4tm,3,0,26,21
CATp;NTD3,0,1,29,20
CATp;NTD7,5,0,24,21
CATp;O2t,0,1,29,20
CATp;PFK,1,1,28,20
CATp;PGI,1,1,28,20
CATp;PGMT,1,0,28,21
CATp;RTOT4,0,1,29,20
CATp;THFtm,1,0,28,21
CATp;THYOXt2,1,0,28,21
CATp;THYPX,1,0,28,21
CATp;THYRIDHD,1,0,28,21
CATp;TRDR,10,6,19,15
CATp;URIK4,0,1,29,20
CAtm7;CYOOm2,0,1,29,20
CAtm7;CYOR_u10m,0,1,29,20
CAtm7;GTPGDPtm,1,0,28,21
CAtm7;PIATPLtm,1,0,28,21
CBPPer;FBA,0,1,29,20
CBPPer;G6Pt6er,4,0,25,21
CBPPer;HEX12,3,3,26,18
CBPPer;PFK,0,1,29,20
CBPPer;PPA,0,1,29,20
CBPPer;PPIPItr,6,5,23,16
CBPPer;TPI,1,1,28,20
CBPSam;NH4tm,0,1,29,20
CBPter;FBA,0,1,29,20
CBPter;G6Pt6er,4,0,25,21
CBPter;HEX12,3,3,26,18
CBPter;PFK,0,1,29,20
CBPter;PPA,0,1,29,20
CBPter;PPIPItr,6,5,23,16
CBPter;TPI,1,1,28,20
CDPDAGtm;CDS,5,8,24,13
CDPDAGtm;CO2tm,1,0,28,21
CDPDAGtm;FBA,0,1,29,20
CDPDAGtm;GPAM_hs,0,1,29,20
CDPDAGtm;Htr,0,1,29,20
CDPDAGtm;PFK,0,1,29,20
CDPDAGtm;PGI,0,1,29,20
CDPDAGtm;PYK,1,0,28,21
CDPRBTLtg;CYTK1,0,4,29,17
CDPRBTLtg;CYTK3,0,4,29,17
CDPRBTLtg;PIt7,1,0,28,21
CDPRBTLtg;R5Ptr,9,7,20,14
CDPRBTLtg;RPIr,9,7,20,14
CDPRBTLtg;RU5Ptr,9,7,20,14
CDPtg;CYTK1,0,4,29,17
CDPtg;CYTK3,0,4,29,17
CDPtg;PIt7,1,0,28,21
CDPtg;R5Ptr,9,7,20,14
CDPtg;RPIr,9,7,20,14
CDPtg;RU5Ptr,9,7,20,14
CDS;ARTFR42,0,1,29,20
CDS;CDSm,5,8,24,13
CDS;CHOLD2m,5,7,24,14
CDS;CLOXAtex2,0,1,29,20
CDS;CO2tm,0,1,29,20
CDS;COt,0,1,29,20
CDS;CPPPGO,0,1,29,20
CDS;CTPtm,5,8,24,13
CDS;D3AIBTm,0,1,29,20
CDS;DESAT18_1,0,1,29,20
CDS;DHPM2,0,1,29,20
CDS;DMGDHm,5,7,24,14
CDS;DMGtm,5,7,24,14
CDS;DRBK,0,1,29,20
CDS;DRPA,0,1,29,20
CDS;DURAD2xm,0,1,29,20
CDS;FALDH,1,1,28,20
CDS;FALDtm,5,7,24,14
CDS;FALDtx,5,6,24,15
CDS;FCLTm,0,1,29,20
CDS;FE2tm,0,1,29,20
CDS;GALU,0,1,29,20
CDS;GLXO2p,0,1,29,20
CDS;GLXtm,0,1,29,20
CDS;GLXtp,0,1,29,20
CDS;GLYBtm,5,7,24,14
CDS;GLYOp,2,3,27,18
CDS;GLYtp,3,0,26,21
CDS;HMBS,0,1,29,20
CDS;HOXG,0,1,29,20
CDS;LHCYSTIN,0,1,29,20
CDS;LHCYSTINt,0,1,29,20
CDS;MEOHt2,4,4,25,17
CDS;METAT,3,5,26,16
CDS;MMMm,0,1,29,20
CDS;MMTSADm,0,1,29,20
CDS;NDP7er,0,1,29,20
CDS;NH4tp,2,3,27,18
CDS;NTD5,0,1,29,20
CDS;O2St,2,0,27,21
CDS;O2Stx,2,0,27,21
CDS;O2tp,1,4,28,17
CDS;OCDE9ECOAtr,0,1,29,20
CDS;OXAtp,0,1,29,20
CDS;PCHOLPm_hs,5,7,24,14
CDS;PETOHMm_hs,5,7,24,14
CDS;PGMT,0,1,29,20
CDS;PPAPA,5,7,24,14
CDS;PPBNGS,0,1,29,20
CDS;PPItm,4,7,25,14
CDS;PPPG9tm,0,1,29,20
CDS;PPPGOm,0,1,29,20
CDS;RTOT4,2,1,27,20
CDS;SARCOXp,5,6,24,15
CDS;SARCStm,5,6,24,15
CDS;SARCStp,5,6,24,15
CDS;SARDHm,0,1,29,20
CDS;SFGTH,1,1,28,20
CDS;SPODMx,2,0,27,21
CDS;THYMtm,0,1,29,20
CDS;TMDPP,0,1,29,20
CDS;UDPGCURtr,0,1,29,20
CDS;UDPGD,0,1,29,20
CDS;UGT1A2r,0,1,29,20
CDS;UMPtr,0,1,29,20
CDS;UPP3S,0,1,29,20
CDS;UPPDC1,0,1,29,20
CDSm;CO2tm,1,0,28,21
CDSm;FBA,0,1,29,20
CDSm;GPAM_hs,0,1,29,20
CDSm;Htr,0,1,29,20
CDSm;PFK,0,1,29,20
CDSm;PGI,0,1,29,20
CDSm;PYK,1,0,28,21
CEPTC;CEPTE,0,1,29,20
CEPTC;PCFLOPm,16,2,13,19
CEPTC;PETHCT,0,1,29,20
CEPTC;PETOHMm_hs,16,2,13,19
CEPTE;CHLPCTD,0,1,29,20
CEPTE;CHOLK,0,1,29,20
CEPTE;ETHP,0,1,29,20
CEPTE;PSSA1_hs,0,1,29,20
CEPTE;PSSA2_hs,0,1,29,20
CERT2rt;CO2tm,1,0,28,21
CERT2rt;DLD,1,0,28,21
CERT2rt;ENO,1,0,28,21
CERT2rt;G6Pt6er,2,0,27,21
CERT2rt;GAPD,1,0,28,21
CERT2rt;PDHa,1,0,28,21
CERT2rt;PDHbr,1,0,28,21
CERT2rt;PGK,1,0,28,21
CERT2rt;PGM,1,0,28,21
CERT2rt;PYK7,1,0,28,21
CERT2rt;PYRtm,1,0,28,21
CERT2rt;TPI,1,0,28,21
CHAT;ARTFR12,1,0,28,21
CHAT;COAtr,1,0,28,21
CHAT;DESAT16_1,1,0,28,21
CHAT;HMGL,2,0,27,21
CHAT;MMSAD3m,1,0,28,21
CHAT;NADHtru,1,0,28,21
CHAT;NADtru,1,0,28,21
CHAT;OBDHc,1,0,28,21
CHAT;OCOAT1m,2,0,27,21
CHAT;PLMCOAPTr,1,0,28,21
CHAT;PPCOAOm,1,0,28,21
CHAT;PPCOAtm,1,0,28,21
CHAT;PRPNCOAHYDm,1,0,28,21
CHAT;THRD_L,1,0,28,21
CHATn;ARTFR12,1,0,28,21
CHATn;CO2tm,1,0,28,21
CHATn;COAtr,1,0,28,21
CHATn;DESAT16_1,1,0,28,21
CHATn;HMGL,2,0,27,21
CHATn;MMSAD3m,1,0,28,21
CHATn;NADHtru,1,0,28,21
CHATn;NADtru,1,0,28,21
CHATn;OBDHc,1,0,28,21
CHATn;OCOAT1m,2,0,27,21
CHATn;PLMCOAPTr,1,0,28,21
CHATn;PPCOAOm,1,0,28,21
CHATn;PPCOAtm,1,0,28,21
CHATn;PRPNCOAHYDm,1,0,28,21
CHATn;THRD_L,1,0,28,21
CHLPCTD;G3PD1,1,0,28,21
CHLPCTD;PCFLOPm,16,2,13,19
CHLPCTD;PETHCT,0,1,29,20
CHLPCTD;PETOHMm_hs,16,2,13,19
CHLtm;CHOLK,11,0,18,21
CHLtm;CYSGLTH,1,0,28,21
CHLtm;CYSRED,1,0,28,21
CHLtm;LHCYSTIN,2,0,27,21
CHLtm;LHCYSTINt,2,0,27,21
CHLtm;MTHFC,1,1,28,20
CHLtm;MTHFD2,1,1,28,20
CHLtm;NTD7,6,0,23,21
CHOLD2m;CHOLK,11,0,18,21
CHOLD2m;CYSGLTH,1,0,28,21
CHOLD2m;CYSRED,1,0,28,21
CHOLD2m;DAG_Hstem,0,4,29,17
CHOLD2m;FBA,0,1,29,20
CHOLD2m;GLYtp,0,1,29,20
CHOLD2m;Htr,0,1,29,20
CHOLD2m;LHCYSTIN,2,0,27,21
CHOLD2m;LHCYSTINt,2,0,27,21
CHOLD2m;MTHFC,1,1,28,20
CHOLD2m;MTHFD2,1,1,28,20
CHOLD2m;NTD7,6,0,23,21
CHOLD2m;PFK,0,1,29,20
CHOLD2m;PGI,0,1,29,20
CHOLK;CLOXAtex2,1,0,28,21
CHOLK;CO2tm,2,0,27,21
CHOLK;DMGDHm,11,0,18,21
CHOLK;DMGtm,11,0,18,21
CHOLK;ETHAK,2,1,27,20
CHOLK;FALDH,4,0,25,21
CHOLK;FALDtm,11,0,18,21
CHOLK;FALDtx,11,0,18,21
CHOLK;GLXO2p,1,0,28,21
CHOLK;GLYBtm,11,0,18,21
CHOLK;GLYOp,5,0,24,21
CHOLK;GLYtp,4,0,25,21
CHOLK;HMGDH,1,0,28,21
CHOLK;HMGS,1,0,28,21
CHOLK;MEOHt2,6,0,23,21
CHOLK;METAT,12,0,17,21
CHOLK;NH4tp,5,0,24,21
CHOLK;O2St,2,0,27,21
CHOLK;O2Stx,2,0,27,21
CHOLK;O2tp,5,0,24,21
CHOLK;OXAtp,1,0,28,21
CHOLK;PETHCT,0,1,29,20
CHOLK;PE_HStm,3,0,26,21
CHOLK;PSDm_hs,14,0,15,21
CHOLK;PSFLIPm,14,0,15,21
CHOLK;PSSA1_hs,1,1,28,20
CHOLK;PSSA2_hs,2,1,27,20
CHOLK;RTOT4,1,0,28,21
CHOLK;SARCOXp,11,0,18,21
CHOLK;SARCStm,11,0,18,21
CHOLK;SARCStp,11,0,18,21
CHOLK;SFGTH,5,0,24,21
CHOLK;SPODMx,2,0,27,21
CHOLt4;CHOLtu,13,0,16,21
CHOLtn;ARTFR12,1,0,28,21
CHOLtn;CO2tm,1,0,28,21
CHOLtn;COAtr,1,0,28,21
CHOLtn;DESAT16_1,1,0,28,21
CHOLtn;HMGL,2,0,27,21
CHOLtn;MMSAD3m,1,0,28,21
CHOLtn;NADHtru,1,0,28,21
CHOLtn;NADtru,1,0,28,21
CHOLtn;OBDHc,1,0,28,21
CHOLtn;OCOAT1m,2,0,27,21
CHOLtn;PLMCOAPTr,1,0,28,21
CHOLtn;PPCOAOm,1,0,28,21
CHOLtn;PPCOAtm,1,0,28,21
CHOLtn;PRPNCOAHYDm,1,0,28,21
CHOLtn;THRD_L,1,0,28,21
CHOLtu;CO2tm,0,1,29,20
CHOLtu;CYSGLTH,0,2,29,19
CHOLtu;CYSRED,0,2,29,19
CHOLtu;GTHP,0,1,29,20
CHOLtu;LHCYSTIN,0,9,29,12
CHOLtu;LHCYSTINt,0,9,29,12
CHOLtu;METAT,1,10,28,11
CHOLtu;METS,0,1,29,20
CHOLtu;MTHFR3x,0,1,29,20
CHOLtu;PCFLOPm,0,12,29,9
CHOLtu;PETOHMm_hs,0,12,29,9
CHOLtu;PSDm_hs,1,8,28,13
CHOLtu;PSFLIPm,1,8,28,13
CHOLtu;PUNP1,0,3,29,18
CITMCOAHm;DHFR,1,0,28,21
CITMCOAHm;DHFR3m,1,0,28,21
CITMCOAHm;DHFR3x,1,0,28,21
CITMCOAHm;DHFRm,1,0,28,21
CITMCOAHm;ECOAH1m,1,0,28,21
CITMCOAHm;FOLtm,1,0,28,21
CITMCOAHm;GLUDxm,0,1,29,20
CITMCOAHm;HACD1m,1,0,28,21
CITMCOAHm;MMSAD3m,2,0,27,21
CITMCOAHm;PIGTHRDLtm,1,0,28,21
CITMCOAHm;PIt2m_2,3,0,26,21
CITMCOAHm;PPItm,1,0,28,21
CITMCOAHm;THFtm,1,0,28,21
CITMCOALm;DHFR,1,0,28,21
CITMCOALm;DHFR3m,1,0,28,21
CITMCOALm;DHFR3x,1,0,28,21
CITMCOALm;DHFRm,1,0,28,21
CITMCOALm;ECOAH1m,1,0,28,21
CITMCOALm;FOLtm,1,0,28,21
CITMCOALm;GLUDxm,0,1,29,20
CITMCOALm;HACD1m,1,0,28,21
CITMCOALm;MMSAD3m,2,0,27,21
CITMCOALm;PIGTHRDLtm,1,0,28,21
CITMCOALm;PIt2m_2,3,0,26,21
CITMCOALm;PPItm,1,0,28,21
CITMCOALm;THFtm,1,0,28,21
CITRORNte;PPItm,1,0,28,21
CITRt2m;CO2tm,0,1,29,20
CITRt2m;CRNtim,0,1,29,20
CITRt2m;CYANSTm,2,0,27,21
CITRt2m;CYSO,2,0,27,21
CITRt2m;DAG_Hstem,0,1,29,20
CITRt2m;DHPM1,0,1,29,20
CITRt2m;DURAD,0,1,29,20
CITRt2m;FBA,0,1,29,20
CITRt2m;FE2tm,1,0,28,21
CITRt2m;FE3tm,1,0,28,21
CITRt2m;FECR,1,0,28,21
CITRt2m;FKYNH,0,1,29,20
CITRt2m;FTMTm,1,0,28,21
CITRt2m;GLYC3Ptmc,0,2,29,19
CITRt2m;GLYCt,0,2,29,19
CITRt2m;GLYCtm,0,2,29,19
CITRt2m;GPAMm_hs,0,2,29,19
CITRt2m;HKYNH,0,1,29,20
CITRt2m;KYN3OX,0,1,29,20
CITRt2m;LPS3m,0,2,29,19
CITRt2m;MALTSULtm,2,0,27,21
CITRt2m;NNDPR,0,1,29,20
CITRt2m;PFK,0,1,29,20
CITRt2m;PPCOACRNtm,0,1,29,20
CITRt2m;PPCOAtm,0,1,29,20
CITRt2m;PYRtm,2,0,27,21
CITRt2m;QUILSYN,0,1,29,20
CITRt2m;RTOTALCRNCPT1,0,2,29,19
CITRt2m;RTOTALCRNCPT2,0,2,29,19
CITRt2m;RTOTALCRNt,0,2,29,19
CITRt2m;R_group_phosphotase_1,0,2,29,19
CITRt2m;Rtotaltm,0,2,29,19
CITRt2m;SQORm,2,0,27,21
CITRt2m;TRPO2,0,1,29,20
CITRt2m;TSULt4_3,2,0,27,21
CITRt2m;UPPN,0,1,29,20
CITRte;NH4tm,0,1,29,20
CITRte;PPItm,1,0,28,21
CITRtm;CO2tm,0,1,29,20
CITRtm;CRNtim,0,1,29,20
CITRtm;CYANSTm,2,0,27,21
CITRtm;CYSO,2,0,27,21
CITRtm;DAG_Hstem,0,1,29,20
CITRtm;DHPM1,0,1,29,20
CITRtm;DURAD,0,1,29,20
CITRtm;FBA,0,1,29,20
CITRtm;FE2tm,1,0,28,21
CITRtm;FE3tm,1,0,28,21
CITRtm;FECR,1,0,28,21
CITRtm;FKYNH,0,1,29,20
CITRtm;FTMTm,1,0,28,21
CITRtm;GLYC3Ptmc,0,2,29,19
CITRtm;GLYCt,0,2,29,19
CITRtm;GLYCtm,0,2,29,19
CITRtm;GPAMm_hs,0,2,29,19
CITRtm;HKYNH,0,1,29,20
CITRtm;KYN3OX,0,1,29,20
CITRtm;LPS3m,0,2,29,19
CITRtm;MALTSULtm,2,0,27,21
CITRtm;NNDPR,0,1,29,20
CITRtm;PFK,0,1,29,20
CITRtm;PPCOACRNtm,0,1,29,20
CITRtm;PPCOAtm,0,1,29,20
CITRtm;PYRtm,2,0,27,21
CITRtm;QUILSYN,0,1,29,20
CITRtm;RTOTALCRNCPT1,0,2,29,19
CITRtm;RTOTALCRNCPT2,0,2,29,19
CITRtm;RTOTALCRNt,0,2,29,19
CITRtm;R_group_phosphotase_1,0,2,29,19
CITRtm;Rtotaltm,0,2,29,19
CITRtm;SQORm,2,0,27,21
CITRtm;TRPO2,0,1,29,20
CITRtm;TSULt4_3,2,0,27,21
CITRtm;UPPN,0,1,29,20
CITSUCCtm;ENO,0,2,29,19
CITSUCCtm;FBA,0,1,29,20
CITSUCCtm;GAPD,0,2,29,19
CITSUCCtm;GLUt2m,0,1,29,20
CITSUCCtm;HCO3Em,0,2,29,19
CITSUCCtm;HCO3tm,0,2,29,19
CITSUCCtm;ICITMALtm,0,3,29,18
CITSUCCtm;LDH_L,0,1,29,20
CITSUCCtm;LDH_Lm,0,1,29,20
CITSUCCtm;L_LACtm,0,1,29,20
CITSUCCtm;ME2m,0,1,29,20
CITSUCCtm;NH4tm,0,1,29,20
CITSUCCtm;PFK,0,1,29,20
CITSUCCtm;PGI,0,1,29,20
CITSUCCtm;PGK,0,2,29,19
CITSUCCtm;PGM,0,2,29,19
CITSUCCtm;PYK7,0,1,29,20
CITSUCCtm;PYRtm,0,2,29,19
CITSUCCtm;TPI,0,2,29,19
CITt4_3;DHFR,1,0,28,21
CITt4_3;DHFRx,1,0,28,21
CITt4_3;DHFtm,1,0,28,21
CITt4_3;NADH2_u10m,1,0,28,21
CITt4_3;THFtm,1,0,28,21
CITtam;CYANSTm,0,2,29,19
CITtam;CYSO,0,2,29,19
CITtam;MALTSULtm,0,2,29,19
CITtam;MAL_Lte,0,1,29,20
CITtam;MDH,0,1,29,20
CITtam;SQORm,0,2,29,19
CITtam;TSULt4_3,0,2,29,19
CK;PPItm,1,0,28,21
CK;UREAt,1,0,28,21
CKc;G5SADr,1,0,28,21
CKc;GLU5SAtmc,1,0,28,21
CKc;ORNTArm,1,0,28,21
CKc;PTRCtm,1,0,28,21
CKc;UREAt,1,0,28,21
CKc;UREAtm,1,0,28,21
CLOXAtex2;DAG_Hstem,0,1,29,20
CLOXAtex2;ENO,1,0,28,21
CLOXAtex2;GLUDym,1,0,28,21
CLOXAtex2;NKCCt,0,1,29,20
CLOXAtex2;NTD7,1,0,28,21
CLOXAtex2;TRDR,2,0,27,21
CMPACNAtg;CO2tm,1,0,28,21
CMPACNAtg;DLD,1,0,28,21
CMPACNAtg;ENO,1,0,28,21
CMPACNAtg;G6Pt6er,2,0,27,21
CMPACNAtg;GAPD,1,0,28,21
CMPACNAtg;PDHa,1,0,28,21
CMPACNAtg;PDHbr,1,0,28,21
CMPACNAtg;PGK,1,0,28,21
CMPACNAtg;PGM,1,0,28,21
CMPACNAtg;PYK7,1,0,28,21
CMPACNAtg;PYRtm,1,0,28,21
CMPACNAtg;TPI,1,0,28,21
CMPSAS;CO2tm,1,0,28,21
CMPSAS;DLD,1,0,28,21
CMPSAS;ENO,1,0,28,21
CMPSAS;G6Pt6er,2,0,27,21
CMPSAS;GAPD,1,0,28,21
CMPSAS;PDHa,1,0,28,21
CMPSAS;PDHbr,1,0,28,21
CMPSAS;PGK,1,0,28,21
CMPSAS;PGM,1,0,28,21
CMPSAS;PYK7,1,0,28,21
CMPSAS;PYRtm,1,0,28,21
CMPSAS;TPI,1,0,28,21
CO2t;HCO3E,10,6,19,15
CO2tg;CYTK1,0,4,29,17
CO2tg;CYTK3,0,4,29,17
CO2tg;PIt7,1,0,28,21
CO2tg;R5Ptr,9,7,20,14
CO2tg;RPIr,9,7,20,14
CO2tg;RU5Ptr,9,7,20,14
CO2tm;ACITLn,1,0,28,21
CO2tm;ADPtn,1,0,28,21
CO2tm;CITtn,1,0,28,21
CO2tm;COAtm,0,1,29,20
CO2tm;CTPtm,1,0,28,21
CO2tm;CYANSTm,5,1,24,20
CO2tm;CYSO,5,1,24,20
CO2tm;DAG_Hstem,1,0,28,21
CO2tm;DCYTD,0,1,29,20
CO2tm;DHFR,1,0,28,21
CO2tm;DHFRm,1,0,28,21
CO2tm;DHFtm,1,0,28,21
CO2tm;DHPM1,1,0,28,21
CO2tm;DKMPPD1,0,1,29,20
CO2tm;DKMPPD3,0,1,29,20
CO2tm;DURAD,1,0,28,21
CO2tm;DURIK1,0,1,29,20
CO2tm;DURIPP,1,0,28,21
CO2tm;ENO,1,0,28,21
CO2tm;GALGLUSIDEtg,1,0,28,21
CO2tm;GALGLUSIDEtr,1,0,28,21
CO2tm;GALU,1,0,28,21
CO2tm;GAPD,1,0,28,21
CO2tm;GF6PTA,1,0,28,21
CO2tm;GLUDC,1,0,28,21
CO2tm;GLUDym,2,0,27,21
CO2tm;GPAT,1,0,28,21
CO2tm;GTPGDPtm,1,0,28,21
CO2tm;H2O2tm,1,0,28,21
CO2tm;H2Otg,1,0,28,21
CO2tm;HCO3E,1,0,28,21
CO2tm;HCO3Em,6,2,23,19
CO2tm;HCO3tm,6,2,23,19
CO2tm;HEX12,1,0,28,21
CO2tm;Htg,1,0,28,21
CO2tm;Htm,1,0,28,21
CO2tm;ICDHyrm,1,0,28,21
CO2tm;ICITMALtm,1,0,28,21
CO2tm;LDH_Lm,1,0,28,21
CO2tm;L_LACtm,1,0,28,21
CO2tm;MALACONtm,1,0,28,21
CO2tm;MALTSULtm,5,1,24,20
CO2tm;MDH,1,0,28,21
CO2tm;MDRPD,0,1,29,20
CO2tm;ME1m,1,0,28,21
CO2tm;METAT,0,1,29,20
CO2tm;MTAP,0,1,29,20
CO2tm;MTRI,0,1,29,20
CO2tm;NDP6,0,1,29,20
CO2tm;NDP7er,1,0,28,21
CO2tm;NDP7g,1,0,28,21
CO2tm;NDPK1,2,0,27,21
CO2tm;NDPK8,1,0,28,21
CO2tm;NH4tm,2,0,27,21
CO2tm;NMNS,1,0,28,21
CO2tm;NTD1,1,0,28,21
CO2tm;NTD3,0,1,29,20
CO2tm;OAADC,0,1,29,20
CO2tm;OAAtn,1,0,28,21
CO2tm;OXALSUCCCLm,1,0,28,21
CO2tm;PEMET1,2,0,27,21
CO2tm;PEMET2,2,0,27,21
CO2tm;PEPCK,2,0,27,21
CO2tm;PGI,1,0,28,21
CO2tm;PGK,1,0,28,21
CO2tm;PGM,1,0,28,21
CO2tm;PGMT,1,0,28,21
CO2tm;PIGTHRDLtm,2,1,27,20
CO2tm;PItg,1,0,28,21
CO2tm;PItn,1,0,28,21
CO2tm;PPItm,2,0,27,21
CO2tm;PYK7,1,0,28,21
CO2tm;PYRtm,2,0,27,21
CO2tm;SMOX,0,1,29,20
CO2tm;SPRMS,0,1,29,20
CO2tm;SQORm,5,1,24,20
CO2tm;SSALym,1,0,28,21
CO2tm;SUCOAS1m,1,0,28,21
CO2tm;THFtm,1,0,28,21
CO2tm;TPI,1,0,28,21
CO2tm;TSULt4_3,5,1,24,20
CO2tm;TYROX,1,0,28,21
CO2tm;TYRTA,1,0,28,21
CO2tm;UAGDP,1,0,28,21
CO2tm;UDPG4E,1,0,28,21
CO2tm;UDPGALt2r,1,0,28,21
CO2tm;UDPGALtg,1,0,28,21
CO2tm;UDPGGPGTr,1,0,28,21
CO2tm;UGCGc,1,0,28,21
CO2tm;UMPtr,1,0,28,21
CO2tm;UNK3,0,1,29,20
CO2tm;UPPN,1,0,28,21
CO2tn;PETOHMm_hs,0,1,29,20
CO2tn;PSDm_hs,0,1,29,20
CO2tn;PSFLIPm,0,1,29,20
CO2tp;DPMVDc,0,2,29,19
CO2tp;IPDPtx,0,2,29,19
CO2tp;MEVK1c,0,2,29,19
CO2tp;PMEVKc,0,2,29,19
COAtm;CYSTGL,1,0,28,21
COAtm;CYSTS,1,0,28,21
COAtm;ECOAH1m,1,0,28,21
COAtm;ETHMALACc,0,2,29,19
COAtm;ETHMALACte,0,2,29,19
COAtm;ETHMALCOAc,0,2,29,19
COAtm;FACOAL100im,1,2,28,19
COAtm;GLUt2m,0,1,29,20
COAtm;HACD1m,1,0,28,21
COAtm;METAT,1,0,28,21
COAtm;NACASPAH,1,0,28,21
COAtm;NACASPtm,1,0,28,21
COAtm;NH4tm,0,1,29,20
COAtm;OBDHc,9,5,20,16
COAtm;PIMALtm,0,1,29,20
COAtm;PPCOACRNtm,1,4,28,17
COAtm;PPCOAtm,5,0,24,21
COAtm;PPIOGLYc,2,0,27,21
COAtm;PPIOGLYte,2,0,27,21
COAtm;PPIOGLYtm,2,0,27,21
COAtm;PPItm,1,2,28,19
COAtm;SO4AKGtm,0,1,29,20
COAtm;SO4MALtm,0,1,29,20
COAtm;THRD_L,8,5,21,16
COAtm;TTDCPT1,1,1,28,20
COAtm;TTDCPT2,1,1,28,20
COAtm;TTDCRNt,1,1,28,20
COAtp;DESAT16_1,0,1,29,20
COAtp;FBA,1,0,28,21
COAtp;G3PD1,1,0,28,21
COAtp;G6Pter,2,0,27,21
COAtp;GALU,1,0,28,21
COAtp;Htr,1,2,28,19
COAtp;PFK,1,0,28,21
COAtp;PGI,1,0,28,21
COAtp;PGMT,1,0,28,21
COAtp;RTOT4,0,1,29,20
COAtp;TRDR,15,10,14,11
COAtr;ACITLn,1,0,28,21
COAtr;ADPtn,1,0,28,21
COAtr;CITtn,1,0,28,21
COAtr;DLD,1,0,28,21
COAtr;ENO,1,0,28,21
COAtr;FBA,0,2,29,19
COAtr;FKYNH,0,1,29,20
COAtr;G6Pter,2,0,27,21
COAtr;GAPD,1,0,28,21
COAtr;GLUDym,0,1,29,20
COAtr;GPAT,0,1,29,20
COAtr;HKYNH,0,1,29,20
COAtr;Htr,1,2,28,19
COAtr;ICDHyrm,1,0,28,21
COAtr;ICITMALtm,1,0,28,21
COAtr;KYN3OX,0,1,29,20
COAtr;MDH,1,0,28,21
COAtr;NADPHtru,3,0,26,21
COAtr;NADPtru,3,0,26,21
COAtr;NH4tm,0,1,29,20
COAtr;NNDPR,0,1,29,20
COAtr;OAAtn,1,0,28,21
COAtr;OCDE9ECOAtr,0,4,29,17
COAtr;OXALSUCCCLm,1,0,28,21
COAtr;PFK,0,2,29,19
COAtr;PGI,0,2,29,19
COAtr;PGK,1,0,28,21
COAtr;PGM,1,0,28,21
COAtr;PIGTHRDLtm,0,1,29,20
COAtr;PIt2m_2,1,0,28,21
COAtr;PItn,1,0,28,21
COAtr;PMTCOAFABP1tc,1,0,28,21
COAtr;QUILSYN,0,1,29,20
COAtr;TPI,1,0,28,21
COAtr;TRDR,3,4,26,17
COAtr;TRPO2,0,1,29,20
COQ3m;CYOOm2,0,2,29,19
COQ3m;CYOR_u10m,0,2,29,19
COQ5m;CYOOm2,0,2,29,19
COQ5m;CYOR_u10m,0,2,29,19
COQ6m;CYOOm2,0,2,29,19
COQ6m;CYOR_u10m,0,2,29,19
COQ7m;CYOOm2,0,2,29,19
COQ7m;CYOR_u10m,0,2,29,19
COUCOAFm;CYOOm2,0,2,29,19
COUCOAFm;CYOR_u10m,0,2,29,19
COt;DCYTD,0,1,29,20
COt;DURIPP,0,3,29,18
COt;FBA,0,1,29,20
COt;GLYtm,1,1,28,20
COt;GTPGDPtm,0,1,29,20
COt;HCO3Em,0,1,29,20
COt;HCO3tm,0,1,29,20
COt;Htr,0,2,29,19
COt;NDP6,0,1,29,20
COt;NTD3,0,1,29,20
COt;PFK,0,1,29,20
COt;PGI,0,1,29,20
COt;PPItm,0,1,29,20
COt;URIK4,0,1,29,20
CPPPGO;DCYTD,0,1,29,20
CPPPGO;DURIPP,0,3,29,18
CPPPGO;FBA,0,1,29,20
CPPPGO;GLYtm,1,1,28,20
CPPPGO;GTPGDPtm,0,1,29,20
CPPPGO;HCO3Em,0,1,29,20
CPPPGO;HCO3tm,0,1,29,20
CPPPGO;Htr,0,2,29,19
CPPPGO;NDP6,0,1,29,20
CPPPGO;NTD3,0,1,29,20
CPPPGO;PFK,0,1,29,20
CPPPGO;PGI,0,1,29,20
CPPPGO;PPItm,0,1,29,20
CPPPGO;URIK4,0,1,29,20
CREATtmdiffir;PPItm,1,0,28,21
CREATtmdiffir;UREAt,1,0,28,21
CRNCARtp;DESAT16_1,0,1,29,20
CRNCARtp;FBA,1,0,28,21
CRNCARtp;G6Pter,2,0,27,21
CRNCARtp;GALU,1,0,28,21
CRNCARtp;Htr,1,1,28,20
CRNCARtp;PFK,1,0,28,21
CRNCARtp;PGI,1,0,28,21
CRNCARtp;PGMT,1,0,28,21
CRNCARtp;RTOT4,0,1,29,20
CRNCARtp;TRDR,14,5,15,16
CRNrtx;Htr,0,1,29,20
CRNrtx;TRDR,0,3,29,18
CRNtim;ARTFR13,0,2,29,19
CRNtim;ARTFR42,0,2,29,19
CRNtim;DAG_Hstem,0,3,29,18
CRNtim;DESAT18_1,0,2,29,19
CRNtim;ECOAH1m,1,0,28,21
CRNtim;FA140ACPH,0,2,29,19
CRNtim;FACOAL140i,0,1,29,20
CRNtim;FAE180,0,2,29,19
CRNtim;GPAM_hs,0,6,29,15
CRNtim;HACD180,0,2,29,19
CRNtim;HACD1m,1,0,28,21
CRNtim;HSD180,0,2,29,19
CRNtim;MALCOAMT,0,2,29,19
CRNtim;MALCOAMTr,0,2,29,19
CRNtim;OCDE9ECOAtr,0,1,29,20
CRNtim;PIMALtm,0,1,29,20
CRNtim;PIt2m_2,1,0,28,21
CRNtim;PPAPA,0,6,29,15
CRNtim;PPItm,1,0,28,21
CRNtim;PROtm,0,1,29,20
CRNtim;RTOT1,0,1,29,20
CRNtim;RTOT4,0,1,29,20
CRNtim;SO3AKGtm,0,1,29,20
CRNtim;SO3MALtm,0,1,29,20
CRNtim;SUCCICITtm,0,1,29,20
CRNtim;TECR180,0,2,29,19
CRNtim;TTDCAFATPc,0,1,29,20
CRNtim;TTDCAtr,0,1,29,20
CRTNsyn;G5SADr,1,0,28,21
CRTNsyn;GLU5SAtmc,1,0,28,21
CRTNsyn;ORNTArm,1,0,28,21
CRTNsyn;PPItm,1,0,28,21
CRTNsyn;PTRCtm,1,0,28,21
CRTNsyn;UREAt,2,0,27,21
CRTNsyn;UREAtm,1,0,28,21
CRTNte;G5SADr,1,0,28,21
CRTNte;GLU5SAtmc,1,0,28,21
CRTNte;ORNTArm,1,0,28,21
CRTNte;PPItm,1,0,28,21
CRTNte;PTRCtm,1,0,28,21
CRTNte;UREAt,2,0,27,21
CRTNte;UREAtm,1,0,28,21
CSNAT2m;ECOAH1m,1,0,28,21
CSNAT2m;FACOAL100im,1,0,28,21
CSNAT2m;GLUt2m,1,0,28,21
CSNAT2m;HACD1m,1,0,28,21
CSNAT2m;NACASPAH,1,0,28,21
CSNAT2m;NACASPtm,1,0,28,21
CSNAT2m;PIt2m_2,1,0,28,21
CSNAT2m;PPItm,1,0,28,21
CSNAT2m;TTDCPT1,1,0,28,21
CSNAT2m;TTDCPT2,1,0,28,21
CSNAT2m;TTDCRNt,1,0,28,21
CSNATm;ARTFR42,0,1,29,20
CSNATm;DESAT18_1,0,1,29,20
CSNATm;ECOAH1m,0,1,29,20
CSNATm;GTPGDPtm,0,1,29,20
CSNATm;HACD1m,0,1,29,20
CSNATm;OCDE9ECOAtr,0,1,29,20
CSNATm;PPItm,0,1,29,20
CSNATm;RTOT4,0,1,29,20
CSNATp;DESAT16_1,0,1,29,20
CSNATp;FBA,1,0,28,21
CSNATp;G6Pter,2,0,27,21
CSNATp;GALU,1,0,28,21
CSNATp;Htr,1,2,28,19
CSNATp;PFK,1,0,28,21
CSNATp;PGI,1,0,28,21
CSNATp;PGMT,1,0,28,21
CSNATp;RTOT4,0,1,29,20
CSNATp;TRDR,14,10,15,11
CSNATr;DESAT16_1,0,1,29,20
CSNATr;DESAT18_1,0,1,29,20
CSNATr;FBA,1,0,28,21
CSNATr;G6Pter,2,0,27,21
CSNATr;GALU,1,0,28,21
CSNATr;Htr,1,2,28,19
CSNATr;PFK,1,0,28,21
CSNATr;PGI,1,0,28,21
CSNATr;PGMT,1,0,28,21
CSNATr;RTOT4,0,1,29,20
CSNATr;TRDR,14,9,15,12
CSND;NDP8,2,0,27,21
CSND;PYK4,2,0,27,21
CSND;RNDR4,2,0,27,21
CSm;ARTFR13,0,1,29,20
CSm;ARTFR42,0,1,29,20
CSm;DESAT18_1,0,1,29,20
CSm;FA140ACPH,0,1,29,20
CSm;FAE180,0,1,29,20
CSm;HACD180,0,1,29,20
CSm;HSD180,0,1,29,20
CSm;MALCOAMT,0,1,29,20
CSm;MALCOAMTr,0,1,29,20
CSm;RTOT1,0,1,29,20
CSm;TECR180,0,1,29,20
CSm;TTDCAFATPc,0,1,29,20
CSm;TTDCAtr,0,1,29,20
CTPtm;FBA,0,1,29,20
CTPtm;GPAM_hs,0,1,29,20
CTPtm;Htr,0,1,29,20
CTPtm;PFK,0,1,29,20
CTPtm;PGI,0,1,29,20
CTPtm;PYK,1,0,28,21
CYANSTm;DHFR,1,0,28,21
CYANSTm;DHFR3m,1,0,28,21
CYANSTm;DHFR3x,1,0,28,21
CYANSTm;DHFRm,1,1,28,20
CYANSTm;DHFtm,0,1,29,20
CYANSTm;ENO,1,3,28,18
CYANSTm;FBA,0,1,29,20
CYANSTm;FOLtm,1,0,28,21
CYANSTm;FUM,1,0,28,21
CYANSTm;GAPD,1,3,28,18
CYANSTm;GLUDym,1,1,28,20
CYANSTm;HCO3E,1,0,28,21
CYANSTm;HCO3Em,1,0,28,21
CYANSTm;HCO3tm,1,0,28,21
CYANSTm;MALACONtm,0,1,29,20
CYANSTm;MDH,4,0,25,21
CYANSTm;NH4tm,1,1,28,20
CYANSTm;NMNS,2,0,27,21
CYANSTm;PEPCK,4,0,25,21
CYANSTm;PFK,0,1,29,20
CYANSTm;PGI,0,1,29,20
CYANSTm;PGK,1,3,28,18
CYANSTm;PGM,1,3,28,18
CYANSTm;PYK,3,0,26,21
CYANSTm;PYK7,0,2,29,19
CYANSTm;PYRAKGte,0,1,29,20
CYANSTm;THFtm,1,0,28,21
CYANSTm;TPI,1,3,28,18
CYOOm2;DECDPtm,0,2,29,19
CYOOm2;DHDPBMTm,0,2,29,19
CYOOm2;DPHMBDCm,0,2,29,19
CYOOm2;DPPS,0,2,29,19
CYOOm2;FRDPtc,0,2,29,19
CYOOm2;H2Otm,0,1,29,20
CYOOm2;HBZOPT10m,0,2,29,19
CYOOm2;ILEOX,0,1,29,20
CYOOm2;ILETAm,0,1,29,20
CYOOm2;ILEt5m,0,1,29,20
CYOOm2;NAtm,0,1,29,20
CYOOm2;PIATPLtm,0,1,29,20
CYOOm2;PPItm,0,1,29,20
CYOOm2;Q10H2e,0,2,29,19
CYOOm2;T4HCINNMFM,0,2,29,19
CYOOm2;TYRTAm,0,2,29,19
CYOOm2;TYRtl,0,2,29,19
CYOOm2;q10h2tc,0,2,29,19
CYOR_u10m;DECDPtm,0,2,29,19
CYOR_u10m;DHDPBMTm,0,2,29,19
CYOR_u10m;DPHMBDCm,0,2,29,19
CYOR_u10m;DPPS,0,2,29,19
CYOR_u10m;FRDPtc,0,2,29,19
CYOR_u10m;H2Otm,0,1,29,20
CYOR_u10m;HBZOPT10m,0,2,29,19
CYOR_u10m;ILEOX,0,1,29,20
CYOR_u10m;ILETAm,0,1,29,20
CYOR_u10m;ILEt5m,0,1,29,20
CYOR_u10m;NAtm,0,1,29,20
CYOR_u10m;PIATPLtm,0,1,29,20
CYOR_u10m;PPItm,0,1,29,20
CYOR_u10m;Q10H2e,0,2,29,19
CYOR_u10m;T4HCINNMFM,0,2,29,19
CYOR_u10m;TYRTAm,0,2,29,19
CYOR_u10m;TYRtl,0,2,29,19
CYOR_u10m;q10h2tc,0,2,29,19
CYSALANaEx;CYSt4,0,5,29,16
CYSGLTH;DMGDHm,1,0,28,21
CYSGLTH;DMGtm,1,0,28,21
CYSGLTH;FALDtm,1,0,28,21
CYSGLTH;FALDtx,1,0,28,21
CYSGLTH;GLYBtm,1,0,28,21
CYSGLTH;HMGDH,1,0,28,21
CYSGLTH;HMGS,1,0,28,21
CYSGLTH;IDHPOXOX2b,0,1,29,20
CYSGLTH;IDHPOXOX3,0,1,29,20
CYSGLTH;IDHPOXOXb,0,1,29,20
CYSGLTH;It,0,1,29,20
CYSGLTH;O2tp,1,0,28,21
CYSGLTH;SARCOXp,1,0,28,21
CYSGLTH;SARCStm,1,0,28,21
CYSGLTH;SARCStp,1,0,28,21
CYSGLTH;SFGTH,1,0,28,21
CYSGLTH;THYPX,0,1,29,20
CYSGLTH;THYRDI,0,1,29,20
CYSGLTH;THYRDI2,0,1,29,20
CYSGLYex;CYSt4,4,0,25,21
CYSO;DHFR,1,0,28,21
CYSO;DHFR3m,1,0,28,21
CYSO;DHFR3x,1,0,28,21
CYSO;DHFRm,1,1,28,20
CYSO;DHFtm,0,1,29,20
CYSO;ENO,1,3,28,18
CYSO;FBA,0,1,29,20
CYSO;FOLtm,1,0,28,21
CYSO;FUM,1,0,28,21
CYSO;GAPD,1,3,28,18
CYSO;GLUDym,1,1,28,20
CYSO;HCO3E,1,0,28,21
CYSO;HCO3Em,1,0,28,21
CYSO;HCO3tm,1,0,28,21
CYSO;MALACONtm,0,1,29,20
CYSO;MDH,4,0,25,21
CYSO;NH4tm,1,1,28,20
CYSO;NMNS,2,0,27,21
CYSO;PEPCK,4,0,25,21
CYSO;PFK,0,1,29,20
CYSO;PGI,0,1,29,20
CYSO;PGK,1,3,28,18
CYSO;PGM,1,3,28,18
CYSO;PYK,3,0,26,21
CYSO;PYK7,0,2,29,19
CYSO;PYRAKGte,0,1,29,20
CYSO;THFtm,1,0,28,21
CYSO;TPI,1,3,28,18
CYSRED;DMGDHm,1,0,28,21
CYSRED;DMGtm,1,0,28,21
CYSRED;FALDtm,1,0,28,21
CYSRED;FALDtx,1,0,28,21
CYSRED;GLYBtm,1,0,28,21
CYSRED;HMGDH,1,0,28,21
CYSRED;HMGS,1,0,28,21
CYSRED;IDHPOXOX2b,0,1,29,20
CYSRED;IDHPOXOX3,0,1,29,20
CYSRED;IDHPOXOXb,0,1,29,20
CYSRED;It,0,1,29,20
CYSRED;O2tp,1,0,28,21
CYSRED;SARCOXp,1,0,28,21
CYSRED;SARCStm,1,0,28,21
CYSRED;SARCStp,1,0,28,21
CYSRED;SFGTH,1,0,28,21
CYSRED;THYPX,0,1,29,20
CYSRED;THYRDI,0,1,29,20
CYSRED;THYRDI2,0,1,29,20
CYSt4;CYSTGL,1,0,28,21
CYSt4;CYSTS,1,0,28,21
CYSt4;ECOAH1m,1,0,28,21
CYSt4;FACOAL100im,1,0,28,21
CYSt4;HACD1m,1,0,28,21
CYSt4;METAT,1,0,28,21
CYSt4;OBDHc,1,0,28,21
CYSt4;PPCOACRNtm,1,0,28,21
CYSt4;PPIOGLYc,1,0,28,21
CYSt4;PPIOGLYte,1,0,28,21
CYSt4;PPIOGLYtm,1,0,28,21
CYSt4;PPItm,1,0,28,21
CYSt4;TTDCPT1,1,0,28,21
CYSt4;TTDCPT2,1,0,28,21
CYSt4;TTDCRNt,1,0,28,21
CYTDn;NDP8,1,0,28,21
CYTDn;PPItn,0,4,29,17
CYTDtn;NDP8,1,0,28,21
CYTDtn;PPItn,0,4,29,17
CYTK1;CYTK3,8,3,21,18
CYTK1;DNDPt42m,0,2,29,19
CYTK1;DOLMANP_ter,0,4,29,17
CYTK1;DOLPMT,0,4,29,17
CYTK1;DOLPOMTr,0,4,29,17
CYTK1;DOLP_ter,0,4,29,17
CYTK1;DUMPtm,0,2,29,19
CYTK1;DUTCP,0,3,29,18
CYTK1;DUTPDPm,0,2,29,19
CYTK1;GALU,0,4,29,17
CYTK1;GF6PTA,0,4,29,17
CYTK1;H2Otg,0,4,29,17
CYTK1;Htg,0,4,29,17
CYTK1;LARGEg,0,4,29,17
CYTK1;MAN1PT2,0,4,29,17
CYTK1;MAN6PI,0,4,29,17
CYTK1;NDP7er,0,4,29,17
CYTK1;NDP7g,0,4,29,17
CYTK1;PCOREM3terg,0,4,29,17
CYTK1;PGMT,0,4,29,17
CYTK1;PIATPLtm,0,2,29,19
CYTK1;PItg,0,4,29,17
CYTK1;PMANM,0,4,29,17
CYTK1;POCDPRBTLT2g,0,4,29,17
CYTK1;POCDPRBTLTg,0,4,29,17
CYTK1;POGLCNACTg,0,4,29,17
CYTK1;POMGNGALNTr,0,4,29,17
CYTK1;POMGNTr,0,4,29,17
CYTK1;POMKr,0,4,29,17
CYTK1;POXYLTg,0,4,29,17
CYTK1;RBT5PCYTr,0,4,29,17
CYTK1;RBT5PDH,0,4,29,17
CYTK1;RU5Ptr,0,2,29,19
CYTK1;UACGAMUMPtr,0,4,29,17
CYTK1;UAG4E,0,4,29,17
CYTK1;UAGDP,0,4,29,17
CYTK1;UDPGD,0,4,29,17
CYTK1;UDPGLCAtg,0,4,29,17
CYTK1;UDPGLDCg,0,4,29,17
CYTK1;UGALNACter,0,4,29,17
CYTK1;UGLCNACtg,0,4,29,17
CYTK1;URIDK2,0,1,29,20
CYTK2n;O2St,1,0,28,21
CYTK2n;O2t,5,0,24,21
CYTK3;DNDPt42m,0,1,29,20
CYTK3;DOLMANP_ter,0,4,29,17
CYTK3;DOLPMT,0,4,29,17
CYTK3;DOLPOMTr,0,4,29,17
CYTK3;DOLP_ter,0,4,29,17
CYTK3;DUMPtm,0,1,29,20
CYTK3;DUTCP,0,2,29,19
CYTK3;DUTPDPm,0,1,29,20
CYTK3;GALU,0,3,29,18
CYTK3;GF6PTA,0,4,29,17
CYTK3;H2Otg,0,4,29,17
CYTK3;Htg,0,4,29,17
CYTK3;LARGEg,0,4,29,17
CYTK3;MAN1PT2,0,4,29,17
CYTK3;MAN6PI,0,4,29,17
CYTK3;NDP7er,0,3,29,18
CYTK3;NDP7g,0,4,29,17
CYTK3;PCOREM3terg,0,4,29,17
CYTK3;PGMT,0,3,29,18
CYTK3;PIATPLtm,0,1,29,20
CYTK3;PItg,0,4,29,17
CYTK3;PMANM,0,4,29,17
CYTK3;POCDPRBTLT2g,0,4,29,17
CYTK3;POCDPRBTLTg,0,4,29,17
CYTK3;POGLCNACTg,0,4,29,17
CYTK3;POMGNGALNTr,0,4,29,17
CYTK3;POMGNTr,0,4,29,17
CYTK3;POMKr,0,4,29,17
CYTK3;POXYLTg,0,4,29,17
CYTK3;RBT5PCYTr,0,4,29,17
CYTK3;RBT5PDH,0,4,29,17
CYTK3;RU5Ptr,0,2,29,19
CYTK3;UACGAMUMPtr,0,4,29,17
CYTK3;UAG4E,0,4,29,17
CYTK3;UAGDP,0,4,29,17
CYTK3;UDPGD,0,3,29,18
CYTK3;UDPGLCAtg,0,4,29,17
CYTK3;UDPGLDCg,0,4,29,17
CYTK3;UGALNACter,0,4,29,17
CYTK3;UGLCNACtg,0,4,29,17
D3AIBTm;DCYTD,1,1,28,20
D3AIBTm;DHFR,0,1,29,20
D3AIBTm;DLD,2,1,27,20
D3AIBTm;DURIPP,7,4,22,17
D3AIBTm;FBA,0,1,29,20
D3AIBTm;GLUDxm,0,1,29,20
D3AIBTm;GLUDym,3,0,26,21
D3AIBTm;GLYtm,0,1,29,20
D3AIBTm;HCO3Em,0,1,29,20
D3AIBTm;HCO3tm,0,1,29,20
D3AIBTm;Htr,0,2,29,19
D3AIBTm;NDP6,1,1,28,20
D3AIBTm;NH4tm,4,0,25,21
D3AIBTm;NTD1,6,0,23,21
D3AIBTm;NTD3,1,1,28,20
D3AIBTm;PFK,0,1,29,20
D3AIBTm;PGI,0,1,29,20
D3AIBTm;URIK4,0,1,29,20
DADK3;DUTPDP,1,0,28,21
DADK3;FBA,1,0,28,21
DADK3;G6Pter,1,0,28,21
DADK3;GALU,1,0,28,21
DADK3;NDPK1,1,0,28,21
DADK3;NDPK6,1,0,28,21
DADK3;PFK,1,0,28,21
DADK3;PGI,1,0,28,21
DADK3;PGMT,1,0,28,21
DADK3;PYK6,1,0,28,21
DADK3;RNDR1,1,0,28,21
DADK3;RNDR4,1,0,28,21
DADNK;RNDR1,1,0,28,21
DAGKm_hs;AGPAT1m,0,4,29,17
DAGKm_hs;AHC,0,4,29,17
DAGKm_hs;ALCD1,0,2,29,19
DAGKm_hs;AMETt2m,0,4,29,17
DAGKm_hs;BETALDHxm,0,4,29,17
DAGKm_hs;BHMT,0,4,29,17
DAGKm_hs;CATp,0,1,29,20
DAGKm_hs;CHOLD2m,0,4,29,17
DAGKm_hs;CITRt2m,0,1,29,20
DAGKm_hs;CITRtm,0,1,29,20
DAGKm_hs;CLOXAtex2,0,1,29,20
DAGKm_hs;CO2tm,1,0,28,21
DAGKm_hs;CRNtim,0,3,29,18
DAGKm_hs;DLD,0,1,29,20
DAGKm_hs;DMGDHm,0,4,29,17
DAGKm_hs;DMGtm,0,4,29,17
DAGKm_hs;FALDH,0,1,29,20
DAGKm_hs;FALDtm,0,4,29,17
DAGKm_hs;FALDtx,0,2,29,19
DAGKm_hs;GHMT2rm,0,1,29,20
DAGKm_hs;GLXO2p,0,1,29,20
DAGKm_hs;GLYBtm,0,4,29,17
DAGKm_hs;GLYC3Ptmc,0,1,29,20
DAGKm_hs;GLYOp,0,1,29,20
DAGKm_hs;GPAMm_hs,0,4,29,17
DAGKm_hs;HCO3tm,0,1,29,20
DAGKm_hs;HMGDH,0,1,29,20
DAGKm_hs;HMGS,0,1,29,20
DAGKm_hs;LHCYSTIN,0,2,29,19
DAGKm_hs;LHCYSTINt,0,2,29,19
DAGKm_hs;MEOHt2,0,2,29,19
DAGKm_hs;METAT,0,3,29,18
DAGKm_hs;NH4tp,0,1,29,20
DAGKm_hs;OXAtp,0,1,29,20
DAGKm_hs;PCHOLPm_hs,0,4,29,17
DAGKm_hs;PETOHMm_hs,0,4,29,17
DAGKm_hs;PUNP1,0,2,29,19
DAGKm_hs;PYK,1,0,28,21
DAGKm_hs;RTOTALCRNCPT1,0,2,29,19
DAGKm_hs;RTOTALCRNCPT2,0,2,29,19
DAGKm_hs;RTOTALCRNt,0,2,29,19
DAGKm_hs;SARCOXp,0,2,29,19
DAGKm_hs;SARCStm,0,2,29,19
DAGKm_hs;SARCStp,0,2,29,19
DAGKm_hs;SARDHm,0,2,29,19
DAGKm_hs;SERTm,0,1,29,20
DAGKm_hs;SFGTH,0,2,29,19
DAG_Hstem;DLD,0,1,29,20
DAG_Hstem;DMGDHm,0,4,29,17
DAG_Hstem;DMGtm,0,4,29,17
DAG_Hstem;FALDH,0,1,29,20
DAG_Hstem;FALDtm,0,4,29,17
DAG_Hstem;FALDtx,0,2,29,19
DAG_Hstem;GHMT2rm,0,1,29,20
DAG_Hstem;GLXO2p,0,1,29,20
DAG_Hstem;GLYBtm,0,4,29,17
DAG_Hstem;GLYC3Ptmc,0,1,29,20
DAG_Hstem;GLYOp,0,1,29,20
DAG_Hstem;GPAMm_hs,0,4,29,17
DAG_Hstem;HCO3tm,0,1,29,20
DAG_Hstem;HMGDH,0,1,29,20
DAG_Hstem;HMGS,0,1,29,20
DAG_Hstem;LHCYSTIN,0,2,29,19
DAG_Hstem;LHCYSTINt,0,2,29,19
DAG_Hstem;MEOHt2,0,2,29,19
DAG_Hstem;METAT,0,3,29,18
DAG_Hstem;NH4tp,0,1,29,20
DAG_Hstem;OXAtp,0,1,29,20
DAG_Hstem;PCHOLPm_hs,0,4,29,17
DAG_Hstem;PETOHMm_hs,0,4,29,17
DAG_Hstem;PUNP1,0,2,29,19
DAG_Hstem;PYK,1,0,28,21
DAG_Hstem;RTOTALCRNCPT1,0,2,29,19
DAG_Hstem;RTOTALCRNCPT2,0,2,29,19
DAG_Hstem;RTOTALCRNt,0,2,29,19
DAG_Hstem;SARCOXp,0,2,29,19
DAG_Hstem;SARCStm,0,2,29,19
DAG_Hstem;SARCStp,0,2,29,19
DAG_Hstem;SARDHm,0,2,29,19
DAG_Hstem;SERTm,0,1,29,20
DAG_Hstem;SFGTH,0,2,29,19
DALAOXx;GLUDym,0,1,29,20
DALAOXx;Htr,0,1,29,20
DALAOXx;TRDR,1,4,28,17
DALAxt;GLUDym,0,1,29,20
DALAxt;Htr,0,1,29,20
DALAxt;TRDR,1,4,28,17
DCMPDA;DNDPt42m,0,1,29,20
DCMPDA;DUMPtm,0,1,29,20
DCMPDA;DUTPDPm,0,1,29,20
DCMPDA;NDPK6,0,1,29,20
DCMPDA;PIATPLtm,0,1,29,20
DCMPDA;RNDR4,0,1,29,20
DCTPDPn;O2St,1,0,28,21
DCTPDPn;O2t,5,0,24,21
DCYTD;DHPM2,1,1,28,20
DCYTD;DNDPt42m,0,6,29,15
DCYTD;DNPH4,1,1,28,20
DCYTD;DUMPtm,0,6,29,15
DCYTD;DURAD2x,1,0,28,21
DCYTD;DURAD2xm,0,1,29,20
DCYTD;DUTPDP,0,1,29,20
DCYTD;DUTPDPm,0,6,29,15
DCYTD;FCLTm,0,1,29,20
DCYTD;FE2tm,0,1,29,20
DCYTD;GALU,0,1,29,20
DCYTD;GLXtm,0,1,29,20
DCYTD;GLXtp,0,1,29,20
DCYTD;HCO3Em,0,1,29,20
DCYTD;HCO3tm,0,1,29,20
DCYTD;HMBS,0,1,29,20
DCYTD;HOXG,0,1,29,20
DCYTD;MMMm,0,1,29,20
DCYTD;MMSAD1m,1,0,28,21
DCYTD;MMTSADm,0,1,29,20
DCYTD;NDP7er,0,1,29,20
DCYTD;NDPK3,1,0,28,21
DCYTD;O2tp,0,1,29,20
DCYTD;PGMT,0,1,29,20
DCYTD;PIATPLtm,0,4,29,17
DCYTD;PPBNGS,0,1,29,20
DCYTD;PPItm,0,3,29,18
DCYTD;PPM2,1,1,28,20
DCYTD;PPPG9tm,0,1,29,20
DCYTD;PPPGOm,0,1,29,20
DCYTD;RNDR4,0,8,29,13
DCYTD;THYMtm,0,1,29,20
DCYTD;UDPGCURtr,0,1,29,20
DCYTD;UDPGD,0,1,29,20
DCYTD;UMPtr,0,1,29,20
DCYTD;UPP3S,0,1,29,20
DCYTD;UPPDC1,0,1,29,20
DDPGAm;DHFR,0,1,29,20
DDPGAm;DURIPP,1,0,28,21
DDPGAm;GLUDxm,0,1,29,20
DDPGAm;GLUDym,3,0,26,21
DDPGAm;GLYtm,1,1,28,20
DDPGAm;NTD1,1,0,28,21
DESAT16_1;ACITLn,1,0,28,21
DESAT16_1;ADPtn,1,0,28,21
DESAT16_1;ARTFR13,0,3,29,18
DESAT16_1;ARTFR42,1,3,28,18
DESAT16_1;ARTFR54,0,1,29,20
DESAT16_1;CITtn,1,0,28,21
DESAT16_1;DESAT18_1,2,4,27,17
DESAT16_1;DESAT24_51,0,1,29,20
DESAT16_1;DLD,1,0,28,21
DESAT16_1;ENO,1,0,28,21
DESAT16_1;FA140ACPH,0,3,29,18
DESAT16_1;FACOAL140i,0,2,29,19
DESAT16_1;FAE180,8,5,21,16
DESAT16_1;FAE201,0,1,29,20
DESAT16_1;FAE221,0,1,29,20
DESAT16_1;FAE224,0,1,29,20
DESAT16_1;FAE241,0,1,29,20
DESAT16_1;FAE244,0,1,29,20
DESAT16_1;FBA,0,1,29,20
DESAT16_1;FKYNH,0,1,29,20
DESAT16_1;G6Pter,1,0,28,21
DESAT16_1;GAPD,1,0,28,21
DESAT16_1;GLUDym,0,1,29,20
DESAT16_1;GPAT,0,1,29,20
DESAT16_1;H2Oter,1,0,28,21
DESAT16_1;HACD180,8,5,21,16
DESAT16_1;HACD201,0,1,29,20
DESAT16_1;HACD221,0,1,29,20
DESAT16_1;HACD224,0,1,29,20
DESAT16_1;HACD241,0,1,29,20
DESAT16_1;HACD244,0,1,29,20
DESAT16_1;HKYNH,0,1,29,20
DESAT16_1;HSD180,8,5,21,16
DESAT16_1;HSD201,0,1,29,20
DESAT16_1;HSD221,0,1,29,20
DESAT16_1;HSD224,0,1,29,20
DESAT16_1;HSD241,0,1,29,20
DESAT16_1;HSD244,0,1,29,20
DESAT16_1;ICDHyrm,1,0,28,21
DESAT16_1;ICITMALtm,1,0,28,21
DESAT16_1;KYN3OX,0,1,29,20
DESAT16_1;MALCOAMT,0,3,29,18
DESAT16_1;MALCOAMTr,0,3,29,18
DESAT16_1;MDH,1,0,28,21
DESAT16_1;NADPHtru,3,0,26,21
DESAT16_1;NADPtru,3,0,26,21
DESAT16_1;NH4tm,0,1,29,20
DESAT16_1;NNDPR,0,1,29,20
DESAT16_1;NRVNCCOAtr,0,1,29,20
DESAT16_1;NRVNCCOAtxc,0,1,29,20
DESAT16_1;O2tp,0,1,29,20
DESAT16_1;OAAtn,1,0,28,21
DESAT16_1;OCDE9ECOAtr,1,2,28,19
DESAT16_1;OXALSUCCCLm,1,0,28,21
DESAT16_1;PFK,0,1,29,20
DESAT16_1;PGI,1,1,28,20
DESAT16_1;PGK,1,0,28,21
DESAT16_1;PGM,1,0,28,21
DESAT16_1;PIGTHRDLtm,0,1,29,20
DESAT16_1;PIt2m_2,1,0,28,21
DESAT16_1;PItn,1,0,28,21
DESAT16_1;QUILSYN,0,1,29,20
DESAT16_1;RTOT1,0,2,29,19
DESAT16_1;RTOT4,0,1,29,20
DESAT16_1;RTOT5,0,1,29,20
DESAT16_1;TECR180,8,5,21,16
DESAT16_1;TECR201,0,1,29,20
DESAT16_1;TECR221,0,1,29,20
DESAT16_1;TECR224,0,1,29,20
DESAT16_1;TECR241,0,1,29,20
DESAT16_1;TECR244,0,1,29,20
DESAT16_1;TETPENT6COAtr,0,1,29,20
DESAT16_1;TPI,1,0,28,21
DESAT16_1;TRPO2,0,1,29,20
DESAT16_1;TTDCAFATPc,0,1,29,20
DESAT16_1;TTDCAtr,0,1,29,20
DESAT18_1;ARTFR12,0,1,29,20
DESAT18_1;ARTFR41,1,2,28,19
DESAT18_1;ARTFR52,2,2,27,19
DESAT18_1;ARTPLM1m,0,3,29,18
DESAT18_1;EAR160y,0,3,29,18
DESAT18_1;EAR180y,0,3,29,18
DESAT18_1;FA180ACPH,0,3,29,18
DESAT18_1;FACOAL180i,0,3,29,18
DESAT18_1;FAE200,2,2,27,19
DESAT18_1;FAE220,2,2,27,19
DESAT18_1;FAE240,2,2,27,19
DESAT18_1;FAE260,2,2,27,19
DESAT18_1;GLYC3Ptmc,0,2,29,19
DESAT18_1;GPAMm_hs,0,3,29,18
DESAT18_1;HACD200,2,2,27,19
DESAT18_1;HACD220,2,2,27,19
DESAT18_1;HACD240,2,2,27,19
DESAT18_1;HACD260,2,2,27,19
DESAT18_1;HEXCCOAtr,2,2,27,19
DESAT18_1;HSD200,2,2,27,19
DESAT18_1;HSD220,2,2,27,19
DESAT18_1;HSD240,2,2,27,19
DESAT18_1;HSD260,2,2,27,19
DESAT18_1;PPCOACRNtm,0,1,29,20
DESAT18_1;RTOT4,1,1,28,20
DESAT18_1;RTOT5,2,2,27,19
DESAT18_1;R_group_phosphotase_1,0,3,29,18
DESAT18_1;TECR200,2,2,27,19
DESAT18_1;TECR220,2,2,27,19
DESAT18_1;TECR240,2,2,27,19
DESAT18_1;TECR260,2,2,27,19
DESAT18_1;TRDR,3,5,26,16
DESAT24_51;RTOT4,0,1,29,20
DGULND;ENO,1,0,28,21
DGULND;GLYOp,0,1,29,20
DGULND;GLYtp,0,1,29,20
DGULND;H2Otp,0,1,29,20
DGULND;NH4tp,0,1,29,20
DGULND;PEPCK,1,0,28,21
DGULND;PIt2m_2,1,0,28,21
DGULND;TRDR,2,0,27,21
DHAPA;G3PD1,1,0,28,21
DHFR3m;GLUt2m,1,0,28,21
DHFR3m;ICDHyrm,1,0,28,21
DHFR3m;ITCOALm,1,0,28,21
DHFR3m;MALTSULtm,1,0,28,21
DHFR3m;NH4tm,1,0,28,21
DHFR3m;OXALSUCCCLm,1,0,28,21
DHFR3m;PYRtm,1,0,28,21
DHFR3m;SQORm,1,0,28,21
DHFR3m;TSULt4_3,1,0,28,21
DHFR3x;GLUt2m,1,0,28,21
DHFR3x;ICDHyrm,1,0,28,21
DHFR3x;ITCOALm,1,0,28,21
DHFR3x;MALTSULtm,1,0,28,21
DHFR3x;NH4tm,1,0,28,21
DHFR3x;O2t,0,1,29,20
DHFR3x;OXALSUCCCLm,1,0,28,21
DHFR3x;PYRtm,1,0,28,21
DHFR3x;SQORm,1,0,28,21
DHFR3x;TSULt4_3,1,0,28,21
DHFR;DHFR3m,4,2,25,19
DHFR;DHFR3x,4,2,25,19
DHFR;DHFRm,11,7,18,14
DHFR;DHFRx,12,9,17,12
DHFR;DHFtm,17,15,12,6
DHFR;DHPM2,0,1,29,20
DHFR;DKMPPD1,0,1,29,20
DHFR;DKMPPD3,0,1,29,20
DHFR;DNPH4,0,1,29,20
DHFR;DRPA,0,1,29,20
DHFR;DURAD2x,0,1,29,20
DHFR;EHGLATm,0,1,29,20
DHFR;ENO,0,1,29,20
DHFR;FOLtm,4,2,25,19
DHFR;GAPD,0,1,29,20
DHFR;GHMT2rm,0,1,29,20
DHFR;GLNt4,1,0,28,21
DHFR;GLUDxm,1,0,28,21
DHFR;GLUDym,0,1,29,20
DHFR;GLUt2m,1,1,28,20
DHFR;HPROym,0,1,29,20
DHFR;ICDHyrm,2,0,27,21
DHFR;ICITMALtm,1,0,28,21
DHFR;ITCOALm,1,0,28,21
DHFR;LDH_Lm,1,0,28,21
DHFR;L_LACtm,1,0,28,21
DHFR;MALTSULtm,1,0,28,21
DHFR;MDRPD,0,1,29,20
DHFR;METAT,0,1,29,20
DHFR;MMMm,0,1,29,20
DHFR;MMTSADm,0,1,29,20
DHFR;MTAP,0,1,29,20
DHFR;MTHFCm,0,2,29,19
DHFR;MTHFDm,0,2,29,19
DHFR;MTRI,0,1,29,20
DHFR;NH4tm,1,0,28,21
DHFR;NMNS,1,0,28,21
DHFR;O2t,0,1,29,20
DHFR;OBDHc,0,1,29,20
DHFR;OXALSUCCCLm,2,0,27,21
DHFR;PGK,0,1,29,20
DHFR;PGM,0,1,29,20
DHFR;PHCDym,0,1,29,20
DHFR;PPCOACRNtm,0,1,29,20
DHFR;PROAKGOX1m,0,1,29,20
DHFR;PROtm,0,1,29,20
DHFR;PYK7,0,1,29,20
DHFR;PYRtm,1,1,28,20
DHFR;SERTm,0,1,29,20
DHFR;SMOX,0,1,29,20
DHFR;SPRMS,0,1,29,20
DHFR;SQORm,1,0,28,21
DHFR;SSALym,0,1,29,20
DHFR;SUCOAS1m,0,1,29,20
DHFR;THFtm,22,7,7,14
DHFR;THRD_L,0,1,29,20
DHFR;TPI,0,1,29,20
DHFR;TSULt4_3,1,0,28,21
DHFR;TYROX,2,0,27,21
DHFR;TYRTA,2,0,27,21
DHFR;UNK3,0,1,29,20
DHFRm;DKMPPD1,0,2,29,19
DHFRm;DKMPPD3,0,2,29,19
DHFRm;ENO,0,1,29,20
DHFRm;GAPD,0,1,29,20
DHFRm;GLUt2m,1,0,28,21
DHFRm;ICDHyrm,1,0,28,21
DHFRm;ITCOALm,1,0,28,21
DHFRm;MALTSULtm,1,1,28,20
DHFRm;MDRPD,0,2,29,19
DHFRm;METAT,0,2,29,19
DHFRm;MTAP,0,2,29,19
DHFRm;MTHFC,0,1,29,20
DHFRm;MTHFD,0,1,29,20
DHFRm;MTRI,0,2,29,19
DHFRm;NH4tm,1,0,28,21
DHFRm;OXALSUCCCLm,1,0,28,21
DHFRm;PGK,0,1,29,20
DHFRm;PGM,0,1,29,20
DHFRm;PYK7,0,1,29,20
DHFRm;PYRtm,1,0,28,21
DHFRm;SMOX,0,2,29,19
DHFRm;SPRMS,0,2,29,19
DHFRm;SQORm,1,1,28,20
DHFRm;TPI,0,1,29,20
DHFRm;TSULt4_3,1,1,28,20
DHFRm;UNK3,0,2,29,19
DHFRx;FTCD,0,1,29,20
DHFRx;GLNt4,1,0,28,21
DHFRx;GLNtm,1,0,28,21
DHFRx;GLUDxm,2,0,27,21
DHFRx;GLUDym,1,1,28,20
DHFRx;GLXtm,1,0,28,21
DHFRx;GLXtp,1,0,28,21
DHFRx;GLYOp,1,0,28,21
DHFRx;GLYtm,1,0,28,21
DHFRx;GLYtp,1,0,28,21
DHFRx;GPATm,1,0,28,21
DHFRx;GluForTx,0,1,29,20
DHFRx;HISD,0,1,29,20
DHFRx;ICDHyrm,1,0,28,21
DHFRx;ICITMALtm,1,0,28,21
DHFRx;IZPN,0,1,29,20
DHFRx;LDH_L,0,1,29,20
DHFRx;LDH_Lm,1,1,28,20
DHFRx;L_LACtm,1,1,28,20
DHFRx;MTHFC,0,1,29,20
DHFRx;NH4tp,1,0,28,21
DHFRx;NMNS,1,0,28,21
DHFRx;O2tp,1,0,28,21
DHFRx;OXALSUCCCLm,1,0,28,21
DHFRx;P5CRxm,0,1,29,20
DHFRx;PIt2m_2,0,1,29,20
DHFRx;PROD2m,0,1,29,20
DHFRx;TYROX,2,0,27,21
DHFRx;TYRTA,2,0,27,21
DHFRx;URCN,0,1,29,20
DHFtm;DKMPPD1,0,2,29,19
DHFtm;DKMPPD3,0,2,29,19
DHFtm;ENO,0,1,29,20
DHFtm;FTCD,0,1,29,20
DHFtm;GAPD,0,1,29,20
DHFtm;GLNt4,1,0,28,21
DHFtm;GLNtm,1,0,28,21
DHFtm;GLUDxm,2,0,27,21
DHFtm;GLUDym,1,1,28,20
DHFtm;GLXtm,1,0,28,21
DHFtm;GLXtp,1,0,28,21
DHFtm;GLYOp,1,0,28,21
DHFtm;GLYtm,1,0,28,21
DHFtm;GLYtp,1,0,28,21
DHFtm;GPATm,1,0,28,21
DHFtm;GluForTx,0,1,29,20
DHFtm;HISD,0,1,29,20
DHFtm;ICDHyrm,1,0,28,21
DHFtm;ICITMALtm,1,0,28,21
DHFtm;IZPN,0,1,29,20
DHFtm;LDH_Lm,1,0,28,21
DHFtm;L_LACtm,1,0,28,21
DHFtm;MALTSULtm,0,1,29,20
DHFtm;MDRPD,0,2,29,19
DHFtm;METAT,0,2,29,19
DHFtm;MTAP,0,2,29,19
DHFtm;MTHFC,0,2,29,19
DHFtm;MTHFD,0,1,29,20
DHFtm;MTRI,0,2,29,19
DHFtm;NH4tp,1,0,28,21
DHFtm;NMNS,1,0,28,21
DHFtm;O2tp,1,0,28,21
DHFtm;OXALSUCCCLm,1,0,28,21
DHFtm;P5CRxm,0,1,29,20
DHFtm;PGK,0,1,29,20
DHFtm;PGM,0,1,29,20
DHFtm;PROD2m,0,1,29,20
DHFtm;PYK7,0,1,29,20
DHFtm;SMOX,0,2,29,19
DHFtm;SPRMS,0,2,29,19
DHFtm;SQORm,0,1,29,20
DHFtm;THFtm,0,1,29,20
DHFtm;TPI,0,1,29,20
DHFtm;TSULt4_3,0,1,29,20
DHFtm;TYROX,2,0,27,21
DHFtm;TYRTA,2,0,27,21
DHFtm;UNK3,0,2,29,19
DHFtm;URCN,0,1,29,20
DHPM1;NDPK6,0,1,29,20
DHPM1;URPT,4,1,25,20
DHPM2;DLD,2,1,27,20
DHPM2;DURIPP,9,4,20,17
DHPM2;ENO,1,0,28,21
DHPM2;FBA,0,1,29,20
DHPM2;GAPD,1,0,28,21
DHPM2;GLUDxm,0,1,29,20
DHPM2;GLYtm,0,1,29,20
DHPM2;HCO3Em,0,1,29,20
DHPM2;HCO3tm,0,1,29,20
DHPM2;Htr,0,2,29,19
DHPM2;NDP6,1,1,28,20
DHPM2;NTD1,8,0,21,21
DHPM2;NTD3,1,1,28,20
DHPM2;PEPCK,1,0,28,21
DHPM2;PFK,0,1,29,20
DHPM2;PGI,0,1,29,20
DHPM2;PGK,1,0,28,21
DHPM2;PGM,1,0,28,21
DHPM2;THRA,1,0,28,21
DHPM2;URIK4,0,1,29,20
DHPR2;TYRt4,0,1,29,20
DHPR;FKYNH,0,1,29,20
DHPR;HKYNH,0,1,29,20
DHPR;KYN3OX,0,1,29,20
DHPR;NNDPR,0,1,29,20
DHPR;QUILSYN,0,1,29,20
DHPR;SBTR,0,2,29,19
DHPR;SBT_Dtde,0,1,29,20
DHPR;TRPO2,0,1,29,20
DHPR;TYRt,0,1,29,20
DHPR;TYRt4,15,3,14,18
DHPRy;TYRt4,4,2,25,19
DHRT_ivcoa;ECOAH1m,3,1,26,20
DHRT_ivcoa;GTPGDPtm,0,1,29,20
DHRT_ivcoa;HACD1m,3,1,26,20
DHRT_ivcoa;HMGCOASim,5,5,24,16
DHRT_ivcoa;PGI,1,0,28,21
DHRT_ivcoa;PIGTHRDLtm,0,1,29,20
DHRT_ivcoa;PPItm,2,1,27,20
DHRT_ivcoa;PROtm,0,1,29,20
DHSPMDNABUT;METOX,0,1,29,20
DHSPMDNABUT;PUNP1,1,0,28,21
DKMPPD1;GLUDxm,0,1,29,20
DKMPPD1;GLUDym,0,2,29,19
DKMPPD1;GPAT,0,1,29,20
DKMPPD1;HCO3tm,0,1,29,20
DKMPPD1;KCC2t,0,1,29,20
DKMPPD1;METOX,0,1,29,20
DKMPPD1;NH4tm,0,3,29,18
DKMPPD1;PROtm,0,1,29,20
DKMPPD1;PUNP1,1,0,28,21
DKMPPD1;THFtm,0,2,29,19
DKMPPD3;GLUDxm,0,1,29,20
DKMPPD3;GLUDym,0,2,29,19
DKMPPD3;GPAT,0,1,29,20
DKMPPD3;HCO3tm,0,1,29,20
DKMPPD3;KCC2t,0,1,29,20
DKMPPD3;METOX,0,1,29,20
DKMPPD3;NH4tm,0,3,29,18
DKMPPD3;PROtm,0,1,29,20
DKMPPD3;PUNP1,1,0,28,21
DKMPPD3;THFtm,0,2,29,19
DLD;ARTFR41,1,0,28,21
DLD;DNPH4,2,0,27,21
DLD;DRPA,2,0,27,21
DLD;DURAD2xm,2,1,27,20
DLD;DURIPP,1,0,28,21
DLD;ECOAH1m,3,1,26,20
DLD;ENO,1,0,28,21
DLD;GALGLUSIDEtg,1,0,28,21
DLD;GALGLUSIDEtr,1,0,28,21
DLD;GALU,1,0,28,21
DLD;GAPD,1,0,28,21
DLD;GF6PTA,1,0,28,21
DLD;GLXtm,0,1,29,20
DLD;GLXtp,0,1,29,20
DLD;GLYOp,0,1,29,20
DLD;GPAT,1,0,28,21
DLD;GTPGDPtm,3,1,26,20
DLD;H2Otg,1,0,28,21
DLD;HACD1m,3,1,26,20
DLD;HEX12,1,0,28,21
DLD;HMGCOASim,3,5,26,16
DLD;Htg,1,0,28,21
DLD;MMMm,2,1,27,20
DLD;MMTSADm,2,1,27,20
DLD;MTHFC,0,1,29,20
DLD;MTHFD2,0,1,29,20
DLD;NDP7er,1,0,28,21
DLD;NDP7g,1,0,28,21
DLD;NDPK1,2,0,27,21
DLD;NDPK8,1,0,28,21
DLD;NH4tp,0,1,29,20
DLD;NMNS,1,0,28,21
DLD;NTD1,1,0,28,21
DLD;NTD5,0,1,29,20
DLD;PGI,2,0,27,21
DLD;PGK,1,0,28,21
DLD;PGM,1,0,28,21
DLD;PGMT,1,0,28,21
DLD;PIGTHRDLtm,0,1,29,20
DLD;PItg,1,0,28,21
DLD;PLMCOAPTr,1,0,28,21
DLD;PPItm,4,1,25,20
DLD;PROtm,0,1,29,20
DLD;PYK2,1,0,28,21
DLD;RTOT4,1,0,28,21
DLD;THYMtm,2,1,27,20
DLD;TMDPP,0,1,29,20
DLD;TPI,1,0,28,21
DLD;TRDR,1,0,28,21
DLD;UAGDP,1,0,28,21
DLD;UDPG4E,1,0,28,21
DLD;UDPGALt2r,1,0,28,21
DLD;UDPGALtg,1,0,28,21
DLD;UDPGGPGTr,1,0,28,21
DLD;UGCGc,1,0,28,21
DLD;UMPK5,0,1,29,20
DLD;UMPtr,1,0,28,21
DMGDHm;FBA,0,1,29,20
DMGDHm;GLYtp,0,1,29,20
DMGDHm;Htr,0,1,29,20
DMGDHm;LHCYSTIN,2,0,27,21
DMGDHm;LHCYSTINt,2,0,27,21
DMGDHm;MTHFC,1,1,28,20
DMGDHm;MTHFD2,1,1,28,20
DMGDHm;NTD7,6,0,23,21
DMGDHm;PFK,0,1,29,20
DMGDHm;PGI,0,1,29,20
DMGtm;FBA,0,1,29,20
DMGtm;GLYtp,0,1,29,20
DMGtm;Htr,0,1,29,20
DMGtm;LHCYSTIN,2,0,27,21
DMGtm;LHCYSTINt,2,0,27,21
DMGtm;MTHFC,1,1,28,20
DMGtm;MTHFD2,1,1,28,20
DMGtm;NTD7,6,0,23,21
DMGtm;PFK,0,1,29,20
DMGtm;PGI,0,1,29,20
DNDPt42m;DURIK1,0,6,29,15
DNDPt42m;NDP6,0,7,29,14
DNDPt42m;NDP8,1,0,28,21
DNDPt42m;NTD3,0,6,29,15
DNPH2;FBA,1,0,28,21
DNPH2;GALU,1,0,28,21
DNPH2;NDPK1,1,0,28,21
DNPH2;PFK,1,0,28,21
DNPH2;PGI,1,0,28,21
DNPH2;PGMT,1,0,28,21
DNPH3;NDP8,2,0,27,21
DNPH3;PYK4,2,0,27,21
DNPH3;RNDR4,2,0,27,21
DNPH4;DURIPP,9,2,20,19
DNPH4;ENO,1,0,28,21
DNPH4;GAPD,1,0,28,21
DNPH4;GLUDxm,0,1,29,20
DNPH4;GLYtm,0,1,29,20
DNPH4;HCO3Em,0,1,29,20
DNPH4;HCO3tm,0,1,29,20
DNPH4;Htr,0,1,29,20
DNPH4;NDP6,1,1,28,20
DNPH4;NTD1,8,0,21,21
DNPH4;NTD3,1,1,28,20
DNPH4;PEPCK,1,0,28,21
DNPH4;PGK,1,0,28,21
DNPH4;PGM,1,0,28,21
DNPH4;THRA,1,0,28,21
DNPH4;URIK4,0,1,29,20
DOLASNTer;FKYNH,0,1,29,20
DOLASNTer;G6Pt6er,3,0,26,21
DOLASNTer;HKYNH,0,1,29,20
DOLASNTer;KYN3OX,0,1,29,20
DOLASNTer;NNDPR,0,1,29,20
DOLASNTer;QUILSYN,0,1,29,20
DOLASNTer;TRPO2,0,1,29,20
DOLDPPer;FKYNH,0,1,29,20
DOLDPPer;G6Pt6er,3,0,26,21
DOLDPPer;HKYNH,0,1,29,20
DOLDPPer;KYN3OX,0,1,29,20
DOLDPPer;NNDPR,0,1,29,20
DOLDPPer;QUILSYN,0,1,29,20
DOLDPPer;TRPO2,0,1,29,20
DOLGLCP_ter;FKYNH,0,1,29,20
DOLGLCP_ter;G6Pt6er,3,0,26,21
DOLGLCP_ter;HKYNH,0,1,29,20
DOLGLCP_ter;KYN3OX,0,1,29,20
DOLGLCP_ter;NNDPR,0,1,29,20
DOLGLCP_ter;QUILSYN,0,1,29,20
DOLGLCP_ter;TRPO2,0,1,29,20
DOLMANP_ter;FKYNH,0,1,29,20
DOLMANP_ter;G6Pt6er,3,0,26,21
DOLMANP_ter;HKYNH,0,1,29,20
DOLMANP_ter;KYN3OX,0,1,29,20
DOLMANP_ter;NNDPR,0,1,29,20
DOLMANP_ter;PIt7,1,0,28,21
DOLMANP_ter;QUILSYN,0,1,29,20
DOLMANP_ter;R5Ptr,9,7,20,14
DOLMANP_ter;RPIr,9,7,20,14
DOLMANP_ter;RU5Ptr,9,7,20,14
DOLMANP_ter;TRPO2,0,1,29,20
DOLPGT1er;FKYNH,0,1,29,20
DOLPGT1er;G6Pt6er,3,0,26,21
DOLPGT1er;HKYNH,0,1,29,20
DOLPGT1er;KYN3OX,0,1,29,20
DOLPGT1er;NNDPR,0,1,29,20
DOLPGT1er;QUILSYN,0,1,29,20
DOLPGT1er;TRPO2,0,1,29,20
DOLPGT2er;FKYNH,0,1,29,20
DOLPGT2er;G6Pt6er,3,0,26,21
DOLPGT2er;HKYNH,0,1,29,20
DOLPGT2er;KYN3OX,0,1,29,20
DOLPGT2er;NNDPR,0,1,29,20
DOLPGT2er;QUILSYN,0,1,29,20
DOLPGT2er;TRPO2,0,1,29,20
DOLPGT3er;FKYNH,0,1,29,20
DOLPGT3er;G6Pt6er,3,0,26,21
DOLPGT3er;HKYNH,0,1,29,20
DOLPGT3er;KYN3OX,0,1,29,20
DOLPGT3er;NNDPR,0,1,29,20
DOLPGT3er;QUILSYN,0,1,29,20
DOLPGT3er;TRPO2,0,1,29,20
DOLPMT1er;FKYNH,0,1,29,20
DOLPMT1er;G6Pt6er,3,0,26,21
DOLPMT1er;HKYNH,0,1,29,20
DOLPMT1er;KYN3OX,0,1,29,20
DOLPMT1er;NNDPR,0,1,29,20
DOLPMT1er;QUILSYN,0,1,29,20
DOLPMT1er;TRPO2,0,1,29,20
DOLPMT2_er;FKYNH,0,1,29,20
DOLPMT2_er;G6Pt6er,3,0,26,21
DOLPMT2_er;HKYNH,0,1,29,20
DOLPMT2_er;KYN3OX,0,1,29,20
DOLPMT2_er;NNDPR,0,1,29,20
DOLPMT2_er;QUILSYN,0,1,29,20
DOLPMT2_er;TRPO2,0,1,29,20
DOLPMT3er;FKYNH,0,1,29,20
DOLPMT3er;G6Pt6er,3,0,26,21
DOLPMT3er;HKYNH,0,1,29,20
DOLPMT3er;KYN3OX,0,1,29,20
DOLPMT3er;NNDPR,0,1,29,20
DOLPMT3er;QUILSYN,0,1,29,20
DOLPMT3er;TRPO2,0,1,29,20
DOLPMT4_er;FKYNH,0,1,29,20
DOLPMT4_er;G6Pt6er,3,0,26,21
DOLPMT4_er;HKYNH,0,1,29,20
DOLPMT4_er;KYN3OX,0,1,29,20
DOLPMT4_er;NNDPR,0,1,29,20
DOLPMT4_er;QUILSYN,0,1,29,20
DOLPMT4_er;TRPO2,0,1,29,20
DOLPMT;FKYNH,0,1,29,20
DOLPMT;G6Pt6er,3,0,26,21
DOLPMT;HKYNH,0,1,29,20
DOLPMT;KYN3OX,0,1,29,20
DOLPMT;NNDPR,0,1,29,20
DOLPMT;PIt7,1,0,28,21
DOLPMT;QUILSYN,0,1,29,20
DOLPMT;R5Ptr,9,7,20,14
DOLPMT;RPIr,9,7,20,14
DOLPMT;RU5Ptr,9,7,20,14
DOLPMT;TRPO2,0,1,29,20
DOLPOMTr;PIt7,1,0,28,21
DOLPOMTr;R5Ptr,9,7,20,14
DOLPOMTr;RPIr,9,7,20,14
DOLPOMTr;RU5Ptr,9,7,20,14
DOLP_ter;FKYNH,0,1,29,20
DOLP_ter;G6Pt6er,3,0,26,21
DOLP_ter;HKYNH,0,1,29,20
DOLP_ter;KYN3OX,0,1,29,20
DOLP_ter;NNDPR,0,1,29,20
DOLP_ter;PIt7,1,0,28,21
DOLP_ter;QUILSYN,0,1,29,20
DOLP_ter;R5Ptr,9,7,20,14
DOLP_ter;RPIr,9,7,20,14
DOLP_ter;RU5Ptr,9,7,20,14
DOLP_ter;TRPO2,0,1,29,20
DPGM;NDPK8,0,1,29,20
DPGM;TPI,0,1,29,20
DPMVDc;DPMVDx,0,2,29,19
DPMVDc;MEVK1x,0,2,29,19
DPMVDc;MEVtx,0,2,29,19
DPMVDc;PItx,0,2,29,19
DPMVDc;PMEVKx,0,2,29,19
DPMVDx;IPDPtx,0,2,29,19
DPMVDx;MEVK1c,0,2,29,19
DPMVDx;PMEVKc,0,2,29,19
DRBK;FBA,0,1,29,20
DRBK;Htr,0,1,29,20
DRBK;PFK,0,1,29,20
DRBK;PGI,0,1,29,20
DRPA;ENO,1,0,28,21
DRPA;FBA,1,2,28,19
DRPA;FBA3,0,1,29,20
DRPA;G6Pter,2,0,27,21
DRPA;GALU,1,0,28,21
DRPA;GAPD,1,0,28,21
DRPA;GLUDxm,0,1,29,20
DRPA;GLYtm,0,1,29,20
DRPA;HCO3Em,0,1,29,20
DRPA;HCO3tm,0,1,29,20
DRPA;Htr,1,2,28,19
DRPA;NDPK1,1,0,28,21
DRPA;NDPK3,1,1,28,20
DRPA;PEPCK,1,0,28,21
DRPA;PFK,1,2,28,19
DRPA;PFK_4,0,1,29,20
DRPA;PGI,1,1,28,20
DRPA;PGK,1,0,28,21
DRPA;PGM,1,0,28,21
DRPA;PGMT,1,0,28,21
DRPA;PYK4,2,0,27,21
DRPA;PYK6,2,0,27,21
DRPA;RPE,0,1,29,20
DRPA;THRA,1,0,28,21
DRPA;TKT1,0,1,29,20
DRPA;TKT2,0,1,29,20
DRPA;URIK4,0,1,29,20
DUMPtm;DURIK1,0,6,29,15
DUMPtm;NDP6,0,7,29,14
DUMPtm;NDP8,1,0,28,21
DUMPtm;NTD3,0,6,29,15
DURAD2x;DURIPP,3,1,26,20
DURAD2x;GLUDxm,0,1,29,20
DURAD2x;GLYtm,0,1,29,20
DURAD2x;NDP6,1,0,28,21
DURAD2x;NTD1,2,0,27,21
DURAD2x;NTD3,1,0,28,21
DURAD2xm;DURIPP,6,3,23,18
DURAD2xm;ENO,1,0,28,21
DURAD2xm;FBA,0,1,29,20
DURAD2xm;GAPD,1,0,28,21
DURAD2xm;HCO3Em,0,1,29,20
DURAD2xm;HCO3tm,0,1,29,20
DURAD2xm;Htr,0,2,29,19
DURAD2xm;NDP6,0,1,29,20
DURAD2xm;NTD1,6,0,23,21
DURAD2xm;NTD3,0,1,29,20
DURAD2xm;PEPCK,1,0,28,21
DURAD2xm;PFK,0,1,29,20
DURAD2xm;PGI,0,1,29,20
DURAD2xm;PGK,1,0,28,21
DURAD2xm;PGM,1,0,28,21
DURAD2xm;THRA,1,0,28,21
DURAD2xm;URIK4,0,1,29,20
DURAD;NDPK6,0,1,29,20
DURAD;URPT,4,1,25,20
DURIK1;DUTPDP,1,1,28,20
DURIK1;DUTPDPm,0,6,29,15
DURIK1;HCO3Em,0,1,29,20
DURIK1;HCO3tm,0,1,29,20
DURIK1;NDP8,2,0,27,21
DURIK1;NDPK6,1,0,28,21
DURIK1;PIATPLtm,0,4,29,17
DURIK1;PPItm,0,3,29,18
DURIK1;RNDR4,3,8,26,13
DURIPP;DUTPDP,1,0,28,21
DURIPP;EHGLATm,1,0,28,21
DURIPP;FCLTm,0,3,29,18
DURIPP;FE2tm,0,3,29,18
DURIPP;GALU,0,3,29,18
DURIPP;GLXtm,0,4,29,17
DURIPP;GLXtp,0,4,29,17
DURIPP;GLYOp,0,3,29,18
DURIPP;HMBS,0,3,29,18
DURIPP;HOXG,0,3,29,18
DURIPP;HPROym,1,0,28,21
DURIPP;MMMm,6,3,23,18
DURIPP;MMSAD1m,3,1,26,20
DURIPP;MMTSADm,6,3,23,18
DURIPP;NDP7er,0,3,29,18
DURIPP;NDP8,2,0,27,21
DURIPP;NDPK3,1,0,28,21
DURIPP;NDPK6,1,0,28,21
DURIPP;NH4tp,0,3,29,18
DURIPP;NTD5,0,2,29,19
DURIPP;O2tp,0,2,29,19
DURIPP;PDHa,1,0,28,21
DURIPP;PDHbr,1,0,28,21
DURIPP;PGMT,0,3,29,18
DURIPP;PHCDym,1,0,28,21
DURIPP;PPBNGS,0,3,29,18
DURIPP;PPIOGLYc,0,1,29,20
DURIPP;PPIOGLYte,0,1,29,20
DURIPP;PPIOGLYtm,0,1,29,20
DURIPP;PPM2,9,2,20,19
DURIPP;PPPG9tm,0,3,29,18
DURIPP;PPPGOm,0,3,29,18
DURIPP;PROAKGOX1m,1,0,28,21
DURIPP;PROGLUtm,1,0,28,21
DURIPP;RNDR1,1,0,28,21
DURIPP;RNDR4,3,0,26,21
DURIPP;THYMtm,6,3,23,18
DURIPP;TMDPP,0,2,29,19
DURIPP;TYROX,1,0,28,21
DURIPP;TYRTA,1,0,28,21
DURIPP;UDPGCURtr,0,2,29,19
DURIPP;UDPGD,0,3,29,18
DURIPP;UDPGLCAter,0,1,29,20
DURIPP;UMPtr,0,2,29,19
DURIPP;UPP3S,0,3,29,18
DURIPP;UPPDC1,0,3,29,18
DUTCP;NDP8,1,0,28,21
DUTCP;PPItn,0,1,29,20
DUTCP;URIK4,0,1,29,20
DUTPDP;NDP6,0,1,29,20
DUTPDP;NDP8,6,0,23,21
DUTPDP;NTD2,1,0,28,21
DUTPDP;NTD3,0,1,29,20
DUTPDP;NTD6,1,0,28,21
DUTPDP;PUNP1,1,0,28,21
DUTPDP;PUNP2,1,0,28,21
DUTPDP;PYNP2r,1,0,28,21
DUTPDP;RNDR1,1,0,28,21
DUTPDPm;NDP6,0,7,29,14
DUTPDPm;NDP8,1,0,28,21
DUTPDPm;NTD3,0,6,29,15
D_3AIBt;ENO,1,0,28,21
D_3AIBt;GAPD,1,0,28,21
D_3AIBt;PEPCK,1,0,28,21
D_3AIBt;PGK,1,0,28,21
D_3AIBt;PGM,1,0,28,21
D_3AIBt;THRA,1,0,28,21
EAR160y;ARTFR13,0,4,29,17
EAR160y;ARTFR42,0,3,29,18
EAR160y;ARTFR43,0,1,29,20
EAR160y;FA140ACPH,0,4,29,17
EAR160y;FACOAL140i,0,2,29,19
EAR160y;FAE180,0,3,29,18
EAR160y;FAE181,0,1,29,20
EAR160y;HACD180,0,3,29,18
EAR160y;HACD181,0,1,29,20
EAR160y;HSD180,0,3,29,18
EAR160y;HSD181,0,1,29,20
EAR160y;MALCOAMT,0,4,29,17
EAR160y;MALCOAMTr,0,4,29,17
EAR160y;OCDE9ECOAtr,0,2,29,19
EAR160y;OCTD11ECOAtr,0,1,29,20
EAR160y;RTOT1,0,2,29,19
EAR160y;RTOT4,0,2,29,19
EAR160y;TECR180,0,3,29,18
EAR160y;TECR181,0,1,29,20
EAR160y;TTDCAFATPc,0,2,29,19
EAR160y;TTDCAtr,0,2,29,19
EAR180y;ARTFR13,0,4,29,17
EAR180y;ARTFR42,0,3,29,18
EAR180y;ARTFR43,0,1,29,20
EAR180y;FA140ACPH,0,4,29,17
EAR180y;FACOAL140i,0,2,29,19
EAR180y;FAE180,0,3,29,18
EAR180y;FAE181,0,1,29,20
EAR180y;HACD180,0,3,29,18
EAR180y;HACD181,0,1,29,20
EAR180y;HSD180,0,3,29,18
EAR180y;HSD181,0,1,29,20
EAR180y;MALCOAMT,0,4,29,17
EAR180y;MALCOAMTr,0,4,29,17
EAR180y;OCDE9ECOAtr,0,2,29,19
EAR180y;OCTD11ECOAtr,0,1,29,20
EAR180y;RTOT1,0,2,29,19
EAR180y;RTOT4,0,2,29,19
EAR180y;TECR180,0,3,29,18
EAR180y;TECR181,0,1,29,20
EAR180y;TTDCAFATPc,0,2,29,19
EAR180y;TTDCAtr,0,2,29,19
ECOAH1m;GLUDym,1,0,28,21
ECOAH1m;GLYATm,2,0,27,21
ECOAH1m;GTPGDPtm,1,0,28,21
ECOAH1m;ICDHyrm,1,0,28,21
ECOAH1m;ITCOAL1m,1,0,28,21
ECOAH1m;LEUTAm,3,0,26,21
ECOAH1m;LEUt5m,3,0,26,21
ECOAH1m;MCCCm,3,1,26,20
ECOAH1m;MGCHrm,3,1,26,20
ECOAH1m;MMCDm,1,0,28,21
ECOAH1m;MMEm,1,0,28,21
ECOAH1m;MMMm,1,0,28,21
ECOAH1m;MMSAD3m,6,0,23,21
ECOAH1m;MOD_3mhop,3,1,26,20
ECOAH1m;NH4tm,1,0,28,21
ECOAH1m;OXALSUCCCLm,1,0,28,21
ECOAH1m;PCRNtm,1,0,28,21
ECOAH1m;PIGTHRDLtm,2,0,27,21
ECOAH1m;PPCOAOm,3,0,26,21
ECOAH1m;PPCOAtm,1,0,28,21
ECOAH1m;PRPNCOAHYDm,3,0,26,21
ECOAH1m;PYRtm,1,0,28,21
ECOAH1m;SSALym,1,0,28,21
ECOAH1m;THR3Dx,2,0,27,21
ECOAH1m;TYROX,2,0,27,21
ECOAH1m;TYRTA,2,0,27,21
ECOAH9m;PPIOGLYc,0,2,29,19
ECOAH9m;PPIOGLYte,0,2,29,19
ECOAH9m;PPIOGLYtm,0,2,29,19
EHGLAT2m;GLUDym,1,0,28,21
EHGLATm;GLUDxm,0,1,29,20
EHGLATm;GLUDym,2,0,27,21
EHGLATm;GLYtm,1,1,28,20
EHGLATm;NTD1,1,0,28,21
ENGASE2ly;G6Pt6er,1,0,28,21
ENGASEly;G6Pt6er,1,0,28,21
ENO;ARTFR41,1,0,28,21
ENO;FADDPle,1,0,28,21
ENO;FADte,1,0,28,21
ENO;FBA4,1,0,28,21
ENO;FKYNH,0,2,29,19
ENO;FMNALKPle,1,0,28,21
ENO;FMNAT,1,0,28,21
ENO;G6Pter,1,0,28,21
ENO;GALGLUSIDEtg,1,0,28,21
ENO;GALGLUSIDEtr,1,0,28,21
ENO;GCALDD,1,0,28,21
ENO;GLCURter,1,0,28,21
ENO;GLUDym,0,2,29,19
ENO;GLUt2m,0,1,29,20
ENO;GLXO2p,1,0,28,21
ENO;GLYCLTtp,1,0,28,21
ENO;GLYCTO1p,1,0,28,21
ENO;GTHOm,0,1,29,20
ENO;GTHPm,0,1,29,20
ENO;GULN3D,1,0,28,21
ENO;GULNDer,1,0,28,21
ENO;GULNter,1,0,28,21
ENO;H2O2tm,0,1,29,20
ENO;H2Otg,1,0,28,21
ENO;H2Otm,0,1,29,20
ENO;HCO3E,0,1,29,20
ENO;HKYNH,0,2,29,19
ENO;Htg,1,0,28,21
ENO;ICITCITtm,0,1,29,20
ENO;KCC2t,0,1,29,20
ENO;KHK2,1,0,28,21
ENO;KYN3OX,0,2,29,19
ENO;MALTSULtm,1,3,28,18
ENO;MDH,1,0,28,21
ENO;NACDe,0,1,29,20
ENO;NACPRT,0,1,29,20
ENO;NCAMDe,0,1,29,20
ENO;NDP7er,1,0,28,21
ENO;NDP7g,1,0,28,21
ENO;NDPK2,0,1,29,20
ENO;NDPK8,0,5,29,16
ENO;NH4tm,0,2,29,19
ENO;NMNDA,0,1,29,20
ENO;NMNS,0,1,29,20
ENO;NNDPR,0,2,29,19
ENO;O2t,1,0,28,21
ENO;OXAtp,1,0,28,21
ENO;PEPCK,6,1,23,20
ENO;PGI,1,0,28,21
ENO;PIGTHRDLtm,0,1,29,20
ENO;PIMALtm,0,1,29,20
ENO;PIt2m_2,4,0,25,21
ENO;PItg,1,0,28,21
ENO;PLMCOAPTr,1,0,28,21
ENO;PYK,2,0,27,21
ENO;PYRtm,0,3,29,18
ENO;QUILSYN,0,2,29,19
ENO;R5Ptr,1,0,28,21
ENO;RBFK,1,0,28,21
ENO;RIBFLVt6,1,0,28,21
ENO;RPIr,1,0,28,21
ENO;RTOT4,1,0,28,21
ENO;RU5Ptr,1,0,28,21
ENO;SO4AKGtm,0,1,29,20
ENO;SO4MALtm,0,1,29,20
ENO;SQORm,1,3,28,18
ENO;THFtm,0,1,29,20
ENO;THYMtm,1,0,28,21
ENO;TPI,1,5,28,16
ENO;TRPO2,0,2,29,19
ENO;TSULt4_3,1,3,28,18
ENO;UDPG4E,1,0,28,21
ENO;UDPGALt2r,1,0,28,21
ENO;UDPGALtg,1,0,28,21
ENO;UDPGGPGTr,1,0,28,21
ENO;UGCGc,1,0,28,21
ENO;UMPtr,1,0,28,21
ENO;XYLTD_Dr,1,0,28,21
ENO;XYLURx,1,0,28,21
ETHAK;PCFLOPm,2,0,27,21
ETHAK;PEMET1,2,0,27,21
ETHAK;PEMET2,2,0,27,21
ETHAK;PETOHMm_hs,2,0,27,21
ETHAK;PSSA1_hs,2,1,27,20
ETHMALACc;GLYtm,0,1,29,20
ETHMALACc;NH4tm,0,1,29,20
ETHMALACc;PPCOAtm,0,1,29,20
ETHMALACc;PPIOGLYc,0,1,29,20
ETHMALACc;PPIOGLYte,0,1,29,20
ETHMALACc;PPIOGLYtm,0,1,29,20
ETHMALACte;GLYtm,0,1,29,20
ETHMALACte;NH4tm,0,1,29,20
ETHMALACte;PPCOAtm,0,1,29,20
ETHMALACte;PPIOGLYc,0,1,29,20
ETHMALACte;PPIOGLYte,0,1,29,20
ETHMALACte;PPIOGLYtm,0,1,29,20
ETHMALCOAc;GLYtm,0,1,29,20
ETHMALCOAc;NH4tm,0,1,29,20
ETHMALCOAc;PPCOAtm,0,1,29,20
ETHMALCOAc;PPIOGLYc,0,1,29,20
ETHMALCOAc;PPIOGLYte,0,1,29,20
ETHMALCOAc;PPIOGLYtm,0,1,29,20
ETHP;PETHCT,0,1,29,20
ETHP;PE_HStm,4,4,25,17
ETHP;PSDm_hs,4,4,25,17
ETHP;PSFLIPm,4,4,25,17
ETHPL;GLYATm,1,0,28,21
ETHPL;THR3Dx,1,0,28,21
ETHPL;THRA,1,0,28,21
F1PGT;G6Pt6er,1,0,28,21
F6Tg;G6Pt6er,1,0,28,21
FA140ACPH;ARTFR12,0,2,29,19
FA140ACPH;ARTFR41,0,2,29,19
FA140ACPH;ARTPLM1m,0,4,29,17
FA140ACPH;FA180ACPH,0,4,29,17
FA140ACPH;FACOAL180i,0,3,29,18
FA140ACPH;FATP3t,0,1,29,20
FA140ACPH;GLYC3Ptmc,0,2,29,19
FA140ACPH;GPAMm_hs,0,4,29,17
FA140ACPH;OCDCAFATPc,0,1,29,20
FA140ACPH;PPCOACRNtm,0,1,29,20
FA140ACPH;R_group_phosphotase_1,0,3,29,18
FA180ACPH;ARTFR13,0,4,29,17
FA180ACPH;ARTFR42,0,3,29,18
FA180ACPH;ARTFR43,0,1,29,20
FA180ACPH;FACOAL140i,0,2,29,19
FA180ACPH;FAE180,0,3,29,18
FA180ACPH;FAE181,0,1,29,20
FA180ACPH;HACD180,0,3,29,18
FA180ACPH;HACD181,0,1,29,20
FA180ACPH;HSD180,0,3,29,18
FA180ACPH;HSD181,0,1,29,20
FA180ACPH;MALCOAMT,0,4,29,17
FA180ACPH;MALCOAMTr,0,4,29,17
FA180ACPH;OCDE9ECOAtr,0,2,29,19
FA180ACPH;OCTD11ECOAtr,0,1,29,20
FA180ACPH;RTOT1,0,2,29,19
FA180ACPH;RTOT4,0,2,29,19
FA180ACPH;TECR180,0,3,29,18
FA180ACPH;TECR181,0,1,29,20
FA180ACPH;TTDCAFATPc,0,2,29,19
FA180ACPH;TTDCAtr,0,2,29,19
FA40ACPH;FACOAL100im,1,0,28,21
FA40ACPH;GLCOASYNT,1,0,28,21
FA40ACPH;GLUTCOADHm,1,0,28,21
FA40ACPH;OXOADLR,1,0,28,21
FA40ACPH;PPCOACRNtm,1,0,28,21
FA40ACPH;TTDCPT1,1,0,28,21
FA40ACPH;TTDCPT2,1,0,28,21
FA40ACPH;TTDCRNt,1,0,28,21
FACOAL100im;FACOAL40im,1,0,28,21
FACOAL100im;GLYATm,1,0,28,21
FACOAL100im;GLYtm,0,1,29,20
FACOAL100im;MMSAD3m,1,0,28,21
FACOAL100im;NH4tm,0,1,29,20
FACOAL100im;OBDHc,1,0,28,21
FACOAL100im;PCRNtm,1,0,28,21
FACOAL100im;PPCOAOm,1,0,28,21
FACOAL100im;PPCOAtm,2,1,27,20
FACOAL100im;PPIOGLYc,0,1,29,20
FACOAL100im;PPIOGLYte,0,1,29,20
FACOAL100im;PPIOGLYtm,0,1,29,20
FACOAL100im;PRPNCOAHYDm,1,0,28,21
FACOAL100im;THR3Dx,1,0,28,21
FACOAL100im;THRD_L,1,0,28,21
FACOAL140i;ARTFR12,0,1,29,20
FACOAL140i;ARTFR41,0,1,29,20
FACOAL140i;ARTPLM1m,0,2,29,19
FACOAL140i;FACOAL180i,0,2,29,19
FACOAL140i;GLYC3Ptmc,0,2,29,19
FACOAL140i;GPAMm_hs,0,2,29,19
FACOAL140i;PPCOACRNtm,0,1,29,20
FACOAL140i;R_group_phosphotase_1,0,2,29,19
FACOAL180i;ARTFR13,0,3,29,18
FACOAL180i;ARTFR42,0,3,29,18
FACOAL180i;FAE180,0,3,29,18
FACOAL180i;HACD180,0,3,29,18
FACOAL180i;HSD180,0,3,29,18
FACOAL180i;MALCOAMT,0,3,29,18
FACOAL180i;MALCOAMTr,0,3,29,18
FACOAL180i;OCDE9ECOAtr,0,2,29,19
FACOAL180i;RTOT1,0,2,29,19
FACOAL180i;RTOT4,0,1,29,20
FACOAL180i;TECR180,0,3,29,18
FACOAL180i;TTDCAFATPc,0,1,29,20
FACOAL180i;TTDCAtr,0,1,29,20
FACOAL181i;OCDE9ECOAtr,0,4,29,17
FACOAL191;TRDR,2,0,27,21
FACOAL40im;GLCOASYNT,1,0,28,21
FACOAL40im;GLUTCOADHm,1,0,28,21
FACOAL40im;OXOADLR,1,0,28,21
FACOAL40im;PPCOACRNtm,1,0,28,21
FACOAL40im;TTDCPT1,1,0,28,21
FACOAL40im;TTDCPT2,1,0,28,21
FACOAL40im;TTDCRNt,1,0,28,21
FACOAL80im;GLYtm,0,1,29,20
FADDPle;GAPD,1,0,28,21
FADDPle;PGK,1,0,28,21
FADDPle;PGM,1,0,28,21
FADDPle;TPI,1,0,28,21
FADFADH2tm;GLUDym,0,1,29,20
FADte;GAPD,1,0,28,21
FADte;PGK,1,0,28,21
FADte;PGM,1,0,28,21
FADte;TPI,1,0,28,21
FAE180;ARTFR12,0,1,29,20
FAE180;ARTFR33,1,1,28,20
FAE180;ARTFR41,0,2,29,19
FAE180;ARTFR43,7,1,22,20
FAE180;ARTPLM1m,0,3,29,18
FAE180;FAE181,8,2,21,19
FAE180;GLYC3Ptmc,0,2,29,19
FAE180;GPAMm_hs,0,3,29,18
FAE180;HACD181,8,2,21,19
FAE180;HSD181,8,2,21,19
FAE180;OCTD11ECOAtr,8,2,21,19
FAE180;PPCOACRNtm,0,1,29,20
FAE180;RTOT3,1,1,28,20
FAE180;RTOT4,7,1,22,20
FAE180;R_group_phosphotase_1,0,3,29,18
FAE180;TECR181,8,2,21,19
FAE180;TRDR,3,4,26,17
FAE181;ARTFR12,0,1,29,20
FAE181;ARTPLM1m,0,1,29,20
FAE181;FATP3t,0,1,29,20
FAE181;GPAMm_hs,0,1,29,20
FAE181;HACD180,8,2,21,19
FAE181;HSD180,8,2,21,19
FAE181;OCDCAFATPc,0,1,29,20
FAE181;RTOT5,0,1,29,20
FAE181;TECR180,8,2,21,19
FAE200;ARTFR42,2,2,27,19
FAE200;OCDE9ECOAtr,2,2,27,19
FAE200;RTOT4,5,2,24,19
FAE201;ARTFR32,2,0,27,21
FAE201;ARTFR42,5,1,24,20
FAE201;G6Pter,2,0,27,21
FAE201;Htr,3,2,26,19
FAE201;OCDE9ECOAtr,6,1,23,20
FAE201;RTOT3,2,0,27,21
FAE201;RTOT4,0,1,29,20
FAE201;TRDR,14,10,15,11
FAE220;ARTFR42,2,2,27,19
FAE220;OCDE9ECOAtr,2,2,27,19
FAE220;RTOT4,5,2,24,19
FAE221;ARTFR32,2,0,27,21
FAE221;ARTFR42,5,1,24,20
FAE221;G6Pter,2,0,27,21
FAE221;Htr,3,2,26,19
FAE221;OCDE9ECOAtr,6,1,23,20
FAE221;RTOT3,2,0,27,21
FAE221;RTOT4,0,1,29,20
FAE221;TRDR,14,10,15,11
FAE224;RTOT4,0,1,29,20
FAE240;ARTFR42,2,2,27,19
FAE240;OCDE9ECOAtr,2,2,27,19
FAE240;RTOT4,5,2,24,19
FAE241;ARTFR32,2,0,27,21
FAE241;ARTFR42,5,1,24,20
FAE241;G6Pter,2,0,27,21
FAE241;Htr,3,2,26,19
FAE241;OCDE9ECOAtr,6,1,23,20
FAE241;RTOT3,2,0,27,21
FAE241;RTOT4,0,1,29,20
FAE241;TRDR,14,10,15,11
FAE244;RTOT4,0,1,29,20
FAE260;ARTFR42,2,2,27,19
FAE260;OCDE9ECOAtr,2,2,27,19
FAE260;RTOT4,5,2,24,19
FALDH;LHCYSTIN,1,0,28,21
FALDH;LHCYSTINt,1,0,28,21
FALDH;NTD7,1,0,28,21
FALDte;GLYtp,0,1,29,20
FALDtm;FBA,0,1,29,20
FALDtm;GLYtp,0,1,29,20
FALDtm;Htr,0,1,29,20
FALDtm;LHCYSTIN,2,0,27,21
FALDtm;LHCYSTINt,2,0,27,21
FALDtm;MTHFC,1,1,28,20
FALDtm;MTHFD2,1,1,28,20
FALDtm;NTD7,6,0,23,21
FALDtm;PFK,0,1,29,20
FALDtm;PGI,0,1,29,20
FALDtn;PETOHMm_hs,0,1,29,20
FALDtn;PSDm_hs,0,1,29,20
FALDtn;PSFLIPm,0,1,29,20
FALDtx;FBA,0,1,29,20
FALDtx;GLYtp,0,1,29,20
FALDtx;Htr,0,1,29,20
FALDtx;LHCYSTIN,2,0,27,21
FALDtx;LHCYSTINt,2,0,27,21
FALDtx;MTHFC,0,1,29,20
FALDtx;MTHFD2,0,1,29,20
FALDtx;NTD7,6,0,23,21
FALDtx;PFK,0,1,29,20
FALDtx;PGI,0,1,29,20
FAR;G3PD1,1,0,28,21
FATP3t;ARTFR13,0,1,29,20
FATP3t;ARTFR43,0,1,29,20
FATP3t;HACD181,0,1,29,20
FATP3t;HSD181,0,1,29,20
FATP3t;MALCOAMT,0,1,29,20
FATP3t;MALCOAMTr,0,1,29,20
FATP3t;OCTD11ECOAtr,0,1,29,20
FATP3t;RTOT4,0,1,29,20
FATP3t;TECR181,0,1,29,20
FATP3t;TTDCAFATPc,0,1,29,20
FATP3t;TTDCAtr,0,1,29,20
FBA2;G3PD1,4,0,25,21
FBA2;PEPCK,1,0,28,21
FBA3;PEPCK,1,0,28,21
FBA3;PFK,2,4,27,17
FBA3;PFK2,0,2,29,19
FBA3;PGI,5,5,24,16
FBA3;PIt2m_2,1,0,28,21
FBA3;PPM2,0,1,29,20
FBA3;TPI,0,1,29,20
FBA4;GLYOp,0,1,29,20
FBA4;GLYtp,0,1,29,20
FBA4;H2Otp,0,1,29,20
FBA4;NH4tp,0,1,29,20
FBA4;TRDR,2,0,27,21
FBA;ARTFR41,0,1,29,20
FBA;FBA3,3,6,26,15
FBA;FCLTm,0,1,29,20
FBA;FE2tm,0,1,29,20
FBA;FKYNH,0,3,29,18
FBA;G6PPer,0,1,29,20
FBA;GALU,0,1,29,20
FBA;GLCMter,0,1,29,20
FBA;GLCter,0,1,29,20
FBA;GLUDym,1,0,28,21
FBA;GLXtm,0,1,29,20
FBA;GLXtp,0,1,29,20
FBA;GLYBtm,0,1,29,20
FBA;GLYCt,0,1,29,20
FBA;GLYOp,0,1,29,20
FBA;GUACYC,1,0,28,21
FBA;H2Oter,1,0,28,21
FBA;HCO3E,0,1,29,20
FBA;HEX12,2,0,27,21
FBA;HKYNH,0,3,29,18
FBA;HMBS,0,1,29,20
FBA;HOXG,0,1,29,20
FBA;Htr,1,1,28,20
FBA;KCC2t,0,1,29,20
FBA;KYN3OX,0,3,29,18
FBA;LAC_Ltx,1,0,28,21
FBA;LDH_L,0,1,29,20
FBA;LDH_Lm,0,1,29,20
FBA;LDH_Lp,1,0,28,21
FBA;L_LACtm,0,1,29,20
FBA;MALTSULtm,0,1,29,20
FBA;METAT,0,1,29,20
FBA;MMMm,0,1,29,20
FBA;MMTSADm,0,1,29,20
FBA;NACDe,0,1,29,20
FBA;NACPRT,0,1,29,20
FBA;NCAMDe,0,1,29,20
FBA;NDP7er,0,1,29,20
FBA;NH4tm,1,0,28,21
FBA;NH4tp,0,1,29,20
FBA;NH4tr,0,1,29,20
FBA;NMNDA,0,1,29,20
FBA;NMNS,0,1,29,20
FBA;NNDPR,0,3,29,18
FBA;NRVNCCOAtxc,1,0,28,21
FBA;NTD5,0,1,29,20
FBA;O2tp,1,1,28,20
FBA;PCHOLPm_hs,0,1,29,20
FBA;PDE4,1,0,28,21
FBA;PEPCK,0,1,29,20
FBA;PETOHMm_hs,0,1,29,20
FBA;PFK_3,2,5,27,16
FBA;PFK_4,1,1,28,20
FBA;PGI,4,3,25,18
FBA;PGMT,0,1,29,20
FBA;PGS,1,0,28,21
FBA;PIGTHRDLtm,1,0,28,21
FBA;PIter,1,0,28,21
FBA;PLMCOAPTr,0,1,29,20
FBA;PPBNGS,0,1,29,20
FBA;PPPG9tm,0,1,29,20
FBA;PPPGOm,0,1,29,20
FBA;PROSTGF2t,1,0,28,21
FBA;PROtm,1,0,28,21
FBA;PTGFS,1,0,28,21
FBA;PYK,1,0,28,21
FBA;PYRt2p,1,0,28,21
FBA;QUILSYN,0,3,29,18
FBA;R5Ptr,0,1,29,20
FBA;RPE,2,5,27,16
FBA;RPIr,0,1,29,20
FBA;RTOT4,0,1,29,20
FBA;RU5Ptr,2,3,27,18
FBA;SARCOXp,0,1,29,20
FBA;SARCStm,0,1,29,20
FBA;SARCStp,0,1,29,20
FBA;SQORm,0,1,29,20
FBA;THYMtm,0,1,29,20
FBA;TKT1,2,5,27,16
FBA;TKT2,2,5,27,16
FBA;TMDPP,0,1,29,20
FBA;TPI,0,6,29,15
FBA;TRPO2,0,3,29,18
FBA;TSULt4_3,0,1,29,20
FBA;UDPGCURtr,0,1,29,20
FBA;UDPGD,0,1,29,20
FBA;UGT1A2r,0,1,29,20
FBA;UMPtr,0,1,29,20
FBA;UPP3S,0,1,29,20
FBA;UPPDC1,0,1,29,20
FBP;HEX12,2,0,27,21
FBP;PGI,3,0,26,21
FCLTm;GLYtm,1,1,28,20
FCLTm;GTPGDPtm,0,1,29,20
FCLTm;HCO3Em,0,1,29,20
FCLTm;HCO3tm,0,1,29,20
FCLTm;Htr,0,2,29,19
FCLTm;NDP6,0,1,29,20
FCLTm;NTD3,0,1,29,20
FCLTm;PFK,0,1,29,20
FCLTm;PGI,0,1,29,20
FCLTm;PPItm,0,1,29,20
FCLTm;URIK4,0,1,29,20
FCYTOB5OXRyr;NADHtru,0,1,29,20
FCYTOB5OXRyr;NADtru,0,1,29,20
FDH;FORt2m,0,2,29,19
FDH;FTHFLm,0,2,29,19
FE2tm;GLYtm,1,1,28,20
FE2tm;GTPGDPtm,0,1,29,20
FE2tm;HCO3Em,0,1,29,20
FE2tm;HCO3tm,0,1,29,20
FE2tm;Htr,0,2,29,19
FE2tm;NDP6,0,1,29,20
FE2tm;NTD3,0,1,29,20
FE2tm;PFK,0,1,29,20
FE2tm;PGI,0,1,29,20
FE2tm;PPItm,0,1,29,20
FE2tm;URIK4,0,1,29,20
FK;G6Pt6er,1,0,28,21
FKYNH;ARTFR12,0,1,29,20
FKYNH;G12MT1,0,1,29,20
FKYNH;G12MT2,0,1,29,20
FKYNH;G13MT,0,1,29,20
FKYNH;G16MT,0,1,29,20
FKYNH;G6PPer,0,1,29,20
FKYNH;GALU,1,1,28,20
FKYNH;GAPD,0,2,29,19
FKYNH;GF6PTA,1,1,28,20
FKYNH;GLCMter,0,1,29,20
FKYNH;GLCNACPT,0,1,29,20
FKYNH;GLCNACT,0,1,29,20
FKYNH;GLCter,0,1,29,20
FKYNH;GLNt4,0,1,29,20
FKYNH;GLUDym,0,1,29,20
FKYNH;GPAT,1,0,28,21
FKYNH;H2Otg,0,1,29,20
FKYNH;HEX12,0,2,29,19
FKYNH;Htg,0,1,29,20
FKYNH;Htr,0,1,29,20
FKYNH;M1316Mg,0,1,29,20
FKYNH;M13N2Tg,0,1,29,20
FKYNH;M14NTg,0,1,29,20
FKYNH;M16NTg,0,1,29,20
FKYNH;M4MPDOL_ter,0,1,29,20
FKYNH;M7MASNBterg,0,1,29,20
FKYNH;MAN1PT2,0,1,29,20
FKYNH;MAN6PI,0,1,29,20
FKYNH;MANter,0,1,29,20
FKYNH;MANtg,0,1,29,20
FKYNH;MG1er,0,1,29,20
FKYNH;MG2er,0,1,29,20
FKYNH;MG3er,0,1,29,20
FKYNH;MM5bg,0,1,29,20
FKYNH;MM6B1ag,0,1,29,20
FKYNH;MM7B1g,0,1,29,20
FKYNH;MM8Ber,0,1,29,20
FKYNH;N2M2NMASNt,0,1,29,20
FKYNH;NDP7g,0,1,29,20
FKYNH;OAADC,0,1,29,20
FKYNH;PFK,0,3,29,18
FKYNH;PGI,0,1,29,20
FKYNH;PGK,0,3,29,18
FKYNH;PGM,0,2,29,19
FKYNH;PGMT,1,1,28,20
FKYNH;PIGTHRDLtm,0,1,29,20
FKYNH;PIt2m_2,1,0,28,21
FKYNH;PItg,0,1,29,20
FKYNH;PLMCOAPTr,0,1,29,20
FKYNH;PMANM,0,1,29,20
FKYNH;PYK7,0,1,29,20
FKYNH;THBPT4ACAMDASE,0,1,29,20
FKYNH;TPI,0,3,29,18
FKYNH;TRPHYDRO2,0,1,29,20
FKYNH;UAGDP,1,1,28,20
FKYNH;UDPDOLPT,0,1,29,20
FKYNH;UGLCNACtg,0,1,29,20
FMNALKPle;GAPD,1,0,28,21
FMNALKPle;PGK,1,0,28,21
FMNALKPle;PGM,1,0,28,21
FMNALKPle;TPI,1,0,28,21
FMNAT;GAPD,1,0,28,21
FMNAT;PGK,1,0,28,21
FMNAT;PGM,1,0,28,21
FMNAT;TPI,1,0,28,21
FOLt2;O2t,0,1,29,20
FOLtm;GLUt2m,1,0,28,21
FOLtm;ICDHyrm,1,0,28,21
FOLtm;ITCOALm,1,0,28,21
FOLtm;MALTSULtm,1,0,28,21
FOLtm;NH4tm,1,0,28,21
FOLtm;OXALSUCCCLm,1,0,28,21
FOLtm;PYRtm,1,0,28,21
FOLtm;SQORm,1,0,28,21
FOLtm;TSULt4_3,1,0,28,21
FTCD;GHMT2r,0,1,29,20
FTCD;GHMT2rm,0,1,29,20
FTCD;MTHFCm,0,1,29,20
FTCD;MTHFD2,0,1,29,20
FTCD;MTHFDm,0,1,29,20
FTCD;SERTm,0,1,29,20
FUCASEly;G6Pt6er,1,0,28,21
FUCtly;G6Pt6er,1,0,28,21
FUM;FUMMALtm,1,0,28,21
FUM;FUMTSULtm,1,0,28,21
FUM;FUMm,5,0,24,21
FUM;PYRtm,1,0,28,21
FUM;SQORm,1,0,28,21
FUM;TSULt4_3,1,0,28,21
FUMSUCCtm;NMNS,1,0,28,21
FUMTSULtm;NMNS,1,0,28,21
G12MT1;G6Pt6er,3,0,26,21
G12MT1;HKYNH,0,1,29,20
G12MT1;KYN3OX,0,1,29,20
G12MT1;NNDPR,0,1,29,20
G12MT1;QUILSYN,0,1,29,20
G12MT1;TRPO2,0,1,29,20
G12MT2;G6Pt6er,3,0,26,21
G12MT2;HKYNH,0,1,29,20
G12MT2;KYN3OX,0,1,29,20
G12MT2;NNDPR,0,1,29,20
G12MT2;QUILSYN,0,1,29,20
G12MT2;TRPO2,0,1,29,20
G13MT;G6Pt6er,3,0,26,21
G13MT;HKYNH,0,1,29,20
G13MT;KYN3OX,0,1,29,20
G13MT;NNDPR,0,1,29,20
G13MT;QUILSYN,0,1,29,20
G13MT;TRPO2,0,1,29,20
G14Tg;G6Pt6er,1,0,28,21
G16MT;G6Pt6er,3,0,26,21
G16MT;HKYNH,0,1,29,20
G16MT;KYN3OX,0,1,29,20
G16MT;NNDPR,0,1,29,20
G16MT;QUILSYN,0,1,29,20
G16MT;TRPO2,0,1,29,20
G3PD1;GLYALDORy,4,0,25,21
G3PD1;GLYC3Ptmc,1,0,28,21
G3PD1;GLYCtm,1,0,28,21
G3PD1;GLYK,3,0,26,21
G3PD1;GLYKm,1,0,28,21
G3PD1;KHK,4,0,25,21
G3PD1;NADPHtxu,1,0,28,21
G3PD1;NADPtxu,1,0,28,21
G3PD1;PLA2,1,0,28,21
G3PD1;R_group_phosphotase_1,1,0,28,21
G3PD1;Rtotalcoatx,1,0,28,21
G3PD1;Rtotaltp,1,0,28,21
G3PD1;SBTD_D2,4,0,25,21
G3PD1;SBTR,4,0,25,21
G5SADr;GACMTRc,1,0,28,21
G5SADr;GLUDym,1,0,28,21
G5SADr;GLYAMDTRc,1,0,28,21
G5SADr;Htm,1,0,28,21
G5SADr;MMSAD3m,1,0,28,21
G5SADr;NH4tm,1,0,28,21
G6PDH2r;PGI,1,0,28,21
G6PPer;HKYNH,0,1,29,20
G6PPer;KYN3OX,0,1,29,20
G6PPer;NNDPR,0,1,29,20
G6PPer;PFK,0,1,29,20
G6PPer;PGI,0,1,29,20
G6PPer;PPA,0,1,29,20
G6PPer;PPIPItr,4,4,25,17
G6PPer;QUILSYN,0,1,29,20
G6PPer;SBT_Dtde,0,1,29,20
G6PPer;TRPO2,0,1,29,20
G6Pt6er;GALASE1ly,1,0,28,21
G6Pt6er;GALGLUSIDEtg,2,0,27,21
G6Pt6er;GALGLUSIDEtr,2,0,27,21
G6Pt6er;GALK,1,0,28,21
G6Pt6er;GALM2,2,0,27,21
G6Pt6er;GALU,3,0,26,21
G6Pt6er;GALtly,1,0,28,21
G6Pt6er;GASNASE2ly,1,0,28,21
G6Pt6er;GASNASEly,1,0,28,21
G6Pt6er;GDPFUCtg,1,0,28,21
G6Pt6er;GDPtg,1,0,28,21
G6Pt6er;GF6PTA,3,0,26,21
G6Pt6er;GLCNACPT,3,0,26,21
G6Pt6er;GLCNACT,3,0,26,21
G6Pt6er;GMPtg,1,0,28,21
G6Pt6er;H2Otg,3,0,26,21
G6Pt6er;H2Otly,2,0,27,21
G6Pt6er;HEX16,1,0,28,21
G6Pt6er;Htg,3,0,26,21
G6Pt6er;M1316Mg,2,0,27,21
G6Pt6er;M13N2Tg,3,0,26,21
G6Pt6er;M14NTg,1,0,28,21
G6Pt6er;M16NTg,2,0,27,21
G6Pt6er;M4MPDOL_ter,3,0,26,21
G6Pt6er;M8MASNterg,3,0,26,21
G6Pt6er;MAN1PT2,3,0,26,21
G6Pt6er;MAN6PI,2,0,27,21
G6Pt6er;MANtg,3,0,26,21
G6Pt6er;MANtly,2,0,27,21
G6Pt6er;MG1er,3,0,26,21
G6Pt6er;MG2er,3,0,26,21
G6Pt6er;MG3er,3,0,26,21
G6Pt6er;MM5ag,3,0,26,21
G6Pt6er;MM6bg,3,0,26,21
G6Pt6er;MM7Cag,3,0,26,21
G6Pt6er;MM8Ag,3,0,26,21
G6Pt6er;N2M2NMASNt,1,0,28,21
G6Pt6er;N2M2NMASNtly,1,0,28,21
G6Pt6er;NDP7er,2,0,27,21
G6Pt6er;NDP7g,3,0,26,21
G6Pt6er;NH4tr,4,0,25,21
G6Pt6er;PAPStg,1,0,28,21
G6Pt6er;PAPtg,1,0,28,21
G6Pt6er;PEPCK,1,0,28,21
G6Pt6er;PGI,3,0,26,21
G6Pt6er;PGMT,1,0,28,21
G6Pt6er;PIt2m_2,1,0,28,21
G6Pt6er;PIter,4,0,25,21
G6Pt6er;PItg,3,0,26,21
G6Pt6er;PMANM,3,0,26,21
G6Pt6er;S26Tg,1,0,28,21
G6Pt6er;S2L2FN2M2MASNt,1,0,28,21
G6Pt6er;S2L2FN2M2MASNtly,1,0,28,21
G6Pt6er;SADT,1,0,28,21
G6Pt6er;SIAASEly,1,0,28,21
G6Pt6er;SO4tl,1,0,28,21
G6Pt6er;UAGDP,3,0,26,21
G6Pt6er;UDPDOLPT,3,0,26,21
G6Pt6er;UDPG4E,2,0,27,21
G6Pt6er;UDPGALt2r,2,0,27,21
G6Pt6er;UDPGALtg,2,0,27,21
G6Pt6er;UDPGGPGTr,2,0,27,21
G6Pt6er;UGCGc,2,0,27,21
G6Pt6er;UGLCNACtg,3,0,26,21
G6Pt6er;UGLT,1,0,28,21
G6Pt6er;UMPtr,2,0,27,21
G6Pter;ARTFR41,1,0,28,21
G6Pter;GAPD,1,0,28,21
G6Pter;GTHOm,1,0,28,21
G6Pter;GTHPm,1,0,28,21
G6Pter;H2O2tm,1,0,28,21
G6Pter;H2O2tp,1,0,28,21
G6Pter;HACD201,2,0,27,21
G6Pter;HACD221,2,0,27,21
G6Pter;HACD241,2,0,27,21
G6Pter;HEX12,2,2,27,19
G6Pter;HSD201,2,0,27,21
G6Pter;HSD221,2,0,27,21
G6Pter;HSD241,2,0,27,21
G6Pter;Htx,1,0,28,21
G6Pter;LACLt,1,0,28,21
G6Pter;LDH_Lp,1,0,28,21
G6Pter;NMNS,1,0,28,21
G6Pter;NRVNCCOAtr,2,0,27,21
G6Pter;NRVNCCOAtxc,2,0,27,21
G6Pter;NTD6,1,0,28,21
G6Pter;O2tp,2,0,27,21
G6Pter;PGK,1,0,28,21
G6Pter;PGM,1,0,28,21
G6Pter;PGS,2,0,27,21
G6Pter;PLMCOAPTr,1,0,28,21
G6Pter;PPA,3,3,26,18
G6Pter;PPM2,1,0,28,21
G6Pter;PRISTANALtx,1,0,28,21
G6Pter;PRISTtx,1,0,28,21
G6Pter;PROSTGF2t,2,0,27,21
G6Pter;PTGFS,2,0,27,21
G6Pter;PUNP2,1,0,28,21
G6Pter;PYRt2p,1,0,28,21
G6Pter;RTOT4,1,0,28,21
G6Pter;SE10,1,0,28,21
G6Pter;SOAT6,1,0,28,21
G6Pter;TECR201,2,0,27,21
G6Pter;TECR221,2,0,27,21
G6Pter;TECR241,2,0,27,21
GACMTRc;GLU5SAtmc,1,0,28,21
GACMTRc;METOX,0,1,29,20
GACMTRc;ORNTArm,1,0,28,21
GACMTRc;PPItm,1,0,28,21
GACMTRc;PTRCtm,1,0,28,21
GACMTRc;UREAt,2,0,27,21
GACMTRc;UREAtm,1,0,28,21
GALGLUSIDEtg;GAPD,1,0,28,21
GALGLUSIDEtg;PDHa,1,0,28,21
GALGLUSIDEtg;PDHbr,1,0,28,21
GALGLUSIDEtg;PGK,1,0,28,21
GALGLUSIDEtg;PGM,1,0,28,21
GALGLUSIDEtg;PYK7,1,0,28,21
GALGLUSIDEtg;PYRtm,1,0,28,21
GALGLUSIDEtg;TPI,1,0,28,21
GALGLUSIDEtr;GAPD,1,0,28,21
GALGLUSIDEtr;PDHa,1,0,28,21
GALGLUSIDEtr;PDHbr,1,0,28,21
GALGLUSIDEtr;PGK,1,0,28,21
GALGLUSIDEtr;PGM,1,0,28,21
GALGLUSIDEtr;PYK7,1,0,28,21
GALGLUSIDEtr;PYRtm,1,0,28,21
GALGLUSIDEtr;TPI,1,0,28,21
GALK;HEX12,1,0,28,21
GALK;PEPCK,1,0,28,21
GALK;R5Ptr,1,0,28,21
GALK;RPIr,1,0,28,21
GALK;RU5Ptr,1,0,28,21
GALM2;HEX12,1,0,28,21
GALM2;PEPCK,1,0,28,21
GALM2;R5Ptr,1,0,28,21
GALM2;RPIr,1,0,28,21
GALM2;RU5Ptr,1,0,28,21
GALNTg;PYK2,1,0,28,21
GALU;ARTFR42,1,0,28,21
GALU;GLYtm,1,0,28,21
GALU;GTPGDPtm,0,1,29,20
GALU;GUACYC,1,0,28,21
GALU;H2Oter,1,0,28,21
GALU;HCO3Em,0,1,29,20
GALU;HCO3tm,0,1,29,20
GALU;HEX12,2,0,27,21
GALU;HKYNH,0,1,29,20
GALU;Htr,1,0,28,21
GALU;KCC2t,0,1,29,20
GALU;KYN3OX,0,1,29,20
GALU;KYNAKGAT,1,0,28,21
GALU;KYNATESYN,1,0,28,21
GALU;KYNATEtr,1,0,28,21
GALU;LAC_Ltx,1,0,28,21
GALU;LDH_Lp,1,0,28,21
GALU;NADH2_u10m,1,0,28,21
GALU;NDP6,0,1,29,20
GALU;NNDPR,0,1,29,20
GALU;NRVNCCOAtxc,1,0,28,21
GALU;NTD3,0,1,29,20
GALU;O2tp,1,0,28,21
GALU;OCDE9ECOAtr,1,0,28,21
GALU;P5CDm,1,0,28,21
GALU;PDE4,1,0,28,21
GALU;PDHa,1,0,28,21
GALU;PDHbr,1,0,28,21
GALU;PFK,0,1,29,20
GALU;PGAM1_PhosHydro,0,1,29,20
GALU;PGI,0,1,29,20
GALU;PGS,1,0,28,21
GALU;PIGTHRDLtm,1,0,28,21
GALU;PIt7,1,0,28,21
GALU;PIter,1,0,28,21
GALU;PPAer,2,0,27,21
GALU;PPIPItr,2,0,27,21
GALU;PPItm,0,1,29,20
GALU;PROSTGF2t,1,0,28,21
GALU;PROtm,1,0,28,21
GALU;PTGFS,1,0,28,21
GALU;PYK2,1,0,28,21
GALU;PYK7,1,0,28,21
GALU;PYRAKGte,1,0,28,21
GALU;PYRt2p,1,0,28,21
GALU;PYRtm,1,0,28,21
GALU;QUILSYN,0,1,29,20
GALU;R5Ptr,9,7,20,14
GALU;RPIr,9,7,20,14
GALU;RU5Ptr,9,7,20,14
GALU;TRPO2,1,1,28,20
GALU;URIK4,0,1,29,20
GAPD;ARTFR41,1,0,28,21
GAPD;GLUDym,0,2,29,19
GAPD;GLUt2m,0,1,29,20
GAPD;GTHOm,0,1,29,20
GAPD;GTHPm,0,1,29,20
GAPD;H2O2tm,0,1,29,20
GAPD;H2Otg,1,0,28,21
GAPD;H2Otm,0,1,29,20
GAPD;HCO3E,0,1,29,20
GAPD;HKYNH,0,2,29,19
GAPD;Htg,1,0,28,21
GAPD;ICITCITtm,0,1,29,20
GAPD;KCC2t,0,1,29,20
GAPD;KYN3OX,0,2,29,19
GAPD;MALTSULtm,1,3,28,18
GAPD;MDH,1,0,28,21
GAPD;NACDe,0,1,29,20
GAPD;NACPRT,0,1,29,20
GAPD;NCAMDe,0,1,29,20
GAPD;NDP7er,1,0,28,21
GAPD;NDP7g,1,0,28,21
GAPD;NDPK2,0,1,29,20
GAPD;NDPK8,0,5,29,16
GAPD;NH4tm,0,2,29,19
GAPD;NMNDA,0,1,29,20
GAPD;NMNS,0,1,29,20
GAPD;NNDPR,0,2,29,19
GAPD;O2t,1,0,28,21
GAPD;PEPCK,5,1,24,20
GAPD;PGI,1,0,28,21
GAPD;PIGTHRDLtm,0,1,29,20
GAPD;PIMALtm,0,1,29,20
GAPD;PIt2m_2,4,0,25,21
GAPD;PItg,1,0,28,21
GAPD;PLMCOAPTr,1,0,28,21
GAPD;PYK,2,0,27,21
GAPD;PYRtm,0,3,29,18
GAPD;QUILSYN,0,2,29,19
GAPD;R5Ptr,1,0,28,21
GAPD;RBFK,1,0,28,21
GAPD;RIBFLVt6,1,0,28,21
GAPD;RPIr,1,0,28,21
GAPD;RTOT4,1,0,28,21
GAPD;RU5Ptr,1,0,28,21
GAPD;SO4AKGtm,0,1,29,20
GAPD;SO4MALtm,0,1,29,20
GAPD;SQORm,1,3,28,18
GAPD;THFtm,0,1,29,20
GAPD;THYMtm,1,0,28,21
GAPD;TPI,1,5,28,16
GAPD;TRPO2,0,2,29,19
GAPD;TSULt4_3,1,3,28,18
GAPD;UDPG4E,1,0,28,21
GAPD;UDPGALt2r,1,0,28,21
GAPD;UDPGALtg,1,0,28,21
GAPD;UDPGGPGTr,1,0,28,21
GAPD;UGCGc,1,0,28,21
GAPD;UMPtr,1,0,28,21
GCALDD;GLUDym,3,0,26,21
GCALDD;GLYOp,0,1,29,20
GCALDD;GLYtp,0,1,29,20
GCALDD;H2Otp,0,1,29,20
GCALDD;NH4tm,3,0,26,21
GCALDD;NH4tp,0,1,29,20
GCALDD;TRDR,2,0,27,21
GCCam;MTHFC,1,0,28,21
GCCam;MTHFD2,1,0,28,21
GCCbim;MTHFC,1,0,28,21
GCCbim;MTHFD2,1,0,28,21
GCCcm;MTHFC,1,0,28,21
GCCcm;MTHFD2,1,0,28,21
GF6PTA;H2Oter,1,0,28,21
GF6PTA;HEX12,1,0,28,21
GF6PTA;HKYNH,0,1,29,20
GF6PTA;Htr,1,0,28,21
GF6PTA;KCC2t,0,1,29,20
GF6PTA;KYN3OX,0,1,29,20
GF6PTA;KYNAKGAT,1,0,28,21
GF6PTA;KYNATESYN,1,0,28,21
GF6PTA;KYNATEtr,1,0,28,21
GF6PTA;NADH2_u10m,1,0,28,21
GF6PTA;NNDPR,0,1,29,20
GF6PTA;P5CDm,1,0,28,21
GF6PTA;PDHa,1,0,28,21
GF6PTA;PDHbr,1,0,28,21
GF6PTA;PIGTHRDLtm,1,0,28,21
GF6PTA;PIt7,1,0,28,21
GF6PTA;PROtm,1,0,28,21
GF6PTA;PYK2,1,0,28,21
GF6PTA;PYK7,1,0,28,21
GF6PTA;PYRAKGte,1,0,28,21
GF6PTA;PYRtm,1,0,28,21
GF6PTA;QUILSYN,0,1,29,20
GF6PTA;R5Ptr,9,7,20,14
GF6PTA;RPIr,9,7,20,14
GF6PTA;RU5Ptr,9,7,20,14
GF6PTA;TRPO2,1,1,28,20
GHMT2r;GluForTx,0,1,29,20
GHMT2r;HISD,0,1,29,20
GHMT2r;IZPN,0,1,29,20
GHMT2r;MTHFD2,0,1,29,20
GHMT2r;URCN,0,1,29,20
GHMT2rm;GLUDym,0,1,29,20
GHMT2rm;GluForTx,0,1,29,20
GHMT2rm;HISD,0,1,29,20
GHMT2rm;IZPN,0,1,29,20
GHMT2rm;MTHFC,0,5,29,16
GHMT2rm;MTHFD,0,3,29,18
GHMT2rm;MTHFD2,0,1,29,20
GHMT2rm;THFtm,0,1,29,20
GHMT2rm;URCN,0,1,29,20
GLACter;PGAM1_PhosHydro,0,1,29,20
GLACter;PPA,1,1,28,20
GLACter;UAG2EMAi,1,0,28,21
GLCMter;HKYNH,0,1,29,20
GLCMter;KYN3OX,0,1,29,20
GLCMter;NNDPR,0,1,29,20
GLCMter;PFK,0,1,29,20
GLCMter;PGI,0,1,29,20
GLCMter;PIter,1,0,28,21
GLCMter;QUILSYN,0,1,29,20
GLCMter;SBT_Dtde,0,1,29,20
GLCMter;TRPO2,0,1,29,20
GLCNACPT;HKYNH,0,1,29,20
GLCNACPT;KYN3OX,0,1,29,20
GLCNACPT;NNDPR,0,1,29,20
GLCNACPT;QUILSYN,0,1,29,20
GLCNACPT;TRPO2,0,1,29,20
GLCNACT;HKYNH,0,1,29,20
GLCNACT;KYN3OX,0,1,29,20
GLCNACT;NNDPR,0,1,29,20
GLCNACT;QUILSYN,0,1,29,20
GLCNACT;TRPO2,0,1,29,20
GLCOASYNT;GPAT,1,0,28,21
GLCOASYNT;PIGTHRDLtm,0,1,29,20
GLCOASYNT;TRDR,2,0,27,21
GLCURter;GLYOp,0,1,29,20
GLCURter;GLYtp,0,1,29,20
GLCURter;H2Otp,0,1,29,20
GLCURter;NH4tp,0,1,29,20
GLCURter;PEPCK,1,0,28,21
GLCURter;PGAM1_PhosHydro,0,1,29,20
GLCURter;PIt2m_2,1,0,28,21
GLCURter;PPA,1,1,28,20
GLCURter;TRDR,2,0,27,21
GLCURter;UAG2EMAi,1,0,28,21
GLCURtly;UAG2EMAi,1,0,28,21
GLCt1r;GLCt4,5,15,24,6
GLCter;HEX12,3,3,26,18
GLCter;HKYNH,0,1,29,20
GLCter;KYN3OX,0,1,29,20
GLCter;NNDPR,0,1,29,20
GLCter;PFK,0,1,29,20
GLCter;QUILSYN,0,1,29,20
GLCter;TPI,1,1,28,20
GLCter;TRPO2,0,1,29,20
GLNS;GLNt4,4,3,25,18
GLNS;KCC2t,0,1,29,20
GLNt4;GLNtN1,3,7,26,14
GLNt4;HEX12,1,0,28,21
GLNt4;HKYNH,0,1,29,20
GLNt4;KYN3OX,0,1,29,20
GLNt4;NNDPR,0,1,29,20
GLNt4;P5CDm,1,1,28,20
GLNt4;QUILSYN,0,1,29,20
GLNt4;THFtm,1,0,28,21
GLNt4;TRPO2,0,1,29,20
GLNtm;THFtm,1,0,28,21
GLRASE;PGAM1_PhosHydro,0,1,29,20
GLRASE;PPA,1,1,28,20
GLRASE;UAG2EMAi,1,0,28,21
GLU5SAtmc;GLUDym,1,0,28,21
GLU5SAtmc;GLYAMDTRc,1,0,28,21
GLU5SAtmc;Htm,1,0,28,21
GLU5SAtmc;MMSAD3m,1,0,28,21
GLU5SAtmc;NH4tm,1,0,28,21
GLUDC;GLUDxm,1,0,28,21
GLUDC;GLUDym,1,0,28,21
GLUDxm;GLUDym,0,3,29,18
GLUDxm;GLUt2m,0,2,29,19
GLUDxm;GTHOm,1,0,28,21
GLUDxm;GTHPm,1,0,28,21
GLUDxm;H2O2tm,1,0,28,21
GLUDxm;HMGCOASim,0,1,29,20
GLUDxm;HPROym,0,1,29,20
GLUDxm;ITCOALm,0,1,29,20
GLUDxm;KCC2t,0,1,29,20
GLUDxm;MDRPD,0,1,29,20
GLUDxm;METAT,0,1,29,20
GLUDxm;MMMm,0,1,29,20
GLUDxm;MMTSADm,0,1,29,20
GLUDxm;MTAP,0,1,29,20
GLUDxm;MTHFC,0,1,29,20
GLUDxm;MTHFD2,0,1,29,20
GLUDxm;MTRI,0,1,29,20
GLUDxm;NADH2_u10m,1,0,28,21
GLUDxm;NH4tm,2,3,27,18
GLUDxm;O2tm,1,0,28,21
GLUDxm;OBDHc,0,1,29,20
GLUDxm;PHCDym,0,1,29,20
GLUDxm;PPCOACRNtm,0,1,29,20
GLUDxm;PROAKGOX1m,0,1,29,20
GLUDxm;PROGLUtm,0,1,29,20
GLUDxm;PROtm,0,2,29,19
GLUDxm;PYRtm,0,2,29,19
GLUDxm;SMOX,0,1,29,20
GLUDxm;SPRMS,0,1,29,20
GLUDxm;SSALym,0,1,29,20
GLUDxm;SUCOAS1m,0,1,29,20
GLUDxm;THFtm,2,0,27,21
GLUDxm;THRD_L,0,1,29,20
GLUDxm;UNK3,0,1,29,20
GLUDym;ARTFR41,0,1,29,20
GLUDym;GLXO2p,1,0,28,21
GLUDym;GLXtm,3,0,26,21
GLUDym;GLXtp,3,0,26,21
GLUDym;GLYC3Ptmc,0,1,29,20
GLUDym;GLYCLTtp,3,0,26,21
GLUDym;GLYCTO1p,3,0,26,21
GLUDym;GLYCtm,0,1,29,20
GLUDym;GLYK,0,1,29,20
GLUDym;GLYOp,1,0,28,21
GLUDym;GLYtm,1,0,28,21
GLUDym;GPAMm_hs,0,1,29,20
GLUDym;GTPGDPtm,1,0,28,21
GLUDym;GUAD,0,1,29,20
GLUDym;H2Otp,2,0,27,21
GLUDym;HACD1m,1,0,28,21
GLUDym;HCO3Em,2,0,27,21
GLUDym;HCO3tm,2,0,27,21
GLUDym;HMGL,1,0,28,21
GLUDym;HPROym,3,0,26,21
GLUDym;HPYRDC,1,0,28,21
GLUDym;HPYRtp,1,0,28,21
GLUDym;Htr,0,1,29,20
GLUDym;Htx,1,0,28,21
GLUDym;IDHPOXOX2b,1,0,28,21
GLUDym;IDHPOXOX3,1,0,28,21
GLUDym;IDHPOXOXb,1,0,28,21
GLUDym;It,1,0,28,21
GLUDym;KCC2t,0,1,29,20
GLUDym;KYNAKGAT,0,1,29,20
GLUDym;KYNATESYN,0,1,29,20
GLUDym;KYNATEtr,0,1,29,20
GLUDym;LAC_Ltx,0,1,29,20
GLUDym;LDH_L,1,1,28,20
GLUDym;LDH_Lm,2,0,27,21
GLUDym;LDH_Lp,0,1,29,20
GLUDym;LEUTA,0,1,29,20
GLUDym;LEUTAm,0,1,29,20
GLUDym;LEUt5m,0,1,29,20
GLUDym;LPS3m,0,1,29,20
GLUDym;L_LACtm,2,0,27,21
GLUDym;MALTSULtm,1,1,28,20
GLUDym;MDRPD,0,2,29,19
GLUDym;ME2m,0,1,29,20
GLUDym;METAT,0,2,29,19
GLUDym;MTAP,0,2,29,19
GLUDym;MTHFCm,0,1,29,20
GLUDym;MTHFDm,0,1,29,20
GLUDym;MTRI,0,2,29,19
GLUDym;NH4tm,0,1,29,20
GLUDym;NH4tp,1,1,28,20
GLUDym;NTD9,0,1,29,20
GLUDym;O2St,2,0,27,21
GLUDym;O2Stx,2,0,27,21
GLUDym;O2t,1,0,28,21
GLUDym;O2tp,2,0,27,21
GLUDym;OCOAT1m,1,0,28,21
GLUDym;ORNTArm,1,0,28,21
GLUDym;OXAtp,1,0,28,21
GLUDym;P5CRxm,0,1,29,20
GLUDym;PFK,1,0,28,21
GLUDym;PGI,1,0,28,21
GLUDym;PGK,0,2,29,19
GLUDym;PGM,0,2,29,19
GLUDym;PHCDm,1,0,28,21
GLUDym;PHCDym,2,0,27,21
GLUDym;PHETA1,0,1,29,20
GLUDym;PHETA1m,0,1,29,20
GLUDym;PHEt4m,0,1,29,20
GLUDym;PHPYRtm,0,1,29,20
GLUDym;PIGTHRDLtm,2,1,27,20
GLUDym;PIt2m_2,2,0,27,21
GLUDym;PLMCOAPTr,0,1,29,20
GLUDym;PPCOACRNtm,0,1,29,20
GLUDym;PPCOAtm,0,1,29,20
GLUDym;PPItm,1,0,28,21
GLUDym;PROAKGOX1m,3,0,26,21
GLUDym;PROD2m,0,1,29,20
GLUDym;PTCRTD,1,0,28,21
GLUDym;PTRCOR,1,0,28,21
GLUDym;PTRCtm,1,0,28,21
GLUDym;PUNP3,0,1,29,20
GLUDym;PYK,1,0,28,21
GLUDym;PYK7,0,2,29,19
GLUDym;PYRAKGte,0,1,29,20
GLUDym;PYRtm,3,1,26,20
GLUDym;R5Ptr,0,1,29,20
GLUDym;RPIr,0,1,29,20
GLUDym;RTOT4,0,1,29,20
GLUDym;RTOTALCRNCPT1,0,1,29,20
GLUDym;RTOTALCRNCPT2,0,1,29,20
GLUDym;RTOTALCRNt,0,1,29,20
GLUDym;RU5Ptr,0,1,29,20
GLUDym;R_group_phosphotase_1,0,1,29,20
GLUDym;Rtotaltm,0,1,29,20
GLUDym;SADT,1,0,28,21
GLUDym;SERTm,0,1,29,20
GLUDym;SERtp,1,0,28,21
GLUDym;SMOX,0,2,29,19
GLUDym;SPODMx,2,0,27,21
GLUDym;SPRMS,0,2,29,19
GLUDym;SPTx,1,0,28,21
GLUDym;SQORm,1,1,28,20
GLUDym;SUCCACONtm,2,0,27,21
GLUDym;SUCCICITtm,1,0,28,21
GLUDym;SUCOAS1m,1,0,28,21
GLUDym;THFtm,1,1,28,20
GLUDym;THYPX,1,0,28,21
GLUDym;THYRIDHD,1,0,28,21
GLUDym;THYST,1,0,28,21
GLUDym;TPI,1,2,28,19
GLUDym;TRPO2,0,1,29,20
GLUDym;TSULt4_3,1,1,28,20
GLUDym;TYROX,1,0,28,21
GLUDym;TYRTA,1,0,28,21
GLUDym;UNK3,0,2,29,19
GLUDym;URATEtx,0,1,29,20
GLUDym;UREAt,1,0,28,21
GLUDym;UREAtm,1,0,28,21
GLUDym;XANDp,0,1,29,20
GLUDym;XANtx,0,1,29,20
GLUt2m;HEX12,1,0,28,21
GLUt2m;MDH,0,1,29,20
GLUt2m;NH4tm,0,1,29,20
GLUt2m;OAADC,0,1,29,20
GLUt2m;P5CDm,1,4,28,17
GLUt2m;PCRNtm,1,0,28,21
GLUt2m;PGK,0,1,29,20
GLUt2m;PGM,0,1,29,20
GLUt2m;PIt2m_2,1,0,28,21
GLUt2m;PRO1xm,0,1,29,20
GLUt2m;PROtm,1,5,28,16
GLUt2m;PYK2,1,0,28,21
GLUt2m;PYK7,0,1,29,20
GLUt2m;THFtm,1,0,28,21
GLUt2m;TPI,0,1,29,20
GLXO2p;NKCCt,0,1,29,20
GLXO2p;NTD7,1,0,28,21
GLXO2p;TRDR,2,0,27,21
GLXtm;HCO3Em,0,1,29,20
GLXtm;HCO3tm,0,1,29,20
GLXtm;Htr,0,2,29,19
GLXtm;NDP6,0,1,29,20
GLXtm;NH4tm,4,0,25,21
GLXtm;NTD3,0,1,29,20
GLXtm;PFK,0,1,29,20
GLXtm;PGI,0,1,29,20
GLXtm;THFtm,1,0,28,21
GLXtm;URIK4,0,1,29,20
GLXtp;HCO3Em,0,1,29,20
GLXtp;HCO3tm,0,1,29,20
GLXtp;Htr,0,2,29,19
GLXtp;NDP6,0,1,29,20
GLXtp;NH4tm,4,0,25,21
GLXtp;NTD3,0,1,29,20
GLXtp;PFK,0,1,29,20
GLXtp;PGI,0,1,29,20
GLXtp;THFtm,1,0,28,21
GLXtp;URIK4,0,1,29,20
GLYAMDTRc;METOX,0,1,29,20
GLYAMDTRc;ORNTArm,1,0,28,21
GLYAMDTRc;PPItm,1,0,28,21
GLYAMDTRc;PTRCtm,1,0,28,21
GLYAMDTRc;UREAt,2,0,27,21
GLYAMDTRc;UREAtm,1,0,28,21
GLYATm;HACD1m,2,0,27,21
GLYATm;PPCOACRNtm,1,0,28,21
GLYATm;PPItm,1,0,28,21
GLYATm;TTDCPT1,1,0,28,21
GLYATm;TTDCPT2,1,0,28,21
GLYATm;TTDCRNt,1,0,28,21
GLYBtm;GLYtp,0,1,29,20
GLYBtm;Htr,0,1,29,20
GLYBtm;LHCYSTIN,2,0,27,21
GLYBtm;LHCYSTINt,2,0,27,21
GLYBtm;MTHFC,1,1,28,20
GLYBtm;MTHFD2,1,1,28,20
GLYBtm;NTD7,6,0,23,21
GLYBtm;PFK,0,1,29,20
GLYBtm;PGI,0,1,29,20
GLYC3Ptmc;ARTFR13,0,2,29,19
GLYC3Ptmc;ARTFR42,0,2,29,19
GLYC3Ptmc;GPAM_hs,0,4,29,17
GLYC3Ptmc;HACD180,0,2,29,19
GLYC3Ptmc;HSD180,0,2,29,19
GLYC3Ptmc;KCC2t,0,1,29,20
GLYC3Ptmc;MALCOAMT,0,2,29,19
GLYC3Ptmc;MALCOAMTr,0,2,29,19
GLYC3Ptmc;NH4tm,0,3,29,18
GLYC3Ptmc;OCDE9ECOAtr,0,2,29,19
GLYC3Ptmc;PE_HStm,1,0,28,21
GLYC3Ptmc;PIMALtm,0,1,29,20
GLYC3Ptmc;PPAPA,0,4,29,17
GLYC3Ptmc;PPCOAtm,0,1,29,20
GLYC3Ptmc;PROtm,0,2,29,19
GLYC3Ptmc;PSDm_hs,1,0,28,21
GLYC3Ptmc;PSFLIPm,1,0,28,21
GLYC3Ptmc;RTOT1,0,1,29,20
GLYC3Ptmc;RTOT4,0,1,29,20
GLYC3Ptmc;SO3AKGtm,0,1,29,20
GLYC3Ptmc;SO3MALtm,0,1,29,20
GLYC3Ptmc;SUCCICITtm,0,1,29,20
GLYC3Ptmc;TECR180,0,2,29,19
GLYCK2;PEPCK,1,0,28,21
GLYCLTtp;GLYOp,0,1,29,20
GLYCLTtp;GLYtp,0,1,29,20
GLYCLTtp;H2Otp,0,1,29,20
GLYCLTtp;NH4tm,3,0,26,21
GLYCLTtp;NH4tp,0,1,29,20
GLYCLTtp;TRDR,2,0,27,21
GLYCTO1p;GLYOp,0,1,29,20
GLYCTO1p;GLYtp,0,1,29,20
GLYCTO1p;H2Otp,0,1,29,20
GLYCTO1p;NH4tm,3,0,26,21
GLYCTO1p;NH4tp,0,1,29,20
GLYCTO1p;TRDR,2,0,27,21
GLYCt;NH4tm,0,2,29,19
GLYCt;PFK,0,1,29,20
GLYCt;PGI,0,1,29,20
GLYCt;PPCOAtm,0,1,29,20
GLYCtm;KCC2t,0,1,29,20
GLYCtm;NH4tm,0,3,29,18
GLYCtm;PE_HStm,1,0,28,21
GLYCtm;PPCOAtm,0,1,29,20
GLYCtm;PROtm,0,1,29,20
GLYCtm;PSDm_hs,1,0,28,21
GLYCtm;PSFLIPm,1,0,28,21
GLYK;KCC2t,0,1,29,20
GLYK;NH4tm,0,1,29,20
GLYK;PROtm,0,1,29,20
GLYKm;PE_HStm,1,0,28,21
GLYKm;PSDm_hs,1,0,28,21
GLYKm;PSFLIPm,1,0,28,21
GLYOp;GULN3D,0,1,29,20
GLYOp;GULNDer,0,1,29,20
GLYOp;GULNter,0,1,29,20
GLYOp;HCO3Em,0,1,29,20
GLYOp;HCO3tm,0,1,29,20
GLYOp;Htr,0,1,29,20
GLYOp;INOSTO,0,1,29,20
GLYOp;KHK2,0,1,29,20
GLYOp;LHCYSTIN,1,0,28,21
GLYOp;LHCYSTINt,1,0,28,21
GLYOp;NH4tm,1,0,28,21
GLYOp;NKCCt,0,1,29,20
GLYOp;NTD7,1,0,28,21
GLYOp;PFK,0,1,29,20
GLYOp;PGI,0,1,29,20
GLYOp;THFtm,1,0,28,21
GLYOp;XYLTD_Dr,0,1,29,20
GLYOp;XYLURx,0,1,29,20
GLYt2r;THRA,1,0,28,21
GLYtm;HCO3Em,0,1,29,20
GLYtm;HCO3tm,0,1,29,20
GLYtm;HMBS,1,1,28,20
GLYtm;HOXG,1,1,28,20
GLYtm;HPROxm,0,1,29,20
GLYtm;HPROym,1,0,28,21
GLYtm;MMMm,0,1,29,20
GLYtm;MMTSADm,0,1,29,20
GLYtm;MTHFC,1,0,28,21
GLYtm;MTHFD2,1,0,28,21
GLYtm;NDP7er,1,0,28,21
GLYtm;NH4tm,2,0,27,21
GLYtm;OCOAT1m,0,1,29,20
GLYtm;PGMT,1,0,28,21
GLYtm;PHCDym,1,1,28,20
GLYtm;PHEMEtm,1,0,28,21
GLYtm;PPBNGS,1,1,28,20
GLYtm;PPCOACRNtm,0,1,29,20
GLYtm;PPItm,0,1,29,20
GLYtm;PPPG9tm,1,1,28,20
GLYtm;PPPGOm,1,1,28,20
GLYtm;PROAKGOX1m,1,1,28,20
GLYtm;PROtm,1,0,28,21
GLYtm;PYRtm,1,0,28,21
GLYtm;SUCOASm,1,0,28,21
GLYtm;THFtm,1,0,28,21
GLYtm;TTDCPT1,0,1,29,20
GLYtm;TTDCPT2,0,1,29,20
GLYtm;TTDCRNt,0,1,29,20
GLYtm;UDPGCURtr,1,0,28,21
GLYtm;UDPGD,1,0,28,21
GLYtm;UGT1A2r,1,0,28,21
GLYtm;UMPtr,1,0,28,21
GLYtm;UPP3S,1,1,28,20
GLYtm;UPPDC1,1,1,28,20
GLYtp;GULN3D,0,1,29,20
GLYtp;GULNDer,0,1,29,20
GLYtp;GULNter,0,1,29,20
GLYtp;HCO3Em,0,1,29,20
GLYtp;HCO3tm,0,1,29,20
GLYtp;INOSTO,0,1,29,20
GLYtp;KHK2,0,1,29,20
GLYtp;NKCCt,0,1,29,20
GLYtp;NTD7,3,0,26,21
GLYtp;PCHOLPm_hs,0,1,29,20
GLYtp;PETOHMm_hs,0,1,29,20
GLYtp;SARCOXp,0,1,29,20
GLYtp;SARCStm,0,1,29,20
GLYtp;SARCStp,0,1,29,20
GLYtp;THFtm,1,0,28,21
GLYtp;XYLTD_Dr,0,1,29,20
GLYtp;XYLURx,0,1,29,20
GND;PGI,1,0,28,21
GPAM_hs;GPAMm_hs,0,9,29,12
GPAM_hs;PPCOACRNtm,0,1,29,20
GPAM_hs;PPItm,0,1,29,20
GPAM_hs;RTOTALCRNCPT1,0,5,29,16
GPAM_hs;RTOTALCRNCPT2,0,5,29,16
GPAM_hs;RTOTALCRNt,0,5,29,16
GPAMm_hs;ARTFR13,0,4,29,17
GPAMm_hs;ARTFR42,0,3,29,18
GPAMm_hs;ARTFR43,0,1,29,20
GPAMm_hs;HACD180,0,3,29,18
GPAMm_hs;HACD181,0,1,29,20
GPAMm_hs;HSD180,0,3,29,18
GPAMm_hs;HSD181,0,1,29,20
GPAMm_hs;KCC2t,0,1,29,20
GPAMm_hs;MALCOAMT,0,4,29,17
GPAMm_hs;MALCOAMTr,0,4,29,17
GPAMm_hs;NH4tm,0,3,29,18
GPAMm_hs;OCDE9ECOAtr,0,2,29,19
GPAMm_hs;OCTD11ECOAtr,0,1,29,20
GPAMm_hs;PIMALtm,0,1,29,20
GPAMm_hs;PPAPA,0,8,29,13
GPAMm_hs;PPCOAtm,0,1,29,20
GPAMm_hs;PROtm,0,2,29,19
GPAMm_hs;RTOT1,0,2,29,19
GPAMm_hs;RTOT4,0,2,29,19
GPAMm_hs;SO3AKGtm,0,1,29,20
GPAMm_hs;SO3MALtm,0,1,29,20
GPAMm_hs;SUCCICITtm,0,1,29,20
GPAMm_hs;TECR180,0,3,29,18
GPAMm_hs;TECR181,0,1,29,20
GPAMm_hs;TTDCAFATPc,0,2,29,19
GPAMm_hs;TTDCAtr,0,2,29,19
GPAT;ARTFR41,0,1,29,20
GPAT;HKYNH,1,0,28,21
GPAT;KYN3OX,1,0,28,21
GPAT;MDRPD,0,1,29,20
GPAT;METAT,0,1,29,20
GPAT;METDECARc,1,0,28,21
GPAT;METTRANSc,1,0,28,21
GPAT;MTAP,0,1,29,20
GPAT;MTRI,0,1,29,20
GPAT;NH4tm,0,1,29,20
GPAT;OBDHm,0,1,29,20
GPAT;OXOADLR,1,0,28,21
GPAT;PCLAD,1,0,28,21
GPAT;PPCOAOm,0,1,29,20
GPAT;PROGLUtm,0,1,29,20
GPAT;PROtm,0,2,29,19
GPAT;PRPNCOAHYDm,0,1,29,20
GPAT;RTOT4,1,1,28,20
GPAT;SMOX,0,1,29,20
GPAT;SPRMS,0,1,29,20
GPAT;TD2GLTRCOAm,1,0,28,21
GPAT;THRD_L,0,1,29,20
GPAT;TRPO2,1,0,28,21
GPAT;UNK3,0,1,29,20
GPATm;THFtm,1,0,28,21
GPCCPDE2;PE_HStm,1,0,28,21
GPCCPDE2;PSDm_hs,1,0,28,21
GPCCPDE2;PSFLIPm,1,0,28,21
GSADHm;Htm,1,0,28,21
GSADHm;MMSAD3m,1,0,28,21
GTHOm;IDHPOXOX2b,1,0,28,21
GTHOm;IDHPOXOX3,1,0,28,21
GTHOm;IDHPOXOXb,1,0,28,21
GTHOm;It,1,0,28,21
GTHOm;O2t,1,0,28,21
GTHOm;PGK,0,1,29,20
GTHOm;PGM,0,1,29,20
GTHOm;PPAm,1,0,28,21
GTHOm;PYK,1,0,28,21
GTHOm;PYK7,0,1,29,20
GTHOm;THYOXt2,1,0,28,21
GTHOm;THYPX,1,0,28,21
GTHOm;THYRIDHD,1,0,28,21
GTHOm;TPI,0,1,29,20
GTHOm;TRDR,1,0,28,21
GTHP;IDHPOXOX2b,0,1,29,20
GTHP;IDHPOXOX3,0,1,29,20
GTHP;IDHPOXOXb,0,1,29,20
GTHP;It,0,1,29,20
GTHP;THYPX,0,1,29,20
GTHP;THYRDI,0,1,29,20
GTHP;THYRDI2,0,1,29,20
GTHPm;IDHPOXOX2b,1,0,28,21
GTHPm;IDHPOXOX3,1,0,28,21
GTHPm;IDHPOXOXb,1,0,28,21
GTHPm;It,1,0,28,21
GTHPm;O2t,1,0,28,21
GTHPm;PGK,0,1,29,20
GTHPm;PGM,0,1,29,20
GTHPm;PPAm,1,0,28,21
GTHPm;PYK,1,0,28,21
GTHPm;PYK7,0,1,29,20
GTHPm;THYOXt2,1,0,28,21
GTHPm;THYPX,1,0,28,21
GTHPm;THYRIDHD,1,0,28,21
GTHPm;TPI,0,1,29,20
GTHPm;TRDR,1,0,28,21
GTPGDPtm;HACD1m,1,0,28,21
GTPGDPtm;HEX12,1,0,28,21
GTPGDPtm;HMBS,0,1,29,20
GTPGDPtm;HOXG,0,1,29,20
GTPGDPtm;Htm,1,0,28,21
GTPGDPtm;MCCCm,0,1,29,20
GTPGDPtm;MGCHrm,0,1,29,20
GTPGDPtm;MMEm,0,1,29,20
GTPGDPtm;MMMm,0,1,29,20
GTPGDPtm;MOD_3mhop,0,1,29,20
GTPGDPtm;NAtm,1,0,28,21
GTPGDPtm;NDP7er,0,1,29,20
GTPGDPtm;NDPK1,4,3,25,18
GTPGDPtm;NH4tm,1,0,28,21
GTPGDPtm;OBDHc,0,1,29,20
GTPGDPtm;PGMT,0,1,29,20
GTPGDPtm;PIATPLtm,1,0,28,21
GTPGDPtm;PIGTHRDLtm,2,0,27,21
GTPGDPtm;PPBNGS,0,1,29,20
GTPGDPtm;PPCOACRNtm,0,1,29,20
GTPGDPtm;PPCOACm,0,1,29,20
GTPGDPtm;PPItm,1,0,28,21
GTPGDPtm;PPPG9tm,0,1,29,20
GTPGDPtm;PPPGOm,0,1,29,20
GTPGDPtm;PROtm,1,0,28,21
GTPGDPtm;PYK2,1,0,28,21
GTPGDPtm;SSALym,1,0,28,21
GTPGDPtm;SUCOAS1m,1,0,28,21
GTPGDPtm;THRD_L,0,1,29,20
GTPGDPtm;UDPGCURtr,0,1,29,20
GTPGDPtm;UDPGD,0,1,29,20
GTPGDPtm;UMPtr,0,1,29,20
GTPGDPtm;UPP3S,0,1,29,20
GTPGDPtm;UPPDC1,0,1,29,20
GUACYC;PFK,1,0,28,21
GUACYC;PGI,1,0,28,21
GUACYC;PGMT,1,0,28,21
GUAD;HCO3E,0,1,29,20
GULLACter;PGAM1_PhosHydro,0,1,29,20
GULLACter;PPA,1,1,28,20
GULLACter;UAG2EMAi,1,0,28,21
GULN3D;H2Otp,0,1,29,20
GULN3D;NH4tp,0,1,29,20
GULN3D;PEPCK,1,0,28,21
GULN3D;PIt2m_2,1,0,28,21
GULN3D;TRDR,2,0,27,21
GULNDer;H2Otp,0,1,29,20
GULNDer;NH4tp,0,1,29,20
GULNDer;PEPCK,1,0,28,21
GULNDer;PIt2m_2,1,0,28,21
GULNDer;TRDR,2,0,27,21
GULNter;H2Otp,0,1,29,20
GULNter;NH4tp,0,1,29,20
GULNter;PEPCK,1,0,28,21
GULNter;PIt2m_2,1,0,28,21
GULNter;TRDR,2,0,27,21
GULOer;PGAM1_PhosHydro,0,1,29,20
GULOer;PPA,1,1,28,20
GluForTx;MTHFCm,0,1,29,20
GluForTx;MTHFD2,0,1,29,20
GluForTx;MTHFDm,0,1,29,20
GluForTx;SERTm,0,1,29,20
H2O2ter;PGAM1_PhosHydro,0,1,29,20
H2O2ter;PPA,1,1,28,20
H2O2tm;IDHPOXOX2b,1,0,28,21
H2O2tm;IDHPOXOX3,1,0,28,21
H2O2tm;IDHPOXOXb,1,0,28,21
H2O2tm;It,1,0,28,21
H2O2tm;O2t,2,1,27,20
H2O2tm;O2tm,5,1,24,20
H2O2tm;PGK,0,1,29,20
H2O2tm;PGM,0,1,29,20
H2O2tm;PPA,1,0,28,21
H2O2tm;PPAm,1,0,28,21
H2O2tm;PSDm_hs,1,0,28,21
H2O2tm;PSFLIPm,1,0,28,21
H2O2tm;PYK,1,0,28,21
H2O2tm;PYK7,0,1,29,20
H2O2tm;THYOXt2,1,0,28,21
H2O2tm;THYPX,1,0,28,21
H2O2tm;THYRIDHD,1,0,28,21
H2O2tm;TPI,0,1,29,20
H2O2tm;TRDR,1,0,28,21
H2O2tn;MI1PP,1,0,28,21
H2O2tn;O2St,1,0,28,21
H2O2tn;O2t,9,0,20,21
H2O2tn;PIPLC,1,0,28,21
H2O2tp;IDHPOXOX2b,1,0,28,21
H2O2tp;IDHPOXOX3,1,0,28,21
H2O2tp;IDHPOXOXb,1,0,28,21
H2O2tp;It,1,0,28,21
H2O2tp;O2tp,0,1,29,20
H2O2tp;THYOXt2,1,0,28,21
H2O2tp;THYPX,1,0,28,21
H2O2tp;THYRIDHD,1,0,28,21
H2O2tp;TRDR,2,3,27,18
H2Oter;ARTFR41,1,0,28,21
H2Oter;PFK,1,0,28,21
H2Oter;PGI,1,0,28,21
H2Oter;PGMT,1,0,28,21
H2Oter;PLMCOAPTr,1,0,28,21
H2Oter;UAGDP,1,0,28,21
H2Otg;ARTFR42,1,0,28,21
H2Otg;HAS1,1,0,28,21
H2Otg;HAS2,1,0,28,21
H2Otg;HEX12,1,0,28,21
H2Otg;HKYNH,0,1,29,20
H2Otg;HYALe,1,0,28,21
H2Otg;KCC2t,0,1,29,20
H2Otg;KYN3OX,0,1,29,20
H2Otg;NNDPR,0,1,29,20
H2Otg;OCDE9ECOAtr,1,0,28,21
H2Otg;PDHa,1,0,28,21
H2Otg;PDHbr,1,0,28,21
H2Otg;PGK,1,0,28,21
H2Otg;PGM,1,0,28,21
H2Otg;PIt7,1,0,28,21
H2Otg;PYK2,1,0,28,21
H2Otg;PYK7,1,0,28,21
H2Otg;PYRtm,1,0,28,21
H2Otg;QUILSYN,0,1,29,20
H2Otg;R5Ptr,9,7,20,14
H2Otg;RPIr,9,7,20,14
H2Otg;RU5Ptr,9,7,20,14
H2Otg;TPI,1,0,28,21
H2Otg;TRPO2,0,1,29,20
H2Otg;UDPGD,1,0,28,21
H2Otly;UAG2EMAi,1,0,28,21
H2Otm;PGK,0,1,29,20
H2Otm;PGM,0,1,29,20
H2Otm;PYK7,0,1,29,20
H2Otm;TPI,0,1,29,20
H2Otn;NDP8,1,0,28,21
H2Otn;O2St,1,0,28,21
H2Otn;O2t,5,0,24,21
H2Otn;PPItn,0,4,29,17
H2Otp;INOSTO,0,1,29,20
H2Otp;KHK2,0,1,29,20
H2Otp;TRDR,1,3,28,18
H2Otp;XYLTD_Dr,0,1,29,20
H2Otp;XYLURx,0,1,29,20
HACD180;ARTFR12,0,1,29,20
HACD180;ARTFR33,1,1,28,20
HACD180;ARTFR41,0,2,29,19
HACD180;ARTFR43,7,1,22,20
HACD180;ARTPLM1m,0,3,29,18
HACD180;HACD181,8,2,21,19
HACD180;HSD181,8,2,21,19
HACD180;OCTD11ECOAtr,8,2,21,19
HACD180;PPCOACRNtm,0,1,29,20
HACD180;RTOT3,1,1,28,20
HACD180;RTOT4,7,1,22,20
HACD180;R_group_phosphotase_1,0,3,29,18
HACD180;TECR181,8,2,21,19
HACD180;TRDR,3,4,26,17
HACD181;ARTFR12,0,1,29,20
HACD181;ARTPLM1m,0,1,29,20
HACD181;HSD180,8,2,21,19
HACD181;OCDCAFATPc,0,1,29,20
HACD181;RTOT5,0,1,29,20
HACD181;TECR180,8,2,21,19
HACD1m;ICDHyrm,1,0,28,21
HACD1m;ITCOAL1m,1,0,28,21
HACD1m;LEUTAm,3,0,26,21
HACD1m;LEUt5m,3,0,26,21
HACD1m;MCCCm,3,1,26,20
HACD1m;MGCHrm,3,1,26,20
HACD1m;MMCDm,1,0,28,21
HACD1m;MMEm,1,0,28,21
HACD1m;MMMm,1,0,28,21
HACD1m;MMSAD3m,6,0,23,21
HACD1m;MOD_3mhop,3,1,26,20
HACD1m;NH4tm,1,0,28,21
HACD1m;OXALSUCCCLm,1,0,28,21
HACD1m;PCRNtm,1,0,28,21
HACD1m;PIGTHRDLtm,2,0,27,21
HACD1m;PPCOAOm,3,0,26,21
HACD1m;PPCOAtm,1,0,28,21
HACD1m;PRPNCOAHYDm,3,0,26,21
HACD1m;PYRtm,1,0,28,21
HACD1m;SSALym,1,0,28,21
HACD1m;THR3Dx,2,0,27,21
HACD1m;TYROX,2,0,27,21
HACD1m;TYRTA,2,0,27,21
HACD200;ARTFR42,2,2,27,19
HACD200;OCDE9ECOAtr,2,2,27,19
HACD200;RTOT4,5,2,24,19
HACD201;ARTFR32,2,0,27,21
HACD201;ARTFR42,5,1,24,20
HACD201;Htr,3,2,26,19
HACD201;OCDE9ECOAtr,6,1,23,20
HACD201;RTOT3,2,0,27,21
HACD201;RTOT4,0,1,29,20
HACD201;TRDR,14,10,15,11
HACD220;ARTFR42,2,2,27,19
HACD220;OCDE9ECOAtr,2,2,27,19
HACD220;RTOT4,5,2,24,19
HACD221;ARTFR32,2,0,27,21
HACD221;ARTFR42,5,1,24,20
HACD221;Htr,3,2,26,19
HACD221;OCDE9ECOAtr,6,1,23,20
HACD221;RTOT3,2,0,27,21
HACD221;RTOT4,0,1,29,20
HACD221;TRDR,14,10,15,11
HACD224;RTOT4,0,1,29,20
HACD240;ARTFR42,2,2,27,19
HACD240;OCDE9ECOAtr,2,2,27,19
HACD240;RTOT4,5,2,24,19
HACD241;ARTFR32,2,0,27,21
HACD241;ARTFR42,5,1,24,20
HACD241;Htr,3,2,26,19
HACD241;OCDE9ECOAtr,6,1,23,20
HACD241;RTOT3,2,0,27,21
HACD241;RTOT4,0,1,29,20
HACD241;TRDR,14,10,15,11
HACD244;RTOT4,0,1,29,20
HACD260;ARTFR42,2,2,27,19
HACD260;OCDE9ECOAtr,2,2,27,19
HACD260;RTOT4,5,2,24,19
HACD9m;PPIOGLYc,0,2,29,19
HACD9m;PPIOGLYte,0,2,29,19
HACD9m;PPIOGLYtm,0,2,29,19
HAS1;Htg,1,0,28,21
HAS1;NDP7g,1,0,28,21
HAS1;PItg,1,0,28,21
HAS1;UAG2EMAi,1,0,28,21
HAS2;Htg,1,0,28,21
HAS2;NDP7g,1,0,28,21
HAS2;PItg,1,0,28,21
HAS2;UAG2EMAi,1,0,28,21
HAtly;UAG2EMAi,1,0,28,21
HCO3E;HCO3Ee,10,6,19,15
HCO3E;HCO3Em,1,0,28,21
HCO3E;HCO3tm,1,0,28,21
HCO3E;LDH_Lm,1,0,28,21
HCO3E;L_LACtm,1,0,28,21
HCO3E;MALTSULtm,1,0,28,21
HCO3E;NTD9,0,1,29,20
HCO3E;PFK2,0,1,29,20
HCO3E;PGI,0,1,29,20
HCO3E;PGK,0,1,29,20
HCO3E;PGM,0,1,29,20
HCO3E;PIt2m_2,1,0,28,21
HCO3E;PPA,0,1,29,20
HCO3E;PPM,0,2,29,19
HCO3E;PUNP3,0,1,29,20
HCO3E;SQORm,1,0,28,21
HCO3E;TPI,0,1,29,20
HCO3E;TSULt4_3,1,0,28,21
HCO3E;TYROX,1,0,28,21
HCO3E;TYRTA,1,0,28,21
HCO3E;XAND,0,1,29,20
HCO3E;XAO,0,1,29,20
HCO3Ee;NMNS,1,0,28,21
HCO3Ee;PIt2m_2,1,0,28,21
HCO3Em;HCO3tm,0,10,29,11
HCO3Em;HMBS,0,1,29,20
HCO3Em;HMGCOASim,0,1,29,20
HCO3Em;HOXG,0,1,29,20
HCO3Em;LDH_Lm,1,0,28,21
HCO3Em;L_LACtm,1,0,28,21
HCO3Em;MALTSULtm,1,0,28,21
HCO3Em;MAL_Lte,0,1,29,20
HCO3Em;MMMm,0,1,29,20
HCO3Em;MMTSADm,0,1,29,20
HCO3Em;NDP6,0,1,29,20
HCO3Em;NDP7er,0,1,29,20
HCO3Em;NH4tm,2,1,27,20
HCO3Em;NH4tp,0,1,29,20
HCO3Em;NTD3,0,1,29,20
HCO3Em;O2tp,0,1,29,20
HCO3Em;OAADC,0,2,29,19
HCO3Em;OXALSUCCCLm,0,1,29,20
HCO3Em;PGMT,0,1,29,20
HCO3Em;PPBNGS,0,1,29,20
HCO3Em;PPPG9tm,0,1,29,20
HCO3Em;PPPGOm,0,1,29,20
HCO3Em;SQORm,1,0,28,21
HCO3Em;THYMtm,0,1,29,20
HCO3Em;TSULt4_3,1,0,28,21
HCO3Em;TYROX,1,0,28,21
HCO3Em;TYRTA,1,0,28,21
HCO3Em;UDPGD,0,1,29,20
HCO3Em;UDPGLCAter,0,1,29,20
HCO3Em;UPP3S,0,1,29,20
HCO3Em;UPPDC1,0,1,29,20
HCO3_CLt;KCCt,0,1,29,20
HCO3_CLt;SRTNt6_2_r,0,1,29,20
HCO3_CLt;SRTNtu,0,1,29,20
HCO3tm;HMBS,0,1,29,20
HCO3tm;HOXG,0,1,29,20
HCO3tm;LDH_Lm,1,0,28,21
HCO3tm;L_LACtm,1,0,28,21
HCO3tm;MALTSULtm,1,0,28,21
HCO3tm;MAL_Lte,0,1,29,20
HCO3tm;MDRPD,0,1,29,20
HCO3tm;METAT,0,1,29,20
HCO3tm;MMMm,0,1,29,20
HCO3tm;MMTSADm,0,1,29,20
HCO3tm;MTAP,0,1,29,20
HCO3tm;MTRI,0,1,29,20
HCO3tm;NDP6,0,1,29,20
HCO3tm;NDP7er,0,1,29,20
HCO3tm;NH4tm,2,0,27,21
HCO3tm;NH4tp,0,1,29,20
HCO3tm;NTD3,0,1,29,20
HCO3tm;NTD4,0,1,29,20
HCO3tm;O2tp,0,1,29,20
HCO3tm;OAADC,0,2,29,19
HCO3tm;OXALSUCCCLm,0,1,29,20
HCO3tm;PGMT,0,1,29,20
HCO3tm;PPBNGS,0,1,29,20
HCO3tm;PPPG9tm,0,1,29,20
HCO3tm;PPPGOm,0,1,29,20
HCO3tm;PYNP2r,0,1,29,20
HCO3tm;SMOX,0,1,29,20
HCO3tm;SPRMS,0,1,29,20
HCO3tm;SQORm,1,0,28,21
HCO3tm;THRA,0,1,29,20
HCO3tm;THYMtm,0,1,29,20
HCO3tm;TSULt4_3,1,0,28,21
HCO3tm;TYROX,1,0,28,21
HCO3tm;TYRTA,1,0,28,21
HCO3tm;UDPGD,0,1,29,20
HCO3tm;UDPGLCAter,0,1,29,20
HCO3tm;UNK3,0,1,29,20
HCO3tm;UPP3S,0,1,29,20
HCO3tm;UPPDC1,0,1,29,20
HEX11;HEX12,5,5,24,16
HEX12;HKYNH,0,2,29,19
HEX12;Htg,1,0,28,21
HEX12;Htr,1,0,28,21
HEX12;KYN3OX,0,2,29,19
HEX12;NACDe,0,1,29,20
HEX12;NACPRT,0,1,29,20
HEX12;NCAMDe,0,1,29,20
HEX12;NDP7g,1,0,28,21
HEX12;NDPK9,5,5,24,16
HEX12;NH4tm,1,0,28,21
HEX12;NH4tr,3,3,26,18
HEX12;NMNDA,0,1,29,20
HEX12;NMNS,0,1,29,20
HEX12;NNDPR,0,2,29,19
HEX12;PGI,1,0,28,21
HEX12;PGMT,3,0,26,21
HEX12;PItg,1,0,28,21
HEX12;PPIPItr,1,0,28,21
HEX12;PYK,3,1,26,20
HEX12;PYK2,1,0,28,21
HEX12;QUILSYN,0,2,29,19
HEX12;SBTR,1,0,28,21
HEX12;SBT_Dtde,1,0,28,21
HEX12;SUCOAS1m,1,0,28,21
HEX12;TPI,0,2,29,19
HEX12;TRPO2,0,2,29,19
HEX12;UAGDP,1,0,28,21
HEX12;UDPG4E,1,0,28,21
HEX12;UGLCNACtg,1,0,28,21
HEX12;UGLT,1,0,28,21
HEX12;UMPK5,1,0,28,21
HEX1;HEX11,1,0,28,21
HEX1;NDPK9,1,0,28,21
HEXCCOAtr;ARTFR42,2,2,27,19
HEXCCOAtr;OCDE9ECOAtr,2,2,27,19
HEXCCOAtr;RTOT4,5,2,24,19
HISD;MTHFCm,0,1,29,20
HISD;MTHFD2,0,1,29,20
HISD;MTHFDm,0,1,29,20
HISD;SERTm,0,1,29,20
HISt4;HIStN1,15,7,14,14
HISt4;HIStiDF,4,3,25,18
HKYNH;ARTFR12,0,1,29,20
HKYNH;Htg,0,1,29,20
HKYNH;Htr,0,1,29,20
HKYNH;M1316Mg,0,1,29,20
HKYNH;M13N2Tg,0,1,29,20
HKYNH;M14NTg,0,1,29,20
HKYNH;M16NTg,0,1,29,20
HKYNH;M4MPDOL_ter,0,1,29,20
HKYNH;M7MASNBterg,0,1,29,20
HKYNH;MAN1PT2,0,1,29,20
HKYNH;MAN6PI,0,1,29,20
HKYNH;MANter,0,1,29,20
HKYNH;MANtg,0,1,29,20
HKYNH;MG1er,0,1,29,20
HKYNH;MG2er,0,1,29,20
HKYNH;MG3er,0,1,29,20
HKYNH;MM5bg,0,1,29,20
HKYNH;MM6B1ag,0,1,29,20
HKYNH;MM7B1g,0,1,29,20
HKYNH;MM8Ber,0,1,29,20
HKYNH;N2M2NMASNt,0,1,29,20
HKYNH;NDP7g,0,1,29,20
HKYNH;OAADC,0,1,29,20
HKYNH;PFK,0,3,29,18
HKYNH;PGI,0,1,29,20
HKYNH;PGK,0,3,29,18
HKYNH;PGM,0,2,29,19
HKYNH;PGMT,0,1,29,20
HKYNH;PIGTHRDLtm,0,1,29,20
HKYNH;PItg,0,1,29,20
HKYNH;PLMCOAPTr,0,1,29,20
HKYNH;PMANM,0,1,29,20
HKYNH;PYK7,0,1,29,20
HKYNH;THBPT4ACAMDASE,0,1,29,20
HKYNH;TPI,0,3,29,18
HKYNH;TRPHYDRO2,0,1,29,20
HKYNH;UAGDP,0,1,29,20
HKYNH;UDPDOLPT,0,1,29,20
HKYNH;UGLCNACtg,0,1,29,20
HMBS;Htr,0,2,29,19
HMBS;NDP6,0,1,29,20
HMBS;NTD3,0,1,29,20
HMBS;PFK,0,1,29,20
HMBS;PGI,0,1,29,20
HMBS;PPItm,0,1,29,20
HMBS;URIK4,0,1,29,20
HMGCOASim;ILEOX,0,1,29,20
HMGCOASim;ILETAm,0,1,29,20
HMGCOASim;ILEt5m,0,1,29,20
HMGCOASim;LEUTA,1,0,28,21
HMGCOASim;LEUTAm,4,4,25,17
HMGCOASim;LEUt5m,4,4,25,17
HMGCOASim;MCCCm,5,5,24,16
HMGCOASim;MGCHrm,5,5,24,16
HMGCOASim;MOD_3mhop,5,5,24,16
HMGCOASim;RTOT4,0,1,29,20
HMGCOASim;TYROX,1,0,28,21
HMGCOASim;TYRTA,1,0,28,21
HMGCOASip;TRDR,1,0,28,21
HMGDH;LHCYSTIN,1,0,28,21
HMGDH;LHCYSTINt,1,0,28,21
HMGDH;NTD7,1,0,28,21
HMGDH;PCFLOPm,0,1,29,20
HMGDH;PETOHMm_hs,0,1,29,20
HMGDH;PSDm_hs,0,1,29,20
HMGDH;PSFLIPm,0,1,29,20
HMGL;ACITLn,2,0,27,21
HMGL;ADPtn,2,0,27,21
HMGL;CITtn,2,0,27,21
HMGL;ICDHyrm,2,0,27,21
HMGL;ICITMALtm,1,0,28,21
HMGL;MDH,1,0,28,21
HMGL;NH4tm,1,0,28,21
HMGL;OAAtn,2,0,27,21
HMGL;OXALSUCCCLm,2,0,27,21
HMGL;PEPCK,1,0,28,21
HMGL;PItn,2,0,27,21
HMGL;PROtm,1,0,28,21
HMGLx;TRDR,1,0,28,21
HMGS;LHCYSTIN,1,0,28,21
HMGS;LHCYSTINt,1,0,28,21
HMGS;NTD7,1,0,28,21
HMGS;PCFLOPm,0,1,29,20
HMGS;PETOHMm_hs,0,1,29,20
HMGS;PSDm_hs,0,1,29,20
HMGS;PSFLIPm,0,1,29,20
HOMOVALte;PETOHMm_hs,0,1,29,20
HOMOVALte;PSDm_hs,2,1,27,20
HOMOVALte;PSFLIPm,2,1,27,20
HOXG;Htr,0,2,29,19
HOXG;NDP6,0,1,29,20
HOXG;NTD3,0,1,29,20
HOXG;PFK,0,1,29,20
HOXG;PGI,0,1,29,20
HOXG;PPItm,0,1,29,20
HOXG;URIK4,0,1,29,20
HPROym;NTD1,1,0,28,21
HSD11B1r;NADHtru,5,0,24,21
HSD11B1r;NADPHtru,2,0,27,21
HSD11B1r;NADPtru,2,0,27,21
HSD11B1r;NADtru,5,0,24,21
HSD11B2r;NADHtru,5,0,24,21
HSD11B2r;NADPHtru,2,0,27,21
HSD11B2r;NADPtru,2,0,27,21
HSD11B2r;NADtru,5,0,24,21
HSD180;ARTFR12,0,1,29,20
HSD180;ARTFR33,1,1,28,20
HSD180;ARTFR41,0,2,29,19
HSD180;ARTFR43,7,1,22,20
HSD180;ARTPLM1m,0,3,29,18
HSD180;HSD181,8,2,21,19
HSD180;OCTD11ECOAtr,8,2,21,19
HSD180;PPCOACRNtm,0,1,29,20
HSD180;RTOT3,1,1,28,20
HSD180;RTOT4,7,1,22,20
HSD180;R_group_phosphotase_1,0,3,29,18
HSD180;TECR181,8,2,21,19
HSD180;TRDR,3,4,26,17
HSD181;ARTFR12,0,1,29,20
HSD181;ARTPLM1m,0,1,29,20
HSD181;OCDCAFATPc,0,1,29,20
HSD181;RTOT5,0,1,29,20
HSD181;TECR180,8,2,21,19
HSD200;ARTFR42,2,2,27,19
HSD200;OCDE9ECOAtr,2,2,27,19
HSD200;RTOT4,5,2,24,19
HSD201;ARTFR32,2,0,27,21
HSD201;ARTFR42,5,1,24,20
HSD201;Htr,3,2,26,19
HSD201;OCDE9ECOAtr,6,1,23,20
HSD201;RTOT3,2,0,27,21
HSD201;RTOT4,0,1,29,20
HSD201;TRDR,14,10,15,11
HSD220;ARTFR42,2,2,27,19
HSD220;OCDE9ECOAtr,2,2,27,19
HSD220;RTOT4,5,2,24,19
HSD221;ARTFR32,2,0,27,21
HSD221;ARTFR42,5,1,24,20
HSD221;Htr,3,2,26,19
HSD221;OCDE9ECOAtr,6,1,23,20
HSD221;RTOT3,2,0,27,21
HSD221;RTOT4,0,1,29,20
HSD221;TRDR,14,10,15,11
HSD224;RTOT4,0,1,29,20
HSD240;ARTFR42,2,2,27,19
HSD240;OCDE9ECOAtr,2,2,27,19
HSD240;RTOT4,5,2,24,19
HSD241;ARTFR32,2,0,27,21
HSD241;ARTFR42,5,1,24,20
HSD241;Htr,3,2,26,19
HSD241;OCDE9ECOAtr,6,1,23,20
HSD241;RTOT3,2,0,27,21
HSD241;RTOT4,0,1,29,20
HSD241;TRDR,14,10,15,11
HSD244;RTOT4,0,1,29,20
HSD260;ARTFR42,2,2,27,19
HSD260;OCDE9ECOAtr,2,2,27,19
HSD260;RTOT4,5,2,24,19
HYAL;UAG2EMAi,1,0,28,21
HYALe;NDP7g,1,0,28,21
HYALe;PItg,1,0,28,21
Htg;ARTFR42,1,0,28,21
Htg;HYALe,1,0,28,21
Htg;KCC2t,0,1,29,20
Htg;KYN3OX,0,1,29,20
Htg;NNDPR,0,1,29,20
Htg;OCDE9ECOAtr,1,0,28,21
Htg;PDHa,1,0,28,21
Htg;PDHbr,1,0,28,21
Htg;PGK,1,0,28,21
Htg;PGM,1,0,28,21
Htg;PIt7,1,0,28,21
Htg;PYK2,1,0,28,21
Htg;PYK7,1,0,28,21
Htg;PYRtm,1,0,28,21
Htg;QUILSYN,0,1,29,20
Htg;R5Ptr,9,7,20,14
Htg;RPIr,9,7,20,14
Htg;RU5Ptr,9,7,20,14
Htg;TPI,1,0,28,21
Htg;TRPO2,0,1,29,20
Htg;UDPGD,1,0,28,21
Htm;NH4tm,0,1,29,20
Htm;PIMALtm,1,0,28,21
Htm;PIt2m_2,1,0,28,21
Htm;PPItm,2,0,27,21
Htm;SO4AKGtm,1,0,28,21
Htm;SO4MALtm,1,0,28,21
Htr;ARTFR45,1,0,28,21
Htr;Htx,1,1,28,20
Htr;KYN3OX,0,1,29,20
Htr;LACLt,1,0,28,21
Htr;LAC_Ltx,0,1,29,20
Htr;LDH_L,0,1,29,20
Htr;LDH_Lp,1,1,28,20
Htr;METAT,0,1,29,20
Htr;MMMm,0,2,29,19
Htr;MMTSADm,0,2,29,19
Htr;NADHtpu,0,1,29,20
Htr;NADPHtru,0,1,29,20
Htr;NADPtru,0,1,29,20
Htr;NADtx,0,1,29,20
Htr;NDP7er,0,1,29,20
Htr;NH4tp,0,2,29,19
Htr;NNDPR,0,1,29,20
Htr;NRVNCCOAtr,3,2,26,19
Htr;NRVNCCOAtxc,1,2,28,19
Htr;NTD5,0,1,29,20
Htr;O2tp,1,2,28,19
Htr;PCHOLPm_hs,0,1,29,20
Htr;PETOHMm_hs,0,1,29,20
Htr;PFK,1,1,28,20
Htr;PGI,2,1,27,20
Htr;PGMT,1,1,28,20
Htr;PGS,1,2,28,19
Htr;PPA,1,0,28,21
Htr;PPBNGS,0,2,29,19
Htr;PPM2,1,0,28,21
Htr;PPPG9tm,0,1,29,20
Htr;PPPGOm,0,1,29,20
Htr;PROSTGF2t,1,2,28,19
Htr;PTGFS,1,2,28,19
Htr;PYRt2p,1,0,28,21
Htr;QUILSYN,0,1,29,20
Htr;SARCOXp,0,1,29,20
Htr;SARCStm,0,1,29,20
Htr;SARCStp,0,1,29,20
Htr;SE10,1,2,28,19
Htr;SOAT6,1,2,28,19
Htr;TECR201,3,2,26,19
Htr;TECR221,3,2,26,19
Htr;TECR241,3,2,26,19
Htr;THYMtm,0,2,29,19
Htr;TMDPP,0,1,29,20
Htr;TRPO2,0,1,29,20
Htr;UAGDP,1,0,28,21
Htr;UDPGCURtr,0,1,29,20
Htr;UDPGD,0,1,29,20
Htr;UMPtr,0,1,29,20
Htr;UPP3S,0,1,29,20
Htr;UPPDC1,0,1,29,20
Htx;NKCCt,0,1,29,20
Htx;O2tp,0,1,29,20
Htx;TRDR,3,2,26,19
ICDHxrm;P5CRxm,0,1,29,20
ICDHxrm;PROD2m,0,1,29,20
ICDHyrm;ARTFR12,1,0,28,21
ICDHyrm;MMSAD3m,4,0,25,21
ICDHyrm;NADH2_u10m,1,0,28,21
ICDHyrm;NADHtru,1,0,28,21
ICDHyrm;NADtru,1,0,28,21
ICDHyrm;OBDHc,1,0,28,21
ICDHyrm;OCOAT1m,2,0,27,21
ICDHyrm;PIGTHRDLtm,1,0,28,21
ICDHyrm;PIt2m_2,3,0,26,21
ICDHyrm;PLMCOAPTr,1,0,28,21
ICDHyrm;PPCOAOm,1,0,28,21
ICDHyrm;PPCOAtm,1,0,28,21
ICDHyrm;PPItm,1,0,28,21
ICDHyrm;PRPNCOAHYDm,1,0,28,21
ICDHyrm;THFtm,2,0,27,21
ICDHyrm;THRD_L,1,0,28,21
ICITCITtm;ICITMALtm,0,1,29,20
ICITCITtm;PGK,0,1,29,20
ICITCITtm;PGM,0,1,29,20
ICITCITtm;TPI,0,1,29,20
ICITMALtm;ARTFR12,1,0,28,21
ICITMALtm;MMSAD3m,1,0,28,21
ICITMALtm;NADH2_u10m,1,0,28,21
ICITMALtm;NADHtru,1,0,28,21
ICITMALtm;NADtru,1,0,28,21
ICITMALtm;OBDHc,1,0,28,21
ICITMALtm;OCOAT1m,1,0,28,21
ICITMALtm;PLMCOAPTr,1,0,28,21
ICITMALtm;PPCOAOm,1,0,28,21
ICITMALtm;PPCOAtm,1,0,28,21
ICITMALtm;PRPNCOAHYDm,1,0,28,21
ICITMALtm;THFtm,1,0,28,21
ICITMALtm;THRD_L,1,0,28,21
ILEOX;MAL_Lte,0,1,29,20
ILEOX;PHETA1,0,1,29,20
ILEOX;PHETA1m,0,1,29,20
ILEOX;PHEt4m,0,1,29,20
ILEOX;PHPYRtm,0,1,29,20
ILEPHELAT2tc;ILEt4,3,0,26,21
ILETAm;MAL_Lte,0,1,29,20
ILETAm;PHETA1,0,1,29,20
ILETAm;PHETA1m,0,1,29,20
ILETAm;PHEt4m,0,1,29,20
ILETAm;PHPYRtm,0,1,29,20
ILEt5m;MAL_Lte,0,1,29,20
ILEt5m;PHETA1,0,1,29,20
ILEt5m;PHETA1m,0,1,29,20
ILEt5m;PHEt4m,0,1,29,20
ILEt5m;PHPYRtm,0,1,29,20
INOSTO;NH4tp,0,1,29,20
INOSTO;PEPCK,1,0,28,21
INOSTO;PGAM1_PhosHydro,0,1,29,20
INOSTO;PIt2m_2,1,0,28,21
INOSTO;PPA,1,1,28,20
INSTt2r;INSTt4,2,0,27,21
INSTt4;MI3PP,0,1,29,20
INSTt4;MI3PS,0,1,29,20
INSTt4_2;MI3PP,1,2,28,19
INSTt4_2;MI3PS,1,2,28,19
IPDPtx;MEVK1x,0,2,29,19
IPDPtx;MEVtx,0,2,29,19
IPDPtx;PItx,0,2,29,19
IPDPtx;PMEVKx,0,2,29,19
ITCOAL1m;MMSAD3m,1,0,28,21
ITCOAL1m;PIGTHRDLtm,1,0,28,21
ITCOAL1m;PPItm,1,0,28,21
ITCOALm;MMSAD3m,1,0,28,21
ITCOALm;PIt2m_2,3,0,26,21
ITCOALm;THFtm,1,0,28,21
IZPN;MTHFCm,0,1,29,20
IZPN;MTHFD2,0,1,29,20
IZPN;MTHFDm,0,1,29,20
IZPN;SERTm,0,1,29,20
KCC2t;LPS3m,0,1,29,20
KCC2t;MDRPD,0,1,29,20
KCC2t;METAT,0,1,29,20
KCC2t;MTAP,0,1,29,20
KCC2t;MTRI,0,1,29,20
KCC2t;NCKt,0,2,29,19
KCC2t;NCNt,0,2,29,19
KCC2t;NDP7g,0,1,29,20
KCC2t;NH4t3r,0,1,29,20
KCC2t;NH4tm,0,1,29,20
KCC2t;PFK,0,1,29,20
KCC2t;PGMT,0,1,29,20
KCC2t;PIGTHRDLtm,0,1,29,20
KCC2t;PItg,0,1,29,20
KCC2t;PPCOACRNtm,0,1,29,20
KCC2t;PPCOAtm,0,1,29,20
KCC2t;PUNP1,0,1,29,20
KCC2t;R5Ptr,0,1,29,20
KCC2t;RPIr,0,1,29,20
KCC2t;RTOTALCRNCPT1,0,1,29,20
KCC2t;RTOTALCRNCPT2,0,1,29,20
KCC2t;RTOTALCRNt,0,1,29,20
KCC2t;RU5Ptr,0,1,29,20
KCC2t;R_group_phosphotase_1,0,1,29,20
KCC2t;Rtotaltm,0,1,29,20
KCC2t;SMOX,0,1,29,20
KCC2t;SPRMS,0,1,29,20
KCC2t;TPI,0,1,29,20
KCC2t;UAGDP,0,1,29,20
KCC2t;UGLCNACtg,0,1,29,20
KCC2t;UNK3,0,1,29,20
KHK2;NH4tp,0,1,29,20
KHK2;TRDR,2,0,27,21
KHK;PEPCK,1,0,28,21
KYN3OX;ARTFR12,0,1,29,20
KYN3OX;M1316Mg,0,1,29,20
KYN3OX;M13N2Tg,0,1,29,20
KYN3OX;M14NTg,0,1,29,20
KYN3OX;M16NTg,0,1,29,20
KYN3OX;M4MPDOL_ter,0,1,29,20
KYN3OX;M7MASNBterg,0,1,29,20
KYN3OX;MAN1PT2,0,1,29,20
KYN3OX;MAN6PI,0,1,29,20
KYN3OX;MANter,0,1,29,20
KYN3OX;MANtg,0,1,29,20
KYN3OX;MG1er,0,1,29,20
KYN3OX;MG2er,0,1,29,20
KYN3OX;MG3er,0,1,29,20
KYN3OX;MM5bg,0,1,29,20
KYN3OX;MM6B1ag,0,1,29,20
KYN3OX;MM7B1g,0,1,29,20
KYN3OX;MM8Ber,0,1,29,20
KYN3OX;N2M2NMASNt,0,1,29,20
KYN3OX;NDP7g,0,1,29,20
KYN3OX;OAADC,0,1,29,20
KYN3OX;PFK,0,3,29,18
KYN3OX;PGI,0,1,29,20
KYN3OX;PGK,0,3,29,18
KYN3OX;PGM,0,2,29,19
KYN3OX;PGMT,0,1,29,20
KYN3OX;PIGTHRDLtm,0,1,29,20
KYN3OX;PItg,0,1,29,20
KYN3OX;PLMCOAPTr,0,1,29,20
KYN3OX;PMANM,0,1,29,20
KYN3OX;PYK7,0,1,29,20
KYN3OX;THBPT4ACAMDASE,0,1,29,20
KYN3OX;TPI,0,3,29,18
KYN3OX;TRPHYDRO2,0,1,29,20
KYN3OX;UAGDP,0,1,29,20
KYN3OX;UDPDOLPT,0,1,29,20
KYN3OX;UGLCNACtg,0,1,29,20
KYNAKGAT;PGMT,1,0,28,21
KYNAKGAT;PIt2m_2,1,0,28,21
KYNAKGAT;UAGDP,1,0,28,21
KYNATESYN;PGMT,1,0,28,21
KYNATESYN;PIt2m_2,1,0,28,21
KYNATESYN;UAGDP,1,0,28,21
KYNATEtr;PGMT,1,0,28,21
KYNATEtr;PIt2m_2,1,0,28,21
KYNATEtr;UAGDP,1,0,28,21
LACLt;TRDR,2,1,27,20
LAC_Ltx;PFK,1,0,28,21
LAC_Ltx;PGI,1,0,28,21
LAC_Ltx;PGMT,1,0,28,21
LAC_Ltx;TRDR,3,4,26,17
LARGEg;PIt7,1,0,28,21
LARGEg;R5Ptr,9,7,20,14
LARGEg;RPIr,9,7,20,14
LARGEg;RU5Ptr,9,7,20,14
LCADi;PYK,1,0,28,21
LDH_L;MAL_Lte,0,1,29,20
LDH_L;PFK,0,1,29,20
LDH_L;PGI,0,1,29,20
LDH_L;PYRtm,1,0,28,21
LDH_L;TRDR,0,5,29,16
LDH_Lm;MAL_Lte,0,1,29,20
LDH_Lm;NH4tm,1,0,28,21
LDH_Lm;PFK,0,1,29,20
LDH_Lm;PGI,0,1,29,20
LDH_Lm;PYK,1,0,28,21
LDH_Lm;PYRtm,1,0,28,21
LDH_Lm;THFtm,1,0,28,21
LDH_Lp;PFK,1,0,28,21
LDH_Lp;PGI,1,0,28,21
LDH_Lp;PGMT,1,0,28,21
LDH_Lp;TRDR,5,5,24,16
LEUPHELAT2tc;LEUt4,1,0,28,21
LEUTA;NH4tm,0,1,29,20
LEUTAm;NH4tm,0,1,29,20
LEUTAm;PGI,1,0,28,21
LEUTAm;PPItm,2,0,27,21
LEUTAm;PROtm,0,1,29,20
LEUt4;LEUyLAThtc,0,1,29,20
LEUt4;PHEt4,0,1,29,20
LEUt5m;NH4tm,0,1,29,20
LEUt5m;PGI,1,0,28,21
LEUt5m;PPItm,2,0,27,21
LEUt5m;PROtm,0,1,29,20
LHCYSTIN;METOX,0,1,29,20
LHCYSTIN;NH4tp,1,0,28,21
LHCYSTIN;O2tp,1,0,28,21
LHCYSTIN;PSSA1_hs,1,0,28,21
LHCYSTIN;RTOT4,1,0,28,21
LHCYSTIN;SARCOXp,2,0,27,21
LHCYSTIN;SARCStm,2,0,27,21
LHCYSTIN;SARCStp,2,0,27,21
LHCYSTIN;SFGTH,2,0,27,21
LHCYSTINt;METOX,0,1,29,20
LHCYSTINt;NH4tp,1,0,28,21
LHCYSTINt;O2tp,1,0,28,21
LHCYSTINt;PSSA1_hs,1,0,28,21
LHCYSTINt;RTOT4,1,0,28,21
LHCYSTINt;SARCOXp,2,0,27,21
LHCYSTINt;SARCStm,2,0,27,21
LHCYSTINt;SARCStp,2,0,27,21
LHCYSTINt;SFGTH,2,0,27,21
LPCOXp;TRDR,2,0,27,21
LPS3;PE_HStm,1,0,28,21
LPS3;PSDm_hs,1,0,28,21
LPS3;PSFLIPm,1,0,28,21
LPS3m;NH4tm,0,3,29,18
LPS3m;PPCOAtm,0,1,29,20
LPS3m;PROtm,0,1,29,20
LYSOXp;TRDR,2,0,27,21
LYStip;TRDR,2,0,27,21
L_LACtm;MAL_Lte,0,1,29,20
L_LACtm;NH4tm,1,0,28,21
L_LACtm;PFK,0,1,29,20
L_LACtm;PGI,0,1,29,20
L_LACtm;PYK,1,0,28,21
L_LACtm;PYRtm,1,0,28,21
L_LACtm;THFtm,1,0,28,21
M1316Mg;NNDPR,0,1,29,20
M1316Mg;QUILSYN,0,1,29,20
M1316Mg;TRPO2,0,1,29,20
M13N2Tg;NNDPR,0,1,29,20
M13N2Tg;QUILSYN,0,1,29,20
M13N2Tg;TRPO2,0,1,29,20
M14NTg;NNDPR,0,1,29,20
M14NTg;QUILSYN,0,1,29,20
M14NTg;TRPO2,0,1,29,20
M16NTg;NNDPR,0,1,29,20
M16NTg;QUILSYN,0,1,29,20
M16NTg;TRPO2,0,1,29,20
M4MPDOL_ter;NNDPR,0,1,29,20
M4MPDOL_ter;QUILSYN,0,1,29,20
M4MPDOL_ter;TRPO2,0,1,29,20
M7MASNBterg;NNDPR,0,1,29,20
M7MASNBterg;QUILSYN,0,1,29,20
M7MASNBterg;TRPO2,0,1,29,20
MALACONtm;MALTSULtm,0,1,29,20
MALACONtm;NH4tm,0,1,29,20
MALACONtm;PIGTHRDLtm,0,1,29,20
MALACONtm;PYK,1,0,28,21
MALACONtm;PYRAKGte,0,1,29,20
MALACONtm;SQORm,0,1,29,20
MALACONtm;TSULt4_3,0,1,29,20
MALCOAMT;ARTFR12,0,2,29,19
MALCOAMT;ARTFR41,0,2,29,19
MALCOAMT;ARTPLM1m,0,4,29,17
MALCOAMT;OCDCAFATPc,0,1,29,20
MALCOAMT;PPCOACRNtm,0,1,29,20
MALCOAMT;R_group_phosphotase_1,0,3,29,18
MALCOAMT;TRDR,0,3,29,18
MALCOAMTr;ARTFR12,0,2,29,19
MALCOAMTr;ARTFR41,0,2,29,19
MALCOAMTr;ARTPLM1m,0,4,29,17
MALCOAMTr;OCDCAFATPc,0,1,29,20
MALCOAMTr;PPCOACRNtm,0,1,29,20
MALCOAMTr;R_group_phosphotase_1,0,3,29,18
MALCOAMTr;TRDR,0,3,29,18
MALTSULtm;MDH,4,0,25,21
MALTSULtm;NH4tm,1,1,28,20
MALTSULtm;NMNS,1,0,28,21
MALTSULtm;PEPCK,4,0,25,21
MALTSULtm;PFK,0,1,29,20
MALTSULtm;PGI,0,1,29,20
MALTSULtm;PGK,1,3,28,18
MALTSULtm;PGM,1,3,28,18
MALTSULtm;PYK,3,0,26,21
MALTSULtm;PYK7,0,2,29,19
MALTSULtm;PYRAKGte,0,1,29,20
MALTSULtm;THFtm,1,0,28,21
MALTSULtm;TPI,1,3,28,18
MAL_Lte;MDH,2,0,27,21
MAL_Lte;ME1m,1,0,28,21
MAL_Lte;ME2m,0,3,29,18
MAL_Lte;PEPCK,2,0,27,21
MAL_Lte;PROGLUtm,0,1,29,20
MAL_Lte;PROtm,0,2,29,19
MAL_Lte;PYRtm,0,3,29,18
MAN1PT1;R5Ptr,1,0,28,21
MAN1PT1;RPIr,1,0,28,21
MAN1PT1;RU5Ptr,1,0,28,21
MAN1PT2;NNDPR,0,1,29,20
MAN1PT2;PIt7,1,0,28,21
MAN1PT2;QUILSYN,0,1,29,20
MAN1PT2;R5Ptr,8,7,21,14
MAN1PT2;RPIr,8,7,21,14
MAN1PT2;RU5Ptr,8,7,21,14
MAN1PT2;TRPO2,0,1,29,20
MAN6PI;NNDPR,0,1,29,20
MAN6PI;PIt7,1,0,28,21
MAN6PI;QUILSYN,0,1,29,20
MAN6PI;R5Ptr,9,7,20,14
MAN6PI;RPIr,9,7,20,14
MAN6PI;RU5Ptr,9,7,20,14
MAN6PI;TRPO2,0,1,29,20
MANter;NNDPR,0,1,29,20
MANter;QUILSYN,0,1,29,20
MANter;TRPO2,0,1,29,20
MANtg;NNDPR,0,1,29,20
MANtg;QUILSYN,0,1,29,20
MANtg;TRPO2,0,1,29,20
MCCCm;PGI,1,0,28,21
MCCCm;PIGTHRDLtm,0,1,29,20
MCCCm;PPItm,2,1,27,20
MCCCm;PROtm,0,1,29,20
MCITS;NH4tm,0,1,29,20
MDH;ARTFR12,1,0,28,21
MDH;ME1m,4,0,25,21
MDH;ME2m,0,2,29,19
MDH;MMSAD3m,1,0,28,21
MDH;NADHtru,1,0,28,21
MDH;NADtru,1,0,28,21
MDH;NH4tm,0,1,29,20
MDH;OAADC,0,2,29,19
MDH;OBDHc,1,0,28,21
MDH;OCOAT1m,1,0,28,21
MDH;PEPCK,0,1,29,20
MDH;PGK,1,0,28,21
MDH;PGM,1,0,28,21
MDH;PLMCOAPTr,1,0,28,21
MDH;PPCOAOm,1,0,28,21
MDH;PPCOAtm,1,0,28,21
MDH;PROtm,0,1,29,20
MDH;PRPNCOAHYDm,1,0,28,21
MDH;PYRtm,1,3,28,18
MDH;SQORm,4,0,25,21
MDH;THRD_L,1,0,28,21
MDH;TPI,1,0,28,21
MDH;TSULt4_3,4,0,25,21
MDRPD;METOX,0,1,29,20
MDRPD;NH4tm,0,3,29,18
MDRPD;PROtm,0,1,29,20
MDRPD;PUNP1,1,0,28,21
MDRPD;THFtm,0,2,29,19
ME1m;PEPCK,3,0,26,21
ME2m;PEPCK,0,1,29,20
ME2m;PIGTHRDLtm,0,1,29,20
MEOHt2;MTHFC,1,0,28,21
MEOHt2;MTHFD2,1,0,28,21
MEOHt2;NTD7,4,0,25,21
METAT;METOX,0,1,29,20
METAT;MTHFC,1,1,28,20
METAT;MTHFD2,1,1,28,20
METAT;NADPHtru,0,1,29,20
METAT;NADPtru,0,1,29,20
METAT;NH4tm,0,3,29,18
METAT;NTD7,6,0,23,21
METAT;PEMET1,1,0,28,21
METAT;PEMET2,1,0,28,21
METAT;PFK,0,1,29,20
METAT;PGI,0,1,29,20
METAT;PROtm,0,1,29,20
METAT;PSSA1_hs,1,0,28,21
METAT;PUNP1,1,0,28,21
METAT;THFtm,0,2,29,19
METOX;MTAP,0,1,29,20
METOX;MTRI,0,1,29,20
METOX;ORNDC,0,1,29,20
METOX;R5Ptr,0,1,29,20
METOX;RPIr,0,1,29,20
METOX;RU5Ptr,0,1,29,20
METOX;SPMDSH,0,1,29,20
METOX;SPMS,0,1,29,20
MEVK1c;MEVK1x,0,2,29,19
MEVK1c;MEVtx,0,2,29,19
MEVK1c;PItx,0,2,29,19
MEVK1c;PMEVKx,0,2,29,19
MEVK1x;PMEVKc,0,2,29,19
MEVtx;PMEVKc,0,2,29,19
MG1er;NNDPR,0,1,29,20
MG1er;QUILSYN,0,1,29,20
MG1er;TRPO2,0,1,29,20
MG2er;NNDPR,0,1,29,20
MG2er;QUILSYN,0,1,29,20
MG2er;TRPO2,0,1,29,20
MG3er;NNDPR,0,1,29,20
MG3er;QUILSYN,0,1,29,20
MG3er;TRPO2,0,1,29,20
MGCHrm;PGI,1,0,28,21
MGCHrm;PIGTHRDLtm,0,1,29,20
MGCHrm;PPItm,2,1,27,20
MGCHrm;PROtm,0,1,29,20
MGSA;PIt2m_2,1,0,28,21
MGSA;PYK,1,0,28,21
MI14PP;MI1PP,23,0,6,21
MI14PP;NDP8,1,0,28,21
MI14PP;O2t,2,0,27,21
MI14PP;PIPLC,23,0,6,21
MI1PP;ADPtn,1,0,28,21
MI1PP;MI4PP,23,0,6,21
MI1PP;O2St,1,0,28,21
MI1PP;O2Stn,1,0,28,21
MI1PP;O2tn,1,0,28,21
MI1PP;PAIL4P_HStn,1,0,28,21
MI1PP;PAIL_HStn,1,0,28,21
MI1PP;PIK4,13,0,16,21
MI1PP;PIK4n,1,0,28,21
MI1PP;PYK,1,0,28,21
MI1PP;SPODMn,1,0,28,21
MI4PP;NDP8,1,0,28,21
MI4PP;O2t,2,0,27,21
MI4PP;PIPLC,23,0,6,21
MM5bg;NNDPR,0,1,29,20
MM5bg;QUILSYN,0,1,29,20
MM5bg;TRPO2,0,1,29,20
MM6B1ag;NNDPR,0,1,29,20
MM6B1ag;QUILSYN,0,1,29,20
MM6B1ag;TRPO2,0,1,29,20
MM7B1g;NNDPR,0,1,29,20
MM7B1g;QUILSYN,0,1,29,20
MM7B1g;TRPO2,0,1,29,20
MM8Ber;NNDPR,0,1,29,20
MM8Ber;QUILSYN,0,1,29,20
MM8Ber;TRPO2,0,1,29,20
MMCDm;PPItm,1,0,28,21
MMEm;PPItm,1,1,28,20
MMMm;NDP6,0,1,29,20
MMMm;NTD1,6,0,23,21
MMMm;NTD3,0,1,29,20
MMMm;PFK,0,1,29,20
MMMm;PGI,0,1,29,20
MMMm;PPItm,1,1,28,20
MMMm;URIK4,0,1,29,20
MMSAD1m;NDP6,1,0,28,21
MMSAD1m;NTD1,2,0,27,21
MMSAD1m;NTD3,1,0,28,21
MMSAD3m;ACITLn,1,0,28,21
MMSAD3m;ADPtn,1,0,28,21
MMSAD3m;CITtn,1,0,28,21
MMSAD3m;OAAtn,1,0,28,21
MMSAD3m;OXALSUCCCLm,4,0,25,21
MMSAD3m;PIMALtm,1,0,28,21
MMSAD3m;PIt2m_2,1,0,28,21
MMSAD3m;PItn,1,0,28,21
MMSAD3m;PPCOACRNtm,1,0,28,21
MMSAD3m;PPIOGLYc,0,1,29,20
MMSAD3m;PPIOGLYte,0,1,29,20
MMSAD3m;PPIOGLYtm,0,1,29,20
MMSAD3m;PPItm,5,0,24,21
MMSAD3m;PUNP1,1,0,28,21
MMSAD3m;PYRtm,1,0,28,21
MMSAD3m;SO4AKGtm,1,0,28,21
MMSAD3m;SO4MALtm,1,0,28,21
MMSAD3m;TTDCPT1,1,0,28,21
MMSAD3m;TTDCPT2,1,0,28,21
MMSAD3m;TTDCRNt,1,0,28,21
MMSAD3m;URPT,3,0,26,21
MMTSADm;NDP6,0,1,29,20
MMTSADm;NTD1,6,0,23,21
MMTSADm;NTD3,0,1,29,20
MMTSADm;PFK,0,1,29,20
MMTSADm;PGI,0,1,29,20
MMTSADm;URIK4,0,1,29,20
MOD_3mhop;PGI,1,0,28,21
MOD_3mhop;PIGTHRDLtm,0,1,29,20
MOD_3mhop;PPItm,2,1,27,20
MOD_3mhop;PROtm,0,1,29,20
MTAP;NH4tm,0,3,29,18
MTAP;PROtm,0,1,29,20
MTAP;PUNP1,1,0,28,21
MTAP;THFtm,0,2,29,19
MTHFC;MTHFCm,2,6,27,15
MTHFC;MTHFDm,2,6,27,15
MTHFC;O2tp,0,1,29,20
MTHFC;RTOT4,0,1,29,20
MTHFC;SARCOXp,0,1,29,20
MTHFC;SARCStm,0,1,29,20
MTHFC;SARCStp,0,1,29,20
MTHFC;SARDHm,1,0,28,21
MTHFC;SERTm,0,5,29,16
MTHFC;THFtm,1,1,28,20
MTHFCm;MTHFD,0,4,29,17
MTHFCm;MTHFD2,2,1,27,20
MTHFCm;THFtm,0,1,29,20
MTHFCm;URCN,0,1,29,20
MTHFD2;MTHFDm,2,1,27,20
MTHFD2;O2tp,0,1,29,20
MTHFD2;RTOT4,0,1,29,20
MTHFD2;SARCOXp,0,1,29,20
MTHFD2;SARCStm,0,1,29,20
MTHFD2;SARCStp,0,1,29,20
MTHFD2;SARDHm,1,0,28,21
MTHFD2;SERTm,0,1,29,20
MTHFD2;THFtm,1,1,28,20
MTHFD2;URCN,0,1,29,20
MTHFD;MTHFD2,2,0,27,21
MTHFD;MTHFDm,0,4,29,17
MTHFD;SERTm,0,3,29,18
MTHFDm;THFtm,0,1,29,20
MTHFDm;URCN,0,1,29,20
MTHFR3x;TYRt4,0,1,29,20
MTRI;NH4tm,0,3,29,18
MTRI;PROtm,0,1,29,20
MTRI;PUNP1,1,0,28,21
MTRI;THFtm,0,2,29,19
N2M2NMASNt;NNDPR,0,1,29,20
N2M2NMASNt;QUILSYN,0,1,29,20
N2M2NMASNt;TRPO2,0,1,29,20
N3Tg;PYK2,1,0,28,21
NACASPAH;NH4tm,0,1,29,20
NACASPAH;PCRNtm,1,0,28,21
NACASPtm;NH4tm,0,1,29,20
NACASPtm;PCRNtm,1,0,28,21
NACDe;PFK,0,1,29,20
NACDe;PGK,0,1,29,20
NACDe;PGM,0,1,29,20
NACDe;PYK7,0,1,29,20
NACDe;TPI,0,1,29,20
NACPRT;PFK,0,1,29,20
NACPRT;PGK,0,1,29,20
NACPRT;PGM,0,1,29,20
NACPRT;PYK7,0,1,29,20
NACPRT;TPI,0,1,29,20
NADH2_u10m;OXALSUCCCLm,1,0,28,21
NADH2_u10m;PGMT,1,0,28,21
NADH2_u10m;TYROX,1,0,28,21
NADH2_u10m;TYRTA,1,0,28,21
NADH2_u10m;UAGDP,1,0,28,21
NADHtpu;TRDR,0,2,29,19
NADHtru;ACITLn,1,0,28,21
NADHtru;ADPtn,1,0,28,21
NADHtru;CITtn,1,0,28,21
NADHtru;NADPHtru,2,0,27,21
NADHtru;NADPtru,2,0,27,21
NADHtru;OAAtn,1,0,28,21
NADHtru;OXALSUCCCLm,1,0,28,21
NADHtru;PItn,1,0,28,21
NADPHtru;ARTFR12,1,0,28,21
NADPHtru;ARTFR41,2,0,27,21
NADPHtru;NADtru,2,0,27,21
NADPHtru;PLMCOAPTr,2,0,27,21
NADPHtru;RTOT4,2,0,27,21
NADPtru;ARTFR12,1,0,28,21
NADPtru;ARTFR41,2,0,27,21
NADPtru;NADtru,2,0,27,21
NADPtru;PLMCOAPTr,2,0,27,21
NADPtru;RTOT4,2,0,27,21
NADtru;ACITLn,1,0,28,21
NADtru;ADPtn,1,0,28,21
NADtru;CITtn,1,0,28,21
NADtru;OAAtn,1,0,28,21
NADtru;OXALSUCCCLm,1,0,28,21
NADtru;PItn,1,0,28,21
NADtx;TRDR,0,2,29,19
NAtm;PIATPLtm,1,0,28,21
NCAMDe;PFK,0,1,29,20
NCAMDe;PGK,0,1,29,20
NCAMDe;PGM,0,1,29,20
NCAMDe;PYK7,0,1,29,20
NCAMDe;TPI,0,1,29,20
NCKt;NH4t3r,0,1,29,20
NCKt;SRTNt6_2_r,0,2,29,19
NCKt;SRTNtu,0,2,29,19
NCNt;NH4t3r,0,1,29,20
NDP6;NDP7er,0,1,29,20
NDP6;NDP8,2,0,27,21
NDP6;NDPK3,1,1,28,20
NDP6;NDPK6,0,1,29,20
NDP6;O2tp,0,1,29,20
NDP6;PGMT,0,1,29,20
NDP6;PIATPLtm,0,5,29,16
NDP6;PPBNGS,0,1,29,20
NDP6;PPItm,0,3,29,18
NDP6;PPM2,1,1,28,20
NDP6;PPPG9tm,0,1,29,20
NDP6;PPPGOm,0,1,29,20
NDP6;PYK4,2,0,27,21
NDP6;RNDR4,2,9,27,12
NDP6;THYMtm,0,1,29,20
NDP6;UDPGCURtr,0,1,29,20
NDP6;UDPGD,0,1,29,20
NDP6;UMPtr,0,1,29,20
NDP6;UPP3S,0,1,29,20
NDP6;UPPDC1,0,1,29,20
NDP7er;NTD3,0,1,29,20
NDP7er;PDHa,1,0,28,21
NDP7er;PDHbr,1,0,28,21
NDP7er;PFK,0,1,29,20
NDP7er;PGI,0,1,29,20
NDP7er;PGK,1,0,28,21
NDP7er;PGM,1,0,28,21
NDP7er;PIt7,1,0,28,21
NDP7er;PPAer,1,0,28,21
NDP7er;PPIPItr,1,0,28,21
NDP7er;PPItm,0,1,29,20
NDP7er;PYK7,1,0,28,21
NDP7er;PYRtm,1,0,28,21
NDP7er;R5Ptr,9,7,20,14
NDP7er;RPIr,9,7,20,14
NDP7er;RU5Ptr,9,7,20,14
NDP7er;TPI,1,0,28,21
NDP7er;URIK4,0,1,29,20
NDP7g;ARTFR42,1,0,28,21
NDP7g;NNDPR,0,1,29,20
NDP7g;OCDE9ECOAtr,1,0,28,21
NDP7g;PDHa,1,0,28,21
NDP7g;PDHbr,1,0,28,21
NDP7g;PGK,1,0,28,21
NDP7g;PGM,1,0,28,21
NDP7g;PIt7,1,0,28,21
NDP7g;PYK2,1,0,28,21
NDP7g;PYK7,1,0,28,21
NDP7g;PYRtm,1,0,28,21
NDP7g;QUILSYN,0,1,29,20
NDP7g;R5Ptr,9,7,20,14
NDP7g;RPIr,9,7,20,14
NDP7g;RU5Ptr,9,7,20,14
NDP7g;TPI,1,0,28,21
NDP7g;TRPO2,0,1,29,20
NDP7g;UDPGD,1,0,28,21
NDP8;ADPtn,1,0,28,21
NDP8;NDPK6,4,0,25,21
NDP8;NH4tn,1,0,28,21
NDP8;PAIL4P_HStn,1,0,28,21
NDP8;PAIL_HStn,1,0,28,21
NDP8;PI4PLC,1,0,28,21
NDP8;PIK4n,1,0,28,21
NDP8;PPItm,1,0,28,21
NDP8;PPM2,2,0,27,21
NDP8;PYNP2r,3,0,26,21
NDP8;URIK4,2,0,27,21
NDP8;Uritn,1,0,28,21
NDPK1;OCOAT1m,0,1,29,20
NDPK1;PIt2m_2,1,0,28,21
NDPK1;PPCOACRNtm,0,1,29,20
NDPK1;SSALym,0,1,29,20
NDPK1;SUCOAS1m,4,3,25,18
NDPK1;TYROX,1,0,28,21
NDPK1;TYRTA,1,0,28,21
NDPK2;NDPK8,0,1,29,20
NDPK2;PGK,0,1,29,20
NDPK2;PGM,0,1,29,20
NDPK2;PYK2,5,2,24,19
NDPK3;NTD3,1,0,28,21
NDPK3;PYK4,2,0,27,21
NDPK3;R5Ptr,0,4,29,17
NDPK3;RPIr,0,4,29,17
NDPK3;RU5Ptr,0,4,29,17
NDPK6;NTD6,1,0,28,21
NDPK6;PPM,0,1,29,20
NDPK6;PUNP1,1,0,28,21
NDPK6;PUNP2,1,0,28,21
NDPK6;PYNP2r,3,2,26,19
NDPK6;RNDR1,1,0,28,21
NDPK6;UPPN,0,1,29,20
NDPK6;URIK4,2,1,27,20
NDPK6;URPT,1,0,28,21
NDPK7n;O2St,1,0,28,21
NDPK7n;O2t,5,0,24,21
NDPK8;PDHa,1,0,28,21
NDPK8;PDHbr,1,0,28,21
NDPK8;PGK,0,3,29,18
NDPK8;PGM,0,3,29,18
NDPK8;PYK7,5,9,24,12
NDPK8;PYRtm,1,0,28,21
NDPK8;TPI,0,2,29,19
NH4tm;ARTFR12,0,1,29,20
NH4tm;NH4tp,1,0,28,21
NH4tm;O2St,2,0,27,21
NH4tm;O2Stx,2,0,27,21
NH4tm;O2t,3,0,26,21
NH4tm;O2tp,1,0,28,21
NH4tm;OAADC,0,1,29,20
NH4tm;OBDHc,0,2,29,19
NH4tm;OCBTm,0,1,29,20
NH4tm;OCOAT1m,1,0,28,21
NH4tm;ORNTArm,1,0,28,21
NH4tm;ORNt4m,0,1,29,20
NH4tm;OROTGLUt,0,1,29,20
NH4tm;PFK,1,0,28,21
NH4tm;PGI,1,0,28,21
NH4tm;PGK,0,2,29,19
NH4tm;PGM,0,2,29,19
NH4tm;PHETA1,0,1,29,20
NH4tm;PHETA1m,0,1,29,20
NH4tm;PHEt4m,0,1,29,20
NH4tm;PHPYRtm,0,1,29,20
NH4tm;PIGTHRDLtm,1,4,28,17
NH4tm;PIMALtm,0,1,29,20
NH4tm;PIt2m_2,6,0,23,21
NH4tm;PPCOACRNtm,0,4,29,17
NH4tm;PPCOAOm,0,2,29,19
NH4tm;PPCOAtm,0,1,29,20
NH4tm;PPItm,1,1,28,20
NH4tm;PROGLUtm,0,1,29,20
NH4tm;PROtm,0,1,29,20
NH4tm;PRPNCOAHYDm,0,2,29,19
NH4tm;PTCRTD,1,0,28,21
NH4tm;PTRCOR,1,0,28,21
NH4tm;PTRCtm,1,0,28,21
NH4tm;PYK,1,0,28,21
NH4tm;PYK2,1,0,28,21
NH4tm;PYK7,0,2,29,19
NH4tm;PYRtm,0,1,29,20
NH4tm;R5Ptr,0,1,29,20
NH4tm;RPIr,0,1,29,20
NH4tm;RTOT4,1,0,28,21
NH4tm;RTOTALCRNCPT1,0,2,29,19
NH4tm;RTOTALCRNCPT2,0,2,29,19
NH4tm;RTOTALCRNt,0,2,29,19
NH4tm;RU5Ptr,0,1,29,20
NH4tm;R_group_phosphotase_1,0,3,29,18
NH4tm;Rtotaltm,0,3,29,18
NH4tm;SMOX,0,3,29,18
NH4tm;SO4AKGtm,0,1,29,20
NH4tm;SO4MALtm,0,1,29,20
NH4tm;SPODMx,2,0,27,21
NH4tm;SPRMS,0,3,29,18
NH4tm;SQORm,1,1,28,20
NH4tm;SUCCACONtm,1,0,28,21
NH4tm;SUCOAS1m,1,0,28,21
NH4tm;THFtm,1,0,28,21
NH4tm;THRA,1,1,28,20
NH4tm;THRD_L,0,2,29,19
NH4tm;TPI,1,2,28,19
NH4tm;TSULt4_3,1,1,28,20
NH4tm;TYROX,1,0,28,21
NH4tm;TYRTA,1,0,28,21
NH4tm;UNK3,0,3,29,18
NH4tm;UREAt,1,0,28,21
NH4tm;UREAtm,1,0,28,21
NH4tm;URPT,1,0,28,21
NH4tn;PPItn,0,4,29,17
NH4tp;NKCCt,0,1,29,20
NH4tp;NTD7,1,0,28,21
NH4tp;PFK,0,1,29,20
NH4tp;PGI,0,1,29,20
NH4tp;THFtm,1,0,28,21
NH4tp;TRDR,3,3,26,18
NH4tp;XYLTD_Dr,0,1,29,20
NH4tp;XYLURx,0,1,29,20
NH4tr;PFK,0,1,29,20
NH4tr;PPA,0,1,29,20
NH4tr;PPIPItr,6,5,23,16
NH4tr;TPI,1,1,28,20
NKCCt;O2tp,0,1,29,20
NKCCt;OXAtp,0,1,29,20
NMNDA;PFK,0,1,29,20
NMNDA;PGK,0,1,29,20
NMNDA;PGM,0,1,29,20
NMNDA;PYK7,0,1,29,20
NMNDA;TPI,0,1,29,20
NMNS;O2t,1,0,28,21
NMNS;P5CDm,1,0,28,21
NMNS;PDHa,1,0,28,21
NMNS;PDHbr,1,0,28,21
NMNS;PFK,0,1,29,20
NMNS;PGK,0,1,29,20
NMNS;PGM,0,1,29,20
NMNS;PIGTHRDLtm,1,0,28,21
NMNS;PPAer,1,0,28,21
NMNS;PPIPItr,1,0,28,21
NMNS;PRO1xm,1,0,28,21
NMNS;PROGLUtm,1,0,28,21
NMNS;PYK7,0,1,29,20
NMNS;SO3AKGtm,1,0,28,21
NMNS;SQORm,2,0,27,21
NMNS;THFtm,1,0,28,21
NMNS;TPI,0,1,29,20
NMNS;TSULt4_3,2,0,27,21
NMNS;TYROX,1,0,28,21
NMNS;TYRTA,1,0,28,21
NNDPR;ARTFR12,0,1,29,20
NNDPR;OAADC,0,1,29,20
NNDPR;PFK,0,3,29,18
NNDPR;PGI,0,1,29,20
NNDPR;PGK,0,3,29,18
NNDPR;PGM,0,2,29,19
NNDPR;PGMT,0,1,29,20
NNDPR;PItg,0,1,29,20
NNDPR;PLMCOAPTr,0,1,29,20
NNDPR;PMANM,0,1,29,20
NNDPR;PYK7,0,1,29,20
NNDPR;THBPT4ACAMDASE,0,1,29,20
NNDPR;TPI,0,3,29,18
NNDPR;TRPHYDRO2,0,1,29,20
NNDPR;UAGDP,0,1,29,20
NNDPR;UDPDOLPT,0,1,29,20
NNDPR;UGLCNACtg,0,1,29,20
NRVNCCOAtr;ARTFR32,2,0,27,21
NRVNCCOAtr;ARTFR42,5,1,24,20
NRVNCCOAtr;OCDE9ECOAtr,6,1,23,20
NRVNCCOAtr;RTOT3,2,0,27,21
NRVNCCOAtr;RTOT4,0,1,29,20
NRVNCCOAtr;TRDR,14,10,15,11
NRVNCCOAtxc;PFK,1,0,28,21
NRVNCCOAtxc;PGI,1,0,28,21
NRVNCCOAtxc;PGMT,1,0,28,21
NRVNCCOAtxc;RTOT4,0,1,29,20
NRVNCCOAtxc;TRDR,15,10,14,11
NTD1;PDHa,1,0,28,21
NTD1;PDHbr,1,0,28,21
NTD1;PHCDym,1,0,28,21
NTD1;PPM2,8,0,21,21
NTD1;PROAKGOX1m,1,0,28,21
NTD1;PROGLUtm,1,0,28,21
NTD1;RNDR1,1,0,28,21
NTD1;THYMtm,6,0,23,21
NTD1;TYROX,1,0,28,21
NTD1;TYRTA,1,0,28,21
NTD2;RNDR4,1,0,28,21
NTD3;O2tp,0,1,29,20
NTD3;PGMT,0,1,29,20
NTD3;PIATPLtm,0,4,29,17
NTD3;PPBNGS,0,1,29,20
NTD3;PPItm,0,3,29,18
NTD3;PPM2,1,1,28,20
NTD3;PPPG9tm,0,1,29,20
NTD3;PPPGOm,0,1,29,20
NTD3;RNDR4,0,8,29,13
NTD3;THYMtm,0,1,29,20
NTD3;UDPGCURtr,0,1,29,20
NTD3;UDPGD,0,1,29,20
NTD3;UMPtr,0,1,29,20
NTD3;UPP3S,0,1,29,20
NTD3;UPPDC1,0,1,29,20
NTD5;PFK,0,1,29,20
NTD5;PGI,0,1,29,20
NTD6;PYK6,1,0,28,21
NTD6;RNDR4,1,0,28,21
NTD7;O2tp,2,0,27,21
NTD7;OXAtp,1,0,28,21
NTD7;RTOT4,1,0,28,21
NTD7;SARCOXp,6,0,23,21
NTD7;SARCStm,6,0,23,21
NTD7;SARCStp,6,0,23,21
NTD7;SFGTH,2,0,27,21
O2St;ADPtn,1,0,28,21
O2St;O2Stn,1,0,28,21
O2St;O2t,13,3,16,18
O2St;O2tm,0,1,29,20
O2St;O2tn,1,0,28,21
O2St;PIPLC,1,0,28,21
O2St;SPODMn,1,0,28,21
O2St;TRDR,2,0,27,21
O2Stm;O2t,0,1,29,20
O2Stm;O2tm,0,1,29,20
O2Stn;O2t,9,0,20,21
O2Stn;PIPLC,1,0,28,21
O2Stx;O2t,0,2,29,19
O2Stx;TRDR,3,0,26,21
O2t;ADPtn,9,0,20,21
O2t;O2tm,0,1,29,20
O2t;O2tn,9,0,20,21
O2t;O2tp,0,1,29,20
O2t;PAIL4P_HStn,2,0,27,21
O2t;PAIL_HStn,2,0,27,21
O2t;PGAM1_PhosHydro,0,1,29,20
O2t;PGM,1,0,28,21
O2t;PI4PLC,1,0,28,21
O2t;PIK4n,2,0,27,21
O2t;PIt2m_2,1,0,28,21
O2t;PItx,0,1,29,20
O2t;PPA,5,0,24,21
O2t;PROGLUtm,1,0,28,21
O2t;PROtm,1,0,28,21
O2t;PYK,1,0,28,21
O2t;SBTR,3,1,26,20
O2t;SBT_Dtde,3,1,26,20
O2t;SPODM,3,0,26,21
O2t;SPODMm,0,1,29,20
O2t;SPODMn,9,0,20,21
O2t;SPODMx,0,2,29,19
O2t;SSALym,1,0,28,21
O2t;TCHOLAabc,0,1,29,20
O2t;TCHOLAt2,0,1,29,20
O2t;TCHOLAtx,0,1,29,20
O2t;THFt2,0,1,29,20
O2t;TPI,1,0,28,21
O2t;TXA2tr,0,1,29,20
O2t;TXB2c,0,1,29,20
O2t;TXB2r,0,1,29,20
O2t;TXB2tr,0,1,29,20
O2tm;SPODMm,0,1,29,20
O2tn;PETOHMm_hs,0,1,29,20
O2tn;PIPLC,1,0,28,21
O2tn;PSDm_hs,0,1,29,20
O2tn;PSFLIPm,0,1,29,20
O2tp;PFK,1,1,28,20
O2tp;PGI,1,1,28,20
O2tp;PGMT,1,0,28,21
O2tp;RTOT4,0,1,29,20
O2tp;THFtm,1,0,28,21
O2tp;TRDR,8,8,21,13
O2tp;URIK4,0,1,29,20
OAADC;PEPCK,0,7,29,14
OAADC;PYRtm,0,1,29,20
OAADC;QUILSYN,0,1,29,20
OAADC;TRPO2,0,1,29,20
OBDHc;ACITLn,1,0,28,21
OBDHc;ADPtn,1,0,28,21
OBDHc;CITtn,1,0,28,21
OBDHc;OAAtn,1,0,28,21
OBDHc;OXALSUCCCLm,1,0,28,21
OBDHc;PItn,1,0,28,21
OBDHc;PPCOACRNtm,1,0,28,21
OBDHc;PPCOAtm,1,0,28,21
OBDHc;PPItm,0,1,29,20
OBDHc;THFtm,0,1,29,20
OBDHc;TTDCPT1,1,0,28,21
OBDHc;TTDCPT2,1,0,28,21
OBDHc;TTDCRNt,1,0,28,21
OCDCAFATPc;ARTFR13,0,1,29,20
OCDCAFATPc;ARTFR43,0,1,29,20
OCDCAFATPc;OCTD11ECOAtr,0,1,29,20
OCDCAFATPc;RTOT4,0,1,29,20
OCDCAFATPc;TECR181,0,1,29,20
OCDCAFATPc;TTDCAFATPc,0,1,29,20
OCDCAFATPc;TTDCAtr,0,1,29,20
OCDE9ECOAtr;ARTFR12,0,1,29,20
OCDE9ECOAtr;ARTFR41,1,1,28,20
OCDE9ECOAtr;ARTFR45,6,1,23,20
OCDE9ECOAtr;ARTFR52,2,2,27,19
OCDE9ECOAtr;ARTPLM1m,0,2,29,19
OCDE9ECOAtr;PGMT,1,0,28,21
OCDE9ECOAtr;PItg,1,0,28,21
OCDE9ECOAtr;PPCOACRNtm,0,1,29,20
OCDE9ECOAtr;RTOT4,2,0,27,21
OCDE9ECOAtr;RTOT5,2,2,27,19
OCDE9ECOAtr;R_group_phosphotase_1,0,2,29,19
OCDE9ECOAtr;SE4,0,4,29,17
OCDE9ECOAtr;SOAT3,0,4,29,17
OCDE9ECOAtr;TECR200,2,2,27,19
OCDE9ECOAtr;TECR201,6,1,23,20
OCDE9ECOAtr;TECR220,2,2,27,19
OCDE9ECOAtr;TECR221,6,1,23,20
OCDE9ECOAtr;TECR240,2,2,27,19
OCDE9ECOAtr;TECR241,6,1,23,20
OCDE9ECOAtr;TECR260,2,2,27,19
OCDE9ECOAtr;UDPG4E,1,0,28,21
OCDE9ECOAtr;UDPGALtg,1,0,28,21
OCOAT1m;ACITLn,2,0,27,21
OCOAT1m;ADPtn,2,0,27,21
OCOAT1m;CITtn,2,0,27,21
OCOAT1m;OAAtn,2,0,27,21
OCOAT1m;OXALSUCCCLm,2,0,27,21
OCOAT1m;PEPCK,1,0,28,21
OCOAT1m;PItn,2,0,27,21
OCOAT1m;PROtm,1,0,28,21
OCTD11ECOAtr;ARTFR12,0,1,29,20
OCTD11ECOAtr;ARTPLM1m,0,1,29,20
OCTD11ECOAtr;RTOT5,0,1,29,20
OCTD11ECOAtr;TECR180,8,2,21,19
ORNDC;PTRCtm,1,0,28,21
ORNDC;PUNP1,1,0,28,21
ORNDC;UREAt,1,0,28,21
ORNDC;UREAtm,1,0,28,21
OXALSUCCCLm;ARTFR12,1,0,28,21
OXALSUCCCLm;PIGTHRDLtm,1,0,28,21
OXALSUCCCLm;PIt2m_2,3,0,26,21
OXALSUCCCLm;PLMCOAPTr,1,0,28,21
OXALSUCCCLm;PPCOAOm,1,0,28,21
OXALSUCCCLm;PPCOAtm,1,0,28,21
OXALSUCCCLm;PPItm,1,0,28,21
OXALSUCCCLm;PRPNCOAHYDm,1,0,28,21
OXALSUCCCLm;THFtm,2,0,27,21
OXALSUCCCLm;THRD_L,1,0,28,21
OXAtp;TRDR,2,0,27,21
OXOADLR;PIGTHRDLtm,0,1,29,20
OXOADLR;TRDR,2,0,27,21
P5CDm;PGMT,1,0,28,21
P5CDm;UAGDP,1,0,28,21
PAIL4P_HStn;PIPLC,1,0,28,21
PAIL_HStn;PIPLC,1,0,28,21
PCFLOPm;PSSA1_hs,3,0,26,21
PCFLOPm;PSSA2_hs,2,0,27,21
PCFLOPm;SFGTH,0,1,29,20
PCHOLPm_hs;PFK,0,1,29,20
PCHOLPm_hs;PGI,0,1,29,20
PCLAD;PIGTHRDLtm,0,1,29,20
PCOREM3terg;PIt7,1,0,28,21
PCOREM3terg;R5Ptr,9,7,20,14
PCOREM3terg;RPIr,9,7,20,14
PCOREM3terg;RU5Ptr,9,7,20,14
PCREATtmdiffir;PPItm,1,0,28,21
PCREATtmdiffir;UREAt,1,0,28,21
PCRNtm;PIt2m_2,1,0,28,21
PCRNtm;PPItm,1,0,28,21
PCRNtm;TTDCPT1,1,0,28,21
PCRNtm;TTDCPT2,1,0,28,21
PCRNtm;TTDCRNt,1,0,28,21
PDE4;PFK,1,0,28,21
PDE4;PGI,1,0,28,21
PDE4;PGMT,1,0,28,21
PDHa;PGI,1,0,28,21
PDHa;PGMT,1,0,28,21
PDHa;PItg,1,0,28,21
PDHa;UAGDP,1,0,28,21
PDHa;UDPG4E,1,0,28,21
PDHa;UDPGALt2r,1,0,28,21
PDHa;UDPGALtg,1,0,28,21
PDHa;UDPGGPGTr,1,0,28,21
PDHa;UGCGc,1,0,28,21
PDHa;UMPtr,1,0,28,21
PDHbr;PGI,1,0,28,21
PDHbr;PGMT,1,0,28,21
PDHbr;PItg,1,0,28,21
PDHbr;UAGDP,1,0,28,21
PDHbr;UDPG4E,1,0,28,21
PDHbr;UDPGALt2r,1,0,28,21
PDHbr;UDPGALtg,1,0,28,21
PDHbr;UDPGGPGTr,1,0,28,21
PDHbr;UGCGc,1,0,28,21
PDHbr;UMPtr,1,0,28,21
PEMET1;PSDm_hs,19,4,10,17
PEMET1;PSFLIPm,19,4,10,17
PEMET1;PSSA1_hs,1,0,28,21
PEMET1;PSSA2_hs,2,0,27,21
PEMET2;PSDm_hs,19,4,10,17
PEMET2;PSFLIPm,19,4,10,17
PEMET2;PSSA1_hs,1,0,28,21
PEMET2;PSSA2_hs,2,0,27,21
PEPCK;PFK,0,1,29,20
PEPCK;PFK_3,1,0,28,21
PEPCK;PGI,1,0,28,21
PEPCK;PGK,4,0,25,21
PEPCK;PGM,5,0,24,21
PEPCK;PGMT,1,0,28,21
PEPCK;PYRtm,2,1,27,20
PEPCK;R5Ptr,1,0,28,21
PEPCK;RPIr,1,0,28,21
PEPCK;RU5Ptr,1,0,28,21
PEPCK;SBTD_D2,1,0,28,21
PEPCK;SBTR,1,0,28,21
PEPCK;SQORm,4,0,25,21
PEPCK;THYMtm,1,0,28,21
PEPCK;TKT1,1,0,28,21
PEPCK;TKT2,1,0,28,21
PEPCK;TPI,2,1,27,20
PEPCK;TSULt4_3,4,0,25,21
PEPCK;UDPG4E,1,0,28,21
PEPCK;UGLT,1,0,28,21
PEPCK;XYLK,1,0,28,21
PEPCK;XYLTD_Dr,1,0,28,21
PEPCK;XYLURx,1,0,28,21
PETHCT;PSSA1_hs,0,1,29,20
PETHCT;PSSA2_hs,0,1,29,20
PETOHMm_hs;PFK,0,1,29,20
PETOHMm_hs;PGI,0,1,29,20
PETOHMm_hs;PSSA1_hs,3,0,26,21
PETOHMm_hs;PSSA2_hs,2,0,27,21
PETOHMm_hs;PYRAKGte,0,1,29,20
PETOHMm_hs;SFGTH,0,1,29,20
PETOHMm_hs;TYRDOPO,0,1,29,20
PE_HStm;PEMET1,19,4,10,17
PE_HStm;PEMET2,19,4,10,17
PE_HStm;PSSA2_hs,4,4,25,17
PE_HStm;R_group_phosphotase_1,1,0,28,21
PFK2;PGI,0,1,29,20
PFK2;PYK,1,0,28,21
PFK2;RPE,0,2,29,19
PFK2;TKT1,0,2,29,19
PFK2;TKT2,0,2,29,19
PFK;ARTFR41,0,1,29,20
PFK;PFK_3,2,3,27,18
PFK;PFK_4,0,1,29,20
PFK;PGI,1,2,28,19
PFK;PGMT,0,1,29,20
PFK;PGS,1,0,28,21
PFK;PIGTHRDLtm,1,0,28,21
PFK;PIter,1,0,28,21
PFK;PLMCOAPTr,0,1,29,20
PFK;PPBNGS,0,1,29,20
PFK;PPPG9tm,0,1,29,20
PFK;PPPGOm,0,1,29,20
PFK;PROSTGF2t,1,0,28,21
PFK;PROtm,1,0,28,21
PFK;PTGFS,1,0,28,21
PFK;PYRt2p,1,0,28,21
PFK;QUILSYN,0,3,29,18
PFK;R5Ptr,0,1,29,20
PFK;RPE,2,3,27,18
PFK;RPIr,0,1,29,20
PFK;RTOT4,0,1,29,20
PFK;RU5Ptr,2,3,27,18
PFK;SARCOXp,0,1,29,20
PFK;SARCStm,0,1,29,20
PFK;SARCStp,0,1,29,20
PFK;SQORm,0,1,29,20
PFK;THYMtm,0,1,29,20
PFK;TKT1,2,3,27,18
PFK;TKT2,2,3,27,18
PFK;TMDPP,0,1,29,20
PFK;TPI,0,6,29,15
PFK;TRPO2,0,3,29,18
PFK;TSULt4_3,0,1,29,20
PFK;UDPGCURtr,0,1,29,20
PFK;UDPGD,0,1,29,20
PFK;UGT1A2r,0,1,29,20
PFK;UMPtr,0,1,29,20
PFK;UPP3S,0,1,29,20
PFK;UPPDC1,0,1,29,20
PFK_3;PFK2,0,2,29,19
PFK_3;PGI,3,4,26,17
PFK_3;PIt2m_2,1,0,28,21
PFK_4;PGI,2,1,27,20
PFK_4;PPM2,0,1,29,20
PFK_4;TPI,0,1,29,20
PGAM1_PhosHydro;ARTFR12,0,1,29,20
PGAM1_PhosHydro;PLMCOAPTr,0,1,29,20
PGAM1_PhosHydro;PPIPItr,0,1,29,20
PGAM1_PhosHydro;UROLACer,0,1,29,20
PGI;ARTFR41,1,1,28,20
PGI;PGK,1,0,28,21
PGI;PGL,1,0,28,21
PGI;PGM,1,0,28,21
PGI;PGMT,0,1,29,20
PGI;PGS,1,0,28,21
PGI;PIter,1,0,28,21
PGI;PLMCOAPTr,1,1,28,20
PGI;PPAer,1,0,28,21
PGI;PPBNGS,0,1,29,20
PGI;PPIPItr,1,0,28,21
PGI;PPPG9tm,0,1,29,20
PGI;PPPGOm,0,1,29,20
PGI;PROSTGF2t,1,0,28,21
PGI;PROtm,1,0,28,21
PGI;PTGFS,1,0,28,21
PGI;PYK,1,0,28,21
PGI;PYK7,1,0,28,21
PGI;PYRt2p,1,0,28,21
PGI;PYRtm,1,0,28,21
PGI;QUILSYN,0,1,29,20
PGI;RPE,5,5,24,16
PGI;RTOT4,0,1,29,20
PGI;RU5Ptr,4,2,25,19
PGI;SARCOXp,0,1,29,20
PGI;SARCStm,0,1,29,20
PGI;SARCStp,0,1,29,20
PGI;SQORm,0,1,29,20
PGI;THYMtm,0,1,29,20
PGI;TKT1,5,5,24,16
PGI;TKT2,5,5,24,16
PGI;TMDPP,0,1,29,20
PGI;TPI,2,1,27,20
PGI;TRPO2,0,1,29,20
PGI;TSULt4_3,0,1,29,20
PGI;UDPGCURtr,0,1,29,20
PGI;UDPGD,0,1,29,20
PGI;UGT1A2r,0,1,29,20
PGI;UMPtr,0,1,29,20
PGI;UPP3S,0,1,29,20
PGI;UPPDC1,0,1,29,20
PGK;ARTFR41,1,0,28,21
PGK;PIGTHRDLtm,0,1,29,20
PGK;PIMALtm,0,1,29,20
PGK;PIt2m_2,4,0,25,21
PGK;PItg,1,0,28,21
PGK;PLMCOAPTr,1,0,28,21
PGK;PYK,2,0,27,21
PGK;PYRtm,0,3,29,18
PGK;QUILSYN,0,3,29,18
PGK;R5Ptr,1,0,28,21
PGK;RBFK,1,0,28,21
PGK;RIBFLVt6,1,0,28,21
PGK;RPIr,1,0,28,21
PGK;RTOT4,1,0,28,21
PGK;RU5Ptr,1,0,28,21
PGK;SO4AKGtm,0,1,29,20
PGK;SO4MALtm,0,1,29,20
PGK;SQORm,1,3,28,18
PGK;THFtm,0,1,29,20
PGK;THYMtm,1,0,28,21
PGK;TPI,1,3,28,18
PGK;TRPO2,0,3,29,18
PGK;TSULt4_3,1,3,28,18
PGK;UDPG4E,1,0,28,21
PGK;UDPGALt2r,1,0,28,21
PGK;UDPGALtg,1,0,28,21
PGK;UDPGGPGTr,1,0,28,21
PGK;UGCGc,1,0,28,21
PGK;UMPtr,1,0,28,21
PGM;ARTFR41,1,0,28,21
PGM;PIGTHRDLtm,0,1,29,20
PGM;PIMALtm,0,1,29,20
PGM;PIt2m_2,4,0,25,21
PGM;PItg,1,0,28,21
PGM;PLMCOAPTr,1,0,28,21
PGM;PYK,2,0,27,21
PGM;PYRtm,0,3,29,18
PGM;QUILSYN,0,2,29,19
PGM;R5Ptr,1,0,28,21
PGM;RBFK,1,0,28,21
PGM;RIBFLVt6,1,0,28,21
PGM;RPIr,1,0,28,21
PGM;RTOT4,1,0,28,21
PGM;RU5Ptr,1,0,28,21
PGM;SO4AKGtm,0,1,29,20
PGM;SO4MALtm,0,1,29,20
PGM;SQORm,1,3,28,18
PGM;THFtm,0,1,29,20
PGM;THYMtm,1,0,28,21
PGM;TPI,1,3,28,18
PGM;TRPO2,0,2,29,19
PGM;TSULt4_3,1,3,28,18
PGM;UDPG4E,1,0,28,21
PGM;UDPGALt2r,1,0,28,21
PGM;UDPGALtg,1,0,28,21
PGM;UDPGGPGTr,1,0,28,21
PGM;UGCGc,1,0,28,21
PGM;UMPtr,1,0,28,21
PGMT;ARTFR42,1,0,28,21
PGMT;PGS,1,0,28,21
PGMT;PIGTHRDLtm,1,0,28,21
PGMT;PIt7,1,0,28,21
PGMT;PIter,1,0,28,21
PGMT;PPAer,2,0,27,21
PGMT;PPIPItr,2,0,27,21
PGMT;PPItm,0,1,29,20
PGMT;PROSTGF2t,1,0,28,21
PGMT;PROtm,1,0,28,21
PGMT;PTGFS,1,0,28,21
PGMT;PYK2,1,0,28,21
PGMT;PYK7,1,0,28,21
PGMT;PYRAKGte,1,0,28,21
PGMT;PYRt2p,1,0,28,21
PGMT;PYRtm,1,0,28,21
PGMT;QUILSYN,0,1,29,20
PGMT;R5Ptr,8,7,21,14
PGMT;RPIr,8,7,21,14
PGMT;RU5Ptr,8,7,21,14
PGMT;TRPO2,1,1,28,20
PGMT;URIK4,0,1,29,20
PGS;TRDR,15,10,14,11
PHETHPTOX;TYRt4,1,0,28,21
PHEt4;THRPHELAT2tc,2,0,27,21
PHEt4;THRt4,2,0,27,21
PIGTHRDLtm;ARTFR12,0,1,29,20
PIGTHRDLtm;PIt2m_2,7,0,22,21
PIGTHRDLtm;PPAm,1,0,28,21
PIGTHRDLtm;PPItm,1,0,28,21
PIGTHRDLtm;PROtm,1,1,28,20
PIGTHRDLtm;PYK7,0,1,29,20
PIGTHRDLtm;PYRAKGte,0,1,29,20
PIGTHRDLtm;PYRtm,1,1,28,20
PIGTHRDLtm;SUCOAS1m,1,0,28,21
PIGTHRDLtm;TD2GLTRCOAm,0,1,29,20
PIGTHRDLtm;THRA,1,0,28,21
PIGTHRDLtm;TPI,1,1,28,20
PIGTHRDLtm;TRPO2,0,1,29,20
PIGTHRDLtm;UAGDP,1,0,28,21
PIK4;PIPLC,13,0,16,21
PIK4n;PIPLC,1,0,28,21
PIMALtm;PYK7,0,1,29,20
PIMALtm;RTOTALCRNCPT1,0,1,29,20
PIMALtm;RTOTALCRNCPT2,0,1,29,20
PIMALtm;RTOTALCRNt,0,1,29,20
PIMALtm;TPI,0,1,29,20
PIPLC;ADPtn,1,0,28,21
PIPLC;PYK,1,0,28,21
PIPLC;SPODMn,1,0,28,21
PIt2m_2;ARTFR41,1,0,28,21
PIt2m_2;PLMCOAPTr,1,0,28,21
PIt2m_2;PPCOAOm,1,0,28,21
PIt2m_2;PROtm,2,0,27,21
PIt2m_2;PRPNCOAHYDm,1,0,28,21
PIt2m_2;PYRAKGte,1,0,28,21
PIt2m_2;RTOT4,1,0,28,21
PIt2m_2;TKT1,1,0,28,21
PIt2m_2;TKT2,1,0,28,21
PIt2m_2;TPI,3,0,26,21
PIt2m_2;TRPO2,1,0,28,21
PIt2m_2;TYROX,1,0,28,21
PIt2m_2;TYRTA,1,0,28,21
PIt2m_2;XYLK,1,0,28,21
PIt2m_2;XYLTD_Dr,1,0,28,21
PIt2m_2;XYLURx,1,0,28,21
PIt7;PItg,1,0,28,21
PIt7;PMANM,1,0,28,21
PIt7;POCDPRBTLT2g,1,0,28,21
PIt7;POCDPRBTLTg,1,0,28,21
PIt7;POGLCNACTg,1,0,28,21
PIt7;POMGNGALNTr,1,0,28,21
PIt7;POMGNTr,1,0,28,21
PIt7;POMKr,1,0,28,21
PIt7;POXYLTg,1,0,28,21
PIt7;RBT5PCYTr,1,0,28,21
PIt7;RBT5PDH,1,0,28,21
PIt7;RU5Ptr,1,0,28,21
PIt7;UACGAMUMPtr,1,0,28,21
PIt7;UAG4E,1,0,28,21
PIt7;UAGDP,1,0,28,21
PIt7;UDPGD,1,0,28,21
PIt7;UDPGLCAtg,1,0,28,21
PIt7;UDPGLDCg,1,0,28,21
PIt7;UGALNACter,1,0,28,21
PIt7;UGLCNACtg,1,0,28,21
PIter;PPA,1,0,28,21
PItg;ARTFR42,1,0,28,21
PItg;PYK2,1,0,28,21
PItg;PYK7,1,0,28,21
PItg;PYRtm,1,0,28,21
PItg;QUILSYN,0,1,29,20
PItg;R5Ptr,9,7,20,14
PItg;RPIr,9,7,20,14
PItg;RU5Ptr,9,7,20,14
PItg;TPI,1,0,28,21
PItg;TRPO2,0,1,29,20
PItg;UDPGD,1,0,28,21
PItn;ARTFR12,1,0,28,21
PItn;PLMCOAPTr,1,0,28,21
PItn;PPCOAOm,1,0,28,21
PItn;PPCOAtm,1,0,28,21
PItn;PPItn,0,4,29,17
PItn;PRPNCOAHYDm,1,0,28,21
PItn;THRD_L,1,0,28,21
PItx;PMEVKc,0,2,29,19
PLMCOAPTr;ACITLn,1,0,28,21
PLMCOAPTr;ADPtn,1,0,28,21
PLMCOAPTr;CITtn,1,0,28,21
PLMCOAPTr;OAAtn,1,0,28,21
PLMCOAPTr;QUILSYN,0,1,29,20
PLMCOAPTr;TPI,1,0,28,21
PLMCOAPTr;TRPO2,0,1,29,20
PMANM;QUILSYN,0,1,29,20
PMANM;R5Ptr,9,7,20,14
PMANM;RPIr,9,7,20,14
PMANM;RU5Ptr,9,7,20,14
PMANM;TRPO2,0,1,29,20
PMEVKc;PMEVKx,0,2,29,19
PMTCOAFABP1tc;PMTCOAPTr,2,4,27,17
POCDPRBTLT2g;R5Ptr,9,7,20,14
POCDPRBTLT2g;RPIr,9,7,20,14
POCDPRBTLT2g;RU5Ptr,9,7,20,14
POCDPRBTLTg;R5Ptr,9,7,20,14
POCDPRBTLTg;RPIr,9,7,20,14
POCDPRBTLTg;RU5Ptr,9,7,20,14
POGLCNACTg;R5Ptr,9,7,20,14
POGLCNACTg;RPIr,9,7,20,14
POGLCNACTg;RU5Ptr,9,7,20,14
POMGNGALNTr;R5Ptr,9,7,20,14
POMGNGALNTr;RPIr,9,7,20,14
POMGNGALNTr;RU5Ptr,9,7,20,14
POMGNTr;R5Ptr,9,7,20,14
POMGNTr;RPIr,9,7,20,14
POMGNTr;RU5Ptr,9,7,20,14
POMKr;R5Ptr,9,7,20,14
POMKr;RPIr,9,7,20,14
POMKr;RU5Ptr,9,7,20,14
POXYLTg;R5Ptr,9,7,20,14
POXYLTg;RPIr,9,7,20,14
POXYLTg;RU5Ptr,9,7,20,14
PPA;PPAer,19,14,10,7
PPA;PPIPItr,1,5,28,16
PPA;PYK,1,0,28,21
PPA;UROLACer,1,1,28,20
PPAPA;PPCOACRNtm,0,1,29,20
PPAPA;RTOTALCRNCPT1,0,4,29,17
PPAPA;RTOTALCRNCPT2,0,4,29,17
PPAPA;RTOTALCRNt,0,4,29,17
PPAer;PPIPItr,22,14,7,7
PPAer;UDPGD,1,0,28,21
PPAn;PPItn,0,4,29,17
PPBNGS;PPItm,0,1,29,20
PPBNGS;URIK4,0,1,29,20
PPCOACRNtm;ARTFR13,0,1,29,20
PPCOACRNtm;ARTFR42,0,1,29,20
PPCOACRNtm;PPCOAOm,1,0,28,21
PPCOACRNtm;PPCOAtm,2,3,27,18
PPCOACRNtm;PPIOGLYc,0,1,29,20
PPCOACRNtm;PPIOGLYte,0,1,29,20
PPCOACRNtm;PPIOGLYtm,0,1,29,20
PPCOACRNtm;PPItm,0,1,29,20
PPCOACRNtm;PROtm,0,1,29,20
PPCOACRNtm;PRPNCOAHYDm,1,0,28,21
PPCOACRNtm;RTOT1,0,1,29,20
PPCOACRNtm;TECR180,0,1,29,20
PPCOACRNtm;THFtm,0,1,29,20
PPCOACRNtm;THR3Dx,1,0,28,21
PPCOACRNtm;THRD_L,1,0,28,21
PPCOACm;PPItm,0,1,29,20
PPCOAOm;ACITLn,1,0,28,21
PPCOAOm;ADPtn,1,0,28,21
PPCOAOm;CITtn,1,0,28,21
PPCOAOm;OAAtn,1,0,28,21
PPCOAOm;PPIOGLYc,0,1,29,20
PPCOAOm;PPIOGLYte,0,1,29,20
PPCOAOm;PPIOGLYtm,0,1,29,20
PPCOAOm;PPItm,3,0,26,21
PPCOAOm;TTDCPT1,1,0,28,21
PPCOAOm;TTDCPT2,1,0,28,21
PPCOAOm;TTDCRNt,1,0,28,21
PPCOAtm;ACITLn,1,0,28,21
PPCOAtm;ADPtn,1,0,28,21
PPCOAtm;CITtn,1,0,28,21
PPCOAtm;OAAtn,1,0,28,21
PPCOAtm;PPItm,1,0,28,21
PPCOAtm;RTOTALCRNCPT1,0,1,29,20
PPCOAtm;RTOTALCRNCPT2,0,1,29,20
PPCOAtm;RTOTALCRNt,0,1,29,20
PPCOAtm;R_group_phosphotase_1,0,1,29,20
PPCOAtm;Rtotaltm,0,1,29,20
PPCOAtm;THRD_L,1,0,28,21
PPCOAtm;TTDCPT1,2,1,27,20
PPCOAtm;TTDCPT2,2,1,27,20
PPCOAtm;TTDCRNt,2,1,27,20
PPD2CSPp;TRDR,2,0,27,21
PPIOGLYc;PPItm,0,1,29,20
PPIOGLYc;PRPNCOAHYDm,0,1,29,20
PPIOGLYc;TIGGLYc,0,2,29,19
PPIOGLYc;TIGGLYte,0,2,29,19
PPIOGLYc;TIGGLYtm,0,2,29,19
PPIOGLYc;TTDCPT1,0,1,29,20
PPIOGLYc;TTDCPT2,0,1,29,20
PPIOGLYc;TTDCRNt,0,1,29,20
PPIOGLYte;PPItm,0,1,29,20
PPIOGLYte;PRPNCOAHYDm,0,1,29,20
PPIOGLYte;TIGGLYc,0,2,29,19
PPIOGLYte;TIGGLYte,0,2,29,19
PPIOGLYte;TIGGLYtm,0,2,29,19
PPIOGLYte;TTDCPT1,0,1,29,20
PPIOGLYte;TTDCPT2,0,1,29,20
PPIOGLYte;TTDCRNt,0,1,29,20
PPIOGLYtm;PPItm,0,1,29,20
PPIOGLYtm;PRPNCOAHYDm,0,1,29,20
PPIOGLYtm;TIGGLYc,0,2,29,19
PPIOGLYtm;TIGGLYte,0,2,29,19
PPIOGLYtm;TIGGLYtm,0,2,29,19
PPIOGLYtm;TTDCPT1,0,1,29,20
PPIOGLYtm;TTDCPT2,0,1,29,20
PPIOGLYtm;TTDCRNt,0,1,29,20
PPIPItr;UDPGD,1,0,28,21
PPItm;PPPG9tm,0,1,29,20
PPItm;PPPGOm,0,1,29,20
PPItm;PRPNCOAHYDm,3,0,26,21
PPItm;PYK,1,0,28,21
PPItm;PYRtm,1,0,28,21
PPItm;SSALym,1,0,28,21
PPItm;SUCOAS1m,1,0,28,21
PPItm;THR3Dx,1,0,28,21
PPItm;THRD_L,0,1,29,20
PPItm;TRDR,1,0,28,21
PPItm;TYROX,1,0,28,21
PPItm;TYRTA,1,0,28,21
PPItm;UDPGCURtr,0,1,29,20
PPItm;UDPGD,0,1,29,20
PPItm;UMPtr,0,1,29,20
PPItm;UPP3S,0,1,29,20
PPItm;UPPDC1,0,1,29,20
PPItn;Uritn,0,4,29,17
PPM2;PYK6,2,0,27,21
PPM2;RNDR4,2,0,27,21
PPM2;RPE,0,1,29,20
PPM2;TKT1,0,1,29,20
PPM2;TKT2,0,1,29,20
PPPG9tm;URIK4,0,1,29,20
PPPGOm;URIK4,0,1,29,20
PRISTANALtx;TRDR,7,0,22,21
PRISTCOAtcx;TRDR,2,0,27,21
PRISTtx;TRDR,4,0,25,21
PROGLUtm;PYK,1,0,28,21
PROSTGF2t;TRDR,15,10,14,11
PROt2r;PROt4,27,11,2,10
PROtm;PYK,1,0,28,21
PROtm;R5Ptr,0,1,29,20
PROtm;RPIr,0,1,29,20
PROtm;RTOT4,0,1,29,20
PROtm;RTOTALCRNCPT1,0,2,29,19
PROtm;RTOTALCRNCPT2,0,2,29,19
PROtm;RTOTALCRNt,0,2,29,19
PROtm;RU5Ptr,0,1,29,20
PROtm;R_group_phosphotase_1,0,1,29,20
PROtm;Rtotaltm,0,1,29,20
PROtm;SMOX,0,1,29,20
PROtm;SPRMS,0,1,29,20
PROtm;SUCCICITtm,1,0,28,21
PROtm;SUCOAS1m,1,0,28,21
PROtm;TPI,1,0,28,21
PROtm;UAGDP,1,0,28,21
PROtm;UNK3,0,1,29,20
PRPNCOAHYDm;ACITLn,1,0,28,21
PRPNCOAHYDm;ADPtn,1,0,28,21
PRPNCOAHYDm;CITtn,1,0,28,21
PRPNCOAHYDm;OAAtn,1,0,28,21
PRPNCOAHYDm;TTDCPT1,1,0,28,21
PRPNCOAHYDm;TTDCPT2,1,0,28,21
PRPNCOAHYDm;TTDCRNt,1,0,28,21
PSDm_hs;PSSA1_hs,1,0,28,21
PSDm_hs;PSSA2_hs,4,4,25,17
PSDm_hs;PYRAKGte,2,1,27,20
PSDm_hs;R_group_phosphotase_1,1,0,28,21
PSDm_hs;SFGTH,0,1,29,20
PSDm_hs;TYRDOPO,1,1,28,20
PSFLIPm;PSSA1_hs,1,0,28,21
PSFLIPm;PSSA2_hs,4,4,25,17
PSFLIPm;PYRAKGte,2,1,27,20
PSFLIPm;R_group_phosphotase_1,1,0,28,21
PSFLIPm;SFGTH,0,1,29,20
PSFLIPm;TYRDOPO,1,1,28,20
PSSA1_hs;PSSA2_hs,2,1,27,20
PTGFS;TRDR,15,10,14,11
PUNP1;RNDR1,1,0,28,21
PUNP1;RNDR4,1,0,28,21
PUNP1;SPMDSH,1,0,28,21
PUNP1;SPMS,1,0,28,21
PUNP1;UNK3,1,0,28,21
PUNP2;PYK6,1,0,28,21
PUNP2;RNDR1,1,0,28,21
PUNP2;RNDR4,1,0,28,21
PYK2;SBTR,1,0,28,21
PYK2;SBT_Dtde,1,0,28,21
PYK2;SUCOAS1m,1,0,28,21
PYK2;UAG4E,1,0,28,21
PYK2;UAGDP,1,0,28,21
PYK2;UDPG4E,1,0,28,21
PYK2;UDPGALtg,1,0,28,21
PYK2;UGALNACtg,1,0,28,21
PYK2;UGLCNACtg,1,0,28,21
PYK2;UMPK5,1,0,28,21
PYK4;R5Ptr,2,1,27,20
PYK4;RPIr,2,1,27,20
PYK4;RU5Ptr,2,1,27,20
PYK7;PYRtm,0,2,29,19
PYK7;QUILSYN,0,1,29,20
PYK7;SO4AKGtm,0,1,29,20
PYK7;SO4MALtm,0,1,29,20
PYK7;SQORm,0,2,29,19
PYK7;THFtm,0,1,29,20
PYK7;TPI,0,2,29,19
PYK7;TRPO2,0,1,29,20
PYK7;TSULt4_3,0,2,29,19
PYK7;UAGDP,1,0,28,21
PYK7;UDPG4E,1,0,28,21
PYK7;UDPGALt2r,1,0,28,21
PYK7;UDPGALtg,1,0,28,21
PYK7;UDPGGPGTr,1,0,28,21
PYK7;UGCGc,1,0,28,21
PYK7;UMPtr,1,0,28,21
PYK;PYK7,1,1,28,20
PYK;PYRtm,2,0,27,21
PYK;SQORm,3,0,26,21
PYK;SSALym,1,0,28,21
PYK;TSULt4_3,3,0,26,21
PYNP2r;RNDR1,1,0,28,21
PYNP2r;RNDR4,1,0,28,21
PYNP2r;URIK1,0,1,29,20
PYRAKGte;PYRtm,0,1,29,20
PYRAKGte;SQORm,0,1,29,20
PYRAKGte;TRDR,1,0,28,21
PYRAKGte;TSULt4_3,0,1,29,20
PYRAKGte;UAGDP,1,0,28,21
PYRLACte;PYRt2r,1,0,28,21
PYRt2p;TRDR,3,1,26,20
PYRtm;THFtm,1,0,28,21
PYRtm;TPI,0,3,29,18
PYRtm;UAGDP,1,0,28,21
PYRtm;UDPG4E,1,0,28,21
PYRtm;UDPGALt2r,1,0,28,21
PYRtm;UDPGALtg,1,0,28,21
PYRtm;UDPGGPGTr,1,0,28,21
PYRtm;UGCGc,1,0,28,21
PYRtm;UMPtr,1,0,28,21
QUILSYN;ARTFR12,0,1,29,20
QUILSYN;THBPT4ACAMDASE,0,1,29,20
QUILSYN;TPI,0,3,29,18
QUILSYN;TRPHYDRO2,0,1,29,20
QUILSYN;UAGDP,0,1,29,20
QUILSYN;UDPDOLPT,0,1,29,20
QUILSYN;UGLCNACtg,0,1,29,20
R5Ptr;RBT5PCYTr,9,7,20,14
R5Ptr;RBT5PDH,9,7,20,14
R5Ptr;THRA,1,0,28,21
R5Ptr;UACGAMUMPtr,9,7,20,14
R5Ptr;UAG4E,9,7,20,14
R5Ptr;UAGDP,9,7,20,14
R5Ptr;UDPG4E,1,0,28,21
R5Ptr;UDPGD,9,7,20,14
R5Ptr;UDPGLCAtg,9,7,20,14
R5Ptr;UDPGLDCg,9,7,20,14
R5Ptr;UGALNACter,9,7,20,14
R5Ptr;UGLCNACtg,9,7,20,14
R5Ptr;UGLT,1,0,28,21
RBFK;TPI,1,0,28,21
RBT5PCYTr;RPIr,9,7,20,14
RBT5PCYTr;RU5Ptr,9,7,20,14
RBT5PDH;RPIr,9,7,20,14
RBT5PDH;RU5Ptr,9,7,20,14
RIBFLVt6;TPI,1,0,28,21
RNDR1;RNDR4,1,0,28,21
RNDR1;URIK4,1,0,28,21
RPE;TPI,0,1,29,20
RPIr;THRA,1,0,28,21
RPIr;UACGAMUMPtr,9,7,20,14
RPIr;UAG4E,9,7,20,14
RPIr;UAGDP,9,7,20,14
RPIr;UDPG4E,1,0,28,21
RPIr;UDPGD,9,7,20,14
RPIr;UDPGLCAtg,9,7,20,14
RPIr;UDPGLDCg,9,7,20,14
RPIr;UGALNACter,9,7,20,14
RPIr;UGLCNACtg,9,7,20,14
RPIr;UGLT,1,0,28,21
RTOT1;R_group_phosphotase_1,0,2,29,19
RTOT3;RTOT4,3,0,26,21
RTOT4;RTOT5,5,3,24,18
RTOT4;R_group_phosphotase_1,0,1,29,20
RTOTALCRNCPT1;SO3AKGtm,0,1,29,20
RTOTALCRNCPT1;SO3MALtm,0,1,29,20
RTOTALCRNCPT1;SUCCICITtm,0,1,29,20
RTOTALCRNCPT2;SO3AKGtm,0,1,29,20
RTOTALCRNCPT2;SO3MALtm,0,1,29,20
RTOTALCRNCPT2;SUCCICITtm,0,1,29,20
RTOTALCRNt;SO3AKGtm,0,1,29,20
RTOTALCRNt;SO3MALtm,0,1,29,20
RTOTALCRNt;SUCCICITtm,0,1,29,20
RU5Ptr;THRA,1,0,28,21
RU5Ptr;UACGAMUMPtr,9,7,20,14
RU5Ptr;UAG4E,9,7,20,14
RU5Ptr;UAGDP,9,7,20,14
RU5Ptr;UDPG4E,1,0,28,21
RU5Ptr;UDPGD,9,7,20,14
RU5Ptr;UDPGLCAtg,9,7,20,14
RU5Ptr;UDPGLDCg,9,7,20,14
RU5Ptr;UGALNACter,9,7,20,14
RU5Ptr;UGLCNACtg,9,7,20,14
RU5Ptr;UGLT,1,0,28,21
SBTR;TYRDOPO,0,1,29,20
SE10;TRDR,7,9,22,12
SERALANaEx;SERt4,0,9,29,12
SERGLNexR;SERt4,1,0,28,21
SERGLYexR;SERt4,1,0,28,21
SERTm;THFtm,0,1,29,20
SERTm;URCN,0,1,29,20
SERt4;SERTHRNaEx,0,1,29,20
SMOX;THFtm,0,2,29,19
SO4AKGtm;TPI,0,1,29,20
SO4MALtm;TPI,0,1,29,20
SOAT6;TRDR,7,9,22,12
SPODMx;TRDR,3,0,26,21
SPRMS;THFtm,0,2,29,19
SQORm;THFtm,1,0,28,21
SQORm;TPI,1,3,28,18
SSALym;SUCCACONtm,3,0,26,21
SSALym;SUCCICITtm,3,0,26,21
SUCCt4_2;SUCCt4_3,1,0,28,21
TD2GLTRCOAm;TRDR,1,0,28,21
TECR180;ARTFR12,0,1,29,20
TECR180;ARTFR33,1,1,28,20
TECR180;ARTFR41,0,2,29,19
TECR180;ARTFR43,7,1,22,20
TECR180;ARTPLM1m,0,3,29,18
TECR180;RTOT3,1,1,28,20
TECR180;RTOT4,7,1,22,20
TECR180;R_group_phosphotase_1,0,3,29,18
TECR180;TECR181,8,2,21,19
TECR180;TRDR,3,4,26,17
TECR181;ARTFR12,0,1,29,20
TECR181;ARTPLM1m,0,1,29,20
TECR181;RTOT5,0,1,29,20
TECR200;ARTFR42,2,2,27,19
TECR200;RTOT4,5,2,24,19
TECR201;ARTFR32,2,0,27,21
TECR201;ARTFR42,5,1,24,20
TECR201;RTOT3,2,0,27,21
TECR201;RTOT4,0,1,29,20
TECR201;TRDR,14,10,15,11
TECR220;ARTFR42,2,2,27,19
TECR220;RTOT4,5,2,24,19
TECR221;ARTFR32,2,0,27,21
TECR221;ARTFR42,5,1,24,20
TECR221;RTOT3,2,0,27,21
TECR221;RTOT4,0,1,29,20
TECR221;TRDR,14,10,15,11
TECR224;RTOT4,0,1,29,20
TECR240;ARTFR42,2,2,27,19
TECR240;RTOT4,5,2,24,19
TECR241;ARTFR32,2,0,27,21
TECR241;ARTFR42,5,1,24,20
TECR241;RTOT3,2,0,27,21
TECR241;RTOT4,0,1,29,20
TECR241;TRDR,14,10,15,11
TECR244;RTOT4,0,1,29,20
TECR260;ARTFR42,2,2,27,19
TECR260;RTOT4,5,2,24,19
TETPENT6COAtr;RTOT4,0,1,29,20
THBPT4ACAMDASE;TRPO2,0,1,29,20
THFtm;THRD_L,0,1,29,20
THFtm;TPI,0,1,29,20
THFtm;TSULt4_3,1,0,28,21
THFtm;TYROX,2,0,27,21
THFtm;TYRTA,2,0,27,21
THFtm;UNK3,0,2,29,19
THP2CDH;TRDR,2,0,27,21
THP2Ctp;TRDR,2,0,27,21
THR3Dx;TTDCPT1,1,0,28,21
THR3Dx;TTDCPT2,1,0,28,21
THR3Dx;TTDCRNt,1,0,28,21
THRA;THYMtm,1,0,28,21
THRALANaEx;THRt4,0,10,29,11
THRD_L;ACITLn,1,0,28,21
THRD_L;ADPtn,1,0,28,21
THRD_L;CITtn,1,0,28,21
THRD_L;OAAtn,1,0,28,21
THRD_L;TTDCPT1,1,0,28,21
THRD_L;TTDCPT2,1,0,28,21
THRD_L;TTDCRNt,1,0,28,21
THRGLNexR;THRt4,1,0,28,21
THRGLYexR;THRt4,1,0,28,21
THRPHELAT2tc;THRt4,2,0,27,21
THYMtm;URIK4,0,1,29,20
TKT1;TPI,0,1,29,20
TKT2;TPI,0,1,29,20
TPI;ARTFR41,1,0,28,21
TPI;RTOT4,1,0,28,21
TPI;TRPO2,0,3,29,18
TPI;TSULt4_3,1,3,28,18
TPI;UDPG4E,1,0,28,21
TPI;UDPGALt2r,1,0,28,21
TPI;UDPGALtg,1,0,28,21
TPI;UDPGGPGTr,1,0,28,21
TPI;UGCGc,1,0,28,21
TPI;UMPtr,1,0,28,21
TRDOXtm;TRDR,0,1,29,20
TRDR;TRDRDtm,0,1,29,20
TRDR;TRDRm,0,1,29,20
TRDR;XYLTD_Dr,2,0,27,21
TRDR;XYLURx,2,0,27,21
TRPHYDRO2;TRPO2,0,1,29,20
TRPO2;ARTFR12,0,1,29,20
TRPO2;UAGDP,1,1,28,20
TRPO2;UDPDOLPT,0,1,29,20
TRPO2;UGLCNACtg,0,1,29,20
TTDCAFATPc;ARTFR12,0,1,29,20
TTDCAFATPc;ARTFR41,0,1,29,20
TTDCAFATPc;ARTPLM1m,0,2,29,19
TTDCAFATPc;R_group_phosphotase_1,0,1,29,20
TTDCAtr;ARTFR12,0,1,29,20
TTDCAtr;ARTFR41,0,1,29,20
TTDCAtr;ARTPLM1m,0,2,29,19
TTDCAtr;R_group_phosphotase_1,0,1,29,20
UAG2EMAi;UDPGD,1,0,28,21
UAG2EMAi;UROLACer,1,0,28,21
UAG4E;UGLCNACtg,1,0,28,21
UDPG4E;ARTFR42,1,0,28,21
UDPG4E;UDPGD,1,0,28,21
UDPGALtg;ARTFR42,1,0,28,21
UDPGALtg;UDPGD,1,0,28,21
UDPGCURtr;URIK4,0,1,29,20
UDPGD;URIK4,0,1,29,20
UGALNACtg;UGLCNACtg,1,0,28,21
UMPK3;UMPK6,0,1,29,20
UMPK4;UMPK5,0,1,29,20
UMPK4;UMPK6,2,2,27,19
UMPK5;UMPK6,1,9,28,12
UMPK6;UMPK7,1,0,28,21
UMPtr;URIK4,0,1,29,20
UPP3S;URIK4,0,1,29,20
UPPDC1;URIK4,0,1,29,20
UPPN;URPT,4,1,25,20
VALPHELAT2tc;VALt4,5,0,24,21
