DoubleLethal,Counts in Normal,Counts in Cancer,Not SL in Normal,Not SL in Cancer
10FTHFtm;DHFR,0,1,29,25
10FTHFtm;MTHFC,0,4,29,22
10FTHFtm;MTHFD2,0,4,29,22
15HPETATP;3HAD100m,1,0,28,26
15HPETATP;3HAD140m,1,0,28,26
15HPETATP;3HAD60m,1,0,28,26
15HPETATP;3HAD80m,1,0,28,26
15HPETATP;3HDH100m,1,0,28,26
15HPETATP;3HDH140m,1,0,28,26
15HPETATP;3HDH60m,1,0,28,26
15HPETATP;3HDH80m,1,0,28,26
15HPETATP;ACACT100m,1,0,28,26
15HPETATP;ACACT140m,1,0,28,26
15HPETATP;ACACT60m,1,0,28,26
15HPETATP;ACACT80m,1,0,28,26
15HPETATP;ACOAD100m,1,0,28,26
15HPETATP;ACOAD140m,1,0,28,26
15HPETATP;ACOAD60m,1,0,28,26
15HPETATP;ACOAD80m,1,0,28,26
15HPETATP;ACOATE100m,1,0,28,26
15HPETATP;ACONTb,1,0,28,26
15HPETATP;ACONTbm,1,0,28,26
15HPETATP;ADK3m,1,0,28,26
15HPETATP;AKGDa1,1,0,28,26
15HPETATP;AKGDa2,1,0,28,26
15HPETATP;AKGDb,1,0,28,26
15HPETATP;ARTFR41,1,0,28,26
15HPETATP;BTCOACRNtm,1,0,28,26
15HPETATP;C161CPT1,1,0,28,26
15HPETATP;CACT4r,1,0,28,26
15HPETATP;COAtr,1,0,28,26
15HPETATP;CRNtim,1,0,28,26
15HPETATP;DESAT16_1,1,0,28,26
15HPETATP;DLD,1,0,28,26
15HPETATP;ETHMALACc,1,0,28,26
15HPETATP;ETHMALACte,1,0,28,26
15HPETATP;ETHMALCOAc,1,0,28,26
15HPETATP;FACOAL100im,1,0,28,26
15HPETATP;Htr,1,2,28,24
15HPETATP;PLMCOAPTr,1,0,28,26
15HPETATP;RTOT4,1,0,28,26
15HPETATP;SUCCICITtm,1,0,28,26
15HPETATP;SUCCt4_3,1,0,28,26
15HPETATP;SUCOAS1m,1,0,28,26
15HPETATP;TTDCPT1,1,0,28,26
15HPETATP;TTDCPT2,1,0,28,26
15HPETATP;TTDCRNt,1,0,28,26
25HVITD3t;AKGSUCCtm,0,1,29,25
25HVITD3t;H2Oter,0,1,29,25
25HVITD3t;PIMALtm,0,1,29,25
25HVITD3t;SO4AKGtm,0,1,29,25
25HVITD3t;SO4MALtm,0,1,29,25
2AMACHYD;3HCO3_NAt,1,0,28,26
2AMACHYD;ACGAM6PSi,1,1,28,25
2AMACHYD;ACGAMPM,1,1,28,25
2AMACHYD;ACNAM9PL,1,1,28,25
2AMACHYD;ACNAMPH,1,1,28,25
2AMACHYD;AG13T16g,0,1,29,25
2AMACHYD;AG13T17g,0,1,29,25
2AMACHYD;AG13T18g,0,1,29,25
2AMACHYD;AMANK,1,1,28,25
2AMACHYD;CAT,1,0,28,26
2AMACHYD;CMPACNAtg,1,1,28,25
2AMACHYD;CMPSAS,1,1,28,25
2AMACHYD;CORE3GTg,0,1,29,25
2AMACHYD;CORE4GTg,0,1,29,25
2AMACHYD;G14T18g,0,1,29,25
2AMACHYD;G14T19g,0,1,29,25
2AMACHYD;G14T20g,0,1,29,25
2AMACHYD;G14T21g,0,1,29,25
2AMACHYD;GALNTg,0,1,29,25
2AMACHYD;GALU,2,1,27,25
2AMACHYD;GF6PTA,1,1,28,25
2AMACHYD;GLUt6,1,0,28,26
2AMACHYD;H2Otg,2,1,27,25
2AMACHYD;Htg,2,1,27,25
2AMACHYD;KSII_CORE4t,0,1,29,25
2AMACHYD;NDP7g,2,1,27,25
2AMACHYD;PAPStg,2,1,27,25
2AMACHYD;PAPtg,2,1,27,25
2AMACHYD;PGMT,2,1,27,25
2AMACHYD;PItg,2,1,27,25
2AMACHYD;S23T4g,0,1,29,25
2AMACHYD;S6T16g,0,1,29,25
2AMACHYD;S6T17g,0,1,29,25
2AMACHYD;S6T18g,0,1,29,25
2AMACHYD;TYROX,1,0,28,26
2AMACHYD;TYRTA,1,0,28,26
2AMACHYD;UAG2EMAi,1,1,28,25
2AMACHYD;UAG4E,0,1,29,25
2AMACHYD;UAGDP,1,1,28,25
2AMACHYD;UDPG4E,2,1,27,25
2AMACHYD;UDPGALtg,2,1,27,25
2AMACHYD;UGALNACtg,0,1,29,25
2AMACHYD;UGLCNACtg,1,1,28,25
2AMACSULT;B3GNT38g,1,0,28,26
2AMACSULT;CERT1gt,1,0,28,26
2AMACSULT;DIGALSGALSIDEte,1,0,28,26
2AMACSULT;DIGALSGALSIDEtg,1,0,28,26
2AMACSULT;GAL3ST12,1,0,28,26
2AMACSULT;GALU,1,0,28,26
2AMACSULT;H2Otg,1,0,28,26
2AMACSULT;Htg,1,0,28,26
2AMACSULT;NDP7g,1,0,28,26
2AMACSULT;NKCC2t,0,1,29,25
2AMACSULT;PAPStg,1,0,28,26
2AMACSULT;PAPtg,1,0,28,26
2AMACSULT;PGMT,1,0,28,26
2AMACSULT;PItg,1,0,28,26
2AMACSULT;PPA,1,0,28,26
2AMACSULT;SO4t4_3,0,1,29,25
2AMACSULT;UDPG4E,1,0,28,26
2AMACSULT;UDPGALtg,1,0,28,26
2AMACSULT;UGALCG,1,0,28,26
2AMADPTm;4MPTNLte,1,0,28,26
2AMADPTm;4MPTNLtm,1,0,28,26
2AMADPTm;ACONTam,1,0,28,26
2AMADPTm;ADNK3,2,0,27,26
2AMADPTm;AHC,2,0,27,26
2AMADPTm;AHCYStn,2,0,27,26
2AMADPTm;AKGCITtm,1,0,28,26
2AMADPTm;AKGtn,2,0,27,26
2AMADPTm;ALCD1,2,0,27,26
2AMADPTm;AMETtn,2,0,27,26
2AMADPTm;CHSTEROLt2,1,0,28,26
2AMADPTm;CO2tn,2,0,27,26
2AMADPTm;FALDtn,2,0,27,26
2AMADPTm;GLUDym,1,0,28,26
2AMADPTm;GLYATm,1,0,28,26
2AMADPTm;GLYtm,1,0,28,26
2AMADPTm;HCO3E,1,0,28,26
2AMADPTm;HSD3B11,1,0,28,26
2AMADPTm;ICDHyr,1,0,28,26
2AMADPTm;MAL_Lte,0,1,29,25
2AMADPTm;MEOHt2,2,0,27,26
2AMADPTm;METAT,2,0,27,26
2AMADPTm;NH4t3r,2,0,27,26
2AMADPTm;NH4tm,2,0,27,26
2AMADPTm;O2tn,1,0,28,26
2AMADPTm;OXALSUCCCL,1,0,28,26
2AMADPTm;P45011A1m,1,0,28,26
2AMADPTm;PRGNLONEtm,1,0,28,26
2AMADPTm;PRGSTRNt,1,0,28,26
2AMADPTm;PYRt2r,1,0,28,26
2AMADPTm;PYRtm,1,0,28,26
2AMADPTm;SUCCACONtm,1,0,28,26
2AMADPTm;SUCCt4_2,1,0,28,26
2AOBUTtm;2MCITt,0,2,29,24
2AOBUTtm;3HAD100m,1,2,28,24
2AOBUTtm;3HAD140m,1,2,28,24
2AOBUTtm;3HAD60m,1,2,28,24
2AOBUTtm;3HAD80m,1,2,28,24
2AOBUTtm;3HDH100m,1,2,28,24
2AOBUTtm;3HDH140m,1,2,28,24
2AOBUTtm;3HDH60m,1,2,28,24
2AOBUTtm;3HDH80m,1,2,28,24
2AOBUTtm;3HPCOAHYDm,0,2,29,24
2AOBUTtm;3HPPDm,0,2,29,24
2AOBUTtm;5AOPtm,0,1,29,25
2AOBUTtm;ACACPYRte,0,1,29,25
2AOBUTtm;ACACT100m,1,2,28,24
2AOBUTtm;ACACT140m,1,2,28,24
2AOBUTtm;ACACT60m,1,2,28,24
2AOBUTtm;ACACT80m,1,2,28,24
2AOBUTtm;ACACt2,0,1,29,25
2AOBUTtm;ACHtn,0,1,29,25
2AOBUTtm;ACITL,0,1,29,25
2AOBUTtm;ACITLn,0,1,29,25
2AOBUTtm;ACOA40ORm,1,0,28,26
2AOBUTtm;ACOAD100m,1,2,28,24
2AOBUTtm;ACOAD140m,1,2,28,24
2AOBUTtm;ACOAD1fm,0,1,29,25
2AOBUTtm;ACOAD60m,1,2,28,24
2AOBUTtm;ACOAD80m,1,2,28,24
2AOBUTtm;ACOATE100m,1,2,28,24
2AOBUTtm;ACONTa,0,2,29,24
2AOBUTtm;ACONTam,0,1,29,25
2AOBUTtm;ACONTb,2,2,27,24
2AOBUTtm;ACONTbm,2,0,27,26
2AOBUTtm;ACt2r,0,1,29,25
2AOBUTtm;ADK3m,1,1,28,25
2AOBUTtm;ADNK1,0,1,29,25
2AOBUTtm;ADNK3,1,3,28,23
2AOBUTtm;ADPtn,0,1,29,25
2AOBUTtm;AHC,1,4,28,22
2AOBUTtm;AKGACONtm,1,0,28,26
2AOBUTtm;AKGCITtm,0,1,29,25
2AOBUTtm;AKGDa1,1,1,28,25
2AOBUTtm;AKGDa2,1,1,28,25
2AOBUTtm;AKGDb,1,1,28,25
2AOBUTtm;AKGICITtm,1,0,28,26
2AOBUTtm;ALASm,0,1,29,25
2AOBUTtm;ALDD19xrm,1,0,28,26
2AOBUTtm;ALDD19yrm,1,0,28,26
2AOBUTtm;AMETt2m,1,0,28,26
2AOBUTtm;AMPTASECGe,0,1,29,25
2AOBUTtm;AMPt4,1,1,28,25
2AOBUTtm;APAT2rm,1,0,28,26
2AOBUTtm;ARTFR12,1,1,28,25
2AOBUTtm;ARTFR41,1,1,28,25
2AOBUTtm;ATPS4m,1,0,28,26
2AOBUTtm;ATPt4,0,1,29,25
2AOBUTtm;ATPtn,0,1,29,25
2AOBUTtm;BALAtmr,1,0,28,26
2AOBUTtm;BILDGLCURt5e,0,1,29,25
2AOBUTtm;BILDGLCURtr,0,1,29,25
2AOBUTtm;BILIRED,0,1,29,25
2AOBUTtm;BILIRUBtr,0,1,29,25
2AOBUTtm;BTCOACRNtm,1,2,28,24
2AOBUTtm;C160CPT1,0,2,29,24
2AOBUTtm;C161CPT1,2,0,27,26
2AOBUTtm;C30CPT1,0,2,29,24
2AOBUTtm;CACT3r,0,2,29,24
2AOBUTtm;CACT4r,2,0,27,26
2AOBUTtm;CBPPer,0,1,29,25
2AOBUTtm;CBPter,0,1,29,25
2AOBUTtm;CHAT,0,1,29,25
2AOBUTtm;CHATn,0,1,29,25
2AOBUTtm;CHOLt4,1,0,28,26
2AOBUTtm;CHOLtn,0,1,29,25
2AOBUTtm;CITRt2m,0,2,29,24
2AOBUTtm;CITRtm,0,1,29,25
2AOBUTtm;CITSUCCtm,0,1,29,25
2AOBUTtm;CITtn,0,1,29,25
2AOBUTtm;CO2tm,0,1,29,25
2AOBUTtm;COAtr,2,0,27,26
2AOBUTtm;COt,0,1,29,25
2AOBUTtm;CPPPGO,0,1,29,25
2AOBUTtm;CRNtim,1,3,28,23
2AOBUTtm;CRNtr,0,1,29,25
2AOBUTtm;CSNAT2m,0,2,29,24
2AOBUTtm;CSm,0,1,29,25
2AOBUTtm;CYSTGL,0,4,29,22
2AOBUTtm;CYSTS,0,4,29,22
2AOBUTtm;DESAT16_1,2,3,27,23
2AOBUTtm;DHFR3m,0,1,29,25
2AOBUTtm;DHFRm,0,1,29,25
2AOBUTtm;DLD,1,1,28,25
2AOBUTtm;DOPAOQCYS,0,1,29,25
2AOBUTtm;ECOAH1m,1,1,28,25
2AOBUTtm;ENO,0,1,29,25
2AOBUTtm;ETHMALACc,1,2,28,24
2AOBUTtm;ETHMALACte,1,2,28,24
2AOBUTtm;ETHMALCOAc,1,2,28,24
2AOBUTtm;FACOAL100im,1,2,28,24
2AOBUTtm;FACOAL161,0,1,29,25
2AOBUTtm;FADH2ETC,0,1,29,25
2AOBUTtm;FCLTm,0,1,29,25
2AOBUTtm;FCYTOB5OXRyr,1,0,28,26
2AOBUTtm;FE2tm,0,1,29,25
2AOBUTtm;FOLtm,0,1,29,25
2AOBUTtm;G6PDH1rer,1,0,28,26
2AOBUTtm;G6Pt6er,0,1,29,25
2AOBUTtm;GALU,0,1,29,25
2AOBUTtm;GAPD,0,1,29,25
2AOBUTtm;GGTAe2,0,1,29,25
2AOBUTtm;GLCter,0,1,29,25
2AOBUTtm;GLNALANaEx,1,0,28,26
2AOBUTtm;GLUCYS,0,1,29,25
2AOBUTtm;GLUDxm,0,2,29,24
2AOBUTtm;GLUPROASCT1,0,1,29,25
2AOBUTtm;GLUt2m,0,2,29,24
2AOBUTtm;GLYt4,0,1,29,25
2AOBUTtm;GTHRDte,0,1,29,25
2AOBUTtm;GTHS,0,1,29,25
2AOBUTtm;GTPGDPtm,0,1,29,25
2AOBUTtm;H2Oter,1,0,28,26
2AOBUTtm;HACD1m,1,1,28,25
2AOBUTtm;HCO3Em,0,1,29,25
2AOBUTtm;HCO3tm,0,1,29,25
2AOBUTtm;HDCEACRNtr,0,1,29,25
2AOBUTtm;HEX12,1,0,28,26
2AOBUTtm;HMBS,0,1,29,25
2AOBUTtm;HOXG,0,1,29,25
2AOBUTtm;Htr,0,3,29,23
2AOBUTtm;ICDHyrm,0,3,29,23
2AOBUTtm;ICITMALtm,0,2,29,24
2AOBUTtm;L_LACt2r,0,1,29,25
2AOBUTtm;MCITS,0,2,29,24
2AOBUTtm;MDHm,0,1,29,25
2AOBUTtm;ME2m,0,1,29,25
2AOBUTtm;METAT,1,4,28,22
2AOBUTtm;METS,1,0,28,26
2AOBUTtm;MMSAD3m,1,2,28,24
2AOBUTtm;MTHFR3x,1,0,28,26
2AOBUTtm;NADH2_u10m,0,1,29,25
2AOBUTtm;NADHtru,0,2,29,24
2AOBUTtm;NADtru,0,2,29,24
2AOBUTtm;NDP7er,0,1,29,25
2AOBUTtm;NH4tm,0,2,29,24
2AOBUTtm;NH4tr,0,1,29,25
2AOBUTtm;NM_4,0,1,29,25
2AOBUTtm;OAAtn,0,1,29,25
2AOBUTtm;OBDHc,0,4,29,22
2AOBUTtm;OXALSUCCCLm,0,3,29,23
2AOBUTtm;PCFLOPm,1,0,28,26
2AOBUTtm;PCRNtm,0,2,29,24
2AOBUTtm;PETOHMm_hs,1,0,28,26
2AOBUTtm;PGK,0,1,29,25
2AOBUTtm;PGM,0,1,29,25
2AOBUTtm;PGMT,0,1,29,25
2AOBUTtm;PHEMEtabc,0,1,29,25
2AOBUTtm;PItn,0,1,29,25
2AOBUTtm;PLMCOAPTr,2,0,27,26
2AOBUTtm;PMTCOAFABP1tc,0,1,29,25
2AOBUTtm;PMTCOAPTr,0,2,29,24
2AOBUTtm;PPA,1,0,28,26
2AOBUTtm;PPBNGS,0,1,29,25
2AOBUTtm;PPCOACRNtm,0,1,29,25
2AOBUTtm;PPCOAOm,0,2,29,24
2AOBUTtm;PPCOAtm,0,1,29,25
2AOBUTtm;PPItm,0,2,29,24
2AOBUTtm;PPPG9tm,0,1,29,25
2AOBUTtm;PPPGOm,0,1,29,25
2AOBUTtm;PRPNCOAHYDm,0,2,29,24
2AOBUTtm;PYK7,0,1,29,25
2AOBUTtm;PYRtm,0,1,29,25
2AOBUTtm;RTOT4,1,1,28,25
2AOBUTtm;SE3,0,1,29,25
2AOBUTtm;SERCYSNaEx,0,1,29,25
2AOBUTtm;SOAT2,0,1,29,25
2AOBUTtm;SUCCICITtm,1,0,28,26
2AOBUTtm;SUCCt4_3,1,0,28,26
2AOBUTtm;SUCOAS1m,1,0,28,26
2AOBUTtm;THDm,1,2,28,24
2AOBUTtm;THFtm,0,1,29,25
2AOBUTtm;THRA,0,1,29,25
2AOBUTtm;THRtm,1,2,28,24
2AOBUTtm;TTDCPT1,1,2,28,24
2AOBUTtm;TTDCPT2,1,2,28,24
2AOBUTtm;TTDCRNt,1,2,28,24
2AOBUTtm;TYRDOPO,0,1,29,25
2AOBUTtm;UDPGD,0,1,29,25
2AOBUTtm;UDPGLCAter,0,1,29,25
2AOBUTtm;UGT1A2r,0,1,29,25
2AOBUTtm;UPP3S,0,1,29,25
2AOBUTtm;UPPDC1,0,1,29,25
2HBLACte;2HBt2,0,1,29,25
2HBt2;L_LACt2r,0,1,29,25
2HYOXPLCte;G6PDH2r,1,0,28,26
2HYOXPLCte;GND,1,0,28,26
2HYOXPLCte;HEX12,1,0,28,26
2HYOXPLCte;PGL,1,0,28,26
2HYOXPLCte;PPItm,1,0,28,26
2HYOXPLCte;RPE,1,0,28,26
2HYOXPLCte;TALA,1,0,28,26
2HYOXPLCte;TKT1,1,0,28,26
2HYOXPLCte;TKT2,1,0,28,26
2M3HVACc;AACOAT,0,1,29,25
2M3HVACc;ACACT1r,0,1,29,25
2M3HVACc;HMGL,0,1,29,25
2M3HVACte;AACOAT,0,1,29,25
2M3HVACte;ACACT1r,0,1,29,25
2M3HVACte;HMGL,0,1,29,25
2M3OVACm;AACOAT,0,1,29,25
2M3OVACm;ACACT1r,0,1,29,25
2M3OVACm;HMGL,0,1,29,25
2M3OVACtm;AACOAT,0,1,29,25
2M3OVACtm;ACACT1r,0,1,29,25
2M3OVACtm;HMGL,0,1,29,25
2M3OVCOAm;AACOAT,0,1,29,25
2M3OVCOAm;ACACT1r,0,1,29,25
2M3OVCOAm;HMGL,0,1,29,25
2MCITt;AACOAT,0,8,29,18
2MCITt;ACACPYRtm,0,2,29,24
2MCITt;ACACT1r,0,8,29,18
2MCITt;ACACT1rm,0,1,29,25
2MCITt;ACCOAL2,1,0,28,26
2MCITt;ACOAS,1,0,28,26
2MCITt;AHCYStn,0,1,29,25
2MCITt;AKGICITtm,1,0,28,26
2MCITt;AKGMALtm,1,0,28,26
2MCITt;AKGSUCCtm,0,3,29,23
2MCITt;AKGtn,0,1,29,25
2MCITt;ALDD2y,1,0,28,26
2MCITt;AMETtn,0,1,29,25
2MCITt;ASPGLUm,1,0,28,26
2MCITt;ASPTAm,1,0,28,26
2MCITt;CHOLtu,1,0,28,26
2MCITt;CO2tm,0,1,29,25
2MCITt;CO2tn,0,1,29,25
2MCITt;CYSGLYex,2,0,27,26
2MCITt;CYSt4,3,9,26,17
2MCITt;DHFR,0,1,29,25
2MCITt;DHFRx,0,1,29,25
2MCITt;DHFtm,0,1,29,25
2MCITt;FALDtn,0,1,29,25
2MCITt;FUMMALtm,0,1,29,25
2MCITt;FUMSUCCtm,0,1,29,25
2MCITt;GLYATm,0,2,29,24
2MCITt;GLYtm,0,1,29,25
2MCITt;GTPGDPtm,0,1,29,25
2MCITt;HMGDH,0,1,29,25
2MCITt;HMGL,0,6,29,20
2MCITt;HMGS,0,1,29,25
2MCITt;ICDHyr,1,0,28,26
2MCITt;LHCYSTIN,0,1,29,25
2MCITt;LHCYSTINt,0,1,29,25
2MCITt;MALACONtm,1,0,28,26
2MCITt;MAL_Lte,1,4,28,22
2MCITt;MALtm,1,0,28,26
2MCITt;MDHm,1,0,28,26
2MCITt;OAADC,1,0,28,26
2MCITt;OCOAT1m,0,2,29,24
2MCITt;OXALSUCCCL,1,0,28,26
2MCITt;PPAm,1,0,28,26
2MCITt;PPItm,1,0,28,26
2MCITt;PYRtm,0,2,29,24
2MCITt;SFGTH,0,1,29,25
2MCITt;SUCOAS1m,0,1,29,25
2MCITt;THR3Dx,0,2,29,24
2MCITt;THRA,1,0,28,26
2OXOADPTm;4MPTNLte,1,0,28,26
2OXOADPTm;4MPTNLtm,1,0,28,26
2OXOADPTm;ACONTam,1,0,28,26
2OXOADPTm;ADNK3,2,0,27,26
2OXOADPTm;AHC,2,0,27,26
2OXOADPTm;AHCYStn,2,0,27,26
2OXOADPTm;AKGCITtm,1,0,28,26
2OXOADPTm;AKGtn,2,0,27,26
2OXOADPTm;ALCD1,2,0,27,26
2OXOADPTm;AMETtn,2,0,27,26
2OXOADPTm;CHSTEROLt2,1,0,28,26
2OXOADPTm;CO2tn,2,0,27,26
2OXOADPTm;FALDtn,2,0,27,26
2OXOADPTm;GLUDym,1,0,28,26
2OXOADPTm;GLYATm,1,0,28,26
2OXOADPTm;GLYtm,1,0,28,26
2OXOADPTm;HCO3E,1,0,28,26
2OXOADPTm;HSD3B11,1,0,28,26
2OXOADPTm;ICDHyr,1,0,28,26
2OXOADPTm;MAL_Lte,0,1,29,25
2OXOADPTm;MEOHt2,2,0,27,26
2OXOADPTm;METAT,2,0,27,26
2OXOADPTm;NH4t3r,2,0,27,26
2OXOADPTm;NH4tm,2,0,27,26
2OXOADPTm;O2tn,1,0,28,26
2OXOADPTm;OXALSUCCCL,1,0,28,26
2OXOADPTm;P45011A1m,1,0,28,26
2OXOADPTm;PRGNLONEtm,1,0,28,26
2OXOADPTm;PRGSTRNt,1,0,28,26
2OXOADPTm;PYRt2r,1,0,28,26
2OXOADPTm;PYRtm,1,0,28,26
2OXOADPTm;SUCCACONtm,1,0,28,26
2OXOADPTm;SUCCt4_2,1,0,28,26
335TRITHYRt5e;GLUt6,1,0,28,26
335TRITHYRt5e;SO4t4_3,0,1,29,25
335TRITHYRt5e;TYROX,1,0,28,26
335TRITHYRt5e;TYRTA,1,0,28,26
34DHOXMANDte;H2O2tp,0,1,29,25
34DHOXMANDte;O2tp,0,1,29,25
34DHPHAMT;ALCD1,0,1,29,25
34DHPHAMT;MEOHt2,0,1,29,25
34DHPLACOXy;ALCD1,0,1,29,25
34DHPLACOXy;MEOHt2,0,1,29,25
34DHXMANDACOXy;H2O2tp,0,1,29,25
34DHXMANDACOXy;O2tp,0,1,29,25
34HPLFM;ATPS4m,1,1,28,25
34HPLFM;ATPt4,1,0,28,26
34HPLFM;CYOOm2,5,4,24,22
34HPLFM;CYOR_u10m,5,4,24,22
34HPLFM;GLYC3Ptmc,0,1,29,25
34HPLFM;GLYCtm,0,1,29,25
34HPLFM;GLYKm,0,1,29,25
34HPLFM;Htm,2,0,27,26
34HPLFM;NDP8,1,0,28,26
34HPLFM;PGLYCH,0,1,29,25
3AIB_Dtm;GLUt2m,1,0,28,26
3DPHBH1;ATPS4m,1,1,28,25
3DPHBH1;ATPt4,1,0,28,26
3DPHBH1;CYOOm2,4,4,25,22
3DPHBH1;CYOR_u10m,4,4,25,22
3DPHBH1;GLYC3Ptmc,0,1,29,25
3DPHBH1;GLYCtm,0,1,29,25
3DPHBH1;GLYKm,0,1,29,25
3DPHBH1;Htm,2,0,27,26
3DPHBH1;NDP8,1,0,28,26
3DPHBH1;PGLYCH,0,1,29,25
3DPHBH2;CYOOm2,1,0,28,26
3DPHBH2;CYOR_u10m,1,0,28,26
3HAD100m;3HAD241n9p,1,0,28,26
3HAD100m;3HDH241n9p,1,0,28,26
3HAD100m;ACACT224n6p,1,0,28,26
3HAD100m;ACOAD241n9p,1,0,28,26
3HAD100m;ACOATE204,1,0,28,26
3HAD100m;ALOX15,1,0,28,26
3HAD100m;ARCOAATp,1,0,28,26
3HAD100m;BUTt2m,0,1,29,25
3HAD100m;C204CPT1,1,0,28,26
3HAD100m;CACT6r,1,0,28,26
3HAD100m;CACT7p,1,0,28,26
3HAD100m;CATp,1,0,28,26
3HAD100m;CITRt2m,0,1,29,25
3HAD100m;COAtp,1,0,28,26
3HAD100m;CRNCARtp,1,0,28,26
3HAD100m;CSNATp,1,0,28,26
3HAD100m;CSNATr,1,0,28,26
3HAD100m;DESAT18_1,1,0,28,26
3HAD100m;FA40ACPH,0,1,29,25
3HAD100m;FACOAL40im,0,1,29,25
3HAD100m;FAE180,1,0,28,26
3HAD100m;FAE201,1,0,28,26
3HAD100m;FAE221,1,0,28,26
3HAD100m;FAE241,1,0,28,26
3HAD100m;GLYATm,1,2,28,24
3HAD100m;GLYtm,1,2,28,24
3HAD100m;HACD180,1,0,28,26
3HAD100m;HACD201,1,0,28,26
3HAD100m;HACD221,1,0,28,26
3HAD100m;HACD241,1,0,28,26
3HAD100m;HSD180,1,0,28,26
3HAD100m;HSD201,1,0,28,26
3HAD100m;HSD221,1,0,28,26
3HAD100m;HSD241,1,0,28,26
3HAD100m;Htx,1,0,28,26
3HAD100m;MALCOAMT,1,0,28,26
3HAD100m;MALCOAMTr,1,0,28,26
3HAD100m;NADHtpu,1,0,28,26
3HAD100m;NADtx,1,0,28,26
3HAD100m;NRVNCCOAtr,1,0,28,26
3HAD100m;NRVNCCOAtxc,1,0,28,26
3HAD100m;O2tp,1,0,28,26
3HAD100m;TECR180,1,0,28,26
3HAD100m;TECR201,1,0,28,26
3HAD100m;TECR221,1,0,28,26
3HAD100m;TECR241,1,0,28,26
3HAD100m;THR3Dx,1,2,28,24
3HAD100m;TXA2tr,0,1,29,25
3HAD100m;TXB2c,0,1,29,25
3HAD100m;TXB2r,0,1,29,25
3HAD100m;TXB2tr,0,1,29,25
3HAD140m;3HAD241n9p,1,0,28,26
3HAD140m;3HDH241n9p,1,0,28,26
3HAD140m;ACACT224n6p,1,0,28,26
3HAD140m;ACOAD241n9p,1,0,28,26
3HAD140m;ACOATE204,1,0,28,26
3HAD140m;ALOX15,1,0,28,26
3HAD140m;ARCOAATp,1,0,28,26
3HAD140m;BUTt2m,0,1,29,25
3HAD140m;C204CPT1,1,0,28,26
3HAD140m;CACT6r,1,0,28,26
3HAD140m;CACT7p,1,0,28,26
3HAD140m;CATp,1,0,28,26
3HAD140m;CITRt2m,0,1,29,25
3HAD140m;COAtp,1,0,28,26
3HAD140m;CRNCARtp,1,0,28,26
3HAD140m;CSNATp,1,0,28,26
3HAD140m;CSNATr,1,0,28,26
3HAD140m;DESAT18_1,1,0,28,26
3HAD140m;FA40ACPH,0,1,29,25
3HAD140m;FACOAL40im,0,1,29,25
3HAD140m;FAE180,1,0,28,26
3HAD140m;FAE201,1,0,28,26
3HAD140m;FAE221,1,0,28,26
3HAD140m;FAE241,1,0,28,26
3HAD140m;GLYATm,1,2,28,24
3HAD140m;GLYtm,1,2,28,24
3HAD140m;HACD180,1,0,28,26
3HAD140m;HACD201,1,0,28,26
3HAD140m;HACD221,1,0,28,26
3HAD140m;HACD241,1,0,28,26
3HAD140m;HSD180,1,0,28,26
3HAD140m;HSD201,1,0,28,26
3HAD140m;HSD221,1,0,28,26
3HAD140m;HSD241,1,0,28,26
3HAD140m;Htx,1,0,28,26
3HAD140m;MALCOAMT,1,0,28,26
3HAD140m;MALCOAMTr,1,0,28,26
3HAD140m;NADHtpu,1,0,28,26
3HAD140m;NADtx,1,0,28,26
3HAD140m;NRVNCCOAtr,1,0,28,26
3HAD140m;NRVNCCOAtxc,1,0,28,26
3HAD140m;O2tp,1,0,28,26
3HAD140m;TECR180,1,0,28,26
3HAD140m;TECR201,1,0,28,26
3HAD140m;TECR221,1,0,28,26
3HAD140m;TECR241,1,0,28,26
3HAD140m;THR3Dx,1,2,28,24
3HAD140m;TXA2tr,0,1,29,25
3HAD140m;TXB2c,0,1,29,25
3HAD140m;TXB2r,0,1,29,25
3HAD140m;TXB2tr,0,1,29,25
3HAD160;ARTFR13,2,0,27,26
3HAD160;ARTPLM1,2,0,27,26
3HAD160;ARTPLM3,0,1,29,25
3HAD160;CACT6r,2,0,27,26
3HAD160;FA140ACPH,2,0,27,26
3HAD160;FACOAL140i,2,0,27,26
3HAD160;MALCOAMT,2,0,27,26
3HAD160;MALCOAMTr,2,0,27,26
3HAD160;PMTCOAFABP1tc,2,0,27,26
3HAD160;RTOT1,2,0,27,26
3HAD160;RTOT_3,0,1,29,25
3HAD224n6p;FCYTOB5OXRr,0,1,29,25
3HAD241n9p;3HAD60m,1,0,28,26
3HAD241n9p;3HAD80m,1,0,28,26
3HAD241n9p;3HDH100m,1,0,28,26
3HAD241n9p;3HDH140m,1,0,28,26
3HAD241n9p;3HDH60m,1,0,28,26
3HAD241n9p;3HDH80m,1,0,28,26
3HAD241n9p;ACACT100m,1,0,28,26
3HAD241n9p;ACACT140m,1,0,28,26
3HAD241n9p;ACACT60m,1,0,28,26
3HAD241n9p;ACACT80m,1,0,28,26
3HAD241n9p;ACOAD100m,1,0,28,26
3HAD241n9p;ACOAD140m,1,0,28,26
3HAD241n9p;ACOAD60m,1,0,28,26
3HAD241n9p;ACOAD80m,1,0,28,26
3HAD241n9p;ACOATE100m,1,0,28,26
3HAD241n9p;ACONTb,1,0,28,26
3HAD241n9p;ACONTbm,1,0,28,26
3HAD241n9p;ADK3m,1,0,28,26
3HAD241n9p;AKGDa1,1,0,28,26
3HAD241n9p;AKGDa2,1,0,28,26
3HAD241n9p;AKGDb,1,0,28,26
3HAD241n9p;AKGICITtm,1,0,28,26
3HAD241n9p;ARTFR41,1,0,28,26
3HAD241n9p;BTCOACRNtm,1,0,28,26
3HAD241n9p;C161CPT1,1,0,28,26
3HAD241n9p;CACT4r,1,0,28,26
3HAD241n9p;COAtr,1,0,28,26
3HAD241n9p;CRNtim,1,0,28,26
3HAD241n9p;DESAT16_1,1,0,28,26
3HAD241n9p;DLD,1,0,28,26
3HAD241n9p;ETHMALACc,1,0,28,26
3HAD241n9p;ETHMALACte,1,0,28,26
3HAD241n9p;ETHMALCOAc,1,0,28,26
3HAD241n9p;FACOAL100im,1,0,28,26
3HAD241n9p;G6PDH2r,1,0,28,26
3HAD241n9p;GALU,0,1,29,25
3HAD241n9p;GND,1,0,28,26
3HAD241n9p;H2Otg,0,1,29,25
3HAD241n9p;Htg,0,1,29,25
3HAD241n9p;Htr,1,5,28,21
3HAD241n9p;ICDHyr,1,0,28,26
3HAD241n9p;NDP7g,0,1,29,25
3HAD241n9p;OXALSUCCCL,1,0,28,26
3HAD241n9p;PGL,1,0,28,26
3HAD241n9p;PGMT,0,1,29,25
3HAD241n9p;PItg,0,1,29,25
3HAD241n9p;PLMCOAPTr,1,0,28,26
3HAD241n9p;RTOT4,1,0,28,26
3HAD241n9p;SUCCICITtm,1,0,28,26
3HAD241n9p;SUCCt4_3,1,0,28,26
3HAD241n9p;SUCOAS1m,1,0,28,26
3HAD241n9p;TRDR,1,1,28,25
3HAD241n9p;TTDCPT1,1,0,28,26
3HAD241n9p;TTDCPT2,1,0,28,26
3HAD241n9p;TTDCRNt,1,0,28,26
3HAD241n9p;UDPG4E,0,1,29,25
3HAD241n9p;UDPGALtg,0,1,29,25
3HAD60m;3HDH241n9p,1,0,28,26
3HAD60m;ACACT224n6p,1,0,28,26
3HAD60m;ACOAD241n9p,1,0,28,26
3HAD60m;ACOATE204,1,0,28,26
3HAD60m;ALOX15,1,0,28,26
3HAD60m;ARCOAATp,1,0,28,26
3HAD60m;BUTt2m,0,1,29,25
3HAD60m;C204CPT1,1,0,28,26
3HAD60m;CACT6r,1,0,28,26
3HAD60m;CACT7p,1,0,28,26
3HAD60m;CATp,1,0,28,26
3HAD60m;CITRt2m,0,1,29,25
3HAD60m;COAtp,1,0,28,26
3HAD60m;CRNCARtp,1,0,28,26
3HAD60m;CSNATp,1,0,28,26
3HAD60m;CSNATr,1,0,28,26
3HAD60m;DESAT18_1,1,0,28,26
3HAD60m;FA40ACPH,0,1,29,25
3HAD60m;FACOAL40im,0,1,29,25
3HAD60m;FAE180,1,0,28,26
3HAD60m;FAE201,1,0,28,26
3HAD60m;FAE221,1,0,28,26
3HAD60m;FAE241,1,0,28,26
3HAD60m;GLYATm,1,2,28,24
3HAD60m;GLYtm,1,2,28,24
3HAD60m;HACD180,1,0,28,26
3HAD60m;HACD201,1,0,28,26
3HAD60m;HACD221,1,0,28,26
3HAD60m;HACD241,1,0,28,26
3HAD60m;HSD180,1,0,28,26
3HAD60m;HSD201,1,0,28,26
3HAD60m;HSD221,1,0,28,26
3HAD60m;HSD241,1,0,28,26
3HAD60m;Htx,1,0,28,26
3HAD60m;MALCOAMT,1,0,28,26
3HAD60m;MALCOAMTr,1,0,28,26
3HAD60m;NADHtpu,1,0,28,26
3HAD60m;NADtx,1,0,28,26
3HAD60m;NRVNCCOAtr,1,0,28,26
3HAD60m;NRVNCCOAtxc,1,0,28,26
3HAD60m;O2tp,1,0,28,26
3HAD60m;TECR180,1,0,28,26
3HAD60m;TECR201,1,0,28,26
3HAD60m;TECR221,1,0,28,26
3HAD60m;TECR241,1,0,28,26
3HAD60m;THR3Dx,1,2,28,24
3HAD60m;TXA2tr,0,1,29,25
3HAD60m;TXB2c,0,1,29,25
3HAD60m;TXB2r,0,1,29,25
3HAD60m;TXB2tr,0,1,29,25
3HAD80m;3HDH241n9p,1,0,28,26
3HAD80m;ACACT224n6p,1,0,28,26
3HAD80m;ACOAD241n9p,1,0,28,26
3HAD80m;ACOATE204,1,0,28,26
3HAD80m;ALOX15,1,0,28,26
3HAD80m;ARCOAATp,1,0,28,26
3HAD80m;BUTt2m,0,1,29,25
3HAD80m;C204CPT1,1,0,28,26
3HAD80m;CACT6r,1,0,28,26
3HAD80m;CACT7p,1,0,28,26
3HAD80m;CATp,1,0,28,26
3HAD80m;CITRt2m,0,1,29,25
3HAD80m;COAtp,1,0,28,26
3HAD80m;CRNCARtp,1,0,28,26
3HAD80m;CSNATp,1,0,28,26
3HAD80m;CSNATr,1,0,28,26
3HAD80m;DESAT18_1,1,0,28,26
3HAD80m;FA40ACPH,0,1,29,25
3HAD80m;FACOAL40im,0,1,29,25
3HAD80m;FAE180,1,0,28,26
3HAD80m;FAE201,1,0,28,26
3HAD80m;FAE221,1,0,28,26
3HAD80m;FAE241,1,0,28,26
3HAD80m;GLYATm,1,2,28,24
3HAD80m;GLYtm,1,2,28,24
3HAD80m;HACD180,1,0,28,26
3HAD80m;HACD201,1,0,28,26
3HAD80m;HACD221,1,0,28,26
3HAD80m;HACD241,1,0,28,26
3HAD80m;HSD180,1,0,28,26
3HAD80m;HSD201,1,0,28,26
3HAD80m;HSD221,1,0,28,26
3HAD80m;HSD241,1,0,28,26
3HAD80m;Htx,1,0,28,26
3HAD80m;MALCOAMT,1,0,28,26
3HAD80m;MALCOAMTr,1,0,28,26
3HAD80m;NADHtpu,1,0,28,26
3HAD80m;NADtx,1,0,28,26
3HAD80m;NRVNCCOAtr,1,0,28,26
3HAD80m;NRVNCCOAtxc,1,0,28,26
3HAD80m;O2tp,1,0,28,26
3HAD80m;TECR180,1,0,28,26
3HAD80m;TECR201,1,0,28,26
3HAD80m;TECR221,1,0,28,26
3HAD80m;TECR241,1,0,28,26
3HAD80m;THR3Dx,1,2,28,24
3HAD80m;TXA2tr,0,1,29,25
3HAD80m;TXB2c,0,1,29,25
3HAD80m;TXB2r,0,1,29,25
3HAD80m;TXB2tr,0,1,29,25
3HCO3_NAt;ADSK,1,0,28,26
3HCO3_NAt;BPNT,1,0,28,26
3HCO3_NAt;FBA,1,0,28,26
3HCO3_NAt;IDHPOXOX2b,1,0,28,26
3HCO3_NAt;IDHPOXOX3,1,0,28,26
3HCO3_NAt;IDHPOXOXb,1,0,28,26
3HCO3_NAt;It,1,0,28,26
3HCO3_NAt;NACDe,1,0,28,26
3HCO3_NAt;NACPRT,1,0,28,26
3HCO3_NAt;NCAMDe,1,0,28,26
3HCO3_NAt;NH4t3r,1,0,28,26
3HCO3_NAt;NMNDA,1,0,28,26
3HCO3_NAt;NMNS,1,0,28,26
3HCO3_NAt;PFK,1,0,28,26
3HCO3_NAt;PGI,1,0,28,26
3HCO3_NAt;SADT,1,0,28,26
3HCO3_NAt;SO4HCOtex,2,0,27,26
3HCO3_NAt;THYPX,1,0,28,26
3HCO3_NAt;THYRIDHD,1,0,28,26
3HCO3_NAt;THYST,1,0,28,26
3HCO3_NAt;ZNte,4,0,25,26
3HCO3_NAt;Zn2t,4,0,25,26
3HDH100m;3HDH241n9p,1,0,28,26
3HDH100m;ACACT224n6p,1,0,28,26
3HDH100m;ACOAD241n9p,1,0,28,26
3HDH100m;ACOATE204,1,0,28,26
3HDH100m;ALOX15,1,0,28,26
3HDH100m;ARCOAATp,1,0,28,26
3HDH100m;BUTt2m,0,1,29,25
3HDH100m;C204CPT1,1,0,28,26
3HDH100m;CACT6r,1,0,28,26
3HDH100m;CACT7p,1,0,28,26
3HDH100m;CATp,1,0,28,26
3HDH100m;CITRt2m,0,1,29,25
3HDH100m;COAtp,1,0,28,26
3HDH100m;CRNCARtp,1,0,28,26
3HDH100m;CSNATp,1,0,28,26
3HDH100m;CSNATr,1,0,28,26
3HDH100m;DESAT18_1,1,0,28,26
3HDH100m;FA40ACPH,0,1,29,25
3HDH100m;FACOAL40im,0,1,29,25
3HDH100m;FAE180,1,0,28,26
3HDH100m;FAE201,1,0,28,26
3HDH100m;FAE221,1,0,28,26
3HDH100m;FAE241,1,0,28,26
3HDH100m;GLYATm,1,2,28,24
3HDH100m;GLYtm,1,2,28,24
3HDH100m;HACD180,1,0,28,26
3HDH100m;HACD201,1,0,28,26
3HDH100m;HACD221,1,0,28,26
3HDH100m;HACD241,1,0,28,26
3HDH100m;HSD180,1,0,28,26
3HDH100m;HSD201,1,0,28,26
3HDH100m;HSD221,1,0,28,26
3HDH100m;HSD241,1,0,28,26
3HDH100m;Htx,1,0,28,26
3HDH100m;MALCOAMT,1,0,28,26
3HDH100m;MALCOAMTr,1,0,28,26
3HDH100m;NADHtpu,1,0,28,26
3HDH100m;NADtx,1,0,28,26
3HDH100m;NRVNCCOAtr,1,0,28,26
3HDH100m;NRVNCCOAtxc,1,0,28,26
3HDH100m;O2tp,1,0,28,26
3HDH100m;TECR180,1,0,28,26
3HDH100m;TECR201,1,0,28,26
3HDH100m;TECR221,1,0,28,26
3HDH100m;TECR241,1,0,28,26
3HDH100m;THR3Dx,1,2,28,24
3HDH100m;TXA2tr,0,1,29,25
3HDH100m;TXB2c,0,1,29,25
3HDH100m;TXB2r,0,1,29,25
3HDH100m;TXB2tr,0,1,29,25
3HDH140m;3HDH241n9p,1,0,28,26
3HDH140m;ACACT224n6p,1,0,28,26
3HDH140m;ACOAD241n9p,1,0,28,26
3HDH140m;ACOATE204,1,0,28,26
3HDH140m;ALOX15,1,0,28,26
3HDH140m;ARCOAATp,1,0,28,26
3HDH140m;BUTt2m,0,1,29,25
3HDH140m;C204CPT1,1,0,28,26
3HDH140m;CACT6r,1,0,28,26
3HDH140m;CACT7p,1,0,28,26
3HDH140m;CATp,1,0,28,26
3HDH140m;CITRt2m,0,1,29,25
3HDH140m;COAtp,1,0,28,26
3HDH140m;CRNCARtp,1,0,28,26
3HDH140m;CSNATp,1,0,28,26
3HDH140m;CSNATr,1,0,28,26
3HDH140m;DESAT18_1,1,0,28,26
3HDH140m;FA40ACPH,0,1,29,25
3HDH140m;FACOAL40im,0,1,29,25
3HDH140m;FAE180,1,0,28,26
3HDH140m;FAE201,1,0,28,26
3HDH140m;FAE221,1,0,28,26
3HDH140m;FAE241,1,0,28,26
3HDH140m;GLYATm,1,2,28,24
3HDH140m;GLYtm,1,2,28,24
3HDH140m;HACD180,1,0,28,26
3HDH140m;HACD201,1,0,28,26
3HDH140m;HACD221,1,0,28,26
3HDH140m;HACD241,1,0,28,26
3HDH140m;HSD180,1,0,28,26
3HDH140m;HSD201,1,0,28,26
3HDH140m;HSD221,1,0,28,26
3HDH140m;HSD241,1,0,28,26
3HDH140m;Htx,1,0,28,26
3HDH140m;MALCOAMT,1,0,28,26
3HDH140m;MALCOAMTr,1,0,28,26
3HDH140m;NADHtpu,1,0,28,26
3HDH140m;NADtx,1,0,28,26
3HDH140m;NRVNCCOAtr,1,0,28,26
3HDH140m;NRVNCCOAtxc,1,0,28,26
3HDH140m;O2tp,1,0,28,26
3HDH140m;TECR180,1,0,28,26
3HDH140m;TECR201,1,0,28,26
3HDH140m;TECR221,1,0,28,26
3HDH140m;TECR241,1,0,28,26
3HDH140m;THR3Dx,1,2,28,24
3HDH140m;TXA2tr,0,1,29,25
3HDH140m;TXB2c,0,1,29,25
3HDH140m;TXB2r,0,1,29,25
3HDH140m;TXB2tr,0,1,29,25
3HDH224n6p;FCYTOB5OXRr,0,1,29,25
3HDH224n6p;GALU,0,1,29,25
3HDH224n6p;H2Otg,0,1,29,25
3HDH224n6p;Htg,0,1,29,25
3HDH224n6p;Htr,0,2,29,24
3HDH224n6p;NDP7g,0,1,29,25
3HDH224n6p;PGMT,0,1,29,25
3HDH224n6p;PItg,0,1,29,25
3HDH224n6p;TRDR,0,1,29,25
3HDH224n6p;UDPG4E,0,1,29,25
3HDH224n6p;UDPGALtg,0,1,29,25
3HDH241n9p;3HDH60m,1,0,28,26
3HDH241n9p;3HDH80m,1,0,28,26
3HDH241n9p;ACACT100m,1,0,28,26
3HDH241n9p;ACACT140m,1,0,28,26
3HDH241n9p;ACACT60m,1,0,28,26
3HDH241n9p;ACACT80m,1,0,28,26
3HDH241n9p;ACOAD100m,1,0,28,26
3HDH241n9p;ACOAD140m,1,0,28,26
3HDH241n9p;ACOAD60m,1,0,28,26
3HDH241n9p;ACOAD80m,1,0,28,26
3HDH241n9p;ACOATE100m,1,0,28,26
3HDH241n9p;ACONTb,1,0,28,26
3HDH241n9p;ACONTbm,1,0,28,26
3HDH241n9p;ADK3m,1,0,28,26
3HDH241n9p;AKGDa1,1,0,28,26
3HDH241n9p;AKGDa2,1,0,28,26
3HDH241n9p;AKGDb,1,0,28,26
3HDH241n9p;AKGICITtm,1,0,28,26
3HDH241n9p;ARTFR41,1,0,28,26
3HDH241n9p;BTCOACRNtm,1,0,28,26
3HDH241n9p;C161CPT1,1,0,28,26
3HDH241n9p;CACT4r,1,0,28,26
3HDH241n9p;COAtr,1,0,28,26
3HDH241n9p;CRNtim,1,0,28,26
3HDH241n9p;DESAT16_1,1,0,28,26
3HDH241n9p;DLD,1,0,28,26
3HDH241n9p;ETHMALACc,1,0,28,26
3HDH241n9p;ETHMALACte,1,0,28,26
3HDH241n9p;ETHMALCOAc,1,0,28,26
3HDH241n9p;FACOAL100im,1,0,28,26
3HDH241n9p;G6PDH2r,1,0,28,26
3HDH241n9p;GND,1,0,28,26
3HDH241n9p;Htr,1,3,28,23
3HDH241n9p;ICDHyr,1,0,28,26
3HDH241n9p;OXALSUCCCL,1,0,28,26
3HDH241n9p;PGL,1,0,28,26
3HDH241n9p;PLMCOAPTr,1,0,28,26
3HDH241n9p;RTOT4,1,0,28,26
3HDH241n9p;SUCCICITtm,1,0,28,26
3HDH241n9p;SUCCt4_3,1,0,28,26
3HDH241n9p;SUCOAS1m,1,0,28,26
3HDH241n9p;TRDR,1,0,28,26
3HDH241n9p;TTDCPT1,1,0,28,26
3HDH241n9p;TTDCPT2,1,0,28,26
3HDH241n9p;TTDCRNt,1,0,28,26
3HDH60m;ACACT224n6p,1,0,28,26
3HDH60m;ACOAD241n9p,1,0,28,26
3HDH60m;ACOATE204,1,0,28,26
3HDH60m;ALOX15,1,0,28,26
3HDH60m;ARCOAATp,1,0,28,26
3HDH60m;BUTt2m,0,1,29,25
3HDH60m;C204CPT1,1,0,28,26
3HDH60m;CACT6r,1,0,28,26
3HDH60m;CACT7p,1,0,28,26
3HDH60m;CATp,1,0,28,26
3HDH60m;CITRt2m,0,1,29,25
3HDH60m;COAtp,1,0,28,26
3HDH60m;CRNCARtp,1,0,28,26
3HDH60m;CSNATp,1,0,28,26
3HDH60m;CSNATr,1,0,28,26
3HDH60m;DESAT18_1,1,0,28,26
3HDH60m;FA40ACPH,0,1,29,25
3HDH60m;FACOAL40im,0,1,29,25
3HDH60m;FAE180,1,0,28,26
3HDH60m;FAE201,1,0,28,26
3HDH60m;FAE221,1,0,28,26
3HDH60m;FAE241,1,0,28,26
3HDH60m;GLYATm,1,2,28,24
3HDH60m;GLYtm,1,2,28,24
3HDH60m;HACD180,1,0,28,26
3HDH60m;HACD201,1,0,28,26
3HDH60m;HACD221,1,0,28,26
3HDH60m;HACD241,1,0,28,26
3HDH60m;HSD180,1,0,28,26
3HDH60m;HSD201,1,0,28,26
3HDH60m;HSD221,1,0,28,26
3HDH60m;HSD241,1,0,28,26
3HDH60m;Htx,1,0,28,26
3HDH60m;MALCOAMT,1,0,28,26
3HDH60m;MALCOAMTr,1,0,28,26
3HDH60m;NADHtpu,1,0,28,26
3HDH60m;NADtx,1,0,28,26
3HDH60m;NRVNCCOAtr,1,0,28,26
3HDH60m;NRVNCCOAtxc,1,0,28,26
3HDH60m;O2tp,1,0,28,26
3HDH60m;TECR180,1,0,28,26
3HDH60m;TECR201,1,0,28,26
3HDH60m;TECR221,1,0,28,26
3HDH60m;TECR241,1,0,28,26
3HDH60m;THR3Dx,1,2,28,24
3HDH60m;TXA2tr,0,1,29,25
3HDH60m;TXB2c,0,1,29,25
3HDH60m;TXB2r,0,1,29,25
3HDH60m;TXB2tr,0,1,29,25
3HDH80m;ACACT224n6p,1,0,28,26
3HDH80m;ACOAD241n9p,1,0,28,26
3HDH80m;ACOATE204,1,0,28,26
3HDH80m;ALOX15,1,0,28,26
3HDH80m;ARCOAATp,1,0,28,26
3HDH80m;BUTt2m,0,1,29,25
3HDH80m;C204CPT1,1,0,28,26
3HDH80m;CACT6r,1,0,28,26
3HDH80m;CACT7p,1,0,28,26
3HDH80m;CATp,1,0,28,26
3HDH80m;CITRt2m,0,1,29,25
3HDH80m;COAtp,1,0,28,26
3HDH80m;CRNCARtp,1,0,28,26
3HDH80m;CSNATp,1,0,28,26
3HDH80m;CSNATr,1,0,28,26
3HDH80m;DESAT18_1,1,0,28,26
3HDH80m;FA40ACPH,0,1,29,25
3HDH80m;FACOAL40im,0,1,29,25
3HDH80m;FAE180,1,0,28,26
3HDH80m;FAE201,1,0,28,26
3HDH80m;FAE221,1,0,28,26
3HDH80m;FAE241,1,0,28,26
3HDH80m;GLYATm,1,2,28,24
3HDH80m;GLYtm,1,2,28,24
3HDH80m;HACD180,1,0,28,26
3HDH80m;HACD201,1,0,28,26
3HDH80m;HACD221,1,0,28,26
3HDH80m;HACD241,1,0,28,26
3HDH80m;HSD180,1,0,28,26
3HDH80m;HSD201,1,0,28,26
3HDH80m;HSD221,1,0,28,26
3HDH80m;HSD241,1,0,28,26
3HDH80m;Htx,1,0,28,26
3HDH80m;MALCOAMT,1,0,28,26
3HDH80m;MALCOAMTr,1,0,28,26
3HDH80m;NADHtpu,1,0,28,26
3HDH80m;NADtx,1,0,28,26
3HDH80m;NRVNCCOAtr,1,0,28,26
3HDH80m;NRVNCCOAtxc,1,0,28,26
3HDH80m;O2tp,1,0,28,26
3HDH80m;TECR180,1,0,28,26
3HDH80m;TECR201,1,0,28,26
3HDH80m;TECR221,1,0,28,26
3HDH80m;TECR241,1,0,28,26
3HDH80m;THR3Dx,1,2,28,24
3HDH80m;TXA2tr,0,1,29,25
3HDH80m;TXB2c,0,1,29,25
3HDH80m;TXB2r,0,1,29,25
3HDH80m;TXB2tr,0,1,29,25
3HLYTCL;AHCYStn,2,0,27,26
3HLYTCL;AKGtn,2,0,27,26
3HLYTCL;ALAt4,0,1,29,25
3HLYTCL;ALCD1,2,1,27,25
3HLYTCL;AMETtn,2,0,27,26
3HLYTCL;CO2tn,2,0,27,26
3HLYTCL;FALDtn,2,0,27,26
3HLYTCL;H2O2tp,0,1,29,25
3HLYTCL;MEOHt2,2,1,27,25
3HLYTCL;O2tn,2,0,27,26
3HLYTCL;O2tp,0,1,29,25
3HPCOAHYDm;COAtm,0,1,29,25
3HPCOAHYDm;GLYATm,0,2,29,24
3HPCOAHYDm;GLYtm,0,2,29,24
3HPCOAHYDm;PPCOAtm,0,1,29,25
3HPCOAHYDm;THR3Dx,0,2,29,24
3HPPDm;COAtm,0,1,29,25
3HPPDm;GLYATm,0,2,29,24
3HPPDm;GLYtm,0,2,29,24
3HPPDm;PPCOAtm,0,1,29,25
3HPPDm;THR3Dx,0,2,29,24
3M4HPORx;DHFR,1,0,28,26
3M4HPORy;DHFR,1,0,28,26
3MHISt1;LEUt4,0,3,29,23
3MHISt1;PHEt4,1,1,28,25
3MHISt2;LEUt4,0,10,29,16
3MHISt2;PHEt4,0,2,29,24
3MHISt3;LEUt4,0,2,29,24
3MHISt3;PHEt4,1,8,28,18
3OAR160;ARTFR13,2,0,27,26
3OAR160;ARTPLM1,2,0,27,26
3OAR160;ARTPLM3,0,1,29,25
3OAR160;CACT6r,2,0,27,26
3OAR160;FA140ACPH,2,0,27,26
3OAR160;FACOAL140i,2,0,27,26
3OAR160;MALCOAMT,2,0,27,26
3OAR160;MALCOAMTr,2,0,27,26
3OAR160;PMTCOAFABP1tc,2,0,27,26
3OAR160;RTOT1,2,0,27,26
3OAR160;RTOT_3,0,1,29,25
3OAS160;ARTFR13,2,0,27,26
3OAS160;ARTPLM1,2,0,27,26
3OAS160;ARTPLM3,0,1,29,25
3OAS160;CACT6r,2,0,27,26
3OAS160;FA140ACPH,2,0,27,26
3OAS160;FACOAL140i,2,0,27,26
3OAS160;MALCOAMT,2,0,27,26
3OAS160;MALCOAMTr,2,0,27,26
3OAS160;PMTCOAFABP1tc,2,0,27,26
3OAS160;RTOT1,2,0,27,26
3OAS160;RTOT_3,0,1,29,25
3OHGLUTACOAT3t;PYRt2r,1,0,28,26
3OHGLUTACte;PYRt2r,1,0,28,26
3SALAASPm;ASPGLUm,1,0,28,26
3SALAASPm;CITRt2m,1,0,28,26
3SALAASPm;CITRtm,1,0,28,26
3SALAASPm;MALACONtm,1,0,28,26
3SALAASPm;PYRtm,1,0,28,26
3SALATAim;ASPGLUm,1,0,28,26
3SALATAim;CITRt2m,1,0,28,26
3SALATAim;CITRtm,1,0,28,26
3SALATAim;MALACONtm,1,0,28,26
3SALATAim;PYRtm,1,0,28,26
3SPYRSPm;ASPGLUm,1,0,28,26
3SPYRSPm;CITRt2m,1,0,28,26
3SPYRSPm;CITRtm,1,0,28,26
3SPYRSPm;MALACONtm,1,0,28,26
3SPYRSPm;PYRtm,1,0,28,26
41R2A1H12BOOX;H2O2tp,0,1,29,25
41R2A1H12BOOX;O2tp,0,1,29,25
42A12BOOX;ALCD1,0,1,29,25
42A12BOOX;MEOHt2,0,1,29,25
4ABUTtm;AKGSUCCtm,0,1,29,25
4ABUTtm;GTPGDPtm,0,1,29,25
4ABUTtm;PIMALtm,0,1,29,25
4ABUTtm;PROGLUtm,0,1,29,25
4ABUTtm;PROtm,0,1,29,25
4ABUTtm;PYRt2r,1,0,28,26
4ABUTtm;SO4AKGtm,0,1,29,25
4ABUTtm;SO4MALtm,0,1,29,25
4ABUTtm;SUCOAS1m,0,1,29,25
4HBZCOAFm;ATPS4m,1,1,28,25
4HBZCOAFm;ATPt4,1,0,28,26
4HBZCOAFm;CYOOm2,5,4,24,22
4HBZCOAFm;CYOR_u10m,5,4,24,22
4HBZCOAFm;GLYC3Ptmc,0,1,29,25
4HBZCOAFm;GLYCtm,0,1,29,25
4HBZCOAFm;GLYKm,0,1,29,25
4HBZCOAFm;Htm,2,0,27,26
4HBZCOAFm;NDP8,1,0,28,26
4HBZCOAFm;PGLYCH,0,1,29,25
4HBZFm;ATPS4m,1,1,28,25
4HBZFm;ATPt4,1,0,28,26
4HBZFm;CYOOm2,5,4,24,22
4HBZFm;CYOR_u10m,5,4,24,22
4HBZFm;GLYC3Ptmc,0,1,29,25
4HBZFm;GLYCtm,0,1,29,25
4HBZFm;GLYKm,0,1,29,25
4HBZFm;Htm,2,0,27,26
4HBZFm;NDP8,1,0,28,26
4HBZFm;PGLYCH,0,1,29,25
4MPTNLte;4OHBUTm,1,0,28,26
4MPTNLte;4OHBUTtce,1,0,28,26
4MPTNLte;4OHBUTtmc,1,0,28,26
4MPTNLte;AATA,1,0,28,26
4MPTNLte;AATAi,1,0,28,26
4MPTNLte;ACONTb,1,0,28,26
4MPTNLte;ARTFR52,1,0,28,26
4MPTNLte;FAE200,1,0,28,26
4MPTNLte;FAE220,1,0,28,26
4MPTNLte;FAE240,1,0,28,26
4MPTNLte;FAE260,1,0,28,26
4MPTNLte;HACD200,1,0,28,26
4MPTNLte;HACD220,1,0,28,26
4MPTNLte;HACD240,1,0,28,26
4MPTNLte;HACD260,1,0,28,26
4MPTNLte;HEXCCOAtr,1,0,28,26
4MPTNLte;HSD200,1,0,28,26
4MPTNLte;HSD220,1,0,28,26
4MPTNLte;HSD240,1,0,28,26
4MPTNLte;HSD260,1,0,28,26
4MPTNLte;ICITACONtm,1,0,28,26
4MPTNLte;PPAm,1,0,28,26
4MPTNLte;RPI,1,0,28,26
4MPTNLte;RTOT5,1,0,28,26
4MPTNLte;SSALym,1,0,28,26
4MPTNLte;TECR200,1,0,28,26
4MPTNLte;TECR220,1,0,28,26
4MPTNLte;TECR240,1,0,28,26
4MPTNLte;TECR260,1,0,28,26
4MPTNLtm;4OHBUTm,1,0,28,26
4MPTNLtm;4OHBUTtce,1,0,28,26
4MPTNLtm;4OHBUTtmc,1,0,28,26
4MPTNLtm;AATA,1,0,28,26
4MPTNLtm;AATAi,1,0,28,26
4MPTNLtm;ACONTb,1,0,28,26
4MPTNLtm;ARTFR52,1,0,28,26
4MPTNLtm;FAE200,1,0,28,26
4MPTNLtm;FAE220,1,0,28,26
4MPTNLtm;FAE240,1,0,28,26
4MPTNLtm;FAE260,1,0,28,26
4MPTNLtm;HACD200,1,0,28,26
4MPTNLtm;HACD220,1,0,28,26
4MPTNLtm;HACD240,1,0,28,26
4MPTNLtm;HACD260,1,0,28,26
4MPTNLtm;HEXCCOAtr,1,0,28,26
4MPTNLtm;HSD200,1,0,28,26
4MPTNLtm;HSD220,1,0,28,26
4MPTNLtm;HSD240,1,0,28,26
4MPTNLtm;HSD260,1,0,28,26
4MPTNLtm;ICITACONtm,1,0,28,26
4MPTNLtm;PPAm,1,0,28,26
4MPTNLtm;RPI,1,0,28,26
4MPTNLtm;RTOT5,1,0,28,26
4MPTNLtm;SSALym,1,0,28,26
4MPTNLtm;TECR200,1,0,28,26
4MPTNLtm;TECR220,1,0,28,26
4MPTNLtm;TECR240,1,0,28,26
4MPTNLtm;TECR260,1,0,28,26
4OHBUTm;ACONTam,1,0,28,26
4OHBUTm;AKGCITtm,1,0,28,26
4OHBUTm;AKGGHTRDtm,1,0,28,26
4OHBUTm;AKGICITtm,1,0,28,26
4OHBUTm;ALDD19xrm,1,0,28,26
4OHBUTm;ALDD19yrm,1,0,28,26
4OHBUTm;CAT,1,0,28,26
4OHBUTm;CHSTEROLt2,1,0,28,26
4OHBUTm;G6PDH2r,1,0,28,26
4OHBUTm;GND,1,0,28,26
4OHBUTm;GTHOm,1,0,28,26
4OHBUTm;GTHPm,1,0,28,26
4OHBUTm;H2O2tm,1,0,28,26
4OHBUTm;HEX12,1,0,28,26
4OHBUTm;HSD3B11,1,0,28,26
4OHBUTm;NADH2_u10m,1,0,28,26
4OHBUTm;P45011A1m,1,0,28,26
4OHBUTm;PGI,1,0,28,26
4OHBUTm;PGL,1,0,28,26
4OHBUTm;PIGTHRDLtm,1,0,28,26
4OHBUTm;PPItm,1,0,28,26
4OHBUTm;PRGNLONEtm,1,0,28,26
4OHBUTm;PRGSTRNt,1,0,28,26
4OHBUTm;PYRt2r,1,0,28,26
4OHBUTm;RPE,1,0,28,26
4OHBUTm;SUCCACONtm,1,0,28,26
4OHBUTm;SUCCICITtm,1,0,28,26
4OHBUTm;SUCCt4_2,1,0,28,26
4OHBUTm;SUCCt4_3,1,0,28,26
4OHBUTm;TALA,1,0,28,26
4OHBUTm;TKT1,1,0,28,26
4OHBUTm;TKT2,1,0,28,26
4OHBUTm;TYROX,1,0,28,26
4OHBUTm;TYRTA,1,0,28,26
4OHBUTtce;ACONTam,1,0,28,26
4OHBUTtce;AKGCITtm,1,0,28,26
4OHBUTtce;AKGGHTRDtm,1,0,28,26
4OHBUTtce;AKGICITtm,1,0,28,26
4OHBUTtce;ALDD19xrm,1,0,28,26
4OHBUTtce;ALDD19yrm,1,0,28,26
4OHBUTtce;CAT,1,0,28,26
4OHBUTtce;CHSTEROLt2,1,0,28,26
4OHBUTtce;G6PDH2r,1,0,28,26
4OHBUTtce;GND,1,0,28,26
4OHBUTtce;GTHOm,1,0,28,26
4OHBUTtce;GTHPm,1,0,28,26
4OHBUTtce;H2O2tm,1,0,28,26
4OHBUTtce;HEX12,1,0,28,26
4OHBUTtce;HSD3B11,1,0,28,26
4OHBUTtce;NADH2_u10m,1,0,28,26
4OHBUTtce;P45011A1m,1,0,28,26
4OHBUTtce;PGI,1,0,28,26
4OHBUTtce;PGL,1,0,28,26
4OHBUTtce;PIGTHRDLtm,1,0,28,26
4OHBUTtce;PPItm,1,0,28,26
4OHBUTtce;PRGNLONEtm,1,0,28,26
4OHBUTtce;PRGSTRNt,1,0,28,26
4OHBUTtce;PYRt2r,1,0,28,26
4OHBUTtce;RPE,1,0,28,26
4OHBUTtce;SUCCACONtm,1,0,28,26
4OHBUTtce;SUCCICITtm,1,0,28,26
4OHBUTtce;SUCCt4_2,1,0,28,26
4OHBUTtce;SUCCt4_3,1,0,28,26
4OHBUTtce;TALA,1,0,28,26
4OHBUTtce;TKT1,1,0,28,26
4OHBUTtce;TKT2,1,0,28,26
4OHBUTtce;TYROX,1,0,28,26
4OHBUTtce;TYRTA,1,0,28,26
4OHBUTtmc;ACONTam,1,0,28,26
4OHBUTtmc;AKGCITtm,1,0,28,26
4OHBUTtmc;AKGGHTRDtm,1,0,28,26
4OHBUTtmc;AKGICITtm,1,0,28,26
4OHBUTtmc;ALDD19xrm,1,0,28,26
4OHBUTtmc;ALDD19yrm,1,0,28,26
4OHBUTtmc;CAT,1,0,28,26
4OHBUTtmc;CHSTEROLt2,1,0,28,26
4OHBUTtmc;G6PDH2r,1,0,28,26
4OHBUTtmc;GND,1,0,28,26
4OHBUTtmc;GTHOm,1,0,28,26
4OHBUTtmc;GTHPm,1,0,28,26
4OHBUTtmc;H2O2tm,1,0,28,26
4OHBUTtmc;HEX12,1,0,28,26
4OHBUTtmc;HSD3B11,1,0,28,26
4OHBUTtmc;NADH2_u10m,1,0,28,26
4OHBUTtmc;P45011A1m,1,0,28,26
4OHBUTtmc;PGI,1,0,28,26
4OHBUTtmc;PGL,1,0,28,26
4OHBUTtmc;PIGTHRDLtm,1,0,28,26
4OHBUTtmc;PPItm,1,0,28,26
4OHBUTtmc;PRGNLONEtm,1,0,28,26
4OHBUTtmc;PRGSTRNt,1,0,28,26
4OHBUTtmc;PYRt2r,1,0,28,26
4OHBUTtmc;RPE,1,0,28,26
4OHBUTtmc;SUCCACONtm,1,0,28,26
4OHBUTtmc;SUCCICITtm,1,0,28,26
4OHBUTtmc;SUCCt4_2,1,0,28,26
4OHBUTtmc;SUCCt4_3,1,0,28,26
4OHBUTtmc;TALA,1,0,28,26
4OHBUTtmc;TKT1,1,0,28,26
4OHBUTtmc;TKT2,1,0,28,26
4OHBUTtmc;TYROX,1,0,28,26
4OHBUTtmc;TYRTA,1,0,28,26
5AOPtm;ACGAM6PSi,2,0,27,26
5AOPtm;ACGAMPM,5,0,24,26
5AOPtm;ACONTam,1,0,28,26
5AOPtm;ACONTbm,1,0,28,26
5AOPtm;ADPt4,1,0,28,26
5AOPtm;AKGACONtm,1,0,28,26
5AOPtm;AKGSUCCtm,0,1,29,25
5AOPtm;ALDD19xrm,1,0,28,26
5AOPtm;ALDD19yrm,1,0,28,26
5AOPtm;ASPPROASCT1,1,0,28,26
5AOPtm;BDMT,1,0,28,26
5AOPtm;CITtam,1,0,28,26
5AOPtm;DOLASNTer,1,0,28,26
5AOPtm;DOLDPPer,1,0,28,26
5AOPtm;DOLGLCP_ter,1,0,28,26
5AOPtm;DOLMANP_ter,1,0,28,26
5AOPtm;DOLPGT1er,1,0,28,26
5AOPtm;DOLPGT2er,1,0,28,26
5AOPtm;DOLPGT3er,1,0,28,26
5AOPtm;DOLPMT,1,0,28,26
5AOPtm;DOLPMT1er,1,0,28,26
5AOPtm;DOLPMT2_er,1,0,28,26
5AOPtm;DOLPMT3er,1,0,28,26
5AOPtm;DOLPMT4_er,1,0,28,26
5AOPtm;DOLP_ter,1,0,28,26
5AOPtm;FUM,1,0,28,26
5AOPtm;G12MT1,1,0,28,26
5AOPtm;G12MT2,1,0,28,26
5AOPtm;G13MT,1,0,28,26
5AOPtm;G16MT,1,0,28,26
5AOPtm;GF6PTA,2,0,27,26
5AOPtm;GLCNACPT,1,0,28,26
5AOPtm;GLCNACT,1,0,28,26
5AOPtm;GLCter,1,0,28,26
5AOPtm;GLYC3Ptm,1,0,28,26
5AOPtm;GLYC3Ptmc,2,0,27,26
5AOPtm;GLYt2r,1,0,28,26
5AOPtm;GTPGDPtm,0,1,29,25
5AOPtm;H2Otg,4,0,25,26
5AOPtm;HEX16,1,0,28,26
5AOPtm;Htg,4,0,25,26
5AOPtm;Htr,2,0,27,26
5AOPtm;ICDHyr,1,0,28,26
5AOPtm;ICDHyrm,2,0,27,26
5AOPtm;M13N2Tg,1,0,28,26
5AOPtm;M4MPDOL_ter,1,0,28,26
5AOPtm;M7MASNBterg,1,0,28,26
5AOPtm;MALACONtm,1,0,28,26
5AOPtm;MAN1PT2,4,0,25,26
5AOPtm;MAN6PI,4,0,25,26
5AOPtm;MANter,1,0,28,26
5AOPtm;MANtg,1,0,28,26
5AOPtm;MG1er,1,0,28,26
5AOPtm;MG2er,1,0,28,26
5AOPtm;MG3er,1,0,28,26
5AOPtm;MM5bg,1,0,28,26
5AOPtm;MM6B1bg,1,0,28,26
5AOPtm;MM7B2g,1,0,28,26
5AOPtm;MM8Ber,1,0,28,26
5AOPtm;NDP7g,4,0,25,26
5AOPtm;OXALSUCCCL,1,0,28,26
5AOPtm;PIMALtm,0,1,29,25
5AOPtm;PItg,4,0,25,26
5AOPtm;PMANM,4,0,25,26
5AOPtm;PPA,1,0,28,26
5AOPtm;PPItm,1,0,28,26
5AOPtm;PROGLUtm,0,1,29,25
5AOPtm;PROtm,0,1,29,25
5AOPtm;SO4AKGtm,0,1,29,25
5AOPtm;SO4MALtm,0,1,29,25
5AOPtm;SUCCICITtm,1,0,28,26
5AOPtm;SUCCt4_3,2,0,27,26
5AOPtm;SUCOAS1m,0,1,29,25
5AOPtm;THR3Dx,0,1,29,25
5AOPtm;UAGDP,5,0,24,26
5AOPtm;UDPDOLPT,1,0,28,26
5AOPtm;UGLCNACtg,4,0,25,26
7DHCHSTEROLtr;AKGSUCCtm,0,1,29,25
7DHCHSTEROLtr;H2Oter,0,1,29,25
7DHCHSTEROLtr;PIMALtm,0,1,29,25
7DHCHSTEROLtr;SO4AKGtm,0,1,29,25
7DHCHSTEROLtr;SO4MALtm,0,1,29,25
AACOAT;ACACPYRte,0,1,29,25
AACOAT;ACACt2,0,1,29,25
AACOAT;ACACt2m,0,1,29,25
AACOAT;ACETONEt2m,0,1,29,25
AACOAT;ACHtn,0,7,29,19
AACOAT;ACITL,0,3,29,23
AACOAT;ACITLn,0,7,29,19
AACOAT;ACONTa,0,8,29,18
AACOAT;ACONTam,0,1,29,25
AACOAT;ACONTb,0,8,29,18
AACOAT;ACTNMO,0,1,29,25
AACOAT;ACt2r,0,1,29,25
AACOAT;ADCim,0,1,29,25
AACOAT;ADKd,1,0,28,26
AACOAT;ADNK1,0,3,29,23
AACOAT;ADNK3,0,3,29,23
AACOAT;ADPtn,0,7,29,19
AACOAT;AHC,0,7,29,19
AACOAT;AKGCITtm,0,1,29,25
AACOAT;AKGGHTRDtm,0,1,29,25
AACOAT;AKGICITtp,0,1,29,25
AACOAT;AKGMALtm,0,1,29,25
AACOAT;AKGSUCCtm,0,1,29,25
AACOAT;AKR1C41,0,1,29,25
AACOAT;AKR1D,0,1,29,25
AACOAT;ALCD21_L,0,1,29,25
AACOAT;ALR3,0,1,29,25
AACOAT;AMACR2p,0,1,29,25
AACOAT;AMPTASECGe,0,1,29,25
AACOAT;ATPAMPtp,0,1,29,25
AACOAT;ATPtn,0,7,29,19
AACOAT;CBPPer,0,1,29,25
AACOAT;CBPter,0,1,29,25
AACOAT;CH25H,0,1,29,25
AACOAT;CHAT,0,7,29,19
AACOAT;CHATn,0,7,29,19
AACOAT;CHOLtn,0,7,29,19
AACOAT;CITSUCCtm,0,6,29,20
AACOAT;CITtn,0,7,29,19
AACOAT;CO2tp,0,1,29,25
AACOAT;CRNCAR3tp,0,1,29,25
AACOAT;CRNtim,0,1,29,25
AACOAT;CSNAT2m,0,1,29,25
AACOAT;CSNAT3x,0,1,29,25
AACOAT;CSm,0,4,29,22
AACOAT;CYSTGL,0,8,29,18
AACOAT;CYSTS,0,8,29,18
AACOAT;DADK3,1,0,28,26
AACOAT;DCCGTx,0,1,29,25
AACOAT;DGCHOLtx,0,1,29,25
AACOAT;DHCHOLESTANATEtm,0,1,29,25
AACOAT;DOPAOQCYS,0,2,29,24
AACOAT;FUM,0,1,29,25
AACOAT;G6Pt6er,0,1,29,25
AACOAT;GGTAe2,0,2,29,24
AACOAT;GLCter,0,1,29,25
AACOAT;GLUCYS,0,2,29,24
AACOAT;GLUDxm,0,3,29,23
AACOAT;GLUDym,0,1,29,25
AACOAT;GLUPROASCT1,0,1,29,25
AACOAT;GLUt2m,0,1,29,25
AACOAT;GLUt6,0,2,29,24
AACOAT;GLYC3Ptm,0,1,29,25
AACOAT;GLYC3Ptmc,0,1,29,25
AACOAT;GLYt4,0,1,29,25
AACOAT;GLYtp,0,1,29,25
AACOAT;GTHRDte,0,2,29,24
AACOAT;GTHS,0,2,29,24
AACOAT;H2O2t,0,1,29,25
AACOAT;HCO3Ee,0,1,29,25
AACOAT;HSD17B42x,0,1,29,25
AACOAT;Htr,0,2,29,24
AACOAT;Htx,0,1,29,25
AACOAT;ICDHyp,0,1,29,25
AACOAT;ICDHyrm,0,8,29,18
AACOAT;ICITCITtm,0,4,29,22
AACOAT;ICITMALtm,0,5,29,21
AACOAT;LCADi,0,1,29,25
AACOAT;MCITS,0,8,29,18
AACOAT;MDH,0,1,29,25
AACOAT;MDHm,0,2,29,24
AACOAT;ME2m,0,2,29,24
AACOAT;METAT,0,7,29,19
AACOAT;NADH2_u10m,0,1,29,25
AACOAT;NH4t3r,0,1,29,25
AACOAT;NH4tm,0,3,29,23
AACOAT;NH4tr,0,1,29,25
AACOAT;NM_4,0,2,29,24
AACOAT;O2tp,0,1,29,25
AACOAT;OAAtn,0,7,29,19
AACOAT;OBDHc,0,8,29,18
AACOAT;OXALSUCCCLm,0,8,29,18
AACOAT;OXALSUCCCLp,0,1,29,25
AACOAT;P45027A14m,0,1,29,25
AACOAT;P45027A15m,0,1,29,25
AACOAT;P45027A16m,0,1,29,25
AACOAT;PCRNtm,0,1,29,25
AACOAT;PCm,0,1,29,25
AACOAT;PIGTHRDLtm,0,1,29,25
AACOAT;PIMALtm,0,1,29,25
AACOAT;PItn,0,7,29,19
AACOAT;PROGLUtm,0,1,29,25
AACOAT;PROtm,0,1,29,25
AACOAT;PYRtm,0,1,29,25
AACOAT;SCP2x,0,1,29,25
AACOAT;SERCYSNaEx,0,1,29,25
AACOAT;SO3AKGtm,0,1,29,25
AACOAT;SO3MALtm,0,1,29,25
AACOAT;THRA,0,1,29,25
AACOAT;THRCYSNaEx,0,1,29,25
AACOAT;TYRDOPO,0,2,29,24
AACOAT;TYROX,0,1,29,25
AACOAT;TYRTA,0,1,29,25
AACOAT;VLCS2p,0,1,29,25
AACOAT;XOL25OHOR,0,1,29,25
AACOAT;XOL7AH2tm,0,1,29,25
AACOAT;XOL7AONEtr,0,1,29,25
AACTOOR;ACGAM6PSi,1,0,28,26
AACTOOR;ACGAMPM,1,0,28,26
AACTOOR;CITRt2m,0,2,29,24
AACTOOR;CITRtm,0,2,29,24
AACTOOR;ENO,0,1,29,25
AACTOOR;FALDte,0,1,29,25
AACTOOR;GAPD,0,1,29,25
AACTOOR;GF6PTA,1,0,28,26
AACTOOR;L_LACt2r,0,1,29,25
AACTOOR;PGK,0,1,29,25
AACTOOR;PGM,0,1,29,25
AACTOOR;PYK7,0,1,29,25
AACTOOR;UAGDP,1,0,28,26
AACTOOR;UGLCNACtg,1,0,28,26
AACTtm;ACGAM6PSi,1,0,28,26
AACTtm;ACGAMPM,1,0,28,26
AACTtm;CITRt2m,0,2,29,24
AACTtm;CITRtm,0,2,29,24
AACTtm;ENO,0,1,29,25
AACTtm;FALDte,0,1,29,25
AACTtm;GAPD,0,1,29,25
AACTtm;GF6PTA,1,0,28,26
AACTtm;L_LACt2r,0,1,29,25
AACTtm;PGK,0,1,29,25
AACTtm;PGM,0,1,29,25
AACTtm;PYK7,0,1,29,25
AACTtm;UAGDP,1,0,28,26
AACTtm;UGLCNACtg,1,0,28,26
AATA;ACONTam,1,0,28,26
AATA;ADNK3,2,0,27,26
AATA;AHC,2,0,27,26
AATA;AHCYStn,2,0,27,26
AATA;AKGCITtm,1,0,28,26
AATA;AKGtn,2,0,27,26
AATA;ALCD1,2,0,27,26
AATA;AMETtn,2,0,27,26
AATA;CHSTEROLt2,1,0,28,26
AATA;CO2tn,2,0,27,26
AATA;FALDtn,2,0,27,26
AATA;GLUDym,1,0,28,26
AATA;GLYATm,1,0,28,26
AATA;GLYtm,1,0,28,26
AATA;HCO3E,1,0,28,26
AATA;HSD3B11,1,0,28,26
AATA;ICDHyr,1,0,28,26
AATA;MAL_Lte,0,1,29,25
AATA;MEOHt2,2,0,27,26
AATA;METAT,2,0,27,26
AATA;NH4t3r,2,0,27,26
AATA;NH4tm,2,0,27,26
AATA;O2tn,1,0,28,26
AATA;OXALSUCCCL,1,0,28,26
AATA;P45011A1m,1,0,28,26
AATA;PRGNLONEtm,1,0,28,26
AATA;PRGSTRNt,1,0,28,26
AATA;PYRt2r,1,0,28,26
AATA;PYRtm,1,0,28,26
AATA;SUCCACONtm,1,0,28,26
AATA;SUCCt4_2,1,0,28,26
AATAi;ACONTam,1,0,28,26
AATAi;ADNK3,2,0,27,26
AATAi;AHC,2,0,27,26
AATAi;AHCYStn,2,0,27,26
AATAi;AKGCITtm,1,0,28,26
AATAi;AKGtn,2,0,27,26
AATAi;ALCD1,2,0,27,26
AATAi;AMETtn,2,0,27,26
AATAi;CHSTEROLt2,1,0,28,26
AATAi;CO2tn,2,0,27,26
AATAi;FALDtn,2,0,27,26
AATAi;GLUDym,1,0,28,26
AATAi;GLYATm,1,0,28,26
AATAi;GLYtm,1,0,28,26
AATAi;HCO3E,1,0,28,26
AATAi;HSD3B11,1,0,28,26
AATAi;ICDHyr,1,0,28,26
AATAi;MAL_Lte,0,1,29,25
AATAi;MEOHt2,2,0,27,26
AATAi;METAT,2,0,27,26
AATAi;NH4t3r,2,0,27,26
AATAi;NH4tm,2,0,27,26
AATAi;O2tn,1,0,28,26
AATAi;OXALSUCCCL,1,0,28,26
AATAi;P45011A1m,1,0,28,26
AATAi;PRGNLONEtm,1,0,28,26
AATAi;PRGSTRNt,1,0,28,26
AATAi;PYRt2r,1,0,28,26
AATAi;PYRtm,1,0,28,26
AATAi;SUCCACONtm,1,0,28,26
AATAi;SUCCt4_2,1,0,28,26
ABTArm;AKGSUCCtm,0,1,29,25
ABTArm;GTPGDPtm,0,1,29,25
ABTArm;PIMALtm,0,1,29,25
ABTArm;PROGLUtm,0,1,29,25
ABTArm;PROtm,0,1,29,25
ABTArm;PYRt2r,1,0,28,26
ABTArm;SO4AKGtm,0,1,29,25
ABTArm;SO4MALtm,0,1,29,25
ABTArm;SUCOAS1m,0,1,29,25
ABUTt2r;NAt3_1,1,0,28,26
ABUTt4_2_r;ACACPYRte,1,0,28,26
ABUTt4_2_r;ACACt2,1,0,28,26
ABUTt4_2_r;GABAVESSEC,2,0,27,26
ABUTt4_2_r;NAt3_1,1,0,28,26
ACACFORte;ACALDt,1,0,28,26
ACACFORte;AHCYStn,1,0,28,26
ACACFORte;AKGtn,1,0,28,26
ACACFORte;ALAt2r,1,0,28,26
ACACFORte;ALCD1,1,0,28,26
ACACFORte;AMETEPMT,1,0,28,26
ACACFORte;AMETtn,1,0,28,26
ACACFORte;AMID6,1,0,28,26
ACACFORte;CO2tn,1,0,28,26
ACACFORte;ETHPL,1,0,28,26
ACACFORte;FALDtn,1,0,28,26
ACACFORte;FBA3,1,0,28,26
ACACFORte;G6PDH2r,1,0,28,26
ACACFORte;GLN_Lte,1,0,28,26
ACACFORte;GND,1,0,28,26
ACACFORte;GPAT,1,0,28,26
ACACFORte;H2Ot,1,0,28,26
ACACFORte;MEOHt2,1,0,28,26
ACACFORte;O2t,1,0,28,26
ACACFORte;O2tn,1,0,28,26
ACACFORte;PEMET1,1,0,28,26
ACACFORte;PEMET2,1,0,28,26
ACACFORte;PFK_3,1,0,28,26
ACACFORte;PGL,1,0,28,26
ACACFORte;RPE,1,0,28,26
ACACFORte;TKT1,1,0,28,26
ACACFORte;TKT2,1,0,28,26
ACACLACte;LDH_L,0,2,29,24
ACACPYRte;ACACT1r,0,1,29,25
ACACPYRte;ACALDt,1,0,28,26
ACACPYRte;AHCYStn,1,0,28,26
ACACPYRte;AKGt4_3,0,1,29,25
ACACPYRte;AKGtn,1,0,28,26
ACACPYRte;ALAt2r,2,0,27,26
ACACPYRte;ALCD1,1,0,28,26
ACACPYRte;AMETEPMT,1,0,28,26
ACACPYRte;AMETtn,1,0,28,26
ACACPYRte;AMID6,2,0,27,26
ACACPYRte;CO2tn,1,0,28,26
ACACPYRte;CYSt4,0,1,29,25
ACACPYRte;DHFRm,0,1,29,25
ACACPYRte;DHFtm,0,1,29,25
ACACPYRte;ETHPL,1,0,28,26
ACACPYRte;FALDtn,1,0,28,26
ACACPYRte;FBA3,1,0,28,26
ACACPYRte;FKYNH,0,1,29,25
ACACPYRte;FUM,0,1,29,25
ACACPYRte;G6PDH2r,1,0,28,26
ACACPYRte;GLN_Lte,1,0,28,26
ACACPYRte;GLUDC,1,0,28,26
ACACPYRte;GLYATm,0,1,29,25
ACACPYRte;GLYtm,0,1,29,25
ACACPYRte;GND,1,0,28,26
ACACPYRte;GPAT,2,0,27,26
ACACPYRte;H2Ot,1,0,28,26
ACACPYRte;HCO3E,1,0,28,26
ACACPYRte;HCO3Ee,1,0,28,26
ACACPYRte;HMGL,0,1,29,25
ACACPYRte;KYNAKGAT,0,1,29,25
ACACPYRte;KYNATESYN,0,1,29,25
ACACPYRte;KYNATEtr,0,1,29,25
ACACPYRte;LDH_L,0,6,29,20
ACACPYRte;L_LACt2r,0,3,29,23
ACACPYRte;MAL_Lte,0,2,29,24
ACACPYRte;MEOHt2,1,0,28,26
ACACPYRte;NADH2_u10m,0,1,29,25
ACACPYRte;NDPK8,0,1,29,25
ACACPYRte;O2t,1,1,28,25
ACACPYRte;O2tn,1,0,28,26
ACACPYRte;PEMET1,1,0,28,26
ACACPYRte;PEMET2,1,0,28,26
ACACPYRte;PFK_3,1,0,28,26
ACACPYRte;PGL,1,0,28,26
ACACPYRte;RPE,1,0,28,26
ACACPYRte;THFtm,0,1,29,25
ACACPYRte;THR3Dx,0,1,29,25
ACACPYRte;TKT1,1,0,28,26
ACACPYRte;TKT2,1,0,28,26
ACACPYRte;TRPO2,0,1,29,25
ACACPYRtm;ACACT1rm,1,0,28,26
ACACPYRtm;ACCOAL2,3,0,26,26
ACACPYRtm;ACHtn,1,2,28,24
ACACPYRtm;ACITLn,1,2,28,24
ACACPYRtm;ACOAS,3,0,26,26
ACACPYRtm;ACONTa,1,2,28,24
ACACPYRtm;ACONTam,0,1,29,25
ACACPYRtm;ACONTb,0,2,29,24
ACACPYRtm;ACONTbm,1,0,28,26
ACACPYRtm;ACt2r,0,1,29,25
ACACPYRtm;ADKd,1,0,28,26
ACACPYRtm;ADNK3,0,2,29,24
ACACPYRtm;ADPtn,1,2,28,24
ACACPYRtm;AHC,0,2,29,24
ACACPYRtm;AKGCITtm,0,1,29,25
ACACPYRtm;AKGGHTRDtm,0,1,29,25
ACACPYRtm;AKGMALtm,0,1,29,25
ACACPYRtm;ALDD2y,2,0,27,26
ACACPYRtm;ATPtn,1,2,28,24
ACACPYRtm;CBPPer,0,1,29,25
ACACPYRtm;CBPter,0,1,29,25
ACACPYRtm;CHAT,1,2,28,24
ACACPYRtm;CHATn,1,2,28,24
ACACPYRtm;CHOLtn,1,2,28,24
ACACPYRtm;CITSUCCtm,0,1,29,25
ACACPYRtm;CITtn,1,2,28,24
ACACPYRtm;CSm,0,1,29,25
ACACPYRtm;CYSTGL,0,2,29,24
ACACPYRtm;CYSTS,0,2,29,24
ACACPYRtm;DADK3,1,0,28,26
ACACPYRtm;DRPA,1,0,28,26
ACACPYRtm;G6Pt6er,0,1,29,25
ACACPYRtm;GLCter,0,1,29,25
ACACPYRtm;GLUDxm,0,1,29,25
ACACPYRtm;GLUt6,0,1,29,25
ACACPYRtm;GLYC3Ptm,0,1,29,25
ACACPYRtm;GLYC3Ptmc,0,1,29,25
ACACPYRtm;Htm,1,0,28,26
ACACPYRtm;ICDHyrm,0,3,29,23
ACACPYRtm;ICITMALtm,0,2,29,24
ACACPYRtm;MCITS,0,2,29,24
ACACPYRtm;MDHm,0,1,29,25
ACACPYRtm;METAT,0,2,29,24
ACACPYRtm;NAt3_1,1,0,28,26
ACACPYRtm;NH4tm,0,1,29,25
ACACPYRtm;NH4tr,0,1,29,25
ACACPYRtm;OAADC,1,0,28,26
ACACPYRtm;OAAtn,1,2,28,24
ACACPYRtm;OBDHc,0,2,29,24
ACACPYRtm;OXALSUCCCLm,0,3,29,23
ACACPYRtm;PIGTHRDLtm,0,1,29,25
ACACPYRtm;PItn,1,2,28,24
ACACPYRtm;PPA,1,0,28,26
ACACPYRtm;PPItm,1,0,28,26
ACACPYRtm;PPM2,1,0,28,26
ACACPYRtm;PROGLUtm,0,1,29,25
ACACPYRtm;PROtm,0,1,29,25
ACACPYRtm;SERCYSNaEx,0,1,29,25
ACACPYRtm;THRA,0,1,29,25
ACACT100m;ACACT224n6p,1,0,28,26
ACACT100m;ACOAD241n9p,1,0,28,26
ACACT100m;ACOATE204,1,0,28,26
ACACT100m;ALOX15,1,0,28,26
ACACT100m;ARCOAATp,1,0,28,26
ACACT100m;BUTt2m,0,1,29,25
ACACT100m;C204CPT1,1,0,28,26
ACACT100m;CACT6r,1,0,28,26
ACACT100m;CACT7p,1,0,28,26
ACACT100m;CATp,1,0,28,26
ACACT100m;CITRt2m,0,1,29,25
ACACT100m;COAtp,1,0,28,26
ACACT100m;CRNCARtp,1,0,28,26
ACACT100m;CSNATp,1,0,28,26
ACACT100m;CSNATr,1,0,28,26
ACACT100m;DESAT18_1,1,0,28,26
ACACT100m;FA40ACPH,0,1,29,25
ACACT100m;FACOAL40im,0,1,29,25
ACACT100m;FAE180,1,0,28,26
ACACT100m;FAE201,1,0,28,26
ACACT100m;FAE221,1,0,28,26
ACACT100m;FAE241,1,0,28,26
ACACT100m;GLYATm,1,2,28,24
ACACT100m;GLYtm,1,2,28,24
ACACT100m;HACD180,1,0,28,26
ACACT100m;HACD201,1,0,28,26
ACACT100m;HACD221,1,0,28,26
ACACT100m;HACD241,1,0,28,26
ACACT100m;HSD180,1,0,28,26
ACACT100m;HSD201,1,0,28,26
ACACT100m;HSD221,1,0,28,26
ACACT100m;HSD241,1,0,28,26
ACACT100m;Htx,1,0,28,26
ACACT100m;MALCOAMT,1,0,28,26
ACACT100m;MALCOAMTr,1,0,28,26
ACACT100m;NADHtpu,1,0,28,26
ACACT100m;NADtx,1,0,28,26
ACACT100m;NRVNCCOAtr,1,0,28,26
ACACT100m;NRVNCCOAtxc,1,0,28,26
ACACT100m;O2tp,1,0,28,26
ACACT100m;TECR180,1,0,28,26
ACACT100m;TECR201,1,0,28,26
ACACT100m;TECR221,1,0,28,26
ACACT100m;TECR241,1,0,28,26
ACACT100m;THR3Dx,1,2,28,24
ACACT100m;TXA2tr,0,1,29,25
ACACT100m;TXB2c,0,1,29,25
ACACT100m;TXB2r,0,1,29,25
ACACT100m;TXB2tr,0,1,29,25
ACACT140m;ACACT224n6p,1,0,28,26
ACACT140m;ACOAD241n9p,1,0,28,26
ACACT140m;ACOATE204,1,0,28,26
ACACT140m;ALOX15,1,0,28,26
ACACT140m;ARCOAATp,1,0,28,26
ACACT140m;BUTt2m,0,1,29,25
ACACT140m;C204CPT1,1,0,28,26
ACACT140m;CACT6r,1,0,28,26
ACACT140m;CACT7p,1,0,28,26
ACACT140m;CATp,1,0,28,26
ACACT140m;CITRt2m,0,1,29,25
ACACT140m;COAtp,1,0,28,26
ACACT140m;CRNCARtp,1,0,28,26
ACACT140m;CSNATp,1,0,28,26
ACACT140m;CSNATr,1,0,28,26
ACACT140m;DESAT18_1,1,0,28,26
ACACT140m;FA40ACPH,0,1,29,25
ACACT140m;FACOAL40im,0,1,29,25
ACACT140m;FAE180,1,0,28,26
ACACT140m;FAE201,1,0,28,26
ACACT140m;FAE221,1,0,28,26
ACACT140m;FAE241,1,0,28,26
ACACT140m;GLYATm,1,2,28,24
ACACT140m;GLYtm,1,2,28,24
ACACT140m;HACD180,1,0,28,26
ACACT140m;HACD201,1,0,28,26
ACACT140m;HACD221,1,0,28,26
ACACT140m;HACD241,1,0,28,26
ACACT140m;HSD180,1,0,28,26
ACACT140m;HSD201,1,0,28,26
ACACT140m;HSD221,1,0,28,26
ACACT140m;HSD241,1,0,28,26
ACACT140m;Htx,1,0,28,26
ACACT140m;MALCOAMT,1,0,28,26
ACACT140m;MALCOAMTr,1,0,28,26
ACACT140m;NADHtpu,1,0,28,26
ACACT140m;NADtx,1,0,28,26
ACACT140m;NRVNCCOAtr,1,0,28,26
ACACT140m;NRVNCCOAtxc,1,0,28,26
ACACT140m;O2tp,1,0,28,26
ACACT140m;TECR180,1,0,28,26
ACACT140m;TECR201,1,0,28,26
ACACT140m;TECR221,1,0,28,26
ACACT140m;TECR241,1,0,28,26
ACACT140m;THR3Dx,1,2,28,24
ACACT140m;TXA2tr,0,1,29,25
ACACT140m;TXB2c,0,1,29,25
ACACT140m;TXB2r,0,1,29,25
ACACT140m;TXB2tr,0,1,29,25
ACACT1r;ACACt2,0,1,29,25
ACACT1r;ACACt2m,0,1,29,25
ACACT1r;ACETONEt2m,0,1,29,25
ACACT1r;ACHtn,0,7,29,19
ACACT1r;ACITL,0,3,29,23
ACACT1r;ACITLn,0,7,29,19
ACACT1r;ACONTa,0,8,29,18
ACACT1r;ACONTam,0,1,29,25
ACACT1r;ACONTb,0,8,29,18
ACACT1r;ACTNMO,0,1,29,25
ACACT1r;ACt2r,0,1,29,25
ACACT1r;ADCim,0,1,29,25
ACACT1r;ADKd,1,0,28,26
ACACT1r;ADNK1,0,3,29,23
ACACT1r;ADNK3,0,3,29,23
ACACT1r;ADPtn,0,7,29,19
ACACT1r;AHC,0,7,29,19
ACACT1r;AKGCITtm,0,1,29,25
ACACT1r;AKGGHTRDtm,0,1,29,25
ACACT1r;AKGICITtp,0,1,29,25
ACACT1r;AKGMALtm,0,1,29,25
ACACT1r;AKGSUCCtm,0,1,29,25
ACACT1r;AKR1C41,0,1,29,25
ACACT1r;AKR1D,0,1,29,25
ACACT1r;ALCD21_L,0,1,29,25
ACACT1r;ALR3,0,1,29,25
ACACT1r;AMACR2p,0,1,29,25
ACACT1r;AMPTASECGe,0,1,29,25
ACACT1r;ATPAMPtp,0,1,29,25
ACACT1r;ATPtn,0,7,29,19
ACACT1r;CBPPer,0,1,29,25
ACACT1r;CBPter,0,1,29,25
ACACT1r;CH25H,0,1,29,25
ACACT1r;CHAT,0,7,29,19
ACACT1r;CHATn,0,7,29,19
ACACT1r;CHOLtn,0,7,29,19
ACACT1r;CITSUCCtm,0,6,29,20
ACACT1r;CITtn,0,7,29,19
ACACT1r;CO2tp,0,1,29,25
ACACT1r;CRNCAR3tp,0,1,29,25
ACACT1r;CRNtim,0,1,29,25
ACACT1r;CSNAT2m,0,1,29,25
ACACT1r;CSNAT3x,0,1,29,25
ACACT1r;CSm,0,4,29,22
ACACT1r;CYSTGL,0,8,29,18
ACACT1r;CYSTS,0,8,29,18
ACACT1r;DADK3,1,0,28,26
ACACT1r;DCCGTx,0,1,29,25
ACACT1r;DGCHOLtx,0,1,29,25
ACACT1r;DHCHOLESTANATEtm,0,1,29,25
ACACT1r;DOPAOQCYS,0,2,29,24
ACACT1r;FUM,0,1,29,25
ACACT1r;G6Pt6er,0,1,29,25
ACACT1r;GGTAe2,0,2,29,24
ACACT1r;GLCter,0,1,29,25
ACACT1r;GLUCYS,0,2,29,24
ACACT1r;GLUDxm,0,3,29,23
ACACT1r;GLUDym,0,1,29,25
ACACT1r;GLUPROASCT1,0,1,29,25
ACACT1r;GLUt2m,0,1,29,25
ACACT1r;GLUt6,0,2,29,24
ACACT1r;GLYC3Ptm,0,1,29,25
ACACT1r;GLYC3Ptmc,0,1,29,25
ACACT1r;GLYt4,0,1,29,25
ACACT1r;GLYtp,0,1,29,25
ACACT1r;GTHRDte,0,2,29,24
ACACT1r;GTHS,0,2,29,24
ACACT1r;H2O2t,0,1,29,25
ACACT1r;HCO3Ee,0,1,29,25
ACACT1r;HSD17B42x,0,1,29,25
ACACT1r;Htr,0,2,29,24
ACACT1r;Htx,0,1,29,25
ACACT1r;ICDHyp,0,1,29,25
ACACT1r;ICDHyrm,0,8,29,18
ACACT1r;ICITCITtm,0,4,29,22
ACACT1r;ICITMALtm,0,5,29,21
ACACT1r;LCADi,0,1,29,25
ACACT1r;MCITS,0,8,29,18
ACACT1r;MDH,0,1,29,25
ACACT1r;MDHm,0,2,29,24
ACACT1r;ME2m,0,2,29,24
ACACT1r;METAT,0,7,29,19
ACACT1r;NADH2_u10m,0,1,29,25
ACACT1r;NH4t3r,0,1,29,25
ACACT1r;NH4tm,0,3,29,23
ACACT1r;NH4tr,0,1,29,25
ACACT1r;NM_4,0,2,29,24
ACACT1r;O2tp,0,1,29,25
ACACT1r;OAAtn,0,7,29,19
ACACT1r;OBDHc,0,8,29,18
ACACT1r;OXALSUCCCLm,0,8,29,18
ACACT1r;OXALSUCCCLp,0,1,29,25
ACACT1r;P45027A14m,0,1,29,25
ACACT1r;P45027A15m,0,1,29,25
ACACT1r;P45027A16m,0,1,29,25
ACACT1r;PCRNtm,0,1,29,25
ACACT1r;PCm,0,1,29,25
ACACT1r;PIGTHRDLtm,0,1,29,25
ACACT1r;PIMALtm,0,1,29,25
ACACT1r;PItn,0,7,29,19
ACACT1r;PROGLUtm,0,1,29,25
ACACT1r;PROtm,0,1,29,25
ACACT1r;PYRtm,0,1,29,25
ACACT1r;SCP2x,0,1,29,25
ACACT1r;SERCYSNaEx,0,1,29,25
ACACT1r;SO3AKGtm,0,1,29,25
ACACT1r;SO3MALtm,0,1,29,25
ACACT1r;THRA,0,1,29,25
ACACT1r;THRCYSNaEx,0,1,29,25
ACACT1r;TYRDOPO,0,2,29,24
ACACT1r;TYROX,0,1,29,25
ACACT1r;TYRTA,0,1,29,25
ACACT1r;VLCS2p,0,1,29,25
ACACT1r;XOL25OHOR,0,1,29,25
ACACT1r;XOL7AH2tm,0,1,29,25
ACACT1r;XOL7AONEtr,0,1,29,25
ACACT1rm;ACOA40ORm,2,1,27,25
ACACT1rm;ACOAD1fm,0,1,29,25
ACACT1rm;ACONTam,0,1,29,25
ACACT1rm;ADK3m,1,0,28,26
ACACT1rm;ADNK3,0,1,29,25
ACACT1rm;AHC,0,1,29,25
ACACT1rm;AKGCITtm,0,1,29,25
ACACT1rm;AMPt4,1,1,28,25
ACACT1rm;ARTFR12,1,0,28,26
ACACT1rm;ARTFR41,1,2,28,24
ACACT1rm;ATPS4m,1,0,28,26
ACACT1rm;BUTt2m,1,2,28,24
ACACT1rm;C160CPT1,0,2,29,24
ACACT1rm;C161CPT1,1,1,28,25
ACACT1rm;CACT3r,0,2,29,24
ACACT1rm;CACT4r,1,1,28,25
ACACT1rm;CBPPer,0,1,29,25
ACACT1rm;CBPter,0,1,29,25
ACACT1rm;COAtr,2,0,27,26
ACACT1rm;CRNtr,1,0,28,26
ACACT1rm;CYSTGL,0,1,29,25
ACACT1rm;CYSTS,0,1,29,25
ACACT1rm;DESAT16_1,2,2,27,24
ACACT1rm;ECOAH1m,2,2,27,24
ACACT1rm;FA40ACPH,1,2,28,24
ACACT1rm;FACOAL161,1,0,28,26
ACACT1rm;FACOAL40im,1,2,28,24
ACACT1rm;G6PDH1rer,1,0,28,26
ACACT1rm;G6Pt6er,0,1,29,25
ACACT1rm;GLCter,0,1,29,25
ACACT1rm;GTPGDPtm,1,0,28,26
ACACT1rm;HACD1m,2,2,27,24
ACACT1rm;HDCEACRNtr,1,0,28,26
ACACT1rm;HMGL,1,0,28,26
ACACT1rm;Htr,0,2,29,24
ACACT1rm;ICDHyrm,0,1,29,25
ACACT1rm;MCITS,0,1,29,25
ACACT1rm;METAT,0,1,29,25
ACACT1rm;NADHtru,0,1,29,25
ACACT1rm;NADtru,0,1,29,25
ACACT1rm;NH4tr,0,1,29,25
ACACT1rm;OBDHc,0,1,29,25
ACACT1rm;OCOAT1m,1,0,28,26
ACACT1rm;OXALSUCCCLm,0,1,29,25
ACACT1rm;PLMCOAPTr,1,1,28,25
ACACT1rm;PMTCOAFABP1tc,1,0,28,26
ACACT1rm;PMTCOAPTr,0,2,29,24
ACACT1rm;PPItm,1,2,28,24
ACACT1rm;RTOT4,1,2,28,24
ACACT1rm;SE3,1,0,28,26
ACACT1rm;SERCYSNaEx,0,1,29,25
ACACT1rm;SOAT2,1,0,28,26
ACACT1rm;SUCOAS1m,1,0,28,26
ACACT224n6p;ACACT60m,1,0,28,26
ACACT224n6p;ACACT80m,1,0,28,26
ACACT224n6p;ACOAD100m,1,0,28,26
ACACT224n6p;ACOAD140m,1,0,28,26
ACACT224n6p;ACOAD60m,1,0,28,26
ACACT224n6p;ACOAD80m,1,0,28,26
ACACT224n6p;ACOATE100m,1,0,28,26
ACACT224n6p;ACONTb,1,0,28,26
ACACT224n6p;ACONTbm,1,0,28,26
ACACT224n6p;ADK3m,1,0,28,26
ACACT224n6p;AKGDa1,1,0,28,26
ACACT224n6p;AKGDa2,1,0,28,26
ACACT224n6p;AKGDb,1,0,28,26
ACACT224n6p;AKGICITtm,1,0,28,26
ACACT224n6p;ARTFR41,1,0,28,26
ACACT224n6p;BTCOACRNtm,1,0,28,26
ACACT224n6p;C161CPT1,1,0,28,26
ACACT224n6p;CACT4r,1,0,28,26
ACACT224n6p;COAtr,1,0,28,26
ACACT224n6p;CRNtim,1,0,28,26
ACACT224n6p;DESAT16_1,1,0,28,26
ACACT224n6p;DLD,1,0,28,26
ACACT224n6p;ETHMALACc,1,0,28,26
ACACT224n6p;ETHMALACte,1,0,28,26
ACACT224n6p;ETHMALCOAc,1,0,28,26
ACACT224n6p;FACOAL100im,1,0,28,26
ACACT224n6p;FCYTOB5OXRr,0,1,29,25
ACACT224n6p;G6PDH2r,1,0,28,26
ACACT224n6p;GALU,0,1,29,25
ACACT224n6p;GND,1,0,28,26
ACACT224n6p;H2Otg,0,1,29,25
ACACT224n6p;Htg,0,1,29,25
ACACT224n6p;Htr,1,5,28,21
ACACT224n6p;ICDHyr,1,0,28,26
ACACT224n6p;NDP7g,0,1,29,25
ACACT224n6p;OXALSUCCCL,1,0,28,26
ACACT224n6p;PGL,1,0,28,26
ACACT224n6p;PGMT,0,1,29,25
ACACT224n6p;PItg,0,1,29,25
ACACT224n6p;PLMCOAPTr,1,0,28,26
ACACT224n6p;RTOT4,1,0,28,26
ACACT224n6p;SUCCICITtm,1,0,28,26
ACACT224n6p;SUCCt4_3,1,0,28,26
ACACT224n6p;SUCOAS1m,1,0,28,26
ACACT224n6p;TRDR,1,1,28,25
ACACT224n6p;TTDCPT1,1,0,28,26
ACACT224n6p;TTDCPT2,1,0,28,26
ACACT224n6p;TTDCRNt,1,0,28,26
ACACT224n6p;UDPG4E,0,1,29,25
ACACT224n6p;UDPGALtg,0,1,29,25
ACACT60m;ACOAD241n9p,1,0,28,26
ACACT60m;ACOATE204,1,0,28,26
ACACT60m;ALOX15,1,0,28,26
ACACT60m;ARCOAATp,1,0,28,26
ACACT60m;BUTt2m,0,1,29,25
ACACT60m;C204CPT1,1,0,28,26
ACACT60m;CACT6r,1,0,28,26
ACACT60m;CACT7p,1,0,28,26
ACACT60m;CATp,1,0,28,26
ACACT60m;CITRt2m,0,1,29,25
ACACT60m;COAtp,1,0,28,26
ACACT60m;CRNCARtp,1,0,28,26
ACACT60m;CSNATp,1,0,28,26
ACACT60m;CSNATr,1,0,28,26
ACACT60m;DESAT18_1,1,0,28,26
ACACT60m;FA40ACPH,0,1,29,25
ACACT60m;FACOAL40im,0,1,29,25
ACACT60m;FAE180,1,0,28,26
ACACT60m;FAE201,1,0,28,26
ACACT60m;FAE221,1,0,28,26
ACACT60m;FAE241,1,0,28,26
ACACT60m;GLYATm,1,2,28,24
ACACT60m;GLYtm,1,2,28,24
ACACT60m;HACD180,1,0,28,26
ACACT60m;HACD201,1,0,28,26
ACACT60m;HACD221,1,0,28,26
ACACT60m;HACD241,1,0,28,26
ACACT60m;HSD180,1,0,28,26
ACACT60m;HSD201,1,0,28,26
ACACT60m;HSD221,1,0,28,26
ACACT60m;HSD241,1,0,28,26
ACACT60m;Htx,1,0,28,26
ACACT60m;MALCOAMT,1,0,28,26
ACACT60m;MALCOAMTr,1,0,28,26
ACACT60m;NADHtpu,1,0,28,26
ACACT60m;NADtx,1,0,28,26
ACACT60m;NRVNCCOAtr,1,0,28,26
ACACT60m;NRVNCCOAtxc,1,0,28,26
ACACT60m;O2tp,1,0,28,26
ACACT60m;TECR180,1,0,28,26
ACACT60m;TECR201,1,0,28,26
ACACT60m;TECR221,1,0,28,26
ACACT60m;TECR241,1,0,28,26
ACACT60m;THR3Dx,1,2,28,24
ACACT60m;TXA2tr,0,1,29,25
ACACT60m;TXB2c,0,1,29,25
ACACT60m;TXB2r,0,1,29,25
ACACT60m;TXB2tr,0,1,29,25
ACACT80m;ACOAD241n9p,1,0,28,26
ACACT80m;ACOATE204,1,0,28,26
ACACT80m;ALOX15,1,0,28,26
ACACT80m;ARCOAATp,1,0,28,26
ACACT80m;BUTt2m,0,1,29,25
ACACT80m;C204CPT1,1,0,28,26
ACACT80m;CACT6r,1,0,28,26
ACACT80m;CACT7p,1,0,28,26
ACACT80m;CATp,1,0,28,26
ACACT80m;CITRt2m,0,1,29,25
ACACT80m;COAtp,1,0,28,26
ACACT80m;CRNCARtp,1,0,28,26
ACACT80m;CSNATp,1,0,28,26
ACACT80m;CSNATr,1,0,28,26
ACACT80m;DESAT18_1,1,0,28,26
ACACT80m;FA40ACPH,0,1,29,25
ACACT80m;FACOAL40im,0,1,29,25
ACACT80m;FAE180,1,0,28,26
ACACT80m;FAE201,1,0,28,26
ACACT80m;FAE221,1,0,28,26
ACACT80m;FAE241,1,0,28,26
ACACT80m;GLYATm,1,2,28,24
ACACT80m;GLYtm,1,2,28,24
ACACT80m;HACD180,1,0,28,26
ACACT80m;HACD201,1,0,28,26
ACACT80m;HACD221,1,0,28,26
ACACT80m;HACD241,1,0,28,26
ACACT80m;HSD180,1,0,28,26
ACACT80m;HSD201,1,0,28,26
ACACT80m;HSD221,1,0,28,26
ACACT80m;HSD241,1,0,28,26
ACACT80m;Htx,1,0,28,26
ACACT80m;MALCOAMT,1,0,28,26
ACACT80m;MALCOAMTr,1,0,28,26
ACACT80m;NADHtpu,1,0,28,26
ACACT80m;NADtx,1,0,28,26
ACACT80m;NRVNCCOAtr,1,0,28,26
ACACT80m;NRVNCCOAtxc,1,0,28,26
ACACT80m;O2tp,1,0,28,26
ACACT80m;TECR180,1,0,28,26
ACACT80m;TECR201,1,0,28,26
ACACT80m;TECR221,1,0,28,26
ACACT80m;TECR241,1,0,28,26
ACACT80m;THR3Dx,1,2,28,24
ACACT80m;TXA2tr,0,1,29,25
ACACT80m;TXB2c,0,1,29,25
ACACT80m;TXB2r,0,1,29,25
ACACT80m;TXB2tr,0,1,29,25
ACACt2;AKGt4_3,0,1,29,25
ACACt2;ALAt2r,1,0,28,26
ACACt2;AMID6,1,0,28,26
ACACt2;CYSt4,0,1,29,25
ACACt2;DHFRm,0,1,29,25
ACACt2;DHFtm,0,1,29,25
ACACt2;FKYNH,0,1,29,25
ACACt2;FUM,0,1,29,25
ACACt2;GLUDC,1,0,28,26
ACACt2;GLYATm,0,1,29,25
ACACt2;GLYtm,0,1,29,25
ACACt2;GPAT,1,0,28,26
ACACt2;HCO3E,1,0,28,26
ACACt2;HCO3Ee,1,0,28,26
ACACt2;HMGL,0,1,29,25
ACACt2;KYNAKGAT,0,1,29,25
ACACt2;KYNATESYN,0,1,29,25
ACACt2;KYNATEtr,0,1,29,25
ACACt2;LDH_L,0,3,29,23
ACACt2;L_LACt2r,0,3,29,23
ACACt2;MAL_Lte,0,2,29,24
ACACt2;NADH2_u10m,0,1,29,25
ACACt2;NDPK8,0,1,29,25
ACACt2;O2t,0,1,29,25
ACACt2;THFtm,0,1,29,25
ACACt2;THR3Dx,0,1,29,25
ACACt2;TRPO2,0,1,29,25
ACACt2m;ACHtn,1,0,28,26
ACACt2m;ACITLn,1,0,28,26
ACACt2m;ADPtn,1,0,28,26
ACACt2m;ATPtn,1,0,28,26
ACACt2m;CHATn,1,0,28,26
ACACt2m;CHOLtn,1,0,28,26
ACACt2m;CITtam,1,0,28,26
ACACt2m;CITtn,1,0,28,26
ACACt2m;CSm,1,0,28,26
ACACt2m;OAADC,1,0,28,26
ACACt2m;OAAtn,1,0,28,26
ACACt2m;PItn,1,0,28,26
ACALDt;ACONTb,1,0,28,26
ACALDt;ACONTbm,1,0,28,26
ACALDt;AKGACONtm,1,0,28,26
ACALDt;CO2tm,1,0,28,26
ACALDt;GLUt2m,1,0,28,26
ACALDt;PGI,1,0,28,26
ACALDt;RPE,1,0,28,26
ACALDt;TALA,1,0,28,26
ACALDt;TKT1,1,0,28,26
ACALDt;TKT2,1,0,28,26
ACALDt;URIK4,1,0,28,26
ACCOAL2;ACGAM6PSi,1,0,28,26
ACCOAL2;ACGAMPM,1,0,28,26
ACCOAL2;ACHtn,4,0,25,26
ACCOAL2;ACITL,0,1,29,25
ACCOAL2;ACITLn,4,0,25,26
ACCOAL2;ACONTa,1,0,28,26
ACCOAL2;ACONTam,1,0,28,26
ACCOAL2;ACONTb,1,0,28,26
ACCOAL2;ADPtn,4,0,25,26
ACCOAL2;ATPtn,4,0,25,26
ACCOAL2;CA2tm,1,0,28,26
ACCOAL2;CHAT,4,0,25,26
ACCOAL2;CHATn,4,0,25,26
ACCOAL2;CHOLtn,4,0,25,26
ACCOAL2;CITtam,1,0,28,26
ACCOAL2;CITtn,4,0,25,26
ACCOAL2;CLFORtex,1,0,28,26
ACCOAL2;CO2tm,1,0,28,26
ACCOAL2;DATPtm,1,0,28,26
ACCOAL2;DNDPt58m,1,0,28,26
ACCOAL2;ESTRADIOLtr,1,0,28,26
ACCOAL2;ESTRONEtr,1,0,28,26
ACCOAL2;GF6PTA,1,0,28,26
ACCOAL2;GLYt2r,1,0,28,26
ACCOAL2;GLYt7_311_r,1,0,28,26
ACCOAL2;GTPGDPtm,1,0,28,26
ACCOAL2;H2Oter,1,0,28,26
ACCOAL2;H2Otg,1,0,28,26
ACCOAL2;HMGL,3,0,26,26
ACCOAL2;HSD17B1,1,0,28,26
ACCOAL2;HSD17B7r,1,0,28,26
ACCOAL2;HSD3A1r,1,0,28,26
ACCOAL2;HSD3A2r,1,0,28,26
ACCOAL2;Htg,1,0,28,26
ACCOAL2;ICDHxrm,1,0,28,26
ACCOAL2;ICITACONtm,1,0,28,26
ACCOAL2;MALACONtm,1,0,28,26
ACCOAL2;MCITS,1,0,28,26
ACCOAL2;MMCDm,1,0,28,26
ACCOAL2;MMEm,1,0,28,26
ACCOAL2;MMMm,1,0,28,26
ACCOAL2;NADHtru,1,0,28,26
ACCOAL2;NADtru,1,0,28,26
ACCOAL2;NDP7g,1,0,28,26
ACCOAL2;NDPK3,1,0,28,26
ACCOAL2;OAADC,1,0,28,26
ACCOAL2;OAAtn,4,0,25,26
ACCOAL2;OCOAT1m,3,0,26,26
ACCOAL2;OXALSUCCCLm,1,0,28,26
ACCOAL2;PIt8,1,0,28,26
ACCOAL2;PIt9,1,0,28,26
ACCOAL2;PItg,1,0,28,26
ACCOAL2;PItn,4,0,25,26
ACCOAL2;PPAm,1,0,28,26
ACCOAL2;PPCOAtm,1,0,28,26
ACCOAL2;PYRFORte,1,0,28,26
ACCOAL2;PYRtm,1,0,28,26
ACCOAL2;Pit4,2,0,27,26
ACCOAL2;SUCOAS1m,1,0,28,26
ACCOAL2;THFtm,1,0,28,26
ACCOAL2;TRDR,1,0,28,26
ACCOAL2;UAGDP,1,0,28,26
ACCOAL2;UGLCNACtg,1,0,28,26
ACGAM2E;B3GNT38g,1,0,28,26
ACGAM2E;CERT1gt,1,0,28,26
ACGAM2E;DIGALSGALSIDEte,1,0,28,26
ACGAM2E;DIGALSGALSIDEtg,1,0,28,26
ACGAM2E;GAL3ST12,1,0,28,26
ACGAM2E;GLUDym,1,0,28,26
ACGAM2E;Htr,1,0,28,26
ACGAM2E;NH4tm,1,0,28,26
ACGAM2E;UGALCG,1,0,28,26
ACGAM6PSi;ACOAS,1,0,28,26
ACGAM6PSi;ADSK,1,0,28,26
ACGAM6PSi;AKGFORte,1,0,28,26
ACGAM6PSi;ALASm,2,0,27,26
ACGAM6PSi;AOBUTDsm,1,0,28,26
ACGAM6PSi;B3GNT38g,3,0,26,26
ACGAM6PSi;BILIRED2,2,0,27,26
ACGAM6PSi;BILIRUBtr,2,0,27,26
ACGAM6PSi;BPNT,1,0,28,26
ACGAM6PSi;CERT1gt,3,0,26,26
ACGAM6PSi;CHOLtr,1,0,28,26
ACGAM6PSi;CITRt2m,1,0,28,26
ACGAM6PSi;CITRtm,1,0,28,26
ACGAM6PSi;CLFORtex,1,0,28,26
ACGAM6PSi;COt,2,0,27,26
ACGAM6PSi;CPPPGO,2,0,27,26
ACGAM6PSi;CYTK3,1,0,28,26
ACGAM6PSi;DIGALSGALSIDEte,3,0,26,26
ACGAM6PSi;DIGALSGALSIDEtg,3,0,26,26
ACGAM6PSi;FCLTm,2,0,27,26
ACGAM6PSi;FE2tm,2,0,27,26
ACGAM6PSi;FKYNH,1,0,28,26
ACGAM6PSi;GAL3ST12,3,0,26,26
ACGAM6PSi;GLUDym,1,0,28,26
ACGAM6PSi;GLUt6,1,0,28,26
ACGAM6PSi;H2Oter,1,0,28,26
ACGAM6PSi;HCO3E,1,0,28,26
ACGAM6PSi;HEX12,1,0,28,26
ACGAM6PSi;HMBS,2,0,27,26
ACGAM6PSi;HOXG,2,0,27,26
ACGAM6PSi;Htm,1,0,28,26
ACGAM6PSi;Htr,1,0,28,26
ACGAM6PSi;ICITACONtm,1,0,28,26
ACGAM6PSi;IDHPOXOX2b,1,1,28,25
ACGAM6PSi;IDHPOXOX3,1,0,28,26
ACGAM6PSi;IDHPOXOX4,0,1,29,25
ACGAM6PSi;IDHPOXOXb,1,1,28,25
ACGAM6PSi;It,1,1,28,25
ACGAM6PSi;KYNAKGAT,1,0,28,26
ACGAM6PSi;KYNATESYN,1,0,28,26
ACGAM6PSi;KYNATEtr,1,0,28,26
ACGAM6PSi;MAL_Lte,0,1,29,25
ACGAM6PSi;NDP7er,2,0,27,26
ACGAM6PSi;NH4tm,1,0,28,26
ACGAM6PSi;PA_HSter,1,0,28,26
ACGAM6PSi;PCHOLPr_hs,1,0,28,26
ACGAM6PSi;PCHOL_HSter,1,0,28,26
ACGAM6PSi;PGI,1,0,28,26
ACGAM6PSi;PHEMEtm,2,0,27,26
ACGAM6PSi;PPAPA,1,0,28,26
ACGAM6PSi;PPAer,1,0,28,26
ACGAM6PSi;PPBNGS,2,0,27,26
ACGAM6PSi;PPIPItr,0,1,29,25
ACGAM6PSi;PPItr,1,0,28,26
ACGAM6PSi;PPPG9tm,2,0,27,26
ACGAM6PSi;PPPGOm,2,0,27,26
ACGAM6PSi;R5Ptr,0,14,29,12
ACGAM6PSi;RPE,1,0,28,26
ACGAM6PSi;RPI,2,0,27,26
ACGAM6PSi;RPIr,0,14,29,12
ACGAM6PSi;RU5Ptr,0,14,29,12
ACGAM6PSi;SADT,1,0,28,26
ACGAM6PSi;SO4CLtex2,1,0,28,26
ACGAM6PSi;TALA,1,0,28,26
ACGAM6PSi;THRA,1,0,28,26
ACGAM6PSi;THYPX,1,1,28,25
ACGAM6PSi;THYRIDHD,1,0,28,26
ACGAM6PSi;THYST,1,1,28,25
ACGAM6PSi;TKT1,1,0,28,26
ACGAM6PSi;TKT2,1,0,28,26
ACGAM6PSi;TRPO2,1,0,28,26
ACGAM6PSi;UDPGD,3,0,26,26
ACGAM6PSi;UDPGLCAter,2,0,27,26
ACGAM6PSi;UGALCG,3,0,26,26
ACGAM6PSi;UPP3S,2,0,27,26
ACGAM6PSi;UPPDC1,2,0,27,26
ACGAMK;CO2t,0,1,29,25
ACGAMK;DPCOAK,0,1,29,25
ACGAMK;G6Pt6er,1,0,28,26
ACGAMK;PNTK,0,1,29,25
ACGAMK;PNTOt2e,0,1,29,25
ACGAMK;PPCDC,0,1,29,25
ACGAMK;PPNCL2,0,1,29,25
ACGAMK;PTPAT,0,1,29,25
ACGAMPM;ACOAS,1,0,28,26
ACGAMPM;ADKd,1,0,28,26
ACGAMPM;ADSK,1,0,28,26
ACGAMPM;AKGFORte,1,0,28,26
ACGAMPM;ALASm,5,0,24,26
ACGAMPM;AOBUTDsm,1,0,28,26
ACGAMPM;B3GNT38g,3,0,26,26
ACGAMPM;BILDGLCURt5e,1,0,28,26
ACGAMPM;BILDGLCURtr,1,0,28,26
ACGAMPM;BILIRED,1,0,28,26
ACGAMPM;BILIRED2,4,0,25,26
ACGAMPM;BILIRUBtr,5,0,24,26
ACGAMPM;BPNT,1,0,28,26
ACGAMPM;CACT6r,2,0,27,26
ACGAMPM;CERT1gt,3,0,26,26
ACGAMPM;CHOLtr,1,0,28,26
ACGAMPM;CITRt2m,1,0,28,26
ACGAMPM;CITRtm,1,0,28,26
ACGAMPM;CLFORtex,1,0,28,26
ACGAMPM;CO2t,0,1,29,25
ACGAMPM;COt,5,0,24,26
ACGAMPM;CPPPGO,5,0,24,26
ACGAMPM;CYTK3,1,0,28,26
ACGAMPM;DADK3,1,0,28,26
ACGAMPM;DESAT18_1,1,0,28,26
ACGAMPM;DIGALSGALSIDEte,3,0,26,26
ACGAMPM;DIGALSGALSIDEtg,3,0,26,26
ACGAMPM;DPCOAK,0,1,29,25
ACGAMPM;FAE180,1,0,28,26
ACGAMPM;FAE201,1,0,28,26
ACGAMPM;FAE221,1,0,28,26
ACGAMPM;FCLTm,5,0,24,26
ACGAMPM;FE2tm,5,0,24,26
ACGAMPM;FKYNH,1,0,28,26
ACGAMPM;G6PDH2rer,2,0,27,26
ACGAMPM;G6Pt6er,1,0,28,26
ACGAMPM;GAL3ST12,3,0,26,26
ACGAMPM;GLUDym,2,0,27,26
ACGAMPM;GLUt6,1,0,28,26
ACGAMPM;GNDer,1,0,28,26
ACGAMPM;H2Oter,2,0,27,26
ACGAMPM;HACD180,1,0,28,26
ACGAMPM;HACD201,1,0,28,26
ACGAMPM;HACD221,1,0,28,26
ACGAMPM;HCO3E,1,0,28,26
ACGAMPM;HEX12,1,0,28,26
ACGAMPM;HMBS,5,0,24,26
ACGAMPM;HOXG,5,0,24,26
ACGAMPM;HSD180,1,0,28,26
ACGAMPM;HSD201,1,0,28,26
ACGAMPM;HSD221,1,0,28,26
ACGAMPM;Htm,1,0,28,26
ACGAMPM;Htr,1,0,28,26
ACGAMPM;ICITACONtm,1,0,28,26
ACGAMPM;IDHPOXOX2b,1,1,28,25
ACGAMPM;IDHPOXOX3,1,0,28,26
ACGAMPM;IDHPOXOX4,0,1,29,25
ACGAMPM;IDHPOXOXb,1,1,28,25
ACGAMPM;It,1,1,28,25
ACGAMPM;KYNAKGAT,1,0,28,26
ACGAMPM;KYNATESYN,1,0,28,26
ACGAMPM;KYNATEtr,1,0,28,26
ACGAMPM;MALCOAMT,2,0,27,26
ACGAMPM;MALCOAMTr,2,0,27,26
ACGAMPM;MAL_Lte,0,1,29,25
ACGAMPM;NDP7er,5,0,24,26
ACGAMPM;NH4tm,2,0,27,26
ACGAMPM;PA_HSter,1,0,28,26
ACGAMPM;PCHOLPr_hs,1,0,28,26
ACGAMPM;PCHOL_HSter,1,0,28,26
ACGAMPM;PGI,1,0,28,26
ACGAMPM;PGLer,1,0,28,26
ACGAMPM;PHEMEtabc,1,0,28,26
ACGAMPM;PHEMEtm,4,0,25,26
ACGAMPM;PNTK,0,1,29,25
ACGAMPM;PNTOt2e,0,1,29,25
ACGAMPM;PPAPA,1,0,28,26
ACGAMPM;PPAer,1,0,28,26
ACGAMPM;PPBNGS,5,0,24,26
ACGAMPM;PPCDC,0,1,29,25
ACGAMPM;PPIPItr,0,1,29,25
ACGAMPM;PPItr,1,0,28,26
ACGAMPM;PPNCL2,0,1,29,25
ACGAMPM;PPPG9tm,5,0,24,26
ACGAMPM;PPPGOm,5,0,24,26
ACGAMPM;PTPAT,0,1,29,25
ACGAMPM;R5Ptr,0,14,29,12
ACGAMPM;RPE,1,0,28,26
ACGAMPM;RPI,2,0,27,26
ACGAMPM;RPIr,0,14,29,12
ACGAMPM;RU5Ptr,1,14,28,12
ACGAMPM;SADT,1,0,28,26
ACGAMPM;SO4CLtex2,1,0,28,26
ACGAMPM;TALA,1,0,28,26
ACGAMPM;TECR180,1,0,28,26
ACGAMPM;TECR201,1,0,28,26
ACGAMPM;TECR221,1,0,28,26
ACGAMPM;THRA,1,0,28,26
ACGAMPM;THYPX,1,1,28,25
ACGAMPM;THYRIDHD,1,0,28,26
ACGAMPM;THYST,1,1,28,25
ACGAMPM;TKT1,1,0,28,26
ACGAMPM;TKT2,1,0,28,26
ACGAMPM;TRPO2,1,0,28,26
ACGAMPM;UDPGD,5,0,24,26
ACGAMPM;UDPGLCAter,5,0,24,26
ACGAMPM;UGALCG,3,0,26,26
ACGAMPM;UGT1A2r,1,0,28,26
ACGAMPM;UPP3S,5,0,24,26
ACGAMPM;UPPDC1,5,0,24,26
ACGAMtly;B3GNT38g,1,0,28,26
ACGAMtly;CERT1gt,1,0,28,26
ACGAMtly;CO2t,0,1,29,25
ACGAMtly;DIGALSGALSIDEte,1,0,28,26
ACGAMtly;DIGALSGALSIDEtg,1,0,28,26
ACGAMtly;DPCOAK,0,1,29,25
ACGAMtly;G6Pt6er,1,0,28,26
ACGAMtly;GAL3ST12,1,0,28,26
ACGAMtly;GLUDym,1,0,28,26
ACGAMtly;Htr,1,0,28,26
ACGAMtly;NH4tm,1,0,28,26
ACGAMtly;PNTK,0,1,29,25
ACGAMtly;PNTOt2e,0,1,29,25
ACGAMtly;PPCDC,0,1,29,25
ACGAMtly;PPNCL2,0,1,29,25
ACGAMtly;PTPAT,0,1,29,25
ACGAMtly;UGALCG,1,0,28,26
ACHEe;CLFORtex,1,0,28,26
ACHEe;GLYt7_311_r,1,0,28,26
ACHEe;PYRFORte,1,0,28,26
ACHe;NAt3_1,1,0,28,26
ACHtn;ACITL,2,1,27,25
ACHtn;ACOAS,4,0,25,26
ACHtn;ACONTa,1,0,28,26
ACHtn;AKGICITtm,1,0,28,26
ACHtn;AKGMALtm,1,0,28,26
ACHtn;ALDD2y,2,0,27,26
ACHtn;ASPGLUm,1,0,28,26
ACHtn;ASPPROASCT1,1,0,28,26
ACHtn;ASPTAm,1,0,28,26
ACHtn;ASPt6,1,0,28,26
ACHtn;CO2tm,0,1,29,25
ACHtn;GLYATm,0,1,29,25
ACHtn;GLYtm,0,1,29,25
ACHtn;GTPGDPtm,0,1,29,25
ACHtn;HMGL,2,5,27,21
ACHtn;ICDHyr,1,0,28,26
ACHtn;MALACONtm,1,0,28,26
ACHtn;OCOAT1m,2,2,27,24
ACHtn;OXALSUCCCL,1,0,28,26
ACHtn;PPA,1,0,28,26
ACHtn;PPAm,1,0,28,26
ACHtn;PPItm,1,0,28,26
ACHtn;PYRtm,1,2,28,24
ACHtn;SUCOAS1m,0,2,29,24
ACHtn;THR3Dx,0,1,29,25
ACHtn;THRA,3,0,26,26
ACHtn;TXA2tr,0,1,29,25
ACHtn;TXB2c,0,1,29,25
ACHtn;TXB2r,0,1,29,25
ACHtn;TXB2tr,0,1,29,25
ACITL;ACITLn,2,1,27,25
ACITL;ACOAS,0,1,29,25
ACITL;ADPtn,2,1,27,25
ACITL;AHCYStn,0,1,29,25
ACITL;AKGSUCCtm,0,2,29,24
ACITL;AKGtn,0,1,29,25
ACITL;AMETtn,0,1,29,25
ACITL;ATPtn,2,1,27,25
ACITL;CHAT,1,1,28,25
ACITL;CHATn,2,1,27,25
ACITL;CHOLtn,2,1,27,25
ACITL;CITtn,2,1,27,25
ACITL;CO2tn,0,1,29,25
ACITL;CYSt4,0,3,29,23
ACITL;DHFR,0,1,29,25
ACITL;DHFRx,0,1,29,25
ACITL;DHFtm,0,1,29,25
ACITL;FALDtn,0,1,29,25
ACITL;GLYATm,0,1,29,25
ACITL;GLYtm,0,1,29,25
ACITL;HMGDH,0,1,29,25
ACITL;HMGL,0,3,29,23
ACITL;HMGS,0,1,29,25
ACITL;ICDHyr,1,0,28,26
ACITL;LHCYSTIN,0,1,29,25
ACITL;LHCYSTINt,0,1,29,25
ACITL;MAL_Lte,0,1,29,25
ACITL;OAAtn,2,1,27,25
ACITL;OXALSUCCCL,1,0,28,26
ACITL;PItn,2,1,27,25
ACITL;SFGTH,0,1,29,25
ACITL;THR3Dx,0,1,29,25
ACNAM9PL;B3GNT38g,3,0,26,26
ACNAM9PL;CERT1gt,3,0,26,26
ACNAM9PL;DIGALSGALSIDEte,3,0,26,26
ACNAM9PL;DIGALSGALSIDEtg,3,0,26,26
ACNAM9PL;GAL3ST12,3,0,26,26
ACNAM9PL;Htr,1,0,28,26
ACNAM9PL;IDHPOXOX2b,1,1,28,25
ACNAM9PL;IDHPOXOX3,1,0,28,26
ACNAM9PL;IDHPOXOX4,0,1,29,25
ACNAM9PL;IDHPOXOXb,1,1,28,25
ACNAM9PL;It,1,1,28,25
ACNAM9PL;MAL_Lte,0,1,29,25
ACNAM9PL;RPI,1,0,28,26
ACNAM9PL;THYPX,1,1,28,25
ACNAM9PL;THYRIDHD,1,0,28,26
ACNAM9PL;THYST,1,1,28,25
ACNAM9PL;UGALCG,3,0,26,26
ACNAMPH;B3GNT38g,3,0,26,26
ACNAMPH;CERT1gt,3,0,26,26
ACNAMPH;DIGALSGALSIDEte,3,0,26,26
ACNAMPH;DIGALSGALSIDEtg,3,0,26,26
ACNAMPH;GAL3ST12,3,0,26,26
ACNAMPH;Htr,1,0,28,26
ACNAMPH;IDHPOXOX2b,1,1,28,25
ACNAMPH;IDHPOXOX3,1,0,28,26
ACNAMPH;IDHPOXOX4,0,1,29,25
ACNAMPH;IDHPOXOXb,1,1,28,25
ACNAMPH;It,1,1,28,25
ACNAMPH;MAL_Lte,0,1,29,25
ACNAMPH;RPI,1,0,28,26
ACNAMPH;THYPX,1,1,28,25
ACNAMPH;THYRIDHD,1,0,28,26
ACNAMPH;THYST,1,1,28,25
ACNAMPH;UGALCG,3,0,26,26
ACNAMlt;CO2t,0,1,29,25
ACNAMlt;DPCOAK,0,1,29,25
ACNAMlt;PNTK,0,1,29,25
ACNAMlt;PNTOt2e,0,1,29,25
ACNAMlt;PPCDC,0,1,29,25
ACNAMlt;PPNCL2,0,1,29,25
ACNAMlt;PTPAT,0,1,29,25
ACNMLr;GLUDym,1,0,28,26
ACNMLr;NH4tm,1,0,28,26
ACOA40ORm;CACT6r,1,0,28,26
ACOA40ORm;CITRt2m,0,1,29,25
ACOA40ORm;DESAT18_1,1,0,28,26
ACOA40ORm;FAE180,1,0,28,26
ACOA40ORm;FAE201,1,0,28,26
ACOA40ORm;FAE221,1,0,28,26
ACOA40ORm;GLYATm,1,0,28,26
ACOA40ORm;GLYtm,1,0,28,26
ACOA40ORm;HACD180,1,0,28,26
ACOA40ORm;HACD201,1,0,28,26
ACOA40ORm;HACD221,1,0,28,26
ACOA40ORm;HSD180,1,0,28,26
ACOA40ORm;HSD201,1,0,28,26
ACOA40ORm;HSD221,1,0,28,26
ACOA40ORm;Htm,1,0,28,26
ACOA40ORm;MALCOAMT,1,0,28,26
ACOA40ORm;MALCOAMTr,1,0,28,26
ACOA40ORm;TECR180,1,0,28,26
ACOA40ORm;TECR201,1,0,28,26
ACOA40ORm;TECR221,1,0,28,26
ACOA40ORm;THR3Dx,1,0,28,26
ACOA40ORm;TXA2tr,0,2,29,24
ACOA40ORm;TXB2c,0,2,29,24
ACOA40ORm;TXB2r,0,2,29,24
ACOA40ORm;TXB2tr,0,2,29,24
ACOAD100m;ACOAD241n9p,1,0,28,26
ACOAD100m;ACOATE204,1,0,28,26
ACOAD100m;ALOX15,1,0,28,26
ACOAD100m;ARCOAATp,1,0,28,26
ACOAD100m;BUTt2m,0,1,29,25
ACOAD100m;C204CPT1,1,0,28,26
ACOAD100m;CACT6r,1,0,28,26
ACOAD100m;CACT7p,1,0,28,26
ACOAD100m;CATp,1,0,28,26
ACOAD100m;CITRt2m,0,1,29,25
ACOAD100m;COAtp,1,0,28,26
ACOAD100m;CRNCARtp,1,0,28,26
ACOAD100m;CSNATp,1,0,28,26
ACOAD100m;CSNATr,1,0,28,26
ACOAD100m;DESAT18_1,1,0,28,26
ACOAD100m;FA40ACPH,0,1,29,25
ACOAD100m;FACOAL40im,0,1,29,25
ACOAD100m;FAE180,1,0,28,26
ACOAD100m;FAE201,1,0,28,26
ACOAD100m;FAE221,1,0,28,26
ACOAD100m;FAE241,1,0,28,26
ACOAD100m;GLYATm,1,2,28,24
ACOAD100m;GLYtm,1,2,28,24
ACOAD100m;HACD180,1,0,28,26
ACOAD100m;HACD201,1,0,28,26
ACOAD100m;HACD221,1,0,28,26
ACOAD100m;HACD241,1,0,28,26
ACOAD100m;HSD180,1,0,28,26
ACOAD100m;HSD201,1,0,28,26
ACOAD100m;HSD221,1,0,28,26
ACOAD100m;HSD241,1,0,28,26
ACOAD100m;Htx,1,0,28,26
ACOAD100m;MALCOAMT,1,0,28,26
ACOAD100m;MALCOAMTr,1,0,28,26
ACOAD100m;NADHtpu,1,0,28,26
ACOAD100m;NADtx,1,0,28,26
ACOAD100m;NRVNCCOAtr,1,0,28,26
ACOAD100m;NRVNCCOAtxc,1,0,28,26
ACOAD100m;O2tp,1,0,28,26
ACOAD100m;TECR180,1,0,28,26
ACOAD100m;TECR201,1,0,28,26
ACOAD100m;TECR221,1,0,28,26
ACOAD100m;TECR241,1,0,28,26
ACOAD100m;THR3Dx,1,2,28,24
ACOAD100m;TXA2tr,0,1,29,25
ACOAD100m;TXB2c,0,1,29,25
ACOAD100m;TXB2r,0,1,29,25
ACOAD100m;TXB2tr,0,1,29,25
ACOAD140m;ACOAD241n9p,1,0,28,26
ACOAD140m;ACOATE204,1,0,28,26
ACOAD140m;ALOX15,1,0,28,26
ACOAD140m;ARCOAATp,1,0,28,26
ACOAD140m;BUTt2m,0,1,29,25
ACOAD140m;C204CPT1,1,0,28,26
ACOAD140m;CACT6r,1,0,28,26
ACOAD140m;CACT7p,1,0,28,26
ACOAD140m;CATp,1,0,28,26
ACOAD140m;CITRt2m,0,1,29,25
ACOAD140m;COAtp,1,0,28,26
ACOAD140m;CRNCARtp,1,0,28,26
ACOAD140m;CSNATp,1,0,28,26
ACOAD140m;CSNATr,1,0,28,26
ACOAD140m;DESAT18_1,1,0,28,26
ACOAD140m;FA40ACPH,0,1,29,25
ACOAD140m;FACOAL40im,0,1,29,25
ACOAD140m;FAE180,1,0,28,26
ACOAD140m;FAE201,1,0,28,26
ACOAD140m;FAE221,1,0,28,26
ACOAD140m;FAE241,1,0,28,26
ACOAD140m;GLYATm,1,2,28,24
ACOAD140m;GLYtm,1,2,28,24
ACOAD140m;HACD180,1,0,28,26
ACOAD140m;HACD201,1,0,28,26
ACOAD140m;HACD221,1,0,28,26
ACOAD140m;HACD241,1,0,28,26
ACOAD140m;HSD180,1,0,28,26
ACOAD140m;HSD201,1,0,28,26
ACOAD140m;HSD221,1,0,28,26
ACOAD140m;HSD241,1,0,28,26
ACOAD140m;Htx,1,0,28,26
ACOAD140m;MALCOAMT,1,0,28,26
ACOAD140m;MALCOAMTr,1,0,28,26
ACOAD140m;NADHtpu,1,0,28,26
ACOAD140m;NADtx,1,0,28,26
ACOAD140m;NRVNCCOAtr,1,0,28,26
ACOAD140m;NRVNCCOAtxc,1,0,28,26
ACOAD140m;O2tp,1,0,28,26
ACOAD140m;TECR180,1,0,28,26
ACOAD140m;TECR201,1,0,28,26
ACOAD140m;TECR221,1,0,28,26
ACOAD140m;TECR241,1,0,28,26
ACOAD140m;THR3Dx,1,2,28,24
ACOAD140m;TXA2tr,0,1,29,25
ACOAD140m;TXB2c,0,1,29,25
ACOAD140m;TXB2r,0,1,29,25
ACOAD140m;TXB2tr,0,1,29,25
ACOAD1fm;GLYATm,0,1,29,25
ACOAD1fm;GLYtm,0,1,29,25
ACOAD1fm;THR3Dx,0,1,29,25
ACOAD225n3p;FCYTOB5OXRr,0,1,29,25
ACOAD241n9p;ACOAD60m,1,0,28,26
ACOAD241n9p;ACOAD80m,1,0,28,26
ACOAD241n9p;ACOATE100m,1,0,28,26
ACOAD241n9p;ACONTb,1,0,28,26
ACOAD241n9p;ACONTbm,1,0,28,26
ACOAD241n9p;ADK3m,1,0,28,26
ACOAD241n9p;AKGDa1,1,0,28,26
ACOAD241n9p;AKGDa2,1,0,28,26
ACOAD241n9p;AKGDb,1,0,28,26
ACOAD241n9p;AKGICITtm,1,0,28,26
ACOAD241n9p;ARTFR41,1,0,28,26
ACOAD241n9p;BTCOACRNtm,1,0,28,26
ACOAD241n9p;C161CPT1,1,0,28,26
ACOAD241n9p;CACT4r,1,0,28,26
ACOAD241n9p;COAtr,1,0,28,26
ACOAD241n9p;CRNtim,1,0,28,26
ACOAD241n9p;DESAT16_1,1,0,28,26
ACOAD241n9p;DLD,1,0,28,26
ACOAD241n9p;ETHMALACc,1,0,28,26
ACOAD241n9p;ETHMALACte,1,0,28,26
ACOAD241n9p;ETHMALCOAc,1,0,28,26
ACOAD241n9p;FACOAL100im,1,0,28,26
ACOAD241n9p;G6PDH2r,1,0,28,26
ACOAD241n9p;GALU,0,1,29,25
ACOAD241n9p;GND,1,0,28,26
ACOAD241n9p;H2Otg,0,1,29,25
ACOAD241n9p;Htg,0,1,29,25
ACOAD241n9p;Htr,1,5,28,21
ACOAD241n9p;ICDHyr,1,0,28,26
ACOAD241n9p;NDP7g,0,1,29,25
ACOAD241n9p;OXALSUCCCL,1,0,28,26
ACOAD241n9p;PGL,1,0,28,26
ACOAD241n9p;PGMT,0,1,29,25
ACOAD241n9p;PItg,0,1,29,25
ACOAD241n9p;PLMCOAPTr,1,0,28,26
ACOAD241n9p;RTOT4,1,0,28,26
ACOAD241n9p;SUCCICITtm,1,0,28,26
ACOAD241n9p;SUCCt4_3,1,0,28,26
ACOAD241n9p;SUCOAS1m,1,0,28,26
ACOAD241n9p;TRDR,1,1,28,25
ACOAD241n9p;TTDCPT1,1,0,28,26
ACOAD241n9p;TTDCPT2,1,0,28,26
ACOAD241n9p;TTDCRNt,1,0,28,26
ACOAD241n9p;UDPG4E,0,1,29,25
ACOAD241n9p;UDPGALtg,0,1,29,25
ACOAD60m;ACOATE204,1,0,28,26
ACOAD60m;ALOX15,1,0,28,26
ACOAD60m;ARCOAATp,1,0,28,26
ACOAD60m;BUTt2m,0,1,29,25
ACOAD60m;C204CPT1,1,0,28,26
ACOAD60m;CACT6r,1,0,28,26
ACOAD60m;CACT7p,1,0,28,26
ACOAD60m;CATp,1,0,28,26
ACOAD60m;CITRt2m,0,1,29,25
ACOAD60m;COAtp,1,0,28,26
ACOAD60m;CRNCARtp,1,0,28,26
ACOAD60m;CSNATp,1,0,28,26
ACOAD60m;CSNATr,1,0,28,26
ACOAD60m;DESAT18_1,1,0,28,26
ACOAD60m;FA40ACPH,0,1,29,25
ACOAD60m;FACOAL40im,0,1,29,25
ACOAD60m;FAE180,1,0,28,26
ACOAD60m;FAE201,1,0,28,26
ACOAD60m;FAE221,1,0,28,26
ACOAD60m;FAE241,1,0,28,26
ACOAD60m;GLYATm,1,2,28,24
ACOAD60m;GLYtm,1,2,28,24
ACOAD60m;HACD180,1,0,28,26
ACOAD60m;HACD201,1,0,28,26
ACOAD60m;HACD221,1,0,28,26
ACOAD60m;HACD241,1,0,28,26
ACOAD60m;HSD180,1,0,28,26
ACOAD60m;HSD201,1,0,28,26
ACOAD60m;HSD221,1,0,28,26
ACOAD60m;HSD241,1,0,28,26
ACOAD60m;Htx,1,0,28,26
ACOAD60m;MALCOAMT,1,0,28,26
ACOAD60m;MALCOAMTr,1,0,28,26
ACOAD60m;NADHtpu,1,0,28,26
ACOAD60m;NADtx,1,0,28,26
ACOAD60m;NRVNCCOAtr,1,0,28,26
ACOAD60m;NRVNCCOAtxc,1,0,28,26
ACOAD60m;O2tp,1,0,28,26
ACOAD60m;TECR180,1,0,28,26
ACOAD60m;TECR201,1,0,28,26
ACOAD60m;TECR221,1,0,28,26
ACOAD60m;TECR241,1,0,28,26
ACOAD60m;THR3Dx,1,2,28,24
ACOAD60m;TXA2tr,0,1,29,25
ACOAD60m;TXB2c,0,1,29,25
ACOAD60m;TXB2r,0,1,29,25
ACOAD60m;TXB2tr,0,1,29,25
ACOAD80m;ACOATE204,1,0,28,26
ACOAD80m;ALOX15,1,0,28,26
ACOAD80m;ARCOAATp,1,0,28,26
ACOAD80m;BUTt2m,0,1,29,25
ACOAD80m;C204CPT1,1,0,28,26
ACOAD80m;CACT6r,1,0,28,26
ACOAD80m;CACT7p,1,0,28,26
ACOAD80m;CATp,1,0,28,26
ACOAD80m;CITRt2m,0,1,29,25
ACOAD80m;COAtp,1,0,28,26
ACOAD80m;CRNCARtp,1,0,28,26
ACOAD80m;CSNATp,1,0,28,26
ACOAD80m;CSNATr,1,0,28,26
ACOAD80m;DESAT18_1,1,0,28,26
ACOAD80m;FA40ACPH,0,1,29,25
ACOAD80m;FACOAL40im,0,1,29,25
ACOAD80m;FAE180,1,0,28,26
ACOAD80m;FAE201,1,0,28,26
ACOAD80m;FAE221,1,0,28,26
ACOAD80m;FAE241,1,0,28,26
ACOAD80m;GLYATm,1,2,28,24
ACOAD80m;GLYtm,1,2,28,24
ACOAD80m;HACD180,1,0,28,26
ACOAD80m;HACD201,1,0,28,26
ACOAD80m;HACD221,1,0,28,26
ACOAD80m;HACD241,1,0,28,26
ACOAD80m;HSD180,1,0,28,26
ACOAD80m;HSD201,1,0,28,26
ACOAD80m;HSD221,1,0,28,26
ACOAD80m;HSD241,1,0,28,26
ACOAD80m;Htx,1,0,28,26
ACOAD80m;MALCOAMT,1,0,28,26
ACOAD80m;MALCOAMTr,1,0,28,26
ACOAD80m;NADHtpu,1,0,28,26
ACOAD80m;NADtx,1,0,28,26
ACOAD80m;NRVNCCOAtr,1,0,28,26
ACOAD80m;NRVNCCOAtxc,1,0,28,26
ACOAD80m;O2tp,1,0,28,26
ACOAD80m;TECR180,1,0,28,26
ACOAD80m;TECR201,1,0,28,26
ACOAD80m;TECR221,1,0,28,26
ACOAD80m;TECR241,1,0,28,26
ACOAD80m;THR3Dx,1,2,28,24
ACOAD80m;TXA2tr,0,1,29,25
ACOAD80m;TXB2c,0,1,29,25
ACOAD80m;TXB2r,0,1,29,25
ACOAD80m;TXB2tr,0,1,29,25
ACOAHi;HCO3E,1,0,28,26
ACOAS;ACITLn,4,0,25,26
ACOAS;ACONTa,1,0,28,26
ACOAS;ACONTam,1,0,28,26
ACOAS;ACONTb,1,0,28,26
ACOAS;ADPtn,4,0,25,26
ACOAS;ATPtn,4,0,25,26
ACOAS;CA2tm,1,0,28,26
ACOAS;CHAT,4,0,25,26
ACOAS;CHATn,4,0,25,26
ACOAS;CHOLtn,4,0,25,26
ACOAS;CITtam,1,0,28,26
ACOAS;CITtn,4,0,25,26
ACOAS;CLFORtex,1,0,28,26
ACOAS;CO2tm,1,0,28,26
ACOAS;DATPtm,1,0,28,26
ACOAS;DNDPt58m,1,0,28,26
ACOAS;ESTRADIOLtr,1,0,28,26
ACOAS;ESTRONEtr,1,0,28,26
ACOAS;GF6PTA,1,0,28,26
ACOAS;GLYt2r,1,0,28,26
ACOAS;GLYt7_311_r,1,0,28,26
ACOAS;GTPGDPtm,1,0,28,26
ACOAS;H2Oter,1,0,28,26
ACOAS;H2Otg,1,0,28,26
ACOAS;HMGL,3,0,26,26
ACOAS;HSD17B1,1,0,28,26
ACOAS;HSD17B7r,1,0,28,26
ACOAS;HSD3A1r,1,0,28,26
ACOAS;HSD3A2r,1,0,28,26
ACOAS;Htg,1,0,28,26
ACOAS;ICDHxrm,1,0,28,26
ACOAS;ICITACONtm,1,0,28,26
ACOAS;MALACONtm,1,0,28,26
ACOAS;MCITS,1,0,28,26
ACOAS;MMCDm,1,0,28,26
ACOAS;MMEm,1,0,28,26
ACOAS;MMMm,1,0,28,26
ACOAS;NADHtru,1,0,28,26
ACOAS;NADtru,1,0,28,26
ACOAS;NDP7g,1,0,28,26
ACOAS;NDPK3,1,0,28,26
ACOAS;OAADC,1,0,28,26
ACOAS;OAAtn,4,0,25,26
ACOAS;OCOAT1m,3,0,26,26
ACOAS;OXALSUCCCLm,1,0,28,26
ACOAS;PIt8,1,0,28,26
ACOAS;PIt9,1,0,28,26
ACOAS;PItg,1,0,28,26
ACOAS;PItn,4,0,25,26
ACOAS;PPAm,1,0,28,26
ACOAS;PPCOAtm,1,0,28,26
ACOAS;PYRFORte,1,0,28,26
ACOAS;PYRtm,1,0,28,26
ACOAS;Pit4,2,0,27,26
ACOAS;SUCOAS1m,1,0,28,26
ACOAS;THFtm,1,0,28,26
ACOAS;TRDR,1,0,28,26
ACOAS;UAGDP,1,0,28,26
ACOAS;UGLCNACtg,1,0,28,26
ACOATE100m;ACOATE204,1,0,28,26
ACOATE100m;ALOX15,1,0,28,26
ACOATE100m;ARCOAATp,1,0,28,26
ACOATE100m;BUTt2m,0,1,29,25
ACOATE100m;C204CPT1,1,0,28,26
ACOATE100m;CACT6r,1,0,28,26
ACOATE100m;CACT7p,1,0,28,26
ACOATE100m;CATp,1,0,28,26
ACOATE100m;CITRt2m,0,1,29,25
ACOATE100m;COAtp,1,0,28,26
ACOATE100m;CRNCARtp,1,0,28,26
ACOATE100m;CSNATp,1,0,28,26
ACOATE100m;CSNATr,1,0,28,26
ACOATE100m;DESAT18_1,1,0,28,26
ACOATE100m;FA40ACPH,0,1,29,25
ACOATE100m;FACOAL40im,0,1,29,25
ACOATE100m;FAE180,1,0,28,26
ACOATE100m;FAE201,1,0,28,26
ACOATE100m;FAE221,1,0,28,26
ACOATE100m;FAE241,1,0,28,26
ACOATE100m;GLYATm,1,2,28,24
ACOATE100m;GLYtm,1,2,28,24
ACOATE100m;HACD180,1,0,28,26
ACOATE100m;HACD201,1,0,28,26
ACOATE100m;HACD221,1,0,28,26
ACOATE100m;HACD241,1,0,28,26
ACOATE100m;HSD180,1,0,28,26
ACOATE100m;HSD201,1,0,28,26
ACOATE100m;HSD221,1,0,28,26
ACOATE100m;HSD241,1,0,28,26
ACOATE100m;Htx,1,0,28,26
ACOATE100m;MALCOAMT,1,0,28,26
ACOATE100m;MALCOAMTr,1,0,28,26
ACOATE100m;NADHtpu,1,0,28,26
ACOATE100m;NADtx,1,0,28,26
ACOATE100m;NRVNCCOAtr,1,0,28,26
ACOATE100m;NRVNCCOAtxc,1,0,28,26
ACOATE100m;O2tp,1,0,28,26
ACOATE100m;TECR180,1,0,28,26
ACOATE100m;TECR201,1,0,28,26
ACOATE100m;TECR221,1,0,28,26
ACOATE100m;TECR241,1,0,28,26
ACOATE100m;THR3Dx,1,2,28,24
ACOATE100m;TXA2tr,0,1,29,25
ACOATE100m;TXB2c,0,1,29,25
ACOATE100m;TXB2r,0,1,29,25
ACOATE100m;TXB2tr,0,1,29,25
ACOATE191p;AKGICITtm,1,0,28,26
ACOATE191p;ICDHyr,1,0,28,26
ACOATE191p;OXALSUCCCL,1,0,28,26
ACOATE191p;PIt7,1,0,28,26
ACOATE204;ACONTb,1,0,28,26
ACOATE204;ACONTbm,1,0,28,26
ACOATE204;ADK3m,1,0,28,26
ACOATE204;AKGDa1,1,0,28,26
ACOATE204;AKGDa2,1,0,28,26
ACOATE204;AKGDb,1,0,28,26
ACOATE204;ARTFR41,1,0,28,26
ACOATE204;BTCOACRNtm,1,0,28,26
ACOATE204;C161CPT1,1,0,28,26
ACOATE204;CACT4r,1,0,28,26
ACOATE204;COAtr,1,0,28,26
ACOATE204;CRNtim,1,0,28,26
ACOATE204;DESAT16_1,1,0,28,26
ACOATE204;DLD,1,0,28,26
ACOATE204;ETHMALACc,1,0,28,26
ACOATE204;ETHMALACte,1,0,28,26
ACOATE204;ETHMALCOAc,1,0,28,26
ACOATE204;FACOAL100im,1,0,28,26
ACOATE204;G6PDH2r,1,0,28,26
ACOATE204;GND,1,0,28,26
ACOATE204;Htr,1,0,28,26
ACOATE204;PGL,1,0,28,26
ACOATE204;PLMCOAPTr,1,0,28,26
ACOATE204;RTOT4,1,0,28,26
ACOATE204;SUCCICITtm,1,0,28,26
ACOATE204;SUCCt4_3,1,0,28,26
ACOATE204;SUCOAS1m,1,0,28,26
ACOATE204;TRDR,1,0,28,26
ACOATE204;TTDCPT1,1,0,28,26
ACOATE204;TTDCPT2,1,0,28,26
ACOATE204;TTDCRNt,1,0,28,26
ACOATE221;G6PDH2r,1,0,28,26
ACOATE221;GND,1,0,28,26
ACOATE221;Htr,1,1,28,25
ACOATE221;PGL,1,0,28,26
ACOATE80m;GTPGDPtm,0,1,29,25
ACOATE80m;NACDe,1,0,28,26
ACOATE80m;NACPRT,1,0,28,26
ACOATE80m;NCAMDe,1,0,28,26
ACOATE80m;NMNDA,1,0,28,26
ACOATE80m;NMNS,1,0,28,26
ACOATE80m;THRA,1,0,28,26
ACOD;ACONTam,1,0,28,26
ACOD;AHCYStn,0,1,29,25
ACOD;AKGSUCCtm,0,1,29,25
ACOD;AKGtn,0,1,29,25
ACOD;AMETtn,0,1,29,25
ACOD;ARGHISt2m,0,1,29,25
ACOD;CITtam,1,0,28,26
ACOD;CO2tn,0,1,29,25
ACOD;DHFR,0,1,29,25
ACOD;DHFRx,0,1,29,25
ACOD;DHFtm,0,1,29,25
ACOD;FALDte,0,1,29,25
ACOD;FALDtn,0,1,29,25
ACOD;GLYATm,2,0,27,26
ACOD;GLYtm,2,0,27,26
ACOD;HCO3E,1,0,28,26
ACOD;HISCITRtm,0,1,29,25
ACOD;ICDHyr,1,0,28,26
ACOD;LYSARGtm,0,1,29,25
ACOD;LYSCITRtm,0,1,29,25
ACOD;OXALSUCCCL,1,0,28,26
ACOD;PIMALtm,0,1,29,25
ACOD;PYRtm,2,0,27,26
ACOD;SO3AKGtm,0,1,29,25
ACOD;SO3MALtm,0,1,29,25
ACOD;THFtm,0,1,29,25
ACONTa;ACITLn,1,0,28,26
ACONTa;ACONTam,2,0,27,26
ACONTa;ACONTbm,1,0,28,26
ACONTa;ADKd,1,0,28,26
ACONTa;ADNK3,1,0,28,26
ACONTa;ADPtn,1,0,28,26
ACONTa;AHC,1,0,28,26
ACONTa;AHCYStn,0,1,29,25
ACONTa;AKGICITtm,2,0,27,26
ACONTa;AKGMALtm,1,0,28,26
ACONTa;AKGSUCCtm,0,2,29,24
ACONTa;AKGtn,0,1,29,25
ACONTa;ALCD1,1,0,28,26
ACONTa;ALDD2y,1,0,28,26
ACONTa;AMETtn,0,1,29,25
ACONTa;ARTFR12,1,0,28,26
ACONTa;ATPtn,1,0,28,26
ACONTa;BETALDHxm,1,0,28,26
ACONTa;BHMT,1,0,28,26
ACONTa;C161CPT1,1,0,28,26
ACONTa;CACT4r,1,0,28,26
ACONTa;CATp,1,0,28,26
ACONTa;CHATn,1,0,28,26
ACONTa;CHLtm,1,0,28,26
ACONTa;CHOLD2m,1,0,28,26
ACONTa;CHOLtn,1,0,28,26
ACONTa;CITACONtm,1,0,28,26
ACONTa;CITtam,1,0,28,26
ACONTa;CITtn,1,0,28,26
ACONTa;CO2tm,0,1,29,25
ACONTa;CO2tn,0,1,29,25
ACONTa;COAtr,1,0,28,26
ACONTa;CYSGLYex,1,0,28,26
ACONTa;CYSt4,0,3,29,23
ACONTa;DADK3,1,0,28,26
ACONTa;DESAT16_1,1,0,28,26
ACONTa;DHFR,0,1,29,25
ACONTa;DHFRx,0,1,29,25
ACONTa;DHFtm,0,1,29,25
ACONTa;DMGDHm,1,0,28,26
ACONTa;DMGtm,1,0,28,26
ACONTa;FALDtm,1,0,28,26
ACONTa;FALDtn,0,1,29,25
ACONTa;FALDtx,1,0,28,26
ACONTa;G6PDH2r,1,0,28,26
ACONTa;GLYATm,0,2,29,24
ACONTa;GLYBtm,1,0,28,26
ACONTa;GLYtm,0,2,29,24
ACONTa;GLYtp,1,0,28,26
ACONTa;GND,1,0,28,26
ACONTa;GTPGDPtm,0,1,29,25
ACONTa;H2Oter,1,0,28,26
ACONTa;HCO3E,2,0,27,26
ACONTa;HCO3Ee,1,0,28,26
ACONTa;HMGDH,0,1,29,25
ACONTa;HMGL,1,6,28,20
ACONTa;HMGS,0,1,29,25
ACONTa;ICDHyr,4,0,25,26
ACONTa;ICITACONtm,1,0,28,26
ACONTa;LHCYSTIN,0,1,29,25
ACONTa;LHCYSTINt,0,1,29,25
ACONTa;MAL_Lte,0,1,29,25
ACONTa;MALtm,1,0,28,26
ACONTa;MEOHt2,1,0,28,26
ACONTa;METAT,1,0,28,26
ACONTa;O2tp,1,0,28,26
ACONTa;OAADC,1,0,28,26
ACONTa;OAAtn,1,0,28,26
ACONTa;OCOAT1m,1,2,28,24
ACONTa;OXALSUCCCL,4,0,25,26
ACONTa;PGI,1,0,28,26
ACONTa;PGL,1,0,28,26
ACONTa;PItn,1,0,28,26
ACONTa;PLMCOAPTr,1,0,28,26
ACONTa;PMTCOAFABP1tc,1,0,28,26
ACONTa;PPItm,1,0,28,26
ACONTa;PYRtm,1,2,28,24
ACONTa;SARCOXp,1,0,28,26
ACONTa;SARCStm,1,0,28,26
ACONTa;SARCStp,1,0,28,26
ACONTa;SFGTH,0,1,29,25
ACONTa;SUCOAS1m,0,2,29,24
ACONTa;TALA,1,0,28,26
ACONTa;THR3Dx,0,2,29,24
ACONTa;THRA,1,0,28,26
ACONTam;ACONTb,1,0,28,26
ACONTam;ACONTbm,1,0,28,26
ACONTam;ADKd,1,0,28,26
ACONTam;ADNK3,1,0,28,26
ACONTam;ADPt4,1,0,28,26
ACONTam;AHC,1,0,28,26
ACONTam;AKGCITtm,2,0,27,26
ACONTam;AKGDa1,1,0,28,26
ACONTam;AKGDa2,1,0,28,26
ACONTam;AKGDb,1,0,28,26
ACONTam;AKGICITtm,1,0,28,26
ACONTam;AKGMALtm,1,0,28,26
ACONTam;ALASm,1,0,28,26
ACONTam;ALCD1,1,0,28,26
ACONTam;ALDD19xrm,1,0,28,26
ACONTam;ALDD19yrm,1,0,28,26
ACONTam;ALDD2y,1,0,28,26
ACONTam;AMETEPMT,1,0,28,26
ACONTam;AMETt2m,1,0,28,26
ACONTam;ARTFR12,1,0,28,26
ACONTam;ATPS4m,1,0,28,26
ACONTam;BETALDHxm,1,0,28,26
ACONTam;BHMT,1,0,28,26
ACONTam;BILIRED2,1,0,28,26
ACONTam;C161CPT1,1,0,28,26
ACONTam;CACT4r,1,0,28,26
ACONTam;CATp,1,0,28,26
ACONTam;CHLtm,1,0,28,26
ACONTam;CHOLD2m,1,0,28,26
ACONTam;CITACONtm,1,0,28,26
ACONTam;CITMCOAHm,1,0,28,26
ACONTam;CITMCOALm,1,0,28,26
ACONTam;CO2tm,1,0,28,26
ACONTam;COAtr,1,0,28,26
ACONTam;COt,1,0,28,26
ACONTam;CPPPGO,1,0,28,26
ACONTam;CYSDDS,1,0,28,26
ACONTam;CYSt4,0,1,29,25
ACONTam;DADK3,1,0,28,26
ACONTam;DESAT16_1,1,0,28,26
ACONTam;DLD,1,0,28,26
ACONTam;DMGDHm,1,0,28,26
ACONTam;DMGtm,1,0,28,26
ACONTam;ETHP,1,0,28,26
ACONTam;FALDtm,1,0,28,26
ACONTam;FALDtx,1,0,28,26
ACONTam;FCLTm,1,0,28,26
ACONTam;FE2tm,1,0,28,26
ACONTam;FUMm,1,0,28,26
ACONTam;FUMtm,1,0,28,26
ACONTam;G6PDH2r,1,0,28,26
ACONTam;GLUt2m,1,0,28,26
ACONTam;GLYATm,0,1,29,25
ACONTam;GLYBtm,1,0,28,26
ACONTam;GLYtp,1,0,28,26
ACONTam;GND,1,0,28,26
ACONTam;H2Oter,1,0,28,26
ACONTam;H2Stm,1,0,28,26
ACONTam;HMBS,1,0,28,26
ACONTam;HOXG,1,0,28,26
ACONTam;ICDHxrm,1,0,28,26
ACONTam;ICDHyr,2,0,27,26
ACONTam;ITCOALm,1,0,28,26
ACONTam;MALTSULtm,1,0,28,26
ACONTam;MEOHt2,1,0,28,26
ACONTam;METAT,1,0,28,26
ACONTam;O2tp,1,0,28,26
ACONTam;OCOAT1m,0,1,29,25
ACONTam;OXALSUCCCL,2,0,27,26
ACONTam;OXALSUCCCLm,1,0,28,26
ACONTam;PCFLOPm,1,0,28,26
ACONTam;PEMET1,1,0,28,26
ACONTam;PEMET2,1,0,28,26
ACONTam;PETOHMm_hs,1,0,28,26
ACONTam;PGI,1,0,28,26
ACONTam;PGL,1,0,28,26
ACONTam;PHEMEtabc,1,0,28,26
ACONTam;PLMCOAPTr,1,0,28,26
ACONTam;PMTCOAFABP1tc,1,0,28,26
ACONTam;PPAm,1,0,28,26
ACONTam;PPBNGS,1,0,28,26
ACONTam;PPItm,2,0,27,26
ACONTam;PPPG9tm,1,0,28,26
ACONTam;PPPGOm,1,0,28,26
ACONTam;PRSDO,1,0,28,26
ACONTam;PSSA2_hs,1,0,28,26
ACONTam;PYRtm,0,1,29,25
ACONTam;SARCOXp,1,0,28,26
ACONTam;SARCStm,1,0,28,26
ACONTam;SARCStp,1,0,28,26
ACONTam;SQOR2m,1,0,28,26
ACONTam;SQORm,1,0,28,26
ACONTam;SSALym,1,0,28,26
ACONTam;TALA,1,0,28,26
ACONTam;THR3Dx,0,1,29,25
ACONTam;THRA,1,0,28,26
ACONTam;TSCTS,1,0,28,26
ACONTam;TSULt4_3,1,0,28,26
ACONTam;UPP3S,1,0,28,26
ACONTam;UPPDC1,1,0,28,26
ACONTb;ACONTbm,3,1,26,25
ACONTb;AHCYStn,0,1,29,25
ACONTb;AKGACONtm,3,0,26,26
ACONTb;AKGICITtm,2,0,27,26
ACONTb;AKGMALtm,1,0,28,26
ACONTb;AKGSUCCtm,0,2,29,24
ACONTb;AKGtn,0,1,29,25
ACONTb;ALDD19xrm,2,0,27,26
ACONTb;ALDD19yrm,2,0,27,26
ACONTb;ALDD2y,1,0,28,26
ACONTb;ALOX15,1,0,28,26
ACONTb;AMETtn,0,1,29,25
ACONTb;ARCOAATp,1,0,28,26
ACONTb;C204CPT1,1,0,28,26
ACONTb;CACT6r,1,0,28,26
ACONTb;CACT7p,1,0,28,26
ACONTb;CAT,1,0,28,26
ACONTb;CATp,1,0,28,26
ACONTb;CHSTEROLt2,1,0,28,26
ACONTb;CITRt2m,0,1,29,25
ACONTb;CO2tm,0,1,29,25
ACONTb;CO2tn,0,1,29,25
ACONTb;COAtp,1,0,28,26
ACONTb;CRNCARtp,1,0,28,26
ACONTb;CSNATp,1,0,28,26
ACONTb;CSNATr,1,0,28,26
ACONTb;CYSt4,0,3,29,23
ACONTb;DESAT18_1,1,0,28,26
ACONTb;DHFR,0,1,29,25
ACONTb;DHFRx,0,1,29,25
ACONTb;DHFtm,0,1,29,25
ACONTb;DNAdeg,1,0,28,26
ACONTb;DRPA,1,0,28,26
ACONTb;FAE180,1,0,28,26
ACONTb;FAE201,1,0,28,26
ACONTb;FAE221,1,0,28,26
ACONTb;FAE241,1,0,28,26
ACONTb;FALDtn,0,1,29,25
ACONTb;FUM,1,0,28,26
ACONTb;G6PDH2rer,1,0,28,26
ACONTb;G6Pter,1,0,28,26
ACONTb;GLNALANaEx,1,0,28,26
ACONTb;GLYATm,1,2,28,24
ACONTb;GLYtm,1,2,28,24
ACONTb;GNDer,1,0,28,26
ACONTb;GTPGDPtm,0,1,29,25
ACONTb;H2Oter,1,0,28,26
ACONTb;H2Otm,1,0,28,26
ACONTb;H2Otn,1,0,28,26
ACONTb;HACD180,1,0,28,26
ACONTb;HACD201,1,0,28,26
ACONTb;HACD221,1,0,28,26
ACONTb;HACD241,1,0,28,26
ACONTb;HCO3E,2,0,27,26
ACONTb;HCO3Ee,1,0,28,26
ACONTb;HCO3Em,1,0,28,26
ACONTb;HCO3tm,1,0,28,26
ACONTb;HEX12,2,0,27,26
ACONTb;HMGDH,0,1,29,25
ACONTb;HMGL,0,6,29,20
ACONTb;HMGS,0,1,29,25
ACONTb;HSD180,1,0,28,26
ACONTb;HSD201,1,0,28,26
ACONTb;HSD221,1,0,28,26
ACONTb;HSD241,1,0,28,26
ACONTb;HSD3B11,1,0,28,26
ACONTb;Htm,1,0,28,26
ACONTb;Htx,1,0,28,26
ACONTb;ICDHxrm,1,0,28,26
ACONTb;ICITACONtm,2,0,27,26
ACONTb;LHCYSTIN,0,1,29,25
ACONTb;LHCYSTINt,0,1,29,25
ACONTb;MALCOAMT,1,0,28,26
ACONTb;MALCOAMTr,1,0,28,26
ACONTb;MAL_Lte,0,1,29,25
ACONTb;NACDe,1,0,28,26
ACONTb;NACPRT,1,0,28,26
ACONTb;NADHtpu,1,0,28,26
ACONTb;NADPHtru,1,0,28,26
ACONTb;NADPtru,1,0,28,26
ACONTb;NADtx,1,0,28,26
ACONTb;NCAMDe,1,0,28,26
ACONTb;NMNDA,1,0,28,26
ACONTb;NMNS,1,0,28,26
ACONTb;NRVNCCOAtr,1,0,28,26
ACONTb;NRVNCCOAtxc,1,0,28,26
ACONTb;O2tp,1,0,28,26
ACONTb;OCOAT1m,0,2,29,24
ACONTb;OXALSUCCCLm,1,0,28,26
ACONTb;P45011A1m,1,0,28,26
ACONTb;PGLer,1,0,28,26
ACONTb;PIt8,1,0,28,26
ACONTb;PPM2,1,0,28,26
ACONTb;PRGNLONEtm,1,0,28,26
ACONTb;PRGSTRNt,1,0,28,26
ACONTb;PYRt2r,2,0,27,26
ACONTb;PYRtm,0,2,29,24
ACONTb;RU5Ptr,1,0,28,26
ACONTb;SBTR,1,0,28,26
ACONTb;SBT_Dtde,1,0,28,26
ACONTb;SFGTH,0,1,29,25
ACONTb;SUCCICITtm,1,0,28,26
ACONTb;SUCCt4_3,2,0,27,26
ACONTb;SUCOAS1m,0,2,29,24
ACONTb;TALA,1,0,28,26
ACONTb;TECR180,1,0,28,26
ACONTb;TECR201,1,0,28,26
ACONTb;TECR221,1,0,28,26
ACONTb;TECR241,1,0,28,26
ACONTb;THDm,1,0,28,26
ACONTb;THR3Dx,2,2,27,24
ACONTb;THRA,2,0,27,26
ACONTb;THRtm,1,0,28,26
ACONTb;TYROX,2,0,27,26
ACONTb;TYRTA,2,0,27,26
ACONTbm;ADPt4,1,0,28,26
ACONTbm;AHCYStn,0,1,29,25
ACONTbm;AKGACONtm,5,1,24,25
ACONTbm;AKGDa1,1,0,28,26
ACONTbm;AKGDa2,1,0,28,26
ACONTbm;AKGDb,1,0,28,26
ACONTbm;AKGICITtm,4,1,25,25
ACONTbm;AKGSUCCtm,0,1,29,25
ACONTbm;AKGtn,0,1,29,25
ACONTbm;ALASm,1,0,28,26
ACONTbm;ALDD19xrm,1,0,28,26
ACONTbm;ALDD19yrm,1,0,28,26
ACONTbm;ALOX15,1,0,28,26
ACONTbm;AMETtn,0,1,29,25
ACONTbm;ARCOAATp,1,0,28,26
ACONTbm;ARGHISt2m,0,1,29,25
ACONTbm;ASPPROASCT1,1,0,28,26
ACONTbm;BILIRED2,1,0,28,26
ACONTbm;C204CPT1,1,0,28,26
ACONTbm;CACT6r,1,0,28,26
ACONTbm;CACT7p,1,0,28,26
ACONTbm;CAT,1,0,28,26
ACONTbm;CATp,1,0,28,26
ACONTbm;CITRt2m,0,1,29,25
ACONTbm;CO2tm,1,0,28,26
ACONTbm;CO2tn,0,1,29,25
ACONTbm;COAtp,1,0,28,26
ACONTbm;COt,1,0,28,26
ACONTbm;CPPPGO,1,0,28,26
ACONTbm;CRNCARtp,1,0,28,26
ACONTbm;CSNATp,1,0,28,26
ACONTbm;CSNATr,1,0,28,26
ACONTbm;CYOOm2,1,0,28,26
ACONTbm;CYOR_u10m,1,0,28,26
ACONTbm;CYSGLYex,1,0,28,26
ACONTbm;DESAT18_1,1,0,28,26
ACONTbm;DHFR,0,1,29,25
ACONTbm;DHFRx,0,1,29,25
ACONTbm;DHFtm,0,1,29,25
ACONTbm;DLD,1,0,28,26
ACONTbm;DNAdeg,1,0,28,26
ACONTbm;DRPA,1,0,28,26
ACONTbm;FAE180,1,0,28,26
ACONTbm;FAE201,1,0,28,26
ACONTbm;FAE221,1,0,28,26
ACONTbm;FAE241,1,0,28,26
ACONTbm;FALDte,0,1,29,25
ACONTbm;FALDtn,0,1,29,25
ACONTbm;FCLTm,1,0,28,26
ACONTbm;FE2tm,1,0,28,26
ACONTbm;FUM,1,0,28,26
ACONTbm;FUMm,1,0,28,26
ACONTbm;FUMtm,1,0,28,26
ACONTbm;G6PDH2rer,1,0,28,26
ACONTbm;G6Pter,1,0,28,26
ACONTbm;GLNALANaEx,1,0,28,26
ACONTbm;GLYATm,2,0,27,26
ACONTbm;GLYtm,2,0,27,26
ACONTbm;GNDer,1,0,28,26
ACONTbm;H2Oter,1,0,28,26
ACONTbm;H2Otm,1,0,28,26
ACONTbm;H2Otn,1,0,28,26
ACONTbm;HACD180,1,0,28,26
ACONTbm;HACD201,1,0,28,26
ACONTbm;HACD221,1,0,28,26
ACONTbm;HACD241,1,0,28,26
ACONTbm;HCO3E,2,0,27,26
ACONTbm;HCO3Em,1,0,28,26
ACONTbm;HCO3tm,1,0,28,26
ACONTbm;HEX12,2,0,27,26
ACONTbm;HISCITRtm,0,1,29,25
ACONTbm;HMBS,1,0,28,26
ACONTbm;HMGL,1,0,28,26
ACONTbm;HOXG,1,0,28,26
ACONTbm;HSD180,1,0,28,26
ACONTbm;HSD201,1,0,28,26
ACONTbm;HSD221,1,0,28,26
ACONTbm;HSD241,1,0,28,26
ACONTbm;Htm,1,0,28,26
ACONTbm;Htx,1,0,28,26
ACONTbm;ICDHyr,5,0,24,26
ACONTbm;ICITACONtm,4,0,25,26
ACONTbm;LYSARGtm,0,1,29,25
ACONTbm;LYSCITRtm,0,1,29,25
ACONTbm;MALCOAMT,1,0,28,26
ACONTbm;MALCOAMTr,1,0,28,26
ACONTbm;MALtm,1,0,28,26
ACONTbm;NACDe,1,0,28,26
ACONTbm;NACPRT,1,0,28,26
ACONTbm;NADH2_u10m,0,1,29,25
ACONTbm;NADHtpu,1,0,28,26
ACONTbm;NADPHtru,1,0,28,26
ACONTbm;NADPtru,1,0,28,26
ACONTbm;NADtx,1,0,28,26
ACONTbm;NCAMDe,1,0,28,26
ACONTbm;NMNDA,1,0,28,26
ACONTbm;NMNS,1,0,28,26
ACONTbm;NRVNCCOAtr,1,0,28,26
ACONTbm;NRVNCCOAtxc,1,0,28,26
ACONTbm;O2tp,1,0,28,26
ACONTbm;OCOAT1m,1,0,28,26
ACONTbm;OXALSUCCCL,5,0,24,26
ACONTbm;PGCD,1,0,28,26
ACONTbm;PGLer,1,0,28,26
ACONTbm;PHEMEtabc,1,0,28,26
ACONTbm;PIMALtm,0,1,29,25
ACONTbm;PIt8,1,0,28,26
ACONTbm;PPBNGS,1,0,28,26
ACONTbm;PPM2,1,0,28,26
ACONTbm;PPPG9tm,1,0,28,26
ACONTbm;PPPGOm,1,0,28,26
ACONTbm;PSERT,1,0,28,26
ACONTbm;PSP_L,1,0,28,26
ACONTbm;PYRt2r,2,0,27,26
ACONTbm;PYRtm,2,0,27,26
ACONTbm;RU5Ptr,1,0,28,26
ACONTbm;SBTR,1,0,28,26
ACONTbm;SBT_Dtde,1,0,28,26
ACONTbm;SO3AKGtm,0,1,29,25
ACONTbm;SO3MALtm,0,1,29,25
ACONTbm;SUCCICITtm,1,0,28,26
ACONTbm;SUCCt4_3,2,0,27,26
ACONTbm;TALA,1,0,28,26
ACONTbm;TECR180,1,0,28,26
ACONTbm;TECR201,1,0,28,26
ACONTbm;TECR221,1,0,28,26
ACONTbm;TECR241,1,0,28,26
ACONTbm;THDm,1,0,28,26
ACONTbm;THFtm,0,1,29,25
ACONTbm;THR3Dx,2,0,27,26
ACONTbm;THRA,1,0,28,26
ACONTbm;THRtm,1,0,28,26
ACONTbm;TYROX,1,0,28,26
ACONTbm;TYRTA,1,0,28,26
ACONTbm;UPP3S,1,0,28,26
ACONTbm;UPPDC1,1,0,28,26
ACt2r;ADKd,0,1,29,25
ACt2r;GLYATm,0,1,29,25
ACt2r;GLYtm,0,1,29,25
ACt2r;GTPGDPtm,0,1,29,25
ACt2r;HCO3E,1,0,28,26
ACt2r;HCO3Em,0,1,29,25
ACt2r;HCO3tm,0,1,29,25
ACt2r;NDPK1,0,2,29,24
ACt2r;NDPK3,1,2,28,24
ACt2r;OCOAT1m,0,1,29,25
ACt2r;PYRtm,0,1,29,25
ACt2r;SUCOAS1m,0,1,29,25
ACt2r;THR3Dx,0,1,29,25
ADHAPtx;ICDHyr,1,0,28,26
ADHAPtx;OXALSUCCCL,1,0,28,26
ADHAPtx;PIt7,1,0,28,26
ADHAPtx;TALA,2,0,27,26
ADK1;ADK3,7,11,22,15
ADK1;ADK3m,2,1,27,25
ADK1;ADKd,1,3,28,23
ADK1;ADPt4,2,0,27,26
ADK1;AMPt4,2,1,27,25
ADK1;CLFORtex,1,0,28,26
ADK1;CO2tm,2,0,27,26
ADK1;DADK3,1,2,28,24
ADK1;GLUt2m,2,0,27,26
ADK1;GLYt7_311_r,1,0,28,26
ADK1;GTPGDPtm,0,1,29,25
ADK1;HCO3E,1,0,28,26
ADK1;NDPK1,0,1,29,25
ADK1;PPAm,1,0,28,26
ADK1;PPItm,1,0,28,26
ADK1;PYRFORte,1,0,28,26
ADK3m;ALOX15,1,0,28,26
ADK3m;ARCOAATp,1,0,28,26
ADK3m;C204CPT1,1,0,28,26
ADK3m;CACT6r,1,0,28,26
ADK3m;CACT7p,1,0,28,26
ADK3m;CATp,1,0,28,26
ADK3m;CITRt2m,0,1,29,25
ADK3m;COAtp,1,0,28,26
ADK3m;CRNCARtp,1,0,28,26
ADK3m;CSNATp,1,0,28,26
ADK3m;CSNATr,1,0,28,26
ADK3m;CYOOm2,1,0,28,26
ADK3m;CYOR_u10m,1,0,28,26
ADK3m;DESAT18_1,1,0,28,26
ADK3m;FAE180,1,0,28,26
ADK3m;FAE201,1,0,28,26
ADK3m;FAE221,1,0,28,26
ADK3m;FAE241,1,0,28,26
ADK3m;GLYATm,1,1,28,25
ADK3m;GLYtm,1,1,28,25
ADK3m;GTPGDPtm,0,1,29,25
ADK3m;HACD180,1,0,28,26
ADK3m;HACD201,1,0,28,26
ADK3m;HACD221,1,0,28,26
ADK3m;HACD241,1,0,28,26
ADK3m;HEX12,1,0,28,26
ADK3m;HSD180,1,0,28,26
ADK3m;HSD201,1,0,28,26
ADK3m;HSD221,1,0,28,26
ADK3m;HSD241,1,0,28,26
ADK3m;Htm,4,1,25,25
ADK3m;Htr,0,1,29,25
ADK3m;Htx,1,0,28,26
ADK3m;MALCOAMT,1,0,28,26
ADK3m;MALCOAMTr,1,0,28,26
ADK3m;NACDe,1,0,28,26
ADK3m;NACPRT,1,0,28,26
ADK3m;NADHtpu,1,0,28,26
ADK3m;NADtx,1,0,28,26
ADK3m;NCAMDe,1,0,28,26
ADK3m;NDP8,1,0,28,26
ADK3m;NMNDA,1,0,28,26
ADK3m;NMNS,1,0,28,26
ADK3m;NRVNCCOAtr,1,0,28,26
ADK3m;NRVNCCOAtxc,1,0,28,26
ADK3m;O2tp,1,0,28,26
ADK3m;PGI,1,0,28,26
ADK3m;PYK,1,0,28,26
ADK3m;RPE,1,0,28,26
ADK3m;TALA,1,0,28,26
ADK3m;TECR180,1,0,28,26
ADK3m;TECR201,1,0,28,26
ADK3m;TECR221,1,0,28,26
ADK3m;TECR241,1,0,28,26
ADK3m;THR3Dx,1,1,28,25
ADK3m;THRA,1,0,28,26
ADK3m;TKT1,1,0,28,26
ADK3m;TKT2,1,0,28,26
ADK3m;TXA2tr,0,1,29,25
ADK3m;TXB2c,0,1,29,25
ADK3m;TXB2r,0,1,29,25
ADK3m;TXB2tr,0,1,29,25
ADKd;ADPT,0,1,29,25
ADKd;ALDD2x,0,1,29,25
ADKd;AMPt4,1,0,28,26
ADKd;CITACONtm,1,0,28,26
ADKd;DNPH2,0,1,29,25
ADKd;DRPA,0,1,29,25
ADKd;G6Pt6er,1,0,28,26
ADKd;GALU,1,0,28,26
ADKd;GDPFUCtg,1,0,28,26
ADKd;GFUCSx,1,0,28,26
ADKd;GK1mi,1,0,28,26
ADKd;GMAND,1,0,28,26
ADKd;GSNKm,1,0,28,26
ADKd;GSNtm,1,0,28,26
ADKd;GTPGDPtm,1,0,28,26
ADKd;GTPtm,1,0,28,26
ADKd;H2Otg,1,0,28,26
ADKd;HEX12,1,0,28,26
ADKd;Htg,1,0,28,26
ADKd;MAN1PT2,1,0,28,26
ADKd;MAN6PI,2,1,27,25
ADKd;NDP3g,1,0,28,26
ADKd;NDP7g,1,0,28,26
ADKd;NDPK1,0,2,29,24
ADKd;NTD9,1,0,28,26
ADKd;OCOAT1m,1,0,28,26
ADKd;PGMT,1,0,28,26
ADKd;PItg,1,0,28,26
ADKd;PMANM,1,0,28,26
ADKd;PPA,1,0,28,26
ADKd;PYRtm,1,0,28,26
ADKd;SUCOAS1m,1,0,28,26
ADKd;UAGDP,1,0,28,26
ADKd;UDPG4E,1,0,28,26
ADKd;UDPGALtg,1,0,28,26
ADKd;UGLCNACtg,1,0,28,26
ADNK1;ADNK4,0,1,29,25
ADNK1;AKGSUCCtm,0,1,29,25
ADNK1;ATPS4m,0,1,29,25
ADNK1;CHOLtu,0,1,29,25
ADNK1;CYOOm2,0,1,29,25
ADNK1;CYOR_u10m,0,1,29,25
ADNK1;CYSt4,0,3,29,23
ADNK1;DHFR,0,1,29,25
ADNK1;FKYNH,0,1,29,25
ADNK1;GLYATm,0,1,29,25
ADNK1;GLYC3Ptmc,0,1,29,25
ADNK1;GLYCtm,0,1,29,25
ADNK1;GLYKm,0,1,29,25
ADNK1;GLYtm,0,1,29,25
ADNK1;HMGL,0,3,29,23
ADNK1;KYNAKGAT,0,1,29,25
ADNK1;KYNATESYN,0,1,29,25
ADNK1;KYNATEtr,0,1,29,25
ADNK1;MAL_Lte,0,1,29,25
ADNK1;MTHFC,0,2,29,24
ADNK1;MTHFD2,0,2,29,24
ADNK1;PGLYCH,0,1,29,25
ADNK1;THR3Dx,0,1,29,25
ADNK1;TRPO2,0,1,29,25
ADNK3;AKGGHTRDtm,1,0,28,26
ADNK3;AKGICITtm,1,0,28,26
ADNK3;AKGSUCCtm,0,1,29,25
ADNK3;AKGt4_3,0,1,29,25
ADNK3;ALAt4,0,1,29,25
ADNK3;ALDD19xrm,1,0,28,26
ADNK3;ALDD19yrm,1,0,28,26
ADNK3;ARTFR52,2,0,27,26
ADNK3;ASPGLUm,1,0,28,26
ADNK3;ASPTAm,1,0,28,26
ADNK3;ATPS4m,1,0,28,26
ADNK3;ATPt4,1,0,28,26
ADNK3;CHOLK,0,1,29,25
ADNK3;CHOLt4,6,0,23,26
ADNK3;CHOLtu,5,3,24,23
ADNK3;CITACONtm,1,0,28,26
ADNK3;CO2tm,1,2,28,24
ADNK3;COAtm,0,1,29,25
ADNK3;CYOOm2,5,2,24,24
ADNK3;CYOR_u10m,5,2,24,24
ADNK3;CYSGLYex,2,0,27,26
ADNK3;CYSt4,3,6,26,20
ADNK3;DHFR,0,1,29,25
ADNK3;DHFRx,0,1,29,25
ADNK3;DHFtm,0,1,29,25
ADNK3;FAE180,2,0,27,26
ADNK3;FAE200,2,0,27,26
ADNK3;FAE220,2,0,27,26
ADNK3;FAE240,2,0,27,26
ADNK3;FAE260,2,0,27,26
ADNK3;FKYNH,0,1,29,25
ADNK3;FUMMALtm,0,1,29,25
ADNK3;FUMSUCCtm,0,1,29,25
ADNK3;G6PDH2rer,1,0,28,26
ADNK3;GLYATm,1,3,28,23
ADNK3;GLYtm,1,2,28,24
ADNK3;GTPGDPtm,0,1,29,25
ADNK3;H2Oter,1,0,28,26
ADNK3;HACD180,2,0,27,26
ADNK3;HACD200,2,0,27,26
ADNK3;HACD220,2,0,27,26
ADNK3;HACD240,2,0,27,26
ADNK3;HACD260,2,0,27,26
ADNK3;HCO3E,0,1,29,25
ADNK3;HCO3Em,0,2,29,24
ADNK3;HCO3tm,0,2,29,24
ADNK3;HEX12,1,0,28,26
ADNK3;HEXCCOAtr,2,0,27,26
ADNK3;HMGL,0,1,29,25
ADNK3;HSD180,2,0,27,26
ADNK3;HSD200,2,0,27,26
ADNK3;HSD220,2,0,27,26
ADNK3;HSD240,2,0,27,26
ADNK3;HSD260,2,0,27,26
ADNK3;Htm,2,0,27,26
ADNK3;ICDHyr,1,0,28,26
ADNK3;ICDHyrm,1,0,28,26
ADNK3;KYNAKGAT,0,1,29,25
ADNK3;KYNATESYN,0,1,29,25
ADNK3;KYNATEtr,0,1,29,25
ADNK3;MALACONtm,1,0,28,26
ADNK3;MAL_Lte,1,3,28,23
ADNK3;MALtm,1,0,28,26
ADNK3;MDHm,1,0,28,26
ADNK3;OAADC,1,0,28,26
ADNK3;OCOAT1m,0,2,29,24
ADNK3;OXALSUCCCL,1,0,28,26
ADNK3;PIGTHRDLtm,1,0,28,26
ADNK3;PIt2m_2,0,1,29,25
ADNK3;PPCOAtm,0,1,29,25
ADNK3;PROGLUtm,1,0,28,26
ADNK3;PROtm,1,0,28,26
ADNK3;PYRtm,0,2,29,24
ADNK3;RTOT5,2,0,27,26
ADNK3;SERCYSNaEx,1,0,28,26
ADNK3;SERt4,1,2,28,24
ADNK3;SUCCACONtm,1,0,28,26
ADNK3;SUCCt4_3,1,0,28,26
ADNK3;SUCOAS1m,0,1,29,25
ADNK3;TECR180,2,0,27,26
ADNK3;TECR200,2,0,27,26
ADNK3;TECR220,2,0,27,26
ADNK3;TECR240,2,0,27,26
ADNK3;TECR260,2,0,27,26
ADNK3;THDm,1,0,28,26
ADNK3;THFtm,0,1,29,25
ADNK3;THR3Dx,1,3,28,23
ADNK3;THRCYSNaEx,1,0,28,26
ADNK3;THRtm,1,0,28,26
ADNK3;TRPO2,0,1,29,25
ADNK3;TXA2tr,0,1,29,25
ADNK3;TXB2c,0,1,29,25
ADNK3;TXB2r,0,1,29,25
ADNK3;TXB2tr,0,1,29,25
ADNK4;CHOLtu,0,1,29,25
ADNK4;CYSt4,0,1,29,25
ADNK4;PHETA1,0,1,29,25
ADNK4;PHETA1m,0,1,29,25
ADNK4;PHEt4m,0,1,29,25
ADNK4;PHPYRtm,0,1,29,25
ADPT;NDPK1,0,2,29,24
ADPT;PYK6,0,1,29,25
ADPt4;AHCYStn,0,1,29,25
ADPt4;AKGDa1,1,0,28,26
ADPt4;AKGDa2,1,0,28,26
ADPt4;AKGDb,1,0,28,26
ADPt4;AKGGHTRDtm,1,0,28,26
ADPt4;AKGSUCCtm,0,2,29,24
ADPt4;AKGtn,0,1,29,25
ADPt4;ALASm,1,0,28,26
ADPt4;AMETtn,0,1,29,25
ADPt4;ATP1ter,1,0,28,26
ADPt4;ATPS4m,0,1,29,25
ADPt4;ATPt4,2,2,27,24
ADPt4;BILDGLUCRabc,1,0,28,26
ADPt4;BILIRED2,1,0,28,26
ADPt4;BILIRUBtr,1,0,28,26
ADPt4;CITRt2m,0,1,29,25
ADPt4;CO2tm,1,0,28,26
ADPt4;CO2tn,0,1,29,25
ADPt4;COt,1,0,28,26
ADPt4;CPPPGO,1,0,28,26
ADPt4;CYOOm2,1,0,28,26
ADPt4;CYOR_u10m,1,0,28,26
ADPt4;DHFR,0,1,29,25
ADPt4;DHFRx,0,1,29,25
ADPt4;DHFtm,0,1,29,25
ADPt4;FADH2ETC,0,1,29,25
ADPt4;FALDte,0,1,29,25
ADPt4;FALDtn,0,1,29,25
ADPt4;FCLTm,1,0,28,26
ADPt4;FE2tm,1,0,28,26
ADPt4;G6PDH2r,1,0,28,26
ADPt4;GALU,1,0,28,26
ADPt4;GND,1,0,28,26
ADPt4;HEX12,1,0,28,26
ADPt4;HMBS,1,0,28,26
ADPt4;HOXG,1,0,28,26
ADPt4;Htm,1,0,28,26
ADPt4;Htr,0,1,29,25
ADPt4;ICDHxrm,1,0,28,26
ADPt4;NADH2_u10m,2,0,27,26
ADPt4;NDP7er,1,0,28,26
ADPt4;NQO1,1,0,28,26
ADPt4;OXALSUCCCLm,1,0,28,26
ADPt4;PGI,1,0,28,26
ADPt4;PGL,1,0,28,26
ADPt4;PGMT,1,0,28,26
ADPt4;PHEMEtm,1,0,28,26
ADPt4;PIGTHRDLtm,1,0,28,26
ADPt4;PIMALtm,0,2,29,24
ADPt4;PIt2m_2,0,1,29,25
ADPt4;PPAm,1,0,28,26
ADPt4;PPBNGS,1,0,28,26
ADPt4;PPItm,2,0,27,26
ADPt4;PPPG9tm,1,0,28,26
ADPt4;PPPGOm,1,0,28,26
ADPt4;PYK,1,0,28,26
ADPt4;RPE,1,0,28,26
ADPt4;SO3AKGtm,0,1,29,25
ADPt4;SO3MALtm,0,1,29,25
ADPt4;SO4AKGtm,0,1,29,25
ADPt4;SO4MALtm,0,1,29,25
ADPt4;TALA,2,0,27,26
ADPt4;THFtm,0,1,29,25
ADPt4;TKT1,1,0,28,26
ADPt4;TKT2,1,0,28,26
ADPt4;UDPGD,1,0,28,26
ADPt4;UDPGLCAter,1,0,28,26
ADPt4;UGT1A2r,1,0,28,26
ADPt4;UPP3S,1,0,28,26
ADPt4;UPPDC1,1,0,28,26
ADPt4;q10h2tc,1,0,28,26
ADPt4;q10tm,1,0,28,26
ADRNLPVESSEC;AHCYStn,2,0,27,26
ADRNLPVESSEC;AKGtn,2,0,27,26
ADRNLPVESSEC;ALCD1,2,0,27,26
ADRNLPVESSEC;AMETtn,2,0,27,26
ADRNLPVESSEC;CO2tn,2,0,27,26
ADRNLPVESSEC;FALDtn,2,0,27,26
ADRNLPVESSEC;MEOHt2,2,0,27,26
ADRNLPVESSEC;O2tn,2,0,27,26
ADSK;FBA,0,1,29,25
ADSK;GF6PTA,1,0,28,26
ADSK;GLUDym,1,0,28,26
ADSK;H2Otg,1,0,28,26
ADSK;HCO3_CLt,0,1,29,25
ADSK;Htg,1,0,28,26
ADSK;KCC2t,0,4,29,22
ADSK;NDP7g,1,0,28,26
ADSK;NH4tm,1,0,28,26
ADSK;NKCC2t,2,1,27,25
ADSK;PFK,0,1,29,25
ADSK;PItg,1,0,28,26
ADSK;SO4t4_3,0,2,29,24
ADSK;UAGDP,1,0,28,26
AG13T16g;IDHPOXOX2b,0,1,29,25
AG13T16g;IDHPOXOX4,0,1,29,25
AG13T16g;IDHPOXOXb,0,1,29,25
AG13T16g;It,0,1,29,25
AG13T16g;THYPX,0,1,29,25
AG13T16g;THYST,0,1,29,25
AG13T17g;IDHPOXOX2b,0,1,29,25
AG13T17g;IDHPOXOX4,0,1,29,25
AG13T17g;IDHPOXOXb,0,1,29,25
AG13T17g;It,0,1,29,25
AG13T17g;THYPX,0,1,29,25
AG13T17g;THYST,0,1,29,25
AG13T18g;IDHPOXOX2b,0,1,29,25
AG13T18g;IDHPOXOX4,0,1,29,25
AG13T18g;IDHPOXOXb,0,1,29,25
AG13T18g;It,0,1,29,25
AG13T18g;THYPX,0,1,29,25
AG13T18g;THYST,0,1,29,25
AGLPC;ICDHyr,1,0,28,26
AGLPC;OXALSUCCCL,1,0,28,26
AGLPC;PIt7,1,0,28,26
AGLPC;TALA,2,0,27,26
AGLPH;ICDHyr,1,0,28,26
AGLPH;OXALSUCCCL,1,0,28,26
AGLPH;PIt7,1,0,28,26
AGLPH;TALA,2,0,27,26
AGLPR;ICDHyr,1,0,28,26
AGLPR;OXALSUCCCL,1,0,28,26
AGLPR;PIt7,1,0,28,26
AGLPR;TALA,2,0,27,26
AGLPT;ICDHyr,1,0,28,26
AGLPT;OXALSUCCCL,1,0,28,26
AGLPT;PIt7,1,0,28,26
AGLPT;TALA,2,0,27,26
AGPAT1;MI1PP,1,0,28,26
AGPAT1;PIPLC,1,0,28,26
AGPSx;ICDHyr,1,0,28,26
AGPSx;OXALSUCCCL,1,0,28,26
AGPSx;PIt7,1,0,28,26
AGPSx;TALA,2,0,27,26
AGPex;ICDHyr,1,0,28,26
AGPex;OXALSUCCCL,1,0,28,26
AGPex;PIt7,1,0,28,26
AGPex;TALA,2,0,27,26
AGTim;GLUDym,1,0,28,26
AGTim;NH4tm,1,0,28,26
AHC;AKGGHTRDtm,1,0,28,26
AHC;AKGICITtm,1,0,28,26
AHC;AKGSUCCtm,0,2,29,24
AHC;AKGt4_3,0,2,29,24
AHC;ALAt4,0,1,29,25
AHC;ALDD19xrm,1,0,28,26
AHC;ALDD19yrm,1,0,28,26
AHC;ARTFR52,2,0,27,26
AHC;ASPGLUm,1,0,28,26
AHC;ASPTAm,1,0,28,26
AHC;ATPS4m,1,1,28,25
AHC;ATPt4,1,0,28,26
AHC;CEPTE,0,1,29,25
AHC;CHOLK,0,1,29,25
AHC;CHOLt4,6,0,23,26
AHC;CHOLtu,5,7,24,19
AHC;CITACONtm,1,0,28,26
AHC;CO2tm,1,2,28,24
AHC;COAtm,0,1,29,25
AHC;CYOOm2,5,3,24,23
AHC;CYOR_u10m,5,3,24,23
AHC;CYSGLYex,2,0,27,26
AHC;CYSt4,3,11,26,15
AHC;DHFR,0,2,29,24
AHC;DHFRx,0,1,29,25
AHC;DHFtm,0,1,29,25
AHC;FAE180,2,0,27,26
AHC;FAE200,2,0,27,26
AHC;FAE220,2,0,27,26
AHC;FAE240,2,0,27,26
AHC;FAE260,2,0,27,26
AHC;FKYNH,0,3,29,23
AHC;FUMMALtm,0,1,29,25
AHC;FUMSUCCtm,0,1,29,25
AHC;G6PDH2rer,1,0,28,26
AHC;GLYATm,1,4,28,22
AHC;GLYC3Ptmc,0,1,29,25
AHC;GLYCtm,0,1,29,25
AHC;GLYKm,0,1,29,25
AHC;GLYtm,1,3,28,23
AHC;GTPGDPtm,0,1,29,25
AHC;H2Oter,1,0,28,26
AHC;HACD180,2,0,27,26
AHC;HACD200,2,0,27,26
AHC;HACD220,2,0,27,26
AHC;HACD240,2,0,27,26
AHC;HACD260,2,0,27,26
AHC;HCO3E,0,1,29,25
AHC;HCO3Em,0,2,29,24
AHC;HCO3tm,0,2,29,24
AHC;HEX12,1,0,28,26
AHC;HEXCCOAtr,2,0,27,26
AHC;HMGL,0,5,29,21
AHC;HSD180,2,0,27,26
AHC;HSD200,2,0,27,26
AHC;HSD220,2,0,27,26
AHC;HSD240,2,0,27,26
AHC;HSD260,2,0,27,26
AHC;Htm,2,0,27,26
AHC;ICDHyr,1,0,28,26
AHC;ICDHyrm,1,0,28,26
AHC;KYNAKGAT,0,3,29,23
AHC;KYNATESYN,0,3,29,23
AHC;KYNATEtr,0,3,29,23
AHC;MALACONtm,1,0,28,26
AHC;MAL_Lte,1,5,28,21
AHC;MALtm,1,0,28,26
AHC;MDHm,1,0,28,26
AHC;MTHFC,0,3,29,23
AHC;MTHFD2,0,3,29,23
AHC;OAADC,1,0,28,26
AHC;OCOAT1m,0,2,29,24
AHC;OXALSUCCCL,1,0,28,26
AHC;PETHCT,0,1,29,25
AHC;PGLYCH,0,1,29,25
AHC;PHETA1,0,1,29,25
AHC;PHETA1m,0,1,29,25
AHC;PHEt4m,0,1,29,25
AHC;PHPYRtm,0,1,29,25
AHC;PIGTHRDLtm,1,0,28,26
AHC;PIt2m_2,0,1,29,25
AHC;PPCOAtm,0,1,29,25
AHC;PROGLUtm,1,0,28,26
AHC;PROtm,1,0,28,26
AHC;PSSA1_hs,0,1,29,25
AHC;PYRtm,0,2,29,24
AHC;RTOT5,2,0,27,26
AHC;SERCYSNaEx,1,0,28,26
AHC;SERt4,1,2,28,24
AHC;SUCCACONtm,1,0,28,26
AHC;SUCCt4_3,1,0,28,26
AHC;SUCOAS1m,0,1,29,25
AHC;TECR180,2,0,27,26
AHC;TECR200,2,0,27,26
AHC;TECR220,2,0,27,26
AHC;TECR240,2,0,27,26
AHC;TECR260,2,0,27,26
AHC;THDm,1,0,28,26
AHC;THFtm,0,1,29,25
AHC;THR3Dx,1,4,28,22
AHC;THRCYSNaEx,1,0,28,26
AHC;THRtm,1,0,28,26
AHC;TRPO2,0,3,29,23
AHC;TXA2tr,0,1,29,25
AHC;TXB2c,0,1,29,25
AHC;TXB2r,0,1,29,25
AHC;TXB2tr,0,1,29,25
AHCYStn;AKGGHTRDtm,1,0,28,26
AHCYStn;ALAt4,0,1,29,25
AHCYStn;ASPGLUm,1,0,28,26
AHCYStn;ASPTAm,1,0,28,26
AHCYStn;ATPt4,0,1,29,25
AHCYStn;CITMCOAHm,0,1,29,25
AHCYStn;CITMCOALm,0,1,29,25
AHCYStn;CITSUCCtm,0,1,29,25
AHCYStn;CYSTGL,0,1,29,25
AHCYStn;CYSTS,0,1,29,25
AHCYStn;CYSt4,1,0,28,26
AHCYStn;DASCBR,2,0,27,26
AHCYStn;DHPRy,1,0,28,26
AHCYStn;DOPABMO,2,0,27,26
AHCYStn;GLYATm,1,0,28,26
AHCYStn;GLYtm,1,0,28,26
AHCYStn;H2O2t,0,2,29,24
AHCYStn;H2Oter,1,0,28,26
AHCYStn;ICDHyrm,0,2,29,24
AHCYStn;ICITCITtm,0,1,29,25
AHCYStn;ITCOALm,0,1,29,25
AHCYStn;MALACONtm,1,0,28,26
AHCYStn;MAL_Lte,1,0,28,26
AHCYStn;MCITS,0,1,29,25
AHCYStn;MDHm,1,0,28,26
AHCYStn;NORANMT,2,0,27,26
AHCYStn;OAADC,1,0,28,26
AHCYStn;OBDHc,0,1,29,25
AHCYStn;OXALSUCCCLm,0,2,29,24
AHCYStn;PIGTHRDLtm,1,0,28,26
AHCYStn;PSDm_hs,4,0,25,26
AHCYStn;PSFLIPm,4,0,25,26
AHCYStn;PYRtm,0,1,29,25
AHCYStn;SUCCACONtm,1,0,28,26
AHCYStn;SUCCt4_3,1,0,28,26
AHCYStn;THBPT4ACAMDASE,1,0,28,26
AHCYStn;THDm,1,0,28,26
AHCYStn;THRCYSNaEx,1,0,28,26
AHCYStn;THRtm,1,0,28,26
AHCYStn;TYR3MO2,1,0,28,26
AHCYStn;TYRDOPO,1,0,28,26
AHEXASEly;CO2t,0,1,29,25
AHEXASEly;DPCOAK,0,1,29,25
AHEXASEly;PNTK,0,1,29,25
AHEXASEly;PNTOt2e,0,1,29,25
AHEXASEly;PPCDC,0,1,29,25
AHEXASEly;PPNCL2,0,1,29,25
AHEXASEly;PTPAT,0,1,29,25
AIBAKGAT;GLUt2m,1,0,28,26
AK2LGCHOLt;ICDHyr,1,0,28,26
AK2LGCHOLt;OXALSUCCCL,1,0,28,26
AK2LGCHOLt;PIt7,1,0,28,26
AK2LGCHOLt;TALA,2,0,27,26
AKGACONtm;AKGICITtm,2,0,27,26
AKGACONtm;ALASm,1,0,28,26
AKGACONtm;ALDD19xrm,2,0,27,26
AKGACONtm;ALDD19yrm,2,0,27,26
AKGACONtm;ASPGLUm,2,0,27,26
AKGACONtm;ASPTAm,2,0,27,26
AKGACONtm;BILIRED2,1,0,28,26
AKGACONtm;BILIRUBtr,1,0,28,26
AKGACONtm;CAT,1,0,28,26
AKGACONtm;CO2tm,2,0,27,26
AKGACONtm;COt,1,0,28,26
AKGACONtm;CPPPGO,1,0,28,26
AKGACONtm;DRPA,1,0,28,26
AKGACONtm;FCLTm,1,0,28,26
AKGACONtm;FE2tm,1,0,28,26
AKGACONtm;G6PDH2r,1,0,28,26
AKGACONtm;G6PDH2rer,1,0,28,26
AKGACONtm;G6Pter,1,0,28,26
AKGACONtm;GLNALANaEx,1,0,28,26
AKGACONtm;GLYATm,1,0,28,26
AKGACONtm;GLYtm,1,0,28,26
AKGACONtm;GND,1,0,28,26
AKGACONtm;GNDer,1,0,28,26
AKGACONtm;H2Oter,1,0,28,26
AKGACONtm;H2Otm,1,0,28,26
AKGACONtm;HCO3E,2,0,27,26
AKGACONtm;HCO3Em,1,0,28,26
AKGACONtm;HCO3tm,1,0,28,26
AKGACONtm;HEX12,2,0,27,26
AKGACONtm;HMBS,1,0,28,26
AKGACONtm;HOXG,1,0,28,26
AKGACONtm;ICDHxrm,2,0,27,26
AKGACONtm;ICITACONtm,1,0,28,26
AKGACONtm;MALACONtm,2,0,27,26
AKGACONtm;MDHm,2,0,27,26
AKGACONtm;NACDe,1,0,28,26
AKGACONtm;NACPRT,1,0,28,26
AKGACONtm;NADH2_u10m,0,1,29,25
AKGACONtm;NADPHtru,1,0,28,26
AKGACONtm;NADPtru,1,0,28,26
AKGACONtm;NCAMDe,1,0,28,26
AKGACONtm;NDP7er,1,0,28,26
AKGACONtm;NMNDA,1,0,28,26
AKGACONtm;NMNS,1,0,28,26
AKGACONtm;OXALSUCCCLm,2,0,27,26
AKGACONtm;PGL,1,0,28,26
AKGACONtm;PGLer,1,0,28,26
AKGACONtm;PHEMEtabc,1,0,28,26
AKGACONtm;PPA,1,0,28,26
AKGACONtm;PPBNGS,1,0,28,26
AKGACONtm;PPM2,1,0,28,26
AKGACONtm;PPPG9tm,1,0,28,26
AKGACONtm;PPPGOm,1,0,28,26
AKGACONtm;PYRt2r,2,0,27,26
AKGACONtm;RU5Ptr,1,0,28,26
AKGACONtm;SUCCACONtm,2,0,27,26
AKGACONtm;SUCCICITtm,2,0,27,26
AKGACONtm;SUCCt4_2,1,0,28,26
AKGACONtm;SUCCt4_3,2,0,27,26
AKGACONtm;TALA,1,0,28,26
AKGACONtm;THDm,1,0,28,26
AKGACONtm;THR3Dx,1,0,28,26
AKGACONtm;THRA,1,0,28,26
AKGACONtm;THRtm,1,0,28,26
AKGACONtm;TYROX,2,0,27,26
AKGACONtm;TYRTA,2,0,27,26
AKGACONtm;UDPGD,1,0,28,26
AKGACONtm;UDPGLCAter,1,0,28,26
AKGACONtm;UPP3S,1,0,28,26
AKGACONtm;UPPDC1,1,0,28,26
AKGACte;CO2tm,0,1,29,25
AKGACte;FBA,0,1,29,25
AKGACte;NDPK3,0,1,29,25
AKGACte;PFK,0,1,29,25
AKGACte;PYK6,0,1,29,25
AKGCITtm;ALDD19xrm,1,0,28,26
AKGCITtm;ALDD19yrm,1,0,28,26
AKGCITtm;CO2tm,1,0,28,26
AKGCITtm;CYSt4,0,1,29,25
AKGCITtm;G6PDH2r,1,0,28,26
AKGCITtm;GLUt2m,1,0,28,26
AKGCITtm;GLYATm,0,1,29,25
AKGCITtm;GND,1,0,28,26
AKGCITtm;MAL_Lte,0,1,29,25
AKGCITtm;OCOAT1m,0,1,29,25
AKGCITtm;PGI,1,0,28,26
AKGCITtm;PGL,1,0,28,26
AKGCITtm;PYRtm,0,1,29,25
AKGCITtm;SSALym,1,0,28,26
AKGCITtm;TALA,1,0,28,26
AKGCITtm;THR3Dx,0,1,29,25
AKGDa1;ALOX15,1,0,28,26
AKGDa1;ARCOAATp,1,0,28,26
AKGDa1;ASPPROASCT1,1,0,28,26
AKGDa1;C204CPT1,1,0,28,26
AKGDa1;CACT6r,1,0,28,26
AKGDa1;CACT7p,1,0,28,26
AKGDa1;CATp,1,0,28,26
AKGDa1;CITtam,1,0,28,26
AKGDa1;COAtp,1,0,28,26
AKGDa1;CRNCARtp,1,0,28,26
AKGDa1;CSNATp,1,0,28,26
AKGDa1;CSNATr,1,0,28,26
AKGDa1;DESAT18_1,1,0,28,26
AKGDa1;FAE180,1,0,28,26
AKGDa1;FAE201,1,0,28,26
AKGDa1;FAE221,1,0,28,26
AKGDa1;FAE241,1,0,28,26
AKGDa1;FUM,1,0,28,26
AKGDa1;GLYATm,1,0,28,26
AKGDa1;GLYC3Ptm,1,0,28,26
AKGDa1;GLYC3Ptmc,2,0,27,26
AKGDa1;GLYtm,1,0,28,26
AKGDa1;HACD180,1,0,28,26
AKGDa1;HACD201,1,0,28,26
AKGDa1;HACD221,1,0,28,26
AKGDa1;HACD241,1,0,28,26
AKGDa1;HCO3Ee,1,0,28,26
AKGDa1;HSD180,1,0,28,26
AKGDa1;HSD201,1,0,28,26
AKGDa1;HSD221,1,0,28,26
AKGDa1;HSD241,1,0,28,26
AKGDa1;Htm,1,0,28,26
AKGDa1;Htr,1,0,28,26
AKGDa1;Htx,1,0,28,26
AKGDa1;MALACONtm,1,0,28,26
AKGDa1;MALCOAMT,1,0,28,26
AKGDa1;MALCOAMTr,1,0,28,26
AKGDa1;NACDe,1,0,28,26
AKGDa1;NACPRT,1,0,28,26
AKGDa1;NADHtpu,1,0,28,26
AKGDa1;NADtx,1,0,28,26
AKGDa1;NCAMDe,1,0,28,26
AKGDa1;NMNDA,1,0,28,26
AKGDa1;NMNS,1,0,28,26
AKGDa1;NRVNCCOAtr,1,0,28,26
AKGDa1;NRVNCCOAtxc,1,0,28,26
AKGDa1;O2tp,1,0,28,26
AKGDa1;TECR180,1,0,28,26
AKGDa1;TECR201,1,0,28,26
AKGDa1;TECR221,1,0,28,26
AKGDa1;TECR241,1,0,28,26
AKGDa1;THR3Dx,1,1,28,25
AKGDa1;THRA,1,0,28,26
AKGDa2;ALOX15,1,0,28,26
AKGDa2;ARCOAATp,1,0,28,26
AKGDa2;ASPPROASCT1,1,0,28,26
AKGDa2;C204CPT1,1,0,28,26
AKGDa2;CACT6r,1,0,28,26
AKGDa2;CACT7p,1,0,28,26
AKGDa2;CATp,1,0,28,26
AKGDa2;CITtam,1,0,28,26
AKGDa2;COAtp,1,0,28,26
AKGDa2;CRNCARtp,1,0,28,26
AKGDa2;CSNATp,1,0,28,26
AKGDa2;CSNATr,1,0,28,26
AKGDa2;DESAT18_1,1,0,28,26
AKGDa2;FAE180,1,0,28,26
AKGDa2;FAE201,1,0,28,26
AKGDa2;FAE221,1,0,28,26
AKGDa2;FAE241,1,0,28,26
AKGDa2;FUM,1,0,28,26
AKGDa2;GLYATm,1,0,28,26
AKGDa2;GLYC3Ptm,1,0,28,26
AKGDa2;GLYC3Ptmc,2,0,27,26
AKGDa2;GLYtm,1,0,28,26
AKGDa2;HACD180,1,0,28,26
AKGDa2;HACD201,1,0,28,26
AKGDa2;HACD221,1,0,28,26
AKGDa2;HACD241,1,0,28,26
AKGDa2;HCO3Ee,1,0,28,26
AKGDa2;HSD180,1,0,28,26
AKGDa2;HSD201,1,0,28,26
AKGDa2;HSD221,1,0,28,26
AKGDa2;HSD241,1,0,28,26
AKGDa2;Htm,1,0,28,26
AKGDa2;Htr,1,0,28,26
AKGDa2;Htx,1,0,28,26
AKGDa2;MALACONtm,1,0,28,26
AKGDa2;MALCOAMT,1,0,28,26
AKGDa2;MALCOAMTr,1,0,28,26
AKGDa2;NACDe,1,0,28,26
AKGDa2;NACPRT,1,0,28,26
AKGDa2;NADHtpu,1,0,28,26
AKGDa2;NADtx,1,0,28,26
AKGDa2;NCAMDe,1,0,28,26
AKGDa2;NMNDA,1,0,28,26
AKGDa2;NMNS,1,0,28,26
AKGDa2;NRVNCCOAtr,1,0,28,26
AKGDa2;NRVNCCOAtxc,1,0,28,26
AKGDa2;O2tp,1,0,28,26
AKGDa2;TECR180,1,0,28,26
AKGDa2;TECR201,1,0,28,26
AKGDa2;TECR221,1,0,28,26
AKGDa2;TECR241,1,0,28,26
AKGDa2;THR3Dx,1,1,28,25
AKGDa2;THRA,1,0,28,26
AKGDb;ALOX15,1,0,28,26
AKGDb;ARCOAATp,1,0,28,26
AKGDb;ASPPROASCT1,1,0,28,26
AKGDb;C204CPT1,1,0,28,26
AKGDb;CACT6r,1,0,28,26
AKGDb;CACT7p,1,0,28,26
AKGDb;CATp,1,0,28,26
AKGDb;CITtam,1,0,28,26
AKGDb;COAtp,1,0,28,26
AKGDb;CRNCARtp,1,0,28,26
AKGDb;CSNATp,1,0,28,26
AKGDb;CSNATr,1,0,28,26
AKGDb;DESAT18_1,1,0,28,26
AKGDb;FAE180,1,0,28,26
AKGDb;FAE201,1,0,28,26
AKGDb;FAE221,1,0,28,26
AKGDb;FAE241,1,0,28,26
AKGDb;FUM,1,0,28,26
AKGDb;GLYATm,1,0,28,26
AKGDb;GLYC3Ptm,1,0,28,26
AKGDb;GLYC3Ptmc,2,0,27,26
AKGDb;GLYtm,1,0,28,26
AKGDb;HACD180,1,0,28,26
AKGDb;HACD201,1,0,28,26
AKGDb;HACD221,1,0,28,26
AKGDb;HACD241,1,0,28,26
AKGDb;HCO3Ee,1,0,28,26
AKGDb;HSD180,1,0,28,26
AKGDb;HSD201,1,0,28,26
AKGDb;HSD221,1,0,28,26
AKGDb;HSD241,1,0,28,26
AKGDb;Htm,1,0,28,26
AKGDb;Htr,1,0,28,26
AKGDb;Htx,1,0,28,26
AKGDb;MALACONtm,1,0,28,26
AKGDb;MALCOAMT,1,0,28,26
AKGDb;MALCOAMTr,1,0,28,26
AKGDb;NACDe,1,0,28,26
AKGDb;NACPRT,1,0,28,26
AKGDb;NADHtpu,1,0,28,26
AKGDb;NADtx,1,0,28,26
AKGDb;NCAMDe,1,0,28,26
AKGDb;NMNDA,1,0,28,26
AKGDb;NMNS,1,0,28,26
AKGDb;NRVNCCOAtr,1,0,28,26
AKGDb;NRVNCCOAtxc,1,0,28,26
AKGDb;O2tp,1,0,28,26
AKGDb;TECR180,1,0,28,26
AKGDb;TECR201,1,0,28,26
AKGDb;TECR221,1,0,28,26
AKGDb;TECR241,1,0,28,26
AKGDb;THR3Dx,1,1,28,25
AKGDb;THRA,1,0,28,26
AKGFORte;GF6PTA,1,0,28,26
AKGFORte;H2Otg,1,0,28,26
AKGFORte;Htg,1,0,28,26
AKGFORte;NDP7g,1,0,28,26
AKGFORte;PItg,1,0,28,26
AKGFORte;UAGDP,1,0,28,26
AKGGHTRDtm;AKGtn,1,0,28,26
AKGGHTRDtm;ALCD1,1,0,28,26
AKGGHTRDtm;AMETtn,1,0,28,26
AKGGHTRDtm;ASPPROASCT1,1,0,28,26
AKGGHTRDtm;CO2t,0,1,29,25
AKGGHTRDtm;CO2tm,0,1,29,25
AKGGHTRDtm;CO2tn,1,0,28,26
AKGGHTRDtm;FALDtn,1,0,28,26
AKGGHTRDtm;G6PDH2r,1,0,28,26
AKGGHTRDtm;GLUDxm,1,0,28,26
AKGGHTRDtm;GLUDym,2,0,27,26
AKGGHTRDtm;GLUt2m,3,0,26,26
AKGGHTRDtm;GLYATm,1,0,28,26
AKGGHTRDtm;GLYC3Ptmc,1,0,28,26
AKGGHTRDtm;GLYtm,1,0,28,26
AKGGHTRDtm;GND,1,0,28,26
AKGGHTRDtm;GTPGDPtm,0,1,29,25
AKGGHTRDtm;HCO3E,2,0,27,26
AKGGHTRDtm;HEX12,1,0,28,26
AKGGHTRDtm;Htm,0,1,29,25
AKGGHTRDtm;MEOHt2,1,0,28,26
AKGGHTRDtm;METAT,1,0,28,26
AKGGHTRDtm;NH4tm,3,0,26,26
AKGGHTRDtm;OCOAT1m,0,1,29,25
AKGGHTRDtm;PGI,1,0,28,26
AKGGHTRDtm;PGL,1,0,28,26
AKGGHTRDtm;PIt2m_2,0,1,29,25
AKGGHTRDtm;PPA,1,0,28,26
AKGGHTRDtm;PPAm,1,0,28,26
AKGGHTRDtm;PPItm,2,0,27,26
AKGGHTRDtm;PYRtm,1,1,28,25
AKGGHTRDtm;RPE,1,0,28,26
AKGGHTRDtm;SSALym,1,0,28,26
AKGGHTRDtm;SUCOAS1m,0,1,29,25
AKGGHTRDtm;TALA,1,0,28,26
AKGGHTRDtm;TKT1,1,0,28,26
AKGGHTRDtm;TKT2,1,0,28,26
AKGICITtm;ACITLn,1,0,28,26
AKGICITtm;ADPtn,1,0,28,26
AKGICITtm;ALDD19xrm,1,0,28,26
AKGICITtm;ALDD19yrm,1,0,28,26
AKGICITtm;ALDD21,1,0,28,26
AKGICITtm;ALDD21x,1,0,28,26
AKGICITtm;ARCOAATp,1,0,28,26
AKGICITtm;ARCOAATr,1,0,28,26
AKGICITtm;ARTFR56,1,0,28,26
AKGICITtm;ATPtn,1,0,28,26
AKGICITtm;CACT6r,1,0,28,26
AKGICITtm;CACT7p,1,0,28,26
AKGICITtm;CACT7r,1,0,28,26
AKGICITtm;CATp,1,0,28,26
AKGICITtm;CHAT,1,0,28,26
AKGICITtm;CHATn,1,0,28,26
AKGICITtm;CHOLtn,1,0,28,26
AKGICITtm;CITtn,1,0,28,26
AKGICITtm;COAtp,1,0,28,26
AKGICITtm;CRNCARtp,1,0,28,26
AKGICITtm;CSNATp,1,0,28,26
AKGICITtm;CSNATr,1,0,28,26
AKGICITtm;CYSTGL,1,0,28,26
AKGICITtm;CYSTS,1,0,28,26
AKGICITtm;DESAT18_1,1,0,28,26
AKGICITtm;DLD,1,0,28,26
AKGICITtm;FACOAL191,1,0,28,26
AKGICITtm;FAE180,1,0,28,26
AKGICITtm;FAE201,1,0,28,26
AKGICITtm;FAE221,1,0,28,26
AKGICITtm;FAE224,1,0,28,26
AKGICITtm;FAE241,1,0,28,26
AKGICITtm;FAE244,1,0,28,26
AKGICITtm;G3PD2m,1,0,28,26
AKGICITtm;G6PDH2rer,1,0,28,26
AKGICITtm;GLUt2m,1,0,28,26
AKGICITtm;GLYC3Ptm,1,0,28,26
AKGICITtm;GLYC3Ptmc,1,0,28,26
AKGICITtm;GNDer,1,0,28,26
AKGICITtm;H2Oter,1,0,28,26
AKGICITtm;HACD180,1,0,28,26
AKGICITtm;HACD201,1,0,28,26
AKGICITtm;HACD221,1,0,28,26
AKGICITtm;HACD224,1,0,28,26
AKGICITtm;HACD241,1,0,28,26
AKGICITtm;HACD244,1,0,28,26
AKGICITtm;HCO3E,1,0,28,26
AKGICITtm;HCO3Em,1,0,28,26
AKGICITtm;HCO3tm,1,0,28,26
AKGICITtm;HEX12,1,0,28,26
AKGICITtm;HSD180,1,0,28,26
AKGICITtm;HSD201,1,0,28,26
AKGICITtm;HSD221,1,0,28,26
AKGICITtm;HSD224,1,0,28,26
AKGICITtm;HSD241,1,0,28,26
AKGICITtm;HSD244,1,0,28,26
AKGICITtm;ICDHyr,2,0,27,26
AKGICITtm;MALACONtm,1,0,28,26
AKGICITtm;MALCOAMT,1,0,28,26
AKGICITtm;MALCOAMTr,1,0,28,26
AKGICITtm;MCITS,1,0,28,26
AKGICITtm;METAT,1,0,28,26
AKGICITtm;NADPHtru,1,0,28,26
AKGICITtm;NADPtru,1,0,28,26
AKGICITtm;NAt3_1,1,0,28,26
AKGICITtm;NRVNCCOAtr,1,0,28,26
AKGICITtm;NRVNCCOAtxc,1,0,28,26
AKGICITtm;O2tp,1,0,28,26
AKGICITtm;OAADC,1,0,28,26
AKGICITtm;OAAtn,1,0,28,26
AKGICITtm;OBDHc,1,0,28,26
AKGICITtm;OXALSUCCCL,2,0,27,26
AKGICITtm;OXALSUCCCLm,1,0,28,26
AKGICITtm;PGLer,1,0,28,26
AKGICITtm;PItn,1,0,28,26
AKGICITtm;PMTCOAFABP1tc,1,0,28,26
AKGICITtm;PPA,2,0,27,26
AKGICITtm;PRISTANALtx,1,0,28,26
AKGICITtm;PRISTCOAtcx,1,0,28,26
AKGICITtm;PYRt2r,1,0,28,26
AKGICITtm;RTOT5,1,0,28,26
AKGICITtm;RU5Ptr,1,0,28,26
AKGICITtm;SSALym,1,0,28,26
AKGICITtm;SUCCICITtm,1,0,28,26
AKGICITtm;SUCCt4_3,1,0,28,26
AKGICITtm;TECR180,1,0,28,26
AKGICITtm;TECR201,1,0,28,26
AKGICITtm;TECR221,1,0,28,26
AKGICITtm;TECR224,1,0,28,26
AKGICITtm;TECR241,1,0,28,26
AKGICITtm;TECR244,1,0,28,26
AKGICITtm;THR3Dx,1,0,28,26
AKGICITtm;TTCTECOAtr,1,0,28,26
AKGICITtp;HMGL,0,1,29,25
AKGICITtp;ICDHyr,1,0,28,26
AKGICITtp;OXALSUCCCL,1,0,28,26
AKGMALtm;ACITLn,1,0,28,26
AKGMALtm;ADPtn,1,0,28,26
AKGMALtm;ASPTA,1,0,28,26
AKGMALtm;ATPtn,1,0,28,26
AKGMALtm;CHATn,1,0,28,26
AKGMALtm;CHOLtn,1,0,28,26
AKGMALtm;CITtam,1,0,28,26
AKGMALtm;CITtn,1,0,28,26
AKGMALtm;GLUDym,1,0,28,26
AKGMALtm;GLUt2m,1,0,28,26
AKGMALtm;GTPGDPtm,0,1,29,25
AKGMALtm;ICDHxrm,1,0,28,26
AKGMALtm;ICITACONtm,1,0,28,26
AKGMALtm;MALACONtm,1,0,28,26
AKGMALtm;MCITS,1,0,28,26
AKGMALtm;MMCDm,1,0,28,26
AKGMALtm;MMEm,1,0,28,26
AKGMALtm;MMMm,1,0,28,26
AKGMALtm;NH4tm,1,0,28,26
AKGMALtm;OAAtn,1,0,28,26
AKGMALtm;OCOAT1m,0,1,29,25
AKGMALtm;OXALSUCCCLm,1,0,28,26
AKGMALtm;PItn,1,0,28,26
AKGMALtm;PPAm,1,0,28,26
AKGMALtm;PPCOAtm,1,0,28,26
AKGMALtm;PPItm,1,0,28,26
AKGMALtm;PYRtm,0,1,29,25
AKGMALtm;SUCOAS1m,0,1,29,25
AKGPItm;GLYC3Ptm,1,0,28,26
AKGPItm;GLYC3Ptmc,1,0,28,26
AKGSUCCtm;ALASm,0,1,29,25
AKGSUCCtm;ATPt4,0,2,29,24
AKGSUCCtm;BILDGLCURt5e,0,1,29,25
AKGSUCCtm;BILDGLCURtr,0,1,29,25
AKGSUCCtm;BILIRED2,0,1,29,25
AKGSUCCtm;BILIRUBtr,0,1,29,25
AKGSUCCtm;CITMCOAHm,0,1,29,25
AKGSUCCtm;CITMCOALm,0,1,29,25
AKGSUCCtm;CITSUCCtm,0,2,29,24
AKGSUCCtm;CO2tm,0,1,29,25
AKGSUCCtm;COt,0,1,29,25
AKGSUCCtm;CPPPGO,0,1,29,25
AKGSUCCtm;CYP2R1,0,1,29,25
AKGSUCCtm;CYSTGL,0,3,29,23
AKGSUCCtm;CYSTS,0,3,29,23
AKGSUCCtm;ENO,0,1,29,25
AKGSUCCtm;FBA,0,1,29,25
AKGSUCCtm;FCLTm,0,1,29,25
AKGSUCCtm;FE2tm,0,1,29,25
AKGSUCCtm;FUM,0,1,29,25
AKGSUCCtm;GALU,0,1,29,25
AKGSUCCtm;GAPD,0,1,29,25
AKGSUCCtm;GLUCYS,0,1,29,25
AKGSUCCtm;GLUDC,0,1,29,25
AKGSUCCtm;GTHS,0,1,29,25
AKGSUCCtm;H2O2t,0,2,29,24
AKGSUCCtm;HCO3Ee,0,1,29,25
AKGSUCCtm;HMBS,0,1,29,25
AKGSUCCtm;HMGL,0,1,29,25
AKGSUCCtm;HOXG,0,1,29,25
AKGSUCCtm;ICDHyrm,0,3,29,23
AKGSUCCtm;ICITCITtm,0,2,29,24
AKGSUCCtm;ITCOALm,0,1,29,25
AKGSUCCtm;MAL_Lte,0,2,29,24
AKGSUCCtm;MCITS,0,3,29,23
AKGSUCCtm;METAT,0,2,29,24
AKGSUCCtm;NDP7er,0,1,29,25
AKGSUCCtm;OBDHc,0,3,29,23
AKGSUCCtm;OXALSUCCCLm,0,3,29,23
AKGSUCCtm;PFK2,0,1,29,25
AKGSUCCtm;PGK,0,1,29,25
AKGSUCCtm;PGM,0,1,29,25
AKGSUCCtm;PGMT,0,1,29,25
AKGSUCCtm;PHEMEtabc,0,1,29,25
AKGSUCCtm;PIt2m_2,0,1,29,25
AKGSUCCtm;PPBNGS,0,1,29,25
AKGSUCCtm;PPPG9tm,0,1,29,25
AKGSUCCtm;PPPGOm,0,1,29,25
AKGSUCCtm;PVD3,0,1,29,25
AKGSUCCtm;PYRtm,0,1,29,25
AKGSUCCtm;SSALym,0,1,29,25
AKGSUCCtm;TPI,0,1,29,25
AKGSUCCtm;UDPGD,0,1,29,25
AKGSUCCtm;UDPGLCAter,0,1,29,25
AKGSUCCtm;UGT1A2r,0,1,29,25
AKGSUCCtm;UPP3S,0,1,29,25
AKGSUCCtm;UPPDC1,0,1,29,25
AKGSUCCtm;VD3,0,1,29,25
AKGt4_3;CO2t,0,2,29,24
AKGt4_3;CO2tm,0,1,29,25
AKGt4_3;ENO,0,1,29,25
AKGt4_3;FBA,0,2,29,24
AKGt4_3;GAPD,0,1,29,25
AKGt4_3;HCO3E,0,1,29,25
AKGt4_3;HCO3Ee,0,1,29,25
AKGt4_3;METAT,0,2,29,24
AKGt4_3;NDPK3,0,1,29,25
AKGt4_3;PFK,0,2,29,24
AKGt4_3;PGK,0,1,29,25
AKGt4_3;PGM,0,1,29,25
AKGt4_3;PYK6,0,1,29,25
AKGt4_3;PYK7,0,1,29,25
AKGt4_3;PYRt2r,0,1,29,25
AKGt4_3;TPI,0,1,29,25
AKGtn;OAADC,1,0,28,26
AKGtn;OBDHc,0,1,29,25
AKGtn;OXALSUCCCLm,0,2,29,24
AKGtn;PIGTHRDLtm,1,0,28,26
AKGtn;PSDm_hs,4,0,25,26
AKGtn;PSFLIPm,4,0,25,26
AKGtn;PYRtm,0,1,29,25
AKGtn;SUCCACONtm,1,0,28,26
AKGtn;SUCCt4_3,1,0,28,26
AKGtn;THBPT4ACAMDASE,1,0,28,26
AKGtn;THDm,1,0,28,26
AKGtn;THRCYSNaEx,1,0,28,26
AKGtn;THRtm,1,0,28,26
AKGtn;TYR3MO2,1,0,28,26
AKGtn;TYRDOPO,1,0,28,26
AKR1C41;HMGL,0,1,29,25
AKR1D;HMGL,0,1,29,25
ALAATB0tc;ALAt4,0,1,29,25
ALABte;NDPK3,2,3,27,23
ALABte;NH4t3r,0,1,29,25
ALACYSNaEx;GLYATm,1,0,28,26
ALACYSNaEx;GLYtm,1,0,28,26
ALACYSNaEx;HCO3E,1,0,28,26
ALAGLNexR;AMID6,1,0,28,26
ALAGLNexR;GPAT,1,0,28,26
ALASm;ALDD19xrm,1,0,28,26
ALASm;ALDD19yrm,1,0,28,26
ALASm;ASPPROASCT1,1,0,28,26
ALASm;BDMT,1,0,28,26
ALASm;CITtam,1,0,28,26
ALASm;DOLASNTer,1,0,28,26
ALASm;DOLDPPer,1,0,28,26
ALASm;DOLGLCP_ter,1,0,28,26
ALASm;DOLMANP_ter,1,0,28,26
ALASm;DOLPGT1er,1,0,28,26
ALASm;DOLPGT2er,1,0,28,26
ALASm;DOLPGT3er,1,0,28,26
ALASm;DOLPMT,1,0,28,26
ALASm;DOLPMT1er,1,0,28,26
ALASm;DOLPMT2_er,1,0,28,26
ALASm;DOLPMT3er,1,0,28,26
ALASm;DOLPMT4_er,1,0,28,26
ALASm;DOLP_ter,1,0,28,26
ALASm;FUM,1,0,28,26
ALASm;G12MT1,1,0,28,26
ALASm;G12MT2,1,0,28,26
ALASm;G13MT,1,0,28,26
ALASm;G16MT,1,0,28,26
ALASm;GF6PTA,2,0,27,26
ALASm;GLCNACPT,1,0,28,26
ALASm;GLCNACT,1,0,28,26
ALASm;GLCter,1,0,28,26
ALASm;GLYC3Ptm,1,0,28,26
ALASm;GLYC3Ptmc,2,0,27,26
ALASm;GLYt2r,1,0,28,26
ALASm;GTPGDPtm,0,1,29,25
ALASm;H2Otg,4,0,25,26
ALASm;HEX16,1,0,28,26
ALASm;Htg,4,0,25,26
ALASm;Htr,2,0,27,26
ALASm;ICDHyr,1,0,28,26
ALASm;ICDHyrm,2,0,27,26
ALASm;M13N2Tg,1,0,28,26
ALASm;M4MPDOL_ter,1,0,28,26
ALASm;M7MASNBterg,1,0,28,26
ALASm;MALACONtm,1,0,28,26
ALASm;MAN1PT2,4,0,25,26
ALASm;MAN6PI,4,0,25,26
ALASm;MANter,1,0,28,26
ALASm;MANtg,1,0,28,26
ALASm;MG1er,1,0,28,26
ALASm;MG2er,1,0,28,26
ALASm;MG3er,1,0,28,26
ALASm;MM5bg,1,0,28,26
ALASm;MM6B1bg,1,0,28,26
ALASm;MM7B2g,1,0,28,26
ALASm;MM8Ber,1,0,28,26
ALASm;NDP7g,4,0,25,26
ALASm;OXALSUCCCL,1,0,28,26
ALASm;PIMALtm,0,1,29,25
ALASm;PItg,4,0,25,26
ALASm;PMANM,4,0,25,26
ALASm;PPA,1,0,28,26
ALASm;PPItm,1,0,28,26
ALASm;PROGLUtm,0,1,29,25
ALASm;PROtm,0,1,29,25
ALASm;SO4AKGtm,0,1,29,25
ALASm;SO4MALtm,0,1,29,25
ALASm;SUCCICITtm,1,0,28,26
ALASm;SUCCt4_3,2,0,27,26
ALASm;SUCOAS1m,0,1,29,25
ALASm;THR3Dx,0,1,29,25
ALASm;UAGDP,5,0,24,26
ALASm;UDPDOLPT,1,0,28,26
ALASm;UGLCNACtg,4,0,25,26
ALATA_Lm;GLUDxm,1,0,28,26
ALATA_Lm;GLUDym,1,0,28,26
ALATA_Lm;NH4tm,2,0,27,26
ALAt2r;ALAt4,4,3,25,23
ALAt2r;AMID6,1,0,28,26
ALAt2r;GPAT,1,0,28,26
ALAt2r;PGI,1,0,28,26
ALAt4;AKGtn,0,1,29,25
ALAt4;ALAtN1,2,6,27,20
ALAt4;AMETtn,0,1,29,25
ALAt4;AMID6,1,1,28,25
ALAt4;CO2tn,0,1,29,25
ALAt4;DOPABMO,0,1,29,25
ALAt4;FALDte,0,1,29,25
ALAt4;FALDtn,0,1,29,25
ALAt4;GLNt4,1,0,28,26
ALAt4;GPAT,1,1,28,25
ALAt4;GTHDH,0,1,29,25
ALAt4;LHCYSTIN,0,1,29,25
ALAt4;LHCYSTINt,0,1,29,25
ALAt4;METAT,0,1,29,25
ALAt4;NH4t3r,1,0,28,26
ALAt4;O2tn,0,1,29,25
ALAt4;TYRDOPO,0,1,29,25
ALAtN1;GLYATm,1,0,28,26
ALAtN1;GLYtm,1,0,28,26
ALAtN1;HCO3E,1,0,28,26
ALCD1;ARTFR52,3,0,26,26
ALCD1;ASPGLUm,1,0,28,26
ALCD1;ASPTAm,1,0,28,26
ALCD1;CITACONtm,1,0,28,26
ALCD1;CO2tm,1,0,28,26
ALCD1;CYSt4,1,0,28,26
ALCD1;DASCBR,2,0,27,26
ALCD1;DHPRy,1,0,28,26
ALCD1;DOPABMO,2,0,27,26
ALCD1;FAE180,3,0,26,26
ALCD1;FAE200,3,0,26,26
ALCD1;FAE220,3,0,26,26
ALCD1;FAE240,3,0,26,26
ALCD1;FAE260,3,0,26,26
ALCD1;G6PDH2rer,1,0,28,26
ALCD1;GLYATm,1,0,28,26
ALCD1;GLYtm,1,0,28,26
ALCD1;H2Oter,2,0,27,26
ALCD1;HACD180,3,0,26,26
ALCD1;HACD200,3,0,26,26
ALCD1;HACD220,3,0,26,26
ALCD1;HACD240,3,0,26,26
ALCD1;HACD260,3,0,26,26
ALCD1;HEX12,1,0,28,26
ALCD1;HEXCCOAtr,3,0,26,26
ALCD1;HOMOVALte,0,1,29,25
ALCD1;HSD180,3,0,26,26
ALCD1;HSD200,3,0,26,26
ALCD1;HSD220,3,0,26,26
ALCD1;HSD240,3,0,26,26
ALCD1;HSD260,3,0,26,26
ALCD1;ICDHyrm,1,0,28,26
ALCD1;MALACONtm,1,0,28,26
ALCD1;MAL_Lte,1,0,28,26
ALCD1;MDHm,1,0,28,26
ALCD1;NORANMT,2,0,27,26
ALCD1;OAADC,1,0,28,26
ALCD1;PIGTHRDLtm,1,0,28,26
ALCD1;PROGLUtm,1,0,28,26
ALCD1;PROtm,1,0,28,26
ALCD1;PSDm_hs,4,0,25,26
ALCD1;PSFLIPm,4,0,25,26
ALCD1;RTOT5,3,0,26,26
ALCD1;SERCYSNaEx,1,0,28,26
ALCD1;SERt4,2,0,27,26
ALCD1;SUCCACONtm,1,0,28,26
ALCD1;SUCCt4_3,1,0,28,26
ALCD1;TECR180,3,0,26,26
ALCD1;TECR200,3,0,26,26
ALCD1;TECR220,3,0,26,26
ALCD1;TECR240,3,0,26,26
ALCD1;TECR260,3,0,26,26
ALCD1;THBPT4ACAMDASE,1,0,28,26
ALCD1;THDm,1,0,28,26
ALCD1;THRCYSNaEx,1,0,28,26
ALCD1;THRtm,1,0,28,26
ALCD1;TYR3MO2,1,0,28,26
ALCD1;TYRDOPO,1,1,28,25
ALDD19xrm;AMETt2m,1,0,28,26
ALDD19xrm;BILDGLCURt5e,1,0,28,26
ALDD19xrm;BILDGLCURtr,1,0,28,26
ALDD19xrm;BILIRED2,1,0,28,26
ALDD19xrm;BILIRUBtr,1,0,28,26
ALDD19xrm;CITRt2m,1,0,28,26
ALDD19xrm;CITRtm,1,0,28,26
ALDD19xrm;COt,1,0,28,26
ALDD19xrm;CPPPGO,1,0,28,26
ALDD19xrm;FCLTm,1,0,28,26
ALDD19xrm;FE2tm,1,0,28,26
ALDD19xrm;G6PDH2r,1,0,28,26
ALDD19xrm;G6Pt6er,1,0,28,26
ALDD19xrm;G6Pter,1,0,28,26
ALDD19xrm;GALU,1,0,28,26
ALDD19xrm;GLUDym,4,0,25,26
ALDD19xrm;GLUt2m,2,0,27,26
ALDD19xrm;GLYt2r,1,0,28,26
ALDD19xrm;GND,1,0,28,26
ALDD19xrm;H2Oter,1,0,28,26
ALDD19xrm;HEX12,2,0,27,26
ALDD19xrm;HMBS,1,0,28,26
ALDD19xrm;HOXG,1,0,28,26
ALDD19xrm;Htr,1,0,28,26
ALDD19xrm;ICDHxrm,1,0,28,26
ALDD19xrm;ICDHyr,2,0,27,26
ALDD19xrm;ICITACONtm,2,0,27,26
ALDD19xrm;METAT,1,0,28,26
ALDD19xrm;METS,1,0,28,26
ALDD19xrm;MTHFR3x,1,0,28,26
ALDD19xrm;NADH2_u10m,1,0,28,26
ALDD19xrm;NAt3_1,1,0,28,26
ALDD19xrm;NDP7er,1,0,28,26
ALDD19xrm;NH4t3r,1,0,28,26
ALDD19xrm;NH4tm,4,0,25,26
ALDD19xrm;OXALSUCCCL,2,0,27,26
ALDD19xrm;OXALSUCCCLm,1,0,28,26
ALDD19xrm;PCFLOPm,1,0,28,26
ALDD19xrm;PETOHMm_hs,1,0,28,26
ALDD19xrm;PGI,2,0,27,26
ALDD19xrm;PGL,1,0,28,26
ALDD19xrm;PGMT,1,0,28,26
ALDD19xrm;PHEMEtm,1,0,28,26
ALDD19xrm;PPBNGS,1,0,28,26
ALDD19xrm;PPItm,1,0,28,26
ALDD19xrm;PPPG9tm,1,0,28,26
ALDD19xrm;PPPGOm,1,0,28,26
ALDD19xrm;PROGLUtm,1,0,28,26
ALDD19xrm;PROtm,1,0,28,26
ALDD19xrm;RPE,2,0,27,26
ALDD19xrm;SSALym,1,0,28,26
ALDD19xrm;SUCCACONtm,1,0,28,26
ALDD19xrm;SUCCt4_2,1,0,28,26
ALDD19xrm;TALA,2,0,27,26
ALDD19xrm;THR3Dx,1,0,28,26
ALDD19xrm;TKT1,2,0,27,26
ALDD19xrm;TKT2,2,0,27,26
ALDD19xrm;TXA2tr,0,1,29,25
ALDD19xrm;TXB2c,0,1,29,25
ALDD19xrm;TXB2r,0,1,29,25
ALDD19xrm;TXB2tr,0,1,29,25
ALDD19xrm;UDPGD,1,0,28,26
ALDD19xrm;UDPGLCAter,1,0,28,26
ALDD19xrm;UGT1A2r,1,0,28,26
ALDD19xrm;UPP3S,1,0,28,26
ALDD19xrm;UPPDC1,1,0,28,26
ALDD19yrm;AMETt2m,1,0,28,26
ALDD19yrm;BILDGLCURt5e,1,0,28,26
ALDD19yrm;BILDGLCURtr,1,0,28,26
ALDD19yrm;BILIRED2,1,0,28,26
ALDD19yrm;BILIRUBtr,1,0,28,26
ALDD19yrm;CITRt2m,1,0,28,26
ALDD19yrm;CITRtm,1,0,28,26
ALDD19yrm;COt,1,0,28,26
ALDD19yrm;CPPPGO,1,0,28,26
ALDD19yrm;FCLTm,1,0,28,26
ALDD19yrm;FE2tm,1,0,28,26
ALDD19yrm;G6PDH2r,1,0,28,26
ALDD19yrm;G6Pt6er,1,0,28,26
ALDD19yrm;G6Pter,1,0,28,26
ALDD19yrm;GALU,1,0,28,26
ALDD19yrm;GLUDym,4,0,25,26
ALDD19yrm;GLUt2m,2,0,27,26
ALDD19yrm;GLYt2r,1,0,28,26
ALDD19yrm;GND,1,0,28,26
ALDD19yrm;H2Oter,1,0,28,26
ALDD19yrm;HEX12,2,0,27,26
ALDD19yrm;HMBS,1,0,28,26
ALDD19yrm;HOXG,1,0,28,26
ALDD19yrm;Htr,1,0,28,26
ALDD19yrm;ICDHxrm,1,0,28,26
ALDD19yrm;ICDHyr,2,0,27,26
ALDD19yrm;ICITACONtm,2,0,27,26
ALDD19yrm;METAT,1,0,28,26
ALDD19yrm;METS,1,0,28,26
ALDD19yrm;MTHFR3x,1,0,28,26
ALDD19yrm;NADH2_u10m,1,0,28,26
ALDD19yrm;NAt3_1,1,0,28,26
ALDD19yrm;NDP7er,1,0,28,26
ALDD19yrm;NH4t3r,1,0,28,26
ALDD19yrm;NH4tm,4,0,25,26
ALDD19yrm;OXALSUCCCL,2,0,27,26
ALDD19yrm;OXALSUCCCLm,1,0,28,26
ALDD19yrm;PCFLOPm,1,0,28,26
ALDD19yrm;PETOHMm_hs,1,0,28,26
ALDD19yrm;PGI,2,0,27,26
ALDD19yrm;PGL,1,0,28,26
ALDD19yrm;PGMT,1,0,28,26
ALDD19yrm;PHEMEtm,1,0,28,26
ALDD19yrm;PPBNGS,1,0,28,26
ALDD19yrm;PPItm,1,0,28,26
ALDD19yrm;PPPG9tm,1,0,28,26
ALDD19yrm;PPPGOm,1,0,28,26
ALDD19yrm;PROGLUtm,1,0,28,26
ALDD19yrm;PROtm,1,0,28,26
ALDD19yrm;RPE,2,0,27,26
ALDD19yrm;SSALym,1,0,28,26
ALDD19yrm;SUCCACONtm,1,0,28,26
ALDD19yrm;SUCCt4_2,1,0,28,26
ALDD19yrm;TALA,2,0,27,26
ALDD19yrm;THR3Dx,1,0,28,26
ALDD19yrm;TKT1,2,0,27,26
ALDD19yrm;TKT2,2,0,27,26
ALDD19yrm;TXA2tr,0,1,29,25
ALDD19yrm;TXB2c,0,1,29,25
ALDD19yrm;TXB2r,0,1,29,25
ALDD19yrm;TXB2tr,0,1,29,25
ALDD19yrm;UDPGD,1,0,28,26
ALDD19yrm;UDPGLCAter,1,0,28,26
ALDD19yrm;UGT1A2r,1,0,28,26
ALDD19yrm;UPP3S,1,0,28,26
ALDD19yrm;UPPDC1,1,0,28,26
ALDD21;Htr,1,3,28,23
ALDD21;ICDHyr,1,0,28,26
ALDD21;OXALSUCCCL,1,0,28,26
ALDD21;PIt7,1,0,28,26
ALDD21;TRDR,1,1,28,25
ALDD21;TXA2tr,0,1,29,25
ALDD21;TXB2c,0,1,29,25
ALDD21;TXB2r,0,1,29,25
ALDD21;TXB2tr,0,1,29,25
ALDD21x;Htr,1,3,28,23
ALDD21x;ICDHyr,1,0,28,26
ALDD21x;OXALSUCCCL,1,0,28,26
ALDD21x;PIt7,1,0,28,26
ALDD21x;TRDR,1,1,28,25
ALDD21x;TXA2tr,0,1,29,25
ALDD21x;TXB2c,0,1,29,25
ALDD21x;TXB2r,0,1,29,25
ALDD21x;TXB2tr,0,1,29,25
ALDD2x;ALDD2y,2,0,27,26
ALDD2y;ACITLn,2,0,27,26
ALDD2y;ADPtn,2,0,27,26
ALDD2y;ATPtn,2,0,27,26
ALDD2y;CHATn,2,0,27,26
ALDD2y;CHOLtn,2,0,27,26
ALDD2y;CITtam,1,0,28,26
ALDD2y;CITtn,2,0,27,26
ALDD2y;CO2tm,1,0,28,26
ALDD2y;DATPtm,1,0,28,26
ALDD2y;HMGL,2,0,27,26
ALDD2y;ICDHxrm,1,0,28,26
ALDD2y;ICITACONtm,1,0,28,26
ALDD2y;MALACONtm,1,0,28,26
ALDD2y;MCITS,1,0,28,26
ALDD2y;MMCDm,1,0,28,26
ALDD2y;MMEm,1,0,28,26
ALDD2y;MMMm,1,0,28,26
ALDD2y;OAAtn,2,0,27,26
ALDD2y;OCOAT1m,2,0,27,26
ALDD2y;OXALSUCCCLm,1,0,28,26
ALDD2y;PIt8,1,0,28,26
ALDD2y;PItn,2,0,27,26
ALDD2y;PPCOAtm,1,0,28,26
ALDD2y;THFtm,1,0,28,26
ALOX15;ARTFR41,1,0,28,26
ALOX15;BTCOACRNtm,1,0,28,26
ALOX15;C161CPT1,1,0,28,26
ALOX15;CACT4r,1,0,28,26
ALOX15;COAtr,1,0,28,26
ALOX15;CRNtim,1,0,28,26
ALOX15;DESAT16_1,1,0,28,26
ALOX15;DLD,1,0,28,26
ALOX15;ETHMALACc,1,0,28,26
ALOX15;ETHMALACte,1,0,28,26
ALOX15;ETHMALCOAc,1,0,28,26
ALOX15;FACOAL100im,1,0,28,26
ALOX15;Htr,1,2,28,24
ALOX15;PLMCOAPTr,1,0,28,26
ALOX15;RTOT4,1,0,28,26
ALOX15;SUCCICITtm,1,0,28,26
ALOX15;SUCCt4_3,1,0,28,26
ALOX15;SUCOAS1m,1,0,28,26
ALOX15;TTDCPT1,1,0,28,26
ALOX15;TTDCPT2,1,0,28,26
ALOX15;TTDCRNt,1,0,28,26
AMACR2p;HMGL,0,1,29,25
AMANK;B3GNT38g,3,0,26,26
AMANK;CERT1gt,3,0,26,26
AMANK;DIGALSGALSIDEte,3,0,26,26
AMANK;DIGALSGALSIDEtg,3,0,26,26
AMANK;GAL3ST12,3,0,26,26
AMANK;Htr,1,0,28,26
AMANK;IDHPOXOX2b,1,1,28,25
AMANK;IDHPOXOX3,1,0,28,26
AMANK;IDHPOXOX4,0,1,29,25
AMANK;IDHPOXOXb,1,1,28,25
AMANK;It,1,1,28,25
AMANK;MAL_Lte,0,1,29,25
AMANK;RPI,1,0,28,26
AMANK;THYPX,1,1,28,25
AMANK;THYRIDHD,1,0,28,26
AMANK;THYST,1,1,28,25
AMANK;UGALCG,3,0,26,26
AMETEPMT;CEPTE,0,1,29,25
AMETEPMT;ETHAK,0,1,29,25
AMETEPMT;G6PDH2r,1,0,28,26
AMETEPMT;GND,1,0,28,26
AMETEPMT;GTHOm,2,0,27,26
AMETEPMT;GTHPm,2,0,27,26
AMETEPMT;H2O2tm,2,0,27,26
AMETEPMT;PETHCT,0,1,29,25
AMETEPMT;PE_HStm,8,3,21,23
AMETEPMT;PGL,1,0,28,26
AMETEPMT;PSDm_hs,8,3,21,23
AMETEPMT;PSFLIPm,8,3,21,23
AMETEPMT;PSSA2_hs,0,1,29,25
AMETEPMT;TALA,1,0,28,26
AMETt2m;ATPS4m,1,1,28,25
AMETt2m;ATPt4,1,0,28,26
AMETt2m;CEPTC,0,1,29,25
AMETt2m;CHLPCTD,0,1,29,25
AMETt2m;CHOLt4,6,0,23,26
AMETt2m;CHOLtu,6,7,23,19
AMETt2m;CYOOm2,5,4,24,22
AMETt2m;CYOR_u10m,5,4,24,22
AMETt2m;ETHAK,0,1,29,25
AMETt2m;G6PDH2r,1,0,28,26
AMETt2m;GLYC3Ptmc,0,1,29,25
AMETt2m;GLYCtm,0,1,29,25
AMETt2m;GLYKm,0,1,29,25
AMETt2m;GND,1,0,28,26
AMETt2m;GTHOm,2,0,27,26
AMETt2m;GTHPm,2,0,27,26
AMETt2m;H2O2tm,2,0,27,26
AMETt2m;Htm,2,0,27,26
AMETt2m;NDP8,1,0,28,26
AMETt2m;PGL,1,0,28,26
AMETt2m;PGLYCH,0,1,29,25
AMETt2m;PIt2m_2,0,1,29,25
AMETt2m;PSSA1_hs,0,1,29,25
AMETt2m;PSSA2_hs,0,1,29,25
AMETt2m;TALA,1,0,28,26
AMETt2m;THR3Dx,1,0,28,26
AMETtn;ASPGLUm,1,0,28,26
AMETtn;ASPTAm,1,0,28,26
AMETtn;ATPt4,0,1,29,25
AMETtn;CITMCOAHm,0,1,29,25
AMETtn;CITMCOALm,0,1,29,25
AMETtn;CITSUCCtm,0,1,29,25
AMETtn;CYSTGL,0,1,29,25
AMETtn;CYSTS,0,1,29,25
AMETtn;CYSt4,1,0,28,26
AMETtn;DASCBR,2,0,27,26
AMETtn;DHPRy,1,0,28,26
AMETtn;DOPABMO,2,0,27,26
AMETtn;GLYATm,1,0,28,26
AMETtn;GLYtm,1,0,28,26
AMETtn;H2O2t,0,2,29,24
AMETtn;H2Oter,1,0,28,26
AMETtn;ICDHyrm,0,2,29,24
AMETtn;ICITCITtm,0,1,29,25
AMETtn;ITCOALm,0,1,29,25
AMETtn;MALACONtm,1,0,28,26
AMETtn;MAL_Lte,1,0,28,26
AMETtn;MCITS,0,1,29,25
AMETtn;MDHm,1,0,28,26
AMETtn;NORANMT,2,0,27,26
AMETtn;OAADC,1,0,28,26
AMETtn;OBDHc,0,1,29,25
AMETtn;OXALSUCCCLm,0,2,29,24
AMETtn;PIGTHRDLtm,1,0,28,26
AMETtn;PSDm_hs,4,0,25,26
AMETtn;PSFLIPm,4,0,25,26
AMETtn;PYRtm,0,1,29,25
AMETtn;SUCCACONtm,1,0,28,26
AMETtn;SUCCt4_3,1,0,28,26
AMETtn;THBPT4ACAMDASE,1,0,28,26
AMETtn;THDm,1,0,28,26
AMETtn;THRCYSNaEx,1,0,28,26
AMETtn;THRtm,1,0,28,26
AMETtn;TYR3MO2,1,0,28,26
AMETtn;TYRDOPO,1,0,28,26
AMID6;HCO3Ee,1,0,28,26
AMID6;HEX7,1,0,28,26
AMID6;MALACONtm,1,0,28,26
AMID6;NACDe,1,0,28,26
AMID6;NACPRT,1,0,28,26
AMID6;NCAMDe,1,0,28,26
AMID6;NDPK8,1,0,28,26
AMID6;NMNDA,1,0,28,26
AMID6;NMNS,1,0,28,26
AMID6;NTD10,1,0,28,26
AMID6;PPM,1,0,28,26
AMID6;PUNP7,1,0,28,26
AMID6;PYRt2r,1,0,28,26
AMID6;SBTD_D2,1,0,28,26
AMID6;SBTR,1,0,28,26
AMID6;THRA,1,0,28,26
AMID6;URATEt,1,0,28,26
AMID6;XAND,1,0,28,26
AMPTASECGe;GLYATm,0,1,29,25
AMPTASECGe;GLYtm,0,1,29,25
AMPTASECGe;H2Ot,1,0,28,26
AMPTASECGe;HMGL,0,1,29,25
AMPTASECGe;MAL_Lte,0,1,29,25
AMPTASECGe;THR3Dx,0,1,29,25
AMPt4;ATPS4m,0,1,29,25
AMPt4;ATPt4,0,1,29,25
AMPt4;CACT6r,1,0,28,26
AMPt4;CYOOm2,2,4,27,22
AMPt4;CYOR_u10m,2,4,27,22
AMPt4;DADK3,1,0,28,26
AMPt4;DESAT18_1,1,0,28,26
AMPt4;FAE180,1,0,28,26
AMPt4;FAE201,1,0,28,26
AMPt4;FAE221,1,0,28,26
AMPt4;GLYATm,1,1,28,25
AMPt4;GLYC3Ptmc,0,1,29,25
AMPt4;GLYCtm,0,1,29,25
AMPt4;GLYKm,0,1,29,25
AMPt4;GLYtm,1,1,28,25
AMPt4;HACD180,1,0,28,26
AMPt4;HACD201,1,0,28,26
AMPt4;HACD221,1,0,28,26
AMPt4;HEX12,1,0,28,26
AMPt4;HSD180,1,0,28,26
AMPt4;HSD201,1,0,28,26
AMPt4;HSD221,1,0,28,26
AMPt4;Htr,0,1,29,25
AMPt4;MALCOAMT,1,0,28,26
AMPt4;MALCOAMTr,1,0,28,26
AMPt4;PGI,1,0,28,26
AMPt4;PGLYCH,0,1,29,25
AMPt4;PYK,1,0,28,26
AMPt4;RPE,1,0,28,26
AMPt4;TALA,1,0,28,26
AMPt4;TECR180,1,0,28,26
AMPt4;TECR201,1,0,28,26
AMPt4;TECR221,1,0,28,26
AMPt4;THR3Dx,1,1,28,25
AMPt4;TKT1,1,0,28,26
AMPt4;TKT2,1,0,28,26
AMPt4;TXA2tr,0,1,29,25
AMPt4;TXB2c,0,1,29,25
AMPt4;TXB2r,0,1,29,25
AMPt4;TXB2tr,0,1,29,25
AOBUTDsm;CITRt2m,0,2,29,24
AOBUTDsm;CITRtm,0,2,29,24
AOBUTDsm;ENO,0,1,29,25
AOBUTDsm;FALDte,0,1,29,25
AOBUTDsm;GAPD,0,1,29,25
AOBUTDsm;GF6PTA,1,0,28,26
AOBUTDsm;L_LACt2r,0,1,29,25
AOBUTDsm;PGK,0,1,29,25
AOBUTDsm;PGM,0,1,29,25
AOBUTDsm;PYK7,0,1,29,25
AOBUTDsm;UAGDP,1,0,28,26
AOBUTDsm;UGLCNACtg,1,0,28,26
APAT2rm;GLYATm,1,0,28,26
APAT2rm;GLYtm,1,0,28,26
APAT2rm;THR3Dx,1,0,28,26
ARACHCOAtr;ARTPLM1,0,1,29,25
ARACHCOAtr;DPCOAK,0,1,29,25
ARACHCOAtr;PNTK,0,1,29,25
ARACHCOAtr;PNTOte,0,1,29,25
ARACHCOAtr;PPCDC,0,1,29,25
ARACHCOAtr;PPNCL2,0,1,29,25
ARACHCOAtr;PTPAT,0,1,29,25
ARACHDCOAtr;CRNtr,0,2,29,24
ARACHDCOAtr;DESAT16_1,0,1,29,25
ARACHDCOAtr;GALU,0,1,29,25
ARACHDCOAtr;H2Otg,0,1,29,25
ARACHDCOAtr;HDCEACRNtr,0,1,29,25
ARACHDCOAtr;HDCEAtr,0,1,29,25
ARACHDCOAtr;Htg,0,1,29,25
ARACHDCOAtr;Htr,0,1,29,25
ARACHDCOAtr;NDP7g,0,1,29,25
ARACHDCOAtr;PGMT,0,1,29,25
ARACHDCOAtr;PItg,0,1,29,25
ARACHDCOAtr;SE3,0,1,29,25
ARACHDCOAtr;SOAT2,0,1,29,25
ARACHDCOAtr;TRDR,0,1,29,25
ARACHDCOAtr;UDPG4E,0,1,29,25
ARACHDCOAtr;UDPGALtg,0,1,29,25
ARACHDtr;CRNtr,0,1,29,25
ARACHDtr;DESAT16_1,0,1,29,25
ARACHDtr;G6PDH2r,1,0,28,26
ARACHDtr;GND,1,0,28,26
ARACHDtr;HDCEACRNtr,0,1,29,25
ARACHDtr;HDCEAtr,0,1,29,25
ARACHDtr;Htr,0,4,29,22
ARACHDtr;PGL,1,0,28,26
ARACHDtr;SE3,0,1,29,25
ARACHDtr;SOAT2,0,1,29,25
ARACHDtr;TRDR,0,1,29,25
ARCOAATp;ARTFR41,1,0,28,26
ARCOAATp;BTCOACRNtm,1,0,28,26
ARCOAATp;C161CPT1,1,0,28,26
ARCOAATp;CACT4r,1,0,28,26
ARCOAATp;COAtr,1,0,28,26
ARCOAATp;CRNtim,1,0,28,26
ARCOAATp;DESAT16_1,1,0,28,26
ARCOAATp;DLD,1,0,28,26
ARCOAATp;ETHMALACc,1,0,28,26
ARCOAATp;ETHMALACte,1,0,28,26
ARCOAATp;ETHMALCOAc,1,0,28,26
ARCOAATp;FACOAL100im,1,0,28,26
ARCOAATp;FCYTOB5OXRr,0,1,29,25
ARCOAATp;G6PDH2r,1,0,28,26
ARCOAATp;GALU,0,1,29,25
ARCOAATp;GND,1,0,28,26
ARCOAATp;H2Otg,0,1,29,25
ARCOAATp;Htg,0,1,29,25
ARCOAATp;Htr,1,5,28,21
ARCOAATp;ICDHyr,1,0,28,26
ARCOAATp;NDP7g,0,1,29,25
ARCOAATp;OXALSUCCCL,1,0,28,26
ARCOAATp;PGL,1,0,28,26
ARCOAATp;PGMT,0,1,29,25
ARCOAATp;PItg,0,1,29,25
ARCOAATp;PLMCOAPTr,1,0,28,26
ARCOAATp;RTOT4,1,0,28,26
ARCOAATp;SUCCICITtm,1,0,28,26
ARCOAATp;SUCCt4_3,1,0,28,26
ARCOAATp;SUCOAS1m,1,0,28,26
ARCOAATp;TRDR,1,1,28,25
ARCOAATp;TTDCPT1,1,0,28,26
ARCOAATp;TTDCPT2,1,0,28,26
ARCOAATp;TTDCRNt,1,0,28,26
ARCOAATp;UDPG4E,0,1,29,25
ARCOAATp;UDPGALtg,0,1,29,25
ARCOAATr;CRNtr,0,1,29,25
ARCOAATr;FCYTOB5OXRr,0,1,29,25
ARCOAATr;Htr,0,4,29,22
ARCOAATr;ICDHyr,1,0,28,26
ARCOAATr;OXALSUCCCL,1,0,28,26
ARGATB0tc;ARGt4,1,0,28,26
ARGHISt2m;CITMCOAHm,0,1,29,25
ARGHISt2m;CITMCOALm,0,1,29,25
ARGHISt2m;ICDHyrm,0,1,29,25
ARGHISt2m;ITCOALm,0,1,29,25
ARGHISt2m;OXALSUCCCLm,0,1,29,25
ARGHISt2m;PYRtm,0,1,29,25
ARGt4;SO4CLtex,1,0,28,26
ARSA;GLUDym,1,0,28,26
ARSA;NH4tm,1,0,28,26
ARTFR13;ARTPLM1,2,0,27,26
ARTFR207;ARTPLM1,0,1,29,25
ARTFR33;ARTFR52,0,1,29,25
ARTFR33;RTOT5,0,1,29,25
ARTFR52;RTOT3,0,1,29,25
ARTPLM1;ARTPLM3,0,1,29,25
ARTPLM1;RTOT1,2,0,27,26
ARTPLM1;RTOT_3,0,1,29,25
ARTPLM3;RTOT2,0,1,29,25
ASAH1;DPCOAK,0,1,29,25
ASAH1;G6Pt6er,1,0,28,26
ASAH1;PNTK,0,1,29,25
ASAH1;PNTOt2e,0,1,29,25
ASAH1;PPCDC,0,1,29,25
ASAH1;PPNCL2,0,1,29,25
ASAH1;PTPAT,0,1,29,25
ASCBt5;Htr,1,0,28,26
ASCBtr;Htr,1,0,28,26
ASNATB0tc;ASNt4,0,3,29,23
ASNN;ASPPROASCT1,0,1,29,25
ASNN;ASPt6,2,1,27,25
ASNN;NCKt,0,1,29,25
ASNPHELAT2tc;ASNt4,2,0,27,26
ASN_Lte;ASNt4,4,0,25,26
ASP1DC;NH4t3r,0,1,29,25
ASPGLUm;ACITLn,1,0,28,26
ASPGLUm;ADPtn,1,0,28,26
ASPGLUm;AKGtn,1,0,28,26
ASPGLUm;ASPTA,1,0,28,26
ASPGLUm;ASPt6,1,0,28,26
ASPGLUm;ATPtn,1,0,28,26
ASPGLUm;CHATn,1,0,28,26
ASPGLUm;CHOLtn,1,0,28,26
ASPGLUm;CITtam,1,0,28,26
ASPGLUm;CITtn,1,0,28,26
ASPGLUm;CO2tn,1,0,28,26
ASPGLUm;CSm,1,0,28,26
ASPGLUm;CYANSTm,1,0,28,26
ASPGLUm;CYSO,1,0,28,26
ASPGLUm;CYSTGL,1,0,28,26
ASPGLUm;CYSTS,1,0,28,26
ASPGLUm;FALDtn,1,0,28,26
ASPGLUm;GLYATm,1,0,28,26
ASPGLUm;GLYtm,1,0,28,26
ASPGLUm;HCO3E,1,0,28,26
ASPGLUm;MALTSULtm,1,0,28,26
ASPGLUm;MCITS,1,0,28,26
ASPGLUm;MDH,1,0,28,26
ASPGLUm;MEOHt2,1,0,28,26
ASPGLUm;METAT,1,0,28,26
ASPGLUm;NTD10,1,0,28,26
ASPGLUm;OAADC,1,0,28,26
ASPGLUm;OAAtn,1,0,28,26
ASPGLUm;OBDHc,1,0,28,26
ASPGLUm;PItn,1,0,28,26
ASPGLUm;PPA,1,0,28,26
ASPGLUm;PPM,1,0,28,26
ASPGLUm;PUNP7,1,0,28,26
ASPGLUm;SQORm,1,0,28,26
ASPGLUm;THDm,1,0,28,26
ASPGLUm;THRtm,1,0,28,26
ASPGLUm;TSULt4_3,1,0,28,26
ASPGLUm;URATEt,1,0,28,26
ASPGLUm;XAND,1,0,28,26
ASPPROASCT1;ACITLn,1,0,28,26
ASPPROASCT1;ADPtn,1,0,28,26
ASPPROASCT1;ASPTA,1,1,28,25
ASPPROASCT1;ASPt6,3,10,26,16
ASPPROASCT1;ATP1ter,1,0,28,26
ASPPROASCT1;ATPtn,1,0,28,26
ASPPROASCT1;BILDGLUCRabc,1,0,28,26
ASPPROASCT1;BILIRED2,1,0,28,26
ASPPROASCT1;BILIRUBtr,1,0,28,26
ASPPROASCT1;CAt7r,0,2,29,24
ASPPROASCT1;CHATn,1,0,28,26
ASPPROASCT1;CHOLtn,1,0,28,26
ASPPROASCT1;CITtn,1,0,28,26
ASPPROASCT1;COt,1,0,28,26
ASPPROASCT1;CPPPGO,1,0,28,26
ASPPROASCT1;FCLTm,1,0,28,26
ASPPROASCT1;FE2tm,1,0,28,26
ASPPROASCT1;GALU,1,0,28,26
ASPPROASCT1;HMBS,1,0,28,26
ASPPROASCT1;HOXG,1,0,28,26
ASPPROASCT1;ICDHxrm,1,0,28,26
ASPPROASCT1;KCCt,1,1,28,25
ASPPROASCT1;NCKt,0,4,29,22
ASPPROASCT1;NCNt,0,2,29,24
ASPPROASCT1;NDP7er,1,0,28,26
ASPPROASCT1;NKCCt,1,2,28,24
ASPPROASCT1;OAAtn,1,0,28,26
ASPPROASCT1;OXALSUCCCLm,1,0,28,26
ASPPROASCT1;PGMT,1,0,28,26
ASPPROASCT1;PHEMEtm,1,0,28,26
ASPPROASCT1;PIGTHRDLtm,1,0,28,26
ASPPROASCT1;PItn,1,0,28,26
ASPPROASCT1;PPBNGS,1,0,28,26
ASPPROASCT1;PPPG9tm,1,0,28,26
ASPPROASCT1;PPPGOm,1,0,28,26
ASPPROASCT1;UDPGD,1,0,28,26
ASPPROASCT1;UDPGLCAter,1,0,28,26
ASPPROASCT1;UGT1A2r,1,0,28,26
ASPPROASCT1;UPP3S,1,0,28,26
ASPPROASCT1;UPPDC1,1,0,28,26
ASPTA;ASPTAm,1,0,28,26
ASPTA;CYSt4,1,0,28,26
ASPTA;MDHm,1,0,28,26
ASPTAm;ACITLn,1,0,28,26
ASPTAm;ADPtn,1,0,28,26
ASPTAm;AKGtn,1,0,28,26
ASPTAm;ATPtn,1,0,28,26
ASPTAm;CHATn,1,0,28,26
ASPTAm;CHOLtn,1,0,28,26
ASPTAm;CITtam,1,0,28,26
ASPTAm;CITtn,1,0,28,26
ASPTAm;CO2tn,1,0,28,26
ASPTAm;CSm,1,0,28,26
ASPTAm;CYSTGL,1,0,28,26
ASPTAm;CYSTS,1,0,28,26
ASPTAm;FALDtn,1,0,28,26
ASPTAm;GLYATm,1,0,28,26
ASPTAm;GLYtm,1,0,28,26
ASPTAm;HCO3E,1,0,28,26
ASPTAm;MCITS,1,0,28,26
ASPTAm;MDH,1,0,28,26
ASPTAm;MEOHt2,1,0,28,26
ASPTAm;METAT,1,0,28,26
ASPTAm;NTD10,1,0,28,26
ASPTAm;OAADC,1,0,28,26
ASPTAm;OAAtn,1,0,28,26
ASPTAm;OBDHc,1,0,28,26
ASPTAm;PItn,1,0,28,26
ASPTAm;PPA,1,0,28,26
ASPTAm;PPM,1,0,28,26
ASPTAm;PUNP7,1,0,28,26
ASPTAm;THDm,1,0,28,26
ASPTAm;THRtm,1,0,28,26
ASPTAm;URATEt,1,0,28,26
ASPTAm;XAND,1,0,28,26
ASPt6;ACITLn,1,0,28,26
ASPt6;ADPtn,1,0,28,26
ASPt6;ASPTAm,1,0,28,26
ASPt6;ATPtn,1,0,28,26
ASPt6;CHATn,1,0,28,26
ASPt6;CHOLtn,1,0,28,26
ASPt6;CITtn,1,0,28,26
ASPt6;MALACONtm,1,0,28,26
ASPt6;MDH,1,0,28,26
ASPt6;MDHm,1,0,28,26
ASPt6;OAAtn,1,0,28,26
ASPt6;PItn,1,0,28,26
ATP1ter;CYTK3,1,0,28,26
ATP1ter;G6PDH2r,1,0,28,26
ATP1ter;GND,1,0,28,26
ATP1ter;PGL,1,0,28,26
ATP1ter;R5Ptr,0,14,29,12
ATP1ter;RPI,2,0,27,26
ATP1ter;RPIr,0,14,29,12
ATP1ter;RU5Ptr,0,14,29,12
ATPAMPtp;HMGL,0,1,29,25
ATPS4m;ATPt4,1,0,28,26
ATPS4m;CA2tm,0,1,29,25
ATPS4m;CITtam,1,0,28,26
ATPS4m;CO2t,0,1,29,25
ATPS4m;CO2tm,1,4,28,22
ATPS4m;COQ3m,1,1,28,25
ATPS4m;COQ5m,1,1,28,25
ATPS4m;COQ6m,1,1,28,25
ATPS4m;COQ7m,1,1,28,25
ATPS4m;COUCOAFm,1,1,28,25
ATPS4m;DECDPtm,1,1,28,25
ATPS4m;DHDPBMTm,1,1,28,25
ATPS4m;DNDPt1m,0,1,29,25
ATPS4m;DNDPt58m,1,0,28,26
ATPS4m;DPHMBDCm,1,1,28,25
ATPS4m;DPPS,1,1,28,25
ATPS4m;ENO,0,2,29,24
ATPS4m;FRDPtc,1,1,28,25
ATPS4m;GAPD,0,2,29,24
ATPS4m;GLUt2m,1,0,28,26
ATPS4m;GLYATm,1,0,28,26
ATPS4m;GLYCt,1,0,28,26
ATPS4m;HBZOPT10m,1,1,28,25
ATPS4m;HCO3E,0,1,29,25
ATPS4m;HCO3Em,0,4,29,22
ATPS4m;HCO3tm,0,4,29,22
ATPS4m;HEX12,0,1,29,25
ATPS4m;Htm,9,11,20,15
ATPS4m;L_LACt2r,0,1,29,25
ATPS4m;METAT,1,1,28,25
ATPS4m;NACDe,1,0,28,26
ATPS4m;NACPRT,1,0,28,26
ATPS4m;NCAMDe,1,0,28,26
ATPS4m;NMNDA,1,0,28,26
ATPS4m;NMNS,1,0,28,26
ATPS4m;PGK,0,2,29,24
ATPS4m;PGM,0,2,29,24
ATPS4m;PIATPLtm,1,2,28,24
ATPS4m;PPItm,0,1,29,25
ATPS4m;PYK7,0,2,29,24
ATPS4m;Q10H2e,1,1,28,25
ATPS4m;RPE,1,0,28,26
ATPS4m;T4HCINNMFM,1,1,28,25
ATPS4m;THR3Dx,1,0,28,26
ATPS4m;TKT1,1,0,28,26
ATPS4m;TKT2,1,0,28,26
ATPS4m;TPI,0,1,29,25
ATPS4m;TYRTAm,1,1,28,25
ATPS4m;TYRtl,1,1,28,25
ATPS4m;q10h2tc,1,1,28,25
ATPasel;CO2t,0,1,29,25
ATPt4;AKGtn,0,1,29,25
ATPt4;CDPDAGtm,1,0,28,26
ATPt4;CDSm,1,0,28,26
ATPt4;CITRt2m,0,1,29,25
ATPt4;CO2tm,1,1,28,25
ATPt4;CO2tn,0,1,29,25
ATPt4;COQ3m,1,0,28,26
ATPt4;COQ5m,1,0,28,26
ATPt4;COQ6m,1,0,28,26
ATPt4;COQ7m,1,0,28,26
ATPt4;COUCOAFm,1,0,28,26
ATPt4;CTPtm,1,0,28,26
ATPt4;CYOOm2,4,2,25,24
ATPt4;CYOR_u10m,4,2,25,24
ATPt4;DAG_Hstem,1,0,28,26
ATPt4;DECDPtm,1,0,28,26
ATPt4;DHDPBMTm,1,0,28,26
ATPt4;DHFR,0,1,29,25
ATPt4;DHFRx,0,1,29,25
ATPt4;DHFtm,0,1,29,25
ATPt4;DPHMBDCm,1,0,28,26
ATPt4;DPPS,1,0,28,26
ATPt4;FALDte,0,1,29,25
ATPt4;FALDtn,0,1,29,25
ATPt4;FRDPtc,1,0,28,26
ATPt4;G6PDH2r,1,0,28,26
ATPt4;GLUt2m,1,0,28,26
ATPt4;GLYATm,0,1,29,25
ATPt4;GLYtm,0,1,29,25
ATPt4;GND,1,0,28,26
ATPt4;HBZOPT10m,1,0,28,26
ATPt4;HCO3Em,0,1,29,25
ATPt4;HCO3tm,0,1,29,25
ATPt4;Htm,1,1,28,25
ATPt4;METAT,1,0,28,26
ATPt4;NACDe,0,1,29,25
ATPt4;NACPRT,0,1,29,25
ATPt4;NCAMDe,0,1,29,25
ATPt4;NMNDA,0,1,29,25
ATPt4;NMNS,0,1,29,25
ATPt4;PGI,1,0,28,26
ATPt4;PGL,1,0,28,26
ATPt4;PIMALtm,0,2,29,24
ATPt4;PIt2m_2,0,1,29,25
ATPt4;PPAm,1,0,28,26
ATPt4;PPItm,3,1,26,25
ATPt4;Q10H2e,1,0,28,26
ATPt4;RPE,1,0,28,26
ATPt4;SO3AKGtm,0,1,29,25
ATPt4;SO3MALtm,0,1,29,25
ATPt4;SO4AKGtm,0,1,29,25
ATPt4;SO4MALtm,0,1,29,25
ATPt4;T4HCINNMFM,1,0,28,26
ATPt4;TALA,1,0,28,26
ATPt4;THFtm,0,1,29,25
ATPt4;THR3Dx,0,1,29,25
ATPt4;TKT1,1,0,28,26
ATPt4;TKT2,1,0,28,26
ATPt4;TYRTAm,1,0,28,26
ATPt4;TYRtl,1,0,28,26
ATPt4;q10h2tc,1,0,28,26
ATPtm;CDPDAGtm,1,0,28,26
ATPtm;CDSm,1,0,28,26
ATPtm;CO2t,0,1,29,25
ATPtm;CO2tm,0,2,29,24
ATPtm;CTPtm,1,0,28,26
ATPtm;DAG_Hstem,1,0,28,26
ATPtm;ENO,0,1,29,25
ATPtm;GAPD,0,1,29,25
ATPtm;GLYCt,1,0,28,26
ATPtm;GLYCtm,1,0,28,26
ATPtm;GLYKm,1,0,28,26
ATPtm;HCO3E,0,1,29,25
ATPtm;HCO3Em,0,1,29,25
ATPtm;HCO3tm,0,1,29,25
ATPtm;Htm,0,3,29,23
ATPtm;LPS2,1,0,28,26
ATPtm;LPS3e,1,0,28,26
ATPtm;L_LACt2r,0,1,29,25
ATPtm;MAGt,1,0,28,26
ATPtm;PGK,0,1,29,25
ATPtm;PGM,0,1,29,25
ATPtm;PPItm,1,0,28,26
ATPtm;PYK7,0,1,29,25
ATPtm;RTOTALFATPc,1,0,28,26
ATPtm;R_group_phosphotase_1,1,0,28,26
ATPtn;CO2tm,0,1,29,25
ATPtn;GLYATm,0,1,29,25
ATPtn;GLYtm,0,1,29,25
ATPtn;GTPGDPtm,0,1,29,25
ATPtn;HMGL,2,5,27,21
ATPtn;ICDHyr,1,0,28,26
ATPtn;MALACONtm,1,0,28,26
ATPtn;MI1PP,0,1,29,25
ATPtn;O2t,3,7,26,19
ATPtn;OCOAT1m,2,2,27,24
ATPtn;OXALSUCCCL,1,0,28,26
ATPtn;PIPLC,0,2,29,24
ATPtn;PPA,1,0,28,26
ATPtn;PPAm,1,0,28,26
ATPtn;PPItm,1,0,28,26
ATPtn;PYRtm,1,2,28,24
ATPtn;SUCOAS1m,0,2,29,24
ATPtn;THR3Dx,0,1,29,25
ATPtn;THRA,3,0,26,26
ATPtn;TXA2tr,0,1,29,25
ATPtn;TXB2c,0,1,29,25
ATPtn;TXB2r,0,1,29,25
ATPtn;TXB2tr,0,1,29,25
A_MANASEly;CO2t,0,1,29,25
A_MANASEly;DPCOAK,0,1,29,25
A_MANASEly;PNTK,0,1,29,25
A_MANASEly;PNTOt2e,0,1,29,25
A_MANASEly;PPCDC,0,1,29,25
A_MANASEly;PPNCL2,0,1,29,25
A_MANASEly;PTPAT,0,1,29,25
Asn_X_Ser/Thrtr;CO2t,0,1,29,25
Asn_X_Ser/Thrtr;DPCOAK,0,1,29,25
Asn_X_Ser/Thrtr;PNTK,0,1,29,25
Asn_X_Ser/Thrtr;PNTOt2e,0,1,29,25
Asn_X_Ser/Thrtr;PPCDC,0,1,29,25
Asn_X_Ser/Thrtr;PPNCL2,0,1,29,25
Asn_X_Ser/Thrtr;PTPAT,0,1,29,25
B3GNT310g;DOLMANP_ter,1,0,28,26
B3GNT310g;DOLPMT,1,0,28,26
B3GNT310g;DOLP_ter,1,0,28,26
B3GNT38g;CMPACNAtg,3,0,26,26
B3GNT38g;CMPSAS,3,0,26,26
B3GNT38g;GF6PTA,3,0,26,26
B3GNT38g;H2Otly,1,0,28,26
B3GNT38g;IDHPOXOX2b,1,0,28,26
B3GNT38g;IDHPOXOX3,1,0,28,26
B3GNT38g;IDHPOXOXb,1,0,28,26
B3GNT38g;LCYSTCBOXL,1,0,28,26
B3GNT38g;NAIt,1,0,28,26
B3GNT38g;NKCC2t,1,0,28,26
B3GNT38g;SO4t4_3,0,1,29,25
B3GNT38g;TAURCHAe,1,0,28,26
B3GNT38g;THYPX,1,0,28,26
B3GNT38g;UAG2EMAi,2,0,27,26
B3GNT38g;UAGDP,3,0,26,26
B3GNT38g;UGLCNACtg,3,0,26,26
B3GNT51g;DOLMANP_ter,1,0,28,26
B3GNT51g;DOLPMT,1,0,28,26
B3GNT51g;DOLP_ter,1,0,28,26
BALAtmr;GLYATm,1,0,28,26
BALAtmr;GLYtm,1,0,28,26
BALAtmr;THR3Dx,1,0,28,26
BDMT;BILDGLCURt5e,1,0,28,26
BDMT;BILDGLCURtr,1,0,28,26
BDMT;BILIRED2,1,0,28,26
BDMT;BILIRUBtr,1,0,28,26
BDMT;CACT6r,1,0,28,26
BDMT;CO2t,0,1,29,25
BDMT;COt,1,0,28,26
BDMT;CPPPGO,1,0,28,26
BDMT;DESAT18_1,1,0,28,26
BDMT;DPCOAK,0,1,29,25
BDMT;FAE180,1,0,28,26
BDMT;FAE201,1,0,28,26
BDMT;FAE221,1,0,28,26
BDMT;FCLTm,1,0,28,26
BDMT;FE2tm,1,0,28,26
BDMT;G6PDH2rer,1,0,28,26
BDMT;GLUDym,1,0,28,26
BDMT;H2Oter,1,0,28,26
BDMT;HACD180,1,0,28,26
BDMT;HACD201,1,0,28,26
BDMT;HACD221,1,0,28,26
BDMT;HMBS,1,0,28,26
BDMT;HOXG,1,0,28,26
BDMT;HSD180,1,0,28,26
BDMT;HSD201,1,0,28,26
BDMT;HSD221,1,0,28,26
BDMT;MALCOAMT,1,0,28,26
BDMT;MALCOAMTr,1,0,28,26
BDMT;NDP7er,5,0,24,26
BDMT;NH4tm,1,0,28,26
BDMT;PGI,1,0,28,26
BDMT;PHEMEtm,1,0,28,26
BDMT;PNTK,0,1,29,25
BDMT;PNTOt2e,0,1,29,25
BDMT;PPBNGS,1,0,28,26
BDMT;PPCDC,0,1,29,25
BDMT;PPIPItr,0,1,29,25
BDMT;PPNCL2,0,1,29,25
BDMT;PPPG9tm,1,0,28,26
BDMT;PPPGOm,1,0,28,26
BDMT;PTPAT,0,1,29,25
BDMT;TECR180,1,0,28,26
BDMT;TECR201,1,0,28,26
BDMT;TECR221,1,0,28,26
BDMT;UDPGD,1,0,28,26
BDMT;UDPGLCAter,1,0,28,26
BDMT;UGT1A2r,1,0,28,26
BDMT;UPP3S,1,0,28,26
BDMT;UPPDC1,1,0,28,26
BETALDHx;O2t,0,1,29,25
BETALDHxm;ARTFR52,3,0,26,26
BETALDHxm;CITACONtm,1,0,28,26
BETALDHxm;CO2tm,1,1,28,25
BETALDHxm;DHFR,0,1,29,25
BETALDHxm;FAE180,3,0,26,26
BETALDHxm;FAE200,3,0,26,26
BETALDHxm;FAE220,3,0,26,26
BETALDHxm;FAE240,3,0,26,26
BETALDHxm;FAE260,3,0,26,26
BETALDHxm;G6PDH2rer,1,0,28,26
BETALDHxm;H2Oter,1,0,28,26
BETALDHxm;HACD180,3,0,26,26
BETALDHxm;HACD200,3,0,26,26
BETALDHxm;HACD220,3,0,26,26
BETALDHxm;HACD240,3,0,26,26
BETALDHxm;HACD260,3,0,26,26
BETALDHxm;HCO3E,0,1,29,25
BETALDHxm;HCO3Em,0,1,29,25
BETALDHxm;HCO3tm,0,1,29,25
BETALDHxm;HEX12,1,0,28,26
BETALDHxm;HEXCCOAtr,3,0,26,26
BETALDHxm;HSD180,3,0,26,26
BETALDHxm;HSD200,3,0,26,26
BETALDHxm;HSD220,3,0,26,26
BETALDHxm;HSD240,3,0,26,26
BETALDHxm;HSD260,3,0,26,26
BETALDHxm;ICDHyrm,1,0,28,26
BETALDHxm;MTHFC,0,1,29,25
BETALDHxm;MTHFD2,0,1,29,25
BETALDHxm;PROGLUtm,1,0,28,26
BETALDHxm;PROtm,1,0,28,26
BETALDHxm;RTOT5,3,0,26,26
BETALDHxm;SERCYSNaEx,1,0,28,26
BETALDHxm;SERt4,2,1,27,25
BETALDHxm;TECR180,3,0,26,26
BETALDHxm;TECR200,3,0,26,26
BETALDHxm;TECR220,3,0,26,26
BETALDHxm;TECR240,3,0,26,26
BETALDHxm;TECR260,3,0,26,26
BETALDHy;O2t,0,1,29,25
BHMT;ARTFR52,3,0,26,26
BHMT;CITACONtm,1,0,28,26
BHMT;CO2tm,1,1,28,25
BHMT;DHFR,0,1,29,25
BHMT;FAE180,3,0,26,26
BHMT;FAE200,3,0,26,26
BHMT;FAE220,3,0,26,26
BHMT;FAE240,3,0,26,26
BHMT;FAE260,3,0,26,26
BHMT;G6PDH2rer,1,0,28,26
BHMT;H2Oter,1,0,28,26
BHMT;HACD180,3,0,26,26
BHMT;HACD200,3,0,26,26
BHMT;HACD220,3,0,26,26
BHMT;HACD240,3,0,26,26
BHMT;HACD260,3,0,26,26
BHMT;HCO3E,0,1,29,25
BHMT;HCO3Em,0,1,29,25
BHMT;HCO3tm,0,1,29,25
BHMT;HEX12,1,0,28,26
BHMT;HEXCCOAtr,3,0,26,26
BHMT;HSD180,3,0,26,26
BHMT;HSD200,3,0,26,26
BHMT;HSD220,3,0,26,26
BHMT;HSD240,3,0,26,26
BHMT;HSD260,3,0,26,26
BHMT;ICDHyrm,1,0,28,26
BHMT;MTHFC,0,1,29,25
BHMT;MTHFD2,0,1,29,25
BHMT;PROGLUtm,1,0,28,26
BHMT;PROtm,1,0,28,26
BHMT;RTOT5,3,0,26,26
BHMT;SERCYSNaEx,1,0,28,26
BHMT;SERt4,2,1,27,25
BHMT;TECR180,3,0,26,26
BHMT;TECR200,3,0,26,26
BHMT;TECR220,3,0,26,26
BHMT;TECR240,3,0,26,26
BHMT;TECR260,3,0,26,26
BILDGLCURt5e;DOLASNTer,1,0,28,26
BILDGLCURt5e;DOLDPPer,1,0,28,26
BILDGLCURt5e;DOLGLCP_ter,1,0,28,26
BILDGLCURt5e;DOLMANP_ter,1,0,28,26
BILDGLCURt5e;DOLPGT1er,1,0,28,26
BILDGLCURt5e;DOLPGT2er,1,0,28,26
BILDGLCURt5e;DOLPGT3er,1,0,28,26
BILDGLCURt5e;DOLPMT,1,0,28,26
BILDGLCURt5e;DOLPMT1er,1,0,28,26
BILDGLCURt5e;DOLPMT2_er,1,0,28,26
BILDGLCURt5e;DOLPMT3er,1,0,28,26
BILDGLCURt5e;DOLPMT4_er,1,0,28,26
BILDGLCURt5e;DOLP_ter,1,0,28,26
BILDGLCURt5e;G12MT1,1,0,28,26
BILDGLCURt5e;G12MT2,1,0,28,26
BILDGLCURt5e;G13MT,1,0,28,26
BILDGLCURt5e;G16MT,1,0,28,26
BILDGLCURt5e;GLCNACPT,1,0,28,26
BILDGLCURt5e;GLCNACT,1,0,28,26
BILDGLCURt5e;GLCter,1,0,28,26
BILDGLCURt5e;GTPGDPtm,0,1,29,25
BILDGLCURt5e;H2Otg,1,0,28,26
BILDGLCURt5e;HEX16,1,0,28,26
BILDGLCURt5e;Htg,1,0,28,26
BILDGLCURt5e;ICDHyr,1,0,28,26
BILDGLCURt5e;ICDHyrm,1,0,28,26
BILDGLCURt5e;M13N2Tg,1,0,28,26
BILDGLCURt5e;M4MPDOL_ter,1,0,28,26
BILDGLCURt5e;M7MASNBterg,1,0,28,26
BILDGLCURt5e;MAN1PT2,1,0,28,26
BILDGLCURt5e;MAN6PI,1,0,28,26
BILDGLCURt5e;MANter,1,0,28,26
BILDGLCURt5e;MANtg,1,0,28,26
BILDGLCURt5e;MG1er,1,0,28,26
BILDGLCURt5e;MG2er,1,0,28,26
BILDGLCURt5e;MG3er,1,0,28,26
BILDGLCURt5e;MM5bg,1,0,28,26
BILDGLCURt5e;MM6B1bg,1,0,28,26
BILDGLCURt5e;MM7B2g,1,0,28,26
BILDGLCURt5e;MM8Ber,1,0,28,26
BILDGLCURt5e;NDP7g,1,0,28,26
BILDGLCURt5e;OXALSUCCCL,1,0,28,26
BILDGLCURt5e;PIMALtm,0,1,29,25
BILDGLCURt5e;PItg,1,0,28,26
BILDGLCURt5e;PMANM,1,0,28,26
BILDGLCURt5e;PPA,1,0,28,26
BILDGLCURt5e;PROGLUtm,0,1,29,25
BILDGLCURt5e;PROtm,0,1,29,25
BILDGLCURt5e;SO4AKGtm,0,1,29,25
BILDGLCURt5e;SO4MALtm,0,1,29,25
BILDGLCURt5e;SUCOAS1m,0,1,29,25
BILDGLCURt5e;THR3Dx,0,1,29,25
BILDGLCURt5e;UAGDP,1,0,28,26
BILDGLCURt5e;UDPDOLPT,1,0,28,26
BILDGLCURt5e;UGLCNACtg,1,0,28,26
BILDGLCURt;BILDGLCURt5e,0,1,29,25
BILDGLCURtr;DOLASNTer,1,0,28,26
BILDGLCURtr;DOLDPPer,1,0,28,26
BILDGLCURtr;DOLGLCP_ter,1,0,28,26
BILDGLCURtr;DOLMANP_ter,1,0,28,26
BILDGLCURtr;DOLPGT1er,1,0,28,26
BILDGLCURtr;DOLPGT2er,1,0,28,26
BILDGLCURtr;DOLPGT3er,1,0,28,26
BILDGLCURtr;DOLPMT,1,0,28,26
BILDGLCURtr;DOLPMT1er,1,0,28,26
BILDGLCURtr;DOLPMT2_er,1,0,28,26
BILDGLCURtr;DOLPMT3er,1,0,28,26
BILDGLCURtr;DOLPMT4_er,1,0,28,26
BILDGLCURtr;DOLP_ter,1,0,28,26
BILDGLCURtr;G12MT1,1,0,28,26
BILDGLCURtr;G12MT2,1,0,28,26
BILDGLCURtr;G13MT,1,0,28,26
BILDGLCURtr;G16MT,1,0,28,26
BILDGLCURtr;GLCNACPT,1,0,28,26
BILDGLCURtr;GLCNACT,1,0,28,26
BILDGLCURtr;GLCter,1,0,28,26
BILDGLCURtr;GTPGDPtm,0,1,29,25
BILDGLCURtr;H2Otg,1,0,28,26
BILDGLCURtr;HEX16,1,0,28,26
BILDGLCURtr;Htg,1,0,28,26
BILDGLCURtr;ICDHyr,1,0,28,26
BILDGLCURtr;ICDHyrm,1,0,28,26
BILDGLCURtr;M13N2Tg,1,0,28,26
BILDGLCURtr;M4MPDOL_ter,1,0,28,26
BILDGLCURtr;M7MASNBterg,1,0,28,26
BILDGLCURtr;MAN1PT2,1,0,28,26
BILDGLCURtr;MAN6PI,1,0,28,26
BILDGLCURtr;MANter,1,0,28,26
BILDGLCURtr;MANtg,1,0,28,26
BILDGLCURtr;MG1er,1,0,28,26
BILDGLCURtr;MG2er,1,0,28,26
BILDGLCURtr;MG3er,1,0,28,26
BILDGLCURtr;MM5bg,1,0,28,26
BILDGLCURtr;MM6B1bg,1,0,28,26
BILDGLCURtr;MM7B2g,1,0,28,26
BILDGLCURtr;MM8Ber,1,0,28,26
BILDGLCURtr;NDP7g,1,0,28,26
BILDGLCURtr;OXALSUCCCL,1,0,28,26
BILDGLCURtr;PIMALtm,0,1,29,25
BILDGLCURtr;PItg,1,0,28,26
BILDGLCURtr;PMANM,1,0,28,26
BILDGLCURtr;PPA,1,0,28,26
BILDGLCURtr;PROGLUtm,0,1,29,25
BILDGLCURtr;PROtm,0,1,29,25
BILDGLCURtr;SO4AKGtm,0,1,29,25
BILDGLCURtr;SO4MALtm,0,1,29,25
BILDGLCURtr;SUCOAS1m,0,1,29,25
BILDGLCURtr;THR3Dx,0,1,29,25
BILDGLCURtr;UAGDP,1,0,28,26
BILDGLCURtr;UDPDOLPT,1,0,28,26
BILDGLCURtr;UGLCNACtg,1,0,28,26
BILGLCURt5e;GLYt2r,1,0,28,26
BILGLCURt5e;Htr,1,0,28,26
BILGLCURtr;GLYt2r,1,0,28,26
BILGLCURtr;Htr,2,0,27,26
BILIRED2;CITtam,1,0,28,26
BILIRED2;DOLASNTer,1,0,28,26
BILIRED2;DOLDPPer,1,0,28,26
BILIRED2;DOLGLCP_ter,1,0,28,26
BILIRED2;DOLMANP_ter,1,0,28,26
BILIRED2;DOLPGT1er,1,0,28,26
BILIRED2;DOLPGT2er,1,0,28,26
BILIRED2;DOLPGT3er,1,0,28,26
BILIRED2;DOLPMT,1,0,28,26
BILIRED2;DOLPMT1er,1,0,28,26
BILIRED2;DOLPMT2_er,1,0,28,26
BILIRED2;DOLPMT3er,1,0,28,26
BILIRED2;DOLPMT4_er,1,0,28,26
BILIRED2;DOLP_ter,1,0,28,26
BILIRED2;FUM,1,0,28,26
BILIRED2;G12MT1,1,0,28,26
BILIRED2;G12MT2,1,0,28,26
BILIRED2;G13MT,1,0,28,26
BILIRED2;G16MT,1,0,28,26
BILIRED2;GF6PTA,2,0,27,26
BILIRED2;GLCNACPT,1,0,28,26
BILIRED2;GLCNACT,1,0,28,26
BILIRED2;GLCter,1,0,28,26
BILIRED2;GLYC3Ptm,1,0,28,26
BILIRED2;GLYC3Ptmc,2,0,27,26
BILIRED2;GTPGDPtm,0,1,29,25
BILIRED2;H2Otg,4,0,25,26
BILIRED2;HEX16,1,0,28,26
BILIRED2;Htg,4,0,25,26
BILIRED2;Htr,2,0,27,26
BILIRED2;ICDHyr,1,0,28,26
BILIRED2;ICDHyrm,1,0,28,26
BILIRED2;M13N2Tg,1,0,28,26
BILIRED2;M4MPDOL_ter,1,0,28,26
BILIRED2;M7MASNBterg,1,0,28,26
BILIRED2;MALACONtm,1,0,28,26
BILIRED2;MAN1PT2,4,0,25,26
BILIRED2;MAN6PI,4,0,25,26
BILIRED2;MANter,1,0,28,26
BILIRED2;MANtg,1,0,28,26
BILIRED2;MG1er,1,0,28,26
BILIRED2;MG2er,1,0,28,26
BILIRED2;MG3er,1,0,28,26
BILIRED2;MM5bg,1,0,28,26
BILIRED2;MM6B1bg,1,0,28,26
BILIRED2;MM7B2g,1,0,28,26
BILIRED2;MM8Ber,1,0,28,26
BILIRED2;NDP7g,4,0,25,26
BILIRED2;OXALSUCCCL,1,0,28,26
BILIRED2;PIMALtm,0,1,29,25
BILIRED2;PItg,4,0,25,26
BILIRED2;PMANM,4,0,25,26
BILIRED2;PPA,1,0,28,26
BILIRED2;PPItm,1,0,28,26
BILIRED2;PROGLUtm,0,1,29,25
BILIRED2;PROtm,0,1,29,25
BILIRED2;SO4AKGtm,0,1,29,25
BILIRED2;SO4MALtm,0,1,29,25
BILIRED2;SUCCt4_3,1,0,28,26
BILIRED2;SUCOAS1m,0,1,29,25
BILIRED2;UAGDP,4,0,25,26
BILIRED2;UDPDOLPT,1,0,28,26
BILIRED2;UGLCNACtg,4,0,25,26
BILIRED;GLYt2r,1,0,28,26
BILIRED;ICDHyrm,1,0,28,26
BILIRED;SUCCICITtm,1,0,28,26
BILIRED;SUCCt4_3,1,0,28,26
BILIRED;THR3Dx,0,1,29,25
BILIRED;UAGDP,1,0,28,26
BILIRUBtr;DOLASNTer,1,0,28,26
BILIRUBtr;DOLDPPer,1,0,28,26
BILIRUBtr;DOLGLCP_ter,1,0,28,26
BILIRUBtr;DOLMANP_ter,1,0,28,26
BILIRUBtr;DOLPGT1er,1,0,28,26
BILIRUBtr;DOLPGT2er,1,0,28,26
BILIRUBtr;DOLPGT3er,1,0,28,26
BILIRUBtr;DOLPMT,1,0,28,26
BILIRUBtr;DOLPMT1er,1,0,28,26
BILIRUBtr;DOLPMT2_er,1,0,28,26
BILIRUBtr;DOLPMT3er,1,0,28,26
BILIRUBtr;DOLPMT4_er,1,0,28,26
BILIRUBtr;DOLP_ter,1,0,28,26
BILIRUBtr;G12MT1,1,0,28,26
BILIRUBtr;G12MT2,1,0,28,26
BILIRUBtr;G13MT,1,0,28,26
BILIRUBtr;G16MT,1,0,28,26
BILIRUBtr;GF6PTA,2,0,27,26
BILIRUBtr;GLCNACPT,1,0,28,26
BILIRUBtr;GLCNACT,1,0,28,26
BILIRUBtr;GLCter,1,0,28,26
BILIRUBtr;GLYC3Ptm,1,0,28,26
BILIRUBtr;GLYC3Ptmc,2,0,27,26
BILIRUBtr;GLYt2r,1,0,28,26
BILIRUBtr;GTPGDPtm,0,1,29,25
BILIRUBtr;H2Otg,4,0,25,26
BILIRUBtr;HEX16,1,0,28,26
BILIRUBtr;Htg,4,0,25,26
BILIRUBtr;Htr,2,0,27,26
BILIRUBtr;ICDHyr,1,0,28,26
BILIRUBtr;ICDHyrm,2,0,27,26
BILIRUBtr;M13N2Tg,1,0,28,26
BILIRUBtr;M4MPDOL_ter,1,0,28,26
BILIRUBtr;M7MASNBterg,1,0,28,26
BILIRUBtr;MAN1PT2,4,0,25,26
BILIRUBtr;MAN6PI,4,0,25,26
BILIRUBtr;MANter,1,0,28,26
BILIRUBtr;MANtg,1,0,28,26
BILIRUBtr;MG1er,1,0,28,26
BILIRUBtr;MG2er,1,0,28,26
BILIRUBtr;MG3er,1,0,28,26
BILIRUBtr;MM5bg,1,0,28,26
BILIRUBtr;MM6B1bg,1,0,28,26
BILIRUBtr;MM7B2g,1,0,28,26
BILIRUBtr;MM8Ber,1,0,28,26
BILIRUBtr;NDP7g,4,0,25,26
BILIRUBtr;OXALSUCCCL,1,0,28,26
BILIRUBtr;PIMALtm,0,1,29,25
BILIRUBtr;PItg,4,0,25,26
BILIRUBtr;PMANM,4,0,25,26
BILIRUBtr;PPA,1,0,28,26
BILIRUBtr;PPItm,1,0,28,26
BILIRUBtr;PROGLUtm,0,1,29,25
BILIRUBtr;PROtm,0,1,29,25
BILIRUBtr;SO4AKGtm,0,1,29,25
BILIRUBtr;SO4MALtm,0,1,29,25
BILIRUBtr;SUCCt4_3,1,0,28,26
BILIRUBtr;SUCOAS1m,0,1,29,25
BILIRUBtr;THR3Dx,0,1,29,25
BILIRUBtr;UAGDP,5,0,24,26
BILIRUBtr;UDPDOLPT,1,0,28,26
BILIRUBtr;UGLCNACtg,4,0,25,26
BPNT;FBA,0,1,29,25
BPNT;GF6PTA,1,0,28,26
BPNT;GLUDym,1,0,28,26
BPNT;H2Otg,1,0,28,26
BPNT;HCO3_CLt,0,1,29,25
BPNT;Htg,1,0,28,26
BPNT;KCC2t,0,4,29,22
BPNT;NDP7g,1,0,28,26
BPNT;NH4tm,1,0,28,26
BPNT;NKCC2t,2,1,27,25
BPNT;PFK,0,1,29,25
BPNT;PItg,1,0,28,26
BPNT;SO4t4_3,0,2,29,24
BPNT;UAGDP,1,0,28,26
BTCOACRNtm;C204CPT1,1,0,28,26
BTCOACRNtm;CACT6r,1,0,28,26
BTCOACRNtm;CACT7p,1,0,28,26
BTCOACRNtm;CATp,1,0,28,26
BTCOACRNtm;COAtp,1,0,28,26
BTCOACRNtm;CRNCARtp,1,0,28,26
BTCOACRNtm;CSNATp,1,0,28,26
BTCOACRNtm;CSNATr,1,0,28,26
BTCOACRNtm;DESAT18_1,1,0,28,26
BTCOACRNtm;FAE180,1,0,28,26
BTCOACRNtm;FAE201,1,0,28,26
BTCOACRNtm;FAE221,1,0,28,26
BTCOACRNtm;FAE241,1,0,28,26
BTCOACRNtm;GLYATm,1,2,28,24
BTCOACRNtm;GLYtm,1,2,28,24
BTCOACRNtm;HACD180,1,0,28,26
BTCOACRNtm;HACD201,1,0,28,26
BTCOACRNtm;HACD221,1,0,28,26
BTCOACRNtm;HACD241,1,0,28,26
BTCOACRNtm;HSD180,1,0,28,26
BTCOACRNtm;HSD201,1,0,28,26
BTCOACRNtm;HSD221,1,0,28,26
BTCOACRNtm;HSD241,1,0,28,26
BTCOACRNtm;Htx,1,0,28,26
BTCOACRNtm;MALCOAMT,1,0,28,26
BTCOACRNtm;MALCOAMTr,1,0,28,26
BTCOACRNtm;NADHtpu,1,0,28,26
BTCOACRNtm;NADtx,1,0,28,26
BTCOACRNtm;NRVNCCOAtr,1,0,28,26
BTCOACRNtm;NRVNCCOAtxc,1,0,28,26
BTCOACRNtm;O2tp,1,0,28,26
BTCOACRNtm;TECR180,1,0,28,26
BTCOACRNtm;TECR201,1,0,28,26
BTCOACRNtm;TECR221,1,0,28,26
BTCOACRNtm;TECR241,1,0,28,26
BTCOACRNtm;THR3Dx,1,2,28,24
BUP2;GLUt2m,1,0,28,26
BUP2;THFtm,1,0,28,26
BUTt2m;FACOAL100im,0,1,29,25
BUTt2m;Htm,1,0,28,26
BUTt2m;PPCOACRNtm,0,1,29,25
BUTt2m;PPCOAtm,0,1,29,25
BUTt2m;TTDCPT1,0,1,29,25
BUTt2m;TTDCPT2,0,1,29,25
BUTt2m;TTDCRNt,0,1,29,25
B_MANNASEly;CO2t,0,1,29,25
B_MANNASEly;DPCOAK,0,1,29,25
B_MANNASEly;PNTK,0,1,29,25
B_MANNASEly;PNTOt2e,0,1,29,25
B_MANNASEly;PPCDC,0,1,29,25
B_MANNASEly;PPNCL2,0,1,29,25
B_MANNASEly;PTPAT,0,1,29,25
C160CPT1;DHFR,0,1,29,25
C160CPT1;DPCOAK,0,2,29,24
C160CPT1;GALU,0,1,29,25
C160CPT1;GLYATm,0,2,29,24
C160CPT1;GLYtm,0,2,29,24
C160CPT1;H2Otg,0,1,29,25
C160CPT1;Htg,0,1,29,25
C160CPT1;Htr,0,4,29,22
C160CPT1;MTHFC,0,3,29,23
C160CPT1;MTHFD2,0,3,29,23
C160CPT1;NDP7g,0,1,29,25
C160CPT1;PGMT,0,1,29,25
C160CPT1;PItg,0,1,29,25
C160CPT1;PNTK,0,2,29,24
C160CPT1;PNTOt2e,0,1,29,25
C160CPT1;PNTOte,0,1,29,25
C160CPT1;PPCDC,0,2,29,24
C160CPT1;PPNCL2,0,2,29,24
C160CPT1;PTPAT,0,2,29,24
C160CPT1;THR3Dx,0,2,29,24
C160CPT1;TXA2tr,0,2,29,24
C160CPT1;TXB2c,0,2,29,24
C160CPT1;TXB2r,0,2,29,24
C160CPT1;TXB2tr,0,2,29,24
C160CPT1;UDPG4E,0,1,29,25
C160CPT1;UDPGALtg,0,1,29,25
C161CPT1;C204CPT1,1,0,28,26
C161CPT1;CACT6r,2,0,27,26
C161CPT1;CACT7p,1,0,28,26
C161CPT1;CATp,1,0,28,26
C161CPT1;CITACONtm,1,0,28,26
C161CPT1;CO2tm,1,0,28,26
C161CPT1;COAtp,1,0,28,26
C161CPT1;CRNCARtp,1,0,28,26
C161CPT1;CRNtr,0,1,29,25
C161CPT1;CSNATp,1,0,28,26
C161CPT1;CSNATr,1,0,28,26
C161CPT1;DESAT18_1,2,0,27,26
C161CPT1;FACOAL161,0,1,29,25
C161CPT1;FAE180,2,0,27,26
C161CPT1;FAE201,2,0,27,26
C161CPT1;FAE221,2,0,27,26
C161CPT1;FAE241,1,0,28,26
C161CPT1;G6PDH2rer,1,0,28,26
C161CPT1;GLYATm,2,0,27,26
C161CPT1;GLYtm,2,0,27,26
C161CPT1;HACD180,2,0,27,26
C161CPT1;HACD201,2,0,27,26
C161CPT1;HACD221,2,0,27,26
C161CPT1;HACD241,1,0,28,26
C161CPT1;HDCEACRNtr,0,1,29,25
C161CPT1;HEX12,1,0,28,26
C161CPT1;HSD180,2,0,27,26
C161CPT1;HSD201,2,0,27,26
C161CPT1;HSD221,2,0,27,26
C161CPT1;HSD241,1,0,28,26
C161CPT1;Htx,1,0,28,26
C161CPT1;MALCOAMT,2,0,27,26
C161CPT1;MALCOAMTr,2,0,27,26
C161CPT1;NADHtpu,1,0,28,26
C161CPT1;NADtx,1,0,28,26
C161CPT1;NRVNCCOAtr,1,0,28,26
C161CPT1;NRVNCCOAtxc,1,0,28,26
C161CPT1;O2tp,1,0,28,26
C161CPT1;PPA,1,0,28,26
C161CPT1;SE3,0,1,29,25
C161CPT1;SERt4,0,1,29,25
C161CPT1;SOAT2,0,1,29,25
C161CPT1;TECR180,2,0,27,26
C161CPT1;TECR201,2,0,27,26
C161CPT1;TECR221,2,0,27,26
C161CPT1;TECR241,1,0,28,26
C161CPT1;THR3Dx,2,0,27,26
C161CPT1;TXA2tr,0,4,29,22
C161CPT1;TXB2c,0,4,29,22
C161CPT1;TXB2r,0,4,29,22
C161CPT1;TXB2tr,0,4,29,22
C204CPT1;ARTFR41,1,0,28,26
C204CPT1;CACT4r,1,0,28,26
C204CPT1;COAtr,1,0,28,26
C204CPT1;CRNtim,1,0,28,26
C204CPT1;CRNtr,0,1,29,25
C204CPT1;DESAT16_1,1,0,28,26
C204CPT1;DLD,1,0,28,26
C204CPT1;ETHMALACc,1,0,28,26
C204CPT1;ETHMALACte,1,0,28,26
C204CPT1;ETHMALCOAc,1,0,28,26
C204CPT1;FACOAL100im,1,0,28,26
C204CPT1;G6PDH2r,1,0,28,26
C204CPT1;GALU,0,1,29,25
C204CPT1;GND,1,0,28,26
C204CPT1;H2Otg,0,1,29,25
C204CPT1;Htg,0,1,29,25
C204CPT1;Htr,1,1,28,25
C204CPT1;NDP7g,0,1,29,25
C204CPT1;PGL,1,0,28,26
C204CPT1;PGMT,0,1,29,25
C204CPT1;PItg,0,1,29,25
C204CPT1;PLMCOAPTr,1,0,28,26
C204CPT1;RTOT4,1,0,28,26
C204CPT1;SUCCICITtm,1,0,28,26
C204CPT1;SUCCt4_3,1,0,28,26
C204CPT1;SUCOAS1m,1,0,28,26
C204CPT1;TRDR,1,1,28,25
C204CPT1;TTDCPT1,1,0,28,26
C204CPT1;TTDCPT2,1,0,28,26
C204CPT1;TTDCRNt,1,0,28,26
C204CPT1;UDPG4E,0,1,29,25
C204CPT1;UDPGALtg,0,1,29,25
C30CPT1;GLYATm,0,2,29,24
C30CPT1;GLYtm,0,2,29,24
C30CPT1;THR3Dx,0,2,29,24
C4STMO2Pr;C4STMO2r,1,0,28,26
C4STMO2Pr;PMTCOAFABP1tc,1,0,28,26
C4STMO2r;PPA,1,0,28,26
CA2tm;CYOOm2,0,1,29,25
CA2tm;CYOR_u10m,0,1,29,25
CA2tm;GLYC3Ptmc,0,1,29,25
CA2tm;GLYCtm,0,1,29,25
CA2tm;GLYKm,0,1,29,25
CA2tm;PGLYCH,0,1,29,25
CACT3r;DHFR,0,1,29,25
CACT3r;DPCOAK,0,2,29,24
CACT3r;GALU,0,1,29,25
CACT3r;GLYATm,0,2,29,24
CACT3r;GLYtm,0,2,29,24
CACT3r;H2Otg,0,1,29,25
CACT3r;Htg,0,1,29,25
CACT3r;Htr,0,4,29,22
CACT3r;MTHFC,0,3,29,23
CACT3r;MTHFD2,0,3,29,23
CACT3r;NDP7g,0,1,29,25
CACT3r;PGMT,0,1,29,25
CACT3r;PItg,0,1,29,25
CACT3r;PNTK,0,2,29,24
CACT3r;PNTOt2e,0,1,29,25
CACT3r;PNTOte,0,1,29,25
CACT3r;PPCDC,0,2,29,24
CACT3r;PPNCL2,0,2,29,24
CACT3r;PTPAT,0,2,29,24
CACT3r;THR3Dx,0,2,29,24
CACT3r;TXA2tr,0,2,29,24
CACT3r;TXB2c,0,2,29,24
CACT3r;TXB2r,0,2,29,24
CACT3r;TXB2tr,0,2,29,24
CACT3r;UDPG4E,0,1,29,25
CACT3r;UDPGALtg,0,1,29,25
CACT4r;CACT6r,2,0,27,26
CACT4r;CACT7p,1,0,28,26
CACT4r;CATp,1,0,28,26
CACT4r;CITACONtm,1,0,28,26
CACT4r;CO2tm,1,0,28,26
CACT4r;COAtp,1,0,28,26
CACT4r;CRNCARtp,1,0,28,26
CACT4r;CRNtr,0,1,29,25
CACT4r;CSNATp,1,0,28,26
CACT4r;CSNATr,1,0,28,26
CACT4r;DESAT18_1,2,0,27,26
CACT4r;FACOAL161,0,1,29,25
CACT4r;FAE180,2,0,27,26
CACT4r;FAE201,2,0,27,26
CACT4r;FAE221,2,0,27,26
CACT4r;FAE241,1,0,28,26
CACT4r;G6PDH2rer,1,0,28,26
CACT4r;GLYATm,2,0,27,26
CACT4r;GLYtm,2,0,27,26
CACT4r;HACD180,2,0,27,26
CACT4r;HACD201,2,0,27,26
CACT4r;HACD221,2,0,27,26
CACT4r;HACD241,1,0,28,26
CACT4r;HDCEACRNtr,0,1,29,25
CACT4r;HEX12,1,0,28,26
CACT4r;HSD180,2,0,27,26
CACT4r;HSD201,2,0,27,26
CACT4r;HSD221,2,0,27,26
CACT4r;HSD241,1,0,28,26
CACT4r;Htx,1,0,28,26
CACT4r;MALCOAMT,2,0,27,26
CACT4r;MALCOAMTr,2,0,27,26
CACT4r;NADHtpu,1,0,28,26
CACT4r;NADtx,1,0,28,26
CACT4r;NRVNCCOAtr,1,0,28,26
CACT4r;NRVNCCOAtxc,1,0,28,26
CACT4r;O2tp,1,0,28,26
CACT4r;PPA,1,0,28,26
CACT4r;SE3,0,1,29,25
CACT4r;SERt4,0,1,29,25
CACT4r;SOAT2,0,1,29,25
CACT4r;TECR180,2,0,27,26
CACT4r;TECR201,2,0,27,26
CACT4r;TECR221,2,0,27,26
CACT4r;TECR241,1,0,28,26
CACT4r;THR3Dx,2,0,27,26
CACT4r;TXA2tr,0,4,29,22
CACT4r;TXB2c,0,4,29,22
CACT4r;TXB2r,0,4,29,22
CACT4r;TXB2tr,0,4,29,22
CACT6r;ARTFR12,1,0,28,26
CACT6r;ARTFR41,1,0,28,26
CACT6r;ARTPLM1,2,1,27,25
CACT6r;COAtr,2,0,27,26
CACT6r;CRNtim,1,0,28,26
CACT6r;CRNtr,0,1,29,25
CACT6r;DESAT16_1,2,1,27,25
CACT6r;DLD,1,0,28,26
CACT6r;DOLASNTer,1,0,28,26
CACT6r;DOLDPPer,1,0,28,26
CACT6r;DOLGLCP_ter,1,0,28,26
CACT6r;DOLMANP_ter,1,0,28,26
CACT6r;DOLPGT1er,1,0,28,26
CACT6r;DOLPGT2er,1,0,28,26
CACT6r;DOLPGT3er,1,0,28,26
CACT6r;DOLPMT,1,0,28,26
CACT6r;DOLPMT1er,1,0,28,26
CACT6r;DOLPMT2_er,1,0,28,26
CACT6r;DOLPMT3er,1,0,28,26
CACT6r;DOLPMT4_er,1,0,28,26
CACT6r;DOLP_ter,1,0,28,26
CACT6r;DPCOAK,6,6,23,20
CACT6r;EAR160y,2,0,27,26
CACT6r;ECOAH1m,1,0,28,26
CACT6r;ETHMALACc,1,0,28,26
CACT6r;ETHMALACte,1,0,28,26
CACT6r;ETHMALCOAc,1,0,28,26
CACT6r;FA160ACPH,2,0,27,26
CACT6r;FACOAL100im,1,0,28,26
CACT6r;FACOAL160i,1,0,28,26
CACT6r;FCYTOB5OXRr,0,1,29,25
CACT6r;G12MT1,1,0,28,26
CACT6r;G12MT2,1,0,28,26
CACT6r;G13MT,1,0,28,26
CACT6r;G16MT,1,0,28,26
CACT6r;G6PDH2r,2,0,27,26
CACT6r;GALU,2,1,27,25
CACT6r;GLCMter,1,0,28,26
CACT6r;GLCNACPT,1,0,28,26
CACT6r;GLCNACT,1,0,28,26
CACT6r;GND,2,0,27,26
CACT6r;H2Oter,1,0,28,26
CACT6r;H2Otg,1,1,28,25
CACT6r;H2Otm,1,0,28,26
CACT6r;HACD1m,1,0,28,26
CACT6r;HDCEACRNtr,0,1,29,25
CACT6r;HDCEAtr,0,1,29,25
CACT6r;HEX16,1,0,28,26
CACT6r;HSD3A1r,1,0,28,26
CACT6r;HSD3A2r,1,0,28,26
CACT6r;Htg,1,1,28,25
CACT6r;Htr,7,8,22,18
CACT6r;ICDHyr,1,0,28,26
CACT6r;M13N2Tg,1,0,28,26
CACT6r;M4MPDOL_ter,1,0,28,26
CACT6r;M7MASNBterg,1,0,28,26
CACT6r;MAN1PT2,1,0,28,26
CACT6r;MAN6PI,1,0,28,26
CACT6r;MANter,1,0,28,26
CACT6r;MANtg,1,0,28,26
CACT6r;MG1er,1,0,28,26
CACT6r;MG2er,1,0,28,26
CACT6r;MG3er,1,0,28,26
CACT6r;MM5bg,1,0,28,26
CACT6r;MM6B1ag,1,0,28,26
CACT6r;MM7B1g,1,0,28,26
CACT6r;MM8Ber,1,0,28,26
CACT6r;NADHtru,1,0,28,26
CACT6r;NADtru,1,0,28,26
CACT6r;NDP7g,1,1,28,25
CACT6r;OXALSUCCCL,1,0,28,26
CACT6r;PALFATPtc,1,0,28,26
CACT6r;PGL,2,0,27,26
CACT6r;PGMT,2,1,27,25
CACT6r;PItg,1,1,28,25
CACT6r;PLMCOAPTr,2,0,27,26
CACT6r;PMANM,1,0,28,26
CACT6r;PNTK,6,6,23,20
CACT6r;PNTOt1,6,1,23,25
CACT6r;PNTOt2e,0,1,29,25
CACT6r;PNTOte,0,4,29,22
CACT6r;PPA,1,0,28,26
CACT6r;PPCDC,6,6,23,20
CACT6r;PPNCL2,0,6,29,20
CACT6r;PPNCL3,6,0,23,26
CACT6r;PTPAT,6,6,23,20
CACT6r;RPE,1,0,28,26
CACT6r;RPI,1,0,28,26
CACT6r;RTOT4,1,0,28,26
CACT6r;SE3,0,1,29,25
CACT6r;SOAT2,0,1,29,25
CACT6r;SUCCICITtm,1,0,28,26
CACT6r;SUCCt4_3,1,0,28,26
CACT6r;SUCOAS1m,1,0,28,26
CACT6r;TALA,1,0,28,26
CACT6r;TKT1,1,0,28,26
CACT6r;TKT2,1,0,28,26
CACT6r;TTDCPT1,1,0,28,26
CACT6r;TTDCPT2,1,0,28,26
CACT6r;TTDCRNt,1,0,28,26
CACT6r;TXA2tr,0,1,29,25
CACT6r;TXB2c,0,1,29,25
CACT6r;TXB2r,0,1,29,25
CACT6r;TXB2tr,0,1,29,25
CACT6r;UAGDP,2,0,27,26
CACT6r;UDPDOLPT,1,0,28,26
CACT6r;UDPG4E,0,1,29,25
CACT6r;UDPGALtg,0,1,29,25
CACT6r;UGLCNACtg,1,0,28,26
CACT7p;ARTFR41,1,0,28,26
CACT7p;COAtr,1,0,28,26
CACT7p;CRNtim,1,0,28,26
CACT7p;DESAT16_1,1,0,28,26
CACT7p;DLD,1,0,28,26
CACT7p;ETHMALACc,1,0,28,26
CACT7p;ETHMALACte,1,0,28,26
CACT7p;ETHMALCOAc,1,0,28,26
CACT7p;FACOAL100im,1,0,28,26
CACT7p;FCYTOB5OXRr,0,1,29,25
CACT7p;G6PDH2r,1,0,28,26
CACT7p;GALU,0,1,29,25
CACT7p;GND,1,0,28,26
CACT7p;H2Otg,0,1,29,25
CACT7p;Htg,0,1,29,25
CACT7p;Htr,1,5,28,21
CACT7p;ICDHyr,1,0,28,26
CACT7p;NDP7g,0,1,29,25
CACT7p;OXALSUCCCL,1,0,28,26
CACT7p;PGL,1,0,28,26
CACT7p;PGMT,0,1,29,25
CACT7p;PItg,0,1,29,25
CACT7p;PLMCOAPTr,1,0,28,26
CACT7p;RTOT4,1,0,28,26
CACT7p;SUCCICITtm,1,0,28,26
CACT7p;SUCCt4_3,1,0,28,26
CACT7p;SUCOAS1m,1,0,28,26
CACT7p;TRDR,1,1,28,25
CACT7p;TTDCPT1,1,0,28,26
CACT7p;TTDCPT2,1,0,28,26
CACT7p;TTDCRNt,1,0,28,26
CACT7p;UDPG4E,0,1,29,25
CACT7p;UDPGALtg,0,1,29,25
CACT7r;CRNtr,0,1,29,25
CACT7r;FCYTOB5OXRr,0,1,29,25
CACT7r;Htr,0,4,29,22
CACT7r;ICDHyr,1,0,28,26
CACT7r;OXALSUCCCL,1,0,28,26
CAT;GLNALANaEx,1,0,28,26
CAT;HEX12,1,0,28,26
CAT;ICDHyr,1,0,28,26
CAT;IDHPOXOX2b,1,0,28,26
CAT;IDHPOXOX3,1,0,28,26
CAT;IDHPOXOXb,1,0,28,26
CAT;It,1,0,28,26
CAT;NH4t3r,1,0,28,26
CAT;NH4tm,1,0,28,26
CAT;O2t,2,1,27,25
CAT;OXALSUCCCL,1,0,28,26
CAT;SSALym,1,0,28,26
CAT;THYPX,1,0,28,26
CATm;O2tm,0,1,29,25
CATp;ARTFR41,1,0,28,26
CATp;ARTFR52,2,0,27,26
CATp;CITACONtm,1,0,28,26
CATp;COAtr,1,0,28,26
CATp;CRNtim,1,0,28,26
CATp;DESAT16_1,1,0,28,26
CATp;DLD,1,0,28,26
CATp;ETHMALACc,1,0,28,26
CATp;ETHMALACte,1,0,28,26
CATp;ETHMALCOAc,1,0,28,26
CATp;FACOAL100im,1,0,28,26
CATp;FAE180,2,0,27,26
CATp;FAE200,2,0,27,26
CATp;FAE220,2,0,27,26
CATp;FAE240,2,0,27,26
CATp;FAE260,2,0,27,26
CATp;G6PDH2r,1,0,28,26
CATp;GLUDym,1,0,28,26
CATp;GND,1,0,28,26
CATp;H2Oter,1,0,28,26
CATp;HACD180,2,0,27,26
CATp;HACD200,2,0,27,26
CATp;HACD220,2,0,27,26
CATp;HACD240,2,0,27,26
CATp;HACD260,2,0,27,26
CATp;HEXCCOAtr,2,0,27,26
CATp;HSD180,2,0,27,26
CATp;HSD200,2,0,27,26
CATp;HSD220,2,0,27,26
CATp;HSD240,2,0,27,26
CATp;HSD260,2,0,27,26
CATp;Htr,1,0,28,26
CATp;ICDHyr,1,0,28,26
CATp;ICDHyrm,1,0,28,26
CATp;NH4tm,2,0,27,26
CATp;OXALSUCCCL,1,0,28,26
CATp;PGL,1,0,28,26
CATp;PLMCOAPTr,1,0,28,26
CATp;RTOT4,1,0,28,26
CATp;RTOT5,2,0,27,26
CATp;SUCCICITtm,1,0,28,26
CATp;SUCCt4_3,1,0,28,26
CATp;SUCOAS1m,1,0,28,26
CATp;TECR180,2,0,27,26
CATp;TECR200,2,0,27,26
CATp;TECR220,2,0,27,26
CATp;TECR240,2,0,27,26
CATp;TECR260,2,0,27,26
CATp;TRDR,1,0,28,26
CATp;TTDCPT1,1,0,28,26
CATp;TTDCPT2,1,0,28,26
CATp;TTDCRNt,1,0,28,26
CAt7r;NH4t3r,2,0,27,26
CAtm7;CYOOm2,1,0,28,26
CAtm7;CYOR_u10m,1,0,28,26
CBPPer;GLYATm,0,1,29,25
CBPPer;HEX1,0,1,29,25
CBPPer;Htr,0,2,29,24
CBPPer;OCOAT1m,0,1,29,25
CBPPer;PPIPItr,0,4,29,22
CBPPer;PYRtm,0,1,29,25
CBPPer;THR3Dx,0,1,29,25
CBPter;GLYATm,0,1,29,25
CBPter;HEX1,0,1,29,25
CBPter;Htr,0,2,29,24
CBPter;OCOAT1m,0,1,29,25
CBPter;PPIPItr,0,4,29,22
CBPter;PYRtm,0,1,29,25
CBPter;THR3Dx,0,1,29,25
CDPDAGtm;CO2tm,1,0,28,26
CDPDAGtm;PPItm,1,0,28,26
CDPRBTLtg;CYTK3,1,0,28,26
CDPRBTLtg;R5Ptr,0,14,29,12
CDPRBTLtg;RPI,2,0,27,26
CDPRBTLtg;RPIr,0,14,29,12
CDPRBTLtg;RU5Ptr,0,14,29,12
CDPtg;CYTK3,1,0,28,26
CDPtg;R5Ptr,0,14,29,12
CDPtg;RPI,2,0,27,26
CDPtg;RPIr,0,14,29,12
CDPtg;RU5Ptr,0,14,29,12
CDSm;CO2tm,1,0,28,26
CDSm;PPItm,1,0,28,26
CEPTC;CEPTE,0,1,29,25
CEPTC;PCFLOPm,0,1,29,25
CEPTC;PETHCT,0,1,29,25
CEPTC;PETOHMm_hs,0,1,29,25
CEPTE;CHLPCTD,0,1,29,25
CEPTE;METAT,0,1,29,25
CEPTE;PEMET1,0,1,29,25
CEPTE;PEMET2,0,1,29,25
CEPTE;PE_HStm,0,1,29,25
CEPTE;PSDm_hs,0,1,29,25
CEPTE;PSFLIPm,0,1,29,25
CEPTE;PSSA1_hs,0,1,29,25
CERT1gt;CMPACNAtg,3,0,26,26
CERT1gt;CMPSAS,3,0,26,26
CERT1gt;GF6PTA,3,0,26,26
CERT1gt;H2Otly,1,0,28,26
CERT1gt;IDHPOXOX2b,1,0,28,26
CERT1gt;IDHPOXOX3,1,0,28,26
CERT1gt;IDHPOXOXb,1,0,28,26
CERT1gt;LCYSTCBOXL,1,0,28,26
CERT1gt;NAIt,1,0,28,26
CERT1gt;NKCC2t,1,0,28,26
CERT1gt;SO4t4_3,0,1,29,25
CERT1gt;TAURCHAe,1,0,28,26
CERT1gt;THYPX,1,0,28,26
CERT1gt;UAG2EMAi,2,0,27,26
CERT1gt;UAGDP,3,0,26,26
CERT1gt;UGLCNACtg,3,0,26,26
CERT2rt;DOLMANP_ter,1,0,28,26
CERT2rt;DOLPMT,1,0,28,26
CERT2rt;DOLP_ter,1,0,28,26
CH25H;HMGL,0,1,29,25
CHAT;CLFORtex,1,0,28,26
CHAT;GLYATm,0,1,29,25
CHAT;GLYt7_311_r,1,0,28,26
CHAT;GLYtm,0,1,29,25
CHAT;GTPGDPtm,0,1,29,25
CHAT;HMGL,1,5,28,21
CHAT;ICDHyr,1,0,28,26
CHAT;NAt3_1,1,0,28,26
CHAT;OCOAT1m,1,2,28,24
CHAT;OXALSUCCCL,1,0,28,26
CHAT;PPA,1,0,28,26
CHAT;PYRFORte,1,0,28,26
CHAT;PYRtm,1,2,28,24
CHAT;SUCOAS1m,0,2,29,24
CHAT;THR3Dx,0,1,29,25
CHAT;THRA,1,0,28,26
CHAT;TXA2tr,0,1,29,25
CHAT;TXB2c,0,1,29,25
CHAT;TXB2r,0,1,29,25
CHAT;TXB2tr,0,1,29,25
CHATn;CO2tm,0,1,29,25
CHATn;GLYATm,0,1,29,25
CHATn;GLYtm,0,1,29,25
CHATn;GTPGDPtm,0,1,29,25
CHATn;HMGL,2,5,27,21
CHATn;ICDHyr,1,0,28,26
CHATn;MALACONtm,1,0,28,26
CHATn;OCOAT1m,2,2,27,24
CHATn;OXALSUCCCL,1,0,28,26
CHATn;PPA,1,0,28,26
CHATn;PPAm,1,0,28,26
CHATn;PPItm,1,0,28,26
CHATn;PYRtm,1,2,28,24
CHATn;SUCOAS1m,0,2,29,24
CHATn;THR3Dx,0,1,29,25
CHATn;THRA,3,0,26,26
CHATn;TXA2tr,0,1,29,25
CHATn;TXB2c,0,1,29,25
CHATn;TXB2r,0,1,29,25
CHATn;TXB2tr,0,1,29,25
CHLPCTD;PCFLOPm,0,1,29,25
CHLPCTD;PETHCT,0,1,29,25
CHLPCTD;PETOHMm_hs,0,1,29,25
CHLtm;ARTFR52,3,0,26,26
CHLtm;CITACONtm,1,0,28,26
CHLtm;CO2tm,1,1,28,25
CHLtm;DHFR,0,1,29,25
CHLtm;FAE180,3,0,26,26
CHLtm;FAE200,3,0,26,26
CHLtm;FAE220,3,0,26,26
CHLtm;FAE240,3,0,26,26
CHLtm;FAE260,3,0,26,26
CHLtm;G6PDH2rer,1,0,28,26
CHLtm;H2Oter,1,0,28,26
CHLtm;HACD180,3,0,26,26
CHLtm;HACD200,3,0,26,26
CHLtm;HACD220,3,0,26,26
CHLtm;HACD240,3,0,26,26
CHLtm;HACD260,3,0,26,26
CHLtm;HCO3E,0,1,29,25
CHLtm;HCO3Em,0,1,29,25
CHLtm;HCO3tm,0,1,29,25
CHLtm;HEX12,1,0,28,26
CHLtm;HEXCCOAtr,3,0,26,26
CHLtm;HSD180,3,0,26,26
CHLtm;HSD200,3,0,26,26
CHLtm;HSD220,3,0,26,26
CHLtm;HSD240,3,0,26,26
CHLtm;HSD260,3,0,26,26
CHLtm;ICDHyrm,1,0,28,26
CHLtm;MTHFC,0,1,29,25
CHLtm;MTHFD2,0,1,29,25
CHLtm;PROGLUtm,1,0,28,26
CHLtm;PROtm,1,0,28,26
CHLtm;RTOT5,3,0,26,26
CHLtm;SERCYSNaEx,1,0,28,26
CHLtm;SERt4,2,1,27,25
CHLtm;TECR180,3,0,26,26
CHLtm;TECR200,3,0,26,26
CHLtm;TECR220,3,0,26,26
CHLtm;TECR240,3,0,26,26
CHLtm;TECR260,3,0,26,26
CHOLATEt2;HCO3E,1,0,28,26
CHOLATEt;HCO3E,1,0,28,26
CHOLD2m;ARTFR52,3,0,26,26
CHOLD2m;CITACONtm,1,0,28,26
CHOLD2m;CO2tm,1,1,28,25
CHOLD2m;DHFR,0,1,29,25
CHOLD2m;FAE180,3,0,26,26
CHOLD2m;FAE200,3,0,26,26
CHOLD2m;FAE220,3,0,26,26
CHOLD2m;FAE240,3,0,26,26
CHOLD2m;FAE260,3,0,26,26
CHOLD2m;G6PDH2rer,1,0,28,26
CHOLD2m;H2Oter,1,0,28,26
CHOLD2m;HACD180,3,0,26,26
CHOLD2m;HACD200,3,0,26,26
CHOLD2m;HACD220,3,0,26,26
CHOLD2m;HACD240,3,0,26,26
CHOLD2m;HACD260,3,0,26,26
CHOLD2m;HCO3E,0,1,29,25
CHOLD2m;HCO3Em,0,1,29,25
CHOLD2m;HCO3tm,0,1,29,25
CHOLD2m;HEX12,1,0,28,26
CHOLD2m;HEXCCOAtr,3,0,26,26
CHOLD2m;HSD180,3,0,26,26
CHOLD2m;HSD200,3,0,26,26
CHOLD2m;HSD220,3,0,26,26
CHOLD2m;HSD240,3,0,26,26
CHOLD2m;HSD260,3,0,26,26
CHOLD2m;ICDHyrm,1,0,28,26
CHOLD2m;MTHFC,0,1,29,25
CHOLD2m;MTHFD2,0,1,29,25
CHOLD2m;PROGLUtm,1,0,28,26
CHOLD2m;PROtm,1,0,28,26
CHOLD2m;RTOT5,3,0,26,26
CHOLD2m;SERCYSNaEx,1,0,28,26
CHOLD2m;SERt4,2,1,27,25
CHOLD2m;TECR180,3,0,26,26
CHOLD2m;TECR200,3,0,26,26
CHOLD2m;TECR220,3,0,26,26
CHOLD2m;TECR240,3,0,26,26
CHOLD2m;TECR260,3,0,26,26
CHOLK;ETHAK,0,1,29,25
CHOLK;LHCYSTIN,0,1,29,25
CHOLK;LHCYSTINt,0,1,29,25
CHOLK;METAT,0,1,29,25
CHOLK;PE_HStm,0,1,29,25
CHOLK;PSDm_hs,0,2,29,24
CHOLK;PSFLIPm,0,2,29,24
CHOLK;PSSA2_hs,0,1,29,25
CHOLPtl;DPCOAK,0,1,29,25
CHOLPtl;G6Pt6er,1,0,28,26
CHOLPtl;PNTK,0,1,29,25
CHOLPtl;PNTOt2e,0,1,29,25
CHOLPtl;PPCDC,0,1,29,25
CHOLPtl;PPNCL2,0,1,29,25
CHOLPtl;PTPAT,0,1,29,25
CHOLt4;CHOLtu,0,1,29,25
CHOLt4;CO2tm,1,0,28,26
CHOLt4;CYSGLTH,1,0,28,26
CHOLt4;CYSRED,1,0,28,26
CHOLt4;HEX12,1,0,28,26
CHOLt4;LHCYSTIN,1,0,28,26
CHOLt4;LHCYSTINt,1,0,28,26
CHOLt4;METAT,6,0,23,26
CHOLt4;METS,1,0,28,26
CHOLt4;MTHFR3x,1,0,28,26
CHOLt4;PCFLOPm,6,0,23,26
CHOLt4;PETOHMm_hs,6,0,23,26
CHOLt4;PSDm_hs,3,0,26,26
CHOLt4;PSFLIPm,3,0,26,26
CHOLt4;SERt4,1,0,28,26
CHOLt4;TALA,1,0,28,26
CHOLt4;THR3Dx,1,0,28,26
CHOLtn;CO2tm,0,1,29,25
CHOLtn;GLYATm,0,1,29,25
CHOLtn;GLYtm,0,1,29,25
CHOLtn;GTPGDPtm,0,1,29,25
CHOLtn;HMGL,2,5,27,21
CHOLtn;ICDHyr,1,0,28,26
CHOLtn;MALACONtm,1,0,28,26
CHOLtn;OCOAT1m,2,2,27,24
CHOLtn;OXALSUCCCL,1,0,28,26
CHOLtn;PPA,1,0,28,26
CHOLtn;PPAm,1,0,28,26
CHOLtn;PPItm,1,0,28,26
CHOLtn;PYRtm,1,2,28,24
CHOLtn;SUCOAS1m,0,2,29,24
CHOLtn;THR3Dx,0,1,29,25
CHOLtn;THRA,3,0,26,26
CHOLtn;TXA2tr,0,1,29,25
CHOLtn;TXB2c,0,1,29,25
CHOLtn;TXB2r,0,1,29,25
CHOLtn;TXB2tr,0,1,29,25
CHOLtr;G6PDH2rer,1,0,28,26
CHOLtr;G6Pt6er,1,0,28,26
CHOLtr;GF6PTA,1,0,28,26
CHOLtr;GNDer,1,0,28,26
CHOLtr;H2Otg,1,0,28,26
CHOLtr;Htg,1,0,28,26
CHOLtr;NDP7g,1,0,28,26
CHOLtr;PGLer,1,0,28,26
CHOLtr;PItg,1,0,28,26
CHOLtr;RU5Ptr,1,0,28,26
CHOLtr;UAGDP,1,0,28,26
CHOLtr;UDPGD,1,0,28,26
CHOLtr;UGLCNACtg,1,0,28,26
CHOLtu;CYSTGL,1,0,28,26
CHOLtu;CYSTS,1,0,28,26
CHOLtu;LHCYSTIN,0,4,29,22
CHOLtu;LHCYSTINt,0,4,29,22
CHOLtu;MCITS,1,0,28,26
CHOLtu;METAT,5,7,24,19
CHOLtu;METS,1,0,28,26
CHOLtu;MTHFR3x,1,0,28,26
CHOLtu;OBDHc,1,0,28,26
CHOLtu;PCFLOPm,6,7,23,19
CHOLtu;PETOHMm_hs,6,7,23,19
CHOLtu;PIt2m_2,0,1,29,25
CHOLtu;PSDm_hs,5,3,24,23
CHOLtu;PSFLIPm,5,3,24,23
CHOLtu;SERCYSNaEx,1,0,28,26
CHOLtu;SERt4,1,0,28,26
CHSTEROLt2;ARTFR52,1,0,28,26
CHSTEROLt2;FAE200,1,0,28,26
CHSTEROLt2;FAE220,1,0,28,26
CHSTEROLt2;FAE240,1,0,28,26
CHSTEROLt2;FAE260,1,0,28,26
CHSTEROLt2;HACD200,1,0,28,26
CHSTEROLt2;HACD220,1,0,28,26
CHSTEROLt2;HACD240,1,0,28,26
CHSTEROLt2;HACD260,1,0,28,26
CHSTEROLt2;HEXCCOAtr,1,0,28,26
CHSTEROLt2;HSD200,1,0,28,26
CHSTEROLt2;HSD220,1,0,28,26
CHSTEROLt2;HSD240,1,0,28,26
CHSTEROLt2;HSD260,1,0,28,26
CHSTEROLt2;ICITACONtm,1,0,28,26
CHSTEROLt2;PPAm,1,0,28,26
CHSTEROLt2;RPI,1,0,28,26
CHSTEROLt2;RTOT5,1,0,28,26
CHSTEROLt2;SSALym,1,0,28,26
CHSTEROLt2;TECR200,1,0,28,26
CHSTEROLt2;TECR220,1,0,28,26
CHSTEROLt2;TECR240,1,0,28,26
CHSTEROLt2;TECR260,1,0,28,26
CITACONtm;ARTFR12,1,0,28,26
CITACONtm;COAtr,1,0,28,26
CITACONtm;DADK3,1,0,28,26
CITACONtm;DESAT16_1,1,0,28,26
CITACONtm;DMGDHm,1,0,28,26
CITACONtm;DMGtm,1,0,28,26
CITACONtm;FALDtm,1,0,28,26
CITACONtm;FALDtx,1,0,28,26
CITACONtm;GLYBtm,1,0,28,26
CITACONtm;GLYtp,1,0,28,26
CITACONtm;H2Oter,1,0,28,26
CITACONtm;ICDHyr,1,0,28,26
CITACONtm;MEOHt2,1,0,28,26
CITACONtm;METAT,1,0,28,26
CITACONtm;O2tp,1,0,28,26
CITACONtm;OXALSUCCCL,1,0,28,26
CITACONtm;PLMCOAPTr,1,0,28,26
CITACONtm;PMTCOAFABP1tc,1,0,28,26
CITACONtm;PPItm,1,0,28,26
CITACONtm;SARCOXp,1,0,28,26
CITACONtm;SARCStm,1,0,28,26
CITACONtm;SARCStp,1,0,28,26
CITMCOAHm;AKGtn,0,1,29,25
CITMCOAHm;CITtam,1,0,28,26
CITMCOAHm;CO2tn,0,1,29,25
CITMCOAHm;DHFR,0,1,29,25
CITMCOAHm;DHFRx,0,1,29,25
CITMCOAHm;DHFtm,0,1,29,25
CITMCOAHm;FALDte,0,1,29,25
CITMCOAHm;FALDtn,0,1,29,25
CITMCOAHm;GLYATm,2,0,27,26
CITMCOAHm;GLYtm,2,0,27,26
CITMCOAHm;HCO3E,1,0,28,26
CITMCOAHm;HISCITRtm,0,1,29,25
CITMCOAHm;ICDHyr,1,0,28,26
CITMCOAHm;LYSARGtm,0,1,29,25
CITMCOAHm;LYSCITRtm,0,1,29,25
CITMCOAHm;OXALSUCCCL,1,0,28,26
CITMCOAHm;PIMALtm,0,1,29,25
CITMCOAHm;PYRtm,2,0,27,26
CITMCOAHm;SO3AKGtm,0,1,29,25
CITMCOAHm;SO3MALtm,0,1,29,25
CITMCOAHm;THFtm,0,1,29,25
CITMCOALm;AKGtn,0,1,29,25
CITMCOALm;CITtam,1,0,28,26
CITMCOALm;CO2tn,0,1,29,25
CITMCOALm;DHFR,0,1,29,25
CITMCOALm;DHFRx,0,1,29,25
CITMCOALm;DHFtm,0,1,29,25
CITMCOALm;FALDte,0,1,29,25
CITMCOALm;FALDtn,0,1,29,25
CITMCOALm;GLYATm,2,0,27,26
CITMCOALm;GLYtm,2,0,27,26
CITMCOALm;HCO3E,1,0,28,26
CITMCOALm;HISCITRtm,0,1,29,25
CITMCOALm;ICDHyr,1,0,28,26
CITMCOALm;LYSARGtm,0,1,29,25
CITMCOALm;LYSCITRtm,0,1,29,25
CITMCOALm;OXALSUCCCL,1,0,28,26
CITMCOALm;PIMALtm,0,1,29,25
CITMCOALm;PYRtm,2,0,27,26
CITMCOALm;SO3AKGtm,0,1,29,25
CITMCOALm;SO3MALtm,0,1,29,25
CITMCOALm;THFtm,0,1,29,25
CITRt2m;ARTFR12,0,1,29,25
CITRt2m;CO2t,0,1,29,25
CITRt2m;CO2tm,1,11,28,15
CITRt2m;COAtr,0,1,29,25
CITRt2m;CRNtim,0,1,29,25
CITRt2m;CYANSTm,1,0,28,26
CITRt2m;CYOOm2,1,0,28,26
CITRt2m;CYOR_u10m,1,0,28,26
CITRt2m;CYSO,1,0,28,26
CITRt2m;DESAT16_1,0,1,29,25
CITRt2m;DHFR,0,1,29,25
CITRt2m;DHFR3m,0,1,29,25
CITRt2m;DHFRm,0,1,29,25
CITRt2m;DHFRx,0,1,29,25
CITRt2m;DHFtm,0,1,29,25
CITRt2m;ECOAH1m,0,1,29,25
CITRt2m;FACOAL100im,0,1,29,25
CITRt2m;FCYTOB5OXRyr,0,1,29,25
CITRt2m;FE2tm,0,1,29,25
CITRt2m;FE3tm,0,1,29,25
CITRt2m;FECR,0,1,29,25
CITRt2m;FOLtm,0,1,29,25
CITRt2m;FTMTm,0,1,29,25
CITRt2m;GF6PTA,1,0,28,26
CITRt2m;H2Otg,1,0,28,26
CITRt2m;HACD1m,0,1,29,25
CITRt2m;HCO3E,0,1,29,25
CITRt2m;HCO3Em,0,3,29,23
CITRt2m;HCO3tm,0,3,29,23
CITRt2m;Htg,1,0,28,26
CITRt2m;ICITACONtm,0,1,29,25
CITRt2m;MALTSULtm,1,0,28,26
CITRt2m;NDP7g,1,0,28,26
CITRt2m;NH4tm,0,1,29,25
CITRt2m;PItg,1,0,28,26
CITRt2m;PMTCOAFABP1tc,0,1,29,25
CITRt2m;PPA,1,0,28,26
CITRt2m;PPItm,0,1,29,25
CITRt2m;SBTR,1,0,28,26
CITRt2m;SBT_Dtde,1,0,28,26
CITRt2m;SQORm,1,0,28,26
CITRt2m;THFtm,0,2,29,24
CITRt2m;THR3Dx,0,2,29,24
CITRt2m;TSULt4_3,1,0,28,26
CITRt2m;TTDCPT1,0,1,29,25
CITRt2m;TTDCPT2,0,1,29,25
CITRt2m;TTDCRNt,0,1,29,25
CITRt2m;UAGDP,1,0,28,26
CITRt2m;UGLCNACtg,1,0,28,26
CITRtm;CO2tm,1,6,28,20
CITRtm;CYANSTm,1,0,28,26
CITRtm;CYOOm2,1,0,28,26
CITRtm;CYOR_u10m,1,0,28,26
CITRtm;CYSO,1,0,28,26
CITRtm;GF6PTA,1,0,28,26
CITRtm;H2Otg,1,0,28,26
CITRtm;Htg,1,0,28,26
CITRtm;MALTSULtm,1,0,28,26
CITRtm;NDP7g,1,0,28,26
CITRtm;ORNt3m,2,0,27,26
CITRtm;ORNt4m,2,0,27,26
CITRtm;PItg,1,0,28,26
CITRtm;PPA,1,0,28,26
CITRtm;SBTR,1,0,28,26
CITRtm;SBT_Dtde,1,0,28,26
CITRtm;SQORm,1,0,28,26
CITRtm;THR3Dx,0,1,29,25
CITRtm;TSULt4_3,1,0,28,26
CITRtm;UAGDP,1,0,28,26
CITRtm;UGLCNACtg,1,0,28,26
CITSUCCtm;AKGtn,0,1,29,25
CITSUCCtm;CO2tm,0,1,29,25
CITSUCCtm;CO2tn,0,1,29,25
CITSUCCtm;CYSt4,0,2,29,24
CITSUCCtm;DHFR,0,1,29,25
CITSUCCtm;DHFRx,0,1,29,25
CITSUCCtm;DHFtm,0,1,29,25
CITSUCCtm;FALDtn,0,1,29,25
CITSUCCtm;GLUDym,0,1,29,25
CITSUCCtm;GLYATm,0,1,29,25
CITSUCCtm;GLYtm,0,1,29,25
CITSUCCtm;HMGDH,0,1,29,25
CITSUCCtm;HMGL,0,5,29,21
CITSUCCtm;HMGS,0,1,29,25
CITSUCCtm;ICITCITtm,0,1,29,25
CITSUCCtm;ICITMALtm,0,1,29,25
CITSUCCtm;LHCYSTIN,0,1,29,25
CITSUCCtm;LHCYSTINt,0,1,29,25
CITSUCCtm;MAL_Lte,0,1,29,25
CITSUCCtm;ME2m,0,1,29,25
CITSUCCtm;NH4tm,0,1,29,25
CITSUCCtm;OCOAT1m,0,1,29,25
CITSUCCtm;PIMALtm,0,1,29,25
CITSUCCtm;PIt2m_2,0,1,29,25
CITSUCCtm;PYRtm,0,2,29,24
CITSUCCtm;SFGTH,0,1,29,25
CITSUCCtm;SO3AKGtm,0,1,29,25
CITSUCCtm;SO3MALtm,0,1,29,25
CITSUCCtm;SUCOAS1m,0,1,29,25
CITSUCCtm;THR3Dx,0,1,29,25
CITt4_3;HCO3E,2,0,27,26
CITtam;COt,1,0,28,26
CITtam;CPPPGO,1,0,28,26
CITtam;CYSDDS,1,0,28,26
CITtam;DLD,1,0,28,26
CITtam;FCLTm,1,0,28,26
CITtam;FE2tm,1,0,28,26
CITtam;FUMm,1,0,28,26
CITtam;FUMtm,1,0,28,26
CITtam;H2Stm,1,0,28,26
CITtam;HMBS,1,0,28,26
CITtam;HMGL,1,0,28,26
CITtam;HOXG,1,0,28,26
CITtam;ITCOALm,1,0,28,26
CITtam;MALACONtm,1,0,28,26
CITtam;MALTSULtm,1,0,28,26
CITtam;MAL_Lte,0,1,29,25
CITtam;OCOAT1m,1,0,28,26
CITtam;PHEMEtabc,1,0,28,26
CITtam;PPAm,1,0,28,26
CITtam;PPBNGS,1,0,28,26
CITtam;PPItm,1,0,28,26
CITtam;PPPG9tm,1,0,28,26
CITtam;PPPGOm,1,0,28,26
CITtam;PRSDO,1,0,28,26
CITtam;SQOR2m,1,0,28,26
CITtam;SQORm,1,0,28,26
CITtam;THRA,1,0,28,26
CITtam;TSCTS,1,0,28,26
CITtam;TSULt4_3,1,0,28,26
CITtam;UPP3S,1,0,28,26
CITtam;UPPDC1,1,0,28,26
CLCFTRte;KCCt,0,1,29,25
CLCFTRte;NaKt,0,1,29,25
CLFORtex;FORLACte,0,1,29,25
CLFORtex;GF6PTA,1,0,28,26
CLFORtex;H2Otg,1,0,28,26
CLFORtex;HCO3Em,1,0,28,26
CLFORtex;HCO3tm,1,0,28,26
CLFORtex;Htg,1,0,28,26
CLFORtex;L_LACt2r,0,1,29,25
CLFORtex;MALACONtm,1,0,28,26
CLFORtex;NADH2_u10m,1,0,28,26
CLFORtex;NDP7g,1,0,28,26
CLFORtex;PItg,1,0,28,26
CLFORtex;PYRACte,1,0,28,26
CLFORtex;PYRFORte,1,0,28,26
CLFORtex;UAGDP,1,0,28,26
CLHCO3tex2;FRUt1r,0,1,29,25
CLHCO3tex2;FRUt4,0,1,29,25
CLHCOtex;DGCHOLt2e,1,0,28,26
CLHCOtex;DGCHOLte,1,0,28,26
CLHCOtex;GCHOLAt,1,0,28,26
CLHCOtex;GCHOLAt2e,1,0,28,26
CLHCOtex;NCKt,0,1,29,25
CLHCOtex;ZNte,1,0,28,26
CLHCOtex;Zn2t,1,0,28,26
CLOXAtex2;FBA,0,1,29,25
CLOXAtex2;HCO3E,0,1,29,25
CLOXAtex2;PFK,0,1,29,25
CLOXAtex2;PGI,0,1,29,25
CMPACNAtg;CO2t,0,1,29,25
CMPACNAtg;DIGALSGALSIDEte,3,0,26,26
CMPACNAtg;DIGALSGALSIDEtg,3,0,26,26
CMPACNAtg;DPCOAK,0,1,29,25
CMPACNAtg;GAL3ST12,3,0,26,26
CMPACNAtg;GLUDym,1,0,28,26
CMPACNAtg;Htr,1,0,28,26
CMPACNAtg;IDHPOXOX2b,1,1,28,25
CMPACNAtg;IDHPOXOX3,1,0,28,26
CMPACNAtg;IDHPOXOX4,0,1,29,25
CMPACNAtg;IDHPOXOXb,1,1,28,25
CMPACNAtg;It,1,1,28,25
CMPACNAtg;MAL_Lte,0,1,29,25
CMPACNAtg;NH4tm,1,0,28,26
CMPACNAtg;PNTK,0,1,29,25
CMPACNAtg;PNTOt2e,0,1,29,25
CMPACNAtg;PPCDC,0,1,29,25
CMPACNAtg;PPNCL2,0,1,29,25
CMPACNAtg;PTPAT,0,1,29,25
CMPACNAtg;RPI,1,0,28,26
CMPACNAtg;THYPX,1,1,28,25
CMPACNAtg;THYRIDHD,1,0,28,26
CMPACNAtg;THYST,1,1,28,25
CMPACNAtg;UGALCG,3,0,26,26
CMPSAS;CO2t,0,1,29,25
CMPSAS;DIGALSGALSIDEte,3,0,26,26
CMPSAS;DIGALSGALSIDEtg,3,0,26,26
CMPSAS;DPCOAK,0,1,29,25
CMPSAS;GAL3ST12,3,0,26,26
CMPSAS;GLUDym,1,0,28,26
CMPSAS;Htr,1,0,28,26
CMPSAS;IDHPOXOX2b,1,1,28,25
CMPSAS;IDHPOXOX3,1,0,28,26
CMPSAS;IDHPOXOX4,0,1,29,25
CMPSAS;IDHPOXOXb,1,1,28,25
CMPSAS;It,1,1,28,25
CMPSAS;MAL_Lte,0,1,29,25
CMPSAS;NH4tm,1,0,28,26
CMPSAS;PNTK,0,1,29,25
CMPSAS;PNTOt2e,0,1,29,25
CMPSAS;PPCDC,0,1,29,25
CMPSAS;PPNCL2,0,1,29,25
CMPSAS;PTPAT,0,1,29,25
CMPSAS;RPI,1,0,28,26
CMPSAS;THYPX,1,1,28,25
CMPSAS;THYRIDHD,1,0,28,26
CMPSAS;THYST,1,1,28,25
CMPSAS;UGALCG,3,0,26,26
CO2t;CO2tm,0,2,29,24
CO2t;DOLASNTer,0,1,29,25
CO2t;DOLDPPer,0,1,29,25
CO2t;DOLGLCP_ter,0,1,29,25
CO2t;DOLMANP_ter,0,1,29,25
CO2t;DOLPGT1er,0,1,29,25
CO2t;DOLPGT2er,0,1,29,25
CO2t;DOLPGT3er,0,1,29,25
CO2t;DOLPMT,0,1,29,25
CO2t;DOLPMT1er,0,1,29,25
CO2t;DOLPMT2_er,0,1,29,25
CO2t;DOLPMT3er,0,1,29,25
CO2t;DOLPMT4_er,0,1,29,25
CO2t;DOLP_ter,0,1,29,25
CO2t;ENGASEly,0,1,29,25
CO2t;F6T3g,0,1,29,25
CO2t;FUCASEe,0,1,29,25
CO2t;FUM,0,1,29,25
CO2t;G12MT1,0,1,29,25
CO2t;G12MT2,0,1,29,25
CO2t;G13MT,0,1,29,25
CO2t;G14Tg,0,1,29,25
CO2t;G16MT,0,1,29,25
CO2t;GALASE1ly,0,1,29,25
CO2t;GALM2,0,1,29,25
CO2t;GALtly,0,1,29,25
CO2t;GASNASEly,0,1,29,25
CO2t;GDPFUCtg,0,1,29,25
CO2t;GDPtg,0,1,29,25
CO2t;GFUCS,0,1,29,25
CO2t;GLCMter,0,1,29,25
CO2t;GLCNACPT,0,1,29,25
CO2t;GLCNACT,0,1,29,25
CO2t;GLUASNLEUr,0,1,29,25
CO2t;GLUASNLEUt,0,1,29,25
CO2t;GLUDxm,0,1,29,25
CO2t;GMAND,0,1,29,25
CO2t;GMPtg,0,1,29,25
CO2t;H2Otg,0,1,29,25
CO2t;H2Otly,0,1,29,25
CO2t;HCO3E,0,3,29,23
CO2t;HCO3Ee,0,3,29,23
CO2t;HCO3Em,0,2,29,24
CO2t;HCO3tm,0,2,29,24
CO2t;HEX16,0,1,29,25
CO2t;Htg,0,1,29,25
CO2t;Htr,0,3,29,23
CO2t;M1316Mg,0,1,29,25
CO2t;M13N2Tg,0,1,29,25
CO2t;M16NT1g,0,1,29,25
CO2t;M4MPDOL_ter,0,1,29,25
CO2t;M8MASNterg,0,1,29,25
CO2t;MAL_Lte,0,2,29,24
CO2t;MAN1PT1,0,1,29,25
CO2t;MAN6PI,0,1,29,25
CO2t;MANtg,0,1,29,25
CO2t;MANtly,0,1,29,25
CO2t;MG1er,0,1,29,25
CO2t;MG2er,0,1,29,25
CO2t;MG3er,0,1,29,25
CO2t;MM5ag,0,1,29,25
CO2t;MM6bg,0,1,29,25
CO2t;MM7Cag,0,1,29,25
CO2t;MM8Ag,0,1,29,25
CO2t;NADH2_u10m,0,2,29,24
CO2t;NDP7g,0,1,29,25
CO2t;NDPK3,0,1,29,25
CO2t;NH4tm,0,1,29,25
CO2t;NTD10,0,2,29,24
CO2t;PGI,0,1,29,25
CO2t;PHETA1,0,1,29,25
CO2t;PHETA1m,0,1,29,25
CO2t;PHEt4m,0,1,29,25
CO2t;PHPYRtm,0,1,29,25
CO2t;PIGTHRDLtm,0,1,29,25
CO2t;PItg,0,1,29,25
CO2t;PMANM,0,1,29,25
CO2t;PPM,0,2,29,24
CO2t;PROGLUtm,0,1,29,25
CO2t;PROtm,0,1,29,25
CO2t;PUNP7,0,2,29,24
CO2t;RPE,0,1,29,25
CO2t;S26Tg,0,1,29,25
CO2t;S2L2FN2M2MASNt,0,1,29,25
CO2t;S2L2N2M2MASNtly,0,1,29,25
CO2t;SERt4,0,1,29,25
CO2t;SIAASEly,0,1,29,25
CO2t;TALA,0,1,29,25
CO2t;TKT1,0,1,29,25
CO2t;TKT2,0,1,29,25
CO2t;TXA2tr,0,3,29,23
CO2t;TXB2c,0,3,29,23
CO2t;TXB2r,0,3,29,23
CO2t;TXB2tr,0,3,29,23
CO2t;UAGDP,0,1,29,25
CO2t;UDPDOLPT,0,1,29,25
CO2t;UDPG4E,0,1,29,25
CO2t;UDPGALtg,0,1,29,25
CO2t;UGLCNACtg,0,1,29,25
CO2t;URATEt,0,2,29,24
CO2t;XAND,0,2,29,24
CO2tg;CYTK3,1,0,28,26
CO2tg;R5Ptr,0,14,29,12
CO2tg;RPI,2,0,27,26
CO2tg;RPIr,0,14,29,12
CO2tg;RU5Ptr,0,14,29,12
CO2tm;ACITLn,0,1,29,25
CO2tm;ADPtn,0,1,29,25
CO2tm;ARTFR12,1,0,28,26
CO2tm;CITtn,0,1,29,25
CO2tm;COAtr,1,0,28,26
CO2tm;CTPtm,1,0,28,26
CO2tm;CYOOm2,0,1,29,25
CO2tm;CYOR_u10m,0,1,29,25
CO2tm;CYSTGL,0,1,29,25
CO2tm;CYSTS,0,1,29,25
CO2tm;DAG_Hstem,1,0,28,26
CO2tm;DESAT16_1,1,0,28,26
CO2tm;DHFRm,0,1,29,25
CO2tm;DHFtm,0,1,29,25
CO2tm;DMGDHm,1,1,28,25
CO2tm;DMGtm,1,1,28,25
CO2tm;DOPAOQCYS,0,1,29,25
CO2tm;DRPA,2,1,27,25
CO2tm;FADH2ETC,0,1,29,25
CO2tm;FALDtm,1,1,28,25
CO2tm;G6PDH2r,1,0,28,26
CO2tm;GHMT2rm,1,1,28,25
CO2tm;GLUDxm,0,1,29,25
CO2tm;GLUDym,0,1,29,25
CO2tm;GLYBtm,1,1,28,25
CO2tm;GLYC3Ptmc,0,1,29,25
CO2tm;GLYCtm,0,1,29,25
CO2tm;GLYKm,0,1,29,25
CO2tm;GND,1,0,28,26
CO2tm;H2O2t,0,1,29,25
CO2tm;HCO3E,1,4,28,22
CO2tm;HCO3Ee,1,0,28,26
CO2tm;HCO3Em,2,6,27,20
CO2tm;HCO3tm,2,6,27,20
CO2tm;HEX12,2,0,27,26
CO2tm;HMGDH,0,1,29,25
CO2tm;HMGS,0,1,29,25
CO2tm;ICDHxrm,2,0,27,26
CO2tm;ICDHyr,1,0,28,26
CO2tm;ICDHyrm,0,1,29,25
CO2tm;ICITACONtm,1,0,28,26
CO2tm;ICITCITtm,0,1,29,25
CO2tm;MCITS,0,1,29,25
CO2tm;MEOHt2,1,0,28,26
CO2tm;METAT,1,2,28,24
CO2tm;NACDe,0,1,29,25
CO2tm;NACPRT,0,1,29,25
CO2tm;NADH2_u10m,1,5,28,21
CO2tm;NCAMDe,0,1,29,25
CO2tm;NH4t3r,1,0,28,26
CO2tm;NH4tm,0,1,29,25
CO2tm;NMNDA,0,1,29,25
CO2tm;NMNS,0,1,29,25
CO2tm;NM_4,0,1,29,25
CO2tm;OAAtn,0,1,29,25
CO2tm;OBDHc,0,1,29,25
CO2tm;OXALSUCCCL,1,0,28,26
CO2tm;OXALSUCCCLm,2,1,27,25
CO2tm;PGI,1,0,28,26
CO2tm;PGL,1,0,28,26
CO2tm;PGLYCH,0,1,29,25
CO2tm;PIGTHRDLtm,0,1,29,25
CO2tm;PIt2m_2,0,4,29,22
CO2tm;PItn,0,1,29,25
CO2tm;PLMCOAPTr,1,0,28,26
CO2tm;PMTCOAFABP1tc,1,0,28,26
CO2tm;PPA,1,0,28,26
CO2tm;PPAm,2,0,27,26
CO2tm;PPItm,2,0,27,26
CO2tm;PPM2,2,0,27,26
CO2tm;PROGLUtm,1,1,28,25
CO2tm;PROtm,1,1,28,25
CO2tm;SARDHm,1,1,28,25
CO2tm;SERTm,1,1,28,25
CO2tm;SFGTH,0,1,29,25
CO2tm;SUCCACONtm,1,0,28,26
CO2tm;SUCCt4_2,1,0,28,26
CO2tm;TALA,1,0,28,26
CO2tm;THFtm,0,1,29,25
CO2tm;THR3Dx,0,1,29,25
CO2tm;TXA2tr,0,1,29,25
CO2tm;TXB2c,0,1,29,25
CO2tm;TXB2r,0,1,29,25
CO2tm;TXB2tr,0,1,29,25
CO2tm;TYRDOPO,0,1,29,25
CO2tm;TYROX,0,1,29,25
CO2tm;TYRTA,0,1,29,25
CO2tn;OAADC,1,0,28,26
CO2tn;OBDHc,0,1,29,25
CO2tn;OXALSUCCCLm,0,2,29,24
CO2tn;PIGTHRDLtm,1,0,28,26
CO2tn;PSDm_hs,4,0,25,26
CO2tn;PSFLIPm,4,0,25,26
CO2tn;PYRtm,0,1,29,25
CO2tn;SUCCACONtm,1,0,28,26
CO2tn;SUCCt4_3,1,0,28,26
CO2tn;THBPT4ACAMDASE,1,0,28,26
CO2tn;THDm,1,0,28,26
CO2tn;THRCYSNaEx,1,0,28,26
CO2tn;THRtm,1,0,28,26
CO2tn;TYR3MO2,1,0,28,26
CO2tn;TYRDOPO,1,0,28,26
CO2tp;HMGL,0,1,29,25
CO2tp;ICDHyr,1,0,28,26
CO2tp;OXALSUCCCL,1,0,28,26
COAtm;CYSTGL,0,1,29,25
COAtm;CYSTS,0,1,29,25
COAtm;FADH2ETC,0,1,29,25
COAtm;GGTAe2,0,1,29,25
COAtm;GLUCYS,0,1,29,25
COAtm;GLUt6,0,1,29,25
COAtm;GTHRDte,0,1,29,25
COAtm;GTHS,0,1,29,25
COAtm;METAT,0,1,29,25
COAtm;MMSAD3m,0,1,29,25
COAtm;NCKt,0,1,29,25
COAtm;NCNt,0,1,29,25
COAtm;OBDHc,0,1,29,25
COAtm;PPCOAOm,0,1,29,25
COAtm;PPCOAtm,0,1,29,25
COAtm;PRPNCOAHYDm,0,1,29,25
COAtp;ARTFR41,1,0,28,26
COAtp;COAtr,1,0,28,26
COAtp;CRNtim,1,0,28,26
COAtp;DESAT16_1,1,0,28,26
COAtp;DLD,1,0,28,26
COAtp;ETHMALACc,1,0,28,26
COAtp;ETHMALACte,1,0,28,26
COAtp;ETHMALCOAc,1,0,28,26
COAtp;FACOAL100im,1,0,28,26
COAtp;FCYTOB5OXRr,0,1,29,25
COAtp;G6PDH2r,1,0,28,26
COAtp;GALU,0,1,29,25
COAtp;GND,1,0,28,26
COAtp;H2Otg,0,1,29,25
COAtp;Htg,0,1,29,25
COAtp;Htr,1,5,28,21
COAtp;ICDHyr,2,0,27,26
COAtp;NDP7g,0,1,29,25
COAtp;OXALSUCCCL,2,0,27,26
COAtp;PGL,1,0,28,26
COAtp;PGMT,0,1,29,25
COAtp;PIt7,1,0,28,26
COAtp;PItg,0,1,29,25
COAtp;PLMCOAPTr,1,0,28,26
COAtp;RTOT4,1,0,28,26
COAtp;SUCCICITtm,1,0,28,26
COAtp;SUCCt4_3,1,0,28,26
COAtp;SUCOAS1m,1,0,28,26
COAtp;TALA,2,0,27,26
COAtp;TRDR,1,1,28,25
COAtp;TTDCPT1,1,0,28,26
COAtp;TTDCPT2,1,0,28,26
COAtp;TTDCRNt,1,0,28,26
COAtp;UDPG4E,0,1,29,25
COAtp;UDPGALtg,0,1,29,25
COAtr;ARTPLM1,0,1,29,25
COAtr;CRNCARtp,1,0,28,26
COAtr;CRNtr,0,1,29,25
COAtr;CSNATp,1,0,28,26
COAtr;CSNATr,1,0,28,26
COAtr;DESAT18_1,2,0,27,26
COAtr;DPCOAK,0,2,29,24
COAtr;FAE180,2,0,27,26
COAtr;FAE201,2,0,27,26
COAtr;FAE221,2,0,27,26
COAtr;FAE241,1,0,28,26
COAtr;G6PDH2rer,1,0,28,26
COAtr;GLYATm,2,0,27,26
COAtr;GLYtm,2,0,27,26
COAtr;HACD180,2,0,27,26
COAtr;HACD201,2,0,27,26
COAtr;HACD221,2,0,27,26
COAtr;HACD241,1,0,28,26
COAtr;HEX12,1,0,28,26
COAtr;HSD180,2,0,27,26
COAtr;HSD201,2,0,27,26
COAtr;HSD221,2,0,27,26
COAtr;HSD241,1,0,28,26
COAtr;Htm,1,0,28,26
COAtr;Htx,1,0,28,26
COAtr;MALCOAMT,2,0,27,26
COAtr;MALCOAMTr,2,0,27,26
COAtr;NADHtpu,1,0,28,26
COAtr;NADtx,1,0,28,26
COAtr;NRVNCCOAtr,1,0,28,26
COAtr;NRVNCCOAtxc,1,0,28,26
COAtr;O2tp,1,0,28,26
COAtr;OCDE9ECOAtr,1,0,28,26
COAtr;PNTK,0,2,29,24
COAtr;PNTOt2e,0,1,29,25
COAtr;PNTOte,0,1,29,25
COAtr;PPA,1,0,28,26
COAtr;PPCDC,0,2,29,24
COAtr;PPNCL2,0,2,29,24
COAtr;PTPAT,0,2,29,24
COAtr;SERt4,0,1,29,25
COAtr;TECR180,2,0,27,26
COAtr;TECR201,2,0,27,26
COAtr;TECR221,2,0,27,26
COAtr;TECR241,1,0,28,26
COAtr;THR3Dx,2,0,27,26
COAtr;TXA2tr,0,2,29,24
COAtr;TXB2c,0,2,29,24
COAtr;TXB2r,0,2,29,24
COAtr;TXB2tr,0,2,29,24
COQ3m;CYOOm2,5,4,24,22
COQ3m;CYOR_u10m,5,4,24,22
COQ3m;GLYC3Ptmc,0,1,29,25
COQ3m;GLYCtm,0,1,29,25
COQ3m;GLYKm,0,1,29,25
COQ3m;Htm,2,0,27,26
COQ3m;NDP8,1,0,28,26
COQ3m;PGLYCH,0,1,29,25
COQ5m;CYOOm2,5,4,24,22
COQ5m;CYOR_u10m,5,4,24,22
COQ5m;GLYC3Ptmc,0,1,29,25
COQ5m;GLYCtm,0,1,29,25
COQ5m;GLYKm,0,1,29,25
COQ5m;Htm,2,0,27,26
COQ5m;NDP8,1,0,28,26
COQ5m;PGLYCH,0,1,29,25
COQ6m;CYOOm2,5,4,24,22
COQ6m;CYOR_u10m,5,4,24,22
COQ6m;GLYC3Ptmc,0,1,29,25
COQ6m;GLYCtm,0,1,29,25
COQ6m;GLYKm,0,1,29,25
COQ6m;Htm,2,0,27,26
COQ6m;NDP8,1,0,28,26
COQ6m;PGLYCH,0,1,29,25
COQ7m;CYOOm2,5,4,24,22
COQ7m;CYOR_u10m,5,4,24,22
COQ7m;GLYC3Ptmc,0,1,29,25
COQ7m;GLYCtm,0,1,29,25
COQ7m;GLYKm,0,1,29,25
COQ7m;Htm,2,0,27,26
COQ7m;NDP8,1,0,28,26
COQ7m;PGLYCH,0,1,29,25
CORE3GTg;IDHPOXOX2b,0,1,29,25
CORE3GTg;IDHPOXOX4,0,1,29,25
CORE3GTg;IDHPOXOXb,0,1,29,25
CORE3GTg;It,0,1,29,25
CORE3GTg;THYPX,0,1,29,25
CORE3GTg;THYST,0,1,29,25
CORE4GTg;IDHPOXOX2b,0,1,29,25
CORE4GTg;IDHPOXOX4,0,1,29,25
CORE4GTg;IDHPOXOXb,0,1,29,25
CORE4GTg;It,0,1,29,25
CORE4GTg;THYPX,0,1,29,25
CORE4GTg;THYST,0,1,29,25
CORE6GTg;G6Pt6er,1,0,28,26
CORE7GTg;HCO3E,1,0,28,26
COUCOAFm;CYOOm2,5,4,24,22
COUCOAFm;CYOR_u10m,5,4,24,22
COUCOAFm;GLYC3Ptmc,0,1,29,25
COUCOAFm;GLYCtm,0,1,29,25
COUCOAFm;GLYKm,0,1,29,25
COUCOAFm;Htm,2,0,27,26
COUCOAFm;NDP8,1,0,28,26
COUCOAFm;PGLYCH,0,1,29,25
COt;DOLASNTer,1,0,28,26
COt;DOLDPPer,1,0,28,26
COt;DOLGLCP_ter,1,0,28,26
COt;DOLMANP_ter,1,0,28,26
COt;DOLPGT1er,1,0,28,26
COt;DOLPGT2er,1,0,28,26
COt;DOLPGT3er,1,0,28,26
COt;DOLPMT,1,0,28,26
COt;DOLPMT1er,1,0,28,26
COt;DOLPMT2_er,1,0,28,26
COt;DOLPMT3er,1,0,28,26
COt;DOLPMT4_er,1,0,28,26
COt;DOLP_ter,1,0,28,26
COt;FUM,1,0,28,26
COt;G12MT1,1,0,28,26
COt;G12MT2,1,0,28,26
COt;G13MT,1,0,28,26
COt;G16MT,1,0,28,26
COt;GF6PTA,2,0,27,26
COt;GLCNACPT,1,0,28,26
COt;GLCNACT,1,0,28,26
COt;GLCter,1,0,28,26
COt;GLYC3Ptm,1,0,28,26
COt;GLYC3Ptmc,2,0,27,26
COt;GLYt2r,1,0,28,26
COt;GTPGDPtm,0,1,29,25
COt;H2Otg,4,0,25,26
COt;HEX16,1,0,28,26
COt;Htg,4,0,25,26
COt;Htr,2,0,27,26
COt;ICDHyr,1,0,28,26
COt;ICDHyrm,2,0,27,26
COt;M13N2Tg,1,0,28,26
COt;M4MPDOL_ter,1,0,28,26
COt;M7MASNBterg,1,0,28,26
COt;MALACONtm,1,0,28,26
COt;MAN1PT2,4,0,25,26
COt;MAN6PI,4,0,25,26
COt;MANter,1,0,28,26
COt;MANtg,1,0,28,26
COt;MG1er,1,0,28,26
COt;MG2er,1,0,28,26
COt;MG3er,1,0,28,26
COt;MM5bg,1,0,28,26
COt;MM6B1bg,1,0,28,26
COt;MM7B2g,1,0,28,26
COt;MM8Ber,1,0,28,26
COt;NDP7g,4,0,25,26
COt;OXALSUCCCL,1,0,28,26
COt;PIMALtm,0,1,29,25
COt;PItg,4,0,25,26
COt;PMANM,4,0,25,26
COt;PPA,1,0,28,26
COt;PPItm,1,0,28,26
COt;PROGLUtm,0,1,29,25
COt;PROtm,0,1,29,25
COt;SO4AKGtm,0,1,29,25
COt;SO4MALtm,0,1,29,25
COt;SUCCICITtm,1,0,28,26
COt;SUCCt4_3,2,0,27,26
COt;SUCOAS1m,0,1,29,25
COt;THR3Dx,0,1,29,25
COt;UAGDP,5,0,24,26
COt;UDPDOLPT,1,0,28,26
COt;UGLCNACtg,4,0,25,26
CPPPGO;DOLASNTer,1,0,28,26
CPPPGO;DOLDPPer,1,0,28,26
CPPPGO;DOLGLCP_ter,1,0,28,26
CPPPGO;DOLMANP_ter,1,0,28,26
CPPPGO;DOLPGT1er,1,0,28,26
CPPPGO;DOLPGT2er,1,0,28,26
CPPPGO;DOLPGT3er,1,0,28,26
CPPPGO;DOLPMT,1,0,28,26
CPPPGO;DOLPMT1er,1,0,28,26
CPPPGO;DOLPMT2_er,1,0,28,26
CPPPGO;DOLPMT3er,1,0,28,26
CPPPGO;DOLPMT4_er,1,0,28,26
CPPPGO;DOLP_ter,1,0,28,26
CPPPGO;FUM,1,0,28,26
CPPPGO;G12MT1,1,0,28,26
CPPPGO;G12MT2,1,0,28,26
CPPPGO;G13MT,1,0,28,26
CPPPGO;G16MT,1,0,28,26
CPPPGO;GF6PTA,2,0,27,26
CPPPGO;GLCNACPT,1,0,28,26
CPPPGO;GLCNACT,1,0,28,26
CPPPGO;GLCter,1,0,28,26
CPPPGO;GLYC3Ptm,1,0,28,26
CPPPGO;GLYC3Ptmc,2,0,27,26
CPPPGO;GLYt2r,1,0,28,26
CPPPGO;GTPGDPtm,0,1,29,25
CPPPGO;H2Otg,4,0,25,26
CPPPGO;HEX16,1,0,28,26
CPPPGO;Htg,4,0,25,26
CPPPGO;Htr,2,0,27,26
CPPPGO;ICDHyr,1,0,28,26
CPPPGO;ICDHyrm,2,0,27,26
CPPPGO;M13N2Tg,1,0,28,26
CPPPGO;M4MPDOL_ter,1,0,28,26
CPPPGO;M7MASNBterg,1,0,28,26
CPPPGO;MALACONtm,1,0,28,26
CPPPGO;MAN1PT2,4,0,25,26
CPPPGO;MAN6PI,4,0,25,26
CPPPGO;MANter,1,0,28,26
CPPPGO;MANtg,1,0,28,26
CPPPGO;MG1er,1,0,28,26
CPPPGO;MG2er,1,0,28,26
CPPPGO;MG3er,1,0,28,26
CPPPGO;MM5bg,1,0,28,26
CPPPGO;MM6B1bg,1,0,28,26
CPPPGO;MM7B2g,1,0,28,26
CPPPGO;MM8Ber,1,0,28,26
CPPPGO;NDP7g,4,0,25,26
CPPPGO;OXALSUCCCL,1,0,28,26
CPPPGO;PIMALtm,0,1,29,25
CPPPGO;PItg,4,0,25,26
CPPPGO;PMANM,4,0,25,26
CPPPGO;PPA,1,0,28,26
CPPPGO;PPItm,1,0,28,26
CPPPGO;PROGLUtm,0,1,29,25
CPPPGO;PROtm,0,1,29,25
CPPPGO;SO4AKGtm,0,1,29,25
CPPPGO;SO4MALtm,0,1,29,25
CPPPGO;SUCCICITtm,1,0,28,26
CPPPGO;SUCCt4_3,2,0,27,26
CPPPGO;SUCOAS1m,0,1,29,25
CPPPGO;THR3Dx,0,1,29,25
CPPPGO;UAGDP,5,0,24,26
CPPPGO;UDPDOLPT,1,0,28,26
CPPPGO;UGLCNACtg,4,0,25,26
CRNCAR3tp;HMGL,0,1,29,25
CRNCARtp;ARTFR41,1,0,28,26
CRNCARtp;CRNtim,1,0,28,26
CRNCARtp;DESAT16_1,1,0,28,26
CRNCARtp;DLD,1,0,28,26
CRNCARtp;ETHMALACc,1,0,28,26
CRNCARtp;ETHMALACte,1,0,28,26
CRNCARtp;ETHMALCOAc,1,0,28,26
CRNCARtp;FACOAL100im,1,0,28,26
CRNCARtp;FCYTOB5OXRr,0,1,29,25
CRNCARtp;G6PDH2r,1,0,28,26
CRNCARtp;GALU,0,1,29,25
CRNCARtp;GND,1,0,28,26
CRNCARtp;H2Otg,0,1,29,25
CRNCARtp;Htg,0,1,29,25
CRNCARtp;Htr,1,6,28,20
CRNCARtp;ICDHyr,1,0,28,26
CRNCARtp;NDP7g,0,1,29,25
CRNCARtp;OXALSUCCCL,1,0,28,26
CRNCARtp;PGL,1,0,28,26
CRNCARtp;PGMT,0,1,29,25
CRNCARtp;PItg,0,1,29,25
CRNCARtp;PLMCOAPTr,1,0,28,26
CRNCARtp;RTOT4,1,0,28,26
CRNCARtp;SUCCICITtm,1,0,28,26
CRNCARtp;SUCCt4_3,1,0,28,26
CRNCARtp;SUCOAS1m,1,0,28,26
CRNCARtp;TRDR,1,1,28,25
CRNCARtp;TTDCPT1,1,0,28,26
CRNCARtp;TTDCPT2,1,0,28,26
CRNCARtp;TTDCRNt,1,0,28,26
CRNCARtp;TXA2tr,0,1,29,25
CRNCARtp;TXB2c,0,1,29,25
CRNCARtp;TXB2r,0,1,29,25
CRNCARtp;TXB2tr,0,1,29,25
CRNCARtp;UDPG4E,0,1,29,25
CRNCARtp;UDPGALtg,0,1,29,25
CRNtim;CSNATp,1,0,28,26
CRNtim;CSNATr,1,0,28,26
CRNtim;DESAT18_1,1,0,28,26
CRNtim;FAE180,1,0,28,26
CRNtim;FAE201,1,0,28,26
CRNtim;FAE221,1,0,28,26
CRNtim;FAE241,1,0,28,26
CRNtim;GLYATm,1,3,28,23
CRNtim;GLYtm,1,3,28,23
CRNtim;HACD180,1,0,28,26
CRNtim;HACD201,1,0,28,26
CRNtim;HACD221,1,0,28,26
CRNtim;HACD241,1,0,28,26
CRNtim;HMGL,0,1,29,25
CRNtim;HSD180,1,0,28,26
CRNtim;HSD201,1,0,28,26
CRNtim;HSD221,1,0,28,26
CRNtim;HSD241,1,0,28,26
CRNtim;Htx,1,0,28,26
CRNtim;MALCOAMT,1,0,28,26
CRNtim;MALCOAMTr,1,0,28,26
CRNtim;NADHtpu,1,0,28,26
CRNtim;NADtx,1,0,28,26
CRNtim;NRVNCCOAtr,1,0,28,26
CRNtim;NRVNCCOAtxc,1,0,28,26
CRNtim;O2tp,1,0,28,26
CRNtim;TECR180,1,0,28,26
CRNtim;TECR201,1,0,28,26
CRNtim;TECR221,1,0,28,26
CRNtim;TECR241,1,0,28,26
CRNtim;THR3Dx,1,3,28,23
CRNtim;TXA2tr,0,1,29,25
CRNtim;TXB2c,0,1,29,25
CRNtim;TXB2r,0,1,29,25
CRNtim;TXB2tr,0,1,29,25
CRNtr;DESAT18_1,0,1,29,25
CRNtr;FACOAL204,0,1,29,25
CRNtr;FAE180,0,1,29,25
CRNtr;FAE201,0,1,29,25
CRNtr;FAE221,0,1,29,25
CRNtr;GLYATm,0,1,29,25
CRNtr;GLYtm,0,1,29,25
CRNtr;HACD180,0,1,29,25
CRNtr;HACD201,0,1,29,25
CRNtr;HACD221,0,1,29,25
CRNtr;HSD180,0,1,29,25
CRNtr;HSD201,0,1,29,25
CRNtr;HSD221,0,1,29,25
CRNtr;Htm,1,0,28,26
CRNtr;MALCOAMT,0,1,29,25
CRNtr;MALCOAMTr,0,1,29,25
CRNtr;PLMCOAPTr,0,1,29,25
CRNtr;SE10,0,1,29,25
CRNtr;SOAT6,0,1,29,25
CRNtr;TECR180,0,1,29,25
CRNtr;TECR201,0,1,29,25
CRNtr;TECR221,0,1,29,25
CRNtr;THR3Dx,0,1,29,25
CSNAT2m;GLYATm,0,2,29,24
CSNAT2m;GLYtm,0,2,29,24
CSNAT2m;HMGL,0,1,29,25
CSNAT2m;THR3Dx,0,2,29,24
CSNAT3x;HMGL,0,1,29,25
CSNATp;ARTFR41,1,0,28,26
CSNATp;DESAT16_1,1,0,28,26
CSNATp;DLD,1,0,28,26
CSNATp;ETHMALACc,1,0,28,26
CSNATp;ETHMALACte,1,0,28,26
CSNATp;ETHMALCOAc,1,0,28,26
CSNATp;FACOAL100im,1,0,28,26
CSNATp;FCYTOB5OXRr,0,1,29,25
CSNATp;G6PDH2r,1,0,28,26
CSNATp;GALU,0,1,29,25
CSNATp;GND,1,0,28,26
CSNATp;H2Otg,0,1,29,25
CSNATp;Htg,0,1,29,25
CSNATp;Htr,1,6,28,20
CSNATp;ICDHyr,1,0,28,26
CSNATp;NDP7g,0,1,29,25
CSNATp;OXALSUCCCL,1,0,28,26
CSNATp;PGL,1,0,28,26
CSNATp;PGMT,0,1,29,25
CSNATp;PItg,0,1,29,25
CSNATp;PLMCOAPTr,1,0,28,26
CSNATp;RTOT4,1,0,28,26
CSNATp;SUCCICITtm,1,0,28,26
CSNATp;SUCCt4_3,1,0,28,26
CSNATp;SUCOAS1m,1,0,28,26
CSNATp;TRDR,1,1,28,25
CSNATp;TTDCPT1,1,0,28,26
CSNATp;TTDCPT2,1,0,28,26
CSNATp;TTDCRNt,1,0,28,26
CSNATp;TXA2tr,0,1,29,25
CSNATp;TXB2c,0,1,29,25
CSNATp;TXB2r,0,1,29,25
CSNATp;TXB2tr,0,1,29,25
CSNATp;UDPG4E,0,1,29,25
CSNATp;UDPGALtg,0,1,29,25
CSNATr;ARTFR41,1,0,28,26
CSNATr;DESAT16_1,1,0,28,26
CSNATr;DLD,1,0,28,26
CSNATr;ETHMALACc,1,0,28,26
CSNATr;ETHMALACte,1,0,28,26
CSNATr;ETHMALCOAc,1,0,28,26
CSNATr;FACOAL100im,1,0,28,26
CSNATr;FCYTOB5OXRr,0,1,29,25
CSNATr;G6PDH2r,1,0,28,26
CSNATr;GALU,0,1,29,25
CSNATr;GND,1,0,28,26
CSNATr;H2Otg,0,1,29,25
CSNATr;Htg,0,1,29,25
CSNATr;Htr,1,6,28,20
CSNATr;ICDHyr,1,0,28,26
CSNATr;NDP7g,0,1,29,25
CSNATr;OXALSUCCCL,1,0,28,26
CSNATr;PGL,1,0,28,26
CSNATr;PGMT,0,1,29,25
CSNATr;PItg,0,1,29,25
CSNATr;PLMCOAPTr,1,0,28,26
CSNATr;RTOT4,1,0,28,26
CSNATr;SUCCICITtm,1,0,28,26
CSNATr;SUCCt4_3,1,0,28,26
CSNATr;SUCOAS1m,1,0,28,26
CSNATr;TRDR,1,1,28,25
CSNATr;TTDCPT1,1,0,28,26
CSNATr;TTDCPT2,1,0,28,26
CSNATr;TTDCRNt,1,0,28,26
CSNATr;TXA2tr,0,1,29,25
CSNATr;TXB2c,0,1,29,25
CSNATr;TXB2r,0,1,29,25
CSNATr;TXB2tr,0,1,29,25
CSNATr;UDPG4E,0,1,29,25
CSNATr;UDPGALtg,0,1,29,25
CSND;NDPK3,2,3,27,23
CSm;GLYATm,0,1,29,25
CSm;GLYtm,0,1,29,25
CSm;HMGL,1,3,28,23
CSm;MALACONtm,1,0,28,26
CSm;OCOAT1m,1,1,28,25
CSm;PYRtm,0,1,29,25
CSm;SUCOAS1m,0,1,29,25
CSm;THR3Dx,0,1,29,25
CSm;TXA2tr,0,1,29,25
CSm;TXB2c,0,1,29,25
CSm;TXB2r,0,1,29,25
CSm;TXB2tr,0,1,29,25
CTPtm;PPItm,1,0,28,26
CYANSTm;MALACONtm,1,0,28,26
CYANSTm;PYRtm,1,0,28,26
CYOOm2;DECDPtm,5,4,24,22
CYOOm2;DHDPBMTm,5,4,24,22
CYOOm2;DPHMBDCm,5,4,24,22
CYOOm2;DPPS,5,4,24,22
CYOOm2;FRDPtc,5,4,24,22
CYOOm2;GLUDxm,0,2,29,24
CYOOm2;GLUDym,2,1,27,25
CYOOm2;GLUt2m,1,1,28,25
CYOOm2;HBZOPT10m,5,4,24,22
CYOOm2;HCO3Em,0,2,29,24
CYOOm2;HCO3tm,0,2,29,24
CYOOm2;ICITACONtm,1,0,28,26
CYOOm2;METAT,5,3,24,23
CYOOm2;METS,2,0,27,26
CYOOm2;MG2t4m,1,0,28,26
CYOOm2;MG2tm,1,0,28,26
CYOOm2;MTHFR3x,2,0,27,26
CYOOm2;NH4t3r,0,1,29,25
CYOOm2;NH4tm,2,3,27,23
CYOOm2;PGI,1,0,28,26
CYOOm2;PIATPLtm,1,1,28,25
CYOOm2;PIMALtm,0,1,29,25
CYOOm2;PPAm,1,0,28,26
CYOOm2;PPItm,0,4,29,22
CYOOm2;Q10H2e,5,4,24,22
CYOOm2;RPE,1,0,28,26
CYOOm2;SO3AKGtm,0,1,29,25
CYOOm2;SO3MALtm,0,1,29,25
CYOOm2;T4HCINNMFM,5,4,24,22
CYOOm2;TKT1,1,0,28,26
CYOOm2;TKT2,1,0,28,26
CYOOm2;TYRTAm,5,4,24,22
CYOOm2;TYRtl,5,4,24,22
CYOOm2;q10h2tc,5,4,24,22
CYOR_u10m;DECDPtm,5,4,24,22
CYOR_u10m;DHDPBMTm,5,4,24,22
CYOR_u10m;DPHMBDCm,5,4,24,22
CYOR_u10m;DPPS,5,4,24,22
CYOR_u10m;FRDPtc,5,4,24,22
CYOR_u10m;GLUDxm,0,2,29,24
CYOR_u10m;GLUDym,2,1,27,25
CYOR_u10m;GLUt2m,1,1,28,25
CYOR_u10m;HBZOPT10m,5,4,24,22
CYOR_u10m;HCO3Em,0,2,29,24
CYOR_u10m;HCO3tm,0,2,29,24
CYOR_u10m;ICITACONtm,1,0,28,26
CYOR_u10m;METAT,5,3,24,23
CYOR_u10m;METS,2,0,27,26
CYOR_u10m;MG2t4m,1,0,28,26
CYOR_u10m;MG2tm,1,0,28,26
CYOR_u10m;MTHFR3x,2,0,27,26
CYOR_u10m;NH4t3r,0,1,29,25
CYOR_u10m;NH4tm,2,3,27,23
CYOR_u10m;PGI,1,0,28,26
CYOR_u10m;PIATPLtm,1,1,28,25
CYOR_u10m;PIMALtm,0,1,29,25
CYOR_u10m;PPAm,1,0,28,26
CYOR_u10m;PPItm,0,4,29,22
CYOR_u10m;Q10H2e,5,4,24,22
CYOR_u10m;RPE,1,0,28,26
CYOR_u10m;SO3AKGtm,0,1,29,25
CYOR_u10m;SO3MALtm,0,1,29,25
CYOR_u10m;T4HCINNMFM,5,4,24,22
CYOR_u10m;TKT1,1,0,28,26
CYOR_u10m;TKT2,1,0,28,26
CYOR_u10m;TYRTAm,5,4,24,22
CYOR_u10m;TYRtl,5,4,24,22
CYOR_u10m;q10h2tc,5,4,24,22
CYP2R1;H2Oter,0,1,29,25
CYP2R1;PIMALtm,0,1,29,25
CYP2R1;SO4AKGtm,0,1,29,25
CYP2R1;SO4MALtm,0,1,29,25
CYSDDS;MALACONtm,1,0,28,26
CYSGLTH;O2t,1,0,28,26
CYSGLYex;CYSTGL,2,0,27,26
CYSGLYex;CYSTS,2,0,27,26
CYSGLYex;CYSt4,2,0,27,26
CYSGLYex;MALACONtm,1,0,28,26
CYSGLYex;MCITS,2,0,27,26
CYSGLYex;METAT,2,0,27,26
CYSGLYex;OBDHc,2,0,27,26
CYSO;MALACONtm,1,0,28,26
CYSO;PYRtm,1,0,28,26
CYSPHELATtc;CYSt4,4,0,25,26
CYSPHELATtc;PHEt4,1,0,28,26
CYSRED;O2t,1,0,28,26
CYSTGL;AKGtn,0,1,29,25
CYSTGL;CO2tn,0,1,29,25
CYSTGL;DHFR,0,1,29,25
CYSTGL;DHFRx,0,1,29,25
CYSTGL;DHFtm,0,1,29,25
CYSTGL;FALDtn,0,1,29,25
CYSTGL;FUMMALtm,0,1,29,25
CYSTGL;FUMSUCCtm,0,1,29,25
CYSTGL;GLYATm,0,4,29,22
CYSTGL;GLYtm,0,3,29,23
CYSTGL;GTPGDPtm,0,1,29,25
CYSTGL;HCO3Em,0,1,29,25
CYSTGL;HCO3tm,0,1,29,25
CYSTGL;HMGDH,0,1,29,25
CYSTGL;HMGL,0,6,29,20
CYSTGL;HMGS,0,1,29,25
CYSTGL;ICDHyr,1,0,28,26
CYSTGL;LHCYSTIN,0,1,29,25
CYSTGL;LHCYSTINt,0,1,29,25
CYSTGL;MALACONtm,1,0,28,26
CYSTGL;MAL_Lte,1,4,28,22
CYSTGL;MALtm,1,0,28,26
CYSTGL;MDHm,1,0,28,26
CYSTGL;OAADC,1,0,28,26
CYSTGL;OCOAT1m,0,2,29,24
CYSTGL;OXALSUCCCL,1,0,28,26
CYSTGL;PPCOAtm,0,1,29,25
CYSTGL;PYRtm,0,2,29,24
CYSTGL;SFGTH,0,1,29,25
CYSTGL;SUCOAS1m,0,1,29,25
CYSTGL;THR3Dx,0,4,29,22
CYSTS;AKGtn,0,1,29,25
CYSTS;CO2tn,0,1,29,25
CYSTS;DHFR,0,1,29,25
CYSTS;DHFRx,0,1,29,25
CYSTS;DHFtm,0,1,29,25
CYSTS;FALDtn,0,1,29,25
CYSTS;FUMMALtm,0,1,29,25
CYSTS;FUMSUCCtm,0,1,29,25
CYSTS;GLYATm,0,4,29,22
CYSTS;GLYtm,0,3,29,23
CYSTS;GTPGDPtm,0,1,29,25
CYSTS;HCO3Em,0,1,29,25
CYSTS;HCO3tm,0,1,29,25
CYSTS;HMGDH,0,1,29,25
CYSTS;HMGL,0,6,29,20
CYSTS;HMGS,0,1,29,25
CYSTS;ICDHyr,1,0,28,26
CYSTS;LHCYSTIN,0,1,29,25
CYSTS;LHCYSTINt,0,1,29,25
CYSTS;MALACONtm,1,0,28,26
CYSTS;MAL_Lte,1,4,28,22
CYSTS;MALtm,1,0,28,26
CYSTS;MDHm,1,0,28,26
CYSTS;OAADC,1,0,28,26
CYSTS;OCOAT1m,0,2,29,24
CYSTS;OXALSUCCCL,1,0,28,26
CYSTS;PPCOAtm,0,1,29,25
CYSTS;PYRtm,0,2,29,24
CYSTS;SFGTH,0,1,29,25
CYSTS;SUCOAS1m,0,1,29,25
CYSTS;THR3Dx,0,4,29,22
CYSt4;AKGtn,1,0,28,26
CYSt4;CO2tn,1,0,28,26
CYSt4;CYSTGL,3,12,26,14
CYSt4;CYSTS,3,12,26,14
CYSt4;FALDtn,1,0,28,26
CYSt4;GLUDxm,0,1,29,25
CYSt4;GLUt2m,0,1,29,25
CYSt4;ICDHyrm,0,4,29,22
CYSt4;ICITCITtm,0,2,29,24
CYSt4;ICITMALtm,0,1,29,25
CYSt4;MCITS,3,9,26,17
CYSt4;MDH,0,1,29,25
CYSt4;ME2m,0,1,29,25
CYSt4;MEOHt2,1,0,28,26
CYSt4;METAT,3,11,26,15
CYSt4;NH4t3r,0,1,29,25
CYSt4;NH4tm,0,1,29,25
CYSt4;O2tn,1,0,28,26
CYSt4;OBDHc,3,12,26,14
CYSt4;OXALSUCCCLm,0,4,29,22
CYSt4;PYRtm,0,1,29,25
CYSt4;SERt4,1,2,28,24
CYTK1;CYTK3,0,2,29,24
CYTK2n;O2t,0,1,29,25
CYTK3;DOLMANP_ter,1,0,28,26
CYTK3;DOLPMT,1,0,28,26
CYTK3;DOLPOMTr,1,0,28,26
CYTK3;DOLP_ter,1,0,28,26
CYTK3;GF6PTA,1,0,28,26
CYTK3;LARGEg,1,0,28,26
CYTK3;MAN1PT2,1,0,28,26
CYTK3;MAN6PI,1,0,28,26
CYTK3;NDP7er,1,0,28,26
CYTK3;PCOREM3terg,1,0,28,26
CYTK3;PMANM,1,0,28,26
CYTK3;POCDPRBTLT2g,1,0,28,26
CYTK3;POCDPRBTLTg,1,0,28,26
CYTK3;POGLCNACTg,1,0,28,26
CYTK3;POMGNGALNTr,1,0,28,26
CYTK3;POMGNTr,1,0,28,26
CYTK3;POMKr,1,0,28,26
CYTK3;POXYLTg,1,0,28,26
CYTK3;RBT5PCYTr,1,0,28,26
CYTK3;RBT5PDH,1,0,28,26
CYTK3;UACGAMUMPtr,1,0,28,26
CYTK3;UAG4E,1,0,28,26
CYTK3;UAGDP,1,0,28,26
CYTK3;UDPGD,1,0,28,26
CYTK3;UDPGLCAtg,1,0,28,26
CYTK3;UDPGLDCg,1,0,28,26
CYTK3;UGALNACter,1,0,28,26
CYTK3;UGLCNACtg,1,0,28,26
CYTK4n;O2t,0,3,29,23
DADK3;G6Pt6er,1,0,28,26
DADK3;GALU,1,0,28,26
DADK3;GDPFUCtg,1,0,28,26
DADK3;GFUCSx,1,0,28,26
DADK3;GK1mi,1,0,28,26
DADK3;GMAND,1,0,28,26
DADK3;GSNKm,1,0,28,26
DADK3;GSNtm,1,0,28,26
DADK3;GTPGDPtm,1,2,28,24
DADK3;GTPtm,1,0,28,26
DADK3;H2Otg,1,0,28,26
DADK3;HEX12,1,0,28,26
DADK3;Htg,1,0,28,26
DADK3;MAN1PT2,1,0,28,26
DADK3;MAN6PI,2,0,27,26
DADK3;NDP3g,1,0,28,26
DADK3;NDP7g,1,0,28,26
DADK3;NDPK1,0,5,29,21
DADK3;NTD9,1,0,28,26
DADK3;OCOAT1m,1,0,28,26
DADK3;PGMT,1,0,28,26
DADK3;PIt2m_2,0,1,29,25
DADK3;PItg,1,0,28,26
DADK3;PMANM,1,0,28,26
DADK3;PPA,1,0,28,26
DADK3;PYK6,0,1,29,25
DADK3;PYRtm,1,0,28,26
DADK3;SUCOAS1m,1,1,28,25
DADK3;UAGDP,1,0,28,26
DADK3;UDPG4E,1,0,28,26
DADK3;UDPGALtg,1,0,28,26
DADK3;UGLCNACtg,1,0,28,26
DAGKm_hs;ATPt4,1,0,28,26
DAGKm_hs;ATPtm,1,0,28,26
DAGKm_hs;CO2tm,1,0,28,26
DAGKm_hs;Htm,1,0,28,26
DAGKm_hs;PPItm,3,0,26,26
DAG_Hstem;Htm,1,0,28,26
DAG_Hstem;PPItm,3,0,26,26
DASCBR;AKGtn,2,0,27,26
DASCBR;CO2tn,2,0,27,26
DASCBR;FALDtn,2,0,27,26
DASCBR;H2O2tp,0,1,29,25
DASCBR;MEOHt2,2,0,27,26
DASCBR;O2tn,2,0,27,26
DASCBR;O2tp,0,1,29,25
DATPtm;HCO3E,1,0,28,26
DATPtm;HCO3Ee,1,0,28,26
DATPtm;THRA,1,0,28,26
DCCGTx;HMGL,0,1,29,25
DCSPTN1COAtr;FCYTOB5OXRr,0,1,29,25
DCSPTN1COAtxc;FCYTOB5OXRr,0,1,29,25
DCTPDPn;O2t,0,5,29,21
DCYTD;DUTPDP,1,0,28,26
DCYTD;RNDR4,1,0,28,26
DCYTD;URIK2,1,0,28,26
DDCI225n3p;FCYTOB5OXRr,0,1,29,25
DECDPtm;GLYC3Ptmc,0,1,29,25
DECDPtm;GLYCtm,0,1,29,25
DECDPtm;GLYKm,0,1,29,25
DECDPtm;Htm,2,0,27,26
DECDPtm;NDP8,1,0,28,26
DECDPtm;PGLYCH,0,1,29,25
DECR226n3p;FCYTOB5OXRr,0,1,29,25
DESAT16_1;ARTFR52,0,1,29,25
DESAT16_1;DESAT18_1,3,1,26,25
DESAT16_1;FACOAL204,0,1,29,25
DESAT16_1;FAE180,6,2,23,24
DESAT16_1;FAE200,0,1,29,25
DESAT16_1;FAE201,2,1,27,25
DESAT16_1;FAE220,0,1,29,25
DESAT16_1;FAE221,2,1,27,25
DESAT16_1;FAE240,0,1,29,25
DESAT16_1;FAE241,1,0,28,26
DESAT16_1;FAE260,0,1,29,25
DESAT16_1;G6PDH2rer,1,0,28,26
DESAT16_1;GLYATm,2,3,27,23
DESAT16_1;GLYtm,2,3,27,23
DESAT16_1;HACD180,6,2,23,24
DESAT16_1;HACD200,0,1,29,25
DESAT16_1;HACD201,2,1,27,25
DESAT16_1;HACD220,0,1,29,25
DESAT16_1;HACD221,2,1,27,25
DESAT16_1;HACD240,0,1,29,25
DESAT16_1;HACD241,1,0,28,26
DESAT16_1;HACD260,0,1,29,25
DESAT16_1;HEX12,1,0,28,26
DESAT16_1;HEXCCOAtr,0,1,29,25
DESAT16_1;HSD180,6,2,23,24
DESAT16_1;HSD200,0,1,29,25
DESAT16_1;HSD201,2,1,27,25
DESAT16_1;HSD220,0,1,29,25
DESAT16_1;HSD221,2,1,27,25
DESAT16_1;HSD240,0,1,29,25
DESAT16_1;HSD241,1,0,28,26
DESAT16_1;HSD260,0,1,29,25
DESAT16_1;Htm,1,0,28,26
DESAT16_1;Htx,1,0,28,26
DESAT16_1;MALCOAMT,2,1,27,25
DESAT16_1;MALCOAMTr,2,1,27,25
DESAT16_1;MTHFC,0,2,29,24
DESAT16_1;MTHFD2,0,2,29,24
DESAT16_1;NADHtpu,1,0,28,26
DESAT16_1;NADtx,1,0,28,26
DESAT16_1;NRVNCCOAtr,1,0,28,26
DESAT16_1;NRVNCCOAtxc,1,0,28,26
DESAT16_1;O2tp,1,0,28,26
DESAT16_1;PPA,1,0,28,26
DESAT16_1;RTOT5,0,1,29,25
DESAT16_1;SE10,0,1,29,25
DESAT16_1;SERt4,0,1,29,25
DESAT16_1;SOAT6,0,1,29,25
DESAT16_1;TECR180,6,2,23,24
DESAT16_1;TECR200,0,1,29,25
DESAT16_1;TECR201,2,1,27,25
DESAT16_1;TECR220,0,1,29,25
DESAT16_1;TECR221,2,1,27,25
DESAT16_1;TECR240,0,1,29,25
DESAT16_1;TECR241,1,0,28,26
DESAT16_1;TECR260,0,1,29,25
DESAT16_1;THR3Dx,2,3,27,23
DESAT16_1;TXA2tr,0,4,29,22
DESAT16_1;TXB2c,0,4,29,22
DESAT16_1;TXB2r,0,4,29,22
DESAT16_1;TXB2tr,0,4,29,22
DESAT18_1;ARTFR12,1,0,28,26
DESAT18_1;ARTFR41,1,0,28,26
DESAT18_1;DLD,1,0,28,26
DESAT18_1;DOLASNTer,1,0,28,26
DESAT18_1;DOLDPPer,1,0,28,26
DESAT18_1;DOLGLCP_ter,1,0,28,26
DESAT18_1;DOLMANP_ter,1,0,28,26
DESAT18_1;DOLPGT1er,1,0,28,26
DESAT18_1;DOLPGT2er,1,0,28,26
DESAT18_1;DOLPGT3er,1,0,28,26
DESAT18_1;DOLPMT,1,0,28,26
DESAT18_1;DOLPMT1er,1,0,28,26
DESAT18_1;DOLPMT2_er,1,0,28,26
DESAT18_1;DOLPMT3er,1,0,28,26
DESAT18_1;DOLPMT4_er,1,0,28,26
DESAT18_1;DOLP_ter,1,0,28,26
DESAT18_1;ECOAH1m,1,0,28,26
DESAT18_1;ETHMALACc,1,0,28,26
DESAT18_1;ETHMALACte,1,0,28,26
DESAT18_1;ETHMALCOAc,1,0,28,26
DESAT18_1;FACOAL100im,1,0,28,26
DESAT18_1;G12MT1,1,0,28,26
DESAT18_1;G12MT2,1,0,28,26
DESAT18_1;G13MT,1,0,28,26
DESAT18_1;G16MT,1,0,28,26
DESAT18_1;G6PDH2r,2,0,27,26
DESAT18_1;GALU,1,1,28,25
DESAT18_1;GLCMter,1,0,28,26
DESAT18_1;GLCNACPT,1,0,28,26
DESAT18_1;GLCNACT,1,0,28,26
DESAT18_1;GLYt2r,1,0,28,26
DESAT18_1;GND,2,0,27,26
DESAT18_1;H2Otg,1,1,28,25
DESAT18_1;HACD1m,1,0,28,26
DESAT18_1;HDCEACRNtr,0,1,29,25
DESAT18_1;HDCEAtr,0,1,29,25
DESAT18_1;HEX16,1,0,28,26
DESAT18_1;Htg,1,1,28,25
DESAT18_1;Htr,4,6,25,20
DESAT18_1;ICDHyr,1,0,28,26
DESAT18_1;M13N2Tg,1,0,28,26
DESAT18_1;M4MPDOL_ter,1,0,28,26
DESAT18_1;M7MASNBterg,1,0,28,26
DESAT18_1;MAN1PT2,1,0,28,26
DESAT18_1;MAN6PI,1,0,28,26
DESAT18_1;MANter,1,0,28,26
DESAT18_1;MANtg,1,0,28,26
DESAT18_1;MG1er,1,0,28,26
DESAT18_1;MG2er,1,0,28,26
DESAT18_1;MG3er,1,0,28,26
DESAT18_1;MM5bg,1,0,28,26
DESAT18_1;MM6B1ag,1,0,28,26
DESAT18_1;MM7B1g,1,0,28,26
DESAT18_1;MM8Ber,1,0,28,26
DESAT18_1;NDP7g,1,1,28,25
DESAT18_1;OXALSUCCCL,1,0,28,26
DESAT18_1;PGL,2,0,27,26
DESAT18_1;PGMT,1,1,28,25
DESAT18_1;PItg,1,1,28,25
DESAT18_1;PLMCOAPTr,2,0,27,26
DESAT18_1;PMANM,1,0,28,26
DESAT18_1;PPA,1,0,28,26
DESAT18_1;RTOT4,1,0,28,26
DESAT18_1;SE3,0,1,29,25
DESAT18_1;SOAT2,0,1,29,25
DESAT18_1;SUCCICITtm,1,0,28,26
DESAT18_1;SUCCt4_3,1,0,28,26
DESAT18_1;SUCOAS1m,1,0,28,26
DESAT18_1;TRDR,0,1,29,25
DESAT18_1;TTDCPT1,1,0,28,26
DESAT18_1;TTDCPT2,1,0,28,26
DESAT18_1;TTDCRNt,1,0,28,26
DESAT18_1;TXA2tr,0,1,29,25
DESAT18_1;TXB2c,0,1,29,25
DESAT18_1;TXB2r,0,1,29,25
DESAT18_1;TXB2tr,0,1,29,25
DESAT18_1;UAGDP,1,0,28,26
DESAT18_1;UDPDOLPT,1,0,28,26
DESAT18_1;UDPG4E,0,1,29,25
DESAT18_1;UDPGALtg,0,1,29,25
DESAT18_1;UGLCNACtg,1,0,28,26
DESAT22_1p;FCYTOB5OXRr,0,1,29,25
DGCHOLtx;HMGL,0,1,29,25
DGULND;FBA,0,2,29,24
DGULND;GLUDym,1,0,28,26
DGULND;NH4tm,1,0,28,26
DGULND;PFK,0,2,29,24
DGULND;PGI,0,1,29,25
DHAPA;ICDHyr,1,0,28,26
DHAPA;OXALSUCCCL,1,0,28,26
DHAPA;PIt7,1,0,28,26
DHAPA;TALA,2,0,27,26
DHCHOLESTANATEtm;HMGL,0,1,29,25
DHDPBMTm;GLYC3Ptmc,0,1,29,25
DHDPBMTm;GLYCtm,0,1,29,25
DHDPBMTm;GLYKm,0,1,29,25
DHDPBMTm;Htm,2,0,27,26
DHDPBMTm;NDP8,1,0,28,26
DHDPBMTm;PGLYCH,0,1,29,25
DHFR3m;GLYATm,0,1,29,25
DHFR3m;GLYtm,0,1,29,25
DHFR3m;THR3Dx,0,1,29,25
DHFR3x;O2t,0,1,29,25
DHFR;DHFR3m,6,1,23,25
DHFR;DHFR3x,6,1,23,25
DHFR;DHFRm,7,2,22,24
DHFR;DHFRx,0,16,29,10
DHFR;DHFtm,1,17,28,9
DHFR;DMGDHm,0,1,29,25
DHFR;DMGtm,0,1,29,25
DHFR;FALDte,0,1,29,25
DHFR;FALDtm,0,1,29,25
DHFR;FOLtm,6,1,23,25
DHFR;GLYBtm,0,1,29,25
DHFR;H2O2t,0,1,29,25
DHFR;ICDHyrm,0,2,29,24
DHFR;ICITCITtm,0,1,29,25
DHFR;ITCOALm,0,1,29,25
DHFR;MAL_Lte,0,1,29,25
DHFR;MCITS,0,1,29,25
DHFR;METAT,0,2,29,24
DHFR;MTHFC,0,1,29,25
DHFR;MTHFCm,0,1,29,25
DHFR;MTHFD2,0,1,29,25
DHFR;MTHFDm,0,1,29,25
DHFR;NADHtru,0,1,29,25
DHFR;NADtru,0,1,29,25
DHFR;O2t,0,1,29,25
DHFR;OBDHc,0,1,29,25
DHFR;OXALSUCCCLm,0,2,29,24
DHFR;PHETA1,0,1,29,25
DHFR;PHETA1m,0,1,29,25
DHFR;PHEt4m,0,1,29,25
DHFR;PHPYRtm,0,1,29,25
DHFR;PIt2m_2,0,1,29,25
DHFR;PMTCOAPTr,0,1,29,25
DHFR;PYRtm,0,1,29,25
DHFR;SARDHm,0,1,29,25
DHFR;THFtm,6,14,23,12
DHFR;TXA2tr,0,1,29,25
DHFR;TXB2c,0,1,29,25
DHFR;TXB2r,0,1,29,25
DHFR;TXB2tr,0,1,29,25
DHFRm;ENO,0,1,29,25
DHFRm;FBA,0,1,29,25
DHFRm;GAPD,0,1,29,25
DHFRm;GLYATm,0,1,29,25
DHFRm;GLYtm,0,1,29,25
DHFRm;HCO3E,0,1,29,25
DHFRm;HCO3Em,0,1,29,25
DHFRm;HCO3tm,0,1,29,25
DHFRm;PFK,0,1,29,25
DHFRm;PGK,0,1,29,25
DHFRm;PGM,0,1,29,25
DHFRm;PYK7,0,1,29,25
DHFRm;THFtm,1,0,28,26
DHFRm;THR3Dx,0,1,29,25
DHFRm;TPI,0,1,29,25
DHFRx;GLUDxm,0,1,29,25
DHFRx;GLUDym,0,1,29,25
DHFRx;H2O2t,0,1,29,25
DHFRx;ICDHyrm,0,2,29,24
DHFRx;ICITCITtm,0,1,29,25
DHFRx;ITCOALm,0,1,29,25
DHFRx;MAL_Lte,0,1,29,25
DHFRx;MCITS,0,1,29,25
DHFRx;METAT,0,1,29,25
DHFRx;MTHFC,0,1,29,25
DHFRx;MTHFD2,0,1,29,25
DHFRx;OBDHc,0,1,29,25
DHFRx;OXALSUCCCLm,0,2,29,24
DHFRx;PHETA1,0,1,29,25
DHFRx;PHETA1m,0,1,29,25
DHFRx;PHEt4m,0,1,29,25
DHFRx;PHPYRtm,0,1,29,25
DHFRx;PIt2m_2,0,1,29,25
DHFRx;PYRtm,0,1,29,25
DHFRx;TXA2tr,0,1,29,25
DHFRx;TXB2c,0,1,29,25
DHFRx;TXB2r,0,1,29,25
DHFRx;TXB2tr,0,1,29,25
DHFtm;ENO,0,1,29,25
DHFtm;FBA,0,1,29,25
DHFtm;GAPD,0,1,29,25
DHFtm;GLUDxm,0,1,29,25
DHFtm;GLUDym,0,1,29,25
DHFtm;H2O2t,0,1,29,25
DHFtm;HCO3E,0,1,29,25
DHFtm;HCO3Em,0,1,29,25
DHFtm;HCO3tm,0,1,29,25
DHFtm;ICDHyrm,0,2,29,24
DHFtm;ICITCITtm,0,1,29,25
DHFtm;ITCOALm,0,1,29,25
DHFtm;MAL_Lte,0,1,29,25
DHFtm;MCITS,0,1,29,25
DHFtm;METAT,0,1,29,25
DHFtm;MTHFC,0,1,29,25
DHFtm;MTHFD2,0,1,29,25
DHFtm;OBDHc,0,1,29,25
DHFtm;OXALSUCCCLm,0,2,29,24
DHFtm;PFK,0,1,29,25
DHFtm;PGK,0,1,29,25
DHFtm;PGM,0,1,29,25
DHFtm;PHETA1,0,1,29,25
DHFtm;PHETA1m,0,1,29,25
DHFtm;PHEt4m,0,1,29,25
DHFtm;PHPYRtm,0,1,29,25
DHFtm;PIt2m_2,0,1,29,25
DHFtm;PYK7,0,1,29,25
DHFtm;PYRtm,0,1,29,25
DHFtm;THFtm,1,0,28,26
DHFtm;TPI,0,1,29,25
DHFtm;TXA2tr,0,1,29,25
DHFtm;TXB2c,0,1,29,25
DHFtm;TXB2r,0,1,29,25
DHFtm;TXB2tr,0,1,29,25
DHPM1;NDPK3,2,3,27,23
DHPM2;GLUt2m,1,0,28,26
DHPM2;THFtm,1,0,28,26
DHPR;H2O2tp,0,1,29,25
DHPR;O2tp,0,1,29,25
DHPRy;AKGtn,1,0,28,26
DHPRy;CO2tn,1,0,28,26
DHPRy;FALDtn,1,0,28,26
DHPRy;MEOHt2,1,0,28,26
DHPRy;O2tn,1,0,28,26
DIGALSGALSIDEte;GF6PTA,3,0,26,26
DIGALSGALSIDEte;H2Otly,1,0,28,26
DIGALSGALSIDEte;IDHPOXOX2b,1,0,28,26
DIGALSGALSIDEte;IDHPOXOX3,1,0,28,26
DIGALSGALSIDEte;IDHPOXOXb,1,0,28,26
DIGALSGALSIDEte;LCYSTCBOXL,1,0,28,26
DIGALSGALSIDEte;NAIt,1,0,28,26
DIGALSGALSIDEte;NKCC2t,1,0,28,26
DIGALSGALSIDEte;SO4t4_3,0,1,29,25
DIGALSGALSIDEte;TAURCHAe,1,0,28,26
DIGALSGALSIDEte;THYPX,1,0,28,26
DIGALSGALSIDEte;UAG2EMAi,2,0,27,26
DIGALSGALSIDEte;UAGDP,3,0,26,26
DIGALSGALSIDEte;UGLCNACtg,3,0,26,26
DIGALSGALSIDEtg;GF6PTA,3,0,26,26
DIGALSGALSIDEtg;H2Otly,1,0,28,26
DIGALSGALSIDEtg;IDHPOXOX2b,1,0,28,26
DIGALSGALSIDEtg;IDHPOXOX3,1,0,28,26
DIGALSGALSIDEtg;IDHPOXOXb,1,0,28,26
DIGALSGALSIDEtg;LCYSTCBOXL,1,0,28,26
DIGALSGALSIDEtg;NAIt,1,0,28,26
DIGALSGALSIDEtg;NKCC2t,1,0,28,26
DIGALSGALSIDEtg;SO4t4_3,0,1,29,25
DIGALSGALSIDEtg;TAURCHAe,1,0,28,26
DIGALSGALSIDEtg;THYPX,1,0,28,26
DIGALSGALSIDEtg;UAG2EMAi,2,0,27,26
DIGALSGALSIDEtg;UAGDP,3,0,26,26
DIGALSGALSIDEtg;UGLCNACtg,3,0,26,26
DLD;FAE180,1,0,28,26
DLD;FAE201,1,0,28,26
DLD;FAE221,1,0,28,26
DLD;FAE241,1,0,28,26
DLD;FUM,1,0,28,26
DLD;GLYATm,1,0,28,26
DLD;GLYC3Ptm,1,0,28,26
DLD;GLYC3Ptmc,2,0,27,26
DLD;GLYtm,1,0,28,26
DLD;HACD180,1,0,28,26
DLD;HACD201,1,0,28,26
DLD;HACD221,1,0,28,26
DLD;HACD241,1,0,28,26
DLD;HCO3Ee,1,0,28,26
DLD;HSD180,1,0,28,26
DLD;HSD201,1,0,28,26
DLD;HSD221,1,0,28,26
DLD;HSD241,1,0,28,26
DLD;Htm,1,0,28,26
DLD;Htr,1,0,28,26
DLD;Htx,1,0,28,26
DLD;MALACONtm,1,0,28,26
DLD;MALCOAMT,1,0,28,26
DLD;MALCOAMTr,1,0,28,26
DLD;NACDe,1,0,28,26
DLD;NACPRT,1,0,28,26
DLD;NADHtpu,1,0,28,26
DLD;NADtx,1,0,28,26
DLD;NCAMDe,1,0,28,26
DLD;NMNDA,1,0,28,26
DLD;NMNS,1,0,28,26
DLD;NRVNCCOAtr,1,0,28,26
DLD;NRVNCCOAtxc,1,0,28,26
DLD;O2tp,1,0,28,26
DLD;TECR180,1,0,28,26
DLD;TECR201,1,0,28,26
DLD;TECR221,1,0,28,26
DLD;TECR241,1,0,28,26
DLD;THR3Dx,1,1,28,25
DLD;THRA,1,0,28,26
DMGDHm;ARTFR52,3,0,26,26
DMGDHm;FAE180,3,0,26,26
DMGDHm;FAE200,3,0,26,26
DMGDHm;FAE220,3,0,26,26
DMGDHm;FAE240,3,0,26,26
DMGDHm;FAE260,3,0,26,26
DMGDHm;G6PDH2rer,1,0,28,26
DMGDHm;H2Oter,1,0,28,26
DMGDHm;HACD180,3,0,26,26
DMGDHm;HACD200,3,0,26,26
DMGDHm;HACD220,3,0,26,26
DMGDHm;HACD240,3,0,26,26
DMGDHm;HACD260,3,0,26,26
DMGDHm;HCO3E,0,1,29,25
DMGDHm;HCO3Em,0,1,29,25
DMGDHm;HCO3tm,0,1,29,25
DMGDHm;HEX12,1,0,28,26
DMGDHm;HEXCCOAtr,3,0,26,26
DMGDHm;HSD180,3,0,26,26
DMGDHm;HSD200,3,0,26,26
DMGDHm;HSD220,3,0,26,26
DMGDHm;HSD240,3,0,26,26
DMGDHm;HSD260,3,0,26,26
DMGDHm;ICDHyrm,1,0,28,26
DMGDHm;MTHFC,0,1,29,25
DMGDHm;MTHFD2,0,1,29,25
DMGDHm;PROGLUtm,1,0,28,26
DMGDHm;PROtm,1,0,28,26
DMGDHm;RTOT5,3,0,26,26
DMGDHm;SERCYSNaEx,1,0,28,26
DMGDHm;SERt4,2,1,27,25
DMGDHm;TECR180,3,0,26,26
DMGDHm;TECR200,3,0,26,26
DMGDHm;TECR220,3,0,26,26
DMGDHm;TECR240,3,0,26,26
DMGDHm;TECR260,3,0,26,26
DMGtm;ARTFR52,3,0,26,26
DMGtm;FAE180,3,0,26,26
DMGtm;FAE200,3,0,26,26
DMGtm;FAE220,3,0,26,26
DMGtm;FAE240,3,0,26,26
DMGtm;FAE260,3,0,26,26
DMGtm;G6PDH2rer,1,0,28,26
DMGtm;H2Oter,1,0,28,26
DMGtm;HACD180,3,0,26,26
DMGtm;HACD200,3,0,26,26
DMGtm;HACD220,3,0,26,26
DMGtm;HACD240,3,0,26,26
DMGtm;HACD260,3,0,26,26
DMGtm;HCO3E,0,1,29,25
DMGtm;HCO3Em,0,1,29,25
DMGtm;HCO3tm,0,1,29,25
DMGtm;HEX12,1,0,28,26
DMGtm;HEXCCOAtr,3,0,26,26
DMGtm;HSD180,3,0,26,26
DMGtm;HSD200,3,0,26,26
DMGtm;HSD220,3,0,26,26
DMGtm;HSD240,3,0,26,26
DMGtm;HSD260,3,0,26,26
DMGtm;ICDHyrm,1,0,28,26
DMGtm;MTHFC,0,1,29,25
DMGtm;MTHFD2,0,1,29,25
DMGtm;PROGLUtm,1,0,28,26
DMGtm;PROtm,1,0,28,26
DMGtm;RTOT5,3,0,26,26
DMGtm;SERCYSNaEx,1,0,28,26
DMGtm;SERt4,2,1,27,25
DMGtm;TECR180,3,0,26,26
DMGtm;TECR200,3,0,26,26
DMGtm;TECR220,3,0,26,26
DMGtm;TECR240,3,0,26,26
DMGtm;TECR260,3,0,26,26
DNDPt42m;NDP8,1,0,28,26
DNDPt58m;FBA3,1,0,28,26
DNDPt58m;Htm,0,1,29,25
DNDPt58m;PFK_3,1,0,28,26
DNDPt58m;PPA,1,0,28,26
DNDPt58m;RPE,1,0,28,26
DNDPt58m;TKT1,1,0,28,26
DNDPt58m;TKT2,1,0,28,26
DNPH2;NDPK1,0,2,29,24
DNPH2;PYK6,0,1,29,25
DNPH3;NDPK3,2,3,27,23
DNPH4;THFtm,1,0,28,26
DOCO13ACtr;G6PDH2r,1,0,28,26
DOCO13ACtr;GND,1,0,28,26
DOCO13ACtr;Htr,1,1,28,25
DOCO13ACtr;PGL,1,0,28,26
DOCOSECOAtr;G6PDH2r,1,0,28,26
DOCOSECOAtr;GND,1,0,28,26
DOCOSECOAtr;Htr,1,1,28,25
DOCOSECOAtr;PGL,1,0,28,26
DOLASNTer;DPCOAK,0,1,29,25
DOLASNTer;FAE180,1,0,28,26
DOLASNTer;FAE201,1,0,28,26
DOLASNTer;FAE221,1,0,28,26
DOLASNTer;FCLTm,1,0,28,26
DOLASNTer;FE2tm,1,0,28,26
DOLASNTer;G6PDH2rer,1,0,28,26
DOLASNTer;GLUDym,1,0,28,26
DOLASNTer;H2Oter,1,0,28,26
DOLASNTer;HACD180,1,0,28,26
DOLASNTer;HACD201,1,0,28,26
DOLASNTer;HACD221,1,0,28,26
DOLASNTer;HMBS,1,0,28,26
DOLASNTer;HOXG,1,0,28,26
DOLASNTer;HSD180,1,0,28,26
DOLASNTer;HSD201,1,0,28,26
DOLASNTer;HSD221,1,0,28,26
DOLASNTer;MALCOAMT,1,0,28,26
DOLASNTer;MALCOAMTr,1,0,28,26
DOLASNTer;NDP7er,5,0,24,26
DOLASNTer;NH4tm,1,0,28,26
DOLASNTer;PGI,1,0,28,26
DOLASNTer;PHEMEtm,1,0,28,26
DOLASNTer;PNTK,0,1,29,25
DOLASNTer;PNTOt2e,0,1,29,25
DOLASNTer;PPBNGS,1,0,28,26
DOLASNTer;PPCDC,0,1,29,25
DOLASNTer;PPIPItr,0,1,29,25
DOLASNTer;PPNCL2,0,1,29,25
DOLASNTer;PPPG9tm,1,0,28,26
DOLASNTer;PPPGOm,1,0,28,26
DOLASNTer;PTPAT,0,1,29,25
DOLASNTer;TECR180,1,0,28,26
DOLASNTer;TECR201,1,0,28,26
DOLASNTer;TECR221,1,0,28,26
DOLASNTer;UDPGD,1,0,28,26
DOLASNTer;UDPGLCAter,1,0,28,26
DOLASNTer;UGT1A2r,1,0,28,26
DOLASNTer;UPP3S,1,0,28,26
DOLASNTer;UPPDC1,1,0,28,26
DOLDPPer;DPCOAK,0,1,29,25
DOLDPPer;FAE180,1,0,28,26
DOLDPPer;FAE201,1,0,28,26
DOLDPPer;FAE221,1,0,28,26
DOLDPPer;FCLTm,1,0,28,26
DOLDPPer;FE2tm,1,0,28,26
DOLDPPer;G6PDH2rer,1,0,28,26
DOLDPPer;GLUDym,1,0,28,26
DOLDPPer;H2Oter,1,0,28,26
DOLDPPer;HACD180,1,0,28,26
DOLDPPer;HACD201,1,0,28,26
DOLDPPer;HACD221,1,0,28,26
DOLDPPer;HMBS,1,0,28,26
DOLDPPer;HOXG,1,0,28,26
DOLDPPer;HSD180,1,0,28,26
DOLDPPer;HSD201,1,0,28,26
DOLDPPer;HSD221,1,0,28,26
DOLDPPer;MALCOAMT,1,0,28,26
DOLDPPer;MALCOAMTr,1,0,28,26
DOLDPPer;NDP7er,5,0,24,26
DOLDPPer;NH4tm,1,0,28,26
DOLDPPer;PGI,1,0,28,26
DOLDPPer;PHEMEtm,1,0,28,26
DOLDPPer;PNTK,0,1,29,25
DOLDPPer;PNTOt2e,0,1,29,25
DOLDPPer;PPBNGS,1,0,28,26
DOLDPPer;PPCDC,0,1,29,25
DOLDPPer;PPIPItr,0,1,29,25
DOLDPPer;PPNCL2,0,1,29,25
DOLDPPer;PPPG9tm,1,0,28,26
DOLDPPer;PPPGOm,1,0,28,26
DOLDPPer;PTPAT,0,1,29,25
DOLDPPer;TECR180,1,0,28,26
DOLDPPer;TECR201,1,0,28,26
DOLDPPer;TECR221,1,0,28,26
DOLDPPer;UDPGD,1,0,28,26
DOLDPPer;UDPGLCAter,1,0,28,26
DOLDPPer;UGT1A2r,1,0,28,26
DOLDPPer;UPP3S,1,0,28,26
DOLDPPer;UPPDC1,1,0,28,26
DOLGLCP_ter;DPCOAK,0,1,29,25
DOLGLCP_ter;FAE180,1,0,28,26
DOLGLCP_ter;FAE201,1,0,28,26
DOLGLCP_ter;FAE221,1,0,28,26
DOLGLCP_ter;FCLTm,1,0,28,26
DOLGLCP_ter;FE2tm,1,0,28,26
DOLGLCP_ter;G6PDH2rer,1,0,28,26
DOLGLCP_ter;GLUDym,1,0,28,26
DOLGLCP_ter;H2Oter,1,0,28,26
DOLGLCP_ter;HACD180,1,0,28,26
DOLGLCP_ter;HACD201,1,0,28,26
DOLGLCP_ter;HACD221,1,0,28,26
DOLGLCP_ter;HMBS,1,0,28,26
DOLGLCP_ter;HOXG,1,0,28,26
DOLGLCP_ter;HSD180,1,0,28,26
DOLGLCP_ter;HSD201,1,0,28,26
DOLGLCP_ter;HSD221,1,0,28,26
DOLGLCP_ter;MALCOAMT,1,0,28,26
DOLGLCP_ter;MALCOAMTr,1,0,28,26
DOLGLCP_ter;NDP7er,5,0,24,26
DOLGLCP_ter;NH4tm,1,0,28,26
DOLGLCP_ter;PGI,1,0,28,26
DOLGLCP_ter;PHEMEtm,1,0,28,26
DOLGLCP_ter;PNTK,0,1,29,25
DOLGLCP_ter;PNTOt2e,0,1,29,25
DOLGLCP_ter;PPBNGS,1,0,28,26
DOLGLCP_ter;PPCDC,0,1,29,25
DOLGLCP_ter;PPIPItr,0,1,29,25
DOLGLCP_ter;PPNCL2,0,1,29,25
DOLGLCP_ter;PPPG9tm,1,0,28,26
DOLGLCP_ter;PPPGOm,1,0,28,26
DOLGLCP_ter;PTPAT,0,1,29,25
DOLGLCP_ter;TECR180,1,0,28,26
DOLGLCP_ter;TECR201,1,0,28,26
DOLGLCP_ter;TECR221,1,0,28,26
DOLGLCP_ter;UDPGD,1,0,28,26
DOLGLCP_ter;UDPGLCAter,1,0,28,26
DOLGLCP_ter;UGT1A2r,1,0,28,26
DOLGLCP_ter;UPP3S,1,0,28,26
DOLGLCP_ter;UPPDC1,1,0,28,26
DOLMANP_ter;DPCOAK,0,1,29,25
DOLMANP_ter;FAE180,1,0,28,26
DOLMANP_ter;FAE201,1,0,28,26
DOLMANP_ter;FAE221,1,0,28,26
DOLMANP_ter;FCLTm,1,0,28,26
DOLMANP_ter;FE2tm,1,0,28,26
DOLMANP_ter;G6PDH2rer,2,0,27,26
DOLMANP_ter;GALGLUSIDEtg,1,0,28,26
DOLMANP_ter;GALGLUSIDEtr,1,0,28,26
DOLMANP_ter;GDPFUCtg,1,0,28,26
DOLMANP_ter;GDPtg,1,0,28,26
DOLMANP_ter;GFUCSx,1,0,28,26
DOLMANP_ter;GLUDym,1,0,28,26
DOLMANP_ter;GMAND,1,0,28,26
DOLMANP_ter;GMPtg,1,0,28,26
DOLMANP_ter;GNDer,1,0,28,26
DOLMANP_ter;H2Oter,1,0,28,26
DOLMANP_ter;HACD180,1,0,28,26
DOLMANP_ter;HACD201,1,0,28,26
DOLMANP_ter;HACD221,1,0,28,26
DOLMANP_ter;HMBS,1,0,28,26
DOLMANP_ter;HOXG,1,0,28,26
DOLMANP_ter;HSD180,1,0,28,26
DOLMANP_ter;HSD201,1,0,28,26
DOLMANP_ter;HSD221,1,0,28,26
DOLMANP_ter;MALCOAMT,1,0,28,26
DOLMANP_ter;MALCOAMTr,1,0,28,26
DOLMANP_ter;NDP7er,5,0,24,26
DOLMANP_ter;NH4tm,1,0,28,26
DOLMANP_ter;PGI,1,0,28,26
DOLMANP_ter;PGLer,1,0,28,26
DOLMANP_ter;PHEMEtm,1,0,28,26
DOLMANP_ter;PNTK,0,1,29,25
DOLMANP_ter;PNTOt2e,0,1,29,25
DOLMANP_ter;PPAer,1,0,28,26
DOLMANP_ter;PPBNGS,1,0,28,26
DOLMANP_ter;PPCDC,0,1,29,25
DOLMANP_ter;PPIPItr,0,1,29,25
DOLMANP_ter;PPItr,1,0,28,26
DOLMANP_ter;PPNCL2,0,1,29,25
DOLMANP_ter;PPPG9tm,1,0,28,26
DOLMANP_ter;PPPGOm,1,0,28,26
DOLMANP_ter;PTPAT,0,1,29,25
DOLMANP_ter;R5Ptr,0,14,29,12
DOLMANP_ter;RPI,2,0,27,26
DOLMANP_ter;RPIr,0,14,29,12
DOLMANP_ter;RU5Ptr,1,14,28,12
DOLMANP_ter;TECR180,1,0,28,26
DOLMANP_ter;TECR201,1,0,28,26
DOLMANP_ter;TECR221,1,0,28,26
DOLMANP_ter;UDPG4E,1,0,28,26
DOLMANP_ter;UDPGALt2r,1,0,28,26
DOLMANP_ter;UDPGALtg,1,0,28,26
DOLMANP_ter;UDPGD,1,0,28,26
DOLMANP_ter;UDPGGPGTr,1,0,28,26
DOLMANP_ter;UDPGLCAter,4,0,25,26
DOLMANP_ter;UGCGc,1,0,28,26
DOLMANP_ter;UGT1A2r,1,0,28,26
DOLMANP_ter;UMPtr,1,0,28,26
DOLMANP_ter;UPP3S,1,0,28,26
DOLMANP_ter;UPPDC1,1,0,28,26
DOLPGT1er;DPCOAK,0,1,29,25
DOLPGT1er;FAE180,1,0,28,26
DOLPGT1er;FAE201,1,0,28,26
DOLPGT1er;FAE221,1,0,28,26
DOLPGT1er;FCLTm,1,0,28,26
DOLPGT1er;FE2tm,1,0,28,26
DOLPGT1er;G6PDH2rer,1,0,28,26
DOLPGT1er;GLUDym,1,0,28,26
DOLPGT1er;H2Oter,1,0,28,26
DOLPGT1er;HACD180,1,0,28,26
DOLPGT1er;HACD201,1,0,28,26
DOLPGT1er;HACD221,1,0,28,26
DOLPGT1er;HMBS,1,0,28,26
DOLPGT1er;HOXG,1,0,28,26
DOLPGT1er;HSD180,1,0,28,26
DOLPGT1er;HSD201,1,0,28,26
DOLPGT1er;HSD221,1,0,28,26
DOLPGT1er;MALCOAMT,1,0,28,26
DOLPGT1er;MALCOAMTr,1,0,28,26
DOLPGT1er;NDP7er,5,0,24,26
DOLPGT1er;NH4tm,1,0,28,26
DOLPGT1er;PGI,1,0,28,26
DOLPGT1er;PHEMEtm,1,0,28,26
DOLPGT1er;PNTK,0,1,29,25
DOLPGT1er;PNTOt2e,0,1,29,25
DOLPGT1er;PPBNGS,1,0,28,26
DOLPGT1er;PPCDC,0,1,29,25
DOLPGT1er;PPIPItr,0,1,29,25
DOLPGT1er;PPNCL2,0,1,29,25
DOLPGT1er;PPPG9tm,1,0,28,26
DOLPGT1er;PPPGOm,1,0,28,26
DOLPGT1er;PTPAT,0,1,29,25
DOLPGT1er;TECR180,1,0,28,26
DOLPGT1er;TECR201,1,0,28,26
DOLPGT1er;TECR221,1,0,28,26
DOLPGT1er;UDPGD,1,0,28,26
DOLPGT1er;UDPGLCAter,1,0,28,26
DOLPGT1er;UGT1A2r,1,0,28,26
DOLPGT1er;UPP3S,1,0,28,26
DOLPGT1er;UPPDC1,1,0,28,26
DOLPGT2er;DPCOAK,0,1,29,25
DOLPGT2er;FAE180,1,0,28,26
DOLPGT2er;FAE201,1,0,28,26
DOLPGT2er;FAE221,1,0,28,26
DOLPGT2er;FCLTm,1,0,28,26
DOLPGT2er;FE2tm,1,0,28,26
DOLPGT2er;G6PDH2rer,1,0,28,26
DOLPGT2er;GLUDym,1,0,28,26
DOLPGT2er;H2Oter,1,0,28,26
DOLPGT2er;HACD180,1,0,28,26
DOLPGT2er;HACD201,1,0,28,26
DOLPGT2er;HACD221,1,0,28,26
DOLPGT2er;HMBS,1,0,28,26
DOLPGT2er;HOXG,1,0,28,26
DOLPGT2er;HSD180,1,0,28,26
DOLPGT2er;HSD201,1,0,28,26
DOLPGT2er;HSD221,1,0,28,26
DOLPGT2er;MALCOAMT,1,0,28,26
DOLPGT2er;MALCOAMTr,1,0,28,26
DOLPGT2er;NDP7er,5,0,24,26
DOLPGT2er;NH4tm,1,0,28,26
DOLPGT2er;PGI,1,0,28,26
DOLPGT2er;PHEMEtm,1,0,28,26
DOLPGT2er;PNTK,0,1,29,25
DOLPGT2er;PNTOt2e,0,1,29,25
DOLPGT2er;PPBNGS,1,0,28,26
DOLPGT2er;PPCDC,0,1,29,25
DOLPGT2er;PPIPItr,0,1,29,25
DOLPGT2er;PPNCL2,0,1,29,25
DOLPGT2er;PPPG9tm,1,0,28,26
DOLPGT2er;PPPGOm,1,0,28,26
DOLPGT2er;PTPAT,0,1,29,25
DOLPGT2er;TECR180,1,0,28,26
DOLPGT2er;TECR201,1,0,28,26
DOLPGT2er;TECR221,1,0,28,26
DOLPGT2er;UDPGD,1,0,28,26
DOLPGT2er;UDPGLCAter,1,0,28,26
DOLPGT2er;UGT1A2r,1,0,28,26
DOLPGT2er;UPP3S,1,0,28,26
DOLPGT2er;UPPDC1,1,0,28,26
DOLPGT3er;DPCOAK,0,1,29,25
DOLPGT3er;FAE180,1,0,28,26
DOLPGT3er;FAE201,1,0,28,26
DOLPGT3er;FAE221,1,0,28,26
DOLPGT3er;FCLTm,1,0,28,26
DOLPGT3er;FE2tm,1,0,28,26
DOLPGT3er;G6PDH2rer,1,0,28,26
DOLPGT3er;GLUDym,1,0,28,26
DOLPGT3er;H2Oter,1,0,28,26
DOLPGT3er;HACD180,1,0,28,26
DOLPGT3er;HACD201,1,0,28,26
DOLPGT3er;HACD221,1,0,28,26
DOLPGT3er;HMBS,1,0,28,26
DOLPGT3er;HOXG,1,0,28,26
DOLPGT3er;HSD180,1,0,28,26
DOLPGT3er;HSD201,1,0,28,26
DOLPGT3er;HSD221,1,0,28,26
DOLPGT3er;MALCOAMT,1,0,28,26
DOLPGT3er;MALCOAMTr,1,0,28,26
DOLPGT3er;NDP7er,5,0,24,26
DOLPGT3er;NH4tm,1,0,28,26
DOLPGT3er;PGI,1,0,28,26
DOLPGT3er;PHEMEtm,1,0,28,26
DOLPGT3er;PNTK,0,1,29,25
DOLPGT3er;PNTOt2e,0,1,29,25
DOLPGT3er;PPBNGS,1,0,28,26
DOLPGT3er;PPCDC,0,1,29,25
DOLPGT3er;PPIPItr,0,1,29,25
DOLPGT3er;PPNCL2,0,1,29,25
DOLPGT3er;PPPG9tm,1,0,28,26
DOLPGT3er;PPPGOm,1,0,28,26
DOLPGT3er;PTPAT,0,1,29,25
DOLPGT3er;TECR180,1,0,28,26
DOLPGT3er;TECR201,1,0,28,26
DOLPGT3er;TECR221,1,0,28,26
DOLPGT3er;UDPGD,1,0,28,26
DOLPGT3er;UDPGLCAter,1,0,28,26
DOLPGT3er;UGT1A2r,1,0,28,26
DOLPGT3er;UPP3S,1,0,28,26
DOLPGT3er;UPPDC1,1,0,28,26
DOLPMT1er;DPCOAK,0,1,29,25
DOLPMT1er;FAE180,1,0,28,26
DOLPMT1er;FAE201,1,0,28,26
DOLPMT1er;FAE221,1,0,28,26
DOLPMT1er;FCLTm,1,0,28,26
DOLPMT1er;FE2tm,1,0,28,26
DOLPMT1er;G6PDH2rer,1,0,28,26
DOLPMT1er;GLUDym,1,0,28,26
DOLPMT1er;H2Oter,1,0,28,26
DOLPMT1er;HACD180,1,0,28,26
DOLPMT1er;HACD201,1,0,28,26
DOLPMT1er;HACD221,1,0,28,26
DOLPMT1er;HMBS,1,0,28,26
DOLPMT1er;HOXG,1,0,28,26
DOLPMT1er;HSD180,1,0,28,26
DOLPMT1er;HSD201,1,0,28,26
DOLPMT1er;HSD221,1,0,28,26
DOLPMT1er;MALCOAMT,1,0,28,26
DOLPMT1er;MALCOAMTr,1,0,28,26
DOLPMT1er;NDP7er,5,0,24,26
DOLPMT1er;NH4tm,1,0,28,26
DOLPMT1er;PGI,1,0,28,26
DOLPMT1er;PHEMEtm,1,0,28,26
DOLPMT1er;PNTK,0,1,29,25
DOLPMT1er;PNTOt2e,0,1,29,25
DOLPMT1er;PPBNGS,1,0,28,26
DOLPMT1er;PPCDC,0,1,29,25
DOLPMT1er;PPIPItr,0,1,29,25
DOLPMT1er;PPNCL2,0,1,29,25
DOLPMT1er;PPPG9tm,1,0,28,26
DOLPMT1er;PPPGOm,1,0,28,26
DOLPMT1er;PTPAT,0,1,29,25
DOLPMT1er;TECR180,1,0,28,26
DOLPMT1er;TECR201,1,0,28,26
DOLPMT1er;TECR221,1,0,28,26
DOLPMT1er;UDPGD,1,0,28,26
DOLPMT1er;UDPGLCAter,1,0,28,26
DOLPMT1er;UGT1A2r,1,0,28,26
DOLPMT1er;UPP3S,1,0,28,26
DOLPMT1er;UPPDC1,1,0,28,26
DOLPMT2_er;DPCOAK,0,1,29,25
DOLPMT2_er;FAE180,1,0,28,26
DOLPMT2_er;FAE201,1,0,28,26
DOLPMT2_er;FAE221,1,0,28,26
DOLPMT2_er;FCLTm,1,0,28,26
DOLPMT2_er;FE2tm,1,0,28,26
DOLPMT2_er;G6PDH2rer,1,0,28,26
DOLPMT2_er;GLUDym,1,0,28,26
DOLPMT2_er;H2Oter,1,0,28,26
DOLPMT2_er;HACD180,1,0,28,26
DOLPMT2_er;HACD201,1,0,28,26
DOLPMT2_er;HACD221,1,0,28,26
DOLPMT2_er;HMBS,1,0,28,26
DOLPMT2_er;HOXG,1,0,28,26
DOLPMT2_er;HSD180,1,0,28,26
DOLPMT2_er;HSD201,1,0,28,26
DOLPMT2_er;HSD221,1,0,28,26
DOLPMT2_er;MALCOAMT,1,0,28,26
DOLPMT2_er;MALCOAMTr,1,0,28,26
DOLPMT2_er;NDP7er,5,0,24,26
DOLPMT2_er;NH4tm,1,0,28,26
DOLPMT2_er;PGI,1,0,28,26
DOLPMT2_er;PHEMEtm,1,0,28,26
DOLPMT2_er;PNTK,0,1,29,25
DOLPMT2_er;PNTOt2e,0,1,29,25
DOLPMT2_er;PPBNGS,1,0,28,26
DOLPMT2_er;PPCDC,0,1,29,25
DOLPMT2_er;PPIPItr,0,1,29,25
DOLPMT2_er;PPNCL2,0,1,29,25
DOLPMT2_er;PPPG9tm,1,0,28,26
DOLPMT2_er;PPPGOm,1,0,28,26
DOLPMT2_er;PTPAT,0,1,29,25
DOLPMT2_er;TECR180,1,0,28,26
DOLPMT2_er;TECR201,1,0,28,26
DOLPMT2_er;TECR221,1,0,28,26
DOLPMT2_er;UDPGD,1,0,28,26
DOLPMT2_er;UDPGLCAter,1,0,28,26
DOLPMT2_er;UGT1A2r,1,0,28,26
DOLPMT2_er;UPP3S,1,0,28,26
DOLPMT2_er;UPPDC1,1,0,28,26
DOLPMT3er;DPCOAK,0,1,29,25
DOLPMT3er;FAE180,1,0,28,26
DOLPMT3er;FAE201,1,0,28,26
DOLPMT3er;FAE221,1,0,28,26
DOLPMT3er;FCLTm,1,0,28,26
DOLPMT3er;FE2tm,1,0,28,26
DOLPMT3er;G6PDH2rer,1,0,28,26
DOLPMT3er;GLUDym,1,0,28,26
DOLPMT3er;H2Oter,1,0,28,26
DOLPMT3er;HACD180,1,0,28,26
DOLPMT3er;HACD201,1,0,28,26
DOLPMT3er;HACD221,1,0,28,26
DOLPMT3er;HMBS,1,0,28,26
DOLPMT3er;HOXG,1,0,28,26
DOLPMT3er;HSD180,1,0,28,26
DOLPMT3er;HSD201,1,0,28,26
DOLPMT3er;HSD221,1,0,28,26
DOLPMT3er;MALCOAMT,1,0,28,26
DOLPMT3er;MALCOAMTr,1,0,28,26
DOLPMT3er;NDP7er,5,0,24,26
DOLPMT3er;NH4tm,1,0,28,26
DOLPMT3er;PGI,1,0,28,26
DOLPMT3er;PHEMEtm,1,0,28,26
DOLPMT3er;PNTK,0,1,29,25
DOLPMT3er;PNTOt2e,0,1,29,25
DOLPMT3er;PPBNGS,1,0,28,26
DOLPMT3er;PPCDC,0,1,29,25
DOLPMT3er;PPIPItr,0,1,29,25
DOLPMT3er;PPNCL2,0,1,29,25
DOLPMT3er;PPPG9tm,1,0,28,26
DOLPMT3er;PPPGOm,1,0,28,26
DOLPMT3er;PTPAT,0,1,29,25
DOLPMT3er;TECR180,1,0,28,26
DOLPMT3er;TECR201,1,0,28,26
DOLPMT3er;TECR221,1,0,28,26
DOLPMT3er;UDPGD,1,0,28,26
DOLPMT3er;UDPGLCAter,1,0,28,26
DOLPMT3er;UGT1A2r,1,0,28,26
DOLPMT3er;UPP3S,1,0,28,26
DOLPMT3er;UPPDC1,1,0,28,26
DOLPMT4_er;DPCOAK,0,1,29,25
DOLPMT4_er;FAE180,1,0,28,26
DOLPMT4_er;FAE201,1,0,28,26
DOLPMT4_er;FAE221,1,0,28,26
DOLPMT4_er;FCLTm,1,0,28,26
DOLPMT4_er;FE2tm,1,0,28,26
DOLPMT4_er;G6PDH2rer,1,0,28,26
DOLPMT4_er;GLUDym,1,0,28,26
DOLPMT4_er;H2Oter,1,0,28,26
DOLPMT4_er;HACD180,1,0,28,26
DOLPMT4_er;HACD201,1,0,28,26
DOLPMT4_er;HACD221,1,0,28,26
DOLPMT4_er;HMBS,1,0,28,26
DOLPMT4_er;HOXG,1,0,28,26
DOLPMT4_er;HSD180,1,0,28,26
DOLPMT4_er;HSD201,1,0,28,26
DOLPMT4_er;HSD221,1,0,28,26
DOLPMT4_er;MALCOAMT,1,0,28,26
DOLPMT4_er;MALCOAMTr,1,0,28,26
DOLPMT4_er;NDP7er,5,0,24,26
DOLPMT4_er;NH4tm,1,0,28,26
DOLPMT4_er;PGI,1,0,28,26
DOLPMT4_er;PHEMEtm,1,0,28,26
DOLPMT4_er;PNTK,0,1,29,25
DOLPMT4_er;PNTOt2e,0,1,29,25
DOLPMT4_er;PPBNGS,1,0,28,26
DOLPMT4_er;PPCDC,0,1,29,25
DOLPMT4_er;PPIPItr,0,1,29,25
DOLPMT4_er;PPNCL2,0,1,29,25
DOLPMT4_er;PPPG9tm,1,0,28,26
DOLPMT4_er;PPPGOm,1,0,28,26
DOLPMT4_er;PTPAT,0,1,29,25
DOLPMT4_er;TECR180,1,0,28,26
DOLPMT4_er;TECR201,1,0,28,26
DOLPMT4_er;TECR221,1,0,28,26
DOLPMT4_er;UDPGD,1,0,28,26
DOLPMT4_er;UDPGLCAter,1,0,28,26
DOLPMT4_er;UGT1A2r,1,0,28,26
DOLPMT4_er;UPP3S,1,0,28,26
DOLPMT4_er;UPPDC1,1,0,28,26
DOLPMT;DPCOAK,0,1,29,25
DOLPMT;FAE180,1,0,28,26
DOLPMT;FAE201,1,0,28,26
DOLPMT;FAE221,1,0,28,26
DOLPMT;FCLTm,1,0,28,26
DOLPMT;FE2tm,1,0,28,26
DOLPMT;G6PDH2rer,2,0,27,26
DOLPMT;GALGLUSIDEtg,1,0,28,26
DOLPMT;GALGLUSIDEtr,1,0,28,26
DOLPMT;GDPFUCtg,1,0,28,26
DOLPMT;GDPtg,1,0,28,26
DOLPMT;GFUCSx,1,0,28,26
DOLPMT;GLUDym,1,0,28,26
DOLPMT;GMAND,1,0,28,26
DOLPMT;GMPtg,1,0,28,26
DOLPMT;GNDer,1,0,28,26
DOLPMT;H2Oter,1,0,28,26
DOLPMT;HACD180,1,0,28,26
DOLPMT;HACD201,1,0,28,26
DOLPMT;HACD221,1,0,28,26
DOLPMT;HMBS,1,0,28,26
DOLPMT;HOXG,1,0,28,26
DOLPMT;HSD180,1,0,28,26
DOLPMT;HSD201,1,0,28,26
DOLPMT;HSD221,1,0,28,26
DOLPMT;MALCOAMT,1,0,28,26
DOLPMT;MALCOAMTr,1,0,28,26
DOLPMT;NDP7er,5,0,24,26
DOLPMT;NH4tm,1,0,28,26
DOLPMT;PGI,1,0,28,26
DOLPMT;PGLer,1,0,28,26
DOLPMT;PHEMEtm,1,0,28,26
DOLPMT;PNTK,0,1,29,25
DOLPMT;PNTOt2e,0,1,29,25
DOLPMT;PPAer,1,0,28,26
DOLPMT;PPBNGS,1,0,28,26
DOLPMT;PPCDC,0,1,29,25
DOLPMT;PPIPItr,0,1,29,25
DOLPMT;PPItr,1,0,28,26
DOLPMT;PPNCL2,0,1,29,25
DOLPMT;PPPG9tm,1,0,28,26
DOLPMT;PPPGOm,1,0,28,26
DOLPMT;PTPAT,0,1,29,25
DOLPMT;R5Ptr,0,14,29,12
DOLPMT;RPI,2,0,27,26
DOLPMT;RPIr,0,14,29,12
DOLPMT;RU5Ptr,1,14,28,12
DOLPMT;TECR180,1,0,28,26
DOLPMT;TECR201,1,0,28,26
DOLPMT;TECR221,1,0,28,26
DOLPMT;UDPG4E,1,0,28,26
DOLPMT;UDPGALt2r,1,0,28,26
DOLPMT;UDPGALtg,1,0,28,26
DOLPMT;UDPGD,1,0,28,26
DOLPMT;UDPGGPGTr,1,0,28,26
DOLPMT;UDPGLCAter,4,0,25,26
DOLPMT;UGCGc,1,0,28,26
DOLPMT;UGT1A2r,1,0,28,26
DOLPMT;UMPtr,1,0,28,26
DOLPMT;UPP3S,1,0,28,26
DOLPMT;UPPDC1,1,0,28,26
DOLPOMTr;R5Ptr,0,14,29,12
DOLPOMTr;RPI,2,0,27,26
DOLPOMTr;RPIr,0,14,29,12
DOLPOMTr;RU5Ptr,0,14,29,12
DOLP_ter;DPCOAK,0,1,29,25
DOLP_ter;FAE180,1,0,28,26
DOLP_ter;FAE201,1,0,28,26
DOLP_ter;FAE221,1,0,28,26
DOLP_ter;FCLTm,1,0,28,26
DOLP_ter;FE2tm,1,0,28,26
DOLP_ter;G6PDH2rer,2,0,27,26
DOLP_ter;GALGLUSIDEtg,1,0,28,26
DOLP_ter;GALGLUSIDEtr,1,0,28,26
DOLP_ter;GDPFUCtg,1,0,28,26
DOLP_ter;GDPtg,1,0,28,26
DOLP_ter;GFUCSx,1,0,28,26
DOLP_ter;GLUDym,1,0,28,26
DOLP_ter;GMAND,1,0,28,26
DOLP_ter;GMPtg,1,0,28,26
DOLP_ter;GNDer,1,0,28,26
DOLP_ter;H2Oter,1,0,28,26
DOLP_ter;HACD180,1,0,28,26
DOLP_ter;HACD201,1,0,28,26
DOLP_ter;HACD221,1,0,28,26
DOLP_ter;HMBS,1,0,28,26
DOLP_ter;HOXG,1,0,28,26
DOLP_ter;HSD180,1,0,28,26
DOLP_ter;HSD201,1,0,28,26
DOLP_ter;HSD221,1,0,28,26
DOLP_ter;MALCOAMT,1,0,28,26
DOLP_ter;MALCOAMTr,1,0,28,26
DOLP_ter;NDP7er,5,0,24,26
DOLP_ter;NH4tm,1,0,28,26
DOLP_ter;PGI,1,0,28,26
DOLP_ter;PGLer,1,0,28,26
DOLP_ter;PHEMEtm,1,0,28,26
DOLP_ter;PNTK,0,1,29,25
DOLP_ter;PNTOt2e,0,1,29,25
DOLP_ter;PPAer,1,0,28,26
DOLP_ter;PPBNGS,1,0,28,26
DOLP_ter;PPCDC,0,1,29,25
DOLP_ter;PPIPItr,0,1,29,25
DOLP_ter;PPItr,1,0,28,26
DOLP_ter;PPNCL2,0,1,29,25
DOLP_ter;PPPG9tm,1,0,28,26
DOLP_ter;PPPGOm,1,0,28,26
DOLP_ter;PTPAT,0,1,29,25
DOLP_ter;R5Ptr,0,14,29,12
DOLP_ter;RPI,2,0,27,26
DOLP_ter;RPIr,0,14,29,12
DOLP_ter;RU5Ptr,1,14,28,12
DOLP_ter;TECR180,1,0,28,26
DOLP_ter;TECR201,1,0,28,26
DOLP_ter;TECR221,1,0,28,26
DOLP_ter;UDPG4E,1,0,28,26
DOLP_ter;UDPGALt2r,1,0,28,26
DOLP_ter;UDPGALtg,1,0,28,26
DOLP_ter;UDPGD,1,0,28,26
DOLP_ter;UDPGGPGTr,1,0,28,26
DOLP_ter;UDPGLCAter,4,0,25,26
DOLP_ter;UGCGc,1,0,28,26
DOLP_ter;UGT1A2r,1,0,28,26
DOLP_ter;UMPtr,1,0,28,26
DOLP_ter;UPP3S,1,0,28,26
DOLP_ter;UPPDC1,1,0,28,26
DOPABMO;AKGtn,2,0,27,26
DOPABMO;CO2tn,2,0,27,26
DOPABMO;FALDtn,2,0,27,26
DOPABMO;H2O2tp,0,1,29,25
DOPABMO;MEOHt2,2,0,27,26
DOPABMO;O2tn,2,0,27,26
DOPABMO;O2tp,0,1,29,25
DOPAOQCYS;GLYATm,0,1,29,25
DOPAOQCYS;GLYtm,0,1,29,25
DOPAOQCYS;HCO3Em,0,1,29,25
DOPAOQCYS;HCO3tm,0,1,29,25
DOPAOQCYS;HMGL,0,2,29,24
DOPAOQCYS;THR3Dx,0,1,29,25
DPCOAK;ARTFR207,0,1,29,25
DPCOAK;ARTPLM3,0,1,29,25
DPCOAK;ENGASEly,0,1,29,25
DPCOAK;F6T3g,0,1,29,25
DPCOAK;FACOAL160i,0,1,29,25
DPCOAK;FAE180,0,1,29,25
DPCOAK;FAE200,0,1,29,25
DPCOAK;FUCASEe,0,1,29,25
DPCOAK;G12MT1,0,1,29,25
DPCOAK;G12MT2,0,1,29,25
DPCOAK;G13MT,0,1,29,25
DPCOAK;G14Tg,0,1,29,25
DPCOAK;G16MT,0,1,29,25
DPCOAK;GALASE1ly,0,1,29,25
DPCOAK;GALU,0,1,29,25
DPCOAK;GALtly,0,1,29,25
DPCOAK;GASNASEly,0,1,29,25
DPCOAK;GDPFUCtg,0,1,29,25
DPCOAK;GDPtg,0,1,29,25
DPCOAK;GFUCSx,0,1,29,25
DPCOAK;GLCMter,0,1,29,25
DPCOAK;GLCNACPT,0,1,29,25
DPCOAK;GLCNACT,0,1,29,25
DPCOAK;GMAND,0,1,29,25
DPCOAK;GMPtg,0,1,29,25
DPCOAK;H2Otg,0,1,29,25
DPCOAK;H2Otly,0,1,29,25
DPCOAK;HACD180,0,1,29,25
DPCOAK;HACD200,0,1,29,25
DPCOAK;HDCAter,0,1,29,25
DPCOAK;HSD180,0,1,29,25
DPCOAK;HSD200,0,1,29,25
DPCOAK;Htg,0,1,29,25
DPCOAK;M1316Mg,0,1,29,25
DPCOAK;M13N2Tg,0,1,29,25
DPCOAK;M16NT1g,0,1,29,25
DPCOAK;M4MPDOL_ter,0,1,29,25
DPCOAK;M8MASNterg,0,1,29,25
DPCOAK;MALCOAMT,6,6,23,20
DPCOAK;MALCOAMTr,6,6,23,20
DPCOAK;MAN1PT2,0,1,29,25
DPCOAK;MAN6PI,0,1,29,25
DPCOAK;MANtg,0,1,29,25
DPCOAK;MANtly,0,1,29,25
DPCOAK;MG1er,0,1,29,25
DPCOAK;MG2er,0,1,29,25
DPCOAK;MG3er,0,1,29,25
DPCOAK;MM5ag,0,1,29,25
DPCOAK;MM6bg,0,1,29,25
DPCOAK;MM7Cag,0,1,29,25
DPCOAK;MM8Ag,0,1,29,25
DPCOAK;NDP7g,0,1,29,25
DPCOAK;PGMT,0,1,29,25
DPCOAK;PItg,0,1,29,25
DPCOAK;PMANM,0,1,29,25
DPCOAK;PMTCOAFABP1tc,6,3,23,23
DPCOAK;PMTCOAPTr,0,2,29,24
DPCOAK;RTOT_3,0,1,29,25
DPCOAK;R_group_phosphotase_1,0,1,29,25
DPCOAK;Rtotaltl,0,1,29,25
DPCOAK;S26Tg,0,1,29,25
DPCOAK;S2L2FN2M2MASNt,0,1,29,25
DPCOAK;S2L2N2M2MASNtly,0,1,29,25
DPCOAK;SGPL12r,0,1,29,25
DPCOAK;SIAASEly,0,1,29,25
DPCOAK;SMPD3l,0,1,29,25
DPCOAK;SPHINGStl,0,1,29,25
DPCOAK;SPHK21c,0,1,29,25
DPCOAK;SPHMYLNtl,0,1,29,25
DPCOAK;SPHS1Ptr,0,1,29,25
DPCOAK;TECR180,0,1,29,25
DPCOAK;TECR200,0,1,29,25
DPCOAK;UAGDP,0,1,29,25
DPCOAK;UDPDOLPT,0,1,29,25
DPCOAK;UDPG4E,0,1,29,25
DPCOAK;UDPGALtg,0,1,29,25
DPCOAK;UGLCNACtg,0,1,29,25
DPHMBDCm;GLYC3Ptmc,0,1,29,25
DPHMBDCm;GLYCtm,0,1,29,25
DPHMBDCm;GLYKm,0,1,29,25
DPHMBDCm;Htm,2,0,27,26
DPHMBDCm;NDP8,1,0,28,26
DPHMBDCm;PGLYCH,0,1,29,25
DPPS;GLYC3Ptmc,0,1,29,25
DPPS;GLYCtm,0,1,29,25
DPPS;GLYKm,0,1,29,25
DPPS;Htm,2,0,27,26
DPPS;NDP8,1,0,28,26
DPPS;PGLYCH,0,1,29,25
DRPA;FBA,0,2,29,24
DRPA;GLUt2m,1,0,28,26
DRPA;HCO3Em,0,1,29,25
DRPA;HCO3tm,0,1,29,25
DRPA;HMGL,1,0,28,26
DRPA;NDPK1,0,2,29,24
DRPA;NDPK3,2,3,27,23
DRPA;OCOAT1m,1,0,28,26
DRPA;PFK,0,1,29,25
DRPA;PFK2,0,1,29,25
DRPA;PGI,1,0,28,26
DRPA;PYK6,0,1,29,25
DRPA;RPE,1,0,28,26
DRPA;TALA,1,0,28,26
DRPA;THFtm,1,0,28,26
DRPA;THRA,1,1,28,25
DRPA;TKT1,1,0,28,26
DRPA;TKT2,1,0,28,26
DRPA;URIK4,1,0,28,26
DUMPtm;NDP8,1,0,28,26
DURAD2x;GLUt2m,1,0,28,26
DURAD2x;THFtm,1,0,28,26
DURAD;NDPK3,2,3,27,23
DURIK1;DUTPDP,1,0,28,26
DURIK1;RNDR4,1,0,28,26
DURIK1;URIK2,1,0,28,26
DURIPP;FBA,0,2,29,24
DURIPP;PFK,0,1,29,25
DURIPP;PFK2,0,1,29,25
DURIPP;THRA,1,1,28,25
DURIt;GLYC3Ptm,0,1,29,25
DURIt;GLYC3Ptmc,0,1,29,25
DURIt;HCO3Em,0,1,29,25
DURIt;HCO3tm,0,1,29,25
DUTPDP;NDP6,1,0,28,26
DUTPDP;NTD3,1,0,28,26
DUTPDP;URIK4,1,0,28,26
DUTPDPm;NDP8,1,0,28,26
D_3AIBt;THFtm,1,0,28,26
D_LACt2;L_LACt2r,0,1,29,25
EAR160y;ARTFR13,2,0,27,26
EAR160y;ARTPLM1,2,0,27,26
EAR160y;ARTPLM3,0,1,29,25
EAR160y;FA140ACPH,2,0,27,26
EAR160y;FACOAL140i,2,0,27,26
EAR160y;MALCOAMT,2,0,27,26
EAR160y;MALCOAMTr,2,0,27,26
EAR160y;PMTCOAFABP1tc,2,0,27,26
EAR160y;RTOT1,2,0,27,26
EAR160y;RTOT_3,0,1,29,25
ECOAH1m;FAE180,1,0,28,26
ECOAH1m;FAE201,1,0,28,26
ECOAH1m;FAE221,1,0,28,26
ECOAH1m;GLYATm,1,1,28,25
ECOAH1m;GLYtm,1,1,28,25
ECOAH1m;HACD180,1,0,28,26
ECOAH1m;HACD201,1,0,28,26
ECOAH1m;HACD221,1,0,28,26
ECOAH1m;HSD180,1,0,28,26
ECOAH1m;HSD201,1,0,28,26
ECOAH1m;HSD221,1,0,28,26
ECOAH1m;Htm,1,0,28,26
ECOAH1m;MALCOAMT,1,0,28,26
ECOAH1m;MALCOAMTr,1,0,28,26
ECOAH1m;TECR180,1,0,28,26
ECOAH1m;TECR201,1,0,28,26
ECOAH1m;TECR221,1,0,28,26
ECOAH1m;THR3Dx,1,1,28,25
ECOAH1m;TXA2tr,0,2,29,24
ECOAH1m;TXB2c,0,2,29,24
ECOAH1m;TXB2r,0,2,29,24
ECOAH1m;TXB2tr,0,2,29,24
ENGASEly;PNTK,0,1,29,25
ENGASEly;PNTOt2e,0,1,29,25
ENGASEly;PPCDC,0,1,29,25
ENGASEly;PPNCL2,0,1,29,25
ENGASEly;PTPAT,0,1,29,25
ENO;FKYNH,0,2,29,24
ENO;HCO3Em,0,1,29,25
ENO;HCO3tm,0,1,29,25
ENO;HEX7,1,0,28,26
ENO;KYNAKGAT,0,2,29,24
ENO;KYNATESYN,0,2,29,24
ENO;KYNATEtr,0,2,29,24
ENO;NACDe,1,0,28,26
ENO;NACPRT,1,0,28,26
ENO;NADH2_u10m,0,2,29,24
ENO;NCAMDe,1,0,28,26
ENO;NDPK1,0,1,29,25
ENO;NDPK5,0,1,29,25
ENO;NDPK8,1,4,28,22
ENO;NH4t3r,0,1,29,25
ENO;NMNDA,1,0,28,26
ENO;NMNS,1,0,28,26
ENO;NQO2,0,2,29,24
ENO;O2t,0,3,29,23
ENO;PIMALtm,0,1,29,25
ENO;PIt2m_2,0,2,29,24
ENO;PYRAKGte,0,1,29,25
ENO;RPE,1,0,28,26
ENO;SBTD_D2,1,0,28,26
ENO;SBTR,1,0,28,26
ENO;SO4AKGtm,0,1,29,25
ENO;SO4MALtm,0,1,29,25
ENO;TALA,1,0,28,26
ENO;THFtm,0,1,29,25
ENO;THR3Dx,0,1,29,25
ENO;THRA,1,0,28,26
ENO;TKT1,1,0,28,26
ENO;TKT2,1,0,28,26
ENO;TRPO2,0,2,29,24
ENO;q10h2tc,0,2,29,24
ENO;q10tm,0,2,29,24
ESTRADIOLtr;THRA,1,0,28,26
ESTRONEtr;THRA,1,0,28,26
ETHAK;PCFLOPm,0,1,29,25
ETHAK;PEMET1,0,1,29,25
ETHAK;PEMET2,0,1,29,25
ETHAK;PETOHMm_hs,0,1,29,25
ETHAK;PSSA1_hs,0,1,29,25
ETHMALACc;FAE180,1,0,28,26
ETHMALACc;FAE201,1,0,28,26
ETHMALACc;FAE221,1,0,28,26
ETHMALACc;FAE241,1,0,28,26
ETHMALACc;GLYATm,1,2,28,24
ETHMALACc;GLYtm,1,2,28,24
ETHMALACc;HACD180,1,0,28,26
ETHMALACc;HACD201,1,0,28,26
ETHMALACc;HACD221,1,0,28,26
ETHMALACc;HACD241,1,0,28,26
ETHMALACc;HSD180,1,0,28,26
ETHMALACc;HSD201,1,0,28,26
ETHMALACc;HSD221,1,0,28,26
ETHMALACc;HSD241,1,0,28,26
ETHMALACc;Htx,1,0,28,26
ETHMALACc;MALCOAMT,1,0,28,26
ETHMALACc;MALCOAMTr,1,0,28,26
ETHMALACc;NADHtpu,1,0,28,26
ETHMALACc;NADtx,1,0,28,26
ETHMALACc;NRVNCCOAtr,1,0,28,26
ETHMALACc;NRVNCCOAtxc,1,0,28,26
ETHMALACc;O2tp,1,0,28,26
ETHMALACc;TECR180,1,0,28,26
ETHMALACc;TECR201,1,0,28,26
ETHMALACc;TECR221,1,0,28,26
ETHMALACc;TECR241,1,0,28,26
ETHMALACc;THR3Dx,1,2,28,24
ETHMALACte;FAE180,1,0,28,26
ETHMALACte;FAE201,1,0,28,26
ETHMALACte;FAE221,1,0,28,26
ETHMALACte;FAE241,1,0,28,26
ETHMALACte;GLYATm,1,2,28,24
ETHMALACte;GLYtm,1,2,28,24
ETHMALACte;HACD180,1,0,28,26
ETHMALACte;HACD201,1,0,28,26
ETHMALACte;HACD221,1,0,28,26
ETHMALACte;HACD241,1,0,28,26
ETHMALACte;HSD180,1,0,28,26
ETHMALACte;HSD201,1,0,28,26
ETHMALACte;HSD221,1,0,28,26
ETHMALACte;HSD241,1,0,28,26
ETHMALACte;Htx,1,0,28,26
ETHMALACte;MALCOAMT,1,0,28,26
ETHMALACte;MALCOAMTr,1,0,28,26
ETHMALACte;NADHtpu,1,0,28,26
ETHMALACte;NADtx,1,0,28,26
ETHMALACte;NRVNCCOAtr,1,0,28,26
ETHMALACte;NRVNCCOAtxc,1,0,28,26
ETHMALACte;O2tp,1,0,28,26
ETHMALACte;TECR180,1,0,28,26
ETHMALACte;TECR201,1,0,28,26
ETHMALACte;TECR221,1,0,28,26
ETHMALACte;TECR241,1,0,28,26
ETHMALACte;THR3Dx,1,2,28,24
ETHMALCOAc;FAE180,1,0,28,26
ETHMALCOAc;FAE201,1,0,28,26
ETHMALCOAc;FAE221,1,0,28,26
ETHMALCOAc;FAE241,1,0,28,26
ETHMALCOAc;GLYATm,1,2,28,24
ETHMALCOAc;GLYtm,1,2,28,24
ETHMALCOAc;HACD180,1,0,28,26
ETHMALCOAc;HACD201,1,0,28,26
ETHMALCOAc;HACD221,1,0,28,26
ETHMALCOAc;HACD241,1,0,28,26
ETHMALCOAc;HSD180,1,0,28,26
ETHMALCOAc;HSD201,1,0,28,26
ETHMALCOAc;HSD221,1,0,28,26
ETHMALCOAc;HSD241,1,0,28,26
ETHMALCOAc;Htx,1,0,28,26
ETHMALCOAc;MALCOAMT,1,0,28,26
ETHMALCOAc;MALCOAMTr,1,0,28,26
ETHMALCOAc;NADHtpu,1,0,28,26
ETHMALCOAc;NADtx,1,0,28,26
ETHMALCOAc;NRVNCCOAtr,1,0,28,26
ETHMALCOAc;NRVNCCOAtxc,1,0,28,26
ETHMALCOAc;O2tp,1,0,28,26
ETHMALCOAc;TECR180,1,0,28,26
ETHMALCOAc;TECR201,1,0,28,26
ETHMALCOAc;TECR221,1,0,28,26
ETHMALCOAc;TECR241,1,0,28,26
ETHMALCOAc;THR3Dx,1,2,28,24
ETHP;G6PDH2r,1,0,28,26
ETHP;GND,1,0,28,26
ETHP;GTHOm,2,0,27,26
ETHP;GTHPm,2,0,27,26
ETHP;H2O2tm,2,0,27,26
ETHP;PE_HStm,8,0,21,26
ETHP;PGL,1,0,28,26
ETHP;PSDm_hs,8,0,21,26
ETHP;PSFLIPm,8,0,21,26
ETHP;TALA,1,0,28,26
F1Atg;G6Pt6er,1,0,28,26
F6T3g;PNTK,0,1,29,25
F6T3g;PNTOt2e,0,1,29,25
F6T3g;PPCDC,0,1,29,25
F6T3g;PPNCL2,0,1,29,25
F6T3g;PTPAT,0,1,29,25
FA140ACPH;ARTPLM1,2,0,27,26
FA140ACPH;FA160ACPH,2,0,27,26
FA140ACPH;FACOAL160i,1,0,28,26
FA140ACPH;PALFATPtc,1,0,28,26
FA160ACPH;ARTFR13,2,0,27,26
FA160ACPH;ARTPLM1,2,0,27,26
FA160ACPH;ARTPLM3,0,1,29,25
FA160ACPH;FACOAL140i,2,0,27,26
FA160ACPH;MALCOAMT,2,0,27,26
FA160ACPH;MALCOAMTr,2,0,27,26
FA160ACPH;PMTCOAFABP1tc,2,0,27,26
FA160ACPH;RTOT1,2,0,27,26
FA160ACPH;RTOT_3,0,1,29,25
FA40ACPH;FACOAL100im,0,1,29,25
FA40ACPH;Htm,1,0,28,26
FA40ACPH;PPCOACRNtm,0,1,29,25
FA40ACPH;PPCOAtm,0,1,29,25
FA40ACPH;TTDCPT1,0,1,29,25
FA40ACPH;TTDCPT2,0,1,29,25
FA40ACPH;TTDCRNt,0,1,29,25
FACOAL100im;FACOAL40im,0,1,29,25
FACOAL100im;FAE180,1,0,28,26
FACOAL100im;FAE201,1,0,28,26
FACOAL100im;FAE221,1,0,28,26
FACOAL100im;FAE241,1,0,28,26
FACOAL100im;GLYATm,1,2,28,24
FACOAL100im;GLYtm,1,2,28,24
FACOAL100im;HACD180,1,0,28,26
FACOAL100im;HACD201,1,0,28,26
FACOAL100im;HACD221,1,0,28,26
FACOAL100im;HACD241,1,0,28,26
FACOAL100im;HSD180,1,0,28,26
FACOAL100im;HSD201,1,0,28,26
FACOAL100im;HSD221,1,0,28,26
FACOAL100im;HSD241,1,0,28,26
FACOAL100im;Htx,1,0,28,26
FACOAL100im;MALCOAMT,1,0,28,26
FACOAL100im;MALCOAMTr,1,0,28,26
FACOAL100im;NADHtpu,1,0,28,26
FACOAL100im;NADtx,1,0,28,26
FACOAL100im;NRVNCCOAtr,1,0,28,26
FACOAL100im;NRVNCCOAtxc,1,0,28,26
FACOAL100im;O2tp,1,0,28,26
FACOAL100im;TECR180,1,0,28,26
FACOAL100im;TECR201,1,0,28,26
FACOAL100im;TECR221,1,0,28,26
FACOAL100im;TECR241,1,0,28,26
FACOAL100im;THR3Dx,1,2,28,24
FACOAL100im;TXA2tr,0,1,29,25
FACOAL100im;TXB2c,0,1,29,25
FACOAL100im;TXB2r,0,1,29,25
FACOAL100im;TXB2tr,0,1,29,25
FACOAL140i;ARTPLM1,2,0,27,26
FACOAL140i;FACOAL160i,1,0,28,26
FACOAL140i;PALFATPtc,1,0,28,26
FACOAL140i;TTDCAFATPc,1,1,28,25
FACOAL140i;TTDCAtr,1,1,28,25
FACOAL160i;ARTFR13,1,0,28,26
FACOAL160i;ARTPLM1,1,0,28,26
FACOAL160i;ARTPLM3,0,1,29,25
FACOAL160i;MALCOAMT,1,0,28,26
FACOAL160i;MALCOAMTr,1,0,28,26
FACOAL160i;PMTCOAFABP1tc,1,0,28,26
FACOAL160i;PNTK,0,1,29,25
FACOAL160i;PNTOt2e,0,1,29,25
FACOAL160i;PPCDC,0,1,29,25
FACOAL160i;PPNCL2,0,1,29,25
FACOAL160i;PTPAT,0,1,29,25
FACOAL160i;RTOT1,1,0,28,26
FACOAL160i;RTOT_3,0,1,29,25
FACOAL161;GLYATm,0,1,29,25
FACOAL161;GLYtm,0,1,29,25
FACOAL161;Htm,1,0,28,26
FACOAL161;PLMCOAPTr,0,1,29,25
FACOAL161;THR3Dx,0,1,29,25
FACOAL181i;OCDE9ECOAtr,1,0,28,26
FACOAL191;ICDHyr,1,0,28,26
FACOAL191;OXALSUCCCL,1,0,28,26
FACOAL191;PIt7,1,0,28,26
FACOAL204;HDCEACRNtr,0,1,29,25
FACOAL204;HDCEAtr,0,1,29,25
FACOAL204;SE3,0,1,29,25
FACOAL204;SOAT2,0,1,29,25
FACOAL40im;Htm,1,0,28,26
FACOAL40im;PPCOACRNtm,0,1,29,25
FACOAL40im;PPCOAtm,0,1,29,25
FACOAL40im;TTDCPT1,0,1,29,25
FACOAL40im;TTDCPT2,0,1,29,25
FACOAL40im;TTDCRNt,0,1,29,25
FACOAL80im;GTPGDPtm,0,1,29,25
FACOAL80im;NACDe,1,0,28,26
FACOAL80im;NACPRT,1,0,28,26
FACOAL80im;NCAMDe,1,0,28,26
FACOAL80im;NMNDA,1,0,28,26
FACOAL80im;NMNS,1,0,28,26
FACOAL80im;THRA,1,0,28,26
FADH2ETC;G6PDH2r,1,0,28,26
FADH2ETC;GLYATm,0,1,29,25
FADH2ETC;GLYCt,1,0,28,26
FADH2ETC;GLYtm,0,1,29,25
FADH2ETC;GND,1,0,28,26
FADH2ETC;HCO3E,1,1,28,25
FADH2ETC;HCO3Em,0,1,29,25
FADH2ETC;HCO3tm,0,1,29,25
FADH2ETC;PGL,1,0,28,26
FADH2ETC;PPCOAtm,0,1,29,25
FADH2ETC;THR3Dx,0,1,29,25
FAE180;ARTFR12,1,0,28,26
FAE180;ARTFR33,0,1,29,25
FAE180;ARTFR41,1,0,28,26
FAE180;ARTFR43,4,0,25,26
FAE180;ARTPLM1,0,1,29,25
FAE180;FAE181,4,1,25,25
FAE180;FALDtm,3,0,26,26
FAE180;FALDtx,2,0,27,26
FAE180;FCYTOB5OXRyr,1,0,28,26
FAE180;G12MT1,1,0,28,26
FAE180;G12MT2,1,0,28,26
FAE180;G13MT,1,0,28,26
FAE180;G16MT,1,0,28,26
FAE180;G6PDH2r,2,0,27,26
FAE180;GALU,1,1,28,25
FAE180;GHMT2rm,1,0,28,26
FAE180;GLCMter,1,0,28,26
FAE180;GLCNACPT,1,0,28,26
FAE180;GLCNACT,1,0,28,26
FAE180;GLYBtm,3,0,26,26
FAE180;GLYtp,2,0,27,26
FAE180;GND,2,0,27,26
FAE180;H2Otg,1,1,28,25
FAE180;HACD181,4,1,25,25
FAE180;HACD1m,1,0,28,26
FAE180;HDCEACRNtr,0,1,29,25
FAE180;HDCEAtr,0,1,29,25
FAE180;HEX16,1,0,28,26
FAE180;HSD181,4,1,25,25
FAE180;Htg,1,1,28,25
FAE180;Htr,4,6,25,20
FAE180;ICDHyr,1,0,28,26
FAE180;M13N2Tg,1,0,28,26
FAE180;M4MPDOL_ter,1,0,28,26
FAE180;M7MASNBterg,1,0,28,26
FAE180;MAN1PT2,1,0,28,26
FAE180;MAN6PI,1,0,28,26
FAE180;MANter,1,0,28,26
FAE180;MANtg,1,0,28,26
FAE180;MEOHt2,3,0,26,26
FAE180;METAT,2,0,27,26
FAE180;MG1er,1,0,28,26
FAE180;MG2er,1,0,28,26
FAE180;MG3er,1,0,28,26
FAE180;MM5bg,1,0,28,26
FAE180;MM6B1ag,1,0,28,26
FAE180;MM7B1g,1,0,28,26
FAE180;MM8Ber,1,0,28,26
FAE180;NDP7g,1,1,28,25
FAE180;O2tp,2,0,27,26
FAE180;OCTD11ECOAtr,4,1,25,25
FAE180;OXALSUCCCL,1,0,28,26
FAE180;PGL,2,0,27,26
FAE180;PGMT,1,1,28,25
FAE180;PItg,1,1,28,25
FAE180;PLMCOAPTr,2,0,27,26
FAE180;PMANM,1,0,28,26
FAE180;PNTK,0,1,29,25
FAE180;PNTOte,0,1,29,25
FAE180;PPA,1,0,28,26
FAE180;PPCDC,0,1,29,25
FAE180;PPItm,1,0,28,26
FAE180;PPNCL2,0,1,29,25
FAE180;PTPAT,0,1,29,25
FAE180;RTOT3,0,1,29,25
FAE180;RTOT4,5,0,24,26
FAE180;SARCOXp,2,0,27,26
FAE180;SARCStm,2,0,27,26
FAE180;SARCStp,2,0,27,26
FAE180;SARDHm,1,0,28,26
FAE180;SE3,0,1,29,25
FAE180;SERTm,1,0,28,26
FAE180;SOAT2,0,1,29,25
FAE180;SUCCICITtm,1,0,28,26
FAE180;SUCCt4_3,1,0,28,26
FAE180;SUCOAS1m,1,0,28,26
FAE180;TECR181,4,1,25,25
FAE180;TTDCPT1,1,0,28,26
FAE180;TTDCPT2,1,0,28,26
FAE180;TTDCRNt,1,0,28,26
FAE180;UAGDP,1,0,28,26
FAE180;UDPDOLPT,1,0,28,26
FAE180;UDPG4E,0,1,29,25
FAE180;UDPGALtg,0,1,29,25
FAE180;UGLCNACtg,1,0,28,26
FAE181;ARTFR52,0,1,29,25
FAE181;FAE200,0,1,29,25
FAE181;FAE220,0,1,29,25
FAE181;FAE240,0,1,29,25
FAE181;FAE260,0,1,29,25
FAE181;HACD180,4,1,25,25
FAE181;HACD200,0,1,29,25
FAE181;HACD220,0,1,29,25
FAE181;HACD240,0,1,29,25
FAE181;HACD260,0,1,29,25
FAE181;HEXCCOAtr,0,1,29,25
FAE181;HSD180,4,1,25,25
FAE181;HSD200,0,1,29,25
FAE181;HSD220,0,1,29,25
FAE181;HSD240,0,1,29,25
FAE181;HSD260,0,1,29,25
FAE181;RTOT5,0,1,29,25
FAE181;TECR180,4,1,25,25
FAE181;TECR200,0,1,29,25
FAE181;TECR220,0,1,29,25
FAE181;TECR240,0,1,29,25
FAE181;TECR260,0,1,29,25
FAE200;ARTFR33,0,1,29,25
FAE200;ARTPLM1,0,1,29,25
FAE200;FALDtm,3,0,26,26
FAE200;FALDtx,2,0,27,26
FAE200;FCYTOB5OXRyr,1,0,28,26
FAE200;GHMT2rm,1,0,28,26
FAE200;GLYBtm,3,0,26,26
FAE200;GLYtp,2,0,27,26
FAE200;HACD181,0,1,29,25
FAE200;HSD181,0,1,29,25
FAE200;MEOHt2,3,0,26,26
FAE200;METAT,2,0,27,26
FAE200;O2tp,2,0,27,26
FAE200;OCTD11ECOAtr,0,1,29,25
FAE200;P45011A1m,1,0,28,26
FAE200;PNTK,0,1,29,25
FAE200;PNTOte,0,1,29,25
FAE200;PPCDC,0,1,29,25
FAE200;PPNCL2,0,1,29,25
FAE200;PRGNLONEtm,1,0,28,26
FAE200;PRGNLONEtr,1,0,28,26
FAE200;PTPAT,0,1,29,25
FAE200;RTOT3,0,1,29,25
FAE200;SARCOXp,2,0,27,26
FAE200;SARCStm,2,0,27,26
FAE200;SARCStp,2,0,27,26
FAE200;SARDHm,1,0,28,26
FAE200;SERTm,1,0,28,26
FAE200;TECR181,0,1,29,25
FAE201;ARTFR12,1,0,28,26
FAE201;ARTFR41,1,0,28,26
FAE201;G12MT1,1,0,28,26
FAE201;G12MT2,1,0,28,26
FAE201;G13MT,1,0,28,26
FAE201;G16MT,1,0,28,26
FAE201;G6PDH2r,2,0,27,26
FAE201;GALU,1,1,28,25
FAE201;GLCMter,1,0,28,26
FAE201;GLCNACPT,1,0,28,26
FAE201;GLCNACT,1,0,28,26
FAE201;GLYt2r,1,0,28,26
FAE201;GND,2,0,27,26
FAE201;H2Otg,1,1,28,25
FAE201;HACD1m,1,0,28,26
FAE201;HDCEACRNtr,0,1,29,25
FAE201;HDCEAtr,0,1,29,25
FAE201;HEX16,1,0,28,26
FAE201;Htg,1,1,28,25
FAE201;Htr,4,6,25,20
FAE201;ICDHyr,1,0,28,26
FAE201;M13N2Tg,1,0,28,26
FAE201;M4MPDOL_ter,1,0,28,26
FAE201;M7MASNBterg,1,0,28,26
FAE201;MAN1PT2,1,0,28,26
FAE201;MAN6PI,1,0,28,26
FAE201;MANter,1,0,28,26
FAE201;MANtg,1,0,28,26
FAE201;MG1er,1,0,28,26
FAE201;MG2er,1,0,28,26
FAE201;MG3er,1,0,28,26
FAE201;MM5bg,1,0,28,26
FAE201;MM6B1ag,1,0,28,26
FAE201;MM7B1g,1,0,28,26
FAE201;MM8Ber,1,0,28,26
FAE201;NDP7g,1,1,28,25
FAE201;OXALSUCCCL,1,0,28,26
FAE201;PGL,2,0,27,26
FAE201;PGMT,1,1,28,25
FAE201;PItg,1,1,28,25
FAE201;PLMCOAPTr,2,0,27,26
FAE201;PMANM,1,0,28,26
FAE201;PPA,1,0,28,26
FAE201;RTOT4,1,0,28,26
FAE201;SE3,0,1,29,25
FAE201;SOAT2,0,1,29,25
FAE201;SUCCICITtm,1,0,28,26
FAE201;SUCCt4_3,1,0,28,26
FAE201;SUCOAS1m,1,0,28,26
FAE201;TRDR,1,1,28,25
FAE201;TTDCPT1,1,0,28,26
FAE201;TTDCPT2,1,0,28,26
FAE201;TTDCRNt,1,0,28,26
FAE201;TXA2tr,0,1,29,25
FAE201;TXB2c,0,1,29,25
FAE201;TXB2r,0,1,29,25
FAE201;TXB2tr,0,1,29,25
FAE201;UAGDP,1,0,28,26
FAE201;UDPDOLPT,1,0,28,26
FAE201;UDPG4E,0,1,29,25
FAE201;UDPGALtg,0,1,29,25
FAE201;UGLCNACtg,1,0,28,26
FAE220;ARTFR33,0,1,29,25
FAE220;FALDtm,3,0,26,26
FAE220;FALDtx,2,0,27,26
FAE220;FCYTOB5OXRyr,1,0,28,26
FAE220;GHMT2rm,1,0,28,26
FAE220;GLYBtm,3,0,26,26
FAE220;GLYtp,2,0,27,26
FAE220;HACD181,0,1,29,25
FAE220;HSD181,0,1,29,25
FAE220;MEOHt2,3,0,26,26
FAE220;METAT,2,0,27,26
FAE220;O2tp,2,0,27,26
FAE220;OCTD11ECOAtr,0,1,29,25
FAE220;P45011A1m,1,0,28,26
FAE220;PRGNLONEtm,1,0,28,26
FAE220;PRGNLONEtr,1,0,28,26
FAE220;RTOT3,0,1,29,25
FAE220;SARCOXp,2,0,27,26
FAE220;SARCStm,2,0,27,26
FAE220;SARCStp,2,0,27,26
FAE220;SARDHm,1,0,28,26
FAE220;SERTm,1,0,28,26
FAE220;TECR181,0,1,29,25
FAE221;ARTFR12,1,0,28,26
FAE221;ARTFR41,1,0,28,26
FAE221;G12MT1,1,0,28,26
FAE221;G12MT2,1,0,28,26
FAE221;G13MT,1,0,28,26
FAE221;G16MT,1,0,28,26
FAE221;G6PDH2r,2,0,27,26
FAE221;GALU,1,1,28,25
FAE221;GLCMter,1,0,28,26
FAE221;GLCNACPT,1,0,28,26
FAE221;GLCNACT,1,0,28,26
FAE221;GLYt2r,1,0,28,26
FAE221;GND,2,0,27,26
FAE221;H2Otg,1,1,28,25
FAE221;HACD1m,1,0,28,26
FAE221;HDCEACRNtr,0,1,29,25
FAE221;HDCEAtr,0,1,29,25
FAE221;HEX16,1,0,28,26
FAE221;Htg,1,1,28,25
FAE221;Htr,4,6,25,20
FAE221;ICDHyr,1,0,28,26
FAE221;M13N2Tg,1,0,28,26
FAE221;M4MPDOL_ter,1,0,28,26
FAE221;M7MASNBterg,1,0,28,26
FAE221;MAN1PT2,1,0,28,26
FAE221;MAN6PI,1,0,28,26
FAE221;MANter,1,0,28,26
FAE221;MANtg,1,0,28,26
FAE221;MG1er,1,0,28,26
FAE221;MG2er,1,0,28,26
FAE221;MG3er,1,0,28,26
FAE221;MM5bg,1,0,28,26
FAE221;MM6B1ag,1,0,28,26
FAE221;MM7B1g,1,0,28,26
FAE221;MM8Ber,1,0,28,26
FAE221;NDP7g,1,1,28,25
FAE221;OXALSUCCCL,1,0,28,26
FAE221;PGL,2,0,27,26
FAE221;PGMT,1,1,28,25
FAE221;PItg,1,1,28,25
FAE221;PLMCOAPTr,2,0,27,26
FAE221;PMANM,1,0,28,26
FAE221;PPA,1,0,28,26
FAE221;RTOT4,1,0,28,26
FAE221;SE3,0,1,29,25
FAE221;SOAT2,0,1,29,25
FAE221;SUCCICITtm,1,0,28,26
FAE221;SUCCt4_3,1,0,28,26
FAE221;SUCOAS1m,1,0,28,26
FAE221;TRDR,1,1,28,25
FAE221;TTDCPT1,1,0,28,26
FAE221;TTDCPT2,1,0,28,26
FAE221;TTDCRNt,1,0,28,26
FAE221;TXA2tr,0,1,29,25
FAE221;TXB2c,0,1,29,25
FAE221;TXB2r,0,1,29,25
FAE221;TXB2tr,0,1,29,25
FAE221;UAGDP,1,0,28,26
FAE221;UDPDOLPT,1,0,28,26
FAE221;UDPG4E,0,1,29,25
FAE221;UDPGALtg,0,1,29,25
FAE221;UGLCNACtg,1,0,28,26
FAE224;FCYTOB5OXRr,0,1,29,25
FAE224;ICDHyr,1,0,28,26
FAE224;OXALSUCCCL,1,0,28,26
FAE240;ARTFR33,0,1,29,25
FAE240;FALDtm,3,0,26,26
FAE240;FALDtx,2,0,27,26
FAE240;FCYTOB5OXRyr,1,0,28,26
FAE240;GHMT2rm,1,0,28,26
FAE240;GLYBtm,3,0,26,26
FAE240;GLYtp,2,0,27,26
FAE240;HACD181,0,1,29,25
FAE240;HSD181,0,1,29,25
FAE240;MEOHt2,3,0,26,26
FAE240;METAT,2,0,27,26
FAE240;O2tp,2,0,27,26
FAE240;OCTD11ECOAtr,0,1,29,25
FAE240;P45011A1m,1,0,28,26
FAE240;PRGNLONEtm,1,0,28,26
FAE240;PRGNLONEtr,1,0,28,26
FAE240;RTOT3,0,1,29,25
FAE240;SARCOXp,2,0,27,26
FAE240;SARCStm,2,0,27,26
FAE240;SARCStp,2,0,27,26
FAE240;SARDHm,1,0,28,26
FAE240;SERTm,1,0,28,26
FAE240;TECR181,0,1,29,25
FAE241;ARTFR41,1,0,28,26
FAE241;G6PDH2r,1,0,28,26
FAE241;GALU,0,1,29,25
FAE241;GND,1,0,28,26
FAE241;H2Otg,0,1,29,25
FAE241;Htg,0,1,29,25
FAE241;Htr,1,5,28,21
FAE241;ICDHyr,1,0,28,26
FAE241;NDP7g,0,1,29,25
FAE241;OXALSUCCCL,1,0,28,26
FAE241;PGL,1,0,28,26
FAE241;PGMT,0,1,29,25
FAE241;PItg,0,1,29,25
FAE241;PLMCOAPTr,1,0,28,26
FAE241;RTOT4,1,0,28,26
FAE241;SUCCICITtm,1,0,28,26
FAE241;SUCCt4_3,1,0,28,26
FAE241;SUCOAS1m,1,0,28,26
FAE241;TRDR,1,1,28,25
FAE241;TTDCPT1,1,0,28,26
FAE241;TTDCPT2,1,0,28,26
FAE241;TTDCRNt,1,0,28,26
FAE241;UDPG4E,0,1,29,25
FAE241;UDPGALtg,0,1,29,25
FAE244;ICDHyr,1,0,28,26
FAE244;OXALSUCCCL,1,0,28,26
FAE260;ARTFR33,0,1,29,25
FAE260;FALDtm,3,0,26,26
FAE260;FALDtx,2,0,27,26
FAE260;FCYTOB5OXRyr,1,0,28,26
FAE260;GHMT2rm,1,0,28,26
FAE260;GLYBtm,3,0,26,26
FAE260;GLYtp,2,0,27,26
FAE260;HACD181,0,1,29,25
FAE260;HSD181,0,1,29,25
FAE260;MEOHt2,3,0,26,26
FAE260;METAT,2,0,27,26
FAE260;O2tp,2,0,27,26
FAE260;OCTD11ECOAtr,0,1,29,25
FAE260;P45011A1m,1,0,28,26
FAE260;PRGNLONEtm,1,0,28,26
FAE260;PRGNLONEtr,1,0,28,26
FAE260;RTOT3,0,1,29,25
FAE260;SARCOXp,2,0,27,26
FAE260;SARCStm,2,0,27,26
FAE260;SARCStp,2,0,27,26
FAE260;SARDHm,1,0,28,26
FAE260;SERTm,1,0,28,26
FAE260;TECR181,0,1,29,25
FALDte;H2O2t,0,2,29,24
FALDte;ICDHyrm,0,1,29,25
FALDte;ITCOALm,0,1,29,25
FALDte;MTHFC,0,1,29,25
FALDte;MTHFD2,0,1,29,25
FALDte;OXALSUCCCLm,0,1,29,25
FALDte;PYRtm,0,1,29,25
FALDtm;ARTFR52,3,0,26,26
FALDtm;G6PDH2rer,1,0,28,26
FALDtm;H2Oter,1,0,28,26
FALDtm;HACD180,3,0,26,26
FALDtm;HACD200,3,0,26,26
FALDtm;HACD220,3,0,26,26
FALDtm;HACD240,3,0,26,26
FALDtm;HACD260,3,0,26,26
FALDtm;HCO3E,0,1,29,25
FALDtm;HCO3Em,0,1,29,25
FALDtm;HCO3tm,0,1,29,25
FALDtm;HEX12,1,0,28,26
FALDtm;HEXCCOAtr,3,0,26,26
FALDtm;HSD180,3,0,26,26
FALDtm;HSD200,3,0,26,26
FALDtm;HSD220,3,0,26,26
FALDtm;HSD240,3,0,26,26
FALDtm;HSD260,3,0,26,26
FALDtm;ICDHyrm,1,0,28,26
FALDtm;MTHFC,0,1,29,25
FALDtm;MTHFD2,0,1,29,25
FALDtm;PROGLUtm,1,0,28,26
FALDtm;PROtm,1,0,28,26
FALDtm;RTOT5,3,0,26,26
FALDtm;SERCYSNaEx,1,0,28,26
FALDtm;SERt4,2,1,27,25
FALDtm;TECR180,3,0,26,26
FALDtm;TECR200,3,0,26,26
FALDtm;TECR220,3,0,26,26
FALDtm;TECR240,3,0,26,26
FALDtm;TECR260,3,0,26,26
FALDtn;OAADC,1,0,28,26
FALDtn;OBDHc,0,1,29,25
FALDtn;OXALSUCCCLm,0,2,29,24
FALDtn;PIGTHRDLtm,1,0,28,26
FALDtn;PSDm_hs,4,0,25,26
FALDtn;PSFLIPm,4,0,25,26
FALDtn;PYRtm,0,1,29,25
FALDtn;SUCCACONtm,1,0,28,26
FALDtn;SUCCt4_3,1,0,28,26
FALDtn;THBPT4ACAMDASE,1,0,28,26
FALDtn;THDm,1,0,28,26
FALDtn;THRCYSNaEx,1,0,28,26
FALDtn;THRtm,1,0,28,26
FALDtn;TYR3MO2,1,0,28,26
FALDtn;TYRDOPO,1,0,28,26
FALDtx;ARTFR52,2,0,27,26
FALDtx;H2Oter,1,0,28,26
FALDtx;HACD180,2,0,27,26
FALDtx;HACD200,2,0,27,26
FALDtx;HACD220,2,0,27,26
FALDtx;HACD240,2,0,27,26
FALDtx;HACD260,2,0,27,26
FALDtx;HEXCCOAtr,2,0,27,26
FALDtx;HSD180,2,0,27,26
FALDtx;HSD200,2,0,27,26
FALDtx;HSD220,2,0,27,26
FALDtx;HSD240,2,0,27,26
FALDtx;HSD260,2,0,27,26
FALDtx;ICDHyrm,1,0,28,26
FALDtx;RTOT5,2,0,27,26
FALDtx;TECR180,2,0,27,26
FALDtx;TECR200,2,0,27,26
FALDtx;TECR220,2,0,27,26
FALDtx;TECR240,2,0,27,26
FALDtx;TECR260,2,0,27,26
FAR;ICDHyr,1,0,28,26
FAR;OXALSUCCCL,1,0,28,26
FAR;PIt7,1,0,28,26
FAR;TALA,2,0,27,26
FATP1t;G6Pt6er,1,0,28,26
FATP1t;HDCAtr,1,0,28,26
FBA2;G3PD1,0,1,29,25
FBA3;PFK,9,0,20,26
FBA3;PGI,9,0,20,26
FBA3;PPA,3,0,26,26
FBA3;PPAm,1,0,28,26
FBA3;Pit4,1,0,28,26
FBA3;TRDR,1,0,28,26
FBA4;GLUDym,1,0,28,26
FBA4;NH4tm,1,0,28,26
FBA4;PFK,0,2,29,24
FBA4;PGI,0,1,29,25
FBA;FBA3,9,0,20,26
FBA;FBA4,0,2,29,24
FBA;FKYNH,0,2,29,24
FBA;G6PDH2r,6,0,23,26
FBA;GALU,0,1,29,25
FBA;GCALDD,0,2,29,24
FBA;GLCURter,0,2,29,24
FBA;GLXO2p,0,2,29,24
FBA;GLYCLTtp,0,2,29,24
FBA;GLYCTO1p,0,2,29,24
FBA;GND,6,0,23,26
FBA;GULN3D,0,2,29,24
FBA;GULNDer,0,2,29,24
FBA;GULNter,0,2,29,24
FBA;H2O2tp,0,2,29,24
FBA;H2Ot,1,0,28,26
FBA;H2Otg,0,1,29,25
FBA;H2Otp,0,2,29,24
FBA;HCO3E,2,0,27,26
FBA;HCO3Ee,2,0,27,26
FBA;Htg,0,1,29,25
FBA;Htx,0,1,29,25
FBA;INOSTO,0,2,29,24
FBA;KHK2,0,2,29,24
FBA;KYNAKGAT,0,2,29,24
FBA;KYNATESYN,0,2,29,24
FBA;KYNATEtr,0,2,29,24
FBA;NADH2_u10m,0,1,29,25
FBA;NDP7g,0,1,29,25
FBA;NDPK8,0,2,29,24
FBA;NH4t3r,0,1,29,25
FBA;NQO2,0,1,29,25
FBA;NTD1,0,2,29,24
FBA;O2t,1,2,28,24
FBA;O2tp,0,2,29,24
FBA;OXAtp,0,2,29,24
FBA;PAPStg,0,1,29,25
FBA;PAPtg,0,1,29,25
FBA;PFK_3,9,0,20,26
FBA;PGI,10,0,19,26
FBA;PGL,6,0,23,26
FBA;PGMT,0,1,29,25
FBA;PIMALtm,0,1,29,25
FBA;PItg,0,1,29,25
FBA;PPM2,0,2,29,24
FBA;PYNP2r,0,2,29,24
FBA;PYRAKGte,0,1,29,25
FBA;R5Ptr,0,1,29,25
FBA;RPE,9,0,20,26
FBA;RPIr,0,1,29,25
FBA;RU5Ptr,0,1,29,25
FBA;SADT,0,1,29,25
FBA;SO4AKGtm,0,1,29,25
FBA;SO4MALtm,0,1,29,25
FBA;SO4OXAtex2,0,1,29,25
FBA;THFtm,0,1,29,25
FBA;TKT1,9,0,20,26
FBA;TKT2,9,0,20,26
FBA;TPI,0,3,29,23
FBA;TRPO2,0,2,29,24
FBA;UDPG4E,0,1,29,25
FBA;UDPGALtg,0,1,29,25
FBA;XYLTD_Dr,0,2,29,24
FBA;XYLURx,0,2,29,24
FBA;q10h2tc,0,1,29,25
FBA;q10tm,0,1,29,25
FCLTm;FUM,1,0,28,26
FCLTm;G12MT1,1,0,28,26
FCLTm;G12MT2,1,0,28,26
FCLTm;G13MT,1,0,28,26
FCLTm;G16MT,1,0,28,26
FCLTm;GF6PTA,2,0,27,26
FCLTm;GLCNACPT,1,0,28,26
FCLTm;GLCNACT,1,0,28,26
FCLTm;GLCter,1,0,28,26
FCLTm;GLYC3Ptm,1,0,28,26
FCLTm;GLYC3Ptmc,2,0,27,26
FCLTm;GLYt2r,1,0,28,26
FCLTm;GTPGDPtm,0,1,29,25
FCLTm;H2Otg,4,0,25,26
FCLTm;HEX16,1,0,28,26
FCLTm;Htg,4,0,25,26
FCLTm;Htr,2,0,27,26
FCLTm;ICDHyr,1,0,28,26
FCLTm;ICDHyrm,2,0,27,26
FCLTm;M13N2Tg,1,0,28,26
FCLTm;M4MPDOL_ter,1,0,28,26
FCLTm;M7MASNBterg,1,0,28,26
FCLTm;MALACONtm,1,0,28,26
FCLTm;MAN1PT2,4,0,25,26
FCLTm;MAN6PI,4,0,25,26
FCLTm;MANter,1,0,28,26
FCLTm;MANtg,1,0,28,26
FCLTm;MG1er,1,0,28,26
FCLTm;MG2er,1,0,28,26
FCLTm;MG3er,1,0,28,26
FCLTm;MM5bg,1,0,28,26
FCLTm;MM6B1bg,1,0,28,26
FCLTm;MM7B2g,1,0,28,26
FCLTm;MM8Ber,1,0,28,26
FCLTm;NDP7g,4,0,25,26
FCLTm;OXALSUCCCL,1,0,28,26
FCLTm;PIMALtm,0,1,29,25
FCLTm;PItg,4,0,25,26
FCLTm;PMANM,4,0,25,26
FCLTm;PPA,1,0,28,26
FCLTm;PPItm,1,0,28,26
FCLTm;PROGLUtm,0,1,29,25
FCLTm;PROtm,0,1,29,25
FCLTm;SO4AKGtm,0,1,29,25
FCLTm;SO4MALtm,0,1,29,25
FCLTm;SUCCICITtm,1,0,28,26
FCLTm;SUCCt4_3,2,0,27,26
FCLTm;SUCOAS1m,0,1,29,25
FCLTm;THR3Dx,0,1,29,25
FCLTm;UAGDP,5,0,24,26
FCLTm;UDPDOLPT,1,0,28,26
FCLTm;UGLCNACtg,4,0,25,26
FCYTOB5OXRr;FCYTOB5OXRyr,0,1,29,25
FCYTOB5OXRr;H2O2tp,0,1,29,25
FCYTOB5OXRr;H2Otp,0,1,29,25
FCYTOB5OXRr;HACD224,0,1,29,25
FCYTOB5OXRr;HSD224,0,1,29,25
FCYTOB5OXRr;MALCOAMT,0,1,29,25
FCYTOB5OXRr;MALCOAMTr,0,1,29,25
FCYTOB5OXRr;NADHtpu,0,1,29,25
FCYTOB5OXRr;NADPHtxu,0,1,29,25
FCYTOB5OXRr;NADPtxu,0,1,29,25
FCYTOB5OXRr;NADtx,0,1,29,25
FCYTOB5OXRr;O2tp,0,1,29,25
FCYTOB5OXRr;RPI,1,0,28,26
FCYTOB5OXRr;TECR224,0,1,29,25
FCYTOB5OXRyr;ARTFR52,1,0,28,26
FCYTOB5OXRyr;GLYATm,1,0,28,26
FCYTOB5OXRyr;GLYtm,1,0,28,26
FCYTOB5OXRyr;HACD180,1,0,28,26
FCYTOB5OXRyr;HACD200,1,0,28,26
FCYTOB5OXRyr;HACD220,1,0,28,26
FCYTOB5OXRyr;HACD240,1,0,28,26
FCYTOB5OXRyr;HACD260,1,0,28,26
FCYTOB5OXRyr;HEXCCOAtr,1,0,28,26
FCYTOB5OXRyr;HSD180,1,0,28,26
FCYTOB5OXRyr;HSD200,1,0,28,26
FCYTOB5OXRyr;HSD220,1,0,28,26
FCYTOB5OXRyr;HSD240,1,0,28,26
FCYTOB5OXRyr;HSD260,1,0,28,26
FCYTOB5OXRyr;RTOT5,1,0,28,26
FCYTOB5OXRyr;SERt4,1,0,28,26
FCYTOB5OXRyr;TECR180,1,0,28,26
FCYTOB5OXRyr;TECR200,1,0,28,26
FCYTOB5OXRyr;TECR220,1,0,28,26
FCYTOB5OXRyr;TECR240,1,0,28,26
FCYTOB5OXRyr;TECR260,1,0,28,26
FCYTOB5OXRyr;THR3Dx,1,0,28,26
FCYTOB5OXRyr;TXA2tr,0,1,29,25
FCYTOB5OXRyr;TXB2c,0,1,29,25
FCYTOB5OXRyr;TXB2r,0,1,29,25
FCYTOB5OXRyr;TXB2tr,0,1,29,25
FE2tm;FUM,1,0,28,26
FE2tm;G12MT1,1,0,28,26
FE2tm;G12MT2,1,0,28,26
FE2tm;G13MT,1,0,28,26
FE2tm;G16MT,1,0,28,26
FE2tm;GF6PTA,2,0,27,26
FE2tm;GLCNACPT,1,0,28,26
FE2tm;GLCNACT,1,0,28,26
FE2tm;GLCter,1,0,28,26
FE2tm;GLYC3Ptm,1,0,28,26
FE2tm;GLYC3Ptmc,2,0,27,26
FE2tm;GLYt2r,1,0,28,26
FE2tm;GTPGDPtm,0,1,29,25
FE2tm;H2Otg,4,0,25,26
FE2tm;HEX16,1,0,28,26
FE2tm;Htg,4,0,25,26
FE2tm;Htr,2,0,27,26
FE2tm;ICDHyr,1,0,28,26
FE2tm;ICDHyrm,2,0,27,26
FE2tm;M13N2Tg,1,0,28,26
FE2tm;M4MPDOL_ter,1,0,28,26
FE2tm;M7MASNBterg,1,0,28,26
FE2tm;MALACONtm,1,0,28,26
FE2tm;MAN1PT2,4,0,25,26
FE2tm;MAN6PI,4,0,25,26
FE2tm;MANter,1,0,28,26
FE2tm;MANtg,1,0,28,26
FE2tm;MG1er,1,0,28,26
FE2tm;MG2er,1,0,28,26
FE2tm;MG3er,1,0,28,26
FE2tm;MM5bg,1,0,28,26
FE2tm;MM6B1bg,1,0,28,26
FE2tm;MM7B2g,1,0,28,26
FE2tm;MM8Ber,1,0,28,26
FE2tm;NDP7g,4,0,25,26
FE2tm;OXALSUCCCL,1,0,28,26
FE2tm;PIMALtm,0,1,29,25
FE2tm;PItg,4,0,25,26
FE2tm;PMANM,4,0,25,26
FE2tm;PPA,1,0,28,26
FE2tm;PPItm,1,0,28,26
FE2tm;PROGLUtm,0,1,29,25
FE2tm;PROtm,0,1,29,25
FE2tm;SBTR,1,0,28,26
FE2tm;SBT_Dtde,1,0,28,26
FE2tm;SO4AKGtm,0,1,29,25
FE2tm;SO4MALtm,0,1,29,25
FE2tm;SUCCICITtm,1,0,28,26
FE2tm;SUCCt4_3,2,0,27,26
FE2tm;SUCOAS1m,0,1,29,25
FE2tm;THR3Dx,0,1,29,25
FE2tm;UAGDP,5,0,24,26
FE2tm;UDPDOLPT,1,0,28,26
FE2tm;UGLCNACtg,4,0,25,26
FE3tm;SBTR,1,0,28,26
FE3tm;SBT_Dtde,1,0,28,26
FECR;IMAGH,3,0,26,26
FECR;RDH1,3,0,26,26
FECR;SBTR,9,0,20,26
FECR;SBT_Dtde,9,0,20,26
FERO;IMAGH,3,0,26,26
FERO;RDH1,3,0,26,26
FERO;SBTR,8,0,21,26
FERO;SBT_Dtde,8,0,21,26
FKYNH;GAPD,0,2,29,24
FKYNH;GF6PTA,1,0,28,26
FKYNH;H2Otg,1,0,28,26
FKYNH;HCO3E,0,1,29,25
FKYNH;Htg,1,0,28,26
FKYNH;METAT,0,3,29,23
FKYNH;NDP7g,1,0,28,26
FKYNH;PFK,0,1,29,25
FKYNH;PFK2,0,1,29,25
FKYNH;PGK,0,2,29,24
FKYNH;PGM,0,2,29,24
FKYNH;PItg,1,0,28,26
FKYNH;PYK7,0,1,29,25
FKYNH;TPI,0,2,29,24
FKYNH;UAGDP,1,0,28,26
FOLR2;O2t,0,1,29,25
FOLt2;O2t,0,2,29,24
FOLtm;GLYATm,0,1,29,25
FOLtm;GLYtm,0,1,29,25
FOLtm;THR3Dx,0,1,29,25
FRDPtc;GLYC3Ptmc,0,1,29,25
FRDPtc;GLYCtm,0,1,29,25
FRDPtc;GLYKm,0,1,29,25
FRDPtc;Htm,2,0,27,26
FRDPtc;NDP8,1,0,28,26
FRDPtc;PGLYCH,0,1,29,25
FRUt1r;NKCC2t,0,1,29,25
FRUt4;NKCC2t,0,1,29,25
FTCD;GHMT2r,0,2,29,24
FTCD;MTHFD2,0,2,29,24
FTCD;SERt4,0,1,29,25
FTMTm;SBTR,1,0,28,26
FTMTm;SBT_Dtde,1,0,28,26
FUCASEe;PNTK,0,1,29,25
FUCASEe;PNTOt2e,0,1,29,25
FUCASEe;PPCDC,0,1,29,25
FUCASEe;PPNCL2,0,1,29,25
FUCASEe;PTPAT,0,1,29,25
FUM;FUMSUCCtm,0,2,29,24
FUM;FUMm,1,2,28,24
FUM;FUMtm,1,0,28,26
FUM;HCO3E,0,1,29,25
FUM;HCO3Ee,0,1,29,25
FUM;HMBS,1,0,28,26
FUM;HMGL,0,1,29,25
FUM;HOXG,1,0,28,26
FUM;ME1m,0,1,29,25
FUM;ME2m,0,1,29,25
FUM;PGCD,1,0,28,26
FUM;PHEMEtabc,1,0,28,26
FUM;PPBNGS,1,0,28,26
FUM;PPPG9tm,1,0,28,26
FUM;PPPGOm,1,0,28,26
FUM;PSERT,1,0,28,26
FUM;PSP_L,1,0,28,26
FUM;PYRtm,0,1,29,25
FUM;UPP3S,1,0,28,26
FUM;UPPDC1,1,0,28,26
FUMMALtm;MAL_Lte,0,1,29,25
FUMMALtm;MCITS,0,1,29,25
FUMMALtm;MDH,0,2,29,24
FUMMALtm;METAT,0,1,29,25
FUMMALtm;OBDHc,0,1,29,25
FUMSUCCtm;MAL_Lte,0,2,29,24
FUMSUCCtm;MCITS,0,1,29,25
FUMSUCCtm;MDH,0,2,29,24
FUMSUCCtm;METAT,0,1,29,25
FUMSUCCtm;OBDHc,0,1,29,25
FUMm;MALACONtm,1,0,28,26
FUMm;MAL_Lte,0,1,29,25
FUMtm;MALACONtm,1,0,28,26
G12MT1;G6PDH2rer,1,0,28,26
G12MT1;GLUDym,1,0,28,26
G12MT1;H2Oter,1,0,28,26
G12MT1;HACD180,1,0,28,26
G12MT1;HACD201,1,0,28,26
G12MT1;HACD221,1,0,28,26
G12MT1;HMBS,1,0,28,26
G12MT1;HOXG,1,0,28,26
G12MT1;HSD180,1,0,28,26
G12MT1;HSD201,1,0,28,26
G12MT1;HSD221,1,0,28,26
G12MT1;MALCOAMT,1,0,28,26
G12MT1;MALCOAMTr,1,0,28,26
G12MT1;NDP7er,5,0,24,26
G12MT1;NH4tm,1,0,28,26
G12MT1;PGI,1,0,28,26
G12MT1;PHEMEtm,1,0,28,26
G12MT1;PNTK,0,1,29,25
G12MT1;PNTOt2e,0,1,29,25
G12MT1;PPBNGS,1,0,28,26
G12MT1;PPCDC,0,1,29,25
G12MT1;PPIPItr,0,1,29,25
G12MT1;PPNCL2,0,1,29,25
G12MT1;PPPG9tm,1,0,28,26
G12MT1;PPPGOm,1,0,28,26
G12MT1;PTPAT,0,1,29,25
G12MT1;TECR180,1,0,28,26
G12MT1;TECR201,1,0,28,26
G12MT1;TECR221,1,0,28,26
G12MT1;UDPGD,1,0,28,26
G12MT1;UDPGLCAter,1,0,28,26
G12MT1;UGT1A2r,1,0,28,26
G12MT1;UPP3S,1,0,28,26
G12MT1;UPPDC1,1,0,28,26
G12MT2;G6PDH2rer,1,0,28,26
G12MT2;GLUDym,1,0,28,26
G12MT2;H2Oter,1,0,28,26
G12MT2;HACD180,1,0,28,26
G12MT2;HACD201,1,0,28,26
G12MT2;HACD221,1,0,28,26
G12MT2;HMBS,1,0,28,26
G12MT2;HOXG,1,0,28,26
G12MT2;HSD180,1,0,28,26
G12MT2;HSD201,1,0,28,26
G12MT2;HSD221,1,0,28,26
G12MT2;MALCOAMT,1,0,28,26
G12MT2;MALCOAMTr,1,0,28,26
G12MT2;NDP7er,5,0,24,26
G12MT2;NH4tm,1,0,28,26
G12MT2;PGI,1,0,28,26
G12MT2;PHEMEtm,1,0,28,26
G12MT2;PNTK,0,1,29,25
G12MT2;PNTOt2e,0,1,29,25
G12MT2;PPBNGS,1,0,28,26
G12MT2;PPCDC,0,1,29,25
G12MT2;PPIPItr,0,1,29,25
G12MT2;PPNCL2,0,1,29,25
G12MT2;PPPG9tm,1,0,28,26
G12MT2;PPPGOm,1,0,28,26
G12MT2;PTPAT,0,1,29,25
G12MT2;TECR180,1,0,28,26
G12MT2;TECR201,1,0,28,26
G12MT2;TECR221,1,0,28,26
G12MT2;UDPGD,1,0,28,26
G12MT2;UDPGLCAter,1,0,28,26
G12MT2;UGT1A2r,1,0,28,26
G12MT2;UPP3S,1,0,28,26
G12MT2;UPPDC1,1,0,28,26
G13MT;G6PDH2rer,1,0,28,26
G13MT;GLUDym,1,0,28,26
G13MT;H2Oter,1,0,28,26
G13MT;HACD180,1,0,28,26
G13MT;HACD201,1,0,28,26
G13MT;HACD221,1,0,28,26
G13MT;HMBS,1,0,28,26
G13MT;HOXG,1,0,28,26
G13MT;HSD180,1,0,28,26
G13MT;HSD201,1,0,28,26
G13MT;HSD221,1,0,28,26
G13MT;MALCOAMT,1,0,28,26
G13MT;MALCOAMTr,1,0,28,26
G13MT;NDP7er,5,0,24,26
G13MT;NH4tm,1,0,28,26
G13MT;PGI,1,0,28,26
G13MT;PHEMEtm,1,0,28,26
G13MT;PNTK,0,1,29,25
G13MT;PNTOt2e,0,1,29,25
G13MT;PPBNGS,1,0,28,26
G13MT;PPCDC,0,1,29,25
G13MT;PPIPItr,0,1,29,25
G13MT;PPNCL2,0,1,29,25
G13MT;PPPG9tm,1,0,28,26
G13MT;PPPGOm,1,0,28,26
G13MT;PTPAT,0,1,29,25
G13MT;TECR180,1,0,28,26
G13MT;TECR201,1,0,28,26
G13MT;TECR221,1,0,28,26
G13MT;UDPGD,1,0,28,26
G13MT;UDPGLCAter,1,0,28,26
G13MT;UGT1A2r,1,0,28,26
G13MT;UPP3S,1,0,28,26
G13MT;UPPDC1,1,0,28,26
G14T18g;IDHPOXOX2b,0,1,29,25
G14T18g;IDHPOXOX4,0,1,29,25
G14T18g;IDHPOXOXb,0,1,29,25
G14T18g;It,0,1,29,25
G14T18g;THYPX,0,1,29,25
G14T18g;THYST,0,1,29,25
G14T19g;IDHPOXOX2b,0,1,29,25
G14T19g;IDHPOXOX4,0,1,29,25
G14T19g;IDHPOXOXb,0,1,29,25
G14T19g;It,0,1,29,25
G14T19g;THYPX,0,1,29,25
G14T19g;THYST,0,1,29,25
G14T20g;IDHPOXOX2b,0,1,29,25
G14T20g;IDHPOXOX4,0,1,29,25
G14T20g;IDHPOXOXb,0,1,29,25
G14T20g;It,0,1,29,25
G14T20g;THYPX,0,1,29,25
G14T20g;THYST,0,1,29,25
G14T21g;IDHPOXOX2b,0,1,29,25
G14T21g;IDHPOXOX4,0,1,29,25
G14T21g;IDHPOXOXb,0,1,29,25
G14T21g;It,0,1,29,25
G14T21g;THYPX,0,1,29,25
G14T21g;THYST,0,1,29,25
G14Tg;PNTK,0,1,29,25
G14Tg;PNTOt2e,0,1,29,25
G14Tg;PPCDC,0,1,29,25
G14Tg;PPNCL2,0,1,29,25
G14Tg;PTPAT,0,1,29,25
G16MT;G6PDH2rer,1,0,28,26
G16MT;GLUDym,1,0,28,26
G16MT;H2Oter,1,0,28,26
G16MT;HACD180,1,0,28,26
G16MT;HACD201,1,0,28,26
G16MT;HACD221,1,0,28,26
G16MT;HMBS,1,0,28,26
G16MT;HOXG,1,0,28,26
G16MT;HSD180,1,0,28,26
G16MT;HSD201,1,0,28,26
G16MT;HSD221,1,0,28,26
G16MT;MALCOAMT,1,0,28,26
G16MT;MALCOAMTr,1,0,28,26
G16MT;NDP7er,5,0,24,26
G16MT;NH4tm,1,0,28,26
G16MT;PGI,1,0,28,26
G16MT;PHEMEtm,1,0,28,26
G16MT;PNTK,0,1,29,25
G16MT;PNTOt2e,0,1,29,25
G16MT;PPBNGS,1,0,28,26
G16MT;PPCDC,0,1,29,25
G16MT;PPIPItr,0,1,29,25
G16MT;PPNCL2,0,1,29,25
G16MT;PPPG9tm,1,0,28,26
G16MT;PPPGOm,1,0,28,26
G16MT;PTPAT,0,1,29,25
G16MT;TECR180,1,0,28,26
G16MT;TECR201,1,0,28,26
G16MT;TECR221,1,0,28,26
G16MT;UDPGD,1,0,28,26
G16MT;UDPGLCAter,1,0,28,26
G16MT;UGT1A2r,1,0,28,26
G16MT;UPP3S,1,0,28,26
G16MT;UPPDC1,1,0,28,26
G3PD1;GLYALDORy,0,1,29,25
G3PD1;GLYC3Ptmc,0,1,29,25
G3PD1;GLYCtm,0,1,29,25
G3PD1;GLYKm,0,1,29,25
G3PD1;KHK,0,1,29,25
G3PD1;SBTD_D2,0,1,29,25
G3PD1;SBTR,0,1,29,25
G3PD2m;G6PDH2r,1,0,28,26
G3PD2m;GND,1,0,28,26
G3PD2m;ICDHyr,1,0,28,26
G3PD2m;OXALSUCCCL,1,0,28,26
G3PD2m;PGL,1,0,28,26
G5SADm;GLUt2m,0,1,29,25
G5SADr;GLUt2m,0,1,29,25
G6PDA;GLUt2e,1,0,28,26
G6PDA;GLUt6,1,0,28,26
G6PDA;GLYt4,1,0,28,26
G6PDA;NKCCt,1,0,28,26
G6PDH1rer;G6PDH2rer,2,0,27,26
G6PDH1rer;GLYATm,1,0,28,26
G6PDH1rer;GLYtm,1,0,28,26
G6PDH1rer;NADHtru,1,0,28,26
G6PDH1rer;NADtru,1,0,28,26
G6PDH1rer;PPA,1,0,28,26
G6PDH1rer;THR3Dx,1,0,28,26
G6PDH2r;DNAdeg,1,0,28,26
G6PDH2r;G6PDH2rer,3,0,26,26
G6PDH2r;G6Pt6er,1,0,28,26
G6PDH2r;G6Pter,1,0,28,26
G6PDH2r;GLUDym,1,0,28,26
G6PDH2r;GLUt2m,1,0,28,26
G6PDH2r;GLUt6,1,0,28,26
G6PDH2r;GNDer,3,0,26,26
G6PDH2r;H2Otm,1,0,28,26
G6PDH2r;H2Otn,1,0,28,26
G6PDH2r;HACD180,2,0,27,26
G6PDH2r;HACD201,2,0,27,26
G6PDH2r;HACD221,2,0,27,26
G6PDH2r;HACD241,1,0,28,26
G6PDH2r;HSD180,2,0,27,26
G6PDH2r;HSD201,2,0,27,26
G6PDH2r;HSD221,2,0,27,26
G6PDH2r;HSD241,1,0,28,26
G6PDH2r;Htx,1,0,28,26
G6PDH2r;IMAGH,1,0,28,26
G6PDH2r;MALCOAMT,2,0,27,26
G6PDH2r;MALCOAMTr,2,0,27,26
G6PDH2r;NACDe,2,0,27,26
G6PDH2r;NACPRT,2,0,27,26
G6PDH2r;NADH2_u10m,2,0,27,26
G6PDH2r;NADHtpu,1,0,28,26
G6PDH2r;NADPHtru,1,0,28,26
G6PDH2r;NADPtru,1,0,28,26
G6PDH2r;NADtx,1,0,28,26
G6PDH2r;NCAMDe,2,0,27,26
G6PDH2r;NH4t3r,1,0,28,26
G6PDH2r;NH4tm,1,0,28,26
G6PDH2r;NMNDA,2,0,27,26
G6PDH2r;NMNS,2,0,27,26
G6PDH2r;NRVNCCOAtr,1,0,28,26
G6PDH2r;NRVNCCOAtxc,1,0,28,26
G6PDH2r;O2t,2,0,27,26
G6PDH2r;O2tp,1,0,28,26
G6PDH2r;P4504F121r,1,0,28,26
G6PDH2r;PCFLOPm,1,0,28,26
G6PDH2r;PEMET1,1,0,28,26
G6PDH2r;PEMET2,1,0,28,26
G6PDH2r;PETOHMm_hs,1,0,28,26
G6PDH2r;PE_HStm,1,0,28,26
G6PDH2r;PFK,6,0,23,26
G6PDH2r;PGI,6,1,23,25
G6PDH2r;PGLer,3,0,26,26
G6PDH2r;PHETA1,1,0,28,26
G6PDH2r;PIGTHRDLtm,1,0,28,26
G6PDH2r;PIt7,1,0,28,26
G6PDH2r;PMTCOAFABP1tc,2,0,27,26
G6PDH2r;PPItm,2,0,27,26
G6PDH2r;PPOR,1,0,28,26
G6PDH2r;PSSA2_hs,1,0,28,26
G6PDH2r;RPE,0,1,29,25
G6PDH2r;RU5Ptr,3,0,26,26
G6PDH2r;SSALym,1,0,28,26
G6PDH2r;SUCCACONtm,1,0,28,26
G6PDH2r;SUCCt4_2,1,0,28,26
G6PDH2r;TALA,0,1,29,25
G6PDH2r;TECR180,2,0,27,26
G6PDH2r;TECR201,2,0,27,26
G6PDH2r;TECR221,2,0,27,26
G6PDH2r;TECR241,1,0,28,26
G6PDH2r;TKT1,0,1,29,25
G6PDH2r;TKT2,0,1,29,25
G6PDH2r;TYROX,1,0,28,26
G6PDH2r;TYRTA,1,0,28,26
G6PDH2r;WHARACHDt5e,1,0,28,26
G6PDH2r;WHARACHDtr,1,0,28,26
G6PDH2rer;ARTFR12,1,0,28,26
G6PDH2rer;G6Pter,6,0,23,26
G6PDH2rer;GALU,2,0,27,26
G6PDH2rer;GHMT2rm,1,0,28,26
G6PDH2rer;GLCMter,1,0,28,26
G6PDH2rer;GLCNACPT,1,0,28,26
G6PDH2rer;GLCNACT,1,0,28,26
G6PDH2rer;GLYBtm,1,0,28,26
G6PDH2rer;GND,3,0,26,26
G6PDH2rer;H2Oter,1,0,28,26
G6PDH2rer;H2Otg,2,0,27,26
G6PDH2rer;HEX16,1,0,28,26
G6PDH2rer;HSD3A1r,2,0,27,26
G6PDH2rer;HSD3A2r,2,0,27,26
G6PDH2rer;Htg,2,0,27,26
G6PDH2rer;ICDHyrm,1,0,28,26
G6PDH2rer;M13N2Tg,1,0,28,26
G6PDH2rer;M4MPDOL_ter,1,0,28,26
G6PDH2rer;M7MASNBterg,1,0,28,26
G6PDH2rer;MAN1PT2,2,0,27,26
G6PDH2rer;MAN6PI,2,0,27,26
G6PDH2rer;MANter,1,0,28,26
G6PDH2rer;MANtg,1,0,28,26
G6PDH2rer;MEOHt2,1,0,28,26
G6PDH2rer;METAT,1,0,28,26
G6PDH2rer;MG1er,1,0,28,26
G6PDH2rer;MG2er,1,0,28,26
G6PDH2rer;MG3er,1,0,28,26
G6PDH2rer;MM5bg,1,0,28,26
G6PDH2rer;MM6B1ag,1,0,28,26
G6PDH2rer;MM7B1g,1,0,28,26
G6PDH2rer;MM8Ber,1,0,28,26
G6PDH2rer;NADHtru,2,0,27,26
G6PDH2rer;NADPHtru,8,0,21,26
G6PDH2rer;NADPtru,8,0,21,26
G6PDH2rer;NADtru,2,0,27,26
G6PDH2rer;NDP7g,2,0,27,26
G6PDH2rer;PA_HSter,1,0,28,26
G6PDH2rer;PCHOLPr_hs,1,0,28,26
G6PDH2rer;PCHOL_HSter,1,0,28,26
G6PDH2rer;PGL,3,0,26,26
G6PDH2rer;PGMT,2,0,27,26
G6PDH2rer;PItg,2,0,27,26
G6PDH2rer;PLMCOAPTr,1,0,28,26
G6PDH2rer;PMANM,2,0,27,26
G6PDH2rer;PMTCOAFABP1tc,1,0,28,26
G6PDH2rer;PPA,1,0,28,26
G6PDH2rer;PPAPA,1,0,28,26
G6PDH2rer;PPIPItr,1,0,28,26
G6PDH2rer;PPItr,2,0,27,26
G6PDH2rer;RPE,1,0,28,26
G6PDH2rer;SARDHm,1,0,28,26
G6PDH2rer;SERTm,1,0,28,26
G6PDH2rer;TALA,1,0,28,26
G6PDH2rer;TKT1,1,0,28,26
G6PDH2rer;TKT2,1,0,28,26
G6PDH2rer;UAGDP,2,0,27,26
G6PDH2rer;UDPDOLPT,1,0,28,26
G6PDH2rer;UGLCNACtg,2,0,27,26
G6PPer;Htr,0,1,29,25
G6PPer;PPIPItr,0,1,29,25
G6Pt6er;G6Pter,4,0,25,26
G6Pt6er;GALASE19ly,1,0,28,26
G6Pt6er;GALNTg,1,0,28,26
G6Pt6er;GALtly,1,0,28,26
G6Pt6er;GLYATm,0,1,29,25
G6Pt6er;GND,1,0,28,26
G6Pt6er;H2Oter,1,0,28,26
G6Pt6er;H2Otly,1,0,28,26
G6Pt6er;HDCAter,1,0,28,26
G6Pt6er;HEX1,0,1,29,25
G6Pt6er;Htr,0,1,29,25
G6Pt6er;ICDHyrm,1,0,28,26
G6Pt6er;N4Tg,1,0,28,26
G6Pt6er;NADPHtru,3,0,26,26
G6Pt6er;NADPtru,3,0,26,26
G6Pt6er;NAGA2ly,1,0,28,26
G6Pt6er;NAGLCAly,1,0,28,26
G6Pt6er;OCOAT1m,0,1,29,25
G6Pt6er;PALFATPtc,1,0,28,26
G6Pt6er;PA_HSter,1,0,28,26
G6Pt6er;PCHOLPr_hs,1,0,28,26
G6Pt6er;PCHOL_HSter,1,0,28,26
G6Pt6er;PGI,1,0,28,26
G6Pt6er;PGL,1,0,28,26
G6Pt6er;PIter,0,1,29,25
G6Pt6er;PPAPA,1,0,28,26
G6Pt6er;PPIPItr,1,3,28,23
G6Pt6er;PPItr,3,0,26,26
G6Pt6er;PYRtm,0,1,29,25
G6Pt6er;RPI,2,0,27,26
G6Pt6er;R_group_phosphotase_1,1,0,28,26
G6Pt6er;Rtotaltl,1,0,28,26
G6Pt6er;SGPL12r,1,0,28,26
G6Pt6er;SMPD3l,1,0,28,26
G6Pt6er;SPHINGStl,1,0,28,26
G6Pt6er;SPHK21c,1,0,28,26
G6Pt6er;SPHMYLNtl,1,0,28,26
G6Pt6er;SPHS1Ptr,1,0,28,26
G6Pt6er;Ser/Thrtg,1,0,28,26
G6Pt6er;THR3Dx,0,1,29,25
G6Pt6er;UAGDP,1,0,28,26
G6Pt6er;UDPACGALtl,1,0,28,26
G6Pt6er;UDPtl,1,0,28,26
G6Pt6er;UGALNACtg,1,0,28,26
G6Pt6er;UGLCNACtg,1,0,28,26
G6Pter;GALU,4,0,25,26
G6Pter;GLYt2r,1,0,28,26
G6Pter;GND,1,0,28,26
G6Pter;GNDer,6,0,23,26
G6Pter;H2Oter,2,0,27,26
G6Pter;HSD3A1r,2,0,27,26
G6Pter;HSD3A2r,2,0,27,26
G6Pter;Htr,4,0,25,26
G6Pter;NADHtru,2,0,27,26
G6Pter;NADPHtru,1,0,28,26
G6Pter;NADPtru,1,0,28,26
G6Pter;NADtru,2,0,27,26
G6Pter;PGL,1,0,28,26
G6Pter;PGLer,6,0,23,26
G6Pter;PGMT,4,0,25,26
G6Pter;PIter,0,1,29,25
G6Pter;RPI,2,0,27,26
G6Pter;RU5Ptr,6,0,23,26
G6Pter;UDPGD,1,0,28,26
GAL3ST11;GLUDym,1,0,28,26
GAL3ST11;NH4tm,1,0,28,26
GAL3ST12;GF6PTA,3,0,26,26
GAL3ST12;H2Otly,1,0,28,26
GAL3ST12;IDHPOXOX2b,1,0,28,26
GAL3ST12;IDHPOXOX3,1,0,28,26
GAL3ST12;IDHPOXOXb,1,0,28,26
GAL3ST12;LCYSTCBOXL,1,0,28,26
GAL3ST12;NAIt,1,0,28,26
GAL3ST12;NKCC2t,1,0,28,26
GAL3ST12;SO4t4_3,0,1,29,25
GAL3ST12;TAURCHAe,1,0,28,26
GAL3ST12;THYPX,1,0,28,26
GAL3ST12;UAG2EMAi,2,0,27,26
GAL3ST12;UAGDP,3,0,26,26
GAL3ST12;UGLCNACtg,3,0,26,26
GALASE1ly;PNTK,0,1,29,25
GALASE1ly;PNTOt2e,0,1,29,25
GALASE1ly;PPCDC,0,1,29,25
GALASE1ly;PPNCL2,0,1,29,25
GALASE1ly;PTPAT,0,1,29,25
GALM2;GALt4_2,1,0,28,26
GALNTg;HCO3E,1,0,28,26
GALNTg;IDHPOXOX2b,0,1,29,25
GALNTg;IDHPOXOX4,0,1,29,25
GALNTg;IDHPOXOXb,0,1,29,25
GALNTg;It,0,1,29,25
GALNTg;RPI,1,0,28,26
GALNTg;THYPX,0,1,29,25
GALNTg;THYST,0,1,29,25
GALSIDEtg;GLUDym,1,0,28,26
GALSIDEtg;NH4tm,1,0,28,26
GALSIDEtl;GLUDym,1,0,28,26
GALSIDEtl;NH4tm,1,0,28,26
GALU;GLUt6,1,0,28,26
GALU;GLYC3Ptmc,1,0,28,26
GALU;GNDer,1,0,28,26
GALU;GTPGDPtm,0,1,29,25
GALU;H2O2tp,0,1,29,25
GALU;H2Oter,3,0,26,26
GALU;H2Otp,0,1,29,25
GALU;HACD180,1,1,28,25
GALU;HACD201,1,1,28,25
GALU;HACD221,1,1,28,25
GALU;HACD241,0,1,29,25
GALU;HEX12,1,0,28,26
GALU;HSD180,1,1,28,25
GALU;HSD201,1,1,28,25
GALU;HSD221,1,1,28,25
GALU;HSD241,0,1,29,25
GALU;Htr,2,0,27,26
GALU;Htx,0,1,29,25
GALU;ICDHyrm,1,0,28,26
GALU;IDHPOXOX2b,3,1,26,25
GALU;IDHPOXOX3,3,0,26,26
GALU;IDHPOXOX4,0,1,29,25
GALU;IDHPOXOXb,3,1,26,25
GALU;It,2,1,27,25
GALU;KCC2t,0,1,29,25
GALU;LCYSTCBOXL,1,0,28,26
GALU;MALCOAMT,2,1,27,25
GALU;MALCOAMTr,2,1,27,25
GALU;MAL_Lte,0,1,29,25
GALU;NADHtpu,0,1,29,25
GALU;NADPHtru,2,0,27,26
GALU;NADPtru,2,0,27,26
GALU;NADtx,0,1,29,25
GALU;NAIt,1,0,28,26
GALU;NKCC2t,1,0,28,26
GALU;NRVNCCOAtr,0,1,29,25
GALU;NRVNCCOAtxc,0,1,29,25
GALU;O2tp,0,1,29,25
GALU;PFK,0,1,29,25
GALU;PGLer,1,0,28,26
GALU;PIMALtm,0,1,29,25
GALU;PMTCOAPTr,0,1,29,25
GALU;PNTK,0,1,29,25
GALU;PNTOt2e,0,1,29,25
GALU;PPAer,5,0,24,26
GALU;PPCDC,0,1,29,25
GALU;PPIPItr,2,1,27,25
GALU;PPItr,3,0,26,26
GALU;PPNCL2,0,1,29,25
GALU;PROGLUtm,0,1,29,25
GALU;PROtm,0,1,29,25
GALU;PTPAT,0,1,29,25
GALU;R5Ptr,0,14,29,12
GALU;RPE,1,0,28,26
GALU;RPI,1,0,28,26
GALU;RPIr,0,14,29,12
GALU;RU5Ptr,1,14,28,12
GALU;SE10,0,1,29,25
GALU;SO4AKGtm,0,1,29,25
GALU;SO4MALtm,0,1,29,25
GALU;SO4t4_3,0,1,29,25
GALU;SOAT6,0,1,29,25
GALU;SUCOAS1m,0,1,29,25
GALU;TAURCHAe,1,0,28,26
GALU;TECR180,1,1,28,25
GALU;TECR201,1,1,28,25
GALU;TECR221,1,1,28,25
GALU;TECR241,0,1,29,25
GALU;THR3Dx,0,1,29,25
GALU;THYPX,3,1,26,25
GALU;THYRIDHD,2,0,27,26
GALU;THYST,2,1,27,25
GALU;TKT1,1,0,28,26
GALU;TKT2,1,0,28,26
GALU;TXA2tr,0,1,29,25
GALU;TXB2c,0,1,29,25
GALU;TXB2r,0,1,29,25
GALU;TXB2tr,0,1,29,25
GALtly;PNTK,0,1,29,25
GALtly;PNTOt2e,0,1,29,25
GALtly;PPCDC,0,1,29,25
GALtly;PPNCL2,0,1,29,25
GALtly;PTPAT,0,1,29,25
GAPD;HCO3Em,0,1,29,25
GAPD;HCO3tm,0,1,29,25
GAPD;HEX7,1,0,28,26
GAPD;KYNAKGAT,0,2,29,24
GAPD;KYNATESYN,0,2,29,24
GAPD;KYNATEtr,0,2,29,24
GAPD;NACDe,1,0,28,26
GAPD;NACPRT,1,0,28,26
GAPD;NADH2_u10m,0,2,29,24
GAPD;NCAMDe,1,0,28,26
GAPD;NDPK1,0,1,29,25
GAPD;NDPK5,0,1,29,25
GAPD;NDPK8,1,4,28,22
GAPD;NH4t3r,0,1,29,25
GAPD;NMNDA,1,0,28,26
GAPD;NMNS,1,0,28,26
GAPD;NQO2,0,2,29,24
GAPD;O2t,0,3,29,23
GAPD;PIMALtm,0,1,29,25
GAPD;PIt2m_2,0,2,29,24
GAPD;PYRAKGte,0,1,29,25
GAPD;RPE,1,0,28,26
GAPD;SBTD_D2,1,0,28,26
GAPD;SBTR,1,0,28,26
GAPD;SO4AKGtm,0,1,29,25
GAPD;SO4MALtm,0,1,29,25
GAPD;TALA,1,0,28,26
GAPD;THFtm,0,1,29,25
GAPD;THR3Dx,0,1,29,25
GAPD;THRA,1,0,28,26
GAPD;TKT1,1,0,28,26
GAPD;TKT2,1,0,28,26
GAPD;TRPO2,0,2,29,24
GAPD;q10h2tc,0,2,29,24
GAPD;q10tm,0,2,29,24
GASNASEly;PNTK,0,1,29,25
GASNASEly;PNTOt2e,0,1,29,25
GASNASEly;PPCDC,0,1,29,25
GASNASEly;PPNCL2,0,1,29,25
GASNASEly;PTPAT,0,1,29,25
GCALDD;GLUDym,1,0,28,26
GCALDD;NH4tm,1,0,28,26
GCALDD;PFK,0,2,29,24
GCALDD;PGI,0,1,29,25
GDPFUCtg;PNTK,0,1,29,25
GDPFUCtg;PNTOt2e,0,1,29,25
GDPFUCtg;PPCDC,0,1,29,25
GDPFUCtg;PPNCL2,0,1,29,25
GDPFUCtg;PTPAT,0,1,29,25
GDPtg;PNTK,0,1,29,25
GDPtg;PNTOt2e,0,1,29,25
GDPtg;PPCDC,0,1,29,25
GDPtg;PPNCL2,0,1,29,25
GDPtg;PTPAT,0,1,29,25
GF6PTA;GLUDym,1,0,28,26
GF6PTA;GLUt2e,1,0,28,26
GF6PTA;GLUt6,3,0,26,26
GF6PTA;GLYt4,1,0,28,26
GF6PTA;H2Oter,1,0,28,26
GF6PTA;HCO3E,1,0,28,26
GF6PTA;HEX12,1,0,28,26
GF6PTA;HMBS,2,0,27,26
GF6PTA;HOXG,2,0,27,26
GF6PTA;Htm,1,0,28,26
GF6PTA;Htr,1,0,28,26
GF6PTA;ICITACONtm,1,0,28,26
GF6PTA;IDHPOXOX2b,1,1,28,25
GF6PTA;IDHPOXOX3,1,0,28,26
GF6PTA;IDHPOXOX4,0,1,29,25
GF6PTA;IDHPOXOXb,1,1,28,25
GF6PTA;It,1,1,28,25
GF6PTA;KCCt,1,0,28,26
GF6PTA;KYNAKGAT,1,0,28,26
GF6PTA;KYNATESYN,1,0,28,26
GF6PTA;KYNATEtr,1,0,28,26
GF6PTA;MAL_Lte,0,1,29,25
GF6PTA;NDP7er,2,0,27,26
GF6PTA;NH4tm,1,0,28,26
GF6PTA;NKCCt,1,0,28,26
GF6PTA;PA_HSter,1,0,28,26
GF6PTA;PCHOLPr_hs,1,0,28,26
GF6PTA;PCHOL_HSter,1,0,28,26
GF6PTA;PGI,1,0,28,26
GF6PTA;PHEMEtm,2,0,27,26
GF6PTA;PPAPA,1,0,28,26
GF6PTA;PPAer,1,0,28,26
GF6PTA;PPBNGS,2,0,27,26
GF6PTA;PPIPItr,0,1,29,25
GF6PTA;PPItr,1,0,28,26
GF6PTA;PPPG9tm,2,0,27,26
GF6PTA;PPPGOm,2,0,27,26
GF6PTA;R5Ptr,0,14,29,12
GF6PTA;RPE,2,0,27,26
GF6PTA;RPI,2,0,27,26
GF6PTA;RPIr,0,14,29,12
GF6PTA;RU5Ptr,0,14,29,12
GF6PTA;SADT,1,0,28,26
GF6PTA;SO4CLtex2,1,0,28,26
GF6PTA;TALA,1,0,28,26
GF6PTA;THRA,1,0,28,26
GF6PTA;THYPX,1,1,28,25
GF6PTA;THYRIDHD,1,0,28,26
GF6PTA;THYST,1,1,28,25
GF6PTA;TKT1,2,0,27,26
GF6PTA;TKT2,2,0,27,26
GF6PTA;TRPO2,1,0,28,26
GF6PTA;UDPGD,3,0,26,26
GF6PTA;UDPGLCAter,2,0,27,26
GF6PTA;UGALCG,3,0,26,26
GF6PTA;UPP3S,2,0,27,26
GF6PTA;UPPDC1,2,0,27,26
GFUCSx;PNTK,0,1,29,25
GFUCSx;PNTOt2e,0,1,29,25
GFUCSx;PPCDC,0,1,29,25
GFUCSx;PPNCL2,0,1,29,25
GFUCSx;PTPAT,0,1,29,25
GGTAe2;GLYATm,0,1,29,25
GGTAe2;GLYtm,0,1,29,25
GGTAe2;H2Ot,1,0,28,26
GGTAe2;HMGL,0,2,29,24
GGTAe2;MAL_Lte,1,2,28,24
GGTAe2;OAADC,0,1,29,25
GGTAe2;THR3Dx,0,1,29,25
GHMT2r;GluForTx,0,2,29,24
GHMT2r;HISD,0,2,29,24
GHMT2r;IZPN,0,2,29,24
GHMT2r;MTHFD2,0,2,29,24
GHMT2r;NH4t3r,0,1,29,25
GHMT2r;SERt4,0,1,29,25
GHMT2r;URCN,0,2,29,24
GHMT2rm;ARTFR52,1,0,28,26
GHMT2rm;HACD180,1,0,28,26
GHMT2rm;HACD200,1,0,28,26
GHMT2rm;HACD220,1,0,28,26
GHMT2rm;HACD240,1,0,28,26
GHMT2rm;HACD260,1,0,28,26
GHMT2rm;HCO3E,0,1,29,25
GHMT2rm;HCO3Em,0,1,29,25
GHMT2rm;HCO3tm,0,1,29,25
GHMT2rm;HEX12,1,0,28,26
GHMT2rm;HEXCCOAtr,1,0,28,26
GHMT2rm;HSD180,1,0,28,26
GHMT2rm;HSD200,1,0,28,26
GHMT2rm;HSD220,1,0,28,26
GHMT2rm;HSD240,1,0,28,26
GHMT2rm;HSD260,1,0,28,26
GHMT2rm;PROGLUtm,1,0,28,26
GHMT2rm;PROtm,1,0,28,26
GHMT2rm;RTOT5,1,0,28,26
GHMT2rm;SERCYSNaEx,1,0,28,26
GHMT2rm;SERt4,2,2,27,24
GHMT2rm;TECR180,1,0,28,26
GHMT2rm;TECR200,1,0,28,26
GHMT2rm;TECR220,1,0,28,26
GHMT2rm;TECR240,1,0,28,26
GHMT2rm;TECR260,1,0,28,26
GHMT2rm;TXA2tr,0,1,29,25
GHMT2rm;TXB2c,0,1,29,25
GHMT2rm;TXB2r,0,1,29,25
GHMT2rm;TXB2tr,0,1,29,25
GK1i;GK1mi,1,1,28,25
GK1i;GSNKm,1,1,28,25
GK1i;GSNtm,1,1,28,25
GK1i;GTPGDPtm,0,1,29,25
GK1i;GTPtm,1,1,28,25
GK1i;NTD9,1,1,28,25
GLACter;Htr,1,0,28,26
GLCMter;HACD180,1,0,28,26
GLCMter;HACD201,1,0,28,26
GLCMter;HACD221,1,0,28,26
GLCMter;HSD180,1,0,28,26
GLCMter;HSD201,1,0,28,26
GLCMter;HSD221,1,0,28,26
GLCMter;MALCOAMT,1,0,28,26
GLCMter;MALCOAMTr,1,0,28,26
GLCMter;NDP7er,2,0,27,26
GLCMter;PGI,1,0,28,26
GLCMter;PNTK,0,1,29,25
GLCMter;PNTOt2e,0,1,29,25
GLCMter;PPCDC,0,1,29,25
GLCMter;PPNCL2,0,1,29,25
GLCMter;PTPAT,0,1,29,25
GLCMter;TECR180,1,0,28,26
GLCMter;TECR201,1,0,28,26
GLCMter;TECR221,1,0,28,26
GLCNACPT;GLUDym,1,0,28,26
GLCNACPT;H2Oter,1,0,28,26
GLCNACPT;HACD180,1,0,28,26
GLCNACPT;HACD201,1,0,28,26
GLCNACPT;HACD221,1,0,28,26
GLCNACPT;HMBS,1,0,28,26
GLCNACPT;HOXG,1,0,28,26
GLCNACPT;HSD180,1,0,28,26
GLCNACPT;HSD201,1,0,28,26
GLCNACPT;HSD221,1,0,28,26
GLCNACPT;MALCOAMT,1,0,28,26
GLCNACPT;MALCOAMTr,1,0,28,26
GLCNACPT;NDP7er,5,0,24,26
GLCNACPT;NH4tm,1,0,28,26
GLCNACPT;PGI,1,0,28,26
GLCNACPT;PHEMEtm,1,0,28,26
GLCNACPT;PNTK,0,1,29,25
GLCNACPT;PNTOt2e,0,1,29,25
GLCNACPT;PPBNGS,1,0,28,26
GLCNACPT;PPCDC,0,1,29,25
GLCNACPT;PPIPItr,0,1,29,25
GLCNACPT;PPNCL2,0,1,29,25
GLCNACPT;PPPG9tm,1,0,28,26
GLCNACPT;PPPGOm,1,0,28,26
GLCNACPT;PTPAT,0,1,29,25
GLCNACPT;TECR180,1,0,28,26
GLCNACPT;TECR201,1,0,28,26
GLCNACPT;TECR221,1,0,28,26
GLCNACPT;UDPGD,1,0,28,26
GLCNACPT;UDPGLCAter,1,0,28,26
GLCNACPT;UGT1A2r,1,0,28,26
GLCNACPT;UPP3S,1,0,28,26
GLCNACPT;UPPDC1,1,0,28,26
GLCNACT;GLUDym,1,0,28,26
GLCNACT;H2Oter,1,0,28,26
GLCNACT;HACD180,1,0,28,26
GLCNACT;HACD201,1,0,28,26
GLCNACT;HACD221,1,0,28,26
GLCNACT;HMBS,1,0,28,26
GLCNACT;HOXG,1,0,28,26
GLCNACT;HSD180,1,0,28,26
GLCNACT;HSD201,1,0,28,26
GLCNACT;HSD221,1,0,28,26
GLCNACT;MALCOAMT,1,0,28,26
GLCNACT;MALCOAMTr,1,0,28,26
GLCNACT;NDP7er,5,0,24,26
GLCNACT;NH4tm,1,0,28,26
GLCNACT;PGI,1,0,28,26
GLCNACT;PHEMEtm,1,0,28,26
GLCNACT;PNTK,0,1,29,25
GLCNACT;PNTOt2e,0,1,29,25
GLCNACT;PPBNGS,1,0,28,26
GLCNACT;PPCDC,0,1,29,25
GLCNACT;PPIPItr,0,1,29,25
GLCNACT;PPNCL2,0,1,29,25
GLCNACT;PPPG9tm,1,0,28,26
GLCNACT;PPPGOm,1,0,28,26
GLCNACT;PTPAT,0,1,29,25
GLCNACT;TECR180,1,0,28,26
GLCNACT;TECR201,1,0,28,26
GLCNACT;TECR221,1,0,28,26
GLCNACT;UDPGD,1,0,28,26
GLCNACT;UDPGLCAter,1,0,28,26
GLCNACT;UGT1A2r,1,0,28,26
GLCNACT;UPP3S,1,0,28,26
GLCNACT;UPPDC1,1,0,28,26
GLCURter;GLUDym,1,0,28,26
GLCURter;Htr,1,0,28,26
GLCURter;NH4tm,1,0,28,26
GLCURter;PFK,0,2,29,24
GLCURter;PGI,0,1,29,25
GLCURtly;GLUDym,1,0,28,26
GLCURtly;Htr,1,0,28,26
GLCURtly;NH4tm,1,0,28,26
GLCt1r;GLCt2_2,0,1,29,25
GLCt1r;GLCt4,0,1,29,25
GLCt1r;GLCt4_2,1,1,28,25
GLCter;GLUDym,1,0,28,26
GLCter;GLYATm,0,1,29,25
GLCter;H2Oter,1,0,28,26
GLCter;HEX1,0,1,29,25
GLCter;HMBS,1,0,28,26
GLCter;HOXG,1,0,28,26
GLCter;Htr,0,1,29,25
GLCter;NDP7er,3,0,26,26
GLCter;NH4tm,1,0,28,26
GLCter;OCOAT1m,0,1,29,25
GLCter;PHEMEtm,1,0,28,26
GLCter;PPBNGS,1,0,28,26
GLCter;PPIPItr,0,3,29,23
GLCter;PPPG9tm,1,0,28,26
GLCter;PPPGOm,1,0,28,26
GLCter;PYRtm,0,1,29,25
GLCter;THR3Dx,0,1,29,25
GLCter;UDPGD,1,0,28,26
GLCter;UDPGLCAter,1,0,28,26
GLCter;UGT1A2r,1,0,28,26
GLCter;UPP3S,1,0,28,26
GLCter;UPPDC1,1,0,28,26
GLNALANaEx;GLNt4,1,0,28,26
GLNALANaEx;H2Oter,1,0,28,26
GLNALANaEx;HEX12,1,0,28,26
GLNALANaEx;PYRt2r,1,0,28,26
GLNALANaEx;THR3Dx,1,0,28,26
GLNALANaEx;TYROX,1,0,28,26
GLNALANaEx;TYRTA,1,0,28,26
GLNATB0tc;GLNt4,0,3,29,23
GLNCYSNaEx;GLNt4,1,0,28,26
GLNS;GLNt4,1,0,28,26
GLNS;GLNyLATthc,1,0,28,26
GLN_Lte;GLNS,1,0,28,26
GLN_Lte;GLUt6,1,0,28,26
GLN_Lte;KCCt,1,0,28,26
GLNt4;GLNtN1,8,6,21,20
GLNt4;GLUt2e,1,0,28,26
GLNyLATthc;RPE,1,0,28,26
GLNyLATthc;TKT1,1,0,28,26
GLNyLATthc;TKT2,1,0,28,26
GLRASE;Htr,1,0,28,26
GLU5SAtmc;GLUt2m,0,1,29,25
GLUASNLEUr;HCO3E,0,2,29,24
GLUASNLEUr;HCO3Ee,0,1,29,25
GLUASNLEUt;HCO3E,0,2,29,24
GLUASNLEUt;HCO3Ee,0,1,29,25
GLUCYS;GLUDxm,0,1,29,25
GLUCYS;GLYATm,0,1,29,25
GLUCYS;GLYtm,0,1,29,25
GLUCYS;H2Ot,1,0,28,26
GLUCYS;HMGL,0,2,29,24
GLUCYS;MAL_Lte,1,2,28,24
GLUCYS;NH4tm,0,1,29,25
GLUCYS;OAADC,0,1,29,25
GLUCYS;PROGLUtm,0,1,29,25
GLUCYS;PROtm,0,1,29,25
GLUCYS;THR3Dx,0,1,29,25
GLUDC;GTPGDPtm,0,1,29,25
GLUDC;PIMALtm,0,1,29,25
GLUDC;PROGLUtm,0,1,29,25
GLUDC;PROtm,0,1,29,25
GLUDC;PYRt2r,1,0,28,26
GLUDC;SO4AKGtm,0,1,29,25
GLUDC;SO4MALtm,0,1,29,25
GLUDC;SUCOAS1m,0,1,29,25
GLUDxm;GLUDym,0,4,29,22
GLUDxm;GLUGLUr,0,1,29,25
GLUDxm;GLUGLUt,0,1,29,25
GLUDxm;GLYATm,0,1,29,25
GLUDxm;GLYtm,0,1,29,25
GLUDxm;GTHS,0,1,29,25
GLUDxm;GTPGDPtm,0,1,29,25
GLUDxm;H2O2t,0,1,29,25
GLUDxm;HCO3E,2,0,27,26
GLUDxm;HMGL,0,2,29,24
GLUDxm;Htm,1,2,28,24
GLUDxm;MAL_Lte,0,1,29,25
GLUDxm;NDP8,1,0,28,26
GLUDxm;NH4tm,1,0,28,26
GLUDxm;OCOAT1m,0,1,29,25
GLUDxm;PIGTHRDLtm,1,0,28,26
GLUDxm;PIt2m_2,0,2,29,24
GLUDxm;PYRtm,0,1,29,25
GLUDxm;SUCOAS1m,0,1,29,25
GLUDxm;THFtm,0,1,29,25
GLUDxm;THR3Dx,0,2,29,24
GLUDym;GLUt2m,1,0,28,26
GLUDym;GLXtm,1,0,28,26
GLUDym;GLXtp,1,0,28,26
GLUDym;GLYCLTtp,1,0,28,26
GLUDym;GLYCTO1p,1,0,28,26
GLUDym;GLYCt,1,0,28,26
GLUDym;GLYt2r,1,0,28,26
GLUDym;GLYtm,1,0,28,26
GLUDym;GND,1,0,28,26
GLUDym;GPCCPDE,1,0,28,26
GLUDym;GULN3D,1,0,28,26
GLUDym;GULNDer,1,0,28,26
GLUDym;GULNter,1,0,28,26
GLUDym;H2O2tp,1,0,28,26
GLUDym;H2Oter,1,0,28,26
GLUDym;H2Otg,2,0,27,26
GLUDym;H2Otly,1,0,28,26
GLUDym;HAS1,1,0,28,26
GLUDym;HAS2,1,0,28,26
GLUDym;HAtly,1,0,28,26
GLUDym;HEX12,1,0,28,26
GLUDym;HEX16,1,0,28,26
GLUDym;HMGL,0,1,29,25
GLUDym;HYAL,1,0,28,26
GLUDym;Htg,2,0,27,26
GLUDym;Htm,1,1,28,25
GLUDym;ICDHyr,1,0,28,26
GLUDym;ICDHyrm,1,0,28,26
GLUDym;ICITCITtm,0,1,29,25
GLUDym;ICITMALtm,0,1,29,25
GLUDym;KHK2,1,0,28,26
GLUDym;LPASE,1,0,28,26
GLUDym;M13N2Tg,1,0,28,26
GLUDym;M4MPDOL_ter,1,0,28,26
GLUDym;M7MASNBterg,1,0,28,26
GLUDym;MAL_Lte,0,1,29,25
GLUDym;MAN1PT2,1,0,28,26
GLUDym;MAN6PI,1,0,28,26
GLUDym;MANter,1,0,28,26
GLUDym;MANtg,1,0,28,26
GLUDym;ME2m,0,1,29,25
GLUDym;MG1er,1,0,28,26
GLUDym;MG2er,1,0,28,26
GLUDym;MG3er,1,0,28,26
GLUDym;MM5bg,1,0,28,26
GLUDym;MM6B1bg,1,0,28,26
GLUDym;MM7B2g,1,0,28,26
GLUDym;MM8Ber,1,0,28,26
GLUDym;NDP7g,2,0,27,26
GLUDym;NH4tm,0,1,29,25
GLUDym;OXALSUCCCL,1,0,28,26
GLUDym;PAPStg,1,0,28,26
GLUDym;PAPtg,1,0,28,26
GLUDym;PGI,1,0,28,26
GLUDym;PGL,1,0,28,26
GLUDym;PHETA1,0,1,29,25
GLUDym;PHETA1m,0,1,29,25
GLUDym;PHEt4m,0,1,29,25
GLUDym;PHPYRtm,0,1,29,25
GLUDym;PIGTHRDLtm,2,0,27,26
GLUDym;PIMALtm,0,1,29,25
GLUDym;PIt2m_2,0,1,29,25
GLUDym;PItg,2,0,27,26
GLUDym;PMANM,1,0,28,26
GLUDym;PPA,1,0,28,26
GLUDym;PPAm,1,0,28,26
GLUDym;PPItm,2,0,27,26
GLUDym;PYRtm,0,1,29,25
GLUDym;RPE,1,0,28,26
GLUDym;R_group_phosphotase_1,1,0,28,26
GLUDym;SADT,1,0,28,26
GLUDym;SGALSIDEtg,1,0,28,26
GLUDym;SGALSIDEtl,1,0,28,26
GLUDym;SO3AKGtm,0,1,29,25
GLUDym;SO3MALtm,0,1,29,25
GLUDym;SO4tl,1,0,28,26
GLUDym;SUCCt4_3,1,0,28,26
GLUDym;TALA,1,0,28,26
GLUDym;THFtm,0,1,29,25
GLUDym;TKT1,1,0,28,26
GLUDym;TKT2,1,0,28,26
GLUDym;TYROX,1,0,28,26
GLUDym;TYRTA,1,0,28,26
GLUDym;UAGDP,2,0,27,26
GLUDym;UDPDOLPT,1,0,28,26
GLUDym;UDPG4E,1,0,28,26
GLUDym;UDPGALtg,1,0,28,26
GLUDym;UGLCNACtg,2,0,27,26
GLUDym;XYLTD_Dr,1,0,28,26
GLUDym;XYLURx,1,0,28,26
GLUGLUr;GLUt2m,0,1,29,25
GLUGLUr;NH4t3r,0,1,29,25
GLUGLUr;NH4tm,0,1,29,25
GLUGLUr;PIMALtm,0,1,29,25
GLUGLUr;SO3AKGtm,0,1,29,25
GLUGLUr;SO3MALtm,0,1,29,25
GLUGLUt;GLUt2m,0,1,29,25
GLUGLUt;NH4t3r,0,1,29,25
GLUGLUt;NH4tm,0,1,29,25
GLUGLUt;PIMALtm,0,1,29,25
GLUGLUt;SO3AKGtm,0,1,29,25
GLUGLUt;SO3MALtm,0,1,29,25
GLUPROASCT1;GLYATm,0,1,29,25
GLUPROASCT1;GLYtm,0,1,29,25
GLUPROASCT1;HMGL,0,1,29,25
GLUPROASCT1;MAL_Lte,0,1,29,25
GLUPROASCT1;THR3Dx,0,1,29,25
GLUt2e;GLUt6,2,0,27,26
GLUt2e;HKt,1,0,28,26
GLUt2e;NKCC2t,1,0,28,26
GLUt2m;GLYATm,0,1,29,25
GLUt2m;GLYt2r,1,0,28,26
GLUt2m;GLYtm,0,1,29,25
GLUt2m;GND,1,0,28,26
GLUt2m;H2Otm,1,0,28,26
GLUt2m;HCO3E,1,0,28,26
GLUt2m;HEX12,2,0,27,26
GLUt2m;HMGL,0,1,29,25
GLUt2m;Htm,0,1,29,25
GLUt2m;ICDHxrm,1,0,28,26
GLUt2m;ICDHyrm,2,0,27,26
GLUt2m;MAL_Lte,0,2,29,24
GLUt2m;MMMm,1,0,28,26
GLUt2m;MMTSADm,1,0,28,26
GLUt2m;NH4tm,1,0,28,26
GLUt2m;NTD5,1,0,28,26
GLUt2m;OXALSUCCCLm,1,0,28,26
GLUt2m;P5CRm,0,1,29,25
GLUt2m;PGI,1,0,28,26
GLUt2m;PGL,1,0,28,26
GLUt2m;PIGTHRDLtm,3,0,26,26
GLUt2m;PIt2m_2,0,1,29,25
GLUt2m;PPAm,1,0,28,26
GLUt2m;PPItm,2,0,27,26
GLUt2m;PPM2,1,0,28,26
GLUt2m;PRO1x,0,1,29,25
GLUt2m;PROGLUtm,1,1,28,25
GLUt2m;PROtm,1,0,28,26
GLUt2m;RPE,1,0,28,26
GLUt2m;SERCYSNaEx,1,0,28,26
GLUt2m;SUCCACONtm,1,0,28,26
GLUt2m;SUCCICITtm,1,0,28,26
GLUt2m;SUCCt4_2,2,0,27,26
GLUt2m;SUCCt4_3,1,0,28,26
GLUt2m;TALA,1,0,28,26
GLUt2m;THR3Dx,0,2,29,24
GLUt2m;TKT1,1,0,28,26
GLUt2m;TKT2,1,0,28,26
GLUt2m;TMDPP,1,0,28,26
GLUt2m;TYROX,1,0,28,26
GLUt2m;TYRTA,1,0,28,26
GLUt6;GND,1,0,28,26
GLUt6;GTPGDPtm,0,1,29,25
GLUt6;H2O2tn,1,0,28,26
GLUt6;H2Otg,1,0,28,26
GLUt6;H2Otn,1,0,28,26
GLUt6;HMGL,0,1,29,25
GLUt6;Htg,1,0,28,26
GLUt6;IDHPOXOX2b,1,0,28,26
GLUt6;IDHPOXOX3,1,0,28,26
GLUt6;IDHPOXOXb,1,0,28,26
GLUt6;It,1,0,28,26
GLUt6;MAL_Lte,0,1,29,25
GLUt6;MINOHPK,1,0,28,26
GLUt6;MINOHPtn,1,0,28,26
GLUt6;NDP7g,1,0,28,26
GLUt6;NH4t3r,1,0,28,26
GLUt6;NTD10,1,0,28,26
GLUt6;O2St,1,0,28,26
GLUt6;O2Stn,1,0,28,26
GLUt6;O2tn,1,0,28,26
GLUt6;OCOAT1m,0,1,29,25
GLUt6;PGL,1,0,28,26
GLUt6;PGMT,1,0,28,26
GLUt6;PItg,1,0,28,26
GLUt6;PItn,1,0,28,26
GLUt6;PMI12346PHn,1,0,28,26
GLUt6;PPM,1,0,28,26
GLUt6;PPMI12346Ptn,1,0,28,26
GLUt6;PUNP7,1,0,28,26
GLUt6;PYRtm,0,1,29,25
GLUt6;SPODMn,1,0,28,26
GLUt6;SUCOAS1m,0,1,29,25
GLUt6;THYPX,1,0,28,26
GLUt6;THYRDI,1,0,28,26
GLUt6;THYRDI2,1,0,28,26
GLUt6;UAGDP,1,0,28,26
GLUt6;UGLCNACtg,1,0,28,26
GLUt6;URATEt,1,0,28,26
GLUt6;XAND,1,0,28,26
GLXO2p;HCO3E,0,1,29,25
GLXO2p;PFK,0,2,29,24
GLXO2p;PGI,0,1,29,25
GLXtm;NH4tm,1,0,28,26
GLXtp;NH4tm,1,0,28,26
GLYATm;ACITLn,0,1,29,25
GLYATm;ADPtn,0,1,29,25
GLYATm;AKGtn,1,0,28,26
GLYATm;ARTFR12,1,1,28,25
GLYATm;ARTFR41,1,1,28,25
GLYATm;CITtn,0,1,29,25
GLYATm;CO2tn,1,0,28,26
GLYATm;FALDtn,1,0,28,26
GLYATm;GLYt4,0,1,29,25
GLYATm;GTHRDte,0,1,29,25
GLYATm;GTHS,0,1,29,25
GLYATm;GTPGDPtm,0,1,29,25
GLYATm;HACD1m,1,1,28,25
GLYATm;HCO3E,1,0,28,26
GLYATm;HDCEACRNtr,0,1,29,25
GLYATm;Htr,0,3,29,23
GLYATm;ICDHyrm,0,3,29,23
GLYATm;ICITMALtm,0,2,29,24
GLYATm;ITCOAL1m,2,0,27,26
GLYATm;LHCYSTIN,1,0,28,26
GLYATm;LHCYSTINt,1,0,28,26
GLYATm;MALACONtm,1,0,28,26
GLYATm;MCITS,0,2,29,24
GLYATm;MDHm,1,1,28,25
GLYATm;ME2m,0,1,29,25
GLYATm;MEOHt2,1,0,28,26
GLYATm;METAT,1,4,28,22
GLYATm;MMSAD3m,1,2,28,24
GLYATm;NADHtru,0,2,29,24
GLYATm;NADtru,0,2,29,24
GLYATm;NH4tm,0,1,29,25
GLYATm;NH4tr,0,1,29,25
GLYATm;NM_4,0,1,29,25
GLYATm;NTD10,1,0,28,26
GLYATm;OAAtn,0,1,29,25
GLYATm;OBDHc,0,4,29,22
GLYATm;OXALSUCCCLm,0,3,29,23
GLYATm;PCRNtm,0,2,29,24
GLYATm;PIGTHRDLtm,1,0,28,26
GLYATm;PItn,0,1,29,25
GLYATm;PLMCOAPTr,2,0,27,26
GLYATm;PMTCOAFABP1tc,0,1,29,25
GLYATm;PMTCOAPTr,0,2,29,24
GLYATm;PPA,1,0,28,26
GLYATm;PPCOACRNtm,0,1,29,25
GLYATm;PPCOAOm,0,2,29,24
GLYATm;PPCOAtm,0,1,29,25
GLYATm;PPItm,1,2,28,24
GLYATm;PPM,1,0,28,26
GLYATm;PRPNCOAHYDm,0,2,29,24
GLYATm;PUNP7,1,0,28,26
GLYATm;PYRtm,2,1,27,25
GLYATm;RTOT4,1,1,28,25
GLYATm;SE3,0,1,29,25
GLYATm;SERCYSNaEx,0,1,29,25
GLYATm;SOAT2,0,1,29,25
GLYATm;SUCCICITtm,1,0,28,26
GLYATm;SUCCt4_3,1,0,28,26
GLYATm;SUCOAS1m,1,0,28,26
GLYATm;THFtm,0,1,29,25
GLYATm;THRA,0,1,29,25
GLYATm;TTDCPT1,1,2,28,24
GLYATm;TTDCPT2,1,2,28,24
GLYATm;TTDCRNt,1,2,28,24
GLYATm;TYRDOPO,0,1,29,25
GLYATm;URATEt,1,0,28,26
GLYATm;XAND,1,0,28,26
GLYBtm;ARTFR52,3,0,26,26
GLYBtm;H2Oter,1,0,28,26
GLYBtm;HACD180,3,0,26,26
GLYBtm;HACD200,3,0,26,26
GLYBtm;HACD220,3,0,26,26
GLYBtm;HACD240,3,0,26,26
GLYBtm;HACD260,3,0,26,26
GLYBtm;HCO3E,0,1,29,25
GLYBtm;HCO3Em,0,1,29,25
GLYBtm;HCO3tm,0,1,29,25
GLYBtm;HEX12,1,0,28,26
GLYBtm;HEXCCOAtr,3,0,26,26
GLYBtm;HSD180,3,0,26,26
GLYBtm;HSD200,3,0,26,26
GLYBtm;HSD220,3,0,26,26
GLYBtm;HSD240,3,0,26,26
GLYBtm;HSD260,3,0,26,26
GLYBtm;ICDHyrm,1,0,28,26
GLYBtm;MTHFC,0,1,29,25
GLYBtm;MTHFD2,0,1,29,25
GLYBtm;PROGLUtm,1,0,28,26
GLYBtm;PROtm,1,0,28,26
GLYBtm;RTOT5,3,0,26,26
GLYBtm;SERCYSNaEx,1,0,28,26
GLYBtm;SERt4,2,1,27,25
GLYBtm;TECR180,3,0,26,26
GLYBtm;TECR200,3,0,26,26
GLYBtm;TECR220,3,0,26,26
GLYBtm;TECR240,3,0,26,26
GLYBtm;TECR260,3,0,26,26
GLYC3Ptm;GLYC3Ptmc,3,1,26,25
GLYC3Ptm;HCO3E,1,0,28,26
GLYC3Ptm;HMBS,1,0,28,26
GLYC3Ptm;HOXG,1,0,28,26
GLYC3Ptm;NDP7er,1,0,28,26
GLYC3Ptm;NTD1,0,1,29,25
GLYC3Ptm;OCOAT1m,0,1,29,25
GLYC3Ptm;PHEMEtabc,1,0,28,26
GLYC3Ptm;PPBNGS,1,0,28,26
GLYC3Ptm;PPPG9tm,1,0,28,26
GLYC3Ptm;PPPGOm,1,0,28,26
GLYC3Ptm;PYRtm,0,1,29,25
GLYC3Ptm;R5Ptr,0,1,29,25
GLYC3Ptm;RPIr,0,1,29,25
GLYC3Ptm;RU5Ptr,0,1,29,25
GLYC3Ptm;TPI,0,1,29,25
GLYC3Ptm;UDPGCURtr,1,0,28,26
GLYC3Ptm;UDPGD,1,0,28,26
GLYC3Ptm;UMPtr,1,0,28,26
GLYC3Ptm;UPP3S,1,0,28,26
GLYC3Ptm;UPPDC1,1,0,28,26
GLYC3Ptmc;HBZOPT10m,0,1,29,25
GLYC3Ptmc;HCO3E,2,0,27,26
GLYC3Ptmc;HCO3Em,0,1,29,25
GLYC3Ptmc;HCO3tm,0,1,29,25
GLYC3Ptmc;HMBS,2,0,27,26
GLYC3Ptmc;HOXG,2,0,27,26
GLYC3Ptmc;LHCYSTIN,0,1,29,25
GLYC3Ptmc;LHCYSTINt,0,1,29,25
GLYC3Ptmc;METAT,0,1,29,25
GLYC3Ptmc;NDP7er,2,0,27,26
GLYC3Ptmc;NTD1,0,1,29,25
GLYC3Ptmc;OCOAT1m,0,1,29,25
GLYC3Ptmc;PGMT,1,0,28,26
GLYC3Ptmc;PHEMEtabc,2,0,27,26
GLYC3Ptmc;PIATPLtm,0,1,29,25
GLYC3Ptmc;PIGTHRDLtm,1,0,28,26
GLYC3Ptmc;PPAm,1,0,28,26
GLYC3Ptmc;PPBNGS,2,0,27,26
GLYC3Ptmc;PPItm,0,1,29,25
GLYC3Ptmc;PPPG9tm,2,0,27,26
GLYC3Ptmc;PPPGOm,2,0,27,26
GLYC3Ptmc;PYRtm,0,1,29,25
GLYC3Ptmc;Q10H2e,0,1,29,25
GLYC3Ptmc;R5Ptr,0,1,29,25
GLYC3Ptmc;RPIr,0,1,29,25
GLYC3Ptmc;RU5Ptr,0,1,29,25
GLYC3Ptmc;T4HCINNMFM,0,1,29,25
GLYC3Ptmc;TALA,1,0,28,26
GLYC3Ptmc;TPI,0,1,29,25
GLYC3Ptmc;TYRTAm,0,1,29,25
GLYC3Ptmc;TYRtl,0,1,29,25
GLYC3Ptmc;UDPGCURtr,1,0,28,26
GLYC3Ptmc;UDPGD,2,0,27,26
GLYC3Ptmc;UDPGLCAter,1,0,28,26
GLYC3Ptmc;UMPtr,1,0,28,26
GLYC3Ptmc;UPP3S,2,0,27,26
GLYC3Ptmc;UPPDC1,2,0,27,26
GLYC3Ptmc;q10h2tc,0,1,29,25
GLYCLTtp;NH4tm,1,0,28,26
GLYCLTtp;PFK,0,2,29,24
GLYCLTtp;PGI,0,1,29,25
GLYCTO1p;NH4tm,1,0,28,26
GLYCTO1p;PFK,0,2,29,24
GLYCTO1p;PGI,0,1,29,25
GLYCt;GLYCtm,1,0,28,26
GLYCt;GLYKm,1,0,28,26
GLYCt;NH4tm,1,0,28,26
GLYCt;PPItm,1,0,28,26
GLYCt;TALA,1,0,28,26
GLYCtm;HBZOPT10m,0,1,29,25
GLYCtm;HCO3Em,0,1,29,25
GLYCtm;HCO3tm,0,1,29,25
GLYCtm;Htm,1,0,28,26
GLYCtm;METAT,0,1,29,25
GLYCtm;PIATPLtm,0,1,29,25
GLYCtm;PPItm,0,1,29,25
GLYCtm;Q10H2e,0,1,29,25
GLYCtm;T4HCINNMFM,0,1,29,25
GLYCtm;TYRTAm,0,1,29,25
GLYCtm;TYRtl,0,1,29,25
GLYCtm;q10h2tc,0,1,29,25
GLYKm;HBZOPT10m,0,1,29,25
GLYKm;HCO3Em,0,1,29,25
GLYKm;HCO3tm,0,1,29,25
GLYKm;Htm,1,0,28,26
GLYKm;METAT,0,1,29,25
GLYKm;PIATPLtm,0,1,29,25
GLYKm;PPItm,0,1,29,25
GLYKm;Q10H2e,0,1,29,25
GLYKm;T4HCINNMFM,0,1,29,25
GLYKm;TYRTAm,0,1,29,25
GLYKm;TYRtl,0,1,29,25
GLYKm;q10h2tc,0,1,29,25
GLYOp;HCO3E,0,1,29,25
GLYt2r;HACD201,1,0,28,26
GLYt2r;HACD221,1,0,28,26
GLYt2r;HMBS,1,0,28,26
GLYt2r;HOXG,1,0,28,26
GLYt2r;HSD201,1,0,28,26
GLYt2r;HSD221,1,0,28,26
GLYt2r;Htr,1,1,28,25
GLYt2r;ICDHyrm,1,0,28,26
GLYt2r;NADPHtru,1,0,28,26
GLYt2r;NADPtru,1,0,28,26
GLYt2r;NAt3_1,1,0,28,26
GLYt2r;NDP7er,1,0,28,26
GLYt2r;NH4tm,1,0,28,26
GLYt2r;NKCC2t,1,0,28,26
GLYt2r;PHEMEtm,1,0,28,26
GLYt2r;PPBNGS,1,0,28,26
GLYt2r;PPPG9tm,1,0,28,26
GLYt2r;PPPGOm,1,0,28,26
GLYt2r;TECR201,1,0,28,26
GLYt2r;TECR221,1,0,28,26
GLYt2r;THRA,1,0,28,26
GLYt2r;UDPGD,1,0,28,26
GLYt2r;UDPGLCAter,1,0,28,26
GLYt2r;UGT1A10r,1,0,28,26
GLYt2r;UPP3S,1,0,28,26
GLYt2r;UPPDC1,1,0,28,26
GLYt4;GLYtm,0,1,29,25
GLYt4;HMGL,0,1,29,25
GLYt4;MAL_Lte,0,1,29,25
GLYt4;NH4t3r,1,0,28,26
GLYt4;NKCCt,1,0,28,26
GLYt4;SUCCICITtm,1,0,28,26
GLYt4;SUCCt4_3,1,0,28,26
GLYt4;THR3Dx,0,1,29,25
GLYt7_311_r;HCO3E,0,1,29,25
GLYt7_311_r;HCO3Em,1,0,28,26
GLYt7_311_r;HCO3tm,1,0,28,26
GLYt7_311_r;Htr,0,1,29,25
GLYt7_311_r;MALACONtm,1,0,28,26
GLYt7_311_r;NADH2_u10m,1,0,28,26
GLYt7_311_r;NAHCO3_HCLt,0,1,29,25
GLYt7_311_r;NKCC2t,2,1,27,25
GLYt7_311_r;NKCCt,2,0,27,26
GLYt7_311_r;NaKt,1,0,28,26
GLYt7_311_r;PAAA,0,1,29,25
GLYt7_311_r;PACCOAL,0,1,29,25
GLYt7_311_r;PAOR,0,1,29,25
GLYt7_311_r;PHACGLYc,0,1,29,25
GLYt7_311_r;PHACGLYt,0,1,29,25
GLYt7_311_r;PPIPItr,0,1,29,25
GLYt7_311_r;PYRACte,1,0,28,26
GLYt7_311_r;PYRFORte,1,0,28,26
GLYtm;ACITLn,0,1,29,25
GLYtm;ADPtn,0,1,29,25
GLYtm;AKGtn,1,0,28,26
GLYtm;ARTFR12,1,1,28,25
GLYtm;ARTFR41,1,1,28,25
GLYtm;CITtn,0,1,29,25
GLYtm;CO2tn,1,0,28,26
GLYtm;FALDtn,1,0,28,26
GLYtm;GTHRDte,0,1,29,25
GLYtm;GTHS,0,1,29,25
GLYtm;GTPGDPtm,0,1,29,25
GLYtm;HACD1m,1,1,28,25
GLYtm;HCO3E,1,0,28,26
GLYtm;HDCEACRNtr,0,1,29,25
GLYtm;Htr,0,3,29,23
GLYtm;ICDHyrm,0,2,29,24
GLYtm;ICITMALtm,0,2,29,24
GLYtm;ITCOAL1m,2,0,27,26
GLYtm;LHCYSTIN,1,0,28,26
GLYtm;LHCYSTINt,1,0,28,26
GLYtm;MALACONtm,1,0,28,26
GLYtm;MCITS,0,1,29,25
GLYtm;MDHm,1,1,28,25
GLYtm;ME2m,0,1,29,25
GLYtm;MEOHt2,1,0,28,26
GLYtm;METAT,1,3,28,23
GLYtm;MMSAD3m,1,2,28,24
GLYtm;MTHFC,0,1,29,25
GLYtm;MTHFD2,0,1,29,25
GLYtm;NADHtru,0,2,29,24
GLYtm;NADtru,0,2,29,24
GLYtm;NH4tm,1,1,28,25
GLYtm;NM_4,0,1,29,25
GLYtm;NTD10,1,0,28,26
GLYtm;OAAtn,0,1,29,25
GLYtm;OBDHc,0,3,29,23
GLYtm;OXALSUCCCLm,0,2,29,24
GLYtm;PCRNtm,0,2,29,24
GLYtm;PIGTHRDLtm,1,0,28,26
GLYtm;PItn,0,1,29,25
GLYtm;PLMCOAPTr,2,0,27,26
GLYtm;PMTCOAFABP1tc,0,1,29,25
GLYtm;PMTCOAPTr,0,2,29,24
GLYtm;PPA,1,0,28,26
GLYtm;PPCOACRNtm,0,1,29,25
GLYtm;PPCOAOm,0,2,29,24
GLYtm;PPCOAtm,0,1,29,25
GLYtm;PPItm,1,2,28,24
GLYtm;PPM,1,0,28,26
GLYtm;PRPNCOAHYDm,0,2,29,24
GLYtm;PUNP7,1,0,28,26
GLYtm;PYRtm,2,1,27,25
GLYtm;RTOT4,1,1,28,25
GLYtm;SE3,0,1,29,25
GLYtm;SOAT2,0,1,29,25
GLYtm;SUCCICITtm,1,0,28,26
GLYtm;SUCCt4_3,1,0,28,26
GLYtm;SUCOAS1m,1,0,28,26
GLYtm;THFtm,0,1,29,25
GLYtm;THRA,0,1,29,25
GLYtm;TTDCPT1,1,2,28,24
GLYtm;TTDCPT2,1,2,28,24
GLYtm;TTDCRNt,1,2,28,24
GLYtm;TYRDOPO,0,1,29,25
GLYtm;URATEt,1,0,28,26
GLYtm;XAND,1,0,28,26
GLYtp;ARTFR52,2,0,27,26
GLYtp;H2Oter,1,0,28,26
GLYtp;HACD180,2,0,27,26
GLYtp;HACD200,2,0,27,26
GLYtp;HACD220,2,0,27,26
GLYtp;HACD240,2,0,27,26
GLYtp;HACD260,2,0,27,26
GLYtp;HCO3E,0,1,29,25
GLYtp;HEXCCOAtr,2,0,27,26
GLYtp;HMGL,0,1,29,25
GLYtp;HSD180,2,0,27,26
GLYtp;HSD200,2,0,27,26
GLYtp;HSD220,2,0,27,26
GLYtp;HSD240,2,0,27,26
GLYtp;HSD260,2,0,27,26
GLYtp;ICDHyrm,1,0,28,26
GLYtp;RTOT5,2,0,27,26
GLYtp;TECR180,2,0,27,26
GLYtp;TECR200,2,0,27,26
GLYtp;TECR220,2,0,27,26
GLYtp;TECR240,2,0,27,26
GLYtp;TECR260,2,0,27,26
GMAND;PNTK,0,1,29,25
GMAND;PNTOt2e,0,1,29,25
GMAND;PPCDC,0,1,29,25
GMAND;PPNCL2,0,1,29,25
GMAND;PTPAT,0,1,29,25
GMPtg;PNTK,0,1,29,25
GMPtg;PNTOt2e,0,1,29,25
GMPtg;PPCDC,0,1,29,25
GMPtg;PPNCL2,0,1,29,25
GMPtg;PTPAT,0,1,29,25
GND;DNAdeg,1,0,28,26
GND;GNDer,3,0,26,26
GND;H2Otm,1,0,28,26
GND;H2Otn,1,0,28,26
GND;HACD180,2,0,27,26
GND;HACD201,2,0,27,26
GND;HACD221,2,0,27,26
GND;HACD241,1,0,28,26
GND;HSD180,2,0,27,26
GND;HSD201,2,0,27,26
GND;HSD221,2,0,27,26
GND;HSD241,1,0,28,26
GND;Htx,1,0,28,26
GND;IMAGH,1,0,28,26
GND;MALCOAMT,2,0,27,26
GND;MALCOAMTr,2,0,27,26
GND;NACDe,2,0,27,26
GND;NACPRT,2,0,27,26
GND;NADH2_u10m,2,0,27,26
GND;NADHtpu,1,0,28,26
GND;NADPHtru,1,0,28,26
GND;NADPtru,1,0,28,26
GND;NADtx,1,0,28,26
GND;NCAMDe,2,0,27,26
GND;NH4t3r,1,0,28,26
GND;NH4tm,1,0,28,26
GND;NMNDA,2,0,27,26
GND;NMNS,2,0,27,26
GND;NRVNCCOAtr,1,0,28,26
GND;NRVNCCOAtxc,1,0,28,26
GND;O2t,2,0,27,26
GND;O2tp,1,0,28,26
GND;P4504F121r,1,0,28,26
GND;PCFLOPm,1,0,28,26
GND;PEMET1,1,0,28,26
GND;PEMET2,1,0,28,26
GND;PETOHMm_hs,1,0,28,26
GND;PE_HStm,1,0,28,26
GND;PFK,6,0,23,26
GND;PGI,6,1,23,25
GND;PGLer,3,0,26,26
GND;PHETA1,1,0,28,26
GND;PIGTHRDLtm,1,0,28,26
GND;PIt7,1,0,28,26
GND;PMTCOAFABP1tc,2,0,27,26
GND;PPItm,2,0,27,26
GND;PPOR,1,0,28,26
GND;PSSA2_hs,1,0,28,26
GND;RPE,0,1,29,25
GND;RU5Ptr,3,0,26,26
GND;SSALym,1,0,28,26
GND;SUCCACONtm,1,0,28,26
GND;SUCCt4_2,1,0,28,26
GND;TALA,0,1,29,25
GND;TECR180,2,0,27,26
GND;TECR201,2,0,27,26
GND;TECR221,2,0,27,26
GND;TECR241,1,0,28,26
GND;TKT1,0,1,29,25
GND;TKT2,0,1,29,25
GND;TYROX,1,0,28,26
GND;TYRTA,1,0,28,26
GND;WHARACHDt5e,1,0,28,26
GND;WHARACHDtr,1,0,28,26
GNDer;H2Oter,1,0,28,26
GNDer;H2Otg,1,0,28,26
GNDer;HSD3A1r,2,0,27,26
GNDer;HSD3A2r,2,0,27,26
GNDer;Htg,1,0,28,26
GNDer;ICDHyrm,1,0,28,26
GNDer;MAN1PT2,1,0,28,26
GNDer;MAN6PI,1,0,28,26
GNDer;NADHtru,2,0,27,26
GNDer;NADPHtru,8,0,21,26
GNDer;NADPtru,8,0,21,26
GNDer;NADtru,2,0,27,26
GNDer;NDP7g,1,0,28,26
GNDer;PA_HSter,1,0,28,26
GNDer;PCHOLPr_hs,1,0,28,26
GNDer;PCHOL_HSter,1,0,28,26
GNDer;PGL,3,0,26,26
GNDer;PGMT,1,0,28,26
GNDer;PItg,1,0,28,26
GNDer;PMANM,1,0,28,26
GNDer;PPAPA,1,0,28,26
GNDer;PPIPItr,1,0,28,26
GNDer;PPItr,2,0,27,26
GNDer;RPE,1,0,28,26
GNDer;TALA,1,0,28,26
GNDer;TKT1,1,0,28,26
GNDer;TKT2,1,0,28,26
GNDer;UAGDP,1,0,28,26
GNDer;UGLCNACtg,1,0,28,26
GNMT;MTHFC,0,3,29,23
GNMT;MTHFD2,0,3,29,23
GNMT;SERt4,0,1,29,25
GNMT;TXA2tr,0,1,29,25
GNMT;TXB2c,0,1,29,25
GNMT;TXB2r,0,1,29,25
GNMT;TXB2tr,0,1,29,25
GPAM_hs;MI1PP,1,0,28,26
GPAM_hs;PIPLC,1,0,28,26
GPAT;HCO3Ee,1,0,28,26
GPAT;HEX7,1,0,28,26
GPAT;MALACONtm,1,0,28,26
GPAT;NACDe,1,0,28,26
GPAT;NACPRT,1,0,28,26
GPAT;NCAMDe,1,0,28,26
GPAT;NDPK8,1,0,28,26
GPAT;NMNDA,1,0,28,26
GPAT;NMNS,1,0,28,26
GPAT;NTD10,1,0,28,26
GPAT;PPM,1,0,28,26
GPAT;PUNP7,1,0,28,26
GPAT;PYRt2r,1,0,28,26
GPAT;SBTD_D2,1,0,28,26
GPAT;SBTR,1,0,28,26
GPAT;THRA,1,0,28,26
GPAT;URATEt,1,0,28,26
GPAT;XAND,1,0,28,26
GPCCPDE2;HEX12,2,0,27,26
GPCCPDE2;TALA,1,0,28,26
GPCCPDE;NH4tm,1,0,28,26
GPCCPDE;PPItm,1,0,28,26
GTHOm;HCO3Em,1,0,28,26
GTHOm;HCO3tm,1,0,28,26
GTHOm;NADH2_u10m,1,0,28,26
GTHOm;PCFLOPm,2,0,27,26
GTHOm;PEMET1,2,0,27,26
GTHOm;PEMET2,2,0,27,26
GTHOm;PETOHMm_hs,2,0,27,26
GTHOm;PPItm,1,0,28,26
GTHOm;PSSA2_hs,2,0,27,26
GTHOm;SSALym,1,0,28,26
GTHP;O2t,1,0,28,26
GTHPm;HCO3Em,1,0,28,26
GTHPm;HCO3tm,1,0,28,26
GTHPm;NADH2_u10m,1,0,28,26
GTHPm;PCFLOPm,2,0,27,26
GTHPm;PEMET1,2,0,27,26
GTHPm;PEMET2,2,0,27,26
GTHPm;PETOHMm_hs,2,0,27,26
GTHPm;PPItm,1,0,28,26
GTHPm;PSSA2_hs,2,0,27,26
GTHPm;SSALym,1,0,28,26
GTHRDte;H2Ot,1,0,28,26
GTHRDte;HMGL,0,2,29,24
GTHRDte;MAL_Lte,1,2,28,24
GTHRDte;OAADC,0,1,29,25
GTHRDte;THR3Dx,0,1,29,25
GTHS;H2Ot,1,0,28,26
GTHS;HMGL,0,2,29,24
GTHS;MAL_Lte,1,2,28,24
GTHS;NH4tm,0,1,29,25
GTHS;OAADC,0,1,29,25
GTHS;PROGLUtm,0,1,29,25
GTHS;PROtm,0,1,29,25
GTHS;THR3Dx,0,1,29,25
GTPGDPtm;ACITLn,0,1,29,25
GTPGDPtm;ADPtn,0,1,29,25
GTPGDPtm;CITtn,0,1,29,25
GTPGDPtm;HMBS,0,1,29,25
GTPGDPtm;HOXG,0,1,29,25
GTPGDPtm;Htm,1,1,28,25
GTPGDPtm;ICDHyrm,0,1,29,25
GTPGDPtm;ICITMALtm,0,1,29,25
GTPGDPtm;MAL_Lte,0,1,29,25
GTPGDPtm;MCITS,0,1,29,25
GTPGDPtm;METAT,0,1,29,25
GTPGDPtm;NDP7er,0,1,29,25
GTPGDPtm;NH4tm,0,1,29,25
GTPGDPtm;OAAtn,0,1,29,25
GTPGDPtm;OBDHc,0,1,29,25
GTPGDPtm;OXALSUCCCLm,0,1,29,25
GTPGDPtm;PGMT,0,1,29,25
GTPGDPtm;PHEMEtabc,0,1,29,25
GTPGDPtm;PIGTHRDLtm,0,1,29,25
GTPGDPtm;PItn,0,1,29,25
GTPGDPtm;PPA,1,0,28,26
GTPGDPtm;PPBNGS,0,1,29,25
GTPGDPtm;PPItm,0,1,29,25
GTPGDPtm;PPPG9tm,0,1,29,25
GTPGDPtm;PPPGOm,0,1,29,25
GTPGDPtm;PROGLUtm,0,1,29,25
GTPGDPtm;PROtm,0,1,29,25
GTPGDPtm;SSALym,0,1,29,25
GTPGDPtm;THR3Dx,0,1,29,25
GTPGDPtm;THRA,0,1,29,25
GTPGDPtm;UDPGD,0,1,29,25
GTPGDPtm;UDPGLCAter,0,1,29,25
GTPGDPtm;UGT1A2r,0,1,29,25
GTPGDPtm;UPP3S,0,1,29,25
GTPGDPtm;UPPDC1,0,1,29,25
GULLACter;Htr,1,0,28,26
GULN3D;NH4tm,1,0,28,26
GULN3D;PFK,0,2,29,24
GULN3D;PGI,0,1,29,25
GULNDer;NH4tm,1,0,28,26
GULNDer;PFK,0,2,29,24
GULNDer;PGI,0,1,29,25
GULNter;NH4tm,1,0,28,26
GULNter;PFK,0,2,29,24
GULNter;PGI,0,1,29,25
GULOer;Htr,1,0,28,26
GluForTx;MTHFD2,0,2,29,24
GluForTx;SERt4,0,1,29,25
H2O2t;AKGtn,0,2,29,24
H2O2t;CO2tn,0,2,29,24
H2O2t;FALDtn,0,2,29,24
H2O2t;HCO3E,0,1,29,25
H2O2t;HMGL,0,1,29,25
H2O2t;L_LACt2r,0,1,29,25
H2O2t;MI1PP,0,1,29,25
H2O2t;NH4tm,0,1,29,25
H2O2t;O2t,0,3,29,23
H2O2t;O2tn,0,2,29,24
H2O2t;PIMALtm,0,1,29,25
H2O2t;PIPLC,0,1,29,25
H2O2t;SO3AKGtm,0,1,29,25
H2O2t;SO3MALtm,0,1,29,25
H2O2t;THFtm,0,1,29,25
H2O2ter;Htr,1,0,28,26
H2O2tm;HCO3Em,1,0,28,26
H2O2tm;HCO3tm,1,0,28,26
H2O2tm;NADH2_u10m,1,0,28,26
H2O2tm;O2tm,0,1,29,25
H2O2tm;PCFLOPm,2,0,27,26
H2O2tm;PEMET1,2,0,27,26
H2O2tm;PEMET2,2,0,27,26
H2O2tm;PETOHMm_hs,2,0,27,26
H2O2tm;PPItm,1,0,28,26
H2O2tm;PSSA2_hs,2,0,27,26
H2O2tm;SSALym,1,0,28,26
H2O2tn;MI1PP,0,1,29,25
H2O2tn;O2t,8,16,21,10
H2O2tn;O2tn,1,0,28,26
H2O2tn;PIPLC,0,2,29,24
H2O2tn;TYROX,1,0,28,26
H2O2tn;TYRTA,1,0,28,26
H2O2tp;H2Otg,0,1,29,25
H2O2tp;HCO3E,0,1,29,25
H2O2tp;Htg,0,1,29,25
H2O2tp;Htr,0,7,29,19
H2O2tp;NDP7g,0,1,29,25
H2O2tp;NH4tm,1,0,28,26
H2O2tp;PFK,0,2,29,24
H2O2tp;PGI,0,1,29,25
H2O2tp;PGMT,0,1,29,25
H2O2tp;PItg,0,1,29,25
H2O2tp;THBPT4ACAMDASE,0,1,29,25
H2O2tp;TRDR,1,1,28,25
H2O2tp;TXA2tr,0,2,29,24
H2O2tp;TXB2c,0,2,29,24
H2O2tp;TXB2r,0,2,29,24
H2O2tp;TXB2tr,0,2,29,24
H2O2tp;TYR3MO2,0,1,29,25
H2O2tp;UDPG4E,0,1,29,25
H2O2tp;UDPGALtg,0,1,29,25
H2Ot;NKCC2t,1,0,28,26
H2Ot;PFK,1,0,28,26
H2Ot;PGI,1,0,28,26
H2Ot;UREAt,12,0,17,26
H2Ot;UREAt5,12,0,17,26
H2Oter;AKGtn,1,0,28,26
H2Oter;ARTPLM1,0,1,29,25
H2Oter;CO2tn,1,0,28,26
H2Oter;FALDtn,1,0,28,26
H2Oter;H2Otg,2,0,27,26
H2Oter;HEX12,2,0,27,26
H2Oter;HEX16,1,0,28,26
H2Oter;Htg,2,0,27,26
H2Oter;M13N2Tg,1,0,28,26
H2Oter;M4MPDOL_ter,1,0,28,26
H2Oter;M7MASNBterg,1,0,28,26
H2Oter;MALCOAMT,1,0,28,26
H2Oter;MALCOAMTr,1,0,28,26
H2Oter;MAN1PT2,2,0,27,26
H2Oter;MAN6PI,2,0,27,26
H2Oter;MANter,1,0,28,26
H2Oter;MANtg,1,0,28,26
H2Oter;MEOHt2,2,0,27,26
H2Oter;METAT,1,0,28,26
H2Oter;MG1er,1,0,28,26
H2Oter;MG2er,1,0,28,26
H2Oter;MG3er,1,0,28,26
H2Oter;MM5bg,1,0,28,26
H2Oter;MM6B1bg,1,0,28,26
H2Oter;MM7B2g,1,0,28,26
H2Oter;MM8Ber,1,0,28,26
H2Oter;NDP7er,1,0,28,26
H2Oter;NDP7g,2,0,27,26
H2Oter;NH4tm,1,0,28,26
H2Oter;O2t,0,1,29,25
H2Oter;O2tn,1,0,28,26
H2Oter;O2tp,1,0,28,26
H2Oter;PGLer,1,0,28,26
H2Oter;PGMT,3,0,26,26
H2Oter;PItg,2,0,27,26
H2Oter;PMANM,2,0,27,26
H2Oter;PVD3,0,1,29,25
H2Oter;RTOT4,1,0,28,26
H2Oter;RU5Ptr,1,0,28,26
H2Oter;SARCOXp,1,0,28,26
H2Oter;SARCStm,1,0,28,26
H2Oter;SARCStp,1,0,28,26
H2Oter;THR3Dx,1,0,28,26
H2Oter;THRA,1,0,28,26
H2Oter;UAGDP,2,0,27,26
H2Oter;UDPDOLPT,1,0,28,26
H2Oter;UGLCNACtg,2,0,27,26
H2Oter;VD3,0,1,29,25
H2Otg;H2Otp,0,1,29,25
H2Otg;HACD180,1,1,28,25
H2Otg;HACD201,1,1,28,25
H2Otg;HACD221,1,1,28,25
H2Otg;HACD241,0,1,29,25
H2Otg;HCO3E,1,0,28,26
H2Otg;HEX12,1,0,28,26
H2Otg;HMBS,4,0,25,26
H2Otg;HOXG,4,0,25,26
H2Otg;HSD180,1,1,28,25
H2Otg;HSD201,1,1,28,25
H2Otg;HSD221,1,1,28,25
H2Otg;HSD241,0,1,29,25
H2Otg;Htm,1,0,28,26
H2Otg;Htx,0,1,29,25
H2Otg;ICITACONtm,1,0,28,26
H2Otg;IDHPOXOX2b,3,1,26,25
H2Otg;IDHPOXOX3,3,0,26,26
H2Otg;IDHPOXOX4,0,1,29,25
H2Otg;IDHPOXOXb,3,1,26,25
H2Otg;It,2,1,27,25
H2Otg;KCC2t,0,1,29,25
H2Otg;KYNAKGAT,1,0,28,26
H2Otg;KYNATESYN,1,0,28,26
H2Otg;KYNATEtr,1,0,28,26
H2Otg;LCYSTCBOXL,1,0,28,26
H2Otg;MALCOAMT,1,1,28,25
H2Otg;MALCOAMTr,1,1,28,25
H2Otg;MAL_Lte,0,1,29,25
H2Otg;NADHtpu,0,1,29,25
H2Otg;NADtx,0,1,29,25
H2Otg;NAIt,1,0,28,26
H2Otg;NDP7er,4,0,25,26
H2Otg;NH4tm,2,0,27,26
H2Otg;NKCC2t,1,0,28,26
H2Otg;NRVNCCOAtr,0,1,29,25
H2Otg;NRVNCCOAtxc,0,1,29,25
H2Otg;O2tp,0,1,29,25
H2Otg;PA_HSter,1,0,28,26
H2Otg;PCHOLPr_hs,1,0,28,26
H2Otg;PCHOL_HSter,1,0,28,26
H2Otg;PFK,0,1,29,25
H2Otg;PGLer,1,0,28,26
H2Otg;PHEMEtabc,1,0,28,26
H2Otg;PHEMEtm,3,0,26,26
H2Otg;PMTCOAPTr,0,1,29,25
H2Otg;PNTK,0,1,29,25
H2Otg;PNTOt2e,0,1,29,25
H2Otg;PPAPA,1,0,28,26
H2Otg;PPAer,1,0,28,26
H2Otg;PPBNGS,4,0,25,26
H2Otg;PPCDC,0,1,29,25
H2Otg;PPIPItr,0,1,29,25
H2Otg;PPItr,1,0,28,26
H2Otg;PPNCL2,0,1,29,25
H2Otg;PPPG9tm,4,0,25,26
H2Otg;PPPGOm,4,0,25,26
H2Otg;PTPAT,0,1,29,25
H2Otg;R5Ptr,0,14,29,12
H2Otg;RPI,1,0,28,26
H2Otg;RPIr,0,14,29,12
H2Otg;RU5Ptr,1,14,28,12
H2Otg;SADT,1,0,28,26
H2Otg;SE10,0,1,29,25
H2Otg;SO4CLtex2,1,0,28,26
H2Otg;SO4t4_3,0,1,29,25
H2Otg;SOAT6,0,1,29,25
H2Otg;TAURCHAe,1,0,28,26
H2Otg;TECR180,1,1,28,25
H2Otg;TECR201,1,1,28,25
H2Otg;TECR221,1,1,28,25
H2Otg;TECR241,0,1,29,25
H2Otg;THRA,1,0,28,26
H2Otg;THYPX,3,1,26,25
H2Otg;THYRIDHD,2,0,27,26
H2Otg;THYST,2,1,27,25
H2Otg;TRPO2,1,0,28,26
H2Otg;UDPGD,4,0,25,26
H2Otg;UDPGLCAter,4,0,25,26
H2Otg;UGT1A2r,1,0,28,26
H2Otg;UPP3S,4,0,25,26
H2Otg;UPPDC1,4,0,25,26
H2Otly;Htr,1,0,28,26
H2Otly;NH4tm,1,0,28,26
H2Otly;PNTK,0,1,29,25
H2Otly;PNTOt2e,0,1,29,25
H2Otly;PPCDC,0,1,29,25
H2Otly;PPNCL2,0,1,29,25
H2Otly;PTPAT,0,1,29,25
H2Otly;UGALCG,1,0,28,26
H2Otm;HCO3E,1,0,28,26
H2Otm;ICDHxrm,1,0,28,26
H2Otm;ICDHyr,1,0,28,26
H2Otm;MALCOAMT,1,0,28,26
H2Otm;MALCOAMTr,1,0,28,26
H2Otm;NQO1,1,0,28,26
H2Otm;OXALSUCCCL,1,0,28,26
H2Otm;OXALSUCCCLm,1,0,28,26
H2Otm;PGL,1,0,28,26
H2Otm;PPA,1,0,28,26
H2Otm;PYRt2r,1,0,28,26
H2Otm;q10h2tc,1,0,28,26
H2Otm;q10tm,1,0,28,26
H2Otn;O2t,9,14,20,12
H2Otn;O2tn,1,0,28,26
H2Otn;PGI,1,0,28,26
H2Otn;PGL,1,0,28,26
H2Otn;TALA,1,0,28,26
H2Otn;TYROX,1,0,28,26
H2Otn;TYRTA,1,0,28,26
H2Otp;HCO3E,0,1,29,25
H2Otp;Htg,0,1,29,25
H2Otp;Htr,0,5,29,21
H2Otp;NDP7g,0,1,29,25
H2Otp;PFK,0,2,29,24
H2Otp;PGI,0,1,29,25
H2Otp;PGMT,0,1,29,25
H2Otp;PItg,0,1,29,25
H2Otp;UDPG4E,0,1,29,25
H2Otp;UDPGALtg,0,1,29,25
H2Stm;MALACONtm,1,0,28,26
HACD180;ARTFR12,1,0,28,26
HACD180;ARTFR33,0,1,29,25
HACD180;ARTFR41,1,0,28,26
HACD180;ARTFR43,4,0,25,26
HACD180;ARTPLM1,0,1,29,25
HACD180;HACD181,4,1,25,25
HACD180;HACD1m,1,0,28,26
HACD180;HDCEACRNtr,0,1,29,25
HACD180;HDCEAtr,0,1,29,25
HACD180;HEX16,1,0,28,26
HACD180;HSD181,4,1,25,25
HACD180;Htg,1,1,28,25
HACD180;Htr,4,6,25,20
HACD180;ICDHyr,1,0,28,26
HACD180;M13N2Tg,1,0,28,26
HACD180;M4MPDOL_ter,1,0,28,26
HACD180;M7MASNBterg,1,0,28,26
HACD180;MAN1PT2,1,0,28,26
HACD180;MAN6PI,1,0,28,26
HACD180;MANter,1,0,28,26
HACD180;MANtg,1,0,28,26
HACD180;MEOHt2,3,0,26,26
HACD180;METAT,2,0,27,26
HACD180;MG1er,1,0,28,26
HACD180;MG2er,1,0,28,26
HACD180;MG3er,1,0,28,26
HACD180;MM5bg,1,0,28,26
HACD180;MM6B1ag,1,0,28,26
HACD180;MM7B1g,1,0,28,26
HACD180;MM8Ber,1,0,28,26
HACD180;NDP7g,1,1,28,25
HACD180;O2tp,2,0,27,26
HACD180;OCTD11ECOAtr,4,1,25,25
HACD180;OXALSUCCCL,1,0,28,26
HACD180;PGL,2,0,27,26
HACD180;PGMT,1,1,28,25
HACD180;PItg,1,1,28,25
HACD180;PLMCOAPTr,2,0,27,26
HACD180;PMANM,1,0,28,26
HACD180;PNTK,0,1,29,25
HACD180;PNTOte,0,1,29,25
HACD180;PPA,1,0,28,26
HACD180;PPCDC,0,1,29,25
HACD180;PPItm,1,0,28,26
HACD180;PPNCL2,0,1,29,25
HACD180;PTPAT,0,1,29,25
HACD180;RTOT3,0,1,29,25
HACD180;RTOT4,5,0,24,26
HACD180;SARCOXp,2,0,27,26
HACD180;SARCStm,2,0,27,26
HACD180;SARCStp,2,0,27,26
HACD180;SARDHm,1,0,28,26
HACD180;SE3,0,1,29,25
HACD180;SERTm,1,0,28,26
HACD180;SOAT2,0,1,29,25
HACD180;SUCCICITtm,1,0,28,26
HACD180;SUCCt4_3,1,0,28,26
HACD180;SUCOAS1m,1,0,28,26
HACD180;TECR181,4,1,25,25
HACD180;TTDCPT1,1,0,28,26
HACD180;TTDCPT2,1,0,28,26
HACD180;TTDCRNt,1,0,28,26
HACD180;UAGDP,1,0,28,26
HACD180;UDPDOLPT,1,0,28,26
HACD180;UDPG4E,0,1,29,25
HACD180;UDPGALtg,0,1,29,25
HACD180;UGLCNACtg,1,0,28,26
HACD181;ARTFR52,0,1,29,25
HACD181;HACD200,0,1,29,25
HACD181;HACD220,0,1,29,25
HACD181;HACD240,0,1,29,25
HACD181;HACD260,0,1,29,25
HACD181;HEXCCOAtr,0,1,29,25
HACD181;HSD180,4,1,25,25
HACD181;HSD200,0,1,29,25
HACD181;HSD220,0,1,29,25
HACD181;HSD240,0,1,29,25
HACD181;HSD260,0,1,29,25
HACD181;RTOT5,0,1,29,25
HACD181;TECR180,4,1,25,25
HACD181;TECR200,0,1,29,25
HACD181;TECR220,0,1,29,25
HACD181;TECR240,0,1,29,25
HACD181;TECR260,0,1,29,25
HACD1m;HACD201,1,0,28,26
HACD1m;HACD221,1,0,28,26
HACD1m;HSD180,1,0,28,26
HACD1m;HSD201,1,0,28,26
HACD1m;HSD221,1,0,28,26
HACD1m;Htm,1,0,28,26
HACD1m;MALCOAMT,1,0,28,26
HACD1m;MALCOAMTr,1,0,28,26
HACD1m;TECR180,1,0,28,26
HACD1m;TECR201,1,0,28,26
HACD1m;TECR221,1,0,28,26
HACD1m;THR3Dx,1,1,28,25
HACD1m;TXA2tr,0,2,29,24
HACD1m;TXB2c,0,2,29,24
HACD1m;TXB2r,0,2,29,24
HACD1m;TXB2tr,0,2,29,24
HACD200;ARTFR33,0,1,29,25
HACD200;ARTPLM1,0,1,29,25
HACD200;HSD181,0,1,29,25
HACD200;MEOHt2,3,0,26,26
HACD200;METAT,2,0,27,26
HACD200;O2tp,2,0,27,26
HACD200;OCTD11ECOAtr,0,1,29,25
HACD200;P45011A1m,1,0,28,26
HACD200;PNTK,0,1,29,25
HACD200;PNTOte,0,1,29,25
HACD200;PPCDC,0,1,29,25
HACD200;PPNCL2,0,1,29,25
HACD200;PRGNLONEtm,1,0,28,26
HACD200;PRGNLONEtr,1,0,28,26
HACD200;PTPAT,0,1,29,25
HACD200;RTOT3,0,1,29,25
HACD200;SARCOXp,2,0,27,26
HACD200;SARCStm,2,0,27,26
HACD200;SARCStp,2,0,27,26
HACD200;SARDHm,1,0,28,26
HACD200;SERTm,1,0,28,26
HACD200;TECR181,0,1,29,25
HACD201;ARTFR12,1,0,28,26
HACD201;ARTFR41,1,0,28,26
HACD201;HDCEACRNtr,0,1,29,25
HACD201;HDCEAtr,0,1,29,25
HACD201;HEX16,1,0,28,26
HACD201;Htg,1,1,28,25
HACD201;Htr,4,6,25,20
HACD201;ICDHyr,1,0,28,26
HACD201;M13N2Tg,1,0,28,26
HACD201;M4MPDOL_ter,1,0,28,26
HACD201;M7MASNBterg,1,0,28,26
HACD201;MAN1PT2,1,0,28,26
HACD201;MAN6PI,1,0,28,26
HACD201;MANter,1,0,28,26
HACD201;MANtg,1,0,28,26
HACD201;MG1er,1,0,28,26
HACD201;MG2er,1,0,28,26
HACD201;MG3er,1,0,28,26
HACD201;MM5bg,1,0,28,26
HACD201;MM6B1ag,1,0,28,26
HACD201;MM7B1g,1,0,28,26
HACD201;MM8Ber,1,0,28,26
HACD201;NDP7g,1,1,28,25
HACD201;OXALSUCCCL,1,0,28,26
HACD201;PGL,2,0,27,26
HACD201;PGMT,1,1,28,25
HACD201;PItg,1,1,28,25
HACD201;PLMCOAPTr,2,0,27,26
HACD201;PMANM,1,0,28,26
HACD201;PPA,1,0,28,26
HACD201;RTOT4,1,0,28,26
HACD201;SE3,0,1,29,25
HACD201;SOAT2,0,1,29,25
HACD201;SUCCICITtm,1,0,28,26
HACD201;SUCCt4_3,1,0,28,26
HACD201;SUCOAS1m,1,0,28,26
HACD201;TRDR,1,1,28,25
HACD201;TTDCPT1,1,0,28,26
HACD201;TTDCPT2,1,0,28,26
HACD201;TTDCRNt,1,0,28,26
HACD201;TXA2tr,0,1,29,25
HACD201;TXB2c,0,1,29,25
HACD201;TXB2r,0,1,29,25
HACD201;TXB2tr,0,1,29,25
HACD201;UAGDP,1,0,28,26
HACD201;UDPDOLPT,1,0,28,26
HACD201;UDPG4E,0,1,29,25
HACD201;UDPGALtg,0,1,29,25
HACD201;UGLCNACtg,1,0,28,26
HACD220;ARTFR33,0,1,29,25
HACD220;HSD181,0,1,29,25
HACD220;MEOHt2,3,0,26,26
HACD220;METAT,2,0,27,26
HACD220;O2tp,2,0,27,26
HACD220;OCTD11ECOAtr,0,1,29,25
HACD220;P45011A1m,1,0,28,26
HACD220;PRGNLONEtm,1,0,28,26
HACD220;PRGNLONEtr,1,0,28,26
HACD220;RTOT3,0,1,29,25
HACD220;SARCOXp,2,0,27,26
HACD220;SARCStm,2,0,27,26
HACD220;SARCStp,2,0,27,26
HACD220;SARDHm,1,0,28,26
HACD220;SERTm,1,0,28,26
HACD220;TECR181,0,1,29,25
HACD221;ARTFR12,1,0,28,26
HACD221;ARTFR41,1,0,28,26
HACD221;HDCEACRNtr,0,1,29,25
HACD221;HDCEAtr,0,1,29,25
HACD221;HEX16,1,0,28,26
HACD221;Htg,1,1,28,25
HACD221;Htr,4,6,25,20
HACD221;ICDHyr,1,0,28,26
HACD221;M13N2Tg,1,0,28,26
HACD221;M4MPDOL_ter,1,0,28,26
HACD221;M7MASNBterg,1,0,28,26
HACD221;MAN1PT2,1,0,28,26
HACD221;MAN6PI,1,0,28,26
HACD221;MANter,1,0,28,26
HACD221;MANtg,1,0,28,26
HACD221;MG1er,1,0,28,26
HACD221;MG2er,1,0,28,26
HACD221;MG3er,1,0,28,26
HACD221;MM5bg,1,0,28,26
HACD221;MM6B1ag,1,0,28,26
HACD221;MM7B1g,1,0,28,26
HACD221;MM8Ber,1,0,28,26
HACD221;NDP7g,1,1,28,25
HACD221;OXALSUCCCL,1,0,28,26
HACD221;PGL,2,0,27,26
HACD221;PGMT,1,1,28,25
HACD221;PItg,1,1,28,25
HACD221;PLMCOAPTr,2,0,27,26
HACD221;PMANM,1,0,28,26
HACD221;PPA,1,0,28,26
HACD221;RTOT4,1,0,28,26
HACD221;SE3,0,1,29,25
HACD221;SOAT2,0,1,29,25
HACD221;SUCCICITtm,1,0,28,26
HACD221;SUCCt4_3,1,0,28,26
HACD221;SUCOAS1m,1,0,28,26
HACD221;TRDR,1,1,28,25
HACD221;TTDCPT1,1,0,28,26
HACD221;TTDCPT2,1,0,28,26
HACD221;TTDCRNt,1,0,28,26
HACD221;TXA2tr,0,1,29,25
HACD221;TXB2c,0,1,29,25
HACD221;TXB2r,0,1,29,25
HACD221;TXB2tr,0,1,29,25
HACD221;UAGDP,1,0,28,26
HACD221;UDPDOLPT,1,0,28,26
HACD221;UDPG4E,0,1,29,25
HACD221;UDPGALtg,0,1,29,25
HACD221;UGLCNACtg,1,0,28,26
HACD224;ICDHyr,1,0,28,26
HACD224;OXALSUCCCL,1,0,28,26
HACD240;ARTFR33,0,1,29,25
HACD240;HSD181,0,1,29,25
HACD240;MEOHt2,3,0,26,26
HACD240;METAT,2,0,27,26
HACD240;O2tp,2,0,27,26
HACD240;OCTD11ECOAtr,0,1,29,25
HACD240;P45011A1m,1,0,28,26
HACD240;PRGNLONEtm,1,0,28,26
HACD240;PRGNLONEtr,1,0,28,26
HACD240;RTOT3,0,1,29,25
HACD240;SARCOXp,2,0,27,26
HACD240;SARCStm,2,0,27,26
HACD240;SARCStp,2,0,27,26
HACD240;SARDHm,1,0,28,26
HACD240;SERTm,1,0,28,26
HACD240;TECR181,0,1,29,25
HACD241;ARTFR41,1,0,28,26
HACD241;Htg,0,1,29,25
HACD241;Htr,1,5,28,21
HACD241;ICDHyr,1,0,28,26
HACD241;NDP7g,0,1,29,25
HACD241;OXALSUCCCL,1,0,28,26
HACD241;PGL,1,0,28,26
HACD241;PGMT,0,1,29,25
HACD241;PItg,0,1,29,25
HACD241;PLMCOAPTr,1,0,28,26
HACD241;RTOT4,1,0,28,26
HACD241;SUCCICITtm,1,0,28,26
HACD241;SUCCt4_3,1,0,28,26
HACD241;SUCOAS1m,1,0,28,26
HACD241;TRDR,1,1,28,25
HACD241;TTDCPT1,1,0,28,26
HACD241;TTDCPT2,1,0,28,26
HACD241;TTDCRNt,1,0,28,26
HACD241;UDPG4E,0,1,29,25
HACD241;UDPGALtg,0,1,29,25
HACD244;ICDHyr,1,0,28,26
HACD244;OXALSUCCCL,1,0,28,26
HACD260;ARTFR33,0,1,29,25
HACD260;HSD181,0,1,29,25
HACD260;MEOHt2,3,0,26,26
HACD260;METAT,2,0,27,26
HACD260;O2tp,2,0,27,26
HACD260;OCTD11ECOAtr,0,1,29,25
HACD260;P45011A1m,1,0,28,26
HACD260;PRGNLONEtm,1,0,28,26
HACD260;PRGNLONEtr,1,0,28,26
HACD260;RTOT3,0,1,29,25
HACD260;SARCOXp,2,0,27,26
HACD260;SARCStm,2,0,27,26
HACD260;SARCStp,2,0,27,26
HACD260;SARDHm,1,0,28,26
HACD260;SERTm,1,0,28,26
HACD260;TECR181,0,1,29,25
HAS1;Htr,1,0,28,26
HAS1;NH4tm,1,0,28,26
HAS2;Htr,1,0,28,26
HAS2;NH4tm,1,0,28,26
HAtly;Htr,1,0,28,26
HAtly;NH4tm,1,0,28,26
HBZOPT10m;Htm,2,0,27,26
HBZOPT10m;NDP8,1,0,28,26
HBZOPT10m;PGLYCH,0,1,29,25
HCO3E;HCO3Ee,1,2,28,24
HCO3E;HCO3Em,1,3,28,23
HCO3E;HCO3tm,1,3,28,23
HCO3E;HMGDH,0,1,29,25
HCO3E;HMGS,0,1,29,25
HCO3E;Htg,1,0,28,26
HCO3E;Htm,1,0,28,26
HCO3E;Htr,0,2,29,24
HCO3E;Htx,0,1,29,25
HCO3E;ICDHxrm,3,0,26,26
HCO3E;ICDHyr,3,0,26,26
HCO3E;ICITACONtm,2,0,27,26
HCO3E;ITCOAL1m,1,0,28,26
HCO3E;KCC2t,0,1,29,25
HCO3E;KYNAKGAT,0,1,29,25
HCO3E;KYNATESYN,0,1,29,25
HCO3E;KYNATEtr,0,1,29,25
HCO3E;MALACONtm,2,0,27,26
HCO3E;MAL_Lte,0,2,29,24
HCO3E;MDHm,1,0,28,26
HCO3E;METAT,0,1,29,25
HCO3E;MTHFC,0,1,29,25
HCO3E;MTHFD2,0,1,29,25
HCO3E;NACDe,1,0,28,26
HCO3E;NACPRT,1,0,28,26
HCO3E;NADH2_u10m,2,2,27,24
HCO3E;NAt5,1,0,28,26
HCO3E;NCAMDe,1,0,28,26
HCO3E;NDP7g,1,0,28,26
HCO3E;NH4t3r,2,0,27,26
HCO3E;NH4tm,2,0,27,26
HCO3E;NH4tp,0,1,29,25
HCO3E;NMNDA,1,0,28,26
HCO3E;NMNS,1,0,28,26
HCO3E;NTD10,1,1,28,25
HCO3E;O2tp,0,1,29,25
HCO3E;OXALSUCCCL,3,0,26,26
HCO3E;OXALSUCCCLm,3,0,26,26
HCO3E;OXAtp,0,1,29,25
HCO3E;P5CRxm,1,0,28,26
HCO3E;PFK,2,0,27,26
HCO3E;PGCD,1,0,28,26
HCO3E;PGI,2,0,27,26
HCO3E;PIGTHRDLtm,2,0,27,26
HCO3E;PIt2m_2,0,1,29,25
HCO3E;PIt8,1,0,28,26
HCO3E;PItg,1,0,28,26
HCO3E;PPA,1,0,28,26
HCO3E;PPAm,1,0,28,26
HCO3E;PPIPItr,0,1,29,25
HCO3E;PPItm,1,0,28,26
HCO3E;PPM,1,1,28,25
HCO3E;PROD2m,1,0,28,26
HCO3E;PSERT,1,0,28,26
HCO3E;PSP_L,1,0,28,26
HCO3E;PUNP7,1,1,28,25
HCO3E;SARDHm,0,1,29,25
HCO3E;SERTm,0,1,29,25
HCO3E;SFGTH,0,1,29,25
HCO3E;SO4HCOtex,1,0,28,26
HCO3E;THDm,1,0,28,26
HCO3E;THFtm,0,1,29,25
HCO3E;THRA,1,0,28,26
HCO3E;THRCYSNaEx,1,0,28,26
HCO3E;THRtm,1,0,28,26
HCO3E;TRPO2,0,1,29,25
HCO3E;TXA2tr,0,2,29,24
HCO3E;TXB2c,0,2,29,24
HCO3E;TXB2r,0,2,29,24
HCO3E;TXB2tr,0,2,29,24
HCO3E;UAG4E,1,0,28,26
HCO3E;UAGDP,1,0,28,26
HCO3E;UGALNACtg,1,0,28,26
HCO3E;URATEt,1,1,28,25
HCO3E;XAND,1,1,28,25
HCO3Ee;HCO3Em,1,3,28,23
HCO3Ee;HCO3tm,1,3,28,23
HCO3Ee;HMGL,0,1,29,25
HCO3Ee;Htr,0,1,29,25
HCO3Ee;ICDHxrm,1,0,28,26
HCO3Ee;ICITACONtm,1,0,28,26
HCO3Ee;MALACONtm,1,0,28,26
HCO3Ee;MAL_Lte,0,1,29,25
HCO3Ee;MTHFC,0,1,29,25
HCO3Ee;MTHFD2,0,1,29,25
HCO3Ee;NADH2_u10m,0,1,29,25
HCO3Ee;NH4t3r,1,0,28,26
HCO3Ee;NTD10,1,0,28,26
HCO3Ee;OXALSUCCCLm,1,0,28,26
HCO3Ee;PFK,2,0,27,26
HCO3Ee;PGI,2,0,27,26
HCO3Ee;PIMALtm,0,1,29,25
HCO3Ee;PIt2m_2,0,1,29,25
HCO3Ee;PPM,1,0,28,26
HCO3Ee;PROGLUtm,0,1,29,25
HCO3Ee;PROtm,0,1,29,25
HCO3Ee;PUNP7,1,0,28,26
HCO3Ee;PYRt2r,1,0,28,26
HCO3Ee;SERGLYGLUr,0,1,29,25
HCO3Ee;SERGLYGLUt,0,1,29,25
HCO3Ee;SO4AKGtm,0,1,29,25
HCO3Ee;SO4MALtm,0,1,29,25
HCO3Ee;TXA2tr,0,1,29,25
HCO3Ee;TXB2c,0,1,29,25
HCO3Ee;TXB2r,0,1,29,25
HCO3Ee;TXB2tr,0,1,29,25
HCO3Ee;URATEt,1,0,28,26
HCO3Ee;XAND,1,0,28,26
HCO3Em;HCO3tm,0,1,29,25
HCO3Em;HMGDH,0,1,29,25
HCO3Em;HMGS,0,1,29,25
HCO3Em;Htr,0,3,29,23
HCO3Em;ICDHxrm,2,0,27,26
HCO3Em;ICDHyr,2,0,27,26
HCO3Em;L_LACt2r,0,1,29,25
HCO3Em;METAT,0,2,29,24
HCO3Em;MTHFC,0,1,29,25
HCO3Em;MTHFD2,0,1,29,25
HCO3Em;NACDe,0,1,29,25
HCO3Em;NACPRT,0,1,29,25
HCO3Em;NADH2_u10m,0,7,29,19
HCO3Em;NCAMDe,0,1,29,25
HCO3Em;NMNDA,0,1,29,25
HCO3Em;NMNS,0,1,29,25
HCO3Em;NM_4,0,1,29,25
HCO3Em;NTD1,0,1,29,25
HCO3Em;OBDHc,0,1,29,25
HCO3Em;OXALSUCCCL,2,0,27,26
HCO3Em;OXALSUCCCLm,2,0,27,26
HCO3Em;PGI,1,0,28,26
HCO3Em;PGK,0,1,29,25
HCO3Em;PGLYCH,0,1,29,25
HCO3Em;PGM,0,1,29,25
HCO3Em;PIt2m_2,0,4,29,22
HCO3Em;PPM2,0,1,29,25
HCO3Em;PYK7,0,1,29,25
HCO3Em;PYRFORte,1,0,28,26
HCO3Em;PYRt2r,1,0,28,26
HCO3Em;R5Ptr,0,2,29,24
HCO3Em;RPE,1,0,28,26
HCO3Em;RPIr,0,2,29,24
HCO3Em;RU5Ptr,0,2,29,24
HCO3Em;SARDHm,0,1,29,25
HCO3Em;SERTm,0,1,29,25
HCO3Em;SFGTH,0,1,29,25
HCO3Em;TALA,1,0,28,26
HCO3Em;THFtm,0,1,29,25
HCO3Em;THR3Dx,0,1,29,25
HCO3Em;TKT1,1,0,28,26
HCO3Em;TKT2,1,0,28,26
HCO3Em;TPI,0,1,29,25
HCO3Em;TXA2tr,0,2,29,24
HCO3Em;TXB2c,0,2,29,24
HCO3Em;TXB2r,0,2,29,24
HCO3Em;TXB2tr,0,2,29,24
HCO3Em;TYRDOPO,0,1,29,25
HCO3_CLt;SADT,0,1,29,25
HCO3_CLt;SO4CLtex,0,1,29,25
HCO3tm;HMGDH,0,1,29,25
HCO3tm;HMGS,0,1,29,25
HCO3tm;Htr,0,3,29,23
HCO3tm;ICDHxrm,2,0,27,26
HCO3tm;ICDHyr,2,0,27,26
HCO3tm;L_LACt2r,0,1,29,25
HCO3tm;METAT,0,2,29,24
HCO3tm;MTHFC,0,1,29,25
HCO3tm;MTHFD2,0,1,29,25
HCO3tm;NACDe,0,1,29,25
HCO3tm;NACPRT,0,1,29,25
HCO3tm;NADH2_u10m,0,7,29,19
HCO3tm;NCAMDe,0,1,29,25
HCO3tm;NMNDA,0,1,29,25
HCO3tm;NMNS,0,1,29,25
HCO3tm;NM_4,0,1,29,25
HCO3tm;NTD1,0,1,29,25
HCO3tm;OBDHc,0,1,29,25
HCO3tm;OXALSUCCCL,2,0,27,26
HCO3tm;OXALSUCCCLm,2,0,27,26
HCO3tm;PGI,1,0,28,26
HCO3tm;PGK,0,1,29,25
HCO3tm;PGLYCH,0,1,29,25
HCO3tm;PGM,0,1,29,25
HCO3tm;PIt2m_2,0,4,29,22
HCO3tm;PPM2,0,1,29,25
HCO3tm;PYK7,0,1,29,25
HCO3tm;PYRFORte,1,0,28,26
HCO3tm;PYRt2r,1,0,28,26
HCO3tm;R5Ptr,0,2,29,24
HCO3tm;RPE,1,0,28,26
HCO3tm;RPIr,0,2,29,24
HCO3tm;RU5Ptr,0,2,29,24
HCO3tm;SARDHm,0,1,29,25
HCO3tm;SERTm,0,1,29,25
HCO3tm;SFGTH,0,1,29,25
HCO3tm;TALA,1,0,28,26
HCO3tm;THFtm,0,1,29,25
HCO3tm;THR3Dx,0,1,29,25
HCO3tm;TKT1,1,0,28,26
HCO3tm;TKT2,1,0,28,26
HCO3tm;TPI,0,1,29,25
HCO3tm;TXA2tr,0,2,29,24
HCO3tm;TXB2c,0,2,29,24
HCO3tm;TXB2r,0,2,29,24
HCO3tm;TXB2tr,0,2,29,24
HCO3tm;TYRDOPO,0,1,29,25
HDCAter;PNTK,0,1,29,25
HDCAter;PNTOt2e,0,1,29,25
HDCAter;PPCDC,0,1,29,25
HDCAter;PPNCL2,0,1,29,25
HDCAter;PTPAT,0,1,29,25
HDCEACRNtr;HSD180,0,1,29,25
HDCEACRNtr;HSD201,0,1,29,25
HDCEACRNtr;HSD221,0,1,29,25
HDCEACRNtr;Htm,1,0,28,26
HDCEACRNtr;MALCOAMT,0,1,29,25
HDCEACRNtr;MALCOAMTr,0,1,29,25
HDCEACRNtr;PLMCOAPTr,0,1,29,25
HDCEACRNtr;SE10,0,1,29,25
HDCEACRNtr;SOAT6,0,1,29,25
HDCEACRNtr;TECR180,0,1,29,25
HDCEACRNtr;TECR201,0,1,29,25
HDCEACRNtr;TECR221,0,1,29,25
HDCEACRNtr;THR3Dx,0,1,29,25
HDCEAtr;HSD180,0,1,29,25
HDCEAtr;HSD201,0,1,29,25
HDCEAtr;HSD221,0,1,29,25
HDCEAtr;MALCOAMT,0,1,29,25
HDCEAtr;MALCOAMTr,0,1,29,25
HDCEAtr;SE10,0,1,29,25
HDCEAtr;SOAT6,0,1,29,25
HDCEAtr;TECR180,0,1,29,25
HDCEAtr;TECR201,0,1,29,25
HDCEAtr;TECR221,0,1,29,25
HEX11;HEX12,1,1,28,25
HEX12;ARTFR12,1,0,28,26
HEX12;HEX7,1,0,28,26
HEX12;Htg,1,0,28,26
HEX12;ICDHxrm,1,0,28,26
HEX12;ICDHyr,1,0,28,26
HEX12;ICITACONtm,1,0,28,26
HEX12;MEOHt2,1,0,28,26
HEX12;METAT,1,0,28,26
HEX12;MOGAT,1,0,28,26
HEX12;NACDe,2,0,27,26
HEX12;NACPRT,2,0,27,26
HEX12;NADH2_u10m,2,0,27,26
HEX12;NCAMDe,2,0,27,26
HEX12;NDP7g,1,0,28,26
HEX12;NDPK9,1,1,28,25
HEX12;NH4t3r,2,0,27,26
HEX12;NH4tm,1,0,28,26
HEX12;NMNDA,2,0,27,26
HEX12;NMNS,2,0,27,26
HEX12;NQO2,0,1,29,25
HEX12;OXALSUCCCL,1,0,28,26
HEX12;OXALSUCCCLm,1,0,28,26
HEX12;PGMT,1,0,28,26
HEX12;PHETA1,1,0,28,26
HEX12;PIGTHRDLtm,1,0,28,26
HEX12;PIt2m_2,0,1,29,25
HEX12;PItg,1,0,28,26
HEX12;PLMCOAPTr,1,0,28,26
HEX12;PMTCOAFABP1tc,1,0,28,26
HEX12;PPAm,1,0,28,26
HEX12;PPItm,5,0,24,26
HEX12;PPOR,1,0,28,26
HEX12;SARDHm,1,0,28,26
HEX12;SBTD_D2,1,0,28,26
HEX12;SBTR,1,0,28,26
HEX12;SERTm,1,0,28,26
HEX12;SSALym,1,0,28,26
HEX12;SUCCICITtm,1,0,28,26
HEX12;THR3Dx,1,0,28,26
HEX12;THRA,1,0,28,26
HEX12;TYROX,2,0,27,26
HEX12;TYRTA,2,0,27,26
HEX12;UAGDP,1,0,28,26
HEX12;UGLCNACtg,1,0,28,26
HEX12;q10h2tc,0,1,29,25
HEX12;q10tm,0,1,29,25
HEX16;HMBS,1,0,28,26
HEX16;HOXG,1,0,28,26
HEX16;HSD180,1,0,28,26
HEX16;HSD201,1,0,28,26
HEX16;HSD221,1,0,28,26
HEX16;MALCOAMT,1,0,28,26
HEX16;MALCOAMTr,1,0,28,26
HEX16;NDP7er,3,0,26,26
HEX16;NH4tm,1,0,28,26
HEX16;PGI,1,0,28,26
HEX16;PHEMEtm,1,0,28,26
HEX16;PPBNGS,1,0,28,26
HEX16;PPPG9tm,1,0,28,26
HEX16;PPPGOm,1,0,28,26
HEX16;TECR180,1,0,28,26
HEX16;TECR201,1,0,28,26
HEX16;TECR221,1,0,28,26
HEX16;UDPGD,1,0,28,26
HEX16;UDPGLCAter,1,0,28,26
HEX16;UGT1A2r,1,0,28,26
HEX16;UPP3S,1,0,28,26
HEX16;UPPDC1,1,0,28,26
HEX1;HEX11,0,1,29,25
HEX1;NDPK9,0,1,29,25
HEX1;NH4tr,0,1,29,25
HEX4;NDP7er,1,0,28,26
HEX4;PPIPItr,0,1,29,25
HEX7;PGK,1,0,28,26
HEX7;PGM,1,0,28,26
HEX7;PYK7,1,0,28,26
HEX7;RPE,1,0,28,26
HEX7;TKT1,1,0,28,26
HEX7;TKT2,1,0,28,26
HEXCCOAtr;ARTFR33,0,1,29,25
HEXCCOAtr;HSD181,0,1,29,25
HEXCCOAtr;MEOHt2,3,0,26,26
HEXCCOAtr;METAT,2,0,27,26
HEXCCOAtr;O2tp,2,0,27,26
HEXCCOAtr;OCTD11ECOAtr,0,1,29,25
HEXCCOAtr;P45011A1m,1,0,28,26
HEXCCOAtr;PRGNLONEtm,1,0,28,26
HEXCCOAtr;PRGNLONEtr,1,0,28,26
HEXCCOAtr;RTOT3,0,1,29,25
HEXCCOAtr;SARCOXp,2,0,27,26
HEXCCOAtr;SARCStm,2,0,27,26
HEXCCOAtr;SARCStp,2,0,27,26
HEXCCOAtr;SARDHm,1,0,28,26
HEXCCOAtr;SERTm,1,0,28,26
HEXCCOAtr;TECR181,0,1,29,25
HISCITRtm;ICDHyrm,0,1,29,25
HISCITRtm;ITCOALm,0,1,29,25
HISCITRtm;OXALSUCCCLm,0,1,29,25
HISCITRtm;PYRtm,0,1,29,25
HISD;MTHFD2,0,2,29,24
HISD;SERt4,0,1,29,25
HISt4;HIStN1,9,7,20,19
HISt4;HIStiDF,6,0,23,26
HISt4;HISyLATthc,1,0,28,26
HMBS;Htg,4,0,25,26
HMBS;Htr,2,0,27,26
HMBS;ICDHyr,1,0,28,26
HMBS;ICDHyrm,2,0,27,26
HMBS;M13N2Tg,1,0,28,26
HMBS;M4MPDOL_ter,1,0,28,26
HMBS;M7MASNBterg,1,0,28,26
HMBS;MALACONtm,1,0,28,26
HMBS;MAN1PT2,4,0,25,26
HMBS;MAN6PI,4,0,25,26
HMBS;MANter,1,0,28,26
HMBS;MANtg,1,0,28,26
HMBS;MG1er,1,0,28,26
HMBS;MG2er,1,0,28,26
HMBS;MG3er,1,0,28,26
HMBS;MM5bg,1,0,28,26
HMBS;MM6B1bg,1,0,28,26
HMBS;MM7B2g,1,0,28,26
HMBS;MM8Ber,1,0,28,26
HMBS;NDP7g,4,0,25,26
HMBS;OXALSUCCCL,1,0,28,26
HMBS;PIMALtm,0,1,29,25
HMBS;PItg,4,0,25,26
HMBS;PMANM,4,0,25,26
HMBS;PPA,1,0,28,26
HMBS;PPItm,1,0,28,26
HMBS;PROGLUtm,0,1,29,25
HMBS;PROtm,0,1,29,25
HMBS;SO4AKGtm,0,1,29,25
HMBS;SO4MALtm,0,1,29,25
HMBS;SUCCICITtm,1,0,28,26
HMBS;SUCCt4_3,2,0,27,26
HMBS;SUCOAS1m,0,1,29,25
HMBS;THR3Dx,0,1,29,25
HMBS;UAGDP,5,0,24,26
HMBS;UDPDOLPT,1,0,28,26
HMBS;UGLCNACtg,4,0,25,26
HMGDH;ICDHyrm,0,1,29,25
HMGDH;ICITCITtm,0,1,29,25
HMGDH;MCITS,0,1,29,25
HMGDH;OBDHc,0,1,29,25
HMGDH;OXALSUCCCLm,0,1,29,25
HMGDH;SERt4,0,1,29,25
HMGL;ACITLn,2,5,27,21
HMGL;ADPtn,2,5,27,21
HMGL;CITtn,2,5,27,21
HMGL;HSD17B42x,0,1,29,25
HMGL;Htm,1,0,28,26
HMGL;Htr,0,2,29,24
HMGL;Htx,0,1,29,25
HMGL;ICDHyp,0,1,29,25
HMGL;ICDHyrm,0,5,29,21
HMGL;ICITCITtm,0,4,29,22
HMGL;ICITMALtm,0,3,29,23
HMGL;MCITS,0,6,29,20
HMGL;MDH,0,1,29,25
HMGL;MDHm,0,1,29,25
HMGL;ME2m,0,2,29,24
HMGL;METAT,0,5,29,21
HMGL;NADH2_u10m,0,1,29,25
HMGL;NAt3_1,1,0,28,26
HMGL;NH4t3r,0,1,29,25
HMGL;NH4tm,0,2,29,24
HMGL;NM_4,0,2,29,24
HMGL;O2tp,0,1,29,25
HMGL;OAADC,2,0,27,26
HMGL;OAAtn,2,5,27,21
HMGL;OBDHc,0,6,29,20
HMGL;OXALSUCCCLm,0,5,29,21
HMGL;OXALSUCCCLp,0,1,29,25
HMGL;P45027A14m,0,1,29,25
HMGL;P45027A15m,0,1,29,25
HMGL;P45027A16m,0,1,29,25
HMGL;PCRNtm,0,1,29,25
HMGL;PCm,0,1,29,25
HMGL;PIMALtm,0,1,29,25
HMGL;PItn,2,5,27,21
HMGL;PPA,1,0,28,26
HMGL;PPItm,1,0,28,26
HMGL;PPM2,1,0,28,26
HMGL;PYRtm,0,1,29,25
HMGL;SCP2x,0,1,29,25
HMGL;SO3AKGtm,0,1,29,25
HMGL;SO3MALtm,0,1,29,25
HMGL;THRCYSNaEx,0,1,29,25
HMGL;TYRDOPO,0,2,29,24
HMGL;TYROX,0,1,29,25
HMGL;TYRTA,0,1,29,25
HMGL;VLCS2p,0,1,29,25
HMGL;XOL25OHOR,0,1,29,25
HMGL;XOL7AH2tm,0,1,29,25
HMGL;XOL7AONEtr,0,1,29,25
HMGS;ICDHyrm,0,1,29,25
HMGS;ICITCITtm,0,1,29,25
HMGS;MCITS,0,1,29,25
HMGS;OBDHc,0,1,29,25
HMGS;OXALSUCCCLm,0,1,29,25
HMGS;SERt4,0,1,29,25
HOMOVALte;MEOHt2,0,1,29,25
HOXG;Htg,4,0,25,26
HOXG;Htr,2,0,27,26
HOXG;ICDHyr,1,0,28,26
HOXG;ICDHyrm,2,0,27,26
HOXG;M13N2Tg,1,0,28,26
HOXG;M4MPDOL_ter,1,0,28,26
HOXG;M7MASNBterg,1,0,28,26
HOXG;MALACONtm,1,0,28,26
HOXG;MAN1PT2,4,0,25,26
HOXG;MAN6PI,4,0,25,26
HOXG;MANter,1,0,28,26
HOXG;MANtg,1,0,28,26
HOXG;MG1er,1,0,28,26
HOXG;MG2er,1,0,28,26
HOXG;MG3er,1,0,28,26
HOXG;MM5bg,1,0,28,26
HOXG;MM6B1bg,1,0,28,26
HOXG;MM7B2g,1,0,28,26
HOXG;MM8Ber,1,0,28,26
HOXG;NDP7g,4,0,25,26
HOXG;OXALSUCCCL,1,0,28,26
HOXG;PIMALtm,0,1,29,25
HOXG;PItg,4,0,25,26
HOXG;PMANM,4,0,25,26
HOXG;PPA,1,0,28,26
HOXG;PPItm,1,0,28,26
HOXG;PROGLUtm,0,1,29,25
HOXG;PROtm,0,1,29,25
HOXG;SO4AKGtm,0,1,29,25
HOXG;SO4MALtm,0,1,29,25
HOXG;SUCCICITtm,1,0,28,26
HOXG;SUCCt4_3,2,0,27,26
HOXG;SUCOAS1m,0,1,29,25
HOXG;THR3Dx,0,1,29,25
HOXG;UAGDP,5,0,24,26
HOXG;UDPDOLPT,1,0,28,26
HOXG;UGLCNACtg,4,0,25,26
HSD17B1;THRA,1,0,28,26
HSD17B7r;THRA,1,0,28,26
HSD180;ARTFR12,1,0,28,26
HSD180;ARTFR33,0,1,29,25
HSD180;ARTFR41,1,0,28,26
HSD180;ARTFR43,4,0,25,26
HSD180;ARTPLM1,0,1,29,25
HSD180;HSD181,4,1,25,25
HSD180;Htg,1,1,28,25
HSD180;Htr,4,6,25,20
HSD180;ICDHyr,1,0,28,26
HSD180;M13N2Tg,1,0,28,26
HSD180;M4MPDOL_ter,1,0,28,26
HSD180;M7MASNBterg,1,0,28,26
HSD180;MAN1PT2,1,0,28,26
HSD180;MAN6PI,1,0,28,26
HSD180;MANter,1,0,28,26
HSD180;MANtg,1,0,28,26
HSD180;MEOHt2,3,0,26,26
HSD180;METAT,2,0,27,26
HSD180;MG1er,1,0,28,26
HSD180;MG2er,1,0,28,26
HSD180;MG3er,1,0,28,26
HSD180;MM5bg,1,0,28,26
HSD180;MM6B1ag,1,0,28,26
HSD180;MM7B1g,1,0,28,26
HSD180;MM8Ber,1,0,28,26
HSD180;NDP7g,1,1,28,25
HSD180;O2tp,2,0,27,26
HSD180;OCTD11ECOAtr,4,1,25,25
HSD180;OXALSUCCCL,1,0,28,26
HSD180;PGL,2,0,27,26
HSD180;PGMT,1,1,28,25
HSD180;PItg,1,1,28,25
HSD180;PLMCOAPTr,2,0,27,26
HSD180;PMANM,1,0,28,26
HSD180;PNTK,0,1,29,25
HSD180;PNTOte,0,1,29,25
HSD180;PPA,1,0,28,26
HSD180;PPCDC,0,1,29,25
HSD180;PPItm,1,0,28,26
HSD180;PPNCL2,0,1,29,25
HSD180;PTPAT,0,1,29,25
HSD180;RTOT3,0,1,29,25
HSD180;RTOT4,5,0,24,26
HSD180;SARCOXp,2,0,27,26
HSD180;SARCStm,2,0,27,26
HSD180;SARCStp,2,0,27,26
HSD180;SARDHm,1,0,28,26
HSD180;SE3,0,1,29,25
HSD180;SERTm,1,0,28,26
HSD180;SOAT2,0,1,29,25
HSD180;SUCCICITtm,1,0,28,26
HSD180;SUCCt4_3,1,0,28,26
HSD180;SUCOAS1m,1,0,28,26
HSD180;TECR181,4,1,25,25
HSD180;TTDCPT1,1,0,28,26
HSD180;TTDCPT2,1,0,28,26
HSD180;TTDCRNt,1,0,28,26
HSD180;UAGDP,1,0,28,26
HSD180;UDPDOLPT,1,0,28,26
HSD180;UDPG4E,0,1,29,25
HSD180;UDPGALtg,0,1,29,25
HSD180;UGLCNACtg,1,0,28,26
HSD181;ARTFR52,0,1,29,25
HSD181;HSD200,0,1,29,25
HSD181;HSD220,0,1,29,25
HSD181;HSD240,0,1,29,25
HSD181;HSD260,0,1,29,25
HSD181;RTOT5,0,1,29,25
HSD181;TECR180,4,1,25,25
HSD181;TECR200,0,1,29,25
HSD181;TECR220,0,1,29,25
HSD181;TECR240,0,1,29,25
HSD181;TECR260,0,1,29,25
HSD200;ARTFR33,0,1,29,25
HSD200;ARTPLM1,0,1,29,25
HSD200;MEOHt2,3,0,26,26
HSD200;METAT,2,0,27,26
HSD200;O2tp,2,0,27,26
HSD200;OCTD11ECOAtr,0,1,29,25
HSD200;P45011A1m,1,0,28,26
HSD200;PNTK,0,1,29,25
HSD200;PNTOte,0,1,29,25
HSD200;PPCDC,0,1,29,25
HSD200;PPNCL2,0,1,29,25
HSD200;PRGNLONEtm,1,0,28,26
HSD200;PRGNLONEtr,1,0,28,26
HSD200;PTPAT,0,1,29,25
HSD200;RTOT3,0,1,29,25
HSD200;SARCOXp,2,0,27,26
HSD200;SARCStm,2,0,27,26
HSD200;SARCStp,2,0,27,26
HSD200;SARDHm,1,0,28,26
HSD200;SERTm,1,0,28,26
HSD200;TECR181,0,1,29,25
HSD201;ARTFR12,1,0,28,26
HSD201;ARTFR41,1,0,28,26
HSD201;Htg,1,1,28,25
HSD201;Htr,4,6,25,20
HSD201;ICDHyr,1,0,28,26
HSD201;M13N2Tg,1,0,28,26
HSD201;M4MPDOL_ter,1,0,28,26
HSD201;M7MASNBterg,1,0,28,26
HSD201;MAN1PT2,1,0,28,26
HSD201;MAN6PI,1,0,28,26
HSD201;MANter,1,0,28,26
HSD201;MANtg,1,0,28,26
HSD201;MG1er,1,0,28,26
HSD201;MG2er,1,0,28,26
HSD201;MG3er,1,0,28,26
HSD201;MM5bg,1,0,28,26
HSD201;MM6B1ag,1,0,28,26
HSD201;MM7B1g,1,0,28,26
HSD201;MM8Ber,1,0,28,26
HSD201;NDP7g,1,1,28,25
HSD201;OXALSUCCCL,1,0,28,26
HSD201;PGL,2,0,27,26
HSD201;PGMT,1,1,28,25
HSD201;PItg,1,1,28,25
HSD201;PLMCOAPTr,2,0,27,26
HSD201;PMANM,1,0,28,26
HSD201;PPA,1,0,28,26
HSD201;RTOT4,1,0,28,26
HSD201;SE3,0,1,29,25
HSD201;SOAT2,0,1,29,25
HSD201;SUCCICITtm,1,0,28,26
HSD201;SUCCt4_3,1,0,28,26
HSD201;SUCOAS1m,1,0,28,26
HSD201;TRDR,1,1,28,25
HSD201;TTDCPT1,1,0,28,26
HSD201;TTDCPT2,1,0,28,26
HSD201;TTDCRNt,1,0,28,26
HSD201;TXA2tr,0,1,29,25
HSD201;TXB2c,0,1,29,25
HSD201;TXB2r,0,1,29,25
HSD201;TXB2tr,0,1,29,25
HSD201;UAGDP,1,0,28,26
HSD201;UDPDOLPT,1,0,28,26
HSD201;UDPG4E,0,1,29,25
HSD201;UDPGALtg,0,1,29,25
HSD201;UGLCNACtg,1,0,28,26
HSD220;ARTFR33,0,1,29,25
HSD220;MEOHt2,3,0,26,26
HSD220;METAT,2,0,27,26
HSD220;O2tp,2,0,27,26
HSD220;OCTD11ECOAtr,0,1,29,25
HSD220;P45011A1m,1,0,28,26
HSD220;PRGNLONEtm,1,0,28,26
HSD220;PRGNLONEtr,1,0,28,26
HSD220;RTOT3,0,1,29,25
HSD220;SARCOXp,2,0,27,26
HSD220;SARCStm,2,0,27,26
HSD220;SARCStp,2,0,27,26
HSD220;SARDHm,1,0,28,26
HSD220;SERTm,1,0,28,26
HSD220;TECR181,0,1,29,25
HSD221;ARTFR12,1,0,28,26
HSD221;ARTFR41,1,0,28,26
HSD221;Htg,1,1,28,25
HSD221;Htr,4,6,25,20
HSD221;ICDHyr,1,0,28,26
HSD221;M13N2Tg,1,0,28,26
HSD221;M4MPDOL_ter,1,0,28,26
HSD221;M7MASNBterg,1,0,28,26
HSD221;MAN1PT2,1,0,28,26
HSD221;MAN6PI,1,0,28,26
HSD221;MANter,1,0,28,26
HSD221;MANtg,1,0,28,26
HSD221;MG1er,1,0,28,26
HSD221;MG2er,1,0,28,26
HSD221;MG3er,1,0,28,26
HSD221;MM5bg,1,0,28,26
HSD221;MM6B1ag,1,0,28,26
HSD221;MM7B1g,1,0,28,26
HSD221;MM8Ber,1,0,28,26
HSD221;NDP7g,1,1,28,25
HSD221;OXALSUCCCL,1,0,28,26
HSD221;PGL,2,0,27,26
HSD221;PGMT,1,1,28,25
HSD221;PItg,1,1,28,25
HSD221;PLMCOAPTr,2,0,27,26
HSD221;PMANM,1,0,28,26
HSD221;PPA,1,0,28,26
HSD221;RTOT4,1,0,28,26
HSD221;SE3,0,1,29,25
HSD221;SOAT2,0,1,29,25
HSD221;SUCCICITtm,1,0,28,26
HSD221;SUCCt4_3,1,0,28,26
HSD221;SUCOAS1m,1,0,28,26
HSD221;TRDR,1,1,28,25
HSD221;TTDCPT1,1,0,28,26
HSD221;TTDCPT2,1,0,28,26
HSD221;TTDCRNt,1,0,28,26
HSD221;TXA2tr,0,1,29,25
HSD221;TXB2c,0,1,29,25
HSD221;TXB2r,0,1,29,25
HSD221;TXB2tr,0,1,29,25
HSD221;UAGDP,1,0,28,26
HSD221;UDPDOLPT,1,0,28,26
HSD221;UDPG4E,0,1,29,25
HSD221;UDPGALtg,0,1,29,25
HSD221;UGLCNACtg,1,0,28,26
HSD224;ICDHyr,1,0,28,26
HSD224;OXALSUCCCL,1,0,28,26
HSD240;ARTFR33,0,1,29,25
HSD240;MEOHt2,3,0,26,26
HSD240;METAT,2,0,27,26
HSD240;O2tp,2,0,27,26
HSD240;OCTD11ECOAtr,0,1,29,25
HSD240;P45011A1m,1,0,28,26
HSD240;PRGNLONEtm,1,0,28,26
HSD240;PRGNLONEtr,1,0,28,26
HSD240;RTOT3,0,1,29,25
HSD240;SARCOXp,2,0,27,26
HSD240;SARCStm,2,0,27,26
HSD240;SARCStp,2,0,27,26
HSD240;SARDHm,1,0,28,26
HSD240;SERTm,1,0,28,26
HSD240;TECR181,0,1,29,25
HSD241;ARTFR41,1,0,28,26
HSD241;Htg,0,1,29,25
HSD241;Htr,1,5,28,21
HSD241;ICDHyr,1,0,28,26
HSD241;NDP7g,0,1,29,25
HSD241;OXALSUCCCL,1,0,28,26
HSD241;PGL,1,0,28,26
HSD241;PGMT,0,1,29,25
HSD241;PItg,0,1,29,25
HSD241;PLMCOAPTr,1,0,28,26
HSD241;RTOT4,1,0,28,26
HSD241;SUCCICITtm,1,0,28,26
HSD241;SUCCt4_3,1,0,28,26
HSD241;SUCOAS1m,1,0,28,26
HSD241;TRDR,1,1,28,25
HSD241;TTDCPT1,1,0,28,26
HSD241;TTDCPT2,1,0,28,26
HSD241;TTDCRNt,1,0,28,26
HSD241;UDPG4E,0,1,29,25
HSD241;UDPGALtg,0,1,29,25
HSD244;ICDHyr,1,0,28,26
HSD244;OXALSUCCCL,1,0,28,26
HSD260;ARTFR33,0,1,29,25
HSD260;MEOHt2,3,0,26,26
HSD260;METAT,2,0,27,26
HSD260;O2tp,2,0,27,26
HSD260;OCTD11ECOAtr,0,1,29,25
HSD260;P45011A1m,1,0,28,26
HSD260;PRGNLONEtm,1,0,28,26
HSD260;PRGNLONEtr,1,0,28,26
HSD260;RTOT3,0,1,29,25
HSD260;SARCOXp,2,0,27,26
HSD260;SARCStm,2,0,27,26
HSD260;SARCStp,2,0,27,26
HSD260;SARDHm,1,0,28,26
HSD260;SERTm,1,0,28,26
HSD260;TECR181,0,1,29,25
HSD3A1r;MALCOAMT,1,0,28,26
HSD3A1r;MALCOAMTr,1,0,28,26
HSD3A1r;NADHtru,2,0,27,26
HSD3A1r;NADtru,2,0,27,26
HSD3A1r;PGLer,2,0,27,26
HSD3A1r;RPI,1,0,28,26
HSD3A1r;RU5Ptr,2,0,27,26
HSD3A1r;THRA,1,0,28,26
HSD3A2r;MALCOAMT,1,0,28,26
HSD3A2r;MALCOAMTr,1,0,28,26
HSD3A2r;NADHtru,2,0,27,26
HSD3A2r;NADtru,2,0,27,26
HSD3A2r;PGLer,2,0,27,26
HSD3A2r;RPI,1,0,28,26
HSD3A2r;RU5Ptr,2,0,27,26
HSD3A2r;THRA,1,0,28,26
HSD3B11;ICITACONtm,1,0,28,26
HSD3B11;SSALym,1,0,28,26
HYAL;NH4tm,1,0,28,26
Htg;Htm,1,0,28,26
Htg;Htx,0,1,29,25
Htg;ICITACONtm,1,0,28,26
Htg;IDHPOXOX2b,3,1,26,25
Htg;IDHPOXOX3,3,0,26,26
Htg;IDHPOXOX4,0,1,29,25
Htg;IDHPOXOXb,3,1,26,25
Htg;It,2,1,27,25
Htg;KCC2t,0,1,29,25
Htg;KYNAKGAT,1,0,28,26
Htg;KYNATESYN,1,0,28,26
Htg;KYNATEtr,1,0,28,26
Htg;LCYSTCBOXL,1,0,28,26
Htg;MALCOAMT,1,1,28,25
Htg;MALCOAMTr,1,1,28,25
Htg;MAL_Lte,0,1,29,25
Htg;NADHtpu,0,1,29,25
Htg;NADtx,0,1,29,25
Htg;NAIt,1,0,28,26
Htg;NDP7er,4,0,25,26
Htg;NH4tm,2,0,27,26
Htg;NKCC2t,1,0,28,26
Htg;NRVNCCOAtr,0,1,29,25
Htg;NRVNCCOAtxc,0,1,29,25
Htg;O2tp,0,1,29,25
Htg;PA_HSter,1,0,28,26
Htg;PCHOLPr_hs,1,0,28,26
Htg;PCHOL_HSter,1,0,28,26
Htg;PFK,0,1,29,25
Htg;PGLer,1,0,28,26
Htg;PHEMEtabc,1,0,28,26
Htg;PHEMEtm,3,0,26,26
Htg;PMTCOAPTr,0,1,29,25
Htg;PNTK,0,1,29,25
Htg;PNTOt2e,0,1,29,25
Htg;PPAPA,1,0,28,26
Htg;PPAer,1,0,28,26
Htg;PPBNGS,4,0,25,26
Htg;PPCDC,0,1,29,25
Htg;PPIPItr,0,1,29,25
Htg;PPItr,1,0,28,26
Htg;PPNCL2,0,1,29,25
Htg;PPPG9tm,4,0,25,26
Htg;PPPGOm,4,0,25,26
Htg;PTPAT,0,1,29,25
Htg;R5Ptr,0,14,29,12
Htg;RPI,1,0,28,26
Htg;RPIr,0,14,29,12
Htg;RU5Ptr,1,14,28,12
Htg;SADT,1,0,28,26
Htg;SE10,0,1,29,25
Htg;SO4CLtex2,1,0,28,26
Htg;SO4t4_3,0,1,29,25
Htg;SOAT6,0,1,29,25
Htg;TAURCHAe,1,0,28,26
Htg;TECR180,1,1,28,25
Htg;TECR201,1,1,28,25
Htg;TECR221,1,1,28,25
Htg;TECR241,0,1,29,25
Htg;THRA,1,0,28,26
Htg;THYPX,3,1,26,25
Htg;THYRIDHD,2,0,27,26
Htg;THYST,2,1,27,25
Htg;TRPO2,1,0,28,26
Htg;UDPGD,4,0,25,26
Htg;UDPGLCAter,4,0,25,26
Htg;UGT1A2r,1,0,28,26
Htg;UPP3S,4,0,25,26
Htg;UPPDC1,4,0,25,26
Htm;ARTFR41,1,0,28,26
Htm;METAT,2,0,27,26
Htm;METS,1,0,28,26
Htm;MTHFR3x,1,0,28,26
Htm;NDP7g,1,0,28,26
Htm;NH4t3r,0,1,29,25
Htm;NH4tm,2,3,27,23
Htm;OCOAT1m,1,0,28,26
Htm;PIATPLtm,0,1,29,25
Htm;PIGTHRDLtm,0,1,29,25
Htm;PIMALtm,0,1,29,25
Htm;PIt2m,1,0,28,26
Htm;PIt2m_2,0,5,29,21
Htm;PItg,1,0,28,26
Htm;PMTCOAFABP1tc,1,0,28,26
Htm;PPAm,2,0,27,26
Htm;PPItm,2,1,27,25
Htm;PYRtm,1,0,28,26
Htm;Q10H2e,2,0,27,26
Htm;RTOT4,1,0,28,26
Htm;SE3,1,0,28,26
Htm;SO3AKGtm,0,1,29,25
Htm;SO3MALtm,0,1,29,25
Htm;SOAT2,1,0,28,26
Htm;SUCCICITtm,1,0,28,26
Htm;SUCCt4_3,1,0,28,26
Htm;SUCOAS1m,2,0,27,26
Htm;T4HCINNMFM,2,0,27,26
Htm;TYRTAm,2,0,27,26
Htm;TYRtl,2,0,27,26
Htm;UAGDP,1,0,28,26
Htm;UGLCNACtg,1,0,28,26
Htm;q10h2tc,2,0,27,26
Htr;ARTPLM1,0,1,29,25
Htr;HYAL,1,0,28,26
Htr;Htx,0,4,29,22
Htr;MALCOAMT,7,8,22,18
Htr;MALCOAMTr,7,8,22,18
Htr;NADH2_u10m,0,1,29,25
Htr;NADHtpu,0,3,29,23
Htr;NADHtru,0,4,29,22
Htr;NADPHtru,1,0,28,26
Htr;NADPtru,1,0,28,26
Htr;NADtru,0,4,29,22
Htr;NADtx,0,3,29,23
Htr;NDP7er,2,0,27,26
Htr;NH4tr,0,2,29,24
Htr;NRVNCCOAtr,1,5,28,21
Htr;NRVNCCOAtxc,1,5,28,21
Htr;O2t,0,1,29,25
Htr;O2tp,1,7,28,19
Htr;PGMT,2,0,27,26
Htr;PHEMEtabc,1,0,28,26
Htr;PHEMEtm,1,0,28,26
Htr;PIt2m_2,0,1,29,25
Htr;PMTCOAFABP1tc,3,2,26,24
Htr;PMTCOAPTr,0,4,29,22
Htr;PPA,1,0,28,26
Htr;PPBNGS,2,0,27,26
Htr;PPIPItr,0,1,29,25
Htr;PPPG9tm,2,0,27,26
Htr;PPPGOm,2,0,27,26
Htr;PRISTANALtx,1,3,28,23
Htr;PRISTtx,0,3,29,23
Htr;RPI,1,0,28,26
Htr;SE10,0,5,29,21
Htr;SOAT6,0,5,29,21
Htr;SUCOAS1m,0,1,29,25
Htr;TECR180,4,6,25,20
Htr;TECR201,4,6,25,20
Htr;TECR221,4,6,25,20
Htr;TECR241,1,5,28,21
Htr;THR3Dx,0,3,29,23
Htr;TXA2tr,0,2,29,24
Htr;TXB2c,0,2,29,24
Htr;TXB2r,0,2,29,24
Htr;TXB2tr,0,2,29,24
Htr;UAGDP,1,0,28,26
Htr;UDPGD,3,0,26,26
Htr;UDPGLCAter,2,0,27,26
Htr;UGLCNACtg,1,0,28,26
Htr;UGT1A10r,2,0,27,26
Htr;UPP3S,2,0,27,26
Htr;UPPDC1,2,0,27,26
Htr;UROLACer,1,0,28,26
Htx;ARTFR41,1,0,28,26
Htx;ICDHyr,1,0,28,26
Htx;NDP7g,0,1,29,25
Htx;OXALSUCCCL,1,0,28,26
Htx;PFK,0,1,29,25
Htx;PGI,0,1,29,25
Htx;PGL,1,0,28,26
Htx;PGMT,0,1,29,25
Htx;PItg,0,1,29,25
Htx;PLMCOAPTr,1,0,28,26
Htx;RTOT4,1,0,28,26
Htx;SUCCICITtm,1,0,28,26
Htx;SUCCt4_3,1,0,28,26
Htx;SUCOAS1m,1,0,28,26
Htx;TALA,2,0,27,26
Htx;TTDCPT1,1,0,28,26
Htx;TTDCPT2,1,0,28,26
Htx;TTDCRNt,1,0,28,26
Htx;UDPG4E,0,1,29,25
Htx;UDPGALtg,0,1,29,25
ICDHxrm;ICDHyr,3,0,26,26
ICDHxrm;OXALSUCCCL,3,0,26,26
ICDHxrm;PYRt2r,1,0,28,26
ICDHxrm;THRA,1,0,28,26
ICDHyp;ICDHyr,1,0,28,26
ICDHyp;OXALSUCCCL,1,0,28,26
ICDHyr;ACITLn,1,0,28,26
ICDHyr;ADPtn,1,0,28,26
ICDHyr;ARTFR56,1,0,28,26
ICDHyr;CITtn,1,0,28,26
ICDHyr;ICITACONtm,1,0,28,26
ICDHyr;ITCOAL1m,1,0,28,26
ICDHyr;MALACONtm,1,0,28,26
ICDHyr;MALCOAMT,1,0,28,26
ICDHyr;MALCOAMTr,1,0,28,26
ICDHyr;MCITS,1,0,28,26
ICDHyr;METAT,1,0,28,26
ICDHyr;NAt3_1,1,0,28,26
ICDHyr;NDP7er,1,0,28,26
ICDHyr;NH4tm,1,0,28,26
ICDHyr;NRVNCCOAtr,1,0,28,26
ICDHyr;NRVNCCOAtxc,1,0,28,26
ICDHyr;O2tp,1,0,28,26
ICDHyr;OAADC,2,0,27,26
ICDHyr;OAAtn,1,0,28,26
ICDHyr;OBDHc,1,0,28,26
ICDHyr;OXALSUCCCLm,4,0,25,26
ICDHyr;OXALSUCCCLp,1,0,28,26
ICDHyr;PHEMEtm,1,0,28,26
ICDHyr;PItn,1,0,28,26
ICDHyr;PLA2,1,0,28,26
ICDHyr;PMTCOAFABP1tc,1,0,28,26
ICDHyr;PPBNGS,1,0,28,26
ICDHyr;PPPG9tm,1,0,28,26
ICDHyr;PPPGOm,1,0,28,26
ICDHyr;PRISTANALtx,1,0,28,26
ICDHyr;PRISTCOAtcx,1,0,28,26
ICDHyr;PYRt2r,1,0,28,26
ICDHyr;RTOT5,1,0,28,26
ICDHyr;R_group_phosphotase_1,1,0,28,26
ICDHyr;Rtotalcoatx,1,0,28,26
ICDHyr;Rtotaltp,1,0,28,26
ICDHyr;TECR180,1,0,28,26
ICDHyr;TECR201,1,0,28,26
ICDHyr;TECR221,1,0,28,26
ICDHyr;TECR224,1,0,28,26
ICDHyr;TECR241,1,0,28,26
ICDHyr;TECR244,1,0,28,26
ICDHyr;TTCTECOAtr,1,0,28,26
ICDHyr;TYROX,1,0,28,26
ICDHyr;TYRTA,1,0,28,26
ICDHyr;UDPGD,1,0,28,26
ICDHyr;UDPGLCAter,1,0,28,26
ICDHyr;UGT1A2r,1,0,28,26
ICDHyr;UPP3S,1,0,28,26
ICDHyr;UPPDC1,1,0,28,26
ICDHyrm;AKGtn,0,2,29,24
ICDHyrm;CO2tn,0,2,29,24
ICDHyrm;FALDtn,0,2,29,24
ICDHyrm;LHCYSTIN,0,1,29,25
ICDHyrm;LHCYSTINt,0,1,29,25
ICDHyrm;LYSARGtm,0,1,29,25
ICDHyrm;LYSCITRtm,0,1,29,25
ICDHyrm;MAL_Lte,0,1,29,25
ICDHyrm;MEOHt2,1,0,28,26
ICDHyrm;METAT,1,0,28,26
ICDHyrm;NDP7er,2,0,27,26
ICDHyrm;NH4tm,1,0,28,26
ICDHyrm;O2tp,1,0,28,26
ICDHyrm;OCOAT1m,0,3,29,23
ICDHyrm;PGLer,1,0,28,26
ICDHyrm;PGMT,1,0,28,26
ICDHyrm;PHEMEtabc,1,0,28,26
ICDHyrm;PHEMEtm,1,0,28,26
ICDHyrm;PIMALtm,0,1,29,25
ICDHyrm;PMTCOAFABP1tc,1,0,28,26
ICDHyrm;PPBNGS,2,0,27,26
ICDHyrm;PPPG9tm,2,0,27,26
ICDHyrm;PPPGOm,2,0,27,26
ICDHyrm;PYRtm,0,3,29,23
ICDHyrm;RU5Ptr,1,0,28,26
ICDHyrm;SARCOXp,1,0,28,26
ICDHyrm;SARCStm,1,0,28,26
ICDHyrm;SARCStp,1,0,28,26
ICDHyrm;SFGTH,0,1,29,25
ICDHyrm;SO3AKGtm,0,1,29,25
ICDHyrm;SO3MALtm,0,1,29,25
ICDHyrm;SUCOAS1m,0,2,29,24
ICDHyrm;THFtm,0,1,29,25
ICDHyrm;THR3Dx,0,3,29,23
ICDHyrm;UDPGD,2,0,27,26
ICDHyrm;UDPGLCAter,2,0,27,26
ICDHyrm;UGT1A2r,1,0,28,26
ICDHyrm;UPP3S,2,0,27,26
ICDHyrm;UPPDC1,2,0,27,26
ICITACONtm;NDP7g,1,0,28,26
ICITACONtm;OXALSUCCCL,1,0,28,26
ICITACONtm;P45011A1m,1,0,28,26
ICITACONtm;PItg,1,0,28,26
ICITACONtm;PRGNLONEtm,1,0,28,26
ICITACONtm;PRGSTRNt,1,0,28,26
ICITACONtm;SBTR,1,0,28,26
ICITACONtm;SBT_Dtde,1,0,28,26
ICITACONtm;THRA,1,0,28,26
ICITACONtm;UAGDP,1,0,28,26
ICITCITtm;AKGtn,0,1,29,25
ICITCITtm;CO2tn,0,1,29,25
ICITCITtm;FALDtn,0,1,29,25
ICITCITtm;LHCYSTIN,0,1,29,25
ICITCITtm;LHCYSTINt,0,1,29,25
ICITCITtm;MAL_Lte,0,1,29,25
ICITCITtm;NH4tm,0,1,29,25
ICITCITtm;SFGTH,0,1,29,25
ICITCITtm;TXA2tr,0,1,29,25
ICITCITtm;TXB2c,0,1,29,25
ICITCITtm;TXB2r,0,1,29,25
ICITCITtm;TXB2tr,0,1,29,25
ICITMALtm;MAL_Lte,0,2,29,24
ICITMALtm;NH4tm,0,1,29,25
ICITMALtm;OCOAT1m,0,2,29,24
ICITMALtm;PYRtm,0,2,29,24
ICITMALtm;SUCOAS1m,0,2,29,24
ICITMALtm;THR3Dx,0,2,29,24
ICITMALtm;TXA2tr,0,1,29,25
ICITMALtm;TXB2c,0,1,29,25
ICITMALtm;TXB2r,0,1,29,25
ICITMALtm;TXB2tr,0,1,29,25
IDHPOXOX2b;KSII_CORE4t,0,1,29,25
IDHPOXOX2b;NDP7g,3,1,26,25
IDHPOXOX2b;NKCC2t,0,1,29,25
IDHPOXOX2b;PAPStg,3,1,26,25
IDHPOXOX2b;PAPtg,3,1,26,25
IDHPOXOX2b;PGMT,3,1,26,25
IDHPOXOX2b;PItg,3,1,26,25
IDHPOXOX2b;PPA,1,0,28,26
IDHPOXOX2b;S23T4g,0,1,29,25
IDHPOXOX2b;S6T16g,0,1,29,25
IDHPOXOX2b;S6T17g,0,1,29,25
IDHPOXOX2b;S6T18g,0,1,29,25
IDHPOXOX2b;SO4t4_3,0,1,29,25
IDHPOXOX2b;TYROX,1,0,28,26
IDHPOXOX2b;TYRTA,1,0,28,26
IDHPOXOX2b;UAG2EMAi,1,1,28,25
IDHPOXOX2b;UAG4E,0,1,29,25
IDHPOXOX2b;UAGDP,1,1,28,25
IDHPOXOX2b;UDPG4E,3,1,26,25
IDHPOXOX2b;UDPGALtg,3,1,26,25
IDHPOXOX2b;UGALCG,1,0,28,26
IDHPOXOX2b;UGALNACtg,0,1,29,25
IDHPOXOX2b;UGLCNACtg,1,1,28,25
IDHPOXOX3;NDP7g,3,0,26,26
IDHPOXOX3;PAPStg,3,0,26,26
IDHPOXOX3;PAPtg,3,0,26,26
IDHPOXOX3;PGMT,3,0,26,26
IDHPOXOX3;PItg,3,0,26,26
IDHPOXOX3;PPA,1,0,28,26
IDHPOXOX3;SO4t4_3,0,1,29,25
IDHPOXOX3;TYROX,1,0,28,26
IDHPOXOX3;TYRTA,1,0,28,26
IDHPOXOX3;UAG2EMAi,1,0,28,26
IDHPOXOX3;UAGDP,1,0,28,26
IDHPOXOX3;UDPG4E,3,0,26,26
IDHPOXOX3;UDPGALtg,3,0,26,26
IDHPOXOX3;UGALCG,1,0,28,26
IDHPOXOX3;UGLCNACtg,1,0,28,26
IDHPOXOX4;KSII_CORE4t,0,1,29,25
IDHPOXOX4;NDP7g,0,1,29,25
IDHPOXOX4;PAPStg,0,1,29,25
IDHPOXOX4;PAPtg,0,1,29,25
IDHPOXOX4;PGMT,0,1,29,25
IDHPOXOX4;PItg,0,1,29,25
IDHPOXOX4;S23T4g,0,1,29,25
IDHPOXOX4;S6T16g,0,1,29,25
IDHPOXOX4;S6T17g,0,1,29,25
IDHPOXOX4;S6T18g,0,1,29,25
IDHPOXOX4;UAG2EMAi,0,1,29,25
IDHPOXOX4;UAG4E,0,1,29,25
IDHPOXOX4;UAGDP,0,1,29,25
IDHPOXOX4;UDPG4E,0,1,29,25
IDHPOXOX4;UDPGALtg,0,1,29,25
IDHPOXOX4;UGALNACtg,0,1,29,25
IDHPOXOX4;UGLCNACtg,0,1,29,25
IDHPOXOXb;KSII_CORE4t,0,1,29,25
IDHPOXOXb;NDP7g,3,1,26,25
IDHPOXOXb;NKCC2t,0,1,29,25
IDHPOXOXb;PAPStg,3,1,26,25
IDHPOXOXb;PAPtg,3,1,26,25
IDHPOXOXb;PGMT,3,1,26,25
IDHPOXOXb;PItg,3,1,26,25
IDHPOXOXb;PPA,1,0,28,26
IDHPOXOXb;S23T4g,0,1,29,25
IDHPOXOXb;S6T16g,0,1,29,25
IDHPOXOXb;S6T17g,0,1,29,25
IDHPOXOXb;S6T18g,0,1,29,25
IDHPOXOXb;SO4t4_3,0,1,29,25
IDHPOXOXb;TYROX,1,0,28,26
IDHPOXOXb;TYRTA,1,0,28,26
IDHPOXOXb;UAG2EMAi,1,1,28,25
IDHPOXOXb;UAG4E,0,1,29,25
IDHPOXOXb;UAGDP,1,1,28,25
IDHPOXOXb;UDPG4E,3,1,26,25
IDHPOXOXb;UDPGALtg,3,1,26,25
IDHPOXOXb;UGALCG,1,0,28,26
IDHPOXOXb;UGALNACtg,0,1,29,25
IDHPOXOXb;UGLCNACtg,1,1,28,25
ILEATB0tc;ILEt4,0,3,29,23
ILEPHELAT2tc;ILEt4,11,0,18,26
ILEt4;ILEtec,4,0,25,26
IMAGH;O2t,2,0,27,26
IMAGH;PGL,1,0,28,26
IMAGH;RDH1,1,0,28,26
INOSTO;PFK,0,2,29,24
INOSTO;PGI,0,1,29,25
ITCOAL1m;OXALSUCCCL,1,0,28,26
ITCOAL1m;PYRtm,2,0,27,26
ITCOALm;AKGtn,0,1,29,25
ITCOALm;CO2tn,0,1,29,25
ITCOALm;FALDtn,0,1,29,25
ITCOALm;LYSARGtm,0,1,29,25
ITCOALm;LYSCITRtm,0,1,29,25
ITCOALm;PIMALtm,0,1,29,25
ITCOALm;SO3AKGtm,0,1,29,25
ITCOALm;SO3MALtm,0,1,29,25
ITCOALm;THFtm,0,1,29,25
IZPN;MTHFD2,0,2,29,24
IZPN;SERt4,0,1,29,25
It;KSII_CORE4t,0,1,29,25
It;NDP7g,2,1,27,25
It;NKCC2t,0,1,29,25
It;PAPStg,2,1,27,25
It;PAPtg,2,1,27,25
It;PGMT,2,1,27,25
It;PItg,2,1,27,25
It;S23T4g,0,1,29,25
It;S6T16g,0,1,29,25
It;S6T17g,0,1,29,25
It;S6T18g,0,1,29,25
It;SO4t4_3,0,1,29,25
It;TYROX,1,0,28,26
It;TYRTA,1,0,28,26
It;UAG2EMAi,1,1,28,25
It;UAG4E,0,1,29,25
It;UAGDP,1,1,28,25
It;UDPG4E,2,1,27,25
It;UDPGALtg,2,1,27,25
It;UGALNACtg,0,1,29,25
It;UGLCNACtg,1,1,28,25
KCC2t;NAt5,0,1,29,25
KCC2t;NDP7g,0,1,29,25
KCC2t;NH4t3r,0,2,29,24
KCC2t;PAPStg,0,1,29,25
KCC2t;PAPtg,0,1,29,25
KCC2t;PGMT,0,1,29,25
KCC2t;PItg,0,1,29,25
KCC2t;SADT,0,4,29,22
KCC2t;SO4CLtex2,0,4,29,22
KCC2t;UDPG4E,0,1,29,25
KCC2t;UDPGALtg,0,1,29,25
KHK2;NH4tm,1,0,28,26
KHK2;PFK,0,2,29,24
KHK2;PGI,0,1,29,25
KSII_CORE4t;THYPX,0,1,29,25
KSII_CORE4t;THYST,0,1,29,25
KYNAKGAT;METAT,0,3,29,23
KYNAKGAT;NDP7g,1,0,28,26
KYNAKGAT;PFK,0,1,29,25
KYNAKGAT;PFK2,0,1,29,25
KYNAKGAT;PGK,0,2,29,24
KYNAKGAT;PGM,0,2,29,24
KYNAKGAT;PItg,1,0,28,26
KYNAKGAT;PYK7,0,1,29,25
KYNAKGAT;TPI,0,2,29,24
KYNAKGAT;UAGDP,1,0,28,26
KYNATESYN;METAT,0,3,29,23
KYNATESYN;NDP7g,1,0,28,26
KYNATESYN;PFK,0,1,29,25
KYNATESYN;PFK2,0,1,29,25
KYNATESYN;PGK,0,2,29,24
KYNATESYN;PGM,0,2,29,24
KYNATESYN;PItg,1,0,28,26
KYNATESYN;PYK7,0,1,29,25
KYNATESYN;TPI,0,2,29,24
KYNATESYN;UAGDP,1,0,28,26
KYNATEtr;METAT,0,3,29,23
KYNATEtr;NDP7g,1,0,28,26
KYNATEtr;PFK,0,1,29,25
KYNATEtr;PFK2,0,1,29,25
KYNATEtr;PGK,0,2,29,24
KYNATEtr;PGM,0,2,29,24
KYNATEtr;PItg,1,0,28,26
KYNATEtr;PYK7,0,1,29,25
KYNATEtr;TPI,0,2,29,24
KYNATEtr;UAGDP,1,0,28,26
LARGEg;R5Ptr,0,14,29,12
LARGEg;RPI,2,0,27,26
LARGEg;RPIr,0,14,29,12
LARGEg;RU5Ptr,0,14,29,12
LCYSTCBOXL;NDP7g,1,0,28,26
LCYSTCBOXL;NKCC2t,0,1,29,25
LCYSTCBOXL;PAPStg,1,0,28,26
LCYSTCBOXL;PAPtg,1,0,28,26
LCYSTCBOXL;PGMT,1,0,28,26
LCYSTCBOXL;PItg,1,0,28,26
LCYSTCBOXL;PPA,1,0,28,26
LCYSTCBOXL;SO4t4_3,0,1,29,25
LCYSTCBOXL;UDPG4E,1,0,28,26
LCYSTCBOXL;UDPGALtg,1,0,28,26
LCYSTCBOXL;UGALCG,1,0,28,26
LDH_L;MDH,0,1,29,25
LDH_L;NH4t3r,0,1,29,25
LDH_L;O2t,0,3,29,23
LEUATB0tc;LEUt4,0,2,29,24
LEUPHELAT2tc;LEUt4,10,0,19,26
LEUt4;LEUtec,5,0,24,26
LEUt4;PHEt4,0,2,29,24
LHCYSTIN;MCITS,0,1,29,25
LHCYSTIN;MTHFC,0,1,29,25
LHCYSTIN;MTHFD2,0,1,29,25
LHCYSTIN;OBDHc,0,1,29,25
LHCYSTIN;OXALSUCCCLm,0,1,29,25
LHCYSTIN;PIt2m_2,0,1,29,25
LHCYSTIN;SERt4,0,1,29,25
LHCYSTIN;THDm,1,0,28,26
LHCYSTIN;THRCYSNaEx,1,0,28,26
LHCYSTIN;THRtm,1,0,28,26
LHCYSTIN;TXA2tr,0,1,29,25
LHCYSTIN;TXB2c,0,1,29,25
LHCYSTIN;TXB2r,0,1,29,25
LHCYSTIN;TXB2tr,0,1,29,25
LHCYSTINt;MCITS,0,1,29,25
LHCYSTINt;MTHFC,0,1,29,25
LHCYSTINt;MTHFD2,0,1,29,25
LHCYSTINt;OBDHc,0,1,29,25
LHCYSTINt;OXALSUCCCLm,0,1,29,25
LHCYSTINt;PIt2m_2,0,1,29,25
LHCYSTINt;SERt4,0,1,29,25
LHCYSTINt;THDm,1,0,28,26
LHCYSTINt;THRCYSNaEx,1,0,28,26
LHCYSTINt;THRtm,1,0,28,26
LHCYSTINt;TXA2tr,0,1,29,25
LHCYSTINt;TXB2c,0,1,29,25
LHCYSTINt;TXB2r,0,1,29,25
LHCYSTINt;TXB2tr,0,1,29,25
LPASE;NH4tm,1,0,28,26
LPASE;PPItm,1,0,28,26
LPS3;TALA,1,0,28,26
LYSARGtm;OXALSUCCCLm,0,1,29,25
LYSARGtm;PYRtm,0,1,29,25
LYSCITRtm;OXALSUCCCLm,0,1,29,25
LYSCITRtm;PYRtm,0,1,29,25
LYSt4;LYSt5r,0,1,29,25
LYSt5r;LYStiDF,3,3,26,23
L_LACt2r;LALDD,0,1,29,25
L_LACt2r;LCADi_D,0,1,29,25
L_LACt2r;MDH,0,1,29,25
L_LACt2r;NADH2_u10m,0,1,29,25
L_LACt2r;NH4t3r,0,1,29,25
L_LACt2r;O2t,0,3,29,23
L_LACt2r;PIt2m_2,0,1,29,25
L_LACt2r;THR3Dx,0,1,29,25
M1316Mg;PGI,1,0,28,26
M1316Mg;PNTK,0,1,29,25
M1316Mg;PNTOt2e,0,1,29,25
M1316Mg;PPCDC,0,1,29,25
M1316Mg;PPIPItr,0,1,29,25
M1316Mg;PPNCL2,0,1,29,25
M1316Mg;PTPAT,0,1,29,25
M13N2Tg;MALCOAMT,1,0,28,26
M13N2Tg;MALCOAMTr,1,0,28,26
M13N2Tg;NDP7er,5,0,24,26
M13N2Tg;NH4tm,1,0,28,26
M13N2Tg;PGI,1,0,28,26
M13N2Tg;PHEMEtm,1,0,28,26
M13N2Tg;PNTK,0,1,29,25
M13N2Tg;PNTOt2e,0,1,29,25
M13N2Tg;PPBNGS,1,0,28,26
M13N2Tg;PPCDC,0,1,29,25
M13N2Tg;PPIPItr,0,1,29,25
M13N2Tg;PPNCL2,0,1,29,25
M13N2Tg;PPPG9tm,1,0,28,26
M13N2Tg;PPPGOm,1,0,28,26
M13N2Tg;PTPAT,0,1,29,25
M13N2Tg;TECR180,1,0,28,26
M13N2Tg;TECR201,1,0,28,26
M13N2Tg;TECR221,1,0,28,26
M13N2Tg;UDPGD,1,0,28,26
M13N2Tg;UDPGLCAter,1,0,28,26
M13N2Tg;UGT1A2r,1,0,28,26
M13N2Tg;UPP3S,1,0,28,26
M13N2Tg;UPPDC1,1,0,28,26
M13N4Tg;PGI,1,0,28,26
M16N4Tg;PGI,1,0,28,26
M16N4Tg;PPIPItr,0,1,29,25
M16N6Tg;PGI,1,0,28,26
M16NT1g;PNTK,0,1,29,25
M16NT1g;PNTOt2e,0,1,29,25
M16NT1g;PPCDC,0,1,29,25
M16NT1g;PPNCL2,0,1,29,25
M16NT1g;PTPAT,0,1,29,25
M16NTg;PGI,1,0,28,26
M16NTg;PPIPItr,0,1,29,25
M4MPDOL_ter;MALCOAMT,1,0,28,26
M4MPDOL_ter;MALCOAMTr,1,0,28,26
M4MPDOL_ter;NDP7er,5,0,24,26
M4MPDOL_ter;NH4tm,1,0,28,26
M4MPDOL_ter;PGI,1,0,28,26
M4MPDOL_ter;PHEMEtm,1,0,28,26
M4MPDOL_ter;PNTK,0,1,29,25
M4MPDOL_ter;PNTOt2e,0,1,29,25
M4MPDOL_ter;PPBNGS,1,0,28,26
M4MPDOL_ter;PPCDC,0,1,29,25
M4MPDOL_ter;PPIPItr,0,1,29,25
M4MPDOL_ter;PPNCL2,0,1,29,25
M4MPDOL_ter;PPPG9tm,1,0,28,26
M4MPDOL_ter;PPPGOm,1,0,28,26
M4MPDOL_ter;PTPAT,0,1,29,25
M4MPDOL_ter;TECR180,1,0,28,26
M4MPDOL_ter;TECR201,1,0,28,26
M4MPDOL_ter;TECR221,1,0,28,26
M4MPDOL_ter;UDPGD,1,0,28,26
M4MPDOL_ter;UDPGLCAter,1,0,28,26
M4MPDOL_ter;UGT1A2r,1,0,28,26
M4MPDOL_ter;UPP3S,1,0,28,26
M4MPDOL_ter;UPPDC1,1,0,28,26
M7MASNBterg;MALCOAMT,1,0,28,26
M7MASNBterg;MALCOAMTr,1,0,28,26
M7MASNBterg;NDP7er,5,0,24,26
M7MASNBterg;NH4tm,1,0,28,26
M7MASNBterg;PGI,1,0,28,26
M7MASNBterg;PHEMEtm,1,0,28,26
M7MASNBterg;PPBNGS,1,0,28,26
M7MASNBterg;PPPG9tm,1,0,28,26
M7MASNBterg;PPPGOm,1,0,28,26
M7MASNBterg;TECR180,1,0,28,26
M7MASNBterg;TECR201,1,0,28,26
M7MASNBterg;TECR221,1,0,28,26
M7MASNBterg;UDPGD,1,0,28,26
M7MASNBterg;UDPGLCAter,1,0,28,26
M7MASNBterg;UGT1A2r,1,0,28,26
M7MASNBterg;UPP3S,1,0,28,26
M7MASNBterg;UPPDC1,1,0,28,26
M8MASNterg;PNTK,0,1,29,25
M8MASNterg;PNTOt2e,0,1,29,25
M8MASNterg;PPCDC,0,1,29,25
M8MASNterg;PPIPItr,0,1,29,25
M8MASNterg;PPNCL2,0,1,29,25
M8MASNterg;PTPAT,0,1,29,25
MALACONtm;ACITLn,1,0,28,26
MALACONtm;ADPtn,1,0,28,26
MALACONtm;AKGtn,1,0,28,26
MALACONtm;CITtn,1,0,28,26
MALACONtm;CO2tn,1,0,28,26
MALACONtm;FALDtn,1,0,28,26
MALACONtm;MALTSULtm,2,0,27,26
MALACONtm;MALtm,1,0,28,26
MALACONtm;MCITS,1,0,28,26
MALACONtm;MDH,1,0,28,26
MALACONtm;MEOHt2,1,0,28,26
MALACONtm;METAT,1,0,28,26
MALACONtm;OAADC,1,0,28,26
MALACONtm;OAAtn,1,0,28,26
MALACONtm;OBDHc,1,0,28,26
MALACONtm;OXALSUCCCL,1,0,28,26
MALACONtm;PHEMEtabc,1,0,28,26
MALACONtm;PItn,1,0,28,26
MALACONtm;PPA,1,0,28,26
MALACONtm;PPBNGS,1,0,28,26
MALACONtm;PPPG9tm,1,0,28,26
MALACONtm;PPPGOm,1,0,28,26
MALACONtm;PRSDO,1,0,28,26
MALACONtm;PYRFORte,1,0,28,26
MALACONtm;SQOR2m,1,0,28,26
MALACONtm;SQORm,2,0,27,26
MALACONtm;THDm,1,0,28,26
MALACONtm;THRA,1,0,28,26
MALACONtm;THRtm,1,0,28,26
MALACONtm;TSCTS,1,0,28,26
MALACONtm;TSULt4_3,2,0,27,26
MALACONtm;UPP3S,1,0,28,26
MALACONtm;UPPDC1,1,0,28,26
MALCOAMT;ARTFR12,1,0,28,26
MALCOAMT;ARTFR41,1,0,28,26
MALCOAMT;ARTPLM1,2,1,27,25
MALCOAMT;MAN1PT2,1,0,28,26
MALCOAMT;MAN6PI,1,0,28,26
MALCOAMT;MANter,1,0,28,26
MALCOAMT;MANtg,1,0,28,26
MALCOAMT;MG1er,1,0,28,26
MALCOAMT;MG2er,1,0,28,26
MALCOAMT;MG3er,1,0,28,26
MALCOAMT;MM5bg,1,0,28,26
MALCOAMT;MM6B1ag,1,0,28,26
MALCOAMT;MM7B1g,1,0,28,26
MALCOAMT;MM8Ber,1,0,28,26
MALCOAMT;NADHtru,1,0,28,26
MALCOAMT;NADtru,1,0,28,26
MALCOAMT;NDP7g,1,1,28,25
MALCOAMT;OXALSUCCCL,1,0,28,26
MALCOAMT;PALFATPtc,1,0,28,26
MALCOAMT;PGL,2,0,27,26
MALCOAMT;PGMT,2,1,27,25
MALCOAMT;PItg,1,1,28,25
MALCOAMT;PLMCOAPTr,2,0,27,26
MALCOAMT;PMANM,1,0,28,26
MALCOAMT;PNTK,6,6,23,20
MALCOAMT;PNTOt1,6,1,23,25
MALCOAMT;PNTOt2e,0,1,29,25
MALCOAMT;PNTOte,0,4,29,22
MALCOAMT;PPA,1,0,28,26
MALCOAMT;PPCDC,6,6,23,20
MALCOAMT;PPNCL2,0,6,29,20
MALCOAMT;PPNCL3,6,0,23,26
MALCOAMT;PTPAT,6,6,23,20
MALCOAMT;RPE,1,0,28,26
MALCOAMT;RPI,1,0,28,26
MALCOAMT;RTOT4,1,0,28,26
MALCOAMT;SE3,0,1,29,25
MALCOAMT;SOAT2,0,1,29,25
MALCOAMT;SUCCICITtm,1,0,28,26
MALCOAMT;SUCCt4_3,1,0,28,26
MALCOAMT;SUCOAS1m,1,0,28,26
MALCOAMT;TALA,1,0,28,26
MALCOAMT;TKT1,1,0,28,26
MALCOAMT;TKT2,1,0,28,26
MALCOAMT;TTDCPT1,1,0,28,26
MALCOAMT;TTDCPT2,1,0,28,26
MALCOAMT;TTDCRNt,1,0,28,26
MALCOAMT;TXA2tr,0,1,29,25
MALCOAMT;TXB2c,0,1,29,25
MALCOAMT;TXB2r,0,1,29,25
MALCOAMT;TXB2tr,0,1,29,25
MALCOAMT;UAGDP,2,0,27,26
MALCOAMT;UDPDOLPT,1,0,28,26
MALCOAMT;UDPG4E,0,1,29,25
MALCOAMT;UDPGALtg,0,1,29,25
MALCOAMT;UGLCNACtg,1,0,28,26
MALCOAMTr;ARTFR12,1,0,28,26
MALCOAMTr;ARTFR41,1,0,28,26
MALCOAMTr;ARTPLM1,2,1,27,25
MALCOAMTr;MAN1PT2,1,0,28,26
MALCOAMTr;MAN6PI,1,0,28,26
MALCOAMTr;MANter,1,0,28,26
MALCOAMTr;MANtg,1,0,28,26
MALCOAMTr;MG1er,1,0,28,26
MALCOAMTr;MG2er,1,0,28,26
MALCOAMTr;MG3er,1,0,28,26
MALCOAMTr;MM5bg,1,0,28,26
MALCOAMTr;MM6B1ag,1,0,28,26
MALCOAMTr;MM7B1g,1,0,28,26
MALCOAMTr;MM8Ber,1,0,28,26
MALCOAMTr;NADHtru,1,0,28,26
MALCOAMTr;NADtru,1,0,28,26
MALCOAMTr;NDP7g,1,1,28,25
MALCOAMTr;OXALSUCCCL,1,0,28,26
MALCOAMTr;PALFATPtc,1,0,28,26
MALCOAMTr;PGL,2,0,27,26
MALCOAMTr;PGMT,2,1,27,25
MALCOAMTr;PItg,1,1,28,25
MALCOAMTr;PLMCOAPTr,2,0,27,26
MALCOAMTr;PMANM,1,0,28,26
MALCOAMTr;PNTK,6,6,23,20
MALCOAMTr;PNTOt1,6,1,23,25
MALCOAMTr;PNTOt2e,0,1,29,25
MALCOAMTr;PNTOte,0,4,29,22
MALCOAMTr;PPA,1,0,28,26
MALCOAMTr;PPCDC,6,6,23,20
MALCOAMTr;PPNCL2,0,6,29,20
MALCOAMTr;PPNCL3,6,0,23,26
MALCOAMTr;PTPAT,6,6,23,20
MALCOAMTr;RPE,1,0,28,26
MALCOAMTr;RPI,1,0,28,26
MALCOAMTr;RTOT4,1,0,28,26
MALCOAMTr;SE3,0,1,29,25
MALCOAMTr;SOAT2,0,1,29,25
MALCOAMTr;SUCCICITtm,1,0,28,26
MALCOAMTr;SUCCt4_3,1,0,28,26
MALCOAMTr;SUCOAS1m,1,0,28,26
MALCOAMTr;TALA,1,0,28,26
MALCOAMTr;TKT1,1,0,28,26
MALCOAMTr;TKT2,1,0,28,26
MALCOAMTr;TTDCPT1,1,0,28,26
MALCOAMTr;TTDCPT2,1,0,28,26
MALCOAMTr;TTDCRNt,1,0,28,26
MALCOAMTr;TXA2tr,0,1,29,25
MALCOAMTr;TXB2c,0,1,29,25
MALCOAMTr;TXB2r,0,1,29,25
MALCOAMTr;TXB2tr,0,1,29,25
MALCOAMTr;UAGDP,2,0,27,26
MALCOAMTr;UDPDOLPT,1,0,28,26
MALCOAMTr;UDPG4E,0,1,29,25
MALCOAMTr;UDPGALtg,0,1,29,25
MALCOAMTr;UGLCNACtg,1,0,28,26
MALTSULtm;PYRtm,1,0,28,26
MAL_Lte;AKGtn,1,0,28,26
MAL_Lte;CO2tn,1,0,28,26
MAL_Lte;FALDtn,1,0,28,26
MAL_Lte;MCITS,1,4,28,22
MAL_Lte;MDH,0,2,29,24
MAL_Lte;MDHm,0,1,29,25
MAL_Lte;ME1m,0,1,29,25
MAL_Lte;ME2m,0,5,29,21
MAL_Lte;MEOHt2,1,0,28,26
MAL_Lte;METAT,1,5,28,21
MAL_Lte;NCKt,0,1,29,25
MAL_Lte;NCNt,0,1,29,25
MAL_Lte;NDP7g,0,1,29,25
MAL_Lte;NH4t3r,0,1,29,25
MAL_Lte;NH4tm,0,2,29,24
MAL_Lte;O2tn,1,0,28,26
MAL_Lte;OBDHc,1,4,28,22
MAL_Lte;OXALSUCCCLm,0,1,29,25
MAL_Lte;PEPCKm,0,1,29,25
MAL_Lte;PEPICITtm,0,1,29,25
MAL_Lte;PGMT,0,1,29,25
MAL_Lte;PIMALtm,0,1,29,25
MAL_Lte;PIt2m_2,0,1,29,25
MAL_Lte;PItg,0,1,29,25
MAL_Lte;PYRtm,0,4,29,22
MAL_Lte;SO3AKGtm,0,1,29,25
MAL_Lte;SO3MALtm,0,1,29,25
MAL_Lte;SUCCICITtm,0,1,29,25
MAL_Lte;THFtm,0,1,29,25
MAL_Lte;UAG2EMAi,0,1,29,25
MAL_Lte;UAGDP,0,1,29,25
MAL_Lte;UDPG4E,0,1,29,25
MAL_Lte;UDPGALtg,0,1,29,25
MAL_Lte;UGLCNACtg,0,1,29,25
MALtm;MCITS,1,0,28,26
MALtm;METAT,1,0,28,26
MALtm;OBDHc,1,0,28,26
MAN1PT2;NDP7er,4,0,25,26
MAN1PT2;NH4tm,1,0,28,26
MAN1PT2;PGI,1,0,28,26
MAN1PT2;PGLer,1,0,28,26
MAN1PT2;PHEMEtabc,1,0,28,26
MAN1PT2;PHEMEtm,3,0,26,26
MAN1PT2;PNTK,0,1,29,25
MAN1PT2;PNTOt2e,0,1,29,25
MAN1PT2;PPAer,1,0,28,26
MAN1PT2;PPBNGS,4,0,25,26
MAN1PT2;PPCDC,0,1,29,25
MAN1PT2;PPIPItr,0,1,29,25
MAN1PT2;PPItr,1,0,28,26
MAN1PT2;PPNCL2,0,1,29,25
MAN1PT2;PPPG9tm,4,0,25,26
MAN1PT2;PPPGOm,4,0,25,26
MAN1PT2;PTPAT,0,1,29,25
MAN1PT2;R5Ptr,0,14,29,12
MAN1PT2;RPI,2,0,27,26
MAN1PT2;RPIr,0,14,29,12
MAN1PT2;RU5Ptr,1,14,28,12
MAN1PT2;TECR180,1,0,28,26
MAN1PT2;TECR201,1,0,28,26
MAN1PT2;TECR221,1,0,28,26
MAN1PT2;UDPGD,5,0,24,26
MAN1PT2;UDPGLCAter,4,0,25,26
MAN1PT2;UGT1A2r,1,0,28,26
MAN1PT2;UPP3S,4,0,25,26
MAN1PT2;UPPDC1,4,0,25,26
MAN6PI;NDP7er,4,0,25,26
MAN6PI;NH4tm,1,0,28,26
MAN6PI;PGI,1,0,28,26
MAN6PI;PGLer,1,0,28,26
MAN6PI;PHEMEtabc,1,0,28,26
MAN6PI;PHEMEtm,3,0,26,26
MAN6PI;PNTK,0,1,29,25
MAN6PI;PNTOt2e,0,1,29,25
MAN6PI;PPAer,1,0,28,26
MAN6PI;PPBNGS,4,0,25,26
MAN6PI;PPCDC,0,1,29,25
MAN6PI;PPIPItr,0,1,29,25
MAN6PI;PPItr,1,0,28,26
MAN6PI;PPNCL2,0,1,29,25
MAN6PI;PPPG9tm,4,0,25,26
MAN6PI;PPPGOm,4,0,25,26
MAN6PI;PTPAT,0,1,29,25
MAN6PI;R5Ptr,0,14,29,12
MAN6PI;RPI,2,0,27,26
MAN6PI;RPIr,0,14,29,12
MAN6PI;RU5Ptr,1,14,28,12
MAN6PI;TECR180,1,0,28,26
MAN6PI;TECR201,1,0,28,26
MAN6PI;TECR221,1,0,28,26
MAN6PI;UDPGD,5,0,24,26
MAN6PI;UDPGLCAter,4,0,25,26
MAN6PI;UGT1A2r,1,0,28,26
MAN6PI;UPP3S,4,0,25,26
MAN6PI;UPPDC1,4,0,25,26
MANt1r;NDP7er,1,0,28,26
MANter;NDP7er,5,0,24,26
MANter;NH4tm,1,0,28,26
MANter;PGI,1,0,28,26
MANter;PHEMEtm,1,0,28,26
MANter;PPBNGS,1,0,28,26
MANter;PPPG9tm,1,0,28,26
MANter;PPPGOm,1,0,28,26
MANter;TECR180,1,0,28,26
MANter;TECR201,1,0,28,26
MANter;TECR221,1,0,28,26
MANter;UDPGD,1,0,28,26
MANter;UDPGLCAter,1,0,28,26
MANter;UGT1A2r,1,0,28,26
MANter;UPP3S,1,0,28,26
MANter;UPPDC1,1,0,28,26
MANtg;NDP7er,5,0,24,26
MANtg;NH4tm,1,0,28,26
MANtg;PGI,1,0,28,26
MANtg;PHEMEtm,1,0,28,26
MANtg;PNTK,0,1,29,25
MANtg;PNTOt2e,0,1,29,25
MANtg;PPBNGS,1,0,28,26
MANtg;PPCDC,0,1,29,25
MANtg;PPIPItr,0,1,29,25
MANtg;PPNCL2,0,1,29,25
MANtg;PPPG9tm,1,0,28,26
MANtg;PPPGOm,1,0,28,26
MANtg;PTPAT,0,1,29,25
MANtg;TECR180,1,0,28,26
MANtg;TECR201,1,0,28,26
MANtg;TECR221,1,0,28,26
MANtg;UDPGD,1,0,28,26
MANtg;UDPGLCAter,1,0,28,26
MANtg;UGT1A2r,1,0,28,26
MANtg;UPP3S,1,0,28,26
MANtg;UPPDC1,1,0,28,26
MANtly;PNTK,0,1,29,25
MANtly;PNTOt2e,0,1,29,25
MANtly;PPCDC,0,1,29,25
MANtly;PPNCL2,0,1,29,25
MANtly;PTPAT,0,1,29,25
MCITS;AKGtn,0,1,29,25
MCITS;CO2tn,0,1,29,25
MCITS;FALDtn,0,1,29,25
MCITS;MDHm,1,0,28,26
MCITS;OAADC,1,0,28,26
MCITS;OCOAT1m,0,2,29,24
MCITS;OXALSUCCCL,1,0,28,26
MCITS;PPAm,1,0,28,26
MCITS;PPItm,1,0,28,26
MCITS;PYRtm,0,2,29,24
MCITS;SFGTH,0,1,29,25
MCITS;SUCOAS1m,0,1,29,25
MCITS;THR3Dx,0,2,29,24
MCITS;THRA,1,0,28,26
MDH;MDHm,2,0,27,26
MDH;ME2m,0,1,29,25
MDH;PPA,1,0,28,26
MDH;PYRtm,0,1,29,25
MDH;TXA2tr,0,1,29,25
MDH;TXB2c,0,1,29,25
MDH;TXB2r,0,1,29,25
MDH;TXB2tr,0,1,29,25
MDHm;AKGtn,1,0,28,26
MDHm;CO2tn,1,0,28,26
MDHm;FALDtn,1,0,28,26
MDHm;MEOHt2,1,0,28,26
MDHm;METAT,1,0,28,26
MDHm;OBDHc,1,0,28,26
MDHm;OCOAT1m,0,1,29,25
MDHm;PPA,1,0,28,26
MDHm;PYRtm,0,1,29,25
MDHm;SUCOAS1m,0,1,29,25
MDHm;THDm,1,0,28,26
MDHm;THR3Dx,0,1,29,25
MDHm;THRtm,1,0,28,26
ME2m;NH4tm,0,1,29,25
ME2m;THR3Dx,0,1,29,25
ME2m;TXA2tr,0,1,29,25
ME2m;TXB2c,0,1,29,25
ME2m;TXB2r,0,1,29,25
ME2m;TXB2tr,0,1,29,25
MEOHt2;ARTFR52,3,0,26,26
MEOHt2;NORANMT,2,0,27,26
MEOHt2;OAADC,1,0,28,26
MEOHt2;PIGTHRDLtm,1,0,28,26
MEOHt2;PROGLUtm,1,0,28,26
MEOHt2;PROtm,1,0,28,26
MEOHt2;PSDm_hs,4,0,25,26
MEOHt2;PSFLIPm,4,0,25,26
MEOHt2;RTOT5,3,0,26,26
MEOHt2;SERCYSNaEx,1,0,28,26
MEOHt2;SERt4,2,0,27,26
MEOHt2;SUCCACONtm,1,0,28,26
MEOHt2;SUCCt4_3,1,0,28,26
MEOHt2;TECR180,3,0,26,26
MEOHt2;TECR200,3,0,26,26
MEOHt2;TECR220,3,0,26,26
MEOHt2;TECR240,3,0,26,26
MEOHt2;TECR260,3,0,26,26
MEOHt2;THBPT4ACAMDASE,1,0,28,26
MEOHt2;THDm,1,0,28,26
MEOHt2;THRCYSNaEx,1,0,28,26
MEOHt2;THRtm,1,0,28,26
MEOHt2;TYR3MO2,1,0,28,26
MEOHt2;TYRDOPO,1,1,28,25
METAT;ARTFR52,2,0,27,26
METAT;MTHFC,0,3,29,23
METAT;MTHFD2,0,3,29,23
METAT;OAADC,1,0,28,26
METAT;OCOAT1m,0,2,29,24
METAT;OXALSUCCCL,1,0,28,26
METAT;PETHCT,0,1,29,25
METAT;PGLYCH,0,1,29,25
METAT;PHETA1,0,1,29,25
METAT;PHETA1m,0,1,29,25
METAT;PHEt4m,0,1,29,25
METAT;PHPYRtm,0,1,29,25
METAT;PIGTHRDLtm,1,0,28,26
METAT;PIt2m_2,0,1,29,25
METAT;PPCOAtm,0,1,29,25
METAT;PROGLUtm,1,0,28,26
METAT;PROtm,1,0,28,26
METAT;PSSA1_hs,0,1,29,25
METAT;PYRtm,0,2,29,24
METAT;RTOT5,2,0,27,26
METAT;SERCYSNaEx,1,0,28,26
METAT;SERt4,1,2,28,24
METAT;SUCCACONtm,1,0,28,26
METAT;SUCCt4_3,1,0,28,26
METAT;SUCOAS1m,0,1,29,25
METAT;TECR180,2,0,27,26
METAT;TECR200,2,0,27,26
METAT;TECR220,2,0,27,26
METAT;TECR240,2,0,27,26
METAT;TECR260,2,0,27,26
METAT;THDm,1,0,28,26
METAT;THFtm,0,1,29,25
METAT;THR3Dx,1,4,28,22
METAT;THRCYSNaEx,1,0,28,26
METAT;THRtm,1,0,28,26
METAT;TRPO2,0,3,29,23
METAT;TXA2tr,0,1,29,25
METAT;TXB2c,0,1,29,25
METAT;TXB2r,0,1,29,25
METAT;TXB2tr,0,1,29,25
METATB0tc;METt4,1,3,28,23
METS;THR3Dx,1,0,28,26
METt4;METtec,1,0,28,26
METt4;METyLATthc,1,0,28,26
METt4;SO4CLtex,1,0,28,26
MG1er;NDP7er,5,0,24,26
MG1er;NH4tm,1,0,28,26
MG1er;PGI,1,0,28,26
MG1er;PHEMEtm,1,0,28,26
MG1er;PNTK,0,1,29,25
MG1er;PNTOt2e,0,1,29,25
MG1er;PPBNGS,1,0,28,26
MG1er;PPCDC,0,1,29,25
MG1er;PPIPItr,0,1,29,25
MG1er;PPNCL2,0,1,29,25
MG1er;PPPG9tm,1,0,28,26
MG1er;PPPGOm,1,0,28,26
MG1er;PTPAT,0,1,29,25
MG1er;TECR180,1,0,28,26
MG1er;TECR201,1,0,28,26
MG1er;TECR221,1,0,28,26
MG1er;UDPGD,1,0,28,26
MG1er;UDPGLCAter,1,0,28,26
MG1er;UGT1A2r,1,0,28,26
MG1er;UPP3S,1,0,28,26
MG1er;UPPDC1,1,0,28,26
MG2er;NDP7er,5,0,24,26
MG2er;NH4tm,1,0,28,26
MG2er;PGI,1,0,28,26
MG2er;PHEMEtm,1,0,28,26
MG2er;PNTK,0,1,29,25
MG2er;PNTOt2e,0,1,29,25
MG2er;PPBNGS,1,0,28,26
MG2er;PPCDC,0,1,29,25
MG2er;PPIPItr,0,1,29,25
MG2er;PPNCL2,0,1,29,25
MG2er;PPPG9tm,1,0,28,26
MG2er;PPPGOm,1,0,28,26
MG2er;PTPAT,0,1,29,25
MG2er;TECR180,1,0,28,26
MG2er;TECR201,1,0,28,26
MG2er;TECR221,1,0,28,26
MG2er;UDPGD,1,0,28,26
MG2er;UDPGLCAter,1,0,28,26
MG2er;UGT1A2r,1,0,28,26
MG2er;UPP3S,1,0,28,26
MG2er;UPPDC1,1,0,28,26
MG3er;NDP7er,5,0,24,26
MG3er;NH4tm,1,0,28,26
MG3er;PGI,1,0,28,26
MG3er;PHEMEtm,1,0,28,26
MG3er;PNTK,0,1,29,25
MG3er;PNTOt2e,0,1,29,25
MG3er;PPBNGS,1,0,28,26
MG3er;PPCDC,0,1,29,25
MG3er;PPIPItr,0,1,29,25
MG3er;PPNCL2,0,1,29,25
MG3er;PPPG9tm,1,0,28,26
MG3er;PPPGOm,1,0,28,26
MG3er;PTPAT,0,1,29,25
MG3er;TECR180,1,0,28,26
MG3er;TECR201,1,0,28,26
MG3er;TECR221,1,0,28,26
MG3er;UDPGD,1,0,28,26
MG3er;UDPGLCAter,1,0,28,26
MG3er;UGT1A2r,1,0,28,26
MG3er;UPP3S,1,0,28,26
MG3er;UPPDC1,1,0,28,26
MGSA;NACDe,1,0,28,26
MGSA;NACPRT,1,0,28,26
MGSA;NCAMDe,1,0,28,26
MGSA;NMNDA,1,0,28,26
MGSA;NMNS,1,0,28,26
MI14P4P;PIPLC,0,1,29,25
MI14PP;MI1PP,8,1,21,25
MI14PP;PIPLC,8,1,21,25
MI1PP;ADPtn,0,1,29,25
MI1PP;MI4PP,8,1,21,25
MI1PP;O2St,0,1,29,25
MI1PP;O2Stn,0,1,29,25
MI1PP;PAIL4P_HStn,0,1,29,25
MI1PP;PAIL_HStn,0,1,29,25
MI1PP;PIK4,5,0,24,26
MI1PP;PIK4n,0,1,29,25
MI1PP;PPAPA,1,0,28,26
MI1PP;PPItm,1,0,28,26
MI1PP;SPODMn,0,1,29,25
MI1PP;TALA,1,0,28,26
MI4PP;PIPLC,8,1,21,25
MINOHPK;O2t,4,7,25,19
MINOHPK;O2tn,1,0,28,26
MINOHPK;TYROX,1,0,28,26
MINOHPK;TYRTA,1,0,28,26
MINOHPKn;O2t,3,0,26,26
MINOHPtn;O2t,4,7,25,19
MINOHPtn;O2tn,1,0,28,26
MINOHPtn;TYROX,1,0,28,26
MINOHPtn;TYRTA,1,0,28,26
MM5ag;PNTK,0,1,29,25
MM5ag;PNTOt2e,0,1,29,25
MM5ag;PPCDC,0,1,29,25
MM5ag;PPIPItr,0,1,29,25
MM5ag;PPNCL2,0,1,29,25
MM5ag;PTPAT,0,1,29,25
MM5bg;NDP7er,4,0,25,26
MM5bg;NH4tm,1,0,28,26
MM5bg;PHEMEtm,1,0,28,26
MM5bg;PPBNGS,1,0,28,26
MM5bg;PPPG9tm,1,0,28,26
MM5bg;PPPGOm,1,0,28,26
MM5bg;TECR180,1,0,28,26
MM5bg;TECR201,1,0,28,26
MM5bg;TECR221,1,0,28,26
MM5bg;UDPGD,1,0,28,26
MM5bg;UDPGLCAter,1,0,28,26
MM5bg;UGT1A2r,1,0,28,26
MM5bg;UPP3S,1,0,28,26
MM5bg;UPPDC1,1,0,28,26
MM5cg;NDP7er,1,0,28,26
MM5cg;PGI,1,0,28,26
MM6B1ag;NDP7er,1,0,28,26
MM6B1ag;TECR180,1,0,28,26
MM6B1ag;TECR201,1,0,28,26
MM6B1ag;TECR221,1,0,28,26
MM6B1bg;NDP7er,3,0,26,26
MM6B1bg;NH4tm,1,0,28,26
MM6B1bg;PHEMEtm,1,0,28,26
MM6B1bg;PPBNGS,1,0,28,26
MM6B1bg;PPPG9tm,1,0,28,26
MM6B1bg;PPPGOm,1,0,28,26
MM6B1bg;UDPGD,1,0,28,26
MM6B1bg;UDPGLCAter,1,0,28,26
MM6B1bg;UGT1A2r,1,0,28,26
MM6B1bg;UPP3S,1,0,28,26
MM6B1bg;UPPDC1,1,0,28,26
MM6B2g;NDP7er,1,0,28,26
MM6B2g;PGI,1,0,28,26
MM6bg;PNTK,0,1,29,25
MM6bg;PNTOt2e,0,1,29,25
MM6bg;PPCDC,0,1,29,25
MM6bg;PPIPItr,0,1,29,25
MM6bg;PPNCL2,0,1,29,25
MM6bg;PTPAT,0,1,29,25
MM7B1g;NDP7er,1,0,28,26
MM7B1g;TECR180,1,0,28,26
MM7B1g;TECR201,1,0,28,26
MM7B1g;TECR221,1,0,28,26
MM7B2g;NDP7er,4,0,25,26
MM7B2g;NH4tm,1,0,28,26
MM7B2g;PGI,1,0,28,26
MM7B2g;PHEMEtm,1,0,28,26
MM7B2g;PPBNGS,1,0,28,26
MM7B2g;PPPG9tm,1,0,28,26
MM7B2g;PPPGOm,1,0,28,26
MM7B2g;UDPGD,1,0,28,26
MM7B2g;UDPGLCAter,1,0,28,26
MM7B2g;UGT1A2r,1,0,28,26
MM7B2g;UPP3S,1,0,28,26
MM7B2g;UPPDC1,1,0,28,26
MM7Cag;PNTK,0,1,29,25
MM7Cag;PNTOt2e,0,1,29,25
MM7Cag;PPCDC,0,1,29,25
MM7Cag;PPIPItr,0,1,29,25
MM7Cag;PPNCL2,0,1,29,25
MM7Cag;PTPAT,0,1,29,25
MM8Ag;PNTK,0,1,29,25
MM8Ag;PNTOt2e,0,1,29,25
MM8Ag;PPCDC,0,1,29,25
MM8Ag;PPIPItr,0,1,29,25
MM8Ag;PPNCL2,0,1,29,25
MM8Ag;PTPAT,0,1,29,25
MM8Ber;NDP7er,5,0,24,26
MM8Ber;NH4tm,1,0,28,26
MM8Ber;PGI,1,0,28,26
MM8Ber;PHEMEtm,1,0,28,26
MM8Ber;PPBNGS,1,0,28,26
MM8Ber;PPPG9tm,1,0,28,26
MM8Ber;PPPGOm,1,0,28,26
MM8Ber;TECR180,1,0,28,26
MM8Ber;TECR201,1,0,28,26
MM8Ber;TECR221,1,0,28,26
MM8Ber;UDPGD,1,0,28,26
MM8Ber;UDPGLCAter,1,0,28,26
MM8Ber;UGT1A2r,1,0,28,26
MM8Ber;UPP3S,1,0,28,26
MM8Ber;UPPDC1,1,0,28,26
MMCDm;PPAm,1,0,28,26
MMCDm;PPItm,1,0,28,26
MMCDm;THRA,1,0,28,26
MMEm;PPAm,1,0,28,26
MMEm;PPItm,1,0,28,26
MMEm;THRA,1,0,28,26
MMMm;PPAm,1,0,28,26
MMMm;PPItm,1,0,28,26
MMMm;THRA,1,0,28,26
MMSAD3m;PPCOAtm,0,1,29,25
MMSAD3m;THR3Dx,1,2,28,24
MTHFC;ARTFR41,0,1,29,25
MTHFC;MTHFCm,0,4,29,22
MTHFC;MTHFDm,0,4,29,22
MTHFC;NADHtru,0,3,29,23
MTHFC;NADtru,0,3,29,23
MTHFC;PMTCOAFABP1tc,0,1,29,25
MTHFC;PMTCOAPTr,0,3,29,23
MTHFC;RTOT4,0,1,29,25
MTHFC;SARCStm,0,3,29,23
MTHFC;SARDHm,0,4,29,22
MTHFCm;MTHFD2,0,4,29,22
MTHFD2;ARTFR41,0,1,29,25
MTHFD2;MTHFDm,0,4,29,22
MTHFD2;NADHtru,0,3,29,23
MTHFD2;NADtru,0,3,29,23
MTHFD2;NH4t3r,0,1,29,25
MTHFD2;PMTCOAFABP1tc,0,1,29,25
MTHFD2;PMTCOAPTr,0,3,29,23
MTHFD2;RTOT4,0,1,29,25
MTHFD2;SARCStm,0,3,29,23
MTHFD2;SARDHm,0,4,29,22
MTHFD2;SERt4,0,1,29,25
MTHFD2;URCN,0,2,29,24
MTHFR3x;THR3Dx,1,0,28,26
NACDe;NADH2_u10m,0,2,29,24
NACDe;O2t,1,0,28,26
NACDe;PGK,1,0,28,26
NACDe;PGL,2,0,27,26
NACDe;PGM,1,0,28,26
NACDe;PHETA1,0,1,29,25
NACDe;PHETA1m,0,1,29,25
NACDe;PHEt4m,0,1,29,25
NACDe;PHPYRtm,0,1,29,25
NACDe;PYK7,1,0,28,26
NACDe;RPE,2,0,27,26
NACDe;SUCCICITtm,1,0,28,26
NACDe;SUCCt4_3,1,0,28,26
NACDe;SUCOAS1m,1,0,28,26
NACDe;TALA,1,0,28,26
NACDe;TKT1,2,0,27,26
NACDe;TKT2,2,0,27,26
NACPRT;NADH2_u10m,0,2,29,24
NACPRT;O2t,1,0,28,26
NACPRT;PGK,1,0,28,26
NACPRT;PGL,2,0,27,26
NACPRT;PGM,1,0,28,26
NACPRT;PHETA1,0,1,29,25
NACPRT;PHETA1m,0,1,29,25
NACPRT;PHEt4m,0,1,29,25
NACPRT;PHPYRtm,0,1,29,25
NACPRT;PYK7,1,0,28,26
NACPRT;RPE,2,0,27,26
NACPRT;SUCCICITtm,1,0,28,26
NACPRT;SUCCt4_3,1,0,28,26
NACPRT;SUCOAS1m,1,0,28,26
NACPRT;TALA,1,0,28,26
NACPRT;TKT1,2,0,27,26
NACPRT;TKT2,2,0,27,26
NADH2_u10m;NCAMDe,0,2,29,24
NADH2_u10m;NMNDA,0,2,29,24
NADH2_u10m;NMNS,0,2,29,24
NADH2_u10m;PFK,0,1,29,25
NADH2_u10m;PGI,2,0,27,26
NADH2_u10m;PGK,0,2,29,24
NADH2_u10m;PGL,2,0,27,26
NADH2_u10m;PGM,0,2,29,24
NADH2_u10m;PIt2m_2,0,1,29,25
NADH2_u10m;PPA,1,0,28,26
NADH2_u10m;PPIPItr,0,1,29,25
NADH2_u10m;PYK7,0,2,29,24
NADH2_u10m;PYRFORte,1,0,28,26
NADH2_u10m;RPE,1,0,28,26
NADH2_u10m;SSALym,1,0,28,26
NADH2_u10m;TALA,3,0,26,26
NADH2_u10m;THR3Dx,0,1,29,25
NADH2_u10m;TKT1,1,0,28,26
NADH2_u10m;TKT2,1,0,28,26
NADH2_u10m;TPI,0,1,29,25
NADH2_u10m;TXA2tr,0,1,29,25
NADH2_u10m;TXB2c,0,1,29,25
NADH2_u10m;TXB2r,0,1,29,25
NADH2_u10m;TXB2tr,0,1,29,25
NADHtpu;ARTFR41,1,0,28,26
NADHtpu;NDP7g,0,1,29,25
NADHtpu;PGL,1,0,28,26
NADHtpu;PGMT,0,1,29,25
NADHtpu;PIt7,1,0,28,26
NADHtpu;PItg,0,1,29,25
NADHtpu;PLMCOAPTr,1,0,28,26
NADHtpu;RTOT4,1,0,28,26
NADHtpu;SUCCICITtm,1,0,28,26
NADHtpu;SUCCt4_3,1,0,28,26
NADHtpu;SUCOAS1m,1,0,28,26
NADHtpu;TTDCPT1,1,0,28,26
NADHtpu;TTDCPT2,1,0,28,26
NADHtpu;TTDCRNt,1,0,28,26
NADHtpu;UDPG4E,0,1,29,25
NADHtpu;UDPGALtg,0,1,29,25
NADHtru;PGLer,2,0,27,26
NADHtru;RPI,1,0,28,26
NADHtru;RU5Ptr,2,0,27,26
NADHtru;SERt4,0,1,29,25
NADHtru;THR3Dx,0,2,29,24
NADHtru;THRA,1,0,28,26
NADHtru;TXA2tr,0,3,29,23
NADHtru;TXB2c,0,3,29,23
NADHtru;TXB2r,0,3,29,23
NADHtru;TXB2tr,0,3,29,23
NADPHtru;PGL,1,0,28,26
NADPHtru;PGLer,8,0,21,26
NADPHtru;PGMT,2,0,27,26
NADPHtru;RU5Ptr,8,0,21,26
NADPHtxu;PIt7,1,0,28,26
NADPHtxu;TALA,2,0,27,26
NADPtru;PGL,1,0,28,26
NADPtru;PGLer,8,0,21,26
NADPtru;PGMT,2,0,27,26
NADPtru;RU5Ptr,8,0,21,26
NADPtxu;PIt7,1,0,28,26
NADPtxu;TALA,2,0,27,26
NADtru;PGLer,2,0,27,26
NADtru;RPI,1,0,28,26
NADtru;RU5Ptr,2,0,27,26
NADtru;SERt4,0,1,29,25
NADtru;THR3Dx,0,2,29,24
NADtru;THRA,1,0,28,26
NADtru;TXA2tr,0,3,29,23
NADtru;TXB2c,0,3,29,23
NADtru;TXB2r,0,3,29,23
NADtru;TXB2tr,0,3,29,23
NADtx;ARTFR41,1,0,28,26
NADtx;NDP7g,0,1,29,25
NADtx;PGL,1,0,28,26
NADtx;PGMT,0,1,29,25
NADtx;PIt7,1,0,28,26
NADtx;PItg,0,1,29,25
NADtx;PLMCOAPTr,1,0,28,26
NADtx;RTOT4,1,0,28,26
NADtx;SUCCICITtm,1,0,28,26
NADtx;SUCCt4_3,1,0,28,26
NADtx;SUCOAS1m,1,0,28,26
NADtx;TTDCPT1,1,0,28,26
NADtx;TTDCPT2,1,0,28,26
NADtx;TTDCRNt,1,0,28,26
NADtx;UDPG4E,0,1,29,25
NADtx;UDPGALtg,0,1,29,25
NAHCO3_HCLt;NKCC2t,0,1,29,25
NAIt;NDP7g,1,0,28,26
NAIt;PAPStg,1,0,28,26
NAIt;PAPtg,1,0,28,26
NAIt;PGMT,1,0,28,26
NAIt;PItg,1,0,28,26
NAIt;PPA,1,0,28,26
NAIt;UDPG4E,1,0,28,26
NAIt;UDPGALtg,1,0,28,26
NAIt;UGALCG,1,0,28,26
NAt3_1;OCOAT1m,1,0,28,26
NAt3_1;OXALSUCCCL,1,0,28,26
NAt3_1;PYRtm,1,0,28,26
NAt5;PPIPItr,0,1,29,25
NCAMDe;O2t,1,0,28,26
NCAMDe;PGK,1,0,28,26
NCAMDe;PGL,2,0,27,26
NCAMDe;PGM,1,0,28,26
NCAMDe;PHETA1,0,1,29,25
NCAMDe;PHETA1m,0,1,29,25
NCAMDe;PHEt4m,0,1,29,25
NCAMDe;PHPYRtm,0,1,29,25
NCAMDe;PYK7,1,0,28,26
NCAMDe;RPE,2,0,27,26
NCAMDe;SUCCICITtm,1,0,28,26
NCAMDe;SUCCt4_3,1,0,28,26
NCAMDe;SUCOAS1m,1,0,28,26
NCAMDe;TALA,1,0,28,26
NCAMDe;TKT1,2,0,27,26
NCAMDe;TKT2,2,0,27,26
NCNt;NH4t3r,2,0,27,26
NDP6;NDPK3,2,3,27,23
NDP6;RNDR4,1,0,28,26
NDP6;URIK2,1,0,28,26
NDP7er;NDP7g,4,0,25,26
NDP7er;OXALSUCCCL,1,0,28,26
NDP7er;PIMALtm,0,1,29,25
NDP7er;PItg,4,0,25,26
NDP7er;PMANM,4,0,25,26
NDP7er;PPA,1,0,28,26
NDP7er;PPItm,1,0,28,26
NDP7er;PROGLUtm,0,1,29,25
NDP7er;PROtm,0,1,29,25
NDP7er;R5Ptr,0,14,29,12
NDP7er;RPI,2,0,27,26
NDP7er;RPIr,0,14,29,12
NDP7er;RU5Ptr,0,14,29,12
NDP7er;SO4AKGtm,0,1,29,25
NDP7er;SO4MALtm,0,1,29,25
NDP7er;SUCCt4_3,1,0,28,26
NDP7er;SUCOAS1m,0,1,29,25
NDP7er;THR3Dx,0,1,29,25
NDP7er;UAGDP,5,0,24,26
NDP7er;UDPDOLPT,5,0,24,26
NDP7er;UGLCNACtg,4,0,25,26
NDP7g;NH4tm,2,0,27,26
NDP7g;NKCC2t,1,0,28,26
NDP7g;NRVNCCOAtr,0,1,29,25
NDP7g;NRVNCCOAtxc,0,1,29,25
NDP7g;O2tp,0,1,29,25
NDP7g;PA_HSter,1,0,28,26
NDP7g;PCHOLPr_hs,1,0,28,26
NDP7g;PCHOL_HSter,1,0,28,26
NDP7g;PFK,0,1,29,25
NDP7g;PGLer,1,0,28,26
NDP7g;PHEMEtabc,1,0,28,26
NDP7g;PHEMEtm,3,0,26,26
NDP7g;PMTCOAPTr,0,1,29,25
NDP7g;PNTK,0,1,29,25
NDP7g;PNTOt2e,0,1,29,25
NDP7g;PPAPA,1,0,28,26
NDP7g;PPAer,1,0,28,26
NDP7g;PPBNGS,4,0,25,26
NDP7g;PPCDC,0,1,29,25
NDP7g;PPIPItr,0,1,29,25
NDP7g;PPItr,1,0,28,26
NDP7g;PPNCL2,0,1,29,25
NDP7g;PPPG9tm,4,0,25,26
NDP7g;PPPGOm,4,0,25,26
NDP7g;PTPAT,0,1,29,25
NDP7g;R5Ptr,0,14,29,12
NDP7g;RPI,1,0,28,26
NDP7g;RPIr,0,14,29,12
NDP7g;RU5Ptr,1,14,28,12
NDP7g;SADT,1,0,28,26
NDP7g;SE10,0,1,29,25
NDP7g;SO4CLtex2,1,0,28,26
NDP7g;SO4t4_3,0,1,29,25
NDP7g;SOAT6,0,1,29,25
NDP7g;TAURCHAe,1,0,28,26
NDP7g;TECR180,1,1,28,25
NDP7g;TECR201,1,1,28,25
NDP7g;TECR221,1,1,28,25
NDP7g;TECR241,0,1,29,25
NDP7g;THRA,1,0,28,26
NDP7g;THYPX,3,1,26,25
NDP7g;THYRIDHD,2,0,27,26
NDP7g;THYST,2,1,27,25
NDP7g;TRPO2,1,0,28,26
NDP7g;UDPGD,4,0,25,26
NDP7g;UDPGLCAter,4,0,25,26
NDP7g;UGT1A2r,1,0,28,26
NDP7g;UPP3S,4,0,25,26
NDP7g;UPPDC1,4,0,25,26
NDP8;NH4tm,1,0,28,26
NDP8;PIATPLtm,1,0,28,26
NDP8;PPAm,1,0,28,26
NDP8;Q10H2e,1,0,28,26
NDP8;T4HCINNMFM,1,0,28,26
NDP8;TYRTAm,1,0,28,26
NDP8;TYRtl,1,0,28,26
NDP8;URIK2,1,0,28,26
NDP8;URIK4,1,0,28,26
NDP8;q10h2tc,1,0,28,26
NDPK1;PGK,0,1,29,25
NDPK1;PGM,0,1,29,25
NDPK1;PYK6,0,1,29,25
NDPK1n;O2t,0,3,29,23
NDPK2;PYK2,0,1,29,25
NDPK3;NH4t3r,0,1,29,25
NDPK3;R5Ptr,0,1,29,25
NDPK3;RPI,2,0,27,26
NDPK3;RPIr,0,1,29,25
NDPK3;RU5Ptr,0,1,29,25
NDPK3;UPPN,2,3,27,23
NDPK5;PGK,0,1,29,25
NDPK5;PGM,0,1,29,25
NDPK5;PYK5,0,1,29,25
NDPK6;NDPK9,0,2,29,24
NDPK6;URIK3,0,2,29,24
NDPK6;URIK4,0,2,29,24
NDPK7n;O2t,0,5,29,21
NDPK8;PFK,0,1,29,25
NDPK8;PFK2,0,1,29,25
NDPK8;PGK,1,4,28,22
NDPK8;PGM,1,4,28,22
NDPK8;PYK7,1,4,28,22
NDPK8;TPI,0,3,29,23
NH4t3r;NH4tm,1,0,28,26
NH4t3r;NKCCt,1,0,28,26
NH4t3r;NTD10,1,0,28,26
NH4t3r;PFK,0,1,29,25
NH4t3r;PGI,1,1,28,25
NH4t3r;PGK,0,1,29,25
NH4t3r;PGL,1,0,28,26
NH4t3r;PGM,0,1,29,25
NH4t3r;PPM,1,0,28,26
NH4t3r;PUNP7,1,0,28,26
NH4t3r;PYK7,0,1,29,25
NH4t3r;PYRt2r,1,0,28,26
NH4t3r;RPE,1,0,28,26
NH4t3r;TALA,1,0,28,26
NH4t3r;TKT1,1,0,28,26
NH4t3r;TKT2,1,0,28,26
NH4t3r;TPI,0,1,29,25
NH4t3r;URATEt,1,0,28,26
NH4t3r;XAO,1,0,28,26
NH4tm;O2tp,1,0,28,26
NH4tm;OCOAT1m,0,1,29,25
NH4tm;OXALSUCCCL,1,0,28,26
NH4tm;PAPStg,1,0,28,26
NH4tm;PAPtg,1,0,28,26
NH4tm;PGI,1,0,28,26
NH4tm;PGL,1,0,28,26
NH4tm;PHETA1,0,1,29,25
NH4tm;PHETA1m,0,1,29,25
NH4tm;PHEt4m,0,1,29,25
NH4tm;PHPYRtm,0,1,29,25
NH4tm;PIGTHRDLtm,3,0,26,26
NH4tm;PIMALtm,0,1,29,25
NH4tm;PIt2m_2,0,4,29,22
NH4tm;PItg,2,0,27,26
NH4tm;PMANM,1,0,28,26
NH4tm;PMTCOAFABP1tc,1,0,28,26
NH4tm;PPA,1,0,28,26
NH4tm;PPAm,1,0,28,26
NH4tm;PPItm,2,0,27,26
NH4tm;PYRtm,0,2,29,24
NH4tm;RPE,1,0,28,26
NH4tm;R_group_phosphotase_1,1,0,28,26
NH4tm;SADT,1,0,28,26
NH4tm;SGALSIDEtg,1,0,28,26
NH4tm;SGALSIDEtl,1,0,28,26
NH4tm;SO3AKGtm,0,1,29,25
NH4tm;SO3MALtm,0,1,29,25
NH4tm;SO4tl,1,0,28,26
NH4tm;SUCCt4_3,1,0,28,26
NH4tm;SUCOAS1m,0,1,29,25
NH4tm;TALA,1,0,28,26
NH4tm;THR3Dx,0,2,29,24
NH4tm;TKT1,1,0,28,26
NH4tm;TKT2,1,0,28,26
NH4tm;TYROX,2,0,27,26
NH4tm;TYRTA,2,0,27,26
NH4tm;UAGDP,2,0,27,26
NH4tm;UDPDOLPT,1,0,28,26
NH4tm;UDPG4E,1,0,28,26
NH4tm;UDPGALtg,1,0,28,26
NH4tm;UGLCNACtg,2,0,27,26
NH4tm;XYLTD_Dr,1,0,28,26
NH4tm;XYLURx,1,0,28,26
NH4tr;OCOAT1m,0,1,29,25
NH4tr;PPIPItr,0,4,29,22
NH4tr;PYRtm,0,1,29,25
NH4tr;THR3Dx,0,1,29,25
NKCC2t;O2t,1,0,28,26
NKCC2t;PAPStg,1,0,28,26
NKCC2t;PAPtg,1,0,28,26
NKCC2t;PGI,1,0,28,26
NKCC2t;PGMT,1,0,28,26
NKCC2t;PItg,1,0,28,26
NKCC2t;RPE,1,0,28,26
NKCC2t;SADT,2,1,27,25
NKCC2t;SO4CLtex,2,0,27,26
NKCC2t;SO4CLtex2,0,1,29,25
NKCC2t;TALA,1,0,28,26
NKCC2t;TAURCHAe,0,1,29,25
NKCC2t;THYPX,0,1,29,25
NKCC2t;TKT1,1,0,28,26
NKCC2t;TKT2,1,0,28,26
NKCC2t;UDPG4E,1,0,28,26
NKCC2t;UDPGALtg,1,0,28,26
NKCC2t;UGALCG,1,0,28,26
NMNDA;O2t,1,0,28,26
NMNDA;PGK,1,0,28,26
NMNDA;PGL,2,0,27,26
NMNDA;PGM,1,0,28,26
NMNDA;PHETA1,0,1,29,25
NMNDA;PHETA1m,0,1,29,25
NMNDA;PHEt4m,0,1,29,25
NMNDA;PHPYRtm,0,1,29,25
NMNDA;PYK7,1,0,28,26
NMNDA;RPE,2,0,27,26
NMNDA;SUCCICITtm,1,0,28,26
NMNDA;SUCCt4_3,1,0,28,26
NMNDA;SUCOAS1m,1,0,28,26
NMNDA;TALA,1,0,28,26
NMNDA;TKT1,2,0,27,26
NMNDA;TKT2,2,0,27,26
NMNS;O2t,1,0,28,26
NMNS;PGK,1,0,28,26
NMNS;PGL,2,0,27,26
NMNS;PGM,1,0,28,26
NMNS;PHETA1,0,1,29,25
NMNS;PHETA1m,0,1,29,25
NMNS;PHEt4m,0,1,29,25
NMNS;PHPYRtm,0,1,29,25
NMNS;PYK7,1,0,28,26
NMNS;RPE,2,0,27,26
NMNS;SUCCICITtm,1,0,28,26
NMNS;SUCCt4_3,1,0,28,26
NMNS;SUCOAS1m,1,0,28,26
NMNS;TALA,1,0,28,26
NMNS;TKT1,2,0,27,26
NMNS;TKT2,2,0,27,26
NM_4;THR3Dx,0,1,29,25
NORANMT;AKGtn,2,0,27,26
NORANMT;CO2tn,2,0,27,26
NORANMT;FALDtn,2,0,27,26
NORANMT;O2tn,2,0,27,26
NQO2;PFK2,0,1,29,25
NQO2;PGK,0,2,29,24
NQO2;PGM,0,2,29,24
NQO2;PYK7,0,1,29,25
NQO2;TPI,0,2,29,24
NRVNCCOAtr;ARTFR41,1,0,28,26
NRVNCCOAtr;OXALSUCCCL,1,0,28,26
NRVNCCOAtr;PGL,1,0,28,26
NRVNCCOAtr;PGMT,0,1,29,25
NRVNCCOAtr;PItg,0,1,29,25
NRVNCCOAtr;PLMCOAPTr,1,0,28,26
NRVNCCOAtr;RTOT4,1,0,28,26
NRVNCCOAtr;SUCCICITtm,1,0,28,26
NRVNCCOAtr;SUCCt4_3,1,0,28,26
NRVNCCOAtr;SUCOAS1m,1,0,28,26
NRVNCCOAtr;TRDR,1,1,28,25
NRVNCCOAtr;TTDCPT1,1,0,28,26
NRVNCCOAtr;TTDCPT2,1,0,28,26
NRVNCCOAtr;TTDCRNt,1,0,28,26
NRVNCCOAtr;UDPG4E,0,1,29,25
NRVNCCOAtr;UDPGALtg,0,1,29,25
NRVNCCOAtxc;ARTFR41,1,0,28,26
NRVNCCOAtxc;OXALSUCCCL,1,0,28,26
NRVNCCOAtxc;PGL,1,0,28,26
NRVNCCOAtxc;PGMT,0,1,29,25
NRVNCCOAtxc;PItg,0,1,29,25
NRVNCCOAtxc;PLMCOAPTr,1,0,28,26
NRVNCCOAtxc;RTOT4,1,0,28,26
NRVNCCOAtxc;SUCCICITtm,1,0,28,26
NRVNCCOAtxc;SUCCt4_3,1,0,28,26
NRVNCCOAtxc;SUCOAS1m,1,0,28,26
NRVNCCOAtxc;TRDR,1,1,28,25
NRVNCCOAtxc;TTDCPT1,1,0,28,26
NRVNCCOAtxc;TTDCPT2,1,0,28,26
NRVNCCOAtxc;TTDCRNt,1,0,28,26
NRVNCCOAtxc;UDPG4E,0,1,29,25
NRVNCCOAtxc;UDPGALtg,0,1,29,25
NTD10;THDm,1,0,28,26
NTD10;THRtm,1,0,28,26
NTD1;PFK,0,1,29,25
NTD1;PFK2,0,1,29,25
NTD1;THRA,1,1,28,25
NTD3;RNDR4,1,0,28,26
NTD3;URIK2,1,0,28,26
NaKt;NCKt,1,0,28,26
NaKt;NCNt,1,0,28,26
NaKt;NKCCt,1,0,28,26
O2St;O2t,8,16,21,10
O2St;O2tn,1,0,28,26
O2St;PIPLC,0,2,29,24
O2St;TYROX,1,0,28,26
O2St;TYRTA,1,0,28,26
O2Stn;O2t,8,16,21,10
O2Stn;O2tn,1,0,28,26
O2Stn;PIPLC,0,2,29,24
O2Stn;TYROX,1,0,28,26
O2Stn;TYRTA,1,0,28,26
O2t;ADPtn,3,7,26,19
O2t;O2tn,5,15,24,11
O2t;PFK,1,1,28,25
O2t;PFK2,0,1,29,25
O2t;PGI,1,0,28,26
O2t;PGK,0,3,29,23
O2t;PGL,2,0,27,26
O2t;PGM,0,3,29,23
O2t;PItn,7,7,22,19
O2t;PMI12346PHn,7,7,22,19
O2t;PPMI12346Ptn,4,7,25,19
O2t;PYK7,0,2,29,24
O2t;RPE,1,0,28,26
O2t;SBTR,5,0,24,26
O2t;SBT_Dtde,5,0,24,26
O2t;SPODMn,8,16,21,10
O2t;TALA,1,0,28,26
O2t;THFt2,0,2,29,24
O2t;TKT1,1,0,28,26
O2t;TKT2,1,0,28,26
O2t;TPI,0,2,29,24
O2t;TXA2tr,0,3,29,23
O2t;TXB2c,0,3,29,23
O2t;TXB2r,0,3,29,23
O2t;TXB2tr,0,3,29,23
O2tn;OAADC,1,0,28,26
O2tn;PItn,1,0,28,26
O2tn;PMI12346PHn,1,0,28,26
O2tn;PPMI12346Ptn,1,0,28,26
O2tn;PSDm_hs,3,0,26,26
O2tn;PSFLIPm,3,0,26,26
O2tn;SPODMn,1,0,28,26
O2tn;SUCCACONtm,1,0,28,26
O2tn;SUCCt4_3,1,0,28,26
O2tn;THBPT4ACAMDASE,1,0,28,26
O2tn;TYR3MO2,1,0,28,26
O2tn;TYRDOPO,1,0,28,26
O2tn;TYROX,1,0,28,26
O2tn;TYRTA,1,0,28,26
O2tp;ARTFR41,1,0,28,26
O2tp;ARTFR52,2,0,27,26
O2tp;OXALSUCCCL,1,0,28,26
O2tp;PFK,0,2,29,24
O2tp;PGI,0,1,29,25
O2tp;PGL,1,0,28,26
O2tp;PGMT,0,1,29,25
O2tp;PItg,0,1,29,25
O2tp;PLMCOAPTr,1,0,28,26
O2tp;RTOT4,1,0,28,26
O2tp;RTOT5,2,0,27,26
O2tp;SUCCICITtm,1,0,28,26
O2tp;SUCCt4_3,1,0,28,26
O2tp;SUCOAS1m,1,0,28,26
O2tp;TECR180,2,0,27,26
O2tp;TECR200,2,0,27,26
O2tp;TECR220,2,0,27,26
O2tp;TECR240,2,0,27,26
O2tp;TECR260,2,0,27,26
O2tp;THBPT4ACAMDASE,0,1,29,25
O2tp;TRDR,0,1,29,25
O2tp;TTDCPT1,1,0,28,26
O2tp;TTDCPT2,1,0,28,26
O2tp;TTDCRNt,1,0,28,26
O2tp;TXA2tr,0,2,29,24
O2tp;TXB2c,0,2,29,24
O2tp;TXB2r,0,2,29,24
O2tp;TXB2tr,0,2,29,24
O2tp;TYR3MO2,0,1,29,25
O2tp;UDPG4E,0,1,29,25
O2tp;UDPGALtg,0,1,29,25
OAADC;OBDHc,1,0,28,26
OAADC;OCOAT1m,2,0,27,26
OAADC;OXALSUCCCL,2,0,27,26
OAADC;PYRtm,1,0,28,26
OAADC;THRA,1,0,28,26
OBDHc;OCOAT1m,0,2,29,24
OBDHc;OXALSUCCCL,1,0,28,26
OBDHc;PPCOAtm,0,1,29,25
OBDHc;PYRtm,0,2,29,24
OBDHc;SFGTH,0,1,29,25
OBDHc;SUCOAS1m,0,1,29,25
OBDHc;THR3Dx,0,4,29,22
OCDE9ECOAtr;OCDEAFABP1tc,1,0,28,26
OCDE9ECOAtr;SE4,1,0,28,26
OCDE9ECOAtr;SOAT3,1,0,28,26
OCOAT1m;ACITLn,2,2,27,24
OCOAT1m;ADPtn,2,2,27,24
OCOAT1m;CITtn,2,2,27,24
OCOAT1m;OAAtn,2,2,27,24
OCOAT1m;OXALSUCCCLm,0,3,29,23
OCOAT1m;PIGTHRDLtm,0,1,29,25
OCOAT1m;PItn,2,2,27,24
OCOAT1m;PPA,1,0,28,26
OCOAT1m;PPItm,1,0,28,26
OCOAT1m;PPM2,1,0,28,26
OCOAT1m;PROGLUtm,0,1,29,25
OCOAT1m;PROtm,0,1,29,25
OCOAT1m;SERCYSNaEx,0,1,29,25
OCOAT1m;THRA,0,1,29,25
OCTD11ECOAtr;ARTFR52,0,1,29,25
OCTD11ECOAtr;RTOT5,0,1,29,25
OCTD11ECOAtr;TECR180,4,1,25,25
OCTD11ECOAtr;TECR200,0,1,29,25
OCTD11ECOAtr;TECR220,0,1,29,25
OCTD11ECOAtr;TECR240,0,1,29,25
OCTD11ECOAtr;TECR260,0,1,29,25
OXALSUCCCL;ACITLn,1,0,28,26
OXALSUCCCL;ADPtn,1,0,28,26
OXALSUCCCL;ARTFR56,1,0,28,26
OXALSUCCCL;CITtn,1,0,28,26
OXALSUCCCL;OAAtn,1,0,28,26
OXALSUCCCL;OXALSUCCCLm,4,0,25,26
OXALSUCCCL;OXALSUCCCLp,1,0,28,26
OXALSUCCCL;PHEMEtm,1,0,28,26
OXALSUCCCL;PItn,1,0,28,26
OXALSUCCCL;PLA2,1,0,28,26
OXALSUCCCL;PMTCOAFABP1tc,1,0,28,26
OXALSUCCCL;PPBNGS,1,0,28,26
OXALSUCCCL;PPPG9tm,1,0,28,26
OXALSUCCCL;PPPGOm,1,0,28,26
OXALSUCCCL;PRISTANALtx,1,0,28,26
OXALSUCCCL;PRISTCOAtcx,1,0,28,26
OXALSUCCCL;PYRt2r,1,0,28,26
OXALSUCCCL;RTOT5,1,0,28,26
OXALSUCCCL;R_group_phosphotase_1,1,0,28,26
OXALSUCCCL;Rtotalcoatx,1,0,28,26
OXALSUCCCL;Rtotaltp,1,0,28,26
OXALSUCCCL;TECR180,1,0,28,26
OXALSUCCCL;TECR201,1,0,28,26
OXALSUCCCL;TECR221,1,0,28,26
OXALSUCCCL;TECR224,1,0,28,26
OXALSUCCCL;TECR241,1,0,28,26
OXALSUCCCL;TECR244,1,0,28,26
OXALSUCCCL;TTCTECOAtr,1,0,28,26
OXALSUCCCL;TYROX,1,0,28,26
OXALSUCCCL;TYRTA,1,0,28,26
OXALSUCCCL;UDPGD,1,0,28,26
OXALSUCCCL;UDPGLCAter,1,0,28,26
OXALSUCCCL;UGT1A2r,1,0,28,26
OXALSUCCCL;UPP3S,1,0,28,26
OXALSUCCCL;UPPDC1,1,0,28,26
OXALSUCCCLm;PIMALtm,0,1,29,25
OXALSUCCCLm;PPA,1,0,28,26
OXALSUCCCLm;PYRt2r,1,0,28,26
OXALSUCCCLm;PYRtm,0,3,29,23
OXALSUCCCLm;SFGTH,0,1,29,25
OXALSUCCCLm;SO3AKGtm,0,1,29,25
OXALSUCCCLm;SO3MALtm,0,1,29,25
OXALSUCCCLm;SUCOAS1m,0,2,29,24
OXALSUCCCLm;THFtm,0,1,29,25
OXALSUCCCLm;THR3Dx,0,3,29,23
OXALSUCCCLm;THRA,1,0,28,26
OXAtp;PFK,0,2,29,24
OXAtp;PGI,0,1,29,25
P45011A1m;ARTFR52,1,0,28,26
P45011A1m;PPAm,1,0,28,26
P45011A1m;RPI,1,0,28,26
P45011A1m;RTOT5,1,0,28,26
P45011A1m;SSALym,1,0,28,26
P45011A1m;TECR200,1,0,28,26
P45011A1m;TECR220,1,0,28,26
P45011A1m;TECR240,1,0,28,26
P45011A1m;TECR260,1,0,28,26
P4504F121r;PGL,1,0,28,26
PAIL4P_HStn;PIPLC,0,2,29,24
PAIL_HStn;PIPLC,0,2,29,24
PALFATPtc;ARTFR13,1,0,28,26
PALFATPtc;ARTPLM1,1,0,28,26
PALFATPtc;PMTCOAFABP1tc,1,0,28,26
PALFATPtc;RTOT1,1,0,28,26
PAPStg;PFK,0,1,29,25
PAPStg;SO4t4_3,0,1,29,25
PAPStg;TAURCHAe,1,0,28,26
PAPStg;THYPX,3,1,26,25
PAPStg;THYRIDHD,2,0,27,26
PAPStg;THYST,2,1,27,25
PAPtg;PFK,0,1,29,25
PAPtg;SO4t4_3,0,1,29,25
PAPtg;TAURCHAe,1,0,28,26
PAPtg;THYPX,3,1,26,25
PAPtg;THYRIDHD,2,0,27,26
PAPtg;THYST,2,1,27,25
PA_HSter;PGLer,1,0,28,26
PA_HSter;PItg,1,0,28,26
PA_HSter;RU5Ptr,1,0,28,26
PA_HSter;UAGDP,1,0,28,26
PA_HSter;UDPGD,1,0,28,26
PA_HSter;UGLCNACtg,1,0,28,26
PCFLOPm;PGL,1,0,28,26
PCFLOPm;PIt2m_2,0,1,29,25
PCFLOPm;PSSA1_hs,0,1,29,25
PCFLOPm;PSSA2_hs,0,1,29,25
PCFLOPm;TALA,1,0,28,26
PCFLOPm;THR3Dx,1,0,28,26
PCHOLPr_hs;PGLer,1,0,28,26
PCHOLPr_hs;PItg,1,0,28,26
PCHOLPr_hs;RU5Ptr,1,0,28,26
PCHOLPr_hs;UAGDP,1,0,28,26
PCHOLPr_hs;UDPGD,1,0,28,26
PCHOLPr_hs;UGLCNACtg,1,0,28,26
PCHOL_HSter;PGLer,1,0,28,26
PCHOL_HSter;PItg,1,0,28,26
PCHOL_HSter;RU5Ptr,1,0,28,26
PCHOL_HSter;UAGDP,1,0,28,26
PCHOL_HSter;UDPGD,1,0,28,26
PCHOL_HSter;UGLCNACtg,1,0,28,26
PCOREM3terg;R5Ptr,0,14,29,12
PCOREM3terg;RPI,2,0,27,26
PCOREM3terg;RPIr,0,14,29,12
PCOREM3terg;RU5Ptr,0,14,29,12
PCRNtm;THR3Dx,0,2,29,24
PCm;TXA2tr,0,1,29,25
PCm;TXB2c,0,1,29,25
PCm;TXB2r,0,1,29,25
PCm;TXB2tr,0,1,29,25
PEMET1;PETHCT,0,1,29,25
PEMET1;PGL,1,0,28,26
PEMET1;PSDm_hs,8,3,21,23
PEMET1;PSFLIPm,8,3,21,23
PEMET1;PSSA2_hs,0,1,29,25
PEMET1;TALA,1,0,28,26
PEMET2;PETHCT,0,1,29,25
PEMET2;PGL,1,0,28,26
PEMET2;PSDm_hs,8,3,21,23
PEMET2;PSFLIPm,8,3,21,23
PEMET2;PSSA2_hs,0,1,29,25
PEMET2;TALA,1,0,28,26
PETHCT;PSDm_hs,0,1,29,25
PETHCT;PSFLIPm,0,1,29,25
PETHCT;PSSA1_hs,0,1,29,25
PETOHMm_hs;PGL,1,0,28,26
PETOHMm_hs;PIt2m_2,0,1,29,25
PETOHMm_hs;PSSA1_hs,0,1,29,25
PETOHMm_hs;PSSA2_hs,0,1,29,25
PETOHMm_hs;TALA,1,0,28,26
PETOHMm_hs;THR3Dx,1,0,28,26
PE_HStm;PEMET1,8,3,21,23
PE_HStm;PEMET2,8,3,21,23
PE_HStm;PETHCT,0,1,29,25
PE_HStm;PGL,1,0,28,26
PE_HStm;PSSA2_hs,8,0,21,26
PE_HStm;R_group_phosphotase_1,0,1,29,25
PFK2;PIMALtm,0,1,29,25
PFK2;PPM2,0,1,29,25
PFK2;PYNP2r,0,1,29,25
PFK2;PYRAKGte,0,1,29,25
PFK2;SO4AKGtm,0,1,29,25
PFK2;SO4MALtm,0,1,29,25
PFK2;TPI,0,1,29,25
PFK2;TRPO2,0,1,29,25
PFK2;q10h2tc,0,1,29,25
PFK2;q10tm,0,1,29,25
PFK;PFK_3,9,0,20,26
PFK;PGI,10,0,19,26
PFK;PGL,6,0,23,26
PFK;PGMT,0,1,29,25
PFK;PItg,0,1,29,25
PFK;PPM2,0,1,29,25
PFK;PYNP2r,0,1,29,25
PFK;R5Ptr,0,1,29,25
PFK;RPE,9,0,20,26
PFK;RPIr,0,1,29,25
PFK;RU5Ptr,0,1,29,25
PFK;SADT,0,1,29,25
PFK;SO4OXAtex2,0,1,29,25
PFK;THFtm,0,1,29,25
PFK;TKT1,9,0,20,26
PFK;TKT2,9,0,20,26
PFK;TPI,0,2,29,24
PFK;TRPO2,0,1,29,25
PFK;UDPG4E,0,1,29,25
PFK;UDPGALtg,0,1,29,25
PFK;XYLTD_Dr,0,2,29,24
PFK;XYLURx,0,2,29,24
PFK_3;PGI,9,0,20,26
PFK_3;PPA,3,0,26,26
PFK_3;PPAm,1,0,28,26
PFK_3;Pit4,1,0,28,26
PFK_3;TRDR,1,0,28,26
PGI;DNAdeg,1,0,28,26
PGI;PGL,6,1,23,25
PGI;PIGTHRDLtm,1,0,28,26
PGI;PIt2m_2,1,0,28,26
PGI;PIt7,1,0,28,26
PGI;PMANM,1,0,28,26
PGI;PPItm,2,0,27,26
PGI;PPM2,1,0,28,26
PGI;RPE,13,0,16,26
PGI;RPI,1,0,28,26
PGI;SSALym,1,0,28,26
PGI;SUCCACONtm,1,0,28,26
PGI;SUCCt4_2,1,0,28,26
PGI;TALA,1,0,28,26
PGI;TKT1,13,0,16,26
PGI;TKT2,13,0,16,26
PGI;UAGDP,1,0,28,26
PGI;UDPDOLPT,1,0,28,26
PGI;UGLCNACtg,1,0,28,26
PGI;XYLTD_Dr,0,1,29,25
PGI;XYLURx,0,1,29,25
PGK;PIMALtm,0,1,29,25
PGK;PIt2m_2,0,2,29,24
PGK;PYRAKGte,0,1,29,25
PGK;RPE,1,0,28,26
PGK;SBTD_D2,1,0,28,26
PGK;SBTR,1,0,28,26
PGK;SO4AKGtm,0,1,29,25
PGK;SO4MALtm,0,1,29,25
PGK;TALA,1,0,28,26
PGK;THFtm,0,1,29,25
PGK;THR3Dx,0,1,29,25
PGK;THRA,1,0,28,26
PGK;TKT1,1,0,28,26
PGK;TKT2,1,0,28,26
PGK;TRPO2,0,2,29,24
PGK;q10h2tc,0,2,29,24
PGK;q10tm,0,2,29,24
PGL;DNAdeg,1,0,28,26
PGL;PGLer,3,0,26,26
PGL;PHETA1,1,0,28,26
PGL;PIGTHRDLtm,1,0,28,26
PGL;PIt7,1,0,28,26
PGL;PMTCOAFABP1tc,2,0,27,26
PGL;PPItm,2,0,27,26
PGL;PPOR,1,0,28,26
PGL;PSSA2_hs,1,0,28,26
PGL;RPE,0,1,29,25
PGL;RU5Ptr,3,0,26,26
PGL;SSALym,1,0,28,26
PGL;SUCCACONtm,1,0,28,26
PGL;SUCCt4_2,1,0,28,26
PGL;TALA,0,1,29,25
PGL;TECR180,2,0,27,26
PGL;TECR201,2,0,27,26
PGL;TECR221,2,0,27,26
PGL;TECR241,1,0,28,26
PGL;TKT1,0,1,29,25
PGL;TKT2,0,1,29,25
PGL;TYROX,1,0,28,26
PGL;TYRTA,1,0,28,26
PGL;WHARACHDt5e,1,0,28,26
PGL;WHARACHDtr,1,0,28,26
PGLYCH;PIATPLtm,0,1,29,25
PGLYCH;PPItm,0,1,29,25
PGLYCH;Q10H2e,0,1,29,25
PGLYCH;T4HCINNMFM,0,1,29,25
PGLYCH;TYRTAm,0,1,29,25
PGLYCH;TYRtl,0,1,29,25
PGLYCH;q10h2tc,0,1,29,25
PGLer;PGMT,1,0,28,26
PGLer;PItg,1,0,28,26
PGLer;PMANM,1,0,28,26
PGLer;PPAPA,1,0,28,26
PGLer;PPIPItr,1,0,28,26
PGLer;PPItr,2,0,27,26
PGLer;RPE,1,0,28,26
PGLer;TALA,1,0,28,26
PGLer;TKT1,1,0,28,26
PGLer;TKT2,1,0,28,26
PGLer;UAGDP,1,0,28,26
PGLer;UGLCNACtg,1,0,28,26
PGM;PIMALtm,0,1,29,25
PGM;PIt2m_2,0,2,29,24
PGM;PYRAKGte,0,1,29,25
PGM;RPE,1,0,28,26
PGM;SBTD_D2,1,0,28,26
PGM;SBTR,1,0,28,26
PGM;SO4AKGtm,0,1,29,25
PGM;SO4MALtm,0,1,29,25
PGM;TALA,1,0,28,26
PGM;THFtm,0,1,29,25
PGM;THR3Dx,0,1,29,25
PGM;THRA,1,0,28,26
PGM;TKT1,1,0,28,26
PGM;TKT2,1,0,28,26
PGM;TRPO2,0,2,29,24
PGM;q10h2tc,0,2,29,24
PGM;q10tm,0,2,29,24
PGMT;PIMALtm,0,1,29,25
PGMT;PMTCOAPTr,0,1,29,25
PGMT;PNTK,0,1,29,25
PGMT;PNTOt2e,0,1,29,25
PGMT;PPAer,5,0,24,26
PGMT;PPCDC,0,1,29,25
PGMT;PPIPItr,2,1,27,25
PGMT;PPItr,3,0,26,26
PGMT;PPNCL2,0,1,29,25
PGMT;PROGLUtm,0,1,29,25
PGMT;PROtm,0,1,29,25
PGMT;PTPAT,0,1,29,25
PGMT;R5Ptr,0,14,29,12
PGMT;RPE,1,0,28,26
PGMT;RPI,1,0,28,26
PGMT;RPIr,0,14,29,12
PGMT;RU5Ptr,1,14,28,12
PGMT;SE10,0,1,29,25
PGMT;SO4AKGtm,0,1,29,25
PGMT;SO4MALtm,0,1,29,25
PGMT;SO4t4_3,0,1,29,25
PGMT;SOAT6,0,1,29,25
PGMT;SUCOAS1m,0,1,29,25
PGMT;TAURCHAe,1,0,28,26
PGMT;TECR180,1,1,28,25
PGMT;TECR201,1,1,28,25
PGMT;TECR221,1,1,28,25
PGMT;TECR241,0,1,29,25
PGMT;THR3Dx,0,1,29,25
PGMT;THYPX,3,1,26,25
PGMT;THYRIDHD,2,0,27,26
PGMT;THYST,2,1,27,25
PGMT;TKT1,1,0,28,26
PGMT;TKT2,1,0,28,26
PGMT;TXA2tr,0,1,29,25
PGMT;TXB2c,0,1,29,25
PGMT;TXB2r,0,1,29,25
PGMT;TXB2tr,0,1,29,25
PGS;TRDR,1,1,28,25
PHEMEtabc;PIMALtm,0,1,29,25
PHEMEtabc;PItg,1,0,28,26
PHEMEtabc;PMANM,1,0,28,26
PHEMEtabc;PPItm,1,0,28,26
PHEMEtabc;PROGLUtm,0,1,29,25
PHEMEtabc;PROtm,0,1,29,25
PHEMEtabc;SO4AKGtm,0,1,29,25
PHEMEtabc;SO4MALtm,0,1,29,25
PHEMEtabc;SUCCt4_3,1,0,28,26
PHEMEtabc;SUCOAS1m,0,1,29,25
PHEMEtabc;THR3Dx,0,1,29,25
PHEMEtabc;UAGDP,1,0,28,26
PHEMEtabc;UGLCNACtg,1,0,28,26
PHEMEtm;PItg,3,0,26,26
PHEMEtm;PMANM,3,0,26,26
PHEMEtm;PPA,1,0,28,26
PHEMEtm;SUCCICITtm,1,0,28,26
PHEMEtm;SUCCt4_3,1,0,28,26
PHEMEtm;UAGDP,4,0,25,26
PHEMEtm;UDPDOLPT,1,0,28,26
PHEMEtm;UGLCNACtg,3,0,26,26
PHETA1;PPItm,1,0,28,26
PHETA1;RPE,1,0,28,26
PHETA1;TALA,1,0,28,26
PHETA1;THFtm,0,1,29,25
PHETA1;TKT1,1,0,28,26
PHETA1;TKT2,1,0,28,26
PHETA1m;THFtm,0,1,29,25
PHEt4m;THFtm,0,1,29,25
PHPYRtm;THFtm,0,1,29,25
PIGTHRDLtm;PIt2m_2,0,1,29,25
PIGTHRDLtm;PPA,1,0,28,26
PIGTHRDLtm;PPAm,1,0,28,26
PIGTHRDLtm;PPItm,2,0,27,26
PIGTHRDLtm;PYRtm,1,1,28,25
PIGTHRDLtm;RPE,1,0,28,26
PIGTHRDLtm;SSALym,1,0,28,26
PIGTHRDLtm;SUCOAS1m,0,1,29,25
PIGTHRDLtm;TALA,1,0,28,26
PIGTHRDLtm;TKT1,1,0,28,26
PIGTHRDLtm;TKT2,1,0,28,26
PIK4;PIPLC,5,0,24,26
PIK4n;PIPLC,0,2,29,24
PIMALtm;PIt2m_2,0,2,29,24
PIMALtm;PPBNGS,0,1,29,25
PIMALtm;PPPG9tm,0,1,29,25
PIMALtm;PPPGOm,0,1,29,25
PIMALtm;PVD3,0,1,29,25
PIMALtm;PYRtm,0,1,29,25
PIMALtm;SSALym,0,1,29,25
PIMALtm;TPI,0,1,29,25
PIMALtm;TRDR,0,1,29,25
PIMALtm;UDPGD,0,1,29,25
PIMALtm;UDPGLCAter,0,1,29,25
PIMALtm;UGT1A2r,0,1,29,25
PIMALtm;UPP3S,0,1,29,25
PIMALtm;UPPDC1,0,1,29,25
PIMALtm;VD3,0,1,29,25
PIPLC;ADPtn,0,2,29,24
PIPLC;PPAPA,1,0,28,26
PIPLC;PPItm,1,0,28,26
PIPLC;SPODMn,0,2,29,24
PIPLC;TALA,1,0,28,26
PIt2m;PPAm,1,0,28,26
PIt2m;PPItm,1,0,28,26
PIt2m_2;PROGLUtm,0,1,29,25
PIt2m_2;PROtm,0,1,29,25
PIt2m_2;PYK7,0,2,29,24
PIt2m_2;RPE,1,0,28,26
PIt2m_2;SO3AKGtm,0,1,29,25
PIt2m_2;SO3MALtm,0,1,29,25
PIt2m_2;SO4AKGtm,0,1,29,25
PIt2m_2;SO4MALtm,0,1,29,25
PIt2m_2;THFtm,0,1,29,25
PIt2m_2;TKT1,1,0,28,26
PIt2m_2;TKT2,1,0,28,26
PIt2m_2;TPI,0,1,29,25
PIt7;PLA2,1,0,28,26
PIt7;PRISTANALtx,1,0,28,26
PIt7;PRISTCOAtcx,1,0,28,26
PIt7;R_group_phosphotase_1,1,0,28,26
PIt7;Rtotalcoatx,1,0,28,26
PIt7;Rtotaltp,1,0,28,26
PIt7;TALA,1,0,28,26
PIt8;R_group_phosphotase_1,1,0,28,26
PIt8;THRA,1,0,28,26
PIt9;PPA,1,0,28,26
PIt9;THRA,1,0,28,26
PIter;R5Ptr,0,1,29,25
PIter;RPIr,0,1,29,25
PIter;RU5Ptr,0,1,29,25
PItg;PMTCOAPTr,0,1,29,25
PItg;PNTK,0,1,29,25
PItg;PNTOt2e,0,1,29,25
PItg;PPAPA,1,0,28,26
PItg;PPAer,1,0,28,26
PItg;PPBNGS,4,0,25,26
PItg;PPCDC,0,1,29,25
PItg;PPIPItr,0,1,29,25
PItg;PPItr,1,0,28,26
PItg;PPNCL2,0,1,29,25
PItg;PPPG9tm,4,0,25,26
PItg;PPPGOm,4,0,25,26
PItg;PTPAT,0,1,29,25
PItg;R5Ptr,0,14,29,12
PItg;RPI,1,0,28,26
PItg;RPIr,0,14,29,12
PItg;RU5Ptr,1,14,28,12
PItg;SADT,1,0,28,26
PItg;SE10,0,1,29,25
PItg;SO4CLtex2,1,0,28,26
PItg;SO4t4_3,0,1,29,25
PItg;SOAT6,0,1,29,25
PItg;TAURCHAe,1,0,28,26
PItg;TECR180,1,1,28,25
PItg;TECR201,1,1,28,25
PItg;TECR221,1,1,28,25
PItg;TECR241,0,1,29,25
PItg;THRA,1,0,28,26
PItg;THYPX,3,1,26,25
PItg;THYRIDHD,2,0,27,26
PItg;THYST,2,1,27,25
PItg;TRPO2,1,0,28,26
PItg;UDPGD,4,0,25,26
PItg;UDPGLCAter,4,0,25,26
PItg;UGT1A2r,1,0,28,26
PItg;UPP3S,4,0,25,26
PItg;UPPDC1,4,0,25,26
PItn;PPA,1,0,28,26
PItn;PPAm,1,0,28,26
PItn;PPItm,1,0,28,26
PItn;PYRtm,1,2,28,24
PItn;SUCOAS1m,0,2,29,24
PItn;THR3Dx,0,1,29,25
PItn;THRA,3,0,26,26
PItn;TXA2tr,0,1,29,25
PItn;TXB2c,0,1,29,25
PItn;TXB2r,0,1,29,25
PItn;TXB2tr,0,1,29,25
PItn;TYROX,1,0,28,26
PItn;TYRTA,1,0,28,26
PLA2;TALA,2,0,27,26
PLMCOAPTr;PPA,1,0,28,26
PLMCOAPTr;SE3,0,1,29,25
PLMCOAPTr;SERt4,0,1,29,25
PLMCOAPTr;SOAT2,0,1,29,25
PLMCOAPTr;TECR180,2,0,27,26
PLMCOAPTr;TECR201,2,0,27,26
PLMCOAPTr;TECR221,2,0,27,26
PLMCOAPTr;TECR241,1,0,28,26
PLMCOAPTr;THR3Dx,2,0,27,26
PLMCOAPTr;TXA2tr,0,4,29,22
PLMCOAPTr;TXB2c,0,4,29,22
PLMCOAPTr;TXB2r,0,4,29,22
PLMCOAPTr;TXB2tr,0,4,29,22
PMANM;PNTK,0,1,29,25
PMANM;PNTOt2e,0,1,29,25
PMANM;PPAer,1,0,28,26
PMANM;PPBNGS,4,0,25,26
PMANM;PPCDC,0,1,29,25
PMANM;PPIPItr,0,1,29,25
PMANM;PPItr,1,0,28,26
PMANM;PPNCL2,0,1,29,25
PMANM;PPPG9tm,4,0,25,26
PMANM;PPPGOm,4,0,25,26
PMANM;PTPAT,0,1,29,25
PMANM;R5Ptr,0,14,29,12
PMANM;RPI,2,0,27,26
PMANM;RPIr,0,14,29,12
PMANM;RU5Ptr,1,14,28,12
PMANM;TECR180,1,0,28,26
PMANM;TECR201,1,0,28,26
PMANM;TECR221,1,0,28,26
PMANM;UDPGD,5,0,24,26
PMANM;UDPGLCAter,4,0,25,26
PMANM;UGT1A2r,1,0,28,26
PMANM;UPP3S,4,0,25,26
PMANM;UPPDC1,4,0,25,26
PMI12346PHn;TYROX,1,0,28,26
PMI12346PHn;TYRTA,1,0,28,26
PMTCOAFABP1tc;ARTPLM1,2,0,27,26
PMTCOAFABP1tc;PNTK,6,3,23,23
PMTCOAFABP1tc;PNTOt1,6,1,23,25
PMTCOAFABP1tc;PNTOte,0,2,29,24
PMTCOAFABP1tc;PPA,1,0,28,26
PMTCOAFABP1tc;PPCDC,6,3,23,23
PMTCOAFABP1tc;PPNCL2,0,3,29,23
PMTCOAFABP1tc;PPNCL3,6,0,23,26
PMTCOAFABP1tc;PROGLUtm,1,0,28,26
PMTCOAFABP1tc;PROtm,1,0,28,26
PMTCOAFABP1tc;PTPAT,6,3,23,23
PMTCOAFABP1tc;SERCYSNaEx,1,0,28,26
PMTCOAFABP1tc;SERt4,1,1,28,25
PMTCOAFABP1tc;THR3Dx,0,1,29,25
PMTCOAFABP1tc;TXA2tr,0,2,29,24
PMTCOAFABP1tc;TXB2c,0,2,29,24
PMTCOAFABP1tc;TXB2r,0,2,29,24
PMTCOAFABP1tc;TXB2tr,0,2,29,24
PMTCOAPTr;PNTK,0,2,29,24
PMTCOAPTr;PNTOt2e,0,1,29,25
PMTCOAPTr;PNTOte,0,1,29,25
PMTCOAPTr;PPCDC,0,2,29,24
PMTCOAPTr;PPNCL2,0,2,29,24
PMTCOAPTr;PTPAT,0,2,29,24
PMTCOAPTr;THR3Dx,0,2,29,24
PMTCOAPTr;TXA2tr,0,2,29,24
PMTCOAPTr;TXB2c,0,2,29,24
PMTCOAPTr;TXB2r,0,2,29,24
PMTCOAPTr;TXB2tr,0,2,29,24
PMTCOAPTr;UDPG4E,0,1,29,25
PMTCOAPTr;UDPGALtg,0,1,29,25
PNTK;ARTFR207,0,1,29,25
PNTK;ARTPLM3,0,1,29,25
PNTK;RTOT_3,0,1,29,25
PNTK;R_group_phosphotase_1,0,1,29,25
PNTK;Rtotaltl,0,1,29,25
PNTK;S26Tg,0,1,29,25
PNTK;S2L2FN2M2MASNt,0,1,29,25
PNTK;S2L2N2M2MASNtly,0,1,29,25
PNTK;SGPL12r,0,1,29,25
PNTK;SIAASEly,0,1,29,25
PNTK;SMPD3l,0,1,29,25
PNTK;SPHINGStl,0,1,29,25
PNTK;SPHK21c,0,1,29,25
PNTK;SPHMYLNtl,0,1,29,25
PNTK;SPHS1Ptr,0,1,29,25
PNTK;TECR180,0,1,29,25
PNTK;TECR200,0,1,29,25
PNTK;UAGDP,0,1,29,25
PNTK;UDPDOLPT,0,1,29,25
PNTK;UDPG4E,0,1,29,25
PNTK;UDPGALtg,0,1,29,25
PNTK;UGLCNACtg,0,1,29,25
PNTOt2e;R_group_phosphotase_1,0,1,29,25
PNTOt2e;Rtotaltl,0,1,29,25
PNTOt2e;S26Tg,0,1,29,25
PNTOt2e;S2L2FN2M2MASNt,0,1,29,25
PNTOt2e;S2L2N2M2MASNtly,0,1,29,25
PNTOt2e;SGPL12r,0,1,29,25
PNTOt2e;SIAASEly,0,1,29,25
PNTOt2e;SMPD3l,0,1,29,25
PNTOt2e;SPHINGStl,0,1,29,25
PNTOt2e;SPHK21c,0,1,29,25
PNTOt2e;SPHMYLNtl,0,1,29,25
PNTOt2e;SPHS1Ptr,0,1,29,25
PNTOt2e;UAGDP,0,1,29,25
PNTOt2e;UDPDOLPT,0,1,29,25
PNTOt2e;UDPG4E,0,1,29,25
PNTOt2e;UDPGALtg,0,1,29,25
PNTOt2e;UGLCNACtg,0,1,29,25
PNTOte;ARTFR207,0,1,29,25
PNTOte;ARTPLM3,0,1,29,25
PNTOte;RTOT_3,0,1,29,25
PNTOte;TECR180,0,1,29,25
PNTOte;TECR200,0,1,29,25
POCDPRBTLT2g;R5Ptr,0,14,29,12
POCDPRBTLT2g;RPI,2,0,27,26
POCDPRBTLT2g;RPIr,0,14,29,12
POCDPRBTLT2g;RU5Ptr,0,14,29,12
POCDPRBTLTg;R5Ptr,0,14,29,12
POCDPRBTLTg;RPI,2,0,27,26
POCDPRBTLTg;RPIr,0,14,29,12
POCDPRBTLTg;RU5Ptr,0,14,29,12
POGLCNACTg;R5Ptr,0,14,29,12
POGLCNACTg;RPI,2,0,27,26
POGLCNACTg;RPIr,0,14,29,12
POGLCNACTg;RU5Ptr,0,14,29,12
POMGNGALNTr;R5Ptr,0,14,29,12
POMGNGALNTr;RPI,2,0,27,26
POMGNGALNTr;RPIr,0,14,29,12
POMGNGALNTr;RU5Ptr,0,14,29,12
POMGNTr;R5Ptr,0,14,29,12
POMGNTr;RPI,2,0,27,26
POMGNTr;RPIr,0,14,29,12
POMGNTr;RU5Ptr,0,14,29,12
POMKr;R5Ptr,0,14,29,12
POMKr;RPI,2,0,27,26
POMKr;RPIr,0,14,29,12
POMKr;RU5Ptr,0,14,29,12
POXYLTg;R5Ptr,0,14,29,12
POXYLTg;RPI,2,0,27,26
POXYLTg;RPIr,0,14,29,12
POXYLTg;RU5Ptr,0,14,29,12
PPA;ACITLn,1,0,28,26
PPA;ADPtn,1,0,28,26
PPA;ARTFR41,1,0,28,26
PPA;CITtn,1,0,28,26
PPA;OAAtn,1,0,28,26
PPA;PPAer,3,0,26,26
PPA;PPAm,3,0,26,26
PPA;PPBNGS,1,0,28,26
PPA;PPIPItr,2,0,27,26
PPA;PPItm,7,0,22,26
PPA;PPItr,2,0,27,26
PPA;PPPG9tm,1,0,28,26
PPA;PPPGOm,1,0,28,26
PPA;PYRtm,1,0,28,26
PPA;RPE,3,0,26,26
PPA;RTOT4,1,0,28,26
PPA;SO4CLtex,1,0,28,26
PPA;SUCOAS1m,1,0,28,26
PPA;TAURCHAe,1,0,28,26
PPA;TECR180,1,0,28,26
PPA;TECR201,1,0,28,26
PPA;TECR221,1,0,28,26
PPA;THR3Dx,1,0,28,26
PPA;THYPX,1,0,28,26
PPA;TKT1,3,0,26,26
PPA;TKT2,3,0,26,26
PPA;TRDR,1,0,28,26
PPA;UDPGD,1,0,28,26
PPA;UDPGLCAter,1,0,28,26
PPA;UGT1A2r,1,0,28,26
PPA;UPP3S,1,0,28,26
PPA;UPPDC1,1,0,28,26
PPAPA;RU5Ptr,1,0,28,26
PPAPA;UAGDP,1,0,28,26
PPAPA;UGLCNACtg,1,0,28,26
PPAer;PPIPItr,1,0,28,26
PPAer;PPItr,6,0,23,26
PPAer;UAGDP,1,0,28,26
PPAer;UGLCNACtg,1,0,28,26
PPAm;ACITLn,1,0,28,26
PPAm;ADPtn,1,0,28,26
PPAm;CITtn,1,0,28,26
PPAm;OAAtn,1,0,28,26
PPAm;PPCOAtm,1,0,28,26
PPAm;PPItm,3,0,26,26
PPAm;PRGNLONEtm,1,0,28,26
PPAm;PRGNLONEtr,1,0,28,26
PPAm;RPE,1,0,28,26
PPAm;TKT1,1,0,28,26
PPAm;TKT2,1,0,28,26
PPBNGS;PPItm,1,0,28,26
PPBNGS;PROGLUtm,0,1,29,25
PPBNGS;PROtm,0,1,29,25
PPBNGS;SO4AKGtm,0,1,29,25
PPBNGS;SO4MALtm,0,1,29,25
PPBNGS;SUCCICITtm,1,0,28,26
PPBNGS;SUCCt4_3,2,0,27,26
PPBNGS;SUCOAS1m,0,1,29,25
PPBNGS;THR3Dx,0,1,29,25
PPBNGS;UAGDP,5,0,24,26
PPBNGS;UDPDOLPT,1,0,28,26
PPBNGS;UGLCNACtg,4,0,25,26
PPCDC;ARTFR207,0,1,29,25
PPCDC;ARTPLM3,0,1,29,25
PPCDC;RTOT_3,0,1,29,25
PPCDC;R_group_phosphotase_1,0,1,29,25
PPCDC;Rtotaltl,0,1,29,25
PPCDC;S26Tg,0,1,29,25
PPCDC;S2L2FN2M2MASNt,0,1,29,25
PPCDC;S2L2N2M2MASNtly,0,1,29,25
PPCDC;SGPL12r,0,1,29,25
PPCDC;SIAASEly,0,1,29,25
PPCDC;SMPD3l,0,1,29,25
PPCDC;SPHINGStl,0,1,29,25
PPCDC;SPHK21c,0,1,29,25
PPCDC;SPHMYLNtl,0,1,29,25
PPCDC;SPHS1Ptr,0,1,29,25
PPCDC;TECR180,0,1,29,25
PPCDC;TECR200,0,1,29,25
PPCDC;UAGDP,0,1,29,25
PPCDC;UDPDOLPT,0,1,29,25
PPCDC;UDPG4E,0,1,29,25
PPCDC;UDPGALtg,0,1,29,25
PPCDC;UGLCNACtg,0,1,29,25
PPCOACRNtm;THR3Dx,0,1,29,25
PPCOAOm;PPCOAtm,0,1,29,25
PPCOAOm;THR3Dx,0,2,29,24
PPCOAtm;PPItm,1,0,28,26
PPCOAtm;PRPNCOAHYDm,0,1,29,25
PPCOAtm;THR3Dx,0,1,29,25
PPCOAtm;THRA,1,0,28,26
PPIPItr;PPItr,1,0,28,26
PPIPItr;RU5Ptr,1,0,28,26
PPIPItr;UAGDP,0,1,29,25
PPIPItr;UDPDOLPT,0,1,29,25
PPIPItr;UGLCNACtg,0,1,29,25
PPItm;ACITLn,1,0,28,26
PPItm;ADPtn,1,0,28,26
PPItm;CITtn,1,0,28,26
PPItm;OAAtn,1,0,28,26
PPItm;PPOR,1,0,28,26
PPItm;PPPG9tm,1,0,28,26
PPItm;PPPGOm,1,0,28,26
PPItm;PYRtm,1,0,28,26
PPItm;RPE,1,0,28,26
PPItm;R_group_phosphotase_1,1,0,28,26
PPItm;SSALym,1,0,28,26
PPItm;SUCCICITtm,1,0,28,26
PPItm;TALA,3,0,26,26
PPItm;TECR180,1,0,28,26
PPItm;THDm,1,0,28,26
PPItm;THR3Dx,0,2,29,24
PPItm;THRtm,1,0,28,26
PPItm;TKT1,1,0,28,26
PPItm;TKT2,1,0,28,26
PPItm;TXA2tr,0,2,29,24
PPItm;TXB2c,0,2,29,24
PPItm;TXB2r,0,2,29,24
PPItm;TXB2tr,0,2,29,24
PPItm;TYROX,1,0,28,26
PPItm;TYRTA,1,0,28,26
PPItm;UDPGD,1,0,28,26
PPItm;UDPGLCAter,1,0,28,26
PPItm;UPP3S,1,0,28,26
PPItm;UPPDC1,1,0,28,26
PPItr;RPI,1,0,28,26
PPItr;RU5Ptr,2,0,27,26
PPItr;UAGDP,1,0,28,26
PPItr;UGLCNACtg,1,0,28,26
PPM2;RPE,1,0,28,26
PPM2;TALA,1,0,28,26
PPM2;THRA,1,1,28,25
PPM2;TKT1,1,0,28,26
PPM2;TKT2,1,0,28,26
PPM2;URIK4,1,0,28,26
PPM;THDm,1,0,28,26
PPM;THRA,1,0,28,26
PPM;THRtm,1,0,28,26
PPMI12346Ptn;TYROX,1,0,28,26
PPMI12346Ptn;TYRTA,1,0,28,26
PPNCL2;ARTFR207,0,1,29,25
PPNCL2;ARTPLM3,0,1,29,25
PPNCL2;RTOT_3,0,1,29,25
PPNCL2;R_group_phosphotase_1,0,1,29,25
PPNCL2;Rtotaltl,0,1,29,25
PPNCL2;S26Tg,0,1,29,25
PPNCL2;S2L2FN2M2MASNt,0,1,29,25
PPNCL2;S2L2N2M2MASNtly,0,1,29,25
PPNCL2;SGPL12r,0,1,29,25
PPNCL2;SIAASEly,0,1,29,25
PPNCL2;SMPD3l,0,1,29,25
PPNCL2;SPHINGStl,0,1,29,25
PPNCL2;SPHK21c,0,1,29,25
PPNCL2;SPHMYLNtl,0,1,29,25
PPNCL2;SPHS1Ptr,0,1,29,25
PPNCL2;TECR180,0,1,29,25
PPNCL2;TECR200,0,1,29,25
PPNCL2;UAGDP,0,1,29,25
PPNCL2;UDPDOLPT,0,1,29,25
PPNCL2;UDPG4E,0,1,29,25
PPNCL2;UDPGALtg,0,1,29,25
PPNCL2;UGLCNACtg,0,1,29,25
PPOR;RPE,1,0,28,26
PPOR;TALA,1,0,28,26
PPOR;TKT1,1,0,28,26
PPOR;TKT2,1,0,28,26
PPPG9tm;PROGLUtm,0,1,29,25
PPPG9tm;PROtm,0,1,29,25
PPPG9tm;SO4AKGtm,0,1,29,25
PPPG9tm;SO4MALtm,0,1,29,25
PPPG9tm;SUCCICITtm,1,0,28,26
PPPG9tm;SUCCt4_3,2,0,27,26
PPPG9tm;SUCOAS1m,0,1,29,25
PPPG9tm;THR3Dx,0,1,29,25
PPPG9tm;UAGDP,5,0,24,26
PPPG9tm;UDPDOLPT,1,0,28,26
PPPG9tm;UGLCNACtg,4,0,25,26
PPPGOm;PROGLUtm,0,1,29,25
PPPGOm;PROtm,0,1,29,25
PPPGOm;SO4AKGtm,0,1,29,25
PPPGOm;SO4MALtm,0,1,29,25
PPPGOm;SUCCICITtm,1,0,28,26
PPPGOm;SUCCt4_3,2,0,27,26
PPPGOm;SUCOAS1m,0,1,29,25
PPPGOm;THR3Dx,0,1,29,25
PPPGOm;UAGDP,5,0,24,26
PPPGOm;UDPDOLPT,1,0,28,26
PPPGOm;UGLCNACtg,4,0,25,26
PRGNLONEtm;ARTFR52,1,0,28,26
PRGNLONEtm;RPI,1,0,28,26
PRGNLONEtm;RTOT5,1,0,28,26
PRGNLONEtm;SSALym,1,0,28,26
PRGNLONEtm;TECR200,1,0,28,26
PRGNLONEtm;TECR220,1,0,28,26
PRGNLONEtm;TECR240,1,0,28,26
PRGNLONEtm;TECR260,1,0,28,26
PRGNLONEtr;ARTFR52,1,0,28,26
PRGNLONEtr;RPI,1,0,28,26
PRGNLONEtr;RTOT5,1,0,28,26
PRGNLONEtr;TECR200,1,0,28,26
PRGNLONEtr;TECR220,1,0,28,26
PRGNLONEtr;TECR240,1,0,28,26
PRGNLONEtr;TECR260,1,0,28,26
PRGSTRNt;SSALym,1,0,28,26
PRISTANALtx;TRDR,1,1,28,25
PRISTANALtx;TXA2tr,0,1,29,25
PRISTANALtx;TXB2c,0,1,29,25
PRISTANALtx;TXB2r,0,1,29,25
PRISTANALtx;TXB2tr,0,1,29,25
PRISTtx;TRDR,1,1,28,25
PRISTtx;TXA2tr,0,1,29,25
PRISTtx;TXB2c,0,1,29,25
PRISTtx;TXB2r,0,1,29,25
PRISTtx;TXB2tr,0,1,29,25
PROGLUtm;PYRtm,0,1,29,25
PROGLUtm;SARDHm,1,0,28,26
PROGLUtm;SERTm,1,0,28,26
PROGLUtm;SSALym,0,1,29,25
PROGLUtm;SUCOAS1m,0,1,29,25
PROGLUtm;UDPGD,0,1,29,25
PROGLUtm;UDPGLCAter,0,1,29,25
PROGLUtm;UGT1A2r,0,1,29,25
PROGLUtm;UPP3S,0,1,29,25
PROGLUtm;UPPDC1,0,1,29,25
PROSTGF2t;TRDR,1,1,28,25
PROt2r;PROt4,8,3,21,23
PROtm;PYRtm,0,1,29,25
PROtm;SARDHm,1,0,28,26
PROtm;SERTm,1,0,28,26
PROtm;SSALym,0,1,29,25
PROtm;SUCOAS1m,0,1,29,25
PROtm;UDPGD,0,1,29,25
PROtm;UDPGLCAter,0,1,29,25
PROtm;UGT1A2r,0,1,29,25
PROtm;UPP3S,0,1,29,25
PROtm;UPPDC1,0,1,29,25
PRPNCOAHYDm;THR3Dx,0,2,29,24
PSDm_hs;PSSA1_hs,0,1,29,25
PSDm_hs;PSSA2_hs,8,0,21,26
PSDm_hs;R_group_phosphotase_1,0,1,29,25
PSFLIPm;PSSA1_hs,0,1,29,25
PSFLIPm;PSSA2_hs,8,0,21,26
PSFLIPm;R_group_phosphotase_1,0,1,29,25
PSSA1_hs;PSSA2_hs,0,1,29,25
PSSA2_hs;TALA,1,0,28,26
PTGFS;TRDR,1,1,28,25
PTPAT;ARTFR207,0,1,29,25
PTPAT;ARTPLM3,0,1,29,25
PTPAT;RTOT_3,0,1,29,25
PTPAT;R_group_phosphotase_1,0,1,29,25
PTPAT;Rtotaltl,0,1,29,25
PTPAT;S26Tg,0,1,29,25
PTPAT;S2L2FN2M2MASNt,0,1,29,25
PTPAT;S2L2N2M2MASNtly,0,1,29,25
PTPAT;SGPL12r,0,1,29,25
PTPAT;SIAASEly,0,1,29,25
PTPAT;SMPD3l,0,1,29,25
PTPAT;SPHINGStl,0,1,29,25
PTPAT;SPHK21c,0,1,29,25
PTPAT;SPHMYLNtl,0,1,29,25
PTPAT;SPHS1Ptr,0,1,29,25
PTPAT;TECR180,0,1,29,25
PTPAT;TECR200,0,1,29,25
PTPAT;UAGDP,0,1,29,25
PTPAT;UDPDOLPT,0,1,29,25
PTPAT;UDPG4E,0,1,29,25
PTPAT;UDPGALtg,0,1,29,25
PTPAT;UGLCNACtg,0,1,29,25
PUNP7;THDm,1,0,28,26
PUNP7;THRtm,1,0,28,26
PVD3;SO4AKGtm,0,1,29,25
PVD3;SO4MALtm,0,1,29,25
PYK7;SBTD_D2,1,0,28,26
PYK7;SBTR,1,0,28,26
PYK7;THFtm,0,1,29,25
PYK7;THR3Dx,0,1,29,25
PYK7;THRA,1,0,28,26
PYK7;TRPO2,0,1,29,25
PYK7;q10h2tc,0,1,29,25
PYK7;q10tm,0,1,29,25
PYNP2r;THRA,1,1,28,25
PYRACte;PYRFORte,1,0,28,26
PYRAKGte;PYRt2r,1,1,28,25
PYRAKGte;TPI,0,1,29,25
PYRtm;ACITLn,1,2,28,24
PYRtm;ADPtn,1,2,28,24
PYRtm;CITtn,1,2,28,24
PYRtm;OAAtn,1,2,28,24
PYRtm;SERCYSNaEx,0,1,29,25
PYRtm;SO3AKGtm,0,1,29,25
PYRtm;SO3MALtm,0,1,29,25
PYRtm;SQORm,1,0,28,26
PYRtm;THFtm,0,1,29,25
PYRtm;THR3Dx,0,1,29,25
PYRtm;THRA,0,1,29,25
PYRtm;TSULt4_3,1,0,28,26
Pit4;PPA,1,0,28,26
Pit4;RPE,1,0,28,26
Pit4;TKT1,1,0,28,26
Pit4;TKT2,1,0,28,26
R5Ptr;RBT5PCYTr,0,14,29,12
R5Ptr;RBT5PDH,0,14,29,12
R5Ptr;TPI,0,1,29,25
R5Ptr;UACGAMUMPtr,0,14,29,12
R5Ptr;UAG4E,0,14,29,12
R5Ptr;UAGDP,0,14,29,12
R5Ptr;UDPGD,0,14,29,12
R5Ptr;UDPGLCAtg,0,14,29,12
R5Ptr;UDPGLDCg,0,14,29,12
R5Ptr;UGALNACter,0,14,29,12
R5Ptr;UGLCNACtg,0,14,29,12
RBT5PCYTr;RPI,2,0,27,26
RBT5PCYTr;RPIr,0,14,29,12
RBT5PCYTr;RU5Ptr,0,14,29,12
RBT5PDH;RPI,2,0,27,26
RBT5PDH;RPIr,0,14,29,12
RBT5PDH;RU5Ptr,0,14,29,12
RDH1;SBTR,1,0,28,26
RDH1;SBT_Dtde,1,0,28,26
RNDR4;URIK4,1,0,28,26
RPE;RPI,2,0,27,26
RPE;RU5Ptr,1,0,28,26
RPE;SBTD_D2,1,0,28,26
RPE;SBTR,1,0,28,26
RPE;SSALym,1,0,28,26
RPE;TALA,5,0,24,26
RPE;TRDR,1,0,28,26
RPE;UAGDP,1,0,28,26
RPE;UGLCNACtg,1,0,28,26
RPI;R_group_phosphotase_1,1,0,28,26
RPI;TALA,2,0,27,26
RPI;THDm,1,0,28,26
RPI;THRtm,1,0,28,26
RPI;TKT1,2,0,27,26
RPI;TKT2,2,0,27,26
RPI;UACGAMUMPtr,2,0,27,26
RPI;UAG2EMAi,1,0,28,26
RPI;UAG4E,2,0,27,26
RPI;UAGDP,2,0,27,26
RPI;UDPGD,2,0,27,26
RPI;UDPGLCAtg,2,0,27,26
RPI;UDPGLDCg,2,0,27,26
RPI;UGALNACter,2,0,27,26
RPI;UGALNACtg,1,0,28,26
RPI;UGLCNACtg,2,0,27,26
RPIr;TPI,0,1,29,25
RPIr;UACGAMUMPtr,0,14,29,12
RPIr;UAG4E,0,14,29,12
RPIr;UAGDP,0,14,29,12
RPIr;UDPGD,0,14,29,12
RPIr;UDPGLCAtg,0,14,29,12
RPIr;UDPGLDCg,0,14,29,12
RPIr;UGALNACter,0,14,29,12
RPIr;UGLCNACtg,0,14,29,12
RTOT3;RTOT5,0,1,29,25
RTOT4;RTOT5,4,0,25,26
RTOT_3;RTOT2,0,1,29,25
RU5Ptr;TALA,1,0,28,26
RU5Ptr;TKT1,1,0,28,26
RU5Ptr;TKT2,1,0,28,26
RU5Ptr;TPI,0,1,29,25
RU5Ptr;UACGAMUMPtr,0,14,29,12
RU5Ptr;UAG4E,0,14,29,12
RU5Ptr;UAGDP,1,14,28,12
RU5Ptr;UDPGD,0,14,29,12
RU5Ptr;UDPGLCAtg,0,14,29,12
RU5Ptr;UDPGLDCg,0,14,29,12
RU5Ptr;UGALNACter,0,14,29,12
RU5Ptr;UGLCNACtg,1,14,28,12
Rtotalcoatx;TALA,2,0,27,26
Rtotaltp;TALA,2,0,27,26
S23T4g;THYPX,0,1,29,25
S23T4g;THYST,0,1,29,25
S6T16g;THYPX,0,1,29,25
S6T16g;THYST,0,1,29,25
S6T17g;THYPX,0,1,29,25
S6T17g;THYST,0,1,29,25
S6T18g;THYPX,0,1,29,25
S6T18g;THYST,0,1,29,25
SADT;SO4t4_3,0,2,29,24
SADT;UAGDP,1,0,28,26
SARCOXp;ARTFR52,2,0,27,26
SARCOXp;RTOT5,2,0,27,26
SARCOXp;TECR180,2,0,27,26
SARCOXp;TECR200,2,0,27,26
SARCOXp;TECR220,2,0,27,26
SARCOXp;TECR240,2,0,27,26
SARCOXp;TECR260,2,0,27,26
SARCStm;ARTFR52,2,0,27,26
SARCStm;RTOT5,2,0,27,26
SARCStm;SERt4,0,1,29,25
SARCStm;TECR180,2,0,27,26
SARCStm;TECR200,2,0,27,26
SARCStm;TECR220,2,0,27,26
SARCStm;TECR240,2,0,27,26
SARCStm;TECR260,2,0,27,26
SARCStm;TXA2tr,0,1,29,25
SARCStm;TXB2c,0,1,29,25
SARCStm;TXB2r,0,1,29,25
SARCStm;TXB2tr,0,1,29,25
SARCStp;ARTFR52,2,0,27,26
SARCStp;RTOT5,2,0,27,26
SARCStp;TECR180,2,0,27,26
SARCStp;TECR200,2,0,27,26
SARCStp;TECR220,2,0,27,26
SARCStp;TECR240,2,0,27,26
SARCStp;TECR260,2,0,27,26
SARDHm;ARTFR52,1,0,28,26
SARDHm;RTOT5,1,0,28,26
SARDHm;SERCYSNaEx,1,0,28,26
SARDHm;SERt4,2,2,27,24
SARDHm;TECR180,1,0,28,26
SARDHm;TECR200,1,0,28,26
SARDHm;TECR220,1,0,28,26
SARDHm;TECR240,1,0,28,26
SARDHm;TECR260,1,0,28,26
SARDHm;TXA2tr,0,1,29,25
SARDHm;TXB2c,0,1,29,25
SARDHm;TXB2r,0,1,29,25
SARDHm;TXB2tr,0,1,29,25
SBTD_D2;TKT1,1,0,28,26
SBTD_D2;TKT2,1,0,28,26
SBTR;TKT1,1,0,28,26
SBTR;TKT2,1,0,28,26
SE10;SE3,0,1,29,25
SE10;SOAT2,0,1,29,25
SE10;TRDR,0,1,29,25
SE10;UDPG4E,0,1,29,25
SE10;UDPGALtg,0,1,29,25
SE3;SOAT6,0,1,29,25
SE3;TECR180,0,1,29,25
SE3;TECR201,0,1,29,25
SE3;TECR221,0,1,29,25
SE3;THR3Dx,0,1,29,25
SERALANaEx;SERt4,0,2,29,24
SERATB0tc;SERt4,0,1,29,25
SERCYSNaEx;SERTm,1,0,28,26
SERCYSNaEx;SERt4,6,2,23,24
SERCYSNaEx;THR3Dx,0,1,29,25
SERTm;ARTFR52,1,0,28,26
SERTm;RTOT5,1,0,28,26
SERTm;TECR180,1,0,28,26
SERTm;TECR200,1,0,28,26
SERTm;TECR220,1,0,28,26
SERTm;TECR240,1,0,28,26
SERTm;TECR260,1,0,28,26
SERTm;TXA2tr,0,1,29,25
SERTm;TXB2c,0,1,29,25
SERTm;TXB2r,0,1,29,25
SERTm;TXB2tr,0,1,29,25
SERt4;ARTFR41,0,1,29,25
SERt4;RTOT4,0,1,29,25
SERt4;SERTm,2,2,27,24
SERt4;SFGTH,0,1,29,25
SERt4;URCN,0,1,29,25
SO3AKGtm;TRDR,0,1,29,25
SO3MALtm;TRDR,0,1,29,25
SO4AKGtm;SSALym,0,1,29,25
SO4AKGtm;TPI,0,1,29,25
SO4AKGtm;UDPGD,0,1,29,25
SO4AKGtm;UDPGLCAter,0,1,29,25
SO4AKGtm;UGT1A2r,0,1,29,25
SO4AKGtm;UPP3S,0,1,29,25
SO4AKGtm;UPPDC1,0,1,29,25
SO4AKGtm;VD3,0,1,29,25
SO4CLtex2;UAGDP,1,0,28,26
SO4CLtex;SO4CLtex2,1,1,28,25
SO4CLtex;THRt4,1,0,28,26
SO4CLtex;TRPt4,1,0,28,26
SO4CLtex;TYRt4,1,0,28,26
SO4MALtm;SSALym,0,1,29,25
SO4MALtm;TPI,0,1,29,25
SO4MALtm;UDPGD,0,1,29,25
SO4MALtm;UDPGLCAter,0,1,29,25
SO4MALtm;UGT1A2r,0,1,29,25
SO4MALtm;UPP3S,0,1,29,25
SO4MALtm;UPPDC1,0,1,29,25
SO4MALtm;VD3,0,1,29,25
SO4t4_3;TAURCHAe,0,1,29,25
SO4t4_3;THYPX,0,1,29,25
SO4t4_3;THYRDI,0,1,29,25
SO4t4_3;THYRDI2,0,1,29,25
SO4t4_3;UDPG4E,0,1,29,25
SO4t4_3;UDPGALtg,0,1,29,25
SO4t4_3;UGALCG,0,1,29,25
SOAT2;SOAT6,0,1,29,25
SOAT2;TECR180,0,1,29,25
SOAT2;TECR201,0,1,29,25
SOAT2;TECR221,0,1,29,25
SOAT2;THR3Dx,0,1,29,25
SOAT6;TRDR,0,1,29,25
SOAT6;UDPG4E,0,1,29,25
SOAT6;UDPGALtg,0,1,29,25
SPODMn;TYROX,1,0,28,26
SPODMn;TYRTA,1,0,28,26
SSALym;SUCCACONtm,1,0,28,26
SSALym;SUCCICITtm,1,0,28,26
SSALym;SUCCt4_2,1,0,28,26
SSALym;SUCCt4_3,1,0,28,26
SSALym;SUCOAS1m,0,1,29,25
SSALym;TALA,1,0,28,26
SSALym;TKT1,1,0,28,26
SSALym;TKT2,1,0,28,26
SSALym;TYROX,1,0,28,26
SSALym;TYRTA,1,0,28,26
SUCCACONtm;TALA,1,0,28,26
SUCCICITtm;SUCCt4_3,2,0,27,26
SUCCICITtm;TALA,1,0,28,26
SUCCICITtm;TECR180,1,0,28,26
SUCCICITtm;TECR201,1,0,28,26
SUCCICITtm;TECR221,1,0,28,26
SUCCICITtm;TECR241,1,0,28,26
SUCCICITtm;THR3Dx,1,0,28,26
SUCCICITtm;THRA,1,0,28,26
SUCCICITtm;UPP3S,1,0,28,26
SUCCICITtm;UPPDC1,1,0,28,26
SUCCt4_2;SUCCt4_3,1,0,28,26
SUCCt4_2;TALA,1,0,28,26
SUCCt4_3;TALA,1,0,28,26
SUCCt4_3;TECR180,1,0,28,26
SUCCt4_3;TECR201,1,0,28,26
SUCCt4_3;TECR221,1,0,28,26
SUCCt4_3;TECR241,1,0,28,26
SUCCt4_3;THR3Dx,1,0,28,26
SUCCt4_3;THRA,1,0,28,26
SUCCt4_3;UDPGD,1,0,28,26
SUCCt4_3;UDPGLCAter,1,0,28,26
SUCCt4_3;UPP3S,2,0,27,26
SUCCt4_3;UPPDC1,2,0,27,26
SUCOAS1m;ACITLn,0,2,29,24
SUCOAS1m;ADPtn,0,2,29,24
SUCOAS1m;CITtn,0,2,29,24
SUCOAS1m;OAAtn,0,2,29,24
SUCOAS1m;TECR180,1,0,28,26
SUCOAS1m;TECR201,1,0,28,26
SUCOAS1m;TECR221,1,0,28,26
SUCOAS1m;TECR241,1,0,28,26
SUCOAS1m;THR3Dx,1,0,28,26
SUCOAS1m;THRA,1,1,28,25
SUCOAS1m;UDPGD,0,1,29,25
SUCOAS1m;UDPGLCAter,0,1,29,25
SUCOAS1m;UGT1A2r,0,1,29,25
SUCOAS1m;UPP3S,0,1,29,25
SUCOAS1m;UPPDC1,0,1,29,25
TALA;DNAdeg,1,0,28,26
TALA;R_group_phosphotase_1,2,0,27,26
TALA;TKT1,5,0,24,26
TALA;TKT2,5,0,24,26
TALA;TYROX,1,0,28,26
TALA;TYRTA,1,0,28,26
TALA;UAGDP,1,0,28,26
TALA;UGLCNACtg,1,0,28,26
TAURCHAe;UDPG4E,1,0,28,26
TAURCHAe;UDPGALtg,1,0,28,26
TAURCHAe;UGALCG,1,0,28,26
TECR180;ARTFR12,1,0,28,26
TECR180;ARTFR33,0,1,29,25
TECR180;ARTFR41,1,0,28,26
TECR180;ARTFR43,4,0,25,26
TECR180;ARTPLM1,0,1,29,25
TECR180;RTOT3,0,1,29,25
TECR180;RTOT4,5,0,24,26
TECR180;TECR181,4,1,25,25
TECR180;TTDCPT1,1,0,28,26
TECR180;TTDCPT2,1,0,28,26
TECR180;TTDCRNt,1,0,28,26
TECR180;UAGDP,1,0,28,26
TECR180;UDPDOLPT,1,0,28,26
TECR180;UDPG4E,0,1,29,25
TECR180;UDPGALtg,0,1,29,25
TECR180;UGLCNACtg,1,0,28,26
TECR181;ARTFR52,0,1,29,25
TECR181;RTOT5,0,1,29,25
TECR181;TECR200,0,1,29,25
TECR181;TECR220,0,1,29,25
TECR181;TECR240,0,1,29,25
TECR181;TECR260,0,1,29,25
TECR200;ARTFR33,0,1,29,25
TECR200;ARTPLM1,0,1,29,25
TECR200;RTOT3,0,1,29,25
TECR201;ARTFR12,1,0,28,26
TECR201;ARTFR41,1,0,28,26
TECR201;RTOT4,1,0,28,26
TECR201;TRDR,1,1,28,25
TECR201;TTDCPT1,1,0,28,26
TECR201;TTDCPT2,1,0,28,26
TECR201;TTDCRNt,1,0,28,26
TECR201;TXA2tr,0,1,29,25
TECR201;TXB2c,0,1,29,25
TECR201;TXB2r,0,1,29,25
TECR201;TXB2tr,0,1,29,25
TECR201;UAGDP,1,0,28,26
TECR201;UDPDOLPT,1,0,28,26
TECR201;UDPG4E,0,1,29,25
TECR201;UDPGALtg,0,1,29,25
TECR201;UGLCNACtg,1,0,28,26
TECR220;ARTFR33,0,1,29,25
TECR220;RTOT3,0,1,29,25
TECR221;ARTFR12,1,0,28,26
TECR221;ARTFR41,1,0,28,26
TECR221;RTOT4,1,0,28,26
TECR221;TRDR,1,1,28,25
TECR221;TTDCPT1,1,0,28,26
TECR221;TTDCPT2,1,0,28,26
TECR221;TTDCRNt,1,0,28,26
TECR221;TXA2tr,0,1,29,25
TECR221;TXB2c,0,1,29,25
TECR221;TXB2r,0,1,29,25
TECR221;TXB2tr,0,1,29,25
TECR221;UAGDP,1,0,28,26
TECR221;UDPDOLPT,1,0,28,26
TECR221;UDPG4E,0,1,29,25
TECR221;UDPGALtg,0,1,29,25
TECR221;UGLCNACtg,1,0,28,26
TECR240;ARTFR33,0,1,29,25
TECR240;RTOT3,0,1,29,25
TECR241;ARTFR41,1,0,28,26
TECR241;RTOT4,1,0,28,26
TECR241;TRDR,1,1,28,25
TECR241;TTDCPT1,1,0,28,26
TECR241;TTDCPT2,1,0,28,26
TECR241;TTDCRNt,1,0,28,26
TECR241;UDPG4E,0,1,29,25
TECR241;UDPGALtg,0,1,29,25
TECR260;ARTFR33,0,1,29,25
TECR260;RTOT3,0,1,29,25
THDm;THR3Dx,1,2,28,24
THDm;URATEt,1,0,28,26
THDm;XAND,1,0,28,26
THFtm;THR3Dx,0,1,29,25
THFtm;TPI,0,1,29,25
THFtm;TXA2tr,0,1,29,25
THFtm;TXB2c,0,1,29,25
THFtm;TXB2r,0,1,29,25
THFtm;TXB2tr,0,1,29,25
THR3Dx;ACITLn,0,1,29,25
THR3Dx;ADPtn,0,1,29,25
THR3Dx;ARTFR12,1,1,28,25
THR3Dx;ARTFR41,1,1,28,25
THR3Dx;CITtn,0,1,29,25
THR3Dx;OAAtn,0,1,29,25
THR3Dx;RTOT4,1,1,28,25
THR3Dx;THRA,0,1,29,25
THR3Dx;THRtm,1,2,28,24
THR3Dx;TTDCPT1,1,2,28,24
THR3Dx;TTDCPT2,1,2,28,24
THR3Dx;TTDCRNt,1,2,28,24
THR3Dx;TYRDOPO,0,1,29,25
THR3Dx;UDPGD,0,1,29,25
THR3Dx;UDPGLCAter,0,1,29,25
THR3Dx;UGT1A2r,0,1,29,25
THR3Dx;UPP3S,0,1,29,25
THR3Dx;UPPDC1,0,1,29,25
THRA;ACITLn,3,0,26,26
THRA;ADPtn,3,0,26,26
THRA;CITtn,3,0,26,26
THRA;OAAtn,3,0,26,26
THRA;UAGDP,1,0,28,26
THRA;UGLCNACtg,1,0,28,26
THRA;URIK4,1,0,28,26
THRALANaEx;THRt4,0,1,29,25
THRATB0tc;THRt4,1,1,28,25
THRCYSNaEx;THRSERNaEx,1,0,28,26
THRCYSNaEx;THRt4,2,1,27,25
THRGLYexR;THRt4,1,0,28,26
THRPHELAT2tc;THRt4,3,0,26,26
THRtm;URATEt,1,0,28,26
THRtm;XAND,1,0,28,26
THYPX;TYROX,1,0,28,26
THYPX;TYRTA,1,0,28,26
THYPX;UAG2EMAi,1,1,28,25
THYPX;UAG4E,0,1,29,25
THYPX;UAGDP,1,1,28,25
THYPX;UDPG4E,3,1,26,25
THYPX;UDPGALtg,3,1,26,25
THYPX;UGALCG,1,0,28,26
THYPX;UGALNACtg,0,1,29,25
THYPX;UGLCNACtg,1,1,28,25
THYRDI2;TYROX,1,0,28,26
THYRDI2;TYRTA,1,0,28,26
THYRDI;TYROX,1,0,28,26
THYRDI;TYRTA,1,0,28,26
THYRIDHD;UAG2EMAi,1,0,28,26
THYRIDHD;UAGDP,1,0,28,26
THYRIDHD;UDPG4E,2,0,27,26
THYRIDHD;UDPGALtg,2,0,27,26
THYRIDHD;UGLCNACtg,1,0,28,26
THYST;UAG2EMAi,1,1,28,25
THYST;UAG4E,0,1,29,25
THYST;UAGDP,1,1,28,25
THYST;UDPG4E,2,1,27,25
THYST;UDPGALtg,2,1,27,25
THYST;UGALNACtg,0,1,29,25
THYST;UGLCNACtg,1,1,28,25
TKT1;TRDR,1,0,28,26
TKT1;UAGDP,1,0,28,26
TKT1;UGLCNACtg,1,0,28,26
TKT2;TRDR,1,0,28,26
TKT2;UAGDP,1,0,28,26
TKT2;UGLCNACtg,1,0,28,26
TPI;TRPO2,0,2,29,24
TRDOXtm;TRDR,0,3,29,23
TRDR;TRDRDtm,0,3,29,23
TRDR;TRDRm,0,3,29,23
TRPATB0tc;TRPt4,1,3,28,23
TRPO2;UAGDP,1,0,28,26
TTDCPT1;TXA2tr,0,1,29,25
TTDCPT1;TXB2c,0,1,29,25
TTDCPT1;TXB2r,0,1,29,25
TTDCPT1;TXB2tr,0,1,29,25
TTDCPT2;TXA2tr,0,1,29,25
TTDCPT2;TXB2c,0,1,29,25
TTDCPT2;TXB2r,0,1,29,25
TTDCPT2;TXB2tr,0,1,29,25
TTDCRNt;TXA2tr,0,1,29,25
TTDCRNt;TXB2c,0,1,29,25
TTDCRNt;TXB2r,0,1,29,25
TTDCRNt;TXB2tr,0,1,29,25
TXA2tr;ACITLn,0,1,29,25
TXA2tr;ADPtn,0,1,29,25
TXA2tr;ARTFR12,0,1,29,25
TXA2tr;ARTFR41,0,3,29,23
TXA2tr;CITtn,0,1,29,25
TXA2tr;OAAtn,0,1,29,25
TXA2tr;RTOT4,0,3,29,23
TXB2c;ACITLn,0,1,29,25
TXB2c;ADPtn,0,1,29,25
TXB2c;ARTFR12,0,1,29,25
TXB2c;ARTFR41,0,3,29,23
TXB2c;CITtn,0,1,29,25
TXB2c;OAAtn,0,1,29,25
TXB2c;RTOT4,0,3,29,23
TXB2r;ACITLn,0,1,29,25
TXB2r;ADPtn,0,1,29,25
TXB2r;ARTFR12,0,1,29,25
TXB2r;ARTFR41,0,3,29,23
TXB2r;CITtn,0,1,29,25
TXB2r;OAAtn,0,1,29,25
TXB2r;RTOT4,0,3,29,23
TXB2tr;ACITLn,0,1,29,25
TXB2tr;ADPtn,0,1,29,25
TXB2tr;ARTFR12,0,1,29,25
TXB2tr;ARTFR41,0,3,29,23
TXB2tr;CITtn,0,1,29,25
TXB2tr;OAAtn,0,1,29,25
TXB2tr;RTOT4,0,3,29,23
TYRATB0tc;TYRt4,1,3,28,23
TYRPHELAT2tc;TYRt4,6,0,23,26
UAG2EMAi;UGALCG,2,0,27,26
UAGDP;UDPGD,5,0,24,26
UAGDP;UDPGLCAter,5,0,24,26
UAGDP;UGALCG,3,0,26,26
UAGDP;UGT1A2r,1,0,28,26
UAGDP;UPP3S,5,0,24,26
UAGDP;UPPDC1,5,0,24,26
UDPDOLPT;UDPGD,1,0,28,26
UDPDOLPT;UDPGLCAter,1,0,28,26
UDPDOLPT;UGT1A2r,1,0,28,26
UDPDOLPT;UPP3S,1,0,28,26
UDPDOLPT;UPPDC1,1,0,28,26
UDPGD;UGLCNACtg,5,0,24,26
UDPGLCAter;UGLCNACtg,4,0,25,26
UGALCG;UGLCNACtg,3,0,26,26
UGLCNACtg;UGT1A2r,1,0,28,26
UGLCNACtg;UPP3S,4,0,25,26
UGLCNACtg;UPPDC1,4,0,25,26
UMPK5;UMPK6,0,4,29,22
UMPK6;UMPK7,1,1,28,25
URIK2;URIK4,1,0,28,26
VALATB0tc;VALt4,0,3,29,23
VALPHELAT2tc;VALt4,10,0,19,26
VALt4;VALtec,5,0,24,26
q10h2tc;TPI,0,2,29,24
q10tm;TPI,0,2,29,24
