DoubleLethal,Counts in Normal,Counts in Cancer,Not SL in Normal,Not SL in Cancer
10FTHFtm;HCO3E,0,1,19,20
10FTHFtm;MTHFC,0,1,19,20
10FTHFtm;MTHFD2,0,1,19,20
10FTHFtm;THFtm,0,1,19,20
25HVITD3t;4MPTNLte,0,1,19,20
25HVITD3t;4MPTNLtm,0,1,19,20
25HVITD3t;HSD3B11,0,1,19,20
25HVITD3t;P45011A1m,0,1,19,20
25HVITD3t;PRGNLONEtm,0,1,19,20
25HVITD3t;PRGSTRNt,0,1,19,20
2AMACHYD;ACACLACte,0,1,19,20
2AMACHYD;ACACPYRte,0,2,19,19
2AMACHYD;ALDD19x,0,1,19,20
2AMACHYD;ALDD19y,0,1,19,20
2AMACHYD;B3GNT38g,0,1,19,20
2AMACHYD;CERT1gt,0,1,19,20
2AMACHYD;CO2t,0,1,19,20
2AMACHYD;DIGALSGALSIDEte,0,1,19,20
2AMACHYD;DIGALSGALSIDEtg,0,1,19,20
2AMACHYD;FCYTOB5OXRr,0,1,19,20
2AMACHYD;GAL3ST12,0,1,19,20
2AMACHYD;GALU,0,1,19,20
2AMACHYD;GLUDxm,1,1,18,20
2AMACHYD;H2Otg,0,1,19,20
2AMACHYD;HCO3E,0,1,19,20
2AMACHYD;HCO3Ee,0,1,19,20
2AMACHYD;HCO3_2NAt,1,0,18,21
2AMACHYD;HCO3_CLt,2,0,17,21
2AMACHYD;Htg,0,1,19,20
2AMACHYD;Htr,0,2,19,19
2AMACHYD;KCC2t,0,1,19,20
2AMACHYD;NADH2_u10m,0,1,19,20
2AMACHYD;NADHtru,0,1,19,20
2AMACHYD;NADtru,0,1,19,20
2AMACHYD;NAHCO3_HCLt,1,0,18,21
2AMACHYD;NAt3_1,1,0,18,21
2AMACHYD;NDP7g,0,1,19,20
2AMACHYD;NH4tm,0,1,19,20
2AMACHYD;PAPStg,0,1,19,20
2AMACHYD;PAPtg,0,1,19,20
2AMACHYD;PGMT,0,1,19,20
2AMACHYD;PIMALtm,0,1,19,20
2AMACHYD;PItg,0,1,19,20
2AMACHYD;PPA,1,0,18,21
2AMACHYD;PROGLUtm,0,1,19,20
2AMACHYD;PROtm,0,1,19,20
2AMACHYD;PYK,0,1,19,20
2AMACHYD;RTOT4,1,0,18,21
2AMACHYD;SERt4,0,1,19,20
2AMACHYD;SO3AKGtm,0,1,19,20
2AMACHYD;SO3MALtm,0,1,19,20
2AMACHYD;SO4CLtex,2,0,17,21
2AMACHYD;UDPG4E,0,1,19,20
2AMACHYD;UDPGALtg,0,1,19,20
2AMACHYD;UGALCG,0,1,19,20
2AOBUTtm;GLNtm,1,0,18,21
2AOBUTtm;GLUNm,1,0,18,21
2AOBUTtm;KCC2t,1,0,18,21
2AOBUTtm;NH4tm,1,0,18,21
2AOBUTtm;PROGLUtm,1,0,18,21
2AOBUTtm;PROtm,1,0,18,21
2AOBUTtm;THDm,3,0,16,21
2AOBUTtm;THRtm,3,0,16,21
2HYOXPLCte;GLYSNAT5tc,0,1,19,20
34HPPte;KCC2t,1,0,18,21
3HAD203n6p;H2O2syn,1,0,18,21
3HAD203n6p;PPA,5,1,14,20
3HAD241n9p;AGTim,1,0,18,21
3HAD241n9p;AKGSUCCtm,1,0,18,21
3HAD241n9p;AMID6,1,0,18,21
3HAD241n9p;AMID6m,1,0,18,21
3HAD241n9p;ARTFR43,2,0,17,21
3HAD241n9p;CITRt2m,1,0,18,21
3HAD241n9p;CITRtm,1,0,18,21
3HAD241n9p;DESAT16_1,2,0,17,21
3HAD241n9p;DRPA,1,0,18,21
3HAD241n9p;DURIPP,1,0,18,21
3HAD241n9p;FAE181,2,0,17,21
3HAD241n9p;FUMMALtm,1,0,18,21
3HAD241n9p;GLNtm,1,0,18,21
3HAD241n9p;GLUDxm,2,0,17,21
3HAD241n9p;GLXtm,1,0,18,21
3HAD241n9p;GLXtp,1,0,18,21
3HAD241n9p;GLYOp,1,0,18,21
3HAD241n9p;GLYtm,1,0,18,21
3HAD241n9p;GLYtp,1,0,18,21
3HAD241n9p;GPAT,1,0,18,21
3HAD241n9p;GPATm,1,0,18,21
3HAD241n9p;H2Otp,1,0,18,21
3HAD241n9p;HACD181,2,0,17,21
3HAD241n9p;HCO3Em,0,1,19,20
3HAD241n9p;HSD181,2,0,17,21
3HAD241n9p;MTHFC,1,0,18,21
3HAD241n9p;MTHFD2,1,0,18,21
3HAD241n9p;NH4tp,1,0,18,21
3HAD241n9p;OCTD11ECOAtr,2,0,17,21
3HAD241n9p;PIMALtm,1,0,18,21
3HAD241n9p;PPM,1,0,18,21
3HAD241n9p;PPM2,1,0,18,21
3HAD241n9p;PROGLUtm,2,0,17,21
3HAD241n9p;PROtm,2,0,17,21
3HAD241n9p;PYNP2r,1,0,18,21
3HAD241n9p;RTOT3,7,2,12,19
3HAD241n9p;RTOT4,5,4,14,17
3HAD241n9p;SO3AKGtm,1,0,18,21
3HAD241n9p;SO3MALtm,1,0,18,21
3HAD241n9p;TECR181,2,0,17,21
3HAD241n9p;TRDOXtm,1,0,18,21
3HAD241n9p;TRDRDtm,1,0,18,21
3HAD241n9p;TRDRm,1,0,18,21
3HAD241n9p;URIK2,1,0,18,21
3HDH203n6p;H2O2syn,1,0,18,21
3HDH203n6p;PPA,5,1,14,20
3HDH224n6p;AKGSUCCtm,1,0,18,21
3HDH224n6p;AMID6,1,0,18,21
3HDH224n6p;ARTFR43,1,0,18,21
3HDH224n6p;CITRt2m,1,0,18,21
3HDH224n6p;CITRtm,1,0,18,21
3HDH224n6p;DESAT16_1,1,0,18,21
3HDH224n6p;FAE181,1,0,18,21
3HDH224n6p;FUMMALtm,1,0,18,21
3HDH224n6p;GPAT,1,0,18,21
3HDH224n6p;HACD181,1,0,18,21
3HDH224n6p;HSD181,1,0,18,21
3HDH224n6p;OCTD11ECOAtr,1,0,18,21
3HDH224n6p;PIMALtm,1,0,18,21
3HDH224n6p;PROGLUtm,1,0,18,21
3HDH224n6p;PROtm,1,0,18,21
3HDH224n6p;RTOT3,5,0,14,21
3HDH224n6p;RTOT4,1,0,18,21
3HDH224n6p;SO3AKGtm,1,0,18,21
3HDH224n6p;SO3MALtm,1,0,18,21
3HDH224n6p;TECR181,1,0,18,21
3HDH241n9p;AGTim,1,0,18,21
3HDH241n9p;AMID6m,1,0,18,21
3HDH241n9p;ARTFR43,1,0,18,21
3HDH241n9p;DESAT16_1,1,0,18,21
3HDH241n9p;DRPA,1,0,18,21
3HDH241n9p;DURIPP,1,0,18,21
3HDH241n9p;FAE181,1,0,18,21
3HDH241n9p;GLNtm,1,0,18,21
3HDH241n9p;GLUDxm,2,0,17,21
3HDH241n9p;GLXtm,1,0,18,21
3HDH241n9p;GLXtp,1,0,18,21
3HDH241n9p;GLYOp,1,0,18,21
3HDH241n9p;GLYtm,1,0,18,21
3HDH241n9p;GLYtp,1,0,18,21
3HDH241n9p;GPATm,1,0,18,21
3HDH241n9p;H2Otp,1,0,18,21
3HDH241n9p;HACD181,1,0,18,21
3HDH241n9p;HCO3Em,0,1,19,20
3HDH241n9p;HSD181,1,0,18,21
3HDH241n9p;MTHFC,1,0,18,21
3HDH241n9p;MTHFD2,1,0,18,21
3HDH241n9p;NH4tp,1,0,18,21
3HDH241n9p;OCTD11ECOAtr,1,0,18,21
3HDH241n9p;PPM,1,0,18,21
3HDH241n9p;PPM2,1,0,18,21
3HDH241n9p;PROGLUtm,1,0,18,21
3HDH241n9p;PROtm,1,0,18,21
3HDH241n9p;PYNP2r,1,0,18,21
3HDH241n9p;RTOT3,2,2,17,19
3HDH241n9p;RTOT4,4,4,15,17
3HDH241n9p;TECR181,1,0,18,21
3HDH241n9p;TRDOXtm,1,0,18,21
3HDH241n9p;TRDRDtm,1,0,18,21
3HDH241n9p;TRDRm,1,0,18,21
3HDH241n9p;URIK2,1,0,18,21
3MHISc;ARTFR52,1,0,18,21
3MHISc;FAE180,1,0,18,21
3MHISc;FAE200,1,0,18,21
3MHISc;FAE220,1,0,18,21
3MHISc;FAE240,1,0,18,21
3MHISc;FAE260,1,0,18,21
3MHISc;HACD180,1,0,18,21
3MHISc;HACD200,1,0,18,21
3MHISc;HACD220,1,0,18,21
3MHISc;HACD240,1,0,18,21
3MHISc;HACD260,1,0,18,21
3MHISc;HCO3Em,1,0,18,21
3MHISc;HEXCCOAtr,1,0,18,21
3MHISc;HSD180,1,0,18,21
3MHISc;HSD200,1,0,18,21
3MHISc;HSD220,1,0,18,21
3MHISc;HSD240,1,0,18,21
3MHISc;HSD260,1,0,18,21
3MHISc;RTOT5,1,0,18,21
3MHISc;TECR180,1,0,18,21
3MHISc;TECR200,1,0,18,21
3MHISc;TECR220,1,0,18,21
3MHISc;TECR240,1,0,18,21
3MHISc;TECR260,1,0,18,21
3MHISt2;LEUt4,5,1,14,20
3MHISt3;PHEt4,5,0,14,21
3MOPt2im;HCO3E,1,0,18,21
3MOPt2im;PPA,1,0,18,21
3MOPte;HCO3E,1,0,18,21
3MOPte;PPA,1,0,18,21
3MTPte;ACACFORte,1,0,18,21
3MTPte;ACACLACte,1,0,18,21
3MTPte;ACACPYRte,4,0,15,21
3MTPte;ALAtN1,1,0,18,21
3MTPte;L_LACt4r,1,0,18,21
3MTPte;PPA,1,0,18,21
3MTPte;PYRBUTte,1,0,18,21
4MPTNLte;7DHCHSTEROLtr,0,1,19,20
4MPTNLte;CYP2R1,0,1,19,20
4MPTNLte;DHCR242r,0,1,19,20
4MPTNLte;LSTO2r,0,1,19,20
4MPTNLte;PVD3,0,1,19,20
4MPTNLte;VD3,0,1,19,20
4MPTNLtm;7DHCHSTEROLtr,0,1,19,20
4MPTNLtm;CYP2R1,0,1,19,20
4MPTNLtm;DHCR242r,0,1,19,20
4MPTNLtm;LSTO2r,0,1,19,20
4MPTNLtm;PVD3,0,1,19,20
4MPTNLtm;VD3,0,1,19,20
5HTRPDOX;ALDD19x,3,0,16,21
5HTRPDOX;ALDD19y,3,0,16,21
5HTRPDOX;CAT,1,0,18,21
5HTRPDOX;DHFR,1,0,18,21
5HTRPDOX;DHFR3x,1,0,18,21
5HTRPDOX;FOLt2,1,0,18,21
5HTRPDOX;H2O2syn,2,0,17,21
5HTRPDOX;RDH1,1,0,18,21
5HTRPDOX;RDH1a,1,0,18,21
5HTRPDOX;THFt2,1,0,18,21
7DHCHSTEROLtr;AACOAT_1,0,1,19,20
7DHCHSTEROLtr;ACACT1rm,0,1,19,20
7DHCHSTEROLtr;ACHtn,0,1,19,20
7DHCHSTEROLtr;ACITLn,0,1,19,20
7DHCHSTEROLtr;ADPtn,0,1,19,20
7DHCHSTEROLtr;AMPt4,0,1,19,20
7DHCHSTEROLtr;ATPtn,0,1,19,20
7DHCHSTEROLtr;CHATn,0,1,19,20
7DHCHSTEROLtr;CHOLtn,0,1,19,20
7DHCHSTEROLtr;CITSUCCtm,0,1,19,20
7DHCHSTEROLtr;CITtn,0,1,19,20
7DHCHSTEROLtr;CSm,0,1,19,20
7DHCHSTEROLtr;HMGLm,0,1,19,20
7DHCHSTEROLtr;HSD3B11,0,1,19,20
7DHCHSTEROLtr;MDH,0,1,19,20
7DHCHSTEROLtr;OAAtn,0,1,19,20
7DHCHSTEROLtr;P45011A1m,0,1,19,20
7DHCHSTEROLtr;PCm,0,1,19,20
7DHCHSTEROLtr;PItn,0,1,19,20
7DHCHSTEROLtr;PPItm,0,1,19,20
7DHCHSTEROLtr;PRGNLONEtm,0,1,19,20
7DHCHSTEROLtr;PRGSTRNt,0,1,19,20
7DHCHSTEROLtr;PYRt2m,0,1,19,20
AACOAT_1;ACCOAL2,0,1,19,20
AACOAT_1;ACOAS,0,1,19,20
AACOAT_1;ARTFR52,0,1,19,20
AACOAT_1;ATPtm,0,1,19,20
AACOAT_1;DHCR241r,0,1,19,20
AACOAT_1;EBP2r,0,1,19,20
AACOAT_1;FAE200,0,1,19,20
AACOAT_1;FAE220,0,1,19,20
AACOAT_1;FAE240,0,1,19,20
AACOAT_1;FAE260,0,1,19,20
AACOAT_1;HACD200,0,1,19,20
AACOAT_1;HACD220,0,1,19,20
AACOAT_1;HACD240,0,1,19,20
AACOAT_1;HACD260,0,1,19,20
AACOAT_1;HEXCCOAtr,0,1,19,20
AACOAT_1;HSD200,0,1,19,20
AACOAT_1;HSD220,0,1,19,20
AACOAT_1;HSD240,0,1,19,20
AACOAT_1;HSD260,0,1,19,20
AACOAT_1;LSTO2r,0,1,19,20
AACOAT_1;MAL_Lte,0,2,19,19
AACOAT_1;PIt2m_2,0,1,19,20
AACOAT_1;PVD3,0,1,19,20
AACOAT_1;RTOT5,0,1,19,20
AACOAT_1;TECR200,0,1,19,20
AACOAT_1;TECR220,0,1,19,20
AACOAT_1;TECR240,0,1,19,20
AACOAT_1;TECR260,0,1,19,20
AACOAT_1;THRA,0,1,19,20
AACOAT_1;VD3,0,1,19,20
AACOAT_1;VITD3Hm,0,1,19,20
AACOAT_1;VITD3tm,0,1,19,20
ABUTt4_2_r;GABAVESSEC,1,0,18,21
ABUTt4_2_r;GGTAe2,0,2,19,19
ABUTt4_2_r;GLUCYS,0,2,19,19
ABUTt4_2_r;GTHRDte,0,2,19,19
ABUTt4_2_r;GTHS,0,2,19,19
ABUTt4_2_r;PYK,0,1,19,20
ACACFORte;ACHe,1,0,18,21
ACACFORte;AHCYStn,1,0,18,21
ACACFORte;AKGtn,1,0,18,21
ACACFORte;ALAt2r,2,0,17,21
ACACFORte;ALCD1,1,0,18,21
ACACFORte;AMETEPMT,1,0,18,21
ACACFORte;AMETtn,1,0,18,21
ACACFORte;ATPS4m,1,0,18,21
ACACFORte;CHAT,1,0,18,21
ACACFORte;CITRt2m,1,0,18,21
ACACFORte;CITRtm,1,0,18,21
ACACFORte;CO2tm,1,0,18,21
ACACFORte;CO2tn,1,0,18,21
ACACFORte;DHFR,1,0,18,21
ACACFORte;DHFRx,1,0,18,21
ACACFORte;DHFtm,1,0,18,21
ACACFORte;ETHPL,1,0,18,21
ACACFORte;FALDtn,1,0,18,21
ACACFORte;HCO3Em,1,0,18,21
ACACFORte;HCO3tm,1,0,18,21
ACACFORte;MEOHt2,1,0,18,21
ACACFORte;METDECARc,1,0,18,21
ACACFORte;METTRANSc,1,0,18,21
ACACFORte;NADH2_u10m,1,0,18,21
ACACFORte;NAt,1,0,18,21
ACACFORte;NAt3_1,1,0,18,21
ACACFORte;O2tn,1,0,18,21
ACACFORte;PEMET1,1,0,18,21
ACACFORte;PEMET2,1,0,18,21
ACACFORte;PIt2m_2,1,0,18,21
ACACFORte;THFtm,1,0,18,21
ACACLACte;ACGAMK,0,1,19,20
ACACLACte;ACGAMPM,0,1,19,20
ACACLACte;ACGAMtly,0,1,19,20
ACACLACte;ADSK,0,1,19,20
ACACLACte;ALAt2r,1,0,18,21
ACACLACte;ARSA,0,1,19,20
ACACLACte;ARTFR52,0,1,19,20
ACACLACte;ASCBt5,0,1,19,20
ACACLACte;ASCBtr,0,1,19,20
ACACLACte;BPNT,0,1,19,20
ACACLACte;FAE200,0,1,19,20
ACACLACte;FAE220,0,1,19,20
ACACLACte;FAE240,0,1,19,20
ACACLACte;FAE260,0,1,19,20
ACACLACte;GAL3ST11,0,1,19,20
ACACLACte;GALSIDEtg,0,1,19,20
ACACLACte;GALSIDEtl,0,1,19,20
ACACLACte;GALU,0,1,19,20
ACACLACte;GLACter,0,1,19,20
ACACLACte;GLCURter,0,1,19,20
ACACLACte;GLCURtly,0,1,19,20
ACACLACte;GLRASE,0,1,19,20
ACACLACte;GULLACter,0,1,19,20
ACACLACte;GULOer,0,1,19,20
ACACLACte;H2O2syn,1,0,18,21
ACACLACte;H2O2ter,0,1,19,20
ACACLACte;H2Otly,0,1,19,20
ACACLACte;HACD200,0,1,19,20
ACACLACte;HACD220,0,1,19,20
ACACLACte;HACD240,0,1,19,20
ACACLACte;HACD260,0,1,19,20
ACACLACte;HAS1,0,1,19,20
ACACLACte;HAS2,0,1,19,20
ACACLACte;HAtly,0,1,19,20
ACACLACte;HCO3E,2,0,17,21
ACACLACte;HEXCCOAtr,0,1,19,20
ACACLACte;HSD200,0,1,19,20
ACACLACte;HSD220,0,1,19,20
ACACLACte;HSD240,0,1,19,20
ACACLACte;HSD260,0,1,19,20
ACACLACte;HYAL,0,1,19,20
ACACLACte;Htg,0,1,19,20
ACACLACte;IDHPOXOX2b,0,1,19,20
ACACLACte;IDHPOXOX3,0,1,19,20
ACACLACte;IDHPOXOXb,0,1,19,20
ACACLACte;It,0,1,19,20
ACACLACte;LDH_L,0,1,19,20
ACACLACte;METDECARc,1,0,18,21
ACACLACte;METTRANSc,1,0,18,21
ACACLACte;NM_8,0,1,19,20
ACACLACte;PAPStg,0,1,19,20
ACACLACte;PAPtg,0,1,19,20
ACACLACte;PGMT,0,1,19,20
ACACLACte;RTOT5,0,1,19,20
ACACLACte;SADT,0,1,19,20
ACACLACte;SGALSIDEtg,0,1,19,20
ACACLACte;SGALSIDEtl,0,1,19,20
ACACLACte;SO4tl,0,1,19,20
ACACLACte;TECR200,0,1,19,20
ACACLACte;TECR220,0,1,19,20
ACACLACte;TECR240,0,1,19,20
ACACLACte;TECR260,0,1,19,20
ACACLACte;THYPX,0,1,19,20
ACACLACte;THYRIDHD,0,1,19,20
ACACLACte;THYST,0,1,19,20
ACACLACte;TYRDOPO,0,1,19,20
ACACLACte;UAGDP,0,1,19,20
ACACLACte;UDPGD,0,1,19,20
ACACLACte;UROLACer,0,1,19,20
ACACPYRte;ACGAMK,0,2,19,19
ACACPYRte;ACGAMPM,0,2,19,19
ACACPYRte;ACGAMtly,0,2,19,19
ACACPYRte;ACHe,1,0,18,21
ACACPYRte;ADSK,0,1,19,20
ACACPYRte;AHCYStn,1,0,18,21
ACACPYRte;AKGtn,1,0,18,21
ACACPYRte;ALAt2r,5,0,14,21
ACACPYRte;ALCD1,1,0,18,21
ACACPYRte;AMETEPMT,1,0,18,21
ACACPYRte;AMETtn,1,0,18,21
ACACPYRte;ARSA,0,2,19,19
ACACPYRte;ASCBt5,0,2,19,19
ACACPYRte;ASCBtr,0,2,19,19
ACACPYRte;ATPS4m,1,0,18,21
ACACPYRte;BPNT,0,1,19,20
ACACPYRte;CHAT,1,0,18,21
ACACPYRte;CITRt2m,1,0,18,21
ACACPYRte;CITRtm,1,0,18,21
ACACPYRte;CO2tm,1,0,18,21
ACACPYRte;CO2tn,1,0,18,21
ACACPYRte;DHFR,1,0,18,21
ACACPYRte;DHFRx,1,0,18,21
ACACPYRte;DHFtm,1,0,18,21
ACACPYRte;ETHPL,1,0,18,21
ACACPYRte;FALDtn,1,0,18,21
ACACPYRte;GAL3ST11,0,2,19,19
ACACPYRte;GALSIDEtg,0,2,19,19
ACACPYRte;GALSIDEtl,0,2,19,19
ACACPYRte;GALU,0,2,19,19
ACACPYRte;GLACter,0,2,19,19
ACACPYRte;GLCURter,0,2,19,19
ACACPYRte;GLCURtly,0,2,19,19
ACACPYRte;GLRASE,0,2,19,19
ACACPYRte;GULLACter,0,2,19,19
ACACPYRte;GULOer,0,2,19,19
ACACPYRte;H2O2ter,0,2,19,19
ACACPYRte;H2Otly,0,2,19,19
ACACPYRte;HAS1,0,2,19,19
ACACPYRte;HAS2,0,2,19,19
ACACPYRte;HAtly,0,2,19,19
ACACPYRte;HCO3E,2,0,17,21
ACACPYRte;HCO3Em,1,0,18,21
ACACPYRte;HCO3tm,1,0,18,21
ACACPYRte;HYAL,0,2,19,19
ACACPYRte;Htg,0,2,19,19
ACACPYRte;IDHPOXOX2b,0,2,19,19
ACACPYRte;IDHPOXOX3,0,2,19,19
ACACPYRte;IDHPOXOXb,0,2,19,19
ACACPYRte;It,0,2,19,19
ACACPYRte;LDH_L,0,4,19,17
ACACPYRte;MEOHt2,1,0,18,21
ACACPYRte;METDECARc,4,0,15,21
ACACPYRte;METTRANSc,4,0,15,21
ACACPYRte;NADH2_u10m,1,0,18,21
ACACPYRte;NAt,1,0,18,21
ACACPYRte;NAt3_1,1,0,18,21
ACACPYRte;NM_8,0,1,19,20
ACACPYRte;O2tn,1,0,18,21
ACACPYRte;PAPStg,0,2,19,19
ACACPYRte;PAPtg,0,2,19,19
ACACPYRte;PEMET1,1,0,18,21
ACACPYRte;PEMET2,1,0,18,21
ACACPYRte;PGMT,0,2,19,19
ACACPYRte;PIt2m_2,1,0,18,21
ACACPYRte;PYK,0,1,19,20
ACACPYRte;SADT,0,1,19,20
ACACPYRte;SERATB0tc,0,1,19,20
ACACPYRte;SGALSIDEtg,0,2,19,19
ACACPYRte;SGALSIDEtl,0,2,19,19
ACACPYRte;SO4tl,0,2,19,19
ACACPYRte;THFtm,1,0,18,21
ACACPYRte;THYPX,0,2,19,19
ACACPYRte;THYRIDHD,0,2,19,19
ACACPYRte;THYST,0,2,19,19
ACACPYRte;TYRDOPO,0,1,19,20
ACACPYRte;UAGDP,0,2,19,19
ACACPYRte;UDPGD,0,2,19,19
ACACPYRte;UROLACer,0,2,19,19
ACACPYRtm;ADK1m,0,1,19,20
ACACPYRtm;AMPt4,0,1,19,20
ACACPYRtm;ARTFR52,0,2,19,19
ACACPYRtm;ASPPROASCT1,0,1,19,20
ACACPYRtm;ATPt4,0,1,19,20
ACACPYRtm;FAE200,0,2,19,19
ACACPYRtm;FAE220,0,2,19,19
ACACPYRtm;FAE240,0,2,19,19
ACACPYRtm;FAE260,0,2,19,19
ACACPYRtm;HACD200,0,2,19,19
ACACPYRtm;HACD220,0,2,19,19
ACACPYRtm;HACD240,0,2,19,19
ACACPYRtm;HACD260,0,2,19,19
ACACPYRtm;HEXCCOAtr,0,2,19,19
ACACPYRtm;HSD200,0,2,19,19
ACACPYRtm;HSD220,0,2,19,19
ACACPYRtm;HSD240,0,2,19,19
ACACPYRtm;HSD260,0,2,19,19
ACACPYRtm;RTOT5,0,2,19,19
ACACPYRtm;TECR200,0,2,19,19
ACACPYRtm;TECR220,0,2,19,19
ACACPYRtm;TECR240,0,2,19,19
ACACPYRtm;TECR260,0,2,19,19
ACACRETNte;H2O2syn,1,0,18,21
ACACRETNte;HCO3E,1,0,18,21
ACACT1rm;ACCOAL2,0,1,19,20
ACACT1rm;ACOAS,0,1,19,20
ACACT1rm;ARTFR52,0,2,19,19
ACACT1rm;ATPtm,0,1,19,20
ACACT1rm;DHCR241r,0,1,19,20
ACACT1rm;DHFRx,0,1,19,20
ACACT1rm;DHFtm,0,1,19,20
ACACT1rm;EBP2r,0,1,19,20
ACACT1rm;FAE180,0,1,19,20
ACACT1rm;FAE200,0,2,19,19
ACACT1rm;FAE220,0,2,19,19
ACACT1rm;FAE240,0,2,19,19
ACACT1rm;FAE260,0,2,19,19
ACACT1rm;FUMMALtm,0,1,19,20
ACACT1rm;HACD180,0,1,19,20
ACACT1rm;HACD200,0,2,19,19
ACACT1rm;HACD220,0,2,19,19
ACACT1rm;HACD240,0,2,19,19
ACACT1rm;HACD260,0,2,19,19
ACACT1rm;HCO3E,0,1,19,20
ACACT1rm;HEXCCOAtr,0,2,19,19
ACACT1rm;HSD180,0,1,19,20
ACACT1rm;HSD200,0,2,19,19
ACACT1rm;HSD220,0,2,19,19
ACACT1rm;HSD240,0,2,19,19
ACACT1rm;HSD260,0,2,19,19
ACACT1rm;LSTO2r,0,1,19,20
ACACT1rm;MAL_Lte,0,3,19,18
ACACT1rm;PIMALtm,0,1,19,20
ACACT1rm;PIt2m_2,0,1,19,20
ACACT1rm;PVD3,0,1,19,20
ACACT1rm;RTOT3,0,1,19,20
ACACT1rm;RTOT5,0,2,19,19
ACACT1rm;SO4AKGtm,0,1,19,20
ACACT1rm;SO4MALtm,0,1,19,20
ACACT1rm;TECR180,0,1,19,20
ACACT1rm;TECR200,0,2,19,19
ACACT1rm;TECR220,0,2,19,19
ACACT1rm;TECR240,0,2,19,19
ACACT1rm;TECR260,0,2,19,19
ACACT1rm;THFtm,0,1,19,20
ACACT1rm;THRA,0,1,19,20
ACACT1rm;VD3,0,1,19,20
ACACT1rm;VITD3Hm,0,1,19,20
ACACT1rm;VITD3tm,0,1,19,20
ACACT203n6p;H2O2syn,1,0,18,21
ACACT203n6p;PPA,5,1,14,20
ACACT224n6p;AGTim,1,0,18,21
ACACT224n6p;AKGSUCCtm,1,0,18,21
ACACT224n6p;AMID6,1,0,18,21
ACACT224n6p;AMID6m,1,0,18,21
ACACT224n6p;ARTFR43,2,0,17,21
ACACT224n6p;CITRt2m,1,0,18,21
ACACT224n6p;CITRtm,1,0,18,21
ACACT224n6p;DESAT16_1,2,0,17,21
ACACT224n6p;DRPA,1,0,18,21
ACACT224n6p;DURIPP,1,0,18,21
ACACT224n6p;FAE181,2,0,17,21
ACACT224n6p;FUMMALtm,1,0,18,21
ACACT224n6p;GLNtm,1,0,18,21
ACACT224n6p;GLUDxm,2,0,17,21
ACACT224n6p;GLXtm,1,0,18,21
ACACT224n6p;GLXtp,1,0,18,21
ACACT224n6p;GLYOp,1,0,18,21
ACACT224n6p;GLYtm,1,0,18,21
ACACT224n6p;GLYtp,1,0,18,21
ACACT224n6p;GPAT,1,0,18,21
ACACT224n6p;GPATm,1,0,18,21
ACACT224n6p;H2Otp,1,0,18,21
ACACT224n6p;HACD181,2,0,17,21
ACACT224n6p;HCO3Em,0,1,19,20
ACACT224n6p;HSD181,2,0,17,21
ACACT224n6p;MTHFC,1,0,18,21
ACACT224n6p;MTHFD2,1,0,18,21
ACACT224n6p;NH4tp,1,0,18,21
ACACT224n6p;OCTD11ECOAtr,2,0,17,21
ACACT224n6p;PIMALtm,1,0,18,21
ACACT224n6p;PPM,1,0,18,21
ACACT224n6p;PPM2,1,0,18,21
ACACT224n6p;PROGLUtm,2,0,17,21
ACACT224n6p;PROtm,2,0,17,21
ACACT224n6p;PYNP2r,1,0,18,21
ACACT224n6p;RTOT3,7,2,12,19
ACACT224n6p;RTOT4,5,4,14,17
ACACT224n6p;SO3AKGtm,1,0,18,21
ACACT224n6p;SO3MALtm,1,0,18,21
ACACT224n6p;TECR181,2,0,17,21
ACACT224n6p;TRDOXtm,1,0,18,21
ACACT224n6p;TRDRDtm,1,0,18,21
ACACT224n6p;TRDRm,1,0,18,21
ACACT224n6p;URIK2,1,0,18,21
ACCOAL2;ACHtn,0,2,19,19
ACCOAL2;ACITLn,0,2,19,19
ACCOAL2;ACONTa,0,1,19,20
ACCOAL2;ACONTb,0,1,19,20
ACCOAL2;ADPtn,0,2,19,19
ACCOAL2;AMPt4,0,1,19,20
ACCOAL2;ARTFR12,0,1,19,20
ACCOAL2;ASPte,0,1,19,20
ACCOAL2;ATPtn,0,2,19,19
ACCOAL2;C161CPT1,0,1,19,20
ACCOAL2;CACT4r,0,1,19,20
ACCOAL2;CHAT,0,2,19,19
ACCOAL2;CHATn,0,2,19,19
ACCOAL2;CHOLtn,0,2,19,19
ACCOAL2;CITSUCCtm,0,2,19,19
ACCOAL2;CITtn,0,2,19,19
ACCOAL2;CSm,0,1,19,20
ACCOAL2;DESAT16_1,0,1,19,20
ACCOAL2;GLYSNAT5tc,0,1,19,20
ACCOAL2;HMGLm,0,1,19,20
ACCOAL2;ICDHxrm,0,1,19,20
ACCOAL2;ICITCITtm,0,1,19,20
ACCOAL2;MDH,0,1,19,20
ACCOAL2;OAAtn,0,2,19,19
ACCOAL2;OROTGLUt,0,1,19,20
ACCOAL2;OROTte,0,1,19,20
ACCOAL2;OXALSUCCCLm,0,1,19,20
ACCOAL2;PCm,0,1,19,20
ACCOAL2;PItn,0,2,19,19
ACCOAL2;PLMCOAPTr,0,1,19,20
ACCOAL2;PPItm,0,1,19,20
ACCOAL2;PYRt2m,0,1,19,20
ACGAMK;ADNK3,1,0,18,21
ACGAMK;AHC,1,0,18,21
ACGAMK;AHCYStn,1,0,18,21
ACGAMK;ALCD1,1,0,18,21
ACGAMK;AMETtn,1,0,18,21
ACGAMK;BETALDHxm,1,0,18,21
ACGAMK;BHMT,1,0,18,21
ACGAMK;CHLtm,1,0,18,21
ACGAMK;CHOLD2m,1,0,18,21
ACGAMK;CO2t,0,1,19,20
ACGAMK;CO2tm,1,0,18,21
ACGAMK;DMGDHm,1,0,18,21
ACGAMK;DMGtm,1,0,18,21
ACGAMK;FALDtm,1,0,18,21
ACGAMK;FALDtx,1,0,18,21
ACGAMK;GLYBtm,1,0,18,21
ACGAMK;GLYSNAT5tc,1,0,18,21
ACGAMK;GLYtp,1,0,18,21
ACGAMK;H2O2syn,1,0,18,21
ACGAMK;H3K36MET_1,1,0,18,21
ACGAMK;H3K36MET_2,1,0,18,21
ACGAMK;H3K36MET_3,1,0,18,21
ACGAMK;H3K36_synthesis,1,0,18,21
ACGAMK;HCO3E,1,0,18,21
ACGAMK;HCO3Ee,0,1,19,20
ACGAMK;HCO3Em,1,0,18,21
ACGAMK;HCO3tm,1,0,18,21
ACGAMK;Htr,1,2,18,19
ACGAMK;LYStn,1,0,18,21
ACGAMK;MEOHt2,1,0,18,21
ACGAMK;METAT,1,0,18,21
ACGAMK;O2tm,0,1,19,20
ACGAMK;PFK2,0,2,19,19
ACGAMK;PYK,0,1,19,20
ACGAMK;PYRt2r,0,1,19,20
ACGAMK;RADH,0,1,19,20
ACGAMK;RADH4,0,1,19,20
ACGAMK;RAI3,0,1,19,20
ACGAMK;RDH1,0,1,19,20
ACGAMK;RDH4,0,1,19,20
ACGAMK;RETI3,0,1,19,20
ACGAMK;RTOT3,1,0,18,21
ACGAMK;SARCOXp,1,0,18,21
ACGAMK;SARCStm,1,0,18,21
ACGAMK;SARCStp,1,0,18,21
ACGAMK;TALA,0,1,19,20
ACGAMK;peplys_synthesis,1,0,18,21
ACGAMPM;ADNK3,1,0,18,21
ACGAMPM;AHC,1,0,18,21
ACGAMPM;AHCYStn,1,0,18,21
ACGAMPM;ALCD1,1,0,18,21
ACGAMPM;AMETtn,1,0,18,21
ACGAMPM;BETALDHxm,1,0,18,21
ACGAMPM;BHMT,1,0,18,21
ACGAMPM;CHLtm,1,0,18,21
ACGAMPM;CHOLD2m,1,0,18,21
ACGAMPM;CO2t,0,1,19,20
ACGAMPM;CO2tm,1,0,18,21
ACGAMPM;DMGDHm,1,0,18,21
ACGAMPM;DMGtm,1,0,18,21
ACGAMPM;FALDtm,1,0,18,21
ACGAMPM;FALDtx,1,0,18,21
ACGAMPM;GLYBtm,1,0,18,21
ACGAMPM;GLYSNAT5tc,1,0,18,21
ACGAMPM;GLYtp,1,0,18,21
ACGAMPM;H3K36MET_1,1,0,18,21
ACGAMPM;H3K36MET_2,1,0,18,21
ACGAMPM;H3K36MET_3,1,0,18,21
ACGAMPM;H3K36_synthesis,1,0,18,21
ACGAMPM;HCO3E,1,0,18,21
ACGAMPM;HCO3Ee,0,1,19,20
ACGAMPM;HCO3Em,1,0,18,21
ACGAMPM;HCO3tm,1,0,18,21
ACGAMPM;Htr,0,2,19,19
ACGAMPM;LYStn,1,0,18,21
ACGAMPM;MEOHt2,1,0,18,21
ACGAMPM;METAT,1,0,18,21
ACGAMPM;O2tm,0,1,19,20
ACGAMPM;PFK2,0,2,19,19
ACGAMPM;PYK,0,1,19,20
ACGAMPM;PYRt2r,0,1,19,20
ACGAMPM;RADH,0,1,19,20
ACGAMPM;RADH4,0,1,19,20
ACGAMPM;RAI3,0,1,19,20
ACGAMPM;RDH1,0,1,19,20
ACGAMPM;RDH4,0,1,19,20
ACGAMPM;RETI3,0,1,19,20
ACGAMPM;RTOT3,1,0,18,21
ACGAMPM;SARCOXp,1,0,18,21
ACGAMPM;SARCStm,1,0,18,21
ACGAMPM;SARCStp,1,0,18,21
ACGAMPM;TALA,0,1,19,20
ACGAMPM;peplys_synthesis,1,0,18,21
ACGAMtly;ADNK3,1,0,18,21
ACGAMtly;AHC,1,0,18,21
ACGAMtly;AHCYStn,1,0,18,21
ACGAMtly;ALCD1,1,0,18,21
ACGAMtly;AMETtn,1,0,18,21
ACGAMtly;BETALDHxm,1,0,18,21
ACGAMtly;BHMT,1,0,18,21
ACGAMtly;CHLtm,1,0,18,21
ACGAMtly;CHOLD2m,1,0,18,21
ACGAMtly;CO2t,0,1,19,20
ACGAMtly;CO2tm,1,0,18,21
ACGAMtly;DMGDHm,1,0,18,21
ACGAMtly;DMGtm,1,0,18,21
ACGAMtly;FALDtm,1,0,18,21
ACGAMtly;FALDtx,1,0,18,21
ACGAMtly;GLYBtm,1,0,18,21
ACGAMtly;GLYSNAT5tc,1,0,18,21
ACGAMtly;GLYtp,1,0,18,21
ACGAMtly;H2O2syn,1,0,18,21
ACGAMtly;H3K36MET_1,1,0,18,21
ACGAMtly;H3K36MET_2,1,0,18,21
ACGAMtly;H3K36MET_3,1,0,18,21
ACGAMtly;H3K36_synthesis,1,0,18,21
ACGAMtly;HCO3E,1,0,18,21
ACGAMtly;HCO3Ee,0,1,19,20
ACGAMtly;HCO3Em,1,0,18,21
ACGAMtly;HCO3tm,1,0,18,21
ACGAMtly;Htr,1,2,18,19
ACGAMtly;LYStn,1,0,18,21
ACGAMtly;MEOHt2,1,0,18,21
ACGAMtly;METAT,1,0,18,21
ACGAMtly;O2tm,0,1,19,20
ACGAMtly;PFK2,0,2,19,19
ACGAMtly;PYK,0,1,19,20
ACGAMtly;PYRt2r,0,1,19,20
ACGAMtly;RADH,0,1,19,20
ACGAMtly;RADH4,0,1,19,20
ACGAMtly;RAI3,0,1,19,20
ACGAMtly;RDH1,0,1,19,20
ACGAMtly;RDH4,0,1,19,20
ACGAMtly;RETI3,0,1,19,20
ACGAMtly;RTOT3,1,0,18,21
ACGAMtly;SARCOXp,1,0,18,21
ACGAMtly;SARCStm,1,0,18,21
ACGAMtly;SARCStp,1,0,18,21
ACGAMtly;TALA,0,1,19,20
ACGAMtly;peplys_synthesis,1,0,18,21
ACHe;BETALDHx,1,0,18,21
ACHe;BETALDHy,1,0,18,21
ACHe;RDH1,1,0,18,21
ACHe;RDH1a,1,0,18,21
ACHtn;ACOAS,0,2,19,19
ACHtn;ADK1m,0,1,19,20
ACHtn;ALDD2y,0,1,19,20
ACHtn;AMPt4,0,1,19,20
ACHtn;ARTFR52,0,4,19,17
ACHtn;ASPPROASCT1,0,1,19,20
ACHtn;ASPte,0,1,19,20
ACHtn;ATPt4,0,1,19,20
ACHtn;ATPtm,0,1,19,20
ACHtn;DHCR241r,0,1,19,20
ACHtn;EBP2r,0,1,19,20
ACHtn;FAE180,0,1,19,20
ACHtn;FAE200,0,4,19,17
ACHtn;FAE220,0,4,19,17
ACHtn;FAE240,0,4,19,17
ACHtn;FAE260,0,4,19,17
ACHtn;FUMMALtm,1,0,18,21
ACHtn;GMPS,0,2,19,19
ACHtn;HACD180,0,1,19,20
ACHtn;HACD200,0,4,19,17
ACHtn;HACD220,0,4,19,17
ACHtn;HACD240,0,4,19,17
ACHtn;HACD260,0,4,19,17
ACHtn;HCO3E,0,1,19,20
ACHtn;HEXCCOAtr,0,4,19,17
ACHtn;HSD180,0,1,19,20
ACHtn;HSD200,0,4,19,17
ACHtn;HSD220,0,4,19,17
ACHtn;HSD240,0,4,19,17
ACHtn;HSD260,0,4,19,17
ACHtn;LSTO2r,0,1,19,20
ACHtn;LYSCITRt2m,0,1,19,20
ACHtn;LYSCITRtm,0,1,19,20
ACHtn;MAL_Lte,0,3,19,18
ACHtn;PIt2m_2,0,1,19,20
ACHtn;PVD3,0,1,19,20
ACHtn;RTOT5,0,4,19,17
ACHtn;TECR180,0,1,19,20
ACHtn;TECR200,0,4,19,17
ACHtn;TECR220,0,4,19,17
ACHtn;TECR240,0,4,19,17
ACHtn;TECR260,0,4,19,17
ACHtn;THRA,0,2,19,19
ACHtn;VD3,0,1,19,20
ACHtn;VITD3Hm,0,1,19,20
ACHtn;VITD3tm,0,1,19,20
ACOAD1fm;ARTFR52,0,1,19,20
ACOAD1fm;FAE180,0,1,19,20
ACOAD1fm;FAE200,0,1,19,20
ACOAD1fm;FAE220,0,1,19,20
ACOAD1fm;FAE240,0,1,19,20
ACOAD1fm;FAE260,0,1,19,20
ACOAD1fm;HACD180,0,1,19,20
ACOAD1fm;HACD200,0,1,19,20
ACOAD1fm;HACD220,0,1,19,20
ACOAD1fm;HACD240,0,1,19,20
ACOAD1fm;HACD260,0,1,19,20
ACOAD1fm;HCO3E,0,1,19,20
ACOAD1fm;HEXCCOAtr,0,1,19,20
ACOAD1fm;HSD180,0,1,19,20
ACOAD1fm;HSD200,0,1,19,20
ACOAD1fm;HSD220,0,1,19,20
ACOAD1fm;HSD240,0,1,19,20
ACOAD1fm;HSD260,0,1,19,20
ACOAD1fm;RTOT5,0,1,19,20
ACOAD1fm;TECR180,0,1,19,20
ACOAD1fm;TECR200,0,1,19,20
ACOAD1fm;TECR220,0,1,19,20
ACOAD1fm;TECR240,0,1,19,20
ACOAD1fm;TECR260,0,1,19,20
ACOAD203n6p;H2O2syn,1,0,18,21
ACOAD203n6p;PPA,5,1,14,20
ACOAD241n9p;AGTim,1,0,18,21
ACOAD241n9p;AKGSUCCtm,1,0,18,21
ACOAD241n9p;AMID6,1,0,18,21
ACOAD241n9p;AMID6m,1,0,18,21
ACOAD241n9p;ARTFR43,2,0,17,21
ACOAD241n9p;CITRt2m,1,0,18,21
ACOAD241n9p;CITRtm,1,0,18,21
ACOAD241n9p;DESAT16_1,2,0,17,21
ACOAD241n9p;DRPA,1,0,18,21
ACOAD241n9p;DURIPP,1,0,18,21
ACOAD241n9p;FAE181,2,0,17,21
ACOAD241n9p;FUMMALtm,1,0,18,21
ACOAD241n9p;GLNtm,1,0,18,21
ACOAD241n9p;GLUDxm,2,0,17,21
ACOAD241n9p;GLXtm,1,0,18,21
ACOAD241n9p;GLXtp,1,0,18,21
ACOAD241n9p;GLYOp,1,0,18,21
ACOAD241n9p;GLYtm,1,0,18,21
ACOAD241n9p;GLYtp,1,0,18,21
ACOAD241n9p;GPAT,1,0,18,21
ACOAD241n9p;GPATm,1,0,18,21
ACOAD241n9p;H2Otp,1,0,18,21
ACOAD241n9p;HACD181,2,0,17,21
ACOAD241n9p;HCO3Em,0,1,19,20
ACOAD241n9p;HSD181,2,0,17,21
ACOAD241n9p;MTHFC,1,0,18,21
ACOAD241n9p;MTHFD2,1,0,18,21
ACOAD241n9p;NH4tp,1,0,18,21
ACOAD241n9p;OCTD11ECOAtr,2,0,17,21
ACOAD241n9p;PIMALtm,1,0,18,21
ACOAD241n9p;PPM,1,0,18,21
ACOAD241n9p;PPM2,1,0,18,21
ACOAD241n9p;PROGLUtm,2,0,17,21
ACOAD241n9p;PROtm,2,0,17,21
ACOAD241n9p;PYNP2r,1,0,18,21
ACOAD241n9p;RTOT3,7,2,12,19
ACOAD241n9p;RTOT4,5,4,14,17
ACOAD241n9p;SO3AKGtm,1,0,18,21
ACOAD241n9p;SO3MALtm,1,0,18,21
ACOAD241n9p;TECR181,2,0,17,21
ACOAD241n9p;TRDOXtm,1,0,18,21
ACOAD241n9p;TRDRDtm,1,0,18,21
ACOAD241n9p;TRDRm,1,0,18,21
ACOAD241n9p;URIK2,1,0,18,21
ACOAHim;ALDD2y,1,0,18,21
ACOAHim;CAT,1,0,18,21
ACOAHim;H2O2syn,1,0,18,21
ACOAHim;HCO3E,1,0,18,21
ACOAHim;PGAM1_PhosHydro,1,0,18,21
ACOAHim;THRA,1,0,18,21
ACOAS;ACITLn,0,2,19,19
ACOAS;ACONTa,0,1,19,20
ACOAS;ACONTb,0,1,19,20
ACOAS;ADPtn,0,2,19,19
ACOAS;AMPt4,0,1,19,20
ACOAS;ARTFR12,0,1,19,20
ACOAS;ASPte,0,1,19,20
ACOAS;ATPtn,0,2,19,19
ACOAS;C161CPT1,0,1,19,20
ACOAS;CACT4r,0,1,19,20
ACOAS;CHAT,0,2,19,19
ACOAS;CHATn,0,2,19,19
ACOAS;CHOLtn,0,2,19,19
ACOAS;CITSUCCtm,0,2,19,19
ACOAS;CITtn,0,2,19,19
ACOAS;CSm,0,1,19,20
ACOAS;DESAT16_1,0,1,19,20
ACOAS;GLYSNAT5tc,0,1,19,20
ACOAS;HMGLm,0,1,19,20
ACOAS;ICDHxrm,0,1,19,20
ACOAS;ICITCITtm,0,1,19,20
ACOAS;MDH,0,1,19,20
ACOAS;OAAtn,0,2,19,19
ACOAS;OROTGLUt,0,1,19,20
ACOAS;OROTte,0,1,19,20
ACOAS;OXALSUCCCLm,0,1,19,20
ACOAS;PCm,0,1,19,20
ACOAS;PItn,0,2,19,19
ACOAS;PLMCOAPTr,0,1,19,20
ACOAS;PPItm,0,1,19,20
ACOAS;PYRt2m,0,1,19,20
ACOD;CO2tm,1,0,18,21
ACOD;FUMMALtm,1,0,18,21
ACOD;MAL_Lte,1,0,18,21
ACOD;PIt2m_2,0,1,19,20
ACONTa;ALDD2y,0,1,19,20
ACONTa;ASPte,0,1,19,20
ACONTa;GMPS,0,2,19,19
ACONTa;LYSCITRt2m,0,1,19,20
ACONTa;LYSCITRtm,0,1,19,20
ACONTa;THRA,0,1,19,20
ACONTam;CO2tm,1,0,18,21
ACONTam;FUMMALtm,1,0,18,21
ACONTam;MAL_Lte,1,0,18,21
ACONTam;PIt2m_2,0,1,19,20
ACONTb;ALDD2y,0,1,19,20
ACONTb;ASPte,0,1,19,20
ACONTb;GMPS,0,2,19,19
ACONTb;LYSCITRt2m,0,1,19,20
ACONTb;LYSCITRtm,0,1,19,20
ACONTb;THRA,0,1,19,20
ACRNtm;MAL_Lte,0,1,19,20
ACYP;TPI,0,1,19,20
ACt2m;ALDD2y,1,0,18,21
ACt2m;CAT,1,0,18,21
ACt2m;H2O2syn,1,0,18,21
ACt2m;HCO3E,1,0,18,21
ACt2m;PGAM1_PhosHydro,1,0,18,21
ACt2m;THRA,1,0,18,21
ADK1;ADK1m,0,2,19,19
ADK1;ADK3,10,3,9,18
ADK1;ADK3m,1,0,18,21
ADK1;AMPt4,1,2,18,19
ADK1;ATPt4,0,2,19,19
ADK1;CITRt2m,0,1,19,20
ADK1;CITRtm,0,1,19,20
ADK1;CO2tm,0,2,19,19
ADK1;DHFR,0,2,19,19
ADK1;DHFRx,0,2,19,19
ADK1;DHFtm,0,2,19,19
ADK1;GTPGDPtm,1,0,18,21
ADK1;H2O2syn,1,0,18,21
ADK1;HCO3E,1,0,18,21
ADK1;HCO3Em,0,2,19,19
ADK1;HCO3tm,0,2,19,19
ADK1;NADH2_u10m,0,2,19,19
ADK1;PIt2m_2,0,1,19,20
ADK1;THFtm,0,2,19,19
ADK1m;ACITLn,0,1,19,20
ADK1m;ADPtn,0,1,19,20
ADK1m;AKGSUCCtm,0,1,19,20
ADK1m;ARTFR52,0,3,19,18
ADK1m;ATPtm,0,1,19,20
ADK1m;ATPtn,0,1,19,20
ADK1m;CHATn,0,1,19,20
ADK1m;CHOLtn,0,1,19,20
ADK1m;CITSUCCtm,0,1,19,20
ADK1m;CITtn,0,1,19,20
ADK1m;CO2tm,0,1,19,20
ADK1m;CSm,0,1,19,20
ADK1m;DHFR,0,1,19,20
ADK1m;DHFRx,0,1,19,20
ADK1m;DHFtm,0,1,19,20
ADK1m;FAE180,0,1,19,20
ADK1m;FAE200,0,3,19,18
ADK1m;FAE220,0,3,19,18
ADK1m;FAE240,0,3,19,18
ADK1m;FAE260,0,3,19,18
ADK1m;HACD180,0,1,19,20
ADK1m;HACD200,0,3,19,18
ADK1m;HACD220,0,3,19,18
ADK1m;HACD240,0,3,19,18
ADK1m;HACD260,0,3,19,18
ADK1m;HCO3E,0,2,19,19
ADK1m;HCO3tm,0,1,19,20
ADK1m;HEXCCOAtr,0,3,19,18
ADK1m;HMGLm,0,1,19,20
ADK1m;HSD180,0,1,19,20
ADK1m;HSD200,0,3,19,18
ADK1m;HSD220,0,3,19,18
ADK1m;HSD240,0,3,19,18
ADK1m;HSD260,0,3,19,18
ADK1m;Htm,0,1,19,20
ADK1m;LDH_L,0,1,19,20
ADK1m;L_LACt2r,0,1,19,20
ADK1m;MAL_Lte,0,1,19,20
ADK1m;OAAtn,0,1,19,20
ADK1m;PCm,0,1,19,20
ADK1m;PItn,0,1,19,20
ADK1m;PYK,0,1,19,20
ADK1m;RTOT5,0,3,19,18
ADK1m;TECR180,0,1,19,20
ADK1m;TECR200,0,3,19,18
ADK1m;TECR220,0,3,19,18
ADK1m;TECR240,0,3,19,18
ADK1m;TECR260,0,3,19,18
ADK1m;THFtm,0,1,19,20
ADK3;CAT,1,0,18,21
ADK3;H2O2syn,1,0,18,21
ADK3;PGAM1_PhosHydro,2,0,17,21
ADK3;PGI,1,0,18,21
ADK3;TALA,1,0,18,21
ADK3m;ALAt2r,1,0,18,21
ADK3m;FUM,1,0,18,21
ADK3m;FUMMALtm,1,0,18,21
ADK3m;FUMm,1,0,18,21
ADNK3;ADSK,1,0,18,21
ADNK3;ARSA,1,0,18,21
ADNK3;ARTFR52,2,0,17,21
ADNK3;ASCBt5,1,0,18,21
ADNK3;ASCBtr,1,0,18,21
ADNK3;BPNT,1,0,18,21
ADNK3;FAE180,2,0,17,21
ADNK3;FAE200,2,0,17,21
ADNK3;FAE220,2,0,17,21
ADNK3;FAE240,2,0,17,21
ADNK3;FAE260,2,0,17,21
ADNK3;GAL3ST11,1,0,18,21
ADNK3;GALSIDEtg,1,0,18,21
ADNK3;GALSIDEtl,1,0,18,21
ADNK3;GALU,1,0,18,21
ADNK3;GLACter,1,0,18,21
ADNK3;GLCURter,1,0,18,21
ADNK3;GLCURtly,1,0,18,21
ADNK3;GLRASE,1,0,18,21
ADNK3;GLYtp,1,0,18,21
ADNK3;GULLACter,1,0,18,21
ADNK3;GULOer,1,0,18,21
ADNK3;H2O2ter,1,0,18,21
ADNK3;H2Otly,1,0,18,21
ADNK3;HACD180,2,0,17,21
ADNK3;HACD200,2,0,17,21
ADNK3;HACD220,2,0,17,21
ADNK3;HACD240,2,0,17,21
ADNK3;HACD260,2,0,17,21
ADNK3;HAS1,1,0,18,21
ADNK3;HAS2,1,0,18,21
ADNK3;HAtly,1,0,18,21
ADNK3;HCO3Em,1,0,18,21
ADNK3;HEXCCOAtr,2,0,17,21
ADNK3;HSD180,2,0,17,21
ADNK3;HSD200,2,0,17,21
ADNK3;HSD220,2,0,17,21
ADNK3;HSD240,2,0,17,21
ADNK3;HSD260,2,0,17,21
ADNK3;HYAL,1,0,18,21
ADNK3;Htg,1,0,18,21
ADNK3;PAPStg,1,0,18,21
ADNK3;PAPtg,1,0,18,21
ADNK3;PGAM1_PhosHydro,0,2,19,19
ADNK3;PGMT,1,0,18,21
ADNK3;PPAm,0,1,19,20
ADNK3;PPItm,0,1,19,20
ADNK3;RDH1,0,1,19,20
ADNK3;RDH1a,0,1,19,20
ADNK3;RTOT5,2,0,17,21
ADNK3;SADT,1,0,18,21
ADNK3;SGALSIDEtg,1,0,18,21
ADNK3;SGALSIDEtl,1,0,18,21
ADNK3;SO4tl,1,0,18,21
ADNK3;TECR180,2,0,17,21
ADNK3;TECR200,2,0,17,21
ADNK3;TECR220,2,0,17,21
ADNK3;TECR240,2,0,17,21
ADNK3;TECR260,2,0,17,21
ADNK3;UAGDP,1,0,18,21
ADNK3;UDPGD,1,0,18,21
ADNK3;UROLACer,1,0,18,21
ADPT;CAt7r,0,1,19,20
ADPt4;ATPS4m,3,1,16,20
ADPt4;ATPtm,5,3,14,18
ADPt4;NADH2_u10m,0,2,19,19
ADPt4;PHETA1,0,1,19,20
ADPt4;PHLAC,0,1,19,20
ADPt4;PHLACHt,0,1,19,20
ADPt4;PIt2m_2,2,0,17,21
ADSK;AHC,1,0,18,21
ADSK;AHCYStn,1,0,18,21
ADSK;ALCD1,1,0,18,21
ADSK;ALDD19x,0,1,19,20
ADSK;ALDD19y,0,1,19,20
ADSK;ALDD2y,0,1,19,20
ADSK;AMETtn,1,0,18,21
ADSK;BETALDHxm,1,0,18,21
ADSK;BHMT,1,0,18,21
ADSK;CAT,1,0,18,21
ADSK;CHLtm,1,0,18,21
ADSK;CHOLD2m,1,0,18,21
ADSK;CITRt2m,1,0,18,21
ADSK;CITRtm,1,0,18,21
ADSK;CO2t,1,1,18,20
ADSK;CO2tm,1,0,18,21
ADSK;CYSSNAT5tc,0,1,19,20
ADSK;DMGDHm,1,0,18,21
ADSK;DMGtm,1,0,18,21
ADSK;FALDtm,1,0,18,21
ADSK;FALDtx,1,0,18,21
ADSK;FCYTOB5OXRr,0,1,19,20
ADSK;GLUDxm,0,1,19,20
ADSK;GLYBtm,1,0,18,21
ADSK;GLYSNAT5tc,1,0,18,21
ADSK;GLYt2r,1,0,18,21
ADSK;GLYtp,1,0,18,21
ADSK;H2O2syn,2,0,17,21
ADSK;H3K36MET_1,1,0,18,21
ADSK;H3K36MET_2,1,0,18,21
ADSK;H3K36MET_3,1,0,18,21
ADSK;H3K36_synthesis,1,0,18,21
ADSK;HCO3E,1,1,18,20
ADSK;HCO3Ee,0,1,19,20
ADSK;HCO3Em,1,0,18,21
ADSK;HCO3_2NAt,3,1,16,20
ADSK;HCO3tm,1,0,18,21
ADSK;Htr,1,2,18,19
ADSK;KCC2t,0,1,19,20
ADSK;KCCt,1,1,18,20
ADSK;LYStn,1,0,18,21
ADSK;MEOHt2,1,0,18,21
ADSK;METAT,1,0,18,21
ADSK;NADH2_u10m,0,1,19,20
ADSK;NADHtru,0,1,19,20
ADSK;NADtru,0,1,19,20
ADSK;NAHCO3_HCLt,1,1,18,20
ADSK;NCKt,1,1,18,20
ADSK;NCNt,1,1,18,20
ADSK;NH4t3r,1,0,18,21
ADSK;NH4tm,0,1,19,20
ADSK;O2tm,0,1,19,20
ADSK;PFK2,0,2,19,19
ADSK;PGAM1_PhosHydro,1,0,18,21
ADSK;PIMALtm,0,1,19,20
ADSK;PROGLUtm,0,1,19,20
ADSK;PROtm,0,1,19,20
ADSK;PYRt2r,0,1,19,20
ADSK;RADH,0,1,19,20
ADSK;RADH4,0,1,19,20
ADSK;RAI3,0,1,19,20
ADSK;RDH1,0,1,19,20
ADSK;RDH4,0,1,19,20
ADSK;RETI3,0,1,19,20
ADSK;RTOT3,1,0,18,21
ADSK;SARCOXp,1,0,18,21
ADSK;SARCStm,1,0,18,21
ADSK;SARCStp,1,0,18,21
ADSK;SO3AKGtm,0,1,19,20
ADSK;SO3MALtm,0,1,19,20
ADSK;SO4t4_3,1,0,18,21
ADSK;TALA,0,1,19,20
ADSK;TYRDOPO,0,1,19,20
ADSK;peplys_synthesis,1,0,18,21
AGTim;ALDD21,1,0,18,21
AGTim;ALDD21x,1,0,18,21
AGTim;ARCOAATp,1,0,18,21
AGTim;ARCOAATr,1,0,18,21
AGTim;ARTFR56,1,0,18,21
AGTim;CACT7p,1,0,18,21
AGTim;CACT7r,1,0,18,21
AGTim;COAtp,1,0,18,21
AGTim;COAtr,1,0,18,21
AGTim;CRNCARtp,1,0,18,21
AGTim;CSNATp,1,0,18,21
AGTim;CSNATr,1,0,18,21
AGTim;DESAT18_1,1,0,18,21
AGTim;FAE201,1,0,18,21
AGTim;FAE221,1,0,18,21
AGTim;FAE224,1,0,18,21
AGTim;FAE241,1,0,18,21
AGTim;FAE244,1,0,18,21
AGTim;GLUDym,1,0,18,21
AGTim;HACD201,1,0,18,21
AGTim;HACD221,1,0,18,21
AGTim;HACD224,1,0,18,21
AGTim;HACD241,1,0,18,21
AGTim;HACD244,1,0,18,21
AGTim;HCO3E,1,0,18,21
AGTim;HSD201,1,0,18,21
AGTim;HSD221,1,0,18,21
AGTim;HSD224,1,0,18,21
AGTim;HSD241,1,0,18,21
AGTim;HSD244,1,0,18,21
AGTim;Htx,1,0,18,21
AGTim;NRVNCCOAtr,1,0,18,21
AGTim;NRVNCCOAtxc,1,0,18,21
AGTim;PPA,1,0,18,21
AGTim;PRISTANALtx,1,0,18,21
AGTim;PRISTtx,1,0,18,21
AGTim;TECR201,1,0,18,21
AGTim;TECR221,1,0,18,21
AGTim;TECR224,1,0,18,21
AGTim;TECR241,1,0,18,21
AGTim;TECR244,1,0,18,21
AGTim;TTCTECOAtr,1,0,18,21
AGTix;HCO3_CLt,0,1,19,20
AHC;ARSA,1,0,18,21
AHC;ARTFR52,2,0,17,21
AHC;ASCBt5,1,0,18,21
AHC;ASCBtr,1,0,18,21
AHC;BPNT,1,0,18,21
AHC;FAE180,2,0,17,21
AHC;FAE200,2,0,17,21
AHC;FAE220,2,0,17,21
AHC;FAE240,2,0,17,21
AHC;FAE260,2,0,17,21
AHC;GAL3ST11,1,0,18,21
AHC;GALSIDEtg,1,0,18,21
AHC;GALSIDEtl,1,0,18,21
AHC;GALU,1,0,18,21
AHC;GLACter,1,0,18,21
AHC;GLCURter,1,0,18,21
AHC;GLCURtly,1,0,18,21
AHC;GLRASE,1,0,18,21
AHC;GLYtp,1,0,18,21
AHC;GULLACter,1,0,18,21
AHC;GULOer,1,0,18,21
AHC;H2O2ter,1,0,18,21
AHC;H2Otly,1,0,18,21
AHC;HACD180,2,0,17,21
AHC;HACD200,2,0,17,21
AHC;HACD220,2,0,17,21
AHC;HACD240,2,0,17,21
AHC;HACD260,2,0,17,21
AHC;HAS1,1,0,18,21
AHC;HAS2,1,0,18,21
AHC;HAtly,1,0,18,21
AHC;HCO3Em,1,0,18,21
AHC;HEXCCOAtr,2,0,17,21
AHC;HSD180,2,0,17,21
AHC;HSD200,2,0,17,21
AHC;HSD220,2,0,17,21
AHC;HSD240,2,0,17,21
AHC;HSD260,2,0,17,21
AHC;HYAL,1,0,18,21
AHC;Htg,1,0,18,21
AHC;PAPStg,1,0,18,21
AHC;PAPtg,1,0,18,21
AHC;PGMT,1,0,18,21
AHC;PPAm,0,1,19,20
AHC;PPItm,0,1,19,20
AHC;RDH1,0,1,19,20
AHC;RDH1a,0,1,19,20
AHC;RTOT5,2,0,17,21
AHC;SADT,1,0,18,21
AHC;SGALSIDEtg,1,0,18,21
AHC;SGALSIDEtl,1,0,18,21
AHC;SO4tl,1,0,18,21
AHC;TECR180,2,0,17,21
AHC;TECR200,2,0,17,21
AHC;TECR220,2,0,17,21
AHC;TECR240,2,0,17,21
AHC;TECR260,2,0,17,21
AHC;UAGDP,1,0,18,21
AHC;UDPGD,1,0,18,21
AHC;UROLACer,1,0,18,21
AHCYStn;ALAt2r,1,1,18,20
AHCYStn;ARSA,1,0,18,21
AHCYStn;ARTFR52,1,0,18,21
AHCYStn;ASCBt5,1,0,18,21
AHCYStn;ASCBtr,1,0,18,21
AHCYStn;BPNT,1,0,18,21
AHCYStn;FAE180,1,0,18,21
AHCYStn;FAE200,1,0,18,21
AHCYStn;FAE220,1,0,18,21
AHCYStn;FAE240,1,0,18,21
AHCYStn;FAE260,1,0,18,21
AHCYStn;GAL3ST11,1,0,18,21
AHCYStn;GALSIDEtg,1,0,18,21
AHCYStn;GALSIDEtl,1,0,18,21
AHCYStn;GALU,1,0,18,21
AHCYStn;GLACter,1,0,18,21
AHCYStn;GLCURter,1,0,18,21
AHCYStn;GLCURtly,1,0,18,21
AHCYStn;GLRASE,1,0,18,21
AHCYStn;GLYtp,1,0,18,21
AHCYStn;GULLACter,1,0,18,21
AHCYStn;GULOer,1,0,18,21
AHCYStn;H2O2ter,1,0,18,21
AHCYStn;H2Ot,0,1,19,20
AHCYStn;H2Otly,1,0,18,21
AHCYStn;HACD180,1,0,18,21
AHCYStn;HACD200,1,0,18,21
AHCYStn;HACD220,1,0,18,21
AHCYStn;HACD240,1,0,18,21
AHCYStn;HACD260,1,0,18,21
AHCYStn;HAS1,1,0,18,21
AHCYStn;HAS2,1,0,18,21
AHCYStn;HAtly,1,0,18,21
AHCYStn;HCO3E,0,1,19,20
AHCYStn;HEXCCOAtr,1,0,18,21
AHCYStn;HSD180,1,0,18,21
AHCYStn;HSD200,1,0,18,21
AHCYStn;HSD220,1,0,18,21
AHCYStn;HSD240,1,0,18,21
AHCYStn;HSD260,1,0,18,21
AHCYStn;HYAL,1,0,18,21
AHCYStn;Htg,1,0,18,21
AHCYStn;PAPStg,1,0,18,21
AHCYStn;PAPtg,1,0,18,21
AHCYStn;PGMT,1,0,18,21
AHCYStn;PPAm,0,1,19,20
AHCYStn;PPItm,0,1,19,20
AHCYStn;RDH1,0,1,19,20
AHCYStn;RDH1a,0,1,19,20
AHCYStn;RTOT5,1,0,18,21
AHCYStn;SADT,1,0,18,21
AHCYStn;SGALSIDEtg,1,0,18,21
AHCYStn;SGALSIDEtl,1,0,18,21
AHCYStn;SO4tl,1,0,18,21
AHCYStn;TECR180,1,0,18,21
AHCYStn;TECR200,1,0,18,21
AHCYStn;TECR220,1,0,18,21
AHCYStn;TECR240,1,0,18,21
AHCYStn;TECR260,1,0,18,21
AHCYStn;THRA,1,1,18,20
AHCYStn;UAGDP,1,0,18,21
AHCYStn;UDPGD,1,0,18,21
AHCYStn;UROLACer,1,0,18,21
AKGACACte;MAL_Lte,1,0,18,21
AKGDa1;ALAt2r,1,0,18,21
AKGDa1;FUM,1,0,18,21
AKGDa1;FUMMALtm,1,0,18,21
AKGDa1;FUMm,1,0,18,21
AKGDa2;ALAt2r,1,0,18,21
AKGDa2;FUM,1,0,18,21
AKGDa2;FUMMALtm,1,0,18,21
AKGDa2;FUMm,1,0,18,21
AKGDb;ALAt2r,1,0,18,21
AKGDb;FUM,1,0,18,21
AKGDb;FUMMALtm,1,0,18,21
AKGDb;FUMm,1,0,18,21
AKGFORte;PIt2m_2,0,1,19,20
AKGGHTRDtm;ARTFR52,0,1,19,20
AKGGHTRDtm;FAE200,0,1,19,20
AKGGHTRDtm;FAE220,0,1,19,20
AKGGHTRDtm;FAE240,0,1,19,20
AKGGHTRDtm;FAE260,0,1,19,20
AKGGHTRDtm;GLUDxm,0,1,19,20
AKGGHTRDtm;HACD200,0,1,19,20
AKGGHTRDtm;HACD220,0,1,19,20
AKGGHTRDtm;HACD240,0,1,19,20
AKGGHTRDtm;HACD260,0,1,19,20
AKGGHTRDtm;HEXCCOAtr,0,1,19,20
AKGGHTRDtm;HSD200,0,1,19,20
AKGGHTRDtm;HSD220,0,1,19,20
AKGGHTRDtm;HSD240,0,1,19,20
AKGGHTRDtm;HSD260,0,1,19,20
AKGGHTRDtm;NH4tm,0,1,19,20
AKGGHTRDtm;PIt2m_2,0,1,19,20
AKGGHTRDtm;PPAm,0,1,19,20
AKGGHTRDtm;PPItm,0,1,19,20
AKGGHTRDtm;RDH1,0,1,19,20
AKGGHTRDtm;RDH1a,0,1,19,20
AKGGHTRDtm;RTOT5,0,1,19,20
AKGGHTRDtm;TECR200,0,1,19,20
AKGGHTRDtm;TECR220,0,1,19,20
AKGGHTRDtm;TECR240,0,1,19,20
AKGGHTRDtm;TECR260,0,1,19,20
AKGSUCCtm;ALAt2r,1,0,18,21
AKGSUCCtm;AMPt4,0,1,19,20
AKGSUCCtm;ARCOAATp,1,0,18,21
AKGSUCCtm;ARCOAATr,1,0,18,21
AKGSUCCtm;ARTFR52,0,2,19,19
AKGSUCCtm;ARTFR56,1,0,18,21
AKGSUCCtm;ASPPROASCT1,0,1,19,20
AKGSUCCtm;ATPS4m,1,0,18,21
AKGSUCCtm;ATPt4,0,1,19,20
AKGSUCCtm;CACT7p,1,0,18,21
AKGSUCCtm;CACT7r,1,0,18,21
AKGSUCCtm;CAT,1,0,18,21
AKGSUCCtm;CATp,1,0,18,21
AKGSUCCtm;CO2tm,1,0,18,21
AKGSUCCtm;COAtp,1,0,18,21
AKGSUCCtm;COAtr,1,0,18,21
AKGSUCCtm;CRNCARtp,1,0,18,21
AKGSUCCtm;CSNATp,1,0,18,21
AKGSUCCtm;CSNATr,1,0,18,21
AKGSUCCtm;DESAT18_1,1,0,18,21
AKGSUCCtm;FAE200,0,2,19,19
AKGSUCCtm;FAE201,1,0,18,21
AKGSUCCtm;FAE220,0,2,19,19
AKGSUCCtm;FAE221,1,0,18,21
AKGSUCCtm;FAE224,1,0,18,21
AKGSUCCtm;FAE240,0,2,19,19
AKGSUCCtm;FAE241,1,0,18,21
AKGSUCCtm;FAE244,1,0,18,21
AKGSUCCtm;FAE260,0,2,19,19
AKGSUCCtm;FUM,1,0,18,21
AKGSUCCtm;FUMMALtm,1,0,18,21
AKGSUCCtm;FUMm,1,0,18,21
AKGSUCCtm;GGTAe2,1,0,18,21
AKGSUCCtm;GLUCYS,1,0,18,21
AKGSUCCtm;GLUDxm,0,1,19,20
AKGSUCCtm;GLUDym,1,0,18,21
AKGSUCCtm;GMPS,0,2,19,19
AKGSUCCtm;GTHRDte,1,0,18,21
AKGSUCCtm;GTHS,1,0,18,21
AKGSUCCtm;H2O2syn,1,0,18,21
AKGSUCCtm;H2Ot,0,1,19,20
AKGSUCCtm;HACD200,0,2,19,19
AKGSUCCtm;HACD201,1,0,18,21
AKGSUCCtm;HACD220,0,2,19,19
AKGSUCCtm;HACD221,1,0,18,21
AKGSUCCtm;HACD224,1,0,18,21
AKGSUCCtm;HACD240,0,2,19,19
AKGSUCCtm;HACD241,1,0,18,21
AKGSUCCtm;HACD244,1,0,18,21
AKGSUCCtm;HACD260,0,2,19,19
AKGSUCCtm;HCO3E,1,1,18,20
AKGSUCCtm;HCO3Em,0,1,19,20
AKGSUCCtm;HCO3tm,1,1,18,20
AKGSUCCtm;HEXCCOAtr,0,2,19,19
AKGSUCCtm;HSD200,0,2,19,19
AKGSUCCtm;HSD201,1,0,18,21
AKGSUCCtm;HSD220,0,2,19,19
AKGSUCCtm;HSD221,1,0,18,21
AKGSUCCtm;HSD224,1,0,18,21
AKGSUCCtm;HSD240,0,2,19,19
AKGSUCCtm;HSD241,1,0,18,21
AKGSUCCtm;HSD244,1,0,18,21
AKGSUCCtm;HSD260,0,2,19,19
AKGSUCCtm;Htx,1,0,18,21
AKGSUCCtm;NADH2_u10m,0,1,19,20
AKGSUCCtm;NADHtpu,1,0,18,21
AKGSUCCtm;NADtx,1,0,18,21
AKGSUCCtm;NCKt,0,1,19,20
AKGSUCCtm;NCNt,0,1,19,20
AKGSUCCtm;NH4tm,1,1,18,20
AKGSUCCtm;NRVNCCOAtr,1,0,18,21
AKGSUCCtm;NRVNCCOAtxc,1,0,18,21
AKGSUCCtm;O2tp,1,0,18,21
AKGSUCCtm;PHETA1,0,1,19,20
AKGSUCCtm;PHLAC,0,1,19,20
AKGSUCCtm;PHLACHt,0,1,19,20
AKGSUCCtm;PIt2m_2,0,1,19,20
AKGSUCCtm;PPA,1,1,18,20
AKGSUCCtm;RTOT4,0,1,19,20
AKGSUCCtm;RTOT5,0,2,19,19
AKGSUCCtm;TECR200,0,2,19,19
AKGSUCCtm;TECR201,1,0,18,21
AKGSUCCtm;TECR220,0,2,19,19
AKGSUCCtm;TECR221,1,0,18,21
AKGSUCCtm;TECR224,1,0,18,21
AKGSUCCtm;TECR240,0,2,19,19
AKGSUCCtm;TECR241,1,0,18,21
AKGSUCCtm;TECR244,1,0,18,21
AKGSUCCtm;TECR260,0,2,19,19
AKGSUCCtm;TTCTECOAtr,1,0,18,21
AKGtn;PPAm,0,1,19,20
AKGtn;PPItm,0,1,19,20
AKGtn;RDH1,0,1,19,20
AKGtn;RDH1a,0,1,19,20
AKGtn;THRA,1,1,18,20
ALABte;H2Ot,0,1,19,20
ALABte;NAt,1,0,18,21
ALAGLNexR;GLNt4,0,1,19,20
ALAt2r;AKGtn,1,1,18,20
ALAt2r;ALAtN1,1,0,18,21
ALAt2r;ALCD1,1,1,18,20
ALAt2r;AMETEPMT,1,1,18,20
ALAt2r;AMETtn,1,1,18,20
ALAt2r;AMID6,1,0,18,21
ALAt2r;AMPt4,1,0,18,21
ALAt2r;ATPt4,1,0,18,21
ALAt2r;CITRt2m,1,0,18,21
ALAt2r;CITRtm,1,0,18,21
ALAt2r;CO2tn,1,1,18,20
ALAt2r;ETHPL,1,1,18,20
ALAt2r;FALDtn,1,1,18,20
ALAt2r;FUM,1,0,18,21
ALAt2r;FUMMALtm,1,0,18,21
ALAt2r;FUMSUCCtm,1,0,18,21
ALAt2r;FUMm,1,0,18,21
ALAt2r;GLNt4,0,1,19,20
ALAt2r;GPAT,1,0,18,21
ALAt2r;H2Ot,0,1,19,20
ALAt2r;L_LACt4r,1,0,18,21
ALAt2r;MEOHt2,1,1,18,20
ALAt2r;NAHCO3_HCLt,1,0,18,21
ALAt2r;O2tn,1,1,18,20
ALAt2r;PEMET1,1,1,18,20
ALAt2r;PEMET2,1,1,18,20
ALAt2r;PIt2m_2,1,0,18,21
ALAt2r;PYRt2r,0,1,19,20
ALAt2r;SUCD1m,1,0,18,21
ALAt2r;SUCOAS1m,1,0,18,21
ALAt2r;THRA,1,1,18,20
ALAt4;ALAtN1,0,3,19,18
ALAtN1;FKYNH,0,1,19,20
ALAtN1;KYNAKGAT,0,1,19,20
ALAtN1;KYNATESYN,0,1,19,20
ALAtN1;KYNATEtr,0,1,19,20
ALAtN1;METDECARc,1,0,18,21
ALAtN1;METTRANSc,1,0,18,21
ALAtN1;NAHCO3_HCLt,1,0,18,21
ALAtN1;PPA,1,0,18,21
ALAtN1;PYRBUTte,1,0,18,21
ALAtN1;TRPO2,0,1,19,20
ALCD1;ARSA,1,0,18,21
ALCD1;ARTFR52,2,0,17,21
ALCD1;ASCBt5,1,0,18,21
ALCD1;ASCBtr,1,0,18,21
ALCD1;BPNT,1,0,18,21
ALCD1;CITRt2m,1,0,18,21
ALCD1;CITRtm,1,0,18,21
ALCD1;CO2tm,1,0,18,21
ALCD1;DHFR,1,0,18,21
ALCD1;DHFRx,1,0,18,21
ALCD1;DHFtm,1,0,18,21
ALCD1;FAE180,2,0,17,21
ALCD1;FAE200,2,0,17,21
ALCD1;FAE220,2,0,17,21
ALCD1;FAE240,2,0,17,21
ALCD1;FAE260,2,0,17,21
ALCD1;GAL3ST11,1,0,18,21
ALCD1;GALSIDEtg,1,0,18,21
ALCD1;GALSIDEtl,1,0,18,21
ALCD1;GALU,1,0,18,21
ALCD1;GLACter,1,0,18,21
ALCD1;GLCURter,1,0,18,21
ALCD1;GLCURtly,1,0,18,21
ALCD1;GLRASE,1,0,18,21
ALCD1;GLYtp,1,0,18,21
ALCD1;GULLACter,1,0,18,21
ALCD1;GULOer,1,0,18,21
ALCD1;H2O2ter,1,0,18,21
ALCD1;H2Ot,0,1,19,20
ALCD1;H2Otly,1,0,18,21
ALCD1;HACD180,2,0,17,21
ALCD1;HACD200,2,0,17,21
ALCD1;HACD220,2,0,17,21
ALCD1;HACD240,2,0,17,21
ALCD1;HACD260,2,0,17,21
ALCD1;HAS1,1,0,18,21
ALCD1;HAS2,1,0,18,21
ALCD1;HAtly,1,0,18,21
ALCD1;HCO3Em,2,0,17,21
ALCD1;HCO3_2NAt,1,0,18,21
ALCD1;HCO3tm,1,0,18,21
ALCD1;HEXCCOAtr,2,0,17,21
ALCD1;HSD180,2,0,17,21
ALCD1;HSD200,2,0,17,21
ALCD1;HSD220,2,0,17,21
ALCD1;HSD240,2,0,17,21
ALCD1;HSD260,2,0,17,21
ALCD1;HYAL,1,0,18,21
ALCD1;Htg,1,0,18,21
ALCD1;NADH2_u10m,1,0,18,21
ALCD1;PAPStg,1,0,18,21
ALCD1;PAPtg,1,0,18,21
ALCD1;PGMT,1,0,18,21
ALCD1;RTOT5,2,0,17,21
ALCD1;SADT,1,0,18,21
ALCD1;SGALSIDEtg,1,0,18,21
ALCD1;SGALSIDEtl,1,0,18,21
ALCD1;SO4tl,1,0,18,21
ALCD1;TECR180,2,0,17,21
ALCD1;TECR200,2,0,17,21
ALCD1;TECR220,2,0,17,21
ALCD1;TECR240,2,0,17,21
ALCD1;TECR260,2,0,17,21
ALCD1;THFtm,1,0,18,21
ALCD1;THRA,1,1,18,20
ALCD1;UAGDP,1,0,18,21
ALCD1;UDPGD,1,0,18,21
ALCD1;UROLACer,1,0,18,21
ALDD19x;BPNT,0,1,19,20
ALDD19x;CHAT,0,1,19,20
ALDD19x;DACT,0,1,19,20
ALDD19x;DHPR2,3,0,16,21
ALDD19x;DOPACCL,0,1,19,20
ALDD19x;IDHPOXOX2b,0,1,19,20
ALDD19x;IDHPOXOX3,0,1,19,20
ALDD19x;IDHPOXOXb,0,1,19,20
ALDD19x;It,0,1,19,20
ALDD19x;LACROX,0,1,19,20
ALDD19x;LDH_L,0,1,19,20
ALDD19x;MTHFR3x,3,0,16,21
ALDD19x;NM_8,0,1,19,20
ALDD19x;RADH,0,1,19,20
ALDD19x;RADH3,0,1,19,20
ALDD19x;RAI3,0,1,19,20
ALDD19x;RDH1a,0,1,19,20
ALDD19x;RDH4,0,1,19,20
ALDD19x;RETI3,0,1,19,20
ALDD19x;SADT,0,1,19,20
ALDD19x;THBPT4ACAMDASE,3,0,16,21
ALDD19x;THYPX,0,1,19,20
ALDD19x;THYRIDHD,0,1,19,20
ALDD19x;THYST,0,1,19,20
ALDD19x;TRPHYDRO2,3,0,16,21
ALDD19x;TYRDOPO,0,1,19,20
ALDD19xrm;HCO3E,0,1,19,20
ALDD19xrm;HCO3Em,0,1,19,20
ALDD19y;BPNT,0,1,19,20
ALDD19y;CHAT,0,1,19,20
ALDD19y;DACT,0,1,19,20
ALDD19y;DHPR2,3,0,16,21
ALDD19y;DOPACCL,0,1,19,20
ALDD19y;IDHPOXOX2b,0,1,19,20
ALDD19y;IDHPOXOX3,0,1,19,20
ALDD19y;IDHPOXOXb,0,1,19,20
ALDD19y;It,0,1,19,20
ALDD19y;LACROX,0,1,19,20
ALDD19y;LDH_L,0,1,19,20
ALDD19y;MTHFR3x,3,0,16,21
ALDD19y;NM_8,0,1,19,20
ALDD19y;RADH,0,1,19,20
ALDD19y;RADH3,0,1,19,20
ALDD19y;RAI3,0,1,19,20
ALDD19y;RDH1a,0,1,19,20
ALDD19y;RDH4,0,1,19,20
ALDD19y;RETI3,0,1,19,20
ALDD19y;SADT,0,1,19,20
ALDD19y;THBPT4ACAMDASE,3,0,16,21
ALDD19y;THYPX,0,1,19,20
ALDD19y;THYRIDHD,0,1,19,20
ALDD19y;THYST,0,1,19,20
ALDD19y;TRPHYDRO2,3,0,16,21
ALDD19y;TYRDOPO,0,1,19,20
ALDD19yrm;HCO3E,0,1,19,20
ALDD19yrm;HCO3Em,0,1,19,20
ALDD21;AMID6m,1,0,18,21
ALDD21;ARTFR43,1,0,18,21
ALDD21;CITRt2m,1,0,18,21
ALDD21;CITRtm,1,0,18,21
ALDD21;DESAT16_1,1,0,18,21
ALDD21;DRPA,1,0,18,21
ALDD21;DURIPP,1,0,18,21
ALDD21;FAE181,1,0,18,21
ALDD21;FUMMALtm,1,0,18,21
ALDD21;GLNtm,1,0,18,21
ALDD21;GLUDxm,1,0,18,21
ALDD21;GLXtm,1,0,18,21
ALDD21;GLXtp,1,0,18,21
ALDD21;GLYOp,1,0,18,21
ALDD21;GLYtm,1,0,18,21
ALDD21;GLYtp,1,0,18,21
ALDD21;GPATm,1,0,18,21
ALDD21;H2Otp,1,0,18,21
ALDD21;HACD181,1,0,18,21
ALDD21;HCO3Em,0,1,19,20
ALDD21;HSD181,1,0,18,21
ALDD21;NH4tp,1,0,18,21
ALDD21;OCTD11ECOAtr,1,0,18,21
ALDD21;PPA,3,1,16,20
ALDD21;PPM,1,0,18,21
ALDD21;PPM2,1,0,18,21
ALDD21;PROGLUtm,1,0,18,21
ALDD21;PROtm,1,0,18,21
ALDD21;PYNP2r,1,0,18,21
ALDD21;RTOT3,3,2,16,19
ALDD21;RTOT4,3,4,16,17
ALDD21;TECR181,1,0,18,21
ALDD21;TRDOXtm,1,0,18,21
ALDD21;TRDRDtm,1,0,18,21
ALDD21;TRDRm,1,0,18,21
ALDD21;URIK2,1,0,18,21
ALDD21x;AMID6m,1,0,18,21
ALDD21x;ARTFR43,1,0,18,21
ALDD21x;CITRt2m,1,0,18,21
ALDD21x;CITRtm,1,0,18,21
ALDD21x;DESAT16_1,1,0,18,21
ALDD21x;DRPA,1,0,18,21
ALDD21x;DURIPP,1,0,18,21
ALDD21x;FAE181,1,0,18,21
ALDD21x;FUMMALtm,1,0,18,21
ALDD21x;GLNtm,1,0,18,21
ALDD21x;GLUDxm,1,0,18,21
ALDD21x;GLXtm,1,0,18,21
ALDD21x;GLXtp,1,0,18,21
ALDD21x;GLYOp,1,0,18,21
ALDD21x;GLYtm,1,0,18,21
ALDD21x;GLYtp,1,0,18,21
ALDD21x;GPATm,1,0,18,21
ALDD21x;H2Otp,1,0,18,21
ALDD21x;HACD181,1,0,18,21
ALDD21x;HCO3Em,0,1,19,20
ALDD21x;HSD181,1,0,18,21
ALDD21x;NH4tp,1,0,18,21
ALDD21x;OCTD11ECOAtr,1,0,18,21
ALDD21x;PPA,3,1,16,20
ALDD21x;PPM,1,0,18,21
ALDD21x;PPM2,1,0,18,21
ALDD21x;PROGLUtm,1,0,18,21
ALDD21x;PROtm,1,0,18,21
ALDD21x;PYNP2r,1,0,18,21
ALDD21x;RTOT3,3,2,16,19
ALDD21x;RTOT4,3,4,16,17
ALDD21x;TECR181,1,0,18,21
ALDD21x;TRDOXtm,1,0,18,21
ALDD21x;TRDRDtm,1,0,18,21
ALDD21x;TRDRm,1,0,18,21
ALDD21x;URIK2,1,0,18,21
ALDD2y;ACITLn,0,1,19,20
ALDD2y;ADPtn,0,1,19,20
ALDD2y;ASPte,0,1,19,20
ALDD2y;ATPtn,0,1,19,20
ALDD2y;BPNT,0,1,19,20
ALDD2y;CHAT,0,1,19,20
ALDD2y;CHATn,0,1,19,20
ALDD2y;CHOLtn,0,1,19,20
ALDD2y;CITSUCCtm,0,1,19,20
ALDD2y;CITtn,0,1,19,20
ALDD2y;GLYATm,1,0,18,21
ALDD2y;GLYSNAT5tc,0,1,19,20
ALDD2y;GLYtm,1,0,18,21
ALDD2y;ICDHxrm,0,1,19,20
ALDD2y;ICITCITtm,0,1,19,20
ALDD2y;OAAtn,0,1,19,20
ALDD2y;OROTGLUt,0,1,19,20
ALDD2y;OROTte,0,1,19,20
ALDD2y;OXALSUCCCLm,0,1,19,20
ALDD2y;PItn,0,1,19,20
ALDD2y;SADT,0,1,19,20
ALDD2y;SO4CLtex,0,1,19,20
ALDD2y;THDm,1,0,18,21
ALDD2y;THRtm,1,0,18,21
ALPAP;DHFR,0,1,19,20
ALPAP;DHFRx,0,1,19,20
ALPAP;DHFtm,0,1,19,20
ALPAP;H2O2syn,0,1,19,20
ALPAP;THFtm,0,1,19,20
AMETEPMT;H2Ot,0,1,19,20
AMETEPMT;THRA,1,1,18,20
AMETtn;ARSA,1,0,18,21
AMETtn;ARTFR52,1,0,18,21
AMETtn;ASCBt5,1,0,18,21
AMETtn;ASCBtr,1,0,18,21
AMETtn;BPNT,1,0,18,21
AMETtn;FAE180,1,0,18,21
AMETtn;FAE200,1,0,18,21
AMETtn;FAE220,1,0,18,21
AMETtn;FAE240,1,0,18,21
AMETtn;FAE260,1,0,18,21
AMETtn;GAL3ST11,1,0,18,21
AMETtn;GALSIDEtg,1,0,18,21
AMETtn;GALSIDEtl,1,0,18,21
AMETtn;GALU,1,0,18,21
AMETtn;GLACter,1,0,18,21
AMETtn;GLCURter,1,0,18,21
AMETtn;GLCURtly,1,0,18,21
AMETtn;GLRASE,1,0,18,21
AMETtn;GLYtp,1,0,18,21
AMETtn;GULLACter,1,0,18,21
AMETtn;GULOer,1,0,18,21
AMETtn;H2O2ter,1,0,18,21
AMETtn;H2Ot,0,1,19,20
AMETtn;H2Otly,1,0,18,21
AMETtn;HACD180,1,0,18,21
AMETtn;HACD200,1,0,18,21
AMETtn;HACD220,1,0,18,21
AMETtn;HACD240,1,0,18,21
AMETtn;HACD260,1,0,18,21
AMETtn;HAS1,1,0,18,21
AMETtn;HAS2,1,0,18,21
AMETtn;HAtly,1,0,18,21
AMETtn;HCO3E,0,1,19,20
AMETtn;HEXCCOAtr,1,0,18,21
AMETtn;HSD180,1,0,18,21
AMETtn;HSD200,1,0,18,21
AMETtn;HSD220,1,0,18,21
AMETtn;HSD240,1,0,18,21
AMETtn;HSD260,1,0,18,21
AMETtn;HYAL,1,0,18,21
AMETtn;Htg,1,0,18,21
AMETtn;PAPStg,1,0,18,21
AMETtn;PAPtg,1,0,18,21
AMETtn;PGMT,1,0,18,21
AMETtn;PPAm,0,1,19,20
AMETtn;PPItm,0,1,19,20
AMETtn;RDH1,0,1,19,20
AMETtn;RDH1a,0,1,19,20
AMETtn;RTOT5,1,0,18,21
AMETtn;SADT,1,0,18,21
AMETtn;SGALSIDEtg,1,0,18,21
AMETtn;SGALSIDEtl,1,0,18,21
AMETtn;SO4tl,1,0,18,21
AMETtn;TECR180,1,0,18,21
AMETtn;TECR200,1,0,18,21
AMETtn;TECR220,1,0,18,21
AMETtn;TECR240,1,0,18,21
AMETtn;TECR260,1,0,18,21
AMETtn;THRA,1,1,18,20
AMETtn;UAGDP,1,0,18,21
AMETtn;UDPGD,1,0,18,21
AMETtn;UROLACer,1,0,18,21
AMID6;ARCOAATp,1,0,18,21
AMID6;ARCOAATr,1,0,18,21
AMID6;ARTFR56,1,0,18,21
AMID6;ATPS4m,1,0,18,21
AMID6;CACT7p,1,0,18,21
AMID6;CACT7r,1,0,18,21
AMID6;CATp,1,0,18,21
AMID6;COAtp,1,0,18,21
AMID6;COAtr,1,0,18,21
AMID6;CRNCARtp,1,0,18,21
AMID6;CSNATp,1,0,18,21
AMID6;CSNATr,1,0,18,21
AMID6;DESAT18_1,1,0,18,21
AMID6;FAE201,1,0,18,21
AMID6;FAE221,1,0,18,21
AMID6;FAE224,1,0,18,21
AMID6;FAE241,1,0,18,21
AMID6;FAE244,1,0,18,21
AMID6;FUM,1,0,18,21
AMID6;FUMMALtm,1,0,18,21
AMID6;FUMm,1,0,18,21
AMID6;GLUDxm,0,1,19,20
AMID6;GLUDym,1,0,18,21
AMID6;HACD201,1,0,18,21
AMID6;HACD221,1,0,18,21
AMID6;HACD224,1,0,18,21
AMID6;HACD241,1,0,18,21
AMID6;HACD244,1,0,18,21
AMID6;HSD201,1,0,18,21
AMID6;HSD221,1,0,18,21
AMID6;HSD224,1,0,18,21
AMID6;HSD241,1,0,18,21
AMID6;HSD244,1,0,18,21
AMID6;Htx,1,0,18,21
AMID6;NADHtpu,1,0,18,21
AMID6;NADtx,1,0,18,21
AMID6;NH4tm,1,1,18,20
AMID6;NRVNCCOAtr,1,0,18,21
AMID6;NRVNCCOAtxc,1,0,18,21
AMID6;O2tp,1,0,18,21
AMID6;PIt2m_2,0,1,19,20
AMID6;TECR201,1,0,18,21
AMID6;TECR221,1,0,18,21
AMID6;TECR224,1,0,18,21
AMID6;TECR241,1,0,18,21
AMID6;TECR244,1,0,18,21
AMID6;TTCTECOAtr,1,0,18,21
AMID6m;ARCOAATp,1,0,18,21
AMID6m;ARCOAATr,1,0,18,21
AMID6m;ARTFR56,1,0,18,21
AMID6m;CACT7p,1,0,18,21
AMID6m;CACT7r,1,0,18,21
AMID6m;COAtp,1,0,18,21
AMID6m;COAtr,1,0,18,21
AMID6m;CRNCARtp,1,0,18,21
AMID6m;CSNATp,1,0,18,21
AMID6m;CSNATr,1,0,18,21
AMID6m;DESAT18_1,1,0,18,21
AMID6m;FAE201,1,0,18,21
AMID6m;FAE221,1,0,18,21
AMID6m;FAE224,1,0,18,21
AMID6m;FAE241,1,0,18,21
AMID6m;FAE244,1,0,18,21
AMID6m;GLUDym,1,0,18,21
AMID6m;HACD201,1,0,18,21
AMID6m;HACD221,1,0,18,21
AMID6m;HACD224,1,0,18,21
AMID6m;HACD241,1,0,18,21
AMID6m;HACD244,1,0,18,21
AMID6m;HCO3E,1,0,18,21
AMID6m;HSD201,1,0,18,21
AMID6m;HSD221,1,0,18,21
AMID6m;HSD224,1,0,18,21
AMID6m;HSD241,1,0,18,21
AMID6m;HSD244,1,0,18,21
AMID6m;Htx,1,0,18,21
AMID6m;NRVNCCOAtr,1,0,18,21
AMID6m;NRVNCCOAtxc,1,0,18,21
AMID6m;PPA,1,0,18,21
AMID6m;PRISTANALtx,1,0,18,21
AMID6m;PRISTtx,1,0,18,21
AMID6m;TECR201,1,0,18,21
AMID6m;TECR221,1,0,18,21
AMID6m;TECR224,1,0,18,21
AMID6m;TECR241,1,0,18,21
AMID6m;TECR244,1,0,18,21
AMID6m;TTCTECOAtr,1,0,18,21
AMPt4;ACITLn,0,1,19,20
AMPt4;ADPtn,0,1,19,20
AMPt4;ARTFR52,0,1,19,20
AMPt4;ATPtn,0,1,19,20
AMPt4;CHATn,0,1,19,20
AMPt4;CHOLtn,0,1,19,20
AMPt4;CITSUCCtm,0,1,19,20
AMPt4;CITtn,0,1,19,20
AMPt4;CO2tm,0,1,19,20
AMPt4;CSm,0,1,19,20
AMPt4;DHCR241r,0,1,19,20
AMPt4;DHFR,0,1,19,20
AMPt4;DHFRx,0,1,19,20
AMPt4;DHFtm,0,1,19,20
AMPt4;EBP2r,0,1,19,20
AMPt4;FAE200,0,1,19,20
AMPt4;FAE220,0,1,19,20
AMPt4;FAE240,0,1,19,20
AMPt4;FAE260,0,1,19,20
AMPt4;FUM,1,0,18,21
AMPt4;FUMMALtm,1,0,18,21
AMPt4;FUMm,1,0,18,21
AMPt4;HACD200,0,1,19,20
AMPt4;HACD220,0,1,19,20
AMPt4;HACD240,0,1,19,20
AMPt4;HACD260,0,1,19,20
AMPt4;HCO3E,0,1,19,20
AMPt4;HCO3_CLt,0,1,19,20
AMPt4;HCO3tm,0,1,19,20
AMPt4;HEXCCOAtr,0,1,19,20
AMPt4;HMGLm,0,1,19,20
AMPt4;HSD200,0,1,19,20
AMPt4;HSD220,0,1,19,20
AMPt4;HSD240,0,1,19,20
AMPt4;HSD260,0,1,19,20
AMPt4;Htm,0,1,19,20
AMPt4;LDH_L,0,1,19,20
AMPt4;LSTO2r,0,1,19,20
AMPt4;L_LACt2r,0,1,19,20
AMPt4;MAL_Lte,0,1,19,20
AMPt4;OAAtn,0,1,19,20
AMPt4;PCm,0,1,19,20
AMPt4;PIt2m_2,0,1,19,20
AMPt4;PItn,0,1,19,20
AMPt4;PVD3,0,1,19,20
AMPt4;PYK,0,1,19,20
AMPt4;RTOT5,0,1,19,20
AMPt4;TECR200,0,1,19,20
AMPt4;TECR220,0,1,19,20
AMPt4;TECR240,0,1,19,20
AMPt4;TECR260,0,1,19,20
AMPt4;THFtm,0,1,19,20
AMPt4;THRA,0,1,19,20
AMPt4;VD3,0,1,19,20
AMPt4;VITD3Hm,0,1,19,20
AMPt4;VITD3tm,0,1,19,20
ARACHDCOAtr;COAtr,1,11,18,10
ARACHDCOAtr;GLUDxm,2,0,17,21
ARACHDCOAtr;H2Oter,1,13,18,8
ARACHDCOAtr;Htr,1,13,18,8
ARACHDCOAtr;PPAer,0,2,19,19
ARACHDCOAtr;PPIPItr,0,2,19,19
ARACHDCOAtr;RTOT3,5,1,14,20
ARACHDCOAtr;RTOT4,2,3,17,18
ARACHDtr;COAtr,1,11,18,10
ARACHDtr;H2Oter,1,13,18,8
ARACHDtr;Htr,1,13,18,8
ARACHDtr;PPAer,0,2,19,19
ARACHDtr;PPIPItr,0,2,19,19
ARCOAATp;ARTFR43,2,0,17,21
ARCOAATp;CITRt2m,1,0,18,21
ARCOAATp;CITRtm,1,0,18,21
ARCOAATp;DESAT16_1,2,0,17,21
ARCOAATp;DRPA,1,0,18,21
ARCOAATp;DURIPP,1,0,18,21
ARCOAATp;FAE181,2,0,17,21
ARCOAATp;FUMMALtm,1,0,18,21
ARCOAATp;GLNtm,1,0,18,21
ARCOAATp;GLUDxm,2,0,17,21
ARCOAATp;GLXtm,1,0,18,21
ARCOAATp;GLXtp,1,0,18,21
ARCOAATp;GLYOp,1,0,18,21
ARCOAATp;GLYtm,1,0,18,21
ARCOAATp;GLYtp,1,0,18,21
ARCOAATp;GPAT,1,0,18,21
ARCOAATp;GPATm,1,0,18,21
ARCOAATp;H2Otp,1,0,18,21
ARCOAATp;HACD181,2,0,17,21
ARCOAATp;HCO3Em,0,1,19,20
ARCOAATp;HSD181,2,0,17,21
ARCOAATp;MTHFC,1,0,18,21
ARCOAATp;MTHFD2,1,0,18,21
ARCOAATp;NH4tp,1,0,18,21
ARCOAATp;OCTD11ECOAtr,2,0,17,21
ARCOAATp;PIMALtm,1,0,18,21
ARCOAATp;PPM,1,0,18,21
ARCOAATp;PPM2,1,0,18,21
ARCOAATp;PROGLUtm,2,0,17,21
ARCOAATp;PROtm,2,0,17,21
ARCOAATp;PYNP2r,1,0,18,21
ARCOAATp;RTOT3,7,2,12,19
ARCOAATp;RTOT4,5,4,14,17
ARCOAATp;SO3AKGtm,1,0,18,21
ARCOAATp;SO3MALtm,1,0,18,21
ARCOAATp;TECR181,2,0,17,21
ARCOAATp;TRDOXtm,1,0,18,21
ARCOAATp;TRDRDtm,1,0,18,21
ARCOAATp;TRDRm,1,0,18,21
ARCOAATp;URIK2,1,0,18,21
ARCOAATr;ARTFR43,2,0,17,21
ARCOAATr;CITRt2m,1,0,18,21
ARCOAATr;CITRtm,1,0,18,21
ARCOAATr;DESAT16_1,2,0,17,21
ARCOAATr;DRPA,1,0,18,21
ARCOAATr;DURIPP,1,0,18,21
ARCOAATr;FAE181,2,0,17,21
ARCOAATr;FUMMALtm,1,0,18,21
ARCOAATr;GLNtm,1,0,18,21
ARCOAATr;GLXtm,1,0,18,21
ARCOAATr;GLXtp,1,0,18,21
ARCOAATr;GLYOp,1,0,18,21
ARCOAATr;GLYtm,1,0,18,21
ARCOAATr;GLYtp,1,0,18,21
ARCOAATr;GPAT,1,0,18,21
ARCOAATr;GPATm,1,0,18,21
ARCOAATr;H2Otp,1,0,18,21
ARCOAATr;HACD181,2,0,17,21
ARCOAATr;HCO3Em,0,1,19,20
ARCOAATr;HSD181,2,0,17,21
ARCOAATr;MTHFC,1,0,18,21
ARCOAATr;MTHFD2,1,0,18,21
ARCOAATr;NH4tp,1,0,18,21
ARCOAATr;OCTD11ECOAtr,2,0,17,21
ARCOAATr;PIMALtm,1,0,18,21
ARCOAATr;PPM,1,0,18,21
ARCOAATr;PPM2,1,0,18,21
ARCOAATr;PROGLUtm,2,0,17,21
ARCOAATr;PROtm,2,0,17,21
ARCOAATr;PYNP2r,1,0,18,21
ARCOAATr;RTOT3,2,1,17,20
ARCOAATr;RTOT4,3,1,16,20
ARCOAATr;SO3AKGtm,1,0,18,21
ARCOAATr;SO3MALtm,1,0,18,21
ARCOAATr;TECR181,2,0,17,21
ARCOAATr;TRDOXtm,1,0,18,21
ARCOAATr;TRDRDtm,1,0,18,21
ARCOAATr;TRDRm,1,0,18,21
ARCOAATr;URIK2,1,0,18,21
ARSA;BETALDHxm,1,0,18,21
ARSA;BHMT,1,0,18,21
ARSA;CHLtm,1,0,18,21
ARSA;CHOLD2m,1,0,18,21
ARSA;CO2t,0,1,19,20
ARSA;CO2tm,1,0,18,21
ARSA;DMGDHm,1,0,18,21
ARSA;DMGtm,1,0,18,21
ARSA;FALDtm,1,0,18,21
ARSA;FALDtx,1,0,18,21
ARSA;GLYBtm,1,0,18,21
ARSA;GLYSNAT5tc,1,0,18,21
ARSA;GLYtp,1,0,18,21
ARSA;H2O2syn,1,0,18,21
ARSA;H3K36MET_1,1,0,18,21
ARSA;H3K36MET_2,1,0,18,21
ARSA;H3K36MET_3,1,0,18,21
ARSA;H3K36_synthesis,1,0,18,21
ARSA;HCO3E,1,0,18,21
ARSA;HCO3Ee,0,1,19,20
ARSA;HCO3Em,1,0,18,21
ARSA;HCO3tm,1,0,18,21
ARSA;Htr,1,2,18,19
ARSA;LYStn,1,0,18,21
ARSA;MEOHt2,1,0,18,21
ARSA;METAT,1,0,18,21
ARSA;O2tm,0,1,19,20
ARSA;PFK2,0,2,19,19
ARSA;PYK,0,1,19,20
ARSA;PYRt2r,0,1,19,20
ARSA;RADH,0,1,19,20
ARSA;RADH4,0,1,19,20
ARSA;RAI3,0,1,19,20
ARSA;RDH1,0,1,19,20
ARSA;RDH4,0,1,19,20
ARSA;RETI3,0,1,19,20
ARSA;RTOT3,1,0,18,21
ARSA;SARCOXp,1,0,18,21
ARSA;SARCStm,1,0,18,21
ARSA;SARCStp,1,0,18,21
ARSA;TALA,0,1,19,20
ARSA;peplys_synthesis,1,0,18,21
ARTFR33;RTOT5,2,0,17,21
ARTFR43;ARTFR45,0,1,19,20
ARTFR43;ARTFR56,2,0,17,21
ARTFR43;RTOT5,2,0,17,21
ARTFR45;ARTFR52,0,1,19,20
ARTFR45;RTOT5,0,1,19,20
ARTFR52;ACITLn,0,4,19,17
ARTFR52;ADPtn,0,4,19,17
ARTFR52;CITtn,0,4,19,17
ARTFR52;H3K36MET_1,1,0,18,21
ARTFR52;H3K36MET_2,1,0,18,21
ARTFR52;H3K36MET_3,1,0,18,21
ARTFR52;H3K36_synthesis,1,0,18,21
ARTFR52;LYStn,1,0,18,21
ARTFR52;OAAtn,0,4,19,17
ARTFR52;RTOT4,0,1,19,20
ARTFR52;peplys_synthesis,1,0,18,21
ARTFR56;RTOT3,7,2,12,19
ARTFR56;RTOT4,5,4,14,17
ASCBt5;BETALDHxm,1,0,18,21
ASCBt5;BHMT,1,0,18,21
ASCBt5;CHLtm,1,0,18,21
ASCBt5;CHOLD2m,1,0,18,21
ASCBt5;CO2t,0,1,19,20
ASCBt5;CO2tm,1,0,18,21
ASCBt5;DMGDHm,1,0,18,21
ASCBt5;DMGtm,1,0,18,21
ASCBt5;FALDtm,1,0,18,21
ASCBt5;FALDtx,1,0,18,21
ASCBt5;GLYBtm,1,0,18,21
ASCBt5;GLYSNAT5tc,1,0,18,21
ASCBt5;GLYtp,1,0,18,21
ASCBt5;H2O2syn,1,0,18,21
ASCBt5;H3K36MET_1,1,0,18,21
ASCBt5;H3K36MET_2,1,0,18,21
ASCBt5;H3K36MET_3,1,0,18,21
ASCBt5;H3K36_synthesis,1,0,18,21
ASCBt5;HCO3E,1,0,18,21
ASCBt5;HCO3Ee,0,1,19,20
ASCBt5;HCO3Em,1,0,18,21
ASCBt5;HCO3tm,1,0,18,21
ASCBt5;Htr,1,3,18,18
ASCBt5;LYStn,1,0,18,21
ASCBt5;MEOHt2,1,0,18,21
ASCBt5;METAT,1,0,18,21
ASCBt5;O2tm,0,1,19,20
ASCBt5;PFK2,0,1,19,20
ASCBt5;PPA,0,1,19,20
ASCBt5;PYK,0,1,19,20
ASCBt5;PYRt2r,0,1,19,20
ASCBt5;RADH,0,1,19,20
ASCBt5;RADH4,0,1,19,20
ASCBt5;RAI3,0,1,19,20
ASCBt5;RDH1,0,1,19,20
ASCBt5;RDH4,0,1,19,20
ASCBt5;RETI3,0,1,19,20
ASCBt5;RTOT3,1,0,18,21
ASCBt5;SARCOXp,1,0,18,21
ASCBt5;SARCStm,1,0,18,21
ASCBt5;SARCStp,1,0,18,21
ASCBt5;peplys_synthesis,1,0,18,21
ASCBtr;BETALDHxm,1,0,18,21
ASCBtr;BHMT,1,0,18,21
ASCBtr;CHLtm,1,0,18,21
ASCBtr;CHOLD2m,1,0,18,21
ASCBtr;CO2t,0,1,19,20
ASCBtr;CO2tm,1,0,18,21
ASCBtr;DMGDHm,1,0,18,21
ASCBtr;DMGtm,1,0,18,21
ASCBtr;FALDtm,1,0,18,21
ASCBtr;FALDtx,1,0,18,21
ASCBtr;GLYBtm,1,0,18,21
ASCBtr;GLYSNAT5tc,1,0,18,21
ASCBtr;GLYtp,1,0,18,21
ASCBtr;H2O2syn,1,0,18,21
ASCBtr;H3K36MET_1,1,0,18,21
ASCBtr;H3K36MET_2,1,0,18,21
ASCBtr;H3K36MET_3,1,0,18,21
ASCBtr;H3K36_synthesis,1,0,18,21
ASCBtr;HCO3E,1,0,18,21
ASCBtr;HCO3Ee,0,1,19,20
ASCBtr;HCO3Em,1,0,18,21
ASCBtr;HCO3tm,1,0,18,21
ASCBtr;Htr,1,3,18,18
ASCBtr;LYStn,1,0,18,21
ASCBtr;MEOHt2,1,0,18,21
ASCBtr;METAT,1,0,18,21
ASCBtr;O2tm,0,1,19,20
ASCBtr;PFK2,0,1,19,20
ASCBtr;PPA,0,1,19,20
ASCBtr;PYK,0,1,19,20
ASCBtr;PYRt2r,0,1,19,20
ASCBtr;RADH,0,1,19,20
ASCBtr;RADH4,0,1,19,20
ASCBtr;RAI3,0,1,19,20
ASCBtr;RDH1,0,1,19,20
ASCBtr;RDH4,0,1,19,20
ASCBtr;RETI3,0,1,19,20
ASCBtr;RTOT3,1,0,18,21
ASCBtr;SARCOXp,1,0,18,21
ASCBtr;SARCStm,1,0,18,21
ASCBtr;SARCStp,1,0,18,21
ASCBtr;peplys_synthesis,1,0,18,21
ASNt4;ASNtN1,1,1,18,20
ASP1DC;H2Ot,0,1,19,20
ASP1DC;NAt,1,0,18,21
ASPPROASCT1;ACITLn,0,1,19,20
ASPPROASCT1;ADPtn,0,1,19,20
ASPPROASCT1;ATPtn,0,1,19,20
ASPPROASCT1;CHATn,0,1,19,20
ASPPROASCT1;CHOLtn,0,1,19,20
ASPPROASCT1;CITSUCCtm,0,1,19,20
ASPPROASCT1;CITtn,0,1,19,20
ASPPROASCT1;CSm,0,1,19,20
ASPPROASCT1;HCO3Em,0,1,19,20
ASPPROASCT1;HMGLm,0,1,19,20
ASPPROASCT1;NADH2_u10m,0,1,19,20
ASPPROASCT1;OAAtn,0,1,19,20
ASPPROASCT1;PCm,0,1,19,20
ASPPROASCT1;PItn,0,1,19,20
ASPTA;GMPS,0,2,19,19
ASPTA;MAL_Lte,1,0,18,21
ASPt6;ASPte,0,1,19,20
ASPte;ACITLn,0,1,19,20
ASPte;ADPtn,0,1,19,20
ASPte;ATPtn,0,1,19,20
ASPte;CHATn,0,1,19,20
ASPte;CHOLtn,0,1,19,20
ASPte;CITSUCCtm,0,1,19,20
ASPte;CITtn,0,1,19,20
ASPte;ICDHxrm,0,1,19,20
ASPte;ICITCITtm,0,1,19,20
ASPte;LYSCITRt2m,0,1,19,20
ASPte;LYSCITRtm,0,1,19,20
ASPte;OAAtn,0,1,19,20
ASPte;OROTGLUt,0,1,19,20
ASPte;OROTte,0,1,19,20
ASPte;OXALSUCCCLm,0,1,19,20
ASPte;PItn,0,1,19,20
ASPte;THRA,0,1,19,20
ATPS4m;ARTFR43,1,0,18,21
ATPS4m;ATPt4,3,1,16,20
ATPS4m;CAT,1,0,18,21
ATPS4m;CITRt2m,1,0,18,21
ATPS4m;CITRtm,1,0,18,21
ATPS4m;CO2tm,1,0,18,21
ATPS4m;DESAT16_1,1,0,18,21
ATPS4m;FAE181,1,0,18,21
ATPS4m;GLYC3Ptm,0,1,19,20
ATPS4m;GLYC3Ptmc,0,1,19,20
ATPS4m;GPAT,1,0,18,21
ATPS4m;H2O2syn,1,0,18,21
ATPS4m;HACD181,1,0,18,21
ATPS4m;HCO3E,1,0,18,21
ATPS4m;HCO3Em,1,0,18,21
ATPS4m;HCO3tm,1,0,18,21
ATPS4m;HSD181,1,0,18,21
ATPS4m;Htm,3,2,16,19
ATPS4m;NAt,1,0,18,21
ATPS4m;OCTD11ECOAtr,1,0,18,21
ATPS4m;PGAM1_PhosHydro,2,0,17,21
ATPS4m;PIMALtm,1,0,18,21
ATPS4m;PROGLUtm,1,0,18,21
ATPS4m;PROtm,1,0,18,21
ATPS4m;RTOT4,1,0,18,21
ATPS4m;SO3AKGtm,1,0,18,21
ATPS4m;SO3MALtm,1,0,18,21
ATPS4m;TECR181,1,0,18,21
ATPS4m;THRt4,0,1,19,20
ATPt4;ACITLn,0,1,19,20
ATPt4;ADPtn,0,1,19,20
ATPt4;ARTFR52,0,1,19,20
ATPt4;ATPtm,5,3,14,18
ATPt4;ATPtn,0,1,19,20
ATPt4;CHATn,0,1,19,20
ATPt4;CHOLtn,0,1,19,20
ATPt4;CITSUCCtm,0,1,19,20
ATPt4;CITtn,0,1,19,20
ATPt4;CO2tm,0,1,19,20
ATPt4;CSm,0,1,19,20
ATPt4;DHFR,0,1,19,20
ATPt4;DHFRx,0,1,19,20
ATPt4;DHFtm,0,1,19,20
ATPt4;FAE200,0,1,19,20
ATPt4;FAE220,0,1,19,20
ATPt4;FAE240,0,1,19,20
ATPt4;FAE260,0,1,19,20
ATPt4;FUM,1,0,18,21
ATPt4;FUMMALtm,1,0,18,21
ATPt4;FUMm,1,0,18,21
ATPt4;HACD200,0,1,19,20
ATPt4;HACD220,0,1,19,20
ATPt4;HACD240,0,1,19,20
ATPt4;HACD260,0,1,19,20
ATPt4;HCO3E,0,1,19,20
ATPt4;HCO3tm,0,1,19,20
ATPt4;HEXCCOAtr,0,1,19,20
ATPt4;HMGLm,0,1,19,20
ATPt4;HSD200,0,1,19,20
ATPt4;HSD220,0,1,19,20
ATPt4;HSD240,0,1,19,20
ATPt4;HSD260,0,1,19,20
ATPt4;Htm,0,1,19,20
ATPt4;LDH_L,0,1,19,20
ATPt4;L_LACt2r,0,1,19,20
ATPt4;NADH2_u10m,0,1,19,20
ATPt4;OAAtn,0,1,19,20
ATPt4;PCm,0,1,19,20
ATPt4;PHETA1,0,1,19,20
ATPt4;PHLAC,0,1,19,20
ATPt4;PHLACHt,0,1,19,20
ATPt4;PIt2m_2,2,1,17,20
ATPt4;PItn,0,1,19,20
ATPt4;PYK,0,1,19,20
ATPt4;RTOT5,0,1,19,20
ATPt4;TECR200,0,1,19,20
ATPt4;TECR220,0,1,19,20
ATPt4;TECR240,0,1,19,20
ATPt4;TECR260,0,1,19,20
ATPt4;THFtm,0,1,19,20
ATPtm;ACITLn,0,1,19,20
ATPtm;ADPtn,0,1,19,20
ATPtm;ATPtn,0,1,19,20
ATPtm;CHATn,0,1,19,20
ATPtm;CHOLtn,0,1,19,20
ATPtm;CITRt2m,0,1,19,20
ATPtm;CITRtm,0,1,19,20
ATPtm;CITtn,0,1,19,20
ATPtm;CO2tm,0,1,19,20
ATPtm;CSm,0,1,19,20
ATPtm;DHFR,1,1,18,20
ATPtm;DHFRx,1,1,18,20
ATPtm;DHFtm,1,1,18,20
ATPtm;FUM,1,0,18,21
ATPtm;H2Ot,0,1,19,20
ATPtm;HCO3E,1,3,18,18
ATPtm;HCO3Em,0,1,19,20
ATPtm;HCO3tm,1,1,18,20
ATPtm;HMGLm,0,1,19,20
ATPtm;Htm,4,3,15,18
ATPtm;ICITCITtm,0,1,19,20
ATPtm;ICITMALtm,0,1,19,20
ATPtm;ME2m,0,1,19,20
ATPtm;OAADC,0,1,19,20
ATPtm;OAAtn,0,1,19,20
ATPtm;PCm,0,1,19,20
ATPtm;PPA,1,1,18,20
ATPtm;PPItm,0,1,19,20
ATPtm;THFtm,1,1,18,20
ATPtn;ARTFR52,0,4,19,17
ATPtn;DHCR241r,0,1,19,20
ATPtn;EBP2r,0,1,19,20
ATPtn;FAE180,0,1,19,20
ATPtn;FAE200,0,4,19,17
ATPtn;FAE220,0,4,19,17
ATPtn;FAE240,0,4,19,17
ATPtn;FAE260,0,4,19,17
ATPtn;FUMMALtm,1,0,18,21
ATPtn;GMPS,0,2,19,19
ATPtn;HACD180,0,1,19,20
ATPtn;HACD200,0,4,19,17
ATPtn;HACD220,0,4,19,17
ATPtn;HACD240,0,4,19,17
ATPtn;HACD260,0,4,19,17
ATPtn;HCO3E,0,1,19,20
ATPtn;HEXCCOAtr,0,4,19,17
ATPtn;HSD180,0,1,19,20
ATPtn;HSD200,0,4,19,17
ATPtn;HSD220,0,4,19,17
ATPtn;HSD240,0,4,19,17
ATPtn;HSD260,0,4,19,17
ATPtn;LSTO2r,0,1,19,20
ATPtn;LYSCITRt2m,0,1,19,20
ATPtn;LYSCITRtm,0,1,19,20
ATPtn;MAL_Lte,0,3,19,18
ATPtn;PIt2m_2,0,1,19,20
ATPtn;PVD3,0,1,19,20
ATPtn;RTOT5,0,4,19,17
ATPtn;TECR180,0,1,19,20
ATPtn;TECR200,0,4,19,17
ATPtn;TECR220,0,4,19,17
ATPtn;TECR240,0,4,19,17
ATPtn;TECR260,0,4,19,17
ATPtn;THRA,0,2,19,19
ATPtn;VD3,0,1,19,20
ATPtn;VITD3Hm,0,1,19,20
ATPtn;VITD3tm,0,1,19,20
B3GNT38g;CAT,1,0,18,21
B3GNT38g;CITRt2m,1,0,18,21
B3GNT38g;CITRtm,1,0,18,21
B3GNT38g;H2O2syn,1,0,18,21
B3GNT38g;HCO3_2NAt,1,0,18,21
B3GNT38g;IDHPOXOX2b,0,1,19,20
B3GNT38g;IDHPOXOX3,0,1,19,20
B3GNT38g;IDHPOXOXb,0,1,19,20
B3GNT38g;It,0,1,19,20
B3GNT38g;KCCt,1,1,18,20
B3GNT38g;MTHFC,1,0,18,21
B3GNT38g;MTHFD2,1,0,18,21
B3GNT38g;NCKt,1,1,18,20
B3GNT38g;NCNt,1,1,18,20
B3GNT38g;NH4t3r,1,0,18,21
B3GNT38g;PGAM1_PhosHydro,1,0,18,21
B3GNT38g;SO4t4_3,1,0,18,21
B3GNT38g;THYPX,0,1,19,20
B3GNT38g;THYRIDHD,0,1,19,20
B3GNT38g;THYST,0,1,19,20
B3GNT38g;TYRDOPO,0,1,19,20
BETALDHx;CHAT,1,0,18,21
BETALDHx;CO2tm,1,0,18,21
BETALDHx;HCO3Em,1,0,18,21
BETALDHx;HCO3tm,1,0,18,21
BETALDHx;NAt,1,0,18,21
BETALDHx;RADH,1,0,18,21
BETALDHx;RADH4,1,0,18,21
BETALDHx;RAI3,1,0,18,21
BETALDHx;RDH1,1,0,18,21
BETALDHx;RDH4,1,0,18,21
BETALDHx;RETI3,1,0,18,21
BETALDHxm;ARTFR52,2,0,17,21
BETALDHxm;BPNT,1,0,18,21
BETALDHxm;FAE180,2,0,17,21
BETALDHxm;FAE200,2,0,17,21
BETALDHxm;FAE220,2,0,17,21
BETALDHxm;FAE240,2,0,17,21
BETALDHxm;FAE260,2,0,17,21
BETALDHxm;GAL3ST11,1,0,18,21
BETALDHxm;GALSIDEtg,1,0,18,21
BETALDHxm;GALSIDEtl,1,0,18,21
BETALDHxm;GALU,1,0,18,21
BETALDHxm;GLACter,1,0,18,21
BETALDHxm;GLCURter,1,0,18,21
BETALDHxm;GLCURtly,1,0,18,21
BETALDHxm;GLRASE,1,0,18,21
BETALDHxm;GLYtp,1,0,18,21
BETALDHxm;GULLACter,1,0,18,21
BETALDHxm;GULOer,1,0,18,21
BETALDHxm;H2O2ter,1,0,18,21
BETALDHxm;H2Otly,1,0,18,21
BETALDHxm;HACD180,2,0,17,21
BETALDHxm;HACD200,2,0,17,21
BETALDHxm;HACD220,2,0,17,21
BETALDHxm;HACD240,2,0,17,21
BETALDHxm;HACD260,2,0,17,21
BETALDHxm;HAS1,1,0,18,21
BETALDHxm;HAS2,1,0,18,21
BETALDHxm;HAtly,1,0,18,21
BETALDHxm;HCO3Em,1,0,18,21
BETALDHxm;HEXCCOAtr,2,0,17,21
BETALDHxm;HSD180,2,0,17,21
BETALDHxm;HSD200,2,0,17,21
BETALDHxm;HSD220,2,0,17,21
BETALDHxm;HSD240,2,0,17,21
BETALDHxm;HSD260,2,0,17,21
BETALDHxm;HYAL,1,0,18,21
BETALDHxm;Htg,1,0,18,21
BETALDHxm;PAPStg,1,0,18,21
BETALDHxm;PAPtg,1,0,18,21
BETALDHxm;PGMT,1,0,18,21
BETALDHxm;RTOT5,2,0,17,21
BETALDHxm;SADT,1,0,18,21
BETALDHxm;SGALSIDEtg,1,0,18,21
BETALDHxm;SGALSIDEtl,1,0,18,21
BETALDHxm;SO4tl,1,0,18,21
BETALDHxm;TECR180,2,0,17,21
BETALDHxm;TECR200,2,0,17,21
BETALDHxm;TECR220,2,0,17,21
BETALDHxm;TECR240,2,0,17,21
BETALDHxm;TECR260,2,0,17,21
BETALDHxm;UAGDP,1,0,18,21
BETALDHxm;UDPGD,1,0,18,21
BETALDHxm;UROLACer,1,0,18,21
BETALDHy;CHAT,1,0,18,21
BETALDHy;CO2tm,1,0,18,21
BETALDHy;HCO3Em,1,0,18,21
BETALDHy;HCO3tm,1,0,18,21
BETALDHy;NAt,1,0,18,21
BETALDHy;RADH,1,0,18,21
BETALDHy;RADH4,1,0,18,21
BETALDHy;RAI3,1,0,18,21
BETALDHy;RDH1,1,0,18,21
BETALDHy;RDH4,1,0,18,21
BETALDHy;RETI3,1,0,18,21
BHMT;ARTFR52,2,0,17,21
BHMT;BPNT,1,0,18,21
BHMT;FAE180,2,0,17,21
BHMT;FAE200,2,0,17,21
BHMT;FAE220,2,0,17,21
BHMT;FAE240,2,0,17,21
BHMT;FAE260,2,0,17,21
BHMT;GAL3ST11,1,0,18,21
BHMT;GALSIDEtg,1,0,18,21
BHMT;GALSIDEtl,1,0,18,21
BHMT;GALU,1,0,18,21
BHMT;GLACter,1,0,18,21
BHMT;GLCURter,1,0,18,21
BHMT;GLCURtly,1,0,18,21
BHMT;GLRASE,1,0,18,21
BHMT;GLYtp,1,0,18,21
BHMT;GULLACter,1,0,18,21
BHMT;GULOer,1,0,18,21
BHMT;H2O2ter,1,0,18,21
BHMT;H2Otly,1,0,18,21
BHMT;HACD180,2,0,17,21
BHMT;HACD200,2,0,17,21
BHMT;HACD220,2,0,17,21
BHMT;HACD240,2,0,17,21
BHMT;HACD260,2,0,17,21
BHMT;HAS1,1,0,18,21
BHMT;HAS2,1,0,18,21
BHMT;HAtly,1,0,18,21
BHMT;HCO3Em,1,0,18,21
BHMT;HEXCCOAtr,2,0,17,21
BHMT;HSD180,2,0,17,21
BHMT;HSD200,2,0,17,21
BHMT;HSD220,2,0,17,21
BHMT;HSD240,2,0,17,21
BHMT;HSD260,2,0,17,21
BHMT;HYAL,1,0,18,21
BHMT;Htg,1,0,18,21
BHMT;PAPStg,1,0,18,21
BHMT;PAPtg,1,0,18,21
BHMT;PGMT,1,0,18,21
BHMT;RTOT5,2,0,17,21
BHMT;SADT,1,0,18,21
BHMT;SGALSIDEtg,1,0,18,21
BHMT;SGALSIDEtl,1,0,18,21
BHMT;SO4tl,1,0,18,21
BHMT;TECR180,2,0,17,21
BHMT;TECR200,2,0,17,21
BHMT;TECR220,2,0,17,21
BHMT;TECR240,2,0,17,21
BHMT;TECR260,2,0,17,21
BHMT;UAGDP,1,0,18,21
BHMT;UDPGD,1,0,18,21
BHMT;UROLACer,1,0,18,21
BPNT;CAT,1,0,18,21
BPNT;CHLtm,1,0,18,21
BPNT;CHOLD2m,1,0,18,21
BPNT;CITRt2m,1,0,18,21
BPNT;CITRtm,1,0,18,21
BPNT;CO2t,1,1,18,20
BPNT;CO2tm,1,0,18,21
BPNT;CYSSNAT5tc,0,1,19,20
BPNT;DMGDHm,1,0,18,21
BPNT;DMGtm,1,0,18,21
BPNT;FALDtm,1,0,18,21
BPNT;FALDtx,1,0,18,21
BPNT;FCYTOB5OXRr,0,1,19,20
BPNT;GLUDxm,0,1,19,20
BPNT;GLYBtm,1,0,18,21
BPNT;GLYSNAT5tc,1,0,18,21
BPNT;GLYt2r,1,0,18,21
BPNT;GLYtp,1,0,18,21
BPNT;H2O2syn,2,0,17,21
BPNT;H3K36MET_1,1,0,18,21
BPNT;H3K36MET_2,1,0,18,21
BPNT;H3K36MET_3,1,0,18,21
BPNT;H3K36_synthesis,1,0,18,21
BPNT;HCO3E,1,1,18,20
BPNT;HCO3Ee,0,1,19,20
BPNT;HCO3Em,1,0,18,21
BPNT;HCO3_2NAt,3,1,16,20
BPNT;HCO3tm,1,0,18,21
BPNT;Htr,1,2,18,19
BPNT;KCC2t,0,1,19,20
BPNT;KCCt,1,1,18,20
BPNT;LYStn,1,0,18,21
BPNT;MEOHt2,1,0,18,21
BPNT;METAT,1,0,18,21
BPNT;NADH2_u10m,0,1,19,20
BPNT;NADHtru,0,1,19,20
BPNT;NADtru,0,1,19,20
BPNT;NAHCO3_HCLt,1,1,18,20
BPNT;NCKt,1,1,18,20
BPNT;NCNt,1,1,18,20
BPNT;NH4t3r,1,0,18,21
BPNT;NH4tm,0,1,19,20
BPNT;O2tm,0,1,19,20
BPNT;PFK2,0,2,19,19
BPNT;PGAM1_PhosHydro,1,0,18,21
BPNT;PIMALtm,0,1,19,20
BPNT;PROGLUtm,0,1,19,20
BPNT;PROtm,0,1,19,20
BPNT;PYRt2r,0,1,19,20
BPNT;RADH,0,1,19,20
BPNT;RADH4,0,1,19,20
BPNT;RAI3,0,1,19,20
BPNT;RDH1,0,1,19,20
BPNT;RDH4,0,1,19,20
BPNT;RETI3,0,1,19,20
BPNT;RTOT3,1,0,18,21
BPNT;SARCOXp,1,0,18,21
BPNT;SARCStm,1,0,18,21
BPNT;SARCStp,1,0,18,21
BPNT;SO3AKGtm,0,1,19,20
BPNT;SO3MALtm,0,1,19,20
BPNT;SO4t4_3,1,0,18,21
BPNT;TALA,0,1,19,20
BPNT;TYRDOPO,0,1,19,20
BPNT;peplys_synthesis,1,0,18,21
BTCOACRNtm;HCO3_CLt,0,1,19,20
BUTSMCT1;FORLACte,1,0,18,21
BUTt2m;ARTFR52,0,1,19,20
BUTt2m;FAE180,0,1,19,20
BUTt2m;FAE200,0,1,19,20
BUTt2m;FAE220,0,1,19,20
BUTt2m;FAE240,0,1,19,20
BUTt2m;FAE260,0,1,19,20
BUTt2m;HACD180,0,1,19,20
BUTt2m;HACD200,0,1,19,20
BUTt2m;HACD220,0,1,19,20
BUTt2m;HACD240,0,1,19,20
BUTt2m;HACD260,0,1,19,20
BUTt2m;HCO3E,0,1,19,20
BUTt2m;HCO3_CLt,0,1,19,20
BUTt2m;HEXCCOAtr,0,1,19,20
BUTt2m;HSD180,0,1,19,20
BUTt2m;HSD200,0,1,19,20
BUTt2m;HSD220,0,1,19,20
BUTt2m;HSD240,0,1,19,20
BUTt2m;HSD260,0,1,19,20
BUTt2m;RTOT5,0,1,19,20
BUTt2m;TECR180,0,1,19,20
BUTt2m;TECR200,0,1,19,20
BUTt2m;TECR220,0,1,19,20
BUTt2m;TECR240,0,1,19,20
BUTt2m;TECR260,0,1,19,20
C161CPT1;THRA,0,1,19,20
C161CPT1;THRt4,0,1,19,20
C204CPT1;GLUDxm,2,0,17,21
C204CPT1;RTOT3,5,1,14,20
C204CPT1;RTOT4,2,3,17,18
C2tcx;GLUDxm,2,0,17,21
C2tcx;H2O2syn,1,0,18,21
C2tcx;MTHFC,1,0,18,21
C2tcx;MTHFD2,1,0,18,21
C2tcx;PPA,2,0,17,21
C2tcx;RTOT3,3,0,16,21
C2tcx;RTOT4,2,0,17,21
CACT4r;THRA,0,1,19,20
CACT4r;THRt4,0,1,19,20
CACT7p;ARTFR43,2,0,17,21
CACT7p;CITRt2m,1,0,18,21
CACT7p;CITRtm,1,0,18,21
CACT7p;DESAT16_1,2,0,17,21
CACT7p;DRPA,1,0,18,21
CACT7p;DURIPP,1,0,18,21
CACT7p;FAE181,2,0,17,21
CACT7p;FUMMALtm,1,0,18,21
CACT7p;GLNtm,1,0,18,21
CACT7p;GLUDxm,2,0,17,21
CACT7p;GLXtm,1,0,18,21
CACT7p;GLXtp,1,0,18,21
CACT7p;GLYOp,1,0,18,21
CACT7p;GLYtm,1,0,18,21
CACT7p;GLYtp,1,0,18,21
CACT7p;GPAT,1,0,18,21
CACT7p;GPATm,1,0,18,21
CACT7p;H2Otp,1,0,18,21
CACT7p;HACD181,2,0,17,21
CACT7p;HCO3Em,0,1,19,20
CACT7p;HSD181,2,0,17,21
CACT7p;MTHFC,1,0,18,21
CACT7p;MTHFD2,1,0,18,21
CACT7p;NH4tp,1,0,18,21
CACT7p;OCTD11ECOAtr,2,0,17,21
CACT7p;PIMALtm,1,0,18,21
CACT7p;PPM,1,0,18,21
CACT7p;PPM2,1,0,18,21
CACT7p;PROGLUtm,2,0,17,21
CACT7p;PROtm,2,0,17,21
CACT7p;PYNP2r,1,0,18,21
CACT7p;RTOT3,7,2,12,19
CACT7p;RTOT4,5,4,14,17
CACT7p;SO3AKGtm,1,0,18,21
CACT7p;SO3MALtm,1,0,18,21
CACT7p;TECR181,2,0,17,21
CACT7p;TRDOXtm,1,0,18,21
CACT7p;TRDRDtm,1,0,18,21
CACT7p;TRDRm,1,0,18,21
CACT7p;URIK2,1,0,18,21
CACT7r;ARTFR43,2,0,17,21
CACT7r;CITRt2m,1,0,18,21
CACT7r;CITRtm,1,0,18,21
CACT7r;DESAT16_1,2,0,17,21
CACT7r;DRPA,1,0,18,21
CACT7r;DURIPP,1,0,18,21
CACT7r;FAE181,2,0,17,21
CACT7r;FUMMALtm,1,0,18,21
CACT7r;GLNtm,1,0,18,21
CACT7r;GLXtm,1,0,18,21
CACT7r;GLXtp,1,0,18,21
CACT7r;GLYOp,1,0,18,21
CACT7r;GLYtm,1,0,18,21
CACT7r;GLYtp,1,0,18,21
CACT7r;GPAT,1,0,18,21
CACT7r;GPATm,1,0,18,21
CACT7r;H2Otp,1,0,18,21
CACT7r;HACD181,2,0,17,21
CACT7r;HCO3Em,0,1,19,20
CACT7r;HSD181,2,0,17,21
CACT7r;MTHFC,1,0,18,21
CACT7r;MTHFD2,1,0,18,21
CACT7r;NH4tp,1,0,18,21
CACT7r;OCTD11ECOAtr,2,0,17,21
CACT7r;PIMALtm,1,0,18,21
CACT7r;PPM,1,0,18,21
CACT7r;PPM2,1,0,18,21
CACT7r;PROGLUtm,2,0,17,21
CACT7r;PROtm,2,0,17,21
CACT7r;PYNP2r,1,0,18,21
CACT7r;RTOT3,2,1,17,20
CACT7r;RTOT4,3,1,16,20
CACT7r;SO3AKGtm,1,0,18,21
CACT7r;SO3MALtm,1,0,18,21
CACT7r;TECR181,2,0,17,21
CACT7r;TRDOXtm,1,0,18,21
CACT7r;TRDRDtm,1,0,18,21
CACT7r;TRDRm,1,0,18,21
CACT7r;URIK2,1,0,18,21
CAT;CERT1gt,1,0,18,21
CAT;CITRt2m,2,0,17,21
CAT;CITRtm,2,0,17,21
CAT;CO2tm,3,1,16,20
CAT;DHFR,1,1,18,20
CAT;DHFRx,1,1,18,20
CAT;DHFtm,1,1,18,20
CAT;DHPR2,1,0,18,21
CAT;DIGALSGALSIDEte,1,0,18,21
CAT;DIGALSGALSIDEtg,1,0,18,21
CAT;FKYNH,1,0,18,21
CAT;GAL3ST12,1,0,18,21
CAT;GALU,1,0,18,21
CAT;GLYATm,1,0,18,21
CAT;GLYt2r,1,0,18,21
CAT;GLYtm,1,0,18,21
CAT;H2Otg,1,0,18,21
CAT;HCO3E,1,0,18,21
CAT;HCO3Em,3,1,16,20
CAT;HCO3tm,3,1,16,20
CAT;Htg,1,0,18,21
CAT;KCC2t,1,0,18,21
CAT;KCCt,1,0,18,21
CAT;KYNAKGAT,1,0,18,21
CAT;KYNATESYN,1,0,18,21
CAT;KYNATEtr,1,0,18,21
CAT;MTHFR3x,1,0,18,21
CAT;NADH2_u10m,1,1,18,20
CAT;NDP7g,1,0,18,21
CAT;PAPStg,1,0,18,21
CAT;PAPtg,1,0,18,21
CAT;PFK2,0,1,19,20
CAT;PGMT,1,0,18,21
CAT;PIMALtm,1,0,18,21
CAT;PIt2m_2,1,0,18,21
CAT;PItg,1,0,18,21
CAT;PPA,1,0,18,21
CAT;PROGLUtm,1,0,18,21
CAT;PROtm,1,0,18,21
CAT;PYRt2r,0,1,19,20
CAT;RDH1,1,0,18,21
CAT;RDH1a,1,0,18,21
CAT;SADT,1,0,18,21
CAT;SO3AKGtm,1,0,18,21
CAT;SO3MALtm,1,0,18,21
CAT;THBPT4ACAMDASE,1,0,18,21
CAT;THDm,1,0,18,21
CAT;THFtm,1,1,18,20
CAT;THRtm,1,0,18,21
CAT;TRPHYDRO2,1,0,18,21
CAT;TRPO2,1,0,18,21
CAT;UDPG4E,1,0,18,21
CAT;UDPGALtg,1,0,18,21
CAT;UGALCG,1,0,18,21
CATm;O2tm,0,1,19,20
CATp;ARTFR43,2,0,17,21
CATp;ARTFR52,1,0,18,21
CATp;DESAT16_1,2,0,17,21
CATp;DRPA,1,0,18,21
CATp;DURIPP,1,0,18,21
CATp;FAE180,1,0,18,21
CATp;FAE181,2,0,17,21
CATp;FAE200,1,0,18,21
CATp;FAE220,1,0,18,21
CATp;FAE240,1,0,18,21
CATp;FAE260,1,0,18,21
CATp;GLUDxm,1,0,18,21
CATp;GPAT,1,0,18,21
CATp;H2O2syn,1,0,18,21
CATp;HACD180,1,0,18,21
CATp;HACD181,2,0,17,21
CATp;HACD200,1,0,18,21
CATp;HACD220,1,0,18,21
CATp;HACD240,1,0,18,21
CATp;HACD260,1,0,18,21
CATp;HCO3Em,1,1,18,20
CATp;HCO3_CLt,0,1,19,20
CATp;HEXCCOAtr,1,0,18,21
CATp;HSD180,1,0,18,21
CATp;HSD181,2,0,17,21
CATp;HSD200,1,0,18,21
CATp;HSD220,1,0,18,21
CATp;HSD240,1,0,18,21
CATp;HSD260,1,0,18,21
CATp;MTHFC,1,0,18,21
CATp;MTHFD2,1,0,18,21
CATp;OCTD11ECOAtr,2,0,17,21
CATp;PIMALtm,1,0,18,21
CATp;PPA,3,1,16,20
CATp;PPM,1,0,18,21
CATp;PPM2,1,0,18,21
CATp;PROGLUtm,1,0,18,21
CATp;PROtm,1,0,18,21
CATp;PYNP2r,1,0,18,21
CATp;RTOT3,6,2,13,19
CATp;RTOT4,3,4,16,17
CATp;RTOT5,1,0,18,21
CATp;SO3AKGtm,1,0,18,21
CATp;SO3MALtm,1,0,18,21
CATp;TECR180,1,0,18,21
CATp;TECR181,2,0,17,21
CATp;TECR200,1,0,18,21
CATp;TECR220,1,0,18,21
CATp;TECR240,1,0,18,21
CATp;TECR260,1,0,18,21
CATp;TRDOXtm,1,0,18,21
CATp;TRDRDtm,1,0,18,21
CATp;TRDRm,1,0,18,21
CATp;URIK2,1,0,18,21
CAt7r;NTD7,0,1,19,20
CAt7r;PUNP1,0,1,19,20
CERT1gt;CITRt2m,1,0,18,21
CERT1gt;CITRtm,1,0,18,21
CERT1gt;H2O2syn,1,0,18,21
CERT1gt;HCO3_2NAt,1,0,18,21
CERT1gt;IDHPOXOX2b,0,1,19,20
CERT1gt;IDHPOXOX3,0,1,19,20
CERT1gt;IDHPOXOXb,0,1,19,20
CERT1gt;It,0,1,19,20
CERT1gt;KCCt,1,1,18,20
CERT1gt;MTHFC,1,0,18,21
CERT1gt;MTHFD2,1,0,18,21
CERT1gt;NCKt,1,1,18,20
CERT1gt;NCNt,1,1,18,20
CERT1gt;NH4t3r,1,0,18,21
CERT1gt;PGAM1_PhosHydro,1,0,18,21
CERT1gt;SO4t4_3,1,0,18,21
CERT1gt;THYPX,0,1,19,20
CERT1gt;THYRIDHD,0,1,19,20
CERT1gt;THYST,0,1,19,20
CERT1gt;TYRDOPO,0,1,19,20
CHAT;PYRt2r,0,2,19,19
CHAT;PYRt4_2,0,1,19,20
CHAT;RDH1,1,2,18,19
CHAT;RDH1a,1,0,18,21
CHAT;RDH3,0,1,19,20
CHAT;RDH3a,0,1,19,20
CHAT;THRA,0,2,19,19
CHATn;ARTFR52,0,4,19,17
CHATn;DHCR241r,0,1,19,20
CHATn;EBP2r,0,1,19,20
CHATn;FAE180,0,1,19,20
CHATn;FAE200,0,4,19,17
CHATn;FAE220,0,4,19,17
CHATn;FAE240,0,4,19,17
CHATn;FAE260,0,4,19,17
CHATn;FUMMALtm,1,0,18,21
CHATn;GMPS,0,2,19,19
CHATn;HACD180,0,1,19,20
CHATn;HACD200,0,4,19,17
CHATn;HACD220,0,4,19,17
CHATn;HACD240,0,4,19,17
CHATn;HACD260,0,4,19,17
CHATn;HCO3E,0,1,19,20
CHATn;HEXCCOAtr,0,4,19,17
CHATn;HSD180,0,1,19,20
CHATn;HSD200,0,4,19,17
CHATn;HSD220,0,4,19,17
CHATn;HSD240,0,4,19,17
CHATn;HSD260,0,4,19,17
CHATn;LSTO2r,0,1,19,20
CHATn;LYSCITRt2m,0,1,19,20
CHATn;LYSCITRtm,0,1,19,20
CHATn;MAL_Lte,0,3,19,18
CHATn;PIt2m_2,0,1,19,20
CHATn;PVD3,0,1,19,20
CHATn;RTOT5,0,4,19,17
CHATn;TECR180,0,1,19,20
CHATn;TECR200,0,4,19,17
CHATn;TECR220,0,4,19,17
CHATn;TECR240,0,4,19,17
CHATn;TECR260,0,4,19,17
CHATn;THRA,0,2,19,19
CHATn;VD3,0,1,19,20
CHATn;VITD3Hm,0,1,19,20
CHATn;VITD3tm,0,1,19,20
CHLtm;ARTFR52,2,0,17,21
CHLtm;FAE180,2,0,17,21
CHLtm;FAE200,2,0,17,21
CHLtm;FAE220,2,0,17,21
CHLtm;FAE240,2,0,17,21
CHLtm;FAE260,2,0,17,21
CHLtm;GAL3ST11,1,0,18,21
CHLtm;GALSIDEtg,1,0,18,21
CHLtm;GALSIDEtl,1,0,18,21
CHLtm;GALU,1,0,18,21
CHLtm;GLACter,1,0,18,21
CHLtm;GLCURter,1,0,18,21
CHLtm;GLCURtly,1,0,18,21
CHLtm;GLRASE,1,0,18,21
CHLtm;GLYtp,1,0,18,21
CHLtm;GULLACter,1,0,18,21
CHLtm;GULOer,1,0,18,21
CHLtm;H2O2ter,1,0,18,21
CHLtm;H2Otly,1,0,18,21
CHLtm;HACD180,2,0,17,21
CHLtm;HACD200,2,0,17,21
CHLtm;HACD220,2,0,17,21
CHLtm;HACD240,2,0,17,21
CHLtm;HACD260,2,0,17,21
CHLtm;HAS1,1,0,18,21
CHLtm;HAS2,1,0,18,21
CHLtm;HAtly,1,0,18,21
CHLtm;HCO3Em,1,0,18,21
CHLtm;HEXCCOAtr,2,0,17,21
CHLtm;HSD180,2,0,17,21
CHLtm;HSD200,2,0,17,21
CHLtm;HSD220,2,0,17,21
CHLtm;HSD240,2,0,17,21
CHLtm;HSD260,2,0,17,21
CHLtm;HYAL,1,0,18,21
CHLtm;Htg,1,0,18,21
CHLtm;PAPStg,1,0,18,21
CHLtm;PAPtg,1,0,18,21
CHLtm;PGMT,1,0,18,21
CHLtm;RTOT5,2,0,17,21
CHLtm;SADT,1,0,18,21
CHLtm;SGALSIDEtg,1,0,18,21
CHLtm;SGALSIDEtl,1,0,18,21
CHLtm;SO4tl,1,0,18,21
CHLtm;TECR180,2,0,17,21
CHLtm;TECR200,2,0,17,21
CHLtm;TECR220,2,0,17,21
CHLtm;TECR240,2,0,17,21
CHLtm;TECR260,2,0,17,21
CHLtm;UAGDP,1,0,18,21
CHLtm;UDPGD,1,0,18,21
CHLtm;UROLACer,1,0,18,21
CHOLD2m;ARTFR52,2,0,17,21
CHOLD2m;FAE180,2,0,17,21
CHOLD2m;FAE200,2,0,17,21
CHOLD2m;FAE220,2,0,17,21
CHOLD2m;FAE240,2,0,17,21
CHOLD2m;FAE260,2,0,17,21
CHOLD2m;GAL3ST11,1,0,18,21
CHOLD2m;GALSIDEtg,1,0,18,21
CHOLD2m;GALSIDEtl,1,0,18,21
CHOLD2m;GALU,1,0,18,21
CHOLD2m;GLACter,1,0,18,21
CHOLD2m;GLCURter,1,0,18,21
CHOLD2m;GLCURtly,1,0,18,21
CHOLD2m;GLRASE,1,0,18,21
CHOLD2m;GLYtp,1,0,18,21
CHOLD2m;GULLACter,1,0,18,21
CHOLD2m;GULOer,1,0,18,21
CHOLD2m;H2O2ter,1,0,18,21
CHOLD2m;H2Otly,1,0,18,21
CHOLD2m;HACD180,2,0,17,21
CHOLD2m;HACD200,2,0,17,21
CHOLD2m;HACD220,2,0,17,21
CHOLD2m;HACD240,2,0,17,21
CHOLD2m;HACD260,2,0,17,21
CHOLD2m;HAS1,1,0,18,21
CHOLD2m;HAS2,1,0,18,21
CHOLD2m;HAtly,1,0,18,21
CHOLD2m;HCO3Em,1,0,18,21
CHOLD2m;HEXCCOAtr,2,0,17,21
CHOLD2m;HSD180,2,0,17,21
CHOLD2m;HSD200,2,0,17,21
CHOLD2m;HSD220,2,0,17,21
CHOLD2m;HSD240,2,0,17,21
CHOLD2m;HSD260,2,0,17,21
CHOLD2m;HYAL,1,0,18,21
CHOLD2m;Htg,1,0,18,21
CHOLD2m;PAPStg,1,0,18,21
CHOLD2m;PAPtg,1,0,18,21
CHOLD2m;PGMT,1,0,18,21
CHOLD2m;RTOT5,2,0,17,21
CHOLD2m;SADT,1,0,18,21
CHOLD2m;SGALSIDEtg,1,0,18,21
CHOLD2m;SGALSIDEtl,1,0,18,21
CHOLD2m;SO4tl,1,0,18,21
CHOLD2m;TECR180,2,0,17,21
CHOLD2m;TECR200,2,0,17,21
CHOLD2m;TECR220,2,0,17,21
CHOLD2m;TECR240,2,0,17,21
CHOLD2m;TECR260,2,0,17,21
CHOLD2m;UAGDP,1,0,18,21
CHOLD2m;UDPGD,1,0,18,21
CHOLD2m;UROLACer,1,0,18,21
CHOLPtg;GPDDA1,1,0,18,21
CHOLPtg;LPASE,1,0,18,21
CHOLPtg;LPCHOLt4,1,0,18,21
CHOLPtg;PCHOLHSTDe,1,0,18,21
CHOLPtg;PLA2_2e,1,0,18,21
CHOLPtg;R_group_phosphotase_1,1,0,18,21
CHOLPtg;Rtotalt,1,0,18,21
CHOLt4;CHOLtu,0,1,19,20
CHOLtn;ARTFR52,0,4,19,17
CHOLtn;DHCR241r,0,1,19,20
CHOLtn;EBP2r,0,1,19,20
CHOLtn;FAE180,0,1,19,20
CHOLtn;FAE200,0,4,19,17
CHOLtn;FAE220,0,4,19,17
CHOLtn;FAE240,0,4,19,17
CHOLtn;FAE260,0,4,19,17
CHOLtn;FUMMALtm,1,0,18,21
CHOLtn;GMPS,0,2,19,19
CHOLtn;HACD180,0,1,19,20
CHOLtn;HACD200,0,4,19,17
CHOLtn;HACD220,0,4,19,17
CHOLtn;HACD240,0,4,19,17
CHOLtn;HACD260,0,4,19,17
CHOLtn;HCO3E,0,1,19,20
CHOLtn;HEXCCOAtr,0,4,19,17
CHOLtn;HSD180,0,1,19,20
CHOLtn;HSD200,0,4,19,17
CHOLtn;HSD220,0,4,19,17
CHOLtn;HSD240,0,4,19,17
CHOLtn;HSD260,0,4,19,17
CHOLtn;LSTO2r,0,1,19,20
CHOLtn;LYSCITRt2m,0,1,19,20
CHOLtn;LYSCITRtm,0,1,19,20
CHOLtn;MAL_Lte,0,3,19,18
CHOLtn;PIt2m_2,0,1,19,20
CHOLtn;PVD3,0,1,19,20
CHOLtn;RTOT5,0,4,19,17
CHOLtn;TECR180,0,1,19,20
CHOLtn;TECR200,0,4,19,17
CHOLtn;TECR220,0,4,19,17
CHOLtn;TECR240,0,4,19,17
CHOLtn;TECR260,0,4,19,17
CHOLtn;THRA,0,2,19,19
CHOLtn;VD3,0,1,19,20
CHOLtn;VITD3Hm,0,1,19,20
CHOLtn;VITD3tm,0,1,19,20
CITMCOAHm;CO2tm,1,0,18,21
CITMCOAHm;FUMMALtm,1,0,18,21
CITMCOAHm;MAL_Lte,1,0,18,21
CITMCOAHm;PIt2m_2,0,1,19,20
CITMCOALm;CO2tm,1,0,18,21
CITMCOALm;FUMMALtm,1,0,18,21
CITMCOALm;MAL_Lte,1,0,18,21
CITMCOALm;PIt2m_2,0,1,19,20
CITRt2m;ARTFR52,0,1,19,20
CITRt2m;ARTFR56,1,0,18,21
CITRt2m;CO2t,1,0,18,21
CITRt2m;CO2tm,4,5,15,16
CITRt2m;COAtp,1,0,18,21
CITRt2m;COAtr,1,0,18,21
CITRt2m;CRNCARtp,1,0,18,21
CITRt2m;CSNATp,1,0,18,21
CITRt2m;CSNATr,1,0,18,21
CITRt2m;CYSGLTH,1,0,18,21
CITRt2m;CYSRED,1,0,18,21
CITRt2m;DESAT18_1,1,0,18,21
CITRt2m;DHFR,0,5,19,16
CITRt2m;DHFR3x,0,1,19,20
CITRt2m;DHFRx,1,5,18,16
CITRt2m;DHFtm,0,5,19,16
CITRt2m;DIGALSGALSIDEte,1,0,18,21
CITRt2m;DIGALSGALSIDEtg,1,0,18,21
CITRt2m;FAE180,1,1,18,20
CITRt2m;FAE200,0,1,19,20
CITRt2m;FAE201,1,0,18,21
CITRt2m;FAE220,0,1,19,20
CITRt2m;FAE221,1,0,18,21
CITRt2m;FAE224,1,0,18,21
CITRt2m;FAE240,0,1,19,20
CITRt2m;FAE241,1,0,18,21
CITRt2m;FAE244,1,0,18,21
CITRt2m;FAE260,0,1,19,20
CITRt2m;FE2tm,1,0,18,21
CITRt2m;FE3tm,1,0,18,21
CITRt2m;FECR,1,0,18,21
CITRt2m;FOLt2,0,1,19,20
CITRt2m;FTHFDHm,1,0,18,21
CITRt2m;FTMTm,1,0,18,21
CITRt2m;FUM,1,0,18,21
CITRt2m;FUMMALtm,1,0,18,21
CITRt2m;FUMm,1,0,18,21
CITRt2m;G3PD2m,1,0,18,21
CITRt2m;GAL3ST12,1,0,18,21
CITRt2m;GALU,1,0,18,21
CITRt2m;GHMT2rm,1,0,18,21
CITRt2m;GTHP,1,0,18,21
CITRt2m;H2O2syn,3,1,16,20
CITRt2m;H2O2tp,1,0,18,21
CITRt2m;H2Otg,1,0,18,21
CITRt2m;H2Otm,0,1,19,20
CITRt2m;HACD180,1,1,18,20
CITRt2m;HACD200,0,1,19,20
CITRt2m;HACD201,1,0,18,21
CITRt2m;HACD220,0,1,19,20
CITRt2m;HACD221,1,0,18,21
CITRt2m;HACD224,1,0,18,21
CITRt2m;HACD240,0,1,19,20
CITRt2m;HACD241,1,0,18,21
CITRt2m;HACD244,1,0,18,21
CITRt2m;HACD260,0,1,19,20
CITRt2m;HCO3E,3,8,16,13
CITRt2m;HCO3Ee,1,0,18,21
CITRt2m;HCO3Em,3,3,16,18
CITRt2m;HCO3_2NAt,1,0,18,21
CITRt2m;HCO3tm,3,4,16,17
CITRt2m;HEXCCOAtr,0,1,19,20
CITRt2m;HSD180,1,1,18,20
CITRt2m;HSD200,0,1,19,20
CITRt2m;HSD201,1,0,18,21
CITRt2m;HSD220,0,1,19,20
CITRt2m;HSD221,1,0,18,21
CITRt2m;HSD224,1,0,18,21
CITRt2m;HSD240,0,1,19,20
CITRt2m;HSD241,1,0,18,21
CITRt2m;HSD244,1,0,18,21
CITRt2m;HSD260,0,1,19,20
CITRt2m;Htg,1,0,18,21
CITRt2m;Htm,2,1,17,20
CITRt2m;Htx,1,0,18,21
CITRt2m;LDH_L,0,5,19,16
CITRt2m;L_LACt2r,0,1,19,20
CITRt2m;MTHFCm,1,0,18,21
CITRt2m;MTHFDm,1,0,18,21
CITRt2m;NADH2_u10m,1,6,18,15
CITRt2m;NAt,3,0,16,21
CITRt2m;NDP7g,1,0,18,21
CITRt2m;NRVNCCOAtr,1,0,18,21
CITRt2m;NRVNCCOAtxc,1,0,18,21
CITRt2m;O2tp,1,0,18,21
CITRt2m;PAPStg,1,0,18,21
CITRt2m;PAPtg,1,0,18,21
CITRt2m;PFK2,0,1,19,20
CITRt2m;PGAM1_PhosHydro,3,0,16,21
CITRt2m;PGMT,1,0,18,21
CITRt2m;PIt2m_2,1,1,18,20
CITRt2m;PItg,1,0,18,21
CITRt2m;PRDX,1,0,18,21
CITRt2m;PRISTANALtx,1,0,18,21
CITRt2m;PRISTtx,1,0,18,21
CITRt2m;PYK,0,2,19,19
CITRt2m;RTOT5,1,1,18,20
CITRt2m;SADT,1,0,18,21
CITRt2m;SERTm,1,0,18,21
CITRt2m;SO4CLtex,1,0,18,21
CITRt2m;TECR180,1,1,18,20
CITRt2m;TECR200,0,1,19,20
CITRt2m;TECR201,1,0,18,21
CITRt2m;TECR220,0,1,19,20
CITRt2m;TECR221,1,0,18,21
CITRt2m;TECR224,1,0,18,21
CITRt2m;TECR240,0,1,19,20
CITRt2m;TECR241,1,0,18,21
CITRt2m;TECR244,1,0,18,21
CITRt2m;TECR260,0,1,19,20
CITRt2m;THFt2,0,1,19,20
CITRt2m;THFtm,0,5,19,16
CITRt2m;TTCTECOAtr,1,0,18,21
CITRt2m;UDPG4E,1,0,18,21
CITRt2m;UDPGALtg,1,0,18,21
CITRt2m;UGALCG,1,0,18,21
CITRtm;ARTFR52,0,1,19,20
CITRtm;ARTFR56,1,0,18,21
CITRtm;CO2t,1,0,18,21
CITRtm;CO2tm,4,5,15,16
CITRtm;COAtp,1,0,18,21
CITRtm;COAtr,1,0,18,21
CITRtm;CRNCARtp,1,0,18,21
CITRtm;CSNATp,1,0,18,21
CITRtm;CSNATr,1,0,18,21
CITRtm;CYSGLTH,1,0,18,21
CITRtm;CYSRED,1,0,18,21
CITRtm;DESAT18_1,1,0,18,21
CITRtm;DHFR,0,5,19,16
CITRtm;DHFRx,1,5,18,16
CITRtm;DHFtm,0,5,19,16
CITRtm;DIGALSGALSIDEte,1,0,18,21
CITRtm;DIGALSGALSIDEtg,1,0,18,21
CITRtm;FAE180,1,1,18,20
CITRtm;FAE200,0,1,19,20
CITRtm;FAE201,1,0,18,21
CITRtm;FAE220,0,1,19,20
CITRtm;FAE221,1,0,18,21
CITRtm;FAE224,1,0,18,21
CITRtm;FAE240,0,1,19,20
CITRtm;FAE241,1,0,18,21
CITRtm;FAE244,1,0,18,21
CITRtm;FAE260,0,1,19,20
CITRtm;FE2tm,1,0,18,21
CITRtm;FE3tm,1,0,18,21
CITRtm;FECR,1,0,18,21
CITRtm;FTHFDHm,1,0,18,21
CITRtm;FTMTm,1,0,18,21
CITRtm;FUM,1,0,18,21
CITRtm;FUMMALtm,1,0,18,21
CITRtm;FUMm,1,0,18,21
CITRtm;G3PD2m,1,0,18,21
CITRtm;GAL3ST12,1,0,18,21
CITRtm;GALU,1,0,18,21
CITRtm;GHMT2rm,1,0,18,21
CITRtm;GTHP,1,0,18,21
CITRtm;H2O2syn,3,1,16,20
CITRtm;H2O2tp,1,0,18,21
CITRtm;H2Otg,1,0,18,21
CITRtm;H2Otm,0,1,19,20
CITRtm;HACD180,1,1,18,20
CITRtm;HACD200,0,1,19,20
CITRtm;HACD201,1,0,18,21
CITRtm;HACD220,0,1,19,20
CITRtm;HACD221,1,0,18,21
CITRtm;HACD224,1,0,18,21
CITRtm;HACD240,0,1,19,20
CITRtm;HACD241,1,0,18,21
CITRtm;HACD244,1,0,18,21
CITRtm;HACD260,0,1,19,20
CITRtm;HCO3E,3,7,16,14
CITRtm;HCO3Ee,1,0,18,21
CITRtm;HCO3Em,3,3,16,18
CITRtm;HCO3_2NAt,1,0,18,21
CITRtm;HCO3tm,3,4,16,17
CITRtm;HEXCCOAtr,0,1,19,20
CITRtm;HSD180,1,1,18,20
CITRtm;HSD200,0,1,19,20
CITRtm;HSD201,1,0,18,21
CITRtm;HSD220,0,1,19,20
CITRtm;HSD221,1,0,18,21
CITRtm;HSD224,1,0,18,21
CITRtm;HSD240,0,1,19,20
CITRtm;HSD241,1,0,18,21
CITRtm;HSD244,1,0,18,21
CITRtm;HSD260,0,1,19,20
CITRtm;Htg,1,0,18,21
CITRtm;Htm,2,1,17,20
CITRtm;Htx,1,0,18,21
CITRtm;LDH_L,0,5,19,16
CITRtm;L_LACt2r,0,1,19,20
CITRtm;MTHFCm,1,0,18,21
CITRtm;MTHFDm,1,0,18,21
CITRtm;NADH2_u10m,1,6,18,15
CITRtm;NAt,3,0,16,21
CITRtm;NDP7g,1,0,18,21
CITRtm;NRVNCCOAtr,1,0,18,21
CITRtm;NRVNCCOAtxc,1,0,18,21
CITRtm;O2tp,1,0,18,21
CITRtm;PAPStg,1,0,18,21
CITRtm;PAPtg,1,0,18,21
CITRtm;PFK2,0,1,19,20
CITRtm;PGAM1_PhosHydro,3,0,16,21
CITRtm;PGMT,1,0,18,21
CITRtm;PIt2m_2,1,1,18,20
CITRtm;PItg,1,0,18,21
CITRtm;PRDX,1,0,18,21
CITRtm;PRISTANALtx,1,0,18,21
CITRtm;PRISTtx,1,0,18,21
CITRtm;PYK,0,2,19,19
CITRtm;RTOT5,1,1,18,20
CITRtm;SADT,1,0,18,21
CITRtm;SERTm,1,0,18,21
CITRtm;SO4CLtex,1,0,18,21
CITRtm;TECR180,1,1,18,20
CITRtm;TECR200,0,1,19,20
CITRtm;TECR201,1,0,18,21
CITRtm;TECR220,0,1,19,20
CITRtm;TECR221,1,0,18,21
CITRtm;TECR224,1,0,18,21
CITRtm;TECR240,0,1,19,20
CITRtm;TECR241,1,0,18,21
CITRtm;TECR244,1,0,18,21
CITRtm;TECR260,0,1,19,20
CITRtm;THFtm,0,5,19,16
CITRtm;TTCTECOAtr,1,0,18,21
CITRtm;UDPG4E,1,0,18,21
CITRtm;UDPGALtg,1,0,18,21
CITRtm;UGALCG,1,0,18,21
CITSUCCtm;ARTFR52,0,2,19,19
CITSUCCtm;DHCR241r,0,1,19,20
CITSUCCtm;EBP2r,0,1,19,20
CITSUCCtm;FAE200,0,2,19,19
CITSUCCtm;FAE220,0,2,19,19
CITSUCCtm;FAE240,0,2,19,19
CITSUCCtm;FAE260,0,2,19,19
CITSUCCtm;FUMMALtm,1,0,18,21
CITSUCCtm;GMPS,0,1,19,20
CITSUCCtm;HACD200,0,2,19,19
CITSUCCtm;HACD220,0,2,19,19
CITSUCCtm;HACD240,0,2,19,19
CITSUCCtm;HACD260,0,2,19,19
CITSUCCtm;HEXCCOAtr,0,2,19,19
CITSUCCtm;HSD200,0,2,19,19
CITSUCCtm;HSD220,0,2,19,19
CITSUCCtm;HSD240,0,2,19,19
CITSUCCtm;HSD260,0,2,19,19
CITSUCCtm;LSTO2r,0,1,19,20
CITSUCCtm;LYSCITRt2m,0,1,19,20
CITSUCCtm;LYSCITRtm,0,1,19,20
CITSUCCtm;PVD3,0,1,19,20
CITSUCCtm;RTOT5,0,2,19,19
CITSUCCtm;TECR200,0,2,19,19
CITSUCCtm;TECR220,0,2,19,19
CITSUCCtm;TECR240,0,2,19,19
CITSUCCtm;TECR260,0,2,19,19
CITSUCCtm;THRA,0,2,19,19
CITSUCCtm;VD3,0,1,19,20
CITSUCCtm;VITD3Hm,0,1,19,20
CITSUCCtm;VITD3tm,0,1,19,20
CLI2tex;CO2tm,1,0,18,21
CLI2tex;DHFR,1,0,18,21
CLI2tex;DHFRx,1,0,18,21
CLI2tex;DHFtm,1,0,18,21
CLI2tex;HCO3_CLt,1,0,18,21
CLI2tex;NADH2_u10m,1,0,18,21
CLI2tex;NAt3_1,1,0,18,21
CLI2tex;THFtm,1,0,18,21
CLOXAtex2;HCO3_2NAt,1,0,18,21
CLOXAtex2;HCO3_CLt,1,3,18,18
CLOXAtex2;NAHCO3_HCLt,2,2,17,19
CO2t;CO2tm,2,1,17,20
CO2t;DHFR,2,0,17,21
CO2t;DHFRx,2,0,17,21
CO2t;DHFtm,2,0,17,21
CO2t;GAL3ST11,0,1,19,20
CO2t;GALSIDEtg,0,1,19,20
CO2t;GALSIDEtl,0,1,19,20
CO2t;GALU,0,1,19,20
CO2t;GLACter,0,1,19,20
CO2t;GLCURter,0,1,19,20
CO2t;GLCURtly,0,1,19,20
CO2t;GLRASE,0,1,19,20
CO2t;GULLACter,0,1,19,20
CO2t;GULOer,0,1,19,20
CO2t;H2O2ter,0,1,19,20
CO2t;H2Otly,0,1,19,20
CO2t;HAS1,0,1,19,20
CO2t;HAS2,0,1,19,20
CO2t;HAtly,0,1,19,20
CO2t;HCO3Ee,0,1,19,20
CO2t;HCO3Em,1,1,18,20
CO2t;HCO3tm,1,1,18,20
CO2t;HYAL,0,1,19,20
CO2t;Htg,0,1,19,20
CO2t;IDHPOXOX2b,0,1,19,20
CO2t;IDHPOXOX3,0,1,19,20
CO2t;IDHPOXOXb,0,1,19,20
CO2t;KCC2t,0,1,19,20
CO2t;NADH2_u10m,2,0,17,21
CO2t;NAIt,0,1,19,20
CO2t;NAt,1,0,18,21
CO2t;NQO2,0,1,19,20
CO2t;PAPStg,0,1,19,20
CO2t;PAPtg,0,1,19,20
CO2t;PGMT,0,1,19,20
CO2t;SADT,1,1,18,20
CO2t;SGALSIDEtg,0,1,19,20
CO2t;SGALSIDEtl,0,1,19,20
CO2t;SO4tl,0,1,19,20
CO2t;THFtm,2,0,17,21
CO2t;THYPX,0,1,19,20
CO2t;THYRIDHD,0,1,19,20
CO2t;THYST,0,1,19,20
CO2t;UAGDP,0,1,19,20
CO2t;UDPGD,0,1,19,20
CO2t;UROLACer,0,1,19,20
CO2t;q10h2tc,0,1,19,20
CO2t;q10tm,0,1,19,20
CO2tm;ARTFR52,1,0,18,21
CO2tm;CSm,1,0,18,21
CO2tm;DHFR,2,6,17,15
CO2tm;DHFRx,4,6,15,15
CO2tm;DHFtm,2,6,17,15
CO2tm;FADH2ETC,1,0,18,21
CO2tm;FAE180,1,1,18,20
CO2tm;FAE200,1,0,18,21
CO2tm;FAE220,1,0,18,21
CO2tm;FAE240,1,0,18,21
CO2tm;FAE260,1,0,18,21
CO2tm;FUMSUCCtm,1,0,18,21
CO2tm;GAL3ST11,1,0,18,21
CO2tm;GALSIDEtg,1,0,18,21
CO2tm;GALSIDEtl,1,0,18,21
CO2tm;GALU,1,0,18,21
CO2tm;GLACter,1,0,18,21
CO2tm;GLCURter,1,0,18,21
CO2tm;GLCURtly,1,0,18,21
CO2tm;GLRASE,1,0,18,21
CO2tm;GLUDxm,1,0,18,21
CO2tm;GLYtp,1,0,18,21
CO2tm;GULLACter,1,0,18,21
CO2tm;GULOer,1,0,18,21
CO2tm;H2O2syn,5,1,14,20
CO2tm;H2O2ter,1,0,18,21
CO2tm;H2Ot,0,1,19,20
CO2tm;H2Otly,1,0,18,21
CO2tm;HACD180,1,1,18,20
CO2tm;HACD200,1,0,18,21
CO2tm;HACD220,1,0,18,21
CO2tm;HACD240,1,0,18,21
CO2tm;HACD260,1,0,18,21
CO2tm;HAS1,1,0,18,21
CO2tm;HAS2,1,0,18,21
CO2tm;HAtly,1,0,18,21
CO2tm;HCO3E,7,13,12,8
CO2tm;HCO3Ee,1,1,18,20
CO2tm;HCO3Em,12,13,7,8
CO2tm;HCO3_2NAt,1,1,18,20
CO2tm;HCO3tm,15,10,4,11
CO2tm;HEXCCOAtr,1,0,18,21
CO2tm;HSD180,1,1,18,20
CO2tm;HSD200,1,0,18,21
CO2tm;HSD220,1,0,18,21
CO2tm;HSD240,1,0,18,21
CO2tm;HSD260,1,0,18,21
CO2tm;HYAL,1,0,18,21
CO2tm;Htg,1,0,18,21
CO2tm;Htm,3,2,16,19
CO2tm;ITCOALm,1,0,18,21
CO2tm;LDH_L,0,5,19,16
CO2tm;L_LACt2r,0,2,19,19
CO2tm;MDHm,1,0,18,21
CO2tm;NADH2_u10m,6,11,13,10
CO2tm;NAHCO3_HCLt,1,0,18,21
CO2tm;NAIt,1,0,18,21
CO2tm;NAt,3,0,16,21
CO2tm;NQO2,1,0,18,21
CO2tm;PAPStg,1,0,18,21
CO2tm;PAPtg,1,0,18,21
CO2tm;PFK2,0,1,19,20
CO2tm;PGAM1_PhosHydro,4,0,15,21
CO2tm;PGMT,1,0,18,21
CO2tm;PHETA1,0,1,19,20
CO2tm;PHLAC,0,1,19,20
CO2tm;PHLACHt,0,1,19,20
CO2tm;PIMALtm,2,0,17,21
CO2tm;PIt2m_2,2,1,17,20
CO2tm;PPA,2,1,17,20
CO2tm;PPAm,2,0,17,21
CO2tm;PPItm,2,0,17,21
CO2tm;PRDX,1,0,18,21
CO2tm;PROGLUtm,1,0,18,21
CO2tm;PROtm,1,0,18,21
CO2tm;PYK,0,2,19,19
CO2tm;PYRtm,1,0,18,21
CO2tm;RTOT5,1,1,18,20
CO2tm;SADT,1,0,18,21
CO2tm;SGALSIDEtg,1,0,18,21
CO2tm;SGALSIDEtl,1,0,18,21
CO2tm;SO4AKGtm,2,0,17,21
CO2tm;SO4MALtm,2,0,17,21
CO2tm;SO4tl,1,0,18,21
CO2tm;TECR180,1,1,18,20
CO2tm;TECR200,1,0,18,21
CO2tm;TECR220,1,0,18,21
CO2tm;TECR240,1,0,18,21
CO2tm;TECR260,1,0,18,21
CO2tm;THDm,3,0,16,21
CO2tm;THFtm,2,6,17,15
CO2tm;THRtm,3,0,16,21
CO2tm;UAGDP,1,0,18,21
CO2tm;UDPGD,1,0,18,21
CO2tm;UROLACer,1,0,18,21
CO2tm;q10h2tc,1,0,18,21
CO2tm;q10tm,1,0,18,21
CO2tn;PPAm,0,1,19,20
CO2tn;PPItm,0,1,19,20
CO2tn;RDH1,0,1,19,20
CO2tn;RDH1a,0,1,19,20
CO2tn;THRA,1,1,18,20
COAtp;ARTFR43,2,0,17,21
COAtp;DESAT16_1,2,0,17,21
COAtp;DRPA,1,0,18,21
COAtp;DURIPP,1,0,18,21
COAtp;FAE181,2,0,17,21
COAtp;FUMMALtm,1,0,18,21
COAtp;GLNtm,1,0,18,21
COAtp;GLUDxm,2,0,17,21
COAtp;GLXtm,1,0,18,21
COAtp;GLXtp,1,0,18,21
COAtp;GLYOp,1,0,18,21
COAtp;GLYtm,1,0,18,21
COAtp;GLYtp,1,0,18,21
COAtp;GPAT,1,0,18,21
COAtp;GPATm,1,0,18,21
COAtp;H2Otp,1,0,18,21
COAtp;HACD181,2,0,17,21
COAtp;HCO3Em,0,1,19,20
COAtp;HSD181,2,0,17,21
COAtp;MTHFC,1,0,18,21
COAtp;MTHFD2,1,0,18,21
COAtp;NH4tp,1,0,18,21
COAtp;OCTD11ECOAtr,2,0,17,21
COAtp;PIMALtm,1,0,18,21
COAtp;PPM,1,0,18,21
COAtp;PPM2,1,0,18,21
COAtp;PROGLUtm,2,0,17,21
COAtp;PROtm,2,0,17,21
COAtp;PYNP2r,1,0,18,21
COAtp;RTOT3,7,2,12,19
COAtp;RTOT4,5,4,14,17
COAtp;SO3AKGtm,1,0,18,21
COAtp;SO3MALtm,1,0,18,21
COAtp;TECR181,2,0,17,21
COAtp;TRDOXtm,1,0,18,21
COAtp;TRDRDtm,1,0,18,21
COAtp;TRDRm,1,0,18,21
COAtp;URIK2,1,0,18,21
COAtr;ARTFR43,2,0,17,21
COAtr;DESAT16_1,2,0,17,21
COAtr;DRPA,1,0,18,21
COAtr;DURIPP,1,0,18,21
COAtr;FACOAL204,1,11,18,10
COAtr;FAE181,2,0,17,21
COAtr;FUMMALtm,1,0,18,21
COAtr;GLNtm,1,0,18,21
COAtr;GLXtm,1,0,18,21
COAtr;GLXtp,1,0,18,21
COAtr;GLYOp,1,0,18,21
COAtr;GLYtm,1,0,18,21
COAtr;GLYtp,1,0,18,21
COAtr;GPAT,1,0,18,21
COAtr;GPATm,1,0,18,21
COAtr;H2Oter,1,13,18,8
COAtr;H2Otp,1,0,18,21
COAtr;HACD181,2,0,17,21
COAtr;HSD181,2,0,17,21
COAtr;Htr,1,13,18,8
COAtr;MTHFC,1,0,18,21
COAtr;MTHFD2,1,0,18,21
COAtr;NH4tp,1,0,18,21
COAtr;OCTD11ECOAtr,2,0,17,21
COAtr;PIMALtm,1,0,18,21
COAtr;PPAer,0,2,19,19
COAtr;PPIPItr,0,2,19,19
COAtr;PPM,1,0,18,21
COAtr;PPM2,1,0,18,21
COAtr;PROGLUtm,2,0,17,21
COAtr;PROtm,2,0,17,21
COAtr;PYNP2r,1,0,18,21
COAtr;RTOT3,2,0,17,21
COAtr;RTOT4,3,0,16,21
COAtr;SE10,1,11,18,10
COAtr;SO3AKGtm,1,0,18,21
COAtr;SO3MALtm,1,0,18,21
COAtr;SOAT6,1,11,18,10
COAtr;TECR181,2,0,17,21
COAtr;TRDOXtm,1,0,18,21
COAtr;TRDRDtm,1,0,18,21
COAtr;TRDRm,1,0,18,21
COAtr;URIK2,1,0,18,21
CORE6GTg;PFK2,0,1,19,20
CORE6GTg;TALA,0,1,19,20
CREATt4_2_r;NAt,1,0,18,21
CREATt;NAt,1,0,18,21
CRNCARtp;ARTFR43,2,0,17,21
CRNCARtp;DESAT16_1,2,0,17,21
CRNCARtp;DRPA,1,0,18,21
CRNCARtp;DURIPP,1,0,18,21
CRNCARtp;FAE181,2,0,17,21
CRNCARtp;FUMMALtm,1,0,18,21
CRNCARtp;GLNtm,1,0,18,21
CRNCARtp;GLXtm,1,0,18,21
CRNCARtp;GLXtp,1,0,18,21
CRNCARtp;GLYOp,1,0,18,21
CRNCARtp;GLYtm,1,0,18,21
CRNCARtp;GLYtp,1,0,18,21
CRNCARtp;GPAT,1,0,18,21
CRNCARtp;GPATm,1,0,18,21
CRNCARtp;H2Otp,1,0,18,21
CRNCARtp;HACD181,2,0,17,21
CRNCARtp;HCO3Em,0,1,19,20
CRNCARtp;HSD181,2,0,17,21
CRNCARtp;NH4tp,1,0,18,21
CRNCARtp;OCTD11ECOAtr,2,0,17,21
CRNCARtp;PIMALtm,1,0,18,21
CRNCARtp;PPA,3,1,16,20
CRNCARtp;PPM,1,0,18,21
CRNCARtp;PPM2,1,0,18,21
CRNCARtp;PROGLUtm,2,0,17,21
CRNCARtp;PROtm,2,0,17,21
CRNCARtp;PYNP2r,1,0,18,21
CRNCARtp;RTOT3,4,2,15,19
CRNCARtp;RTOT4,3,4,16,17
CRNCARtp;SO3AKGtm,1,0,18,21
CRNCARtp;SO3MALtm,1,0,18,21
CRNCARtp;TECR181,2,0,17,21
CRNCARtp;TRDOXtm,1,0,18,21
CRNCARtp;TRDRDtm,1,0,18,21
CRNCARtp;TRDRm,1,0,18,21
CRNCARtp;URIK2,1,0,18,21
CRNrtx;GLUDxm,2,0,17,21
CRNrtx;H2O2syn,1,0,18,21
CRNrtx;MTHFC,1,0,18,21
CRNrtx;MTHFD2,1,0,18,21
CRNrtx;PPA,2,0,17,21
CRNrtx;RTOT3,3,0,16,21
CRNrtx;RTOT4,2,0,17,21
CRNtim;DHFR,0,1,19,20
CRNtim;DHFRx,0,1,19,20
CRNtim;DHFtm,0,1,19,20
CRNtim;H2O2syn,0,1,19,20
CRNtim;MAL_Lte,0,1,19,20
CRNtim;THFtm,0,1,19,20
CSNATm;MAL_Lte,0,1,19,20
CSNATp;ARTFR43,2,0,17,21
CSNATp;DESAT16_1,2,0,17,21
CSNATp;DRPA,1,0,18,21
CSNATp;DURIPP,1,0,18,21
CSNATp;FAE181,2,0,17,21
CSNATp;FUMMALtm,1,0,18,21
CSNATp;GLNtm,1,0,18,21
CSNATp;GLUDxm,2,0,17,21
CSNATp;GLXtm,1,0,18,21
CSNATp;GLXtp,1,0,18,21
CSNATp;GLYOp,1,0,18,21
CSNATp;GLYtm,1,0,18,21
CSNATp;GLYtp,1,0,18,21
CSNATp;GPAT,1,0,18,21
CSNATp;GPATm,1,0,18,21
CSNATp;H2O2syn,1,0,18,21
CSNATp;H2Otp,1,0,18,21
CSNATp;HACD181,2,0,17,21
CSNATp;HCO3Em,0,1,19,20
CSNATp;HSD181,2,0,17,21
CSNATp;MTHFC,1,0,18,21
CSNATp;MTHFD2,1,0,18,21
CSNATp;NH4tp,1,0,18,21
CSNATp;OCTD11ECOAtr,2,0,17,21
CSNATp;PIMALtm,1,0,18,21
CSNATp;PPA,5,1,14,20
CSNATp;PPM,1,0,18,21
CSNATp;PPM2,1,0,18,21
CSNATp;PROGLUtm,2,0,17,21
CSNATp;PROtm,2,0,17,21
CSNATp;PYNP2r,1,0,18,21
CSNATp;RTOT3,7,2,12,19
CSNATp;RTOT4,5,4,14,17
CSNATp;SO3AKGtm,1,0,18,21
CSNATp;SO3MALtm,1,0,18,21
CSNATp;TECR181,2,0,17,21
CSNATp;TRDOXtm,1,0,18,21
CSNATp;TRDRDtm,1,0,18,21
CSNATp;TRDRm,1,0,18,21
CSNATp;URIK2,1,0,18,21
CSNATr;ARTFR43,2,0,17,21
CSNATr;DESAT16_1,2,0,17,21
CSNATr;DRPA,1,0,18,21
CSNATr;DURIPP,1,0,18,21
CSNATr;FAE181,2,0,17,21
CSNATr;FUMMALtm,1,0,18,21
CSNATr;GLNtm,1,0,18,21
CSNATr;GLUDxm,2,0,17,21
CSNATr;GLXtm,1,0,18,21
CSNATr;GLXtp,1,0,18,21
CSNATr;GLYOp,1,0,18,21
CSNATr;GLYtm,1,0,18,21
CSNATr;GLYtp,1,0,18,21
CSNATr;GPAT,1,0,18,21
CSNATr;GPATm,1,0,18,21
CSNATr;H2O2syn,1,0,18,21
CSNATr;H2Otp,1,0,18,21
CSNATr;HACD181,2,0,17,21
CSNATr;HCO3Em,0,1,19,20
CSNATr;HSD181,2,0,17,21
CSNATr;MTHFC,1,0,18,21
CSNATr;MTHFD2,1,0,18,21
CSNATr;NH4tp,1,0,18,21
CSNATr;OCTD11ECOAtr,2,0,17,21
CSNATr;PIMALtm,1,0,18,21
CSNATr;PPA,5,1,14,20
CSNATr;PPM,1,0,18,21
CSNATr;PPM2,1,0,18,21
CSNATr;PROGLUtm,2,0,17,21
CSNATr;PROtm,2,0,17,21
CSNATr;PYNP2r,1,0,18,21
CSNATr;RTOT3,7,2,12,19
CSNATr;RTOT4,5,4,14,17
CSNATr;SO3AKGtm,1,0,18,21
CSNATr;SO3MALtm,1,0,18,21
CSNATr;TECR181,2,0,17,21
CSNATr;TRDOXtm,1,0,18,21
CSNATr;TRDRDtm,1,0,18,21
CSNATr;TRDRm,1,0,18,21
CSNATr;URIK2,1,0,18,21
CSm;ARTFR52,0,4,19,17
CSm;DHCR241r,0,1,19,20
CSm;EBP2r,0,1,19,20
CSm;FAE180,0,1,19,20
CSm;FAE200,0,4,19,17
CSm;FAE220,0,4,19,17
CSm;FAE240,0,4,19,17
CSm;FAE260,0,4,19,17
CSm;FUMMALtm,2,0,17,21
CSm;GMPS,0,1,19,20
CSm;HACD180,0,1,19,20
CSm;HACD200,0,4,19,17
CSm;HACD220,0,4,19,17
CSm;HACD240,0,4,19,17
CSm;HACD260,0,4,19,17
CSm;HCO3E,0,1,19,20
CSm;HEXCCOAtr,0,4,19,17
CSm;HSD180,0,1,19,20
CSm;HSD200,0,4,19,17
CSm;HSD220,0,4,19,17
CSm;HSD240,0,4,19,17
CSm;HSD260,0,4,19,17
CSm;LSTO2r,0,1,19,20
CSm;MAL_Lte,1,3,18,18
CSm;PIt2m_2,0,2,19,19
CSm;PVD3,0,1,19,20
CSm;RTOT5,0,4,19,17
CSm;TECR180,0,1,19,20
CSm;TECR200,0,4,19,17
CSm;TECR220,0,4,19,17
CSm;TECR240,0,4,19,17
CSm;TECR260,0,4,19,17
CSm;THRA,0,1,19,20
CSm;VD3,0,1,19,20
CSm;VITD3Hm,0,1,19,20
CSm;VITD3tm,0,1,19,20
CTPS1;CTPS2,1,0,18,21
CTPS1;GGTAe2,1,0,18,21
CTPS1;GLUCYS,1,0,18,21
CTPS1;GTHRDte,1,0,18,21
CTPS1;GTHS,1,0,18,21
CYP2R1;HSD3B11,0,1,19,20
CYP2R1;P45011A1m,0,1,19,20
CYP2R1;PRGNLONEtm,0,1,19,20
CYP2R1;PRGSTRNt,0,1,19,20
CYSGLTH;FUMMALtm,1,0,18,21
CYSGLTH;PPA,1,0,18,21
CYSGLTH;PPAm,0,1,19,20
CYSGLTH;PPItm,0,1,19,20
CYSGLTH;RDH1,0,1,19,20
CYSGLTH;RDH1a,0,1,19,20
CYSRED;FUMMALtm,1,0,18,21
CYSRED;PPA,1,0,18,21
CYSRED;PPAm,0,1,19,20
CYSRED;PPItm,0,1,19,20
CYSRED;RDH1,0,1,19,20
CYSRED;RDH1a,0,1,19,20
CYSSNAT5tc;CYSt4,0,1,19,20
CYSSNAT5tc;GGTAe2,0,1,19,20
CYSSNAT5tc;GLUCYS,0,1,19,20
CYSSNAT5tc;GLUt6,0,1,19,20
CYSSNAT5tc;GTHRDte,0,1,19,20
CYSSNAT5tc;GTHS,0,1,19,20
CYSSNAT5tc;SADT,0,1,19,20
CYSSNAT5tc;SO4CLtex,0,1,19,20
DCYTD;THRA,1,0,18,21
DESAT16_1;ARTFR45,0,1,19,20
DESAT16_1;ARTFR56,2,0,17,21
DESAT16_1;DESAT18_1,12,7,7,14
DESAT16_1;FAE180,6,1,13,20
DESAT16_1;FAE201,2,3,17,18
DESAT16_1;FAE221,2,3,17,18
DESAT16_1;FAE224,2,0,17,21
DESAT16_1;FAE241,2,3,17,18
DESAT16_1;FAE244,2,0,17,21
DESAT16_1;GLUDym,1,0,18,21
DESAT16_1;H2Otp,1,0,18,21
DESAT16_1;HACD180,6,1,13,20
DESAT16_1;HACD201,2,3,17,18
DESAT16_1;HACD221,2,3,17,18
DESAT16_1;HACD224,2,0,17,21
DESAT16_1;HACD241,2,3,17,18
DESAT16_1;HACD244,2,0,17,21
DESAT16_1;HSD180,6,1,13,20
DESAT16_1;HSD201,2,3,17,18
DESAT16_1;HSD221,2,3,17,18
DESAT16_1;HSD224,2,0,17,21
DESAT16_1;HSD241,2,3,17,18
DESAT16_1;HSD244,2,0,17,21
DESAT16_1;Htx,2,0,17,21
DESAT16_1;NADHtpu,1,0,18,21
DESAT16_1;NADtx,1,0,18,21
DESAT16_1;NH4tm,1,0,18,21
DESAT16_1;NRVNCCOAtr,2,3,17,18
DESAT16_1;NRVNCCOAtxc,2,0,17,21
DESAT16_1;O2tp,2,0,17,21
DESAT16_1;PRISTANALtx,1,0,18,21
DESAT16_1;PRISTtx,1,0,18,21
DESAT16_1;RTOT5,4,0,15,21
DESAT16_1;TECR180,6,1,13,20
DESAT16_1;TECR201,2,3,17,18
DESAT16_1;TECR221,2,3,17,18
DESAT16_1;TECR224,2,0,17,21
DESAT16_1;TECR241,2,3,17,18
DESAT16_1;TECR244,2,0,17,21
DESAT16_1;THRA,0,1,19,20
DESAT16_1;THRt4,0,1,19,20
DESAT16_1;TTCTECOAtr,2,0,17,21
DESAT18_1;ARTFR33,7,2,12,19
DESAT18_1;ARTFR43,5,5,14,16
DESAT18_1;ARTFR52,0,1,19,20
DESAT18_1;DRPA,1,0,18,21
DESAT18_1;DURIPP,1,0,18,21
DESAT18_1;FAE181,12,7,7,14
DESAT18_1;FAE200,0,1,19,20
DESAT18_1;FAE220,0,1,19,20
DESAT18_1;FAE240,0,1,19,20
DESAT18_1;FAE260,0,1,19,20
DESAT18_1;FUMMALtm,1,0,18,21
DESAT18_1;GLNtm,1,0,18,21
DESAT18_1;GLUDxm,2,0,17,21
DESAT18_1;GLXtm,1,0,18,21
DESAT18_1;GLXtp,1,0,18,21
DESAT18_1;GLYOp,1,0,18,21
DESAT18_1;GLYtm,1,0,18,21
DESAT18_1;GLYtp,1,0,18,21
DESAT18_1;GPAT,1,0,18,21
DESAT18_1;GPATm,1,0,18,21
DESAT18_1;H2Otp,1,0,18,21
DESAT18_1;HACD181,12,7,7,14
DESAT18_1;HACD200,0,1,19,20
DESAT18_1;HACD220,0,1,19,20
DESAT18_1;HACD240,0,1,19,20
DESAT18_1;HACD260,0,1,19,20
DESAT18_1;HCO3Em,0,1,19,20
DESAT18_1;HEXCCOAtr,0,1,19,20
DESAT18_1;HSD181,12,7,7,14
DESAT18_1;HSD200,0,1,19,20
DESAT18_1;HSD220,0,1,19,20
DESAT18_1;HSD240,0,1,19,20
DESAT18_1;HSD260,0,1,19,20
DESAT18_1;MTHFC,1,0,18,21
DESAT18_1;MTHFD2,1,0,18,21
DESAT18_1;NH4tp,1,0,18,21
DESAT18_1;OCTD11ECOAtr,12,7,7,14
DESAT18_1;PIMALtm,1,0,18,21
DESAT18_1;PPM,1,0,18,21
DESAT18_1;PPM2,1,0,18,21
DESAT18_1;PROGLUtm,2,0,17,21
DESAT18_1;PROtm,2,0,17,21
DESAT18_1;PYNP2r,1,0,18,21
DESAT18_1;RTOT3,7,2,12,19
DESAT18_1;RTOT4,5,4,14,17
DESAT18_1;RTOT5,0,1,19,20
DESAT18_1;SO3AKGtm,1,0,18,21
DESAT18_1;SO3MALtm,1,0,18,21
DESAT18_1;TECR181,12,7,7,14
DESAT18_1;TECR200,0,1,19,20
DESAT18_1;TECR220,0,1,19,20
DESAT18_1;TECR240,0,1,19,20
DESAT18_1;TECR260,0,1,19,20
DESAT18_1;TRDOXtm,1,0,18,21
DESAT18_1;TRDRDtm,1,0,18,21
DESAT18_1;TRDRm,1,0,18,21
DESAT18_1;URIK2,1,0,18,21
DHCR241r;ACITLn,0,1,19,20
DHCR241r;ADPtn,0,1,19,20
DHCR241r;CITtn,0,1,19,20
DHCR241r;HMGLm,0,1,19,20
DHCR241r;MDH,0,1,19,20
DHCR241r;OAAtn,0,1,19,20
DHCR241r;PCm,0,1,19,20
DHCR241r;PItn,0,1,19,20
DHCR241r;PPItm,0,1,19,20
DHCR241r;PYRt2m,0,1,19,20
DHCR242r;HSD3B11,0,1,19,20
DHCR242r;P45011A1m,0,1,19,20
DHCR242r;PRGNLONEtm,0,1,19,20
DHCR242r;PRGSTRNt,0,1,19,20
DHCRD1;DHCRD2,1,0,18,21
DHCRD1;FADFADH2tm,1,0,18,21
DHCRD2;MTHFC,1,0,18,21
DHCRD2;MTHFD2,1,0,18,21
DHFR3x;DHPR2,1,0,18,21
DHFR3x;MTHFR3x,1,0,18,21
DHFR3x;NADH2_u10m,0,1,19,20
DHFR3x;THBPT4ACAMDASE,1,0,18,21
DHFR3x;TRPHYDRO2,1,0,18,21
DHFR;DHFR3x,1,0,18,21
DHFR;DHFRx,9,10,10,11
DHFR;DHFtm,9,12,10,9
DHFR;DHPR2,1,0,18,21
DHFR;FOLt2,1,0,18,21
DHFR;GLYKm,0,1,19,20
DHFR;GPAMm_hs,0,1,19,20
DHFR;H2O2syn,2,2,17,19
DHFR;H2Otm,0,1,19,20
DHFR;HCO3E,1,8,18,13
DHFR;HCO3Ee,1,0,18,21
DHFR;HCO3Em,0,9,19,12
DHFR;HCO3_2NAt,1,1,18,20
DHFR;HCO3tm,2,5,17,16
DHFR;Htm,1,0,18,21
DHFR;LDH_L,0,6,19,15
DHFR;LPS3m,0,1,19,20
DHFR;L_LACt2r,0,2,19,19
DHFR;MTHFR3x,1,0,18,21
DHFR;NADH2_u10m,2,10,17,11
DHFR;NAHCO3_HCLt,1,0,18,21
DHFR;NAIt,1,0,18,21
DHFR;NAt,3,0,16,21
DHFR;NH4tm,0,1,19,20
DHFR;PFK2,0,1,19,20
DHFR;PGAM1_PhosHydro,2,0,17,21
DHFR;PIt2m_2,4,3,15,18
DHFR;PPA,0,1,19,20
DHFR;PPAm,1,1,18,20
DHFR;PPItm,1,1,18,20
DHFR;PRDX,1,0,18,21
DHFR;PYK,0,3,19,18
DHFR;RTOT3,3,0,16,21
DHFR;RTOTALCRNCPT1,0,1,19,20
DHFR;RTOTALCRNCPT2,0,1,19,20
DHFR;RTOTALCRNt,0,1,19,20
DHFR;R_group_phosphotase_1,0,1,19,20
DHFR;Rtotaltm,0,1,19,20
DHFR;THBPT4ACAMDASE,1,0,18,21
DHFR;THFt2,1,0,18,21
DHFR;THFtm,9,12,10,9
DHFR;TRPHYDRO2,1,0,18,21
DHFRm;ARTFR52,0,1,19,20
DHFRm;FAE200,0,1,19,20
DHFRm;FAE220,0,1,19,20
DHFRm;FAE240,0,1,19,20
DHFRm;FAE260,0,1,19,20
DHFRm;HACD200,0,1,19,20
DHFRm;HACD220,0,1,19,20
DHFRm;HACD240,0,1,19,20
DHFRm;HACD260,0,1,19,20
DHFRm;HEXCCOAtr,0,1,19,20
DHFRm;HSD200,0,1,19,20
DHFRm;HSD220,0,1,19,20
DHFRm;HSD240,0,1,19,20
DHFRm;HSD260,0,1,19,20
DHFRm;RTOT3,5,1,14,20
DHFRm;RTOT4,0,2,19,19
DHFRm;RTOT5,0,1,19,20
DHFRm;TECR200,0,1,19,20
DHFRm;TECR220,0,1,19,20
DHFRm;TECR240,0,1,19,20
DHFRm;TECR260,0,1,19,20
DHFRx;FUMMALtm,0,1,19,20
DHFRx;FUMSUCCtm,0,1,19,20
DHFRx;GLYKm,0,1,19,20
DHFRx;GPAMm_hs,0,1,19,20
DHFRx;H2O2syn,2,2,17,19
DHFRx;H2Otm,0,1,19,20
DHFRx;HCO3E,1,8,18,13
DHFRx;HCO3Ee,1,0,18,21
DHFRx;HCO3Em,3,9,16,12
DHFRx;HCO3_2NAt,1,1,18,20
DHFRx;HCO3tm,3,5,16,16
DHFRx;HMGCOASim,0,1,19,20
DHFRx;Htm,1,0,18,21
DHFRx;LDH_L,0,6,19,15
DHFRx;LPS3m,0,1,19,20
DHFRx;L_LACt2r,0,2,19,19
DHFRx;MAL_Lte,0,1,19,20
DHFRx;NADH2_u10m,4,10,15,11
DHFRx;NAHCO3_HCLt,1,0,18,21
DHFRx;NAIt,1,0,18,21
DHFRx;NAt,3,0,16,21
DHFRx;NH4tm,0,1,19,20
DHFRx;PDHa,0,1,19,20
DHFRx;PDHbr,0,1,19,20
DHFRx;PFK2,0,1,19,20
DHFRx;PGAM1_PhosHydro,2,0,17,21
DHFRx;PIMALtm,0,1,19,20
DHFRx;PIt2m_2,4,3,15,18
DHFRx;PPA,0,1,19,20
DHFRx;PPAm,1,1,18,20
DHFRx;PPItm,1,1,18,20
DHFRx;PRDX,1,0,18,21
DHFRx;PYK,0,3,19,18
DHFRx;RTOT3,0,1,19,20
DHFRx;RTOTALCRNCPT1,0,1,19,20
DHFRx;RTOTALCRNCPT2,0,1,19,20
DHFRx;RTOTALCRNt,0,1,19,20
DHFRx;R_group_phosphotase_1,0,1,19,20
DHFRx;Rtotaltm,0,1,19,20
DHFRx;SO4AKGtm,0,1,19,20
DHFRx;SO4MALtm,0,1,19,20
DHFtm;FUMMALtm,0,1,19,20
DHFtm;FUMSUCCtm,0,1,19,20
DHFtm;GLYKm,0,1,19,20
DHFtm;GPAMm_hs,0,1,19,20
DHFtm;H2O2syn,2,2,17,19
DHFtm;H2Otm,0,1,19,20
DHFtm;HCO3E,1,8,18,13
DHFtm;HCO3Ee,1,0,18,21
DHFtm;HCO3Em,0,9,19,12
DHFtm;HCO3_2NAt,1,1,18,20
DHFtm;HCO3tm,2,5,17,16
DHFtm;HMGCOASim,0,1,19,20
DHFtm;Htm,1,0,18,21
DHFtm;LDH_L,0,6,19,15
DHFtm;LPS3m,0,1,19,20
DHFtm;L_LACt2r,0,2,19,19
DHFtm;MAL_Lte,0,1,19,20
DHFtm;NADH2_u10m,2,10,17,11
DHFtm;NAHCO3_HCLt,1,0,18,21
DHFtm;NAIt,1,0,18,21
DHFtm;NAt,3,0,16,21
DHFtm;NH4tm,0,1,19,20
DHFtm;PDHa,0,1,19,20
DHFtm;PDHbr,0,1,19,20
DHFtm;PFK2,0,1,19,20
DHFtm;PGAM1_PhosHydro,2,0,17,21
DHFtm;PIMALtm,0,1,19,20
DHFtm;PIt2m_2,4,3,15,18
DHFtm;PPA,0,1,19,20
DHFtm;PPAm,1,1,18,20
DHFtm;PPItm,1,1,18,20
DHFtm;PRDX,1,0,18,21
DHFtm;PYK,0,3,19,18
DHFtm;RTOT3,1,1,18,20
DHFtm;RTOTALCRNCPT1,0,1,19,20
DHFtm;RTOTALCRNCPT2,0,1,19,20
DHFtm;RTOTALCRNt,0,1,19,20
DHFtm;R_group_phosphotase_1,0,1,19,20
DHFtm;Rtotaltm,0,1,19,20
DHFtm;SO4AKGtm,0,1,19,20
DHFtm;SO4MALtm,0,1,19,20
DHPR2;FOLt2,1,0,18,21
DHPR2;H2O2syn,3,0,16,21
DHPR2;RDH1,1,0,18,21
DHPR2;RDH1a,1,0,18,21
DHPR2;THFt2,1,0,18,21
DIGALSGALSIDEte;H2O2syn,1,0,18,21
DIGALSGALSIDEte;HCO3_2NAt,1,0,18,21
DIGALSGALSIDEte;IDHPOXOX2b,0,1,19,20
DIGALSGALSIDEte;IDHPOXOX3,0,1,19,20
DIGALSGALSIDEte;IDHPOXOXb,0,1,19,20
DIGALSGALSIDEte;It,0,1,19,20
DIGALSGALSIDEte;KCCt,1,1,18,20
DIGALSGALSIDEte;MTHFC,1,0,18,21
DIGALSGALSIDEte;MTHFD2,1,0,18,21
DIGALSGALSIDEte;NCKt,1,1,18,20
DIGALSGALSIDEte;NCNt,1,1,18,20
DIGALSGALSIDEte;NH4t3r,1,0,18,21
DIGALSGALSIDEte;PGAM1_PhosHydro,1,0,18,21
DIGALSGALSIDEte;SO4t4_3,1,0,18,21
DIGALSGALSIDEte;THYPX,0,1,19,20
DIGALSGALSIDEte;THYRIDHD,0,1,19,20
DIGALSGALSIDEte;THYST,0,1,19,20
DIGALSGALSIDEte;TYRDOPO,0,1,19,20
DIGALSGALSIDEtg;H2O2syn,1,0,18,21
DIGALSGALSIDEtg;HCO3_2NAt,1,0,18,21
DIGALSGALSIDEtg;IDHPOXOX2b,0,1,19,20
DIGALSGALSIDEtg;IDHPOXOX3,0,1,19,20
DIGALSGALSIDEtg;IDHPOXOXb,0,1,19,20
DIGALSGALSIDEtg;It,0,1,19,20
DIGALSGALSIDEtg;KCCt,1,1,18,20
DIGALSGALSIDEtg;MTHFC,1,0,18,21
DIGALSGALSIDEtg;MTHFD2,1,0,18,21
DIGALSGALSIDEtg;NCKt,1,1,18,20
DIGALSGALSIDEtg;NCNt,1,1,18,20
DIGALSGALSIDEtg;NH4t3r,1,0,18,21
DIGALSGALSIDEtg;PGAM1_PhosHydro,1,0,18,21
DIGALSGALSIDEtg;SO4t4_3,1,0,18,21
DIGALSGALSIDEtg;THYPX,0,1,19,20
DIGALSGALSIDEtg;THYRIDHD,0,1,19,20
DIGALSGALSIDEtg;THYST,0,1,19,20
DIGALSGALSIDEtg;TYRDOPO,0,1,19,20
DLNLCGCOAtcx;H2O2syn,1,0,18,21
DLNLCGCOAtcx;PPA,5,1,14,20
DLNLCGCOAtr;H2O2syn,1,0,18,21
DLNLCGCOAtr;PPA,5,1,14,20
DMGDHm;ARTFR52,2,0,17,21
DMGDHm;FAE180,2,0,17,21
DMGDHm;FAE200,2,0,17,21
DMGDHm;FAE220,2,0,17,21
DMGDHm;FAE240,2,0,17,21
DMGDHm;FAE260,2,0,17,21
DMGDHm;GAL3ST11,1,0,18,21
DMGDHm;GALSIDEtg,1,0,18,21
DMGDHm;GALSIDEtl,1,0,18,21
DMGDHm;GALU,1,0,18,21
DMGDHm;GLACter,1,0,18,21
DMGDHm;GLCURter,1,0,18,21
DMGDHm;GLCURtly,1,0,18,21
DMGDHm;GLRASE,1,0,18,21
DMGDHm;GLYtp,1,0,18,21
DMGDHm;GULLACter,1,0,18,21
DMGDHm;GULOer,1,0,18,21
DMGDHm;H2O2ter,1,0,18,21
DMGDHm;H2Otly,1,0,18,21
DMGDHm;HACD180,2,0,17,21
DMGDHm;HACD200,2,0,17,21
DMGDHm;HACD220,2,0,17,21
DMGDHm;HACD240,2,0,17,21
DMGDHm;HACD260,2,0,17,21
DMGDHm;HAS1,1,0,18,21
DMGDHm;HAS2,1,0,18,21
DMGDHm;HAtly,1,0,18,21
DMGDHm;HCO3Em,1,0,18,21
DMGDHm;HEXCCOAtr,2,0,17,21
DMGDHm;HSD180,2,0,17,21
DMGDHm;HSD200,2,0,17,21
DMGDHm;HSD220,2,0,17,21
DMGDHm;HSD240,2,0,17,21
DMGDHm;HSD260,2,0,17,21
DMGDHm;HYAL,1,0,18,21
DMGDHm;Htg,1,0,18,21
DMGDHm;PAPStg,1,0,18,21
DMGDHm;PAPtg,1,0,18,21
DMGDHm;PGMT,1,0,18,21
DMGDHm;RTOT5,2,0,17,21
DMGDHm;SADT,1,0,18,21
DMGDHm;SGALSIDEtg,1,0,18,21
DMGDHm;SGALSIDEtl,1,0,18,21
DMGDHm;SO4tl,1,0,18,21
DMGDHm;TECR180,2,0,17,21
DMGDHm;TECR200,2,0,17,21
DMGDHm;TECR220,2,0,17,21
DMGDHm;TECR240,2,0,17,21
DMGDHm;TECR260,2,0,17,21
DMGDHm;UAGDP,1,0,18,21
DMGDHm;UDPGD,1,0,18,21
DMGDHm;UROLACer,1,0,18,21
DMGtm;ARTFR52,2,0,17,21
DMGtm;FAE180,2,0,17,21
DMGtm;FAE200,2,0,17,21
DMGtm;FAE220,2,0,17,21
DMGtm;FAE240,2,0,17,21
DMGtm;FAE260,2,0,17,21
DMGtm;GAL3ST11,1,0,18,21
DMGtm;GALSIDEtg,1,0,18,21
DMGtm;GALSIDEtl,1,0,18,21
DMGtm;GALU,1,0,18,21
DMGtm;GLACter,1,0,18,21
DMGtm;GLCURter,1,0,18,21
DMGtm;GLCURtly,1,0,18,21
DMGtm;GLRASE,1,0,18,21
DMGtm;GLYtp,1,0,18,21
DMGtm;GULLACter,1,0,18,21
DMGtm;GULOer,1,0,18,21
DMGtm;H2O2ter,1,0,18,21
DMGtm;H2Otly,1,0,18,21
DMGtm;HACD180,2,0,17,21
DMGtm;HACD200,2,0,17,21
DMGtm;HACD220,2,0,17,21
DMGtm;HACD240,2,0,17,21
DMGtm;HACD260,2,0,17,21
DMGtm;HAS1,1,0,18,21
DMGtm;HAS2,1,0,18,21
DMGtm;HAtly,1,0,18,21
DMGtm;HCO3Em,1,0,18,21
DMGtm;HEXCCOAtr,2,0,17,21
DMGtm;HSD180,2,0,17,21
DMGtm;HSD200,2,0,17,21
DMGtm;HSD220,2,0,17,21
DMGtm;HSD240,2,0,17,21
DMGtm;HSD260,2,0,17,21
DMGtm;HYAL,1,0,18,21
DMGtm;Htg,1,0,18,21
DMGtm;PAPStg,1,0,18,21
DMGtm;PAPtg,1,0,18,21
DMGtm;PGMT,1,0,18,21
DMGtm;RTOT5,2,0,17,21
DMGtm;SADT,1,0,18,21
DMGtm;SGALSIDEtg,1,0,18,21
DMGtm;SGALSIDEtl,1,0,18,21
DMGtm;SO4tl,1,0,18,21
DMGtm;TECR180,2,0,17,21
DMGtm;TECR200,2,0,17,21
DMGtm;TECR220,2,0,17,21
DMGtm;TECR240,2,0,17,21
DMGtm;TECR260,2,0,17,21
DMGtm;UAGDP,1,0,18,21
DMGtm;UDPGD,1,0,18,21
DMGtm;UROLACer,1,0,18,21
DRPA;ARTFR56,1,0,18,21
DRPA;FAE201,1,0,18,21
DRPA;FAE221,1,0,18,21
DRPA;FAE224,1,0,18,21
DRPA;FAE241,1,0,18,21
DRPA;FAE244,1,0,18,21
DRPA;H2Otp,1,0,18,21
DRPA;HACD201,1,0,18,21
DRPA;HACD221,1,0,18,21
DRPA;HACD224,1,0,18,21
DRPA;HACD241,1,0,18,21
DRPA;HACD244,1,0,18,21
DRPA;HSD201,1,0,18,21
DRPA;HSD221,1,0,18,21
DRPA;HSD224,1,0,18,21
DRPA;HSD241,1,0,18,21
DRPA;HSD244,1,0,18,21
DRPA;Htx,1,0,18,21
DRPA;NRVNCCOAtr,1,0,18,21
DRPA;NRVNCCOAtxc,1,0,18,21
DRPA;O2tp,1,0,18,21
DRPA;PRISTANALtx,1,0,18,21
DRPA;PRISTtx,1,0,18,21
DRPA;TECR201,1,0,18,21
DRPA;TECR221,1,0,18,21
DRPA;TECR224,1,0,18,21
DRPA;TECR241,1,0,18,21
DRPA;TECR244,1,0,18,21
DRPA;THRA,3,1,16,20
DRPA;TTCTECOAtr,1,0,18,21
DURIPP;ARTFR56,1,0,18,21
DURIPP;FAE201,1,0,18,21
DURIPP;FAE221,1,0,18,21
DURIPP;FAE224,1,0,18,21
DURIPP;FAE241,1,0,18,21
DURIPP;FAE244,1,0,18,21
DURIPP;H2Otp,1,0,18,21
DURIPP;HACD201,1,0,18,21
DURIPP;HACD221,1,0,18,21
DURIPP;HACD224,1,0,18,21
DURIPP;HACD241,1,0,18,21
DURIPP;HACD244,1,0,18,21
DURIPP;HSD201,1,0,18,21
DURIPP;HSD221,1,0,18,21
DURIPP;HSD224,1,0,18,21
DURIPP;HSD241,1,0,18,21
DURIPP;HSD244,1,0,18,21
DURIPP;Htx,1,0,18,21
DURIPP;NRVNCCOAtr,1,0,18,21
DURIPP;NRVNCCOAtxc,1,0,18,21
DURIPP;O2tp,1,0,18,21
DURIPP;PRISTANALtx,1,0,18,21
DURIPP;PRISTtx,1,0,18,21
DURIPP;TECR201,1,0,18,21
DURIPP;TECR221,1,0,18,21
DURIPP;TECR224,1,0,18,21
DURIPP;TECR241,1,0,18,21
DURIPP;TECR244,1,0,18,21
DURIPP;THRA,3,1,16,20
DURIPP;TTCTECOAtr,1,0,18,21
EBP2r;ACITLn,0,1,19,20
EBP2r;ADPtn,0,1,19,20
EBP2r;CITtn,0,1,19,20
EBP2r;HMGLm,0,1,19,20
EBP2r;MDH,0,1,19,20
EBP2r;OAAtn,0,1,19,20
EBP2r;PCm,0,1,19,20
EBP2r;PItn,0,1,19,20
EBP2r;PPItm,0,1,19,20
EBP2r;PYRt2m,0,1,19,20
ECOAH1m;ARTFR52,0,1,19,20
ECOAH1m;FAE180,0,1,19,20
ECOAH1m;FAE200,0,1,19,20
ECOAH1m;FAE220,0,1,19,20
ECOAH1m;FAE240,0,1,19,20
ECOAH1m;FAE260,0,1,19,20
ECOAH1m;HACD180,0,1,19,20
ECOAH1m;HACD200,0,1,19,20
ECOAH1m;HACD220,0,1,19,20
ECOAH1m;HACD240,0,1,19,20
ECOAH1m;HACD260,0,1,19,20
ECOAH1m;HCO3E,0,1,19,20
ECOAH1m;HEXCCOAtr,0,1,19,20
ECOAH1m;HSD180,0,1,19,20
ECOAH1m;HSD200,0,1,19,20
ECOAH1m;HSD220,0,1,19,20
ECOAH1m;HSD240,0,1,19,20
ECOAH1m;HSD260,0,1,19,20
ECOAH1m;RTOT5,0,1,19,20
ECOAH1m;TECR180,0,1,19,20
ECOAH1m;TECR200,0,1,19,20
ECOAH1m;TECR220,0,1,19,20
ECOAH1m;TECR240,0,1,19,20
ECOAH1m;TECR260,0,1,19,20
ENO;TPI,0,1,19,20
ETHMALACc;HCO3_CLt,0,1,19,20
ETHMALACte;HCO3_CLt,0,1,19,20
ETHMALCOAc;HCO3_CLt,0,1,19,20
ETHPL;H2Ot,0,1,19,20
ETHPL;THRA,1,1,18,20
F1Atg;PFK2,0,1,19,20
F1Atg;TALA,0,1,19,20
FA40ACPH;ARTFR52,0,1,19,20
FA40ACPH;FAE180,0,1,19,20
FA40ACPH;FAE200,0,1,19,20
FA40ACPH;FAE220,0,1,19,20
FA40ACPH;FAE240,0,1,19,20
FA40ACPH;FAE260,0,1,19,20
FA40ACPH;HACD180,0,1,19,20
FA40ACPH;HACD200,0,1,19,20
FA40ACPH;HACD220,0,1,19,20
FA40ACPH;HACD240,0,1,19,20
FA40ACPH;HACD260,0,1,19,20
FA40ACPH;HCO3E,0,1,19,20
FA40ACPH;HCO3_CLt,0,1,19,20
FA40ACPH;HEXCCOAtr,0,1,19,20
FA40ACPH;HSD180,0,1,19,20
FA40ACPH;HSD200,0,1,19,20
FA40ACPH;HSD220,0,1,19,20
FA40ACPH;HSD240,0,1,19,20
FA40ACPH;HSD260,0,1,19,20
FA40ACPH;RTOT5,0,1,19,20
FA40ACPH;TECR180,0,1,19,20
FA40ACPH;TECR200,0,1,19,20
FA40ACPH;TECR220,0,1,19,20
FA40ACPH;TECR240,0,1,19,20
FA40ACPH;TECR260,0,1,19,20
FACOAL204;H2Oter,1,13,18,8
FACOAL204;Htr,1,13,18,8
FACOAL204;PPAer,0,2,19,19
FACOAL204;PPIPItr,0,2,19,19
FACOAL40im;ARTFR52,0,1,19,20
FACOAL40im;FAE180,0,1,19,20
FACOAL40im;FAE200,0,1,19,20
FACOAL40im;FAE220,0,1,19,20
FACOAL40im;FAE240,0,1,19,20
FACOAL40im;FAE260,0,1,19,20
FACOAL40im;HACD180,0,1,19,20
FACOAL40im;HACD200,0,1,19,20
FACOAL40im;HACD220,0,1,19,20
FACOAL40im;HACD240,0,1,19,20
FACOAL40im;HACD260,0,1,19,20
FACOAL40im;HCO3E,0,1,19,20
FACOAL40im;HCO3_CLt,0,1,19,20
FACOAL40im;HEXCCOAtr,0,1,19,20
FACOAL40im;HSD180,0,1,19,20
FACOAL40im;HSD200,0,1,19,20
FACOAL40im;HSD220,0,1,19,20
FACOAL40im;HSD240,0,1,19,20
FACOAL40im;HSD260,0,1,19,20
FACOAL40im;RTOT5,0,1,19,20
FACOAL40im;TECR180,0,1,19,20
FACOAL40im;TECR200,0,1,19,20
FACOAL40im;TECR220,0,1,19,20
FACOAL40im;TECR240,0,1,19,20
FACOAL40im;TECR260,0,1,19,20
FADFADH2tm;MTHFC,1,0,18,21
FADFADH2tm;MTHFD2,1,0,18,21
FADH2ETC;HCO3Em,1,0,18,21
FADH2ETC;HCO3tm,1,0,18,21
FAE180;ACITLn,0,1,19,20
FAE180;ADPtn,0,1,19,20
FAE180;ARTFR33,4,0,15,21
FAE180;ARTFR43,2,1,17,20
FAE180;CITtn,0,1,19,20
FAE180;FAE181,6,1,13,20
FAE180;FALDtm,2,0,17,21
FAE180;FALDtx,2,0,17,21
FAE180;FUMMALtm,1,0,18,21
FAE180;G3PD2m,4,0,15,21
FAE180;GLYBtm,2,0,17,21
FAE180;GLYtp,2,0,17,21
FAE180;H3K36MET_1,1,0,18,21
FAE180;H3K36MET_2,1,0,18,21
FAE180;H3K36MET_3,1,0,18,21
FAE180;H3K36_synthesis,1,0,18,21
FAE180;HACD181,6,1,13,20
FAE180;HACD1m,0,1,19,20
FAE180;HCO3Em,1,1,18,20
FAE180;HCO3tm,1,1,18,20
FAE180;HSD181,6,1,13,20
FAE180;ICITCITtm,0,1,19,20
FAE180;ICITMALtm,0,1,19,20
FAE180;LYStn,1,0,18,21
FAE180;MDH,0,1,19,20
FAE180;MDHm,0,1,19,20
FAE180;MEOHt2,2,0,17,21
FAE180;METAT,2,0,17,21
FAE180;O2tp,1,0,18,21
FAE180;OAAtn,0,1,19,20
FAE180;OCTD11ECOAtr,6,1,13,20
FAE180;PIt2m_2,0,1,19,20
FAE180;PItn,0,1,19,20
FAE180;PPItm,0,1,19,20
FAE180;RTOT3,4,0,15,21
FAE180;RTOT4,2,1,17,20
FAE180;SARCOXp,2,0,17,21
FAE180;SARCStm,2,0,17,21
FAE180;SARCStp,2,0,17,21
FAE180;TECR181,6,1,13,20
FAE180;peplys_synthesis,1,0,18,21
FAE181;ARTFR45,0,1,19,20
FAE181;ARTFR56,2,0,17,21
FAE181;FAE201,2,3,17,18
FAE181;FAE221,2,3,17,18
FAE181;FAE224,2,0,17,21
FAE181;FAE241,2,3,17,18
FAE181;FAE244,2,0,17,21
FAE181;GLUDym,1,0,18,21
FAE181;H2Otp,1,0,18,21
FAE181;HACD180,6,1,13,20
FAE181;HACD201,2,3,17,18
FAE181;HACD221,2,3,17,18
FAE181;HACD224,2,0,17,21
FAE181;HACD241,2,3,17,18
FAE181;HACD244,2,0,17,21
FAE181;HSD180,6,1,13,20
FAE181;HSD201,2,3,17,18
FAE181;HSD221,2,3,17,18
FAE181;HSD224,2,0,17,21
FAE181;HSD241,2,3,17,18
FAE181;HSD244,2,0,17,21
FAE181;Htx,2,0,17,21
FAE181;NADHtpu,1,0,18,21
FAE181;NADtx,1,0,18,21
FAE181;NH4tm,1,0,18,21
FAE181;NRVNCCOAtr,2,3,17,18
FAE181;NRVNCCOAtxc,2,0,17,21
FAE181;O2tp,2,0,17,21
FAE181;PRISTANALtx,1,0,18,21
FAE181;PRISTtx,1,0,18,21
FAE181;RTOT5,4,0,15,21
FAE181;TECR180,6,1,13,20
FAE181;TECR201,2,3,17,18
FAE181;TECR221,2,3,17,18
FAE181;TECR224,2,0,17,21
FAE181;TECR241,2,3,17,18
FAE181;TECR244,2,0,17,21
FAE181;TTCTECOAtr,2,0,17,21
FAE200;ACITLn,0,4,19,17
FAE200;ADPtn,0,4,19,17
FAE200;ARTFR45,0,1,19,20
FAE200;CITtn,0,4,19,17
FAE200;FAE201,0,1,19,20
FAE200;FAE221,0,1,19,20
FAE200;FAE241,0,1,19,20
FAE200;FALDtm,2,0,17,21
FAE200;FALDtx,2,0,17,21
FAE200;G3PD2m,4,0,15,21
FAE200;GLYBtm,2,0,17,21
FAE200;GLYtp,1,0,18,21
FAE200;H3K36MET_1,1,0,18,21
FAE200;H3K36MET_2,1,0,18,21
FAE200;H3K36MET_3,1,0,18,21
FAE200;H3K36_synthesis,1,0,18,21
FAE200;HACD1m,0,1,19,20
FAE200;HACD201,0,1,19,20
FAE200;HACD221,0,1,19,20
FAE200;HACD241,0,1,19,20
FAE200;HCO3Em,0,2,19,19
FAE200;HCO3tm,1,0,18,21
FAE200;HMGLm,0,3,19,18
FAE200;HSD201,0,1,19,20
FAE200;HSD221,0,1,19,20
FAE200;HSD241,0,1,19,20
FAE200;ICITCITtm,0,2,19,19
FAE200;ICITMALtm,0,2,19,19
FAE200;LYStn,1,0,18,21
FAE200;MDH,0,2,19,19
FAE200;MDHm,0,1,19,20
FAE200;ME2m,0,1,19,20
FAE200;MEOHt2,2,0,17,21
FAE200;METAT,2,0,17,21
FAE200;NADH2_u10m,0,3,19,18
FAE200;NRVNCCOAtr,0,1,19,20
FAE200;O2tp,1,0,18,21
FAE200;OAADC,0,1,19,20
FAE200;OAAtn,0,4,19,17
FAE200;PCm,0,3,19,18
FAE200;PIGTHRDLtm,0,1,19,20
FAE200;PIt2m_2,0,1,19,20
FAE200;PItn,0,3,19,18
FAE200;PPItm,0,2,19,19
FAE200;RTOT4,0,1,19,20
FAE200;SARCOXp,2,0,17,21
FAE200;SARCStm,2,0,17,21
FAE200;SARCStp,2,0,17,21
FAE200;TECR201,0,1,19,20
FAE200;TECR221,0,1,19,20
FAE200;TECR241,0,1,19,20
FAE200;peplys_synthesis,1,0,18,21
FAE201;ARTFR43,2,3,17,18
FAE201;ARTFR52,0,1,19,20
FAE201;FAE220,0,1,19,20
FAE201;FAE240,0,1,19,20
FAE201;FAE260,0,1,19,20
FAE201;FUMMALtm,1,0,18,21
FAE201;GLNtm,1,0,18,21
FAE201;GLUDxm,2,0,17,21
FAE201;GLXtm,1,0,18,21
FAE201;GLXtp,1,0,18,21
FAE201;GLYOp,1,0,18,21
FAE201;GLYtm,1,0,18,21
FAE201;GLYtp,1,0,18,21
FAE201;GPAT,1,0,18,21
FAE201;GPATm,1,0,18,21
FAE201;H2Otp,1,0,18,21
FAE201;HACD181,2,3,17,18
FAE201;HACD200,0,1,19,20
FAE201;HACD220,0,1,19,20
FAE201;HACD240,0,1,19,20
FAE201;HACD260,0,1,19,20
FAE201;HCO3Em,0,1,19,20
FAE201;HEXCCOAtr,0,1,19,20
FAE201;HSD181,2,3,17,18
FAE201;HSD200,0,1,19,20
FAE201;HSD220,0,1,19,20
FAE201;HSD240,0,1,19,20
FAE201;HSD260,0,1,19,20
FAE201;MTHFC,1,0,18,21
FAE201;MTHFD2,1,0,18,21
FAE201;NH4tp,1,0,18,21
FAE201;OCTD11ECOAtr,2,3,17,18
FAE201;PIMALtm,1,0,18,21
FAE201;PPM,1,0,18,21
FAE201;PPM2,1,0,18,21
FAE201;PROGLUtm,2,0,17,21
FAE201;PROtm,2,0,17,21
FAE201;PYNP2r,1,0,18,21
FAE201;RTOT3,7,2,12,19
FAE201;RTOT4,5,4,14,17
FAE201;RTOT5,0,1,19,20
FAE201;SO3AKGtm,1,0,18,21
FAE201;SO3MALtm,1,0,18,21
FAE201;TECR181,2,3,17,18
FAE201;TECR200,0,1,19,20
FAE201;TECR220,0,1,19,20
FAE201;TECR240,0,1,19,20
FAE201;TECR260,0,1,19,20
FAE201;TRDOXtm,1,0,18,21
FAE201;TRDRDtm,1,0,18,21
FAE201;TRDRm,1,0,18,21
FAE201;URIK2,1,0,18,21
FAE2031;H2O2syn,1,0,18,21
FAE2031;PPA,5,1,14,20
FAE220;ACITLn,0,4,19,17
FAE220;ADPtn,0,4,19,17
FAE220;ARTFR45,0,1,19,20
FAE220;CITtn,0,4,19,17
FAE220;FAE221,0,1,19,20
FAE220;FAE241,0,1,19,20
FAE220;FALDtm,2,0,17,21
FAE220;FALDtx,2,0,17,21
FAE220;G3PD2m,4,0,15,21
FAE220;GLYBtm,2,0,17,21
FAE220;GLYtp,1,0,18,21
FAE220;H3K36MET_1,1,0,18,21
FAE220;H3K36MET_2,1,0,18,21
FAE220;H3K36MET_3,1,0,18,21
FAE220;H3K36_synthesis,1,0,18,21
FAE220;HACD1m,0,1,19,20
FAE220;HACD201,0,1,19,20
FAE220;HACD221,0,1,19,20
FAE220;HACD241,0,1,19,20
FAE220;HCO3Em,0,2,19,19
FAE220;HCO3tm,1,0,18,21
FAE220;HMGLm,0,3,19,18
FAE220;HSD201,0,1,19,20
FAE220;HSD221,0,1,19,20
FAE220;HSD241,0,1,19,20
FAE220;ICITCITtm,0,2,19,19
FAE220;ICITMALtm,0,2,19,19
FAE220;LYStn,1,0,18,21
FAE220;MDH,0,2,19,19
FAE220;MDHm,0,1,19,20
FAE220;ME2m,0,1,19,20
FAE220;MEOHt2,2,0,17,21
FAE220;METAT,2,0,17,21
FAE220;NADH2_u10m,0,3,19,18
FAE220;NRVNCCOAtr,0,1,19,20
FAE220;O2tp,1,0,18,21
FAE220;OAADC,0,1,19,20
FAE220;OAAtn,0,4,19,17
FAE220;PCm,0,3,19,18
FAE220;PIGTHRDLtm,0,1,19,20
FAE220;PIt2m_2,0,1,19,20
FAE220;PItn,0,3,19,18
FAE220;PPItm,0,2,19,19
FAE220;RTOT4,0,1,19,20
FAE220;SARCOXp,2,0,17,21
FAE220;SARCStm,2,0,17,21
FAE220;SARCStp,2,0,17,21
FAE220;TECR201,0,1,19,20
FAE220;TECR221,0,1,19,20
FAE220;TECR241,0,1,19,20
FAE220;peplys_synthesis,1,0,18,21
FAE221;ARTFR43,2,3,17,18
FAE221;ARTFR52,0,1,19,20
FAE221;FAE240,0,1,19,20
FAE221;FAE260,0,1,19,20
FAE221;FUMMALtm,1,0,18,21
FAE221;GLNtm,1,0,18,21
FAE221;GLUDxm,2,0,17,21
FAE221;GLXtm,1,0,18,21
FAE221;GLXtp,1,0,18,21
FAE221;GLYOp,1,0,18,21
FAE221;GLYtm,1,0,18,21
FAE221;GLYtp,1,0,18,21
FAE221;GPAT,1,0,18,21
FAE221;GPATm,1,0,18,21
FAE221;H2Otp,1,0,18,21
FAE221;HACD181,2,3,17,18
FAE221;HACD200,0,1,19,20
FAE221;HACD220,0,1,19,20
FAE221;HACD240,0,1,19,20
FAE221;HACD260,0,1,19,20
FAE221;HCO3Em,0,1,19,20
FAE221;HEXCCOAtr,0,1,19,20
FAE221;HSD181,2,3,17,18
FAE221;HSD200,0,1,19,20
FAE221;HSD220,0,1,19,20
FAE221;HSD240,0,1,19,20
FAE221;HSD260,0,1,19,20
FAE221;MTHFC,1,0,18,21
FAE221;MTHFD2,1,0,18,21
FAE221;NH4tp,1,0,18,21
FAE221;OCTD11ECOAtr,2,3,17,18
FAE221;PIMALtm,1,0,18,21
FAE221;PPM,1,0,18,21
FAE221;PPM2,1,0,18,21
FAE221;PROGLUtm,2,0,17,21
FAE221;PROtm,2,0,17,21
FAE221;PYNP2r,1,0,18,21
FAE221;RTOT3,7,2,12,19
FAE221;RTOT4,5,4,14,17
FAE221;RTOT5,0,1,19,20
FAE221;SO3AKGtm,1,0,18,21
FAE221;SO3MALtm,1,0,18,21
FAE221;TECR181,2,3,17,18
FAE221;TECR200,0,1,19,20
FAE221;TECR220,0,1,19,20
FAE221;TECR240,0,1,19,20
FAE221;TECR260,0,1,19,20
FAE221;TRDOXtm,1,0,18,21
FAE221;TRDRDtm,1,0,18,21
FAE221;TRDRm,1,0,18,21
FAE221;URIK2,1,0,18,21
FAE224;ARTFR43,2,0,17,21
FAE224;FUMMALtm,1,0,18,21
FAE224;GLNtm,1,0,18,21
FAE224;GLUDxm,2,0,17,21
FAE224;GLXtm,1,0,18,21
FAE224;GLXtp,1,0,18,21
FAE224;GLYOp,1,0,18,21
FAE224;GLYtm,1,0,18,21
FAE224;GLYtp,1,0,18,21
FAE224;GPAT,1,0,18,21
FAE224;GPATm,1,0,18,21
FAE224;H2Otp,1,0,18,21
FAE224;HACD181,2,0,17,21
FAE224;HCO3Em,0,1,19,20
FAE224;HSD181,2,0,17,21
FAE224;MTHFC,1,0,18,21
FAE224;MTHFD2,1,0,18,21
FAE224;NH4tp,1,0,18,21
FAE224;OCTD11ECOAtr,2,0,17,21
FAE224;PIMALtm,1,0,18,21
FAE224;PPM,1,0,18,21
FAE224;PPM2,1,0,18,21
FAE224;PROGLUtm,2,0,17,21
FAE224;PROtm,2,0,17,21
FAE224;PYNP2r,1,0,18,21
FAE224;RTOT3,7,2,12,19
FAE224;RTOT4,5,4,14,17
FAE224;SO3AKGtm,1,0,18,21
FAE224;SO3MALtm,1,0,18,21
FAE224;TECR181,2,0,17,21
FAE224;TRDOXtm,1,0,18,21
FAE224;TRDRDtm,1,0,18,21
FAE224;TRDRm,1,0,18,21
FAE224;URIK2,1,0,18,21
FAE240;ACITLn,0,4,19,17
FAE240;ADPtn,0,4,19,17
FAE240;ARTFR45,0,1,19,20
FAE240;CITtn,0,4,19,17
FAE240;FAE241,0,1,19,20
FAE240;FALDtm,2,0,17,21
FAE240;FALDtx,2,0,17,21
FAE240;G3PD2m,4,0,15,21
FAE240;GLYBtm,2,0,17,21
FAE240;GLYtp,1,0,18,21
FAE240;H3K36MET_1,1,0,18,21
FAE240;H3K36MET_2,1,0,18,21
FAE240;H3K36MET_3,1,0,18,21
FAE240;H3K36_synthesis,1,0,18,21
FAE240;HACD1m,0,1,19,20
FAE240;HACD201,0,1,19,20
FAE240;HACD221,0,1,19,20
FAE240;HACD241,0,1,19,20
FAE240;HCO3Em,0,2,19,19
FAE240;HCO3tm,1,0,18,21
FAE240;HMGLm,0,3,19,18
FAE240;HSD201,0,1,19,20
FAE240;HSD221,0,1,19,20
FAE240;HSD241,0,1,19,20
FAE240;ICITCITtm,0,2,19,19
FAE240;ICITMALtm,0,2,19,19
FAE240;LYStn,1,0,18,21
FAE240;MDH,0,2,19,19
FAE240;MDHm,0,1,19,20
FAE240;ME2m,0,1,19,20
FAE240;MEOHt2,2,0,17,21
FAE240;METAT,2,0,17,21
FAE240;NADH2_u10m,0,3,19,18
FAE240;NRVNCCOAtr,0,1,19,20
FAE240;O2tp,1,0,18,21
FAE240;OAADC,0,1,19,20
FAE240;OAAtn,0,4,19,17
FAE240;PCm,0,3,19,18
FAE240;PIGTHRDLtm,0,1,19,20
FAE240;PIt2m_2,0,1,19,20
FAE240;PItn,0,3,19,18
FAE240;PPItm,0,2,19,19
FAE240;RTOT4,0,1,19,20
FAE240;SARCOXp,2,0,17,21
FAE240;SARCStm,2,0,17,21
FAE240;SARCStp,2,0,17,21
FAE240;TECR201,0,1,19,20
FAE240;TECR221,0,1,19,20
FAE240;TECR241,0,1,19,20
FAE240;peplys_synthesis,1,0,18,21
FAE241;ARTFR43,2,3,17,18
FAE241;ARTFR52,0,1,19,20
FAE241;FAE260,0,1,19,20
FAE241;FUMMALtm,1,0,18,21
FAE241;GLNtm,1,0,18,21
FAE241;GLUDxm,2,0,17,21
FAE241;GLXtm,1,0,18,21
FAE241;GLXtp,1,0,18,21
FAE241;GLYOp,1,0,18,21
FAE241;GLYtm,1,0,18,21
FAE241;GLYtp,1,0,18,21
FAE241;GPAT,1,0,18,21
FAE241;GPATm,1,0,18,21
FAE241;H2Otp,1,0,18,21
FAE241;HACD181,2,3,17,18
FAE241;HACD200,0,1,19,20
FAE241;HACD220,0,1,19,20
FAE241;HACD240,0,1,19,20
FAE241;HACD260,0,1,19,20
FAE241;HCO3Em,0,1,19,20
FAE241;HEXCCOAtr,0,1,19,20
FAE241;HSD181,2,3,17,18
FAE241;HSD200,0,1,19,20
FAE241;HSD220,0,1,19,20
FAE241;HSD240,0,1,19,20
FAE241;HSD260,0,1,19,20
FAE241;MTHFC,1,0,18,21
FAE241;MTHFD2,1,0,18,21
FAE241;NH4tp,1,0,18,21
FAE241;OCTD11ECOAtr,2,3,17,18
FAE241;PIMALtm,1,0,18,21
FAE241;PPM,1,0,18,21
FAE241;PPM2,1,0,18,21
FAE241;PROGLUtm,2,0,17,21
FAE241;PROtm,2,0,17,21
FAE241;PYNP2r,1,0,18,21
FAE241;RTOT3,7,2,12,19
FAE241;RTOT4,5,4,14,17
FAE241;RTOT5,0,1,19,20
FAE241;SO3AKGtm,1,0,18,21
FAE241;SO3MALtm,1,0,18,21
FAE241;TECR181,2,3,17,18
FAE241;TECR200,0,1,19,20
FAE241;TECR220,0,1,19,20
FAE241;TECR240,0,1,19,20
FAE241;TECR260,0,1,19,20
FAE241;TRDOXtm,1,0,18,21
FAE241;TRDRDtm,1,0,18,21
FAE241;TRDRm,1,0,18,21
FAE241;URIK2,1,0,18,21
FAE244;ARTFR43,2,0,17,21
FAE244;FUMMALtm,1,0,18,21
FAE244;GLNtm,1,0,18,21
FAE244;GLUDxm,2,0,17,21
FAE244;GLXtm,1,0,18,21
FAE244;GLXtp,1,0,18,21
FAE244;GLYOp,1,0,18,21
FAE244;GLYtm,1,0,18,21
FAE244;GLYtp,1,0,18,21
FAE244;GPAT,1,0,18,21
FAE244;GPATm,1,0,18,21
FAE244;H2Otp,1,0,18,21
FAE244;HACD181,2,0,17,21
FAE244;HCO3Em,0,1,19,20
FAE244;HSD181,2,0,17,21
FAE244;MTHFC,1,0,18,21
FAE244;MTHFD2,1,0,18,21
FAE244;NH4tp,1,0,18,21
FAE244;OCTD11ECOAtr,2,0,17,21
FAE244;PIMALtm,1,0,18,21
FAE244;PPM,1,0,18,21
FAE244;PPM2,1,0,18,21
FAE244;PROGLUtm,2,0,17,21
FAE244;PROtm,2,0,17,21
FAE244;PYNP2r,1,0,18,21
FAE244;RTOT3,7,2,12,19
FAE244;RTOT4,5,4,14,17
FAE244;SO3AKGtm,1,0,18,21
FAE244;SO3MALtm,1,0,18,21
FAE244;TECR181,2,0,17,21
FAE244;TRDOXtm,1,0,18,21
FAE244;TRDRDtm,1,0,18,21
FAE244;TRDRm,1,0,18,21
FAE244;URIK2,1,0,18,21
FAE260;ACITLn,0,4,19,17
FAE260;ADPtn,0,4,19,17
FAE260;ARTFR45,0,1,19,20
FAE260;CITtn,0,4,19,17
FAE260;FALDtm,2,0,17,21
FAE260;FALDtx,2,0,17,21
FAE260;G3PD2m,4,0,15,21
FAE260;GLYBtm,2,0,17,21
FAE260;GLYtp,1,0,18,21
FAE260;H3K36MET_1,1,0,18,21
FAE260;H3K36MET_2,1,0,18,21
FAE260;H3K36MET_3,1,0,18,21
FAE260;H3K36_synthesis,1,0,18,21
FAE260;HACD1m,0,1,19,20
FAE260;HACD201,0,1,19,20
FAE260;HACD221,0,1,19,20
FAE260;HACD241,0,1,19,20
FAE260;HCO3Em,0,2,19,19
FAE260;HCO3tm,1,0,18,21
FAE260;HMGLm,0,3,19,18
FAE260;HSD201,0,1,19,20
FAE260;HSD221,0,1,19,20
FAE260;HSD241,0,1,19,20
FAE260;ICITCITtm,0,2,19,19
FAE260;ICITMALtm,0,2,19,19
FAE260;LYStn,1,0,18,21
FAE260;MDH,0,2,19,19
FAE260;MDHm,0,1,19,20
FAE260;ME2m,0,1,19,20
FAE260;MEOHt2,2,0,17,21
FAE260;METAT,2,0,17,21
FAE260;NADH2_u10m,0,3,19,18
FAE260;NRVNCCOAtr,0,1,19,20
FAE260;O2tp,1,0,18,21
FAE260;OAADC,0,1,19,20
FAE260;OAAtn,0,4,19,17
FAE260;PCm,0,3,19,18
FAE260;PIGTHRDLtm,0,1,19,20
FAE260;PIt2m_2,0,1,19,20
FAE260;PItn,0,3,19,18
FAE260;PPItm,0,2,19,19
FAE260;RTOT4,0,1,19,20
FAE260;SARCOXp,2,0,17,21
FAE260;SARCStm,2,0,17,21
FAE260;SARCStp,2,0,17,21
FAE260;TECR201,0,1,19,20
FAE260;TECR221,0,1,19,20
FAE260;TECR241,0,1,19,20
FAE260;peplys_synthesis,1,0,18,21
FALDte;PPAm,0,1,19,20
FALDte;PPItm,0,1,19,20
FALDte;RDH1,0,1,19,20
FALDte;RDH1a,0,1,19,20
FALDtm;ARTFR52,2,0,17,21
FALDtm;GAL3ST11,1,0,18,21
FALDtm;GALSIDEtg,1,0,18,21
FALDtm;GALSIDEtl,1,0,18,21
FALDtm;GALU,1,0,18,21
FALDtm;GLACter,1,0,18,21
FALDtm;GLCURter,1,0,18,21
FALDtm;GLCURtly,1,0,18,21
FALDtm;GLRASE,1,0,18,21
FALDtm;GLYtp,1,0,18,21
FALDtm;GULLACter,1,0,18,21
FALDtm;GULOer,1,0,18,21
FALDtm;H2O2ter,1,0,18,21
FALDtm;H2Otly,1,0,18,21
FALDtm;HACD180,2,0,17,21
FALDtm;HACD200,2,0,17,21
FALDtm;HACD220,2,0,17,21
FALDtm;HACD240,2,0,17,21
FALDtm;HACD260,2,0,17,21
FALDtm;HAS1,1,0,18,21
FALDtm;HAS2,1,0,18,21
FALDtm;HAtly,1,0,18,21
FALDtm;HCO3Em,1,0,18,21
FALDtm;HEXCCOAtr,2,0,17,21
FALDtm;HSD180,2,0,17,21
FALDtm;HSD200,2,0,17,21
FALDtm;HSD220,2,0,17,21
FALDtm;HSD240,2,0,17,21
FALDtm;HSD260,2,0,17,21
FALDtm;HYAL,1,0,18,21
FALDtm;Htg,1,0,18,21
FALDtm;PAPStg,1,0,18,21
FALDtm;PAPtg,1,0,18,21
FALDtm;PGMT,1,0,18,21
FALDtm;RTOT5,2,0,17,21
FALDtm;SADT,1,0,18,21
FALDtm;SGALSIDEtg,1,0,18,21
FALDtm;SGALSIDEtl,1,0,18,21
FALDtm;SO4tl,1,0,18,21
FALDtm;TECR180,2,0,17,21
FALDtm;TECR200,2,0,17,21
FALDtm;TECR220,2,0,17,21
FALDtm;TECR240,2,0,17,21
FALDtm;TECR260,2,0,17,21
FALDtm;UAGDP,1,0,18,21
FALDtm;UDPGD,1,0,18,21
FALDtm;UROLACer,1,0,18,21
FALDtn;PPAm,0,1,19,20
FALDtn;PPItm,0,1,19,20
FALDtn;RDH1,0,1,19,20
FALDtn;RDH1a,0,1,19,20
FALDtn;THRA,1,1,18,20
FALDtx;ARTFR52,2,0,17,21
FALDtx;GAL3ST11,1,0,18,21
FALDtx;GALSIDEtg,1,0,18,21
FALDtx;GALSIDEtl,1,0,18,21
FALDtx;GALU,1,0,18,21
FALDtx;GLACter,1,0,18,21
FALDtx;GLCURter,1,0,18,21
FALDtx;GLCURtly,1,0,18,21
FALDtx;GLRASE,1,0,18,21
FALDtx;GLYtp,1,0,18,21
FALDtx;GULLACter,1,0,18,21
FALDtx;GULOer,1,0,18,21
FALDtx;H2O2ter,1,0,18,21
FALDtx;H2Otly,1,0,18,21
FALDtx;HACD180,2,0,17,21
FALDtx;HACD200,2,0,17,21
FALDtx;HACD220,2,0,17,21
FALDtx;HACD240,2,0,17,21
FALDtx;HACD260,2,0,17,21
FALDtx;HAS1,1,0,18,21
FALDtx;HAS2,1,0,18,21
FALDtx;HAtly,1,0,18,21
FALDtx;HCO3Em,1,0,18,21
FALDtx;HEXCCOAtr,2,0,17,21
FALDtx;HSD180,2,0,17,21
FALDtx;HSD200,2,0,17,21
FALDtx;HSD220,2,0,17,21
FALDtx;HSD240,2,0,17,21
FALDtx;HSD260,2,0,17,21
FALDtx;HYAL,1,0,18,21
FALDtx;Htg,1,0,18,21
FALDtx;PAPStg,1,0,18,21
FALDtx;PAPtg,1,0,18,21
FALDtx;PGMT,1,0,18,21
FALDtx;RTOT5,2,0,17,21
FALDtx;SADT,1,0,18,21
FALDtx;SGALSIDEtg,1,0,18,21
FALDtx;SGALSIDEtl,1,0,18,21
FALDtx;SO4tl,1,0,18,21
FALDtx;TECR180,2,0,17,21
FALDtx;TECR200,2,0,17,21
FALDtx;TECR220,2,0,17,21
FALDtx;TECR240,2,0,17,21
FALDtx;TECR260,2,0,17,21
FALDtx;UAGDP,1,0,18,21
FALDtx;UDPGD,1,0,18,21
FALDtx;UROLACer,1,0,18,21
FBA3;PFK,1,0,18,21
FBA3;PGI,1,0,18,21
FBA;FBA3,1,0,18,21
FBA;H2O2syn,0,1,19,20
FBA;HCO3_2NAt,1,0,18,21
FBA;NAt3_1,0,1,19,20
FBA;PFK_3,1,0,18,21
FBA;PGI,3,1,16,20
FBA;RPE,1,0,18,21
FBA;TKT1,1,0,18,21
FBA;TKT2,1,0,18,21
FCYTOB5OXRr;IDHPOXOX2b,0,1,19,20
FCYTOB5OXRr;IDHPOXOX3,0,1,19,20
FCYTOB5OXRr;IDHPOXOXb,0,1,19,20
FCYTOB5OXRr;It,0,1,19,20
FCYTOB5OXRr;SADT,0,1,19,20
FCYTOB5OXRr;SO4HCOtex,0,1,19,20
FCYTOB5OXRr;THYPX,0,1,19,20
FCYTOB5OXRr;THYRIDHD,0,1,19,20
FCYTOB5OXRr;THYST,0,1,19,20
FKYNH;H2O2syn,1,0,18,21
FKYNH;HCO3E,1,0,18,21
FKYNH;MAL_Lte,1,0,18,21
FKYNH;PIt2m_2,0,1,19,20
FKYNH;PPA,1,0,18,21
FOLt2;MTHFR3x,1,0,18,21
FOLt2;NADH2_u10m,0,1,19,20
FOLt2;THBPT4ACAMDASE,1,0,18,21
FOLt2;TRPHYDRO2,1,0,18,21
FORBUTte;FORLACte,1,0,18,21
FUM;FUMMALtm,1,0,18,21
FUM;FUMSUCCtm,1,0,18,21
FUM;FUMm,1,0,18,21
FUM;GPAT,1,0,18,21
FUM;PIt2m_2,1,0,18,21
FUM;SUCD1m,1,0,18,21
FUM;SUCOAS1m,1,0,18,21
FUMMALtm;ACITLn,1,0,18,21
FUMMALtm;ADPtn,1,0,18,21
FUMMALtm;ARTFR56,1,0,18,21
FUMMALtm;CITtn,1,0,18,21
FUMMALtm;FUMSUCCtm,3,1,16,20
FUMMALtm;G3PD2m,1,0,18,21
FUMMALtm;GPAT,1,0,18,21
FUMMALtm;GTHP,1,0,18,21
FUMMALtm;H2O2tp,1,0,18,21
FUMMALtm;HACD180,1,0,18,21
FUMMALtm;HACD201,1,0,18,21
FUMMALtm;HACD221,1,0,18,21
FUMMALtm;HACD224,1,0,18,21
FUMMALtm;HACD241,1,0,18,21
FUMMALtm;HACD244,1,0,18,21
FUMMALtm;HMGCOASim,0,1,19,20
FUMMALtm;HSD180,1,0,18,21
FUMMALtm;HSD201,1,0,18,21
FUMMALtm;HSD221,1,0,18,21
FUMMALtm;HSD224,1,0,18,21
FUMMALtm;HSD241,1,0,18,21
FUMMALtm;HSD244,1,0,18,21
FUMMALtm;Htx,1,0,18,21
FUMMALtm;ITCOALm,1,0,18,21
FUMMALtm;MDHm,2,0,17,21
FUMMALtm;ME1m,0,1,19,20
FUMMALtm;NRVNCCOAtr,1,0,18,21
FUMMALtm;NRVNCCOAtxc,1,0,18,21
FUMMALtm;O2tp,1,0,18,21
FUMMALtm;OAAtn,1,0,18,21
FUMMALtm;PDHa,0,1,19,20
FUMMALtm;PDHbr,0,1,19,20
FUMMALtm;PIMALtm,0,1,19,20
FUMMALtm;PIt2m_2,1,0,18,21
FUMMALtm;PItn,1,0,18,21
FUMMALtm;PRISTANALtx,1,0,18,21
FUMMALtm;PRISTtx,1,0,18,21
FUMMALtm;PYRtm,1,0,18,21
FUMMALtm;RTOT5,1,0,18,21
FUMMALtm;SO4AKGtm,0,1,19,20
FUMMALtm;SO4MALtm,0,1,19,20
FUMMALtm;SUCD1m,1,0,18,21
FUMMALtm;SUCOAS1m,1,0,18,21
FUMMALtm;TECR180,1,0,18,21
FUMMALtm;TECR201,1,0,18,21
FUMMALtm;TECR221,1,0,18,21
FUMMALtm;TECR224,1,0,18,21
FUMMALtm;TECR241,1,0,18,21
FUMMALtm;TECR244,1,0,18,21
FUMMALtm;THD1m,1,0,18,21
FUMMALtm;THFtm,0,1,19,20
FUMMALtm;TTCTECOAtr,1,0,18,21
FUMSUCCtm;GMPS,0,1,19,20
FUMSUCCtm;MAL_Lte,1,1,18,20
FUMSUCCtm;PIMALtm,0,1,19,20
FUMSUCCtm;RTOT3,0,1,19,20
FUMSUCCtm;RTOT4,0,1,19,20
FUMSUCCtm;SO4AKGtm,0,1,19,20
FUMSUCCtm;SO4MALtm,0,1,19,20
FUMSUCCtm;THFtm,0,1,19,20
FUMm;FUMSUCCtm,1,0,18,21
FUMm;GPAT,1,0,18,21
FUMm;PIt2m_2,1,0,18,21
FUMm;SUCD1m,1,0,18,21
FUMm;SUCOAS1m,1,0,18,21
G3PD2m;ARTFR52,4,0,15,21
G3PD2m;HACD180,4,0,15,21
G3PD2m;HACD200,4,0,15,21
G3PD2m;HACD220,4,0,15,21
G3PD2m;HACD240,4,0,15,21
G3PD2m;HACD260,4,0,15,21
G3PD2m;HEXCCOAtr,4,0,15,21
G3PD2m;HSD180,4,0,15,21
G3PD2m;HSD200,4,0,15,21
G3PD2m;HSD220,4,0,15,21
G3PD2m;HSD240,4,0,15,21
G3PD2m;HSD260,4,0,15,21
G3PD2m;RTOT5,4,0,15,21
G3PD2m;TECR180,4,0,15,21
G3PD2m;TECR200,4,0,15,21
G3PD2m;TECR220,4,0,15,21
G3PD2m;TECR240,4,0,15,21
G3PD2m;TECR260,4,0,15,21
G6PDA;GLNtN1,0,1,19,20
G6PDA;GLUPROASCT1,0,1,19,20
G6PDA;H2Ot,0,1,19,20
G6PDH2r;PGI,1,0,18,21
G6PDH2r;RPE,1,0,18,21
G6PDH2r;TALA,1,0,18,21
G6PDH2r;TKT1,1,0,18,21
G6PDH2r;TKT2,1,0,18,21
GAL3ST11;GLYBtm,1,0,18,21
GAL3ST11;GLYSNAT5tc,1,0,18,21
GAL3ST11;GLYtp,1,0,18,21
GAL3ST11;H2O2syn,1,0,18,21
GAL3ST11;H3K36MET_1,1,0,18,21
GAL3ST11;H3K36MET_2,1,0,18,21
GAL3ST11;H3K36MET_3,1,0,18,21
GAL3ST11;H3K36_synthesis,1,0,18,21
GAL3ST11;HCO3E,1,0,18,21
GAL3ST11;HCO3Ee,0,1,19,20
GAL3ST11;HCO3Em,1,0,18,21
GAL3ST11;HCO3tm,1,0,18,21
GAL3ST11;Htr,1,2,18,19
GAL3ST11;LYStn,1,0,18,21
GAL3ST11;MEOHt2,1,0,18,21
GAL3ST11;METAT,1,0,18,21
GAL3ST11;O2tm,0,1,19,20
GAL3ST11;PFK2,0,2,19,19
GAL3ST11;PYK,0,1,19,20
GAL3ST11;PYRt2r,0,1,19,20
GAL3ST11;RADH,0,1,19,20
GAL3ST11;RADH4,0,1,19,20
GAL3ST11;RAI3,0,1,19,20
GAL3ST11;RDH1,0,1,19,20
GAL3ST11;RDH4,0,1,19,20
GAL3ST11;RETI3,0,1,19,20
GAL3ST11;RTOT3,1,0,18,21
GAL3ST11;SARCOXp,1,0,18,21
GAL3ST11;SARCStm,1,0,18,21
GAL3ST11;SARCStp,1,0,18,21
GAL3ST11;TALA,0,1,19,20
GAL3ST11;peplys_synthesis,1,0,18,21
GAL3ST12;H2O2syn,1,0,18,21
GAL3ST12;HCO3_2NAt,1,0,18,21
GAL3ST12;IDHPOXOX2b,0,1,19,20
GAL3ST12;IDHPOXOX3,0,1,19,20
GAL3ST12;IDHPOXOXb,0,1,19,20
GAL3ST12;It,0,1,19,20
GAL3ST12;KCCt,1,1,18,20
GAL3ST12;MTHFC,1,0,18,21
GAL3ST12;MTHFD2,1,0,18,21
GAL3ST12;NCKt,1,1,18,20
GAL3ST12;NCNt,1,1,18,20
GAL3ST12;NH4t3r,1,0,18,21
GAL3ST12;PGAM1_PhosHydro,1,0,18,21
GAL3ST12;SO4t4_3,1,0,18,21
GAL3ST12;THYPX,0,1,19,20
GAL3ST12;THYRIDHD,0,1,19,20
GAL3ST12;THYST,0,1,19,20
GAL3ST12;TYRDOPO,0,1,19,20
GALASE19ly;PFK2,0,1,19,20
GALASE19ly;TALA,0,1,19,20
GALM2;PFK2,0,1,19,20
GALM2;TALA,0,1,19,20
GALNTg;PFK2,0,1,19,20
GALNTg;TALA,0,1,19,20
GALSIDEtg;GLYBtm,1,0,18,21
GALSIDEtg;GLYSNAT5tc,1,0,18,21
GALSIDEtg;GLYtp,1,0,18,21
GALSIDEtg;H2O2syn,1,0,18,21
GALSIDEtg;H3K36MET_1,1,0,18,21
GALSIDEtg;H3K36MET_2,1,0,18,21
GALSIDEtg;H3K36MET_3,1,0,18,21
GALSIDEtg;H3K36_synthesis,1,0,18,21
GALSIDEtg;HCO3E,1,0,18,21
GALSIDEtg;HCO3Ee,0,1,19,20
GALSIDEtg;HCO3Em,1,0,18,21
GALSIDEtg;HCO3tm,1,0,18,21
GALSIDEtg;Htr,1,2,18,19
GALSIDEtg;LYStn,1,0,18,21
GALSIDEtg;MEOHt2,1,0,18,21
GALSIDEtg;METAT,1,0,18,21
GALSIDEtg;O2tm,0,1,19,20
GALSIDEtg;PFK2,0,2,19,19
GALSIDEtg;PYK,0,1,19,20
GALSIDEtg;PYRt2r,0,1,19,20
GALSIDEtg;RADH,0,1,19,20
GALSIDEtg;RADH4,0,1,19,20
GALSIDEtg;RAI3,0,1,19,20
GALSIDEtg;RDH1,0,1,19,20
GALSIDEtg;RDH4,0,1,19,20
GALSIDEtg;RETI3,0,1,19,20
GALSIDEtg;RTOT3,1,0,18,21
GALSIDEtg;SARCOXp,1,0,18,21
GALSIDEtg;SARCStm,1,0,18,21
GALSIDEtg;SARCStp,1,0,18,21
GALSIDEtg;TALA,0,1,19,20
GALSIDEtg;peplys_synthesis,1,0,18,21
GALSIDEtl;GLYBtm,1,0,18,21
GALSIDEtl;GLYSNAT5tc,1,0,18,21
GALSIDEtl;GLYtp,1,0,18,21
GALSIDEtl;H2O2syn,1,0,18,21
GALSIDEtl;H3K36MET_1,1,0,18,21
GALSIDEtl;H3K36MET_2,1,0,18,21
GALSIDEtl;H3K36MET_3,1,0,18,21
GALSIDEtl;H3K36_synthesis,1,0,18,21
GALSIDEtl;HCO3E,1,0,18,21
GALSIDEtl;HCO3Ee,0,1,19,20
GALSIDEtl;HCO3Em,1,0,18,21
GALSIDEtl;HCO3tm,1,0,18,21
GALSIDEtl;Htr,1,2,18,19
GALSIDEtl;LYStn,1,0,18,21
GALSIDEtl;MEOHt2,1,0,18,21
GALSIDEtl;METAT,1,0,18,21
GALSIDEtl;O2tm,0,1,19,20
GALSIDEtl;PFK2,0,2,19,19
GALSIDEtl;PYK,0,1,19,20
GALSIDEtl;PYRt2r,0,1,19,20
GALSIDEtl;RADH,0,1,19,20
GALSIDEtl;RADH4,0,1,19,20
GALSIDEtl;RAI3,0,1,19,20
GALSIDEtl;RDH1,0,1,19,20
GALSIDEtl;RDH4,0,1,19,20
GALSIDEtl;RETI3,0,1,19,20
GALSIDEtl;RTOT3,1,0,18,21
GALSIDEtl;SARCOXp,1,0,18,21
GALSIDEtl;SARCStm,1,0,18,21
GALSIDEtl;SARCStp,1,0,18,21
GALSIDEtl;TALA,0,1,19,20
GALSIDEtl;peplys_synthesis,1,0,18,21
GALU;GLYBtm,1,0,18,21
GALU;GLYSNAT5tc,1,0,18,21
GALU;GLYt2r,1,0,18,21
GALU;GLYtp,1,0,18,21
GALU;H2O2syn,1,1,18,20
GALU;H3K36MET_1,1,0,18,21
GALU;H3K36MET_2,1,0,18,21
GALU;H3K36MET_3,1,0,18,21
GALU;H3K36_synthesis,1,0,18,21
GALU;HCO3E,1,0,18,21
GALU;HCO3Ee,0,1,19,20
GALU;HCO3Em,1,0,18,21
GALU;HCO3_2NAt,1,0,18,21
GALU;HCO3tm,1,0,18,21
GALU;Htr,0,2,19,19
GALU;IDHPOXOX2b,0,1,19,20
GALU;IDHPOXOX3,0,1,19,20
GALU;IDHPOXOXb,0,1,19,20
GALU;It,0,1,19,20
GALU;KCCt,1,1,18,20
GALU;LYStn,1,0,18,21
GALU;MEOHt2,1,0,18,21
GALU;METAT,1,0,18,21
GALU;MTHFC,1,0,18,21
GALU;MTHFD2,1,0,18,21
GALU;NCKt,1,1,18,20
GALU;NCNt,1,1,18,20
GALU;NH4t3r,1,0,18,21
GALU;O2tm,0,1,19,20
GALU;PFK2,0,2,19,19
GALU;PGAM1_PhosHydro,1,0,18,21
GALU;PYK,0,1,19,20
GALU;PYRt2r,0,1,19,20
GALU;RADH,0,1,19,20
GALU;RADH4,0,1,19,20
GALU;RAI3,0,1,19,20
GALU;RDH1,0,1,19,20
GALU;RDH4,0,1,19,20
GALU;RETI3,0,1,19,20
GALU;RTOT3,1,0,18,21
GALU;SARCOXp,1,0,18,21
GALU;SARCStm,1,0,18,21
GALU;SARCStp,1,0,18,21
GALU;TALA,0,1,19,20
GALU;THYPX,0,1,19,20
GALU;THYRIDHD,0,1,19,20
GALU;THYST,0,1,19,20
GALU;TYRDOPO,0,1,19,20
GALU;peplys_synthesis,1,0,18,21
GALtly;PFK2,0,1,19,20
GALtly;TALA,0,1,19,20
GAPD;TPI,0,1,19,20
GCALDD;HCO3_CLt,0,1,19,20
GF6PTA;GLNtN1,0,1,19,20
GF6PTA;GLUPROASCT1,0,1,19,20
GF6PTA;H2Ot,0,1,19,20
GFUCS;GFUCSx,0,1,19,20
GGTAe2;GLCt2r,0,1,19,20
GGTAe2;GLUDC,0,2,19,19
GGTAe2;GLUVESSEC,1,0,18,21
GGTAe2;GLYSNAT5tc,0,2,19,19
GGTAe2;GLYt2r,2,3,17,18
GGTAe2;GLYt7_311_r,1,0,18,21
GGTAe2;KCC2t,0,1,19,20
GGTAe2;NM_8,0,1,19,20
GGTAe2;PROGLUtm,1,0,18,21
GGTAe2;PROtm,1,0,18,21
GGTAe2;TRDOXtm,1,0,18,21
GGTAe2;TRDRDtm,1,0,18,21
GGTAe2;TRDRm,1,0,18,21
GGTAe2;TYRATB0tc,0,1,19,20
GGTAe2;TYRDOPO,0,1,19,20
GHMT2rm;HCO3E,0,1,19,20
GHMT2rm;MTHFC,0,1,19,20
GHMT2rm;MTHFD2,0,1,19,20
GHMT2rm;THFtm,0,1,19,20
GLACter;GLYBtm,1,0,18,21
GLACter;GLYSNAT5tc,1,0,18,21
GLACter;GLYtp,1,0,18,21
GLACter;H2O2syn,1,0,18,21
GLACter;H3K36MET_1,1,0,18,21
GLACter;H3K36MET_2,1,0,18,21
GLACter;H3K36MET_3,1,0,18,21
GLACter;H3K36_synthesis,1,0,18,21
GLACter;HCO3E,1,0,18,21
GLACter;HCO3Ee,0,1,19,20
GLACter;HCO3Em,1,0,18,21
GLACter;HCO3tm,1,0,18,21
GLACter;Htr,1,3,18,18
GLACter;LYStn,1,0,18,21
GLACter;MEOHt2,1,0,18,21
GLACter;METAT,1,0,18,21
GLACter;O2tm,0,1,19,20
GLACter;PFK2,0,1,19,20
GLACter;PPA,0,1,19,20
GLACter;PYK,0,1,19,20
GLACter;PYRt2r,0,1,19,20
GLACter;RADH,0,1,19,20
GLACter;RADH4,0,1,19,20
GLACter;RAI3,0,1,19,20
GLACter;RDH1,0,1,19,20
GLACter;RDH4,0,1,19,20
GLACter;RETI3,0,1,19,20
GLACter;RTOT3,1,0,18,21
GLACter;SARCOXp,1,0,18,21
GLACter;SARCStm,1,0,18,21
GLACter;SARCStp,1,0,18,21
GLACter;peplys_synthesis,1,0,18,21
GLCURter;GLYBtm,1,0,18,21
GLCURter;GLYSNAT5tc,1,0,18,21
GLCURter;GLYtp,1,0,18,21
GLCURter;H2O2syn,1,0,18,21
GLCURter;H3K36MET_1,1,0,18,21
GLCURter;H3K36MET_2,1,0,18,21
GLCURter;H3K36MET_3,1,0,18,21
GLCURter;H3K36_synthesis,1,0,18,21
GLCURter;HCO3E,1,0,18,21
GLCURter;HCO3Ee,0,1,19,20
GLCURter;HCO3Em,1,0,18,21
GLCURter;HCO3tm,1,0,18,21
GLCURter;Htr,1,3,18,18
GLCURter;LYStn,1,0,18,21
GLCURter;MEOHt2,1,0,18,21
GLCURter;METAT,1,0,18,21
GLCURter;O2tm,0,1,19,20
GLCURter;PFK2,0,1,19,20
GLCURter;PPA,0,1,19,20
GLCURter;PYK,0,1,19,20
GLCURter;PYRt2r,0,1,19,20
GLCURter;RADH,0,1,19,20
GLCURter;RADH4,0,1,19,20
GLCURter;RAI3,0,1,19,20
GLCURter;RDH1,0,1,19,20
GLCURter;RDH4,0,1,19,20
GLCURter;RETI3,0,1,19,20
GLCURter;RTOT3,1,0,18,21
GLCURter;SARCOXp,1,0,18,21
GLCURter;SARCStm,1,0,18,21
GLCURter;SARCStp,1,0,18,21
GLCURter;peplys_synthesis,1,0,18,21
GLCURtly;GLYBtm,1,0,18,21
GLCURtly;GLYSNAT5tc,1,0,18,21
GLCURtly;GLYtp,1,0,18,21
GLCURtly;H2O2syn,1,0,18,21
GLCURtly;H3K36MET_1,1,0,18,21
GLCURtly;H3K36MET_2,1,0,18,21
GLCURtly;H3K36MET_3,1,0,18,21
GLCURtly;H3K36_synthesis,1,0,18,21
GLCURtly;HCO3E,1,0,18,21
GLCURtly;HCO3Ee,0,1,19,20
GLCURtly;HCO3Em,1,0,18,21
GLCURtly;HCO3tm,1,0,18,21
GLCURtly;Htr,1,2,18,19
GLCURtly;LYStn,1,0,18,21
GLCURtly;MEOHt2,1,0,18,21
GLCURtly;METAT,1,0,18,21
GLCURtly;O2tm,0,1,19,20
GLCURtly;PFK2,0,1,19,20
GLCURtly;PYK,0,1,19,20
GLCURtly;PYRt2r,0,1,19,20
GLCURtly;RADH,0,1,19,20
GLCURtly;RADH4,0,1,19,20
GLCURtly;RAI3,0,1,19,20
GLCURtly;RDH1,0,1,19,20
GLCURtly;RDH4,0,1,19,20
GLCURtly;RETI3,0,1,19,20
GLCURtly;RTOT3,1,0,18,21
GLCURtly;SARCOXp,1,0,18,21
GLCURtly;SARCStm,1,0,18,21
GLCURtly;SARCStp,1,0,18,21
GLCURtly;peplys_synthesis,1,0,18,21
GLCt1r;GLCt2r,0,2,19,19
GLCt1r;GLCt4,0,1,19,20
GLCt1r;HCO3_2NAt,0,1,19,20
GLCt2r;GLUCYS,0,1,19,20
GLCt2r;GTHRDte,0,1,19,20
GLCt2r;GTHS,0,1,19,20
GLNt4;GLNtN1,4,2,15,19
GLNtN1;NCKt,0,1,19,20
GLNtN1;NCNt,0,1,19,20
GLNtm;ARTFR56,1,0,18,21
GLNtm;GLUDym,1,0,18,21
GLNtm;HACD201,1,0,18,21
GLNtm;HACD221,1,0,18,21
GLNtm;HACD224,1,0,18,21
GLNtm;HACD241,1,0,18,21
GLNtm;HACD244,1,0,18,21
GLNtm;HCO3E,1,0,18,21
GLNtm;HSD201,1,0,18,21
GLNtm;HSD221,1,0,18,21
GLNtm;HSD224,1,0,18,21
GLNtm;HSD241,1,0,18,21
GLNtm;HSD244,1,0,18,21
GLNtm;Htx,1,0,18,21
GLNtm;NRVNCCOAtr,1,0,18,21
GLNtm;NRVNCCOAtxc,1,0,18,21
GLNtm;PPA,1,0,18,21
GLNtm;PPAm,1,0,18,21
GLNtm;PPItm,1,0,18,21
GLNtm;PRISTANALtx,1,0,18,21
GLNtm;PRISTtx,1,0,18,21
GLNtm;TECR201,1,0,18,21
GLNtm;TECR221,1,0,18,21
GLNtm;TECR224,1,0,18,21
GLNtm;TECR241,1,0,18,21
GLNtm;TECR244,1,0,18,21
GLNtm;THR3Dx,1,0,18,21
GLNtm;TTCTECOAtr,1,0,18,21
GLRASE;GLYBtm,1,0,18,21
GLRASE;GLYSNAT5tc,1,0,18,21
GLRASE;GLYtp,1,0,18,21
GLRASE;H2O2syn,1,0,18,21
GLRASE;H3K36MET_1,1,0,18,21
GLRASE;H3K36MET_2,1,0,18,21
GLRASE;H3K36MET_3,1,0,18,21
GLRASE;H3K36_synthesis,1,0,18,21
GLRASE;HCO3E,1,0,18,21
GLRASE;HCO3Ee,0,1,19,20
GLRASE;HCO3Em,1,0,18,21
GLRASE;HCO3tm,1,0,18,21
GLRASE;Htr,1,3,18,18
GLRASE;LYStn,1,0,18,21
GLRASE;MEOHt2,1,0,18,21
GLRASE;METAT,1,0,18,21
GLRASE;O2tm,0,1,19,20
GLRASE;PFK2,0,1,19,20
GLRASE;PPA,0,1,19,20
GLRASE;PYK,0,1,19,20
GLRASE;PYRt2r,0,1,19,20
GLRASE;RADH,0,1,19,20
GLRASE;RADH4,0,1,19,20
GLRASE;RAI3,0,1,19,20
GLRASE;RDH1,0,1,19,20
GLRASE;RDH4,0,1,19,20
GLRASE;RETI3,0,1,19,20
GLRASE;RTOT3,1,0,18,21
GLRASE;SARCOXp,1,0,18,21
GLRASE;SARCStm,1,0,18,21
GLRASE;SARCStp,1,0,18,21
GLRASE;peplys_synthesis,1,0,18,21
GLUCYS;GLUDC,0,2,19,19
GLUCYS;GLUVESSEC,1,0,18,21
GLUCYS;GLYSNAT5tc,0,2,19,19
GLUCYS;GLYt2r,2,3,17,18
GLUCYS;GLYt7_311_r,1,0,18,21
GLUCYS;KCC2t,0,1,19,20
GLUCYS;NM_8,0,1,19,20
GLUCYS;PROGLUtm,1,0,18,21
GLUCYS;PROtm,1,0,18,21
GLUCYS;TRDOXtm,1,0,18,21
GLUCYS;TRDRDtm,1,0,18,21
GLUCYS;TRDRm,1,0,18,21
GLUCYS;TYRATB0tc,0,1,19,20
GLUCYS;TYRDOPO,0,1,19,20
GLUDC;GTHRDte,0,2,19,19
GLUDC;GTHS,0,2,19,19
GLUDC;PYK,0,1,19,20
GLUDxm;ARTFR56,2,0,17,21
GLUDxm;GPAT,0,1,19,20
GLUDxm;H2O2tp,1,0,18,21
GLUDxm;H2Ot,0,1,19,20
GLUDxm;HACD201,2,0,17,21
GLUDxm;HACD221,2,0,17,21
GLUDxm;HACD224,2,0,17,21
GLUDxm;HACD241,2,0,17,21
GLUDxm;HACD244,2,0,17,21
GLUDxm;HCO3E,0,2,19,19
GLUDxm;HCO3Em,0,1,19,20
GLUDxm;HCO3tm,1,0,18,21
GLUDxm;HSD201,2,0,17,21
GLUDxm;HSD221,2,0,17,21
GLUDxm;HSD224,2,0,17,21
GLUDxm;HSD241,2,0,17,21
GLUDxm;HSD244,2,0,17,21
GLUDxm;Htx,2,0,17,21
GLUDxm;IDHPOXOX2b,1,1,18,20
GLUDxm;IDHPOXOX3,1,1,18,20
GLUDxm;IDHPOXOXb,1,1,18,20
GLUDxm;It,0,1,19,20
GLUDxm;NADH2_u10m,0,2,19,19
GLUDxm;NADHtpu,1,0,18,21
GLUDxm;NADtx,1,0,18,21
GLUDxm;NAIt,1,0,18,21
GLUDxm;NH4tm,0,1,19,20
GLUDxm;NRVNCCOAtr,2,0,17,21
GLUDxm;NRVNCCOAtxc,2,0,17,21
GLUDxm;O2tp,2,0,17,21
GLUDxm;PIGTHRDLtm,0,1,19,20
GLUDxm;PIMALtm,0,2,19,19
GLUDxm;PIt2m_2,0,1,19,20
GLUDxm;PPA,0,1,19,20
GLUDxm;PPAm,0,2,19,19
GLUDxm;PPItm,0,2,19,19
GLUDxm;PRISTANALtx,1,0,18,21
GLUDxm;PRISTtx,1,0,18,21
GLUDxm;PROGLUtm,0,2,19,19
GLUDxm;PROtm,0,2,19,19
GLUDxm;RDH1,0,1,19,20
GLUDxm;RDH1a,0,1,19,20
GLUDxm;RTOT4,1,0,18,21
GLUDxm;SADT,0,1,19,20
GLUDxm;SO3AKGtm,0,2,19,19
GLUDxm;SO3MALtm,0,2,19,19
GLUDxm;SO4CLtex,0,1,19,20
GLUDxm;TECR201,2,0,17,21
GLUDxm;TECR221,2,0,17,21
GLUDxm;TECR224,2,0,17,21
GLUDxm;TECR241,2,0,17,21
GLUDxm;TECR244,2,0,17,21
GLUDxm;THYPX,1,1,18,20
GLUDxm;THYRIDHD,1,1,18,20
GLUDxm;THYST,1,1,18,20
GLUDxm;TTCTECOAtr,2,0,17,21
GLUDxm;TYROX,0,1,19,20
GLUDxm;TYRTA,0,1,19,20
GLUDym;ARTFR43,1,0,18,21
GLUDym;GLXtm,1,0,18,21
GLUDym;GLXtp,1,0,18,21
GLUDym;GLYOp,1,0,18,21
GLUDym;GLYtm,1,0,18,21
GLUDym;GLYtp,1,0,18,21
GLUDym;GPAT,1,0,18,21
GLUDym;GPATm,1,0,18,21
GLUDym;H2Otp,1,0,18,21
GLUDym;HACD181,1,0,18,21
GLUDym;HSD181,1,0,18,21
GLUDym;NH4tp,1,0,18,21
GLUDym;OCTD11ECOAtr,1,0,18,21
GLUDym;PIMALtm,1,0,18,21
GLUDym;PROGLUtm,2,0,17,21
GLUDym;PROtm,2,0,17,21
GLUDym;RTOT4,2,0,17,21
GLUDym;SO3AKGtm,1,0,18,21
GLUDym;SO3MALtm,1,0,18,21
GLUDym;TECR181,1,0,18,21
GLUNm;PPAm,1,0,18,21
GLUNm;PPItm,1,0,18,21
GLUNm;THR3Dx,1,0,18,21
GLUPROASCT1;GLYSNAT5tc,0,1,19,20
GLUPROASCT1;GLYt2r,1,1,18,20
GLUPROASCT1;NCKt,0,1,19,20
GLUPROASCT1;NCNt,0,1,19,20
GLUVESSEC;GTHRDte,1,0,18,21
GLUVESSEC;GTHS,1,0,18,21
GLUt2e;GLYt2r,2,0,17,21
GLUt6;GLYt2r,1,1,18,20
GLUt6;GLYt7_311_r,1,0,18,21
GLUt6;KCC2t,0,1,19,20
GLUt6;NM_8,0,1,19,20
GLUt6;TYRATB0tc,0,1,19,20
GLUt6;TYRDOPO,0,1,19,20
GLXO2p;HCO3_CLt,0,1,19,20
GLXtm;ARTFR56,1,0,18,21
GLXtm;HACD201,1,0,18,21
GLXtm;HACD221,1,0,18,21
GLXtm;HACD224,1,0,18,21
GLXtm;HACD241,1,0,18,21
GLXtm;HACD244,1,0,18,21
GLXtm;HCO3E,1,0,18,21
GLXtm;HSD201,1,0,18,21
GLXtm;HSD221,1,0,18,21
GLXtm;HSD224,1,0,18,21
GLXtm;HSD241,1,0,18,21
GLXtm;HSD244,1,0,18,21
GLXtm;Htx,1,0,18,21
GLXtm;NRVNCCOAtr,1,0,18,21
GLXtm;NRVNCCOAtxc,1,0,18,21
GLXtm;PPA,1,0,18,21
GLXtm;PRISTANALtx,1,0,18,21
GLXtm;PRISTtx,1,0,18,21
GLXtm;TECR201,1,0,18,21
GLXtm;TECR221,1,0,18,21
GLXtm;TECR224,1,0,18,21
GLXtm;TECR241,1,0,18,21
GLXtm;TECR244,1,0,18,21
GLXtm;TTCTECOAtr,1,0,18,21
GLXtp;ARTFR56,1,0,18,21
GLXtp;HACD201,1,0,18,21
GLXtp;HACD221,1,0,18,21
GLXtp;HACD224,1,0,18,21
GLXtp;HACD241,1,0,18,21
GLXtp;HACD244,1,0,18,21
GLXtp;HCO3E,1,0,18,21
GLXtp;HSD201,1,0,18,21
GLXtp;HSD221,1,0,18,21
GLXtp;HSD224,1,0,18,21
GLXtp;HSD241,1,0,18,21
GLXtp;HSD244,1,0,18,21
GLXtp;Htx,1,0,18,21
GLXtp;NRVNCCOAtr,1,0,18,21
GLXtp;NRVNCCOAtxc,1,0,18,21
GLXtp;PPA,1,0,18,21
GLXtp;PRISTANALtx,1,0,18,21
GLXtp;PRISTtx,1,0,18,21
GLXtp;TECR201,1,0,18,21
GLXtp;TECR221,1,0,18,21
GLXtp;TECR224,1,0,18,21
GLXtp;TECR241,1,0,18,21
GLXtp;TECR244,1,0,18,21
GLXtp;TTCTECOAtr,1,0,18,21
GLYATm;H2O2syn,1,0,18,21
GLYATm;HCO3E,1,0,18,21
GLYATm;PGAM1_PhosHydro,1,0,18,21
GLYATm;THRA,1,0,18,21
GLYBtm;ARTFR52,2,0,17,21
GLYBtm;GLYtp,1,0,18,21
GLYBtm;GULLACter,1,0,18,21
GLYBtm;GULOer,1,0,18,21
GLYBtm;H2O2ter,1,0,18,21
GLYBtm;H2Otly,1,0,18,21
GLYBtm;HACD180,2,0,17,21
GLYBtm;HACD200,2,0,17,21
GLYBtm;HACD220,2,0,17,21
GLYBtm;HACD240,2,0,17,21
GLYBtm;HACD260,2,0,17,21
GLYBtm;HAS1,1,0,18,21
GLYBtm;HAS2,1,0,18,21
GLYBtm;HAtly,1,0,18,21
GLYBtm;HCO3Em,1,0,18,21
GLYBtm;HEXCCOAtr,2,0,17,21
GLYBtm;HSD180,2,0,17,21
GLYBtm;HSD200,2,0,17,21
GLYBtm;HSD220,2,0,17,21
GLYBtm;HSD240,2,0,17,21
GLYBtm;HSD260,2,0,17,21
GLYBtm;HYAL,1,0,18,21
GLYBtm;Htg,1,0,18,21
GLYBtm;PAPStg,1,0,18,21
GLYBtm;PAPtg,1,0,18,21
GLYBtm;PGMT,1,0,18,21
GLYBtm;RTOT5,2,0,17,21
GLYBtm;SADT,1,0,18,21
GLYBtm;SGALSIDEtg,1,0,18,21
GLYBtm;SGALSIDEtl,1,0,18,21
GLYBtm;SO4tl,1,0,18,21
GLYBtm;TECR180,2,0,17,21
GLYBtm;TECR200,2,0,17,21
GLYBtm;TECR220,2,0,17,21
GLYBtm;TECR240,2,0,17,21
GLYBtm;TECR260,2,0,17,21
GLYBtm;UAGDP,1,0,18,21
GLYBtm;UDPGD,1,0,18,21
GLYBtm;UROLACer,1,0,18,21
GLYC3Ptm;NADH2_u10m,0,1,19,20
GLYC3Ptmc;NADH2_u10m,0,1,19,20
GLYCLTtp;HCO3_CLt,0,1,19,20
GLYCTO1p;HCO3_CLt,0,1,19,20
GLYKm;H2O2syn,0,1,19,20
GLYKm;THFtm,0,1,19,20
GLYOp;ARTFR56,1,0,18,21
GLYOp;HACD201,1,0,18,21
GLYOp;HACD221,1,0,18,21
GLYOp;HACD224,1,0,18,21
GLYOp;HACD241,1,0,18,21
GLYOp;HACD244,1,0,18,21
GLYOp;HCO3E,1,0,18,21
GLYOp;HCO3_CLt,0,1,19,20
GLYOp;HSD201,1,0,18,21
GLYOp;HSD221,1,0,18,21
GLYOp;HSD224,1,0,18,21
GLYOp;HSD241,1,0,18,21
GLYOp;HSD244,1,0,18,21
GLYOp;Htx,1,0,18,21
GLYOp;NRVNCCOAtr,1,0,18,21
GLYOp;NRVNCCOAtxc,1,0,18,21
GLYOp;PPA,1,0,18,21
GLYOp;PRISTANALtx,1,0,18,21
GLYOp;PRISTtx,1,0,18,21
GLYOp;TECR201,1,0,18,21
GLYOp;TECR221,1,0,18,21
GLYOp;TECR224,1,0,18,21
GLYOp;TECR241,1,0,18,21
GLYOp;TECR244,1,0,18,21
GLYOp;TTCTECOAtr,1,0,18,21
GLYSNAT5tc;GLYVESSEC,1,0,18,21
GLYSNAT5tc;GLYt2r,1,1,18,20
GLYSNAT5tc;GTHRDte,0,2,19,19
GLYSNAT5tc;GTHS,0,2,19,19
GLYSNAT5tc;GULLACter,1,0,18,21
GLYSNAT5tc;GULOer,1,0,18,21
GLYSNAT5tc;H2O2ter,1,0,18,21
GLYSNAT5tc;H2Otly,1,0,18,21
GLYSNAT5tc;HAS1,1,0,18,21
GLYSNAT5tc;HAS2,1,0,18,21
GLYSNAT5tc;HAtly,1,0,18,21
GLYSNAT5tc;HYAL,1,0,18,21
GLYSNAT5tc;Htg,1,0,18,21
GLYSNAT5tc;OROTGLUt,0,1,19,20
GLYSNAT5tc;OROTte,0,1,19,20
GLYSNAT5tc;PAPStg,1,0,18,21
GLYSNAT5tc;PAPtg,1,0,18,21
GLYSNAT5tc;PGMT,1,0,18,21
GLYSNAT5tc;PHETA1,0,1,19,20
GLYSNAT5tc;PPOR,0,1,19,20
GLYSNAT5tc;SADT,1,0,18,21
GLYSNAT5tc;SGALSIDEtg,1,0,18,21
GLYSNAT5tc;SGALSIDEtl,1,0,18,21
GLYSNAT5tc;SO4tl,1,0,18,21
GLYSNAT5tc;THRA,0,2,19,19
GLYSNAT5tc;THRt4,0,1,19,20
GLYSNAT5tc;UAGDP,1,0,18,21
GLYSNAT5tc;UDPGD,1,0,18,21
GLYSNAT5tc;UROLACer,1,0,18,21
GLYt2r;GLYVESSEC,0,1,19,20
GLYt2r;GTHRDte,2,3,17,18
GLYt2r;GTHS,2,3,17,18
GLYt2r;H2O2syn,1,0,18,21
GLYt2r;HCO3E,0,1,19,20
GLYt2r;Htg,1,0,18,21
GLYt2r;PAPStg,1,0,18,21
GLYt2r;PAPtg,1,0,18,21
GLYt2r;PGAM1_PhosHydro,1,0,18,21
GLYt2r;PGMT,1,0,18,21
GLYt2r;SADT,1,0,18,21
GLYt2r;THRA,2,1,17,20
GLYt7_311_r;GTHRDte,1,0,18,21
GLYt7_311_r;GTHS,1,0,18,21
GLYt7_311_r;HCO3_CLt,0,1,19,20
GLYtm;ARTFR56,1,0,18,21
GLYtm;H2O2syn,1,0,18,21
GLYtm;HACD201,1,0,18,21
GLYtm;HACD221,1,0,18,21
GLYtm;HACD224,1,0,18,21
GLYtm;HACD241,1,0,18,21
GLYtm;HACD244,1,0,18,21
GLYtm;HCO3E,2,1,17,20
GLYtm;HSD201,1,0,18,21
GLYtm;HSD221,1,0,18,21
GLYtm;HSD224,1,0,18,21
GLYtm;HSD241,1,0,18,21
GLYtm;HSD244,1,0,18,21
GLYtm;Htx,1,0,18,21
GLYtm;MTHFC,0,1,19,20
GLYtm;MTHFD2,0,1,19,20
GLYtm;NRVNCCOAtr,1,0,18,21
GLYtm;NRVNCCOAtxc,1,0,18,21
GLYtm;PGAM1_PhosHydro,1,0,18,21
GLYtm;PPA,1,0,18,21
GLYtm;PRISTANALtx,1,0,18,21
GLYtm;PRISTtx,1,0,18,21
GLYtm;TECR201,1,0,18,21
GLYtm;TECR221,1,0,18,21
GLYtm;TECR224,1,0,18,21
GLYtm;TECR241,1,0,18,21
GLYtm;TECR244,1,0,18,21
GLYtm;THFtm,0,1,19,20
GLYtm;THRA,1,0,18,21
GLYtm;TTCTECOAtr,1,0,18,21
GLYtp;ARTFR52,1,0,18,21
GLYtp;ARTFR56,1,0,18,21
GLYtp;GULLACter,1,0,18,21
GLYtp;GULOer,1,0,18,21
GLYtp;H2O2ter,1,0,18,21
GLYtp;H2Otly,1,0,18,21
GLYtp;H3K36MET_1,1,0,18,21
GLYtp;H3K36MET_2,1,0,18,21
GLYtp;H3K36MET_3,1,0,18,21
GLYtp;H3K36_synthesis,1,0,18,21
GLYtp;HACD180,2,0,17,21
GLYtp;HACD200,1,0,18,21
GLYtp;HACD201,1,0,18,21
GLYtp;HACD220,1,0,18,21
GLYtp;HACD221,1,0,18,21
GLYtp;HACD224,1,0,18,21
GLYtp;HACD240,1,0,18,21
GLYtp;HACD241,1,0,18,21
GLYtp;HACD244,1,0,18,21
GLYtp;HACD260,1,0,18,21
GLYtp;HAS1,1,0,18,21
GLYtp;HAS2,1,0,18,21
GLYtp;HAtly,1,0,18,21
GLYtp;HCO3E,1,0,18,21
GLYtp;HCO3Em,1,0,18,21
GLYtp;HCO3tm,1,0,18,21
GLYtp;HEXCCOAtr,1,0,18,21
GLYtp;HSD180,2,0,17,21
GLYtp;HSD200,1,0,18,21
GLYtp;HSD201,1,0,18,21
GLYtp;HSD220,1,0,18,21
GLYtp;HSD221,1,0,18,21
GLYtp;HSD224,1,0,18,21
GLYtp;HSD240,1,0,18,21
GLYtp;HSD241,1,0,18,21
GLYtp;HSD244,1,0,18,21
GLYtp;HSD260,1,0,18,21
GLYtp;HYAL,1,0,18,21
GLYtp;Htg,1,0,18,21
GLYtp;Htx,1,0,18,21
GLYtp;LYStn,1,0,18,21
GLYtp;MEOHt2,1,0,18,21
GLYtp;METAT,1,0,18,21
GLYtp;NRVNCCOAtr,1,0,18,21
GLYtp;NRVNCCOAtxc,1,0,18,21
GLYtp;PAPStg,1,0,18,21
GLYtp;PAPtg,1,0,18,21
GLYtp;PGMT,1,0,18,21
GLYtp;PPA,1,0,18,21
GLYtp;PRISTANALtx,1,0,18,21
GLYtp;PRISTtx,1,0,18,21
GLYtp;RTOT5,2,0,17,21
GLYtp;SADT,1,0,18,21
GLYtp;SARCOXp,1,0,18,21
GLYtp;SARCStm,1,0,18,21
GLYtp;SARCStp,1,0,18,21
GLYtp;SGALSIDEtg,1,0,18,21
GLYtp;SGALSIDEtl,1,0,18,21
GLYtp;SO4tl,1,0,18,21
GLYtp;TECR180,2,0,17,21
GLYtp;TECR200,1,0,18,21
GLYtp;TECR201,1,0,18,21
GLYtp;TECR220,1,0,18,21
GLYtp;TECR221,1,0,18,21
GLYtp;TECR224,1,0,18,21
GLYtp;TECR240,1,0,18,21
GLYtp;TECR241,1,0,18,21
GLYtp;TECR244,1,0,18,21
GLYtp;TECR260,1,0,18,21
GLYtp;TTCTECOAtr,1,0,18,21
GLYtp;UAGDP,1,0,18,21
GLYtp;UDPGD,1,0,18,21
GLYtp;UROLACer,1,0,18,21
GLYtp;peplys_synthesis,1,0,18,21
GMPS;ACITLn,0,2,19,19
GMPS;ADPtn,0,2,19,19
GMPS;CITtn,0,2,19,19
GMPS;ICDHxrm,0,2,19,19
GMPS;ICITMALtm,0,2,19,19
GMPS;MDHm,0,1,19,20
GMPS;OAADC,0,1,19,20
GMPS;OAAtn,0,2,19,19
GMPS;OXALSUCCCLm,0,2,19,19
GMPS;PItn,0,2,19,19
GND;PGI,1,0,18,21
GND;RPE,1,0,18,21
GND;TALA,1,0,18,21
GND;TKT1,1,0,18,21
GND;TKT2,1,0,18,21
GPAMm_hs;H2O2syn,0,1,19,20
GPAMm_hs;THFtm,0,1,19,20
GPAT;ARTFR56,1,0,18,21
GPAT;HACD201,1,0,18,21
GPAT;HACD221,1,0,18,21
GPAT;HACD224,1,0,18,21
GPAT;HACD241,1,0,18,21
GPAT;HACD244,1,0,18,21
GPAT;HSD201,1,0,18,21
GPAT;HSD221,1,0,18,21
GPAT;HSD224,1,0,18,21
GPAT;HSD241,1,0,18,21
GPAT;HSD244,1,0,18,21
GPAT;Htx,1,0,18,21
GPAT;NADHtpu,1,0,18,21
GPAT;NADtx,1,0,18,21
GPAT;NH4tm,1,1,18,20
GPAT;NRVNCCOAtr,1,0,18,21
GPAT;NRVNCCOAtxc,1,0,18,21
GPAT;O2tp,1,0,18,21
GPAT;PIt2m_2,0,1,19,20
GPAT;TECR201,1,0,18,21
GPAT;TECR221,1,0,18,21
GPAT;TECR224,1,0,18,21
GPAT;TECR241,1,0,18,21
GPAT;TECR244,1,0,18,21
GPAT;TTCTECOAtr,1,0,18,21
GPATm;ARTFR56,1,0,18,21
GPATm;HACD201,1,0,18,21
GPATm;HACD221,1,0,18,21
GPATm;HACD224,1,0,18,21
GPATm;HACD241,1,0,18,21
GPATm;HACD244,1,0,18,21
GPATm;HCO3E,1,0,18,21
GPATm;HSD201,1,0,18,21
GPATm;HSD221,1,0,18,21
GPATm;HSD224,1,0,18,21
GPATm;HSD241,1,0,18,21
GPATm;HSD244,1,0,18,21
GPATm;Htx,1,0,18,21
GPATm;NRVNCCOAtr,1,0,18,21
GPATm;NRVNCCOAtxc,1,0,18,21
GPATm;PPA,1,0,18,21
GPATm;PRISTANALtx,1,0,18,21
GPATm;PRISTtx,1,0,18,21
GPATm;TECR201,1,0,18,21
GPATm;TECR221,1,0,18,21
GPATm;TECR224,1,0,18,21
GPATm;TECR241,1,0,18,21
GPATm;TECR244,1,0,18,21
GPATm;TTCTECOAtr,1,0,18,21
GPDDA1;H2Otg,1,0,18,21
GPDDA1;Htg,1,0,18,21
GPDDA1;SMPD3g,1,0,18,21
GPDDA1;SMPDE,0,1,19,20
GPDDA1;SPHMYLNtg,1,0,18,21
GTHP;PPA,1,0,18,21
GTHRDte;KCC2t,0,1,19,20
GTHRDte;NM_8,0,1,19,20
GTHRDte;PROGLUtm,1,0,18,21
GTHRDte;PROtm,1,0,18,21
GTHRDte;TRDOXtm,1,0,18,21
GTHRDte;TRDRDtm,1,0,18,21
GTHRDte;TRDRm,1,0,18,21
GTHRDte;TYRATB0tc,0,1,19,20
GTHRDte;TYRDOPO,0,1,19,20
GTHS;KCC2t,0,1,19,20
GTHS;NM_8,0,1,19,20
GTHS;PROGLUtm,1,0,18,21
GTHS;PROtm,1,0,18,21
GTHS;TRDOXtm,1,0,18,21
GTHS;TRDRDtm,1,0,18,21
GTHS;TRDRm,1,0,18,21
GTHS;TYRATB0tc,0,1,19,20
GTHS;TYRDOPO,0,1,19,20
GULLACter;H2O2syn,1,0,18,21
GULLACter;H3K36MET_1,1,0,18,21
GULLACter;H3K36MET_2,1,0,18,21
GULLACter;H3K36MET_3,1,0,18,21
GULLACter;H3K36_synthesis,1,0,18,21
GULLACter;HCO3E,1,0,18,21
GULLACter;HCO3Ee,0,1,19,20
GULLACter;HCO3Em,1,0,18,21
GULLACter;HCO3tm,1,0,18,21
GULLACter;Htr,1,3,18,18
GULLACter;LYStn,1,0,18,21
GULLACter;MEOHt2,1,0,18,21
GULLACter;METAT,1,0,18,21
GULLACter;O2tm,0,1,19,20
GULLACter;PFK2,0,1,19,20
GULLACter;PPA,0,1,19,20
GULLACter;PYK,0,1,19,20
GULLACter;PYRt2r,0,1,19,20
GULLACter;RADH,0,1,19,20
GULLACter;RADH4,0,1,19,20
GULLACter;RAI3,0,1,19,20
GULLACter;RDH1,0,1,19,20
GULLACter;RDH4,0,1,19,20
GULLACter;RETI3,0,1,19,20
GULLACter;RTOT3,1,0,18,21
GULLACter;SARCOXp,1,0,18,21
GULLACter;SARCStm,1,0,18,21
GULLACter;SARCStp,1,0,18,21
GULLACter;peplys_synthesis,1,0,18,21
GULOer;H2O2syn,1,0,18,21
GULOer;H3K36MET_1,1,0,18,21
GULOer;H3K36MET_2,1,0,18,21
GULOer;H3K36MET_3,1,0,18,21
GULOer;H3K36_synthesis,1,0,18,21
GULOer;HCO3E,1,0,18,21
GULOer;HCO3Ee,0,1,19,20
GULOer;HCO3Em,1,0,18,21
GULOer;HCO3tm,1,0,18,21
GULOer;Htr,1,3,18,18
GULOer;LYStn,1,0,18,21
GULOer;MEOHt2,1,0,18,21
GULOer;METAT,1,0,18,21
GULOer;O2tm,0,1,19,20
GULOer;PFK2,0,1,19,20
GULOer;PPA,0,1,19,20
GULOer;PYK,0,1,19,20
GULOer;PYRt2r,0,1,19,20
GULOer;RADH,0,1,19,20
GULOer;RADH4,0,1,19,20
GULOer;RAI3,0,1,19,20
GULOer;RDH1,0,1,19,20
GULOer;RDH4,0,1,19,20
GULOer;RETI3,0,1,19,20
GULOer;RTOT3,1,0,18,21
GULOer;SARCOXp,1,0,18,21
GULOer;SARCStm,1,0,18,21
GULOer;SARCStp,1,0,18,21
GULOer;peplys_synthesis,1,0,18,21
H2O2syn;H2O2ter,1,0,18,21
H2O2syn;H2Otg,1,0,18,21
H2O2syn;H2Otly,1,0,18,21
H2O2syn;HACD2031,1,0,18,21
H2O2syn;HAS1,1,0,18,21
H2O2syn;HAS2,1,0,18,21
H2O2syn;HAtly,1,0,18,21
H2O2syn;HCO3E,1,2,18,19
H2O2syn;HCO3Em,5,1,14,20
H2O2syn;HCO3_2NAt,1,0,18,21
H2O2syn;HCO3tm,5,1,14,20
H2O2syn;HSD2031,1,0,18,21
H2O2syn;HYAL,1,0,18,21
H2O2syn;Htg,1,1,18,20
H2O2syn;Htx,1,0,18,21
H2O2syn;KCCt,1,0,18,21
H2O2syn;KYNAKGAT,1,0,18,21
H2O2syn;KYNATESYN,1,0,18,21
H2O2syn;KYNATEtr,1,0,18,21
H2O2syn;LNLNCGCOAtr,1,0,18,21
H2O2syn;LNLNCGCOAtx,1,0,18,21
H2O2syn;LPS3m,0,1,19,20
H2O2syn;L_LACt4r,1,0,18,21
H2O2syn;MTHFR3x,3,0,16,21
H2O2syn;NADH2_u10m,2,1,17,20
H2O2syn;NADHtpu,1,0,18,21
H2O2syn;NADtx,1,0,18,21
H2O2syn;NDP7g,1,0,18,21
H2O2syn;O2tp,1,0,18,21
H2O2syn;PAPStg,2,1,17,20
H2O2syn;PAPtg,2,1,17,20
H2O2syn;PFK,0,1,19,20
H2O2syn;PGI,1,1,18,20
H2O2syn;PGMT,1,1,18,20
H2O2syn;PIMALtm,1,0,18,21
H2O2syn;PIt2m_2,1,0,18,21
H2O2syn;PItg,1,0,18,21
H2O2syn;PPA,1,0,18,21
H2O2syn;PROGLUtm,1,0,18,21
H2O2syn;PROtm,1,0,18,21
H2O2syn;RDH1,1,0,18,21
H2O2syn;RDH1a,1,0,18,21
H2O2syn;RETNt,1,0,18,21
H2O2syn;RTOTALCRNCPT1,0,1,19,20
H2O2syn;RTOTALCRNCPT2,0,1,19,20
H2O2syn;RTOTALCRNt,0,1,19,20
H2O2syn;R_group_phosphotase_1,0,1,19,20
H2O2syn;Rtotaltm,0,1,19,20
H2O2syn;SADT,2,0,17,21
H2O2syn;SGALSIDEtg,1,0,18,21
H2O2syn;SGALSIDEtl,1,0,18,21
H2O2syn;SO3AKGtm,1,0,18,21
H2O2syn;SO3MALtm,1,0,18,21
H2O2syn;SO4tl,1,0,18,21
H2O2syn;TECR2031,1,0,18,21
H2O2syn;THBPT4ACAMDASE,3,0,16,21
H2O2syn;THDm,1,0,18,21
H2O2syn;THFtm,2,2,17,19
H2O2syn;THRtm,1,0,18,21
H2O2syn;TRPHYDRO2,2,0,17,21
H2O2syn;TRPO2,1,0,18,21
H2O2syn;UDPG4E,1,0,18,21
H2O2syn;UDPGALtg,1,0,18,21
H2O2syn;UDPGD,1,0,18,21
H2O2syn;UGALCG,1,0,18,21
H2O2syn;UROLACer,1,0,18,21
H2O2ter;H3K36MET_1,1,0,18,21
H2O2ter;H3K36MET_2,1,0,18,21
H2O2ter;H3K36MET_3,1,0,18,21
H2O2ter;H3K36_synthesis,1,0,18,21
H2O2ter;HCO3E,1,0,18,21
H2O2ter;HCO3Ee,0,1,19,20
H2O2ter;HCO3Em,1,0,18,21
H2O2ter;HCO3tm,1,0,18,21
H2O2ter;Htr,1,3,18,18
H2O2ter;LYStn,1,0,18,21
H2O2ter;MEOHt2,1,0,18,21
H2O2ter;METAT,1,0,18,21
H2O2ter;O2tm,0,1,19,20
H2O2ter;PFK2,0,1,19,20
H2O2ter;PPA,0,1,19,20
H2O2ter;PYK,0,1,19,20
H2O2ter;PYRt2r,0,1,19,20
H2O2ter;RADH,0,1,19,20
H2O2ter;RADH4,0,1,19,20
H2O2ter;RAI3,0,1,19,20
H2O2ter;RDH1,0,1,19,20
H2O2ter;RDH4,0,1,19,20
H2O2ter;RETI3,0,1,19,20
H2O2ter;RTOT3,1,0,18,21
H2O2ter;SARCOXp,1,0,18,21
H2O2ter;SARCStm,1,0,18,21
H2O2ter;SARCStp,1,0,18,21
H2O2ter;peplys_synthesis,1,0,18,21
H2O2tm;O2tm,0,1,19,20
H2O2tp;PPA,2,0,17,21
H2O2tp;RTOT3,1,0,18,21
H2O2tp;RTOT4,1,0,18,21
H2Ot;AKGtn,0,1,19,20
H2Ot;CO2tn,0,1,19,20
H2Ot;FALDtn,0,1,19,20
H2Ot;HCO3Em,0,1,19,20
H2Ot;HCO3tm,0,1,19,20
H2Ot;MEOHt2,0,1,19,20
H2Ot;NADH2_u10m,0,1,19,20
H2Ot;NCKt,0,1,19,20
H2Ot;NCNt,0,1,19,20
H2Ot;NH4tm,0,1,19,20
H2Ot;O2tn,0,1,19,20
H2Ot;PEMET1,0,1,19,20
H2Ot;PEMET2,0,1,19,20
H2Ot;PIMALtm,0,1,19,20
H2Ot;PROGLUtm,0,1,19,20
H2Ot;PROtm,0,1,19,20
H2Ot;RNAdeg,2,3,17,18
H2Ot;SO3AKGtm,0,1,19,20
H2Ot;SO3MALtm,0,1,19,20
H2Ot;TYRDOPO,0,1,19,20
H2Ot;TYRDOPO3,0,1,19,20
H2Ot;UREAt,3,0,16,21
H2Ot;UREAt5,3,0,16,21
H2Oter;Htr,0,5,19,16
H2Oter;SE10,1,13,18,8
H2Oter;SOAT6,1,13,18,8
H2Otg;HCO3_2NAt,1,0,18,21
H2Otg;IDHPOXOX2b,0,1,19,20
H2Otg;IDHPOXOX3,0,1,19,20
H2Otg;IDHPOXOXb,0,1,19,20
H2Otg;It,0,1,19,20
H2Otg;KCCt,1,1,18,20
H2Otg;LPASE,1,0,18,21
H2Otg;LPCHOLt4,1,0,18,21
H2Otg;MTHFC,1,0,18,21
H2Otg;MTHFD2,1,0,18,21
H2Otg;NCKt,1,1,18,20
H2Otg;NCNt,1,1,18,20
H2Otg;NH4t3r,1,0,18,21
H2Otg;PCHOLHSTDe,1,0,18,21
H2Otg;PFK2,0,1,19,20
H2Otg;PGAM1_PhosHydro,1,0,18,21
H2Otg;PLA2_2e,1,0,18,21
H2Otg;R_group_phosphotase_1,1,0,18,21
H2Otg;Rtotalt,1,0,18,21
H2Otg;TALA,0,1,19,20
H2Otg;THYPX,0,1,19,20
H2Otg;THYRIDHD,0,1,19,20
H2Otg;THYST,0,1,19,20
H2Otg;TYRDOPO,0,1,19,20
H2Otly;H3K36MET_1,1,0,18,21
H2Otly;H3K36MET_2,1,0,18,21
H2Otly;H3K36MET_3,1,0,18,21
H2Otly;H3K36_synthesis,1,0,18,21
H2Otly;HCO3E,1,0,18,21
H2Otly;HCO3Ee,0,1,19,20
H2Otly;HCO3Em,1,0,18,21
H2Otly;HCO3tm,1,0,18,21
H2Otly;Htr,1,2,18,19
H2Otly;LYStn,1,0,18,21
H2Otly;MEOHt2,1,0,18,21
H2Otly;METAT,1,0,18,21
H2Otly;O2tm,0,1,19,20
H2Otly;PFK2,0,2,19,19
H2Otly;PYK,0,1,19,20
H2Otly;PYRt2r,0,1,19,20
H2Otly;RADH,0,1,19,20
H2Otly;RADH4,0,1,19,20
H2Otly;RAI3,0,1,19,20
H2Otly;RDH1,0,1,19,20
H2Otly;RDH4,0,1,19,20
H2Otly;RETI3,0,1,19,20
H2Otly;RTOT3,1,0,18,21
H2Otly;SARCOXp,1,0,18,21
H2Otly;SARCStm,1,0,18,21
H2Otly;SARCStp,1,0,18,21
H2Otly;TALA,0,1,19,20
H2Otly;peplys_synthesis,1,0,18,21
H2Otm;LDH_L,0,1,19,20
H2Otm;NADH2_u10m,0,1,19,20
H2Otm;PYK,0,1,19,20
H2Otm;THFtm,0,1,19,20
H2Otp;ARTFR43,1,0,18,21
H2Otp;ARTFR56,1,0,18,21
H2Otp;HACD181,1,0,18,21
H2Otp;HACD201,1,0,18,21
H2Otp;HACD221,1,0,18,21
H2Otp;HACD224,1,0,18,21
H2Otp;HACD241,1,0,18,21
H2Otp;HACD244,1,0,18,21
H2Otp;HCO3E,1,0,18,21
H2Otp;HSD181,1,0,18,21
H2Otp;HSD201,1,0,18,21
H2Otp;HSD221,1,0,18,21
H2Otp;HSD224,1,0,18,21
H2Otp;HSD241,1,0,18,21
H2Otp;HSD244,1,0,18,21
H2Otp;Htx,1,0,18,21
H2Otp;NRVNCCOAtr,1,0,18,21
H2Otp;NRVNCCOAtxc,1,0,18,21
H2Otp;OCTD11ECOAtr,1,0,18,21
H2Otp;PPA,1,1,18,20
H2Otp;PPM,1,0,18,21
H2Otp;PPM2,1,0,18,21
H2Otp;PRISTANALtx,1,0,18,21
H2Otp;PRISTtx,1,0,18,21
H2Otp;PYNP2r,1,0,18,21
H2Otp;RTOT3,2,0,17,21
H2Otp;RTOT4,1,0,18,21
H2Otp;TECR181,1,0,18,21
H2Otp;TECR201,1,0,18,21
H2Otp;TECR221,1,0,18,21
H2Otp;TECR224,1,0,18,21
H2Otp;TECR241,1,0,18,21
H2Otp;TECR244,1,0,18,21
H2Otp;TRDOXtm,1,0,18,21
H2Otp;TRDRDtm,1,0,18,21
H2Otp;TRDRm,1,0,18,21
H2Otp;TTCTECOAtr,1,0,18,21
H2Otp;URIK2,1,0,18,21
HACD180;ACITLn,0,1,19,20
HACD180;ADPtn,0,1,19,20
HACD180;ARTFR33,4,0,15,21
HACD180;ARTFR43,2,1,17,20
HACD180;CITtn,0,1,19,20
HACD180;H3K36MET_1,1,0,18,21
HACD180;H3K36MET_2,1,0,18,21
HACD180;H3K36MET_3,1,0,18,21
HACD180;H3K36_synthesis,1,0,18,21
HACD180;HACD181,6,1,13,20
HACD180;HACD1m,0,1,19,20
HACD180;HCO3Em,1,1,18,20
HACD180;HCO3tm,1,1,18,20
HACD180;HSD181,6,1,13,20
HACD180;ICITCITtm,0,1,19,20
HACD180;ICITMALtm,0,1,19,20
HACD180;LYStn,1,0,18,21
HACD180;MDH,0,1,19,20
HACD180;MDHm,0,1,19,20
HACD180;MEOHt2,2,0,17,21
HACD180;METAT,2,0,17,21
HACD180;O2tp,1,0,18,21
HACD180;OAAtn,0,1,19,20
HACD180;OCTD11ECOAtr,6,1,13,20
HACD180;PIt2m_2,0,1,19,20
HACD180;PItn,0,1,19,20
HACD180;PPItm,0,1,19,20
HACD180;RTOT3,4,0,15,21
HACD180;RTOT4,2,1,17,20
HACD180;SARCOXp,2,0,17,21
HACD180;SARCStm,2,0,17,21
HACD180;SARCStp,2,0,17,21
HACD180;TECR181,6,1,13,20
HACD180;peplys_synthesis,1,0,18,21
HACD181;ARTFR45,0,1,19,20
HACD181;ARTFR56,2,0,17,21
HACD181;HACD201,2,3,17,18
HACD181;HACD221,2,3,17,18
HACD181;HACD224,2,0,17,21
HACD181;HACD241,2,3,17,18
HACD181;HACD244,2,0,17,21
HACD181;HSD180,6,1,13,20
HACD181;HSD201,2,3,17,18
HACD181;HSD221,2,3,17,18
HACD181;HSD224,2,0,17,21
HACD181;HSD241,2,3,17,18
HACD181;HSD244,2,0,17,21
HACD181;Htx,2,0,17,21
HACD181;NADHtpu,1,0,18,21
HACD181;NADtx,1,0,18,21
HACD181;NH4tm,1,0,18,21
HACD181;NRVNCCOAtr,2,3,17,18
HACD181;NRVNCCOAtxc,2,0,17,21
HACD181;O2tp,2,0,17,21
HACD181;PRISTANALtx,1,0,18,21
HACD181;PRISTtx,1,0,18,21
HACD181;RTOT5,4,0,15,21
HACD181;TECR180,6,1,13,20
HACD181;TECR201,2,3,17,18
HACD181;TECR221,2,3,17,18
HACD181;TECR224,2,0,17,21
HACD181;TECR241,2,3,17,18
HACD181;TECR244,2,0,17,21
HACD181;TTCTECOAtr,2,0,17,21
HACD1m;ARTFR52,0,1,19,20
HACD1m;HACD200,0,1,19,20
HACD1m;HACD220,0,1,19,20
HACD1m;HACD240,0,1,19,20
HACD1m;HACD260,0,1,19,20
HACD1m;HCO3E,0,1,19,20
HACD1m;HEXCCOAtr,0,1,19,20
HACD1m;HSD180,0,1,19,20
HACD1m;HSD200,0,1,19,20
HACD1m;HSD220,0,1,19,20
HACD1m;HSD240,0,1,19,20
HACD1m;HSD260,0,1,19,20
HACD1m;RTOT5,0,1,19,20
HACD1m;TECR180,0,1,19,20
HACD1m;TECR200,0,1,19,20
HACD1m;TECR220,0,1,19,20
HACD1m;TECR240,0,1,19,20
HACD1m;TECR260,0,1,19,20
HACD200;ACITLn,0,4,19,17
HACD200;ADPtn,0,4,19,17
HACD200;ARTFR45,0,1,19,20
HACD200;CITtn,0,4,19,17
HACD200;H3K36MET_1,1,0,18,21
HACD200;H3K36MET_2,1,0,18,21
HACD200;H3K36MET_3,1,0,18,21
HACD200;H3K36_synthesis,1,0,18,21
HACD200;HACD201,0,1,19,20
HACD200;HACD221,0,1,19,20
HACD200;HACD241,0,1,19,20
HACD200;HCO3Em,0,2,19,19
HACD200;HCO3tm,1,0,18,21
HACD200;HMGLm,0,3,19,18
HACD200;HSD201,0,1,19,20
HACD200;HSD221,0,1,19,20
HACD200;HSD241,0,1,19,20
HACD200;ICITCITtm,0,2,19,19
HACD200;ICITMALtm,0,2,19,19
HACD200;LYStn,1,0,18,21
HACD200;MDH,0,2,19,19
HACD200;MDHm,0,1,19,20
HACD200;ME2m,0,1,19,20
HACD200;MEOHt2,2,0,17,21
HACD200;METAT,2,0,17,21
HACD200;NADH2_u10m,0,3,19,18
HACD200;NRVNCCOAtr,0,1,19,20
HACD200;O2tp,1,0,18,21
HACD200;OAADC,0,1,19,20
HACD200;OAAtn,0,4,19,17
HACD200;PCm,0,3,19,18
HACD200;PIGTHRDLtm,0,1,19,20
HACD200;PIt2m_2,0,1,19,20
HACD200;PItn,0,3,19,18
HACD200;PPItm,0,2,19,19
HACD200;RTOT4,0,1,19,20
HACD200;SARCOXp,2,0,17,21
HACD200;SARCStm,2,0,17,21
HACD200;SARCStp,2,0,17,21
HACD200;TECR201,0,1,19,20
HACD200;TECR221,0,1,19,20
HACD200;TECR241,0,1,19,20
HACD200;peplys_synthesis,1,0,18,21
HACD201;ARTFR43,2,3,17,18
HACD201;ARTFR52,0,1,19,20
HACD201;HACD220,0,1,19,20
HACD201;HACD240,0,1,19,20
HACD201;HACD260,0,1,19,20
HACD201;HCO3Em,0,1,19,20
HACD201;HEXCCOAtr,0,1,19,20
HACD201;HSD181,2,3,17,18
HACD201;HSD200,0,1,19,20
HACD201;HSD220,0,1,19,20
HACD201;HSD240,0,1,19,20
HACD201;HSD260,0,1,19,20
HACD201;MTHFC,1,0,18,21
HACD201;MTHFD2,1,0,18,21
HACD201;NH4tp,1,0,18,21
HACD201;OCTD11ECOAtr,2,3,17,18
HACD201;PIMALtm,1,0,18,21
HACD201;PPM,1,0,18,21
HACD201;PPM2,1,0,18,21
HACD201;PROGLUtm,2,0,17,21
HACD201;PROtm,2,0,17,21
HACD201;PYNP2r,1,0,18,21
HACD201;RTOT3,7,2,12,19
HACD201;RTOT4,5,4,14,17
HACD201;RTOT5,0,1,19,20
HACD201;SO3AKGtm,1,0,18,21
HACD201;SO3MALtm,1,0,18,21
HACD201;TECR181,2,3,17,18
HACD201;TECR200,0,1,19,20
HACD201;TECR220,0,1,19,20
HACD201;TECR240,0,1,19,20
HACD201;TECR260,0,1,19,20
HACD201;TRDOXtm,1,0,18,21
HACD201;TRDRDtm,1,0,18,21
HACD201;TRDRm,1,0,18,21
HACD201;URIK2,1,0,18,21
HACD2031;PPA,5,1,14,20
HACD220;ACITLn,0,4,19,17
HACD220;ADPtn,0,4,19,17
HACD220;ARTFR45,0,1,19,20
HACD220;CITtn,0,4,19,17
HACD220;H3K36MET_1,1,0,18,21
HACD220;H3K36MET_2,1,0,18,21
HACD220;H3K36MET_3,1,0,18,21
HACD220;H3K36_synthesis,1,0,18,21
HACD220;HACD221,0,1,19,20
HACD220;HACD241,0,1,19,20
HACD220;HCO3Em,0,2,19,19
HACD220;HCO3tm,1,0,18,21
HACD220;HMGLm,0,3,19,18
HACD220;HSD201,0,1,19,20
HACD220;HSD221,0,1,19,20
HACD220;HSD241,0,1,19,20
HACD220;ICITCITtm,0,2,19,19
HACD220;ICITMALtm,0,2,19,19
HACD220;LYStn,1,0,18,21
HACD220;MDH,0,2,19,19
HACD220;MDHm,0,1,19,20
HACD220;ME2m,0,1,19,20
HACD220;MEOHt2,2,0,17,21
HACD220;METAT,2,0,17,21
HACD220;NADH2_u10m,0,3,19,18
HACD220;NRVNCCOAtr,0,1,19,20
HACD220;O2tp,1,0,18,21
HACD220;OAADC,0,1,19,20
HACD220;OAAtn,0,4,19,17
HACD220;PCm,0,3,19,18
HACD220;PIGTHRDLtm,0,1,19,20
HACD220;PIt2m_2,0,1,19,20
HACD220;PItn,0,3,19,18
HACD220;PPItm,0,2,19,19
HACD220;RTOT4,0,1,19,20
HACD220;SARCOXp,2,0,17,21
HACD220;SARCStm,2,0,17,21
HACD220;SARCStp,2,0,17,21
HACD220;TECR201,0,1,19,20
HACD220;TECR221,0,1,19,20
HACD220;TECR241,0,1,19,20
HACD220;peplys_synthesis,1,0,18,21
HACD221;ARTFR43,2,3,17,18
HACD221;ARTFR52,0,1,19,20
HACD221;HACD240,0,1,19,20
HACD221;HACD260,0,1,19,20
HACD221;HCO3Em,0,1,19,20
HACD221;HEXCCOAtr,0,1,19,20
HACD221;HSD181,2,3,17,18
HACD221;HSD200,0,1,19,20
HACD221;HSD220,0,1,19,20
HACD221;HSD240,0,1,19,20
HACD221;HSD260,0,1,19,20
HACD221;MTHFC,1,0,18,21
HACD221;MTHFD2,1,0,18,21
HACD221;NH4tp,1,0,18,21
HACD221;OCTD11ECOAtr,2,3,17,18
HACD221;PIMALtm,1,0,18,21
HACD221;PPM,1,0,18,21
HACD221;PPM2,1,0,18,21
HACD221;PROGLUtm,2,0,17,21
HACD221;PROtm,2,0,17,21
HACD221;PYNP2r,1,0,18,21
HACD221;RTOT3,7,2,12,19
HACD221;RTOT4,5,4,14,17
HACD221;RTOT5,0,1,19,20
HACD221;SO3AKGtm,1,0,18,21
HACD221;SO3MALtm,1,0,18,21
HACD221;TECR181,2,3,17,18
HACD221;TECR200,0,1,19,20
HACD221;TECR220,0,1,19,20
HACD221;TECR240,0,1,19,20
HACD221;TECR260,0,1,19,20
HACD221;TRDOXtm,1,0,18,21
HACD221;TRDRDtm,1,0,18,21
HACD221;TRDRm,1,0,18,21
HACD221;URIK2,1,0,18,21
HACD224;ARTFR43,2,0,17,21
HACD224;HCO3Em,0,1,19,20
HACD224;HSD181,2,0,17,21
HACD224;MTHFC,1,0,18,21
HACD224;MTHFD2,1,0,18,21
HACD224;NH4tp,1,0,18,21
HACD224;OCTD11ECOAtr,2,0,17,21
HACD224;PIMALtm,1,0,18,21
HACD224;PPM,1,0,18,21
HACD224;PPM2,1,0,18,21
HACD224;PROGLUtm,2,0,17,21
HACD224;PROtm,2,0,17,21
HACD224;PYNP2r,1,0,18,21
HACD224;RTOT3,7,2,12,19
HACD224;RTOT4,5,4,14,17
HACD224;SO3AKGtm,1,0,18,21
HACD224;SO3MALtm,1,0,18,21
HACD224;TECR181,2,0,17,21
HACD224;TRDOXtm,1,0,18,21
HACD224;TRDRDtm,1,0,18,21
HACD224;TRDRm,1,0,18,21
HACD224;URIK2,1,0,18,21
HACD240;ACITLn,0,4,19,17
HACD240;ADPtn,0,4,19,17
HACD240;ARTFR45,0,1,19,20
HACD240;CITtn,0,4,19,17
HACD240;H3K36MET_1,1,0,18,21
HACD240;H3K36MET_2,1,0,18,21
HACD240;H3K36MET_3,1,0,18,21
HACD240;H3K36_synthesis,1,0,18,21
HACD240;HACD241,0,1,19,20
HACD240;HCO3Em,0,2,19,19
HACD240;HCO3tm,1,0,18,21
HACD240;HMGLm,0,3,19,18
HACD240;HSD201,0,1,19,20
HACD240;HSD221,0,1,19,20
HACD240;HSD241,0,1,19,20
HACD240;ICITCITtm,0,2,19,19
HACD240;ICITMALtm,0,2,19,19
HACD240;LYStn,1,0,18,21
HACD240;MDH,0,2,19,19
HACD240;MDHm,0,1,19,20
HACD240;ME2m,0,1,19,20
HACD240;MEOHt2,2,0,17,21
HACD240;METAT,2,0,17,21
HACD240;NADH2_u10m,0,3,19,18
HACD240;NRVNCCOAtr,0,1,19,20
HACD240;O2tp,1,0,18,21
HACD240;OAADC,0,1,19,20
HACD240;OAAtn,0,4,19,17
HACD240;PCm,0,3,19,18
HACD240;PIGTHRDLtm,0,1,19,20
HACD240;PIt2m_2,0,1,19,20
HACD240;PItn,0,3,19,18
HACD240;PPItm,0,2,19,19
HACD240;RTOT4,0,1,19,20
HACD240;SARCOXp,2,0,17,21
HACD240;SARCStm,2,0,17,21
HACD240;SARCStp,2,0,17,21
HACD240;TECR201,0,1,19,20
HACD240;TECR221,0,1,19,20
HACD240;TECR241,0,1,19,20
HACD240;peplys_synthesis,1,0,18,21
HACD241;ARTFR43,2,3,17,18
HACD241;ARTFR52,0,1,19,20
HACD241;HACD260,0,1,19,20
HACD241;HCO3Em,0,1,19,20
HACD241;HEXCCOAtr,0,1,19,20
HACD241;HSD181,2,3,17,18
HACD241;HSD200,0,1,19,20
HACD241;HSD220,0,1,19,20
HACD241;HSD240,0,1,19,20
HACD241;HSD260,0,1,19,20
HACD241;MTHFC,1,0,18,21
HACD241;MTHFD2,1,0,18,21
HACD241;NH4tp,1,0,18,21
HACD241;OCTD11ECOAtr,2,3,17,18
HACD241;PIMALtm,1,0,18,21
HACD241;PPM,1,0,18,21
HACD241;PPM2,1,0,18,21
HACD241;PROGLUtm,2,0,17,21
HACD241;PROtm,2,0,17,21
HACD241;PYNP2r,1,0,18,21
HACD241;RTOT3,7,2,12,19
HACD241;RTOT4,5,4,14,17
HACD241;RTOT5,0,1,19,20
HACD241;SO3AKGtm,1,0,18,21
HACD241;SO3MALtm,1,0,18,21
HACD241;TECR181,2,3,17,18
HACD241;TECR200,0,1,19,20
HACD241;TECR220,0,1,19,20
HACD241;TECR240,0,1,19,20
HACD241;TECR260,0,1,19,20
HACD241;TRDOXtm,1,0,18,21
HACD241;TRDRDtm,1,0,18,21
HACD241;TRDRm,1,0,18,21
HACD241;URIK2,1,0,18,21
HACD244;ARTFR43,2,0,17,21
HACD244;HCO3Em,0,1,19,20
HACD244;HSD181,2,0,17,21
HACD244;MTHFC,1,0,18,21
HACD244;MTHFD2,1,0,18,21
HACD244;NH4tp,1,0,18,21
HACD244;OCTD11ECOAtr,2,0,17,21
HACD244;PIMALtm,1,0,18,21
HACD244;PPM,1,0,18,21
HACD244;PPM2,1,0,18,21
HACD244;PROGLUtm,2,0,17,21
HACD244;PROtm,2,0,17,21
HACD244;PYNP2r,1,0,18,21
HACD244;RTOT3,7,2,12,19
HACD244;RTOT4,5,4,14,17
HACD244;SO3AKGtm,1,0,18,21
HACD244;SO3MALtm,1,0,18,21
HACD244;TECR181,2,0,17,21
HACD244;TRDOXtm,1,0,18,21
HACD244;TRDRDtm,1,0,18,21
HACD244;TRDRm,1,0,18,21
HACD244;URIK2,1,0,18,21
HACD260;ACITLn,0,4,19,17
HACD260;ADPtn,0,4,19,17
HACD260;ARTFR45,0,1,19,20
HACD260;CITtn,0,4,19,17
HACD260;H3K36MET_1,1,0,18,21
HACD260;H3K36MET_2,1,0,18,21
HACD260;H3K36MET_3,1,0,18,21
HACD260;H3K36_synthesis,1,0,18,21
HACD260;HCO3Em,0,2,19,19
HACD260;HCO3tm,1,0,18,21
HACD260;HMGLm,0,3,19,18
HACD260;HSD201,0,1,19,20
HACD260;HSD221,0,1,19,20
HACD260;HSD241,0,1,19,20
HACD260;ICITCITtm,0,2,19,19
HACD260;ICITMALtm,0,2,19,19
HACD260;LYStn,1,0,18,21
HACD260;MDH,0,2,19,19
HACD260;MDHm,0,1,19,20
HACD260;ME2m,0,1,19,20
HACD260;MEOHt2,2,0,17,21
HACD260;METAT,2,0,17,21
HACD260;NADH2_u10m,0,3,19,18
HACD260;NRVNCCOAtr,0,1,19,20
HACD260;O2tp,1,0,18,21
HACD260;OAADC,0,1,19,20
HACD260;OAAtn,0,4,19,17
HACD260;PCm,0,3,19,18
HACD260;PIGTHRDLtm,0,1,19,20
HACD260;PIt2m_2,0,1,19,20
HACD260;PItn,0,3,19,18
HACD260;PPItm,0,2,19,19
HACD260;RTOT4,0,1,19,20
HACD260;SARCOXp,2,0,17,21
HACD260;SARCStm,2,0,17,21
HACD260;SARCStp,2,0,17,21
HACD260;TECR201,0,1,19,20
HACD260;TECR221,0,1,19,20
HACD260;TECR241,0,1,19,20
HACD260;peplys_synthesis,1,0,18,21
HAS1;H3K36MET_1,1,0,18,21
HAS1;H3K36MET_2,1,0,18,21
HAS1;H3K36MET_3,1,0,18,21
HAS1;H3K36_synthesis,1,0,18,21
HAS1;HCO3E,1,0,18,21
HAS1;HCO3Ee,0,1,19,20
HAS1;HCO3Em,1,0,18,21
HAS1;HCO3tm,1,0,18,21
HAS1;Htr,1,2,18,19
HAS1;LYStn,1,0,18,21
HAS1;MEOHt2,1,0,18,21
HAS1;METAT,1,0,18,21
HAS1;O2tm,0,1,19,20
HAS1;PFK2,0,1,19,20
HAS1;PYK,0,1,19,20
HAS1;PYRt2r,0,1,19,20
HAS1;RADH,0,1,19,20
HAS1;RADH4,0,1,19,20
HAS1;RAI3,0,1,19,20
HAS1;RDH1,0,1,19,20
HAS1;RDH4,0,1,19,20
HAS1;RETI3,0,1,19,20
HAS1;RTOT3,1,0,18,21
HAS1;SARCOXp,1,0,18,21
HAS1;SARCStm,1,0,18,21
HAS1;SARCStp,1,0,18,21
HAS1;peplys_synthesis,1,0,18,21
HAS2;H3K36MET_1,1,0,18,21
HAS2;H3K36MET_2,1,0,18,21
HAS2;H3K36MET_3,1,0,18,21
HAS2;H3K36_synthesis,1,0,18,21
HAS2;HCO3E,1,0,18,21
HAS2;HCO3Ee,0,1,19,20
HAS2;HCO3Em,1,0,18,21
HAS2;HCO3tm,1,0,18,21
HAS2;Htr,1,2,18,19
HAS2;LYStn,1,0,18,21
HAS2;MEOHt2,1,0,18,21
HAS2;METAT,1,0,18,21
HAS2;O2tm,0,1,19,20
HAS2;PFK2,0,1,19,20
HAS2;PYK,0,1,19,20
HAS2;PYRt2r,0,1,19,20
HAS2;RADH,0,1,19,20
HAS2;RADH4,0,1,19,20
HAS2;RAI3,0,1,19,20
HAS2;RDH1,0,1,19,20
HAS2;RDH4,0,1,19,20
HAS2;RETI3,0,1,19,20
HAS2;RTOT3,1,0,18,21
HAS2;SARCOXp,1,0,18,21
HAS2;SARCStm,1,0,18,21
HAS2;SARCStp,1,0,18,21
HAS2;peplys_synthesis,1,0,18,21
HAtly;H3K36MET_1,1,0,18,21
HAtly;H3K36MET_2,1,0,18,21
HAtly;H3K36MET_3,1,0,18,21
HAtly;H3K36_synthesis,1,0,18,21
HAtly;HCO3E,1,0,18,21
HAtly;HCO3Ee,0,1,19,20
HAtly;HCO3Em,1,0,18,21
HAtly;HCO3tm,1,0,18,21
HAtly;Htr,1,2,18,19
HAtly;LYStn,1,0,18,21
HAtly;MEOHt2,1,0,18,21
HAtly;METAT,1,0,18,21
HAtly;O2tm,0,1,19,20
HAtly;PFK2,0,1,19,20
HAtly;PYK,0,1,19,20
HAtly;PYRt2r,0,1,19,20
HAtly;RADH,0,1,19,20
HAtly;RADH4,0,1,19,20
HAtly;RAI3,0,1,19,20
HAtly;RDH1,0,1,19,20
HAtly;RDH4,0,1,19,20
HAtly;RETI3,0,1,19,20
HAtly;RTOT3,1,0,18,21
HAtly;SARCOXp,1,0,18,21
HAtly;SARCStm,1,0,18,21
HAtly;SARCStp,1,0,18,21
HAtly;peplys_synthesis,1,0,18,21
HCO3E;ACITLn,0,1,19,20
HCO3E;ADPtn,0,1,19,20
HCO3E;CITtn,0,1,19,20
HCO3E;H3K36MET_1,0,1,19,20
HCO3E;H3K36MET_2,0,1,19,20
HCO3E;H3K36MET_3,0,1,19,20
HCO3E;H3K36_synthesis,0,1,19,20
HCO3E;HCO3Em,6,12,13,9
HCO3E;HCO3tm,6,11,13,10
HCO3E;HYAL,1,0,18,21
HCO3E;Htg,1,0,18,21
HCO3E;ICITCITtm,0,1,19,20
HCO3E;ICITMALtm,0,1,19,20
HCO3E;IDHPOXOX2b,0,1,19,20
HCO3E;IDHPOXOX3,0,1,19,20
HCO3E;IDHPOXOXb,0,1,19,20
HCO3E;ILETAm,1,0,18,21
HCO3E;ILEt5m,1,0,18,21
HCO3E;It,0,1,19,20
HCO3E;KYNAKGAT,1,0,18,21
HCO3E;KYNATESYN,1,0,18,21
HCO3E;KYNATEtr,1,0,18,21
HCO3E;LDH_L,0,2,19,19
HCO3E;LYStn,0,1,19,20
HCO3E;L_LACt4r,2,0,17,21
HCO3E;MDH,0,1,19,20
HCO3E;MDHm,0,1,19,20
HCO3E;MTHFCm,0,1,19,20
HCO3E;MTHFDm,0,1,19,20
HCO3E;NADH2_u10m,1,12,18,9
HCO3E;NAt,2,0,17,21
HCO3E;NCKt,0,1,19,20
HCO3E;NCNt,0,1,19,20
HCO3E;NH4tm,0,2,19,19
HCO3E;NH4tp,1,0,18,21
HCO3E;NQO2,1,0,18,21
HCO3E;OAAtn,0,1,19,20
HCO3E;PAPStg,1,0,18,21
HCO3E;PAPtg,1,0,18,21
HCO3E;PGMT,1,0,18,21
HCO3E;PHETA1,0,1,19,20
HCO3E;PHLAC,0,1,19,20
HCO3E;PHLACHt,0,1,19,20
HCO3E;PIMALtm,1,3,18,18
HCO3E;PIt2m_2,1,2,18,19
HCO3E;PItn,0,1,19,20
HCO3E;PPA,0,2,19,19
HCO3E;PPAm,1,0,18,21
HCO3E;PPItm,1,1,18,20
HCO3E;PROGLUtm,2,3,17,18
HCO3E;PROtm,2,3,17,18
HCO3E;RETNt,1,0,18,21
HCO3E;RTOT4,0,1,19,20
HCO3E;SADT,1,1,18,20
HCO3E;SERTm,0,1,19,20
HCO3E;SGALSIDEtg,1,0,18,21
HCO3E;SGALSIDEtl,1,0,18,21
HCO3E;SO3AKGtm,1,3,18,18
HCO3E;SO3MALtm,1,3,18,18
HCO3E;SO4CLtex,0,1,19,20
HCO3E;SO4tl,1,0,18,21
HCO3E;THDm,1,0,18,21
HCO3E;THFtm,1,9,18,12
HCO3E;THRtm,1,0,18,21
HCO3E;THYPX,0,1,19,20
HCO3E;THYRIDHD,0,1,19,20
HCO3E;THYST,0,1,19,20
HCO3E;TRPO2,1,0,18,21
HCO3E;UAGDP,1,0,18,21
HCO3E;UDPGD,1,0,18,21
HCO3E;UROLACer,1,0,18,21
HCO3E;peplys_synthesis,0,1,19,20
HCO3E;q10h2tc,1,0,18,21
HCO3E;q10tm,1,0,18,21
HCO3Ee;HCO3Em,1,1,18,20
HCO3Ee;HCO3tm,1,1,18,20
HCO3Ee;HYAL,0,1,19,20
HCO3Ee;Htg,0,1,19,20
HCO3Ee;IDHPOXOX2b,0,1,19,20
HCO3Ee;IDHPOXOX3,0,1,19,20
HCO3Ee;IDHPOXOXb,0,1,19,20
HCO3Ee;KCC2t,0,1,19,20
HCO3Ee;NADH2_u10m,1,0,18,21
HCO3Ee;NAIt,0,1,19,20
HCO3Ee;NQO2,0,1,19,20
HCO3Ee;PAPStg,0,1,19,20
HCO3Ee;PAPtg,0,1,19,20
HCO3Ee;PGMT,0,1,19,20
HCO3Ee;SADT,0,1,19,20
HCO3Ee;SGALSIDEtg,0,1,19,20
HCO3Ee;SGALSIDEtl,0,1,19,20
HCO3Ee;SO4tl,0,1,19,20
HCO3Ee;THFtm,1,0,18,21
HCO3Ee;THYPX,0,1,19,20
HCO3Ee;THYRIDHD,0,1,19,20
HCO3Ee;THYST,0,1,19,20
HCO3Ee;UAGDP,0,1,19,20
HCO3Ee;UDPGD,0,1,19,20
HCO3Ee;UROLACer,0,1,19,20
HCO3Ee;q10h2tc,0,1,19,20
HCO3Ee;q10tm,0,1,19,20
HCO3Em;ARTFR52,0,2,19,19
HCO3Em;ARTFR56,0,1,19,20
HCO3Em;HCO3tm,8,13,11,8
HCO3Em;HEXCCOAtr,0,2,19,19
HCO3Em;HSD180,1,1,18,20
HCO3Em;HSD200,0,2,19,19
HCO3Em;HSD201,0,1,19,20
HCO3Em;HSD220,0,2,19,19
HCO3Em;HSD221,0,1,19,20
HCO3Em;HSD224,0,1,19,20
HCO3Em;HSD240,0,2,19,19
HCO3Em;HSD241,0,1,19,20
HCO3Em;HSD244,0,1,19,20
HCO3Em;HSD260,0,2,19,19
HCO3Em;HYAL,1,0,18,21
HCO3Em;Htg,1,0,18,21
HCO3Em;Htm,1,3,18,18
HCO3Em;LDH_L,0,5,19,16
HCO3Em;L_LACt2r,0,2,19,19
HCO3Em;MAL_Lte,0,1,19,20
HCO3Em;MEOHt2,1,0,18,21
HCO3Em;METAT,1,0,18,21
HCO3Em;MTHFC,0,1,19,20
HCO3Em;MTHFD2,0,1,19,20
HCO3Em;NADH2_u10m,4,10,15,11
HCO3Em;NAt,3,0,16,21
HCO3Em;NH4tm,0,1,19,20
HCO3Em;NQO2,1,0,18,21
HCO3Em;NRVNCCOAtr,0,1,19,20
HCO3Em;NRVNCCOAtxc,0,1,19,20
HCO3Em;O2tp,1,1,18,20
HCO3Em;PAPStg,1,0,18,21
HCO3Em;PAPtg,1,0,18,21
HCO3Em;PFK2,0,1,19,20
HCO3Em;PGAM1_PhosHydro,4,0,15,21
HCO3Em;PGMT,1,0,18,21
HCO3Em;PHETA1,0,1,19,20
HCO3Em;PHLAC,0,1,19,20
HCO3Em;PHLACHt,0,1,19,20
HCO3Em;PIMALtm,0,2,19,19
HCO3Em;PIt2m_2,1,1,18,20
HCO3Em;PPA,1,1,18,20
HCO3Em;PPAm,1,1,18,20
HCO3Em;PPItm,1,1,18,20
HCO3Em;PRDX,1,0,18,21
HCO3Em;PRISTANALtx,0,1,19,20
HCO3Em;PROGLUtm,0,2,19,19
HCO3Em;PROtm,0,2,19,19
HCO3Em;PYK,0,2,19,19
HCO3Em;RTOT5,1,2,18,19
HCO3Em;SADT,1,0,18,21
HCO3Em;SARCOXp,1,0,18,21
HCO3Em;SARCStm,1,0,18,21
HCO3Em;SARCStp,1,0,18,21
HCO3Em;SGALSIDEtg,1,0,18,21
HCO3Em;SGALSIDEtl,1,0,18,21
HCO3Em;SO3AKGtm,0,2,19,19
HCO3Em;SO3MALtm,0,2,19,19
HCO3Em;SO4tl,1,0,18,21
HCO3Em;TECR180,1,1,18,20
HCO3Em;TECR200,0,2,19,19
HCO3Em;TECR201,0,1,19,20
HCO3Em;TECR220,0,2,19,19
HCO3Em;TECR221,0,1,19,20
HCO3Em;TECR224,0,1,19,20
HCO3Em;TECR240,0,2,19,19
HCO3Em;TECR241,0,1,19,20
HCO3Em;TECR244,0,1,19,20
HCO3Em;TECR260,0,2,19,19
HCO3Em;THDm,3,0,16,21
HCO3Em;THFtm,0,9,19,12
HCO3Em;THRtm,3,0,16,21
HCO3Em;TTCTECOAtr,0,1,19,20
HCO3Em;UAGDP,1,0,18,21
HCO3Em;UDPGD,1,0,18,21
HCO3Em;UROLACer,1,0,18,21
HCO3Em;q10h2tc,1,0,18,21
HCO3Em;q10tm,1,0,18,21
HCO3_2NAt;HCO3Em,1,1,18,20
HCO3_2NAt;HCO3tm,1,1,18,20
HCO3_2NAt;Htg,1,0,18,21
HCO3_2NAt;IDHPOXOX2b,1,0,18,21
HCO3_2NAt;IDHPOXOX3,1,0,18,21
HCO3_2NAt;IDHPOXOXb,1,0,18,21
HCO3_2NAt;KCC2t,1,0,18,21
HCO3_2NAt;NADH2_u10m,1,1,18,20
HCO3_2NAt;NAHCO3_HCLt,1,0,18,21
HCO3_2NAt;NAIt,1,0,18,21
HCO3_2NAt;NAt,3,0,16,21
HCO3_2NAt;NDP7g,1,0,18,21
HCO3_2NAt;OXAHCOtex,1,0,18,21
HCO3_2NAt;PAPStg,1,0,18,21
HCO3_2NAt;PAPtg,1,0,18,21
HCO3_2NAt;PFK,1,0,18,21
HCO3_2NAt;PGAM1_PhosHydro,1,0,18,21
HCO3_2NAt;PGI,1,0,18,21
HCO3_2NAt;PGMT,1,0,18,21
HCO3_2NAt;PItg,1,0,18,21
HCO3_2NAt;PRDX,1,0,18,21
HCO3_2NAt;SADT,3,1,16,20
HCO3_2NAt;SO4CLtex,3,1,16,20
HCO3_2NAt;TALA,0,1,19,20
HCO3_2NAt;THFtm,1,1,18,20
HCO3_2NAt;THYPX,1,0,18,21
HCO3_2NAt;THYRIDHD,1,0,18,21
HCO3_2NAt;THYST,1,0,18,21
HCO3_2NAt;TRIODTHYt,1,0,18,21
HCO3_2NAt;TRIODTHYt2,1,0,18,21
HCO3_2NAt;UDPG4E,1,0,18,21
HCO3_2NAt;UDPGALtg,1,0,18,21
HCO3_2NAt;UGALCG,1,0,18,21
HCO3_CLt;HCO3E,0,1,19,20
HCO3_CLt;HPYRDC,0,1,19,20
HCO3_CLt;HPYRtp,0,1,19,20
HCO3_CLt;Htx,0,1,19,20
HCO3_CLt;IDHPOXOX2b,2,0,17,21
HCO3_CLt;IDHPOXOX3,2,0,17,21
HCO3_CLt;IDHPOXOXb,2,0,17,21
HCO3_CLt;LDH_L,0,1,19,20
HCO3_CLt;NAIt,2,0,17,21
HCO3_CLt;NH4tp,0,1,19,20
HCO3_CLt;O2tp,0,1,19,20
HCO3_CLt;OXAHCOtex,3,2,16,19
HCO3_CLt;OXAtp,0,1,19,20
HCO3_CLt;PPCOACRNtm,0,1,19,20
HCO3_CLt;PPCOAtm,0,1,19,20
HCO3_CLt;PPItm,0,1,19,20
HCO3_CLt;SERtp,0,1,19,20
HCO3_CLt;SO4CLtex,1,0,18,21
HCO3_CLt;SO4OXAtex2,2,0,17,21
HCO3_CLt;SPTx,0,1,19,20
HCO3_CLt;THYPX,2,0,17,21
HCO3_CLt;THYRIDHD,2,0,17,21
HCO3_CLt;THYST,2,0,17,21
HCO3_CLt;TYRDOPO,0,1,19,20
HCO3tm;ARTFR52,1,0,18,21
HCO3tm;HEXCCOAtr,1,0,18,21
HCO3tm;HSD180,1,1,18,20
HCO3tm;HSD200,1,0,18,21
HCO3tm;HSD220,1,0,18,21
HCO3tm;HSD240,1,0,18,21
HCO3tm;HSD260,1,0,18,21
HCO3tm;HYAL,1,0,18,21
HCO3tm;Htg,1,0,18,21
HCO3tm;Htm,2,2,17,19
HCO3tm;LDH_L,0,5,19,16
HCO3tm;L_LACt2r,0,2,19,19
HCO3tm;MTHFC,0,1,19,20
HCO3tm;MTHFD2,0,1,19,20
HCO3tm;NADH2_u10m,4,11,15,10
HCO3tm;NAt,3,0,16,21
HCO3tm;NQO2,1,0,18,21
HCO3tm;PAPStg,1,0,18,21
HCO3tm;PAPtg,1,0,18,21
HCO3tm;PFK2,0,1,19,20
HCO3tm;PGAM1_PhosHydro,4,0,15,21
HCO3tm;PGMT,1,0,18,21
HCO3tm;PHETA1,0,1,19,20
HCO3tm;PHLAC,0,1,19,20
HCO3tm;PHLACHt,0,1,19,20
HCO3tm;PIMALtm,1,2,18,19
HCO3tm;PIt2m_2,3,1,16,20
HCO3tm;PPA,1,1,18,20
HCO3tm;PPAm,2,1,17,20
HCO3tm;PPItm,2,1,17,20
HCO3tm;PRDX,1,0,18,21
HCO3tm;PROGLUtm,1,2,18,19
HCO3tm;PROtm,1,2,18,19
HCO3tm;PYK,0,2,19,19
HCO3tm;RTOT5,1,1,18,20
HCO3tm;SADT,1,0,18,21
HCO3tm;SGALSIDEtg,1,0,18,21
HCO3tm;SGALSIDEtl,1,0,18,21
HCO3tm;SO3AKGtm,0,2,19,19
HCO3tm;SO3MALtm,0,2,19,19
HCO3tm;SO4AKGtm,1,0,18,21
HCO3tm;SO4MALtm,1,0,18,21
HCO3tm;SO4tl,1,0,18,21
HCO3tm;TECR180,1,1,18,20
HCO3tm;TECR200,1,0,18,21
HCO3tm;TECR220,1,0,18,21
HCO3tm;TECR240,1,0,18,21
HCO3tm;TECR260,1,0,18,21
HCO3tm;THDm,3,0,16,21
HCO3tm;THFtm,2,5,17,16
HCO3tm;THRtm,3,0,16,21
HCO3tm;UAGDP,1,0,18,21
HCO3tm;UDPGD,1,0,18,21
HCO3tm;UROLACer,1,0,18,21
HCO3tm;q10h2tc,1,0,18,21
HCO3tm;q10tm,1,0,18,21
HEXCCOAtr;ACITLn,0,4,19,17
HEXCCOAtr;ADPtn,0,4,19,17
HEXCCOAtr;ARTFR45,0,1,19,20
HEXCCOAtr;CITtn,0,4,19,17
HEXCCOAtr;H3K36MET_1,1,0,18,21
HEXCCOAtr;H3K36MET_2,1,0,18,21
HEXCCOAtr;H3K36MET_3,1,0,18,21
HEXCCOAtr;H3K36_synthesis,1,0,18,21
HEXCCOAtr;HMGLm,0,3,19,18
HEXCCOAtr;HSD201,0,1,19,20
HEXCCOAtr;HSD221,0,1,19,20
HEXCCOAtr;HSD241,0,1,19,20
HEXCCOAtr;ICITCITtm,0,2,19,19
HEXCCOAtr;ICITMALtm,0,2,19,19
HEXCCOAtr;LYStn,1,0,18,21
HEXCCOAtr;MDH,0,2,19,19
HEXCCOAtr;MDHm,0,1,19,20
HEXCCOAtr;ME2m,0,1,19,20
HEXCCOAtr;MEOHt2,2,0,17,21
HEXCCOAtr;METAT,2,0,17,21
HEXCCOAtr;NADH2_u10m,0,3,19,18
HEXCCOAtr;NRVNCCOAtr,0,1,19,20
HEXCCOAtr;O2tp,1,0,18,21
HEXCCOAtr;OAADC,0,1,19,20
HEXCCOAtr;OAAtn,0,4,19,17
HEXCCOAtr;PCm,0,3,19,18
HEXCCOAtr;PIGTHRDLtm,0,1,19,20
HEXCCOAtr;PIt2m_2,0,1,19,20
HEXCCOAtr;PItn,0,3,19,18
HEXCCOAtr;PPItm,0,2,19,19
HEXCCOAtr;RTOT4,0,1,19,20
HEXCCOAtr;SARCOXp,2,0,17,21
HEXCCOAtr;SARCStm,2,0,17,21
HEXCCOAtr;SARCStp,2,0,17,21
HEXCCOAtr;TECR201,0,1,19,20
HEXCCOAtr;TECR221,0,1,19,20
HEXCCOAtr;TECR241,0,1,19,20
HEXCCOAtr;peplys_synthesis,1,0,18,21
HISt4;HIStN1,3,4,16,17
HKt;NCKt,1,0,18,21
HKt;NCNt,1,0,18,21
HMGCOASim;MAL_Lte,0,1,19,20
HMGCOASim;PIMALtm,0,1,19,20
HMGCOASim;RTOT3,0,1,19,20
HMGCOASim;SO4AKGtm,0,1,19,20
HMGCOASim;SO4MALtm,0,1,19,20
HMGCOASim;THFtm,0,1,19,20
HMGLm;ARTFR52,0,3,19,18
HMGLm;HSD200,0,3,19,18
HMGLm;HSD220,0,3,19,18
HMGLm;HSD240,0,3,19,18
HMGLm;HSD260,0,3,19,18
HMGLm;LSTO2r,0,1,19,20
HMGLm;MAL_Lte,0,2,19,19
HMGLm;PIt2m_2,0,1,19,20
HMGLm;PVD3,0,1,19,20
HMGLm;RTOT5,0,3,19,18
HMGLm;TECR200,0,3,19,18
HMGLm;TECR220,0,3,19,18
HMGLm;TECR240,0,3,19,18
HMGLm;TECR260,0,3,19,18
HMGLm;THRA,0,1,19,20
HMGLm;VD3,0,1,19,20
HMGLm;VITD3Hm,0,1,19,20
HMGLm;VITD3tm,0,1,19,20
HSD180;ACITLn,0,1,19,20
HSD180;ADPtn,0,1,19,20
HSD180;ARTFR33,4,0,15,21
HSD180;ARTFR43,2,1,17,20
HSD180;CITtn,0,1,19,20
HSD180;H3K36MET_1,1,0,18,21
HSD180;H3K36MET_2,1,0,18,21
HSD180;H3K36MET_3,1,0,18,21
HSD180;H3K36_synthesis,1,0,18,21
HSD180;HSD181,6,1,13,20
HSD180;ICITCITtm,0,1,19,20
HSD180;ICITMALtm,0,1,19,20
HSD180;LYStn,1,0,18,21
HSD180;MDH,0,1,19,20
HSD180;MDHm,0,1,19,20
HSD180;MEOHt2,2,0,17,21
HSD180;METAT,2,0,17,21
HSD180;O2tp,1,0,18,21
HSD180;OAAtn,0,1,19,20
HSD180;OCTD11ECOAtr,6,1,13,20
HSD180;PIt2m_2,0,1,19,20
HSD180;PItn,0,1,19,20
HSD180;PPItm,0,1,19,20
HSD180;RTOT3,4,0,15,21
HSD180;RTOT4,2,1,17,20
HSD180;SARCOXp,2,0,17,21
HSD180;SARCStm,2,0,17,21
HSD180;SARCStp,2,0,17,21
HSD180;TECR181,6,1,13,20
HSD180;peplys_synthesis,1,0,18,21
HSD181;ARTFR45,0,1,19,20
HSD181;ARTFR56,2,0,17,21
HSD181;HSD201,2,3,17,18
HSD181;HSD221,2,3,17,18
HSD181;HSD224,2,0,17,21
HSD181;HSD241,2,3,17,18
HSD181;HSD244,2,0,17,21
HSD181;Htx,2,0,17,21
HSD181;NADHtpu,1,0,18,21
HSD181;NADtx,1,0,18,21
HSD181;NH4tm,1,0,18,21
HSD181;NRVNCCOAtr,2,3,17,18
HSD181;NRVNCCOAtxc,2,0,17,21
HSD181;O2tp,2,0,17,21
HSD181;PRISTANALtx,1,0,18,21
HSD181;PRISTtx,1,0,18,21
HSD181;RTOT5,4,0,15,21
HSD181;TECR180,6,1,13,20
HSD181;TECR201,2,3,17,18
HSD181;TECR221,2,3,17,18
HSD181;TECR224,2,0,17,21
HSD181;TECR241,2,3,17,18
HSD181;TECR244,2,0,17,21
HSD181;TTCTECOAtr,2,0,17,21
HSD200;ACITLn,0,4,19,17
HSD200;ADPtn,0,4,19,17
HSD200;ARTFR45,0,1,19,20
HSD200;CITtn,0,4,19,17
HSD200;H3K36MET_1,1,0,18,21
HSD200;H3K36MET_2,1,0,18,21
HSD200;H3K36MET_3,1,0,18,21
HSD200;H3K36_synthesis,1,0,18,21
HSD200;HSD201,0,1,19,20
HSD200;HSD221,0,1,19,20
HSD200;HSD241,0,1,19,20
HSD200;ICITCITtm,0,2,19,19
HSD200;ICITMALtm,0,2,19,19
HSD200;LYStn,1,0,18,21
HSD200;MDH,0,2,19,19
HSD200;MDHm,0,1,19,20
HSD200;ME2m,0,1,19,20
HSD200;MEOHt2,2,0,17,21
HSD200;METAT,2,0,17,21
HSD200;NADH2_u10m,0,3,19,18
HSD200;NRVNCCOAtr,0,1,19,20
HSD200;O2tp,1,0,18,21
HSD200;OAADC,0,1,19,20
HSD200;OAAtn,0,4,19,17
HSD200;PCm,0,3,19,18
HSD200;PIGTHRDLtm,0,1,19,20
HSD200;PIt2m_2,0,1,19,20
HSD200;PItn,0,3,19,18
HSD200;PPItm,0,2,19,19
HSD200;RTOT4,0,1,19,20
HSD200;SARCOXp,2,0,17,21
HSD200;SARCStm,2,0,17,21
HSD200;SARCStp,2,0,17,21
HSD200;TECR201,0,1,19,20
HSD200;TECR221,0,1,19,20
HSD200;TECR241,0,1,19,20
HSD200;peplys_synthesis,1,0,18,21
HSD201;ARTFR43,2,3,17,18
HSD201;ARTFR52,0,1,19,20
HSD201;HSD220,0,1,19,20
HSD201;HSD240,0,1,19,20
HSD201;HSD260,0,1,19,20
HSD201;MTHFC,1,0,18,21
HSD201;MTHFD2,1,0,18,21
HSD201;NH4tp,1,0,18,21
HSD201;OCTD11ECOAtr,2,3,17,18
HSD201;PIMALtm,1,0,18,21
HSD201;PPM,1,0,18,21
HSD201;PPM2,1,0,18,21
HSD201;PROGLUtm,2,0,17,21
HSD201;PROtm,2,0,17,21
HSD201;PYNP2r,1,0,18,21
HSD201;RTOT3,7,2,12,19
HSD201;RTOT4,5,4,14,17
HSD201;RTOT5,0,1,19,20
HSD201;SO3AKGtm,1,0,18,21
HSD201;SO3MALtm,1,0,18,21
HSD201;TECR181,2,3,17,18
HSD201;TECR200,0,1,19,20
HSD201;TECR220,0,1,19,20
HSD201;TECR240,0,1,19,20
HSD201;TECR260,0,1,19,20
HSD201;TRDOXtm,1,0,18,21
HSD201;TRDRDtm,1,0,18,21
HSD201;TRDRm,1,0,18,21
HSD201;URIK2,1,0,18,21
HSD2031;PPA,5,1,14,20
HSD220;ACITLn,0,4,19,17
HSD220;ADPtn,0,4,19,17
HSD220;ARTFR45,0,1,19,20
HSD220;CITtn,0,4,19,17
HSD220;H3K36MET_1,1,0,18,21
HSD220;H3K36MET_2,1,0,18,21
HSD220;H3K36MET_3,1,0,18,21
HSD220;H3K36_synthesis,1,0,18,21
HSD220;HSD221,0,1,19,20
HSD220;HSD241,0,1,19,20
HSD220;ICITCITtm,0,2,19,19
HSD220;ICITMALtm,0,2,19,19
HSD220;LYStn,1,0,18,21
HSD220;MDH,0,2,19,19
HSD220;MDHm,0,1,19,20
HSD220;ME2m,0,1,19,20
HSD220;MEOHt2,2,0,17,21
HSD220;METAT,2,0,17,21
HSD220;NADH2_u10m,0,3,19,18
HSD220;NRVNCCOAtr,0,1,19,20
HSD220;O2tp,1,0,18,21
HSD220;OAADC,0,1,19,20
HSD220;OAAtn,0,4,19,17
HSD220;PCm,0,3,19,18
HSD220;PIGTHRDLtm,0,1,19,20
HSD220;PIt2m_2,0,1,19,20
HSD220;PItn,0,3,19,18
HSD220;PPItm,0,2,19,19
HSD220;RTOT4,0,1,19,20
HSD220;SARCOXp,2,0,17,21
HSD220;SARCStm,2,0,17,21
HSD220;SARCStp,2,0,17,21
HSD220;TECR201,0,1,19,20
HSD220;TECR221,0,1,19,20
HSD220;TECR241,0,1,19,20
HSD220;peplys_synthesis,1,0,18,21
HSD221;ARTFR43,2,3,17,18
HSD221;ARTFR52,0,1,19,20
HSD221;HSD240,0,1,19,20
HSD221;HSD260,0,1,19,20
HSD221;MTHFC,1,0,18,21
HSD221;MTHFD2,1,0,18,21
HSD221;NH4tp,1,0,18,21
HSD221;OCTD11ECOAtr,2,3,17,18
HSD221;PIMALtm,1,0,18,21
HSD221;PPM,1,0,18,21
HSD221;PPM2,1,0,18,21
HSD221;PROGLUtm,2,0,17,21
HSD221;PROtm,2,0,17,21
HSD221;PYNP2r,1,0,18,21
HSD221;RTOT3,7,2,12,19
HSD221;RTOT4,5,4,14,17
HSD221;RTOT5,0,1,19,20
HSD221;SO3AKGtm,1,0,18,21
HSD221;SO3MALtm,1,0,18,21
HSD221;TECR181,2,3,17,18
HSD221;TECR200,0,1,19,20
HSD221;TECR220,0,1,19,20
HSD221;TECR240,0,1,19,20
HSD221;TECR260,0,1,19,20
HSD221;TRDOXtm,1,0,18,21
HSD221;TRDRDtm,1,0,18,21
HSD221;TRDRm,1,0,18,21
HSD221;URIK2,1,0,18,21
HSD224;ARTFR43,2,0,17,21
HSD224;MTHFC,1,0,18,21
HSD224;MTHFD2,1,0,18,21
HSD224;NH4tp,1,0,18,21
HSD224;OCTD11ECOAtr,2,0,17,21
HSD224;PIMALtm,1,0,18,21
HSD224;PPM,1,0,18,21
HSD224;PPM2,1,0,18,21
HSD224;PROGLUtm,2,0,17,21
HSD224;PROtm,2,0,17,21
HSD224;PYNP2r,1,0,18,21
HSD224;RTOT3,7,2,12,19
HSD224;RTOT4,5,4,14,17
HSD224;SO3AKGtm,1,0,18,21
HSD224;SO3MALtm,1,0,18,21
HSD224;TECR181,2,0,17,21
HSD224;TRDOXtm,1,0,18,21
HSD224;TRDRDtm,1,0,18,21
HSD224;TRDRm,1,0,18,21
HSD224;URIK2,1,0,18,21
HSD240;ACITLn,0,4,19,17
HSD240;ADPtn,0,4,19,17
HSD240;ARTFR45,0,1,19,20
HSD240;CITtn,0,4,19,17
HSD240;H3K36MET_1,1,0,18,21
HSD240;H3K36MET_2,1,0,18,21
HSD240;H3K36MET_3,1,0,18,21
HSD240;H3K36_synthesis,1,0,18,21
HSD240;HSD241,0,1,19,20
HSD240;ICITCITtm,0,2,19,19
HSD240;ICITMALtm,0,2,19,19
HSD240;LYStn,1,0,18,21
HSD240;MDH,0,2,19,19
HSD240;MDHm,0,1,19,20
HSD240;ME2m,0,1,19,20
HSD240;MEOHt2,2,0,17,21
HSD240;METAT,2,0,17,21
HSD240;NADH2_u10m,0,3,19,18
HSD240;NRVNCCOAtr,0,1,19,20
HSD240;O2tp,1,0,18,21
HSD240;OAADC,0,1,19,20
HSD240;OAAtn,0,4,19,17
HSD240;PCm,0,3,19,18
HSD240;PIGTHRDLtm,0,1,19,20
HSD240;PIt2m_2,0,1,19,20
HSD240;PItn,0,3,19,18
HSD240;PPItm,0,2,19,19
HSD240;RTOT4,0,1,19,20
HSD240;SARCOXp,2,0,17,21
HSD240;SARCStm,2,0,17,21
HSD240;SARCStp,2,0,17,21
HSD240;TECR201,0,1,19,20
HSD240;TECR221,0,1,19,20
HSD240;TECR241,0,1,19,20
HSD240;peplys_synthesis,1,0,18,21
HSD241;ARTFR43,2,3,17,18
HSD241;ARTFR52,0,1,19,20
HSD241;HSD260,0,1,19,20
HSD241;MTHFC,1,0,18,21
HSD241;MTHFD2,1,0,18,21
HSD241;NH4tp,1,0,18,21
HSD241;OCTD11ECOAtr,2,3,17,18
HSD241;PIMALtm,1,0,18,21
HSD241;PPM,1,0,18,21
HSD241;PPM2,1,0,18,21
HSD241;PROGLUtm,2,0,17,21
HSD241;PROtm,2,0,17,21
HSD241;PYNP2r,1,0,18,21
HSD241;RTOT3,7,2,12,19
HSD241;RTOT4,5,4,14,17
HSD241;RTOT5,0,1,19,20
HSD241;SO3AKGtm,1,0,18,21
HSD241;SO3MALtm,1,0,18,21
HSD241;TECR181,2,3,17,18
HSD241;TECR200,0,1,19,20
HSD241;TECR220,0,1,19,20
HSD241;TECR240,0,1,19,20
HSD241;TECR260,0,1,19,20
HSD241;TRDOXtm,1,0,18,21
HSD241;TRDRDtm,1,0,18,21
HSD241;TRDRm,1,0,18,21
HSD241;URIK2,1,0,18,21
HSD244;ARTFR43,2,0,17,21
HSD244;MTHFC,1,0,18,21
HSD244;MTHFD2,1,0,18,21
HSD244;NH4tp,1,0,18,21
HSD244;OCTD11ECOAtr,2,0,17,21
HSD244;PIMALtm,1,0,18,21
HSD244;PPM,1,0,18,21
HSD244;PPM2,1,0,18,21
HSD244;PROGLUtm,2,0,17,21
HSD244;PROtm,2,0,17,21
HSD244;PYNP2r,1,0,18,21
HSD244;RTOT3,7,2,12,19
HSD244;RTOT4,5,4,14,17
HSD244;SO3AKGtm,1,0,18,21
HSD244;SO3MALtm,1,0,18,21
HSD244;TECR181,2,0,17,21
HSD244;TRDOXtm,1,0,18,21
HSD244;TRDRDtm,1,0,18,21
HSD244;TRDRm,1,0,18,21
HSD244;URIK2,1,0,18,21
HSD260;ACITLn,0,4,19,17
HSD260;ADPtn,0,4,19,17
HSD260;ARTFR45,0,1,19,20
HSD260;CITtn,0,4,19,17
HSD260;H3K36MET_1,1,0,18,21
HSD260;H3K36MET_2,1,0,18,21
HSD260;H3K36MET_3,1,0,18,21
HSD260;H3K36_synthesis,1,0,18,21
HSD260;ICITCITtm,0,2,19,19
HSD260;ICITMALtm,0,2,19,19
HSD260;LYStn,1,0,18,21
HSD260;MDH,0,2,19,19
HSD260;MDHm,0,1,19,20
HSD260;ME2m,0,1,19,20
HSD260;MEOHt2,2,0,17,21
HSD260;METAT,2,0,17,21
HSD260;NADH2_u10m,0,3,19,18
HSD260;NRVNCCOAtr,0,1,19,20
HSD260;O2tp,1,0,18,21
HSD260;OAADC,0,1,19,20
HSD260;OAAtn,0,4,19,17
HSD260;PCm,0,3,19,18
HSD260;PIGTHRDLtm,0,1,19,20
HSD260;PIt2m_2,0,1,19,20
HSD260;PItn,0,3,19,18
HSD260;PPItm,0,2,19,19
HSD260;RTOT4,0,1,19,20
HSD260;SARCOXp,2,0,17,21
HSD260;SARCStm,2,0,17,21
HSD260;SARCStp,2,0,17,21
HSD260;TECR201,0,1,19,20
HSD260;TECR221,0,1,19,20
HSD260;TECR241,0,1,19,20
HSD260;peplys_synthesis,1,0,18,21
HSD3B11;LSTO2r,0,1,19,20
HSD3B11;PVD3,0,1,19,20
HSD3B11;VD3,0,1,19,20
HYAL;H3K36MET_1,1,0,18,21
HYAL;H3K36MET_2,1,0,18,21
HYAL;H3K36MET_3,1,0,18,21
HYAL;H3K36_synthesis,1,0,18,21
HYAL;LYStn,1,0,18,21
HYAL;MEOHt2,1,0,18,21
HYAL;METAT,1,0,18,21
HYAL;O2tm,0,1,19,20
HYAL;PFK2,0,1,19,20
HYAL;PYK,0,1,19,20
HYAL;PYRt2r,0,1,19,20
HYAL;RADH,0,1,19,20
HYAL;RADH4,0,1,19,20
HYAL;RAI3,0,1,19,20
HYAL;RDH1,0,1,19,20
HYAL;RDH4,0,1,19,20
HYAL;RETI3,0,1,19,20
HYAL;RTOT3,1,0,18,21
HYAL;SARCOXp,1,0,18,21
HYAL;SARCStm,1,0,18,21
HYAL;SARCStp,1,0,18,21
HYAL;peplys_synthesis,1,0,18,21
Htg;H3K36MET_1,1,0,18,21
Htg;H3K36MET_2,1,0,18,21
Htg;H3K36MET_3,1,0,18,21
Htg;H3K36_synthesis,1,0,18,21
Htg;Htr,0,2,19,19
Htg;IDHPOXOX2b,0,1,19,20
Htg;IDHPOXOX3,0,1,19,20
Htg;IDHPOXOXb,0,1,19,20
Htg;It,0,1,19,20
Htg;KCCt,1,1,18,20
Htg;LPASE,1,0,18,21
Htg;LPCHOLt4,1,0,18,21
Htg;LYStn,1,0,18,21
Htg;MEOHt2,1,0,18,21
Htg;METAT,1,0,18,21
Htg;MTHFC,1,0,18,21
Htg;MTHFD2,1,0,18,21
Htg;NCKt,1,1,18,20
Htg;NCNt,1,1,18,20
Htg;NH4t3r,1,0,18,21
Htg;O2tm,0,1,19,20
Htg;PCHOLHSTDe,1,0,18,21
Htg;PFK2,0,2,19,19
Htg;PGAM1_PhosHydro,1,0,18,21
Htg;PLA2_2e,1,0,18,21
Htg;PYK,0,1,19,20
Htg;PYRt2r,0,1,19,20
Htg;RADH,0,1,19,20
Htg;RADH4,0,1,19,20
Htg;RAI3,0,1,19,20
Htg;RDH1,0,1,19,20
Htg;RDH4,0,1,19,20
Htg;RETI3,0,1,19,20
Htg;RTOT3,1,0,18,21
Htg;R_group_phosphotase_1,1,0,18,21
Htg;Rtotalt,1,0,18,21
Htg;SARCOXp,1,0,18,21
Htg;SARCStm,1,0,18,21
Htg;SARCStp,1,0,18,21
Htg;TALA,0,1,19,20
Htg;THYPX,0,1,19,20
Htg;THYRIDHD,0,1,19,20
Htg;THYST,0,1,19,20
Htg;TYRDOPO,0,1,19,20
Htg;peplys_synthesis,1,0,18,21
Htm;PIt2m_2,7,4,12,17
Htm;PPAm,1,1,18,20
Htm;PPItm,1,1,18,20
Htm;THFtm,1,0,18,21
Htr;HYAL,1,2,18,19
Htr;IDHPOXOX2b,0,2,19,19
Htr;IDHPOXOX3,0,2,19,19
Htr;IDHPOXOXb,0,2,19,19
Htr;INOSTO,0,1,19,20
Htr;It,0,1,19,20
Htr;KCC2t,0,1,19,20
Htr;NAIt,0,1,19,20
Htr;PAPStg,1,2,18,19
Htr;PAPtg,1,2,18,19
Htr;PGMT,0,2,19,19
Htr;PPA,3,2,16,19
Htr;SADT,1,2,18,19
Htr;SE10,1,13,18,8
Htr;SGALSIDEtg,1,2,18,19
Htr;SGALSIDEtl,1,2,18,19
Htr;SO4CLtex,0,1,19,20
Htr;SO4tl,1,2,18,19
Htr;SOAT6,1,13,18,8
Htr;THYPX,0,2,19,19
Htr;THYRIDHD,0,2,19,19
Htr;THYST,0,2,19,19
Htr;UAGDP,0,2,19,19
Htr;UDPGD,1,2,18,19
Htr;UROLACer,1,3,18,18
Htx;ARTFR43,2,0,17,21
Htx;MTHFC,1,0,18,21
Htx;MTHFD2,1,0,18,21
Htx;NH4tp,1,0,18,21
Htx;OCTD11ECOAtr,2,0,17,21
Htx;PIMALtm,1,0,18,21
Htx;PPA,4,1,15,20
Htx;PPM,1,0,18,21
Htx;PPM2,1,0,18,21
Htx;PROGLUtm,2,0,17,21
Htx;PROtm,2,0,17,21
Htx;PYNP2r,1,0,18,21
Htx;RTOT3,7,0,12,21
Htx;RTOT4,5,0,14,21
Htx;SO3AKGtm,1,0,18,21
Htx;SO3MALtm,1,0,18,21
Htx;TECR181,2,0,17,21
Htx;TRDOXtm,1,0,18,21
Htx;TRDRDtm,1,0,18,21
Htx;TRDRm,1,0,18,21
Htx;URIK2,1,0,18,21
ICDHxrm;LYSCITRt2m,0,1,19,20
ICDHxrm;LYSCITRtm,0,1,19,20
ICDHxrm;THRA,0,1,19,20
ICITCITtm;ARTFR52,0,2,19,19
ICITCITtm;LYSCITRt2m,0,1,19,20
ICITCITtm;LYSCITRtm,0,1,19,20
ICITCITtm;MAL_Lte,0,3,19,18
ICITCITtm;PIt2m_2,0,1,19,20
ICITCITtm;RTOT5,0,2,19,19
ICITCITtm;TECR180,0,1,19,20
ICITCITtm;TECR200,0,2,19,19
ICITCITtm;TECR220,0,2,19,19
ICITCITtm;TECR240,0,2,19,19
ICITCITtm;TECR260,0,2,19,19
ICITCITtm;THRA,0,1,19,20
ICITMALtm;ARTFR52,0,2,19,19
ICITMALtm;MAL_Lte,0,3,19,18
ICITMALtm;PIt2m_2,0,1,19,20
ICITMALtm;RTOT5,0,2,19,19
ICITMALtm;TECR180,0,1,19,20
ICITMALtm;TECR200,0,2,19,19
ICITMALtm;TECR220,0,2,19,19
ICITMALtm;TECR240,0,2,19,19
ICITMALtm;TECR260,0,2,19,19
IDHPOXOX2b;KCC2t,0,1,19,20
IDHPOXOX2b;NADH2_u10m,0,1,19,20
IDHPOXOX2b;NADHtru,0,1,19,20
IDHPOXOX2b;NADtru,0,1,19,20
IDHPOXOX2b;NAHCO3_HCLt,1,0,18,21
IDHPOXOX2b;NAt3_1,1,0,18,21
IDHPOXOX2b;NDP7g,0,1,19,20
IDHPOXOX2b;NH4tm,0,1,19,20
IDHPOXOX2b;PAPStg,0,1,19,20
IDHPOXOX2b;PAPtg,0,1,19,20
IDHPOXOX2b;PGMT,0,1,19,20
IDHPOXOX2b;PIMALtm,0,1,19,20
IDHPOXOX2b;PItg,0,1,19,20
IDHPOXOX2b;PPA,1,0,18,21
IDHPOXOX2b;PROGLUtm,0,1,19,20
IDHPOXOX2b;PROtm,0,1,19,20
IDHPOXOX2b;PYK,0,1,19,20
IDHPOXOX2b;RTOT4,1,0,18,21
IDHPOXOX2b;SERt4,0,1,19,20
IDHPOXOX2b;SO3AKGtm,0,1,19,20
IDHPOXOX2b;SO3MALtm,0,1,19,20
IDHPOXOX2b;SO4CLtex,2,0,17,21
IDHPOXOX2b;UDPG4E,0,1,19,20
IDHPOXOX2b;UDPGALtg,0,1,19,20
IDHPOXOX2b;UGALCG,0,1,19,20
IDHPOXOX3;KCC2t,0,1,19,20
IDHPOXOX3;NADH2_u10m,0,1,19,20
IDHPOXOX3;NADHtru,0,1,19,20
IDHPOXOX3;NADtru,0,1,19,20
IDHPOXOX3;NAHCO3_HCLt,1,0,18,21
IDHPOXOX3;NAt3_1,1,0,18,21
IDHPOXOX3;NDP7g,0,1,19,20
IDHPOXOX3;NH4tm,0,1,19,20
IDHPOXOX3;PAPStg,0,1,19,20
IDHPOXOX3;PAPtg,0,1,19,20
IDHPOXOX3;PGMT,0,1,19,20
IDHPOXOX3;PIMALtm,0,1,19,20
IDHPOXOX3;PItg,0,1,19,20
IDHPOXOX3;PPA,1,0,18,21
IDHPOXOX3;PROGLUtm,0,1,19,20
IDHPOXOX3;PROtm,0,1,19,20
IDHPOXOX3;PYK,0,1,19,20
IDHPOXOX3;RTOT4,1,0,18,21
IDHPOXOX3;SERt4,0,1,19,20
IDHPOXOX3;SO3AKGtm,0,1,19,20
IDHPOXOX3;SO3MALtm,0,1,19,20
IDHPOXOX3;SO4CLtex,2,0,17,21
IDHPOXOX3;UDPG4E,0,1,19,20
IDHPOXOX3;UDPGALtg,0,1,19,20
IDHPOXOX3;UGALCG,0,1,19,20
IDHPOXOXb;KCC2t,0,1,19,20
IDHPOXOXb;NADH2_u10m,0,1,19,20
IDHPOXOXb;NADHtru,0,1,19,20
IDHPOXOXb;NADtru,0,1,19,20
IDHPOXOXb;NAHCO3_HCLt,1,0,18,21
IDHPOXOXb;NAt3_1,1,0,18,21
IDHPOXOXb;NDP7g,0,1,19,20
IDHPOXOXb;NH4tm,0,1,19,20
IDHPOXOXb;PAPStg,0,1,19,20
IDHPOXOXb;PAPtg,0,1,19,20
IDHPOXOXb;PGMT,0,1,19,20
IDHPOXOXb;PIMALtm,0,1,19,20
IDHPOXOXb;PItg,0,1,19,20
IDHPOXOXb;PPA,1,0,18,21
IDHPOXOXb;PROGLUtm,0,1,19,20
IDHPOXOXb;PROtm,0,1,19,20
IDHPOXOXb;PYK,0,1,19,20
IDHPOXOXb;RTOT4,1,0,18,21
IDHPOXOXb;SERt4,0,1,19,20
IDHPOXOXb;SO3AKGtm,0,1,19,20
IDHPOXOXb;SO3MALtm,0,1,19,20
IDHPOXOXb;SO4CLtex,2,0,17,21
IDHPOXOXb;UDPG4E,0,1,19,20
IDHPOXOXb;UDPGALtg,0,1,19,20
IDHPOXOXb;UGALCG,0,1,19,20
ILEPHELAT2tc;ILEt4,0,1,19,20
ILETAm;PPA,1,0,18,21
ILEt5m;PPA,1,0,18,21
INOSTO;PPA,0,1,19,20
ITCOALm;MAL_Lte,1,0,18,21
ITCOALm;PIt2m_2,0,1,19,20
It;NADH2_u10m,0,1,19,20
It;NADHtru,0,1,19,20
It;NADtru,0,1,19,20
It;NDP7g,0,1,19,20
It;NH4tm,0,1,19,20
It;PAPStg,0,1,19,20
It;PAPtg,0,1,19,20
It;PGMT,0,1,19,20
It;PIMALtm,0,1,19,20
It;PItg,0,1,19,20
It;PROGLUtm,0,1,19,20
It;PROtm,0,1,19,20
It;PYK,0,1,19,20
It;SERt4,0,1,19,20
It;SO3AKGtm,0,1,19,20
It;SO3MALtm,0,1,19,20
It;UDPG4E,0,1,19,20
It;UDPGALtg,0,1,19,20
It;UGALCG,0,1,19,20
KCC2t;KCCt,0,2,19,19
KCC2t;NAHCO3_HCLt,1,0,18,21
KCC2t;NAIt,0,1,19,20
KCC2t;NCKt,0,2,19,19
KCC2t;NCNt,0,2,19,19
KCC2t;PPAm,1,0,18,21
KCC2t;PPItm,1,0,18,21
KCC2t;SADT,0,1,19,20
KCC2t;THR3Dx,1,0,18,21
KCC2t;THYPX,0,1,19,20
KCC2t;THYRIDHD,0,1,19,20
KCC2t;THYST,0,1,19,20
KCC2t;TYROX,1,0,18,21
KCCt;NCKt,1,0,18,21
KCCt;NCNt,1,0,18,21
KCCt;NDP7g,1,1,18,20
KCCt;PAPStg,1,1,18,20
KCCt;PAPtg,1,1,18,20
KCCt;PGMT,1,1,18,20
KCCt;PItg,1,1,18,20
KCCt;SADT,1,1,18,20
KCCt;SO4CLtex,1,1,18,20
KCCt;UDPG4E,1,1,18,20
KCCt;UDPGALtg,1,1,18,20
KCCt;UGALCG,1,1,18,20
KYNAKGAT;MAL_Lte,1,0,18,21
KYNAKGAT;PIt2m_2,0,1,19,20
KYNAKGAT;PPA,1,0,18,21
KYNATESYN;MAL_Lte,1,0,18,21
KYNATESYN;PIt2m_2,0,1,19,20
KYNATESYN;PPA,1,0,18,21
KYNATEtr;MAL_Lte,1,0,18,21
KYNATEtr;PIt2m_2,0,1,19,20
KYNATEtr;PPA,1,0,18,21
LDH_L;NADH2_u10m,0,6,19,15
LDH_L;PIt2m_2,0,1,19,20
LDH_L;PYRt2r,0,2,19,19
LDH_L;PYRt4_2,0,1,19,20
LDH_L;RDH1,0,1,19,20
LDH_L;THFtm,0,6,19,15
LHCYSTIN;PPAm,0,1,19,20
LHCYSTIN;PPItm,0,1,19,20
LHCYSTIN;RDH1,0,1,19,20
LHCYSTIN;RDH1a,0,1,19,20
LHCYSTINt;PPAm,0,1,19,20
LHCYSTINt;PPItm,0,1,19,20
LHCYSTINt;RDH1,0,1,19,20
LHCYSTINt;RDH1a,0,1,19,20
LNLNCGCOAtr;PPA,5,1,14,20
LNLNCGCOAtx;PPA,5,1,14,20
LPASE;SMPD3g,1,0,18,21
LPASE;SMPDE,0,1,19,20
LPASE;SPHMYLNtg,1,0,18,21
LPCHOLt4;SMPD3g,1,0,18,21
LPCHOLt4;SPHMYLNtg,1,0,18,21
LPS3m;THFtm,0,1,19,20
LSTO2r;ACITLn,0,1,19,20
LSTO2r;ADPtn,0,1,19,20
LSTO2r;CITtn,0,1,19,20
LSTO2r;MDH,0,1,19,20
LSTO2r;OAAtn,0,1,19,20
LSTO2r;P45011A1m,0,1,19,20
LSTO2r;PCm,0,1,19,20
LSTO2r;PItn,0,1,19,20
LSTO2r;PPItm,0,1,19,20
LSTO2r;PRGNLONEtm,0,1,19,20
LSTO2r;PRGSTRNt,0,1,19,20
LSTO2r;PYRt2m,0,1,19,20
LYSCITRt2m;ACITLn,0,1,19,20
LYSCITRt2m;ADPtn,0,1,19,20
LYSCITRt2m;CITtn,0,1,19,20
LYSCITRt2m;OAAtn,0,1,19,20
LYSCITRt2m;OROTGLUt,0,1,19,20
LYSCITRt2m;OROTte,0,1,19,20
LYSCITRt2m;OXALSUCCCLm,0,1,19,20
LYSCITRt2m;PItn,0,1,19,20
LYSCITRtm;ACITLn,0,1,19,20
LYSCITRtm;ADPtn,0,1,19,20
LYSCITRtm;CITtn,0,1,19,20
LYSCITRtm;OAAtn,0,1,19,20
LYSCITRtm;OROTGLUt,0,1,19,20
LYSCITRtm;OROTte,0,1,19,20
LYSCITRtm;OXALSUCCCLm,0,1,19,20
LYSCITRtm;PItn,0,1,19,20
L_LACt2r;NADH2_u10m,0,2,19,19
L_LACt2r;PYRt2r,0,1,19,20
L_LACt2r;RDH1,0,1,19,20
L_LACt2r;THFtm,0,2,19,19
L_LACt4r;METDECARc,1,0,18,21
L_LACt4r;METTRANSc,1,0,18,21
M13N4T2g;M13N4Tg,3,0,16,21
M13N4T2g;M16N6Tg,3,0,16,21
M13N4Tg;M16N6T2g,3,0,16,21
M16N6T2g;M16N6Tg,3,0,16,21
MAL_Lte;ACITLn,0,3,19,18
MAL_Lte;ADPtn,0,3,19,18
MAL_Lte;CITtn,0,3,19,18
MAL_Lte;MDHm,1,1,18,20
MAL_Lte;ME1m,0,1,19,20
MAL_Lte;ME2m,0,2,19,19
MAL_Lte;NADH2_u10m,0,2,19,19
MAL_Lte;OAADC,0,3,19,18
MAL_Lte;OAAtn,0,3,19,18
MAL_Lte;PCm,0,2,19,19
MAL_Lte;PDHa,0,1,19,20
MAL_Lte;PDHbr,0,1,19,20
MAL_Lte;PIMALtm,0,1,19,20
MAL_Lte;PItn,0,2,19,19
MAL_Lte;PPItm,0,2,19,19
MAL_Lte;PYRtm,1,0,18,21
MAL_Lte;SO4AKGtm,0,1,19,20
MAL_Lte;SO4MALtm,0,1,19,20
MAL_Lte;THFtm,0,1,19,20
MAL_Lte;TRPO2,1,0,18,21
MDH;ARTFR52,0,2,19,19
MDH;PVD3,0,1,19,20
MDH;RTOT5,0,2,19,19
MDH;TECR180,0,1,19,20
MDH;TECR200,0,2,19,19
MDH;TECR220,0,2,19,19
MDH;TECR240,0,2,19,19
MDH;TECR260,0,2,19,19
MDH;THRA,0,1,19,20
MDH;VD3,0,1,19,20
MDH;VITD3Hm,0,1,19,20
MDH;VITD3tm,0,1,19,20
MDHm;ARTFR52,0,1,19,20
MDHm;RTOT5,0,1,19,20
MDHm;TECR180,0,1,19,20
MDHm;TECR200,0,1,19,20
MDHm;TECR220,0,1,19,20
MDHm;TECR240,0,1,19,20
MDHm;TECR260,0,1,19,20
ME2m;ARTFR52,0,1,19,20
ME2m;PIt2m_2,0,1,19,20
ME2m;RTOT3,0,1,19,20
ME2m;RTOT4,0,1,19,20
ME2m;RTOT5,0,1,19,20
ME2m;TECR200,0,1,19,20
ME2m;TECR220,0,1,19,20
ME2m;TECR240,0,1,19,20
ME2m;TECR260,0,1,19,20
MEOHt2;ARTFR52,2,0,17,21
MEOHt2;PAPStg,1,0,18,21
MEOHt2;PAPtg,1,0,18,21
MEOHt2;PGMT,1,0,18,21
MEOHt2;RTOT5,2,0,17,21
MEOHt2;SADT,1,0,18,21
MEOHt2;SGALSIDEtg,1,0,18,21
MEOHt2;SGALSIDEtl,1,0,18,21
MEOHt2;SO4tl,1,0,18,21
MEOHt2;TECR180,2,0,17,21
MEOHt2;TECR200,2,0,17,21
MEOHt2;TECR220,2,0,17,21
MEOHt2;TECR240,2,0,17,21
MEOHt2;TECR260,2,0,17,21
MEOHt2;THRA,1,1,18,20
MEOHt2;UAGDP,1,0,18,21
MEOHt2;UDPGD,1,0,18,21
MEOHt2;UROLACer,1,0,18,21
METAT;ARTFR52,2,0,17,21
METAT;PAPStg,1,0,18,21
METAT;PAPtg,1,0,18,21
METAT;PGMT,1,0,18,21
METAT;PPAm,0,1,19,20
METAT;PPItm,0,1,19,20
METAT;RDH1,0,1,19,20
METAT;RDH1a,0,1,19,20
METAT;RTOT5,2,0,17,21
METAT;SADT,1,0,18,21
METAT;SGALSIDEtg,1,0,18,21
METAT;SGALSIDEtl,1,0,18,21
METAT;SO4tl,1,0,18,21
METAT;TECR180,2,0,17,21
METAT;TECR200,2,0,17,21
METAT;TECR220,2,0,17,21
METAT;TECR240,2,0,17,21
METAT;TECR260,2,0,17,21
METAT;UAGDP,1,0,18,21
METAT;UDPGD,1,0,18,21
METAT;UROLACer,1,0,18,21
METDECARc;PPA,1,0,18,21
METDECARc;PYRBUTte,1,0,18,21
METTRANSc;PPA,1,0,18,21
METTRANSc;PYRBUTte,1,0,18,21
MTHFC;ARTFR56,1,0,18,21
MTHFC;MTHFCm,0,1,19,20
MTHFC;MTHFDm,0,1,19,20
MTHFC;NADHtpu,1,0,18,21
MTHFC;NADtx,1,0,18,21
MTHFC;NDP7g,1,0,18,21
MTHFC;NRVNCCOAtr,1,0,18,21
MTHFC;NRVNCCOAtxc,1,0,18,21
MTHFC;O2tp,1,0,18,21
MTHFC;PAPStg,1,0,18,21
MTHFC;PAPtg,1,0,18,21
MTHFC;PGMT,1,0,18,21
MTHFC;PItg,1,0,18,21
MTHFC;SERTm,0,1,19,20
MTHFC;TECR201,1,0,18,21
MTHFC;TECR221,1,0,18,21
MTHFC;TECR224,1,0,18,21
MTHFC;TECR241,1,0,18,21
MTHFC;TECR244,1,0,18,21
MTHFC;THFtm,0,1,19,20
MTHFC;TTCTECOAtr,1,0,18,21
MTHFC;UDPG4E,1,0,18,21
MTHFC;UDPGALtg,1,0,18,21
MTHFC;UGALCG,1,0,18,21
MTHFCm;MTHFD2,0,1,19,20
MTHFCm;THFtm,0,1,19,20
MTHFD2;ARTFR56,1,0,18,21
MTHFD2;MTHFDm,0,1,19,20
MTHFD2;NADHtpu,1,0,18,21
MTHFD2;NADtx,1,0,18,21
MTHFD2;NDP7g,1,0,18,21
MTHFD2;NRVNCCOAtr,1,0,18,21
MTHFD2;NRVNCCOAtxc,1,0,18,21
MTHFD2;O2tp,1,0,18,21
MTHFD2;PAPStg,1,0,18,21
MTHFD2;PAPtg,1,0,18,21
MTHFD2;PGMT,1,0,18,21
MTHFD2;PItg,1,0,18,21
MTHFD2;SERTm,0,1,19,20
MTHFD2;TECR201,1,0,18,21
MTHFD2;TECR221,1,0,18,21
MTHFD2;TECR224,1,0,18,21
MTHFD2;TECR241,1,0,18,21
MTHFD2;TECR244,1,0,18,21
MTHFD2;THFtm,0,1,19,20
MTHFD2;TTCTECOAtr,1,0,18,21
MTHFD2;UDPG4E,1,0,18,21
MTHFD2;UDPGALtg,1,0,18,21
MTHFD2;UGALCG,1,0,18,21
MTHFDm;THFtm,0,1,19,20
MTHFR3x;RDH1,1,0,18,21
MTHFR3x;RDH1a,1,0,18,21
MTHFR3x;THFt2,1,0,18,21
N4Tg;PFK2,0,1,19,20
N4Tg;TALA,0,1,19,20
NADH2_u10m;ARTFR52,0,3,19,18
NADH2_u10m;NAHCO3_HCLt,1,0,18,21
NADH2_u10m;NAIt,1,0,18,21
NADH2_u10m;NAt,3,0,16,21
NADH2_u10m;NH4tm,0,2,19,19
NADH2_u10m;PFK2,0,1,19,20
NADH2_u10m;PGAM1_PhosHydro,2,0,17,21
NADH2_u10m;PIMALtm,0,2,19,19
NADH2_u10m;PPA,0,2,19,19
NADH2_u10m;PPAm,0,1,19,20
NADH2_u10m;PPItm,0,1,19,20
NADH2_u10m;PRDX,1,0,18,21
NADH2_u10m;PROGLUtm,0,2,19,19
NADH2_u10m;PROtm,0,2,19,19
NADH2_u10m;PYK,0,3,19,18
NADH2_u10m;RDH1,0,1,19,20
NADH2_u10m;RDH1a,0,1,19,20
NADH2_u10m;RTOT5,0,3,19,18
NADH2_u10m;SADT,0,1,19,20
NADH2_u10m;SO3AKGtm,0,2,19,19
NADH2_u10m;SO3MALtm,0,2,19,19
NADH2_u10m;SO4CLtex,0,1,19,20
NADH2_u10m;TECR200,0,3,19,18
NADH2_u10m;TECR220,0,3,19,18
NADH2_u10m;TECR240,0,3,19,18
NADH2_u10m;TECR260,0,3,19,18
NADH2_u10m;THFt2,0,1,19,20
NADH2_u10m;THFtm,2,10,17,11
NADH2_u10m;THRt4,0,1,19,20
NADH2_u10m;THYPX,0,1,19,20
NADH2_u10m;THYRIDHD,0,1,19,20
NADH2_u10m;THYST,0,1,19,20
NADH2_u10m;TYROX,0,1,19,20
NADH2_u10m;TYRTA,0,1,19,20
NADHtpu;ARTFR43,1,0,18,21
NADHtpu;OCTD11ECOAtr,1,0,18,21
NADHtpu;PIMALtm,1,0,18,21
NADHtpu;PPA,2,0,17,21
NADHtpu;PROGLUtm,1,0,18,21
NADHtpu;PROtm,1,0,18,21
NADHtpu;RTOT3,4,0,15,21
NADHtpu;RTOT4,2,0,17,21
NADHtpu;SO3AKGtm,1,0,18,21
NADHtpu;SO3MALtm,1,0,18,21
NADHtpu;TECR181,1,0,18,21
NADHtru;SADT,0,1,19,20
NADHtru;SO4HCOtex,0,1,19,20
NADHtru;THYPX,0,1,19,20
NADHtru;THYRIDHD,0,1,19,20
NADHtru;THYST,0,1,19,20
NADtru;SADT,0,1,19,20
NADtru;SO4HCOtex,0,1,19,20
NADtru;THYPX,0,1,19,20
NADtru;THYRIDHD,0,1,19,20
NADtru;THYST,0,1,19,20
NADtx;ARTFR43,1,0,18,21
NADtx;OCTD11ECOAtr,1,0,18,21
NADtx;PIMALtm,1,0,18,21
NADtx;PPA,2,0,17,21
NADtx;PROGLUtm,1,0,18,21
NADtx;PROtm,1,0,18,21
NADtx;RTOT3,4,0,15,21
NADtx;RTOT4,2,0,17,21
NADtx;SO3AKGtm,1,0,18,21
NADtx;SO3MALtm,1,0,18,21
NADtx;TECR181,1,0,18,21
NAGA2ly;PFK2,0,1,19,20
NAGA2ly;TALA,0,1,19,20
NAGLCAly;PFK2,0,1,19,20
NAGLCAly;TALA,0,1,19,20
NAHCO3_HCLt;NAIt,1,0,18,21
NAHCO3_HCLt;OXAHCOtex,2,2,17,19
NAHCO3_HCLt;PGI,1,0,18,21
NAHCO3_HCLt;SADT,1,1,18,20
NAHCO3_HCLt;SO4CLtex,1,0,18,21
NAHCO3_HCLt;THFtm,1,0,18,21
NAHCO3_HCLt;THYPX,1,0,18,21
NAHCO3_HCLt;THYRIDHD,1,0,18,21
NAHCO3_HCLt;THYST,1,0,18,21
NAIt;NAt3_1,1,0,18,21
NAIt;PPA,1,0,18,21
NAIt;RTOT4,1,0,18,21
NAIt;SO4CLtex,2,0,17,21
NAIt;THFtm,1,0,18,21
NAt3_1;NAt5,1,0,18,21
NAt3_1;PFK,0,1,19,20
NAt3_1;PGI,0,1,19,20
NAt3_1;THYPX,1,0,18,21
NAt3_1;THYRIDHD,1,0,18,21
NAt3_1;THYST,1,0,18,21
NAt5;NCKt,1,0,18,21
NAt5;NCNt,1,0,18,21
NAt;NAt3_1,1,0,18,21
NAt;PIt2m_2,2,0,17,21
NAt;THFtm,3,0,16,21
NCKt;NDP7g,1,1,18,20
NCKt;PAPStg,1,1,18,20
NCKt;PAPtg,1,1,18,20
NCKt;PGMT,1,1,18,20
NCKt;PIMALtm,0,1,19,20
NCKt;PItg,1,1,18,20
NCKt;PPA,0,1,19,20
NCKt;PPAm,0,1,19,20
NCKt;PPItm,0,1,19,20
NCKt;PROGLUtm,0,1,19,20
NCKt;PROtm,0,1,19,20
NCKt;SADT,1,1,18,20
NCKt;SO3AKGtm,0,1,19,20
NCKt;SO3MALtm,0,1,19,20
NCKt;SO4CLtex,1,1,18,20
NCKt;UDPG4E,1,1,18,20
NCKt;UDPGALtg,1,1,18,20
NCKt;UGALCG,1,1,18,20
NCNt;NDP7g,1,1,18,20
NCNt;PAPStg,1,1,18,20
NCNt;PAPtg,1,1,18,20
NCNt;PGMT,1,1,18,20
NCNt;PIMALtm,0,1,19,20
NCNt;PItg,1,1,18,20
NCNt;PPA,0,1,19,20
NCNt;PPAm,0,1,19,20
NCNt;PPItm,0,1,19,20
NCNt;PROGLUtm,0,1,19,20
NCNt;PROtm,0,1,19,20
NCNt;SADT,1,1,18,20
NCNt;SO3AKGtm,0,1,19,20
NCNt;SO3MALtm,0,1,19,20
NCNt;SO4CLtex,1,1,18,20
NCNt;UDPG4E,1,1,18,20
NCNt;UDPGALtg,1,1,18,20
NCNt;UGALCG,1,1,18,20
NDP6;THRA,1,0,18,21
NDP7g;NH4t3r,1,0,18,21
NDP7g;PFK2,0,1,19,20
NDP7g;PGAM1_PhosHydro,1,0,18,21
NDP7g;TALA,0,1,19,20
NDP7g;THYPX,0,1,19,20
NDP7g;THYRIDHD,0,1,19,20
NDP7g;THYST,0,1,19,20
NDP7g;TYRDOPO,0,1,19,20
NH4t3r;PAPStg,1,0,18,21
NH4t3r;PAPtg,1,0,18,21
NH4t3r;PGMT,1,0,18,21
NH4t3r;PItg,1,0,18,21
NH4t3r;SADT,1,0,18,21
NH4t3r;SO4CLtex,1,0,18,21
NH4t3r;UDPG4E,1,0,18,21
NH4t3r;UDPGALtg,1,0,18,21
NH4t3r;UGALCG,1,0,18,21
NH4tm;ARTFR43,1,0,18,21
NH4tm;OCTD11ECOAtr,1,0,18,21
NH4tm;PIGTHRDLtm,0,1,19,20
NH4tm;PIMALtm,1,2,18,19
NH4tm;PPA,0,2,19,19
NH4tm;PPAm,1,2,18,19
NH4tm;PPItm,1,2,18,19
NH4tm;PROGLUtm,1,2,18,19
NH4tm;PROtm,1,2,18,19
NH4tm;RDH1,0,1,19,20
NH4tm;RDH1a,0,1,19,20
NH4tm;RTOT4,1,0,18,21
NH4tm;SADT,0,1,19,20
NH4tm;SO3AKGtm,1,2,18,19
NH4tm;SO3MALtm,1,2,18,19
NH4tm;SO4CLtex,0,1,19,20
NH4tm;TECR181,1,0,18,21
NH4tm;THFtm,0,1,19,20
NH4tm;THR3Dx,1,0,18,21
NH4tm;THYPX,0,1,19,20
NH4tm;THYRIDHD,0,1,19,20
NH4tm;THYST,0,1,19,20
NH4tm;TYROX,0,1,19,20
NH4tm;TYRTA,0,1,19,20
NH4tp;ARTFR56,1,0,18,21
NH4tp;NRVNCCOAtr,1,0,18,21
NH4tp;NRVNCCOAtxc,1,0,18,21
NH4tp;PPA,1,0,18,21
NH4tp;PRISTANALtx,1,0,18,21
NH4tp;PRISTtx,1,0,18,21
NH4tp;TECR201,1,0,18,21
NH4tp;TECR221,1,0,18,21
NH4tp;TECR224,1,0,18,21
NH4tp;TECR241,1,0,18,21
NH4tp;TECR244,1,0,18,21
NH4tp;TTCTECOAtr,1,0,18,21
NQO2;PGAM1_PhosHydro,1,0,18,21
NRVNCCOAtr;ARTFR43,2,3,17,18
NRVNCCOAtr;ARTFR52,0,1,19,20
NRVNCCOAtr;OCTD11ECOAtr,2,3,17,18
NRVNCCOAtr;PIMALtm,1,0,18,21
NRVNCCOAtr;PPM,1,0,18,21
NRVNCCOAtr;PPM2,1,0,18,21
NRVNCCOAtr;PROGLUtm,2,0,17,21
NRVNCCOAtr;PROtm,2,0,17,21
NRVNCCOAtr;PYNP2r,1,0,18,21
NRVNCCOAtr;RTOT3,7,2,12,19
NRVNCCOAtr;RTOT4,5,4,14,17
NRVNCCOAtr;RTOT5,0,1,19,20
NRVNCCOAtr;SO3AKGtm,1,0,18,21
NRVNCCOAtr;SO3MALtm,1,0,18,21
NRVNCCOAtr;TECR181,2,3,17,18
NRVNCCOAtr;TECR200,0,1,19,20
NRVNCCOAtr;TECR220,0,1,19,20
NRVNCCOAtr;TECR240,0,1,19,20
NRVNCCOAtr;TECR260,0,1,19,20
NRVNCCOAtr;TRDOXtm,1,0,18,21
NRVNCCOAtr;TRDRDtm,1,0,18,21
NRVNCCOAtr;TRDRm,1,0,18,21
NRVNCCOAtr;URIK2,1,0,18,21
NRVNCCOAtxc;ARTFR43,2,0,17,21
NRVNCCOAtxc;OCTD11ECOAtr,2,0,17,21
NRVNCCOAtxc;PIMALtm,1,0,18,21
NRVNCCOAtxc;PPM,1,0,18,21
NRVNCCOAtxc;PPM2,1,0,18,21
NRVNCCOAtxc;PROGLUtm,2,0,17,21
NRVNCCOAtxc;PROtm,2,0,17,21
NRVNCCOAtxc;PYNP2r,1,0,18,21
NRVNCCOAtxc;RTOT3,7,2,12,19
NRVNCCOAtxc;RTOT4,5,4,14,17
NRVNCCOAtxc;SO3AKGtm,1,0,18,21
NRVNCCOAtxc;SO3MALtm,1,0,18,21
NRVNCCOAtxc;TECR181,2,0,17,21
NRVNCCOAtxc;TRDOXtm,1,0,18,21
NRVNCCOAtxc;TRDRDtm,1,0,18,21
NRVNCCOAtxc;TRDRm,1,0,18,21
NRVNCCOAtxc;URIK2,1,0,18,21
NTD3;THRA,1,0,18,21
NTD7;PGAM1_PhosHydro,0,1,19,20
NTD7;PYK,0,1,19,20
O2tm;PAPStg,0,1,19,20
O2tm;PAPtg,0,1,19,20
O2tm;PGMT,0,1,19,20
O2tm;SADT,0,1,19,20
O2tm;SGALSIDEtg,0,1,19,20
O2tm;SGALSIDEtl,0,1,19,20
O2tm;SO4tl,0,1,19,20
O2tm;UAGDP,0,1,19,20
O2tm;UDPGD,0,1,19,20
O2tm;UROLACer,0,1,19,20
O2tn;PPAm,0,1,19,20
O2tn;PPItm,0,1,19,20
O2tn;RDH1,0,1,19,20
O2tn;RDH1a,0,1,19,20
O2tn;THRA,1,1,18,20
O2tp;ARTFR43,2,0,17,21
O2tp;ARTFR52,1,0,18,21
O2tp;OCTD11ECOAtr,2,0,17,21
O2tp;PIMALtm,1,0,18,21
O2tp;PPA,5,1,14,20
O2tp;PPM,1,0,18,21
O2tp;PPM2,1,0,18,21
O2tp;PROGLUtm,1,0,18,21
O2tp;PROtm,1,0,18,21
O2tp;PYNP2r,1,0,18,21
O2tp;RTOT3,6,2,13,19
O2tp;RTOT4,4,4,15,17
O2tp;RTOT5,1,0,18,21
O2tp;SO3AKGtm,1,0,18,21
O2tp;SO3MALtm,1,0,18,21
O2tp;TECR180,1,0,18,21
O2tp;TECR181,2,0,17,21
O2tp;TECR200,1,0,18,21
O2tp;TECR220,1,0,18,21
O2tp;TECR240,1,0,18,21
O2tp;TECR260,1,0,18,21
O2tp;TRDOXtm,1,0,18,21
O2tp;TRDRDtm,1,0,18,21
O2tp;TRDRm,1,0,18,21
O2tp;URIK2,1,0,18,21
OAADC;ARTFR52,0,1,19,20
OAADC;PIt2m_2,0,1,19,20
OAADC;RTOT5,0,1,19,20
OAADC;TECR200,0,1,19,20
OAADC;TECR220,0,1,19,20
OAADC;TECR240,0,1,19,20
OAADC;TECR260,0,1,19,20
OCTD11ECOAtr;ARTFR45,0,1,19,20
OCTD11ECOAtr;ARTFR56,2,0,17,21
OCTD11ECOAtr;PRISTANALtx,1,0,18,21
OCTD11ECOAtr;PRISTtx,1,0,18,21
OCTD11ECOAtr;RTOT5,4,0,15,21
OCTD11ECOAtr;TECR180,6,1,13,20
OCTD11ECOAtr;TECR201,2,3,17,18
OCTD11ECOAtr;TECR221,2,3,17,18
OCTD11ECOAtr;TECR224,2,0,17,21
OCTD11ECOAtr;TECR241,2,3,17,18
OCTD11ECOAtr;TECR244,2,0,17,21
OCTD11ECOAtr;TTCTECOAtr,2,0,17,21
OROTGLUt;THRA,0,1,19,20
OROTte;THRA,0,1,19,20
OXAHCOtex;SO4CLtex,2,0,17,21
OXAHCOtex;SO4HCOtex,1,0,18,21
OXALSUCCCLm;THRA,0,1,19,20
P45011A1m;PVD3,0,1,19,20
P45011A1m;VD3,0,1,19,20
PAPStg;H3K36MET_1,1,0,18,21
PAPStg;H3K36MET_2,1,0,18,21
PAPStg;H3K36MET_3,1,0,18,21
PAPStg;H3K36_synthesis,1,0,18,21
PAPStg;LYStn,1,0,18,21
PAPStg;PFK2,0,2,19,19
PAPStg;PGAM1_PhosHydro,1,0,18,21
PAPStg;PYK,0,1,19,20
PAPStg;PYRt2r,0,1,19,20
PAPStg;RADH,0,1,19,20
PAPStg;RADH4,0,1,19,20
PAPStg;RAI3,0,1,19,20
PAPStg;RDH1,0,1,19,20
PAPStg;RDH4,0,1,19,20
PAPStg;RETI3,0,1,19,20
PAPStg;RTOT3,1,0,18,21
PAPStg;SARCOXp,1,0,18,21
PAPStg;SARCStm,1,0,18,21
PAPStg;SARCStp,1,0,18,21
PAPStg;SO4t4_3,1,0,18,21
PAPStg;TALA,0,1,19,20
PAPStg;THYPX,0,1,19,20
PAPStg;THYRIDHD,0,1,19,20
PAPStg;THYST,0,1,19,20
PAPStg;TYRDOPO,0,1,19,20
PAPStg;peplys_synthesis,1,0,18,21
PAPtg;H3K36MET_1,1,0,18,21
PAPtg;H3K36MET_2,1,0,18,21
PAPtg;H3K36MET_3,1,0,18,21
PAPtg;H3K36_synthesis,1,0,18,21
PAPtg;LYStn,1,0,18,21
PAPtg;PFK2,0,2,19,19
PAPtg;PGAM1_PhosHydro,1,0,18,21
PAPtg;PYK,0,1,19,20
PAPtg;PYRt2r,0,1,19,20
PAPtg;RADH,0,1,19,20
PAPtg;RADH4,0,1,19,20
PAPtg;RAI3,0,1,19,20
PAPtg;RDH1,0,1,19,20
PAPtg;RDH4,0,1,19,20
PAPtg;RETI3,0,1,19,20
PAPtg;RTOT3,1,0,18,21
PAPtg;SARCOXp,1,0,18,21
PAPtg;SARCStm,1,0,18,21
PAPtg;SARCStp,1,0,18,21
PAPtg;SO4t4_3,1,0,18,21
PAPtg;TALA,0,1,19,20
PAPtg;THYPX,0,1,19,20
PAPtg;THYRIDHD,0,1,19,20
PAPtg;THYST,0,1,19,20
PAPtg;TYRDOPO,0,1,19,20
PAPtg;peplys_synthesis,1,0,18,21
PCHOLHSTDe;SMPD3g,1,0,18,21
PCHOLHSTDe;SPHMYLNtg,1,0,18,21
PCm;ARTFR52,0,3,19,18
PCm;PIt2m_2,0,2,19,19
PCm;PVD3,0,1,19,20
PCm;RTOT5,0,3,19,18
PCm;TECR200,0,3,19,18
PCm;TECR220,0,3,19,18
PCm;TECR240,0,3,19,18
PCm;TECR260,0,3,19,18
PCm;THRA,0,1,19,20
PCm;VD3,0,1,19,20
PCm;VITD3Hm,0,1,19,20
PCm;VITD3tm,0,1,19,20
PDHa;PIMALtm,0,1,19,20
PDHa;RTOT3,0,1,19,20
PDHa;SO4AKGtm,0,1,19,20
PDHa;SO4MALtm,0,1,19,20
PDHa;THFtm,0,1,19,20
PDHbr;PIMALtm,0,1,19,20
PDHbr;RTOT3,0,1,19,20
PDHbr;SO4AKGtm,0,1,19,20
PDHbr;SO4MALtm,0,1,19,20
PDHbr;THFtm,0,1,19,20
PEMET1;THRA,1,1,18,20
PEMET2;THRA,1,1,18,20
PFK2;PGMT,0,2,19,19
PFK2;PIt2m_2,0,1,19,20
PFK2;PItg,0,1,19,20
PFK2;SADT,0,2,19,19
PFK2;SGALSIDEtg,0,2,19,19
PFK2;SGALSIDEtl,0,2,19,19
PFK2;SO4tl,0,2,19,19
PFK2;Ser/Thrtg,0,1,19,20
PFK2;THFtm,0,1,19,20
PFK2;UAGDP,0,2,19,19
PFK2;UDPACGALtl,0,1,19,20
PFK2;UDPG4E,0,1,19,20
PFK2;UDPGALtg,0,1,19,20
PFK2;UDPGD,0,1,19,20
PFK2;UDPtl,0,1,19,20
PFK2;UGALNACtg,0,1,19,20
PFK2;UGLCNACtg,0,1,19,20
PFK2;UROLACer,0,1,19,20
PFK;PFK_3,1,0,18,21
PFK;PGI,3,1,16,20
PFK;RPE,1,0,18,21
PFK;TKT1,1,0,18,21
PFK;TKT2,1,0,18,21
PFK_3;PGI,1,0,18,21
PGAM1_PhosHydro;PGMT,1,0,18,21
PGAM1_PhosHydro;PIt2m_2,2,0,17,21
PGAM1_PhosHydro;PItg,1,0,18,21
PGAM1_PhosHydro;PPA,2,0,17,21
PGAM1_PhosHydro;SADT,1,0,18,21
PGAM1_PhosHydro;THDm,1,0,18,21
PGAM1_PhosHydro;THFtm,2,0,17,21
PGAM1_PhosHydro;THRtm,1,0,18,21
PGAM1_PhosHydro;TPI,0,1,19,20
PGAM1_PhosHydro;UDPG4E,1,0,18,21
PGAM1_PhosHydro;UDPGALtg,1,0,18,21
PGAM1_PhosHydro;UGALCG,1,0,18,21
PGAM1_PhosHydro;q10h2tc,1,0,18,21
PGAM1_PhosHydro;q10tm,1,0,18,21
PGI;PGL,1,0,18,21
PGI;PPA,1,0,18,21
PGI;RPE,2,0,17,21
PGI;TALA,2,1,17,20
PGI;TKT1,2,0,17,21
PGI;TKT2,2,0,17,21
PGL;RPE,1,0,18,21
PGL;TALA,1,0,18,21
PGL;TKT1,1,0,18,21
PGL;TKT2,1,0,18,21
PGM;TPI,0,1,19,20
PGMT;H3K36MET_1,1,0,18,21
PGMT;H3K36MET_2,1,0,18,21
PGMT;H3K36MET_3,1,0,18,21
PGMT;H3K36_synthesis,1,0,18,21
PGMT;LYStn,1,0,18,21
PGMT;PYK,0,1,19,20
PGMT;PYRt2r,0,1,19,20
PGMT;RADH,0,1,19,20
PGMT;RADH4,0,1,19,20
PGMT;RAI3,0,1,19,20
PGMT;RDH1,0,1,19,20
PGMT;RDH4,0,1,19,20
PGMT;RETI3,0,1,19,20
PGMT;RTOT3,1,0,18,21
PGMT;SARCOXp,1,0,18,21
PGMT;SARCStm,1,0,18,21
PGMT;SARCStp,1,0,18,21
PGMT;TALA,0,1,19,20
PGMT;THYPX,0,1,19,20
PGMT;THYRIDHD,0,1,19,20
PGMT;THYST,0,1,19,20
PGMT;TYRDOPO,0,1,19,20
PGMT;peplys_synthesis,1,0,18,21
PHETA1;PIMALtm,0,1,19,20
PHETA1;PROGLUtm,0,1,19,20
PHETA1;PROtm,0,1,19,20
PHETA1;SO3AKGtm,0,1,19,20
PHETA1;SO3MALtm,0,1,19,20
PHLAC;PIMALtm,0,1,19,20
PHLAC;PROGLUtm,0,1,19,20
PHLAC;PROtm,0,1,19,20
PHLAC;SO3AKGtm,0,1,19,20
PHLAC;SO3MALtm,0,1,19,20
PHLACHt;PIMALtm,0,1,19,20
PHLACHt;PROGLUtm,0,1,19,20
PHLACHt;PROtm,0,1,19,20
PHLACHt;SO3AKGtm,0,1,19,20
PHLACHt;SO3MALtm,0,1,19,20
PIGTHRDLtm;ARTFR52,0,1,19,20
PIGTHRDLtm;PIt2m_2,0,1,19,20
PIGTHRDLtm;PPAm,0,1,19,20
PIGTHRDLtm;PPItm,0,1,19,20
PIGTHRDLtm;RDH1,0,1,19,20
PIGTHRDLtm;RDH1a,0,1,19,20
PIGTHRDLtm;RTOT5,0,1,19,20
PIGTHRDLtm;TECR200,0,1,19,20
PIGTHRDLtm;TECR220,0,1,19,20
PIGTHRDLtm;TECR240,0,1,19,20
PIGTHRDLtm;TECR260,0,1,19,20
PIMALtm;ARTFR56,1,0,18,21
PIMALtm;PIt2m_2,0,1,19,20
PIMALtm;PPA,1,1,18,20
PIMALtm;SADT,0,1,19,20
PIMALtm;SO4CLtex,0,1,19,20
PIMALtm;TECR201,1,0,18,21
PIMALtm;TECR221,1,0,18,21
PIMALtm;TECR224,1,0,18,21
PIMALtm;TECR241,1,0,18,21
PIMALtm;TECR244,1,0,18,21
PIMALtm;THFtm,0,1,19,20
PIMALtm;THYPX,0,1,19,20
PIMALtm;THYRIDHD,0,1,19,20
PIMALtm;THYST,0,1,19,20
PIMALtm;TTCTECOAtr,1,0,18,21
PIMALtm;TYROX,0,1,19,20
PIMALtm;TYRTA,0,1,19,20
PIt2m_2;ACITLn,0,1,19,20
PIt2m_2;ADPtn,0,1,19,20
PIt2m_2;ARTFR52,0,1,19,20
PIt2m_2;CITtn,0,1,19,20
PIt2m_2;OAAtn,0,1,19,20
PIt2m_2;PItn,0,1,19,20
PIt2m_2;PPAm,2,1,17,20
PIt2m_2;PPItm,2,2,17,19
PIt2m_2;PROGLUtm,0,1,19,20
PIt2m_2;PROtm,0,1,19,20
PIt2m_2;RDH1,0,1,19,20
PIt2m_2;RDH1a,0,1,19,20
PIt2m_2;RTOT5,0,1,19,20
PIt2m_2;SO3AKGtm,0,1,19,20
PIt2m_2;SO3MALtm,0,1,19,20
PIt2m_2;TECR180,0,1,19,20
PIt2m_2;TECR200,0,1,19,20
PIt2m_2;TECR220,0,1,19,20
PIt2m_2;TECR240,0,1,19,20
PIt2m_2;TECR260,0,1,19,20
PIt2m_2;THDm,1,0,18,21
PIt2m_2;THFtm,4,3,15,18
PIt2m_2;THRtm,1,0,18,21
PIt2m_2;TRPO2,0,1,19,20
PIt7;PIt8,0,1,19,20
PItg;TALA,0,1,19,20
PItg;THYPX,0,1,19,20
PItg;THYRIDHD,0,1,19,20
PItg;THYST,0,1,19,20
PItg;TYRDOPO,0,1,19,20
PItn;ARTFR52,0,3,19,18
PItn;PVD3,0,1,19,20
PItn;RTOT5,0,3,19,18
PItn;TECR180,0,1,19,20
PItn;TECR200,0,3,19,18
PItn;TECR220,0,3,19,18
PItn;TECR240,0,3,19,18
PItn;TECR260,0,3,19,18
PItn;THRA,0,2,19,19
PItn;VD3,0,1,19,20
PItn;VITD3Hm,0,1,19,20
PItn;VITD3tm,0,1,19,20
PLA2_2e;SMPD3g,1,0,18,21
PLA2_2e;SPHMYLNtg,1,0,18,21
PLMCOAPTr;THRA,0,1,19,20
PLMCOAPTr;THRt4,0,1,19,20
PPA;PPAer,0,1,19,20
PPA;PPAm,2,2,17,19
PPA;PPIPItr,0,1,19,20
PPA;PPItm,2,2,17,19
PPA;PRISTANALtx,3,1,16,20
PPA;PRISTtx,3,1,16,20
PPA;PROGLUtm,2,1,17,20
PPA;PROtm,2,1,17,20
PPA;RDH1,1,1,18,20
PPA;RDH1a,1,1,18,20
PPA;SO3AKGtm,1,1,18,20
PPA;SO3MALtm,1,1,18,20
PPA;TALA,1,0,18,21
PPA;TECR2031,5,1,14,20
PPA;THFtm,0,1,19,20
PPA;THRGLYexR,0,1,19,20
PPA;THYPX,1,0,18,21
PPA;THYRIDHD,1,0,18,21
PPA;THYST,1,0,18,21
PPA;TRPO2,1,0,18,21
PPA;TYRDOPO,0,1,19,20
PPA;UROLACer,0,1,19,20
PPAer;PPIPItr,0,2,19,19
PPAer;SE10,0,2,19,19
PPAer;SOAT6,0,2,19,19
PPAm;PROGLUtm,1,0,18,21
PPAm;PROtm,1,0,18,21
PPAm;THFtm,1,1,18,20
PPIPItr;SE10,0,2,19,19
PPIPItr;SOAT6,0,2,19,19
PPItm;ARTFR52,0,2,19,19
PPItm;PROGLUtm,1,0,18,21
PPItm;PROtm,1,0,18,21
PPItm;PVD3,0,1,19,20
PPItm;RTOT5,0,2,19,19
PPItm;TECR180,0,1,19,20
PPItm;TECR200,0,2,19,19
PPItm;TECR220,0,2,19,19
PPItm;TECR240,0,2,19,19
PPItm;TECR260,0,2,19,19
PPItm;THFtm,1,1,18,20
PPItm;THRA,0,1,19,20
PPItm;VD3,0,1,19,20
PPItm;VITD3Hm,0,1,19,20
PPItm;VITD3tm,0,1,19,20
PPM2;ARTFR56,1,0,18,21
PPM2;PRISTANALtx,1,0,18,21
PPM2;PRISTtx,1,0,18,21
PPM2;TECR201,1,0,18,21
PPM2;TECR221,1,0,18,21
PPM2;TECR224,1,0,18,21
PPM2;TECR241,1,0,18,21
PPM2;TECR244,1,0,18,21
PPM2;THRA,3,1,16,20
PPM2;TTCTECOAtr,1,0,18,21
PPM;ARTFR56,1,0,18,21
PPM;PRISTANALtx,1,0,18,21
PPM;PRISTtx,1,0,18,21
PPM;TECR201,1,0,18,21
PPM;TECR221,1,0,18,21
PPM;TECR224,1,0,18,21
PPM;TECR241,1,0,18,21
PPM;TECR244,1,0,18,21
PPM;THRA,3,0,16,21
PPM;TTCTECOAtr,1,0,18,21
PRDX;THFtm,1,0,18,21
PRGNLONEtm;PVD3,0,1,19,20
PRGNLONEtm;VD3,0,1,19,20
PRGSTRNt;PVD3,0,1,19,20
PRGSTRNt;VD3,0,1,19,20
PRISTANALtx;ARTFR43,1,0,18,21
PRISTANALtx;PROGLUtm,1,0,18,21
PRISTANALtx;PROtm,1,0,18,21
PRISTANALtx;PYNP2r,1,0,18,21
PRISTANALtx;RTOT3,3,2,16,19
PRISTANALtx;RTOT4,3,4,16,17
PRISTANALtx;TECR181,1,0,18,21
PRISTANALtx;TRDOXtm,1,0,18,21
PRISTANALtx;TRDRDtm,1,0,18,21
PRISTANALtx;TRDRm,1,0,18,21
PRISTANALtx;URIK2,1,0,18,21
PRISTtx;ARTFR43,1,0,18,21
PRISTtx;PROGLUtm,1,0,18,21
PRISTtx;PROtm,1,0,18,21
PRISTtx;PYNP2r,1,0,18,21
PRISTtx;RTOT3,3,0,16,21
PRISTtx;RTOT4,3,0,16,21
PRISTtx;TECR181,1,0,18,21
PRISTtx;TRDOXtm,1,0,18,21
PRISTtx;TRDRDtm,1,0,18,21
PRISTtx;TRDRm,1,0,18,21
PRISTtx;URIK2,1,0,18,21
PROGLUtm;ARTFR56,2,0,17,21
PROGLUtm;RTOT4,0,1,19,20
PROGLUtm;SADT,0,1,19,20
PROGLUtm;SO4CLtex,0,1,19,20
PROGLUtm;TECR201,2,0,17,21
PROGLUtm;TECR221,2,0,17,21
PROGLUtm;TECR224,2,0,17,21
PROGLUtm;TECR241,2,0,17,21
PROGLUtm;TECR244,2,0,17,21
PROGLUtm;THR3Dx,1,0,18,21
PROGLUtm;THYPX,0,1,19,20
PROGLUtm;THYRIDHD,0,1,19,20
PROGLUtm;THYST,0,1,19,20
PROGLUtm;TTCTECOAtr,2,0,17,21
PROGLUtm;TYROX,0,1,19,20
PROGLUtm;TYRTA,0,1,19,20
PROt2r;PROt4,3,1,16,20
PROtm;ARTFR56,2,0,17,21
PROtm;RTOT4,0,1,19,20
PROtm;SADT,0,1,19,20
PROtm;SO4CLtex,0,1,19,20
PROtm;TECR201,2,0,17,21
PROtm;TECR221,2,0,17,21
PROtm;TECR224,2,0,17,21
PROtm;TECR241,2,0,17,21
PROtm;TECR244,2,0,17,21
PROtm;THR3Dx,1,0,18,21
PROtm;THYPX,0,1,19,20
PROtm;THYRIDHD,0,1,19,20
PROtm;THYST,0,1,19,20
PROtm;TTCTECOAtr,2,0,17,21
PROtm;TYROX,0,1,19,20
PROtm;TYRTA,0,1,19,20
PVD3;ACITLn,0,1,19,20
PVD3;ADPtn,0,1,19,20
PVD3;CITtn,0,1,19,20
PVD3;OAAtn,0,1,19,20
PVD3;PYRt2m,0,1,19,20
PYK;PYRt2r,0,1,19,20
PYK;RDH1,0,1,19,20
PYK;SERATB0tc,0,1,19,20
PYK;SGALSIDEtg,0,1,19,20
PYK;SGALSIDEtl,0,1,19,20
PYK;SO4tl,0,1,19,20
PYK;THFtm,0,3,19,18
PYK;THYPX,0,1,19,20
PYK;THYRIDHD,0,1,19,20
PYK;THYST,0,1,19,20
PYK;UAGDP,0,1,19,20
PYK;UDPGD,0,1,19,20
PYK;UROLACer,0,1,19,20
PYNP2r;ARTFR56,1,0,18,21
PYNP2r;TECR201,1,0,18,21
PYNP2r;TECR221,1,0,18,21
PYNP2r;TECR224,1,0,18,21
PYNP2r;TECR241,1,0,18,21
PYNP2r;TECR244,1,0,18,21
PYNP2r;THRA,3,0,16,21
PYNP2r;TTCTECOAtr,1,0,18,21
PYRt2m;THRA,0,1,19,20
PYRt2m;VD3,0,1,19,20
PYRt2m;VITD3Hm,0,1,19,20
PYRt2m;VITD3tm,0,1,19,20
PYRt2r;SADT,0,1,19,20
PYRt2r;SGALSIDEtg,0,1,19,20
PYRt2r;SGALSIDEtl,0,1,19,20
PYRt2r;SO4tl,0,1,19,20
PYRt2r;UAGDP,0,1,19,20
PYRt2r;UDPGD,0,1,19,20
PYRt2r;UROLACer,0,1,19,20
PYRt4_2;RDH3,0,1,19,20
PYRt4_2;RDH3a,0,1,19,20
PYRtm;RTOT4,0,1,19,20
RADH4;RDH1a,0,1,19,20
RADH4;SADT,0,1,19,20
RADH4;SGALSIDEtg,0,1,19,20
RADH4;SGALSIDEtl,0,1,19,20
RADH4;SO4tl,0,1,19,20
RADH4;UAGDP,0,1,19,20
RADH4;UDPGD,0,1,19,20
RADH4;UROLACer,0,1,19,20
RADH;RDH1a,0,1,19,20
RADH;SADT,0,1,19,20
RADH;SGALSIDEtg,0,1,19,20
RADH;SGALSIDEtl,0,1,19,20
RADH;SO4tl,0,1,19,20
RADH;UAGDP,0,1,19,20
RADH;UDPGD,0,1,19,20
RADH;UROLACer,0,1,19,20
RAI3;RDH1a,0,1,19,20
RAI3;SADT,0,1,19,20
RAI3;SGALSIDEtg,0,1,19,20
RAI3;SGALSIDEtl,0,1,19,20
RAI3;SO4tl,0,1,19,20
RAI3;UAGDP,0,1,19,20
RAI3;UDPGD,0,1,19,20
RAI3;UROLACer,0,1,19,20
RDH1;SADT,0,1,19,20
RDH1;SGALSIDEtg,0,1,19,20
RDH1;SGALSIDEtl,0,1,19,20
RDH1;SO4tl,0,1,19,20
RDH1;THBPT4ACAMDASE,1,0,18,21
RDH1;THRGLYexR,0,1,19,20
RDH1;TRPHYDRO2,1,0,18,21
RDH1;TYRDOPO,0,1,19,20
RDH1;UAGDP,0,1,19,20
RDH1;UDPGD,0,1,19,20
RDH1;UROLACer,0,1,19,20
RDH1a;RDH4,0,1,19,20
RDH1a;RETI3,0,1,19,20
RDH1a;THBPT4ACAMDASE,1,0,18,21
RDH1a;THRGLYexR,0,1,19,20
RDH1a;TRPHYDRO2,1,0,18,21
RDH1a;TYRDOPO,0,1,19,20
RDH4;SADT,0,1,19,20
RDH4;SGALSIDEtg,0,1,19,20
RDH4;SGALSIDEtl,0,1,19,20
RDH4;SO4tl,0,1,19,20
RDH4;UAGDP,0,1,19,20
RDH4;UDPGD,0,1,19,20
RDH4;UROLACer,0,1,19,20
RETI3;SADT,0,1,19,20
RETI3;SGALSIDEtg,0,1,19,20
RETI3;SGALSIDEtl,0,1,19,20
RETI3;SO4tl,0,1,19,20
RETI3;UAGDP,0,1,19,20
RETI3;UDPGD,0,1,19,20
RETI3;UROLACer,0,1,19,20
RTOT3;RTOT5,4,0,15,21
RTOT4;RTOT5,2,2,17,19
RTOT5;ACITLn,0,4,19,17
RTOT5;ADPtn,0,4,19,17
RTOT5;CITtn,0,4,19,17
RTOT5;H3K36MET_1,1,0,18,21
RTOT5;H3K36MET_2,1,0,18,21
RTOT5;H3K36MET_3,1,0,18,21
RTOT5;H3K36_synthesis,1,0,18,21
RTOT5;LYStn,1,0,18,21
RTOT5;OAAtn,0,4,19,17
RTOT5;peplys_synthesis,1,0,18,21
RTOTALCRNCPT1;THFtm,0,1,19,20
RTOTALCRNCPT2;THFtm,0,1,19,20
RTOTALCRNt;THFtm,0,1,19,20
Rtotalt;SMPD3g,1,0,18,21
Rtotalt;SPHMYLNtg,1,0,18,21
Rtotaltm;THFtm,0,1,19,20
SADT;H3K36MET_1,1,0,18,21
SADT;H3K36MET_2,1,0,18,21
SADT;H3K36MET_3,1,0,18,21
SADT;H3K36_synthesis,1,0,18,21
SADT;LYStn,1,0,18,21
SADT;RTOT3,1,0,18,21
SADT;SARCOXp,1,0,18,21
SADT;SARCStm,1,0,18,21
SADT;SARCStp,1,0,18,21
SADT;SO3AKGtm,0,1,19,20
SADT;SO3MALtm,0,1,19,20
SADT;SO4t4_3,1,0,18,21
SADT;TALA,0,1,19,20
SADT;TYRDOPO,0,1,19,20
SADT;peplys_synthesis,1,0,18,21
SARCOXp;ARTFR52,2,0,17,21
SARCOXp;RTOT5,2,0,17,21
SARCOXp;SGALSIDEtg,1,0,18,21
SARCOXp;SGALSIDEtl,1,0,18,21
SARCOXp;SO4tl,1,0,18,21
SARCOXp;TECR180,2,0,17,21
SARCOXp;TECR200,2,0,17,21
SARCOXp;TECR220,2,0,17,21
SARCOXp;TECR240,2,0,17,21
SARCOXp;TECR260,2,0,17,21
SARCOXp;UAGDP,1,0,18,21
SARCOXp;UDPGD,1,0,18,21
SARCOXp;UROLACer,1,0,18,21
SARCStm;ARTFR52,2,0,17,21
SARCStm;RTOT5,2,0,17,21
SARCStm;SGALSIDEtg,1,0,18,21
SARCStm;SGALSIDEtl,1,0,18,21
SARCStm;SO4tl,1,0,18,21
SARCStm;TECR180,2,0,17,21
SARCStm;TECR200,2,0,17,21
SARCStm;TECR220,2,0,17,21
SARCStm;TECR240,2,0,17,21
SARCStm;TECR260,2,0,17,21
SARCStm;UAGDP,1,0,18,21
SARCStm;UDPGD,1,0,18,21
SARCStm;UROLACer,1,0,18,21
SARCStp;ARTFR52,2,0,17,21
SARCStp;RTOT5,2,0,17,21
SARCStp;SGALSIDEtg,1,0,18,21
SARCStp;SGALSIDEtl,1,0,18,21
SARCStp;SO4tl,1,0,18,21
SARCStp;TECR180,2,0,17,21
SARCStp;TECR200,2,0,17,21
SARCStp;TECR220,2,0,17,21
SARCStp;TECR240,2,0,17,21
SARCStp;TECR260,2,0,17,21
SARCStp;UAGDP,1,0,18,21
SARCStp;UDPGD,1,0,18,21
SARCStp;UROLACer,1,0,18,21
SERATB0tc;SERt4,0,1,19,20
SERTm;THFtm,0,1,19,20
SERt4;THYPX,0,1,19,20
SERt4;THYRIDHD,0,1,19,20
SERt4;THYST,0,1,19,20
SGALSIDEtg;H3K36MET_1,1,0,18,21
SGALSIDEtg;H3K36MET_2,1,0,18,21
SGALSIDEtg;H3K36MET_3,1,0,18,21
SGALSIDEtg;H3K36_synthesis,1,0,18,21
SGALSIDEtg;LYStn,1,0,18,21
SGALSIDEtg;RTOT3,1,0,18,21
SGALSIDEtg;TALA,0,1,19,20
SGALSIDEtg;peplys_synthesis,1,0,18,21
SGALSIDEtl;H3K36MET_1,1,0,18,21
SGALSIDEtl;H3K36MET_2,1,0,18,21
SGALSIDEtl;H3K36MET_3,1,0,18,21
SGALSIDEtl;H3K36_synthesis,1,0,18,21
SGALSIDEtl;LYStn,1,0,18,21
SGALSIDEtl;RTOT3,1,0,18,21
SGALSIDEtl;TALA,0,1,19,20
SGALSIDEtl;peplys_synthesis,1,0,18,21
SMPD3g;R_group_phosphotase_1,1,0,18,21
SMPDE;R_group_phosphotase_1,0,1,19,20
SO3AKGtm;ARTFR56,1,0,18,21
SO3AKGtm;SO4CLtex,0,1,19,20
SO3AKGtm;TECR201,1,0,18,21
SO3AKGtm;TECR221,1,0,18,21
SO3AKGtm;TECR224,1,0,18,21
SO3AKGtm;TECR241,1,0,18,21
SO3AKGtm;TECR244,1,0,18,21
SO3AKGtm;THYPX,0,1,19,20
SO3AKGtm;THYRIDHD,0,1,19,20
SO3AKGtm;THYST,0,1,19,20
SO3AKGtm;TTCTECOAtr,1,0,18,21
SO3AKGtm;TYROX,0,1,19,20
SO3AKGtm;TYRTA,0,1,19,20
SO3MALtm;ARTFR56,1,0,18,21
SO3MALtm;SO4CLtex,0,1,19,20
SO3MALtm;TECR201,1,0,18,21
SO3MALtm;TECR221,1,0,18,21
SO3MALtm;TECR224,1,0,18,21
SO3MALtm;TECR241,1,0,18,21
SO3MALtm;TECR244,1,0,18,21
SO3MALtm;THYPX,0,1,19,20
SO3MALtm;THYRIDHD,0,1,19,20
SO3MALtm;THYST,0,1,19,20
SO3MALtm;TTCTECOAtr,1,0,18,21
SO3MALtm;TYROX,0,1,19,20
SO3MALtm;TYRTA,0,1,19,20
SO4AKGtm;THFtm,0,1,19,20
SO4CLtex;SO4OXAtex2,2,0,17,21
SO4CLtex;THYPX,2,0,17,21
SO4CLtex;THYRIDHD,2,0,17,21
SO4CLtex;THYST,2,0,17,21
SO4MALtm;THFtm,0,1,19,20
SO4t4_3;TYRDOPO,0,1,19,20
SO4t4_3;UDPG4E,1,0,18,21
SO4t4_3;UDPGALtg,1,0,18,21
SO4t4_3;UGALCG,1,0,18,21
SO4tl;H3K36MET_1,1,0,18,21
SO4tl;H3K36MET_2,1,0,18,21
SO4tl;H3K36MET_3,1,0,18,21
SO4tl;H3K36_synthesis,1,0,18,21
SO4tl;LYStn,1,0,18,21
SO4tl;RTOT3,1,0,18,21
SO4tl;TALA,0,1,19,20
SO4tl;peplys_synthesis,1,0,18,21
SPHMYLNtg;R_group_phosphotase_1,1,0,18,21
Ser/Thrtg;TALA,0,1,19,20
TALA;UAGDP,0,1,19,20
TALA;UDPACGALtl,0,1,19,20
TALA;UDPG4E,0,1,19,20
TALA;UDPGALtg,0,1,19,20
TALA;UDPtl,0,1,19,20
TALA;UGALNACtg,0,1,19,20
TALA;UGLCNACtg,0,1,19,20
TECR180;ACITLn,0,1,19,20
TECR180;ADPtn,0,1,19,20
TECR180;ARTFR33,4,0,15,21
TECR180;ARTFR43,2,1,17,20
TECR180;CITtn,0,1,19,20
TECR180;H3K36MET_1,1,0,18,21
TECR180;H3K36MET_2,1,0,18,21
TECR180;H3K36MET_3,1,0,18,21
TECR180;H3K36_synthesis,1,0,18,21
TECR180;LYStn,1,0,18,21
TECR180;OAAtn,0,1,19,20
TECR180;RTOT3,4,0,15,21
TECR180;RTOT4,2,1,17,20
TECR180;TECR181,6,1,13,20
TECR180;peplys_synthesis,1,0,18,21
TECR181;ARTFR45,0,1,19,20
TECR181;ARTFR56,2,0,17,21
TECR181;RTOT5,4,0,15,21
TECR181;TECR201,2,3,17,18
TECR181;TECR221,2,3,17,18
TECR181;TECR224,2,0,17,21
TECR181;TECR241,2,3,17,18
TECR181;TECR244,2,0,17,21
TECR181;TTCTECOAtr,2,0,17,21
TECR200;ACITLn,0,4,19,17
TECR200;ADPtn,0,4,19,17
TECR200;ARTFR45,0,1,19,20
TECR200;CITtn,0,4,19,17
TECR200;H3K36MET_1,1,0,18,21
TECR200;H3K36MET_2,1,0,18,21
TECR200;H3K36MET_3,1,0,18,21
TECR200;H3K36_synthesis,1,0,18,21
TECR200;LYStn,1,0,18,21
TECR200;OAAtn,0,4,19,17
TECR200;RTOT4,0,1,19,20
TECR200;TECR201,0,1,19,20
TECR200;TECR221,0,1,19,20
TECR200;TECR241,0,1,19,20
TECR200;peplys_synthesis,1,0,18,21
TECR201;ARTFR43,2,3,17,18
TECR201;ARTFR52,0,1,19,20
TECR201;RTOT3,7,2,12,19
TECR201;RTOT4,5,4,14,17
TECR201;RTOT5,0,1,19,20
TECR201;TECR220,0,1,19,20
TECR201;TECR240,0,1,19,20
TECR201;TECR260,0,1,19,20
TECR201;TRDOXtm,1,0,18,21
TECR201;TRDRDtm,1,0,18,21
TECR201;TRDRm,1,0,18,21
TECR201;URIK2,1,0,18,21
TECR220;ACITLn,0,4,19,17
TECR220;ADPtn,0,4,19,17
TECR220;ARTFR45,0,1,19,20
TECR220;CITtn,0,4,19,17
TECR220;H3K36MET_1,1,0,18,21
TECR220;H3K36MET_2,1,0,18,21
TECR220;H3K36MET_3,1,0,18,21
TECR220;H3K36_synthesis,1,0,18,21
TECR220;LYStn,1,0,18,21
TECR220;OAAtn,0,4,19,17
TECR220;RTOT4,0,1,19,20
TECR220;TECR221,0,1,19,20
TECR220;TECR241,0,1,19,20
TECR220;peplys_synthesis,1,0,18,21
TECR221;ARTFR43,2,3,17,18
TECR221;ARTFR52,0,1,19,20
TECR221;RTOT3,7,2,12,19
TECR221;RTOT4,5,4,14,17
TECR221;RTOT5,0,1,19,20
TECR221;TECR240,0,1,19,20
TECR221;TECR260,0,1,19,20
TECR221;TRDOXtm,1,0,18,21
TECR221;TRDRDtm,1,0,18,21
TECR221;TRDRm,1,0,18,21
TECR221;URIK2,1,0,18,21
TECR224;ARTFR43,2,0,17,21
TECR224;RTOT3,7,2,12,19
TECR224;RTOT4,5,4,14,17
TECR224;TRDOXtm,1,0,18,21
TECR224;TRDRDtm,1,0,18,21
TECR224;TRDRm,1,0,18,21
TECR224;URIK2,1,0,18,21
TECR240;ACITLn,0,4,19,17
TECR240;ADPtn,0,4,19,17
TECR240;ARTFR45,0,1,19,20
TECR240;CITtn,0,4,19,17
TECR240;H3K36MET_1,1,0,18,21
TECR240;H3K36MET_2,1,0,18,21
TECR240;H3K36MET_3,1,0,18,21
TECR240;H3K36_synthesis,1,0,18,21
TECR240;LYStn,1,0,18,21
TECR240;OAAtn,0,4,19,17
TECR240;RTOT4,0,1,19,20
TECR240;TECR241,0,1,19,20
TECR240;peplys_synthesis,1,0,18,21
TECR241;ARTFR43,2,3,17,18
TECR241;ARTFR52,0,1,19,20
TECR241;RTOT3,7,2,12,19
TECR241;RTOT4,5,4,14,17
TECR241;RTOT5,0,1,19,20
TECR241;TECR260,0,1,19,20
TECR241;TRDOXtm,1,0,18,21
TECR241;TRDRDtm,1,0,18,21
TECR241;TRDRm,1,0,18,21
TECR241;URIK2,1,0,18,21
TECR244;ARTFR43,2,0,17,21
TECR244;RTOT3,7,2,12,19
TECR244;RTOT4,5,4,14,17
TECR244;TRDOXtm,1,0,18,21
TECR244;TRDRDtm,1,0,18,21
TECR244;TRDRm,1,0,18,21
TECR244;URIK2,1,0,18,21
TECR260;ACITLn,0,4,19,17
TECR260;ADPtn,0,4,19,17
TECR260;ARTFR45,0,1,19,20
TECR260;CITtn,0,4,19,17
TECR260;H3K36MET_1,1,0,18,21
TECR260;H3K36MET_2,1,0,18,21
TECR260;H3K36MET_3,1,0,18,21
TECR260;H3K36_synthesis,1,0,18,21
TECR260;LYStn,1,0,18,21
TECR260;OAAtn,0,4,19,17
TECR260;RTOT4,0,1,19,20
TECR260;peplys_synthesis,1,0,18,21
THBPT4ACAMDASE;THFt2,1,0,18,21
THD1m;RTOT3,1,0,18,21
THDm;THR3Dx,3,0,16,21
THDm;THRA,1,0,18,21
THFt2;TRPHYDRO2,1,0,18,21
THFtm;RTOT3,1,1,18,20
THFtm;R_group_phosphotase_1,0,1,19,20
THR3Dx;THRtm,3,0,16,21
THRA;ACITLn,0,2,19,19
THRA;ADPtn,0,2,19,19
THRA;ARTFR12,0,1,19,20
THRA;CITtn,0,2,19,19
THRA;OAAtn,0,2,19,19
THRA;THRtm,1,0,18,21
THRA;URIK2,3,0,16,21
THRA;URPT,0,1,19,20
THRCYSNaEx;THRt4,0,2,19,19
THRGLYexR;TYRDOPO,0,1,19,20
THRt4;ARTFR12,0,1,19,20
THYPX;RTOT4,1,0,18,21
THYPX;UDPG4E,0,1,19,20
THYPX;UDPGALtg,0,1,19,20
THYPX;UGALCG,0,1,19,20
THYRIDHD;RTOT4,1,0,18,21
THYRIDHD;UDPG4E,0,1,19,20
THYRIDHD;UDPGALtg,0,1,19,20
THYRIDHD;UGALCG,0,1,19,20
THYST;RTOT4,1,0,18,21
THYST;UDPG4E,0,1,19,20
THYST;UDPGALtg,0,1,19,20
THYST;UGALCG,0,1,19,20
TRDOXtm;ARTFR56,1,0,18,21
TRDOXtm;TRDR,1,0,18,21
TRDOXtm;TTCTECOAtr,1,0,18,21
TRDR;TRDRDtm,1,0,18,21
TRDR;TRDRm,1,0,18,21
TRDRDtm;ARTFR56,1,0,18,21
TRDRDtm;TTCTECOAtr,1,0,18,21
TRDRm;ARTFR56,1,0,18,21
TRDRm;TTCTECOAtr,1,0,18,21
TTCTECOAtr;ARTFR43,2,0,17,21
TTCTECOAtr;RTOT3,7,2,12,19
TTCTECOAtr;RTOT4,5,4,14,17
TTCTECOAtr;URIK2,1,0,18,21
TYRATB0tc;TYRt4,0,1,19,20
TYRDOPO;UDPG4E,0,1,19,20
TYRDOPO;UDPGALtg,0,1,19,20
TYRDOPO;UGALCG,0,1,19,20
UAGDP;H3K36MET_1,1,0,18,21
UAGDP;H3K36MET_2,1,0,18,21
UAGDP;H3K36MET_3,1,0,18,21
UAGDP;H3K36_synthesis,1,0,18,21
UAGDP;LYStn,1,0,18,21
UAGDP;RTOT3,1,0,18,21
UAGDP;peplys_synthesis,1,0,18,21
UDPGD;H3K36MET_1,1,0,18,21
UDPGD;H3K36MET_2,1,0,18,21
UDPGD;H3K36MET_3,1,0,18,21
UDPGD;H3K36_synthesis,1,0,18,21
UDPGD;LYStn,1,0,18,21
UDPGD;RTOT3,1,0,18,21
UDPGD;peplys_synthesis,1,0,18,21
URIK2;ARTFR56,1,0,18,21
UROLACer;H3K36MET_1,1,0,18,21
UROLACer;H3K36MET_2,1,0,18,21
UROLACer;H3K36MET_3,1,0,18,21
UROLACer;H3K36_synthesis,1,0,18,21
UROLACer;LYStn,1,0,18,21
UROLACer;RTOT3,1,0,18,21
UROLACer;peplys_synthesis,1,0,18,21
VALPHELAT2tc;VALt4,0,1,19,20
VD3;ACITLn,0,1,19,20
VD3;ADPtn,0,1,19,20
VD3;CITtn,0,1,19,20
VD3;OAAtn,0,1,19,20
VITD3Hm;ACITLn,0,1,19,20
VITD3Hm;ADPtn,0,1,19,20
VITD3Hm;CITtn,0,1,19,20
VITD3Hm;OAAtn,0,1,19,20
VITD3tm;ACITLn,0,1,19,20
VITD3tm;ADPtn,0,1,19,20
VITD3tm;CITtn,0,1,19,20
VITD3tm;OAAtn,0,1,19,20
