DoubleLethal,Counts in Normal,Counts in Cancer,Not SL in Normal,Not SL in Cancer
10FTHFtm;2AOBUTtm,0,1,26,22
10FTHFtm;5MTHFt2,1,0,25,23
10FTHFtm;ACACFORte,1,0,25,23
10FTHFtm;ACACPYRte,1,0,25,23
10FTHFtm;CLFORtex,0,3,26,20
10FTHFtm;DHFR,0,2,26,21
10FTHFtm;DHFRm,1,0,25,23
10FTHFtm;FDH,0,1,26,22
10FTHFtm;FOLR2,1,0,25,23
10FTHFtm;FOLt2,1,0,25,23
10FTHFtm;FTCD,0,2,26,21
10FTHFtm;G5SDym,0,1,26,22
10FTHFtm;GLU5Km,0,1,26,22
10FTHFtm;GLUt2m,0,1,26,22
10FTHFtm;GLYATm,0,1,26,22
10FTHFtm;GluForTx,0,2,26,21
10FTHFtm;H2Otm,1,1,25,22
10FTHFtm;HISD,0,2,26,21
10FTHFtm;ICDHxrm,1,0,25,23
10FTHFtm;IZPN,0,2,26,21
10FTHFtm;MTHFC,0,6,26,17
10FTHFtm;MTHFD,0,3,26,20
10FTHFtm;MTHFR3x,1,0,25,23
10FTHFtm;ORNTArm,0,1,26,22
10FTHFtm;PIt2m_2,0,2,26,21
10FTHFtm;PPA,0,1,26,22
10FTHFtm;RDH1,1,0,25,23
10FTHFtm;RDH1a,1,0,25,23
10FTHFtm;THR3Dx,0,1,26,22
10FTHFtm;URCN,0,2,26,21
13DAMPPOX;PTCRTD,1,0,25,23
13DAMPPOX;PTRCOR,1,0,25,23
2AMACHYD;CBPSam,1,0,25,23
2AMACHYD;CITRte,1,0,25,23
2AMACHYD;HCO3tm,1,0,25,23
2AMACHYD;NH4tm,1,0,25,23
2AMACHYD;OCBTm,1,0,25,23
2AMACSULT;ACGAM6PSi,1,0,25,23
2AMACSULT;ACGAMPM,1,0,25,23
2AMACSULT;GALU,1,0,25,23
2AMACSULT;GF6PTA,1,0,25,23
2AMACSULT;H2Otg,1,0,25,23
2AMACSULT;Htg,1,0,25,23
2AMACSULT;NDP7g,1,0,25,23
2AMACSULT;PGMT,1,0,25,23
2AMACSULT;PItg,1,0,25,23
2AMACSULT;UAGDP,1,0,25,23
2AOBUTtm;ACACT1r,0,1,26,22
2AOBUTtm;ACCOAL2,0,1,26,22
2AOBUTtm;ACOAS,0,1,26,22
2AOBUTtm;ACOD,0,1,26,22
2AOBUTtm;ACONTbm,0,2,26,21
2AOBUTtm;ADPT,0,1,26,22
2AOBUTtm;AKGACONtm,0,1,26,22
2AOBUTtm;AKGSUCCtm,0,1,26,22
2AOBUTtm;ALDD2x,0,1,26,22
2AOBUTtm;CITMCOAHm,0,1,26,22
2AOBUTtm;CITMCOALm,0,1,26,22
2AOBUTtm;DADK3,0,1,26,22
2AOBUTtm;DRPA,0,1,26,22
2AOBUTtm;GHMT2rm,0,1,26,22
2AOBUTtm;ICDHyrm,0,2,26,21
2AOBUTtm;ITCOALm,0,1,26,22
2AOBUTtm;MTHFCm,0,1,26,22
2AOBUTtm;MTHFDm,0,1,26,22
2AOBUTtm;NTD6,0,1,26,22
2AOBUTtm;OXALSUCCCLm,0,2,26,21
2AOBUTtm;PGCD,0,1,26,22
2AOBUTtm;PIMALtm,0,1,26,22
2AOBUTtm;PPA,0,4,26,19
2AOBUTtm;PPM2,0,1,26,22
2AOBUTtm;PSERT,0,1,26,22
2AOBUTtm;PSP_L,0,1,26,22
2AOBUTtm;PUNP2,0,1,26,22
2AOBUTtm;PYRtm,0,1,26,22
2AOBUTtm;SERTm,0,1,26,22
2AOBUTtm;SO4AKGtm,0,1,26,22
2AOBUTtm;SO4MALtm,0,1,26,22
2AOBUTtm;SUCCACONtm,0,1,26,22
2AOBUTtm;THDm,0,4,26,19
2AOBUTtm;THFtm,0,1,26,22
2AOBUTtm;THRtm,0,4,26,19
34HPLFM;ATPS4m,2,4,24,19
34HPLFM;ATPtm,0,1,26,22
34HPLFM;CBPSam,1,0,25,23
34HPLFM;CITRte,1,0,25,23
34HPLFM;CK,1,0,25,23
34HPLFM;CREATtmdiffir,1,0,25,23
34HPLFM;CRTNsyn,1,0,25,23
34HPLFM;CRTNte,1,0,25,23
34HPLFM;CYOOm2,1,5,25,18
34HPLFM;CYOOm3,1,0,25,23
34HPLFM;CYOR_u10m,2,5,24,18
34HPLFM;GACMTRc,1,0,25,23
34HPLFM;GLYAMDTRc,1,0,25,23
34HPLFM;HCO3tm,1,0,25,23
34HPLFM;NH4tm,1,0,25,23
34HPLFM;O2Stm,1,0,25,23
34HPLFM;OCBTm,1,0,25,23
34HPLFM;ORNt4m,1,0,25,23
34HPLFM;PCREATtmdiffir,1,0,25,23
34HPPte;CITRt2m,0,1,26,22
34HPPte;LDH_L,0,1,26,22
3DPHBH1;ATPS4m,2,4,24,19
3DPHBH1;ATPtm,0,1,26,22
3DPHBH1;CBPSam,1,0,25,23
3DPHBH1;CITRte,1,0,25,23
3DPHBH1;CK,1,0,25,23
3DPHBH1;CREATtmdiffir,1,0,25,23
3DPHBH1;CRTNsyn,1,0,25,23
3DPHBH1;CRTNte,1,0,25,23
3DPHBH1;CYOOm2,1,4,25,19
3DPHBH1;CYOOm3,1,0,25,23
3DPHBH1;CYOR_u10m,2,4,24,19
3DPHBH1;GACMTRc,1,0,25,23
3DPHBH1;GLYAMDTRc,1,0,25,23
3DPHBH1;HCO3tm,1,0,25,23
3DPHBH1;NH4tm,1,0,25,23
3DPHBH1;O2Stm,1,0,25,23
3DPHBH1;OCBTm,1,0,25,23
3DPHBH1;ORNt4m,1,0,25,23
3DPHBH1;PCREATtmdiffir,1,0,25,23
3DPHBH2;CYOOm2,0,1,26,22
3DPHBH2;CYOR_u10m,0,1,26,22
3HAD160;ARTFR13,0,1,26,22
3HAD160;DPCOAK,0,1,26,22
3HAD160;FA140ACPH,0,1,26,22
3HAD160;FACOAL140i,0,1,26,22
3HAD160;PNTK,0,1,26,22
3HAD160;PNTOt1,0,1,26,22
3HAD160;PPCDC,0,1,26,22
3HAD160;PPNCL2,0,1,26,22
3HAD160;PTPAT,0,1,26,22
3HAD160;RTOT1,0,1,26,22
3HAD180;ARTFR13,0,1,26,22
3HAD180;DPCOAK,0,1,26,22
3HAD180;FA140ACPH,0,1,26,22
3HAD180;FACOAL140i,0,1,26,22
3HAD180;PNTK,0,1,26,22
3HAD180;PNTOt1,0,1,26,22
3HAD180;PPCDC,0,1,26,22
3HAD180;PPNCL2,0,1,26,22
3HAD180;PTPAT,0,1,26,22
3HAD180;RTOT1,0,1,26,22
3HAD180m;ARTFR13,0,1,26,22
3HAD180m;DPCOAK,0,1,26,22
3HAD180m;FA140ACPH,0,1,26,22
3HAD180m;FACOAL140i,0,1,26,22
3HAD180m;PNTK,0,1,26,22
3HAD180m;PNTOt1,0,1,26,22
3HAD180m;PPCDC,0,1,26,22
3HAD180m;PPNCL2,0,1,26,22
3HAD180m;PTPAT,0,1,26,22
3HAD180m;RTOT1,0,1,26,22
3HAD180m;RTOTALCRNCPT1,0,1,26,22
3HAD180m;RTOTALCRNCPT2,0,1,26,22
3HAD180m;RTOTALCRNt,0,1,26,22
3HAD203n6p;ACCOAL2,2,0,24,23
3HAD203n6p;ACOAS,2,0,24,23
3HAD203n6p;ALAt2r,1,0,25,23
3HAD203n6p;ALDD2x,2,0,24,23
3HAD203n6p;CSNATr,1,0,25,23
3HAD203n6p;Htr,1,0,25,23
3HAD203n6p;PPA,2,0,24,23
3HAD203n6p;THRA,2,0,24,23
3HAD203n6p;TXA2tr,1,0,25,23
3HAD203n6p;TXB2c,1,0,25,23
3HAD203n6p;TXB2r,1,0,25,23
3HAD203n6p;TXB2tr,1,0,25,23
3HAD224n6p;PMTCOAFABP1tc,0,1,26,22
3HAD241n9p;ARTFR52,2,0,24,23
3HAD241n9p;FAE200,2,0,24,23
3HAD241n9p;FAE220,2,0,24,23
3HAD241n9p;FAE240,2,0,24,23
3HAD241n9p;FAE260,2,0,24,23
3HAD241n9p;HACD200,2,0,24,23
3HAD241n9p;HACD220,2,0,24,23
3HAD241n9p;HACD240,2,0,24,23
3HAD241n9p;HACD260,2,0,24,23
3HAD241n9p;HEXCCOAtr,2,0,24,23
3HAD241n9p;HSD200,2,0,24,23
3HAD241n9p;HSD220,2,0,24,23
3HAD241n9p;HSD240,2,0,24,23
3HAD241n9p;HSD260,2,0,24,23
3HAD241n9p;TECR200,2,0,24,23
3HAD241n9p;TECR220,2,0,24,23
3HAD241n9p;TECR240,2,0,24,23
3HAD241n9p;TECR260,2,0,24,23
3HAD241n9p;TRDR,0,3,26,20
3HDH180m;ARTFR13,0,1,26,22
3HDH180m;DPCOAK,0,1,26,22
3HDH180m;FA140ACPH,0,1,26,22
3HDH180m;FACOAL140i,0,1,26,22
3HDH180m;PNTK,0,1,26,22
3HDH180m;PNTOt1,0,1,26,22
3HDH180m;PPCDC,0,1,26,22
3HDH180m;PPNCL2,0,1,26,22
3HDH180m;PTPAT,0,1,26,22
3HDH180m;RTOT1,0,1,26,22
3HDH180m;RTOTALCRNCPT1,0,1,26,22
3HDH180m;RTOTALCRNCPT2,0,1,26,22
3HDH180m;RTOTALCRNt,0,1,26,22
3HDH203n6p;ACCOAL2,2,0,24,23
3HDH203n6p;ACOAS,2,0,24,23
3HDH203n6p;ALAt2r,1,0,25,23
3HDH203n6p;ALDD2x,2,0,24,23
3HDH203n6p;CSNATr,1,0,25,23
3HDH203n6p;Htr,1,0,25,23
3HDH203n6p;PPA,2,0,24,23
3HDH203n6p;THRA,2,0,24,23
3HDH203n6p;TXA2tr,1,0,25,23
3HDH203n6p;TXB2c,1,0,25,23
3HDH203n6p;TXB2r,1,0,25,23
3HDH203n6p;TXB2tr,1,0,25,23
3HDH224n6p;ARTFR52,1,0,25,23
3HDH224n6p;FAE200,1,0,25,23
3HDH224n6p;FAE220,1,0,25,23
3HDH224n6p;FAE240,1,0,25,23
3HDH224n6p;FAE260,1,0,25,23
3HDH224n6p;HACD200,1,0,25,23
3HDH224n6p;HACD220,1,0,25,23
3HDH224n6p;HACD240,1,0,25,23
3HDH224n6p;HACD260,1,0,25,23
3HDH224n6p;HEXCCOAtr,1,0,25,23
3HDH224n6p;HSD200,1,0,25,23
3HDH224n6p;HSD220,1,0,25,23
3HDH224n6p;HSD240,1,0,25,23
3HDH224n6p;HSD260,1,0,25,23
3HDH224n6p;TECR200,1,0,25,23
3HDH224n6p;TECR220,1,0,25,23
3HDH224n6p;TECR240,1,0,25,23
3HDH224n6p;TECR260,1,0,25,23
3HDH224n6p;TRDR,0,1,26,22
3HDH241n9p;ARTFR41,0,1,26,22
3HDH241n9p;ARTFR52,1,0,25,23
3HDH241n9p;C161CPT1,0,1,26,22
3HDH241n9p;CACT4r,0,1,26,22
3HDH241n9p;COAtr,0,1,26,22
3HDH241n9p;DESAT16_1,0,1,26,22
3HDH241n9p;FAE200,1,0,25,23
3HDH241n9p;FAE220,1,0,25,23
3HDH241n9p;FAE240,1,0,25,23
3HDH241n9p;FAE260,1,0,25,23
3HDH241n9p;HACD200,1,0,25,23
3HDH241n9p;HACD220,1,0,25,23
3HDH241n9p;HACD240,1,0,25,23
3HDH241n9p;HACD260,1,0,25,23
3HDH241n9p;HEXCCOAtr,1,0,25,23
3HDH241n9p;HSD200,1,0,25,23
3HDH241n9p;HSD220,1,0,25,23
3HDH241n9p;HSD240,1,0,25,23
3HDH241n9p;HSD260,1,0,25,23
3HDH241n9p;PLMCOAPTr,0,1,26,22
3HDH241n9p;PMTCOAFABP1tc,0,1,26,22
3HDH241n9p;RTOT4,0,1,26,22
3HDH241n9p;TECR200,1,0,25,23
3HDH241n9p;TECR220,1,0,25,23
3HDH241n9p;TECR240,1,0,25,23
3HDH241n9p;TECR260,1,0,25,23
3HDH241n9p;TRDR,0,2,26,21
3HGLUTCOAm;FAE180,1,0,25,23
3HGLUTCOAm;GLUt2m,1,0,25,23
3HGLUTCOAm;HACD180,1,0,25,23
3HGLUTCOAm;HSD180,1,0,25,23
3HGLUTCOAm;RTOT5,1,0,25,23
3HGLUTCOAm;TECR180,1,0,25,23
3HLYTCL;AMETt2m,1,0,25,23
3HLYTCL;CBPSam,1,0,25,23
3HLYTCL;CHOLK,2,1,24,22
3HLYTCL;CHOLt4,4,0,22,23
3HLYTCL;CHOLtu,2,2,24,21
3HLYTCL;CITRORNtm,1,0,25,23
3HLYTCL;CITRte,1,0,25,23
3HLYTCL;CO2tm,0,2,26,21
3HLYTCL;HCO3tm,1,0,25,23
3HLYTCL;NH4tm,1,0,25,23
3HLYTCL;OCBTm,1,0,25,23
3HLYTCL;PETOHMm_hs,1,0,25,23
3HLYTCL;PSDm_hs,2,7,24,16
3HLYTCL;PSFLIPm,2,7,24,16
3M4HPGORx;4MPTNLte,1,0,25,23
3M4HPGORx;4MPTNLtm,1,0,25,23
3M4HPGORx;5AOPtm,0,1,26,22
3M4HPGORx;AKGDa1,0,1,26,22
3M4HPGORx;AKGDa2,0,1,26,22
3M4HPGORx;AKGDb,0,1,26,22
3M4HPGORx;ALASm,0,1,26,22
3M4HPGORx;ARTFR52,1,0,25,23
3M4HPGORx;BILIRED2,0,1,26,22
3M4HPGORx;BILIRUBtr,0,1,26,22
3M4HPGORx;COt,0,1,26,22
3M4HPGORx;CPPPGO,0,1,26,22
3M4HPGORx;DLD,0,1,26,22
3M4HPGORx;FAE200,1,0,25,23
3M4HPGORx;FAE220,1,0,25,23
3M4HPGORx;FAE240,1,0,25,23
3M4HPGORx;FAE260,1,0,25,23
3M4HPGORx;FCLTm,0,1,26,22
3M4HPGORx;FE2tm,0,1,26,22
3M4HPGORx;GALU,0,1,26,22
3M4HPGORx;GLUPROASCT1,1,0,25,23
3M4HPGORx;HACD200,1,0,25,23
3M4HPGORx;HACD220,1,0,25,23
3M4HPGORx;HACD240,1,0,25,23
3M4HPGORx;HACD260,1,0,25,23
3M4HPGORx;HCO3Ee,0,1,26,22
3M4HPGORx;HEXCCOAtr,1,0,25,23
3M4HPGORx;HMBS,0,1,26,22
3M4HPGORx;HOXG,0,1,26,22
3M4HPGORx;HSD200,1,0,25,23
3M4HPGORx;HSD220,1,0,25,23
3M4HPGORx;HSD240,1,0,25,23
3M4HPGORx;HSD260,1,0,25,23
3M4HPGORx;NADH2_u10m,0,1,26,22
3M4HPGORx;NDP7er,0,1,26,22
3M4HPGORx;P45011A1m,1,0,25,23
3M4HPGORx;PGMT,0,1,26,22
3M4HPGORx;PIt2m_2,1,0,25,23
3M4HPGORx;PPBNGS,0,1,26,22
3M4HPGORx;PPPG9tm,0,1,26,22
3M4HPGORx;PPPGOm,0,1,26,22
3M4HPGORx;PRGNLONEtm,1,0,25,23
3M4HPGORx;TECR200,1,0,25,23
3M4HPGORx;TECR220,1,0,25,23
3M4HPGORx;TECR240,1,0,25,23
3M4HPGORx;TECR260,1,0,25,23
3M4HPGORx;UDPGD,0,1,26,22
3M4HPGORx;UPP3S,0,1,26,22
3M4HPGORx;UPPDC1,0,1,26,22
3M4HPGORy;4MPTNLte,1,0,25,23
3M4HPGORy;4MPTNLtm,1,0,25,23
3M4HPGORy;5AOPtm,0,1,26,22
3M4HPGORy;AKGDa1,0,1,26,22
3M4HPGORy;AKGDa2,0,1,26,22
3M4HPGORy;AKGDb,0,1,26,22
3M4HPGORy;ALASm,0,1,26,22
3M4HPGORy;ARTFR52,1,0,25,23
3M4HPGORy;BILIRED2,0,1,26,22
3M4HPGORy;BILIRUBtr,0,1,26,22
3M4HPGORy;COt,0,1,26,22
3M4HPGORy;CPPPGO,0,1,26,22
3M4HPGORy;DLD,0,1,26,22
3M4HPGORy;FAE200,1,0,25,23
3M4HPGORy;FAE220,1,0,25,23
3M4HPGORy;FAE240,1,0,25,23
3M4HPGORy;FAE260,1,0,25,23
3M4HPGORy;FCLTm,0,1,26,22
3M4HPGORy;FE2tm,0,1,26,22
3M4HPGORy;GALU,0,1,26,22
3M4HPGORy;GLUPROASCT1,1,0,25,23
3M4HPGORy;HACD200,1,0,25,23
3M4HPGORy;HACD220,1,0,25,23
3M4HPGORy;HACD240,1,0,25,23
3M4HPGORy;HACD260,1,0,25,23
3M4HPGORy;HCO3Ee,0,1,26,22
3M4HPGORy;HEXCCOAtr,1,0,25,23
3M4HPGORy;HMBS,0,1,26,22
3M4HPGORy;HOXG,0,1,26,22
3M4HPGORy;HSD200,1,0,25,23
3M4HPGORy;HSD220,1,0,25,23
3M4HPGORy;HSD240,1,0,25,23
3M4HPGORy;HSD260,1,0,25,23
3M4HPGORy;NADH2_u10m,0,1,26,22
3M4HPGORy;NDP7er,0,1,26,22
3M4HPGORy;P45011A1m,1,0,25,23
3M4HPGORy;PGMT,0,1,26,22
3M4HPGORy;PIt2m_2,1,0,25,23
3M4HPGORy;PPBNGS,0,1,26,22
3M4HPGORy;PPPG9tm,0,1,26,22
3M4HPGORy;PPPGOm,0,1,26,22
3M4HPGORy;PRGNLONEtm,1,0,25,23
3M4HPGORy;TECR200,1,0,25,23
3M4HPGORy;TECR220,1,0,25,23
3M4HPGORy;TECR240,1,0,25,23
3M4HPGORy;TECR260,1,0,25,23
3M4HPGORy;UDPGD,0,1,26,22
3M4HPGORy;UPP3S,0,1,26,22
3M4HPGORy;UPPDC1,0,1,26,22
3MHISt1;LEUt4,1,3,25,20
3MHISt1;PHEt4,5,1,21,22
3MHISt2;LEUt4,21,12,5,11
3MHISt2;PHEt4,0,3,26,20
3MHISt3;LEUt4,0,3,26,20
3MHISt3;PHEt4,25,10,1,13
3OAR160;ARTFR13,0,1,26,22
3OAR160;DPCOAK,0,1,26,22
3OAR160;FA140ACPH,0,1,26,22
3OAR160;FACOAL140i,0,1,26,22
3OAR160;PNTK,0,1,26,22
3OAR160;PNTOt1,0,1,26,22
3OAR160;PPCDC,0,1,26,22
3OAR160;PPNCL2,0,1,26,22
3OAR160;PTPAT,0,1,26,22
3OAR160;RTOT1,0,1,26,22
3OAR180;ARTFR13,0,1,26,22
3OAR180;DPCOAK,0,1,26,22
3OAR180;FA140ACPH,0,1,26,22
3OAR180;FACOAL140i,0,1,26,22
3OAR180;PNTK,0,1,26,22
3OAR180;PNTOt1,0,1,26,22
3OAR180;PPCDC,0,1,26,22
3OAR180;PPNCL2,0,1,26,22
3OAR180;PTPAT,0,1,26,22
3OAR180;RTOT1,0,1,26,22
3OAS160;ARTFR13,0,1,26,22
3OAS160;DPCOAK,0,1,26,22
3OAS160;FA140ACPH,0,1,26,22
3OAS160;FACOAL140i,0,1,26,22
3OAS160;PNTK,0,1,26,22
3OAS160;PNTOt1,0,1,26,22
3OAS160;PPCDC,0,1,26,22
3OAS160;PPNCL2,0,1,26,22
3OAS160;PTPAT,0,1,26,22
3OAS160;RTOT1,0,1,26,22
3OAS180;ARTFR13,0,1,26,22
3OAS180;DPCOAK,0,1,26,22
3OAS180;FA140ACPH,0,1,26,22
3OAS180;FACOAL140i,0,1,26,22
3OAS180;PNTK,0,1,26,22
3OAS180;PNTOt1,0,1,26,22
3OAS180;PPCDC,0,1,26,22
3OAS180;PPNCL2,0,1,26,22
3OAS180;PTPAT,0,1,26,22
3OAS180;RTOT1,0,1,26,22
3OHGLUTACOAT3t;FAE180,1,0,25,23
3OHGLUTACOAT3t;GLUt2m,1,0,25,23
3OHGLUTACOAT3t;HACD180,1,0,25,23
3OHGLUTACOAT3t;HSD180,1,0,25,23
3OHGLUTACOAT3t;RTOT5,1,0,25,23
3OHGLUTACOAT3t;TECR180,1,0,25,23
3OHGLUTACm;FAE180,1,0,25,23
3OHGLUTACm;GLUt2m,1,0,25,23
3OHGLUTACm;HACD180,1,0,25,23
3OHGLUTACm;HSD180,1,0,25,23
3OHGLUTACm;RTOT5,1,0,25,23
3OHGLUTACm;TECR180,1,0,25,23
3OHGLUTACtm;FAE180,1,0,25,23
3OHGLUTACtm;GLUt2m,1,0,25,23
3OHGLUTACtm;HACD180,1,0,25,23
3OHGLUTACtm;HSD180,1,0,25,23
3OHGLUTACtm;RTOT5,1,0,25,23
3OHGLUTACtm;TECR180,1,0,25,23
4ABUTNDH;PTCRTD,1,0,25,23
4ABUTNDH;PTRCOR,1,0,25,23
4ABUTtm;ACALDtm,1,0,25,23
4ABUTtm;ACCOAL2,1,0,25,23
4ABUTtm;ACOAS,1,0,25,23
4ABUTtm;ACt2m,1,0,25,23
4ABUTtm;AKGICITtm,1,0,25,23
4ABUTtm;AKGMALtm,1,0,25,23
4ABUTtm;ALDD2xm,1,0,25,23
4ABUTtm;ARGN,1,0,25,23
4ABUTtm;ASPGLUm,1,0,25,23
4ABUTtm;ASPTAm,1,0,25,23
4ABUTtm;CBPSam,1,0,25,23
4ABUTtm;CITRORNtm,1,0,25,23
4ABUTtm;CITRte,1,0,25,23
4ABUTtm;HCO3tm,1,0,25,23
4ABUTtm;MAL_Lte,1,0,25,23
4ABUTtm;MDHm,1,0,25,23
4ABUTtm;NH4tm,1,0,25,23
4ABUTtm;OCBTm,1,0,25,23
4ABUTtm;SUCCICITtm,1,0,25,23
4HBZCOAFm;ATPS4m,2,4,24,19
4HBZCOAFm;ATPtm,0,1,26,22
4HBZCOAFm;CBPSam,1,0,25,23
4HBZCOAFm;CITRte,1,0,25,23
4HBZCOAFm;CK,1,0,25,23
4HBZCOAFm;CREATtmdiffir,1,0,25,23
4HBZCOAFm;CRTNsyn,1,0,25,23
4HBZCOAFm;CRTNte,1,0,25,23
4HBZCOAFm;CYOOm2,1,5,25,18
4HBZCOAFm;CYOOm3,1,0,25,23
4HBZCOAFm;CYOR_u10m,2,5,24,18
4HBZCOAFm;GACMTRc,1,0,25,23
4HBZCOAFm;GLYAMDTRc,1,0,25,23
4HBZCOAFm;HCO3tm,1,0,25,23
4HBZCOAFm;NH4tm,1,0,25,23
4HBZCOAFm;O2Stm,1,0,25,23
4HBZCOAFm;OCBTm,1,0,25,23
4HBZCOAFm;ORNt4m,1,0,25,23
4HBZCOAFm;PCREATtmdiffir,1,0,25,23
4HBZFm;ATPS4m,2,4,24,19
4HBZFm;ATPtm,0,1,26,22
4HBZFm;CBPSam,1,0,25,23
4HBZFm;CITRte,1,0,25,23
4HBZFm;CK,1,0,25,23
4HBZFm;CREATtmdiffir,1,0,25,23
4HBZFm;CRTNsyn,1,0,25,23
4HBZFm;CRTNte,1,0,25,23
4HBZFm;CYOOm2,1,5,25,18
4HBZFm;CYOOm3,1,0,25,23
4HBZFm;CYOR_u10m,2,5,24,18
4HBZFm;GACMTRc,1,0,25,23
4HBZFm;GLYAMDTRc,1,0,25,23
4HBZFm;HCO3tm,1,0,25,23
4HBZFm;NH4tm,1,0,25,23
4HBZFm;O2Stm,1,0,25,23
4HBZFm;OCBTm,1,0,25,23
4HBZFm;ORNt4m,1,0,25,23
4HBZFm;PCREATtmdiffir,1,0,25,23
4HPROLTASCT1;ACCOAL2,1,0,25,23
4HPROLTASCT1;ACOAS,1,0,25,23
4HPROLTASCT1;AKGMALtm,1,0,25,23
4HPROLTASCT1;AKGSUCCtm,0,1,26,22
4HPROLTASCT1;ALAt4,0,1,26,22
4HPROLTASCT1;ASPGLUm,1,0,25,23
4HPROLTASCT1;ASPTAm,1,0,25,23
4HPROLTASCT1;CITRt2m,2,3,24,20
4HPROLTASCT1;CITRtm,2,2,24,21
4HPROLTASCT1;GLUPROASCT1,0,1,26,22
4HPROLTASCT1;GTPGDPtm,0,1,26,22
4HPROLTASCT1;L_LACt2r,0,1,26,22
4HPROLTASCT1;MAL_Lte,1,0,25,23
4HPROLTASCT1;MDHm,1,0,25,23
4HPROLTASCT1;O2tm,0,1,26,22
4HPROLTASCT1;OROTGLUt,0,1,26,22
4HPROLTASCT1;OROTi,0,1,26,22
4HPROLTASCT1;PIt2m_2,0,1,26,22
4HPROLTASCT1;PROGLUtm,0,1,26,22
4HPROLTASCT1;PROtm,0,1,26,22
4HPROLTASCT1;SUCOAS1m,0,1,26,22
4HPROLTASCT1;THRA,0,1,26,22
4HPRO_LTte;4OHPROIMINOtc,0,1,26,22
4HPRO_LTte;ACCOAL2,1,0,25,23
4HPRO_LTte;ACOAS,1,0,25,23
4HPRO_LTte;AKGMALtm,1,0,25,23
4HPRO_LTte;AKGSUCCtm,0,1,26,22
4HPRO_LTte;ASPGLUm,1,0,25,23
4HPRO_LTte;ASPTAm,1,0,25,23
4HPRO_LTte;CITRt2m,2,3,24,20
4HPRO_LTte;CITRtm,2,2,24,21
4HPRO_LTte;GLUPROASCT1,0,1,26,22
4HPRO_LTte;GTPGDPtm,0,1,26,22
4HPRO_LTte;H2Otg,0,1,26,22
4HPRO_LTte;Htg,0,1,26,22
4HPRO_LTte;L_LACt2r,0,1,26,22
4HPRO_LTte;MAL_Lte,1,0,25,23
4HPRO_LTte;MDHm,1,0,25,23
4HPRO_LTte;NDP7g,0,1,26,22
4HPRO_LTte;O2tm,0,1,26,22
4HPRO_LTte;OROTGLUt,0,1,26,22
4HPRO_LTte;OROTi,0,1,26,22
4HPRO_LTte;PIt2m_2,0,1,26,22
4HPRO_LTte;PItg,0,1,26,22
4HPRO_LTte;PROGLUtm,0,1,26,22
4HPRO_LTte;PROtm,0,1,26,22
4HPRO_LTte;SUCOAS1m,0,2,26,21
4HPRO_LTte;THRA,0,1,26,22
4MPTNLte;ACACFORte,1,0,25,23
4MPTNLte;ACACPYRte,1,0,25,23
4MPTNLte;ACOAHim,0,1,26,22
4MPTNLte;ACOD,0,1,26,22
4MPTNLte;ACONTam,0,1,26,22
4MPTNLte;ACONTbm,0,2,26,21
4MPTNLte;ACt2m,0,1,26,22
4MPTNLte;ADMDC,0,1,26,22
4MPTNLte;ADPT,0,1,26,22
4MPTNLte;AKGCITtm,1,0,25,23
4MPTNLte;AKGICITtm,1,0,25,23
4MPTNLte;AKGSUCCtm,0,1,26,22
4MPTNLte;ALABte,0,1,26,22
4MPTNLte;ARTFR52,1,1,25,22
4MPTNLte;BAMPPALDOX,0,1,26,22
4MPTNLte;CITMCOAHm,0,1,26,22
4MPTNLte;CITMCOALm,0,1,26,22
4MPTNLte;CITSUCCtm,0,1,26,22
4MPTNLte;DHCRD1,1,0,25,23
4MPTNLte;DHFRm,0,1,26,22
4MPTNLte;DHFRx,0,1,26,22
4MPTNLte;DKMPPD1,0,1,26,22
4MPTNLte;DKMPPD3,0,1,26,22
4MPTNLte;FAE180,5,0,21,23
4MPTNLte;FAE200,1,1,25,22
4MPTNLte;FAE220,1,1,25,22
4MPTNLte;FAE240,1,1,25,22
4MPTNLte;FAE260,1,1,25,22
4MPTNLte;FORt2m,0,1,26,22
4MPTNLte;FTHFLm,0,1,26,22
4MPTNLte;GHMT2rm,0,3,26,20
4MPTNLte;GLUt2m,0,1,26,22
4MPTNLte;GLYtm,0,1,26,22
4MPTNLte;GTHP,0,1,26,22
4MPTNLte;H2Otm,0,2,26,21
4MPTNLte;HACD180,5,0,21,23
4MPTNLte;HACD200,1,1,25,22
4MPTNLte;HACD220,1,1,25,22
4MPTNLte;HACD240,1,1,25,22
4MPTNLte;HACD260,1,1,25,22
4MPTNLte;HCO3E,0,1,26,22
4MPTNLte;HEXCCOAtr,1,1,25,22
4MPTNLte;HSD180,5,0,21,23
4MPTNLte;HSD200,1,1,25,22
4MPTNLte;HSD220,1,1,25,22
4MPTNLte;HSD240,1,1,25,22
4MPTNLte;HSD260,1,1,25,22
4MPTNLte;Htr,1,3,25,20
4MPTNLte;ICDHyrm,0,2,26,21
4MPTNLte;ITCOALm,0,1,26,22
4MPTNLte;LDH_Lm,0,1,26,22
4MPTNLte;L_LACtm,0,1,26,22
4MPTNLte;MAL_Lte,1,1,25,22
4MPTNLte;MDRPD,0,1,26,22
4MPTNLte;METAT,0,1,26,22
4MPTNLte;MTAP,0,1,26,22
4MPTNLte;MTHFCm,0,3,26,20
4MPTNLte;MTHFDm,0,3,26,20
4MPTNLte;MTRI,0,1,26,22
4MPTNLte;NADH2_u10m,0,1,26,22
4MPTNLte;OXALSUCCCLm,0,1,26,22
4MPTNLte;PIt2m_2,0,1,26,22
4MPTNLte;PPA,2,5,24,18
4MPTNLte;RTOT5,2,1,24,22
4MPTNLte;SERTm,0,3,26,20
4MPTNLte;SERt4,0,1,26,22
4MPTNLte;SMOX,0,1,26,22
4MPTNLte;SPRMS,0,1,26,22
4MPTNLte;SUCCICITtm,1,0,25,23
4MPTNLte;TECR180,5,0,21,23
4MPTNLte;TECR200,1,1,25,22
4MPTNLte;TECR220,1,1,25,22
4MPTNLte;TECR240,1,1,25,22
4MPTNLte;TECR260,1,1,25,22
4MPTNLte;THRA,0,1,26,22
4MPTNLte;TXA2tr,1,3,25,20
4MPTNLte;TXB2c,1,3,25,20
4MPTNLte;TXB2r,1,3,25,20
4MPTNLte;TXB2tr,1,3,25,20
4MPTNLtm;ACACFORte,1,0,25,23
4MPTNLtm;ACACPYRte,1,0,25,23
4MPTNLtm;ACOAHim,0,1,26,22
4MPTNLtm;ACOD,0,1,26,22
4MPTNLtm;ACONTam,0,1,26,22
4MPTNLtm;ACONTbm,0,2,26,21
4MPTNLtm;ACt2m,0,1,26,22
4MPTNLtm;ADMDC,0,1,26,22
4MPTNLtm;ADPT,0,1,26,22
4MPTNLtm;AKGCITtm,1,0,25,23
4MPTNLtm;AKGICITtm,1,0,25,23
4MPTNLtm;AKGSUCCtm,0,1,26,22
4MPTNLtm;ALABte,0,1,26,22
4MPTNLtm;ARTFR52,1,1,25,22
4MPTNLtm;BAMPPALDOX,0,1,26,22
4MPTNLtm;CITMCOAHm,0,1,26,22
4MPTNLtm;CITMCOALm,0,1,26,22
4MPTNLtm;CITSUCCtm,0,1,26,22
4MPTNLtm;DHCRD1,1,0,25,23
4MPTNLtm;DHFRm,0,1,26,22
4MPTNLtm;DHFRx,0,1,26,22
4MPTNLtm;DKMPPD1,0,1,26,22
4MPTNLtm;DKMPPD3,0,1,26,22
4MPTNLtm;FAE180,5,0,21,23
4MPTNLtm;FAE200,1,1,25,22
4MPTNLtm;FAE220,1,1,25,22
4MPTNLtm;FAE240,1,1,25,22
4MPTNLtm;FAE260,1,1,25,22
4MPTNLtm;FORt2m,0,1,26,22
4MPTNLtm;FTHFLm,0,1,26,22
4MPTNLtm;GHMT2rm,0,3,26,20
4MPTNLtm;GLUt2m,0,1,26,22
4MPTNLtm;GLYtm,0,1,26,22
4MPTNLtm;GTHP,0,1,26,22
4MPTNLtm;H2Otm,0,2,26,21
4MPTNLtm;HACD180,5,0,21,23
4MPTNLtm;HACD200,1,1,25,22
4MPTNLtm;HACD220,1,1,25,22
4MPTNLtm;HACD240,1,1,25,22
4MPTNLtm;HACD260,1,1,25,22
4MPTNLtm;HCO3E,0,1,26,22
4MPTNLtm;HEXCCOAtr,1,1,25,22
4MPTNLtm;HSD180,5,0,21,23
4MPTNLtm;HSD200,1,1,25,22
4MPTNLtm;HSD220,1,1,25,22
4MPTNLtm;HSD240,1,1,25,22
4MPTNLtm;HSD260,1,1,25,22
4MPTNLtm;Htr,1,3,25,20
4MPTNLtm;ICDHyrm,0,2,26,21
4MPTNLtm;ITCOALm,0,1,26,22
4MPTNLtm;LDH_Lm,0,1,26,22
4MPTNLtm;L_LACtm,0,1,26,22
4MPTNLtm;MAL_Lte,1,1,25,22
4MPTNLtm;MDRPD,0,1,26,22
4MPTNLtm;METAT,0,1,26,22
4MPTNLtm;MTAP,0,1,26,22
4MPTNLtm;MTHFCm,0,3,26,20
4MPTNLtm;MTHFDm,0,3,26,20
4MPTNLtm;MTRI,0,1,26,22
4MPTNLtm;NADH2_u10m,0,1,26,22
4MPTNLtm;OXALSUCCCLm,0,1,26,22
4MPTNLtm;PIt2m_2,0,1,26,22
4MPTNLtm;PPA,2,5,24,18
4MPTNLtm;RTOT5,2,1,24,22
4MPTNLtm;SERTm,0,3,26,20
4MPTNLtm;SERt4,0,1,26,22
4MPTNLtm;SMOX,0,1,26,22
4MPTNLtm;SPRMS,0,1,26,22
4MPTNLtm;SUCCICITtm,1,0,25,23
4MPTNLtm;TECR180,5,0,21,23
4MPTNLtm;TECR200,1,1,25,22
4MPTNLtm;TECR220,1,1,25,22
4MPTNLtm;TECR240,1,1,25,22
4MPTNLtm;TECR260,1,1,25,22
4MPTNLtm;THRA,0,1,26,22
4MPTNLtm;TXA2tr,1,3,25,20
4MPTNLtm;TXB2c,1,3,25,20
4MPTNLtm;TXB2r,1,3,25,20
4MPTNLtm;TXB2tr,1,3,25,20
4OHBUTm;ACACFORte,0,1,26,22
4OHBUTm;ACACPYRte,0,1,26,22
4OHBUTm;AKGACONtm,1,0,25,23
4OHBUTm;AKGICITtm,2,0,24,23
4OHBUTm;AKGMALtm,1,0,25,23
4OHBUTm;ASPGLUm,1,0,25,23
4OHBUTm;ASPTAm,1,0,25,23
4OHBUTm;ATPtm,0,1,26,22
4OHBUTm;H2Ot,0,1,26,22
4OHBUTm;HCO3E,0,1,26,22
4OHBUTm;MDHm,1,0,25,23
4OHBUTm;NADH2_u10m,0,1,26,22
4OHBUTm;PIMALtm,0,1,26,22
4OHBUTm;PIt7,0,1,26,22
4OHBUTm;PYK,0,1,26,22
4OHBUTm;SO3AKGtm,0,1,26,22
4OHBUTm;SO3MALtm,0,1,26,22
4OHBUTm;SUCCICITtm,1,0,25,23
4OHBUTm;SUCCt4_2,1,1,25,22
4OHBUTtce;ACACFORte,0,1,26,22
4OHBUTtce;ACACPYRte,0,1,26,22
4OHBUTtce;AKGACONtm,1,0,25,23
4OHBUTtce;AKGICITtm,2,0,24,23
4OHBUTtce;AKGMALtm,1,0,25,23
4OHBUTtce;ASPGLUm,1,0,25,23
4OHBUTtce;ASPTAm,1,0,25,23
4OHBUTtce;ATPtm,0,1,26,22
4OHBUTtce;H2Ot,0,1,26,22
4OHBUTtce;HCO3E,0,1,26,22
4OHBUTtce;MDHm,1,0,25,23
4OHBUTtce;NADH2_u10m,0,1,26,22
4OHBUTtce;PIMALtm,0,1,26,22
4OHBUTtce;PIt7,0,1,26,22
4OHBUTtce;PYK,0,1,26,22
4OHBUTtce;SO3AKGtm,0,1,26,22
4OHBUTtce;SO3MALtm,0,1,26,22
4OHBUTtce;SUCCICITtm,1,0,25,23
4OHBUTtce;SUCCt4_2,1,1,25,22
4OHBUTtmc;ACACFORte,0,1,26,22
4OHBUTtmc;ACACPYRte,0,1,26,22
4OHBUTtmc;AKGACONtm,1,0,25,23
4OHBUTtmc;AKGICITtm,2,0,24,23
4OHBUTtmc;AKGMALtm,1,0,25,23
4OHBUTtmc;ASPGLUm,1,0,25,23
4OHBUTtmc;ASPTAm,1,0,25,23
4OHBUTtmc;ATPtm,0,1,26,22
4OHBUTtmc;H2Ot,0,1,26,22
4OHBUTtmc;HCO3E,0,1,26,22
4OHBUTtmc;MDHm,1,0,25,23
4OHBUTtmc;NADH2_u10m,0,1,26,22
4OHBUTtmc;PIMALtm,0,1,26,22
4OHBUTtmc;PIt7,0,1,26,22
4OHBUTtmc;PYK,0,1,26,22
4OHBUTtmc;SO3AKGtm,0,1,26,22
4OHBUTtmc;SO3MALtm,0,1,26,22
4OHBUTtmc;SUCCICITtm,1,0,25,23
4OHBUTtmc;SUCCt4_2,1,1,25,22
4OHPROIMINOtc;5AOPtm,0,1,26,22
4OHPROIMINOtc;AKGSUCCtm,0,1,26,22
4OHPROIMINOtc;ALASm,0,1,26,22
4OHPROIMINOtc;ALAt4,0,1,26,22
4OHPROIMINOtc;BILIRED2,0,1,26,22
4OHPROIMINOtc;CO2tm,0,1,26,22
4OHPROIMINOtc;COt,0,1,26,22
4OHPROIMINOtc;CPPPGO,0,1,26,22
4OHPROIMINOtc;FCLTm,0,1,26,22
4OHPROIMINOtc;FE2tm,0,1,26,22
4OHPROIMINOtc;H2O2t,0,1,26,22
4OHPROIMINOtc;HMBS,0,1,26,22
4OHPROIMINOtc;HOXG,0,1,26,22
4OHPROIMINOtc;NDP7er,0,1,26,22
4OHPROIMINOtc;PHEMEtm,0,1,26,22
4OHPROIMINOtc;PIMALtm,0,1,26,22
4OHPROIMINOtc;PIt2r,0,1,26,22
4OHPROIMINOtc;PPBNGS,0,1,26,22
4OHPROIMINOtc;PPPG9tm,0,1,26,22
4OHPROIMINOtc;PPPGOm,0,1,26,22
4OHPROIMINOtc;PROAKGOX1m,0,1,26,22
4OHPROIMINOtc;PROtm,0,1,26,22
4OHPROIMINOtc;RND213,0,1,26,22
4OHPROIMINOtc;SO3AKGtm,0,1,26,22
4OHPROIMINOtc;SO3MALtm,0,1,26,22
4OHPROIMINOtc;TYROX,0,1,26,22
4OHPROIMINOtc;TYRTA,0,1,26,22
4OHPROIMINOtc;UDPGD,0,1,26,22
4OHPROIMINOtc;UDPGLCAter,0,1,26,22
4OHPROIMINOtc;UPP3S,0,1,26,22
4OHPROIMINOtc;UPPDC1,0,1,26,22
5AOPtm;ACACFORte,1,0,25,23
5AOPtm;ACACPYRte,1,0,25,23
5AOPtm;ACALDtm,1,0,25,23
5AOPtm;ACCOAL2,1,1,25,22
5AOPtm;ACOAS,1,1,25,22
5AOPtm;ACt2m,1,0,25,23
5AOPtm;AKGACONtm,1,0,25,23
5AOPtm;AKGGHTRDtm,1,0,25,23
5AOPtm;AKGICITtm,2,0,24,23
5AOPtm;AKGMALtm,1,0,25,23
5AOPtm;AKGSUCCtm,0,2,26,21
5AOPtm;ALDD2x,0,1,26,22
5AOPtm;ALDD2xm,1,0,25,23
5AOPtm;ARGN,1,0,25,23
5AOPtm;ASPGLUm,2,0,24,23
5AOPtm;ASPTAm,2,0,24,23
5AOPtm;CBPSam,1,0,25,23
5AOPtm;CITRORNtm,1,0,25,23
5AOPtm;CITRt2m,2,4,24,19
5AOPtm;CITRte,1,0,25,23
5AOPtm;CITRtm,2,2,24,21
5AOPtm;CITSUCCtm,0,1,26,22
5AOPtm;COAtm,0,1,26,22
5AOPtm;CRNtim,0,1,26,22
5AOPtm;DHFR,1,0,25,23
5AOPtm;DHFtm,1,0,25,23
5AOPtm;GLUPROASCT1,0,1,26,22
5AOPtm;GTPGDPtm,0,1,26,22
5AOPtm;H2Otg,0,1,26,22
5AOPtm;HCO3tm,1,0,25,23
5AOPtm;Htg,0,1,26,22
5AOPtm;ICDHyr,0,1,26,22
5AOPtm;ICITCITtm,0,1,26,22
5AOPtm;L_LACt2r,0,1,26,22
5AOPtm;MAL_Lte,1,0,25,23
5AOPtm;MDHm,1,0,25,23
5AOPtm;NDP7g,0,1,26,22
5AOPtm;NH4tm,1,0,25,23
5AOPtm;O2tm,0,1,26,22
5AOPtm;OCBTm,1,0,25,23
5AOPtm;OROTGLUt,0,1,26,22
5AOPtm;OROTi,0,1,26,22
5AOPtm;OXALSUCCCL,0,1,26,22
5AOPtm;PEPCKm,1,0,25,23
5AOPtm;PGI,0,1,26,22
5AOPtm;PIGTHRDLtm,1,0,25,23
5AOPtm;PIMALtm,0,1,26,22
5AOPtm;PIt2m_2,0,1,26,22
5AOPtm;PItg,0,1,26,22
5AOPtm;PROGLUtm,0,1,26,22
5AOPtm;PROtm,0,1,26,22
5AOPtm;RDH1,1,0,25,23
5AOPtm;RDH1a,1,0,25,23
5AOPtm;SO3AKGtm,0,1,26,22
5AOPtm;SO3MALtm,0,1,26,22
5AOPtm;SUCCICITtm,1,0,25,23
5AOPtm;SUCCt4_2,1,0,25,23
5AOPtm;SUCOAS1m,0,2,26,21
5AOPtm;THFtm,1,0,25,23
5AOPtm;THRA,0,2,26,21
5MTHFt2;ALAR,1,0,25,23
5MTHFt2;CATp,1,0,25,23
5MTHFt2;DALAOXx,1,0,25,23
5MTHFt2;DALAxt,1,0,25,23
5MTHFt2;FTHFDHm,1,0,25,23
5MTHFt2;GUAD,1,0,25,23
5MTHFt2;H2O2tp,1,0,25,23
5MTHFt2;LACLt,1,0,25,23
5MTHFt2;LDH_Lp,1,0,25,23
5MTHFt2;NH4tp,1,0,25,23
5MTHFt2;NTD9,1,0,25,23
5MTHFt2;PIt2m_2,1,0,25,23
5MTHFt2;PUNP3,1,0,25,23
5MTHFt2;URATEabc,1,0,25,23
5MTHFt2;URATEt,1,0,25,23
5MTHFt2;URATEti,1,0,25,23
5MTHFt2;URATEtx,1,0,25,23
5MTHFt2;XANDp,1,0,25,23
5MTHFt2;XANtx,1,0,25,23
5MTHFt2;XAO,1,0,25,23
AACOAT;ACACT1r,0,1,26,22
AACOAT;ACCOAL2,0,2,26,21
AACOAT;ACHtn,2,0,24,23
AACOAT;ACITLn,2,0,24,23
AACOAT;ACOAS,0,2,26,21
AACOAT;ACONTa,1,0,25,23
AACOAT;ACONTam,1,0,25,23
AACOAT;ACONTbm,2,0,24,23
AACOAT;ADPT,0,1,26,22
AACOAT;ADPtn,2,0,24,23
AACOAT;AKGCITtm,1,0,25,23
AACOAT;ALDD2x,0,2,26,21
AACOAT;ATPtn,2,0,24,23
AACOAT;CHAT,2,0,24,23
AACOAT;CHATn,2,0,24,23
AACOAT;CHOLtn,2,0,24,23
AACOAT;CITtn,2,0,24,23
AACOAT;DADK3,0,1,26,22
AACOAT;DHFRm,1,0,25,23
AACOAT;DHFRx,1,0,25,23
AACOAT;DRPA,0,1,26,22
AACOAT;GLUPROASCT1,0,1,26,22
AACOAT;ICDHyrm,1,0,25,23
AACOAT;NTD6,0,1,26,22
AACOAT;O2tm,0,1,26,22
AACOAT;OAAtn,2,0,24,23
AACOAT;OXALSUCCCLm,2,0,24,23
AACOAT;PEPCK,1,0,25,23
AACOAT;PGI,0,1,26,22
AACOAT;PItn,2,0,24,23
AACOAT;PPM2,0,1,26,22
AACOAT;PUNP2,0,1,26,22
AACOAT;THRA,0,1,26,22
AAPSAS;FAE180,1,0,25,23
AAPSAS;GLUt2m,1,0,25,23
AAPSAS;HACD180,1,0,25,23
AAPSAS;HSD180,1,0,25,23
AAPSAS;RTOT5,1,0,25,23
AAPSAS;TECR180,1,0,25,23
AASAD3;GLUt2m,1,0,25,23
AASAD3m;FAE180,1,0,25,23
AASAD3m;HACD180,1,0,25,23
AASAD3m;HSD180,1,0,25,23
AASAD3m;RTOT5,1,0,25,23
AASAD3m;TECR180,1,0,25,23
AATA;FAE180,1,0,25,23
AATA;GLUt2m,1,0,25,23
AATA;HACD180,1,0,25,23
AATA;HSD180,1,0,25,23
AATA;RTOT5,1,0,25,23
AATA;TECR180,1,0,25,23
ABTArm;ACALDtm,1,0,25,23
ABTArm;ACCOAL2,1,0,25,23
ABTArm;ACOAS,1,0,25,23
ABTArm;ACt2m,1,0,25,23
ABTArm;AKGICITtm,1,0,25,23
ABTArm;AKGMALtm,1,0,25,23
ABTArm;ALDD2xm,1,0,25,23
ABTArm;ARGN,1,0,25,23
ABTArm;ASPGLUm,1,0,25,23
ABTArm;ASPTAm,1,0,25,23
ABTArm;CBPSam,1,0,25,23
ABTArm;CITRORNtm,1,0,25,23
ABTArm;CITRte,1,0,25,23
ABTArm;HCO3tm,1,0,25,23
ABTArm;MAL_Lte,1,0,25,23
ABTArm;MDHm,1,0,25,23
ABTArm;NH4tm,1,0,25,23
ABTArm;OCBTm,1,0,25,23
ABTArm;SUCCICITtm,1,0,25,23
ABUTD;PTCRTD,1,0,25,23
ABUTD;PTRCOR,1,0,25,23
ACACFORte;ACACLACte,0,1,26,22
ACACFORte;AKGDa1,1,0,25,23
ACACFORte;AKGDa2,1,0,25,23
ACACFORte;AKGDb,1,0,25,23
ACACFORte;AKGGHTRDtm,1,0,25,23
ACACFORte;ALASm,1,0,25,23
ACACFORte;AMID6,0,1,26,22
ACACFORte;BILGLCURt,1,0,25,23
ACACFORte;BILGLCURtr,1,0,25,23
ACACFORte;BILIRED2,1,0,25,23
ACACFORte;BILIRUBtr,1,0,25,23
ACACFORte;CO2tm,1,0,25,23
ACACFORte;COt,1,0,25,23
ACACFORte;CPPPGO,1,0,25,23
ACACFORte;DLD,1,0,25,23
ACACFORte;FCLTm,1,0,25,23
ACACFORte;FE2tm,1,0,25,23
ACACFORte;FTHFDHm,1,0,25,23
ACACFORte;GALU,1,0,25,23
ACACFORte;GPAT,0,1,26,22
ACACFORte;HMBS,1,0,25,23
ACACFORte;HOXG,1,0,25,23
ACACFORte;Htr,1,0,25,23
ACACFORte;NDP7er,1,0,25,23
ACACFORte;P45011A1m,1,0,25,23
ACACFORte;PGMT,1,0,25,23
ACACFORte;PHEMEtm,1,0,25,23
ACACFORte;PIGTHRDLtm,1,0,25,23
ACACFORte;PPA,1,0,25,23
ACACFORte;PPBNGS,1,0,25,23
ACACFORte;PPPG9tm,1,0,25,23
ACACFORte;PPPGOm,1,0,25,23
ACACFORte;PRGNLONEtm,1,0,25,23
ACACFORte;PRGNLONEtr,1,0,25,23
ACACFORte;SSALym,0,1,26,22
ACACFORte;UDPGD,1,0,25,23
ACACFORte;UDPGLCAter,1,0,25,23
ACACFORte;UGT1A10r,1,0,25,23
ACACFORte;UPP3S,1,0,25,23
ACACFORte;UPPDC1,1,0,25,23
ACACLACte;ACGAM6PSi,0,1,26,22
ACACLACte;ACGAMPM,0,1,26,22
ACACLACte;ACNMLr,0,1,26,22
ACACLACte;ADSK,0,1,26,22
ACACLACte;BPNT,0,1,26,22
ACACLACte;CMPACNAtg,0,1,26,22
ACACLACte;CMPSAS,0,1,26,22
ACACLACte;GF6PTA,0,1,26,22
ACACLACte;H2Otg,0,1,26,22
ACACLACte;Htg,0,1,26,22
ACACLACte;LDH_L,0,2,26,21
ACACLACte;NDP7g,0,1,26,22
ACACLACte;PAPStg,0,1,26,22
ACACLACte;PAPtg,0,1,26,22
ACACLACte;PGI,0,1,26,22
ACACLACte;PItg,0,1,26,22
ACACLACte;PPA,0,1,26,22
ACACLACte;SADT,0,1,26,22
ACACLACte;SO4HCOtex,0,1,26,22
ACACLACte;THRA,0,1,26,22
ACACLACte;TXA2tr,0,1,26,22
ACACLACte;TXB2c,0,1,26,22
ACACLACte;TXB2r,0,1,26,22
ACACLACte;TXB2tr,0,1,26,22
ACACLACte;UAG2EMAi,0,1,26,22
ACACLACte;UAGDP,0,1,26,22
ACACLACte;UDPG4E,0,1,26,22
ACACLACte;UDPGALtg,0,1,26,22
ACACLACte;UGLCNACtg,0,1,26,22
ACACLACte;UMPK,0,1,26,22
ACACPYRte;ACGAM6PSi,0,1,26,22
ACACPYRte;ACGAMPM,0,1,26,22
ACACPYRte;ACNMLr,0,1,26,22
ACACPYRte;ADSK,0,1,26,22
ACACPYRte;AKGDa1,1,0,25,23
ACACPYRte;AKGDa2,1,0,25,23
ACACPYRte;AKGDb,1,0,25,23
ACACPYRte;AKGGHTRDtm,1,0,25,23
ACACPYRte;ALASm,1,0,25,23
ACACPYRte;AMID6,0,1,26,22
ACACPYRte;BILGLCURt,1,0,25,23
ACACPYRte;BILGLCURtr,1,0,25,23
ACACPYRte;BILIRED2,1,0,25,23
ACACPYRte;BILIRUBtr,1,0,25,23
ACACPYRte;BPNT,0,1,26,22
ACACPYRte;CMPACNAtg,0,1,26,22
ACACPYRte;CMPSAS,0,1,26,22
ACACPYRte;CO2tm,1,0,25,23
ACACPYRte;COt,1,0,25,23
ACACPYRte;CPPPGO,1,0,25,23
ACACPYRte;DLD,1,0,25,23
ACACPYRte;FCLTm,1,0,25,23
ACACPYRte;FE2tm,1,0,25,23
ACACPYRte;FTHFDHm,1,0,25,23
ACACPYRte;GALU,1,0,25,23
ACACPYRte;GF6PTA,0,1,26,22
ACACPYRte;GPAT,0,1,26,22
ACACPYRte;H2Otg,0,1,26,22
ACACPYRte;HMBS,1,0,25,23
ACACPYRte;HOXG,1,0,25,23
ACACPYRte;Htg,0,1,26,22
ACACPYRte;Htr,1,0,25,23
ACACPYRte;LDH_L,0,2,26,21
ACACPYRte;NDP7er,1,0,25,23
ACACPYRte;NDP7g,0,1,26,22
ACACPYRte;P45011A1m,1,0,25,23
ACACPYRte;PAPStg,0,1,26,22
ACACPYRte;PAPtg,0,1,26,22
ACACPYRte;PGI,0,1,26,22
ACACPYRte;PGMT,1,0,25,23
ACACPYRte;PHEMEtm,1,0,25,23
ACACPYRte;PIGTHRDLtm,1,0,25,23
ACACPYRte;PItg,0,1,26,22
ACACPYRte;PPA,1,1,25,22
ACACPYRte;PPBNGS,1,0,25,23
ACACPYRte;PPPG9tm,1,0,25,23
ACACPYRte;PPPGOm,1,0,25,23
ACACPYRte;PRGNLONEtm,1,0,25,23
ACACPYRte;PRGNLONEtr,1,0,25,23
ACACPYRte;SADT,0,1,26,22
ACACPYRte;SO4HCOtex,0,1,26,22
ACACPYRte;SSALym,0,1,26,22
ACACPYRte;THRA,0,1,26,22
ACACPYRte;TXA2tr,0,1,26,22
ACACPYRte;TXB2c,0,1,26,22
ACACPYRte;TXB2r,0,1,26,22
ACACPYRte;TXB2tr,0,1,26,22
ACACPYRte;UAG2EMAi,0,1,26,22
ACACPYRte;UAGDP,0,1,26,22
ACACPYRte;UDPG4E,0,1,26,22
ACACPYRte;UDPGALtg,0,1,26,22
ACACPYRte;UDPGD,1,0,25,23
ACACPYRte;UDPGLCAter,1,0,25,23
ACACPYRte;UGLCNACtg,0,1,26,22
ACACPYRte;UGT1A10r,1,0,25,23
ACACPYRte;UMPK,0,1,26,22
ACACPYRte;UPP3S,1,0,25,23
ACACPYRte;UPPDC1,1,0,25,23
ACACPYRtm;ACACT1r,0,1,26,22
ACACPYRtm;ACCOAL2,0,2,26,21
ACACPYRtm;ACOAS,0,2,26,21
ACACPYRtm;ADPT,0,1,26,22
ACACPYRtm;ALDD2x,0,2,26,21
ACACPYRtm;DADK3,0,1,26,22
ACACPYRtm;DRPA,0,1,26,22
ACACPYRtm;GLUPROASCT1,0,1,26,22
ACACPYRtm;NTD6,0,1,26,22
ACACPYRtm;O2tm,0,1,26,22
ACACPYRtm;PGI,0,1,26,22
ACACPYRtm;PPM2,0,1,26,22
ACACPYRtm;PUNP2,0,1,26,22
ACACPYRtm;THRA,0,1,26,22
ACACT180m;ARTFR13,0,1,26,22
ACACT180m;DPCOAK,0,1,26,22
ACACT180m;FA140ACPH,0,1,26,22
ACACT180m;FACOAL140i,0,1,26,22
ACACT180m;PNTK,0,1,26,22
ACACT180m;PNTOt1,0,1,26,22
ACACT180m;PPCDC,0,1,26,22
ACACT180m;PPNCL2,0,1,26,22
ACACT180m;PTPAT,0,1,26,22
ACACT180m;RTOT1,0,1,26,22
ACACT180m;RTOTALCRNCPT1,0,1,26,22
ACACT180m;RTOTALCRNCPT2,0,1,26,22
ACACT180m;RTOTALCRNt,0,1,26,22
ACACT1r;ACACT1rm,0,1,26,22
ACACT1r;ACCOAL2,0,2,26,21
ACACT1r;ACHtn,2,0,24,23
ACACT1r;ACITLn,2,0,24,23
ACACT1r;ACOA40ORm,3,0,23,23
ACACT1r;ACOAD1fm,3,0,23,23
ACACT1r;ACOAS,0,2,26,21
ACACT1r;ACONTa,1,0,25,23
ACACT1r;ACONTam,1,0,25,23
ACACT1r;ACONTbm,2,0,24,23
ACACT1r;ADK3m,3,0,23,23
ACACT1r;ADPT,0,1,26,22
ACACT1r;ADPtn,2,0,24,23
ACACT1r;AKGCITtm,1,0,25,23
ACACT1r;ALDD2x,0,2,26,21
ACACT1r;AMPt4,2,0,24,23
ACACT1r;ATPtn,2,0,24,23
ACACT1r;CHAT,2,0,24,23
ACACT1r;CHATn,2,0,24,23
ACACT1r;CHOLtn,2,0,24,23
ACACT1r;CITtn,2,0,24,23
ACACT1r;COAtm,6,0,20,23
ACACT1r;DADK3,0,1,26,22
ACACT1r;DHFRm,1,0,25,23
ACACT1r;DHFRx,1,0,25,23
ACACT1r;DRPA,0,1,26,22
ACACT1r;ECOAH1m,6,0,20,23
ACACT1r;FCYTOB5OXRyr,1,0,25,23
ACACT1r;GLUPROASCT1,0,1,26,22
ACACT1r;GLYATm,0,1,26,22
ACACT1r;GLYtm,0,1,26,22
ACACT1r;HACD1m,6,0,20,23
ACACT1r;HMGCOASim,6,0,20,23
ACACT1r;HMGCOAtm,6,0,20,23
ACACT1r;ICDHyrm,1,0,25,23
ACACT1r;MDHm,1,0,25,23
ACACT1r;NTD6,0,1,26,22
ACACT1r;O2tm,0,1,26,22
ACACT1r;OAAtn,2,0,24,23
ACACT1r;OCOAT1m,0,1,26,22
ACACT1r;OXALSUCCCLm,2,0,24,23
ACACT1r;PEPCK,1,0,25,23
ACACT1r;PGI,0,1,26,22
ACACT1r;PItn,2,0,24,23
ACACT1r;PPItm,6,0,20,23
ACACT1r;PPM2,0,1,26,22
ACACT1r;PUNP2,0,1,26,22
ACACT1r;THR3Dx,0,1,26,22
ACACT1r;THRA,0,1,26,22
ACACT1rm;ACCOAL2,0,1,26,22
ACACT1rm;ACOA40ORm,1,0,25,23
ACACT1rm;ACOAD1fm,5,1,21,22
ACACT1rm;ACOAS,0,1,26,22
ACACT1rm;ADK3m,1,0,25,23
ACACT1rm;ADPT,0,1,26,22
ACACT1rm;AKGCITtm,1,0,25,23
ACACT1rm;ALDD2x,0,1,26,22
ACACT1rm;AMPt4,1,1,25,22
ACACT1rm;ARTFR12,0,1,26,22
ACACT1rm;BUTt2m,6,1,20,22
ACACT1rm;C161CPT1,0,1,26,22
ACACT1rm;CACT4r,0,1,26,22
ACACT1rm;COAtr,0,1,26,22
ACACT1rm;CRNtim,4,0,22,23
ACACT1rm;DADK3,0,1,26,22
ACACT1rm;DESAT16_1,0,1,26,22
ACACT1rm;DHFRm,1,0,25,23
ACACT1rm;DHFRx,1,0,25,23
ACACT1rm;DRPA,0,1,26,22
ACACT1rm;ECOAH1m,6,1,20,22
ACACT1rm;FA40ACPH,6,1,20,22
ACACT1rm;FACOAL40im,6,1,20,22
ACACT1rm;GTPGDPtm,1,0,25,23
ACACT1rm;HACD1m,6,1,20,22
ACACT1rm;Htr,0,1,26,22
ACACT1rm;MAL_Lte,1,0,25,23
ACACT1rm;NTD6,0,1,26,22
ACACT1rm;PLMCOAPTr,0,1,26,22
ACACT1rm;PMTCOAFABP1tc,0,1,26,22
ACACT1rm;PPItm,6,0,20,23
ACACT1rm;PPM2,0,1,26,22
ACACT1rm;PUNP2,0,1,26,22
ACACT1rm;RTOT4,1,0,25,23
ACACT203n6p;ACCOAL2,2,0,24,23
ACACT203n6p;ACOAS,2,0,24,23
ACACT203n6p;ALAt2r,1,0,25,23
ACACT203n6p;ALDD2x,2,0,24,23
ACACT203n6p;CSNATr,1,0,25,23
ACACT203n6p;Htr,1,0,25,23
ACACT203n6p;PPA,2,0,24,23
ACACT203n6p;THRA,2,0,24,23
ACACT203n6p;TXA2tr,1,0,25,23
ACACT203n6p;TXB2c,1,0,25,23
ACACT203n6p;TXB2r,1,0,25,23
ACACT203n6p;TXB2tr,1,0,25,23
ACACT224n6p;ARTFR41,0,1,26,22
ACACT224n6p;ARTFR52,2,0,24,23
ACACT224n6p;C161CPT1,0,1,26,22
ACACT224n6p;CACT4r,0,1,26,22
ACACT224n6p;COAtr,0,1,26,22
ACACT224n6p;DESAT16_1,0,1,26,22
ACACT224n6p;FAE200,2,0,24,23
ACACT224n6p;FAE220,2,0,24,23
ACACT224n6p;FAE240,2,0,24,23
ACACT224n6p;FAE260,2,0,24,23
ACACT224n6p;HACD200,2,0,24,23
ACACT224n6p;HACD220,2,0,24,23
ACACT224n6p;HACD240,2,0,24,23
ACACT224n6p;HACD260,2,0,24,23
ACACT224n6p;HEXCCOAtr,2,0,24,23
ACACT224n6p;HSD200,2,0,24,23
ACACT224n6p;HSD220,2,0,24,23
ACACT224n6p;HSD240,2,0,24,23
ACACT224n6p;HSD260,2,0,24,23
ACACT224n6p;PLMCOAPTr,0,1,26,22
ACACT224n6p;PMTCOAFABP1tc,0,1,26,22
ACACT224n6p;RTOT4,0,1,26,22
ACACT224n6p;TECR200,2,0,24,23
ACACT224n6p;TECR220,2,0,24,23
ACACT224n6p;TECR240,2,0,24,23
ACACT224n6p;TECR260,2,0,24,23
ACACT224n6p;TRDR,0,3,26,20
ACALDt;ADKd,0,1,26,22
ACALDt;GTPGDPtm,0,1,26,22
ACALDt;NDPK1,0,1,26,22
ACALDt;O2t,0,1,26,22
ACALDt;PYK6,0,3,26,20
ACALDtm;ACOA40ORm,1,0,25,23
ACALDtm;ALASm,1,0,25,23
ACALDtm;ALDD2x,1,0,25,23
ACALDtm;AMPt4,1,0,25,23
ACALDtm;BILIRED2,1,0,25,23
ACALDtm;BILIRUBtr,1,0,25,23
ACALDtm;COAtm,1,0,25,23
ACALDtm;COt,1,0,25,23
ACALDtm;CPPPGO,1,0,25,23
ACALDtm;ECOAH1m,1,0,25,23
ACALDtm;FCLTm,1,0,25,23
ACALDtm;FE2tm,1,0,25,23
ACALDtm;GALU,1,0,25,23
ACALDtm;GTPGDPtm,1,0,25,23
ACALDtm;HACD1m,1,0,25,23
ACALDtm;HMBS,1,0,25,23
ACALDtm;HMGCOASim,1,0,25,23
ACALDtm;HMGCOAtm,1,0,25,23
ACALDtm;HOXG,1,0,25,23
ACALDtm;NDP7er,1,0,25,23
ACALDtm;PGMT,1,0,25,23
ACALDtm;PHEMEtm,1,0,25,23
ACALDtm;PPBNGS,1,0,25,23
ACALDtm;PPItm,1,0,25,23
ACALDtm;PPPG9tm,1,0,25,23
ACALDtm;PPPGOm,1,0,25,23
ACALDtm;SSALym,1,0,25,23
ACALDtm;SUCOAS1m,1,0,25,23
ACALDtm;UDPGD,1,0,25,23
ACALDtm;UPP3S,1,0,25,23
ACALDtm;UPPDC1,1,0,25,23
ACCOAL2;ACHtn,15,0,11,23
ACCOAL2;ACITL,0,1,26,22
ACCOAL2;ACITLn,15,0,11,23
ACCOAL2;ACOAD203n6p,2,0,24,23
ACCOAL2;ACONTa,5,0,21,23
ACCOAL2;ACONTam,5,0,21,23
ACCOAL2;ACONTb,5,0,21,23
ACCOAL2;ACONTbm,3,0,23,23
ACCOAL2;ADNK1,1,0,25,23
ACCOAL2;ADPtn,15,0,11,23
ACCOAL2;AHC,1,0,25,23
ACCOAL2;AHCYStn,1,0,25,23
ACCOAL2;AKGACONtm,1,0,25,23
ACCOAL2;AKGCITtm,2,0,24,23
ACCOAL2;AKGDa1,2,0,24,23
ACCOAL2;AKGDa2,2,0,24,23
ACCOAL2;AKGDb,2,0,24,23
ACCOAL2;AKGGHTRDtm,1,1,25,22
ACCOAL2;AKGICITtm,5,0,21,23
ACCOAL2;AKGMALtm,1,0,25,23
ACCOAL2;AKGtn,1,0,25,23
ACCOAL2;ALAR,3,0,23,23
ACCOAL2;ALASm,1,1,25,22
ACCOAL2;AMETtn,1,0,25,23
ACCOAL2;ASNN,2,0,24,23
ACCOAL2;ASPTA,1,0,25,23
ACCOAL2;ATPtn,15,0,11,23
ACCOAL2;BILIRED2,1,1,25,22
ACCOAL2;BILIRUBtr,1,1,25,22
ACCOAL2;CATp,3,0,23,23
ACCOAL2;CBPPer,3,0,23,23
ACCOAL2;CBPter,3,0,23,23
ACCOAL2;CHAT,15,0,11,23
ACCOAL2;CHATn,15,0,11,23
ACCOAL2;CHOLtn,15,0,11,23
ACCOAL2;CITACONtm,1,0,25,23
ACCOAL2;CITRt2m,0,1,26,22
ACCOAL2;CITSUCCtm,1,0,25,23
ACCOAL2;CITtam,1,0,25,23
ACCOAL2;CITtbm,1,0,25,23
ACCOAL2;CITtn,15,0,11,23
ACCOAL2;CLFORtex,4,0,22,23
ACCOAL2;CO2tm,2,0,24,23
ACCOAL2;CO2tn,1,0,25,23
ACCOAL2;COt,1,1,25,22
ACCOAL2;CPPPGO,1,1,25,22
ACCOAL2;CRNCARtp,3,0,23,23
ACCOAL2;CSNATp,3,0,23,23
ACCOAL2;CSNATr,2,0,24,23
ACCOAL2;CSm,1,0,25,23
ACCOAL2;DALAOXx,3,0,23,23
ACCOAL2;DALAxt,3,0,23,23
ACCOAL2;DHFR,1,0,25,23
ACCOAL2;DHFRm,4,0,22,23
ACCOAL2;DHFRx,1,0,25,23
ACCOAL2;DHFtm,3,0,23,23
ACCOAL2;DLD,1,0,25,23
ACCOAL2;DLNLCGCOAtcx,2,0,24,23
ACCOAL2;DLNLCGCOAtr,2,0,24,23
ACCOAL2;FAE2031,2,0,24,23
ACCOAL2;FALDtn,1,0,25,23
ACCOAL2;FCLTm,1,1,25,22
ACCOAL2;FE2tm,1,1,25,22
ACCOAL2;G6PPer,1,0,25,23
ACCOAL2;GALU,1,1,25,22
ACCOAL2;GLUPROASCT1,2,0,24,23
ACCOAL2;GLYATm,0,1,26,22
ACCOAL2;GLYt7_311_r,1,0,25,23
ACCOAL2;GLYtm,0,1,26,22
ACCOAL2;GTPGDPtm,3,1,23,22
ACCOAL2;HACD2031,2,0,24,23
ACCOAL2;HCO3E,1,0,25,23
ACCOAL2;HEX12,1,0,25,23
ACCOAL2;HMBS,1,1,25,22
ACCOAL2;HMGDH,1,0,25,23
ACCOAL2;HMGS,1,0,25,23
ACCOAL2;HOXG,1,1,25,22
ACCOAL2;HSD2031,2,0,24,23
ACCOAL2;Htr,3,0,23,23
ACCOAL2;ICDHxrm,2,0,24,23
ACCOAL2;ICDHyr,1,0,25,23
ACCOAL2;ICDHyrm,7,0,19,23
ACCOAL2;ICITMALtm,1,0,25,23
ACCOAL2;KCC2t,1,0,25,23
ACCOAL2;LACLt,3,0,23,23
ACCOAL2;LDH_Lp,3,0,23,23
ACCOAL2;LHCYSTIN,1,0,25,23
ACCOAL2;LHCYSTINt,1,0,25,23
ACCOAL2;LNLNCGCOAtr,2,0,24,23
ACCOAL2;LNLNCGCOAtx,2,0,24,23
ACCOAL2;METAT,1,0,25,23
ACCOAL2;NDP7er,1,1,25,22
ACCOAL2;NDPK1,0,1,26,22
ACCOAL2;NH4tp,3,0,23,23
ACCOAL2;NH4tr,3,0,23,23
ACCOAL2;O2tn,1,0,25,23
ACCOAL2;O2tp,3,0,23,23
ACCOAL2;OAAtn,15,0,11,23
ACCOAL2;OCOAT1m,0,2,26,21
ACCOAL2;OXALSUCCCL,1,0,25,23
ACCOAL2;OXALSUCCCLm,7,1,19,22
ACCOAL2;PEPCK,6,1,20,22
ACCOAL2;PGMT,1,1,25,22
ACCOAL2;PHEMEtm,1,1,25,22
ACCOAL2;PIGTHRDLtm,1,1,25,22
ACCOAL2;PIter,0,1,26,22
ACCOAL2;PItn,9,0,17,23
ACCOAL2;PPBNGS,1,1,25,22
ACCOAL2;PPPG9tm,1,1,25,22
ACCOAL2;PPPGOm,1,1,25,22
ACCOAL2;PROAKGOX1m,1,0,25,23
ACCOAL2;PROGLUtm,1,0,25,23
ACCOAL2;PYRtm,0,1,26,22
ACCOAL2;SFGTH,1,0,25,23
ACCOAL2;SSALym,1,0,25,23
ACCOAL2;SUCCACONtm,1,0,25,23
ACCOAL2;SUCCICITtm,2,0,24,23
ACCOAL2;SUCCt4_3,1,0,25,23
ACCOAL2;SUCOAS1m,3,1,23,22
ACCOAL2;TECR2031,2,0,24,23
ACCOAL2;THFtm,3,0,23,23
ACCOAL2;THR3Dx,0,1,26,22
ACCOAL2;UDPGD,1,1,25,22
ACCOAL2;UDPGLCAter,0,1,26,22
ACCOAL2;UPP3S,1,1,25,22
ACCOAL2;UPPDC1,1,1,25,22
ACFORte;CLFORtex,1,0,25,23
ACGAM2E;UAG2EMAi,1,0,25,23
ACGAM6PSi;ADSK,1,0,25,23
ACGAM6PSi;ARTFR52,2,0,24,23
ACGAM6PSi;ASPPROASCT1,1,0,25,23
ACGAM6PSi;BPNT,1,0,25,23
ACGAM6PSi;CBPPer,2,0,24,23
ACGAM6PSi;CBPter,2,0,24,23
ACGAM6PSi;CYTK1,2,2,24,21
ACGAM6PSi;CYTK3,7,1,19,22
ACGAM6PSi;CYTK8,2,2,24,21
ACGAM6PSi;DHFR,1,0,25,23
ACGAM6PSi;DHFtm,1,0,25,23
ACGAM6PSi;DPCOAK,0,1,26,22
ACGAM6PSi;FAE200,2,0,24,23
ACGAM6PSi;FAE220,2,0,24,23
ACGAM6PSi;FAE240,2,0,24,23
ACGAM6PSi;FAE260,2,0,24,23
ACGAM6PSi;G6PPer,1,0,25,23
ACGAM6PSi;GLUPROASCT1,0,2,26,21
ACGAM6PSi;GPDDA1,0,1,26,22
ACGAM6PSi;GUAD,1,1,25,22
ACGAM6PSi;HACD200,2,0,24,23
ACGAM6PSi;HACD220,2,0,24,23
ACGAM6PSi;HACD240,2,0,24,23
ACGAM6PSi;HACD260,2,0,24,23
ACGAM6PSi;HCO3E,1,1,25,22
ACGAM6PSi;HEXCCOAtr,2,0,24,23
ACGAM6PSi;HSD200,2,0,24,23
ACGAM6PSi;HSD220,2,0,24,23
ACGAM6PSi;HSD240,2,0,24,23
ACGAM6PSi;HSD260,2,0,24,23
ACGAM6PSi;Htr,1,1,25,22
ACGAM6PSi;IDHPOXOX2b,1,0,25,23
ACGAM6PSi;IDHPOXOX3,1,0,25,23
ACGAM6PSi;IDHPOXOXb,1,0,25,23
ACGAM6PSi;It,1,0,25,23
ACGAM6PSi;LCYSTCBOXL,1,0,25,23
ACGAM6PSi;LPASE,0,1,26,22
ACGAM6PSi;L_LACt2r,0,1,26,22
ACGAM6PSi;NH4tr,2,0,24,23
ACGAM6PSi;NTD9,1,1,25,22
ACGAM6PSi;PFK2,1,1,25,22
ACGAM6PSi;PGAM1_PhosHydro,0,1,26,22
ACGAM6PSi;PGI,0,1,26,22
ACGAM6PSi;PNTK,0,1,26,22
ACGAM6PSi;PNTOt1,0,1,26,22
ACGAM6PSi;PPCDC,0,1,26,22
ACGAM6PSi;PPNCL2,0,1,26,22
ACGAM6PSi;PTPAT,0,1,26,22
ACGAM6PSi;PUNP3,1,1,25,22
ACGAM6PSi;PYK,0,1,26,22
ACGAM6PSi;R5Ptr,3,0,23,23
ACGAM6PSi;RPI,11,12,15,11
ACGAM6PSi;RPIr,3,0,23,23
ACGAM6PSi;RTOT5,2,0,24,23
ACGAM6PSi;RU5Ptr,3,0,23,23
ACGAM6PSi;R_group_phosphotase_1,0,1,26,22
ACGAM6PSi;SADT,1,0,25,23
ACGAM6PSi;TAURCHAe,1,0,25,23
ACGAM6PSi;TECR200,2,0,24,23
ACGAM6PSi;TECR220,2,0,24,23
ACGAM6PSi;TECR240,2,0,24,23
ACGAM6PSi;TECR260,2,0,24,23
ACGAM6PSi;THFtm,1,0,25,23
ACGAM6PSi;THYPX,1,0,25,23
ACGAM6PSi;TRIODTHYSUFt,1,0,25,23
ACGAM6PSi;TRIODTHYSULT,1,0,25,23
ACGAM6PSi;TXA2tr,1,0,25,23
ACGAM6PSi;TXB2c,1,0,25,23
ACGAM6PSi;TXB2r,1,0,25,23
ACGAM6PSi;TXB2tr,1,0,25,23
ACGAM6PSi;URATEt,1,1,25,22
ACGAM6PSi;XAO,1,1,25,22
ACGAMPM;ADSK,1,0,25,23
ACGAMPM;ARTFR52,2,0,24,23
ACGAMPM;ASPPROASCT1,1,0,25,23
ACGAMPM;BPNT,1,0,25,23
ACGAMPM;CBPPer,2,0,24,23
ACGAMPM;CBPter,2,0,24,23
ACGAMPM;CYTK1,2,2,24,21
ACGAMPM;CYTK3,7,1,19,22
ACGAMPM;CYTK8,2,2,24,21
ACGAMPM;DHFR,1,0,25,23
ACGAMPM;DHFtm,1,0,25,23
ACGAMPM;DPCOAK,0,1,26,22
ACGAMPM;FAE200,2,0,24,23
ACGAMPM;FAE220,2,0,24,23
ACGAMPM;FAE240,2,0,24,23
ACGAMPM;FAE260,2,0,24,23
ACGAMPM;G6PPer,1,0,25,23
ACGAMPM;GLUPROASCT1,0,2,26,21
ACGAMPM;GPDDA1,0,1,26,22
ACGAMPM;GUAD,1,1,25,22
ACGAMPM;HACD200,2,0,24,23
ACGAMPM;HACD220,2,0,24,23
ACGAMPM;HACD240,2,0,24,23
ACGAMPM;HACD260,2,0,24,23
ACGAMPM;HCO3E,1,1,25,22
ACGAMPM;HEXCCOAtr,2,0,24,23
ACGAMPM;HSD200,2,0,24,23
ACGAMPM;HSD220,2,0,24,23
ACGAMPM;HSD240,2,0,24,23
ACGAMPM;HSD260,2,0,24,23
ACGAMPM;Htr,1,1,25,22
ACGAMPM;IDHPOXOX2b,1,0,25,23
ACGAMPM;IDHPOXOX3,1,0,25,23
ACGAMPM;IDHPOXOXb,1,0,25,23
ACGAMPM;It,1,0,25,23
ACGAMPM;LCYSTCBOXL,1,0,25,23
ACGAMPM;LPASE,0,1,26,22
ACGAMPM;L_LACt2r,0,1,26,22
ACGAMPM;NH4tr,2,0,24,23
ACGAMPM;NTD9,1,1,25,22
ACGAMPM;PFK2,1,1,25,22
ACGAMPM;PGAM1_PhosHydro,0,1,26,22
ACGAMPM;PGI,0,1,26,22
ACGAMPM;PNTK,0,1,26,22
ACGAMPM;PNTOt1,0,1,26,22
ACGAMPM;PPCDC,0,1,26,22
ACGAMPM;PPNCL2,0,1,26,22
ACGAMPM;PTPAT,0,1,26,22
ACGAMPM;PUNP3,1,1,25,22
ACGAMPM;PYK,0,1,26,22
ACGAMPM;R5Ptr,3,0,23,23
ACGAMPM;RPI,11,12,15,11
ACGAMPM;RPIr,3,0,23,23
ACGAMPM;RTOT5,2,0,24,23
ACGAMPM;RU5Ptr,3,0,23,23
ACGAMPM;R_group_phosphotase_1,0,2,26,21
ACGAMPM;SADT,1,0,25,23
ACGAMPM;TAURCHAe,1,0,25,23
ACGAMPM;TECR200,2,0,24,23
ACGAMPM;TECR220,2,0,24,23
ACGAMPM;TECR240,2,0,24,23
ACGAMPM;TECR260,2,0,24,23
ACGAMPM;THFtm,1,0,25,23
ACGAMPM;THYPX,1,0,25,23
ACGAMPM;TRIODTHYSUFt,1,0,25,23
ACGAMPM;TRIODTHYSULT,1,0,25,23
ACGAMPM;TXA2tr,1,0,25,23
ACGAMPM;TXB2c,1,0,25,23
ACGAMPM;TXB2r,1,0,25,23
ACGAMPM;TXB2tr,1,0,25,23
ACGAMPM;URATEt,1,1,25,22
ACGAMPM;XAO,1,1,25,22
ACGAMtly;R_group_phosphotase_1,0,1,26,22
ACGAMtly;UAG2EMAi,1,0,25,23
ACHEe;CLFORtex,3,0,23,23
ACHtn;ACITL,3,2,23,21
ACHtn;ACOAS,15,0,11,23
ACHtn;ACONTam,1,0,25,23
ACHtn;ACt2m,4,0,22,23
ACHtn;AKGACONtm,1,0,25,23
ACHtn;AKGMALtm,1,0,25,23
ACHtn;ALDD2x,4,0,22,23
ACHtn;ALDD2y,4,0,22,23
ACHtn;ASPGLUm,2,0,24,23
ACHtn;ASPPROASCT1,1,1,25,22
ACHtn;ASPTAm,2,0,24,23
ACHtn;ASPt6,0,1,26,22
ACHtn;CITOAL,4,0,22,23
ACHtn;CO2tm,2,0,24,23
ACHtn;FBA3,1,0,25,23
ACHtn;HCO3E,0,1,26,22
ACHtn;HMGL,2,0,24,23
ACHtn;Htr,1,0,25,23
ACHtn;MAL_Lte,0,1,26,22
ACHtn;PEPCKm,1,0,25,23
ACHtn;PFK_3,1,0,25,23
ACHtn;PIt2m_2,1,0,25,23
ACHtn;THRA,5,0,21,23
ACHtn;TPI,1,0,25,23
ACHtn;TXA2tr,1,0,25,23
ACHtn;TXB2c,1,0,25,23
ACHtn;TXB2r,1,0,25,23
ACHtn;TXB2tr,1,0,25,23
ACITL;ACITLn,3,2,23,21
ACITL;ACOAS,0,1,26,22
ACITL;ACONTa,0,1,26,22
ACITL;ADPtn,3,2,23,21
ACITL;ARTFR41,0,1,26,22
ACITL;ATPtn,3,2,23,21
ACITL;C161CPT1,0,1,26,22
ACITL;CACT4r,0,1,26,22
ACITL;CHAT,2,2,24,21
ACITL;CHATn,3,2,23,21
ACITL;CHOLtn,3,2,23,21
ACITL;CITtn,3,2,23,21
ACITL;CO2tm,0,1,26,22
ACITL;DESAT16_1,0,1,26,22
ACITL;NADHtru,0,1,26,22
ACITL;NADtru,0,1,26,22
ACITL;OAAtn,3,2,23,21
ACITL;P5CRxm,0,1,26,22
ACITL;PItn,2,1,24,22
ACITL;PLMCOAPTr,0,1,26,22
ACITL;PMTCOAFABP1tc,0,1,26,22
ACITL;PROD2m,0,1,26,22
ACITL;RTOT4,0,1,26,22
ACNAM9PL;ATP1ter,1,0,25,23
ACNAM9PL;CDPRBTLtg,1,0,25,23
ACNAM9PL;CDPtg,1,0,25,23
ACNAM9PL;CO2tg,1,0,25,23
ACNAM9PL;DOLMANP_ter,1,0,25,23
ACNAM9PL;DOLPMT,1,0,25,23
ACNAM9PL;DOLPOMTr,1,0,25,23
ACNAM9PL;DOLP_ter,1,0,25,23
ACNAM9PL;LARGEg,1,0,25,23
ACNAM9PL;MAN1PT2,1,0,25,23
ACNAM9PL;MAN6PI,1,0,25,23
ACNAM9PL;NDP7er,1,0,25,23
ACNAM9PL;NDPK3,1,0,25,23
ACNAM9PL;PCOREM3terg,1,0,25,23
ACNAM9PL;PGI,1,0,25,23
ACNAM9PL;PMANM,1,0,25,23
ACNAM9PL;POCDPRBTLT2g,1,0,25,23
ACNAM9PL;POCDPRBTLTg,1,0,25,23
ACNAM9PL;POGLCNACTg,1,0,25,23
ACNAM9PL;POMGNGALNTr,1,0,25,23
ACNAM9PL;POMGNTr,1,0,25,23
ACNAM9PL;POMKr,1,0,25,23
ACNAM9PL;POXYLTg,1,0,25,23
ACNAM9PL;RBT5PCYTr,1,0,25,23
ACNAM9PL;RBT5PDH,1,0,25,23
ACNAM9PL;RPE,1,0,25,23
ACNAM9PL;RPI,1,0,25,23
ACNAM9PL;TALA,1,0,25,23
ACNAM9PL;TKT1,1,0,25,23
ACNAM9PL;TKT2,1,0,25,23
ACNAM9PL;UACGAMUMPtr,1,0,25,23
ACNAM9PL;UAG4E,1,0,25,23
ACNAM9PL;UDPGD,1,0,25,23
ACNAM9PL;UDPGLCAtg,1,0,25,23
ACNAM9PL;UDPGLDCg,1,0,25,23
ACNAM9PL;UGALNACter,1,0,25,23
ACNAM9PL;UGLCNACtg,2,0,24,23
ACNAMPH;ATP1ter,1,0,25,23
ACNAMPH;CDPRBTLtg,1,0,25,23
ACNAMPH;CDPtg,1,0,25,23
ACNAMPH;CO2tg,1,0,25,23
ACNAMPH;DOLMANP_ter,1,0,25,23
ACNAMPH;DOLPMT,1,0,25,23
ACNAMPH;DOLPOMTr,1,0,25,23
ACNAMPH;DOLP_ter,1,0,25,23
ACNAMPH;LARGEg,1,0,25,23
ACNAMPH;MAN1PT2,1,0,25,23
ACNAMPH;MAN6PI,1,0,25,23
ACNAMPH;NDP7er,1,0,25,23
ACNAMPH;NDPK3,1,0,25,23
ACNAMPH;PCOREM3terg,1,0,25,23
ACNAMPH;PGI,1,0,25,23
ACNAMPH;PMANM,1,0,25,23
ACNAMPH;POCDPRBTLT2g,1,0,25,23
ACNAMPH;POCDPRBTLTg,1,0,25,23
ACNAMPH;POGLCNACTg,1,0,25,23
ACNAMPH;POMGNGALNTr,1,0,25,23
ACNAMPH;POMGNTr,1,0,25,23
ACNAMPH;POMKr,1,0,25,23
ACNAMPH;POXYLTg,1,0,25,23
ACNAMPH;RBT5PCYTr,1,0,25,23
ACNAMPH;RBT5PDH,1,0,25,23
ACNAMPH;RPE,1,0,25,23
ACNAMPH;RPI,1,0,25,23
ACNAMPH;TALA,1,0,25,23
ACNAMPH;TKT1,1,0,25,23
ACNAMPH;TKT2,1,0,25,23
ACNAMPH;UACGAMUMPtr,1,0,25,23
ACNAMPH;UAG4E,1,0,25,23
ACNAMPH;UDPGD,1,0,25,23
ACNAMPH;UDPGLCAtg,1,0,25,23
ACNAMPH;UDPGLDCg,1,0,25,23
ACNAMPH;UGALNACter,1,0,25,23
ACNAMPH;UGLCNACtg,2,0,24,23
ACNAMlt;R_group_phosphotase_1,0,1,26,22
ACNAMlt;UAG2EMAi,1,0,25,23
ACNMLr;GALU,1,0,25,23
ACNMLr;L_LACt2r,0,1,26,22
ACNMLr;MAN1PT1,1,0,25,23
ACNMLr;MAN6PI,1,0,25,23
ACNMLr;PGMT,1,0,25,23
ACNMLr;PMANM,1,0,25,23
ACOA40ORm;ACRNtm,1,0,25,23
ACOA40ORm;ACt2m,1,0,25,23
ACOA40ORm;ALDD2xm,1,0,25,23
ACOA40ORm;ARTFR52,3,0,23,23
ACOA40ORm;CRNtim,1,0,25,23
ACOA40ORm;CSNATm,1,0,25,23
ACOA40ORm;ESTRADIOLtr,1,0,25,23
ACOA40ORm;ESTRONEtr,1,0,25,23
ACOA40ORm;FAE180,3,0,23,23
ACOA40ORm;FAE200,3,0,23,23
ACOA40ORm;FAE220,3,0,23,23
ACOA40ORm;FAE240,3,0,23,23
ACOA40ORm;FAE260,3,0,23,23
ACOA40ORm;HACD180,3,0,23,23
ACOA40ORm;HACD200,3,0,23,23
ACOA40ORm;HACD220,3,0,23,23
ACOA40ORm;HACD240,3,0,23,23
ACOA40ORm;HACD260,3,0,23,23
ACOA40ORm;HEXCCOAtr,3,0,23,23
ACOA40ORm;HMGCOASi,3,0,23,23
ACOA40ORm;HSD17B1,1,0,25,23
ACOA40ORm;HSD17B8r,1,0,25,23
ACOA40ORm;HSD180,3,0,23,23
ACOA40ORm;HSD200,3,0,23,23
ACOA40ORm;HSD220,3,0,23,23
ACOA40ORm;HSD240,3,0,23,23
ACOA40ORm;HSD260,3,0,23,23
ACOA40ORm;RTOT5,3,0,23,23
ACOA40ORm;TECR180,3,0,23,23
ACOA40ORm;TECR200,3,0,23,23
ACOA40ORm;TECR220,3,0,23,23
ACOA40ORm;TECR240,3,0,23,23
ACOA40ORm;TECR260,3,0,23,23
ACOAD180m;ARTFR13,0,1,26,22
ACOAD180m;DPCOAK,0,1,26,22
ACOAD180m;FA140ACPH,0,1,26,22
ACOAD180m;FACOAL140i,0,1,26,22
ACOAD180m;PNTK,0,1,26,22
ACOAD180m;PNTOt1,0,1,26,22
ACOAD180m;PPCDC,0,1,26,22
ACOAD180m;PPNCL2,0,1,26,22
ACOAD180m;PTPAT,0,1,26,22
ACOAD180m;RTOT1,0,1,26,22
ACOAD180m;RTOTALCRNCPT1,0,1,26,22
ACOAD180m;RTOTALCRNCPT2,0,1,26,22
ACOAD180m;RTOTALCRNt,0,1,26,22
ACOAD1fm;ACRNtm,3,1,23,22
ACOAD1fm;AKGGHTRDtm,1,0,25,23
ACOAD1fm;ARTFR52,7,0,19,23
ACOAD1fm;CITtam,1,0,25,23
ACOAD1fm;CRNtim,3,0,23,23
ACOAD1fm;CSNATm,3,1,23,22
ACOAD1fm;CSNATr,0,1,26,22
ACOAD1fm;DLD,2,0,24,23
ACOAD1fm;FAE180,6,0,20,23
ACOAD1fm;FAE200,7,0,19,23
ACOAD1fm;FAE220,7,0,19,23
ACOAD1fm;FAE240,7,0,19,23
ACOAD1fm;FAE260,7,0,19,23
ACOAD1fm;HACD180,6,0,20,23
ACOAD1fm;HACD200,7,0,19,23
ACOAD1fm;HACD220,7,0,19,23
ACOAD1fm;HACD240,7,0,19,23
ACOAD1fm;HACD260,7,0,19,23
ACOAD1fm;HEXCCOAtr,7,0,19,23
ACOAD1fm;HMGCOASi,3,0,23,23
ACOAD1fm;HSD180,6,0,20,23
ACOAD1fm;HSD200,7,0,19,23
ACOAD1fm;HSD220,7,0,19,23
ACOAD1fm;HSD240,7,0,19,23
ACOAD1fm;HSD260,7,0,19,23
ACOAD1fm;ME2m,1,0,25,23
ACOAD1fm;PDHa,2,0,24,23
ACOAD1fm;PDHbr,2,0,24,23
ACOAD1fm;PIGTHRDLtm,1,0,25,23
ACOAD1fm;RTOT5,7,0,19,23
ACOAD1fm;TECR180,6,0,20,23
ACOAD1fm;TECR200,7,0,19,23
ACOAD1fm;TECR220,7,0,19,23
ACOAD1fm;TECR240,7,0,19,23
ACOAD1fm;TECR260,7,0,19,23
ACOAD203n6p;ACOAS,2,0,24,23
ACOAD203n6p;ALAt2r,1,0,25,23
ACOAD203n6p;ALDD2x,2,0,24,23
ACOAD203n6p;CSNATr,1,0,25,23
ACOAD203n6p;Htr,1,0,25,23
ACOAD203n6p;PPA,2,0,24,23
ACOAD203n6p;THRA,2,0,24,23
ACOAD203n6p;TXA2tr,1,0,25,23
ACOAD203n6p;TXB2c,1,0,25,23
ACOAD203n6p;TXB2r,1,0,25,23
ACOAD203n6p;TXB2tr,1,0,25,23
ACOAD225n3p;PMTCOAFABP1tc,0,1,26,22
ACOAD241n9p;ARTFR52,2,0,24,23
ACOAD241n9p;FAE200,2,0,24,23
ACOAD241n9p;FAE220,2,0,24,23
ACOAD241n9p;FAE240,2,0,24,23
ACOAD241n9p;FAE260,2,0,24,23
ACOAD241n9p;HACD200,2,0,24,23
ACOAD241n9p;HACD220,2,0,24,23
ACOAD241n9p;HACD240,2,0,24,23
ACOAD241n9p;HACD260,2,0,24,23
ACOAD241n9p;HEXCCOAtr,2,0,24,23
ACOAD241n9p;HSD200,2,0,24,23
ACOAD241n9p;HSD220,2,0,24,23
ACOAD241n9p;HSD240,2,0,24,23
ACOAD241n9p;HSD260,2,0,24,23
ACOAD241n9p;TECR200,2,0,24,23
ACOAD241n9p;TECR220,2,0,24,23
ACOAD241n9p;TECR240,2,0,24,23
ACOAD241n9p;TECR260,2,0,24,23
ACOAD241n9p;TRDR,0,3,26,20
ACOAHim;ALDD2y,0,2,26,21
ACOAHim;FORt2m,0,1,26,22
ACOAHim;FTHFLm,0,1,26,22
ACOAHim;P45011A1m,0,1,26,22
ACOAHim;PRGNLONEtm,0,1,26,22
ACOAS;ACITLn,15,0,11,23
ACOAS;ACONTa,5,0,21,23
ACOAS;ACONTam,5,0,21,23
ACOAS;ACONTb,5,0,21,23
ACOAS;ACONTbm,3,0,23,23
ACOAS;ADNK1,1,0,25,23
ACOAS;ADPtn,15,0,11,23
ACOAS;AHC,1,0,25,23
ACOAS;AHCYStn,1,0,25,23
ACOAS;AKGACONtm,1,0,25,23
ACOAS;AKGCITtm,2,0,24,23
ACOAS;AKGDa1,2,0,24,23
ACOAS;AKGDa2,2,0,24,23
ACOAS;AKGDb,2,0,24,23
ACOAS;AKGGHTRDtm,1,1,25,22
ACOAS;AKGICITtm,5,0,21,23
ACOAS;AKGMALtm,1,0,25,23
ACOAS;AKGtn,1,0,25,23
ACOAS;ALAR,3,0,23,23
ACOAS;ALASm,1,1,25,22
ACOAS;AMETtn,1,0,25,23
ACOAS;ASNN,2,0,24,23
ACOAS;ASPTA,1,0,25,23
ACOAS;ATPtn,15,0,11,23
ACOAS;BILIRED2,1,1,25,22
ACOAS;BILIRUBtr,1,1,25,22
ACOAS;CATp,3,0,23,23
ACOAS;CBPPer,3,0,23,23
ACOAS;CBPter,3,0,23,23
ACOAS;CHAT,15,0,11,23
ACOAS;CHATn,15,0,11,23
ACOAS;CHOLtn,15,0,11,23
ACOAS;CITACONtm,1,0,25,23
ACOAS;CITRt2m,0,1,26,22
ACOAS;CITSUCCtm,1,0,25,23
ACOAS;CITtam,1,0,25,23
ACOAS;CITtbm,1,0,25,23
ACOAS;CITtn,15,0,11,23
ACOAS;CLFORtex,4,0,22,23
ACOAS;CO2tm,2,0,24,23
ACOAS;CO2tn,1,0,25,23
ACOAS;COt,1,1,25,22
ACOAS;CPPPGO,1,1,25,22
ACOAS;CRNCARtp,3,0,23,23
ACOAS;CSNATp,3,0,23,23
ACOAS;CSNATr,2,0,24,23
ACOAS;CSm,1,0,25,23
ACOAS;DALAOXx,3,0,23,23
ACOAS;DALAxt,3,0,23,23
ACOAS;DHFR,1,0,25,23
ACOAS;DHFRm,4,0,22,23
ACOAS;DHFRx,1,0,25,23
ACOAS;DHFtm,3,0,23,23
ACOAS;DLD,1,0,25,23
ACOAS;DLNLCGCOAtcx,2,0,24,23
ACOAS;DLNLCGCOAtr,2,0,24,23
ACOAS;FAE2031,2,0,24,23
ACOAS;FALDtn,1,0,25,23
ACOAS;FCLTm,1,1,25,22
ACOAS;FE2tm,1,1,25,22
ACOAS;G6PPer,1,0,25,23
ACOAS;GALU,1,1,25,22
ACOAS;GLUPROASCT1,2,0,24,23
ACOAS;GLYATm,0,1,26,22
ACOAS;GLYt7_311_r,1,0,25,23
ACOAS;GLYtm,0,1,26,22
ACOAS;GTPGDPtm,3,1,23,22
ACOAS;HACD2031,2,0,24,23
ACOAS;HCO3E,1,0,25,23
ACOAS;HEX12,1,0,25,23
ACOAS;HMBS,1,1,25,22
ACOAS;HMGDH,1,0,25,23
ACOAS;HMGS,1,0,25,23
ACOAS;HOXG,1,1,25,22
ACOAS;HSD2031,2,0,24,23
ACOAS;Htr,3,0,23,23
ACOAS;ICDHxrm,2,0,24,23
ACOAS;ICDHyr,1,0,25,23
ACOAS;ICDHyrm,7,0,19,23
ACOAS;ICITMALtm,1,0,25,23
ACOAS;KCC2t,1,0,25,23
ACOAS;LACLt,3,0,23,23
ACOAS;LDH_Lp,3,0,23,23
ACOAS;LHCYSTIN,1,0,25,23
ACOAS;LHCYSTINt,1,0,25,23
ACOAS;LNLNCGCOAtr,2,0,24,23
ACOAS;LNLNCGCOAtx,2,0,24,23
ACOAS;METAT,1,0,25,23
ACOAS;NDP7er,1,1,25,22
ACOAS;NDPK1,0,1,26,22
ACOAS;NH4tp,3,0,23,23
ACOAS;NH4tr,3,0,23,23
ACOAS;O2tn,1,0,25,23
ACOAS;O2tp,3,0,23,23
ACOAS;OAAtn,15,0,11,23
ACOAS;OCOAT1m,0,2,26,21
ACOAS;OXALSUCCCL,1,0,25,23
ACOAS;OXALSUCCCLm,7,1,19,22
ACOAS;PEPCK,6,1,20,22
ACOAS;PGMT,1,1,25,22
ACOAS;PHEMEtm,1,1,25,22
ACOAS;PIGTHRDLtm,1,1,25,22
ACOAS;PIter,0,1,26,22
ACOAS;PItn,9,0,17,23
ACOAS;PPBNGS,1,1,25,22
ACOAS;PPPG9tm,1,1,25,22
ACOAS;PPPGOm,1,1,25,22
ACOAS;PROAKGOX1m,1,0,25,23
ACOAS;PROGLUtm,1,0,25,23
ACOAS;PYRtm,0,1,26,22
ACOAS;SFGTH,1,0,25,23
ACOAS;SSALym,1,0,25,23
ACOAS;SUCCACONtm,1,0,25,23
ACOAS;SUCCICITtm,2,0,24,23
ACOAS;SUCCt4_3,1,0,25,23
ACOAS;SUCOAS1m,3,1,23,22
ACOAS;TECR2031,2,0,24,23
ACOAS;THFtm,3,0,23,23
ACOAS;THR3Dx,0,1,26,22
ACOAS;UDPGD,1,1,25,22
ACOAS;UDPGLCAter,0,1,26,22
ACOAS;UPP3S,1,1,25,22
ACOAS;UPPDC1,1,1,25,22
ACOATE204;TRDR,0,1,26,22
ACOD;ACRNtm,1,1,25,22
ACOD;ADK3m,1,0,25,23
ACOD;ALDD2y,0,2,26,21
ACOD;ATPtm,0,1,26,22
ACOD;CRNtim,1,0,25,23
ACOD;CSNATm,1,1,25,22
ACOD;CSNATr,0,1,26,22
ACOD;FORt2m,0,1,26,22
ACOD;FTHFLm,0,1,26,22
ACOD;GLYATm,0,5,26,18
ACOD;GLYtm,0,2,26,21
ACOD;GTPGDPtm,1,0,25,23
ACOD;HPROxm,0,2,26,21
ACOD;HPROym,0,2,26,21
ACOD;P45011A1m,0,1,26,22
ACOD;PIt2m_2,0,1,26,22
ACOD;PPAm,0,1,26,22
ACOD;PPItm,1,0,25,23
ACOD;PRGNLONEtm,0,1,26,22
ACOD;THDm,0,2,26,21
ACOD;THR3Dx,0,1,26,22
ACOD;THRtm,0,2,26,21
ACONTa;ACONTam,1,0,25,23
ACONTa;ACt2m,1,0,25,23
ACONTa;AKGICITtm,1,0,25,23
ACONTa;ALDD2x,3,0,23,23
ACONTa;ARTFR41,0,1,26,22
ACONTa;ASPt6,0,1,26,22
ACONTa;C161CPT1,0,1,26,22
ACONTa;CACT4r,0,1,26,22
ACONTa;CITOAL,1,0,25,23
ACONTa;CO2tm,2,0,24,23
ACONTa;DESAT16_1,0,1,26,22
ACONTa;HCO3E,2,0,24,23
ACONTa;HMGL,1,0,25,23
ACONTa;NADHtru,0,1,26,22
ACONTa;NADtru,0,1,26,22
ACONTa;OXALSUCCCLm,0,1,26,22
ACONTa;P5CRxm,0,1,26,22
ACONTa;PEPCK,0,1,26,22
ACONTa;PIt2m_2,1,0,25,23
ACONTa;PLMCOAPTr,0,1,26,22
ACONTa;PMTCOAFABP1tc,0,1,26,22
ACONTa;PROD2m,0,1,26,22
ACONTa;RTOT4,0,1,26,22
ACONTa;THRA,2,0,24,23
ACONTam;ACITLn,1,0,25,23
ACONTam;ACONTb,1,0,25,23
ACONTam;ADMDC,0,1,26,22
ACONTam;ADPT,0,1,26,22
ACONTam;ADPt4,0,1,26,22
ACONTam;ADPtn,1,0,25,23
ACONTam;AKGCITtm,1,0,25,23
ACONTam;AKGICITtm,2,0,24,23
ACONTam;AKGMALtm,1,0,25,23
ACONTam;AKGSUCCtm,0,1,26,22
ACONTam;ALABte,0,1,26,22
ACONTam;ALDD2x,1,0,25,23
ACONTam;ALDD2y,4,0,22,23
ACONTam;ASNN,2,0,24,23
ACONTam;ASPGLUm,1,0,25,23
ACONTam;ASPPROASCT1,0,1,26,22
ACONTam;ASPTAm,1,0,25,23
ACONTam;ATPt4,0,1,26,22
ACONTam;ATPtn,1,0,25,23
ACONTam;BAMPPALDOX,0,1,26,22
ACONTam;CHATn,1,0,25,23
ACONTam;CHOLtn,1,0,25,23
ACONTam;CITACONtm,1,0,25,23
ACONTam;CITtn,1,0,25,23
ACONTam;CO2tm,1,0,25,23
ACONTam;DKMPPD1,0,1,26,22
ACONTam;DKMPPD3,0,1,26,22
ACONTam;DRPA,1,0,25,23
ACONTam;FADDPle,0,1,26,22
ACONTam;FADte,0,1,26,22
ACONTam;FBA3,1,0,25,23
ACONTam;FMNALKPle,0,1,26,22
ACONTam;FMNAT,0,1,26,22
ACONTam;FORt2m,0,1,26,22
ACONTam;FTHFLm,0,1,26,22
ACONTam;GLYt4,0,1,26,22
ACONTam;H2O2syn,0,1,26,22
ACONTam;H2Otm,1,0,25,23
ACONTam;HCO3E,0,2,26,21
ACONTam;HEX1,0,1,26,22
ACONTam;HMGL,1,0,25,23
ACONTam;Htr,0,1,26,22
ACONTam;MAL_Lte,0,1,26,22
ACONTam;MDRPD,0,1,26,22
ACONTam;METAT,0,1,26,22
ACONTam;MTAP,0,1,26,22
ACONTam;MTRI,0,1,26,22
ACONTam;NADH2_u10m,1,0,25,23
ACONTam;OAAtn,1,0,25,23
ACONTam;P45011A1m,0,1,26,22
ACONTam;PEPCKm,1,0,25,23
ACONTam;PFK_3,1,0,25,23
ACONTam;PIMALtm,0,1,26,22
ACONTam;PPM2,1,0,25,23
ACONTam;PRGNLONEtm,0,1,26,22
ACONTam;RBFK,0,1,26,22
ACONTam;RIBFLVt6,0,1,26,22
ACONTam;RPI,1,0,25,23
ACONTam;SMOX,0,1,26,22
ACONTam;SO4AKGtm,0,1,26,22
ACONTam;SO4MALtm,0,1,26,22
ACONTam;SPRMS,0,1,26,22
ACONTam;SUCCICITtm,1,0,25,23
ACONTam;THFtm,0,1,26,22
ACONTam;THRA,3,0,23,23
ACONTam;TPI,1,0,25,23
ACONTam;UNK3,0,1,26,22
ACONTb;ACONTbm,2,1,24,22
ACONTb;ACt2m,1,0,25,23
ACONTb;AKGACONtm,1,0,25,23
ACONTb;ALDD2x,2,0,24,23
ACONTb;ALDD2y,2,0,24,23
ACONTb;ARTFR41,0,1,26,22
ACONTb;ASNN,1,0,25,23
ACONTb;ASPPROASCT1,1,0,25,23
ACONTb;ASPt6,0,1,26,22
ACONTb;C161CPT1,0,1,26,22
ACONTb;CACT4r,0,1,26,22
ACONTb;CITOAL,1,0,25,23
ACONTb;CO2tm,2,0,24,23
ACONTb;DESAT16_1,0,1,26,22
ACONTb;DRPA,1,0,25,23
ACONTb;FBA3,1,0,25,23
ACONTb;HCO3E,2,0,24,23
ACONTb;MDHm,1,0,25,23
ACONTb;NADHtru,0,1,26,22
ACONTb;NADtru,0,1,26,22
ACONTb;P5CRxm,0,1,26,22
ACONTb;PFK_3,1,0,25,23
ACONTb;PIt2m_2,1,0,25,23
ACONTb;PLMCOAPTr,0,1,26,22
ACONTb;PMTCOAFABP1tc,0,1,26,22
ACONTb;PPM2,1,0,25,23
ACONTb;PROD2m,0,1,26,22
ACONTb;RPI,1,0,25,23
ACONTb;RTOT4,0,1,26,22
ACONTb;SUCCICITtm,0,1,26,22
ACONTb;THRA,2,0,24,23
ACONTb;TPI,1,0,25,23
ACONTbm;ACRNtm,1,0,25,23
ACONTbm;ADMDC,0,1,26,22
ACONTbm;ADPT,0,1,26,22
ACONTbm;ADPt4,0,1,26,22
ACONTbm;AKGICITtm,1,0,25,23
ACONTbm;AKGMALtm,1,0,25,23
ACONTbm;AKGSUCCtm,0,1,26,22
ACONTbm;ALABte,0,1,26,22
ACONTbm;ALDD2x,1,0,25,23
ACONTbm;ALDD2y,1,2,25,21
ACONTbm;ASPPROASCT1,0,1,26,22
ACONTbm;ATPt4,0,1,26,22
ACONTbm;BAMPPALDOX,0,1,26,22
ACONTbm;CO2tm,1,0,25,23
ACONTbm;CRNtim,1,0,25,23
ACONTbm;CSNATm,1,0,25,23
ACONTbm;DKMPPD1,0,1,26,22
ACONTbm;DKMPPD3,0,1,26,22
ACONTbm;FADDPle,0,1,26,22
ACONTbm;FADte,0,1,26,22
ACONTbm;FMNALKPle,0,1,26,22
ACONTbm;FMNAT,0,1,26,22
ACONTbm;FORt2m,0,2,26,21
ACONTbm;FTHFLm,0,2,26,21
ACONTbm;GLYATm,0,4,26,19
ACONTbm;GLYt4,0,1,26,22
ACONTbm;GLYtm,0,2,26,21
ACONTbm;H2O2syn,0,1,26,22
ACONTbm;HCO3E,0,2,26,21
ACONTbm;HEX1,0,1,26,22
ACONTbm;HMGL,2,0,24,23
ACONTbm;HPROxm,0,1,26,22
ACONTbm;HPROym,0,1,26,22
ACONTbm;Htr,0,1,26,22
ACONTbm;MAL_Lte,0,1,26,22
ACONTbm;MDHm,0,1,26,22
ACONTbm;MDRPD,0,1,26,22
ACONTbm;METAT,0,1,26,22
ACONTbm;MTAP,0,1,26,22
ACONTbm;MTRI,0,1,26,22
ACONTbm;NADH2_u10m,1,0,25,23
ACONTbm;NDPK1m,0,1,26,22
ACONTbm;P45011A1m,0,2,26,21
ACONTbm;PEPACONtm,0,1,26,22
ACONTbm;PEPCKm,0,1,26,22
ACONTbm;PIMALtm,0,1,26,22
ACONTbm;PRGNLONEtm,0,2,26,21
ACONTbm;RBFK,0,1,26,22
ACONTbm;RIBFLVt6,0,1,26,22
ACONTbm;SMOX,0,1,26,22
ACONTbm;SO4AKGtm,0,1,26,22
ACONTbm;SO4MALtm,0,1,26,22
ACONTbm;SPRMS,0,1,26,22
ACONTbm;SUCCACONtm,1,1,25,22
ACONTbm;SUCCICITtm,1,1,25,22
ACONTbm;THDm,0,1,26,22
ACONTbm;THFtm,0,1,26,22
ACONTbm;THR3Dx,0,2,26,21
ACONTbm;THRA,2,0,24,23
ACONTbm;THRtm,0,1,26,22
ACONTbm;UNK3,0,1,26,22
ACRNtm;ADK3m,1,0,25,23
ACRNtm;ALATA_L,1,0,25,23
ACRNtm;AMPt4,1,1,25,22
ACRNtm;ARTFR12,0,1,26,22
ACRNtm;C161CPT1,0,1,26,22
ACRNtm;CACT4r,0,1,26,22
ACRNtm;CITMCOAHm,1,1,25,22
ACRNtm;CITMCOALm,1,1,25,22
ACRNtm;COAtr,0,1,26,22
ACRNtm;DESAT16_1,0,1,26,22
ACRNtm;DHFRm,1,1,25,22
ACRNtm;DHFRx,1,0,25,23
ACRNtm;ECOAH1m,4,1,22,22
ACRNtm;GLUDym,0,1,26,22
ACRNtm;GLUt2m,0,1,26,22
ACRNtm;GTPGDPtm,1,0,25,23
ACRNtm;HACD1m,4,1,22,22
ACRNtm;Htr,0,1,26,22
ACRNtm;ICDHyr,1,0,25,23
ACRNtm;ITCOALm,1,1,25,22
ACRNtm;MALACONtm,0,1,26,22
ACRNtm;NADH2_u10m,0,1,26,22
ACRNtm;NH4tm,0,1,26,22
ACRNtm;OXALSUCCCL,1,0,25,23
ACRNtm;PLMCOAPTr,0,1,26,22
ACRNtm;PMTCOAFABP1tc,0,1,26,22
ACRNtm;PPItm,4,0,22,23
ACRNtm;PYRtm,1,1,25,22
ACRNtm;RTOT4,1,0,25,23
ACt2m;ACITLn,4,0,22,23
ACt2m;ADPtn,4,0,22,23
ACt2m;AKGCITtm,1,0,25,23
ACt2m;AKGICITtm,1,0,25,23
ACt2m;ALASm,1,0,25,23
ACt2m;ALDD2x,1,0,25,23
ACt2m;ALDD2y,0,2,26,21
ACt2m;AMPt4,1,0,25,23
ACt2m;ASNN,2,0,24,23
ACt2m;ASPTA,1,0,25,23
ACt2m;ATPtn,4,0,22,23
ACt2m;BILIRED2,1,0,25,23
ACt2m;BILIRUBtr,1,0,25,23
ACt2m;CHATn,4,0,22,23
ACt2m;CHOLtn,4,0,22,23
ACt2m;CITSUCCtm,1,0,25,23
ACt2m;CITtn,4,0,22,23
ACt2m;COAtm,1,0,25,23
ACt2m;COt,1,0,25,23
ACt2m;CPPPGO,1,0,25,23
ACt2m;ECOAH1m,1,0,25,23
ACt2m;FCLTm,1,0,25,23
ACt2m;FE2tm,1,0,25,23
ACt2m;FORt2m,0,1,26,22
ACt2m;FTHFLm,0,1,26,22
ACt2m;GALU,1,0,25,23
ACt2m;GTPGDPtm,1,0,25,23
ACt2m;HACD1m,1,0,25,23
ACt2m;HMBS,1,0,25,23
ACt2m;HMGCOASim,1,0,25,23
ACt2m;HMGCOAtm,1,0,25,23
ACt2m;HOXG,1,0,25,23
ACt2m;NDP7er,1,0,25,23
ACt2m;OAAtn,4,0,22,23
ACt2m;P45011A1m,0,1,26,22
ACt2m;PEPCK,1,0,25,23
ACt2m;PGMT,1,0,25,23
ACt2m;PHEMEtm,1,0,25,23
ACt2m;PItn,1,0,25,23
ACt2m;PPBNGS,1,0,25,23
ACt2m;PPItm,1,0,25,23
ACt2m;PPPG9tm,1,0,25,23
ACt2m;PPPGOm,1,0,25,23
ACt2m;PRGNLONEtm,0,1,26,22
ACt2m;SSALym,1,0,25,23
ACt2m;SUCOAS1m,1,0,25,23
ACt2m;UDPGD,1,0,25,23
ACt2m;UPP3S,1,0,25,23
ACt2m;UPPDC1,1,0,25,23
ADEt;ADPt4,0,1,26,22
ADEt;ATPt4,0,1,26,22
ADK1;ADK3,5,0,21,23
ADK1;ADK3m,3,0,23,23
ADK1;ADPt4,1,0,25,23
ADK1;AKGDa1,2,0,24,23
ADK1;AKGDa2,2,0,24,23
ADK1;AKGDb,2,0,24,23
ADK1;AKGICITtm,1,0,25,23
ADK1;ALATA_L,1,0,25,23
ADK1;AMPt4,3,0,23,23
ADK1;CO2tm,1,0,25,23
ADK1;DLD,1,0,25,23
ADK1;GTPGDPtm,3,0,23,23
ADK1;SUCCICITtm,1,0,25,23
ADK1;SUCCt4_3,1,0,25,23
ADK1;SUCOAS1m,2,0,24,23
ADK3m;AGMTm,1,0,25,23
ADK3m;AKGGHTRDtm,1,0,25,23
ADK3m;ARGCITRt2m,1,0,25,23
ADK3m;ARGDCm,1,0,25,23
ADK3m;ARGN,1,0,25,23
ADK3m;ARTFR52,4,0,22,23
ADK3m;ATPS4m,2,0,24,23
ADK3m;ATPtm,0,1,26,22
ADK3m;CBPSam,4,0,22,23
ADK3m;CITMCOAHm,1,0,25,23
ADK3m;CITMCOALm,1,0,25,23
ADK3m;CITRORNtm,1,0,25,23
ADK3m;CITRte,4,0,22,23
ADK3m;CK,2,0,24,23
ADK3m;CREATtmdiffir,2,0,24,23
ADK3m;CRNtim,1,0,25,23
ADK3m;CRTNsyn,2,0,24,23
ADK3m;CRTNte,2,0,24,23
ADK3m;CSNATm,1,0,25,23
ADK3m;CYOOm2,1,0,25,23
ADK3m;CYOOm3,1,0,25,23
ADK3m;CYOR_u10m,2,0,24,23
ADK3m;DLD,1,0,25,23
ADK3m;FAE180,4,0,22,23
ADK3m;FAE200,4,0,22,23
ADK3m;FAE220,4,0,22,23
ADK3m;FAE240,4,0,22,23
ADK3m;FAE260,4,0,22,23
ADK3m;G5SADr,1,0,25,23
ADK3m;GACMTRc,2,0,24,23
ADK3m;GLU5SAtmc,1,0,25,23
ADK3m;GLYAMDTRc,2,0,24,23
ADK3m;HACD180,4,0,22,23
ADK3m;HACD200,4,0,22,23
ADK3m;HACD220,4,0,22,23
ADK3m;HACD240,4,0,22,23
ADK3m;HACD260,4,0,22,23
ADK3m;HCO3tm,3,0,23,23
ADK3m;HEXCCOAtr,4,0,22,23
ADK3m;HMGCOASi,3,0,23,23
ADK3m;HSD180,4,0,22,23
ADK3m;HSD200,4,0,22,23
ADK3m;HSD220,4,0,22,23
ADK3m;HSD240,4,0,22,23
ADK3m;HSD260,4,0,22,23
ADK3m;ITCOALm,1,0,25,23
ADK3m;NH4tm,3,0,23,23
ADK3m;O2Stm,1,0,25,23
ADK3m;OCBTm,4,0,22,23
ADK3m;ORNTArm,1,0,25,23
ADK3m;ORNt4m,2,0,24,23
ADK3m;PCREATtmdiffir,2,0,24,23
ADK3m;PDHa,1,0,25,23
ADK3m;PDHbr,1,0,25,23
ADK3m;PIGTHRDLtm,1,0,25,23
ADK3m;PRO1x,1,0,25,23
ADK3m;PROGLUtm,1,0,25,23
ADK3m;PROtm,1,0,25,23
ADK3m;PTRCtm,1,0,25,23
ADK3m;RTOT5,4,0,22,23
ADK3m;TECR180,4,0,22,23
ADK3m;TECR200,4,0,22,23
ADK3m;TECR220,4,0,22,23
ADK3m;TECR240,4,0,22,23
ADK3m;TECR260,4,0,22,23
ADK3m;UREAtm,1,0,25,23
ADKd;ADPT,0,1,26,22
ADKd;DNPH2,0,1,26,22
ADKd;DRPA,0,1,26,22
ADMDC;CITRt2m,0,1,26,22
ADMDC;CITRtm,0,1,26,22
ADMDC;CITSUCCtm,0,1,26,22
ADMDC;GHMT2rm,0,1,26,22
ADMDC;HCO3Em,0,1,26,22
ADMDC;HCO3tm,0,1,26,22
ADMDC;MTHFCm,0,1,26,22
ADMDC;MTHFDm,0,1,26,22
ADMDC;P45011A1m,0,1,26,22
ADMDC;PIt2m_2,0,1,26,22
ADMDC;PRGNLONEtm,0,1,26,22
ADMDC;PTCRTD,1,0,25,23
ADMDC;PTRCOR,1,0,25,23
ADMDC;SERTm,0,1,26,22
ADNK1;ALDD2y,1,0,25,23
ADNK1;ARTFR52,1,0,25,23
ADNK1;ATPS4m,0,2,26,21
ADNK1;CHOLK,1,6,25,17
ADNK1;CHOLt4,1,0,25,23
ADNK1;CHOLtu,0,8,26,15
ADNK1;CYOOm2,0,3,26,20
ADNK1;CYOR_u10m,0,3,26,20
ADNK1;FAE200,1,0,25,23
ADNK1;FAE220,1,0,25,23
ADNK1;FAE240,1,0,25,23
ADNK1;FAE260,1,0,25,23
ADNK1;FBA,0,2,26,21
ADNK1;GHMT2rm,0,1,26,22
ADNK1;GTHO,0,1,26,22
ADNK1;GTHOm,0,1,26,22
ADNK1;GTHPm,0,1,26,22
ADNK1;H2O2tm,0,1,26,22
ADNK1;HACD200,1,0,25,23
ADNK1;HACD220,1,0,25,23
ADNK1;HACD240,1,0,25,23
ADNK1;HACD260,1,0,25,23
ADNK1;HEXCCOAtr,1,0,25,23
ADNK1;HSD200,1,0,25,23
ADNK1;HSD220,1,0,25,23
ADNK1;HSD240,1,0,25,23
ADNK1;HSD260,1,0,25,23
ADNK1;MTHFCm,0,1,26,22
ADNK1;MTHFDm,0,1,26,22
ADNK1;NDPK1,0,2,26,21
ADNK1;PFK,0,2,26,21
ADNK1;PIt2m_2,0,1,26,22
ADNK1;PPAm,0,1,26,22
ADNK1;RTOT5,1,0,25,23
ADNK1;SERTm,0,1,26,22
ADNK1;TECR200,1,0,25,23
ADNK1;TECR220,1,0,25,23
ADNK1;TECR240,1,0,25,23
ADNK1;TECR260,1,0,25,23
ADNK1;THRA,1,3,25,20
ADNK3;ATPS4m,1,0,25,23
ADNK3;CBPSam,2,0,24,23
ADNK3;CDS,1,0,25,23
ADNK3;CHOLK,4,1,22,22
ADNK3;CHOLt4,4,1,22,22
ADNK3;CHOLtu,2,2,24,21
ADNK3;CITRORNtm,1,0,25,23
ADNK3;CITRte,2,0,24,23
ADNK3;CYOOm2,1,0,25,23
ADNK3;CYOR_u10m,1,0,25,23
ADNK3;DPCOAK,0,1,26,22
ADNK3;GALU,0,1,26,22
ADNK3;HCO3tm,2,0,24,23
ADNK3;NH4tm,2,0,24,23
ADNK3;OCBTm,2,0,24,23
ADNK3;PGMT,0,1,26,22
ADNK3;PIt2m_2,0,1,26,22
ADNK3;PIt7,1,0,25,23
ADNK3;PNTK,0,1,26,22
ADNK3;PNTOt1,0,1,26,22
ADNK3;PPCDC,0,1,26,22
ADNK3;PPNCL2,0,1,26,22
ADNK3;PTPAT,0,1,26,22
ADNK4;CEPTE,0,1,26,22
ADNK4;CHOLtu,0,1,26,22
ADNK4;PETHCT,0,1,26,22
ADNK4;PSSA1_hs,0,1,26,22
ADNt4;PIt7,1,0,25,23
ADNtm;ATPS4m,0,1,26,22
ADNtm;CYOOm2,0,1,26,22
ADNtm;CYOR_u10m,0,1,26,22
ADPT;ADPt4,0,1,26,22
ADPT;AKGDa1,2,0,24,23
ADPT;AKGDa2,2,0,24,23
ADPT;AKGDb,2,0,24,23
ADPT;AKGICITtm,1,0,25,23
ADPT;AMETEPMT,1,0,25,23
ADPT;ATPS4m,1,2,25,21
ADPT;ATPt4,0,1,26,22
ADPT;ATPtm,0,1,26,22
ADPT;CBPSam,1,0,25,23
ADPT;CDS,1,0,25,23
ADPT;CEPTE,1,0,25,23
ADPT;CHOLK,9,4,17,19
ADPT;CHOLt4,11,0,15,23
ADPT;CHOLtu,4,7,22,16
ADPT;CITRt2m,0,2,26,21
ADPT;CITRte,1,0,25,23
ADPT;CITRtm,0,1,26,22
ADPT;CITSUCCtm,0,1,26,22
ADPT;CK,1,0,25,23
ADPT;COAtm,0,1,26,22
ADPT;CREATtmdiffir,1,0,25,23
ADPT;CRTNsyn,1,0,25,23
ADPT;CRTNte,1,0,25,23
ADPT;CYOOm2,0,2,26,21
ADPT;CYOOm3,1,0,25,23
ADPT;CYOR_u10m,1,2,25,21
ADPT;CYSt4,0,1,26,22
ADPT;DCYTD,1,0,25,23
ADPT;DLD,1,0,25,23
ADPT;ETHP,1,0,25,23
ADPT;G6PDH2r,0,1,26,22
ADPT;GACMTRc,1,0,25,23
ADPT;GHMT2rm,0,1,26,22
ADPT;GLYAMDTRc,1,0,25,23
ADPT;GLYATm,0,1,26,22
ADPT;GLYt2r,0,1,26,22
ADPT;GLYtm,0,1,26,22
ADPT;GND,0,1,26,22
ADPT;GTPGDPtm,2,2,24,21
ADPT;HCO3E,1,0,25,23
ADPT;HCO3Em,0,1,26,22
ADPT;HCO3tm,1,2,25,21
ADPT;ICDHxrm,1,0,25,23
ADPT;ICDHyrm,1,0,25,23
ADPT;MTHFCm,0,1,26,22
ADPT;MTHFDm,0,1,26,22
ADPT;NDP6,1,0,25,23
ADPT;NDPK1,0,4,26,19
ADPT;NH4tm,1,0,25,23
ADPT;NTD3,1,0,25,23
ADPT;O2Stm,1,0,25,23
ADPT;O2t,0,1,26,22
ADPT;OCBTm,1,0,25,23
ADPT;OCOAT1m,0,1,26,22
ADPT;ORNt4m,1,0,25,23
ADPT;P45011A1m,0,1,26,22
ADPT;PCREATtmdiffir,1,0,25,23
ADPT;PEMET1,1,0,25,23
ADPT;PEMET2,1,0,25,23
ADPT;PETHCT,1,0,25,23
ADPT;PGL,0,1,26,22
ADPT;PIt2m_2,2,1,24,22
ADPT;PPCOAtm,0,1,26,22
ADPT;PRGNLONEtm,0,1,26,22
ADPT;PSSA1_hs,1,0,25,23
ADPT;PSSA2_hs,1,0,25,23
ADPT;PTCRTD,1,0,25,23
ADPT;PTRCOR,1,0,25,23
ADPT;PYK,1,0,25,23
ADPT;PYK6,0,4,26,19
ADPT;RDH1,0,1,26,22
ADPT;RPE,0,1,26,22
ADPT;R_group_phosphotase_1,0,1,26,22
ADPT;SERTm,0,1,26,22
ADPT;SUCCt4_3,1,0,25,23
ADPT;SUCOAS1m,2,1,24,22
ADPT;TALA,0,1,26,22
ADPT;THR3Dx,0,1,26,22
ADPT;THRA,0,1,26,22
ADPT;TKT1,0,1,26,22
ADPT;TKT2,0,1,26,22
ADPt4;AKGGHTRDtm,0,1,26,22
ADPt4;AKGMALtm,1,0,25,23
ADPt4;ALAt2r,2,0,24,23
ADPt4;AMPPTe,0,1,26,22
ADPt4;ARGN,1,0,25,23
ADPt4;ATPS4m,2,2,24,21
ADPt4;ATPt4,4,1,22,22
ADPt4;CAT,1,0,25,23
ADPt4;CBPSam,1,2,25,21
ADPt4;CITRt2m,0,1,26,22
ADPt4;CITRte,1,2,25,21
ADPt4;CITRtm,0,2,26,21
ADPt4;CITSUCCtm,0,1,26,22
ADPt4;CO2tm,1,1,25,22
ADPt4;CYOOm2,1,2,25,21
ADPt4;CYOOm3,1,0,25,23
ADPt4;CYOR_u10m,2,2,24,21
ADPt4;CYSDDS,1,1,25,22
ADPt4;ENO,3,0,23,23
ADPt4;FADDPle,0,1,26,22
ADPt4;FADte,0,1,26,22
ADPt4;FMNALKPle,0,1,26,22
ADPt4;FMNAT,0,1,26,22
ADPt4;G5SADr,0,1,26,22
ADPt4;G5SDym,0,1,26,22
ADPt4;G6PDH2r,2,0,24,23
ADPt4;GAPD,3,0,23,23
ADPt4;GLU5Km,0,1,26,22
ADPt4;GLU5SAtmc,0,1,26,22
ADPt4;GLUt2m,2,1,24,22
ADPt4;GND,2,0,24,23
ADPt4;H2Otm,1,0,25,23
ADPt4;H2Stm,1,1,25,22
ADPt4;HCO3E,2,0,24,23
ADPt4;HCO3Ee,1,1,25,22
ADPt4;HCO3Em,1,0,25,23
ADPt4;HCO3tm,0,1,26,22
ADPt4;HEX12,1,0,25,23
ADPt4;KCC2t,0,1,26,22
ADPt4;MALTSULtm,1,1,25,22
ADPt4;NADH2_u10m,1,0,25,23
ADPt4;NH4t3r,0,1,26,22
ADPt4;NH4tm,1,2,25,21
ADPt4;NTPP8e,0,1,26,22
ADPt4;O2Stm,1,0,25,23
ADPt4;O2t,0,1,26,22
ADPt4;OCBTm,1,2,25,21
ADPt4;ORNTArm,0,2,26,21
ADPt4;ORNt4m,1,0,25,23
ADPt4;PGI,2,1,24,22
ADPt4;PGK,3,0,23,23
ADPt4;PGL,2,0,24,23
ADPt4;PGM,3,0,23,23
ADPt4;PIGTHRDLtm,0,1,26,22
ADPt4;PIMALtm,0,1,26,22
ADPt4;PIt2m_2,1,2,25,21
ADPt4;PRSDO,1,1,25,22
ADPt4;PYK7,1,0,25,23
ADPt4;RBFK,0,1,26,22
ADPt4;RIBFLVt6,0,1,26,22
ADPt4;RPE,2,0,24,23
ADPt4;RPI,2,0,24,23
ADPt4;SO4AKGtm,0,1,26,22
ADPt4;SO4MALtm,0,1,26,22
ADPt4;SQOR2m,1,1,25,22
ADPt4;SQORm,1,1,25,22
ADPt4;TALA,2,0,24,23
ADPt4;TKT1,2,0,24,23
ADPt4;TKT2,2,0,24,23
ADPt4;TPI,1,0,25,23
ADPt4;TSCTS,1,1,25,22
ADPt4;TSULt4_3,1,1,25,22
ADPt4;UREAt,1,0,25,23
ADPt4;UTPte,0,1,26,22
ADRNLPVESSEC;AMETt2m,1,0,25,23
ADRNLPVESSEC;CHOLK,0,1,26,22
ADRNLPVESSEC;CHOLtu,0,1,26,22
ADRNLPVESSEC;CO2tm,0,2,26,21
ADRNLPVESSEC;PETOHMm_hs,1,0,25,23
ADRNLPVESSEC;PSDm_hs,2,6,24,17
ADRNLPVESSEC;PSFLIPm,2,6,24,17
ADSK;B3GALTg,0,1,26,22
ADSK;B3GNT39g,1,1,25,22
ADSK;B3GNT51g,0,1,26,22
ADSK;CBPSam,1,0,25,23
ADSK;CERT2gt,1,1,25,22
ADSK;CITRte,1,0,25,23
ADSK;FUCACNGALACGLCGALGLUSIDEte,0,1,26,22
ADSK;FUCACNGALACGLCGALGLUSIDEtg,0,1,26,22
ADSK;FUT32g,0,1,26,22
ADSK;GALU,1,0,25,23
ADSK;GF6PTA,1,0,25,23
ADSK;H2Otg,1,0,25,23
ADSK;HCO3tm,1,0,25,23
ADSK;Htg,1,0,25,23
ADSK;L_LACt2r,0,1,26,22
ADSK;NDP7g,1,0,25,23
ADSK;NH4tm,1,0,25,23
ADSK;OCBTm,1,0,25,23
ADSK;PGMT,1,0,25,23
ADSK;PItg,1,0,25,23
ADSK;R_group_phosphotase_1,0,1,26,22
ADSK;ST3GAL31g,0,1,26,22
ADSK;UAG2EMAi,1,0,25,23
ADSK;UAGDP,1,0,25,23
ADSK;UGCGc,1,1,25,22
AG13T10g;B3GALTg,0,1,26,22
AG13T10g;B3GNT39g,1,1,25,22
AG13T10g;B3GNT51g,0,1,26,22
AG13T10g;CERT2gt,1,1,25,22
AG13T10g;FUCACNGALACGLCGALGLUSIDEte,0,1,26,22
AG13T10g;FUCACNGALACGLCGALGLUSIDEtg,0,1,26,22
AG13T10g;FUT32g,0,1,26,22
AG13T10g;ST3GAL31g,0,1,26,22
AG13T10g;UGCGc,1,1,25,22
AG13T11g;B3GALTg,0,1,26,22
AG13T11g;B3GNT39g,1,1,25,22
AG13T11g;B3GNT51g,0,1,26,22
AG13T11g;CERT2gt,1,1,25,22
AG13T11g;FUCACNGALACGLCGALGLUSIDEte,0,1,26,22
AG13T11g;FUCACNGALACGLCGALGLUSIDEtg,0,1,26,22
AG13T11g;FUT32g,0,1,26,22
AG13T11g;ST3GAL31g,0,1,26,22
AG13T11g;UGCGc,1,1,25,22
AG13T12g;B3GALTg,0,1,26,22
AG13T12g;B3GNT39g,1,1,25,22
AG13T12g;B3GNT51g,0,1,26,22
AG13T12g;CERT2gt,1,1,25,22
AG13T12g;FUCACNGALACGLCGALGLUSIDEte,0,1,26,22
AG13T12g;FUCACNGALACGLCGALGLUSIDEtg,0,1,26,22
AG13T12g;FUT32g,0,1,26,22
AG13T12g;ST3GAL31g,0,1,26,22
AG13T12g;UGCGc,1,1,25,22
AG13T13g;B3GALTg,0,1,26,22
AG13T13g;B3GNT39g,1,1,25,22
AG13T13g;B3GNT51g,0,1,26,22
AG13T13g;CERT2gt,1,1,25,22
AG13T13g;FUCACNGALACGLCGALGLUSIDEte,0,1,26,22
AG13T13g;FUCACNGALACGLCGALGLUSIDEtg,0,1,26,22
AG13T13g;FUT32g,0,1,26,22
AG13T13g;ST3GAL31g,0,1,26,22
AG13T13g;UGCGc,1,1,25,22
AG13T14g;B3GALTg,0,1,26,22
AG13T14g;B3GNT39g,1,1,25,22
AG13T14g;B3GNT51g,0,1,26,22
AG13T14g;CERT2gt,1,1,25,22
AG13T14g;FUCACNGALACGLCGALGLUSIDEte,0,1,26,22
AG13T14g;FUCACNGALACGLCGALGLUSIDEtg,0,1,26,22
AG13T14g;FUT32g,0,1,26,22
AG13T14g;ST3GAL31g,0,1,26,22
AG13T14g;UGCGc,1,1,25,22
AG13T15g;B3GALTg,0,1,26,22
AG13T15g;B3GNT39g,1,1,25,22
AG13T15g;B3GNT51g,0,1,26,22
AG13T15g;CERT2gt,1,1,25,22
AG13T15g;FUCACNGALACGLCGALGLUSIDEte,0,1,26,22
AG13T15g;FUCACNGALACGLCGALGLUSIDEtg,0,1,26,22
AG13T15g;FUT32g,0,1,26,22
AG13T15g;ST3GAL31g,0,1,26,22
AG13T15g;UGCGc,1,1,25,22
AG13T4g;B3GALTg,0,1,26,22
AG13T4g;B3GNT39g,1,1,25,22
AG13T4g;B3GNT51g,0,1,26,22
AG13T4g;CERT2gt,1,1,25,22
AG13T4g;FUCACNGALACGLCGALGLUSIDEte,0,1,26,22
AG13T4g;FUCACNGALACGLCGALGLUSIDEtg,0,1,26,22
AG13T4g;FUT32g,0,1,26,22
AG13T4g;ST3GAL31g,0,1,26,22
AG13T4g;UGCGc,1,1,25,22
AG13T5g;B3GALTg,0,1,26,22
AG13T5g;B3GNT39g,1,1,25,22
AG13T5g;B3GNT51g,0,1,26,22
AG13T5g;CERT2gt,1,1,25,22
AG13T5g;FUCACNGALACGLCGALGLUSIDEte,0,1,26,22
AG13T5g;FUCACNGALACGLCGALGLUSIDEtg,0,1,26,22
AG13T5g;FUT32g,0,1,26,22
AG13T5g;ST3GAL31g,0,1,26,22
AG13T5g;UGCGc,1,1,25,22
AG13T6g;B3GALTg,0,1,26,22
AG13T6g;B3GNT39g,1,1,25,22
AG13T6g;B3GNT51g,0,1,26,22
AG13T6g;CERT2gt,1,1,25,22
AG13T6g;FUCACNGALACGLCGALGLUSIDEte,0,1,26,22
AG13T6g;FUCACNGALACGLCGALGLUSIDEtg,0,1,26,22
AG13T6g;FUT32g,0,1,26,22
AG13T6g;ST3GAL31g,0,1,26,22
AG13T6g;UGCGc,1,1,25,22
AG13T7g;B3GALTg,0,1,26,22
AG13T7g;B3GNT39g,1,1,25,22
AG13T7g;B3GNT51g,0,1,26,22
AG13T7g;CERT2gt,1,1,25,22
AG13T7g;FUCACNGALACGLCGALGLUSIDEte,0,1,26,22
AG13T7g;FUCACNGALACGLCGALGLUSIDEtg,0,1,26,22
AG13T7g;FUT32g,0,1,26,22
AG13T7g;ST3GAL31g,0,1,26,22
AG13T7g;UGCGc,1,1,25,22
AG13T8g;B3GALTg,0,1,26,22
AG13T8g;B3GNT39g,1,1,25,22
AG13T8g;B3GNT51g,0,1,26,22
AG13T8g;CERT2gt,1,1,25,22
AG13T8g;FUCACNGALACGLCGALGLUSIDEte,0,1,26,22
AG13T8g;FUCACNGALACGLCGALGLUSIDEtg,0,1,26,22
AG13T8g;FUT32g,0,1,26,22
AG13T8g;ST3GAL31g,0,1,26,22
AG13T8g;UGCGc,1,1,25,22
AG13T9g;B3GALTg,0,1,26,22
AG13T9g;B3GNT39g,1,1,25,22
AG13T9g;B3GNT51g,0,1,26,22
AG13T9g;CERT2gt,1,1,25,22
AG13T9g;FUCACNGALACGLCGALGLUSIDEte,0,1,26,22
AG13T9g;FUCACNGALACGLCGALGLUSIDEtg,0,1,26,22
AG13T9g;FUT32g,0,1,26,22
AG13T9g;ST3GAL31g,0,1,26,22
AG13T9g;UGCGc,1,1,25,22
AGMTm;AKGMALtm,1,0,25,23
AGMTm;ASPGLUm,1,0,25,23
AGMTm;ASPTAm,1,0,25,23
AGMTm;CITRt2m,2,0,24,23
AGMTm;CITRtm,2,0,24,23
AGMTm;GTPGDPtm,1,0,25,23
AGMTm;MAL_Lte,1,0,25,23
AGMTm;MDHm,1,0,25,23
AGMTm;NAt5,1,0,25,23
AGMTm;NH4tm,1,0,25,23
AGMTm;PIt2m_2,2,0,24,23
AGMTm;PPItm,1,0,25,23
AGTix;HEX1,0,1,26,22
AHC;ALDD2y,1,0,25,23
AHC;AMETEPMT,1,0,25,23
AHC;ARTFR52,1,0,25,23
AHC;ATPS4m,2,4,24,19
AHC;ATPtm,0,1,26,22
AHC;CBPSam,3,0,23,23
AHC;CDS,2,0,24,23
AHC;CEPTE,1,1,25,22
AHC;CHOLK,14,11,12,12
AHC;CHOLt4,16,1,10,22
AHC;CHOLtu,7,19,19,4
AHC;CITRORNtm,1,0,25,23
AHC;CITRte,3,0,23,23
AHC;CK,1,0,25,23
AHC;COAtm,0,1,26,22
AHC;CREATtmdiffir,1,0,25,23
AHC;CRTNsyn,1,0,25,23
AHC;CRTNte,1,0,25,23
AHC;CYOOm2,1,5,25,18
AHC;CYOOm3,1,0,25,23
AHC;CYOR_u10m,2,5,24,18
AHC;CYSt4,0,1,26,22
AHC;DPCOAK,0,1,26,22
AHC;ETHP,1,0,25,23
AHC;FAE200,1,0,25,23
AHC;FAE220,1,0,25,23
AHC;FAE240,1,0,25,23
AHC;FAE260,1,0,25,23
AHC;GACMTRc,1,0,25,23
AHC;GALU,0,1,26,22
AHC;GHMT2rm,0,1,26,22
AHC;GLYAMDTRc,1,0,25,23
AHC;GTHO,0,1,26,22
AHC;GTHOm,0,1,26,22
AHC;GTHPm,0,1,26,22
AHC;H2O2tm,0,1,26,22
AHC;HACD200,1,0,25,23
AHC;HACD220,1,0,25,23
AHC;HACD240,1,0,25,23
AHC;HACD260,1,0,25,23
AHC;HCO3E,1,0,25,23
AHC;HCO3Em,0,1,26,22
AHC;HCO3tm,3,2,23,21
AHC;HEXCCOAtr,1,0,25,23
AHC;HSD200,1,0,25,23
AHC;HSD220,1,0,25,23
AHC;HSD240,1,0,25,23
AHC;HSD260,1,0,25,23
AHC;ICDHxrm,1,0,25,23
AHC;ICDHyrm,1,0,25,23
AHC;MTHFCm,0,1,26,22
AHC;MTHFDm,0,1,26,22
AHC;NH4tm,3,0,23,23
AHC;O2Stm,1,0,25,23
AHC;OCBTm,3,0,23,23
AHC;ORNt4m,1,0,25,23
AHC;PCREATtmdiffir,1,0,25,23
AHC;PEMET1,1,0,25,23
AHC;PEMET2,1,0,25,23
AHC;PETHCT,1,1,25,22
AHC;PGMT,0,1,26,22
AHC;PIt2m_2,2,1,24,22
AHC;PNTK,0,1,26,22
AHC;PNTOt1,0,1,26,22
AHC;PPAm,0,1,26,22
AHC;PPCDC,0,1,26,22
AHC;PPCOAtm,0,1,26,22
AHC;PPNCL2,0,1,26,22
AHC;PSSA1_hs,1,1,25,22
AHC;PSSA2_hs,1,0,25,23
AHC;PTPAT,0,1,26,22
AHC;RDH1,0,1,26,22
AHC;RTOT5,1,0,25,23
AHC;R_group_phosphotase_1,0,1,26,22
AHC;SERTm,0,1,26,22
AHC;TECR200,1,0,25,23
AHC;TECR220,1,0,25,23
AHC;TECR240,1,0,25,23
AHC;TECR260,1,0,25,23
AHC;THRA,1,0,25,23
AHCYStn;ALDD2y,1,0,25,23
AHCYStn;DHFtm,1,0,25,23
AHCYStn;GHMT2rm,0,1,26,22
AHCYStn;MTHFCm,0,1,26,22
AHCYStn;MTHFDm,0,1,26,22
AHCYStn;PIt2m_2,0,1,26,22
AHCYStn;PPAm,0,1,26,22
AHCYStn;PSDm_hs,1,1,25,22
AHCYStn;PSFLIPm,1,1,25,22
AHCYStn;SERTm,0,1,26,22
AHCYStn;THRA,1,0,25,23
AKGACONtm;ACITLn,1,0,25,23
AKGACONtm;ADPtn,1,0,25,23
AKGACONtm;ALASm,1,0,25,23
AKGACONtm;AMPDA,1,0,25,23
AKGACONtm;ATPtn,1,0,25,23
AKGACONtm;BILIRED,1,0,25,23
AKGACONtm;BILIRUBtr,1,0,25,23
AKGACONtm;CHATn,1,0,25,23
AKGACONtm;CHOLtn,1,0,25,23
AKGACONtm;CITRt2m,0,1,26,22
AKGACONtm;CITRtm,0,1,26,22
AKGACONtm;CITtn,1,0,25,23
AKGACONtm;COt,1,0,25,23
AKGACONtm;CPPPGO,1,0,25,23
AKGACONtm;FCLTm,1,0,25,23
AKGACONtm;FE2tm,1,0,25,23
AKGACONtm;GALU,1,0,25,23
AKGACONtm;GLYATm,0,1,26,22
AKGACONtm;HMBS,1,0,25,23
AKGACONtm;HOXG,1,0,25,23
AKGACONtm;ICDHxrm,1,0,25,23
AKGACONtm;ICITACONtm,1,0,25,23
AKGACONtm;MALACONtm,2,0,24,23
AKGACONtm;NDP7er,1,0,25,23
AKGACONtm;OAAtn,1,0,25,23
AKGACONtm;OXALSUCCCLm,1,0,25,23
AKGACONtm;PEPCK,1,0,25,23
AKGACONtm;PFK2,1,0,25,23
AKGACONtm;PGMT,1,0,25,23
AKGACONtm;PHEMEtm,1,0,25,23
AKGACONtm;PPBNGS,1,0,25,23
AKGACONtm;PPPG9tm,1,0,25,23
AKGACONtm;PPPGOm,1,0,25,23
AKGACONtm;SSALym,2,0,24,23
AKGACONtm;THR3Dx,0,1,26,22
AKGACONtm;UDPGD,1,0,25,23
AKGACONtm;UDPGLCAter,1,0,25,23
AKGACONtm;UPP3S,1,0,25,23
AKGACONtm;UPPDC1,1,0,25,23
AKGACONtm;URATEt,1,0,25,23
AKGCITtm;AKGGHTRDtm,1,0,25,23
AKGCITtm;ALATA_L,1,0,25,23
AKGCITtm;ASPPROASCT1,1,0,25,23
AKGCITtm;CITOAL,1,0,25,23
AKGCITtm;CITtam,1,0,25,23
AKGCITtm;CO2tm,1,0,25,23
AKGCITtm;DHFR,1,0,25,23
AKGCITtm;DHFtm,1,0,25,23
AKGCITtm;DLD,1,0,25,23
AKGCITtm;ENO,1,0,25,23
AKGCITtm;FBA3,1,0,25,23
AKGCITtm;G6PDH2r,1,0,25,23
AKGCITtm;GAPD,1,0,25,23
AKGCITtm;GND,1,0,25,23
AKGCITtm;HCO3E,1,0,25,23
AKGCITtm;HCO3Ee,1,0,25,23
AKGCITtm;HEX12,1,0,25,23
AKGCITtm;HMGL,1,0,25,23
AKGCITtm;MAL_Lte,1,0,25,23
AKGCITtm;ME2m,1,0,25,23
AKGCITtm;NADH2_u10m,1,0,25,23
AKGCITtm;P45011A1m,1,0,25,23
AKGCITtm;PDHa,1,0,25,23
AKGCITtm;PDHbr,1,0,25,23
AKGCITtm;PFK_3,1,0,25,23
AKGCITtm;PGK,1,0,25,23
AKGCITtm;PGL,1,0,25,23
AKGCITtm;PGM,1,0,25,23
AKGCITtm;PIGTHRDLtm,1,0,25,23
AKGCITtm;PRGNLONEtm,1,0,25,23
AKGCITtm;PRGNLONEtr,1,0,25,23
AKGCITtm;RPE,1,0,25,23
AKGCITtm;RPI,1,0,25,23
AKGCITtm;THFtm,1,0,25,23
AKGCITtm;TKT1,1,0,25,23
AKGCITtm;TKT2,1,0,25,23
AKGCITtm;TPI,1,0,25,23
AKGDa1;AKGMALtm,1,0,25,23
AKGDa1;AKGSUCCtm,0,1,26,22
AKGDa1;ALDD2y,2,0,24,23
AKGDa1;ASPGLUm,1,0,25,23
AKGDa1;ASPTAm,1,0,25,23
AKGDa1;CITRt2m,0,1,26,22
AKGDa1;CITSUCCtm,0,1,26,22
AKGDa1;DADK3,2,0,24,23
AKGDa1;DHFR,1,0,25,23
AKGDa1;DHFtm,1,0,25,23
AKGDa1;DRPA,2,0,24,23
AKGDa1;ICDHyr,0,1,26,22
AKGDa1;ICITCITtm,0,1,26,22
AKGDa1;MAL_Lte,1,0,25,23
AKGDa1;MDHm,1,0,25,23
AKGDa1;NTD6,2,0,24,23
AKGDa1;OXALSUCCCL,0,1,26,22
AKGDa1;PPM2,2,0,24,23
AKGDa1;PUNP2,2,0,24,23
AKGDa1;RDH1,1,0,25,23
AKGDa1;RDH1a,1,0,25,23
AKGDa1;RPI,1,0,25,23
AKGDa1;THFtm,1,0,25,23
AKGDa2;AKGMALtm,1,0,25,23
AKGDa2;AKGSUCCtm,0,1,26,22
AKGDa2;ALDD2y,2,0,24,23
AKGDa2;ASPGLUm,1,0,25,23
AKGDa2;ASPTAm,1,0,25,23
AKGDa2;CITRt2m,0,1,26,22
AKGDa2;CITSUCCtm,0,1,26,22
AKGDa2;DADK3,2,0,24,23
AKGDa2;DHFR,1,0,25,23
AKGDa2;DHFtm,1,0,25,23
AKGDa2;DRPA,2,0,24,23
AKGDa2;ICDHyr,0,1,26,22
AKGDa2;ICITCITtm,0,1,26,22
AKGDa2;MAL_Lte,1,0,25,23
AKGDa2;MDHm,1,0,25,23
AKGDa2;NTD6,2,0,24,23
AKGDa2;OXALSUCCCL,0,1,26,22
AKGDa2;PPM2,2,0,24,23
AKGDa2;PUNP2,2,0,24,23
AKGDa2;RDH1,1,0,25,23
AKGDa2;RDH1a,1,0,25,23
AKGDa2;RPI,1,0,25,23
AKGDa2;THFtm,1,0,25,23
AKGDb;AKGMALtm,1,0,25,23
AKGDb;AKGSUCCtm,0,1,26,22
AKGDb;ALDD2y,2,0,24,23
AKGDb;ASPGLUm,1,0,25,23
AKGDb;ASPTAm,1,0,25,23
AKGDb;CITRt2m,0,1,26,22
AKGDb;CITSUCCtm,0,1,26,22
AKGDb;DADK3,2,0,24,23
AKGDb;DHFR,1,0,25,23
AKGDb;DHFtm,1,0,25,23
AKGDb;DRPA,2,0,24,23
AKGDb;ICDHyr,0,1,26,22
AKGDb;ICITCITtm,0,1,26,22
AKGDb;MAL_Lte,1,0,25,23
AKGDb;MDHm,1,0,25,23
AKGDb;NTD6,2,0,24,23
AKGDb;OXALSUCCCL,0,1,26,22
AKGDb;PPM2,2,0,24,23
AKGDb;PUNP2,2,0,24,23
AKGDb;RDH1,1,0,25,23
AKGDb;RDH1a,1,0,25,23
AKGDb;RPI,1,0,25,23
AKGDb;THFtm,1,0,25,23
AKGGHTRDtm;AKGMALtm,2,0,24,23
AKGGHTRDtm;ALASm,1,0,25,23
AKGGHTRDtm;ALDD2x,0,1,26,22
AKGGHTRDtm;ASPGLUm,2,0,24,23
AKGGHTRDtm;ASPTAm,2,0,24,23
AKGGHTRDtm;ATPS4m,1,0,25,23
AKGGHTRDtm;ATPt4,0,1,26,22
AKGGHTRDtm;BILIRED,1,0,25,23
AKGGHTRDtm;BILIRUBtr,1,0,25,23
AKGGHTRDtm;CBPSam,1,0,25,23
AKGGHTRDtm;CITRt2m,2,0,24,23
AKGGHTRDtm;CITRte,1,0,25,23
AKGGHTRDtm;CITRtm,2,0,24,23
AKGGHTRDtm;CK,1,0,25,23
AKGGHTRDtm;CO2tm,0,1,26,22
AKGGHTRDtm;COt,1,0,25,23
AKGGHTRDtm;CPPPGO,1,0,25,23
AKGGHTRDtm;CREATtmdiffir,1,0,25,23
AKGGHTRDtm;CRTNsyn,1,0,25,23
AKGGHTRDtm;CRTNte,1,0,25,23
AKGGHTRDtm;CYOOm2,0,1,26,22
AKGGHTRDtm;CYOOm3,1,0,25,23
AKGGHTRDtm;CYOR_u10m,1,1,25,22
AKGGHTRDtm;DHFR,1,0,25,23
AKGGHTRDtm;DHFRm,1,0,25,23
AKGGHTRDtm;DHFtm,1,0,25,23
AKGGHTRDtm;ECOAH1m,1,0,25,23
AKGGHTRDtm;FADFADH2tm,1,0,25,23
AKGGHTRDtm;FBA,1,0,25,23
AKGGHTRDtm;FCLTm,1,0,25,23
AKGGHTRDtm;FE2tm,1,0,25,23
AKGGHTRDtm;G5SADr,1,0,25,23
AKGGHTRDtm;GACMTRc,1,0,25,23
AKGGHTRDtm;GALU,1,0,25,23
AKGGHTRDtm;GLU5SAtmc,1,0,25,23
AKGGHTRDtm;GLUt2m,3,0,23,23
AKGGHTRDtm;GLYAMDTRc,1,0,25,23
AKGGHTRDtm;GTPGDPtm,1,0,25,23
AKGGHTRDtm;HACD1m,1,0,25,23
AKGGHTRDtm;HCO3E,2,0,24,23
AKGGHTRDtm;HCO3tm,1,0,25,23
AKGGHTRDtm;HMBS,1,0,25,23
AKGGHTRDtm;HOXG,1,0,25,23
AKGGHTRDtm;ICDHxrm,1,0,25,23
AKGGHTRDtm;MAL_Lte,2,0,24,23
AKGGHTRDtm;MDHm,2,0,24,23
AKGGHTRDtm;NDP7er,1,0,25,23
AKGGHTRDtm;NH4tm,1,0,25,23
AKGGHTRDtm;O2Stm,1,0,25,23
AKGGHTRDtm;OCBTm,1,0,25,23
AKGGHTRDtm;ORNTArm,1,0,25,23
AKGGHTRDtm;ORNt4m,1,0,25,23
AKGGHTRDtm;PCREATtmdiffir,1,0,25,23
AKGGHTRDtm;PFK,1,0,25,23
AKGGHTRDtm;PGI,1,1,25,22
AKGGHTRDtm;PGMT,1,0,25,23
AKGGHTRDtm;PHEMEtm,1,0,25,23
AKGGHTRDtm;PIt2m_2,4,1,22,22
AKGGHTRDtm;PPA,1,0,25,23
AKGGHTRDtm;PPAm,0,1,26,22
AKGGHTRDtm;PPBNGS,1,0,25,23
AKGGHTRDtm;PPItm,1,0,25,23
AKGGHTRDtm;PPPG9tm,1,0,25,23
AKGGHTRDtm;PPPGOm,1,0,25,23
AKGGHTRDtm;PROD2,1,0,25,23
AKGGHTRDtm;RDH1,1,0,25,23
AKGGHTRDtm;RDH1a,1,0,25,23
AKGGHTRDtm;THFtm,1,0,25,23
AKGGHTRDtm;THRA,0,1,26,22
AKGGHTRDtm;UDPGD,1,0,25,23
AKGGHTRDtm;UDPGLCAter,1,0,25,23
AKGGHTRDtm;UPP3S,1,0,25,23
AKGGHTRDtm;UPPDC1,1,0,25,23
AKGICITtm;ALASm,2,0,24,23
AKGICITtm;ALAt2r,1,0,25,23
AKGICITtm;ALDD2x,1,0,25,23
AKGICITtm;ALDD2y,2,0,24,23
AKGICITtm;ARTFR41,0,1,26,22
AKGICITtm;ASPGLUm,1,0,25,23
AKGICITtm;ASPTAm,1,0,25,23
AKGICITtm;BILIRED2,2,0,24,23
AKGICITtm;BILIRUBtr,2,0,24,23
AKGICITtm;C161CPT1,0,1,26,22
AKGICITtm;CACT4r,0,1,26,22
AKGICITtm;CHOLK,1,0,25,23
AKGICITtm;CHOLt4,1,0,25,23
AKGICITtm;CITOAL,1,0,25,23
AKGICITtm;CITtam,1,0,25,23
AKGICITtm;CO2tm,3,0,23,23
AKGICITtm;COt,2,0,24,23
AKGICITtm;CPPPGO,2,0,24,23
AKGICITtm;CYTK8,1,0,25,23
AKGICITtm;DADK3,1,0,25,23
AKGICITtm;DESAT16_1,0,1,26,22
AKGICITtm;DHFRx,1,0,25,23
AKGICITtm;DRPA,1,0,25,23
AKGICITtm;FCLTm,2,0,24,23
AKGICITtm;FE2tm,2,0,24,23
AKGICITtm;GABAVESSEC,1,0,25,23
AKGICITtm;GALU,2,0,24,23
AKGICITtm;H2Otm,1,0,25,23
AKGICITtm;HCO3E,3,0,23,23
AKGICITtm;HCO3Ee,1,0,25,23
AKGICITtm;HMBS,2,0,24,23
AKGICITtm;HOXG,2,0,24,23
AKGICITtm;ICDHxrm,1,0,25,23
AKGICITtm;MALACONtm,1,0,25,23
AKGICITtm;MDHm,2,0,24,23
AKGICITtm;NADHtru,0,1,26,22
AKGICITtm;NADtru,0,1,26,22
AKGICITtm;NDP7er,2,0,24,23
AKGICITtm;NTD6,1,0,25,23
AKGICITtm;P45011A1m,1,0,25,23
AKGICITtm;P5CRxm,0,1,26,22
AKGICITtm;PGMT,2,0,24,23
AKGICITtm;PHEMEtm,2,0,24,23
AKGICITtm;PIt2m_2,2,0,24,23
AKGICITtm;PLMCOAPTr,0,1,26,22
AKGICITtm;PMTCOAFABP1tc,0,1,26,22
AKGICITtm;PPBNGS,2,0,24,23
AKGICITtm;PPM2,1,0,25,23
AKGICITtm;PPPG9tm,2,0,24,23
AKGICITtm;PPPGOm,2,0,24,23
AKGICITtm;PRGNLONEtm,1,0,25,23
AKGICITtm;PROD2m,0,1,26,22
AKGICITtm;PROGLUtm,1,0,25,23
AKGICITtm;PROtm,1,0,25,23
AKGICITtm;PUNP2,1,0,25,23
AKGICITtm;RTOT4,0,1,26,22
AKGICITtm;SSALym,3,0,23,23
AKGICITtm;SUCCACONtm,2,0,24,23
AKGICITtm;SUCCICITtm,1,0,25,23
AKGICITtm;THRA,1,0,25,23
AKGICITtm;UDPGD,2,0,24,23
AKGICITtm;UDPGLCAter,1,0,25,23
AKGICITtm;UPP3S,2,0,24,23
AKGICITtm;UPPDC1,2,0,24,23
AKGMALtm;ACITLn,1,0,25,23
AKGMALtm;ADPtn,1,0,25,23
AKGMALtm;AKGSUCCtm,1,0,25,23
AKGMALtm;ALASm,1,0,25,23
AKGMALtm;ALDD2x,1,0,25,23
AKGMALtm;ARGCITRt2m,1,0,25,23
AKGMALtm;ARGDCm,1,0,25,23
AKGMALtm;ATPtn,1,0,25,23
AKGMALtm;BILIRED2,1,0,25,23
AKGMALtm;BILIRUBtr,1,0,25,23
AKGMALtm;CBPSam,1,0,25,23
AKGMALtm;CHATn,1,0,25,23
AKGMALtm;CHOLtn,1,0,25,23
AKGMALtm;CITRte,1,0,25,23
AKGMALtm;CITtam,1,0,25,23
AKGMALtm;CITtn,1,0,25,23
AKGMALtm;CO2tm,2,0,24,23
AKGMALtm;COt,1,0,25,23
AKGMALtm;CPPPGO,1,0,25,23
AKGMALtm;FBA,1,0,25,23
AKGMALtm;FCLTm,1,0,25,23
AKGMALtm;FE2tm,1,0,25,23
AKGMALtm;FUM,1,0,25,23
AKGMALtm;FUMSUCCtm,1,0,25,23
AKGMALtm;FUMm,1,0,25,23
AKGMALtm;G5SDym,1,0,25,23
AKGMALtm;GALU,1,0,25,23
AKGMALtm;GLU5Km,1,0,25,23
AKGMALtm;GLUPROASCT1,2,0,24,23
AKGMALtm;GTPGDPtm,1,0,25,23
AKGMALtm;H2Otm,1,0,25,23
AKGMALtm;HCO3E,2,0,24,23
AKGMALtm;HCO3Ee,1,0,25,23
AKGMALtm;HCO3tm,1,0,25,23
AKGMALtm;HMBS,1,0,25,23
AKGMALtm;HOXG,1,0,25,23
AKGMALtm;KCC2t,1,0,25,23
AKGMALtm;MAL_Lte,2,0,24,23
AKGMALtm;NADH2_u10m,1,0,25,23
AKGMALtm;NDP7er,1,0,25,23
AKGMALtm;NH4tm,1,0,25,23
AKGMALtm;OAAtn,1,0,25,23
AKGMALtm;OCBTm,1,0,25,23
AKGMALtm;ORNTArm,1,0,25,23
AKGMALtm;OXALSUCCCLm,1,0,25,23
AKGMALtm;PFK,1,0,25,23
AKGMALtm;PGI,1,0,25,23
AKGMALtm;PGMT,1,0,25,23
AKGMALtm;PHEMEtm,1,0,25,23
AKGMALtm;PIGTHRDLtm,2,0,24,23
AKGMALtm;PIt2m_2,2,0,24,23
AKGMALtm;PItn,1,0,25,23
AKGMALtm;PPBNGS,1,0,25,23
AKGMALtm;PPPG9tm,1,0,25,23
AKGMALtm;PPPGOm,1,0,25,23
AKGMALtm;PROAKGOX1m,1,0,25,23
AKGMALtm;PROGLUtm,2,0,24,23
AKGMALtm;PROtm,1,0,25,23
AKGMALtm;PTRCtm,1,0,25,23
AKGMALtm;SSALym,2,0,24,23
AKGMALtm;SUCOAS1m,2,0,24,23
AKGMALtm;THRA,1,0,25,23
AKGMALtm;UDPGD,1,0,25,23
AKGMALtm;UPP3S,1,0,25,23
AKGMALtm;UPPDC1,1,0,25,23
AKGMALtm;UREAt,1,0,25,23
AKGMALtm;UREAtm,1,0,25,23
AKGSUCCtm;ALASm,0,2,26,21
AKGSUCCtm;ALDD2y,0,1,26,22
AKGSUCCtm;BILIRED2,0,2,26,21
AKGSUCCtm;BILIRUBtr,0,2,26,21
AKGSUCCtm;CITRt2m,0,1,26,22
AKGSUCCtm;CITRtm,0,1,26,22
AKGSUCCtm;CITSUCCtm,0,1,26,22
AKGSUCCtm;CO2tm,0,1,26,22
AKGSUCCtm;COt,0,2,26,21
AKGSUCCtm;CPPPGO,0,2,26,21
AKGSUCCtm;DLD,0,1,26,22
AKGSUCCtm;FCLTm,0,2,26,21
AKGSUCCtm;FE2tm,0,2,26,21
AKGSUCCtm;FUM,1,0,25,23
AKGSUCCtm;FUMSUCCtm,1,0,25,23
AKGSUCCtm;FUMm,1,0,25,23
AKGSUCCtm;GALU,0,2,26,21
AKGSUCCtm;GLUDym,0,1,26,22
AKGSUCCtm;GLUPROASCT1,0,1,26,22
AKGSUCCtm;GLUt2m,0,2,26,21
AKGSUCCtm;GLYATm,0,1,26,22
AKGSUCCtm;GLYC3Ptm,0,1,26,22
AKGSUCCtm;GLYC3Ptmc,0,1,26,22
AKGSUCCtm;GLYt4,0,1,26,22
AKGSUCCtm;GTPGDPtm,0,1,26,22
AKGSUCCtm;H2Otg,0,1,26,22
AKGSUCCtm;HCO3E,0,2,26,21
AKGSUCCtm;HMBS,0,2,26,21
AKGSUCCtm;HOXG,0,2,26,21
AKGSUCCtm;Htg,0,1,26,22
AKGSUCCtm;ICDHxrm,0,1,26,22
AKGSUCCtm;NDP7er,0,2,26,21
AKGSUCCtm;NDP7g,0,1,26,22
AKGSUCCtm;NH4tm,0,1,26,22
AKGSUCCtm;OXALSUCCCLm,0,1,26,22
AKGSUCCtm;P45011A1m,0,1,26,22
AKGSUCCtm;PGMT,0,2,26,21
AKGSUCCtm;PHEMEtabc,0,1,26,22
AKGSUCCtm;PHEMEtm,0,1,26,22
AKGSUCCtm;PIMALtm,0,6,26,17
AKGSUCCtm;PIt2m_2,0,2,26,21
AKGSUCCtm;PItg,0,1,26,22
AKGSUCCtm;PPBNGS,0,2,26,21
AKGSUCCtm;PPPG9tm,0,2,26,21
AKGSUCCtm;PPPGOm,0,2,26,21
AKGSUCCtm;PRGNLONEtm,0,1,26,22
AKGSUCCtm;PROAKGOX1m,0,1,26,22
AKGSUCCtm;PROGLUtm,0,1,26,22
AKGSUCCtm;PROtm,0,2,26,21
AKGSUCCtm;SO3AKGtm,0,3,26,20
AKGSUCCtm;SO3MALtm,0,3,26,20
AKGSUCCtm;SO4AKGtm,0,3,26,20
AKGSUCCtm;SO4MALtm,0,3,26,20
AKGSUCCtm;SUCOAS1m,0,1,26,22
AKGSUCCtm;THR3Dx,0,1,26,22
AKGSUCCtm;UDPGD,0,2,26,21
AKGSUCCtm;UDPGLCAter,0,2,26,21
AKGSUCCtm;UPP3S,0,2,26,21
AKGSUCCtm;UPPDC1,0,2,26,21
AKGtn;PIt2m_2,0,1,26,22
AKGtn;PPAm,0,1,26,22
AKGtn;PSDm_hs,1,1,25,22
AKGtn;PSFLIPm,1,1,25,22
AKGtn;SERTm,0,1,26,22
AKGtn;THRA,1,0,25,23
ALABte;ASPte,0,1,26,22
ALABte;CITSUCCtm,0,1,26,22
ALABte;GHMT2rm,0,1,26,22
ALABte;HCO3Em,0,1,26,22
ALABte;HCO3tm,0,1,26,22
ALABte;MTHFCm,0,1,26,22
ALABte;MTHFDm,0,1,26,22
ALABte;P45011A1m,0,1,26,22
ALABte;PIt2m_2,0,1,26,22
ALABte;PRGNLONEtm,0,1,26,22
ALABte;SERTm,0,1,26,22
ALAR;ALAt2r,4,0,22,23
ALAR;ALDD2x,2,0,24,23
ALAR;ARTFR52,1,0,25,23
ALAR;FAE200,1,0,25,23
ALAR;FAE220,1,0,25,23
ALAR;FAE240,1,0,25,23
ALAR;FAE260,1,0,25,23
ALAR;FECR,1,0,25,23
ALAR;FERO,1,0,25,23
ALAR;FOLR2,1,0,25,23
ALAR;FOLt2,1,0,25,23
ALAR;GLUPROASCT1,1,0,25,23
ALAR;H2O2syn,0,1,26,22
ALAR;HACD200,1,0,25,23
ALAR;HACD220,1,0,25,23
ALAR;HACD240,1,0,25,23
ALAR;HACD260,1,0,25,23
ALAR;HCO3E,1,0,25,23
ALAR;HEXCCOAtr,1,0,25,23
ALAR;HSD200,1,0,25,23
ALAR;HSD220,1,0,25,23
ALAR;HSD240,1,0,25,23
ALAR;HSD260,1,0,25,23
ALAR;Htr,1,0,25,23
ALAR;MTHFR3x,1,0,25,23
ALAR;PPA,4,0,22,23
ALAR;TECR200,1,0,25,23
ALAR;TECR220,1,0,25,23
ALAR;TECR240,1,0,25,23
ALAR;TECR260,1,0,25,23
ALAR;THRA,2,0,24,23
ALAR;TXA2tr,2,0,24,23
ALAR;TXB2c,2,0,24,23
ALAR;TXB2r,2,0,24,23
ALAR;TXB2tr,2,0,24,23
ALASm;ALDD2x,0,1,26,22
ALASm;ALDD2xm,1,0,25,23
ALASm;ARGN,1,0,25,23
ALASm;ASPGLUm,2,0,24,23
ALASm;ASPTAm,2,0,24,23
ALASm;CBPSam,1,0,25,23
ALASm;CITRORNtm,1,0,25,23
ALASm;CITRt2m,2,4,24,19
ALASm;CITRte,1,0,25,23
ALASm;CITRtm,2,2,24,21
ALASm;CITSUCCtm,0,1,26,22
ALASm;COAtm,0,1,26,22
ALASm;CRNtim,0,1,26,22
ALASm;DHFR,1,0,25,23
ALASm;DHFtm,1,0,25,23
ALASm;GLUPROASCT1,0,1,26,22
ALASm;GTPGDPtm,0,1,26,22
ALASm;H2Otg,0,1,26,22
ALASm;HCO3tm,1,0,25,23
ALASm;Htg,0,1,26,22
ALASm;ICDHyr,0,1,26,22
ALASm;ICITCITtm,0,1,26,22
ALASm;L_LACt2r,0,1,26,22
ALASm;MAL_Lte,1,0,25,23
ALASm;MDHm,1,0,25,23
ALASm;NDP7g,0,1,26,22
ALASm;NH4tm,1,0,25,23
ALASm;O2tm,0,1,26,22
ALASm;OCBTm,1,0,25,23
ALASm;OROTGLUt,0,1,26,22
ALASm;OROTi,0,1,26,22
ALASm;OXALSUCCCL,0,1,26,22
ALASm;PEPCKm,1,0,25,23
ALASm;PGI,0,1,26,22
ALASm;PIGTHRDLtm,1,0,25,23
ALASm;PIMALtm,0,1,26,22
ALASm;PIt2m_2,0,1,26,22
ALASm;PItg,0,1,26,22
ALASm;PROGLUtm,0,1,26,22
ALASm;PROtm,0,1,26,22
ALASm;RDH1,1,0,25,23
ALASm;RDH1a,1,0,25,23
ALASm;SO3AKGtm,0,1,26,22
ALASm;SO3MALtm,0,1,26,22
ALASm;SUCCICITtm,1,0,25,23
ALASm;SUCCt4_2,1,0,25,23
ALASm;SUCOAS1m,0,2,26,21
ALASm;THFtm,1,0,25,23
ALASm;THRA,0,2,26,21
ALATA_L;ASPGLUm,2,0,24,23
ALATA_L;ASPTAm,2,0,24,23
ALATA_L;CITRt2m,1,0,25,23
ALATA_L;CITRtm,1,0,25,23
ALATA_L;CLFORtex,1,0,25,23
ALATA_L;CRNtim,1,0,25,23
ALATA_L;CSNATm,1,0,25,23
ALATA_L;DHFR,1,0,25,23
ALATA_L;DHFtm,1,0,25,23
ALATA_L;D_LACt2,1,0,25,23
ALATA_L;GLUDym,1,0,25,23
ALATA_L;GLUt2m,2,0,24,23
ALATA_L;GUAD,1,0,25,23
ALATA_L;H2Otm,1,0,25,23
ALATA_L;HCO3E,0,1,26,22
ALATA_L;LDH_D,1,0,25,23
ALATA_L;MDH,1,0,25,23
ALATA_L;MDHm,2,0,24,23
ALATA_L;NADH2_u10m,1,0,25,23
ALATA_L;NTD9,1,0,25,23
ALATA_L;PEPCK,1,0,25,23
ALATA_L;PUNP3,1,0,25,23
ALATA_L;THFtm,1,0,25,23
ALATA_L;URATEti,1,0,25,23
ALATA_L;XAO,1,0,25,23
ALATA_Lm;HEX1,0,1,26,22
ALAt2r;ALAt4,0,1,26,22
ALAt2r;ATPt4,2,0,24,23
ALAt2r;CATp,4,0,22,23
ALAt2r;CLFORtex,2,0,24,23
ALAt2r;CO2tm,1,0,25,23
ALAt2r;CRNCARtp,2,0,24,23
ALAt2r;CSNATp,2,0,24,23
ALAt2r;CSNATr,2,0,24,23
ALAt2r;DALAOXx,4,0,22,23
ALAt2r;DALAxt,4,0,22,23
ALAt2r;DLNLCGCOAtcx,1,0,25,23
ALAt2r;DLNLCGCOAtr,1,0,25,23
ALAt2r;D_LACt2,1,0,25,23
ALAt2r;FAE2031,1,0,25,23
ALAt2r;G6PDH2r,1,0,25,23
ALAt2r;GND,1,0,25,23
ALAt2r;H2Otm,1,0,25,23
ALAt2r;HACD2031,1,0,25,23
ALAt2r;HCO3E,1,0,25,23
ALAt2r;HCO3Ee,1,0,25,23
ALAt2r;HSD2031,1,0,25,23
ALAt2r;Htr,2,0,24,23
ALAt2r;Htx,2,0,24,23
ALAt2r;LACLt,4,0,22,23
ALAt2r;LDH_D,1,0,25,23
ALAt2r;LDH_Lp,4,0,22,23
ALAt2r;LNLNCGCOAtr,1,0,25,23
ALAt2r;LNLNCGCOAtx,1,0,25,23
ALAt2r;NADH2_u10m,1,0,25,23
ALAt2r;NADHtpu,2,0,24,23
ALAt2r;NADtx,2,0,24,23
ALAt2r;NH4tp,4,0,22,23
ALAt2r;O2tp,4,0,22,23
ALAt2r;PGL,1,0,25,23
ALAt2r;PIt2m_2,1,1,25,22
ALAt2r;RPI,2,0,24,23
ALAt2r;SUCCICITtm,1,0,25,23
ALAt2r;SUCCt4_2,1,0,25,23
ALAt2r;TECR2031,1,0,25,23
ALAt4;ALATA_L,2,0,24,23
ALAt4;ALAtN1,0,1,26,22
ALAt4;CLCFTRte,0,1,26,22
ALAtN1;HCO3E,0,1,26,22
ALAtN1;PYRt2r,1,0,25,23
ALAtN1;THRA,0,1,26,22
ALCD1;CDS,1,0,25,23
ALCD1;DHFtm,1,0,25,23
ALCD1;PIt2m_2,0,1,26,22
ALCD1;PPAm,0,1,26,22
ALCD1;PSDm_hs,1,0,25,23
ALCD1;PSFLIPm,1,0,25,23
ALDD19x;DHPR,0,1,26,22
ALDD19x;G6PDH2r,0,1,26,22
ALDD19x;GND,0,1,26,22
ALDD19x;O2t,0,1,26,22
ALDD19x;PGI,0,1,26,22
ALDD19x;PGL,0,1,26,22
ALDD19x;RPE,0,1,26,22
ALDD19x;RPI,0,1,26,22
ALDD19x;TALA,0,1,26,22
ALDD19x;THBPT4ACAMDASE,0,1,26,22
ALDD19x;TKT1,0,1,26,22
ALDD19x;TKT2,0,1,26,22
ALDD19xrm;ASPGLUm,1,0,25,23
ALDD19xrm;ASPTAm,1,0,25,23
ALDD19xrm;H2Otm,0,1,26,22
ALDD19xrm;HCO3E,0,1,26,22
ALDD19xrm;MDHm,1,0,25,23
ALDD19xrm;NADH2_u10m,0,1,26,22
ALDD19xrm;PIt2m_2,0,1,26,22
ALDD19y;DHPR,0,1,26,22
ALDD19y;G6PDH2r,0,1,26,22
ALDD19y;GND,0,1,26,22
ALDD19y;O2t,0,1,26,22
ALDD19y;PGI,0,1,26,22
ALDD19y;PGL,0,1,26,22
ALDD19y;RPE,0,1,26,22
ALDD19y;RPI,0,1,26,22
ALDD19y;TALA,0,1,26,22
ALDD19y;THBPT4ACAMDASE,0,1,26,22
ALDD19y;TKT1,0,1,26,22
ALDD19y;TKT2,0,1,26,22
ALDD19yrm;ASPGLUm,1,0,25,23
ALDD19yrm;ASPTAm,1,0,25,23
ALDD19yrm;H2Otm,0,1,26,22
ALDD19yrm;HCO3E,0,1,26,22
ALDD19yrm;MDHm,1,0,25,23
ALDD19yrm;NADH2_u10m,0,1,26,22
ALDD19yrm;PIt2m_2,0,1,26,22
ALDD2x;ACITLn,4,0,22,23
ALDD2x;ADPtn,4,0,22,23
ALDD2x;ALDD2xm,1,0,25,23
ALDD2x;ALDD2y,0,1,26,22
ALDD2x;ATPtn,4,0,22,23
ALDD2x;BILIRED2,0,1,26,22
ALDD2x;BILIRUBtr,0,1,26,22
ALDD2x;CATp,2,0,24,23
ALDD2x;CBPPer,1,0,25,23
ALDD2x;CBPter,1,0,25,23
ALDD2x;CHAT,3,0,23,23
ALDD2x;CHATn,4,0,22,23
ALDD2x;CHOLtn,4,0,22,23
ALDD2x;CITRt2m,0,1,26,22
ALDD2x;CITtbm,1,0,25,23
ALDD2x;CITtn,4,0,22,23
ALDD2x;COt,0,1,26,22
ALDD2x;CPPPGO,0,1,26,22
ALDD2x;CRNCARtp,2,0,24,23
ALDD2x;CSNATp,2,0,24,23
ALDD2x;CSNATr,1,0,25,23
ALDD2x;DALAOXx,2,0,24,23
ALDD2x;DALAxt,2,0,24,23
ALDD2x;DHFR,1,0,25,23
ALDD2x;DHFRm,2,0,24,23
ALDD2x;DHFRx,1,0,25,23
ALDD2x;DHFtm,1,0,25,23
ALDD2x;DLNLCGCOAtcx,2,0,24,23
ALDD2x;DLNLCGCOAtr,2,0,24,23
ALDD2x;FAE2031,2,0,24,23
ALDD2x;FCLTm,0,1,26,22
ALDD2x;FE2tm,0,1,26,22
ALDD2x;G6PPer,1,0,25,23
ALDD2x;GALU,0,1,26,22
ALDD2x;GLUPROASCT1,1,0,25,23
ALDD2x;GLYATm,0,1,26,22
ALDD2x;GLYtm,0,1,26,22
ALDD2x;GTPGDPtm,0,1,26,22
ALDD2x;HACD2031,2,0,24,23
ALDD2x;HEX12,1,0,25,23
ALDD2x;HMBS,0,1,26,22
ALDD2x;HOXG,0,1,26,22
ALDD2x;HSD2031,2,0,24,23
ALDD2x;Htr,1,0,25,23
ALDD2x;ICDHxrm,1,0,25,23
ALDD2x;ICDHyrm,4,0,22,23
ALDD2x;ICITMALtm,1,0,25,23
ALDD2x;LACLt,2,0,24,23
ALDD2x;LDH_Lp,2,0,24,23
ALDD2x;LNLNCGCOAtr,2,0,24,23
ALDD2x;LNLNCGCOAtx,2,0,24,23
ALDD2x;NDP7er,0,1,26,22
ALDD2x;NH4tp,2,0,24,23
ALDD2x;NH4tr,1,0,25,23
ALDD2x;O2tp,2,0,24,23
ALDD2x;OAAtn,4,0,22,23
ALDD2x;OCOAT1m,0,2,26,21
ALDD2x;OXALSUCCCLm,3,0,23,23
ALDD2x;PEPCK,1,0,25,23
ALDD2x;PGMT,0,1,26,22
ALDD2x;PHEMEtm,0,1,26,22
ALDD2x;PIGTHRDLtm,0,1,26,22
ALDD2x;PIter,0,1,26,22
ALDD2x;PItn,3,0,23,23
ALDD2x;PPBNGS,0,1,26,22
ALDD2x;PPPG9tm,0,1,26,22
ALDD2x;PPPGOm,0,1,26,22
ALDD2x;PYRtm,0,1,26,22
ALDD2x;SUCOAS1m,0,1,26,22
ALDD2x;TECR2031,2,0,24,23
ALDD2x;THFtm,1,0,25,23
ALDD2x;THR3Dx,0,1,26,22
ALDD2x;UDPGD,0,1,26,22
ALDD2x;UDPGLCAter,0,1,26,22
ALDD2x;UPP3S,0,1,26,22
ALDD2x;UPPDC1,0,1,26,22
ALDD2xm;AMPt4,1,0,25,23
ALDD2xm;BILIRED2,1,0,25,23
ALDD2xm;BILIRUBtr,1,0,25,23
ALDD2xm;COAtm,1,0,25,23
ALDD2xm;COt,1,0,25,23
ALDD2xm;CPPPGO,1,0,25,23
ALDD2xm;ECOAH1m,1,0,25,23
ALDD2xm;FCLTm,1,0,25,23
ALDD2xm;FE2tm,1,0,25,23
ALDD2xm;GALU,1,0,25,23
ALDD2xm;GTPGDPtm,1,0,25,23
ALDD2xm;HACD1m,1,0,25,23
ALDD2xm;HMBS,1,0,25,23
ALDD2xm;HMGCOASim,1,0,25,23
ALDD2xm;HMGCOAtm,1,0,25,23
ALDD2xm;HOXG,1,0,25,23
ALDD2xm;NDP7er,1,0,25,23
ALDD2xm;PGMT,1,0,25,23
ALDD2xm;PHEMEtm,1,0,25,23
ALDD2xm;PPBNGS,1,0,25,23
ALDD2xm;PPItm,1,0,25,23
ALDD2xm;PPPG9tm,1,0,25,23
ALDD2xm;PPPGOm,1,0,25,23
ALDD2xm;SSALym,1,0,25,23
ALDD2xm;SUCOAS1m,1,0,25,23
ALDD2xm;UDPGD,1,0,25,23
ALDD2xm;UPP3S,1,0,25,23
ALDD2xm;UPPDC1,1,0,25,23
ALDD2y;ACITLn,4,0,22,23
ALDD2y;ADPtn,4,0,22,23
ALDD2y;AKGtn,1,0,25,23
ALDD2y;AMETtn,1,0,25,23
ALDD2y;ATPtn,4,0,22,23
ALDD2y;CBPPer,2,0,24,23
ALDD2y;CBPter,2,0,24,23
ALDD2y;CHAT,3,0,23,23
ALDD2y;CHATn,4,0,22,23
ALDD2y;CHOLtn,4,0,22,23
ALDD2y;CITMCOAHm,0,2,26,21
ALDD2y;CITMCOALm,0,2,26,21
ALDD2y;CITtam,1,0,25,23
ALDD2y;CITtn,4,0,22,23
ALDD2y;CO2tn,1,0,25,23
ALDD2y;CSm,1,0,25,23
ALDD2y;DHFRm,1,1,25,22
ALDD2y;DHFRx,0,1,26,22
ALDD2y;DHFtm,1,0,25,23
ALDD2y;DLD,1,0,25,23
ALDD2y;FALDtn,1,0,25,23
ALDD2y;G6PDH2r,0,1,26,22
ALDD2y;GLUPROASCT1,1,1,25,22
ALDD2y;GND,0,1,26,22
ALDD2y;GTPGDPtm,2,0,24,23
ALDD2y;HCO3E,1,0,25,23
ALDD2y;HMGDH,1,0,25,23
ALDD2y;HMGS,1,0,25,23
ALDD2y;Htr,1,0,25,23
ALDD2y;ICDHxrm,1,0,25,23
ALDD2y;ICDHyr,1,0,25,23
ALDD2y;ICDHyrm,2,2,24,21
ALDD2y;ITCOALm,0,2,26,21
ALDD2y;LDH_Lm,0,2,26,21
ALDD2y;LHCYSTIN,1,0,25,23
ALDD2y;LHCYSTINt,1,0,25,23
ALDD2y;L_LACtm,0,2,26,21
ALDD2y;METAT,1,0,25,23
ALDD2y;NADH2_u10m,0,1,26,22
ALDD2y;NDPK1,0,1,26,22
ALDD2y;NH4tr,2,0,24,23
ALDD2y;O2tn,1,0,25,23
ALDD2y;OAAtn,4,0,22,23
ALDD2y;OXALSUCCCL,1,0,25,23
ALDD2y;OXALSUCCCLm,3,2,23,21
ALDD2y;PEPCK,2,0,24,23
ALDD2y;PGL,0,1,26,22
ALDD2y;PItn,3,0,23,23
ALDD2y;PYK,1,0,25,23
ALDD2y;PYK6,0,1,26,22
ALDD2y;RPE,0,1,26,22
ALDD2y;SFGTH,1,0,25,23
ALDD2y;SUCCACONtm,1,0,25,23
ALDD2y;SUCCICITtm,1,0,25,23
ALDD2y;SUCCt4_3,1,0,25,23
ALDD2y;SUCOAS1m,2,0,24,23
ALDD2y;TALA,0,1,26,22
ALDD2y;THFtm,1,0,25,23
ALDD2y;TKT1,0,1,26,22
ALDD2y;TKT2,0,1,26,22
ALDD2y;TYROX,0,1,26,22
ALDD2y;TYRTA,0,1,26,22
AMANK;ATP1ter,1,0,25,23
AMANK;CDPRBTLtg,1,0,25,23
AMANK;CDPtg,1,0,25,23
AMANK;CO2tg,1,0,25,23
AMANK;DOLMANP_ter,1,0,25,23
AMANK;DOLPMT,1,0,25,23
AMANK;DOLPOMTr,1,0,25,23
AMANK;DOLP_ter,1,0,25,23
AMANK;LARGEg,1,0,25,23
AMANK;MAN1PT2,1,0,25,23
AMANK;MAN6PI,1,0,25,23
AMANK;NDP7er,1,0,25,23
AMANK;NDPK3,1,0,25,23
AMANK;PCOREM3terg,1,0,25,23
AMANK;PGI,1,0,25,23
AMANK;PMANM,1,0,25,23
AMANK;POCDPRBTLT2g,1,0,25,23
AMANK;POCDPRBTLTg,1,0,25,23
AMANK;POGLCNACTg,1,0,25,23
AMANK;POMGNGALNTr,1,0,25,23
AMANK;POMGNTr,1,0,25,23
AMANK;POMKr,1,0,25,23
AMANK;POXYLTg,1,0,25,23
AMANK;RBT5PCYTr,1,0,25,23
AMANK;RBT5PDH,1,0,25,23
AMANK;RPE,1,0,25,23
AMANK;RPI,1,0,25,23
AMANK;TALA,1,0,25,23
AMANK;TKT1,1,0,25,23
AMANK;TKT2,1,0,25,23
AMANK;UACGAMUMPtr,1,0,25,23
AMANK;UAG4E,1,0,25,23
AMANK;UDPGD,1,0,25,23
AMANK;UDPGLCAtg,1,0,25,23
AMANK;UDPGLDCg,1,0,25,23
AMANK;UGALNACter,1,0,25,23
AMANK;UGLCNACtg,2,0,24,23
AMETEPMT;CEPTC,0,2,26,21
AMETEPMT;CEPTE,1,1,25,22
AMETEPMT;CHLPCTD,0,2,26,21
AMETEPMT;CO2tm,0,3,26,20
AMETEPMT;DHFtm,1,0,25,23
AMETEPMT;ETHAK,0,1,26,22
AMETEPMT;HCO3tm,0,1,26,22
AMETEPMT;LHCYSTIN,1,0,25,23
AMETEPMT;LHCYSTINt,1,0,25,23
AMETEPMT;METAT,1,0,25,23
AMETEPMT;PETHCT,1,1,25,22
AMETEPMT;PE_HStm,5,19,21,4
AMETEPMT;PSDm_hs,5,16,21,7
AMETEPMT;PSFLIPm,5,16,21,7
AMETEPMT;PSSA2_hs,0,1,26,22
AMETEPMT;PUNP1,1,0,25,23
AMETt2m;ATPS4m,2,4,24,19
AMETt2m;ATPtm,0,1,26,22
AMETt2m;CBPSam,1,0,25,23
AMETt2m;CDS,20,0,6,23
AMETt2m;CEPTC,14,13,12,10
AMETt2m;CHLPCTD,14,13,12,10
AMETt2m;CHOLK,13,0,13,23
AMETt2m;CHOLt4,14,1,12,22
AMETt2m;CHOLtu,7,7,19,16
AMETt2m;CITRte,1,0,25,23
AMETt2m;CK,1,0,25,23
AMETt2m;CREATtmdiffir,1,0,25,23
AMETt2m;CRTNsyn,1,0,25,23
AMETt2m;CRTNte,1,0,25,23
AMETt2m;CYOOm2,1,5,25,18
AMETt2m;CYOOm3,1,0,25,23
AMETt2m;CYOR_u10m,2,5,24,18
AMETt2m;DASCBR,1,0,25,23
AMETt2m;DHPR,1,0,25,23
AMETt2m;DOPABMO,1,0,25,23
AMETt2m;ETHAK,0,1,26,22
AMETt2m;GACMTRc,1,0,25,23
AMETt2m;GLYAMDTRc,1,0,25,23
AMETt2m;HCO3Em,0,1,26,22
AMETt2m;HCO3tm,1,1,25,22
AMETt2m;NH4tm,1,0,25,23
AMETt2m;NORANMT,1,0,25,23
AMETt2m;O2Stm,1,0,25,23
AMETt2m;OCBTm,1,0,25,23
AMETt2m;ORNt4m,1,0,25,23
AMETt2m;PCREATtmdiffir,1,0,25,23
AMETt2m;PE_HStm,0,3,26,20
AMETt2m;PSSA1_hs,0,1,26,22
AMETt2m;PSSA2_hs,0,1,26,22
AMETt2m;THBPT4ACAMDASE,1,0,25,23
AMETt2m;TYR3MO2,1,0,25,23
AMETtn;DHFtm,1,0,25,23
AMETtn;GHMT2rm,0,1,26,22
AMETtn;MTHFCm,0,1,26,22
AMETtn;MTHFDm,0,1,26,22
AMETtn;PIt2m_2,0,1,26,22
AMETtn;PPAm,0,1,26,22
AMETtn;PSDm_hs,1,1,25,22
AMETtn;PSFLIPm,1,1,25,22
AMETtn;SERTm,0,1,26,22
AMETtn;THRA,1,0,25,23
AMID6;GUAD,0,1,26,22
AMID6;NTD9,0,1,26,22
AMID6;PIMALtm,0,1,26,22
AMID6;PUNP3,0,1,26,22
AMID6;SO3AKGtm,0,1,26,22
AMID6;SO3MALtm,0,1,26,22
AMID6;URATEt,0,1,26,22
AMID6;XAND,0,1,26,22
AMPDA;ENO,1,0,25,23
AMPDA;FOLR2,1,0,25,23
AMPDA;FOLt2,1,0,25,23
AMPDA;G6PDH2r,1,0,25,23
AMPDA;GAPD,1,0,25,23
AMPDA;GND,1,0,25,23
AMPDA;HCO3E,1,0,25,23
AMPDA;HEX12,1,0,25,23
AMPDA;PGK,1,0,25,23
AMPDA;PGL,1,0,25,23
AMPDA;PGM,1,0,25,23
AMPDA;RPE,1,0,25,23
AMPDA;RPI,1,0,25,23
AMPDA;THFt2,1,0,25,23
AMPDA;TKT1,1,0,25,23
AMPDA;TKT2,1,0,25,23
AMPPHm;ATPS4m,0,1,26,22
AMPPHm;CYOOm2,0,1,26,22
AMPPHm;CYOR_u10m,0,1,26,22
AMPPTe;ATPt4,0,1,26,22
AMPt4;ARGN,1,0,25,23
AMPt4;ARTFR52,2,0,24,23
AMPt4;ATPS4m,0,3,26,20
AMPt4;CBPSam,1,0,25,23
AMPt4;CITRte,1,0,25,23
AMPt4;CRNtim,1,0,25,23
AMPt4;CSNATm,1,1,25,22
AMPt4;CSNATr,0,1,26,22
AMPt4;CYOOm2,0,4,26,19
AMPt4;CYOR_u10m,0,4,26,19
AMPt4;ESTRADIOLtr,1,0,25,23
AMPt4;ESTRONEtr,1,0,25,23
AMPt4;FAE180,2,0,24,23
AMPt4;FAE200,2,0,24,23
AMPt4;FAE220,2,0,24,23
AMPt4;FAE240,2,0,24,23
AMPt4;FAE260,2,0,24,23
AMPt4;HACD180,2,0,24,23
AMPt4;HACD200,2,0,24,23
AMPt4;HACD220,2,0,24,23
AMPt4;HACD240,2,0,24,23
AMPt4;HACD260,2,0,24,23
AMPt4;HCO3Em,1,0,25,23
AMPt4;HEXCCOAtr,2,0,24,23
AMPt4;HMGCOASi,2,0,24,23
AMPt4;HSD17B1,1,0,25,23
AMPt4;HSD17B8r,1,0,25,23
AMPt4;HSD180,2,0,24,23
AMPt4;HSD200,2,0,24,23
AMPt4;HSD220,2,0,24,23
AMPt4;HSD240,2,0,24,23
AMPt4;HSD260,2,0,24,23
AMPt4;NH4tm,1,0,25,23
AMPt4;OCBTm,1,0,25,23
AMPt4;ORNt4m,1,0,25,23
AMPt4;RTOT5,2,0,24,23
AMPt4;TECR180,2,0,24,23
AMPt4;TECR200,2,0,24,23
AMPt4;TECR220,2,0,24,23
AMPt4;TECR240,2,0,24,23
AMPt4;TECR260,2,0,24,23
AMPt4;UREAt,1,0,25,23
ARACHDCOAtr;ARTFR52,2,0,24,23
ARACHDCOAtr;FAE200,2,0,24,23
ARACHDCOAtr;FAE220,2,0,24,23
ARACHDCOAtr;FAE240,2,0,24,23
ARACHDCOAtr;FAE260,2,0,24,23
ARACHDCOAtr;HACD200,2,0,24,23
ARACHDCOAtr;HACD220,2,0,24,23
ARACHDCOAtr;HACD240,2,0,24,23
ARACHDCOAtr;HACD260,2,0,24,23
ARACHDCOAtr;HEXCCOAtr,2,0,24,23
ARACHDCOAtr;HSD200,2,0,24,23
ARACHDCOAtr;HSD220,2,0,24,23
ARACHDCOAtr;HSD240,2,0,24,23
ARACHDCOAtr;HSD260,2,0,24,23
ARACHDCOAtr;TECR200,2,0,24,23
ARACHDCOAtr;TECR220,2,0,24,23
ARACHDCOAtr;TECR240,2,0,24,23
ARACHDCOAtr;TECR260,2,0,24,23
ARACHDCOAtr;TRDR,0,1,26,22
ARACHDtr;TRDR,0,2,26,21
ARCOAATp;ARTFR41,0,1,26,22
ARCOAATp;ARTFR52,2,0,24,23
ARCOAATp;C161CPT1,0,1,26,22
ARCOAATp;CACT4r,0,1,26,22
ARCOAATp;COAtr,0,1,26,22
ARCOAATp;DESAT16_1,0,1,26,22
ARCOAATp;FAE200,2,0,24,23
ARCOAATp;FAE220,2,0,24,23
ARCOAATp;FAE240,2,0,24,23
ARCOAATp;FAE260,2,0,24,23
ARCOAATp;HACD200,2,0,24,23
ARCOAATp;HACD220,2,0,24,23
ARCOAATp;HACD240,2,0,24,23
ARCOAATp;HACD260,2,0,24,23
ARCOAATp;HEXCCOAtr,2,0,24,23
ARCOAATp;HSD200,2,0,24,23
ARCOAATp;HSD220,2,0,24,23
ARCOAATp;HSD240,2,0,24,23
ARCOAATp;HSD260,2,0,24,23
ARCOAATp;PLMCOAPTr,0,1,26,22
ARCOAATp;PMTCOAFABP1tc,0,1,26,22
ARCOAATp;RTOT4,0,1,26,22
ARCOAATp;TECR200,2,0,24,23
ARCOAATp;TECR220,2,0,24,23
ARCOAATp;TECR240,2,0,24,23
ARCOAATp;TECR260,2,0,24,23
ARCOAATp;TRDR,0,3,26,20
ARCOAATr;PMTCOAFABP1tc,0,1,26,22
ARGATB0tc;ARGt4,0,2,26,21
ARGCITRt2m;ARGORNtm,1,0,25,23
ARGCITRt2m;ASPGLUm,1,0,25,23
ARGCITRt2m;ASPTAm,1,0,25,23
ARGCITRt2m;GTPGDPtm,1,0,25,23
ARGCITRt2m;MAL_Lte,1,0,25,23
ARGCITRt2m;MDHm,1,0,25,23
ARGCITRt2m;NAt5,1,0,25,23
ARGCITRt2m;NH4tm,1,0,25,23
ARGCITRt2m;ORNDC,1,0,25,23
ARGCITRt2m;PIt2m_2,1,0,25,23
ARGCITRt2m;PPItm,1,0,25,23
ARGDCm;ASPGLUm,1,0,25,23
ARGDCm;ASPTAm,1,0,25,23
ARGDCm;CITRt2m,2,0,24,23
ARGDCm;CITRtm,2,0,24,23
ARGDCm;GTPGDPtm,1,0,25,23
ARGDCm;MAL_Lte,1,0,25,23
ARGDCm;MDHm,1,0,25,23
ARGDCm;NAt5,1,0,25,23
ARGDCm;NH4tm,1,0,25,23
ARGDCm;PIt2m_2,2,0,24,23
ARGDCm;PPItm,1,0,25,23
ARGN;BILIRED2,1,0,25,23
ARGN;BILIRUBtr,1,0,25,23
ARGN;CITRt2m,0,1,26,22
ARGN;CITRtm,0,1,26,22
ARGN;CK,1,0,25,23
ARGN;CO2tm,1,0,25,23
ARGN;COt,1,0,25,23
ARGN;CPPPGO,1,0,25,23
ARGN;CREATtmdiffir,1,0,25,23
ARGN;CRTNsyn,1,0,25,23
ARGN;CRTNte,1,0,25,23
ARGN;FCLTm,1,0,25,23
ARGN;FE2tm,1,0,25,23
ARGN;GACMTRc,1,0,25,23
ARGN;GALU,1,0,25,23
ARGN;GLUDC,1,0,25,23
ARGN;GLYAMDTRc,1,0,25,23
ARGN;GLYC3Ptmc,1,0,25,23
ARGN;GLYCtm,1,0,25,23
ARGN;GLYKm,1,0,25,23
ARGN;GPCCPDE,1,0,25,23
ARGN;GTPGDPtm,1,0,25,23
ARGN;HCO3Ee,1,0,25,23
ARGN;HMBS,1,0,25,23
ARGN;HOXG,1,0,25,23
ARGN;ICDHxrm,1,0,25,23
ARGN;KCC2t,1,1,25,22
ARGN;LPASE,1,0,25,23
ARGN;NDP7er,1,0,25,23
ARGN;NH4t3r,1,0,25,23
ARGN;PCREATtmdiffir,1,0,25,23
ARGN;PGMT,1,0,25,23
ARGN;PHEMEtm,1,0,25,23
ARGN;PHETA1,1,0,25,23
ARGN;PHETA1m,1,0,25,23
ARGN;PHEt4m,1,0,25,23
ARGN;PHPYRtm,1,0,25,23
ARGN;PIt2m_2,2,0,24,23
ARGN;PPBNGS,1,0,25,23
ARGN;PPItm,2,0,24,23
ARGN;PPPG9tm,1,0,25,23
ARGN;PPPGOm,1,0,25,23
ARGN;R_group_phosphotase_1,1,0,25,23
ARGN;SSALym,1,0,25,23
ARGN;SUCOAS1m,1,0,25,23
ARGN;UDPGD,1,0,25,23
ARGN;UPP3S,1,0,25,23
ARGN;UPPDC1,1,0,25,23
ARGORNtm;CBPSam,1,0,25,23
ARGORNtm;CITRte,1,0,25,23
ARGORNtm;H2Otm,1,0,25,23
ARGORNtm;NH4tm,1,0,25,23
ARGORNtm;OCBTm,1,0,25,23
ARGt4;KCC2t,0,1,26,22
ARGt5r;LARGtiDF,1,1,25,22
ARGtm;CITRt2m,2,0,24,23
ARGtm;CITRtm,2,0,24,23
ARTFR13;ARTFR41,0,1,26,22
ARTFR13;ARTPLM1m,0,1,26,22
ARTFR13;RTOT4,0,1,26,22
ARTFR13;R_group_phosphotase_1,0,1,26,22
ARTFR33;RTOT5,1,0,25,23
ARTFR41;RTOT1,0,1,26,22
ARTFR42;ARTFR52,0,1,26,22
ARTFR42;RTOT5,0,1,26,22
ARTFR45;ARTFR52,4,0,22,23
ARTFR45;RTOT5,4,0,22,23
ARTFR52;ARTFR56,2,0,24,23
ARTFR52;RTOT4,5,1,21,22
ARTFR52;R_group_phosphotase_1,2,0,24,23
ARTPLM1m;RTOT1,0,1,26,22
ASCBOX;CHOLtu,0,1,26,22
ASCBt4;UAG2EMAi,1,0,25,23
ASCBt5;R_group_phosphotase_1,0,1,26,22
ASCBtr;R_group_phosphotase_1,0,1,26,22
ASCBtr;UAG2EMAi,1,0,25,23
ASNATB0tc;ASNt4,0,2,26,21
ASNN;ASPGLUm,2,0,24,23
ASNN;ASPPROASCT1,4,1,22,22
ASNN;ASPTAm,2,0,24,23
ASNN;CITOAL,2,0,24,23
ASNN;DHFRm,2,0,24,23
ASNN;DHFtm,1,0,25,23
ASNN;ICDHyrm,2,0,24,23
ASNN;OXALSUCCCLm,2,0,24,23
ASNN;SUCCACONtm,1,0,25,23
ASNN;THFtm,1,0,25,23
ASNt4;ASNTHRNaEx,1,0,25,23
ASNt4;ASNtN1,3,12,23,11
ASNt4;KCC2t,0,1,26,22
ASP1DC;ASPte,0,1,26,22
ASPGLUm;ACITLn,2,0,24,23
ASPGLUm;ADPtn,2,0,24,23
ASPGLUm;ASPTA,1,0,25,23
ASPGLUm;ATPtn,2,0,24,23
ASPGLUm;BILIRED,1,0,25,23
ASPGLUm;BILIRED2,1,0,25,23
ASPGLUm;BILIRUBtr,2,0,24,23
ASPGLUm;CBPSam,1,0,25,23
ASPGLUm;CHATn,2,0,24,23
ASPGLUm;CHOLtn,2,0,24,23
ASPGLUm;CITRte,1,0,25,23
ASPGLUm;CITSUCCtm,1,0,25,23
ASPGLUm;CITtn,2,0,24,23
ASPGLUm;CO2tm,2,0,24,23
ASPGLUm;COt,2,0,24,23
ASPGLUm;CPPPGO,2,0,24,23
ASPGLUm;FCLTm,2,0,24,23
ASPGLUm;FE2tm,2,0,24,23
ASPGLUm;G5SDym,1,0,25,23
ASPGLUm;GALU,1,0,25,23
ASPGLUm;GLU5Km,1,0,25,23
ASPGLUm;GLUPROASCT1,1,0,25,23
ASPGLUm;GTPGDPtm,1,0,25,23
ASPGLUm;H2Ot,1,0,25,23
ASPGLUm;H2Otm,2,0,24,23
ASPGLUm;HCO3E,2,0,24,23
ASPGLUm;HCO3tm,1,0,25,23
ASPGLUm;HMBS,2,0,24,23
ASPGLUm;HOXG,2,0,24,23
ASPGLUm;ICDHxrm,2,0,24,23
ASPGLUm;ICDHyrm,1,0,25,23
ASPGLUm;KCC2t,1,0,25,23
ASPGLUm;MAL_Lte,1,1,25,22
ASPGLUm;MDH,1,0,25,23
ASPGLUm;NADH2_u10m,1,0,25,23
ASPGLUm;NDP7er,2,0,24,23
ASPGLUm;NH4tm,1,0,25,23
ASPGLUm;OAAtn,2,0,24,23
ASPGLUm;OCBTm,1,0,25,23
ASPGLUm;ORNTArm,1,0,25,23
ASPGLUm;PEPCK,2,0,24,23
ASPGLUm;PGMT,1,0,25,23
ASPGLUm;PHEMEtm,2,0,24,23
ASPGLUm;PIGTHRDLtm,2,0,24,23
ASPGLUm;PIt2m_2,2,0,24,23
ASPGLUm;PItn,2,0,24,23
ASPGLUm;PPBNGS,2,0,24,23
ASPGLUm;PPPG9tm,2,0,24,23
ASPGLUm;PPPGOm,2,0,24,23
ASPGLUm;PROAKGOX1m,1,0,25,23
ASPGLUm;PROGLUtm,2,0,24,23
ASPGLUm;PROtm,1,0,25,23
ASPGLUm;PTCRTD,1,0,25,23
ASPGLUm;PTRCOR,1,0,25,23
ASPGLUm;PTRCtm,1,0,25,23
ASPGLUm;PYRtm,1,0,25,23
ASPGLUm;SSALym,2,0,24,23
ASPGLUm;SUCCICITtm,1,0,25,23
ASPGLUm;SUCOAS1m,2,0,24,23
ASPGLUm;UDPGD,2,0,24,23
ASPGLUm;UDPGLCAter,1,0,25,23
ASPGLUm;UPP3S,2,0,24,23
ASPGLUm;UPPDC1,2,0,24,23
ASPGLUm;UREAt,1,0,25,23
ASPGLUm;UREAtm,1,0,25,23
ASPOX;ATPtm,0,1,26,22
ASPOX;HCO3E,0,1,26,22
ASPOX;NADH2_u10m,0,1,26,22
ASPPROASCT1;ACITLn,1,1,25,22
ASPPROASCT1;ADPtn,1,1,25,22
ASPPROASCT1;ASPTA,1,1,25,22
ASPPROASCT1;ASPt6,1,1,25,22
ASPPROASCT1;ASPte,0,1,26,22
ASPPROASCT1;ATPtn,1,1,25,22
ASPPROASCT1;CAATPS,1,1,25,22
ASPPROASCT1;CHATn,1,1,25,22
ASPPROASCT1;CHOLtn,1,1,25,22
ASPPROASCT1;CITSUCCtm,0,1,26,22
ASPPROASCT1;CITtn,1,1,25,22
ASPPROASCT1;GALU,1,0,25,23
ASPPROASCT1;GF6PTA,1,0,25,23
ASPPROASCT1;H2Otg,1,0,25,23
ASPPROASCT1;Htg,1,0,25,23
ASPPROASCT1;ICDHyrm,1,1,25,22
ASPPROASCT1;ICITACONtm,1,0,25,23
ASPPROASCT1;KCC2t,1,0,25,23
ASPPROASCT1;NCKt,1,1,25,22
ASPPROASCT1;NDP7g,1,0,25,23
ASPPROASCT1;OAAtn,1,1,25,22
ASPPROASCT1;OXALSUCCCLm,1,1,25,22
ASPPROASCT1;PGMT,1,0,25,23
ASPPROASCT1;PItg,1,0,25,23
ASPPROASCT1;PItn,1,1,25,22
ASPPROASCT1;UAGDP,1,0,25,23
ASPTA;ASPTAm,1,0,25,23
ASPTA;CITOAL,1,0,25,23
ASPTA;ENO,0,1,26,22
ASPTA;HCO3E,0,1,26,22
ASPTA;Htr,1,0,25,23
ASPTA;PEPCK,1,0,25,23
ASPTA;PGM,0,1,26,22
ASPTA;THRA,0,1,26,22
ASPTA;TXA2tr,1,0,25,23
ASPTA;TXB2c,1,0,25,23
ASPTA;TXB2r,1,0,25,23
ASPTA;TXB2tr,1,0,25,23
ASPTAm;ACITLn,2,0,24,23
ASPTAm;ADPtn,2,0,24,23
ASPTAm;ATPtn,2,0,24,23
ASPTAm;BILIRED,1,0,25,23
ASPTAm;BILIRED2,1,0,25,23
ASPTAm;BILIRUBtr,2,0,24,23
ASPTAm;CBPSam,1,0,25,23
ASPTAm;CHATn,2,0,24,23
ASPTAm;CHOLtn,2,0,24,23
ASPTAm;CITRte,1,0,25,23
ASPTAm;CITSUCCtm,1,0,25,23
ASPTAm;CITtn,2,0,24,23
ASPTAm;CO2tm,2,0,24,23
ASPTAm;COt,2,0,24,23
ASPTAm;CPPPGO,2,0,24,23
ASPTAm;FCLTm,2,0,24,23
ASPTAm;FE2tm,2,0,24,23
ASPTAm;G5SDym,1,0,25,23
ASPTAm;GALU,1,0,25,23
ASPTAm;GLU5Km,1,0,25,23
ASPTAm;GLUPROASCT1,1,0,25,23
ASPTAm;GTPGDPtm,1,0,25,23
ASPTAm;H2Ot,1,0,25,23
ASPTAm;H2Otm,2,0,24,23
ASPTAm;HCO3E,2,0,24,23
ASPTAm;HCO3tm,1,0,25,23
ASPTAm;HMBS,2,0,24,23
ASPTAm;HOXG,2,0,24,23
ASPTAm;ICDHxrm,2,0,24,23
ASPTAm;ICDHyrm,1,0,25,23
ASPTAm;KCC2t,1,0,25,23
ASPTAm;MAL_Lte,1,1,25,22
ASPTAm;MDH,1,0,25,23
ASPTAm;NADH2_u10m,1,0,25,23
ASPTAm;NDP7er,2,0,24,23
ASPTAm;NH4tm,1,0,25,23
ASPTAm;OAAtn,2,0,24,23
ASPTAm;OCBTm,1,0,25,23
ASPTAm;ORNTArm,1,0,25,23
ASPTAm;PEPCK,2,0,24,23
ASPTAm;PGMT,1,0,25,23
ASPTAm;PHEMEtm,2,0,24,23
ASPTAm;PIGTHRDLtm,2,0,24,23
ASPTAm;PIt2m_2,2,0,24,23
ASPTAm;PItn,2,0,24,23
ASPTAm;PPBNGS,2,0,24,23
ASPTAm;PPPG9tm,2,0,24,23
ASPTAm;PPPGOm,2,0,24,23
ASPTAm;PROAKGOX1m,1,0,25,23
ASPTAm;PROGLUtm,2,0,24,23
ASPTAm;PROtm,1,0,25,23
ASPTAm;PTCRTD,1,0,25,23
ASPTAm;PTRCOR,1,0,25,23
ASPTAm;PTRCtm,1,0,25,23
ASPTAm;PYRtm,1,0,25,23
ASPTAm;SSALym,2,0,24,23
ASPTAm;SUCCICITtm,1,0,25,23
ASPTAm;SUCOAS1m,2,0,24,23
ASPTAm;UDPGD,2,0,24,23
ASPTAm;UDPGLCAter,1,0,25,23
ASPTAm;UPP3S,2,0,24,23
ASPTAm;UPPDC1,2,0,24,23
ASPTAm;UREAt,1,0,25,23
ASPTAm;UREAtm,1,0,25,23
ASPt6;ACITLn,0,1,26,22
ASPt6;ADPtn,0,1,26,22
ASPt6;ASPTA,0,1,26,22
ASPt6;ATPtn,0,1,26,22
ASPt6;CHATn,0,1,26,22
ASPt6;CHOLtn,0,1,26,22
ASPt6;CITtn,0,1,26,22
ASPt6;ICDHxrm,0,1,26,22
ASPt6;ICITMALtm,0,1,26,22
ASPt6;OAAtn,0,1,26,22
ASPt6;OXALSUCCCLm,0,1,26,22
ASPt6;PItn,0,1,26,22
ASPte;CITRt2m,0,1,26,22
ASPte;DHFR,0,1,26,22
ASPte;DHFRm,0,1,26,22
ASPte;DHFtm,0,1,26,22
ASPte;DUTCP,1,0,25,23
ASPte;GLUPROASCT1,0,1,26,22
ASPte;GTHO,0,1,26,22
ASPte;O2tm,0,1,26,22
ASPte;THFtm,0,1,26,22
ASPte;URIK4,1,0,25,23
ATP1ter;BILGLCURt5e,0,1,26,22
ATP1ter;BILGLCURtr,0,1,26,22
ATP1ter;CMPACNAtg,1,0,25,23
ATP1ter;CMPSAS,1,0,25,23
ATP1ter;CYTK1,3,2,23,21
ATP1ter;CYTK3,8,1,18,22
ATP1ter;CYTK8,2,2,24,21
ATP1ter;ENO,1,0,25,23
ATP1ter;GAPD,1,0,25,23
ATP1ter;NADPHtru,1,0,25,23
ATP1ter;NADPtru,1,0,25,23
ATP1ter;PGK,1,0,25,23
ATP1ter;PGM,1,0,25,23
ATP1ter;PYK,0,1,26,22
ATP1ter;R5Ptr,3,0,23,23
ATP1ter;RPI,13,13,13,10
ATP1ter;RPIr,3,0,23,23
ATP1ter;RU5Ptr,3,0,23,23
ATP1ter;UAG2EMAi,1,0,25,23
ATP1ter;UDPG4E,1,0,25,23
ATP1ter;UDPGALtg,1,0,25,23
ATP1ter;UGT1A10r,0,1,26,22
ATPS4m;ATPt4,0,3,26,20
ATPS4m;CAtm7,2,0,24,23
ATPS4m;CITRt2m,0,1,26,22
ATPS4m;CITRtm,0,1,26,22
ATPS4m;COAtm,1,0,25,23
ATPS4m;COQ3m,2,4,24,19
ATPS4m;COQ5m,2,4,24,19
ATPS4m;COQ6m,2,4,24,19
ATPS4m;COQ7m,2,4,24,19
ATPS4m;COUCOAFm,2,4,24,19
ATPS4m;DECDPtm,2,4,24,19
ATPS4m;DHDPBMTm,2,4,24,19
ATPS4m;DPHMBDCm,2,4,24,19
ATPS4m;DPPS,2,4,24,19
ATPS4m;FRDPtc,2,4,24,19
ATPS4m;GLUDym,0,1,26,22
ATPS4m;H2Otm,0,1,26,22
ATPS4m;HBZOPT10m,2,4,24,19
ATPS4m;HMGCOASim,1,0,25,23
ATPS4m;HMGCOAtm,1,0,25,23
ATPS4m;Htm,0,2,26,21
ATPS4m;LHCYSTIN,2,3,24,20
ATPS4m;LHCYSTINt,2,3,24,20
ATPS4m;METAT,2,4,24,19
ATPS4m;NAtm,2,0,24,23
ATPS4m;NH4tm,0,2,26,21
ATPS4m;PIATPLtm,2,0,24,23
ATPS4m;PIGTHRDLtm,1,0,25,23
ATPS4m;PPItm,2,1,24,22
ATPS4m;PROGLUtm,1,0,25,23
ATPS4m;PROtm,1,0,25,23
ATPS4m;PUNP1,1,2,25,21
ATPS4m;Q10H2e,2,4,24,19
ATPS4m;T4HCINNMFM,2,4,24,19
ATPS4m;TYRTAm,2,4,24,19
ATPS4m;TYRtl,2,4,24,19
ATPS4m;q10h2tc,2,4,24,19
ATPt4;CAT,1,0,25,23
ATPt4;CBPSam,0,2,26,21
ATPt4;CITRt2m,0,1,26,22
ATPt4;CITRte,0,2,26,21
ATPt4;CITRtm,0,2,26,21
ATPt4;CITSUCCtm,0,1,26,22
ATPt4;CO2tm,1,1,25,22
ATPt4;CYOOm2,0,3,26,20
ATPt4;CYOR_u10m,0,3,26,20
ATPt4;ENO,4,0,22,23
ATPt4;FADDPle,0,1,26,22
ATPt4;FADte,0,1,26,22
ATPt4;FBA,1,0,25,23
ATPt4;FECR,1,0,25,23
ATPt4;FERO,1,0,25,23
ATPt4;FMNALKPle,0,1,26,22
ATPt4;FMNAT,0,1,26,22
ATPt4;G5SADr,0,1,26,22
ATPt4;G5SDym,0,1,26,22
ATPt4;G6PDH2r,3,0,23,23
ATPt4;GAPD,4,0,22,23
ATPt4;GLU5Km,0,1,26,22
ATPt4;GLU5SAtmc,0,1,26,22
ATPt4;GLUPROASCT1,1,0,25,23
ATPt4;GLUt2m,2,1,24,22
ATPt4;GND,3,0,23,23
ATPt4;H2O2syn,1,0,25,23
ATPt4;HCO3E,2,0,24,23
ATPt4;HCO3Ee,1,1,25,22
ATPt4;HCO3tm,0,1,26,22
ATPt4;HEX12,3,0,23,23
ATPt4;KCC2t,0,1,26,22
ATPt4;NADH2_u10m,1,0,25,23
ATPt4;NH4t3r,0,1,26,22
ATPt4;NH4tm,0,2,26,21
ATPt4;NTPP8e,0,1,26,22
ATPt4;O2t,0,1,26,22
ATPt4;OCBTm,0,2,26,21
ATPt4;ORNTArm,0,2,26,21
ATPt4;PFK,1,0,25,23
ATPt4;PGI,4,1,22,22
ATPt4;PGK,4,0,22,23
ATPt4;PGL,3,0,23,23
ATPt4;PGM,4,0,22,23
ATPt4;PIGTHRDLtm,0,1,26,22
ATPt4;PIMALtm,0,1,26,22
ATPt4;PIt2m_2,1,2,25,21
ATPt4;PYK7,1,0,25,23
ATPt4;RBFK,0,1,26,22
ATPt4;RIBFLVt6,0,1,26,22
ATPt4;RPE,3,0,23,23
ATPt4;RPI,3,0,23,23
ATPt4;SO4AKGtm,0,1,26,22
ATPt4;SO4MALtm,0,1,26,22
ATPt4;TALA,3,0,23,23
ATPt4;TKT1,3,0,23,23
ATPt4;TKT2,3,0,23,23
ATPt4;TPI,1,0,25,23
ATPt4;UTPte,0,1,26,22
ATPtm;CITMCOAHm,0,1,26,22
ATPtm;CITMCOALm,0,1,26,22
ATPtm;COQ3m,0,1,26,22
ATPtm;COQ5m,0,1,26,22
ATPtm;COQ6m,0,1,26,22
ATPtm;COQ7m,0,1,26,22
ATPtm;COUCOAFm,0,1,26,22
ATPtm;DECDPtm,0,1,26,22
ATPtm;DHDPBMTm,0,1,26,22
ATPtm;DPHMBDCm,0,1,26,22
ATPtm;DPPS,0,1,26,22
ATPtm;ENO,1,0,25,23
ATPtm;FOLR2,1,0,25,23
ATPtm;FOLt2,1,0,25,23
ATPtm;FORt2m,0,1,26,22
ATPtm;FRDPtc,0,1,26,22
ATPtm;FTHFLm,0,1,26,22
ATPtm;G6PDH2r,1,0,25,23
ATPtm;GAPD,1,0,25,23
ATPtm;GLUt2m,0,1,26,22
ATPtm;GND,1,0,25,23
ATPtm;GTHP,0,1,26,22
ATPtm;HBZOPT10m,0,1,26,22
ATPtm;HCO3E,0,1,26,22
ATPtm;HEX12,1,0,25,23
ATPtm;ITCOALm,0,1,26,22
ATPtm;LHCYSTIN,0,1,26,22
ATPtm;LHCYSTINt,0,1,26,22
ATPtm;MALACONtm,0,1,26,22
ATPtm;METAT,0,1,26,22
ATPtm;PGI,1,0,25,23
ATPtm;PGK,1,0,25,23
ATPtm;PGL,1,0,25,23
ATPtm;PGM,1,0,25,23
ATPtm;PPItm,0,2,26,21
ATPtm;PUNP1,0,1,26,22
ATPtm;PYK,0,1,26,22
ATPtm;PYRtm,0,1,26,22
ATPtm;Q10H2e,0,1,26,22
ATPtm;RPE,1,0,25,23
ATPtm;RPI,1,0,25,23
ATPtm;SSALym,0,1,26,22
ATPtm;T4HCINNMFM,0,1,26,22
ATPtm;TALA,1,0,25,23
ATPtm;THFt2,1,0,25,23
ATPtm;TKT1,1,0,25,23
ATPtm;TKT2,1,0,25,23
ATPtm;TYRTAm,0,1,26,22
ATPtm;TYRtl,0,1,26,22
ATPtm;q10h2tc,0,1,26,22
ATPtn;CITOAL,4,0,22,23
ATPtn;CO2tm,2,0,24,23
ATPtn;FBA3,1,0,25,23
ATPtn;HCO3E,0,1,26,22
ATPtn;HMGL,2,0,24,23
ATPtn;Htr,1,0,25,23
ATPtn;MAL_Lte,0,1,26,22
ATPtn;MI1PP,0,6,26,17
ATPtn;O2St,0,1,26,22
ATPtn;O2t,0,5,26,18
ATPtn;PEPCKm,1,0,25,23
ATPtn;PFK_3,1,0,25,23
ATPtn;PIPLC,0,6,26,17
ATPtn;PIt2m_2,1,0,25,23
ATPtn;PPAPA,0,1,26,22
ATPtn;THRA,5,0,21,23
ATPtn;TPI,1,0,25,23
ATPtn;TXA2tr,1,0,25,23
ATPtn;TXB2c,1,0,25,23
ATPtn;TXB2r,1,0,25,23
ATPtn;TXB2tr,1,0,25,23
B3GALTg;BDMT,0,1,26,22
B3GALTg;BPNT,0,1,26,22
B3GALTg;DOLASNTer,0,1,26,22
B3GALTg;DOLDPPer,0,1,26,22
B3GALTg;DOLGLCP_ter,0,1,26,22
B3GALTg;DOLMANP_ter,0,1,26,22
B3GALTg;DOLPGT1er,0,1,26,22
B3GALTg;DOLPGT2er,0,1,26,22
B3GALTg;DOLPGT3er,0,1,26,22
B3GALTg;DOLPMT,0,1,26,22
B3GALTg;DOLPMT1er,0,1,26,22
B3GALTg;DOLPMT2_er,0,1,26,22
B3GALTg;DOLPMT3er,0,1,26,22
B3GALTg;DOLPMT4_er,0,1,26,22
B3GALTg;DOLP_ter,0,1,26,22
B3GALTg;F6T3g,0,1,26,22
B3GALTg;G12MT1,0,1,26,22
B3GALTg;G12MT2,0,1,26,22
B3GALTg;G13MT,0,1,26,22
B3GALTg;G14T10g,0,1,26,22
B3GALTg;G14T11g,0,1,26,22
B3GALTg;G14T12g,0,1,26,22
B3GALTg;G14T13g,0,1,26,22
B3GALTg;G14T14g,0,1,26,22
B3GALTg;G14T15g,0,1,26,22
B3GALTg;G14T16g,0,1,26,22
B3GALTg;G14T17g,0,1,26,22
B3GALTg;G14T6g,0,1,26,22
B3GALTg;G14T7g,0,1,26,22
B3GALTg;G14T8g,0,1,26,22
B3GALTg;G14T9g,0,1,26,22
B3GALTg;G14Tg,0,1,26,22
B3GALTg;G16MT,0,1,26,22
B3GALTg;GLCNACPT,0,1,26,22
B3GALTg;GLCNACT,0,1,26,22
B3GALTg;GLCter,0,1,26,22
B3GALTg;HEX4,0,1,26,22
B3GALTg;KSIt,0,1,26,22
B3GALTg;M1316Mg,0,1,26,22
B3GALTg;M13N2Tg,0,1,26,22
B3GALTg;M16NT1g,0,1,26,22
B3GALTg;M4MPDOL_ter,0,1,26,22
B3GALTg;M7MASNBterg,0,1,26,22
B3GALTg;MANter,0,1,26,22
B3GALTg;MANtg,0,1,26,22
B3GALTg;MG1er,0,1,26,22
B3GALTg;MG2er,0,1,26,22
B3GALTg;MG3er,0,1,26,22
B3GALTg;MM5bg,0,1,26,22
B3GALTg;MM6B1bg,0,1,26,22
B3GALTg;MM7B2g,0,1,26,22
B3GALTg;MM8Ber,0,1,26,22
B3GALTg;PAPStg,0,1,26,22
B3GALTg;PAPtg,0,1,26,22
B3GALTg;PIter,0,1,26,22
B3GALTg;S23T3g,0,1,26,22
B3GALTg;S6T10g,0,1,26,22
B3GALTg;S6T11g,0,1,26,22
B3GALTg;S6T12g,0,1,26,22
B3GALTg;S6T13g,0,1,26,22
B3GALTg;S6T14g,0,1,26,22
B3GALTg;S6T15g,0,1,26,22
B3GALTg;S6T4g,0,1,26,22
B3GALTg;S6T5g,0,1,26,22
B3GALTg;S6T6g,0,1,26,22
B3GALTg;S6T7g,0,1,26,22
B3GALTg;S6T8g,0,1,26,22
B3GALTg;S6T9g,0,1,26,22
B3GALTg;SADT,0,1,26,22
B3GALTg;UDPDOLPT,0,1,26,22
B3GNT39g;ARTFR52,2,0,24,23
B3GNT39g;BDMT,1,1,25,22
B3GNT39g;BPNT,1,1,25,22
B3GNT39g;DOLASNTer,1,1,25,22
B3GNT39g;DOLDPPer,1,1,25,22
B3GNT39g;DOLGLCP_ter,1,1,25,22
B3GNT39g;DOLMANP_ter,2,1,24,22
B3GNT39g;DOLPGT1er,1,1,25,22
B3GNT39g;DOLPGT2er,1,1,25,22
B3GNT39g;DOLPGT3er,1,1,25,22
B3GNT39g;DOLPMT,2,1,24,22
B3GNT39g;DOLPMT1er,1,1,25,22
B3GNT39g;DOLPMT2_er,1,1,25,22
B3GNT39g;DOLPMT3er,1,1,25,22
B3GNT39g;DOLPMT4_er,1,1,25,22
B3GNT39g;DOLP_ter,2,1,24,22
B3GNT39g;F6T2g,1,0,25,23
B3GNT39g;F6T3g,0,1,26,22
B3GNT39g;FAE200,2,0,24,23
B3GNT39g;FAE220,2,0,24,23
B3GNT39g;FAE240,2,0,24,23
B3GNT39g;FAE260,2,0,24,23
B3GNT39g;G12MT1,1,1,25,22
B3GNT39g;G12MT2,1,1,25,22
B3GNT39g;G13MT,1,1,25,22
B3GNT39g;G14T10g,1,1,25,22
B3GNT39g;G14T11g,1,1,25,22
B3GNT39g;G14T12g,1,1,25,22
B3GNT39g;G14T13g,1,1,25,22
B3GNT39g;G14T14g,1,1,25,22
B3GNT39g;G14T15g,1,1,25,22
B3GNT39g;G14T16g,1,1,25,22
B3GNT39g;G14T17g,1,1,25,22
B3GNT39g;G14T6g,1,1,25,22
B3GNT39g;G14T7g,1,1,25,22
B3GNT39g;G14T8g,1,1,25,22
B3GNT39g;G14T9g,1,1,25,22
B3GNT39g;G14Tg,1,1,25,22
B3GNT39g;G16MT,1,1,25,22
B3GNT39g;GDPFUCtg,1,0,25,23
B3GNT39g;GDPtg,1,0,25,23
B3GNT39g;GFUCS,1,0,25,23
B3GNT39g;GLCNACPT,1,1,25,22
B3GNT39g;GLCNACT,1,1,25,22
B3GNT39g;GLCter,1,1,25,22
B3GNT39g;GMAND,1,0,25,23
B3GNT39g;GMPtg,1,0,25,23
B3GNT39g;HACD200,2,0,24,23
B3GNT39g;HACD220,2,0,24,23
B3GNT39g;HACD240,2,0,24,23
B3GNT39g;HACD260,2,0,24,23
B3GNT39g;HEX4,1,1,25,22
B3GNT39g;HEXCCOAtr,2,0,24,23
B3GNT39g;HSD200,2,0,24,23
B3GNT39g;HSD220,2,0,24,23
B3GNT39g;HSD240,2,0,24,23
B3GNT39g;HSD260,2,0,24,23
B3GNT39g;KSIt,1,1,25,22
B3GNT39g;M1316M2g,1,0,25,23
B3GNT39g;M1316Mg,0,1,26,22
B3GNT39g;M13N2Tg,1,1,25,22
B3GNT39g;M16NT1g,1,1,25,22
B3GNT39g;M4MPDOL_ter,1,1,25,22
B3GNT39g;M7MASNBterg,0,1,26,22
B3GNT39g;M8MASNterg,1,0,25,23
B3GNT39g;MAN1PT2,2,0,24,23
B3GNT39g;MAN6PI,2,0,24,23
B3GNT39g;MANter,0,1,26,22
B3GNT39g;MANtg,1,1,25,22
B3GNT39g;MG1er,1,1,25,22
B3GNT39g;MG2er,1,1,25,22
B3GNT39g;MG3er,1,1,25,22
B3GNT39g;MM5ag,1,0,25,23
B3GNT39g;MM5bg,0,1,26,22
B3GNT39g;MM6B1bg,0,1,26,22
B3GNT39g;MM6bg,1,0,25,23
B3GNT39g;MM7B2g,0,1,26,22
B3GNT39g;MM7Cag,1,0,25,23
B3GNT39g;MM8Ag,1,0,25,23
B3GNT39g;MM8Ber,0,1,26,22
B3GNT39g;PAPStg,1,1,25,22
B3GNT39g;PAPtg,1,1,25,22
B3GNT39g;PGI,1,0,25,23
B3GNT39g;PIter,0,1,26,22
B3GNT39g;PMANM,2,0,24,23
B3GNT39g;RTOT5,2,0,24,23
B3GNT39g;S23T3g,1,1,25,22
B3GNT39g;S6T10g,1,1,25,22
B3GNT39g;S6T11g,1,1,25,22
B3GNT39g;S6T12g,1,1,25,22
B3GNT39g;S6T13g,1,1,25,22
B3GNT39g;S6T14g,1,1,25,22
B3GNT39g;S6T15g,1,1,25,22
B3GNT39g;S6T4g,1,1,25,22
B3GNT39g;S6T5g,1,1,25,22
B3GNT39g;S6T6g,1,1,25,22
B3GNT39g;S6T7g,1,1,25,22
B3GNT39g;S6T8g,1,1,25,22
B3GNT39g;S6T9g,1,1,25,22
B3GNT39g;SADT,1,1,25,22
B3GNT39g;TECR200,2,0,24,23
B3GNT39g;TECR220,2,0,24,23
B3GNT39g;TECR240,2,0,24,23
B3GNT39g;TECR260,2,0,24,23
B3GNT39g;UDPDOLPT,1,1,25,22
B3GNT39g;UGLCNACtg,2,0,24,23
B3GNT51g;BDMT,0,1,26,22
B3GNT51g;BPNT,0,1,26,22
B3GNT51g;DOLASNTer,0,1,26,22
B3GNT51g;DOLDPPer,0,1,26,22
B3GNT51g;DOLGLCP_ter,0,1,26,22
B3GNT51g;DOLMANP_ter,0,1,26,22
B3GNT51g;DOLPGT1er,0,1,26,22
B3GNT51g;DOLPGT2er,0,1,26,22
B3GNT51g;DOLPGT3er,0,1,26,22
B3GNT51g;DOLPMT,0,1,26,22
B3GNT51g;DOLPMT1er,0,1,26,22
B3GNT51g;DOLPMT2_er,0,1,26,22
B3GNT51g;DOLPMT3er,0,1,26,22
B3GNT51g;DOLPMT4_er,0,1,26,22
B3GNT51g;DOLP_ter,0,1,26,22
B3GNT51g;F6T3g,0,1,26,22
B3GNT51g;G12MT1,0,1,26,22
B3GNT51g;G12MT2,0,1,26,22
B3GNT51g;G13MT,0,1,26,22
B3GNT51g;G14T10g,0,1,26,22
B3GNT51g;G14T11g,0,1,26,22
B3GNT51g;G14T12g,0,1,26,22
B3GNT51g;G14T13g,0,1,26,22
B3GNT51g;G14T14g,0,1,26,22
B3GNT51g;G14T15g,0,1,26,22
B3GNT51g;G14T16g,0,1,26,22
B3GNT51g;G14T17g,0,1,26,22
B3GNT51g;G14T6g,0,1,26,22
B3GNT51g;G14T7g,0,1,26,22
B3GNT51g;G14T8g,0,1,26,22
B3GNT51g;G14T9g,0,1,26,22
B3GNT51g;G14Tg,0,1,26,22
B3GNT51g;G16MT,0,1,26,22
B3GNT51g;GLCNACPT,0,1,26,22
B3GNT51g;GLCNACT,0,1,26,22
B3GNT51g;GLCter,0,1,26,22
B3GNT51g;HEX4,0,1,26,22
B3GNT51g;KSIt,0,1,26,22
B3GNT51g;M1316Mg,0,1,26,22
B3GNT51g;M13N2Tg,0,1,26,22
B3GNT51g;M16NT1g,0,1,26,22
B3GNT51g;M4MPDOL_ter,0,1,26,22
B3GNT51g;M7MASNBterg,0,1,26,22
B3GNT51g;MANter,0,1,26,22
B3GNT51g;MANtg,0,1,26,22
B3GNT51g;MG1er,0,1,26,22
B3GNT51g;MG2er,0,1,26,22
B3GNT51g;MG3er,0,1,26,22
B3GNT51g;MM5bg,0,1,26,22
B3GNT51g;MM6B1bg,0,1,26,22
B3GNT51g;MM7B2g,0,1,26,22
B3GNT51g;MM8Ber,0,1,26,22
B3GNT51g;PAPStg,0,1,26,22
B3GNT51g;PAPtg,0,1,26,22
B3GNT51g;PIter,0,1,26,22
B3GNT51g;S23T3g,0,1,26,22
B3GNT51g;S6T10g,0,1,26,22
B3GNT51g;S6T11g,0,1,26,22
B3GNT51g;S6T12g,0,1,26,22
B3GNT51g;S6T13g,0,1,26,22
B3GNT51g;S6T14g,0,1,26,22
B3GNT51g;S6T15g,0,1,26,22
B3GNT51g;S6T4g,0,1,26,22
B3GNT51g;S6T5g,0,1,26,22
B3GNT51g;S6T6g,0,1,26,22
B3GNT51g;S6T7g,0,1,26,22
B3GNT51g;S6T8g,0,1,26,22
B3GNT51g;S6T9g,0,1,26,22
B3GNT51g;SADT,0,1,26,22
B3GNT51g;UAG4E,1,0,25,23
B3GNT51g;UDPDOLPT,0,1,26,22
B3GNT51g;UGALNACtg,1,0,25,23
BALAVECSEC;PTCRTD,1,0,25,23
BALAVECSEC;PTRCOR,1,0,25,23
BAMPPALDOX;CITSUCCtm,0,1,26,22
BAMPPALDOX;GHMT2rm,0,1,26,22
BAMPPALDOX;HCO3Em,0,1,26,22
BAMPPALDOX;HCO3tm,0,1,26,22
BAMPPALDOX;MTHFCm,0,1,26,22
BAMPPALDOX;MTHFDm,0,1,26,22
BAMPPALDOX;P45011A1m,0,1,26,22
BAMPPALDOX;PIt2m_2,0,1,26,22
BAMPPALDOX;PRGNLONEtm,0,1,26,22
BAMPPALDOX;PTCRTD,1,0,25,23
BAMPPALDOX;PTRCOR,1,0,25,23
BAMPPALDOX;SERTm,0,1,26,22
BDMT;CERT2gt,1,1,25,22
BDMT;FUCACNGALACGLCGALGLUSIDEte,0,1,26,22
BDMT;FUCACNGALACGLCGALGLUSIDEtg,0,1,26,22
BDMT;FUT32g,0,1,26,22
BDMT;ST3GAL31g,0,1,26,22
BDMT;UGCGc,1,1,25,22
BETALDHxm;ARTFR52,1,0,25,23
BETALDHxm;CDS,1,0,25,23
BETALDHxm;DPCOAK,0,1,26,22
BETALDHxm;FAE200,1,0,25,23
BETALDHxm;FAE220,1,0,25,23
BETALDHxm;FAE240,1,0,25,23
BETALDHxm;FAE260,1,0,25,23
BETALDHxm;HACD200,1,0,25,23
BETALDHxm;HACD220,1,0,25,23
BETALDHxm;HACD240,1,0,25,23
BETALDHxm;HACD260,1,0,25,23
BETALDHxm;HEXCCOAtr,1,0,25,23
BETALDHxm;HSD200,1,0,25,23
BETALDHxm;HSD220,1,0,25,23
BETALDHxm;HSD240,1,0,25,23
BETALDHxm;HSD260,1,0,25,23
BETALDHxm;PNTK,0,1,26,22
BETALDHxm;PNTOt1,0,1,26,22
BETALDHxm;PPCDC,0,1,26,22
BETALDHxm;PPNCL2,0,1,26,22
BETALDHxm;PTPAT,0,1,26,22
BETALDHxm;RTOT5,1,0,25,23
BETALDHxm;TECR200,1,0,25,23
BETALDHxm;TECR220,1,0,25,23
BETALDHxm;TECR240,1,0,25,23
BETALDHxm;TECR260,1,0,25,23
BHMT;ARTFR52,1,0,25,23
BHMT;CDS,1,0,25,23
BHMT;DPCOAK,0,1,26,22
BHMT;FAE200,1,0,25,23
BHMT;FAE220,1,0,25,23
BHMT;FAE240,1,0,25,23
BHMT;FAE260,1,0,25,23
BHMT;HACD200,1,0,25,23
BHMT;HACD220,1,0,25,23
BHMT;HACD240,1,0,25,23
BHMT;HACD260,1,0,25,23
BHMT;HEXCCOAtr,1,0,25,23
BHMT;HSD200,1,0,25,23
BHMT;HSD220,1,0,25,23
BHMT;HSD240,1,0,25,23
BHMT;HSD260,1,0,25,23
BHMT;PNTK,0,1,26,22
BHMT;PNTOt1,0,1,26,22
BHMT;PPCDC,0,1,26,22
BHMT;PPNCL2,0,1,26,22
BHMT;PTPAT,0,1,26,22
BHMT;RTOT5,1,0,25,23
BHMT;TECR200,1,0,25,23
BHMT;TECR220,1,0,25,23
BHMT;TECR240,1,0,25,23
BHMT;TECR260,1,0,25,23
BILDGLCURt;CITRt2m,0,1,26,22
BILDGLCURtr;CITRt2m,0,1,26,22
BILDGLUCRabc;BILGLCURt5e,0,1,26,22
BILDGLUCRabc;BILGLCURtr,0,1,26,22
BILDGLUCRabc;UGT1A10r,0,1,26,22
BILGLCURt5e;UGT1A2r,0,1,26,22
BILGLCURtr;UGT1A2r,0,1,26,22
BILIRED2;CBPSam,1,0,25,23
BILIRED2;CITRORNtm,1,0,25,23
BILIRED2;CITRt2m,2,3,24,20
BILIRED2;CITRte,1,0,25,23
BILIRED2;CITRtm,2,1,24,22
BILIRED2;CITSUCCtm,0,1,26,22
BILIRED2;COAtm,0,1,26,22
BILIRED2;CRNtim,0,1,26,22
BILIRED2;DHFR,1,0,25,23
BILIRED2;DHFtm,1,0,25,23
BILIRED2;GTPGDPtm,0,1,26,22
BILIRED2;H2Otg,0,1,26,22
BILIRED2;HCO3tm,1,0,25,23
BILIRED2;Htg,0,1,26,22
BILIRED2;ICDHyr,0,1,26,22
BILIRED2;ICITCITtm,0,1,26,22
BILIRED2;L_LACt2r,0,1,26,22
BILIRED2;MAL_Lte,1,0,25,23
BILIRED2;MDHm,1,0,25,23
BILIRED2;NDP7g,0,1,26,22
BILIRED2;NH4tm,1,0,25,23
BILIRED2;OCBTm,1,0,25,23
BILIRED2;OROTGLUt,0,1,26,22
BILIRED2;OROTi,0,1,26,22
BILIRED2;OXALSUCCCL,0,1,26,22
BILIRED2;PGI,0,1,26,22
BILIRED2;PIMALtm,0,1,26,22
BILIRED2;PIt2m_2,0,1,26,22
BILIRED2;PItg,0,1,26,22
BILIRED2;PROGLUtm,0,1,26,22
BILIRED2;PROtm,0,1,26,22
BILIRED2;RDH1,1,0,25,23
BILIRED2;RDH1a,1,0,25,23
BILIRED2;SO3AKGtm,0,1,26,22
BILIRED2;SO3MALtm,0,1,26,22
BILIRED2;SUCCICITtm,1,0,25,23
BILIRED2;SUCCt4_2,1,0,25,23
BILIRED2;SUCOAS1m,0,2,26,21
BILIRED2;THFtm,1,0,25,23
BILIRED2;THRA,0,2,26,21
BILIRED;CITRt2m,0,1,26,22
BILIRED;CITRtm,0,1,26,22
BILIRED;GLUPROASCT1,0,1,26,22
BILIRED;O2tm,0,1,26,22
BILIRED;PEPCKm,1,0,25,23
BILIRED;PIGTHRDLtm,1,0,25,23
BILIRUBtr;CBPSam,1,0,25,23
BILIRUBtr;CITRORNtm,1,0,25,23
BILIRUBtr;CITRt2m,2,3,24,20
BILIRUBtr;CITRte,1,0,25,23
BILIRUBtr;CITRtm,2,1,24,22
BILIRUBtr;CITSUCCtm,0,1,26,22
BILIRUBtr;COAtm,0,1,26,22
BILIRUBtr;CRNtim,0,1,26,22
BILIRUBtr;DHFR,1,0,25,23
BILIRUBtr;DHFtm,1,0,25,23
BILIRUBtr;GLUPROASCT1,0,1,26,22
BILIRUBtr;GTPGDPtm,0,1,26,22
BILIRUBtr;HCO3tm,1,0,25,23
BILIRUBtr;ICDHyr,0,1,26,22
BILIRUBtr;ICITCITtm,0,1,26,22
BILIRUBtr;L_LACt2r,0,1,26,22
BILIRUBtr;MAL_Lte,1,0,25,23
BILIRUBtr;MDHm,1,0,25,23
BILIRUBtr;NH4tm,1,0,25,23
BILIRUBtr;O2tm,0,1,26,22
BILIRUBtr;OCBTm,1,0,25,23
BILIRUBtr;OROTGLUt,0,1,26,22
BILIRUBtr;OROTi,0,1,26,22
BILIRUBtr;OXALSUCCCL,0,1,26,22
BILIRUBtr;PEPCKm,1,0,25,23
BILIRUBtr;PGI,0,1,26,22
BILIRUBtr;PIGTHRDLtm,1,0,25,23
BILIRUBtr;PIMALtm,0,1,26,22
BILIRUBtr;PIt2m_2,0,1,26,22
BILIRUBtr;PROGLUtm,0,1,26,22
BILIRUBtr;PROtm,0,1,26,22
BILIRUBtr;RDH1,1,0,25,23
BILIRUBtr;RDH1a,1,0,25,23
BILIRUBtr;SO3AKGtm,0,1,26,22
BILIRUBtr;SO3MALtm,0,1,26,22
BILIRUBtr;SUCCICITtm,1,0,25,23
BILIRUBtr;SUCCt4_2,1,0,25,23
BILIRUBtr;SUCOAS1m,0,1,26,22
BILIRUBtr;THFtm,1,0,25,23
BILIRUBtr;THRA,0,2,26,21
BPGP;TPI,0,1,26,22
BPNT;CBPSam,1,0,25,23
BPNT;CERT2gt,1,1,25,22
BPNT;CITRte,1,0,25,23
BPNT;FUCACNGALACGLCGALGLUSIDEte,0,1,26,22
BPNT;FUCACNGALACGLCGALGLUSIDEtg,0,1,26,22
BPNT;FUT32g,0,1,26,22
BPNT;GALU,1,0,25,23
BPNT;GF6PTA,1,0,25,23
BPNT;H2Otg,1,0,25,23
BPNT;HCO3tm,1,0,25,23
BPNT;Htg,1,0,25,23
BPNT;L_LACt2r,0,1,26,22
BPNT;NDP7g,1,0,25,23
BPNT;NH4tm,1,0,25,23
BPNT;OCBTm,1,0,25,23
BPNT;PGMT,1,0,25,23
BPNT;PItg,1,0,25,23
BPNT;R_group_phosphotase_1,0,1,26,22
BPNT;ST3GAL31g,0,1,26,22
BPNT;UAG2EMAi,1,0,25,23
BPNT;UAGDP,1,0,25,23
BPNT;UGCGc,1,1,25,22
BUTt2m;CRNtim,4,0,22,23
C160CPT1;PMTCOAFABP1tc,2,0,24,23
C161CPT1;CACT6r,0,1,26,22
C161CPT1;CACT7p,0,1,26,22
C161CPT1;COAtp,0,1,26,22
C161CPT1;CRNCARtp,0,1,26,22
C161CPT1;CSNATm,0,1,26,22
C161CPT1;CSNATp,0,1,26,22
C161CPT1;CSNATr,0,2,26,21
C161CPT1;GTHP,0,1,26,22
C161CPT1;H2O2tp,0,1,26,22
C161CPT1;H2Otp,0,1,26,22
C161CPT1;ICDHxrm,0,1,26,22
C161CPT1;MALCOAMT,0,1,26,22
C161CPT1;MALCOAMTr,0,1,26,22
C161CPT1;NADHtpu,0,1,26,22
C161CPT1;NADtx,0,1,26,22
C161CPT1;O2tp,0,1,26,22
C161CPT1;OXALSUCCCLm,0,1,26,22
C161CPT1;PEPCK,0,1,26,22
C180CPT1;ARTFR13,0,1,26,22
C180CPT1;DPCOAK,0,1,26,22
C180CPT1;FA140ACPH,0,1,26,22
C180CPT1;FACOAL140i,0,1,26,22
C180CPT1;PNTK,0,1,26,22
C180CPT1;PNTOt1,0,1,26,22
C180CPT1;PPCDC,0,1,26,22
C180CPT1;PPNCL2,0,1,26,22
C180CPT1;PTPAT,0,1,26,22
C180CPT1;RTOT1,0,1,26,22
C180CPT2;ARTFR13,0,1,26,22
C180CPT2;DPCOAK,0,1,26,22
C180CPT2;FA140ACPH,0,1,26,22
C180CPT2;FACOAL140i,0,1,26,22
C180CPT2;PNTK,0,1,26,22
C180CPT2;PNTOt1,0,1,26,22
C180CPT2;PPCDC,0,1,26,22
C180CPT2;PPNCL2,0,1,26,22
C180CPT2;PTPAT,0,1,26,22
C180CPT2;RTOT1,0,1,26,22
C180CRNt;ARTFR13,0,1,26,22
C180CRNt;DPCOAK,0,1,26,22
C180CRNt;FA140ACPH,0,1,26,22
C180CRNt;FACOAL140i,0,1,26,22
C180CRNt;PNTK,0,1,26,22
C180CRNt;PNTOt1,0,1,26,22
C180CRNt;PPCDC,0,1,26,22
C180CRNt;PPNCL2,0,1,26,22
C180CRNt;PTPAT,0,1,26,22
C180CRNt;RTOT1,0,1,26,22
C204CPT1;ARTFR52,2,0,24,23
C204CPT1;FAE200,2,0,24,23
C204CPT1;FAE220,2,0,24,23
C204CPT1;FAE240,2,0,24,23
C204CPT1;FAE260,2,0,24,23
C204CPT1;HACD200,2,0,24,23
C204CPT1;HACD220,2,0,24,23
C204CPT1;HACD240,2,0,24,23
C204CPT1;HACD260,2,0,24,23
C204CPT1;HEXCCOAtr,2,0,24,23
C204CPT1;HSD200,2,0,24,23
C204CPT1;HSD220,2,0,24,23
C204CPT1;HSD240,2,0,24,23
C204CPT1;HSD260,2,0,24,23
C204CPT1;TECR200,2,0,24,23
C204CPT1;TECR220,2,0,24,23
C204CPT1;TECR240,2,0,24,23
C204CPT1;TECR260,2,0,24,23
C204CPT1;TRDR,0,2,26,21
CACT3r;PMTCOAFABP1tc,2,0,24,23
CACT4r;CACT6r,0,1,26,22
CACT4r;CACT7p,0,1,26,22
CACT4r;COAtp,0,1,26,22
CACT4r;CRNCARtp,0,1,26,22
CACT4r;CSNATm,0,1,26,22
CACT4r;CSNATp,0,1,26,22
CACT4r;CSNATr,0,2,26,21
CACT4r;GTHP,0,1,26,22
CACT4r;H2O2tp,0,1,26,22
CACT4r;H2Otp,0,1,26,22
CACT4r;ICDHxrm,0,1,26,22
CACT4r;MALCOAMT,0,1,26,22
CACT4r;MALCOAMTr,0,1,26,22
CACT4r;NADHtpu,0,1,26,22
CACT4r;NADtx,0,1,26,22
CACT4r;O2tp,0,1,26,22
CACT4r;OXALSUCCCLm,0,1,26,22
CACT4r;PEPCK,0,1,26,22
CACT6r;ARTFR41,0,1,26,22
CACT6r;COAtr,0,1,26,22
CACT6r;DESAT16_1,0,1,26,22
CACT6r;DHCRD1,0,2,26,21
CACT6r;DPCOAK,0,2,26,21
CACT6r;PLMCOAPTr,0,1,26,22
CACT6r;PMTCOAFABP1tc,0,1,26,22
CACT6r;PNTK,0,2,26,21
CACT6r;PNTOt1,0,2,26,21
CACT6r;PPCDC,0,2,26,21
CACT6r;PPNCL2,0,2,26,21
CACT6r;PTPAT,0,2,26,21
CACT6r;RTOT4,0,1,26,22
CACT6r;TRDR,0,3,26,20
CACT7p;ARTFR41,0,1,26,22
CACT7p;ARTFR52,2,0,24,23
CACT7p;COAtr,0,1,26,22
CACT7p;DESAT16_1,0,1,26,22
CACT7p;FAE200,2,0,24,23
CACT7p;FAE220,2,0,24,23
CACT7p;FAE240,2,0,24,23
CACT7p;FAE260,2,0,24,23
CACT7p;HACD200,2,0,24,23
CACT7p;HACD220,2,0,24,23
CACT7p;HACD240,2,0,24,23
CACT7p;HACD260,2,0,24,23
CACT7p;HEXCCOAtr,2,0,24,23
CACT7p;HSD200,2,0,24,23
CACT7p;HSD220,2,0,24,23
CACT7p;HSD240,2,0,24,23
CACT7p;HSD260,2,0,24,23
CACT7p;PLMCOAPTr,0,1,26,22
CACT7p;PMTCOAFABP1tc,0,1,26,22
CACT7p;RTOT4,0,1,26,22
CACT7p;TECR200,2,0,24,23
CACT7p;TECR220,2,0,24,23
CACT7p;TECR240,2,0,24,23
CACT7p;TECR260,2,0,24,23
CACT7p;TRDR,0,3,26,20
CACT7r;PMTCOAFABP1tc,0,1,26,22
CAT;ENO,1,0,25,23
CAT;GAPD,1,0,25,23
CAT;H2Otm,1,0,25,23
CAT;PGK,1,0,25,23
CAT;PGM,1,0,25,23
CATp;ARTFR52,2,0,24,23
CATp;CDS,1,0,25,23
CATp;CSNATr,1,0,25,23
CATp;FAE200,2,0,24,23
CATp;FAE220,2,0,24,23
CATp;FAE240,2,0,24,23
CATp;FAE260,2,0,24,23
CATp;FECR,1,0,25,23
CATp;FERO,1,0,25,23
CATp;FOLR2,1,0,25,23
CATp;FOLt2,1,0,25,23
CATp;GLUPROASCT1,1,0,25,23
CATp;HACD200,2,0,24,23
CATp;HACD220,2,0,24,23
CATp;HACD240,2,0,24,23
CATp;HACD260,2,0,24,23
CATp;HCO3E,1,0,25,23
CATp;HEXCCOAtr,2,0,24,23
CATp;HSD200,2,0,24,23
CATp;HSD220,2,0,24,23
CATp;HSD240,2,0,24,23
CATp;HSD260,2,0,24,23
CATp;Htr,1,0,25,23
CATp;MTHFR3x,1,0,25,23
CATp;PPA,4,0,22,23
CATp;TECR200,2,0,24,23
CATp;TECR220,2,0,24,23
CATp;TECR240,2,0,24,23
CATp;TECR260,2,0,24,23
CATp;THRA,2,0,24,23
CATp;TXA2tr,3,0,23,23
CATp;TXB2c,3,0,23,23
CATp;TXB2r,3,0,23,23
CATp;TXB2tr,3,0,23,23
CAt7r;NCKt,0,1,26,22
CAt7r;NKCCt,0,1,26,22
CAtm7;CYOOm2,1,1,25,22
CAtm7;CYOOm3,1,0,25,23
CAtm7;CYOR_u10m,2,1,24,22
CAtm7;HCO3E,1,0,25,23
CAtm7;O2Stm,1,0,25,23
CBPPer;GALU,1,0,25,23
CBPPer;GF6PTA,2,0,24,23
CBPPer;GLUPROASCT1,1,0,25,23
CBPPer;HEX1,1,0,25,23
CBPPer;HEX12,5,1,21,22
CBPPer;PGMT,1,0,25,23
CBPPer;PPIPItr,2,1,24,22
CBPPer;THRA,3,0,23,23
CBPPer;UAGDP,2,0,24,23
CBPSam;CK,2,0,24,23
CBPSam;CO2tm,1,1,25,22
CBPSam;COQ3m,1,0,25,23
CBPSam;COQ5m,1,0,25,23
CBPSam;COQ6m,1,0,25,23
CBPSam;COQ7m,1,0,25,23
CBPSam;COUCOAFm,1,0,25,23
CBPSam;COt,1,0,25,23
CBPSam;CPPPGO,1,0,25,23
CBPSam;CREATtmdiffir,2,0,24,23
CBPSam;CRTNsyn,2,0,24,23
CBPSam;CRTNte,2,0,24,23
CBPSam;DECDPtm,1,0,25,23
CBPSam;DHDPBMTm,1,0,25,23
CBPSam;DHPRy,1,0,25,23
CBPSam;DOPABMO,1,0,25,23
CBPSam;DPHMBDCm,1,0,25,23
CBPSam;DPPS,1,0,25,23
CBPSam;FCLTm,1,0,25,23
CBPSam;FE2tm,1,0,25,23
CBPSam;FRDPtc,1,0,25,23
CBPSam;GACMTRc,2,0,24,23
CBPSam;GALU,1,0,25,23
CBPSam;GLYAMDTRc,2,0,24,23
CBPSam;GLYC3Ptmc,1,0,25,23
CBPSam;GLYCtm,1,0,25,23
CBPSam;GLYKm,1,0,25,23
CBPSam;GPCCPDE,1,0,25,23
CBPSam;GTHDH,1,0,25,23
CBPSam;GTPGDPtm,2,0,24,23
CBPSam;HBZOPT10m,1,0,25,23
CBPSam;HCO3E,1,0,25,23
CBPSam;HCO3Ee,1,0,25,23
CBPSam;HMBS,1,0,25,23
CBPSam;HOXG,1,0,25,23
CBPSam;ICDHxrm,1,0,25,23
CBPSam;IDHPOXOX2b,1,0,25,23
CBPSam;IDHPOXOX3,1,0,25,23
CBPSam;IDHPOXOXb,1,0,25,23
CBPSam;It,1,0,25,23
CBPSam;KCC2t,2,1,24,22
CBPSam;LDH_L,0,1,26,22
CBPSam;LHCYSTIN,3,0,23,23
CBPSam;LHCYSTINt,3,0,23,23
CBPSam;LPASE,1,0,25,23
CBPSam;MAL_Lte,1,0,25,23
CBPSam;MDHm,1,0,25,23
CBPSam;METAT,3,0,23,23
CBPSam;NAt5,2,1,24,22
CBPSam;NDP7er,1,0,25,23
CBPSam;NH4t3r,1,1,25,22
CBPSam;NH4tm,1,1,25,22
CBPSam;NKCC2t,0,1,26,22
CBPSam;ORNDC,4,0,22,23
CBPSam;PCREATtmdiffir,2,0,24,23
CBPSam;PGMT,1,0,25,23
CBPSam;PHEMEtm,1,0,25,23
CBPSam;PHETA1,1,0,25,23
CBPSam;PHETA1m,1,0,25,23
CBPSam;PHEt4m,1,0,25,23
CBPSam;PHPYRtm,1,0,25,23
CBPSam;PIGTHRDLtm,1,0,25,23
CBPSam;PIt2m_2,6,1,20,22
CBPSam;PPBNGS,1,0,25,23
CBPSam;PPItm,5,0,21,23
CBPSam;PPPG9tm,1,0,25,23
CBPSam;PPPGOm,1,0,25,23
CBPSam;PROGLUtm,1,0,25,23
CBPSam;PROtm,1,0,25,23
CBPSam;PUNP1,1,0,25,23
CBPSam;Q10H2e,1,0,25,23
CBPSam;R_group_phosphotase_1,1,0,25,23
CBPSam;SADT,1,0,25,23
CBPSam;SSALym,1,0,25,23
CBPSam;SUCOAS1m,1,0,25,23
CBPSam;T4HCINNMFM,1,0,25,23
CBPSam;THBPT4ACAMDASE,1,0,25,23
CBPSam;THYPX,1,0,25,23
CBPSam;TRIODTHYSUFt,1,0,25,23
CBPSam;TYR3MO2,1,0,25,23
CBPSam;TYRTAm,1,0,25,23
CBPSam;TYRtl,1,0,25,23
CBPSam;UDPGD,1,0,25,23
CBPSam;UPP3S,1,0,25,23
CBPSam;UPPDC1,1,0,25,23
CBPSam;q10h2tc,1,0,25,23
CBPter;GALU,1,0,25,23
CBPter;GF6PTA,2,0,24,23
CBPter;GLUPROASCT1,1,0,25,23
CBPter;HEX1,1,0,25,23
CBPter;HEX12,5,1,21,22
CBPter;PGMT,1,0,25,23
CBPter;PPIPItr,2,1,24,22
CBPter;THRA,3,0,23,23
CBPter;UAGDP,2,0,24,23
CDPDAGtm;CDS,21,0,5,23
CDPDAGtm;PCFLOPm,1,0,25,23
CDPRBTLtg;CMPACNAtg,1,0,25,23
CDPRBTLtg;CMPSAS,1,0,25,23
CDPRBTLtg;CYTK1,3,2,23,21
CDPRBTLtg;CYTK3,8,1,18,22
CDPRBTLtg;CYTK8,2,2,24,21
CDPRBTLtg;ENO,1,0,25,23
CDPRBTLtg;GAPD,1,0,25,23
CDPRBTLtg;NADPHtru,1,0,25,23
CDPRBTLtg;NADPtru,1,0,25,23
CDPRBTLtg;PGK,1,0,25,23
CDPRBTLtg;PGM,1,0,25,23
CDPRBTLtg;PYK,0,1,26,22
CDPRBTLtg;R5Ptr,3,0,23,23
CDPRBTLtg;RPI,13,13,13,10
CDPRBTLtg;RPIr,3,0,23,23
CDPRBTLtg;RU5Ptr,3,0,23,23
CDPRBTLtg;UAG2EMAi,1,0,25,23
CDPRBTLtg;UDPG4E,1,0,25,23
CDPRBTLtg;UDPGALtg,1,0,25,23
CDPtg;CMPACNAtg,1,0,25,23
CDPtg;CMPSAS,1,0,25,23
CDPtg;CYTK1,3,2,23,21
CDPtg;CYTK3,8,1,18,22
CDPtg;CYTK8,2,2,24,21
CDPtg;ENO,1,0,25,23
CDPtg;GAPD,1,0,25,23
CDPtg;NADPHtru,1,0,25,23
CDPtg;NADPtru,1,0,25,23
CDPtg;PGK,1,0,25,23
CDPtg;PGM,1,0,25,23
CDPtg;PYK,0,1,26,22
CDPtg;R5Ptr,3,0,23,23
CDPtg;RPI,13,13,13,10
CDPtg;RPIr,3,0,23,23
CDPtg;RU5Ptr,3,0,23,23
CDPtg;UAG2EMAi,1,0,25,23
CDPtg;UDPG4E,1,0,25,23
CDPtg;UDPGALtg,1,0,25,23
CDS;CDSm,21,0,5,23
CDS;CHLtm,20,0,6,23
CDS;CHOLD2m,1,0,25,23
CDS;CTPtm,21,0,5,23
CDS;DHFRm,1,0,25,23
CDS;DHFRx,1,0,25,23
CDS;DMGDHm,1,0,25,23
CDS;DMGtm,1,0,25,23
CDS;FALDtm,1,0,25,23
CDS;FALDtx,1,0,25,23
CDS;GLYBtm,1,0,25,23
CDS;GLYtp,1,0,25,23
CDS;LHCYSTIN,1,0,25,23
CDS;LHCYSTINt,1,0,25,23
CDS;MEOHt2,1,0,25,23
CDS;METAT,2,0,24,23
CDS;O2tp,1,0,25,23
CDS;PCHOLPm_hs,21,0,5,23
CDS;PETOHMm_hs,20,0,6,23
CDS;PPAPA,21,0,5,23
CDS;PPItm,21,0,5,23
CDS;PUNP1,1,0,25,23
CDS;SARCOXp,1,0,25,23
CDS;SARCStm,1,0,25,23
CDS;SARCStp,1,0,25,23
CDSm;PCFLOPm,1,0,25,23
CEPTC;CEPTE,1,3,25,20
CEPTC;PCFLOPm,14,14,12,9
CEPTC;PEFLIPm,0,1,26,22
CEPTC;PEMET1,0,2,26,21
CEPTC;PEMET2,0,2,26,21
CEPTC;PETHCT,1,3,25,20
CEPTC;PETOHMm_hs,14,13,12,10
CEPTE;CHLPCTD,1,3,25,20
CEPTE;DHFtm,1,0,25,23
CEPTE;GTHP,0,1,26,22
CEPTE;LHCYSTIN,1,1,25,22
CEPTE;LHCYSTINt,1,1,25,22
CEPTE;METAT,1,1,25,22
CEPTE;PEMET1,1,1,25,22
CEPTE;PEMET2,1,1,25,22
CEPTE;PE_HStm,1,3,25,20
CEPTE;PSDm_hs,1,3,25,20
CEPTE;PSFLIPm,1,3,25,20
CEPTE;PSSA1_hs,1,1,25,22
CEPTE;PUNP1,1,0,25,23
CERT2gt;ARTFR52,2,0,24,23
CERT2gt;DOLASNTer,1,1,25,22
CERT2gt;DOLDPPer,1,1,25,22
CERT2gt;DOLGLCP_ter,1,1,25,22
CERT2gt;DOLMANP_ter,2,1,24,22
CERT2gt;DOLPGT1er,1,1,25,22
CERT2gt;DOLPGT2er,1,1,25,22
CERT2gt;DOLPGT3er,1,1,25,22
CERT2gt;DOLPMT,2,1,24,22
CERT2gt;DOLPMT1er,1,1,25,22
CERT2gt;DOLPMT2_er,1,1,25,22
CERT2gt;DOLPMT3er,1,1,25,22
CERT2gt;DOLPMT4_er,1,1,25,22
CERT2gt;DOLP_ter,2,1,24,22
CERT2gt;F6T2g,1,0,25,23
CERT2gt;F6T3g,0,1,26,22
CERT2gt;FAE200,2,0,24,23
CERT2gt;FAE220,2,0,24,23
CERT2gt;FAE240,2,0,24,23
CERT2gt;FAE260,2,0,24,23
CERT2gt;G12MT1,1,1,25,22
CERT2gt;G12MT2,1,1,25,22
CERT2gt;G13MT,1,1,25,22
CERT2gt;G14T10g,1,1,25,22
CERT2gt;G14T11g,1,1,25,22
CERT2gt;G14T12g,1,1,25,22
CERT2gt;G14T13g,1,1,25,22
CERT2gt;G14T14g,1,1,25,22
CERT2gt;G14T15g,1,1,25,22
CERT2gt;G14T16g,1,1,25,22
CERT2gt;G14T17g,1,1,25,22
CERT2gt;G14T6g,1,1,25,22
CERT2gt;G14T7g,1,1,25,22
CERT2gt;G14T8g,1,1,25,22
CERT2gt;G14T9g,1,1,25,22
CERT2gt;G14Tg,1,1,25,22
CERT2gt;G16MT,1,1,25,22
CERT2gt;GDPFUCtg,1,0,25,23
CERT2gt;GDPtg,1,0,25,23
CERT2gt;GFUCS,1,0,25,23
CERT2gt;GLCNACPT,1,1,25,22
CERT2gt;GLCNACT,1,1,25,22
CERT2gt;GLCter,1,1,25,22
CERT2gt;GMAND,1,0,25,23
CERT2gt;GMPtg,1,0,25,23
CERT2gt;HACD200,2,0,24,23
CERT2gt;HACD220,2,0,24,23
CERT2gt;HACD240,2,0,24,23
CERT2gt;HACD260,2,0,24,23
CERT2gt;HEX4,1,1,25,22
CERT2gt;HEXCCOAtr,2,0,24,23
CERT2gt;HSD200,2,0,24,23
CERT2gt;HSD220,2,0,24,23
CERT2gt;HSD240,2,0,24,23
CERT2gt;HSD260,2,0,24,23
CERT2gt;KSIt,1,1,25,22
CERT2gt;M1316M2g,1,0,25,23
CERT2gt;M1316Mg,0,1,26,22
CERT2gt;M13N2Tg,1,1,25,22
CERT2gt;M16NT1g,1,1,25,22
CERT2gt;M4MPDOL_ter,1,1,25,22
CERT2gt;M7MASNBterg,0,1,26,22
CERT2gt;M8MASNterg,1,0,25,23
CERT2gt;MAN1PT2,2,0,24,23
CERT2gt;MAN6PI,2,0,24,23
CERT2gt;MANter,0,1,26,22
CERT2gt;MANtg,1,1,25,22
CERT2gt;MG1er,1,1,25,22
CERT2gt;MG2er,1,1,25,22
CERT2gt;MG3er,1,1,25,22
CERT2gt;MM5ag,1,0,25,23
CERT2gt;MM5bg,0,1,26,22
CERT2gt;MM6B1bg,0,1,26,22
CERT2gt;MM6bg,1,0,25,23
CERT2gt;MM7B2g,0,1,26,22
CERT2gt;MM7Cag,1,0,25,23
CERT2gt;MM8Ag,1,0,25,23
CERT2gt;MM8Ber,0,1,26,22
CERT2gt;PAPStg,1,1,25,22
CERT2gt;PAPtg,1,1,25,22
CERT2gt;PGI,1,0,25,23
CERT2gt;PIter,0,1,26,22
CERT2gt;PMANM,2,0,24,23
CERT2gt;RTOT5,2,0,24,23
CERT2gt;S23T3g,1,1,25,22
CERT2gt;S6T10g,1,1,25,22
CERT2gt;S6T11g,1,1,25,22
CERT2gt;S6T12g,1,1,25,22
CERT2gt;S6T13g,1,1,25,22
CERT2gt;S6T14g,1,1,25,22
CERT2gt;S6T15g,1,1,25,22
CERT2gt;S6T4g,1,1,25,22
CERT2gt;S6T5g,1,1,25,22
CERT2gt;S6T6g,1,1,25,22
CERT2gt;S6T7g,1,1,25,22
CERT2gt;S6T8g,1,1,25,22
CERT2gt;S6T9g,1,1,25,22
CERT2gt;SADT,1,1,25,22
CERT2gt;TECR200,2,0,24,23
CERT2gt;TECR220,2,0,24,23
CERT2gt;TECR240,2,0,24,23
CERT2gt;TECR260,2,0,24,23
CERT2gt;UDPDOLPT,1,1,25,22
CERT2gt;UGLCNACtg,2,0,24,23
CHAT;HMGL,2,0,24,23
CHAT;Htr,1,0,25,23
CHAT;THRA,3,0,23,23
CHAT;TXA2tr,1,0,25,23
CHAT;TXB2c,1,0,25,23
CHAT;TXB2r,1,0,25,23
CHAT;TXB2tr,1,0,25,23
CHATn;CITOAL,4,0,22,23
CHATn;CO2tm,2,0,24,23
CHATn;FBA3,1,0,25,23
CHATn;HCO3E,0,1,26,22
CHATn;HMGL,2,0,24,23
CHATn;Htr,1,0,25,23
CHATn;MAL_Lte,0,1,26,22
CHATn;PEPCKm,1,0,25,23
CHATn;PFK_3,1,0,25,23
CHATn;PIt2m_2,1,0,25,23
CHATn;THRA,5,0,21,23
CHATn;TPI,1,0,25,23
CHATn;TXA2tr,1,0,25,23
CHATn;TXB2c,1,0,25,23
CHATn;TXB2r,1,0,25,23
CHATn;TXB2tr,1,0,25,23
CHLPCTD;HCO3tm,0,1,26,22
CHLPCTD;PCFLOPm,14,14,12,9
CHLPCTD;PEFLIPm,0,1,26,22
CHLPCTD;PEMET1,0,2,26,21
CHLPCTD;PEMET2,0,2,26,21
CHLPCTD;PETHCT,1,3,25,20
CHLPCTD;PETOHMm_hs,14,13,12,10
CHLtm;ARTFR52,1,0,25,23
CHLtm;DPCOAK,0,1,26,22
CHLtm;FAE200,1,0,25,23
CHLtm;FAE220,1,0,25,23
CHLtm;FAE240,1,0,25,23
CHLtm;FAE260,1,0,25,23
CHLtm;HACD200,1,0,25,23
CHLtm;HACD220,1,0,25,23
CHLtm;HACD240,1,0,25,23
CHLtm;HACD260,1,0,25,23
CHLtm;HEXCCOAtr,1,0,25,23
CHLtm;HSD200,1,0,25,23
CHLtm;HSD220,1,0,25,23
CHLtm;HSD240,1,0,25,23
CHLtm;HSD260,1,0,25,23
CHLtm;PCFLOPm,1,0,25,23
CHLtm;PNTK,0,1,26,22
CHLtm;PNTOt1,0,1,26,22
CHLtm;PPCDC,0,1,26,22
CHLtm;PPNCL2,0,1,26,22
CHLtm;PTPAT,0,1,26,22
CHLtm;RTOT5,1,0,25,23
CHLtm;TECR200,1,0,25,23
CHLtm;TECR220,1,0,25,23
CHLtm;TECR240,1,0,25,23
CHLtm;TECR260,1,0,25,23
CHOLD2m;ARTFR52,1,0,25,23
CHOLD2m;DPCOAK,0,1,26,22
CHOLD2m;FAE200,1,0,25,23
CHOLD2m;FAE220,1,0,25,23
CHOLD2m;FAE240,1,0,25,23
CHOLD2m;FAE260,1,0,25,23
CHOLD2m;HACD200,1,0,25,23
CHOLD2m;HACD220,1,0,25,23
CHOLD2m;HACD240,1,0,25,23
CHOLD2m;HACD260,1,0,25,23
CHOLD2m;HEXCCOAtr,1,0,25,23
CHOLD2m;HSD200,1,0,25,23
CHOLD2m;HSD220,1,0,25,23
CHOLD2m;HSD240,1,0,25,23
CHOLD2m;HSD260,1,0,25,23
CHOLD2m;PNTK,0,1,26,22
CHOLD2m;PNTOt1,0,1,26,22
CHOLD2m;PPCDC,0,1,26,22
CHOLD2m;PPNCL2,0,1,26,22
CHOLD2m;PTPAT,0,1,26,22
CHOLD2m;RTOT5,1,0,25,23
CHOLD2m;TECR200,1,0,25,23
CHOLD2m;TECR220,1,0,25,23
CHOLD2m;TECR240,1,0,25,23
CHOLD2m;TECR260,1,0,25,23
CHOLK;CO2tm,0,2,26,21
CHOLK;DHPR,1,0,25,23
CHOLK;DHPRy,1,0,25,23
CHOLK;DOPABMO,2,1,24,22
CHOLK;ETHAK,0,1,26,22
CHOLK;GPCCPDE,2,0,24,23
CHOLK;GTHDH,2,2,24,21
CHOLK;GTHP,7,3,19,20
CHOLK;LHCYSTIN,13,11,13,12
CHOLK;LHCYSTINt,13,11,13,12
CHOLK;LPASE,2,0,24,23
CHOLK;LPCHOLt4,2,0,24,23
CHOLK;METAT,14,11,12,12
CHOLK;NORANMT,0,1,26,22
CHOLK;O2t,0,2,26,21
CHOLK;PCFLOPm,13,0,13,23
CHOLK;PCHOLHSTDe,2,0,24,23
CHOLK;PETOHMm_hs,13,0,13,23
CHOLK;PE_HStm,0,4,26,19
CHOLK;PLA2_2e,2,0,24,23
CHOLK;PSDm_hs,14,10,12,13
CHOLK;PSFLIPm,14,10,12,13
CHOLK;PSSA2_hs,0,1,26,22
CHOLK;PUNP1,9,4,17,19
CHOLK;RTOTALFATPc,2,0,24,23
CHOLK;R_group_phosphotase_1,6,0,20,23
CHOLK;THBPT4ACAMDASE,2,0,24,23
CHOLK;TYR3MO2,2,0,24,23
CHOLK;TYRDOPO,0,1,26,22
CHOLt4;DHFtm,1,0,25,23
CHOLt4;DHPR,2,0,24,23
CHOLt4;DHPR2,1,0,25,23
CHOLt4;DOPABMO,4,0,22,23
CHOLt4;GTHDH,5,0,21,23
CHOLt4;GTHP,5,0,21,23
CHOLt4;LHCYSTIN,16,1,10,22
CHOLt4;LHCYSTINt,16,1,10,22
CHOLt4;METAT,16,1,10,22
CHOLt4;MTHFR3x,1,0,25,23
CHOLt4;PCFLOPm,4,1,22,22
CHOLt4;PETOHMm_hs,14,1,12,22
CHOLt4;PIt2m_2,1,0,25,23
CHOLt4;PSDm_hs,15,0,11,23
CHOLt4;PSFLIPm,15,0,11,23
CHOLt4;PUNP1,11,0,15,23
CHOLt4;THBPT4ACAMDASE,3,0,23,23
CHOLt4;TYR3MO2,3,0,23,23
CHOLt4;TYRDOPO,1,0,25,23
CHOLtn;CITOAL,4,0,22,23
CHOLtn;CO2tm,2,0,24,23
CHOLtn;FBA3,1,0,25,23
CHOLtn;HCO3E,0,1,26,22
CHOLtn;HMGL,2,0,24,23
CHOLtn;Htr,1,0,25,23
CHOLtn;MAL_Lte,0,1,26,22
CHOLtn;PEPCKm,1,0,25,23
CHOLtn;PFK_3,1,0,25,23
CHOLtn;PIt2m_2,1,0,25,23
CHOLtn;THRA,5,0,21,23
CHOLtn;TPI,1,0,25,23
CHOLtn;TXA2tr,1,0,25,23
CHOLtn;TXB2c,1,0,25,23
CHOLtn;TXB2r,1,0,25,23
CHOLtn;TXB2tr,1,0,25,23
CHOLtu;CO2tm,0,3,26,20
CHOLtu;CYSGLTH,0,1,26,22
CHOLtu;CYSRED,0,1,26,22
CHOLtu;DHPR,0,1,26,22
CHOLtu;DHPR2,1,0,25,23
CHOLtu;DHPRy,1,0,25,23
CHOLtu;DOPABMO,2,2,24,21
CHOLtu;GTHDH,2,4,24,19
CHOLtu;GTHP,2,7,24,16
CHOLtu;LHCYSTIN,7,19,19,4
CHOLtu;LHCYSTINt,7,19,19,4
CHOLtu;METAT,7,19,19,4
CHOLtu;MTHFR3x,1,0,25,23
CHOLtu;NORANMT,0,1,26,22
CHOLtu;O2St,0,1,26,22
CHOLtu;PCFLOPm,0,7,26,16
CHOLtu;PETOHMm_hs,7,7,19,16
CHOLtu;PSDm_hs,7,15,19,8
CHOLtu;PSFLIPm,7,15,19,8
CHOLtu;PUNP1,4,7,22,16
CHOLtu;THBPT4ACAMDASE,2,1,24,22
CHOLtu;TYR3MO2,2,1,24,22
CHOLtu;TYRDOPO,0,1,26,22
CITMCOAHm;CRNtim,1,0,25,23
CITMCOAHm;CSNATm,1,1,25,22
CITMCOAHm;CSNATr,0,1,26,22
CITMCOAHm;FORt2m,0,1,26,22
CITMCOAHm;FTHFLm,0,1,26,22
CITMCOAHm;GLYATm,0,5,26,18
CITMCOAHm;GLYtm,0,2,26,21
CITMCOAHm;GTPGDPtm,1,0,25,23
CITMCOAHm;HPROxm,0,2,26,21
CITMCOAHm;HPROym,0,2,26,21
CITMCOAHm;P45011A1m,0,1,26,22
CITMCOAHm;PIt2m_2,0,1,26,22
CITMCOAHm;PPAm,0,1,26,22
CITMCOAHm;PPItm,1,0,25,23
CITMCOAHm;PRGNLONEtm,0,1,26,22
CITMCOAHm;THDm,0,2,26,21
CITMCOAHm;THR3Dx,0,1,26,22
CITMCOAHm;THRtm,0,2,26,21
CITMCOALm;CRNtim,1,0,25,23
CITMCOALm;CSNATm,1,1,25,22
CITMCOALm;CSNATr,0,1,26,22
CITMCOALm;FORt2m,0,1,26,22
CITMCOALm;FTHFLm,0,1,26,22
CITMCOALm;GLYATm,0,5,26,18
CITMCOALm;GLYtm,0,2,26,21
CITMCOALm;GTPGDPtm,1,0,25,23
CITMCOALm;HPROxm,0,2,26,21
CITMCOALm;HPROym,0,2,26,21
CITMCOALm;P45011A1m,0,1,26,22
CITMCOALm;PIt2m_2,0,1,26,22
CITMCOALm;PPAm,0,1,26,22
CITMCOALm;PPItm,1,0,25,23
CITMCOALm;PRGNLONEtm,0,1,26,22
CITMCOALm;THDm,0,2,26,21
CITMCOALm;THR3Dx,0,1,26,22
CITMCOALm;THRtm,0,2,26,21
CITOAL;ACITLn,4,0,22,23
CITOAL;ADPtn,4,0,22,23
CITOAL;CITSUCCtm,1,0,25,23
CITOAL;CITtn,4,0,22,23
CITOAL;OAAtn,4,0,22,23
CITOAL;PEPCK,1,0,25,23
CITOAL;PItn,1,0,25,23
CITRORNtm;CK,1,0,25,23
CITRORNtm;CO2tm,1,0,25,23
CITRORNtm;COt,1,0,25,23
CITRORNtm;CPPPGO,1,0,25,23
CITRORNtm;CREATtmdiffir,1,0,25,23
CITRORNtm;CRTNsyn,1,0,25,23
CITRORNtm;CRTNte,1,0,25,23
CITRORNtm;DHPRy,1,0,25,23
CITRORNtm;DOPABMO,1,0,25,23
CITRORNtm;FCLTm,1,0,25,23
CITRORNtm;FE2tm,1,0,25,23
CITRORNtm;GACMTRc,1,0,25,23
CITRORNtm;GALU,1,0,25,23
CITRORNtm;GLYAMDTRc,1,0,25,23
CITRORNtm;GTHDH,1,0,25,23
CITRORNtm;GTPGDPtm,1,0,25,23
CITRORNtm;HMBS,1,0,25,23
CITRORNtm;HOXG,1,0,25,23
CITRORNtm;ICDHxrm,1,0,25,23
CITRORNtm;KCC2t,1,0,25,23
CITRORNtm;LHCYSTIN,1,0,25,23
CITRORNtm;LHCYSTINt,1,0,25,23
CITRORNtm;METAT,1,0,25,23
CITRORNtm;NDP7er,1,0,25,23
CITRORNtm;ORNDC,1,0,25,23
CITRORNtm;PCREATtmdiffir,1,0,25,23
CITRORNtm;PGMT,1,0,25,23
CITRORNtm;PHEMEtm,1,0,25,23
CITRORNtm;PHETA1,1,0,25,23
CITRORNtm;PHETA1m,1,0,25,23
CITRORNtm;PHEt4m,1,0,25,23
CITRORNtm;PHPYRtm,1,0,25,23
CITRORNtm;PIt2m_2,1,0,25,23
CITRORNtm;PPBNGS,1,0,25,23
CITRORNtm;PPItm,1,0,25,23
CITRORNtm;PPPG9tm,1,0,25,23
CITRORNtm;PPPGOm,1,0,25,23
CITRORNtm;SSALym,1,0,25,23
CITRORNtm;SUCOAS1m,1,0,25,23
CITRORNtm;THBPT4ACAMDASE,1,0,25,23
CITRORNtm;TYR3MO2,1,0,25,23
CITRORNtm;UDPGD,1,0,25,23
CITRORNtm;UPP3S,1,0,25,23
CITRORNtm;UPPDC1,1,0,25,23
CITRt2m;CITRtm,1,0,25,23
CITRt2m;CO2tm,4,7,22,16
CITRt2m;COt,2,4,24,19
CITRt2m;CPPPGO,2,4,24,19
CITRt2m;CYOOm2,0,1,26,22
CITRt2m;CYOR_u10m,0,1,26,22
CITRt2m;DADK3,0,1,26,22
CITRt2m;DHFR,0,1,26,22
CITRt2m;DHFRm,0,1,26,22
CITRt2m;DHFtm,0,1,26,22
CITRt2m;DHPR,0,1,26,22
CITRt2m;DKMPPD1,0,1,26,22
CITRt2m;DKMPPD3,0,1,26,22
CITRt2m;DLD,0,1,26,22
CITRt2m;DRPA,0,1,26,22
CITRt2m;FBA,1,0,25,23
CITRt2m;FCLTm,2,4,24,19
CITRt2m;FE2tm,5,4,21,19
CITRt2m;FE3tm,2,0,24,23
CITRt2m;FECR,2,0,24,23
CITRt2m;FERO,1,0,25,23
CITRt2m;FORt2m,0,1,26,22
CITRt2m;FTHFLm,0,1,26,22
CITRt2m;FTMTm,2,0,24,23
CITRt2m;FUMm,0,1,26,22
CITRt2m;G6Pt6er,0,1,26,22
CITRt2m;G6Pter,0,1,26,22
CITRt2m;GALU,2,3,24,20
CITRt2m;GLNS,0,1,26,22
CITRt2m;GLUDym,0,1,26,22
CITRt2m;GLUt2m,0,1,26,22
CITRt2m;GTHP,0,1,26,22
CITRt2m;GTPGDPtm,1,2,25,21
CITRt2m;GUAD,0,1,26,22
CITRt2m;H2O2t,0,1,26,22
CITRt2m;H2Otm,0,1,26,22
CITRt2m;HCO3E,4,4,22,19
CITRt2m;HCO3Ee,2,0,24,23
CITRt2m;HMBS,2,4,24,19
CITRt2m;HOXG,2,4,24,19
CITRt2m;HPROxm,0,1,26,22
CITRt2m;HPROym,0,1,26,22
CITRt2m;Htr,0,1,26,22
CITRt2m;LDH_L,0,1,26,22
CITRt2m;MAL_Lte,0,1,26,22
CITRt2m;MDRPD,0,1,26,22
CITRt2m;METAT,0,1,26,22
CITRt2m;MTAP,0,1,26,22
CITRt2m;MTRI,0,1,26,22
CITRt2m;NDP7er,2,4,24,19
CITRt2m;NH4tm,0,1,26,22
CITRt2m;NTD6,0,1,26,22
CITRt2m;NTD9,0,1,26,22
CITRt2m;ORNDC,0,1,26,22
CITRt2m;PFK,1,0,25,23
CITRt2m;PGAM1_PhosHydro,0,1,26,22
CITRt2m;PGCD,0,1,26,22
CITRt2m;PGI,1,0,25,23
CITRt2m;PGMT,2,3,24,20
CITRt2m;PHEMEtabc,0,1,26,22
CITRt2m;PHEMEtm,2,3,24,20
CITRt2m;PIGTHRDLtm,2,0,24,23
CITRt2m;PIMALtm,0,3,26,20
CITRt2m;PIt2r,0,1,26,22
CITRt2m;PPBNGS,2,4,24,19
CITRt2m;PPM2,0,1,26,22
CITRt2m;PPPG9tm,2,4,24,19
CITRt2m;PPPGOm,2,4,24,19
CITRt2m;PROAKGOX1m,2,3,24,20
CITRt2m;PROtm,2,2,24,21
CITRt2m;PSERT,0,1,26,22
CITRt2m;PSP_L,0,1,26,22
CITRt2m;PTCRTD,1,0,25,23
CITRt2m;PTRCOR,1,0,25,23
CITRt2m;PTRCtm,2,0,24,23
CITRt2m;PUNP2,0,1,26,22
CITRt2m;PUNP3,0,1,26,22
CITRt2m;PYK,0,1,26,22
CITRt2m;RND213,0,1,26,22
CITRt2m;RPI,0,1,26,22
CITRt2m;SERt4,0,1,26,22
CITRt2m;SO3AKGtm,0,1,26,22
CITRt2m;SO3MALtm,0,1,26,22
CITRt2m;SO4AKGtm,0,2,26,21
CITRt2m;SO4MALtm,0,2,26,21
CITRt2m;SPMS,0,1,26,22
CITRt2m;SPRMS,0,1,26,22
CITRt2m;SUCCACONtm,0,1,26,22
CITRt2m;SUCOAS1m,2,2,24,21
CITRt2m;SUCOASm,0,1,26,22
CITRt2m;THFtm,0,1,26,22
CITRt2m;TXA2tr,0,3,26,20
CITRt2m;TXB2c,0,3,26,20
CITRt2m;TXB2r,0,3,26,20
CITRt2m;TXB2tr,0,3,26,20
CITRt2m;TYROX,0,1,26,22
CITRt2m;UDPGD,2,4,24,19
CITRt2m;UDPGLCAter,2,4,24,19
CITRt2m;UGT1A2r,0,1,26,22
CITRt2m;UNK3,0,1,26,22
CITRt2m;UPP3S,2,4,24,19
CITRt2m;UPPDC1,2,4,24,19
CITRt2m;URATEt,0,1,26,22
CITRt2m;UREAt,1,1,25,22
CITRt2m;UREAtm,2,0,24,23
CITRt2m;XAND,0,1,26,22
CITRte;CK,2,0,24,23
CITRte;CO2tm,1,1,25,22
CITRte;COQ3m,1,0,25,23
CITRte;COQ5m,1,0,25,23
CITRte;COQ6m,1,0,25,23
CITRte;COQ7m,1,0,25,23
CITRte;COUCOAFm,1,0,25,23
CITRte;COt,1,0,25,23
CITRte;CPPPGO,1,0,25,23
CITRte;CREATtmdiffir,2,0,24,23
CITRte;CRTNsyn,2,0,24,23
CITRte;CRTNte,2,0,24,23
CITRte;DECDPtm,1,0,25,23
CITRte;DHDPBMTm,1,0,25,23
CITRte;DHPRy,1,0,25,23
CITRte;DOPABMO,1,0,25,23
CITRte;DPHMBDCm,1,0,25,23
CITRte;DPPS,1,0,25,23
CITRte;FCLTm,1,0,25,23
CITRte;FE2tm,1,0,25,23
CITRte;FRDPtc,1,0,25,23
CITRte;GACMTRc,2,0,24,23
CITRte;GALU,1,0,25,23
CITRte;GLYAMDTRc,2,0,24,23
CITRte;GLYC3Ptmc,1,0,25,23
CITRte;GLYCtm,1,0,25,23
CITRte;GLYKm,1,0,25,23
CITRte;GPCCPDE,1,0,25,23
CITRte;GTHDH,1,0,25,23
CITRte;GTPGDPtm,2,0,24,23
CITRte;HBZOPT10m,1,0,25,23
CITRte;HCO3E,1,0,25,23
CITRte;HCO3Ee,1,0,25,23
CITRte;HMBS,1,0,25,23
CITRte;HOXG,1,0,25,23
CITRte;ICDHxrm,1,0,25,23
CITRte;IDHPOXOX2b,1,0,25,23
CITRte;IDHPOXOX3,1,0,25,23
CITRte;IDHPOXOXb,1,0,25,23
CITRte;It,1,0,25,23
CITRte;KCC2t,2,1,24,22
CITRte;LDH_L,0,1,26,22
CITRte;LHCYSTIN,3,0,23,23
CITRte;LHCYSTINt,3,0,23,23
CITRte;LPASE,1,0,25,23
CITRte;MAL_Lte,1,0,25,23
CITRte;MDHm,1,0,25,23
CITRte;METAT,3,0,23,23
CITRte;NAt5,2,1,24,22
CITRte;NDP7er,1,0,25,23
CITRte;NH4t3r,1,1,25,22
CITRte;NH4tm,1,1,25,22
CITRte;NKCC2t,0,1,26,22
CITRte;ORNDC,4,0,22,23
CITRte;PCREATtmdiffir,2,0,24,23
CITRte;PGMT,1,0,25,23
CITRte;PHEMEtm,1,0,25,23
CITRte;PHETA1,1,0,25,23
CITRte;PHETA1m,1,0,25,23
CITRte;PHEt4m,1,0,25,23
CITRte;PHPYRtm,1,0,25,23
CITRte;PIGTHRDLtm,1,0,25,23
CITRte;PIt2m_2,6,1,20,22
CITRte;PPBNGS,1,0,25,23
CITRte;PPItm,5,0,21,23
CITRte;PPPG9tm,1,0,25,23
CITRte;PPPGOm,1,0,25,23
CITRte;PROGLUtm,1,0,25,23
CITRte;PROtm,1,0,25,23
CITRte;PUNP1,1,0,25,23
CITRte;Q10H2e,1,0,25,23
CITRte;R_group_phosphotase_1,1,0,25,23
CITRte;SADT,1,0,25,23
CITRte;SSALym,1,0,25,23
CITRte;SUCOAS1m,1,0,25,23
CITRte;T4HCINNMFM,1,0,25,23
CITRte;THBPT4ACAMDASE,1,0,25,23
CITRte;THYPX,1,0,25,23
CITRte;TRIODTHYSUFt,1,0,25,23
CITRte;TYR3MO2,1,0,25,23
CITRte;TYRTAm,1,0,25,23
CITRte;TYRtl,1,0,25,23
CITRte;UDPGD,1,0,25,23
CITRte;UPP3S,1,0,25,23
CITRte;UPPDC1,1,0,25,23
CITRte;q10h2tc,1,0,25,23
CITRtm;CO2tm,3,5,23,18
CITRtm;COt,2,2,24,21
CITRtm;CPPPGO,2,2,24,21
CITRtm;CYOOm2,0,1,26,22
CITRtm;CYOR_u10m,0,1,26,22
CITRtm;DKMPPD1,0,1,26,22
CITRtm;DKMPPD3,0,1,26,22
CITRtm;FBA,1,0,25,23
CITRtm;FCLTm,2,2,24,21
CITRtm;FE2tm,5,2,21,21
CITRtm;FE3tm,2,0,24,23
CITRtm;FECR,2,0,24,23
CITRtm;FERO,1,0,25,23
CITRtm;FORt2m,0,1,26,22
CITRtm;FTHFLm,0,1,26,22
CITRtm;FTMTm,2,0,24,23
CITRtm;GALU,2,1,24,22
CITRtm;GTPGDPtm,1,1,25,22
CITRtm;GUAD,0,1,26,22
CITRtm;H2Otm,0,1,26,22
CITRtm;HCO3E,3,4,23,19
CITRtm;HCO3Ee,2,0,24,23
CITRtm;HMBS,2,2,24,21
CITRtm;HOXG,2,2,24,21
CITRtm;Htr,0,1,26,22
CITRtm;LDH_L,0,1,26,22
CITRtm;MAL_Lte,0,1,26,22
CITRtm;MDRPD,0,1,26,22
CITRtm;METAT,0,1,26,22
CITRtm;MTAP,0,1,26,22
CITRtm;MTRI,0,1,26,22
CITRtm;NDP7er,2,2,24,21
CITRtm;NH4tm,0,1,26,22
CITRtm;NTD9,0,1,26,22
CITRtm;ORNDC,0,1,26,22
CITRtm;PFK,1,0,25,23
CITRtm;PGCD,0,1,26,22
CITRtm;PGI,1,0,25,23
CITRtm;PGMT,2,1,24,22
CITRtm;PHEMEtm,2,2,24,21
CITRtm;PIGTHRDLtm,2,0,24,23
CITRtm;PIMALtm,0,2,26,21
CITRtm;PIt2m_2,0,1,26,22
CITRtm;PIt2r,0,1,26,22
CITRtm;PPBNGS,2,2,24,21
CITRtm;PPPG9tm,2,2,24,21
CITRtm;PPPGOm,2,2,24,21
CITRtm;PROAKGOX1m,2,2,24,21
CITRtm;PROtm,2,2,24,21
CITRtm;PSERT,0,1,26,22
CITRtm;PSP_L,0,1,26,22
CITRtm;PTCRTD,1,0,25,23
CITRtm;PTRCOR,1,0,25,23
CITRtm;PTRCtm,2,0,24,23
CITRtm;PUNP3,0,1,26,22
CITRtm;PYK,0,1,26,22
CITRtm;RND213,0,1,26,22
CITRtm;RPI,0,1,26,22
CITRtm;SO3AKGtm,0,1,26,22
CITRtm;SO3MALtm,0,1,26,22
CITRtm;SO4AKGtm,0,1,26,22
CITRtm;SO4MALtm,0,1,26,22
CITRtm;SPMS,0,1,26,22
CITRtm;SPRMS,0,1,26,22
CITRtm;SUCCACONtm,0,1,26,22
CITRtm;SUCOAS1m,2,1,24,22
CITRtm;SUCOASm,0,1,26,22
CITRtm;TXA2tr,0,2,26,21
CITRtm;TXB2c,0,2,26,21
CITRtm;TXB2r,0,2,26,21
CITRtm;TXB2tr,0,2,26,21
CITRtm;UDPGD,2,2,24,21
CITRtm;UDPGLCAter,2,2,24,21
CITRtm;UNK3,0,1,26,22
CITRtm;UPP3S,2,2,24,21
CITRtm;UPPDC1,2,2,24,21
CITRtm;URATEt,0,1,26,22
CITRtm;UREAt,1,1,25,22
CITRtm;UREAtm,2,0,24,23
CITRtm;XAND,0,1,26,22
CITSUCCtm;COt,0,1,26,22
CITSUCCtm;CPPPGO,0,1,26,22
CITSUCCtm;DKMPPD1,0,1,26,22
CITSUCCtm;DKMPPD3,0,1,26,22
CITSUCCtm;DLD,0,1,26,22
CITSUCCtm;FADDPle,0,1,26,22
CITSUCCtm;FADte,0,1,26,22
CITSUCCtm;FCLTm,0,1,26,22
CITSUCCtm;FE2tm,0,1,26,22
CITSUCCtm;FMNALKPle,0,1,26,22
CITSUCCtm;FMNAT,0,1,26,22
CITSUCCtm;FORt2m,0,1,26,22
CITSUCCtm;FTHFLm,0,1,26,22
CITSUCCtm;GALU,0,1,26,22
CITSUCCtm;GLUt2m,0,1,26,22
CITSUCCtm;GLYt4,0,2,26,21
CITSUCCtm;H2O2syn,0,1,26,22
CITSUCCtm;HCO3E,0,3,26,20
CITSUCCtm;HEX1,0,1,26,22
CITSUCCtm;HMBS,0,1,26,22
CITSUCCtm;HOXG,0,1,26,22
CITSUCCtm;Htr,1,1,25,22
CITSUCCtm;ICDHxrm,0,1,26,22
CITSUCCtm;MDRPD,0,1,26,22
CITSUCCtm;METAT,0,1,26,22
CITSUCCtm;MTAP,0,1,26,22
CITSUCCtm;MTRI,0,1,26,22
CITSUCCtm;NDP7er,0,1,26,22
CITSUCCtm;OXALSUCCCLm,0,1,26,22
CITSUCCtm;P45011A1m,0,1,26,22
CITSUCCtm;PGMT,0,1,26,22
CITSUCCtm;PHEMEtm,0,1,26,22
CITSUCCtm;PIMALtm,0,1,26,22
CITSUCCtm;PPBNGS,0,1,26,22
CITSUCCtm;PPPG9tm,0,1,26,22
CITSUCCtm;PPPGOm,0,1,26,22
CITSUCCtm;PRGNLONEtm,0,1,26,22
CITSUCCtm;RBFK,0,1,26,22
CITSUCCtm;RIBFLVt6,0,1,26,22
CITSUCCtm;SMOX,0,1,26,22
CITSUCCtm;SO4AKGtm,0,1,26,22
CITSUCCtm;SO4MALtm,0,1,26,22
CITSUCCtm;SPRMS,0,1,26,22
CITSUCCtm;THFtm,0,1,26,22
CITSUCCtm;TXA2tr,1,0,25,23
CITSUCCtm;TXB2c,1,0,25,23
CITSUCCtm;TXB2r,1,0,25,23
CITSUCCtm;TXB2tr,1,0,25,23
CITSUCCtm;UDPGD,0,1,26,22
CITSUCCtm;UDPGLCAter,0,1,26,22
CITSUCCtm;UNK3,0,1,26,22
CITSUCCtm;UPP3S,0,1,26,22
CITSUCCtm;UPPDC1,0,1,26,22
CITt4_3;HCO3E,1,0,25,23
CITtam;CYSDDS,1,0,25,23
CITtam;ECOAH1m,1,0,25,23
CITtam;H2Stm,1,0,25,23
CITtam;HACD1m,1,0,25,23
CITtam;MALTSULtm,1,0,25,23
CITtam;MAL_Lte,1,1,25,22
CITtam;PPItm,1,0,25,23
CITtam;PRSDO,1,0,25,23
CITtam;SQOR2m,1,0,25,23
CITtam;SQORm,1,0,25,23
CITtam;SUCCICITtm,1,0,25,23
CITtam;TSCTS,1,0,25,23
CITtam;TSULt4_3,1,0,25,23
CITtbm;PEPCKm,1,0,25,23
CITtbm;THRA,1,0,25,23
CK;COQ3m,1,0,25,23
CK;COQ5m,1,0,25,23
CK;COQ6m,1,0,25,23
CK;COQ7m,1,0,25,23
CK;COUCOAFm,1,0,25,23
CK;DECDPtm,1,0,25,23
CK;DHDPBMTm,1,0,25,23
CK;DPHMBDCm,1,0,25,23
CK;DPPS,1,0,25,23
CK;FRDPtc,1,0,25,23
CK;G5SADr,1,0,25,23
CK;G5SDym,1,0,25,23
CK;GLU5Km,1,0,25,23
CK;GLU5SAtmc,1,0,25,23
CK;GLUt2m,2,0,24,23
CK;HBZOPT10m,1,0,25,23
CK;HCO3E,1,0,25,23
CK;HCO3tm,2,0,24,23
CK;LHCYSTIN,1,0,25,23
CK;LHCYSTINt,1,0,25,23
CK;METAT,1,0,25,23
CK;NH4tm,2,0,24,23
CK;OCBTm,2,0,24,23
CK;ORNTArm,2,0,24,23
CK;PIGTHRDLtm,1,0,25,23
CK;PIt2m_2,3,0,23,23
CK;PPItm,2,0,24,23
CK;PRO1x,1,0,25,23
CK;PROGLUtm,1,0,25,23
CK;PROtm,1,0,25,23
CK;PUNP1,1,0,25,23
CK;Q10H2e,1,0,25,23
CK;T4HCINNMFM,1,0,25,23
CK;TYRTAm,1,0,25,23
CK;TYRtl,1,0,25,23
CK;UREAt,1,0,25,23
CK;q10h2tc,1,0,25,23
CLCFTRte;FORt2m,0,1,26,22
CLCFTRte;FTHFLm,0,1,26,22
CLCFTRte;GTHO,0,1,26,22
CLCFTRte;GTHP,0,1,26,22
CLCFTRte;NAHCO3_HCLt,2,0,24,23
CLCFTRte;NKCC2t,0,2,26,21
CLCFTRte;O2t,0,1,26,22
CLFORtex;DHFR3m,0,1,26,22
CLFORtex;DHFRm,0,1,26,22
CLFORtex;FOLt2,0,1,26,22
CLFORtex;FOLtm,0,1,26,22
CLFORtex;FORLACte,0,1,26,22
CLFORtex;FORt2m,0,6,26,17
CLFORtex;FTHFLm,0,6,26,17
CLFORtex;GLUPROASCT1,1,0,25,23
CLFORtex;L_LACt2r,0,1,26,22
CLFORtex;PIt2m_2,1,0,25,23
CLFORtex;PPA,1,0,25,23
CLFORtex;THFt2,0,1,26,22
CLFORtex;TXA2tr,1,0,25,23
CLFORtex;TXB2c,1,0,25,23
CLFORtex;TXB2r,1,0,25,23
CLFORtex;TXB2tr,1,0,25,23
CLHCO3tex2;CLOXAtex2,1,1,25,22
CLHCO3tex2;OXAHCOtex,1,1,25,22
CLOHtex2;FOLt2,1,0,25,23
CLOXAtex2;GLYSNAT5tc,0,1,26,22
CMPACNAtg;CO2tg,1,0,25,23
CMPACNAtg;DOLMANP_ter,1,0,25,23
CMPACNAtg;DOLPMT,1,0,25,23
CMPACNAtg;DOLPOMTr,1,0,25,23
CMPACNAtg;DOLP_ter,1,0,25,23
CMPACNAtg;GALU,1,0,25,23
CMPACNAtg;LARGEg,1,0,25,23
CMPACNAtg;L_LACt2r,0,1,26,22
CMPACNAtg;MAN1PT1,1,0,25,23
CMPACNAtg;MAN1PT2,1,0,25,23
CMPACNAtg;MAN6PI,2,0,24,23
CMPACNAtg;NDP7er,1,0,25,23
CMPACNAtg;NDPK3,1,0,25,23
CMPACNAtg;PCOREM3terg,1,0,25,23
CMPACNAtg;PGI,1,0,25,23
CMPACNAtg;PGMT,1,0,25,23
CMPACNAtg;PMANM,2,0,24,23
CMPACNAtg;POCDPRBTLT2g,1,0,25,23
CMPACNAtg;POCDPRBTLTg,1,0,25,23
CMPACNAtg;POGLCNACTg,1,0,25,23
CMPACNAtg;POMGNGALNTr,1,0,25,23
CMPACNAtg;POMGNTr,1,0,25,23
CMPACNAtg;POMKr,1,0,25,23
CMPACNAtg;POXYLTg,1,0,25,23
CMPACNAtg;RBT5PCYTr,1,0,25,23
CMPACNAtg;RBT5PDH,1,0,25,23
CMPACNAtg;RPE,1,0,25,23
CMPACNAtg;RPI,1,0,25,23
CMPACNAtg;R_group_phosphotase_1,0,1,26,22
CMPACNAtg;TALA,1,0,25,23
CMPACNAtg;TKT1,1,0,25,23
CMPACNAtg;TKT2,1,0,25,23
CMPACNAtg;UACGAMUMPtr,1,0,25,23
CMPACNAtg;UAG4E,1,0,25,23
CMPACNAtg;UDPGD,1,0,25,23
CMPACNAtg;UDPGLCAtg,1,0,25,23
CMPACNAtg;UDPGLDCg,1,0,25,23
CMPACNAtg;UGALNACter,1,0,25,23
CMPACNAtg;UGLCNACtg,2,0,24,23
CMPSAS;CO2tg,1,0,25,23
CMPSAS;DOLMANP_ter,1,0,25,23
CMPSAS;DOLPMT,1,0,25,23
CMPSAS;DOLPOMTr,1,0,25,23
CMPSAS;DOLP_ter,1,0,25,23
CMPSAS;GALU,1,0,25,23
CMPSAS;LARGEg,1,0,25,23
CMPSAS;L_LACt2r,0,1,26,22
CMPSAS;MAN1PT1,1,0,25,23
CMPSAS;MAN1PT2,1,0,25,23
CMPSAS;MAN6PI,2,0,24,23
CMPSAS;NDP7er,1,0,25,23
CMPSAS;NDPK3,1,0,25,23
CMPSAS;PCOREM3terg,1,0,25,23
CMPSAS;PGI,1,0,25,23
CMPSAS;PGMT,1,0,25,23
CMPSAS;PMANM,2,0,24,23
CMPSAS;POCDPRBTLT2g,1,0,25,23
CMPSAS;POCDPRBTLTg,1,0,25,23
CMPSAS;POGLCNACTg,1,0,25,23
CMPSAS;POMGNGALNTr,1,0,25,23
CMPSAS;POMGNTr,1,0,25,23
CMPSAS;POMKr,1,0,25,23
CMPSAS;POXYLTg,1,0,25,23
CMPSAS;RBT5PCYTr,1,0,25,23
CMPSAS;RBT5PDH,1,0,25,23
CMPSAS;RPE,1,0,25,23
CMPSAS;RPI,1,0,25,23
CMPSAS;R_group_phosphotase_1,0,1,26,22
CMPSAS;TALA,1,0,25,23
CMPSAS;TKT1,1,0,25,23
CMPSAS;TKT2,1,0,25,23
CMPSAS;UACGAMUMPtr,1,0,25,23
CMPSAS;UAG4E,1,0,25,23
CMPSAS;UDPGD,1,0,25,23
CMPSAS;UDPGLCAtg,1,0,25,23
CMPSAS;UDPGLDCg,1,0,25,23
CMPSAS;UGALNACter,1,0,25,23
CMPSAS;UGLCNACtg,2,0,24,23
CO2t;GLYt2r,0,1,26,22
CO2t;H2Ot,0,1,26,22
CO2t;HCO3E,3,4,23,19
CO2t;LDH_L,0,1,26,22
CO2t;NTD10,0,1,26,22
CO2t;PUNP7,0,1,26,22
CO2t;PYRAKGte,0,1,26,22
CO2t;PYRt4_2,0,1,26,22
CO2t;TYROX,0,1,26,22
CO2t;TYRTA,0,1,26,22
CO2t;URATEt,0,1,26,22
CO2t;XAND,0,1,26,22
CO2tg;CYTK1,3,2,23,21
CO2tg;CYTK3,8,1,18,22
CO2tg;CYTK8,2,2,24,21
CO2tg;ENO,1,0,25,23
CO2tg;GAPD,1,0,25,23
CO2tg;NADPHtru,1,0,25,23
CO2tg;NADPtru,1,0,25,23
CO2tg;PGK,1,0,25,23
CO2tg;PGM,1,0,25,23
CO2tg;PYK,0,1,26,22
CO2tg;R5Ptr,3,0,23,23
CO2tg;RPI,13,13,13,10
CO2tg;RPIr,3,0,23,23
CO2tg;RU5Ptr,3,0,23,23
CO2tg;UAG2EMAi,1,0,25,23
CO2tg;UDPG4E,1,0,25,23
CO2tg;UDPGALtg,1,0,25,23
CO2tm;ACITLn,2,0,24,23
CO2tm;ADPtn,2,0,24,23
CO2tm;CITtn,2,0,24,23
CO2tm;CYSDDS,1,0,25,23
CO2tm;DASCBR,0,2,26,21
CO2tm;DHFR,2,0,24,23
CO2tm;DHFRm,1,0,25,23
CO2tm;DHFtm,2,1,24,22
CO2tm;DHPR,0,1,26,22
CO2tm;DOPABMO,0,2,26,21
CO2tm;ENO,2,0,24,23
CO2tm;ETHP,0,1,26,22
CO2tm;FBA,1,0,25,23
CO2tm;FOLR2,1,0,25,23
CO2tm;FOLt2,1,0,25,23
CO2tm;FUM,0,1,26,22
CO2tm;G5SDym,0,1,26,22
CO2tm;G6PDH2r,1,0,25,23
CO2tm;GAPD,2,0,24,23
CO2tm;GLU5Km,0,1,26,22
CO2tm;GLUDym,0,1,26,22
CO2tm;GLUPROASCT1,1,0,25,23
CO2tm;GND,1,0,25,23
CO2tm;H2Otg,0,1,26,22
CO2tm;H2Otm,1,0,25,23
CO2tm;H2Stm,1,0,25,23
CO2tm;HCO3E,4,3,22,20
CO2tm;HCO3Ee,2,1,24,22
CO2tm;HCO3Em,1,4,25,19
CO2tm;HCO3tm,0,4,26,19
CO2tm;HEX12,1,0,25,23
CO2tm;Htg,0,1,26,22
CO2tm;ICDHxrm,3,0,23,23
CO2tm;ICDHyrm,1,0,25,23
CO2tm;MALTSULtm,1,0,25,23
CO2tm;MAL_Lte,2,1,24,22
CO2tm;MDH,1,0,25,23
CO2tm;MDHm,3,0,23,23
CO2tm;NADH2_u10m,0,1,26,22
CO2tm;NDP7g,0,1,26,22
CO2tm;NH4tm,1,2,25,21
CO2tm;NORANMT,0,2,26,21
CO2tm;OAAtn,2,0,24,23
CO2tm;OCBTm,1,1,25,22
CO2tm;ORNTArm,0,1,26,22
CO2tm;OXALSUCCCLm,3,1,23,22
CO2tm;PEFLIPm,0,1,26,22
CO2tm;PEMET1,0,3,26,20
CO2tm;PEMET2,0,3,26,20
CO2tm;PEPCK,0,1,26,22
CO2tm;PFK,1,0,25,23
CO2tm;PGAM1_PhosHydro,0,1,26,22
CO2tm;PGI,1,1,25,22
CO2tm;PGK,2,0,24,23
CO2tm;PGL,1,0,25,23
CO2tm;PGM,2,0,24,23
CO2tm;PIGTHRDLtm,0,1,26,22
CO2tm;PItg,0,1,26,22
CO2tm;PRSDO,1,0,25,23
CO2tm;PSSA2_hs,0,1,26,22
CO2tm;RPE,1,0,25,23
CO2tm;RPI,1,0,25,23
CO2tm;SERt4,0,1,26,22
CO2tm;SQOR2m,1,0,25,23
CO2tm;SQORm,1,0,25,23
CO2tm;SUCCICITtm,1,0,25,23
CO2tm;SUCCt4_2,1,0,25,23
CO2tm;SUCOAS1m,0,1,26,22
CO2tm;TALA,1,0,25,23
CO2tm;THBPT4ACAMDASE,0,1,26,22
CO2tm;THFt2,1,0,25,23
CO2tm;THFtm,2,1,24,22
CO2tm;TKT1,1,0,25,23
CO2tm;TKT2,1,0,25,23
CO2tm;TSCTS,1,0,25,23
CO2tm;TSULt4_3,1,0,25,23
CO2tm;TXA2tr,0,1,26,22
CO2tm;TXB2c,0,1,26,22
CO2tm;TXB2r,0,1,26,22
CO2tm;TXB2tr,0,1,26,22
CO2tm;TYR3MO2,0,1,26,22
CO2tm;TYRDOPO,0,1,26,22
CO2tm;TYROX,0,1,26,22
CO2tm;TYRTA,0,1,26,22
CO2tn;PIt2m_2,0,1,26,22
CO2tn;PPAm,0,1,26,22
CO2tn;PSDm_hs,1,1,25,22
CO2tn;PSFLIPm,1,1,25,22
CO2tn;SERTm,0,1,26,22
CO2tn;THRA,1,0,25,23
COAtm;ARTFR13,0,1,26,22
COAtm;ARTFR52,5,0,21,23
COAtm;COt,0,1,26,22
COAtm;CPPPGO,0,1,26,22
COAtm;CYOOm2,1,0,25,23
COAtm;CYOR_u10m,1,0,25,23
COAtm;CYSTGL,0,1,26,22
COAtm;CYSTS,0,1,26,22
COAtm;DPCOAK,0,1,26,22
COAtm;ESTRADIOLtr,1,0,25,23
COAtm;ESTRONEtr,1,0,25,23
COAtm;FA140ACPH,0,1,26,22
COAtm;FACOAL140i,0,1,26,22
COAtm;FAE180,5,0,21,23
COAtm;FAE200,5,0,21,23
COAtm;FAE220,5,0,21,23
COAtm;FAE240,5,0,21,23
COAtm;FAE260,5,0,21,23
COAtm;FCLTm,0,1,26,22
COAtm;FE2tm,0,1,26,22
COAtm;GALU,0,1,26,22
COAtm;HACD180,5,0,21,23
COAtm;HACD200,5,0,21,23
COAtm;HACD220,5,0,21,23
COAtm;HACD240,5,0,21,23
COAtm;HACD260,5,0,21,23
COAtm;HCO3tm,0,1,26,22
COAtm;HEXCCOAtr,5,0,21,23
COAtm;HMBS,0,1,26,22
COAtm;HMGCOASi,6,0,20,23
COAtm;HOXG,0,1,26,22
COAtm;HSD17B1,1,0,25,23
COAtm;HSD17B8r,1,0,25,23
COAtm;HSD180,5,0,21,23
COAtm;HSD200,5,0,21,23
COAtm;HSD220,5,0,21,23
COAtm;HSD240,5,0,21,23
COAtm;HSD260,5,0,21,23
COAtm;LPS4e,0,1,26,22
COAtm;METAT,0,1,26,22
COAtm;MMCH,0,1,26,22
COAtm;MMMm,0,1,26,22
COAtm;MMSDHm,0,1,26,22
COAtm;MMTSADm,0,1,26,22
COAtm;NDP7er,0,1,26,22
COAtm;OBDHc,0,2,26,21
COAtm;PGLYCt,0,1,26,22
COAtm;PGMT,0,1,26,22
COAtm;PHEMEtabc,0,1,26,22
COAtm;PNTK,0,1,26,22
COAtm;PNTOt1,0,1,26,22
COAtm;PPBNGS,0,1,26,22
COAtm;PPCDC,0,1,26,22
COAtm;PPCOACRNtm,0,1,26,22
COAtm;PPCOACm,0,1,26,22
COAtm;PPIOGLYc,0,1,26,22
COAtm;PPIOGLYte,0,1,26,22
COAtm;PPIOGLYtm,0,1,26,22
COAtm;PPNCL2,0,1,26,22
COAtm;PPPG9tm,0,1,26,22
COAtm;PPPGOm,0,1,26,22
COAtm;PTPAT,0,1,26,22
COAtm;PUNP1,0,1,26,22
COAtm;RTOT1,0,1,26,22
COAtm;RTOT5,5,0,21,23
COAtm;RTOTALFATPc,0,1,26,22
COAtm;TECR180,5,0,21,23
COAtm;TECR200,5,0,21,23
COAtm;TECR220,5,0,21,23
COAtm;TECR240,5,0,21,23
COAtm;TECR260,5,0,21,23
COAtm;THRD_L,0,1,26,22
COAtm;UDPGD,0,1,26,22
COAtm;UDPGLCAter,0,1,26,22
COAtm;UPP3S,0,1,26,22
COAtm;UPPDC1,0,1,26,22
COAtp;ARTFR41,0,1,26,22
COAtp;ARTFR52,2,0,24,23
COAtp;COAtr,0,1,26,22
COAtp;DESAT16_1,0,1,26,22
COAtp;FAE200,2,0,24,23
COAtp;FAE220,2,0,24,23
COAtp;FAE240,2,0,24,23
COAtp;FAE260,2,0,24,23
COAtp;HACD200,2,0,24,23
COAtp;HACD220,2,0,24,23
COAtp;HACD240,2,0,24,23
COAtp;HACD260,2,0,24,23
COAtp;HEXCCOAtr,2,0,24,23
COAtp;HSD200,2,0,24,23
COAtp;HSD220,2,0,24,23
COAtp;HSD240,2,0,24,23
COAtp;HSD260,2,0,24,23
COAtp;PLMCOAPTr,0,1,26,22
COAtp;PMTCOAFABP1tc,0,1,26,22
COAtp;RTOT4,0,1,26,22
COAtp;TECR200,2,0,24,23
COAtp;TECR220,2,0,24,23
COAtp;TECR240,2,0,24,23
COAtp;TECR260,2,0,24,23
COAtp;TRDR,0,3,26,20
COAtr;ARTFR52,0,1,26,22
COAtr;CRNCARtp,0,1,26,22
COAtr;CSNATm,0,1,26,22
COAtr;CSNATp,0,1,26,22
COAtr;CSNATr,0,2,26,21
COAtr;DHCRD1,0,1,26,22
COAtr;DPCOAK,0,1,26,22
COAtr;FAE200,0,1,26,22
COAtr;FAE220,0,1,26,22
COAtr;FAE240,0,1,26,22
COAtr;FAE260,0,1,26,22
COAtr;GTHP,0,1,26,22
COAtr;H2O2tp,0,1,26,22
COAtr;H2Otp,0,1,26,22
COAtr;HACD200,0,1,26,22
COAtr;HACD220,0,1,26,22
COAtr;HACD240,0,1,26,22
COAtr;HACD260,0,1,26,22
COAtr;HEXCCOAtr,0,1,26,22
COAtr;HSD200,0,1,26,22
COAtr;HSD220,0,1,26,22
COAtr;HSD240,0,1,26,22
COAtr;HSD260,0,1,26,22
COAtr;MALCOAMT,0,1,26,22
COAtr;MALCOAMTr,0,1,26,22
COAtr;O2tp,0,1,26,22
COAtr;PMTCOAFABP1tc,2,1,24,22
COAtr;PNTK,0,1,26,22
COAtr;PNTOt1,0,1,26,22
COAtr;PPCDC,0,1,26,22
COAtr;PPNCL2,0,1,26,22
COAtr;PTPAT,0,1,26,22
COAtr;RTOT5,0,1,26,22
COAtr;TECR200,0,1,26,22
COAtr;TECR220,0,1,26,22
COAtr;TECR240,0,1,26,22
COAtr;TECR260,0,1,26,22
COAtr;TRDR,0,1,26,22
COQ3m;CREATtmdiffir,1,0,25,23
COQ3m;CRTNsyn,1,0,25,23
COQ3m;CRTNte,1,0,25,23
COQ3m;CYOOm2,1,5,25,18
COQ3m;CYOOm3,1,0,25,23
COQ3m;CYOR_u10m,2,5,24,18
COQ3m;GACMTRc,1,0,25,23
COQ3m;GLYAMDTRc,1,0,25,23
COQ3m;HCO3tm,1,0,25,23
COQ3m;NH4tm,1,0,25,23
COQ3m;O2Stm,1,0,25,23
COQ3m;OCBTm,1,0,25,23
COQ3m;ORNt4m,1,0,25,23
COQ3m;PCREATtmdiffir,1,0,25,23
COQ5m;CREATtmdiffir,1,0,25,23
COQ5m;CRTNsyn,1,0,25,23
COQ5m;CRTNte,1,0,25,23
COQ5m;CYOOm2,1,5,25,18
COQ5m;CYOOm3,1,0,25,23
COQ5m;CYOR_u10m,2,5,24,18
COQ5m;GACMTRc,1,0,25,23
COQ5m;GLYAMDTRc,1,0,25,23
COQ5m;HCO3tm,1,0,25,23
COQ5m;NH4tm,1,0,25,23
COQ5m;O2Stm,1,0,25,23
COQ5m;OCBTm,1,0,25,23
COQ5m;ORNt4m,1,0,25,23
COQ5m;PCREATtmdiffir,1,0,25,23
COQ6m;CREATtmdiffir,1,0,25,23
COQ6m;CRTNsyn,1,0,25,23
COQ6m;CRTNte,1,0,25,23
COQ6m;CYOOm2,1,5,25,18
COQ6m;CYOOm3,1,0,25,23
COQ6m;CYOR_u10m,2,5,24,18
COQ6m;GACMTRc,1,0,25,23
COQ6m;GLYAMDTRc,1,0,25,23
COQ6m;HCO3tm,1,0,25,23
COQ6m;NH4tm,1,0,25,23
COQ6m;O2Stm,1,0,25,23
COQ6m;OCBTm,1,0,25,23
COQ6m;ORNt4m,1,0,25,23
COQ6m;PCREATtmdiffir,1,0,25,23
COQ7m;CREATtmdiffir,1,0,25,23
COQ7m;CRTNsyn,1,0,25,23
COQ7m;CRTNte,1,0,25,23
COQ7m;CYOOm2,1,5,25,18
COQ7m;CYOOm3,1,0,25,23
COQ7m;CYOR_u10m,2,5,24,18
COQ7m;GACMTRc,1,0,25,23
COQ7m;GLYAMDTRc,1,0,25,23
COQ7m;HCO3tm,1,0,25,23
COQ7m;NH4tm,1,0,25,23
COQ7m;O2Stm,1,0,25,23
COQ7m;OCBTm,1,0,25,23
COQ7m;ORNt4m,1,0,25,23
COQ7m;PCREATtmdiffir,1,0,25,23
COUCOAFm;CREATtmdiffir,1,0,25,23
COUCOAFm;CRTNsyn,1,0,25,23
COUCOAFm;CRTNte,1,0,25,23
COUCOAFm;CYOOm2,1,5,25,18
COUCOAFm;CYOOm3,1,0,25,23
COUCOAFm;CYOR_u10m,2,5,24,18
COUCOAFm;GACMTRc,1,0,25,23
COUCOAFm;GLYAMDTRc,1,0,25,23
COUCOAFm;HCO3tm,1,0,25,23
COUCOAFm;NH4tm,1,0,25,23
COUCOAFm;O2Stm,1,0,25,23
COUCOAFm;OCBTm,1,0,25,23
COUCOAFm;ORNt4m,1,0,25,23
COUCOAFm;PCREATtmdiffir,1,0,25,23
COt;CRNtim,0,1,26,22
COt;DHFR,1,0,25,23
COt;DHFtm,1,0,25,23
COt;GLUPROASCT1,0,1,26,22
COt;GTPGDPtm,0,1,26,22
COt;H2Otg,0,1,26,22
COt;HCO3tm,1,0,25,23
COt;Htg,0,1,26,22
COt;ICDHyr,0,1,26,22
COt;ICITCITtm,0,1,26,22
COt;L_LACt2r,0,1,26,22
COt;MAL_Lte,1,0,25,23
COt;MDHm,1,0,25,23
COt;NDP7g,0,1,26,22
COt;NH4tm,1,0,25,23
COt;O2tm,0,1,26,22
COt;OCBTm,1,0,25,23
COt;OROTGLUt,0,1,26,22
COt;OROTi,0,1,26,22
COt;OXALSUCCCL,0,1,26,22
COt;PEPCKm,1,0,25,23
COt;PGI,0,1,26,22
COt;PIGTHRDLtm,1,0,25,23
COt;PIMALtm,0,1,26,22
COt;PIt2m_2,0,1,26,22
COt;PItg,0,1,26,22
COt;PROGLUtm,0,1,26,22
COt;PROtm,0,1,26,22
COt;RDH1,1,0,25,23
COt;RDH1a,1,0,25,23
COt;SO3AKGtm,0,1,26,22
COt;SO3MALtm,0,1,26,22
COt;SUCCICITtm,1,0,25,23
COt;SUCCt4_2,1,0,25,23
COt;SUCOAS1m,0,2,26,21
COt;THFtm,1,0,25,23
COt;THRA,0,2,26,21
CPPPGO;CRNtim,0,1,26,22
CPPPGO;DHFR,1,0,25,23
CPPPGO;DHFtm,1,0,25,23
CPPPGO;GLUPROASCT1,0,1,26,22
CPPPGO;GTPGDPtm,0,1,26,22
CPPPGO;H2Otg,0,1,26,22
CPPPGO;HCO3tm,1,0,25,23
CPPPGO;Htg,0,1,26,22
CPPPGO;ICDHyr,0,1,26,22
CPPPGO;ICITCITtm,0,1,26,22
CPPPGO;L_LACt2r,0,1,26,22
CPPPGO;MAL_Lte,1,0,25,23
CPPPGO;MDHm,1,0,25,23
CPPPGO;NDP7g,0,1,26,22
CPPPGO;NH4tm,1,0,25,23
CPPPGO;O2tm,0,1,26,22
CPPPGO;OCBTm,1,0,25,23
CPPPGO;OROTGLUt,0,1,26,22
CPPPGO;OROTi,0,1,26,22
CPPPGO;OXALSUCCCL,0,1,26,22
CPPPGO;PEPCKm,1,0,25,23
CPPPGO;PGI,0,1,26,22
CPPPGO;PIGTHRDLtm,1,0,25,23
CPPPGO;PIMALtm,0,1,26,22
CPPPGO;PIt2m_2,0,1,26,22
CPPPGO;PItg,0,1,26,22
CPPPGO;PROGLUtm,0,1,26,22
CPPPGO;PROtm,0,1,26,22
CPPPGO;RDH1,1,0,25,23
CPPPGO;RDH1a,1,0,25,23
CPPPGO;SO3AKGtm,0,1,26,22
CPPPGO;SO3MALtm,0,1,26,22
CPPPGO;SUCCICITtm,1,0,25,23
CPPPGO;SUCCt4_2,1,0,25,23
CPPPGO;SUCOAS1m,0,2,26,21
CPPPGO;THFtm,1,0,25,23
CPPPGO;THRA,0,2,26,21
CREATtmdiffir;DECDPtm,1,0,25,23
CREATtmdiffir;DHDPBMTm,1,0,25,23
CREATtmdiffir;DPHMBDCm,1,0,25,23
CREATtmdiffir;DPPS,1,0,25,23
CREATtmdiffir;FRDPtc,1,0,25,23
CREATtmdiffir;G5SADr,1,0,25,23
CREATtmdiffir;G5SDym,1,0,25,23
CREATtmdiffir;GLU5Km,1,0,25,23
CREATtmdiffir;GLU5SAtmc,1,0,25,23
CREATtmdiffir;GLUt2m,2,0,24,23
CREATtmdiffir;HBZOPT10m,1,0,25,23
CREATtmdiffir;HCO3E,1,0,25,23
CREATtmdiffir;HCO3tm,2,0,24,23
CREATtmdiffir;LHCYSTIN,1,0,25,23
CREATtmdiffir;LHCYSTINt,1,0,25,23
CREATtmdiffir;METAT,1,0,25,23
CREATtmdiffir;NH4tm,2,0,24,23
CREATtmdiffir;OCBTm,2,0,24,23
CREATtmdiffir;ORNTArm,2,0,24,23
CREATtmdiffir;PIGTHRDLtm,1,0,25,23
CREATtmdiffir;PIt2m_2,3,0,23,23
CREATtmdiffir;PPItm,2,0,24,23
CREATtmdiffir;PRO1x,1,0,25,23
CREATtmdiffir;PROGLUtm,1,0,25,23
CREATtmdiffir;PROtm,1,0,25,23
CREATtmdiffir;PUNP1,1,0,25,23
CREATtmdiffir;Q10H2e,1,0,25,23
CREATtmdiffir;T4HCINNMFM,1,0,25,23
CREATtmdiffir;TYRTAm,1,0,25,23
CREATtmdiffir;TYRtl,1,0,25,23
CREATtmdiffir;UREAt,1,0,25,23
CREATtmdiffir;q10h2tc,1,0,25,23
CRNCARtp;ARTFR41,0,1,26,22
CRNCARtp;ARTFR52,2,0,24,23
CRNCARtp;CSNATr,1,0,25,23
CRNCARtp;DESAT16_1,0,1,26,22
CRNCARtp;FAE200,2,0,24,23
CRNCARtp;FAE220,2,0,24,23
CRNCARtp;FAE240,2,0,24,23
CRNCARtp;FAE260,2,0,24,23
CRNCARtp;HACD200,2,0,24,23
CRNCARtp;HACD220,2,0,24,23
CRNCARtp;HACD240,2,0,24,23
CRNCARtp;HACD260,2,0,24,23
CRNCARtp;HEXCCOAtr,2,0,24,23
CRNCARtp;HSD200,2,0,24,23
CRNCARtp;HSD220,2,0,24,23
CRNCARtp;HSD240,2,0,24,23
CRNCARtp;HSD260,2,0,24,23
CRNCARtp;Htr,1,0,25,23
CRNCARtp;PLMCOAPTr,0,1,26,22
CRNCARtp;PMTCOAFABP1tc,0,1,26,22
CRNCARtp;PPA,4,0,22,23
CRNCARtp;RTOT4,0,1,26,22
CRNCARtp;TECR200,2,0,24,23
CRNCARtp;TECR220,2,0,24,23
CRNCARtp;TECR240,2,0,24,23
CRNCARtp;TECR260,2,0,24,23
CRNCARtp;THRA,2,0,24,23
CRNCARtp;TRDR,0,2,26,21
CRNCARtp;TXA2tr,3,0,23,23
CRNCARtp;TXB2c,3,0,23,23
CRNCARtp;TXB2r,3,0,23,23
CRNCARtp;TXB2tr,3,0,23,23
CRNtim;DHFRm,1,0,25,23
CRNtim;DHFRx,1,0,25,23
CRNtim;ECOAH1m,4,0,22,23
CRNtim;FA40ACPH,4,0,22,23
CRNtim;FACOAL40im,4,0,22,23
CRNtim;FCLTm,0,1,26,22
CRNtim;FE2tm,0,1,26,22
CRNtim;GALU,0,1,26,22
CRNtim;GTPGDPtm,1,0,25,23
CRNtim;HACD1m,4,0,22,23
CRNtim;HCO3tm,0,1,26,22
CRNtim;HMBS,0,1,26,22
CRNtim;HOXG,0,1,26,22
CRNtim;ICDHyr,1,0,25,23
CRNtim;ITCOALm,1,0,25,23
CRNtim;MMCH,0,1,26,22
CRNtim;MMMm,0,1,26,22
CRNtim;MMSDHm,0,1,26,22
CRNtim;MMTSADm,0,1,26,22
CRNtim;NDP7er,0,1,26,22
CRNtim;OBDHc,0,1,26,22
CRNtim;OXALSUCCCL,1,0,25,23
CRNtim;PGMT,0,1,26,22
CRNtim;PHEMEtabc,0,1,26,22
CRNtim;PPBNGS,0,1,26,22
CRNtim;PPCOACRNtm,0,1,26,22
CRNtim;PPCOACm,0,1,26,22
CRNtim;PPItm,4,0,22,23
CRNtim;PPPG9tm,0,1,26,22
CRNtim;PPPGOm,0,1,26,22
CRNtim;PYRtm,1,0,25,23
CRNtim;RTOT4,1,0,25,23
CRNtim;THRD_L,0,1,26,22
CRNtim;UDPGD,0,1,26,22
CRNtim;UDPGLCAter,0,1,26,22
CRNtim;UPP3S,0,1,26,22
CRNtim;UPPDC1,0,1,26,22
CRTNsyn;DECDPtm,1,0,25,23
CRTNsyn;DHDPBMTm,1,0,25,23
CRTNsyn;DPHMBDCm,1,0,25,23
CRTNsyn;DPPS,1,0,25,23
CRTNsyn;FRDPtc,1,0,25,23
CRTNsyn;G5SADr,1,0,25,23
CRTNsyn;G5SDym,1,0,25,23
CRTNsyn;GLU5Km,1,0,25,23
CRTNsyn;GLU5SAtmc,1,0,25,23
CRTNsyn;GLUt2m,2,0,24,23
CRTNsyn;HBZOPT10m,1,0,25,23
CRTNsyn;HCO3E,1,0,25,23
CRTNsyn;HCO3tm,2,0,24,23
CRTNsyn;LHCYSTIN,1,0,25,23
CRTNsyn;LHCYSTINt,1,0,25,23
CRTNsyn;METAT,1,0,25,23
CRTNsyn;NH4tm,2,0,24,23
CRTNsyn;OCBTm,2,0,24,23
CRTNsyn;ORNTArm,2,0,24,23
CRTNsyn;PIGTHRDLtm,1,0,25,23
CRTNsyn;PIt2m_2,3,0,23,23
CRTNsyn;PPItm,2,0,24,23
CRTNsyn;PRO1x,1,0,25,23
CRTNsyn;PROGLUtm,1,0,25,23
CRTNsyn;PROtm,1,0,25,23
CRTNsyn;PUNP1,1,0,25,23
CRTNsyn;Q10H2e,1,0,25,23
CRTNsyn;T4HCINNMFM,1,0,25,23
CRTNsyn;TYRTAm,1,0,25,23
CRTNsyn;TYRtl,1,0,25,23
CRTNsyn;UREAt,1,0,25,23
CRTNsyn;q10h2tc,1,0,25,23
CRTNte;DECDPtm,1,0,25,23
CRTNte;DHDPBMTm,1,0,25,23
CRTNte;DPHMBDCm,1,0,25,23
CRTNte;DPPS,1,0,25,23
CRTNte;FRDPtc,1,0,25,23
CRTNte;G5SADr,1,0,25,23
CRTNte;G5SDym,1,0,25,23
CRTNte;GLU5Km,1,0,25,23
CRTNte;GLU5SAtmc,1,0,25,23
CRTNte;GLUt2m,2,0,24,23
CRTNte;HBZOPT10m,1,0,25,23
CRTNte;HCO3E,1,0,25,23
CRTNte;HCO3tm,2,0,24,23
CRTNte;LHCYSTIN,1,0,25,23
CRTNte;LHCYSTINt,1,0,25,23
CRTNte;METAT,1,0,25,23
CRTNte;NH4tm,2,0,24,23
CRTNte;OCBTm,2,0,24,23
CRTNte;ORNTArm,2,0,24,23
CRTNte;PIGTHRDLtm,1,0,25,23
CRTNte;PIt2m_2,3,0,23,23
CRTNte;PPItm,2,0,24,23
CRTNte;PRO1x,1,0,25,23
CRTNte;PROGLUtm,1,0,25,23
CRTNte;PROtm,1,0,25,23
CRTNte;PUNP1,1,0,25,23
CRTNte;Q10H2e,1,0,25,23
CRTNte;T4HCINNMFM,1,0,25,23
CRTNte;TYRTAm,1,0,25,23
CRTNte;TYRtl,1,0,25,23
CRTNte;UREAt,1,0,25,23
CRTNte;q10h2tc,1,0,25,23
CSNATm;ARTFR12,0,1,26,22
CSNATm;DESAT16_1,0,1,26,22
CSNATm;DHFRm,1,1,25,22
CSNATm;DHFRx,1,0,25,23
CSNATm;ECOAH1m,4,1,22,22
CSNATm;GLUDym,0,1,26,22
CSNATm;GLUt2m,0,1,26,22
CSNATm;GTPGDPtm,1,0,25,23
CSNATm;HACD1m,4,1,22,22
CSNATm;Htr,0,1,26,22
CSNATm;ICDHyr,1,0,25,23
CSNATm;ITCOALm,1,1,25,22
CSNATm;MALACONtm,0,1,26,22
CSNATm;NADH2_u10m,0,1,26,22
CSNATm;NH4tm,0,1,26,22
CSNATm;OXALSUCCCL,1,0,25,23
CSNATm;PLMCOAPTr,0,1,26,22
CSNATm;PMTCOAFABP1tc,0,1,26,22
CSNATm;PPItm,4,0,22,23
CSNATm;PYRtm,1,1,25,22
CSNATm;RTOT4,1,0,25,23
CSNATp;ARTFR41,0,1,26,22
CSNATp;ARTFR52,2,0,24,23
CSNATp;CSNATr,1,0,25,23
CSNATp;DESAT16_1,0,1,26,22
CSNATp;FAE200,2,0,24,23
CSNATp;FAE220,2,0,24,23
CSNATp;FAE240,2,0,24,23
CSNATp;FAE260,2,0,24,23
CSNATp;HACD200,2,0,24,23
CSNATp;HACD220,2,0,24,23
CSNATp;HACD240,2,0,24,23
CSNATp;HACD260,2,0,24,23
CSNATp;HEXCCOAtr,2,0,24,23
CSNATp;HSD200,2,0,24,23
CSNATp;HSD220,2,0,24,23
CSNATp;HSD240,2,0,24,23
CSNATp;HSD260,2,0,24,23
CSNATp;Htr,1,0,25,23
CSNATp;PLMCOAPTr,0,1,26,22
CSNATp;PMTCOAFABP1tc,0,1,26,22
CSNATp;PPA,4,0,22,23
CSNATp;RTOT4,0,1,26,22
CSNATp;TECR200,2,0,24,23
CSNATp;TECR220,2,0,24,23
CSNATp;TECR240,2,0,24,23
CSNATp;TECR260,2,0,24,23
CSNATp;THRA,2,0,24,23
CSNATp;TRDR,0,3,26,20
CSNATp;TXA2tr,3,0,23,23
CSNATp;TXB2c,3,0,23,23
CSNATp;TXB2r,3,0,23,23
CSNATp;TXB2tr,3,0,23,23
CSNATr;ARTFR12,0,1,26,22
CSNATr;ARTFR41,0,1,26,22
CSNATr;ARTFR52,1,0,25,23
CSNATr;DESAT16_1,0,2,26,21
CSNATr;DHFRm,0,1,26,22
CSNATr;DLNLCGCOAtcx,1,0,25,23
CSNATr;DLNLCGCOAtr,1,0,25,23
CSNATr;ECOAH1m,0,1,26,22
CSNATr;FAE200,1,0,25,23
CSNATr;FAE2031,1,0,25,23
CSNATr;FAE220,1,0,25,23
CSNATr;FAE240,1,0,25,23
CSNATr;FAE260,1,0,25,23
CSNATr;GLUDym,0,1,26,22
CSNATr;GLUt2m,0,1,26,22
CSNATr;HACD1m,0,1,26,22
CSNATr;HACD200,1,0,25,23
CSNATr;HACD2031,1,0,25,23
CSNATr;HACD220,1,0,25,23
CSNATr;HACD240,1,0,25,23
CSNATr;HACD260,1,0,25,23
CSNATr;HEXCCOAtr,1,0,25,23
CSNATr;HSD200,1,0,25,23
CSNATr;HSD2031,1,0,25,23
CSNATr;HSD220,1,0,25,23
CSNATr;HSD240,1,0,25,23
CSNATr;HSD260,1,0,25,23
CSNATr;Htr,1,1,25,22
CSNATr;ITCOALm,0,1,26,22
CSNATr;LNLNCGCOAtr,1,0,25,23
CSNATr;LNLNCGCOAtx,1,0,25,23
CSNATr;MALACONtm,0,1,26,22
CSNATr;NADH2_u10m,0,1,26,22
CSNATr;NH4tm,0,1,26,22
CSNATr;O2tp,1,0,25,23
CSNATr;PLMCOAPTr,0,2,26,21
CSNATr;PMTCOAFABP1tc,0,2,26,21
CSNATr;PPA,3,0,23,23
CSNATr;PYRtm,0,1,26,22
CSNATr;RTOT4,0,1,26,22
CSNATr;TECR200,1,0,25,23
CSNATr;TECR2031,1,0,25,23
CSNATr;TECR220,1,0,25,23
CSNATr;TECR240,1,0,25,23
CSNATr;TECR260,1,0,25,23
CSNATr;THRA,1,0,25,23
CSNATr;TRDR,0,3,26,20
CSNATr;TXA2tr,2,0,24,23
CSNATr;TXB2c,2,0,24,23
CSNATr;TXB2r,2,0,24,23
CSNATr;TXB2tr,2,0,24,23
CTPtm;PCFLOPm,1,0,25,23
CYOOm2;DECDPtm,1,5,25,18
CYOOm2;DHDPBMTm,1,5,25,18
CYOOm2;DPHMBDCm,1,5,25,18
CYOOm2;DPPS,1,5,25,18
CYOOm2;FRDPtc,1,5,25,18
CYOOm2;GLUDym,0,1,26,22
CYOOm2;GTHP,0,1,26,22
CYOOm2;H2Otm,0,1,26,22
CYOOm2;HBZOPT10m,1,5,25,18
CYOOm2;HMGCOASim,1,0,25,23
CYOOm2;HMGCOAtm,1,0,25,23
CYOOm2;LHCYSTIN,1,4,25,19
CYOOm2;LHCYSTINt,1,4,25,19
CYOOm2;METAT,1,5,25,18
CYOOm2;NAtm,1,1,25,22
CYOOm2;NH4tm,0,2,26,21
CYOOm2;PIATPLtm,1,1,25,22
CYOOm2;PIGTHRDLtm,0,1,26,22
CYOOm2;PPItm,1,2,25,21
CYOOm2;PUNP1,0,2,26,21
CYOOm2;Q10H2e,1,5,25,18
CYOOm2;T4HCINNMFM,1,5,25,18
CYOOm2;TYRTAm,1,5,25,18
CYOOm2;TYRtl,1,5,25,18
CYOOm2;q10h2tc,1,5,25,18
CYOOm3;DECDPtm,1,0,25,23
CYOOm3;DHDPBMTm,1,0,25,23
CYOOm3;DPHMBDCm,1,0,25,23
CYOOm3;DPPS,1,0,25,23
CYOOm3;FRDPtc,1,0,25,23
CYOOm3;HBZOPT10m,1,0,25,23
CYOOm3;LHCYSTIN,1,0,25,23
CYOOm3;LHCYSTINt,1,0,25,23
CYOOm3;METAT,1,0,25,23
CYOOm3;NAtm,1,0,25,23
CYOOm3;PIATPLtm,1,0,25,23
CYOOm3;PIGTHRDLtm,1,0,25,23
CYOOm3;PPItm,1,0,25,23
CYOOm3;PROGLUtm,1,0,25,23
CYOOm3;PROtm,1,0,25,23
CYOOm3;PUNP1,1,0,25,23
CYOOm3;Q10H2e,1,0,25,23
CYOOm3;T4HCINNMFM,1,0,25,23
CYOOm3;TYRTAm,1,0,25,23
CYOOm3;TYRtl,1,0,25,23
CYOOm3;q10h2tc,1,0,25,23
CYOR_u10m;DECDPtm,2,5,24,18
CYOR_u10m;DHDPBMTm,2,5,24,18
CYOR_u10m;DPHMBDCm,2,5,24,18
CYOR_u10m;DPPS,2,5,24,18
CYOR_u10m;FRDPtc,2,5,24,18
CYOR_u10m;GLUDym,0,1,26,22
CYOR_u10m;GTHP,0,1,26,22
CYOR_u10m;H2Otm,0,1,26,22
CYOR_u10m;HBZOPT10m,2,5,24,18
CYOR_u10m;HMGCOASim,1,0,25,23
CYOR_u10m;HMGCOAtm,1,0,25,23
CYOR_u10m;LHCYSTIN,2,4,24,19
CYOR_u10m;LHCYSTINt,2,4,24,19
CYOR_u10m;METAT,2,5,24,18
CYOR_u10m;NAtm,2,1,24,22
CYOR_u10m;NH4tm,0,2,26,21
CYOR_u10m;PIATPLtm,2,1,24,22
CYOR_u10m;PIGTHRDLtm,1,1,25,22
CYOR_u10m;PPItm,2,2,24,21
CYOR_u10m;PROGLUtm,1,0,25,23
CYOR_u10m;PROtm,1,0,25,23
CYOR_u10m;PUNP1,1,2,25,21
CYOR_u10m;Q10H2e,2,5,24,18
CYOR_u10m;T4HCINNMFM,2,5,24,18
CYOR_u10m;TYRTAm,2,5,24,18
CYOR_u10m;TYRtl,2,5,24,18
CYOR_u10m;q10h2tc,2,5,24,18
CYSALANaEx;CYSSNAT5tc,0,1,26,22
CYSATB0tc;CYSt4,0,2,26,21
CYSDDS;ENO,3,0,23,23
CYSDDS;FBA,1,0,25,23
CYSDDS;FECR,1,0,25,23
CYSDDS;FERO,1,0,25,23
CYSDDS;G6PDH2r,3,0,23,23
CYSDDS;GAPD,3,0,23,23
CYSDDS;GND,3,0,23,23
CYSDDS;HCO3E,2,0,24,23
CYSDDS;HCO3Ee,1,0,25,23
CYSDDS;HEX12,2,0,24,23
CYSDDS;MALACONtm,2,0,24,23
CYSDDS;PFK,1,0,25,23
CYSDDS;PGI,3,0,23,23
CYSDDS;PGK,3,0,23,23
CYSDDS;PGL,3,0,23,23
CYSDDS;PGM,3,0,23,23
CYSDDS;RPE,3,0,23,23
CYSDDS;RPI,3,0,23,23
CYSDDS;TALA,3,0,23,23
CYSDDS;TKT1,3,0,23,23
CYSDDS;TKT2,3,0,23,23
CYSGLTH;RDH1,0,1,26,22
CYSRED;RDH1,0,1,26,22
CYSTGL;PPCOAtm,0,1,26,22
CYSTS;PPCOAtm,0,1,26,22
CYSt4;CYSTGL,0,1,26,22
CYSt4;CYSTHRNaEx,0,1,26,22
CYSt4;CYSTS,0,1,26,22
CYSt4;KCC2t,0,1,26,22
CYSt4;METAT,0,1,26,22
CYSt4;OBDHc,0,1,26,22
CYSt4;PPIOGLYc,0,1,26,22
CYSt4;PPIOGLYte,0,1,26,22
CYSt4;PPIOGLYtm,0,1,26,22
CYSt4;PUNP1,0,1,26,22
CYTD;CYTK8,0,2,26,21
CYTDn;PPAPA,0,1,26,22
CYTDn;PPItn,2,0,24,23
CYTDtn;PPAPA,0,1,26,22
CYTDtn;PPItn,2,0,24,23
CYTK1;CYTK3,0,1,26,22
CYTK1;DOLMANP_ter,3,2,23,21
CYTK1;DOLPMT,3,2,23,21
CYTK1;DOLPOMTr,3,2,23,21
CYTK1;DOLP_ter,3,2,23,21
CYTK1;DUTCP,1,1,25,22
CYTK1;GALU,2,2,24,21
CYTK1;GF6PTA,2,2,24,21
CYTK1;H2Otg,2,2,24,21
CYTK1;Htg,2,2,24,21
CYTK1;LARGEg,3,2,23,21
CYTK1;MAN1PT2,3,2,23,21
CYTK1;MAN6PI,3,2,23,21
CYTK1;NDP7er,3,2,23,21
CYTK1;NDP7g,2,2,24,21
CYTK1;PCOREM3terg,3,2,23,21
CYTK1;PGMT,2,2,24,21
CYTK1;PItg,2,2,24,21
CYTK1;PMANM,3,2,23,21
CYTK1;POCDPRBTLT2g,3,2,23,21
CYTK1;POCDPRBTLTg,3,2,23,21
CYTK1;POGLCNACTg,3,2,23,21
CYTK1;POMGNGALNTr,3,2,23,21
CYTK1;POMGNTr,3,2,23,21
CYTK1;POMKr,3,2,23,21
CYTK1;POXYLTg,3,2,23,21
CYTK1;RBT5PCYTr,3,2,23,21
CYTK1;RBT5PDH,3,2,23,21
CYTK1;UACGAMUMPtr,3,2,23,21
CYTK1;UAG4E,3,2,23,21
CYTK1;UAGDP,2,2,24,21
CYTK1;UDPGD,3,2,23,21
CYTK1;UDPGLCAtg,3,2,23,21
CYTK1;UDPGLDCg,3,2,23,21
CYTK1;UGALNACter,3,2,23,21
CYTK1;UGLCNACtg,3,2,23,21
CYTK1;URIK4,1,1,25,22
CYTK2n;O2t,0,1,26,22
CYTK3;CYTK8,1,0,25,23
CYTK3;DOLMANP_ter,8,1,18,22
CYTK3;DOLPMT,8,1,18,22
CYTK3;DOLPOMTr,8,1,18,22
CYTK3;DOLP_ter,8,1,18,22
CYTK3;DUTCP,2,0,24,23
CYTK3;GALU,7,1,19,22
CYTK3;GF6PTA,7,1,19,22
CYTK3;H2Otg,7,1,19,22
CYTK3;Htg,7,1,19,22
CYTK3;LARGEg,8,1,18,22
CYTK3;MAN1PT2,8,1,18,22
CYTK3;MAN6PI,8,1,18,22
CYTK3;NDP7er,8,1,18,22
CYTK3;NDP7g,7,1,19,22
CYTK3;PCOREM3terg,8,1,18,22
CYTK3;PGMT,7,1,19,22
CYTK3;PItg,7,1,19,22
CYTK3;PMANM,8,1,18,22
CYTK3;POCDPRBTLT2g,8,1,18,22
CYTK3;POCDPRBTLTg,8,1,18,22
CYTK3;POGLCNACTg,8,1,18,22
CYTK3;POMGNGALNTr,8,1,18,22
CYTK3;POMGNTr,8,1,18,22
CYTK3;POMKr,8,1,18,22
CYTK3;POXYLTg,8,1,18,22
CYTK3;RBT5PCYTr,8,1,18,22
CYTK3;RBT5PDH,8,1,18,22
CYTK3;THRA,1,0,25,23
CYTK3;UACGAMUMPtr,8,1,18,22
CYTK3;UAG4E,8,1,18,22
CYTK3;UAGDP,7,1,19,22
CYTK3;UDPGD,8,1,18,22
CYTK3;UDPGLCAtg,8,1,18,22
CYTK3;UDPGLDCg,8,1,18,22
CYTK3;UGALNACter,8,1,18,22
CYTK3;UGLCNACtg,8,1,18,22
CYTK3;URIK4,2,0,24,23
CYTK8;DOLMANP_ter,2,2,24,21
CYTK8;DOLPMT,2,2,24,21
CYTK8;DOLPOMTr,2,2,24,21
CYTK8;DOLP_ter,2,2,24,21
CYTK8;DUTCP,0,2,26,21
CYTK8;GALU,2,2,24,21
CYTK8;GF6PTA,2,2,24,21
CYTK8;H2Otg,2,2,24,21
CYTK8;Htg,2,2,24,21
CYTK8;LARGEg,2,2,24,21
CYTK8;MAN1PT1,1,0,25,23
CYTK8;MAN1PT2,1,2,25,21
CYTK8;MAN6PI,2,2,24,21
CYTK8;NDP7er,2,2,24,21
CYTK8;NDP7g,2,2,24,21
CYTK8;NTD4,1,0,25,23
CYTK8;PCOREM3terg,2,2,24,21
CYTK8;PGMT,2,2,24,21
CYTK8;PItg,2,2,24,21
CYTK8;PMANM,2,2,24,21
CYTK8;POCDPRBTLT2g,2,2,24,21
CYTK8;POCDPRBTLTg,2,2,24,21
CYTK8;POGLCNACTg,2,2,24,21
CYTK8;POMGNGALNTr,2,2,24,21
CYTK8;POMGNTr,2,2,24,21
CYTK8;POMKr,2,2,24,21
CYTK8;POXYLTg,2,2,24,21
CYTK8;RBT5PCYTr,2,2,24,21
CYTK8;RBT5PDH,2,2,24,21
CYTK8;UACGAMUMPtr,2,2,24,21
CYTK8;UAG4E,2,2,24,21
CYTK8;UAGDP,2,2,24,21
CYTK8;UDPGD,2,2,24,21
CYTK8;UDPGLCAtg,2,2,24,21
CYTK8;UDPGLDCg,2,2,24,21
CYTK8;UGALNACter,2,2,24,21
CYTK8;UGLCNACtg,2,2,24,21
CYTK8;URIK4,0,2,26,21
DADK3;DCYTD,1,0,25,23
DADK3;DLD,1,0,25,23
DADK3;FBA,0,2,26,21
DADK3;G6PDH2r,0,1,26,22
DADK3;GLYATm,0,1,26,22
DADK3;GLYtm,0,1,26,22
DADK3;GND,0,1,26,22
DADK3;GTPGDPtm,2,2,24,21
DADK3;NDP6,1,0,25,23
DADK3;NDPK1,1,6,25,17
DADK3;NTD3,1,0,25,23
DADK3;O2t,0,1,26,22
DADK3;OCOAT1m,0,1,26,22
DADK3;PFK,0,2,26,21
DADK3;PGL,0,1,26,22
DADK3;PYK,1,0,25,23
DADK3;PYK6,0,4,26,19
DADK3;RPE,0,1,26,22
DADK3;SUCCt4_3,1,0,25,23
DADK3;SUCOAS1m,2,1,24,22
DADK3;TALA,0,1,26,22
DADK3;THR3Dx,0,1,26,22
DADK3;THRA,0,4,26,19
DADK3;TKT1,0,1,26,22
DADK3;TKT2,0,1,26,22
DAGKm_hs;O2t,0,1,26,22
DAG_Hstem;O2t,0,1,26,22
DALAOXx;ARTFR52,1,0,25,23
DALAOXx;FAE200,1,0,25,23
DALAOXx;FAE220,1,0,25,23
DALAOXx;FAE240,1,0,25,23
DALAOXx;FAE260,1,0,25,23
DALAOXx;FECR,1,0,25,23
DALAOXx;FERO,1,0,25,23
DALAOXx;FOLR2,1,0,25,23
DALAOXx;FOLt2,1,0,25,23
DALAOXx;GLUPROASCT1,1,0,25,23
DALAOXx;H2O2syn,0,1,26,22
DALAOXx;HACD200,1,0,25,23
DALAOXx;HACD220,1,0,25,23
DALAOXx;HACD240,1,0,25,23
DALAOXx;HACD260,1,0,25,23
DALAOXx;HCO3E,1,0,25,23
DALAOXx;HEXCCOAtr,1,0,25,23
DALAOXx;HSD200,1,0,25,23
DALAOXx;HSD220,1,0,25,23
DALAOXx;HSD240,1,0,25,23
DALAOXx;HSD260,1,0,25,23
DALAOXx;Htr,1,0,25,23
DALAOXx;MTHFR3x,1,0,25,23
DALAOXx;PPA,4,0,22,23
DALAOXx;TECR200,1,0,25,23
DALAOXx;TECR220,1,0,25,23
DALAOXx;TECR240,1,0,25,23
DALAOXx;TECR260,1,0,25,23
DALAOXx;THRA,2,0,24,23
DALAOXx;TXA2tr,2,0,24,23
DALAOXx;TXB2c,2,0,24,23
DALAOXx;TXB2r,2,0,24,23
DALAOXx;TXB2tr,2,0,24,23
DALAxt;ARTFR52,1,0,25,23
DALAxt;FAE200,1,0,25,23
DALAxt;FAE220,1,0,25,23
DALAxt;FAE240,1,0,25,23
DALAxt;FAE260,1,0,25,23
DALAxt;FECR,1,0,25,23
DALAxt;FERO,1,0,25,23
DALAxt;FOLR2,1,0,25,23
DALAxt;FOLt2,1,0,25,23
DALAxt;GLUPROASCT1,1,0,25,23
DALAxt;H2O2syn,0,1,26,22
DALAxt;HACD200,1,0,25,23
DALAxt;HACD220,1,0,25,23
DALAxt;HACD240,1,0,25,23
DALAxt;HACD260,1,0,25,23
DALAxt;HCO3E,1,0,25,23
DALAxt;HEXCCOAtr,1,0,25,23
DALAxt;HSD200,1,0,25,23
DALAxt;HSD220,1,0,25,23
DALAxt;HSD240,1,0,25,23
DALAxt;HSD260,1,0,25,23
DALAxt;Htr,1,0,25,23
DALAxt;MTHFR3x,1,0,25,23
DALAxt;PPA,4,0,22,23
DALAxt;TECR200,1,0,25,23
DALAxt;TECR220,1,0,25,23
DALAxt;TECR240,1,0,25,23
DALAxt;TECR260,1,0,25,23
DALAxt;THRA,2,0,24,23
DALAxt;TXA2tr,2,0,24,23
DALAxt;TXB2c,2,0,24,23
DALAxt;TXB2r,2,0,24,23
DALAxt;TXB2tr,2,0,24,23
DASCBR;PETOHMm_hs,1,0,25,23
DASCBR;PSDm_hs,2,5,24,18
DASCBR;PSFLIPm,2,5,24,18
DCTPDPn;O2t,0,1,26,22
DCYTD;DURIPP,1,0,25,23
DCYTD;NTD6,1,0,25,23
DCYTD;PUNP2,1,0,25,23
DCYTD;PYNP2r,1,0,25,23
DDCI225n3p;PMTCOAFABP1tc,0,1,26,22
DECDPtm;GACMTRc,1,0,25,23
DECDPtm;GLYAMDTRc,1,0,25,23
DECDPtm;HCO3tm,1,0,25,23
DECDPtm;NH4tm,1,0,25,23
DECDPtm;O2Stm,1,0,25,23
DECDPtm;OCBTm,1,0,25,23
DECDPtm;ORNt4m,1,0,25,23
DECDPtm;PCREATtmdiffir,1,0,25,23
DECR226n3p;PMTCOAFABP1tc,0,1,26,22
DESAT16_1;ARTFR13,0,1,26,22
DESAT16_1;DESAT18_1,1,0,25,23
DESAT16_1;DPCOAK,0,1,26,22
DESAT16_1;FA140ACPH,0,1,26,22
DESAT16_1;FACOAL140i,0,1,26,22
DESAT16_1;FAE180,15,0,11,23
DESAT16_1;GLYATm,0,1,26,22
DESAT16_1;GTHP,0,1,26,22
DESAT16_1;H2O2tp,0,1,26,22
DESAT16_1;H2Otp,0,1,26,22
DESAT16_1;HACD180,15,0,11,23
DESAT16_1;HSD180,15,0,11,23
DESAT16_1;ICDHxrm,0,1,26,22
DESAT16_1;MALCOAMT,0,1,26,22
DESAT16_1;MALCOAMTr,0,1,26,22
DESAT16_1;NADHtpu,0,1,26,22
DESAT16_1;NADtx,0,1,26,22
DESAT16_1;O2tp,0,1,26,22
DESAT16_1;OXALSUCCCLm,0,1,26,22
DESAT16_1;PEPCK,0,1,26,22
DESAT16_1;PNTK,0,1,26,22
DESAT16_1;PNTOt1,0,1,26,22
DESAT16_1;PPCDC,0,1,26,22
DESAT16_1;PPNCL2,0,1,26,22
DESAT16_1;PTPAT,0,1,26,22
DESAT16_1;RTOT1,0,1,26,22
DESAT16_1;RTOT5,1,0,25,23
DESAT16_1;RTOTALCRNCPT1,0,1,26,22
DESAT16_1;RTOTALCRNCPT2,0,1,26,22
DESAT16_1;RTOTALCRNt,0,1,26,22
DESAT16_1;TECR180,15,0,11,23
DESAT18_1;ARTFR43,1,0,25,23
DESAT18_1;ARTFR52,6,1,20,22
DESAT18_1;DHCRD1,0,2,26,21
DESAT18_1;DPCOAK,0,1,26,22
DESAT18_1;FAE181,1,0,25,23
DESAT18_1;FAE200,6,1,20,22
DESAT18_1;FAE220,6,1,20,22
DESAT18_1;FAE240,6,1,20,22
DESAT18_1;FAE260,6,1,20,22
DESAT18_1;HACD181,1,0,25,23
DESAT18_1;HACD200,6,1,20,22
DESAT18_1;HACD220,6,1,20,22
DESAT18_1;HACD240,6,1,20,22
DESAT18_1;HACD260,6,1,20,22
DESAT18_1;HEXCCOAtr,6,1,20,22
DESAT18_1;HSD181,1,0,25,23
DESAT18_1;HSD200,6,1,20,22
DESAT18_1;HSD220,6,1,20,22
DESAT18_1;HSD240,6,1,20,22
DESAT18_1;HSD260,6,1,20,22
DESAT18_1;OCTD11ECOAtr,1,0,25,23
DESAT18_1;PNTK,0,1,26,22
DESAT18_1;PNTOt1,0,1,26,22
DESAT18_1;PPCDC,0,1,26,22
DESAT18_1;PPNCL2,0,1,26,22
DESAT18_1;PTPAT,0,1,26,22
DESAT18_1;RTOT5,4,1,22,22
DESAT18_1;TECR181,1,0,25,23
DESAT18_1;TECR200,6,1,20,22
DESAT18_1;TECR220,6,1,20,22
DESAT18_1;TECR240,6,1,20,22
DESAT18_1;TECR260,6,1,20,22
DESAT18_1;TRDR,0,3,26,20
DHCRD1;ARTFR32,0,2,26,21
DHCRD1;DHCRD2,8,4,18,19
DHCRD1;FACOAL181i,0,1,26,22
DHCRD1;FADFADH2tm,8,4,18,19
DHCRD1;FADH2ETC,0,1,26,22
DHCRD1;FAE180,0,2,26,21
DHCRD1;HACD180,0,2,26,21
DHCRD1;HSD180,0,2,26,21
DHCRD1;MALCOAMT,0,2,26,21
DHCRD1;MALCOAMTr,0,2,26,21
DHCRD1;P45011A1m,1,0,25,23
DHCRD1;PMTCOAFABP1tc,0,2,26,21
DHCRD1;PRGNLONEtm,1,0,25,23
DHCRD1;PRGNLONEtr,1,0,25,23
DHCRD1;RTOT3,0,2,26,21
DHCRD1;SE4,0,1,26,22
DHCRD1;SOAT3,0,1,26,22
DHCRD1;TECR180,0,2,26,21
DHCRD2;ARTFR52,4,0,22,23
DHCRD2;FAE200,4,0,22,23
DHCRD2;FAE220,4,0,22,23
DHCRD2;FAE240,4,0,22,23
DHCRD2;FAE260,4,0,22,23
DHCRD2;HACD200,4,0,22,23
DHCRD2;HACD220,4,0,22,23
DHCRD2;HACD240,4,0,22,23
DHCRD2;HACD260,4,0,22,23
DHCRD2;HEXCCOAtr,4,0,22,23
DHCRD2;HSD200,4,0,22,23
DHCRD2;HSD220,4,0,22,23
DHCRD2;HSD240,4,0,22,23
DHCRD2;HSD260,4,0,22,23
DHCRD2;RTOT5,2,0,24,23
DHCRD2;TECR200,4,0,22,23
DHCRD2;TECR220,4,0,22,23
DHCRD2;TECR240,4,0,22,23
DHCRD2;TECR260,4,0,22,23
DHDPBMTm;GACMTRc,1,0,25,23
DHDPBMTm;GLYAMDTRc,1,0,25,23
DHDPBMTm;HCO3tm,1,0,25,23
DHDPBMTm;NH4tm,1,0,25,23
DHDPBMTm;O2Stm,1,0,25,23
DHDPBMTm;OCBTm,1,0,25,23
DHDPBMTm;ORNt4m,1,0,25,23
DHDPBMTm;PCREATtmdiffir,1,0,25,23
DHFR3m;G5SDym,0,1,26,22
DHFR3m;GLU5Km,0,1,26,22
DHFR3m;GLUt2m,0,1,26,22
DHFR3m;H2Otm,0,1,26,22
DHFR3m;MTHFC,0,1,26,22
DHFR3m;MTHFD,0,1,26,22
DHFR3m;NADH2_u10m,0,1,26,22
DHFR3m;ORNTArm,0,1,26,22
DHFR3m;PIt2m_2,0,1,26,22
DHFR3m;THFtm,0,2,26,21
DHFR3x;FOLR2,1,0,25,23
DHFR3x;THFtm,0,3,26,20
DHFR3x;URATEt,1,0,25,23
DHFR;DHFR3m,0,3,26,20
DHFR;DHFR3x,0,3,26,20
DHFR;DHFRm,6,5,20,18
DHFR;DHFRx,4,1,22,22
DHFR;DHFtm,11,5,15,18
DHFR;DLD,2,0,24,23
DHFR;FCLTm,1,0,25,23
DHFR;FE2tm,1,0,25,23
DHFR;FOLR2,1,0,25,23
DHFR;FOLt2,1,0,25,23
DHFR;FOLtm,0,3,26,20
DHFR;G6Pt6er,1,0,25,23
DHFR;G6Pter,1,0,25,23
DHFR;GALU,1,0,25,23
DHFR;GF6PTA,1,0,25,23
DHFR;GHMT2rm,0,1,26,22
DHFR;GLUPROASCT1,1,0,25,23
DHFR;GLYtm,0,1,26,22
DHFR;H2Otg,1,0,25,23
DHFR;HCO3E,1,0,25,23
DHFR;HMBS,1,0,25,23
DHFR;HOXG,1,0,25,23
DHFR;Htg,1,0,25,23
DHFR;ICDHxrm,1,0,25,23
DHFR;ICDHyrm,1,0,25,23
DHFR;LDH_L,0,1,26,22
DHFR;MAL_Lte,1,0,25,23
DHFR;MTHFC,0,1,26,22
DHFR;MTHFCm,0,1,26,22
DHFR;MTHFD,0,1,26,22
DHFR;MTHFDm,0,1,26,22
DHFR;NAt5,1,0,25,23
DHFR;NDP7er,1,0,25,23
DHFR;NDP7g,1,0,25,23
DHFR;O2t,0,1,26,22
DHFR;PGMT,1,0,25,23
DHFR;PHEMEtm,1,0,25,23
DHFR;PIGTHRDLtm,1,0,25,23
DHFR;PIt2m_2,1,0,25,23
DHFR;PItg,1,0,25,23
DHFR;PPBNGS,1,0,25,23
DHFR;PPPG9tm,1,0,25,23
DHFR;PPPGOm,1,0,25,23
DHFR;RDH1,0,1,26,22
DHFR;RDH1a,0,1,26,22
DHFR;SERTm,0,1,26,22
DHFR;THFt2,1,0,25,23
DHFR;THFtm,10,5,16,18
DHFR;THRA,1,0,25,23
DHFR;TXA2tr,1,1,25,22
DHFR;TXB2c,1,1,25,22
DHFR;TXB2r,1,1,25,22
DHFR;TXB2tr,1,1,25,22
DHFR;UAGDP,1,0,25,23
DHFR;UDPGD,1,0,25,23
DHFR;UPP3S,1,0,25,23
DHFR;UPPDC1,1,0,25,23
DHFRm;ARTFR52,1,0,25,23
DHFRm;DHFRx,1,1,25,22
DHFRm;DHFtm,1,0,25,23
DHFRm;DLD,1,0,25,23
DHFRm;ESTRADIOLtr,0,1,26,22
DHFRm;ESTRONEtr,0,1,26,22
DHFRm;FAE180,2,0,24,23
DHFRm;FAE200,1,0,25,23
DHFRm;FAE220,1,0,25,23
DHFRm;FAE240,1,0,25,23
DHFRm;FAE260,1,0,25,23
DHFRm;FTHFDHm,1,0,25,23
DHFRm;G5SDym,0,1,26,22
DHFRm;GHMT2rm,0,1,26,22
DHFRm;GLU5Km,0,1,26,22
DHFRm;GLUDym,0,1,26,22
DHFRm;GLUPROASCT1,1,0,25,23
DHFRm;GLUt2m,0,2,26,21
DHFRm;GLYtm,0,2,26,21
DHFRm;H2Otg,0,1,26,22
DHFRm;H2Otm,1,1,25,22
DHFRm;HACD180,2,0,24,23
DHFRm;HACD200,1,0,25,23
DHFRm;HACD220,1,0,25,23
DHFRm;HACD240,1,0,25,23
DHFRm;HACD260,1,0,25,23
DHFRm;HCO3E,0,1,26,22
DHFRm;HCO3Em,0,1,26,22
DHFRm;HCO3tm,0,1,26,22
DHFRm;HEXCCOAtr,1,0,25,23
DHFRm;HMGL,1,0,25,23
DHFRm;HSD17B1,0,1,26,22
DHFRm;HSD17B8r,0,1,26,22
DHFRm;HSD180,2,0,24,23
DHFRm;HSD200,1,0,25,23
DHFRm;HSD220,1,0,25,23
DHFRm;HSD240,1,0,25,23
DHFRm;HSD260,1,0,25,23
DHFRm;Htg,0,1,26,22
DHFRm;ICDHxrm,1,0,25,23
DHFRm;ICDHyr,0,1,26,22
DHFRm;LDH_L,0,1,26,22
DHFRm;LDH_Lm,0,1,26,22
DHFRm;L_LACtm,0,1,26,22
DHFRm;MTHFC,0,2,26,21
DHFRm;MTHFCm,0,1,26,22
DHFRm;MTHFD,0,2,26,21
DHFRm;MTHFDm,0,1,26,22
DHFRm;NADH2_u10m,1,1,25,22
DHFRm;NAt5,1,0,25,23
DHFRm;NDP7g,0,1,26,22
DHFRm;NH4tm,0,1,26,22
DHFRm;ORNTArm,0,1,26,22
DHFRm;OXALSUCCCL,0,1,26,22
DHFRm;P45011A1m,0,1,26,22
DHFRm;PIGTHRDLtm,1,0,25,23
DHFRm;PIt2m_2,1,1,25,22
DHFRm;PItg,0,1,26,22
DHFRm;PRGNLONEtm,0,1,26,22
DHFRm;PRGNLONEtr,0,1,26,22
DHFRm;RDH1,0,1,26,22
DHFRm;RDH1a,0,1,26,22
DHFRm;RTOT5,1,0,25,23
DHFRm;SERTm,0,1,26,22
DHFRm;TECR180,2,0,24,23
DHFRm;TECR200,1,0,25,23
DHFRm;TECR220,1,0,25,23
DHFRm;TECR240,1,0,25,23
DHFRm;TECR260,1,0,25,23
DHFRm;THFtm,2,4,24,19
DHFRm;THRA,3,0,23,23
DHFRm;TXA2tr,1,1,25,22
DHFRm;TXB2c,1,1,25,22
DHFRm;TXB2r,1,1,25,22
DHFRm;TXB2tr,1,1,25,22
DHFRx;ARTFR52,1,0,25,23
DHFRx;DHFtm,1,0,25,23
DHFRx;ESTRADIOLtr,0,1,26,22
DHFRx;ESTRONEtr,0,1,26,22
DHFRx;FAE180,1,0,25,23
DHFRx;FAE200,1,0,25,23
DHFRx;FAE220,1,0,25,23
DHFRx;FAE240,1,0,25,23
DHFRx;FAE260,1,0,25,23
DHFRx;GHMT2rm,0,1,26,22
DHFRx;GLUDym,0,1,26,22
DHFRx;GLUt2m,0,1,26,22
DHFRx;GLYtm,0,1,26,22
DHFRx;H2Otg,0,1,26,22
DHFRx;H2Otm,1,0,25,23
DHFRx;HACD180,1,0,25,23
DHFRx;HACD200,1,0,25,23
DHFRx;HACD220,1,0,25,23
DHFRx;HACD240,1,0,25,23
DHFRx;HACD260,1,0,25,23
DHFRx;HCO3E,1,0,25,23
DHFRx;HEXCCOAtr,1,0,25,23
DHFRx;HMGL,1,0,25,23
DHFRx;HSD17B1,0,1,26,22
DHFRx;HSD17B8r,0,1,26,22
DHFRx;HSD180,1,0,25,23
DHFRx;HSD200,1,0,25,23
DHFRx;HSD220,1,0,25,23
DHFRx;HSD240,1,0,25,23
DHFRx;HSD260,1,0,25,23
DHFRx;Htg,0,1,26,22
DHFRx;LDH_Lm,0,1,26,22
DHFRx;L_LACtm,0,1,26,22
DHFRx;ME2m,1,0,25,23
DHFRx;MTHFCm,0,1,26,22
DHFRx;MTHFDm,0,1,26,22
DHFRx;NADH2_u10m,2,0,24,23
DHFRx;NDP7g,0,1,26,22
DHFRx;NH4tm,0,1,26,22
DHFRx;P45011A1m,0,1,26,22
DHFRx;PItg,0,1,26,22
DHFRx;PRGNLONEtm,0,1,26,22
DHFRx;PRGNLONEtr,0,1,26,22
DHFRx;PYRtm,1,0,25,23
DHFRx;RTOT5,1,0,25,23
DHFRx;SERTm,0,1,26,22
DHFRx;SUCCICITtm,1,0,25,23
DHFRx;TECR180,1,0,25,23
DHFRx;TECR200,1,0,25,23
DHFRx;TECR220,1,0,25,23
DHFRx;TECR240,1,0,25,23
DHFRx;TECR260,1,0,25,23
DHFRx;THFtm,1,1,25,22
DHFRx;THRA,1,0,25,23
DHFtm;AKGtn,1,0,25,23
DHFtm;CO2tn,1,0,25,23
DHFtm;DLD,2,0,24,23
DHFtm;FAE180,1,0,25,23
DHFtm;FALDtn,1,0,25,23
DHFtm;FCLTm,1,0,25,23
DHFtm;FE2tm,1,0,25,23
DHFtm;G6Pt6er,1,0,25,23
DHFtm;G6Pter,1,0,25,23
DHFtm;GALU,1,0,25,23
DHFtm;GF6PTA,1,0,25,23
DHFtm;GLUDym,0,1,26,22
DHFtm;GLUPROASCT1,1,0,25,23
DHFtm;GLYtm,0,1,26,22
DHFtm;GPCCPDE2,1,0,25,23
DHFtm;H2Otg,1,0,25,23
DHFtm;HACD180,1,0,25,23
DHFtm;HCO3E,1,0,25,23
DHFtm;HCO3Em,0,1,26,22
DHFtm;HCO3tm,0,1,26,22
DHFtm;HMBS,1,0,25,23
DHFtm;HOXG,1,0,25,23
DHFtm;HSD180,1,0,25,23
DHFtm;Htg,1,0,25,23
DHFtm;Htr,1,0,25,23
DHFtm;ICDHxrm,1,0,25,23
DHFtm;LDH_L,0,1,26,22
DHFtm;MAL_Lte,1,0,25,23
DHFtm;MEOHt2,1,0,25,23
DHFtm;MTHFC,0,1,26,22
DHFtm;MTHFD,0,1,26,22
DHFtm;NAt5,1,0,25,23
DHFtm;NDP7er,1,0,25,23
DHFtm;NDP7g,1,0,25,23
DHFtm;NH4tm,0,1,26,22
DHFtm;O2tn,1,0,25,23
DHFtm;PEMET1,1,0,25,23
DHFtm;PEMET2,1,0,25,23
DHFtm;PETHCT,1,0,25,23
DHFtm;PGMT,1,0,25,23
DHFtm;PHEMEtm,1,0,25,23
DHFtm;PIGTHRDLtm,1,0,25,23
DHFtm;PIt2m_2,1,0,25,23
DHFtm;PItg,1,0,25,23
DHFtm;PPBNGS,1,0,25,23
DHFtm;PPPG9tm,1,0,25,23
DHFtm;PPPGOm,1,0,25,23
DHFtm;PSSA1_hs,1,0,25,23
DHFtm;RDH1,0,1,26,22
DHFtm;RDH1a,0,1,26,22
DHFtm;R_group_phosphotase_1,1,0,25,23
DHFtm;TECR180,1,0,25,23
DHFtm;THFtm,1,4,25,19
DHFtm;THRA,2,0,24,23
DHFtm;TXA2tr,2,1,24,22
DHFtm;TXB2c,2,1,24,22
DHFtm;TXB2r,2,1,24,22
DHFtm;TXB2tr,2,1,24,22
DHFtm;UAGDP,1,0,25,23
DHFtm;UDPGD,1,0,25,23
DHFtm;UPP3S,1,0,25,23
DHFtm;UPPDC1,1,0,25,23
DHPR2;PSDm_hs,1,0,25,23
DHPR2;PSFLIPm,1,0,25,23
DHPR;LDH_L,0,3,26,20
DHPR;PETOHMm_hs,1,0,25,23
DHPR;PSDm_hs,1,3,25,20
DHPR;PSFLIPm,1,3,25,20
DHPR;TYRt4,0,1,26,22
DHPRy;HCO3tm,1,0,25,23
DHPRy;NH4tm,1,0,25,23
DHPRy;OCBTm,1,0,25,23
DHPRy;PSDm_hs,0,1,26,22
DHPRy;PSFLIPm,0,1,26,22
DHSPMDNABUT;PTCRTD,1,0,25,23
DHSPMDNABUT;PTRCOR,1,0,25,23
DKMPPD1;GHMT2rm,0,1,26,22
DKMPPD1;HCO3Em,0,1,26,22
DKMPPD1;HCO3tm,0,1,26,22
DKMPPD1;MTHFCm,0,1,26,22
DKMPPD1;MTHFDm,0,1,26,22
DKMPPD1;P45011A1m,0,1,26,22
DKMPPD1;PIt2m_2,0,1,26,22
DKMPPD1;PRGNLONEtm,0,1,26,22
DKMPPD1;PTCRTD,1,0,25,23
DKMPPD1;PTRCOR,1,0,25,23
DKMPPD1;SERTm,0,1,26,22
DKMPPD3;GHMT2rm,0,1,26,22
DKMPPD3;HCO3Em,0,1,26,22
DKMPPD3;HCO3tm,0,1,26,22
DKMPPD3;MTHFCm,0,1,26,22
DKMPPD3;MTHFDm,0,1,26,22
DKMPPD3;P45011A1m,0,1,26,22
DKMPPD3;PIt2m_2,0,1,26,22
DKMPPD3;PRGNLONEtm,0,1,26,22
DKMPPD3;PTCRTD,1,0,25,23
DKMPPD3;PTRCOR,1,0,25,23
DKMPPD3;SERTm,0,1,26,22
DLD;DRPA,1,0,25,23
DLD;ECOAH1m,2,0,24,23
DLD;GLUt2m,1,0,25,23
DLD;GTPGDPtm,1,0,25,23
DLD;HACD1m,2,0,24,23
DLD;ICDHyr,0,1,26,22
DLD;ICITCITtm,0,1,26,22
DLD;MAL_Lte,1,0,25,23
DLD;NTD6,1,0,25,23
DLD;OXALSUCCCL,0,1,26,22
DLD;PPA,1,0,25,23
DLD;PPItm,2,0,24,23
DLD;PPM2,1,0,25,23
DLD;PUNP2,1,0,25,23
DLD;RDH1,1,0,25,23
DLD;RDH1a,1,0,25,23
DLD;THFtm,2,0,24,23
DLNLCGCOAtcx;Htr,1,0,25,23
DLNLCGCOAtcx;PPA,2,0,24,23
DLNLCGCOAtcx;THRA,2,0,24,23
DLNLCGCOAtcx;TXA2tr,1,0,25,23
DLNLCGCOAtcx;TXB2c,1,0,25,23
DLNLCGCOAtcx;TXB2r,1,0,25,23
DLNLCGCOAtcx;TXB2tr,1,0,25,23
DLNLCGCOAtr;Htr,1,0,25,23
DLNLCGCOAtr;PPA,2,0,24,23
DLNLCGCOAtr;THRA,2,0,24,23
DLNLCGCOAtr;TXA2tr,1,0,25,23
DLNLCGCOAtr;TXB2c,1,0,25,23
DLNLCGCOAtr;TXB2r,1,0,25,23
DLNLCGCOAtr;TXB2tr,1,0,25,23
DMGDHm;ARTFR52,1,0,25,23
DMGDHm;DPCOAK,0,1,26,22
DMGDHm;FAE200,1,0,25,23
DMGDHm;FAE220,1,0,25,23
DMGDHm;FAE240,1,0,25,23
DMGDHm;FAE260,1,0,25,23
DMGDHm;HACD200,1,0,25,23
DMGDHm;HACD220,1,0,25,23
DMGDHm;HACD240,1,0,25,23
DMGDHm;HACD260,1,0,25,23
DMGDHm;HEXCCOAtr,1,0,25,23
DMGDHm;HSD200,1,0,25,23
DMGDHm;HSD220,1,0,25,23
DMGDHm;HSD240,1,0,25,23
DMGDHm;HSD260,1,0,25,23
DMGDHm;PNTK,0,1,26,22
DMGDHm;PNTOt1,0,1,26,22
DMGDHm;PPCDC,0,1,26,22
DMGDHm;PPNCL2,0,1,26,22
DMGDHm;PTPAT,0,1,26,22
DMGDHm;RTOT5,1,0,25,23
DMGDHm;TECR200,1,0,25,23
DMGDHm;TECR220,1,0,25,23
DMGDHm;TECR240,1,0,25,23
DMGDHm;TECR260,1,0,25,23
DMGtm;ARTFR52,1,0,25,23
DMGtm;DPCOAK,0,1,26,22
DMGtm;FAE200,1,0,25,23
DMGtm;FAE220,1,0,25,23
DMGtm;FAE240,1,0,25,23
DMGtm;FAE260,1,0,25,23
DMGtm;HACD200,1,0,25,23
DMGtm;HACD220,1,0,25,23
DMGtm;HACD240,1,0,25,23
DMGtm;HACD260,1,0,25,23
DMGtm;HEXCCOAtr,1,0,25,23
DMGtm;HSD200,1,0,25,23
DMGtm;HSD220,1,0,25,23
DMGtm;HSD240,1,0,25,23
DMGtm;HSD260,1,0,25,23
DMGtm;PNTK,0,1,26,22
DMGtm;PNTOt1,0,1,26,22
DMGtm;PPCDC,0,1,26,22
DMGtm;PPNCL2,0,1,26,22
DMGtm;PTPAT,0,1,26,22
DMGtm;RTOT5,1,0,25,23
DMGtm;TECR200,1,0,25,23
DMGtm;TECR220,1,0,25,23
DMGtm;TECR240,1,0,25,23
DMGtm;TECR260,1,0,25,23
DNDPt58m;HCO3E,0,1,26,22
DNPH2;FBA,0,2,26,21
DNPH2;G6PDH2r,0,1,26,22
DNPH2;GND,0,1,26,22
DNPH2;GTPGDPtm,0,1,26,22
DNPH2;NDPK1,0,6,26,17
DNPH2;O2t,0,1,26,22
DNPH2;PFK,0,2,26,21
DNPH2;PGL,0,1,26,22
DNPH2;PYK,1,0,25,23
DNPH2;PYK6,0,4,26,19
DNPH2;RPE,0,1,26,22
DNPH2;TALA,0,1,26,22
DNPH2;THRA,0,4,26,19
DNPH2;TKT1,0,1,26,22
DNPH2;TKT2,0,1,26,22
DOLASNTer;FUCACNGALACGLCGALGLUSIDEte,0,1,26,22
DOLASNTer;FUCACNGALACGLCGALGLUSIDEtg,0,1,26,22
DOLASNTer;FUT32g,0,1,26,22
DOLASNTer;ST3GAL31g,0,1,26,22
DOLASNTer;UGCGc,1,1,25,22
DOLDPPer;FUCACNGALACGLCGALGLUSIDEte,0,1,26,22
DOLDPPer;FUCACNGALACGLCGALGLUSIDEtg,0,1,26,22
DOLDPPer;FUT32g,0,1,26,22
DOLDPPer;ST3GAL31g,0,1,26,22
DOLDPPer;UGCGc,1,1,25,22
DOLGLCP_ter;FUCACNGALACGLCGALGLUSIDEte,0,1,26,22
DOLGLCP_ter;FUCACNGALACGLCGALGLUSIDEtg,0,1,26,22
DOLGLCP_ter;FUT32g,0,1,26,22
DOLGLCP_ter;ST3GAL31g,0,1,26,22
DOLGLCP_ter;UGCGc,1,1,25,22
DOLMANP_ter;ENO,1,0,25,23
DOLMANP_ter;FUCACNGALACGLCGALGLUSIDEte,0,1,26,22
DOLMANP_ter;FUCACNGALACGLCGALGLUSIDEtg,0,1,26,22
DOLMANP_ter;FUT32g,0,1,26,22
DOLMANP_ter;GAPD,1,0,25,23
DOLMANP_ter;Htr,1,0,25,23
DOLMANP_ter;NADPHtru,1,0,25,23
DOLMANP_ter;NADPtru,1,0,25,23
DOLMANP_ter;PGAM1_PhosHydro,0,1,26,22
DOLMANP_ter;PGK,1,0,25,23
DOLMANP_ter;PGM,1,0,25,23
DOLMANP_ter;PYK,0,1,26,22
DOLMANP_ter;R5Ptr,3,0,23,23
DOLMANP_ter;RPI,13,13,13,10
DOLMANP_ter;RPIr,3,0,23,23
DOLMANP_ter;RU5Ptr,3,0,23,23
DOLMANP_ter;ST3GAL31g,0,1,26,22
DOLMANP_ter;TXA2tr,1,0,25,23
DOLMANP_ter;TXB2c,1,0,25,23
DOLMANP_ter;TXB2r,1,0,25,23
DOLMANP_ter;TXB2tr,1,0,25,23
DOLMANP_ter;UAG2EMAi,1,0,25,23
DOLMANP_ter;UDPG4E,1,0,25,23
DOLMANP_ter;UDPGALtg,1,0,25,23
DOLMANP_ter;UGCGc,2,1,24,22
DOLPGT1er;FUCACNGALACGLCGALGLUSIDEte,0,1,26,22
DOLPGT1er;FUCACNGALACGLCGALGLUSIDEtg,0,1,26,22
DOLPGT1er;FUT32g,0,1,26,22
DOLPGT1er;ST3GAL31g,0,1,26,22
DOLPGT1er;UGCGc,1,1,25,22
DOLPGT2er;FUCACNGALACGLCGALGLUSIDEte,0,1,26,22
DOLPGT2er;FUCACNGALACGLCGALGLUSIDEtg,0,1,26,22
DOLPGT2er;FUT32g,0,1,26,22
DOLPGT2er;ST3GAL31g,0,1,26,22
DOLPGT2er;UGCGc,1,1,25,22
DOLPGT3er;FUCACNGALACGLCGALGLUSIDEte,0,1,26,22
DOLPGT3er;FUCACNGALACGLCGALGLUSIDEtg,0,1,26,22
DOLPGT3er;FUT32g,0,1,26,22
DOLPGT3er;ST3GAL31g,0,1,26,22
DOLPGT3er;UGCGc,1,1,25,22
DOLPMT1er;FUCACNGALACGLCGALGLUSIDEte,0,1,26,22
DOLPMT1er;FUCACNGALACGLCGALGLUSIDEtg,0,1,26,22
DOLPMT1er;FUT32g,0,1,26,22
DOLPMT1er;ST3GAL31g,0,1,26,22
DOLPMT1er;UGCGc,1,1,25,22
DOLPMT2_er;FUCACNGALACGLCGALGLUSIDEte,0,1,26,22
DOLPMT2_er;FUCACNGALACGLCGALGLUSIDEtg,0,1,26,22
DOLPMT2_er;FUT32g,0,1,26,22
DOLPMT2_er;ST3GAL31g,0,1,26,22
DOLPMT2_er;UGCGc,1,1,25,22
DOLPMT3er;FUCACNGALACGLCGALGLUSIDEte,0,1,26,22
DOLPMT3er;FUCACNGALACGLCGALGLUSIDEtg,0,1,26,22
DOLPMT3er;FUT32g,0,1,26,22
DOLPMT3er;ST3GAL31g,0,1,26,22
DOLPMT3er;UGCGc,1,1,25,22
DOLPMT4_er;FUCACNGALACGLCGALGLUSIDEte,0,1,26,22
DOLPMT4_er;FUCACNGALACGLCGALGLUSIDEtg,0,1,26,22
DOLPMT4_er;FUT32g,0,1,26,22
DOLPMT4_er;ST3GAL31g,0,1,26,22
DOLPMT4_er;UGCGc,1,1,25,22
DOLPMT;ENO,1,0,25,23
DOLPMT;FUCACNGALACGLCGALGLUSIDEte,0,1,26,22
DOLPMT;FUCACNGALACGLCGALGLUSIDEtg,0,1,26,22
DOLPMT;FUT32g,0,1,26,22
DOLPMT;GAPD,1,0,25,23
DOLPMT;Htr,1,0,25,23
DOLPMT;NADPHtru,1,0,25,23
DOLPMT;NADPtru,1,0,25,23
DOLPMT;PGAM1_PhosHydro,0,1,26,22
DOLPMT;PGK,1,0,25,23
DOLPMT;PGM,1,0,25,23
DOLPMT;PYK,0,1,26,22
DOLPMT;R5Ptr,3,0,23,23
DOLPMT;RPI,13,13,13,10
DOLPMT;RPIr,3,0,23,23
DOLPMT;RU5Ptr,3,0,23,23
DOLPMT;ST3GAL31g,0,1,26,22
DOLPMT;TXA2tr,1,0,25,23
DOLPMT;TXB2c,1,0,25,23
DOLPMT;TXB2r,1,0,25,23
DOLPMT;TXB2tr,1,0,25,23
DOLPMT;UAG2EMAi,1,0,25,23
DOLPMT;UDPG4E,1,0,25,23
DOLPMT;UDPGALtg,1,0,25,23
DOLPMT;UGCGc,2,1,24,22
DOLPOMTr;ENO,1,0,25,23
DOLPOMTr;GAPD,1,0,25,23
DOLPOMTr;NADPHtru,1,0,25,23
DOLPOMTr;NADPtru,1,0,25,23
DOLPOMTr;PGK,1,0,25,23
DOLPOMTr;PGM,1,0,25,23
DOLPOMTr;PYK,0,1,26,22
DOLPOMTr;R5Ptr,3,0,23,23
DOLPOMTr;RPI,13,13,13,10
DOLPOMTr;RPIr,3,0,23,23
DOLPOMTr;RU5Ptr,3,0,23,23
DOLPOMTr;UAG2EMAi,1,0,25,23
DOLPOMTr;UDPG4E,1,0,25,23
DOLPOMTr;UDPGALtg,1,0,25,23
DOLP_ter;ENO,1,0,25,23
DOLP_ter;FUCACNGALACGLCGALGLUSIDEte,0,1,26,22
DOLP_ter;FUCACNGALACGLCGALGLUSIDEtg,0,1,26,22
DOLP_ter;FUT32g,0,1,26,22
DOLP_ter;GAPD,1,0,25,23
DOLP_ter;Htr,1,0,25,23
DOLP_ter;NADPHtru,1,0,25,23
DOLP_ter;NADPtru,1,0,25,23
DOLP_ter;PGAM1_PhosHydro,0,1,26,22
DOLP_ter;PGK,1,0,25,23
DOLP_ter;PGM,1,0,25,23
DOLP_ter;PYK,0,1,26,22
DOLP_ter;R5Ptr,3,0,23,23
DOLP_ter;RPI,13,13,13,10
DOLP_ter;RPIr,3,0,23,23
DOLP_ter;RU5Ptr,3,0,23,23
DOLP_ter;ST3GAL31g,0,1,26,22
DOLP_ter;TXA2tr,1,0,25,23
DOLP_ter;TXB2c,1,0,25,23
DOLP_ter;TXB2r,1,0,25,23
DOLP_ter;TXB2tr,1,0,25,23
DOLP_ter;UAG2EMAi,1,0,25,23
DOLP_ter;UDPG4E,1,0,25,23
DOLP_ter;UDPGALtg,1,0,25,23
DOLP_ter;UGCGc,2,1,24,22
DOPABMO;HCO3tm,1,0,25,23
DOPABMO;NH4tm,1,0,25,23
DOPABMO;OCBTm,1,0,25,23
DOPABMO;PETOHMm_hs,1,0,25,23
DOPABMO;PSDm_hs,2,6,24,17
DOPABMO;PSFLIPm,2,6,24,17
DPCOAK;ARTFR41,0,1,26,22
DPCOAK;ARTFR42,0,1,26,22
DPCOAK;ARTPLM1m,0,1,26,22
DPCOAK;EAR160y,0,1,26,22
DPCOAK;EAR180y,0,1,26,22
DPCOAK;FA180ACPH,0,1,26,22
DPCOAK;FACOAL180i,0,1,26,22
DPCOAK;FACOAL181i,0,1,26,22
DPCOAK;FAE180,0,2,26,21
DPCOAK;FALDtm,0,1,26,22
DPCOAK;FALDtx,0,1,26,22
DPCOAK;GALU,0,1,26,22
DPCOAK;GF6PTA,0,1,26,22
DPCOAK;GLYBtm,0,1,26,22
DPCOAK;GLYCt,0,1,26,22
DPCOAK;GLYtp,0,1,26,22
DPCOAK;H2O2t,0,1,26,22
DPCOAK;H2O2tp,0,1,26,22
DPCOAK;H2Otp,0,1,26,22
DPCOAK;HACD180,0,2,26,21
DPCOAK;HMGDH,0,1,26,22
DPCOAK;HMGS,0,1,26,22
DPCOAK;HPROxm,0,1,26,22
DPCOAK;HPROym,0,1,26,22
DPCOAK;HSD180,0,2,26,21
DPCOAK;MALCOAMT,0,2,26,21
DPCOAK;MALCOAMTr,0,2,26,21
DPCOAK;METAT,0,1,26,22
DPCOAK;O2tp,0,1,26,22
DPCOAK;OCDEAFABP1tc,0,1,26,22
DPCOAK;PGMT,0,1,26,22
DPCOAK;PMTCOAFABP1tc,0,2,26,21
DPCOAK;PPCOAtm,0,1,26,22
DPCOAK;RTOT4,0,2,26,21
DPCOAK;R_group_phosphotase_1,0,1,26,22
DPCOAK;SARCOXp,0,1,26,22
DPCOAK;SARCStm,0,1,26,22
DPCOAK;SARCStp,0,1,26,22
DPCOAK;SE4,0,1,26,22
DPCOAK;SFGTH,0,1,26,22
DPCOAK;SOAT3,0,1,26,22
DPCOAK;TECR180,0,2,26,21
DPCOAK;UAGDP,0,1,26,22
DPGM;TPI,0,1,26,22
DPHMBDCm;GACMTRc,1,0,25,23
DPHMBDCm;GLYAMDTRc,1,0,25,23
DPHMBDCm;HCO3tm,1,0,25,23
DPHMBDCm;NH4tm,1,0,25,23
DPHMBDCm;O2Stm,1,0,25,23
DPHMBDCm;OCBTm,1,0,25,23
DPHMBDCm;ORNt4m,1,0,25,23
DPHMBDCm;PCREATtmdiffir,1,0,25,23
DPPS;GACMTRc,1,0,25,23
DPPS;GLYAMDTRc,1,0,25,23
DPPS;HCO3tm,1,0,25,23
DPPS;NH4tm,1,0,25,23
DPPS;O2Stm,1,0,25,23
DPPS;OCBTm,1,0,25,23
DPPS;ORNt4m,1,0,25,23
DPPS;PCREATtmdiffir,1,0,25,23
DRPA;FBA,0,2,26,21
DRPA;G6PDH2r,0,1,26,22
DRPA;GLYATm,0,1,26,22
DRPA;GLYtm,0,1,26,22
DRPA;GND,0,1,26,22
DRPA;GTPGDPtm,2,2,24,21
DRPA;ICDHyrm,1,0,25,23
DRPA;NDPK1,0,6,26,17
DRPA;O2t,0,1,26,22
DRPA;OCOAT1m,0,1,26,22
DRPA;OXALSUCCCLm,1,0,25,23
DRPA;PFK,0,2,26,21
DRPA;PGL,0,1,26,22
DRPA;PYK,1,0,25,23
DRPA;PYK6,0,4,26,19
DRPA;RPE,0,1,26,22
DRPA;SUCCACONtm,1,0,25,23
DRPA;SUCCt4_3,1,0,25,23
DRPA;SUCOAS1m,2,1,24,22
DRPA;TALA,0,1,26,22
DRPA;THR3Dx,0,1,26,22
DRPA;THRA,2,5,24,18
DRPA;TKT1,0,1,26,22
DRPA;TKT2,0,1,26,22
DURIPP;NDP6,1,0,25,23
DURIPP;NTD3,1,0,25,23
DURIPP;THRA,2,1,24,22
DUTCP;PPAPA,0,1,26,22
DUTCP;PPItn,1,0,25,23
D_LACt2;FOLR2,1,0,25,23
D_LACt2;FOLt2,1,0,25,23
D_LACt2;GLUPROASCT1,1,0,25,23
D_LACt2;PIt2m_2,1,0,25,23
D_LACt2;THFt2,1,0,25,23
D_LACt2;THFtm,1,0,25,23
EAR160y;ARTFR13,0,1,26,22
EAR160y;FA140ACPH,0,1,26,22
EAR160y;FACOAL140i,0,1,26,22
EAR160y;PNTK,0,1,26,22
EAR160y;PNTOt1,0,1,26,22
EAR160y;PPCDC,0,1,26,22
EAR160y;PPNCL2,0,1,26,22
EAR160y;PTPAT,0,1,26,22
EAR160y;RTOT1,0,1,26,22
EAR180y;ARTFR13,0,1,26,22
EAR180y;FA140ACPH,0,1,26,22
EAR180y;FACOAL140i,0,1,26,22
EAR180y;PNTK,0,1,26,22
EAR180y;PNTOt1,0,1,26,22
EAR180y;PPCDC,0,1,26,22
EAR180y;PPNCL2,0,1,26,22
EAR180y;PTPAT,0,1,26,22
EAR180y;RTOT1,0,1,26,22
ECOAH1m;ARTFR52,10,0,16,23
ECOAH1m;ESTRADIOLtr,1,0,25,23
ECOAH1m;ESTRONEtr,1,0,25,23
ECOAH1m;FAE180,9,0,17,23
ECOAH1m;FAE200,10,0,16,23
ECOAH1m;FAE220,10,0,16,23
ECOAH1m;FAE240,10,0,16,23
ECOAH1m;FAE260,10,0,16,23
ECOAH1m;HACD180,9,0,17,23
ECOAH1m;HACD200,10,0,16,23
ECOAH1m;HACD220,10,0,16,23
ECOAH1m;HACD240,10,0,16,23
ECOAH1m;HACD260,10,0,16,23
ECOAH1m;HEXCCOAtr,10,0,16,23
ECOAH1m;HMGCOASi,6,0,20,23
ECOAH1m;HSD17B1,1,0,25,23
ECOAH1m;HSD17B8r,1,0,25,23
ECOAH1m;HSD180,9,0,17,23
ECOAH1m;HSD200,10,0,16,23
ECOAH1m;HSD220,10,0,16,23
ECOAH1m;HSD240,10,0,16,23
ECOAH1m;HSD260,10,0,16,23
ECOAH1m;ME2m,1,0,25,23
ECOAH1m;PDHa,2,0,24,23
ECOAH1m;PDHbr,2,0,24,23
ECOAH1m;PIGTHRDLtm,1,0,25,23
ECOAH1m;RTOT5,10,0,16,23
ECOAH1m;TECR180,9,0,17,23
ECOAH1m;TECR200,10,0,16,23
ECOAH1m;TECR220,10,0,16,23
ECOAH1m;TECR240,10,0,16,23
ECOAH1m;TECR260,10,0,16,23
ENO;FBA,1,0,25,23
ENO;GLUPROASCT1,1,0,25,23
ENO;GTPGDPtm,0,1,26,22
ENO;H2Otm,3,0,23,23
ENO;H2Stm,3,0,23,23
ENO;HCO3E,1,0,25,23
ENO;IMAGH,0,1,26,22
ENO;LARGEg,1,0,25,23
ENO;MALTSULtm,3,0,23,23
ENO;MAN1PT2,1,0,25,23
ENO;MAN6PI,1,0,25,23
ENO;NADH2_u10m,1,0,25,23
ENO;NDP7er,1,0,25,23
ENO;NDPK3,1,0,25,23
ENO;NQO2,1,0,25,23
ENO;O2t,0,1,26,22
ENO;PCOREM3terg,1,0,25,23
ENO;PEPCK,0,1,26,22
ENO;PEPCKm,0,1,26,22
ENO;PEPICITtm,0,1,26,22
ENO;PFK,1,0,25,23
ENO;PGCD,0,1,26,22
ENO;PGI,6,0,20,23
ENO;PIt2m_2,2,0,24,23
ENO;PMANM,1,0,25,23
ENO;POCDPRBTLT2g,1,0,25,23
ENO;POCDPRBTLTg,1,0,25,23
ENO;POGLCNACTg,1,0,25,23
ENO;POMGNGALNTr,1,0,25,23
ENO;POMGNTr,1,0,25,23
ENO;POMKr,1,0,25,23
ENO;POXYLTg,1,0,25,23
ENO;PRSDO,3,0,23,23
ENO;PSERT,0,1,26,22
ENO;PSP_L,0,1,26,22
ENO;PYK,1,0,25,23
ENO;RBT5PCYTr,1,0,25,23
ENO;RBT5PDH,1,0,25,23
ENO;RPE,6,0,20,23
ENO;RPI,1,1,25,22
ENO;SQOR2m,3,0,23,23
ENO;SQORm,3,0,23,23
ENO;TALA,6,0,20,23
ENO;THRA,0,1,26,22
ENO;TKT1,6,0,20,23
ENO;TKT2,6,0,20,23
ENO;TPI,1,1,25,22
ENO;TSCTS,3,0,23,23
ENO;TSULt4_3,3,0,23,23
ENO;TYROX,1,0,25,23
ENO;TYRTA,1,0,25,23
ENO;UACGAMUMPtr,1,0,25,23
ENO;UAG4E,1,0,25,23
ENO;UDPGD,1,0,25,23
ENO;UDPGLCAtg,1,0,25,23
ENO;UDPGLDCg,1,0,25,23
ENO;UGALNACter,1,0,25,23
ENO;UGLCNACtg,1,0,25,23
ENO;q10h2tc,1,0,25,23
ENO;q10tm,1,0,25,23
ESTRADIOLtr;FCYTOB5OXRr,2,0,24,23
ESTRADIOLtr;H2Otm,0,1,26,22
ESTRADIOLtr;HACD1m,1,0,25,23
ESTRADIOLtr;HMGCOASim,1,0,25,23
ESTRADIOLtr;HMGCOAtm,1,0,25,23
ESTRADIOLtr;NADH2_u10m,0,1,26,22
ESTRADIOLtr;PPA,0,1,26,22
ESTRADIOLtr;PPItm,1,0,25,23
ESTRONEtr;FCYTOB5OXRr,2,0,24,23
ESTRONEtr;H2Otm,0,1,26,22
ESTRONEtr;HACD1m,1,0,25,23
ESTRONEtr;HMGCOASim,1,0,25,23
ESTRONEtr;HMGCOAtm,1,0,25,23
ESTRONEtr;NADH2_u10m,0,1,26,22
ESTRONEtr;PPA,0,1,26,22
ESTRONEtr;PPItm,1,0,25,23
ETHAK;PCFLOPm,0,1,26,22
ETHAK;PEMET1,0,1,26,22
ETHAK;PEMET2,0,1,26,22
ETHAK;PETOHMm_hs,0,1,26,22
ETHAK;PSSA1_hs,0,1,26,22
ETHP;LHCYSTIN,1,0,25,23
ETHP;LHCYSTINt,1,0,25,23
ETHP;METAT,1,0,25,23
ETHP;PE_HStm,3,4,23,19
ETHP;PSDm_hs,3,3,23,20
ETHP;PSFLIPm,3,3,23,20
ETHP;PUNP1,1,0,25,23
F6T2g;UGCGc,1,0,25,23
F6T3g;FUCACNGALACGLCGALGLUSIDEte,0,1,26,22
F6T3g;FUCACNGALACGLCGALGLUSIDEtg,0,1,26,22
F6T3g;FUT32g,0,1,26,22
F6T3g;ST3GAL31g,0,1,26,22
F6T3g;UGCGc,0,1,26,22
FA140ACPH;ARTFR41,0,1,26,22
FA140ACPH;ARTPLM1m,0,1,26,22
FA140ACPH;FA180ACPH,0,1,26,22
FA140ACPH;FACOAL180i,0,1,26,22
FA140ACPH;GLYCt,0,1,26,22
FA140ACPH;PPCOAtm,0,1,26,22
FA140ACPH;RTOT4,0,1,26,22
FA140ACPH;R_group_phosphotase_1,0,1,26,22
FA180ACPH;ARTFR13,0,1,26,22
FA180ACPH;FACOAL140i,0,1,26,22
FA180ACPH;PNTK,0,1,26,22
FA180ACPH;PNTOt1,0,1,26,22
FA180ACPH;PPCDC,0,1,26,22
FA180ACPH;PPNCL2,0,1,26,22
FA180ACPH;PTPAT,0,1,26,22
FA180ACPH;RTOT1,0,1,26,22
FACOAL140i;ARTFR41,0,1,26,22
FACOAL140i;ARTPLM1m,0,1,26,22
FACOAL140i;FACOAL180i,0,1,26,22
FACOAL140i;GLYCt,0,1,26,22
FACOAL140i;PPCOAtm,0,1,26,22
FACOAL140i;RTOT4,0,1,26,22
FACOAL140i;R_group_phosphotase_1,0,1,26,22
FACOAL180i;ARTFR13,0,1,26,22
FACOAL180i;PNTK,0,1,26,22
FACOAL180i;PNTOt1,0,1,26,22
FACOAL180i;PPCDC,0,1,26,22
FACOAL180i;PPNCL2,0,1,26,22
FACOAL180i;PTPAT,0,1,26,22
FACOAL180i;RTOT1,0,1,26,22
FACOAL181i;ARTFR52,0,1,26,22
FACOAL181i;FAE200,0,1,26,22
FACOAL181i;FAE220,0,1,26,22
FACOAL181i;FAE240,0,1,26,22
FACOAL181i;FAE260,0,1,26,22
FACOAL181i;HACD200,0,1,26,22
FACOAL181i;HACD220,0,1,26,22
FACOAL181i;HACD240,0,1,26,22
FACOAL181i;HACD260,0,1,26,22
FACOAL181i;HEXCCOAtr,0,1,26,22
FACOAL181i;HSD200,0,1,26,22
FACOAL181i;HSD220,0,1,26,22
FACOAL181i;HSD240,0,1,26,22
FACOAL181i;HSD260,0,1,26,22
FACOAL181i;PNTK,0,1,26,22
FACOAL181i;PNTOt1,0,1,26,22
FACOAL181i;PPCDC,0,1,26,22
FACOAL181i;PPNCL2,0,1,26,22
FACOAL181i;PTPAT,0,1,26,22
FACOAL181i;RTOT5,0,1,26,22
FACOAL181i;TECR200,0,1,26,22
FACOAL181i;TECR220,0,1,26,22
FACOAL181i;TECR240,0,1,26,22
FACOAL181i;TECR260,0,1,26,22
FADDPle;GLUPROASCT1,0,1,26,22
FADDPle;PIt7,1,0,25,23
FADDPle;PPA,0,1,26,22
FADFADH2tm;ARTFR52,5,0,21,23
FADFADH2tm;FAE180,1,0,25,23
FADFADH2tm;FAE200,5,0,21,23
FADFADH2tm;FAE220,5,0,21,23
FADFADH2tm;FAE240,5,0,21,23
FADFADH2tm;FAE260,5,0,21,23
FADFADH2tm;HACD180,1,0,25,23
FADFADH2tm;HACD200,5,0,21,23
FADFADH2tm;HACD220,5,0,21,23
FADFADH2tm;HACD240,5,0,21,23
FADFADH2tm;HACD260,5,0,21,23
FADFADH2tm;HEXCCOAtr,5,0,21,23
FADFADH2tm;HSD180,1,0,25,23
FADFADH2tm;HSD200,5,0,21,23
FADFADH2tm;HSD220,5,0,21,23
FADFADH2tm;HSD240,5,0,21,23
FADFADH2tm;HSD260,5,0,21,23
FADFADH2tm;P5CRxm,0,1,26,22
FADFADH2tm;PIGTHRDLtm,1,0,25,23
FADFADH2tm;PROD2m,0,1,26,22
FADFADH2tm;RTOT5,3,0,23,23
FADFADH2tm;TECR180,1,0,25,23
FADFADH2tm;TECR200,5,0,21,23
FADFADH2tm;TECR220,5,0,21,23
FADFADH2tm;TECR240,5,0,21,23
FADFADH2tm;TECR260,5,0,21,23
FADte;GLUPROASCT1,0,1,26,22
FADte;PIt7,1,0,25,23
FADte;PPA,0,1,26,22
FAE180;ARTFR33,8,0,18,23
FAE180;ARTFR43,7,0,19,23
FAE180;FAE181,15,0,11,23
FAE180;G3PD2m,1,0,25,23
FAE180;G5SADr,1,0,25,23
FAE180;GLCOASYNT,1,0,25,23
FAE180;GLU5SAtmc,1,0,25,23
FAE180;GLUt2m,1,0,25,23
FAE180;GTPGDPtm,1,0,25,23
FAE180;HACD181,15,0,11,23
FAE180;HACD1m,9,0,17,23
FAE180;HMGCOASim,5,0,21,23
FAE180;HMGCOAtm,5,0,21,23
FAE180;HSD181,15,0,11,23
FAE180;LYStm,1,0,25,23
FAE180;MDHm,1,0,25,23
FAE180;OCTD11ECOAtr,15,0,11,23
FAE180;ORNTArm,1,0,25,23
FAE180;OXOADLR,1,0,25,23
FAE180;P45011A1m,5,0,21,23
FAE180;PNTK,0,2,26,21
FAE180;PNTOt1,0,2,26,21
FAE180;PPCDC,0,2,26,21
FAE180;PPItm,10,0,16,23
FAE180;PPNCL2,0,2,26,21
FAE180;PRGNLONEtm,5,0,21,23
FAE180;PRGNLONEtr,1,0,25,23
FAE180;PROD2,1,0,25,23
FAE180;PROGLUtm,1,0,25,23
FAE180;PROtm,1,0,25,23
FAE180;PTPAT,0,2,26,21
FAE180;PYRAKGte,1,0,25,23
FAE180;RTOT3,8,0,18,23
FAE180;RTOT4,6,0,20,23
FAE180;SACCD4m,1,0,25,23
FAE180;TD2GLTRCOAm,1,0,25,23
FAE180;TECR181,15,0,11,23
FAE180;THFtm,1,0,25,23
FAE180;TRDR,0,3,26,20
FAE181;HACD180,15,0,11,23
FAE181;HSD180,15,0,11,23
FAE181;RTOT5,1,0,25,23
FAE181;TECR180,15,0,11,23
FAE200;ARTFR42,0,1,26,22
FAE200;ARTFR45,4,0,22,23
FAE200;ARTFR56,2,0,24,23
FAE200;FAE201,6,0,20,23
FAE200;FAE221,6,0,20,23
FAE200;FAE224,2,0,24,23
FAE200;FAE241,6,0,20,23
FAE200;FAE244,2,0,24,23
FAE200;FALDtm,1,0,25,23
FAE200;FALDtx,1,0,25,23
FAE200;G3PD2m,1,0,25,23
FAE200;G5SADr,1,0,25,23
FAE200;GALU,2,0,24,23
FAE200;GF6PTA,2,0,24,23
FAE200;GLU5SAtmc,1,0,25,23
FAE200;GLUt2m,1,0,25,23
FAE200;GLYBtm,1,0,25,23
FAE200;GLYtp,1,0,25,23
FAE200;GTPGDPtm,1,0,25,23
FAE200;H2O2tp,1,0,25,23
FAE200;H2Otg,2,0,24,23
FAE200;H2Otp,1,0,25,23
FAE200;HACD1m,10,0,16,23
FAE200;HACD201,6,0,20,23
FAE200;HACD221,6,0,20,23
FAE200;HACD224,2,0,24,23
FAE200;HACD241,6,0,20,23
FAE200;HACD244,2,0,24,23
FAE200;HMGCOASim,5,0,21,23
FAE200;HMGCOAtm,5,0,21,23
FAE200;HMGDH,1,0,25,23
FAE200;HMGS,1,0,25,23
FAE200;HSD201,6,0,20,23
FAE200;HSD221,6,0,20,23
FAE200;HSD224,2,0,24,23
FAE200;HSD241,6,0,20,23
FAE200;HSD244,2,0,24,23
FAE200;Htg,2,0,24,23
FAE200;LACLt,1,0,25,23
FAE200;LDH_Lp,1,0,25,23
FAE200;MDHm,1,0,25,23
FAE200;METAT,1,0,25,23
FAE200;NDP7g,2,0,24,23
FAE200;NH4tp,1,0,25,23
FAE200;NRVNCCOAtr,6,0,20,23
FAE200;NRVNCCOAtxc,2,0,24,23
FAE200;O2tp,3,0,23,23
FAE200;OCDEAFABP1tc,0,1,26,22
FAE200;ORNTArm,1,0,25,23
FAE200;P45011A1m,1,1,25,22
FAE200;PGMT,2,0,24,23
FAE200;PItg,2,0,24,23
FAE200;PPItm,11,0,15,23
FAE200;PRGNLONEtm,1,1,25,22
FAE200;PRGNLONEtr,1,1,25,22
FAE200;PROD2,1,0,25,23
FAE200;RTOT4,5,1,21,22
FAE200;R_group_phosphotase_1,2,0,24,23
FAE200;SARCOXp,1,0,25,23
FAE200;SARCStm,1,0,25,23
FAE200;SARCStp,1,0,25,23
FAE200;SE4,0,1,26,22
FAE200;SFGTH,1,0,25,23
FAE200;SMPD4,2,0,24,23
FAE200;SOAT3,0,1,26,22
FAE200;SPHK21c,2,0,24,23
FAE200;SPHMDAc,2,0,24,23
FAE200;SPHS1Pte,2,0,24,23
FAE200;TECR201,6,0,20,23
FAE200;TECR221,6,0,20,23
FAE200;TECR224,2,0,24,23
FAE200;TECR241,6,0,20,23
FAE200;TECR244,2,0,24,23
FAE200;TTCTECOAtr,2,0,24,23
FAE200;UAGDP,2,0,24,23
FAE200;UDPG4E,2,0,24,23
FAE200;UDPGALtg,2,0,24,23
FAE200;UGCGc,2,0,24,23
FAE201;ARTFR52,6,0,20,23
FAE201;FAE220,6,0,20,23
FAE201;FAE240,6,0,20,23
FAE201;FAE260,6,0,20,23
FAE201;HACD200,6,0,20,23
FAE201;HACD220,6,0,20,23
FAE201;HACD240,6,0,20,23
FAE201;HACD260,6,0,20,23
FAE201;HEXCCOAtr,6,0,20,23
FAE201;HSD200,6,0,20,23
FAE201;HSD220,6,0,20,23
FAE201;HSD240,6,0,20,23
FAE201;HSD260,6,0,20,23
FAE201;RTOT5,4,0,22,23
FAE201;TECR200,6,0,20,23
FAE201;TECR220,6,0,20,23
FAE201;TECR240,6,0,20,23
FAE201;TECR260,6,0,20,23
FAE201;TRDR,0,3,26,20
FAE2031;Htr,1,0,25,23
FAE2031;PPA,2,0,24,23
FAE2031;THRA,2,0,24,23
FAE2031;TXA2tr,1,0,25,23
FAE2031;TXB2c,1,0,25,23
FAE2031;TXB2r,1,0,25,23
FAE2031;TXB2tr,1,0,25,23
FAE220;ARTFR42,0,1,26,22
FAE220;ARTFR45,4,0,22,23
FAE220;ARTFR56,2,0,24,23
FAE220;FAE221,6,0,20,23
FAE220;FAE224,2,0,24,23
FAE220;FAE241,6,0,20,23
FAE220;FAE244,2,0,24,23
FAE220;FALDtm,1,0,25,23
FAE220;FALDtx,1,0,25,23
FAE220;G3PD2m,1,0,25,23
FAE220;G5SADr,1,0,25,23
FAE220;GALU,2,0,24,23
FAE220;GF6PTA,2,0,24,23
FAE220;GLU5SAtmc,1,0,25,23
FAE220;GLUt2m,1,0,25,23
FAE220;GLYBtm,1,0,25,23
FAE220;GLYtp,1,0,25,23
FAE220;GTPGDPtm,1,0,25,23
FAE220;H2O2tp,1,0,25,23
FAE220;H2Otg,2,0,24,23
FAE220;H2Otp,1,0,25,23
FAE220;HACD1m,10,0,16,23
FAE220;HACD201,6,0,20,23
FAE220;HACD221,6,0,20,23
FAE220;HACD224,2,0,24,23
FAE220;HACD241,6,0,20,23
FAE220;HACD244,2,0,24,23
FAE220;HMGCOASim,5,0,21,23
FAE220;HMGCOAtm,5,0,21,23
FAE220;HMGDH,1,0,25,23
FAE220;HMGS,1,0,25,23
FAE220;HSD201,6,0,20,23
FAE220;HSD221,6,0,20,23
FAE220;HSD224,2,0,24,23
FAE220;HSD241,6,0,20,23
FAE220;HSD244,2,0,24,23
FAE220;Htg,2,0,24,23
FAE220;LACLt,1,0,25,23
FAE220;LDH_Lp,1,0,25,23
FAE220;MDHm,1,0,25,23
FAE220;METAT,1,0,25,23
FAE220;NDP7g,2,0,24,23
FAE220;NH4tp,1,0,25,23
FAE220;NRVNCCOAtr,6,0,20,23
FAE220;NRVNCCOAtxc,2,0,24,23
FAE220;O2tp,3,0,23,23
FAE220;OCDEAFABP1tc,0,1,26,22
FAE220;ORNTArm,1,0,25,23
FAE220;P45011A1m,1,1,25,22
FAE220;PGMT,2,0,24,23
FAE220;PItg,2,0,24,23
FAE220;PPItm,11,0,15,23
FAE220;PRGNLONEtm,1,1,25,22
FAE220;PRGNLONEtr,1,1,25,22
FAE220;PROD2,1,0,25,23
FAE220;RTOT4,5,1,21,22
FAE220;R_group_phosphotase_1,2,0,24,23
FAE220;SARCOXp,1,0,25,23
FAE220;SARCStm,1,0,25,23
FAE220;SARCStp,1,0,25,23
FAE220;SE4,0,1,26,22
FAE220;SFGTH,1,0,25,23
FAE220;SMPD4,2,0,24,23
FAE220;SOAT3,0,1,26,22
FAE220;SPHK21c,2,0,24,23
FAE220;SPHMDAc,2,0,24,23
FAE220;SPHS1Pte,2,0,24,23
FAE220;TECR201,6,0,20,23
FAE220;TECR221,6,0,20,23
FAE220;TECR224,2,0,24,23
FAE220;TECR241,6,0,20,23
FAE220;TECR244,2,0,24,23
FAE220;TTCTECOAtr,2,0,24,23
FAE220;UAGDP,2,0,24,23
FAE220;UDPG4E,2,0,24,23
FAE220;UDPGALtg,2,0,24,23
FAE220;UGCGc,2,0,24,23
FAE221;ARTFR52,6,0,20,23
FAE221;FAE240,6,0,20,23
FAE221;FAE260,6,0,20,23
FAE221;HACD200,6,0,20,23
FAE221;HACD220,6,0,20,23
FAE221;HACD240,6,0,20,23
FAE221;HACD260,6,0,20,23
FAE221;HEXCCOAtr,6,0,20,23
FAE221;HSD200,6,0,20,23
FAE221;HSD220,6,0,20,23
FAE221;HSD240,6,0,20,23
FAE221;HSD260,6,0,20,23
FAE221;RTOT5,4,0,22,23
FAE221;TECR200,6,0,20,23
FAE221;TECR220,6,0,20,23
FAE221;TECR240,6,0,20,23
FAE221;TECR260,6,0,20,23
FAE221;TRDR,0,3,26,20
FAE224;ARTFR52,2,0,24,23
FAE224;FAE240,2,0,24,23
FAE224;FAE260,2,0,24,23
FAE224;HACD200,2,0,24,23
FAE224;HACD220,2,0,24,23
FAE224;HACD240,2,0,24,23
FAE224;HACD260,2,0,24,23
FAE224;HEXCCOAtr,2,0,24,23
FAE224;HSD200,2,0,24,23
FAE224;HSD220,2,0,24,23
FAE224;HSD240,2,0,24,23
FAE224;HSD260,2,0,24,23
FAE224;PMTCOAFABP1tc,0,1,26,22
FAE224;TECR200,2,0,24,23
FAE224;TECR220,2,0,24,23
FAE224;TECR240,2,0,24,23
FAE224;TECR260,2,0,24,23
FAE240;ARTFR42,0,1,26,22
FAE240;ARTFR45,4,0,22,23
FAE240;ARTFR56,2,0,24,23
FAE240;FAE241,6,0,20,23
FAE240;FAE244,2,0,24,23
FAE240;FALDtm,1,0,25,23
FAE240;FALDtx,1,0,25,23
FAE240;G3PD2m,1,0,25,23
FAE240;G5SADr,1,0,25,23
FAE240;GALU,2,0,24,23
FAE240;GF6PTA,2,0,24,23
FAE240;GLU5SAtmc,1,0,25,23
FAE240;GLUt2m,1,0,25,23
FAE240;GLYBtm,1,0,25,23
FAE240;GLYtp,1,0,25,23
FAE240;GTPGDPtm,1,0,25,23
FAE240;H2O2tp,1,0,25,23
FAE240;H2Otg,2,0,24,23
FAE240;H2Otp,1,0,25,23
FAE240;HACD1m,10,0,16,23
FAE240;HACD201,6,0,20,23
FAE240;HACD221,6,0,20,23
FAE240;HACD224,2,0,24,23
FAE240;HACD241,6,0,20,23
FAE240;HACD244,2,0,24,23
FAE240;HMGCOASim,5,0,21,23
FAE240;HMGCOAtm,5,0,21,23
FAE240;HMGDH,1,0,25,23
FAE240;HMGS,1,0,25,23
FAE240;HSD201,6,0,20,23
FAE240;HSD221,6,0,20,23
FAE240;HSD224,2,0,24,23
FAE240;HSD241,6,0,20,23
FAE240;HSD244,2,0,24,23
FAE240;Htg,2,0,24,23
FAE240;LACLt,1,0,25,23
FAE240;LDH_Lp,1,0,25,23
FAE240;MDHm,1,0,25,23
FAE240;METAT,1,0,25,23
FAE240;NDP7g,2,0,24,23
FAE240;NH4tp,1,0,25,23
FAE240;NRVNCCOAtr,6,0,20,23
FAE240;NRVNCCOAtxc,2,0,24,23
FAE240;O2tp,3,0,23,23
FAE240;OCDEAFABP1tc,0,1,26,22
FAE240;ORNTArm,1,0,25,23
FAE240;P45011A1m,1,1,25,22
FAE240;PGMT,2,0,24,23
FAE240;PItg,2,0,24,23
FAE240;PPItm,11,0,15,23
FAE240;PRGNLONEtm,1,1,25,22
FAE240;PRGNLONEtr,1,1,25,22
FAE240;PROD2,1,0,25,23
FAE240;RTOT4,5,1,21,22
FAE240;R_group_phosphotase_1,2,0,24,23
FAE240;SARCOXp,1,0,25,23
FAE240;SARCStm,1,0,25,23
FAE240;SARCStp,1,0,25,23
FAE240;SE4,0,1,26,22
FAE240;SFGTH,1,0,25,23
FAE240;SMPD4,2,0,24,23
FAE240;SOAT3,0,1,26,22
FAE240;SPHK21c,2,0,24,23
FAE240;SPHMDAc,2,0,24,23
FAE240;SPHS1Pte,2,0,24,23
FAE240;TECR201,6,0,20,23
FAE240;TECR221,6,0,20,23
FAE240;TECR224,2,0,24,23
FAE240;TECR241,6,0,20,23
FAE240;TECR244,2,0,24,23
FAE240;TTCTECOAtr,2,0,24,23
FAE240;UAGDP,2,0,24,23
FAE240;UDPG4E,2,0,24,23
FAE240;UDPGALtg,2,0,24,23
FAE240;UGCGc,2,0,24,23
FAE241;ARTFR52,6,0,20,23
FAE241;FAE260,6,0,20,23
FAE241;HACD200,6,0,20,23
FAE241;HACD220,6,0,20,23
FAE241;HACD240,6,0,20,23
FAE241;HACD260,6,0,20,23
FAE241;HEXCCOAtr,6,0,20,23
FAE241;HSD200,6,0,20,23
FAE241;HSD220,6,0,20,23
FAE241;HSD240,6,0,20,23
FAE241;HSD260,6,0,20,23
FAE241;RTOT5,4,0,22,23
FAE241;TECR200,6,0,20,23
FAE241;TECR220,6,0,20,23
FAE241;TECR240,6,0,20,23
FAE241;TECR260,6,0,20,23
FAE241;TRDR,0,3,26,20
FAE244;ARTFR52,2,0,24,23
FAE244;FAE260,2,0,24,23
FAE244;HACD200,2,0,24,23
FAE244;HACD220,2,0,24,23
FAE244;HACD240,2,0,24,23
FAE244;HACD260,2,0,24,23
FAE244;HEXCCOAtr,2,0,24,23
FAE244;HSD200,2,0,24,23
FAE244;HSD220,2,0,24,23
FAE244;HSD240,2,0,24,23
FAE244;HSD260,2,0,24,23
FAE244;TECR200,2,0,24,23
FAE244;TECR220,2,0,24,23
FAE244;TECR240,2,0,24,23
FAE244;TECR260,2,0,24,23
FAE260;ARTFR42,0,1,26,22
FAE260;ARTFR45,4,0,22,23
FAE260;ARTFR56,2,0,24,23
FAE260;FALDtm,1,0,25,23
FAE260;FALDtx,1,0,25,23
FAE260;G3PD2m,1,0,25,23
FAE260;G5SADr,1,0,25,23
FAE260;GALU,2,0,24,23
FAE260;GF6PTA,2,0,24,23
FAE260;GLU5SAtmc,1,0,25,23
FAE260;GLUt2m,1,0,25,23
FAE260;GLYBtm,1,0,25,23
FAE260;GLYtp,1,0,25,23
FAE260;GTPGDPtm,1,0,25,23
FAE260;H2O2tp,1,0,25,23
FAE260;H2Otg,2,0,24,23
FAE260;H2Otp,1,0,25,23
FAE260;HACD1m,10,0,16,23
FAE260;HACD201,6,0,20,23
FAE260;HACD221,6,0,20,23
FAE260;HACD224,2,0,24,23
FAE260;HACD241,6,0,20,23
FAE260;HACD244,2,0,24,23
FAE260;HMGCOASim,5,0,21,23
FAE260;HMGCOAtm,5,0,21,23
FAE260;HMGDH,1,0,25,23
FAE260;HMGS,1,0,25,23
FAE260;HSD201,6,0,20,23
FAE260;HSD221,6,0,20,23
FAE260;HSD224,2,0,24,23
FAE260;HSD241,6,0,20,23
FAE260;HSD244,2,0,24,23
FAE260;Htg,2,0,24,23
FAE260;LACLt,1,0,25,23
FAE260;LDH_Lp,1,0,25,23
FAE260;MDHm,1,0,25,23
FAE260;METAT,1,0,25,23
FAE260;NDP7g,2,0,24,23
FAE260;NH4tp,1,0,25,23
FAE260;NRVNCCOAtr,6,0,20,23
FAE260;NRVNCCOAtxc,2,0,24,23
FAE260;O2tp,3,0,23,23
FAE260;OCDEAFABP1tc,0,1,26,22
FAE260;ORNTArm,1,0,25,23
FAE260;P45011A1m,1,1,25,22
FAE260;PGMT,2,0,24,23
FAE260;PItg,2,0,24,23
FAE260;PPItm,11,0,15,23
FAE260;PRGNLONEtm,1,1,25,22
FAE260;PRGNLONEtr,1,1,25,22
FAE260;PROD2,1,0,25,23
FAE260;RTOT4,5,1,21,22
FAE260;R_group_phosphotase_1,2,0,24,23
FAE260;SARCOXp,1,0,25,23
FAE260;SARCStm,1,0,25,23
FAE260;SARCStp,1,0,25,23
FAE260;SE4,0,1,26,22
FAE260;SFGTH,1,0,25,23
FAE260;SMPD4,2,0,24,23
FAE260;SOAT3,0,1,26,22
FAE260;SPHK21c,2,0,24,23
FAE260;SPHMDAc,2,0,24,23
FAE260;SPHS1Pte,2,0,24,23
FAE260;TECR201,6,0,20,23
FAE260;TECR221,6,0,20,23
FAE260;TECR224,2,0,24,23
FAE260;TECR241,6,0,20,23
FAE260;TECR244,2,0,24,23
FAE260;TTCTECOAtr,2,0,24,23
FAE260;UAGDP,2,0,24,23
FAE260;UDPG4E,2,0,24,23
FAE260;UDPGALtg,2,0,24,23
FAE260;UGCGc,2,0,24,23
FALDte;PSDm_hs,0,1,26,22
FALDte;PSFLIPm,0,1,26,22
FALDtm;ARTFR52,1,0,25,23
FALDtm;HACD200,1,0,25,23
FALDtm;HACD220,1,0,25,23
FALDtm;HACD240,1,0,25,23
FALDtm;HACD260,1,0,25,23
FALDtm;HEXCCOAtr,1,0,25,23
FALDtm;HSD200,1,0,25,23
FALDtm;HSD220,1,0,25,23
FALDtm;HSD240,1,0,25,23
FALDtm;HSD260,1,0,25,23
FALDtm;PNTK,0,1,26,22
FALDtm;PNTOt1,0,1,26,22
FALDtm;PPCDC,0,1,26,22
FALDtm;PPNCL2,0,1,26,22
FALDtm;PTPAT,0,1,26,22
FALDtm;RTOT5,1,0,25,23
FALDtm;TECR200,1,0,25,23
FALDtm;TECR220,1,0,25,23
FALDtm;TECR240,1,0,25,23
FALDtm;TECR260,1,0,25,23
FALDtn;PIt2m_2,0,1,26,22
FALDtn;PPAm,0,1,26,22
FALDtn;PSDm_hs,1,1,25,22
FALDtn;PSFLIPm,1,1,25,22
FALDtn;SERTm,0,1,26,22
FALDtn;THRA,1,0,25,23
FALDtx;ARTFR52,1,0,25,23
FALDtx;HACD200,1,0,25,23
FALDtx;HACD220,1,0,25,23
FALDtx;HACD240,1,0,25,23
FALDtx;HACD260,1,0,25,23
FALDtx;HEXCCOAtr,1,0,25,23
FALDtx;HSD200,1,0,25,23
FALDtx;HSD220,1,0,25,23
FALDtx;HSD240,1,0,25,23
FALDtx;HSD260,1,0,25,23
FALDtx;PNTK,0,1,26,22
FALDtx;PNTOt1,0,1,26,22
FALDtx;PPCDC,0,1,26,22
FALDtx;PPNCL2,0,1,26,22
FALDtx;PTPAT,0,1,26,22
FALDtx;RTOT5,1,0,25,23
FALDtx;TECR200,1,0,25,23
FALDtx;TECR220,1,0,25,23
FALDtx;TECR240,1,0,25,23
FALDtx;TECR260,1,0,25,23
FBA2;TPI,2,0,24,23
FBA3;ACITLn,1,0,25,23
FBA3;ADPtn,1,0,25,23
FBA3;CITtn,1,0,25,23
FBA3;G6PDH2r,1,0,25,23
FBA3;GND,1,0,25,23
FBA3;ICDHyrm,1,0,25,23
FBA3;OAAtn,1,0,25,23
FBA3;OXALSUCCCLm,1,0,25,23
FBA3;PEPCK,1,0,25,23
FBA3;PFK,3,1,23,22
FBA3;PGI,4,2,22,21
FBA3;PGL,1,0,25,23
FBA3;RPE,1,0,25,23
FBA3;RPI,1,0,25,23
FBA3;SUCCACONtm,1,0,25,23
FBA3;TALA,1,0,25,23
FBA3;TKT1,1,0,25,23
FBA3;TKT2,1,0,25,23
FBA3;TPI,1,0,25,23
FBA;FBA3,3,1,23,22
FBA;FECR,1,0,25,23
FBA;FERO,1,0,25,23
FBA;GAPD,1,0,25,23
FBA;H2Otm,1,0,25,23
FBA;H2Stm,1,0,25,23
FBA;HEX12,1,0,25,23
FBA;MALTSULtm,1,0,25,23
FBA;PFK_3,2,1,24,22
FBA;PFK_4,1,0,25,23
FBA;PGI,5,0,21,23
FBA;PGK,1,0,25,23
FBA;PGM,1,0,25,23
FBA;PIGTHRDLtm,1,0,25,23
FBA;PRSDO,1,0,25,23
FBA;PUNP1,0,2,26,21
FBA;RPE,3,1,23,22
FBA;RPI,0,2,26,21
FBA;SQOR2m,1,0,25,23
FBA;SQORm,1,0,25,23
FBA;TKT1,3,1,23,22
FBA;TKT2,3,1,23,22
FBA;TPI,1,2,25,21
FBA;TSCTS,1,0,25,23
FBA;TSULt4_3,1,0,25,23
FBP;HEX12,1,0,25,23
FBP;PGI,2,0,24,23
FCLTm;GLUPROASCT1,0,1,26,22
FCLTm;GTPGDPtm,0,1,26,22
FCLTm;H2Otg,0,1,26,22
FCLTm;HCO3tm,1,0,25,23
FCLTm;Htg,0,1,26,22
FCLTm;ICDHyr,0,1,26,22
FCLTm;ICITCITtm,0,1,26,22
FCLTm;L_LACt2r,0,1,26,22
FCLTm;MAL_Lte,1,0,25,23
FCLTm;MDHm,1,0,25,23
FCLTm;NDP7g,0,1,26,22
FCLTm;NH4tm,1,0,25,23
FCLTm;O2tm,0,1,26,22
FCLTm;OCBTm,1,0,25,23
FCLTm;OROTGLUt,0,1,26,22
FCLTm;OROTi,0,1,26,22
FCLTm;OXALSUCCCL,0,1,26,22
FCLTm;PEPCKm,1,0,25,23
FCLTm;PGI,0,1,26,22
FCLTm;PIGTHRDLtm,1,0,25,23
FCLTm;PIMALtm,0,1,26,22
FCLTm;PIt2m_2,0,1,26,22
FCLTm;PItg,0,1,26,22
FCLTm;PROGLUtm,0,1,26,22
FCLTm;PROtm,0,1,26,22
FCLTm;RDH1,1,0,25,23
FCLTm;RDH1a,1,0,25,23
FCLTm;SO3AKGtm,0,1,26,22
FCLTm;SO3MALtm,0,1,26,22
FCLTm;SUCCICITtm,1,0,25,23
FCLTm;SUCCt4_2,1,0,25,23
FCLTm;SUCOAS1m,0,2,26,21
FCLTm;THFtm,1,0,25,23
FCLTm;THRA,0,2,26,21
FCYTOB5OXRr;FCYTOB5OXRyr,2,0,24,23
FCYTOB5OXRr;HSD17B1,2,0,24,23
FCYTOB5OXRr;HSD17B8r,2,0,24,23
FCYTOB5OXRyr;HMGCOASi,1,0,25,23
FDH;FORt2m,0,1,26,22
FDH;FTHFLm,0,1,26,22
FDH;THFtm,0,1,26,22
FE2tm;FERO,2,0,24,23
FE2tm;GLUPROASCT1,0,1,26,22
FE2tm;GTPGDPtm,0,1,26,22
FE2tm;H2Otg,0,1,26,22
FE2tm;HCO3tm,1,0,25,23
FE2tm;Htg,0,1,26,22
FE2tm;ICDHyr,0,1,26,22
FE2tm;ICITCITtm,0,1,26,22
FE2tm;L_LACt2r,0,1,26,22
FE2tm;MAL_Lte,1,0,25,23
FE2tm;MDHm,1,0,25,23
FE2tm;NDP7g,0,1,26,22
FE2tm;NH4tm,1,0,25,23
FE2tm;O2tm,0,1,26,22
FE2tm;OCBTm,1,0,25,23
FE2tm;OROTGLUt,0,1,26,22
FE2tm;OROTi,0,1,26,22
FE2tm;OXALSUCCCL,0,1,26,22
FE2tm;PEPCKm,1,0,25,23
FE2tm;PGI,0,1,26,22
FE2tm;PIGTHRDLtm,1,0,25,23
FE2tm;PIMALtm,0,1,26,22
FE2tm;PIt2m_2,0,1,26,22
FE2tm;PItg,0,1,26,22
FE2tm;PROGLUtm,0,1,26,22
FE2tm;PROtm,0,1,26,22
FE2tm;RDH1,1,0,25,23
FE2tm;RDH1a,1,0,25,23
FE2tm;SO3AKGtm,0,1,26,22
FE2tm;SO3MALtm,0,1,26,22
FE2tm;SUCCICITtm,1,0,25,23
FE2tm;SUCCt4_2,1,0,25,23
FE2tm;SUCOAS1m,0,2,26,21
FE2tm;THFtm,1,0,25,23
FE2tm;THRA,0,2,26,21
FE3tm;FERO,2,0,24,23
FECR;H2Stm,1,0,25,23
FECR;Htx,1,0,25,23
FECR;LACLt,1,0,25,23
FECR;LDH_Lp,1,0,25,23
FECR;L_LACt4r_2,1,0,25,23
FECR;MALTSULtm,1,0,25,23
FECR;NADHtpu,1,0,25,23
FECR;NADtx,1,0,25,23
FECR;NAt5,1,0,25,23
FECR;NH4tp,1,0,25,23
FECR;O2tp,1,0,25,23
FECR;PFK,1,0,25,23
FECR;PGI,1,0,25,23
FECR;PRSDO,1,0,25,23
FECR;PYK,1,0,25,23
FECR;SQOR2m,1,0,25,23
FECR;SQORm,1,0,25,23
FECR;TSCTS,1,0,25,23
FECR;TSULt4_3,1,0,25,23
FERO;FTMTm,2,0,24,23
FERO;H2Otm,1,0,25,23
FERO;H2Stm,1,0,25,23
FERO;Htx,1,0,25,23
FERO;LACLt,1,0,25,23
FERO;LDH_Lp,1,0,25,23
FERO;L_LACt4r_2,1,0,25,23
FERO;MALTSULtm,1,0,25,23
FERO;NADHtpu,1,0,25,23
FERO;NADtx,1,0,25,23
FERO;NAt5,1,0,25,23
FERO;NH4tp,1,0,25,23
FERO;O2tp,1,0,25,23
FERO;PFK,1,0,25,23
FERO;PGI,1,0,25,23
FERO;PRSDO,1,0,25,23
FERO;PYK,1,0,25,23
FERO;SQOR2m,1,0,25,23
FERO;SQORm,1,0,25,23
FERO;TSCTS,1,0,25,23
FERO;TSULt4_3,1,0,25,23
FKYNH;PIt2m_2,1,0,25,23
FMNALKPle;GLUPROASCT1,0,1,26,22
FMNALKPle;PIt7,1,0,25,23
FMNALKPle;PPA,0,1,26,22
FMNAT;GLUPROASCT1,0,1,26,22
FMNAT;PIt7,1,0,25,23
FMNAT;PPA,0,1,26,22
FOLR2;FTHFDHm,1,0,25,23
FOLR2;GTHO,0,1,26,22
FOLR2;GTHP,0,1,26,22
FOLR2;GUAD,1,0,25,23
FOLR2;H2O2tp,1,0,25,23
FOLR2;H2Otm,1,0,25,23
FOLR2;LACLt,1,0,25,23
FOLR2;LDH_D,1,0,25,23
FOLR2;LDH_Lp,1,0,25,23
FOLR2;NADH2_u10m,1,0,25,23
FOLR2;NH4tp,1,0,25,23
FOLR2;NKCC2t,0,1,26,22
FOLR2;NTD9,1,0,25,23
FOLR2;O2t,0,1,26,22
FOLR2;PIt2m_2,1,0,25,23
FOLR2;PUNP3,1,0,25,23
FOLR2;RNAdeg,0,2,26,21
FOLR2;THFtm,1,0,25,23
FOLR2;URATEabc,1,0,25,23
FOLR2;URATEti,1,0,25,23
FOLR2;URATEtx,1,0,25,23
FOLR2;XANDp,1,0,25,23
FOLR2;XANtx,1,0,25,23
FOLR2;XAO,1,0,25,23
FOLt2;FOLte,1,0,25,23
FOLt2;FTHFDHm,1,0,25,23
FOLt2;G5SDym,0,1,26,22
FOLt2;GLU5Km,0,1,26,22
FOLt2;GLUt2m,0,1,26,22
FOLt2;GTHO,0,1,26,22
FOLt2;GTHP,0,1,26,22
FOLt2;GUAD,1,0,25,23
FOLt2;H2O2tp,1,0,25,23
FOLt2;H2Otm,1,1,25,22
FOLt2;LACLt,1,0,25,23
FOLt2;LDH_D,1,0,25,23
FOLt2;LDH_Lp,1,0,25,23
FOLt2;MTHFC,0,1,26,22
FOLt2;MTHFD,0,1,26,22
FOLt2;NADH2_u10m,1,1,25,22
FOLt2;NH4tp,1,0,25,23
FOLt2;NKCC2t,0,1,26,22
FOLt2;NTD9,1,0,25,23
FOLt2;O2t,0,1,26,22
FOLt2;ORNTArm,0,1,26,22
FOLt2;PIt2m_2,1,1,25,22
FOLt2;PUNP3,1,0,25,23
FOLt2;RNAdeg,0,2,26,21
FOLt2;THFtm,1,1,25,22
FOLt2;URATEabc,1,0,25,23
FOLt2;URATEt,1,0,25,23
FOLt2;URATEti,1,0,25,23
FOLt2;URATEtx,1,0,25,23
FOLt2;XANDp,1,0,25,23
FOLt2;XANtx,1,0,25,23
FOLt2;XAO,1,0,25,23
FOLtm;G5SDym,0,1,26,22
FOLtm;GLU5Km,0,1,26,22
FOLtm;GLUt2m,0,1,26,22
FOLtm;H2Otm,0,1,26,22
FOLtm;MTHFC,0,1,26,22
FOLtm;MTHFD,0,1,26,22
FOLtm;NADH2_u10m,0,1,26,22
FOLtm;ORNTArm,0,1,26,22
FOLtm;PIt2m_2,0,1,26,22
FOLtm;THFtm,0,2,26,21
FORt2m;G5SDym,0,1,26,22
FORt2m;GHMT2rm,0,8,26,15
FORt2m;GLU5Km,0,1,26,22
FORt2m;GLUt2m,0,1,26,22
FORt2m;GLYtm,0,4,26,19
FORt2m;HCO3tm,0,1,26,22
FORt2m;ICDHyrm,0,1,26,22
FORt2m;ITCOALm,0,1,26,22
FORt2m;LDH_Lm,0,1,26,22
FORt2m;L_LACtm,0,1,26,22
FORt2m;MTHFCm,0,8,26,15
FORt2m;MTHFDm,0,8,26,15
FORt2m;ORNTArm,0,1,26,22
FORt2m;OXALSUCCCLm,0,1,26,22
FORt2m;P45011A1m,0,1,26,22
FORt2m;PIMALtm,0,1,26,22
FORt2m;PIt2m_2,0,3,26,20
FORt2m;PRGNLONEtm,0,1,26,22
FORt2m;SERTm,0,8,26,15
FORt2m;SO4AKGtm,0,1,26,22
FORt2m;SO4MALtm,0,1,26,22
FRDPtc;GACMTRc,1,0,25,23
FRDPtc;GLYAMDTRc,1,0,25,23
FRDPtc;HCO3tm,1,0,25,23
FRDPtc;NH4tm,1,0,25,23
FRDPtc;O2Stm,1,0,25,23
FRDPtc;OCBTm,1,0,25,23
FRDPtc;ORNt4m,1,0,25,23
FRDPtc;PCREATtmdiffir,1,0,25,23
FTCD;GHMT2r,0,3,26,20
FTCD;GHMT2rm,0,2,26,21
FTCD;GLYtm,0,1,26,22
FTCD;MTHFCm,0,2,26,21
FTCD;MTHFDm,0,2,26,21
FTCD;SERTm,0,2,26,21
FTCD;SERt4,0,1,26,22
FTCD;THFtm,0,2,26,21
FTHFDHm;GLUDym,0,1,26,22
FTHFDHm;H2Otm,1,0,25,23
FTHFDHm;HCO3Em,0,1,26,22
FTHFDHm;HCO3tm,0,1,26,22
FTHFDHm;ICDHxrm,1,0,25,23
FTHFDHm;MTHFR3x,1,0,25,23
FTHFDHm;NH4tm,0,1,26,22
FTHFDHm;RDH1,1,0,25,23
FTHFDHm;RDH1a,1,0,25,23
FTHFLm;G5SDym,0,1,26,22
FTHFLm;GHMT2rm,0,8,26,15
FTHFLm;GLU5Km,0,1,26,22
FTHFLm;GLUt2m,0,1,26,22
FTHFLm;GLYtm,0,4,26,19
FTHFLm;HCO3tm,0,1,26,22
FTHFLm;ICDHyrm,0,1,26,22
FTHFLm;ITCOALm,0,1,26,22
FTHFLm;LDH_Lm,0,1,26,22
FTHFLm;L_LACtm,0,1,26,22
FTHFLm;MTHFCm,0,8,26,15
FTHFLm;MTHFDm,0,8,26,15
FTHFLm;ORNTArm,0,1,26,22
FTHFLm;OXALSUCCCLm,0,1,26,22
FTHFLm;P45011A1m,0,1,26,22
FTHFLm;PIMALtm,0,1,26,22
FTHFLm;PIt2m_2,0,3,26,20
FTHFLm;PRGNLONEtm,0,1,26,22
FTHFLm;SERTm,0,8,26,15
FTHFLm;SO4AKGtm,0,1,26,22
FTHFLm;SO4MALtm,0,1,26,22
FUCACNGALACGLCGALGLUSIDEte;G12MT1,0,1,26,22
FUCACNGALACGLCGALGLUSIDEte;G12MT2,0,1,26,22
FUCACNGALACGLCGALGLUSIDEte;G13MT,0,1,26,22
FUCACNGALACGLCGALGLUSIDEte;G14T10g,0,1,26,22
FUCACNGALACGLCGALGLUSIDEte;G14T11g,0,1,26,22
FUCACNGALACGLCGALGLUSIDEte;G14T12g,0,1,26,22
FUCACNGALACGLCGALGLUSIDEte;G14T13g,0,1,26,22
FUCACNGALACGLCGALGLUSIDEte;G14T14g,0,1,26,22
FUCACNGALACGLCGALGLUSIDEte;G14T15g,0,1,26,22
FUCACNGALACGLCGALGLUSIDEte;G14T16g,0,1,26,22
FUCACNGALACGLCGALGLUSIDEte;G14T17g,0,1,26,22
FUCACNGALACGLCGALGLUSIDEte;G14T6g,0,1,26,22
FUCACNGALACGLCGALGLUSIDEte;G14T7g,0,1,26,22
FUCACNGALACGLCGALGLUSIDEte;G14T8g,0,1,26,22
FUCACNGALACGLCGALGLUSIDEte;G14T9g,0,1,26,22
FUCACNGALACGLCGALGLUSIDEte;G14Tg,0,1,26,22
FUCACNGALACGLCGALGLUSIDEte;G16MT,0,1,26,22
FUCACNGALACGLCGALGLUSIDEte;GLCNACPT,0,1,26,22
FUCACNGALACGLCGALGLUSIDEte;GLCNACT,0,1,26,22
FUCACNGALACGLCGALGLUSIDEte;GLCter,0,1,26,22
FUCACNGALACGLCGALGLUSIDEte;HEX4,0,1,26,22
FUCACNGALACGLCGALGLUSIDEte;KSIt,0,1,26,22
FUCACNGALACGLCGALGLUSIDEte;M1316Mg,0,1,26,22
FUCACNGALACGLCGALGLUSIDEte;M13N2Tg,0,1,26,22
FUCACNGALACGLCGALGLUSIDEte;M16NT1g,0,1,26,22
FUCACNGALACGLCGALGLUSIDEte;M4MPDOL_ter,0,1,26,22
FUCACNGALACGLCGALGLUSIDEte;M7MASNBterg,0,1,26,22
FUCACNGALACGLCGALGLUSIDEte;MANter,0,1,26,22
FUCACNGALACGLCGALGLUSIDEte;MANtg,0,1,26,22
FUCACNGALACGLCGALGLUSIDEte;MG1er,0,1,26,22
FUCACNGALACGLCGALGLUSIDEte;MG2er,0,1,26,22
FUCACNGALACGLCGALGLUSIDEte;MG3er,0,1,26,22
FUCACNGALACGLCGALGLUSIDEte;MM5bg,0,1,26,22
FUCACNGALACGLCGALGLUSIDEte;MM6B1bg,0,1,26,22
FUCACNGALACGLCGALGLUSIDEte;MM7B2g,0,1,26,22
FUCACNGALACGLCGALGLUSIDEte;MM8Ber,0,1,26,22
FUCACNGALACGLCGALGLUSIDEte;PAPStg,0,1,26,22
FUCACNGALACGLCGALGLUSIDEte;PAPtg,0,1,26,22
FUCACNGALACGLCGALGLUSIDEte;PIter,0,1,26,22
FUCACNGALACGLCGALGLUSIDEte;S23T3g,0,1,26,22
FUCACNGALACGLCGALGLUSIDEte;S6T10g,0,1,26,22
FUCACNGALACGLCGALGLUSIDEte;S6T11g,0,1,26,22
FUCACNGALACGLCGALGLUSIDEte;S6T12g,0,1,26,22
FUCACNGALACGLCGALGLUSIDEte;S6T13g,0,1,26,22
FUCACNGALACGLCGALGLUSIDEte;S6T14g,0,1,26,22
FUCACNGALACGLCGALGLUSIDEte;S6T15g,0,1,26,22
FUCACNGALACGLCGALGLUSIDEte;S6T4g,0,1,26,22
FUCACNGALACGLCGALGLUSIDEte;S6T5g,0,1,26,22
FUCACNGALACGLCGALGLUSIDEte;S6T6g,0,1,26,22
FUCACNGALACGLCGALGLUSIDEte;S6T7g,0,1,26,22
FUCACNGALACGLCGALGLUSIDEte;S6T8g,0,1,26,22
FUCACNGALACGLCGALGLUSIDEte;S6T9g,0,1,26,22
FUCACNGALACGLCGALGLUSIDEte;SADT,0,1,26,22
FUCACNGALACGLCGALGLUSIDEte;UDPDOLPT,0,1,26,22
FUCACNGALACGLCGALGLUSIDEtg;G12MT1,0,1,26,22
FUCACNGALACGLCGALGLUSIDEtg;G12MT2,0,1,26,22
FUCACNGALACGLCGALGLUSIDEtg;G13MT,0,1,26,22
FUCACNGALACGLCGALGLUSIDEtg;G14T10g,0,1,26,22
FUCACNGALACGLCGALGLUSIDEtg;G14T11g,0,1,26,22
FUCACNGALACGLCGALGLUSIDEtg;G14T12g,0,1,26,22
FUCACNGALACGLCGALGLUSIDEtg;G14T13g,0,1,26,22
FUCACNGALACGLCGALGLUSIDEtg;G14T14g,0,1,26,22
FUCACNGALACGLCGALGLUSIDEtg;G14T15g,0,1,26,22
FUCACNGALACGLCGALGLUSIDEtg;G14T16g,0,1,26,22
FUCACNGALACGLCGALGLUSIDEtg;G14T17g,0,1,26,22
FUCACNGALACGLCGALGLUSIDEtg;G14T6g,0,1,26,22
FUCACNGALACGLCGALGLUSIDEtg;G14T7g,0,1,26,22
FUCACNGALACGLCGALGLUSIDEtg;G14T8g,0,1,26,22
FUCACNGALACGLCGALGLUSIDEtg;G14T9g,0,1,26,22
FUCACNGALACGLCGALGLUSIDEtg;G14Tg,0,1,26,22
FUCACNGALACGLCGALGLUSIDEtg;G16MT,0,1,26,22
FUCACNGALACGLCGALGLUSIDEtg;GLCNACPT,0,1,26,22
FUCACNGALACGLCGALGLUSIDEtg;GLCNACT,0,1,26,22
FUCACNGALACGLCGALGLUSIDEtg;GLCter,0,1,26,22
FUCACNGALACGLCGALGLUSIDEtg;HEX4,0,1,26,22
FUCACNGALACGLCGALGLUSIDEtg;KSIt,0,1,26,22
FUCACNGALACGLCGALGLUSIDEtg;M1316Mg,0,1,26,22
FUCACNGALACGLCGALGLUSIDEtg;M13N2Tg,0,1,26,22
FUCACNGALACGLCGALGLUSIDEtg;M16NT1g,0,1,26,22
FUCACNGALACGLCGALGLUSIDEtg;M4MPDOL_ter,0,1,26,22
FUCACNGALACGLCGALGLUSIDEtg;M7MASNBterg,0,1,26,22
FUCACNGALACGLCGALGLUSIDEtg;MANter,0,1,26,22
FUCACNGALACGLCGALGLUSIDEtg;MANtg,0,1,26,22
FUCACNGALACGLCGALGLUSIDEtg;MG1er,0,1,26,22
FUCACNGALACGLCGALGLUSIDEtg;MG2er,0,1,26,22
FUCACNGALACGLCGALGLUSIDEtg;MG3er,0,1,26,22
FUCACNGALACGLCGALGLUSIDEtg;MM5bg,0,1,26,22
FUCACNGALACGLCGALGLUSIDEtg;MM6B1bg,0,1,26,22
FUCACNGALACGLCGALGLUSIDEtg;MM7B2g,0,1,26,22
FUCACNGALACGLCGALGLUSIDEtg;MM8Ber,0,1,26,22
FUCACNGALACGLCGALGLUSIDEtg;PAPStg,0,1,26,22
FUCACNGALACGLCGALGLUSIDEtg;PAPtg,0,1,26,22
FUCACNGALACGLCGALGLUSIDEtg;PIter,0,1,26,22
FUCACNGALACGLCGALGLUSIDEtg;S23T3g,0,1,26,22
FUCACNGALACGLCGALGLUSIDEtg;S6T10g,0,1,26,22
FUCACNGALACGLCGALGLUSIDEtg;S6T11g,0,1,26,22
FUCACNGALACGLCGALGLUSIDEtg;S6T12g,0,1,26,22
FUCACNGALACGLCGALGLUSIDEtg;S6T13g,0,1,26,22
FUCACNGALACGLCGALGLUSIDEtg;S6T14g,0,1,26,22
FUCACNGALACGLCGALGLUSIDEtg;S6T15g,0,1,26,22
FUCACNGALACGLCGALGLUSIDEtg;S6T4g,0,1,26,22
FUCACNGALACGLCGALGLUSIDEtg;S6T5g,0,1,26,22
FUCACNGALACGLCGALGLUSIDEtg;S6T6g,0,1,26,22
FUCACNGALACGLCGALGLUSIDEtg;S6T7g,0,1,26,22
FUCACNGALACGLCGALGLUSIDEtg;S6T8g,0,1,26,22
FUCACNGALACGLCGALGLUSIDEtg;S6T9g,0,1,26,22
FUCACNGALACGLCGALGLUSIDEtg;SADT,0,1,26,22
FUCACNGALACGLCGALGLUSIDEtg;UDPDOLPT,0,1,26,22
FUM;FUMSUCCtm,0,1,26,22
FUM;FUMm,1,3,25,20
FUM;HCO3E,0,1,26,22
FUM;LDH_Lm,0,1,26,22
FUM;L_LACtm,0,1,26,22
FUM;ME2m,0,1,26,22
FUMMALtm;MAL_Lte,0,2,26,21
FUMSUCCtm;MAL_Lte,0,2,26,21
FUMm;FUMMALtm,0,2,26,21
FUMm;MAL_Lte,0,1,26,22
FUMm;MI1PP,0,1,26,22
FUMm;PIPLC,0,1,26,22
FUMm;URIDK2,0,1,26,22
FUT32g;G12MT1,0,1,26,22
FUT32g;G12MT2,0,1,26,22
FUT32g;G13MT,0,1,26,22
FUT32g;G14T10g,0,1,26,22
FUT32g;G14T11g,0,1,26,22
FUT32g;G14T12g,0,1,26,22
FUT32g;G14T13g,0,1,26,22
FUT32g;G14T14g,0,1,26,22
FUT32g;G14T15g,0,1,26,22
FUT32g;G14T16g,0,1,26,22
FUT32g;G14T17g,0,1,26,22
FUT32g;G14T6g,0,1,26,22
FUT32g;G14T7g,0,1,26,22
FUT32g;G14T8g,0,1,26,22
FUT32g;G14T9g,0,1,26,22
FUT32g;G14Tg,0,1,26,22
FUT32g;G16MT,0,1,26,22
FUT32g;GLCNACPT,0,1,26,22
FUT32g;GLCNACT,0,1,26,22
FUT32g;GLCter,0,1,26,22
FUT32g;HEX4,0,1,26,22
FUT32g;KSIt,0,1,26,22
FUT32g;M1316Mg,0,1,26,22
FUT32g;M13N2Tg,0,1,26,22
FUT32g;M16NT1g,0,1,26,22
FUT32g;M4MPDOL_ter,0,1,26,22
FUT32g;M7MASNBterg,0,1,26,22
FUT32g;MANter,0,1,26,22
FUT32g;MANtg,0,1,26,22
FUT32g;MG1er,0,1,26,22
FUT32g;MG2er,0,1,26,22
FUT32g;MG3er,0,1,26,22
FUT32g;MM5bg,0,1,26,22
FUT32g;MM6B1bg,0,1,26,22
FUT32g;MM7B2g,0,1,26,22
FUT32g;MM8Ber,0,1,26,22
FUT32g;PAPStg,0,1,26,22
FUT32g;PAPtg,0,1,26,22
FUT32g;PIter,0,1,26,22
FUT32g;S23T3g,0,1,26,22
FUT32g;S6T10g,0,1,26,22
FUT32g;S6T11g,0,1,26,22
FUT32g;S6T12g,0,1,26,22
FUT32g;S6T13g,0,1,26,22
FUT32g;S6T14g,0,1,26,22
FUT32g;S6T15g,0,1,26,22
FUT32g;S6T4g,0,1,26,22
FUT32g;S6T5g,0,1,26,22
FUT32g;S6T6g,0,1,26,22
FUT32g;S6T7g,0,1,26,22
FUT32g;S6T8g,0,1,26,22
FUT32g;S6T9g,0,1,26,22
FUT32g;SADT,0,1,26,22
FUT32g;UDPDOLPT,0,1,26,22
G12MT1;ST3GAL31g,0,1,26,22
G12MT1;UGCGc,1,1,25,22
G12MT2;ST3GAL31g,0,1,26,22
G12MT2;UGCGc,1,1,25,22
G13MT;ST3GAL31g,0,1,26,22
G13MT;UGCGc,1,1,25,22
G14T10g;ST3GAL31g,0,1,26,22
G14T10g;UGCGc,1,1,25,22
G14T11g;ST3GAL31g,0,1,26,22
G14T11g;UGCGc,1,1,25,22
G14T12g;ST3GAL31g,0,1,26,22
G14T12g;UGCGc,1,1,25,22
G14T13g;ST3GAL31g,0,1,26,22
G14T13g;UGCGc,1,1,25,22
G14T14g;ST3GAL31g,0,1,26,22
G14T14g;UGCGc,1,1,25,22
G14T15g;ST3GAL31g,0,1,26,22
G14T15g;UGCGc,1,1,25,22
G14T16g;ST3GAL31g,0,1,26,22
G14T16g;UGCGc,1,1,25,22
G14T17g;ST3GAL31g,0,1,26,22
G14T17g;UGCGc,1,1,25,22
G14T6g;ST3GAL31g,0,1,26,22
G14T6g;UGCGc,1,1,25,22
G14T7g;ST3GAL31g,0,1,26,22
G14T7g;UGCGc,1,1,25,22
G14T8g;ST3GAL31g,0,1,26,22
G14T8g;UGCGc,1,1,25,22
G14T9g;ST3GAL31g,0,1,26,22
G14T9g;UGCGc,1,1,25,22
G14Tg;ST3GAL31g,0,1,26,22
G14Tg;UGCGc,1,1,25,22
G16MT;ST3GAL31g,0,1,26,22
G16MT;UGCGc,1,1,25,22
G3PD2m;ARTFR52,1,0,25,23
G3PD2m;HACD180,1,0,25,23
G3PD2m;HACD200,1,0,25,23
G3PD2m;HACD220,1,0,25,23
G3PD2m;HACD240,1,0,25,23
G3PD2m;HACD260,1,0,25,23
G3PD2m;HEXCCOAtr,1,0,25,23
G3PD2m;HSD180,1,0,25,23
G3PD2m;HSD200,1,0,25,23
G3PD2m;HSD220,1,0,25,23
G3PD2m;HSD240,1,0,25,23
G3PD2m;HSD260,1,0,25,23
G3PD2m;RTOT5,1,0,25,23
G3PD2m;TECR180,1,0,25,23
G3PD2m;TECR200,1,0,25,23
G3PD2m;TECR220,1,0,25,23
G3PD2m;TECR240,1,0,25,23
G3PD2m;TECR260,1,0,25,23
G5SADr;ARTFR52,1,0,25,23
G5SADr;GACMTRc,1,0,25,23
G5SADr;GLYAMDTRc,1,0,25,23
G5SADr;GTPGDPtm,1,0,25,23
G5SADr;HACD180,1,0,25,23
G5SADr;HACD200,1,0,25,23
G5SADr;HACD220,1,0,25,23
G5SADr;HACD240,1,0,25,23
G5SADr;HACD260,1,0,25,23
G5SADr;HEXCCOAtr,1,0,25,23
G5SADr;HSD180,1,0,25,23
G5SADr;HSD200,1,0,25,23
G5SADr;HSD220,1,0,25,23
G5SADr;HSD240,1,0,25,23
G5SADr;HSD260,1,0,25,23
G5SADr;NH4t3r,0,1,26,22
G5SADr;NH4tm,0,1,26,22
G5SADr;P5CRxm,0,1,26,22
G5SADr;PCREATtmdiffir,1,0,25,23
G5SADr;PIGTHRDLtm,1,0,25,23
G5SADr;PIt2m_2,2,0,24,23
G5SADr;PPItm,1,0,25,23
G5SADr;PROD2m,0,1,26,22
G5SADr;RTOT5,1,0,25,23
G5SADr;TECR180,1,0,25,23
G5SADr;TECR200,1,0,25,23
G5SADr;TECR220,1,0,25,23
G5SADr;TECR240,1,0,25,23
G5SADr;TECR260,1,0,25,23
G5SDym;GACMTRc,1,0,25,23
G5SDym;GLYAMDTRc,1,0,25,23
G5SDym;LDH_L,0,1,26,22
G5SDym;MAL_Lte,1,0,25,23
G5SDym;MDHm,1,0,25,23
G5SDym;NAt5,2,1,24,22
G5SDym;NH4tm,1,0,25,23
G5SDym;NKCC2t,0,1,26,22
G5SDym;PCREATtmdiffir,1,0,25,23
G5SDym;PIt2m_2,2,2,24,21
G5SDym;THFt2,0,1,26,22
G6PDA;GLUPROASCT1,1,0,25,23
G6PDA;PPA,0,1,26,22
G6PDH2r;GALU,0,1,26,22
G6PDH2r;GLCtg,0,1,26,22
G6PDH2r;H2Otg,1,1,25,22
G6PDH2r;H2Otm,2,0,24,23
G6PDH2r;H2Stm,3,0,23,23
G6PDH2r;Htg,1,1,25,22
G6PDH2r;IMAGH,0,1,26,22
G6PDH2r;LACZe,0,1,26,22
G6PDH2r;LCTStg,0,1,26,22
G6PDH2r;MALTSULtm,3,0,23,23
G6PDH2r;NADH2_u10m,1,0,25,23
G6PDH2r;NDP7g,1,1,25,22
G6PDH2r;O2t,0,1,26,22
G6PDH2r;PEPCKm,0,1,26,22
G6PDH2r;PEPICITtm,0,1,26,22
G6PDH2r;PFK_3,1,0,25,23
G6PDH2r;PGI,7,4,19,19
G6PDH2r;PGMT,0,1,26,22
G6PDH2r;PIt2m_2,1,0,25,23
G6PDH2r;PItg,1,1,25,22
G6PDH2r;PPA,1,1,25,22
G6PDH2r;PRSDO,3,0,23,23
G6PDH2r;RPE,7,4,19,19
G6PDH2r;SQOR2m,3,0,23,23
G6PDH2r;SQORm,3,0,23,23
G6PDH2r;TALA,7,4,19,19
G6PDH2r;TKT1,7,4,19,19
G6PDH2r;TKT2,7,4,19,19
G6PDH2r;TPI,1,0,25,23
G6PDH2r;TSCTS,3,0,23,23
G6PDH2r;TSULt4_3,3,0,23,23
G6PDH2r;UDPG4E,0,1,26,22
G6PDH2r;UDPGALtg,0,1,26,22
G6PDH2r;UGALGTg,0,1,26,22
G6PPer;GALU,1,0,25,23
G6PPer;GF6PTA,1,0,25,23
G6PPer;PGMT,1,0,25,23
G6PPer;PPIPItr,1,0,25,23
G6PPer;THRA,1,0,25,23
G6PPer;UAGDP,1,0,25,23
G6Pt6er;HEX12,0,1,26,22
G6Pt6er;Htr,1,0,25,23
G6Pt6er;L_LACt2r,0,1,26,22
G6Pt6er;OROTGLUt,0,1,26,22
G6Pt6er;OROTi,0,1,26,22
G6Pt6er;PIt2m_2,0,1,26,22
G6Pt6er;PIter,2,1,24,22
G6Pt6er;PPIPItr,0,1,26,22
G6Pt6er;PROGLUtm,0,1,26,22
G6Pt6er;PROtm,0,1,26,22
G6Pt6er;R5Ptr,1,0,25,23
G6Pt6er;RPI,0,2,26,21
G6Pt6er;RPIr,1,0,25,23
G6Pt6er;RU5Ptr,1,0,25,23
G6Pt6er;THFtm,1,0,25,23
G6Pt6er;TXA2tr,1,0,25,23
G6Pt6er;TXB2c,1,0,25,23
G6Pt6er;TXB2r,1,0,25,23
G6Pt6er;TXB2tr,1,0,25,23
G6Pter;Htr,1,0,25,23
G6Pter;L_LACt2r,0,1,26,22
G6Pter;OROTGLUt,0,1,26,22
G6Pter;OROTi,0,1,26,22
G6Pter;PIt2m_2,0,1,26,22
G6Pter;PIter,2,1,24,22
G6Pter;PROGLUtm,0,1,26,22
G6Pter;PROtm,0,1,26,22
G6Pter;R5Ptr,1,0,25,23
G6Pter;RPI,0,2,26,21
G6Pter;RPIr,1,0,25,23
G6Pter;RU5Ptr,1,0,25,23
G6Pter;THFtm,1,0,25,23
G6Pter;TXA2tr,1,0,25,23
G6Pter;TXB2c,1,0,25,23
G6Pter;TXB2r,1,0,25,23
G6Pter;TXB2tr,1,0,25,23
GABAVESSEC;PTCRTD,1,0,25,23
GABAVESSEC;PTRCOR,1,0,25,23
GABAVESSEC;SUCCICITtm,1,0,25,23
GACMTRc;GLU5Km,1,0,25,23
GACMTRc;GLU5SAtmc,1,0,25,23
GACMTRc;GLUt2m,2,0,24,23
GACMTRc;HBZOPT10m,1,0,25,23
GACMTRc;HCO3E,1,0,25,23
GACMTRc;HCO3tm,2,0,24,23
GACMTRc;LHCYSTIN,1,0,25,23
GACMTRc;LHCYSTINt,1,0,25,23
GACMTRc;METAT,1,0,25,23
GACMTRc;NH4tm,2,0,24,23
GACMTRc;OCBTm,2,0,24,23
GACMTRc;ORNTArm,2,0,24,23
GACMTRc;PIGTHRDLtm,1,0,25,23
GACMTRc;PIt2m_2,3,0,23,23
GACMTRc;PPItm,2,0,24,23
GACMTRc;PRO1x,1,0,25,23
GACMTRc;PROGLUtm,1,0,25,23
GACMTRc;PROtm,1,0,25,23
GACMTRc;PUNP1,1,0,25,23
GACMTRc;Q10H2e,1,0,25,23
GACMTRc;T4HCINNMFM,1,0,25,23
GACMTRc;TYRTAm,1,0,25,23
GACMTRc;TYRtl,1,0,25,23
GACMTRc;UREAt,1,0,25,23
GACMTRc;q10h2tc,1,0,25,23
GALASE17ly;R_group_phosphotase_1,0,1,26,22
GALASE17ly;UAG2EMAi,1,0,25,23
GALASE18ly;R_group_phosphotase_1,0,1,26,22
GALASE18ly;UAG2EMAi,1,0,25,23
GALASE19ly;R_group_phosphotase_1,0,1,26,22
GALASE19ly;UAG2EMAi,1,0,25,23
GALM2;GLYSNAT5tc,0,1,26,22
GALM2;LEUKTRD4t,0,1,26,22
GALM2;LEUKTRE4t,0,1,26,22
GALM2;LKTD4PEP,0,1,26,22
GALM2;LTD4DP,0,1,26,22
GALNTg;GALU,1,0,25,23
GALNTg;PGMT,1,0,25,23
GALNTg;R_group_phosphotase_1,0,1,26,22
GALNTg;UAG2EMAi,1,0,25,23
GALU;ARTFR52,2,0,24,23
GALU;GLUPROASCT1,0,1,26,22
GALU;GND,0,1,26,22
GALU;GTPGDPtm,0,1,26,22
GALU;GUACYC,0,1,26,22
GALU;GUAD,1,1,25,22
GALU;HACD200,2,0,24,23
GALU;HACD220,2,0,24,23
GALU;HACD240,2,0,24,23
GALU;HACD260,2,0,24,23
GALU;HCO3E,0,1,26,22
GALU;HCO3tm,1,0,25,23
GALU;HEXCCOAtr,2,0,24,23
GALU;HSD200,2,0,24,23
GALU;HSD220,2,0,24,23
GALU;HSD240,2,0,24,23
GALU;HSD260,2,0,24,23
GALU;Htr,1,1,25,22
GALU;ICDHyr,0,1,26,22
GALU;ICITCITtm,0,1,26,22
GALU;IDHPOXOX2b,1,0,25,23
GALU;IDHPOXOX3,1,0,25,23
GALU;IDHPOXOXb,1,0,25,23
GALU;It,1,0,25,23
GALU;LCYSTCBOXL,1,0,25,23
GALU;LHCYSTIN,0,1,26,22
GALU;LHCYSTINt,0,1,26,22
GALU;L_LACt2r,0,1,26,22
GALU;MAL_Lte,2,0,24,23
GALU;MDHm,1,0,25,23
GALU;METAT,0,1,26,22
GALU;NADPHtru,1,0,25,23
GALU;NADPtru,1,0,25,23
GALU;NH4tm,1,0,25,23
GALU;NH4tr,1,0,25,23
GALU;NS26Tg,1,0,25,23
GALU;NTD9,1,1,25,22
GALU;O2tm,0,1,26,22
GALU;OCBTm,1,0,25,23
GALU;OROTGLUt,0,1,26,22
GALU;OROTi,0,1,26,22
GALU;OXALSUCCCL,0,1,26,22
GALU;PDE4,0,1,26,22
GALU;PFK2,0,1,26,22
GALU;PGAM1_PhosHydro,0,1,26,22
GALU;PGI,0,2,26,21
GALU;PGL,0,1,26,22
GALU;PIGTHRDLtm,1,0,25,23
GALU;PIMALtm,0,1,26,22
GALU;PIt2m_2,0,1,26,22
GALU;PNTK,0,1,26,22
GALU;PNTOt1,0,1,26,22
GALU;PPAer,1,0,25,23
GALU;PPCDC,0,1,26,22
GALU;PPIPItr,1,0,25,23
GALU;PPNCL2,0,1,26,22
GALU;PROGLUtm,0,1,26,22
GALU;PROtm,0,1,26,22
GALU;PTPAT,0,1,26,22
GALU;PUNP3,1,1,25,22
GALU;PYK,0,2,26,21
GALU;R5Ptr,3,0,23,23
GALU;RDH1,1,0,25,23
GALU;RDH1a,1,0,25,23
GALU;RPE,0,1,26,22
GALU;RPI,11,12,15,11
GALU;RPIr,3,0,23,23
GALU;RTOT5,2,0,24,23
GALU;RU5Ptr,3,0,23,23
GALU;R_group_phosphotase_1,0,1,26,22
GALU;SADT,1,0,25,23
GALU;SO3AKGtm,0,1,26,22
GALU;SO3MALtm,0,1,26,22
GALU;SUCCICITtm,1,0,25,23
GALU;SUCCt4_2,1,0,25,23
GALU;SUCOAS1m,0,1,26,22
GALU;TALA,0,1,26,22
GALU;TAURCHAe,1,0,25,23
GALU;TECR200,2,0,24,23
GALU;TECR220,2,0,24,23
GALU;TECR240,2,0,24,23
GALU;TECR260,2,0,24,23
GALU;THFtm,1,0,25,23
GALU;THRA,0,2,26,21
GALU;THYPX,1,0,25,23
GALU;TKT1,0,1,26,22
GALU;TKT2,0,1,26,22
GALU;TRIODTHYSUFt,1,0,25,23
GALU;TRIODTHYSULT,1,0,25,23
GALU;TXA2tr,1,0,25,23
GALU;TXB2c,1,0,25,23
GALU;TXB2r,1,0,25,23
GALU;TXB2tr,1,0,25,23
GALU;UAG2EMAi,1,0,25,23
GALU;UAG4E,1,0,25,23
GALU;UGALNACtg,1,0,25,23
GALU;URATEt,1,1,25,22
GALU;XAO,1,1,25,22
GALt2_2;GLYSNAT5tc,0,1,26,22
GALt2_2;LEUKTRD4t,0,1,26,22
GALt2_2;LEUKTRE4t,0,1,26,22
GALt2_2;LKTD4PEP,0,1,26,22
GALt2_2;LTD4DP,0,1,26,22
GALt2_2;PPA,0,1,26,22
GALtly;R_group_phosphotase_1,0,1,26,22
GALtly;UAG2EMAi,1,0,25,23
GAPD;GLUPROASCT1,1,0,25,23
GAPD;GTPGDPtm,0,1,26,22
GAPD;H2Otm,3,0,23,23
GAPD;H2Stm,3,0,23,23
GAPD;HCO3E,1,0,25,23
GAPD;IMAGH,0,1,26,22
GAPD;LARGEg,1,0,25,23
GAPD;MALTSULtm,3,0,23,23
GAPD;MAN1PT2,1,0,25,23
GAPD;MAN6PI,1,0,25,23
GAPD;NADH2_u10m,1,0,25,23
GAPD;NDP7er,1,0,25,23
GAPD;NDPK3,1,0,25,23
GAPD;NQO2,1,0,25,23
GAPD;O2t,0,1,26,22
GAPD;PCOREM3terg,1,0,25,23
GAPD;PEPCKm,0,1,26,22
GAPD;PEPICITtm,0,1,26,22
GAPD;PFK,1,0,25,23
GAPD;PGI,6,0,20,23
GAPD;PIt2m_2,2,0,24,23
GAPD;PMANM,1,0,25,23
GAPD;POCDPRBTLT2g,1,0,25,23
GAPD;POCDPRBTLTg,1,0,25,23
GAPD;POGLCNACTg,1,0,25,23
GAPD;POMGNGALNTr,1,0,25,23
GAPD;POMGNTr,1,0,25,23
GAPD;POMKr,1,0,25,23
GAPD;POXYLTg,1,0,25,23
GAPD;PRSDO,3,0,23,23
GAPD;PYK,1,0,25,23
GAPD;RBT5PCYTr,1,0,25,23
GAPD;RBT5PDH,1,0,25,23
GAPD;RPE,6,0,20,23
GAPD;RPI,1,1,25,22
GAPD;SQOR2m,3,0,23,23
GAPD;SQORm,3,0,23,23
GAPD;TALA,6,0,20,23
GAPD;TKT1,6,0,20,23
GAPD;TKT2,6,0,20,23
GAPD;TPI,1,1,25,22
GAPD;TSCTS,3,0,23,23
GAPD;TSULt4_3,3,0,23,23
GAPD;TYROX,1,0,25,23
GAPD;TYRTA,1,0,25,23
GAPD;UACGAMUMPtr,1,0,25,23
GAPD;UAG4E,1,0,25,23
GAPD;UDPGD,1,0,25,23
GAPD;UDPGLCAtg,1,0,25,23
GAPD;UDPGLDCg,1,0,25,23
GAPD;UGALNACter,1,0,25,23
GAPD;UGLCNACtg,1,0,25,23
GAPD;q10h2tc,1,0,25,23
GAPD;q10tm,1,0,25,23
GCALDDm;HEX1,0,1,26,22
GDPFUCtg;UAG4E,3,0,23,23
GDPFUCtg;UGALNACtg,2,0,24,23
GDPFUCtg;UGCGc,1,0,25,23
GDPtg;UAG4E,3,0,23,23
GDPtg;UGALNACtg,2,0,24,23
GDPtg;UGCGc,1,0,25,23
GF6PTA;ARTFR52,2,0,24,23
GF6PTA;GLUPROASCT1,1,2,25,21
GF6PTA;GPDDA1,0,1,26,22
GF6PTA;GUAD,1,1,25,22
GF6PTA;HACD200,2,0,24,23
GF6PTA;HACD220,2,0,24,23
GF6PTA;HACD240,2,0,24,23
GF6PTA;HACD260,2,0,24,23
GF6PTA;HCO3E,1,1,25,22
GF6PTA;HEXCCOAtr,2,0,24,23
GF6PTA;HSD200,2,0,24,23
GF6PTA;HSD220,2,0,24,23
GF6PTA;HSD240,2,0,24,23
GF6PTA;HSD260,2,0,24,23
GF6PTA;Htr,1,1,25,22
GF6PTA;IDHPOXOX2b,1,0,25,23
GF6PTA;IDHPOXOX3,1,0,25,23
GF6PTA;IDHPOXOXb,1,0,25,23
GF6PTA;It,1,0,25,23
GF6PTA;LCYSTCBOXL,1,0,25,23
GF6PTA;LPASE,0,1,26,22
GF6PTA;L_LACt2r,0,1,26,22
GF6PTA;METAT,0,1,26,22
GF6PTA;NH4tr,2,0,24,23
GF6PTA;NTD9,1,1,25,22
GF6PTA;PFK2,1,1,25,22
GF6PTA;PGAM1_PhosHydro,0,1,26,22
GF6PTA;PGI,0,1,26,22
GF6PTA;PNTK,0,1,26,22
GF6PTA;PNTOt1,0,1,26,22
GF6PTA;PPA,0,1,26,22
GF6PTA;PPCDC,0,1,26,22
GF6PTA;PPNCL2,0,1,26,22
GF6PTA;PTPAT,0,1,26,22
GF6PTA;PUNP3,1,1,25,22
GF6PTA;PYK,0,1,26,22
GF6PTA;R5Ptr,3,0,23,23
GF6PTA;RPI,11,12,15,11
GF6PTA;RPIr,3,0,23,23
GF6PTA;RTOT5,2,0,24,23
GF6PTA;RU5Ptr,3,0,23,23
GF6PTA;R_group_phosphotase_1,0,1,26,22
GF6PTA;SADT,1,0,25,23
GF6PTA;TAURCHAe,1,0,25,23
GF6PTA;TECR200,2,0,24,23
GF6PTA;TECR220,2,0,24,23
GF6PTA;TECR240,2,0,24,23
GF6PTA;TECR260,2,0,24,23
GF6PTA;THFtm,1,0,25,23
GF6PTA;THYPX,1,0,25,23
GF6PTA;TRIODTHYSUFt,1,0,25,23
GF6PTA;TRIODTHYSULT,1,0,25,23
GF6PTA;TXA2tr,1,0,25,23
GF6PTA;TXB2c,1,0,25,23
GF6PTA;TXB2r,1,0,25,23
GF6PTA;TXB2tr,1,0,25,23
GF6PTA;URATEt,1,1,25,22
GF6PTA;XAO,1,1,25,22
GFUCS;UAG4E,1,0,25,23
GFUCS;UGALNACtg,1,0,25,23
GFUCS;UGCGc,1,0,25,23
GFUCSx;UAG4E,2,0,24,23
GFUCSx;UGALNACtg,1,0,25,23
GHMT2r;GluForTx,0,3,26,20
GHMT2r;HISD,0,3,26,20
GHMT2r;IZPN,0,3,26,20
GHMT2r;MTHFD2,0,3,26,20
GHMT2r;SERt4,0,1,26,22
GHMT2r;URCN,0,3,26,20
GHMT2rm;AKGtn,0,1,26,22
GHMT2rm;CO2tn,0,1,26,22
GHMT2rm;FALDtn,0,1,26,22
GHMT2rm;GLUDym,0,2,26,21
GHMT2rm;GLYATm,0,1,26,22
GHMT2rm;GTHP,0,1,26,22
GHMT2rm;GluForTx,0,2,26,21
GHMT2rm;H2Otm,0,1,26,22
GHMT2rm;HCO3E,0,1,26,22
GHMT2rm;HISD,0,2,26,21
GHMT2rm;HMGDH,0,1,26,22
GHMT2rm;HMGS,0,1,26,22
GHMT2rm;HSD3B11,0,1,26,22
GHMT2rm;ICDHyrm,0,1,26,22
GHMT2rm;IZPN,0,2,26,21
GHMT2rm;LHCYSTIN,0,1,26,22
GHMT2rm;LHCYSTINt,0,1,26,22
GHMT2rm;MDRPD,0,1,26,22
GHMT2rm;METAT,0,2,26,21
GHMT2rm;MTAP,0,1,26,22
GHMT2rm;MTHFC,0,2,26,21
GHMT2rm;MTRI,0,1,26,22
GHMT2rm;NADH2_u10m,0,2,26,21
GHMT2rm;NH4tm,0,1,26,22
GHMT2rm;P45011A1m,0,3,26,20
GHMT2rm;PIt2m_2,0,1,26,22
GHMT2rm;PPA,0,2,26,21
GHMT2rm;PRGNLONEtm,0,3,26,20
GHMT2rm;PRGSTRNt,0,1,26,22
GHMT2rm;SFGTH,0,1,26,22
GHMT2rm;SMOX,0,1,26,22
GHMT2rm;SPRMS,0,1,26,22
GHMT2rm;THR3Dx,0,1,26,22
GHMT2rm;URCN,0,2,26,21
GLACter;R_group_phosphotase_1,0,1,26,22
GLACter;UAG2EMAi,1,0,25,23
GLCNACPT;ST3GAL31g,0,1,26,22
GLCNACPT;UGCGc,1,1,25,22
GLCNACT;ST3GAL31g,0,1,26,22
GLCNACT;UGCGc,1,1,25,22
GLCOASYNT;GLUt2m,1,0,25,23
GLCOASYNT;HACD180,1,0,25,23
GLCOASYNT;HSD180,1,0,25,23
GLCOASYNT;RTOT5,1,0,25,23
GLCOASYNT;TECR180,1,0,25,23
GLCURter;R_group_phosphotase_1,0,1,26,22
GLCURter;UAG2EMAi,1,0,25,23
GLCURtly;R_group_phosphotase_1,0,1,26,22
GLCURtly;UAG2EMAi,1,0,25,23
GLCt1r;GLCt2_2,0,1,26,22
GLCt1r;GLCt4,0,1,26,22
GLCt1r;GLCt4_2,1,3,25,20
GLCt2_2;GLCt2r,0,1,26,22
GLCt2_2;GLCt4_2,1,0,25,23
GLCt2r;GLCt4_2,0,1,26,22
GLCt4;GLCt4_2,1,0,25,23
GLCter;HEX1,1,0,25,23
GLCter;HEX12,5,1,21,22
GLCter;PPIPItr,0,1,26,22
GLCter;ST3GAL31g,0,1,26,22
GLCter;UGCGc,1,1,25,22
GLCtg;GND,0,1,26,22
GLCtg;PGL,0,1,26,22
GLCtg;RPE,0,1,26,22
GLCtg;RPI,0,1,26,22
GLCtg;TKT1,0,1,26,22
GLCtg;TKT2,0,1,26,22
GLNATB0tc;GLNt4,0,1,26,22
GLNS;GLNt4,1,1,25,22
GLNt4;GLNtN1,8,7,18,16
GLRASE;R_group_phosphotase_1,0,1,26,22
GLRASE;UAG2EMAi,1,0,25,23
GLU5Km;GLYAMDTRc,1,0,25,23
GLU5Km;LDH_L,0,1,26,22
GLU5Km;MAL_Lte,1,0,25,23
GLU5Km;MDHm,1,0,25,23
GLU5Km;NAt5,2,1,24,22
GLU5Km;NH4tm,1,0,25,23
GLU5Km;NKCC2t,0,1,26,22
GLU5Km;PCREATtmdiffir,1,0,25,23
GLU5Km;PIt2m_2,2,2,24,21
GLU5Km;THFt2,0,1,26,22
GLU5SAtmc;ARTFR52,1,0,25,23
GLU5SAtmc;GLYAMDTRc,1,0,25,23
GLU5SAtmc;GTPGDPtm,1,0,25,23
GLU5SAtmc;HACD180,1,0,25,23
GLU5SAtmc;HACD200,1,0,25,23
GLU5SAtmc;HACD220,1,0,25,23
GLU5SAtmc;HACD240,1,0,25,23
GLU5SAtmc;HACD260,1,0,25,23
GLU5SAtmc;HEXCCOAtr,1,0,25,23
GLU5SAtmc;HSD180,1,0,25,23
GLU5SAtmc;HSD200,1,0,25,23
GLU5SAtmc;HSD220,1,0,25,23
GLU5SAtmc;HSD240,1,0,25,23
GLU5SAtmc;HSD260,1,0,25,23
GLU5SAtmc;NH4t3r,0,1,26,22
GLU5SAtmc;NH4tm,0,1,26,22
GLU5SAtmc;P5CRxm,0,1,26,22
GLU5SAtmc;PCREATtmdiffir,1,0,25,23
GLU5SAtmc;PIGTHRDLtm,1,0,25,23
GLU5SAtmc;PIt2m_2,2,0,24,23
GLU5SAtmc;PPItm,1,0,25,23
GLU5SAtmc;PROD2m,0,1,26,22
GLU5SAtmc;RTOT5,1,0,25,23
GLU5SAtmc;TECR180,1,0,25,23
GLU5SAtmc;TECR200,1,0,25,23
GLU5SAtmc;TECR220,1,0,25,23
GLU5SAtmc;TECR240,1,0,25,23
GLU5SAtmc;TECR260,1,0,25,23
GLUDym;GLYATm,0,1,26,22
GLUDym;GLYt2r,0,1,26,22
GLUDym;GLYtm,0,1,26,22
GLUDym;HPROxm,0,1,26,22
GLUDym;HPROym,0,1,26,22
GLUDym;ICDHyr,0,1,26,22
GLUDym;ME2m,1,0,25,23
GLUDym;MTHFCm,0,2,26,21
GLUDym;MTHFDm,0,2,26,21
GLUDym;O2tm,0,1,26,22
GLUDym;OXALSUCCCL,0,1,26,22
GLUDym;PIt2m_2,1,2,25,21
GLUDym;PPAm,0,1,26,22
GLUDym;PYRtm,1,0,25,23
GLUDym;SERTm,0,2,26,21
GLUDym;THDm,0,1,26,22
GLUDym;THFtm,0,1,26,22
GLUDym;THRtm,0,1,26,22
GLUGLUr;HCO3E,0,2,26,21
GLUGLUr;HCO3Ee,0,1,26,22
GLUGLUt;HCO3E,0,2,26,21
GLUGLUt;HCO3Ee,0,1,26,22
GLUPROASCT1;GLYATm,0,1,26,22
GLUPROASCT1;GLYtm,0,1,26,22
GLUPROASCT1;GUAD,1,0,25,23
GLUPROASCT1;H2O2syn,0,1,26,22
GLUPROASCT1;H2O2tp,1,0,25,23
GLUPROASCT1;H2Otg,0,1,26,22
GLUPROASCT1;H2Otm,1,0,25,23
GLUPROASCT1;HCO3E,1,0,25,23
GLUPROASCT1;HEX1,0,1,26,22
GLUPROASCT1;HMBS,0,1,26,22
GLUPROASCT1;HOXG,0,1,26,22
GLUPROASCT1;HPROxm,0,1,26,22
GLUPROASCT1;HPROym,0,1,26,22
GLUPROASCT1;Htg,0,1,26,22
GLUPROASCT1;Htr,1,1,25,22
GLUPROASCT1;LACLt,1,0,25,23
GLUPROASCT1;LDH_D,1,0,25,23
GLUPROASCT1;LDH_Lp,1,0,25,23
GLUPROASCT1;MAL_Lte,1,0,25,23
GLUPROASCT1;MDHm,1,0,25,23
GLUPROASCT1;NDP7er,0,1,26,22
GLUPROASCT1;NDP7g,0,1,26,22
GLUPROASCT1;NH4tp,1,0,25,23
GLUPROASCT1;NH4tr,1,0,25,23
GLUPROASCT1;NTD9,1,0,25,23
GLUPROASCT1;OCOAT1m,0,1,26,22
GLUPROASCT1;PFK,1,0,25,23
GLUPROASCT1;PFK2,1,0,25,23
GLUPROASCT1;PGK,1,0,25,23
GLUPROASCT1;PGM,1,0,25,23
GLUPROASCT1;PGMT,0,1,26,22
GLUPROASCT1;PHEMEtm,0,1,26,22
GLUPROASCT1;PIt2m_2,2,0,24,23
GLUPROASCT1;PItg,0,1,26,22
GLUPROASCT1;PPBNGS,0,1,26,22
GLUPROASCT1;PPPG9tm,0,1,26,22
GLUPROASCT1;PPPGOm,0,1,26,22
GLUPROASCT1;PROAKGOX1m,0,1,26,22
GLUPROASCT1;PUNP3,1,0,25,23
GLUPROASCT1;PYRtm,0,1,26,22
GLUPROASCT1;RBFK,0,1,26,22
GLUPROASCT1;RIBFLVt6,0,1,26,22
GLUPROASCT1;THDm,0,1,26,22
GLUPROASCT1;THFtm,1,0,25,23
GLUPROASCT1;THRA,1,0,25,23
GLUPROASCT1;THRtm,0,1,26,22
GLUPROASCT1;TXA2tr,2,0,24,23
GLUPROASCT1;TXB2c,2,0,24,23
GLUPROASCT1;TXB2r,2,0,24,23
GLUPROASCT1;TXB2tr,2,0,24,23
GLUPROASCT1;UAGDP,0,2,26,21
GLUPROASCT1;UDPGD,0,1,26,22
GLUPROASCT1;UPP3S,0,1,26,22
GLUPROASCT1;UPPDC1,0,1,26,22
GLUPROASCT1;URATEti,1,0,25,23
GLUPROASCT1;URATEtx,1,0,25,23
GLUPROASCT1;XANDp,1,0,25,23
GLUPROASCT1;XANtx,1,0,25,23
GLUt2m;ARTFR52,1,0,25,23
GLUt2m;GLYAMDTRc,2,0,24,23
GLUt2m;GLYATm,0,1,26,22
GLUt2m;HACD180,1,0,25,23
GLUt2m;HACD200,1,0,25,23
GLUt2m;HACD220,1,0,25,23
GLUt2m;HACD240,1,0,25,23
GLUt2m;HACD260,1,0,25,23
GLUt2m;HCO3E,1,0,25,23
GLUt2m;HEXCCOAtr,1,0,25,23
GLUt2m;HPROxm,0,1,26,22
GLUt2m;HPROym,0,1,26,22
GLUt2m;HSD180,1,0,25,23
GLUt2m;HSD200,1,0,25,23
GLUt2m;HSD220,1,0,25,23
GLUt2m;HSD240,1,0,25,23
GLUt2m;HSD260,1,0,25,23
GLUt2m;HSD3B11,0,1,26,22
GLUt2m;ICDHxrm,0,1,26,22
GLUt2m;ICDHyr,0,1,26,22
GLUt2m;ICITCITtm,0,1,26,22
GLUt2m;L2AADPL2AADP6SAtm,1,0,25,23
GLUt2m;LYSCITRt2m,1,0,25,23
GLUt2m;NAt5,1,0,25,23
GLUt2m;NH4t3r,0,1,26,22
GLUt2m;NKCC2t,0,1,26,22
GLUt2m;OXALSUCCCL,0,1,26,22
GLUt2m;OXALSUCCCLm,0,1,26,22
GLUt2m;OXOADLR,1,0,25,23
GLUt2m;P45011A1m,0,1,26,22
GLUt2m;PCREATtmdiffir,2,0,24,23
GLUt2m;PIGTHRDLtm,3,0,23,23
GLUt2m;PIt2m_2,3,3,23,20
GLUt2m;PPAm,0,1,26,22
GLUt2m;PRGNLONEtm,0,1,26,22
GLUt2m;PRGSTRNt,0,1,26,22
GLUt2m;PYRAKGte,1,0,25,23
GLUt2m;RTOT4,1,0,25,23
GLUt2m;RTOT5,1,0,25,23
GLUt2m;SACCD2,1,0,25,23
GLUt2m;TD2GLTRCOAm,1,0,25,23
GLUt2m;TECR180,1,0,25,23
GLUt2m;TECR200,1,0,25,23
GLUt2m;TECR220,1,0,25,23
GLUt2m;TECR240,1,0,25,23
GLUt2m;TECR260,1,0,25,23
GLUt2m;THDm,0,1,26,22
GLUt2m;THFt2,0,1,26,22
GLUt2m;THRtm,0,1,26,22
GLXO2p;GLYSNAT5tc,0,1,26,22
GLYALDORy;TPI,2,0,24,23
GLYAMDTRc;HBZOPT10m,1,0,25,23
GLYAMDTRc;HCO3E,1,0,25,23
GLYAMDTRc;HCO3tm,2,0,24,23
GLYAMDTRc;LHCYSTIN,1,0,25,23
GLYAMDTRc;LHCYSTINt,1,0,25,23
GLYAMDTRc;METAT,1,0,25,23
GLYAMDTRc;NH4tm,2,0,24,23
GLYAMDTRc;OCBTm,2,0,24,23
GLYAMDTRc;ORNTArm,2,0,24,23
GLYAMDTRc;PIGTHRDLtm,1,0,25,23
GLYAMDTRc;PIt2m_2,3,0,23,23
GLYAMDTRc;PPItm,2,0,24,23
GLYAMDTRc;PRO1x,1,0,25,23
GLYAMDTRc;PROGLUtm,1,0,25,23
GLYAMDTRc;PROtm,1,0,25,23
GLYAMDTRc;PUNP1,1,0,25,23
GLYAMDTRc;Q10H2e,1,0,25,23
GLYAMDTRc;T4HCINNMFM,1,0,25,23
GLYAMDTRc;TYRTAm,1,0,25,23
GLYAMDTRc;TYRtl,1,0,25,23
GLYAMDTRc;UREAt,1,0,25,23
GLYAMDTRc;q10h2tc,1,0,25,23
GLYATm;ARTFR41,0,1,26,22
GLYATm;H2O2t,0,1,26,22
GLYATm;ICDHyrm,0,3,26,20
GLYATm;ITCOAL1m,0,1,26,22
GLYATm;ITCOALm,0,4,26,19
GLYATm;MTHFCm,0,1,26,22
GLYATm;MTHFDm,0,1,26,22
GLYATm;NH4tm,0,1,26,22
GLYATm;NTD6,0,1,26,22
GLYATm;OXALSUCCCLm,0,3,26,20
GLYATm;PGCD,0,1,26,22
GLYATm;PIMALtm,0,2,26,21
GLYATm;PPA,0,2,26,21
GLYATm;PPM2,0,1,26,22
GLYATm;PSERT,0,1,26,22
GLYATm;PSP_L,0,1,26,22
GLYATm;PUNP2,0,1,26,22
GLYATm;PYRtm,0,4,26,19
GLYATm;RTOT4,0,1,26,22
GLYATm;SERTm,0,1,26,22
GLYATm;SO3AKGtm,0,1,26,22
GLYATm;SO3MALtm,0,1,26,22
GLYATm;SO4AKGtm,0,1,26,22
GLYATm;SO4MALtm,0,1,26,22
GLYATm;SUCCACONtm,0,1,26,22
GLYATm;THFtm,0,2,26,21
GLYATm;TXA2tr,0,1,26,22
GLYATm;TXB2c,0,1,26,22
GLYATm;TXB2r,0,1,26,22
GLYATm;TXB2tr,0,1,26,22
GLYATm;TYROX,0,1,26,22
GLYATm;TYRTA,0,1,26,22
GLYBtm;ARTFR52,1,0,25,23
GLYBtm;HACD200,1,0,25,23
GLYBtm;HACD220,1,0,25,23
GLYBtm;HACD240,1,0,25,23
GLYBtm;HACD260,1,0,25,23
GLYBtm;HEXCCOAtr,1,0,25,23
GLYBtm;HSD200,1,0,25,23
GLYBtm;HSD220,1,0,25,23
GLYBtm;HSD240,1,0,25,23
GLYBtm;HSD260,1,0,25,23
GLYBtm;PNTK,0,1,26,22
GLYBtm;PNTOt1,0,1,26,22
GLYBtm;PPCDC,0,1,26,22
GLYBtm;PPNCL2,0,1,26,22
GLYBtm;PTPAT,0,1,26,22
GLYBtm;RTOT5,1,0,25,23
GLYBtm;TECR200,1,0,25,23
GLYBtm;TECR220,1,0,25,23
GLYBtm;TECR240,1,0,25,23
GLYBtm;TECR260,1,0,25,23
GLYC3Ptm;GLYC3Ptmc,0,3,26,20
GLYC3Ptm;Htr,0,1,26,22
GLYC3Ptm;NH4t3r,0,1,26,22
GLYC3Ptm;PPAer,0,1,26,22
GLYC3Ptm;PPIPItr,0,1,26,22
GLYC3Ptmc;NH4tm,1,0,25,23
GLYC3Ptmc;OCBTm,1,0,25,23
GLYCK2;HEX1,0,1,26,22
GLYCLTtm;HEX1,0,1,26,22
GLYCLTtp;HEX1,0,1,26,22
GLYCTO1p;HEX1,0,1,26,22
GLYCt;ARTFR13,0,1,26,22
GLYCt;PNTK,0,1,26,22
GLYCt;PNTOt1,0,1,26,22
GLYCt;PPCDC,0,1,26,22
GLYCt;PPNCL2,0,1,26,22
GLYCt;PTPAT,0,1,26,22
GLYCt;RTOT1,0,1,26,22
GLYCt;TPI,2,0,24,23
GLYCtm;NH4tm,1,0,25,23
GLYCtm;OCBTm,1,0,25,23
GLYKm;NH4tm,1,0,25,23
GLYKm;OCBTm,1,0,25,23
GLYOp;GLYSNAT5tc,0,1,26,22
GLYSNAT5tc;GLYtp,0,1,26,22
GLYSNAT5tc;H2O2tp,0,1,26,22
GLYSNAT5tc;H2Otp,0,1,26,22
GLYSNAT5tc;HCO3E,0,1,26,22
GLYSNAT5tc;HCO3Ee,0,1,26,22
GLYSNAT5tc;Htx,0,1,26,22
GLYSNAT5tc;KCC2t,0,1,26,22
GLYSNAT5tc;NH4tp,0,1,26,22
GLYSNAT5tc;O2tp,0,1,26,22
GLYSNAT5tc;OXAtp,0,1,26,22
GLYSNAT5tc;PGI,0,1,26,22
GLYt2r;GLYVESSEC,1,0,25,23
GLYt2r;NH4tm,0,1,26,22
GLYt2r;URATEt,0,1,26,22
GLYt2r;XAND,0,1,26,22
GLYt4;GUAD,1,1,25,22
GLYt4;ICDHyr,0,1,26,22
GLYt4;ICITCITtm,0,1,26,22
GLYt4;NTD9,1,1,25,22
GLYt4;OXALSUCCCL,0,1,26,22
GLYt4;PUNP3,1,1,25,22
GLYt4;SERTm,0,1,26,22
GLYt4;URATEt,2,1,24,22
GLYt4;XAND,0,1,26,22
GLYt4;XAO,1,0,25,23
GLYt7_311_r;NAHCO3_HCLt,1,0,25,23
GLYt7_311_r;TXA2tr,1,0,25,23
GLYt7_311_r;TXB2c,1,0,25,23
GLYt7_311_r;TXB2r,1,0,25,23
GLYt7_311_r;TXB2tr,1,0,25,23
GLYtm;HCO3E,0,1,26,22
GLYtm;HISD,0,1,26,22
GLYtm;ICDHyrm,0,1,26,22
GLYtm;ITCOALm,0,2,26,21
GLYtm;IZPN,0,1,26,22
GLYtm;MTHFC,0,1,26,22
GLYtm;NADH2_u10m,0,2,26,21
GLYtm;NH4tm,0,1,26,22
GLYtm;NTD6,0,1,26,22
GLYtm;OXALSUCCCLm,0,1,26,22
GLYtm;P45011A1m,0,1,26,22
GLYtm;PPM2,0,1,26,22
GLYtm;PRGNLONEtm,0,1,26,22
GLYtm;PUNP2,0,1,26,22
GLYtm;PYRtm,0,1,26,22
GLYtm;THFtm,0,1,26,22
GLYtm;URCN,0,1,26,22
GLYtp;ARTFR52,1,0,25,23
GLYtp;HACD200,1,0,25,23
GLYtp;HACD220,1,0,25,23
GLYtp;HACD240,1,0,25,23
GLYtp;HACD260,1,0,25,23
GLYtp;HEX1,0,1,26,22
GLYtp;HEXCCOAtr,1,0,25,23
GLYtp;HSD200,1,0,25,23
GLYtp;HSD220,1,0,25,23
GLYtp;HSD240,1,0,25,23
GLYtp;HSD260,1,0,25,23
GLYtp;PNTK,0,1,26,22
GLYtp;PNTOt1,0,1,26,22
GLYtp;PPCDC,0,1,26,22
GLYtp;PPNCL2,0,1,26,22
GLYtp;PTPAT,0,1,26,22
GLYtp;RTOT5,1,0,25,23
GLYtp;TECR200,1,0,25,23
GLYtp;TECR220,1,0,25,23
GLYtp;TECR240,1,0,25,23
GLYtp;TECR260,1,0,25,23
GMAND;UAG4E,3,0,23,23
GMAND;UGALNACtg,2,0,24,23
GMAND;UGCGc,1,0,25,23
GMPS;GMPS2,0,1,26,22
GMPtg;UAG4E,3,0,23,23
GMPtg;UGALNACtg,2,0,24,23
GMPtg;UGCGc,1,0,25,23
GND;H2Otg,1,1,25,22
GND;H2Otm,2,0,24,23
GND;H2Stm,3,0,23,23
GND;Htg,1,1,25,22
GND;IMAGH,0,1,26,22
GND;LACZe,0,1,26,22
GND;LCTStg,0,1,26,22
GND;MALTSULtm,3,0,23,23
GND;NADH2_u10m,1,0,25,23
GND;NDP7g,1,1,25,22
GND;O2t,0,1,26,22
GND;PEPCKm,0,1,26,22
GND;PEPICITtm,0,1,26,22
GND;PFK_3,1,0,25,23
GND;PGI,7,4,19,19
GND;PGMT,0,1,26,22
GND;PIt2m_2,1,0,25,23
GND;PItg,1,1,25,22
GND;PPA,1,1,25,22
GND;PRSDO,3,0,23,23
GND;RPE,7,4,19,19
GND;SQOR2m,3,0,23,23
GND;SQORm,3,0,23,23
GND;TALA,7,4,19,19
GND;TKT1,7,4,19,19
GND;TKT2,7,4,19,19
GND;TPI,1,0,25,23
GND;TSCTS,3,0,23,23
GND;TSULt4_3,3,0,23,23
GND;UDPG4E,0,1,26,22
GND;UDPGALtg,0,1,26,22
GND;UGALGTg,0,1,26,22
GPAT;GUAD,0,1,26,22
GPAT;NTD9,0,1,26,22
GPAT;PIMALtm,0,1,26,22
GPAT;PUNP3,0,1,26,22
GPAT;SO3AKGtm,0,1,26,22
GPAT;SO3MALtm,0,1,26,22
GPAT;URATEt,0,1,26,22
GPAT;XAND,0,1,26,22
GPCCPDE2;PE_HStm,1,0,25,23
GPCCPDE2;PSDm_hs,1,0,25,23
GPCCPDE2;PSFLIPm,1,0,25,23
GPCCPDE;NH4tm,1,0,25,23
GPCCPDE;OCBTm,1,0,25,23
GPDDA1;H2Otg,0,1,26,22
GPDDA1;Htg,0,1,26,22
GPDDA1;NDP7g,0,1,26,22
GPDDA1;PItg,0,1,26,22
GPDDA1;UAGDP,0,1,26,22
GTHDH;HCO3tm,1,0,25,23
GTHDH;NH4tm,1,0,25,23
GTHDH;OCBTm,1,0,25,23
GTHDH;PIt2m_2,0,1,26,22
GTHO;HCO3Ee,0,1,26,22
GTHO;IMAGH,0,1,26,22
GTHO;LHCYSTIN,0,1,26,22
GTHO;LHCYSTINt,0,1,26,22
GTHO;METAT,0,1,26,22
GTHO;THFt2,0,1,26,22
GTHOm;LHCYSTIN,0,1,26,22
GTHOm;LHCYSTINt,0,1,26,22
GTHOm;METAT,0,1,26,22
GTHP;ARTFR41,0,1,26,22
GTHP;HCO3E,1,0,25,23
GTHP;HCO3Ee,0,1,26,22
GTHP;HCO3Em,0,1,26,22
GTHP;HCO3tm,0,2,26,21
GTHP;IMAGH,0,1,26,22
GTHP;MI1PP,0,1,26,22
GTHP;MTHFCm,0,1,26,22
GTHP;MTHFDm,0,1,26,22
GTHP;O2t,0,1,26,22
GTHP;P45011A1m,0,1,26,22
GTHP;PETHCT,0,1,26,22
GTHP;PIPLC,0,1,26,22
GTHP;PIt2m_2,2,0,24,23
GTHP;PLMCOAPTr,0,1,26,22
GTHP;PMTCOAFABP1tc,0,1,26,22
GTHP;PRGNLONEtm,0,1,26,22
GTHP;PSSA1_hs,0,1,26,22
GTHP;RTOT4,0,1,26,22
GTHP;R_group_phosphotase_1,0,1,26,22
GTHP;SERTm,0,1,26,22
GTHP;THFt2,0,1,26,22
GTHP;THRA,0,1,26,22
GTHP;TRDR,0,1,26,22
GTHPm;LHCYSTIN,0,1,26,22
GTHPm;LHCYSTINt,0,1,26,22
GTHPm;METAT,0,1,26,22
GTPGDPtm;ARTFR52,1,0,25,23
GTPGDPtm;H2O2t,0,1,26,22
GTPGDPtm;HACD180,1,0,25,23
GTPGDPtm;HACD200,1,0,25,23
GTPGDPtm;HACD220,1,0,25,23
GTPGDPtm;HACD240,1,0,25,23
GTPGDPtm;HACD260,1,0,25,23
GTPGDPtm;HCO3tm,1,0,25,23
GTPGDPtm;HEXCCOAtr,1,0,25,23
GTPGDPtm;HMBS,0,1,26,22
GTPGDPtm;HOXG,0,1,26,22
GTPGDPtm;HSD180,1,0,25,23
GTPGDPtm;HSD200,1,0,25,23
GTPGDPtm;HSD220,1,0,25,23
GTPGDPtm;HSD240,1,0,25,23
GTPGDPtm;HSD260,1,0,25,23
GTPGDPtm;ITCOALm,1,0,25,23
GTPGDPtm;L_LACt2r,0,1,26,22
GTPGDPtm;MAL_Lte,1,0,25,23
GTPGDPtm;MDHm,1,0,25,23
GTPGDPtm;NDP7er,0,1,26,22
GTPGDPtm;NH4tm,2,0,24,23
GTPGDPtm;NTD6,2,1,24,22
GTPGDPtm;O2t,0,1,26,22
GTPGDPtm;OCBTm,2,0,24,23
GTPGDPtm;ORNTArm,1,0,25,23
GTPGDPtm;OROTGLUt,0,1,26,22
GTPGDPtm;OROTi,0,1,26,22
GTPGDPtm;PDHa,1,0,25,23
GTPGDPtm;PDHbr,1,0,25,23
GTPGDPtm;PGM,0,1,26,22
GTPGDPtm;PGMT,0,1,26,22
GTPGDPtm;PHEMEtabc,0,1,26,22
GTPGDPtm;PIGTHRDLtm,1,0,25,23
GTPGDPtm;PIMALtm,0,1,26,22
GTPGDPtm;PIt2m_2,0,1,26,22
GTPGDPtm;PPBNGS,0,1,26,22
GTPGDPtm;PPM2,2,1,24,22
GTPGDPtm;PPPG9tm,0,1,26,22
GTPGDPtm;PPPGOm,0,1,26,22
GTPGDPtm;PRO1x,1,0,25,23
GTPGDPtm;PROAKGOX1m,0,1,26,22
GTPGDPtm;PROGLUtm,1,1,25,22
GTPGDPtm;PROtm,1,2,25,21
GTPGDPtm;PTRCtm,1,0,25,23
GTPGDPtm;PUNP2,2,1,24,22
GTPGDPtm;RPI,1,1,25,22
GTPGDPtm;RTOT5,1,0,25,23
GTPGDPtm;SO3AKGtm,0,1,26,22
GTPGDPtm;SO3MALtm,0,1,26,22
GTPGDPtm;TECR180,1,0,25,23
GTPGDPtm;TECR200,1,0,25,23
GTPGDPtm;TECR220,1,0,25,23
GTPGDPtm;TECR240,1,0,25,23
GTPGDPtm;TECR260,1,0,25,23
GTPGDPtm;THRA,0,1,26,22
GTPGDPtm;TRDR,0,1,26,22
GTPGDPtm;TYROX,0,1,26,22
GTPGDPtm;TYRTA,0,1,26,22
GTPGDPtm;UDPGD,0,1,26,22
GTPGDPtm;UDPGLCAter,0,1,26,22
GTPGDPtm;UPP3S,0,1,26,22
GTPGDPtm;UPPDC1,0,1,26,22
GTPGDPtm;UREAtm,1,0,25,23
GUACYC;H2Otg,0,1,26,22
GUACYC;Htg,0,1,26,22
GUACYC;NDP7g,0,1,26,22
GUACYC;PGMT,0,1,26,22
GUACYC;PItg,0,1,26,22
GUAD;H2Otg,1,2,25,21
GUAD;HCO3E,1,4,25,19
GUAD;HCO3Ee,0,2,26,21
GUAD;Htg,1,2,25,21
GUAD;MTHFR3x,1,0,25,23
GUAD;NDP7g,1,2,25,21
GUAD;PGMT,1,1,25,22
GUAD;PItg,1,2,25,21
GUAD;PPA,0,1,26,22
GUAD;THRA,0,1,26,22
GUAD;UAGDP,1,1,25,22
GUAD;UGLCNACtg,0,1,26,22
GULLACter;R_group_phosphotase_1,0,1,26,22
GULLACter;UAG2EMAi,1,0,25,23
GULOer;R_group_phosphotase_1,0,1,26,22
GULOer;UAG2EMAi,1,0,25,23
GluForTx;GLYtm,0,1,26,22
GluForTx;MTHFCm,0,2,26,21
GluForTx;MTHFDm,0,2,26,21
GluForTx;SERTm,0,2,26,21
GluForTx;SERt4,0,1,26,22
GluForTx;THFtm,0,2,26,21
H2O2syn;H2O2tp,0,1,26,22
H2O2syn;H2Otm,1,0,25,23
H2O2syn;H2Otp,0,1,26,22
H2O2syn;HCO3E,1,1,25,22
H2O2syn;Htr,0,1,26,22
H2O2syn;Htx,0,1,26,22
H2O2syn;LAC_Ltx,0,1,26,22
H2O2syn;LDH_L,0,1,26,22
H2O2syn;LDH_Lp,0,1,26,22
H2O2syn;NADHtpu,0,1,26,22
H2O2syn;NADtx,0,1,26,22
H2O2syn;NH4tp,0,1,26,22
H2O2syn;O2tp,0,1,26,22
H2O2t;H2Otg,0,1,26,22
H2O2t;HCO3E,0,1,26,22
H2O2t;Htg,0,1,26,22
H2O2t;LDH_L,0,1,26,22
H2O2t;MI1PP,0,1,26,22
H2O2t;NDP7g,0,1,26,22
H2O2t;O2t,0,1,26,22
H2O2t;PIPLC,0,1,26,22
H2O2t;PItg,0,1,26,22
H2O2t;PNTK,0,1,26,22
H2O2t;PNTOt1,0,1,26,22
H2O2t;PPCDC,0,1,26,22
H2O2t;PPNCL2,0,1,26,22
H2O2t;PTPAT,0,1,26,22
H2O2t;SUCOAS1m,0,1,26,22
H2O2ter;R_group_phosphotase_1,0,1,26,22
H2O2ter;UAG2EMAi,1,0,25,23
H2O2tm;LHCYSTIN,0,1,26,22
H2O2tm;LHCYSTINt,0,1,26,22
H2O2tm;METAT,0,1,26,22
H2O2tn;MI1PP,0,6,26,17
H2O2tn;O2St,0,1,26,22
H2O2tn;O2t,0,5,26,18
H2O2tn;PIPLC,0,6,26,17
H2O2tp;ARTFR41,0,1,26,22
H2O2tp;ARTFR52,1,0,25,23
H2O2tp;HACD200,1,0,25,23
H2O2tp;HACD220,1,0,25,23
H2O2tp;HACD240,1,0,25,23
H2O2tp;HACD260,1,0,25,23
H2O2tp;HCO3E,1,0,25,23
H2O2tp;HEX1,0,1,26,22
H2O2tp;HEXCCOAtr,1,0,25,23
H2O2tp;HSD200,1,0,25,23
H2O2tp;HSD220,1,0,25,23
H2O2tp;HSD240,1,0,25,23
H2O2tp;HSD260,1,0,25,23
H2O2tp;MTHFR3x,1,0,25,23
H2O2tp;PLMCOAPTr,0,1,26,22
H2O2tp;PMTCOAFABP1tc,0,1,26,22
H2O2tp;PNTK,0,1,26,22
H2O2tp;PNTOt1,0,1,26,22
H2O2tp;PPCDC,0,1,26,22
H2O2tp;PPNCL2,0,1,26,22
H2O2tp;PTPAT,0,1,26,22
H2O2tp;RTOT4,0,1,26,22
H2O2tp;RTOT5,1,0,25,23
H2O2tp;TECR200,1,0,25,23
H2O2tp;TECR220,1,0,25,23
H2O2tp;TECR240,1,0,25,23
H2O2tp;TECR260,1,0,25,23
H2O2tp;TRDR,0,3,26,20
H2Ot;HCO3Ee,0,1,26,22
H2Ot;LEUKTRD4t,0,1,26,22
H2Ot;LEUKTRE4t,0,1,26,22
H2Ot;LKTD4PEP,0,1,26,22
H2Ot;LTD4DP,0,1,26,22
H2Ot;NAt5,1,0,25,23
H2Ot;SSALym,0,1,26,22
H2Otg;ARTFR52,2,0,24,23
H2Otg;HACD200,2,0,24,23
H2Otg;HACD220,2,0,24,23
H2Otg;HACD240,2,0,24,23
H2Otg;HACD260,2,0,24,23
H2Otg;HEXCCOAtr,2,0,24,23
H2Otg;HMBS,0,1,26,22
H2Otg;HOXG,0,1,26,22
H2Otg;HSD200,2,0,24,23
H2Otg;HSD220,2,0,24,23
H2Otg;HSD240,2,0,24,23
H2Otg;HSD260,2,0,24,23
H2Otg;Htr,1,1,25,22
H2Otg;IDHPOXOX2b,1,0,25,23
H2Otg;IDHPOXOX3,1,0,25,23
H2Otg;IDHPOXOXb,1,0,25,23
H2Otg;It,1,0,25,23
H2Otg;LCYSTCBOXL,1,0,25,23
H2Otg;LPASE,0,1,26,22
H2Otg;L_LACt2r,0,1,26,22
H2Otg;NADH2_u10m,0,1,26,22
H2Otg;NDP7er,0,1,26,22
H2Otg;NTD9,1,2,25,21
H2Otg;PDE4,0,1,26,22
H2Otg;PFK2,1,1,25,22
H2Otg;PGAM1_PhosHydro,0,1,26,22
H2Otg;PGI,0,2,26,21
H2Otg;PGL,1,1,25,22
H2Otg;PHEMEtm,0,1,26,22
H2Otg;PIMALtm,0,1,26,22
H2Otg;PIt2r,0,1,26,22
H2Otg;PPBNGS,0,1,26,22
H2Otg;PPPG9tm,0,1,26,22
H2Otg;PPPGOm,0,1,26,22
H2Otg;PROAKGOX1m,0,1,26,22
H2Otg;PROtm,0,1,26,22
H2Otg;PUNP3,1,2,25,21
H2Otg;PYK,0,2,26,21
H2Otg;R5Ptr,3,0,23,23
H2Otg;RND213,0,1,26,22
H2Otg;RPE,1,1,25,22
H2Otg;RPI,11,12,15,11
H2Otg;RPIr,3,0,23,23
H2Otg;RTOT5,2,0,24,23
H2Otg;RU5Ptr,3,0,23,23
H2Otg;R_group_phosphotase_1,0,2,26,21
H2Otg;SADT,1,0,25,23
H2Otg;SO3AKGtm,0,1,26,22
H2Otg;SO3MALtm,0,1,26,22
H2Otg;TALA,0,1,26,22
H2Otg;TAURCHAe,1,0,25,23
H2Otg;TECR200,2,0,24,23
H2Otg;TECR220,2,0,24,23
H2Otg;TECR240,2,0,24,23
H2Otg;TECR260,2,0,24,23
H2Otg;THFtm,1,0,25,23
H2Otg;THYPX,1,0,25,23
H2Otg;TKT1,1,1,25,22
H2Otg;TKT2,1,1,25,22
H2Otg;TRIODTHYSUFt,1,0,25,23
H2Otg;TRIODTHYSULT,1,0,25,23
H2Otg;TXA2tr,1,0,25,23
H2Otg;TXB2c,1,0,25,23
H2Otg;TXB2r,1,0,25,23
H2Otg;TXB2tr,1,0,25,23
H2Otg;TYROX,0,1,26,22
H2Otg;TYRTA,0,1,26,22
H2Otg;UDPGD,0,1,26,22
H2Otg;UDPGLCAter,0,1,26,22
H2Otg;UPP3S,0,1,26,22
H2Otg;UPPDC1,0,1,26,22
H2Otg;URATEt,1,2,25,21
H2Otg;XAND,0,1,26,22
H2Otg;XAO,1,1,25,22
H2Otly;R_group_phosphotase_1,0,1,26,22
H2Otly;UAG2EMAi,1,0,25,23
H2Otm;HCO3E,2,1,24,22
H2Otm;HCO3Ee,1,1,25,22
H2Otm;HEX12,2,0,24,23
H2Otm;HSD17B1,0,1,26,22
H2Otm;HSD17B8r,0,1,26,22
H2Otm;HSD3B11,0,1,26,22
H2Otm;ICDHxrm,1,0,25,23
H2Otm;LDH_L,0,1,26,22
H2Otm;MAL_Lte,1,0,25,23
H2Otm;MDHm,1,0,25,23
H2Otm;MTHFCm,0,1,26,22
H2Otm;MTHFDm,0,1,26,22
H2Otm;NH4tm,0,1,26,22
H2Otm;ORNDC,1,0,25,23
H2Otm;P45011A1m,0,2,26,21
H2Otm;PEPCKm,1,0,25,23
H2Otm;PFK,1,0,25,23
H2Otm;PGI,3,1,23,22
H2Otm;PGK,3,0,23,23
H2Otm;PGL,2,0,24,23
H2Otm;PGM,3,0,23,23
H2Otm;PRGNLONEtm,0,2,26,21
H2Otm;PRGNLONEtr,0,1,26,22
H2Otm;PRGSTRNt,0,1,26,22
H2Otm;RPE,2,0,24,23
H2Otm;RPI,2,0,24,23
H2Otm;SERTm,0,1,26,22
H2Otm;SUCCACONtm,1,0,25,23
H2Otm;SUCCICITtm,1,0,25,23
H2Otm;TALA,2,0,24,23
H2Otm;THFt2,1,1,25,22
H2Otm;THFtm,0,1,26,22
H2Otm;TKT1,2,0,24,23
H2Otm;TKT2,2,0,24,23
H2Otm;TPI,1,0,25,23
H2Otn;O2t,0,1,26,22
H2Otn;PPAPA,0,1,26,22
H2Otn;PPItn,2,0,24,23
H2Otp;ARTFR41,0,1,26,22
H2Otp;ARTFR52,1,0,25,23
H2Otp;HACD200,1,0,25,23
H2Otp;HACD220,1,0,25,23
H2Otp;HACD240,1,0,25,23
H2Otp;HACD260,1,0,25,23
H2Otp;HEXCCOAtr,1,0,25,23
H2Otp;HSD200,1,0,25,23
H2Otp;HSD220,1,0,25,23
H2Otp;HSD240,1,0,25,23
H2Otp;HSD260,1,0,25,23
H2Otp;PLMCOAPTr,0,1,26,22
H2Otp;PMTCOAFABP1tc,0,1,26,22
H2Otp;PNTK,0,1,26,22
H2Otp;PNTOt1,0,1,26,22
H2Otp;PPCDC,0,1,26,22
H2Otp;PPNCL2,0,1,26,22
H2Otp;PTPAT,0,1,26,22
H2Otp;RTOT4,0,1,26,22
H2Otp;RTOT5,1,0,25,23
H2Otp;TECR200,1,0,25,23
H2Otp;TECR220,1,0,25,23
H2Otp;TECR240,1,0,25,23
H2Otp;TECR260,1,0,25,23
H2Otp;TRDR,0,3,26,20
H2Stm;HCO3E,2,0,24,23
H2Stm;HCO3Ee,1,0,25,23
H2Stm;HEX12,2,0,24,23
H2Stm;MALACONtm,2,0,24,23
H2Stm;PFK,1,0,25,23
H2Stm;PGI,3,0,23,23
H2Stm;PGK,3,0,23,23
H2Stm;PGL,3,0,23,23
H2Stm;PGM,3,0,23,23
H2Stm;RPE,3,0,23,23
H2Stm;RPI,3,0,23,23
H2Stm;TALA,3,0,23,23
H2Stm;TKT1,3,0,23,23
H2Stm;TKT2,3,0,23,23
HACD180;ARTFR33,8,0,18,23
HACD180;ARTFR43,7,0,19,23
HACD180;HACD181,15,0,11,23
HACD180;HACD1m,9,0,17,23
HACD180;HMGCOASim,5,0,21,23
HACD180;HMGCOAtm,5,0,21,23
HACD180;HSD181,15,0,11,23
HACD180;LYStm,1,0,25,23
HACD180;MDHm,1,0,25,23
HACD180;OCTD11ECOAtr,15,0,11,23
HACD180;ORNTArm,1,0,25,23
HACD180;OXOADLR,1,0,25,23
HACD180;P45011A1m,5,0,21,23
HACD180;PNTK,0,2,26,21
HACD180;PNTOt1,0,2,26,21
HACD180;PPCDC,0,2,26,21
HACD180;PPItm,10,0,16,23
HACD180;PPNCL2,0,2,26,21
HACD180;PRGNLONEtm,5,0,21,23
HACD180;PRGNLONEtr,1,0,25,23
HACD180;PROD2,1,0,25,23
HACD180;PROGLUtm,1,0,25,23
HACD180;PROtm,1,0,25,23
HACD180;PTPAT,0,2,26,21
HACD180;PYRAKGte,1,0,25,23
HACD180;RTOT3,8,0,18,23
HACD180;RTOT4,6,0,20,23
HACD180;SACCD4m,1,0,25,23
HACD180;TD2GLTRCOAm,1,0,25,23
HACD180;TECR181,15,0,11,23
HACD180;THFtm,1,0,25,23
HACD180;TRDR,0,3,26,20
HACD181;HSD180,15,0,11,23
HACD181;RTOT5,1,0,25,23
HACD181;TECR180,15,0,11,23
HACD1m;ARTFR52,10,0,16,23
HACD1m;HACD200,10,0,16,23
HACD1m;HACD220,10,0,16,23
HACD1m;HACD240,10,0,16,23
HACD1m;HACD260,10,0,16,23
HACD1m;HEXCCOAtr,10,0,16,23
HACD1m;HMGCOASi,6,0,20,23
HACD1m;HSD17B1,1,0,25,23
HACD1m;HSD17B8r,1,0,25,23
HACD1m;HSD180,9,0,17,23
HACD1m;HSD200,10,0,16,23
HACD1m;HSD220,10,0,16,23
HACD1m;HSD240,10,0,16,23
HACD1m;HSD260,10,0,16,23
HACD1m;ME2m,1,0,25,23
HACD1m;PDHa,2,0,24,23
HACD1m;PDHbr,2,0,24,23
HACD1m;PIGTHRDLtm,1,0,25,23
HACD1m;RTOT5,10,0,16,23
HACD1m;TECR180,9,0,17,23
HACD1m;TECR200,10,0,16,23
HACD1m;TECR220,10,0,16,23
HACD1m;TECR240,10,0,16,23
HACD1m;TECR260,10,0,16,23
HACD200;ARTFR42,0,1,26,22
HACD200;ARTFR45,4,0,22,23
HACD200;ARTFR56,2,0,24,23
HACD200;HACD201,6,0,20,23
HACD200;HACD221,6,0,20,23
HACD200;HACD224,2,0,24,23
HACD200;HACD241,6,0,20,23
HACD200;HACD244,2,0,24,23
HACD200;HMGCOASim,5,0,21,23
HACD200;HMGCOAtm,5,0,21,23
HACD200;HMGDH,1,0,25,23
HACD200;HMGS,1,0,25,23
HACD200;HSD201,6,0,20,23
HACD200;HSD221,6,0,20,23
HACD200;HSD224,2,0,24,23
HACD200;HSD241,6,0,20,23
HACD200;HSD244,2,0,24,23
HACD200;Htg,2,0,24,23
HACD200;LACLt,1,0,25,23
HACD200;LDH_Lp,1,0,25,23
HACD200;MDHm,1,0,25,23
HACD200;METAT,1,0,25,23
HACD200;NDP7g,2,0,24,23
HACD200;NH4tp,1,0,25,23
HACD200;NRVNCCOAtr,6,0,20,23
HACD200;NRVNCCOAtxc,2,0,24,23
HACD200;O2tp,3,0,23,23
HACD200;OCDEAFABP1tc,0,1,26,22
HACD200;ORNTArm,1,0,25,23
HACD200;P45011A1m,1,1,25,22
HACD200;PGMT,2,0,24,23
HACD200;PItg,2,0,24,23
HACD200;PPItm,11,0,15,23
HACD200;PRGNLONEtm,1,1,25,22
HACD200;PRGNLONEtr,1,1,25,22
HACD200;PROD2,1,0,25,23
HACD200;RTOT4,5,1,21,22
HACD200;R_group_phosphotase_1,2,0,24,23
HACD200;SARCOXp,1,0,25,23
HACD200;SARCStm,1,0,25,23
HACD200;SARCStp,1,0,25,23
HACD200;SE4,0,1,26,22
HACD200;SFGTH,1,0,25,23
HACD200;SMPD4,2,0,24,23
HACD200;SOAT3,0,1,26,22
HACD200;SPHK21c,2,0,24,23
HACD200;SPHMDAc,2,0,24,23
HACD200;SPHS1Pte,2,0,24,23
HACD200;TECR201,6,0,20,23
HACD200;TECR221,6,0,20,23
HACD200;TECR224,2,0,24,23
HACD200;TECR241,6,0,20,23
HACD200;TECR244,2,0,24,23
HACD200;TTCTECOAtr,2,0,24,23
HACD200;UAGDP,2,0,24,23
HACD200;UDPG4E,2,0,24,23
HACD200;UDPGALtg,2,0,24,23
HACD200;UGCGc,2,0,24,23
HACD201;ARTFR52,6,0,20,23
HACD201;HACD220,6,0,20,23
HACD201;HACD240,6,0,20,23
HACD201;HACD260,6,0,20,23
HACD201;HEXCCOAtr,6,0,20,23
HACD201;HSD200,6,0,20,23
HACD201;HSD220,6,0,20,23
HACD201;HSD240,6,0,20,23
HACD201;HSD260,6,0,20,23
HACD201;RTOT5,4,0,22,23
HACD201;TECR200,6,0,20,23
HACD201;TECR220,6,0,20,23
HACD201;TECR240,6,0,20,23
HACD201;TECR260,6,0,20,23
HACD201;TRDR,0,3,26,20
HACD2031;Htr,1,0,25,23
HACD2031;PPA,2,0,24,23
HACD2031;THRA,2,0,24,23
HACD2031;TXA2tr,1,0,25,23
HACD2031;TXB2c,1,0,25,23
HACD2031;TXB2r,1,0,25,23
HACD2031;TXB2tr,1,0,25,23
HACD220;ARTFR42,0,1,26,22
HACD220;ARTFR45,4,0,22,23
HACD220;ARTFR56,2,0,24,23
HACD220;HACD221,6,0,20,23
HACD220;HACD224,2,0,24,23
HACD220;HACD241,6,0,20,23
HACD220;HACD244,2,0,24,23
HACD220;HMGCOASim,5,0,21,23
HACD220;HMGCOAtm,5,0,21,23
HACD220;HMGDH,1,0,25,23
HACD220;HMGS,1,0,25,23
HACD220;HSD201,6,0,20,23
HACD220;HSD221,6,0,20,23
HACD220;HSD224,2,0,24,23
HACD220;HSD241,6,0,20,23
HACD220;HSD244,2,0,24,23
HACD220;Htg,2,0,24,23
HACD220;LACLt,1,0,25,23
HACD220;LDH_Lp,1,0,25,23
HACD220;MDHm,1,0,25,23
HACD220;METAT,1,0,25,23
HACD220;NDP7g,2,0,24,23
HACD220;NH4tp,1,0,25,23
HACD220;NRVNCCOAtr,6,0,20,23
HACD220;NRVNCCOAtxc,2,0,24,23
HACD220;O2tp,3,0,23,23
HACD220;OCDEAFABP1tc,0,1,26,22
HACD220;ORNTArm,1,0,25,23
HACD220;P45011A1m,1,1,25,22
HACD220;PGMT,2,0,24,23
HACD220;PItg,2,0,24,23
HACD220;PPItm,11,0,15,23
HACD220;PRGNLONEtm,1,1,25,22
HACD220;PRGNLONEtr,1,1,25,22
HACD220;PROD2,1,0,25,23
HACD220;RTOT4,5,1,21,22
HACD220;R_group_phosphotase_1,2,0,24,23
HACD220;SARCOXp,1,0,25,23
HACD220;SARCStm,1,0,25,23
HACD220;SARCStp,1,0,25,23
HACD220;SE4,0,1,26,22
HACD220;SFGTH,1,0,25,23
HACD220;SMPD4,2,0,24,23
HACD220;SOAT3,0,1,26,22
HACD220;SPHK21c,2,0,24,23
HACD220;SPHMDAc,2,0,24,23
HACD220;SPHS1Pte,2,0,24,23
HACD220;TECR201,6,0,20,23
HACD220;TECR221,6,0,20,23
HACD220;TECR224,2,0,24,23
HACD220;TECR241,6,0,20,23
HACD220;TECR244,2,0,24,23
HACD220;TTCTECOAtr,2,0,24,23
HACD220;UAGDP,2,0,24,23
HACD220;UDPG4E,2,0,24,23
HACD220;UDPGALtg,2,0,24,23
HACD220;UGCGc,2,0,24,23
HACD221;ARTFR52,6,0,20,23
HACD221;HACD240,6,0,20,23
HACD221;HACD260,6,0,20,23
HACD221;HEXCCOAtr,6,0,20,23
HACD221;HSD200,6,0,20,23
HACD221;HSD220,6,0,20,23
HACD221;HSD240,6,0,20,23
HACD221;HSD260,6,0,20,23
HACD221;RTOT5,4,0,22,23
HACD221;TECR200,6,0,20,23
HACD221;TECR220,6,0,20,23
HACD221;TECR240,6,0,20,23
HACD221;TECR260,6,0,20,23
HACD221;TRDR,0,3,26,20
HACD224;ARTFR52,2,0,24,23
HACD224;HACD240,2,0,24,23
HACD224;HACD260,2,0,24,23
HACD224;HEXCCOAtr,2,0,24,23
HACD224;HSD200,2,0,24,23
HACD224;HSD220,2,0,24,23
HACD224;HSD240,2,0,24,23
HACD224;HSD260,2,0,24,23
HACD224;PMTCOAFABP1tc,0,1,26,22
HACD224;TECR200,2,0,24,23
HACD224;TECR220,2,0,24,23
HACD224;TECR240,2,0,24,23
HACD224;TECR260,2,0,24,23
HACD240;ARTFR42,0,1,26,22
HACD240;ARTFR45,4,0,22,23
HACD240;ARTFR56,2,0,24,23
HACD240;HACD241,6,0,20,23
HACD240;HACD244,2,0,24,23
HACD240;HMGCOASim,5,0,21,23
HACD240;HMGCOAtm,5,0,21,23
HACD240;HMGDH,1,0,25,23
HACD240;HMGS,1,0,25,23
HACD240;HSD201,6,0,20,23
HACD240;HSD221,6,0,20,23
HACD240;HSD224,2,0,24,23
HACD240;HSD241,6,0,20,23
HACD240;HSD244,2,0,24,23
HACD240;Htg,2,0,24,23
HACD240;LACLt,1,0,25,23
HACD240;LDH_Lp,1,0,25,23
HACD240;MDHm,1,0,25,23
HACD240;METAT,1,0,25,23
HACD240;NDP7g,2,0,24,23
HACD240;NH4tp,1,0,25,23
HACD240;NRVNCCOAtr,6,0,20,23
HACD240;NRVNCCOAtxc,2,0,24,23
HACD240;O2tp,3,0,23,23
HACD240;OCDEAFABP1tc,0,1,26,22
HACD240;ORNTArm,1,0,25,23
HACD240;P45011A1m,1,1,25,22
HACD240;PGMT,2,0,24,23
HACD240;PItg,2,0,24,23
HACD240;PPItm,11,0,15,23
HACD240;PRGNLONEtm,1,1,25,22
HACD240;PRGNLONEtr,1,1,25,22
HACD240;PROD2,1,0,25,23
HACD240;RTOT4,5,1,21,22
HACD240;R_group_phosphotase_1,2,0,24,23
HACD240;SARCOXp,1,0,25,23
HACD240;SARCStm,1,0,25,23
HACD240;SARCStp,1,0,25,23
HACD240;SE4,0,1,26,22
HACD240;SFGTH,1,0,25,23
HACD240;SMPD4,2,0,24,23
HACD240;SOAT3,0,1,26,22
HACD240;SPHK21c,2,0,24,23
HACD240;SPHMDAc,2,0,24,23
HACD240;SPHS1Pte,2,0,24,23
HACD240;TECR201,6,0,20,23
HACD240;TECR221,6,0,20,23
HACD240;TECR224,2,0,24,23
HACD240;TECR241,6,0,20,23
HACD240;TECR244,2,0,24,23
HACD240;TTCTECOAtr,2,0,24,23
HACD240;UAGDP,2,0,24,23
HACD240;UDPG4E,2,0,24,23
HACD240;UDPGALtg,2,0,24,23
HACD240;UGCGc,2,0,24,23
HACD241;ARTFR52,6,0,20,23
HACD241;HACD260,6,0,20,23
HACD241;HEXCCOAtr,6,0,20,23
HACD241;HSD200,6,0,20,23
HACD241;HSD220,6,0,20,23
HACD241;HSD240,6,0,20,23
HACD241;HSD260,6,0,20,23
HACD241;RTOT5,4,0,22,23
HACD241;TECR200,6,0,20,23
HACD241;TECR220,6,0,20,23
HACD241;TECR240,6,0,20,23
HACD241;TECR260,6,0,20,23
HACD241;TRDR,0,3,26,20
HACD244;ARTFR52,2,0,24,23
HACD244;HACD260,2,0,24,23
HACD244;HEXCCOAtr,2,0,24,23
HACD244;HSD200,2,0,24,23
HACD244;HSD220,2,0,24,23
HACD244;HSD240,2,0,24,23
HACD244;HSD260,2,0,24,23
HACD244;TECR200,2,0,24,23
HACD244;TECR220,2,0,24,23
HACD244;TECR240,2,0,24,23
HACD244;TECR260,2,0,24,23
HACD260;ARTFR42,0,1,26,22
HACD260;ARTFR45,4,0,22,23
HACD260;ARTFR56,2,0,24,23
HACD260;HMGCOASim,5,0,21,23
HACD260;HMGCOAtm,5,0,21,23
HACD260;HMGDH,1,0,25,23
HACD260;HMGS,1,0,25,23
HACD260;HSD201,6,0,20,23
HACD260;HSD221,6,0,20,23
HACD260;HSD224,2,0,24,23
HACD260;HSD241,6,0,20,23
HACD260;HSD244,2,0,24,23
HACD260;Htg,2,0,24,23
HACD260;LACLt,1,0,25,23
HACD260;LDH_Lp,1,0,25,23
HACD260;MDHm,1,0,25,23
HACD260;METAT,1,0,25,23
HACD260;NDP7g,2,0,24,23
HACD260;NH4tp,1,0,25,23
HACD260;NRVNCCOAtr,6,0,20,23
HACD260;NRVNCCOAtxc,2,0,24,23
HACD260;O2tp,3,0,23,23
HACD260;OCDEAFABP1tc,0,1,26,22
HACD260;ORNTArm,1,0,25,23
HACD260;P45011A1m,1,1,25,22
HACD260;PGMT,2,0,24,23
HACD260;PItg,2,0,24,23
HACD260;PPItm,11,0,15,23
HACD260;PRGNLONEtm,1,1,25,22
HACD260;PRGNLONEtr,1,1,25,22
HACD260;PROD2,1,0,25,23
HACD260;RTOT4,5,1,21,22
HACD260;R_group_phosphotase_1,2,0,24,23
HACD260;SARCOXp,1,0,25,23
HACD260;SARCStm,1,0,25,23
HACD260;SARCStp,1,0,25,23
HACD260;SE4,0,1,26,22
HACD260;SFGTH,1,0,25,23
HACD260;SMPD4,2,0,24,23
HACD260;SOAT3,0,1,26,22
HACD260;SPHK21c,2,0,24,23
HACD260;SPHMDAc,2,0,24,23
HACD260;SPHS1Pte,2,0,24,23
HACD260;TECR201,6,0,20,23
HACD260;TECR221,6,0,20,23
HACD260;TECR224,2,0,24,23
HACD260;TECR241,6,0,20,23
HACD260;TECR244,2,0,24,23
HACD260;TTCTECOAtr,2,0,24,23
HACD260;UAGDP,2,0,24,23
HACD260;UDPG4E,2,0,24,23
HACD260;UDPGALtg,2,0,24,23
HACD260;UGCGc,2,0,24,23
HAS1;R_group_phosphotase_1,0,1,26,22
HAS1;UAG2EMAi,1,0,25,23
HAS2;R_group_phosphotase_1,0,1,26,22
HAS2;UAG2EMAi,1,0,25,23
HAtly;R_group_phosphotase_1,0,1,26,22
HAtly;UAG2EMAi,1,0,25,23
HBZOPT10m;HCO3tm,1,0,25,23
HBZOPT10m;NH4tm,1,0,25,23
HBZOPT10m;O2Stm,1,0,25,23
HBZOPT10m;OCBTm,1,0,25,23
HBZOPT10m;ORNt4m,1,0,25,23
HBZOPT10m;PCREATtmdiffir,1,0,25,23
HCO3E;ACITLn,0,1,26,22
HCO3E;ADPtn,0,1,26,22
HCO3E;CITtn,0,1,26,22
HCO3E;HCO3Ee,7,7,19,16
HCO3E;HCO3Em,1,2,25,21
HCO3E;HCO3tm,1,2,25,21
HCO3E;HEX12,1,1,25,22
HCO3E;Htr,0,1,26,22
HCO3E;ICDHxrm,3,0,23,23
HCO3E;ICDHyr,0,1,26,22
HCO3E;ICDHyrm,1,2,25,21
HCO3E;ICITCITtm,0,1,26,22
HCO3E;LACLt,1,0,25,23
HCO3E;LDH_Lp,1,0,25,23
HCO3E;LHCYSTIN,1,0,25,23
HCO3E;LHCYSTINt,1,0,25,23
HCO3E;L_LACt2r,0,1,26,22
HCO3E;MALTSULtm,2,0,24,23
HCO3E;MAL_Lte,1,3,25,20
HCO3E;MDHm,2,0,24,23
HCO3E;METAT,1,0,25,23
HCO3E;MTHFCm,0,1,26,22
HCO3E;MTHFDm,0,1,26,22
HCO3E;NADH2_u10m,0,1,26,22
HCO3E;NAtm,1,0,25,23
HCO3E;NH4tm,1,0,25,23
HCO3E;NH4tp,1,0,25,23
HCO3E;NTD9,1,4,25,19
HCO3E;OAAtn,0,1,26,22
HCO3E;OCBTm,1,0,25,23
HCO3E;ORNt4m,1,0,25,23
HCO3E;OROTGLUt,0,1,26,22
HCO3E;OROTi,0,1,26,22
HCO3E;OXALSUCCCL,0,1,26,22
HCO3E;OXALSUCCCLm,2,2,24,21
HCO3E;P45011A1m,0,1,26,22
HCO3E;PCREATtmdiffir,1,0,25,23
HCO3E;PFK2,1,0,25,23
HCO3E;PGI,0,1,26,22
HCO3E;PGK,1,0,25,23
HCO3E;PGM,1,0,25,23
HCO3E;PGMT,0,1,26,22
HCO3E;PIGTHRDLtm,2,0,24,23
HCO3E;PIt2m_2,1,2,25,21
HCO3E;PIt7,0,1,26,22
HCO3E;PItn,0,1,26,22
HCO3E;PPA,2,3,24,20
HCO3E;PPIPItr,0,1,26,22
HCO3E;PRGNLONEtm,0,1,26,22
HCO3E;PROGLUtm,0,1,26,22
HCO3E;PROtm,0,1,26,22
HCO3E;PRSDO,2,0,24,23
HCO3E;PUNP1,1,0,25,23
HCO3E;PUNP3,1,4,25,19
HCO3E;Pit4,1,0,25,23
HCO3E;RPI,0,1,26,22
HCO3E;SERTm,0,1,26,22
HCO3E;SQOR2m,2,0,24,23
HCO3E;SQORm,2,0,24,23
HCO3E;SSALym,0,1,26,22
HCO3E;SUCCt4_2,1,0,25,23
HCO3E;TCHOLAt,0,1,26,22
HCO3E;TCHOLAt2,0,1,26,22
HCO3E;THFtm,0,1,26,22
HCO3E;THRA,1,0,25,23
HCO3E;TSCTS,2,0,24,23
HCO3E;TSULt4_3,2,0,24,23
HCO3E;TXA2tr,0,1,26,22
HCO3E;TXB2c,0,1,26,22
HCO3E;TXB2r,0,1,26,22
HCO3E;TXB2tr,0,1,26,22
HCO3E;UAGDP,1,1,25,22
HCO3E;URATEt,2,4,24,19
HCO3E;URATEti,1,0,25,23
HCO3E;URATEtx,1,0,25,23
HCO3E;XAND,0,4,26,19
HCO3E;XANDp,1,0,25,23
HCO3E;XANtx,1,0,25,23
HCO3E;XAO,1,0,25,23
HCO3Ee;HCO3Em,0,1,26,22
HCO3Ee;HCO3tm,0,1,26,22
HCO3Ee;ICDHxrm,2,0,24,23
HCO3Ee;MALTSULtm,1,0,25,23
HCO3Ee;NADH2_u10m,0,1,26,22
HCO3Ee;NH4tm,1,0,25,23
HCO3Ee;NTD9,0,2,26,21
HCO3Ee;OCBTm,1,0,25,23
HCO3Ee;PIt2m_2,1,1,25,22
HCO3Ee;PPA,0,1,26,22
HCO3Ee;PRSDO,1,0,25,23
HCO3Ee;PUNP3,0,2,26,21
HCO3Ee;PYRAKGte,0,1,26,22
HCO3Ee;PYRLACte,0,1,26,22
HCO3Ee;RNAdeg,0,1,26,22
HCO3Ee;SQOR2m,1,0,25,23
HCO3Ee;SQORm,1,0,25,23
HCO3Ee;SUCCt4_2,1,0,25,23
HCO3Ee;TSCTS,1,0,25,23
HCO3Ee;TSULt4_3,1,0,25,23
HCO3Ee;TYROX,0,1,26,22
HCO3Ee;TYRTA,0,1,26,22
HCO3Ee;URATEt,0,2,26,21
HCO3Ee;XAND,0,1,26,22
HCO3Ee;XAO,0,1,26,22
HCO3Em;HCO3tm,1,0,25,23
HCO3Em;Htr,0,1,26,22
HCO3Em;LHCYSTIN,0,1,26,22
HCO3Em;LHCYSTINt,0,1,26,22
HCO3Em;MDRPD,0,1,26,22
HCO3Em;METAT,0,1,26,22
HCO3Em;MTAP,0,1,26,22
HCO3Em;MTRI,0,1,26,22
HCO3Em;NADH2_u10m,0,1,26,22
HCO3Em;NH4t3r,1,0,25,23
HCO3Em;NKCC2t,0,1,26,22
HCO3Em;O2tm,0,1,26,22
HCO3Em;PCFLOPm,0,1,26,22
HCO3Em;PETOHMm_hs,0,1,26,22
HCO3Em;PGI,0,1,26,22
HCO3Em;PIt2m_2,3,0,23,23
HCO3Em;PPAer,0,1,26,22
HCO3Em;PPIPItr,0,1,26,22
HCO3Em;PPItm,1,0,25,23
HCO3Em;PUNP1,0,1,26,22
HCO3Em;SMOX,0,1,26,22
HCO3Em;SPRMS,0,1,26,22
HCO3Em;THFtm,0,1,26,22
HCO3Em;TXA2tr,0,1,26,22
HCO3Em;TXB2c,0,1,26,22
HCO3Em;TXB2r,0,1,26,22
HCO3Em;TXB2tr,0,1,26,22
HCO3Em;UNK3,0,1,26,22
HCO3tm;HMBS,1,0,25,23
HCO3tm;HOXG,1,0,25,23
HCO3tm;Htr,0,1,26,22
HCO3tm;ICDHxrm,1,0,25,23
HCO3tm;IDHPOXOX2b,1,0,25,23
HCO3tm;IDHPOXOX3,1,0,25,23
HCO3tm;IDHPOXOXb,1,0,25,23
HCO3tm;It,1,0,25,23
HCO3tm;KCC2t,2,0,24,23
HCO3tm;LDH_L,0,1,26,22
HCO3tm;LHCYSTIN,3,2,23,21
HCO3tm;LHCYSTINt,3,2,23,21
HCO3tm;MAL_Lte,1,0,25,23
HCO3tm;MDHm,1,1,25,22
HCO3tm;MDRPD,0,1,26,22
HCO3tm;METAT,3,2,23,21
HCO3tm;MTAP,0,1,26,22
HCO3tm;MTRI,0,1,26,22
HCO3tm;NADH2_u10m,0,1,26,22
HCO3tm;NAt5,2,1,24,22
HCO3tm;NDP7er,1,0,25,23
HCO3tm;NDPK1m,0,1,26,22
HCO3tm;NH4t3r,0,1,26,22
HCO3tm;NH4tm,1,1,25,22
HCO3tm;O2tm,0,1,26,22
HCO3tm;ORNDC,3,0,23,23
HCO3tm;PCFLOPm,0,1,26,22
HCO3tm;PCREATtmdiffir,2,0,24,23
HCO3tm;PEMET1,0,1,26,22
HCO3tm;PEMET2,0,1,26,22
HCO3tm;PEPACONtm,0,1,26,22
HCO3tm;PEPCKm,0,1,26,22
HCO3tm;PETOHMm_hs,0,1,26,22
HCO3tm;PE_HStm,0,1,26,22
HCO3tm;PGI,0,1,26,22
HCO3tm;PGMT,1,0,25,23
HCO3tm;PHEMEtm,1,0,25,23
HCO3tm;PHETA1,1,0,25,23
HCO3tm;PHETA1m,1,0,25,23
HCO3tm;PHEt4m,1,0,25,23
HCO3tm;PHPYRtm,1,0,25,23
HCO3tm;PIGTHRDLtm,1,0,25,23
HCO3tm;PIt2m_2,2,0,24,23
HCO3tm;PPAer,0,1,26,22
HCO3tm;PPBNGS,1,0,25,23
HCO3tm;PPIPItr,0,1,26,22
HCO3tm;PPItm,3,0,23,23
HCO3tm;PPPG9tm,1,0,25,23
HCO3tm;PPPGOm,1,0,25,23
HCO3tm;PROGLUtm,1,0,25,23
HCO3tm;PROtm,1,0,25,23
HCO3tm;PSDm_hs,0,1,26,22
HCO3tm;PSFLIPm,0,1,26,22
HCO3tm;PUNP1,1,2,25,21
HCO3tm;Q10H2e,1,0,25,23
HCO3tm;R_group_phosphotase_1,0,1,26,22
HCO3tm;SADT,1,0,25,23
HCO3tm;SMOX,0,1,26,22
HCO3tm;SPRMS,0,1,26,22
HCO3tm;SSALym,1,0,25,23
HCO3tm;SUCOAS1m,1,0,25,23
HCO3tm;T4HCINNMFM,1,0,25,23
HCO3tm;THBPT4ACAMDASE,1,0,25,23
HCO3tm;THFtm,0,1,26,22
HCO3tm;THYPX,1,0,25,23
HCO3tm;TRIODTHYSUFt,1,0,25,23
HCO3tm;TXA2tr,0,1,26,22
HCO3tm;TXB2c,0,1,26,22
HCO3tm;TXB2r,0,1,26,22
HCO3tm;TXB2tr,0,1,26,22
HCO3tm;TYR3MO2,1,0,25,23
HCO3tm;TYRTAm,1,0,25,23
HCO3tm;TYRtl,1,0,25,23
HCO3tm;UDPGD,1,0,25,23
HCO3tm;UNK3,0,1,26,22
HCO3tm;UPP3S,1,0,25,23
HCO3tm;UPPDC1,1,0,25,23
HCO3tm;q10h2tc,1,0,25,23
HEX11;HEX12,0,1,26,22
HEX12;Htr,1,0,25,23
HEX12;MALTSULtm,2,0,24,23
HEX12;NADH2_u10m,1,0,25,23
HEX12;NDPK9,0,1,26,22
HEX12;NH4tr,5,1,21,22
HEX12;NQO2,1,0,25,23
HEX12;PGI,1,0,25,23
HEX12;PIt2m_2,1,0,25,23
HEX12;PPIPItr,1,0,25,23
HEX12;PRSDO,2,0,24,23
HEX12;PYK,2,1,24,22
HEX12;RPE,1,0,25,23
HEX12;SQOR2m,2,0,24,23
HEX12;SQORm,2,0,24,23
HEX12;TALA,1,0,25,23
HEX12;THRA,1,0,25,23
HEX12;TKT1,1,0,25,23
HEX12;TKT2,1,0,25,23
HEX12;TSCTS,2,0,24,23
HEX12;TSULt4_3,2,0,24,23
HEX12;q10h2tc,1,0,25,23
HEX12;q10tm,1,0,25,23
HEX1;HEX12,1,0,25,23
HEX1;HPYRDCm,0,1,26,22
HEX1;HPYRRy,0,1,26,22
HEX1;HPYRtp,0,1,26,22
HEX1;NH4tr,1,0,25,23
HEX1;O2tp,0,1,26,22
HEX1;PEPCK,0,1,26,22
HEX1;SERTm,0,1,26,22
HEX1;SERtp,0,1,26,22
HEX1;SPAm,0,1,26,22
HEX1;SPTx,0,1,26,22
HEX4;ST3GAL31g,0,1,26,22
HEX4;UGCGc,1,1,25,22
HEXCCOAtr;ARTFR42,0,1,26,22
HEXCCOAtr;ARTFR45,4,0,22,23
HEXCCOAtr;ARTFR56,2,0,24,23
HEXCCOAtr;HMGCOASim,5,0,21,23
HEXCCOAtr;HMGCOAtm,5,0,21,23
HEXCCOAtr;HMGDH,1,0,25,23
HEXCCOAtr;HMGS,1,0,25,23
HEXCCOAtr;HSD201,6,0,20,23
HEXCCOAtr;HSD221,6,0,20,23
HEXCCOAtr;HSD224,2,0,24,23
HEXCCOAtr;HSD241,6,0,20,23
HEXCCOAtr;HSD244,2,0,24,23
HEXCCOAtr;Htg,2,0,24,23
HEXCCOAtr;LACLt,1,0,25,23
HEXCCOAtr;LDH_Lp,1,0,25,23
HEXCCOAtr;MDHm,1,0,25,23
HEXCCOAtr;METAT,1,0,25,23
HEXCCOAtr;NDP7g,2,0,24,23
HEXCCOAtr;NH4tp,1,0,25,23
HEXCCOAtr;NRVNCCOAtr,6,0,20,23
HEXCCOAtr;NRVNCCOAtxc,2,0,24,23
HEXCCOAtr;O2tp,3,0,23,23
HEXCCOAtr;OCDEAFABP1tc,0,1,26,22
HEXCCOAtr;ORNTArm,1,0,25,23
HEXCCOAtr;P45011A1m,1,1,25,22
HEXCCOAtr;PGMT,2,0,24,23
HEXCCOAtr;PItg,2,0,24,23
HEXCCOAtr;PPItm,11,0,15,23
HEXCCOAtr;PRGNLONEtm,1,1,25,22
HEXCCOAtr;PRGNLONEtr,1,1,25,22
HEXCCOAtr;PROD2,1,0,25,23
HEXCCOAtr;RTOT4,5,1,21,22
HEXCCOAtr;R_group_phosphotase_1,2,0,24,23
HEXCCOAtr;SARCOXp,1,0,25,23
HEXCCOAtr;SARCStm,1,0,25,23
HEXCCOAtr;SARCStp,1,0,25,23
HEXCCOAtr;SE4,0,1,26,22
HEXCCOAtr;SFGTH,1,0,25,23
HEXCCOAtr;SMPD4,2,0,24,23
HEXCCOAtr;SOAT3,0,1,26,22
HEXCCOAtr;SPHK21c,2,0,24,23
HEXCCOAtr;SPHMDAc,2,0,24,23
HEXCCOAtr;SPHS1Pte,2,0,24,23
HEXCCOAtr;TECR201,6,0,20,23
HEXCCOAtr;TECR221,6,0,20,23
HEXCCOAtr;TECR224,2,0,24,23
HEXCCOAtr;TECR241,6,0,20,23
HEXCCOAtr;TECR244,2,0,24,23
HEXCCOAtr;TTCTECOAtr,2,0,24,23
HEXCCOAtr;UAGDP,2,0,24,23
HEXCCOAtr;UDPG4E,2,0,24,23
HEXCCOAtr;UDPGALtg,2,0,24,23
HEXCCOAtr;UGCGc,2,0,24,23
HISD;MTHFCm,0,2,26,21
HISD;MTHFDm,0,2,26,21
HISD;SERTm,0,2,26,21
HISD;SERt4,0,1,26,22
HISD;THFtm,0,2,26,21
HISt4;HIStN1,8,16,18,7
HISt4;HIStiDF,1,0,25,23
HMBS;Htg,0,1,26,22
HMBS;ICDHyr,0,1,26,22
HMBS;ICITCITtm,0,1,26,22
HMBS;L_LACt2r,0,1,26,22
HMBS;MAL_Lte,1,0,25,23
HMBS;MDHm,1,0,25,23
HMBS;NDP7g,0,1,26,22
HMBS;NH4tm,1,0,25,23
HMBS;O2tm,0,1,26,22
HMBS;OCBTm,1,0,25,23
HMBS;OROTGLUt,0,1,26,22
HMBS;OROTi,0,1,26,22
HMBS;OXALSUCCCL,0,1,26,22
HMBS;PEPCKm,1,0,25,23
HMBS;PGI,0,1,26,22
HMBS;PIGTHRDLtm,1,0,25,23
HMBS;PIMALtm,0,1,26,22
HMBS;PIt2m_2,0,1,26,22
HMBS;PItg,0,1,26,22
HMBS;PROGLUtm,0,1,26,22
HMBS;PROtm,0,1,26,22
HMBS;RDH1,1,0,25,23
HMBS;RDH1a,1,0,25,23
HMBS;SO3AKGtm,0,1,26,22
HMBS;SO3MALtm,0,1,26,22
HMBS;SUCCICITtm,1,0,25,23
HMBS;SUCCt4_2,1,0,25,23
HMBS;SUCOAS1m,0,2,26,21
HMBS;THFtm,1,0,25,23
HMBS;THRA,0,2,26,21
HMGCOASi;HMGCOASim,6,0,20,23
HMGCOASi;HMGCOAtm,6,0,20,23
HMGCOASi;MDHm,1,0,25,23
HMGCOASi;PPItm,6,0,20,23
HMGCOASim;ARTFR52,5,0,21,23
HMGCOASim;HSD17B1,1,0,25,23
HMGCOASim;HSD17B8r,1,0,25,23
HMGCOASim;HSD180,5,0,21,23
HMGCOASim;HSD200,5,0,21,23
HMGCOASim;HSD220,5,0,21,23
HMGCOASim;HSD240,5,0,21,23
HMGCOASim;HSD260,5,0,21,23
HMGCOASim;RTOT5,5,0,21,23
HMGCOASim;TECR180,5,0,21,23
HMGCOASim;TECR200,5,0,21,23
HMGCOASim;TECR220,5,0,21,23
HMGCOASim;TECR240,5,0,21,23
HMGCOASim;TECR260,5,0,21,23
HMGCOAtm;ARTFR52,5,0,21,23
HMGCOAtm;HSD17B1,1,0,25,23
HMGCOAtm;HSD17B8r,1,0,25,23
HMGCOAtm;HSD180,5,0,21,23
HMGCOAtm;HSD200,5,0,21,23
HMGCOAtm;HSD220,5,0,21,23
HMGCOAtm;HSD240,5,0,21,23
HMGCOAtm;HSD260,5,0,21,23
HMGCOAtm;RTOT5,5,0,21,23
HMGCOAtm;TECR180,5,0,21,23
HMGCOAtm;TECR200,5,0,21,23
HMGCOAtm;TECR220,5,0,21,23
HMGCOAtm;TECR240,5,0,21,23
HMGCOAtm;TECR260,5,0,21,23
HMGDH;ARTFR52,1,0,25,23
HMGDH;HSD200,1,0,25,23
HMGDH;HSD220,1,0,25,23
HMGDH;HSD240,1,0,25,23
HMGDH;HSD260,1,0,25,23
HMGDH;MTHFCm,0,1,26,22
HMGDH;MTHFDm,0,1,26,22
HMGDH;PNTK,0,1,26,22
HMGDH;PNTOt1,0,1,26,22
HMGDH;PPCDC,0,1,26,22
HMGDH;PPNCL2,0,1,26,22
HMGDH;PTPAT,0,1,26,22
HMGDH;RTOT5,1,0,25,23
HMGDH;SERTm,0,1,26,22
HMGDH;TECR200,1,0,25,23
HMGDH;TECR220,1,0,25,23
HMGDH;TECR240,1,0,25,23
HMGDH;TECR260,1,0,25,23
HMGDH;THRA,1,0,25,23
HMGL;ACITLn,2,0,24,23
HMGL;ADPtn,2,0,24,23
HMGL;CITtn,2,0,24,23
HMGL;ICDHyrm,1,0,25,23
HMGL;OAAtn,2,0,24,23
HMGL;OXALSUCCCLm,2,0,24,23
HMGL;PEPCK,1,0,25,23
HMGL;PItn,2,0,24,23
HMGS;ARTFR52,1,0,25,23
HMGS;HSD200,1,0,25,23
HMGS;HSD220,1,0,25,23
HMGS;HSD240,1,0,25,23
HMGS;HSD260,1,0,25,23
HMGS;MTHFCm,0,1,26,22
HMGS;MTHFDm,0,1,26,22
HMGS;PNTK,0,1,26,22
HMGS;PNTOt1,0,1,26,22
HMGS;PPCDC,0,1,26,22
HMGS;PPNCL2,0,1,26,22
HMGS;PTPAT,0,1,26,22
HMGS;RTOT5,1,0,25,23
HMGS;SERTm,0,1,26,22
HMGS;TECR200,1,0,25,23
HMGS;TECR220,1,0,25,23
HMGS;TECR240,1,0,25,23
HMGS;TECR260,1,0,25,23
HMGS;THRA,1,0,25,23
HOXG;Htg,0,1,26,22
HOXG;ICDHyr,0,1,26,22
HOXG;ICITCITtm,0,1,26,22
HOXG;L_LACt2r,0,1,26,22
HOXG;MAL_Lte,1,0,25,23
HOXG;MDHm,1,0,25,23
HOXG;NDP7g,0,1,26,22
HOXG;NH4tm,1,0,25,23
HOXG;O2tm,0,1,26,22
HOXG;OCBTm,1,0,25,23
HOXG;OROTGLUt,0,1,26,22
HOXG;OROTi,0,1,26,22
HOXG;OXALSUCCCL,0,1,26,22
HOXG;PEPCKm,1,0,25,23
HOXG;PGI,0,1,26,22
HOXG;PIGTHRDLtm,1,0,25,23
HOXG;PIMALtm,0,1,26,22
HOXG;PIt2m_2,0,1,26,22
HOXG;PItg,0,1,26,22
HOXG;PROGLUtm,0,1,26,22
HOXG;PROtm,0,1,26,22
HOXG;RDH1,1,0,25,23
HOXG;RDH1a,1,0,25,23
HOXG;SO3AKGtm,0,1,26,22
HOXG;SO3MALtm,0,1,26,22
HOXG;SUCCICITtm,1,0,25,23
HOXG;SUCCt4_2,1,0,25,23
HOXG;SUCOAS1m,0,2,26,21
HOXG;THFtm,1,0,25,23
HOXG;THRA,0,2,26,21
HPROxm;ITCOALm,0,2,26,21
HPROxm;NH4tm,0,1,26,22
HPROxm;PNTK,0,1,26,22
HPROxm;PNTOt1,0,1,26,22
HPROxm;PPCDC,0,1,26,22
HPROxm;PPNCL2,0,1,26,22
HPROxm;PTPAT,0,1,26,22
HPROxm;PYRtm,0,2,26,21
HPROxm;THFtm,0,2,26,21
HPROxm;TXA2tr,0,1,26,22
HPROxm;TXB2c,0,1,26,22
HPROxm;TXB2r,0,1,26,22
HPROxm;TXB2tr,0,1,26,22
HPROym;ITCOALm,0,2,26,21
HPROym;NH4tm,0,1,26,22
HPROym;PNTK,0,1,26,22
HPROym;PNTOt1,0,1,26,22
HPROym;PPCDC,0,1,26,22
HPROym;PPNCL2,0,1,26,22
HPROym;PTPAT,0,1,26,22
HPROym;PYRtm,0,2,26,21
HPROym;THFtm,0,2,26,21
HPROym;TXA2tr,0,1,26,22
HPROym;TXB2c,0,1,26,22
HPROym;TXB2r,0,1,26,22
HPROym;TXB2tr,0,1,26,22
HSD17B1;NADH2_u10m,0,1,26,22
HSD17B1;PPA,0,1,26,22
HSD17B1;PPItm,1,0,25,23
HSD17B8r;NADH2_u10m,0,1,26,22
HSD17B8r;PPA,0,1,26,22
HSD17B8r;PPItm,1,0,25,23
HSD180;ARTFR33,8,0,18,23
HSD180;ARTFR43,7,0,19,23
HSD180;HSD181,15,0,11,23
HSD180;LYStm,1,0,25,23
HSD180;MDHm,1,0,25,23
HSD180;OCTD11ECOAtr,15,0,11,23
HSD180;ORNTArm,1,0,25,23
HSD180;OXOADLR,1,0,25,23
HSD180;P45011A1m,5,0,21,23
HSD180;PNTK,0,2,26,21
HSD180;PNTOt1,0,2,26,21
HSD180;PPCDC,0,2,26,21
HSD180;PPItm,10,0,16,23
HSD180;PPNCL2,0,2,26,21
HSD180;PRGNLONEtm,5,0,21,23
HSD180;PRGNLONEtr,1,0,25,23
HSD180;PROD2,1,0,25,23
HSD180;PROGLUtm,1,0,25,23
HSD180;PROtm,1,0,25,23
HSD180;PTPAT,0,2,26,21
HSD180;PYRAKGte,1,0,25,23
HSD180;RTOT3,8,0,18,23
HSD180;RTOT4,6,0,20,23
HSD180;SACCD4m,1,0,25,23
HSD180;TD2GLTRCOAm,1,0,25,23
HSD180;TECR181,15,0,11,23
HSD180;THFtm,1,0,25,23
HSD180;TRDR,0,3,26,20
HSD181;RTOT5,1,0,25,23
HSD181;TECR180,15,0,11,23
HSD200;ARTFR42,0,1,26,22
HSD200;ARTFR45,4,0,22,23
HSD200;ARTFR56,2,0,24,23
HSD200;HSD201,6,0,20,23
HSD200;HSD221,6,0,20,23
HSD200;HSD224,2,0,24,23
HSD200;HSD241,6,0,20,23
HSD200;HSD244,2,0,24,23
HSD200;Htg,2,0,24,23
HSD200;LACLt,1,0,25,23
HSD200;LDH_Lp,1,0,25,23
HSD200;MDHm,1,0,25,23
HSD200;METAT,1,0,25,23
HSD200;NDP7g,2,0,24,23
HSD200;NH4tp,1,0,25,23
HSD200;NRVNCCOAtr,6,0,20,23
HSD200;NRVNCCOAtxc,2,0,24,23
HSD200;O2tp,3,0,23,23
HSD200;OCDEAFABP1tc,0,1,26,22
HSD200;ORNTArm,1,0,25,23
HSD200;P45011A1m,1,1,25,22
HSD200;PGMT,2,0,24,23
HSD200;PItg,2,0,24,23
HSD200;PPItm,11,0,15,23
HSD200;PRGNLONEtm,1,1,25,22
HSD200;PRGNLONEtr,1,1,25,22
HSD200;PROD2,1,0,25,23
HSD200;RTOT4,5,1,21,22
HSD200;R_group_phosphotase_1,2,0,24,23
HSD200;SARCOXp,1,0,25,23
HSD200;SARCStm,1,0,25,23
HSD200;SARCStp,1,0,25,23
HSD200;SE4,0,1,26,22
HSD200;SFGTH,1,0,25,23
HSD200;SMPD4,2,0,24,23
HSD200;SOAT3,0,1,26,22
HSD200;SPHK21c,2,0,24,23
HSD200;SPHMDAc,2,0,24,23
HSD200;SPHS1Pte,2,0,24,23
HSD200;TECR201,6,0,20,23
HSD200;TECR221,6,0,20,23
HSD200;TECR224,2,0,24,23
HSD200;TECR241,6,0,20,23
HSD200;TECR244,2,0,24,23
HSD200;TTCTECOAtr,2,0,24,23
HSD200;UAGDP,2,0,24,23
HSD200;UDPG4E,2,0,24,23
HSD200;UDPGALtg,2,0,24,23
HSD200;UGCGc,2,0,24,23
HSD201;ARTFR52,6,0,20,23
HSD201;HSD220,6,0,20,23
HSD201;HSD240,6,0,20,23
HSD201;HSD260,6,0,20,23
HSD201;RTOT5,4,0,22,23
HSD201;TECR200,6,0,20,23
HSD201;TECR220,6,0,20,23
HSD201;TECR240,6,0,20,23
HSD201;TECR260,6,0,20,23
HSD201;TRDR,0,3,26,20
HSD2031;Htr,1,0,25,23
HSD2031;PPA,2,0,24,23
HSD2031;THRA,2,0,24,23
HSD2031;TXA2tr,1,0,25,23
HSD2031;TXB2c,1,0,25,23
HSD2031;TXB2r,1,0,25,23
HSD2031;TXB2tr,1,0,25,23
HSD220;ARTFR42,0,1,26,22
HSD220;ARTFR45,4,0,22,23
HSD220;ARTFR56,2,0,24,23
HSD220;HSD221,6,0,20,23
HSD220;HSD224,2,0,24,23
HSD220;HSD241,6,0,20,23
HSD220;HSD244,2,0,24,23
HSD220;Htg,2,0,24,23
HSD220;LACLt,1,0,25,23
HSD220;LDH_Lp,1,0,25,23
HSD220;MDHm,1,0,25,23
HSD220;METAT,1,0,25,23
HSD220;NDP7g,2,0,24,23
HSD220;NH4tp,1,0,25,23
HSD220;NRVNCCOAtr,6,0,20,23
HSD220;NRVNCCOAtxc,2,0,24,23
HSD220;O2tp,3,0,23,23
HSD220;OCDEAFABP1tc,0,1,26,22
HSD220;ORNTArm,1,0,25,23
HSD220;P45011A1m,1,1,25,22
HSD220;PGMT,2,0,24,23
HSD220;PItg,2,0,24,23
HSD220;PPItm,11,0,15,23
HSD220;PRGNLONEtm,1,1,25,22
HSD220;PRGNLONEtr,1,1,25,22
HSD220;PROD2,1,0,25,23
HSD220;RTOT4,5,1,21,22
HSD220;R_group_phosphotase_1,2,0,24,23
HSD220;SARCOXp,1,0,25,23
HSD220;SARCStm,1,0,25,23
HSD220;SARCStp,1,0,25,23
HSD220;SE4,0,1,26,22
HSD220;SFGTH,1,0,25,23
HSD220;SMPD4,2,0,24,23
HSD220;SOAT3,0,1,26,22
HSD220;SPHK21c,2,0,24,23
HSD220;SPHMDAc,2,0,24,23
HSD220;SPHS1Pte,2,0,24,23
HSD220;TECR201,6,0,20,23
HSD220;TECR221,6,0,20,23
HSD220;TECR224,2,0,24,23
HSD220;TECR241,6,0,20,23
HSD220;TECR244,2,0,24,23
HSD220;TTCTECOAtr,2,0,24,23
HSD220;UAGDP,2,0,24,23
HSD220;UDPG4E,2,0,24,23
HSD220;UDPGALtg,2,0,24,23
HSD220;UGCGc,2,0,24,23
HSD221;ARTFR52,6,0,20,23
HSD221;HSD240,6,0,20,23
HSD221;HSD260,6,0,20,23
HSD221;RTOT5,4,0,22,23
HSD221;TECR200,6,0,20,23
HSD221;TECR220,6,0,20,23
HSD221;TECR240,6,0,20,23
HSD221;TECR260,6,0,20,23
HSD221;TRDR,0,3,26,20
HSD224;ARTFR52,2,0,24,23
HSD224;HSD240,2,0,24,23
HSD224;HSD260,2,0,24,23
HSD224;PMTCOAFABP1tc,0,1,26,22
HSD224;TECR200,2,0,24,23
HSD224;TECR220,2,0,24,23
HSD224;TECR240,2,0,24,23
HSD224;TECR260,2,0,24,23
HSD240;ARTFR42,0,1,26,22
HSD240;ARTFR45,4,0,22,23
HSD240;ARTFR56,2,0,24,23
HSD240;HSD241,6,0,20,23
HSD240;HSD244,2,0,24,23
HSD240;Htg,2,0,24,23
HSD240;LACLt,1,0,25,23
HSD240;LDH_Lp,1,0,25,23
HSD240;MDHm,1,0,25,23
HSD240;METAT,1,0,25,23
HSD240;NDP7g,2,0,24,23
HSD240;NH4tp,1,0,25,23
HSD240;NRVNCCOAtr,6,0,20,23
HSD240;NRVNCCOAtxc,2,0,24,23
HSD240;O2tp,3,0,23,23
HSD240;OCDEAFABP1tc,0,1,26,22
HSD240;ORNTArm,1,0,25,23
HSD240;P45011A1m,1,1,25,22
HSD240;PGMT,2,0,24,23
HSD240;PItg,2,0,24,23
HSD240;PPItm,11,0,15,23
HSD240;PRGNLONEtm,1,1,25,22
HSD240;PRGNLONEtr,1,1,25,22
HSD240;PROD2,1,0,25,23
HSD240;RTOT4,5,1,21,22
HSD240;R_group_phosphotase_1,2,0,24,23
HSD240;SARCOXp,1,0,25,23
HSD240;SARCStm,1,0,25,23
HSD240;SARCStp,1,0,25,23
HSD240;SE4,0,1,26,22
HSD240;SFGTH,1,0,25,23
HSD240;SMPD4,2,0,24,23
HSD240;SOAT3,0,1,26,22
HSD240;SPHK21c,2,0,24,23
HSD240;SPHMDAc,2,0,24,23
HSD240;SPHS1Pte,2,0,24,23
HSD240;TECR201,6,0,20,23
HSD240;TECR221,6,0,20,23
HSD240;TECR224,2,0,24,23
HSD240;TECR241,6,0,20,23
HSD240;TECR244,2,0,24,23
HSD240;TTCTECOAtr,2,0,24,23
HSD240;UAGDP,2,0,24,23
HSD240;UDPG4E,2,0,24,23
HSD240;UDPGALtg,2,0,24,23
HSD240;UGCGc,2,0,24,23
HSD241;ARTFR52,6,0,20,23
HSD241;HSD260,6,0,20,23
HSD241;RTOT5,4,0,22,23
HSD241;TECR200,6,0,20,23
HSD241;TECR220,6,0,20,23
HSD241;TECR240,6,0,20,23
HSD241;TECR260,6,0,20,23
HSD241;TRDR,0,3,26,20
HSD244;ARTFR52,2,0,24,23
HSD244;HSD260,2,0,24,23
HSD244;TECR200,2,0,24,23
HSD244;TECR220,2,0,24,23
HSD244;TECR240,2,0,24,23
HSD244;TECR260,2,0,24,23
HSD260;ARTFR42,0,1,26,22
HSD260;ARTFR45,4,0,22,23
HSD260;ARTFR56,2,0,24,23
HSD260;Htg,2,0,24,23
HSD260;LACLt,1,0,25,23
HSD260;LDH_Lp,1,0,25,23
HSD260;MDHm,1,0,25,23
HSD260;METAT,1,0,25,23
HSD260;NDP7g,2,0,24,23
HSD260;NH4tp,1,0,25,23
HSD260;NRVNCCOAtr,6,0,20,23
HSD260;NRVNCCOAtxc,2,0,24,23
HSD260;O2tp,3,0,23,23
HSD260;OCDEAFABP1tc,0,1,26,22
HSD260;ORNTArm,1,0,25,23
HSD260;P45011A1m,1,1,25,22
HSD260;PGMT,2,0,24,23
HSD260;PItg,2,0,24,23
HSD260;PPItm,11,0,15,23
HSD260;PRGNLONEtm,1,1,25,22
HSD260;PRGNLONEtr,1,1,25,22
HSD260;PROD2,1,0,25,23
HSD260;RTOT4,5,1,21,22
HSD260;R_group_phosphotase_1,2,0,24,23
HSD260;SARCOXp,1,0,25,23
HSD260;SARCStm,1,0,25,23
HSD260;SARCStp,1,0,25,23
HSD260;SE4,0,1,26,22
HSD260;SFGTH,1,0,25,23
HSD260;SMPD4,2,0,24,23
HSD260;SOAT3,0,1,26,22
HSD260;SPHK21c,2,0,24,23
HSD260;SPHMDAc,2,0,24,23
HSD260;SPHS1Pte,2,0,24,23
HSD260;TECR201,6,0,20,23
HSD260;TECR221,6,0,20,23
HSD260;TECR224,2,0,24,23
HSD260;TECR241,6,0,20,23
HSD260;TECR244,2,0,24,23
HSD260;TTCTECOAtr,2,0,24,23
HSD260;UAGDP,2,0,24,23
HSD260;UDPG4E,2,0,24,23
HSD260;UDPGALtg,2,0,24,23
HSD260;UGCGc,2,0,24,23
HSD3B11;ICDHyrm,0,1,26,22
HSD3B11;MTHFCm,0,1,26,22
HSD3B11;MTHFDm,0,1,26,22
HSD3B11;PIt2m_2,0,1,26,22
HSD3B11;PPA,0,1,26,22
HSD3B11;SERTm,0,1,26,22
HYAL;R_group_phosphotase_1,0,1,26,22
HYAL;UAG2EMAi,1,0,25,23
Htg;ARTFR52,2,0,24,23
Htg;Htr,1,1,25,22
Htg;IDHPOXOX2b,1,0,25,23
Htg;IDHPOXOX3,1,0,25,23
Htg;IDHPOXOXb,1,0,25,23
Htg;It,1,0,25,23
Htg;LCYSTCBOXL,1,0,25,23
Htg;LPASE,0,1,26,22
Htg;L_LACt2r,0,1,26,22
Htg;NADH2_u10m,0,1,26,22
Htg;NDP7er,0,1,26,22
Htg;NTD9,1,2,25,21
Htg;PDE4,0,1,26,22
Htg;PFK2,1,1,25,22
Htg;PGAM1_PhosHydro,0,1,26,22
Htg;PGI,0,2,26,21
Htg;PGL,1,1,25,22
Htg;PHEMEtm,0,1,26,22
Htg;PIMALtm,0,1,26,22
Htg;PIt2r,0,1,26,22
Htg;PPBNGS,0,1,26,22
Htg;PPPG9tm,0,1,26,22
Htg;PPPGOm,0,1,26,22
Htg;PROAKGOX1m,0,1,26,22
Htg;PROtm,0,1,26,22
Htg;PUNP3,1,2,25,21
Htg;PYK,0,2,26,21
Htg;R5Ptr,3,0,23,23
Htg;RND213,0,1,26,22
Htg;RPE,1,1,25,22
Htg;RPI,11,12,15,11
Htg;RPIr,3,0,23,23
Htg;RTOT5,2,0,24,23
Htg;RU5Ptr,3,0,23,23
Htg;R_group_phosphotase_1,0,2,26,21
Htg;SADT,1,0,25,23
Htg;SO3AKGtm,0,1,26,22
Htg;SO3MALtm,0,1,26,22
Htg;TALA,0,1,26,22
Htg;TAURCHAe,1,0,25,23
Htg;TECR200,2,0,24,23
Htg;TECR220,2,0,24,23
Htg;TECR240,2,0,24,23
Htg;TECR260,2,0,24,23
Htg;THFtm,1,0,25,23
Htg;THYPX,1,0,25,23
Htg;TKT1,1,1,25,22
Htg;TKT2,1,1,25,22
Htg;TRIODTHYSUFt,1,0,25,23
Htg;TRIODTHYSULT,1,0,25,23
Htg;TXA2tr,1,0,25,23
Htg;TXB2c,1,0,25,23
Htg;TXB2r,1,0,25,23
Htg;TXB2tr,1,0,25,23
Htg;TYROX,0,1,26,22
Htg;TYRTA,0,1,26,22
Htg;UDPGD,0,1,26,22
Htg;UDPGLCAter,0,1,26,22
Htg;UPP3S,0,1,26,22
Htg;UPPDC1,0,1,26,22
Htg;URATEt,1,2,25,21
Htg;XAND,0,1,26,22
Htg;XAO,1,1,25,22
Htr;ACITLn,1,0,25,23
Htr;ADPtn,1,0,25,23
Htr;CITtn,1,0,25,23
Htr;LACLt,1,0,25,23
Htr;LDH_Lp,1,0,25,23
Htr;LNLNCGCOAtr,1,0,25,23
Htr;LNLNCGCOAtx,1,0,25,23
Htr;MAN1PT2,1,0,25,23
Htr;MAN6PI,1,0,25,23
Htr;NDP7g,1,1,25,22
Htr;NH4tp,1,0,25,23
Htr;O2tp,1,0,25,23
Htr;OAAtn,1,0,25,23
Htr;P45011A1m,1,3,25,20
Htr;PGMT,1,1,25,22
Htr;PItg,1,1,25,22
Htr;PItn,1,0,25,23
Htr;PMANM,1,0,25,23
Htr;PPA,6,1,20,22
Htr;PPAm,0,1,26,22
Htr;PPItm,0,1,26,22
Htr;PRGNLONEtm,1,3,25,20
Htr;PYK,0,1,26,22
Htr;TECR2031,1,0,25,23
Htr;THRA,2,0,24,23
Htr;TXA2tr,3,0,23,23
Htr;TXB2c,3,0,23,23
Htr;TXB2r,3,0,23,23
Htr;TXB2tr,3,0,23,23
Htr;UAGDP,1,1,25,22
Htr;UGLCNACtg,1,1,25,22
Htx;TRDR,0,1,26,22
ICDHxrm;ARTFR41,0,1,26,22
ICDHxrm;ICDHyr,0,1,26,22
ICDHxrm;ICDHyrm,4,1,22,22
ICDHxrm;ICITCITtm,0,1,26,22
ICDHxrm;LHCYSTIN,1,0,25,23
ICDHxrm;LHCYSTINt,1,0,25,23
ICDHxrm;MAL_Lte,0,1,26,22
ICDHxrm;MDHm,2,0,24,23
ICDHxrm;ME2m,2,0,24,23
ICDHxrm;METAT,1,0,25,23
ICDHxrm;NADH2_u10m,4,1,22,22
ICDHxrm;NADHtru,0,1,26,22
ICDHxrm;NADtru,0,1,26,22
ICDHxrm;NH4tm,1,0,25,23
ICDHxrm;OCBTm,1,0,25,23
ICDHxrm;OXALSUCCCL,0,1,26,22
ICDHxrm;P5CRxm,0,1,26,22
ICDHxrm;PEPCKm,1,0,25,23
ICDHxrm;PIGTHRDLtm,1,0,25,23
ICDHxrm;PIt2m_2,1,0,25,23
ICDHxrm;PLMCOAPTr,0,1,26,22
ICDHxrm;PMTCOAFABP1tc,0,1,26,22
ICDHxrm;PPA,1,0,25,23
ICDHxrm;PROD2m,0,1,26,22
ICDHxrm;PUNP1,1,0,25,23
ICDHxrm;PYRtm,2,0,24,23
ICDHxrm;RTOT4,0,1,26,22
ICDHxrm;SUCCt4_2,1,0,25,23
ICDHxrm;THFtm,2,0,24,23
ICDHxrm;THRA,2,0,24,23
ICDHxrm;TXA2tr,1,0,25,23
ICDHxrm;TXB2c,1,0,25,23
ICDHxrm;TXB2r,1,0,25,23
ICDHxrm;TXB2tr,1,0,25,23
ICDHxrm;UREAt,1,0,25,23
ICDHyr;NDP7er,0,1,26,22
ICDHyr;NH4tm,0,1,26,22
ICDHyr;OXALSUCCCLm,0,1,26,22
ICDHyr;PGMT,0,1,26,22
ICDHyr;PHEMEtm,0,1,26,22
ICDHyr;PPBNGS,0,1,26,22
ICDHyr;PPPG9tm,0,1,26,22
ICDHyr;PPPGOm,0,1,26,22
ICDHyr;THRA,1,0,25,23
ICDHyr;UDPGD,0,1,26,22
ICDHyr;UDPGLCAter,0,1,26,22
ICDHyr;UPP3S,0,1,26,22
ICDHyr;UPPDC1,0,1,26,22
ICDHyrm;LHCYSTIN,1,0,25,23
ICDHyrm;LHCYSTINt,1,0,25,23
ICDHyrm;MDHm,1,0,25,23
ICDHyrm;METAT,1,0,25,23
ICDHyrm;MTHFCm,0,1,26,22
ICDHyrm;MTHFDm,0,1,26,22
ICDHyrm;NADH2_u10m,2,0,24,23
ICDHyrm;P45011A1m,0,2,26,21
ICDHyrm;PFK_3,1,0,25,23
ICDHyrm;PIt2m_2,1,0,25,23
ICDHyrm;PPM2,1,0,25,23
ICDHyrm;PRGNLONEtm,0,2,26,21
ICDHyrm;PRGSTRNt,0,1,26,22
ICDHyrm;PUNP1,1,0,25,23
ICDHyrm;RPI,1,0,25,23
ICDHyrm;SERTm,0,1,26,22
ICDHyrm;THR3Dx,0,2,26,21
ICDHyrm;THRA,4,0,22,23
ICDHyrm;TPI,1,0,25,23
ICDHyrm;TXA2tr,1,0,25,23
ICDHyrm;TXB2c,1,0,25,23
ICDHyrm;TXB2r,1,0,25,23
ICDHyrm;TXB2tr,1,0,25,23
ICITCITtm;NDP7er,0,1,26,22
ICITCITtm;OXALSUCCCLm,0,1,26,22
ICITCITtm;PGMT,0,1,26,22
ICITCITtm;PHEMEtm,0,1,26,22
ICITCITtm;PPBNGS,0,1,26,22
ICITCITtm;PPPG9tm,0,1,26,22
ICITCITtm;PPPGOm,0,1,26,22
ICITCITtm;UDPGD,0,1,26,22
ICITCITtm;UDPGLCAter,0,1,26,22
ICITCITtm;UPP3S,0,1,26,22
ICITCITtm;UPPDC1,0,1,26,22
ICITMALtm;THRA,1,0,25,23
IDHPOXOX2b;NDP7g,1,0,25,23
IDHPOXOX2b;NH4tm,1,0,25,23
IDHPOXOX2b;OCBTm,1,0,25,23
IDHPOXOX2b;PGMT,1,0,25,23
IDHPOXOX2b;PItg,1,0,25,23
IDHPOXOX2b;UAGDP,1,0,25,23
IDHPOXOX3;NDP7g,1,0,25,23
IDHPOXOX3;NH4tm,1,0,25,23
IDHPOXOX3;OCBTm,1,0,25,23
IDHPOXOX3;PGMT,1,0,25,23
IDHPOXOX3;PItg,1,0,25,23
IDHPOXOX3;UAGDP,1,0,25,23
IDHPOXOXb;NDP7g,1,0,25,23
IDHPOXOXb;NH4tm,1,0,25,23
IDHPOXOXb;OCBTm,1,0,25,23
IDHPOXOXb;PGMT,1,0,25,23
IDHPOXOXb;PItg,1,0,25,23
IDHPOXOXb;UAGDP,1,0,25,23
ILEATB0tc;ILEt4,0,4,26,19
ILELAT1tc;ILEt4,0,3,26,20
ILEPHELAT2tc;PHEt4,0,1,26,22
ILEt4;ILEtec,0,1,26,22
ILEt4;KCC2t,0,2,26,21
IMAGH;NKCC2t,0,1,26,22
IMAGH;O2t,0,2,26,21
IMAGH;PGL,0,1,26,22
IMAGH;PGM,0,1,26,22
IMAGH;RPI,0,1,26,22
ITCOALm;P45011A1m,0,1,26,22
ITCOALm;PIt2m_2,0,1,26,22
ITCOALm;PPAm,0,1,26,22
ITCOALm;PPItm,1,0,25,23
ITCOALm;PRGNLONEtm,0,1,26,22
ITCOALm;THDm,0,2,26,21
ITCOALm;THR3Dx,0,1,26,22
ITCOALm;THRtm,0,2,26,21
IZPN;MTHFCm,0,2,26,21
IZPN;MTHFDm,0,2,26,21
IZPN;SERTm,0,2,26,21
IZPN;SERt4,0,1,26,22
IZPN;THFtm,0,2,26,21
It;NDP7g,1,0,25,23
It;NH4tm,1,0,25,23
It;OCBTm,1,0,25,23
It;PGMT,1,0,25,23
It;PItg,1,0,25,23
It;UAGDP,1,0,25,23
KCC2t;KCCt,1,0,25,23
KCC2t;LYSt4,0,1,26,22
KCC2t;MAL_Lte,1,0,25,23
KCC2t;MDHm,1,0,25,23
KCC2t;METt4,0,2,26,21
KCC2t;NAt5,2,1,24,22
KCC2t;NCKt,1,0,25,23
KCC2t;NH4tm,2,1,24,22
KCC2t;OCBTm,2,1,24,22
KCC2t;PPA,1,0,25,23
KCC2t;PROt4,0,1,26,22
KCC2t;PROt4_2_r,0,1,26,22
KCC2t;SERt4,0,1,26,22
KCC2t;THRA,1,0,25,23
KCC2t;THRt4,0,2,26,21
KCC2t;TRPt4,0,2,26,21
KCC2t;TYRt4,0,2,26,21
KCC2t;UREAt,0,1,26,22
KCC2t;VALt4,0,2,26,21
KHK;TPI,2,0,24,23
KSIt;ST3GAL31g,0,1,26,22
KSIt;UGCGc,1,1,25,22
KYNAKGAT;PIt2m_2,1,0,25,23
KYNATESYN;PIt2m_2,1,0,25,23
KYNATEtr;PIt2m_2,1,0,25,23
LACLt;ARTFR52,1,0,25,23
LACLt;MTHFR3x,1,0,25,23
LACLt;PPA,4,0,22,23
LACLt;TECR200,1,0,25,23
LACLt;TECR220,1,0,25,23
LACLt;TECR240,1,0,25,23
LACLt;TECR260,1,0,25,23
LACLt;THRA,2,0,24,23
LACLt;TXA2tr,2,0,24,23
LACLt;TXB2c,2,0,24,23
LACLt;TXB2r,2,0,24,23
LACLt;TXB2tr,2,0,24,23
LACZe;PGL,0,1,26,22
LACZe;RPE,0,1,26,22
LACZe;RPI,0,1,26,22
LACZe;TKT1,0,1,26,22
LACZe;TKT2,0,1,26,22
LARGEg;NADPHtru,1,0,25,23
LARGEg;NADPtru,1,0,25,23
LARGEg;PGK,1,0,25,23
LARGEg;PGM,1,0,25,23
LARGEg;PYK,0,1,26,22
LARGEg;R5Ptr,3,0,23,23
LARGEg;RPI,13,13,13,10
LARGEg;RPIr,3,0,23,23
LARGEg;RU5Ptr,3,0,23,23
LARGEg;UAG2EMAi,1,0,25,23
LARGEg;UDPG4E,1,0,25,23
LARGEg;UDPGALtg,1,0,25,23
LCTStg;PGL,0,1,26,22
LCTStg;RPE,0,1,26,22
LCTStg;RPI,0,1,26,22
LCTStg;TKT1,0,1,26,22
LCTStg;TKT2,0,1,26,22
LCYSTCBOXL;NDP7g,1,0,25,23
LCYSTCBOXL;PGMT,1,0,25,23
LCYSTCBOXL;PItg,1,0,25,23
LCYSTCBOXL;UAGDP,1,0,25,23
LDH_D;PIt2m_2,1,0,25,23
LDH_D;THFt2,1,0,25,23
LDH_D;THFtm,1,0,25,23
LDH_L;NADH2_u10m,0,1,26,22
LDH_L;OCBTm,0,1,26,22
LDH_L;ORNTArm,0,1,26,22
LDH_L;PFK2,0,1,26,22
LDH_L;PYK,0,1,26,22
LDH_L;PYRLACte,0,2,26,21
LDH_L;PYRt4_2,0,1,26,22
LDH_L;RDH1,0,1,26,22
LDH_L;RDH1a,0,1,26,22
LDH_L;THBPT4ACAMDASE,0,2,26,21
LDH_L;THFtm,0,1,26,22
LDH_L;TYROX,0,1,26,22
LDH_Lm;MAL_Lte,0,1,26,22
LDH_Lm;P45011A1m,0,1,26,22
LDH_Lm;PRGNLONEtm,0,1,26,22
LDH_Lp;ARTFR52,1,0,25,23
LDH_Lp;MTHFR3x,1,0,25,23
LDH_Lp;PPA,4,0,22,23
LDH_Lp;TECR200,1,0,25,23
LDH_Lp;TECR220,1,0,25,23
LDH_Lp;TECR240,1,0,25,23
LDH_Lp;TECR260,1,0,25,23
LDH_Lp;THRA,2,0,24,23
LDH_Lp;TXA2tr,2,0,24,23
LDH_Lp;TXB2c,2,0,24,23
LDH_Lp;TXB2r,2,0,24,23
LDH_Lp;TXB2tr,2,0,24,23
LEUt4;PHEt4,0,3,26,20
LHCYSTIN;MTHFCm,0,1,26,22
LHCYSTIN;MTHFDm,0,1,26,22
LHCYSTIN;NH4tm,3,0,23,23
LHCYSTIN;O2Stm,1,0,25,23
LHCYSTIN;OCBTm,3,0,23,23
LHCYSTIN;ORNt4m,1,0,25,23
LHCYSTIN;PCREATtmdiffir,1,0,25,23
LHCYSTIN;PEMET1,1,0,25,23
LHCYSTIN;PEMET2,1,0,25,23
LHCYSTIN;PETHCT,1,1,25,22
LHCYSTIN;PGMT,0,1,26,22
LHCYSTIN;PIt2m_2,2,1,24,22
LHCYSTIN;PPAm,0,1,26,22
LHCYSTIN;PSSA1_hs,1,1,25,22
LHCYSTIN;PSSA2_hs,1,0,25,23
LHCYSTIN;RDH1,0,1,26,22
LHCYSTIN;R_group_phosphotase_1,0,1,26,22
LHCYSTIN;SERTm,0,1,26,22
LHCYSTIN;THRA,1,0,25,23
LHCYSTINt;MTHFCm,0,1,26,22
LHCYSTINt;MTHFDm,0,1,26,22
LHCYSTINt;NH4tm,3,0,23,23
LHCYSTINt;O2Stm,1,0,25,23
LHCYSTINt;OCBTm,3,0,23,23
LHCYSTINt;ORNt4m,1,0,25,23
LHCYSTINt;PCREATtmdiffir,1,0,25,23
LHCYSTINt;PEMET1,1,0,25,23
LHCYSTINt;PEMET2,1,0,25,23
LHCYSTINt;PETHCT,1,1,25,22
LHCYSTINt;PGMT,0,1,26,22
LHCYSTINt;PIt2m_2,2,1,24,22
LHCYSTINt;PPAm,0,1,26,22
LHCYSTINt;PSSA1_hs,1,1,25,22
LHCYSTINt;PSSA2_hs,1,0,25,23
LHCYSTINt;RDH1,0,1,26,22
LHCYSTINt;R_group_phosphotase_1,0,1,26,22
LHCYSTINt;SERTm,0,1,26,22
LHCYSTINt;THRA,1,0,25,23
LNLNCGCOAtr;PPA,2,0,24,23
LNLNCGCOAtr;THRA,2,0,24,23
LNLNCGCOAtr;TXA2tr,1,0,25,23
LNLNCGCOAtr;TXB2c,1,0,25,23
LNLNCGCOAtr;TXB2r,1,0,25,23
LNLNCGCOAtr;TXB2tr,1,0,25,23
LNLNCGCOAtx;PPA,2,0,24,23
LNLNCGCOAtx;THRA,2,0,24,23
LNLNCGCOAtx;TXA2tr,1,0,25,23
LNLNCGCOAtx;TXB2c,1,0,25,23
LNLNCGCOAtx;TXB2r,1,0,25,23
LNLNCGCOAtx;TXB2tr,1,0,25,23
LPASE;NDP7g,0,1,26,22
LPASE;NH4tm,1,0,25,23
LPASE;OCBTm,1,0,25,23
LPASE;PItg,0,1,26,22
LPASE;UAGDP,0,1,26,22
LYSATB0tc;LYSt4,0,1,26,22
LYSt4;LYStiDF,3,0,23,23
LYStm;RTOT5,1,0,25,23
LYStm;TECR180,1,0,25,23
L_LACt2r;NDP7er,0,1,26,22
L_LACt2r;NDP7g,0,1,26,22
L_LACt2r;OROTi,0,3,26,20
L_LACt2r;OROTte,0,3,26,20
L_LACt2r;PAPStg,0,1,26,22
L_LACt2r;PAPtg,0,1,26,22
L_LACt2r;PGI,0,1,26,22
L_LACt2r;PGMT,0,1,26,22
L_LACt2r;PHEMEtm,0,1,26,22
L_LACt2r;PItg,0,1,26,22
L_LACt2r;PPA,0,1,26,22
L_LACt2r;PPBNGS,0,1,26,22
L_LACt2r;PPPG9tm,0,1,26,22
L_LACt2r;PPPGOm,0,1,26,22
L_LACt2r;PROAKGOX1m,0,1,26,22
L_LACt2r;PYRt4_2,0,1,26,22
L_LACt2r;SADT,0,1,26,22
L_LACt2r;SO4HCOtex,0,1,26,22
L_LACt2r;SUCOAS1m,0,1,26,22
L_LACt2r;THRA,0,1,26,22
L_LACt2r;UAG2EMAi,0,1,26,22
L_LACt2r;UAGDP,0,1,26,22
L_LACt2r;UDPG4E,0,1,26,22
L_LACt2r;UDPGALtg,0,1,26,22
L_LACt2r;UDPGD,0,1,26,22
L_LACt2r;UDPGLCAter,0,1,26,22
L_LACt2r;UGLCNACtg,0,1,26,22
L_LACt2r;UMPK,0,1,26,22
L_LACt2r;UPP3S,0,1,26,22
L_LACt2r;UPPDC1,0,1,26,22
L_LACtm;MAL_Lte,0,1,26,22
L_LACtm;P45011A1m,0,1,26,22
L_LACtm;PRGNLONEtm,0,1,26,22
M1316M2g;UGCGc,1,0,25,23
M1316Mg;ST3GAL31g,0,1,26,22
M1316Mg;UGCGc,0,1,26,22
M13N2Tg;ST3GAL31g,0,1,26,22
M13N2Tg;UGCGc,1,1,25,22
M16NT1g;ST3GAL31g,0,1,26,22
M16NT1g;UGCGc,1,1,25,22
M4MPDOL_ter;ST3GAL31g,0,1,26,22
M4MPDOL_ter;UGCGc,1,1,25,22
M7MASNBterg;ST3GAL31g,0,1,26,22
M7MASNBterg;UGCGc,0,1,26,22
M8MASNterg;UGCGc,1,0,25,23
MALACONtm;MALTSULtm,2,0,24,23
MALACONtm;PPAm,0,1,26,22
MALACONtm;PRSDO,2,0,24,23
MALACONtm;SQOR2m,2,0,24,23
MALACONtm;SQORm,2,0,24,23
MALACONtm;SUCCICITtm,1,0,25,23
MALACONtm;TSCTS,2,0,24,23
MALACONtm;TSULt4_3,2,0,24,23
MALCOAMT;ARTFR41,0,1,26,22
MALCOAMT;PLMCOAPTr,0,1,26,22
MALCOAMT;PMTCOAFABP1tc,0,1,26,22
MALCOAMT;PNTK,0,2,26,21
MALCOAMT;PNTOt1,0,2,26,21
MALCOAMT;PPCDC,0,2,26,21
MALCOAMT;PPNCL2,0,2,26,21
MALCOAMT;PTPAT,0,2,26,21
MALCOAMT;RTOT4,0,1,26,22
MALCOAMT;TRDR,0,3,26,20
MALCOAMTr;ARTFR41,0,1,26,22
MALCOAMTr;PLMCOAPTr,0,1,26,22
MALCOAMTr;PMTCOAFABP1tc,0,1,26,22
MALCOAMTr;PNTK,0,2,26,21
MALCOAMTr;PNTOt1,0,2,26,21
MALCOAMTr;PPCDC,0,2,26,21
MALCOAMTr;PPNCL2,0,2,26,21
MALCOAMTr;PTPAT,0,2,26,21
MALCOAMTr;RTOT4,0,1,26,22
MALCOAMTr;TRDR,0,3,26,20
MALTSULtm;PFK,1,0,25,23
MALTSULtm;PGI,3,0,23,23
MALTSULtm;PGK,3,0,23,23
MALTSULtm;PGL,3,0,23,23
MALTSULtm;PGM,3,0,23,23
MALTSULtm;RPE,3,0,23,23
MALTSULtm;RPI,3,0,23,23
MALTSULtm;TALA,3,0,23,23
MALTSULtm;TKT1,3,0,23,23
MALTSULtm;TKT2,3,0,23,23
MAL_Lte;ACITLn,0,1,26,22
MAL_Lte;ADPtn,0,1,26,22
MAL_Lte;CITtn,0,1,26,22
MAL_Lte;MDHm,1,1,25,22
MAL_Lte;ME2m,2,3,24,20
MAL_Lte;NADH2_u10m,2,0,24,23
MAL_Lte;NDP7er,1,0,25,23
MAL_Lte;NH4tm,1,0,25,23
MAL_Lte;OAAtn,0,1,26,22
MAL_Lte;OCBTm,1,0,25,23
MAL_Lte;ORNTArm,1,0,25,23
MAL_Lte;OXALSUCCCLm,0,1,26,22
MAL_Lte;P45011A1m,1,1,25,22
MAL_Lte;PDHa,1,0,25,23
MAL_Lte;PDHbr,1,0,25,23
MAL_Lte;PGMT,2,0,24,23
MAL_Lte;PHEMEtm,1,0,25,23
MAL_Lte;PIGTHRDLtm,2,0,24,23
MAL_Lte;PIMALtm,0,1,26,22
MAL_Lte;PIt2m_2,1,1,25,22
MAL_Lte;PItn,0,1,26,22
MAL_Lte;PPBNGS,1,0,25,23
MAL_Lte;PPPG9tm,1,0,25,23
MAL_Lte;PPPGOm,1,0,25,23
MAL_Lte;PRGNLONEtm,1,1,25,22
MAL_Lte;PRGNLONEtr,1,0,25,23
MAL_Lte;PROAKGOX1m,1,0,25,23
MAL_Lte;PROGLUtm,2,0,24,23
MAL_Lte;PROtm,1,0,25,23
MAL_Lte;PTRCtm,1,0,25,23
MAL_Lte;PYRtm,1,2,25,21
MAL_Lte;SO3AKGtm,0,1,26,22
MAL_Lte;SO3MALtm,0,1,26,22
MAL_Lte;SSALym,1,0,25,23
MAL_Lte;SUCOAS1m,2,0,24,23
MAL_Lte;THFtm,1,0,25,23
MAL_Lte;UDPGD,1,0,25,23
MAL_Lte;UPP3S,1,0,25,23
MAL_Lte;UPPDC1,1,0,25,23
MAL_Lte;UREAt,1,0,25,23
MAL_Lte;UREAtm,1,0,25,23
MAN1PT1;NADPHtru,1,0,25,23
MAN1PT1;NADPtru,1,0,25,23
MAN1PT1;UAG4E,1,0,25,23
MAN1PT1;UGALNACtg,1,0,25,23
MAN1PT2;PGAM1_PhosHydro,0,1,26,22
MAN1PT2;PGI,0,1,26,22
MAN1PT2;PGK,1,0,25,23
MAN1PT2;PGM,1,0,25,23
MAN1PT2;PYK,0,1,26,22
MAN1PT2;R5Ptr,3,0,23,23
MAN1PT2;RPI,13,12,13,11
MAN1PT2;RPIr,3,0,23,23
MAN1PT2;RU5Ptr,3,0,23,23
MAN1PT2;TXA2tr,1,0,25,23
MAN1PT2;TXB2c,1,0,25,23
MAN1PT2;TXB2r,1,0,25,23
MAN1PT2;TXB2tr,1,0,25,23
MAN1PT2;UAG2EMAi,1,0,25,23
MAN1PT2;UAG4E,3,0,23,23
MAN1PT2;UDPG4E,1,0,25,23
MAN1PT2;UDPGALtg,1,0,25,23
MAN1PT2;UGALNACtg,3,0,23,23
MAN1PT2;UGCGc,2,0,24,23
MAN6PI;NADPHtru,1,0,25,23
MAN6PI;NADPtru,1,0,25,23
MAN6PI;PGAM1_PhosHydro,0,1,26,22
MAN6PI;PGI,0,1,26,22
MAN6PI;PGK,1,0,25,23
MAN6PI;PGM,1,0,25,23
MAN6PI;PYK,0,1,26,22
MAN6PI;R5Ptr,3,0,23,23
MAN6PI;RPI,13,12,13,11
MAN6PI;RPIr,3,0,23,23
MAN6PI;RU5Ptr,3,0,23,23
MAN6PI;TXA2tr,1,0,25,23
MAN6PI;TXB2c,1,0,25,23
MAN6PI;TXB2r,1,0,25,23
MAN6PI;TXB2tr,1,0,25,23
MAN6PI;UAG2EMAi,1,0,25,23
MAN6PI;UAG4E,4,0,22,23
MAN6PI;UDPG4E,1,0,25,23
MAN6PI;UDPGALtg,1,0,25,23
MAN6PI;UGALNACtg,4,0,22,23
MAN6PI;UGCGc,2,0,24,23
MANter;ST3GAL31g,0,1,26,22
MANter;UGCGc,0,1,26,22
MANtg;ST3GAL31g,0,1,26,22
MANtg;UGCGc,1,1,25,22
MDH;MDHm,1,0,25,23
MDH;PIt2m_2,1,0,25,23
MDH;PYRtm,1,0,25,23
MDHm;ARTFR52,1,0,25,23
MDHm;ME2m,0,1,26,22
MDHm;NADH2_u10m,1,0,25,23
MDHm;NDP7er,1,0,25,23
MDHm;NH4tm,1,0,25,23
MDHm;OCBTm,1,0,25,23
MDHm;ORNTArm,1,0,25,23
MDHm;PEPCK,1,0,25,23
MDHm;PGMT,1,0,25,23
MDHm;PHEMEtm,1,0,25,23
MDHm;PIGTHRDLtm,2,0,24,23
MDHm;PIt2m_2,2,0,24,23
MDHm;PPBNGS,1,0,25,23
MDHm;PPPG9tm,1,0,25,23
MDHm;PPPGOm,1,0,25,23
MDHm;PROAKGOX1m,1,0,25,23
MDHm;PROGLUtm,2,0,24,23
MDHm;PROtm,1,0,25,23
MDHm;PTRCtm,1,0,25,23
MDHm;PYRtm,1,1,25,22
MDHm;RTOT5,1,0,25,23
MDHm;SSALym,2,0,24,23
MDHm;SUCCICITtm,1,0,25,23
MDHm;SUCOAS1m,2,0,24,23
MDHm;TECR180,1,0,25,23
MDHm;TECR200,1,0,25,23
MDHm;TECR220,1,0,25,23
MDHm;TECR240,1,0,25,23
MDHm;TECR260,1,0,25,23
MDHm;UDPGD,1,0,25,23
MDHm;UPP3S,1,0,25,23
MDHm;UPPDC1,1,0,25,23
MDHm;UREAt,1,0,25,23
MDHm;UREAtm,1,0,25,23
MDRPD;MTHFCm,0,1,26,22
MDRPD;MTHFDm,0,1,26,22
MDRPD;P45011A1m,0,1,26,22
MDRPD;PIt2m_2,0,1,26,22
MDRPD;PRGNLONEtm,0,1,26,22
MDRPD;PTCRTD,1,0,25,23
MDRPD;PTRCOR,1,0,25,23
MDRPD;SERTm,0,1,26,22
ME2m;NDPK1m,0,1,26,22
ME2m;PEPACONtm,0,1,26,22
ME2m;PEPCKm,0,1,26,22
ME2m;PPItm,1,0,25,23
MEOHt2;PIt2m_2,0,1,26,22
MEOHt2;PPAm,0,1,26,22
MEOHt2;PSDm_hs,1,0,25,23
MEOHt2;PSFLIPm,1,0,25,23
METAT;ARTFR52,1,0,25,23
METAT;MTHFCm,0,2,26,21
METAT;MTHFDm,0,2,26,21
METAT;NH4tm,3,0,23,23
METAT;O2Stm,1,0,25,23
METAT;OCBTm,3,0,23,23
METAT;ORNt4m,1,0,25,23
METAT;P45011A1m,0,1,26,22
METAT;PCREATtmdiffir,1,0,25,23
METAT;PEMET1,1,0,25,23
METAT;PEMET2,1,0,25,23
METAT;PETHCT,1,1,25,22
METAT;PGMT,0,1,26,22
METAT;PIt2m_2,2,2,24,21
METAT;PNTK,0,1,26,22
METAT;PNTOt1,0,1,26,22
METAT;PPAm,0,1,26,22
METAT;PPCDC,0,1,26,22
METAT;PPCOAtm,0,1,26,22
METAT;PPNCL2,0,1,26,22
METAT;PRGNLONEtm,0,1,26,22
METAT;PSSA1_hs,1,1,25,22
METAT;PSSA2_hs,1,0,25,23
METAT;PTCRTD,1,0,25,23
METAT;PTPAT,0,1,26,22
METAT;PTRCOR,1,0,25,23
METAT;RDH1,0,1,26,22
METAT;RTOT5,1,0,25,23
METAT;R_group_phosphotase_1,0,1,26,22
METAT;SERTm,0,2,26,21
METAT;TECR200,1,0,25,23
METAT;TECR220,1,0,25,23
METAT;TECR240,1,0,25,23
METAT;TECR260,1,0,25,23
METAT;THRA,1,0,25,23
METATB0tc;METt4,0,4,26,19
METLEUex;METt4,0,3,26,20
MG1er;ST3GAL31g,0,1,26,22
MG1er;UGCGc,1,1,25,22
MG2er;ST3GAL31g,0,1,26,22
MG2er;UGCGc,1,1,25,22
MG3er;ST3GAL31g,0,1,26,22
MG3er;UGCGc,1,1,25,22
MI1345PP;PPAPA,0,1,26,22
MI134PP;PPAPA,0,1,26,22
MI145PK;PPAPA,0,1,26,22
MI14PP;MI1PP,4,7,22,16
MI14PP;O2St,0,1,26,22
MI14PP;O2t,0,4,26,19
MI14PP;PIPLC,4,7,22,16
MI1PP;ADPtn,0,6,26,17
MI1PP;MI4PP,4,7,22,16
MI1PP;O2St,0,5,26,18
MI1PP;O2Stn,0,6,26,17
MI1PP;O2tn,0,4,26,19
MI1PP;PAIL4P_HStn,0,6,26,17
MI1PP;PAIL_HStn,0,6,26,17
MI1PP;PIK4,3,0,23,23
MI1PP;PIK4n,0,6,26,17
MI1PP;SPODMn,0,6,26,17
MI34PP;PPAPA,0,1,26,22
MI3PP;PPAPA,0,1,26,22
MI4PP;O2St,0,1,26,22
MI4PP;O2t,0,4,26,19
MI4PP;PIPLC,4,7,22,16
MM5ag;UGCGc,1,0,25,23
MM5bg;ST3GAL31g,0,1,26,22
MM5bg;UGCGc,0,1,26,22
MM6B1bg;ST3GAL31g,0,1,26,22
MM6B1bg;UGCGc,0,1,26,22
MM6bg;UGCGc,1,0,25,23
MM7B2g;ST3GAL31g,0,1,26,22
MM7B2g;UGCGc,0,1,26,22
MM7Cag;UGCGc,1,0,25,23
MM8Ag;UGCGc,1,0,25,23
MM8Ber;ST3GAL31g,0,1,26,22
MM8Ber;UGCGc,0,1,26,22
MTAP;MTHFCm,0,1,26,22
MTAP;MTHFDm,0,1,26,22
MTAP;P45011A1m,0,1,26,22
MTAP;PIt2m_2,0,1,26,22
MTAP;PRGNLONEtm,0,1,26,22
MTAP;PTCRTD,1,0,25,23
MTAP;PTRCOR,1,0,25,23
MTAP;SERTm,0,1,26,22
MTHFC;MTHFCm,0,2,26,21
MTHFC;MTHFDm,0,2,26,21
MTHFC;SERTm,0,2,26,21
MTHFC;THDm,0,1,26,22
MTHFC;THFt2,0,1,26,22
MTHFC;THFtm,0,2,26,21
MTHFC;THRtm,0,1,26,22
MTHFCm;AKGtn,0,1,26,22
MTHFCm;CO2tn,0,1,26,22
MTHFCm;FALDtn,0,1,26,22
MTHFCm;MTRI,0,1,26,22
MTHFCm;NADH2_u10m,0,2,26,21
MTHFCm;NH4tm,0,1,26,22
MTHFCm;P45011A1m,0,3,26,20
MTHFCm;PIt2m_2,0,1,26,22
MTHFCm;PPA,0,2,26,21
MTHFCm;PRGNLONEtm,0,3,26,20
MTHFCm;PRGSTRNt,0,1,26,22
MTHFCm;SFGTH,0,1,26,22
MTHFCm;SMOX,0,1,26,22
MTHFCm;SPRMS,0,1,26,22
MTHFCm;THR3Dx,0,1,26,22
MTHFCm;URCN,0,2,26,21
MTHFD2;SERt4,0,1,26,22
MTHFD;THDm,0,1,26,22
MTHFD;THFt2,0,1,26,22
MTHFD;THRtm,0,1,26,22
MTHFDm;AKGtn,0,1,26,22
MTHFDm;CO2tn,0,1,26,22
MTHFDm;FALDtn,0,1,26,22
MTHFDm;MTRI,0,1,26,22
MTHFDm;NADH2_u10m,0,2,26,21
MTHFDm;NH4tm,0,1,26,22
MTHFDm;P45011A1m,0,3,26,20
MTHFDm;PIt2m_2,0,1,26,22
MTHFDm;PPA,0,2,26,21
MTHFDm;PRGNLONEtm,0,3,26,20
MTHFDm;PRGSTRNt,0,1,26,22
MTHFDm;SFGTH,0,1,26,22
MTHFDm;SMOX,0,1,26,22
MTHFDm;SPRMS,0,1,26,22
MTHFDm;THR3Dx,0,1,26,22
MTHFDm;URCN,0,2,26,21
MTHFR3;MTHFR3x,1,0,25,23
MTHFR3x;NH4tp,1,0,25,23
MTHFR3x;NTD9,1,0,25,23
MTHFR3x;PIt2m_2,1,0,25,23
MTHFR3x;PSDm_hs,1,0,25,23
MTHFR3x;PSFLIPm,1,0,25,23
MTHFR3x;PUNP3,1,0,25,23
MTHFR3x;URATEabc,1,0,25,23
MTHFR3x;URATEt,1,0,25,23
MTHFR3x;URATEti,1,0,25,23
MTHFR3x;URATEtx,1,0,25,23
MTHFR3x;XANDp,1,0,25,23
MTHFR3x;XANtx,1,0,25,23
MTHFR3x;XAO,1,0,25,23
MTRI;P45011A1m,0,1,26,22
MTRI;PIt2m_2,0,1,26,22
MTRI;PRGNLONEtm,0,1,26,22
MTRI;PTCRTD,1,0,25,23
MTRI;PTRCOR,1,0,25,23
MTRI;SERTm,0,1,26,22
NACHEX24ly;R_group_phosphotase_1,0,1,26,22
NACHEX24ly;UAG2EMAi,1,0,25,23
NACHEX25ly;R_group_phosphotase_1,0,1,26,22
NACHEX25ly;UAG2EMAi,1,0,25,23
NADH2_u10m;NDP7g,0,1,26,22
NADH2_u10m;OXALSUCCCLm,1,0,25,23
NADH2_u10m;P45011A1m,0,1,26,22
NADH2_u10m;PGI,1,1,25,22
NADH2_u10m;PGK,1,0,25,23
NADH2_u10m;PGL,1,0,25,23
NADH2_u10m;PGM,1,0,25,23
NADH2_u10m;PItg,0,1,26,22
NADH2_u10m;PPItm,0,1,26,22
NADH2_u10m;PRGNLONEtm,0,1,26,22
NADH2_u10m;PRGNLONEtr,0,1,26,22
NADH2_u10m;PYK,0,1,26,22
NADH2_u10m;RPE,1,0,25,23
NADH2_u10m;RPI,1,0,25,23
NADH2_u10m;SERTm,0,2,26,21
NADH2_u10m;SSALym,1,1,25,22
NADH2_u10m;TALA,1,0,25,23
NADH2_u10m;THFt2,1,1,25,22
NADH2_u10m;TKT1,1,0,25,23
NADH2_u10m;TKT2,1,0,25,23
NADHtpu;ARTFR41,0,1,26,22
NADHtpu;PLMCOAPTr,0,1,26,22
NADHtpu;PMTCOAFABP1tc,0,1,26,22
NADHtpu;RTOT4,0,1,26,22
NADHtru;OXALSUCCCLm,0,1,26,22
NADHtru;PEPCK,0,1,26,22
NADHtru;PPA,0,1,26,22
NADHtru;TRDR,0,1,26,22
NADPHtru;NDP7er,1,0,25,23
NADPHtru;PCOREM3terg,1,0,25,23
NADPHtru;PGMT,1,0,25,23
NADPHtru;PMANM,1,0,25,23
NADPHtru;POCDPRBTLT2g,1,0,25,23
NADPHtru;POCDPRBTLTg,1,0,25,23
NADPHtru;POGLCNACTg,1,0,25,23
NADPHtru;POMGNGALNTr,1,0,25,23
NADPHtru;POMGNTr,1,0,25,23
NADPHtru;POMKr,1,0,25,23
NADPHtru;POXYLTg,1,0,25,23
NADPHtru;RBT5PCYTr,1,0,25,23
NADPHtru;RBT5PDH,1,0,25,23
NADPHtru;UACGAMUMPtr,1,0,25,23
NADPHtru;UAG4E,1,0,25,23
NADPHtru;UDPGD,1,0,25,23
NADPHtru;UDPGLCAtg,1,0,25,23
NADPHtru;UDPGLDCg,1,0,25,23
NADPHtru;UGALNACter,1,0,25,23
NADPHtru;UGLCNACtg,1,0,25,23
NADPHtxu;PMTCOAFABP1tc,0,1,26,22
NADPtru;NDP7er,1,0,25,23
NADPtru;PCOREM3terg,1,0,25,23
NADPtru;PGMT,1,0,25,23
NADPtru;PMANM,1,0,25,23
NADPtru;POCDPRBTLT2g,1,0,25,23
NADPtru;POCDPRBTLTg,1,0,25,23
NADPtru;POGLCNACTg,1,0,25,23
NADPtru;POMGNGALNTr,1,0,25,23
NADPtru;POMGNTr,1,0,25,23
NADPtru;POMKr,1,0,25,23
NADPtru;POXYLTg,1,0,25,23
NADPtru;RBT5PCYTr,1,0,25,23
NADPtru;RBT5PDH,1,0,25,23
NADPtru;UACGAMUMPtr,1,0,25,23
NADPtru;UAG4E,1,0,25,23
NADPtru;UDPGD,1,0,25,23
NADPtru;UDPGLCAtg,1,0,25,23
NADPtru;UDPGLDCg,1,0,25,23
NADPtru;UGALNACter,1,0,25,23
NADPtru;UGLCNACtg,1,0,25,23
NADPtxu;PMTCOAFABP1tc,0,1,26,22
NADtru;OXALSUCCCLm,0,1,26,22
NADtru;PEPCK,0,1,26,22
NADtru;PPA,0,1,26,22
NADtru;TRDR,0,1,26,22
NADtx;ARTFR41,0,1,26,22
NADtx;PLMCOAPTr,0,1,26,22
NADtx;PMTCOAFABP1tc,0,1,26,22
NADtx;RTOT4,0,1,26,22
NAGA2ly;R_group_phosphotase_1,0,1,26,22
NAGA2ly;UAG2EMAi,1,0,25,23
NAGLCAly;R_group_phosphotase_1,0,1,26,22
NAGLCAly;UAG2EMAi,1,0,25,23
NAt5;NH4t3r,3,0,23,23
NAt5;NH4tm,2,1,24,22
NAt5;NKCC2t,0,2,26,21
NAt5;OCBTm,2,1,24,22
NAt5;ORNTArm,2,1,24,22
NAt5;PROGLUtm,1,0,25,23
NAt5;PROtm,1,0,25,23
NAt5;PTCRTD,1,0,25,23
NAt5;PTRCOR,1,0,25,23
NAt5;PTRCtm,1,0,25,23
NAt5;THFtm,1,0,25,23
NAt5;UREAt,1,0,25,23
NAt5;UREAtm,1,0,25,23
NAtm;O2Stm,1,0,25,23
NDP6;NTD6,1,0,25,23
NDP6;PUNP2,1,0,25,23
NDP6;PYNP2r,1,0,25,23
NDP7er;NDP7g,0,1,26,22
NDP7er;NH4tm,1,0,25,23
NDP7er;O2tm,0,1,26,22
NDP7er;OCBTm,1,0,25,23
NDP7er;OROTGLUt,0,1,26,22
NDP7er;OROTi,0,1,26,22
NDP7er;OXALSUCCCL,0,1,26,22
NDP7er;PEPCKm,1,0,25,23
NDP7er;PGI,0,1,26,22
NDP7er;PGK,1,0,25,23
NDP7er;PGM,1,0,25,23
NDP7er;PIGTHRDLtm,1,0,25,23
NDP7er;PIMALtm,0,1,26,22
NDP7er;PIt2m_2,0,1,26,22
NDP7er;PItg,0,1,26,22
NDP7er;PROGLUtm,0,1,26,22
NDP7er;PROtm,0,1,26,22
NDP7er;PYK,0,1,26,22
NDP7er;R5Ptr,3,0,23,23
NDP7er;RDH1,1,0,25,23
NDP7er;RDH1a,1,0,25,23
NDP7er;RPI,13,13,13,10
NDP7er;RPIr,3,0,23,23
NDP7er;RU5Ptr,3,0,23,23
NDP7er;SO3AKGtm,0,1,26,22
NDP7er;SO3MALtm,0,1,26,22
NDP7er;SUCCICITtm,1,0,25,23
NDP7er;SUCCt4_2,1,0,25,23
NDP7er;SUCOAS1m,0,2,26,21
NDP7er;THFtm,1,0,25,23
NDP7er;THRA,0,2,26,21
NDP7er;UAG2EMAi,1,0,25,23
NDP7er;UDPG4E,1,0,25,23
NDP7er;UDPGALtg,1,0,25,23
NDP7g;ARTFR52,2,0,24,23
NDP7g;NTD9,1,2,25,21
NDP7g;PDE4,0,1,26,22
NDP7g;PFK2,1,1,25,22
NDP7g;PGAM1_PhosHydro,0,1,26,22
NDP7g;PGI,0,2,26,21
NDP7g;PGL,1,1,25,22
NDP7g;PHEMEtm,0,1,26,22
NDP7g;PIMALtm,0,1,26,22
NDP7g;PIt2r,0,1,26,22
NDP7g;PPBNGS,0,1,26,22
NDP7g;PPPG9tm,0,1,26,22
NDP7g;PPPGOm,0,1,26,22
NDP7g;PROAKGOX1m,0,1,26,22
NDP7g;PROtm,0,1,26,22
NDP7g;PUNP3,1,2,25,21
NDP7g;PYK,0,2,26,21
NDP7g;R5Ptr,3,0,23,23
NDP7g;RND213,0,1,26,22
NDP7g;RPE,1,1,25,22
NDP7g;RPI,11,12,15,11
NDP7g;RPIr,3,0,23,23
NDP7g;RTOT5,2,0,24,23
NDP7g;RU5Ptr,3,0,23,23
NDP7g;R_group_phosphotase_1,0,2,26,21
NDP7g;SADT,1,0,25,23
NDP7g;SO3AKGtm,0,1,26,22
NDP7g;SO3MALtm,0,1,26,22
NDP7g;TALA,0,1,26,22
NDP7g;TAURCHAe,1,0,25,23
NDP7g;TECR200,2,0,24,23
NDP7g;TECR220,2,0,24,23
NDP7g;TECR240,2,0,24,23
NDP7g;TECR260,2,0,24,23
NDP7g;THFtm,1,0,25,23
NDP7g;THYPX,1,0,25,23
NDP7g;TKT1,1,1,25,22
NDP7g;TKT2,1,1,25,22
NDP7g;TRIODTHYSUFt,1,0,25,23
NDP7g;TRIODTHYSULT,1,0,25,23
NDP7g;TXA2tr,1,0,25,23
NDP7g;TXB2c,1,0,25,23
NDP7g;TXB2r,1,0,25,23
NDP7g;TXB2tr,1,0,25,23
NDP7g;TYROX,0,1,26,22
NDP7g;TYRTA,0,1,26,22
NDP7g;UDPGD,0,1,26,22
NDP7g;UDPGLCAter,0,1,26,22
NDP7g;UPP3S,0,1,26,22
NDP7g;UPPDC1,0,1,26,22
NDP7g;URATEt,1,2,25,21
NDP7g;XAND,0,1,26,22
NDP7g;XAO,1,1,25,22
NDPK1;PUNP1,0,2,26,21
NDPK1m;PYRtm,0,1,26,22
NDPK2;PYK2,0,1,26,22
NDPK3;PGK,1,0,25,23
NDPK3;PGM,1,0,25,23
NDPK3;RPI,5,1,21,22
NDPK3;UAG2EMAi,1,0,25,23
NDPK3;UDPG4E,1,0,25,23
NDPK3;UDPGALtg,1,0,25,23
NDPK7n;O2t,0,1,26,22
NDPK8;PYK7,1,0,25,23
NH4t3r;NH4tm,1,1,25,22
NH4t3r;OCBTm,1,1,25,22
NH4t3r;ORNTArm,0,1,26,22
NH4t3r;ORNt4m,1,0,25,23
NH4t3r;PPA,1,0,25,23
NH4t3r;PROt4,0,1,26,22
NH4t3r;PROt4_2_r,0,1,26,22
NH4t3r;THRA,1,0,25,23
NH4t3r;UREAt,1,0,25,23
NH4tm;NKCC2t,0,1,26,22
NH4tm;O2tm,0,1,26,22
NH4tm;OCBTm,1,1,25,22
NH4tm;ORNDC,4,0,22,23
NH4tm;ORNTArm,1,1,25,22
NH4tm;OXALSUCCCL,0,1,26,22
NH4tm;PCREATtmdiffir,2,0,24,23
NH4tm;PGMT,1,0,25,23
NH4tm;PHEMEtm,1,0,25,23
NH4tm;PHETA1,1,0,25,23
NH4tm;PHETA1m,1,0,25,23
NH4tm;PHEt4m,1,0,25,23
NH4tm;PHPYRtm,1,0,25,23
NH4tm;PIGTHRDLtm,1,0,25,23
NH4tm;PIt2m_2,5,3,21,20
NH4tm;PPA,0,1,26,22
NH4tm;PPAm,0,1,26,22
NH4tm;PPBNGS,1,0,25,23
NH4tm;PPItm,4,0,22,23
NH4tm;PPPG9tm,1,0,25,23
NH4tm;PPPGOm,1,0,25,23
NH4tm;PRO1x,0,1,26,22
NH4tm;PROGLUtm,1,0,25,23
NH4tm;PROtm,1,0,25,23
NH4tm;PTRCtm,1,0,25,23
NH4tm;PUNP1,1,0,25,23
NH4tm;Q10H2e,1,0,25,23
NH4tm;R_group_phosphotase_1,1,0,25,23
NH4tm;SADT,1,0,25,23
NH4tm;SERTm,0,1,26,22
NH4tm;SSALym,1,0,25,23
NH4tm;SUCOAS1m,1,0,25,23
NH4tm;T4HCINNMFM,1,0,25,23
NH4tm;THBPT4ACAMDASE,1,0,25,23
NH4tm;THDm,0,1,26,22
NH4tm;THFtm,0,1,26,22
NH4tm;THRtm,0,1,26,22
NH4tm;THYPX,1,0,25,23
NH4tm;TRIODTHYSUFt,1,0,25,23
NH4tm;TYR3MO2,1,0,25,23
NH4tm;TYRTAm,1,0,25,23
NH4tm;TYRtl,1,0,25,23
NH4tm;UDPGD,1,0,25,23
NH4tm;UPP3S,1,0,25,23
NH4tm;UPPDC1,1,0,25,23
NH4tm;UREAtm,1,0,25,23
NH4tm;q10h2tc,1,0,25,23
NH4tn;PPAPA,0,1,26,22
NH4tn;PPItn,2,0,24,23
NH4tp;ARTFR52,1,0,25,23
NH4tp;PPA,4,0,22,23
NH4tp;TECR200,1,0,25,23
NH4tp;TECR220,1,0,25,23
NH4tp;TECR240,1,0,25,23
NH4tp;TECR260,1,0,25,23
NH4tp;THRA,2,0,24,23
NH4tp;TRDR,0,1,26,22
NH4tp;TXA2tr,2,0,24,23
NH4tp;TXB2c,2,0,24,23
NH4tp;TXB2r,2,0,24,23
NH4tp;TXB2tr,2,0,24,23
NH4tr;PGMT,1,0,25,23
NH4tr;PPIPItr,2,1,24,22
NH4tr;THRA,3,0,23,23
NH4tr;UAGDP,2,0,24,23
NKCC2t;OCBTm,0,1,26,22
NKCC2t;ORNTArm,0,1,26,22
NKCC2t;THFt2,0,1,26,22
NORANMT;PETOHMm_hs,1,0,25,23
NORANMT;PSDm_hs,2,6,24,17
NORANMT;PSFLIPm,2,6,24,17
NOX;O2St,0,1,26,22
NOX;O2t,0,1,26,22
NQO2;PGK,1,0,25,23
NQO2;PGM,1,0,25,23
NQO2;PYK7,1,0,25,23
NQO2;TPI,1,0,25,23
NRVNCCOAtr;ARTFR52,6,0,20,23
NRVNCCOAtr;RTOT5,4,0,22,23
NRVNCCOAtr;TECR200,6,0,20,23
NRVNCCOAtr;TECR220,6,0,20,23
NRVNCCOAtr;TECR240,6,0,20,23
NRVNCCOAtr;TECR260,6,0,20,23
NRVNCCOAtr;TRDR,0,3,26,20
NRVNCCOAtxc;ARTFR52,2,0,24,23
NRVNCCOAtxc;TECR200,2,0,24,23
NRVNCCOAtxc;TECR220,2,0,24,23
NRVNCCOAtxc;TECR240,2,0,24,23
NRVNCCOAtxc;TECR260,2,0,24,23
NRVNCCOAtxc;TRDR,0,3,26,20
NS26Tg;PGMT,1,0,25,23
NTD1;THRA,0,1,26,22
NTD3;NTD6,1,0,25,23
NTD3;PUNP2,1,0,25,23
NTD3;PYNP2r,1,0,25,23
NTD4;PPItn,1,0,25,23
NTD6;OCOAT1m,0,1,26,22
NTD6;SUCCt4_3,1,0,25,23
NTD6;SUCOAS1m,2,1,24,22
NTD6;THR3Dx,0,1,26,22
NTD7e;PIt7,1,0,25,23
NTD9;PGMT,1,1,25,22
NTD9;PItg,1,2,25,21
NTD9;PPA,0,1,26,22
NTD9;THRA,0,1,26,22
NTD9;UAGDP,1,1,25,22
NTD9;UGLCNACtg,0,1,26,22
O2St;ADPtn,0,1,26,22
O2St;O2Stn,0,1,26,22
O2St;O2t,0,6,26,17
O2St;O2tn,0,1,26,22
O2St;PAIL4P_HStn,0,1,26,22
O2St;PAIL_HStn,0,1,26,22
O2St;PIK4n,0,1,26,22
O2St;PIPLC,0,5,26,18
O2St;SPODMn,0,1,26,22
O2Stm;PIATPLtm,1,0,25,23
O2Stm;PIGTHRDLtm,1,0,25,23
O2Stm;PPItm,1,0,25,23
O2Stm;PROGLUtm,1,0,25,23
O2Stm;PROtm,1,0,25,23
O2Stm;PUNP1,1,0,25,23
O2Stm;Q10H2e,1,0,25,23
O2Stm;T4HCINNMFM,1,0,25,23
O2Stm;TYRTAm,1,0,25,23
O2Stm;TYRtl,1,0,25,23
O2Stm;q10h2tc,1,0,25,23
O2Stn;O2t,0,5,26,18
O2Stn;PIPLC,0,6,26,17
O2t;ADPtn,0,5,26,18
O2t;O2tm,0,1,26,22
O2t;O2tn,0,5,26,18
O2t;PAIL4P_HStn,0,4,26,19
O2t;PAIL_HStn,0,4,26,19
O2t;PCHOLP_hs,0,1,26,22
O2t;PGI,0,1,26,22
O2t;PGK,0,1,26,22
O2t;PGL,0,1,26,22
O2t;PGM,0,1,26,22
O2t;PIK4n,0,4,26,19
O2t;PPA,0,1,26,22
O2t;RPE,0,1,26,22
O2t;RPI,0,1,26,22
O2t;SBTR,0,1,26,22
O2t;SBT_Dtde,0,1,26,22
O2t;SPODMn,0,5,26,18
O2t;TALA,0,1,26,22
O2t;THFt2,0,1,26,22
O2t;TKT1,0,1,26,22
O2t;TKT2,0,1,26,22
O2t;TRDR,0,1,26,22
O2tm;OCOAT1m,0,1,26,22
O2tm;PGMT,0,1,26,22
O2tm;PHEMEtm,0,1,26,22
O2tm;PPBNGS,0,1,26,22
O2tm;PPPG9tm,0,1,26,22
O2tm;PPPGOm,0,1,26,22
O2tm;PROAKGOX1m,0,1,26,22
O2tm;PROGLUtm,0,1,26,22
O2tm;PROtm,0,1,26,22
O2tm;PYRtm,0,1,26,22
O2tm;UDPGD,0,1,26,22
O2tm;UPP3S,0,1,26,22
O2tm;UPPDC1,0,1,26,22
O2tn;PIPLC,0,4,26,19
O2tn;PIt2m_2,0,1,26,22
O2tn;PPAm,0,1,26,22
O2tn;PSDm_hs,1,1,25,22
O2tn;PSFLIPm,1,1,25,22
O2tn;THRA,1,0,25,23
O2tp;ARTFR41,0,1,26,22
O2tp;ARTFR52,3,0,23,23
O2tp;PLMCOAPTr,0,1,26,22
O2tp;PMTCOAFABP1tc,0,1,26,22
O2tp;PNTK,0,1,26,22
O2tp;PNTOt1,0,1,26,22
O2tp;PPA,4,0,22,23
O2tp;PPCDC,0,1,26,22
O2tp;PPNCL2,0,1,26,22
O2tp;PTPAT,0,1,26,22
O2tp;RTOT4,0,1,26,22
O2tp;RTOT5,1,0,25,23
O2tp;TECR200,3,0,23,23
O2tp;TECR220,3,0,23,23
O2tp;TECR240,3,0,23,23
O2tp;TECR260,3,0,23,23
O2tp;THRA,2,0,24,23
O2tp;TRDR,0,3,26,20
O2tp;TXA2tr,3,0,23,23
O2tp;TXB2c,3,0,23,23
O2tp;TXB2r,3,0,23,23
O2tp;TXB2tr,3,0,23,23
OBDHc;PPCOAtm,0,1,26,22
OCBTm;ORNDC,4,0,22,23
OCBTm;PCREATtmdiffir,2,0,24,23
OCBTm;PGMT,1,0,25,23
OCBTm;PHEMEtm,1,0,25,23
OCBTm;PHETA1,1,0,25,23
OCBTm;PHETA1m,1,0,25,23
OCBTm;PHEt4m,1,0,25,23
OCBTm;PHPYRtm,1,0,25,23
OCBTm;PIGTHRDLtm,1,0,25,23
OCBTm;PIt2m_2,6,1,20,22
OCBTm;PPBNGS,1,0,25,23
OCBTm;PPItm,5,0,21,23
OCBTm;PPPG9tm,1,0,25,23
OCBTm;PPPGOm,1,0,25,23
OCBTm;PROGLUtm,1,0,25,23
OCBTm;PROtm,1,0,25,23
OCBTm;PUNP1,1,0,25,23
OCBTm;Q10H2e,1,0,25,23
OCBTm;R_group_phosphotase_1,1,0,25,23
OCBTm;SADT,1,0,25,23
OCBTm;SSALym,1,0,25,23
OCBTm;SUCOAS1m,1,0,25,23
OCBTm;T4HCINNMFM,1,0,25,23
OCBTm;THBPT4ACAMDASE,1,0,25,23
OCBTm;THYPX,1,0,25,23
OCBTm;TRIODTHYSUFt,1,0,25,23
OCBTm;TYR3MO2,1,0,25,23
OCBTm;TYRTAm,1,0,25,23
OCBTm;TYRtl,1,0,25,23
OCBTm;UDPGD,1,0,25,23
OCBTm;UPP3S,1,0,25,23
OCBTm;UPPDC1,1,0,25,23
OCBTm;q10h2tc,1,0,25,23
OCDEAFABP1tc;ARTFR52,0,1,26,22
OCDEAFABP1tc;PNTK,0,1,26,22
OCDEAFABP1tc;PNTOt1,0,1,26,22
OCDEAFABP1tc;PPCDC,0,1,26,22
OCDEAFABP1tc;PPNCL2,0,1,26,22
OCDEAFABP1tc;PTPAT,0,1,26,22
OCDEAFABP1tc;RTOT5,0,1,26,22
OCDEAFABP1tc;TECR200,0,1,26,22
OCDEAFABP1tc;TECR220,0,1,26,22
OCDEAFABP1tc;TECR240,0,1,26,22
OCDEAFABP1tc;TECR260,0,1,26,22
OCOAT1m;PGI,0,1,26,22
OCOAT1m;PPM2,0,1,26,22
OCOAT1m;PUNP2,0,1,26,22
OCOAT1m;THRA,0,1,26,22
OCTD11ECOAtr;RTOT5,1,0,25,23
OCTD11ECOAtr;TECR180,15,0,11,23
ORNTArm;ARTFR52,1,0,25,23
ORNTArm;P5CRxm,0,1,26,22
ORNTArm;PCREATtmdiffir,2,0,24,23
ORNTArm;PIGTHRDLtm,1,0,25,23
ORNTArm;PIt2m_2,4,2,22,21
ORNTArm;PPItm,1,0,25,23
ORNTArm;PROD2m,0,1,26,22
ORNTArm;RTOT5,1,0,25,23
ORNTArm;TECR180,1,0,25,23
ORNTArm;TECR200,1,0,25,23
ORNTArm;TECR220,1,0,25,23
ORNTArm;TECR240,1,0,25,23
ORNTArm;TECR260,1,0,25,23
ORNTArm;THFt2,0,1,26,22
ORNt4m;PIGTHRDLtm,1,0,25,23
ORNt4m;PIt2m_2,2,0,24,23
ORNt4m;PPItm,3,0,23,23
ORNt4m;PROGLUtm,1,0,25,23
ORNt4m;PROtm,1,0,25,23
ORNt4m;PUNP1,1,0,25,23
ORNt4m;Q10H2e,1,0,25,23
ORNt4m;T4HCINNMFM,1,0,25,23
ORNt4m;TYRTAm,1,0,25,23
ORNt4m;TYRtl,1,0,25,23
ORNt4m;q10h2tc,1,0,25,23
ORNtiDF;P5CRxm,0,1,26,22
ORNtiDF;PROD2m,0,1,26,22
OROTGLUt;PGMT,0,1,26,22
OROTGLUt;PHEMEtm,0,1,26,22
OROTGLUt;PPBNGS,0,1,26,22
OROTGLUt;PPPG9tm,0,1,26,22
OROTGLUt;PPPGOm,0,1,26,22
OROTGLUt;PROAKGOX1m,0,1,26,22
OROTGLUt;SUCOAS1m,0,1,26,22
OROTGLUt;UDPGD,0,1,26,22
OROTGLUt;UDPGLCAter,0,1,26,22
OROTGLUt;UPP3S,0,1,26,22
OROTGLUt;UPPDC1,0,1,26,22
OROTi;PGMT,0,1,26,22
OROTi;PHEMEtm,0,1,26,22
OROTi;PPBNGS,0,1,26,22
OROTi;PPPG9tm,0,1,26,22
OROTi;PPPGOm,0,1,26,22
OROTi;PROAKGOX1m,0,1,26,22
OROTi;SUCOAS1m,0,1,26,22
OROTi;UDPGD,0,1,26,22
OROTi;UDPGLCAter,0,1,26,22
OROTi;UPP3S,0,1,26,22
OROTi;UPPDC1,0,1,26,22
OXALSUCCCL;OXALSUCCCLm,0,1,26,22
OXALSUCCCL;PGMT,0,1,26,22
OXALSUCCCL;PHEMEtm,0,1,26,22
OXALSUCCCL;PPBNGS,0,1,26,22
OXALSUCCCL;PPPG9tm,0,1,26,22
OXALSUCCCL;PPPGOm,0,1,26,22
OXALSUCCCL;THRA,1,0,25,23
OXALSUCCCL;UDPGD,0,1,26,22
OXALSUCCCL;UDPGLCAter,0,1,26,22
OXALSUCCCL;UPP3S,0,1,26,22
OXALSUCCCL;UPPDC1,0,1,26,22
OXALSUCCCLm;ARTFR41,0,1,26,22
OXALSUCCCLm;P45011A1m,0,1,26,22
OXALSUCCCLm;P5CRxm,0,1,26,22
OXALSUCCCLm;PFK_3,1,0,25,23
OXALSUCCCLm;PIt2m_2,1,0,25,23
OXALSUCCCLm;PLMCOAPTr,0,1,26,22
OXALSUCCCLm;PMTCOAFABP1tc,0,1,26,22
OXALSUCCCLm;PPM2,1,0,25,23
OXALSUCCCLm;PRGNLONEtm,0,1,26,22
OXALSUCCCLm;PROD2m,0,1,26,22
OXALSUCCCLm;RPI,1,0,25,23
OXALSUCCCLm;RTOT4,0,1,26,22
OXALSUCCCLm;THR3Dx,0,2,26,21
OXALSUCCCLm;THRA,4,0,22,23
OXALSUCCCLm;TPI,1,0,25,23
OXOADLR;RTOT5,1,0,25,23
OXOADLR;TECR180,1,0,25,23
P45011A1m;ARTFR52,1,1,25,22
P45011A1m;PIt2m_2,0,1,26,22
P45011A1m;PPA,2,5,24,18
P45011A1m;RTOT5,2,1,24,22
P45011A1m;SERTm,0,3,26,20
P45011A1m;SERt4,0,1,26,22
P45011A1m;SMOX,0,1,26,22
P45011A1m;SPRMS,0,1,26,22
P45011A1m;SUCCICITtm,1,0,25,23
P45011A1m;TECR180,5,0,21,23
P45011A1m;TECR200,1,1,25,22
P45011A1m;TECR220,1,1,25,22
P45011A1m;TECR240,1,1,25,22
P45011A1m;TECR260,1,1,25,22
P45011A1m;THRA,0,1,26,22
P45011A1m;TXA2tr,1,3,25,20
P45011A1m;TXB2c,1,3,25,20
P45011A1m;TXB2r,1,3,25,20
P45011A1m;TXB2tr,1,3,25,20
P5CRxm;PEPCK,0,1,26,22
P5CRxm;PROD2,0,1,26,22
PAIL4P_HStn;PIPLC,0,6,26,17
PAIL4P_HStn;PPAPA,0,1,26,22
PAIL_HStn;PIPLC,0,6,26,17
PAIL_HStn;PPAPA,0,1,26,22
PAPStg;R_group_phosphotase_1,0,1,26,22
PAPStg;ST3GAL31g,0,1,26,22
PAPStg;UAG2EMAi,1,0,25,23
PAPStg;UGCGc,1,1,25,22
PAPtg;R_group_phosphotase_1,0,1,26,22
PAPtg;ST3GAL31g,0,1,26,22
PAPtg;UAG2EMAi,1,0,25,23
PAPtg;UGCGc,1,1,25,22
PCFLOPm;PCHOLPm_hs,1,0,25,23
PCFLOPm;PE_HStm,0,3,26,20
PCFLOPm;PPItm,1,0,25,23
PCFLOPm;PSSA1_hs,0,1,26,22
PCFLOPm;PSSA2_hs,0,1,26,22
PCOREM3terg;PGK,1,0,25,23
PCOREM3terg;PGM,1,0,25,23
PCOREM3terg;PYK,0,1,26,22
PCOREM3terg;R5Ptr,3,0,23,23
PCOREM3terg;RPI,13,13,13,10
PCOREM3terg;RPIr,3,0,23,23
PCOREM3terg;RU5Ptr,3,0,23,23
PCOREM3terg;UAG2EMAi,1,0,25,23
PCOREM3terg;UDPG4E,1,0,25,23
PCOREM3terg;UDPGALtg,1,0,25,23
PCREATtmdiffir;PIGTHRDLtm,1,0,25,23
PCREATtmdiffir;PIt2m_2,3,0,23,23
PCREATtmdiffir;PPItm,2,0,24,23
PCREATtmdiffir;PRO1x,1,0,25,23
PCREATtmdiffir;PROGLUtm,1,0,25,23
PCREATtmdiffir;PROtm,1,0,25,23
PCREATtmdiffir;PUNP1,1,0,25,23
PCREATtmdiffir;Q10H2e,1,0,25,23
PCREATtmdiffir;T4HCINNMFM,1,0,25,23
PCREATtmdiffir;TYRTAm,1,0,25,23
PCREATtmdiffir;TYRtl,1,0,25,23
PCREATtmdiffir;UREAt,1,0,25,23
PCREATtmdiffir;q10h2tc,1,0,25,23
PDE4;PGMT,0,1,26,22
PDE4;PItg,0,1,26,22
PDHa;PPA,1,0,25,23
PDHa;PPItm,2,0,24,23
PDHbr;PPA,1,0,25,23
PDHbr;PPItm,2,0,24,23
PEFLIPm;PSDm_hs,0,1,26,22
PEFLIPm;PSFLIPm,0,1,26,22
PEMET1;PETHCT,1,1,25,22
PEMET1;PSDm_hs,5,16,21,7
PEMET1;PSFLIPm,5,16,21,7
PEMET1;PSSA2_hs,0,1,26,22
PEMET1;PUNP1,1,0,25,23
PEMET2;PETHCT,1,1,25,22
PEMET2;PSDm_hs,5,16,21,7
PEMET2;PSFLIPm,5,16,21,7
PEMET2;PSSA2_hs,0,1,26,22
PEMET2;PUNP1,1,0,25,23
PEPACONtm;PYRtm,0,1,26,22
PEPCK;ARTFR41,0,1,26,22
PEPCK;PEPCKm,1,0,25,23
PEPCK;PFK,2,0,24,23
PEPCK;PFK_3,1,0,25,23
PEPCK;PGM,0,1,26,22
PEPCK;PLMCOAPTr,0,1,26,22
PEPCK;PMTCOAFABP1tc,0,1,26,22
PEPCK;PROD2m,0,1,26,22
PEPCK;PYRtm,1,0,25,23
PEPCK;RTOT4,0,1,26,22
PEPCK;THRA,2,1,24,22
PEPCK;TPI,1,0,25,23
PEPCKm;ACITLn,1,0,25,23
PEPCKm;ADPtn,1,0,25,23
PEPCKm;CITtn,1,0,25,23
PEPCKm;OAAtn,1,0,25,23
PEPCKm;PGK,0,1,26,22
PEPCKm;PGL,0,1,26,22
PEPCKm;PGM,0,1,26,22
PEPCKm;PHEMEtm,1,0,25,23
PEPCKm;PItn,1,0,25,23
PEPCKm;PPBNGS,1,0,25,23
PEPCKm;PPPG9tm,1,0,25,23
PEPCKm;PPPGOm,1,0,25,23
PEPCKm;PYRtm,0,1,26,22
PEPCKm;RPI,0,1,26,22
PEPCKm;UDPGD,1,0,25,23
PEPCKm;UDPGLCAter,1,0,25,23
PEPCKm;UPP3S,1,0,25,23
PEPCKm;UPPDC1,1,0,25,23
PEPICITtm;PGK,0,1,26,22
PEPICITtm;PGL,0,1,26,22
PEPICITtm;PGM,0,1,26,22
PEPICITtm;RPI,0,1,26,22
PETHCT;PSDm_hs,1,3,25,20
PETHCT;PSFLIPm,1,3,25,20
PETHCT;PSSA1_hs,1,1,25,22
PETHCT;PUNP1,1,0,25,23
PETOHMm_hs;PSSA1_hs,0,1,26,22
PETOHMm_hs;PSSA2_hs,0,1,26,22
PETOHMm_hs;THBPT4ACAMDASE,1,0,25,23
PETOHMm_hs;TYR3MO2,1,0,25,23
PE_HStm;PEMET1,5,19,21,4
PE_HStm;PEMET2,5,19,21,4
PE_HStm;PETHCT,1,3,25,20
PE_HStm;PETOHMm_hs,0,3,26,20
PE_HStm;PSSA2_hs,3,4,23,19
PE_HStm;R_group_phosphotase_1,1,0,25,23
PFK2;PGMT,0,1,26,22
PFK2;PItg,1,1,25,22
PFK2;PPA,2,0,24,23
PFK2;UAGDP,1,1,25,22
PFK2;UGLCNACtg,0,1,26,22
PFK;PFK2,2,0,24,23
PFK;PFK_3,2,1,24,22
PFK;PFK_4,1,0,25,23
PFK;PGI,3,0,23,23
PFK;PGK,1,0,25,23
PFK;PGM,1,0,25,23
PFK;PIGTHRDLtm,1,0,25,23
PFK;PRSDO,1,0,25,23
PFK;PUNP1,0,2,26,21
PFK;RPE,3,1,23,22
PFK;RPI,0,2,26,21
PFK;SQOR2m,1,0,25,23
PFK;SQORm,1,0,25,23
PFK;TKT1,3,1,23,22
PFK;TKT2,3,1,23,22
PFK;TPI,1,2,25,21
PFK;TSCTS,1,0,25,23
PFK;TSULt4_3,1,0,25,23
PFK_3;ACITLn,1,0,25,23
PFK_3;ADPtn,1,0,25,23
PFK_3;CITtn,1,0,25,23
PFK_3;OAAtn,1,0,25,23
PFK_3;PGI,3,1,23,22
PFK_3;PGL,1,0,25,23
PFK_3;RPE,1,0,25,23
PFK_3;RPI,1,0,25,23
PFK_3;SUCCACONtm,1,0,25,23
PFK_3;TALA,1,0,25,23
PFK_3;TKT1,1,0,25,23
PFK_3;TKT2,1,0,25,23
PFK_3;TPI,1,0,25,23
PFK_4;PGI,1,1,25,22
PGAM1_PhosHydro;PGMT,0,1,26,22
PGAM1_PhosHydro;PItg,0,1,26,22
PGAM1_PhosHydro;PMANM,0,1,26,22
PGAM1_PhosHydro;PPA,1,0,25,23
PGAM1_PhosHydro;TXA2tr,0,1,26,22
PGAM1_PhosHydro;TXB2c,0,1,26,22
PGAM1_PhosHydro;TXB2r,0,1,26,22
PGAM1_PhosHydro;TXB2tr,0,1,26,22
PGAM1_PhosHydro;UAGDP,0,1,26,22
PGAM1_PhosHydro;UGLCNACtg,0,1,26,22
PGCD;PGM,0,1,26,22
PGCD;PPA,0,1,26,22
PGCD;SERt4,0,2,26,21
PGCD;THR3Dx,0,1,26,22
PGCD;THRA,0,1,26,22
PGI;PGK,6,0,20,23
PGI;PGL,7,4,19,19
PGI;PGM,6,0,20,23
PGI;PGMT,0,2,26,21
PGI;PHEMEtm,0,1,26,22
PGI;PIGTHRDLtm,1,1,25,22
PGI;PIt2m_2,1,1,25,22
PGI;PIter,0,1,26,22
PGI;PItg,0,2,26,21
PGI;PMANM,0,1,26,22
PGI;PPA,0,1,26,22
PGI;PPBNGS,0,1,26,22
PGI;PPPG9tm,0,1,26,22
PGI;PPPGOm,0,1,26,22
PGI;PRSDO,3,0,23,23
PGI;PYK,1,0,25,23
PGI;PYRtm,0,1,26,22
PGI;RNAdeg,0,1,26,22
PGI;RPE,10,4,16,19
PGI;RPI,7,3,19,20
PGI;SQOR2m,3,0,23,23
PGI;SQORm,3,0,23,23
PGI;TALA,2,2,24,21
PGI;TKT1,10,4,16,19
PGI;TKT2,10,4,16,19
PGI;TPI,1,0,25,23
PGI;TSCTS,3,0,23,23
PGI;TSULt4_3,3,0,23,23
PGI;TYROX,0,1,26,22
PGI;TYRTA,0,1,26,22
PGI;UAG2EMAi,1,0,25,23
PGI;UAG4E,1,0,25,23
PGI;UAGDP,0,1,26,22
PGI;UDPG4E,1,0,25,23
PGI;UDPGALtg,1,0,25,23
PGI;UDPGD,0,1,26,22
PGI;UDPGLCAter,0,1,26,22
PGI;UGALNACtg,1,0,25,23
PGI;UGCGc,1,0,25,23
PGI;UGLCNACtg,0,1,26,22
PGI;UPP3S,0,1,26,22
PGI;UPPDC1,0,1,26,22
PGK;PIt2m_2,2,0,24,23
PGK;PMANM,1,0,25,23
PGK;POCDPRBTLT2g,1,0,25,23
PGK;POCDPRBTLTg,1,0,25,23
PGK;POGLCNACTg,1,0,25,23
PGK;POMGNGALNTr,1,0,25,23
PGK;POMGNTr,1,0,25,23
PGK;POMKr,1,0,25,23
PGK;POXYLTg,1,0,25,23
PGK;PRSDO,3,0,23,23
PGK;PYK,1,0,25,23
PGK;RBT5PCYTr,1,0,25,23
PGK;RBT5PDH,1,0,25,23
PGK;RPE,6,0,20,23
PGK;RPI,1,1,25,22
PGK;SQOR2m,3,0,23,23
PGK;SQORm,3,0,23,23
PGK;TALA,6,0,20,23
PGK;TKT1,6,0,20,23
PGK;TKT2,6,0,20,23
PGK;TPI,1,0,25,23
PGK;TSCTS,3,0,23,23
PGK;TSULt4_3,3,0,23,23
PGK;TYROX,1,0,25,23
PGK;TYRTA,1,0,25,23
PGK;UACGAMUMPtr,1,0,25,23
PGK;UAG4E,1,0,25,23
PGK;UDPGD,1,0,25,23
PGK;UDPGLCAtg,1,0,25,23
PGK;UDPGLDCg,1,0,25,23
PGK;UGALNACter,1,0,25,23
PGK;UGLCNACtg,1,0,25,23
PGK;q10h2tc,1,0,25,23
PGK;q10tm,1,0,25,23
PGL;PGMT,0,1,26,22
PGL;PIt2m_2,1,0,25,23
PGL;PItg,1,1,25,22
PGL;PPA,1,1,25,22
PGL;PRSDO,3,0,23,23
PGL;RPE,7,4,19,19
PGL;SQOR2m,3,0,23,23
PGL;SQORm,3,0,23,23
PGL;TALA,7,4,19,19
PGL;TKT1,7,4,19,19
PGL;TKT2,7,4,19,19
PGL;TPI,1,0,25,23
PGL;TSCTS,3,0,23,23
PGL;TSULt4_3,3,0,23,23
PGL;UDPG4E,0,1,26,22
PGL;UDPGALtg,0,1,26,22
PGL;UGALGTg,0,1,26,22
PGM;PIt2m_2,2,0,24,23
PGM;PMANM,1,0,25,23
PGM;POCDPRBTLT2g,1,0,25,23
PGM;POCDPRBTLTg,1,0,25,23
PGM;POGLCNACTg,1,0,25,23
PGM;POMGNGALNTr,1,0,25,23
PGM;POMGNTr,1,0,25,23
PGM;POMKr,1,0,25,23
PGM;POXYLTg,1,0,25,23
PGM;PRSDO,3,0,23,23
PGM;PSERT,0,1,26,22
PGM;PSP_L,0,1,26,22
PGM;PYK,1,0,25,23
PGM;RBT5PCYTr,1,0,25,23
PGM;RBT5PDH,1,0,25,23
PGM;RPE,6,0,20,23
PGM;RPI,1,1,25,22
PGM;SQOR2m,3,0,23,23
PGM;SQORm,3,0,23,23
PGM;TALA,6,0,20,23
PGM;THRA,0,1,26,22
PGM;TKT1,6,0,20,23
PGM;TKT2,6,0,20,23
PGM;TPI,1,0,25,23
PGM;TSCTS,3,0,23,23
PGM;TSULt4_3,3,0,23,23
PGM;TYROX,1,0,25,23
PGM;TYRTA,1,0,25,23
PGM;UACGAMUMPtr,1,0,25,23
PGM;UAG4E,1,0,25,23
PGM;UDPGD,1,0,25,23
PGM;UDPGLCAtg,1,0,25,23
PGM;UDPGLDCg,1,0,25,23
PGM;UGALNACter,1,0,25,23
PGM;UGLCNACtg,1,0,25,23
PGM;q10h2tc,1,0,25,23
PGM;q10tm,1,0,25,23
PGMT;ARTFR52,2,0,24,23
PGMT;PIGTHRDLtm,1,0,25,23
PGMT;PIMALtm,0,1,26,22
PGMT;PIt2m_2,0,1,26,22
PGMT;PNTK,0,1,26,22
PGMT;PNTOt1,0,1,26,22
PGMT;PPAer,1,0,25,23
PGMT;PPCDC,0,1,26,22
PGMT;PPIPItr,1,0,25,23
PGMT;PPNCL2,0,1,26,22
PGMT;PROGLUtm,0,1,26,22
PGMT;PROtm,0,1,26,22
PGMT;PTPAT,0,1,26,22
PGMT;PUNP3,1,1,25,22
PGMT;PYK,0,2,26,21
PGMT;R5Ptr,3,0,23,23
PGMT;RDH1,1,0,25,23
PGMT;RDH1a,1,0,25,23
PGMT;RPE,0,1,26,22
PGMT;RPI,11,12,15,11
PGMT;RPIr,3,0,23,23
PGMT;RTOT5,2,0,24,23
PGMT;RU5Ptr,3,0,23,23
PGMT;R_group_phosphotase_1,0,1,26,22
PGMT;SADT,1,0,25,23
PGMT;SO3AKGtm,0,1,26,22
PGMT;SO3MALtm,0,1,26,22
PGMT;SUCCICITtm,1,0,25,23
PGMT;SUCCt4_2,1,0,25,23
PGMT;SUCOAS1m,0,1,26,22
PGMT;TALA,0,1,26,22
PGMT;TAURCHAe,1,0,25,23
PGMT;TECR200,2,0,24,23
PGMT;TECR220,2,0,24,23
PGMT;TECR240,2,0,24,23
PGMT;TECR260,2,0,24,23
PGMT;THFtm,1,0,25,23
PGMT;THRA,0,2,26,21
PGMT;THYPX,1,0,25,23
PGMT;TKT1,0,1,26,22
PGMT;TKT2,0,1,26,22
PGMT;TRIODTHYSUFt,1,0,25,23
PGMT;TRIODTHYSULT,1,0,25,23
PGMT;TXA2tr,1,0,25,23
PGMT;TXB2c,1,0,25,23
PGMT;TXB2r,1,0,25,23
PGMT;TXB2tr,1,0,25,23
PGMT;UAG2EMAi,1,0,25,23
PGMT;UAG4E,1,0,25,23
PGMT;UGALNACtg,1,0,25,23
PGMT;URATEt,1,1,25,22
PGMT;XAO,1,1,25,22
PGS;TRDR,0,3,26,20
PHEMEtabc;SUCOAS1m,0,1,26,22
PHEMEtabc;THRA,0,1,26,22
PHEMEtm;PIGTHRDLtm,1,0,25,23
PHEMEtm;PIMALtm,0,1,26,22
PHEMEtm;PIt2m_2,0,1,26,22
PHEMEtm;PItg,0,1,26,22
PHEMEtm;PROGLUtm,0,1,26,22
PHEMEtm;PROtm,0,1,26,22
PHEMEtm;RDH1,1,0,25,23
PHEMEtm;RDH1a,1,0,25,23
PHEMEtm;SO3AKGtm,0,1,26,22
PHEMEtm;SO3MALtm,0,1,26,22
PHEMEtm;SUCCICITtm,1,0,25,23
PHEMEtm;SUCCt4_2,1,0,25,23
PHEMEtm;SUCOAS1m,0,1,26,22
PHEMEtm;THFtm,1,0,25,23
PHEMEtm;THRA,0,1,26,22
PI45PLC;PPAPA,0,1,26,22
PI4P5K;PPAPA,0,1,26,22
PIGTHRDLtm;PIt2m_2,4,1,22,22
PIGTHRDLtm;PPA,1,0,25,23
PIGTHRDLtm;PPAm,0,1,26,22
PIGTHRDLtm;PPBNGS,1,0,25,23
PIGTHRDLtm;PPItm,1,0,25,23
PIGTHRDLtm;PPPG9tm,1,0,25,23
PIGTHRDLtm;PPPGOm,1,0,25,23
PIGTHRDLtm;PROD2,1,0,25,23
PIGTHRDLtm;RDH1,1,0,25,23
PIGTHRDLtm;RDH1a,1,0,25,23
PIGTHRDLtm;THFtm,1,0,25,23
PIGTHRDLtm;THRA,0,1,26,22
PIGTHRDLtm;UDPGD,1,0,25,23
PIGTHRDLtm;UDPGLCAter,1,0,25,23
PIGTHRDLtm;UPP3S,1,0,25,23
PIGTHRDLtm;UPPDC1,1,0,25,23
PIK4;PIPLC,3,0,23,23
PIK4n;PIPLC,0,6,26,17
PIK4n;PPAPA,0,1,26,22
PIMALtm;PIt2m_2,0,1,26,22
PIMALtm;PItg,0,1,26,22
PIMALtm;PPBNGS,0,1,26,22
PIMALtm;PPPG9tm,0,1,26,22
PIMALtm;PPPGOm,0,1,26,22
PIMALtm;PYRAKGte,0,1,26,22
PIMALtm;SSALym,0,1,26,22
PIMALtm;SUCOAS1m,0,1,26,22
PIMALtm;THR3Dx,0,1,26,22
PIMALtm;UDPGD,0,1,26,22
PIMALtm;UPP3S,0,1,26,22
PIMALtm;UPPDC1,0,1,26,22
PIPLC;ADPtn,0,6,26,17
PIPLC;SPODMn,0,6,26,17
PIt2m_2;ACITLn,1,0,25,23
PIt2m_2;ADPtn,1,0,25,23
PIt2m_2;CITtn,1,0,25,23
PIt2m_2;H3K36DMET_3,0,1,26,22
PIt2m_2;H3K36MET_3,0,1,26,22
PIt2m_2;OAAtn,1,0,25,23
PIt2m_2;PPBNGS,0,1,26,22
PIt2m_2;PPPG9tm,0,1,26,22
PIt2m_2;PPPGOm,0,1,26,22
PIt2m_2;PRGNLONEtm,0,1,26,22
PIt2m_2;PRGSTRNt,0,1,26,22
PIt2m_2;PRO1x,2,0,24,23
PIt2m_2;PROAKGOX1m,0,1,26,22
PIt2m_2;PROGLUtm,2,0,24,23
PIt2m_2;PROtm,2,1,24,22
PIt2m_2;PTRCtm,2,0,24,23
PIt2m_2;PUNP1,2,1,24,22
PIt2m_2;PYK7,1,0,25,23
PIt2m_2;PYRAKGte,1,0,25,23
PIt2m_2;PYRtm,0,1,26,22
PIt2m_2;RPE,1,0,25,23
PIt2m_2;RPI,1,0,25,23
PIt2m_2;SERTm,0,1,26,22
PIt2m_2;SMOX,0,1,26,22
PIt2m_2;SO3AKGtm,0,1,26,22
PIt2m_2;SO3MALtm,0,1,26,22
PIt2m_2;SPRMS,0,1,26,22
PIt2m_2;SUCCt4_2,1,0,25,23
PIt2m_2;SUCOAS1m,0,1,26,22
PIt2m_2;TALA,1,0,25,23
PIt2m_2;THFt2,0,1,26,22
PIt2m_2;THFtm,1,1,25,22
PIt2m_2;TKT1,1,0,25,23
PIt2m_2;TKT2,1,0,25,23
PIt2m_2;TPI,1,0,25,23
PIt2m_2;TRPO2,1,0,25,23
PIt2m_2;UDPGD,0,1,26,22
PIt2m_2;UDPGLCAter,0,1,26,22
PIt2m_2;UNK3,0,1,26,22
PIt2m_2;UPP3S,0,1,26,22
PIt2m_2;UPPDC1,0,1,26,22
PIt2m_2;UREAt,2,0,24,23
PIt2m_2;UREAtm,2,0,24,23
PIt2r;PItg,0,1,26,22
PIt2r;SUCOAS1m,0,1,26,22
PIt7;PPA,0,1,26,22
PIt7;PYK,0,1,26,22
PIt7;RBFK,1,0,25,23
PIt7;RIBFLVte,1,0,25,23
PIt7;SSALym,0,1,26,22
PIter;PPA,0,1,26,22
PIter;PPItr,0,1,26,22
PIter;RPI,0,2,26,21
PIter;ST3GAL31g,0,1,26,22
PIter;THRA,0,1,26,22
PIter;TXA2tr,0,1,26,22
PIter;TXB2c,0,1,26,22
PIter;TXB2r,0,1,26,22
PIter;TXB2tr,0,1,26,22
PIter;UGCGc,0,1,26,22
PItg;ARTFR52,2,0,24,23
PItg;PPBNGS,0,1,26,22
PItg;PPPG9tm,0,1,26,22
PItg;PPPGOm,0,1,26,22
PItg;PROAKGOX1m,0,1,26,22
PItg;PROtm,0,1,26,22
PItg;PUNP3,1,2,25,21
PItg;PYK,0,2,26,21
PItg;R5Ptr,3,0,23,23
PItg;RND213,0,1,26,22
PItg;RPE,1,1,25,22
PItg;RPI,11,12,15,11
PItg;RPIr,3,0,23,23
PItg;RTOT5,2,0,24,23
PItg;RU5Ptr,3,0,23,23
PItg;R_group_phosphotase_1,0,2,26,21
PItg;SADT,1,0,25,23
PItg;SO3AKGtm,0,1,26,22
PItg;SO3MALtm,0,1,26,22
PItg;TALA,0,1,26,22
PItg;TAURCHAe,1,0,25,23
PItg;TECR200,2,0,24,23
PItg;TECR220,2,0,24,23
PItg;TECR240,2,0,24,23
PItg;TECR260,2,0,24,23
PItg;THFtm,1,0,25,23
PItg;THYPX,1,0,25,23
PItg;TKT1,1,1,25,22
PItg;TKT2,1,1,25,22
PItg;TRIODTHYSUFt,1,0,25,23
PItg;TRIODTHYSULT,1,0,25,23
PItg;TXA2tr,1,0,25,23
PItg;TXB2c,1,0,25,23
PItg;TXB2r,1,0,25,23
PItg;TXB2tr,1,0,25,23
PItg;TYROX,0,1,26,22
PItg;TYRTA,0,1,26,22
PItg;UDPGD,0,1,26,22
PItg;UDPGLCAter,0,1,26,22
PItg;UPP3S,0,1,26,22
PItg;UPPDC1,0,1,26,22
PItg;URATEt,1,2,25,21
PItg;XAND,0,1,26,22
PItg;XAO,1,1,25,22
PItn;PPItn,2,0,24,23
PItn;THRA,5,0,21,23
PItn;TXA2tr,1,0,25,23
PItn;TXB2c,1,0,25,23
PItn;TXB2r,1,0,25,23
PItn;TXB2tr,1,0,25,23
PMANM;PYK,0,1,26,22
PMANM;R5Ptr,3,0,23,23
PMANM;RPI,13,12,13,11
PMANM;RPIr,3,0,23,23
PMANM;RU5Ptr,3,0,23,23
PMANM;TXA2tr,1,0,25,23
PMANM;TXB2c,1,0,25,23
PMANM;TXB2r,1,0,25,23
PMANM;TXB2tr,1,0,25,23
PMANM;UAG2EMAi,1,0,25,23
PMANM;UAG4E,4,0,22,23
PMANM;UDPG4E,1,0,25,23
PMANM;UDPGALtg,1,0,25,23
PMANM;UGALNACtg,4,0,22,23
PMANM;UGCGc,2,0,24,23
PMTCOAFABP1tc;PMTCOAPTr,2,0,24,23
PMTCOAFABP1tc;PNTK,0,2,26,21
PMTCOAFABP1tc;PNTOt1,0,2,26,21
PMTCOAFABP1tc;PPCDC,0,2,26,21
PMTCOAFABP1tc;PPNCL2,0,2,26,21
PMTCOAFABP1tc;PTPAT,0,2,26,21
PMTCOAFABP1tc;TECR224,0,1,26,22
PMTCOAFABP1tc;TRDR,0,2,26,21
PNTK;ARTFR41,0,1,26,22
PNTK;ARTFR42,0,1,26,22
PNTK;ARTPLM1m,0,1,26,22
PNTK;PPCOAtm,0,1,26,22
PNTK;RTOT4,0,2,26,21
PNTK;R_group_phosphotase_1,0,1,26,22
PNTK;SARCOXp,0,1,26,22
PNTK;SARCStm,0,1,26,22
PNTK;SARCStp,0,1,26,22
PNTK;SE4,0,1,26,22
PNTK;SFGTH,0,1,26,22
PNTK;SOAT3,0,1,26,22
PNTK;TECR180,0,2,26,21
PNTK;UAGDP,0,1,26,22
PNTOt1;ARTFR41,0,1,26,22
PNTOt1;ARTFR42,0,1,26,22
PNTOt1;ARTPLM1m,0,1,26,22
PNTOt1;PPCOAtm,0,1,26,22
PNTOt1;RTOT4,0,2,26,21
PNTOt1;R_group_phosphotase_1,0,1,26,22
PNTOt1;SARCOXp,0,1,26,22
PNTOt1;SARCStm,0,1,26,22
PNTOt1;SARCStp,0,1,26,22
PNTOt1;SE4,0,1,26,22
PNTOt1;SFGTH,0,1,26,22
PNTOt1;SOAT3,0,1,26,22
PNTOt1;TECR180,0,2,26,21
PNTOt1;UAGDP,0,1,26,22
POCDPRBTLT2g;PYK,0,1,26,22
POCDPRBTLT2g;R5Ptr,3,0,23,23
POCDPRBTLT2g;RPI,13,13,13,10
POCDPRBTLT2g;RPIr,3,0,23,23
POCDPRBTLT2g;RU5Ptr,3,0,23,23
POCDPRBTLT2g;UAG2EMAi,1,0,25,23
POCDPRBTLT2g;UDPG4E,1,0,25,23
POCDPRBTLT2g;UDPGALtg,1,0,25,23
POCDPRBTLTg;PYK,0,1,26,22
POCDPRBTLTg;R5Ptr,3,0,23,23
POCDPRBTLTg;RPI,13,13,13,10
POCDPRBTLTg;RPIr,3,0,23,23
POCDPRBTLTg;RU5Ptr,3,0,23,23
POCDPRBTLTg;UAG2EMAi,1,0,25,23
POCDPRBTLTg;UDPG4E,1,0,25,23
POCDPRBTLTg;UDPGALtg,1,0,25,23
POGLCNACTg;PYK,0,1,26,22
POGLCNACTg;R5Ptr,3,0,23,23
POGLCNACTg;RPI,13,13,13,10
POGLCNACTg;RPIr,3,0,23,23
POGLCNACTg;RU5Ptr,3,0,23,23
POGLCNACTg;UAG2EMAi,1,0,25,23
POGLCNACTg;UDPG4E,1,0,25,23
POGLCNACTg;UDPGALtg,1,0,25,23
POMGNGALNTr;PYK,0,1,26,22
POMGNGALNTr;R5Ptr,3,0,23,23
POMGNGALNTr;RPI,13,13,13,10
POMGNGALNTr;RPIr,3,0,23,23
POMGNGALNTr;RU5Ptr,3,0,23,23
POMGNGALNTr;UAG2EMAi,1,0,25,23
POMGNGALNTr;UDPG4E,1,0,25,23
POMGNGALNTr;UDPGALtg,1,0,25,23
POMGNTr;PYK,0,1,26,22
POMGNTr;R5Ptr,3,0,23,23
POMGNTr;RPI,13,13,13,10
POMGNTr;RPIr,3,0,23,23
POMGNTr;RU5Ptr,3,0,23,23
POMGNTr;UAG2EMAi,1,0,25,23
POMGNTr;UDPG4E,1,0,25,23
POMGNTr;UDPGALtg,1,0,25,23
POMKr;PYK,0,1,26,22
POMKr;R5Ptr,3,0,23,23
POMKr;RPI,13,13,13,10
POMKr;RPIr,3,0,23,23
POMKr;RU5Ptr,3,0,23,23
POMKr;UAG2EMAi,1,0,25,23
POMKr;UDPG4E,1,0,25,23
POMKr;UDPGALtg,1,0,25,23
POXYLTg;PYK,0,1,26,22
POXYLTg;R5Ptr,3,0,23,23
POXYLTg;RPI,13,13,13,10
POXYLTg;RPIr,3,0,23,23
POXYLTg;RU5Ptr,3,0,23,23
POXYLTg;UAG2EMAi,1,0,25,23
POXYLTg;UDPG4E,1,0,25,23
POXYLTg;UDPGALtg,1,0,25,23
PPA;PPAer,19,7,7,16
PPA;PPIPItr,9,5,17,18
PPA;PPItr,0,1,26,22
PPA;PRGNLONEtm,2,5,24,18
PPA;PRGNLONEtr,1,1,25,22
PPA;PRGSTRNt,0,1,26,22
PPA;PSERT,0,1,26,22
PPA;PSP_L,0,1,26,22
PPA;PUNP3,0,1,26,22
PPA;PYK,2,0,24,23
PPA;RBFK,0,1,26,22
PPA;RIBFLVte,0,1,26,22
PPA;RPE,1,1,25,22
PPA;RPI,3,1,23,22
PPA;SERGLYGLUr,0,1,26,22
PPA;SERGLYGLUt,0,1,26,22
PPA;SERTm,0,2,26,21
PPA;TALA,0,1,26,22
PPA;TECR2031,2,0,24,23
PPA;THFtm,0,1,26,22
PPA;THR3Dx,0,4,26,19
PPA;TKT1,1,1,25,22
PPA;TKT2,1,1,25,22
PPA;URATEt,0,1,26,22
PPA;XAND,0,1,26,22
PPAPA;ADPtn,0,1,26,22
PPAPA;URIK4,0,1,26,22
PPAPA;Uritn,0,1,26,22
PPAer;PPAm,0,1,26,22
PPAer;PPIPItr,21,9,5,14
PPAer;PPItm,0,1,26,22
PPAer;PPItr,0,1,26,22
PPAm;PPIPItr,0,1,26,22
PPAm;PPItm,0,1,26,22
PPAm;PROGLUtm,0,1,26,22
PPAm;PROtm,0,1,26,22
PPAm;PYRtm,0,1,26,22
PPAn;PPItn,2,0,24,23
PPBNGS;PROGLUtm,0,1,26,22
PPBNGS;PROtm,0,1,26,22
PPBNGS;RDH1,1,0,25,23
PPBNGS;RDH1a,1,0,25,23
PPBNGS;SO3AKGtm,0,1,26,22
PPBNGS;SO3MALtm,0,1,26,22
PPBNGS;SUCCICITtm,1,0,25,23
PPBNGS;SUCCt4_2,1,0,25,23
PPBNGS;SUCOAS1m,0,2,26,21
PPBNGS;THFtm,1,0,25,23
PPBNGS;THRA,0,2,26,21
PPCDC;ARTFR41,0,1,26,22
PPCDC;ARTFR42,0,1,26,22
PPCDC;ARTPLM1m,0,1,26,22
PPCDC;PPCOAtm,0,1,26,22
PPCDC;RTOT4,0,2,26,21
PPCDC;R_group_phosphotase_1,0,1,26,22
PPCDC;SARCOXp,0,1,26,22
PPCDC;SARCStm,0,1,26,22
PPCDC;SARCStp,0,1,26,22
PPCDC;SE4,0,1,26,22
PPCDC;SFGTH,0,1,26,22
PPCDC;SOAT3,0,1,26,22
PPCDC;TECR180,0,2,26,21
PPCDC;UAGDP,0,1,26,22
PPCOAtm;ARTFR13,0,1,26,22
PPCOAtm;PPIOGLYc,0,1,26,22
PPCOAtm;PPIOGLYte,0,1,26,22
PPCOAtm;PPIOGLYtm,0,1,26,22
PPCOAtm;PPNCL2,0,1,26,22
PPCOAtm;PTPAT,0,1,26,22
PPCOAtm;PUNP1,0,1,26,22
PPCOAtm;RTOT1,0,1,26,22
PPIPItr;PPItm,0,1,26,22
PPIPItr;PYK,0,1,26,22
PPItm;ARTFR52,11,0,15,23
PPItm;PRO1x,1,0,25,23
PPItm;PROGLUtm,1,0,25,23
PPItm;PROtm,1,0,25,23
PPItm;PTRCtm,1,0,25,23
PPItm;RTOT5,11,0,15,23
PPItm;TECR180,10,0,16,23
PPItm;TECR200,11,0,15,23
PPItm;TECR220,11,0,15,23
PPItm;TECR240,11,0,15,23
PPItm;TECR260,11,0,15,23
PPItm;UREAt,1,0,25,23
PPItm;UREAtm,1,0,25,23
PPItn;URIK4,1,0,25,23
PPItn;Uritn,2,0,24,23
PPM2;SUCCACONtm,1,0,25,23
PPM2;SUCCt4_3,1,0,25,23
PPM2;SUCOAS1m,2,1,24,22
PPM2;THR3Dx,0,1,26,22
PPM2;THRA,2,1,24,22
PPNCL2;ARTFR41,0,1,26,22
PPNCL2;ARTFR42,0,1,26,22
PPNCL2;ARTPLM1m,0,1,26,22
PPNCL2;RTOT4,0,2,26,21
PPNCL2;R_group_phosphotase_1,0,1,26,22
PPNCL2;SARCOXp,0,1,26,22
PPNCL2;SARCStm,0,1,26,22
PPNCL2;SARCStp,0,1,26,22
PPNCL2;SE4,0,1,26,22
PPNCL2;SFGTH,0,1,26,22
PPNCL2;SOAT3,0,1,26,22
PPNCL2;TECR180,0,2,26,21
PPNCL2;UAGDP,0,1,26,22
PPPG9tm;PROGLUtm,0,1,26,22
PPPG9tm;PROtm,0,1,26,22
PPPG9tm;RDH1,1,0,25,23
PPPG9tm;RDH1a,1,0,25,23
PPPG9tm;SO3AKGtm,0,1,26,22
PPPG9tm;SO3MALtm,0,1,26,22
PPPG9tm;SUCCICITtm,1,0,25,23
PPPG9tm;SUCCt4_2,1,0,25,23
PPPG9tm;SUCOAS1m,0,2,26,21
PPPG9tm;THFtm,1,0,25,23
PPPG9tm;THRA,0,2,26,21
PPPGOm;PROGLUtm,0,1,26,22
PPPGOm;PROtm,0,1,26,22
PPPGOm;RDH1,1,0,25,23
PPPGOm;RDH1a,1,0,25,23
PPPGOm;SO3AKGtm,0,1,26,22
PPPGOm;SO3MALtm,0,1,26,22
PPPGOm;SUCCICITtm,1,0,25,23
PPPGOm;SUCCt4_2,1,0,25,23
PPPGOm;SUCOAS1m,0,2,26,21
PPPGOm;THFtm,1,0,25,23
PPPGOm;THRA,0,2,26,21
PRGNLONEtm;ARTFR52,1,1,25,22
PRGNLONEtm;RTOT5,2,1,24,22
PRGNLONEtm;SERTm,0,3,26,20
PRGNLONEtm;SERt4,0,1,26,22
PRGNLONEtm;SMOX,0,1,26,22
PRGNLONEtm;SPRMS,0,1,26,22
PRGNLONEtm;SUCCICITtm,1,0,25,23
PRGNLONEtm;TECR180,5,0,21,23
PRGNLONEtm;TECR200,1,1,25,22
PRGNLONEtm;TECR220,1,1,25,22
PRGNLONEtm;TECR240,1,1,25,22
PRGNLONEtm;TECR260,1,1,25,22
PRGNLONEtm;THRA,0,1,26,22
PRGNLONEtm;TXA2tr,1,3,25,20
PRGNLONEtm;TXB2c,1,3,25,20
PRGNLONEtm;TXB2r,1,3,25,20
PRGNLONEtm;TXB2tr,1,3,25,20
PRGNLONEtr;ARTFR52,1,1,25,22
PRGNLONEtr;RTOT5,0,1,26,22
PRGNLONEtr;TECR180,1,0,25,23
PRGNLONEtr;TECR200,1,1,25,22
PRGNLONEtr;TECR220,1,1,25,22
PRGNLONEtr;TECR240,1,1,25,22
PRGNLONEtr;TECR260,1,1,25,22
PRGSTRNt;SERTm,0,1,26,22
PROAKGOX1m;PROGLUtm,0,1,26,22
PROAKGOX1m;PROtm,0,1,26,22
PROAKGOX1m;SUCOAS1m,0,2,26,21
PROAKGOX1m;THRA,0,1,26,22
PROD2;ARTFR52,1,0,25,23
PROD2;PROD2m,0,1,26,22
PROD2;RTOT5,1,0,25,23
PROD2;TECR180,1,0,25,23
PROD2;TECR200,1,0,25,23
PROD2;TECR220,1,0,25,23
PROD2;TECR240,1,0,25,23
PROD2;TECR260,1,0,25,23
PROGLUtm;PROtm,0,1,26,22
PROGLUtm;RTOT5,1,0,25,23
PROGLUtm;SUCCICITtm,1,0,25,23
PROGLUtm;SUCOAS1m,0,1,26,22
PROGLUtm;TECR180,1,0,25,23
PROGLUtm;UDPGD,0,1,26,22
PROGLUtm;UDPGLCAter,0,1,26,22
PROGLUtm;UPP3S,0,1,26,22
PROGLUtm;UPPDC1,0,1,26,22
PROSTGF2t;TRDR,0,3,26,20
PROt4;PROt4_2_r,24,17,2,6
PROtm;RTOT5,1,0,25,23
PROtm;SUCCICITtm,1,0,25,23
PROtm;SUCOAS1m,0,3,26,20
PROtm;TECR180,1,0,25,23
PROtm;THRA,0,1,26,22
PROtm;UDPGD,0,1,26,22
PROtm;UDPGLCAter,0,1,26,22
PROtm;UPP3S,0,1,26,22
PROtm;UPPDC1,0,1,26,22
PRSDO;RPE,3,0,23,23
PRSDO;RPI,3,0,23,23
PRSDO;TALA,3,0,23,23
PRSDO;TKT1,3,0,23,23
PRSDO;TKT2,3,0,23,23
PSDm_hs;PSSA1_hs,1,1,25,22
PSDm_hs;PSSA2_hs,3,3,23,20
PSDm_hs;R_group_phosphotase_1,1,0,25,23
PSDm_hs;THBPT4ACAMDASE,2,4,24,19
PSDm_hs;TYR3MO2,2,4,24,19
PSDm_hs;TYRDOPO,0,2,26,21
PSERT;SERt4,0,2,26,21
PSERT;THR3Dx,0,1,26,22
PSERT;THRA,0,1,26,22
PSFLIPm;PSSA1_hs,1,1,25,22
PSFLIPm;PSSA2_hs,3,3,23,20
PSFLIPm;R_group_phosphotase_1,1,0,25,23
PSFLIPm;THBPT4ACAMDASE,2,4,24,19
PSFLIPm;TYR3MO2,2,4,24,19
PSFLIPm;TYRDOPO,0,2,26,21
PSP_L;SERt4,0,2,26,21
PSP_L;THR3Dx,0,1,26,22
PSP_L;THRA,0,1,26,22
PSSA1_hs;PSSA2_hs,0,1,26,22
PSSA1_hs;PUNP1,1,0,25,23
PSSA2_hs;PUNP1,1,0,25,23
PTCRTD;SPMDSH,1,0,25,23
PTCRTD;SPMS,1,0,25,23
PTCRTD;UNK2,1,0,25,23
PTGFS;TRDR,0,3,26,20
PTPAT;ARTFR41,0,1,26,22
PTPAT;ARTFR42,0,1,26,22
PTPAT;ARTPLM1m,0,1,26,22
PTPAT;RTOT4,0,2,26,21
PTPAT;R_group_phosphotase_1,0,1,26,22
PTPAT;SARCOXp,0,1,26,22
PTPAT;SARCStm,0,1,26,22
PTPAT;SARCStp,0,1,26,22
PTPAT;SE4,0,1,26,22
PTPAT;SFGTH,0,1,26,22
PTPAT;SOAT3,0,1,26,22
PTPAT;TECR180,0,2,26,21
PTPAT;UAGDP,0,1,26,22
PTRCOR;SPMDSH,1,0,25,23
PTRCOR;SPMS,1,0,25,23
PTRCOR;UNK2,1,0,25,23
PUNP1;RDH1,0,1,26,22
PUNP1;R_group_phosphotase_1,0,1,26,22
PUNP1;THRA,0,3,26,20
PUNP2;SUCCt4_3,1,0,25,23
PUNP2;SUCOAS1m,2,1,24,22
PUNP2;THR3Dx,0,1,26,22
PUNP3;THRA,0,1,26,22
PUNP3;UAGDP,1,1,25,22
PUNP3;UGLCNACtg,0,1,26,22
PYK4;RPI,3,2,23,21
PYK7;q10h2tc,1,0,25,23
PYK7;q10tm,1,0,25,23
PYK;RBT5PCYTr,0,1,26,22
PYK;RBT5PDH,0,1,26,22
PYK;RPI,1,0,25,23
PYK;SSALym,0,1,26,22
PYK;TXA2tr,0,2,26,21
PYK;TXB2c,0,2,26,21
PYK;TXB2r,0,2,26,21
PYK;TXB2tr,0,2,26,21
PYK;UACGAMUMPtr,0,1,26,22
PYK;UAG4E,0,1,26,22
PYK;UAGDP,0,1,26,22
PYK;UDPGD,0,1,26,22
PYK;UDPGLCAtg,0,1,26,22
PYK;UDPGLDCg,0,1,26,22
PYK;UGALNACter,0,1,26,22
PYK;UGLCNACtg,0,1,26,22
PYNP2r;THRA,1,0,25,23
PYRAKGte;RTOT5,1,0,25,23
PYRAKGte;SO4AKGtm,0,1,26,22
PYRAKGte;SO4MALtm,0,1,26,22
PYRAKGte;TECR180,1,0,25,23
PYRFORte;PYRLACte,0,1,26,22
PYRtm;THDm,0,2,26,21
PYRtm;THR3Dx,0,1,26,22
PYRtm;THRA,0,1,26,22
PYRtm;THRtm,0,2,26,21
R5Ptr;RBT5PCYTr,3,0,23,23
R5Ptr;RBT5PDH,3,0,23,23
R5Ptr;UACGAMUMPtr,3,0,23,23
R5Ptr;UAG4E,3,0,23,23
R5Ptr;UAGDP,3,0,23,23
R5Ptr;UDPGD,3,0,23,23
R5Ptr;UDPGLCAtg,3,0,23,23
R5Ptr;UDPGLDCg,3,0,23,23
R5Ptr;UGALNACter,3,0,23,23
R5Ptr;UGLCNACtg,3,0,23,23
RADH2;RDH1,1,0,25,23
RADH;RDH1,1,0,25,23
RBT5PCYTr;RPI,13,13,13,10
RBT5PCYTr;RPIr,3,0,23,23
RBT5PCYTr;RU5Ptr,3,0,23,23
RBT5PCYTr;UAG2EMAi,1,0,25,23
RBT5PCYTr;UDPG4E,1,0,25,23
RBT5PCYTr;UDPGALtg,1,0,25,23
RBT5PDH;RPI,13,13,13,10
RBT5PDH;RPIr,3,0,23,23
RBT5PDH;RU5Ptr,3,0,23,23
RBT5PDH;UAG2EMAi,1,0,25,23
RBT5PDH;UDPG4E,1,0,25,23
RBT5PDH;UDPGALtg,1,0,25,23
RDH1;THFtm,1,0,25,23
RDH1;TXA2tr,0,1,26,22
RDH1;TXB2c,0,1,26,22
RDH1;TXB2r,0,1,26,22
RDH1;TXB2tr,0,1,26,22
RDH1;UDPGD,1,0,25,23
RDH1;UDPGLCAter,1,0,25,23
RDH1;UPP3S,1,0,25,23
RDH1;UPPDC1,1,0,25,23
RDH1a;THFtm,1,0,25,23
RDH1a;UDPGD,1,0,25,23
RDH1a;UDPGLCAter,1,0,25,23
RDH1a;UPP3S,1,0,25,23
RDH1a;UPPDC1,1,0,25,23
RND213;SUCOAS1m,0,1,26,22
RPE;RPI,7,3,19,20
RPE;SQOR2m,3,0,23,23
RPE;SQORm,3,0,23,23
RPE;TALA,7,2,19,21
RPE;TPI,1,0,25,23
RPE;TSCTS,3,0,23,23
RPE;TSULt4_3,3,0,23,23
RPE;UAG2EMAi,1,0,25,23
RPE;UDPG4E,1,1,25,22
RPE;UDPGALtg,1,1,25,22
RPE;UGALGTg,0,1,26,22
RPI;SQOR2m,3,0,23,23
RPI;SQORm,3,0,23,23
RPI;SUCCACONtm,1,0,25,23
RPI;SUCOAS1m,1,0,25,23
RPI;TALA,7,3,19,20
RPI;THRA,1,3,25,20
RPI;TKT1,7,3,19,20
RPI;TKT2,7,3,19,20
RPI;TPI,1,1,25,22
RPI;TSCTS,3,0,23,23
RPI;TSULt4_3,3,0,23,23
RPI;TXA2tr,0,1,26,22
RPI;TXB2c,0,1,26,22
RPI;TXB2r,0,1,26,22
RPI;TXB2tr,0,1,26,22
RPI;UACGAMUMPtr,13,13,13,10
RPI;UAG2EMAi,1,0,25,23
RPI;UAG4E,13,13,13,10
RPI;UAGDP,11,12,15,11
RPI;UDPG4E,1,1,25,22
RPI;UDPGALtg,1,1,25,22
RPI;UDPGD,13,13,13,10
RPI;UDPGLCAtg,13,13,13,10
RPI;UDPGLDCg,13,13,13,10
RPI;UGALGTg,0,1,26,22
RPI;UGALNACter,13,13,13,10
RPI;UGLCNACtg,13,12,13,11
RPIr;UACGAMUMPtr,3,0,23,23
RPIr;UAG4E,3,0,23,23
RPIr;UAGDP,3,0,23,23
RPIr;UDPGD,3,0,23,23
RPIr;UDPGLCAtg,3,0,23,23
RPIr;UDPGLDCg,3,0,23,23
RPIr;UGALNACter,3,0,23,23
RPIr;UGLCNACtg,3,0,23,23
RTOT1;RTOT4,0,1,26,22
RTOT1;R_group_phosphotase_1,0,1,26,22
RTOT3;RTOT5,3,0,23,23
RTOT4;RTOT5,8,1,18,22
RTOTALCRNCPT1;ARTFR41,0,1,26,22
RTOTALCRNCPT1;ARTPLM1m,0,1,26,22
RTOTALCRNCPT1;RTOT4,0,1,26,22
RTOTALCRNCPT2;ARTFR41,0,1,26,22
RTOTALCRNCPT2;ARTPLM1m,0,1,26,22
RTOTALCRNCPT2;RTOT4,0,1,26,22
RTOTALCRNt;ARTFR41,0,1,26,22
RTOTALCRNt;ARTPLM1m,0,1,26,22
RTOTALCRNt;RTOT4,0,1,26,22
RU5Ptr;UACGAMUMPtr,3,0,23,23
RU5Ptr;UAG4E,3,0,23,23
RU5Ptr;UAGDP,3,0,23,23
RU5Ptr;UDPGD,3,0,23,23
RU5Ptr;UDPGLCAtg,3,0,23,23
RU5Ptr;UDPGLDCg,3,0,23,23
RU5Ptr;UGALNACter,3,0,23,23
RU5Ptr;UGLCNACtg,3,0,23,23
S23T3g;ST3GAL31g,0,1,26,22
S23T3g;UGCGc,1,1,25,22
S6T10g;ST3GAL31g,0,1,26,22
S6T10g;UGCGc,1,1,25,22
S6T11g;ST3GAL31g,0,1,26,22
S6T11g;UGCGc,1,1,25,22
S6T12g;ST3GAL31g,0,1,26,22
S6T12g;UGCGc,1,1,25,22
S6T13g;ST3GAL31g,0,1,26,22
S6T13g;UGCGc,1,1,25,22
S6T14g;ST3GAL31g,0,1,26,22
S6T14g;UGCGc,1,1,25,22
S6T15g;ST3GAL31g,0,1,26,22
S6T15g;UGCGc,1,1,25,22
S6T4g;ST3GAL31g,0,1,26,22
S6T4g;UGCGc,1,1,25,22
S6T5g;ST3GAL31g,0,1,26,22
S6T5g;UGCGc,1,1,25,22
S6T6g;ST3GAL31g,0,1,26,22
S6T6g;UGCGc,1,1,25,22
S6T7g;ST3GAL31g,0,1,26,22
S6T7g;UGCGc,1,1,25,22
S6T8g;ST3GAL31g,0,1,26,22
S6T8g;UGCGc,1,1,25,22
S6T9g;ST3GAL31g,0,1,26,22
S6T9g;UGCGc,1,1,25,22
S6TASE24ly;R_group_phosphotase_1,0,1,26,22
S6TASE24ly;UAG2EMAi,1,0,25,23
SACCD4m;RTOT5,1,0,25,23
SACCD4m;TECR180,1,0,25,23
SADT;R_group_phosphotase_1,0,1,26,22
SADT;ST3GAL31g,0,1,26,22
SADT;UAG2EMAi,1,0,25,23
SADT;UAGDP,1,0,25,23
SADT;UGCGc,1,1,25,22
SARCOXp;ARTFR52,1,0,25,23
SARCOXp;RTOT5,1,0,25,23
SARCOXp;TECR200,1,0,25,23
SARCOXp;TECR220,1,0,25,23
SARCOXp;TECR240,1,0,25,23
SARCOXp;TECR260,1,0,25,23
SARCStm;ARTFR52,1,0,25,23
SARCStm;RTOT5,1,0,25,23
SARCStm;TECR200,1,0,25,23
SARCStm;TECR220,1,0,25,23
SARCStm;TECR240,1,0,25,23
SARCStm;TECR260,1,0,25,23
SARCStp;ARTFR52,1,0,25,23
SARCStp;RTOT5,1,0,25,23
SARCStp;TECR200,1,0,25,23
SARCStp;TECR220,1,0,25,23
SARCStp;TECR240,1,0,25,23
SARCStp;TECR260,1,0,25,23
SBTD_D2;TPI,2,0,24,23
SBTR;TPI,2,0,24,23
SE10;TRDR,0,2,26,21
SE4;ARTFR52,0,1,26,22
SE4;RTOT5,0,1,26,22
SE4;TECR200,0,1,26,22
SE4;TECR220,0,1,26,22
SE4;TECR240,0,1,26,22
SE4;TECR260,0,1,26,22
SERALANaEx;SERt4,3,2,23,21
SERALANaEx;SERtN1,0,1,26,22
SERATB0tc;SERt4,0,1,26,22
SERCYSNaEx;SERt4,2,1,24,22
SERTm;SFGTH,0,1,26,22
SERTm;SMOX,0,1,26,22
SERTm;SPRMS,0,1,26,22
SERTm;THR3Dx,0,1,26,22
SERTm;URCN,0,2,26,21
SERt4;SERTHRNaEx,2,0,24,23
SERt4;URCN,0,1,26,22
SFGTH;ARTFR52,1,0,25,23
SFGTH;RTOT5,1,0,25,23
SFGTH;TECR200,1,0,25,23
SFGTH;TECR220,1,0,25,23
SFGTH;TECR240,1,0,25,23
SFGTH;TECR260,1,0,25,23
SFGTH;THRA,1,0,25,23
SMPD4;ARTFR52,2,0,24,23
SMPD4;TECR200,2,0,24,23
SMPD4;TECR220,2,0,24,23
SMPD4;TECR240,2,0,24,23
SMPD4;TECR260,2,0,24,23
SO3AKGtm;SSALym,0,1,26,22
SO3AKGtm;SUCOAS1m,0,1,26,22
SO3AKGtm;UDPGD,0,1,26,22
SO3AKGtm;UPP3S,0,1,26,22
SO3AKGtm;UPPDC1,0,1,26,22
SO3MALtm;SSALym,0,1,26,22
SO3MALtm;SUCOAS1m,0,1,26,22
SO3MALtm;UDPGD,0,1,26,22
SO3MALtm;UPP3S,0,1,26,22
SO3MALtm;UPPDC1,0,1,26,22
SO4AKGtm;THR3Dx,0,1,26,22
SO4MALtm;THR3Dx,0,1,26,22
SO4tl;R_group_phosphotase_1,0,1,26,22
SO4tl;UAG2EMAi,1,0,25,23
SOAT3;ARTFR52,0,1,26,22
SOAT3;RTOT5,0,1,26,22
SOAT3;TECR200,0,1,26,22
SOAT3;TECR220,0,1,26,22
SOAT3;TECR240,0,1,26,22
SOAT3;TECR260,0,1,26,22
SOAT6;TRDR,0,2,26,21
SPHK21c;ARTFR52,2,0,24,23
SPHK21c;TECR200,2,0,24,23
SPHK21c;TECR220,2,0,24,23
SPHK21c;TECR240,2,0,24,23
SPHK21c;TECR260,2,0,24,23
SPHMDAc;ARTFR52,2,0,24,23
SPHMDAc;TECR200,2,0,24,23
SPHMDAc;TECR220,2,0,24,23
SPHMDAc;TECR240,2,0,24,23
SPHMDAc;TECR260,2,0,24,23
SPHS1Pte;ARTFR52,2,0,24,23
SPHS1Pte;TECR200,2,0,24,23
SPHS1Pte;TECR220,2,0,24,23
SPHS1Pte;TECR240,2,0,24,23
SPHS1Pte;TECR260,2,0,24,23
SQOR2m;TALA,3,0,23,23
SQOR2m;TKT1,3,0,23,23
SQOR2m;TKT2,3,0,23,23
SQORm;TALA,3,0,23,23
SQORm;TKT1,3,0,23,23
SQORm;TKT2,3,0,23,23
SSALym;SUCCACONtm,1,0,25,23
SSALym;SUCCICITtm,2,0,24,23
SSALym;SUCCt4_2,1,1,25,22
ST3GAL31g;UDPDOLPT,0,1,26,22
SUCCACONtm;SUCCICITtm,2,1,24,22
SUCCACONtm;THR3Dx,0,1,26,22
SUCCACONtm;TPI,1,0,25,23
SUCCICITtm;SUCCt4_2,1,0,25,23
SUCCICITtm;THRA,1,0,25,23
SUCCICITtm;UDPGD,1,0,25,23
SUCCICITtm;UPP3S,1,0,25,23
SUCCICITtm;UPPDC1,1,0,25,23
SUCCt4_2;SUCCt4_3,8,1,18,22
SUCCt4_2;UDPGD,1,0,25,23
SUCCt4_2;UDPGLCAter,1,0,25,23
SUCCt4_2;UPP3S,1,0,25,23
SUCCt4_2;UPPDC1,1,0,25,23
SUCOAS1m;THRA,0,1,26,22
SUCOAS1m;TYROX,0,1,26,22
SUCOAS1m;TYRTA,0,1,26,22
SUCOAS1m;UDPGD,0,2,26,21
SUCOAS1m;UDPGLCAter,0,2,26,21
SUCOAS1m;UPP3S,0,2,26,21
SUCOAS1m;UPPDC1,0,2,26,21
Ser/Thrtg;R_group_phosphotase_1,0,1,26,22
Ser/Thrtg;UAG2EMAi,1,0,25,23
TALA;TKT1,7,2,19,21
TALA;TKT2,7,2,19,21
TALA;TPI,1,0,25,23
TALA;TSCTS,3,0,23,23
TALA;TSULt4_3,3,0,23,23
TALA;UAG2EMAi,1,0,25,23
TALA;UDPG4E,1,0,25,23
TALA;UDPGALtg,1,0,25,23
TAURCHAe;UAGDP,1,0,25,23
TD2GLTRCOAm;RTOT5,1,0,25,23
TD2GLTRCOAm;TECR180,1,0,25,23
TECR180;ARTFR33,8,0,18,23
TECR180;ARTFR43,7,0,19,23
TECR180;RTOT3,8,0,18,23
TECR180;RTOT4,6,0,20,23
TECR180;TECR181,15,0,11,23
TECR180;THFtm,1,0,25,23
TECR180;TRDR,0,3,26,20
TECR181;RTOT5,1,0,25,23
TECR200;ARTFR42,0,1,26,22
TECR200;ARTFR45,4,0,22,23
TECR200;ARTFR56,2,0,24,23
TECR200;RTOT4,5,1,21,22
TECR200;R_group_phosphotase_1,2,0,24,23
TECR200;TECR201,6,0,20,23
TECR200;TECR221,6,0,20,23
TECR200;TECR224,2,0,24,23
TECR200;TECR241,6,0,20,23
TECR200;TECR244,2,0,24,23
TECR200;TTCTECOAtr,2,0,24,23
TECR200;UAGDP,2,0,24,23
TECR200;UDPG4E,2,0,24,23
TECR200;UDPGALtg,2,0,24,23
TECR200;UGCGc,2,0,24,23
TECR201;ARTFR52,6,0,20,23
TECR201;RTOT5,4,0,22,23
TECR201;TECR220,6,0,20,23
TECR201;TECR240,6,0,20,23
TECR201;TECR260,6,0,20,23
TECR201;TRDR,0,3,26,20
TECR2031;THRA,2,0,24,23
TECR2031;TXA2tr,1,0,25,23
TECR2031;TXB2c,1,0,25,23
TECR2031;TXB2r,1,0,25,23
TECR2031;TXB2tr,1,0,25,23
TECR220;ARTFR42,0,1,26,22
TECR220;ARTFR45,4,0,22,23
TECR220;ARTFR56,2,0,24,23
TECR220;RTOT4,5,1,21,22
TECR220;R_group_phosphotase_1,2,0,24,23
TECR220;TECR221,6,0,20,23
TECR220;TECR224,2,0,24,23
TECR220;TECR241,6,0,20,23
TECR220;TECR244,2,0,24,23
TECR220;TTCTECOAtr,2,0,24,23
TECR220;UAGDP,2,0,24,23
TECR220;UDPG4E,2,0,24,23
TECR220;UDPGALtg,2,0,24,23
TECR220;UGCGc,2,0,24,23
TECR221;ARTFR52,6,0,20,23
TECR221;RTOT5,4,0,22,23
TECR221;TECR240,6,0,20,23
TECR221;TECR260,6,0,20,23
TECR221;TRDR,0,3,26,20
TECR224;ARTFR52,2,0,24,23
TECR224;TECR240,2,0,24,23
TECR224;TECR260,2,0,24,23
TECR240;ARTFR42,0,1,26,22
TECR240;ARTFR45,4,0,22,23
TECR240;ARTFR56,2,0,24,23
TECR240;RTOT4,5,1,21,22
TECR240;R_group_phosphotase_1,2,0,24,23
TECR240;TECR241,6,0,20,23
TECR240;TECR244,2,0,24,23
TECR240;TTCTECOAtr,2,0,24,23
TECR240;UAGDP,2,0,24,23
TECR240;UDPG4E,2,0,24,23
TECR240;UDPGALtg,2,0,24,23
TECR240;UGCGc,2,0,24,23
TECR241;ARTFR52,6,0,20,23
TECR241;RTOT5,4,0,22,23
TECR241;TECR260,6,0,20,23
TECR241;TRDR,0,3,26,20
TECR244;ARTFR52,2,0,24,23
TECR244;TECR260,2,0,24,23
TECR260;ARTFR42,0,1,26,22
TECR260;ARTFR45,4,0,22,23
TECR260;ARTFR56,2,0,24,23
TECR260;RTOT4,5,1,21,22
TECR260;R_group_phosphotase_1,2,0,24,23
TECR260;TTCTECOAtr,2,0,24,23
TECR260;UAGDP,2,0,24,23
TECR260;UDPG4E,2,0,24,23
TECR260;UDPGALtg,2,0,24,23
TECR260;UGCGc,2,0,24,23
THDm;THFtm,0,1,26,22
THDm;THR3Dx,0,4,26,19
THDm;TXA2tr,0,1,26,22
THDm;TXB2c,0,1,26,22
THDm;TXB2r,0,1,26,22
THDm;TXB2tr,0,1,26,22
THFt2;RNAdeg,0,2,26,21
THFt2;THFtm,1,1,25,22
THFtm;THR3Dx,0,1,26,22
THFtm;THRA,2,0,24,23
THFtm;THRtm,0,1,26,22
THFtm;TXA2tr,1,1,25,22
THFtm;TXB2c,1,1,25,22
THFtm;TXB2r,1,1,25,22
THFtm;TXB2tr,1,1,25,22
THFtm;UAGDP,1,0,25,23
THFtm;UDPGD,1,0,25,23
THFtm;UPP3S,1,0,25,23
THFtm;UPPDC1,1,0,25,23
THFtm;URCN,0,2,26,21
THR3Dx;THRtm,0,4,26,19
THRA;ACITLn,5,0,21,23
THRA;ADPtn,5,0,21,23
THRA;CITtn,5,0,21,23
THRA;OAAtn,5,0,21,23
THRA;UDPGD,0,2,26,21
THRA;UDPGLCAter,0,2,26,21
THRA;UPP3S,0,2,26,21
THRA;UPPDC1,0,2,26,21
THRA;URATEt,0,1,26,22
THRA;URIK2,1,0,25,23
THRA;URPT,1,1,25,22
THRA;XAO,0,1,26,22
THRALANaEx;THRt4,5,1,21,22
THRATB0tc;THRt4,0,4,26,19
THRCYSNaEx;THRt4,6,0,20,23
THRtm;TXA2tr,0,1,26,22
THRtm;TXB2c,0,1,26,22
THRtm;TXB2r,0,1,26,22
THRtm;TXB2tr,0,1,26,22
THYPX;UAGDP,1,0,25,23
TKT1;TPI,1,0,25,23
TKT1;TSCTS,3,0,23,23
TKT1;TSULt4_3,3,0,23,23
TKT1;UAG2EMAi,1,0,25,23
TKT1;UDPG4E,1,1,25,22
TKT1;UDPGALtg,1,1,25,22
TKT1;UGALGTg,0,1,26,22
TKT2;TPI,1,0,25,23
TKT2;TSCTS,3,0,23,23
TKT2;TSULt4_3,3,0,23,23
TKT2;UAG2EMAi,1,0,25,23
TKT2;UDPG4E,1,1,25,22
TKT2;UDPGALtg,1,1,25,22
TKT2;UGALGTg,0,1,26,22
TPI;ACITLn,1,0,25,23
TPI;ADPtn,1,0,25,23
TPI;CITtn,1,0,25,23
TPI;OAAtn,1,0,25,23
TRDOXtm;TRDR,0,1,26,22
TRDR;TRDRDtm,0,1,26,22
TRDR;TRDRm,0,1,26,22
TRIODTHYSUFt;UAGDP,1,0,25,23
TRIODTHYSULT;UAGDP,1,0,25,23
TRPATB0tc;TRPt4,0,5,26,18
TTCTECOAtr;ARTFR52,2,0,24,23
TXA2tr;ACITLn,1,0,25,23
TXA2tr;ADPtn,1,0,25,23
TXA2tr;CITtn,1,0,25,23
TXA2tr;OAAtn,1,0,25,23
TXA2tr;UAGDP,1,0,25,23
TXA2tr;UGLCNACtg,1,0,25,23
TXB2c;ACITLn,1,0,25,23
TXB2c;ADPtn,1,0,25,23
TXB2c;CITtn,1,0,25,23
TXB2c;OAAtn,1,0,25,23
TXB2c;UAGDP,1,0,25,23
TXB2c;UGLCNACtg,1,0,25,23
TXB2r;ACITLn,1,0,25,23
TXB2r;ADPtn,1,0,25,23
TXB2r;CITtn,1,0,25,23
TXB2r;OAAtn,1,0,25,23
TXB2r;UAGDP,1,0,25,23
TXB2r;UGLCNACtg,1,0,25,23
TXB2tr;ACITLn,1,0,25,23
TXB2tr;ADPtn,1,0,25,23
TXB2tr;CITtn,1,0,25,23
TXB2tr;OAAtn,1,0,25,23
TXB2tr;UAGDP,1,0,25,23
TXB2tr;UGLCNACtg,1,0,25,23
TYRATB0tc;TYRt4,0,5,26,18
UACGAMUMPtr;UAG2EMAi,1,0,25,23
UACGAMUMPtr;UDPG4E,1,0,25,23
UACGAMUMPtr;UDPGALtg,1,0,25,23
UAG2EMAi;UAG4E,1,0,25,23
UAG2EMAi;UDPACGALtl,1,0,25,23
UAG2EMAi;UDPGD,2,0,24,23
UAG2EMAi;UDPGLCAtg,1,0,25,23
UAG2EMAi;UDPGLDCg,1,0,25,23
UAG2EMAi;UDPtl,1,0,25,23
UAG2EMAi;UGALNACter,1,0,25,23
UAG2EMAi;UGALNACtg,1,0,25,23
UAG2EMAi;UGLCNACtg,3,0,23,23
UAG2EMAi;UROLACer,1,0,25,23
UAG4E;UDPG4E,1,0,25,23
UAG4E;UDPGALtg,1,0,25,23
UAG4E;UGLCNACtg,4,0,22,23
UAGDP;ARTFR52,2,0,24,23
UAGDP;RTOT5,2,0,24,23
UAGDP;R_group_phosphotase_1,0,2,26,21
UAGDP;URATEt,1,1,25,22
UAGDP;XAO,1,1,25,22
UDPACGALtl;R_group_phosphotase_1,0,1,26,22
UDPDOLPT;UGCGc,1,1,25,22
UDPG4E;ARTFR52,2,0,24,23
UDPG4E;RTOT5,2,0,24,23
UDPG4E;R_group_phosphotase_1,0,1,26,22
UDPG4E;UDPGD,1,0,25,23
UDPG4E;UDPGLCAtg,1,0,25,23
UDPG4E;UDPGLDCg,1,0,25,23
UDPG4E;UGALNACter,1,0,25,23
UDPG4E;UGLCNACtg,1,0,25,23
UDPGALtg;ARTFR52,2,0,24,23
UDPGALtg;RTOT5,2,0,24,23
UDPGALtg;R_group_phosphotase_1,0,1,26,22
UDPGALtg;UDPGD,1,0,25,23
UDPGALtg;UDPGLCAtg,1,0,25,23
UDPGALtg;UDPGLDCg,1,0,25,23
UDPGALtg;UGALNACter,1,0,25,23
UDPGALtg;UGLCNACtg,1,0,25,23
UDPGCURtr;UDPGLCAter,0,1,26,22
UDPGD;R_group_phosphotase_1,0,1,26,22
UDPGLCAter;UMPtr,0,1,26,22
UDPtl;R_group_phosphotase_1,0,1,26,22
UGALNACtg;R_group_phosphotase_1,0,1,26,22
UGALNACtg;UGLCNACtg,4,0,22,23
UGCGc;ARTFR52,2,0,24,23
UGCGc;RTOT5,2,0,24,23
UGCGc;UGLCNACtg,2,0,24,23
UGLCNACtg;R_group_phosphotase_1,0,1,26,22
UGLCNACtg;URATEt,0,1,26,22
UGLCNACtg;XAO,0,1,26,22
UGT1A10r;UGT1A2r,0,1,26,22
UMPK3;UMPK6,0,1,26,22
UMPK4;UMPK5,0,1,26,22
UMPK5;UMPK6,1,0,25,23
UMPK;UMPK4,1,0,25,23
UREAt;UREAt5,1,0,25,23
UROLACer;R_group_phosphotase_1,0,1,26,22
VALATB0tc;VALt4,0,4,26,19
VALLAT1tc;VALt4,0,3,26,20
VALt4;VALtec,0,2,26,21
q10h2tc;TPI,1,0,25,23
q10tm;TPI,1,0,25,23
