DoubleLethal,Counts in Normal,Counts in Cancer,Not SL in Normal,Not SL in Cancer
10FTHFtm;GLUDym,1,0,22,25
10FTHFtm;GLUt2e,0,1,23,24
10FTHFtm;MTHFC,1,1,22,24
10FTHFtm;MTHFD,0,1,23,24
10FTHFtm;MTHFD2,1,0,22,25
12HPETATP;15HPETATP,0,1,23,24
12HPETATP;ALOX15,0,1,23,24
15HPETATP;ALOX12,0,1,23,24
15HPETATP;G6Pter,0,1,23,24
15HPETATP;Htr,0,1,23,24
15HPETATP;NADPHtru,1,0,22,25
15HPETATP;NADPtru,1,0,22,25
1a25DHVITD3TRn;25HVITD3tm,0,2,23,23
1a25DHVITD3TRn;ACOAD8m,0,1,23,24
1a25DHVITD3TRn;ARTFR12,0,1,23,24
1a25DHVITD3TRn;C161CPT1,0,1,23,24
1a25DHVITD3TRn;CACT4r,0,1,23,24
1a25DHVITD3TRn;CCA_D3t,0,2,23,23
1a25DHVITD3TRn;CCA_D3tm,0,2,23,23
1a25DHVITD3TRn;COAtr,0,1,23,24
1a25DHVITD3TRn;DESAT16_1,0,1,23,24
1a25DHVITD3TRn;DHRT_ivcoa,0,1,23,24
1a25DHVITD3TRn;DLD,0,1,23,24
1a25DHVITD3TRn;LEUTAm,0,1,23,24
1a25DHVITD3TRn;LEUt5m,0,1,23,24
1a25DHVITD3TRn;MCCCm,0,1,23,24
1a25DHVITD3TRn;MGCHrm,0,1,23,24
1a25DHVITD3TRn;MOD_3mhop,0,1,23,24
1a25DHVITD3TRn;NADHtru,0,1,23,24
1a25DHVITD3TRn;NADtru,0,1,23,24
1a25DHVITD3TRn;NH4t3r,0,1,23,24
1a25DHVITD3TRn;PLMCOAPTr,0,1,23,24
1a25DHVITD3TRn;PMTCOAFABP1tc,0,1,23,24
25HVITD3c;25HVITD3tm,0,2,23,23
25HVITD3c;ACOAD8m,0,1,23,24
25HVITD3c;ARTFR12,0,1,23,24
25HVITD3c;C161CPT1,0,1,23,24
25HVITD3c;CACT4r,0,1,23,24
25HVITD3c;CCA_D3t,0,2,23,23
25HVITD3c;CCA_D3tm,0,2,23,23
25HVITD3c;COAtr,0,1,23,24
25HVITD3c;DESAT16_1,0,1,23,24
25HVITD3c;DHRT_ivcoa,0,1,23,24
25HVITD3c;DLD,0,1,23,24
25HVITD3c;LEUTAm,0,1,23,24
25HVITD3c;LEUt5m,0,1,23,24
25HVITD3c;MCCCm,0,1,23,24
25HVITD3c;MGCHrm,0,1,23,24
25HVITD3c;MOD_3mhop,0,1,23,24
25HVITD3c;NADHtru,0,1,23,24
25HVITD3c;NADtru,0,1,23,24
25HVITD3c;NH4t3r,0,1,23,24
25HVITD3c;PLMCOAPTr,0,1,23,24
25HVITD3c;PMTCOAFABP1tc,0,1,23,24
25HVITD3t;3M2OPLOXRD,0,1,23,24
25HVITD3t;ACOAD10m,0,1,23,24
25HVITD3t;DHRT_2mbcoa,0,1,23,24
25HVITD3t;ILETAm,0,1,23,24
25HVITD3t;ILEt5m,0,1,23,24
25HVITD3t;TIGGLYc,0,1,23,24
25HVITD3t;TIGGLYte,0,1,23,24
25HVITD3t;TIGGLYtm,0,1,23,24
25HVITD3tm;AACOAT_1,0,1,23,24
25HVITD3tm;ACACPYRtm,0,1,23,24
25HVITD3tm;ACACtx,0,1,23,24
25HVITD3tm;ACOD,0,1,23,24
25HVITD3tm;ADK1m,0,1,23,24
25HVITD3tm;CITMCOAHm,0,1,23,24
25HVITD3tm;CITMCOALm,0,1,23,24
25HVITD3tm;COAtp,0,1,23,24
25HVITD3tm;CRNCARtp,0,1,23,24
25HVITD3tm;CSNATp,0,1,23,24
25HVITD3tm;GLUt2m,0,1,23,24
25HVITD3tm;HCO3_NAt,0,1,23,24
25HVITD3tm;HMGCOAtx,0,1,23,24
25HVITD3tm;HMGLx,0,1,23,24
25HVITD3tm;ICDHyrm,0,1,23,24
25HVITD3tm;ITCOALm,0,1,23,24
25HVITD3tm;NADH2_u10m,0,1,23,24
25HVITD3tm;OXALSUCCCLm,0,1,23,24
25HVITD3tm;PPAm,0,1,23,24
2AMACHYD;CAT,0,2,23,23
2AMACSULT;CAT,0,1,23,24
2AMACSULT;CYSGLTH,1,0,22,25
2AMACSULT;CYSRED,1,0,22,25
2AMACSULT;GTHP,1,0,22,25
2AOBUTtm;FE2tm,1,0,22,25
2AOBUTtm;FE3tm,1,0,22,25
2AOBUTtm;FECR,1,0,22,25
2AOBUTtm;FTMTm,1,0,22,25
2MCITt;ACOD,0,1,23,24
2MCITt;ACONTa,0,2,23,23
2MCITt;ACONTam,0,1,23,24
2MCITt;AKGACONtm,0,1,23,24
2MCITt;ASPGLUm,0,1,23,24
2MCITt;ASPTA,0,1,23,24
2MCITt;ASPTAm,0,1,23,24
2MCITt;CITMCOAHm,0,1,23,24
2MCITt;CITMCOALm,0,1,23,24
2MCITt;CITRt2m,0,2,23,23
2MCITt;CITRtm,0,2,23,23
2MCITt;CITt4_3,0,1,23,24
2MCITt;CO2tm,0,1,23,24
2MCITt;CSm,0,1,23,24
2MCITt;CYSGLYex,0,1,23,24
2MCITt;ENO,0,1,23,24
2MCITt;GAPD,0,1,23,24
2MCITt;HCO3tm,0,1,23,24
2MCITt;ICDHyrm,0,1,23,24
2MCITt;ITCOALm,0,1,23,24
2MCITt;LDH_L,0,1,23,24
2MCITt;L_LACt2r,0,1,23,24
2MCITt;MALACONtm,0,1,23,24
2MCITt;MDHm,0,1,23,24
2MCITt;OXALSUCCCLm,0,1,23,24
2MCITt;PGK,0,1,23,24
2MCITt;PGM,0,1,23,24
2MCITt;PYK7,0,1,23,24
2MCITt;PYRtm,0,1,23,24
2MCITt;TPI,0,1,23,24
2OBUTt2m;AKGBUTte,1,0,22,25
2OBUTt2m;AKGSUCCtm,1,0,22,25
2OBUTt2m;BUTt2r,1,0,22,25
2OBUTt2m;GLUDxm,1,0,22,25
2OBUTt2m;GLUt2m,1,0,22,25
2OBUTt2m;IMAGH,1,0,22,25
2OBUTt2m;NACDe,1,0,22,25
2OBUTt2m;NACPRT,1,0,22,25
2OBUTt2m;NADH2_u10m,1,0,22,25
2OBUTt2m;NCAMDe,1,0,22,25
2OBUTt2m;NMNDA,1,0,22,25
2OBUTt2m;NMNS,1,0,22,25
2OBUTt2m;PIMALtm,1,0,22,25
2OBUTt2m;SO4AKGtm,1,0,22,25
2OBUTt2m;SO4MALtm,1,0,22,25
2OBUTtm;AKGBUTte,1,0,22,25
2OBUTtm;AKGSUCCtm,1,0,22,25
2OBUTtm;BUTt2r,1,0,22,25
2OBUTtm;GLUDxm,1,0,22,25
2OBUTtm;GLUt2m,1,0,22,25
2OBUTtm;IMAGH,1,0,22,25
2OBUTtm;MTHFC,0,1,23,24
2OBUTtm;MTHFD,0,1,23,24
2OBUTtm;NACDe,1,0,22,25
2OBUTtm;NACPRT,1,0,22,25
2OBUTtm;NADH2_u10m,1,0,22,25
2OBUTtm;NCAMDe,1,0,22,25
2OBUTtm;NMNDA,1,0,22,25
2OBUTtm;NMNS,1,0,22,25
2OBUTtm;PIMALtm,1,0,22,25
2OBUTtm;SO4AKGtm,1,0,22,25
2OBUTtm;SO4MALtm,1,0,22,25
335TRITHYRt5e;CAT,0,1,23,24
34DHOXMANDte;FBA,0,1,23,24
34DHOXMANDte;HCO3_NAt,0,1,23,24
34DHOXMANDte;IMAGH,0,2,23,23
34DHOXMANDte;O2tm,1,0,22,25
34DHOXMANDte;PFK,0,1,23,24
34DHOXMANDte;PGI,0,1,23,24
34DHOXMANDte;SBTR,0,1,23,24
34DHOXMANDte;SBT_Dtde,0,1,23,24
34DHXMANDACOX;FBA,0,1,23,24
34DHXMANDACOX;PFK,0,1,23,24
34DHXMANDACOX;PGI,0,1,23,24
34DHXMANDACOXy;O2tm,1,0,22,25
34HPLFM;4MPTNLte,1,0,22,25
34HPLFM;4MPTNLtm,1,0,22,25
34HPLFM;ACGAM6PSi,0,1,23,24
34HPLFM;ACGAMPM,0,1,23,24
34HPLFM;ACONTa,0,1,23,24
34HPLFM;ACONTb,0,1,23,24
34HPLFM;AKGACONtm,0,1,23,24
34HPLFM;ATPtm,0,1,23,24
34HPLFM;CHSTEROLt2,1,0,22,25
34HPLFM;CITt4_3,0,1,23,24
34HPLFM;CYOOm2,3,1,20,24
34HPLFM;CYOR_u10m,3,1,20,24
34HPLFM;DHFR,1,0,22,25
34HPLFM;DHFRx,1,0,22,25
34HPLFM;DHFtm,1,0,22,25
34HPLFM;GF6PTA,0,1,23,24
34HPLFM;GLUt2m,0,1,23,24
34HPLFM;H2O2t,1,0,22,25
34HPLFM;HSD3B11,1,0,22,25
34HPLFM;ICITACONtm,0,1,23,24
34HPLFM;MTHFC,0,1,23,24
34HPLFM;MTHFD,0,1,23,24
34HPLFM;P45011A1m,1,0,22,25
34HPLFM;PE_HStm,2,0,21,25
34HPLFM;PRGNLONEtm,1,0,22,25
34HPLFM;PRGSTRNt,1,0,22,25
34HPLFM;PSDm_hs,2,0,21,25
34HPLFM;PSFLIPm,2,0,21,25
34HPLFM;THFtm,1,0,22,25
34HPLFM;THRA,1,0,22,25
34HPLFM;UAGDP,0,1,23,24
34HPPte;NACDe,1,0,22,25
34HPPte;NACPRT,1,0,22,25
34HPPte;NCAMDe,1,0,22,25
34HPPte;NMNDA,1,0,22,25
34HPPte;NMNS,1,0,22,25
34HPPte;PIt2m_2,3,0,20,25
34HPPte;TYRTA,1,0,22,25
3DPHBH1;CYOOm2,3,0,20,25
3DPHBH1;CYOR_u10m,3,0,20,25
3DPHBH1;H2O2t,1,0,22,25
3DPHBH1;THRA,1,0,22,25
3DPHBH2;4MPTNLte,1,0,22,25
3DPHBH2;4MPTNLtm,1,0,22,25
3DPHBH2;ACGAM6PSi,0,1,23,24
3DPHBH2;ACGAMPM,0,1,23,24
3DPHBH2;ACONTa,0,1,23,24
3DPHBH2;ACONTb,0,1,23,24
3DPHBH2;AKGACONtm,0,1,23,24
3DPHBH2;ATPtm,0,1,23,24
3DPHBH2;CHSTEROLt2,1,0,22,25
3DPHBH2;CITt4_3,0,1,23,24
3DPHBH2;CYOOm2,0,1,23,24
3DPHBH2;CYOR_u10m,0,1,23,24
3DPHBH2;DHFR,1,0,22,25
3DPHBH2;DHFRx,1,0,22,25
3DPHBH2;DHFtm,1,0,22,25
3DPHBH2;GF6PTA,0,1,23,24
3DPHBH2;GLUt2m,0,1,23,24
3DPHBH2;HSD3B11,1,0,22,25
3DPHBH2;ICITACONtm,0,1,23,24
3DPHBH2;MTHFC,0,1,23,24
3DPHBH2;MTHFD,0,1,23,24
3DPHBH2;P45011A1m,1,0,22,25
3DPHBH2;PE_HStm,2,0,21,25
3DPHBH2;PRGNLONEtm,1,0,22,25
3DPHBH2;PRGSTRNt,1,0,22,25
3DPHBH2;PSDm_hs,2,0,21,25
3DPHBH2;PSFLIPm,2,0,21,25
3DPHBH2;THFtm,1,0,22,25
3DPHBH2;UAGDP,0,1,23,24
3HAD100m;ACACT1rm,1,0,22,25
3HAD100m;BUTt2m,1,2,22,23
3HAD100m;FA40ACPH,1,2,22,23
3HAD100m;FACOAL40im,1,2,22,23
3HAD140m;ACACT1rm,1,0,22,25
3HAD140m;BUTt2m,1,2,22,23
3HAD140m;FA40ACPH,1,2,22,23
3HAD140m;FACOAL40im,1,2,22,23
3HAD224n6p;3HAD241n9p,0,1,23,24
3HAD224n6p;ACOAD241n9p,0,1,23,24
3HAD224n6p;ACOATE204,0,1,23,24
3HAD224n6p;DESAT18_1,0,1,23,24
3HAD224n6p;ESTRADIOLtr,0,1,23,24
3HAD224n6p;ESTRONEtr,0,1,23,24
3HAD224n6p;FAE180,0,1,23,24
3HAD224n6p;FAE201,0,1,23,24
3HAD224n6p;FAE221,0,1,23,24
3HAD224n6p;FAE241,0,1,23,24
3HAD224n6p;HACD180,0,1,23,24
3HAD224n6p;HACD201,0,1,23,24
3HAD224n6p;HACD221,0,1,23,24
3HAD224n6p;HACD241,0,1,23,24
3HAD224n6p;HSD17B1,0,1,23,24
3HAD224n6p;HSD17B8r,0,1,23,24
3HAD224n6p;HSD180,0,1,23,24
3HAD224n6p;HSD201,0,1,23,24
3HAD224n6p;HSD221,0,1,23,24
3HAD224n6p;HSD241,0,1,23,24
3HAD224n6p;Htx,0,1,23,24
3HAD224n6p;LDH_L,0,1,23,24
3HAD224n6p;NRVNCCOAtr,0,1,23,24
3HAD224n6p;NRVNCCOAtxc,0,1,23,24
3HAD224n6p;PMTCOAFABP1tc,0,1,23,24
3HAD224n6p;PPA,0,2,23,23
3HAD224n6p;RPI,0,1,23,24
3HAD224n6p;TECR180,0,1,23,24
3HAD224n6p;TECR201,0,1,23,24
3HAD224n6p;TECR221,0,1,23,24
3HAD224n6p;TECR241,0,1,23,24
3HAD224n6p;TPI,0,1,23,24
3HAD241n9p;ACOAD225n3p,0,1,23,24
3HAD241n9p;ARACHDCOAtr,0,1,23,24
3HAD241n9p;DCSPTN1COAtr,0,1,23,24
3HAD241n9p;DCSPTN1COAtxc,0,1,23,24
3HAD241n9p;DDCI225n3p,0,1,23,24
3HAD241n9p;DECR226n3p,0,1,23,24
3HAD241n9p;DESAT22_1p,0,1,23,24
3HAD241n9p;FAE224,0,1,23,24
3HAD241n9p;G6PDH1rer,0,1,23,24
3HAD241n9p;G6PDH2rer,0,2,23,23
3HAD241n9p;G6Pter,0,2,23,23
3HAD241n9p;HACD224,0,1,23,24
3HAD241n9p;HSD224,0,1,23,24
3HAD241n9p;Htr,0,6,23,19
3HAD241n9p;NADPHtru,1,0,22,25
3HAD241n9p;NADPHtxu,0,1,23,24
3HAD241n9p;NADPtru,1,0,22,25
3HAD241n9p;NADPtxu,0,1,23,24
3HAD241n9p;PIt8,0,1,23,24
3HAD241n9p;PPIPItr,0,1,23,24
3HAD241n9p;PPItr,0,1,23,24
3HAD241n9p;TECR224,0,1,23,24
3HAD60m;ACACT1rm,1,0,22,25
3HAD60m;BUTt2m,1,2,22,23
3HAD60m;FA40ACPH,1,2,22,23
3HAD60m;FACOAL40im,1,2,22,23
3HAD80m;ACACT1rm,1,0,22,25
3HAD80m;BUTt2m,1,2,22,23
3HAD80m;FA40ACPH,1,2,22,23
3HAD80m;FACOAL40im,1,2,22,23
3HDH100m;ACACT1rm,1,0,22,25
3HDH100m;BUTt2m,1,2,22,23
3HDH100m;FA40ACPH,1,2,22,23
3HDH100m;FACOAL40im,1,2,22,23
3HDH140m;ACACT1rm,1,0,22,25
3HDH140m;BUTt2m,1,2,22,23
3HDH140m;FA40ACPH,1,2,22,23
3HDH140m;FACOAL40im,1,2,22,23
3HDH224n6p;ESTRADIOLtr,0,1,23,24
3HDH224n6p;ESTRONEtr,0,1,23,24
3HDH224n6p;G6PDH2rer,0,1,23,24
3HDH224n6p;G6Pter,0,1,23,24
3HDH224n6p;HSD17B1,0,1,23,24
3HDH224n6p;HSD17B8r,0,1,23,24
3HDH224n6p;Htr,0,2,23,23
3HDH224n6p;LDH_L,0,1,23,24
3HDH224n6p;PPA,0,1,23,24
3HDH224n6p;RPI,0,1,23,24
3HDH224n6p;TPI,0,1,23,24
3HDH241n9p;G6PDH2rer,0,1,23,24
3HDH241n9p;G6Pter,0,1,23,24
3HDH241n9p;Htr,0,3,23,22
3HDH241n9p;NADPHtru,1,0,22,25
3HDH241n9p;NADPtru,1,0,22,25
3HDH60m;ACACT1rm,1,0,22,25
3HDH60m;BUTt2m,1,2,22,23
3HDH60m;FA40ACPH,1,2,22,23
3HDH60m;FACOAL40im,1,2,22,23
3HDH80m;ACACT1rm,1,0,22,25
3HDH80m;BUTt2m,1,2,22,23
3HDH80m;FA40ACPH,1,2,22,23
3HDH80m;FACOAL40im,1,2,22,23
3HLYTCL;3MLDAt,3,4,20,21
3HLYTCL;ARGCITRt2m,1,0,22,25
3HLYTCL;CITRHIStm,1,0,22,25
3HLYTCL;FBA,0,1,23,24
3HLYTCL;FE2tm,1,0,22,25
3HLYTCL;FE3tm,1,0,22,25
3HLYTCL;FECR,1,0,22,25
3HLYTCL;FTMTm,1,0,22,25
3HLYTCL;HCO3Em,1,0,22,25
3HLYTCL;HCO3_NAt,0,1,23,24
3HLYTCL;HCO3tm,1,0,22,25
3HLYTCL;HISDC,3,4,20,21
3HLYTCL;IMAGH,0,2,23,23
3HLYTCL;KCC2t,0,1,23,24
3HLYTCL;LYSARGtm,1,0,22,25
3HLYTCL;LYSHIStm,1,0,22,25
3HLYTCL;MACOXO,3,4,20,21
3HLYTCL;MHISOR,3,4,20,21
3HLYTCL;NKCC2t,1,0,22,25
3HLYTCL;O2tm,1,0,22,25
3HLYTCL;PFK,0,1,23,24
3HLYTCL;PGI,0,1,23,24
3HLYTCL;SAMHISTA,3,4,20,21
3HLYTCL;SBTR,0,1,23,24
3HLYTCL;SBT_Dtde,0,1,23,24
3M2OPLOXRD;7DHCHSTEROLtr,0,1,23,24
3M2OPLOXRD;ACACT1rm,1,0,22,25
3M2OPLOXRD;ACACt2m,1,0,22,25
3M2OPLOXRD;ACOAD8m,0,1,23,24
3M2OPLOXRD;ARTFR52,2,1,21,24
3M2OPLOXRD;ARTPLM1,0,1,23,24
3M2OPLOXRD;CYP2R1,0,1,23,24
3M2OPLOXRD;DHRT_ivcoa,0,1,23,24
3M2OPLOXRD;FAE200,2,1,21,24
3M2OPLOXRD;FAE220,2,1,21,24
3M2OPLOXRD;FAE240,2,1,21,24
3M2OPLOXRD;FAE260,2,1,21,24
3M2OPLOXRD;FBA,1,0,22,25
3M2OPLOXRD;G3PD2m,1,0,22,25
3M2OPLOXRD;G6PDH1rer,1,0,22,25
3M2OPLOXRD;G6PDH2rer,1,0,22,25
3M2OPLOXRD;H2Oter,1,0,22,25
3M2OPLOXRD;HACD200,2,1,21,24
3M2OPLOXRD;HACD220,2,1,21,24
3M2OPLOXRD;HACD240,2,1,21,24
3M2OPLOXRD;HACD260,2,1,21,24
3M2OPLOXRD;HCO3Em,0,1,23,24
3M2OPLOXRD;HEXCCOAtr,2,1,21,24
3M2OPLOXRD;HSD200,2,1,21,24
3M2OPLOXRD;HSD220,2,1,21,24
3M2OPLOXRD;HSD240,2,1,21,24
3M2OPLOXRD;HSD260,2,1,21,24
3M2OPLOXRD;LEUTAm,0,1,23,24
3M2OPLOXRD;LEUt5m,0,1,23,24
3M2OPLOXRD;MCCCm,0,1,23,24
3M2OPLOXRD;MGCHrm,0,1,23,24
3M2OPLOXRD;MOD_3mhop,0,1,23,24
3M2OPLOXRD;PFK2,1,0,22,25
3M2OPLOXRD;PGI,1,0,22,25
3M2OPLOXRD;PVD3,0,1,23,24
3M2OPLOXRD;RTOT5,2,1,21,24
3M2OPLOXRD;TECR200,2,1,21,24
3M2OPLOXRD;TECR220,2,1,21,24
3M2OPLOXRD;TECR240,2,1,21,24
3M2OPLOXRD;TECR260,2,1,21,24
3M2OPLOXRD;VD3,0,1,23,24
3MHISc;PE_HStm,1,0,22,25
3MHISc;PSDm_hs,1,0,22,25
3MHISc;PSFLIPm,1,0,22,25
3MHISt1;PHEt4,0,2,23,23
3MHISt2;ETHPL,1,0,22,25
3MHISt2;LEUt4,5,1,18,24
3MHISt2;PHEt4,1,0,22,25
3MHISt2;THRA,1,0,22,25
3MHISt3;LEUt4,1,0,22,25
3MHISt3;PHEt4,4,4,19,21
3MLDAt;DHPR,1,0,22,25
3MLDAt;THBPT4ACAMDASE,1,1,22,24
3MLDAt;TYR3MO2,1,1,22,24
3MLDAt;TYRDOPO,2,3,21,22
3MOBt2im;TYROX,1,0,22,25
3MOBt2im;TYRTA,1,0,22,25
3MOPt2im;ACACT1rm,1,0,22,25
3MOPt2im;ACACt2m,1,0,22,25
3MOPt2im;ARTFR52,0,1,23,24
3MOPt2im;ARTPLM1,0,1,23,24
3MOPt2im;FAE200,0,1,23,24
3MOPt2im;FAE220,0,1,23,24
3MOPt2im;FAE240,0,1,23,24
3MOPt2im;FAE260,0,1,23,24
3MOPt2im;FBA,1,0,22,25
3MOPt2im;G6PDH1rer,1,0,22,25
3MOPt2im;G6PDH2rer,1,0,22,25
3MOPt2im;H2Oter,1,0,22,25
3MOPt2im;HACD200,0,1,23,24
3MOPt2im;HACD220,0,1,23,24
3MOPt2im;HACD240,0,1,23,24
3MOPt2im;HACD260,0,1,23,24
3MOPt2im;HEXCCOAtr,0,1,23,24
3MOPt2im;HSD200,0,1,23,24
3MOPt2im;HSD220,0,1,23,24
3MOPt2im;HSD240,0,1,23,24
3MOPt2im;HSD260,0,1,23,24
3MOPt2im;PFK2,1,0,22,25
3MOPt2im;PGI,1,0,22,25
3MOPt2im;RTOT5,0,1,23,24
3MOPt2im;TECR200,0,1,23,24
3MOPt2im;TECR220,0,1,23,24
3MOPt2im;TECR240,0,1,23,24
3MOPt2im;TECR260,0,1,23,24
3MTPte;ACACPYRte,1,0,22,25
3MTPte;ACNMLr,1,0,22,25
3MTPte;ALAt4,1,0,22,25
3MTPte;CMPACNAtg,1,0,22,25
3MTPte;CMPSAS,1,0,22,25
3MTPte;FUCACNGAL14ACGLCGALGLUSIDEte,1,0,22,25
3MTPte;FUCACNGAL14ACGLCGALGLUSIDEtg,1,0,22,25
3MTPte;FUT92g,1,0,22,25
3MTPte;PGI,1,0,22,25
3MTPte;ST3GAL61g,1,0,22,25
3MTPte;UAG2EMAi,1,0,22,25
3OHGLUTACOAT3t;AKGLACte,1,0,22,25
3OHGLUTACte;AKGLACte,1,0,22,25
3SALAASPm;ACACt2m,1,0,22,25
3SALAASPm;FE2tm,1,0,22,25
3SALAASPm;FE3tm,1,0,22,25
3SALAASPm;FECR,1,0,22,25
3SALAASPm;FTMTm,1,0,22,25
3SALAASPm;PIMALtm,1,0,22,25
3SALAASPm;SO3MALtm,1,0,22,25
3SALACBOXL;DHFR,1,0,22,25
3SALACBOXL;DHFRx,1,0,22,25
3SALACBOXL;DHFtm,1,0,22,25
3SALACBOXL;GLUDxm,1,0,22,25
3SALACBOXL;THFtm,1,0,22,25
3SALATAim;ACACt2m,1,0,22,25
3SALATAim;FE2tm,1,0,22,25
3SALATAim;FE3tm,1,0,22,25
3SALATAim;FECR,1,0,22,25
3SALATAim;FTMTm,1,0,22,25
3SALATAim;PIMALtm,1,0,22,25
3SALATAim;SO3MALtm,1,0,22,25
3SPYRSPm;ACACt2m,1,0,22,25
3SPYRSPm;FE2tm,1,0,22,25
3SPYRSPm;FE3tm,1,0,22,25
3SPYRSPm;FECR,1,0,22,25
3SPYRSPm;FTMTm,1,0,22,25
3SPYRSPm;PIMALtm,1,0,22,25
3SPYRSPm;SO3MALtm,1,0,22,25
41R2A1H12BOOX;FBA,0,1,23,24
41R2A1H12BOOX;HCO3_NAt,0,1,23,24
41R2A1H12BOOX;IMAGH,0,2,23,23
41R2A1H12BOOX;O2tm,1,0,22,25
41R2A1H12BOOX;PFK,0,1,23,24
41R2A1H12BOOX;PGI,0,1,23,24
41R2A1H12BOOX;SBTR,0,1,23,24
41R2A1H12BOOX;SBT_Dtde,0,1,23,24
4ABUTtm;AKGGHTRDtm,0,1,23,24
4ABUTtm;CITRt2m,0,1,23,24
4ABUTtm;CITRtm,0,1,23,24
4ABUTtm;PIGTHRDLtm,0,1,23,24
4HBZCOAFm;4MPTNLte,1,0,22,25
4HBZCOAFm;4MPTNLtm,1,0,22,25
4HBZCOAFm;ACGAM6PSi,0,1,23,24
4HBZCOAFm;ACGAMPM,0,1,23,24
4HBZCOAFm;ACONTa,0,1,23,24
4HBZCOAFm;ACONTb,0,1,23,24
4HBZCOAFm;AKGACONtm,0,1,23,24
4HBZCOAFm;ATPtm,0,1,23,24
4HBZCOAFm;CHSTEROLt2,1,0,22,25
4HBZCOAFm;CITt4_3,0,1,23,24
4HBZCOAFm;CYOOm2,3,1,20,24
4HBZCOAFm;CYOR_u10m,3,1,20,24
4HBZCOAFm;DHFR,1,0,22,25
4HBZCOAFm;DHFRx,1,0,22,25
4HBZCOAFm;DHFtm,1,0,22,25
4HBZCOAFm;GF6PTA,0,1,23,24
4HBZCOAFm;GLUt2m,0,1,23,24
4HBZCOAFm;H2O2t,1,0,22,25
4HBZCOAFm;HSD3B11,1,0,22,25
4HBZCOAFm;ICITACONtm,0,1,23,24
4HBZCOAFm;MTHFC,0,1,23,24
4HBZCOAFm;MTHFD,0,1,23,24
4HBZCOAFm;P45011A1m,1,0,22,25
4HBZCOAFm;PE_HStm,2,0,21,25
4HBZCOAFm;PRGNLONEtm,1,0,22,25
4HBZCOAFm;PRGSTRNt,1,0,22,25
4HBZCOAFm;PSDm_hs,2,0,21,25
4HBZCOAFm;PSFLIPm,2,0,21,25
4HBZCOAFm;THFtm,1,0,22,25
4HBZCOAFm;THRA,1,0,22,25
4HBZCOAFm;UAGDP,0,1,23,24
4HBZFm;4MPTNLte,1,0,22,25
4HBZFm;4MPTNLtm,1,0,22,25
4HBZFm;ACGAM6PSi,0,1,23,24
4HBZFm;ACGAMPM,0,1,23,24
4HBZFm;ACONTa,0,1,23,24
4HBZFm;ACONTb,0,1,23,24
4HBZFm;AKGACONtm,0,1,23,24
4HBZFm;ATPtm,0,1,23,24
4HBZFm;CHSTEROLt2,1,0,22,25
4HBZFm;CITt4_3,0,1,23,24
4HBZFm;CYOOm2,3,1,20,24
4HBZFm;CYOR_u10m,3,1,20,24
4HBZFm;DHFR,1,0,22,25
4HBZFm;DHFRx,1,0,22,25
4HBZFm;DHFtm,1,0,22,25
4HBZFm;GF6PTA,0,1,23,24
4HBZFm;GLUt2m,0,1,23,24
4HBZFm;H2O2t,1,0,22,25
4HBZFm;HSD3B11,1,0,22,25
4HBZFm;ICITACONtm,0,1,23,24
4HBZFm;MTHFC,0,1,23,24
4HBZFm;MTHFD,0,1,23,24
4HBZFm;P45011A1m,1,0,22,25
4HBZFm;PE_HStm,2,0,21,25
4HBZFm;PRGNLONEtm,1,0,22,25
4HBZFm;PRGSTRNt,1,0,22,25
4HBZFm;PSDm_hs,2,0,21,25
4HBZFm;PSFLIPm,2,0,21,25
4HBZFm;THFtm,1,0,22,25
4HBZFm;THRA,1,0,22,25
4HBZFm;UAGDP,0,1,23,24
4HPROLTASCT1;ACOAD8m,1,0,22,25
4HPROLTASCT1;ALAGLNexR,1,0,22,25
4HPROLTASCT1;ALAt2r,1,0,22,25
4HPROLTASCT1;DHRT_ivcoa,1,0,22,25
4HPROLTASCT1;DLD,1,0,22,25
4HPROLTASCT1;GLNt4,0,1,23,24
4HPROLTASCT1;GLYC3Ptmc,1,0,22,25
4HPROLTASCT1;H2Oter,1,1,22,24
4HPROLTASCT1;Htr,0,1,23,24
4HPROLTASCT1;LEUTAm,1,0,22,25
4HPROLTASCT1;LEUt5m,1,0,22,25
4HPROLTASCT1;MCCCm,1,0,22,25
4HPROLTASCT1;MGCHrm,1,0,22,25
4HPROLTASCT1;MOD_3mhop,1,0,22,25
4HPROLTASCT1;PIt2m_2,1,0,22,25
4HPROLTASCT1;SUCOAS1m,0,1,23,24
4HPRO_LTte;ACOAD8m,1,0,22,25
4HPRO_LTte;ALAGLNexR,1,0,22,25
4HPRO_LTte;ALAt2r,1,0,22,25
4HPRO_LTte;DHRT_ivcoa,1,0,22,25
4HPRO_LTte;DLD,1,0,22,25
4HPRO_LTte;GLNt4,0,1,23,24
4HPRO_LTte;GLYC3Ptmc,1,0,22,25
4HPRO_LTte;H2Oter,1,1,22,24
4HPRO_LTte;Htr,0,1,23,24
4HPRO_LTte;LEUTAm,1,0,22,25
4HPRO_LTte;LEUt5m,1,0,22,25
4HPRO_LTte;MCCCm,1,0,22,25
4HPRO_LTte;MGCHrm,1,0,22,25
4HPRO_LTte;MOD_3mhop,1,0,22,25
4HPRO_LTte;PIt2m_2,1,0,22,25
4HPRO_LTte;SUCOAS1m,0,1,23,24
4MOPt2im;ACITL,0,1,23,24
4MOPt2im;ACOA40ORm,1,0,22,25
4MOPt2im;ACONTa,0,1,23,24
4MOPt2im;AMPt4,1,0,22,25
4MOPt2im;ATPt4,1,0,22,25
4MOPt2im;ECOAH1m,1,0,22,25
4MOPt2im;HACD1m,1,0,22,25
4MOPt2im;HMGCOASim,1,0,22,25
4MOPt2im;Htm,1,0,22,25
4MOPt2im;LEUTAm,0,1,23,24
4MOPt2im;LEUt5m,0,1,23,24
4MOPt2im;NAt3_1,0,1,23,24
4MOPt2im;OAADC,0,1,23,24
4MOPt2im;PGI,0,1,23,24
4MOPt2im;PPItm,1,0,22,25
4MPTNLte;ACOAHim,1,0,22,25
4MPTNLte;ACt2m,1,0,22,25
4MPTNLte;ADK1m,1,0,22,25
4MPTNLte;AMETt2m,1,0,22,25
4MPTNLte;COQ3m,1,0,22,25
4MPTNLte;COQ5m,1,0,22,25
4MPTNLte;COQ6m,1,0,22,25
4MPTNLte;COQ7m,1,0,22,25
4MPTNLte;COUCOAFm,1,0,22,25
4MPTNLte;Coqe,1,0,22,25
4MPTNLte;DECDPtm,1,0,22,25
4MPTNLte;DHDPBMTm,1,0,22,25
4MPTNLte;DPHMBDCm,1,0,22,25
4MPTNLte;DPPS,1,0,22,25
4MPTNLte;FRDPtcr,1,0,22,25
4MPTNLte;HBZOPT10m,1,0,22,25
4MPTNLte;Htr,2,0,21,25
4MPTNLte;PIt2m_2,0,1,23,24
4MPTNLte;T4HCINNMFM,1,0,22,25
4MPTNLte;TYRTAm,1,0,22,25
4MPTNLte;TYRtl,1,0,22,25
4MPTNLte;q10tm,1,0,22,25
4MPTNLtm;ACOAHim,1,0,22,25
4MPTNLtm;ACt2m,1,0,22,25
4MPTNLtm;ADK1m,1,0,22,25
4MPTNLtm;AMETt2m,1,0,22,25
4MPTNLtm;COQ3m,1,0,22,25
4MPTNLtm;COQ5m,1,0,22,25
4MPTNLtm;COQ6m,1,0,22,25
4MPTNLtm;COQ7m,1,0,22,25
4MPTNLtm;COUCOAFm,1,0,22,25
4MPTNLtm;Coqe,1,0,22,25
4MPTNLtm;DECDPtm,1,0,22,25
4MPTNLtm;DHDPBMTm,1,0,22,25
4MPTNLtm;DPHMBDCm,1,0,22,25
4MPTNLtm;DPPS,1,0,22,25
4MPTNLtm;FRDPtcr,1,0,22,25
4MPTNLtm;HBZOPT10m,1,0,22,25
4MPTNLtm;Htr,2,0,21,25
4MPTNLtm;PIt2m_2,0,1,23,24
4MPTNLtm;T4HCINNMFM,1,0,22,25
4MPTNLtm;TYRTAm,1,0,22,25
4MPTNLtm;TYRtl,1,0,22,25
4MPTNLtm;q10tm,1,0,22,25
4OHBUTm;ACOD,0,1,23,24
4OHBUTm;AKGGHTRDtm,0,1,23,24
4OHBUTm;AKGSUCCtm,1,0,22,25
4OHBUTm;CITMCOAHm,0,1,23,24
4OHBUTm;CITMCOALm,0,1,23,24
4OHBUTm;CITRt2m,0,1,23,24
4OHBUTm;CITRtm,0,1,23,24
4OHBUTm;CSm,0,1,23,24
4OHBUTm;GTPGDPtm,1,0,22,25
4OHBUTm;ITCOALm,0,1,23,24
4OHBUTm;PIGTHRDLtm,0,1,23,24
4OHBUTm;PYRtm,0,1,23,24
4OHBUTm;SUCCt4_2,1,0,22,25
4OHBUTm;SUCOAS1m,1,0,22,25
4OHBUTm;TYROX,1,0,22,25
4OHBUTm;TYRTA,1,0,22,25
4OHBUTtce;ACOD,0,1,23,24
4OHBUTtce;AKGGHTRDtm,0,1,23,24
4OHBUTtce;AKGSUCCtm,1,0,22,25
4OHBUTtce;CITMCOAHm,0,1,23,24
4OHBUTtce;CITMCOALm,0,1,23,24
4OHBUTtce;CITRt2m,0,1,23,24
4OHBUTtce;CITRtm,0,1,23,24
4OHBUTtce;CSm,0,1,23,24
4OHBUTtce;GTPGDPtm,1,0,22,25
4OHBUTtce;ITCOALm,0,1,23,24
4OHBUTtce;PIGTHRDLtm,0,1,23,24
4OHBUTtce;PYRtm,0,1,23,24
4OHBUTtce;SUCCt4_2,1,0,22,25
4OHBUTtce;SUCOAS1m,1,0,22,25
4OHBUTtce;TYROX,1,0,22,25
4OHBUTtce;TYRTA,1,0,22,25
4OHBUTtmc;ACOD,0,1,23,24
4OHBUTtmc;AKGGHTRDtm,0,1,23,24
4OHBUTtmc;AKGSUCCtm,1,0,22,25
4OHBUTtmc;CITMCOAHm,0,1,23,24
4OHBUTtmc;CITMCOALm,0,1,23,24
4OHBUTtmc;CITRt2m,0,1,23,24
4OHBUTtmc;CITRtm,0,1,23,24
4OHBUTtmc;CSm,0,1,23,24
4OHBUTtmc;GTPGDPtm,1,0,22,25
4OHBUTtmc;ITCOALm,0,1,23,24
4OHBUTtmc;PIGTHRDLtm,0,1,23,24
4OHBUTtmc;PYRtm,0,1,23,24
4OHBUTtmc;SUCCt4_2,1,0,22,25
4OHBUTtmc;SUCOAS1m,1,0,22,25
4OHBUTtmc;TYROX,1,0,22,25
4OHBUTtmc;TYRTA,1,0,22,25
5AOPtm;AKGt4_3,0,1,23,24
5AOPtm;ALAGLNexR,1,0,22,25
5AOPtm;ALAt2r,1,0,22,25
5AOPtm;CITRt2m,0,1,23,24
5AOPtm;CITRtm,0,1,23,24
5AOPtm;DATPtm,0,1,23,24
5AOPtm;GLYtm,1,0,22,25
5AOPtm;H2Oter,2,1,21,24
5AOPtm;Htr,1,1,22,24
5AOPtm;LDH_L,0,1,23,24
5AOPtm;MMCDm,1,0,22,25
5AOPtm;MMEm,1,0,22,25
5AOPtm;MMMm,1,0,22,25
5AOPtm;NADPHtru,0,1,23,24
5AOPtm;NADPtru,0,1,23,24
5AOPtm;PFK2,1,0,22,25
5AOPtm;PPIOGLYc,1,0,22,25
5AOPtm;PPIOGLYte,1,0,22,25
5AOPtm;PPIOGLYtm,1,0,22,25
5AOPtm;SUCOAS1m,0,1,23,24
5AOPtm;TPI,0,1,23,24
5HTRPDOX;LDH_L,0,1,23,24
5HTRPDOX;L_LACt2r,0,1,23,24
5HTRPDOX;NOS2,1,0,22,25
5HTRPDOX;NWHARGOR,1,0,22,25
5HTRPDOX;SBTR,0,1,23,24
5HTRPDOX;SBT_Dtde,0,1,23,24
7DHCHSTEROLtr;ACOAD10m,0,1,23,24
7DHCHSTEROLtr;DHRT_2mbcoa,0,1,23,24
7DHCHSTEROLtr;GLYtm,1,0,22,25
7DHCHSTEROLtr;ILETAm,0,1,23,24
7DHCHSTEROLtr;ILEt5m,0,1,23,24
7DHCHSTEROLtr;TIGGLYc,0,1,23,24
7DHCHSTEROLtr;TIGGLYte,0,1,23,24
7DHCHSTEROLtr;TIGGLYtm,0,1,23,24
AACOAT_1;ACACT1rm,0,1,23,24
AACOAT_1;ACCOAL2,1,1,22,24
AACOAT_1;ACITL,0,1,23,24
AACOAT_1;ACOAD8m,0,1,23,24
AACOAT_1;ACOAS,1,1,22,24
AACOAT_1;ACONTa,0,1,23,24
AACOAT_1;ACONTam,0,1,23,24
AACOAT_1;ACRNtm,0,1,23,24
AACOAT_1;AKGACONtm,0,1,23,24
AACOAT_1;ALDD2y,1,0,22,25
AACOAT_1;ARTFR12,0,1,23,24
AACOAT_1;ASPGLUm,0,1,23,24
AACOAT_1;ASPTAm,0,1,23,24
AACOAT_1;ATPtm,0,1,23,24
AACOAT_1;C161CPT1,0,1,23,24
AACOAT_1;CACT4r,0,1,23,24
AACOAT_1;CCA_D3t,0,1,23,24
AACOAT_1;CCA_D3tm,0,1,23,24
AACOAT_1;COAtr,0,1,23,24
AACOAT_1;CRNtim,0,1,23,24
AACOAT_1;CSNATm,0,1,23,24
AACOAT_1;CSNATr,0,1,23,24
AACOAT_1;DESAT16_1,0,1,23,24
AACOAT_1;DHFR,0,1,23,24
AACOAT_1;DHFRm,0,1,23,24
AACOAT_1;DHFtm,0,1,23,24
AACOAT_1;DHRT_ivcoa,0,1,23,24
AACOAT_1;DLD,0,1,23,24
AACOAT_1;GLUDxm,0,1,23,24
AACOAT_1;HCO3_NAt,0,1,23,24
AACOAT_1;ICDHxrm,0,1,23,24
AACOAT_1;LEUTAm,0,1,23,24
AACOAT_1;LEUt5m,0,1,23,24
AACOAT_1;MCCCm,0,1,23,24
AACOAT_1;MGCHrm,0,1,23,24
AACOAT_1;MOD_3mhop,0,1,23,24
AACOAT_1;NADHtru,0,1,23,24
AACOAT_1;NADtru,0,1,23,24
AACOAT_1;OAADC,0,1,23,24
AACOAT_1;OXALSUCCCLm,0,1,23,24
AACOAT_1;PLMCOAPTr,0,1,23,24
AACOAT_1;PMTCOAFABP1tc,0,1,23,24
AACOAT_1;SUCCACONtm,0,1,23,24
AACOAT_1;SUCCt4_3,0,1,23,24
AACOAT_1;THFtm,0,1,23,24
AACOAT_1;THRA,1,1,22,24
AACTOOR;FE2tm,1,0,22,25
AACTOOR;FE3tm,1,0,22,25
AACTOOR;FECR,1,0,22,25
AACTOOR;FTMTm,1,0,22,25
AACTtm;FE2tm,1,0,22,25
AACTtm;FE3tm,1,0,22,25
AACTtm;FECR,1,0,22,25
AACTtm;FTMTm,1,0,22,25
ABTArm;AKGGHTRDtm,0,1,23,24
ABTArm;CITRt2m,0,1,23,24
ABTArm;CITRtm,0,1,23,24
ABTArm;PIGTHRDLtm,0,1,23,24
ABUTt2r;GLCt1r,1,0,22,25
ABUTt4_2_r;GABAVESSEC,0,1,23,24
ABUTt4_2_r;GLCt1r,1,0,22,25
ACACACte;ACACLACte,1,0,22,25
ACACFORte;ACACLACte,1,0,22,25
ACACFORte;ACONTb,0,1,23,24
ACACFORte;ACONTbm,0,1,23,24
ACACFORte;AKGPItm,0,1,23,24
ACACFORte;ALAt2r,0,1,23,24
ACACFORte;AMID6,0,1,23,24
ACACFORte;CLFORtex,1,0,22,25
ACACFORte;DHFR,0,1,23,24
ACACFORte;DHFRm,0,1,23,24
ACACFORte;DHFtm,0,1,23,24
ACACFORte;GLUDC,0,1,23,24
ACACFORte;GLUDym,0,1,23,24
ACACFORte;GPAT,0,1,23,24
ACACFORte;ICITACONtm,0,1,23,24
ACACFORte;NH4tm,0,1,23,24
ACACFORte;PIt2m,0,1,23,24
ACACFORte;PROGLUtm,0,1,23,24
ACACFORte;PROtm,0,1,23,24
ACACFORte;THFtm,0,1,23,24
ACACLACte;AKGACte,1,0,22,25
ACACLACte;AKGBUTte,1,0,22,25
ACACLACte;BUTt2r,1,0,22,25
ACACLACte;CLFORtex,1,0,22,25
ACACPYRte;ACCOAL2,1,0,22,25
ACACPYRte;ACOAS,1,0,22,25
ACACPYRte;ACONTb,0,1,23,24
ACACPYRte;ACONTbm,0,1,23,24
ACACPYRte;AKGPItm,0,1,23,24
ACACPYRte;ALAt2r,0,1,23,24
ACACPYRte;ALAtN1,1,0,22,25
ACACPYRte;ALDD2y,1,0,22,25
ACACPYRte;AMID6,0,1,23,24
ACACPYRte;DHFR,0,1,23,24
ACACPYRte;DHFRm,0,1,23,24
ACACPYRte;DHFtm,0,1,23,24
ACACPYRte;GLUDC,0,1,23,24
ACACPYRte;GLUDym,0,1,23,24
ACACPYRte;GPAT,0,1,23,24
ACACPYRte;ICITACONtm,0,1,23,24
ACACPYRte;METDECARc,1,0,22,25
ACACPYRte;METTRANSc,1,0,22,25
ACACPYRte;NH4tm,0,1,23,24
ACACPYRte;PIt2m,0,1,23,24
ACACPYRte;PROGLUtm,0,1,23,24
ACACPYRte;PROtm,0,1,23,24
ACACPYRte;THFtm,0,1,23,24
ACACPYRte;THRA,1,0,22,25
ACACPYRtm;ACACT1rm,1,1,22,24
ACACPYRtm;ACACt2,0,1,23,24
ACACPYRtm;ACACt2m,2,0,21,25
ACACPYRtm;ACCOAL2,1,1,22,24
ACACPYRtm;ACITL,0,1,23,24
ACACPYRtm;ACOAD8m,0,1,23,24
ACACPYRtm;ACOAS,1,1,22,24
ACACPYRtm;ACONTa,0,1,23,24
ACACPYRtm;ACONTam,0,1,23,24
ACACPYRtm;ACRNtm,0,1,23,24
ACACPYRtm;AKGACONtm,0,1,23,24
ACACPYRtm;AKGDa1,1,0,22,25
ACACPYRtm;AKGDa2,1,0,22,25
ACACPYRtm;AKGDb,1,0,22,25
ACACPYRtm;ALDD2y,1,0,22,25
ACACPYRtm;ARTFR12,0,1,23,24
ACACPYRtm;ASPGLUm,0,1,23,24
ACACPYRtm;ASPTAm,0,1,23,24
ACACPYRtm;ATPtm,0,1,23,24
ACACPYRtm;C161CPT1,0,1,23,24
ACACPYRtm;CACT4r,0,1,23,24
ACACPYRtm;CCA_D3t,0,1,23,24
ACACPYRtm;CCA_D3tm,0,1,23,24
ACACPYRtm;COAtr,0,1,23,24
ACACPYRtm;CRNtim,0,1,23,24
ACACPYRtm;CSNATm,0,1,23,24
ACACPYRtm;CSNATr,0,1,23,24
ACACPYRtm;DESAT16_1,0,1,23,24
ACACPYRtm;DHFR,0,1,23,24
ACACPYRtm;DHFRm,0,1,23,24
ACACPYRtm;DHFtm,0,1,23,24
ACACPYRtm;DHRT_ivcoa,0,1,23,24
ACACPYRtm;DLD,0,1,23,24
ACACPYRtm;FCYTOB5OXRyr,1,0,22,25
ACACPYRtm;FE2tm,1,0,22,25
ACACPYRtm;FE3tm,1,0,22,25
ACACPYRtm;FECR,1,0,22,25
ACACPYRtm;FTMTm,1,0,22,25
ACACPYRtm;GLUDxm,0,1,23,24
ACACPYRtm;HCO3_NAt,0,1,23,24
ACACPYRtm;HCO3tm,1,0,22,25
ACACPYRtm;ICDHxrm,0,1,23,24
ACACPYRtm;ILEOX,0,1,23,24
ACACPYRtm;ILETA,0,1,23,24
ACACPYRtm;LEUTAm,0,1,23,24
ACACPYRtm;LEUt5m,0,1,23,24
ACACPYRtm;MCCCm,0,1,23,24
ACACPYRtm;MGCHrm,0,1,23,24
ACACPYRtm;MOD_3mhop,0,1,23,24
ACACPYRtm;NADHtru,0,1,23,24
ACACPYRtm;NADtru,0,1,23,24
ACACPYRtm;OAADC,0,1,23,24
ACACPYRtm;OXALSUCCCLm,0,1,23,24
ACACPYRtm;PLMCOAPTr,0,1,23,24
ACACPYRtm;PMTCOAFABP1tc,0,1,23,24
ACACPYRtm;SUCCACONtm,0,1,23,24
ACACPYRtm;SUCCt4_3,0,1,23,24
ACACPYRtm;THFtm,0,1,23,24
ACACPYRtm;THRA,1,1,22,24
ACACT100m;ACACT1rm,1,0,22,25
ACACT100m;BUTt2m,1,2,22,23
ACACT100m;FA40ACPH,1,2,22,23
ACACT100m;FACOAL40im,1,2,22,23
ACACT10m;ACOAD8m,0,1,23,24
ACACT10m;DHRT_ivcoa,0,1,23,24
ACACT10m;HCO3Em,0,1,23,24
ACACT10m;LEUTAm,0,1,23,24
ACACT10m;LEUt5m,0,1,23,24
ACACT10m;MCCCm,0,1,23,24
ACACT10m;MGCHrm,0,1,23,24
ACACT10m;MOD_3mhop,0,1,23,24
ACACT140m;ACACT1rm,1,0,22,25
ACACT140m;BUTt2m,1,2,22,23
ACACT140m;FA40ACPH,1,2,22,23
ACACT140m;FACOAL40im,1,2,22,23
ACACT1rm;ACACT60m,1,0,22,25
ACACT1rm;ACACT80m,1,0,22,25
ACACT1rm;ACACtx,0,1,23,24
ACACT1rm;ACGAM6PSi,0,1,23,24
ACACT1rm;ACGAMPM,0,1,23,24
ACACT1rm;ACITL,0,1,23,24
ACACT1rm;ACOAD100m,1,0,22,25
ACACT1rm;ACOAD10m,1,0,22,25
ACACT1rm;ACOAD140m,1,0,22,25
ACACT1rm;ACOAD60m,1,0,22,25
ACACT1rm;ACOAD80m,1,0,22,25
ACACT1rm;ACOAD8m,0,2,23,23
ACACT1rm;ACOATE100m,1,0,22,25
ACACT1rm;ACOD,1,1,22,24
ACACT1rm;ACONTa,0,1,23,24
ACACT1rm;ACONTam,0,1,23,24
ACACT1rm;ACONTbm,1,0,22,25
ACACT1rm;ADK1m,0,1,23,24
ACACT1rm;AKGACONtm,0,1,23,24
ACACT1rm;ARTFR12,0,1,23,24
ACACT1rm;ASPGLUm,0,1,23,24
ACACT1rm;ASPPROASCT1,0,1,23,24
ACACT1rm;ASPTAm,0,1,23,24
ACACT1rm;ATPS4m,1,0,22,25
ACACT1rm;ATPtm,0,1,23,24
ACACT1rm;BUTt2m,0,2,23,23
ACACT1rm;C161CPT1,0,1,23,24
ACACT1rm;CACT4r,0,1,23,24
ACACT1rm;CITMCOAHm,1,1,22,24
ACACT1rm;CITMCOALm,1,1,22,24
ACACT1rm;COAtp,0,1,23,24
ACACT1rm;COAtr,0,1,23,24
ACACT1rm;CRNCARtp,0,1,23,24
ACACT1rm;CSNATp,0,1,23,24
ACACT1rm;CSNATr,0,1,23,24
ACACT1rm;DESAT16_1,0,1,23,24
ACACT1rm;DHFR,0,1,23,24
ACACT1rm;DHFRm,0,1,23,24
ACACT1rm;DHFtm,0,1,23,24
ACACT1rm;DHRT_2mbcoa,1,0,22,25
ACACT1rm;DHRT_ivcoa,0,2,23,23
ACACT1rm;DLD,0,1,23,24
ACACT1rm;FA40ACPH,0,2,23,23
ACACT1rm;FACOAL100im,1,0,22,25
ACACT1rm;FACOAL40im,0,2,23,23
ACACT1rm;FCYTOB5OXRyr,0,1,23,24
ACACT1rm;G6PPer,0,1,23,24
ACACT1rm;GALU,0,1,23,24
ACACT1rm;GF6PTA,0,1,23,24
ACACT1rm;GLCter,0,1,23,24
ACACT1rm;GLUDxm,0,1,23,24
ACACT1rm;GLUt2m,0,1,23,24
ACACT1rm;GLYtm,1,0,22,25
ACACT1rm;HAS1,0,1,23,24
ACACT1rm;HAS2,0,1,23,24
ACACT1rm;HCO3Em,0,1,23,24
ACACT1rm;HCO3tm,1,0,22,25
ACACT1rm;HMGCOAtx,0,1,23,24
ACACT1rm;HMGLx,0,1,23,24
ACACT1rm;HYALe,0,1,23,24
ACACT1rm;Htr,0,1,23,24
ACACT1rm;ICDHxrm,0,1,23,24
ACACT1rm;ICDHyrm,1,1,22,24
ACACT1rm;ILEOX,1,0,22,25
ACACT1rm;ITCOAL1m,1,0,22,25
ACACT1rm;ITCOALm,0,1,23,24
ACACT1rm;LEUTAm,0,2,23,23
ACACT1rm;LEUt5m,0,2,23,23
ACACT1rm;MCCCm,0,2,23,23
ACACT1rm;MGCHrm,0,2,23,23
ACACT1rm;MOD_3mhop,0,2,23,23
ACACT1rm;NADH2_u10m,0,1,23,24
ACACT1rm;NADHtru,0,1,23,24
ACACT1rm;NADtru,0,1,23,24
ACACT1rm;NH4t3r,0,1,23,24
ACACT1rm;OAADC,0,1,23,24
ACACT1rm;OXALSUCCCLm,1,2,22,23
ACACT1rm;PGMT,0,1,23,24
ACACT1rm;PIt2m_2,0,1,23,24
ACACT1rm;PLMCOAPTr,0,1,23,24
ACACT1rm;PMTCOAFABP1tc,0,1,23,24
ACACT1rm;PPAm,0,1,23,24
ACACT1rm;SUCCACONtm,0,1,23,24
ACACT1rm;SUCCt4_3,0,1,23,24
ACACT1rm;THFtm,0,1,23,24
ACACT1rm;THRA,1,0,22,25
ACACT1rm;TIGGLYc,1,0,22,25
ACACT1rm;TIGGLYte,1,0,22,25
ACACT1rm;TIGGLYtm,1,0,22,25
ACACT1rm;TTDCPT1,1,0,22,25
ACACT1rm;TTDCPT2,1,0,22,25
ACACT1rm;TTDCRNt,1,0,22,25
ACACT1rm;UAGDP,0,1,23,24
ACACT1rm;UDPGD,0,1,23,24
ACACT224n6p;ESTRADIOLtr,0,1,23,24
ACACT224n6p;ESTRONEtr,0,1,23,24
ACACT224n6p;G6PDH2rer,0,2,23,23
ACACT224n6p;G6Pter,0,2,23,23
ACACT224n6p;HSD17B1,0,1,23,24
ACACT224n6p;HSD17B8r,0,1,23,24
ACACT224n6p;Htr,0,5,23,20
ACACT224n6p;LDH_L,0,1,23,24
ACACT224n6p;NADPHtru,1,0,22,25
ACACT224n6p;NADPtru,1,0,22,25
ACACT224n6p;PPA,0,1,23,24
ACACT224n6p;RPI,0,1,23,24
ACACT224n6p;TPI,0,1,23,24
ACACT60m;BUTt2m,1,2,22,23
ACACT60m;FA40ACPH,1,2,22,23
ACACT60m;FACOAL40im,1,2,22,23
ACACT80m;BUTt2m,1,2,22,23
ACACT80m;FA40ACPH,1,2,22,23
ACACT80m;FACOAL40im,1,2,22,23
ACACt2;ACETONEt2m,0,1,23,24
ACACt2;ACTNMO,0,1,23,24
ACACt2;ADCim,0,1,23,24
ACACt2;AKGACACte,1,0,22,25
ACACt2;AKGLACte,1,0,22,25
ACACt2m;ACOAD10m,1,0,22,25
ACACt2m;ACOD,1,0,22,25
ACACt2m;ACONTbm,1,0,22,25
ACACt2m;ARGORNtm,1,0,22,25
ACACt2m;ASPGLUm,1,0,22,25
ACACt2m;CITMCOAHm,1,0,22,25
ACACt2m;CITMCOALm,1,0,22,25
ACACt2m;CITSUCCtm,1,0,22,25
ACACt2m;CYANSTm,1,0,22,25
ACACt2m;CYOOm2,1,0,22,25
ACACt2m;CYOR_u10m,1,0,22,25
ACACt2m;CYSO,1,0,22,25
ACACt2m;DHRT_2mbcoa,1,0,22,25
ACACt2m;GLYtm,1,0,22,25
ACACt2m;HCO3tm,1,0,22,25
ACACt2m;Htm,1,0,22,25
ACACt2m;ICDHyrm,1,0,22,25
ACACt2m;ICITCITtm,1,0,22,25
ACACt2m;ICITMALtm,1,0,22,25
ACACt2m;ILEOX,1,0,22,25
ACACt2m;ITCOAL1m,1,0,22,25
ACACt2m;MALTSULtm,1,0,22,25
ACACt2m;ORNARGtm,1,0,22,25
ACACt2m;OXALSUCCCLm,1,0,22,25
ACACt2m;PIt2m_2,1,0,22,25
ACACt2m;SQORm,1,0,22,25
ACACt2m;TIGGLYc,1,0,22,25
ACACt2m;TIGGLYte,1,0,22,25
ACACt2m;TIGGLYtm,1,0,22,25
ACACt2m;TSULt4_3,1,0,22,25
ACACtx;ACCOAL2,0,1,23,24
ACACtx;ACITL,0,1,23,24
ACACtx;ACOAD8m,0,1,23,24
ACACtx;ACOAS,0,1,23,24
ACACtx;ACONTa,0,1,23,24
ACACtx;ACONTam,0,1,23,24
ACACtx;ACRNtm,0,1,23,24
ACACtx;AKGACONtm,0,1,23,24
ACACtx;ARTFR12,0,1,23,24
ACACtx;ASPGLUm,0,1,23,24
ACACtx;ASPTAm,0,1,23,24
ACACtx;ATPtm,0,1,23,24
ACACtx;C161CPT1,0,1,23,24
ACACtx;CACT4r,0,1,23,24
ACACtx;CCA_D3t,0,1,23,24
ACACtx;CCA_D3tm,0,1,23,24
ACACtx;COAtr,0,1,23,24
ACACtx;CRNtim,0,1,23,24
ACACtx;CSNATm,0,1,23,24
ACACtx;CSNATr,0,1,23,24
ACACtx;DESAT16_1,0,1,23,24
ACACtx;DHFR,0,1,23,24
ACACtx;DHFRm,0,1,23,24
ACACtx;DHFtm,0,1,23,24
ACACtx;DHRT_ivcoa,0,1,23,24
ACACtx;DLD,0,1,23,24
ACACtx;GLUDxm,0,1,23,24
ACACtx;HCO3_NAt,0,1,23,24
ACACtx;ICDHxrm,0,1,23,24
ACACtx;LEUTAm,0,1,23,24
ACACtx;LEUt5m,0,1,23,24
ACACtx;MCCCm,0,1,23,24
ACACtx;MGCHrm,0,1,23,24
ACACtx;MOD_3mhop,0,1,23,24
ACACtx;NADHtru,0,1,23,24
ACACtx;NADtru,0,1,23,24
ACACtx;OAADC,0,1,23,24
ACACtx;OXALSUCCCLm,0,1,23,24
ACACtx;PLMCOAPTr,0,1,23,24
ACACtx;PMTCOAFABP1tc,0,1,23,24
ACACtx;SUCCACONtm,0,1,23,24
ACACtx;SUCCt4_3,0,1,23,24
ACACtx;THFtm,0,1,23,24
ACACtx;THRA,0,1,23,24
ACCOAL2;ACGAM6PSi,0,1,23,24
ACCOAL2;ACGAMPM,0,1,23,24
ACCOAL2;ACHtn,0,1,23,24
ACCOAL2;ACITL,1,0,22,25
ACCOAL2;ACITLn,0,1,23,24
ACCOAL2;ACOAD8m,0,1,23,24
ACCOAL2;ACOATE191p,0,1,23,24
ACCOAL2;ACOD,1,1,22,24
ACCOAL2;ACONTa,1,1,22,24
ACCOAL2;ACONTb,1,0,22,25
ACCOAL2;ACONTbm,1,0,22,25
ACCOAL2;ADK1m,0,1,23,24
ACCOAL2;ADKd,0,1,23,24
ACCOAL2;ADPtn,0,1,23,24
ACCOAL2;AGTix,0,1,23,24
ACCOAL2;AKGSUCCtm,1,0,22,25
ACCOAL2;ARTFR12,0,1,23,24
ACCOAL2;ASP1DC,0,1,23,24
ACCOAL2;ATPtn,0,1,23,24
ACCOAL2;C161CPT1,0,1,23,24
ACCOAL2;CACT4r,0,1,23,24
ACCOAL2;CATp,0,1,23,24
ACCOAL2;CAt7r,1,0,22,25
ACCOAL2;CGMPt,0,1,23,24
ACCOAL2;CHAT,0,1,23,24
ACCOAL2;CHATn,0,1,23,24
ACCOAL2;CHOLtn,0,1,23,24
ACCOAL2;CITMCOAHm,1,1,22,24
ACCOAL2;CITMCOALm,1,1,22,24
ACCOAL2;CITSUCCtm,1,0,22,25
ACCOAL2;CITtn,0,1,23,24
ACCOAL2;COAtp,0,1,23,24
ACCOAL2;COAtr,0,1,23,24
ACCOAL2;CRNCARtp,0,1,23,24
ACCOAL2;CSNATp,0,1,23,24
ACCOAL2;CSNATr,0,1,23,24
ACCOAL2;DESAT16_1,0,1,23,24
ACCOAL2;DHRT_ivcoa,0,1,23,24
ACCOAL2;DLD,0,1,23,24
ACCOAL2;FACOAL191,0,1,23,24
ACCOAL2;FBA3,0,1,23,24
ACCOAL2;G6PDH2r,0,1,23,24
ACCOAL2;G6PPer,0,1,23,24
ACCOAL2;GALU,0,1,23,24
ACCOAL2;GCALDD,0,1,23,24
ACCOAL2;GF6PTA,0,1,23,24
ACCOAL2;GLCter,0,1,23,24
ACCOAL2;GLUDym,0,2,23,23
ACCOAL2;GLUPROASCT1,1,0,22,25
ACCOAL2;GLUt2m,0,1,23,24
ACCOAL2;GLUt6,1,0,22,25
ACCOAL2;GLYCLTtp,0,1,23,24
ACCOAL2;GLYCTO1p,0,1,23,24
ACCOAL2;GLYt2r,2,0,21,25
ACCOAL2;GLYtp,0,1,23,24
ACCOAL2;GND,0,1,23,24
ACCOAL2;GUACYC,0,1,23,24
ACCOAL2;HAS1,0,1,23,24
ACCOAL2;HAS2,0,1,23,24
ACCOAL2;HMGCOAtx,0,1,23,24
ACCOAL2;HMGL,1,0,22,25
ACCOAL2;HMGLx,0,1,23,24
ACCOAL2;HPYRDC,0,1,23,24
ACCOAL2;HPYRtp,0,1,23,24
ACCOAL2;HYALe,0,1,23,24
ACCOAL2;Htx,0,1,23,24
ACCOAL2;ICDHyrm,1,1,22,24
ACCOAL2;ICITCITtm,1,0,22,25
ACCOAL2;ITCOAL1m,1,0,22,25
ACCOAL2;ITCOALm,0,1,23,24
ACCOAL2;KCCt,1,0,22,25
ACCOAL2;LEUTAm,0,1,23,24
ACCOAL2;LEUt5m,0,1,23,24
ACCOAL2;MALACONtm,0,1,23,24
ACCOAL2;MCCCm,0,1,23,24
ACCOAL2;MDH,0,1,23,24
ACCOAL2;MGCHrm,0,1,23,24
ACCOAL2;MOD_3mhop,0,1,23,24
ACCOAL2;NADH2_u10m,0,2,23,23
ACCOAL2;NADHtru,0,1,23,24
ACCOAL2;NADtru,0,1,23,24
ACCOAL2;NCNt,1,0,22,25
ACCOAL2;NH4t3r,0,1,23,24
ACCOAL2;NH4tm,0,2,23,23
ACCOAL2;O2tp,0,1,23,24
ACCOAL2;OAAtn,0,1,23,24
ACCOAL2;OROTGLUt,0,1,23,24
ACCOAL2;OROTte,0,1,23,24
ACCOAL2;OXALSUCCCLm,2,1,21,24
ACCOAL2;PFK_3,0,1,23,24
ACCOAL2;PGL,0,1,23,24
ACCOAL2;PGMT,0,1,23,24
ACCOAL2;PIt2m,0,1,23,24
ACCOAL2;PIt8,0,1,23,24
ACCOAL2;PItn,0,1,23,24
ACCOAL2;PLMCOAPTr,0,1,23,24
ACCOAL2;PMTCOAFABP1tc,0,1,23,24
ACCOAL2;PPAm,0,1,23,24
ACCOAL2;PRISTCOAtcx,0,1,23,24
ACCOAL2;PRISTtx,0,1,23,24
ACCOAL2;PROGLUtm,0,2,23,23
ACCOAL2;PROtm,0,1,23,24
ACCOAL2;PYRtm,0,1,23,24
ACCOAL2;RADH,0,1,23,24
ACCOAL2;RADH3,0,1,23,24
ACCOAL2;RAI3,0,1,23,24
ACCOAL2;RDH1a,0,1,23,24
ACCOAL2;RDH4,0,1,23,24
ACCOAL2;RETI3,0,1,23,24
ACCOAL2;RPE,0,1,23,24
ACCOAL2;SERtp,0,1,23,24
ACCOAL2;SPTx,0,1,23,24
ACCOAL2;TKT1,0,1,23,24
ACCOAL2;TKT2,0,1,23,24
ACCOAL2;TYROX,1,0,22,25
ACCOAL2;TYRTA,1,0,22,25
ACCOAL2;UAGDP,0,1,23,24
ACCOAL2;UDPGD,0,1,23,24
ACETONEt2m;ILEOX,0,1,23,24
ACETONEt2m;ILETA,0,1,23,24
ACGAM2E;GPDDA1,0,1,23,24
ACGAM2E;LPASE,0,1,23,24
ACGAM2E;R_group_phosphotase_1,0,1,23,24
ACGAM6PSi;ACOAS,0,1,23,24
ACGAM6PSi;ACOATE221,1,0,22,25
ACGAM6PSi;ACONTa,0,1,23,24
ACGAM6PSi;ACONTam,0,1,23,24
ACGAM6PSi;ACRNtm,0,1,23,24
ACGAM6PSi;ADK3m,0,1,23,24
ACGAM6PSi;AKGACONtm,0,2,23,23
ACGAM6PSi;AKGGHTRDtm,0,1,23,24
ACGAM6PSi;AKGLACte,0,1,23,24
ACGAM6PSi;ALAGLNexR,1,0,22,25
ACGAM6PSi;AMETt2m,0,1,23,24
ACGAM6PSi;ARACHDCOAtr,1,0,22,25
ACGAM6PSi;ARACHDtr,1,0,22,25
ACGAM6PSi;ARTFR42,2,0,21,25
ACGAM6PSi;ARTPLM1,0,1,23,24
ACGAM6PSi;BUTt2m,1,0,22,25
ACGAM6PSi;CGMPt,0,1,23,24
ACGAM6PSi;CITtam,0,1,23,24
ACGAM6PSi;CLHCOtex,0,1,23,24
ACGAM6PSi;COAtr,1,0,22,25
ACGAM6PSi;COQ3m,0,1,23,24
ACGAM6PSi;COQ5m,0,1,23,24
ACGAM6PSi;COQ6m,0,1,23,24
ACGAM6PSi;COQ7m,0,1,23,24
ACGAM6PSi;COUCOAFm,0,1,23,24
ACGAM6PSi;CRNtim,0,1,23,24
ACGAM6PSi;CSNATm,0,1,23,24
ACGAM6PSi;CSNATr,0,1,23,24
ACGAM6PSi;CYOOm2,1,0,22,25
ACGAM6PSi;CYOR_u10m,1,0,22,25
ACGAM6PSi;DECDPtm,0,1,23,24
ACGAM6PSi;DHDPBMTm,0,1,23,24
ACGAM6PSi;DOCO13ACtr,1,0,22,25
ACGAM6PSi;DOCOSECOAtr,1,0,22,25
ACGAM6PSi;DPHMBDCm,0,1,23,24
ACGAM6PSi;DPPS,0,1,23,24
ACGAM6PSi;DURIt,0,1,23,24
ACGAM6PSi;ETHPL,0,1,23,24
ACGAM6PSi;FA40ACPH,1,0,22,25
ACGAM6PSi;FACOAL204,1,0,22,25
ACGAM6PSi;FACOAL40im,1,0,22,25
ACGAM6PSi;FADH2ETC,1,0,22,25
ACGAM6PSi;FBA,0,1,23,24
ACGAM6PSi;FBA3,1,0,22,25
ACGAM6PSi;FCYTOB5OXRr,0,1,23,24
ACGAM6PSi;FKYNH,0,1,23,24
ACGAM6PSi;FRDPtc,0,1,23,24
ACGAM6PSi;G6PDH2r,0,1,23,24
ACGAM6PSi;G6PPer,0,1,23,24
ACGAM6PSi;G6Pter,3,1,20,24
ACGAM6PSi;GLCter,0,1,23,24
ACGAM6PSi;GLUt6,3,1,20,24
ACGAM6PSi;GLYC3Ptmc,1,0,22,25
ACGAM6PSi;GND,0,1,23,24
ACGAM6PSi;GPDDA1,0,1,23,24
ACGAM6PSi;GTPGDPtm,0,1,23,24
ACGAM6PSi;GUACYC,0,1,23,24
ACGAM6PSi;H2Oter,1,2,22,23
ACGAM6PSi;HBZOPT10m,0,1,23,24
ACGAM6PSi;HCO3E,0,1,23,24
ACGAM6PSi;HCO3Ee,0,1,23,24
ACGAM6PSi;HCO3Em,0,1,23,24
ACGAM6PSi;HCO3_NAt,0,1,23,24
ACGAM6PSi;HCO3tm,0,1,23,24
ACGAM6PSi;Htm,1,0,22,25
ACGAM6PSi;Htr,0,4,23,21
ACGAM6PSi;KCCt,1,0,22,25
ACGAM6PSi;KYNAKGAT,0,1,23,24
ACGAM6PSi;KYNATESYN,0,1,23,24
ACGAM6PSi;KYNATEtr,0,1,23,24
ACGAM6PSi;LDH_L,0,1,23,24
ACGAM6PSi;LPASE,0,1,23,24
ACGAM6PSi;L_LACt2r,0,1,23,24
ACGAM6PSi;MALACONtm,0,1,23,24
ACGAM6PSi;NADH2_u10m,0,1,23,24
ACGAM6PSi;NADHtru,0,1,23,24
ACGAM6PSi;NADPHtru,0,1,23,24
ACGAM6PSi;NADPtru,0,1,23,24
ACGAM6PSi;NADtru,0,1,23,24
ACGAM6PSi;NKCCt,1,0,22,25
ACGAM6PSi;OCDE9ECOAtr,2,0,21,25
ACGAM6PSi;PFK,0,1,23,24
ACGAM6PSi;PFK_3,1,0,22,25
ACGAM6PSi;PGI,1,4,22,21
ACGAM6PSi;PGL,0,1,23,24
ACGAM6PSi;PIGTHRDLtm,0,1,23,24
ACGAM6PSi;PIt2m,0,1,23,24
ACGAM6PSi;PIt7,1,0,22,25
ACGAM6PSi;PIt8,0,3,23,22
ACGAM6PSi;PIt9,1,0,22,25
ACGAM6PSi;PPAer,0,4,23,21
ACGAM6PSi;PPAm,0,1,23,24
ACGAM6PSi;PPIPItr,0,4,23,21
ACGAM6PSi;PPItm,0,1,23,24
ACGAM6PSi;PROGLUtm,0,1,23,24
ACGAM6PSi;Q10H2e,0,1,23,24
ACGAM6PSi;RPI,0,1,23,24
ACGAM6PSi;R_group_phosphotase_1,0,1,23,24
ACGAM6PSi;SE10,1,0,22,25
ACGAM6PSi;SOAT6,1,0,22,25
ACGAM6PSi;T4HCINNMFM,0,1,23,24
ACGAM6PSi;TALA,0,1,23,24
ACGAM6PSi;THRA,0,1,23,24
ACGAM6PSi;TPI,4,0,19,25
ACGAM6PSi;TRPO2,0,1,23,24
ACGAM6PSi;TXA2tr,0,3,23,22
ACGAM6PSi;TXB2c,0,3,23,22
ACGAM6PSi;TXB2r,0,3,23,22
ACGAM6PSi;TXB2tr,0,3,23,22
ACGAM6PSi;TYRTAm,0,1,23,24
ACGAM6PSi;TYRtl,0,1,23,24
ACGAM6PSi;q10h2tc,0,1,23,24
ACGAMK;Htr,0,1,23,24
ACGAMPM;ACOAS,0,1,23,24
ACGAMPM;ACOATE221,1,0,22,25
ACGAMPM;ACONTa,0,1,23,24
ACGAMPM;ACONTam,0,1,23,24
ACGAMPM;ACRNtm,0,1,23,24
ACGAMPM;ADK3m,0,1,23,24
ACGAMPM;AKGACONtm,0,2,23,23
ACGAMPM;AKGGHTRDtm,0,1,23,24
ACGAMPM;AKGLACte,0,1,23,24
ACGAMPM;ALAGLNexR,1,0,22,25
ACGAMPM;AMETt2m,0,1,23,24
ACGAMPM;ARACHDCOAtr,1,0,22,25
ACGAMPM;ARACHDtr,1,0,22,25
ACGAMPM;ARTFR42,2,0,21,25
ACGAMPM;ARTPLM1,0,1,23,24
ACGAMPM;BUTt2m,1,0,22,25
ACGAMPM;CGMPt,0,1,23,24
ACGAMPM;CITtam,0,1,23,24
ACGAMPM;CLHCOtex,0,1,23,24
ACGAMPM;COAtr,1,0,22,25
ACGAMPM;COQ3m,0,1,23,24
ACGAMPM;COQ5m,0,1,23,24
ACGAMPM;COQ6m,0,1,23,24
ACGAMPM;COQ7m,0,1,23,24
ACGAMPM;COUCOAFm,0,1,23,24
ACGAMPM;CRNtim,0,1,23,24
ACGAMPM;CSNATm,0,1,23,24
ACGAMPM;CSNATr,0,1,23,24
ACGAMPM;CYOOm2,1,0,22,25
ACGAMPM;CYOR_u10m,1,0,22,25
ACGAMPM;DECDPtm,0,1,23,24
ACGAMPM;DHDPBMTm,0,1,23,24
ACGAMPM;DOCO13ACtr,1,0,22,25
ACGAMPM;DOCOSECOAtr,1,0,22,25
ACGAMPM;DPHMBDCm,0,1,23,24
ACGAMPM;DPPS,0,1,23,24
ACGAMPM;DURIt,0,1,23,24
ACGAMPM;ETHPL,0,1,23,24
ACGAMPM;FA40ACPH,1,0,22,25
ACGAMPM;FACOAL204,1,0,22,25
ACGAMPM;FACOAL40im,1,0,22,25
ACGAMPM;FADH2ETC,1,0,22,25
ACGAMPM;FBA,0,1,23,24
ACGAMPM;FBA3,1,0,22,25
ACGAMPM;FCYTOB5OXRr,0,1,23,24
ACGAMPM;FKYNH,0,1,23,24
ACGAMPM;FRDPtc,0,1,23,24
ACGAMPM;G6PDH2r,0,1,23,24
ACGAMPM;G6PPer,0,1,23,24
ACGAMPM;G6Pter,3,1,20,24
ACGAMPM;GLCter,0,1,23,24
ACGAMPM;GLUt6,3,1,20,24
ACGAMPM;GLYC3Ptmc,1,0,22,25
ACGAMPM;GND,0,1,23,24
ACGAMPM;GPDDA1,0,1,23,24
ACGAMPM;GTPGDPtm,0,1,23,24
ACGAMPM;GUACYC,0,1,23,24
ACGAMPM;H2Oter,1,2,22,23
ACGAMPM;HBZOPT10m,0,1,23,24
ACGAMPM;HCO3E,0,1,23,24
ACGAMPM;HCO3Ee,0,1,23,24
ACGAMPM;HCO3Em,0,1,23,24
ACGAMPM;HCO3_NAt,0,1,23,24
ACGAMPM;HCO3tm,0,1,23,24
ACGAMPM;Htm,1,0,22,25
ACGAMPM;Htr,0,4,23,21
ACGAMPM;KCCt,1,0,22,25
ACGAMPM;KYNAKGAT,0,1,23,24
ACGAMPM;KYNATESYN,0,1,23,24
ACGAMPM;KYNATEtr,0,1,23,24
ACGAMPM;LDH_L,0,1,23,24
ACGAMPM;LPASE,0,1,23,24
ACGAMPM;L_LACt2r,0,1,23,24
ACGAMPM;MALACONtm,0,1,23,24
ACGAMPM;NADH2_u10m,0,1,23,24
ACGAMPM;NADHtru,0,1,23,24
ACGAMPM;NADPHtru,0,1,23,24
ACGAMPM;NADPtru,0,1,23,24
ACGAMPM;NADtru,0,1,23,24
ACGAMPM;NKCCt,1,0,22,25
ACGAMPM;OCDE9ECOAtr,2,0,21,25
ACGAMPM;PFK,0,1,23,24
ACGAMPM;PFK_3,1,0,22,25
ACGAMPM;PGI,1,4,22,21
ACGAMPM;PGL,0,1,23,24
ACGAMPM;PIGTHRDLtm,0,1,23,24
ACGAMPM;PIt2m,0,1,23,24
ACGAMPM;PIt7,1,0,22,25
ACGAMPM;PIt8,0,3,23,22
ACGAMPM;PIt9,1,0,22,25
ACGAMPM;PPAer,0,4,23,21
ACGAMPM;PPAm,0,1,23,24
ACGAMPM;PPIPItr,0,4,23,21
ACGAMPM;PPItm,0,1,23,24
ACGAMPM;PROGLUtm,0,1,23,24
ACGAMPM;Q10H2e,0,1,23,24
ACGAMPM;RPI,0,1,23,24
ACGAMPM;R_group_phosphotase_1,0,1,23,24
ACGAMPM;SE10,1,0,22,25
ACGAMPM;SOAT6,1,0,22,25
ACGAMPM;T4HCINNMFM,0,1,23,24
ACGAMPM;TALA,0,1,23,24
ACGAMPM;THRA,0,1,23,24
ACGAMPM;TPI,4,0,19,25
ACGAMPM;TRPO2,0,1,23,24
ACGAMPM;TXA2tr,0,3,23,22
ACGAMPM;TXB2c,0,3,23,22
ACGAMPM;TXB2r,0,3,23,22
ACGAMPM;TXB2tr,0,3,23,22
ACGAMPM;TYRTAm,0,1,23,24
ACGAMPM;TYRtl,0,1,23,24
ACGAMPM;q10h2tc,0,1,23,24
ACGAMtly;GPDDA1,0,1,23,24
ACGAMtly;Htr,0,1,23,24
ACGAMtly;LPASE,0,1,23,24
ACGAMtly;R_group_phosphotase_1,0,1,23,24
ACGLYtc;BUTt2m,1,0,22,25
ACGLYtc;FA40ACPH,1,0,22,25
ACGLYtc;FACOAL40im,1,0,22,25
ACGLYte;BUTt2m,1,0,22,25
ACGLYte;FA40ACPH,1,0,22,25
ACGLYte;FACOAL40im,1,0,22,25
ACHtn;ACOAS,0,1,23,24
ACHtn;ALDD2y,0,1,23,24
ACHtn;ASPPROASCT1,0,1,23,24
ACHtn;HCO3Em,0,1,23,24
ACHtn;HCO3tm,0,1,23,24
ACHtn;THRA,0,1,23,24
ACITL;ACOAS,1,0,22,25
ACITL;ACOD,0,1,23,24
ACITL;ACONTa,0,1,23,24
ACITL;ACONTam,0,1,23,24
ACITL;ADK1m,0,1,23,24
ACITL;AKGDa1,1,0,22,25
ACITL;AKGDa2,1,0,22,25
ACITL;AKGDb,1,0,22,25
ACITL;ALDD2y,1,0,22,25
ACITL;ASPGLUm,0,1,23,24
ACITL;ASPTAm,0,1,23,24
ACITL;CITMCOAHm,0,1,23,24
ACITL;CITMCOALm,0,1,23,24
ACITL;COAtp,0,1,23,24
ACITL;CRNCARtp,0,1,23,24
ACITL;CSNATp,0,1,23,24
ACITL;CSNATr,0,1,23,24
ACITL;CSm,0,1,23,24
ACITL;HCO3Em,1,1,22,24
ACITL;HCO3_NAt,1,0,22,25
ACITL;HCO3tm,1,1,22,24
ACITL;HMGCOAtx,0,1,23,24
ACITL;HMGLx,0,1,23,24
ACITL;ICDHxrm,0,1,23,24
ACITL;ITCOALm,0,1,23,24
ACITL;Kte,0,1,23,24
ACITL;LEUTA,0,1,23,24
ACITL;LEUTAm,0,1,23,24
ACITL;LEUt5m,0,1,23,24
ACITL;OXALSUCCCLm,0,1,23,24
ACITL;PPAm,0,1,23,24
ACITL;PROGLUtm,1,0,22,25
ACITL;PROtm,1,0,22,25
ACITL;THRA,1,0,22,25
ACLYSHYc;IMAGH,1,0,22,25
ACLYSt;IMAGH,1,0,22,25
ACNAM9PL;TPI,7,0,16,25
ACNAMPH;TPI,7,0,16,25
ACNMLr;GPDDA1,0,1,23,24
ACNMLr;LPASE,0,1,23,24
ACNMLr;METDECARc,1,0,22,25
ACNMLr;METTRANSc,1,0,22,25
ACNMLr;PPAer,0,1,23,24
ACNMLr;PPIPItr,0,1,23,24
ACNMLr;R_group_phosphotase_1,0,1,23,24
ACOA40ORm;ACOAD8m,2,0,21,25
ACOA40ORm;DHRT_ivcoa,2,0,21,25
ACOA40ORm;DLD,2,0,21,25
ACOA40ORm;HCO3Em,1,0,22,25
ACOA40ORm;LEUTA,1,0,22,25
ACOA40ORm;LEUTAm,1,0,22,25
ACOA40ORm;LEUt5m,1,0,22,25
ACOA40ORm;MCCCm,2,0,21,25
ACOA40ORm;MGCHrm,2,0,21,25
ACOA40ORm;MOD_3mhop,2,0,21,25
ACOA40ORm;TYROX,1,0,22,25
ACOA40ORm;TYRTA,1,0,22,25
ACOAD100m;BUTt2m,1,2,22,23
ACOAD100m;FA40ACPH,1,2,22,23
ACOAD100m;FACOAL40im,1,2,22,23
ACOAD10m;ACOAD8m,0,1,23,24
ACOAD10m;ARTFR52,2,1,21,24
ACOAD10m;ARTPLM1,0,1,23,24
ACOAD10m;CYP2R1,0,1,23,24
ACOAD10m;DHRT_ivcoa,0,1,23,24
ACOAD10m;FAE200,2,1,21,24
ACOAD10m;FAE220,2,1,21,24
ACOAD10m;FAE240,2,1,21,24
ACOAD10m;FAE260,2,1,21,24
ACOAD10m;FBA,1,0,22,25
ACOAD10m;G3PD2m,1,0,22,25
ACOAD10m;G6PDH1rer,1,0,22,25
ACOAD10m;G6PDH2rer,1,0,22,25
ACOAD10m;H2Oter,1,0,22,25
ACOAD10m;HACD200,2,1,21,24
ACOAD10m;HACD220,2,1,21,24
ACOAD10m;HACD240,2,1,21,24
ACOAD10m;HACD260,2,1,21,24
ACOAD10m;HCO3Em,0,1,23,24
ACOAD10m;HEXCCOAtr,2,1,21,24
ACOAD10m;HSD200,2,1,21,24
ACOAD10m;HSD220,2,1,21,24
ACOAD10m;HSD240,2,1,21,24
ACOAD10m;HSD260,2,1,21,24
ACOAD10m;LEUTAm,0,1,23,24
ACOAD10m;LEUt5m,0,1,23,24
ACOAD10m;MCCCm,0,1,23,24
ACOAD10m;MGCHrm,0,1,23,24
ACOAD10m;MOD_3mhop,0,1,23,24
ACOAD10m;PFK2,1,0,22,25
ACOAD10m;PGI,1,0,22,25
ACOAD10m;PVD3,0,1,23,24
ACOAD10m;RTOT5,2,1,21,24
ACOAD10m;TECR200,2,1,21,24
ACOAD10m;TECR220,2,1,21,24
ACOAD10m;TECR240,2,1,21,24
ACOAD10m;TECR260,2,1,21,24
ACOAD10m;VD3,0,1,23,24
ACOAD140m;BUTt2m,1,2,22,23
ACOAD140m;FA40ACPH,1,2,22,23
ACOAD140m;FACOAL40im,1,2,22,23
ACOAD1fm;ACOAD8m,1,0,22,25
ACOAD1fm;DHRT_ivcoa,1,0,22,25
ACOAD1fm;DLD,1,0,22,25
ACOAD1fm;GLUDxm,1,0,22,25
ACOAD1fm;LEUTAm,1,0,22,25
ACOAD1fm;LEUt5m,1,0,22,25
ACOAD1fm;MCCCm,1,0,22,25
ACOAD1fm;MGCHrm,1,0,22,25
ACOAD1fm;MOD_3mhop,1,0,22,25
ACOAD1fm;NH4tm,1,0,22,25
ACOAD225n3p;ACOAD241n9p,0,1,23,24
ACOAD225n3p;ACOATE204,0,1,23,24
ACOAD225n3p;DESAT18_1,0,1,23,24
ACOAD225n3p;ESTRADIOLtr,0,1,23,24
ACOAD225n3p;ESTRONEtr,0,1,23,24
ACOAD225n3p;FAE180,0,1,23,24
ACOAD225n3p;FAE201,0,1,23,24
ACOAD225n3p;FAE221,0,1,23,24
ACOAD225n3p;FAE241,0,1,23,24
ACOAD225n3p;HACD180,0,1,23,24
ACOAD225n3p;HACD201,0,1,23,24
ACOAD225n3p;HACD221,0,1,23,24
ACOAD225n3p;HACD241,0,1,23,24
ACOAD225n3p;HSD17B1,0,1,23,24
ACOAD225n3p;HSD17B8r,0,1,23,24
ACOAD225n3p;HSD180,0,1,23,24
ACOAD225n3p;HSD201,0,1,23,24
ACOAD225n3p;HSD221,0,1,23,24
ACOAD225n3p;HSD241,0,1,23,24
ACOAD225n3p;Htx,0,1,23,24
ACOAD225n3p;LDH_L,0,1,23,24
ACOAD225n3p;NRVNCCOAtr,0,1,23,24
ACOAD225n3p;NRVNCCOAtxc,0,1,23,24
ACOAD225n3p;PMTCOAFABP1tc,0,1,23,24
ACOAD225n3p;PPA,0,2,23,23
ACOAD225n3p;RPI,0,1,23,24
ACOAD225n3p;TECR180,0,1,23,24
ACOAD225n3p;TECR201,0,1,23,24
ACOAD225n3p;TECR221,0,1,23,24
ACOAD225n3p;TECR241,0,1,23,24
ACOAD225n3p;TPI,0,1,23,24
ACOAD241n9p;ARACHDCOAtr,0,1,23,24
ACOAD241n9p;DCSPTN1COAtr,0,1,23,24
ACOAD241n9p;DCSPTN1COAtxc,0,1,23,24
ACOAD241n9p;DDCI225n3p,0,1,23,24
ACOAD241n9p;DECR226n3p,0,1,23,24
ACOAD241n9p;DESAT22_1p,0,1,23,24
ACOAD241n9p;FAE224,0,1,23,24
ACOAD241n9p;G6PDH1rer,0,1,23,24
ACOAD241n9p;G6PDH2rer,0,2,23,23
ACOAD241n9p;G6Pter,0,2,23,23
ACOAD241n9p;HACD224,0,1,23,24
ACOAD241n9p;HSD224,0,1,23,24
ACOAD241n9p;Htr,0,6,23,19
ACOAD241n9p;NADPHtru,1,0,22,25
ACOAD241n9p;NADPHtxu,0,1,23,24
ACOAD241n9p;NADPtru,1,0,22,25
ACOAD241n9p;NADPtxu,0,1,23,24
ACOAD241n9p;PIt8,0,1,23,24
ACOAD241n9p;PPIPItr,0,1,23,24
ACOAD241n9p;PPItr,0,1,23,24
ACOAD241n9p;TECR224,0,1,23,24
ACOAD60m;BUTt2m,1,2,22,23
ACOAD60m;FA40ACPH,1,2,22,23
ACOAD60m;FACOAL40im,1,2,22,23
ACOAD80m;BUTt2m,1,2,22,23
ACOAD80m;FA40ACPH,1,2,22,23
ACOAD80m;FACOAL40im,1,2,22,23
ACOAD8m;ACOAS,0,1,23,24
ACOAD8m;ACOD,0,1,23,24
ACOAD8m;ACRNtm,0,1,23,24
ACOAD8m;ADK1m,0,1,23,24
ACOAD8m;AMPt4,2,0,21,25
ACOAD8m;ATPt4,1,0,22,25
ACOAD8m;CITMCOAHm,0,1,23,24
ACOAD8m;CITMCOALm,0,1,23,24
ACOAD8m;COAtp,0,1,23,24
ACOAD8m;CRNCARtp,0,1,23,24
ACOAD8m;CRNtim,0,1,23,24
ACOAD8m;CSNATm,0,1,23,24
ACOAD8m;CSNATp,0,1,23,24
ACOAD8m;DHRT_2mbcoa,0,1,23,24
ACOAD8m;ECOAH1m,3,0,20,25
ACOAD8m;ECOAH9m,0,1,23,24
ACOAD8m;GLUt2m,0,1,23,24
ACOAD8m;GTPGDPtm,1,0,22,25
ACOAD8m;H2Ot,1,0,22,25
ACOAD8m;HACD1m,3,0,20,25
ACOAD8m;HACD9m,0,1,23,24
ACOAD8m;HCO3_NAt,0,1,23,24
ACOAD8m;HMGCOASim,3,1,20,24
ACOAD8m;HMGCOAtx,0,1,23,24
ACOAD8m;HMGLx,0,1,23,24
ACOAD8m;Htm,1,0,22,25
ACOAD8m;ICDHyrm,0,1,23,24
ACOAD8m;ILETAm,0,1,23,24
ACOAD8m;ILEt5m,0,1,23,24
ACOAD8m;ITCOALm,0,1,23,24
ACOAD8m;OXALSUCCCLm,0,1,23,24
ACOAD8m;PPAm,0,1,23,24
ACOAD8m;PPIOGLYc,0,1,23,24
ACOAD8m;PPIOGLYte,0,1,23,24
ACOAD8m;PPIOGLYtm,0,1,23,24
ACOAD8m;PPItm,1,0,22,25
ACOAD8m;PROAKGOX1m,1,0,22,25
ACOAD8m;PROGLUtm,1,0,22,25
ACOAD8m;PROtm,1,0,22,25
ACOAD8m;SUCOAS1m,1,0,22,25
ACOAD8m;THRA,0,1,23,24
ACOAHim;CHSTEROLt2,1,0,22,25
ACOAHim;DHFR,1,0,22,25
ACOAHim;DHFRx,1,0,22,25
ACOAHim;DHFtm,1,0,22,25
ACOAHim;HSD3B11,1,0,22,25
ACOAHim;P45011A1m,1,0,22,25
ACOAHim;PE_HStm,1,0,22,25
ACOAHim;PRGNLONEtm,1,0,22,25
ACOAHim;PRGSTRNt,1,0,22,25
ACOAHim;PSDm_hs,1,0,22,25
ACOAHim;PSFLIPm,1,0,22,25
ACOAHim;THFtm,1,0,22,25
ACOAS;ACITLn,0,1,23,24
ACOAS;ACOATE191p,0,1,23,24
ACOAS;ACOD,1,1,22,24
ACOAS;ACONTa,1,1,22,24
ACOAS;ACONTb,1,0,22,25
ACOAS;ACONTbm,1,0,22,25
ACOAS;ADK1m,0,1,23,24
ACOAS;ADKd,0,1,23,24
ACOAS;ADPtn,0,1,23,24
ACOAS;AGTix,0,1,23,24
ACOAS;AKGSUCCtm,1,0,22,25
ACOAS;ARTFR12,0,1,23,24
ACOAS;ASP1DC,0,1,23,24
ACOAS;ATPtn,0,1,23,24
ACOAS;C161CPT1,0,1,23,24
ACOAS;CACT4r,0,1,23,24
ACOAS;CATp,0,1,23,24
ACOAS;CAt7r,1,0,22,25
ACOAS;CGMPt,0,1,23,24
ACOAS;CHAT,0,1,23,24
ACOAS;CHATn,0,1,23,24
ACOAS;CHOLtn,0,1,23,24
ACOAS;CITMCOAHm,1,1,22,24
ACOAS;CITMCOALm,1,1,22,24
ACOAS;CITSUCCtm,1,0,22,25
ACOAS;CITtn,0,1,23,24
ACOAS;COAtp,0,1,23,24
ACOAS;COAtr,0,1,23,24
ACOAS;CRNCARtp,0,1,23,24
ACOAS;CSNATp,0,1,23,24
ACOAS;CSNATr,0,1,23,24
ACOAS;DESAT16_1,0,1,23,24
ACOAS;DHRT_ivcoa,0,1,23,24
ACOAS;DLD,0,1,23,24
ACOAS;FACOAL191,0,1,23,24
ACOAS;FBA3,0,1,23,24
ACOAS;G6PDH2r,0,1,23,24
ACOAS;G6PPer,0,1,23,24
ACOAS;GALU,0,1,23,24
ACOAS;GCALDD,0,1,23,24
ACOAS;GF6PTA,0,1,23,24
ACOAS;GLCter,0,1,23,24
ACOAS;GLUDym,0,2,23,23
ACOAS;GLUPROASCT1,1,0,22,25
ACOAS;GLUt2m,0,1,23,24
ACOAS;GLUt6,1,0,22,25
ACOAS;GLYCLTtp,0,1,23,24
ACOAS;GLYCTO1p,0,1,23,24
ACOAS;GLYt2r,2,0,21,25
ACOAS;GLYtp,0,1,23,24
ACOAS;GND,0,1,23,24
ACOAS;GUACYC,0,1,23,24
ACOAS;HAS1,0,1,23,24
ACOAS;HAS2,0,1,23,24
ACOAS;HMGCOAtx,0,1,23,24
ACOAS;HMGL,1,0,22,25
ACOAS;HMGLx,0,1,23,24
ACOAS;HPYRDC,0,1,23,24
ACOAS;HPYRtp,0,1,23,24
ACOAS;HYALe,0,1,23,24
ACOAS;Htx,0,1,23,24
ACOAS;ICDHyrm,1,1,22,24
ACOAS;ICITCITtm,1,0,22,25
ACOAS;ITCOAL1m,1,0,22,25
ACOAS;ITCOALm,0,1,23,24
ACOAS;KCCt,1,0,22,25
ACOAS;LEUTAm,0,1,23,24
ACOAS;LEUt5m,0,1,23,24
ACOAS;MALACONtm,0,1,23,24
ACOAS;MCCCm,0,1,23,24
ACOAS;MDH,0,1,23,24
ACOAS;MGCHrm,0,1,23,24
ACOAS;MOD_3mhop,0,1,23,24
ACOAS;NADH2_u10m,0,2,23,23
ACOAS;NADHtru,0,1,23,24
ACOAS;NADtru,0,1,23,24
ACOAS;NCNt,1,0,22,25
ACOAS;NH4t3r,0,1,23,24
ACOAS;NH4tm,0,2,23,23
ACOAS;O2tp,0,1,23,24
ACOAS;OAAtn,0,1,23,24
ACOAS;OROTGLUt,0,1,23,24
ACOAS;OROTte,0,1,23,24
ACOAS;OXALSUCCCLm,2,1,21,24
ACOAS;PFK_3,0,1,23,24
ACOAS;PGL,0,1,23,24
ACOAS;PGMT,0,1,23,24
ACOAS;PIt2m,0,1,23,24
ACOAS;PIt8,0,1,23,24
ACOAS;PItn,0,1,23,24
ACOAS;PLMCOAPTr,0,1,23,24
ACOAS;PMTCOAFABP1tc,0,1,23,24
ACOAS;PPAm,0,1,23,24
ACOAS;PRISTCOAtcx,0,1,23,24
ACOAS;PRISTtx,0,1,23,24
ACOAS;PROGLUtm,0,2,23,23
ACOAS;PROtm,0,1,23,24
ACOAS;PYRtm,0,1,23,24
ACOAS;RADH,0,1,23,24
ACOAS;RADH3,0,1,23,24
ACOAS;RAI3,0,1,23,24
ACOAS;RDH1a,0,1,23,24
ACOAS;RDH4,0,1,23,24
ACOAS;RETI3,0,1,23,24
ACOAS;RPE,0,1,23,24
ACOAS;SERtp,0,1,23,24
ACOAS;SPTx,0,1,23,24
ACOAS;TKT1,0,1,23,24
ACOAS;TKT2,0,1,23,24
ACOAS;TYROX,1,0,22,25
ACOAS;TYRTA,1,0,22,25
ACOAS;UAGDP,0,1,23,24
ACOAS;UDPGD,0,1,23,24
ACOATE100m;BUTt2m,1,2,22,23
ACOATE100m;FA40ACPH,1,2,22,23
ACOATE100m;FACOAL40im,1,2,22,23
ACOATE191p;THRA,0,1,23,24
ACOATE204;ARACHDCOAtr,0,1,23,24
ACOATE204;DCSPTN1COAtr,0,1,23,24
ACOATE204;DCSPTN1COAtxc,0,1,23,24
ACOATE204;DDCI225n3p,0,1,23,24
ACOATE204;DECR226n3p,0,1,23,24
ACOATE204;DESAT22_1p,0,1,23,24
ACOATE204;FAE224,0,1,23,24
ACOATE204;G6PDH1rer,0,1,23,24
ACOATE204;G6PDH2rer,0,1,23,24
ACOATE204;G6Pter,0,2,23,23
ACOATE204;HACD224,0,1,23,24
ACOATE204;HSD224,0,1,23,24
ACOATE204;Htr,0,5,23,20
ACOATE204;NADPHtxu,0,1,23,24
ACOATE204;NADPtxu,0,1,23,24
ACOATE204;PIt8,0,1,23,24
ACOATE204;PPIPItr,0,1,23,24
ACOATE204;PPItr,0,1,23,24
ACOATE204;TECR224,0,1,23,24
ACOATE221;B3GNT51g,1,0,22,25
ACOATE221;CERT2rt,1,0,22,25
ACOATE221;G6PPer,0,1,23,24
ACOATE221;G6Pter,1,0,22,25
ACOATE221;GALGLUSIDEtg,1,0,22,25
ACOATE221;GALGLUSIDEtr,1,0,22,25
ACOATE221;GDPFUCtg,1,0,22,25
ACOATE221;GDPtg,1,0,22,25
ACOATE221;GF6PTA,1,0,22,25
ACOATE221;GFUCSx,1,0,22,25
ACOATE221;GLCter,0,1,23,24
ACOATE221;GMAND,1,0,22,25
ACOATE221;GMPtg,1,0,22,25
ACOATE221;H2Otg,1,0,22,25
ACOATE221;Htg,1,0,22,25
ACOATE221;MAN1PT2,1,0,22,25
ACOATE221;MAN6PI,1,0,22,25
ACOATE221;NDP7g,1,0,22,25
ACOATE221;PItg,1,0,22,25
ACOATE221;PMANM,1,0,22,25
ACOATE221;UAGDP,1,0,22,25
ACOATE221;UDPG4E,1,0,22,25
ACOATE221;UDPGALt2r,1,0,22,25
ACOATE221;UDPGALtg,1,0,22,25
ACOATE221;UDPGGPGTr,1,0,22,25
ACOATE221;UGCGc,1,0,22,25
ACOATE221;UGLCNACtg,1,0,22,25
ACOATE221;UMPtr,1,0,22,25
ACOATE80m;SBTR,0,1,23,24
ACOATE80m;SBT_Dtde,0,1,23,24
ACOD;ACONTa,0,1,23,24
ACOD;ACONTam,0,4,23,21
ACOD;ACRNtm,0,2,23,23
ACOD;ADK3m,0,1,23,24
ACOD;ADPt4,0,1,23,24
ACOD;AHCYStn,0,1,23,24
ACOD;AKGACONtm,0,1,23,24
ACOD;AKGDa1,1,1,22,24
ACOD;AKGDa2,1,1,22,24
ACOD;AKGDb,1,1,22,24
ACOD;AKGMALtm,0,1,23,24
ACOD;AKGtn,0,1,23,24
ACOD;ALCD1,0,1,23,24
ACOD;ALDD2y,1,0,22,25
ACOD;AMETEPMT,0,1,23,24
ACOD;AMETtn,0,1,23,24
ACOD;AMPt4,0,1,23,24
ACOD;ARTFR12,0,1,23,24
ACOD;ASPGLUm,0,3,23,22
ACOD;ASPPROASCT1,0,1,23,24
ACOD;ASPTAm,0,3,23,22
ACOD;ATPtm,0,2,23,23
ACOD;C161CPT1,0,1,23,24
ACOD;CACT4r,0,1,23,24
ACOD;CCA_D3t,0,1,23,24
ACOD;CCA_D3tm,0,1,23,24
ACOD;CO2tn,0,1,23,24
ACOD;COAtr,0,1,23,24
ACOD;CRNtim,0,2,23,23
ACOD;CSNATm,0,2,23,23
ACOD;CSNATr,0,1,23,24
ACOD;DESAT16_1,0,1,23,24
ACOD;DHFR,0,1,23,24
ACOD;DHFRm,0,1,23,24
ACOD;DHFtm,0,1,23,24
ACOD;DHRT_ivcoa,0,1,23,24
ACOD;DLD,0,2,23,23
ACOD;ETHPL,0,1,23,24
ACOD;FALDtn,0,1,23,24
ACOD;FCYTOB5OXRyr,1,1,22,24
ACOD;GLUDxm,0,1,23,24
ACOD;HCO3_NAt,0,1,23,24
ACOD;HCO3tm,1,0,22,25
ACOD;ICDHxrm,0,1,23,24
ACOD;LEUTAm,0,1,23,24
ACOD;LEUt5m,0,1,23,24
ACOD;MCCCm,0,1,23,24
ACOD;MCITS,0,1,23,24
ACOD;ME1m,0,1,23,24
ACOD;MEOHt2,0,1,23,24
ACOD;MGCHrm,0,1,23,24
ACOD;MOD_3mhop,0,1,23,24
ACOD;NADHtru,0,1,23,24
ACOD;NADtru,0,1,23,24
ACOD;O2tn,0,1,23,24
ACOD;OAADC,0,1,23,24
ACOD;OBDHc,0,1,23,24
ACOD;OXALSUCCCLm,0,1,23,24
ACOD;PEMET1,0,1,23,24
ACOD;PEMET2,0,1,23,24
ACOD;PIt2m_2,0,2,23,23
ACOD;PLMCOAPTr,0,1,23,24
ACOD;PMTCOAFABP1tc,0,1,23,24
ACOD;SSALym,0,1,23,24
ACOD;SUCCACONtm,0,1,23,24
ACOD;SUCCt4_3,0,1,23,24
ACOD;SUCOAS1m,0,1,23,24
ACOD;THFtm,0,1,23,24
ACOD;THRA,1,1,22,24
ACONTa;ACONTam,0,4,23,21
ACONTa;ADK1m,0,1,23,24
ACONTa;ADK3m,0,1,23,24
ACONTa;ADNK3,0,1,23,24
ACONTa;AHC,0,1,23,24
ACONTa;AKGACONtm,0,1,23,24
ACONTa;AKGCITtm,0,2,23,23
ACONTa;AKGDa1,1,0,22,25
ACONTa;AKGDa2,1,0,22,25
ACONTa;AKGDb,1,0,22,25
ACONTa;AKGGHTRDtm,0,1,23,24
ACONTa;AKGICITtm,0,1,23,24
ACONTa;AKGMALtm,0,1,23,24
ACONTa;ALDD2y,1,1,22,24
ACONTa;AMETt2m,0,1,23,24
ACONTa;ASPGLUm,0,1,23,24
ACONTa;ASPPROASCT1,0,1,23,24
ACONTa;ASPTAm,0,1,23,24
ACONTa;ATPAMPtp,0,1,23,24
ACONTa;ATPtm,0,2,23,23
ACONTa;B3GNT39g,0,1,23,24
ACONTa;B3GNT51g,0,1,23,24
ACONTa;C30CPT1,0,1,23,24
ACONTa;CERT2gt,0,1,23,24
ACONTa;CH25H,0,1,23,24
ACONTa;CITACONtm,0,2,23,23
ACONTa;CITMCOAHm,0,1,23,24
ACONTa;CITMCOALm,0,1,23,24
ACONTa;CLHCOtex,0,1,23,24
ACONTa;CO2tm,0,2,23,23
ACONTa;COAtp,0,1,23,24
ACONTa;COQ3m,0,1,23,24
ACONTa;COQ5m,0,1,23,24
ACONTa;COQ6m,0,1,23,24
ACONTa;COQ7m,0,1,23,24
ACONTa;COUCOAFm,0,1,23,24
ACONTa;CRNCAR3tp,0,1,23,24
ACONTa;CRNCARtp,0,1,23,24
ACONTa;CSNAT3x,0,1,23,24
ACONTa;CSNATp,0,1,23,24
ACONTa;CSNATr,0,1,23,24
ACONTa;CSm,0,1,23,24
ACONTa;CYSGLYex,0,1,23,24
ACONTa;CYSTGL,0,1,23,24
ACONTa;CYSTS,0,1,23,24
ACONTa;DECDPtm,0,1,23,24
ACONTa;DHDPBMTm,0,1,23,24
ACONTa;DPHMBDCm,0,1,23,24
ACONTa;DPPS,0,1,23,24
ACONTa;ENO,0,1,23,24
ACONTa;FOLR2,1,0,22,25
ACONTa;FRDPtc,0,1,23,24
ACONTa;G6PDH2r,0,1,23,24
ACONTa;GAPD,0,1,23,24
ACONTa;GDPFUCtg,0,1,23,24
ACONTa;GDPtg,0,1,23,24
ACONTa;GF6PTA,0,1,23,24
ACONTa;GFUCS,0,1,23,24
ACONTa;GLYt2r,1,0,22,25
ACONTa;GMAND,0,1,23,24
ACONTa;GMPtg,0,1,23,24
ACONTa;GND,0,1,23,24
ACONTa;GTHOm,0,1,23,24
ACONTa;GTHPm,0,1,23,24
ACONTa;H2O2tm,0,1,23,24
ACONTa;H2Otg,0,1,23,24
ACONTa;HBZOPT10m,0,1,23,24
ACONTa;HCO3E,0,2,23,23
ACONTa;HCO3Ee,0,1,23,24
ACONTa;HCO3Em,1,3,22,22
ACONTa;HCO3_NAt,1,0,22,25
ACONTa;HCO3tm,1,2,22,23
ACONTa;HMGCOAtx,0,1,23,24
ACONTa;HMGLx,0,1,23,24
ACONTa;Htg,0,1,23,24
ACONTa;ICDHxrm,0,1,23,24
ACONTa;IMAGH,1,0,22,25
ACONTa;ITCOALm,0,1,23,24
ACONTa;Kte,0,1,23,24
ACONTa;LDH_L,0,2,23,23
ACONTa;LEUTA,0,1,23,24
ACONTa;LEUTAm,0,1,23,24
ACONTa;LEUt5m,0,1,23,24
ACONTa;L_LACt2r,0,2,23,23
ACONTa;MALACONtm,0,1,23,24
ACONTa;MAN1PT2,0,1,23,24
ACONTa;MAN6PI,0,1,23,24
ACONTa;MCITS,0,2,23,23
ACONTa;MDH,0,1,23,24
ACONTa;MDHm,0,1,23,24
ACONTa;METAT,0,1,23,24
ACONTa;NADH2_u10m,0,1,23,24
ACONTa;NDP7g,0,1,23,24
ACONTa;O2tp,0,1,23,24
ACONTa;OAADC,0,1,23,24
ACONTa;OBDHc,0,1,23,24
ACONTa;OXALSUCCCLm,0,1,23,24
ACONTa;PGK,0,1,23,24
ACONTa;PGL,0,1,23,24
ACONTa;PGM,0,1,23,24
ACONTa;PIGTHRDLtm,0,1,23,24
ACONTa;PIt2m_2,0,1,23,24
ACONTa;PItg,0,1,23,24
ACONTa;PMANM,0,1,23,24
ACONTa;PPAm,0,2,23,23
ACONTa;PROGLUtm,1,0,22,25
ACONTa;PROtm,1,0,22,25
ACONTa;PYK7,0,1,23,24
ACONTa;Q10H2e,0,1,23,24
ACONTa;SBTR,0,1,23,24
ACONTa;SBT_Dtde,0,1,23,24
ACONTa;T4HCINNMFM,0,1,23,24
ACONTa;THRA,1,1,22,24
ACONTa;TPI,0,1,23,24
ACONTa;TYRTAm,0,1,23,24
ACONTa;TYRtl,0,1,23,24
ACONTa;UAGDP,0,1,23,24
ACONTa;UDPG4E,0,1,23,24
ACONTa;UDPGALtg,0,1,23,24
ACONTa;UGCGc,0,1,23,24
ACONTa;UGLCNACtg,0,1,23,24
ACONTa;XOL25OHOR,0,1,23,24
ACONTa;q10h2tc,0,1,23,24
ACONTam;ADK1m,0,1,23,24
ACONTam;AHCYStn,0,1,23,24
ACONTam;AKGACONtm,0,3,23,22
ACONTam;AKGCITtm,0,2,23,23
ACONTam;AKGICITtm,0,1,23,24
ACONTam;AKGtn,0,1,23,24
ACONTam;ALCD1,0,1,23,24
ACONTam;AMETEPMT,0,1,23,24
ACONTam;AMETtn,0,1,23,24
ACONTam;ATPAMPtp,0,1,23,24
ACONTam;C30CPT1,0,1,23,24
ACONTam;CH25H,0,1,23,24
ACONTam;CITACONtm,0,2,23,23
ACONTam;CITMCOAHm,0,4,23,21
ACONTam;CITMCOALm,0,4,23,21
ACONTam;CO2tm,0,1,23,24
ACONTam;CO2tn,0,1,23,24
ACONTam;COAtp,0,1,23,24
ACONTam;CRNCAR3tp,0,1,23,24
ACONTam;CRNCARtp,0,1,23,24
ACONTam;CSNAT3x,0,1,23,24
ACONTam;CSNATp,0,1,23,24
ACONTam;CSNATr,0,1,23,24
ACONTam;CSm,0,4,23,21
ACONTam;DHFR,0,1,23,24
ACONTam;DHFR3m,0,1,23,24
ACONTam;DHFR3x,0,1,23,24
ACONTam;DHFRm,0,1,23,24
ACONTam;ENO,0,1,23,24
ACONTam;ETHPL,0,1,23,24
ACONTam;FALDtn,0,1,23,24
ACONTam;FCYTOB5OXRyr,0,1,23,24
ACONTam;FOLR2,1,0,22,25
ACONTam;FOLtm,0,1,23,24
ACONTam;GAPD,0,1,23,24
ACONTam;GF6PTA,0,1,23,24
ACONTam;GLUDxm,0,1,23,24
ACONTam;GLYt2r,1,0,22,25
ACONTam;HCO3E,0,1,23,24
ACONTam;HMGCOAtx,0,1,23,24
ACONTam;HMGLx,0,1,23,24
ACONTam;ICDHxrm,0,1,23,24
ACONTam;IMAGH,1,0,22,25
ACONTam;ITCOALm,0,4,23,21
ACONTam;LDH_L,0,2,23,23
ACONTam;L_LACt2r,0,2,23,23
ACONTam;MALACONtm,0,1,23,24
ACONTam;MCITS,0,1,23,24
ACONTam;MDHm,0,1,23,24
ACONTam;MEOHt2,0,1,23,24
ACONTam;NADH2_u10m,0,1,23,24
ACONTam;O2tn,0,1,23,24
ACONTam;O2tp,0,1,23,24
ACONTam;OAADC,0,1,23,24
ACONTam;OXALSUCCCLm,0,1,23,24
ACONTam;PEMET1,0,1,23,24
ACONTam;PEMET2,0,1,23,24
ACONTam;PGK,0,1,23,24
ACONTam;PGM,0,1,23,24
ACONTam;PPAm,0,1,23,24
ACONTam;PYK7,0,1,23,24
ACONTam;PYRtm,0,2,23,23
ACONTam;SBTR,0,1,23,24
ACONTam;SBT_Dtde,0,1,23,24
ACONTam;SUCCACONtm,0,1,23,24
ACONTam;SUCCt4_3,0,1,23,24
ACONTam;THFtm,0,1,23,24
ACONTam;TPI,0,1,23,24
ACONTam;UAGDP,0,1,23,24
ACONTam;XOL25OHOR,0,1,23,24
ACONTb;ACONTbm,0,3,23,22
ACONTb;ADK3m,0,1,23,24
ACONTb;AKGACONtm,0,1,23,24
ACONTb;AKGDa1,1,0,22,25
ACONTb;AKGDa2,1,0,22,25
ACONTb;AKGDb,1,0,22,25
ACONTb;AKGMALtm,0,1,23,24
ACONTb;ALDD2y,1,0,22,25
ACONTb;AMETt2m,0,1,23,24
ACONTb;ATPtm,0,1,23,24
ACONTb;COQ3m,0,1,23,24
ACONTb;COQ5m,0,1,23,24
ACONTb;COQ6m,0,1,23,24
ACONTb;COQ7m,0,1,23,24
ACONTb;COUCOAFm,0,1,23,24
ACONTb;DECDPtm,0,1,23,24
ACONTb;DHDPBMTm,0,1,23,24
ACONTb;DPHMBDCm,0,1,23,24
ACONTb;DPPS,0,1,23,24
ACONTb;FBA,0,1,23,24
ACONTb;FCYTOB5OXRyr,0,1,23,24
ACONTb;FRDPtc,0,1,23,24
ACONTb;GLUDym,0,1,23,24
ACONTb;H2Ot,0,1,23,24
ACONTb;HBZOPT10m,0,1,23,24
ACONTb;HCO3Em,1,0,22,25
ACONTb;HCO3_NAt,1,0,22,25
ACONTb;HCO3tm,1,0,22,25
ACONTb;PFK,0,1,23,24
ACONTb;PGI,0,1,23,24
ACONTb;PIt2m_2,0,1,23,24
ACONTb;PPAm,0,1,23,24
ACONTb;PROGLUtm,1,0,22,25
ACONTb;PROtm,1,0,22,25
ACONTb;Q10H2e,0,1,23,24
ACONTb;RDH1,0,1,23,24
ACONTb;RDH1a,0,1,23,24
ACONTb;SBTR,0,1,23,24
ACONTb;SBT_Dtde,0,1,23,24
ACONTb;T4HCINNMFM,0,1,23,24
ACONTb;THRA,1,0,22,25
ACONTb;TYRTAm,0,1,23,24
ACONTb;TYRtl,0,1,23,24
ACONTb;q10h2tc,0,1,23,24
ACONTbm;ACRNtm,0,1,23,24
ACONTbm;AKGACONtm,0,3,23,22
ACONTbm;AKGDa1,1,0,22,25
ACONTbm;AKGDa2,1,0,22,25
ACONTbm;AKGDb,1,0,22,25
ACONTbm;AKGICITtm,0,1,23,24
ACONTbm;ALDD2y,1,0,22,25
ACONTbm;CLHCOtex,0,1,23,24
ACONTbm;CRNtim,0,1,23,24
ACONTbm;CSNATm,0,1,23,24
ACONTbm;FBA,0,1,23,24
ACONTbm;FCYTOB5OXRyr,1,0,22,25
ACONTbm;GLUDym,0,1,23,24
ACONTbm;H2Ot,0,1,23,24
ACONTbm;HCO3Em,0,1,23,24
ACONTbm;HCO3tm,1,1,22,24
ACONTbm;ICITACONtm,0,2,23,23
ACONTbm;MALACONtm,0,1,23,24
ACONTbm;NADH2_u10m,0,1,23,24
ACONTbm;PFK,0,1,23,24
ACONTbm;RDH1,0,1,23,24
ACONTbm;RDH1a,0,1,23,24
ACONTbm;SBTR,0,2,23,23
ACONTbm;SBT_Dtde,0,2,23,23
ACONTbm;SUCCACONtm,0,1,23,24
ACONTbm;SUCCt4_3,0,1,23,24
ACONTbm;THRA,1,0,22,25
ACRNtm;ADK1m,0,1,23,24
ACRNtm;ARTFR12,0,1,23,24
ACRNtm;ATPS4m,1,1,22,24
ACRNtm;C161CPT1,0,1,23,24
ACRNtm;CACT4r,0,1,23,24
ACRNtm;CITMCOAHm,0,2,23,23
ACRNtm;CITMCOALm,0,2,23,23
ACRNtm;COAtp,0,1,23,24
ACRNtm;COAtr,0,1,23,24
ACRNtm;CRNCARtp,0,1,23,24
ACRNtm;CSNATp,0,1,23,24
ACRNtm;CSNATr,0,1,23,24
ACRNtm;DESAT16_1,0,1,23,24
ACRNtm;DHRT_ivcoa,0,1,23,24
ACRNtm;DLD,0,1,23,24
ACRNtm;G6PPer,0,1,23,24
ACRNtm;GALU,0,1,23,24
ACRNtm;GF6PTA,0,1,23,24
ACRNtm;GLCter,0,1,23,24
ACRNtm;GLUDxm,0,1,23,24
ACRNtm;GLUt2m,0,2,23,23
ACRNtm;HAS1,0,1,23,24
ACRNtm;HAS2,0,1,23,24
ACRNtm;HMGCOAtx,0,1,23,24
ACRNtm;HMGLx,0,1,23,24
ACRNtm;HYALe,0,1,23,24
ACRNtm;Htr,0,1,23,24
ACRNtm;ICDHyrm,0,1,23,24
ACRNtm;ITCOALm,0,2,23,23
ACRNtm;LEUTAm,0,1,23,24
ACRNtm;LEUt5m,0,1,23,24
ACRNtm;MCCCm,0,1,23,24
ACRNtm;MGCHrm,0,1,23,24
ACRNtm;MOD_3mhop,0,1,23,24
ACRNtm;NADH2_u10m,0,2,23,23
ACRNtm;NADHtru,0,1,23,24
ACRNtm;NADtru,0,1,23,24
ACRNtm;NH4t3r,0,1,23,24
ACRNtm;NH4tm,0,1,23,24
ACRNtm;OXALSUCCCLm,0,1,23,24
ACRNtm;PGMT,0,1,23,24
ACRNtm;PLMCOAPTr,0,1,23,24
ACRNtm;PMTCOAFABP1tc,0,1,23,24
ACRNtm;PPAm,0,1,23,24
ACRNtm;PYRtm,0,1,23,24
ACRNtm;UAGDP,0,1,23,24
ACRNtm;UDPGD,0,1,23,24
ACTNMO;ILEOX,0,1,23,24
ACTNMO;ILETA,0,1,23,24
ACYP;PGK,1,0,22,25
ACt2m;CHSTEROLt2,1,0,22,25
ACt2m;DHFR,1,0,22,25
ACt2m;DHFRx,1,0,22,25
ACt2m;DHFtm,1,0,22,25
ACt2m;HSD3B11,1,0,22,25
ACt2m;P45011A1m,1,0,22,25
ACt2m;PE_HStm,1,0,22,25
ACt2m;PRGNLONEtm,1,0,22,25
ACt2m;PRGSTRNt,1,0,22,25
ACt2m;PSDm_hs,1,0,22,25
ACt2m;PSFLIPm,1,0,22,25
ACt2m;THFtm,1,0,22,25
ACt2r;CYOOm2,1,0,22,25
ACt2r;CYOR_u10m,1,0,22,25
ACt2r;FBA,0,1,23,24
ACt2r;GLUDxm,1,0,22,25
ACt2r;HCO3E,1,0,22,25
ACt2r;NH4tm,1,0,22,25
ACt2r;PFK2,0,1,23,24
ACt2r;PGI,0,1,23,24
ADCim;ILEOX,0,1,23,24
ADCim;ILETA,0,1,23,24
ADHAPtx;PIt7,1,0,22,25
ADHAPtx;PIt9,0,1,23,24
ADHAPtx;PPCOAtm,1,0,22,25
ADK1;ADK3,6,10,17,15
ADK1;ADK3m,0,1,23,24
ADK1;ADKd,0,1,23,24
ADK1;AKGDa1,0,1,23,24
ADK1;AKGDa2,0,1,23,24
ADK1;AKGDb,0,1,23,24
ADK1;AMPt4,0,1,23,24
ADK1;GLUDxm,0,1,23,24
ADK1;GLUt2m,0,1,23,24
ADK1;NDPK1,0,1,23,24
ADK1;NH4tm,0,1,23,24
ADK1;SUCOAS1m,0,1,23,24
ADK1;TPI,0,1,23,24
ADK1m;ARTFR12,0,1,23,24
ADK1m;ASPGLUm,0,1,23,24
ADK1m;ASPTAm,0,1,23,24
ADK1m;ATPtm,0,1,23,24
ADK1m;C161CPT1,0,1,23,24
ADK1m;CACT4r,0,1,23,24
ADK1m;CCA_D3t,0,1,23,24
ADK1m;CCA_D3tm,0,1,23,24
ADK1m;CHSTEROLt2,1,0,22,25
ADK1m;COAtr,0,1,23,24
ADK1m;CRNtim,0,1,23,24
ADK1m;CSNATm,0,1,23,24
ADK1m;CSNATr,0,1,23,24
ADK1m;DESAT16_1,0,1,23,24
ADK1m;DHFR,1,1,22,24
ADK1m;DHFRm,0,1,23,24
ADK1m;DHFRx,1,0,22,25
ADK1m;DHFtm,1,1,22,24
ADK1m;DHRT_ivcoa,0,1,23,24
ADK1m;DLD,0,1,23,24
ADK1m;GLUDxm,0,1,23,24
ADK1m;HCO3_NAt,0,1,23,24
ADK1m;HSD3B11,1,0,22,25
ADK1m;ICDHxrm,0,1,23,24
ADK1m;LEUTAm,0,1,23,24
ADK1m;LEUt5m,0,1,23,24
ADK1m;MCCCm,0,1,23,24
ADK1m;MGCHrm,0,1,23,24
ADK1m;MOD_3mhop,0,1,23,24
ADK1m;NADHtru,0,1,23,24
ADK1m;NADtru,0,1,23,24
ADK1m;OAADC,0,1,23,24
ADK1m;OXALSUCCCLm,0,1,23,24
ADK1m;P45011A1m,1,0,22,25
ADK1m;PE_HStm,2,0,21,25
ADK1m;PLMCOAPTr,0,1,23,24
ADK1m;PMTCOAFABP1tc,0,1,23,24
ADK1m;PRGNLONEtm,1,0,22,25
ADK1m;PRGSTRNt,1,0,22,25
ADK1m;PSDm_hs,2,0,21,25
ADK1m;PSFLIPm,2,0,21,25
ADK1m;THFtm,1,1,22,24
ADK1m;THRA,0,1,23,24
ADK3;ASPGLUm,0,1,23,24
ADK3;ASPTAm,0,1,23,24
ADK3;PGI,0,1,23,24
ADK3m;ADNK1,1,0,22,25
ADK3m;ADNtm,1,0,22,25
ADK3m;AKGACONtm,0,2,23,23
ADK3m;AMPPHm,1,0,22,25
ADK3m;AMPt4,1,0,22,25
ADK3m;ATPt4,1,0,22,25
ADK3m;ATPtm,1,1,22,24
ADK3m;CITMCOAHm,0,1,23,24
ADK3m;CITMCOALm,0,1,23,24
ADK3m;CITt4_3,0,1,23,24
ADK3m;CSm,0,1,23,24
ADK3m;CYOOm2,1,0,22,25
ADK3m;CYOR_u10m,1,0,22,25
ADK3m;GF6PTA,0,1,23,24
ADK3m;GLUt2m,0,1,23,24
ADK3m;ICITACONtm,0,1,23,24
ADK3m;ITCOALm,0,1,23,24
ADK3m;MTHFC,0,1,23,24
ADK3m;MTHFD,0,1,23,24
ADK3m;PYRtm,0,1,23,24
ADK3m;SUCCACONtm,0,1,23,24
ADK3m;SUCCt4_3,0,1,23,24
ADK3m;UAGDP,0,1,23,24
ADKd;ADPT,0,1,23,24
ADKd;DNPH2,0,1,23,24
ADKd;DRPA,0,1,23,24
ADKd;GALU,1,0,22,25
ADKd;HCO3tm,1,0,22,25
ADKd;NDPK1,1,1,22,24
ADKd;PGMT,1,0,22,25
ADNK1;CYOOm2,1,0,22,25
ADNK1;CYOR_u10m,1,0,22,25
ADNK1;GLUDxm,1,0,22,25
ADNK3;ADNK4,0,1,23,24
ADNK3;ASPGLUm,0,1,23,24
ADNK3;ASPTAm,0,1,23,24
ADNK3;CHOLtu,0,1,23,24
ADNK3;CITRt2m,0,1,23,24
ADNK3;CITRtm,0,1,23,24
ADNK3;CITt4_3,0,1,23,24
ADNK3;CYOOm2,1,0,22,25
ADNK3;CYOR_u10m,1,0,22,25
ADNK3;CYSGLYex,0,1,23,24
ADNK3;HCO3_NAt,0,1,23,24
ADNK3;HCO3tm,0,1,23,24
ADNK3;ICDHyrm,0,1,23,24
ADNK3;MALACONtm,0,1,23,24
ADNK3;MDHm,0,1,23,24
ADNK3;MTHFC,0,1,23,24
ADNK3;MTHFD,0,1,23,24
ADNK3;OXALSUCCCLm,0,1,23,24
ADNtm;GLUDxm,1,0,22,25
ADPGK;ASPGLUm,0,1,23,24
ADPGK;ASPTAm,0,1,23,24
ADPGK;PGI,0,1,23,24
ADPT;NDPK1,0,1,23,24
ADPT;THRA,0,1,23,24
ADPt4;ATPS4m,6,1,17,24
ADPt4;ATPt4,1,0,22,25
ADPt4;CAtm7,2,0,21,25
ADPt4;CITMCOAHm,0,1,23,24
ADPt4;CITMCOALm,0,1,23,24
ADPt4;CO2tm,1,0,22,25
ADPt4;CSm,0,1,23,24
ADPt4;CYOOm2,1,0,22,25
ADPt4;CYOR_u10m,1,0,22,25
ADPt4;DHFR,1,0,22,25
ADPt4;DHFRx,1,0,22,25
ADPt4;DHFtm,1,0,22,25
ADPt4;FE2tm,1,0,22,25
ADPt4;FE3tm,2,0,21,25
ADPt4;FECR,2,0,21,25
ADPt4;FTMTm,2,0,21,25
ADPt4;GLYC3Ptmc,1,0,22,25
ADPt4;ITCOALm,0,1,23,24
ADPt4;NAtm,2,0,21,25
ADPt4;O2t,1,0,22,25
ADPt4;PIATPLtm,2,0,21,25
ADPt4;PYRtm,0,1,23,24
ADPt4;THFtm,1,0,22,25
ADSK;CAT,0,3,23,22
ADSK;CYSGLTH,1,0,22,25
ADSK;CYSRED,1,0,22,25
ADSK;GTHP,1,0,22,25
ADSK;KCC2t,0,1,23,24
ADSK;NKCC2t,1,0,22,25
AGLPC;PIt7,1,0,22,25
AGLPC;PIt9,0,1,23,24
AGLPC;PPCOAtm,1,0,22,25
AGLPH;PIt7,1,0,22,25
AGLPH;PIt9,0,1,23,24
AGLPH;PPCOAtm,1,0,22,25
AGLPR;PIt7,1,0,22,25
AGLPR;PIt9,0,1,23,24
AGLPR;PPCOAtm,1,0,22,25
AGLPT;PIt7,1,0,22,25
AGLPT;PIt9,0,1,23,24
AGLPT;PPCOAtm,1,0,22,25
AGPSx;PIt7,1,0,22,25
AGPSx;PIt9,0,1,23,24
AGPSx;PPCOAtm,1,0,22,25
AGPex;PIt7,1,0,22,25
AGPex;PIt9,0,1,23,24
AGPex;PPCOAtm,1,0,22,25
AGTim;HEX12,0,1,23,24
AGTix;CAT,0,1,23,24
AGTix;GLYt4,1,0,22,25
AGTix;O2t,0,1,23,24
AGTix;O2tp,0,1,23,24
AGTix;THRA,0,1,23,24
AHC;ASPGLUm,0,1,23,24
AHC;ASPTAm,0,1,23,24
AHC;CHOLtu,0,1,23,24
AHC;CITRt2m,0,1,23,24
AHC;CITRtm,0,1,23,24
AHC;CITt4_3,0,1,23,24
AHC;CYOOm2,2,0,21,25
AHC;CYOR_u10m,2,0,21,25
AHC;CYSGLYex,0,1,23,24
AHC;HCO3_NAt,0,1,23,24
AHC;HCO3tm,0,1,23,24
AHC;ICDHyrm,0,1,23,24
AHC;MALACONtm,0,1,23,24
AHC;MDHm,0,1,23,24
AHC;MTHFC,0,1,23,24
AHC;MTHFD,0,1,23,24
AHC;OXALSUCCCLm,0,1,23,24
AHCYStn;AKGGHTRDtm,0,2,23,23
AHCYStn;ATPS4m,0,1,23,24
AHCYStn;CITMCOAHm,0,1,23,24
AHCYStn;CITMCOALm,0,1,23,24
AHCYStn;CSm,0,1,23,24
AHCYStn;GLUDxm,0,1,23,24
AHCYStn;GLUt2m,0,1,23,24
AHCYStn;ITCOALm,0,1,23,24
AHCYStn;LDH_L,0,1,23,24
AHCYStn;L_LACt2r,0,1,23,24
AHCYStn;NADH2_u10m,0,1,23,24
AHCYStn;NH4tm,0,1,23,24
AHCYStn;PIGTHRDLtm,0,2,23,23
AHCYStn;PYRtm,0,1,23,24
AHEXASE2ly;GPDDA1,0,1,23,24
AHEXASE2ly;LPASE,0,1,23,24
AHEXASE2ly;R_group_phosphotase_1,0,1,23,24
AIBAKGAT;GLUt2m,0,1,23,24
AK2LGCHOLt;PIt7,1,0,22,25
AK2LGCHOLt;PIt9,0,1,23,24
AK2LGCHOLt;PPCOAtm,1,0,22,25
AKGACONtm;AKGCITtm,0,1,23,24
AKGACONtm;AKGGHTRDtm,0,1,23,24
AKGACONtm;AKGICITtm,0,1,23,24
AKGACONtm;AMETt2m,0,1,23,24
AKGACONtm;ASPGLUm,0,2,23,23
AKGACONtm;ASPTAm,0,2,23,23
AKGACONtm;ATPAMPtp,0,1,23,24
AKGACONtm;ATPS4m,0,1,23,24
AKGACONtm;ATPtm,0,1,23,24
AKGACONtm;C30CPT1,0,1,23,24
AKGACONtm;CH25H,0,1,23,24
AKGACONtm;CITMCOAHm,0,1,23,24
AKGACONtm;CITMCOALm,0,1,23,24
AKGACONtm;CITt4_3,0,2,23,23
AKGACONtm;CLHCOtex,0,1,23,24
AKGACONtm;COQ3m,0,1,23,24
AKGACONtm;COQ5m,0,1,23,24
AKGACONtm;COQ6m,0,1,23,24
AKGACONtm;COQ7m,0,1,23,24
AKGACONtm;COUCOAFm,0,1,23,24
AKGACONtm;CRNCAR3tp,0,1,23,24
AKGACONtm;CSNAT3x,0,1,23,24
AKGACONtm;CSm,0,1,23,24
AKGACONtm;DECDPtm,0,1,23,24
AKGACONtm;DHDPBMTm,0,1,23,24
AKGACONtm;DPHMBDCm,0,1,23,24
AKGACONtm;DPPS,0,1,23,24
AKGACONtm;ENO,0,1,23,24
AKGACONtm;FBA,0,1,23,24
AKGACONtm;FRDPtc,0,1,23,24
AKGACONtm;GAPD,0,1,23,24
AKGACONtm;GF6PTA,0,2,23,23
AKGACONtm;GLUDym,0,1,23,24
AKGACONtm;GLUt2m,0,1,23,24
AKGACONtm;H2Ot,0,1,23,24
AKGACONtm;HBZOPT10m,0,1,23,24
AKGACONtm;HCO3E,0,1,23,24
AKGACONtm;HCO3Ee,0,1,23,24
AKGACONtm;HMGCOAtx,0,1,23,24
AKGACONtm;HMGLx,0,1,23,24
AKGACONtm;ICDHxrm,0,1,23,24
AKGACONtm;ICDHyrm,0,1,23,24
AKGACONtm;ILEOX,0,1,23,24
AKGACONtm;ILETA,0,1,23,24
AKGACONtm;ITCOAL1m,0,1,23,24
AKGACONtm;LDH_L,0,1,23,24
AKGACONtm;L_LACt2r,0,1,23,24
AKGACONtm;MALACONtm,0,1,23,24
AKGACONtm;MCITS,0,1,23,24
AKGACONtm;MDH,0,1,23,24
AKGACONtm;MDHm,0,1,23,24
AKGACONtm;NADH2_u10m,0,2,23,23
AKGACONtm;O2tp,0,1,23,24
AKGACONtm;OXALSUCCCLm,0,2,23,23
AKGACONtm;PFK,0,1,23,24
AKGACONtm;PGI,0,1,23,24
AKGACONtm;PGK,0,1,23,24
AKGACONtm;PGM,0,1,23,24
AKGACONtm;PIGTHRDLtm,0,1,23,24
AKGACONtm;PIt2m_2,0,1,23,24
AKGACONtm;PPAm,0,1,23,24
AKGACONtm;PYK7,0,1,23,24
AKGACONtm;Q10H2e,0,1,23,24
AKGACONtm;T4HCINNMFM,0,1,23,24
AKGACONtm;TPI,0,1,23,24
AKGACONtm;TYRTAm,0,1,23,24
AKGACONtm;TYRtl,0,1,23,24
AKGACONtm;UAGDP,0,2,23,23
AKGACONtm;XOL25OHOR,0,1,23,24
AKGACONtm;q10h2tc,0,1,23,24
AKGBUTte;GLYC3Ptmc,1,0,22,25
AKGBUTte;Htm,1,0,22,25
AKGBUTte;PGAM1_PhosHydro,1,0,22,25
AKGCITtm;AKGICITtm,0,1,23,24
AKGCITtm;ALAGLYexR,0,1,23,24
AKGCITtm;ASPGLUm,0,1,23,24
AKGCITtm;ASPTAm,0,1,23,24
AKGCITtm;CITtam,0,1,23,24
AKGCITtm;CO2tm,0,1,23,24
AKGCITtm;DHFR,0,1,23,24
AKGCITtm;DHFR3m,0,1,23,24
AKGCITtm;DHFR3x,0,1,23,24
AKGCITtm;DHFRm,0,1,23,24
AKGCITtm;ENO,0,1,23,24
AKGCITtm;FCYTOB5OXRyr,0,1,23,24
AKGCITtm;FOLtm,0,1,23,24
AKGCITtm;GAPD,0,1,23,24
AKGCITtm;GLUt2e,0,1,23,24
AKGCITtm;HCO3E,0,1,23,24
AKGCITtm;LDH_L,0,1,23,24
AKGCITtm;L_LACt2r,0,1,23,24
AKGCITtm;MDH,0,1,23,24
AKGCITtm;MDHm,0,1,23,24
AKGCITtm;NADH2_u10m,0,1,23,24
AKGCITtm;PGK,0,1,23,24
AKGCITtm;PGM,0,1,23,24
AKGCITtm;PYK7,0,1,23,24
AKGCITtm;THFtm,0,1,23,24
AKGCITtm;TPI,0,1,23,24
AKGDa1;AKGSUCCtm,1,0,22,25
AKGDa1;AKGt4_3,0,1,23,24
AKGDa1;CITMCOAHm,1,1,22,24
AKGDa1;CITMCOALm,1,1,22,24
AKGDa1;CITRt2m,0,1,23,24
AKGDa1;CITRtm,0,1,23,24
AKGDa1;CITSUCCtm,1,0,22,25
AKGDa1;CSm,0,1,23,24
AKGDa1;DATPtm,0,1,23,24
AKGDa1;GTPGDPtm,1,0,22,25
AKGDa1;H2Oter,1,0,22,25
AKGDa1;Htr,1,0,22,25
AKGDa1;ICDHyrm,1,0,22,25
AKGDa1;ICITCITtm,1,0,22,25
AKGDa1;ITCOAL1m,1,0,22,25
AKGDa1;ITCOALm,0,1,23,24
AKGDa1;LDH_L,0,1,23,24
AKGDa1;OXALSUCCCLm,2,0,21,25
AKGDa1;PFK2,1,0,22,25
AKGDa1;PYRtm,0,1,23,24
AKGDa1;SUCOAS1m,1,0,22,25
AKGDa1;TPI,0,1,23,24
AKGDa1;TYROX,1,0,22,25
AKGDa1;TYRTA,1,0,22,25
AKGDa2;AKGSUCCtm,1,0,22,25
AKGDa2;AKGt4_3,0,1,23,24
AKGDa2;CITMCOAHm,1,1,22,24
AKGDa2;CITMCOALm,1,1,22,24
AKGDa2;CITRt2m,0,1,23,24
AKGDa2;CITRtm,0,1,23,24
AKGDa2;CITSUCCtm,1,0,22,25
AKGDa2;CSm,0,1,23,24
AKGDa2;DATPtm,0,1,23,24
AKGDa2;GTPGDPtm,1,0,22,25
AKGDa2;H2Oter,1,0,22,25
AKGDa2;Htr,1,0,22,25
AKGDa2;ICDHyrm,1,0,22,25
AKGDa2;ICITCITtm,1,0,22,25
AKGDa2;ITCOAL1m,1,0,22,25
AKGDa2;ITCOALm,0,1,23,24
AKGDa2;LDH_L,0,1,23,24
AKGDa2;OXALSUCCCLm,2,0,21,25
AKGDa2;PFK2,1,0,22,25
AKGDa2;PYRtm,0,1,23,24
AKGDa2;SUCOAS1m,1,0,22,25
AKGDa2;TPI,0,1,23,24
AKGDa2;TYROX,1,0,22,25
AKGDa2;TYRTA,1,0,22,25
AKGDb;AKGSUCCtm,1,0,22,25
AKGDb;AKGt4_3,0,1,23,24
AKGDb;CITMCOAHm,1,1,22,24
AKGDb;CITMCOALm,1,1,22,24
AKGDb;CITRt2m,0,1,23,24
AKGDb;CITRtm,0,1,23,24
AKGDb;CITSUCCtm,1,0,22,25
AKGDb;CSm,0,1,23,24
AKGDb;DATPtm,0,1,23,24
AKGDb;GTPGDPtm,1,0,22,25
AKGDb;H2Oter,1,0,22,25
AKGDb;Htr,1,0,22,25
AKGDb;ICDHyrm,1,0,22,25
AKGDb;ICITCITtm,1,0,22,25
AKGDb;ITCOAL1m,1,0,22,25
AKGDb;ITCOALm,0,1,23,24
AKGDb;LDH_L,0,1,23,24
AKGDb;OXALSUCCCLm,2,0,21,25
AKGDb;PFK2,1,0,22,25
AKGDb;PYRtm,0,1,23,24
AKGDb;SUCOAS1m,1,0,22,25
AKGDb;TPI,0,1,23,24
AKGDb;TYROX,1,0,22,25
AKGDb;TYRTA,1,0,22,25
AKGFORte;ARACHDCOAtr,1,0,22,25
AKGFORte;ARACHDtr,1,0,22,25
AKGFORte;CLFORtex,3,0,20,25
AKGFORte;COAtr,1,0,22,25
AKGFORte;FACOAL204,1,0,22,25
AKGFORte;G6Pter,1,0,22,25
AKGFORte;NH4t3r,1,0,22,25
AKGFORte;NKCC2t,2,0,21,25
AKGFORte;PIt9,1,0,22,25
AKGFORte;SE10,1,0,22,25
AKGFORte;SOAT6,1,0,22,25
AKGGHTRDtm;AKGLACte,0,1,23,24
AKGGHTRDtm;AKGtn,0,2,23,23
AKGGHTRDtm;ALCD1,0,2,23,23
AKGGHTRDtm;AMETEPMT,0,2,23,23
AKGGHTRDtm;AMETtn,0,2,23,23
AKGGHTRDtm;ATPS4m,0,3,23,22
AKGGHTRDtm;ATPtm,0,2,23,23
AKGGHTRDtm;CAT,0,1,23,24
AKGGHTRDtm;CITRt2m,0,2,23,23
AKGGHTRDtm;CITRtm,0,2,23,23
AKGGHTRDtm;CITt4_3,0,1,23,24
AKGGHTRDtm;CO2tm,0,1,23,24
AKGGHTRDtm;CO2tn,0,2,23,23
AKGGHTRDtm;DHFRx,1,0,22,25
AKGGHTRDtm;DHFtm,1,0,22,25
AKGGHTRDtm;ETHPL,0,2,23,23
AKGGHTRDtm;FALDtn,0,2,23,23
AKGGHTRDtm;GF6PTA,0,1,23,24
AKGGHTRDtm;GLUDC,0,1,23,24
AKGGHTRDtm;GLUDxm,0,2,23,23
AKGGHTRDtm;GLUDym,0,1,23,24
AKGGHTRDtm;GLUt2m,0,7,23,18
AKGGHTRDtm;H2Otm,0,1,23,24
AKGGHTRDtm;HCO3E,0,1,23,24
AKGGHTRDtm;HCO3Ee,0,1,23,24
AKGGHTRDtm;HEX12,0,1,23,24
AKGGHTRDtm;LDH_L,0,2,23,23
AKGGHTRDtm;L_LACt2r,0,2,23,23
AKGGHTRDtm;MEOHt2,0,2,23,23
AKGGHTRDtm;NADH2_u10m,0,3,23,22
AKGGHTRDtm;NH4tm,0,3,23,22
AKGGHTRDtm;O2tn,0,2,23,23
AKGGHTRDtm;PEMET1,0,2,23,23
AKGGHTRDtm;PEMET2,0,2,23,23
AKGGHTRDtm;PHEOX,0,1,23,24
AKGGHTRDtm;PHETA1m,0,1,23,24
AKGGHTRDtm;PHEt4m,0,1,23,24
AKGGHTRDtm;PHPYRtm,0,1,23,24
AKGGHTRDtm;PIt2m,0,1,23,24
AKGGHTRDtm;PPAm,0,2,23,23
AKGGHTRDtm;PPItm,0,1,23,24
AKGGHTRDtm;THFtm,1,0,22,25
AKGGHTRDtm;UAGDP,0,1,23,24
AKGICITtm;CO2tm,0,1,23,24
AKGICITtm;FBA,0,1,23,24
AKGICITtm;FCYTOB5OXRyr,0,1,23,24
AKGICITtm;GLUDym,0,1,23,24
AKGICITtm;GTPGDPtm,0,1,23,24
AKGICITtm;H2Ot,0,1,23,24
AKGICITtm;HCO3E,0,1,23,24
AKGICITtm;PEPACONtm,0,1,23,24
AKGICITtm;PEPICITtm,0,1,23,24
AKGICITtm;PFK,0,1,23,24
AKGICITtm;PGI,0,1,23,24
AKGICITtm;PIt2m_2,0,1,23,24
AKGLACte;ATPS4m,0,1,23,24
AKGLACte;CITRt2m,0,1,23,24
AKGLACte;CITRtm,0,1,23,24
AKGLACte;CLFORtex,3,0,20,25
AKGLACte;DHFR,0,1,23,24
AKGLACte;FBA,0,1,23,24
AKGLACte;GF6PTA,0,1,23,24
AKGLACte;NH4t3r,1,0,22,25
AKGLACte;NKCC2t,2,0,21,25
AKGLACte;PFK,0,1,23,24
AKGLACte;PGI,0,1,23,24
AKGLACte;PIGTHRDLtm,0,1,23,24
AKGLACte;PIt2m_2,0,1,23,24
AKGLACte;PIt8,0,1,23,24
AKGLACte;PPAer,0,1,23,24
AKGLACte;PPIPItr,0,1,23,24
AKGLACte;PYRt2r,0,1,23,24
AKGLACte;RDH1a,0,1,23,24
AKGLACte;UAGDP,0,1,23,24
AKGMALtm;ALDD2y,0,1,23,24
AKGMALtm;ASPTA,0,1,23,24
AKGMALtm;ATPS4m,0,1,23,24
AKGMALtm;CAT,0,1,23,24
AKGMALtm;CITMCOAHm,0,1,23,24
AKGMALtm;CITMCOALm,0,1,23,24
AKGMALtm;CSm,0,1,23,24
AKGMALtm;CYOOm2,0,1,23,24
AKGMALtm;CYOR_u10m,0,1,23,24
AKGMALtm;DAG_Hstem,0,1,23,24
AKGMALtm;FADH2ETC,0,1,23,24
AKGMALtm;FBA3,0,1,23,24
AKGMALtm;FUM,0,1,23,24
AKGMALtm;GTHOm,0,1,23,24
AKGMALtm;GTHPm,0,1,23,24
AKGMALtm;H2O2tm,0,1,23,24
AKGMALtm;ICITMALtm,0,1,23,24
AKGMALtm;ITCOALm,0,1,23,24
AKGMALtm;MAL_Lte,0,1,23,24
AKGMALtm;MDH,0,1,23,24
AKGMALtm;PFK_3,0,1,23,24
AKGMALtm;PGI,0,1,23,24
AKGMALtm;PPA,0,1,23,24
AKGMALtm;PPAm,0,1,23,24
AKGMALtm;PPItm,0,1,23,24
AKGMALtm;PYRtm,0,1,23,24
AKGMALtm;RPE,0,1,23,24
AKGMALtm;SBTR,0,1,23,24
AKGMALtm;SBT_Dtde,0,1,23,24
AKGMALtm;TKT1,0,1,23,24
AKGMALtm;TKT2,0,1,23,24
AKGPItm;MTHFC,0,1,23,24
AKGPItm;MTHFD,0,1,23,24
AKGSUCCtm;ALDD2y,1,0,22,25
AKGSUCCtm;GLUDxm,1,0,22,25
AKGSUCCtm;GLUt2m,1,0,22,25
AKGSUCCtm;GLYC3Ptmc,1,0,22,25
AKGSUCCtm;HCO3_NAt,1,0,22,25
AKGSUCCtm;Htm,1,0,22,25
AKGSUCCtm;IMAGH,1,0,22,25
AKGSUCCtm;NACDe,2,0,21,25
AKGSUCCtm;NACPRT,2,0,21,25
AKGSUCCtm;NCAMDe,2,0,21,25
AKGSUCCtm;NH4tm,1,0,22,25
AKGSUCCtm;NMNDA,2,0,21,25
AKGSUCCtm;NMNS,2,0,21,25
AKGSUCCtm;PE_HStm,1,0,22,25
AKGSUCCtm;PGAM1_PhosHydro,1,0,22,25
AKGSUCCtm;PHEOX,1,0,22,25
AKGSUCCtm;PHETA1m,1,0,22,25
AKGSUCCtm;PHEt4m,1,0,22,25
AKGSUCCtm;PHPYRtm,1,0,22,25
AKGSUCCtm;PIt2m_2,4,0,19,25
AKGSUCCtm;PROGLUtm,2,0,21,25
AKGSUCCtm;PROtm,2,0,21,25
AKGSUCCtm;PSDm_hs,1,0,22,25
AKGSUCCtm;PSFLIPm,1,0,22,25
AKGSUCCtm;SSALym,1,0,22,25
AKGSUCCtm;SUCCt4_2,1,0,22,25
AKGSUCCtm;THRA,1,0,22,25
AKGSUCCtm;TYROX,1,0,22,25
AKGSUCCtm;TYRTA,1,0,22,25
AKGt4_3;ALASm,0,1,23,24
AKGt4_3;BILDGLCURt5e,0,1,23,24
AKGt4_3;BILDGLCURtr,0,1,23,24
AKGt4_3;BILIRED2,0,1,23,24
AKGt4_3;BILIRUBtr,0,1,23,24
AKGt4_3;COt,0,1,23,24
AKGt4_3;CPPPGO,0,1,23,24
AKGt4_3;DLD,0,1,23,24
AKGt4_3;FCLTm,0,1,23,24
AKGt4_3;FE2tm,0,1,23,24
AKGt4_3;GLUDxm,0,1,23,24
AKGt4_3;GLUt2m,0,1,23,24
AKGt4_3;HMBS,0,1,23,24
AKGt4_3;HOXG,0,1,23,24
AKGt4_3;MDH,0,1,23,24
AKGt4_3;NDP7er,0,1,23,24
AKGt4_3;NH4tm,0,1,23,24
AKGt4_3;PHEMEtm,0,1,23,24
AKGt4_3;PPBNGS,0,1,23,24
AKGt4_3;PPPG9tm,0,1,23,24
AKGt4_3;PPPGOm,0,1,23,24
AKGt4_3;UDPGD,0,1,23,24
AKGt4_3;UDPGLCAter,0,1,23,24
AKGt4_3;UGT1A2r,0,1,23,24
AKGt4_3;UPP3S,0,1,23,24
AKGt4_3;UPPDC1,0,1,23,24
AKGtn;PIGTHRDLtm,0,2,23,23
AKGtn;PYRtm,0,1,23,24
AKR1D2;ENO,0,1,23,24
AKR1D2;GAPD,0,1,23,24
AKR1D2;PGK,0,1,23,24
AKR1D2;PGM,0,1,23,24
ALABte;H2Ot,0,1,23,24
ALABte;MAL_Lte,0,1,23,24
ALADGLNexR;GLNt4,0,1,23,24
ALAGLNexR;ALASm,1,0,22,25
ALAGLNexR;AMID6,0,1,23,24
ALAGLNexR;B3GNT51g,1,0,22,25
ALAGLNexR;BILDGLCURt5e,1,0,22,25
ALAGLNexR;BILDGLCURtr,1,0,22,25
ALAGLNexR;BILIRED2,1,0,22,25
ALAGLNexR;BILIRUBtr,1,0,22,25
ALAGLNexR;CERT2rt,1,0,22,25
ALAGLNexR;COt,1,0,22,25
ALAGLNexR;CPPPGO,1,0,22,25
ALAGLNexR;DHFR,1,0,22,25
ALAGLNexR;DHFRx,1,0,22,25
ALAGLNexR;DHFtm,1,0,22,25
ALAGLNexR;FCLTm,1,0,22,25
ALAGLNexR;FE2tm,1,0,22,25
ALAGLNexR;G6Pt6er,1,0,22,25
ALAGLNexR;G6Pter,1,0,22,25
ALAGLNexR;GALGLUSIDEtg,1,0,22,25
ALAGLNexR;GALGLUSIDEtr,1,0,22,25
ALAGLNexR;GALU,1,0,22,25
ALAGLNexR;GDPFUCtg,1,0,22,25
ALAGLNexR;GDPtg,1,0,22,25
ALAGLNexR;GF6PTA,1,0,22,25
ALAGLNexR;GFUCSx,1,0,22,25
ALAGLNexR;GLNt4,0,1,23,24
ALAGLNexR;GMAND,1,0,22,25
ALAGLNexR;GMPtg,1,0,22,25
ALAGLNexR;GPAT,0,1,23,24
ALAGLNexR;GTPGDPtm,1,0,22,25
ALAGLNexR;H2Oter,1,0,22,25
ALAGLNexR;H2Otg,1,0,22,25
ALAGLNexR;HMBS,1,0,22,25
ALAGLNexR;HOXG,1,0,22,25
ALAGLNexR;Htg,1,0,22,25
ALAGLNexR;MAN1PT2,1,0,22,25
ALAGLNexR;MAN6PI,1,0,22,25
ALAGLNexR;NDP7er,1,0,22,25
ALAGLNexR;NDP7g,1,0,22,25
ALAGLNexR;PGMT,1,0,22,25
ALAGLNexR;PHEMEtm,1,0,22,25
ALAGLNexR;PItg,1,0,22,25
ALAGLNexR;PMANM,1,0,22,25
ALAGLNexR;PPBNGS,1,0,22,25
ALAGLNexR;PPPG9tm,1,0,22,25
ALAGLNexR;PPPGOm,1,0,22,25
ALAGLNexR;PROAKGOX1m,1,0,22,25
ALAGLNexR;PROtm,1,0,22,25
ALAGLNexR;SUCOAS1m,1,0,22,25
ALAGLNexR;THFtm,1,0,22,25
ALAGLNexR;UAGDP,1,0,22,25
ALAGLNexR;UDPG4E,1,0,22,25
ALAGLNexR;UDPGALt2r,1,0,22,25
ALAGLNexR;UDPGALtg,1,0,22,25
ALAGLNexR;UDPGCURtr,1,0,22,25
ALAGLNexR;UDPGD,1,0,22,25
ALAGLNexR;UDPGGPGTr,1,0,22,25
ALAGLNexR;UGCGc,1,0,22,25
ALAGLNexR;UGLCNACtg,1,0,22,25
ALAGLNexR;UGT1A2r,1,0,22,25
ALAGLNexR;UMPtr,1,0,22,25
ALAGLNexR;UPP3S,1,0,22,25
ALAGLNexR;UPPDC1,1,0,22,25
ALAGLYexR;AMID6,0,1,23,24
ALAGLYexR;ASPGLUm,0,1,23,24
ALAGLYexR;ASPTAm,0,1,23,24
ALAGLYexR;CITtam,0,1,23,24
ALAGLYexR;GLUt2e,0,1,23,24
ALAGLYexR;GPAT,0,1,23,24
ALAGLYexR;MDH,0,1,23,24
ALAGLYexR;MDHm,0,1,23,24
ALALtm;GLUt2e,0,1,23,24
ALALtm;GLUt2m,0,1,23,24
ALASm;ALAt2r,1,0,22,25
ALASm;CITRt2m,0,1,23,24
ALASm;CITRtm,0,1,23,24
ALASm;DATPtm,0,1,23,24
ALASm;GLYtm,1,0,22,25
ALASm;H2Oter,2,1,21,24
ALASm;Htr,1,1,22,24
ALASm;LDH_L,0,1,23,24
ALASm;MMCDm,1,0,22,25
ALASm;MMEm,1,0,22,25
ALASm;MMMm,1,0,22,25
ALASm;NADPHtru,0,1,23,24
ALASm;NADPtru,0,1,23,24
ALASm;PFK2,1,0,22,25
ALASm;PPIOGLYc,1,0,22,25
ALASm;PPIOGLYte,1,0,22,25
ALASm;PPIOGLYtm,1,0,22,25
ALASm;SUCOAS1m,0,1,23,24
ALASm;TPI,0,1,23,24
ALATA_L;ENO,0,1,23,24
ALATA_L;GAPD,0,1,23,24
ALATA_L;PGK,0,1,23,24
ALATA_L;PGM,0,1,23,24
ALAt2r;ALAtN1,0,1,23,24
ALAt2r;ARTFR52,0,1,23,24
ALAt2r;BILDGLCURt5e,1,0,22,25
ALAt2r;BILDGLCURtr,1,0,22,25
ALAt2r;BILIRED2,1,0,22,25
ALAt2r;BILIRUBtr,1,0,22,25
ALAt2r;COt,1,0,22,25
ALAt2r;CPPPGO,1,0,22,25
ALAt2r;ENO,0,1,23,24
ALAt2r;FAE200,0,1,23,24
ALAt2r;FAE220,0,1,23,24
ALAt2r;FAE240,0,1,23,24
ALAt2r;FAE260,0,1,23,24
ALAt2r;FBA,0,1,23,24
ALAt2r;FCLTm,1,0,22,25
ALAt2r;FE2tm,1,0,22,25
ALAt2r;GALU,1,0,22,25
ALAt2r;GAPD,0,1,23,24
ALAt2r;GLCt1r,1,0,22,25
ALAt2r;GLCt4_2,1,0,22,25
ALAt2r;GLUt2m,0,1,23,24
ALAt2r;GTPGDPtm,1,0,22,25
ALAt2r;H2Oter,0,1,23,24
ALAt2r;HACD200,0,1,23,24
ALAt2r;HACD220,0,1,23,24
ALAt2r;HACD240,0,1,23,24
ALAt2r;HACD260,0,1,23,24
ALAt2r;HEXCCOAtr,0,1,23,24
ALAt2r;HMBS,1,0,22,25
ALAt2r;HOXG,1,0,22,25
ALAt2r;HSD200,0,1,23,24
ALAt2r;HSD220,0,1,23,24
ALAt2r;HSD240,0,1,23,24
ALAt2r;HSD260,0,1,23,24
ALAt2r;Htr,0,1,23,24
ALAt2r;LDH_L,0,1,23,24
ALAt2r;L_LACt2r,0,1,23,24
ALAt2r;NADPHtru,0,1,23,24
ALAt2r;NADPtru,0,1,23,24
ALAt2r;NDP7er,1,0,22,25
ALAt2r;PFK,0,1,23,24
ALAt2r;PGI,1,1,22,24
ALAt2r;PGK,0,1,23,24
ALAt2r;PGM,0,1,23,24
ALAt2r;PGMT,1,0,22,25
ALAt2r;PHEMEtm,1,0,22,25
ALAt2r;PPBNGS,1,0,22,25
ALAt2r;PPPG9tm,1,0,22,25
ALAt2r;PPPGOm,1,0,22,25
ALAt2r;PROAKGOX1m,1,0,22,25
ALAt2r;PROGLUtm,1,0,22,25
ALAt2r;PROtm,1,0,22,25
ALAt2r;PYK7,0,1,23,24
ALAt2r;PYRt2r,0,1,23,24
ALAt2r;RTOT5,0,1,23,24
ALAt2r;SUCOAS1m,1,0,22,25
ALAt2r;TECR200,0,1,23,24
ALAt2r;TECR220,0,1,23,24
ALAt2r;TECR240,0,1,23,24
ALAt2r;TECR260,0,1,23,24
ALAt2r;TPI,0,1,23,24
ALAt2r;UDPGCURtr,1,0,22,25
ALAt2r;UDPGD,1,0,22,25
ALAt2r;UGT1A2r,1,0,22,25
ALAt2r;UMPtr,1,0,22,25
ALAt2r;UPP3S,1,0,22,25
ALAt2r;UPPDC1,1,0,22,25
ALAt4;ALAtN1,1,3,22,22
ALAt4;METDECARc,1,0,22,25
ALAt4;METTRANSc,1,0,22,25
ALAtN1;CITRt2m,0,1,23,24
ALAtN1;CITRtm,0,1,23,24
ALAtN1;GLCt1r,1,0,22,25
ALAtN1;GLCt4_2,1,0,22,25
ALAtN1;LDH_L,0,1,23,24
ALCD1;ATPS4m,0,1,23,24
ALCD1;CAT,1,0,22,25
ALCD1;CITMCOAHm,0,1,23,24
ALCD1;CITMCOALm,0,1,23,24
ALCD1;CSm,0,1,23,24
ALCD1;CYSGLTH,1,0,22,25
ALCD1;CYSRED,1,0,22,25
ALCD1;FBA,0,1,23,24
ALCD1;GLUDxm,0,1,23,24
ALCD1;GLUt2m,0,1,23,24
ALCD1;GTHP,1,0,22,25
ALCD1;IMAGH,1,0,22,25
ALCD1;ITCOALm,0,1,23,24
ALCD1;LDH_L,0,1,23,24
ALCD1;L_LACt2r,0,1,23,24
ALCD1;NADH2_u10m,0,1,23,24
ALCD1;NH4tm,0,1,23,24
ALCD1;O2t,0,1,23,24
ALCD1;PFK,0,1,23,24
ALCD1;PGI,0,1,23,24
ALCD1;PIGTHRDLtm,0,2,23,23
ALCD1;PYRtm,0,1,23,24
ALCD21_L;ENO,0,1,23,24
ALCD21_L;GAPD,0,1,23,24
ALCD21_L;ILEOX,0,1,23,24
ALCD21_L;ILETA,0,1,23,24
ALCD21_L;NADPHtru,1,0,22,25
ALCD21_L;NADPtru,1,0,22,25
ALCD21_L;PGK,0,1,23,24
ALCD21_L;PGM,0,1,23,24
ALDD19x;ENO,0,1,23,24
ALDD19x;GAPD,0,1,23,24
ALDD19x;LDH_L,0,1,23,24
ALDD19x;L_LACt2r,0,1,23,24
ALDD19x;PGK,0,1,23,24
ALDD19x;PGM,0,1,23,24
ALDD19x;PYK7,0,1,23,24
ALDD19x;RDH1,0,2,23,23
ALDD19x;TPI,0,1,23,24
ALDD19xrm;CITRt2m,0,1,23,24
ALDD19xrm;CITRtm,0,1,23,24
ALDD19xrm;DHFR,2,0,21,25
ALDD19xrm;DHFR3m,2,0,21,25
ALDD19xrm;DHFR3x,2,0,21,25
ALDD19xrm;DHFRm,2,0,21,25
ALDD19xrm;FOLtm,2,0,21,25
ALDD19xrm;MTHFC,1,0,22,25
ALDD19xrm;MTHFD2,1,0,22,25
ALDD19xrm;NADH2_u10m,2,0,21,25
ALDD19xrm;THFtm,2,0,21,25
ALDD19y;ENO,0,1,23,24
ALDD19y;GAPD,0,1,23,24
ALDD19y;LDH_L,0,1,23,24
ALDD19y;L_LACt2r,0,1,23,24
ALDD19y;PGK,0,1,23,24
ALDD19y;PGM,0,1,23,24
ALDD19y;PYK7,0,1,23,24
ALDD19y;RDH1,0,2,23,23
ALDD19y;TPI,0,1,23,24
ALDD19yrm;CITRt2m,0,1,23,24
ALDD19yrm;CITRtm,0,1,23,24
ALDD19yrm;DHFR,2,0,21,25
ALDD19yrm;DHFR3m,2,0,21,25
ALDD19yrm;DHFR3x,2,0,21,25
ALDD19yrm;DHFRm,2,0,21,25
ALDD19yrm;FOLtm,2,0,21,25
ALDD19yrm;MTHFC,1,0,22,25
ALDD19yrm;MTHFD2,1,0,22,25
ALDD19yrm;NADH2_u10m,2,0,21,25
ALDD19yrm;THFtm,2,0,21,25
ALDD21;ENO,0,1,23,24
ALDD21;G6PDH2rer,0,1,23,24
ALDD21;GAPD,0,1,23,24
ALDD21;Htr,0,2,23,23
ALDD21;PGK,0,1,23,24
ALDD21;PGM,0,1,23,24
ALDD21x;ENO,0,1,23,24
ALDD21x;G6PDH2rer,0,1,23,24
ALDD21x;GAPD,0,1,23,24
ALDD21x;Htr,0,2,23,23
ALDD21x;PGK,0,1,23,24
ALDD21x;PGM,0,1,23,24
ALDD2x;ALDD2y,10,12,13,13
ALDD2x;RADH,1,0,22,25
ALDD2x;RADH4,1,0,22,25
ALDD2x;RAI3,1,0,22,25
ALDD2x;RDH1,1,0,22,25
ALDD2x;RDH4,1,0,22,25
ALDD2x;RETI3,1,0,22,25
ALDD2y;ACITLn,0,1,23,24
ALDD2y;ADPtn,0,1,23,24
ALDD2y;ASP1DC,0,1,23,24
ALDD2y;ASPTA,0,1,23,24
ALDD2y;ATPtn,0,1,23,24
ALDD2y;CAt7r,1,0,22,25
ALDD2y;CHAT,0,1,23,24
ALDD2y;CHATn,0,1,23,24
ALDD2y;CHOLtn,0,1,23,24
ALDD2y;CITMCOAHm,1,0,22,25
ALDD2y;CITMCOALm,1,0,22,25
ALDD2y;CITSUCCtm,1,0,22,25
ALDD2y;CITtn,0,1,23,24
ALDD2y;DHFR,1,0,22,25
ALDD2y;DHFRx,1,0,22,25
ALDD2y;DHFtm,1,0,22,25
ALDD2y;FBA3,0,1,23,24
ALDD2y;FE2tm,2,0,21,25
ALDD2y;FE3tm,2,0,21,25
ALDD2y;FECR,2,0,21,25
ALDD2y;FTMTm,2,0,21,25
ALDD2y;GLUDym,0,1,23,24
ALDD2y;GLUPROASCT1,1,0,22,25
ALDD2y;GLUt6,1,0,22,25
ALDD2y;GLYt2r,2,0,21,25
ALDD2y;H2Otm,0,1,23,24
ALDD2y;HMGL,1,0,22,25
ALDD2y;ICDHyrm,1,0,22,25
ALDD2y;ICITCITtm,1,0,22,25
ALDD2y;ITCOAL1m,1,0,22,25
ALDD2y;KCCt,1,0,22,25
ALDD2y;MALACONtm,0,1,23,24
ALDD2y;MDH,0,2,23,23
ALDD2y;NADH2_u10m,0,1,23,24
ALDD2y;NCNt,1,0,22,25
ALDD2y;NH4tm,0,1,23,24
ALDD2y;OAAtn,0,1,23,24
ALDD2y;OXALSUCCCLm,2,0,21,25
ALDD2y;PFK_3,0,1,23,24
ALDD2y;PIt2m,0,1,23,24
ALDD2y;PItn,0,1,23,24
ALDD2y;PPItm,1,0,22,25
ALDD2y;PROGLUtm,0,1,23,24
ALDD2y;RPE,0,1,23,24
ALDD2y;THFtm,1,0,22,25
ALDD2y;TKT1,0,1,23,24
ALDD2y;TKT2,0,1,23,24
ALDD2y;TYROX,1,0,22,25
ALDD2y;TYRTA,1,0,22,25
ALOX12;ALOX15,0,1,23,24
ALOX15;G6Pter,0,1,23,24
ALOX15;Htr,0,1,23,24
ALOX15;NADPHtru,1,0,22,25
ALOX15;NADPtru,1,0,22,25
ALR2;ENO,0,1,23,24
ALR2;GAPD,0,1,23,24
ALR2;NADPHtru,1,0,22,25
ALR2;NADPtru,1,0,22,25
ALR2;PGK,0,1,23,24
ALR2;PGM,0,1,23,24
ALR3;ENO,0,1,23,24
ALR3;GAPD,0,1,23,24
ALR3;ILEOX,0,1,23,24
ALR3;ILETA,0,1,23,24
ALR3;NADPHtru,1,0,22,25
ALR3;NADPtru,1,0,22,25
ALR3;PGK,0,1,23,24
ALR3;PGM,0,1,23,24
AMANK;TPI,7,0,16,25
AMETEPMT;ATPS4m,0,1,23,24
AMETEPMT;CITMCOAHm,0,1,23,24
AMETEPMT;CITMCOALm,0,1,23,24
AMETEPMT;CSm,0,1,23,24
AMETEPMT;CYOOm2,2,0,21,25
AMETEPMT;CYOR_u10m,2,0,21,25
AMETEPMT;DHFR,1,0,22,25
AMETEPMT;DHFRx,1,0,22,25
AMETEPMT;DHFtm,1,0,22,25
AMETEPMT;GLUDxm,0,1,23,24
AMETEPMT;GLUt2m,0,1,23,24
AMETEPMT;GLYt2r,0,1,23,24
AMETEPMT;ITCOALm,0,1,23,24
AMETEPMT;LDH_L,0,1,23,24
AMETEPMT;L_LACt2r,0,1,23,24
AMETEPMT;NADH2_u10m,0,1,23,24
AMETEPMT;NH4tm,0,1,23,24
AMETEPMT;PE_HStm,3,0,20,25
AMETEPMT;PIGTHRDLtm,0,2,23,23
AMETEPMT;PSDm_hs,3,0,20,25
AMETEPMT;PSFLIPm,3,0,20,25
AMETEPMT;PYRtm,0,1,23,24
AMETEPMT;THFtm,1,0,22,25
AMETEPMT;THRA,1,3,22,22
AMETt2m;ATPtm,0,1,23,24
AMETt2m;CHOLtu,0,1,23,24
AMETt2m;CHSTEROLt2,1,0,22,25
AMETt2m;CITt4_3,0,1,23,24
AMETt2m;CYOOm2,3,1,20,24
AMETt2m;CYOR_u10m,3,1,20,24
AMETt2m;DHFR,1,0,22,25
AMETt2m;DHFRx,1,0,22,25
AMETt2m;DHFtm,1,0,22,25
AMETt2m;GF6PTA,0,1,23,24
AMETt2m;GLUt2m,0,1,23,24
AMETt2m;H2O2t,1,0,22,25
AMETt2m;HSD3B11,1,0,22,25
AMETt2m;ICITACONtm,0,1,23,24
AMETt2m;MTHFC,0,1,23,24
AMETt2m;MTHFD,0,1,23,24
AMETt2m;P45011A1m,1,0,22,25
AMETt2m;PE_HStm,2,0,21,25
AMETt2m;PRGNLONEtm,1,0,22,25
AMETt2m;PRGSTRNt,1,0,22,25
AMETt2m;PSDm_hs,2,0,21,25
AMETt2m;PSFLIPm,2,0,21,25
AMETt2m;THFtm,1,0,22,25
AMETt2m;THRA,1,0,22,25
AMETt2m;UAGDP,0,1,23,24
AMETtn;ATPS4m,0,1,23,24
AMETtn;CITMCOAHm,0,1,23,24
AMETtn;CITMCOALm,0,1,23,24
AMETtn;CSm,0,1,23,24
AMETtn;GLUDxm,0,1,23,24
AMETtn;GLUt2m,0,1,23,24
AMETtn;ITCOALm,0,1,23,24
AMETtn;LDH_L,0,1,23,24
AMETtn;L_LACt2r,0,1,23,24
AMETtn;NADH2_u10m,0,1,23,24
AMETtn;NH4tm,0,1,23,24
AMETtn;PIGTHRDLtm,0,2,23,23
AMETtn;PYRtm,0,1,23,24
AMID6;ASPGLUm,0,1,23,24
AMID6;ASPTAm,0,1,23,24
AMID6;CITRt2m,0,1,23,24
AMID6;CITRtm,0,1,23,24
AMID6;CITtam,0,1,23,24
AMID6;GLUt2e,0,1,23,24
AMID6;LDH_L,0,1,23,24
AMID6;MDH,0,1,23,24
AMID6;MDHm,0,1,23,24
AMID6;MTHFC,0,1,23,24
AMID6;MTHFD,0,1,23,24
AMID6;NADH2_u10m,0,1,23,24
AMID6;NH4tm,0,1,23,24
AMID6;PYRt2r,0,1,23,24
AMID6m;HEX12,0,1,23,24
AMPPHm;GLUDxm,1,0,22,25
AMPt4;ATPS4m,1,0,22,25
AMPt4;CITMCOAHm,0,1,23,24
AMPt4;CITMCOALm,0,1,23,24
AMPt4;CSm,0,1,23,24
AMPt4;CYOOm2,1,0,22,25
AMPt4;CYOR_u10m,1,0,22,25
AMPt4;DHRT_ivcoa,2,0,21,25
AMPt4;DLD,2,0,21,25
AMPt4;GLUDxm,1,0,22,25
AMPt4;GTPGDPtm,1,0,22,25
AMPt4;H2O2t,1,0,22,25
AMPt4;HCO3Em,1,0,22,25
AMPt4;ITCOALm,0,1,23,24
AMPt4;LEUTA,1,0,22,25
AMPt4;LEUTAm,1,0,22,25
AMPt4;LEUt5m,1,0,22,25
AMPt4;MCCCm,2,0,21,25
AMPt4;MGCHrm,2,0,21,25
AMPt4;MOD_3mhop,2,0,21,25
AMPt4;NH4tm,1,0,22,25
AMPt4;PYRtm,0,1,23,24
AMPt4;THRA,1,0,22,25
AMPt4;TYROX,1,0,22,25
AMPt4;TYRTA,1,0,22,25
AOBUTDsm;FE2tm,1,0,22,25
AOBUTDsm;FE3tm,1,0,22,25
AOBUTDsm;FECR,1,0,22,25
AOBUTDsm;FTMTm,1,0,22,25
ARACHDCOAtr;ATP1ter,1,0,22,25
ARACHDCOAtr;B3GNT51g,1,0,22,25
ARACHDCOAtr;CDPRBTLtg,1,0,22,25
ARACHDCOAtr;CDPtg,1,0,22,25
ARACHDCOAtr;CERT2rt,1,0,22,25
ARACHDCOAtr;CO2tg,1,0,22,25
ARACHDCOAtr;DESAT18_1,0,1,23,24
ARACHDCOAtr;DOLMANP_ter,1,0,22,25
ARACHDCOAtr;DOLPMT,1,0,22,25
ARACHDCOAtr;DOLPOMTr,1,0,22,25
ARACHDCOAtr;DOLP_ter,1,0,22,25
ARACHDCOAtr;ESTRADIOLtr,0,1,23,24
ARACHDCOAtr;ESTRONEtr,0,1,23,24
ARACHDCOAtr;FAE180,0,1,23,24
ARACHDCOAtr;FAE201,0,1,23,24
ARACHDCOAtr;FAE221,0,1,23,24
ARACHDCOAtr;FAE241,0,1,23,24
ARACHDCOAtr;GALGLUSIDEtg,1,0,22,25
ARACHDCOAtr;GALGLUSIDEtr,1,0,22,25
ARACHDCOAtr;GALU,1,0,22,25
ARACHDCOAtr;GDPFUCtg,1,0,22,25
ARACHDCOAtr;GDPtg,1,0,22,25
ARACHDCOAtr;GF6PTA,1,0,22,25
ARACHDCOAtr;GFUCSx,1,0,22,25
ARACHDCOAtr;GMAND,1,0,22,25
ARACHDCOAtr;GMPtg,1,0,22,25
ARACHDCOAtr;H2Otg,1,0,22,25
ARACHDCOAtr;HACD180,0,1,23,24
ARACHDCOAtr;HACD201,0,1,23,24
ARACHDCOAtr;HACD221,0,1,23,24
ARACHDCOAtr;HACD241,0,1,23,24
ARACHDCOAtr;HSD17B1,0,1,23,24
ARACHDCOAtr;HSD17B8r,0,1,23,24
ARACHDCOAtr;HSD180,0,1,23,24
ARACHDCOAtr;HSD201,0,1,23,24
ARACHDCOAtr;HSD221,0,1,23,24
ARACHDCOAtr;HSD241,0,1,23,24
ARACHDCOAtr;Htg,1,0,22,25
ARACHDCOAtr;Htx,0,1,23,24
ARACHDCOAtr;LARGEg,1,0,22,25
ARACHDCOAtr;LDH_L,0,1,23,24
ARACHDCOAtr;MAN1PT2,1,0,22,25
ARACHDCOAtr;MAN6PI,1,0,22,25
ARACHDCOAtr;NDP7er,1,0,22,25
ARACHDCOAtr;NDP7g,1,0,22,25
ARACHDCOAtr;NRVNCCOAtr,0,1,23,24
ARACHDCOAtr;NRVNCCOAtxc,0,1,23,24
ARACHDCOAtr;PCOREM3terg,1,0,22,25
ARACHDCOAtr;PGMT,1,0,22,25
ARACHDCOAtr;PItg,1,0,22,25
ARACHDCOAtr;PMANM,1,0,22,25
ARACHDCOAtr;PMTCOAFABP1tc,0,1,23,24
ARACHDCOAtr;POCDPRBTLT2g,1,0,22,25
ARACHDCOAtr;POCDPRBTLTg,1,0,22,25
ARACHDCOAtr;POGLCNACTg,1,0,22,25
ARACHDCOAtr;POMGNGALNTr,1,0,22,25
ARACHDCOAtr;POMGNTr,1,0,22,25
ARACHDCOAtr;POMKr,1,0,22,25
ARACHDCOAtr;POXYLTg,1,0,22,25
ARACHDCOAtr;PPA,0,2,23,23
ARACHDCOAtr;RBT5PCYTr,1,0,22,25
ARACHDCOAtr;RBT5PDH,1,0,22,25
ARACHDCOAtr;RPI,0,1,23,24
ARACHDCOAtr;RU5Ptr,1,0,22,25
ARACHDCOAtr;TECR180,0,1,23,24
ARACHDCOAtr;TECR201,0,1,23,24
ARACHDCOAtr;TECR221,0,1,23,24
ARACHDCOAtr;TECR241,0,1,23,24
ARACHDCOAtr;TPI,0,1,23,24
ARACHDCOAtr;TYRTA,1,0,22,25
ARACHDCOAtr;UACGAMUMPtr,1,0,22,25
ARACHDCOAtr;UAG4E,1,0,22,25
ARACHDCOAtr;UAGDP,1,0,22,25
ARACHDCOAtr;UDPG4E,1,0,22,25
ARACHDCOAtr;UDPGALt2r,1,0,22,25
ARACHDCOAtr;UDPGALtg,1,0,22,25
ARACHDCOAtr;UDPGD,1,0,22,25
ARACHDCOAtr;UDPGGPGTr,1,0,22,25
ARACHDCOAtr;UDPGLCAtg,1,0,22,25
ARACHDCOAtr;UDPGLDCg,1,0,22,25
ARACHDCOAtr;UGALNACter,1,0,22,25
ARACHDCOAtr;UGCGc,1,0,22,25
ARACHDCOAtr;UGLCNACtg,1,0,22,25
ARACHDtr;ATP1ter,1,0,22,25
ARACHDtr;B3GNT51g,1,0,22,25
ARACHDtr;CDPRBTLtg,1,0,22,25
ARACHDtr;CDPtg,1,0,22,25
ARACHDtr;CERT2rt,1,0,22,25
ARACHDtr;CO2tg,1,0,22,25
ARACHDtr;DOLMANP_ter,1,0,22,25
ARACHDtr;DOLPMT,1,0,22,25
ARACHDtr;DOLPOMTr,1,0,22,25
ARACHDtr;DOLP_ter,1,0,22,25
ARACHDtr;GALGLUSIDEtg,1,0,22,25
ARACHDtr;GALGLUSIDEtr,1,0,22,25
ARACHDtr;GALU,1,0,22,25
ARACHDtr;GDPFUCtg,1,0,22,25
ARACHDtr;GDPtg,1,0,22,25
ARACHDtr;GF6PTA,1,0,22,25
ARACHDtr;GFUCSx,1,0,22,25
ARACHDtr;GMAND,1,0,22,25
ARACHDtr;GMPtg,1,0,22,25
ARACHDtr;H2Otg,1,0,22,25
ARACHDtr;Htg,1,0,22,25
ARACHDtr;LARGEg,1,0,22,25
ARACHDtr;MAN1PT2,1,0,22,25
ARACHDtr;MAN6PI,1,0,22,25
ARACHDtr;NADPHtru,1,0,22,25
ARACHDtr;NADPtru,1,0,22,25
ARACHDtr;NDP7er,1,0,22,25
ARACHDtr;NDP7g,1,0,22,25
ARACHDtr;PCOREM3terg,1,0,22,25
ARACHDtr;PGMT,1,0,22,25
ARACHDtr;PItg,1,0,22,25
ARACHDtr;PMANM,1,0,22,25
ARACHDtr;POCDPRBTLT2g,1,0,22,25
ARACHDtr;POCDPRBTLTg,1,0,22,25
ARACHDtr;POGLCNACTg,1,0,22,25
ARACHDtr;POMGNGALNTr,1,0,22,25
ARACHDtr;POMGNTr,1,0,22,25
ARACHDtr;POMKr,1,0,22,25
ARACHDtr;POXYLTg,1,0,22,25
ARACHDtr;RBT5PCYTr,1,0,22,25
ARACHDtr;RBT5PDH,1,0,22,25
ARACHDtr;RU5Ptr,1,0,22,25
ARACHDtr;TYRTA,1,0,22,25
ARACHDtr;UACGAMUMPtr,1,0,22,25
ARACHDtr;UAG4E,1,0,22,25
ARACHDtr;UAGDP,1,0,22,25
ARACHDtr;UDPG4E,1,0,22,25
ARACHDtr;UDPGALt2r,1,0,22,25
ARACHDtr;UDPGALtg,1,0,22,25
ARACHDtr;UDPGD,1,0,22,25
ARACHDtr;UDPGGPGTr,1,0,22,25
ARACHDtr;UDPGLCAtg,1,0,22,25
ARACHDtr;UDPGLDCg,1,0,22,25
ARACHDtr;UGALNACter,1,0,22,25
ARACHDtr;UGCGc,1,0,22,25
ARACHDtr;UGLCNACtg,1,0,22,25
ARCOAATp;ESTRADIOLtr,0,1,23,24
ARCOAATp;ESTRONEtr,0,1,23,24
ARCOAATp;G6PDH2rer,0,2,23,23
ARCOAATp;G6Pter,0,2,23,23
ARCOAATp;HSD17B1,0,1,23,24
ARCOAATp;HSD17B8r,0,1,23,24
ARCOAATp;Htr,0,5,23,20
ARCOAATp;LDH_L,0,1,23,24
ARCOAATp;NADPHtru,1,0,22,25
ARCOAATp;NADPtru,1,0,22,25
ARCOAATp;PPA,0,1,23,24
ARCOAATp;RPI,0,1,23,24
ARCOAATp;TPI,0,1,23,24
ARCOAATr;NADPHtru,1,0,22,25
ARCOAATr;NADPtru,1,0,22,25
ARGCITRt2m;DASCBR,1,0,22,25
ARGCITRt2m;DOPABMO,1,0,22,25
ARGCITRt2m;HCO3E,1,0,22,25
ARGCITRt2m;TYRDOPO,1,0,22,25
ARTFR32;ARTFR45,2,0,21,25
ARTFR32;RTOT4,2,0,21,25
ARTFR41;ARTPLM1,0,1,23,24
ARTFR42;ARTFR45,3,0,20,25
ARTFR45;ARTFR52,3,0,20,25
ARTFR45;RTOT3,2,0,21,25
ARTFR45;RTOT5,3,0,20,25
ARTFR52;ARTPLM1,0,1,23,24
ARTFR52;RTOT4,3,0,20,25
ARTPLM1;RTOT4,0,1,23,24
ARTPLM1;RTOT5,0,1,23,24
ASCBt5;Htr,0,1,23,24
ASCBtr;Htr,0,1,23,24
ASNN;ASPPROASCT1,0,1,23,24
ASNPHELAT2tc;ASNTHRNaEx,0,2,23,23
ASNPHELAT2tc;ILEPHELAT2tc,0,1,23,24
ASNPHELAT2tc;ILEt4,0,1,23,24
ASNPHELAT2tc;THRPHELAT2tc,0,1,23,24
ASNTHRNaEx;ILEPHELAT2tc,0,1,23,24
ASNTHRNaEx;ILEt4,0,1,23,24
ASNTHRNaEx;THRPHELAT2tc,0,1,23,24
ASNt4;ASNtN1,2,1,21,24
ASP1DC;H2Ot,0,1,23,24
ASP1DC;MAL_Lte,0,1,23,24
ASP1DC;THRA,0,1,23,24
ASPGLUm;ASPPROASCT1,0,1,23,24
ASPGLUm;ASPTA,0,2,23,23
ASPGLUm;ASPte,0,1,23,24
ASPGLUm;ATPS4m,0,2,23,23
ASPGLUm;BPGP,0,1,23,24
ASPGLUm;CAT,0,1,23,24
ASPGLUm;CITMCOAHm,0,3,23,22
ASPGLUm;CITMCOALm,0,3,23,22
ASPGLUm;CO2tm,0,1,23,24
ASPGLUm;COAtp,0,1,23,24
ASPGLUm;CRNCARtp,0,1,23,24
ASPGLUm;CSNATp,0,1,23,24
ASPGLUm;CSNATr,0,1,23,24
ASPGLUm;CSm,0,3,23,22
ASPGLUm;CYOOm2,0,1,23,24
ASPGLUm;CYOR_u10m,0,1,23,24
ASPGLUm;CYSGLYex,0,1,23,24
ASPGLUm;CYSTGL,0,1,23,24
ASPGLUm;CYSTS,0,1,23,24
ASPGLUm;DAG_Hstem,0,1,23,24
ASPGLUm;DPGM,0,1,23,24
ASPGLUm;ENO,0,1,23,24
ASPGLUm;FADH2ETC,0,1,23,24
ASPGLUm;FBA,0,1,23,24
ASPGLUm;FE2tm,1,0,22,25
ASPGLUm;FE3tm,1,0,22,25
ASPGLUm;FECR,1,0,22,25
ASPGLUm;FTMTm,1,0,22,25
ASPGLUm;GAPD,0,1,23,24
ASPGLUm;GLUDxm,0,2,23,23
ASPGLUm;GLUt2e,0,1,23,24
ASPGLUm;GLUt2m,0,1,23,24
ASPGLUm;GPAT,0,1,23,24
ASPGLUm;GTHOm,0,2,23,23
ASPGLUm;GTHPm,0,2,23,23
ASPGLUm;GTPGDPtm,0,1,23,24
ASPGLUm;H2O2tm,0,2,23,23
ASPGLUm;H2Ot,0,1,23,24
ASPGLUm;H2Oter,0,1,23,24
ASPGLUm;HCO3Ee,0,1,23,24
ASPGLUm;HCO3tm,0,1,23,24
ASPGLUm;HMGCOAtx,0,1,23,24
ASPGLUm;HMGLx,0,1,23,24
ASPGLUm;ICDHxrm,0,1,23,24
ASPGLUm;ICDHyrm,0,1,23,24
ASPGLUm;ITCOALm,0,3,23,22
ASPGLUm;MAL_Lte,0,1,23,24
ASPGLUm;MCITS,0,1,23,24
ASPGLUm;MDH,0,2,23,23
ASPGLUm;METAT,0,1,23,24
ASPGLUm;NADH2_u10m,0,1,23,24
ASPGLUm;NH4tm,0,1,23,24
ASPGLUm;O2t,0,1,23,24
ASPGLUm;OAADC,0,1,23,24
ASPGLUm;OBDHc,0,1,23,24
ASPGLUm;OXALSUCCCLm,0,2,23,23
ASPGLUm;PFK2,0,1,23,24
ASPGLUm;PGI,0,2,23,23
ASPGLUm;PIMALtm,1,0,22,25
ASPGLUm;PPA,0,1,23,24
ASPGLUm;PPAm,0,2,23,23
ASPGLUm;PPItm,0,1,23,24
ASPGLUm;PYRtm,0,2,23,23
ASPGLUm;SBTR,0,1,23,24
ASPGLUm;SBT_Dtde,0,1,23,24
ASPGLUm;SO3MALtm,1,0,22,25
ASPGLUm;SUCCACONtm,0,1,23,24
ASPGLUm;SUCCt4_3,0,1,23,24
ASPGLUm;TPI,0,1,23,24
ASPOX;BPGP,0,1,23,24
ASPOX;DPGM,0,1,23,24
ASPOX;ENO,0,1,23,24
ASPOX;G6PDH2r,0,1,23,24
ASPOX;GAPD,0,1,23,24
ASPOX;GND,0,1,23,24
ASPOX;PGI,0,1,23,24
ASPOX;PGL,0,1,23,24
ASPOX;RPE,0,1,23,24
ASPOX;TALA,0,1,23,24
ASPOX;TKT1,0,1,23,24
ASPOX;TKT2,0,1,23,24
ASPPROASCT1;ACITLn,0,1,23,24
ASPPROASCT1;ADPtn,0,1,23,24
ASPPROASCT1;ASPTAm,0,1,23,24
ASPPROASCT1;ASPt6,1,1,22,24
ASPPROASCT1;ASPte,0,1,23,24
ASPPROASCT1;ATPtn,0,1,23,24
ASPPROASCT1;CHATn,0,1,23,24
ASPPROASCT1;CHOLtn,0,1,23,24
ASPPROASCT1;CITMCOAHm,0,1,23,24
ASPPROASCT1;CITMCOALm,0,1,23,24
ASPPROASCT1;CITRt2m,0,1,23,24
ASPPROASCT1;CITRtm,0,1,23,24
ASPPROASCT1;CITtn,0,1,23,24
ASPPROASCT1;HCO3tm,0,1,23,24
ASPPROASCT1;HMGCOASim,0,1,23,24
ASPPROASCT1;ICDHyrm,0,1,23,24
ASPPROASCT1;ITCOALm,0,1,23,24
ASPPROASCT1;MALACONtm,0,1,23,24
ASPPROASCT1;MDH,0,1,23,24
ASPPROASCT1;NKCCt,0,1,23,24
ASPPROASCT1;OAAtn,0,1,23,24
ASPPROASCT1;OXALSUCCCLm,0,1,23,24
ASPPROASCT1;PCm,0,1,23,24
ASPPROASCT1;PItn,0,1,23,24
ASPTA;ASPTAm,0,2,23,23
ASPTA;ATPS4m,0,1,23,24
ASPTA;CAT,0,1,23,24
ASPTA;CYOOm2,0,1,23,24
ASPTA;CYOR_u10m,0,1,23,24
ASPTA;DAG_Hstem,0,1,23,24
ASPTA;FADH2ETC,0,1,23,24
ASPTA;FBA3,0,1,23,24
ASPTA;GTHOm,0,1,23,24
ASPTA;GTHPm,0,1,23,24
ASPTA;H2O2tm,0,1,23,24
ASPTA;MALACONtm,0,1,23,24
ASPTA;MCITS,0,1,23,24
ASPTA;MDH,0,1,23,24
ASPTA;MDHm,0,2,23,23
ASPTA;NADH2_u10m,0,1,23,24
ASPTA;OBDHc,0,1,23,24
ASPTA;PFK_3,0,1,23,24
ASPTA;PGI,0,1,23,24
ASPTA;PPA,0,1,23,24
ASPTA;PPAm,0,1,23,24
ASPTA;PPItm,0,1,23,24
ASPTA;RPE,0,1,23,24
ASPTA;TKT1,0,1,23,24
ASPTA;TKT2,0,1,23,24
ASPTAm;ASPte,0,1,23,24
ASPTAm;ATPS4m,0,2,23,23
ASPTAm;BPGP,0,1,23,24
ASPTAm;CAT,0,1,23,24
ASPTAm;CITMCOAHm,0,3,23,22
ASPTAm;CITMCOALm,0,3,23,22
ASPTAm;CO2tm,0,1,23,24
ASPTAm;COAtp,0,1,23,24
ASPTAm;CRNCARtp,0,1,23,24
ASPTAm;CSNATp,0,1,23,24
ASPTAm;CSNATr,0,1,23,24
ASPTAm;CSm,0,3,23,22
ASPTAm;CYOOm2,0,1,23,24
ASPTAm;CYOR_u10m,0,1,23,24
ASPTAm;CYSGLYex,0,1,23,24
ASPTAm;CYSTGL,0,1,23,24
ASPTAm;CYSTS,0,1,23,24
ASPTAm;DAG_Hstem,0,1,23,24
ASPTAm;DPGM,0,1,23,24
ASPTAm;ENO,0,1,23,24
ASPTAm;FADH2ETC,0,1,23,24
ASPTAm;FBA,0,1,23,24
ASPTAm;GAPD,0,1,23,24
ASPTAm;GLUDxm,0,2,23,23
ASPTAm;GLUt2e,0,1,23,24
ASPTAm;GLUt2m,0,1,23,24
ASPTAm;GPAT,0,1,23,24
ASPTAm;GTHOm,0,2,23,23
ASPTAm;GTHPm,0,2,23,23
ASPTAm;GTPGDPtm,0,1,23,24
ASPTAm;H2O2tm,0,2,23,23
ASPTAm;H2Ot,0,1,23,24
ASPTAm;H2Oter,0,1,23,24
ASPTAm;HCO3Ee,0,1,23,24
ASPTAm;HCO3tm,0,1,23,24
ASPTAm;HMGCOAtx,0,1,23,24
ASPTAm;HMGLx,0,1,23,24
ASPTAm;ICDHxrm,0,1,23,24
ASPTAm;ICDHyrm,0,1,23,24
ASPTAm;ITCOALm,0,3,23,22
ASPTAm;MAL_Lte,0,1,23,24
ASPTAm;MCITS,0,1,23,24
ASPTAm;MDH,0,2,23,23
ASPTAm;METAT,0,1,23,24
ASPTAm;NADH2_u10m,0,1,23,24
ASPTAm;NH4tm,0,1,23,24
ASPTAm;O2t,0,1,23,24
ASPTAm;OAADC,0,1,23,24
ASPTAm;OBDHc,0,1,23,24
ASPTAm;OXALSUCCCLm,0,2,23,23
ASPTAm;PFK2,0,1,23,24
ASPTAm;PGI,0,2,23,23
ASPTAm;PPA,0,1,23,24
ASPTAm;PPAm,0,2,23,23
ASPTAm;PPItm,0,1,23,24
ASPTAm;PYRtm,0,2,23,23
ASPTAm;SBTR,0,1,23,24
ASPTAm;SBT_Dtde,0,1,23,24
ASPTAm;SUCCACONtm,0,1,23,24
ASPTAm;SUCCt4_3,0,1,23,24
ASPTAm;TPI,0,1,23,24
ASPt6;ASPTA,0,1,23,24
ASPt6;ASPte,6,3,17,22
ASPte;CITtam,0,1,23,24
ASPte;GLUt2e,0,1,23,24
ASPte;KCCt,1,0,22,25
ASPte;MDH,0,1,23,24
ASPte;MDHm,0,1,23,24
ASPte;NCKt,1,0,22,25
ASPte;NCNt,1,0,22,25
ASPte;NKCCt,1,0,22,25
ATAn;O2t,0,1,23,24
ATHCCDH;ENO,0,1,23,24
ATHCCDH;GAPD,0,1,23,24
ATHCCDH;PGK,0,1,23,24
ATHCCDH;PGM,0,1,23,24
ATHCCHL;ENO,0,1,23,24
ATHCCHL;GAPD,0,1,23,24
ATHCCHL;PGK,0,1,23,24
ATHCCHL;PGM,0,1,23,24
ATP1ter;BDMT,0,1,23,24
ATP1ter;COAtr,1,0,22,25
ATP1ter;DOLASNTer,0,1,23,24
ATP1ter;DOLDPPer,0,1,23,24
ATP1ter;DOLGLCP_ter,0,1,23,24
ATP1ter;DOLPGT1er,0,1,23,24
ATP1ter;DOLPGT2er,0,1,23,24
ATP1ter;DOLPGT3er,0,1,23,24
ATP1ter;DOLPMT1er,0,1,23,24
ATP1ter;DOLPMT2_er,0,1,23,24
ATP1ter;DOLPMT3er,0,1,23,24
ATP1ter;DOLPMT4_er,0,1,23,24
ATP1ter;FACOAL204,1,0,22,25
ATP1ter;G12MT1,0,1,23,24
ATP1ter;G12MT2,0,1,23,24
ATP1ter;G13MT,0,1,23,24
ATP1ter;G16MT,0,1,23,24
ATP1ter;GLCNACPT,0,1,23,24
ATP1ter;GLCNACT,0,1,23,24
ATP1ter;GLCter,0,1,23,24
ATP1ter;GLUt6,0,1,23,24
ATP1ter;H2Oter,2,1,21,24
ATP1ter;HEX16,0,1,23,24
ATP1ter;Htr,1,1,22,24
ATP1ter;M13N2Tg,0,1,23,24
ATP1ter;M4MPDOL_ter,0,1,23,24
ATP1ter;M8MASNterg,0,1,23,24
ATP1ter;MANtg,0,1,23,24
ATP1ter;MG1er,0,1,23,24
ATP1ter;MG2er,0,1,23,24
ATP1ter;MG3er,0,1,23,24
ATP1ter;MM5ag,0,1,23,24
ATP1ter;MM6bg,0,1,23,24
ATP1ter;MM7Cag,0,1,23,24
ATP1ter;MM8Ag,0,1,23,24
ATP1ter;NADPHtru,0,1,23,24
ATP1ter;NADPtru,0,1,23,24
ATP1ter;PFK2,1,0,22,25
ATP1ter;PGI,0,1,23,24
ATP1ter;PIt9,1,0,22,25
ATP1ter;PPAer,0,1,23,24
ATP1ter;PPIPItr,0,1,23,24
ATP1ter;RPI,0,1,23,24
ATP1ter;SE10,1,0,22,25
ATP1ter;SOAT6,1,0,22,25
ATP1ter;SUCOAS1m,0,1,23,24
ATP1ter;UDPDOLPT,0,1,23,24
ATPAMPtp;CITRt2m,0,1,23,24
ATPAMPtp;CITRtm,0,1,23,24
ATPAMPtp;CO2tm,0,1,23,24
ATPAMPtp;ENO,0,1,23,24
ATPAMPtp;G6PDH2r,0,1,23,24
ATPAMPtp;G6PDH2rer,0,1,23,24
ATPAMPtp;GAPD,0,1,23,24
ATPAMPtp;GND,0,1,23,24
ATPAMPtp;Htr,0,1,23,24
ATPAMPtp;LDH_L,0,1,23,24
ATPAMPtp;L_LACt2r,0,1,23,24
ATPAMPtp;PGK,0,1,23,24
ATPAMPtp;PGL,0,1,23,24
ATPAMPtp;PGM,0,1,23,24
ATPAMPtp;PIt7,1,0,22,25
ATPAMPtp;PIt9,0,1,23,24
ATPAMPtp;PPCOAtm,1,0,22,25
ATPAMPtp;PYK7,0,1,23,24
ATPAMPtp;TPI,0,1,23,24
ATPS4m;AKGtn,0,1,23,24
ATPS4m;ATPt4,3,0,20,25
ATPS4m;CA2tm,1,1,22,24
ATPS4m;CAtm7,7,0,16,25
ATPS4m;CITRt2m,0,2,23,23
ATPS4m;CITRtm,0,2,23,23
ATPS4m;CO2tm,1,0,22,25
ATPS4m;CO2tn,0,1,23,24
ATPS4m;CRNtim,0,1,23,24
ATPS4m;CSNATm,1,1,22,24
ATPS4m;CSNATr,1,0,22,25
ATPS4m;DNDPt1m,0,1,23,24
ATPS4m;DNDPt42m,0,1,23,24
ATPS4m;DRPA,2,0,21,25
ATPS4m;DUMPtm,0,1,23,24
ATPS4m;DURIPP,2,0,21,25
ATPS4m;DUTPDPm,0,1,23,24
ATPS4m;ETHPL,0,1,23,24
ATPS4m;FALDtn,0,1,23,24
ATPS4m;FE2tm,3,0,20,25
ATPS4m;FE3tm,4,0,19,25
ATPS4m;FECR,4,0,19,25
ATPS4m;FTMTm,4,0,19,25
ATPS4m;G6PDH2r,0,1,23,24
ATPS4m;GLYC3Ptm,1,0,22,25
ATPS4m;GND,0,1,23,24
ATPS4m;GTHOm,0,1,23,24
ATPS4m;GTHPm,0,1,23,24
ATPS4m;H2O2tm,0,1,23,24
ATPS4m;HEX12,0,2,23,23
ATPS4m;HMGCOASim,1,0,22,25
ATPS4m;Htm,16,14,7,11
ATPS4m;IMAGH,1,0,22,25
ATPS4m;LDH_L,0,1,23,24
ATPS4m;L_LACt2r,0,2,23,23
ATPS4m;MDH,0,1,23,24
ATPS4m;MDHm,0,1,23,24
ATPS4m;MEOHt2,0,1,23,24
ATPS4m;NACDe,3,0,20,25
ATPS4m;NACPRT,3,0,20,25
ATPS4m;NADH2_u10m,0,1,23,24
ATPS4m;NAtm,7,0,16,25
ATPS4m;NCAMDe,3,0,20,25
ATPS4m;NMNDA,3,0,20,25
ATPS4m;NMNS,3,0,20,25
ATPS4m;NTD1,2,0,21,25
ATPS4m;O2tn,0,1,23,24
ATPS4m;PEMET1,0,1,23,24
ATPS4m;PEMET2,0,1,23,24
ATPS4m;PGL,0,1,23,24
ATPS4m;PIATPLtm,10,3,13,22
ATPS4m;PIGTHRDLtm,0,3,23,22
ATPS4m;PPM,2,0,21,25
ATPS4m;PPM2,2,0,21,25
ATPS4m;PYNP2r,2,0,21,25
ATPS4m;RPE,0,1,23,24
ATPS4m;SBTR,0,3,23,22
ATPS4m;SBT_Dtde,0,3,23,22
ATPS4m;SUCCACONtm,0,1,23,24
ATPS4m;SUCCt4_3,0,1,23,24
ATPS4m;TKT1,0,1,23,24
ATPS4m;TKT2,0,1,23,24
ATPS4m;TPI,0,1,23,24
ATPS4m;TRDR,1,0,22,25
ATPS4m;URIDK2,0,1,23,24
ATPS4m;URIK2,0,1,23,24
ATPS4m;URIK4,0,1,23,24
ATPasel;Htr,0,1,23,24
ATPt4;CO2tm,1,0,22,25
ATPt4;CYOOm2,2,0,21,25
ATPt4;CYOR_u10m,2,0,21,25
ATPt4;DHRT_ivcoa,1,0,22,25
ATPt4;DLD,1,0,22,25
ATPt4;FE2tm,1,0,22,25
ATPt4;FE3tm,2,0,21,25
ATPt4;FECR,2,0,21,25
ATPt4;FTMTm,2,0,21,25
ATPt4;GLYC3Ptmc,1,0,22,25
ATPt4;GTPGDPtm,1,0,22,25
ATPt4;HCO3Em,1,0,22,25
ATPt4;LEUTA,1,0,22,25
ATPt4;MCCCm,1,0,22,25
ATPt4;MGCHrm,1,0,22,25
ATPt4;MOD_3mhop,1,0,22,25
ATPt4;O2t,1,0,22,25
ATPt4;TYROX,1,0,22,25
ATPt4;TYRTA,1,0,22,25
ATPtm;CITMCOAHm,0,2,23,23
ATPtm;CITMCOALm,0,2,23,23
ATPtm;COAtp,0,1,23,24
ATPtm;COQ3m,0,1,23,24
ATPtm;COQ5m,0,1,23,24
ATPtm;COQ6m,0,1,23,24
ATPtm;COQ7m,0,1,23,24
ATPtm;COUCOAFm,0,1,23,24
ATPtm;CRNCARtp,0,1,23,24
ATPtm;CSNATp,0,1,23,24
ATPtm;CSNATr,0,1,23,24
ATPtm;CSm,0,2,23,23
ATPtm;DAG_Hstem,0,1,23,24
ATPtm;DECDPtm,0,1,23,24
ATPtm;DHDPBMTm,0,1,23,24
ATPtm;DPHMBDCm,0,1,23,24
ATPtm;DPPS,0,1,23,24
ATPtm;ETHPL,0,1,23,24
ATPtm;FBA3,1,0,22,25
ATPtm;FRDPtc,0,1,23,24
ATPtm;G6PDH2r,0,1,23,24
ATPtm;GLUDym,0,1,23,24
ATPtm;GLYt2r,1,0,22,25
ATPtm;GND,0,1,23,24
ATPtm;HBZOPT10m,0,1,23,24
ATPtm;HEX12,0,1,23,24
ATPtm;HMGCOAtx,0,1,23,24
ATPtm;HMGLx,0,1,23,24
ATPtm;Htm,0,2,23,23
ATPtm;ICITMALtm,0,1,23,24
ATPtm;IMAGH,1,0,22,25
ATPtm;ITCOALm,0,2,23,23
ATPtm;LDH_L,0,1,23,24
ATPtm;L_LACt2r,0,1,23,24
ATPtm;MDHm,0,1,23,24
ATPtm;NACDe,3,0,20,25
ATPtm;NACPRT,3,0,20,25
ATPtm;NAt3_1,0,1,23,24
ATPtm;NCAMDe,3,0,20,25
ATPtm;NMNDA,3,0,20,25
ATPtm;NMNS,3,0,20,25
ATPtm;PFK_3,1,0,22,25
ATPtm;PGI,0,1,23,24
ATPtm;PGL,0,1,23,24
ATPtm;PIGTHRDLtm,0,2,23,23
ATPtm;PPAm,0,2,23,23
ATPtm;PYK,0,1,23,24
ATPtm;Q10H2e,0,1,23,24
ATPtm;RPE,1,1,22,24
ATPtm;RU5Ptr,1,0,22,25
ATPtm;SBTR,0,1,23,24
ATPtm;SBT_Dtde,0,1,23,24
ATPtm;T4HCINNMFM,0,1,23,24
ATPtm;THRA,1,0,22,25
ATPtm;TKT1,1,1,22,24
ATPtm;TKT2,1,1,22,24
ATPtm;TPI,0,1,23,24
ATPtm;TYRTAm,0,1,23,24
ATPtm;TYRtl,0,1,23,24
ATPtm;q10h2tc,0,1,23,24
ATPtn;HCO3Em,0,1,23,24
ATPtn;HCO3tm,0,1,23,24
ATPtn;O2St,1,0,22,25
ATPtn;O2t,5,5,18,20
ATPtn;THRA,0,1,23,24
A_MANASEly;GPDDA1,0,1,23,24
A_MANASEly;LPASE,0,1,23,24
A_MANASEly;R_group_phosphotase_1,0,1,23,24
Asn_X_Ser/Thrtr;GPDDA1,0,1,23,24
Asn_X_Ser/Thrtr;LPASE,0,1,23,24
Asn_X_Ser/Thrtr;R_group_phosphotase_1,0,1,23,24
B3GALTg;B3GNT310g,5,2,18,23
B3GALTg;BDMT,0,1,23,24
B3GALTg;DOLASNTer,0,1,23,24
B3GALTg;DOLDPPer,0,1,23,24
B3GALTg;DOLGLCP_ter,0,1,23,24
B3GALTg;DOLMANP_ter,0,1,23,24
B3GALTg;DOLPGT1er,0,1,23,24
B3GALTg;DOLPGT2er,0,1,23,24
B3GALTg;DOLPGT3er,0,1,23,24
B3GALTg;DOLPMT,0,1,23,24
B3GALTg;DOLPMT1er,0,1,23,24
B3GALTg;DOLPMT2_er,0,1,23,24
B3GALTg;DOLPMT3er,0,1,23,24
B3GALTg;DOLPMT4_er,0,1,23,24
B3GALTg;DOLP_ter,0,1,23,24
B3GALTg;FE2tm,1,0,22,25
B3GALTg;FE3tm,1,0,22,25
B3GALTg;FECR,1,0,22,25
B3GALTg;FTMTm,1,0,22,25
B3GALTg;FUCACNGAL14ACGLCGALGLUSIDEte,1,1,22,24
B3GALTg;FUCACNGAL14ACGLCGALGLUSIDEtg,1,1,22,24
B3GALTg;FUT92g,1,1,22,24
B3GALTg;G12MT1,0,1,23,24
B3GALTg;G12MT2,0,1,23,24
B3GALTg;G13MT,0,1,23,24
B3GALTg;G16MT,0,1,23,24
B3GALTg;GLCNACPT,0,1,23,24
B3GALTg;GLCNACT,0,1,23,24
B3GALTg;GLCter,0,1,23,24
B3GALTg;HAS1,1,0,22,25
B3GALTg;HAS2,1,0,22,25
B3GALTg;HEX16,0,1,23,24
B3GALTg;M1316Mg,0,1,23,24
B3GALTg;M13N2Tg,0,1,23,24
B3GALTg;M4MPDOL_ter,0,1,23,24
B3GALTg;M7MASNBterg,0,1,23,24
B3GALTg;MANter,0,1,23,24
B3GALTg;MANtg,0,1,23,24
B3GALTg;MG1er,0,1,23,24
B3GALTg;MG2er,0,1,23,24
B3GALTg;MG3er,0,1,23,24
B3GALTg;MM5bg,0,1,23,24
B3GALTg;MM6B1bg,0,1,23,24
B3GALTg;MM7B2g,0,1,23,24
B3GALTg;MM8Ber,0,1,23,24
B3GALTg;ST3GAL61g,1,1,22,24
B3GALTg;TPI,2,0,21,25
B3GALTg;UDPDOLPT,0,1,23,24
B3GALTg;UDPGD,1,0,22,25
B3GNT11g;H2Oter,1,0,22,25
B3GNT11g;PGAM1_PhosHydro,1,0,22,25
B3GNT12g;H2Oter,1,0,22,25
B3GNT310g;ARTFR42,2,0,21,25
B3GNT310g;ARTPLM1,0,1,23,24
B3GNT310g;BUTt2m,1,0,22,25
B3GNT310g;CORE5GTg,0,1,23,24
B3GNT310g;CYOOm2,1,0,22,25
B3GNT310g;CYOR_u10m,1,0,22,25
B3GNT310g;FA40ACPH,1,0,22,25
B3GNT310g;FACOAL40im,1,0,22,25
B3GNT310g;FADH2ETC,1,0,22,25
B3GNT310g;FBA3,1,0,22,25
B3GNT310g;FUC14GALACGLCGALGLUSIDEte,1,0,22,25
B3GNT310g;FUC14GALACGLCGALGLUSIDEtg,1,0,22,25
B3GNT310g;FUCACGALFUCGALACGLCGALGLUSIDEte,0,1,23,24
B3GNT310g;FUCACGALFUCGALACGLCGALGLUSIDEtg,0,1,23,24
B3GNT310g;FUCACNGALACGLCGALGLUSIDEte,1,1,22,24
B3GNT310g;FUCACNGALACGLCGALGLUSIDEtg,1,1,22,24
B3GNT310g;FUT121g,0,1,23,24
B3GNT310g;FUT31g,1,0,22,25
B3GNT310g;FUT32g,1,1,22,24
B3GNT310g;FUT33g,0,1,23,24
B3GNT310g;G6Pter,1,0,22,25
B3GNT310g;GALNTg,0,1,23,24
B3GNT310g;GGTA1g,0,1,23,24
B3GNT310g;GLUt6,2,0,21,25
B3GNT310g;GPDDA1,0,1,23,24
B3GNT310g;H2Oter,0,1,23,24
B3GNT310g;Htr,0,1,23,24
B3GNT310g;KCCt,1,0,22,25
B3GNT310g;LPASE,0,1,23,24
B3GNT310g;OCDE9ECOAtr,2,0,21,25
B3GNT310g;PFK_3,1,0,22,25
B3GNT310g;PGAM1_PhosHydro,1,0,22,25
B3GNT310g;PIt8,0,1,23,24
B3GNT310g;PPAer,0,2,23,23
B3GNT310g;PPIPItr,0,2,23,23
B3GNT310g;R_group_phosphotase_1,0,1,23,24
B3GNT310g;ST3GAL31g,1,1,22,24
B3GNT310g;TPI,2,0,21,25
B3GNT310g;UAG4E,0,2,23,23
B3GNT310g;UGALNACtg,0,2,23,23
B3GNT312g;H2Oter,1,0,22,25
B3GNT312g;PGAM1_PhosHydro,1,0,22,25
B3GNT315g;H2Oter,1,0,22,25
B3GNT39g;PIt8,0,1,23,24
B3GNT51g;ARTFR42,2,0,21,25
B3GNT51g;ARTPLM1,0,1,23,24
B3GNT51g;BDMT,1,1,22,24
B3GNT51g;BUTt2m,1,0,22,25
B3GNT51g;COAtr,1,0,22,25
B3GNT51g;CORE5GTg,0,1,23,24
B3GNT51g;CYOOm2,1,0,22,25
B3GNT51g;CYOR_u10m,1,0,22,25
B3GNT51g;DOCO13ACtr,1,0,22,25
B3GNT51g;DOCOSECOAtr,1,0,22,25
B3GNT51g;DOLASNTer,1,1,22,24
B3GNT51g;DOLDPPer,1,1,22,24
B3GNT51g;DOLGLCP_ter,1,1,22,24
B3GNT51g;DOLMANP_ter,1,1,22,24
B3GNT51g;DOLPGT1er,1,1,22,24
B3GNT51g;DOLPGT2er,1,1,22,24
B3GNT51g;DOLPGT3er,1,1,22,24
B3GNT51g;DOLPMT,1,1,22,24
B3GNT51g;DOLPMT1er,1,1,22,24
B3GNT51g;DOLPMT2_er,1,1,22,24
B3GNT51g;DOLPMT3er,1,1,22,24
B3GNT51g;DOLPMT4_er,1,1,22,24
B3GNT51g;DOLP_ter,1,1,22,24
B3GNT51g;FA40ACPH,1,0,22,25
B3GNT51g;FACOAL204,1,0,22,25
B3GNT51g;FACOAL40im,1,0,22,25
B3GNT51g;FADH2ETC,1,0,22,25
B3GNT51g;FBA3,1,0,22,25
B3GNT51g;FE2tm,1,0,22,25
B3GNT51g;FE3tm,1,0,22,25
B3GNT51g;FECR,1,0,22,25
B3GNT51g;FTMTm,1,0,22,25
B3GNT51g;G12MT1,1,1,22,24
B3GNT51g;G12MT2,1,1,22,24
B3GNT51g;G13MT,1,1,22,24
B3GNT51g;G16MT,1,1,22,24
B3GNT51g;G6Pter,3,0,20,25
B3GNT51g;GALNTg,0,1,23,24
B3GNT51g;GLCNACPT,1,1,22,24
B3GNT51g;GLCNACT,1,1,22,24
B3GNT51g;GLCter,1,1,22,24
B3GNT51g;GLUt6,2,0,21,25
B3GNT51g;GLYC3Ptmc,1,0,22,25
B3GNT51g;GPDDA1,0,1,23,24
B3GNT51g;H2Oter,2,1,21,24
B3GNT51g;HAS1,1,0,22,25
B3GNT51g;HAS2,1,0,22,25
B3GNT51g;HEX16,1,1,22,24
B3GNT51g;Htm,1,0,22,25
B3GNT51g;Htr,1,1,22,24
B3GNT51g;KCCt,1,0,22,25
B3GNT51g;LPASE,0,1,23,24
B3GNT51g;M1316Mg,1,1,22,24
B3GNT51g;M13N2Tg,1,1,22,24
B3GNT51g;M16N4Tg,1,0,22,25
B3GNT51g;M16NTg,1,0,22,25
B3GNT51g;M4MPDOL_ter,1,1,22,24
B3GNT51g;M7MASNBterg,0,1,23,24
B3GNT51g;M8MASNterg,1,0,22,25
B3GNT51g;MANter,0,1,23,24
B3GNT51g;MANtg,1,1,22,24
B3GNT51g;MG1er,1,1,22,24
B3GNT51g;MG2er,1,1,22,24
B3GNT51g;MG3er,1,1,22,24
B3GNT51g;MM5ag,1,0,22,25
B3GNT51g;MM5bg,0,1,23,24
B3GNT51g;MM6B1bg,0,1,23,24
B3GNT51g;MM6bg,1,0,22,25
B3GNT51g;MM7B2g,0,1,23,24
B3GNT51g;MM7Cag,1,0,22,25
B3GNT51g;MM8Ag,1,0,22,25
B3GNT51g;MM8Ber,0,1,23,24
B3GNT51g;OCDE9ECOAtr,2,0,21,25
B3GNT51g;PFK_3,1,0,22,25
B3GNT51g;PIt7,1,0,22,25
B3GNT51g;PIt8,0,2,23,23
B3GNT51g;PPAer,0,2,23,23
B3GNT51g;PPIPItr,0,2,23,23
B3GNT51g;R_group_phosphotase_1,0,1,23,24
B3GNT51g;SE10,1,0,22,25
B3GNT51g;SOAT6,1,0,22,25
B3GNT51g;TPI,5,0,18,25
B3GNT51g;UAG4E,0,1,23,24
B3GNT51g;UDPDOLPT,1,1,22,24
B3GNT51g;UDPGD,1,0,22,25
B3GNT51g;UGALNACtg,0,1,23,24
BDMT;CDPRBTLtg,0,1,23,24
BDMT;CDPtg,0,1,23,24
BDMT;CERT2rt,1,1,22,24
BDMT;CO2tg,0,1,23,24
BDMT;DOLPOMTr,0,1,23,24
BDMT;GALGLUSIDEtg,1,1,22,24
BDMT;GALGLUSIDEtr,1,1,22,24
BDMT;GDPFUCtg,1,1,22,24
BDMT;GDPtg,1,1,22,24
BDMT;GFUCSx,1,1,22,24
BDMT;GMAND,1,1,22,24
BDMT;GMPtg,1,1,22,24
BDMT;GPDDA1,0,1,23,24
BDMT;H2Oter,1,0,22,25
BDMT;Htr,1,1,22,24
BDMT;LARGEg,0,1,23,24
BDMT;LPASE,0,1,23,24
BDMT;NDP7er,1,2,22,23
BDMT;PCOREM3terg,0,1,23,24
BDMT;PGAM1_PhosHydro,1,0,22,25
BDMT;PGI,0,1,23,24
BDMT;POCDPRBTLT2g,0,1,23,24
BDMT;POCDPRBTLTg,0,1,23,24
BDMT;POGLCNACTg,0,1,23,24
BDMT;POMGNGALNTr,0,1,23,24
BDMT;POMGNTr,0,1,23,24
BDMT;POMKr,0,1,23,24
BDMT;POXYLTg,0,1,23,24
BDMT;RBT5PCYTr,0,1,23,24
BDMT;RBT5PDH,0,1,23,24
BDMT;R_group_phosphotase_1,0,1,23,24
BDMT;TXA2tr,0,1,23,24
BDMT;TXB2c,0,1,23,24
BDMT;TXB2r,0,1,23,24
BDMT;TXB2tr,0,1,23,24
BDMT;UACGAMUMPtr,0,1,23,24
BDMT;UAG4E,0,1,23,24
BDMT;UDPG4E,1,1,22,24
BDMT;UDPGALt2r,1,1,22,24
BDMT;UDPGALtg,1,1,22,24
BDMT;UDPGD,0,1,23,24
BDMT;UDPGGPGTr,1,1,22,24
BDMT;UDPGLCAtg,0,1,23,24
BDMT;UDPGLDCg,0,1,23,24
BDMT;UGALNACter,0,1,23,24
BDMT;UGCGc,1,1,22,24
BDMT;UMPtr,1,1,22,24
BETALDHx;RADH,0,1,23,24
BETALDHx;RADH3,0,1,23,24
BETALDHx;RAI3,0,1,23,24
BETALDHx;RDH1a,0,1,23,24
BETALDHx;RDH4,0,1,23,24
BETALDHx;RETI3,0,1,23,24
BETALDHy;RADH,0,1,23,24
BETALDHy;RADH3,0,1,23,24
BETALDHy;RAI3,0,1,23,24
BETALDHy;RDH1a,0,1,23,24
BETALDHy;RDH4,0,1,23,24
BETALDHy;RETI3,0,1,23,24
BILDGLCURt5e;GLYtm,1,0,22,25
BILDGLCURt5e;MMCDm,1,0,22,25
BILDGLCURt5e;MMEm,1,0,22,25
BILDGLCURt5e;MMMm,1,0,22,25
BILDGLCURt5e;PPIOGLYc,1,0,22,25
BILDGLCURt5e;PPIOGLYte,1,0,22,25
BILDGLCURt5e;PPIOGLYtm,1,0,22,25
BILDGLCURtr;GLYtm,1,0,22,25
BILDGLCURtr;MMCDm,1,0,22,25
BILDGLCURtr;MMEm,1,0,22,25
BILDGLCURtr;MMMm,1,0,22,25
BILDGLCURtr;PPIOGLYc,1,0,22,25
BILDGLCURtr;PPIOGLYte,1,0,22,25
BILDGLCURtr;PPIOGLYtm,1,0,22,25
BILDGLUCRabc;H2Oter,2,1,21,24
BILDGLUCRabc;Htr,1,1,22,24
BILDGLUCRabc;NADPHtru,0,1,23,24
BILDGLUCRabc;NADPtru,0,1,23,24
BILDGLUCRabc;PFK2,1,0,22,25
BILDGLUCRabc;SUCOAS1m,0,1,23,24
BILGLCURt5e;TPI,0,1,23,24
BILGLCURtr;TPI,0,1,23,24
BILIRED2;CITRt2m,0,1,23,24
BILIRED2;CITRtm,0,1,23,24
BILIRED2;DATPtm,0,1,23,24
BILIRED2;GLYtm,1,0,22,25
BILIRED2;H2Oter,2,1,21,24
BILIRED2;Htr,1,1,22,24
BILIRED2;LDH_L,0,1,23,24
BILIRED2;MMCDm,1,0,22,25
BILIRED2;MMEm,1,0,22,25
BILIRED2;MMMm,1,0,22,25
BILIRED2;NADPHtru,0,1,23,24
BILIRED2;NADPtru,0,1,23,24
BILIRED2;PFK2,1,0,22,25
BILIRED2;PPIOGLYc,1,0,22,25
BILIRED2;PPIOGLYte,1,0,22,25
BILIRED2;PPIOGLYtm,1,0,22,25
BILIRED2;SUCOAS1m,0,1,23,24
BILIRED2;TPI,0,1,23,24
BILIRUBtr;CITRt2m,0,1,23,24
BILIRUBtr;CITRtm,0,1,23,24
BILIRUBtr;DATPtm,0,1,23,24
BILIRUBtr;GLYtm,1,0,22,25
BILIRUBtr;H2Oter,2,1,21,24
BILIRUBtr;Htr,1,1,22,24
BILIRUBtr;LDH_L,0,1,23,24
BILIRUBtr;MMCDm,1,0,22,25
BILIRUBtr;MMEm,1,0,22,25
BILIRUBtr;MMMm,1,0,22,25
BILIRUBtr;NADPHtru,0,1,23,24
BILIRUBtr;NADPtru,0,1,23,24
BILIRUBtr;PFK2,1,0,22,25
BILIRUBtr;PPIOGLYc,1,0,22,25
BILIRUBtr;PPIOGLYte,1,0,22,25
BILIRUBtr;PPIOGLYtm,1,0,22,25
BILIRUBtr;SUCOAS1m,0,1,23,24
BILIRUBtr;TPI,0,1,23,24
BPGP;GLUt2m,0,1,23,24
BPGP;Htr,0,1,23,24
BPGP;NADPHtru,0,1,23,24
BPGP;NADPtru,0,1,23,24
BPGP;PEPCK,0,1,23,24
BPGP;PGI,0,1,23,24
BPGP;RPE,0,1,23,24
BPGP;TALA,0,1,23,24
BPGP;TKT1,0,1,23,24
BPGP;TKT2,0,1,23,24
BPGP;TPI,0,1,23,24
BPNT;CAT,0,3,23,22
BPNT;CYSGLTH,1,0,22,25
BPNT;CYSRED,1,0,22,25
BPNT;GTHP,1,0,22,25
BPNT;KCC2t,0,1,23,24
BPNT;NKCC2t,1,0,22,25
BUTt2m;CERT2rt,1,0,22,25
BUTt2m;CRNtim,0,1,23,24
BUTt2m;FACOAL100im,1,2,22,23
BUTt2m;GALGLUSIDEtg,1,0,22,25
BUTt2m;GALGLUSIDEtr,1,0,22,25
BUTt2m;GALU,1,0,22,25
BUTt2m;GDPFUCtg,1,0,22,25
BUTt2m;GDPtg,1,0,22,25
BUTt2m;GF6PTA,1,0,22,25
BUTt2m;GFUCSx,1,0,22,25
BUTt2m;GLYACm,1,0,22,25
BUTt2m;GLYtm,1,0,22,25
BUTt2m;GMAND,1,0,22,25
BUTt2m;GMPtg,1,0,22,25
BUTt2m;H2Otg,1,0,22,25
BUTt2m;Htg,1,0,22,25
BUTt2m;MAN1PT2,1,0,22,25
BUTt2m;MAN6PI,1,0,22,25
BUTt2m;NDP7er,1,0,22,25
BUTt2m;NDP7g,1,0,22,25
BUTt2m;PGMT,1,0,22,25
BUTt2m;PItg,1,0,22,25
BUTt2m;PMANM,1,0,22,25
BUTt2m;TTDCPT1,1,2,22,23
BUTt2m;TTDCPT2,1,2,22,23
BUTt2m;TTDCRNt,1,2,22,23
BUTt2m;UAGDP,1,0,22,25
BUTt2m;UDPG4E,1,0,22,25
BUTt2m;UDPGALt2r,1,0,22,25
BUTt2m;UDPGALtg,1,0,22,25
BUTt2m;UDPGGPGTr,1,0,22,25
BUTt2m;UGCGc,1,0,22,25
BUTt2m;UGLCNACtg,1,0,22,25
BUTt2m;UMPtr,1,0,22,25
BUTt2r;GLYC3Ptmc,1,0,22,25
BUTt2r;Htm,1,0,22,25
BUTt2r;PGAM1_PhosHydro,1,0,22,25
B_MANNASEly;GPDDA1,0,1,23,24
B_MANNASEly;LPASE,0,1,23,24
B_MANNASEly;R_group_phosphotase_1,0,1,23,24
C160CPT1;G6PDH2rer,0,1,23,24
C160CPT1;Htr,0,2,23,23
C160CPT1;PMTCOAFABP1tc,0,1,23,24
C161CPT1;ARTPLM1,0,1,23,24
C161CPT1;CITMCOAHm,0,1,23,24
C161CPT1;CITMCOALm,0,1,23,24
C161CPT1;COAtp,0,1,23,24
C161CPT1;CRNCARtp,0,1,23,24
C161CPT1;CRNtim,0,1,23,24
C161CPT1;CSNATm,0,1,23,24
C161CPT1;CSNATp,0,1,23,24
C161CPT1;CYOOm2,0,1,23,24
C161CPT1;CYOR_u10m,0,1,23,24
C161CPT1;FADH2ETC,0,1,23,24
C161CPT1;G6PDH1rer,1,0,22,25
C161CPT1;G6PDH2rer,1,0,22,25
C161CPT1;GLUt2m,0,1,23,24
C161CPT1;H2Oter,1,0,22,25
C161CPT1;HCO3_NAt,0,1,23,24
C161CPT1;HMGCOAtx,0,1,23,24
C161CPT1;HMGLx,0,1,23,24
C161CPT1;Htr,1,0,22,25
C161CPT1;ICDHyrm,0,1,23,24
C161CPT1;ITCOALm,0,1,23,24
C161CPT1;OXALSUCCCLm,0,1,23,24
C161CPT1;PPAm,0,2,23,23
C161CPT1;THRA,1,1,22,24
C161CPT1;TXA2tr,1,0,22,25
C161CPT1;TXB2c,1,0,22,25
C161CPT1;TXB2r,1,0,22,25
C161CPT1;TXB2tr,1,0,22,25
C204CPT1;ESTRADIOLtr,0,1,23,24
C204CPT1;ESTRONEtr,0,1,23,24
C204CPT1;G6PDH2rer,0,2,23,23
C204CPT1;G6Pter,0,2,23,23
C204CPT1;HSD17B1,0,1,23,24
C204CPT1;HSD17B8r,0,1,23,24
C204CPT1;Htr,0,5,23,20
C204CPT1;LDH_L,0,1,23,24
C204CPT1;PPA,0,1,23,24
C204CPT1;RPI,0,1,23,24
C204CPT1;TPI,0,1,23,24
C2tcx;Htr,0,1,23,24
C30CPT1;CITRt2m,0,1,23,24
C30CPT1;CITRtm,0,1,23,24
C30CPT1;CO2tm,0,1,23,24
C30CPT1;ENO,0,1,23,24
C30CPT1;GAPD,0,1,23,24
C30CPT1;LDH_L,0,1,23,24
C30CPT1;L_LACt2r,0,1,23,24
C30CPT1;PGK,0,1,23,24
C30CPT1;PGM,0,1,23,24
C30CPT1;PIt7,1,0,22,25
C30CPT1;PPCOAtm,1,0,22,25
C30CPT1;PYK7,0,1,23,24
C30CPT1;TPI,0,1,23,24
CA2tm;CYOOm2,1,0,22,25
CA2tm;CYOR_u10m,1,0,22,25
CACT3r;G6PDH2rer,0,1,23,24
CACT3r;Htr,0,2,23,23
CACT3r;PMTCOAFABP1tc,0,1,23,24
CACT4r;ARTPLM1,0,1,23,24
CACT4r;CITMCOAHm,0,1,23,24
CACT4r;CITMCOALm,0,1,23,24
CACT4r;COAtp,0,1,23,24
CACT4r;CRNCARtp,0,1,23,24
CACT4r;CRNtim,0,1,23,24
CACT4r;CSNATm,0,1,23,24
CACT4r;CSNATp,0,1,23,24
CACT4r;CYOOm2,0,1,23,24
CACT4r;CYOR_u10m,0,1,23,24
CACT4r;FADH2ETC,0,1,23,24
CACT4r;G6PDH1rer,1,0,22,25
CACT4r;G6PDH2rer,1,0,22,25
CACT4r;GLUt2m,0,1,23,24
CACT4r;H2Oter,1,0,22,25
CACT4r;HCO3_NAt,0,1,23,24
CACT4r;HMGCOAtx,0,1,23,24
CACT4r;HMGLx,0,1,23,24
CACT4r;Htr,1,0,22,25
CACT4r;ICDHyrm,0,1,23,24
CACT4r;ITCOALm,0,1,23,24
CACT4r;OXALSUCCCLm,0,1,23,24
CACT4r;PPAm,0,2,23,23
CACT4r;THRA,1,1,22,24
CACT4r;TXA2tr,1,0,22,25
CACT4r;TXB2c,1,0,22,25
CACT4r;TXB2r,1,0,22,25
CACT4r;TXB2tr,1,0,22,25
CACT6r;ESTRADIOLtr,0,1,23,24
CACT6r;ESTRONEtr,0,1,23,24
CACT6r;G6PDH2rer,0,2,23,23
CACT6r;G6PPer,0,1,23,24
CACT6r;G6Pter,0,2,23,23
CACT6r;GLCter,0,1,23,24
CACT6r;HSD17B1,0,1,23,24
CACT6r;HSD17B8r,0,1,23,24
CACT6r;Htr,0,5,23,20
CACT6r;LDH_L,0,1,23,24
CACT6r;NADPHtru,1,0,22,25
CACT6r;NADPtru,1,0,22,25
CACT6r;PPA,0,1,23,24
CACT6r;RPI,0,1,23,24
CACT6r;TPI,0,1,23,24
CACT7p;ESTRADIOLtr,0,1,23,24
CACT7p;ESTRONEtr,0,1,23,24
CACT7p;G6PDH2rer,0,2,23,23
CACT7p;G6Pter,0,2,23,23
CACT7p;HSD17B1,0,1,23,24
CACT7p;HSD17B8r,0,1,23,24
CACT7p;Htr,0,5,23,20
CACT7p;LDH_L,0,1,23,24
CACT7p;NADPHtru,1,0,22,25
CACT7p;NADPtru,1,0,22,25
CACT7p;PPA,0,1,23,24
CACT7p;RPI,0,1,23,24
CACT7p;TPI,0,1,23,24
CACT7r;NADPHtru,1,0,22,25
CACT7r;NADPtru,1,0,22,25
CAT;CATp,0,1,23,24
CAT;FALDtly,1,0,22,25
CAT;FBA,0,1,23,24
CAT;GCALDD,0,1,23,24
CAT;GLXO2p,0,1,23,24
CAT;GLYCLTtp,0,1,23,24
CAT;GLYCTO1p,0,1,23,24
CAT;GLYOp,0,1,23,24
CAT;GTHOm,0,1,23,24
CAT;GTHPm,0,1,23,24
CAT;H2O2tly,1,0,22,25
CAT;H2O2tm,0,1,23,24
CAT;H2Otly,1,0,22,25
CAT;H2Otp,0,1,23,24
CAT;HCO3_NAt,0,1,23,24
CAT;HPYRDC,0,1,23,24
CAT;HPYRtp,0,1,23,24
CAT;Htx,0,1,23,24
CAT;IDHPOXOX2b,0,3,23,22
CAT;IDHPOXOX3,0,3,23,22
CAT;IDHPOXOXb,0,3,23,22
CAT;IMAGH,0,2,23,23
CAT;It,0,3,23,22
CAT;LCYSTCBOXL,0,1,23,24
CAT;MDH,0,1,23,24
CAT;MDHm,0,1,23,24
CAT;MEOHtly,1,0,22,25
CAT;NH4tp,0,1,23,24
CAT;O2t,0,3,23,22
CAT;O2tp,0,1,23,24
CAT;OXAtp,0,1,23,24
CAT;PFK,0,1,23,24
CAT;PGI,0,1,23,24
CAT;PIGTHRDLtm,0,1,23,24
CAT;PRDXl,1,0,22,25
CAT;RPI,0,1,23,24
CAT;SADT,0,3,23,22
CAT;SBTR,0,1,23,24
CAT;SBT_Dtde,0,1,23,24
CAT;SERtp,0,1,23,24
CAT;SO4CLtex2,0,1,23,24
CAT;SO4HCOtex,0,1,23,24
CAT;SO4OXAtex2,0,1,23,24
CAT;SPTx,0,1,23,24
CAT;TAURCHAe,0,1,23,24
CAT;THYPX,0,3,23,22
CAT;THYRDI,0,1,23,24
CAT;THYRDI2,0,1,23,24
CAT;THYRIDHD,0,2,23,23
CAT;THYST,0,2,23,23
CATm;GLUt2m,1,0,22,25
CATm;O2t,1,0,22,25
CATm;O2tm,8,0,15,25
CATp;ENO,0,1,23,24
CATp;ESTRADIOLtr,0,1,23,24
CATp;ESTRONEtr,0,1,23,24
CATp;G6PDH2rer,0,2,23,23
CATp;G6Pter,0,2,23,23
CATp;GAPD,0,1,23,24
CATp;HEX12,0,1,23,24
CATp;HSD17B1,0,1,23,24
CATp;HSD17B8r,0,1,23,24
CATp;Htr,0,4,23,21
CATp;LDH_L,0,1,23,24
CATp;PGK,0,1,23,24
CATp;PGM,0,1,23,24
CATp;PPA,0,1,23,24
CATp;RPI,0,1,23,24
CATp;THRA,0,1,23,24
CATp;TPI,0,1,23,24
CAt7r;PFK2,1,0,22,25
CAt7r;THRA,1,0,22,25
CAtm7;CYOOm2,2,0,21,25
CAtm7;CYOR_u10m,2,0,21,25
CAtm7;DHFR,1,0,22,25
CAtm7;DHFRx,1,0,22,25
CAtm7;DHFtm,1,0,22,25
CAtm7;THFtm,1,0,22,25
CCA_D3t;CITMCOAHm,0,1,23,24
CCA_D3t;CITMCOALm,0,1,23,24
CCA_D3t;COAtp,0,1,23,24
CCA_D3t;CRNCARtp,0,1,23,24
CCA_D3t;CSNATp,0,1,23,24
CCA_D3t;GLUt2m,0,1,23,24
CCA_D3t;HCO3_NAt,0,1,23,24
CCA_D3t;HMGCOAtx,0,1,23,24
CCA_D3t;HMGLx,0,1,23,24
CCA_D3t;ICDHyrm,0,1,23,24
CCA_D3t;ITCOALm,0,1,23,24
CCA_D3t;NADH2_u10m,0,1,23,24
CCA_D3t;OXALSUCCCLm,0,1,23,24
CCA_D3t;PPAm,0,1,23,24
CCA_D3tm;CITMCOAHm,0,1,23,24
CCA_D3tm;CITMCOALm,0,1,23,24
CCA_D3tm;COAtp,0,1,23,24
CCA_D3tm;CRNCARtp,0,1,23,24
CCA_D3tm;CSNATp,0,1,23,24
CCA_D3tm;GLUt2m,0,1,23,24
CCA_D3tm;HCO3_NAt,0,1,23,24
CCA_D3tm;HMGCOAtx,0,1,23,24
CCA_D3tm;HMGLx,0,1,23,24
CCA_D3tm;ICDHyrm,0,1,23,24
CCA_D3tm;ITCOALm,0,1,23,24
CCA_D3tm;NADH2_u10m,0,1,23,24
CCA_D3tm;OXALSUCCCLm,0,1,23,24
CCA_D3tm;PPAm,0,1,23,24
CCGTx;ENO,0,1,23,24
CCGTx;GAPD,0,1,23,24
CCGTx;PGK,0,1,23,24
CCGTx;PGM,0,1,23,24
CDPDAGtm;FE2tm,1,0,22,25
CDPDAGtm;FE3tm,1,0,22,25
CDPDAGtm;FECR,1,0,22,25
CDPDAGtm;FTMTm,1,0,22,25
CDPRBTLtg;COAtr,1,0,22,25
CDPRBTLtg;DOLASNTer,0,1,23,24
CDPRBTLtg;DOLDPPer,0,1,23,24
CDPRBTLtg;DOLGLCP_ter,0,1,23,24
CDPRBTLtg;DOLPGT1er,0,1,23,24
CDPRBTLtg;DOLPGT2er,0,1,23,24
CDPRBTLtg;DOLPGT3er,0,1,23,24
CDPRBTLtg;DOLPMT1er,0,1,23,24
CDPRBTLtg;DOLPMT2_er,0,1,23,24
CDPRBTLtg;DOLPMT3er,0,1,23,24
CDPRBTLtg;DOLPMT4_er,0,1,23,24
CDPRBTLtg;FACOAL204,1,0,22,25
CDPRBTLtg;G12MT1,0,1,23,24
CDPRBTLtg;G12MT2,0,1,23,24
CDPRBTLtg;G13MT,0,1,23,24
CDPRBTLtg;G16MT,0,1,23,24
CDPRBTLtg;GLCNACPT,0,1,23,24
CDPRBTLtg;GLCNACT,0,1,23,24
CDPRBTLtg;GLCter,0,1,23,24
CDPRBTLtg;GLUt6,0,1,23,24
CDPRBTLtg;HEX16,0,1,23,24
CDPRBTLtg;M13N2Tg,0,1,23,24
CDPRBTLtg;M4MPDOL_ter,0,1,23,24
CDPRBTLtg;M8MASNterg,0,1,23,24
CDPRBTLtg;MANtg,0,1,23,24
CDPRBTLtg;MG1er,0,1,23,24
CDPRBTLtg;MG2er,0,1,23,24
CDPRBTLtg;MG3er,0,1,23,24
CDPRBTLtg;MM5ag,0,1,23,24
CDPRBTLtg;MM6bg,0,1,23,24
CDPRBTLtg;MM7Cag,0,1,23,24
CDPRBTLtg;MM8Ag,0,1,23,24
CDPRBTLtg;PGI,0,1,23,24
CDPRBTLtg;PIt9,1,0,22,25
CDPRBTLtg;PPAer,0,1,23,24
CDPRBTLtg;PPIPItr,0,1,23,24
CDPRBTLtg;RPI,0,1,23,24
CDPRBTLtg;SE10,1,0,22,25
CDPRBTLtg;SOAT6,1,0,22,25
CDPRBTLtg;UDPDOLPT,0,1,23,24
CDPtg;COAtr,1,0,22,25
CDPtg;DOLASNTer,0,1,23,24
CDPtg;DOLDPPer,0,1,23,24
CDPtg;DOLGLCP_ter,0,1,23,24
CDPtg;DOLPGT1er,0,1,23,24
CDPtg;DOLPGT2er,0,1,23,24
CDPtg;DOLPGT3er,0,1,23,24
CDPtg;DOLPMT1er,0,1,23,24
CDPtg;DOLPMT2_er,0,1,23,24
CDPtg;DOLPMT3er,0,1,23,24
CDPtg;DOLPMT4_er,0,1,23,24
CDPtg;FACOAL204,1,0,22,25
CDPtg;G12MT1,0,1,23,24
CDPtg;G12MT2,0,1,23,24
CDPtg;G13MT,0,1,23,24
CDPtg;G16MT,0,1,23,24
CDPtg;GLCNACPT,0,1,23,24
CDPtg;GLCNACT,0,1,23,24
CDPtg;GLCter,0,1,23,24
CDPtg;GLUt6,0,1,23,24
CDPtg;HEX16,0,1,23,24
CDPtg;M13N2Tg,0,1,23,24
CDPtg;M4MPDOL_ter,0,1,23,24
CDPtg;M8MASNterg,0,1,23,24
CDPtg;MANtg,0,1,23,24
CDPtg;MG1er,0,1,23,24
CDPtg;MG2er,0,1,23,24
CDPtg;MG3er,0,1,23,24
CDPtg;MM5ag,0,1,23,24
CDPtg;MM6bg,0,1,23,24
CDPtg;MM7Cag,0,1,23,24
CDPtg;MM8Ag,0,1,23,24
CDPtg;PGI,0,1,23,24
CDPtg;PIt9,1,0,22,25
CDPtg;PPAer,0,1,23,24
CDPtg;PPIPItr,0,1,23,24
CDPtg;RPI,0,1,23,24
CDPtg;SE10,1,0,22,25
CDPtg;SOAT6,1,0,22,25
CDPtg;UDPDOLPT,0,1,23,24
CDS;O2t,1,0,22,25
CDSm;FE2tm,1,0,22,25
CDSm;FE3tm,1,0,22,25
CDSm;FECR,1,0,22,25
CDSm;FTMTm,1,0,22,25
CERT2gt;PIt8,0,1,23,24
CERT2rt;ARTFR42,2,0,21,25
CERT2rt;ARTPLM1,0,1,23,24
CERT2rt;COAtr,1,0,22,25
CERT2rt;CORE5GTg,0,1,23,24
CERT2rt;CYOOm2,1,0,22,25
CERT2rt;CYOR_u10m,1,0,22,25
CERT2rt;DOCO13ACtr,1,0,22,25
CERT2rt;DOCOSECOAtr,1,0,22,25
CERT2rt;DOLASNTer,1,1,22,24
CERT2rt;DOLDPPer,1,1,22,24
CERT2rt;DOLGLCP_ter,1,1,22,24
CERT2rt;DOLMANP_ter,1,1,22,24
CERT2rt;DOLPGT1er,1,1,22,24
CERT2rt;DOLPGT2er,1,1,22,24
CERT2rt;DOLPGT3er,1,1,22,24
CERT2rt;DOLPMT,1,1,22,24
CERT2rt;DOLPMT1er,1,1,22,24
CERT2rt;DOLPMT2_er,1,1,22,24
CERT2rt;DOLPMT3er,1,1,22,24
CERT2rt;DOLPMT4_er,1,1,22,24
CERT2rt;DOLP_ter,1,1,22,24
CERT2rt;FA40ACPH,1,0,22,25
CERT2rt;FACOAL204,1,0,22,25
CERT2rt;FACOAL40im,1,0,22,25
CERT2rt;FADH2ETC,1,0,22,25
CERT2rt;FBA3,1,0,22,25
CERT2rt;FE2tm,1,0,22,25
CERT2rt;FE3tm,1,0,22,25
CERT2rt;FECR,1,0,22,25
CERT2rt;FTMTm,1,0,22,25
CERT2rt;G12MT1,1,1,22,24
CERT2rt;G12MT2,1,1,22,24
CERT2rt;G13MT,1,1,22,24
CERT2rt;G16MT,1,1,22,24
CERT2rt;G6Pter,3,1,20,24
CERT2rt;GALNTg,0,1,23,24
CERT2rt;GLCNACPT,1,1,22,24
CERT2rt;GLCNACT,1,1,22,24
CERT2rt;GLCter,1,2,22,23
CERT2rt;GLUt6,2,0,21,25
CERT2rt;GLYC3Ptmc,1,0,22,25
CERT2rt;GPDDA1,0,1,23,24
CERT2rt;H2Oter,2,1,21,24
CERT2rt;HAS1,1,0,22,25
CERT2rt;HAS2,1,0,22,25
CERT2rt;HEX16,1,1,22,24
CERT2rt;Htm,1,0,22,25
CERT2rt;Htr,1,1,22,24
CERT2rt;KCCt,1,0,22,25
CERT2rt;LPASE,0,1,23,24
CERT2rt;M1316Mg,1,1,22,24
CERT2rt;M13N2Tg,1,1,22,24
CERT2rt;M16N4Tg,1,0,22,25
CERT2rt;M16NTg,1,0,22,25
CERT2rt;M4MPDOL_ter,1,1,22,24
CERT2rt;M7MASNBterg,0,1,23,24
CERT2rt;M8MASNterg,1,0,22,25
CERT2rt;MANter,0,1,23,24
CERT2rt;MANtg,1,1,22,24
CERT2rt;MG1er,1,1,22,24
CERT2rt;MG2er,1,1,22,24
CERT2rt;MG3er,1,1,22,24
CERT2rt;MM5ag,1,0,22,25
CERT2rt;MM5bg,0,1,23,24
CERT2rt;MM6B1bg,0,1,23,24
CERT2rt;MM6bg,1,0,22,25
CERT2rt;MM7B2g,0,1,23,24
CERT2rt;MM7Cag,1,0,22,25
CERT2rt;MM8Ag,1,0,22,25
CERT2rt;MM8Ber,0,1,23,24
CERT2rt;OCDE9ECOAtr,2,0,21,25
CERT2rt;PFK_3,1,0,22,25
CERT2rt;PIt7,1,0,22,25
CERT2rt;PIt8,0,1,23,24
CERT2rt;PPAer,0,3,23,22
CERT2rt;PPIPItr,0,3,23,22
CERT2rt;R_group_phosphotase_1,0,1,23,24
CERT2rt;SE10,1,0,22,25
CERT2rt;SOAT6,1,0,22,25
CERT2rt;TPI,5,0,18,25
CERT2rt;UAG4E,0,1,23,24
CERT2rt;UDPDOLPT,1,1,22,24
CERT2rt;UDPGD,1,0,22,25
CERT2rt;UGALNACtg,0,1,23,24
CGMPt;GALU,0,1,23,24
CGMPt;GF6PTA,0,1,23,24
CGMPt;HAS1,0,1,23,24
CGMPt;HAS2,0,1,23,24
CGMPt;HYALe,0,1,23,24
CGMPt;PGMT,0,1,23,24
CGMPt;THRA,0,1,23,24
CGMPt;UAGDP,0,1,23,24
CGMPt;UDPGD,0,1,23,24
CH25H;CITRt2m,0,1,23,24
CH25H;CITRtm,0,1,23,24
CH25H;CO2tm,0,1,23,24
CH25H;ENO,0,1,23,24
CH25H;GAPD,0,1,23,24
CH25H;LDH_L,0,1,23,24
CH25H;L_LACt2r,0,1,23,24
CH25H;PGK,0,1,23,24
CH25H;PGM,0,1,23,24
CH25H;PIt7,1,0,22,25
CH25H;PIt9,0,1,23,24
CH25H;PPCOAtm,1,0,22,25
CH25H;PYK7,0,1,23,24
CH25H;TPI,0,1,23,24
CHAT;THRA,0,1,23,24
CHATn;HCO3Em,0,1,23,24
CHATn;HCO3tm,0,1,23,24
CHATn;THRA,0,1,23,24
CHOLCOARO;ENO,0,1,23,24
CHOLCOARO;GAPD,0,1,23,24
CHOLCOARO;PGK,0,1,23,24
CHOLCOARO;PGM,0,1,23,24
CHOLt4;CHOLtu,1,0,22,25
CHOLtn;HCO3Em,0,1,23,24
CHOLtn;HCO3tm,0,1,23,24
CHOLtn;THRA,0,1,23,24
CHOLtu;METAT,0,1,23,24
CHOLtu;METS,0,1,23,24
CHOLtu;MTHFR3x,0,1,23,24
CHOLtu;PCFLOPm,0,1,23,24
CHOLtu;PETOHMm_hs,0,1,23,24
CHSTEROLt2;COQ3m,1,0,22,25
CHSTEROLt2;COQ5m,1,0,22,25
CHSTEROLt2;COQ6m,1,0,22,25
CHSTEROLt2;COQ7m,1,0,22,25
CHSTEROLt2;COUCOAFm,1,0,22,25
CHSTEROLt2;Coqe,1,0,22,25
CHSTEROLt2;DECDPtm,1,0,22,25
CHSTEROLt2;DHDPBMTm,1,0,22,25
CHSTEROLt2;DPHMBDCm,1,0,22,25
CHSTEROLt2;DPPS,1,0,22,25
CHSTEROLt2;FRDPtcr,1,0,22,25
CHSTEROLt2;HBZOPT10m,1,0,22,25
CHSTEROLt2;PIt2m_2,0,1,23,24
CHSTEROLt2;T4HCINNMFM,1,0,22,25
CHSTEROLt2;TYRTAm,1,0,22,25
CHSTEROLt2;TYRtl,1,0,22,25
CHSTEROLt2;q10tm,1,0,22,25
CITACONtm;FOLR2,1,0,22,25
CITACONtm;GLUDxm,0,1,23,24
CITACONtm;GLUt2m,0,1,23,24
CITACONtm;GLYt2r,1,0,22,25
CITACONtm;IMAGH,1,0,22,25
CITACONtm;LDH_L,0,1,23,24
CITACONtm;L_LACt2r,0,1,23,24
CITACONtm;NH4tm,0,1,23,24
CITMCOAHm;AKGtn,0,1,23,24
CITMCOAHm;ARTFR12,0,1,23,24
CITMCOAHm;CO2tn,0,1,23,24
CITMCOAHm;COAtr,0,1,23,24
CITMCOAHm;CRNtim,0,2,23,23
CITMCOAHm;CSNATm,0,2,23,23
CITMCOAHm;CSNATr,0,1,23,24
CITMCOAHm;DESAT16_1,0,1,23,24
CITMCOAHm;DHFR,0,1,23,24
CITMCOAHm;DHFRm,0,1,23,24
CITMCOAHm;DHFtm,0,1,23,24
CITMCOAHm;DHRT_ivcoa,0,1,23,24
CITMCOAHm;DLD,0,2,23,23
CITMCOAHm;ETHPL,0,1,23,24
CITMCOAHm;FALDtn,0,1,23,24
CITMCOAHm;FCYTOB5OXRyr,1,1,22,24
CITMCOAHm;GLUDxm,0,1,23,24
CITMCOAHm;HCO3_NAt,0,1,23,24
CITMCOAHm;HCO3tm,1,0,22,25
CITMCOAHm;ICDHxrm,0,1,23,24
CITMCOAHm;LEUTAm,0,1,23,24
CITMCOAHm;LEUt5m,0,1,23,24
CITMCOAHm;MCCCm,0,1,23,24
CITMCOAHm;MCITS,0,1,23,24
CITMCOAHm;ME1m,0,1,23,24
CITMCOAHm;MEOHt2,0,1,23,24
CITMCOAHm;MGCHrm,0,1,23,24
CITMCOAHm;MOD_3mhop,0,1,23,24
CITMCOAHm;NADHtru,0,1,23,24
CITMCOAHm;NADtru,0,1,23,24
CITMCOAHm;O2tn,0,1,23,24
CITMCOAHm;OAADC,0,1,23,24
CITMCOAHm;OBDHc,0,1,23,24
CITMCOAHm;OXALSUCCCLm,0,1,23,24
CITMCOAHm;PEMET1,0,1,23,24
CITMCOAHm;PEMET2,0,1,23,24
CITMCOAHm;PIt2m_2,0,2,23,23
CITMCOAHm;PLMCOAPTr,0,1,23,24
CITMCOAHm;PMTCOAFABP1tc,0,1,23,24
CITMCOAHm;SSALym,0,1,23,24
CITMCOAHm;SUCCACONtm,0,1,23,24
CITMCOAHm;SUCCt4_3,0,1,23,24
CITMCOAHm;SUCOAS1m,0,1,23,24
CITMCOAHm;THFtm,0,1,23,24
CITMCOAHm;THRA,1,1,22,24
CITMCOALm;AKGtn,0,1,23,24
CITMCOALm;ARTFR12,0,1,23,24
CITMCOALm;CO2tn,0,1,23,24
CITMCOALm;COAtr,0,1,23,24
CITMCOALm;CRNtim,0,2,23,23
CITMCOALm;CSNATm,0,2,23,23
CITMCOALm;CSNATr,0,1,23,24
CITMCOALm;DESAT16_1,0,1,23,24
CITMCOALm;DHFR,0,1,23,24
CITMCOALm;DHFRm,0,1,23,24
CITMCOALm;DHFtm,0,1,23,24
CITMCOALm;DHRT_ivcoa,0,1,23,24
CITMCOALm;DLD,0,2,23,23
CITMCOALm;ETHPL,0,1,23,24
CITMCOALm;FALDtn,0,1,23,24
CITMCOALm;FCYTOB5OXRyr,1,1,22,24
CITMCOALm;GLUDxm,0,1,23,24
CITMCOALm;HCO3_NAt,0,1,23,24
CITMCOALm;HCO3tm,1,0,22,25
CITMCOALm;ICDHxrm,0,1,23,24
CITMCOALm;LEUTAm,0,1,23,24
CITMCOALm;LEUt5m,0,1,23,24
CITMCOALm;MCCCm,0,1,23,24
CITMCOALm;MCITS,0,1,23,24
CITMCOALm;ME1m,0,1,23,24
CITMCOALm;MEOHt2,0,1,23,24
CITMCOALm;MGCHrm,0,1,23,24
CITMCOALm;MOD_3mhop,0,1,23,24
CITMCOALm;NADHtru,0,1,23,24
CITMCOALm;NADtru,0,1,23,24
CITMCOALm;O2tn,0,1,23,24
CITMCOALm;OAADC,0,1,23,24
CITMCOALm;OBDHc,0,1,23,24
CITMCOALm;OXALSUCCCLm,0,1,23,24
CITMCOALm;PEMET1,0,1,23,24
CITMCOALm;PEMET2,0,1,23,24
CITMCOALm;PIt2m_2,0,2,23,23
CITMCOALm;PLMCOAPTr,0,1,23,24
CITMCOALm;PMTCOAFABP1tc,0,1,23,24
CITMCOALm;SSALym,0,1,23,24
CITMCOALm;SUCCACONtm,0,1,23,24
CITMCOALm;SUCCt4_3,0,1,23,24
CITMCOALm;SUCOAS1m,0,1,23,24
CITMCOALm;THFtm,0,1,23,24
CITMCOALm;THRA,1,1,22,24
CITRHIStm;DASCBR,1,0,22,25
CITRHIStm;DOPABMO,1,0,22,25
CITRHIStm;HCO3E,1,0,22,25
CITRHIStm;TYRDOPO,1,0,22,25
CITRt2m;CO2tm,0,4,23,21
CITRt2m;COt,0,1,23,24
CITRt2m;CPPPGO,0,1,23,24
CITRt2m;CRNCAR3tp,0,1,23,24
CITRt2m;CSNAT3x,0,1,23,24
CITRt2m;CYSTGL,0,1,23,24
CITRt2m;CYSTS,0,1,23,24
CITRt2m;DHFR,1,0,22,25
CITRt2m;DHFRx,1,0,22,25
CITRt2m;DHFtm,1,0,22,25
CITRt2m;DLD,0,1,23,24
CITRt2m;ENO,0,1,23,24
CITRt2m;FCLTm,0,1,23,24
CITRt2m;FE2tm,0,2,23,23
CITRt2m;FE3tm,0,2,23,23
CITRt2m;FECR,0,2,23,23
CITRt2m;FTMTm,0,2,23,23
CITRt2m;GALU,0,1,23,24
CITRt2m;GAPD,0,1,23,24
CITRt2m;GLUDC,0,1,23,24
CITRt2m;GLUDym,0,1,23,24
CITRt2m;GLUt2m,1,1,22,24
CITRt2m;GPAT,0,1,23,24
CITRt2m;GPDDA1,0,1,23,24
CITRt2m;GTHOm,0,1,23,24
CITRt2m;GTHPm,0,1,23,24
CITRt2m;H2O2tm,0,1,23,24
CITRt2m;H2Otm,0,1,23,24
CITRt2m;HCO3E,0,1,23,24
CITRt2m;HMBS,0,1,23,24
CITRt2m;HOXG,0,1,23,24
CITRt2m;ICDHyrm,1,0,22,25
CITRt2m;ILEOX,0,1,23,24
CITRt2m;ILETA,0,1,23,24
CITRt2m;LPASE,0,1,23,24
CITRt2m;L_LACt2r,0,1,23,24
CITRt2m;MCITS,0,2,23,23
CITRt2m;MDH,0,1,23,24
CITRt2m;METAT,0,1,23,24
CITRt2m;NADH2_u10m,0,2,23,23
CITRt2m;NDP7er,0,1,23,24
CITRt2m;NH4tm,0,1,23,24
CITRt2m;O2tp,0,1,23,24
CITRt2m;OBDHc,0,1,23,24
CITRt2m;PGI,0,1,23,24
CITRt2m;PGK,0,1,23,24
CITRt2m;PGM,0,1,23,24
CITRt2m;PGMT,0,1,23,24
CITRt2m;PHEMEtm,0,1,23,24
CITRt2m;PIGTHRDLtm,0,2,23,23
CITRt2m;PIt2m,0,1,23,24
CITRt2m;PPBNGS,0,1,23,24
CITRt2m;PPPG9tm,0,1,23,24
CITRt2m;PPPGOm,0,1,23,24
CITRt2m;R_group_phosphotase_1,0,1,23,24
CITRt2m;SBTR,0,1,23,24
CITRt2m;SBT_Dtde,0,1,23,24
CITRt2m;THFtm,1,0,22,25
CITRt2m;UDPGD,0,1,23,24
CITRt2m;UDPGLCAter,0,1,23,24
CITRt2m;UPP3S,0,1,23,24
CITRt2m;UPPDC1,0,1,23,24
CITRt2m;XOL25OHOR,0,1,23,24
CITRtm;CO2tm,0,2,23,23
CITRtm;COt,0,1,23,24
CITRtm;CPPPGO,0,1,23,24
CITRtm;CRNCAR3tp,0,1,23,24
CITRtm;CSNAT3x,0,1,23,24
CITRtm;CYSTGL,0,1,23,24
CITRtm;CYSTS,0,1,23,24
CITRtm;DHFR,1,0,22,25
CITRtm;DHFRx,1,0,22,25
CITRtm;DHFtm,1,0,22,25
CITRtm;DLD,0,1,23,24
CITRtm;ENO,0,1,23,24
CITRtm;FCLTm,0,1,23,24
CITRtm;FE2tm,0,2,23,23
CITRtm;FE3tm,0,2,23,23
CITRtm;FECR,0,2,23,23
CITRtm;FTMTm,0,2,23,23
CITRtm;GALU,0,1,23,24
CITRtm;GAPD,0,1,23,24
CITRtm;GLUDC,0,1,23,24
CITRtm;GLUDym,0,1,23,24
CITRtm;GLUt2m,1,1,22,24
CITRtm;GPAT,0,1,23,24
CITRtm;GPDDA1,0,1,23,24
CITRtm;GTHOm,0,1,23,24
CITRtm;GTHPm,0,1,23,24
CITRtm;H2O2tm,0,1,23,24
CITRtm;H2Otm,0,1,23,24
CITRtm;HMBS,0,1,23,24
CITRtm;HOXG,0,1,23,24
CITRtm;ICDHyrm,1,0,22,25
CITRtm;LPASE,0,1,23,24
CITRtm;L_LACt2r,0,1,23,24
CITRtm;MCITS,0,2,23,23
CITRtm;MDH,0,1,23,24
CITRtm;METAT,0,1,23,24
CITRtm;NADH2_u10m,0,2,23,23
CITRtm;NDP7er,0,1,23,24
CITRtm;NH4tm,0,1,23,24
CITRtm;O2tp,0,1,23,24
CITRtm;OBDHc,0,1,23,24
CITRtm;ORNt3m,0,1,23,24
CITRtm;ORNt4m,0,1,23,24
CITRtm;PGI,0,1,23,24
CITRtm;PGK,0,1,23,24
CITRtm;PGM,0,1,23,24
CITRtm;PGMT,0,1,23,24
CITRtm;PHEMEtm,0,1,23,24
CITRtm;PIGTHRDLtm,0,2,23,23
CITRtm;PIt2m,0,1,23,24
CITRtm;PPBNGS,0,1,23,24
CITRtm;PPPG9tm,0,1,23,24
CITRtm;PPPGOm,0,1,23,24
CITRtm;R_group_phosphotase_1,0,1,23,24
CITRtm;THFtm,1,0,22,25
CITRtm;UDPGD,0,1,23,24
CITRtm;UDPGLCAter,0,1,23,24
CITRtm;UPP3S,0,1,23,24
CITRtm;UPPDC1,0,1,23,24
CITRtm;XOL25OHOR,0,1,23,24
CITSUCCtm;FE2tm,1,0,22,25
CITSUCCtm;FE3tm,1,0,22,25
CITSUCCtm;FECR,1,0,22,25
CITSUCCtm;FTMTm,1,0,22,25
CITSUCCtm;HCO3Em,1,0,22,25
CITSUCCtm;HCO3_NAt,1,0,22,25
CITSUCCtm;HCO3tm,1,0,22,25
CITSUCCtm;PROGLUtm,1,0,22,25
CITSUCCtm;PROtm,1,0,22,25
CITSUCCtm;THRA,1,0,22,25
CITt4_3;CLHCOtex,0,1,23,24
CITt4_3;CO2tm,0,1,23,24
CITt4_3;COQ3m,0,1,23,24
CITt4_3;COQ5m,0,1,23,24
CITt4_3;COQ6m,0,1,23,24
CITt4_3;COQ7m,0,1,23,24
CITt4_3;COUCOAFm,0,1,23,24
CITt4_3;CYSGLYex,0,1,23,24
CITt4_3;CYSTGL,0,1,23,24
CITt4_3;CYSTS,0,1,23,24
CITt4_3;DECDPtm,0,1,23,24
CITt4_3;DHDPBMTm,0,1,23,24
CITt4_3;DPHMBDCm,0,1,23,24
CITt4_3;DPPS,0,1,23,24
CITt4_3;FRDPtc,0,1,23,24
CITt4_3;GTHOm,0,1,23,24
CITt4_3;GTHPm,0,1,23,24
CITt4_3;H2O2tm,0,1,23,24
CITt4_3;HBZOPT10m,0,1,23,24
CITt4_3;HCO3E,0,1,23,24
CITt4_3;HCO3Ee,0,1,23,24
CITt4_3;HCO3Em,0,2,23,23
CITt4_3;HCO3tm,0,1,23,24
CITt4_3;MALACONtm,0,2,23,23
CITt4_3;MCITS,0,1,23,24
CITt4_3;MDH,0,1,23,24
CITt4_3;MDHm,0,1,23,24
CITt4_3;METAT,0,1,23,24
CITt4_3;OBDHc,0,1,23,24
CITt4_3;PIGTHRDLtm,0,1,23,24
CITt4_3;PPAm,0,1,23,24
CITt4_3;Q10H2e,0,1,23,24
CITt4_3;T4HCINNMFM,0,1,23,24
CITt4_3;TYRTAm,0,1,23,24
CITt4_3;TYRtl,0,1,23,24
CITt4_3;q10h2tc,0,1,23,24
CITtam;CO2tm,0,1,23,24
CITtam;GF6PTA,0,1,23,24
CITtam;GLUt2e,0,1,23,24
CITtam;GPAT,0,1,23,24
CITtam;MALACONtm,0,1,23,24
CITtam;MDH,0,1,23,24
CITtam;UAGDP,0,1,23,24
CLFORtex;CLFORtex2,1,0,22,25
CLFORtex;NH4t3r,1,0,22,25
CLHCO3tex2;NH4t3r,1,0,22,25
CLHCOtex;FBA,0,1,23,24
CLHCOtex;FCYTOB5OXRr,0,1,23,24
CLHCOtex;GF6PTA,0,1,23,24
CLHCOtex;HCO3Em,0,1,23,24
CLHCOtex;HCO3_2NAt,0,1,23,24
CLHCOtex;HCO3tm,0,1,23,24
CLHCOtex;ICDHyrm,0,1,23,24
CLHCOtex;ILEOX,0,1,23,24
CLHCOtex;ILETA,0,1,23,24
CLHCOtex;NADHtru,0,1,23,24
CLHCOtex;NADtru,0,1,23,24
CLHCOtex;NAHCO3_HCLt,0,1,23,24
CLHCOtex;NH4t3r,0,2,23,23
CLHCOtex;OXALSUCCCLm,0,1,23,24
CLHCOtex;PFK,0,1,23,24
CLHCOtex;PGI,0,1,23,24
CLHCOtex;THRA,0,1,23,24
CLHCOtex;UAGDP,0,1,23,24
CMPACNAtg;GPDDA1,0,1,23,24
CMPACNAtg;LPASE,0,1,23,24
CMPACNAtg;METDECARc,1,0,22,25
CMPACNAtg;METTRANSc,1,0,22,25
CMPACNAtg;PPAer,0,1,23,24
CMPACNAtg;PPIPItr,0,1,23,24
CMPACNAtg;R_group_phosphotase_1,0,1,23,24
CMPACNAtg;TPI,7,0,16,25
CMPSAS;GPDDA1,0,1,23,24
CMPSAS;LPASE,0,1,23,24
CMPSAS;METDECARc,1,0,22,25
CMPSAS;METTRANSc,1,0,22,25
CMPSAS;PPAer,0,1,23,24
CMPSAS;PPIPItr,0,1,23,24
CMPSAS;R_group_phosphotase_1,0,1,23,24
CMPSAS;TPI,7,0,16,25
CO2t;CO2tm,2,0,21,25
CO2t;FE2tm,1,0,22,25
CO2t;FE3tm,1,0,22,25
CO2t;FECR,1,0,22,25
CO2t;FTMTm,1,0,22,25
CO2t;H2Ot,2,0,21,25
CO2t;HCO3E,8,1,15,24
CO2t;HCO3Ee,2,0,21,25
CO2t;HCO3Em,1,0,22,25
CO2t;HCO3_CLt,1,0,22,25
CO2t;HCO3_NAt,1,0,22,25
CO2t;HCO3tm,1,0,22,25
CO2t;NKCC2t,1,0,22,25
CO2tg;COAtr,1,0,22,25
CO2tg;DOLASNTer,0,1,23,24
CO2tg;DOLDPPer,0,1,23,24
CO2tg;DOLGLCP_ter,0,1,23,24
CO2tg;DOLPGT1er,0,1,23,24
CO2tg;DOLPGT2er,0,1,23,24
CO2tg;DOLPGT3er,0,1,23,24
CO2tg;DOLPMT1er,0,1,23,24
CO2tg;DOLPMT2_er,0,1,23,24
CO2tg;DOLPMT3er,0,1,23,24
CO2tg;DOLPMT4_er,0,1,23,24
CO2tg;FACOAL204,1,0,22,25
CO2tg;G12MT1,0,1,23,24
CO2tg;G12MT2,0,1,23,24
CO2tg;G13MT,0,1,23,24
CO2tg;G16MT,0,1,23,24
CO2tg;GLCNACPT,0,1,23,24
CO2tg;GLCNACT,0,1,23,24
CO2tg;GLCter,0,1,23,24
CO2tg;GLUt6,0,1,23,24
CO2tg;HEX16,0,1,23,24
CO2tg;M13N2Tg,0,1,23,24
CO2tg;M4MPDOL_ter,0,1,23,24
CO2tg;M8MASNterg,0,1,23,24
CO2tg;MANtg,0,1,23,24
CO2tg;MG1er,0,1,23,24
CO2tg;MG2er,0,1,23,24
CO2tg;MG3er,0,1,23,24
CO2tg;MM5ag,0,1,23,24
CO2tg;MM6bg,0,1,23,24
CO2tg;MM7Cag,0,1,23,24
CO2tg;MM8Ag,0,1,23,24
CO2tg;PGI,0,1,23,24
CO2tg;PIt9,1,0,22,25
CO2tg;PPAer,0,1,23,24
CO2tg;PPIPItr,0,1,23,24
CO2tg;RPI,0,1,23,24
CO2tg;SE10,1,0,22,25
CO2tg;SOAT6,1,0,22,25
CO2tg;UDPDOLPT,0,1,23,24
CO2tm;CRNCAR3tp,0,1,23,24
CO2tm;CSNAT3x,0,1,23,24
CO2tm;DAG_Hstem,1,0,22,25
CO2tm;ENO,0,1,23,24
CO2tm;FE2tm,2,0,21,25
CO2tm;FE3tm,2,0,21,25
CO2tm;FECR,2,0,21,25
CO2tm;FTMTm,2,0,21,25
CO2tm;G6PDH1rer,1,0,22,25
CO2tm;G6PDH2rer,1,0,22,25
CO2tm;GAPD,0,1,23,24
CO2tm;GLUDym,0,1,23,24
CO2tm;GLUt2e,0,1,23,24
CO2tm;H2Ot,1,0,22,25
CO2tm;H2Oter,2,0,21,25
CO2tm;H2Otm,0,1,23,24
CO2tm;HCO3E,3,3,20,22
CO2tm;HCO3Ee,1,1,22,24
CO2tm;HCO3Em,10,1,13,24
CO2tm;HCO3tm,5,1,18,24
CO2tm;HEX12,0,1,23,24
CO2tm;Htm,2,0,21,25
CO2tm;IMAGH,1,0,22,25
CO2tm;LDH_L,0,1,23,24
CO2tm;L_LACt2r,0,1,23,24
CO2tm;MCITS,0,1,23,24
CO2tm;MDH,0,1,23,24
CO2tm;MDHm,0,1,23,24
CO2tm;NACDe,1,0,22,25
CO2tm;NACPRT,1,0,22,25
CO2tm;NADH2_u10m,1,1,22,24
CO2tm;NCAMDe,1,0,22,25
CO2tm;NH4tm,0,1,23,24
CO2tm;NMNDA,1,0,22,25
CO2tm;NMNS,1,0,22,25
CO2tm;O2tp,0,1,23,24
CO2tm;PEPICITtm,0,1,23,24
CO2tm;PGK,0,1,23,24
CO2tm;PGM,0,1,23,24
CO2tm;PHETA1,0,1,23,24
CO2tm;PHETA1m,0,1,23,24
CO2tm;PHEt4m,0,1,23,24
CO2tm;PHPYRtm,0,1,23,24
CO2tm;PIGTHRDLtm,0,1,23,24
CO2tm;PPAer,0,1,23,24
CO2tm;PPIPItr,0,1,23,24
CO2tm;PROGLUtm,0,1,23,24
CO2tm;PROtm,0,1,23,24
CO2tm;PYK7,0,1,23,24
CO2tm;PYRt2r,0,1,23,24
CO2tm;PYRtm,0,1,23,24
CO2tm;SBTR,0,1,23,24
CO2tm;SBT_Dtde,0,1,23,24
CO2tm;XOL25OHOR,0,1,23,24
CO2tn;PIGTHRDLtm,0,2,23,23
CO2tn;PYRtm,0,1,23,24
COAtp;ARTFR12,0,1,23,24
COAtp;COAtr,0,1,23,24
COAtp;CRNtim,0,1,23,24
COAtp;CSNATm,0,1,23,24
COAtp;CSNATr,0,1,23,24
COAtp;DESAT16_1,0,1,23,24
COAtp;DHFR,0,1,23,24
COAtp;DHFRm,0,1,23,24
COAtp;DHFtm,0,1,23,24
COAtp;DHRT_ivcoa,0,1,23,24
COAtp;DLD,0,1,23,24
COAtp;ESTRADIOLtr,0,1,23,24
COAtp;ESTRONEtr,0,1,23,24
COAtp;G6PDH2rer,0,2,23,23
COAtp;G6Pter,0,2,23,23
COAtp;GLUDxm,0,1,23,24
COAtp;HCO3_NAt,0,1,23,24
COAtp;HSD17B1,0,1,23,24
COAtp;HSD17B8r,0,1,23,24
COAtp;Htr,0,5,23,20
COAtp;ICDHxrm,0,1,23,24
COAtp;LDH_L,0,1,23,24
COAtp;LEUTAm,0,1,23,24
COAtp;LEUt5m,0,1,23,24
COAtp;MCCCm,0,1,23,24
COAtp;MGCHrm,0,1,23,24
COAtp;MOD_3mhop,0,1,23,24
COAtp;NADHtru,0,1,23,24
COAtp;NADPHtru,1,0,22,25
COAtp;NADPtru,1,0,22,25
COAtp;NADtru,0,1,23,24
COAtp;OAADC,0,1,23,24
COAtp;OXALSUCCCLm,0,1,23,24
COAtp;PIt7,1,0,22,25
COAtp;PIt9,0,1,23,24
COAtp;PLMCOAPTr,0,1,23,24
COAtp;PMTCOAFABP1tc,0,1,23,24
COAtp;PPA,0,1,23,24
COAtp;PPCOAtm,1,0,22,25
COAtp;RPI,0,1,23,24
COAtp;THFtm,0,1,23,24
COAtp;THRA,0,1,23,24
COAtp;TPI,0,1,23,24
COAtr;ARTPLM1,0,1,23,24
COAtr;CRNCARtp,0,1,23,24
COAtr;CRNtim,0,1,23,24
COAtr;CSNATm,0,1,23,24
COAtr;CSNATp,0,1,23,24
COAtr;CYOOm2,0,1,23,24
COAtr;CYOR_u10m,0,1,23,24
COAtr;DOLMANP_ter,1,0,22,25
COAtr;DOLPMT,1,0,22,25
COAtr;DOLPOMTr,1,0,22,25
COAtr;DOLP_ter,1,0,22,25
COAtr;FADH2ETC,0,1,23,24
COAtr;G6PDH1rer,1,0,22,25
COAtr;G6PDH2rer,1,0,22,25
COAtr;GALGLUSIDEtg,1,0,22,25
COAtr;GALGLUSIDEtr,1,0,22,25
COAtr;GALU,1,0,22,25
COAtr;GDPFUCtg,1,0,22,25
COAtr;GDPtg,1,0,22,25
COAtr;GF6PTA,1,0,22,25
COAtr;GFUCSx,1,0,22,25
COAtr;GLUt2m,0,1,23,24
COAtr;GMAND,1,0,22,25
COAtr;GMPtg,1,0,22,25
COAtr;H2Oter,1,0,22,25
COAtr;H2Otg,1,0,22,25
COAtr;HCO3_NAt,0,1,23,24
COAtr;HMGCOAtx,0,1,23,24
COAtr;HMGLx,0,1,23,24
COAtr;Htg,1,0,22,25
COAtr;Htr,1,0,22,25
COAtr;ICDHyrm,0,1,23,24
COAtr;ITCOALm,0,1,23,24
COAtr;LARGEg,1,0,22,25
COAtr;MAN1PT2,1,0,22,25
COAtr;MAN6PI,1,0,22,25
COAtr;NDP7er,1,0,22,25
COAtr;NDP7g,1,0,22,25
COAtr;OXALSUCCCLm,0,1,23,24
COAtr;PCOREM3terg,1,0,22,25
COAtr;PGMT,1,0,22,25
COAtr;PItg,1,0,22,25
COAtr;PMANM,1,0,22,25
COAtr;PMTCOAFABP1tc,0,1,23,24
COAtr;POCDPRBTLT2g,1,0,22,25
COAtr;POCDPRBTLTg,1,0,22,25
COAtr;POGLCNACTg,1,0,22,25
COAtr;POMGNGALNTr,1,0,22,25
COAtr;POMGNTr,1,0,22,25
COAtr;POMKr,1,0,22,25
COAtr;POXYLTg,1,0,22,25
COAtr;PPAm,0,2,23,23
COAtr;RBT5PCYTr,1,0,22,25
COAtr;RBT5PDH,1,0,22,25
COAtr;RU5Ptr,1,0,22,25
COAtr;THRA,1,1,22,24
COAtr;TXA2tr,1,0,22,25
COAtr;TXB2c,1,0,22,25
COAtr;TXB2r,1,0,22,25
COAtr;TXB2tr,1,0,22,25
COAtr;TYRTA,1,0,22,25
COAtr;UACGAMUMPtr,1,0,22,25
COAtr;UAG4E,1,0,22,25
COAtr;UAGDP,1,0,22,25
COAtr;UDPG4E,1,0,22,25
COAtr;UDPGALt2r,1,0,22,25
COAtr;UDPGALtg,1,0,22,25
COAtr;UDPGD,1,0,22,25
COAtr;UDPGGPGTr,1,0,22,25
COAtr;UDPGLCAtg,1,0,22,25
COAtr;UDPGLDCg,1,0,22,25
COAtr;UGALNACter,1,0,22,25
COAtr;UGCGc,1,0,22,25
COAtr;UGLCNACtg,1,0,22,25
COQ3m;CYOOm2,3,1,20,24
COQ3m;CYOR_u10m,3,1,20,24
COQ3m;DHFR,1,0,22,25
COQ3m;DHFRx,1,0,22,25
COQ3m;DHFtm,1,0,22,25
COQ3m;GF6PTA,0,1,23,24
COQ3m;GLUt2m,0,1,23,24
COQ3m;H2O2t,1,0,22,25
COQ3m;HSD3B11,1,0,22,25
COQ3m;ICITACONtm,0,1,23,24
COQ3m;MTHFC,0,1,23,24
COQ3m;MTHFD,0,1,23,24
COQ3m;P45011A1m,1,0,22,25
COQ3m;PE_HStm,2,0,21,25
COQ3m;PRGNLONEtm,1,0,22,25
COQ3m;PRGSTRNt,1,0,22,25
COQ3m;PSDm_hs,2,0,21,25
COQ3m;PSFLIPm,2,0,21,25
COQ3m;THFtm,1,0,22,25
COQ3m;THRA,1,0,22,25
COQ3m;UAGDP,0,1,23,24
COQ5m;CYOOm2,3,1,20,24
COQ5m;CYOR_u10m,3,1,20,24
COQ5m;DHFR,1,0,22,25
COQ5m;DHFRx,1,0,22,25
COQ5m;DHFtm,1,0,22,25
COQ5m;GF6PTA,0,1,23,24
COQ5m;GLUt2m,0,1,23,24
COQ5m;H2O2t,1,0,22,25
COQ5m;HSD3B11,1,0,22,25
COQ5m;ICITACONtm,0,1,23,24
COQ5m;MTHFC,0,1,23,24
COQ5m;MTHFD,0,1,23,24
COQ5m;P45011A1m,1,0,22,25
COQ5m;PE_HStm,2,0,21,25
COQ5m;PRGNLONEtm,1,0,22,25
COQ5m;PRGSTRNt,1,0,22,25
COQ5m;PSDm_hs,2,0,21,25
COQ5m;PSFLIPm,2,0,21,25
COQ5m;THFtm,1,0,22,25
COQ5m;THRA,1,0,22,25
COQ5m;UAGDP,0,1,23,24
COQ6m;CYOOm2,3,1,20,24
COQ6m;CYOR_u10m,3,1,20,24
COQ6m;DHFR,1,0,22,25
COQ6m;DHFRx,1,0,22,25
COQ6m;DHFtm,1,0,22,25
COQ6m;GF6PTA,0,1,23,24
COQ6m;GLUt2m,0,1,23,24
COQ6m;H2O2t,1,0,22,25
COQ6m;HSD3B11,1,0,22,25
COQ6m;ICITACONtm,0,1,23,24
COQ6m;MTHFC,0,1,23,24
COQ6m;MTHFD,0,1,23,24
COQ6m;P45011A1m,1,0,22,25
COQ6m;PE_HStm,2,0,21,25
COQ6m;PRGNLONEtm,1,0,22,25
COQ6m;PRGSTRNt,1,0,22,25
COQ6m;PSDm_hs,2,0,21,25
COQ6m;PSFLIPm,2,0,21,25
COQ6m;THFtm,1,0,22,25
COQ6m;THRA,1,0,22,25
COQ6m;UAGDP,0,1,23,24
COQ7m;CYOOm2,3,1,20,24
COQ7m;CYOR_u10m,3,1,20,24
COQ7m;DHFR,1,0,22,25
COQ7m;DHFRx,1,0,22,25
COQ7m;DHFtm,1,0,22,25
COQ7m;GF6PTA,0,1,23,24
COQ7m;GLUt2m,0,1,23,24
COQ7m;H2O2t,1,0,22,25
COQ7m;HSD3B11,1,0,22,25
COQ7m;ICITACONtm,0,1,23,24
COQ7m;MTHFC,0,1,23,24
COQ7m;MTHFD,0,1,23,24
COQ7m;P45011A1m,1,0,22,25
COQ7m;PE_HStm,2,0,21,25
COQ7m;PRGNLONEtm,1,0,22,25
COQ7m;PRGSTRNt,1,0,22,25
COQ7m;PSDm_hs,2,0,21,25
COQ7m;PSFLIPm,2,0,21,25
COQ7m;THFtm,1,0,22,25
COQ7m;THRA,1,0,22,25
COQ7m;UAGDP,0,1,23,24
CORE5GTg;GALGLUSIDEtg,0,1,23,24
CORE5GTg;GALGLUSIDEtr,0,1,23,24
CORE5GTg;GALU,1,1,22,24
CORE5GTg;GDPFUCtg,0,1,23,24
CORE5GTg;GDPtg,0,1,23,24
CORE5GTg;GFUCSx,0,1,23,24
CORE5GTg;GMAND,0,1,23,24
CORE5GTg;GMPtg,0,1,23,24
CORE5GTg;MAN1PT2,1,1,22,24
CORE5GTg;MAN6PI,1,1,22,24
CORE5GTg;NDP7er,0,1,23,24
CORE5GTg;PGMT,1,1,22,24
CORE5GTg;PMANM,1,1,22,24
CORE5GTg;PYRt2r,0,1,23,24
CORE5GTg;RDH1a,0,1,23,24
CORE5GTg;UDPG4E,0,1,23,24
CORE5GTg;UDPGALt2r,0,1,23,24
CORE5GTg;UDPGALtg,0,1,23,24
CORE5GTg;UDPGGPGTr,0,1,23,24
CORE5GTg;UGCGc,0,1,23,24
CORE5GTg;UGLCNACtg,1,1,22,24
CORE5GTg;UMPtr,0,1,23,24
CORE7GTg;PIt2m,0,1,23,24
CORE7GTg;PROGLUtm,0,1,23,24
COUCOAFm;CYOOm2,3,1,20,24
COUCOAFm;CYOR_u10m,3,1,20,24
COUCOAFm;DHFR,1,0,22,25
COUCOAFm;DHFRx,1,0,22,25
COUCOAFm;DHFtm,1,0,22,25
COUCOAFm;GF6PTA,0,1,23,24
COUCOAFm;GLUt2m,0,1,23,24
COUCOAFm;H2O2t,1,0,22,25
COUCOAFm;HSD3B11,1,0,22,25
COUCOAFm;ICITACONtm,0,1,23,24
COUCOAFm;MTHFC,0,1,23,24
COUCOAFm;MTHFD,0,1,23,24
COUCOAFm;P45011A1m,1,0,22,25
COUCOAFm;PE_HStm,2,0,21,25
COUCOAFm;PRGNLONEtm,1,0,22,25
COUCOAFm;PRGSTRNt,1,0,22,25
COUCOAFm;PSDm_hs,2,0,21,25
COUCOAFm;PSFLIPm,2,0,21,25
COUCOAFm;THFtm,1,0,22,25
COUCOAFm;THRA,1,0,22,25
COUCOAFm;UAGDP,0,1,23,24
COt;DATPtm,0,1,23,24
COt;GLYtm,1,0,22,25
COt;H2Oter,2,1,21,24
COt;Htr,1,1,22,24
COt;LDH_L,0,1,23,24
COt;MMCDm,1,0,22,25
COt;MMEm,1,0,22,25
COt;MMMm,1,0,22,25
COt;NADPHtru,0,1,23,24
COt;NADPtru,0,1,23,24
COt;PFK2,1,0,22,25
COt;PPIOGLYc,1,0,22,25
COt;PPIOGLYte,1,0,22,25
COt;PPIOGLYtm,1,0,22,25
COt;SUCOAS1m,0,1,23,24
COt;TPI,0,1,23,24
CPPPGO;DATPtm,0,1,23,24
CPPPGO;GLYtm,1,0,22,25
CPPPGO;H2Oter,2,1,21,24
CPPPGO;Htr,1,1,22,24
CPPPGO;LDH_L,0,1,23,24
CPPPGO;MMCDm,1,0,22,25
CPPPGO;MMEm,1,0,22,25
CPPPGO;MMMm,1,0,22,25
CPPPGO;NADPHtru,0,1,23,24
CPPPGO;NADPtru,0,1,23,24
CPPPGO;PFK2,1,0,22,25
CPPPGO;PPIOGLYc,1,0,22,25
CPPPGO;PPIOGLYte,1,0,22,25
CPPPGO;PPIOGLYtm,1,0,22,25
CPPPGO;SUCOAS1m,0,1,23,24
CPPPGO;TPI,0,1,23,24
CREATt4_2_r;GALM2,0,1,23,24
CREATt4_2_r;GALt2_2,0,1,23,24
CREATt4_2_r;GLCt1r,0,1,23,24
CREATt4_2_r;NCKt,0,1,23,24
CREATt4_2_r;NCNt,0,1,23,24
CREATt4_2_r;NKCCt,0,1,23,24
CREATt;GALM2,0,1,23,24
CREATt;GALt2_2,0,1,23,24
CREATt;GLCt1r,0,1,23,24
CREATt;NCKt,0,1,23,24
CREATt;NCNt,0,1,23,24
CREATt;NKCCt,0,1,23,24
CRNCAR3tp;ENO,0,1,23,24
CRNCAR3tp;GAPD,0,1,23,24
CRNCAR3tp;LDH_L,0,1,23,24
CRNCAR3tp;L_LACt2r,0,1,23,24
CRNCAR3tp;PGK,0,1,23,24
CRNCAR3tp;PGM,0,1,23,24
CRNCAR3tp;PIt7,1,0,22,25
CRNCAR3tp;PIt9,0,1,23,24
CRNCAR3tp;PPCOAtm,1,0,22,25
CRNCAR3tp;PYK7,0,1,23,24
CRNCAR3tp;TPI,0,1,23,24
CRNCARtp;ARTFR12,0,1,23,24
CRNCARtp;CRNtim,0,1,23,24
CRNCARtp;CSNATm,0,1,23,24
CRNCARtp;CSNATr,0,1,23,24
CRNCARtp;DESAT16_1,0,1,23,24
CRNCARtp;DHFR,0,1,23,24
CRNCARtp;DHFRm,0,1,23,24
CRNCARtp;DHFtm,0,1,23,24
CRNCARtp;DHRT_ivcoa,0,1,23,24
CRNCARtp;DLD,0,1,23,24
CRNCARtp;ESTRADIOLtr,0,1,23,24
CRNCARtp;ESTRONEtr,0,1,23,24
CRNCARtp;G6PDH2rer,0,2,23,23
CRNCARtp;G6Pter,0,2,23,23
CRNCARtp;GLUDxm,0,1,23,24
CRNCARtp;HCO3_NAt,0,1,23,24
CRNCARtp;HSD17B1,0,1,23,24
CRNCARtp;HSD17B8r,0,1,23,24
CRNCARtp;Htr,0,4,23,21
CRNCARtp;ICDHxrm,0,1,23,24
CRNCARtp;LDH_L,0,1,23,24
CRNCARtp;LEUTAm,0,1,23,24
CRNCARtp;LEUt5m,0,1,23,24
CRNCARtp;MCCCm,0,1,23,24
CRNCARtp;MGCHrm,0,1,23,24
CRNCARtp;MOD_3mhop,0,1,23,24
CRNCARtp;NADHtru,0,1,23,24
CRNCARtp;NADPHtru,1,0,22,25
CRNCARtp;NADPtru,1,0,22,25
CRNCARtp;NADtru,0,1,23,24
CRNCARtp;OAADC,0,1,23,24
CRNCARtp;OXALSUCCCLm,0,1,23,24
CRNCARtp;PLMCOAPTr,0,1,23,24
CRNCARtp;PMTCOAFABP1tc,0,1,23,24
CRNCARtp;PPA,0,1,23,24
CRNCARtp;RPI,0,1,23,24
CRNCARtp;THFtm,0,1,23,24
CRNCARtp;THRA,0,1,23,24
CRNCARtp;TPI,0,1,23,24
CRNrtx;Htr,0,1,23,24
CRNtim;ARTFR12,0,1,23,24
CRNtim;CSNATp,0,1,23,24
CRNtim;CSNATr,0,1,23,24
CRNtim;DESAT16_1,0,1,23,24
CRNtim;DHRT_ivcoa,0,1,23,24
CRNtim;DLD,0,1,23,24
CRNtim;FA40ACPH,0,1,23,24
CRNtim;FACOAL40im,0,1,23,24
CRNtim;G6PPer,0,1,23,24
CRNtim;GALU,0,1,23,24
CRNtim;GF6PTA,0,1,23,24
CRNtim;GLCter,0,1,23,24
CRNtim;GLUDxm,0,1,23,24
CRNtim;GLUt2m,0,2,23,23
CRNtim;HAS1,0,1,23,24
CRNtim;HAS2,0,1,23,24
CRNtim;HMGCOAtx,0,1,23,24
CRNtim;HMGLx,0,1,23,24
CRNtim;HYALe,0,1,23,24
CRNtim;ICDHyrm,0,1,23,24
CRNtim;ITCOALm,0,2,23,23
CRNtim;LEUTAm,0,1,23,24
CRNtim;LEUt5m,0,1,23,24
CRNtim;MCCCm,0,1,23,24
CRNtim;MGCHrm,0,1,23,24
CRNtim;MOD_3mhop,0,1,23,24
CRNtim;NADH2_u10m,0,2,23,23
CRNtim;NADHtru,0,1,23,24
CRNtim;NADtru,0,1,23,24
CRNtim;NH4t3r,0,1,23,24
CRNtim;NH4tm,0,1,23,24
CRNtim;OXALSUCCCLm,0,1,23,24
CRNtim;PGMT,0,1,23,24
CRNtim;PLMCOAPTr,0,1,23,24
CRNtim;PMTCOAFABP1tc,0,1,23,24
CRNtim;PPAm,0,1,23,24
CRNtim;PYRtm,0,1,23,24
CRNtim;UAGDP,0,1,23,24
CRNtim;UDPGD,0,1,23,24
CSNAT2m;PIt9,0,1,23,24
CSNAT3x;ENO,0,1,23,24
CSNAT3x;GAPD,0,1,23,24
CSNAT3x;LDH_L,0,1,23,24
CSNAT3x;L_LACt2r,0,1,23,24
CSNAT3x;PGK,0,1,23,24
CSNAT3x;PGM,0,1,23,24
CSNAT3x;PIt7,1,0,22,25
CSNAT3x;PIt9,0,1,23,24
CSNAT3x;PPCOAtm,1,0,22,25
CSNAT3x;PYK7,0,1,23,24
CSNAT3x;TPI,0,1,23,24
CSNATm;ARTFR12,0,1,23,24
CSNATm;CSNATp,0,1,23,24
CSNATm;CSNATr,0,1,23,24
CSNATm;DESAT16_1,0,1,23,24
CSNATm;DHRT_ivcoa,0,1,23,24
CSNATm;DLD,0,1,23,24
CSNATm;G6PPer,0,1,23,24
CSNATm;GALU,0,1,23,24
CSNATm;GF6PTA,0,1,23,24
CSNATm;GLCter,0,1,23,24
CSNATm;GLUDxm,0,1,23,24
CSNATm;GLUt2m,0,2,23,23
CSNATm;HAS1,0,1,23,24
CSNATm;HAS2,0,1,23,24
CSNATm;HMGCOAtx,0,1,23,24
CSNATm;HMGLx,0,1,23,24
CSNATm;HYALe,0,1,23,24
CSNATm;Htr,0,1,23,24
CSNATm;ICDHyrm,0,1,23,24
CSNATm;ITCOALm,0,2,23,23
CSNATm;LEUTAm,0,1,23,24
CSNATm;LEUt5m,0,1,23,24
CSNATm;MCCCm,0,1,23,24
CSNATm;MGCHrm,0,1,23,24
CSNATm;MOD_3mhop,0,1,23,24
CSNATm;NADH2_u10m,0,2,23,23
CSNATm;NADHtru,0,1,23,24
CSNATm;NADtru,0,1,23,24
CSNATm;NH4t3r,0,1,23,24
CSNATm;NH4tm,0,1,23,24
CSNATm;OXALSUCCCLm,0,1,23,24
CSNATm;PGMT,0,1,23,24
CSNATm;PLMCOAPTr,0,1,23,24
CSNATm;PMTCOAFABP1tc,0,1,23,24
CSNATm;PPAm,0,1,23,24
CSNATm;PYRtm,0,1,23,24
CSNATm;UAGDP,0,1,23,24
CSNATm;UDPGD,0,1,23,24
CSNATp;ARTFR12,0,1,23,24
CSNATp;CSNATr,0,1,23,24
CSNATp;DESAT16_1,0,1,23,24
CSNATp;DHFR,0,1,23,24
CSNATp;DHFRm,0,1,23,24
CSNATp;DHFtm,0,1,23,24
CSNATp;DHRT_ivcoa,0,1,23,24
CSNATp;DLD,0,1,23,24
CSNATp;ESTRADIOLtr,0,1,23,24
CSNATp;ESTRONEtr,0,1,23,24
CSNATp;G6PDH2rer,0,2,23,23
CSNATp;G6Pter,0,2,23,23
CSNATp;GLUDxm,0,1,23,24
CSNATp;HCO3_NAt,0,1,23,24
CSNATp;HSD17B1,0,1,23,24
CSNATp;HSD17B8r,0,1,23,24
CSNATp;Htr,0,5,23,20
CSNATp;ICDHxrm,0,1,23,24
CSNATp;LDH_L,0,1,23,24
CSNATp;LEUTAm,0,1,23,24
CSNATp;LEUt5m,0,1,23,24
CSNATp;MCCCm,0,1,23,24
CSNATp;MGCHrm,0,1,23,24
CSNATp;MOD_3mhop,0,1,23,24
CSNATp;NADHtru,0,1,23,24
CSNATp;NADPHtru,1,0,22,25
CSNATp;NADPtru,1,0,22,25
CSNATp;NADtru,0,1,23,24
CSNATp;OAADC,0,1,23,24
CSNATp;OXALSUCCCLm,0,1,23,24
CSNATp;PLMCOAPTr,0,1,23,24
CSNATp;PMTCOAFABP1tc,0,1,23,24
CSNATp;PPA,0,1,23,24
CSNATp;RPI,0,1,23,24
CSNATp;THFtm,0,1,23,24
CSNATp;THRA,0,1,23,24
CSNATp;TPI,0,1,23,24
CSNATr;DHFR,0,1,23,24
CSNATr;DHFRm,0,1,23,24
CSNATr;DHFtm,0,1,23,24
CSNATr;ESTRADIOLtr,0,1,23,24
CSNATr;ESTRONEtr,0,1,23,24
CSNATr;G6PDH2rer,0,2,23,23
CSNATr;G6Pter,0,2,23,23
CSNATr;GALU,0,1,23,24
CSNATr;GF6PTA,0,1,23,24
CSNATr;GLUDxm,0,1,23,24
CSNATr;GLUt2m,0,1,23,24
CSNATr;HAS1,0,1,23,24
CSNATr;HAS2,0,1,23,24
CSNATr;HMGCOAtx,0,1,23,24
CSNATr;HMGLx,0,1,23,24
CSNATr;HSD17B1,0,1,23,24
CSNATr;HSD17B8r,0,1,23,24
CSNATr;HYALe,0,1,23,24
CSNATr;Htr,0,4,23,21
CSNATr;ICDHxrm,0,1,23,24
CSNATr;ICDHyrm,0,1,23,24
CSNATr;ITCOALm,0,1,23,24
CSNATr;LDH_L,0,1,23,24
CSNATr;NADHtru,0,1,23,24
CSNATr;NADPHtru,1,0,22,25
CSNATr;NADPtru,1,0,22,25
CSNATr;NADtru,0,1,23,24
CSNATr;NH4t3r,0,1,23,24
CSNATr;OAADC,0,1,23,24
CSNATr;OXALSUCCCLm,0,2,23,23
CSNATr;PGMT,0,1,23,24
CSNATr;PMTCOAFABP1tc,0,1,23,24
CSNATr;PPA,0,1,23,24
CSNATr;PPAm,0,1,23,24
CSNATr;RPI,0,1,23,24
CSNATr;THFtm,0,1,23,24
CSNATr;THRA,0,1,23,24
CSNATr;TPI,0,1,23,24
CSNATr;UAGDP,0,1,23,24
CSNATr;UDPGD,0,1,23,24
CSm;AKGtn,0,1,23,24
CSm;CO2tn,0,1,23,24
CSm;DHFR,0,1,23,24
CSm;DHFRm,0,1,23,24
CSm;DHFtm,0,1,23,24
CSm;DLD,0,1,23,24
CSm;ETHPL,0,1,23,24
CSm;FALDtn,0,1,23,24
CSm;GLUDxm,0,1,23,24
CSm;ICDHxrm,0,1,23,24
CSm;MCITS,0,1,23,24
CSm;ME1m,0,1,23,24
CSm;MEOHt2,0,1,23,24
CSm;O2tn,0,1,23,24
CSm;OAADC,0,1,23,24
CSm;OBDHc,0,1,23,24
CSm;OXALSUCCCLm,0,1,23,24
CSm;PEMET1,0,1,23,24
CSm;PEMET2,0,1,23,24
CSm;PIt2m_2,0,1,23,24
CSm;SSALym,0,1,23,24
CSm;SUCCACONtm,0,1,23,24
CSm;SUCCt4_3,0,1,23,24
CSm;SUCOAS1m,0,1,23,24
CSm;THFtm,0,1,23,24
CTPtm;FE2tm,1,0,22,25
CTPtm;FE3tm,1,0,22,25
CTPtm;FECR,1,0,22,25
CTPtm;FTMTm,1,0,22,25
CYANSTm;FE2tm,1,0,22,25
CYANSTm;FE3tm,1,0,22,25
CYANSTm;FECR,1,0,22,25
CYANSTm;FTMTm,1,0,22,25
CYOOm2;ARTFR12,0,1,23,24
CYOOm2;ARTFR45,1,0,22,25
CYOOm2;DECDPtm,3,1,20,24
CYOOm2;DESAT16_1,0,1,23,24
CYOOm2;DESAT18_1,1,0,22,25
CYOOm2;DHDPBMTm,3,1,20,24
CYOOm2;DPHMBDCm,3,1,20,24
CYOOm2;DPPS,3,1,20,24
CYOOm2;ETHPL,3,1,20,24
CYOOm2;FAE201,1,0,22,25
CYOOm2;FAE221,1,0,22,25
CYOOm2;FAE241,1,0,22,25
CYOOm2;FE2tm,2,0,21,25
CYOOm2;FE3tm,3,0,20,25
CYOOm2;FECR,3,0,20,25
CYOOm2;FRDPtc,2,0,21,25
CYOOm2;FRDPtcr,1,1,22,24
CYOOm2;FTMTm,3,0,20,25
CYOOm2;G6Pt6er,1,0,22,25
CYOOm2;G6Pter,2,0,21,25
CYOOm2;GALGLUSIDEtg,1,0,22,25
CYOOm2;GALGLUSIDEtr,1,0,22,25
CYOOm2;GALU,1,0,22,25
CYOOm2;GDPFUCtg,1,0,22,25
CYOOm2;GDPtg,1,0,22,25
CYOOm2;GF6PTA,1,0,22,25
CYOOm2;GFUCSx,1,0,22,25
CYOOm2;GLUDxm,1,1,22,24
CYOOm2;GLUDym,1,0,22,25
CYOOm2;GMAND,1,0,22,25
CYOOm2;GMPtg,1,0,22,25
CYOOm2;GTHOm,0,1,23,24
CYOOm2;GTHPm,0,1,23,24
CYOOm2;H2O2tm,0,1,23,24
CYOOm2;H2Otg,1,0,22,25
CYOOm2;HACD201,1,0,22,25
CYOOm2;HACD221,1,0,22,25
CYOOm2;HACD241,1,0,22,25
CYOOm2;HBZOPT10m,3,1,20,24
CYOOm2;HIStm,1,0,22,25
CYOOm2;HSD201,1,0,22,25
CYOOm2;HSD221,1,0,22,25
CYOOm2;HSD241,1,0,22,25
CYOOm2;Htg,1,0,22,25
CYOOm2;LHCYSTIN,2,0,21,25
CYOOm2;LHCYSTINt,2,0,21,25
CYOOm2;LYSHISt2m,1,0,22,25
CYOOm2;MAN1PT2,1,0,22,25
CYOOm2;MAN6PI,1,0,22,25
CYOOm2;MDH,0,1,23,24
CYOOm2;MDHm,0,1,23,24
CYOOm2;METAT,2,0,21,25
CYOOm2;NAtm,2,0,21,25
CYOOm2;NDP7er,1,0,22,25
CYOOm2;NDP7g,1,0,22,25
CYOOm2;NH4tm,2,1,21,24
CYOOm2;NRVNCCOAtr,1,0,22,25
CYOOm2;ORNLYStm,1,0,22,25
CYOOm2;ORNt3m,1,0,22,25
CYOOm2;PEMET1,2,0,21,25
CYOOm2;PEMET2,2,0,21,25
CYOOm2;PGMT,1,0,22,25
CYOOm2;PIATPLtm,3,0,20,25
CYOOm2;PItg,1,0,22,25
CYOOm2;PLMCOAPTr,0,1,23,24
CYOOm2;PMANM,1,0,22,25
CYOOm2;PMTCOAFABP1tc,0,1,23,24
CYOOm2;Q10H2e,4,1,19,24
CYOOm2;RTOT4,1,0,22,25
CYOOm2;T4HCINNMFM,3,1,20,24
CYOOm2;TECR201,1,0,22,25
CYOOm2;TECR221,1,0,22,25
CYOOm2;TECR241,1,0,22,25
CYOOm2;TYROX,1,0,22,25
CYOOm2;TYRTA,1,0,22,25
CYOOm2;TYRTAm,3,1,20,24
CYOOm2;TYRtl,3,1,20,24
CYOOm2;UAGDP,1,0,22,25
CYOOm2;UDPG4E,1,0,22,25
CYOOm2;UDPGALt2r,1,0,22,25
CYOOm2;UDPGALtg,1,0,22,25
CYOOm2;UDPGGPGTr,1,0,22,25
CYOOm2;UGCGc,1,0,22,25
CYOOm2;UGLCNACtg,1,0,22,25
CYOOm2;UMPtr,1,0,22,25
CYOOm2;q10h2tc,4,1,19,24
CYOR_u10m;ARTFR12,0,1,23,24
CYOR_u10m;ARTFR45,1,0,22,25
CYOR_u10m;DECDPtm,3,1,20,24
CYOR_u10m;DESAT16_1,0,1,23,24
CYOR_u10m;DESAT18_1,1,0,22,25
CYOR_u10m;DHDPBMTm,3,1,20,24
CYOR_u10m;DPHMBDCm,3,1,20,24
CYOR_u10m;DPPS,3,1,20,24
CYOR_u10m;ETHPL,3,1,20,24
CYOR_u10m;FAE201,1,0,22,25
CYOR_u10m;FAE221,1,0,22,25
CYOR_u10m;FAE241,1,0,22,25
CYOR_u10m;FE2tm,2,0,21,25
CYOR_u10m;FE3tm,3,0,20,25
CYOR_u10m;FECR,3,0,20,25
CYOR_u10m;FRDPtc,2,0,21,25
CYOR_u10m;FRDPtcr,1,1,22,24
CYOR_u10m;FTMTm,3,0,20,25
CYOR_u10m;G6Pt6er,1,0,22,25
CYOR_u10m;G6Pter,2,0,21,25
CYOR_u10m;GALGLUSIDEtg,1,0,22,25
CYOR_u10m;GALGLUSIDEtr,1,0,22,25
CYOR_u10m;GALU,1,0,22,25
CYOR_u10m;GDPFUCtg,1,0,22,25
CYOR_u10m;GDPtg,1,0,22,25
CYOR_u10m;GF6PTA,1,0,22,25
CYOR_u10m;GFUCSx,1,0,22,25
CYOR_u10m;GLUDxm,1,1,22,24
CYOR_u10m;GLUDym,1,0,22,25
CYOR_u10m;GMAND,1,0,22,25
CYOR_u10m;GMPtg,1,0,22,25
CYOR_u10m;GTHOm,0,1,23,24
CYOR_u10m;GTHPm,0,1,23,24
CYOR_u10m;H2O2tm,0,1,23,24
CYOR_u10m;H2Otg,1,0,22,25
CYOR_u10m;HACD201,1,0,22,25
CYOR_u10m;HACD221,1,0,22,25
CYOR_u10m;HACD241,1,0,22,25
CYOR_u10m;HBZOPT10m,3,1,20,24
CYOR_u10m;HIStm,1,0,22,25
CYOR_u10m;HSD201,1,0,22,25
CYOR_u10m;HSD221,1,0,22,25
CYOR_u10m;HSD241,1,0,22,25
CYOR_u10m;Htg,1,0,22,25
CYOR_u10m;LHCYSTIN,2,0,21,25
CYOR_u10m;LHCYSTINt,2,0,21,25
CYOR_u10m;LYSHISt2m,1,0,22,25
CYOR_u10m;MAN1PT2,1,0,22,25
CYOR_u10m;MAN6PI,1,0,22,25
CYOR_u10m;MDH,0,1,23,24
CYOR_u10m;MDHm,0,1,23,24
CYOR_u10m;METAT,2,0,21,25
CYOR_u10m;NAtm,2,0,21,25
CYOR_u10m;NDP7er,1,0,22,25
CYOR_u10m;NDP7g,1,0,22,25
CYOR_u10m;NH4tm,2,1,21,24
CYOR_u10m;NRVNCCOAtr,1,0,22,25
CYOR_u10m;ORNLYStm,1,0,22,25
CYOR_u10m;ORNt3m,1,0,22,25
CYOR_u10m;PEMET1,2,0,21,25
CYOR_u10m;PEMET2,2,0,21,25
CYOR_u10m;PGMT,1,0,22,25
CYOR_u10m;PIATPLtm,3,0,20,25
CYOR_u10m;PItg,1,0,22,25
CYOR_u10m;PLMCOAPTr,0,1,23,24
CYOR_u10m;PMANM,1,0,22,25
CYOR_u10m;PMTCOAFABP1tc,0,1,23,24
CYOR_u10m;Q10H2e,4,1,19,24
CYOR_u10m;RTOT4,1,0,22,25
CYOR_u10m;T4HCINNMFM,3,1,20,24
CYOR_u10m;TECR201,1,0,22,25
CYOR_u10m;TECR221,1,0,22,25
CYOR_u10m;TECR241,1,0,22,25
CYOR_u10m;TYROX,1,0,22,25
CYOR_u10m;TYRTA,1,0,22,25
CYOR_u10m;TYRTAm,3,1,20,24
CYOR_u10m;TYRtl,3,1,20,24
CYOR_u10m;UAGDP,1,0,22,25
CYOR_u10m;UDPG4E,1,0,22,25
CYOR_u10m;UDPGALt2r,1,0,22,25
CYOR_u10m;UDPGALtg,1,0,22,25
CYOR_u10m;UDPGGPGTr,1,0,22,25
CYOR_u10m;UGCGc,1,0,22,25
CYOR_u10m;UGLCNACtg,1,0,22,25
CYOR_u10m;UMPtr,1,0,22,25
CYOR_u10m;q10h2tc,4,1,19,24
CYP2R1;DHRT_2mbcoa,0,1,23,24
CYP2R1;ILETAm,0,1,23,24
CYP2R1;ILEt5m,0,1,23,24
CYP2R1;TIGGLYc,0,1,23,24
CYP2R1;TIGGLYte,0,1,23,24
CYP2R1;TIGGLYtm,0,1,23,24
CYSALANaEx;CYSGLYex,0,1,23,24
CYSGLTH;FALDtly,1,0,22,25
CYSGLTH;H2O2tly,1,0,22,25
CYSGLTH;H2Otly,1,0,22,25
CYSGLTH;IDHPOXOX2b,1,0,22,25
CYSGLTH;IDHPOXOX3,1,0,22,25
CYSGLTH;IDHPOXOXb,1,0,22,25
CYSGLTH;It,1,0,22,25
CYSGLTH;LCYSTCBOXL,1,0,22,25
CYSGLTH;MEOHtly,1,0,22,25
CYSGLTH;O2tm,1,0,22,25
CYSGLTH;PRDXl,1,0,22,25
CYSGLTH;SADT,1,0,22,25
CYSGLTH;SO4t4_3,1,0,22,25
CYSGLTH;TAURCHAe,1,0,22,25
CYSGLTH;THYPX,1,0,22,25
CYSGLTH;THYRIDHD,1,0,22,25
CYSGLTH;THYST,1,0,22,25
CYSGLUexR;GLNt4,0,1,23,24
CYSGLUexR;MTHFC,0,1,23,24
CYSGLUexR;MTHFD,0,1,23,24
CYSGLYex;CYSTGL,0,1,23,24
CYSGLYex;CYSTS,0,1,23,24
CYSGLYex;CYSt4,1,0,22,25
CYSGLYex;GTHOm,0,1,23,24
CYSGLYex;GTHPm,0,1,23,24
CYSGLYex;H2O2tm,0,1,23,24
CYSGLYex;HCO3tm,0,1,23,24
CYSGLYex;ICDHyrm,0,1,23,24
CYSGLYex;MALACONtm,0,1,23,24
CYSGLYex;MCITS,0,1,23,24
CYSGLYex;MDH,0,1,23,24
CYSGLYex;MDHm,0,1,23,24
CYSGLYex;METAT,0,1,23,24
CYSGLYex;OBDHc,0,1,23,24
CYSGLYex;OXALSUCCCLm,0,1,23,24
CYSO;DHFR,1,0,22,25
CYSO;DHFRx,1,0,22,25
CYSO;DHFtm,1,0,22,25
CYSO;FE2tm,1,0,22,25
CYSO;FE3tm,1,0,22,25
CYSO;FECR,1,0,22,25
CYSO;FTMTm,1,0,22,25
CYSO;GLUDxm,1,0,22,25
CYSO;PIMALtm,1,0,22,25
CYSO;SO3MALtm,1,0,22,25
CYSO;THFtm,1,0,22,25
CYSRED;FALDtly,1,0,22,25
CYSRED;H2O2tly,1,0,22,25
CYSRED;H2Otly,1,0,22,25
CYSRED;IDHPOXOX2b,1,0,22,25
CYSRED;IDHPOXOX3,1,0,22,25
CYSRED;IDHPOXOXb,1,0,22,25
CYSRED;It,1,0,22,25
CYSRED;LCYSTCBOXL,1,0,22,25
CYSRED;MEOHtly,1,0,22,25
CYSRED;O2tm,1,0,22,25
CYSRED;PRDXl,1,0,22,25
CYSRED;SADT,1,0,22,25
CYSRED;SO4t4_3,1,0,22,25
CYSRED;TAURCHAe,1,0,22,25
CYSRED;THYPX,1,0,22,25
CYSRED;THYRIDHD,1,0,22,25
CYSRED;THYST,1,0,22,25
CYSTGL;HCO3tm,0,1,23,24
CYSTGL;ICDHyrm,0,1,23,24
CYSTGL;MALACONtm,0,1,23,24
CYSTGL;MDHm,0,1,23,24
CYSTGL;MTHFC,0,1,23,24
CYSTGL;MTHFD,0,1,23,24
CYSTGL;OXALSUCCCLm,0,1,23,24
CYSTS;HCO3tm,0,1,23,24
CYSTS;ICDHyrm,0,1,23,24
CYSTS;MALACONtm,0,1,23,24
CYSTS;MDHm,0,1,23,24
CYSTS;MTHFC,0,1,23,24
CYSTS;MTHFD,0,1,23,24
CYSTS;OXALSUCCCLm,0,1,23,24
CYSt4;GLNt4,0,1,23,24
CYTDn;PPItn,0,1,23,24
CYTDtn;PPItn,0,1,23,24
CYTK1;CYTK3,0,1,23,24
CYTK2n;O2t,0,1,23,24
CYTK3;CYTK8,1,1,22,24
CYTK4n;O2St,1,0,22,25
CYTK4n;O2t,3,3,20,22
CYTK6;UMPK2,0,1,23,24
Coqe;H2O2t,1,0,22,25
Coqe;HSD3B11,1,0,22,25
Coqe;MTHFC,0,1,23,24
Coqe;MTHFD,0,1,23,24
Coqe;P45011A1m,1,0,22,25
Coqe;PRGNLONEtm,1,0,22,25
Coqe;PRGSTRNt,1,0,22,25
Coqe;Q10H2e,1,0,22,25
Coqe;THRA,1,0,22,25
Coqe;q10h2tc,1,0,22,25
D3AIBTm;GLUt2m,0,1,23,24
DADK3;GALU,1,0,22,25
DADK3;HCO3tm,1,0,22,25
DADK3;NDPK1,1,2,22,23
DADK3;PGMT,1,0,22,25
DADK3;THRA,0,1,23,24
DAGKm_hs;AKGMALtm,0,1,23,24
DAGKm_hs;ASPGLUm,0,1,23,24
DAGKm_hs;ASPTA,0,1,23,24
DAGKm_hs;ASPTAm,0,1,23,24
DAGKm_hs;ATPtm,0,1,23,24
DAGKm_hs;CO2tm,1,0,22,25
DAGKm_hs;FE2tm,3,0,20,25
DAGKm_hs;FE3tm,4,0,19,25
DAGKm_hs;FECR,4,0,19,25
DAGKm_hs;FTMTm,4,0,19,25
DAGKm_hs;GTHOm,0,1,23,24
DAGKm_hs;GTHPm,0,1,23,24
DAGKm_hs;H2O2tm,0,1,23,24
DAGKm_hs;Htm,1,0,22,25
DAGKm_hs;MDH,0,1,23,24
DAGKm_hs;MDHm,0,1,23,24
DAGKm_hs;O2t,1,0,22,25
DAG_Hstem;FE2tm,3,0,20,25
DAG_Hstem;FE3tm,4,0,19,25
DAG_Hstem;FECR,4,0,19,25
DAG_Hstem;FTMTm,4,0,19,25
DAG_Hstem;GTHOm,0,1,23,24
DAG_Hstem;GTHPm,0,1,23,24
DAG_Hstem;H2O2tm,0,1,23,24
DAG_Hstem;Htm,1,0,22,25
DAG_Hstem;MDH,0,1,23,24
DAG_Hstem;MDHm,0,1,23,24
DAG_Hstem;O2t,1,0,22,25
DALAt2r;GLNt4,0,1,23,24
DASCBR;FBA,0,1,23,24
DASCBR;FE2tm,1,0,22,25
DASCBR;FE3tm,1,0,22,25
DASCBR;FECR,1,0,22,25
DASCBR;FTMTm,1,0,22,25
DASCBR;HCO3Em,1,0,22,25
DASCBR;HCO3tm,1,0,22,25
DASCBR;IMAGH,0,2,23,23
DASCBR;KCC2t,0,1,23,24
DASCBR;LYSARGtm,1,0,22,25
DASCBR;LYSHIStm,1,0,22,25
DASCBR;PFK,0,1,23,24
DASCBR;PGI,0,1,23,24
DASCBR;SBTR,0,1,23,24
DASCBR;SBT_Dtde,0,1,23,24
DATPtm;DLD,0,1,23,24
DATPtm;FCLTm,0,1,23,24
DATPtm;FE2tm,0,1,23,24
DATPtm;GALU,0,1,23,24
DATPtm;H2Otm,0,1,23,24
DATPtm;HMBS,0,1,23,24
DATPtm;HOXG,0,1,23,24
DATPtm;NDP7er,0,1,23,24
DATPtm;PGMT,0,1,23,24
DATPtm;PHEMEtm,0,1,23,24
DATPtm;PPBNGS,0,1,23,24
DATPtm;PPPG9tm,0,1,23,24
DATPtm;PPPGOm,0,1,23,24
DATPtm;UDPGD,0,1,23,24
DATPtm;UDPGLCAter,0,1,23,24
DATPtm;UPP3S,0,1,23,24
DATPtm;UPPDC1,0,1,23,24
DCSPTN1COAtr;DESAT18_1,0,1,23,24
DCSPTN1COAtr;ESTRADIOLtr,0,1,23,24
DCSPTN1COAtr;ESTRONEtr,0,1,23,24
DCSPTN1COAtr;FAE180,0,1,23,24
DCSPTN1COAtr;FAE201,0,1,23,24
DCSPTN1COAtr;FAE221,0,1,23,24
DCSPTN1COAtr;FAE241,0,1,23,24
DCSPTN1COAtr;HACD180,0,1,23,24
DCSPTN1COAtr;HACD201,0,1,23,24
DCSPTN1COAtr;HACD221,0,1,23,24
DCSPTN1COAtr;HACD241,0,1,23,24
DCSPTN1COAtr;HSD17B1,0,1,23,24
DCSPTN1COAtr;HSD17B8r,0,1,23,24
DCSPTN1COAtr;HSD180,0,1,23,24
DCSPTN1COAtr;HSD201,0,1,23,24
DCSPTN1COAtr;HSD221,0,1,23,24
DCSPTN1COAtr;HSD241,0,1,23,24
DCSPTN1COAtr;Htx,0,1,23,24
DCSPTN1COAtr;LDH_L,0,1,23,24
DCSPTN1COAtr;NRVNCCOAtr,0,1,23,24
DCSPTN1COAtr;NRVNCCOAtxc,0,1,23,24
DCSPTN1COAtr;PMTCOAFABP1tc,0,1,23,24
DCSPTN1COAtr;PPA,0,2,23,23
DCSPTN1COAtr;RPI,0,1,23,24
DCSPTN1COAtr;TECR180,0,1,23,24
DCSPTN1COAtr;TECR201,0,1,23,24
DCSPTN1COAtr;TECR221,0,1,23,24
DCSPTN1COAtr;TECR241,0,1,23,24
DCSPTN1COAtr;TPI,0,1,23,24
DCSPTN1COAtxc;DESAT18_1,0,1,23,24
DCSPTN1COAtxc;ESTRADIOLtr,0,1,23,24
DCSPTN1COAtxc;ESTRONEtr,0,1,23,24
DCSPTN1COAtxc;FAE180,0,1,23,24
DCSPTN1COAtxc;FAE201,0,1,23,24
DCSPTN1COAtxc;FAE221,0,1,23,24
DCSPTN1COAtxc;FAE241,0,1,23,24
DCSPTN1COAtxc;HACD180,0,1,23,24
DCSPTN1COAtxc;HACD201,0,1,23,24
DCSPTN1COAtxc;HACD221,0,1,23,24
DCSPTN1COAtxc;HACD241,0,1,23,24
DCSPTN1COAtxc;HSD17B1,0,1,23,24
DCSPTN1COAtxc;HSD17B8r,0,1,23,24
DCSPTN1COAtxc;HSD180,0,1,23,24
DCSPTN1COAtxc;HSD201,0,1,23,24
DCSPTN1COAtxc;HSD221,0,1,23,24
DCSPTN1COAtxc;HSD241,0,1,23,24
DCSPTN1COAtxc;Htx,0,1,23,24
DCSPTN1COAtxc;LDH_L,0,1,23,24
DCSPTN1COAtxc;NRVNCCOAtr,0,1,23,24
DCSPTN1COAtxc;NRVNCCOAtxc,0,1,23,24
DCSPTN1COAtxc;PMTCOAFABP1tc,0,1,23,24
DCSPTN1COAtxc;PPA,0,2,23,23
DCSPTN1COAtxc;RPI,0,1,23,24
DCSPTN1COAtxc;TECR180,0,1,23,24
DCSPTN1COAtxc;TECR201,0,1,23,24
DCSPTN1COAtxc;TECR221,0,1,23,24
DCSPTN1COAtxc;TECR241,0,1,23,24
DCSPTN1COAtxc;TPI,0,1,23,24
DCTPDPn;O2St,1,0,22,25
DCTPDPn;O2t,3,4,20,21
DDCI225n3p;DESAT18_1,0,1,23,24
DDCI225n3p;ESTRADIOLtr,0,1,23,24
DDCI225n3p;ESTRONEtr,0,1,23,24
DDCI225n3p;FAE180,0,1,23,24
DDCI225n3p;FAE201,0,1,23,24
DDCI225n3p;FAE221,0,1,23,24
DDCI225n3p;FAE241,0,1,23,24
DDCI225n3p;HACD180,0,1,23,24
DDCI225n3p;HACD201,0,1,23,24
DDCI225n3p;HACD221,0,1,23,24
DDCI225n3p;HACD241,0,1,23,24
DDCI225n3p;HSD17B1,0,1,23,24
DDCI225n3p;HSD17B8r,0,1,23,24
DDCI225n3p;HSD180,0,1,23,24
DDCI225n3p;HSD201,0,1,23,24
DDCI225n3p;HSD221,0,1,23,24
DDCI225n3p;HSD241,0,1,23,24
DDCI225n3p;Htx,0,1,23,24
DDCI225n3p;LDH_L,0,1,23,24
DDCI225n3p;NRVNCCOAtr,0,1,23,24
DDCI225n3p;NRVNCCOAtxc,0,1,23,24
DDCI225n3p;PMTCOAFABP1tc,0,1,23,24
DDCI225n3p;PPA,0,2,23,23
DDCI225n3p;RPI,0,1,23,24
DDCI225n3p;TECR180,0,1,23,24
DDCI225n3p;TECR201,0,1,23,24
DDCI225n3p;TECR221,0,1,23,24
DDCI225n3p;TECR241,0,1,23,24
DDCI225n3p;TPI,0,1,23,24
DECDPtm;DHFR,1,0,22,25
DECDPtm;DHFRx,1,0,22,25
DECDPtm;DHFtm,1,0,22,25
DECDPtm;GF6PTA,0,1,23,24
DECDPtm;GLUt2m,0,1,23,24
DECDPtm;H2O2t,1,0,22,25
DECDPtm;HSD3B11,1,0,22,25
DECDPtm;ICITACONtm,0,1,23,24
DECDPtm;MTHFC,0,1,23,24
DECDPtm;MTHFD,0,1,23,24
DECDPtm;P45011A1m,1,0,22,25
DECDPtm;PE_HStm,2,0,21,25
DECDPtm;PRGNLONEtm,1,0,22,25
DECDPtm;PRGSTRNt,1,0,22,25
DECDPtm;PSDm_hs,2,0,21,25
DECDPtm;PSFLIPm,2,0,21,25
DECDPtm;THFtm,1,0,22,25
DECDPtm;THRA,1,0,22,25
DECDPtm;UAGDP,0,1,23,24
DECR226n3p;DESAT18_1,0,1,23,24
DECR226n3p;ESTRADIOLtr,0,1,23,24
DECR226n3p;ESTRONEtr,0,1,23,24
DECR226n3p;FAE180,0,1,23,24
DECR226n3p;FAE201,0,1,23,24
DECR226n3p;FAE221,0,1,23,24
DECR226n3p;FAE241,0,1,23,24
DECR226n3p;HACD180,0,1,23,24
DECR226n3p;HACD201,0,1,23,24
DECR226n3p;HACD221,0,1,23,24
DECR226n3p;HACD241,0,1,23,24
DECR226n3p;HSD17B1,0,1,23,24
DECR226n3p;HSD17B8r,0,1,23,24
DECR226n3p;HSD180,0,1,23,24
DECR226n3p;HSD201,0,1,23,24
DECR226n3p;HSD221,0,1,23,24
DECR226n3p;HSD241,0,1,23,24
DECR226n3p;Htx,0,1,23,24
DECR226n3p;LDH_L,0,1,23,24
DECR226n3p;NRVNCCOAtr,0,1,23,24
DECR226n3p;NRVNCCOAtxc,0,1,23,24
DECR226n3p;PMTCOAFABP1tc,0,1,23,24
DECR226n3p;PPA,0,2,23,23
DECR226n3p;RPI,0,1,23,24
DECR226n3p;TECR180,0,1,23,24
DECR226n3p;TECR201,0,1,23,24
DECR226n3p;TECR221,0,1,23,24
DECR226n3p;TECR241,0,1,23,24
DECR226n3p;TPI,0,1,23,24
DESAT16_1;ARTPLM1,0,1,23,24
DESAT16_1;FADH2ETC,0,1,23,24
DESAT16_1;G6PDH1rer,1,0,22,25
DESAT16_1;G6PDH2rer,1,0,22,25
DESAT16_1;GLUt2m,0,1,23,24
DESAT16_1;H2Oter,1,0,22,25
DESAT16_1;HCO3_NAt,0,1,23,24
DESAT16_1;HMGCOAtx,0,1,23,24
DESAT16_1;HMGLx,0,1,23,24
DESAT16_1;Htr,1,0,22,25
DESAT16_1;ICDHyrm,0,1,23,24
DESAT16_1;ITCOALm,0,1,23,24
DESAT16_1;OXALSUCCCLm,0,1,23,24
DESAT16_1;PPAm,0,2,23,23
DESAT16_1;THRA,1,1,22,24
DESAT16_1;TXA2tr,1,0,22,25
DESAT16_1;TXB2c,1,0,22,25
DESAT16_1;TXB2r,1,0,22,25
DESAT16_1;TXB2tr,1,0,22,25
DESAT18_1;ARTFR52,3,0,20,25
DESAT18_1;DESAT22_1p,0,1,23,24
DESAT18_1;FADH2ETC,1,0,22,25
DESAT18_1;FAE200,3,0,20,25
DESAT18_1;FAE220,3,0,20,25
DESAT18_1;FAE224,0,1,23,24
DESAT18_1;FAE240,3,0,20,25
DESAT18_1;FAE260,3,0,20,25
DESAT18_1;G6PDH1rer,0,1,23,24
DESAT18_1;G6PDH2rer,0,2,23,23
DESAT18_1;G6PPer,0,1,23,24
DESAT18_1;G6Pter,0,2,23,23
DESAT18_1;GLCter,0,1,23,24
DESAT18_1;HACD200,3,0,20,25
DESAT18_1;HACD220,3,0,20,25
DESAT18_1;HACD224,0,1,23,24
DESAT18_1;HACD240,3,0,20,25
DESAT18_1;HACD260,3,0,20,25
DESAT18_1;HEXCCOAtr,3,0,20,25
DESAT18_1;HSD200,3,0,20,25
DESAT18_1;HSD220,3,0,20,25
DESAT18_1;HSD224,0,1,23,24
DESAT18_1;HSD240,3,0,20,25
DESAT18_1;HSD260,3,0,20,25
DESAT18_1;Htr,0,6,23,19
DESAT18_1;NADPHtru,1,0,22,25
DESAT18_1;NADPHtxu,0,1,23,24
DESAT18_1;NADPtru,1,0,22,25
DESAT18_1;NADPtxu,0,1,23,24
DESAT18_1;PIt8,0,1,23,24
DESAT18_1;PPIPItr,0,1,23,24
DESAT18_1;PPItr,0,1,23,24
DESAT18_1;RTOT5,3,0,20,25
DESAT18_1;TECR200,3,0,20,25
DESAT18_1;TECR220,3,0,20,25
DESAT18_1;TECR224,0,1,23,24
DESAT18_1;TECR240,3,0,20,25
DESAT18_1;TECR260,3,0,20,25
DESAT22_1p;ESTRADIOLtr,0,1,23,24
DESAT22_1p;ESTRONEtr,0,1,23,24
DESAT22_1p;FAE180,0,1,23,24
DESAT22_1p;FAE201,0,1,23,24
DESAT22_1p;FAE221,0,1,23,24
DESAT22_1p;FAE241,0,1,23,24
DESAT22_1p;HACD180,0,1,23,24
DESAT22_1p;HACD201,0,1,23,24
DESAT22_1p;HACD221,0,1,23,24
DESAT22_1p;HACD241,0,1,23,24
DESAT22_1p;HSD17B1,0,1,23,24
DESAT22_1p;HSD17B8r,0,1,23,24
DESAT22_1p;HSD180,0,1,23,24
DESAT22_1p;HSD201,0,1,23,24
DESAT22_1p;HSD221,0,1,23,24
DESAT22_1p;HSD241,0,1,23,24
DESAT22_1p;Htx,0,1,23,24
DESAT22_1p;LDH_L,0,1,23,24
DESAT22_1p;NRVNCCOAtr,0,1,23,24
DESAT22_1p;NRVNCCOAtxc,0,1,23,24
DESAT22_1p;PMTCOAFABP1tc,0,1,23,24
DESAT22_1p;PPA,0,2,23,23
DESAT22_1p;RPI,0,1,23,24
DESAT22_1p;TECR180,0,1,23,24
DESAT22_1p;TECR201,0,1,23,24
DESAT22_1p;TECR221,0,1,23,24
DESAT22_1p;TECR241,0,1,23,24
DESAT22_1p;TPI,0,1,23,24
DHAPA;PIt7,1,0,22,25
DHAPA;PIt9,0,1,23,24
DHAPA;PPCOAtm,1,0,22,25
DHCHOLOR2;ENO,0,1,23,24
DHCHOLOR2;GAPD,0,1,23,24
DHCHOLOR2;PGK,0,1,23,24
DHCHOLOR2;PGM,0,1,23,24
DHDPBMTm;DHFR,1,0,22,25
DHDPBMTm;DHFRx,1,0,22,25
DHDPBMTm;DHFtm,1,0,22,25
DHDPBMTm;GF6PTA,0,1,23,24
DHDPBMTm;GLUt2m,0,1,23,24
DHDPBMTm;H2O2t,1,0,22,25
DHDPBMTm;HSD3B11,1,0,22,25
DHDPBMTm;ICITACONtm,0,1,23,24
DHDPBMTm;MTHFC,0,1,23,24
DHDPBMTm;MTHFD,0,1,23,24
DHDPBMTm;P45011A1m,1,0,22,25
DHDPBMTm;PE_HStm,2,0,21,25
DHDPBMTm;PRGNLONEtm,1,0,22,25
DHDPBMTm;PRGSTRNt,1,0,22,25
DHDPBMTm;PSDm_hs,2,0,21,25
DHDPBMTm;PSFLIPm,2,0,21,25
DHDPBMTm;THFtm,1,0,22,25
DHDPBMTm;THRA,1,0,22,25
DHDPBMTm;UAGDP,0,1,23,24
DHFR3m;DHFR3x,0,1,23,24
DHFR3m;Htm,1,1,22,24
DHFR3m;NADH2_u10m,3,1,20,24
DHFR3m;O2tm,1,0,22,25
DHFR3m;PIt2m_2,0,1,23,24
DHFR3m;PYK,0,1,23,24
DHFR3m;THFtm,0,1,23,24
DHFR3x;DHFRm,0,1,23,24
DHFR3x;FOLt2,1,0,22,25
DHFR3x;FOLtm,0,1,23,24
DHFR3x;Htm,1,1,22,24
DHFR3x;NADH2_u10m,3,1,20,24
DHFR3x;O2tm,1,0,22,25
DHFR3x;PIt2m_2,0,1,23,24
DHFR3x;PYK,0,1,23,24
DHFR3x;THFt2,1,0,22,25
DHFR3x;THFtm,0,2,23,23
DHFR;DHFR3m,5,9,18,16
DHFR;DHFR3x,6,9,17,16
DHFR;DHFRm,6,12,17,13
DHFR;DHFRx,9,0,14,25
DHFR;DHFtm,10,3,13,22
DHFR;DPHMBDCm,1,0,22,25
DHFR;DPPS,1,0,22,25
DHFR;ETHP,1,0,22,25
DHFR;FE2tm,3,0,20,25
DHFR;FE3tm,3,0,20,25
DHFR;FECR,3,0,20,25
DHFR;FOLR2,1,0,22,25
DHFR;FOLt2,2,0,21,25
DHFR;FOLtm,5,9,18,16
DHFR;FRDPtc,1,0,22,25
DHFR;FTMTm,3,0,20,25
DHFR;G6PDH1rer,1,0,22,25
DHFR;G6PDH2rer,1,0,22,25
DHFR;GLUDxm,0,1,23,24
DHFR;GLUDym,1,1,22,24
DHFR;GLUt2m,1,0,22,25
DHFR;GLYt2r,1,0,22,25
DHFR;H2Ot,1,0,22,25
DHFR;HBZOPT10m,1,0,22,25
DHFR;HCO3Em,2,0,21,25
DHFR;HCO3tm,1,0,22,25
DHFR;HMGCOAtx,0,1,23,24
DHFR;HMGLx,0,1,23,24
DHFR;HTDH,1,0,22,25
DHFR;Htm,2,1,21,24
DHFR;ICDHyrm,1,0,22,25
DHFR;IMAGH,1,0,22,25
DHFR;ITCOALm,0,1,23,24
DHFR;L_LACt2r,0,1,23,24
DHFR;NACDe,1,0,22,25
DHFR;NACPRT,1,0,22,25
DHFR;NADH2_u10m,5,1,18,24
DHFR;NAt3_1,0,1,23,24
DHFR;NAtm,1,0,22,25
DHFR;NCAMDe,1,0,22,25
DHFR;NMNDA,1,0,22,25
DHFR;NMNS,1,0,22,25
DHFR;O2tm,2,0,21,25
DHFR;PEMET1,1,0,22,25
DHFR;PEMET2,1,0,22,25
DHFR;PGI,0,1,23,24
DHFR;PIATPLtm,1,0,22,25
DHFR;PIt2m_2,0,1,23,24
DHFR;PPAm,0,1,23,24
DHFR;PSSA2_hs,1,0,22,25
DHFR;PYK,0,1,23,24
DHFR;Q10H2e,1,0,22,25
DHFR;T4HCINNMFM,1,0,22,25
DHFR;TAURCHAe,1,0,22,25
DHFR;THFt2,2,0,21,25
DHFR;THFtm,15,11,8,14
DHFR;TYRTAm,1,0,22,25
DHFR;TYRtl,1,0,22,25
DHFR;q10h2tc,1,0,22,25
DHFRm;GLUDxm,0,1,23,24
DHFRm;GLUDym,0,1,23,24
DHFRm;HMGCOAtx,0,1,23,24
DHFRm;HMGLx,0,1,23,24
DHFRm;Htm,1,1,22,24
DHFRm;ICDHyrm,1,0,22,25
DHFRm;ITCOALm,0,1,23,24
DHFRm;NADH2_u10m,3,1,20,24
DHFRm;NAt3_1,0,1,23,24
DHFRm;O2tm,1,0,22,25
DHFRm;PGI,0,1,23,24
DHFRm;PIt2m_2,0,1,23,24
DHFRm;PPAm,0,1,23,24
DHFRm;PYK,0,1,23,24
DHFRm;THFtm,0,1,23,24
DHFRx;DPHMBDCm,1,0,22,25
DHFRx;DPPS,1,0,22,25
DHFRx;ETHP,1,0,22,25
DHFRx;FE2tm,3,0,20,25
DHFRx;FE3tm,3,0,20,25
DHFRx;FECR,3,0,20,25
DHFRx;FRDPtc,1,0,22,25
DHFRx;FTMTm,3,0,20,25
DHFRx;GLUt2m,1,0,22,25
DHFRx;GLYt2r,1,0,22,25
DHFRx;H2Ot,1,0,22,25
DHFRx;HBZOPT10m,1,0,22,25
DHFRx;HCO3Em,2,0,21,25
DHFRx;HCO3tm,1,0,22,25
DHFRx;HTDH,1,0,22,25
DHFRx;Htm,1,0,22,25
DHFRx;IMAGH,1,0,22,25
DHFRx;NACDe,1,0,22,25
DHFRx;NACPRT,1,0,22,25
DHFRx;NADH2_u10m,2,0,21,25
DHFRx;NAtm,1,0,22,25
DHFRx;NCAMDe,1,0,22,25
DHFRx;NMNDA,1,0,22,25
DHFRx;NMNS,1,0,22,25
DHFRx;O2tm,1,0,22,25
DHFRx;PEMET1,1,0,22,25
DHFRx;PEMET2,1,0,22,25
DHFRx;PIATPLtm,1,0,22,25
DHFRx;PIGTHRDLtm,1,0,22,25
DHFRx;PSSA2_hs,1,0,22,25
DHFRx;Q10H2e,1,0,22,25
DHFRx;T4HCINNMFM,1,0,22,25
DHFRx;TAURCHAe,1,0,22,25
DHFRx;TYRTAm,1,0,22,25
DHFRx;TYRtl,1,0,22,25
DHFRx;q10h2tc,1,0,22,25
DHFtm;DPHMBDCm,1,0,22,25
DHFtm;DPPS,1,0,22,25
DHFtm;ETHP,1,0,22,25
DHFtm;FE2tm,3,0,20,25
DHFtm;FE3tm,3,0,20,25
DHFtm;FECR,3,0,20,25
DHFtm;FRDPtc,1,0,22,25
DHFtm;FTMTm,3,0,20,25
DHFtm;GLUDxm,0,1,23,24
DHFtm;GLUDym,0,1,23,24
DHFtm;GLUt2m,1,0,22,25
DHFtm;GLYt2r,1,0,22,25
DHFtm;H2Ot,1,0,22,25
DHFtm;HBZOPT10m,1,0,22,25
DHFtm;HCO3Em,2,0,21,25
DHFtm;HCO3tm,1,0,22,25
DHFtm;HMGCOAtx,0,1,23,24
DHFtm;HMGLx,0,1,23,24
DHFtm;HTDH,1,0,22,25
DHFtm;Htm,1,0,22,25
DHFtm;ICDHyrm,1,0,22,25
DHFtm;IMAGH,1,0,22,25
DHFtm;ITCOALm,0,1,23,24
DHFtm;NACDe,1,0,22,25
DHFtm;NACPRT,1,0,22,25
DHFtm;NADH2_u10m,2,0,21,25
DHFtm;NAt3_1,0,1,23,24
DHFtm;NAtm,1,0,22,25
DHFtm;NCAMDe,1,0,22,25
DHFtm;NMNDA,1,0,22,25
DHFtm;NMNS,1,0,22,25
DHFtm;O2tm,1,0,22,25
DHFtm;PEMET1,1,0,22,25
DHFtm;PEMET2,1,0,22,25
DHFtm;PGI,0,1,23,24
DHFtm;PIATPLtm,1,0,22,25
DHFtm;PIGTHRDLtm,1,0,22,25
DHFtm;PPAm,0,1,23,24
DHFtm;PSSA2_hs,1,0,22,25
DHFtm;Q10H2e,1,0,22,25
DHFtm;T4HCINNMFM,1,0,22,25
DHFtm;TAURCHAe,1,0,22,25
DHFtm;TYRTAm,1,0,22,25
DHFtm;TYRtl,1,0,22,25
DHFtm;q10h2tc,1,0,22,25
DHPR;FBA,0,1,23,24
DHPR;HISDC,1,0,22,25
DHPR;IMAGH,0,1,23,24
DHPR;LDH_L,0,1,23,24
DHPR;L_LACt2r,0,1,23,24
DHPR;MACOXO,1,0,22,25
DHPR;MHISOR,1,0,22,25
DHPR;NOS2,1,0,22,25
DHPR;NWHARGOR,1,0,22,25
DHPR;O2tm,1,0,22,25
DHPR;PFK,0,1,23,24
DHPR;PGI,0,1,23,24
DHPR;SAMHISTA,1,0,22,25
DHPR;SBTR,0,1,23,24
DHPR;SBT_Dtde,0,1,23,24
DHPR;TYRt4,0,1,23,24
DHPRy;IMAGH,0,1,23,24
DHPRy;SBTR,0,1,23,24
DHPRy;SBT_Dtde,0,1,23,24
DHRT_2mbcoa;ARTFR52,2,1,21,24
DHRT_2mbcoa;ARTPLM1,0,1,23,24
DHRT_2mbcoa;DHRT_ivcoa,0,1,23,24
DHRT_2mbcoa;FAE200,2,1,21,24
DHRT_2mbcoa;FAE220,2,1,21,24
DHRT_2mbcoa;FAE240,2,1,21,24
DHRT_2mbcoa;FAE260,2,1,21,24
DHRT_2mbcoa;FBA,1,0,22,25
DHRT_2mbcoa;G3PD2m,1,0,22,25
DHRT_2mbcoa;G6PDH1rer,1,0,22,25
DHRT_2mbcoa;G6PDH2rer,1,0,22,25
DHRT_2mbcoa;H2Oter,1,0,22,25
DHRT_2mbcoa;HACD200,2,1,21,24
DHRT_2mbcoa;HACD220,2,1,21,24
DHRT_2mbcoa;HACD240,2,1,21,24
DHRT_2mbcoa;HACD260,2,1,21,24
DHRT_2mbcoa;HCO3Em,0,1,23,24
DHRT_2mbcoa;HEXCCOAtr,2,1,21,24
DHRT_2mbcoa;HSD200,2,1,21,24
DHRT_2mbcoa;HSD220,2,1,21,24
DHRT_2mbcoa;HSD240,2,1,21,24
DHRT_2mbcoa;HSD260,2,1,21,24
DHRT_2mbcoa;LEUTAm,0,1,23,24
DHRT_2mbcoa;LEUt5m,0,1,23,24
DHRT_2mbcoa;MCCCm,0,1,23,24
DHRT_2mbcoa;MGCHrm,0,1,23,24
DHRT_2mbcoa;MOD_3mhop,0,1,23,24
DHRT_2mbcoa;PFK2,1,0,22,25
DHRT_2mbcoa;PGI,1,0,22,25
DHRT_2mbcoa;PVD3,0,1,23,24
DHRT_2mbcoa;RTOT5,2,1,21,24
DHRT_2mbcoa;TECR200,2,1,21,24
DHRT_2mbcoa;TECR220,2,1,21,24
DHRT_2mbcoa;TECR240,2,1,21,24
DHRT_2mbcoa;TECR260,2,1,21,24
DHRT_2mbcoa;VD3,0,1,23,24
DHRT_ivcoa;ECOAH1m,3,0,20,25
DHRT_ivcoa;ECOAH9m,0,1,23,24
DHRT_ivcoa;GLUt2m,0,1,23,24
DHRT_ivcoa;GTPGDPtm,1,0,22,25
DHRT_ivcoa;H2Ot,1,0,22,25
DHRT_ivcoa;HACD1m,3,0,20,25
DHRT_ivcoa;HACD9m,0,1,23,24
DHRT_ivcoa;HCO3_NAt,0,1,23,24
DHRT_ivcoa;HMGCOASim,3,1,20,24
DHRT_ivcoa;HMGCOAtx,0,1,23,24
DHRT_ivcoa;HMGLx,0,1,23,24
DHRT_ivcoa;Htm,1,0,22,25
DHRT_ivcoa;ICDHyrm,0,1,23,24
DHRT_ivcoa;ILETAm,0,1,23,24
DHRT_ivcoa;ILEt5m,0,1,23,24
DHRT_ivcoa;ITCOALm,0,1,23,24
DHRT_ivcoa;OXALSUCCCLm,0,1,23,24
DHRT_ivcoa;PPAm,0,1,23,24
DHRT_ivcoa;PPIOGLYc,0,1,23,24
DHRT_ivcoa;PPIOGLYte,0,1,23,24
DHRT_ivcoa;PPIOGLYtm,0,1,23,24
DHRT_ivcoa;PPItm,1,0,22,25
DHRT_ivcoa;PROAKGOX1m,1,0,22,25
DHRT_ivcoa;PROGLUtm,1,0,22,25
DHRT_ivcoa;PROtm,1,0,22,25
DHRT_ivcoa;SUCOAS1m,1,0,22,25
DHRT_ivcoa;THRA,0,1,23,24
DLD;ARTFR52,2,0,21,25
DLD;ECOAH1m,3,0,20,25
DLD;FAE200,2,0,21,25
DLD;FAE220,2,0,21,25
DLD;FAE240,2,0,21,25
DLD;FAE260,2,0,21,25
DLD;G6PDH1rer,1,0,22,25
DLD;G6PDH2rer,1,0,22,25
DLD;GLUt2m,0,1,23,24
DLD;GLYt2r,2,0,21,25
DLD;GTPGDPtm,1,0,22,25
DLD;H2Ot,1,0,22,25
DLD;H2Oter,1,0,22,25
DLD;HACD1m,3,0,20,25
DLD;HACD200,2,0,21,25
DLD;HACD220,2,0,21,25
DLD;HACD240,2,0,21,25
DLD;HACD260,2,0,21,25
DLD;HCO3_NAt,0,1,23,24
DLD;HEXCCOAtr,2,0,21,25
DLD;HMGCOASim,3,0,20,25
DLD;HMGCOAtx,0,1,23,24
DLD;HMGLx,0,1,23,24
DLD;HSD200,2,0,21,25
DLD;HSD220,2,0,21,25
DLD;HSD240,2,0,21,25
DLD;HSD260,2,0,21,25
DLD;Htm,1,0,22,25
DLD;ICDHyrm,0,1,23,24
DLD;ITCOALm,0,2,23,23
DLD;LDH_L,0,1,23,24
DLD;OXALSUCCCLm,0,1,23,24
DLD;PPAm,0,1,23,24
DLD;PPItm,1,0,22,25
DLD;PROAKGOX1m,1,0,22,25
DLD;PROGLUtm,1,0,22,25
DLD;PROtm,1,0,22,25
DLD;PYRtm,0,1,23,24
DLD;RTOT5,2,0,21,25
DLD;SUCOAS1m,1,0,22,25
DLD;TECR200,2,0,21,25
DLD;TECR220,2,0,21,25
DLD;TECR240,2,0,21,25
DLD;TECR260,2,0,21,25
DLD;THRA,0,1,23,24
DLD;TPI,0,1,23,24
DNDPt1m;NADH2_u10m,0,1,23,24
DNDPt42m;NADH2_u10m,0,1,23,24
DOCO13ACtr;G6PPer,0,1,23,24
DOCO13ACtr;G6Pter,1,0,22,25
DOCO13ACtr;GALGLUSIDEtg,1,0,22,25
DOCO13ACtr;GALGLUSIDEtr,1,0,22,25
DOCO13ACtr;GDPFUCtg,1,0,22,25
DOCO13ACtr;GDPtg,1,0,22,25
DOCO13ACtr;GF6PTA,1,0,22,25
DOCO13ACtr;GFUCSx,1,0,22,25
DOCO13ACtr;GLCter,0,1,23,24
DOCO13ACtr;GMAND,1,0,22,25
DOCO13ACtr;GMPtg,1,0,22,25
DOCO13ACtr;H2Otg,1,0,22,25
DOCO13ACtr;Htg,1,0,22,25
DOCO13ACtr;MAN1PT2,1,0,22,25
DOCO13ACtr;MAN6PI,1,0,22,25
DOCO13ACtr;NDP7g,1,0,22,25
DOCO13ACtr;PItg,1,0,22,25
DOCO13ACtr;PMANM,1,0,22,25
DOCO13ACtr;UAGDP,1,0,22,25
DOCO13ACtr;UDPG4E,1,0,22,25
DOCO13ACtr;UDPGALt2r,1,0,22,25
DOCO13ACtr;UDPGALtg,1,0,22,25
DOCO13ACtr;UDPGGPGTr,1,0,22,25
DOCO13ACtr;UGCGc,1,0,22,25
DOCO13ACtr;UGLCNACtg,1,0,22,25
DOCO13ACtr;UMPtr,1,0,22,25
DOCOSECOAtr;G6PPer,0,1,23,24
DOCOSECOAtr;G6Pter,1,0,22,25
DOCOSECOAtr;GALGLUSIDEtg,1,0,22,25
DOCOSECOAtr;GALGLUSIDEtr,1,0,22,25
DOCOSECOAtr;GDPFUCtg,1,0,22,25
DOCOSECOAtr;GDPtg,1,0,22,25
DOCOSECOAtr;GF6PTA,1,0,22,25
DOCOSECOAtr;GFUCSx,1,0,22,25
DOCOSECOAtr;GLCter,0,1,23,24
DOCOSECOAtr;GMAND,1,0,22,25
DOCOSECOAtr;GMPtg,1,0,22,25
DOCOSECOAtr;H2Otg,1,0,22,25
DOCOSECOAtr;Htg,1,0,22,25
DOCOSECOAtr;MAN1PT2,1,0,22,25
DOCOSECOAtr;MAN6PI,1,0,22,25
DOCOSECOAtr;NDP7g,1,0,22,25
DOCOSECOAtr;PItg,1,0,22,25
DOCOSECOAtr;PMANM,1,0,22,25
DOCOSECOAtr;UAGDP,1,0,22,25
DOCOSECOAtr;UDPG4E,1,0,22,25
DOCOSECOAtr;UDPGALt2r,1,0,22,25
DOCOSECOAtr;UDPGALtg,1,0,22,25
DOCOSECOAtr;UDPGGPGTr,1,0,22,25
DOCOSECOAtr;UGCGc,1,0,22,25
DOCOSECOAtr;UGLCNACtg,1,0,22,25
DOCOSECOAtr;UMPtr,1,0,22,25
DOLASNTer;DOLPOMTr,0,1,23,24
DOLASNTer;GALGLUSIDEtg,1,1,22,24
DOLASNTer;GALGLUSIDEtr,1,1,22,24
DOLASNTer;GDPFUCtg,1,1,22,24
DOLASNTer;GDPtg,1,1,22,24
DOLASNTer;GFUCSx,1,1,22,24
DOLASNTer;GMAND,1,1,22,24
DOLASNTer;GMPtg,1,1,22,24
DOLASNTer;GPDDA1,0,1,23,24
DOLASNTer;H2Oter,1,0,22,25
DOLASNTer;Htr,1,1,22,24
DOLASNTer;LARGEg,0,1,23,24
DOLASNTer;LPASE,0,1,23,24
DOLASNTer;NDP7er,1,2,22,23
DOLASNTer;PCOREM3terg,0,1,23,24
DOLASNTer;PGAM1_PhosHydro,1,0,22,25
DOLASNTer;PGI,0,1,23,24
DOLASNTer;POCDPRBTLT2g,0,1,23,24
DOLASNTer;POCDPRBTLTg,0,1,23,24
DOLASNTer;POGLCNACTg,0,1,23,24
DOLASNTer;POMGNGALNTr,0,1,23,24
DOLASNTer;POMGNTr,0,1,23,24
DOLASNTer;POMKr,0,1,23,24
DOLASNTer;POXYLTg,0,1,23,24
DOLASNTer;RBT5PCYTr,0,1,23,24
DOLASNTer;RBT5PDH,0,1,23,24
DOLASNTer;R_group_phosphotase_1,0,1,23,24
DOLASNTer;TXA2tr,0,1,23,24
DOLASNTer;TXB2c,0,1,23,24
DOLASNTer;TXB2r,0,1,23,24
DOLASNTer;TXB2tr,0,1,23,24
DOLASNTer;UACGAMUMPtr,0,1,23,24
DOLASNTer;UAG4E,0,1,23,24
DOLASNTer;UDPG4E,1,1,22,24
DOLASNTer;UDPGALt2r,1,1,22,24
DOLASNTer;UDPGALtg,1,1,22,24
DOLASNTer;UDPGD,0,1,23,24
DOLASNTer;UDPGGPGTr,1,1,22,24
DOLASNTer;UDPGLCAtg,0,1,23,24
DOLASNTer;UDPGLDCg,0,1,23,24
DOLASNTer;UGALNACter,0,1,23,24
DOLASNTer;UGCGc,1,1,22,24
DOLASNTer;UMPtr,1,1,22,24
DOLDPPer;DOLPOMTr,0,1,23,24
DOLDPPer;GALGLUSIDEtg,1,1,22,24
DOLDPPer;GALGLUSIDEtr,1,1,22,24
DOLDPPer;GDPFUCtg,1,1,22,24
DOLDPPer;GDPtg,1,1,22,24
DOLDPPer;GFUCSx,1,1,22,24
DOLDPPer;GMAND,1,1,22,24
DOLDPPer;GMPtg,1,1,22,24
DOLDPPer;GPDDA1,0,1,23,24
DOLDPPer;H2Oter,1,0,22,25
DOLDPPer;Htr,1,1,22,24
DOLDPPer;LARGEg,0,1,23,24
DOLDPPer;LPASE,0,1,23,24
DOLDPPer;NDP7er,1,2,22,23
DOLDPPer;PCOREM3terg,0,1,23,24
DOLDPPer;PGAM1_PhosHydro,1,0,22,25
DOLDPPer;PGI,0,1,23,24
DOLDPPer;POCDPRBTLT2g,0,1,23,24
DOLDPPer;POCDPRBTLTg,0,1,23,24
DOLDPPer;POGLCNACTg,0,1,23,24
DOLDPPer;POMGNGALNTr,0,1,23,24
DOLDPPer;POMGNTr,0,1,23,24
DOLDPPer;POMKr,0,1,23,24
DOLDPPer;POXYLTg,0,1,23,24
DOLDPPer;RBT5PCYTr,0,1,23,24
DOLDPPer;RBT5PDH,0,1,23,24
DOLDPPer;R_group_phosphotase_1,0,1,23,24
DOLDPPer;TXA2tr,0,1,23,24
DOLDPPer;TXB2c,0,1,23,24
DOLDPPer;TXB2r,0,1,23,24
DOLDPPer;TXB2tr,0,1,23,24
DOLDPPer;UACGAMUMPtr,0,1,23,24
DOLDPPer;UAG4E,0,1,23,24
DOLDPPer;UDPG4E,1,1,22,24
DOLDPPer;UDPGALt2r,1,1,22,24
DOLDPPer;UDPGALtg,1,1,22,24
DOLDPPer;UDPGD,0,1,23,24
DOLDPPer;UDPGGPGTr,1,1,22,24
DOLDPPer;UDPGLCAtg,0,1,23,24
DOLDPPer;UDPGLDCg,0,1,23,24
DOLDPPer;UGALNACter,0,1,23,24
DOLDPPer;UGCGc,1,1,22,24
DOLDPPer;UMPtr,1,1,22,24
DOLGLCP_ter;DOLPOMTr,0,1,23,24
DOLGLCP_ter;GALGLUSIDEtg,1,1,22,24
DOLGLCP_ter;GALGLUSIDEtr,1,1,22,24
DOLGLCP_ter;GDPFUCtg,1,1,22,24
DOLGLCP_ter;GDPtg,1,1,22,24
DOLGLCP_ter;GFUCSx,1,1,22,24
DOLGLCP_ter;GMAND,1,1,22,24
DOLGLCP_ter;GMPtg,1,1,22,24
DOLGLCP_ter;GPDDA1,0,1,23,24
DOLGLCP_ter;H2Oter,1,0,22,25
DOLGLCP_ter;Htr,1,1,22,24
DOLGLCP_ter;LARGEg,0,1,23,24
DOLGLCP_ter;LPASE,0,1,23,24
DOLGLCP_ter;NDP7er,1,2,22,23
DOLGLCP_ter;PCOREM3terg,0,1,23,24
DOLGLCP_ter;PGAM1_PhosHydro,1,0,22,25
DOLGLCP_ter;PGI,0,1,23,24
DOLGLCP_ter;POCDPRBTLT2g,0,1,23,24
DOLGLCP_ter;POCDPRBTLTg,0,1,23,24
DOLGLCP_ter;POGLCNACTg,0,1,23,24
DOLGLCP_ter;POMGNGALNTr,0,1,23,24
DOLGLCP_ter;POMGNTr,0,1,23,24
DOLGLCP_ter;POMKr,0,1,23,24
DOLGLCP_ter;POXYLTg,0,1,23,24
DOLGLCP_ter;RBT5PCYTr,0,1,23,24
DOLGLCP_ter;RBT5PDH,0,1,23,24
DOLGLCP_ter;R_group_phosphotase_1,0,1,23,24
DOLGLCP_ter;TXA2tr,0,1,23,24
DOLGLCP_ter;TXB2c,0,1,23,24
DOLGLCP_ter;TXB2r,0,1,23,24
DOLGLCP_ter;TXB2tr,0,1,23,24
DOLGLCP_ter;UACGAMUMPtr,0,1,23,24
DOLGLCP_ter;UAG4E,0,1,23,24
DOLGLCP_ter;UDPG4E,1,1,22,24
DOLGLCP_ter;UDPGALt2r,1,1,22,24
DOLGLCP_ter;UDPGALtg,1,1,22,24
DOLGLCP_ter;UDPGD,0,1,23,24
DOLGLCP_ter;UDPGGPGTr,1,1,22,24
DOLGLCP_ter;UDPGLCAtg,0,1,23,24
DOLGLCP_ter;UDPGLDCg,0,1,23,24
DOLGLCP_ter;UGALNACter,0,1,23,24
DOLGLCP_ter;UGCGc,1,1,22,24
DOLGLCP_ter;UMPtr,1,1,22,24
DOLMANP_ter;FACOAL204,1,0,22,25
DOLMANP_ter;GALGLUSIDEtg,1,1,22,24
DOLMANP_ter;GALGLUSIDEtr,1,1,22,24
DOLMANP_ter;GDPFUCtg,1,1,22,24
DOLMANP_ter;GDPtg,1,1,22,24
DOLMANP_ter;GFUCSx,1,1,22,24
DOLMANP_ter;GLUt6,0,1,23,24
DOLMANP_ter;GMAND,1,1,22,24
DOLMANP_ter;GMPtg,1,1,22,24
DOLMANP_ter;GPDDA1,0,1,23,24
DOLMANP_ter;H2Oter,1,1,22,24
DOLMANP_ter;Htr,1,1,22,24
DOLMANP_ter;LPASE,0,1,23,24
DOLMANP_ter;NADPHtru,0,1,23,24
DOLMANP_ter;NADPtru,0,1,23,24
DOLMANP_ter;NDP7er,1,1,22,24
DOLMANP_ter;PGAM1_PhosHydro,1,0,22,25
DOLMANP_ter;PGI,0,2,23,23
DOLMANP_ter;PIt9,1,0,22,25
DOLMANP_ter;PPAer,0,1,23,24
DOLMANP_ter;PPIPItr,0,1,23,24
DOLMANP_ter;RPI,0,1,23,24
DOLMANP_ter;R_group_phosphotase_1,0,1,23,24
DOLMANP_ter;SE10,1,0,22,25
DOLMANP_ter;SOAT6,1,0,22,25
DOLMANP_ter;TXA2tr,0,1,23,24
DOLMANP_ter;TXB2c,0,1,23,24
DOLMANP_ter;TXB2r,0,1,23,24
DOLMANP_ter;TXB2tr,0,1,23,24
DOLMANP_ter;UDPG4E,1,1,22,24
DOLMANP_ter;UDPGALt2r,1,1,22,24
DOLMANP_ter;UDPGALtg,1,1,22,24
DOLMANP_ter;UDPGGPGTr,1,1,22,24
DOLMANP_ter;UGCGc,1,1,22,24
DOLMANP_ter;UMPtr,1,1,22,24
DOLPGT1er;DOLPOMTr,0,1,23,24
DOLPGT1er;GALGLUSIDEtg,1,1,22,24
DOLPGT1er;GALGLUSIDEtr,1,1,22,24
DOLPGT1er;GDPFUCtg,1,1,22,24
DOLPGT1er;GDPtg,1,1,22,24
DOLPGT1er;GFUCSx,1,1,22,24
DOLPGT1er;GMAND,1,1,22,24
DOLPGT1er;GMPtg,1,1,22,24
DOLPGT1er;GPDDA1,0,1,23,24
DOLPGT1er;H2Oter,1,0,22,25
DOLPGT1er;Htr,1,1,22,24
DOLPGT1er;LARGEg,0,1,23,24
DOLPGT1er;LPASE,0,1,23,24
DOLPGT1er;NDP7er,1,2,22,23
DOLPGT1er;PCOREM3terg,0,1,23,24
DOLPGT1er;PGAM1_PhosHydro,1,0,22,25
DOLPGT1er;PGI,0,1,23,24
DOLPGT1er;POCDPRBTLT2g,0,1,23,24
DOLPGT1er;POCDPRBTLTg,0,1,23,24
DOLPGT1er;POGLCNACTg,0,1,23,24
DOLPGT1er;POMGNGALNTr,0,1,23,24
DOLPGT1er;POMGNTr,0,1,23,24
DOLPGT1er;POMKr,0,1,23,24
DOLPGT1er;POXYLTg,0,1,23,24
DOLPGT1er;RBT5PCYTr,0,1,23,24
DOLPGT1er;RBT5PDH,0,1,23,24
DOLPGT1er;R_group_phosphotase_1,0,1,23,24
DOLPGT1er;TXA2tr,0,1,23,24
DOLPGT1er;TXB2c,0,1,23,24
DOLPGT1er;TXB2r,0,1,23,24
DOLPGT1er;TXB2tr,0,1,23,24
DOLPGT1er;UACGAMUMPtr,0,1,23,24
DOLPGT1er;UAG4E,0,1,23,24
DOLPGT1er;UDPG4E,1,1,22,24
DOLPGT1er;UDPGALt2r,1,1,22,24
DOLPGT1er;UDPGALtg,1,1,22,24
DOLPGT1er;UDPGD,0,1,23,24
DOLPGT1er;UDPGGPGTr,1,1,22,24
DOLPGT1er;UDPGLCAtg,0,1,23,24
DOLPGT1er;UDPGLDCg,0,1,23,24
DOLPGT1er;UGALNACter,0,1,23,24
DOLPGT1er;UGCGc,1,1,22,24
DOLPGT1er;UMPtr,1,1,22,24
DOLPGT2er;DOLPOMTr,0,1,23,24
DOLPGT2er;GALGLUSIDEtg,1,1,22,24
DOLPGT2er;GALGLUSIDEtr,1,1,22,24
DOLPGT2er;GDPFUCtg,1,1,22,24
DOLPGT2er;GDPtg,1,1,22,24
DOLPGT2er;GFUCSx,1,1,22,24
DOLPGT2er;GMAND,1,1,22,24
DOLPGT2er;GMPtg,1,1,22,24
DOLPGT2er;GPDDA1,0,1,23,24
DOLPGT2er;H2Oter,1,0,22,25
DOLPGT2er;Htr,1,1,22,24
DOLPGT2er;LARGEg,0,1,23,24
DOLPGT2er;LPASE,0,1,23,24
DOLPGT2er;NDP7er,1,2,22,23
DOLPGT2er;PCOREM3terg,0,1,23,24
DOLPGT2er;PGAM1_PhosHydro,1,0,22,25
DOLPGT2er;PGI,0,1,23,24
DOLPGT2er;POCDPRBTLT2g,0,1,23,24
DOLPGT2er;POCDPRBTLTg,0,1,23,24
DOLPGT2er;POGLCNACTg,0,1,23,24
DOLPGT2er;POMGNGALNTr,0,1,23,24
DOLPGT2er;POMGNTr,0,1,23,24
DOLPGT2er;POMKr,0,1,23,24
DOLPGT2er;POXYLTg,0,1,23,24
DOLPGT2er;RBT5PCYTr,0,1,23,24
DOLPGT2er;RBT5PDH,0,1,23,24
DOLPGT2er;R_group_phosphotase_1,0,1,23,24
DOLPGT2er;TXA2tr,0,1,23,24
DOLPGT2er;TXB2c,0,1,23,24
DOLPGT2er;TXB2r,0,1,23,24
DOLPGT2er;TXB2tr,0,1,23,24
DOLPGT2er;UACGAMUMPtr,0,1,23,24
DOLPGT2er;UAG4E,0,1,23,24
DOLPGT2er;UDPG4E,1,1,22,24
DOLPGT2er;UDPGALt2r,1,1,22,24
DOLPGT2er;UDPGALtg,1,1,22,24
DOLPGT2er;UDPGD,0,1,23,24
DOLPGT2er;UDPGGPGTr,1,1,22,24
DOLPGT2er;UDPGLCAtg,0,1,23,24
DOLPGT2er;UDPGLDCg,0,1,23,24
DOLPGT2er;UGALNACter,0,1,23,24
DOLPGT2er;UGCGc,1,1,22,24
DOLPGT2er;UMPtr,1,1,22,24
DOLPGT3er;DOLPOMTr,0,1,23,24
DOLPGT3er;GALGLUSIDEtg,1,1,22,24
DOLPGT3er;GALGLUSIDEtr,1,1,22,24
DOLPGT3er;GDPFUCtg,1,1,22,24
DOLPGT3er;GDPtg,1,1,22,24
DOLPGT3er;GFUCSx,1,1,22,24
DOLPGT3er;GMAND,1,1,22,24
DOLPGT3er;GMPtg,1,1,22,24
DOLPGT3er;GPDDA1,0,1,23,24
DOLPGT3er;H2Oter,1,0,22,25
DOLPGT3er;Htr,1,1,22,24
DOLPGT3er;LARGEg,0,1,23,24
DOLPGT3er;LPASE,0,1,23,24
DOLPGT3er;NDP7er,1,2,22,23
DOLPGT3er;PCOREM3terg,0,1,23,24
DOLPGT3er;PGAM1_PhosHydro,1,0,22,25
DOLPGT3er;PGI,0,1,23,24
DOLPGT3er;POCDPRBTLT2g,0,1,23,24
DOLPGT3er;POCDPRBTLTg,0,1,23,24
DOLPGT3er;POGLCNACTg,0,1,23,24
DOLPGT3er;POMGNGALNTr,0,1,23,24
DOLPGT3er;POMGNTr,0,1,23,24
DOLPGT3er;POMKr,0,1,23,24
DOLPGT3er;POXYLTg,0,1,23,24
DOLPGT3er;RBT5PCYTr,0,1,23,24
DOLPGT3er;RBT5PDH,0,1,23,24
DOLPGT3er;R_group_phosphotase_1,0,1,23,24
DOLPGT3er;TXA2tr,0,1,23,24
DOLPGT3er;TXB2c,0,1,23,24
DOLPGT3er;TXB2r,0,1,23,24
DOLPGT3er;TXB2tr,0,1,23,24
DOLPGT3er;UACGAMUMPtr,0,1,23,24
DOLPGT3er;UAG4E,0,1,23,24
DOLPGT3er;UDPG4E,1,1,22,24
DOLPGT3er;UDPGALt2r,1,1,22,24
DOLPGT3er;UDPGALtg,1,1,22,24
DOLPGT3er;UDPGD,0,1,23,24
DOLPGT3er;UDPGGPGTr,1,1,22,24
DOLPGT3er;UDPGLCAtg,0,1,23,24
DOLPGT3er;UDPGLDCg,0,1,23,24
DOLPGT3er;UGALNACter,0,1,23,24
DOLPGT3er;UGCGc,1,1,22,24
DOLPGT3er;UMPtr,1,1,22,24
DOLPMT1er;DOLPOMTr,0,1,23,24
DOLPMT1er;GALGLUSIDEtg,1,1,22,24
DOLPMT1er;GALGLUSIDEtr,1,1,22,24
DOLPMT1er;GDPFUCtg,1,1,22,24
DOLPMT1er;GDPtg,1,1,22,24
DOLPMT1er;GFUCSx,1,1,22,24
DOLPMT1er;GMAND,1,1,22,24
DOLPMT1er;GMPtg,1,1,22,24
DOLPMT1er;GPDDA1,0,1,23,24
DOLPMT1er;H2Oter,1,0,22,25
DOLPMT1er;Htr,1,1,22,24
DOLPMT1er;LARGEg,0,1,23,24
DOLPMT1er;LPASE,0,1,23,24
DOLPMT1er;NDP7er,1,2,22,23
DOLPMT1er;PCOREM3terg,0,1,23,24
DOLPMT1er;PGAM1_PhosHydro,1,0,22,25
DOLPMT1er;PGI,0,1,23,24
DOLPMT1er;POCDPRBTLT2g,0,1,23,24
DOLPMT1er;POCDPRBTLTg,0,1,23,24
DOLPMT1er;POGLCNACTg,0,1,23,24
DOLPMT1er;POMGNGALNTr,0,1,23,24
DOLPMT1er;POMGNTr,0,1,23,24
DOLPMT1er;POMKr,0,1,23,24
DOLPMT1er;POXYLTg,0,1,23,24
DOLPMT1er;RBT5PCYTr,0,1,23,24
DOLPMT1er;RBT5PDH,0,1,23,24
DOLPMT1er;R_group_phosphotase_1,0,1,23,24
DOLPMT1er;TXA2tr,0,1,23,24
DOLPMT1er;TXB2c,0,1,23,24
DOLPMT1er;TXB2r,0,1,23,24
DOLPMT1er;TXB2tr,0,1,23,24
DOLPMT1er;UACGAMUMPtr,0,1,23,24
DOLPMT1er;UAG4E,0,1,23,24
DOLPMT1er;UDPG4E,1,1,22,24
DOLPMT1er;UDPGALt2r,1,1,22,24
DOLPMT1er;UDPGALtg,1,1,22,24
DOLPMT1er;UDPGD,0,1,23,24
DOLPMT1er;UDPGGPGTr,1,1,22,24
DOLPMT1er;UDPGLCAtg,0,1,23,24
DOLPMT1er;UDPGLDCg,0,1,23,24
DOLPMT1er;UGALNACter,0,1,23,24
DOLPMT1er;UGCGc,1,1,22,24
DOLPMT1er;UMPtr,1,1,22,24
DOLPMT2_er;DOLPOMTr,0,1,23,24
DOLPMT2_er;GALGLUSIDEtg,1,1,22,24
DOLPMT2_er;GALGLUSIDEtr,1,1,22,24
DOLPMT2_er;GDPFUCtg,1,1,22,24
DOLPMT2_er;GDPtg,1,1,22,24
DOLPMT2_er;GFUCSx,1,1,22,24
DOLPMT2_er;GMAND,1,1,22,24
DOLPMT2_er;GMPtg,1,1,22,24
DOLPMT2_er;GPDDA1,0,1,23,24
DOLPMT2_er;H2Oter,1,0,22,25
DOLPMT2_er;Htr,1,1,22,24
DOLPMT2_er;LARGEg,0,1,23,24
DOLPMT2_er;LPASE,0,1,23,24
DOLPMT2_er;NDP7er,1,2,22,23
DOLPMT2_er;PCOREM3terg,0,1,23,24
DOLPMT2_er;PGAM1_PhosHydro,1,0,22,25
DOLPMT2_er;PGI,0,1,23,24
DOLPMT2_er;POCDPRBTLT2g,0,1,23,24
DOLPMT2_er;POCDPRBTLTg,0,1,23,24
DOLPMT2_er;POGLCNACTg,0,1,23,24
DOLPMT2_er;POMGNGALNTr,0,1,23,24
DOLPMT2_er;POMGNTr,0,1,23,24
DOLPMT2_er;POMKr,0,1,23,24
DOLPMT2_er;POXYLTg,0,1,23,24
DOLPMT2_er;RBT5PCYTr,0,1,23,24
DOLPMT2_er;RBT5PDH,0,1,23,24
DOLPMT2_er;R_group_phosphotase_1,0,1,23,24
DOLPMT2_er;TXA2tr,0,1,23,24
DOLPMT2_er;TXB2c,0,1,23,24
DOLPMT2_er;TXB2r,0,1,23,24
DOLPMT2_er;TXB2tr,0,1,23,24
DOLPMT2_er;UACGAMUMPtr,0,1,23,24
DOLPMT2_er;UAG4E,0,1,23,24
DOLPMT2_er;UDPG4E,1,1,22,24
DOLPMT2_er;UDPGALt2r,1,1,22,24
DOLPMT2_er;UDPGALtg,1,1,22,24
DOLPMT2_er;UDPGD,0,1,23,24
DOLPMT2_er;UDPGGPGTr,1,1,22,24
DOLPMT2_er;UDPGLCAtg,0,1,23,24
DOLPMT2_er;UDPGLDCg,0,1,23,24
DOLPMT2_er;UGALNACter,0,1,23,24
DOLPMT2_er;UGCGc,1,1,22,24
DOLPMT2_er;UMPtr,1,1,22,24
DOLPMT3er;DOLPOMTr,0,1,23,24
DOLPMT3er;GALGLUSIDEtg,1,1,22,24
DOLPMT3er;GALGLUSIDEtr,1,1,22,24
DOLPMT3er;GDPFUCtg,1,1,22,24
DOLPMT3er;GDPtg,1,1,22,24
DOLPMT3er;GFUCSx,1,1,22,24
DOLPMT3er;GMAND,1,1,22,24
DOLPMT3er;GMPtg,1,1,22,24
DOLPMT3er;GPDDA1,0,1,23,24
DOLPMT3er;H2Oter,1,0,22,25
DOLPMT3er;Htr,1,1,22,24
DOLPMT3er;LARGEg,0,1,23,24
DOLPMT3er;LPASE,0,1,23,24
DOLPMT3er;NDP7er,1,2,22,23
DOLPMT3er;PCOREM3terg,0,1,23,24
DOLPMT3er;PGAM1_PhosHydro,1,0,22,25
DOLPMT3er;PGI,0,1,23,24
DOLPMT3er;POCDPRBTLT2g,0,1,23,24
DOLPMT3er;POCDPRBTLTg,0,1,23,24
DOLPMT3er;POGLCNACTg,0,1,23,24
DOLPMT3er;POMGNGALNTr,0,1,23,24
DOLPMT3er;POMGNTr,0,1,23,24
DOLPMT3er;POMKr,0,1,23,24
DOLPMT3er;POXYLTg,0,1,23,24
DOLPMT3er;RBT5PCYTr,0,1,23,24
DOLPMT3er;RBT5PDH,0,1,23,24
DOLPMT3er;R_group_phosphotase_1,0,1,23,24
DOLPMT3er;TXA2tr,0,1,23,24
DOLPMT3er;TXB2c,0,1,23,24
DOLPMT3er;TXB2r,0,1,23,24
DOLPMT3er;TXB2tr,0,1,23,24
DOLPMT3er;UACGAMUMPtr,0,1,23,24
DOLPMT3er;UAG4E,0,1,23,24
DOLPMT3er;UDPG4E,1,1,22,24
DOLPMT3er;UDPGALt2r,1,1,22,24
DOLPMT3er;UDPGALtg,1,1,22,24
DOLPMT3er;UDPGD,0,1,23,24
DOLPMT3er;UDPGGPGTr,1,1,22,24
DOLPMT3er;UDPGLCAtg,0,1,23,24
DOLPMT3er;UDPGLDCg,0,1,23,24
DOLPMT3er;UGALNACter,0,1,23,24
DOLPMT3er;UGCGc,1,1,22,24
DOLPMT3er;UMPtr,1,1,22,24
DOLPMT4_er;DOLPOMTr,0,1,23,24
DOLPMT4_er;GALGLUSIDEtg,1,1,22,24
DOLPMT4_er;GALGLUSIDEtr,1,1,22,24
DOLPMT4_er;GDPFUCtg,1,1,22,24
DOLPMT4_er;GDPtg,1,1,22,24
DOLPMT4_er;GFUCSx,1,1,22,24
DOLPMT4_er;GMAND,1,1,22,24
DOLPMT4_er;GMPtg,1,1,22,24
DOLPMT4_er;GPDDA1,0,1,23,24
DOLPMT4_er;H2Oter,1,0,22,25
DOLPMT4_er;Htr,1,1,22,24
DOLPMT4_er;LARGEg,0,1,23,24
DOLPMT4_er;LPASE,0,1,23,24
DOLPMT4_er;NDP7er,1,2,22,23
DOLPMT4_er;PCOREM3terg,0,1,23,24
DOLPMT4_er;PGAM1_PhosHydro,1,0,22,25
DOLPMT4_er;PGI,0,1,23,24
DOLPMT4_er;POCDPRBTLT2g,0,1,23,24
DOLPMT4_er;POCDPRBTLTg,0,1,23,24
DOLPMT4_er;POGLCNACTg,0,1,23,24
DOLPMT4_er;POMGNGALNTr,0,1,23,24
DOLPMT4_er;POMGNTr,0,1,23,24
DOLPMT4_er;POMKr,0,1,23,24
DOLPMT4_er;POXYLTg,0,1,23,24
DOLPMT4_er;RBT5PCYTr,0,1,23,24
DOLPMT4_er;RBT5PDH,0,1,23,24
DOLPMT4_er;R_group_phosphotase_1,0,1,23,24
DOLPMT4_er;TXA2tr,0,1,23,24
DOLPMT4_er;TXB2c,0,1,23,24
DOLPMT4_er;TXB2r,0,1,23,24
DOLPMT4_er;TXB2tr,0,1,23,24
DOLPMT4_er;UACGAMUMPtr,0,1,23,24
DOLPMT4_er;UAG4E,0,1,23,24
DOLPMT4_er;UDPG4E,1,1,22,24
DOLPMT4_er;UDPGALt2r,1,1,22,24
DOLPMT4_er;UDPGALtg,1,1,22,24
DOLPMT4_er;UDPGD,0,1,23,24
DOLPMT4_er;UDPGGPGTr,1,1,22,24
DOLPMT4_er;UDPGLCAtg,0,1,23,24
DOLPMT4_er;UDPGLDCg,0,1,23,24
DOLPMT4_er;UGALNACter,0,1,23,24
DOLPMT4_er;UGCGc,1,1,22,24
DOLPMT4_er;UMPtr,1,1,22,24
DOLPMT;FACOAL204,1,0,22,25
DOLPMT;GALGLUSIDEtg,1,1,22,24
DOLPMT;GALGLUSIDEtr,1,1,22,24
DOLPMT;GDPFUCtg,1,1,22,24
DOLPMT;GDPtg,1,1,22,24
DOLPMT;GFUCSx,1,1,22,24
DOLPMT;GLUt6,0,1,23,24
DOLPMT;GMAND,1,1,22,24
DOLPMT;GMPtg,1,1,22,24
DOLPMT;GPDDA1,0,1,23,24
DOLPMT;H2Oter,1,1,22,24
DOLPMT;Htr,1,1,22,24
DOLPMT;LPASE,0,1,23,24
DOLPMT;NADPHtru,0,1,23,24
DOLPMT;NADPtru,0,1,23,24
DOLPMT;NDP7er,1,1,22,24
DOLPMT;PGAM1_PhosHydro,1,0,22,25
DOLPMT;PGI,0,2,23,23
DOLPMT;PIt9,1,0,22,25
DOLPMT;PPAer,0,1,23,24
DOLPMT;PPIPItr,0,1,23,24
DOLPMT;RPI,0,1,23,24
DOLPMT;R_group_phosphotase_1,0,1,23,24
DOLPMT;SE10,1,0,22,25
DOLPMT;SOAT6,1,0,22,25
DOLPMT;TXA2tr,0,1,23,24
DOLPMT;TXB2c,0,1,23,24
DOLPMT;TXB2r,0,1,23,24
DOLPMT;TXB2tr,0,1,23,24
DOLPMT;UDPG4E,1,1,22,24
DOLPMT;UDPGALt2r,1,1,22,24
DOLPMT;UDPGALtg,1,1,22,24
DOLPMT;UDPGGPGTr,1,1,22,24
DOLPMT;UGCGc,1,1,22,24
DOLPMT;UMPtr,1,1,22,24
DOLPOMTr;FACOAL204,1,0,22,25
DOLPOMTr;G12MT1,0,1,23,24
DOLPOMTr;G12MT2,0,1,23,24
DOLPOMTr;G13MT,0,1,23,24
DOLPOMTr;G16MT,0,1,23,24
DOLPOMTr;GLCNACPT,0,1,23,24
DOLPOMTr;GLCNACT,0,1,23,24
DOLPOMTr;GLCter,0,1,23,24
DOLPOMTr;GLUt6,0,1,23,24
DOLPOMTr;HEX16,0,1,23,24
DOLPOMTr;M13N2Tg,0,1,23,24
DOLPOMTr;M4MPDOL_ter,0,1,23,24
DOLPOMTr;M8MASNterg,0,1,23,24
DOLPOMTr;MANtg,0,1,23,24
DOLPOMTr;MG1er,0,1,23,24
DOLPOMTr;MG2er,0,1,23,24
DOLPOMTr;MG3er,0,1,23,24
DOLPOMTr;MM5ag,0,1,23,24
DOLPOMTr;MM6bg,0,1,23,24
DOLPOMTr;MM7Cag,0,1,23,24
DOLPOMTr;MM8Ag,0,1,23,24
DOLPOMTr;PGI,0,1,23,24
DOLPOMTr;PIt9,1,0,22,25
DOLPOMTr;PPAer,0,1,23,24
DOLPOMTr;PPIPItr,0,1,23,24
DOLPOMTr;RPI,0,1,23,24
DOLPOMTr;SE10,1,0,22,25
DOLPOMTr;SOAT6,1,0,22,25
DOLPOMTr;UDPDOLPT,0,1,23,24
DOLP_ter;FACOAL204,1,0,22,25
DOLP_ter;GALGLUSIDEtg,1,1,22,24
DOLP_ter;GALGLUSIDEtr,1,1,22,24
DOLP_ter;GDPFUCtg,1,1,22,24
DOLP_ter;GDPtg,1,1,22,24
DOLP_ter;GFUCSx,1,1,22,24
DOLP_ter;GLUt6,0,1,23,24
DOLP_ter;GMAND,1,1,22,24
DOLP_ter;GMPtg,1,1,22,24
DOLP_ter;GPDDA1,0,1,23,24
DOLP_ter;H2Oter,1,1,22,24
DOLP_ter;Htr,1,1,22,24
DOLP_ter;LPASE,0,1,23,24
DOLP_ter;NADPHtru,0,1,23,24
DOLP_ter;NADPtru,0,1,23,24
DOLP_ter;NDP7er,1,1,22,24
DOLP_ter;PGAM1_PhosHydro,1,0,22,25
DOLP_ter;PGI,0,2,23,23
DOLP_ter;PIt9,1,0,22,25
DOLP_ter;PPAer,0,1,23,24
DOLP_ter;PPIPItr,0,1,23,24
DOLP_ter;RPI,0,1,23,24
DOLP_ter;R_group_phosphotase_1,0,1,23,24
DOLP_ter;SE10,1,0,22,25
DOLP_ter;SOAT6,1,0,22,25
DOLP_ter;TXA2tr,0,1,23,24
DOLP_ter;TXB2c,0,1,23,24
DOLP_ter;TXB2r,0,1,23,24
DOLP_ter;TXB2tr,0,1,23,24
DOLP_ter;UDPG4E,1,1,22,24
DOLP_ter;UDPGALt2r,1,1,22,24
DOLP_ter;UDPGALtg,1,1,22,24
DOLP_ter;UDPGGPGTr,1,1,22,24
DOLP_ter;UGCGc,1,1,22,24
DOLP_ter;UMPtr,1,1,22,24
DOPABMO;FBA,0,1,23,24
DOPABMO;FE2tm,1,0,22,25
DOPABMO;FE3tm,1,0,22,25
DOPABMO;FECR,1,0,22,25
DOPABMO;FTMTm,1,0,22,25
DOPABMO;HCO3Em,1,0,22,25
DOPABMO;HCO3_NAt,0,1,23,24
DOPABMO;HCO3tm,1,0,22,25
DOPABMO;IMAGH,0,2,23,23
DOPABMO;KCC2t,0,1,23,24
DOPABMO;LYSARGtm,1,0,22,25
DOPABMO;LYSHIStm,1,0,22,25
DOPABMO;O2tm,1,0,22,25
DOPABMO;PFK,0,1,23,24
DOPABMO;PGI,0,1,23,24
DOPABMO;SBTR,0,1,23,24
DOPABMO;SBT_Dtde,0,1,23,24
DOPAOQCYS;H2Ot,0,1,23,24
DOPAOQCYS;THRGLYexR,0,1,23,24
DOPASFt;NKCC2t,1,0,22,25
DOPASULT;NKCC2t,1,0,22,25
DPCOAK;FCYTOB5OXRyr,0,1,23,24
DPGM;GLUt2m,0,1,23,24
DPGM;Htr,0,1,23,24
DPGM;NADPHtru,0,1,23,24
DPGM;NADPtru,0,1,23,24
DPGM;PEPCK,0,1,23,24
DPGM;PGI,0,1,23,24
DPGM;RPE,0,1,23,24
DPGM;TALA,0,1,23,24
DPGM;TKT1,0,1,23,24
DPGM;TKT2,0,1,23,24
DPGM;TPI,0,1,23,24
DPHMBDCm;GF6PTA,0,1,23,24
DPHMBDCm;GLUt2m,0,1,23,24
DPHMBDCm;H2O2t,1,0,22,25
DPHMBDCm;HSD3B11,1,0,22,25
DPHMBDCm;ICITACONtm,0,1,23,24
DPHMBDCm;MTHFC,0,1,23,24
DPHMBDCm;MTHFD,0,1,23,24
DPHMBDCm;P45011A1m,1,0,22,25
DPHMBDCm;PE_HStm,2,0,21,25
DPHMBDCm;PRGNLONEtm,1,0,22,25
DPHMBDCm;PRGSTRNt,1,0,22,25
DPHMBDCm;PSDm_hs,2,0,21,25
DPHMBDCm;PSFLIPm,2,0,21,25
DPHMBDCm;THFtm,1,0,22,25
DPHMBDCm;THRA,1,0,22,25
DPHMBDCm;UAGDP,0,1,23,24
DPPS;GF6PTA,0,1,23,24
DPPS;GLUt2m,0,1,23,24
DPPS;H2O2t,1,0,22,25
DPPS;HSD3B11,1,0,22,25
DPPS;ICITACONtm,0,1,23,24
DPPS;MTHFC,0,1,23,24
DPPS;MTHFD,0,1,23,24
DPPS;P45011A1m,1,0,22,25
DPPS;PE_HStm,2,0,21,25
DPPS;PRGNLONEtm,1,0,22,25
DPPS;PRGSTRNt,1,0,22,25
DPPS;PSDm_hs,2,0,21,25
DPPS;PSFLIPm,2,0,21,25
DPPS;THFtm,1,0,22,25
DPPS;THRA,1,0,22,25
DPPS;UAGDP,0,1,23,24
DRPA;FBA,0,1,23,24
DRPA;FBA3,1,0,22,25
DRPA;GLUDym,1,0,22,25
DRPA;GLYt2r,1,0,22,25
DRPA;HCO3Em,1,0,22,25
DRPA;NADH2_u10m,1,0,22,25
DRPA;NDPK1,0,1,23,24
DRPA;PFK2,0,1,23,24
DRPA;PFK_3,1,0,22,25
DRPA;PGAM1_PhosHydro,1,0,22,25
DRPA;PGI,0,1,23,24
DRPA;RPE,1,1,22,24
DRPA;RU5Ptr,1,0,22,25
DRPA;TALA,0,1,23,24
DRPA;THRA,1,2,22,23
DRPA;TKT1,1,1,22,24
DRPA;TKT2,1,1,22,24
DUMPtm;NADH2_u10m,0,1,23,24
DURIPP;FBA,0,1,23,24
DURIPP;FBA3,1,0,22,25
DURIPP;GLUDym,1,0,22,25
DURIPP;GLYt2r,1,0,22,25
DURIPP;HCO3Em,1,0,22,25
DURIPP;NADH2_u10m,1,0,22,25
DURIPP;PFK2,0,1,23,24
DURIPP;PFK_3,1,0,22,25
DURIPP;PGAM1_PhosHydro,1,0,22,25
DURIPP;PGI,0,1,23,24
DURIPP;RPE,1,1,22,24
DURIPP;RU5Ptr,1,0,22,25
DURIPP;TALA,0,1,23,24
DURIPP;THRA,1,1,22,24
DURIPP;TKT1,1,1,22,24
DURIPP;TKT2,1,1,22,24
DURIt;GF6PTA,0,1,23,24
DURIt;GLUt2m,0,1,23,24
DURIt;UAGDP,0,1,23,24
DUTPDPm;NADH2_u10m,0,1,23,24
ECOAH1m;GLUDxm,1,0,22,25
ECOAH1m;HCO3Em,1,0,22,25
ECOAH1m;LEUTA,1,0,22,25
ECOAH1m;LEUTAm,2,0,21,25
ECOAH1m;LEUt5m,2,0,21,25
ECOAH1m;MCCCm,3,0,20,25
ECOAH1m;MGCHrm,3,0,20,25
ECOAH1m;MOD_3mhop,3,0,20,25
ECOAH1m;NH4tm,1,0,22,25
ECOAH1m;TYROX,1,0,22,25
ECOAH1m;TYRTA,1,0,22,25
ECOAH9m;HCO3Em,0,1,23,24
ECOAH9m;LEUTAm,0,1,23,24
ECOAH9m;LEUt5m,0,1,23,24
ECOAH9m;MCCCm,0,1,23,24
ECOAH9m;MGCHrm,0,1,23,24
ECOAH9m;MOD_3mhop,0,1,23,24
ENGASE2ly;GPDDA1,0,1,23,24
ENGASE2ly;LPASE,0,1,23,24
ENGASE2ly;R_group_phosphotase_1,0,1,23,24
ENO;FBA,0,1,23,24
ENO;FBA3,0,1,23,24
ENO;G6PDH2rer,0,1,23,24
ENO;GCHOLAt,0,1,23,24
ENO;GCHOLAtx,0,1,23,24
ENO;GLUt2e,0,1,23,24
ENO;GLUt2m,0,1,23,24
ENO;GLYtp,0,1,23,24
ENO;H2Oter,0,1,23,24
ENO;Htr,0,1,23,24
ENO;LCADi,0,1,23,24
ENO;LDH_L,0,1,23,24
ENO;MCITS,0,1,23,24
ENO;MDH,1,0,22,25
ENO;MGSA,0,1,23,24
ENO;NADH2_u10m,0,1,23,24
ENO;NADPHtru,0,2,23,23
ENO;NADPtru,0,2,23,23
ENO;NDPK8,0,1,23,24
ENO;O2t,0,1,23,24
ENO;O2tp,0,1,23,24
ENO;P45027A11m,0,1,23,24
ENO;P45027A12m,0,1,23,24
ENO;P45027A13m,0,1,23,24
ENO;P4508B11r,0,1,23,24
ENO;PEPCK,1,1,22,24
ENO;PFK,0,1,23,24
ENO;PFK_3,0,1,23,24
ENO;PGI,0,1,23,24
ENO;PIt8,0,1,23,24
ENO;PRISTANALtx,0,1,23,24
ENO;PRISTtx,0,1,23,24
ENO;RPE,0,2,23,23
ENO;SCPx,0,1,23,24
ENO;TALA,0,1,23,24
ENO;THCHOLSTOICtm,0,1,23,24
ENO;TKT1,0,2,23,23
ENO;TKT2,0,2,23,23
ENO;TPI,7,2,16,23
ENO;VLCSp,0,1,23,24
ENO;XOL25OHOR,0,1,23,24
ENO;XOLDIOLONEt,0,1,23,24
ENO;XOLTRIOLtm,0,1,23,24
ESTRADIOLtr;FAE224,0,1,23,24
ESTRADIOLtr;FCYTOB5OXRr,0,2,23,23
ESTRADIOLtr;HACD224,0,1,23,24
ESTRADIOLtr;HSD224,0,1,23,24
ESTRADIOLtr;Htr,0,1,23,24
ESTRADIOLtr;MALCOAMT,0,1,23,24
ESTRADIOLtr;MALCOAMTr,0,1,23,24
ESTRADIOLtr;NADHtpu,0,1,23,24
ESTRADIOLtr;NADPHtxu,0,1,23,24
ESTRADIOLtr;NADPtxu,0,1,23,24
ESTRADIOLtr;NADtx,0,1,23,24
ESTRADIOLtr;O2tp,0,1,23,24
ESTRADIOLtr;TECR224,0,1,23,24
ESTRONEtr;FAE224,0,1,23,24
ESTRONEtr;FCYTOB5OXRr,0,2,23,23
ESTRONEtr;HACD224,0,1,23,24
ESTRONEtr;HSD224,0,1,23,24
ESTRONEtr;Htr,0,1,23,24
ESTRONEtr;MALCOAMT,0,1,23,24
ESTRONEtr;MALCOAMTr,0,1,23,24
ESTRONEtr;NADHtpu,0,1,23,24
ESTRONEtr;NADPHtxu,0,1,23,24
ESTRONEtr;NADPtxu,0,1,23,24
ESTRONEtr;NADtx,0,1,23,24
ESTRONEtr;O2tp,0,1,23,24
ESTRONEtr;TECR224,0,1,23,24
ETHP;PE_HStm,3,0,20,25
ETHP;PSDm_hs,3,0,20,25
ETHP;PSFLIPm,3,0,20,25
ETHP;THFtm,1,0,22,25
ETHPL;GF6PTA,0,1,23,24
ETHPL;GLUDxm,0,1,23,24
ETHPL;GLUt2m,0,2,23,23
ETHPL;GLYt2r,1,1,22,24
ETHPL;ITCOALm,0,1,23,24
ETHPL;LDH_L,0,1,23,24
ETHPL;LEUt4,1,0,22,25
ETHPL;L_LACt2r,0,1,23,24
ETHPL;NADH2_u10m,0,1,23,24
ETHPL;NH4tm,0,1,23,24
ETHPL;PIGTHRDLtm,0,2,23,23
ETHPL;PYRtm,0,1,23,24
ETHPL;THRA,6,4,17,21
ETHPL;UAGDP,0,1,23,24
FA40ACPH;FACOAL100im,1,2,22,23
FA40ACPH;GALGLUSIDEtg,1,0,22,25
FA40ACPH;GALGLUSIDEtr,1,0,22,25
FA40ACPH;GALU,1,0,22,25
FA40ACPH;GDPFUCtg,1,0,22,25
FA40ACPH;GDPtg,1,0,22,25
FA40ACPH;GF6PTA,1,0,22,25
FA40ACPH;GFUCSx,1,0,22,25
FA40ACPH;GLYACm,1,0,22,25
FA40ACPH;GLYtm,1,0,22,25
FA40ACPH;GMAND,1,0,22,25
FA40ACPH;GMPtg,1,0,22,25
FA40ACPH;H2Otg,1,0,22,25
FA40ACPH;Htg,1,0,22,25
FA40ACPH;MAN1PT2,1,0,22,25
FA40ACPH;MAN6PI,1,0,22,25
FA40ACPH;NDP7er,1,0,22,25
FA40ACPH;NDP7g,1,0,22,25
FA40ACPH;PGMT,1,0,22,25
FA40ACPH;PItg,1,0,22,25
FA40ACPH;PMANM,1,0,22,25
FA40ACPH;TTDCPT1,1,2,22,23
FA40ACPH;TTDCPT2,1,2,22,23
FA40ACPH;TTDCRNt,1,2,22,23
FA40ACPH;UAGDP,1,0,22,25
FA40ACPH;UDPG4E,1,0,22,25
FA40ACPH;UDPGALt2r,1,0,22,25
FA40ACPH;UDPGALtg,1,0,22,25
FA40ACPH;UDPGGPGTr,1,0,22,25
FA40ACPH;UGCGc,1,0,22,25
FA40ACPH;UGLCNACtg,1,0,22,25
FA40ACPH;UMPtr,1,0,22,25
FACOAL100im;FACOAL40im,1,2,22,23
FACOAL191;THRA,0,1,23,24
FACOAL204;GALGLUSIDEtg,1,0,22,25
FACOAL204;GALGLUSIDEtr,1,0,22,25
FACOAL204;GALU,1,0,22,25
FACOAL204;GDPFUCtg,1,0,22,25
FACOAL204;GDPtg,1,0,22,25
FACOAL204;GF6PTA,1,0,22,25
FACOAL204;GFUCSx,1,0,22,25
FACOAL204;GMAND,1,0,22,25
FACOAL204;GMPtg,1,0,22,25
FACOAL204;H2Otg,1,0,22,25
FACOAL204;Htg,1,0,22,25
FACOAL204;LARGEg,1,0,22,25
FACOAL204;MAN1PT2,1,0,22,25
FACOAL204;MAN6PI,1,0,22,25
FACOAL204;NDP7er,1,0,22,25
FACOAL204;NDP7g,1,0,22,25
FACOAL204;PCOREM3terg,1,0,22,25
FACOAL204;PGMT,1,0,22,25
FACOAL204;PItg,1,0,22,25
FACOAL204;PMANM,1,0,22,25
FACOAL204;POCDPRBTLT2g,1,0,22,25
FACOAL204;POCDPRBTLTg,1,0,22,25
FACOAL204;POGLCNACTg,1,0,22,25
FACOAL204;POMGNGALNTr,1,0,22,25
FACOAL204;POMGNTr,1,0,22,25
FACOAL204;POMKr,1,0,22,25
FACOAL204;POXYLTg,1,0,22,25
FACOAL204;RBT5PCYTr,1,0,22,25
FACOAL204;RBT5PDH,1,0,22,25
FACOAL204;RU5Ptr,1,0,22,25
FACOAL204;TYRTA,1,0,22,25
FACOAL204;UACGAMUMPtr,1,0,22,25
FACOAL204;UAG4E,1,0,22,25
FACOAL204;UAGDP,1,0,22,25
FACOAL204;UDPG4E,1,0,22,25
FACOAL204;UDPGALt2r,1,0,22,25
FACOAL204;UDPGALtg,1,0,22,25
FACOAL204;UDPGD,1,0,22,25
FACOAL204;UDPGGPGTr,1,0,22,25
FACOAL204;UDPGLCAtg,1,0,22,25
FACOAL204;UDPGLDCg,1,0,22,25
FACOAL204;UGALNACter,1,0,22,25
FACOAL204;UGCGc,1,0,22,25
FACOAL204;UGLCNACtg,1,0,22,25
FACOAL40im;GALGLUSIDEtg,1,0,22,25
FACOAL40im;GALGLUSIDEtr,1,0,22,25
FACOAL40im;GALU,1,0,22,25
FACOAL40im;GDPFUCtg,1,0,22,25
FACOAL40im;GDPtg,1,0,22,25
FACOAL40im;GF6PTA,1,0,22,25
FACOAL40im;GFUCSx,1,0,22,25
FACOAL40im;GLYACm,1,0,22,25
FACOAL40im;GLYtm,1,0,22,25
FACOAL40im;GMAND,1,0,22,25
FACOAL40im;GMPtg,1,0,22,25
FACOAL40im;H2Otg,1,0,22,25
FACOAL40im;Htg,1,0,22,25
FACOAL40im;MAN1PT2,1,0,22,25
FACOAL40im;MAN6PI,1,0,22,25
FACOAL40im;NDP7er,1,0,22,25
FACOAL40im;NDP7g,1,0,22,25
FACOAL40im;PGMT,1,0,22,25
FACOAL40im;PItg,1,0,22,25
FACOAL40im;PMANM,1,0,22,25
FACOAL40im;TTDCPT1,1,2,22,23
FACOAL40im;TTDCPT2,1,2,22,23
FACOAL40im;TTDCRNt,1,2,22,23
FACOAL40im;UAGDP,1,0,22,25
FACOAL40im;UDPG4E,1,0,22,25
FACOAL40im;UDPGALt2r,1,0,22,25
FACOAL40im;UDPGALtg,1,0,22,25
FACOAL40im;UDPGGPGTr,1,0,22,25
FACOAL40im;UGCGc,1,0,22,25
FACOAL40im;UGLCNACtg,1,0,22,25
FACOAL40im;UMPtr,1,0,22,25
FACOAL80im;SBTR,0,1,23,24
FACOAL80im;SBT_Dtde,0,1,23,24
FADH2ETC;ARTFR12,0,1,23,24
FADH2ETC;ARTFR45,1,0,22,25
FADH2ETC;FAE201,1,0,22,25
FADH2ETC;FAE221,1,0,22,25
FADH2ETC;FAE241,1,0,22,25
FADH2ETC;G6Pt6er,1,0,22,25
FADH2ETC;G6Pter,1,0,22,25
FADH2ETC;GALGLUSIDEtg,1,0,22,25
FADH2ETC;GALGLUSIDEtr,1,0,22,25
FADH2ETC;GALU,1,0,22,25
FADH2ETC;GDPFUCtg,1,0,22,25
FADH2ETC;GDPtg,1,0,22,25
FADH2ETC;GF6PTA,1,0,22,25
FADH2ETC;GFUCSx,1,0,22,25
FADH2ETC;GMAND,1,0,22,25
FADH2ETC;GMPtg,1,0,22,25
FADH2ETC;GTHOm,0,1,23,24
FADH2ETC;GTHPm,0,1,23,24
FADH2ETC;H2O2tm,0,1,23,24
FADH2ETC;H2Otg,1,0,22,25
FADH2ETC;HACD201,1,0,22,25
FADH2ETC;HACD221,1,0,22,25
FADH2ETC;HACD241,1,0,22,25
FADH2ETC;HSD201,1,0,22,25
FADH2ETC;HSD221,1,0,22,25
FADH2ETC;HSD241,1,0,22,25
FADH2ETC;Htg,1,0,22,25
FADH2ETC;MAN1PT2,1,0,22,25
FADH2ETC;MAN6PI,1,0,22,25
FADH2ETC;MDH,0,1,23,24
FADH2ETC;MDHm,0,1,23,24
FADH2ETC;NDP7er,1,0,22,25
FADH2ETC;NDP7g,1,0,22,25
FADH2ETC;NRVNCCOAtr,1,0,22,25
FADH2ETC;PGMT,1,0,22,25
FADH2ETC;PItg,1,0,22,25
FADH2ETC;PLMCOAPTr,0,1,23,24
FADH2ETC;PMANM,1,0,22,25
FADH2ETC;PMTCOAFABP1tc,0,1,23,24
FADH2ETC;RTOT4,1,0,22,25
FADH2ETC;TECR201,1,0,22,25
FADH2ETC;TECR221,1,0,22,25
FADH2ETC;TECR241,1,0,22,25
FADH2ETC;UAGDP,1,0,22,25
FADH2ETC;UDPG4E,1,0,22,25
FADH2ETC;UDPGALt2r,1,0,22,25
FADH2ETC;UDPGALtg,1,0,22,25
FADH2ETC;UDPGGPGTr,1,0,22,25
FADH2ETC;UGCGc,1,0,22,25
FADH2ETC;UGLCNACtg,1,0,22,25
FADH2ETC;UMPtr,1,0,22,25
FAE180;ARTFR33,1,0,22,25
FAE180;FAE181,1,0,22,25
FAE180;FAE224,0,1,23,24
FAE180;G6PDH1rer,0,1,23,24
FAE180;G6PDH2rer,0,2,23,23
FAE180;G6PPer,0,1,23,24
FAE180;G6Pter,0,2,23,23
FAE180;GLCter,0,1,23,24
FAE180;HACD181,1,0,22,25
FAE180;HACD224,0,1,23,24
FAE180;HSD181,1,0,22,25
FAE180;HSD224,0,1,23,24
FAE180;Htr,0,6,23,19
FAE180;NADPHtru,1,0,22,25
FAE180;NADPHtxu,0,1,23,24
FAE180;NADPtru,1,0,22,25
FAE180;NADPtxu,0,1,23,24
FAE180;OCTD11ECOAtr,1,0,22,25
FAE180;PIt8,0,1,23,24
FAE180;PPIPItr,0,1,23,24
FAE180;PPItr,0,1,23,24
FAE180;RTOT3,1,0,22,25
FAE180;TECR181,1,0,22,25
FAE180;TECR224,0,1,23,24
FAE181;HACD180,1,0,22,25
FAE181;HSD180,1,0,22,25
FAE181;TECR180,1,0,22,25
FAE200;ARTFR45,3,0,20,25
FAE200;ARTPLM1,0,1,23,24
FAE200;FAE201,3,0,20,25
FAE200;FAE221,3,0,20,25
FAE200;FAE241,3,0,20,25
FAE200;G6PDH1rer,1,1,22,24
FAE200;GLUDxm,1,0,22,25
FAE200;GLYtm,2,1,21,24
FAE200;H2Oter,1,0,22,25
FAE200;HACD201,3,0,20,25
FAE200;HACD221,3,0,20,25
FAE200;HACD241,3,0,20,25
FAE200;HSD201,3,0,20,25
FAE200;HSD221,3,0,20,25
FAE200;HSD241,3,0,20,25
FAE200;ILEOX,0,1,23,24
FAE200;ILETAm,2,0,21,25
FAE200;ILEt5m,2,0,21,25
FAE200;NH4tm,1,0,22,25
FAE200;NRVNCCOAtr,3,0,20,25
FAE200;RTOT4,3,0,20,25
FAE200;TECR201,3,0,20,25
FAE200;TECR221,3,0,20,25
FAE200;TECR241,3,0,20,25
FAE200;TIGGLYc,2,1,21,24
FAE200;TIGGLYte,2,1,21,24
FAE200;TIGGLYtm,2,1,21,24
FAE201;ARTFR32,2,0,21,25
FAE201;ARTFR42,3,0,20,25
FAE201;ARTFR52,3,0,20,25
FAE201;FAE220,3,0,20,25
FAE201;FAE224,0,1,23,24
FAE201;FAE240,3,0,20,25
FAE201;FAE260,3,0,20,25
FAE201;G6PDH1rer,0,1,23,24
FAE201;G6PDH2rer,0,2,23,23
FAE201;G6PPer,0,1,23,24
FAE201;G6Pter,0,2,23,23
FAE201;GLCter,0,1,23,24
FAE201;GLYtm,1,0,22,25
FAE201;HACD200,3,0,20,25
FAE201;HACD220,3,0,20,25
FAE201;HACD224,0,1,23,24
FAE201;HACD240,3,0,20,25
FAE201;HACD260,3,0,20,25
FAE201;HEXCCOAtr,3,0,20,25
FAE201;HSD200,3,0,20,25
FAE201;HSD220,3,0,20,25
FAE201;HSD224,0,1,23,24
FAE201;HSD240,3,0,20,25
FAE201;HSD260,3,0,20,25
FAE201;Htr,1,6,22,19
FAE201;NADPHtru,1,0,22,25
FAE201;NADPHtxu,0,1,23,24
FAE201;NADPtru,1,0,22,25
FAE201;NADPtxu,0,1,23,24
FAE201;OCDE9ECOAtr,4,0,19,25
FAE201;PIt8,0,1,23,24
FAE201;PPIPItr,0,1,23,24
FAE201;PPItr,0,1,23,24
FAE201;RTOT3,2,0,21,25
FAE201;RTOT5,3,0,20,25
FAE201;TECR200,3,0,20,25
FAE201;TECR220,3,0,20,25
FAE201;TECR224,0,1,23,24
FAE201;TECR240,3,0,20,25
FAE201;TECR260,3,0,20,25
FAE220;ARTFR45,3,0,20,25
FAE220;ARTPLM1,0,1,23,24
FAE220;FAE221,3,0,20,25
FAE220;FAE241,3,0,20,25
FAE220;G6PDH1rer,1,1,22,24
FAE220;GLUDxm,1,0,22,25
FAE220;GLYtm,2,1,21,24
FAE220;H2Oter,1,0,22,25
FAE220;HACD201,3,0,20,25
FAE220;HACD221,3,0,20,25
FAE220;HACD241,3,0,20,25
FAE220;HSD201,3,0,20,25
FAE220;HSD221,3,0,20,25
FAE220;HSD241,3,0,20,25
FAE220;ILEOX,0,1,23,24
FAE220;ILETAm,2,0,21,25
FAE220;ILEt5m,2,0,21,25
FAE220;NH4tm,1,0,22,25
FAE220;NRVNCCOAtr,3,0,20,25
FAE220;RTOT4,3,0,20,25
FAE220;TECR201,3,0,20,25
FAE220;TECR221,3,0,20,25
FAE220;TECR241,3,0,20,25
FAE220;TIGGLYc,2,1,21,24
FAE220;TIGGLYte,2,1,21,24
FAE220;TIGGLYtm,2,1,21,24
FAE221;ARTFR32,2,0,21,25
FAE221;ARTFR42,3,0,20,25
FAE221;ARTFR52,3,0,20,25
FAE221;FAE224,0,1,23,24
FAE221;FAE240,3,0,20,25
FAE221;FAE260,3,0,20,25
FAE221;G6PDH1rer,0,1,23,24
FAE221;G6PDH2rer,0,2,23,23
FAE221;G6PPer,0,1,23,24
FAE221;G6Pter,0,2,23,23
FAE221;GLCter,0,1,23,24
FAE221;GLYtm,1,0,22,25
FAE221;HACD200,3,0,20,25
FAE221;HACD220,3,0,20,25
FAE221;HACD224,0,1,23,24
FAE221;HACD240,3,0,20,25
FAE221;HACD260,3,0,20,25
FAE221;HEXCCOAtr,3,0,20,25
FAE221;HSD200,3,0,20,25
FAE221;HSD220,3,0,20,25
FAE221;HSD224,0,1,23,24
FAE221;HSD240,3,0,20,25
FAE221;HSD260,3,0,20,25
FAE221;Htr,1,6,22,19
FAE221;NADPHtru,1,0,22,25
FAE221;NADPHtxu,0,1,23,24
FAE221;NADPtru,1,0,22,25
FAE221;NADPtxu,0,1,23,24
FAE221;OCDE9ECOAtr,4,0,19,25
FAE221;PIt8,0,1,23,24
FAE221;PPIPItr,0,1,23,24
FAE221;PPItr,0,1,23,24
FAE221;RTOT3,2,0,21,25
FAE221;RTOT5,3,0,20,25
FAE221;TECR200,3,0,20,25
FAE221;TECR220,3,0,20,25
FAE221;TECR224,0,1,23,24
FAE221;TECR240,3,0,20,25
FAE221;TECR260,3,0,20,25
FAE224;FAE241,0,1,23,24
FAE224;HACD180,0,1,23,24
FAE224;HACD201,0,1,23,24
FAE224;HACD221,0,1,23,24
FAE224;HACD241,0,1,23,24
FAE224;HSD17B1,0,1,23,24
FAE224;HSD17B8r,0,1,23,24
FAE224;HSD180,0,1,23,24
FAE224;HSD201,0,1,23,24
FAE224;HSD221,0,1,23,24
FAE224;HSD241,0,1,23,24
FAE224;Htx,0,1,23,24
FAE224;LDH_L,0,1,23,24
FAE224;NRVNCCOAtr,0,1,23,24
FAE224;NRVNCCOAtxc,0,1,23,24
FAE224;PMTCOAFABP1tc,0,1,23,24
FAE224;PPA,0,2,23,23
FAE224;RPI,0,1,23,24
FAE224;TECR180,0,1,23,24
FAE224;TECR201,0,1,23,24
FAE224;TECR221,0,1,23,24
FAE224;TECR241,0,1,23,24
FAE224;TPI,0,1,23,24
FAE240;ARTFR45,3,0,20,25
FAE240;ARTPLM1,0,1,23,24
FAE240;FAE241,3,0,20,25
FAE240;G6PDH1rer,1,1,22,24
FAE240;GLUDxm,1,0,22,25
FAE240;GLYtm,2,1,21,24
FAE240;H2Oter,1,0,22,25
FAE240;HACD201,3,0,20,25
FAE240;HACD221,3,0,20,25
FAE240;HACD241,3,0,20,25
FAE240;HSD201,3,0,20,25
FAE240;HSD221,3,0,20,25
FAE240;HSD241,3,0,20,25
FAE240;ILEOX,0,1,23,24
FAE240;ILETAm,2,0,21,25
FAE240;ILEt5m,2,0,21,25
FAE240;NH4tm,1,0,22,25
FAE240;NRVNCCOAtr,3,0,20,25
FAE240;RTOT4,3,0,20,25
FAE240;TECR201,3,0,20,25
FAE240;TECR221,3,0,20,25
FAE240;TECR241,3,0,20,25
FAE240;TIGGLYc,2,1,21,24
FAE240;TIGGLYte,2,1,21,24
FAE240;TIGGLYtm,2,1,21,24
FAE241;ARTFR32,2,0,21,25
FAE241;ARTFR42,3,0,20,25
FAE241;ARTFR52,3,0,20,25
FAE241;FAE260,3,0,20,25
FAE241;G6PDH1rer,0,1,23,24
FAE241;G6PDH2rer,0,2,23,23
FAE241;G6Pter,0,2,23,23
FAE241;GLYtm,1,0,22,25
FAE241;HACD200,3,0,20,25
FAE241;HACD220,3,0,20,25
FAE241;HACD224,0,1,23,24
FAE241;HACD240,3,0,20,25
FAE241;HACD260,3,0,20,25
FAE241;HEXCCOAtr,3,0,20,25
FAE241;HSD200,3,0,20,25
FAE241;HSD220,3,0,20,25
FAE241;HSD224,0,1,23,24
FAE241;HSD240,3,0,20,25
FAE241;HSD260,3,0,20,25
FAE241;Htr,1,6,22,19
FAE241;NADPHtru,1,0,22,25
FAE241;NADPHtxu,0,1,23,24
FAE241;NADPtru,1,0,22,25
FAE241;NADPtxu,0,1,23,24
FAE241;OCDE9ECOAtr,4,0,19,25
FAE241;PIt8,0,1,23,24
FAE241;PPIPItr,0,1,23,24
FAE241;PPItr,0,1,23,24
FAE241;RTOT3,2,0,21,25
FAE241;RTOT5,3,0,20,25
FAE241;TECR200,3,0,20,25
FAE241;TECR220,3,0,20,25
FAE241;TECR224,0,1,23,24
FAE241;TECR240,3,0,20,25
FAE241;TECR260,3,0,20,25
FAE260;ARTFR45,3,0,20,25
FAE260;ARTPLM1,0,1,23,24
FAE260;G6PDH1rer,1,1,22,24
FAE260;GLUDxm,1,0,22,25
FAE260;GLYtm,2,1,21,24
FAE260;H2Oter,1,0,22,25
FAE260;HACD201,3,0,20,25
FAE260;HACD221,3,0,20,25
FAE260;HACD241,3,0,20,25
FAE260;HSD201,3,0,20,25
FAE260;HSD221,3,0,20,25
FAE260;HSD241,3,0,20,25
FAE260;ILEOX,0,1,23,24
FAE260;ILETAm,2,0,21,25
FAE260;ILEt5m,2,0,21,25
FAE260;NH4tm,1,0,22,25
FAE260;NRVNCCOAtr,3,0,20,25
FAE260;RTOT4,3,0,20,25
FAE260;TECR201,3,0,20,25
FAE260;TECR221,3,0,20,25
FAE260;TECR241,3,0,20,25
FAE260;TIGGLYc,2,1,21,24
FAE260;TIGGLYte,2,1,21,24
FAE260;TIGGLYtm,2,1,21,24
FALDtly;FBA,0,1,23,24
FALDtly;GTHP,1,0,22,25
FALDtly;PFK,0,1,23,24
FALDtly;PGI,0,1,23,24
FALDtn;PIGTHRDLtm,0,2,23,23
FALDtn;PYRtm,0,1,23,24
FAR;PIt7,1,0,22,25
FAR;PIt9,0,1,23,24
FAR;PPCOAtm,1,0,22,25
FBA3;G6PDH2r,1,0,22,25
FBA3;G6PDH2rer,5,0,18,25
FBA3;G6Pt6er,1,0,22,25
FBA3;GALGLUSIDEtg,1,0,22,25
FBA3;GALGLUSIDEtr,1,0,22,25
FBA3;GALU,1,0,22,25
FBA3;GAPD,0,1,23,24
FBA3;GDPFUCtg,1,0,22,25
FBA3;GDPtg,1,0,22,25
FBA3;GF6PTA,1,0,22,25
FBA3;GFUCSx,1,0,22,25
FBA3;GMAND,1,0,22,25
FBA3;GMPtg,1,0,22,25
FBA3;GND,1,0,22,25
FBA3;GNDer,6,0,17,25
FBA3;H2Otg,1,0,22,25
FBA3;H2Otm,0,1,23,24
FBA3;HAS1,0,1,23,24
FBA3;HAS2,0,1,23,24
FBA3;Htg,1,0,22,25
FBA3;LDH_L,0,1,23,24
FBA3;L_LACt2r,0,1,23,24
FBA3;MAN1PT2,1,0,22,25
FBA3;MAN6PI,1,0,22,25
FBA3;MDH,0,1,23,24
FBA3;NADH2_u10m,0,1,23,24
FBA3;NDP7er,1,0,22,25
FBA3;NDP7g,1,0,22,25
FBA3;NH4t3r,0,1,23,24
FBA3;NTD1,1,0,22,25
FBA3;PFK,1,8,22,17
FBA3;PFK2,0,1,23,24
FBA3;PGI,1,9,22,16
FBA3;PGK,0,1,23,24
FBA3;PGL,1,0,22,25
FBA3;PGLer,6,0,17,25
FBA3;PGM,0,1,23,24
FBA3;PGMT,1,0,22,25
FBA3;PHEOX,0,1,23,24
FBA3;PHETA1,0,1,23,24
FBA3;PItg,1,0,22,25
FBA3;PMANM,1,0,22,25
FBA3;PPM,1,0,22,25
FBA3;PPM2,1,0,22,25
FBA3;PYK7,0,1,23,24
FBA3;PYNP2r,1,0,22,25
FBA3;RPE,7,0,16,25
FBA3;RU5Ptr,6,0,17,25
FBA3;TALA,7,0,16,25
FBA3;TKT1,7,0,16,25
FBA3;TKT2,7,0,16,25
FBA3;TPI,7,2,16,23
FBA3;TRDR,1,0,22,25
FBA3;UAGDP,1,0,22,25
FBA3;UDPG4E,1,0,22,25
FBA3;UDPGALt2r,1,0,22,25
FBA3;UDPGALtg,1,0,22,25
FBA3;UDPGD,0,1,23,24
FBA3;UDPGGPGTr,1,0,22,25
FBA3;UGCGc,1,0,22,25
FBA3;UGLCNACtg,1,0,22,25
FBA3;UMPtr,1,0,22,25
FBA;FBA3,1,9,22,16
FBA;FCYTOB5OXRyr,1,0,22,25
FBA;FE2tm,1,0,22,25
FBA;FE3tm,1,0,22,25
FBA;FECR,1,0,22,25
FBA;FKYNH,0,1,23,24
FBA;FTMTm,1,0,22,25
FBA;G6PDH1rer,1,0,22,25
FBA;G6PDH2r,0,4,23,21
FBA;G6PDH2rer,1,0,22,25
FBA;G6Pter,1,0,22,25
FBA;GAPD,0,1,23,24
FBA;GF6PTA,0,1,23,24
FBA;GLUt2m,0,2,23,23
FBA;GLYSNAT5tc,0,1,23,24
FBA;GLYtm,1,0,22,25
FBA;GND,0,4,23,21
FBA;H2O2tly,0,1,23,24
FBA;H2Ot,0,2,23,23
FBA;H2Oter,2,0,21,25
FBA;H2Otly,0,1,23,24
FBA;HCO3E,0,1,23,24
FBA;HCO3Ee,0,1,23,24
FBA;HCO3tm,1,0,22,25
FBA;ILEOX,1,1,22,24
FBA;ILETA,0,1,23,24
FBA;IMAGH,0,1,23,24
FBA;KYNAKGAT,0,1,23,24
FBA;KYNATESYN,0,1,23,24
FBA;KYNATEtr,0,1,23,24
FBA;MEOHtly,0,1,23,24
FBA;NTD1,0,1,23,24
FBA;O2t,0,3,23,22
FBA;PFK_3,1,8,22,17
FBA;PFK_4,0,1,23,24
FBA;PGI,2,8,21,17
FBA;PGK,0,1,23,24
FBA;PGL,0,4,23,21
FBA;PGM,0,1,23,24
FBA;PPM,0,1,23,24
FBA;PPM2,0,1,23,24
FBA;PRDXl,0,1,23,24
FBA;PYK,0,1,23,24
FBA;PYNP2r,0,1,23,24
FBA;RPE,1,9,22,16
FBA;RU5Ptr,1,0,22,25
FBA;THBPT4ACAMDASE,0,2,23,23
FBA;TIGGLYc,1,0,22,25
FBA;TIGGLYte,1,0,22,25
FBA;TIGGLYtm,1,0,22,25
FBA;TKT1,1,9,22,16
FBA;TKT2,1,9,22,16
FBA;TPI,0,1,23,24
FBA;TRPO2,0,1,23,24
FBA;TYR3MO2,0,1,23,24
FBA;UAGDP,0,1,23,24
FCLTm;GLYtm,1,0,22,25
FCLTm;H2Oter,2,1,21,24
FCLTm;Htr,1,1,22,24
FCLTm;LDH_L,0,1,23,24
FCLTm;MMCDm,1,0,22,25
FCLTm;MMEm,1,0,22,25
FCLTm;MMMm,1,0,22,25
FCLTm;NADPHtru,0,1,23,24
FCLTm;NADPtru,0,1,23,24
FCLTm;PFK2,1,0,22,25
FCLTm;PPIOGLYc,1,0,22,25
FCLTm;PPIOGLYte,1,0,22,25
FCLTm;PPIOGLYtm,1,0,22,25
FCLTm;SUCOAS1m,0,1,23,24
FCLTm;TPI,0,1,23,24
FCYTOB5OXRr;FCYTOB5OXRyr,0,4,23,21
FCYTOB5OXRr;GF6PTA,0,1,23,24
FCYTOB5OXRr;HSD17B1,0,2,23,23
FCYTOB5OXRr;HSD17B8r,0,2,23,23
FCYTOB5OXRr;ILEOX,0,1,23,24
FCYTOB5OXRr;ILETA,0,1,23,24
FCYTOB5OXRr;UAGDP,0,1,23,24
FCYTOB5OXRyr;ARTPLM1,0,1,23,24
FCYTOB5OXRyr;G6PDH2r,0,1,23,24
FCYTOB5OXRyr;G6Pter,0,2,23,23
FCYTOB5OXRyr;GND,0,1,23,24
FCYTOB5OXRyr;Htr,0,1,23,24
FCYTOB5OXRyr;ICDHyrm,1,1,22,24
FCYTOB5OXRyr;ITCOAL1m,1,1,22,24
FCYTOB5OXRyr;NADHtru,2,2,21,23
FCYTOB5OXRyr;NADtru,2,2,21,23
FCYTOB5OXRyr;OXALSUCCCLm,1,1,22,24
FCYTOB5OXRyr;PFK2,1,0,22,25
FCYTOB5OXRyr;PGI,1,0,22,25
FCYTOB5OXRyr;PGL,0,1,23,24
FCYTOB5OXRyr;PNTK,0,1,23,24
FCYTOB5OXRyr;PNTOt1,0,1,23,24
FCYTOB5OXRyr;PPCDC,0,1,23,24
FCYTOB5OXRyr;PPNCL2,0,1,23,24
FCYTOB5OXRyr;PTPAT,0,1,23,24
FCYTOB5OXRyr;PYRtm,0,1,23,24
FE2tm;FOLR2,1,0,22,25
FE2tm;GALGLUSIDEtg,1,0,22,25
FE2tm;GALGLUSIDEtr,1,0,22,25
FE2tm;GDPFUCtg,1,0,22,25
FE2tm;GDPtg,1,0,22,25
FE2tm;GFUCSx,1,0,22,25
FE2tm;GLUDxm,1,0,22,25
FE2tm;GLYt2r,1,0,22,25
FE2tm;GLYtm,1,0,22,25
FE2tm;GMAND,1,0,22,25
FE2tm;GMPtg,1,0,22,25
FE2tm;GTPGDPtm,1,0,22,25
FE2tm;H2Oter,2,1,21,24
FE2tm;H2Otg,1,0,22,25
FE2tm;HCO3E,2,0,21,25
FE2tm;HCO3Em,1,0,22,25
FE2tm;HCO3tm,1,0,22,25
FE2tm;Htg,1,0,22,25
FE2tm;Htm,1,0,22,25
FE2tm;Htr,1,1,22,24
FE2tm;ICITCITtm,1,0,22,25
FE2tm;ICITMALtm,1,0,22,25
FE2tm;IMAGH,1,0,22,25
FE2tm;LDH_L,0,1,23,24
FE2tm;L_LACtcm,0,1,23,24
FE2tm;L_LACtm,0,1,23,24
FE2tm;MALTSULtm,1,0,22,25
FE2tm;MAN1PT2,1,0,22,25
FE2tm;MAN6PI,1,0,22,25
FE2tm;MMCDm,1,0,22,25
FE2tm;MMEm,1,0,22,25
FE2tm;MMMm,1,0,22,25
FE2tm;NACDe,1,0,22,25
FE2tm;NACPRT,1,0,22,25
FE2tm;NADH2_u10m,3,0,20,25
FE2tm;NADPHtru,0,1,23,24
FE2tm;NADPtru,0,1,23,24
FE2tm;NCAMDe,1,0,22,25
FE2tm;NDP7er,1,0,22,25
FE2tm;NDP7g,1,0,22,25
FE2tm;NH4tm,1,0,22,25
FE2tm;NMNDA,1,0,22,25
FE2tm;NMNS,1,0,22,25
FE2tm;PFK2,2,0,21,25
FE2tm;PGAM1_PhosHydro,1,0,22,25
FE2tm;PGI,1,0,22,25
FE2tm;PItg,1,0,22,25
FE2tm;PMANM,1,0,22,25
FE2tm;PPIOGLYc,1,0,22,25
FE2tm;PPIOGLYte,1,0,22,25
FE2tm;PPIOGLYtm,1,0,22,25
FE2tm;PPItm,1,0,22,25
FE2tm;RDH1,0,1,23,24
FE2tm;RDH1a,0,1,23,24
FE2tm;SQORm,1,0,22,25
FE2tm;SUCOAS1m,0,1,23,24
FE2tm;THFtm,3,0,20,25
FE2tm;THR3Dx,1,0,22,25
FE2tm;TPI,0,1,23,24
FE2tm;TSULt4_3,1,0,22,25
FE2tm;TYRDOPO,1,0,22,25
FE2tm;UDPG4E,1,0,22,25
FE2tm;UDPGALt2r,1,0,22,25
FE2tm;UDPGALtg,1,0,22,25
FE2tm;UDPGGPGTr,1,0,22,25
FE2tm;UGCGc,1,0,22,25
FE2tm;UGLCNACtg,1,0,22,25
FE2tm;UMPtr,1,0,22,25
FE3tm;FOLR2,1,0,22,25
FE3tm;GALGLUSIDEtg,1,0,22,25
FE3tm;GALGLUSIDEtr,1,0,22,25
FE3tm;GDPFUCtg,1,0,22,25
FE3tm;GDPtg,1,0,22,25
FE3tm;GFUCSx,1,0,22,25
FE3tm;GLUDxm,1,0,22,25
FE3tm;GLYt2r,1,0,22,25
FE3tm;GMAND,1,0,22,25
FE3tm;GMPtg,1,0,22,25
FE3tm;GTPGDPtm,1,0,22,25
FE3tm;H2Otg,1,0,22,25
FE3tm;HCO3E,2,0,21,25
FE3tm;HCO3Em,1,0,22,25
FE3tm;HCO3tm,1,0,22,25
FE3tm;Htg,1,0,22,25
FE3tm;Htm,1,0,22,25
FE3tm;ICITCITtm,1,0,22,25
FE3tm;ICITMALtm,1,0,22,25
FE3tm;IMAGH,1,0,22,25
FE3tm;L_LACtcm,0,1,23,24
FE3tm;L_LACtm,0,1,23,24
FE3tm;MALTSULtm,1,0,22,25
FE3tm;MAN1PT2,1,0,22,25
FE3tm;MAN6PI,1,0,22,25
FE3tm;NACDe,1,0,22,25
FE3tm;NACPRT,1,0,22,25
FE3tm;NADH2_u10m,4,0,19,25
FE3tm;NCAMDe,1,0,22,25
FE3tm;NDP7er,1,0,22,25
FE3tm;NDP7g,1,0,22,25
FE3tm;NH4tm,1,0,22,25
FE3tm;NMNDA,1,0,22,25
FE3tm;NMNS,1,0,22,25
FE3tm;PFK2,1,0,22,25
FE3tm;PGAM1_PhosHydro,1,0,22,25
FE3tm;PGI,1,0,22,25
FE3tm;PIt2m_2,1,0,22,25
FE3tm;PItg,1,0,22,25
FE3tm;PMANM,1,0,22,25
FE3tm;PPItm,1,0,22,25
FE3tm;RDH1,0,1,23,24
FE3tm;RDH1a,0,1,23,24
FE3tm;SQORm,1,0,22,25
FE3tm;THFtm,3,0,20,25
FE3tm;THR3Dx,1,0,22,25
FE3tm;TSULt4_3,1,0,22,25
FE3tm;TYRDOPO,1,0,22,25
FE3tm;UDPG4E,1,0,22,25
FE3tm;UDPGALt2r,1,0,22,25
FE3tm;UDPGALtg,1,0,22,25
FE3tm;UDPGGPGTr,1,0,22,25
FE3tm;UGCGc,1,0,22,25
FE3tm;UGLCNACtg,1,0,22,25
FE3tm;UMPtr,1,0,22,25
FECR;FOLR2,1,0,22,25
FECR;GALGLUSIDEtg,1,0,22,25
FECR;GALGLUSIDEtr,1,0,22,25
FECR;GDPFUCtg,1,0,22,25
FECR;GDPtg,1,0,22,25
FECR;GFUCSx,1,0,22,25
FECR;GLUDxm,1,0,22,25
FECR;GLYt2r,1,0,22,25
FECR;GMAND,1,0,22,25
FECR;GMPtg,1,0,22,25
FECR;GTPGDPtm,1,0,22,25
FECR;H2Otg,1,0,22,25
FECR;HCO3E,2,0,21,25
FECR;HCO3Em,1,0,22,25
FECR;HCO3tm,1,0,22,25
FECR;Htg,1,0,22,25
FECR;Htm,1,0,22,25
FECR;ICITCITtm,1,0,22,25
FECR;ICITMALtm,1,0,22,25
FECR;IMAGH,1,0,22,25
FECR;L_LACtcm,0,1,23,24
FECR;L_LACtm,0,1,23,24
FECR;MALTSULtm,1,0,22,25
FECR;MAN1PT2,1,0,22,25
FECR;MAN6PI,1,0,22,25
FECR;NACDe,1,0,22,25
FECR;NACPRT,1,0,22,25
FECR;NADH2_u10m,4,0,19,25
FECR;NCAMDe,1,0,22,25
FECR;NDP7er,1,0,22,25
FECR;NDP7g,1,0,22,25
FECR;NH4tm,1,0,22,25
FECR;NMNDA,1,0,22,25
FECR;NMNS,1,0,22,25
FECR;PFK2,1,0,22,25
FECR;PGAM1_PhosHydro,1,0,22,25
FECR;PGI,1,0,22,25
FECR;PIt2m_2,1,0,22,25
FECR;PItg,1,0,22,25
FECR;PMANM,1,0,22,25
FECR;PPItm,1,0,22,25
FECR;RDH1,0,1,23,24
FECR;RDH1a,0,1,23,24
FECR;SQORm,1,0,22,25
FECR;THFtm,3,0,20,25
FECR;THR3Dx,1,0,22,25
FECR;TSULt4_3,1,0,22,25
FECR;TYRDOPO,1,0,22,25
FECR;UDPG4E,1,0,22,25
FECR;UDPGALt2r,1,0,22,25
FECR;UDPGALtg,1,0,22,25
FECR;UDPGGPGTr,1,0,22,25
FECR;UGCGc,1,0,22,25
FECR;UGLCNACtg,1,0,22,25
FECR;UMPtr,1,0,22,25
FKYNH;GF6PTA,0,1,23,24
FKYNH;MDH,0,1,23,24
FKYNH;PFK,0,1,23,24
FKYNH;PGI,0,1,23,24
FKYNH;UAGDP,0,1,23,24
FOLR2;FTMTm,1,0,22,25
FOLR2;GLYt2r,1,0,22,25
FOLR2;GLYtm,1,0,22,25
FOLtm;Htm,1,1,22,24
FOLtm;NADH2_u10m,3,1,20,24
FOLtm;O2tm,1,0,22,25
FOLtm;PIt2m_2,0,1,23,24
FOLtm;PYK,0,1,23,24
FOLtm;THFtm,0,1,23,24
FRDPtc;GF6PTA,0,1,23,24
FRDPtc;GLUt2m,0,1,23,24
FRDPtc;H2O2t,1,0,22,25
FRDPtc;ICITACONtm,0,1,23,24
FRDPtc;MTHFC,0,1,23,24
FRDPtc;MTHFD,0,1,23,24
FRDPtc;PE_HStm,1,0,22,25
FRDPtc;PSDm_hs,1,0,22,25
FRDPtc;PSFLIPm,1,0,22,25
FRDPtc;THFtm,1,0,22,25
FRDPtc;THRA,1,0,22,25
FRDPtc;UAGDP,0,1,23,24
FRDPtcr;HSD3B11,1,0,22,25
FRDPtcr;P45011A1m,1,0,22,25
FRDPtcr;PE_HStm,1,0,22,25
FRDPtcr;PRGNLONEtm,1,0,22,25
FRDPtcr;PRGSTRNt,1,0,22,25
FRDPtcr;PSDm_hs,1,0,22,25
FRDPtcr;PSFLIPm,1,0,22,25
FTCD;GHMT2r,0,1,23,24
FTCD;MTHFD,0,1,23,24
FTHFDHm;GHMT2r,0,1,23,24
FTHFDHm;GLUDym,1,0,22,25
FTHFDHm;GLUt2e,0,1,23,24
FTHFDHm;MTHFD,0,1,23,24
FTHFDHm;PIt8,0,1,23,24
FTMTm;GALGLUSIDEtg,1,0,22,25
FTMTm;GALGLUSIDEtr,1,0,22,25
FTMTm;GDPFUCtg,1,0,22,25
FTMTm;GDPtg,1,0,22,25
FTMTm;GFUCSx,1,0,22,25
FTMTm;GLUDxm,1,0,22,25
FTMTm;GLYt2r,1,0,22,25
FTMTm;GMAND,1,0,22,25
FTMTm;GMPtg,1,0,22,25
FTMTm;GTPGDPtm,1,0,22,25
FTMTm;H2Otg,1,0,22,25
FTMTm;HCO3E,2,0,21,25
FTMTm;HCO3Em,1,0,22,25
FTMTm;HCO3tm,1,0,22,25
FTMTm;Htg,1,0,22,25
FTMTm;Htm,1,0,22,25
FTMTm;ICITCITtm,1,0,22,25
FTMTm;ICITMALtm,1,0,22,25
FTMTm;IMAGH,1,0,22,25
FTMTm;L_LACtcm,0,1,23,24
FTMTm;L_LACtm,0,1,23,24
FTMTm;MALTSULtm,1,0,22,25
FTMTm;MAN1PT2,1,0,22,25
FTMTm;MAN6PI,1,0,22,25
FTMTm;NACDe,1,0,22,25
FTMTm;NACPRT,1,0,22,25
FTMTm;NADH2_u10m,4,0,19,25
FTMTm;NCAMDe,1,0,22,25
FTMTm;NDP7er,1,0,22,25
FTMTm;NDP7g,1,0,22,25
FTMTm;NH4tm,1,0,22,25
FTMTm;NMNDA,1,0,22,25
FTMTm;NMNS,1,0,22,25
FTMTm;PFK2,1,0,22,25
FTMTm;PGAM1_PhosHydro,1,0,22,25
FTMTm;PGI,1,0,22,25
FTMTm;PIt2m_2,1,0,22,25
FTMTm;PItg,1,0,22,25
FTMTm;PMANM,1,0,22,25
FTMTm;PPItm,1,0,22,25
FTMTm;RDH1,0,1,23,24
FTMTm;RDH1a,0,1,23,24
FTMTm;SQORm,1,0,22,25
FTMTm;THFtm,3,0,20,25
FTMTm;THR3Dx,1,0,22,25
FTMTm;TSULt4_3,1,0,22,25
FTMTm;TYRDOPO,1,0,22,25
FTMTm;UDPG4E,1,0,22,25
FTMTm;UDPGALt2r,1,0,22,25
FTMTm;UDPGALtg,1,0,22,25
FTMTm;UDPGGPGTr,1,0,22,25
FTMTm;UGCGc,1,0,22,25
FTMTm;UGLCNACtg,1,0,22,25
FTMTm;UMPtr,1,0,22,25
FUCACNGAL14ACGLCGALGLUSIDEte;FUCACNGALACGLCGALGLUSIDEte,1,1,22,24
FUCACNGAL14ACGLCGALGLUSIDEte;FUCACNGALACGLCGALGLUSIDEtg,1,1,22,24
FUCACNGAL14ACGLCGALGLUSIDEte;FUT32g,1,1,22,24
FUCACNGAL14ACGLCGALGLUSIDEte;GPDDA1,0,1,23,24
FUCACNGAL14ACGLCGALGLUSIDEte;LPASE,0,1,23,24
FUCACNGAL14ACGLCGALGLUSIDEte;METDECARc,1,0,22,25
FUCACNGAL14ACGLCGALGLUSIDEte;METTRANSc,1,0,22,25
FUCACNGAL14ACGLCGALGLUSIDEte;R_group_phosphotase_1,0,1,23,24
FUCACNGAL14ACGLCGALGLUSIDEte;ST3GAL31g,1,1,22,24
FUCACNGAL14ACGLCGALGLUSIDEte;TPI,3,0,20,25
FUCACNGAL14ACGLCGALGLUSIDEtg;FUCACNGALACGLCGALGLUSIDEte,1,1,22,24
FUCACNGAL14ACGLCGALGLUSIDEtg;FUCACNGALACGLCGALGLUSIDEtg,1,1,22,24
FUCACNGAL14ACGLCGALGLUSIDEtg;FUT32g,1,1,22,24
FUCACNGAL14ACGLCGALGLUSIDEtg;GPDDA1,0,1,23,24
FUCACNGAL14ACGLCGALGLUSIDEtg;LPASE,0,1,23,24
FUCACNGAL14ACGLCGALGLUSIDEtg;METDECARc,1,0,22,25
FUCACNGAL14ACGLCGALGLUSIDEtg;METTRANSc,1,0,22,25
FUCACNGAL14ACGLCGALGLUSIDEtg;R_group_phosphotase_1,0,1,23,24
FUCACNGAL14ACGLCGALGLUSIDEtg;ST3GAL31g,1,1,22,24
FUCACNGAL14ACGLCGALGLUSIDEtg;TPI,3,0,20,25
FUCACNGALACGLCGALGLUSIDEte;FUT92g,1,1,22,24
FUCACNGALACGLCGALGLUSIDEte;ST3GAL61g,1,1,22,24
FUCACNGALACGLCGALGLUSIDEte;TPI,2,0,21,25
FUCACNGALACGLCGALGLUSIDEtg;FUT92g,1,1,22,24
FUCACNGALACGLCGALGLUSIDEtg;ST3GAL61g,1,1,22,24
FUCACNGALACGLCGALGLUSIDEtg;TPI,2,0,21,25
FUCFUCFUCGALACGLC13GALACGLCGAL14ACGLCGALGLUSIDEte;H2Oter,1,0,22,25
FUCFUCFUCGALACGLC13GALACGLCGAL14ACGLCGALGLUSIDEtg;H2Oter,1,0,22,25
FUM;FUMMALtm,0,1,23,24
FUM;FUMm,0,2,23,23
FUM;FUMtm,0,1,23,24
FUM;GLUt2m,0,1,23,24
FUM;MALtm,0,1,23,24
FUM;PYK,0,1,23,24
FUMMALtm;GLUt2m,0,1,23,24
FUMMALtm;PYK,0,1,23,24
FUMm;GLUt2m,0,1,23,24
FUMm;MALtm,0,1,23,24
FUMm;PYK,0,1,23,24
FUMtm;MALtm,0,1,23,24
FUT32g;FUT92g,1,1,22,24
FUT32g;ST3GAL61g,1,1,22,24
FUT32g;TPI,2,0,21,25
FUT910g;H2Oter,1,0,22,25
FUT911g;H2Oter,1,0,22,25
FUT92g;GPDDA1,0,1,23,24
FUT92g;LPASE,0,1,23,24
FUT92g;METDECARc,1,0,22,25
FUT92g;METTRANSc,1,0,22,25
FUT92g;R_group_phosphotase_1,0,1,23,24
FUT92g;ST3GAL31g,1,1,22,24
FUT92g;TPI,3,0,20,25
FUT99g;H2Oter,1,0,22,25
G12MT1;GALGLUSIDEtg,1,1,22,24
G12MT1;GALGLUSIDEtr,1,1,22,24
G12MT1;GDPFUCtg,1,1,22,24
G12MT1;GDPtg,1,1,22,24
G12MT1;GFUCSx,1,1,22,24
G12MT1;GMAND,1,1,22,24
G12MT1;GMPtg,1,1,22,24
G12MT1;GPDDA1,0,1,23,24
G12MT1;H2Oter,1,0,22,25
G12MT1;Htr,1,1,22,24
G12MT1;LARGEg,0,1,23,24
G12MT1;LPASE,0,1,23,24
G12MT1;NDP7er,1,2,22,23
G12MT1;PCOREM3terg,0,1,23,24
G12MT1;PGAM1_PhosHydro,1,0,22,25
G12MT1;PGI,0,1,23,24
G12MT1;POCDPRBTLT2g,0,1,23,24
G12MT1;POCDPRBTLTg,0,1,23,24
G12MT1;POGLCNACTg,0,1,23,24
G12MT1;POMGNGALNTr,0,1,23,24
G12MT1;POMGNTr,0,1,23,24
G12MT1;POMKr,0,1,23,24
G12MT1;POXYLTg,0,1,23,24
G12MT1;RBT5PCYTr,0,1,23,24
G12MT1;RBT5PDH,0,1,23,24
G12MT1;R_group_phosphotase_1,0,1,23,24
G12MT1;TXA2tr,0,1,23,24
G12MT1;TXB2c,0,1,23,24
G12MT1;TXB2r,0,1,23,24
G12MT1;TXB2tr,0,1,23,24
G12MT1;UACGAMUMPtr,0,1,23,24
G12MT1;UAG4E,0,1,23,24
G12MT1;UDPG4E,1,1,22,24
G12MT1;UDPGALt2r,1,1,22,24
G12MT1;UDPGALtg,1,1,22,24
G12MT1;UDPGD,0,1,23,24
G12MT1;UDPGGPGTr,1,1,22,24
G12MT1;UDPGLCAtg,0,1,23,24
G12MT1;UDPGLDCg,0,1,23,24
G12MT1;UGALNACter,0,1,23,24
G12MT1;UGCGc,1,1,22,24
G12MT1;UMPtr,1,1,22,24
G12MT2;GALGLUSIDEtg,1,1,22,24
G12MT2;GALGLUSIDEtr,1,1,22,24
G12MT2;GDPFUCtg,1,1,22,24
G12MT2;GDPtg,1,1,22,24
G12MT2;GFUCSx,1,1,22,24
G12MT2;GMAND,1,1,22,24
G12MT2;GMPtg,1,1,22,24
G12MT2;GPDDA1,0,1,23,24
G12MT2;H2Oter,1,0,22,25
G12MT2;Htr,1,1,22,24
G12MT2;LARGEg,0,1,23,24
G12MT2;LPASE,0,1,23,24
G12MT2;NDP7er,1,2,22,23
G12MT2;PCOREM3terg,0,1,23,24
G12MT2;PGAM1_PhosHydro,1,0,22,25
G12MT2;PGI,0,1,23,24
G12MT2;POCDPRBTLT2g,0,1,23,24
G12MT2;POCDPRBTLTg,0,1,23,24
G12MT2;POGLCNACTg,0,1,23,24
G12MT2;POMGNGALNTr,0,1,23,24
G12MT2;POMGNTr,0,1,23,24
G12MT2;POMKr,0,1,23,24
G12MT2;POXYLTg,0,1,23,24
G12MT2;RBT5PCYTr,0,1,23,24
G12MT2;RBT5PDH,0,1,23,24
G12MT2;R_group_phosphotase_1,0,1,23,24
G12MT2;TXA2tr,0,1,23,24
G12MT2;TXB2c,0,1,23,24
G12MT2;TXB2r,0,1,23,24
G12MT2;TXB2tr,0,1,23,24
G12MT2;UACGAMUMPtr,0,1,23,24
G12MT2;UAG4E,0,1,23,24
G12MT2;UDPG4E,1,1,22,24
G12MT2;UDPGALt2r,1,1,22,24
G12MT2;UDPGALtg,1,1,22,24
G12MT2;UDPGD,0,1,23,24
G12MT2;UDPGGPGTr,1,1,22,24
G12MT2;UDPGLCAtg,0,1,23,24
G12MT2;UDPGLDCg,0,1,23,24
G12MT2;UGALNACter,0,1,23,24
G12MT2;UGCGc,1,1,22,24
G12MT2;UMPtr,1,1,22,24
G13MT;GALGLUSIDEtg,1,1,22,24
G13MT;GALGLUSIDEtr,1,1,22,24
G13MT;GDPFUCtg,1,1,22,24
G13MT;GDPtg,1,1,22,24
G13MT;GFUCSx,1,1,22,24
G13MT;GMAND,1,1,22,24
G13MT;GMPtg,1,1,22,24
G13MT;GPDDA1,0,1,23,24
G13MT;H2Oter,1,0,22,25
G13MT;Htr,1,1,22,24
G13MT;LARGEg,0,1,23,24
G13MT;LPASE,0,1,23,24
G13MT;NDP7er,1,2,22,23
G13MT;PCOREM3terg,0,1,23,24
G13MT;PGAM1_PhosHydro,1,0,22,25
G13MT;PGI,0,1,23,24
G13MT;POCDPRBTLT2g,0,1,23,24
G13MT;POCDPRBTLTg,0,1,23,24
G13MT;POGLCNACTg,0,1,23,24
G13MT;POMGNGALNTr,0,1,23,24
G13MT;POMGNTr,0,1,23,24
G13MT;POMKr,0,1,23,24
G13MT;POXYLTg,0,1,23,24
G13MT;RBT5PCYTr,0,1,23,24
G13MT;RBT5PDH,0,1,23,24
G13MT;R_group_phosphotase_1,0,1,23,24
G13MT;TXA2tr,0,1,23,24
G13MT;TXB2c,0,1,23,24
G13MT;TXB2r,0,1,23,24
G13MT;TXB2tr,0,1,23,24
G13MT;UACGAMUMPtr,0,1,23,24
G13MT;UAG4E,0,1,23,24
G13MT;UDPG4E,1,1,22,24
G13MT;UDPGALt2r,1,1,22,24
G13MT;UDPGALtg,1,1,22,24
G13MT;UDPGD,0,1,23,24
G13MT;UDPGGPGTr,1,1,22,24
G13MT;UDPGLCAtg,0,1,23,24
G13MT;UDPGLDCg,0,1,23,24
G13MT;UGALNACter,0,1,23,24
G13MT;UGCGc,1,1,22,24
G13MT;UMPtr,1,1,22,24
G16MT;GALGLUSIDEtg,1,1,22,24
G16MT;GALGLUSIDEtr,1,1,22,24
G16MT;GDPFUCtg,1,1,22,24
G16MT;GDPtg,1,1,22,24
G16MT;GFUCSx,1,1,22,24
G16MT;GMAND,1,1,22,24
G16MT;GMPtg,1,1,22,24
G16MT;GPDDA1,0,1,23,24
G16MT;H2Oter,1,0,22,25
G16MT;Htr,1,1,22,24
G16MT;LARGEg,0,1,23,24
G16MT;LPASE,0,1,23,24
G16MT;NDP7er,1,2,22,23
G16MT;PCOREM3terg,0,1,23,24
G16MT;PGAM1_PhosHydro,1,0,22,25
G16MT;PGI,0,1,23,24
G16MT;POCDPRBTLT2g,0,1,23,24
G16MT;POCDPRBTLTg,0,1,23,24
G16MT;POGLCNACTg,0,1,23,24
G16MT;POMGNGALNTr,0,1,23,24
G16MT;POMGNTr,0,1,23,24
G16MT;POMKr,0,1,23,24
G16MT;POXYLTg,0,1,23,24
G16MT;RBT5PCYTr,0,1,23,24
G16MT;RBT5PDH,0,1,23,24
G16MT;R_group_phosphotase_1,0,1,23,24
G16MT;TXA2tr,0,1,23,24
G16MT;TXB2c,0,1,23,24
G16MT;TXB2r,0,1,23,24
G16MT;TXB2tr,0,1,23,24
G16MT;UACGAMUMPtr,0,1,23,24
G16MT;UAG4E,0,1,23,24
G16MT;UDPG4E,1,1,22,24
G16MT;UDPGALt2r,1,1,22,24
G16MT;UDPGALtg,1,1,22,24
G16MT;UDPGD,0,1,23,24
G16MT;UDPGGPGTr,1,1,22,24
G16MT;UDPGLCAtg,0,1,23,24
G16MT;UDPGLDCg,0,1,23,24
G16MT;UGALNACter,0,1,23,24
G16MT;UGCGc,1,1,22,24
G16MT;UMPtr,1,1,22,24
G3PD2m;GLYtm,1,0,22,25
G3PD2m;ILETAm,1,0,22,25
G3PD2m;ILEt5m,1,0,22,25
G3PD2m;TIGGLYc,1,0,22,25
G3PD2m;TIGGLYte,1,0,22,25
G3PD2m;TIGGLYtm,1,0,22,25
G6PDH1rer;ARTFR41,1,0,22,25
G6PDH1rer;ARTFR52,1,1,22,24
G6PDH1rer;ARTPLM1,0,1,23,24
G6PDH1rer;G6PDH2rer,2,1,21,24
G6PDH1rer;GLYt2r,2,0,21,25
G6PDH1rer;GLYtm,1,0,22,25
G6PDH1rer;H2Oter,1,0,22,25
G6PDH1rer;HACD180,0,1,23,24
G6PDH1rer;HACD200,1,1,22,24
G6PDH1rer;HACD201,0,1,23,24
G6PDH1rer;HACD220,1,1,22,24
G6PDH1rer;HACD221,0,1,23,24
G6PDH1rer;HACD240,1,1,22,24
G6PDH1rer;HACD241,0,1,23,24
G6PDH1rer;HACD260,1,1,22,24
G6PDH1rer;HEXCCOAtr,1,1,22,24
G6PDH1rer;HSD180,0,1,23,24
G6PDH1rer;HSD200,1,1,22,24
G6PDH1rer;HSD201,0,1,23,24
G6PDH1rer;HSD220,1,1,22,24
G6PDH1rer;HSD221,0,1,23,24
G6PDH1rer;HSD240,1,1,22,24
G6PDH1rer;HSD241,0,1,23,24
G6PDH1rer;HSD260,1,1,22,24
G6PDH1rer;Htr,0,1,23,24
G6PDH1rer;Htx,0,1,23,24
G6PDH1rer;ILETA,1,0,22,25
G6PDH1rer;NRVNCCOAtr,0,1,23,24
G6PDH1rer;NRVNCCOAtxc,0,1,23,24
G6PDH1rer;PFK,1,0,22,25
G6PDH1rer;PGI,1,0,22,25
G6PDH1rer;PLMCOAPTr,1,0,22,25
G6PDH1rer;PMTCOAFABP1tc,0,1,23,24
G6PDH1rer;PPA,0,1,23,24
G6PDH1rer;RTOT5,1,1,22,24
G6PDH1rer;TECR180,0,1,23,24
G6PDH1rer;TECR200,1,1,22,24
G6PDH1rer;TECR201,0,1,23,24
G6PDH1rer;TECR220,1,1,22,24
G6PDH1rer;TECR221,0,1,23,24
G6PDH1rer;TECR240,1,1,22,24
G6PDH1rer;TECR241,0,1,23,24
G6PDH1rer;TECR260,1,1,22,24
G6PDH1rer;THRA,1,0,22,25
G6PDH1rer;TIGGLYc,1,0,22,25
G6PDH1rer;TIGGLYte,1,0,22,25
G6PDH1rer;TIGGLYtm,1,0,22,25
G6PDH1rer;TYROX,1,0,22,25
G6PDH1rer;TYRTA,1,0,22,25
G6PDH2r;G6Pter,0,1,23,24
G6PDH2r;GF6PTA,0,1,23,24
G6PDH2r;GLUDxm,0,1,23,24
G6PDH2r;GLUt2m,0,1,23,24
G6PDH2r;H2Ot,0,1,23,24
G6PDH2r;HAS1,0,1,23,24
G6PDH2r;HAS2,0,1,23,24
G6PDH2r;HYALe,0,1,23,24
G6PDH2r;ILEOX,0,1,23,24
G6PDH2r;ILETA,0,1,23,24
G6PDH2r;NADH2_u10m,0,1,23,24
G6PDH2r;NH4tm,0,1,23,24
G6PDH2r;O2tp,0,1,23,24
G6PDH2r;OROTGLUt,0,1,23,24
G6PDH2r;OROTte,0,1,23,24
G6PDH2r;PEPCK,0,1,23,24
G6PDH2r;PFK,0,4,23,21
G6PDH2r;PFK_3,1,0,22,25
G6PDH2r;PGI,1,6,22,19
G6PDH2r;PPAer,0,1,23,24
G6PDH2r;PPIPItr,0,1,23,24
G6PDH2r;RADH,0,1,23,24
G6PDH2r;RADH3,0,1,23,24
G6PDH2r;RAI3,0,1,23,24
G6PDH2r;RDH1a,0,1,23,24
G6PDH2r;RDH4,0,1,23,24
G6PDH2r;RETI3,0,1,23,24
G6PDH2r;RPE,1,1,22,24
G6PDH2r;SBTR,0,1,23,24
G6PDH2r;SBT_Dtde,0,1,23,24
G6PDH2r;TALA,1,1,22,24
G6PDH2r;THRA,0,2,23,23
G6PDH2r;TKT1,1,1,22,24
G6PDH2r;TKT2,1,1,22,24
G6PDH2r;UAGDP,0,1,23,24
G6PDH2r;UDPGD,0,1,23,24
G6PDH2rer;ARTFR41,1,0,22,25
G6PDH2rer;G6Pter,1,2,22,23
G6PDH2rer;GAPD,0,1,23,24
G6PDH2rer;GLYt2r,2,0,21,25
G6PDH2rer;GLYtm,1,0,22,25
G6PDH2rer;H2Oter,2,0,21,25
G6PDH2rer;HACD180,0,2,23,23
G6PDH2rer;HACD201,0,2,23,23
G6PDH2rer;HACD221,0,2,23,23
G6PDH2rer;HACD241,0,2,23,23
G6PDH2rer;HSD180,0,2,23,23
G6PDH2rer;HSD201,0,2,23,23
G6PDH2rer;HSD221,0,2,23,23
G6PDH2rer;HSD241,0,2,23,23
G6PDH2rer;Htr,0,2,23,23
G6PDH2rer;Htx,0,1,23,24
G6PDH2rer;ILETA,1,0,22,25
G6PDH2rer;LDH_L,0,1,23,24
G6PDH2rer;L_LACt2r,0,1,23,24
G6PDH2rer;MALCOAMT,0,2,23,23
G6PDH2rer;MALCOAMTr,0,2,23,23
G6PDH2rer;NADHtpu,0,1,23,24
G6PDH2rer;NADPHtru,7,2,16,23
G6PDH2rer;NADPtru,7,2,16,23
G6PDH2rer;NADtx,0,1,23,24
G6PDH2rer;NRVNCCOAtr,0,2,23,23
G6PDH2rer;NRVNCCOAtxc,0,2,23,23
G6PDH2rer;O2tp,0,2,23,23
G6PDH2rer;PFK,1,0,22,25
G6PDH2rer;PFK_3,5,0,18,25
G6PDH2rer;PGI,7,0,16,25
G6PDH2rer;PGK,0,1,23,24
G6PDH2rer;PGM,0,1,23,24
G6PDH2rer;PIter,1,0,22,25
G6PDH2rer;PLMCOAPTr,1,0,22,25
G6PDH2rer;PMTCOAPTr,0,1,23,24
G6PDH2rer;PPAer,1,0,22,25
G6PDH2rer;PPIPItr,1,0,22,25
G6PDH2rer;PRISTANALtx,0,1,23,24
G6PDH2rer;PRISTtx,0,1,23,24
G6PDH2rer;PYK7,0,1,23,24
G6PDH2rer;RPE,5,0,18,25
G6PDH2rer;RU5Ptr,5,0,18,25
G6PDH2rer;TALA,5,0,18,25
G6PDH2rer;TECR180,0,2,23,23
G6PDH2rer;TECR201,0,2,23,23
G6PDH2rer;TECR221,0,2,23,23
G6PDH2rer;TECR241,0,2,23,23
G6PDH2rer;THRA,1,0,22,25
G6PDH2rer;TIGGLYc,1,0,22,25
G6PDH2rer;TIGGLYte,1,0,22,25
G6PDH2rer;TIGGLYtm,1,0,22,25
G6PDH2rer;TKT1,5,0,18,25
G6PDH2rer;TKT2,5,0,18,25
G6PDH2rer;TPI,0,1,23,24
G6PDH2rer;TYROX,1,0,22,25
G6PDH2rer;TYRTA,1,0,22,25
G6PPer;GALU,0,1,23,24
G6PPer;GF6PTA,0,1,23,24
G6PPer;H2Otg,0,1,23,24
G6PPer;HACD180,0,1,23,24
G6PPer;HACD201,0,1,23,24
G6PPer;HACD221,0,1,23,24
G6PPer;HCO3_NAt,0,1,23,24
G6PPer;HSD180,0,1,23,24
G6PPer;HSD201,0,1,23,24
G6PPer;HSD221,0,1,23,24
G6PPer;Htg,0,1,23,24
G6PPer;Htr,0,1,23,24
G6PPer;MALCOAMT,0,1,23,24
G6PPer;MALCOAMTr,0,1,23,24
G6PPer;MAN1PT2,0,1,23,24
G6PPer;MAN6PI,0,1,23,24
G6PPer;NADHtru,0,1,23,24
G6PPer;NADtru,0,1,23,24
G6PPer;NDP7g,0,1,23,24
G6PPer;PGMT,0,1,23,24
G6PPer;PItg,0,1,23,24
G6PPer;PMANM,0,1,23,24
G6PPer;PMTCOAFABP1tc,0,1,23,24
G6PPer;TECR180,0,1,23,24
G6PPer;TECR201,0,1,23,24
G6PPer;TECR221,0,1,23,24
G6PPer;THRA,0,2,23,23
G6PPer;UAGDP,0,1,23,24
G6Pt6er;G6Pter,1,0,22,25
G6Pt6er;GLUt6,1,0,22,25
G6Pt6er;GLYC3Ptmc,1,0,22,25
G6Pt6er;GPDDA1,0,1,23,24
G6Pt6er;H2Oter,1,2,22,23
G6Pt6er;Htm,1,0,22,25
G6Pt6er;Htr,0,5,23,20
G6Pt6er;LPASE,0,1,23,24
G6Pt6er;NADPHtru,1,0,22,25
G6Pt6er;NADPtru,1,0,22,25
G6Pt6er;PFK_3,1,0,22,25
G6Pt6er;PGI,1,2,22,23
G6Pt6er;PIt7,1,0,22,25
G6Pt6er;PIt8,0,1,23,24
G6Pt6er;PIter,1,0,22,25
G6Pt6er;RPE,1,0,22,25
G6Pt6er;RU5Ptr,1,0,22,25
G6Pt6er;R_group_phosphotase_1,0,1,23,24
G6Pt6er;SUCOAS1m,0,1,23,24
G6Pt6er;TALA,1,0,22,25
G6Pt6er;TKT1,1,0,22,25
G6Pt6er;TKT2,1,0,22,25
G6Pt6er;TPI,2,0,21,25
G6Pt6er;TXA2tr,0,3,23,22
G6Pt6er;TXB2c,0,3,23,22
G6Pt6er;TXB2r,0,3,23,22
G6Pt6er;TXB2tr,0,3,23,22
G6Pter;GALGLUSIDEtg,3,1,20,24
G6Pter;GALGLUSIDEtr,3,1,20,24
G6Pter;GALU,4,1,19,24
G6Pter;GDPFUCtg,3,1,20,24
G6Pter;GDPtg,3,1,20,24
G6Pter;GF6PTA,3,1,20,24
G6Pter;GFUCSx,3,1,20,24
G6Pter;GLUt6,1,0,22,25
G6Pter;GMAND,3,1,20,24
G6Pter;GMPtg,3,1,20,24
G6Pter;GND,0,1,23,24
G6Pter;GNDer,2,1,21,24
G6Pter;GPDDA1,0,1,23,24
G6Pter;H2Oter,0,2,23,23
G6Pter;H2Otg,3,1,20,24
G6Pter;HACD180,0,2,23,23
G6Pter;HACD201,0,2,23,23
G6Pter;HACD221,0,2,23,23
G6Pter;HACD241,0,2,23,23
G6Pter;HSD180,0,2,23,23
G6Pter;HSD201,0,2,23,23
G6Pter;HSD221,0,2,23,23
G6Pter;HSD241,0,2,23,23
G6Pter;Htg,3,1,20,24
G6Pter;Htr,1,9,22,16
G6Pter;Htx,0,2,23,23
G6Pter;LPASE,0,1,23,24
G6Pter;MALCOAMT,0,2,23,23
G6Pter;MALCOAMTr,0,2,23,23
G6Pter;MAN1PT2,3,1,20,24
G6Pter;MAN6PI,3,1,20,24
G6Pter;NADHtpu,0,2,23,23
G6Pter;NADPHtru,4,2,19,23
G6Pter;NADPtru,4,2,19,23
G6Pter;NADtx,0,2,23,23
G6Pter;NDP7er,3,1,20,24
G6Pter;NDP7g,3,1,20,24
G6Pter;NRVNCCOAtr,0,2,23,23
G6Pter;NRVNCCOAtxc,0,2,23,23
G6Pter;O2tp,0,2,23,23
G6Pter;PFK2,1,0,22,25
G6Pter;PGI,3,2,20,23
G6Pter;PGL,0,1,23,24
G6Pter;PGLer,2,1,21,24
G6Pter;PGMT,4,1,19,24
G6Pter;PIt7,1,0,22,25
G6Pter;PIt8,0,2,23,23
G6Pter;PItg,3,1,20,24
G6Pter;PMANM,3,1,20,24
G6Pter;PMTCOAFABP1tc,0,1,23,24
G6Pter;PPAer,2,0,21,25
G6Pter;PPIPItr,2,0,21,25
G6Pter;RPE,2,0,21,25
G6Pter;RU5Ptr,2,1,21,24
G6Pter;R_group_phosphotase_1,0,1,23,24
G6Pter;SERATB0tc,1,0,22,25
G6Pter;SUCOAS1m,0,1,23,24
G6Pter;TALA,1,0,22,25
G6Pter;TECR180,0,2,23,23
G6Pter;TECR201,0,2,23,23
G6Pter;TECR221,0,2,23,23
G6Pter;TECR241,0,2,23,23
G6Pter;THRA,0,1,23,24
G6Pter;TKT1,2,0,21,25
G6Pter;TKT2,2,0,21,25
G6Pter;TPI,2,0,21,25
G6Pter;TXA2tr,0,3,23,22
G6Pter;TXB2c,0,3,23,22
G6Pter;TXB2r,0,3,23,22
G6Pter;TXB2tr,0,3,23,22
G6Pter;TYRTA,1,0,22,25
G6Pter;UAGDP,3,1,20,24
G6Pter;UDPG4E,3,1,20,24
G6Pter;UDPGALt2r,3,1,20,24
G6Pter;UDPGALtg,3,1,20,24
G6Pter;UDPGGPGTr,3,1,20,24
G6Pter;UGCGc,3,1,20,24
G6Pter;UGLCNACtg,3,0,20,25
G6Pter;UMPtr,2,1,21,24
GALGLUSIDEtg;ARTFR42,2,0,21,25
GALGLUSIDEtg;ARTPLM1,0,1,23,24
GALGLUSIDEtg;GALNTg,0,1,23,24
GALGLUSIDEtg;GLCNACPT,1,1,22,24
GALGLUSIDEtg;GLCNACT,1,1,22,24
GALGLUSIDEtg;GLCter,1,2,22,23
GALGLUSIDEtg;GLUt6,2,0,21,25
GALGLUSIDEtg;GLYC3Ptmc,1,0,22,25
GALGLUSIDEtg;GPDDA1,0,1,23,24
GALGLUSIDEtg;H2Oter,2,1,21,24
GALGLUSIDEtg;HAS1,1,0,22,25
GALGLUSIDEtg;HAS2,1,0,22,25
GALGLUSIDEtg;HEX16,1,1,22,24
GALGLUSIDEtg;Htm,1,0,22,25
GALGLUSIDEtg;Htr,1,1,22,24
GALGLUSIDEtg;KCCt,1,0,22,25
GALGLUSIDEtg;LPASE,0,1,23,24
GALGLUSIDEtg;M1316Mg,1,1,22,24
GALGLUSIDEtg;M13N2Tg,1,1,22,24
GALGLUSIDEtg;M16N4Tg,1,0,22,25
GALGLUSIDEtg;M16NTg,1,0,22,25
GALGLUSIDEtg;M4MPDOL_ter,1,1,22,24
GALGLUSIDEtg;M7MASNBterg,0,1,23,24
GALGLUSIDEtg;M8MASNterg,1,0,22,25
GALGLUSIDEtg;MANter,0,1,23,24
GALGLUSIDEtg;MANtg,1,1,22,24
GALGLUSIDEtg;MG1er,1,1,22,24
GALGLUSIDEtg;MG2er,1,1,22,24
GALGLUSIDEtg;MG3er,1,1,22,24
GALGLUSIDEtg;MM5ag,1,0,22,25
GALGLUSIDEtg;MM5bg,0,1,23,24
GALGLUSIDEtg;MM6B1bg,0,1,23,24
GALGLUSIDEtg;MM6bg,1,0,22,25
GALGLUSIDEtg;MM7B2g,0,1,23,24
GALGLUSIDEtg;MM7Cag,1,0,22,25
GALGLUSIDEtg;MM8Ag,1,0,22,25
GALGLUSIDEtg;MM8Ber,0,1,23,24
GALGLUSIDEtg;OCDE9ECOAtr,2,0,21,25
GALGLUSIDEtg;PFK_3,1,0,22,25
GALGLUSIDEtg;PIt7,1,0,22,25
GALGLUSIDEtg;PIt8,0,1,23,24
GALGLUSIDEtg;PPAer,0,3,23,22
GALGLUSIDEtg;PPIPItr,0,3,23,22
GALGLUSIDEtg;R_group_phosphotase_1,0,1,23,24
GALGLUSIDEtg;SE10,1,0,22,25
GALGLUSIDEtg;SOAT6,1,0,22,25
GALGLUSIDEtg;TPI,5,0,18,25
GALGLUSIDEtg;UAG4E,0,1,23,24
GALGLUSIDEtg;UDPDOLPT,1,1,22,24
GALGLUSIDEtg;UDPGD,1,0,22,25
GALGLUSIDEtg;UGALNACtg,0,1,23,24
GALGLUSIDEtr;ARTFR42,2,0,21,25
GALGLUSIDEtr;ARTPLM1,0,1,23,24
GALGLUSIDEtr;GALNTg,0,1,23,24
GALGLUSIDEtr;GLCNACPT,1,1,22,24
GALGLUSIDEtr;GLCNACT,1,1,22,24
GALGLUSIDEtr;GLCter,1,2,22,23
GALGLUSIDEtr;GLUt6,2,0,21,25
GALGLUSIDEtr;GLYC3Ptmc,1,0,22,25
GALGLUSIDEtr;GPDDA1,0,1,23,24
GALGLUSIDEtr;H2Oter,2,1,21,24
GALGLUSIDEtr;HAS1,1,0,22,25
GALGLUSIDEtr;HAS2,1,0,22,25
GALGLUSIDEtr;HEX16,1,1,22,24
GALGLUSIDEtr;Htm,1,0,22,25
GALGLUSIDEtr;Htr,1,1,22,24
GALGLUSIDEtr;KCCt,1,0,22,25
GALGLUSIDEtr;LPASE,0,1,23,24
GALGLUSIDEtr;M1316Mg,1,1,22,24
GALGLUSIDEtr;M13N2Tg,1,1,22,24
GALGLUSIDEtr;M16N4Tg,1,0,22,25
GALGLUSIDEtr;M16NTg,1,0,22,25
GALGLUSIDEtr;M4MPDOL_ter,1,1,22,24
GALGLUSIDEtr;M7MASNBterg,0,1,23,24
GALGLUSIDEtr;M8MASNterg,1,0,22,25
GALGLUSIDEtr;MANter,0,1,23,24
GALGLUSIDEtr;MANtg,1,1,22,24
GALGLUSIDEtr;MG1er,1,1,22,24
GALGLUSIDEtr;MG2er,1,1,22,24
GALGLUSIDEtr;MG3er,1,1,22,24
GALGLUSIDEtr;MM5ag,1,0,22,25
GALGLUSIDEtr;MM5bg,0,1,23,24
GALGLUSIDEtr;MM6B1bg,0,1,23,24
GALGLUSIDEtr;MM6bg,1,0,22,25
GALGLUSIDEtr;MM7B2g,0,1,23,24
GALGLUSIDEtr;MM7Cag,1,0,22,25
GALGLUSIDEtr;MM8Ag,1,0,22,25
GALGLUSIDEtr;MM8Ber,0,1,23,24
GALGLUSIDEtr;OCDE9ECOAtr,2,0,21,25
GALGLUSIDEtr;PFK_3,1,0,22,25
GALGLUSIDEtr;PIt7,1,0,22,25
GALGLUSIDEtr;PIt8,0,1,23,24
GALGLUSIDEtr;PPAer,0,3,23,22
GALGLUSIDEtr;PPIPItr,0,3,23,22
GALGLUSIDEtr;R_group_phosphotase_1,0,1,23,24
GALGLUSIDEtr;SE10,1,0,22,25
GALGLUSIDEtr;SOAT6,1,0,22,25
GALGLUSIDEtr;TPI,5,0,18,25
GALGLUSIDEtr;UAG4E,0,1,23,24
GALGLUSIDEtr;UDPDOLPT,1,1,22,24
GALGLUSIDEtr;UDPGD,1,0,22,25
GALGLUSIDEtr;UGALNACtg,0,1,23,24
GALM2;GLCt1r,0,1,23,24
GALM2;GLCt4_2,1,1,22,24
GALNTg;GALU,1,1,22,24
GALNTg;GDPFUCtg,0,1,23,24
GALNTg;GDPtg,0,1,23,24
GALNTg;GFUCSx,0,1,23,24
GALNTg;GMAND,0,1,23,24
GALNTg;GMPtg,0,1,23,24
GALNTg;MAN1PT2,1,1,22,24
GALNTg;MAN6PI,1,1,22,24
GALNTg;NDP7er,0,1,23,24
GALNTg;PGMT,1,1,22,24
GALNTg;PIt2m,0,1,23,24
GALNTg;PMANM,1,1,22,24
GALNTg;PROGLUtm,0,1,23,24
GALNTg;PYRt2r,0,1,23,24
GALNTg;RDH1a,0,1,23,24
GALNTg;UDPG4E,0,1,23,24
GALNTg;UDPGALt2r,0,1,23,24
GALNTg;UDPGALtg,0,1,23,24
GALNTg;UDPGGPGTr,0,1,23,24
GALNTg;UGCGc,0,1,23,24
GALNTg;UGLCNACtg,1,1,22,24
GALNTg;UMPtr,0,1,23,24
GALU;ARTFR42,2,0,21,25
GALU;ARTPLM1,0,1,23,24
GALU;GLCter,0,1,23,24
GALU;GLUt6,3,1,20,24
GALU;GLYC3Ptmc,1,0,22,25
GALU;GLYtm,1,0,22,25
GALU;GPDDA1,0,1,23,24
GALU;GUACYC,0,1,23,24
GALU;H2Oter,3,3,20,22
GALU;HCO3_NAt,0,1,23,24
GALU;Htm,1,0,22,25
GALU;Htr,1,5,22,20
GALU;KCCt,1,0,22,25
GALU;LDH_L,0,2,23,23
GALU;LPASE,0,1,23,24
GALU;L_LACt2r,0,1,23,24
GALU;MMCDm,1,0,22,25
GALU;MMEm,1,0,22,25
GALU;MMMm,1,0,22,25
GALU;NADPHtru,0,1,23,24
GALU;NADPtru,0,1,23,24
GALU;NKCCt,1,0,22,25
GALU;OCDE9ECOAtr,2,0,21,25
GALU;PFK2,1,0,22,25
GALU;PFK_3,1,0,22,25
GALU;PGAM1_PhosHydro,1,0,22,25
GALU;PGI,1,3,22,22
GALU;PIt7,1,0,22,25
GALU;PIt8,0,1,23,24
GALU;PIt9,1,0,22,25
GALU;PPAer,0,5,23,20
GALU;PPIOGLYc,1,0,22,25
GALU;PPIOGLYte,1,0,22,25
GALU;PPIOGLYtm,1,0,22,25
GALU;PPIPItr,0,5,23,20
GALU;RPI,0,1,23,24
GALU;R_group_phosphotase_1,0,1,23,24
GALU;SE10,1,0,22,25
GALU;SOAT6,1,0,22,25
GALU;SUCOAS1m,0,1,23,24
GALU;TALA,0,1,23,24
GALU;THRA,0,1,23,24
GALU;TPI,4,1,19,24
GALU;TXA2tr,0,3,23,22
GALU;TXB2c,0,3,23,22
GALU;TXB2r,0,3,23,22
GALU;TXB2tr,0,3,23,22
GALU;UAG4E,1,1,22,24
GALU;UGALNACtg,1,1,22,24
GALt2_2;GLCt1r,0,1,23,24
GALt2_2;GLCt4_2,0,1,23,24
GAPD;GCHOLAt,0,1,23,24
GAPD;GCHOLAtx,0,1,23,24
GAPD;GLUt2e,0,1,23,24
GAPD;GLUt2m,0,1,23,24
GAPD;GLYtp,0,1,23,24
GAPD;H2Oter,0,1,23,24
GAPD;Htr,0,1,23,24
GAPD;LCADi,0,1,23,24
GAPD;LDH_L,0,1,23,24
GAPD;MCITS,0,1,23,24
GAPD;MDH,1,0,22,25
GAPD;MGSA,0,1,23,24
GAPD;NADH2_u10m,0,1,23,24
GAPD;NADPHtru,0,2,23,23
GAPD;NADPtru,0,2,23,23
GAPD;NDPK8,0,1,23,24
GAPD;O2t,0,1,23,24
GAPD;O2tp,0,1,23,24
GAPD;P45027A11m,0,1,23,24
GAPD;P45027A12m,0,1,23,24
GAPD;P45027A13m,0,1,23,24
GAPD;P4508B11r,0,1,23,24
GAPD;PEPCK,1,1,22,24
GAPD;PFK,0,1,23,24
GAPD;PFK_3,0,1,23,24
GAPD;PGI,0,1,23,24
GAPD;PIt8,0,1,23,24
GAPD;PRISTANALtx,0,1,23,24
GAPD;PRISTtx,0,1,23,24
GAPD;RPE,0,2,23,23
GAPD;SCPx,0,1,23,24
GAPD;TALA,0,1,23,24
GAPD;THCHOLSTOICtm,0,1,23,24
GAPD;TKT1,0,2,23,23
GAPD;TKT2,0,2,23,23
GAPD;TPI,7,2,16,23
GAPD;VLCSp,0,1,23,24
GAPD;XOL25OHOR,0,1,23,24
GAPD;XOLDIOLONEt,0,1,23,24
GAPD;XOLTRIOLtm,0,1,23,24
GASNASE2ly;GPDDA1,0,1,23,24
GASNASE2ly;LPASE,0,1,23,24
GASNASE2ly;R_group_phosphotase_1,0,1,23,24
GCALDD;GLYt4,1,0,22,25
GCALDD;O2t,0,1,23,24
GCALDD;O2tp,0,1,23,24
GCALDD;THRA,0,1,23,24
GCHOLAt;PGK,0,1,23,24
GCHOLAt;PGM,0,1,23,24
GCHOLAtx;PGK,0,1,23,24
GCHOLAtx;PGM,0,1,23,24
GDPFUCtg;ARTFR42,2,0,21,25
GDPFUCtg;ARTPLM1,0,1,23,24
GDPFUCtg;GLCNACPT,1,1,22,24
GDPFUCtg;GLCNACT,1,1,22,24
GDPFUCtg;GLCter,1,2,22,23
GDPFUCtg;GLUt6,2,0,21,25
GDPFUCtg;GLYC3Ptmc,1,0,22,25
GDPFUCtg;GPDDA1,0,1,23,24
GDPFUCtg;H2Oter,2,1,21,24
GDPFUCtg;HAS1,1,0,22,25
GDPFUCtg;HAS2,1,0,22,25
GDPFUCtg;HEX16,1,1,22,24
GDPFUCtg;Htm,1,0,22,25
GDPFUCtg;Htr,1,1,22,24
GDPFUCtg;KCCt,1,0,22,25
GDPFUCtg;LPASE,0,1,23,24
GDPFUCtg;M1316Mg,1,1,22,24
GDPFUCtg;M13N2Tg,1,1,22,24
GDPFUCtg;M13N4T2g,0,1,23,24
GDPFUCtg;M16N4Tg,1,1,22,24
GDPFUCtg;M16N6T2g,0,1,23,24
GDPFUCtg;M16NTg,1,1,22,24
GDPFUCtg;M4MPDOL_ter,1,1,22,24
GDPFUCtg;M7MASNBterg,0,1,23,24
GDPFUCtg;M8MASNterg,1,0,22,25
GDPFUCtg;MANter,0,1,23,24
GDPFUCtg;MANtg,1,1,22,24
GDPFUCtg;MG1er,1,1,22,24
GDPFUCtg;MG2er,1,1,22,24
GDPFUCtg;MG3er,1,1,22,24
GDPFUCtg;MM5ag,1,0,22,25
GDPFUCtg;MM5bg,0,1,23,24
GDPFUCtg;MM6B1bg,0,1,23,24
GDPFUCtg;MM6bg,1,0,22,25
GDPFUCtg;MM7B2g,0,1,23,24
GDPFUCtg;MM7Cag,1,0,22,25
GDPFUCtg;MM8Ag,1,0,22,25
GDPFUCtg;MM8Ber,0,1,23,24
GDPFUCtg;OCDE9ECOAtr,2,0,21,25
GDPFUCtg;PFK_3,1,0,22,25
GDPFUCtg;PIt7,1,0,22,25
GDPFUCtg;PIt8,0,2,23,23
GDPFUCtg;PPAer,0,2,23,23
GDPFUCtg;PPIPItr,0,2,23,23
GDPFUCtg;R_group_phosphotase_1,0,1,23,24
GDPFUCtg;SE10,1,0,22,25
GDPFUCtg;SOAT6,1,0,22,25
GDPFUCtg;TPI,5,0,18,25
GDPFUCtg;UAG4E,0,1,23,24
GDPFUCtg;UDPDOLPT,1,1,22,24
GDPFUCtg;UDPGD,1,0,22,25
GDPFUCtg;UGALNACtg,0,1,23,24
GDPtg;ARTFR42,2,0,21,25
GDPtg;ARTPLM1,0,1,23,24
GDPtg;GLCNACPT,1,1,22,24
GDPtg;GLCNACT,1,1,22,24
GDPtg;GLCter,1,2,22,23
GDPtg;GLUt6,2,0,21,25
GDPtg;GLYC3Ptmc,1,0,22,25
GDPtg;GPDDA1,0,1,23,24
GDPtg;H2Oter,2,1,21,24
GDPtg;HAS1,1,0,22,25
GDPtg;HAS2,1,0,22,25
GDPtg;HEX16,1,1,22,24
GDPtg;Htm,1,0,22,25
GDPtg;Htr,1,1,22,24
GDPtg;KCCt,1,0,22,25
GDPtg;LPASE,0,1,23,24
GDPtg;M1316Mg,1,1,22,24
GDPtg;M13N2Tg,1,1,22,24
GDPtg;M13N4T2g,0,1,23,24
GDPtg;M16N4Tg,1,1,22,24
GDPtg;M16N6T2g,0,1,23,24
GDPtg;M16NTg,1,1,22,24
GDPtg;M4MPDOL_ter,1,1,22,24
GDPtg;M7MASNBterg,0,1,23,24
GDPtg;M8MASNterg,1,0,22,25
GDPtg;MANter,0,1,23,24
GDPtg;MANtg,1,1,22,24
GDPtg;MG1er,1,1,22,24
GDPtg;MG2er,1,1,22,24
GDPtg;MG3er,1,1,22,24
GDPtg;MM5ag,1,0,22,25
GDPtg;MM5bg,0,1,23,24
GDPtg;MM6B1bg,0,1,23,24
GDPtg;MM6bg,1,0,22,25
GDPtg;MM7B2g,0,1,23,24
GDPtg;MM7Cag,1,0,22,25
GDPtg;MM8Ag,1,0,22,25
GDPtg;MM8Ber,0,1,23,24
GDPtg;OCDE9ECOAtr,2,0,21,25
GDPtg;PFK_3,1,0,22,25
GDPtg;PIt7,1,0,22,25
GDPtg;PIt8,0,2,23,23
GDPtg;PPAer,0,2,23,23
GDPtg;PPIPItr,0,2,23,23
GDPtg;R_group_phosphotase_1,0,1,23,24
GDPtg;SE10,1,0,22,25
GDPtg;SOAT6,1,0,22,25
GDPtg;TPI,5,0,18,25
GDPtg;UAG4E,0,1,23,24
GDPtg;UDPDOLPT,1,1,22,24
GDPtg;UDPGD,1,0,22,25
GDPtg;UGALNACtg,0,1,23,24
GF6PTA;ARTFR42,2,0,21,25
GF6PTA;ARTPLM1,0,1,23,24
GF6PTA;GLCter,0,1,23,24
GF6PTA;GLUt6,3,1,20,24
GF6PTA;GLYC3Ptmc,1,0,22,25
GF6PTA;GND,0,1,23,24
GF6PTA;GPDDA1,0,1,23,24
GF6PTA;GTPGDPtm,0,1,23,24
GF6PTA;GUACYC,0,1,23,24
GF6PTA;H2Oter,1,2,22,23
GF6PTA;HBZOPT10m,0,1,23,24
GF6PTA;HCO3E,0,1,23,24
GF6PTA;HCO3Ee,0,1,23,24
GF6PTA;HCO3Em,0,1,23,24
GF6PTA;HCO3_NAt,0,1,23,24
GF6PTA;HCO3tm,0,1,23,24
GF6PTA;Htm,1,0,22,25
GF6PTA;Htr,0,4,23,21
GF6PTA;KCCt,1,0,22,25
GF6PTA;KYNAKGAT,0,1,23,24
GF6PTA;KYNATESYN,0,1,23,24
GF6PTA;KYNATEtr,0,1,23,24
GF6PTA;LDH_L,0,1,23,24
GF6PTA;LPASE,0,1,23,24
GF6PTA;L_LACt2r,0,1,23,24
GF6PTA;MALACONtm,0,1,23,24
GF6PTA;NADH2_u10m,0,1,23,24
GF6PTA;NADHtru,0,1,23,24
GF6PTA;NADPHtru,0,1,23,24
GF6PTA;NADPtru,0,1,23,24
GF6PTA;NADtru,0,1,23,24
GF6PTA;NKCCt,1,0,22,25
GF6PTA;OCDE9ECOAtr,2,0,21,25
GF6PTA;PFK,0,1,23,24
GF6PTA;PFK_3,1,0,22,25
GF6PTA;PGI,1,4,22,21
GF6PTA;PGL,0,1,23,24
GF6PTA;PIGTHRDLtm,0,1,23,24
GF6PTA;PIt2m,0,1,23,24
GF6PTA;PIt7,1,0,22,25
GF6PTA;PIt8,0,3,23,22
GF6PTA;PIt9,1,0,22,25
GF6PTA;PPAer,0,4,23,21
GF6PTA;PPAm,0,1,23,24
GF6PTA;PPIPItr,0,4,23,21
GF6PTA;PPItm,0,1,23,24
GF6PTA;PROGLUtm,0,1,23,24
GF6PTA;Q10H2e,0,1,23,24
GF6PTA;RPI,0,1,23,24
GF6PTA;R_group_phosphotase_1,0,1,23,24
GF6PTA;SE10,1,0,22,25
GF6PTA;SOAT6,1,0,22,25
GF6PTA;T4HCINNMFM,0,1,23,24
GF6PTA;TALA,0,1,23,24
GF6PTA;THRA,0,1,23,24
GF6PTA;TPI,4,0,19,25
GF6PTA;TRPO2,0,1,23,24
GF6PTA;TXA2tr,0,3,23,22
GF6PTA;TXB2c,0,3,23,22
GF6PTA;TXB2r,0,3,23,22
GF6PTA;TXB2tr,0,3,23,22
GF6PTA;TYRTAm,0,1,23,24
GF6PTA;TYRtl,0,1,23,24
GF6PTA;q10h2tc,0,1,23,24
GFUCS;ARTPLM1,0,1,23,24
GFUCS;GFUCSx,1,0,22,25
GFUCS;GPDDA1,0,1,23,24
GFUCS;H2Oter,0,1,23,24
GFUCS;Htr,0,1,23,24
GFUCS;LPASE,0,1,23,24
GFUCS;PIt8,0,2,23,23
GFUCS;PPAer,0,1,23,24
GFUCS;PPIPItr,0,1,23,24
GFUCS;R_group_phosphotase_1,0,1,23,24
GFUCSx;ARTFR42,2,0,21,25
GFUCSx;GLCNACPT,1,1,22,24
GFUCSx;GLCNACT,1,1,22,24
GFUCSx;GLCter,1,2,22,23
GFUCSx;GLUt6,2,0,21,25
GFUCSx;GLYC3Ptmc,1,0,22,25
GFUCSx;H2Oter,2,0,21,25
GFUCSx;HAS1,1,0,22,25
GFUCSx;HAS2,1,0,22,25
GFUCSx;HEX16,1,1,22,24
GFUCSx;Htm,1,0,22,25
GFUCSx;Htr,1,0,22,25
GFUCSx;KCCt,1,0,22,25
GFUCSx;M1316Mg,1,1,22,24
GFUCSx;M13N2Tg,1,1,22,24
GFUCSx;M13N4T2g,0,1,23,24
GFUCSx;M16N4Tg,1,1,22,24
GFUCSx;M16N6T2g,0,1,23,24
GFUCSx;M16NTg,1,1,22,24
GFUCSx;M4MPDOL_ter,1,1,22,24
GFUCSx;M7MASNBterg,0,1,23,24
GFUCSx;M8MASNterg,1,0,22,25
GFUCSx;MANter,0,1,23,24
GFUCSx;MANtg,1,1,22,24
GFUCSx;MG1er,1,1,22,24
GFUCSx;MG2er,1,1,22,24
GFUCSx;MG3er,1,1,22,24
GFUCSx;MM5ag,1,0,22,25
GFUCSx;MM5bg,0,1,23,24
GFUCSx;MM6B1bg,0,1,23,24
GFUCSx;MM6bg,1,0,22,25
GFUCSx;MM7B2g,0,1,23,24
GFUCSx;MM7Cag,1,0,22,25
GFUCSx;MM8Ag,1,0,22,25
GFUCSx;MM8Ber,0,1,23,24
GFUCSx;OCDE9ECOAtr,2,0,21,25
GFUCSx;PFK_3,1,0,22,25
GFUCSx;PIt7,1,0,22,25
GFUCSx;PPAer,0,1,23,24
GFUCSx;PPIPItr,0,1,23,24
GFUCSx;SE10,1,0,22,25
GFUCSx;SOAT6,1,0,22,25
GFUCSx;TPI,5,0,18,25
GFUCSx;UAG4E,0,1,23,24
GFUCSx;UDPDOLPT,1,1,22,24
GFUCSx;UDPGD,1,0,22,25
GFUCSx;UGALNACtg,0,1,23,24
GHMT2r;GHMT2rm,0,1,23,24
GHMT2r;GLYtm,0,1,23,24
GHMT2r;GluForTx,0,1,23,24
GHMT2r;HISD,0,1,23,24
GHMT2r;IZPN,0,1,23,24
GHMT2r;MTHFCm,0,1,23,24
GHMT2r;MTHFD,0,1,23,24
GHMT2r;MTHFDm,0,1,23,24
GHMT2r;SERTm,0,1,23,24
GHMT2r;URCN,0,1,23,24
GHMT2rm;MTHFC,1,1,22,24
GHMT2rm;MTHFD,0,2,23,23
GHMT2rm;MTHFD2,1,0,22,25
GHMT2rm;PIt8,0,1,23,24
GLACter;Htr,0,1,23,24
GLCNACPT;GMAND,1,1,22,24
GLCNACPT;GMPtg,1,1,22,24
GLCNACPT;GPDDA1,0,1,23,24
GLCNACPT;H2Oter,1,0,22,25
GLCNACPT;Htr,1,1,22,24
GLCNACPT;LARGEg,0,1,23,24
GLCNACPT;LPASE,0,1,23,24
GLCNACPT;NDP7er,1,2,22,23
GLCNACPT;PCOREM3terg,0,1,23,24
GLCNACPT;PGAM1_PhosHydro,1,0,22,25
GLCNACPT;PGI,0,1,23,24
GLCNACPT;POCDPRBTLT2g,0,1,23,24
GLCNACPT;POCDPRBTLTg,0,1,23,24
GLCNACPT;POGLCNACTg,0,1,23,24
GLCNACPT;POMGNGALNTr,0,1,23,24
GLCNACPT;POMGNTr,0,1,23,24
GLCNACPT;POMKr,0,1,23,24
GLCNACPT;POXYLTg,0,1,23,24
GLCNACPT;RBT5PCYTr,0,1,23,24
GLCNACPT;RBT5PDH,0,1,23,24
GLCNACPT;R_group_phosphotase_1,0,1,23,24
GLCNACPT;TXA2tr,0,1,23,24
GLCNACPT;TXB2c,0,1,23,24
GLCNACPT;TXB2r,0,1,23,24
GLCNACPT;TXB2tr,0,1,23,24
GLCNACPT;UACGAMUMPtr,0,1,23,24
GLCNACPT;UAG4E,0,1,23,24
GLCNACPT;UDPG4E,1,1,22,24
GLCNACPT;UDPGALt2r,1,1,22,24
GLCNACPT;UDPGALtg,1,1,22,24
GLCNACPT;UDPGD,0,1,23,24
GLCNACPT;UDPGGPGTr,1,1,22,24
GLCNACPT;UDPGLCAtg,0,1,23,24
GLCNACPT;UDPGLDCg,0,1,23,24
GLCNACPT;UGALNACter,0,1,23,24
GLCNACPT;UGCGc,1,1,22,24
GLCNACPT;UMPtr,1,1,22,24
GLCNACT;GMAND,1,1,22,24
GLCNACT;GMPtg,1,1,22,24
GLCNACT;GPDDA1,0,1,23,24
GLCNACT;H2Oter,1,0,22,25
GLCNACT;Htr,1,1,22,24
GLCNACT;LARGEg,0,1,23,24
GLCNACT;LPASE,0,1,23,24
GLCNACT;NDP7er,1,2,22,23
GLCNACT;PCOREM3terg,0,1,23,24
GLCNACT;PGAM1_PhosHydro,1,0,22,25
GLCNACT;PGI,0,1,23,24
GLCNACT;POCDPRBTLT2g,0,1,23,24
GLCNACT;POCDPRBTLTg,0,1,23,24
GLCNACT;POGLCNACTg,0,1,23,24
GLCNACT;POMGNGALNTr,0,1,23,24
GLCNACT;POMGNTr,0,1,23,24
GLCNACT;POMKr,0,1,23,24
GLCNACT;POXYLTg,0,1,23,24
GLCNACT;RBT5PCYTr,0,1,23,24
GLCNACT;RBT5PDH,0,1,23,24
GLCNACT;R_group_phosphotase_1,0,1,23,24
GLCNACT;TXA2tr,0,1,23,24
GLCNACT;TXB2c,0,1,23,24
GLCNACT;TXB2r,0,1,23,24
GLCNACT;TXB2tr,0,1,23,24
GLCNACT;UACGAMUMPtr,0,1,23,24
GLCNACT;UAG4E,0,1,23,24
GLCNACT;UDPG4E,1,1,22,24
GLCNACT;UDPGALt2r,1,1,22,24
GLCNACT;UDPGALtg,1,1,22,24
GLCNACT;UDPGD,0,1,23,24
GLCNACT;UDPGGPGTr,1,1,22,24
GLCNACT;UDPGLCAtg,0,1,23,24
GLCNACT;UDPGLDCg,0,1,23,24
GLCNACT;UGALNACter,0,1,23,24
GLCNACT;UGCGc,1,1,22,24
GLCNACT;UMPtr,1,1,22,24
GLCURter;Htr,0,1,23,24
GLCURtly;Htr,0,1,23,24
GLCt1r;GLCt2_2,3,1,20,24
GLCt1r;GLCt4_2,5,1,18,24
GLCt1r;TRIODTHYt,1,0,22,25
GLCt1r;TRIODTHYt2,1,0,22,25
GLCt2r;GLCt4_2,1,0,22,25
GLCter;GMAND,1,2,22,23
GLCter;GMPtg,1,2,22,23
GLCter;GPDDA1,0,1,23,24
GLCter;H2Oter,1,0,22,25
GLCter;H2Otg,0,1,23,24
GLCter;HACD180,0,1,23,24
GLCter;HACD201,0,1,23,24
GLCter;HACD221,0,1,23,24
GLCter;HCO3_NAt,0,1,23,24
GLCter;HSD180,0,1,23,24
GLCter;HSD201,0,1,23,24
GLCter;HSD221,0,1,23,24
GLCter;Htg,0,1,23,24
GLCter;Htr,1,2,22,23
GLCter;LARGEg,0,1,23,24
GLCter;LPASE,0,1,23,24
GLCter;MALCOAMT,0,1,23,24
GLCter;MALCOAMTr,0,1,23,24
GLCter;MAN1PT2,0,1,23,24
GLCter;MAN6PI,0,1,23,24
GLCter;NADHtru,0,1,23,24
GLCter;NADtru,0,1,23,24
GLCter;NDP7er,1,3,22,22
GLCter;NDP7g,0,1,23,24
GLCter;PCOREM3terg,0,1,23,24
GLCter;PGAM1_PhosHydro,1,0,22,25
GLCter;PGI,0,1,23,24
GLCter;PGMT,0,1,23,24
GLCter;PItg,0,1,23,24
GLCter;PMANM,0,1,23,24
GLCter;PMTCOAFABP1tc,0,1,23,24
GLCter;POCDPRBTLT2g,0,1,23,24
GLCter;POCDPRBTLTg,0,1,23,24
GLCter;POGLCNACTg,0,1,23,24
GLCter;POMGNGALNTr,0,1,23,24
GLCter;POMGNTr,0,1,23,24
GLCter;POMKr,0,1,23,24
GLCter;POXYLTg,0,1,23,24
GLCter;RBT5PCYTr,0,1,23,24
GLCter;RBT5PDH,0,1,23,24
GLCter;R_group_phosphotase_1,0,1,23,24
GLCter;TECR180,0,1,23,24
GLCter;TECR201,0,1,23,24
GLCter;TECR221,0,1,23,24
GLCter;THRA,0,2,23,23
GLCter;TXA2tr,0,1,23,24
GLCter;TXB2c,0,1,23,24
GLCter;TXB2r,0,1,23,24
GLCter;TXB2tr,0,1,23,24
GLCter;UACGAMUMPtr,0,1,23,24
GLCter;UAG4E,0,1,23,24
GLCter;UAGDP,0,1,23,24
GLCter;UDPG4E,1,2,22,23
GLCter;UDPGALt2r,1,2,22,23
GLCter;UDPGALtg,1,2,22,23
GLCter;UDPGD,0,1,23,24
GLCter;UDPGGPGTr,1,2,22,23
GLCter;UDPGLCAtg,0,1,23,24
GLCter;UDPGLDCg,0,1,23,24
GLCter;UGALNACter,0,1,23,24
GLCter;UGCGc,1,2,22,23
GLCter;UMPtr,1,2,22,23
GLCtg;PGAM1_PhosHydro,1,0,22,25
GLCtg;PYK,0,1,23,24
GLNt4;GLNtN1,3,10,20,15
GLNt4;PROAKGOX1m,0,1,23,24
GLNt4;PROtm,0,1,23,24
GLNtm;HEX12,0,1,23,24
GLRASE;Htr,0,1,23,24
GLUDC;PIGTHRDLtm,0,1,23,24
GLUDxm;AKGtn,0,1,23,24
GLUDxm;ARTFR52,1,0,22,25
GLUDxm;CO2tn,0,1,23,24
GLUDxm;FALDtn,0,1,23,24
GLUDxm;GLUDym,3,1,20,24
GLUDxm;GLUt2m,0,1,23,24
GLUDxm;GLYt2r,2,1,21,24
GLUDxm;GND,0,1,23,24
GLUDxm;H2O2t,1,0,22,25
GLUDxm;H2Ot,1,0,22,25
GLUDxm;HACD1m,1,0,22,25
GLUDxm;HACD200,1,0,22,25
GLUDxm;HACD220,1,0,22,25
GLUDxm;HACD240,1,0,22,25
GLUDxm;HACD260,1,0,22,25
GLUDxm;HCO3E,0,1,23,24
GLUDxm;HCO3Ee,0,1,23,24
GLUDxm;HCO3Em,0,1,23,24
GLUDxm;HCO3tm,0,1,23,24
GLUDxm;HEX12,0,1,23,24
GLUDxm;HEXCCOAtr,1,0,22,25
GLUDxm;HMGCOASim,1,0,22,25
GLUDxm;HMGCOAtx,0,1,23,24
GLUDxm;HMGLx,0,1,23,24
GLUDxm;HSD200,1,0,22,25
GLUDxm;HSD220,1,0,22,25
GLUDxm;HSD240,1,0,22,25
GLUDxm;HSD260,1,0,22,25
GLUDxm;HTDH,1,0,22,25
GLUDxm;IMAGH,1,0,22,25
GLUDxm;ITCOALm,0,1,23,24
GLUDxm;Kte,0,1,23,24
GLUDxm;LDH_L,0,1,23,24
GLUDxm;L_LACt2r,0,1,23,24
GLUDxm;MEOHt2,0,1,23,24
GLUDxm;NACDe,1,0,22,25
GLUDxm;NACPRT,1,0,22,25
GLUDxm;NADH2_u10m,1,0,22,25
GLUDxm;NAt3_1,0,1,23,24
GLUDxm;NCAMDe,1,0,22,25
GLUDxm;NMNDA,1,0,22,25
GLUDxm;NMNS,1,0,22,25
GLUDxm;O2tn,0,1,23,24
GLUDxm;PEMET1,0,1,23,24
GLUDxm;PEMET2,0,1,23,24
GLUDxm;PGI,0,1,23,24
GLUDxm;PGL,0,1,23,24
GLUDxm;PHEOX,0,1,23,24
GLUDxm;PHETA1,0,1,23,24
GLUDxm;PHETA1m,0,2,23,23
GLUDxm;PHEt4m,0,2,23,23
GLUDxm;PHPYRtm,0,2,23,23
GLUDxm;PIGTHRDLtm,0,2,23,23
GLUDxm;PIMALtm,2,0,21,25
GLUDxm;PIt2m,0,1,23,24
GLUDxm;PIt2m_2,2,0,21,25
GLUDxm;PPAm,0,2,23,23
GLUDxm;RPE,0,1,23,24
GLUDxm;RTOT5,1,0,22,25
GLUDxm;SBTR,0,1,23,24
GLUDxm;SBT_Dtde,0,1,23,24
GLUDxm;SO3AKGtm,1,0,22,25
GLUDxm;SO3MALtm,2,0,21,25
GLUDxm;TAURCHAe,1,0,22,25
GLUDxm;TECR200,1,0,22,25
GLUDxm;TECR220,1,0,22,25
GLUDxm;TECR240,1,0,22,25
GLUDxm;TECR260,1,0,22,25
GLUDxm;THFtm,0,1,23,24
GLUDxm;TKT1,0,1,23,24
GLUDxm;TKT2,0,1,23,24
GLUDxm;TYROX,2,0,21,25
GLUDxm;TYRTA,2,0,21,25
GLUDym;H2Otm,0,1,23,24
GLUDym;HCO3E,0,1,23,24
GLUDym;HCO3Em,0,1,23,24
GLUDym;HCO3tm,0,1,23,24
GLUDym;Htm,1,1,22,24
GLUDym;MTHFD2m,0,1,23,24
GLUDym;MTHFDm,0,1,23,24
GLUDym;NADH2_u10m,2,1,21,24
GLUDym;NTD1,1,0,22,25
GLUDym;PHETA1,0,1,23,24
GLUDym;PHETA1m,0,1,23,24
GLUDym;PHEt4m,0,1,23,24
GLUDym;PHPYRtm,0,1,23,24
GLUDym;PIGTHRDLtm,0,1,23,24
GLUDym;PIt2m,0,1,23,24
GLUDym;PIt2m_2,0,1,23,24
GLUDym;PPM,1,0,22,25
GLUDym;PPM2,1,0,22,25
GLUDym;PYNP2r,1,0,22,25
GLUDym;THFtm,0,1,23,24
GLUDym;THRA,0,1,23,24
GLUDym;TYROX,1,0,22,25
GLUDym;TYRTA,1,0,22,25
GLUPROASCT1;H2Oter,1,0,22,25
GLUPROASCT1;Htr,1,0,22,25
GLUPROASCT1;PFK2,1,0,22,25
GLUPROASCT1;THRA,1,0,22,25
GLUt2e;GLUt6,1,2,22,23
GLUt2e;GPAT,0,1,23,24
GLUt2e;H2Otm,0,1,23,24
GLUt2e;MDH,0,1,23,24
GLUt2e;MDHm,0,1,23,24
GLUt2e;NCKt,0,1,23,24
GLUt2e;NCNt,0,1,23,24
GLUt2e;NH4t3r,0,1,23,24
GLUt2e;NKCCt,0,2,23,23
GLUt2e;PGK,0,1,23,24
GLUt2e;PGM,0,1,23,24
GLUt2e;THFtm,0,1,23,24
GLUt2m;AKGtn,0,1,23,24
GLUt2m;ARTFR12,0,1,23,24
GLUt2m;CO2tn,0,1,23,24
GLUt2m;FALDtn,0,1,23,24
GLUt2m;GLYC3Ptmc,2,0,21,25
GLUt2m;GLYt2r,0,1,23,24
GLUt2m;GND,0,1,23,24
GLUt2m;GPDDA1,0,1,23,24
GLUt2m;H2O2tm,1,0,22,25
GLUt2m;H2Ot,0,1,23,24
GLUt2m;HBZOPT10m,0,1,23,24
GLUt2m;HCO3E,0,1,23,24
GLUt2m;HCO3Ee,0,2,23,23
GLUt2m;HCO3_NAt,0,1,23,24
GLUt2m;HEX12,0,1,23,24
GLUt2m;Htm,2,0,21,25
GLUt2m;LDH_L,0,1,23,24
GLUt2m;LEUTAm,0,1,23,24
GLUt2m;LEUt5m,0,1,23,24
GLUt2m;LPASE,0,1,23,24
GLUt2m;L_LACt2r,0,1,23,24
GLUt2m;MCCCm,0,1,23,24
GLUt2m;MEOHt2,0,1,23,24
GLUt2m;MGCHrm,0,1,23,24
GLUt2m;MOD_3mhop,0,1,23,24
GLUt2m;NADHtru,0,1,23,24
GLUt2m;NADtru,0,1,23,24
GLUt2m;NH4tm,0,1,23,24
GLUt2m;O2t,0,1,23,24
GLUt2m;O2tn,0,1,23,24
GLUt2m;PEMET1,0,1,23,24
GLUt2m;PEMET2,0,1,23,24
GLUt2m;PE_HStm,1,0,22,25
GLUt2m;PFK,0,1,23,24
GLUt2m;PFK2,0,1,23,24
GLUt2m;PGAM1_PhosHydro,1,0,22,25
GLUt2m;PGI,0,1,23,24
GLUt2m;PGL,0,1,23,24
GLUt2m;PIGTHRDLtm,0,7,23,18
GLUt2m;PIMALtm,1,0,22,25
GLUt2m;PIt2m,0,1,23,24
GLUt2m;PIt2m_2,2,1,21,24
GLUt2m;PIt8,0,1,23,24
GLUt2m;PLMCOAPTr,0,1,23,24
GLUt2m;PMTCOAFABP1tc,0,1,23,24
GLUt2m;PPAm,0,2,23,23
GLUt2m;PSDm_hs,1,0,22,25
GLUt2m;PSFLIPm,1,0,22,25
GLUt2m;Q10H2e,0,1,23,24
GLUt2m;RPE,0,1,23,24
GLUt2m;RPI,0,1,23,24
GLUt2m;R_group_phosphotase_1,0,1,23,24
GLUt2m;SBTR,0,1,23,24
GLUt2m;SBT_Dtde,0,1,23,24
GLUt2m;SO3MALtm,1,0,22,25
GLUt2m;SUCCACONtm,0,1,23,24
GLUt2m;SUCCt4_2,1,0,22,25
GLUt2m;T4HCINNMFM,0,1,23,24
GLUt2m;THFtm,1,0,22,25
GLUt2m;THRA,0,1,23,24
GLUt2m;TKT1,0,1,23,24
GLUt2m;TKT2,0,1,23,24
GLUt2m;TPI,0,1,23,24
GLUt2m;TYROX,2,0,21,25
GLUt2m;TYRTA,2,0,21,25
GLUt2m;TYRTAm,0,1,23,24
GLUt2m;TYRtl,0,1,23,24
GLUt2m;q10h2tc,0,1,23,24
GLUt6;GMAND,2,0,21,25
GLUt6;GMPtg,2,0,21,25
GLUt6;H2Otg,3,1,20,24
GLUt6;Htg,3,1,20,24
GLUt6;IMAGH,1,0,22,25
GLUt6;Kte,0,1,23,24
GLUt6;LARGEg,0,1,23,24
GLUt6;MAN1PT2,3,1,20,24
GLUt6;MAN6PI,3,1,20,24
GLUt6;NACDe,1,0,22,25
GLUt6;NACPRT,1,0,22,25
GLUt6;NCAMDe,1,0,22,25
GLUt6;NDP7er,3,1,20,24
GLUt6;NDP7g,3,1,20,24
GLUt6;NMNDA,1,0,22,25
GLUt6;NMNS,1,0,22,25
GLUt6;PCOREM3terg,0,1,23,24
GLUt6;PGI,1,0,22,25
GLUt6;PGMT,3,1,20,24
GLUt6;PItg,3,1,20,24
GLUt6;PMANM,3,1,20,24
GLUt6;POCDPRBTLT2g,0,1,23,24
GLUt6;POCDPRBTLTg,0,1,23,24
GLUt6;POGLCNACTg,0,1,23,24
GLUt6;POMGNGALNTr,0,1,23,24
GLUt6;POMGNTr,0,1,23,24
GLUt6;POMKr,0,1,23,24
GLUt6;POXYLTg,0,1,23,24
GLUt6;RBT5PCYTr,0,1,23,24
GLUt6;RBT5PDH,0,1,23,24
GLUt6;THRA,1,0,22,25
GLUt6;THRATB0tc,1,0,22,25
GLUt6;UACGAMUMPtr,0,1,23,24
GLUt6;UAG4E,0,1,23,24
GLUt6;UAGDP,3,1,20,24
GLUt6;UDPG4E,2,0,21,25
GLUt6;UDPGALt2r,2,0,21,25
GLUt6;UDPGALtg,2,0,21,25
GLUt6;UDPGD,0,1,23,24
GLUt6;UDPGGPGTr,2,0,21,25
GLUt6;UDPGLCAtg,0,1,23,24
GLUt6;UDPGLDCg,0,1,23,24
GLUt6;UGALNACter,0,1,23,24
GLUt6;UGCGc,2,0,21,25
GLUt6;UGLCNACtg,3,1,20,24
GLUt6;UMPtr,2,0,21,25
GLXtm;HEX12,0,1,23,24
GLXtp;HEX12,0,1,23,24
GLYACT1;THRA,1,0,22,25
GLYALDORy;TPI,0,1,23,24
GLYC3Ptm;GLYC3Ptmc,9,0,14,25
GLYC3Ptm;H2Oter,1,0,22,25
GLYC3Ptm;HCO3E,0,1,23,24
GLYC3Ptmc;GMAND,1,0,22,25
GLYC3Ptmc;GMPtg,1,0,22,25
GLYC3Ptmc;GTPGDPtm,1,0,22,25
GLYC3Ptmc;H2Oter,1,0,22,25
GLYC3Ptmc;H2Otg,1,0,22,25
GLYC3Ptmc;HCO3E,0,1,23,24
GLYC3Ptmc;Htg,1,0,22,25
GLYC3Ptmc;MAN1PT2,1,0,22,25
GLYC3Ptmc;MAN6PI,1,0,22,25
GLYC3Ptmc;NDP7er,1,0,22,25
GLYC3Ptmc;NDP7g,1,0,22,25
GLYC3Ptmc;PGMT,1,0,22,25
GLYC3Ptmc;PIMALtm,1,0,22,25
GLYC3Ptmc;PItg,1,0,22,25
GLYC3Ptmc;PMANM,1,0,22,25
GLYC3Ptmc;PROAKGOX1m,1,0,22,25
GLYC3Ptmc;PROGLUtm,2,0,21,25
GLYC3Ptmc;PROtm,2,0,21,25
GLYC3Ptmc;SO4AKGtm,1,0,22,25
GLYC3Ptmc;SO4MALtm,1,0,22,25
GLYC3Ptmc;SUCOAS1m,1,0,22,25
GLYC3Ptmc;UAGDP,1,0,22,25
GLYC3Ptmc;UDPG4E,1,0,22,25
GLYC3Ptmc;UDPGALt2r,1,0,22,25
GLYC3Ptmc;UDPGALtg,1,0,22,25
GLYC3Ptmc;UDPGGPGTr,1,0,22,25
GLYC3Ptmc;UGCGc,1,0,22,25
GLYC3Ptmc;UGLCNACtg,1,0,22,25
GLYC3Ptmc;UMPtr,1,0,22,25
GLYCLTtp;GLYt4,1,0,22,25
GLYCLTtp;O2t,0,1,23,24
GLYCLTtp;O2tp,0,1,23,24
GLYCLTtp;THRA,0,1,23,24
GLYCTO1p;GLYt4,1,0,22,25
GLYCTO1p;O2t,0,1,23,24
GLYCTO1p;O2tp,0,1,23,24
GLYCTO1p;THRA,0,1,23,24
GLYOp;HEX12,0,1,23,24
GLYSNAT5tc;PFK2,0,1,23,24
GLYSNAT5tc;PGI,0,1,23,24
GLYSNAT5tc;TPI,0,1,23,24
GLYVESSEC;NH4t3r,0,1,23,24
GLYt2r;GLYVESSEC,0,1,23,24
GLYt2r;GLYt7_311_r,1,0,22,25
GLYt2r;GLYtm,4,0,19,25
GLYt2r;H2Ot,1,0,22,25
GLYt2r;H2Oter,2,0,21,25
GLYt2r;HCO3Em,1,0,22,25
GLYt2r;HCO3tm,1,0,22,25
GLYt2r;NH4tm,1,1,22,24
GLYt2r;NKCC2t,1,0,22,25
GLYt2r;NTD1,1,0,22,25
GLYt2r;PEMET1,0,1,23,24
GLYt2r;PEMET2,0,1,23,24
GLYt2r;PFK2,1,0,22,25
GLYt2r;PGI,0,1,23,24
GLYt2r;PIt2m_2,1,0,22,25
GLYt2r;PIt8,0,1,23,24
GLYt2r;PPM,1,0,22,25
GLYt2r;PPM2,1,0,22,25
GLYt2r;PYNP2r,1,0,22,25
GLYt2r;THFtm,1,0,22,25
GLYt2r;THRA,2,0,21,25
GLYt2r;THRALANaEx,0,1,23,24
GLYt2r;THRATB0tc,1,0,22,25
GLYt2r;TRDR,1,0,22,25
GLYt4;GLYtp,1,0,22,25
GLYt4;H2O2tp,1,0,22,25
GLYt4;HPYRDC,1,0,22,25
GLYt4;HPYRtp,1,0,22,25
GLYt4;O2tp,1,0,22,25
GLYt4;SERATB0tc,1,0,22,25
GLYt4;SERtp,1,0,22,25
GLYt4;SPTx,1,0,22,25
GLYt7_311_r;KCCt,0,1,23,24
GLYt7_311_r;NAt5,1,0,22,25
GLYt7_311_r;NCKt,0,1,23,24
GLYt7_311_r;NCNt,0,1,23,24
GLYt7_311_r;NKCC2t,1,0,22,25
GLYt7_311_r;NKCCt,0,1,23,24
GLYtm;ARTFR45,1,0,22,25
GLYtm;ARTFR52,2,1,21,24
GLYtm;ARTPLM1,0,1,23,24
GLYtm;H2Ot,1,0,22,25
GLYtm;H2Oter,1,0,22,25
GLYtm;HACD200,2,1,21,24
GLYtm;HACD201,1,0,22,25
GLYtm;HACD220,2,1,21,24
GLYtm;HACD221,1,0,22,25
GLYtm;HACD240,2,1,21,24
GLYtm;HACD241,1,0,22,25
GLYtm;HACD260,2,1,21,24
GLYtm;HEXCCOAtr,2,1,21,24
GLYtm;HMBS,1,0,22,25
GLYtm;HOXG,1,0,22,25
GLYtm;HSD200,2,1,21,24
GLYtm;HSD201,1,0,22,25
GLYtm;HSD220,2,1,21,24
GLYtm;HSD221,1,0,22,25
GLYtm;HSD240,2,1,21,24
GLYtm;HSD241,1,0,22,25
GLYtm;HSD260,2,1,21,24
GLYtm;MTHFC,1,0,22,25
GLYtm;MTHFD,0,1,23,24
GLYtm;MTHFD2,1,0,22,25
GLYtm;NDP7er,1,0,22,25
GLYtm;NRVNCCOAtr,1,0,22,25
GLYtm;PFK2,1,0,22,25
GLYtm;PGI,1,0,22,25
GLYtm;PGMT,1,0,22,25
GLYtm;PHEMEtm,1,0,22,25
GLYtm;PIt2m_2,1,0,22,25
GLYtm;PIt7,1,0,22,25
GLYtm;PIt8,0,1,23,24
GLYtm;PIt9,0,1,23,24
GLYtm;PPBNGS,1,0,22,25
GLYtm;PPCOAtm,1,0,22,25
GLYtm;PPPG9tm,1,0,22,25
GLYtm;PPPGOm,1,0,22,25
GLYtm;PVD3,1,0,22,25
GLYtm;RTOT5,2,1,21,24
GLYtm;TECR200,2,1,21,24
GLYtm;TECR201,1,0,22,25
GLYtm;TECR220,2,1,21,24
GLYtm;TECR221,1,0,22,25
GLYtm;TECR240,2,1,21,24
GLYtm;TECR241,1,0,22,25
GLYtm;TECR260,2,1,21,24
GLYtm;THRA,1,0,22,25
GLYtm;UDPGCURtr,1,0,22,25
GLYtm;UDPGD,1,0,22,25
GLYtm;UGT1A2r,1,0,22,25
GLYtm;UMPtr,1,0,22,25
GLYtm;UPP3S,1,0,22,25
GLYtm;UPPDC1,1,0,22,25
GLYtm;VD3,1,0,22,25
GLYtm;VITD3t,1,0,22,25
GLYtp;HEX12,0,1,23,24
GLYtp;O2t,0,1,23,24
GLYtp;O2tp,0,1,23,24
GLYtp;PGK,0,1,23,24
GLYtp;PGM,0,1,23,24
GLYtp;THRA,0,1,23,24
GMAND;ARTFR42,2,0,21,25
GMAND;ARTPLM1,0,1,23,24
GMAND;GPDDA1,0,1,23,24
GMAND;H2Oter,2,1,21,24
GMAND;HAS1,1,0,22,25
GMAND;HAS2,1,0,22,25
GMAND;HEX16,1,1,22,24
GMAND;Htm,1,0,22,25
GMAND;Htr,1,1,22,24
GMAND;KCCt,1,0,22,25
GMAND;LPASE,0,1,23,24
GMAND;M1316Mg,1,1,22,24
GMAND;M13N2Tg,1,1,22,24
GMAND;M13N4T2g,0,1,23,24
GMAND;M16N4Tg,1,1,22,24
GMAND;M16N6T2g,0,1,23,24
GMAND;M16NTg,1,1,22,24
GMAND;M4MPDOL_ter,1,1,22,24
GMAND;M7MASNBterg,0,1,23,24
GMAND;M8MASNterg,1,0,22,25
GMAND;MANter,0,1,23,24
GMAND;MANtg,1,1,22,24
GMAND;MG1er,1,1,22,24
GMAND;MG2er,1,1,22,24
GMAND;MG3er,1,1,22,24
GMAND;MM5ag,1,0,22,25
GMAND;MM5bg,0,1,23,24
GMAND;MM6B1bg,0,1,23,24
GMAND;MM6bg,1,0,22,25
GMAND;MM7B2g,0,1,23,24
GMAND;MM7Cag,1,0,22,25
GMAND;MM8Ag,1,0,22,25
GMAND;MM8Ber,0,1,23,24
GMAND;OCDE9ECOAtr,2,0,21,25
GMAND;PFK_3,1,0,22,25
GMAND;PIt7,1,0,22,25
GMAND;PIt8,0,2,23,23
GMAND;PPAer,0,2,23,23
GMAND;PPIPItr,0,2,23,23
GMAND;R_group_phosphotase_1,0,1,23,24
GMAND;SE10,1,0,22,25
GMAND;SOAT6,1,0,22,25
GMAND;TPI,5,0,18,25
GMAND;UAG4E,0,1,23,24
GMAND;UDPDOLPT,1,1,22,24
GMAND;UDPGD,1,0,22,25
GMAND;UGALNACtg,0,1,23,24
GMPtg;ARTFR42,2,0,21,25
GMPtg;ARTPLM1,0,1,23,24
GMPtg;GPDDA1,0,1,23,24
GMPtg;H2Oter,2,1,21,24
GMPtg;HAS1,1,0,22,25
GMPtg;HAS2,1,0,22,25
GMPtg;HEX16,1,1,22,24
GMPtg;Htm,1,0,22,25
GMPtg;Htr,1,1,22,24
GMPtg;KCCt,1,0,22,25
GMPtg;LPASE,0,1,23,24
GMPtg;M1316Mg,1,1,22,24
GMPtg;M13N2Tg,1,1,22,24
GMPtg;M13N4T2g,0,1,23,24
GMPtg;M16N4Tg,1,1,22,24
GMPtg;M16N6T2g,0,1,23,24
GMPtg;M16NTg,1,1,22,24
GMPtg;M4MPDOL_ter,1,1,22,24
GMPtg;M7MASNBterg,0,1,23,24
GMPtg;M8MASNterg,1,0,22,25
GMPtg;MANter,0,1,23,24
GMPtg;MANtg,1,1,22,24
GMPtg;MG1er,1,1,22,24
GMPtg;MG2er,1,1,22,24
GMPtg;MG3er,1,1,22,24
GMPtg;MM5ag,1,0,22,25
GMPtg;MM5bg,0,1,23,24
GMPtg;MM6B1bg,0,1,23,24
GMPtg;MM6bg,1,0,22,25
GMPtg;MM7B2g,0,1,23,24
GMPtg;MM7Cag,1,0,22,25
GMPtg;MM8Ag,1,0,22,25
GMPtg;MM8Ber,0,1,23,24
GMPtg;OCDE9ECOAtr,2,0,21,25
GMPtg;PFK_3,1,0,22,25
GMPtg;PIt7,1,0,22,25
GMPtg;PIt8,0,2,23,23
GMPtg;PPAer,0,2,23,23
GMPtg;PPIPItr,0,2,23,23
GMPtg;R_group_phosphotase_1,0,1,23,24
GMPtg;SE10,1,0,22,25
GMPtg;SOAT6,1,0,22,25
GMPtg;TPI,5,0,18,25
GMPtg;UAG4E,0,1,23,24
GMPtg;UDPDOLPT,1,1,22,24
GMPtg;UDPGD,1,0,22,25
GMPtg;UGALNACtg,0,1,23,24
GND;H2Ot,0,1,23,24
GND;HAS1,0,1,23,24
GND;HAS2,0,1,23,24
GND;HYALe,0,1,23,24
GND;ILEOX,0,1,23,24
GND;ILETA,0,1,23,24
GND;NADH2_u10m,0,1,23,24
GND;NH4tm,0,1,23,24
GND;O2tp,0,1,23,24
GND;OROTGLUt,0,1,23,24
GND;OROTte,0,1,23,24
GND;PEPCK,0,1,23,24
GND;PFK,0,4,23,21
GND;PFK_3,1,0,22,25
GND;PGI,1,6,22,19
GND;PPAer,0,1,23,24
GND;PPIPItr,0,1,23,24
GND;RADH,0,1,23,24
GND;RADH3,0,1,23,24
GND;RAI3,0,1,23,24
GND;RDH1a,0,1,23,24
GND;RDH4,0,1,23,24
GND;RETI3,0,1,23,24
GND;RPE,1,1,22,24
GND;SBTR,0,1,23,24
GND;SBT_Dtde,0,1,23,24
GND;TALA,1,1,22,24
GND;THRA,0,2,23,23
GND;TKT1,1,1,22,24
GND;TKT2,1,1,22,24
GND;UAGDP,0,1,23,24
GND;UDPGD,0,1,23,24
GNDer;NADPHtru,7,1,16,24
GNDer;NADPtru,7,1,16,24
GNDer;PFK_3,6,0,17,25
GNDer;PGI,7,0,16,25
GNDer;PIter,1,0,22,25
GNDer;PPAer,2,0,21,25
GNDer;PPIPItr,2,0,21,25
GNDer;RPE,7,0,16,25
GNDer;RU5Ptr,7,0,16,25
GNDer;TALA,7,0,16,25
GNDer;TKT1,7,0,16,25
GNDer;TKT2,7,0,16,25
GPAT;LDH_L,0,1,23,24
GPAT;MDH,0,1,23,24
GPAT;MDHm,0,1,23,24
GPAT;MTHFC,0,1,23,24
GPAT;MTHFD,0,1,23,24
GPAT;NADH2_u10m,0,1,23,24
GPAT;NH4tm,0,1,23,24
GPAT;PYRt2r,0,1,23,24
GPATm;HEX12,0,1,23,24
GPDDA1;H2Oter,0,1,23,24
GPDDA1;H2Otg,0,1,23,24
GPDDA1;H2Otly,0,1,23,24
GPDDA1;HEX16,0,1,23,24
GPDDA1;Htg,0,1,23,24
GPDDA1;Htr,0,1,23,24
GPDDA1;M1316Mg,0,1,23,24
GPDDA1;M13N2Tg,0,1,23,24
GPDDA1;M14NTg,0,1,23,24
GPDDA1;M16NTg,0,1,23,24
GPDDA1;M4MPDOL_ter,0,1,23,24
GPDDA1;M7MASNBterg,0,1,23,24
GPDDA1;MAN1PT2,0,1,23,24
GPDDA1;MAN6PI,0,1,23,24
GPDDA1;MANter,0,1,23,24
GPDDA1;MANtg,0,1,23,24
GPDDA1;MANtly,0,1,23,24
GPDDA1;MG1er,0,1,23,24
GPDDA1;MG2er,0,1,23,24
GPDDA1;MG3er,0,1,23,24
GPDDA1;MM5bg,0,1,23,24
GPDDA1;MM6B1ag,0,1,23,24
GPDDA1;MM7B1g,0,1,23,24
GPDDA1;MM8Ber,0,1,23,24
GPDDA1;N2M2NMASNt,0,1,23,24
GPDDA1;N2M2NMASNtly,0,1,23,24
GPDDA1;NDP7er,0,1,23,24
GPDDA1;NDP7g,0,1,23,24
GPDDA1;PGMT,0,1,23,24
GPDDA1;PItg,0,1,23,24
GPDDA1;PMANM,0,1,23,24
GPDDA1;ST3GAL61g,0,1,23,24
GPDDA1;UAGDP,0,1,23,24
GPDDA1;UDPDOLPT,0,1,23,24
GPDDA1;UDPG4E,0,1,23,24
GPDDA1;UDPGALt2r,0,1,23,24
GPDDA1;UDPGALtg,0,1,23,24
GPDDA1;UDPGGPGTr,0,1,23,24
GPDDA1;UGCGc,0,1,23,24
GPDDA1;UGLCNACtg,0,1,23,24
GPDDA1;UMPtr,0,1,23,24
GTHDH;HCO3_NAt,0,1,23,24
GTHDH;O2tm,1,0,22,25
GTHO;GTHOm,0,1,23,24
GTHO;GTHPm,0,1,23,24
GTHO;H2O2tm,0,1,23,24
GTHO;PPA,0,1,23,24
GTHOm;GTHP,0,1,23,24
GTHOm;HCO3tm,0,1,23,24
GTHOm;Htm,0,1,23,24
GTHOm;ICDHyrm,0,1,23,24
GTHOm;MALACONtm,0,1,23,24
GTHOm;MDH,0,1,23,24
GTHOm;MDHm,0,2,23,23
GTHOm;NADH2_u10m,0,2,23,23
GTHOm;OXALSUCCCLm,0,1,23,24
GTHOm;PGI,0,1,23,24
GTHOm;PIt2m_2,0,1,23,24
GTHOm;PPA,0,1,23,24
GTHOm;PPItm,0,1,23,24
GTHOm;THRA,0,1,23,24
GTHP;GTHPm,0,1,23,24
GTHP;H2O2tly,1,0,22,25
GTHP;H2O2tm,0,1,23,24
GTHP;H2Otly,1,0,22,25
GTHP;IDHPOXOX2b,1,0,22,25
GTHP;IDHPOXOX3,1,0,22,25
GTHP;IDHPOXOXb,1,0,22,25
GTHP;It,1,0,22,25
GTHP;LCYSTCBOXL,1,0,22,25
GTHP;MEOHtly,1,0,22,25
GTHP;PPA,0,1,23,24
GTHP;PRDXl,1,0,22,25
GTHP;SADT,1,0,22,25
GTHP;SO4t4_3,1,0,22,25
GTHP;TAURCHAe,1,0,22,25
GTHP;THYPX,1,0,22,25
GTHP;THYRIDHD,1,0,22,25
GTHP;THYST,1,0,22,25
GTHPm;HCO3tm,0,1,23,24
GTHPm;Htm,0,1,23,24
GTHPm;ICDHyrm,0,1,23,24
GTHPm;MALACONtm,0,1,23,24
GTHPm;MDH,0,1,23,24
GTHPm;MDHm,0,2,23,23
GTHPm;NADH2_u10m,0,2,23,23
GTHPm;OXALSUCCCLm,0,1,23,24
GTHPm;PGI,0,1,23,24
GTHPm;PIt2m_2,0,1,23,24
GTHPm;PPA,0,1,23,24
GTHPm;PPItm,0,1,23,24
GTHPm;THRA,0,1,23,24
GTPGDPtm;H2Oter,1,0,22,25
GTPGDPtm;HCO3tm,1,0,22,25
GTPGDPtm;LEUTAm,1,0,22,25
GTPGDPtm;LEUt5m,1,0,22,25
GTPGDPtm;MCCCm,1,0,22,25
GTPGDPtm;MGCHrm,1,0,22,25
GTPGDPtm;MOD_3mhop,1,0,22,25
GTPGDPtm;NDPK1,0,1,23,24
GTPGDPtm;NH4tm,1,0,22,25
GTPGDPtm;PIt2m_2,1,0,22,25
GTPGDPtm;PROGLUtm,1,0,22,25
GTPGDPtm;PROtm,1,0,22,25
GTPGDPtm;SSALym,1,0,22,25
GTPGDPtm;SUCCICITtm,0,1,23,24
GTPGDPtm;SUCCt4_3,0,1,23,24
GTPGDPtm;SUCOAS1m,0,1,23,24
GTPGDPtm;UAGDP,0,1,23,24
GUACYC;HAS1,0,1,23,24
GUACYC;HAS2,0,1,23,24
GUACYC;HYALe,0,1,23,24
GUACYC;PGMT,0,1,23,24
GUACYC;THRA,0,1,23,24
GUACYC;UAGDP,0,1,23,24
GUACYC;UDPGD,0,1,23,24
GULLACter;Htr,0,1,23,24
GULOer;Htr,0,1,23,24
GluForTx;MTHFD,0,1,23,24
H2O2t;HBZOPT10m,1,0,22,25
H2O2t;HMGCOASim,1,0,22,25
H2O2t;NADPHtru,1,0,22,25
H2O2t;NADPtru,1,0,22,25
H2O2t;NH4tm,1,0,22,25
H2O2t;T4HCINNMFM,1,0,22,25
H2O2t;TYRTAm,1,0,22,25
H2O2t;TYRtl,1,0,22,25
H2O2t;q10tm,1,0,22,25
H2O2ter;Htr,0,1,23,24
H2O2tly;PFK,0,1,23,24
H2O2tly;PGI,0,1,23,24
H2O2tm;HCO3tm,0,1,23,24
H2O2tm;Htm,0,1,23,24
H2O2tm;ICDHyrm,0,1,23,24
H2O2tm;MALACONtm,0,1,23,24
H2O2tm;MDH,0,1,23,24
H2O2tm;MDHm,0,2,23,23
H2O2tm;NADH2_u10m,0,2,23,23
H2O2tm;O2t,1,0,22,25
H2O2tm;O2tm,8,0,15,25
H2O2tm;OXALSUCCCLm,0,1,23,24
H2O2tm;PGI,0,1,23,24
H2O2tm;PIt2m_2,0,1,23,24
H2O2tm;PPA,0,1,23,24
H2O2tm;PPItm,0,1,23,24
H2O2tm;THRA,0,1,23,24
H2O2tn;O2St,1,0,22,25
H2O2tn;O2t,5,5,18,20
H2O2tp;Htr,0,1,23,24
H2O2tp;NADPHtru,1,0,22,25
H2O2tp;NADPtru,1,0,22,25
H2O2tp;O2t,0,1,23,24
H2Ot;ARTPLM1,1,0,22,25
H2Ot;H2Oter,1,0,22,25
H2Ot;HCO3E,4,0,19,25
H2Ot;HCO3Ee,1,0,22,25
H2Ot;HCO3_NAt,1,0,22,25
H2Ot;LEUTAm,1,0,22,25
H2Ot;LEUt5m,1,0,22,25
H2Ot;MCCCm,1,0,22,25
H2Ot;MGCHrm,1,0,22,25
H2Ot;MOD_3mhop,1,0,22,25
H2Ot;NACDe,1,0,22,25
H2Ot;NACPRT,1,0,22,25
H2Ot;NADPHtru,1,0,22,25
H2Ot;NADPtru,1,0,22,25
H2Ot;NCAMDe,1,0,22,25
H2Ot;NH4tm,1,0,22,25
H2Ot;NMNDA,1,0,22,25
H2Ot;NMNS,1,0,22,25
H2Ot;NM_4,0,1,23,24
H2Ot;PFK,0,2,23,23
H2Ot;PGI,0,1,23,24
H2Ot;PGL,0,1,23,24
H2Ot;PIt2m,0,1,23,24
H2Ot;RNAdeg,3,0,20,25
H2Ot;THFtm,1,0,22,25
H2Ot;TYRDOPO,0,2,23,23
H2Ot;TYRDOPO3,0,2,23,23
H2Ot;UREAt,0,1,23,24
H2Ot;UREAt5,0,1,23,24
H2Oter;ARTFR41,1,0,22,25
H2Oter;ARTFR52,1,0,22,25
H2Oter;H2Otg,1,2,22,23
H2Oter;HACD200,1,0,22,25
H2Oter;HACD220,1,0,22,25
H2Oter;HACD240,1,0,22,25
H2Oter;HACD260,1,0,22,25
H2Oter;HEX16,1,0,22,25
H2Oter;HEXCCOAtr,1,0,22,25
H2Oter;HMBS,2,1,21,24
H2Oter;HOXG,2,1,21,24
H2Oter;HSD200,1,0,22,25
H2Oter;HSD220,1,0,22,25
H2Oter;HSD240,1,0,22,25
H2Oter;HSD260,1,0,22,25
H2Oter;Htg,1,2,22,23
H2Oter;Htr,1,2,22,23
H2Oter;ILETA,1,0,22,25
H2Oter;LDH_L,0,1,23,24
H2Oter;LPASE,0,1,23,24
H2Oter;L_LACt2r,0,1,23,24
H2Oter;M1316Mg,1,0,22,25
H2Oter;M13N2Tg,1,0,22,25
H2Oter;M16N4Tg,1,0,22,25
H2Oter;M16NTg,1,0,22,25
H2Oter;M4MPDOL_ter,1,0,22,25
H2Oter;M8MASNterg,1,0,22,25
H2Oter;MAN1PT2,1,2,22,23
H2Oter;MAN6PI,1,2,22,23
H2Oter;MANtg,1,0,22,25
H2Oter;MG1er,1,0,22,25
H2Oter;MG2er,1,0,22,25
H2Oter;MG3er,1,0,22,25
H2Oter;MM5ag,1,0,22,25
H2Oter;MM6bg,1,0,22,25
H2Oter;MM7Cag,1,0,22,25
H2Oter;MM8Ag,1,0,22,25
H2Oter;NDP7er,3,2,20,23
H2Oter;NDP7g,1,2,22,23
H2Oter;PFK,1,0,22,25
H2Oter;PFK2,2,0,21,25
H2Oter;PGI,3,0,20,25
H2Oter;PGK,0,1,23,24
H2Oter;PGM,0,1,23,24
H2Oter;PGMT,3,3,20,22
H2Oter;PHEMEtm,2,1,21,24
H2Oter;PIt7,1,0,22,25
H2Oter;PIt8,0,1,23,24
H2Oter;PItg,1,2,22,23
H2Oter;PLMCOAPTr,1,0,22,25
H2Oter;PMANM,1,2,22,23
H2Oter;PPBNGS,2,1,21,24
H2Oter;PPPG9tm,2,1,21,24
H2Oter;PPPGOm,2,1,21,24
H2Oter;PROAKGOX1m,1,1,22,24
H2Oter;PROGLUtm,1,0,22,25
H2Oter;PROtm,1,0,22,25
H2Oter;PYK7,0,1,23,24
H2Oter;RTOT5,1,0,22,25
H2Oter;R_group_phosphotase_1,0,1,23,24
H2Oter;SUCOAS1m,1,0,22,25
H2Oter;TECR200,1,0,22,25
H2Oter;TECR220,1,0,22,25
H2Oter;TECR240,1,0,22,25
H2Oter;TECR260,1,0,22,25
H2Oter;THRA,1,0,22,25
H2Oter;TIGGLYc,1,0,22,25
H2Oter;TIGGLYte,1,0,22,25
H2Oter;TIGGLYtm,1,0,22,25
H2Oter;TPI,1,1,22,24
H2Oter;TYROX,1,0,22,25
H2Oter;TYRTA,1,0,22,25
H2Oter;UAGDP,1,2,22,23
H2Oter;UDPDOLPT,1,0,22,25
H2Oter;UDPG4E,2,1,21,24
H2Oter;UDPGALt2r,2,1,21,24
H2Oter;UDPGALtg,2,1,21,24
H2Oter;UDPGCURtr,1,1,22,24
H2Oter;UDPGD,2,1,21,24
H2Oter;UDPGGPGTr,2,1,21,24
H2Oter;UDPGLCAter,1,0,22,25
H2Oter;UGCGc,2,1,21,24
H2Oter;UGLCNACtg,1,2,22,23
H2Oter;UGT1A2r,2,1,21,24
H2Oter;UMPtr,2,2,21,23
H2Oter;UPP3S,2,1,21,24
H2Oter;UPPDC1,2,1,21,24
H2Otg;ARTFR42,2,0,21,25
H2Otg;ARTPLM1,0,1,23,24
H2Otg;HAS1,1,1,22,24
H2Otg;HAS2,1,1,22,24
H2Otg;HYALe,0,1,23,24
H2Otg;Htm,1,0,22,25
H2Otg;Htr,0,4,23,21
H2Otg;KCCt,1,0,22,25
H2Otg;LPASE,0,1,23,24
H2Otg;NADPHtru,0,1,23,24
H2Otg;NADPtru,0,1,23,24
H2Otg;NKCCt,1,0,22,25
H2Otg;OCDE9ECOAtr,2,0,21,25
H2Otg;PFK_3,1,0,22,25
H2Otg;PGAM1_PhosHydro,1,0,22,25
H2Otg;PGI,1,2,22,23
H2Otg;PIt2m,0,1,23,24
H2Otg;PIt7,1,0,22,25
H2Otg;PIt8,0,2,23,23
H2Otg;PIt9,1,0,22,25
H2Otg;PPAer,0,4,23,21
H2Otg;PPIPItr,0,4,23,21
H2Otg;PROGLUtm,0,1,23,24
H2Otg;RPI,0,1,23,24
H2Otg;R_group_phosphotase_1,0,1,23,24
H2Otg;SE10,1,0,22,25
H2Otg;SOAT6,1,0,22,25
H2Otg;TPI,5,0,18,25
H2Otg;TXA2tr,0,3,23,22
H2Otg;TXB2c,0,3,23,22
H2Otg;TXB2r,0,3,23,22
H2Otg;TXB2tr,0,3,23,22
H2Otg;UDPGD,1,1,22,24
H2Otly;Htr,0,1,23,24
H2Otly;LPASE,0,1,23,24
H2Otly;PFK,0,1,23,24
H2Otly;PGI,0,1,23,24
H2Otly;R_group_phosphotase_1,0,1,23,24
H2Otm;HCO3Em,0,1,23,24
H2Otm;HCO3tm,0,1,23,24
H2Otm;Htm,0,1,23,24
H2Otm;LDH_L,0,1,23,24
H2Otm;ME2m,0,1,23,24
H2Otm;MTHFD2m,0,1,23,24
H2Otm;MTHFDm,0,1,23,24
H2Otm;NADH2_u10m,0,1,23,24
H2Otm;NH4tm,0,1,23,24
H2Otm;PFK_3,0,1,23,24
H2Otm;PGAM1_PhosHydro,0,1,23,24
H2Otm;PIGTHRDLtm,0,1,23,24
H2Otm;PROGLUtm,0,1,23,24
H2Otm;PROtm,0,1,23,24
H2Otm;PYRtm,0,1,23,24
H2Otm;RPE,0,1,23,24
H2Otm;RPI,0,1,23,24
H2Otm;TKT1,0,1,23,24
H2Otm;TKT2,0,1,23,24
H2Otm;TPI,0,1,23,24
H2Otn;O2St,1,0,22,25
H2Otn;O2t,3,5,20,20
H2Otn;PPItn,0,1,23,24
H2Otp;Htr,0,1,23,24
H2Otp;NADPHtru,1,0,22,25
H2Otp;NADPtru,1,0,22,25
HACD180;ARTFR33,1,0,22,25
HACD180;HACD181,1,0,22,25
HACD180;HACD224,0,1,23,24
HACD180;HSD181,1,0,22,25
HACD180;HSD224,0,1,23,24
HACD180;Htr,0,6,23,19
HACD180;NADPHtru,1,0,22,25
HACD180;NADPHtxu,0,1,23,24
HACD180;NADPtru,1,0,22,25
HACD180;NADPtxu,0,1,23,24
HACD180;OCTD11ECOAtr,1,0,22,25
HACD180;PIt8,0,1,23,24
HACD180;PPIPItr,0,1,23,24
HACD180;PPItr,0,1,23,24
HACD180;RTOT3,1,0,22,25
HACD180;TECR181,1,0,22,25
HACD180;TECR224,0,1,23,24
HACD181;HSD180,1,0,22,25
HACD181;TECR180,1,0,22,25
HACD1m;HCO3Em,1,0,22,25
HACD1m;LEUTA,1,0,22,25
HACD1m;LEUTAm,2,0,21,25
HACD1m;LEUt5m,2,0,21,25
HACD1m;MCCCm,3,0,20,25
HACD1m;MGCHrm,3,0,20,25
HACD1m;MOD_3mhop,3,0,20,25
HACD1m;NH4tm,1,0,22,25
HACD1m;TYROX,1,0,22,25
HACD1m;TYRTA,1,0,22,25
HACD200;ARTFR45,3,0,20,25
HACD200;ARTPLM1,0,1,23,24
HACD200;HACD201,3,0,20,25
HACD200;HACD221,3,0,20,25
HACD200;HACD241,3,0,20,25
HACD200;HSD201,3,0,20,25
HACD200;HSD221,3,0,20,25
HACD200;HSD241,3,0,20,25
HACD200;ILEOX,0,1,23,24
HACD200;ILETAm,2,0,21,25
HACD200;ILEt5m,2,0,21,25
HACD200;NH4tm,1,0,22,25
HACD200;NRVNCCOAtr,3,0,20,25
HACD200;RTOT4,3,0,20,25
HACD200;TECR201,3,0,20,25
HACD200;TECR221,3,0,20,25
HACD200;TECR241,3,0,20,25
HACD200;TIGGLYc,2,1,21,24
HACD200;TIGGLYte,2,1,21,24
HACD200;TIGGLYtm,2,1,21,24
HACD201;ARTFR32,2,0,21,25
HACD201;ARTFR42,3,0,20,25
HACD201;ARTFR52,3,0,20,25
HACD201;HACD220,3,0,20,25
HACD201;HACD224,0,1,23,24
HACD201;HACD240,3,0,20,25
HACD201;HACD260,3,0,20,25
HACD201;HEXCCOAtr,3,0,20,25
HACD201;HSD200,3,0,20,25
HACD201;HSD220,3,0,20,25
HACD201;HSD224,0,1,23,24
HACD201;HSD240,3,0,20,25
HACD201;HSD260,3,0,20,25
HACD201;Htr,1,6,22,19
HACD201;NADPHtru,1,0,22,25
HACD201;NADPHtxu,0,1,23,24
HACD201;NADPtru,1,0,22,25
HACD201;NADPtxu,0,1,23,24
HACD201;OCDE9ECOAtr,4,0,19,25
HACD201;PIt8,0,1,23,24
HACD201;PPIPItr,0,1,23,24
HACD201;PPItr,0,1,23,24
HACD201;RTOT3,2,0,21,25
HACD201;RTOT5,3,0,20,25
HACD201;TECR200,3,0,20,25
HACD201;TECR220,3,0,20,25
HACD201;TECR224,0,1,23,24
HACD201;TECR240,3,0,20,25
HACD201;TECR260,3,0,20,25
HACD220;ARTFR45,3,0,20,25
HACD220;ARTPLM1,0,1,23,24
HACD220;HACD221,3,0,20,25
HACD220;HACD241,3,0,20,25
HACD220;HSD201,3,0,20,25
HACD220;HSD221,3,0,20,25
HACD220;HSD241,3,0,20,25
HACD220;ILEOX,0,1,23,24
HACD220;ILETAm,2,0,21,25
HACD220;ILEt5m,2,0,21,25
HACD220;NH4tm,1,0,22,25
HACD220;NRVNCCOAtr,3,0,20,25
HACD220;RTOT4,3,0,20,25
HACD220;TECR201,3,0,20,25
HACD220;TECR221,3,0,20,25
HACD220;TECR241,3,0,20,25
HACD220;TIGGLYc,2,1,21,24
HACD220;TIGGLYte,2,1,21,24
HACD220;TIGGLYtm,2,1,21,24
HACD221;ARTFR32,2,0,21,25
HACD221;ARTFR42,3,0,20,25
HACD221;ARTFR52,3,0,20,25
HACD221;HACD224,0,1,23,24
HACD221;HACD240,3,0,20,25
HACD221;HACD260,3,0,20,25
HACD221;HEXCCOAtr,3,0,20,25
HACD221;HSD200,3,0,20,25
HACD221;HSD220,3,0,20,25
HACD221;HSD224,0,1,23,24
HACD221;HSD240,3,0,20,25
HACD221;HSD260,3,0,20,25
HACD221;Htr,1,6,22,19
HACD221;NADPHtru,1,0,22,25
HACD221;NADPHtxu,0,1,23,24
HACD221;NADPtru,1,0,22,25
HACD221;NADPtxu,0,1,23,24
HACD221;OCDE9ECOAtr,4,0,19,25
HACD221;PIt8,0,1,23,24
HACD221;PPIPItr,0,1,23,24
HACD221;PPItr,0,1,23,24
HACD221;RTOT3,2,0,21,25
HACD221;RTOT5,3,0,20,25
HACD221;TECR200,3,0,20,25
HACD221;TECR220,3,0,20,25
HACD221;TECR224,0,1,23,24
HACD221;TECR240,3,0,20,25
HACD221;TECR260,3,0,20,25
HACD224;HACD241,0,1,23,24
HACD224;HSD17B1,0,1,23,24
HACD224;HSD17B8r,0,1,23,24
HACD224;HSD180,0,1,23,24
HACD224;HSD201,0,1,23,24
HACD224;HSD221,0,1,23,24
HACD224;HSD241,0,1,23,24
HACD224;Htx,0,1,23,24
HACD224;LDH_L,0,1,23,24
HACD224;NRVNCCOAtr,0,1,23,24
HACD224;NRVNCCOAtxc,0,1,23,24
HACD224;PMTCOAFABP1tc,0,1,23,24
HACD224;PPA,0,2,23,23
HACD224;RPI,0,1,23,24
HACD224;TECR180,0,1,23,24
HACD224;TECR201,0,1,23,24
HACD224;TECR221,0,1,23,24
HACD224;TECR241,0,1,23,24
HACD224;TPI,0,1,23,24
HACD240;ARTFR45,3,0,20,25
HACD240;ARTPLM1,0,1,23,24
HACD240;HACD241,3,0,20,25
HACD240;HSD201,3,0,20,25
HACD240;HSD221,3,0,20,25
HACD240;HSD241,3,0,20,25
HACD240;ILEOX,0,1,23,24
HACD240;ILETAm,2,0,21,25
HACD240;ILEt5m,2,0,21,25
HACD240;NH4tm,1,0,22,25
HACD240;NRVNCCOAtr,3,0,20,25
HACD240;RTOT4,3,0,20,25
HACD240;TECR201,3,0,20,25
HACD240;TECR221,3,0,20,25
HACD240;TECR241,3,0,20,25
HACD240;TIGGLYc,2,1,21,24
HACD240;TIGGLYte,2,1,21,24
HACD240;TIGGLYtm,2,1,21,24
HACD241;ARTFR32,2,0,21,25
HACD241;ARTFR42,3,0,20,25
HACD241;ARTFR52,3,0,20,25
HACD241;HACD260,3,0,20,25
HACD241;HEXCCOAtr,3,0,20,25
HACD241;HSD200,3,0,20,25
HACD241;HSD220,3,0,20,25
HACD241;HSD224,0,1,23,24
HACD241;HSD240,3,0,20,25
HACD241;HSD260,3,0,20,25
HACD241;Htr,1,6,22,19
HACD241;NADPHtru,1,0,22,25
HACD241;NADPHtxu,0,1,23,24
HACD241;NADPtru,1,0,22,25
HACD241;NADPtxu,0,1,23,24
HACD241;OCDE9ECOAtr,4,0,19,25
HACD241;PIt8,0,1,23,24
HACD241;PPIPItr,0,1,23,24
HACD241;PPItr,0,1,23,24
HACD241;RTOT3,2,0,21,25
HACD241;RTOT5,3,0,20,25
HACD241;TECR200,3,0,20,25
HACD241;TECR220,3,0,20,25
HACD241;TECR224,0,1,23,24
HACD241;TECR240,3,0,20,25
HACD241;TECR260,3,0,20,25
HACD260;ARTFR45,3,0,20,25
HACD260;ARTPLM1,0,1,23,24
HACD260;HSD201,3,0,20,25
HACD260;HSD221,3,0,20,25
HACD260;HSD241,3,0,20,25
HACD260;ILEOX,0,1,23,24
HACD260;ILETAm,2,0,21,25
HACD260;ILEt5m,2,0,21,25
HACD260;NH4tm,1,0,22,25
HACD260;NRVNCCOAtr,3,0,20,25
HACD260;RTOT4,3,0,20,25
HACD260;TECR201,3,0,20,25
HACD260;TECR221,3,0,20,25
HACD260;TECR241,3,0,20,25
HACD260;TIGGLYc,2,1,21,24
HACD260;TIGGLYte,2,1,21,24
HACD260;TIGGLYtm,2,1,21,24
HACD9m;HCO3Em,0,1,23,24
HACD9m;LEUTAm,0,1,23,24
HACD9m;LEUt5m,0,1,23,24
HACD9m;MCCCm,0,1,23,24
HACD9m;MGCHrm,0,1,23,24
HACD9m;MOD_3mhop,0,1,23,24
HAS1;HCO3_NAt,0,1,23,24
HAS1;Htg,1,1,22,24
HAS1;Htr,0,1,23,24
HAS1;MAN1PT1,0,1,23,24
HAS1;MAN1PT2,1,0,22,25
HAS1;MAN6PI,1,1,22,24
HAS1;NDP7er,1,0,22,25
HAS1;NDP7g,1,1,22,24
HAS1;PFK_3,0,1,23,24
HAS1;PGI,0,1,23,24
HAS1;PGL,0,1,23,24
HAS1;PItg,1,1,22,24
HAS1;PMANM,1,1,22,24
HAS1;RPE,0,1,23,24
HAS1;THRA,0,1,23,24
HAS1;TKT1,0,1,23,24
HAS1;TKT2,0,1,23,24
HAS1;UDPG4E,1,0,22,25
HAS1;UDPGALt2r,1,0,22,25
HAS1;UDPGALtg,1,0,22,25
HAS1;UDPGGPGTr,1,0,22,25
HAS1;UGCGc,1,0,22,25
HAS1;UGLCNACtg,1,1,22,24
HAS1;UMPtr,1,0,22,25
HAS2;HCO3_NAt,0,1,23,24
HAS2;Htg,1,1,22,24
HAS2;Htr,0,1,23,24
HAS2;MAN1PT1,0,1,23,24
HAS2;MAN1PT2,1,0,22,25
HAS2;MAN6PI,1,1,22,24
HAS2;NDP7er,1,0,22,25
HAS2;NDP7g,1,1,22,24
HAS2;PFK_3,0,1,23,24
HAS2;PGI,0,1,23,24
HAS2;PGL,0,1,23,24
HAS2;PItg,1,1,22,24
HAS2;PMANM,1,1,22,24
HAS2;RPE,0,1,23,24
HAS2;THRA,0,1,23,24
HAS2;TKT1,0,1,23,24
HAS2;TKT2,0,1,23,24
HAS2;UDPG4E,1,0,22,25
HAS2;UDPGALt2r,1,0,22,25
HAS2;UDPGALtg,1,0,22,25
HAS2;UDPGGPGTr,1,0,22,25
HAS2;UGCGc,1,0,22,25
HAS2;UGLCNACtg,1,1,22,24
HAS2;UMPtr,1,0,22,25
HAtly;Htr,0,1,23,24
HBZOPT10m;HSD3B11,1,0,22,25
HBZOPT10m;ICITACONtm,0,1,23,24
HBZOPT10m;MTHFC,0,1,23,24
HBZOPT10m;MTHFD,0,1,23,24
HBZOPT10m;P45011A1m,1,0,22,25
HBZOPT10m;PE_HStm,2,0,21,25
HBZOPT10m;PRGNLONEtm,1,0,22,25
HBZOPT10m;PRGSTRNt,1,0,22,25
HBZOPT10m;PSDm_hs,2,0,21,25
HBZOPT10m;PSFLIPm,2,0,21,25
HBZOPT10m;THFtm,1,0,22,25
HBZOPT10m;THRA,1,0,22,25
HBZOPT10m;UAGDP,0,1,23,24
HCO3E;HCO3Ee,8,2,15,23
HCO3E;HCO3Em,2,2,21,23
HCO3E;HCO3tm,2,2,21,23
HCO3E;LYSARGtm,1,0,22,25
HCO3E;LYSHIStm,1,0,22,25
HCO3E;NADH2_u10m,0,1,23,24
HCO3E;NH4tm,0,2,23,23
HCO3E;O2t,0,1,23,24
HCO3E;PEPACONtm,0,1,23,24
HCO3E;PEPICITtm,0,1,23,24
HCO3E;PFK,0,1,23,24
HCO3E;PGI,0,1,23,24
HCO3E;PIGTHRDLtm,0,1,23,24
HCO3E;PROGLUtm,0,1,23,24
HCO3E;PROtm,0,1,23,24
HCO3E;PYRtm,0,1,23,24
HCO3E;THRA,0,1,23,24
HCO3E;TRIODTHYt,0,1,23,24
HCO3E;TRIODTHYt2,0,1,23,24
HCO3E;UAGDP,0,1,23,24
HCO3Ee;HCO3Em,2,0,21,25
HCO3Ee;HCO3tm,2,0,21,25
HCO3Ee;NACDe,1,0,22,25
HCO3Ee;NACPRT,1,0,22,25
HCO3Ee;NCAMDe,1,0,22,25
HCO3Ee;NH4tm,0,1,23,24
HCO3Ee;NKCC2t,1,0,22,25
HCO3Ee;NMNDA,1,0,22,25
HCO3Ee;NMNS,1,0,22,25
HCO3Ee;PFK,0,1,23,24
HCO3Ee;PGI,0,1,23,24
HCO3Ee;PIGTHRDLtm,0,1,23,24
HCO3Ee;PIt2m,0,1,23,24
HCO3Ee;THRA,0,1,23,24
HCO3Ee;UAGDP,0,1,23,24
HCO3Em;ACITLn,0,1,23,24
HCO3Em;ADPtn,0,1,23,24
HCO3Em;CITtn,0,1,23,24
HCO3Em;HCO3tm,8,3,15,22
HCO3Em;HMGCOASim,1,1,22,24
HCO3Em;Htm,2,0,21,25
HCO3Em;ICDHxrm,1,1,22,24
HCO3Em;ICDHyrm,0,2,23,23
HCO3Em;ICITCITtm,1,0,22,25
HCO3Em;ILETAm,0,1,23,24
HCO3Em;ILEt5m,0,1,23,24
HCO3Em;IMAGH,1,0,22,25
HCO3Em;MALACONtm,0,1,23,24
HCO3Em;MDH,1,1,22,24
HCO3Em;NACDe,1,0,22,25
HCO3Em;NACPRT,1,0,22,25
HCO3Em;NADH2_u10m,1,1,22,24
HCO3Em;NCAMDe,1,0,22,25
HCO3Em;NH4tm,0,1,23,24
HCO3Em;NMNDA,1,0,22,25
HCO3Em;NMNS,1,0,22,25
HCO3Em;NTD1,1,0,22,25
HCO3Em;OAADC,0,1,23,24
HCO3Em;OAAtn,0,1,23,24
HCO3Em;OXALSUCCCLm,1,3,22,22
HCO3Em;PGI,0,1,23,24
HCO3Em;PItn,0,1,23,24
HCO3Em;PPIOGLYc,0,1,23,24
HCO3Em;PPIOGLYte,0,1,23,24
HCO3Em;PPIOGLYtm,0,1,23,24
HCO3Em;PPItm,1,0,22,25
HCO3Em;PPM,1,0,22,25
HCO3Em;PPM2,1,0,22,25
HCO3Em;PROGLUtm,0,1,23,24
HCO3Em;PROtm,0,1,23,24
HCO3Em;PYNP2r,1,0,22,25
HCO3Em;PYRtm,0,1,23,24
HCO3Em;THFtm,2,0,21,25
HCO3Em;TYRDOPO,1,0,22,25
HCO3Em;UAGDP,0,1,23,24
HCO3_CLt;HCO3Ee,1,0,22,25
HCO3_CLt;HCO3_NAt,0,1,23,24
HCO3_CLt;NKCC2t,1,0,22,25
HCO3_CLt;NKCCt,0,1,23,24
HCO3_CLt;NaKt,0,1,23,24
HCO3_NAt;ARTFR12,0,1,23,24
HCO3_NAt;HCO3Ee,1,0,22,25
HCO3_NAt;HMGCOAtx,0,1,23,24
HCO3_NAt;HMGLx,0,1,23,24
HCO3_NAt;HOMOVALte,0,1,23,24
HCO3_NAt;HYALe,0,1,23,24
HCO3_NAt;Htr,1,0,22,25
HCO3_NAt;ICDHyrm,1,1,22,24
HCO3_NAt;ICITCITtm,1,0,22,25
HCO3_NAt;ITCOALm,0,1,23,24
HCO3_NAt;LEUTAm,0,1,23,24
HCO3_NAt;LEUt5m,0,1,23,24
HCO3_NAt;LHCYSTIN,0,1,23,24
HCO3_NAt;LHCYSTINt,0,1,23,24
HCO3_NAt;MAL_Lte,1,0,22,25
HCO3_NAt;MCCCm,0,1,23,24
HCO3_NAt;MDH,1,0,22,25
HCO3_NAt;METAT,0,1,23,24
HCO3_NAt;MGCHrm,0,1,23,24
HCO3_NAt;MOD_3mhop,0,1,23,24
HCO3_NAt;NADH2_u10m,0,1,23,24
HCO3_NAt;NADHtru,0,1,23,24
HCO3_NAt;NADtru,0,1,23,24
HCO3_NAt;NH4t3r,0,1,23,24
HCO3_NAt;OXALSUCCCLm,1,1,22,24
HCO3_NAt;PFK2,1,0,22,25
HCO3_NAt;PGMT,0,1,23,24
HCO3_NAt;PLMCOAPTr,0,1,23,24
HCO3_NAt;PMTCOAFABP1tc,0,1,23,24
HCO3_NAt;PPAm,0,1,23,24
HCO3_NAt;TYRDOPO,0,1,23,24
HCO3_NAt;TYROX,1,0,22,25
HCO3_NAt;TYRTA,1,0,22,25
HCO3_NAt;UAGDP,0,1,23,24
HCO3_NAt;UDPGD,0,1,23,24
HCO3_NAt;ZN2te,1,0,22,25
HCO3_NAt;Zn2t,1,0,22,25
HCO3tm;ACITLn,0,1,23,24
HCO3tm;ADPtn,0,1,23,24
HCO3tm;CITtn,0,1,23,24
HCO3tm;Htm,1,0,22,25
HCO3tm;ICDHxrm,1,1,22,24
HCO3tm;ICDHyrm,1,2,22,23
HCO3tm;ICITCITtm,1,0,22,25
HCO3tm;IMAGH,1,0,22,25
HCO3tm;ITCOAL1m,1,0,22,25
HCO3tm;MALACONtm,0,2,23,23
HCO3tm;MCITS,0,1,23,24
HCO3tm;MDH,1,2,22,23
HCO3tm;MDHm,0,1,23,24
HCO3tm;METAT,0,1,23,24
HCO3tm;NACDe,1,0,22,25
HCO3tm;NACPRT,1,0,22,25
HCO3tm;NADH2_u10m,1,1,22,24
HCO3tm;NCAMDe,1,0,22,25
HCO3tm;NH4tm,0,1,23,24
HCO3tm;NMNDA,1,0,22,25
HCO3tm;NMNS,1,0,22,25
HCO3tm;OAADC,0,1,23,24
HCO3tm;OAAtn,0,1,23,24
HCO3tm;OBDHc,0,1,23,24
HCO3tm;OXALSUCCCLm,2,3,21,22
HCO3tm;PFK2,1,0,22,25
HCO3tm;PGI,1,1,22,24
HCO3tm;PItn,0,1,23,24
HCO3tm;PROGLUtm,0,1,23,24
HCO3tm;PROtm,0,1,23,24
HCO3tm;PYRtm,0,1,23,24
HCO3tm;SUCOAS1m,1,0,22,25
HCO3tm;THFtm,1,0,22,25
HCO3tm;TYRDOPO,1,0,22,25
HCO3tm;UAGDP,0,1,23,24
HEX11;NDPK8,0,1,23,24
HEX12;NADH2_u10m,0,2,23,23
HEX12;NH4tm,0,2,23,23
HEX12;NH4tp,0,1,23,24
HEX12;O2tp,0,1,23,24
HEX12;PIGTHRDLtm,0,1,23,24
HEX12;PIt8,0,1,23,24
HEX12;PPA,0,1,23,24
HEX12;TPI,1,0,22,25
HEX16;Htr,1,0,22,25
HEX16;LARGEg,0,1,23,24
HEX16;LPASE,0,1,23,24
HEX16;NDP7er,1,2,22,23
HEX16;PCOREM3terg,0,1,23,24
HEX16;PGAM1_PhosHydro,1,0,22,25
HEX16;POCDPRBTLT2g,0,1,23,24
HEX16;POCDPRBTLTg,0,1,23,24
HEX16;POGLCNACTg,0,1,23,24
HEX16;POMGNGALNTr,0,1,23,24
HEX16;POMGNTr,0,1,23,24
HEX16;POMKr,0,1,23,24
HEX16;POXYLTg,0,1,23,24
HEX16;RBT5PCYTr,0,1,23,24
HEX16;RBT5PDH,0,1,23,24
HEX16;R_group_phosphotase_1,0,1,23,24
HEX16;UACGAMUMPtr,0,1,23,24
HEX16;UAG4E,0,1,23,24
HEX16;UDPG4E,1,1,22,24
HEX16;UDPGALt2r,1,1,22,24
HEX16;UDPGALtg,1,1,22,24
HEX16;UDPGD,0,1,23,24
HEX16;UDPGGPGTr,1,1,22,24
HEX16;UDPGLCAtg,0,1,23,24
HEX16;UDPGLDCg,0,1,23,24
HEX16;UGALNACter,0,1,23,24
HEX16;UGCGc,1,1,22,24
HEX16;UMPtr,1,1,22,24
HEXCCOAtr;ARTFR45,3,0,20,25
HEXCCOAtr;ARTPLM1,0,1,23,24
HEXCCOAtr;HSD201,3,0,20,25
HEXCCOAtr;HSD221,3,0,20,25
HEXCCOAtr;HSD241,3,0,20,25
HEXCCOAtr;ILEOX,0,1,23,24
HEXCCOAtr;ILETAm,2,0,21,25
HEXCCOAtr;ILEt5m,2,0,21,25
HEXCCOAtr;NH4tm,1,0,22,25
HEXCCOAtr;NRVNCCOAtr,3,0,20,25
HEXCCOAtr;RTOT4,3,0,20,25
HEXCCOAtr;TECR201,3,0,20,25
HEXCCOAtr;TECR221,3,0,20,25
HEXCCOAtr;TECR241,3,0,20,25
HEXCCOAtr;TIGGLYc,2,1,21,24
HEXCCOAtr;TIGGLYte,2,1,21,24
HEXCCOAtr;TIGGLYtm,2,1,21,24
HISD;MTHFD,0,1,23,24
HISDC;THBPT4ACAMDASE,1,1,22,24
HISDC;TYR3MO2,1,1,22,24
HISDC;TYRDOPO,2,3,21,22
HISt4;HIStN1,6,12,17,13
HIStN1;HISyLATtc,0,2,23,23
HIStm;Htm,1,0,22,25
HIStm;NADH2_u10m,1,0,22,25
HMBS;Htr,1,1,22,24
HMBS;LDH_L,0,1,23,24
HMBS;MMCDm,1,0,22,25
HMBS;MMEm,1,0,22,25
HMBS;MMMm,1,0,22,25
HMBS;NADPHtru,0,1,23,24
HMBS;NADPtru,0,1,23,24
HMBS;PFK2,1,0,22,25
HMBS;PPIOGLYc,1,0,22,25
HMBS;PPIOGLYte,1,0,22,25
HMBS;PPIOGLYtm,1,0,22,25
HMBS;SUCOAS1m,0,1,23,24
HMBS;TPI,0,1,23,24
HMGCOASim;Htr,0,1,23,24
HMGCOASim;LEUTA,1,0,22,25
HMGCOASim;LEUTAm,2,1,21,24
HMGCOASim;LEUt5m,2,1,21,24
HMGCOASim;MCCCm,3,1,20,24
HMGCOASim;MGCHrm,3,1,20,24
HMGCOASim;MOD_3mhop,3,1,20,24
HMGCOASim;NH4tm,1,0,22,25
HMGCOASim;THRA,1,0,22,25
HMGCOASim;TYROX,1,0,22,25
HMGCOASim;TYRTA,1,0,22,25
HMGCOAtx;ARTFR12,0,1,23,24
HMGCOAtx;ICDHxrm,0,1,23,24
HMGCOAtx;LEUTAm,0,1,23,24
HMGCOAtx;LEUt5m,0,1,23,24
HMGCOAtx;MCCCm,0,1,23,24
HMGCOAtx;MGCHrm,0,1,23,24
HMGCOAtx;MOD_3mhop,0,1,23,24
HMGCOAtx;NADHtru,0,1,23,24
HMGCOAtx;NADtru,0,1,23,24
HMGCOAtx;OAADC,0,1,23,24
HMGCOAtx;OXALSUCCCLm,0,1,23,24
HMGCOAtx;PLMCOAPTr,0,1,23,24
HMGCOAtx;PMTCOAFABP1tc,0,1,23,24
HMGCOAtx;SUCCACONtm,0,1,23,24
HMGCOAtx;SUCCt4_3,0,1,23,24
HMGCOAtx;THFtm,0,1,23,24
HMGCOAtx;THRA,0,1,23,24
HMGL;PIt2m_2,1,0,22,25
HMGL;THRA,1,0,22,25
HMGLx;ARTFR12,0,1,23,24
HMGLx;ICDHxrm,0,1,23,24
HMGLx;LEUTAm,0,1,23,24
HMGLx;LEUt5m,0,1,23,24
HMGLx;MCCCm,0,1,23,24
HMGLx;MGCHrm,0,1,23,24
HMGLx;MOD_3mhop,0,1,23,24
HMGLx;NADHtru,0,1,23,24
HMGLx;NADtru,0,1,23,24
HMGLx;OAADC,0,1,23,24
HMGLx;OXALSUCCCLm,0,1,23,24
HMGLx;PLMCOAPTr,0,1,23,24
HMGLx;PMTCOAFABP1tc,0,1,23,24
HMGLx;SUCCACONtm,0,1,23,24
HMGLx;SUCCt4_3,0,1,23,24
HMGLx;THFtm,0,1,23,24
HMGLx;THRA,0,1,23,24
HOXG;Htr,1,1,22,24
HOXG;LDH_L,0,1,23,24
HOXG;MMCDm,1,0,22,25
HOXG;MMEm,1,0,22,25
HOXG;MMMm,1,0,22,25
HOXG;NADPHtru,0,1,23,24
HOXG;NADPtru,0,1,23,24
HOXG;PFK2,1,0,22,25
HOXG;PPIOGLYc,1,0,22,25
HOXG;PPIOGLYte,1,0,22,25
HOXG;PPIOGLYtm,1,0,22,25
HOXG;SUCOAS1m,0,1,23,24
HOXG;TPI,0,1,23,24
HPYRDC;O2t,0,1,23,24
HPYRDC;O2tp,0,1,23,24
HPYRDC;THRA,0,1,23,24
HPYRtp;O2t,0,1,23,24
HPYRtp;O2tp,0,1,23,24
HPYRtp;THRA,0,1,23,24
HSD17B1;HSD224,0,1,23,24
HSD17B1;Htr,0,1,23,24
HSD17B1;MALCOAMT,0,1,23,24
HSD17B1;MALCOAMTr,0,1,23,24
HSD17B1;NADHtpu,0,1,23,24
HSD17B1;NADPHtxu,0,1,23,24
HSD17B1;NADPtxu,0,1,23,24
HSD17B1;NADtx,0,1,23,24
HSD17B1;O2tp,0,1,23,24
HSD17B1;TECR224,0,1,23,24
HSD17B8r;HSD224,0,1,23,24
HSD17B8r;Htr,0,1,23,24
HSD17B8r;MALCOAMT,0,1,23,24
HSD17B8r;MALCOAMTr,0,1,23,24
HSD17B8r;NADHtpu,0,1,23,24
HSD17B8r;NADPHtxu,0,1,23,24
HSD17B8r;NADPtxu,0,1,23,24
HSD17B8r;NADtx,0,1,23,24
HSD17B8r;O2tp,0,1,23,24
HSD17B8r;TECR224,0,1,23,24
HSD180;ARTFR33,1,0,22,25
HSD180;HSD181,1,0,22,25
HSD180;HSD224,0,1,23,24
HSD180;Htr,0,6,23,19
HSD180;NADPHtru,1,0,22,25
HSD180;NADPHtxu,0,1,23,24
HSD180;NADPtru,1,0,22,25
HSD180;NADPtxu,0,1,23,24
HSD180;OCTD11ECOAtr,1,0,22,25
HSD180;PIt8,0,1,23,24
HSD180;PPIPItr,0,1,23,24
HSD180;PPItr,0,1,23,24
HSD180;RTOT3,1,0,22,25
HSD180;TECR181,1,0,22,25
HSD180;TECR224,0,1,23,24
HSD181;TECR180,1,0,22,25
HSD200;ARTFR45,3,0,20,25
HSD200;ARTPLM1,0,1,23,24
HSD200;HSD201,3,0,20,25
HSD200;HSD221,3,0,20,25
HSD200;HSD241,3,0,20,25
HSD200;ILEOX,0,1,23,24
HSD200;ILETAm,2,0,21,25
HSD200;ILEt5m,2,0,21,25
HSD200;NH4tm,1,0,22,25
HSD200;NRVNCCOAtr,3,0,20,25
HSD200;RTOT4,3,0,20,25
HSD200;TECR201,3,0,20,25
HSD200;TECR221,3,0,20,25
HSD200;TECR241,3,0,20,25
HSD200;TIGGLYc,2,1,21,24
HSD200;TIGGLYte,2,1,21,24
HSD200;TIGGLYtm,2,1,21,24
HSD201;ARTFR32,2,0,21,25
HSD201;ARTFR42,3,0,20,25
HSD201;ARTFR52,3,0,20,25
HSD201;HSD220,3,0,20,25
HSD201;HSD224,0,1,23,24
HSD201;HSD240,3,0,20,25
HSD201;HSD260,3,0,20,25
HSD201;Htr,1,6,22,19
HSD201;NADPHtru,1,0,22,25
HSD201;NADPHtxu,0,1,23,24
HSD201;NADPtru,1,0,22,25
HSD201;NADPtxu,0,1,23,24
HSD201;OCDE9ECOAtr,4,0,19,25
HSD201;PIt8,0,1,23,24
HSD201;PPIPItr,0,1,23,24
HSD201;PPItr,0,1,23,24
HSD201;RTOT3,2,0,21,25
HSD201;RTOT5,3,0,20,25
HSD201;TECR200,3,0,20,25
HSD201;TECR220,3,0,20,25
HSD201;TECR224,0,1,23,24
HSD201;TECR240,3,0,20,25
HSD201;TECR260,3,0,20,25
HSD220;ARTFR45,3,0,20,25
HSD220;ARTPLM1,0,1,23,24
HSD220;HSD221,3,0,20,25
HSD220;HSD241,3,0,20,25
HSD220;ILEOX,0,1,23,24
HSD220;ILETAm,2,0,21,25
HSD220;ILEt5m,2,0,21,25
HSD220;NH4tm,1,0,22,25
HSD220;NRVNCCOAtr,3,0,20,25
HSD220;RTOT4,3,0,20,25
HSD220;TECR201,3,0,20,25
HSD220;TECR221,3,0,20,25
HSD220;TECR241,3,0,20,25
HSD220;TIGGLYc,2,1,21,24
HSD220;TIGGLYte,2,1,21,24
HSD220;TIGGLYtm,2,1,21,24
HSD221;ARTFR32,2,0,21,25
HSD221;ARTFR42,3,0,20,25
HSD221;ARTFR52,3,0,20,25
HSD221;HSD224,0,1,23,24
HSD221;HSD240,3,0,20,25
HSD221;HSD260,3,0,20,25
HSD221;Htr,1,6,22,19
HSD221;NADPHtru,1,0,22,25
HSD221;NADPHtxu,0,1,23,24
HSD221;NADPtru,1,0,22,25
HSD221;NADPtxu,0,1,23,24
HSD221;OCDE9ECOAtr,4,0,19,25
HSD221;PIt8,0,1,23,24
HSD221;PPIPItr,0,1,23,24
HSD221;PPItr,0,1,23,24
HSD221;RTOT3,2,0,21,25
HSD221;RTOT5,3,0,20,25
HSD221;TECR200,3,0,20,25
HSD221;TECR220,3,0,20,25
HSD221;TECR224,0,1,23,24
HSD221;TECR240,3,0,20,25
HSD221;TECR260,3,0,20,25
HSD224;HSD241,0,1,23,24
HSD224;Htx,0,1,23,24
HSD224;LDH_L,0,1,23,24
HSD224;NRVNCCOAtr,0,1,23,24
HSD224;NRVNCCOAtxc,0,1,23,24
HSD224;PMTCOAFABP1tc,0,1,23,24
HSD224;PPA,0,2,23,23
HSD224;RPI,0,1,23,24
HSD224;TECR180,0,1,23,24
HSD224;TECR201,0,1,23,24
HSD224;TECR221,0,1,23,24
HSD224;TECR241,0,1,23,24
HSD224;TPI,0,1,23,24
HSD240;ARTFR45,3,0,20,25
HSD240;ARTPLM1,0,1,23,24
HSD240;HSD241,3,0,20,25
HSD240;ILEOX,0,1,23,24
HSD240;ILETAm,2,0,21,25
HSD240;ILEt5m,2,0,21,25
HSD240;NH4tm,1,0,22,25
HSD240;NRVNCCOAtr,3,0,20,25
HSD240;RTOT4,3,0,20,25
HSD240;TECR201,3,0,20,25
HSD240;TECR221,3,0,20,25
HSD240;TECR241,3,0,20,25
HSD240;TIGGLYc,2,1,21,24
HSD240;TIGGLYte,2,1,21,24
HSD240;TIGGLYtm,2,1,21,24
HSD241;ARTFR32,2,0,21,25
HSD241;ARTFR42,3,0,20,25
HSD241;ARTFR52,3,0,20,25
HSD241;HSD260,3,0,20,25
HSD241;Htr,1,6,22,19
HSD241;NADPHtru,1,0,22,25
HSD241;NADPHtxu,0,1,23,24
HSD241;NADPtru,1,0,22,25
HSD241;NADPtxu,0,1,23,24
HSD241;OCDE9ECOAtr,4,0,19,25
HSD241;PIt8,0,1,23,24
HSD241;PPIPItr,0,1,23,24
HSD241;PPItr,0,1,23,24
HSD241;RTOT3,2,0,21,25
HSD241;RTOT5,3,0,20,25
HSD241;TECR200,3,0,20,25
HSD241;TECR220,3,0,20,25
HSD241;TECR224,0,1,23,24
HSD241;TECR240,3,0,20,25
HSD241;TECR260,3,0,20,25
HSD260;ARTFR45,3,0,20,25
HSD260;ARTPLM1,0,1,23,24
HSD260;ILEOX,0,1,23,24
HSD260;ILETAm,2,0,21,25
HSD260;ILEt5m,2,0,21,25
HSD260;NH4tm,1,0,22,25
HSD260;NRVNCCOAtr,3,0,20,25
HSD260;RTOT4,3,0,20,25
HSD260;TECR201,3,0,20,25
HSD260;TECR221,3,0,20,25
HSD260;TECR241,3,0,20,25
HSD260;TIGGLYc,2,1,21,24
HSD260;TIGGLYte,2,1,21,24
HSD260;TIGGLYtm,2,1,21,24
HSD3B11;Htr,2,0,21,25
HSD3B11;PIt2m_2,0,1,23,24
HSD3B11;T4HCINNMFM,1,0,22,25
HSD3B11;TYRTAm,1,0,22,25
HSD3B11;TYRtl,1,0,22,25
HSD3B11;q10tm,1,0,22,25
HTDH;THFtm,1,0,22,25
HYALe;MAN1PT1,0,1,23,24
HYALe;MAN6PI,0,1,23,24
HYALe;NDP7g,0,1,23,24
HYALe;PGI,0,1,23,24
HYALe;PGL,0,1,23,24
HYALe;PItg,0,1,23,24
HYALe;PMANM,0,1,23,24
HYALe;THRA,0,1,23,24
HYALe;UGLCNACtg,0,1,23,24
Htg;ARTFR42,2,0,21,25
Htg;ARTPLM1,0,1,23,24
Htg;HYALe,0,1,23,24
Htg;Htm,1,0,22,25
Htg;Htr,0,4,23,21
Htg;KCCt,1,0,22,25
Htg;LPASE,0,1,23,24
Htg;NADPHtru,0,1,23,24
Htg;NADPtru,0,1,23,24
Htg;NKCCt,1,0,22,25
Htg;OCDE9ECOAtr,2,0,21,25
Htg;PFK_3,1,0,22,25
Htg;PGAM1_PhosHydro,1,0,22,25
Htg;PGI,1,2,22,23
Htg;PIt2m,0,1,23,24
Htg;PIt7,1,0,22,25
Htg;PIt8,0,2,23,23
Htg;PIt9,1,0,22,25
Htg;PPAer,0,4,23,21
Htg;PPIPItr,0,4,23,21
Htg;PROGLUtm,0,1,23,24
Htg;RPI,0,1,23,24
Htg;R_group_phosphotase_1,0,1,23,24
Htg;SE10,1,0,22,25
Htg;SOAT6,1,0,22,25
Htg;TPI,5,0,18,25
Htg;TXA2tr,0,3,23,22
Htg;TXB2c,0,3,23,22
Htg;TXB2r,0,3,23,22
Htg;TXB2tr,0,3,23,22
Htg;UDPGD,1,1,22,24
Htm;ICDHxrm,1,0,22,25
Htm;LEUTA,1,0,22,25
Htm;LYSHISt2m,1,0,22,25
Htm;MAN1PT2,1,0,22,25
Htm;MAN6PI,1,0,22,25
Htm;MCCCm,1,0,22,25
Htm;MGCHrm,1,0,22,25
Htm;MOD_3mhop,1,0,22,25
Htm;NDP7er,1,0,22,25
Htm;NDP7g,1,0,22,25
Htm;NH4tm,0,1,23,24
Htm;ORNLYStm,1,0,22,25
Htm;ORNt3m,1,0,22,25
Htm;PGMT,1,0,22,25
Htm;PIMALtm,1,0,22,25
Htm;PItg,1,0,22,25
Htm;PMANM,1,0,22,25
Htm;PPItm,1,0,22,25
Htm;SO4AKGtm,1,0,22,25
Htm;SO4MALtm,1,0,22,25
Htm;THFtm,2,1,21,24
Htm;TYROX,1,0,22,25
Htm;TYRTA,1,0,22,25
Htm;UAGDP,1,0,22,25
Htm;UDPG4E,1,0,22,25
Htm;UDPGALt2r,1,0,22,25
Htm;UDPGALtg,1,0,22,25
Htm;UDPGGPGTr,1,0,22,25
Htm;UGCGc,1,0,22,25
Htm;UGLCNACtg,1,0,22,25
Htm;UMPtr,1,0,22,25
Htr;ARTFR12,1,0,22,25
Htr;ARTFR45,1,0,22,25
Htr;HYAL,0,1,23,24
Htr;Htx,0,4,23,21
Htr;LDH_L,0,1,23,24
Htr;LPASE,0,1,23,24
Htr;M1316Mg,1,1,22,24
Htr;M13N2Tg,1,1,22,24
Htr;M14NTg,0,1,23,24
Htr;M16N4Tg,1,0,22,25
Htr;M16NTg,1,1,22,24
Htr;M4MPDOL_ter,1,1,22,24
Htr;M8MASNterg,1,1,22,24
Htr;MALCOAMT,0,5,23,20
Htr;MALCOAMTr,0,5,23,20
Htr;MAN1PT2,0,3,23,22
Htr;MAN6PI,0,3,23,22
Htr;MANt4,0,1,23,24
Htr;MANtg,1,1,22,24
Htr;MG1er,1,1,22,24
Htr;MG2er,1,1,22,24
Htr;MG3er,1,1,22,24
Htr;MM5ag,1,1,22,24
Htr;MM6bg,1,1,22,24
Htr;MM7Cag,1,1,22,24
Htr;MM8Ag,1,1,22,24
Htr;N2M2NMASNt,0,1,23,24
Htr;NADHtpu,0,4,23,21
Htr;NADHtru,0,2,23,23
Htr;NADPHtru,1,3,22,22
Htr;NADPtru,1,3,22,22
Htr;NADtru,0,2,23,23
Htr;NADtx,0,4,23,21
Htr;NDP7er,2,2,21,23
Htr;NDP7g,0,4,23,21
Htr;NRVNCCOAtr,1,6,22,19
Htr;NRVNCCOAtxc,0,6,23,19
Htr;O2tp,0,5,23,20
Htr;P45011A1m,2,0,21,25
Htr;PFK2,1,0,22,25
Htr;PGI,0,1,23,24
Htr;PGMT,1,5,22,20
Htr;PHEMEtm,1,1,22,24
Htr;PIt8,0,1,23,24
Htr;PItg,0,4,23,21
Htr;PLMCOAPTr,1,0,22,25
Htr;PMANM,0,3,23,22
Htr;PMTCOAFABP1tc,0,2,23,23
Htr;PMTCOAPTr,0,2,23,23
Htr;PPA,0,1,23,24
Htr;PPAer,0,3,23,22
Htr;PPBNGS,1,1,22,24
Htr;PPIPItr,0,4,23,21
Htr;PPItr,0,1,23,24
Htr;PPPG9tm,1,1,22,24
Htr;PPPGOm,1,1,22,24
Htr;PRGNLONEtm,2,0,21,25
Htr;PRGSTRNt,2,0,21,25
Htr;PRISTANALtx,0,2,23,23
Htr;PRISTtx,0,2,23,23
Htr;PROAKGOX1m,0,1,23,24
Htr;PROGLUtm,1,0,22,25
Htr;PROtm,1,0,22,25
Htr;RPI,0,1,23,24
Htr;RTOT4,1,0,22,25
Htr;R_group_phosphotase_1,0,1,23,24
Htr;TECR180,0,6,23,19
Htr;TECR201,1,6,22,19
Htr;TECR221,1,6,22,19
Htr;TECR241,1,6,22,19
Htr;THRA,0,1,23,24
Htr;TPI,0,1,23,24
Htr;TXA2tr,1,3,22,22
Htr;TXB2c,1,3,22,22
Htr;TXB2r,1,3,22,22
Htr;TXB2tr,1,3,22,22
Htr;UAGDP,0,4,23,21
Htr;UDPDOLPT,1,1,22,24
Htr;UDPG4E,1,1,22,24
Htr;UDPGALt2r,1,1,22,24
Htr;UDPGALtg,1,1,22,24
Htr;UDPGCURtr,0,1,23,24
Htr;UDPGD,1,2,22,23
Htr;UDPGGPGTr,1,1,22,24
Htr;UDPGLCAter,1,0,22,25
Htr;UGCGc,1,1,22,24
Htr;UGLCNACtg,0,3,23,22
Htr;UGT1A2r,1,1,22,24
Htr;UMPtr,1,2,22,23
Htr;UPP3S,1,1,22,24
Htr;UPPDC1,1,1,22,24
Htr;UROLACer,0,1,23,24
Htx;NADPHtru,1,0,22,25
Htx;NADPHtxu,0,1,23,24
Htx;NADPtru,1,0,22,25
Htx;NADPtxu,0,1,23,24
Htx;PIt7,1,0,22,25
Htx;PIt8,0,1,23,24
Htx;PIt9,0,1,23,24
Htx;PPCOAtm,1,0,22,25
Htx;PPIPItr,0,1,23,24
Htx;PPItr,0,1,23,24
Htx;TECR224,0,1,23,24
Htx;THRA,0,1,23,24
ICDHxrm;ICDHyrm,0,2,23,23
ICDHxrm;ITCOALm,0,1,23,24
ICDHxrm;Kte,0,1,23,24
ICDHxrm;NADH2_u10m,1,1,22,24
ICDHxrm;OAADC,0,1,23,24
ICDHxrm;PHETA1,0,1,23,24
ICDHxrm;PHETA1m,0,1,23,24
ICDHxrm;PHEt4m,0,1,23,24
ICDHxrm;PHPYRtm,0,1,23,24
ICDHxrm;PPAm,0,1,23,24
ICDHxrm;SUCCACONtm,0,1,23,24
ICDHxrm;SUCCt4_3,0,1,23,24
ICDHyrm;ARTFR12,0,1,23,24
ICDHyrm;LEUTAm,0,1,23,24
ICDHyrm;LEUt5m,0,1,23,24
ICDHyrm;MALACONtm,0,2,23,23
ICDHyrm;MCCCm,0,1,23,24
ICDHyrm;MCITS,0,1,23,24
ICDHyrm;MDH,0,1,23,24
ICDHyrm;MDHm,0,1,23,24
ICDHyrm;METAT,0,1,23,24
ICDHyrm;MGCHrm,0,1,23,24
ICDHyrm;MOD_3mhop,0,1,23,24
ICDHyrm;NADH2_u10m,0,1,23,24
ICDHyrm;NADHtru,0,1,23,24
ICDHyrm;NADtru,0,1,23,24
ICDHyrm;OBDHc,0,1,23,24
ICDHyrm;PIt2m_2,0,1,23,24
ICDHyrm;PLMCOAPTr,0,1,23,24
ICDHyrm;PMTCOAFABP1tc,0,1,23,24
ICDHyrm;THFtm,1,0,22,25
ICDHyrm;THRA,1,1,22,24
ICITACONtm;PPAm,0,1,23,24
ICITACONtm;Q10H2e,0,1,23,24
ICITACONtm;RDH1,0,1,23,24
ICITACONtm;RDH1a,0,1,23,24
ICITACONtm;SBTR,0,1,23,24
ICITACONtm;SBT_Dtde,0,1,23,24
ICITACONtm;T4HCINNMFM,0,1,23,24
ICITACONtm;TYRTAm,0,1,23,24
ICITACONtm;TYRtl,0,1,23,24
ICITACONtm;q10h2tc,0,1,23,24
ICITCITtm;PROGLUtm,1,0,22,25
ICITCITtm;PROtm,1,0,22,25
ICITCITtm;THRA,1,0,22,25
ILELAT1tc;ILEt4,0,4,23,21
ILEOX;ARTFR52,0,1,23,24
ILEOX;LCADi,0,1,23,24
ILEOX;LDH_L,0,1,23,24
ILEOX;MALACONtm,0,1,23,24
ILEOX;NADH2_u10m,0,1,23,24
ILEOX;NADHtru,0,1,23,24
ILEOX;NADtru,0,1,23,24
ILEOX;PFK,0,1,23,24
ILEOX;PFK2,1,0,22,25
ILEOX;PGI,1,1,22,24
ILEOX;PGL,0,1,23,24
ILEOX;PIt2m_2,0,1,23,24
ILEOX;PIt8,0,1,23,24
ILEOX;RTOT5,0,1,23,24
ILEOX;TECR200,0,1,23,24
ILEOX;TECR220,0,1,23,24
ILEOX;TECR240,0,1,23,24
ILEOX;TECR260,0,1,23,24
ILEPHELAT2tc;ILEt4,0,1,23,24
ILETA;LCADi,0,1,23,24
ILETA;LDH_L,0,1,23,24
ILETA;MALACONtm,0,1,23,24
ILETA;NADH2_u10m,0,1,23,24
ILETA;NADHtru,0,1,23,24
ILETA;NADtru,0,1,23,24
ILETA;PFK,0,1,23,24
ILETA;PGI,0,1,23,24
ILETA;PGL,0,1,23,24
ILETA;PIt2m_2,0,1,23,24
ILETA;PIt8,0,1,23,24
ILETAm;ARTFR52,2,0,21,25
ILETAm;LEUTAm,0,1,23,24
ILETAm;LEUt5m,0,1,23,24
ILETAm;MCCCm,0,1,23,24
ILETAm;MGCHrm,0,1,23,24
ILETAm;MOD_3mhop,0,1,23,24
ILETAm;PVD3,0,1,23,24
ILETAm;RTOT5,2,0,21,25
ILETAm;TECR200,2,0,21,25
ILETAm;TECR220,2,0,21,25
ILETAm;TECR240,2,0,21,25
ILETAm;TECR260,2,0,21,25
ILETAm;VD3,0,1,23,24
ILEt5m;ARTFR52,2,0,21,25
ILEt5m;LEUTAm,0,1,23,24
ILEt5m;LEUt5m,0,1,23,24
ILEt5m;MCCCm,0,1,23,24
ILEt5m;MGCHrm,0,1,23,24
ILEt5m;MOD_3mhop,0,1,23,24
ILEt5m;PVD3,0,1,23,24
ILEt5m;RTOT5,2,0,21,25
ILEt5m;TECR200,2,0,21,25
ILEt5m;TECR220,2,0,21,25
ILEt5m;TECR240,2,0,21,25
ILEt5m;TECR260,2,0,21,25
ILEt5m;VD3,0,1,23,24
IMAGH;KCCt,1,0,22,25
IMAGH;NADH2_u10m,1,0,22,25
IMAGH;O2t,2,0,21,25
IMAGH;O2tm,1,0,22,25
IMAGH;PFK,0,1,23,24
IMAGH;PGI,0,1,23,24
IMAGH;PIMALtm,1,0,22,25
IMAGH;PRDX,1,0,22,25
IMAGH;SO3AKGtm,1,0,22,25
IMAGH;SO3MALtm,1,0,22,25
IMAGH;THBPT4ACAMDASE,0,2,23,23
IMAGH;THFtm,1,0,22,25
IMAGH;THRA,1,0,22,25
IMAGH;TYR3MO2,0,2,23,23
IMAGH;TYROX,1,0,22,25
IMAGH;TYRTA,1,0,22,25
ITCOAL1m;PIt2m_2,0,1,23,24
ITCOAL1m;SUCCACONtm,0,1,23,24
ITCOAL1m;SUCCt4_3,0,1,23,24
ITCOAL1m;THRA,1,0,22,25
ITCOALm;AKGtn,0,1,23,24
ITCOALm;ARTFR12,0,1,23,24
ITCOALm;CO2tn,0,1,23,24
ITCOALm;FALDtn,0,1,23,24
ITCOALm;LEUTAm,0,1,23,24
ITCOALm;LEUt5m,0,1,23,24
ITCOALm;MCCCm,0,1,23,24
ITCOALm;MCITS,0,1,23,24
ITCOALm;ME1m,0,1,23,24
ITCOALm;MEOHt2,0,1,23,24
ITCOALm;MGCHrm,0,1,23,24
ITCOALm;MOD_3mhop,0,1,23,24
ITCOALm;NADHtru,0,1,23,24
ITCOALm;NADtru,0,1,23,24
ITCOALm;O2tn,0,1,23,24
ITCOALm;OAADC,0,1,23,24
ITCOALm;OBDHc,0,1,23,24
ITCOALm;OXALSUCCCLm,0,1,23,24
ITCOALm;PEMET1,0,1,23,24
ITCOALm;PEMET2,0,1,23,24
ITCOALm;PIt2m_2,0,1,23,24
ITCOALm;PLMCOAPTr,0,1,23,24
ITCOALm;PMTCOAFABP1tc,0,1,23,24
ITCOALm;SSALym,0,1,23,24
ITCOALm;SUCOAS1m,0,1,23,24
ITCOALm;THFtm,0,1,23,24
ITCOALm;THRA,0,1,23,24
IZPN;MTHFD,0,1,23,24
KCC2t;NH4t3r,2,1,21,24
KCC2t;NKCC2t,0,1,23,24
KCC2t;NRPPHRSFt,0,1,23,24
KCC2t;NRPPHRSULT,0,1,23,24
KCC2t;SADT,0,1,23,24
KCC2t;SO4CLtex,0,1,23,24
KCC2t;TYRDOPO,0,1,23,24
KCCt;MAN1PT2,1,0,22,25
KCCt;MAN6PI,1,0,22,25
KCCt;NACDe,1,0,22,25
KCCt;NACPRT,1,0,22,25
KCCt;NCAMDe,1,0,22,25
KCCt;NDP7er,1,0,22,25
KCCt;NDP7g,1,0,22,25
KCCt;NKCC2t,1,0,22,25
KCCt;NMNDA,1,0,22,25
KCCt;NMNS,1,0,22,25
KCCt;PGI,1,0,22,25
KCCt;PGMT,1,0,22,25
KCCt;PItg,1,0,22,25
KCCt;PMANM,1,0,22,25
KCCt;THRA,1,0,22,25
KCCt;THRATB0tc,1,0,22,25
KCCt;UAGDP,1,0,22,25
KCCt;UDPG4E,1,0,22,25
KCCt;UDPGALt2r,1,0,22,25
KCCt;UDPGALtg,1,0,22,25
KCCt;UDPGGPGTr,1,0,22,25
KCCt;UGCGc,1,0,22,25
KCCt;UGLCNACtg,1,0,22,25
KCCt;UMPtr,1,0,22,25
KYNAKGAT;MDH,0,1,23,24
KYNAKGAT;PFK,0,1,23,24
KYNAKGAT;PGI,0,1,23,24
KYNAKGAT;UAGDP,0,1,23,24
KYNATESYN;MDH,0,1,23,24
KYNATESYN;PFK,0,1,23,24
KYNATESYN;PGI,0,1,23,24
KYNATESYN;UAGDP,0,1,23,24
KYNATEtr;MDH,0,1,23,24
KYNATEtr;PFK,0,1,23,24
KYNATEtr;PGI,0,1,23,24
KYNATEtr;UAGDP,0,1,23,24
Kte;NH4t3r,0,2,23,23
Kte;OAADC,0,1,23,24
Kte;OXALSUCCCLm,0,1,23,24
Kte;PGI,0,1,23,24
LACZe;PGAM1_PhosHydro,1,0,22,25
LACZe;PYK,0,1,23,24
LARGEg;M13N2Tg,0,1,23,24
LARGEg;M4MPDOL_ter,0,1,23,24
LARGEg;M8MASNterg,0,1,23,24
LARGEg;MANtg,0,1,23,24
LARGEg;MG1er,0,1,23,24
LARGEg;MG2er,0,1,23,24
LARGEg;MG3er,0,1,23,24
LARGEg;MM5ag,0,1,23,24
LARGEg;MM6bg,0,1,23,24
LARGEg;MM7Cag,0,1,23,24
LARGEg;MM8Ag,0,1,23,24
LARGEg;PGI,0,1,23,24
LARGEg;PIt9,1,0,22,25
LARGEg;PPAer,0,1,23,24
LARGEg;PPIPItr,0,1,23,24
LARGEg;RPI,0,1,23,24
LARGEg;SE10,1,0,22,25
LARGEg;SOAT6,1,0,22,25
LARGEg;UDPDOLPT,0,1,23,24
LCADi;NADPHtru,1,0,22,25
LCADi;NADPtru,1,0,22,25
LCADi;PGK,0,1,23,24
LCADi;PGM,0,1,23,24
LCTStg;PGAM1_PhosHydro,1,0,22,25
LCTStg;PYK,0,1,23,24
LDH_L;AKGtn,0,1,23,24
LDH_L;CO2tn,0,1,23,24
LDH_L;FALDtn,0,1,23,24
LDH_L;LYSHISt2m,0,1,23,24
LDH_L;LYSHIStm,0,1,23,24
LDH_L;MALCOAMT,0,1,23,24
LDH_L;MALCOAMTr,0,1,23,24
LDH_L;MCITS,0,1,23,24
LDH_L;MEOHt2,0,1,23,24
LDH_L;NADH2_u10m,0,2,23,23
LDH_L;NADHtpu,0,1,23,24
LDH_L;NADHtru,0,1,23,24
LDH_L;NADPHtxu,0,1,23,24
LDH_L;NADPtxu,0,1,23,24
LDH_L;NADtru,0,1,23,24
LDH_L;NADtx,0,1,23,24
LDH_L;NDP7er,0,1,23,24
LDH_L;NH4tm,0,1,23,24
LDH_L;O2t,0,1,23,24
LDH_L;O2tn,0,1,23,24
LDH_L;O2tp,0,2,23,23
LDH_L;PEMET1,0,1,23,24
LDH_L;PEMET2,0,1,23,24
LDH_L;PFK_3,0,1,23,24
LDH_L;PGK,0,1,23,24
LDH_L;PGM,0,1,23,24
LDH_L;PGMT,0,2,23,23
LDH_L;PHEMEtm,0,1,23,24
LDH_L;PIGTHRDLtm,0,2,23,23
LDH_L;PIt2m,0,1,23,24
LDH_L;PPBNGS,0,1,23,24
LDH_L;PPPG9tm,0,1,23,24
LDH_L;PPPGOm,0,1,23,24
LDH_L;PYRt2r,0,1,23,24
LDH_L;RPE,0,1,23,24
LDH_L;TECR224,0,1,23,24
LDH_L;THBPT4ACAMDASE,0,1,23,24
LDH_L;TKT1,0,1,23,24
LDH_L;TKT2,0,1,23,24
LDH_L;TRPHYDRO2,0,1,23,24
LDH_L;UAGDP,0,1,23,24
LDH_L;UDPGD,0,1,23,24
LDH_L;UDPGLCAter,0,1,23,24
LDH_L;UPP3S,0,1,23,24
LDH_L;UPPDC1,0,1,23,24
LDH_L;XOL25OHOR,0,1,23,24
LEUTA;LEUTAm,0,1,23,24
LEUTA;NAt3_1,0,1,23,24
LEUTA;OAADC,0,1,23,24
LEUTA;PGI,0,1,23,24
LEUTA;PPItm,1,0,22,25
LEUTAm;NAt3_1,0,1,23,24
LEUTAm;OAADC,0,1,23,24
LEUTAm;OXALSUCCCLm,0,1,23,24
LEUTAm;PGI,0,1,23,24
LEUTAm;PPAm,0,1,23,24
LEUTAm;PPIOGLYc,0,1,23,24
LEUTAm;PPIOGLYte,0,1,23,24
LEUTAm;PPIOGLYtm,0,1,23,24
LEUTAm;PROAKGOX1m,1,0,22,25
LEUTAm;PROGLUtm,1,0,22,25
LEUTAm;PROtm,1,0,22,25
LEUTAm;SUCOAS1m,1,0,22,25
LEUTAm;THRA,0,1,23,24
LEUt4;PHEt4,1,0,22,25
LEUt5m;LEUTA,0,1,23,24
LEUt5m;NAt3_1,0,1,23,24
LEUt5m;OAADC,0,1,23,24
LEUt5m;OXALSUCCCLm,0,1,23,24
LEUt5m;PGI,0,1,23,24
LEUt5m;PPAm,0,1,23,24
LEUt5m;PPIOGLYc,0,1,23,24
LEUt5m;PPIOGLYte,0,1,23,24
LEUt5m;PPIOGLYtm,0,1,23,24
LEUt5m;PROAKGOX1m,1,0,22,25
LEUt5m;PROGLUtm,1,0,22,25
LEUt5m;PROtm,1,0,22,25
LEUt5m;SUCOAS1m,1,0,22,25
LEUt5m;THRA,0,1,23,24
LPASE;M1316Mg,0,1,23,24
LPASE;M13N2Tg,0,1,23,24
LPASE;M14NTg,0,1,23,24
LPASE;M16NTg,0,1,23,24
LPASE;M4MPDOL_ter,0,1,23,24
LPASE;M7MASNBterg,0,1,23,24
LPASE;MAN1PT2,0,1,23,24
LPASE;MAN6PI,0,1,23,24
LPASE;MANter,0,1,23,24
LPASE;MANtg,0,1,23,24
LPASE;MANtly,0,1,23,24
LPASE;MG1er,0,1,23,24
LPASE;MG2er,0,1,23,24
LPASE;MG3er,0,1,23,24
LPASE;MM5bg,0,1,23,24
LPASE;MM6B1ag,0,1,23,24
LPASE;MM7B1g,0,1,23,24
LPASE;MM8Ber,0,1,23,24
LPASE;N2M2NMASNt,0,1,23,24
LPASE;N2M2NMASNtly,0,1,23,24
LPASE;NDP7er,0,1,23,24
LPASE;NDP7g,0,1,23,24
LPASE;PGMT,0,1,23,24
LPASE;PItg,0,1,23,24
LPASE;PMANM,0,1,23,24
LPASE;ST3GAL61g,0,1,23,24
LPASE;UAGDP,0,1,23,24
LPASE;UDPDOLPT,0,1,23,24
LPASE;UDPG4E,0,1,23,24
LPASE;UDPGALt2r,0,1,23,24
LPASE;UDPGALtg,0,1,23,24
LPASE;UDPGGPGTr,0,1,23,24
LPASE;UGCGc,0,1,23,24
LPASE;UGLCNACtg,0,1,23,24
LPASE;UMPtr,0,1,23,24
LPS2;TPI,0,1,23,24
LPS3;TPI,0,1,23,24
LYSARGtm;TYRDOPO,1,0,22,25
LYSHISt2m;NADH2_u10m,1,0,22,25
LYSHIStm;TYRDOPO,1,0,22,25
LYSt5r;LYStiDF,4,0,19,25
L_LACt2r;AKGtn,0,1,23,24
L_LACt2r;CO2tn,0,1,23,24
L_LACt2r;FALDtn,0,1,23,24
L_LACt2r;LYSHISt2m,0,1,23,24
L_LACt2r;LYSHIStm,0,1,23,24
L_LACt2r;MCITS,0,1,23,24
L_LACt2r;MEOHt2,0,1,23,24
L_LACt2r;NADH2_u10m,0,2,23,23
L_LACt2r;NH4tm,0,1,23,24
L_LACt2r;O2t,0,1,23,24
L_LACt2r;O2tn,0,1,23,24
L_LACt2r;O2tp,0,1,23,24
L_LACt2r;PEMET1,0,1,23,24
L_LACt2r;PEMET2,0,1,23,24
L_LACt2r;PFK_3,0,1,23,24
L_LACt2r;PGMT,0,1,23,24
L_LACt2r;PIGTHRDLtm,0,2,23,23
L_LACt2r;PIt2m_2,0,1,23,24
L_LACt2r;PIt8,0,1,23,24
L_LACt2r;PPAer,0,1,23,24
L_LACt2r;PPIPItr,0,1,23,24
L_LACt2r;PYRt2r,0,1,23,24
L_LACt2r;RDH1a,0,1,23,24
L_LACt2r;RPE,0,1,23,24
L_LACt2r;THBPT4ACAMDASE,0,1,23,24
L_LACt2r;TKT1,0,1,23,24
L_LACt2r;TKT2,0,1,23,24
L_LACt2r;TRPHYDRO2,0,1,23,24
L_LACt2r;UAGDP,0,1,23,24
L_LACt2r;XOL25OHOR,0,1,23,24
L_LACt4r;NADPHtru,1,0,22,25
L_LACt4r;NADPtru,1,0,22,25
M1316Mg;NDP7er,1,1,22,24
M1316Mg;PGAM1_PhosHydro,1,0,22,25
M1316Mg;PGI,0,1,23,24
M1316Mg;R_group_phosphotase_1,0,1,23,24
M1316Mg;TXA2tr,0,1,23,24
M1316Mg;TXB2c,0,1,23,24
M1316Mg;TXB2r,0,1,23,24
M1316Mg;TXB2tr,0,1,23,24
M1316Mg;UDPG4E,1,1,22,24
M1316Mg;UDPGALt2r,1,1,22,24
M1316Mg;UDPGALtg,1,1,22,24
M1316Mg;UDPGGPGTr,1,1,22,24
M1316Mg;UGCGc,1,1,22,24
M1316Mg;UMPtr,1,1,22,24
M13N2Tg;NDP7er,1,2,22,23
M13N2Tg;PCOREM3terg,0,1,23,24
M13N2Tg;PGAM1_PhosHydro,1,0,22,25
M13N2Tg;PGI,0,1,23,24
M13N2Tg;POCDPRBTLT2g,0,1,23,24
M13N2Tg;POCDPRBTLTg,0,1,23,24
M13N2Tg;POGLCNACTg,0,1,23,24
M13N2Tg;POMGNGALNTr,0,1,23,24
M13N2Tg;POMGNTr,0,1,23,24
M13N2Tg;POMKr,0,1,23,24
M13N2Tg;POXYLTg,0,1,23,24
M13N2Tg;RBT5PCYTr,0,1,23,24
M13N2Tg;RBT5PDH,0,1,23,24
M13N2Tg;R_group_phosphotase_1,0,1,23,24
M13N2Tg;TXA2tr,0,1,23,24
M13N2Tg;TXB2c,0,1,23,24
M13N2Tg;TXB2r,0,1,23,24
M13N2Tg;TXB2tr,0,1,23,24
M13N2Tg;UACGAMUMPtr,0,1,23,24
M13N2Tg;UAG4E,0,1,23,24
M13N2Tg;UDPG4E,1,1,22,24
M13N2Tg;UDPGALt2r,1,1,22,24
M13N2Tg;UDPGALtg,1,1,22,24
M13N2Tg;UDPGD,0,1,23,24
M13N2Tg;UDPGGPGTr,1,1,22,24
M13N2Tg;UDPGLCAtg,0,1,23,24
M13N2Tg;UDPGLDCg,0,1,23,24
M13N2Tg;UGALNACter,0,1,23,24
M13N2Tg;UGCGc,1,1,22,24
M13N2Tg;UMPtr,1,1,22,24
M13N4T2g;UDPG4E,0,1,23,24
M13N4T2g;UDPGALtg,0,1,23,24
M14NTg;PGI,0,1,23,24
M14NTg;R_group_phosphotase_1,0,1,23,24
M14NTg;TXA2tr,0,1,23,24
M14NTg;TXB2c,0,1,23,24
M14NTg;TXB2r,0,1,23,24
M14NTg;TXB2tr,0,1,23,24
M16N4Tg;NDP7er,1,0,22,25
M16N4Tg;PGAM1_PhosHydro,1,0,22,25
M16N4Tg;UDPG4E,1,1,22,24
M16N4Tg;UDPGALt2r,1,0,22,25
M16N4Tg;UDPGALtg,1,1,22,24
M16N4Tg;UDPGGPGTr,1,0,22,25
M16N4Tg;UGCGc,1,0,22,25
M16N4Tg;UMPtr,1,0,22,25
M16N6T2g;UDPG4E,0,1,23,24
M16N6T2g;UDPGALtg,0,1,23,24
M16NTg;NDP7er,1,0,22,25
M16NTg;PGAM1_PhosHydro,1,0,22,25
M16NTg;PGI,0,1,23,24
M16NTg;R_group_phosphotase_1,0,1,23,24
M16NTg;TXA2tr,0,1,23,24
M16NTg;TXB2c,0,1,23,24
M16NTg;TXB2r,0,1,23,24
M16NTg;TXB2tr,0,1,23,24
M16NTg;UDPG4E,1,1,22,24
M16NTg;UDPGALt2r,1,0,22,25
M16NTg;UDPGALtg,1,1,22,24
M16NTg;UDPGGPGTr,1,0,22,25
M16NTg;UGCGc,1,0,22,25
M16NTg;UMPtr,1,0,22,25
M4MPDOL_ter;NDP7er,1,2,22,23
M4MPDOL_ter;PCOREM3terg,0,1,23,24
M4MPDOL_ter;PGAM1_PhosHydro,1,0,22,25
M4MPDOL_ter;PGI,0,1,23,24
M4MPDOL_ter;POCDPRBTLT2g,0,1,23,24
M4MPDOL_ter;POCDPRBTLTg,0,1,23,24
M4MPDOL_ter;POGLCNACTg,0,1,23,24
M4MPDOL_ter;POMGNGALNTr,0,1,23,24
M4MPDOL_ter;POMGNTr,0,1,23,24
M4MPDOL_ter;POMKr,0,1,23,24
M4MPDOL_ter;POXYLTg,0,1,23,24
M4MPDOL_ter;RBT5PCYTr,0,1,23,24
M4MPDOL_ter;RBT5PDH,0,1,23,24
M4MPDOL_ter;R_group_phosphotase_1,0,1,23,24
M4MPDOL_ter;TXA2tr,0,1,23,24
M4MPDOL_ter;TXB2c,0,1,23,24
M4MPDOL_ter;TXB2r,0,1,23,24
M4MPDOL_ter;TXB2tr,0,1,23,24
M4MPDOL_ter;UACGAMUMPtr,0,1,23,24
M4MPDOL_ter;UAG4E,0,1,23,24
M4MPDOL_ter;UDPG4E,1,1,22,24
M4MPDOL_ter;UDPGALt2r,1,1,22,24
M4MPDOL_ter;UDPGALtg,1,1,22,24
M4MPDOL_ter;UDPGD,0,1,23,24
M4MPDOL_ter;UDPGGPGTr,1,1,22,24
M4MPDOL_ter;UDPGLCAtg,0,1,23,24
M4MPDOL_ter;UDPGLDCg,0,1,23,24
M4MPDOL_ter;UGALNACter,0,1,23,24
M4MPDOL_ter;UGCGc,1,1,22,24
M4MPDOL_ter;UMPtr,1,1,22,24
M7MASNBterg;NDP7er,0,1,23,24
M7MASNBterg;R_group_phosphotase_1,0,1,23,24
M7MASNBterg;UDPG4E,0,1,23,24
M7MASNBterg;UDPGALt2r,0,1,23,24
M7MASNBterg;UDPGALtg,0,1,23,24
M7MASNBterg;UDPGGPGTr,0,1,23,24
M7MASNBterg;UGCGc,0,1,23,24
M7MASNBterg;UMPtr,0,1,23,24
M8MASNterg;NDP7er,1,1,22,24
M8MASNterg;PCOREM3terg,0,1,23,24
M8MASNterg;PGAM1_PhosHydro,1,0,22,25
M8MASNterg;PGI,0,1,23,24
M8MASNterg;POCDPRBTLT2g,0,1,23,24
M8MASNterg;POCDPRBTLTg,0,1,23,24
M8MASNterg;POGLCNACTg,0,1,23,24
M8MASNterg;POMGNGALNTr,0,1,23,24
M8MASNterg;POMGNTr,0,1,23,24
M8MASNterg;POMKr,0,1,23,24
M8MASNterg;POXYLTg,0,1,23,24
M8MASNterg;RBT5PCYTr,0,1,23,24
M8MASNterg;RBT5PDH,0,1,23,24
M8MASNterg;TXA2tr,0,1,23,24
M8MASNterg;TXB2c,0,1,23,24
M8MASNterg;TXB2r,0,1,23,24
M8MASNterg;TXB2tr,0,1,23,24
M8MASNterg;UACGAMUMPtr,0,1,23,24
M8MASNterg;UAG4E,0,1,23,24
M8MASNterg;UDPG4E,1,0,22,25
M8MASNterg;UDPGALt2r,1,0,22,25
M8MASNterg;UDPGALtg,1,0,22,25
M8MASNterg;UDPGD,0,1,23,24
M8MASNterg;UDPGGPGTr,1,0,22,25
M8MASNterg;UDPGLCAtg,0,1,23,24
M8MASNterg;UDPGLDCg,0,1,23,24
M8MASNterg;UGALNACter,0,1,23,24
M8MASNterg;UGCGc,1,0,22,25
M8MASNterg;UMPtr,1,0,22,25
MACOXO;THBPT4ACAMDASE,1,1,22,24
MACOXO;TYR3MO2,1,1,22,24
MACOXO;TYRDOPO,2,3,21,22
MALACONtm;MCITS,0,1,23,24
MALACONtm;MDH,0,1,23,24
MALACONtm;METAT,0,1,23,24
MALACONtm;OBDHc,0,1,23,24
MALACONtm;OXALSUCCCLm,0,2,23,23
MALACONtm;THRA,0,1,23,24
MALACONtm;UAGDP,0,1,23,24
MALCOAMT;NADPHtru,1,0,22,25
MALCOAMT;NADPtru,1,0,22,25
MALCOAMT;PPA,0,1,23,24
MALCOAMT;RPI,0,1,23,24
MALCOAMT;TPI,0,1,23,24
MALCOAMTr;NADPHtru,1,0,22,25
MALCOAMTr;NADPtru,1,0,22,25
MALCOAMTr;PPA,0,1,23,24
MALCOAMTr;RPI,0,1,23,24
MALCOAMTr;TPI,0,1,23,24
MAL_Lte;MDH,2,0,21,25
MAL_Lte;MDHm,0,1,23,24
MAL_Lte;OAADC,1,0,22,25
MAL_Lte;PEPCK,1,0,22,25
MAL_Lte;SBTR,0,1,23,24
MAL_Lte;SBT_Dtde,0,1,23,24
MAN1PT1;UDPGD,0,1,23,24
MAN1PT2;ARTFR42,2,0,21,25
MAN1PT2;ARTPLM1,0,1,23,24
MAN1PT2;NADPHtru,0,1,23,24
MAN1PT2;NADPtru,0,1,23,24
MAN1PT2;NKCCt,1,0,22,25
MAN1PT2;OCDE9ECOAtr,2,0,21,25
MAN1PT2;PFK_3,1,0,22,25
MAN1PT2;PGI,0,2,23,23
MAN1PT2;PIt7,1,0,22,25
MAN1PT2;PIt8,0,2,23,23
MAN1PT2;PIt9,1,0,22,25
MAN1PT2;PPAer,0,4,23,21
MAN1PT2;PPIPItr,0,4,23,21
MAN1PT2;RPI,0,1,23,24
MAN1PT2;R_group_phosphotase_1,0,1,23,24
MAN1PT2;SE10,1,0,22,25
MAN1PT2;SOAT6,1,0,22,25
MAN1PT2;TPI,5,0,18,25
MAN1PT2;TXA2tr,0,2,23,23
MAN1PT2;TXB2c,0,2,23,23
MAN1PT2;TXB2r,0,2,23,23
MAN1PT2;TXB2tr,0,2,23,23
MAN1PT2;UAG4E,1,1,22,24
MAN1PT2;UDPGD,1,0,22,25
MAN1PT2;UGALNACtg,1,1,22,24
MAN6PI;ARTFR42,2,0,21,25
MAN6PI;ARTPLM1,0,1,23,24
MAN6PI;NADPHtru,0,1,23,24
MAN6PI;NADPtru,0,1,23,24
MAN6PI;NKCCt,1,0,22,25
MAN6PI;OCDE9ECOAtr,2,0,21,25
MAN6PI;PFK_3,1,0,22,25
MAN6PI;PGI,0,2,23,23
MAN6PI;PIt7,1,0,22,25
MAN6PI;PIt8,0,2,23,23
MAN6PI;PIt9,1,0,22,25
MAN6PI;PPAer,0,4,23,21
MAN6PI;PPIPItr,0,4,23,21
MAN6PI;RPI,0,1,23,24
MAN6PI;R_group_phosphotase_1,0,1,23,24
MAN6PI;SE10,1,0,22,25
MAN6PI;SOAT6,1,0,22,25
MAN6PI;TPI,5,0,18,25
MAN6PI;TXA2tr,0,2,23,23
MAN6PI;TXB2c,0,2,23,23
MAN6PI;TXB2r,0,2,23,23
MAN6PI;TXB2tr,0,2,23,23
MAN6PI;UAG4E,1,1,22,24
MAN6PI;UDPGD,1,1,22,24
MAN6PI;UGALNACtg,1,1,22,24
MANt4;PGI,0,1,23,24
MANt4;TXA2tr,0,1,23,24
MANt4;TXB2c,0,1,23,24
MANt4;TXB2r,0,1,23,24
MANt4;TXB2tr,0,1,23,24
MANter;NDP7er,0,1,23,24
MANter;R_group_phosphotase_1,0,1,23,24
MANter;UDPG4E,0,1,23,24
MANter;UDPGALt2r,0,1,23,24
MANter;UDPGALtg,0,1,23,24
MANter;UDPGGPGTr,0,1,23,24
MANter;UGCGc,0,1,23,24
MANter;UMPtr,0,1,23,24
MANtg;NDP7er,1,2,22,23
MANtg;PCOREM3terg,0,1,23,24
MANtg;PGAM1_PhosHydro,1,0,22,25
MANtg;PGI,0,1,23,24
MANtg;POCDPRBTLT2g,0,1,23,24
MANtg;POCDPRBTLTg,0,1,23,24
MANtg;POGLCNACTg,0,1,23,24
MANtg;POMGNGALNTr,0,1,23,24
MANtg;POMGNTr,0,1,23,24
MANtg;POMKr,0,1,23,24
MANtg;POXYLTg,0,1,23,24
MANtg;RBT5PCYTr,0,1,23,24
MANtg;RBT5PDH,0,1,23,24
MANtg;R_group_phosphotase_1,0,1,23,24
MANtg;TXA2tr,0,1,23,24
MANtg;TXB2c,0,1,23,24
MANtg;TXB2r,0,1,23,24
MANtg;TXB2tr,0,1,23,24
MANtg;UACGAMUMPtr,0,1,23,24
MANtg;UAG4E,0,1,23,24
MANtg;UDPG4E,1,1,22,24
MANtg;UDPGALt2r,1,1,22,24
MANtg;UDPGALtg,1,1,22,24
MANtg;UDPGD,0,1,23,24
MANtg;UDPGGPGTr,1,1,22,24
MANtg;UDPGLCAtg,0,1,23,24
MANtg;UDPGLDCg,0,1,23,24
MANtg;UGALNACter,0,1,23,24
MANtg;UGCGc,1,1,22,24
MANtg;UMPtr,1,1,22,24
MANtly;R_group_phosphotase_1,0,1,23,24
MCCCm;OXALSUCCCLm,0,1,23,24
MCCCm;PPAm,0,1,23,24
MCCCm;PPIOGLYc,0,1,23,24
MCCCm;PPIOGLYte,0,1,23,24
MCCCm;PPIOGLYtm,0,1,23,24
MCCCm;PPItm,1,0,22,25
MCCCm;PROAKGOX1m,1,0,22,25
MCCCm;PROGLUtm,1,0,22,25
MCCCm;PROtm,1,0,22,25
MCCCm;SUCOAS1m,1,0,22,25
MCCCm;THRA,0,1,23,24
MCITS;MDHm,0,1,23,24
MCITS;OXALSUCCCLm,0,1,23,24
MCITS;PGK,0,1,23,24
MCITS;PGM,0,1,23,24
MCITS;PYK7,0,1,23,24
MCITS;PYRtm,0,1,23,24
MCITS;TPI,0,1,23,24
MDH;MDHm,0,3,23,22
MDH;NADH2_u10m,0,1,23,24
MDH;OXALSUCCCLm,0,1,23,24
MDH;PFK_3,0,1,23,24
MDH;PGI,0,1,23,24
MDH;PGM,1,0,22,25
MDH;PPA,0,1,23,24
MDH;PPAm,0,1,23,24
MDH;PPItm,0,1,23,24
MDH;RPE,0,1,23,24
MDH;THRA,0,1,23,24
MDH;TKT1,0,1,23,24
MDH;TKT2,0,1,23,24
MDH;TRPO2,0,1,23,24
MDHm;ME1m,0,1,23,24
MDHm;METAT,0,1,23,24
MDHm;OBDHc,0,1,23,24
MDHm;OXALSUCCCLm,0,1,23,24
MDHm;PGI,0,1,23,24
MDHm;PIt2m_2,0,1,23,24
MDHm;PPA,0,1,23,24
MDHm;PPAm,0,1,23,24
MDHm;PPItm,0,1,23,24
MDHm;SBTR,0,1,23,24
MDHm;SBT_Dtde,0,1,23,24
ME1m;NADH2_u10m,0,1,23,24
ME2m;MTHFD2m,0,1,23,24
ME2m;MTHFDm,0,1,23,24
MEOHt2;NADH2_u10m,0,1,23,24
MEOHt2;NH4tm,0,1,23,24
MEOHt2;PIGTHRDLtm,0,2,23,23
MEOHt2;PYRtm,0,1,23,24
MEOHtly;PFK,0,1,23,24
MEOHtly;PGI,0,1,23,24
METAT;MTHFC,0,1,23,24
METAT;MTHFD,0,1,23,24
METAT;OXALSUCCCLm,0,1,23,24
METDECARc;PGI,1,0,22,25
METDECARc;ST3GAL61g,1,0,22,25
METDECARc;UAG2EMAi,1,0,22,25
METLEUex;METt4,0,3,23,22
METTRANSc;PGI,1,0,22,25
METTRANSc;ST3GAL61g,1,0,22,25
METTRANSc;UAG2EMAi,1,0,22,25
MG1er;NDP7er,1,2,22,23
MG1er;PCOREM3terg,0,1,23,24
MG1er;PGAM1_PhosHydro,1,0,22,25
MG1er;PGI,0,1,23,24
MG1er;POCDPRBTLT2g,0,1,23,24
MG1er;POCDPRBTLTg,0,1,23,24
MG1er;POGLCNACTg,0,1,23,24
MG1er;POMGNGALNTr,0,1,23,24
MG1er;POMGNTr,0,1,23,24
MG1er;POMKr,0,1,23,24
MG1er;POXYLTg,0,1,23,24
MG1er;RBT5PCYTr,0,1,23,24
MG1er;RBT5PDH,0,1,23,24
MG1er;R_group_phosphotase_1,0,1,23,24
MG1er;TXA2tr,0,1,23,24
MG1er;TXB2c,0,1,23,24
MG1er;TXB2r,0,1,23,24
MG1er;TXB2tr,0,1,23,24
MG1er;UACGAMUMPtr,0,1,23,24
MG1er;UAG4E,0,1,23,24
MG1er;UDPG4E,1,1,22,24
MG1er;UDPGALt2r,1,1,22,24
MG1er;UDPGALtg,1,1,22,24
MG1er;UDPGD,0,1,23,24
MG1er;UDPGGPGTr,1,1,22,24
MG1er;UDPGLCAtg,0,1,23,24
MG1er;UDPGLDCg,0,1,23,24
MG1er;UGALNACter,0,1,23,24
MG1er;UGCGc,1,1,22,24
MG1er;UMPtr,1,1,22,24
MG2er;NDP7er,1,2,22,23
MG2er;PCOREM3terg,0,1,23,24
MG2er;PGAM1_PhosHydro,1,0,22,25
MG2er;PGI,0,1,23,24
MG2er;POCDPRBTLT2g,0,1,23,24
MG2er;POCDPRBTLTg,0,1,23,24
MG2er;POGLCNACTg,0,1,23,24
MG2er;POMGNGALNTr,0,1,23,24
MG2er;POMGNTr,0,1,23,24
MG2er;POMKr,0,1,23,24
MG2er;POXYLTg,0,1,23,24
MG2er;RBT5PCYTr,0,1,23,24
MG2er;RBT5PDH,0,1,23,24
MG2er;R_group_phosphotase_1,0,1,23,24
MG2er;TXA2tr,0,1,23,24
MG2er;TXB2c,0,1,23,24
MG2er;TXB2r,0,1,23,24
MG2er;TXB2tr,0,1,23,24
MG2er;UACGAMUMPtr,0,1,23,24
MG2er;UAG4E,0,1,23,24
MG2er;UDPG4E,1,1,22,24
MG2er;UDPGALt2r,1,1,22,24
MG2er;UDPGALtg,1,1,22,24
MG2er;UDPGD,0,1,23,24
MG2er;UDPGGPGTr,1,1,22,24
MG2er;UDPGLCAtg,0,1,23,24
MG2er;UDPGLDCg,0,1,23,24
MG2er;UGALNACter,0,1,23,24
MG2er;UGCGc,1,1,22,24
MG2er;UMPtr,1,1,22,24
MG3er;NDP7er,1,2,22,23
MG3er;PCOREM3terg,0,1,23,24
MG3er;PGAM1_PhosHydro,1,0,22,25
MG3er;PGI,0,1,23,24
MG3er;POCDPRBTLT2g,0,1,23,24
MG3er;POCDPRBTLTg,0,1,23,24
MG3er;POGLCNACTg,0,1,23,24
MG3er;POMGNGALNTr,0,1,23,24
MG3er;POMGNTr,0,1,23,24
MG3er;POMKr,0,1,23,24
MG3er;POXYLTg,0,1,23,24
MG3er;RBT5PCYTr,0,1,23,24
MG3er;RBT5PDH,0,1,23,24
MG3er;R_group_phosphotase_1,0,1,23,24
MG3er;TXA2tr,0,1,23,24
MG3er;TXB2c,0,1,23,24
MG3er;TXB2r,0,1,23,24
MG3er;TXB2tr,0,1,23,24
MG3er;UACGAMUMPtr,0,1,23,24
MG3er;UAG4E,0,1,23,24
MG3er;UDPG4E,1,1,22,24
MG3er;UDPGALt2r,1,1,22,24
MG3er;UDPGALtg,1,1,22,24
MG3er;UDPGD,0,1,23,24
MG3er;UDPGGPGTr,1,1,22,24
MG3er;UDPGLCAtg,0,1,23,24
MG3er;UDPGLDCg,0,1,23,24
MG3er;UGALNACter,0,1,23,24
MG3er;UGCGc,1,1,22,24
MG3er;UMPtr,1,1,22,24
MGCHrm;OXALSUCCCLm,0,1,23,24
MGCHrm;PPAm,0,1,23,24
MGCHrm;PPIOGLYc,0,1,23,24
MGCHrm;PPIOGLYte,0,1,23,24
MGCHrm;PPIOGLYtm,0,1,23,24
MGCHrm;PPItm,1,0,22,25
MGCHrm;PROAKGOX1m,1,0,22,25
MGCHrm;PROGLUtm,1,0,22,25
MGCHrm;PROtm,1,0,22,25
MGCHrm;SUCOAS1m,1,0,22,25
MGCHrm;THRA,0,1,23,24
MGSA2;NADPHtru,1,0,22,25
MGSA2;NADPtru,1,0,22,25
MGSA;PGI,0,1,23,24
MGSA;PGK,0,1,23,24
MGSA;PGM,0,1,23,24
MGSA;TALA,0,1,23,24
MGSA;TPI,0,2,23,23
MHISOR;THBPT4ACAMDASE,1,1,22,24
MHISOR;TYR3MO2,1,1,22,24
MHISOR;TYRDOPO,2,3,21,22
MI14PP;MI1PP,23,7,0,18
MI14PP;O2t,2,0,21,25
MI14PP;PIPLC,23,7,0,18
MI1PP;MI4PP,23,7,0,18
MI1PP;PIK4,16,6,7,19
MI4PP;O2t,2,0,21,25
MI4PP;PIPLC,23,7,0,18
MM5ag;NDP7er,1,1,22,24
MM5ag;PCOREM3terg,0,1,23,24
MM5ag;PGAM1_PhosHydro,1,0,22,25
MM5ag;PGI,0,1,23,24
MM5ag;POCDPRBTLT2g,0,1,23,24
MM5ag;POCDPRBTLTg,0,1,23,24
MM5ag;POGLCNACTg,0,1,23,24
MM5ag;POMGNGALNTr,0,1,23,24
MM5ag;POMGNTr,0,1,23,24
MM5ag;POMKr,0,1,23,24
MM5ag;POXYLTg,0,1,23,24
MM5ag;RBT5PCYTr,0,1,23,24
MM5ag;RBT5PDH,0,1,23,24
MM5ag;TXA2tr,0,1,23,24
MM5ag;TXB2c,0,1,23,24
MM5ag;TXB2r,0,1,23,24
MM5ag;TXB2tr,0,1,23,24
MM5ag;UACGAMUMPtr,0,1,23,24
MM5ag;UAG4E,0,1,23,24
MM5ag;UDPG4E,1,0,22,25
MM5ag;UDPGALt2r,1,0,22,25
MM5ag;UDPGALtg,1,0,22,25
MM5ag;UDPGD,0,1,23,24
MM5ag;UDPGGPGTr,1,0,22,25
MM5ag;UDPGLCAtg,0,1,23,24
MM5ag;UDPGLDCg,0,1,23,24
MM5ag;UGALNACter,0,1,23,24
MM5ag;UGCGc,1,0,22,25
MM5ag;UMPtr,1,0,22,25
MM5bg;NDP7er,0,1,23,24
MM5bg;R_group_phosphotase_1,0,1,23,24
MM5bg;UDPG4E,0,1,23,24
MM5bg;UDPGALt2r,0,1,23,24
MM5bg;UDPGALtg,0,1,23,24
MM5bg;UDPGGPGTr,0,1,23,24
MM5bg;UGCGc,0,1,23,24
MM5bg;UMPtr,0,1,23,24
MM6B1ag;R_group_phosphotase_1,0,1,23,24
MM6B1bg;NDP7er,0,1,23,24
MM6B1bg;UDPG4E,0,1,23,24
MM6B1bg;UDPGALt2r,0,1,23,24
MM6B1bg;UDPGALtg,0,1,23,24
MM6B1bg;UDPGGPGTr,0,1,23,24
MM6B1bg;UGCGc,0,1,23,24
MM6B1bg;UMPtr,0,1,23,24
MM6bg;NDP7er,1,1,22,24
MM6bg;PCOREM3terg,0,1,23,24
MM6bg;PGAM1_PhosHydro,1,0,22,25
MM6bg;PGI,0,1,23,24
MM6bg;POCDPRBTLT2g,0,1,23,24
MM6bg;POCDPRBTLTg,0,1,23,24
MM6bg;POGLCNACTg,0,1,23,24
MM6bg;POMGNGALNTr,0,1,23,24
MM6bg;POMGNTr,0,1,23,24
MM6bg;POMKr,0,1,23,24
MM6bg;POXYLTg,0,1,23,24
MM6bg;RBT5PCYTr,0,1,23,24
MM6bg;RBT5PDH,0,1,23,24
MM6bg;TXA2tr,0,1,23,24
MM6bg;TXB2c,0,1,23,24
MM6bg;TXB2r,0,1,23,24
MM6bg;TXB2tr,0,1,23,24
MM6bg;UACGAMUMPtr,0,1,23,24
MM6bg;UAG4E,0,1,23,24
MM6bg;UDPG4E,1,0,22,25
MM6bg;UDPGALt2r,1,0,22,25
MM6bg;UDPGALtg,1,0,22,25
MM6bg;UDPGD,0,1,23,24
MM6bg;UDPGGPGTr,1,0,22,25
MM6bg;UDPGLCAtg,0,1,23,24
MM6bg;UDPGLDCg,0,1,23,24
MM6bg;UGALNACter,0,1,23,24
MM6bg;UGCGc,1,0,22,25
MM6bg;UMPtr,1,0,22,25
MM7B1g;R_group_phosphotase_1,0,1,23,24
MM7B2g;NDP7er,0,1,23,24
MM7B2g;UDPG4E,0,1,23,24
MM7B2g;UDPGALt2r,0,1,23,24
MM7B2g;UDPGALtg,0,1,23,24
MM7B2g;UDPGGPGTr,0,1,23,24
MM7B2g;UGCGc,0,1,23,24
MM7B2g;UMPtr,0,1,23,24
MM7Cag;NDP7er,1,1,22,24
MM7Cag;PCOREM3terg,0,1,23,24
MM7Cag;PGAM1_PhosHydro,1,0,22,25
MM7Cag;PGI,0,1,23,24
MM7Cag;POCDPRBTLT2g,0,1,23,24
MM7Cag;POCDPRBTLTg,0,1,23,24
MM7Cag;POGLCNACTg,0,1,23,24
MM7Cag;POMGNGALNTr,0,1,23,24
MM7Cag;POMGNTr,0,1,23,24
MM7Cag;POMKr,0,1,23,24
MM7Cag;POXYLTg,0,1,23,24
MM7Cag;RBT5PCYTr,0,1,23,24
MM7Cag;RBT5PDH,0,1,23,24
MM7Cag;TXA2tr,0,1,23,24
MM7Cag;TXB2c,0,1,23,24
MM7Cag;TXB2r,0,1,23,24
MM7Cag;TXB2tr,0,1,23,24
MM7Cag;UACGAMUMPtr,0,1,23,24
MM7Cag;UAG4E,0,1,23,24
MM7Cag;UDPG4E,1,0,22,25
MM7Cag;UDPGALt2r,1,0,22,25
MM7Cag;UDPGALtg,1,0,22,25
MM7Cag;UDPGD,0,1,23,24
MM7Cag;UDPGGPGTr,1,0,22,25
MM7Cag;UDPGLCAtg,0,1,23,24
MM7Cag;UDPGLDCg,0,1,23,24
MM7Cag;UGALNACter,0,1,23,24
MM7Cag;UGCGc,1,0,22,25
MM7Cag;UMPtr,1,0,22,25
MM8Ag;NDP7er,1,1,22,24
MM8Ag;PCOREM3terg,0,1,23,24
MM8Ag;PGAM1_PhosHydro,1,0,22,25
MM8Ag;PGI,0,1,23,24
MM8Ag;POCDPRBTLT2g,0,1,23,24
MM8Ag;POCDPRBTLTg,0,1,23,24
MM8Ag;POGLCNACTg,0,1,23,24
MM8Ag;POMGNGALNTr,0,1,23,24
MM8Ag;POMGNTr,0,1,23,24
MM8Ag;POMKr,0,1,23,24
MM8Ag;POXYLTg,0,1,23,24
MM8Ag;RBT5PCYTr,0,1,23,24
MM8Ag;RBT5PDH,0,1,23,24
MM8Ag;TXA2tr,0,1,23,24
MM8Ag;TXB2c,0,1,23,24
MM8Ag;TXB2r,0,1,23,24
MM8Ag;TXB2tr,0,1,23,24
MM8Ag;UACGAMUMPtr,0,1,23,24
MM8Ag;UAG4E,0,1,23,24
MM8Ag;UDPG4E,1,0,22,25
MM8Ag;UDPGALt2r,1,0,22,25
MM8Ag;UDPGALtg,1,0,22,25
MM8Ag;UDPGD,0,1,23,24
MM8Ag;UDPGGPGTr,1,0,22,25
MM8Ag;UDPGLCAtg,0,1,23,24
MM8Ag;UDPGLDCg,0,1,23,24
MM8Ag;UGALNACter,0,1,23,24
MM8Ag;UGCGc,1,0,22,25
MM8Ag;UMPtr,1,0,22,25
MM8Ber;NDP7er,0,1,23,24
MM8Ber;R_group_phosphotase_1,0,1,23,24
MM8Ber;UDPG4E,0,1,23,24
MM8Ber;UDPGALt2r,0,1,23,24
MM8Ber;UDPGALtg,0,1,23,24
MM8Ber;UDPGGPGTr,0,1,23,24
MM8Ber;UGCGc,0,1,23,24
MM8Ber;UMPtr,0,1,23,24
MMCDm;NDP7er,1,0,22,25
MMCDm;PGMT,1,0,22,25
MMCDm;PHEMEtm,1,0,22,25
MMCDm;PIt2m_2,1,0,22,25
MMCDm;PPBNGS,1,0,22,25
MMCDm;PPPG9tm,1,0,22,25
MMCDm;PPPGOm,1,0,22,25
MMCDm;UDPGCURtr,1,0,22,25
MMCDm;UDPGD,1,0,22,25
MMCDm;UGT1A2r,1,0,22,25
MMCDm;UMPtr,1,0,22,25
MMCDm;UPP3S,1,0,22,25
MMCDm;UPPDC1,1,0,22,25
MMEm;NDP7er,1,0,22,25
MMEm;PGMT,1,0,22,25
MMEm;PHEMEtm,1,0,22,25
MMEm;PIt2m_2,1,0,22,25
MMEm;PPBNGS,1,0,22,25
MMEm;PPPG9tm,1,0,22,25
MMEm;PPPGOm,1,0,22,25
MMEm;UDPGCURtr,1,0,22,25
MMEm;UDPGD,1,0,22,25
MMEm;UGT1A2r,1,0,22,25
MMEm;UMPtr,1,0,22,25
MMEm;UPP3S,1,0,22,25
MMEm;UPPDC1,1,0,22,25
MMMm;NDP7er,1,0,22,25
MMMm;PGMT,1,0,22,25
MMMm;PHEMEtm,1,0,22,25
MMMm;PIt2m_2,1,0,22,25
MMMm;PPBNGS,1,0,22,25
MMMm;PPPG9tm,1,0,22,25
MMMm;PPPGOm,1,0,22,25
MMMm;UDPGCURtr,1,0,22,25
MMMm;UDPGD,1,0,22,25
MMMm;UGT1A2r,1,0,22,25
MMMm;UMPtr,1,0,22,25
MMMm;UPP3S,1,0,22,25
MMMm;UPPDC1,1,0,22,25
MOD_3mhop;OXALSUCCCLm,0,1,23,24
MOD_3mhop;PPAm,0,1,23,24
MOD_3mhop;PPIOGLYc,0,1,23,24
MOD_3mhop;PPIOGLYte,0,1,23,24
MOD_3mhop;PPIOGLYtm,0,1,23,24
MOD_3mhop;PPItm,1,0,22,25
MOD_3mhop;PROAKGOX1m,1,0,22,25
MOD_3mhop;PROGLUtm,1,0,22,25
MOD_3mhop;PROtm,1,0,22,25
MOD_3mhop;SUCOAS1m,1,0,22,25
MOD_3mhop;THRA,0,1,23,24
MTHFC;MTHFCm,1,1,22,24
MTHFC;MTHFDm,1,1,22,24
MTHFC;OBDHm,0,1,23,24
MTHFC;PPAer,0,1,23,24
MTHFC;PPIOGLYc,0,1,23,24
MTHFC;PPIOGLYte,0,1,23,24
MTHFC;PPIOGLYtm,0,1,23,24
MTHFC;PPIPItr,0,1,23,24
MTHFC;SERTm,1,1,22,24
MTHFC;T4HCINNMFM,0,1,23,24
MTHFC;THFtm,1,0,22,25
MTHFC;TYRTAm,0,1,23,24
MTHFC;TYRtl,0,1,23,24
MTHFC;q10tm,0,1,23,24
MTHFCm;MTHFD,0,2,23,23
MTHFCm;MTHFD2,1,0,22,25
MTHFCm;PIt8,0,1,23,24
MTHFD2;MTHFDm,1,0,22,25
MTHFD2;SERTm,1,0,22,25
MTHFD2;THFtm,1,0,22,25
MTHFD2m;NADH2_u10m,0,1,23,24
MTHFD2m;NH4tm,0,1,23,24
MTHFD2m;PROGLUtm,0,1,23,24
MTHFD2m;PROtm,0,1,23,24
MTHFD2m;PYRtm,0,1,23,24
MTHFD;MTHFD2,0,2,23,23
MTHFD;MTHFDm,0,2,23,23
MTHFD;OBDHm,0,1,23,24
MTHFD;PPAer,0,1,23,24
MTHFD;PPIOGLYc,0,1,23,24
MTHFD;PPIOGLYte,0,1,23,24
MTHFD;PPIOGLYtm,0,1,23,24
MTHFD;PPIPItr,0,1,23,24
MTHFD;SERTm,0,2,23,23
MTHFD;T4HCINNMFM,0,1,23,24
MTHFD;TYRTAm,0,1,23,24
MTHFD;TYRtl,0,1,23,24
MTHFD;URCN,0,1,23,24
MTHFD;q10tm,0,1,23,24
MTHFDm;NADH2_u10m,0,1,23,24
MTHFDm;NH4tm,0,1,23,24
MTHFDm;PIt8,0,1,23,24
MTHFDm;PROGLUtm,0,1,23,24
MTHFDm;PROtm,0,1,23,24
MTHFDm;PYRtm,0,1,23,24
N2M2NMASNt;PGI,0,1,23,24
N2M2NMASNt;R_group_phosphotase_1,0,1,23,24
N2M2NMASNt;TXA2tr,0,1,23,24
N2M2NMASNt;TXB2c,0,1,23,24
N2M2NMASNt;TXB2r,0,1,23,24
N2M2NMASNt;TXB2tr,0,1,23,24
N2M2NMASNtly;R_group_phosphotase_1,0,1,23,24
NACDe;NADH2_u10m,3,0,20,25
NACDe;O2t,1,0,22,25
NACDe;PIMALtm,2,0,21,25
NACDe;PROGLUtm,1,0,22,25
NACDe;PROtm,1,0,22,25
NACDe;SO3AKGtm,2,0,21,25
NACDe;SO3MALtm,2,0,21,25
NACDe;THFtm,1,0,22,25
NACDe;TYRTA,1,0,22,25
NACPRT;NADH2_u10m,3,0,20,25
NACPRT;O2t,1,0,22,25
NACPRT;PIMALtm,2,0,21,25
NACPRT;PROGLUtm,1,0,22,25
NACPRT;PROtm,1,0,22,25
NACPRT;SO3AKGtm,2,0,21,25
NACPRT;SO3MALtm,2,0,21,25
NACPRT;THFtm,1,0,22,25
NACPRT;TYRTA,1,0,22,25
NADH2_u10m;AKGtn,0,1,23,24
NADH2_u10m;CO2tn,0,1,23,24
NADH2_u10m;FALDtn,0,1,23,24
NADH2_u10m;NAt3_1,0,1,23,24
NADH2_u10m;NCAMDe,3,0,20,25
NADH2_u10m;NH4tm,1,0,22,25
NADH2_u10m;NMNDA,3,0,20,25
NADH2_u10m;NMNS,3,0,20,25
NADH2_u10m;NTD1,1,0,22,25
NADH2_u10m;O2tn,0,1,23,24
NADH2_u10m;ORNLYStm,1,0,22,25
NADH2_u10m;ORNt3m,1,0,22,25
NADH2_u10m;OXALSUCCCLm,0,1,23,24
NADH2_u10m;PEMET1,0,1,23,24
NADH2_u10m;PEMET2,0,1,23,24
NADH2_u10m;PFK_3,0,1,23,24
NADH2_u10m;PGI,0,1,23,24
NADH2_u10m;PGK,0,1,23,24
NADH2_u10m;PGL,0,1,23,24
NADH2_u10m;PGM,0,1,23,24
NADH2_u10m;PIATPLtm,0,2,23,23
NADH2_u10m;PIGTHRDLtm,0,3,23,22
NADH2_u10m;PIt2m_2,0,1,23,24
NADH2_u10m;PPM,1,0,22,25
NADH2_u10m;PPM2,1,0,22,25
NADH2_u10m;PYK7,0,1,23,24
NADH2_u10m;PYNP2r,1,0,22,25
NADH2_u10m;RPE,0,2,23,23
NADH2_u10m;SBTR,0,3,23,22
NADH2_u10m;SBT_Dtde,0,3,23,22
NADH2_u10m;SUCCACONtm,0,1,23,24
NADH2_u10m;SUCCt4_3,0,1,23,24
NADH2_u10m;THFtm,5,1,18,24
NADH2_u10m;THRA,0,1,23,24
NADH2_u10m;TKT1,0,2,23,23
NADH2_u10m;TKT2,0,2,23,23
NADH2_u10m;TPI,0,2,23,23
NADH2_u10m;TRDOXtm,1,0,22,25
NADH2_u10m;TRDRDtm,1,0,22,25
NADH2_u10m;TRDRm,1,0,22,25
NADH2_u10m;TYROX,1,0,22,25
NADH2_u10m;TYRTA,1,0,22,25
NADH2_u10m;UAGDP,0,1,23,24
NADH2_u10m;URIDK2,0,1,23,24
NADH2_u10m;URIK2,0,1,23,24
NADH2_u10m;URIK4,0,1,23,24
NADHtpu;NADPHtru,1,0,22,25
NADHtpu;NADPtru,1,0,22,25
NADHtpu;PPA,0,1,23,24
NADHtpu;RPI,0,1,23,24
NADHtpu;TPI,0,1,23,24
NADHtru;OXALSUCCCLm,0,1,23,24
NADHtru;PPA,0,1,23,24
NADHtru;PPAm,0,1,23,24
NADHtru;RPI,0,1,23,24
NADHtru;THRA,0,1,23,24
NADHtru;TPI,0,1,23,24
NADHtru;UAGDP,0,1,23,24
NADPHtru;NADtx,1,0,22,25
NADPHtru;NDP7g,0,1,23,24
NADPHtru;NRVNCCOAtr,1,0,22,25
NADPHtru;NRVNCCOAtxc,1,0,22,25
NADPHtru;O2tp,1,0,22,25
NADPHtru;PGK,0,1,23,24
NADPHtru;PGLer,7,1,16,24
NADPHtru;PGM,0,1,23,24
NADPHtru;PGMT,0,1,23,24
NADPHtru;PHEMEtm,0,1,23,24
NADPHtru;PIt8,0,1,23,24
NADPHtru;PIter,1,0,22,25
NADPHtru;PItg,0,1,23,24
NADPHtru;PMANM,0,1,23,24
NADPHtru;PPBNGS,0,1,23,24
NADPHtru;PPPG9tm,0,1,23,24
NADPHtru;PPPGOm,0,1,23,24
NADPHtru;PYK7,0,1,23,24
NADPHtru;RPE,7,0,16,25
NADPHtru;RU5Ptr,8,1,15,24
NADPHtru;SE10,1,0,22,25
NADPHtru;SOAT6,1,0,22,25
NADPHtru;TALA,5,0,18,25
NADPHtru;TECR180,1,0,22,25
NADPHtru;TECR201,1,0,22,25
NADPHtru;TECR221,1,0,22,25
NADPHtru;TECR241,1,0,22,25
NADPHtru;TKT1,7,0,16,25
NADPHtru;TKT2,7,0,16,25
NADPHtru;TPI,1,0,22,25
NADPHtru;TXA2tr,0,1,23,24
NADPHtru;TXB2c,0,1,23,24
NADPHtru;TXB2r,0,1,23,24
NADPHtru;TXB2tr,0,1,23,24
NADPHtru;UAGDP,0,1,23,24
NADPHtru;UDPGCURtr,0,1,23,24
NADPHtru;UDPGD,0,1,23,24
NADPHtru;UGLCNACtg,0,1,23,24
NADPHtru;UGT1A2r,0,1,23,24
NADPHtru;UPP3S,0,1,23,24
NADPHtru;UPPDC1,0,1,23,24
NADPHtxu;NRVNCCOAtr,0,1,23,24
NADPHtxu;NRVNCCOAtxc,0,1,23,24
NADPHtxu;PMTCOAFABP1tc,0,1,23,24
NADPHtxu;PPA,0,2,23,23
NADPHtxu;RPI,0,1,23,24
NADPHtxu;TECR180,0,1,23,24
NADPHtxu;TECR201,0,1,23,24
NADPHtxu;TECR221,0,1,23,24
NADPHtxu;TECR241,0,1,23,24
NADPHtxu;TPI,0,1,23,24
NADPtru;NADtx,1,0,22,25
NADPtru;NDP7g,0,1,23,24
NADPtru;NRVNCCOAtr,1,0,22,25
NADPtru;NRVNCCOAtxc,1,0,22,25
NADPtru;O2tp,1,0,22,25
NADPtru;PGK,0,1,23,24
NADPtru;PGLer,7,1,16,24
NADPtru;PGM,0,1,23,24
NADPtru;PGMT,0,1,23,24
NADPtru;PHEMEtm,0,1,23,24
NADPtru;PIt8,0,1,23,24
NADPtru;PIter,1,0,22,25
NADPtru;PItg,0,1,23,24
NADPtru;PMANM,0,1,23,24
NADPtru;PPBNGS,0,1,23,24
NADPtru;PPPG9tm,0,1,23,24
NADPtru;PPPGOm,0,1,23,24
NADPtru;PYK7,0,1,23,24
NADPtru;RPE,7,0,16,25
NADPtru;RU5Ptr,8,1,15,24
NADPtru;SE10,1,0,22,25
NADPtru;SOAT6,1,0,22,25
NADPtru;TALA,5,0,18,25
NADPtru;TECR180,1,0,22,25
NADPtru;TECR201,1,0,22,25
NADPtru;TECR221,1,0,22,25
NADPtru;TECR241,1,0,22,25
NADPtru;TKT1,7,0,16,25
NADPtru;TKT2,7,0,16,25
NADPtru;TPI,1,0,22,25
NADPtru;TXA2tr,0,1,23,24
NADPtru;TXB2c,0,1,23,24
NADPtru;TXB2r,0,1,23,24
NADPtru;TXB2tr,0,1,23,24
NADPtru;UAGDP,0,1,23,24
NADPtru;UDPGCURtr,0,1,23,24
NADPtru;UDPGD,0,1,23,24
NADPtru;UGLCNACtg,0,1,23,24
NADPtru;UGT1A2r,0,1,23,24
NADPtru;UPP3S,0,1,23,24
NADPtru;UPPDC1,0,1,23,24
NADPtxu;NRVNCCOAtr,0,1,23,24
NADPtxu;NRVNCCOAtxc,0,1,23,24
NADPtxu;PMTCOAFABP1tc,0,1,23,24
NADPtxu;PPA,0,2,23,23
NADPtxu;RPI,0,1,23,24
NADPtxu;TECR180,0,1,23,24
NADPtxu;TECR201,0,1,23,24
NADPtxu;TECR221,0,1,23,24
NADPtxu;TECR241,0,1,23,24
NADPtxu;TPI,0,1,23,24
NADtru;OXALSUCCCLm,0,1,23,24
NADtru;PPA,0,1,23,24
NADtru;PPAm,0,1,23,24
NADtru;RPI,0,1,23,24
NADtru;THRA,0,1,23,24
NADtru;TPI,0,1,23,24
NADtru;UAGDP,0,1,23,24
NADtx;PPA,0,1,23,24
NADtx;RPI,0,1,23,24
NADtx;TPI,0,1,23,24
NAHCO3_HCLt;ZN2te,0,1,23,24
NAHCO3_HCLt;Zn2t,0,1,23,24
NAt3_1;THFtm,0,1,23,24
NAt5;NKCC2t,2,0,21,25
NAtm;THFtm,1,0,22,25
NCAMDe;O2t,1,0,22,25
NCAMDe;PIMALtm,2,0,21,25
NCAMDe;PROGLUtm,1,0,22,25
NCAMDe;PROtm,1,0,22,25
NCAMDe;SO3AKGtm,2,0,21,25
NCAMDe;SO3MALtm,2,0,21,25
NCAMDe;THFtm,1,0,22,25
NCAMDe;TYRTA,1,0,22,25
NCKt;NH4t3r,0,2,23,23
NCKt;NKCC2t,0,2,23,23
NCNt;NH4t3r,0,2,23,23
NCNt;NKCC2t,0,2,23,23
NCNt;PFK2,1,0,22,25
NCNt;THRA,1,0,22,25
NDP7er;ARTFR42,2,0,21,25
NDP7er;ARTPLM1,0,1,23,24
NDP7er;NKCCt,1,0,22,25
NDP7er;OCDE9ECOAtr,2,0,21,25
NDP7er;PFK2,1,0,22,25
NDP7er;PFK_3,1,0,22,25
NDP7er;PGI,0,1,23,24
NDP7er;PIt7,1,0,22,25
NDP7er;PIt8,0,1,23,24
NDP7er;PIt9,1,0,22,25
NDP7er;PPAer,0,5,23,20
NDP7er;PPIOGLYc,1,0,22,25
NDP7er;PPIOGLYte,1,0,22,25
NDP7er;PPIOGLYtm,1,0,22,25
NDP7er;PPIPItr,0,5,23,20
NDP7er;RPI,0,1,23,24
NDP7er;R_group_phosphotase_1,0,1,23,24
NDP7er;SE10,1,0,22,25
NDP7er;SOAT6,1,0,22,25
NDP7er;SUCOAS1m,0,1,23,24
NDP7er;TPI,5,1,18,24
NDP7er;UAG4E,0,1,23,24
NDP7er;UDPDOLPT,1,2,22,23
NDP7er;UDPGD,1,0,22,25
NDP7er;UGALNACtg,0,1,23,24
NDP7g;ARTFR42,2,0,21,25
NDP7g;ARTPLM1,0,1,23,24
NDP7g;NKCCt,1,0,22,25
NDP7g;OCDE9ECOAtr,2,0,21,25
NDP7g;PFK_3,1,0,22,25
NDP7g;PGAM1_PhosHydro,1,0,22,25
NDP7g;PGI,1,2,22,23
NDP7g;PIt2m,0,1,23,24
NDP7g;PIt7,1,0,22,25
NDP7g;PIt8,0,2,23,23
NDP7g;PIt9,1,0,22,25
NDP7g;PPAer,0,4,23,21
NDP7g;PPIPItr,0,4,23,21
NDP7g;PROGLUtm,0,1,23,24
NDP7g;RPI,0,1,23,24
NDP7g;R_group_phosphotase_1,0,1,23,24
NDP7g;SE10,1,0,22,25
NDP7g;SOAT6,1,0,22,25
NDP7g;TPI,5,0,18,25
NDP7g;TXA2tr,0,3,23,22
NDP7g;TXB2c,0,3,23,22
NDP7g;TXB2r,0,3,23,22
NDP7g;TXB2tr,0,3,23,22
NDP7g;UDPGD,1,1,22,24
NDPK1;NTD6,0,1,23,24
NDPK1;PPM2,0,1,23,24
NDPK1;PUNP2,0,1,23,24
NDPK1;PYK6,0,1,23,24
NDPK1n;O2St,1,0,22,25
NDPK1n;O2t,3,3,20,22
NDPK2;PYK2,0,1,23,24
NDPK3;PYK4,0,1,23,24
NDPK5;PYK5,0,1,23,24
NDPK6;URIK2,0,1,23,24
NDPK6;URIK4,0,1,23,24
NDPK7n;O2St,1,0,22,25
NDPK7n;O2t,3,4,20,21
NDPK8;NDPK9,0,1,23,24
NDPK8;PGK,0,1,23,24
NDPK8;PGM,0,1,23,24
NDPK8;PYK7,0,1,23,24
NDPK8;TPI,0,1,23,24
NH4t3r;NKCC2t,5,1,18,24
NH4t3r;OROTi,1,0,22,25
NH4t3r;OROTte,1,0,22,25
NH4t3r;PFK_3,0,1,23,24
NH4t3r;PHEOX,0,1,23,24
NH4t3r;PHETA1,0,1,23,24
NH4t3r;RPE,0,1,23,24
NH4t3r;THRA,0,1,23,24
NH4t3r;TKT1,0,1,23,24
NH4t3r;TKT2,0,1,23,24
NH4tm;AKGtn,0,1,23,24
NH4tm;ARTFR52,1,0,22,25
NH4tm;CO2tn,0,1,23,24
NH4tm;FALDtn,0,1,23,24
NH4tm;O2tn,0,1,23,24
NH4tm;PEMET1,0,1,23,24
NH4tm;PEMET2,0,1,23,24
NH4tm;PGL,0,1,23,24
NH4tm;PHEOX,0,1,23,24
NH4tm;PHETA1,0,2,23,23
NH4tm;PHETA1m,0,3,23,22
NH4tm;PHEt4m,0,3,23,22
NH4tm;PHPYRtm,0,3,23,22
NH4tm;PIGTHRDLtm,0,3,23,22
NH4tm;PIMALtm,2,0,21,25
NH4tm;PIt2m,0,2,23,23
NH4tm;PIt2m_2,2,1,21,24
NH4tm;PPAm,0,1,23,24
NH4tm;PROGLUtm,1,0,22,25
NH4tm;PROtm,1,0,22,25
NH4tm;RPE,0,1,23,24
NH4tm;RTOT5,1,0,22,25
NH4tm;SBTR,0,2,23,23
NH4tm;SBT_Dtde,0,2,23,23
NH4tm;SO3AKGtm,1,0,22,25
NH4tm;SO3MALtm,2,0,21,25
NH4tm;SUCOAS1m,1,0,22,25
NH4tm;TECR200,1,0,22,25
NH4tm;TECR220,1,0,22,25
NH4tm;TECR240,1,0,22,25
NH4tm;TECR260,1,0,22,25
NH4tm;THRA,0,1,23,24
NH4tm;TKT1,0,1,23,24
NH4tm;TKT2,0,1,23,24
NH4tm;TYROX,3,0,20,25
NH4tm;TYRTA,3,0,20,25
NH4tn;PPItn,0,1,23,24
NKCC2t;NKCCt,1,3,22,22
NKCC2t;SADT,1,0,22,25
NKCC2t;SO4CLtex2,2,0,21,25
NKCC2t;SO4t4_3,1,0,22,25
NKCC2t;TYRDOPO,1,0,22,25
NKCCt;PGMT,1,0,22,25
NKCCt;PItg,1,0,22,25
NKCCt;PMANM,1,0,22,25
NKCCt;UAGDP,1,0,22,25
NKCCt;UGLCNACtg,1,0,22,25
NMNDA;O2t,1,0,22,25
NMNDA;PIMALtm,2,0,21,25
NMNDA;PROGLUtm,1,0,22,25
NMNDA;PROtm,1,0,22,25
NMNDA;SO3AKGtm,2,0,21,25
NMNDA;SO3MALtm,2,0,21,25
NMNDA;THFtm,1,0,22,25
NMNDA;TYRTA,1,0,22,25
NMNS;O2t,1,0,22,25
NMNS;PIMALtm,2,0,21,25
NMNS;PROGLUtm,1,0,22,25
NMNS;PROtm,1,0,22,25
NMNS;SO3AKGtm,2,0,21,25
NMNS;SO3MALtm,2,0,21,25
NMNS;THFtm,1,0,22,25
NMNS;TYRTA,1,0,22,25
NM_4;THRGLYexR,0,1,23,24
NOS2;THBPT4ACAMDASE,1,0,22,25
NOS2;TRPHYDRO2,1,0,22,25
NRVNCCOAtr;ARTFR32,2,0,21,25
NRVNCCOAtr;ARTFR42,3,0,20,25
NRVNCCOAtr;ARTFR52,3,0,20,25
NRVNCCOAtr;OCDE9ECOAtr,4,0,19,25
NRVNCCOAtr;PIt8,0,1,23,24
NRVNCCOAtr;PPIPItr,0,1,23,24
NRVNCCOAtr;PPItr,0,1,23,24
NRVNCCOAtr;RTOT3,2,0,21,25
NRVNCCOAtr;RTOT5,3,0,20,25
NRVNCCOAtr;TECR200,3,0,20,25
NRVNCCOAtr;TECR220,3,0,20,25
NRVNCCOAtr;TECR224,0,1,23,24
NRVNCCOAtr;TECR240,3,0,20,25
NRVNCCOAtr;TECR260,3,0,20,25
NRVNCCOAtxc;PIt8,0,1,23,24
NRVNCCOAtxc;PPIPItr,0,1,23,24
NRVNCCOAtxc;PPItr,0,1,23,24
NRVNCCOAtxc;TECR224,0,1,23,24
NTD1;PFK2,0,1,23,24
NTD1;PFK_3,1,0,22,25
NTD1;PGAM1_PhosHydro,1,0,22,25
NTD1;PGI,0,1,23,24
NTD1;RPE,1,0,22,25
NTD1;RU5Ptr,1,0,22,25
NTD1;THRA,1,0,22,25
NTD1;TKT1,1,0,22,25
NTD1;TKT2,1,0,22,25
NTD4;PPItn,0,1,23,24
NTD6;THRA,0,1,23,24
NWHARGOR;THBPT4ACAMDASE,1,0,22,25
NWHARGOR;TRPHYDRO2,1,0,22,25
NaKt;NKCC2t,2,0,21,25
NaKt;NKCCt,0,1,23,24
O2St;ADPtn,1,0,22,25
O2St;O2Stn,1,0,22,25
O2St;O2t,5,6,18,19
O2St;O2tn,1,0,22,25
O2St;SPODMn,1,0,22,25
O2Stn;O2t,5,5,18,20
O2Stx;O2t,0,1,23,24
O2t;ADPtn,5,5,18,20
O2t;O2tn,5,5,18,20
O2t;PAIL4P_HStn,2,0,21,25
O2t;PAIL_HStn,2,0,21,25
O2t;PCHOLP_hs,1,0,22,25
O2t;PFK,0,2,23,23
O2t;PFK2,0,1,23,24
O2t;PGI,0,2,23,23
O2t;PGK,0,1,23,24
O2t;PGM,0,1,23,24
O2t;PI4PLC,2,0,21,25
O2t;PIK4n,2,0,21,25
O2t;PIt2m,0,1,23,24
O2t;PItn,0,1,23,24
O2t;PRDX,0,1,23,24
O2t;PYK7,0,1,23,24
O2t;SERtp,0,1,23,24
O2t;SPODMn,5,5,18,20
O2t;SPODMx,0,1,23,24
O2t;SPTx,0,1,23,24
O2t;TPI,0,2,23,23
O2tm;THBPT4ACAMDASE,1,0,22,25
O2tm;THFtm,2,0,21,25
O2tm;TYR3MO2,1,0,22,25
O2tn;PIGTHRDLtm,0,2,23,23
O2tn;PYRtm,0,1,23,24
O2tp;PGK,0,1,23,24
O2tp;PGL,0,1,23,24
O2tp;PGM,0,1,23,24
O2tp;PIt7,1,0,22,25
O2tp;PIt9,0,1,23,24
O2tp;PPA,0,1,23,24
O2tp;PPCOAtm,1,0,22,25
O2tp;PYK7,0,1,23,24
O2tp;RPI,0,1,23,24
O2tp;SERtp,0,1,23,24
O2tp;SPTx,0,1,23,24
O2tp;THRA,0,1,23,24
O2tp;TPI,0,2,23,23
OAADC;OXALSUCCCLm,0,1,23,24
OAADC;PPAm,0,1,23,24
OBDHc;OXALSUCCCLm,0,1,23,24
OBDHc;PYRtm,0,1,23,24
OCDE9ECOAtr;ARTFR45,4,0,19,25
OCDE9ECOAtr;PGMT,2,0,21,25
OCDE9ECOAtr;PItg,2,0,21,25
OCDE9ECOAtr;PMANM,2,0,21,25
OCDE9ECOAtr;RTOT4,1,0,22,25
OCDE9ECOAtr;TECR201,4,0,19,25
OCDE9ECOAtr;TECR221,4,0,19,25
OCDE9ECOAtr;TECR241,4,0,19,25
OCDE9ECOAtr;UAGDP,2,0,21,25
OCDE9ECOAtr;UDPG4E,2,0,21,25
OCDE9ECOAtr;UDPGALt2r,2,0,21,25
OCDE9ECOAtr;UDPGALtg,2,0,21,25
OCDE9ECOAtr;UDPGGPGTr,2,0,21,25
OCDE9ECOAtr;UGCGc,2,0,21,25
OCDE9ECOAtr;UGLCNACtg,2,0,21,25
OCDE9ECOAtr;UMPtr,2,0,21,25
OCOAT1m;PIt2m_2,1,0,22,25
OCTD11ECOAtr;TECR180,1,0,22,25
OROTGLUt;PGL,0,1,23,24
OROTte;PGL,0,1,23,24
OXALSUCCCLm;ARTFR12,0,1,23,24
OXALSUCCCLm;PIt2m_2,0,1,23,24
OXALSUCCCLm;PLMCOAPTr,0,1,23,24
OXALSUCCCLm;PMTCOAFABP1tc,0,1,23,24
OXALSUCCCLm;PPAm,0,1,23,24
OXALSUCCCLm;PROGLUtm,1,0,22,25
OXALSUCCCLm;PROtm,1,0,22,25
OXALSUCCCLm;SUCCACONtm,0,1,23,24
OXALSUCCCLm;SUCCt4_3,0,1,23,24
OXALSUCCCLm;THRA,2,1,21,24
P45011A1m;PIt2m_2,0,1,23,24
P45011A1m;T4HCINNMFM,1,0,22,25
P45011A1m;TYRTAm,1,0,22,25
P45011A1m;TYRtl,1,0,22,25
P45011A1m;q10tm,1,0,22,25
P45027A11m;PGK,0,1,23,24
P45027A11m;PGM,0,1,23,24
P45027A12m;PGK,0,1,23,24
P45027A12m;PGM,0,1,23,24
P45027A13m;PGK,0,1,23,24
P45027A13m;PGM,0,1,23,24
P4508B11r;PGK,0,1,23,24
P4508B11r;PGM,0,1,23,24
PCHOLHSTDe;PIt7,1,0,22,25
PCOREM3terg;PGI,0,1,23,24
PCOREM3terg;PIt9,1,0,22,25
PCOREM3terg;PPAer,0,1,23,24
PCOREM3terg;PPIPItr,0,1,23,24
PCOREM3terg;RPI,0,1,23,24
PCOREM3terg;SE10,1,0,22,25
PCOREM3terg;SOAT6,1,0,22,25
PCOREM3terg;UDPDOLPT,0,1,23,24
PCRNtm;PIt9,0,1,23,24
PCtabc;PIt9,0,1,23,24
PEMET1;PIGTHRDLtm,0,2,23,23
PEMET1;PSDm_hs,3,0,20,25
PEMET1;PSFLIPm,3,0,20,25
PEMET1;PYRtm,0,1,23,24
PEMET1;THFtm,1,0,22,25
PEMET1;THRA,1,3,22,22
PEMET2;PIGTHRDLtm,0,2,23,23
PEMET2;PSDm_hs,3,0,20,25
PEMET2;PSFLIPm,3,0,20,25
PEMET2;PYRtm,0,1,23,24
PEMET2;THFtm,1,0,22,25
PEMET2;THRA,1,3,22,22
PEPACONtm;PEPICITtm,0,1,23,24
PEPCK;PGI,0,1,23,24
PEPCK;PGL,0,1,23,24
PEPCK;PGM,1,0,22,25
PEPCK;RPE,0,1,23,24
PEPCK;TALA,0,1,23,24
PEPCK;TKT1,0,1,23,24
PEPCK;TKT2,0,1,23,24
PE_HStm;PEMET1,3,0,20,25
PE_HStm;PEMET2,3,0,20,25
PE_HStm;PIMALtm,1,0,22,25
PE_HStm;PROGLUtm,1,0,22,25
PE_HStm;PROtm,1,0,22,25
PE_HStm;PSSA2_hs,3,0,20,25
PE_HStm;Q10H2e,2,0,21,25
PE_HStm;SO3AKGtm,1,0,22,25
PE_HStm;SO3MALtm,1,0,22,25
PE_HStm;T4HCINNMFM,2,0,21,25
PE_HStm;TYRTA,1,0,22,25
PE_HStm;TYRTAm,2,0,21,25
PE_HStm;TYRtl,2,0,21,25
PE_HStm;q10h2tc,2,0,21,25
PFK2;PGI,1,1,22,24
PFK2;PGMT,1,0,22,25
PFK2;PHEMEtm,1,0,22,25
PFK2;PPBNGS,1,0,22,25
PFK2;PPM,0,1,23,24
PFK2;PPM2,0,1,23,24
PFK2;PPPG9tm,1,0,22,25
PFK2;PPPGOm,1,0,22,25
PFK2;PROGLUtm,1,0,22,25
PFK2;PROtm,1,0,22,25
PFK2;PYK,0,1,23,24
PFK2;PYNP2r,0,1,23,24
PFK2;RPE,0,1,23,24
PFK2;THBPT4ACAMDASE,0,1,23,24
PFK2;TIGGLYc,1,0,22,25
PFK2;TIGGLYte,1,0,22,25
PFK2;TIGGLYtm,1,0,22,25
PFK2;TKT1,0,1,23,24
PFK2;TKT2,0,1,23,24
PFK2;TPI,0,1,23,24
PFK2;UDPGD,1,0,22,25
PFK2;UDPGLCAter,1,0,22,25
PFK2;UGT1A2r,1,0,22,25
PFK2;UPP3S,1,0,22,25
PFK2;UPPDC1,1,0,22,25
PFK;PFK_3,1,8,22,17
PFK;PGI,1,7,22,18
PFK;PGK,0,1,23,24
PFK;PGL,0,4,23,21
PFK;PGM,0,1,23,24
PFK;PRDXl,0,1,23,24
PFK;RPE,1,8,22,17
PFK;RU5Ptr,1,0,22,25
PFK;THBPT4ACAMDASE,0,1,23,24
PFK;TKT1,1,8,22,17
PFK;TKT2,1,8,22,17
PFK;TRPO2,0,1,23,24
PFK;TYR3MO2,0,1,23,24
PFK;UAGDP,0,1,23,24
PFK_3;PGI,1,8,22,17
PFK_3;PGK,0,1,23,24
PFK_3;PGL,1,0,22,25
PFK_3;PGLer,6,0,17,25
PFK_3;PGM,0,1,23,24
PFK_3;PGMT,1,0,22,25
PFK_3;PHEOX,0,1,23,24
PFK_3;PHETA1,0,1,23,24
PFK_3;PItg,1,0,22,25
PFK_3;PMANM,1,0,22,25
PFK_3;PPM,1,0,22,25
PFK_3;PPM2,1,0,22,25
PFK_3;PYK7,0,1,23,24
PFK_3;PYNP2r,1,0,22,25
PFK_3;RPE,7,0,16,25
PFK_3;RU5Ptr,6,0,17,25
PFK_3;TALA,7,0,16,25
PFK_3;TKT1,7,0,16,25
PFK_3;TKT2,7,0,16,25
PFK_3;TPI,7,1,16,24
PFK_3;TRDR,1,0,22,25
PFK_3;UAGDP,1,0,22,25
PFK_3;UDPG4E,1,0,22,25
PFK_3;UDPGALt2r,1,0,22,25
PFK_3;UDPGALtg,1,0,22,25
PFK_3;UDPGD,0,1,23,24
PFK_3;UDPGGPGTr,1,0,22,25
PFK_3;UGCGc,1,0,22,25
PFK_3;UGLCNACtg,1,0,22,25
PFK_3;UMPtr,1,0,22,25
PFK_4;PFK2,0,1,23,24
PFK_4;PGI,0,1,23,24
PFK_4;TPI,0,1,23,24
PGAM1_PhosHydro;PGMT,1,0,22,25
PGAM1_PhosHydro;PIMALtm,1,0,22,25
PGAM1_PhosHydro;PItg,1,0,22,25
PGAM1_PhosHydro;PPM,1,0,22,25
PGAM1_PhosHydro;PPM2,1,0,22,25
PGAM1_PhosHydro;PYNP2r,1,0,22,25
PGAM1_PhosHydro;SO4AKGtm,1,0,22,25
PGAM1_PhosHydro;SO4MALtm,1,0,22,25
PGAM1_PhosHydro;UDPDOLPT,1,0,22,25
PGAM1_PhosHydro;UDPG4E,1,0,22,25
PGAM1_PhosHydro;UDPGALtg,1,0,22,25
PGAM1_PhosHydro;UGALGTg,1,0,22,25
PGI;PGL,1,6,22,19
PGI;PGLer,7,0,16,25
PGI;PGMT,1,3,22,22
PGI;PHETA1,0,1,23,24
PGI;PIt2m_2,0,1,23,24
PGI;PIt8,0,1,23,24
PGI;PIter,1,0,22,25
PGI;PItg,1,2,22,23
PGI;PMANM,0,2,23,23
PGI;POCDPRBTLT2g,0,1,23,24
PGI;POCDPRBTLTg,0,1,23,24
PGI;POGLCNACTg,0,1,23,24
PGI;POMGNGALNTr,0,1,23,24
PGI;POMGNTr,0,1,23,24
PGI;POMKr,0,1,23,24
PGI;POXYLTg,0,1,23,24
PGI;PPA,0,1,23,24
PGI;PPAer,1,0,22,25
PGI;PPAm,0,1,23,24
PGI;PPItm,0,1,23,24
PGI;PPM,0,1,23,24
PGI;PPM2,0,1,23,24
PGI;PRDXl,0,1,23,24
PGI;PYNP2r,0,1,23,24
PGI;RBT5PCYTr,0,1,23,24
PGI;RBT5PDH,0,1,23,24
PGI;RPE,9,11,14,14
PGI;RU5Ptr,8,0,15,25
PGI;SBTR,0,1,23,24
PGI;SBT_Dtde,0,1,23,24
PGI;TALA,0,2,23,23
PGI;THBPT4ACAMDASE,0,2,23,23
PGI;THFtm,0,1,23,24
PGI;THRA,0,1,23,24
PGI;TIGGLYc,1,0,22,25
PGI;TIGGLYte,1,0,22,25
PGI;TIGGLYtm,1,0,22,25
PGI;TKT1,9,11,14,14
PGI;TKT2,9,11,14,14
PGI;TPI,6,1,17,24
PGI;TRPO2,0,1,23,24
PGI;TXA2tr,0,1,23,24
PGI;TXB2c,0,1,23,24
PGI;TXB2r,0,1,23,24
PGI;TXB2tr,0,1,23,24
PGI;TYR3MO2,0,1,23,24
PGI;UACGAMUMPtr,0,1,23,24
PGI;UAG4E,0,1,23,24
PGI;UAGDP,1,4,22,21
PGI;UDPDOLPT,0,1,23,24
PGI;UDPG4E,1,0,22,25
PGI;UDPGALtg,1,0,22,25
PGI;UDPGD,0,2,23,23
PGI;UDPGLCAtg,0,1,23,24
PGI;UDPGLDCg,0,1,23,24
PGI;UGALNACter,0,1,23,24
PGI;UGLCNACtg,0,2,23,23
PGI;UMPK4,0,1,23,24
PGK;PIt8,0,1,23,24
PGK;PRISTANALtx,0,1,23,24
PGK;PRISTtx,0,1,23,24
PGK;RPE,0,1,23,24
PGK;SCPx,0,1,23,24
PGK;THCHOLSTOICtm,0,1,23,24
PGK;TKT1,0,1,23,24
PGK;TKT2,0,1,23,24
PGK;TPI,7,1,16,24
PGK;VLCSp,0,1,23,24
PGK;XOL25OHOR,0,1,23,24
PGK;XOLDIOLONEt,0,1,23,24
PGK;XOLTRIOLtm,0,1,23,24
PGL;PPAer,0,1,23,24
PGL;PPIPItr,0,1,23,24
PGL;RADH,0,1,23,24
PGL;RADH3,0,1,23,24
PGL;RAI3,0,1,23,24
PGL;RDH1a,0,1,23,24
PGL;RDH4,0,1,23,24
PGL;RETI3,0,1,23,24
PGL;RPE,1,1,22,24
PGL;SBTR,0,1,23,24
PGL;SBT_Dtde,0,1,23,24
PGL;TALA,1,1,22,24
PGL;THRA,0,2,23,23
PGL;TKT1,1,1,22,24
PGL;TKT2,1,1,22,24
PGL;UAGDP,0,1,23,24
PGL;UDPGD,0,1,23,24
PGLer;PIter,1,0,22,25
PGLer;PPAer,2,0,21,25
PGLer;PPIPItr,2,0,21,25
PGLer;RPE,7,0,16,25
PGLer;RU5Ptr,7,0,16,25
PGLer;TALA,7,0,16,25
PGLer;TKT1,7,0,16,25
PGLer;TKT2,7,0,16,25
PGM;PIt8,0,1,23,24
PGM;PRISTANALtx,0,1,23,24
PGM;PRISTtx,0,1,23,24
PGM;RPE,0,1,23,24
PGM;SCPx,0,1,23,24
PGM;THCHOLSTOICtm,0,1,23,24
PGM;TKT1,0,1,23,24
PGM;TKT2,0,1,23,24
PGM;TPI,7,1,16,24
PGM;VLCSp,0,1,23,24
PGM;XOL25OHOR,0,1,23,24
PGM;XOLDIOLONEt,0,1,23,24
PGM;XOLTRIOLtm,0,1,23,24
PGMT;ARTFR42,2,0,21,25
PGMT;ARTPLM1,0,1,23,24
PGMT;PIt7,1,0,22,25
PGMT;PIt8,0,1,23,24
PGMT;PIt9,1,0,22,25
PGMT;PPAer,0,5,23,20
PGMT;PPIOGLYc,1,0,22,25
PGMT;PPIOGLYte,1,0,22,25
PGMT;PPIOGLYtm,1,0,22,25
PGMT;PPIPItr,0,5,23,20
PGMT;RPI,0,1,23,24
PGMT;R_group_phosphotase_1,0,1,23,24
PGMT;SE10,1,0,22,25
PGMT;SOAT6,1,0,22,25
PGMT;SUCOAS1m,0,1,23,24
PGMT;TALA,0,1,23,24
PGMT;THRA,0,1,23,24
PGMT;TPI,4,1,19,24
PGMT;TXA2tr,0,3,23,22
PGMT;TXB2c,0,3,23,22
PGMT;TXB2r,0,3,23,22
PGMT;TXB2tr,0,3,23,22
PGMT;UAG4E,1,1,22,24
PGMT;UGALNACtg,1,1,22,24
PHEMEtm;PPIOGLYc,1,0,22,25
PHEMEtm;PPIOGLYte,1,0,22,25
PHEMEtm;PPIOGLYtm,1,0,22,25
PHEMEtm;SUCOAS1m,0,1,23,24
PHEMEtm;TPI,0,1,23,24
PHEOX;PIGTHRDLtm,0,1,23,24
PHEOX;PIMALtm,1,0,22,25
PHEOX;PIt2m_2,1,0,22,25
PHEOX;PROGLUtm,1,0,22,25
PHEOX;PROtm,1,0,22,25
PHEOX;RPE,0,1,23,24
PHEOX;RPI,0,1,23,24
PHEOX;SO3AKGtm,1,0,22,25
PHEOX;SO3MALtm,1,0,22,25
PHEOX;TKT1,0,1,23,24
PHEOX;TKT2,0,1,23,24
PHEOX;TYROX,1,0,22,25
PHEOX;TYRTA,1,0,22,25
PHETA1;PPAm,0,1,23,24
PHETA1;PPItm,0,1,23,24
PHETA1;RPE,0,1,23,24
PHETA1;TKT1,0,1,23,24
PHETA1;TKT2,0,1,23,24
PHETA1;TXA2tr,0,1,23,24
PHETA1;TXB2c,0,1,23,24
PHETA1;TXB2r,0,1,23,24
PHETA1;TXB2tr,0,1,23,24
PHETA1;TYROX,1,0,22,25
PHETA1;TYRTA,1,0,22,25
PHETA1m;PIGTHRDLtm,0,1,23,24
PHETA1m;PIMALtm,1,0,22,25
PHETA1m;PIt2m_2,1,0,22,25
PHETA1m;PPAm,0,1,23,24
PHETA1m;PPItm,0,1,23,24
PHETA1m;PROGLUtm,1,0,22,25
PHETA1m;PROtm,1,0,22,25
PHETA1m;RPI,0,1,23,24
PHETA1m;SO3AKGtm,1,0,22,25
PHETA1m;SO3MALtm,1,0,22,25
PHETA1m;TYROX,2,0,21,25
PHETA1m;TYRTA,2,0,21,25
PHETHPTOX;TYRt4,0,1,23,24
PHEt2m;TYROX,1,0,22,25
PHEt2m;TYRTA,1,0,22,25
PHEt4m;PIGTHRDLtm,0,1,23,24
PHEt4m;PIMALtm,1,0,22,25
PHEt4m;PIt2m_2,1,0,22,25
PHEt4m;PPAm,0,1,23,24
PHEt4m;PPItm,0,1,23,24
PHEt4m;PROGLUtm,1,0,22,25
PHEt4m;PROtm,1,0,22,25
PHEt4m;RPI,0,1,23,24
PHEt4m;SO3AKGtm,1,0,22,25
PHEt4m;SO3MALtm,1,0,22,25
PHEt4m;TYROX,1,0,22,25
PHEt4m;TYRTA,1,0,22,25
PHPYRtm;PIGTHRDLtm,0,1,23,24
PHPYRtm;PIMALtm,1,0,22,25
PHPYRtm;PIt2m_2,1,0,22,25
PHPYRtm;PPAm,0,1,23,24
PHPYRtm;PPItm,0,1,23,24
PHPYRtm;PROGLUtm,1,0,22,25
PHPYRtm;PROtm,1,0,22,25
PHPYRtm;RPI,0,1,23,24
PHPYRtm;SO3AKGtm,1,0,22,25
PHPYRtm;SO3MALtm,1,0,22,25
PHPYRtm;TYROX,2,0,21,25
PHPYRtm;TYRTA,2,0,21,25
PIATPLtm;THFtm,1,0,22,25
PIGTHRDLtm;PIt2m,0,1,23,24
PIGTHRDLtm;PPAm,0,2,23,23
PIGTHRDLtm;PPItm,0,1,23,24
PIGTHRDLtm;THFtm,1,0,22,25
PIGTHRDLtm;UAGDP,0,1,23,24
PIK4;PIPLC,16,6,7,19
PIMALtm;PIt2m_2,4,0,19,25
PIMALtm;PPItm,1,0,22,25
PIMALtm;PROGLUtm,1,0,22,25
PIMALtm;PROtm,1,0,22,25
PIMALtm;PSDm_hs,1,0,22,25
PIMALtm;PSFLIPm,1,0,22,25
PIMALtm;SFCYSc,1,0,22,25
PIMALtm;SFCYSe,1,0,22,25
PIt2m;PItg,0,1,23,24
PIt2m;PROGLUtm,0,1,23,24
PIt2m;PROtm,0,1,23,24
PIt2m;THRA,0,1,23,24
PIt2m;TPI,0,1,23,24
PIt2m;UAG4E,0,1,23,24
PIt2m;UAGDP,0,1,23,24
PIt2m;UGALNACtg,0,1,23,24
PIt2m_2;PPAer,0,1,23,24
PIt2m_2;PPAm,0,1,23,24
PIt2m_2;PPIOGLYc,1,0,22,25
PIt2m_2;PPIOGLYte,1,0,22,25
PIt2m_2;PPIOGLYtm,1,0,22,25
PIt2m_2;PPIPItr,0,1,23,24
PIt2m_2;PRGNLONEtm,0,1,23,24
PIt2m_2;PRGSTRNt,0,1,23,24
PIt2m_2;PROAKGOX1m,1,0,22,25
PIt2m_2;PROGLUtm,2,0,21,25
PIt2m_2;PROtm,2,0,21,25
PIt2m_2;PYRtm,0,1,23,24
PIt2m_2;SBTR,0,2,23,23
PIt2m_2;SBT_Dtde,0,2,23,23
PIt2m_2;SO3AKGtm,2,0,21,25
PIt2m_2;SO3MALtm,2,0,21,25
PIt2m_2;SO4AKGtm,2,0,21,25
PIt2m_2;SO4MALtm,2,0,21,25
PIt2m_2;SUCOAS1m,1,0,22,25
PIt2m_2;THFtm,0,1,23,24
PIt2m_2;THRA,1,0,22,25
PIt2m_2;TYRTA,3,0,20,25
PIt7;PIt8,1,0,22,25
PIt7;PItg,1,0,22,25
PIt7;PLA2,1,0,22,25
PIt7;PLA2_2e,1,0,22,25
PIt7;PMANM,1,0,22,25
PIt7;PPIOGLYc,1,0,22,25
PIt7;PPIOGLYte,1,0,22,25
PIt7;PPIOGLYtm,1,0,22,25
PIt7;R_group_phosphotase_1,2,0,21,25
PIt7;Rtotalcoatx,1,0,22,25
PIt7;Rtotalt,1,0,22,25
PIt7;Rtotaltp,1,0,22,25
PIt7;UAGDP,1,0,22,25
PIt7;UDPG4E,1,0,22,25
PIt7;UDPGALt2r,1,0,22,25
PIt7;UDPGALtg,1,0,22,25
PIt7;UDPGGPGTr,1,0,22,25
PIt7;UGCGc,1,0,22,25
PIt7;UGLCNACtg,1,0,22,25
PIt7;UMPtr,1,0,22,25
PIt7;XOL25OHOR,1,0,22,25
PIt8;PItg,0,2,23,23
PIt8;PMANM,0,2,23,23
PIt8;PMTCOAFABP1tc,0,1,23,24
PIt8;SERTm,0,1,23,24
PIt8;TECR180,0,1,23,24
PIt8;TECR201,0,1,23,24
PIt8;TECR221,0,1,23,24
PIt8;TECR241,0,1,23,24
PIt8;THRA,0,1,23,24
PIt8;UAGDP,0,3,23,22
PIt8;UDPG4E,0,2,23,23
PIt8;UDPGALt2r,0,1,23,24
PIt8;UDPGALtg,0,2,23,23
PIt8;UDPGGPGTr,0,1,23,24
PIt8;UGCGc,0,2,23,23
PIt8;UGLCNACtg,0,2,23,23
PIt8;UMPtr,0,1,23,24
PIt9;PItg,1,0,22,25
PIt9;PLA2,0,1,23,24
PIt9;PLA2_2e,0,1,23,24
PIt9;PMANM,1,0,22,25
PIt9;POCDPRBTLT2g,1,0,22,25
PIt9;POCDPRBTLTg,1,0,22,25
PIt9;POGLCNACTg,1,0,22,25
PIt9;POMGNGALNTr,1,0,22,25
PIt9;POMGNTr,1,0,22,25
PIt9;POMKr,1,0,22,25
PIt9;POXYLTg,1,0,22,25
PIt9;PPIOGLYc,0,1,23,24
PIt9;PPIOGLYte,0,1,23,24
PIt9;PPIOGLYtm,0,1,23,24
PIt9;RBT5PCYTr,1,0,22,25
PIt9;RBT5PDH,1,0,22,25
PIt9;RTOTALFATPc,0,1,23,24
PIt9;RU5Ptr,1,0,22,25
PIt9;R_group_phosphotase_1,0,1,23,24
PIt9;Rtotalcoatx,0,1,23,24
PIt9;Rtotaltp,0,1,23,24
PIt9;TYRTA,1,0,22,25
PIt9;UACGAMUMPtr,1,0,22,25
PIt9;UAG4E,1,0,22,25
PIt9;UAGDP,1,0,22,25
PIt9;UDPGD,1,0,22,25
PIt9;UDPGLCAtg,1,0,22,25
PIt9;UDPGLDCg,1,0,22,25
PIt9;UGALNACter,1,0,22,25
PIt9;UGLCNACtg,1,0,22,25
PIt9;XOL25OHOR,0,1,23,24
PItg;ARTFR42,2,0,21,25
PItg;ARTPLM1,0,1,23,24
PItg;PPAer,0,4,23,21
PItg;PPIPItr,0,4,23,21
PItg;PROGLUtm,0,1,23,24
PItg;RPI,0,1,23,24
PItg;R_group_phosphotase_1,0,1,23,24
PItg;SE10,1,0,22,25
PItg;SOAT6,1,0,22,25
PItg;TPI,5,0,18,25
PItg;TXA2tr,0,3,23,22
PItg;TXB2c,0,3,23,22
PItg;TXB2r,0,3,23,22
PItg;TXB2tr,0,3,23,22
PItg;UDPGD,1,1,22,24
PItn;PPItn,0,1,23,24
PItn;THRA,0,1,23,24
PLA2;PPCOAtm,1,0,22,25
PLMCOAPTr;ARTPLM1,0,1,23,24
PLMCOAPTr;PPAm,0,2,23,23
PLMCOAPTr;THRA,1,1,22,24
PLMCOAPTr;TXA2tr,1,0,22,25
PLMCOAPTr;TXB2c,1,0,22,25
PLMCOAPTr;TXB2r,1,0,22,25
PLMCOAPTr;TXB2tr,1,0,22,25
PMANM;ARTFR42,2,0,21,25
PMANM;ARTPLM1,0,1,23,24
PMANM;PPAer,0,4,23,21
PMANM;PPIPItr,0,4,23,21
PMANM;RPI,0,1,23,24
PMANM;R_group_phosphotase_1,0,1,23,24
PMANM;SE10,1,0,22,25
PMANM;SOAT6,1,0,22,25
PMANM;TPI,5,0,18,25
PMANM;TXA2tr,0,2,23,23
PMANM;TXB2c,0,2,23,23
PMANM;TXB2r,0,2,23,23
PMANM;TXB2tr,0,2,23,23
PMANM;UAG4E,1,1,22,24
PMANM;UDPGD,1,1,22,24
PMANM;UGALNACtg,1,1,22,24
PMTCOAFABP1tc;ARTPLM1,0,1,23,24
PMTCOAFABP1tc;PMTCOAPTr,0,1,23,24
PMTCOAFABP1tc;PPAm,0,1,23,24
PMTCOAFABP1tc;PPIPItr,0,1,23,24
PMTCOAFABP1tc;PPItr,0,1,23,24
PMTCOAFABP1tc;TECR224,0,1,23,24
PMTCOAFABP1tc;THRA,0,1,23,24
POCDPRBTLT2g;PPAer,0,1,23,24
POCDPRBTLT2g;PPIPItr,0,1,23,24
POCDPRBTLT2g;RPI,0,1,23,24
POCDPRBTLT2g;SE10,1,0,22,25
POCDPRBTLT2g;SOAT6,1,0,22,25
POCDPRBTLT2g;UDPDOLPT,0,1,23,24
POCDPRBTLTg;PPAer,0,1,23,24
POCDPRBTLTg;PPIPItr,0,1,23,24
POCDPRBTLTg;RPI,0,1,23,24
POCDPRBTLTg;SE10,1,0,22,25
POCDPRBTLTg;SOAT6,1,0,22,25
POCDPRBTLTg;UDPDOLPT,0,1,23,24
POGLCNACTg;PPAer,0,1,23,24
POGLCNACTg;PPIPItr,0,1,23,24
POGLCNACTg;RPI,0,1,23,24
POGLCNACTg;SE10,1,0,22,25
POGLCNACTg;SOAT6,1,0,22,25
POGLCNACTg;UDPDOLPT,0,1,23,24
POMGNGALNTr;PPAer,0,1,23,24
POMGNGALNTr;PPIPItr,0,1,23,24
POMGNGALNTr;RPI,0,1,23,24
POMGNGALNTr;SE10,1,0,22,25
POMGNGALNTr;SOAT6,1,0,22,25
POMGNGALNTr;UDPDOLPT,0,1,23,24
POMGNTr;PPAer,0,1,23,24
POMGNTr;PPIPItr,0,1,23,24
POMGNTr;RPI,0,1,23,24
POMGNTr;SE10,1,0,22,25
POMGNTr;SOAT6,1,0,22,25
POMGNTr;UDPDOLPT,0,1,23,24
POMKr;PPAer,0,1,23,24
POMKr;PPIPItr,0,1,23,24
POMKr;RPI,0,1,23,24
POMKr;SE10,1,0,22,25
POMKr;SOAT6,1,0,22,25
POMKr;UDPDOLPT,0,1,23,24
POXYLTg;PPAer,0,1,23,24
POXYLTg;PPIPItr,0,1,23,24
POXYLTg;RPI,0,1,23,24
POXYLTg;SE10,1,0,22,25
POXYLTg;SOAT6,1,0,22,25
POXYLTg;UDPDOLPT,0,1,23,24
PPA;PPAer,0,2,23,23
PPA;PPAm,0,1,23,24
PPA;PPIPItr,0,3,23,22
PPA;PPItm,0,1,23,24
PPA;TECR224,0,2,23,23
PPAer;ARTPLM1,0,1,23,24
PPAer;PPAm,0,1,23,24
PPAer;PPIPItr,2,9,21,16
PPAer;PPItm,0,1,23,24
PPAer;PPItr,0,1,23,24
PPAer;RBT5PCYTr,0,1,23,24
PPAer;RBT5PDH,0,1,23,24
PPAer;RPE,2,0,21,25
PPAer;RU5Ptr,2,0,21,25
PPAer;TALA,1,0,22,25
PPAer;TKT1,2,0,21,25
PPAer;TKT2,2,0,21,25
PPAer;UACGAMUMPtr,0,1,23,24
PPAer;UAG2EMAi,0,1,23,24
PPAer;UAG4E,0,2,23,23
PPAer;UAGDP,0,4,23,21
PPAer;UDPG4E,0,3,23,22
PPAer;UDPGALt2r,0,3,23,22
PPAer;UDPGALtg,0,3,23,22
PPAer;UDPGD,0,1,23,24
PPAer;UDPGGPGTr,0,3,23,22
PPAer;UDPGLCAtg,0,1,23,24
PPAer;UDPGLDCg,0,1,23,24
PPAer;UGALNACter,0,1,23,24
PPAer;UGALNACtg,0,1,23,24
PPAer;UGCGc,0,3,23,22
PPAer;UGLCNACtg,0,4,23,21
PPAer;UMPtr,0,3,23,22
PPAm;ARTFR12,0,2,23,23
PPAm;PPIPItr,0,1,23,24
PPAm;PPItm,1,4,22,21
PPAm;THFtm,0,1,23,24
PPAm;THRA,0,1,23,24
PPAm;UAGDP,0,1,23,24
PPAn;PPItn,0,1,23,24
PPBNGS;PPIOGLYc,1,0,22,25
PPBNGS;PPIOGLYte,1,0,22,25
PPBNGS;PPIOGLYtm,1,0,22,25
PPBNGS;SUCOAS1m,0,1,23,24
PPBNGS;TPI,0,1,23,24
PPCOAtm;PPIOGLYc,1,0,22,25
PPCOAtm;PPIOGLYte,1,0,22,25
PPCOAtm;PPIOGLYtm,1,0,22,25
PPCOAtm;R_group_phosphotase_1,1,0,22,25
PPCOAtm;Rtotalcoatx,1,0,22,25
PPCOAtm;Rtotaltp,1,0,22,25
PPCOAtm;XOL25OHOR,1,0,22,25
PPIOGLYc;PPPG9tm,1,0,22,25
PPIOGLYc;PPPGOm,1,0,22,25
PPIOGLYc;UDPGCURtr,1,0,22,25
PPIOGLYc;UDPGD,1,0,22,25
PPIOGLYc;UGT1A2r,1,0,22,25
PPIOGLYc;UMPtr,1,0,22,25
PPIOGLYc;UPP3S,1,0,22,25
PPIOGLYc;UPPDC1,1,0,22,25
PPIOGLYte;PPPG9tm,1,0,22,25
PPIOGLYte;PPPGOm,1,0,22,25
PPIOGLYte;UDPGCURtr,1,0,22,25
PPIOGLYte;UDPGD,1,0,22,25
PPIOGLYte;UGT1A2r,1,0,22,25
PPIOGLYte;UMPtr,1,0,22,25
PPIOGLYte;UPP3S,1,0,22,25
PPIOGLYte;UPPDC1,1,0,22,25
PPIOGLYtm;PPPG9tm,1,0,22,25
PPIOGLYtm;PPPGOm,1,0,22,25
PPIOGLYtm;UDPGCURtr,1,0,22,25
PPIOGLYtm;UDPGD,1,0,22,25
PPIOGLYtm;UGT1A2r,1,0,22,25
PPIOGLYtm;UMPtr,1,0,22,25
PPIOGLYtm;UPP3S,1,0,22,25
PPIOGLYtm;UPPDC1,1,0,22,25
PPIPItr;ARTPLM1,0,1,23,24
PPIPItr;PPItm,0,1,23,24
PPIPItr;PPItr,0,1,23,24
PPIPItr;RBT5PCYTr,0,1,23,24
PPIPItr;RBT5PDH,0,1,23,24
PPIPItr;RPE,2,0,21,25
PPIPItr;RU5Ptr,2,0,21,25
PPIPItr;TALA,1,0,22,25
PPIPItr;TECR180,0,1,23,24
PPIPItr;TECR201,0,1,23,24
PPIPItr;TECR221,0,1,23,24
PPIPItr;TECR241,0,1,23,24
PPIPItr;TKT1,2,0,21,25
PPIPItr;TKT2,2,0,21,25
PPIPItr;UACGAMUMPtr,0,1,23,24
PPIPItr;UAG2EMAi,0,1,23,24
PPIPItr;UAG4E,0,2,23,23
PPIPItr;UAGDP,0,4,23,21
PPIPItr;UDPG4E,0,3,23,22
PPIPItr;UDPGALt2r,0,3,23,22
PPIPItr;UDPGALtg,0,3,23,22
PPIPItr;UDPGD,0,1,23,24
PPIPItr;UDPGGPGTr,0,3,23,22
PPIPItr;UDPGLCAtg,0,1,23,24
PPIPItr;UDPGLDCg,0,1,23,24
PPIPItr;UGALNACter,0,1,23,24
PPIPItr;UGALNACtg,0,1,23,24
PPIPItr;UGCGc,0,3,23,22
PPIPItr;UGLCNACtg,0,4,23,21
PPIPItr;UMPtr,0,3,23,22
PPItm;SO3MALtm,1,0,22,25
PPItm;TYROX,1,0,22,25
PPItm;TYRTA,1,0,22,25
PPItm;UAGDP,0,1,23,24
PPItn;URIK2,0,1,23,24
PPItn;Uritn,0,1,23,24
PPItr;TECR180,0,1,23,24
PPItr;TECR201,0,1,23,24
PPItr;TECR221,0,1,23,24
PPItr;TECR241,0,1,23,24
PPM2;RPE,1,1,22,24
PPM2;RU5Ptr,1,0,22,25
PPM2;TALA,0,1,23,24
PPM2;THRA,1,2,22,23
PPM2;TKT1,1,1,22,24
PPM2;TKT2,1,1,22,24
PPM;RPE,1,0,22,25
PPM;RU5Ptr,1,0,22,25
PPM;THRA,1,0,22,25
PPM;TKT1,1,0,22,25
PPM;TKT2,1,0,22,25
PPPG9tm;SUCOAS1m,0,1,23,24
PPPG9tm;TPI,0,1,23,24
PPPGOm;SUCOAS1m,0,1,23,24
PPPGOm;TPI,0,1,23,24
PRGNLONEtm;T4HCINNMFM,1,0,22,25
PRGNLONEtm;TYRTAm,1,0,22,25
PRGNLONEtm;TYRtl,1,0,22,25
PRGNLONEtm;q10tm,1,0,22,25
PRGSTRNt;T4HCINNMFM,1,0,22,25
PRGSTRNt;TYRTAm,1,0,22,25
PRGSTRNt;TYRtl,1,0,22,25
PRGSTRNt;q10tm,1,0,22,25
PRISTCOAtcx;THRA,0,1,23,24
PRISTtx;THRA,0,1,23,24
PROAKGOX1m;SUCOAS1m,0,1,23,24
PROGLUtm;PSDm_hs,1,0,22,25
PROGLUtm;PSFLIPm,1,0,22,25
PROGLUtm;SO3AKGtm,1,0,22,25
PROGLUtm;SO3MALtm,1,0,22,25
PROGLUtm;SUCOAS1m,1,0,22,25
PROGLUtm;THRA,1,1,22,24
PROGLUtm;TYROX,2,0,21,25
PROGLUtm;TYRTA,2,0,21,25
PROGLUtm;UAG4E,0,1,23,24
PROGLUtm;UAGDP,0,1,23,24
PROGLUtm;UGALNACtg,0,1,23,24
PROt2r;PROt4,2,1,21,24
PROt4;PROt4_2_r,0,1,23,24
PROtm;PSDm_hs,1,0,22,25
PROtm;PSFLIPm,1,0,22,25
PROtm;SO3AKGtm,1,0,22,25
PROtm;SO3MALtm,1,0,22,25
PROtm;SUCOAS1m,1,0,22,25
PROtm;THRA,1,0,22,25
PROtm;TYROX,2,0,21,25
PROtm;TYRTA,2,0,21,25
PSDm_hs;PSSA2_hs,3,0,20,25
PSDm_hs;Q10H2e,2,0,21,25
PSDm_hs;SO3AKGtm,1,0,22,25
PSDm_hs;SO3MALtm,1,0,22,25
PSDm_hs;T4HCINNMFM,2,0,21,25
PSDm_hs;TYRTA,1,0,22,25
PSDm_hs;TYRTAm,2,0,21,25
PSDm_hs;TYRtl,2,0,21,25
PSDm_hs;q10h2tc,2,0,21,25
PSFLIPm;PSSA2_hs,3,0,20,25
PSFLIPm;Q10H2e,2,0,21,25
PSFLIPm;SO3AKGtm,1,0,22,25
PSFLIPm;SO3MALtm,1,0,22,25
PSFLIPm;T4HCINNMFM,2,0,21,25
PSFLIPm;TYRTA,1,0,22,25
PSFLIPm;TYRTAm,2,0,21,25
PSFLIPm;TYRtl,2,0,21,25
PSFLIPm;q10h2tc,2,0,21,25
PSSA2_hs;THFtm,1,0,22,25
PUNP2;THRA,0,1,23,24
PVD3;TIGGLYc,0,1,23,24
PVD3;TIGGLYte,0,1,23,24
PVD3;TIGGLYtm,0,1,23,24
PYK7;RPE,0,1,23,24
PYK7;TKT1,0,1,23,24
PYK7;TKT2,0,1,23,24
PYK7;XOL25OHOR,0,1,23,24
PYK;PYK2,0,1,23,24
PYK;THFtm,0,1,23,24
PYK;TPI,0,1,23,24
PYK;UGALGTg,0,1,23,24
PYK;UMPK3,0,1,23,24
PYNP2r;RPE,1,0,22,25
PYNP2r;RU5Ptr,1,0,22,25
PYNP2r;THRA,1,0,22,25
PYNP2r;TKT1,1,0,22,25
PYNP2r;TKT2,1,0,22,25
PYRt2r;UAG4E,0,1,23,24
PYRt2r;UGALNACtg,0,1,23,24
PYRtm;SSALym,0,1,23,24
PYRtm;SUCOAS1m,0,1,23,24
Q10H2e;THFtm,1,0,22,25
Q10H2e;UAGDP,0,1,23,24
Q10H2e;q10tm,1,0,22,25
RBT5PCYTr;RPI,0,1,23,24
RBT5PCYTr;SE10,1,0,22,25
RBT5PCYTr;SOAT6,1,0,22,25
RBT5PCYTr;UDPDOLPT,0,1,23,24
RBT5PDH;RPI,0,1,23,24
RBT5PDH;SE10,1,0,22,25
RBT5PDH;SOAT6,1,0,22,25
RBT5PDH;UDPDOLPT,0,1,23,24
RDH1;RNAdeg,0,1,23,24
RDH1a;RNAdeg,0,1,23,24
RDH1a;UAG4E,0,1,23,24
RDH1a;UGALNACtg,0,1,23,24
RPE;TALA,8,1,15,24
RPE;TPI,0,2,23,23
RPE;TRDR,1,0,22,25
RPE;UDPGD,0,1,23,24
RPE;URPT,0,1,23,24
RPI;TECR224,0,1,23,24
RPI;UACGAMUMPtr,0,1,23,24
RPI;UAG4E,0,1,23,24
RPI;UAGDP,0,1,23,24
RPI;UDPGD,0,1,23,24
RPI;UDPGLCAtg,0,1,23,24
RPI;UDPGLDCg,0,1,23,24
RPI;UGALNACter,0,1,23,24
RPI;UGLCNACtg,0,1,23,24
RTOT3;RTOT4,2,0,21,25
RTOT3;RTOT5,1,0,22,25
RTOT4;RTOT5,3,0,20,25
RU5Ptr;SE10,1,0,22,25
RU5Ptr;SOAT6,1,0,22,25
RU5Ptr;TALA,7,0,16,25
RU5Ptr;TRDR,1,0,22,25
SAMHISTA;THBPT4ACAMDASE,1,1,22,24
SAMHISTA;TYR3MO2,1,1,22,24
SAMHISTA;TYRDOPO,2,3,21,22
SBTR;RNAdeg,0,1,23,24
SBTR;THBPT4ACAMDASE,0,2,23,23
SBTR;TRPHYDRO2,0,1,23,24
SBTR;TYR3MO2,0,1,23,24
SBTR;ZN2te,0,1,23,24
SBTR;Zn2t,0,1,23,24
SBT_Dtde;RNAdeg,0,1,23,24
SBT_Dtde;THBPT4ACAMDASE,0,2,23,23
SBT_Dtde;TRPHYDRO2,0,1,23,24
SBT_Dtde;TYR3MO2,0,1,23,24
SBT_Dtde;ZN2te,0,1,23,24
SBT_Dtde;Zn2t,0,1,23,24
SE10;TYRTA,1,0,22,25
SE10;UACGAMUMPtr,1,0,22,25
SE10;UAG4E,1,0,22,25
SE10;UAGDP,1,0,22,25
SE10;UDPG4E,1,0,22,25
SE10;UDPGALt2r,1,0,22,25
SE10;UDPGALtg,1,0,22,25
SE10;UDPGD,1,0,22,25
SE10;UDPGGPGTr,1,0,22,25
SE10;UDPGLCAtg,1,0,22,25
SE10;UDPGLDCg,1,0,22,25
SE10;UGALNACter,1,0,22,25
SE10;UGCGc,1,0,22,25
SE10;UGLCNACtg,1,0,22,25
SERALANaEx;SERATB0tc,1,0,22,25
SERALANaEx;SERt4,1,1,22,24
SERASNNaEx;SERt4,0,1,23,24
SERCYSNaEx;SERt4,1,0,22,25
SERGLYexR;SERt4,1,1,22,24
SERtp;THRA,0,1,23,24
SFCYSc;SO3MALtm,1,0,22,25
SFCYSe;SO3MALtm,1,0,22,25
SOAT6;TYRTA,1,0,22,25
SOAT6;UACGAMUMPtr,1,0,22,25
SOAT6;UAG4E,1,0,22,25
SOAT6;UAGDP,1,0,22,25
SOAT6;UDPG4E,1,0,22,25
SOAT6;UDPGALt2r,1,0,22,25
SOAT6;UDPGALtg,1,0,22,25
SOAT6;UDPGD,1,0,22,25
SOAT6;UDPGGPGTr,1,0,22,25
SOAT6;UDPGLCAtg,1,0,22,25
SOAT6;UDPGLDCg,1,0,22,25
SOAT6;UGALNACter,1,0,22,25
SOAT6;UGCGc,1,0,22,25
SOAT6;UGLCNACtg,1,0,22,25
SPTx;THRA,0,1,23,24
SSALym;SUCCt4_2,1,0,22,25
SSALym;SUCOAS1m,1,0,22,25
SSALym;TYROX,1,0,22,25
SSALym;TYRTA,1,0,22,25
ST3GAL31g;ST3GAL61g,1,1,22,24
ST3GAL31g;TPI,2,0,21,25
ST3GAL61g;R_group_phosphotase_1,0,1,23,24
ST3GAL61g;TPI,3,0,20,25
SUCOAS1m;UDPGCURtr,0,1,23,24
SUCOAS1m;UDPGD,0,1,23,24
SUCOAS1m;UGT1A2r,0,1,23,24
SUCOAS1m;UMPtr,0,1,23,24
SUCOAS1m;UPP3S,0,1,23,24
SUCOAS1m;UPPDC1,0,1,23,24
T4HCINNMFM;THFtm,1,0,22,25
T4HCINNMFM;THRA,1,0,22,25
T4HCINNMFM;UAGDP,0,1,23,24
TALA;TKT1,8,1,15,24
TALA;TKT2,8,1,15,24
TALA;UAGDP,0,1,23,24
TALA;URPT,0,1,23,24
TAURCHAe;THFtm,1,0,22,25
TECR180;ARTFR33,1,0,22,25
TECR180;RTOT3,1,0,22,25
TECR180;TECR181,1,0,22,25
TECR180;TECR224,0,1,23,24
TECR200;ARTFR45,3,0,20,25
TECR200;ARTPLM1,0,1,23,24
TECR200;RTOT4,3,0,20,25
TECR200;TECR201,3,0,20,25
TECR200;TECR221,3,0,20,25
TECR200;TECR241,3,0,20,25
TECR200;TIGGLYc,2,1,21,24
TECR200;TIGGLYte,2,1,21,24
TECR200;TIGGLYtm,2,1,21,24
TECR201;ARTFR32,2,0,21,25
TECR201;ARTFR42,3,0,20,25
TECR201;ARTFR52,3,0,20,25
TECR201;RTOT3,2,0,21,25
TECR201;RTOT5,3,0,20,25
TECR201;TECR220,3,0,20,25
TECR201;TECR224,0,1,23,24
TECR201;TECR240,3,0,20,25
TECR201;TECR260,3,0,20,25
TECR220;ARTFR45,3,0,20,25
TECR220;ARTPLM1,0,1,23,24
TECR220;RTOT4,3,0,20,25
TECR220;TECR221,3,0,20,25
TECR220;TECR241,3,0,20,25
TECR220;TIGGLYc,2,1,21,24
TECR220;TIGGLYte,2,1,21,24
TECR220;TIGGLYtm,2,1,21,24
TECR221;ARTFR32,2,0,21,25
TECR221;ARTFR42,3,0,20,25
TECR221;ARTFR52,3,0,20,25
TECR221;RTOT3,2,0,21,25
TECR221;RTOT5,3,0,20,25
TECR221;TECR224,0,1,23,24
TECR221;TECR240,3,0,20,25
TECR221;TECR260,3,0,20,25
TECR224;TECR241,0,1,23,24
TECR224;TPI,0,1,23,24
TECR240;ARTFR45,3,0,20,25
TECR240;ARTPLM1,0,1,23,24
TECR240;RTOT4,3,0,20,25
TECR240;TECR241,3,0,20,25
TECR240;TIGGLYc,2,1,21,24
TECR240;TIGGLYte,2,1,21,24
TECR240;TIGGLYtm,2,1,21,24
TECR241;ARTFR32,2,0,21,25
TECR241;ARTFR42,3,0,20,25
TECR241;ARTFR52,3,0,20,25
TECR241;RTOT3,2,0,21,25
TECR241;RTOT5,3,0,20,25
TECR241;TECR260,3,0,20,25
TECR260;ARTFR45,3,0,20,25
TECR260;ARTPLM1,0,1,23,24
TECR260;RTOT4,3,0,20,25
TECR260;TIGGLYc,2,1,21,24
TECR260;TIGGLYte,2,1,21,24
TECR260;TIGGLYtm,2,1,21,24
THBPT4ACAMDASE;TPI,0,1,23,24
THFtm;TYRTAm,1,0,22,25
THFtm;TYRtl,1,0,22,25
THRA;ACITLn,0,1,23,24
THRA;ADPtn,0,1,23,24
THRA;ARTFR12,1,1,22,24
THRA;CITtn,0,1,23,24
THRA;OAAtn,0,1,23,24
THRA;THRGLYexR,0,1,23,24
THRA;TRDR,1,0,22,25
THRA;TYROX,1,0,22,25
THRA;TYRTA,1,0,22,25
THRA;TYRTAm,1,0,22,25
THRA;TYRtl,1,0,22,25
THRA;UAGDP,0,1,23,24
THRA;UDPGD,0,1,23,24
THRA;URPT,0,1,23,24
THRALANaEx;THRATB0tc,2,1,21,24
THRATB0tc;THRGLYexR,0,1,23,24
THRCYSNaEx;THRt4,1,0,22,25
THRGLYexR;THRt4,1,0,22,25
THRGLYexR;TYRDOPO,0,1,23,24
TIGGLYc;ARTFR52,2,1,21,24
TIGGLYc;ARTPLM1,0,1,23,24
TIGGLYc;RTOT5,2,1,21,24
TIGGLYc;VD3,0,1,23,24
TIGGLYte;ARTFR52,2,1,21,24
TIGGLYte;ARTPLM1,0,1,23,24
TIGGLYte;RTOT5,2,1,21,24
TIGGLYte;VD3,0,1,23,24
TIGGLYtm;ARTFR52,2,1,21,24
TIGGLYtm;ARTPLM1,0,1,23,24
TIGGLYtm;RTOT5,2,1,21,24
TIGGLYtm;VD3,0,1,23,24
TKT1;TPI,0,2,23,23
TKT1;TRDR,1,0,22,25
TKT1;UDPGD,0,1,23,24
TKT1;URPT,0,1,23,24
TKT2;TPI,0,2,23,23
TKT2;TRDR,1,0,22,25
TKT2;UDPGD,0,1,23,24
TKT2;URPT,0,1,23,24
TPI;R_group_phosphotase_1,0,1,23,24
TPI;TRIOK,0,1,23,24
TPI;UAG2EMAi,7,0,16,25
TPI;UAGDP,4,0,19,25
TPI;UDPG4E,5,0,18,25
TPI;UDPGALt2r,5,0,18,25
TPI;UDPGALtg,5,0,18,25
TPI;UDPGD,0,1,23,24
TPI;UDPGGPGTr,5,0,18,25
TPI;UDPGLCAter,0,1,23,24
TPI;UGCGc,5,0,18,25
TPI;UGLCNACtg,5,0,18,25
TPI;UGT1A10r,0,1,23,24
TPI;UMPtr,5,0,18,25
TPI;UPP3S,0,1,23,24
TPI;UPPDC1,0,1,23,24
TPI;XOL25OHOR,0,1,23,24
TRDOXtm;TRDR,1,0,22,25
TRDR;TRDRDtm,1,0,22,25
TRDR;TRDRm,1,0,22,25
TRPO2;UAGDP,0,1,23,24
TXA2tr;ARTFR12,1,0,22,25
TXA2tr;UAGDP,0,3,23,22
TXA2tr;UDPDOLPT,0,1,23,24
TXA2tr;UGLCNACtg,0,2,23,23
TXB2c;ARTFR12,1,0,22,25
TXB2c;UAGDP,0,3,23,22
TXB2c;UDPDOLPT,0,1,23,24
TXB2c;UGLCNACtg,0,2,23,23
TXB2r;ARTFR12,1,0,22,25
TXB2r;UAGDP,0,3,23,22
TXB2r;UDPDOLPT,0,1,23,24
TXB2r;UGLCNACtg,0,2,23,23
TXB2tr;ARTFR12,1,0,22,25
TXB2tr;UAGDP,0,3,23,22
TXB2tr;UDPDOLPT,0,1,23,24
TXB2tr;UGLCNACtg,0,2,23,23
TYROX;VALTA,1,0,22,25
TYROX;VALTAm,1,0,22,25
TYROX;VALt5m,1,0,22,25
TYRTA;VALTA,1,0,22,25
TYRTA;VALTAm,1,0,22,25
TYRTA;VALt5m,1,0,22,25
TYRTAm;UAGDP,0,1,23,24
TYRtl;UAGDP,0,1,23,24
UACGAMUMPtr;UDPDOLPT,0,1,23,24
UAG4E;UDPDOLPT,0,1,23,24
UAG4E;UDPG4E,0,1,23,24
UAG4E;UDPGALt2r,0,1,23,24
UAG4E;UDPGALtg,0,1,23,24
UAG4E;UDPGGPGTr,0,1,23,24
UAG4E;UGCGc,0,1,23,24
UAG4E;UGLCNACtg,1,1,22,24
UAG4E;UMPtr,0,1,23,24
UAGDP;ARTFR42,2,0,21,25
UAGDP;ARTPLM1,0,1,23,24
UAGDP;R_group_phosphotase_1,0,1,23,24
UDPDOLPT;R_group_phosphotase_1,0,1,23,24
UDPDOLPT;UDPG4E,1,1,22,24
UDPDOLPT;UDPGALt2r,1,1,22,24
UDPDOLPT;UDPGALtg,1,1,22,24
UDPDOLPT;UDPGD,0,1,23,24
UDPDOLPT;UDPGGPGTr,1,1,22,24
UDPDOLPT;UDPGLCAtg,0,1,23,24
UDPDOLPT;UDPGLDCg,0,1,23,24
UDPDOLPT;UGALNACter,0,1,23,24
UDPDOLPT;UGCGc,1,1,22,24
UDPDOLPT;UMPtr,1,1,22,24
UDPG4E;ARTFR42,2,0,21,25
UDPG4E;ARTPLM1,0,1,23,24
UDPG4E;R_group_phosphotase_1,0,1,23,24
UDPG4E;UDPGD,1,0,22,25
UDPG4E;UGALNACtg,0,1,23,24
UDPGALt2r;ARTFR42,2,0,21,25
UDPGALt2r;ARTPLM1,0,1,23,24
UDPGALt2r;R_group_phosphotase_1,0,1,23,24
UDPGALt2r;UGALNACtg,0,1,23,24
UDPGALtg;ARTFR42,2,0,21,25
UDPGALtg;ARTPLM1,0,1,23,24
UDPGALtg;R_group_phosphotase_1,0,1,23,24
UDPGALtg;UDPGD,1,0,22,25
UDPGALtg;UGALNACtg,0,1,23,24
UDPGD;UDPGALt2r,1,0,22,25
UDPGD;UDPGGPGTr,1,0,22,25
UDPGD;UGCGc,1,0,22,25
UDPGD;UGLCNACtg,1,1,22,24
UDPGD;UMPtr,1,0,22,25
UDPGGPGTr;ARTFR42,2,0,21,25
UDPGGPGTr;ARTPLM1,0,1,23,24
UDPGGPGTr;R_group_phosphotase_1,0,1,23,24
UDPGGPGTr;UGALNACtg,0,1,23,24
UGALNACtg;UGCGc,0,1,23,24
UGALNACtg;UGLCNACtg,1,1,22,24
UGALNACtg;UMPtr,0,1,23,24
UGCGc;ARTFR42,2,0,21,25
UGCGc;ARTPLM1,0,1,23,24
UGCGc;R_group_phosphotase_1,0,1,23,24
UGLCNACtg;ARTFR42,2,0,21,25
UGLCNACtg;ARTPLM1,0,1,23,24
UGLCNACtg;R_group_phosphotase_1,0,1,23,24
UMPK3;UMPK6,0,1,23,24
UMPK4;UMPK6,0,3,23,22
UMPK5;UMPK6,1,0,22,25
UMPtr;ARTFR42,2,0,21,25
UMPtr;ARTPLM1,0,1,23,24
UMPtr;R_group_phosphotase_1,0,1,23,24
VALLAT1tc;VALt4,0,4,23,21
q10h2tc;THFtm,1,0,22,25
q10h2tc;UAGDP,0,1,23,24
q10h2tc;q10tm,1,0,22,25
q10tm;THRA,1,0,22,25
