DoubleLethal,Counts in Normal,Counts in Cancer,Not SL in Normal,Not SL in Cancer
10FTHFtm;AACOAT_1,0,1,28,26
10FTHFtm;ACACT1rm,0,1,28,26
10FTHFtm;ACCOAL2,1,0,27,27
10FTHFtm;ACHtn,0,1,28,26
10FTHFtm;ACITLn,0,1,28,26
10FTHFtm;ACOAS,1,0,27,27
10FTHFtm;ADK1m,0,1,28,26
10FTHFtm;ADPtn,0,1,28,26
10FTHFtm;ALDD2y,1,0,27,27
10FTHFtm;ATPtn,0,1,28,26
10FTHFtm;CHATn,0,1,28,26
10FTHFtm;CHOLtn,0,1,28,26
10FTHFtm;CITtn,0,1,28,26
10FTHFtm;CO2t,0,1,28,26
10FTHFtm;CO2tm,1,0,27,27
10FTHFtm;COAtm,0,1,28,26
10FTHFtm;CSm,0,1,28,26
10FTHFtm;DHFRm,2,0,26,27
10FTHFtm;HCO3Ee,0,1,28,26
10FTHFtm;HCO3Em,1,0,27,27
10FTHFtm;HCO3tm,1,0,27,27
10FTHFtm;HMGCOAtm,0,1,28,26
10FTHFtm;HMGLm,0,1,28,26
10FTHFtm;ICITCITtm,0,1,28,26
10FTHFtm;ICITMALtm,0,1,28,26
10FTHFtm;MDHm,0,1,28,26
10FTHFtm;MTHFC,0,1,28,26
10FTHFtm;MTHFD2,0,1,28,26
10FTHFtm;NACDe,1,0,27,27
10FTHFtm;NACPRT,1,0,27,27
10FTHFtm;NCAMDe,1,0,27,27
10FTHFtm;NMNDA,1,0,27,27
10FTHFtm;NMNS,1,0,27,27
10FTHFtm;OAAtn,0,1,28,26
10FTHFtm;PItn,0,1,28,26
10FTHFtm;THFtm,0,1,28,26
10FTHFtm;THRA,1,0,27,27
12HPETATP;ALAt2r,1,0,27,27
25HVITD3t;ACONTa,1,0,27,27
25HVITD3t;ACONTb,1,0,27,27
25HVITD3t;ACONTbm,1,0,27,27
25HVITD3t;AKGACONtm,1,0,27,27
25HVITD3t;AKGICITtm,1,0,27,27
25HVITD3t;GLUPROASCT1,1,0,27,27
25HVITD3t;H2Oter,1,0,27,27
25HVITD3t;ICDHyrm,1,0,27,27
25HVITD3t;OXALSUCCCLm,1,0,27,27
25HVITD3t;PROGLUtm,1,0,27,27
25HVITD3t;PROtm,1,0,27,27
25HVITD3tm;ACONTa,1,0,27,27
25HVITD3tm;ACONTb,1,0,27,27
25HVITD3tm;ACONTbm,1,0,27,27
25HVITD3tm;AKGACONtm,1,0,27,27
25HVITD3tm;AKGICITtm,1,0,27,27
25HVITD3tm;GLUPROASCT1,1,0,27,27
25HVITD3tm;H2Oter,1,0,27,27
25HVITD3tm;ICDHyrm,1,0,27,27
25HVITD3tm;OXALSUCCCLm,1,0,27,27
25HVITD3tm;PROGLUtm,1,0,27,27
25HVITD3tm;PROtm,1,0,27,27
2AMACHYD;AACOAT_1,0,1,28,26
2AMACHYD;ACACT1rm,0,1,28,26
2AMACHYD;ACACt2m,0,1,28,26
2AMACHYD;ACHtn,0,1,28,26
2AMACHYD;ACITLn,0,1,28,26
2AMACHYD;ADK1m,0,1,28,26
2AMACHYD;ADPtn,0,1,28,26
2AMACHYD;AHCYStn,0,1,28,26
2AMACHYD;AMETtn,0,1,28,26
2AMACHYD;ASPDH,0,1,28,26
2AMACHYD;ASPTA,0,2,28,25
2AMACHYD;ATPtn,0,1,28,26
2AMACHYD;CHATn,0,1,28,26
2AMACHYD;CHOLtn,0,1,28,26
2AMACHYD;CITRt2m,0,1,28,26
2AMACHYD;CITRtm,0,1,28,26
2AMACHYD;CITtn,0,1,28,26
2AMACHYD;CO2t,0,1,28,26
2AMACHYD;CO2tm,0,1,28,26
2AMACHYD;CSm,0,1,28,26
2AMACHYD;DHFR,0,1,28,26
2AMACHYD;DHFR3m,0,1,28,26
2AMACHYD;DHFR3x,0,1,28,26
2AMACHYD;DHFRm,0,1,28,26
2AMACHYD;DRPA,0,1,28,26
2AMACHYD;FOLtm,0,1,28,26
2AMACHYD;GLYt7_311_r,0,1,28,26
2AMACHYD;GTPGDPtm,0,1,28,26
2AMACHYD;H2O2t,0,2,28,25
2AMACHYD;H2Oter,0,1,28,26
2AMACHYD;H3K4MET_1,0,1,28,26
2AMACHYD;H3K4MET_2,0,1,28,26
2AMACHYD;H3K4MET_3,0,1,28,26
2AMACHYD;H3K4_synthesis,0,1,28,26
2AMACHYD;HCO3E,0,1,28,26
2AMACHYD;HCO3Ee,0,1,28,26
2AMACHYD;HMGL,0,1,28,26
2AMACHYD;HMGLm,0,1,28,26
2AMACHYD;ICITCITtm,0,1,28,26
2AMACHYD;ICITMALtm,0,1,28,26
2AMACHYD;LYStn,0,1,28,26
2AMACHYD;MDHm,0,1,28,26
2AMACHYD;MI1PP,0,2,28,25
2AMACHYD;NADH2_u10m,0,1,28,26
2AMACHYD;O2t,0,2,28,25
2AMACHYD;OAAtn,0,1,28,26
2AMACHYD;OCOAT1m,0,1,28,26
2AMACHYD;PIPLC,0,2,28,25
2AMACHYD;PItn,0,1,28,26
2AMACHYD;PPM2,0,1,28,26
2AMACHYD;RDH1,0,1,28,26
2AMACHYD;RDH1a,0,1,28,26
2AMACHYD;SUCOAS1m,0,1,28,26
2AMACHYD;THFtm,0,1,28,26
2AMACHYD;peplys_synthesis,0,1,28,26
2AMACSULT;AHCYStn,1,0,27,27
2AMACSULT;ALCD1,1,0,27,27
2AMACSULT;AMETtn,1,0,27,27
2AMACSULT;GLYt7_311_r,0,1,28,26
2AMACSULT;H2O2t,2,1,26,26
2AMACSULT;H3K4MET_1,1,0,27,27
2AMACSULT;H3K4MET_2,1,0,27,27
2AMACSULT;H3K4MET_3,1,0,27,27
2AMACSULT;H3K4_synthesis,1,0,27,27
2AMACSULT;HMGL,1,0,27,27
2AMACSULT;LDH_L,0,1,28,26
2AMACSULT;LYStn,1,0,27,27
2AMACSULT;OCOAT1m,1,0,27,27
2AMACSULT;SUCOAS1m,1,0,27,27
2AMACSULT;peplys_synthesis,1,0,27,27
2AOBUTtm;3M4HPGORx,0,1,28,26
2AOBUTtm;3M4HPGORy,0,1,28,26
2AOBUTtm;ACCOAL2,1,0,27,27
2AOBUTtm;ACOAS,1,0,27,27
2AOBUTtm;ACOD,0,1,28,26
2AOBUTtm;ACONTb,0,1,28,26
2AOBUTtm;ALAt2r,1,0,27,27
2AOBUTtm;CITMCOAHm,0,1,28,26
2AOBUTtm;CITMCOALm,0,1,28,26
2AOBUTtm;GTPGDPtm,1,0,27,27
2AOBUTtm;ICDHyrm,0,1,28,26
2AOBUTtm;ICITMALtm,0,1,28,26
2AOBUTtm;ITCOALm,0,1,28,26
2AOBUTtm;NDPK1,1,0,27,27
2AOBUTtm;NMNS,1,0,27,27
2AOBUTtm;OXALSUCCCLm,0,1,28,26
2AOBUTtm;PYRtm,0,1,28,26
2AOBUTtm;SUCOAS1m,1,0,27,27
2HYOXPLCte;LDH_L,0,1,28,26
2HYOXPLCte;PROGLUtm,0,1,28,26
2HYOXPLCte;PROtm,0,1,28,26
2HYOXPLCte;PYRt4_2,1,0,27,27
2OBUTt2m;HCO3E,0,1,28,26
2OBUTtm;HCO3E,0,1,28,26
34DHMORx;AKGDa1,1,0,27,27
34DHMORx;AKGDa2,1,0,27,27
34DHMORx;AKGDb,1,0,27,27
34DHMORx;AKGSUCCtm,1,0,27,27
34DHMORx;DHFR,1,0,27,27
34DHMORx;DHFRx,1,0,27,27
34DHMORx;DHFtm,1,0,27,27
34DHMORx;PIt2m_2,1,0,27,27
34DHMORx;PROSTGE2t,1,0,27,27
34DHMORx;PROSTGE2t2,1,0,27,27
34DHMORx;THFtm,1,0,27,27
34DHMORy;AKGDa1,1,0,27,27
34DHMORy;AKGDa2,1,0,27,27
34DHMORy;AKGDb,1,0,27,27
34DHMORy;AKGSUCCtm,1,0,27,27
34DHMORy;DHFR,1,0,27,27
34DHMORy;DHFRx,1,0,27,27
34DHMORy;DHFtm,1,0,27,27
34DHMORy;PIt2m_2,1,0,27,27
34DHMORy;PROSTGE2t,1,0,27,27
34DHMORy;PROSTGE2t2,1,0,27,27
34DHMORy;THFtm,1,0,27,27
34DHOXMANDte;LDH_L,0,1,28,26
34DHOXPEGOX;FUM,0,1,28,26
34DHOXPEGOX;H2O2syn,1,0,27,27
34DHOXPEGOX;IMAGH,1,0,27,27
34DHOXPEGOX;MAL_Lte,0,1,28,26
34DHOXPEGOX;TXA2tr,0,1,28,26
34DHOXPEGOX;TXB2c,0,1,28,26
34DHOXPEGOX;TXB2r,0,1,28,26
34DHOXPEGOX;TXB2tr,0,1,28,26
34DHOXPEGt;FUM,0,1,28,26
34DHOXPEGt;H2O2syn,1,0,27,27
34DHOXPEGt;IMAGH,1,0,27,27
34DHOXPEGt;MAL_Lte,0,1,28,26
34DHOXPEGt;TXA2tr,0,1,28,26
34DHOXPEGt;TXB2c,0,1,28,26
34DHOXPEGt;TXB2r,0,1,28,26
34DHOXPEGt;TXB2tr,0,1,28,26
34DHPHAMT;AHCYStn,1,1,27,26
34DHPHAMT;AKGtn,1,0,27,27
34DHPHAMT;ALCD1,1,0,27,27
34DHPHAMT;AMETtn,1,1,27,26
34DHPHAMT;CO2tn,1,0,27,27
34DHPHAMT;FALDtn,1,0,27,27
34DHPHAMT;GLYSNAT5tc,1,0,27,27
34DHPHAMT;H3K4MET_1,0,1,28,26
34DHPHAMT;H3K4MET_2,0,1,28,26
34DHPHAMT;H3K4MET_3,0,1,28,26
34DHPHAMT;H3K4_synthesis,0,1,28,26
34DHPHAMT;LYStn,0,1,28,26
34DHPHAMT;MEOHt2,1,0,27,27
34DHPHAMT;O2tn,1,0,27,27
34DHPHAMT;THRA,2,0,26,27
34DHPHAMT;peplys_synthesis,0,1,28,26
34DHPLACOX;AHCYStn,1,0,27,27
34DHPLACOX;AKGtn,1,0,27,27
34DHPLACOX;ALCD1,1,0,27,27
34DHPLACOX;AMETtn,1,0,27,27
34DHPLACOX;CO2tn,1,0,27,27
34DHPLACOX;FALDtn,1,0,27,27
34DHPLACOX;MEOHt2,1,0,27,27
34DHPLACOX;O2tn,1,0,27,27
34DHPLACOX;THRA,1,0,27,27
34DHPLACOXy;AHCYStn,0,1,28,26
34DHPLACOXy;AMETtn,0,1,28,26
34DHPLACOXy;GLYSNAT5tc,1,0,27,27
34DHPLACOXy;H3K4MET_1,0,1,28,26
34DHPLACOXy;H3K4MET_2,0,1,28,26
34DHPLACOXy;H3K4MET_3,0,1,28,26
34DHPLACOXy;H3K4_synthesis,0,1,28,26
34DHPLACOXy;LYStn,0,1,28,26
34DHPLACOXy;THRA,1,0,27,27
34DHPLACOXy;peplys_synthesis,0,1,28,26
34DHXMANDACOX;LDH_L,0,1,28,26
34HPPte;RNAdeg,0,1,28,26
3DPHBH1;3DPHBH2,1,0,27,27
3HAD203n6p;H2Oter,0,1,28,26
3HAD203n6p;Htr,0,1,28,26
3HAD241n9p;ALAt2r,1,0,27,27
3HAD241n9p;DHFR,0,1,28,26
3HAD241n9p;DHFR3m,0,1,28,26
3HAD241n9p;DHFR3x,0,1,28,26
3HAD241n9p;DHFRm,0,1,28,26
3HAD241n9p;FOLtm,0,1,28,26
3HAD241n9p;GLXtm,0,1,28,26
3HAD241n9p;GLXtp,0,1,28,26
3HAD241n9p;GLYCLTDym,0,1,28,26
3HAD241n9p;GLYCLTtm,0,1,28,26
3HAD241n9p;GLYCLTtp,0,1,28,26
3HAD241n9p;GLYCTO1p,0,1,28,26
3HAD241n9p;RTOT4,0,1,28,26
3HAD241n9p;THFtm,0,1,28,26
3HDH203n6p;H2Oter,0,1,28,26
3HDH203n6p;Htr,0,1,28,26
3HDH224n6p;DHFR,0,1,28,26
3HDH224n6p;DHFR3m,0,1,28,26
3HDH224n6p;DHFR3x,0,1,28,26
3HDH224n6p;DHFRm,0,1,28,26
3HDH224n6p;FOLtm,0,1,28,26
3HDH224n6p;GLXtm,0,1,28,26
3HDH224n6p;GLXtp,0,1,28,26
3HDH224n6p;GLYCLTDym,0,1,28,26
3HDH224n6p;GLYCLTtm,0,1,28,26
3HDH224n6p;GLYCLTtp,0,1,28,26
3HDH224n6p;GLYCTO1p,0,1,28,26
3HDH224n6p;RTOT4,0,1,28,26
3HDH224n6p;THFtm,0,1,28,26
3HDH241n9p;ALAt2r,1,0,27,27
3HGLUTCOAm;HCO3Em,1,0,27,27
3HGLUTCOAm;HCO3tm,1,0,27,27
3HLYTCL;3MLDAt,2,0,26,27
3HLYTCL;AHCYStn,3,2,25,25
3HLYTCL;AKGtn,2,1,26,26
3HLYTCL;ALCD1,2,1,26,26
3HLYTCL;AMETtn,3,2,25,25
3HLYTCL;ASCBt5,1,0,27,27
3HLYTCL;CO2tn,2,1,26,26
3HLYTCL;DPCOAK,2,0,26,27
3HLYTCL;FALDtn,2,1,26,26
3HLYTCL;FUM,0,1,28,26
3HLYTCL;GLYSNAT5tc,1,0,27,27
3HLYTCL;GLYt7_311_r,1,0,27,27
3HLYTCL;H2O2syn,1,0,27,27
3HLYTCL;H2O2t,1,0,27,27
3HLYTCL;H3K4DMET_1,0,1,28,26
3HLYTCL;H3K4MET_1,1,2,27,25
3HLYTCL;H3K4MET_2,1,1,27,26
3HLYTCL;H3K4MET_3,1,1,27,26
3HLYTCL;H3K4_synthesis,1,1,27,26
3HLYTCL;H3K9DMET_1,1,0,27,27
3HLYTCL;H3K9MET_1,1,0,27,27
3HLYTCL;HISDC,2,0,26,27
3HLYTCL;IMAGH,1,0,27,27
3HLYTCL;LDH_L,0,1,28,26
3HLYTCL;LYStn,1,1,27,26
3HLYTCL;MACOXO,2,0,26,27
3HLYTCL;MAL_Lte,0,1,28,26
3HLYTCL;MEOHt2,2,1,26,26
3HLYTCL;MHISOR,2,0,26,27
3HLYTCL;NMNS,2,0,26,27
3HLYTCL;O2tn,2,1,26,26
3HLYTCL;PNTK,2,0,26,27
3HLYTCL;PNTOte,2,0,26,27
3HLYTCL;PPCDC,2,0,26,27
3HLYTCL;PPNCL2,2,0,26,27
3HLYTCL;PTPAT,2,0,26,27
3HLYTCL;SAMHISTA,2,0,26,27
3HLYTCL;THRA,3,0,25,27
3HLYTCL;TXA2tr,0,1,28,26
3HLYTCL;TXB2c,0,1,28,26
3HLYTCL;TXB2r,0,1,28,26
3HLYTCL;TXB2tr,0,1,28,26
3HLYTCL;peplys_synthesis,1,1,27,26
3HPCOAHYDm;APAT2rm,1,0,27,27
3HPCOAHYDm;ASP1DC,1,0,27,27
3HPCOAHYDm;BALAtmr,1,0,27,27
3HPCOAHYDm;COAtm,1,0,27,27
3HPCOAHYDm;GLUPROASCT1,1,0,27,27
3HPPDm;APAT2rm,1,0,27,27
3HPPDm;ASP1DC,1,0,27,27
3HPPDm;BALAtmr,1,0,27,27
3HPPDm;COAtm,1,0,27,27
3HPPDm;GLUPROASCT1,1,0,27,27
3M4HDXPAC;AHCYStn,1,0,27,27
3M4HDXPAC;AMETtn,1,0,27,27
3M4HDXPAC;H3K4MET_1,1,0,27,27
3M4HDXPAC;H3K4MET_2,1,0,27,27
3M4HDXPAC;H3K4MET_3,1,0,27,27
3M4HDXPAC;H3K4_synthesis,1,0,27,27
3M4HDXPAC;LYStn,1,0,27,27
3M4HDXPAC;peplys_synthesis,1,0,27,27
3M4HPGORx;4HPROLTASCT1,1,0,27,27
3M4HPGORx;4HPRO_LTte,1,0,27,27
3M4HPGORx;5AOPtm,1,0,27,27
3M4HPGORx;ACACT1r,1,0,27,27
3M4HPGORx;ACCOAL2,1,0,27,27
3M4HPGORx;ACGAM6PSi,1,0,27,27
3M4HPGORx;ACGAMPM,1,0,27,27
3M4HPGORx;ACOAS,1,0,27,27
3M4HPGORx;ACONTa,1,0,27,27
3M4HPGORx;ACONTam,1,0,27,27
3M4HPGORx;ACONTbm,1,0,27,27
3M4HPGORx;ACRNtm,1,0,27,27
3M4HPGORx;AKGACONtm,1,0,27,27
3M4HPGORx;AKGCITtm,1,0,27,27
3M4HPGORx;AKGSUCCtm,1,0,27,27
3M4HPGORx;ALASm,1,0,27,27
3M4HPGORx;ALDD2y,1,0,27,27
3M4HPGORx;ARTFR52,2,0,26,27
3M4HPGORx;ASPPROASCT1,1,0,27,27
3M4HPGORx;ASPt6,0,1,28,26
3M4HPGORx;BILIRED2,1,0,27,27
3M4HPGORx;BILIRUBtr,1,0,27,27
3M4HPGORx;CITRt2m,1,0,27,27
3M4HPGORx;CITRtm,1,0,27,27
3M4HPGORx;CLHCOtex,1,0,27,27
3M4HPGORx;COt,1,0,27,27
3M4HPGORx;CPPPGO,1,0,27,27
3M4HPGORx;CRNtim,1,0,27,27
3M4HPGORx;CSNATm,1,0,27,27
3M4HPGORx;CSNATr,1,0,27,27
3M4HPGORx;DHFR,3,0,25,27
3M4HPGORx;DHFRx,2,0,26,27
3M4HPGORx;DHFtm,2,0,26,27
3M4HPGORx;FAE200,2,0,26,27
3M4HPGORx;FAE220,2,0,26,27
3M4HPGORx;FAE240,2,0,26,27
3M4HPGORx;FAE260,2,0,26,27
3M4HPGORx;FCLTm,1,0,27,27
3M4HPGORx;FE2tm,1,0,27,27
3M4HPGORx;GALU,1,0,27,27
3M4HPGORx;GF6PTA,1,0,27,27
3M4HPGORx;GLYATm,0,1,28,26
3M4HPGORx;GLYtm,0,1,28,26
3M4HPGORx;GTPGDPtm,1,0,27,27
3M4HPGORx;H2Oter,0,1,28,26
3M4HPGORx;H2Otg,1,0,27,27
3M4HPGORx;HACD200,2,0,26,27
3M4HPGORx;HACD220,2,0,26,27
3M4HPGORx;HACD240,2,0,26,27
3M4HPGORx;HACD260,2,0,26,27
3M4HPGORx;HCO3Ee,1,0,27,27
3M4HPGORx;HCO3Em,0,1,28,26
3M4HPGORx;HCO3tm,0,1,28,26
3M4HPGORx;HEXCCOAtr,2,0,26,27
3M4HPGORx;HMBS,1,0,27,27
3M4HPGORx;HMGCOASi,1,0,27,27
3M4HPGORx;HOXG,1,0,27,27
3M4HPGORx;HSD200,2,0,26,27
3M4HPGORx;HSD220,2,0,26,27
3M4HPGORx;HSD240,2,0,26,27
3M4HPGORx;HSD260,2,0,26,27
3M4HPGORx;Htg,1,0,27,27
3M4HPGORx;Htr,0,1,28,26
3M4HPGORx;ICDHyrm,1,0,27,27
3M4HPGORx;MAL_Lte,1,0,27,27
3M4HPGORx;NCKt,0,1,28,26
3M4HPGORx;NCNt,0,1,28,26
3M4HPGORx;NDP7g,1,0,27,27
3M4HPGORx;NDPK1,1,0,27,27
3M4HPGORx;NTD7,1,0,27,27
3M4HPGORx;OXALSUCCCLm,1,0,27,27
3M4HPGORx;PGMT,1,0,27,27
3M4HPGORx;PHEMEtm,1,0,27,27
3M4HPGORx;PIMALtm,1,0,27,27
3M4HPGORx;PItg,1,0,27,27
3M4HPGORx;PPBNGS,1,0,27,27
3M4HPGORx;PPPG9tm,1,0,27,27
3M4HPGORx;PPPGOm,1,0,27,27
3M4HPGORx;PROAKGOX1m,1,0,27,27
3M4HPGORx;PROGLUtm,1,0,27,27
3M4HPGORx;PROtm,3,0,25,27
3M4HPGORx;RTOT5,2,0,26,27
3M4HPGORx;SO4AKGtm,1,0,27,27
3M4HPGORx;SO4MALtm,1,0,27,27
3M4HPGORx;SUCOAS1m,1,0,27,27
3M4HPGORx;TECR200,2,0,26,27
3M4HPGORx;TECR220,2,0,26,27
3M4HPGORx;TECR240,2,0,26,27
3M4HPGORx;TECR260,2,0,26,27
3M4HPGORx;THFtm,2,0,26,27
3M4HPGORx;THR3Dx,0,1,28,26
3M4HPGORx;THRA,1,0,27,27
3M4HPGORx;UAGDP,1,0,27,27
3M4HPGORx;UDPGD,1,0,27,27
3M4HPGORx;UDPGLCAter,1,0,27,27
3M4HPGORx;UGLCNACtg,1,0,27,27
3M4HPGORx;UPP3S,1,0,27,27
3M4HPGORx;UPPDC1,1,0,27,27
3M4HPGORy;4HPROLTASCT1,1,0,27,27
3M4HPGORy;4HPRO_LTte,1,0,27,27
3M4HPGORy;5AOPtm,1,0,27,27
3M4HPGORy;ACACT1r,1,0,27,27
3M4HPGORy;ACCOAL2,1,0,27,27
3M4HPGORy;ACGAM6PSi,1,0,27,27
3M4HPGORy;ACGAMPM,1,0,27,27
3M4HPGORy;ACOAS,1,0,27,27
3M4HPGORy;ACONTa,1,0,27,27
3M4HPGORy;ACONTam,1,0,27,27
3M4HPGORy;ACONTbm,1,0,27,27
3M4HPGORy;ACRNtm,1,0,27,27
3M4HPGORy;AKGACONtm,1,0,27,27
3M4HPGORy;AKGCITtm,1,0,27,27
3M4HPGORy;AKGSUCCtm,1,0,27,27
3M4HPGORy;ALASm,1,0,27,27
3M4HPGORy;ALDD2y,1,0,27,27
3M4HPGORy;ARTFR52,2,0,26,27
3M4HPGORy;ASPPROASCT1,1,0,27,27
3M4HPGORy;ASPt6,0,1,28,26
3M4HPGORy;BILIRED2,1,0,27,27
3M4HPGORy;BILIRUBtr,1,0,27,27
3M4HPGORy;CITRt2m,1,0,27,27
3M4HPGORy;CITRtm,1,0,27,27
3M4HPGORy;CLHCOtex,1,0,27,27
3M4HPGORy;COt,1,0,27,27
3M4HPGORy;CPPPGO,1,0,27,27
3M4HPGORy;CRNtim,1,0,27,27
3M4HPGORy;CSNATm,1,0,27,27
3M4HPGORy;CSNATr,1,0,27,27
3M4HPGORy;DHFR,3,0,25,27
3M4HPGORy;DHFRx,2,0,26,27
3M4HPGORy;DHFtm,2,0,26,27
3M4HPGORy;FAE200,2,0,26,27
3M4HPGORy;FAE220,2,0,26,27
3M4HPGORy;FAE240,2,0,26,27
3M4HPGORy;FAE260,2,0,26,27
3M4HPGORy;FCLTm,1,0,27,27
3M4HPGORy;FE2tm,1,0,27,27
3M4HPGORy;GALU,1,0,27,27
3M4HPGORy;GF6PTA,1,0,27,27
3M4HPGORy;GLYATm,0,1,28,26
3M4HPGORy;GLYtm,0,1,28,26
3M4HPGORy;GTPGDPtm,1,0,27,27
3M4HPGORy;H2Oter,0,1,28,26
3M4HPGORy;H2Otg,1,0,27,27
3M4HPGORy;HACD200,2,0,26,27
3M4HPGORy;HACD220,2,0,26,27
3M4HPGORy;HACD240,2,0,26,27
3M4HPGORy;HACD260,2,0,26,27
3M4HPGORy;HCO3Ee,1,0,27,27
3M4HPGORy;HCO3Em,0,1,28,26
3M4HPGORy;HCO3tm,0,1,28,26
3M4HPGORy;HEXCCOAtr,2,0,26,27
3M4HPGORy;HMBS,1,0,27,27
3M4HPGORy;HMGCOASi,1,0,27,27
3M4HPGORy;HOXG,1,0,27,27
3M4HPGORy;HSD200,2,0,26,27
3M4HPGORy;HSD220,2,0,26,27
3M4HPGORy;HSD240,2,0,26,27
3M4HPGORy;HSD260,2,0,26,27
3M4HPGORy;Htg,1,0,27,27
3M4HPGORy;Htr,0,1,28,26
3M4HPGORy;ICDHyrm,1,0,27,27
3M4HPGORy;MAL_Lte,1,0,27,27
3M4HPGORy;NCKt,0,1,28,26
3M4HPGORy;NCNt,0,1,28,26
3M4HPGORy;NDP7g,1,0,27,27
3M4HPGORy;NDPK1,1,0,27,27
3M4HPGORy;NTD7,1,0,27,27
3M4HPGORy;OXALSUCCCLm,1,0,27,27
3M4HPGORy;PGMT,1,0,27,27
3M4HPGORy;PHEMEtm,1,0,27,27
3M4HPGORy;PIMALtm,1,0,27,27
3M4HPGORy;PItg,1,0,27,27
3M4HPGORy;PPBNGS,1,0,27,27
3M4HPGORy;PPPG9tm,1,0,27,27
3M4HPGORy;PPPGOm,1,0,27,27
3M4HPGORy;PROAKGOX1m,1,0,27,27
3M4HPGORy;PROGLUtm,1,0,27,27
3M4HPGORy;PROtm,3,0,25,27
3M4HPGORy;RTOT5,2,0,26,27
3M4HPGORy;SO4AKGtm,1,0,27,27
3M4HPGORy;SO4MALtm,1,0,27,27
3M4HPGORy;SUCOAS1m,1,0,27,27
3M4HPGORy;TECR200,2,0,26,27
3M4HPGORy;TECR220,2,0,26,27
3M4HPGORy;TECR240,2,0,26,27
3M4HPGORy;TECR260,2,0,26,27
3M4HPGORy;THFtm,2,0,26,27
3M4HPGORy;THR3Dx,0,1,28,26
3M4HPGORy;THRA,1,0,27,27
3M4HPGORy;UAGDP,1,0,27,27
3M4HPGORy;UDPGD,1,0,27,27
3M4HPGORy;UDPGLCAter,1,0,27,27
3M4HPGORy;UGLCNACtg,1,0,27,27
3M4HPGORy;UPP3S,1,0,27,27
3M4HPGORy;UPPDC1,1,0,27,27
3MHISc;AHCYStn,2,0,26,27
3MHISc;AMETtn,2,0,26,27
3MHISc;ARGtn,1,0,27,27
3MHISc;H3R26MET_1,1,0,27,27
3MHISc;H3R26MET_2,1,0,27,27
3MHISc;H3R26MET_3,1,0,27,27
3MHISc;H3R26_synthesis,1,0,27,27
3MHISc;peparg_synthesis,1,0,27,27
3MHISt1;3MHISt3,0,1,28,26
3MHISt1;AHCYStn,1,0,27,27
3MHISt1;AMETtn,1,0,27,27
3MHISt1;PHEt4,1,3,27,24
3MHISt2;LEUt4,7,9,21,18
3MHISt2;PHEt4,1,1,27,26
3MHISt3;LEUt4,1,1,27,26
3MHISt3;PHEt4,8,14,20,13
3MLDAt;DHPR,1,0,27,27
3MLDAt;DHPRy,1,0,27,27
3MLDAt;THBPT4ACAMDASE,2,0,26,27
3MLDAt;TYR3MO2,2,0,26,27
3MOPt2im;4MPTNLte,1,0,27,27
3MOPt2im;4MPTNLtm,1,0,27,27
3MOPt2im;ACACt2m,0,1,28,26
3MOPt2im;ATPtm,0,1,28,26
3MOPt2im;CO2tm,1,0,27,27
3MOPt2im;DHFRm,0,1,28,26
3MOPt2im;DHFtm,0,1,28,26
3MOPt2im;GTPGDPtm,0,1,28,26
3MOPt2im;H2Oter,1,0,27,27
3MOPt2im;HCO3E,1,0,27,27
3MOPt2im;HMGL,0,1,28,26
3MOPt2im;Htr,1,0,27,27
3MOPt2im;METOX,0,1,28,26
3MOPt2im;NH4tm,1,0,27,27
3MOPt2im;OCOAT1m,0,1,28,26
3MOPt2im;P45011A1m,1,0,27,27
3MOPt2im;PIt2m_2,0,1,28,26
3MOPt2im;PRGNLONEtm,1,0,27,27
3MOPt2im;PRGNLONEtr,1,0,27,27
3MOPt2im;PYRAKGte,0,1,28,26
3MOPt2im;SUCOAS1m,0,1,28,26
3MOPt2im;UNK3,0,1,28,26
3MOX4HOXMte;H2O2t,1,0,27,27
3MOXTYROX;AHCYStn,1,0,27,27
3MOXTYROX;AMETtn,1,0,27,27
3MOXTYROX;H3K4MET_1,1,0,27,27
3MOXTYROX;H3K4MET_2,1,0,27,27
3MOXTYROX;H3K4MET_3,1,0,27,27
3MOXTYROX;H3K4_synthesis,1,0,27,27
3MOXTYROX;LYStn,1,0,27,27
3MOXTYROX;peplys_synthesis,1,0,27,27
3MTPte;ACACLACte,0,1,28,26
3MTPte;ACACPYRte,0,1,28,26
3MTPte;ACGAM6PSi,0,1,28,26
3MTPte;ACGAMPM,0,1,28,26
3MTPte;CLFORtex2,0,1,28,26
3MTPte;GALU,0,1,28,26
3MTPte;GF6PTA,0,1,28,26
3MTPte;H2Otg,0,1,28,26
3MTPte;Htg,0,1,28,26
3MTPte;LDH_L,0,2,28,25
3MTPte;L_LACt2r,0,2,28,25
3MTPte;METOX,0,1,28,26
3MTPte;NDP7g,0,1,28,26
3MTPte;PGMT,0,1,28,26
3MTPte;PItg,0,1,28,26
3MTPte;PYRAKGte,0,1,28,26
3MTPte;PYRFORte,0,1,28,26
3MTPte;PYRt2m,0,1,28,26
3MTPte;PYRt4_2,0,1,28,26
3MTPte;UAGDP,0,1,28,26
3MTPte;UGLCNACtg,0,1,28,26
3MTPte;UNK3,0,1,28,26
3OHGLUTACOAT3t;AKGLACte,1,0,27,27
3OHGLUTACOAT3t;GLYSNAT5tc,1,0,27,27
3OHGLUTACOAT3t;HCO3Em,1,0,27,27
3OHGLUTACOAT3t;HCO3tm,1,0,27,27
3OHGLUTACOAT3t;L_LACt2r,0,1,28,26
3OHGLUTACOAT3t;L_LACt4r_2,1,0,27,27
3OHGLUTACOAT3t;THRA,1,0,27,27
3OHGLUTACm;HCO3Em,1,0,27,27
3OHGLUTACm;HCO3tm,1,0,27,27
3OHGLUTACte;AKGLACte,1,0,27,27
3OHGLUTACte;GLYSNAT5tc,1,0,27,27
3OHGLUTACte;L_LACt2r,0,1,28,26
3OHGLUTACte;L_LACt4r_2,1,0,27,27
3OHGLUTACte;THRA,1,0,27,27
3OHGLUTACtm;HCO3Em,1,0,27,27
3OHGLUTACtm;HCO3tm,1,0,27,27
3SALAASPm;CO2tm,1,0,27,27
3SALAASPm;FUMSUCCtm,0,1,28,26
3SALAASPm;HCO3E,1,0,27,27
3SALAASPm;IMAGH,1,0,27,27
3SALAASPm;NMNS,0,1,28,26
3SALATAi;ACONTa,0,1,28,26
3SALATAi;ACONTb,0,1,28,26
3SALATAi;ICITMALtm,0,1,28,26
3SALATAi;SO3AKGtm,0,1,28,26
3SALATAim;CO2tm,1,0,27,27
3SALATAim;FUMSUCCtm,0,1,28,26
3SALATAim;HCO3E,1,0,27,27
3SALATAim;IMAGH,1,0,27,27
3SALATAim;NMNS,0,1,28,26
3SPYRSP;ACONTa,0,1,28,26
3SPYRSP;ACONTb,0,1,28,26
3SPYRSP;ICITMALtm,0,1,28,26
3SPYRSP;SO3AKGtm,0,1,28,26
3SPYRSPm;CO2tm,1,0,27,27
3SPYRSPm;FUMSUCCtm,0,1,28,26
3SPYRSPm;HCO3E,1,0,27,27
3SPYRSPm;IMAGH,1,0,27,27
3SPYRSPm;NMNS,0,1,28,26
41R2A1H12BOOX;FUM,0,1,28,26
41R2A1H12BOOX;H2O2syn,1,0,27,27
41R2A1H12BOOX;IMAGH,1,0,27,27
41R2A1H12BOOX;LDH_L,0,1,28,26
41R2A1H12BOOX;MAL_Lte,0,1,28,26
41R2A1H12BOOX;NMNS,2,0,26,27
41R2A1H12BOOX;TXA2tr,0,1,28,26
41R2A1H12BOOX;TXB2c,0,1,28,26
41R2A1H12BOOX;TXB2r,0,1,28,26
41R2A1H12BOOX;TXB2tr,0,1,28,26
42A12BOOX;AHCYStn,1,1,27,26
42A12BOOX;AKGtn,1,0,27,27
42A12BOOX;ALCD1,1,0,27,27
42A12BOOX;AMETtn,1,1,27,26
42A12BOOX;CO2tn,1,0,27,27
42A12BOOX;FALDtn,1,0,27,27
42A12BOOX;GLYSNAT5tc,1,0,27,27
42A12BOOX;H3K4MET_1,0,1,28,26
42A12BOOX;H3K4MET_2,0,1,28,26
42A12BOOX;H3K4MET_3,0,1,28,26
42A12BOOX;H3K4_synthesis,0,1,28,26
42A12BOOX;LYStn,0,1,28,26
42A12BOOX;MEOHt2,1,0,27,27
42A12BOOX;O2tn,1,0,27,27
42A12BOOX;THRA,2,0,26,27
42A12BOOX;peplys_synthesis,0,1,28,26
4ABUTtm;ACHtn,1,0,27,27
4ABUTtm;ACITLn,1,0,27,27
4ABUTtm;ACONTa,1,0,27,27
4ABUTtm;ADPtn,1,0,27,27
4ABUTtm;ATPtn,1,0,27,27
4ABUTtm;CHATn,1,0,27,27
4ABUTtm;CHOLtn,1,0,27,27
4ABUTtm;CITRt2m,1,0,27,27
4ABUTtm;CITRtm,1,0,27,27
4ABUTtm;CITtn,1,0,27,27
4ABUTtm;ICDHyrm,1,0,27,27
4ABUTtm;OAAtn,1,0,27,27
4ABUTtm;OXALSUCCCLm,1,0,27,27
4ABUTtm;PEPCK,1,0,27,27
4ABUTtm;PItn,1,0,27,27
4HPROLTASCT1;ACACLACte,1,0,27,27
4HPROLTASCT1;ACACPYRte,1,0,27,27
4HPROLTASCT1;ACCOAL2,2,0,26,27
4HPROLTASCT1;ACGAM6PSi,1,0,27,27
4HPROLTASCT1;ACGAMPM,1,0,27,27
4HPROLTASCT1;ACOAS,2,0,26,27
4HPROLTASCT1;ACONTa,1,0,27,27
4HPROLTASCT1;ACONTam,1,0,27,27
4HPROLTASCT1;ADNK1,1,0,27,27
4HPROLTASCT1;ADPt4,1,0,27,27
4HPROLTASCT1;AHC,1,0,27,27
4HPROLTASCT1;AKGFORte,1,0,27,27
4HPROLTASCT1;AKGSUCCtm,0,1,28,26
4HPROLTASCT1;AKGtn,1,0,27,27
4HPROLTASCT1;ALAt2r,1,1,27,26
4HPROLTASCT1;ALCD1,1,0,27,27
4HPROLTASCT1;ALDD2y,1,0,27,27
4HPROLTASCT1;ARTFR41,0,1,28,26
4HPROLTASCT1;ARTFR45,1,0,27,27
4HPROLTASCT1;ASPt6,1,0,27,27
4HPROLTASCT1;ATPt4,1,0,27,27
4HPROLTASCT1;B3GNT310g,1,0,27,27
4HPROLTASCT1;B3GNT51g,1,0,27,27
4HPROLTASCT1;BETALDHxm,1,0,27,27
4HPROLTASCT1;BHMT,1,0,27,27
4HPROLTASCT1;C161CPT1,0,1,28,26
4HPROLTASCT1;CACT4r,0,1,28,26
4HPROLTASCT1;CDPDAGtm,1,0,27,27
4HPROLTASCT1;CDSm,1,0,27,27
4HPROLTASCT1;CERT2rt,1,0,27,27
4HPROLTASCT1;CHLtm,1,0,27,27
4HPROLTASCT1;CHOLD2m,1,0,27,27
4HPROLTASCT1;CITACONtm,1,0,27,27
4HPROLTASCT1;CO2tm,1,0,27,27
4HPROLTASCT1;CO2tn,1,0,27,27
4HPROLTASCT1;COAtr,0,1,28,26
4HPROLTASCT1;CTPtm,1,0,27,27
4HPROLTASCT1;DAGKm_hs,1,0,27,27
4HPROLTASCT1;DAG_Hstem,1,0,27,27
4HPROLTASCT1;DESAT16_1,0,1,28,26
4HPROLTASCT1;DESAT18_1,1,0,27,27
4HPROLTASCT1;DHFR,1,0,27,27
4HPROLTASCT1;DHFRm,1,0,27,27
4HPROLTASCT1;DHFtm,1,0,27,27
4HPROLTASCT1;DMGDHm,1,0,27,27
4HPROLTASCT1;DMGtm,1,0,27,27
4HPROLTASCT1;FAE201,1,0,27,27
4HPROLTASCT1;FAE221,1,0,27,27
4HPROLTASCT1;FAE241,1,0,27,27
4HPROLTASCT1;FALDtm,1,0,27,27
4HPROLTASCT1;FALDtn,1,0,27,27
4HPROLTASCT1;FALDtx,1,0,27,27
4HPROLTASCT1;FUM,1,0,27,27
4HPROLTASCT1;FUMMALtm,1,0,27,27
4HPROLTASCT1;FUMSUCCtm,0,1,28,26
4HPROLTASCT1;FUMm,1,1,27,26
4HPROLTASCT1;GALGLUSIDEtg,1,0,27,27
4HPROLTASCT1;GALGLUSIDEtr,1,0,27,27
4HPROLTASCT1;GDPFUCtg,1,0,27,27
4HPROLTASCT1;GDPtg,1,0,27,27
4HPROLTASCT1;GF6PTA,1,0,27,27
4HPROLTASCT1;GFUCSx,1,0,27,27
4HPROLTASCT1;GLYBtm,1,0,27,27
4HPROLTASCT1;GLYtp,1,0,27,27
4HPROLTASCT1;GMAND,1,0,27,27
4HPROLTASCT1;GMPtg,1,0,27,27
4HPROLTASCT1;H2O2t,1,0,27,27
4HPROLTASCT1;H2O2tp,1,0,27,27
4HPROLTASCT1;H2Oter,2,0,26,27
4HPROLTASCT1;H2Otg,1,0,27,27
4HPROLTASCT1;H2Otp,1,0,27,27
4HPROLTASCT1;H3K36DMET_3,1,0,27,27
4HPROLTASCT1;H3K36MET_3,1,0,27,27
4HPROLTASCT1;HACD201,1,0,27,27
4HPROLTASCT1;HACD221,1,0,27,27
4HPROLTASCT1;HACD241,1,0,27,27
4HPROLTASCT1;HCO3E,4,0,24,27
4HPROLTASCT1;HCO3Em,3,1,25,26
4HPROLTASCT1;HCO3tm,4,1,24,26
4HPROLTASCT1;HSD201,1,0,27,27
4HPROLTASCT1;HSD221,1,0,27,27
4HPROLTASCT1;HSD241,1,0,27,27
4HPROLTASCT1;Htg,1,0,27,27
4HPROLTASCT1;Htr,2,0,26,27
4HPROLTASCT1;IMAGH,1,0,27,27
4HPROLTASCT1;L_LACt4r,1,0,27,27
4HPROLTASCT1;MAN1PT2,1,0,27,27
4HPROLTASCT1;MAN6PI,1,0,27,27
4HPROLTASCT1;ME1m,0,1,28,26
4HPROLTASCT1;MEOHt2,1,0,27,27
4HPROLTASCT1;METAT,1,0,27,27
4HPROLTASCT1;NACDe,1,0,27,27
4HPROLTASCT1;NACPRT,1,0,27,27
4HPROLTASCT1;NCAMDe,1,0,27,27
4HPROLTASCT1;NCKt,1,0,27,27
4HPROLTASCT1;NDP7g,1,0,27,27
4HPROLTASCT1;NMNDA,1,0,27,27
4HPROLTASCT1;NMNS,1,0,27,27
4HPROLTASCT1;NRVNCCOAtr,1,0,27,27
4HPROLTASCT1;O2tn,1,0,27,27
4HPROLTASCT1;O2tp,1,0,27,27
4HPROLTASCT1;P5CRxm,0,1,28,26
4HPROLTASCT1;PIMALtm,1,0,27,27
4HPROLTASCT1;PIt2m_2,1,0,27,27
4HPROLTASCT1;PItg,1,0,27,27
4HPROLTASCT1;PLMCOAPTr,0,1,28,26
4HPROLTASCT1;PMANM,1,0,27,27
4HPROLTASCT1;PMTCOAFABP1tc,0,1,28,26
4HPROLTASCT1;PROD2m,0,1,28,26
4HPROLTASCT1;PROtm,0,1,28,26
4HPROLTASCT1;RTOT4,1,1,27,26
4HPROLTASCT1;SARCOXp,1,0,27,27
4HPROLTASCT1;SARCStm,1,0,27,27
4HPROLTASCT1;SARCStp,1,0,27,27
4HPROLTASCT1;SO3AKGtm,1,0,27,27
4HPROLTASCT1;SO3MALtm,1,0,27,27
4HPROLTASCT1;SUCOAS1m,1,0,27,27
4HPROLTASCT1;TECR201,1,0,27,27
4HPROLTASCT1;TECR221,1,0,27,27
4HPROLTASCT1;TECR241,1,0,27,27
4HPROLTASCT1;THFtm,1,0,27,27
4HPROLTASCT1;THRA,1,0,27,27
4HPROLTASCT1;UAGDP,1,0,27,27
4HPROLTASCT1;UDPG4E,1,0,27,27
4HPROLTASCT1;UDPGALt2r,1,0,27,27
4HPROLTASCT1;UDPGALtg,1,0,27,27
4HPROLTASCT1;UDPGGPGTr,1,0,27,27
4HPROLTASCT1;UGCGc,1,0,27,27
4HPROLTASCT1;UGLCNACtg,1,0,27,27
4HPROLTASCT1;UMPtr,1,0,27,27
4HPRO_LTte;ACACLACte,1,0,27,27
4HPRO_LTte;ACACPYRte,1,0,27,27
4HPRO_LTte;ACCOAL2,2,0,26,27
4HPRO_LTte;ACGAM6PSi,1,0,27,27
4HPRO_LTte;ACGAMPM,1,0,27,27
4HPRO_LTte;ACOAS,2,0,26,27
4HPRO_LTte;ACONTa,1,0,27,27
4HPRO_LTte;ACONTam,1,0,27,27
4HPRO_LTte;ADNK1,1,0,27,27
4HPRO_LTte;ADPt4,1,0,27,27
4HPRO_LTte;AHC,1,0,27,27
4HPRO_LTte;AKGFORte,1,0,27,27
4HPRO_LTte;AKGSUCCtm,0,1,28,26
4HPRO_LTte;AKGtn,1,0,27,27
4HPRO_LTte;ALAt2r,1,1,27,26
4HPRO_LTte;ALCD1,1,0,27,27
4HPRO_LTte;ALDD2y,1,0,27,27
4HPRO_LTte;ARTFR41,0,1,28,26
4HPRO_LTte;ARTFR45,1,0,27,27
4HPRO_LTte;ASPt6,1,0,27,27
4HPRO_LTte;ATPt4,1,0,27,27
4HPRO_LTte;B3GNT310g,1,0,27,27
4HPRO_LTte;B3GNT51g,1,0,27,27
4HPRO_LTte;BETALDHxm,1,0,27,27
4HPRO_LTte;BHMT,1,0,27,27
4HPRO_LTte;C161CPT1,0,1,28,26
4HPRO_LTte;CACT4r,0,1,28,26
4HPRO_LTte;CDPDAGtm,1,0,27,27
4HPRO_LTte;CDSm,1,0,27,27
4HPRO_LTte;CERT2rt,1,0,27,27
4HPRO_LTte;CHLtm,1,0,27,27
4HPRO_LTte;CHOLD2m,1,0,27,27
4HPRO_LTte;CITACONtm,1,0,27,27
4HPRO_LTte;CO2tm,1,0,27,27
4HPRO_LTte;CO2tn,1,0,27,27
4HPRO_LTte;COAtr,0,1,28,26
4HPRO_LTte;CTPtm,1,0,27,27
4HPRO_LTte;DAGKm_hs,1,0,27,27
4HPRO_LTte;DAG_Hstem,1,0,27,27
4HPRO_LTte;DESAT16_1,0,1,28,26
4HPRO_LTte;DESAT18_1,1,0,27,27
4HPRO_LTte;DHFR,1,0,27,27
4HPRO_LTte;DHFRm,1,0,27,27
4HPRO_LTte;DHFtm,1,0,27,27
4HPRO_LTte;DMGDHm,1,0,27,27
4HPRO_LTte;DMGtm,1,0,27,27
4HPRO_LTte;FAE201,1,0,27,27
4HPRO_LTte;FAE221,1,0,27,27
4HPRO_LTte;FAE241,1,0,27,27
4HPRO_LTte;FALDtm,1,0,27,27
4HPRO_LTte;FALDtn,1,0,27,27
4HPRO_LTte;FALDtx,1,0,27,27
4HPRO_LTte;FUM,1,0,27,27
4HPRO_LTte;FUMMALtm,1,0,27,27
4HPRO_LTte;FUMSUCCtm,0,1,28,26
4HPRO_LTte;FUMm,1,1,27,26
4HPRO_LTte;GALGLUSIDEtg,1,0,27,27
4HPRO_LTte;GALGLUSIDEtr,1,0,27,27
4HPRO_LTte;GDPFUCtg,1,0,27,27
4HPRO_LTte;GDPtg,1,0,27,27
4HPRO_LTte;GF6PTA,1,0,27,27
4HPRO_LTte;GFUCSx,1,0,27,27
4HPRO_LTte;GLYBtm,1,0,27,27
4HPRO_LTte;GLYtp,1,0,27,27
4HPRO_LTte;GMAND,1,0,27,27
4HPRO_LTte;GMPtg,1,0,27,27
4HPRO_LTte;H2O2t,1,0,27,27
4HPRO_LTte;H2O2tp,1,0,27,27
4HPRO_LTte;H2Oter,2,0,26,27
4HPRO_LTte;H2Otg,1,0,27,27
4HPRO_LTte;H2Otp,1,0,27,27
4HPRO_LTte;H3K36DMET_3,1,0,27,27
4HPRO_LTte;H3K36MET_3,1,0,27,27
4HPRO_LTte;HACD201,1,0,27,27
4HPRO_LTte;HACD221,1,0,27,27
4HPRO_LTte;HACD241,1,0,27,27
4HPRO_LTte;HCO3E,4,0,24,27
4HPRO_LTte;HCO3Em,3,1,25,26
4HPRO_LTte;HCO3tm,4,1,24,26
4HPRO_LTte;HSD201,1,0,27,27
4HPRO_LTte;HSD221,1,0,27,27
4HPRO_LTte;HSD241,1,0,27,27
4HPRO_LTte;Htg,1,0,27,27
4HPRO_LTte;Htr,2,0,26,27
4HPRO_LTte;IMAGH,1,0,27,27
4HPRO_LTte;L_LACt4r,1,0,27,27
4HPRO_LTte;MAN1PT2,1,0,27,27
4HPRO_LTte;MAN6PI,1,0,27,27
4HPRO_LTte;ME1m,0,1,28,26
4HPRO_LTte;MEOHt2,1,0,27,27
4HPRO_LTte;METAT,1,0,27,27
4HPRO_LTte;NACDe,1,0,27,27
4HPRO_LTte;NACPRT,1,0,27,27
4HPRO_LTte;NCAMDe,1,0,27,27
4HPRO_LTte;NCKt,1,0,27,27
4HPRO_LTte;NDP7g,1,0,27,27
4HPRO_LTte;NMNDA,1,0,27,27
4HPRO_LTte;NMNS,1,0,27,27
4HPRO_LTte;NRVNCCOAtr,1,0,27,27
4HPRO_LTte;O2tn,1,0,27,27
4HPRO_LTte;O2tp,1,0,27,27
4HPRO_LTte;P5CRxm,0,1,28,26
4HPRO_LTte;PIMALtm,1,0,27,27
4HPRO_LTte;PIt2m_2,1,0,27,27
4HPRO_LTte;PItg,1,0,27,27
4HPRO_LTte;PLMCOAPTr,0,1,28,26
4HPRO_LTte;PMANM,1,0,27,27
4HPRO_LTte;PMTCOAFABP1tc,0,1,28,26
4HPRO_LTte;PROD2m,0,1,28,26
4HPRO_LTte;PROtm,0,1,28,26
4HPRO_LTte;RTOT4,1,1,27,26
4HPRO_LTte;SARCOXp,1,0,27,27
4HPRO_LTte;SARCStm,1,0,27,27
4HPRO_LTte;SARCStp,1,0,27,27
4HPRO_LTte;SO3AKGtm,1,0,27,27
4HPRO_LTte;SO3MALtm,1,0,27,27
4HPRO_LTte;SUCOAS1m,1,0,27,27
4HPRO_LTte;TECR201,1,0,27,27
4HPRO_LTte;TECR221,1,0,27,27
4HPRO_LTte;TECR241,1,0,27,27
4HPRO_LTte;THFtm,1,0,27,27
4HPRO_LTte;THRA,1,0,27,27
4HPRO_LTte;UAGDP,1,0,27,27
4HPRO_LTte;UDPG4E,1,0,27,27
4HPRO_LTte;UDPGALt2r,1,0,27,27
4HPRO_LTte;UDPGALtg,1,0,27,27
4HPRO_LTte;UDPGGPGTr,1,0,27,27
4HPRO_LTte;UGCGc,1,0,27,27
4HPRO_LTte;UGLCNACtg,1,0,27,27
4HPRO_LTte;UMPtr,1,0,27,27
4MPTNLte;ADPT,0,1,28,26
4MPTNLte;AHC,0,1,28,26
4MPTNLte;AMETt2m,0,1,28,26
4MPTNLte;ATPtm,0,1,28,26
4MPTNLte;BETALDHxm,0,1,28,26
4MPTNLte;BHMT,0,1,28,26
4MPTNLte;CHLtm,0,1,28,26
4MPTNLte;CHOLD2m,0,1,28,26
4MPTNLte;DMGDHm,0,1,28,26
4MPTNLte;DMGtm,0,1,28,26
4MPTNLte;FALDte,0,1,28,26
4MPTNLte;FALDtm,0,1,28,26
4MPTNLte;FALDtx,0,1,28,26
4MPTNLte;GLYBtm,0,1,28,26
4MPTNLte;GLYtp,0,1,28,26
4MPTNLte;H2O2tp,0,1,28,26
4MPTNLte;H2Otp,0,1,28,26
4MPTNLte;ILEOX,1,0,27,27
4MPTNLte;ILETAm,1,0,27,27
4MPTNLte;ILEt5m,1,0,27,27
4MPTNLte;METAT,0,1,28,26
4MPTNLte;NMNS,0,1,28,26
4MPTNLte;O2tp,0,1,28,26
4MPTNLte;PCFLOPm,0,1,28,26
4MPTNLte;PETOHMm_hs,0,1,28,26
4MPTNLte;PMTCOAFABP1tc,0,1,28,26
4MPTNLte;PUNP1,0,1,28,26
4MPTNLte;SARCOXp,0,1,28,26
4MPTNLte;SARCStm,0,1,28,26
4MPTNLte;SARCStp,0,1,28,26
4MPTNLtm;ADPT,0,1,28,26
4MPTNLtm;AHC,0,1,28,26
4MPTNLtm;AMETt2m,0,1,28,26
4MPTNLtm;ATPtm,0,1,28,26
4MPTNLtm;BETALDHxm,0,1,28,26
4MPTNLtm;BHMT,0,1,28,26
4MPTNLtm;CHLtm,0,1,28,26
4MPTNLtm;CHOLD2m,0,1,28,26
4MPTNLtm;DMGDHm,0,1,28,26
4MPTNLtm;DMGtm,0,1,28,26
4MPTNLtm;FALDte,0,1,28,26
4MPTNLtm;FALDtm,0,1,28,26
4MPTNLtm;FALDtx,0,1,28,26
4MPTNLtm;GLYBtm,0,1,28,26
4MPTNLtm;GLYtp,0,1,28,26
4MPTNLtm;H2O2tp,0,1,28,26
4MPTNLtm;H2Otp,0,1,28,26
4MPTNLtm;ILEOX,1,0,27,27
4MPTNLtm;ILETAm,1,0,27,27
4MPTNLtm;ILEt5m,1,0,27,27
4MPTNLtm;METAT,0,1,28,26
4MPTNLtm;NMNS,0,1,28,26
4MPTNLtm;O2tp,0,1,28,26
4MPTNLtm;PCFLOPm,0,1,28,26
4MPTNLtm;PETOHMm_hs,0,1,28,26
4MPTNLtm;PMTCOAFABP1tc,0,1,28,26
4MPTNLtm;PUNP1,0,1,28,26
4MPTNLtm;SARCOXp,0,1,28,26
4MPTNLtm;SARCStm,0,1,28,26
4MPTNLtm;SARCStp,0,1,28,26
4OHBUTm;SUCCACONtm,1,0,27,27
4OHBUTtce;SUCCACONtm,1,0,27,27
4OHBUTtmc;SUCCACONtm,1,0,27,27
56DTHMtm;ADHAPtx,1,0,27,27
56DTHMtm;AGLPC,1,0,27,27
56DTHMtm;AGLPH,1,0,27,27
56DTHMtm;AGLPR,1,0,27,27
56DTHMtm;AGLPT,1,0,27,27
56DTHMtm;AGPSx,1,0,27,27
56DTHMtm;AGPex,1,0,27,27
56DTHMtm;AK2LGCHOLt,1,0,27,27
56DTHMtm;ALCD21_L,1,0,27,27
56DTHMtm;ALDD21,1,0,27,27
56DTHMtm;ALDD21x,1,0,27,27
56DTHMtm;ALR2,1,0,27,27
56DTHMtm;ALR3,1,0,27,27
56DTHMtm;CITSUCCtm,1,0,27,27
56DTHMtm;CITtbm,1,0,27,27
56DTHMtm;COAtp,1,0,27,27
56DTHMtm;DHAPA,1,0,27,27
56DTHMtm;FAR,1,0,27,27
56DTHMtm;H2Otp,1,0,27,27
56DTHMtm;ICITMALtm,1,0,27,27
56DTHMtm;LAC_Ltx,1,0,27,27
56DTHMtm;LCADi,1,0,27,27
56DTHMtm;LDH_Lp,1,0,27,27
56DTHMtm;MAL_Lte,1,0,27,27
56DTHMtm;MDHm,1,0,27,27
56DTHMtm;NADPHtxu,1,0,27,27
56DTHMtm;NADPtxu,1,0,27,27
56DTHMtm;PCm,1,0,27,27
56DTHMtm;PEPICITtm,1,0,27,27
56DTHMtm;PLA2,1,0,27,27
56DTHMtm;PRISTANALtx,1,0,27,27
56DTHMtm;PRISTtx,1,0,27,27
56DTHMtm;PYRt2p,1,0,27,27
56DTHMtm;R_group_phosphotase_1,1,0,27,27
56DTHMtm;Rtotalcoatx,1,0,27,27
56DTHMtm;Rtotaltp,1,0,27,27
5AOPtm;ACACt2m,0,1,28,26
5AOPtm;ACCOAL2,3,1,25,26
5AOPtm;ACGAM6PSi,1,0,27,27
5AOPtm;ACGAMPM,1,0,27,27
5AOPtm;ACHtn,1,0,27,27
5AOPtm;ACITLn,1,0,27,27
5AOPtm;ACOAS,3,1,25,26
5AOPtm;ACONTa,2,0,26,27
5AOPtm;ACONTam,1,0,27,27
5AOPtm;ACONTb,1,0,27,27
5AOPtm;ADNK1,1,0,27,27
5AOPtm;ADPt4,2,0,26,27
5AOPtm;ADPtn,1,0,27,27
5AOPtm;AHC,1,0,27,27
5AOPtm;AKGFORte,1,0,27,27
5AOPtm;AKGSUCCtm,0,2,28,25
5AOPtm;AKGtn,1,0,27,27
5AOPtm;ALAt2r,0,1,28,26
5AOPtm;ALCD1,1,0,27,27
5AOPtm;ALDD19xrm,1,0,27,27
5AOPtm;ALDD19yrm,1,0,27,27
5AOPtm;ALDD2y,2,1,26,26
5AOPtm;ARTFR41,0,1,28,26
5AOPtm;ARTFR45,1,0,27,27
5AOPtm;ATPt4,2,0,26,27
5AOPtm;ATPtn,1,0,27,27
5AOPtm;B3GNT310g,1,0,27,27
5AOPtm;B3GNT51g,1,0,27,27
5AOPtm;BETALDHxm,1,0,27,27
5AOPtm;BHMT,1,0,27,27
5AOPtm;C161CPT1,0,1,28,26
5AOPtm;CACT4r,0,1,28,26
5AOPtm;CDPDAGtm,1,0,27,27
5AOPtm;CDSm,1,0,27,27
5AOPtm;CERT2rt,1,0,27,27
5AOPtm;CHATn,1,0,27,27
5AOPtm;CHLtm,1,0,27,27
5AOPtm;CHOLD2m,1,0,27,27
5AOPtm;CHOLtn,1,0,27,27
5AOPtm;CITACONtm,1,0,27,27
5AOPtm;CITRt2m,1,1,27,26
5AOPtm;CITRtm,1,1,27,26
5AOPtm;CITtn,1,0,27,27
5AOPtm;CO2tm,2,0,26,27
5AOPtm;CO2tn,1,0,27,27
5AOPtm;COAtr,0,1,28,26
5AOPtm;CTPtm,1,0,27,27
5AOPtm;DAGKm_hs,1,0,27,27
5AOPtm;DAG_Hstem,1,0,27,27
5AOPtm;DESAT16_1,0,1,28,26
5AOPtm;DESAT18_1,1,0,27,27
5AOPtm;DHFR,2,0,26,27
5AOPtm;DHFRm,1,0,27,27
5AOPtm;DHFtm,1,0,27,27
5AOPtm;DMGDHm,1,0,27,27
5AOPtm;DMGtm,1,0,27,27
5AOPtm;FADDPle,1,0,27,27
5AOPtm;FADte,1,0,27,27
5AOPtm;FAE201,1,0,27,27
5AOPtm;FAE221,1,0,27,27
5AOPtm;FAE241,1,0,27,27
5AOPtm;FALDtm,1,0,27,27
5AOPtm;FALDtn,1,0,27,27
5AOPtm;FALDtx,1,0,27,27
5AOPtm;FKYNH,0,1,28,26
5AOPtm;FMNALKPle,1,0,27,27
5AOPtm;FMNAT,1,0,27,27
5AOPtm;FUMSUCCtm,0,1,28,26
5AOPtm;FUMm,0,1,28,26
5AOPtm;GALGLUSIDEtg,1,0,27,27
5AOPtm;GALGLUSIDEtr,1,0,27,27
5AOPtm;GDPFUCtg,1,0,27,27
5AOPtm;GDPtg,1,0,27,27
5AOPtm;GF6PTA,1,0,27,27
5AOPtm;GFUCSx,1,0,27,27
5AOPtm;GLYBtm,1,0,27,27
5AOPtm;GLYtp,1,0,27,27
5AOPtm;GMAND,1,0,27,27
5AOPtm;GMPtg,1,0,27,27
5AOPtm;GTPGDPtm,0,1,28,26
5AOPtm;H2O2t,1,0,27,27
5AOPtm;H2O2tp,1,0,27,27
5AOPtm;H2Ot,0,1,28,26
5AOPtm;H2Oter,3,1,25,26
5AOPtm;H2Otg,1,0,27,27
5AOPtm;H2Otp,1,0,27,27
5AOPtm;H3K36DMET_3,1,0,27,27
5AOPtm;H3K36MET_3,1,0,27,27
5AOPtm;HACD201,1,0,27,27
5AOPtm;HACD221,1,0,27,27
5AOPtm;HACD241,1,0,27,27
5AOPtm;HCO3E,3,0,25,27
5AOPtm;HCO3Em,4,2,24,25
5AOPtm;HCO3tm,4,2,24,25
5AOPtm;HMGL,0,1,28,26
5AOPtm;HSD201,1,0,27,27
5AOPtm;HSD221,1,0,27,27
5AOPtm;HSD241,1,0,27,27
5AOPtm;Htg,1,0,27,27
5AOPtm;Htr,3,1,25,26
5AOPtm;ICDHyrm,1,0,27,27
5AOPtm;IMAGH,1,0,27,27
5AOPtm;KYNAKGAT,0,1,28,26
5AOPtm;KYNATESYN,0,1,28,26
5AOPtm;KYNATEtr,0,1,28,26
5AOPtm;LDH_L,0,1,28,26
5AOPtm;MAN1PT2,1,0,27,27
5AOPtm;MAN6PI,1,0,27,27
5AOPtm;ME1m,0,1,28,26
5AOPtm;MEOHt2,1,0,27,27
5AOPtm;METAT,1,0,27,27
5AOPtm;NADH2_u10m,0,1,28,26
5AOPtm;NDP7g,1,0,27,27
5AOPtm;NRVNCCOAtr,1,0,27,27
5AOPtm;O2tn,1,0,27,27
5AOPtm;O2tp,1,0,27,27
5AOPtm;OAAtn,1,0,27,27
5AOPtm;OCOAT1m,0,1,28,26
5AOPtm;OXALSUCCCLm,1,0,27,27
5AOPtm;P5CRxm,0,1,28,26
5AOPtm;PEPCK,1,0,27,27
5AOPtm;PIMALtm,1,0,27,27
5AOPtm;PIt2m_2,1,0,27,27
5AOPtm;PItg,1,0,27,27
5AOPtm;PItn,1,0,27,27
5AOPtm;PLMCOAPTr,0,1,28,26
5AOPtm;PMANM,1,0,27,27
5AOPtm;PMTCOAFABP1tc,0,1,28,26
5AOPtm;PPA,0,1,28,26
5AOPtm;PROD2m,0,1,28,26
5AOPtm;PROtm,0,1,28,26
5AOPtm;PYRAKGte,0,1,28,26
5AOPtm;PYRt4_2,0,1,28,26
5AOPtm;RBFK,1,0,27,27
5AOPtm;RDH1,0,1,28,26
5AOPtm;RDH1a,0,1,28,26
5AOPtm;RIBFLVt6,1,0,27,27
5AOPtm;RTOT4,1,1,27,26
5AOPtm;SARCOXp,1,0,27,27
5AOPtm;SARCStm,1,0,27,27
5AOPtm;SARCStp,1,0,27,27
5AOPtm;SO3AKGtm,1,0,27,27
5AOPtm;SO3MALtm,1,0,27,27
5AOPtm;SUCOAS1m,1,1,27,26
5AOPtm;TECR201,1,0,27,27
5AOPtm;TECR221,1,0,27,27
5AOPtm;TECR241,1,0,27,27
5AOPtm;THFtm,1,0,27,27
5AOPtm;THRA,2,1,26,26
5AOPtm;TRPO2,0,1,28,26
5AOPtm;UAGDP,1,0,27,27
5AOPtm;UDPG4E,1,0,27,27
5AOPtm;UDPGALt2r,1,0,27,27
5AOPtm;UDPGALtg,1,0,27,27
5AOPtm;UDPGGPGTr,1,0,27,27
5AOPtm;UGCGc,1,0,27,27
5AOPtm;UGLCNACtg,1,0,27,27
5AOPtm;UMPtr,1,0,27,27
5HLTDL;NMNS,0,1,28,26
5HTRPVESSEC;RDH1,1,0,27,27
5HTRPVESSEC;RDH1a,1,0,27,27
5MTHFt2;CAT,1,0,27,27
5MTHFt2;GUAD,1,0,27,27
5MTHFt2;NTD9,1,0,27,27
5MTHFt2;PUNP3,1,0,27,27
5MTHFt2;URATEt,1,0,27,27
5MTHFt2;XAO,1,0,27,27
7DHCHSTEROLtr;ACONTa,1,0,27,27
7DHCHSTEROLtr;ACONTb,1,0,27,27
7DHCHSTEROLtr;ACONTbm,1,0,27,27
7DHCHSTEROLtr;AKGACONtm,1,0,27,27
7DHCHSTEROLtr;AKGICITtm,1,0,27,27
7DHCHSTEROLtr;GLUPROASCT1,1,0,27,27
7DHCHSTEROLtr;H2Oter,1,0,27,27
7DHCHSTEROLtr;ICDHyrm,1,0,27,27
7DHCHSTEROLtr;OXALSUCCCLm,1,0,27,27
7DHCHSTEROLtr;PROGLUtm,1,0,27,27
7DHCHSTEROLtr;PROtm,1,0,27,27
AACOAT;ACCOAL2,1,0,27,27
AACOAT;ACOAS,1,0,27,27
AACOAT_1;ACCOAL2,0,2,28,25
AACOAT_1;ACGAM2E,0,1,28,26
AACOAT_1;ACGAM6PSi,0,1,28,26
AACOAT_1;ACGAMPM,0,1,28,26
AACOAT_1;ACGAMtly,0,1,28,26
AACOAT_1;ACNMLr,0,1,28,26
AACOAT_1;ACOAS,0,2,28,25
AACOAT_1;ADNK3,0,1,28,26
AACOAT_1;ADSK,0,1,28,26
AACOAT_1;AHC,0,1,28,26
AACOAT_1;AHCYStn,0,1,28,26
AACOAT_1;ALCD1,0,1,28,26
AACOAT_1;ALDD19xrm,0,1,28,26
AACOAT_1;ALDD19yrm,0,1,28,26
AACOAT_1;ALDD2y,0,1,28,26
AACOAT_1;AMETtn,0,1,28,26
AACOAT_1;ARSA,0,1,28,26
AACOAT_1;ATPtm,0,1,28,26
AACOAT_1;B3GALTg,0,1,28,26
AACOAT_1;B3GNT51g,0,1,28,26
AACOAT_1;BETALDHxm,0,1,28,26
AACOAT_1;BHMT,0,1,28,26
AACOAT_1;BPNT,0,1,28,26
AACOAT_1;CERT2rt,0,1,28,26
AACOAT_1;CHLtm,0,1,28,26
AACOAT_1;CHOLD2m,0,1,28,26
AACOAT_1;CMPACNAtg,0,1,28,26
AACOAT_1;CMPSAS,0,1,28,26
AACOAT_1;CORE6GTg,0,1,28,26
AACOAT_1;DMGDHm,0,1,28,26
AACOAT_1;DMGtm,0,1,28,26
AACOAT_1;F1Atg,0,1,28,26
AACOAT_1;FALDtm,0,1,28,26
AACOAT_1;FALDtx,0,1,28,26
AACOAT_1;FUCACNGALACGLCGALGLUSIDEte,0,1,28,26
AACOAT_1;FUCACNGALACGLCGALGLUSIDEtg,0,1,28,26
AACOAT_1;FUT32g,0,1,28,26
AACOAT_1;GAL3ST11,0,1,28,26
AACOAT_1;GALASE19ly,0,1,28,26
AACOAT_1;GALGLUSIDEtg,0,1,28,26
AACOAT_1;GALGLUSIDEtr,0,1,28,26
AACOAT_1;GALNTg,0,1,28,26
AACOAT_1;GALSIDEtg,0,1,28,26
AACOAT_1;GALSIDEtl,0,1,28,26
AACOAT_1;GALU,0,1,28,26
AACOAT_1;GALtly,0,1,28,26
AACOAT_1;GDPFUCtg,0,1,28,26
AACOAT_1;GDPtg,0,1,28,26
AACOAT_1;GF6PTA,0,1,28,26
AACOAT_1;GFUCS,0,1,28,26
AACOAT_1;GHMT2rm,0,1,28,26
AACOAT_1;GLYBtm,0,1,28,26
AACOAT_1;GLYtm,0,1,28,26
AACOAT_1;GLYtp,0,1,28,26
AACOAT_1;GMAND,0,1,28,26
AACOAT_1;GMPtg,0,1,28,26
AACOAT_1;H2O2tp,0,1,28,26
AACOAT_1;H2Otg,0,1,28,26
AACOAT_1;H2Otly,0,1,28,26
AACOAT_1;H2Otp,0,1,28,26
AACOAT_1;H3K9MET_1,0,1,28,26
AACOAT_1;H3K9MET_2,0,1,28,26
AACOAT_1;H3K9MET_3,0,1,28,26
AACOAT_1;H3K9_synthesis,0,1,28,26
AACOAT_1;Htg,0,1,28,26
AACOAT_1;IDHPOXOX2b,0,1,28,26
AACOAT_1;IDHPOXOX4,0,1,28,26
AACOAT_1;IDHPOXOXb,0,1,28,26
AACOAT_1;LDH_L,0,1,28,26
AACOAT_1;LYStn,0,1,28,26
AACOAT_1;MAL_Lte,0,1,28,26
AACOAT_1;MAN1PT2,0,1,28,26
AACOAT_1;MAN6PI,0,1,28,26
AACOAT_1;MEOHt2,0,1,28,26
AACOAT_1;METAT,0,1,28,26
AACOAT_1;MTHFCm,0,1,28,26
AACOAT_1;MTHFDm,0,1,28,26
AACOAT_1;N4Tg,0,1,28,26
AACOAT_1;NAGA2ly,0,1,28,26
AACOAT_1;NAGLCAly,0,1,28,26
AACOAT_1;NAIt,0,1,28,26
AACOAT_1;NDP7er,0,1,28,26
AACOAT_1;NDP7g,0,1,28,26
AACOAT_1;O2tp,0,1,28,26
AACOAT_1;PAPStg,0,1,28,26
AACOAT_1;PAPtg,0,1,28,26
AACOAT_1;PGMT,0,1,28,26
AACOAT_1;PHEOX,0,1,28,26
AACOAT_1;PHETA1,0,1,28,26
AACOAT_1;PIt2m_2,0,1,28,26
AACOAT_1;PIter,0,1,28,26
AACOAT_1;PItg,0,1,28,26
AACOAT_1;PMANM,0,1,28,26
AACOAT_1;SADT,0,1,28,26
AACOAT_1;SARCOXp,0,1,28,26
AACOAT_1;SARCStm,0,1,28,26
AACOAT_1;SARCStp,0,1,28,26
AACOAT_1;SERTm,0,1,28,26
AACOAT_1;SGALSIDEtg,0,1,28,26
AACOAT_1;SGALSIDEtl,0,1,28,26
AACOAT_1;SO4HCOtex,0,1,28,26
AACOAT_1;SO4tl,0,1,28,26
AACOAT_1;ST3GAL31g,0,1,28,26
AACOAT_1;Ser/Thrtg,0,1,28,26
AACOAT_1;THRA,0,1,28,26
AACOAT_1;THYPX,0,1,28,26
AACOAT_1;THYST,0,1,28,26
AACOAT_1;UAGDP,0,1,28,26
AACOAT_1;UDPACGALtl,0,1,28,26
AACOAT_1;UDPG4E,0,1,28,26
AACOAT_1;UDPGALt2r,0,1,28,26
AACOAT_1;UDPGALtg,0,1,28,26
AACOAT_1;UDPGGPGTr,0,1,28,26
AACOAT_1;UDPtl,0,1,28,26
AACOAT_1;UGALNACtg,0,1,28,26
AACOAT_1;UGCGc,0,1,28,26
AACOAT_1;UGLCNACtg,0,1,28,26
AACOAT_1;UMPtr,0,1,28,26
AACOAT_1;peplys_synthesis,0,1,28,26
AACTOOR;ALAt2r,1,0,27,27
AACTOOR;CO2tm,1,0,27,27
AACTOOR;GTPGDPtm,1,0,27,27
AACTOOR;HCO3E,1,0,27,27
AACTOOR;NDPK1,1,0,27,27
AACTOOR;NMNS,1,0,27,27
AACTOOR;SUCOAS1m,1,0,27,27
AACTtm;ALAt2r,1,0,27,27
AACTtm;CO2tm,1,0,27,27
AACTtm;GTPGDPtm,1,0,27,27
AACTtm;HCO3E,1,0,27,27
AACTtm;NDPK1,1,0,27,27
AACTtm;NMNS,1,0,27,27
AACTtm;SUCOAS1m,1,0,27,27
AAPSAS;HCO3Em,1,0,27,27
AAPSAS;HCO3tm,1,0,27,27
AASAD3;HCO3Em,1,0,27,27
AASAD3;HCO3tm,1,0,27,27
AATA;HCO3Em,1,0,27,27
AATA;HCO3tm,1,0,27,27
ABTArm;ACHtn,1,0,27,27
ABTArm;ACITLn,1,0,27,27
ABTArm;ACONTa,1,0,27,27
ABTArm;ADPtn,1,0,27,27
ABTArm;ATPtn,1,0,27,27
ABTArm;CHATn,1,0,27,27
ABTArm;CHOLtn,1,0,27,27
ABTArm;CITRt2m,1,0,27,27
ABTArm;CITRtm,1,0,27,27
ABTArm;CITtn,1,0,27,27
ABTArm;ICDHyrm,1,0,27,27
ABTArm;OAAtn,1,0,27,27
ABTArm;OXALSUCCCLm,1,0,27,27
ABTArm;PEPCK,1,0,27,27
ABTArm;PItn,1,0,27,27
ABUTt2r;ACGAMK,0,1,28,26
ABUTt2r;ACHtn,1,0,27,27
ABUTt2r;ACITLn,1,0,27,27
ABUTt2r;ACOD,0,1,28,26
ABUTt2r;ACONTam,1,0,27,27
ABUTt2r;ACONTbm,1,1,27,26
ABUTt2r;ADPtn,1,0,27,27
ABUTt2r;ASPTA,1,0,27,27
ABUTt2r;ATPtn,1,0,27,27
ABUTt2r;CHATn,1,0,27,27
ABUTt2r;CHOLtn,1,0,27,27
ABUTt2r;CITMCOAHm,0,1,28,26
ABUTt2r;CITMCOALm,0,1,28,26
ABUTt2r;CITSUCCtm,1,0,27,27
ABUTt2r;CITtn,1,0,27,27
ABUTt2r;GLUt2m,0,2,28,25
ABUTt2r;ICDHyrm,1,1,27,26
ABUTt2r;ITCOALm,0,1,28,26
ABUTt2r;OAAtn,1,0,27,27
ABUTt2r;OXALSUCCCLm,1,1,27,26
ABUTt2r;PItn,1,0,27,27
ABUTt2r;TXA2tr,0,1,28,26
ABUTt2r;TXB2c,0,1,28,26
ABUTt2r;TXB2r,0,1,28,26
ABUTt2r;TXB2tr,0,1,28,26
ABUTt4_2_r;PIt2m_2,0,1,28,26
ACACACte;ACCOAL2,0,1,28,26
ACACACte;ACOAS,0,1,28,26
ACACACte;PPA,0,1,28,26
ACACFORte;CLFORtex2,0,1,28,26
ACACFORte;L_LACt2r,0,1,28,26
ACACLACte;ACCOAL2,0,1,28,26
ACACLACte;ACOAS,0,1,28,26
ACACLACte;AKGSUCCtm,0,1,28,26
ACACLACte;ALAt2r,1,0,27,27
ACACLACte;CLFORtex2,0,1,28,26
ACACLACte;FUMSUCCtm,1,0,27,27
ACACLACte;HCO3Ee,1,0,27,27
ACACLACte;HCO3_CLt,1,1,27,26
ACACLACte;LDH_L,0,6,28,21
ACACLACte;METDECARc,0,1,28,26
ACACLACte;METTRANSc,0,1,28,26
ACACLACte;NAt3_1,0,1,28,26
ACACLACte;NCKt,1,0,27,27
ACACLACte;NKCCt,1,0,27,27
ACACLACte;PIMALtm,0,1,28,26
ACACLACte;PPA,0,1,28,26
ACACLACte;PROAKGOX1m,1,0,27,27
ACACLACte;PROtm,1,0,27,27
ACACLACte;SO4AKGtm,0,1,28,26
ACACLACte;SO4MALtm,0,1,28,26
ACACLACte;SUCD1m,1,0,27,27
ACACLACte;UMPK,0,1,28,26
ACACPYRte;ADNK1,0,1,28,26
ACACPYRte;AHC,0,1,28,26
ACACPYRte;ALAt2r,1,0,27,27
ACACPYRte;ARTFR12,0,1,28,26
ACACPYRte;ATP1ter,0,1,28,26
ACACPYRte;BETALDHxm,0,1,28,26
ACACPYRte;BHMT,0,1,28,26
ACACPYRte;C161CPT1,0,1,28,26
ACACPYRte;CACT4r,0,1,28,26
ACACPYRte;CDPRBTLtg,0,1,28,26
ACACPYRte;CDPtg,0,1,28,26
ACACPYRte;CHLtm,0,1,28,26
ACACPYRte;CHOLD2m,0,1,28,26
ACACPYRte;CO2t,0,1,28,26
ACACPYRte;CO2tg,0,1,28,26
ACACPYRte;COAtr,0,1,28,26
ACACPYRte;DESAT16_1,0,1,28,26
ACACPYRte;DHFR,0,1,28,26
ACACPYRte;DHFRm,0,1,28,26
ACACPYRte;DHFtm,0,1,28,26
ACACPYRte;DMGDHm,0,1,28,26
ACACPYRte;DMGtm,0,1,28,26
ACACPYRte;DOLMANP_ter,0,1,28,26
ACACPYRte;DOLPMT,0,1,28,26
ACACPYRte;DOLPOMTr,0,1,28,26
ACACPYRte;DOLP_ter,0,1,28,26
ACACPYRte;FALDtm,0,1,28,26
ACACPYRte;FALDtx,0,1,28,26
ACACPYRte;FUMSUCCtm,1,0,27,27
ACACPYRte;GGTAe2,0,1,28,26
ACACPYRte;GLUCYS,0,1,28,26
ACACPYRte;GLYBtm,0,1,28,26
ACACPYRte;GLYtp,0,1,28,26
ACACPYRte;GTHRDte,0,1,28,26
ACACPYRte;GTHS,0,1,28,26
ACACPYRte;H2O2tp,0,1,28,26
ACACPYRte;H2Otp,0,1,28,26
ACACPYRte;HCO3Ee,1,1,27,26
ACACPYRte;HCO3Em,0,1,28,26
ACACPYRte;HCO3_CLt,1,0,27,27
ACACPYRte;HCO3tm,0,1,28,26
ACACPYRte;HMGDH,0,1,28,26
ACACPYRte;HMGS,0,1,28,26
ACACPYRte;ICDHyrm,0,1,28,26
ACACPYRte;LARGEg,0,1,28,26
ACACPYRte;LDH_L,0,7,28,20
ACACPYRte;MAL_Lte,1,0,27,27
ACACPYRte;METAT,0,1,28,26
ACACPYRte;METDECARc,0,1,28,26
ACACPYRte;METTRANSc,0,1,28,26
ACACPYRte;NCKt,1,0,27,27
ACACPYRte;NKCCt,1,0,27,27
ACACPYRte;O2tp,0,1,28,26
ACACPYRte;PCOREM3terg,0,1,28,26
ACACPYRte;PIt9,0,1,28,26
ACACPYRte;PLMCOAPTr,0,1,28,26
ACACPYRte;PMTCOAFABP1tc,0,1,28,26
ACACPYRte;POCDPRBTLT2g,0,1,28,26
ACACPYRte;POCDPRBTLTg,0,1,28,26
ACACPYRte;POGLCNACTg,0,1,28,26
ACACPYRte;POMGNGALNTr,0,1,28,26
ACACPYRte;POMGNTr,0,1,28,26
ACACPYRte;POMKr,0,1,28,26
ACACPYRte;POXYLTg,0,1,28,26
ACACPYRte;PPA,0,1,28,26
ACACPYRte;PROAKGOX1m,1,0,27,27
ACACPYRte;PROtm,1,0,27,27
ACACPYRte;R5Ptr,0,1,28,26
ACACPYRte;RADH3,0,1,28,26
ACACPYRte;RADH4,0,1,28,26
ACACPYRte;RBT5PCYTr,0,1,28,26
ACACPYRte;RBT5PDH,0,1,28,26
ACACPYRte;RPIr,0,1,28,26
ACACPYRte;RU5Ptr,0,1,28,26
ACACPYRte;SARCOXp,0,1,28,26
ACACPYRte;SARCStm,0,1,28,26
ACACPYRte;SARCStp,0,1,28,26
ACACPYRte;SFGTH,0,1,28,26
ACACPYRte;SUCD1m,1,0,27,27
ACACPYRte;THFtm,0,1,28,26
ACACPYRte;UACGAMUMPtr,0,1,28,26
ACACPYRte;UDPGD,0,1,28,26
ACACPYRte;UDPGLCAtg,0,1,28,26
ACACPYRte;UDPGLDCg,0,1,28,26
ACACPYRte;UGALNACter,0,1,28,26
ACACPYRte;UMPK,0,1,28,26
ACACPYRtm;ACCOAL2,1,0,27,27
ACACPYRtm;ACOAS,1,0,27,27
ACACT1r;ACACT1rm,1,0,27,27
ACACT1r;ACCOAL2,1,0,27,27
ACACT1r;ACOAD1fm,1,0,27,27
ACACT1r;ACOAS,1,0,27,27
ACACT1r;ARTFR12,1,0,27,27
ACACT1r;BUTt2m,1,0,27,27
ACACT1r;C161CPT1,1,0,27,27
ACACT1r;CACT4r,1,0,27,27
ACACT1r;COAtr,1,0,27,27
ACACT1r;DESAT16_1,1,0,27,27
ACACT1r;DHFR,1,0,27,27
ACACT1r;DHFRm,1,0,27,27
ACACT1r;DHFtm,1,0,27,27
ACACT1r;ECOAH1m,1,0,27,27
ACACT1r;FA40ACPH,1,0,27,27
ACACT1r;FACOAL40im,1,0,27,27
ACACT1r;HACD1m,1,0,27,27
ACACT1r;PLMCOAPTr,1,0,27,27
ACACT1r;PMTCOAFABP1tc,1,0,27,27
ACACT1r;THFtm,1,0,27,27
ACACT1rm;ACCOAL2,1,2,27,25
ACACT1rm;ACGAM2E,0,2,28,25
ACACT1rm;ACGAM6PSi,0,1,28,26
ACACT1rm;ACGAMPM,0,1,28,26
ACACT1rm;ACGAMtly,0,2,28,25
ACACT1rm;ACNAMlt,0,1,28,26
ACACT1rm;ACNMLr,0,2,28,25
ACACT1rm;ACOAD1fm,2,0,26,27
ACACT1rm;ACOAS,1,2,27,25
ACACT1rm;ADK3m,1,0,27,27
ACACT1rm;ADNK3,0,1,28,26
ACACT1rm;ADSK,0,2,28,25
ACACT1rm;AG13T16g,0,1,28,26
ACACT1rm;AG13T17g,0,1,28,26
ACACT1rm;AG13T18g,0,1,28,26
ACACT1rm;AHC,0,1,28,26
ACACT1rm;AHCYStn,0,1,28,26
ACACT1rm;ALCD1,0,1,28,26
ACACT1rm;ALDD19xrm,0,1,28,26
ACACT1rm;ALDD19yrm,0,1,28,26
ACACT1rm;ALDD2y,0,1,28,26
ACACT1rm;AMETtn,0,1,28,26
ACACT1rm;ARSA,0,1,28,26
ACACT1rm;ARTFR12,1,0,27,27
ACACT1rm;ASCBt,0,1,28,26
ACACT1rm;ASCBtr,0,1,28,26
ACACT1rm;ATPtm,0,1,28,26
ACACT1rm;B3GALTg,0,1,28,26
ACACT1rm;B3GNT310g,0,1,28,26
ACACT1rm;B3GNT51g,0,2,28,25
ACACT1rm;BETALDHxm,0,1,28,26
ACACT1rm;BHMT,0,1,28,26
ACACT1rm;BPNT,0,2,28,25
ACACT1rm;BUTt2m,2,0,26,27
ACACT1rm;C161CPT1,1,0,27,27
ACACT1rm;CACT4r,1,0,27,27
ACACT1rm;CERT2rt,0,2,28,25
ACACT1rm;CHLtm,0,1,28,26
ACACT1rm;CHOLD2m,0,1,28,26
ACACT1rm;CMPACNAtg,0,2,28,25
ACACT1rm;CMPSAS,0,2,28,25
ACACT1rm;COAtr,1,0,27,27
ACACT1rm;CORE3GTg,0,1,28,26
ACACT1rm;CORE4GTg,0,1,28,26
ACACT1rm;CORE6GTg,0,1,28,26
ACACT1rm;DESAT16_1,1,0,27,27
ACACT1rm;DMGDHm,0,1,28,26
ACACT1rm;DMGtm,0,1,28,26
ACACT1rm;ECOAH1m,2,0,26,27
ACACT1rm;F1Atg,0,1,28,26
ACACT1rm;FA40ACPH,2,0,26,27
ACACT1rm;FACOAL40im,2,0,26,27
ACACT1rm;FALDtm,0,1,28,26
ACACT1rm;FALDtx,0,1,28,26
ACACT1rm;FUCACNGAL14ACGLCGALGLUSIDEte,0,1,28,26
ACACT1rm;FUCACNGAL14ACGLCGALGLUSIDEtg,0,1,28,26
ACACT1rm;FUCACNGALACGLCGALGLUSIDEte,0,1,28,26
ACACT1rm;FUCACNGALACGLCGALGLUSIDEtg,0,1,28,26
ACACT1rm;FUT32g,0,1,28,26
ACACT1rm;FUT92g,0,1,28,26
ACACT1rm;G14T18g,0,1,28,26
ACACT1rm;G14T19g,0,1,28,26
ACACT1rm;G14T20g,0,1,28,26
ACACT1rm;G14T21g,0,1,28,26
ACACT1rm;GAL3ST11,0,1,28,26
ACACT1rm;GALASE17ly,0,1,28,26
ACACT1rm;GALASE18ly,0,1,28,26
ACACT1rm;GALASE19ly,0,2,28,25
ACACT1rm;GALASE20ly,0,1,28,26
ACACT1rm;GALGLUSIDEtg,0,2,28,25
ACACT1rm;GALGLUSIDEtr,0,2,28,25
ACACT1rm;GALNTg,0,2,28,25
ACACT1rm;GALSIDEtg,0,1,28,26
ACACT1rm;GALSIDEtl,0,1,28,26
ACACT1rm;GALU,0,1,28,26
ACACT1rm;GALt4_2,0,1,28,26
ACACT1rm;GALtly,0,2,28,25
ACACT1rm;GDPFUCtg,0,2,28,25
ACACT1rm;GDPtg,0,2,28,25
ACACT1rm;GF6PTA,0,1,28,26
ACACT1rm;GFUCS,0,2,28,25
ACACT1rm;GHMT2rm,0,1,28,26
ACACT1rm;GLACter,0,1,28,26
ACACT1rm;GLCURter,0,1,28,26
ACACT1rm;GLCURtly,0,1,28,26
ACACT1rm;GLRASE,0,1,28,26
ACACT1rm;GLYBtm,0,1,28,26
ACACT1rm;GLYtm,0,1,28,26
ACACT1rm;GLYtp,0,1,28,26
ACACT1rm;GMAND,0,2,28,25
ACACT1rm;GMPtg,0,2,28,25
ACACT1rm;GULLACter,0,1,28,26
ACACT1rm;GULOer,0,1,28,26
ACACT1rm;H2O2ter,0,1,28,26
ACACT1rm;H2O2tp,0,2,28,25
ACACT1rm;H2Otg,0,1,28,26
ACACT1rm;H2Otly,0,2,28,25
ACACT1rm;H2Otp,0,1,28,26
ACACT1rm;H3K9MET_1,0,1,28,26
ACACT1rm;H3K9MET_2,0,1,28,26
ACACT1rm;H3K9MET_3,0,1,28,26
ACACT1rm;H3K9_synthesis,0,1,28,26
ACACT1rm;HACD1m,2,0,26,27
ACACT1rm;HAS1,0,1,28,26
ACACT1rm;HAS2,0,1,28,26
ACACT1rm;HAtly,0,1,28,26
ACACT1rm;HMGCOASi,1,0,27,27
ACACT1rm;HYAL,0,1,28,26
ACACT1rm;Htg,0,1,28,26
ACACT1rm;IDHPOXOX2b,0,1,28,26
ACACT1rm;IDHPOXOX4,0,1,28,26
ACACT1rm;IDHPOXOXb,0,1,28,26
ACACT1rm;KSII_CORE4t,0,1,28,26
ACACT1rm;KSII_CORE4tly,0,1,28,26
ACACT1rm;LDH_L,0,1,28,26
ACACT1rm;LYStn,0,1,28,26
ACACT1rm;MAL_Lte,0,1,28,26
ACACT1rm;MAN1PT2,0,1,28,26
ACACT1rm;MAN6PI,0,1,28,26
ACACT1rm;MEOHt2,0,1,28,26
ACACT1rm;METAT,0,1,28,26
ACACT1rm;MTHFCm,0,1,28,26
ACACT1rm;MTHFDm,0,1,28,26
ACACT1rm;N4Tg,0,1,28,26
ACACT1rm;NACHEX24ly,0,1,28,26
ACACT1rm;NACHEX25ly,0,1,28,26
ACACT1rm;NACHEX26ly,0,1,28,26
ACACT1rm;NAGA2ly,0,2,28,25
ACACT1rm;NAGLCAly,0,2,28,25
ACACT1rm;NAIt,0,1,28,26
ACACT1rm;NDP7er,0,2,28,25
ACACT1rm;NDP7g,0,1,28,26
ACACT1rm;O2tp,0,2,28,25
ACACT1rm;PAPStg,0,2,28,25
ACACT1rm;PAPtg,0,2,28,25
ACACT1rm;PGMT,0,1,28,26
ACACT1rm;PHEOX,0,1,28,26
ACACT1rm;PHETA1,0,1,28,26
ACACT1rm;PIt2m_2,0,1,28,26
ACACT1rm;PIter,0,1,28,26
ACACT1rm;PItg,0,1,28,26
ACACT1rm;PLMCOAPTr,1,0,27,27
ACACT1rm;PMANM,0,1,28,26
ACACT1rm;PMTCOAFABP1tc,1,0,27,27
ACACT1rm;PPItm,1,0,27,27
ACACT1rm;S23T4g,0,1,28,26
ACACT1rm;S6T16g,0,1,28,26
ACACT1rm;S6T17g,0,1,28,26
ACACT1rm;S6T18g,0,1,28,26
ACACT1rm;S6TASE24ly,0,1,28,26
ACACT1rm;S6TASE25ly,0,1,28,26
ACACT1rm;S6TASE26ly,0,1,28,26
ACACT1rm;SADT,0,2,28,25
ACACT1rm;SARCOXp,0,1,28,26
ACACT1rm;SARCStm,0,1,28,26
ACACT1rm;SARCStp,0,1,28,26
ACACT1rm;SERTm,0,1,28,26
ACACT1rm;SGALSIDEtg,0,1,28,26
ACACT1rm;SGALSIDEtl,0,1,28,26
ACACT1rm;SIAASE4ly,0,1,28,26
ACACT1rm;SO4HCOtex,0,1,28,26
ACACT1rm;SO4tl,0,2,28,25
ACACT1rm;ST3GAL31g,0,1,28,26
ACACT1rm;ST3GAL61g,0,1,28,26
ACACT1rm;Ser/Thrtg,0,2,28,25
ACACT1rm;THRA,0,1,28,26
ACACT1rm;THYPX,0,1,28,26
ACACT1rm;THYST,0,1,28,26
ACACT1rm;UAGDP,0,1,28,26
ACACT1rm;UDPACGALtl,0,2,28,25
ACACT1rm;UDPG4E,0,2,28,25
ACACT1rm;UDPGALt2r,0,2,28,25
ACACT1rm;UDPGALtg,0,2,28,25
ACACT1rm;UDPGCURtr,0,1,28,26
ACACT1rm;UDPGD,0,1,28,26
ACACT1rm;UDPGGPGTr,0,2,28,25
ACACT1rm;UDPGLCAter,0,1,28,26
ACACT1rm;UDPtl,0,2,28,25
ACACT1rm;UGALNACtg,0,2,28,25
ACACT1rm;UGCGc,0,2,28,25
ACACT1rm;UGLCNACtg,0,1,28,26
ACACT1rm;UMPK,0,1,28,26
ACACT1rm;UMPtr,0,1,28,26
ACACT1rm;UROLACer,0,1,28,26
ACACT1rm;peplys_synthesis,0,1,28,26
ACACT203n6p;H2Oter,0,1,28,26
ACACT203n6p;Htr,0,1,28,26
ACACT224n6p;ALAt2r,1,0,27,27
ACACT224n6p;DHFR,0,1,28,26
ACACT224n6p;DHFR3m,0,1,28,26
ACACT224n6p;DHFR3x,0,1,28,26
ACACT224n6p;DHFRm,0,1,28,26
ACACT224n6p;FOLtm,0,1,28,26
ACACT224n6p;GLXtm,0,1,28,26
ACACT224n6p;GLXtp,0,1,28,26
ACACT224n6p;GLYCLTDym,0,1,28,26
ACACT224n6p;GLYCLTtm,0,1,28,26
ACACT224n6p;GLYCLTtp,0,1,28,26
ACACT224n6p;GLYCTO1p,0,1,28,26
ACACT224n6p;RTOT4,0,1,28,26
ACACT224n6p;THFtm,0,1,28,26
ACACt2m;ACGAM6PSi,0,1,28,26
ACACt2m;ACGAMPM,0,1,28,26
ACACt2m;ACONTam,0,1,28,26
ACACt2m;ACONTbm,0,1,28,26
ACACt2m;ADPt4,0,1,28,26
ACACt2m;AKGDa1,0,1,28,26
ACACt2m;AKGDa2,0,1,28,26
ACACt2m;AKGDb,0,1,28,26
ACACt2m;AKGSUCCtm,0,1,28,26
ACACt2m;ALASm,0,1,28,26
ACACt2m;ALPAP,0,1,28,26
ACACt2m;ASPTA,0,1,28,26
ACACt2m;BDMT,0,1,28,26
ACACt2m;BILDGLCURt,0,1,28,26
ACACt2m;BILDGLCURtr,0,1,28,26
ACACt2m;BILIRED2,0,1,28,26
ACACt2m;CA2tm,0,1,28,26
ACACt2m;CITRt2m,0,1,28,26
ACACt2m;CITRtm,0,1,28,26
ACACt2m;CITSUCCtm,0,1,28,26
ACACt2m;COt,0,1,28,26
ACACt2m;CPPPGO,0,1,28,26
ACACt2m;DOLASNTer,0,1,28,26
ACACt2m;DOLDPPer,0,1,28,26
ACACt2m;DOLGLCP_ter,0,1,28,26
ACACt2m;DOLMANP_ter,0,1,28,26
ACACt2m;DOLPGT1er,0,1,28,26
ACACt2m;DOLPGT2er,0,1,28,26
ACACt2m;DOLPGT3er,0,1,28,26
ACACt2m;DOLPMT,0,1,28,26
ACACt2m;DOLPMT1er,0,1,28,26
ACACt2m;DOLPMT2_er,0,1,28,26
ACACt2m;DOLPMT3er,0,1,28,26
ACACt2m;DOLPMT4_er,0,1,28,26
ACACt2m;DOLP_ter,0,1,28,26
ACACt2m;FCLTm,0,1,28,26
ACACt2m;FE2tm,0,1,28,26
ACACt2m;G12MT1,0,1,28,26
ACACt2m;G12MT2,0,1,28,26
ACACt2m;G13MT,0,1,28,26
ACACt2m;G16MT,0,1,28,26
ACACt2m;GALU,0,1,28,26
ACACt2m;GF6PTA,0,1,28,26
ACACt2m;GLCNACPT,0,1,28,26
ACACt2m;GLCNACT,0,1,28,26
ACACt2m;GLCter,0,1,28,26
ACACt2m;GLUt2m,0,1,28,26
ACACt2m;GLUt6,0,1,28,26
ACACt2m;GLYC3Ptmc,0,1,28,26
ACACt2m;GLYKm,0,1,28,26
ACACt2m;GLYt4,0,1,28,26
ACACt2m;H2Otg,0,1,28,26
ACACt2m;HEX16,0,1,28,26
ACACt2m;HMBS,0,1,28,26
ACACt2m;HOXG,0,1,28,26
ACACt2m;Htg,0,1,28,26
ACACt2m;ICDHxrm,0,1,28,26
ACACt2m;IDHPOXOX2b,0,1,28,26
ACACt2m;IDHPOXOX3,0,1,28,26
ACACt2m;IDHPOXOXb,0,1,28,26
ACACt2m;ILEOX,0,1,28,26
ACACt2m;ILETAm,0,1,28,26
ACACt2m;ILEt5m,0,1,28,26
ACACt2m;LPS3m,0,1,28,26
ACACt2m;M1316Mg,0,1,28,26
ACACt2m;M13N2Tg,0,1,28,26
ACACt2m;M16N4Tg,0,1,28,26
ACACt2m;M16NTg,0,1,28,26
ACACt2m;M4MPDOL_ter,0,1,28,26
ACACt2m;M8MASNterg,0,1,28,26
ACACt2m;MAN1PT2,0,1,28,26
ACACt2m;MAN6PI,0,1,28,26
ACACt2m;MANtg,0,1,28,26
ACACt2m;MG1er,0,1,28,26
ACACt2m;MG2er,0,1,28,26
ACACt2m;MG3er,0,1,28,26
ACACt2m;MM5ag,0,1,28,26
ACACt2m;MM6bg,0,1,28,26
ACACt2m;MM7Cag,0,1,28,26
ACACt2m;MM8Ag,0,1,28,26
ACACt2m;NAIt,0,1,28,26
ACACt2m;NCKt,0,1,28,26
ACACt2m;NCNt,0,1,28,26
ACACt2m;NDP7er,0,1,28,26
ACACt2m;NDP7g,0,1,28,26
ACACt2m;OXALSUCCCLm,0,1,28,26
ACACt2m;PGMT,0,1,28,26
ACACt2m;PHEMEtm,0,1,28,26
ACACt2m;PIATPLtm,0,1,28,26
ACACt2m;PIt2r,0,1,28,26
ACACt2m;PItg,0,1,28,26
ACACt2m;PMANM,0,1,28,26
ACACt2m;PPBNGS,0,1,28,26
ACACt2m;PPPG9tm,0,1,28,26
ACACt2m;PPPGOm,0,1,28,26
ACACt2m;RDH1,0,1,28,26
ACACt2m;RDH1a,0,1,28,26
ACACt2m;RND213,0,1,28,26
ACACt2m;R_group_phosphotase_1,0,1,28,26
ACACt2m;Rtotaltm,0,1,28,26
ACACt2m;THYPX,0,1,28,26
ACACt2m;UAGDP,0,1,28,26
ACACt2m;UDPDOLPT,0,1,28,26
ACACt2m;UDPGD,0,1,28,26
ACACt2m;UDPGLCAter,0,1,28,26
ACACt2m;UGLCNACtg,0,1,28,26
ACACt2m;UGT1A2r,0,1,28,26
ACACt2m;UPP3S,0,1,28,26
ACACt2m;UPPDC1,0,1,28,26
ACCOAL2;ACHtn,4,5,24,22
ACCOAL2;ACITLn,4,5,24,22
ACCOAL2;ACONTa,2,0,26,27
ACCOAL2;ACONTam,2,0,26,27
ACCOAL2;ACONTb,2,0,26,27
ACCOAL2;ACONTbm,3,0,25,27
ACCOAL2;ADK1m,0,1,28,26
ACCOAL2;ADPt4,0,1,28,26
ACCOAL2;ADPtn,4,5,24,22
ACCOAL2;AKGACONtm,1,0,27,27
ACCOAL2;AKGDa1,1,1,27,26
ACCOAL2;AKGDa2,1,1,27,26
ACCOAL2;AKGDb,1,1,27,26
ACCOAL2;AKGICITtm,1,0,27,27
ACCOAL2;AKGLACte,0,1,28,26
ACCOAL2;AKGSUCCtm,1,0,27,27
ACCOAL2;ALASm,3,1,25,26
ACCOAL2;ALAt2r,2,0,26,27
ACCOAL2;ALDD19xrm,1,0,27,27
ACCOAL2;ALDD19yrm,1,0,27,27
ACCOAL2;ALDD2x,0,1,28,26
ACCOAL2;AMPt4,0,1,28,26
ACCOAL2;ARTFR12,0,1,28,26
ACCOAL2;ASPTA,0,2,28,25
ACCOAL2;ASPte,1,0,27,27
ACCOAL2;ATPtn,4,5,24,22
ACCOAL2;BILDGLCURt,0,1,28,26
ACCOAL2;BILDGLCURtr,0,1,28,26
ACCOAL2;BILIRED2,3,1,25,26
ACCOAL2;BILIRUBtr,2,1,26,26
ACCOAL2;C161CPT1,0,1,28,26
ACCOAL2;CACT4r,0,1,28,26
ACCOAL2;CBPPer,1,0,27,27
ACCOAL2;CBPter,1,0,27,27
ACCOAL2;CGMPt,0,1,28,26
ACCOAL2;CHAT,4,5,24,22
ACCOAL2;CHATn,4,5,24,22
ACCOAL2;CHOLtn,4,5,24,22
ACCOAL2;CITSUCCtm,2,2,26,25
ACCOAL2;CITtn,4,5,24,22
ACCOAL2;CO2tm,2,0,26,27
ACCOAL2;COAtr,0,1,28,26
ACCOAL2;COt,3,1,25,26
ACCOAL2;CPPPGO,3,1,25,26
ACCOAL2;CSm,1,5,27,22
ACCOAL2;DESAT16_1,0,1,28,26
ACCOAL2;DHFR,0,1,28,26
ACCOAL2;DHFRm,0,1,28,26
ACCOAL2;DHFtm,0,1,28,26
ACCOAL2;DLD,1,0,27,27
ACCOAL2;FADDPle,1,2,27,25
ACCOAL2;FADte,1,2,27,25
ACCOAL2;FCLTm,3,1,25,26
ACCOAL2;FE2tm,3,1,25,26
ACCOAL2;FMNALKPle,1,2,27,25
ACCOAL2;FMNAT,1,2,27,25
ACCOAL2;FTHFDHm,1,0,27,27
ACCOAL2;G6PPer,1,0,27,27
ACCOAL2;GALU,2,1,26,26
ACCOAL2;GLXtm,0,1,28,26
ACCOAL2;GLXtp,0,1,28,26
ACCOAL2;GLYATm,1,0,27,27
ACCOAL2;GLYCLTDym,0,1,28,26
ACCOAL2;GLYCLTtm,0,1,28,26
ACCOAL2;GLYCLTtp,0,1,28,26
ACCOAL2;GLYCTO1p,0,1,28,26
ACCOAL2;GLYt2r,0,1,28,26
ACCOAL2;GLYt7_211_r,1,0,27,27
ACCOAL2;GLYtm,1,0,27,27
ACCOAL2;GPCCPDE,1,0,27,27
ACCOAL2;GTPGDPtm,1,0,27,27
ACCOAL2;GUACYC,0,1,28,26
ACCOAL2;H2Oter,1,0,27,27
ACCOAL2;HCO3E,0,1,28,26
ACCOAL2;HCO3Ee,1,0,27,27
ACCOAL2;HCO3Em,1,0,27,27
ACCOAL2;HCO3_CLt,1,0,27,27
ACCOAL2;HCO3tm,1,0,27,27
ACCOAL2;HMBS,3,1,25,26
ACCOAL2;HMGLm,0,2,28,25
ACCOAL2;HOXG,3,1,25,26
ACCOAL2;Htr,0,1,28,26
ACCOAL2;ICDHyrm,4,0,24,27
ACCOAL2;ICITCITtm,0,3,28,24
ACCOAL2;ICITMALtm,1,3,27,24
ACCOAL2;LDH_Lm,0,1,28,26
ACCOAL2;LPASE,1,0,27,27
ACCOAL2;L_LACtm,0,1,28,26
ACCOAL2;MAL_Lte,1,0,27,27
ACCOAL2;MDH,0,2,28,25
ACCOAL2;MDHm,1,5,27,22
ACCOAL2;NADH2_u10m,0,2,28,25
ACCOAL2;NDP7er,2,1,26,26
ACCOAL2;NDPK1,1,0,27,27
ACCOAL2;NH4tr,1,0,27,27
ACCOAL2;OAADC,1,0,27,27
ACCOAL2;OAAtn,4,5,24,22
ACCOAL2;OCOAT1m,1,0,27,27
ACCOAL2;OXALSUCCCLm,4,0,24,27
ACCOAL2;PEPCK,1,0,27,27
ACCOAL2;PGMT,2,1,26,26
ACCOAL2;PHEMEtm,3,1,25,26
ACCOAL2;PIMALtm,1,0,27,27
ACCOAL2;PIt2m_2,0,1,28,26
ACCOAL2;PIt2r,1,0,27,27
ACCOAL2;PIt7,1,3,27,24
ACCOAL2;PIter,0,1,28,26
ACCOAL2;PItn,3,5,25,22
ACCOAL2;PLMCOAPTr,0,1,28,26
ACCOAL2;PPAm,0,1,28,26
ACCOAL2;PPBNGS,3,1,25,26
ACCOAL2;PPItm,0,1,28,26
ACCOAL2;PPPG9tm,3,1,25,26
ACCOAL2;PPPGOm,3,1,25,26
ACCOAL2;PROAKGOX1m,2,0,26,27
ACCOAL2;PROGLUtm,1,0,27,27
ACCOAL2;PROtm,2,0,26,27
ACCOAL2;PYRt2m,0,1,28,26
ACCOAL2;PYRt4_2,1,0,27,27
ACCOAL2;PYRtm,1,0,27,27
ACCOAL2;R5Ptr,0,1,28,26
ACCOAL2;RBFK,1,2,27,25
ACCOAL2;RDH1,0,1,28,26
ACCOAL2;RDH1a,0,1,28,26
ACCOAL2;RIBFLVt6,1,2,27,25
ACCOAL2;RND213,1,0,27,27
ACCOAL2;RPIr,0,1,28,26
ACCOAL2;RU5Ptr,0,1,28,26
ACCOAL2;R_group_phosphotase_1,1,0,27,27
ACCOAL2;SO4AKGtm,1,0,27,27
ACCOAL2;SO4MALtm,1,0,27,27
ACCOAL2;SUCOAS1m,1,0,27,27
ACCOAL2;THFtm,1,0,27,27
ACCOAL2;THR3Dx,1,0,27,27
ACCOAL2;TPI,0,1,28,26
ACCOAL2;TXA2tr,0,1,28,26
ACCOAL2;TXB2c,0,1,28,26
ACCOAL2;TXB2r,0,1,28,26
ACCOAL2;TXB2tr,0,1,28,26
ACCOAL2;UDPGCURtr,1,1,27,26
ACCOAL2;UDPGD,3,1,25,26
ACCOAL2;UDPGLCAter,2,0,26,27
ACCOAL2;UGT1A2r,0,1,28,26
ACCOAL2;UMPtr,1,1,27,26
ACCOAL2;UPP3S,3,1,25,26
ACCOAL2;UPPDC1,3,1,25,26
ACFORte;CLFORtex2,1,0,27,27
ACGAM2E;ACGAMK,0,1,28,26
ACGAM2E;ACHtn,0,1,28,26
ACGAM2E;ACITLn,0,1,28,26
ACGAM2E;ADK1m,0,1,28,26
ACGAM2E;ADPtn,0,1,28,26
ACGAM2E;ALDD2x,0,1,28,26
ACGAM2E;ASPTA,0,1,28,26
ACGAM2E;ATPtn,0,1,28,26
ACGAM2E;CHATn,0,1,28,26
ACGAM2E;CHOLtn,0,1,28,26
ACGAM2E;CITRt2m,0,1,28,26
ACGAM2E;CITRtm,0,1,28,26
ACGAM2E;CITtn,0,1,28,26
ACGAM2E;CSm,0,1,28,26
ACGAM2E;DASCBR,1,0,27,27
ACGAM2E;GPCCPDE,1,0,27,27
ACGAM2E;HMGCOASim,0,1,28,26
ACGAM2E;HMGLm,0,1,28,26
ACGAM2E;ICITCITtm,0,1,28,26
ACGAM2E;ICITMALtm,0,1,28,26
ACGAM2E;LPASE,1,0,27,27
ACGAM2E;MDHm,0,1,28,26
ACGAM2E;NADH2_u10m,0,1,28,26
ACGAM2E;NDP7er,0,1,28,26
ACGAM2E;OAAtn,0,1,28,26
ACGAM2E;PDHa,0,1,28,26
ACGAM2E;PDHbr,0,1,28,26
ACGAM2E;PItn,0,1,28,26
ACGAM2E;PYRt2m,0,1,28,26
ACGAM2E;R_group_phosphotase_1,1,0,27,27
ACGAM2E;THRALANaEx,1,0,27,27
ACGAM2E;UAG4E,0,1,28,26
ACGAM2E;UMPK5,1,0,27,27
ACGAM6PSi;ACGAMK,1,1,27,26
ACGAM6PSi;ACGAMtly,1,0,27,27
ACGAM6PSi;ACHVESSEC,0,1,28,26
ACGAM6PSi;ACHe,0,1,28,26
ACGAM6PSi;ACHtn,0,1,28,26
ACGAM6PSi;ACITLn,0,1,28,26
ACGAM6PSi;ACNAMlt,1,0,27,27
ACGAM6PSi;ADK1m,0,1,28,26
ACGAM6PSi;ADK3m,1,0,27,27
ACGAM6PSi;ADNt4,0,1,28,26
ACGAM6PSi;ADPT,0,1,28,26
ACGAM6PSi;ADPtn,0,1,28,26
ACGAM6PSi;ADSK,1,0,27,27
ACGAM6PSi;AG13T16g,1,0,27,27
ACGAM6PSi;AG13T17g,1,0,27,27
ACGAM6PSi;AG13T18g,1,0,27,27
ACGAM6PSi;AKGSUCCtm,1,0,27,27
ACGAM6PSi;AKR1C41,0,1,28,26
ACGAM6PSi;ALASm,1,0,27,27
ACGAM6PSi;ALAtN1,0,1,28,26
ACGAM6PSi;ALDD19xrm,1,0,27,27
ACGAM6PSi;ALDD19yrm,1,0,27,27
ACGAM6PSi;ALDD2x,0,1,28,26
ACGAM6PSi;ASCBt5,1,0,27,27
ACGAM6PSi;ASCBtr,1,0,27,27
ACGAM6PSi;ASPTA,0,1,28,26
ACGAM6PSi;ASPt6,1,1,27,26
ACGAM6PSi;ATPS4m,1,0,27,27
ACGAM6PSi;ATPtm,0,1,28,26
ACGAM6PSi;ATPtn,0,1,28,26
ACGAM6PSi;BILIRED2,1,0,27,27
ACGAM6PSi;BILIRUBtr,1,0,27,27
ACGAM6PSi;BPNT,1,0,27,27
ACGAM6PSi;CBPPer,2,0,26,27
ACGAM6PSi;CBPter,2,0,26,27
ACGAM6PSi;CHAT,0,2,28,25
ACGAM6PSi;CHATn,0,1,28,26
ACGAM6PSi;CHOLtn,0,1,28,26
ACGAM6PSi;CITtn,0,1,28,26
ACGAM6PSi;CLHCOtex,1,0,27,27
ACGAM6PSi;CMPACNAtg,1,0,27,27
ACGAM6PSi;CMPSAS,1,0,27,27
ACGAM6PSi;CORE3GTg,1,0,27,27
ACGAM6PSi;CORE4GTg,1,0,27,27
ACGAM6PSi;COt,1,0,27,27
ACGAM6PSi;CPPPGO,1,0,27,27
ACGAM6PSi;CSm,0,1,28,26
ACGAM6PSi;CYTK1,1,0,27,27
ACGAM6PSi;CYTK8,1,0,27,27
ACGAM6PSi;DASCBR,1,0,27,27
ACGAM6PSi;DHCHOLOR,0,1,28,26
ACGAM6PSi;DHFR,0,2,28,25
ACGAM6PSi;DHFR3m,0,1,28,26
ACGAM6PSi;DHFR3x,0,1,28,26
ACGAM6PSi;DHFRm,0,3,28,24
ACGAM6PSi;DHFtm,0,2,28,25
ACGAM6PSi;DPCOAK,1,0,27,27
ACGAM6PSi;FADDPle,4,4,24,23
ACGAM6PSi;FADte,4,4,24,23
ACGAM6PSi;FBA3,1,0,27,27
ACGAM6PSi;FCLTm,1,0,27,27
ACGAM6PSi;FE2tm,1,0,27,27
ACGAM6PSi;FMNALKPle,4,4,24,23
ACGAM6PSi;FMNAT,4,4,24,23
ACGAM6PSi;FOLtm,0,1,28,26
ACGAM6PSi;FUM,0,1,28,26
ACGAM6PSi;G14T18g,1,0,27,27
ACGAM6PSi;G14T19g,1,0,27,27
ACGAM6PSi;G14T20g,1,0,27,27
ACGAM6PSi;G14T21g,1,0,27,27
ACGAM6PSi;G6PPer,2,0,26,27
ACGAM6PSi;GALASE17ly,1,0,27,27
ACGAM6PSi;GALASE18ly,1,0,27,27
ACGAM6PSi;GALASE19ly,1,0,27,27
ACGAM6PSi;GALASE20ly,1,0,27,27
ACGAM6PSi;GALM2,1,0,27,27
ACGAM6PSi;GALNTg,1,0,27,27
ACGAM6PSi;GALtly,1,0,27,27
ACGAM6PSi;GLACter,1,0,27,27
ACGAM6PSi;GLCURter,1,0,27,27
ACGAM6PSi;GLCURtly,1,0,27,27
ACGAM6PSi;GLRASE,1,0,27,27
ACGAM6PSi;GLUt6,0,1,28,26
ACGAM6PSi;GLXtm,0,1,28,26
ACGAM6PSi;GLXtp,0,1,28,26
ACGAM6PSi;GLYCLTDym,0,1,28,26
ACGAM6PSi;GLYCLTtm,0,1,28,26
ACGAM6PSi;GLYCLTtp,0,1,28,26
ACGAM6PSi;GLYCTO1p,0,1,28,26
ACGAM6PSi;GLYt4,0,1,28,26
ACGAM6PSi;GPCCPDE,1,0,27,27
ACGAM6PSi;GTPGDPtm,2,1,26,26
ACGAM6PSi;GULLACter,1,0,27,27
ACGAM6PSi;GULOer,1,0,27,27
ACGAM6PSi;H2O2t,1,0,27,27
ACGAM6PSi;H2O2ter,1,0,27,27
ACGAM6PSi;H2Otly,1,0,27,27
ACGAM6PSi;HAS1,1,0,27,27
ACGAM6PSi;HAS2,1,0,27,27
ACGAM6PSi;HAtly,1,0,27,27
ACGAM6PSi;HCO3E,1,0,27,27
ACGAM6PSi;HCO3Ee,2,0,26,27
ACGAM6PSi;HCO3Em,1,0,27,27
ACGAM6PSi;HCO3_CLt,1,0,27,27
ACGAM6PSi;HCO3tm,1,0,27,27
ACGAM6PSi;HMBS,1,0,27,27
ACGAM6PSi;HMGL,0,1,28,26
ACGAM6PSi;HMGLm,0,1,28,26
ACGAM6PSi;HOXG,1,0,27,27
ACGAM6PSi;HYAL,1,0,27,27
ACGAM6PSi;Htr,0,2,28,25
ACGAM6PSi;ICITCITtm,0,1,28,26
ACGAM6PSi;ICITMALtm,0,1,28,26
ACGAM6PSi;KCCt,0,1,28,26
ACGAM6PSi;KSII_CORE4t,1,0,27,27
ACGAM6PSi;KSII_CORE4tly,1,0,27,27
ACGAM6PSi;LDH_L,0,1,28,26
ACGAM6PSi;LPASE,1,0,27,27
ACGAM6PSi;MAL_Lte,1,2,27,25
ACGAM6PSi;MDHm,0,1,28,26
ACGAM6PSi;METDECARc,0,1,28,26
ACGAM6PSi;METTRANSc,0,1,28,26
ACGAM6PSi;NACHEX24ly,1,0,27,27
ACGAM6PSi;NACHEX25ly,1,0,27,27
ACGAM6PSi;NACHEX26ly,1,0,27,27
ACGAM6PSi;NADH2_u10m,1,1,27,26
ACGAM6PSi;NAGA2ly,1,0,27,27
ACGAM6PSi;NAGLCAly,1,0,27,27
ACGAM6PSi;NDPK1,1,0,27,27
ACGAM6PSi;NH4tr,2,0,26,27
ACGAM6PSi;NTD7e,0,1,28,26
ACGAM6PSi;OAAtn,0,1,28,26
ACGAM6PSi;OCOAT1m,0,1,28,26
ACGAM6PSi;OROTGLUt,0,1,28,26
ACGAM6PSi;OROTte,0,1,28,26
ACGAM6PSi;PAPStg,1,0,27,27
ACGAM6PSi;PAPtg,1,0,27,27
ACGAM6PSi;PE_HStm,0,1,28,26
ACGAM6PSi;PFK_3,1,0,27,27
ACGAM6PSi;PGI,0,1,28,26
ACGAM6PSi;PHEMEtm,1,0,27,27
ACGAM6PSi;PIMALtm,1,0,27,27
ACGAM6PSi;PIt2e,0,1,28,26
ACGAM6PSi;PIt2m_2,0,2,28,25
ACGAM6PSi;PIt7,2,0,26,27
ACGAM6PSi;PIt9,1,2,27,25
ACGAM6PSi;PItn,0,1,28,26
ACGAM6PSi;PNTK,1,0,27,27
ACGAM6PSi;PNTOte,1,0,27,27
ACGAM6PSi;PPAer,1,0,27,27
ACGAM6PSi;PPBNGS,1,0,27,27
ACGAM6PSi;PPCDC,1,0,27,27
ACGAM6PSi;PPIPItr,1,0,27,27
ACGAM6PSi;PPNCL2,1,0,27,27
ACGAM6PSi;PPPG9tm,1,0,27,27
ACGAM6PSi;PPPGOm,1,0,27,27
ACGAM6PSi;PROAKGOX1m,1,0,27,27
ACGAM6PSi;PROtm,2,0,26,27
ACGAM6PSi;PSDm_hs,0,1,28,26
ACGAM6PSi;PSFLIPm,0,1,28,26
ACGAM6PSi;PTPAT,1,0,27,27
ACGAM6PSi;PUNP1,0,1,28,26
ACGAM6PSi;PYK,0,2,28,25
ACGAM6PSi;R5Ptr,4,5,24,22
ACGAM6PSi;RBFK,4,4,24,23
ACGAM6PSi;RDH1a,0,1,28,26
ACGAM6PSi;RIBFLVt6,4,4,24,23
ACGAM6PSi;RPE,1,0,27,27
ACGAM6PSi;RPIr,4,5,24,22
ACGAM6PSi;RU5Ptr,4,5,24,22
ACGAM6PSi;R_group_phosphotase_1,1,0,27,27
ACGAM6PSi;S23T4g,1,0,27,27
ACGAM6PSi;S6T16g,1,0,27,27
ACGAM6PSi;S6T17g,1,0,27,27
ACGAM6PSi;S6T18g,1,0,27,27
ACGAM6PSi;S6TASE24ly,1,0,27,27
ACGAM6PSi;S6TASE25ly,1,0,27,27
ACGAM6PSi;S6TASE26ly,1,0,27,27
ACGAM6PSi;SADT,1,0,27,27
ACGAM6PSi;SIAASE4ly,1,0,27,27
ACGAM6PSi;SO4AKGtm,1,0,27,27
ACGAM6PSi;SO4MALtm,1,0,27,27
ACGAM6PSi;SO4tl,1,0,27,27
ACGAM6PSi;SUCOAS1m,1,1,27,26
ACGAM6PSi;Ser/Thrtg,1,0,27,27
ACGAM6PSi;THFtm,0,1,28,26
ACGAM6PSi;THRALANaEx,1,0,27,27
ACGAM6PSi;TKT1,1,0,27,27
ACGAM6PSi;TKT2,1,0,27,27
ACGAM6PSi;TPI,0,2,28,25
ACGAM6PSi;TXA2tr,0,2,28,25
ACGAM6PSi;TXB2c,0,2,28,25
ACGAM6PSi;TXB2r,0,2,28,25
ACGAM6PSi;TXB2tr,0,2,28,25
ACGAM6PSi;UDPACGALtl,1,0,27,27
ACGAM6PSi;UDPGD,2,0,26,27
ACGAM6PSi;UDPGLCAter,1,0,27,27
ACGAM6PSi;UDPtl,1,0,27,27
ACGAM6PSi;UGALNACtg,1,0,27,27
ACGAM6PSi;UMPK5,1,0,27,27
ACGAM6PSi;UPP3S,1,0,27,27
ACGAM6PSi;UPPDC1,1,0,27,27
ACGAM6PSi;UROLACer,1,0,27,27
ACGAMK;ACNAM9PL,0,1,28,26
ACGAMK;ACNAMPH,0,1,28,26
ACGAMK;AG13T10g,0,1,28,26
ACGAMK;AG13T11g,0,1,28,26
ACGAMK;AG13T12g,0,1,28,26
ACGAMK;AG13T13g,0,1,28,26
ACGAMK;AG13T14g,0,1,28,26
ACGAMK;AG13T15g,0,1,28,26
ACGAMK;AG13T4g,0,1,28,26
ACGAMK;AG13T5g,0,1,28,26
ACGAMK;AG13T6g,0,1,28,26
ACGAMK;AG13T7g,0,1,28,26
ACGAMK;AG13T8g,0,1,28,26
ACGAMK;AG13T9g,0,1,28,26
ACGAMK;AMANK,0,1,28,26
ACGAMK;BDMT,0,1,28,26
ACGAMK;CO2t,1,0,27,27
ACGAMK;DOLASNTer,0,1,28,26
ACGAMK;DOLDPPer,0,1,28,26
ACGAMK;DOLGLCP_ter,0,1,28,26
ACGAMK;DOLMANP_ter,0,1,28,26
ACGAMK;DOLPGT1er,0,1,28,26
ACGAMK;DOLPGT2er,0,1,28,26
ACGAMK;DOLPGT3er,0,1,28,26
ACGAMK;DOLPMT,0,1,28,26
ACGAMK;DOLPMT1er,0,1,28,26
ACGAMK;DOLPMT2_er,0,1,28,26
ACGAMK;DOLPMT3er,0,1,28,26
ACGAMK;DOLPMT4_er,0,1,28,26
ACGAMK;DOLP_ter,0,1,28,26
ACGAMK;DPCOAK,2,0,26,27
ACGAMK;F6T3g,0,1,28,26
ACGAMK;G12MT1,0,1,28,26
ACGAMK;G12MT2,0,1,28,26
ACGAMK;G13MT,0,1,28,26
ACGAMK;G14T10g,0,1,28,26
ACGAMK;G14T11g,0,1,28,26
ACGAMK;G14T12g,0,1,28,26
ACGAMK;G14T13g,0,1,28,26
ACGAMK;G14T14g,0,1,28,26
ACGAMK;G14T15g,0,1,28,26
ACGAMK;G14T16g,0,1,28,26
ACGAMK;G14T17g,0,1,28,26
ACGAMK;G14T6g,0,1,28,26
ACGAMK;G14T7g,0,1,28,26
ACGAMK;G14T8g,0,1,28,26
ACGAMK;G14T9g,0,1,28,26
ACGAMK;G14Tg,0,1,28,26
ACGAMK;G16MT,0,1,28,26
ACGAMK;GDPFUCtg,0,1,28,26
ACGAMK;GDPtg,0,1,28,26
ACGAMK;GF6PTA,1,1,27,26
ACGAMK;GFUCSx,0,1,28,26
ACGAMK;GLCNACPT,0,1,28,26
ACGAMK;GLCNACT,0,1,28,26
ACGAMK;GLCt1r,1,0,27,27
ACGAMK;GLCter,0,1,28,26
ACGAMK;GLUDC,0,1,28,26
ACGAMK;GMAND,0,1,28,26
ACGAMK;GMPtg,0,1,28,26
ACGAMK;H2O2t,1,0,27,27
ACGAMK;HEX16,0,1,28,26
ACGAMK;Htr,0,1,28,26
ACGAMK;KSIt,0,1,28,26
ACGAMK;M1316Mg,0,1,28,26
ACGAMK;M13N2Tg,0,1,28,26
ACGAMK;M16NT1g,0,1,28,26
ACGAMK;M4MPDOL_ter,0,1,28,26
ACGAMK;M8MASNterg,0,1,28,26
ACGAMK;MAN1PT2,0,1,28,26
ACGAMK;MAN6PI,0,1,28,26
ACGAMK;MANtg,0,1,28,26
ACGAMK;MG1er,0,1,28,26
ACGAMK;MG2er,0,1,28,26
ACGAMK;MG3er,0,1,28,26
ACGAMK;MM5ag,0,1,28,26
ACGAMK;MM6bg,0,1,28,26
ACGAMK;MM7Cag,0,1,28,26
ACGAMK;MM8Ag,0,1,28,26
ACGAMK;PIter,0,1,28,26
ACGAMK;PMANM,0,1,28,26
ACGAMK;PNTK,2,0,26,27
ACGAMK;PNTOte,2,0,26,27
ACGAMK;PPCDC,2,0,26,27
ACGAMK;PPNCL2,2,0,26,27
ACGAMK;PROSTGE2t,1,0,27,27
ACGAMK;PROSTGE2t2,1,0,27,27
ACGAMK;PTPAT,2,0,26,27
ACGAMK;S23T3g,0,1,28,26
ACGAMK;S6T10g,0,1,28,26
ACGAMK;S6T11g,0,1,28,26
ACGAMK;S6T12g,0,1,28,26
ACGAMK;S6T13g,0,1,28,26
ACGAMK;S6T14g,0,1,28,26
ACGAMK;S6T15g,0,1,28,26
ACGAMK;S6T4g,0,1,28,26
ACGAMK;S6T5g,0,1,28,26
ACGAMK;S6T6g,0,1,28,26
ACGAMK;S6T7g,0,1,28,26
ACGAMK;S6T8g,0,1,28,26
ACGAMK;S6T9g,0,1,28,26
ACGAMK;SO4CLtex2,0,1,28,26
ACGAMK;TXA2tr,0,1,28,26
ACGAMK;TXB2c,0,1,28,26
ACGAMK;TXB2r,0,1,28,26
ACGAMK;TXB2tr,0,1,28,26
ACGAMK;UDPDOLPT,0,1,28,26
ACGAMPM;ACHVESSEC,0,1,28,26
ACGAMPM;ACHe,0,1,28,26
ACGAMPM;ACHtn,0,1,28,26
ACGAMPM;ACITLn,0,1,28,26
ACGAMPM;ADK1m,0,1,28,26
ACGAMPM;ADK3m,1,0,27,27
ACGAMPM;ADNt4,0,1,28,26
ACGAMPM;ADPT,0,1,28,26
ACGAMPM;ADPtn,0,1,28,26
ACGAMPM;AKGSUCCtm,1,0,27,27
ACGAMPM;AKR1C41,0,1,28,26
ACGAMPM;ALASm,1,0,27,27
ACGAMPM;ALAtN1,0,1,28,26
ACGAMPM;ALDD19xrm,1,0,27,27
ACGAMPM;ALDD19yrm,1,0,27,27
ACGAMPM;ALDD2x,0,1,28,26
ACGAMPM;ASPTA,0,1,28,26
ACGAMPM;ASPt6,1,1,27,26
ACGAMPM;ATPS4m,1,0,27,27
ACGAMPM;ATPtm,0,1,28,26
ACGAMPM;ATPtn,0,1,28,26
ACGAMPM;BILIRED2,1,0,27,27
ACGAMPM;BILIRUBtr,1,0,27,27
ACGAMPM;CBPPer,2,0,26,27
ACGAMPM;CBPter,2,0,26,27
ACGAMPM;CHAT,0,2,28,25
ACGAMPM;CHATn,0,1,28,26
ACGAMPM;CHOLtn,0,1,28,26
ACGAMPM;CITtn,0,1,28,26
ACGAMPM;CLHCOtex,1,0,27,27
ACGAMPM;COt,1,0,27,27
ACGAMPM;CPPPGO,1,0,27,27
ACGAMPM;CSm,0,1,28,26
ACGAMPM;CYTK1,1,0,27,27
ACGAMPM;CYTK8,1,0,27,27
ACGAMPM;DASCBR,1,0,27,27
ACGAMPM;DHCHOLOR,0,1,28,26
ACGAMPM;DHFR,0,2,28,25
ACGAMPM;DHFR3m,0,1,28,26
ACGAMPM;DHFR3x,0,1,28,26
ACGAMPM;DHFRm,0,3,28,24
ACGAMPM;DHFtm,0,2,28,25
ACGAMPM;DPCOAK,2,0,26,27
ACGAMPM;FADDPle,4,4,24,23
ACGAMPM;FADte,4,4,24,23
ACGAMPM;FBA3,1,0,27,27
ACGAMPM;FCLTm,1,0,27,27
ACGAMPM;FE2tm,1,0,27,27
ACGAMPM;FMNALKPle,4,4,24,23
ACGAMPM;FMNAT,4,4,24,23
ACGAMPM;FOLtm,0,1,28,26
ACGAMPM;FUM,0,1,28,26
ACGAMPM;G6PPer,2,0,26,27
ACGAMPM;GLUt6,0,1,28,26
ACGAMPM;GLXtm,0,1,28,26
ACGAMPM;GLXtp,0,1,28,26
ACGAMPM;GLYCLTDym,0,1,28,26
ACGAMPM;GLYCLTtm,0,1,28,26
ACGAMPM;GLYCLTtp,0,1,28,26
ACGAMPM;GLYCTO1p,0,1,28,26
ACGAMPM;GLYt4,2,1,26,26
ACGAMPM;GPCCPDE,1,0,27,27
ACGAMPM;GTPGDPtm,2,1,26,26
ACGAMPM;H2O2t,1,0,27,27
ACGAMPM;HCO3E,1,0,27,27
ACGAMPM;HCO3Ee,2,0,26,27
ACGAMPM;HCO3Em,1,0,27,27
ACGAMPM;HCO3_CLt,1,0,27,27
ACGAMPM;HCO3tm,1,0,27,27
ACGAMPM;HMBS,1,0,27,27
ACGAMPM;HMGL,0,1,28,26
ACGAMPM;HMGLm,0,1,28,26
ACGAMPM;HOXG,1,0,27,27
ACGAMPM;Htr,0,1,28,26
ACGAMPM;ICITCITtm,0,1,28,26
ACGAMPM;ICITMALtm,0,1,28,26
ACGAMPM;KCCt,0,1,28,26
ACGAMPM;LDH_L,0,1,28,26
ACGAMPM;LPASE,1,0,27,27
ACGAMPM;MAL_Lte,1,2,27,25
ACGAMPM;MDHm,0,1,28,26
ACGAMPM;METDECARc,0,1,28,26
ACGAMPM;METTRANSc,0,1,28,26
ACGAMPM;NADH2_u10m,1,1,27,26
ACGAMPM;NDPK1,1,0,27,27
ACGAMPM;NH4tr,2,0,26,27
ACGAMPM;NTD7e,0,1,28,26
ACGAMPM;OAAtn,0,1,28,26
ACGAMPM;OCOAT1m,0,1,28,26
ACGAMPM;OROTGLUt,0,1,28,26
ACGAMPM;OROTte,0,1,28,26
ACGAMPM;PE_HStm,0,1,28,26
ACGAMPM;PFK_3,1,0,27,27
ACGAMPM;PGI,0,1,28,26
ACGAMPM;PHEMEtm,1,0,27,27
ACGAMPM;PIMALtm,1,0,27,27
ACGAMPM;PIt2e,0,1,28,26
ACGAMPM;PIt2m_2,0,2,28,25
ACGAMPM;PIt7,2,0,26,27
ACGAMPM;PIt9,1,2,27,25
ACGAMPM;PItn,0,1,28,26
ACGAMPM;PNTK,2,0,26,27
ACGAMPM;PNTOte,2,0,26,27
ACGAMPM;PPAer,1,0,27,27
ACGAMPM;PPBNGS,1,0,27,27
ACGAMPM;PPCDC,2,0,26,27
ACGAMPM;PPIPItr,1,0,27,27
ACGAMPM;PPNCL2,2,0,26,27
ACGAMPM;PPPG9tm,1,0,27,27
ACGAMPM;PPPGOm,1,0,27,27
ACGAMPM;PROAKGOX1m,1,0,27,27
ACGAMPM;PROtm,2,0,26,27
ACGAMPM;PSDm_hs,0,1,28,26
ACGAMPM;PSFLIPm,0,1,28,26
ACGAMPM;PTPAT,2,0,26,27
ACGAMPM;PUNP1,0,1,28,26
ACGAMPM;PYK,0,2,28,25
ACGAMPM;R5Ptr,4,4,24,23
ACGAMPM;RBFK,4,4,24,23
ACGAMPM;RDH1a,0,1,28,26
ACGAMPM;RIBFLVt6,4,4,24,23
ACGAMPM;RPE,1,0,27,27
ACGAMPM;RPIr,4,4,24,23
ACGAMPM;RU5Ptr,4,4,24,23
ACGAMPM;R_group_phosphotase_1,1,0,27,27
ACGAMPM;SO4AKGtm,1,0,27,27
ACGAMPM;SO4MALtm,1,0,27,27
ACGAMPM;SUCOAS1m,1,1,27,26
ACGAMPM;THFtm,0,1,28,26
ACGAMPM;TKT1,1,0,27,27
ACGAMPM;TKT2,1,0,27,27
ACGAMPM;TPI,0,2,28,25
ACGAMPM;TXA2tr,0,1,28,26
ACGAMPM;TXB2c,0,1,28,26
ACGAMPM;TXB2r,0,1,28,26
ACGAMPM;TXB2tr,0,1,28,26
ACGAMPM;UDPGD,1,0,27,27
ACGAMPM;UDPGLCAter,1,0,27,27
ACGAMPM;UPP3S,1,0,27,27
ACGAMPM;UPPDC1,1,0,27,27
ACGAMtly;ACHtn,0,1,28,26
ACGAMtly;ACITLn,0,1,28,26
ACGAMtly;ADK1m,0,1,28,26
ACGAMtly;ADPtn,0,1,28,26
ACGAMtly;ALDD2x,0,1,28,26
ACGAMtly;ASPTA,0,1,28,26
ACGAMtly;ATPtn,0,1,28,26
ACGAMtly;CHATn,0,1,28,26
ACGAMtly;CHOLtn,0,1,28,26
ACGAMtly;CITRt2m,0,1,28,26
ACGAMtly;CITRtm,0,1,28,26
ACGAMtly;CITtn,0,1,28,26
ACGAMtly;CO2t,1,0,27,27
ACGAMtly;CSm,0,1,28,26
ACGAMtly;DASCBR,1,0,27,27
ACGAMtly;DPCOAK,2,0,26,27
ACGAMtly;GF6PTA,1,0,27,27
ACGAMtly;GLCt1r,1,0,27,27
ACGAMtly;GLYt4,2,0,26,27
ACGAMtly;GPCCPDE,1,0,27,27
ACGAMtly;H2O2t,1,0,27,27
ACGAMtly;HMGCOASim,0,1,28,26
ACGAMtly;HMGLm,0,1,28,26
ACGAMtly;ICITCITtm,0,1,28,26
ACGAMtly;ICITMALtm,0,1,28,26
ACGAMtly;LPASE,1,0,27,27
ACGAMtly;MDHm,0,1,28,26
ACGAMtly;NADH2_u10m,0,1,28,26
ACGAMtly;NDP7er,0,1,28,26
ACGAMtly;OAAtn,0,1,28,26
ACGAMtly;PDHa,0,1,28,26
ACGAMtly;PDHbr,0,1,28,26
ACGAMtly;PIt9,1,0,27,27
ACGAMtly;PItn,0,1,28,26
ACGAMtly;PNTK,2,0,26,27
ACGAMtly;PNTOte,2,0,26,27
ACGAMtly;PPCDC,2,0,26,27
ACGAMtly;PPNCL2,2,0,26,27
ACGAMtly;PROSTGE2t,1,0,27,27
ACGAMtly;PROSTGE2t2,1,0,27,27
ACGAMtly;PTPAT,2,0,26,27
ACGAMtly;PYRt2m,0,1,28,26
ACGAMtly;R_group_phosphotase_1,1,0,27,27
ACGAMtly;THRALANaEx,1,0,27,27
ACGAMtly;UAG4E,0,1,28,26
ACGAMtly;UMPK5,1,0,27,27
ACHEe;CLFORtex,1,0,27,27
ACHEe;PYRt4_2,1,0,27,27
ACHVESSEC;GF6PTA,0,1,28,26
ACHVESSEC;H2Otg,0,1,28,26
ACHVESSEC;Htg,0,1,28,26
ACHVESSEC;NDP7g,0,1,28,26
ACHVESSEC;PItg,0,1,28,26
ACHVESSEC;UAGDP,0,1,28,26
ACHe;B3GNT310g,0,1,28,26
ACHe;B3GNT39g,0,1,28,26
ACHe;B3GNT51g,0,1,28,26
ACHe;CERT2gt,0,1,28,26
ACHe;GALU,0,1,28,26
ACHe;GDPFUCtg,0,1,28,26
ACHe;GDPtg,0,1,28,26
ACHe;GF6PTA,0,1,28,26
ACHe;GFUCSx,0,1,28,26
ACHe;GMAND,0,1,28,26
ACHe;GMPtg,0,1,28,26
ACHe;H2Otg,0,1,28,26
ACHe;Htg,0,1,28,26
ACHe;MAN1PT2,0,1,28,26
ACHe;MAN6PI,0,1,28,26
ACHe;NAt,0,1,28,26
ACHe;NAt3_1,0,1,28,26
ACHe;NDP7g,0,1,28,26
ACHe;PGMT,0,1,28,26
ACHe;PItg,0,1,28,26
ACHe;PMANM,0,1,28,26
ACHe;PYRt4_2,1,0,27,27
ACHe;UAGDP,0,1,28,26
ACHe;UDPG4E,0,1,28,26
ACHe;UDPGALtg,0,1,28,26
ACHe;UGCGc,0,1,28,26
ACHe;UGLCNACtg,0,1,28,26
ACHtn;ACITL,2,0,26,27
ACHtn;ACNMLr,0,1,28,26
ACHtn;ACOAS,4,5,24,22
ACHtn;ADNK3,0,1,28,26
ACHtn;ADSK,0,1,28,26
ACHtn;AHC,0,1,28,26
ACHtn;AHCYStn,0,1,28,26
ACHtn;ALASm,1,0,27,27
ACHtn;ALCD1,0,1,28,26
ACHtn;ALDD19xrm,0,1,28,26
ACHtn;ALDD19yrm,0,1,28,26
ACHtn;ALDD2y,4,4,24,23
ACHtn;AMETtn,0,1,28,26
ACHtn;ARSA,0,1,28,26
ACHtn;ASPPROASCT1,1,1,27,26
ACHtn;ASPt6,3,2,25,25
ACHtn;ATPtm,1,2,27,25
ACHtn;B3GALTg,0,1,28,26
ACHtn;B3GNT51g,0,1,28,26
ACHtn;BETALDHxm,0,1,28,26
ACHtn;BHMT,0,1,28,26
ACHtn;BILIRED2,1,0,27,27
ACHtn;BILIRUBtr,1,0,27,27
ACHtn;BPNT,0,1,28,26
ACHtn;CERT2rt,0,1,28,26
ACHtn;CHLtm,0,1,28,26
ACHtn;CHOLD2m,0,1,28,26
ACHtn;CLHCO3tex2,1,0,27,27
ACHtn;CLHCOtex,1,0,27,27
ACHtn;CMPACNAtg,0,1,28,26
ACHtn;CMPSAS,0,1,28,26
ACHtn;CO2tm,0,1,28,26
ACHtn;CORE6GTg,0,1,28,26
ACHtn;COt,1,0,27,27
ACHtn;CPPPGO,1,0,27,27
ACHtn;DHFR,2,0,26,27
ACHtn;DHFR3m,1,0,27,27
ACHtn;DHFR3x,1,0,27,27
ACHtn;DHFRx,1,0,27,27
ACHtn;DHFtm,1,0,27,27
ACHtn;DMGDHm,0,1,28,26
ACHtn;DMGtm,0,1,28,26
ACHtn;F1Atg,0,1,28,26
ACHtn;FALDtm,0,1,28,26
ACHtn;FALDtx,0,1,28,26
ACHtn;FCLTm,1,0,27,27
ACHtn;FE2tm,1,0,27,27
ACHtn;FOLtm,1,0,27,27
ACHtn;FUCACNGALACGLCGALGLUSIDEte,0,1,28,26
ACHtn;FUCACNGALACGLCGALGLUSIDEtg,0,1,28,26
ACHtn;FUT32g,0,1,28,26
ACHtn;GAL3ST11,0,1,28,26
ACHtn;GALASE19ly,0,1,28,26
ACHtn;GALGLUSIDEtg,0,1,28,26
ACHtn;GALGLUSIDEtr,0,1,28,26
ACHtn;GALNTg,0,1,28,26
ACHtn;GALSIDEtg,0,1,28,26
ACHtn;GALSIDEtl,0,1,28,26
ACHtn;GALU,0,1,28,26
ACHtn;GALtly,0,1,28,26
ACHtn;GDPFUCtg,0,1,28,26
ACHtn;GDPtg,0,1,28,26
ACHtn;GF6PTA,0,1,28,26
ACHtn;GFUCS,0,1,28,26
ACHtn;GHMT2rm,0,1,28,26
ACHtn;GLUDC,2,0,26,27
ACHtn;GLUDxm,0,1,28,26
ACHtn;GLUt2m,0,1,28,26
ACHtn;GLYBtm,0,1,28,26
ACHtn;GLYtm,0,1,28,26
ACHtn;GLYtp,0,1,28,26
ACHtn;GMAND,0,1,28,26
ACHtn;GMPtg,0,1,28,26
ACHtn;GTPGDPtm,1,0,27,27
ACHtn;H2O2tp,0,1,28,26
ACHtn;H2Otg,0,1,28,26
ACHtn;H2Otly,0,1,28,26
ACHtn;H2Otp,0,1,28,26
ACHtn;H3K9MET_1,0,1,28,26
ACHtn;H3K9MET_2,0,1,28,26
ACHtn;H3K9MET_3,0,1,28,26
ACHtn;H3K9_synthesis,0,1,28,26
ACHtn;HCO3Ee,2,0,26,27
ACHtn;HCO3_CLt,1,0,27,27
ACHtn;HMBS,1,0,27,27
ACHtn;HOXG,1,0,27,27
ACHtn;Htg,0,1,28,26
ACHtn;IDHPOXOX2b,0,1,28,26
ACHtn;IDHPOXOX4,0,1,28,26
ACHtn;IDHPOXOXb,0,1,28,26
ACHtn;KCCt,0,1,28,26
ACHtn;LDH_L,0,1,28,26
ACHtn;LYStn,0,1,28,26
ACHtn;MAL_Lte,2,3,26,24
ACHtn;MAN1PT2,0,1,28,26
ACHtn;MAN6PI,0,1,28,26
ACHtn;MDH,0,1,28,26
ACHtn;MEOHt2,0,1,28,26
ACHtn;METAT,0,1,28,26
ACHtn;MTHFCm,0,1,28,26
ACHtn;MTHFDm,0,1,28,26
ACHtn;N4Tg,0,1,28,26
ACHtn;NAGA2ly,0,1,28,26
ACHtn;NAGLCAly,0,1,28,26
ACHtn;NAIt,0,1,28,26
ACHtn;NCKt,0,1,28,26
ACHtn;NCNt,0,1,28,26
ACHtn;NDP7er,1,1,27,26
ACHtn;NDP7g,0,1,28,26
ACHtn;NH4tm,0,1,28,26
ACHtn;NQO2,0,1,28,26
ACHtn;O2tp,0,1,28,26
ACHtn;PAPStg,0,1,28,26
ACHtn;PAPtg,0,1,28,26
ACHtn;PGMT,0,1,28,26
ACHtn;PHEMEtm,1,0,27,27
ACHtn;PHEOX,0,1,28,26
ACHtn;PHETA1,0,1,28,26
ACHtn;PIMALtm,1,0,27,27
ACHtn;PIt2m_2,2,1,26,26
ACHtn;PIter,0,1,28,26
ACHtn;PItg,0,1,28,26
ACHtn;PMANM,0,1,28,26
ACHtn;PPBNGS,1,0,27,27
ACHtn;PPPG9tm,1,0,27,27
ACHtn;PPPGOm,1,0,27,27
ACHtn;PROGLUtm,1,1,27,26
ACHtn;PROtm,1,0,27,27
ACHtn;PYRtm,1,0,27,27
ACHtn;SADT,0,1,28,26
ACHtn;SARCOXp,0,1,28,26
ACHtn;SARCStm,0,1,28,26
ACHtn;SARCStp,0,1,28,26
ACHtn;SERTm,0,1,28,26
ACHtn;SGALSIDEtg,0,1,28,26
ACHtn;SGALSIDEtl,0,1,28,26
ACHtn;SO3AKGtm,1,0,27,27
ACHtn;SO3MALtm,1,0,27,27
ACHtn;SO4HCOtex,0,1,28,26
ACHtn;SO4tl,0,1,28,26
ACHtn;SSALym,1,0,27,27
ACHtn;ST3GAL31g,0,1,28,26
ACHtn;SUCCICITtm,1,0,27,27
ACHtn;SUCOAS1m,1,0,27,27
ACHtn;Ser/Thrtg,0,1,28,26
ACHtn;THFtm,2,0,26,27
ACHtn;THRA,4,4,24,23
ACHtn;THYPX,0,1,28,26
ACHtn;THYST,0,1,28,26
ACHtn;UAGDP,0,1,28,26
ACHtn;UDPACGALtl,0,1,28,26
ACHtn;UDPG4E,0,1,28,26
ACHtn;UDPGALt2r,0,1,28,26
ACHtn;UDPGALtg,0,1,28,26
ACHtn;UDPGGPGTr,0,1,28,26
ACHtn;UDPGLCAter,1,0,27,27
ACHtn;UDPtl,0,1,28,26
ACHtn;UGALNACtg,0,1,28,26
ACHtn;UGCGc,0,1,28,26
ACHtn;UGLCNACtg,0,1,28,26
ACHtn;UMPtr,0,1,28,26
ACHtn;UPP3S,1,0,27,27
ACHtn;UPPDC1,1,0,27,27
ACHtn;peplys_synthesis,0,1,28,26
ACHtn;q10h2tc,0,1,28,26
ACHtn;q10tm,0,1,28,26
ACITL;ACITLn,2,0,26,27
ACITL;ADPtn,2,0,26,27
ACITL;ATPtn,2,0,26,27
ACITL;CHAT,1,0,27,27
ACITL;CHATn,2,0,26,27
ACITL;CHOLtn,2,0,26,27
ACITL;CITtn,2,0,26,27
ACITL;OAAtn,2,0,26,27
ACITL;PItn,2,0,26,27
ACITLn;H3K9MET_1,0,1,28,26
ACITLn;H3K9MET_2,0,1,28,26
ACITLn;H3K9MET_3,0,1,28,26
ACITLn;H3K9_synthesis,0,1,28,26
ACITLn;LYStn,0,1,28,26
ACITLn;peplys_synthesis,0,1,28,26
ACLACte;CLFORtex2,1,0,27,27
ACLACte;UMPK,0,1,28,26
ACNAM9PL;CITRt2m,0,1,28,26
ACNAM9PL;CITRtm,0,1,28,26
ACNAM9PL;DASCBR,1,0,27,27
ACNAM9PL;GPCCPDE,1,0,27,27
ACNAM9PL;LPASE,1,0,27,27
ACNAM9PL;NDP7er,0,1,28,26
ACNAM9PL;R_group_phosphotase_1,1,0,27,27
ACNAM9PL;THRALANaEx,1,0,27,27
ACNAM9PL;UAG4E,0,1,28,26
ACNAM9PL;UMPK5,1,0,27,27
ACNAMPH;CITRt2m,0,1,28,26
ACNAMPH;CITRtm,0,1,28,26
ACNAMPH;DASCBR,1,0,27,27
ACNAMPH;GPCCPDE,1,0,27,27
ACNAMPH;LPASE,1,0,27,27
ACNAMPH;NDP7er,0,1,28,26
ACNAMPH;R_group_phosphotase_1,1,0,27,27
ACNAMPH;THRALANaEx,1,0,27,27
ACNAMPH;UAG4E,0,1,28,26
ACNAMPH;UMPK5,1,0,27,27
ACNAMlt;CITRt2m,0,1,28,26
ACNAMlt;CITRtm,0,1,28,26
ACNAMlt;DASCBR,1,0,27,27
ACNAMlt;GF6PTA,1,0,27,27
ACNAMlt;GLCt1r,1,0,27,27
ACNAMlt;GLYt4,2,0,26,27
ACNAMlt;GPCCPDE,1,0,27,27
ACNAMlt;HMGCOASim,0,1,28,26
ACNAMlt;LPASE,1,0,27,27
ACNAMlt;NDP7er,0,1,28,26
ACNAMlt;PDHa,0,1,28,26
ACNAMlt;PDHbr,0,1,28,26
ACNAMlt;PYRt2m,0,1,28,26
ACNAMlt;R_group_phosphotase_1,1,0,27,27
ACNAMlt;THRALANaEx,1,0,27,27
ACNAMlt;UAG4E,0,1,28,26
ACNAMlt;UMPK5,1,0,27,27
ACNMLr;ACITLn,0,1,28,26
ACNMLr;ADK1m,0,1,28,26
ACNMLr;ADPtn,0,1,28,26
ACNMLr;ALDD2x,0,1,28,26
ACNMLr;ASPTA,0,1,28,26
ACNMLr;ATPtn,0,1,28,26
ACNMLr;CHATn,0,1,28,26
ACNMLr;CHOLtn,0,1,28,26
ACNMLr;CITtn,0,1,28,26
ACNMLr;CSm,0,1,28,26
ACNMLr;DRPA,0,1,28,26
ACNMLr;HMGCOASim,0,1,28,26
ACNMLr;HMGLm,0,1,28,26
ACNMLr;ICITCITtm,0,1,28,26
ACNMLr;ICITMALtm,0,1,28,26
ACNMLr;MDHm,0,1,28,26
ACNMLr;NADH2_u10m,0,1,28,26
ACNMLr;OAAtn,0,1,28,26
ACNMLr;PDHa,0,1,28,26
ACNMLr;PDHbr,0,1,28,26
ACNMLr;PItn,0,1,28,26
ACNMLr;PPM2,0,1,28,26
ACNMLr;PYRt2m,0,1,28,26
ACOAD1fm;HMGCOASi,1,0,27,27
ACOAD203n6p;H2Oter,0,1,28,26
ACOAD203n6p;Htr,0,1,28,26
ACOAD241n9p;ALAt2r,1,0,27,27
ACOAD241n9p;DHFR,0,1,28,26
ACOAD241n9p;DHFR3m,0,1,28,26
ACOAD241n9p;DHFR3x,0,1,28,26
ACOAD241n9p;DHFRm,0,1,28,26
ACOAD241n9p;FOLtm,0,1,28,26
ACOAD241n9p;GLXtm,0,1,28,26
ACOAD241n9p;GLXtp,0,1,28,26
ACOAD241n9p;GLYCLTDym,0,1,28,26
ACOAD241n9p;GLYCLTtm,0,1,28,26
ACOAD241n9p;GLYCLTtp,0,1,28,26
ACOAD241n9p;GLYCTO1p,0,1,28,26
ACOAD241n9p;RTOT4,0,1,28,26
ACOAD241n9p;THFtm,0,1,28,26
ACOAHim;ALDD2y,0,1,28,26
ACOAHim;ATPtm,0,1,28,26
ACOAHim;FUMMALtm,0,1,28,26
ACOAHim;FUMm,0,1,28,26
ACOAHim;G5SADm,0,1,28,26
ACOAHim;G5SADr,0,1,28,26
ACOAHim;GLU5SAtmc,0,1,28,26
ACOAHim;P5CRxm,0,1,28,26
ACOAHim;PRO1x,0,1,28,26
ACOAHim;THRA,0,1,28,26
ACOAS;ACITLn,4,5,24,22
ACOAS;ACONTa,2,0,26,27
ACOAS;ACONTam,2,0,26,27
ACOAS;ACONTb,2,0,26,27
ACOAS;ACONTbm,3,0,25,27
ACOAS;ADK1m,0,1,28,26
ACOAS;ADPt4,0,1,28,26
ACOAS;ADPtn,4,5,24,22
ACOAS;AKGACONtm,1,0,27,27
ACOAS;AKGDa1,1,1,27,26
ACOAS;AKGDa2,1,1,27,26
ACOAS;AKGDb,1,1,27,26
ACOAS;AKGICITtm,1,0,27,27
ACOAS;AKGLACte,0,1,28,26
ACOAS;AKGSUCCtm,1,0,27,27
ACOAS;ALASm,3,1,25,26
ACOAS;ALAt2r,2,0,26,27
ACOAS;ALDD19xrm,1,0,27,27
ACOAS;ALDD19yrm,1,0,27,27
ACOAS;ALDD2x,0,1,28,26
ACOAS;AMPt4,0,1,28,26
ACOAS;ARTFR12,0,1,28,26
ACOAS;ASPTA,0,2,28,25
ACOAS;ASPte,1,0,27,27
ACOAS;ATPtn,4,5,24,22
ACOAS;BILDGLCURt,0,1,28,26
ACOAS;BILDGLCURtr,0,1,28,26
ACOAS;BILIRED2,3,1,25,26
ACOAS;BILIRUBtr,2,1,26,26
ACOAS;C161CPT1,0,1,28,26
ACOAS;CACT4r,0,1,28,26
ACOAS;CBPPer,1,0,27,27
ACOAS;CBPter,1,0,27,27
ACOAS;CGMPt,0,1,28,26
ACOAS;CHAT,4,5,24,22
ACOAS;CHATn,4,5,24,22
ACOAS;CHOLtn,4,5,24,22
ACOAS;CITSUCCtm,2,2,26,25
ACOAS;CITtn,4,5,24,22
ACOAS;CO2tm,2,0,26,27
ACOAS;COAtr,0,1,28,26
ACOAS;COt,3,1,25,26
ACOAS;CPPPGO,3,1,25,26
ACOAS;CSm,1,5,27,22
ACOAS;DESAT16_1,0,1,28,26
ACOAS;DHFR,0,1,28,26
ACOAS;DHFRm,0,1,28,26
ACOAS;DHFtm,0,1,28,26
ACOAS;DLD,1,0,27,27
ACOAS;FADDPle,1,2,27,25
ACOAS;FADte,1,2,27,25
ACOAS;FCLTm,3,1,25,26
ACOAS;FE2tm,3,1,25,26
ACOAS;FMNALKPle,1,2,27,25
ACOAS;FMNAT,1,2,27,25
ACOAS;FTHFDHm,1,0,27,27
ACOAS;G6PPer,1,0,27,27
ACOAS;GALU,2,1,26,26
ACOAS;GLXtm,0,1,28,26
ACOAS;GLXtp,0,1,28,26
ACOAS;GLYATm,1,0,27,27
ACOAS;GLYCLTDym,0,1,28,26
ACOAS;GLYCLTtm,0,1,28,26
ACOAS;GLYCLTtp,0,1,28,26
ACOAS;GLYCTO1p,0,1,28,26
ACOAS;GLYt2r,0,1,28,26
ACOAS;GLYt7_211_r,1,0,27,27
ACOAS;GLYtm,1,0,27,27
ACOAS;GPCCPDE,1,0,27,27
ACOAS;GTPGDPtm,1,0,27,27
ACOAS;GUACYC,0,1,28,26
ACOAS;H2Oter,1,0,27,27
ACOAS;HCO3E,0,1,28,26
ACOAS;HCO3Ee,1,0,27,27
ACOAS;HCO3Em,1,0,27,27
ACOAS;HCO3_CLt,1,0,27,27
ACOAS;HCO3tm,1,0,27,27
ACOAS;HMBS,3,1,25,26
ACOAS;HMGLm,0,2,28,25
ACOAS;HOXG,3,1,25,26
ACOAS;Htr,0,1,28,26
ACOAS;ICDHyrm,4,0,24,27
ACOAS;ICITCITtm,0,3,28,24
ACOAS;ICITMALtm,1,3,27,24
ACOAS;LDH_Lm,0,1,28,26
ACOAS;LPASE,1,0,27,27
ACOAS;L_LACtm,0,1,28,26
ACOAS;MAL_Lte,1,0,27,27
ACOAS;MDH,0,2,28,25
ACOAS;MDHm,1,5,27,22
ACOAS;NADH2_u10m,0,2,28,25
ACOAS;NDP7er,2,1,26,26
ACOAS;NDPK1,1,0,27,27
ACOAS;NH4tr,1,0,27,27
ACOAS;OAADC,1,0,27,27
ACOAS;OAAtn,4,5,24,22
ACOAS;OCOAT1m,1,0,27,27
ACOAS;OXALSUCCCLm,4,0,24,27
ACOAS;PEPCK,1,0,27,27
ACOAS;PGMT,2,1,26,26
ACOAS;PHEMEtm,3,1,25,26
ACOAS;PIMALtm,1,0,27,27
ACOAS;PIt2m_2,0,1,28,26
ACOAS;PIt2r,1,0,27,27
ACOAS;PIt7,1,3,27,24
ACOAS;PIter,0,1,28,26
ACOAS;PItn,3,5,25,22
ACOAS;PLMCOAPTr,0,1,28,26
ACOAS;PPAm,0,1,28,26
ACOAS;PPBNGS,3,1,25,26
ACOAS;PPItm,0,1,28,26
ACOAS;PPPG9tm,3,1,25,26
ACOAS;PPPGOm,3,1,25,26
ACOAS;PROAKGOX1m,2,0,26,27
ACOAS;PROGLUtm,1,0,27,27
ACOAS;PROtm,2,0,26,27
ACOAS;PYRt2m,0,1,28,26
ACOAS;PYRt4_2,1,0,27,27
ACOAS;PYRtm,1,0,27,27
ACOAS;R5Ptr,0,1,28,26
ACOAS;RBFK,1,2,27,25
ACOAS;RDH1,0,1,28,26
ACOAS;RDH1a,0,1,28,26
ACOAS;RIBFLVt6,1,2,27,25
ACOAS;RND213,1,0,27,27
ACOAS;RPIr,0,1,28,26
ACOAS;RU5Ptr,0,1,28,26
ACOAS;R_group_phosphotase_1,1,0,27,27
ACOAS;SO4AKGtm,1,0,27,27
ACOAS;SO4MALtm,1,0,27,27
ACOAS;SUCOAS1m,1,0,27,27
ACOAS;THFtm,1,0,27,27
ACOAS;THR3Dx,1,0,27,27
ACOAS;TPI,0,1,28,26
ACOAS;TXA2tr,0,1,28,26
ACOAS;TXB2c,0,1,28,26
ACOAS;TXB2r,0,1,28,26
ACOAS;TXB2tr,0,1,28,26
ACOAS;UDPGCURtr,1,1,27,26
ACOAS;UDPGD,3,1,25,26
ACOAS;UDPGLCAter,2,0,26,27
ACOAS;UGT1A2r,0,1,28,26
ACOAS;UMPtr,1,1,27,26
ACOAS;UPP3S,3,1,25,26
ACOAS;UPPDC1,3,1,25,26
ACOATE204;ALAt2r,1,0,27,27
ACOD;ACRNtm,1,0,27,27
ACOD;ALDD2y,0,1,28,26
ACOD;ARTFR41,0,1,28,26
ACOD;ASPte,0,1,28,26
ACOD;ATPtm,0,4,28,23
ACOD;C161CPT1,0,1,28,26
ACOD;CACT4r,0,1,28,26
ACOD;CO2tm,0,1,28,26
ACOD;COAtr,0,1,28,26
ACOD;CRNtim,1,0,27,27
ACOD;CSNATm,1,0,27,27
ACOD;CSNATr,1,0,27,27
ACOD;DESAT16_1,0,1,28,26
ACOD;DHFRm,0,1,28,26
ACOD;DHFtm,0,1,28,26
ACOD;FUMMALtm,0,1,28,26
ACOD;FUMm,0,1,28,26
ACOD;G5SADm,0,1,28,26
ACOD;G5SADr,0,1,28,26
ACOD;GLU5SAtmc,0,1,28,26
ACOD;GLUDC,0,1,28,26
ACOD;GLYATm,0,1,28,26
ACOD;GLYC3Ptmc,0,1,28,26
ACOD;GLYCtm,0,1,28,26
ACOD;GLYKm,0,1,28,26
ACOD;GLYtm,0,1,28,26
ACOD;H2O2tp,0,1,28,26
ACOD;MAL_Lte,0,3,28,24
ACOD;METOX,0,1,28,26
ACOD;O2tp,0,1,28,26
ACOD;P5CRxm,0,2,28,25
ACOD;PGLYCH,0,1,28,26
ACOD;PIt2m_2,0,1,28,26
ACOD;PLMCOAPTr,0,1,28,26
ACOD;PMTCOAFABP1tc,0,1,28,26
ACOD;PRO1x,0,1,28,26
ACOD;PROD2m,0,1,28,26
ACOD;PYRAKGte,0,1,28,26
ACOD;PYRt2m,1,2,27,25
ACOD;RTOT4,0,1,28,26
ACOD;THR3Dx,0,1,28,26
ACOD;THRA,0,1,28,26
ACOD;UNK3,0,1,28,26
ACONTa;ACONTam,1,0,27,27
ACONTa;ACRNtm,1,0,27,27
ACONTa;AKGACONtm,1,0,27,27
ACONTa;AKGCITtm,1,0,27,27
ACONTa;AKGGHTRDtm,1,0,27,27
ACONTa;ALASm,2,0,26,27
ACONTa;ALATA_L,1,0,27,27
ACONTa;ALDD2y,2,0,26,27
ACONTa;ASPDH,1,0,27,27
ACONTa;ASPPROASCT1,1,1,27,26
ACONTa;ASPt6,0,1,28,26
ACONTa;ASPte,0,1,28,26
ACONTa;BILIRED2,2,0,26,27
ACONTa;BILIRUBtr,2,0,26,27
ACONTa;CITACONtm,1,0,27,27
ACONTa;CLHCO3tex2,1,0,27,27
ACONTa;CO2tm,1,1,27,26
ACONTa;COt,2,0,26,27
ACONTa;CPPPGO,2,0,26,27
ACONTa;CRNtim,1,0,27,27
ACONTa;CSNATm,1,0,27,27
ACONTa;CSNATr,1,0,27,27
ACONTa;CYANSTm,0,1,28,26
ACONTa;CYSO,0,1,28,26
ACONTa;DHCR241r,1,0,27,27
ACONTa;EBP2r,1,0,27,27
ACONTa;FCLTm,2,0,26,27
ACONTa;FE2tm,2,0,26,27
ACONTa;GLCt1r,1,0,27,27
ACONTa;GLUDC,1,0,27,27
ACONTa;GLUDym,0,1,28,26
ACONTa;GLUPROASCT1,1,0,27,27
ACONTa;GTPGDPtm,1,0,27,27
ACONTa;HCO3Ee,1,0,27,27
ACONTa;HCO3Em,1,0,27,27
ACONTa;HCO3tm,1,0,27,27
ACONTa;HMBS,2,0,26,27
ACONTa;HOXG,2,0,26,27
ACONTa;LSTO2r,1,0,27,27
ACONTa;MALTSULtm,0,1,28,26
ACONTa;MAL_Lte,3,0,25,27
ACONTa;NCKt,0,1,28,26
ACONTa;NCNt,0,1,28,26
ACONTa;NDP7er,2,0,26,27
ACONTa;PHEMEtm,2,0,26,27
ACONTa;PIGTHRDLtm,1,0,27,27
ACONTa;PIMALtm,1,0,27,27
ACONTa;PPBNGS,2,0,26,27
ACONTa;PPPG9tm,2,0,26,27
ACONTa;PPPGOm,2,0,26,27
ACONTa;PROAKGOX1m,1,0,27,27
ACONTa;PROGLUtm,1,0,27,27
ACONTa;PROtm,2,0,26,27
ACONTa;PVD3,1,0,27,27
ACONTa;PYK,1,0,27,27
ACONTa;SO3AKGtm,1,0,27,27
ACONTa;SO3MALtm,1,0,27,27
ACONTa;SQORm,0,1,28,26
ACONTa;SSALym,1,0,27,27
ACONTa;SUCCACONtm,1,0,27,27
ACONTa;SUCCICITtm,1,0,27,27
ACONTa;SUCOAS1m,2,0,26,27
ACONTa;THRA,2,0,26,27
ACONTa;TSULt4_3,0,1,28,26
ACONTa;UDPGD,1,0,27,27
ACONTa;UDPGLCAter,2,0,26,27
ACONTa;UMPK5,1,0,27,27
ACONTa;UPP3S,2,0,26,27
ACONTa;UPPDC1,2,0,26,27
ACONTa;VD3,1,0,27,27
ACONTa;VITD3Hm,1,0,27,27
ACONTa;VITD3tm,1,0,27,27
ACONTam;ACRNtm,1,0,27,27
ACONTam;AKGACONtm,1,0,27,27
ACONTam;AKGGHTRDtm,1,0,27,27
ACONTam;ALASm,1,0,27,27
ACONTam;ALATA_L,1,0,27,27
ACONTam;ALDD2y,2,0,26,27
ACONTam;ASPDH,1,0,27,27
ACONTam;ASPPROASCT1,2,0,26,27
ACONTam;ASPt6,3,1,25,26
ACONTam;ATPtm,0,1,28,26
ACONTam;BILIRED2,1,0,27,27
ACONTam;BILIRUBtr,1,0,27,27
ACONTam;CITACONtm,1,0,27,27
ACONTam;CLHCOtex,2,0,26,27
ACONTam;CO2t,1,0,27,27
ACONTam;CO2tm,1,0,27,27
ACONTam;COt,1,0,27,27
ACONTam;CPPPGO,1,0,27,27
ACONTam;CRNtim,1,0,27,27
ACONTam;CSNATm,1,0,27,27
ACONTam;CSNATr,1,0,27,27
ACONTam;DHFR,4,0,24,27
ACONTam;DHFR3m,1,0,27,27
ACONTam;DHFR3x,1,0,27,27
ACONTam;DHFRm,1,0,27,27
ACONTam;DHFRx,2,0,26,27
ACONTam;DHFtm,3,0,25,27
ACONTam;FCLTm,1,0,27,27
ACONTam;FE2tm,1,0,27,27
ACONTam;FOLtm,1,0,27,27
ACONTam;GLCt1r,1,0,27,27
ACONTam;GLUDC,1,0,27,27
ACONTam;GLUPROASCT1,1,0,27,27
ACONTam;GTPGDPtm,0,1,28,26
ACONTam;HCO3E,1,0,27,27
ACONTam;HCO3Ee,3,0,25,27
ACONTam;HCO3Em,1,0,27,27
ACONTam;HCO3_CLt,1,0,27,27
ACONTam;HCO3tm,1,0,27,27
ACONTam;HMBS,1,0,27,27
ACONTam;HMGL,0,1,28,26
ACONTam;HOXG,1,0,27,27
ACONTam;KCCt,0,1,28,26
ACONTam;MAL_Lte,1,3,27,24
ACONTam;NDP7er,1,0,27,27
ACONTam;OCOAT1m,0,1,28,26
ACONTam;PHEMEtm,1,0,27,27
ACONTam;PIGTHRDLtm,1,0,27,27
ACONTam;PIt2m_2,2,0,26,27
ACONTam;PPBNGS,1,0,27,27
ACONTam;PPPG9tm,1,0,27,27
ACONTam;PPPGOm,1,0,27,27
ACONTam;PROAKGOX1m,1,0,27,27
ACONTam;PROtm,1,0,27,27
ACONTam;PYK,1,0,27,27
ACONTam;PYRt2m,0,1,28,26
ACONTam;SUCCACONtm,1,0,27,27
ACONTam;SUCOAS1m,1,1,27,26
ACONTam;THFtm,4,0,24,27
ACONTam;THRA,2,0,26,27
ACONTam;UDPGD,1,0,27,27
ACONTam;UDPGLCAter,1,0,27,27
ACONTam;UMPK5,1,0,27,27
ACONTam;UPP3S,1,0,27,27
ACONTam;UPPDC1,1,0,27,27
ACONTb;ACONTbm,2,0,26,27
ACONTb;ACRNtm,1,0,27,27
ACONTb;ADPt4,1,0,27,27
ACONTb;AKGACONtm,1,0,27,27
ACONTb;AKGDa1,1,0,27,27
ACONTb;AKGDa2,1,0,27,27
ACONTb;AKGDb,1,0,27,27
ACONTb;AKGICITtm,1,0,27,27
ACONTb;ALASm,1,0,27,27
ACONTb;ALATA_L,1,0,27,27
ACONTb;ALDD2y,2,0,26,27
ACONTb;ALPAP,1,0,27,27
ACONTb;ASPPROASCT1,0,1,28,26
ACONTb;ASPt6,0,1,28,26
ACONTb;ASPte,0,1,28,26
ACONTb;ATPt4,1,0,27,27
ACONTb;BILDGLCURt5e,1,0,27,27
ACONTb;BILDGLCURtr,1,0,27,27
ACONTb;BILIRED2,1,0,27,27
ACONTb;CBPSam,1,0,27,27
ACONTb;CITRte,1,0,27,27
ACONTb;CITRtm,1,0,27,27
ACONTb;CLHCO3tex2,1,0,27,27
ACONTb;CO2tm,1,1,27,26
ACONTb;COt,1,0,27,27
ACONTb;CPPPGO,1,0,27,27
ACONTb;CRNtim,1,0,27,27
ACONTb;CSNATm,1,0,27,27
ACONTb;CSNATr,1,0,27,27
ACONTb;CYANSTm,0,1,28,26
ACONTb;CYSO,0,1,28,26
ACONTb;DHCR241r,1,0,27,27
ACONTb;DHFRm,1,0,27,27
ACONTb;DHFtm,1,0,27,27
ACONTb;EBP2r,1,0,27,27
ACONTb;ENO,1,0,27,27
ACONTb;FCLTm,1,0,27,27
ACONTb;FE2tm,1,0,27,27
ACONTb;G5SADr,1,0,27,27
ACONTb;GALU,1,0,27,27
ACONTb;GAPD,1,0,27,27
ACONTb;GLCt1r,1,0,27,27
ACONTb;GLU5SAtmc,1,0,27,27
ACONTb;GLUDxm,0,1,28,26
ACONTb;GLUDym,0,1,28,26
ACONTb;GLYATm,0,1,28,26
ACONTb;GLYC3Ptmc,1,0,27,27
ACONTb;GLYCtm,1,0,27,27
ACONTb;GLYtm,0,1,28,26
ACONTb;GPAMm_hs,1,0,27,27
ACONTb;HCO3Em,1,0,27,27
ACONTb;HCO3tm,1,0,27,27
ACONTb;HEX12,1,0,27,27
ACONTb;HMBS,1,0,27,27
ACONTb;HOXG,1,0,27,27
ACONTb;ICITACONtm,1,0,27,27
ACONTb;LPS3m,1,0,27,27
ACONTb;LSTO2r,1,0,27,27
ACONTb;MALTSULtm,0,1,28,26
ACONTb;MAL_Lte,3,0,25,27
ACONTb;NAt5,1,0,27,27
ACONTb;NCKt,0,1,28,26
ACONTb;NCNt,0,1,28,26
ACONTb;NDP7er,1,0,27,27
ACONTb;NH4tm,1,0,27,27
ACONTb;OCBTm,1,0,27,27
ACONTb;ORNTArm,1,0,27,27
ACONTb;PGK,1,0,27,27
ACONTb;PGM,1,0,27,27
ACONTb;PGMT,1,0,27,27
ACONTb;PHEMEtm,1,0,27,27
ACONTb;PIMALtm,1,0,27,27
ACONTb;PIt2r,1,0,27,27
ACONTb;PPBNGS,1,0,27,27
ACONTb;PPCOACRNtm,1,0,27,27
ACONTb;PPCOAtm,1,0,27,27
ACONTb;PPPG9tm,1,0,27,27
ACONTb;PPPGOm,1,0,27,27
ACONTb;PRO1x,1,0,27,27
ACONTb;PROGLUtm,1,0,27,27
ACONTb;PROtm,1,0,27,27
ACONTb;PVD3,1,0,27,27
ACONTb;PYRt4_2,3,0,25,27
ACONTb;RND213,1,0,27,27
ACONTb;RTOTALCRNCPT1,1,0,27,27
ACONTb;RTOTALCRNCPT2,1,0,27,27
ACONTb;RTOTALCRNt,1,0,27,27
ACONTb;R_group_phosphotase_1,1,0,27,27
ACONTb;Rtotaltm,1,0,27,27
ACONTb;SO4AKGtm,1,0,27,27
ACONTb;SO4MALtm,1,0,27,27
ACONTb;SQORm,0,1,28,26
ACONTb;SUCCACONtm,1,0,27,27
ACONTb;THFtm,1,0,27,27
ACONTb;THR3Dx,0,1,28,26
ACONTb;THRA,2,0,26,27
ACONTb;TSULt4_3,0,1,28,26
ACONTb;UDPGD,1,0,27,27
ACONTb;UDPGLCAter,1,0,27,27
ACONTb;UGT1A2r,1,0,27,27
ACONTb;UPP3S,1,0,27,27
ACONTb;UPPDC1,1,0,27,27
ACONTb;VD3,1,0,27,27
ACONTb;VITD3Hm,1,0,27,27
ACONTb;VITD3tm,1,0,27,27
ACONTbm;ADPt4,1,0,27,27
ACONTbm;AKGICITtm,1,0,27,27
ACONTbm;ALATA_L,1,0,27,27
ACONTbm;ALDD2y,3,1,25,26
ACONTbm;ARTFR41,0,1,28,26
ACONTbm;ASPPROASCT1,1,0,27,27
ACONTbm;ASPt6,3,0,25,27
ACONTbm;ATPt4,1,0,27,27
ACONTbm;ATPtm,0,1,28,26
ACONTbm;C161CPT1,0,1,28,26
ACONTbm;CACT4r,0,1,28,26
ACONTbm;CBPSam,1,0,27,27
ACONTbm;CITRt2m,1,0,27,27
ACONTbm;CITRte,1,0,27,27
ACONTbm;CITRtm,1,0,27,27
ACONTbm;CLHCOtex,2,0,26,27
ACONTbm;CO2t,1,0,27,27
ACONTbm;CO2tm,1,0,27,27
ACONTbm;COAtr,0,1,28,26
ACONTbm;DESAT16_1,0,1,28,26
ACONTbm;DHCR241r,1,0,27,27
ACONTbm;DHFR,3,0,25,27
ACONTbm;DHFR3m,1,0,27,27
ACONTbm;DHFR3x,1,0,27,27
ACONTbm;DHFRm,0,1,28,26
ACONTbm;DHFRx,3,0,25,27
ACONTbm;DHFtm,3,1,25,26
ACONTbm;EBP2r,1,0,27,27
ACONTbm;ENO,1,0,27,27
ACONTbm;FOLtm,1,0,27,27
ACONTbm;G5SADm,0,1,28,26
ACONTbm;G5SADr,1,1,27,26
ACONTbm;GAPD,1,0,27,27
ACONTbm;GLCt1r,1,0,27,27
ACONTbm;GLU5SAtmc,1,1,27,26
ACONTbm;GLUDC,1,1,27,26
ACONTbm;GLYC3Ptmc,0,1,28,26
ACONTbm;GLYCtm,0,1,28,26
ACONTbm;GLYKm,0,1,28,26
ACONTbm;GTPGDPtm,0,1,28,26
ACONTbm;H2O2tp,0,1,28,26
ACONTbm;HCO3E,1,0,27,27
ACONTbm;HCO3Ee,2,0,26,27
ACONTbm;HCO3Em,2,0,26,27
ACONTbm;HCO3_CLt,1,0,27,27
ACONTbm;HCO3tm,1,0,27,27
ACONTbm;HEX12,1,0,27,27
ACONTbm;HMGL,0,1,28,26
ACONTbm;ICITACONtm,1,0,27,27
ACONTbm;LSTO2r,1,0,27,27
ACONTbm;MAL_Lte,1,0,27,27
ACONTbm;METOX,0,1,28,26
ACONTbm;O2tp,0,1,28,26
ACONTbm;OCBTm,1,0,27,27
ACONTbm;OCOAT1m,0,1,28,26
ACONTbm;ORNTArm,1,0,27,27
ACONTbm;P5CRxm,0,2,28,25
ACONTbm;PGK,1,0,27,27
ACONTbm;PGLYCH,0,1,28,26
ACONTbm;PGM,1,0,27,27
ACONTbm;PIMALtm,1,0,27,27
ACONTbm;PIt2m_2,2,1,26,26
ACONTbm;PLMCOAPTr,0,1,28,26
ACONTbm;PMTCOAFABP1tc,0,1,28,26
ACONTbm;PRO1x,1,1,27,26
ACONTbm;PROD2m,0,1,28,26
ACONTbm;PVD3,1,0,27,27
ACONTbm;PYRAKGte,0,1,28,26
ACONTbm;PYRt4_2,3,0,25,27
ACONTbm;RTOT4,0,1,28,26
ACONTbm;SO4AKGtm,1,0,27,27
ACONTbm;SO4MALtm,1,0,27,27
ACONTbm;SUCCACONtm,1,0,27,27
ACONTbm;SUCOAS1m,0,1,28,26
ACONTbm;THFtm,4,0,24,27
ACONTbm;THRA,3,1,25,26
ACONTbm;UNK3,0,1,28,26
ACONTbm;VD3,1,0,27,27
ACONTbm;VITD3Hm,1,0,27,27
ACONTbm;VITD3tm,1,0,27,27
ACRNtm;CITMCOAHm,1,0,27,27
ACRNtm;CITMCOALm,1,0,27,27
ACRNtm;CITSUCCtm,1,0,27,27
ACRNtm;CSm,1,0,27,27
ACRNtm;FADDPle,1,0,27,27
ACRNtm;FADte,1,0,27,27
ACRNtm;FMNALKPle,1,0,27,27
ACRNtm;FMNAT,1,0,27,27
ACRNtm;ICDHyrm,1,0,27,27
ACRNtm;ICITMALtm,1,0,27,27
ACRNtm;ITCOAL1m,1,0,27,27
ACRNtm;MDHm,1,0,27,27
ACRNtm;OXALSUCCCLm,1,0,27,27
ACRNtm;PYRtm,1,0,27,27
ACRNtm;RBFK,1,0,27,27
ACRNtm;RIBFLVt6,1,0,27,27
ACYP;NDPK8,1,0,27,27
ACYP;TPI,1,0,27,27
ACt2m;ALDD2y,0,1,28,26
ACt2m;ATPtm,0,1,28,26
ACt2m;FUMMALtm,0,1,28,26
ACt2m;FUMm,0,1,28,26
ACt2m;G5SADm,0,1,28,26
ACt2m;G5SADr,0,1,28,26
ACt2m;GLU5SAtmc,0,1,28,26
ACt2m;P5CRxm,0,1,28,26
ACt2m;PRO1x,0,1,28,26
ACt2m;THRA,0,1,28,26
ACt2r;ATPtm,0,1,28,26
ACt2r;FUMMALtm,0,1,28,26
ACt2r;FUMm,0,1,28,26
ACt2r;HCO3Em,1,0,27,27
ACt2r;HCO3tm,1,0,27,27
ADHAPtx;DURAD2,1,0,27,27
ADHAPtx;DURAD2xm,1,0,27,27
ADHAPtx;D_LACt2,1,0,27,27
ADHAPtx;LALDD,1,0,27,27
ADHAPtx;LCADi_D,1,0,27,27
ADHAPtx;THYMtm,1,0,27,27
ADHAPtx;UMPK,0,1,28,26
ADK1;ADK3,1,2,27,25
ADK1;ADK3m,0,1,28,26
ADK1;AMPt4,0,1,28,26
ADK1m;ADSK,0,1,28,26
ADK1m;ALDD19xrm,0,1,28,26
ADK1m;ALDD19yrm,0,1,28,26
ADK1m;ARSA,0,1,28,26
ADK1m;B3GALTg,0,1,28,26
ADK1m;B3GNT51g,0,1,28,26
ADK1m;BPNT,0,1,28,26
ADK1m;CERT2rt,0,1,28,26
ADK1m;CMPACNAtg,0,1,28,26
ADK1m;CMPSAS,0,1,28,26
ADK1m;CORE6GTg,0,1,28,26
ADK1m;F1Atg,0,1,28,26
ADK1m;FUCACNGALACGLCGALGLUSIDEte,0,1,28,26
ADK1m;FUCACNGALACGLCGALGLUSIDEtg,0,1,28,26
ADK1m;FUT32g,0,1,28,26
ADK1m;GAL3ST11,0,1,28,26
ADK1m;GALASE19ly,0,1,28,26
ADK1m;GALGLUSIDEtg,0,1,28,26
ADK1m;GALGLUSIDEtr,0,1,28,26
ADK1m;GALNTg,0,1,28,26
ADK1m;GALSIDEtg,0,1,28,26
ADK1m;GALSIDEtl,0,1,28,26
ADK1m;GALU,0,1,28,26
ADK1m;GALtly,0,1,28,26
ADK1m;GDPFUCtg,0,1,28,26
ADK1m;GDPtg,0,1,28,26
ADK1m;GF6PTA,0,1,28,26
ADK1m;GFUCS,0,1,28,26
ADK1m;GHMT2rm,0,1,28,26
ADK1m;GLYtm,0,1,28,26
ADK1m;GMAND,0,1,28,26
ADK1m;GMPtg,0,1,28,26
ADK1m;H2Otg,0,1,28,26
ADK1m;H2Otly,0,1,28,26
ADK1m;Htg,0,1,28,26
ADK1m;IDHPOXOX2b,0,1,28,26
ADK1m;IDHPOXOX4,0,1,28,26
ADK1m;IDHPOXOXb,0,1,28,26
ADK1m;MAL_Lte,0,1,28,26
ADK1m;MAN1PT2,0,1,28,26
ADK1m;MAN6PI,0,1,28,26
ADK1m;MTHFCm,0,1,28,26
ADK1m;MTHFDm,0,1,28,26
ADK1m;N4Tg,0,1,28,26
ADK1m;NAGA2ly,0,1,28,26
ADK1m;NAGLCAly,0,1,28,26
ADK1m;NAIt,0,1,28,26
ADK1m;NDP7er,0,1,28,26
ADK1m;NDP7g,0,1,28,26
ADK1m;PAPStg,0,1,28,26
ADK1m;PAPtg,0,1,28,26
ADK1m;PGMT,0,1,28,26
ADK1m;PHEOX,0,1,28,26
ADK1m;PHETA1,0,1,28,26
ADK1m;PIter,0,1,28,26
ADK1m;PItg,0,1,28,26
ADK1m;PMANM,0,1,28,26
ADK1m;SADT,0,1,28,26
ADK1m;SERTm,0,1,28,26
ADK1m;SGALSIDEtg,0,1,28,26
ADK1m;SGALSIDEtl,0,1,28,26
ADK1m;SO4HCOtex,0,1,28,26
ADK1m;SO4tl,0,1,28,26
ADK1m;ST3GAL31g,0,1,28,26
ADK1m;Ser/Thrtg,0,1,28,26
ADK1m;THYPX,0,1,28,26
ADK1m;THYST,0,1,28,26
ADK1m;UAGDP,0,1,28,26
ADK1m;UDPACGALtl,0,1,28,26
ADK1m;UDPG4E,0,1,28,26
ADK1m;UDPGALt2r,0,1,28,26
ADK1m;UDPGALtg,0,1,28,26
ADK1m;UDPGGPGTr,0,1,28,26
ADK1m;UDPtl,0,1,28,26
ADK1m;UGALNACtg,0,1,28,26
ADK1m;UGCGc,0,1,28,26
ADK1m;UGLCNACtg,0,1,28,26
ADK1m;UMPtr,0,1,28,26
ADK3;GALU,0,1,28,26
ADK3;HCO3E,1,0,27,27
ADK3;Htr,0,1,28,26
ADK3;PGMT,0,1,28,26
ADK3;PIter,0,1,28,26
ADK3m;GALU,1,0,27,27
ADK3m;GF6PTA,1,0,27,27
ADK3m;H2Otg,1,0,27,27
ADK3m;Htg,1,0,27,27
ADK3m;NDP7g,1,0,27,27
ADK3m;PGMT,1,0,27,27
ADK3m;PItg,1,0,27,27
ADK3m;UAGDP,1,0,27,27
ADK3m;UGLCNACtg,1,0,27,27
ADNK1;AKGSUCCtm,1,0,27,27
ADNK1;ALASm,1,0,27,27
ADNK1;ARTFR52,4,0,24,27
ADNK1;BILIRED2,1,0,27,27
ADNK1;BILIRUBtr,1,0,27,27
ADNK1;CITRt2m,1,0,27,27
ADNK1;CITRtm,1,0,27,27
ADNK1;COt,1,0,27,27
ADNK1;CPPPGO,1,0,27,27
ADNK1;FAE180,1,0,27,27
ADNK1;FAE200,4,0,24,27
ADNK1;FAE220,4,0,24,27
ADNK1;FAE240,4,0,24,27
ADNK1;FAE260,4,0,24,27
ADNK1;FCLTm,1,0,27,27
ADNK1;FE2tm,1,0,27,27
ADNK1;GLXtm,0,1,28,26
ADNK1;GLXtp,0,1,28,26
ADNK1;GLYC3Ptm,1,0,27,27
ADNK1;GLYCLTDym,0,1,28,26
ADNK1;GLYCLTtm,0,1,28,26
ADNK1;GLYCLTtp,0,1,28,26
ADNK1;GLYCTO1p,0,1,28,26
ADNK1;GLYt4,0,1,28,26
ADNK1;GTPGDPtm,1,0,27,27
ADNK1;HACD180,1,0,27,27
ADNK1;HACD200,4,0,24,27
ADNK1;HACD220,4,0,24,27
ADNK1;HACD240,4,0,24,27
ADNK1;HACD260,4,0,24,27
ADNK1;HCO3E,0,1,28,26
ADNK1;HEXCCOAtr,4,0,24,27
ADNK1;HMBS,1,0,27,27
ADNK1;HOXG,1,0,27,27
ADNK1;HSD180,1,0,27,27
ADNK1;HSD200,4,0,24,27
ADNK1;HSD220,4,0,24,27
ADNK1;HSD240,4,0,24,27
ADNK1;HSD260,4,0,24,27
ADNK1;Htr,1,0,27,27
ADNK1;ICDHyrm,0,1,28,26
ADNK1;LDH_L,0,1,28,26
ADNK1;NDPK1,1,0,27,27
ADNK1;PHEMEtm,1,0,27,27
ADNK1;PIMALtm,1,0,27,27
ADNK1;PIt7,3,1,25,26
ADNK1;PIt8,1,0,27,27
ADNK1;PIt9,0,1,28,26
ADNK1;PPBNGS,1,0,27,27
ADNK1;PPPG9tm,1,0,27,27
ADNK1;PPPGOm,1,0,27,27
ADNK1;PROAKGOX1m,1,0,27,27
ADNK1;PROtm,2,0,26,27
ADNK1;R5Ptr,0,1,28,26
ADNK1;RADH3,0,1,28,26
ADNK1;RADH4,0,1,28,26
ADNK1;RPIr,0,1,28,26
ADNK1;RTOT5,4,0,24,27
ADNK1;RU5Ptr,0,1,28,26
ADNK1;SO4AKGtm,1,0,27,27
ADNK1;SO4MALtm,1,0,27,27
ADNK1;SUCOAS1m,1,0,27,27
ADNK1;TECR180,1,0,27,27
ADNK1;TECR200,4,0,24,27
ADNK1;TECR220,4,0,24,27
ADNK1;TECR240,4,0,24,27
ADNK1;TECR260,4,0,24,27
ADNK1;THFtm,0,1,28,26
ADNK1;TXA2tr,0,1,28,26
ADNK1;TXB2c,0,1,28,26
ADNK1;TXB2r,0,1,28,26
ADNK1;TXB2tr,0,1,28,26
ADNK1;UDPGD,1,0,27,27
ADNK1;UDPGLCAter,1,0,27,27
ADNK1;UPP3S,1,0,27,27
ADNK1;UPPDC1,1,0,27,27
ADNK3;ACITLn,0,1,28,26
ADNK3;ADPt4,0,1,28,26
ADNK3;ADPtn,0,1,28,26
ADNK3;AMPt4,0,1,28,26
ADNK3;ARTFR52,1,0,27,27
ADNK3;ATPtn,0,1,28,26
ADNK3;CHATn,0,1,28,26
ADNK3;CHOLtn,0,1,28,26
ADNK3;CITtn,0,1,28,26
ADNK3;CSm,0,1,28,26
ADNK3;FAE200,1,0,27,27
ADNK3;FAE220,1,0,27,27
ADNK3;FAE240,1,0,27,27
ADNK3;FAE260,1,0,27,27
ADNK3;GALU,0,1,28,26
ADNK3;HACD200,1,0,27,27
ADNK3;HACD220,1,0,27,27
ADNK3;HACD240,1,0,27,27
ADNK3;HACD260,1,0,27,27
ADNK3;HCO3E,0,1,28,26
ADNK3;HEXCCOAtr,1,0,27,27
ADNK3;HMGLm,0,1,28,26
ADNK3;HSD200,1,0,27,27
ADNK3;HSD220,1,0,27,27
ADNK3;HSD240,1,0,27,27
ADNK3;HSD260,1,0,27,27
ADNK3;Htr,0,1,28,26
ADNK3;ICITCITtm,0,1,28,26
ADNK3;ICITMALtm,0,1,28,26
ADNK3;MDH,0,1,28,26
ADNK3;MDHm,0,1,28,26
ADNK3;NADH2_u10m,0,1,28,26
ADNK3;OAAtn,0,1,28,26
ADNK3;PGMT,0,1,28,26
ADNK3;PIt8,1,0,27,27
ADNK3;PIter,0,1,28,26
ADNK3;PItn,0,1,28,26
ADNK3;RTOT5,1,0,27,27
ADNK3;TECR200,1,0,27,27
ADNK3;TECR220,1,0,27,27
ADNK3;TECR240,1,0,27,27
ADNK3;TECR260,1,0,27,27
ADNt4;ATP1ter,0,1,28,26
ADNt4;CDPRBTLtg,0,1,28,26
ADNt4;CDPtg,0,1,28,26
ADNt4;CLFORtex2,0,1,28,26
ADNt4;CO2tg,0,1,28,26
ADNt4;DOLMANP_ter,0,1,28,26
ADNt4;DOLPMT,0,1,28,26
ADNt4;DOLPOMTr,0,1,28,26
ADNt4;DOLP_ter,0,1,28,26
ADNt4;GALU,0,1,28,26
ADNt4;GF6PTA,0,1,28,26
ADNt4;H2Otg,0,1,28,26
ADNt4;Htg,0,1,28,26
ADNt4;LARGEg,0,1,28,26
ADNt4;MAN1PT2,0,1,28,26
ADNt4;MAN6PI,0,1,28,26
ADNt4;NDP7er,0,1,28,26
ADNt4;NDP7g,0,1,28,26
ADNt4;PCOREM3terg,0,1,28,26
ADNt4;PGMT,0,1,28,26
ADNt4;PIt7,2,1,26,26
ADNt4;PIt8,1,0,27,27
ADNt4;PIt9,1,0,27,27
ADNt4;PItg,0,1,28,26
ADNt4;PMANM,0,1,28,26
ADNt4;POCDPRBTLT2g,0,1,28,26
ADNt4;POCDPRBTLTg,0,1,28,26
ADNt4;POGLCNACTg,0,1,28,26
ADNt4;POMGNGALNTr,0,1,28,26
ADNt4;POMGNTr,0,1,28,26
ADNt4;POMKr,0,1,28,26
ADNt4;POXYLTg,0,1,28,26
ADNt4;PYRFORte,0,1,28,26
ADNt4;R5Ptr,0,1,28,26
ADNt4;RBT5PCYTr,0,1,28,26
ADNt4;RBT5PDH,0,1,28,26
ADNt4;RPIr,0,1,28,26
ADNt4;RU5Ptr,0,1,28,26
ADNt4;UACGAMUMPtr,0,1,28,26
ADNt4;UAG4E,0,1,28,26
ADNt4;UAGDP,0,1,28,26
ADNt4;UDPGD,0,1,28,26
ADNt4;UDPGLCAtg,0,1,28,26
ADNt4;UDPGLDCg,0,1,28,26
ADNt4;UGALNACter,0,1,28,26
ADNt4;UGLCNACtg,0,1,28,26
ADNt5;NTD7,1,0,27,27
ADNt5;PIt7,1,0,27,27
ADNt;PIt8,1,0,27,27
ADPT;ASPte,0,1,28,26
ADPT;ATP1ter,0,1,28,26
ADPT;CDPRBTLtg,0,1,28,26
ADPT;CDPtg,0,1,28,26
ADPT;CITRt2m,0,1,28,26
ADPT;CITRtm,0,1,28,26
ADPT;CLFORtex2,0,1,28,26
ADPT;CO2t,0,1,28,26
ADPT;CO2tg,0,1,28,26
ADPT;CO2tm,0,1,28,26
ADPT;DHFR,0,1,28,26
ADPT;DHFRm,0,1,28,26
ADPT;DHFtm,0,1,28,26
ADPT;DOLMANP_ter,0,1,28,26
ADPT;DOLPMT,0,1,28,26
ADPT;DOLPOMTr,0,1,28,26
ADPT;DOLP_ter,0,1,28,26
ADPT;GALU,0,1,28,26
ADPT;GF6PTA,0,1,28,26
ADPT;H2Oter,0,1,28,26
ADPT;H2Otg,0,1,28,26
ADPT;HSD3B11,0,1,28,26
ADPT;Htg,0,1,28,26
ADPT;LARGEg,0,1,28,26
ADPT;MAN1PT2,0,1,28,26
ADPT;MAN6PI,0,1,28,26
ADPT;NDP7er,0,1,28,26
ADPT;NDP7g,0,1,28,26
ADPT;O2tm,0,1,28,26
ADPT;P45011A1m,0,1,28,26
ADPT;PCOREM3terg,0,1,28,26
ADPT;PGMT,0,1,28,26
ADPT;PItg,0,1,28,26
ADPT;PMANM,0,1,28,26
ADPT;POCDPRBTLT2g,0,1,28,26
ADPT;POCDPRBTLTg,0,1,28,26
ADPT;POGLCNACTg,0,1,28,26
ADPT;POMGNGALNTr,0,1,28,26
ADPT;POMGNTr,0,1,28,26
ADPT;POMKr,0,1,28,26
ADPT;POXYLTg,0,1,28,26
ADPT;PRGNLONEtm,0,1,28,26
ADPT;PRGSTRNt,0,1,28,26
ADPT;PYRFORte,0,1,28,26
ADPT;R5Ptr,0,1,28,26
ADPT;RBT5PCYTr,0,1,28,26
ADPT;RBT5PDH,0,1,28,26
ADPT;RPIr,0,1,28,26
ADPT;RU5Ptr,0,1,28,26
ADPT;THFtm,0,1,28,26
ADPT;UACGAMUMPtr,0,1,28,26
ADPT;UAG4E,0,1,28,26
ADPT;UAGDP,0,1,28,26
ADPT;UDPGD,0,1,28,26
ADPT;UDPGLCAtg,0,1,28,26
ADPT;UDPGLDCg,0,1,28,26
ADPT;UGALNACter,0,1,28,26
ADPT;UGLCNACtg,0,1,28,26
ADPt4;AHC,0,1,28,26
ADPt4;AHCYStn,0,1,28,26
ADPt4;AKGDa1,1,0,27,27
ADPt4;AKGDa2,1,0,27,27
ADPt4;AKGDb,1,0,27,27
ADPt4;ALASm,2,0,26,27
ADPt4;ALATA_L,1,0,27,27
ADPt4;ALAt2r,1,0,27,27
ADPt4;ALCD1,0,1,28,26
ADPt4;ALDD19xrm,1,0,27,27
ADPt4;ALDD19yrm,1,0,27,27
ADPt4;ALDD2y,0,1,28,26
ADPt4;AMETtn,0,1,28,26
ADPt4;ASPDH,1,0,27,27
ADPt4;ASPPROASCT1,1,0,27,27
ADPt4;ATP1ter,1,0,27,27
ADPt4;ATPS4m,1,0,27,27
ADPt4;ATPtm,2,1,26,26
ADPt4;BETALDHxm,0,1,28,26
ADPt4;BHMT,0,1,28,26
ADPt4;BILDGLUCRabc,1,0,27,27
ADPt4;BILIRED,1,0,27,27
ADPt4;BILIRED2,1,0,27,27
ADPt4;BILIRUBtr,2,0,26,27
ADPt4;CBPSam,2,0,26,27
ADPt4;CDPDAGtm,1,0,27,27
ADPt4;CDSm,1,0,27,27
ADPt4;CHLtm,0,1,28,26
ADPt4;CHOLD2m,0,1,28,26
ADPt4;CITRte,2,0,26,27
ADPt4;CO2tm,1,0,27,27
ADPt4;COt,2,0,26,27
ADPt4;CPPPGO,2,0,26,27
ADPt4;CTPtm,1,0,27,27
ADPt4;DAGKm_hs,1,1,27,26
ADPt4;DAG_Hstem,1,1,27,26
ADPt4;DLD,1,0,27,27
ADPt4;DMGDHm,0,1,28,26
ADPt4;DMGtm,0,1,28,26
ADPt4;ENO,1,0,27,27
ADPt4;FADFADH2tm,0,1,28,26
ADPt4;FADH2ETC,1,1,27,26
ADPt4;FALDtm,0,1,28,26
ADPt4;FALDtx,0,1,28,26
ADPt4;FCLTm,2,0,26,27
ADPt4;FE2tm,2,0,26,27
ADPt4;G5SADr,3,0,25,27
ADPt4;GALU,1,0,27,27
ADPt4;GAPD,1,0,27,27
ADPt4;GLCt1r,1,0,27,27
ADPt4;GLU5SAtmc,3,0,25,27
ADPt4;GLUPROASCT1,1,0,27,27
ADPt4;GLUt2m,1,0,27,27
ADPt4;GLYBtm,0,1,28,26
ADPt4;GLYC3Ptm,0,1,28,26
ADPt4;GLYC3Ptmc,0,1,28,26
ADPt4;GLYtp,0,1,28,26
ADPt4;GTPGDPtm,1,1,27,26
ADPt4;H2O2tp,0,1,28,26
ADPt4;H2Otp,0,1,28,26
ADPt4;H3K9MET_1,0,1,28,26
ADPt4;H3K9MET_2,0,1,28,26
ADPt4;H3K9MET_3,0,1,28,26
ADPt4;H3K9_synthesis,0,1,28,26
ADPt4;HCO3E,1,0,27,27
ADPt4;HCO3Em,1,0,27,27
ADPt4;HCO3tm,2,0,26,27
ADPt4;HEX12,1,0,27,27
ADPt4;HMBS,2,0,26,27
ADPt4;HMGL,0,1,28,26
ADPt4;HOXG,2,0,26,27
ADPt4;IMAGH,1,0,27,27
ADPt4;LDH_L,0,1,28,26
ADPt4;LYStn,0,1,28,26
ADPt4;MEOHt2,0,1,28,26
ADPt4;METAT,0,1,28,26
ADPt4;NDP7er,2,0,26,27
ADPt4;NH4tm,2,1,26,26
ADPt4;NMNS,1,0,27,27
ADPt4;NQO2,1,0,27,27
ADPt4;O2tp,0,1,28,26
ADPt4;OCBTm,2,0,26,27
ADPt4;OCOAT1m,0,1,28,26
ADPt4;ORNTArm,3,0,25,27
ADPt4;ORNt,1,0,27,27
ADPt4;ORNt3m,1,1,27,26
ADPt4;ORNtiDF,0,1,28,26
ADPt4;PGK,1,0,27,27
ADPt4;PGM,1,0,27,27
ADPt4;PGMT,1,0,27,27
ADPt4;PHEMEtm,2,0,26,27
ADPt4;PIMALtm,1,0,27,27
ADPt4;PIt2m_2,0,2,28,25
ADPt4;PPAm,0,1,28,26
ADPt4;PPBNGS,2,0,26,27
ADPt4;PPItm,1,0,27,27
ADPt4;PPPG9tm,2,0,26,27
ADPt4;PPPGOm,2,0,26,27
ADPt4;PRO1x,1,0,27,27
ADPt4;PROAKGOX1m,1,0,27,27
ADPt4;PROD2,0,1,28,26
ADPt4;PROGLUtm,1,0,27,27
ADPt4;PROtm,1,0,27,27
ADPt4;PYK,1,0,27,27
ADPt4;PYRt4_2,2,0,26,27
ADPt4;SARCOXp,0,1,28,26
ADPt4;SARCStm,0,1,28,26
ADPt4;SARCStp,0,1,28,26
ADPt4;SO3AKGtm,1,0,27,27
ADPt4;SO3MALtm,1,0,27,27
ADPt4;SUCOAS1m,1,1,27,26
ADPt4;THRA,1,1,27,26
ADPt4;THRALANaEx,1,0,27,27
ADPt4;TPI,1,0,27,27
ADPt4;UDPGD,2,0,26,27
ADPt4;UDPGLCAter,2,0,26,27
ADPt4;UGT1A2r,1,0,27,27
ADPt4;UPP3S,2,0,26,27
ADPt4;UPPDC1,2,0,26,27
ADPt4;peplys_synthesis,0,1,28,26
ADPt4;q10h2tc,1,0,27,27
ADPt4;q10tm,1,0,27,27
ADPtn;H3K9MET_1,0,1,28,26
ADPtn;H3K9MET_2,0,1,28,26
ADPtn;H3K9MET_3,0,1,28,26
ADPtn;H3K9_synthesis,0,1,28,26
ADPtn;peplys_synthesis,0,1,28,26
ADRNLPVESSEC;AHCYStn,1,1,27,26
ADRNLPVESSEC;AKGtn,1,1,27,26
ADRNLPVESSEC;ALCD1,1,1,27,26
ADRNLPVESSEC;AMETtn,1,1,27,26
ADRNLPVESSEC;CO2tn,1,1,27,26
ADRNLPVESSEC;FALDtn,1,1,27,26
ADRNLPVESSEC;GLYt7_311_r,1,0,27,27
ADRNLPVESSEC;H3K4DMET_1,0,1,28,26
ADRNLPVESSEC;H3K4MET_1,0,1,28,26
ADRNLPVESSEC;H3K9DMET_1,1,0,27,27
ADRNLPVESSEC;H3K9MET_1,1,0,27,27
ADRNLPVESSEC;MEOHt2,1,1,27,26
ADRNLPVESSEC;O2tn,1,1,27,26
ADRNLPVESSEC;THRA,1,0,27,27
ADSK;ACITLn,0,1,28,26
ADSK;ADPtn,0,1,28,26
ADSK;AHCYStn,1,0,27,27
ADSK;ALCD1,1,0,27,27
ADSK;ALDD2x,0,1,28,26
ADSK;AMETtn,1,0,27,27
ADSK;ASPTA,0,1,28,26
ADSK;ATPtn,0,1,28,26
ADSK;CHATn,0,1,28,26
ADSK;CHOLtn,0,1,28,26
ADSK;CITRt2m,0,2,28,25
ADSK;CITRtm,0,2,28,25
ADSK;CITtn,0,1,28,26
ADSK;CO2t,1,1,27,26
ADSK;CO2tm,0,1,28,26
ADSK;CSm,0,1,28,26
ADSK;DASCBR,1,0,27,27
ADSK;DHFR,0,1,28,26
ADSK;DHFR3m,0,1,28,26
ADSK;DHFR3x,0,1,28,26
ADSK;DHFRm,0,1,28,26
ADSK;DRPA,0,1,28,26
ADSK;FOLtm,0,1,28,26
ADSK;GF6PTA,1,0,27,27
ADSK;GLCt1r,1,0,27,27
ADSK;GLYt4,2,0,26,27
ADSK;GLYt7_311_r,1,4,27,23
ADSK;GPCCPDE,1,0,27,27
ADSK;H2O2t,2,3,26,24
ADSK;H2Oter,0,1,28,26
ADSK;H3K4MET_1,1,0,27,27
ADSK;H3K4MET_2,1,0,27,27
ADSK;H3K4MET_3,1,0,27,27
ADSK;H3K4_synthesis,1,0,27,27
ADSK;HCO3E,0,1,28,26
ADSK;HCO3Ee,0,1,28,26
ADSK;HMGCOASim,0,1,28,26
ADSK;HMGL,1,0,27,27
ADSK;HMGLm,0,1,28,26
ADSK;ICITCITtm,0,1,28,26
ADSK;ICITMALtm,0,1,28,26
ADSK;LDH_L,0,1,28,26
ADSK;LPASE,1,0,27,27
ADSK;LYStn,1,0,27,27
ADSK;MDHm,0,1,28,26
ADSK;MI1PP,0,2,28,25
ADSK;NADH2_u10m,0,1,28,26
ADSK;NDP7er,0,1,28,26
ADSK;O2t,0,2,28,25
ADSK;OAAtn,0,1,28,26
ADSK;OCOAT1m,1,0,27,27
ADSK;PDHa,0,1,28,26
ADSK;PDHbr,0,1,28,26
ADSK;PIPLC,0,2,28,25
ADSK;PItn,0,1,28,26
ADSK;PPM2,0,1,28,26
ADSK;PROSTGE2t,1,0,27,27
ADSK;PROSTGE2t2,1,0,27,27
ADSK;PYRt2m,0,1,28,26
ADSK;RDH1,0,1,28,26
ADSK;RDH1a,0,1,28,26
ADSK;R_group_phosphotase_1,1,0,27,27
ADSK;SO4t4_3,0,1,28,26
ADSK;SUCOAS1m,1,0,27,27
ADSK;THFtm,0,1,28,26
ADSK;THRALANaEx,1,0,27,27
ADSK;UAG4E,0,1,28,26
ADSK;UMPK5,1,0,27,27
ADSK;peplys_synthesis,1,0,27,27
AG13T10g;B3GALTg,1,0,27,27
AG13T10g;B3GNT310g,1,0,27,27
AG13T10g;B3GNT51g,2,0,26,27
AG13T10g;CERT2rt,2,0,26,27
AG13T10g;CITRt2m,0,1,28,26
AG13T10g;CITRtm,0,1,28,26
AG13T10g;FUCACNGAL14ACGLCGALGLUSIDEte,1,0,27,27
AG13T10g;FUCACNGAL14ACGLCGALGLUSIDEtg,1,0,27,27
AG13T10g;FUCACNGALACGLCGALGLUSIDEte,1,0,27,27
AG13T10g;FUCACNGALACGLCGALGLUSIDEtg,1,0,27,27
AG13T10g;FUT32g,1,0,27,27
AG13T10g;FUT92g,1,0,27,27
AG13T10g;GALGLUSIDEtg,2,0,26,27
AG13T10g;GALGLUSIDEtr,2,0,26,27
AG13T10g;NDP7er,2,1,26,26
AG13T10g;OROTGLUt,0,1,28,26
AG13T10g;OROTte,0,1,28,26
AG13T10g;ST3GAL31g,1,0,27,27
AG13T10g;ST3GAL61g,1,0,27,27
AG13T10g;UAG4E,0,2,28,25
AG13T10g;UDPGALt2r,2,0,26,27
AG13T10g;UDPGGPGTr,2,0,26,27
AG13T10g;UGCGc,2,0,26,27
AG13T10g;UMPtr,2,0,26,27
AG13T11g;B3GALTg,1,0,27,27
AG13T11g;B3GNT310g,1,0,27,27
AG13T11g;B3GNT51g,2,0,26,27
AG13T11g;CERT2rt,2,0,26,27
AG13T11g;CITRt2m,0,1,28,26
AG13T11g;CITRtm,0,1,28,26
AG13T11g;FUCACNGAL14ACGLCGALGLUSIDEte,1,0,27,27
AG13T11g;FUCACNGAL14ACGLCGALGLUSIDEtg,1,0,27,27
AG13T11g;FUCACNGALACGLCGALGLUSIDEte,1,0,27,27
AG13T11g;FUCACNGALACGLCGALGLUSIDEtg,1,0,27,27
AG13T11g;FUT32g,1,0,27,27
AG13T11g;FUT92g,1,0,27,27
AG13T11g;GALGLUSIDEtg,2,0,26,27
AG13T11g;GALGLUSIDEtr,2,0,26,27
AG13T11g;NDP7er,2,1,26,26
AG13T11g;OROTGLUt,0,1,28,26
AG13T11g;OROTte,0,1,28,26
AG13T11g;ST3GAL31g,1,0,27,27
AG13T11g;ST3GAL61g,1,0,27,27
AG13T11g;UAG4E,0,2,28,25
AG13T11g;UDPGALt2r,2,0,26,27
AG13T11g;UDPGGPGTr,2,0,26,27
AG13T11g;UGCGc,2,0,26,27
AG13T11g;UMPtr,2,0,26,27
AG13T12g;B3GALTg,1,0,27,27
AG13T12g;B3GNT310g,1,0,27,27
AG13T12g;B3GNT51g,2,0,26,27
AG13T12g;CERT2rt,2,0,26,27
AG13T12g;CITRt2m,0,1,28,26
AG13T12g;CITRtm,0,1,28,26
AG13T12g;FUCACNGAL14ACGLCGALGLUSIDEte,1,0,27,27
AG13T12g;FUCACNGAL14ACGLCGALGLUSIDEtg,1,0,27,27
AG13T12g;FUCACNGALACGLCGALGLUSIDEte,1,0,27,27
AG13T12g;FUCACNGALACGLCGALGLUSIDEtg,1,0,27,27
AG13T12g;FUT32g,1,0,27,27
AG13T12g;FUT92g,1,0,27,27
AG13T12g;GALGLUSIDEtg,2,0,26,27
AG13T12g;GALGLUSIDEtr,2,0,26,27
AG13T12g;NDP7er,2,1,26,26
AG13T12g;OROTGLUt,0,1,28,26
AG13T12g;OROTte,0,1,28,26
AG13T12g;ST3GAL31g,1,0,27,27
AG13T12g;ST3GAL61g,1,0,27,27
AG13T12g;UAG4E,0,2,28,25
AG13T12g;UDPGALt2r,2,0,26,27
AG13T12g;UDPGGPGTr,2,0,26,27
AG13T12g;UGCGc,2,0,26,27
AG13T12g;UMPtr,2,0,26,27
AG13T13g;B3GALTg,1,0,27,27
AG13T13g;B3GNT310g,1,0,27,27
AG13T13g;B3GNT51g,2,0,26,27
AG13T13g;CERT2rt,2,0,26,27
AG13T13g;CITRt2m,0,1,28,26
AG13T13g;CITRtm,0,1,28,26
AG13T13g;FUCACNGAL14ACGLCGALGLUSIDEte,1,0,27,27
AG13T13g;FUCACNGAL14ACGLCGALGLUSIDEtg,1,0,27,27
AG13T13g;FUCACNGALACGLCGALGLUSIDEte,1,0,27,27
AG13T13g;FUCACNGALACGLCGALGLUSIDEtg,1,0,27,27
AG13T13g;FUT32g,1,0,27,27
AG13T13g;FUT92g,1,0,27,27
AG13T13g;GALGLUSIDEtg,2,0,26,27
AG13T13g;GALGLUSIDEtr,2,0,26,27
AG13T13g;NDP7er,2,1,26,26
AG13T13g;OROTGLUt,0,1,28,26
AG13T13g;OROTte,0,1,28,26
AG13T13g;ST3GAL31g,1,0,27,27
AG13T13g;ST3GAL61g,1,0,27,27
AG13T13g;UAG4E,0,2,28,25
AG13T13g;UDPGALt2r,2,0,26,27
AG13T13g;UDPGGPGTr,2,0,26,27
AG13T13g;UGCGc,2,0,26,27
AG13T13g;UMPtr,2,0,26,27
AG13T14g;B3GALTg,1,0,27,27
AG13T14g;B3GNT310g,1,0,27,27
AG13T14g;B3GNT51g,2,0,26,27
AG13T14g;CERT2rt,2,0,26,27
AG13T14g;CITRt2m,0,1,28,26
AG13T14g;CITRtm,0,1,28,26
AG13T14g;FUCACNGAL14ACGLCGALGLUSIDEte,1,0,27,27
AG13T14g;FUCACNGAL14ACGLCGALGLUSIDEtg,1,0,27,27
AG13T14g;FUCACNGALACGLCGALGLUSIDEte,1,0,27,27
AG13T14g;FUCACNGALACGLCGALGLUSIDEtg,1,0,27,27
AG13T14g;FUT32g,1,0,27,27
AG13T14g;FUT92g,1,0,27,27
AG13T14g;GALGLUSIDEtg,2,0,26,27
AG13T14g;GALGLUSIDEtr,2,0,26,27
AG13T14g;NDP7er,2,1,26,26
AG13T14g;OROTGLUt,0,1,28,26
AG13T14g;OROTte,0,1,28,26
AG13T14g;ST3GAL31g,1,0,27,27
AG13T14g;ST3GAL61g,1,0,27,27
AG13T14g;UAG4E,0,2,28,25
AG13T14g;UDPGALt2r,2,0,26,27
AG13T14g;UDPGGPGTr,2,0,26,27
AG13T14g;UGCGc,2,0,26,27
AG13T14g;UMPtr,2,0,26,27
AG13T15g;B3GALTg,1,0,27,27
AG13T15g;B3GNT310g,1,0,27,27
AG13T15g;B3GNT51g,2,0,26,27
AG13T15g;CERT2rt,2,0,26,27
AG13T15g;CITRt2m,0,1,28,26
AG13T15g;CITRtm,0,1,28,26
AG13T15g;FUCACNGAL14ACGLCGALGLUSIDEte,1,0,27,27
AG13T15g;FUCACNGAL14ACGLCGALGLUSIDEtg,1,0,27,27
AG13T15g;FUCACNGALACGLCGALGLUSIDEte,1,0,27,27
AG13T15g;FUCACNGALACGLCGALGLUSIDEtg,1,0,27,27
AG13T15g;FUT32g,1,0,27,27
AG13T15g;FUT92g,1,0,27,27
AG13T15g;GALGLUSIDEtg,2,0,26,27
AG13T15g;GALGLUSIDEtr,2,0,26,27
AG13T15g;NDP7er,2,1,26,26
AG13T15g;OROTGLUt,0,1,28,26
AG13T15g;OROTte,0,1,28,26
AG13T15g;ST3GAL31g,1,0,27,27
AG13T15g;ST3GAL61g,1,0,27,27
AG13T15g;UAG4E,0,2,28,25
AG13T15g;UDPGALt2r,2,0,26,27
AG13T15g;UDPGGPGTr,2,0,26,27
AG13T15g;UGCGc,2,0,26,27
AG13T15g;UMPtr,2,0,26,27
AG13T16g;AG13T1g,2,1,26,26
AG13T16g;AG13T2g,2,1,26,26
AG13T16g;AG13T3g,2,1,26,26
AG13T16g;CORE2GTg,2,1,26,26
AG13T16g;DASCBR,1,0,27,27
AG13T16g;G14T2g,2,1,26,26
AG13T16g;G14T3g,2,1,26,26
AG13T16g;G14T4g,2,1,26,26
AG13T16g;G14T5g,2,1,26,26
AG13T16g;GALASE16ly,2,1,26,26
AG13T16g;GF6PTA,1,0,27,27
AG13T16g;GPCCPDE,1,0,27,27
AG13T16g;HMGCOASim,0,1,28,26
AG13T16g;KSII_CORE2t,2,1,26,26
AG13T16g;KSII_CORE2tly,2,1,26,26
AG13T16g;LPASE,1,0,27,27
AG13T16g;N3Tg,2,1,26,26
AG13T16g;NACHEX23ly,2,1,26,26
AG13T16g;PDHa,0,1,28,26
AG13T16g;PDHbr,0,1,28,26
AG13T16g;PYRt2m,0,1,28,26
AG13T16g;R_group_phosphotase_1,1,0,27,27
AG13T16g;S23T2g,2,1,26,26
AG13T16g;S6T1g,2,1,26,26
AG13T16g;S6T2g,2,1,26,26
AG13T16g;S6T3g,2,1,26,26
AG13T16g;S6TASE22ly,2,1,26,26
AG13T16g;S6TASE23ly,2,1,26,26
AG13T16g;SIAASE3ly,2,1,26,26
AG13T16g;THRALANaEx,1,0,27,27
AG13T16g;UMPK5,1,0,27,27
AG13T17g;AG13T1g,2,1,26,26
AG13T17g;AG13T2g,2,1,26,26
AG13T17g;AG13T3g,2,1,26,26
AG13T17g;CORE2GTg,2,1,26,26
AG13T17g;DASCBR,1,0,27,27
AG13T17g;G14T2g,2,1,26,26
AG13T17g;G14T3g,2,1,26,26
AG13T17g;G14T4g,2,1,26,26
AG13T17g;G14T5g,2,1,26,26
AG13T17g;GALASE16ly,2,1,26,26
AG13T17g;GF6PTA,1,0,27,27
AG13T17g;GPCCPDE,1,0,27,27
AG13T17g;HMGCOASim,0,1,28,26
AG13T17g;KSII_CORE2t,2,1,26,26
AG13T17g;KSII_CORE2tly,2,1,26,26
AG13T17g;LPASE,1,0,27,27
AG13T17g;N3Tg,2,1,26,26
AG13T17g;NACHEX23ly,2,1,26,26
AG13T17g;PDHa,0,1,28,26
AG13T17g;PDHbr,0,1,28,26
AG13T17g;PYRt2m,0,1,28,26
AG13T17g;R_group_phosphotase_1,1,0,27,27
AG13T17g;S23T2g,2,1,26,26
AG13T17g;S6T1g,2,1,26,26
AG13T17g;S6T2g,2,1,26,26
AG13T17g;S6T3g,2,1,26,26
AG13T17g;S6TASE22ly,2,1,26,26
AG13T17g;S6TASE23ly,2,1,26,26
AG13T17g;SIAASE3ly,2,1,26,26
AG13T17g;THRALANaEx,1,0,27,27
AG13T17g;UMPK5,1,0,27,27
AG13T18g;AG13T1g,2,1,26,26
AG13T18g;AG13T2g,2,1,26,26
AG13T18g;AG13T3g,2,1,26,26
AG13T18g;CORE2GTg,2,1,26,26
AG13T18g;DASCBR,1,0,27,27
AG13T18g;G14T2g,2,1,26,26
AG13T18g;G14T3g,2,1,26,26
AG13T18g;G14T4g,2,1,26,26
AG13T18g;G14T5g,2,1,26,26
AG13T18g;GALASE16ly,2,1,26,26
AG13T18g;GF6PTA,1,0,27,27
AG13T18g;GPCCPDE,1,0,27,27
AG13T18g;HMGCOASim,0,1,28,26
AG13T18g;KSII_CORE2t,2,1,26,26
AG13T18g;KSII_CORE2tly,2,1,26,26
AG13T18g;LPASE,1,0,27,27
AG13T18g;N3Tg,2,1,26,26
AG13T18g;NACHEX23ly,2,1,26,26
AG13T18g;PDHa,0,1,28,26
AG13T18g;PDHbr,0,1,28,26
AG13T18g;PYRt2m,0,1,28,26
AG13T18g;R_group_phosphotase_1,1,0,27,27
AG13T18g;S23T2g,2,1,26,26
AG13T18g;S6T1g,2,1,26,26
AG13T18g;S6T2g,2,1,26,26
AG13T18g;S6T3g,2,1,26,26
AG13T18g;S6TASE22ly,2,1,26,26
AG13T18g;S6TASE23ly,2,1,26,26
AG13T18g;SIAASE3ly,2,1,26,26
AG13T18g;THRALANaEx,1,0,27,27
AG13T18g;UMPK5,1,0,27,27
AG13T1g;CORE3GTg,2,1,26,26
AG13T1g;CORE4GTg,2,1,26,26
AG13T1g;G14T18g,2,1,26,26
AG13T1g;G14T19g,2,1,26,26
AG13T1g;G14T20g,2,1,26,26
AG13T1g;G14T21g,2,1,26,26
AG13T1g;GALASE20ly,2,1,26,26
AG13T1g;KSII_CORE4t,2,1,26,26
AG13T1g;KSII_CORE4tly,2,1,26,26
AG13T1g;NACHEX26ly,2,1,26,26
AG13T1g;S23T4g,2,1,26,26
AG13T1g;S6T16g,2,1,26,26
AG13T1g;S6T17g,2,1,26,26
AG13T1g;S6T18g,2,1,26,26
AG13T1g;S6TASE25ly,2,1,26,26
AG13T1g;S6TASE26ly,2,1,26,26
AG13T1g;SIAASE4ly,2,1,26,26
AG13T2g;CORE3GTg,2,1,26,26
AG13T2g;CORE4GTg,2,1,26,26
AG13T2g;G14T18g,2,1,26,26
AG13T2g;G14T19g,2,1,26,26
AG13T2g;G14T20g,2,1,26,26
AG13T2g;G14T21g,2,1,26,26
AG13T2g;GALASE20ly,2,1,26,26
AG13T2g;KSII_CORE4t,2,1,26,26
AG13T2g;KSII_CORE4tly,2,1,26,26
AG13T2g;NACHEX26ly,2,1,26,26
AG13T2g;S23T4g,2,1,26,26
AG13T2g;S6T16g,2,1,26,26
AG13T2g;S6T17g,2,1,26,26
AG13T2g;S6T18g,2,1,26,26
AG13T2g;S6TASE25ly,2,1,26,26
AG13T2g;S6TASE26ly,2,1,26,26
AG13T2g;SIAASE4ly,2,1,26,26
AG13T3g;CORE3GTg,2,1,26,26
AG13T3g;CORE4GTg,2,1,26,26
AG13T3g;G14T18g,2,1,26,26
AG13T3g;G14T19g,2,1,26,26
AG13T3g;G14T20g,2,1,26,26
AG13T3g;G14T21g,2,1,26,26
AG13T3g;GALASE20ly,2,1,26,26
AG13T3g;KSII_CORE4t,2,1,26,26
AG13T3g;KSII_CORE4tly,2,1,26,26
AG13T3g;NACHEX26ly,2,1,26,26
AG13T3g;S23T4g,2,1,26,26
AG13T3g;S6T16g,2,1,26,26
AG13T3g;S6T17g,2,1,26,26
AG13T3g;S6T18g,2,1,26,26
AG13T3g;S6TASE25ly,2,1,26,26
AG13T3g;S6TASE26ly,2,1,26,26
AG13T3g;SIAASE4ly,2,1,26,26
AG13T4g;B3GALTg,1,0,27,27
AG13T4g;B3GNT310g,1,0,27,27
AG13T4g;B3GNT51g,2,0,26,27
AG13T4g;CERT2rt,2,0,26,27
AG13T4g;CITRt2m,0,1,28,26
AG13T4g;CITRtm,0,1,28,26
AG13T4g;FUCACNGAL14ACGLCGALGLUSIDEte,1,0,27,27
AG13T4g;FUCACNGAL14ACGLCGALGLUSIDEtg,1,0,27,27
AG13T4g;FUCACNGALACGLCGALGLUSIDEte,1,0,27,27
AG13T4g;FUCACNGALACGLCGALGLUSIDEtg,1,0,27,27
AG13T4g;FUT32g,1,0,27,27
AG13T4g;FUT92g,1,0,27,27
AG13T4g;GALGLUSIDEtg,2,0,26,27
AG13T4g;GALGLUSIDEtr,2,0,26,27
AG13T4g;NDP7er,2,1,26,26
AG13T4g;OROTGLUt,0,1,28,26
AG13T4g;OROTte,0,1,28,26
AG13T4g;ST3GAL31g,1,0,27,27
AG13T4g;ST3GAL61g,1,0,27,27
AG13T4g;UAG4E,0,2,28,25
AG13T4g;UDPGALt2r,2,0,26,27
AG13T4g;UDPGGPGTr,2,0,26,27
AG13T4g;UGCGc,2,0,26,27
AG13T4g;UMPtr,2,0,26,27
AG13T5g;B3GALTg,1,0,27,27
AG13T5g;B3GNT310g,1,0,27,27
AG13T5g;B3GNT51g,2,0,26,27
AG13T5g;CERT2rt,2,0,26,27
AG13T5g;CITRt2m,0,1,28,26
AG13T5g;CITRtm,0,1,28,26
AG13T5g;FUCACNGAL14ACGLCGALGLUSIDEte,1,0,27,27
AG13T5g;FUCACNGAL14ACGLCGALGLUSIDEtg,1,0,27,27
AG13T5g;FUCACNGALACGLCGALGLUSIDEte,1,0,27,27
AG13T5g;FUCACNGALACGLCGALGLUSIDEtg,1,0,27,27
AG13T5g;FUT32g,1,0,27,27
AG13T5g;FUT92g,1,0,27,27
AG13T5g;GALGLUSIDEtg,2,0,26,27
AG13T5g;GALGLUSIDEtr,2,0,26,27
AG13T5g;NDP7er,2,1,26,26
AG13T5g;OROTGLUt,0,1,28,26
AG13T5g;OROTte,0,1,28,26
AG13T5g;ST3GAL31g,1,0,27,27
AG13T5g;ST3GAL61g,1,0,27,27
AG13T5g;UAG4E,0,2,28,25
AG13T5g;UDPGALt2r,2,0,26,27
AG13T5g;UDPGGPGTr,2,0,26,27
AG13T5g;UGCGc,2,0,26,27
AG13T5g;UMPtr,2,0,26,27
AG13T6g;B3GALTg,1,0,27,27
AG13T6g;B3GNT310g,1,0,27,27
AG13T6g;B3GNT51g,2,0,26,27
AG13T6g;CERT2rt,2,0,26,27
AG13T6g;CITRt2m,0,1,28,26
AG13T6g;CITRtm,0,1,28,26
AG13T6g;FUCACNGAL14ACGLCGALGLUSIDEte,1,0,27,27
AG13T6g;FUCACNGAL14ACGLCGALGLUSIDEtg,1,0,27,27
AG13T6g;FUCACNGALACGLCGALGLUSIDEte,1,0,27,27
AG13T6g;FUCACNGALACGLCGALGLUSIDEtg,1,0,27,27
AG13T6g;FUT32g,1,0,27,27
AG13T6g;FUT92g,1,0,27,27
AG13T6g;GALGLUSIDEtg,2,0,26,27
AG13T6g;GALGLUSIDEtr,2,0,26,27
AG13T6g;NDP7er,2,1,26,26
AG13T6g;OROTGLUt,0,1,28,26
AG13T6g;OROTte,0,1,28,26
AG13T6g;ST3GAL31g,1,0,27,27
AG13T6g;ST3GAL61g,1,0,27,27
AG13T6g;UAG4E,0,2,28,25
AG13T6g;UDPGALt2r,2,0,26,27
AG13T6g;UDPGGPGTr,2,0,26,27
AG13T6g;UGCGc,2,0,26,27
AG13T6g;UMPtr,2,0,26,27
AG13T7g;B3GALTg,1,0,27,27
AG13T7g;B3GNT310g,1,0,27,27
AG13T7g;B3GNT51g,2,0,26,27
AG13T7g;CERT2rt,2,0,26,27
AG13T7g;CITRt2m,0,1,28,26
AG13T7g;CITRtm,0,1,28,26
AG13T7g;FUCACNGAL14ACGLCGALGLUSIDEte,1,0,27,27
AG13T7g;FUCACNGAL14ACGLCGALGLUSIDEtg,1,0,27,27
AG13T7g;FUCACNGALACGLCGALGLUSIDEte,1,0,27,27
AG13T7g;FUCACNGALACGLCGALGLUSIDEtg,1,0,27,27
AG13T7g;FUT32g,1,0,27,27
AG13T7g;FUT92g,1,0,27,27
AG13T7g;GALGLUSIDEtg,2,0,26,27
AG13T7g;GALGLUSIDEtr,2,0,26,27
AG13T7g;NDP7er,2,1,26,26
AG13T7g;OROTGLUt,0,1,28,26
AG13T7g;OROTte,0,1,28,26
AG13T7g;ST3GAL31g,1,0,27,27
AG13T7g;ST3GAL61g,1,0,27,27
AG13T7g;UAG4E,0,2,28,25
AG13T7g;UDPGALt2r,2,0,26,27
AG13T7g;UDPGGPGTr,2,0,26,27
AG13T7g;UGCGc,2,0,26,27
AG13T7g;UMPtr,2,0,26,27
AG13T8g;B3GALTg,1,0,27,27
AG13T8g;B3GNT310g,1,0,27,27
AG13T8g;B3GNT51g,2,0,26,27
AG13T8g;CERT2rt,2,0,26,27
AG13T8g;CITRt2m,0,1,28,26
AG13T8g;CITRtm,0,1,28,26
AG13T8g;FUCACNGAL14ACGLCGALGLUSIDEte,1,0,27,27
AG13T8g;FUCACNGAL14ACGLCGALGLUSIDEtg,1,0,27,27
AG13T8g;FUCACNGALACGLCGALGLUSIDEte,1,0,27,27
AG13T8g;FUCACNGALACGLCGALGLUSIDEtg,1,0,27,27
AG13T8g;FUT32g,1,0,27,27
AG13T8g;FUT92g,1,0,27,27
AG13T8g;GALGLUSIDEtg,2,0,26,27
AG13T8g;GALGLUSIDEtr,2,0,26,27
AG13T8g;NDP7er,2,1,26,26
AG13T8g;OROTGLUt,0,1,28,26
AG13T8g;OROTte,0,1,28,26
AG13T8g;ST3GAL31g,1,0,27,27
AG13T8g;ST3GAL61g,1,0,27,27
AG13T8g;UAG4E,0,2,28,25
AG13T8g;UDPGALt2r,2,0,26,27
AG13T8g;UDPGGPGTr,2,0,26,27
AG13T8g;UGCGc,2,0,26,27
AG13T8g;UMPtr,2,0,26,27
AG13T9g;B3GALTg,1,0,27,27
AG13T9g;B3GNT310g,1,0,27,27
AG13T9g;B3GNT51g,2,0,26,27
AG13T9g;CERT2rt,2,0,26,27
AG13T9g;CITRt2m,0,1,28,26
AG13T9g;CITRtm,0,1,28,26
AG13T9g;FUCACNGAL14ACGLCGALGLUSIDEte,1,0,27,27
AG13T9g;FUCACNGAL14ACGLCGALGLUSIDEtg,1,0,27,27
AG13T9g;FUCACNGALACGLCGALGLUSIDEte,1,0,27,27
AG13T9g;FUCACNGALACGLCGALGLUSIDEtg,1,0,27,27
AG13T9g;FUT32g,1,0,27,27
AG13T9g;FUT92g,1,0,27,27
AG13T9g;GALGLUSIDEtg,2,0,26,27
AG13T9g;GALGLUSIDEtr,2,0,26,27
AG13T9g;NDP7er,2,1,26,26
AG13T9g;OROTGLUt,0,1,28,26
AG13T9g;OROTte,0,1,28,26
AG13T9g;ST3GAL31g,1,0,27,27
AG13T9g;ST3GAL61g,1,0,27,27
AG13T9g;UAG4E,0,2,28,25
AG13T9g;UDPGALt2r,2,0,26,27
AG13T9g;UDPGGPGTr,2,0,26,27
AG13T9g;UGCGc,2,0,26,27
AG13T9g;UMPtr,2,0,26,27
AGLPC;DURAD2,1,0,27,27
AGLPC;DURAD2xm,1,0,27,27
AGLPC;D_LACt2,1,0,27,27
AGLPC;LALDD,1,0,27,27
AGLPC;LCADi_D,1,0,27,27
AGLPC;THYMtm,1,0,27,27
AGLPC;UMPK,0,1,28,26
AGLPH;DURAD2,1,0,27,27
AGLPH;DURAD2xm,1,0,27,27
AGLPH;D_LACt2,1,0,27,27
AGLPH;LALDD,1,0,27,27
AGLPH;LCADi_D,1,0,27,27
AGLPH;THYMtm,1,0,27,27
AGLPH;UMPK,0,1,28,26
AGLPR;DURAD2,1,0,27,27
AGLPR;DURAD2xm,1,0,27,27
AGLPR;D_LACt2,1,0,27,27
AGLPR;LALDD,1,0,27,27
AGLPR;LCADi_D,1,0,27,27
AGLPR;THYMtm,1,0,27,27
AGLPR;UMPK,0,1,28,26
AGLPT;DURAD2,1,0,27,27
AGLPT;DURAD2xm,1,0,27,27
AGLPT;D_LACt2,1,0,27,27
AGLPT;LALDD,1,0,27,27
AGLPT;LCADi_D,1,0,27,27
AGLPT;THYMtm,1,0,27,27
AGLPT;UMPK,0,1,28,26
AGPAT1m;DAG_Hstem,0,1,28,26
AGPSx;DURAD2,1,0,27,27
AGPSx;DURAD2xm,1,0,27,27
AGPSx;D_LACt2,1,0,27,27
AGPSx;LALDD,1,0,27,27
AGPSx;LCADi_D,1,0,27,27
AGPSx;THYMtm,1,0,27,27
AGPSx;UMPK,0,1,28,26
AGPex;DURAD2,1,0,27,27
AGPex;DURAD2xm,1,0,27,27
AGPex;D_LACt2,1,0,27,27
AGPex;LALDD,1,0,27,27
AGPex;LCADi_D,1,0,27,27
AGPex;THYMtm,1,0,27,27
AGPex;UMPK,0,1,28,26
AGTim;GLYt4,2,0,26,27
AGTim;HMGL,1,0,27,27
AGTim;OCOAT1m,1,0,27,27
AGTim;PROGLUtm,1,0,27,27
AGTim;PROtm,1,0,27,27
AGTim;SUCOAS1m,1,0,27,27
AGTim;THRA,1,0,27,27
AGTim;THRATB0tc,1,0,27,27
AHC;ACITLn,0,1,28,26
AHC;ADPtn,0,1,28,26
AHC;AKGSUCCtm,1,0,27,27
AHC;ALASm,1,0,27,27
AHC;AMPt4,0,1,28,26
AHC;ARTFR52,5,0,23,27
AHC;ASPte,0,1,28,26
AHC;ATPtn,0,1,28,26
AHC;BILIRED2,1,0,27,27
AHC;BILIRUBtr,1,0,27,27
AHC;CHATn,0,1,28,26
AHC;CHOLtn,0,1,28,26
AHC;CITRt2m,1,1,27,26
AHC;CITRtm,1,1,27,26
AHC;CITtn,0,1,28,26
AHC;CO2t,0,1,28,26
AHC;CO2tm,0,1,28,26
AHC;COt,1,0,27,27
AHC;CPPPGO,1,0,27,27
AHC;CSm,0,1,28,26
AHC;DHFR,1,1,27,26
AHC;DHFRm,0,1,28,26
AHC;DHFtm,0,1,28,26
AHC;FAE180,1,0,27,27
AHC;FAE200,5,0,23,27
AHC;FAE220,5,0,23,27
AHC;FAE240,5,0,23,27
AHC;FAE260,5,0,23,27
AHC;FCLTm,1,0,27,27
AHC;FE2tm,1,0,27,27
AHC;GALU,0,1,28,26
AHC;GLXtm,0,1,28,26
AHC;GLXtp,0,1,28,26
AHC;GLYC3Ptm,1,0,27,27
AHC;GLYCLTDym,0,1,28,26
AHC;GLYCLTtm,0,1,28,26
AHC;GLYCLTtp,0,1,28,26
AHC;GLYCTO1p,0,1,28,26
AHC;GLYt4,0,1,28,26
AHC;GTPGDPtm,1,0,27,27
AHC;H2Oter,0,1,28,26
AHC;HACD180,1,0,27,27
AHC;HACD200,5,0,23,27
AHC;HACD220,5,0,23,27
AHC;HACD240,5,0,23,27
AHC;HACD260,5,0,23,27
AHC;HCO3E,0,2,28,25
AHC;HEXCCOAtr,5,0,23,27
AHC;HMBS,1,0,27,27
AHC;HMGLm,0,1,28,26
AHC;HOXG,1,0,27,27
AHC;HSD180,1,0,27,27
AHC;HSD200,5,0,23,27
AHC;HSD220,5,0,23,27
AHC;HSD240,5,0,23,27
AHC;HSD260,5,0,23,27
AHC;HSD3B11,0,1,28,26
AHC;Htr,1,1,27,26
AHC;ICDHyrm,0,1,28,26
AHC;ICITCITtm,0,1,28,26
AHC;ICITMALtm,0,1,28,26
AHC;LDH_L,0,1,28,26
AHC;MDH,0,1,28,26
AHC;MDHm,0,1,28,26
AHC;NADH2_u10m,0,1,28,26
AHC;NDPK1,1,0,27,27
AHC;NTD7,1,0,27,27
AHC;O2tm,0,1,28,26
AHC;OAAtn,0,1,28,26
AHC;P45011A1m,0,1,28,26
AHC;PGMT,0,1,28,26
AHC;PHEMEtm,1,0,27,27
AHC;PIMALtm,1,0,27,27
AHC;PIt9,0,1,28,26
AHC;PIter,0,1,28,26
AHC;PItn,0,1,28,26
AHC;PPBNGS,1,0,27,27
AHC;PPPG9tm,1,0,27,27
AHC;PPPGOm,1,0,27,27
AHC;PRGNLONEtm,0,1,28,26
AHC;PRGSTRNt,0,1,28,26
AHC;PROAKGOX1m,1,0,27,27
AHC;PROtm,2,0,26,27
AHC;R5Ptr,0,1,28,26
AHC;RADH3,0,1,28,26
AHC;RADH4,0,1,28,26
AHC;RPIr,0,1,28,26
AHC;RTOT5,5,0,23,27
AHC;RU5Ptr,0,1,28,26
AHC;SO4AKGtm,1,0,27,27
AHC;SO4MALtm,1,0,27,27
AHC;SUCOAS1m,1,0,27,27
AHC;TECR180,1,0,27,27
AHC;TECR200,5,0,23,27
AHC;TECR220,5,0,23,27
AHC;TECR240,5,0,23,27
AHC;TECR260,5,0,23,27
AHC;THFtm,0,2,28,25
AHC;TXA2tr,0,1,28,26
AHC;TXB2c,0,1,28,26
AHC;TXB2r,0,1,28,26
AHC;TXB2tr,0,1,28,26
AHC;UDPGD,1,0,27,27
AHC;UDPGLCAter,1,0,27,27
AHC;UPP3S,1,0,27,27
AHC;UPPDC1,1,0,27,27
AHCYStn;ACITLn,0,1,28,26
AHCYStn;ADPtn,0,1,28,26
AHCYStn;AKGFORte,1,0,27,27
AHCYStn;AMPt4,0,1,28,26
AHCYStn;ARTFR52,1,0,27,27
AHCYStn;ATPtn,0,1,28,26
AHCYStn;BPNT,1,0,27,27
AHCYStn;CHATn,0,1,28,26
AHCYStn;CHOLtn,0,1,28,26
AHCYStn;CITRt2m,0,1,28,26
AHCYStn;CITRtm,0,1,28,26
AHCYStn;CITtn,0,1,28,26
AHCYStn;CLHCOtex,1,0,27,27
AHCYStn;CO2t,0,1,28,26
AHCYStn;CO2tm,0,1,28,26
AHCYStn;CSm,0,1,28,26
AHCYStn;DASCBR,1,1,27,26
AHCYStn;DHPR,1,1,27,26
AHCYStn;DOPABMO,1,1,27,26
AHCYStn;DOPAMT,1,0,27,27
AHCYStn;FAE200,1,0,27,27
AHCYStn;FAE220,1,0,27,27
AHCYStn;FAE240,1,0,27,27
AHCYStn;FAE260,1,0,27,27
AHCYStn;GALU,0,1,28,26
AHCYStn;H2Oter,0,1,28,26
AHCYStn;HACD200,1,0,27,27
AHCYStn;HACD220,1,0,27,27
AHCYStn;HACD240,1,0,27,27
AHCYStn;HACD260,1,0,27,27
AHCYStn;HCO3E,0,1,28,26
AHCYStn;HEXCCOAtr,1,0,27,27
AHCYStn;HMGLm,0,1,28,26
AHCYStn;HOMOVALte,2,1,26,26
AHCYStn;HSD200,1,0,27,27
AHCYStn;HSD220,1,0,27,27
AHCYStn;HSD240,1,0,27,27
AHCYStn;HSD260,1,0,27,27
AHCYStn;Htr,0,1,28,26
AHCYStn;ICITCITtm,0,1,28,26
AHCYStn;ICITMALtm,0,1,28,26
AHCYStn;IDHPOXOX2b,1,1,27,26
AHCYStn;IDHPOXOX4,1,0,27,27
AHCYStn;IDHPOXOXb,1,1,27,26
AHCYStn;LCYSTCBOXL,1,0,27,27
AHCYStn;MDH,0,1,28,26
AHCYStn;MDHm,0,1,28,26
AHCYStn;NADH2_u10m,0,1,28,26
AHCYStn;NAIt,1,1,27,26
AHCYStn;NORANMT,1,1,27,26
AHCYStn;OAAtn,0,1,28,26
AHCYStn;PE_HStm,1,1,27,26
AHCYStn;PGMT,0,1,28,26
AHCYStn;PIter,0,1,28,26
AHCYStn;PItn,0,1,28,26
AHCYStn;PSDm_hs,2,1,26,26
AHCYStn;PSFLIPm,2,1,26,26
AHCYStn;RTOT5,1,0,27,27
AHCYStn;SADT,1,0,27,27
AHCYStn;SO4CLtex,1,0,27,27
AHCYStn;TAURCHAe,1,0,27,27
AHCYStn;TECR200,1,0,27,27
AHCYStn;TECR220,1,0,27,27
AHCYStn;TECR240,1,0,27,27
AHCYStn;TECR260,1,0,27,27
AHCYStn;THBPT4ACAMDASE,1,1,27,26
AHCYStn;THYPX,1,1,27,26
AHCYStn;THYST,1,0,27,27
AHCYStn;TYR3MO2,1,1,27,26
AHCYStn;TYRDOPO,2,1,26,26
AIBAKGAT;GLYt4,1,0,27,27
AK2LGCHOLt;DURAD2,1,0,27,27
AK2LGCHOLt;DURAD2xm,1,0,27,27
AK2LGCHOLt;D_LACt2,1,0,27,27
AK2LGCHOLt;LALDD,1,0,27,27
AK2LGCHOLt;LCADi_D,1,0,27,27
AK2LGCHOLt;THYMtm,1,0,27,27
AK2LGCHOLt;UMPK,0,1,28,26
AKGACACte;AKGSUCCtm,0,1,28,26
AKGACACte;MAL_Lte,1,0,27,27
AKGACACte;PIMALtm,0,1,28,26
AKGACACte;SO4AKGtm,0,1,28,26
AKGACACte;SO4MALtm,0,1,28,26
AKGACONtm;AKGCITtm,1,0,27,27
AKGACONtm;ALDD2y,1,0,27,27
AKGACONtm;ASPDH,1,0,27,27
AKGACONtm;DHCR241r,1,0,27,27
AKGACONtm;EBP2r,1,0,27,27
AKGACONtm;ENO,1,0,27,27
AKGACONtm;GAPD,1,0,27,27
AKGACONtm;GLCt1r,1,0,27,27
AKGACONtm;GLUPROASCT1,1,0,27,27
AKGACONtm;HEX12,1,0,27,27
AKGACONtm;LSTO2r,1,0,27,27
AKGACONtm;PGK,1,0,27,27
AKGACONtm;PGM,1,0,27,27
AKGACONtm;PVD3,1,0,27,27
AKGACONtm;PYK,1,0,27,27
AKGACONtm;PYRt4_2,2,0,26,27
AKGACONtm;SUCCACONtm,1,0,27,27
AKGACONtm;THRA,1,0,27,27
AKGACONtm;VD3,1,0,27,27
AKGACONtm;VITD3Hm,1,0,27,27
AKGACONtm;VITD3tm,1,0,27,27
AKGACte;CLFORtex,1,0,27,27
AKGACte;HCO3Em,1,0,27,27
AKGACte;HCO3tm,1,0,27,27
AKGCITtm;ASPDH,1,0,27,27
AKGCITtm;ASPPROASCT1,1,0,27,27
AKGCITtm;DHFR,1,0,27,27
AKGCITtm;DHFRm,1,0,27,27
AKGCITtm;DHFtm,1,0,27,27
AKGCITtm;GLUPROASCT1,1,0,27,27
AKGCITtm;PYK,1,0,27,27
AKGCITtm;SUCCACONtm,1,0,27,27
AKGCITtm;THFtm,1,0,27,27
AKGDa1;AKGSUCCtm,1,1,27,26
AKGDa1;ALDD19xrm,1,0,27,27
AKGDa1;ALDD19yrm,1,0,27,27
AKGDa1;ALDD2y,1,1,27,26
AKGDa1;ATPt4,1,0,27,27
AKGDa1;CITRt2m,0,1,28,26
AKGDa1;CITRtm,0,1,28,26
AKGDa1;CO2t,1,0,27,27
AKGDa1;CO2tm,1,0,27,27
AKGDa1;DHFR,1,0,27,27
AKGDa1;FADDPle,1,0,27,27
AKGDa1;FADte,1,0,27,27
AKGDa1;FKYNH,0,1,28,26
AKGDa1;FMNALKPle,1,0,27,27
AKGDa1;FMNAT,1,0,27,27
AKGDa1;GTPGDPtm,0,1,28,26
AKGDa1;H2Oter,1,1,27,26
AKGDa1;HCO3E,1,0,27,27
AKGDa1;HCO3Em,2,1,26,26
AKGDa1;HCO3tm,2,1,26,26
AKGDa1;HMGL,0,1,28,26
AKGDa1;Htr,1,1,27,26
AKGDa1;KYNAKGAT,0,1,28,26
AKGDa1;KYNATESYN,0,1,28,26
AKGDa1;KYNATEtr,0,1,28,26
AKGDa1;LDH_L,0,1,28,26
AKGDa1;NADH2_u10m,0,1,28,26
AKGDa1;OCOAT1m,0,1,28,26
AKGDa1;PPA,0,1,28,26
AKGDa1;PROSTGE2t,1,0,27,27
AKGDa1;PROSTGE2t2,1,0,27,27
AKGDa1;PYK6,1,0,27,27
AKGDa1;PYRAKGte,0,1,28,26
AKGDa1;PYRt4_2,0,1,28,26
AKGDa1;RBFK,1,0,27,27
AKGDa1;RIBFLVt6,1,0,27,27
AKGDa1;SUCOAS1m,0,1,28,26
AKGDa1;THRA,1,1,27,26
AKGDa1;TRPO2,0,1,28,26
AKGDa1;TYROX,1,0,27,27
AKGDa1;TYRTA,1,0,27,27
AKGDa2;AKGSUCCtm,1,1,27,26
AKGDa2;ALDD19xrm,1,0,27,27
AKGDa2;ALDD19yrm,1,0,27,27
AKGDa2;ALDD2y,1,1,27,26
AKGDa2;ATPt4,1,0,27,27
AKGDa2;CITRt2m,0,1,28,26
AKGDa2;CITRtm,0,1,28,26
AKGDa2;CO2t,1,0,27,27
AKGDa2;CO2tm,1,0,27,27
AKGDa2;DHFR,1,0,27,27
AKGDa2;FADDPle,1,0,27,27
AKGDa2;FADte,1,0,27,27
AKGDa2;FKYNH,0,1,28,26
AKGDa2;FMNALKPle,1,0,27,27
AKGDa2;FMNAT,1,0,27,27
AKGDa2;GTPGDPtm,0,1,28,26
AKGDa2;H2Oter,1,1,27,26
AKGDa2;HCO3E,1,0,27,27
AKGDa2;HCO3Em,2,1,26,26
AKGDa2;HCO3tm,2,1,26,26
AKGDa2;HMGL,0,1,28,26
AKGDa2;Htr,1,1,27,26
AKGDa2;KYNAKGAT,0,1,28,26
AKGDa2;KYNATESYN,0,1,28,26
AKGDa2;KYNATEtr,0,1,28,26
AKGDa2;LDH_L,0,1,28,26
AKGDa2;NADH2_u10m,0,1,28,26
AKGDa2;OCOAT1m,0,1,28,26
AKGDa2;PPA,0,1,28,26
AKGDa2;PROSTGE2t,1,0,27,27
AKGDa2;PROSTGE2t2,1,0,27,27
AKGDa2;PYK6,1,0,27,27
AKGDa2;PYRAKGte,0,1,28,26
AKGDa2;PYRt4_2,0,1,28,26
AKGDa2;RBFK,1,0,27,27
AKGDa2;RIBFLVt6,1,0,27,27
AKGDa2;SUCOAS1m,0,1,28,26
AKGDa2;THRA,1,1,27,26
AKGDa2;TRPO2,0,1,28,26
AKGDa2;TYROX,1,0,27,27
AKGDa2;TYRTA,1,0,27,27
AKGDb;AKGSUCCtm,1,1,27,26
AKGDb;ALDD19xrm,1,0,27,27
AKGDb;ALDD19yrm,1,0,27,27
AKGDb;ALDD2y,1,1,27,26
AKGDb;ATPt4,1,0,27,27
AKGDb;CITRt2m,0,1,28,26
AKGDb;CITRtm,0,1,28,26
AKGDb;CO2t,1,0,27,27
AKGDb;CO2tm,1,0,27,27
AKGDb;DHFR,1,0,27,27
AKGDb;FADDPle,1,0,27,27
AKGDb;FADte,1,0,27,27
AKGDb;FKYNH,0,1,28,26
AKGDb;FMNALKPle,1,0,27,27
AKGDb;FMNAT,1,0,27,27
AKGDb;GTPGDPtm,0,1,28,26
AKGDb;H2Oter,1,1,27,26
AKGDb;HCO3E,1,0,27,27
AKGDb;HCO3Em,2,1,26,26
AKGDb;HCO3tm,2,1,26,26
AKGDb;HMGL,0,1,28,26
AKGDb;Htr,1,1,27,26
AKGDb;KYNAKGAT,0,1,28,26
AKGDb;KYNATESYN,0,1,28,26
AKGDb;KYNATEtr,0,1,28,26
AKGDb;LDH_L,0,1,28,26
AKGDb;NADH2_u10m,0,1,28,26
AKGDb;OCOAT1m,0,1,28,26
AKGDb;PPA,0,1,28,26
AKGDb;PROSTGE2t,1,0,27,27
AKGDb;PROSTGE2t2,1,0,27,27
AKGDb;PYK6,1,0,27,27
AKGDb;PYRAKGte,0,1,28,26
AKGDb;PYRt4_2,0,1,28,26
AKGDb;RBFK,1,0,27,27
AKGDb;RIBFLVt6,1,0,27,27
AKGDb;SUCOAS1m,0,1,28,26
AKGDb;THRA,1,1,27,26
AKGDb;TRPO2,0,1,28,26
AKGDb;TYROX,1,0,27,27
AKGDb;TYRTA,1,0,27,27
AKGFORte;AKGSUCCtm,1,0,27,27
AKGFORte;ALASm,1,0,27,27
AKGFORte;AMETtn,1,0,27,27
AKGFORte;BILIRED2,1,0,27,27
AKGFORte;BILIRUBtr,1,0,27,27
AKGFORte;CLFORtex,1,0,27,27
AKGFORte;CLHCOtex,2,0,26,27
AKGFORte;COt,1,0,27,27
AKGFORte;CPPPGO,1,0,27,27
AKGFORte;FCLTm,1,0,27,27
AKGFORte;FE2tm,1,0,27,27
AKGFORte;GTPGDPtm,1,0,27,27
AKGFORte;H3K4MET_1,1,0,27,27
AKGFORte;H3K4MET_2,1,0,27,27
AKGFORte;H3K4MET_3,1,0,27,27
AKGFORte;H3K4_synthesis,1,0,27,27
AKGFORte;HCO3E,1,0,27,27
AKGFORte;HCO3Ee,1,0,27,27
AKGFORte;HMBS,1,0,27,27
AKGFORte;HOXG,1,0,27,27
AKGFORte;LYStn,1,0,27,27
AKGFORte;NDPK1,1,0,27,27
AKGFORte;PHEMEtm,1,0,27,27
AKGFORte;PIMALtm,1,0,27,27
AKGFORte;PPBNGS,1,0,27,27
AKGFORte;PPPG9tm,1,0,27,27
AKGFORte;PPPGOm,1,0,27,27
AKGFORte;PROAKGOX1m,1,0,27,27
AKGFORte;PROtm,1,0,27,27
AKGFORte;SO4AKGtm,1,0,27,27
AKGFORte;SO4MALtm,1,0,27,27
AKGFORte;SUCOAS1m,1,0,27,27
AKGFORte;UDPGD,1,0,27,27
AKGFORte;UDPGLCAter,1,0,27,27
AKGFORte;UPP3S,1,0,27,27
AKGFORte;UPPDC1,1,0,27,27
AKGFORte;peplys_synthesis,1,0,27,27
AKGGHTRDtm;CA2tm,1,0,27,27
AKGGHTRDtm;CITACONtm,1,0,27,27
AKGGHTRDtm;HCO3Ee,1,0,27,27
AKGGHTRDtm;HCO3Em,1,0,27,27
AKGGHTRDtm;HCO3tm,1,0,27,27
AKGICITtm;ALATA_L,1,0,27,27
AKGICITtm;ALDD2y,1,0,27,27
AKGICITtm;ALPAP,1,0,27,27
AKGICITtm;DHCR241r,1,0,27,27
AKGICITtm;EBP2r,1,0,27,27
AKGICITtm;ENO,1,0,27,27
AKGICITtm;GAPD,1,0,27,27
AKGICITtm;GLCt1r,1,0,27,27
AKGICITtm;GLYC3Ptmc,1,0,27,27
AKGICITtm;GLYCtm,1,0,27,27
AKGICITtm;GPAMm_hs,1,0,27,27
AKGICITtm;HCO3tm,1,0,27,27
AKGICITtm;HEX12,1,0,27,27
AKGICITtm;ICITACONtm,1,0,27,27
AKGICITtm;LPS3m,1,0,27,27
AKGICITtm;LSTO2r,1,0,27,27
AKGICITtm;PGK,1,0,27,27
AKGICITtm;PGM,1,0,27,27
AKGICITtm;PPCOACRNtm,1,0,27,27
AKGICITtm;PPCOAtm,1,0,27,27
AKGICITtm;PVD3,1,0,27,27
AKGICITtm;PYRt4_2,2,0,26,27
AKGICITtm;RTOTALCRNCPT1,1,0,27,27
AKGICITtm;RTOTALCRNCPT2,1,0,27,27
AKGICITtm;RTOTALCRNt,1,0,27,27
AKGICITtm;R_group_phosphotase_1,1,0,27,27
AKGICITtm;Rtotaltm,1,0,27,27
AKGICITtm;THRA,1,0,27,27
AKGICITtm;VD3,1,0,27,27
AKGICITtm;VITD3Hm,1,0,27,27
AKGICITtm;VITD3tm,1,0,27,27
AKGLACte;L_LACt2r,0,1,28,26
AKGSUCCtm;AKGtn,1,0,27,27
AKGSUCCtm;ALASm,0,2,28,25
AKGSUCCtm;ALCD1,1,0,27,27
AKGSUCCtm;ALDD2y,1,0,27,27
AKGSUCCtm;ARTFR41,0,1,28,26
AKGSUCCtm;ARTFR45,1,0,27,27
AKGSUCCtm;ASPTA,1,0,27,27
AKGSUCCtm;ATPS4m,1,0,27,27
AKGSUCCtm;ATPtm,1,0,27,27
AKGSUCCtm;B3GNT310g,1,0,27,27
AKGSUCCtm;B3GNT51g,1,0,27,27
AKGSUCCtm;BETALDHxm,1,0,27,27
AKGSUCCtm;BHMT,1,0,27,27
AKGSUCCtm;BILIRED,0,1,28,26
AKGSUCCtm;BILIRED2,0,1,28,26
AKGSUCCtm;BILIRUBtr,0,2,28,25
AKGSUCCtm;C161CPT1,0,1,28,26
AKGSUCCtm;CACT4r,0,1,28,26
AKGSUCCtm;CERT2rt,1,0,27,27
AKGSUCCtm;CHLtm,1,0,27,27
AKGSUCCtm;CHOLD2m,1,0,27,27
AKGSUCCtm;CITRt2m,0,1,28,26
AKGSUCCtm;CITRtm,0,1,28,26
AKGSUCCtm;CLHCO3tex2,1,0,27,27
AKGSUCCtm;CO2tm,1,1,27,26
AKGSUCCtm;CO2tn,1,0,27,27
AKGSUCCtm;COAtr,0,1,28,26
AKGSUCCtm;COt,0,2,28,25
AKGSUCCtm;CPPPGO,0,2,28,25
AKGSUCCtm;DESAT16_1,0,1,28,26
AKGSUCCtm;DESAT18_1,1,0,27,27
AKGSUCCtm;DHFR,3,0,25,27
AKGSUCCtm;DHFRm,1,0,27,27
AKGSUCCtm;DHFRx,1,0,27,27
AKGSUCCtm;DHFtm,2,0,26,27
AKGSUCCtm;DMGDHm,1,0,27,27
AKGSUCCtm;DMGtm,1,0,27,27
AKGSUCCtm;DRPA,0,1,28,26
AKGSUCCtm;FADH2ETC,0,1,28,26
AKGSUCCtm;FAE201,1,0,27,27
AKGSUCCtm;FAE221,1,0,27,27
AKGSUCCtm;FAE241,1,0,27,27
AKGSUCCtm;FALDtm,1,0,27,27
AKGSUCCtm;FALDtn,1,0,27,27
AKGSUCCtm;FALDtx,1,0,27,27
AKGSUCCtm;FCLTm,0,2,28,25
AKGSUCCtm;FE2tm,0,3,28,24
AKGSUCCtm;FKYNH,0,1,28,26
AKGSUCCtm;FUMSUCCtm,1,1,27,26
AKGSUCCtm;FUMm,0,1,28,26
AKGSUCCtm;GALGLUSIDEtg,1,0,27,27
AKGSUCCtm;GALGLUSIDEtr,1,0,27,27
AKGSUCCtm;GALU,0,2,28,25
AKGSUCCtm;GDPFUCtg,1,0,27,27
AKGSUCCtm;GDPtg,1,0,27,27
AKGSUCCtm;GF6PTA,1,0,27,27
AKGSUCCtm;GFUCSx,1,0,27,27
AKGSUCCtm;GLUDym,1,0,27,27
AKGSUCCtm;GLUt2m,0,1,28,26
AKGSUCCtm;GLYBtm,1,0,27,27
AKGSUCCtm;GLYtp,1,0,27,27
AKGSUCCtm;GMAND,1,0,27,27
AKGSUCCtm;GMPtg,1,0,27,27
AKGSUCCtm;GTPGDPtm,1,3,27,24
AKGSUCCtm;H2O2t,1,0,27,27
AKGSUCCtm;H2O2tp,1,1,27,26
AKGSUCCtm;H2Oter,1,1,27,26
AKGSUCCtm;H2Otg,1,0,27,27
AKGSUCCtm;H2Otp,1,0,27,27
AKGSUCCtm;H3K36DMET_3,1,0,27,27
AKGSUCCtm;H3K36MET_3,1,0,27,27
AKGSUCCtm;HACD201,1,0,27,27
AKGSUCCtm;HACD221,1,0,27,27
AKGSUCCtm;HACD241,1,0,27,27
AKGSUCCtm;HCO3E,2,1,26,26
AKGSUCCtm;HCO3Ee,1,0,27,27
AKGSUCCtm;HCO3Em,1,1,27,26
AKGSUCCtm;HCO3_CLt,1,0,27,27
AKGSUCCtm;HCO3tm,1,1,27,26
AKGSUCCtm;HMBS,0,2,28,25
AKGSUCCtm;HMGL,0,1,28,26
AKGSUCCtm;HOXG,0,2,28,25
AKGSUCCtm;HSD201,1,0,27,27
AKGSUCCtm;HSD221,1,0,27,27
AKGSUCCtm;HSD241,1,0,27,27
AKGSUCCtm;Htg,1,0,27,27
AKGSUCCtm;Htr,1,1,27,26
AKGSUCCtm;IMAGH,1,0,27,27
AKGSUCCtm;KYNAKGAT,0,1,28,26
AKGSUCCtm;KYNATESYN,0,1,28,26
AKGSUCCtm;KYNATEtr,0,1,28,26
AKGSUCCtm;MAL_Lte,1,0,27,27
AKGSUCCtm;MAN1PT2,1,0,27,27
AKGSUCCtm;MAN6PI,1,0,27,27
AKGSUCCtm;ME1m,0,1,28,26
AKGSUCCtm;MEOHt2,1,0,27,27
AKGSUCCtm;METAT,1,0,27,27
AKGSUCCtm;NDP7er,0,2,28,25
AKGSUCCtm;NDP7g,1,0,27,27
AKGSUCCtm;NH4tm,1,1,27,26
AKGSUCCtm;NMNS,1,2,27,25
AKGSUCCtm;NRVNCCOAtr,1,0,27,27
AKGSUCCtm;O2tn,1,0,27,27
AKGSUCCtm;O2tp,1,1,27,26
AKGSUCCtm;OCOAT1m,0,1,28,26
AKGSUCCtm;P5CRxm,0,1,28,26
AKGSUCCtm;PGMT,0,2,28,25
AKGSUCCtm;PHEMEtm,0,2,28,25
AKGSUCCtm;PIMALtm,1,1,27,26
AKGSUCCtm;PIt2m_2,2,1,26,26
AKGSUCCtm;PIter,0,2,28,25
AKGSUCCtm;PItg,1,0,27,27
AKGSUCCtm;PLMCOAPTr,0,1,28,26
AKGSUCCtm;PMANM,1,0,27,27
AKGSUCCtm;PMTCOAFABP1tc,0,1,28,26
AKGSUCCtm;PPBNGS,0,2,28,25
AKGSUCCtm;PPM2,0,1,28,26
AKGSUCCtm;PPPG9tm,0,2,28,25
AKGSUCCtm;PPPGOm,0,2,28,25
AKGSUCCtm;PROAKGOX1m,0,1,28,26
AKGSUCCtm;PROD2m,0,1,28,26
AKGSUCCtm;PROGLUtm,1,1,27,26
AKGSUCCtm;PROtm,1,2,27,25
AKGSUCCtm;RTOT4,1,1,27,26
AKGSUCCtm;SARCOXp,1,0,27,27
AKGSUCCtm;SARCStm,1,0,27,27
AKGSUCCtm;SARCStp,1,0,27,27
AKGSUCCtm;SO3AKGtm,1,1,27,26
AKGSUCCtm;SO3MALtm,1,1,27,26
AKGSUCCtm;SUCD1m,1,0,27,27
AKGSUCCtm;SUCOAS1m,1,2,27,25
AKGSUCCtm;SUCOASm,0,1,28,26
AKGSUCCtm;TECR201,1,0,27,27
AKGSUCCtm;TECR221,1,0,27,27
AKGSUCCtm;TECR241,1,0,27,27
AKGSUCCtm;THFtm,2,0,26,27
AKGSUCCtm;THRA,1,0,27,27
AKGSUCCtm;TRPO2,0,1,28,26
AKGSUCCtm;UAGDP,1,0,27,27
AKGSUCCtm;UDPG4E,1,0,27,27
AKGSUCCtm;UDPGALt2r,1,0,27,27
AKGSUCCtm;UDPGALtg,1,0,27,27
AKGSUCCtm;UDPGD,0,2,28,25
AKGSUCCtm;UDPGGPGTr,1,0,27,27
AKGSUCCtm;UDPGLCAter,0,2,28,25
AKGSUCCtm;UGCGc,1,0,27,27
AKGSUCCtm;UGLCNACtg,1,0,27,27
AKGSUCCtm;UMPtr,1,0,27,27
AKGSUCCtm;UPP3S,0,2,28,25
AKGSUCCtm;UPPDC1,0,2,28,25
AKGtn;ARGtn,1,1,27,26
AKGtn;ARTFR52,1,0,27,27
AKGtn;H3K36MET_1,1,0,27,27
AKGtn;H3K36MET_3,1,0,27,27
AKGtn;H3K36_synthesis,1,0,27,27
AKGtn;H3R17MET_1,1,1,27,26
AKGtn;H3R17MET_2,1,1,27,26
AKGtn;H3R17MET_3,1,1,27,26
AKGtn;H3R17_synthesis,1,1,27,26
AKGtn;LYStn,1,0,27,27
AKGtn;PE_HStm,1,1,27,26
AKGtn;PHEMEtm,1,0,27,27
AKGtn;PIMALtm,1,0,27,27
AKGtn;PPBNGS,1,0,27,27
AKGtn;PPPG9tm,1,0,27,27
AKGtn;PPPGOm,1,0,27,27
AKGtn;PROAKGOX1m,1,0,27,27
AKGtn;PSDm_hs,2,1,26,26
AKGtn;PSFLIPm,2,1,26,26
AKGtn;RTOT5,1,0,27,27
AKGtn;SO3AKGtm,1,0,27,27
AKGtn;SO3MALtm,1,0,27,27
AKGtn;SUCOAS1m,1,0,27,27
AKGtn;TECR200,1,0,27,27
AKGtn;TECR220,1,0,27,27
AKGtn;TECR240,1,0,27,27
AKGtn;TECR260,1,0,27,27
AKGtn;THBPT4ACAMDASE,0,1,28,26
AKGtn;TYR3MO2,0,1,28,26
AKGtn;TYRDOPO,2,0,26,27
AKGtn;UDPGD,1,0,27,27
AKGtn;UDPGLCAter,1,0,27,27
AKGtn;UGT1A2r,1,0,27,27
AKGtn;UPP3S,1,0,27,27
AKGtn;UPPDC1,1,0,27,27
AKGtn;peparg_synthesis,1,1,27,26
AKGtn;peplys_synthesis,1,0,27,27
AKR1C41;ALDD2y,0,1,28,26
AKR1C41;BDMT,0,1,28,26
AKR1C41;CLFORtex2,0,1,28,26
AKR1C41;DOLASNTer,0,1,28,26
AKR1C41;DOLDPPer,0,1,28,26
AKR1C41;DOLGLCP_ter,0,1,28,26
AKR1C41;DOLMANP_ter,0,1,28,26
AKR1C41;DOLPGT1er,0,1,28,26
AKR1C41;DOLPGT2er,0,1,28,26
AKR1C41;DOLPGT3er,0,1,28,26
AKR1C41;DOLPMT,0,1,28,26
AKR1C41;DOLPMT1er,0,1,28,26
AKR1C41;DOLPMT2_er,0,1,28,26
AKR1C41;DOLPMT3er,0,1,28,26
AKR1C41;DOLPMT4_er,0,1,28,26
AKR1C41;DOLP_ter,0,1,28,26
AKR1C41;G12MT1,0,1,28,26
AKR1C41;G12MT2,0,1,28,26
AKR1C41;G13MT,0,1,28,26
AKR1C41;G16MT,0,1,28,26
AKR1C41;GALU,0,1,28,26
AKR1C41;GF6PTA,0,1,28,26
AKR1C41;GLCNACPT,0,1,28,26
AKR1C41;GLCNACT,0,1,28,26
AKR1C41;GLCter,0,1,28,26
AKR1C41;H2Otg,0,1,28,26
AKR1C41;HEX16,0,1,28,26
AKR1C41;Htg,0,1,28,26
AKR1C41;LDH_L,0,1,28,26
AKR1C41;M1316Mg,0,1,28,26
AKR1C41;M13N2Tg,0,1,28,26
AKR1C41;M4MPDOL_ter,0,1,28,26
AKR1C41;M8MASNterg,0,1,28,26
AKR1C41;MAN1PT2,0,1,28,26
AKR1C41;MAN6PI,0,1,28,26
AKR1C41;MANtg,0,1,28,26
AKR1C41;METOX,0,1,28,26
AKR1C41;MG1er,0,1,28,26
AKR1C41;MG2er,0,1,28,26
AKR1C41;MG3er,0,1,28,26
AKR1C41;MM5ag,0,1,28,26
AKR1C41;MM6bg,0,1,28,26
AKR1C41;MM7Cag,0,1,28,26
AKR1C41;MM8Ag,0,1,28,26
AKR1C41;NDP7g,0,1,28,26
AKR1C41;PGMT,0,1,28,26
AKR1C41;PItg,0,1,28,26
AKR1C41;PMANM,0,1,28,26
AKR1C41;PYRAKGte,0,1,28,26
AKR1C41;PYRFORte,0,1,28,26
AKR1C41;THRA,0,1,28,26
AKR1C41;UAGDP,0,1,28,26
AKR1C41;UDPDOLPT,0,1,28,26
AKR1C41;UGLCNACtg,0,1,28,26
AKR1C41;UMPK,0,1,28,26
AKR1C41;UNK3,0,1,28,26
ALABte;ASPte,0,1,28,26
ALABte;BALAVECSEC,0,1,28,26
ALAR;GLXtm,0,1,28,26
ALAR;GLXtp,0,1,28,26
ALAR;GLYCLTDym,0,1,28,26
ALAR;GLYCLTtm,0,1,28,26
ALAR;GLYCLTtp,0,1,28,26
ALAR;GLYCTO1p,0,1,28,26
ALASm;ACITLn,1,0,27,27
ALASm;ADPtn,1,0,27,27
ALASm;AKGtn,1,0,27,27
ALASm;ALAt2r,0,1,28,26
ALASm;ALCD1,1,0,27,27
ALASm;ALDD19xrm,1,0,27,27
ALASm;ALDD19yrm,1,0,27,27
ALASm;ALDD2y,2,1,26,26
ALASm;ARTFR41,0,1,28,26
ALASm;ARTFR45,1,0,27,27
ALASm;ATPt4,2,0,26,27
ALASm;ATPtn,1,0,27,27
ALASm;B3GNT310g,1,0,27,27
ALASm;B3GNT51g,1,0,27,27
ALASm;BETALDHxm,1,0,27,27
ALASm;BHMT,1,0,27,27
ALASm;C161CPT1,0,1,28,26
ALASm;CACT4r,0,1,28,26
ALASm;CDPDAGtm,1,0,27,27
ALASm;CDSm,1,0,27,27
ALASm;CERT2rt,1,0,27,27
ALASm;CHATn,1,0,27,27
ALASm;CHLtm,1,0,27,27
ALASm;CHOLD2m,1,0,27,27
ALASm;CHOLtn,1,0,27,27
ALASm;CITACONtm,1,0,27,27
ALASm;CITRt2m,1,1,27,26
ALASm;CITRtm,1,1,27,26
ALASm;CITtn,1,0,27,27
ALASm;CO2tm,2,0,26,27
ALASm;CO2tn,1,0,27,27
ALASm;COAtr,0,1,28,26
ALASm;CTPtm,1,0,27,27
ALASm;DAG_Hstem,1,0,27,27
ALASm;DESAT16_1,0,1,28,26
ALASm;DESAT18_1,1,0,27,27
ALASm;DHFR,2,0,26,27
ALASm;DHFRm,1,0,27,27
ALASm;DHFtm,1,0,27,27
ALASm;DMGDHm,1,0,27,27
ALASm;DMGtm,1,0,27,27
ALASm;FADDPle,1,0,27,27
ALASm;FADte,1,0,27,27
ALASm;FAE201,1,0,27,27
ALASm;FAE221,1,0,27,27
ALASm;FAE241,1,0,27,27
ALASm;FALDtm,1,0,27,27
ALASm;FALDtn,1,0,27,27
ALASm;FALDtx,1,0,27,27
ALASm;FKYNH,0,1,28,26
ALASm;FMNALKPle,1,0,27,27
ALASm;FMNAT,1,0,27,27
ALASm;FUMSUCCtm,0,1,28,26
ALASm;FUMm,0,1,28,26
ALASm;GALGLUSIDEtg,1,0,27,27
ALASm;GALGLUSIDEtr,1,0,27,27
ALASm;GDPFUCtg,1,0,27,27
ALASm;GDPtg,1,0,27,27
ALASm;GF6PTA,1,0,27,27
ALASm;GFUCSx,1,0,27,27
ALASm;GLYBtm,1,0,27,27
ALASm;GLYtp,1,0,27,27
ALASm;GMAND,1,0,27,27
ALASm;GMPtg,1,0,27,27
ALASm;GTPGDPtm,0,1,28,26
ALASm;H2O2t,1,0,27,27
ALASm;H2O2tp,1,0,27,27
ALASm;H2Ot,0,1,28,26
ALASm;H2Oter,3,1,25,26
ALASm;H2Otg,1,0,27,27
ALASm;H2Otp,1,0,27,27
ALASm;H3K36DMET_3,1,0,27,27
ALASm;H3K36MET_3,1,0,27,27
ALASm;HACD201,1,0,27,27
ALASm;HACD221,1,0,27,27
ALASm;HACD241,1,0,27,27
ALASm;HCO3E,3,0,25,27
ALASm;HCO3Em,4,2,24,25
ALASm;HCO3tm,4,2,24,25
ALASm;HMGL,0,1,28,26
ALASm;HSD201,1,0,27,27
ALASm;HSD221,1,0,27,27
ALASm;HSD241,1,0,27,27
ALASm;Htg,1,0,27,27
ALASm;Htr,3,1,25,26
ALASm;ICDHyrm,1,0,27,27
ALASm;IMAGH,1,0,27,27
ALASm;KYNAKGAT,0,1,28,26
ALASm;KYNATESYN,0,1,28,26
ALASm;KYNATEtr,0,1,28,26
ALASm;LDH_L,0,1,28,26
ALASm;MAN1PT2,1,0,27,27
ALASm;MAN6PI,1,0,27,27
ALASm;ME1m,0,1,28,26
ALASm;MEOHt2,1,0,27,27
ALASm;METAT,1,0,27,27
ALASm;NADH2_u10m,0,1,28,26
ALASm;NDP7g,1,0,27,27
ALASm;NRVNCCOAtr,1,0,27,27
ALASm;O2tn,1,0,27,27
ALASm;O2tp,1,0,27,27
ALASm;OAAtn,1,0,27,27
ALASm;OCOAT1m,0,1,28,26
ALASm;OXALSUCCCLm,1,0,27,27
ALASm;P5CRxm,0,1,28,26
ALASm;PEPCK,1,0,27,27
ALASm;PIMALtm,1,0,27,27
ALASm;PIt2m_2,1,0,27,27
ALASm;PItg,1,0,27,27
ALASm;PItn,1,0,27,27
ALASm;PLMCOAPTr,0,1,28,26
ALASm;PMANM,1,0,27,27
ALASm;PMTCOAFABP1tc,0,1,28,26
ALASm;PPA,0,1,28,26
ALASm;PROD2m,0,1,28,26
ALASm;PROtm,0,1,28,26
ALASm;PYRAKGte,0,1,28,26
ALASm;PYRt4_2,0,1,28,26
ALASm;RBFK,1,0,27,27
ALASm;RDH1,0,1,28,26
ALASm;RDH1a,0,1,28,26
ALASm;RIBFLVt6,1,0,27,27
ALASm;RTOT4,1,1,27,26
ALASm;SARCOXp,1,0,27,27
ALASm;SARCStm,1,0,27,27
ALASm;SARCStp,1,0,27,27
ALASm;SO3AKGtm,1,0,27,27
ALASm;SO3MALtm,1,0,27,27
ALASm;SUCOAS1m,1,1,27,26
ALASm;TECR201,1,0,27,27
ALASm;TECR221,1,0,27,27
ALASm;TECR241,1,0,27,27
ALASm;THFtm,1,0,27,27
ALASm;THRA,2,1,26,26
ALASm;TRPO2,0,1,28,26
ALASm;UAGDP,1,0,27,27
ALASm;UDPG4E,1,0,27,27
ALASm;UDPGALt2r,1,0,27,27
ALASm;UDPGALtg,1,0,27,27
ALASm;UDPGGPGTr,1,0,27,27
ALASm;UGCGc,1,0,27,27
ALASm;UGLCNACtg,1,0,27,27
ALASm;UMPtr,1,0,27,27
ALATA_L;ATPt4,1,0,27,27
ALATA_L;CA2tm,1,0,27,27
ALATA_L;CBPSam,2,0,26,27
ALATA_L;CITACONtm,1,0,27,27
ALATA_L;CITRte,2,0,26,27
ALATA_L;CITRtm,1,0,27,27
ALATA_L;CLHCO3tex2,1,0,27,27
ALATA_L;CO2tm,1,0,27,27
ALATA_L;FADH2ETC,1,0,27,27
ALATA_L;G3PD2m,1,0,27,27
ALATA_L;G5SADr,2,0,26,27
ALATA_L;GLU5SAtmc,2,0,26,27
ALATA_L;GLUt2m,1,0,27,27
ALATA_L;H2Oter,0,1,28,26
ALATA_L;HCO3Ee,1,0,27,27
ALATA_L;HCO3Em,1,1,27,26
ALATA_L;HCO3tm,3,1,25,26
ALATA_L;Htr,0,1,28,26
ALATA_L;ICITACONtm,1,0,27,27
ALATA_L;NH4tm,2,0,26,27
ALATA_L;NQO2,1,0,27,27
ALATA_L;OCBTm,2,0,26,27
ALATA_L;ORNTArm,2,0,26,27
ALATA_L;PIMALtm,2,0,26,27
ALATA_L;PRO1x,2,0,26,27
ALATA_L;PROGLUtm,1,0,27,27
ALATA_L;PROtm,1,0,27,27
ALATA_L;PYRt4_2,3,0,25,27
ALATA_L;SO3AKGtm,1,0,27,27
ALATA_L;SO3MALtm,1,0,27,27
ALATA_L;SO4AKGtm,1,0,27,27
ALATA_L;SO4MALtm,1,0,27,27
ALATA_L;SUCCACONtm,1,0,27,27
ALATA_L;SUCCICITtm,1,0,27,27
ALATA_L;q10h2tc,1,0,27,27
ALATA_L;q10tm,1,0,27,27
ALATA_Lm;GLYt4,1,0,27,27
ALATA_Lm;HMGL,1,0,27,27
ALATA_Lm;OCOAT1m,1,0,27,27
ALATA_Lm;SUCOAS1m,1,0,27,27
ALAt2r;ALDD2y,1,0,27,27
ALAt2r;ALOX12,1,0,27,27
ALAt2r;AOBUTDsm,1,0,27,27
ALAt2r;ARCOAATp,1,0,27,27
ALAt2r;ASP1DC,1,0,27,27
ALAt2r;ATPt4,1,0,27,27
ALAt2r;BILDGLCURt,0,1,28,26
ALAt2r;BILDGLCURtr,0,1,28,26
ALAt2r;BILIRED2,0,1,28,26
ALAt2r;BILIRUBtr,0,1,28,26
ALAt2r;C204CPT1,1,0,27,27
ALAt2r;CACT6r,1,0,27,27
ALAt2r;CACT7p,1,0,27,27
ALAt2r;CBPSam,1,0,27,27
ALAt2r;CITRte,1,0,27,27
ALAt2r;COAtp,1,0,27,27
ALAt2r;COt,0,1,28,26
ALAt2r;CPPPGO,0,1,28,26
ALAt2r;CRNCARtp,1,0,27,27
ALAt2r;CSNATp,1,0,27,27
ALAt2r;CSNATr,1,0,27,27
ALAt2r;DESAT18_1,1,0,27,27
ALAt2r;D_LACt2,1,0,27,27
ALAt2r;FAE180,1,0,27,27
ALAt2r;FAE201,1,0,27,27
ALAt2r;FAE221,1,0,27,27
ALAt2r;FAE241,1,0,27,27
ALAt2r;FCLTm,0,1,28,26
ALAt2r;FE2tm,0,1,28,26
ALAt2r;FUMSUCCtm,1,0,27,27
ALAt2r;G5SADr,1,0,27,27
ALAt2r;GALU,0,1,28,26
ALAt2r;GLU5SAtmc,1,0,27,27
ALAt2r;GLUt2m,1,0,27,27
ALAt2r;GLYt7_211_r,1,0,27,27
ALAt2r;GTPGDPtm,0,1,28,26
ALAt2r;H2Otp,1,0,27,27
ALAt2r;HACD180,1,0,27,27
ALAt2r;HACD201,1,0,27,27
ALAt2r;HACD221,1,0,27,27
ALAt2r;HACD241,1,0,27,27
ALAt2r;HCO3E,1,0,27,27
ALAt2r;HCO3tm,1,0,27,27
ALAt2r;HMBS,0,1,28,26
ALAt2r;HOXG,0,1,28,26
ALAt2r;HSD180,1,0,27,27
ALAt2r;HSD201,1,0,27,27
ALAt2r;HSD221,1,0,27,27
ALAt2r;HSD241,1,0,27,27
ALAt2r;LAC_Ltx,1,0,27,27
ALAt2r;LALDD,1,0,27,27
ALAt2r;LCADi_D,1,0,27,27
ALAt2r;LDH_Lp,1,0,27,27
ALAt2r;L_LACt2r,1,0,27,27
ALAt2r;L_LACt4r,1,0,27,27
ALAt2r;MALCOAMT,1,0,27,27
ALAt2r;MALCOAMTr,1,0,27,27
ALAt2r;NAHCO3_HCLt,1,0,27,27
ALAt2r;NCNt,1,0,27,27
ALAt2r;NDP7er,0,1,28,26
ALAt2r;NH4t3r,1,0,27,27
ALAt2r;NH4tm,1,0,27,27
ALAt2r;NQO2,1,0,27,27
ALAt2r;NRVNCCOAtr,1,0,27,27
ALAt2r;NRVNCCOAtxc,1,0,27,27
ALAt2r;OCBTm,1,0,27,27
ALAt2r;ORNTArm,1,0,27,27
ALAt2r;PGMT,0,1,28,26
ALAt2r;PHEMEtm,0,1,28,26
ALAt2r;PIMALtm,1,0,27,27
ALAt2r;PIter,0,1,28,26
ALAt2r;PPBNGS,0,1,28,26
ALAt2r;PPPG9tm,0,1,28,26
ALAt2r;PPPGOm,0,1,28,26
ALAt2r;PRO1x,1,0,27,27
ALAt2r;PROAKGOX1m,1,1,27,26
ALAt2r;PROtm,1,0,27,27
ALAt2r;PYRt2p,1,0,27,27
ALAt2r;PYRt4_2,2,0,26,27
ALAt2r;SO3AKGtm,1,0,27,27
ALAt2r;SO3MALtm,1,0,27,27
ALAt2r;SUCCICITtm,1,0,27,27
ALAt2r;SUCD1m,1,0,27,27
ALAt2r;SUCOAS1m,0,1,28,26
ALAt2r;TECR180,1,0,27,27
ALAt2r;TECR201,1,0,27,27
ALAt2r;TECR221,1,0,27,27
ALAt2r;TECR241,1,0,27,27
ALAt2r;THR3Dx,1,0,27,27
ALAt2r;THRA,1,0,27,27
ALAt2r;THRALANaEx,0,1,28,26
ALAt2r;TXA2tr,2,0,26,27
ALAt2r;TXB2c,2,0,26,27
ALAt2r;TXB2r,2,0,26,27
ALAt2r;TXB2tr,2,0,26,27
ALAt2r;UDPGCURtr,0,1,28,26
ALAt2r;UDPGD,0,1,28,26
ALAt2r;UGT1A2r,0,1,28,26
ALAt2r;UMPtr,0,1,28,26
ALAt2r;UPP3S,0,1,28,26
ALAt2r;UPPDC1,0,1,28,26
ALAt2r;q10h2tc,1,0,27,27
ALAt2r;q10tm,1,0,27,27
ALAt4;ALAtN1,0,3,28,24
ALAt4;AMPDA,1,0,27,27
ALAt4;HCO3Ee,1,0,27,27
ALAtN1;CLFORtex2,0,1,28,26
ALAtN1;GALU,0,1,28,26
ALAtN1;GF6PTA,0,1,28,26
ALAtN1;H2Ot,0,1,28,26
ALAtN1;H2Oter,0,1,28,26
ALAtN1;H2Otg,0,1,28,26
ALAtN1;HCO3E,1,0,27,27
ALAtN1;HCO3Em,0,1,28,26
ALAtN1;HCO3tm,0,1,28,26
ALAtN1;Htg,0,1,28,26
ALAtN1;Htr,0,1,28,26
ALAtN1;IMAGH,1,0,27,27
ALAtN1;LDH_L,0,2,28,25
ALAtN1;L_LACt2r,0,1,28,26
ALAtN1;METOX,0,1,28,26
ALAtN1;NDP7g,0,1,28,26
ALAtN1;PGMT,0,1,28,26
ALAtN1;PItg,0,1,28,26
ALAtN1;PYRAKGte,0,1,28,26
ALAtN1;PYRFORte,0,1,28,26
ALAtN1;UAGDP,0,1,28,26
ALAtN1;UGLCNACtg,0,1,28,26
ALAtN1;UNK3,0,1,28,26
ALCD19;GAPD,2,0,26,27
ALCD19;PGK,2,0,26,27
ALCD19;PGM,1,0,27,27
ALCD1;ACITLn,0,1,28,26
ALCD1;ADPtn,0,1,28,26
ALCD1;AMPt4,0,1,28,26
ALCD1;ARGtn,1,0,27,27
ALCD1;ARTFR52,1,0,27,27
ALCD1;ATP1ter,1,0,27,27
ALCD1;ATPtn,0,1,28,26
ALCD1;BILDGLUCRabc,1,0,27,27
ALCD1;BILIRED,1,0,27,27
ALCD1;BILIRUBtr,1,0,27,27
ALCD1;BPNT,1,0,27,27
ALCD1;CHATn,0,1,28,26
ALCD1;CHOLtn,0,1,28,26
ALCD1;CITtn,0,1,28,26
ALCD1;COt,1,0,27,27
ALCD1;CPPPGO,1,0,27,27
ALCD1;CSm,0,1,28,26
ALCD1;DASCBR,1,1,27,26
ALCD1;DHPR,0,1,28,26
ALCD1;DOPABMO,1,1,27,26
ALCD1;DPCOAK,1,0,27,27
ALCD1;FAE200,1,0,27,27
ALCD1;FAE220,1,0,27,27
ALCD1;FAE240,1,0,27,27
ALCD1;FAE260,1,0,27,27
ALCD1;FCLTm,1,0,27,27
ALCD1;FE2tm,1,0,27,27
ALCD1;GALU,0,1,28,26
ALCD1;GTPGDPtm,1,0,27,27
ALCD1;H2O2t,1,0,27,27
ALCD1;H3K36MET_1,1,0,27,27
ALCD1;H3K36MET_3,1,0,27,27
ALCD1;H3K36_synthesis,1,0,27,27
ALCD1;H3R17MET_1,1,0,27,27
ALCD1;H3R17MET_2,1,0,27,27
ALCD1;H3R17MET_3,1,0,27,27
ALCD1;H3R17_synthesis,1,0,27,27
ALCD1;HACD200,1,0,27,27
ALCD1;HACD220,1,0,27,27
ALCD1;HACD240,1,0,27,27
ALCD1;HACD260,1,0,27,27
ALCD1;HCO3E,0,1,28,26
ALCD1;HEXCCOAtr,1,0,27,27
ALCD1;HMBS,1,0,27,27
ALCD1;HMGDH,1,0,27,27
ALCD1;HMGLm,0,1,28,26
ALCD1;HMGS,1,0,27,27
ALCD1;HOMOVALte,1,0,27,27
ALCD1;HOXG,1,0,27,27
ALCD1;HSD200,1,0,27,27
ALCD1;HSD220,1,0,27,27
ALCD1;HSD240,1,0,27,27
ALCD1;HSD260,1,0,27,27
ALCD1;Htr,0,1,28,26
ALCD1;ICITCITtm,0,1,28,26
ALCD1;ICITMALtm,0,1,28,26
ALCD1;IDHPOXOX2b,1,0,27,27
ALCD1;IDHPOXOX4,1,0,27,27
ALCD1;IDHPOXOXb,1,0,27,27
ALCD1;LCYSTCBOXL,1,0,27,27
ALCD1;LYStn,1,0,27,27
ALCD1;MDH,0,1,28,26
ALCD1;MDHm,0,1,28,26
ALCD1;NADH2_u10m,0,1,28,26
ALCD1;NAIt,1,0,27,27
ALCD1;NDP7er,1,0,27,27
ALCD1;NORANMT,1,1,27,26
ALCD1;OAAtn,0,1,28,26
ALCD1;PE_HStm,1,1,27,26
ALCD1;PGMT,0,1,28,26
ALCD1;PHEMEtm,1,0,27,27
ALCD1;PIMALtm,1,0,27,27
ALCD1;PIter,0,1,28,26
ALCD1;PItn,0,1,28,26
ALCD1;PNTK,1,0,27,27
ALCD1;PNTOte,1,0,27,27
ALCD1;PPBNGS,1,0,27,27
ALCD1;PPCDC,1,0,27,27
ALCD1;PPNCL2,1,0,27,27
ALCD1;PPPG9tm,1,0,27,27
ALCD1;PPPGOm,1,0,27,27
ALCD1;PROAKGOX1m,1,0,27,27
ALCD1;PSDm_hs,2,1,26,26
ALCD1;PSFLIPm,2,1,26,26
ALCD1;PTPAT,1,0,27,27
ALCD1;RTOT5,1,0,27,27
ALCD1;SADT,1,0,27,27
ALCD1;SFGTH,1,0,27,27
ALCD1;SO3AKGtm,1,0,27,27
ALCD1;SO3MALtm,1,0,27,27
ALCD1;SO4t4_3,1,0,27,27
ALCD1;SUCOAS1m,1,0,27,27
ALCD1;TAURCHAe,1,0,27,27
ALCD1;TECR200,1,0,27,27
ALCD1;TECR220,1,0,27,27
ALCD1;TECR240,1,0,27,27
ALCD1;TECR260,1,0,27,27
ALCD1;THBPT4ACAMDASE,0,1,28,26
ALCD1;THYPX,1,0,27,27
ALCD1;THYST,1,0,27,27
ALCD1;TYR3MO2,0,1,28,26
ALCD1;TYRDOPO,2,0,26,27
ALCD1;UDPGD,1,0,27,27
ALCD1;UDPGLCAter,1,0,27,27
ALCD1;UGT1A2r,1,0,27,27
ALCD1;UPP3S,1,0,27,27
ALCD1;UPPDC1,1,0,27,27
ALCD1;peparg_synthesis,1,0,27,27
ALCD1;peplys_synthesis,1,0,27,27
ALCD21_L;DURAD2,1,0,27,27
ALCD21_L;DURAD2xm,1,0,27,27
ALCD21_L;D_LACt2,1,0,27,27
ALCD21_L;LALDD,1,0,27,27
ALCD21_L;LCADi_D,1,0,27,27
ALCD21_L;THYMtm,1,0,27,27
ALCD21_L;TPI,0,1,28,26
ALDD19xrm;ACITLn,0,1,28,26
ALDD19xrm;ADPtn,0,1,28,26
ALDD19xrm;ALDD2y,1,0,27,27
ALDD19xrm;ATP1ter,1,0,27,27
ALDD19xrm;ATPt4,1,0,27,27
ALDD19xrm;ATPtn,0,1,28,26
ALDD19xrm;BILDGLUCRabc,1,0,27,27
ALDD19xrm;BILIRED2,1,0,27,27
ALDD19xrm;BILIRUBtr,1,0,27,27
ALDD19xrm;CHATn,0,1,28,26
ALDD19xrm;CHOLtn,0,1,28,26
ALDD19xrm;CITtn,0,1,28,26
ALDD19xrm;CO2t,0,1,28,26
ALDD19xrm;COAtm,0,1,28,26
ALDD19xrm;COt,1,0,27,27
ALDD19xrm;CPPPGO,1,0,27,27
ALDD19xrm;CSm,0,1,28,26
ALDD19xrm;DHFR,0,2,28,25
ALDD19xrm;DHFR3m,0,1,28,26
ALDD19xrm;DHFR3x,0,1,28,26
ALDD19xrm;DHFRm,0,2,28,25
ALDD19xrm;DHFtm,0,1,28,26
ALDD19xrm;DLD,1,0,27,27
ALDD19xrm;FCLTm,1,0,27,27
ALDD19xrm;FE2tm,1,0,27,27
ALDD19xrm;FOLtm,0,1,28,26
ALDD19xrm;GALU,1,0,27,27
ALDD19xrm;GF6PTA,1,0,27,27
ALDD19xrm;H2Otg,1,0,27,27
ALDD19xrm;HCO3E,1,0,27,27
ALDD19xrm;HCO3Ee,0,1,28,26
ALDD19xrm;HCO3Em,1,0,27,27
ALDD19xrm;HCO3tm,1,0,27,27
ALDD19xrm;HMBS,1,0,27,27
ALDD19xrm;HMGCOAtm,0,1,28,26
ALDD19xrm;HMGLm,0,1,28,26
ALDD19xrm;HOXG,1,0,27,27
ALDD19xrm;Htg,1,0,27,27
ALDD19xrm;ICITCITtm,0,1,28,26
ALDD19xrm;ICITMALtm,0,1,28,26
ALDD19xrm;MDHm,0,1,28,26
ALDD19xrm;MTHFC,0,1,28,26
ALDD19xrm;MTHFD2,0,1,28,26
ALDD19xrm;NADH2_u10m,0,1,28,26
ALDD19xrm;NDP7er,1,0,27,27
ALDD19xrm;NDP7g,1,0,27,27
ALDD19xrm;OAAtn,0,1,28,26
ALDD19xrm;PGMT,1,0,27,27
ALDD19xrm;PHEMEtm,1,0,27,27
ALDD19xrm;PItg,1,0,27,27
ALDD19xrm;PItn,0,1,28,26
ALDD19xrm;PPAm,0,1,28,26
ALDD19xrm;PPBNGS,1,0,27,27
ALDD19xrm;PPItm,0,1,28,26
ALDD19xrm;PPPG9tm,1,0,27,27
ALDD19xrm;PPPGOm,1,0,27,27
ALDD19xrm;THFtm,0,2,28,25
ALDD19xrm;THRA,1,0,27,27
ALDD19xrm;UAGDP,1,0,27,27
ALDD19xrm;UDPGD,1,0,27,27
ALDD19xrm;UDPGLCAter,1,0,27,27
ALDD19xrm;UGLCNACtg,1,0,27,27
ALDD19xrm;UGT1A2r,1,0,27,27
ALDD19xrm;UPP3S,1,0,27,27
ALDD19xrm;UPPDC1,1,0,27,27
ALDD19yrm;ACITLn,0,1,28,26
ALDD19yrm;ADPtn,0,1,28,26
ALDD19yrm;ALDD2y,1,0,27,27
ALDD19yrm;ATP1ter,1,0,27,27
ALDD19yrm;ATPt4,1,0,27,27
ALDD19yrm;ATPtn,0,1,28,26
ALDD19yrm;BILDGLUCRabc,1,0,27,27
ALDD19yrm;BILIRED2,1,0,27,27
ALDD19yrm;BILIRUBtr,1,0,27,27
ALDD19yrm;CHATn,0,1,28,26
ALDD19yrm;CHOLtn,0,1,28,26
ALDD19yrm;CITtn,0,1,28,26
ALDD19yrm;CO2t,0,1,28,26
ALDD19yrm;COAtm,0,1,28,26
ALDD19yrm;COt,1,0,27,27
ALDD19yrm;CPPPGO,1,0,27,27
ALDD19yrm;CSm,0,1,28,26
ALDD19yrm;DHFR,0,2,28,25
ALDD19yrm;DHFR3m,0,1,28,26
ALDD19yrm;DHFR3x,0,1,28,26
ALDD19yrm;DHFRm,0,2,28,25
ALDD19yrm;DHFtm,0,1,28,26
ALDD19yrm;DLD,1,0,27,27
ALDD19yrm;FCLTm,1,0,27,27
ALDD19yrm;FE2tm,1,0,27,27
ALDD19yrm;FOLtm,0,1,28,26
ALDD19yrm;GALU,1,0,27,27
ALDD19yrm;GF6PTA,1,0,27,27
ALDD19yrm;H2Otg,1,0,27,27
ALDD19yrm;HCO3E,1,0,27,27
ALDD19yrm;HCO3Ee,0,1,28,26
ALDD19yrm;HCO3Em,1,0,27,27
ALDD19yrm;HCO3tm,1,0,27,27
ALDD19yrm;HMBS,1,0,27,27
ALDD19yrm;HMGCOAtm,0,1,28,26
ALDD19yrm;HMGLm,0,1,28,26
ALDD19yrm;HOXG,1,0,27,27
ALDD19yrm;Htg,1,0,27,27
ALDD19yrm;ICITCITtm,0,1,28,26
ALDD19yrm;ICITMALtm,0,1,28,26
ALDD19yrm;MDHm,0,1,28,26
ALDD19yrm;MTHFC,0,1,28,26
ALDD19yrm;MTHFD2,0,1,28,26
ALDD19yrm;NADH2_u10m,0,1,28,26
ALDD19yrm;NDP7er,1,0,27,27
ALDD19yrm;NDP7g,1,0,27,27
ALDD19yrm;OAAtn,0,1,28,26
ALDD19yrm;PGMT,1,0,27,27
ALDD19yrm;PHEMEtm,1,0,27,27
ALDD19yrm;PItg,1,0,27,27
ALDD19yrm;PItn,0,1,28,26
ALDD19yrm;PPAm,0,1,28,26
ALDD19yrm;PPBNGS,1,0,27,27
ALDD19yrm;PPItm,0,1,28,26
ALDD19yrm;PPPG9tm,1,0,27,27
ALDD19yrm;PPPGOm,1,0,27,27
ALDD19yrm;THFtm,0,2,28,25
ALDD19yrm;THRA,1,0,27,27
ALDD19yrm;UAGDP,1,0,27,27
ALDD19yrm;UDPGD,1,0,27,27
ALDD19yrm;UDPGLCAter,1,0,27,27
ALDD19yrm;UGLCNACtg,1,0,27,27
ALDD19yrm;UGT1A2r,1,0,27,27
ALDD19yrm;UPP3S,1,0,27,27
ALDD19yrm;UPPDC1,1,0,27,27
ALDD21;DURAD2,1,0,27,27
ALDD21;DURAD2xm,1,0,27,27
ALDD21;D_LACt2,1,0,27,27
ALDD21;LALDD,1,0,27,27
ALDD21;LCADi_D,1,0,27,27
ALDD21;THYMtm,1,0,27,27
ALDD21x;DURAD2,1,0,27,27
ALDD21x;DURAD2xm,1,0,27,27
ALDD21x;D_LACt2,1,0,27,27
ALDD21x;LALDD,1,0,27,27
ALDD21x;LCADi_D,1,0,27,27
ALDD21x;THYMtm,1,0,27,27
ALDD2x;ALDD2y,4,2,24,25
ALDD2x;ARSA,0,1,28,26
ALDD2x;B3GALTg,0,1,28,26
ALDD2x;B3GNT51g,0,1,28,26
ALDD2x;BPNT,0,1,28,26
ALDD2x;CERT2rt,0,1,28,26
ALDD2x;CMPACNAtg,0,1,28,26
ALDD2x;CMPSAS,0,1,28,26
ALDD2x;CORE6GTg,0,1,28,26
ALDD2x;DRPA,0,1,28,26
ALDD2x;F1Atg,0,1,28,26
ALDD2x;FUCACNGALACGLCGALGLUSIDEte,0,1,28,26
ALDD2x;FUCACNGALACGLCGALGLUSIDEtg,0,1,28,26
ALDD2x;FUT32g,0,1,28,26
ALDD2x;GAL3ST11,0,1,28,26
ALDD2x;GALASE19ly,0,1,28,26
ALDD2x;GALGLUSIDEtg,0,1,28,26
ALDD2x;GALGLUSIDEtr,0,1,28,26
ALDD2x;GALNTg,0,1,28,26
ALDD2x;GALSIDEtg,0,1,28,26
ALDD2x;GALSIDEtl,0,1,28,26
ALDD2x;GALU,0,1,28,26
ALDD2x;GALtly,0,1,28,26
ALDD2x;GDPFUCtg,0,1,28,26
ALDD2x;GDPtg,0,1,28,26
ALDD2x;GF6PTA,0,1,28,26
ALDD2x;GFUCS,0,1,28,26
ALDD2x;GMAND,0,1,28,26
ALDD2x;GMPtg,0,1,28,26
ALDD2x;H2Otg,0,1,28,26
ALDD2x;H2Otly,0,1,28,26
ALDD2x;HCO3E,0,1,28,26
ALDD2x;Htg,0,1,28,26
ALDD2x;Htr,0,1,28,26
ALDD2x;MAN1PT2,0,1,28,26
ALDD2x;MAN6PI,0,1,28,26
ALDD2x;N4Tg,0,1,28,26
ALDD2x;NAGA2ly,0,1,28,26
ALDD2x;NAGLCAly,0,1,28,26
ALDD2x;NDP7er,0,1,28,26
ALDD2x;NDP7g,0,1,28,26
ALDD2x;PAPStg,0,1,28,26
ALDD2x;PAPtg,0,1,28,26
ALDD2x;PGMT,0,1,28,26
ALDD2x;PIter,0,1,28,26
ALDD2x;PItg,0,1,28,26
ALDD2x;PMANM,0,1,28,26
ALDD2x;PPA,0,1,28,26
ALDD2x;PPM2,0,1,28,26
ALDD2x;SADT,0,1,28,26
ALDD2x;SERALANaEx,0,1,28,26
ALDD2x;SGALSIDEtg,0,1,28,26
ALDD2x;SGALSIDEtl,0,1,28,26
ALDD2x;SO4tl,0,1,28,26
ALDD2x;ST3GAL31g,0,1,28,26
ALDD2x;Ser/Thrtg,0,1,28,26
ALDD2x;TPI,0,1,28,26
ALDD2x;UAGDP,0,1,28,26
ALDD2x;UDPACGALtl,0,1,28,26
ALDD2x;UDPG4E,0,1,28,26
ALDD2x;UDPGALt2r,0,1,28,26
ALDD2x;UDPGALtg,0,1,28,26
ALDD2x;UDPGGPGTr,0,1,28,26
ALDD2x;UDPtl,0,1,28,26
ALDD2x;UGALNACtg,0,1,28,26
ALDD2x;UGCGc,0,1,28,26
ALDD2x;UGLCNACtg,0,1,28,26
ALDD2x;UMPtr,0,1,28,26
ALDD2y;ACITLn,4,4,24,23
ALDD2y;ADPtn,4,4,24,23
ALDD2y;AMPt4,0,1,28,26
ALDD2y;ARTFR12,0,1,28,26
ALDD2y;ASPTA,0,1,28,26
ALDD2y;ASPte,1,0,27,27
ALDD2y;ATPtn,4,4,24,23
ALDD2y;BILDGLCURt,0,1,28,26
ALDD2y;BILDGLCURtr,0,1,28,26
ALDD2y;BILIRED2,2,1,26,26
ALDD2y;BILIRUBtr,2,1,26,26
ALDD2y;C161CPT1,0,1,28,26
ALDD2y;CACT4r,0,1,28,26
ALDD2y;CBPPer,1,0,27,27
ALDD2y;CBPter,1,0,27,27
ALDD2y;CGMPt,0,1,28,26
ALDD2y;CHAT,3,4,25,23
ALDD2y;CHATn,4,4,24,23
ALDD2y;CHOLtn,4,4,24,23
ALDD2y;CITMCOAHm,0,1,28,26
ALDD2y;CITMCOALm,0,1,28,26
ALDD2y;CITSUCCtm,2,2,26,25
ALDD2y;CITtn,4,4,24,23
ALDD2y;CO2tm,1,0,27,27
ALDD2y;COAtr,0,1,28,26
ALDD2y;COt,2,1,26,26
ALDD2y;CPPPGO,2,1,26,26
ALDD2y;CSm,1,4,27,23
ALDD2y;DESAT16_1,0,1,28,26
ALDD2y;DHCHOLOR,0,1,28,26
ALDD2y;DHFR,0,1,28,26
ALDD2y;DHFRm,0,1,28,26
ALDD2y;DHFtm,0,1,28,26
ALDD2y;DLD,1,0,27,27
ALDD2y;FADDPle,1,2,27,25
ALDD2y;FADte,1,2,27,25
ALDD2y;FCLTm,2,1,26,26
ALDD2y;FE2tm,2,1,26,26
ALDD2y;FMNALKPle,1,2,27,25
ALDD2y;FMNAT,1,2,27,25
ALDD2y;FTHFDHm,1,0,27,27
ALDD2y;G6PPer,1,0,27,27
ALDD2y;GALU,1,1,27,26
ALDD2y;GLUt6,0,1,28,26
ALDD2y;GLXtm,0,1,28,26
ALDD2y;GLXtp,0,1,28,26
ALDD2y;GLYCLTDym,0,1,28,26
ALDD2y;GLYCLTtm,0,1,28,26
ALDD2y;GLYCLTtp,0,1,28,26
ALDD2y;GLYCTO1p,0,1,28,26
ALDD2y;GLYt2r,0,1,28,26
ALDD2y;GPCCPDE,1,0,27,27
ALDD2y;GTPGDPtm,1,0,27,27
ALDD2y;GUACYC,0,1,28,26
ALDD2y;H2Oter,1,0,27,27
ALDD2y;HCO3E,0,1,28,26
ALDD2y;HCO3Ee,1,0,27,27
ALDD2y;HCO3Em,1,0,27,27
ALDD2y;HCO3_CLt,1,0,27,27
ALDD2y;HCO3tm,1,0,27,27
ALDD2y;HMBS,2,1,26,26
ALDD2y;HMGLm,0,1,28,26
ALDD2y;HOXG,2,1,26,26
ALDD2y;Htr,0,1,28,26
ALDD2y;ICDHyrm,4,1,24,26
ALDD2y;ICITCITtm,0,2,28,25
ALDD2y;ICITMALtm,1,2,27,25
ALDD2y;ITCOAL1m,0,1,28,26
ALDD2y;LDH_Lm,0,1,28,26
ALDD2y;LPASE,1,0,27,27
ALDD2y;L_LACtm,0,1,28,26
ALDD2y;MAL_Lte,1,0,27,27
ALDD2y;MDH,0,2,28,25
ALDD2y;MDHm,1,4,27,23
ALDD2y;NADH2_u10m,0,1,28,26
ALDD2y;NDP7er,1,1,27,26
ALDD2y;NDPK1,1,0,27,27
ALDD2y;NH4tr,1,0,27,27
ALDD2y;OAADC,1,0,27,27
ALDD2y;OAAtn,4,4,24,23
ALDD2y;OXALSUCCCLm,4,1,24,26
ALDD2y;PEPCK,1,0,27,27
ALDD2y;PGMT,1,1,27,26
ALDD2y;PHEMEtm,2,1,26,26
ALDD2y;PIMALtm,1,0,27,27
ALDD2y;PIt2m_2,0,1,28,26
ALDD2y;PIt7,1,3,27,24
ALDD2y;PIter,0,1,28,26
ALDD2y;PItn,3,4,25,23
ALDD2y;PLMCOAPTr,0,1,28,26
ALDD2y;PPBNGS,2,1,26,26
ALDD2y;PPPG9tm,2,1,26,26
ALDD2y;PPPGOm,2,1,26,26
ALDD2y;PROAKGOX1m,1,0,27,27
ALDD2y;PROtm,1,0,27,27
ALDD2y;PYRt2m,0,1,28,26
ALDD2y;PYRtm,0,1,28,26
ALDD2y;R5Ptr,0,1,28,26
ALDD2y;RBFK,1,2,27,25
ALDD2y;RDH1,0,2,28,25
ALDD2y;RDH1a,0,2,28,25
ALDD2y;RIBFLVt6,1,2,27,25
ALDD2y;RPIr,0,1,28,26
ALDD2y;RU5Ptr,0,1,28,26
ALDD2y;R_group_phosphotase_1,1,0,27,27
ALDD2y;SO4AKGtm,1,0,27,27
ALDD2y;SO4MALtm,1,0,27,27
ALDD2y;SUCOAS1m,1,0,27,27
ALDD2y;THFtm,1,0,27,27
ALDD2y;TPI,0,1,28,26
ALDD2y;UDPGCURtr,0,1,28,26
ALDD2y;UDPGD,2,1,26,26
ALDD2y;UDPGLCAter,2,0,26,27
ALDD2y;UGT1A2r,0,1,28,26
ALDD2y;UMPtr,0,1,28,26
ALDD2y;UPP3S,2,1,26,26
ALDD2y;UPPDC1,2,1,26,26
ALPAP;ATPtm,0,1,28,26
ALPAP;GTPGDPtm,0,1,28,26
ALPAP;HMGL,0,1,28,26
ALPAP;OCOAT1m,0,1,28,26
ALPAP;SUCOAS1m,0,1,28,26
ALR2;DURAD2,1,0,27,27
ALR2;DURAD2xm,1,0,27,27
ALR2;D_LACt2,1,0,27,27
ALR2;LALDD,1,0,27,27
ALR2;LCADi_D,1,0,27,27
ALR2;THYMtm,1,0,27,27
ALR2;TPI,0,1,28,26
ALR3;DURAD2,1,0,27,27
ALR3;DURAD2xm,1,0,27,27
ALR3;D_LACt2,1,0,27,27
ALR3;LALDD,1,0,27,27
ALR3;LCADi_D,1,0,27,27
ALR3;THYMtm,1,0,27,27
ALR3;TPI,0,1,28,26
AMANK;CITRt2m,0,1,28,26
AMANK;CITRtm,0,1,28,26
AMANK;DASCBR,1,0,27,27
AMANK;GPCCPDE,1,0,27,27
AMANK;LPASE,1,0,27,27
AMANK;NDP7er,0,1,28,26
AMANK;R_group_phosphotase_1,1,0,27,27
AMANK;THRALANaEx,1,0,27,27
AMANK;UAG4E,0,1,28,26
AMANK;UMPK5,1,0,27,27
AMETEPMT;CEPTC,1,0,27,27
AMETEPMT;CHLPCTD,1,0,27,27
AMETEPMT;GLYt7_211_r,1,0,27,27
AMETEPMT;PE_HStm,2,1,26,26
AMETEPMT;PSDm_hs,2,1,26,26
AMETEPMT;PSFLIPm,2,1,26,26
AMETEPMT;THRA,1,0,27,27
AMETt2m;ASPte,0,1,28,26
AMETt2m;CEPTC,1,0,27,27
AMETt2m;CHLPCTD,1,0,27,27
AMETt2m;DHFR,0,1,28,26
AMETt2m;DHFRm,0,1,28,26
AMETt2m;DHFtm,0,1,28,26
AMETt2m;HSD3B11,0,1,28,26
AMETt2m;O2tm,0,1,28,26
AMETt2m;P45011A1m,0,1,28,26
AMETt2m;PRGNLONEtm,0,1,28,26
AMETt2m;PRGSTRNt,0,1,28,26
AMETt2m;THFtm,0,1,28,26
AMETtn;ACITLn,0,1,28,26
AMETtn;ADPtn,0,1,28,26
AMETtn;AMPt4,0,1,28,26
AMETtn;ARTFR52,1,0,27,27
AMETtn;ATPtn,0,1,28,26
AMETtn;BPNT,1,0,27,27
AMETtn;CHATn,0,1,28,26
AMETtn;CHOLtn,0,1,28,26
AMETtn;CITRt2m,0,1,28,26
AMETtn;CITRtm,0,1,28,26
AMETtn;CITtn,0,1,28,26
AMETtn;CLHCOtex,1,0,27,27
AMETtn;CO2t,0,1,28,26
AMETtn;CO2tm,0,1,28,26
AMETtn;CSm,0,1,28,26
AMETtn;DASCBR,1,1,27,26
AMETtn;DHPR,1,1,27,26
AMETtn;DOPABMO,1,1,27,26
AMETtn;DOPAMT,1,0,27,27
AMETtn;FAE200,1,0,27,27
AMETtn;FAE220,1,0,27,27
AMETtn;FAE240,1,0,27,27
AMETtn;FAE260,1,0,27,27
AMETtn;GALU,0,1,28,26
AMETtn;H2Oter,0,1,28,26
AMETtn;HACD200,1,0,27,27
AMETtn;HACD220,1,0,27,27
AMETtn;HACD240,1,0,27,27
AMETtn;HACD260,1,0,27,27
AMETtn;HCO3E,0,1,28,26
AMETtn;HEXCCOAtr,1,0,27,27
AMETtn;HMGLm,0,1,28,26
AMETtn;HOMOVALte,2,1,26,26
AMETtn;HSD200,1,0,27,27
AMETtn;HSD220,1,0,27,27
AMETtn;HSD240,1,0,27,27
AMETtn;HSD260,1,0,27,27
AMETtn;Htr,0,1,28,26
AMETtn;ICITCITtm,0,1,28,26
AMETtn;ICITMALtm,0,1,28,26
AMETtn;IDHPOXOX2b,1,1,27,26
AMETtn;IDHPOXOX4,1,0,27,27
AMETtn;IDHPOXOXb,1,1,27,26
AMETtn;LCYSTCBOXL,1,0,27,27
AMETtn;MDH,0,1,28,26
AMETtn;MDHm,0,1,28,26
AMETtn;NADH2_u10m,0,1,28,26
AMETtn;NAIt,1,1,27,26
AMETtn;NORANMT,1,1,27,26
AMETtn;OAAtn,0,1,28,26
AMETtn;PE_HStm,1,1,27,26
AMETtn;PGMT,0,1,28,26
AMETtn;PIter,0,1,28,26
AMETtn;PItn,0,1,28,26
AMETtn;PSDm_hs,2,1,26,26
AMETtn;PSFLIPm,2,1,26,26
AMETtn;RTOT5,1,0,27,27
AMETtn;SADT,1,0,27,27
AMETtn;SO4CLtex,1,0,27,27
AMETtn;TAURCHAe,1,0,27,27
AMETtn;TECR200,1,0,27,27
AMETtn;TECR220,1,0,27,27
AMETtn;TECR240,1,0,27,27
AMETtn;TECR260,1,0,27,27
AMETtn;THBPT4ACAMDASE,1,1,27,26
AMETtn;THYPX,1,1,27,26
AMETtn;THYST,1,0,27,27
AMETtn;TYR3MO2,1,1,27,26
AMETtn;TYRDOPO,2,1,26,26
AMID6;ASPte,0,1,28,26
AMID6;D_LACt2,1,0,27,27
AMID6;H2Ot,0,1,28,26
AMID6;LALDD,1,0,27,27
AMID6;LCADi_D,1,0,27,27
AMID6m;PROGLUtm,1,0,27,27
AMID6m;PROtm,1,0,27,27
AMID6m;THRA,1,0,27,27
AMID6m;THRATB0tc,1,0,27,27
AMPt4;ATPtm,0,1,28,26
AMPt4;BETALDHxm,0,1,28,26
AMPt4;BHMT,0,1,28,26
AMPt4;CHLtm,0,1,28,26
AMPt4;CHOLD2m,0,1,28,26
AMPt4;DMGDHm,0,1,28,26
AMPt4;DMGtm,0,1,28,26
AMPt4;FALDtm,0,1,28,26
AMPt4;FALDtx,0,1,28,26
AMPt4;GLYBtm,0,1,28,26
AMPt4;GLYtp,0,1,28,26
AMPt4;H2O2tp,0,1,28,26
AMPt4;H2Otp,0,1,28,26
AMPt4;H3K9MET_1,0,1,28,26
AMPt4;H3K9MET_2,0,1,28,26
AMPt4;H3K9MET_3,0,1,28,26
AMPt4;H3K9_synthesis,0,1,28,26
AMPt4;LDH_L,0,1,28,26
AMPt4;LYStn,0,1,28,26
AMPt4;MEOHt2,0,1,28,26
AMPt4;METAT,0,1,28,26
AMPt4;O2tp,0,1,28,26
AMPt4;PIt2m_2,0,1,28,26
AMPt4;SARCOXp,0,1,28,26
AMPt4;SARCStm,0,1,28,26
AMPt4;SARCStp,0,1,28,26
AMPt4;THRA,0,1,28,26
AMPt4;peplys_synthesis,0,1,28,26
AOBUTDsm;CO2tm,1,0,27,27
AOBUTDsm;GTPGDPtm,1,0,27,27
AOBUTDsm;HCO3E,1,0,27,27
AOBUTDsm;NDPK1,1,0,27,27
AOBUTDsm;NMNS,1,0,27,27
AOBUTDsm;SUCOAS1m,1,0,27,27
APAT2rm;COAtm,1,0,27,27
APAT2rm;OBDHc,1,0,27,27
APAT2rm;PPCOAOm,1,0,27,27
APAT2rm;PPCOAtm,1,0,27,27
APAT2rm;PRPNCOAHYDm,1,0,27,27
APAT2rm;THRD_L,1,0,27,27
ARACHCOAtr;G6PPer,1,0,27,27
ARACHCOAtr;G6Pt6er,1,0,27,27
ARACHCOAtr;GLCter,1,0,27,27
ARACHDCOAtr;DHFR,0,1,28,26
ARACHDCOAtr;DHFR3m,0,1,28,26
ARACHDCOAtr;DHFR3x,0,1,28,26
ARACHDCOAtr;DHFRm,0,1,28,26
ARACHDCOAtr;FOLtm,0,1,28,26
ARACHDCOAtr;GLXtm,0,1,28,26
ARACHDCOAtr;GLXtp,0,1,28,26
ARACHDCOAtr;GLYCLTDym,0,1,28,26
ARACHDCOAtr;GLYCLTtm,0,1,28,26
ARACHDCOAtr;GLYCLTtp,0,1,28,26
ARACHDCOAtr;GLYCTO1p,0,1,28,26
ARACHDCOAtr;THFtm,0,1,28,26
ARCOAATp;DHFR,0,1,28,26
ARCOAATp;DHFR3m,0,1,28,26
ARCOAATp;DHFR3x,0,1,28,26
ARCOAATp;DHFRm,0,1,28,26
ARCOAATp;FOLtm,0,1,28,26
ARCOAATp;GLXtm,0,1,28,26
ARCOAATp;GLXtp,0,1,28,26
ARCOAATp;GLYCLTDym,0,1,28,26
ARCOAATp;GLYCLTtm,0,1,28,26
ARCOAATp;GLYCLTtp,0,1,28,26
ARCOAATp;GLYCTO1p,0,1,28,26
ARCOAATp;RTOT4,0,1,28,26
ARCOAATp;THFtm,0,1,28,26
ARCOAATr;RTOT4,0,1,28,26
ARGtn;H3K36DMET_3,1,0,27,27
ARGtn;H3K36MET_3,1,0,27,27
ARGtn;H3K4DMET_1,0,1,28,26
ARGtn;H3K4MET_1,0,1,28,26
ARSA;ACITLn,0,1,28,26
ARSA;ADPtn,0,1,28,26
ARSA;ASPTA,0,1,28,26
ARSA;ATPtn,0,1,28,26
ARSA;CHATn,0,1,28,26
ARSA;CHOLtn,0,1,28,26
ARSA;CITtn,0,1,28,26
ARSA;CO2t,1,0,27,27
ARSA;CSm,0,1,28,26
ARSA;HMGLm,0,1,28,26
ARSA;ICITCITtm,0,1,28,26
ARSA;ICITMALtm,0,1,28,26
ARSA;MDHm,0,1,28,26
ARSA;NADH2_u10m,0,1,28,26
ARSA;OAAtn,0,1,28,26
ARSA;PItn,0,1,28,26
ARSA;PROSTGE2t,1,0,27,27
ARSA;PROSTGE2t2,1,0,27,27
ARTFR32;ARTFR52,1,0,27,27
ARTFR32;RTOT5,1,0,27,27
ARTFR33;RTOT5,1,0,27,27
ARTFR42;ARTFR52,4,1,24,26
ARTFR42;RTOT5,4,1,24,26
ARTFR43;RTOT5,1,0,27,27
ARTFR45;ARTFR52,1,0,27,27
ARTFR45;RTOT5,1,0,27,27
ARTFR52;RTOT3,1,0,27,27
ARTFR52;RTOT4,5,1,23,26
ARTFR56;RTOT4,0,1,28,26
ASAH1;DPCOAK,2,0,26,27
ASAH1;H2O2t,1,0,27,27
ASAH1;PIt9,1,0,27,27
ASAH1;PNTK,2,0,26,27
ASAH1;PNTOte,2,0,26,27
ASAH1;PPCDC,2,0,26,27
ASAH1;PPNCL2,2,0,26,27
ASAH1;PTPAT,2,0,26,27
ASCBt5;CITRt2m,0,1,28,26
ASCBt5;CITRtm,0,1,28,26
ASCBt5;CO2t,1,0,27,27
ASCBt5;DHAAt1r,1,0,27,27
ASCBt5;DHPRy,1,0,27,27
ASCBt5;DOPABMO,1,0,27,27
ASCBt5;GF6PTA,1,0,27,27
ASCBt5;GPCCPDE,1,0,27,27
ASCBt5;LPASE,1,0,27,27
ASCBt5;NDP7er,0,1,28,26
ASCBt5;PIt9,1,0,27,27
ASCBt5;PROSTGE2t,1,0,27,27
ASCBt5;PROSTGE2t2,1,0,27,27
ASCBt5;R_group_phosphotase_1,1,0,27,27
ASCBt5;THBPT4ACAMDASE,1,0,27,27
ASCBt5;THRALANaEx,1,0,27,27
ASCBt5;TYR3MO2,1,0,27,27
ASCBt5;UAG4E,0,1,28,26
ASCBt5;UMPK5,1,0,27,27
ASCBt;HMGCOASim,0,1,28,26
ASCBt;PDHa,0,1,28,26
ASCBt;PDHbr,0,1,28,26
ASCBt;PYRt2m,0,1,28,26
ASCBtr;CITRt2m,0,1,28,26
ASCBtr;CITRtm,0,1,28,26
ASCBtr;CO2t,1,0,27,27
ASCBtr;DASCBR,1,0,27,27
ASCBtr;DPCOAK,2,0,26,27
ASCBtr;GF6PTA,1,0,27,27
ASCBtr;GPCCPDE,1,0,27,27
ASCBtr;H2O2t,1,0,27,27
ASCBtr;HMGCOASim,0,1,28,26
ASCBtr;LPASE,1,0,27,27
ASCBtr;NDP7er,0,1,28,26
ASCBtr;PDHa,0,1,28,26
ASCBtr;PDHbr,0,1,28,26
ASCBtr;PIt9,1,0,27,27
ASCBtr;PNTK,2,0,26,27
ASCBtr;PNTOte,2,0,26,27
ASCBtr;PPCDC,2,0,26,27
ASCBtr;PPNCL2,2,0,26,27
ASCBtr;PROSTGE2t,1,0,27,27
ASCBtr;PROSTGE2t2,1,0,27,27
ASCBtr;PTPAT,2,0,26,27
ASCBtr;PYRt2m,0,1,28,26
ASCBtr;R_group_phosphotase_1,1,0,27,27
ASCBtr;THRALANaEx,1,0,27,27
ASCBtr;UAG4E,0,1,28,26
ASCBtr;UMPK5,1,0,27,27
ASNATB0tc;ASNt4,0,1,28,26
ASNN;ASPPROASCT1,1,1,27,26
ASNN;ASPt6,1,0,27,27
ASNN;ASPte,1,0,27,27
ASNN;KCCt,1,0,27,27
ASN_Lte;ASNt4,0,2,28,25
ASNt4;ASNtN1,1,4,27,23
ASP1DC;ASPte,0,2,28,25
ASP1DC;COAtm,1,0,27,27
ASP1DC;KCC2t,0,1,28,26
ASP1DC;OBDHc,1,0,27,27
ASP1DC;PPCOAOm,1,0,27,27
ASP1DC;PPCOAtm,1,0,27,27
ASP1DC;PRPNCOAHYDm,1,0,27,27
ASP1DC;THRD_L,1,0,27,27
ASPDH;ATPt4,1,0,27,27
ASPDH;CITRt2m,0,1,28,26
ASPDH;CITRtm,0,1,28,26
ASPDH;FADH2ETC,1,0,27,27
ASPDH;G3PD1,1,0,27,27
ASPDH;GLCt1r,1,0,27,27
ASPDH;IDHPOXOX2b,0,1,28,26
ASPDH;IDHPOXOXb,0,1,28,26
ASPDH;NAIt,0,1,28,26
ASPDH;PHEOX,0,1,28,26
ASPDH;PHETA1,0,1,28,26
ASPDH;RDH1,0,1,28,26
ASPDH;RDH1a,0,1,28,26
ASPDH;THYPX,0,1,28,26
ASPGLUm;CO2tm,1,0,27,27
ASPGLUm;FUMSUCCtm,0,1,28,26
ASPGLUm;HCO3E,1,0,27,27
ASPGLUm;IMAGH,1,0,27,27
ASPGLUm;NMNS,0,1,28,26
ASPOX;PIMALtm,1,0,27,27
ASPOX;SO3AKGtm,1,0,27,27
ASPOX;SO3MALtm,1,0,27,27
ASPPROASCT1;ACITLn,1,1,27,26
ASPPROASCT1;ADPtn,1,1,27,26
ASPPROASCT1;ASPTA,2,1,26,26
ASPPROASCT1;ASPt6,8,0,20,27
ASPPROASCT1;ATPt4,1,0,27,27
ASPPROASCT1;ATPtn,1,1,27,26
ASPPROASCT1;CHATn,1,1,27,26
ASPPROASCT1;CHOLtn,1,1,27,26
ASPPROASCT1;CITSUCCtm,1,1,27,26
ASPPROASCT1;CITtn,1,1,27,26
ASPPROASCT1;CSm,0,1,28,26
ASPPROASCT1;FADH2ETC,1,0,27,27
ASPPROASCT1;FUMMALtm,0,1,28,26
ASPPROASCT1;GLUDym,0,1,28,26
ASPPROASCT1;HKt,7,0,21,27
ASPPROASCT1;ICDHyrm,1,1,27,26
ASPPROASCT1;ICITMALtm,0,1,28,26
ASPPROASCT1;MDHm,0,1,28,26
ASPPROASCT1;OAAtn,1,1,27,26
ASPPROASCT1;OXALSUCCCLm,1,1,27,26
ASPPROASCT1;PItn,1,1,27,26
ASPTA;B3GALTg,0,1,28,26
ASPTA;B3GNT51g,0,1,28,26
ASPTA;BPNT,0,1,28,26
ASPTA;CERT2rt,0,1,28,26
ASPTA;CITRt2m,0,1,28,26
ASPTA;CITRtm,0,1,28,26
ASPTA;CLHCO3tex2,1,0,27,27
ASPTA;CMPACNAtg,0,1,28,26
ASPTA;CMPSAS,0,1,28,26
ASPTA;CO2tm,0,1,28,26
ASPTA;CORE6GTg,0,1,28,26
ASPTA;F1Atg,0,1,28,26
ASPTA;FUCACNGALACGLCGALGLUSIDEte,0,1,28,26
ASPTA;FUCACNGALACGLCGALGLUSIDEtg,0,1,28,26
ASPTA;FUT32g,0,1,28,26
ASPTA;GAL3ST11,0,1,28,26
ASPTA;GALASE19ly,0,1,28,26
ASPTA;GALGLUSIDEtg,0,1,28,26
ASPTA;GALGLUSIDEtr,0,1,28,26
ASPTA;GALNTg,0,1,28,26
ASPTA;GALSIDEtg,0,1,28,26
ASPTA;GALSIDEtl,0,1,28,26
ASPTA;GALU,0,1,28,26
ASPTA;GALtly,0,1,28,26
ASPTA;GDPFUCtg,0,1,28,26
ASPTA;GDPtg,0,1,28,26
ASPTA;GF6PTA,0,1,28,26
ASPTA;GFUCS,0,1,28,26
ASPTA;GLUDC,1,0,27,27
ASPTA;GLUt2m,0,1,28,26
ASPTA;GMAND,0,1,28,26
ASPTA;GMPtg,0,1,28,26
ASPTA;GTPGDPtm,0,2,28,25
ASPTA;H2Otg,0,1,28,26
ASPTA;H2Otly,0,1,28,26
ASPTA;HCO3Ee,2,0,26,27
ASPTA;HCO3_CLt,1,0,27,27
ASPTA;HMGL,0,1,28,26
ASPTA;Htg,0,1,28,26
ASPTA;IDHPOXOX2b,0,2,28,25
ASPTA;IDHPOXOX4,0,1,28,26
ASPTA;IDHPOXOXb,0,2,28,25
ASPTA;KCCt,0,1,28,26
ASPTA;MAL_Lte,0,1,28,26
ASPTA;MAN1PT2,0,1,28,26
ASPTA;MAN6PI,0,1,28,26
ASPTA;N4Tg,0,1,28,26
ASPTA;NAGA2ly,0,1,28,26
ASPTA;NAGLCAly,0,1,28,26
ASPTA;NAIt,0,2,28,25
ASPTA;NCKt,0,1,28,26
ASPTA;NCNt,0,1,28,26
ASPTA;NDP7er,0,1,28,26
ASPTA;NDP7g,0,1,28,26
ASPTA;OCOAT1m,0,1,28,26
ASPTA;PAPStg,0,1,28,26
ASPTA;PAPtg,0,1,28,26
ASPTA;PEPCK,1,0,27,27
ASPTA;PGMT,0,1,28,26
ASPTA;PHEOX,0,2,28,25
ASPTA;PHETA1,0,2,28,25
ASPTA;PIMALtm,1,1,27,26
ASPTA;PIter,0,1,28,26
ASPTA;PItg,0,1,28,26
ASPTA;PMANM,0,1,28,26
ASPTA;PROtm,1,0,27,27
ASPTA;RDH1,0,1,28,26
ASPTA;RDH1a,0,1,28,26
ASPTA;SADT,0,1,28,26
ASPTA;SGALSIDEtg,0,1,28,26
ASPTA;SGALSIDEtl,0,1,28,26
ASPTA;SO3AKGtm,1,1,27,26
ASPTA;SO3MALtm,1,1,27,26
ASPTA;SO4HCOtex,0,1,28,26
ASPTA;SO4tl,0,1,28,26
ASPTA;ST3GAL31g,0,1,28,26
ASPTA;SUCOAS1m,0,1,28,26
ASPTA;Ser/Thrtg,0,1,28,26
ASPTA;THRA,0,1,28,26
ASPTA;THYPX,0,2,28,25
ASPTA;THYST,0,1,28,26
ASPTA;UAGDP,0,1,28,26
ASPTA;UDPACGALtl,0,1,28,26
ASPTA;UDPG4E,0,1,28,26
ASPTA;UDPGALt2r,0,1,28,26
ASPTA;UDPGALtg,0,1,28,26
ASPTA;UDPGGPGTr,0,1,28,26
ASPTA;UDPtl,0,1,28,26
ASPTA;UGALNACtg,0,1,28,26
ASPTA;UGCGc,0,1,28,26
ASPTA;UGLCNACtg,0,1,28,26
ASPTA;UMPtr,0,1,28,26
ASPt6;ACITLn,3,2,25,25
ASPt6;ADPtn,3,2,25,25
ASPt6;ASPTA,2,2,26,25
ASPt6;ATPtn,3,2,25,25
ASPt6;CHATn,3,2,25,25
ASPt6;CHOLtn,3,2,25,25
ASPt6;CITSUCCtm,3,1,25,26
ASPt6;CITtn,3,2,25,25
ASPt6;FUMSUCCtm,1,0,27,27
ASPt6;GALU,0,1,28,26
ASPt6;GF6PTA,1,1,27,26
ASPt6;H2Otg,1,1,27,26
ASPt6;Htg,1,1,27,26
ASPt6;ICDHyrm,3,1,25,26
ASPt6;ICITMALtm,0,1,28,26
ASPt6;NDP7g,1,1,27,26
ASPt6;OAAtn,3,2,25,25
ASPt6;OXALSUCCCLm,3,1,25,26
ASPt6;PGMT,0,1,28,26
ASPt6;PItg,1,1,27,26
ASPt6;PItn,3,2,25,25
ASPt6;PROAKGOX1m,1,0,27,27
ASPt6;PROtm,1,0,27,27
ASPt6;SUCD1m,1,0,27,27
ASPt6;UAG4E,1,0,27,27
ASPt6;UAGDP,1,1,27,26
ASPt6;UGLCNACtg,0,1,28,26
ASPte;ARTFR52,0,1,28,26
ASPte;ATPtm,0,1,28,26
ASPte;BETALDHxm,0,1,28,26
ASPte;BHMT,0,1,28,26
ASPte;CACT6r,0,1,28,26
ASPte;CHLtm,0,1,28,26
ASPte;CHOLD2m,0,1,28,26
ASPte;CITMCOAHm,0,1,28,26
ASPte;CITMCOALm,0,1,28,26
ASPte;DHFR,0,1,28,26
ASPte;DHFRm,0,1,28,26
ASPte;DHFtm,0,1,28,26
ASPte;DMGDHm,0,1,28,26
ASPte;DMGtm,0,1,28,26
ASPte;FAE180,0,1,28,26
ASPte;FAE200,0,1,28,26
ASPte;FAE220,0,1,28,26
ASPte;FAE240,0,1,28,26
ASPte;FAE260,0,1,28,26
ASPte;FALDte,0,1,28,26
ASPte;FALDtm,0,1,28,26
ASPte;FALDtx,0,1,28,26
ASPte;GLYBtm,0,1,28,26
ASPte;GLYtp,0,1,28,26
ASPte;GPAT,0,1,28,26
ASPte;H2O2tp,0,1,28,26
ASPte;H2Ot,0,1,28,26
ASPte;H2Otp,0,1,28,26
ASPte;HACD180,0,1,28,26
ASPte;HACD200,0,1,28,26
ASPte;HACD220,0,1,28,26
ASPte;HACD240,0,1,28,26
ASPte;HACD260,0,1,28,26
ASPte;HCO3E,1,0,27,27
ASPte;HEXCCOAtr,0,1,28,26
ASPte;HSD180,0,1,28,26
ASPte;HSD200,0,1,28,26
ASPte;HSD220,0,1,28,26
ASPte;HSD240,0,1,28,26
ASPte;HSD260,0,1,28,26
ASPte;Htr,0,1,28,26
ASPte;ICITMALtm,0,1,28,26
ASPte;ITCOALm,0,1,28,26
ASPte;LDH_L,0,1,28,26
ASPte;MALCOAMT,0,1,28,26
ASPte;MALCOAMTr,0,1,28,26
ASPte;METAT,0,1,28,26
ASPte;NACDe,1,0,27,27
ASPte;NACPRT,1,0,27,27
ASPte;NCAMDe,1,0,27,27
ASPte;NMNDA,1,0,27,27
ASPte;NMNS,1,0,27,27
ASPte;O2tp,0,1,28,26
ASPte;PCFLOPm,0,1,28,26
ASPte;PETOHMm_hs,0,1,28,26
ASPte;PMTCOAFABP1tc,0,1,28,26
ASPte;PUNP1,0,1,28,26
ASPte;RTOT5,0,1,28,26
ASPte;SARCOXp,0,1,28,26
ASPte;SARCStm,0,1,28,26
ASPte;SARCStp,0,1,28,26
ASPte;SO3AKGtm,0,1,28,26
ASPte;TECR180,0,1,28,26
ASPte;TECR200,0,1,28,26
ASPte;TECR220,0,1,28,26
ASPte;TECR240,0,1,28,26
ASPte;TECR260,0,1,28,26
ASPte;THFtm,0,1,28,26
ASPte;THRA,1,0,27,27
ASPte;TXA2tr,0,1,28,26
ASPte;TXB2c,0,1,28,26
ASPte;TXB2r,0,1,28,26
ASPte;TXB2tr,0,1,28,26
ATP1ter;AKGtn,1,0,27,27
ATP1ter;ATPt4,1,0,27,27
ATP1ter;BILGLCURt,1,0,27,27
ATP1ter;BILGLCURt5e,1,0,27,27
ATP1ter;BILGLCURtr,2,0,26,27
ATP1ter;CDPDAGtm,1,0,27,27
ATP1ter;CDSm,1,0,27,27
ATP1ter;CO2tn,1,0,27,27
ATP1ter;CTPtm,1,0,27,27
ATP1ter;CYTK1,1,1,27,26
ATP1ter;CYTK8,1,0,27,27
ATP1ter;DAG_Hstem,1,0,27,27
ATP1ter;FADDPle,1,1,27,26
ATP1ter;FADte,1,1,27,26
ATP1ter;FALDtn,1,0,27,27
ATP1ter;FMNALKPle,1,1,27,26
ATP1ter;FMNAT,1,1,27,26
ATP1ter;GDPFUCtg,0,1,28,26
ATP1ter;GDPtg,0,1,28,26
ATP1ter;GFUCSx,0,1,28,26
ATP1ter;GMAND,0,1,28,26
ATP1ter;GMPtg,0,1,28,26
ATP1ter;H2Oter,4,0,24,27
ATP1ter;H3K36DMET_3,1,0,27,27
ATP1ter;H3K36MET_3,1,0,27,27
ATP1ter;HCO3E,2,0,26,27
ATP1ter;HCO3Em,1,0,27,27
ATP1ter;HCO3tm,1,0,27,27
ATP1ter;Htr,5,0,23,27
ATP1ter;IMAGH,1,0,27,27
ATP1ter;MEOHt2,1,0,27,27
ATP1ter;NTD7e,0,1,28,26
ATP1ter;O2tn,1,0,27,27
ATP1ter;PIMALtm,1,0,27,27
ATP1ter;PIt2m_2,1,0,27,27
ATP1ter;PIt9,1,0,27,27
ATP1ter;PPAer,1,0,27,27
ATP1ter;PPIPItr,1,0,27,27
ATP1ter;PUNP1,0,1,28,26
ATP1ter;R5Ptr,4,8,24,19
ATP1ter;RBFK,1,1,27,26
ATP1ter;RIBFLVt6,1,1,27,26
ATP1ter;RPIr,4,8,24,19
ATP1ter;RU5Ptr,4,8,24,19
ATP1ter;SO3AKGtm,1,0,27,27
ATP1ter;SO3MALtm,1,0,27,27
ATP1ter;UDPG4E,1,1,27,26
ATP1ter;UDPGALtg,1,1,27,26
ATP1ter;UGALNACtg,0,1,28,26
ATP1ter;UGT1A10r,2,0,26,27
ATP1ter;UMPK5,0,1,28,26
ATPS4m;ATPt4,1,0,27,27
ATPS4m;GALU,1,0,27,27
ATPS4m;GF6PTA,1,0,27,27
ATPS4m;H2Otg,1,0,27,27
ATPS4m;Htg,1,0,27,27
ATPS4m;Htm,1,1,27,26
ATPS4m;NDP7g,1,0,27,27
ATPS4m;PGMT,1,0,27,27
ATPS4m;PHETA1,1,0,27,27
ATPS4m;PHETA1m,1,0,27,27
ATPS4m;PHEt2m,1,0,27,27
ATPS4m;PHPYRtm,1,0,27,27
ATPS4m;PIMALtm,1,0,27,27
ATPS4m;PItg,1,0,27,27
ATPS4m;PROGLUtm,1,0,27,27
ATPS4m;SO3AKGtm,1,0,27,27
ATPS4m;SO3MALtm,1,0,27,27
ATPS4m;UAGDP,1,0,27,27
ATPS4m;UGLCNACtg,1,0,27,27
ATPt4;ATPtm,2,0,26,27
ATPt4;BILDGLUCRabc,1,0,27,27
ATPt4;BILIRED,1,0,27,27
ATPt4;BILIRED2,1,0,27,27
ATPt4;BILIRUBtr,2,0,26,27
ATPt4;CA2tm,1,0,27,27
ATPt4;CBPSam,2,0,26,27
ATPt4;CDPDAGtm,1,0,27,27
ATPt4;CDSm,1,0,27,27
ATPt4;CITRte,2,0,26,27
ATPt4;CO2tm,1,0,27,27
ATPt4;COt,2,0,26,27
ATPt4;CPPPGO,2,0,26,27
ATPt4;CTPtm,1,0,27,27
ATPt4;DAG_Hstem,1,1,27,26
ATPt4;DLD,1,0,27,27
ATPt4;ENO,1,0,27,27
ATPt4;FADH2ETC,1,0,27,27
ATPt4;FCLTm,2,0,26,27
ATPt4;FE2tm,2,0,26,27
ATPt4;G5SADr,3,0,25,27
ATPt4;GALU,1,0,27,27
ATPt4;GAPD,1,0,27,27
ATPt4;GLCt1r,1,0,27,27
ATPt4;GLU5SAtmc,3,0,25,27
ATPt4;GLUPROASCT1,1,0,27,27
ATPt4;GLUt2m,1,0,27,27
ATPt4;GTPGDPtm,1,0,27,27
ATPt4;HCO3E,1,0,27,27
ATPt4;HCO3Em,1,0,27,27
ATPt4;HCO3tm,2,0,26,27
ATPt4;HEX12,1,0,27,27
ATPt4;HMBS,2,0,26,27
ATPt4;HOXG,2,0,26,27
ATPt4;IMAGH,1,0,27,27
ATPt4;NDP7er,2,0,26,27
ATPt4;NH4tm,2,0,26,27
ATPt4;NMNS,1,0,27,27
ATPt4;OCBTm,2,0,26,27
ATPt4;ORNTArm,3,0,25,27
ATPt4;ORNt,1,0,27,27
ATPt4;ORNt3m,1,0,27,27
ATPt4;PGK,1,0,27,27
ATPt4;PGM,1,0,27,27
ATPt4;PGMT,1,0,27,27
ATPt4;PHEMEtm,2,0,26,27
ATPt4;PIMALtm,1,0,27,27
ATPt4;PIt2m_2,0,1,28,26
ATPt4;PPAm,0,1,28,26
ATPt4;PPBNGS,2,0,26,27
ATPt4;PPItm,1,0,27,27
ATPt4;PPPG9tm,2,0,26,27
ATPt4;PPPGOm,2,0,26,27
ATPt4;PRO1x,1,0,27,27
ATPt4;PROAKGOX1m,1,0,27,27
ATPt4;PROGLUtm,2,0,26,27
ATPt4;PROtm,2,0,26,27
ATPt4;PYK,1,0,27,27
ATPt4;PYRt4_2,2,0,26,27
ATPt4;SO3AKGtm,1,0,27,27
ATPt4;SO3MALtm,1,0,27,27
ATPt4;SUCOAS1m,1,0,27,27
ATPt4;THRA,1,0,27,27
ATPt4;THRALANaEx,1,0,27,27
ATPt4;TPI,1,0,27,27
ATPt4;UDPGD,2,0,26,27
ATPt4;UDPGLCAter,2,0,26,27
ATPt4;UGT1A2r,1,0,27,27
ATPt4;UPP3S,2,0,26,27
ATPt4;UPPDC1,2,0,26,27
ATPtm;ACITLn,1,2,27,25
ATPtm;ADPtn,1,2,27,25
ATPtm;ATPtn,1,2,27,25
ATPtm;CBPSam,1,0,27,27
ATPtm;CDPDAGtm,0,1,28,26
ATPtm;CDSm,0,1,28,26
ATPtm;CHATn,1,2,27,25
ATPtm;CHOLtn,1,2,27,25
ATPtm;CITMCOAHm,0,4,28,23
ATPtm;CITMCOALm,0,4,28,23
ATPtm;CITRt2m,1,1,27,26
ATPtm;CITRte,1,0,27,27
ATPtm;CITRtm,1,1,27,26
ATPtm;CITSUCCtm,1,1,27,26
ATPtm;CITtn,1,2,27,25
ATPtm;CO2t,0,1,28,26
ATPtm;CO2tm,1,2,27,25
ATPtm;CSm,1,2,27,25
ATPtm;CTPtm,0,1,28,26
ATPtm;DAG_Hstem,0,1,28,26
ATPtm;FUM,1,1,27,26
ATPtm;FUMMALtm,1,0,27,27
ATPtm;FUMm,1,0,27,27
ATPtm;G5SADr,1,0,27,27
ATPtm;GALU,0,1,28,26
ATPtm;GF6PTA,0,1,28,26
ATPtm;GLU5SAtmc,1,0,27,27
ATPtm;GLUt2m,0,1,28,26
ATPtm;GLYKm,0,1,28,26
ATPtm;H2O2t,1,0,27,27
ATPtm;H2Otg,0,1,28,26
ATPtm;HCO3E,0,1,28,26
ATPtm;HCO3Em,1,0,27,27
ATPtm;HMGLm,0,1,28,26
ATPtm;HSD3B11,0,1,28,26
ATPtm;Htg,0,1,28,26
ATPtm;ICDHyrm,0,1,28,26
ATPtm;ICITCITtm,0,2,28,25
ATPtm;ICITMALtm,0,2,28,25
ATPtm;ILEOX,0,1,28,26
ATPtm;ILETAm,0,1,28,26
ATPtm;ILEt5m,0,1,28,26
ATPtm;ITCOALm,0,4,28,23
ATPtm;LDH_L,0,1,28,26
ATPtm;LDH_Lm,0,1,28,26
ATPtm;LPS3m,0,1,28,26
ATPtm;L_LACt2r,0,1,28,26
ATPtm;L_LACtm,0,1,28,26
ATPtm;MDH,0,2,28,25
ATPtm;MDHm,0,2,28,25
ATPtm;METOX,1,0,27,27
ATPtm;NDP7g,0,1,28,26
ATPtm;NMNS,1,1,27,26
ATPtm;OAADC,1,0,27,27
ATPtm;OAAtn,1,2,27,25
ATPtm;OCBTm,1,0,27,27
ATPtm;ORNTArm,1,0,27,27
ATPtm;OXALSUCCCLm,0,1,28,26
ATPtm;P45011A1m,0,1,28,26
ATPtm;PCm,1,0,27,27
ATPtm;PGMT,0,1,28,26
ATPtm;PIMALtm,0,1,28,26
ATPtm;PIt2m_2,0,1,28,26
ATPtm;PItg,0,1,28,26
ATPtm;PItn,1,2,27,25
ATPtm;PPA,0,2,28,25
ATPtm;PPItm,0,1,28,26
ATPtm;PRGNLONEtm,0,1,28,26
ATPtm;PRGSTRNt,0,1,28,26
ATPtm;PRO1x,1,0,27,27
ATPtm;PYRt2m,0,1,28,26
ATPtm;PYRtm,1,2,27,25
ATPtm;R_group_phosphotase_1,0,1,28,26
ATPtm;Rtotaltm,0,1,28,26
ATPtm;SO3AKGtm,0,2,28,25
ATPtm;SO3MALtm,0,1,28,26
ATPtm;THFtm,0,1,28,26
ATPtm;UAGDP,0,1,28,26
ATPtm;UGLCNACtg,0,1,28,26
ATPtm;UNK3,1,0,27,27
ATPtn;B3GALTg,0,1,28,26
ATPtn;B3GNT51g,0,1,28,26
ATPtn;BETALDHxm,0,1,28,26
ATPtn;BHMT,0,1,28,26
ATPtn;BILIRED2,1,0,27,27
ATPtn;BILIRUBtr,1,0,27,27
ATPtn;BPNT,0,1,28,26
ATPtn;CERT2rt,0,1,28,26
ATPtn;CHLtm,0,1,28,26
ATPtn;CHOLD2m,0,1,28,26
ATPtn;CLHCO3tex2,1,0,27,27
ATPtn;CLHCOtex,1,0,27,27
ATPtn;CMPACNAtg,0,1,28,26
ATPtn;CMPSAS,0,1,28,26
ATPtn;CO2tm,0,1,28,26
ATPtn;CORE6GTg,0,1,28,26
ATPtn;COt,1,0,27,27
ATPtn;CPPPGO,1,0,27,27
ATPtn;DHFR,2,0,26,27
ATPtn;DHFR3m,1,0,27,27
ATPtn;DHFR3x,1,0,27,27
ATPtn;DHFRx,1,0,27,27
ATPtn;DHFtm,1,0,27,27
ATPtn;DMGDHm,0,1,28,26
ATPtn;DMGtm,0,1,28,26
ATPtn;F1Atg,0,1,28,26
ATPtn;FALDtm,0,1,28,26
ATPtn;FALDtx,0,1,28,26
ATPtn;FCLTm,1,0,27,27
ATPtn;FE2tm,1,0,27,27
ATPtn;FOLtm,1,0,27,27
ATPtn;FUCACNGALACGLCGALGLUSIDEte,0,1,28,26
ATPtn;FUCACNGALACGLCGALGLUSIDEtg,0,1,28,26
ATPtn;FUT32g,0,1,28,26
ATPtn;GAL3ST11,0,1,28,26
ATPtn;GALASE19ly,0,1,28,26
ATPtn;GALGLUSIDEtg,0,1,28,26
ATPtn;GALGLUSIDEtr,0,1,28,26
ATPtn;GALNTg,0,1,28,26
ATPtn;GALSIDEtg,0,1,28,26
ATPtn;GALSIDEtl,0,1,28,26
ATPtn;GALU,0,1,28,26
ATPtn;GALtly,0,1,28,26
ATPtn;GDPFUCtg,0,1,28,26
ATPtn;GDPtg,0,1,28,26
ATPtn;GF6PTA,0,1,28,26
ATPtn;GFUCS,0,1,28,26
ATPtn;GHMT2rm,0,1,28,26
ATPtn;GLUDC,2,0,26,27
ATPtn;GLUDxm,0,1,28,26
ATPtn;GLUt2m,0,1,28,26
ATPtn;GLYBtm,0,1,28,26
ATPtn;GLYtm,0,1,28,26
ATPtn;GLYtp,0,1,28,26
ATPtn;GMAND,0,1,28,26
ATPtn;GMPtg,0,1,28,26
ATPtn;GTPGDPtm,1,0,27,27
ATPtn;H2O2tp,0,1,28,26
ATPtn;H2Otg,0,1,28,26
ATPtn;H2Otly,0,1,28,26
ATPtn;H2Otp,0,1,28,26
ATPtn;H3K9MET_1,0,1,28,26
ATPtn;H3K9MET_2,0,1,28,26
ATPtn;H3K9MET_3,0,1,28,26
ATPtn;H3K9_synthesis,0,1,28,26
ATPtn;HCO3Ee,2,0,26,27
ATPtn;HCO3_CLt,1,0,27,27
ATPtn;HMBS,1,0,27,27
ATPtn;HOXG,1,0,27,27
ATPtn;Htg,0,1,28,26
ATPtn;IDHPOXOX2b,0,1,28,26
ATPtn;IDHPOXOX4,0,1,28,26
ATPtn;IDHPOXOXb,0,1,28,26
ATPtn;KCCt,0,1,28,26
ATPtn;LDH_L,0,1,28,26
ATPtn;LYStn,0,1,28,26
ATPtn;MAL_Lte,2,3,26,24
ATPtn;MAN1PT2,0,1,28,26
ATPtn;MAN6PI,0,1,28,26
ATPtn;MDH,0,1,28,26
ATPtn;MEOHt2,0,1,28,26
ATPtn;METAT,0,1,28,26
ATPtn;MI1PP,1,5,27,22
ATPtn;MTHFCm,0,1,28,26
ATPtn;MTHFDm,0,1,28,26
ATPtn;N4Tg,0,1,28,26
ATPtn;NAGA2ly,0,1,28,26
ATPtn;NAGLCAly,0,1,28,26
ATPtn;NAIt,0,1,28,26
ATPtn;NCKt,0,1,28,26
ATPtn;NCNt,0,1,28,26
ATPtn;NDP7er,1,1,27,26
ATPtn;NDP7g,0,1,28,26
ATPtn;NH4tm,0,1,28,26
ATPtn;NQO2,0,1,28,26
ATPtn;O2t,2,4,26,23
ATPtn;O2tp,0,1,28,26
ATPtn;PAPStg,0,1,28,26
ATPtn;PAPtg,0,1,28,26
ATPtn;PGMT,0,1,28,26
ATPtn;PHEMEtm,1,0,27,27
ATPtn;PHEOX,0,1,28,26
ATPtn;PHETA1,0,1,28,26
ATPtn;PIMALtm,1,0,27,27
ATPtn;PIPLC,1,5,27,22
ATPtn;PIt2m_2,2,1,26,26
ATPtn;PIter,0,1,28,26
ATPtn;PItg,0,1,28,26
ATPtn;PMANM,0,1,28,26
ATPtn;PPBNGS,1,0,27,27
ATPtn;PPPG9tm,1,0,27,27
ATPtn;PPPGOm,1,0,27,27
ATPtn;PROGLUtm,1,1,27,26
ATPtn;PROtm,1,0,27,27
ATPtn;PYRtm,1,0,27,27
ATPtn;SADT,0,1,28,26
ATPtn;SARCOXp,0,1,28,26
ATPtn;SARCStm,0,1,28,26
ATPtn;SARCStp,0,1,28,26
ATPtn;SERTm,0,1,28,26
ATPtn;SGALSIDEtg,0,1,28,26
ATPtn;SGALSIDEtl,0,1,28,26
ATPtn;SO3AKGtm,1,0,27,27
ATPtn;SO3MALtm,1,0,27,27
ATPtn;SO4HCOtex,0,1,28,26
ATPtn;SO4tl,0,1,28,26
ATPtn;SSALym,1,0,27,27
ATPtn;ST3GAL31g,0,1,28,26
ATPtn;SUCCICITtm,1,0,27,27
ATPtn;SUCOAS1m,1,0,27,27
ATPtn;Ser/Thrtg,0,1,28,26
ATPtn;THFtm,2,0,26,27
ATPtn;THRA,4,4,24,23
ATPtn;THYPX,0,1,28,26
ATPtn;THYST,0,1,28,26
ATPtn;UAGDP,0,1,28,26
ATPtn;UDPACGALtl,0,1,28,26
ATPtn;UDPG4E,0,1,28,26
ATPtn;UDPGALt2r,0,1,28,26
ATPtn;UDPGALtg,0,1,28,26
ATPtn;UDPGGPGTr,0,1,28,26
ATPtn;UDPGLCAter,1,0,27,27
ATPtn;UDPtl,0,1,28,26
ATPtn;UGALNACtg,0,1,28,26
ATPtn;UGCGc,0,1,28,26
ATPtn;UGLCNACtg,0,1,28,26
ATPtn;UMPtr,0,1,28,26
ATPtn;UPP3S,1,0,27,27
ATPtn;UPPDC1,1,0,27,27
ATPtn;peplys_synthesis,0,1,28,26
ATPtn;q10h2tc,0,1,28,26
ATPtn;q10tm,0,1,28,26
B3GALTg;ACITLn,0,1,28,26
B3GALTg;ADPtn,0,1,28,26
B3GALTg;BDMT,2,0,26,27
B3GALTg;CHATn,0,1,28,26
B3GALTg;CHOLtn,0,1,28,26
B3GALTg;CITtn,0,1,28,26
B3GALTg;CSm,0,1,28,26
B3GALTg;DHFR,0,2,28,25
B3GALTg;DHFR3m,0,1,28,26
B3GALTg;DHFR3x,0,1,28,26
B3GALTg;DHFRm,0,2,28,25
B3GALTg;DHFtm,0,1,28,26
B3GALTg;DOLASNTer,2,0,26,27
B3GALTg;DOLDPPer,2,0,26,27
B3GALTg;DOLGLCP_ter,2,0,26,27
B3GALTg;DOLMANP_ter,2,1,26,26
B3GALTg;DOLPGT1er,2,0,26,27
B3GALTg;DOLPGT2er,2,0,26,27
B3GALTg;DOLPGT3er,2,0,26,27
B3GALTg;DOLPMT,2,1,26,26
B3GALTg;DOLPMT1er,2,0,26,27
B3GALTg;DOLPMT2_er,2,0,26,27
B3GALTg;DOLPMT3er,2,0,26,27
B3GALTg;DOLPMT4_er,2,0,26,27
B3GALTg;DOLP_ter,2,1,26,26
B3GALTg;F6Tg,1,0,27,27
B3GALTg;FOLtm,0,1,28,26
B3GALTg;G12MT1,2,0,26,27
B3GALTg;G12MT2,2,0,26,27
B3GALTg;G13MT,2,0,26,27
B3GALTg;G14T10g,1,0,27,27
B3GALTg;G14T11g,1,0,27,27
B3GALTg;G14T12g,1,0,27,27
B3GALTg;G14T13g,1,0,27,27
B3GALTg;G14T14g,1,0,27,27
B3GALTg;G14T15g,1,0,27,27
B3GALTg;G14T16g,1,0,27,27
B3GALTg;G14T17g,1,0,27,27
B3GALTg;G14T6g,1,0,27,27
B3GALTg;G14T7g,1,0,27,27
B3GALTg;G14T8g,1,0,27,27
B3GALTg;G14T9g,1,0,27,27
B3GALTg;G14Tg,1,0,27,27
B3GALTg;G16MT,2,0,26,27
B3GALTg;GLCMter,1,0,27,27
B3GALTg;GLCNACPT,2,0,26,27
B3GALTg;GLCNACT,2,0,26,27
B3GALTg;GLCter,1,0,27,27
B3GALTg;GLXtm,0,1,28,26
B3GALTg;GLXtp,0,1,28,26
B3GALTg;GLYCLTDym,0,1,28,26
B3GALTg;GLYCLTtm,0,1,28,26
B3GALTg;GLYCLTtp,0,1,28,26
B3GALTg;GLYCTO1p,0,1,28,26
B3GALTg;HEX16,1,0,27,27
B3GALTg;HEX4,1,0,27,27
B3GALTg;HMGLm,0,1,28,26
B3GALTg;ICITCITtm,0,1,28,26
B3GALTg;ICITMALtm,0,1,28,26
B3GALTg;KSIt,1,0,27,27
B3GALTg;LDH_L,0,1,28,26
B3GALTg;M1316Mg,2,0,26,27
B3GALTg;M13N2Tg,2,0,26,27
B3GALTg;M16N4Tg,1,0,27,27
B3GALTg;M16NTg,2,0,26,27
B3GALTg;M4MPDOL_ter,2,0,26,27
B3GALTg;M8MASNterg,2,0,26,27
B3GALTg;MANtg,2,0,26,27
B3GALTg;MDHm,0,1,28,26
B3GALTg;MG1er,2,0,26,27
B3GALTg;MG2er,2,0,26,27
B3GALTg;MG3er,2,0,26,27
B3GALTg;MM5ag,2,0,26,27
B3GALTg;MM6bg,2,0,26,27
B3GALTg;MM7Cag,2,0,26,27
B3GALTg;MM8Ag,2,0,26,27
B3GALTg;NADH2_u10m,0,1,28,26
B3GALTg;OAAtn,0,1,28,26
B3GALTg;PIt9,1,0,27,27
B3GALTg;PItn,0,1,28,26
B3GALTg;RDH1a,0,1,28,26
B3GALTg;S23T3g,1,0,27,27
B3GALTg;S6T10g,1,0,27,27
B3GALTg;S6T11g,1,0,27,27
B3GALTg;S6T12g,1,0,27,27
B3GALTg;S6T13g,1,0,27,27
B3GALTg;S6T14g,1,0,27,27
B3GALTg;S6T15g,1,0,27,27
B3GALTg;S6T4g,1,0,27,27
B3GALTg;S6T5g,1,0,27,27
B3GALTg;S6T6g,1,0,27,27
B3GALTg;S6T7g,1,0,27,27
B3GALTg;S6T8g,1,0,27,27
B3GALTg;S6T9g,1,0,27,27
B3GALTg;SO4HCOtex,1,0,27,27
B3GALTg;THFtm,0,1,28,26
B3GALTg;UDPDOLPT,2,0,26,27
B3GALTg;UDPGD,0,1,28,26
B3GNT310g;BDMT,1,0,27,27
B3GNT310g;BILIRED2,1,0,27,27
B3GNT310g;BILIRUBtr,1,0,27,27
B3GNT310g;CORE5GTg,0,1,28,26
B3GNT310g;COt,1,0,27,27
B3GNT310g;CPPPGO,1,0,27,27
B3GNT310g;DOLASNTer,1,0,27,27
B3GNT310g;DOLDPPer,1,0,27,27
B3GNT310g;DOLGLCP_ter,1,0,27,27
B3GNT310g;DOLMANP_ter,1,0,27,27
B3GNT310g;DOLPGT1er,1,0,27,27
B3GNT310g;DOLPGT2er,1,0,27,27
B3GNT310g;DOLPGT3er,1,0,27,27
B3GNT310g;DOLPMT,1,0,27,27
B3GNT310g;DOLPMT1er,1,0,27,27
B3GNT310g;DOLPMT2_er,1,0,27,27
B3GNT310g;DOLPMT3er,1,0,27,27
B3GNT310g;DOLPMT4_er,1,0,27,27
B3GNT310g;DOLP_ter,1,0,27,27
B3GNT310g;F6T2g,1,0,27,27
B3GNT310g;FADDPle,0,1,28,26
B3GNT310g;FADte,0,1,28,26
B3GNT310g;FCLTm,1,0,27,27
B3GNT310g;FE2tm,1,0,27,27
B3GNT310g;FMNALKPle,0,1,28,26
B3GNT310g;FMNAT,0,1,28,26
B3GNT310g;G12MT1,1,0,27,27
B3GNT310g;G12MT2,1,0,27,27
B3GNT310g;G13MT,1,0,27,27
B3GNT310g;G14T10g,1,0,27,27
B3GNT310g;G14T11g,1,0,27,27
B3GNT310g;G14T12g,1,0,27,27
B3GNT310g;G14T13g,1,0,27,27
B3GNT310g;G14T14g,1,0,27,27
B3GNT310g;G14T15g,1,0,27,27
B3GNT310g;G14T16g,1,0,27,27
B3GNT310g;G14T17g,1,0,27,27
B3GNT310g;G14T6g,1,0,27,27
B3GNT310g;G14T7g,1,0,27,27
B3GNT310g;G14T8g,1,0,27,27
B3GNT310g;G14T9g,1,0,27,27
B3GNT310g;G14Tg,1,0,27,27
B3GNT310g;G16MT,1,0,27,27
B3GNT310g;GALNTg,1,1,27,26
B3GNT310g;GLCMter,1,0,27,27
B3GNT310g;GLCNACPT,1,0,27,27
B3GNT310g;GLCNACT,1,0,27,27
B3GNT310g;GTPGDPtm,1,0,27,27
B3GNT310g;HEX4,1,0,27,27
B3GNT310g;HMBS,1,0,27,27
B3GNT310g;HMGCOASim,0,1,28,26
B3GNT310g;HOXG,1,0,27,27
B3GNT310g;KSIt,1,0,27,27
B3GNT310g;M1316M2g,1,0,27,27
B3GNT310g;M13N2Tg,1,0,27,27
B3GNT310g;M16NT1g,1,0,27,27
B3GNT310g;M4MPDOL_ter,1,0,27,27
B3GNT310g;M8MASNterg,1,0,27,27
B3GNT310g;MANtg,1,0,27,27
B3GNT310g;MG1er,1,0,27,27
B3GNT310g;MG2er,1,0,27,27
B3GNT310g;MG3er,1,0,27,27
B3GNT310g;MM5ag,1,0,27,27
B3GNT310g;MM6bg,1,0,27,27
B3GNT310g;MM7Cag,1,0,27,27
B3GNT310g;MM8Ag,1,0,27,27
B3GNT310g;NDPK1,1,0,27,27
B3GNT310g;PDHa,0,1,28,26
B3GNT310g;PDHbr,0,1,28,26
B3GNT310g;PHEMEtm,1,0,27,27
B3GNT310g;PIMALtm,1,0,27,27
B3GNT310g;PIt2m_2,0,1,28,26
B3GNT310g;PPBNGS,1,0,27,27
B3GNT310g;PPPG9tm,1,0,27,27
B3GNT310g;PPPGOm,1,0,27,27
B3GNT310g;PROAKGOX1m,1,0,27,27
B3GNT310g;PROtm,2,0,26,27
B3GNT310g;PYRt2m,0,1,28,26
B3GNT310g;RBFK,0,1,28,26
B3GNT310g;RIBFLVt6,0,1,28,26
B3GNT310g;S23T3g,1,0,27,27
B3GNT310g;S6T10g,1,0,27,27
B3GNT310g;S6T11g,1,0,27,27
B3GNT310g;S6T12g,1,0,27,27
B3GNT310g;S6T13g,1,0,27,27
B3GNT310g;S6T14g,1,0,27,27
B3GNT310g;S6T15g,1,0,27,27
B3GNT310g;S6T4g,1,0,27,27
B3GNT310g;S6T5g,1,0,27,27
B3GNT310g;S6T6g,1,0,27,27
B3GNT310g;S6T7g,1,0,27,27
B3GNT310g;S6T8g,1,0,27,27
B3GNT310g;S6T9g,1,0,27,27
B3GNT310g;SO4AKGtm,1,0,27,27
B3GNT310g;SO4HCOtex,3,0,25,27
B3GNT310g;SO4MALtm,1,0,27,27
B3GNT310g;SUCOAS1m,1,0,27,27
B3GNT310g;THRALANaEx,1,0,27,27
B3GNT310g;UAG4E,2,1,26,26
B3GNT310g;UDPDOLPT,1,0,27,27
B3GNT310g;UDPGD,1,0,27,27
B3GNT310g;UDPGLCAter,1,0,27,27
B3GNT310g;UGALNACtg,1,1,27,26
B3GNT310g;UMPK5,1,0,27,27
B3GNT310g;UPP3S,1,0,27,27
B3GNT310g;UPPDC1,1,0,27,27
B3GNT39g;CORE5GTg,0,1,28,26
B3GNT39g;DHFR,0,1,28,26
B3GNT39g;DHFR3m,0,1,28,26
B3GNT39g;DHFR3x,0,1,28,26
B3GNT39g;DHFRm,0,1,28,26
B3GNT39g;FOLtm,0,1,28,26
B3GNT39g;GALNTg,1,1,27,26
B3GNT39g;GLXtm,0,1,28,26
B3GNT39g;GLXtp,0,1,28,26
B3GNT39g;GLYCLTDym,0,1,28,26
B3GNT39g;GLYCLTtm,0,1,28,26
B3GNT39g;GLYCLTtp,0,1,28,26
B3GNT39g;GLYCTO1p,0,1,28,26
B3GNT39g;PIt2m_2,0,1,28,26
B3GNT39g;THFtm,0,1,28,26
B3GNT39g;THRALANaEx,1,0,27,27
B3GNT39g;UAG4E,0,1,28,26
B3GNT39g;UGALNACtg,1,1,27,26
B3GNT39g;UMPK5,1,0,27,27
B3GNT51g;ACITLn,0,1,28,26
B3GNT51g;ADPtn,0,1,28,26
B3GNT51g;BDMT,3,0,25,27
B3GNT51g;BILIRED2,1,0,27,27
B3GNT51g;BILIRUBtr,1,0,27,27
B3GNT51g;CHATn,0,1,28,26
B3GNT51g;CHOLtn,0,1,28,26
B3GNT51g;CITtn,0,1,28,26
B3GNT51g;CORE5GTg,0,1,28,26
B3GNT51g;COt,1,0,27,27
B3GNT51g;CPPPGO,1,0,27,27
B3GNT51g;CSm,0,1,28,26
B3GNT51g;DHFR,0,2,28,25
B3GNT51g;DHFR3m,0,1,28,26
B3GNT51g;DHFR3x,0,1,28,26
B3GNT51g;DHFRm,0,2,28,25
B3GNT51g;DHFtm,0,1,28,26
B3GNT51g;DOLASNTer,3,0,25,27
B3GNT51g;DOLDPPer,3,0,25,27
B3GNT51g;DOLGLCP_ter,3,0,25,27
B3GNT51g;DOLMANP_ter,3,2,25,25
B3GNT51g;DOLPGT1er,3,0,25,27
B3GNT51g;DOLPGT2er,3,0,25,27
B3GNT51g;DOLPGT3er,3,0,25,27
B3GNT51g;DOLPMT,3,2,25,25
B3GNT51g;DOLPMT1er,3,0,25,27
B3GNT51g;DOLPMT2_er,3,0,25,27
B3GNT51g;DOLPMT3er,3,0,25,27
B3GNT51g;DOLPMT4_er,3,0,25,27
B3GNT51g;DOLP_ter,3,2,25,25
B3GNT51g;F6T2g,1,0,27,27
B3GNT51g;F6Tg,1,0,27,27
B3GNT51g;FADDPle,0,1,28,26
B3GNT51g;FADte,0,1,28,26
B3GNT51g;FCLTm,1,0,27,27
B3GNT51g;FE2tm,1,0,27,27
B3GNT51g;FMNALKPle,0,1,28,26
B3GNT51g;FMNAT,0,1,28,26
B3GNT51g;FOLtm,0,1,28,26
B3GNT51g;G12MT1,3,0,25,27
B3GNT51g;G12MT2,3,0,25,27
B3GNT51g;G13MT,3,0,25,27
B3GNT51g;G14T10g,2,0,26,27
B3GNT51g;G14T11g,2,0,26,27
B3GNT51g;G14T12g,2,0,26,27
B3GNT51g;G14T13g,2,0,26,27
B3GNT51g;G14T14g,2,0,26,27
B3GNT51g;G14T15g,2,0,26,27
B3GNT51g;G14T16g,2,0,26,27
B3GNT51g;G14T17g,2,0,26,27
B3GNT51g;G14T6g,2,0,26,27
B3GNT51g;G14T7g,2,0,26,27
B3GNT51g;G14T8g,2,0,26,27
B3GNT51g;G14T9g,2,0,26,27
B3GNT51g;G14Tg,2,0,26,27
B3GNT51g;G16MT,3,0,25,27
B3GNT51g;GALNTg,1,1,27,26
B3GNT51g;GLCMter,2,0,26,27
B3GNT51g;GLCNACPT,3,0,25,27
B3GNT51g;GLCNACT,3,0,25,27
B3GNT51g;GLCter,1,0,27,27
B3GNT51g;GLXtm,0,1,28,26
B3GNT51g;GLXtp,0,1,28,26
B3GNT51g;GLYCLTDym,0,1,28,26
B3GNT51g;GLYCLTtm,0,1,28,26
B3GNT51g;GLYCLTtp,0,1,28,26
B3GNT51g;GLYCTO1p,0,1,28,26
B3GNT51g;GLYt4,0,1,28,26
B3GNT51g;GTPGDPtm,1,0,27,27
B3GNT51g;HEX16,1,0,27,27
B3GNT51g;HEX4,2,0,26,27
B3GNT51g;HMBS,1,0,27,27
B3GNT51g;HMGCOASim,0,1,28,26
B3GNT51g;HMGLm,0,1,28,26
B3GNT51g;HOXG,1,0,27,27
B3GNT51g;ICITCITtm,0,1,28,26
B3GNT51g;ICITMALtm,0,1,28,26
B3GNT51g;KSIt,2,0,26,27
B3GNT51g;LDH_L,0,1,28,26
B3GNT51g;M1316M2g,1,0,27,27
B3GNT51g;M1316Mg,2,0,26,27
B3GNT51g;M13N2Tg,3,0,25,27
B3GNT51g;M16N4Tg,1,0,27,27
B3GNT51g;M16NT1g,1,0,27,27
B3GNT51g;M16NTg,2,0,26,27
B3GNT51g;M4MPDOL_ter,3,0,25,27
B3GNT51g;M8MASNterg,3,0,25,27
B3GNT51g;MANtg,3,0,25,27
B3GNT51g;MDHm,0,1,28,26
B3GNT51g;MG1er,3,0,25,27
B3GNT51g;MG2er,3,0,25,27
B3GNT51g;MG3er,3,0,25,27
B3GNT51g;MM5ag,3,0,25,27
B3GNT51g;MM6bg,3,0,25,27
B3GNT51g;MM7Cag,3,0,25,27
B3GNT51g;MM8Ag,3,0,25,27
B3GNT51g;NADH2_u10m,0,1,28,26
B3GNT51g;NDPK1,1,0,27,27
B3GNT51g;OAAtn,0,1,28,26
B3GNT51g;PDHa,0,1,28,26
B3GNT51g;PDHbr,0,1,28,26
B3GNT51g;PHEMEtm,1,0,27,27
B3GNT51g;PIMALtm,1,0,27,27
B3GNT51g;PIt2m_2,0,1,28,26
B3GNT51g;PIt9,1,1,27,26
B3GNT51g;PItn,0,1,28,26
B3GNT51g;PPBNGS,1,0,27,27
B3GNT51g;PPPG9tm,1,0,27,27
B3GNT51g;PPPGOm,1,0,27,27
B3GNT51g;PROAKGOX1m,1,0,27,27
B3GNT51g;PROtm,2,0,26,27
B3GNT51g;PYRt2m,0,1,28,26
B3GNT51g;RBFK,0,1,28,26
B3GNT51g;RDH1a,0,1,28,26
B3GNT51g;RIBFLVt6,0,1,28,26
B3GNT51g;S23T3g,2,0,26,27
B3GNT51g;S6T10g,2,0,26,27
B3GNT51g;S6T11g,2,0,26,27
B3GNT51g;S6T12g,2,0,26,27
B3GNT51g;S6T13g,2,0,26,27
B3GNT51g;S6T14g,2,0,26,27
B3GNT51g;S6T15g,2,0,26,27
B3GNT51g;S6T4g,2,0,26,27
B3GNT51g;S6T5g,2,0,26,27
B3GNT51g;S6T6g,2,0,26,27
B3GNT51g;S6T7g,2,0,26,27
B3GNT51g;S6T8g,2,0,26,27
B3GNT51g;S6T9g,2,0,26,27
B3GNT51g;SO4AKGtm,1,0,27,27
B3GNT51g;SO4HCOtex,4,0,24,27
B3GNT51g;SO4MALtm,1,0,27,27
B3GNT51g;SUCOAS1m,1,0,27,27
B3GNT51g;THFtm,0,1,28,26
B3GNT51g;THRALANaEx,1,0,27,27
B3GNT51g;UAG4E,3,1,25,26
B3GNT51g;UDPDOLPT,3,0,25,27
B3GNT51g;UDPGD,1,1,27,26
B3GNT51g;UDPGLCAter,1,0,27,27
B3GNT51g;UGALNACtg,1,1,27,26
B3GNT51g;UMPK5,1,0,27,27
B3GNT51g;UPP3S,1,0,27,27
B3GNT51g;UPPDC1,1,0,27,27
BALAtmr;COAtm,1,0,27,27
BALAtmr;OBDHc,1,0,27,27
BALAtmr;PPCOAOm,1,0,27,27
BALAtmr;PPCOAtm,1,0,27,27
BALAtmr;PRPNCOAHYDm,1,0,27,27
BALAtmr;THRD_L,1,0,27,27
BDMT;CERT2rt,3,0,25,27
BDMT;CITRt2m,0,1,28,26
BDMT;CITRtm,0,1,28,26
BDMT;CO2t,1,0,27,27
BDMT;DHCHOLOR,0,1,28,26
BDMT;FUCACNGAL14ACGLCGALGLUSIDEte,1,0,27,27
BDMT;FUCACNGAL14ACGLCGALGLUSIDEtg,1,0,27,27
BDMT;FUCACNGALACGLCGALGLUSIDEte,1,0,27,27
BDMT;FUCACNGALACGLCGALGLUSIDEtg,1,0,27,27
BDMT;FUT32g,1,0,27,27
BDMT;FUT92g,1,0,27,27
BDMT;GALGLUSIDEtg,3,0,25,27
BDMT;GALGLUSIDEtr,3,0,25,27
BDMT;GDPFUCtg,1,0,27,27
BDMT;GDPtg,1,0,27,27
BDMT;GFUCSx,1,0,27,27
BDMT;GMAND,1,0,27,27
BDMT;GMPtg,1,0,27,27
BDMT;GTPGDPtm,0,1,28,26
BDMT;HMGL,0,1,28,26
BDMT;NDP7er,3,2,25,25
BDMT;OCOAT1m,0,1,28,26
BDMT;OROTGLUt,0,2,28,25
BDMT;OROTte,0,2,28,25
BDMT;PPAer,1,0,27,27
BDMT;PPIPItr,1,0,27,27
BDMT;PROSTGE2t,1,0,27,27
BDMT;PROSTGE2t2,1,0,27,27
BDMT;PYK,0,1,28,26
BDMT;ST3GAL31g,1,0,27,27
BDMT;ST3GAL61g,1,0,27,27
BDMT;SUCOAS1m,0,1,28,26
BDMT;UAG4E,0,2,28,25
BDMT;UDPG4E,1,0,27,27
BDMT;UDPGALt2r,3,0,25,27
BDMT;UDPGALtg,1,0,27,27
BDMT;UDPGGPGTr,3,0,25,27
BDMT;UGCGc,3,0,25,27
BDMT;UMPK,0,1,28,26
BDMT;UMPtr,3,0,25,27
BETALDHxm;ACITLn,0,1,28,26
BETALDHxm;ADPtn,0,1,28,26
BETALDHxm;ARTFR52,5,0,23,27
BETALDHxm;BILIRED2,1,0,27,27
BETALDHxm;BILIRUBtr,1,0,27,27
BETALDHxm;CHATn,0,1,28,26
BETALDHxm;CHOLtn,0,1,28,26
BETALDHxm;CITRt2m,1,1,27,26
BETALDHxm;CITRtm,1,1,27,26
BETALDHxm;CITtn,0,1,28,26
BETALDHxm;CO2t,0,1,28,26
BETALDHxm;CO2tm,0,1,28,26
BETALDHxm;COt,1,0,27,27
BETALDHxm;CPPPGO,1,0,27,27
BETALDHxm;CSm,0,1,28,26
BETALDHxm;DHFR,1,1,27,26
BETALDHxm;DHFRm,0,1,28,26
BETALDHxm;DHFtm,0,1,28,26
BETALDHxm;FAE180,1,0,27,27
BETALDHxm;FAE200,5,0,23,27
BETALDHxm;FAE220,5,0,23,27
BETALDHxm;FAE240,5,0,23,27
BETALDHxm;FAE260,5,0,23,27
BETALDHxm;FCLTm,1,0,27,27
BETALDHxm;FE2tm,1,0,27,27
BETALDHxm;GALU,0,1,28,26
BETALDHxm;GLXtm,0,1,28,26
BETALDHxm;GLXtp,0,1,28,26
BETALDHxm;GLYC3Ptm,1,0,27,27
BETALDHxm;GLYCLTDym,0,1,28,26
BETALDHxm;GLYCLTtm,0,1,28,26
BETALDHxm;GLYCLTtp,0,1,28,26
BETALDHxm;GLYCTO1p,0,1,28,26
BETALDHxm;GLYt4,0,1,28,26
BETALDHxm;GTPGDPtm,1,0,27,27
BETALDHxm;H2Oter,0,1,28,26
BETALDHxm;HACD180,1,0,27,27
BETALDHxm;HACD200,5,0,23,27
BETALDHxm;HACD220,5,0,23,27
BETALDHxm;HACD240,5,0,23,27
BETALDHxm;HACD260,5,0,23,27
BETALDHxm;HCO3E,0,2,28,25
BETALDHxm;HEXCCOAtr,5,0,23,27
BETALDHxm;HMBS,1,0,27,27
BETALDHxm;HMGLm,0,1,28,26
BETALDHxm;HOXG,1,0,27,27
BETALDHxm;HSD180,1,0,27,27
BETALDHxm;HSD200,5,0,23,27
BETALDHxm;HSD220,5,0,23,27
BETALDHxm;HSD240,5,0,23,27
BETALDHxm;HSD260,5,0,23,27
BETALDHxm;HSD3B11,0,1,28,26
BETALDHxm;Htr,1,1,27,26
BETALDHxm;ICDHyrm,0,1,28,26
BETALDHxm;ICITCITtm,0,1,28,26
BETALDHxm;ICITMALtm,0,1,28,26
BETALDHxm;LDH_L,0,1,28,26
BETALDHxm;MDH,0,1,28,26
BETALDHxm;MDHm,0,1,28,26
BETALDHxm;NADH2_u10m,0,1,28,26
BETALDHxm;NDPK1,1,0,27,27
BETALDHxm;NTD7,1,0,27,27
BETALDHxm;O2tm,0,1,28,26
BETALDHxm;OAAtn,0,1,28,26
BETALDHxm;P45011A1m,0,1,28,26
BETALDHxm;PGMT,0,1,28,26
BETALDHxm;PHEMEtm,1,0,27,27
BETALDHxm;PIMALtm,1,0,27,27
BETALDHxm;PIt9,0,1,28,26
BETALDHxm;PIter,0,1,28,26
BETALDHxm;PItn,0,1,28,26
BETALDHxm;PPBNGS,1,0,27,27
BETALDHxm;PPPG9tm,1,0,27,27
BETALDHxm;PPPGOm,1,0,27,27
BETALDHxm;PRGNLONEtm,0,1,28,26
BETALDHxm;PRGSTRNt,0,1,28,26
BETALDHxm;PROAKGOX1m,1,0,27,27
BETALDHxm;PROtm,2,0,26,27
BETALDHxm;R5Ptr,0,1,28,26
BETALDHxm;RADH3,0,1,28,26
BETALDHxm;RADH4,0,1,28,26
BETALDHxm;RPIr,0,1,28,26
BETALDHxm;RTOT5,5,0,23,27
BETALDHxm;RU5Ptr,0,1,28,26
BETALDHxm;SO4AKGtm,1,0,27,27
BETALDHxm;SO4MALtm,1,0,27,27
BETALDHxm;SUCOAS1m,1,0,27,27
BETALDHxm;TECR180,1,0,27,27
BETALDHxm;TECR200,5,0,23,27
BETALDHxm;TECR220,5,0,23,27
BETALDHxm;TECR240,5,0,23,27
BETALDHxm;TECR260,5,0,23,27
BETALDHxm;THFtm,0,2,28,25
BETALDHxm;TXA2tr,0,1,28,26
BETALDHxm;TXB2c,0,1,28,26
BETALDHxm;TXB2r,0,1,28,26
BETALDHxm;TXB2tr,0,1,28,26
BETALDHxm;UDPGD,1,0,27,27
BETALDHxm;UDPGLCAter,1,0,27,27
BETALDHxm;UPP3S,1,0,27,27
BETALDHxm;UPPDC1,1,0,27,27
BHMT;ACITLn,0,1,28,26
BHMT;ADPtn,0,1,28,26
BHMT;ARTFR52,5,0,23,27
BHMT;BILIRED2,1,0,27,27
BHMT;BILIRUBtr,1,0,27,27
BHMT;CHATn,0,1,28,26
BHMT;CHOLtn,0,1,28,26
BHMT;CITRt2m,1,1,27,26
BHMT;CITRtm,1,1,27,26
BHMT;CITtn,0,1,28,26
BHMT;CO2t,0,1,28,26
BHMT;CO2tm,0,1,28,26
BHMT;COt,1,0,27,27
BHMT;CPPPGO,1,0,27,27
BHMT;CSm,0,1,28,26
BHMT;DHFR,1,1,27,26
BHMT;DHFRm,0,1,28,26
BHMT;DHFtm,0,1,28,26
BHMT;FAE180,1,0,27,27
BHMT;FAE200,5,0,23,27
BHMT;FAE220,5,0,23,27
BHMT;FAE240,5,0,23,27
BHMT;FAE260,5,0,23,27
BHMT;FCLTm,1,0,27,27
BHMT;FE2tm,1,0,27,27
BHMT;GALU,0,1,28,26
BHMT;GLXtm,0,1,28,26
BHMT;GLXtp,0,1,28,26
BHMT;GLYC3Ptm,1,0,27,27
BHMT;GLYCLTDym,0,1,28,26
BHMT;GLYCLTtm,0,1,28,26
BHMT;GLYCLTtp,0,1,28,26
BHMT;GLYCTO1p,0,1,28,26
BHMT;GLYt4,0,1,28,26
BHMT;GTPGDPtm,1,0,27,27
BHMT;H2Oter,0,1,28,26
BHMT;HACD180,1,0,27,27
BHMT;HACD200,5,0,23,27
BHMT;HACD220,5,0,23,27
BHMT;HACD240,5,0,23,27
BHMT;HACD260,5,0,23,27
BHMT;HCO3E,0,2,28,25
BHMT;HEXCCOAtr,5,0,23,27
BHMT;HMBS,1,0,27,27
BHMT;HMGLm,0,1,28,26
BHMT;HOXG,1,0,27,27
BHMT;HSD180,1,0,27,27
BHMT;HSD200,5,0,23,27
BHMT;HSD220,5,0,23,27
BHMT;HSD240,5,0,23,27
BHMT;HSD260,5,0,23,27
BHMT;HSD3B11,0,1,28,26
BHMT;Htr,1,1,27,26
BHMT;ICDHyrm,0,1,28,26
BHMT;ICITCITtm,0,1,28,26
BHMT;ICITMALtm,0,1,28,26
BHMT;LDH_L,0,1,28,26
BHMT;MDH,0,1,28,26
BHMT;MDHm,0,1,28,26
BHMT;NADH2_u10m,0,1,28,26
BHMT;NDPK1,1,0,27,27
BHMT;NTD7,1,0,27,27
BHMT;O2tm,0,1,28,26
BHMT;OAAtn,0,1,28,26
BHMT;P45011A1m,0,1,28,26
BHMT;PGMT,0,1,28,26
BHMT;PHEMEtm,1,0,27,27
BHMT;PIMALtm,1,0,27,27
BHMT;PIt9,0,1,28,26
BHMT;PIter,0,1,28,26
BHMT;PItn,0,1,28,26
BHMT;PPBNGS,1,0,27,27
BHMT;PPPG9tm,1,0,27,27
BHMT;PPPGOm,1,0,27,27
BHMT;PRGNLONEtm,0,1,28,26
BHMT;PRGSTRNt,0,1,28,26
BHMT;PROAKGOX1m,1,0,27,27
BHMT;PROtm,2,0,26,27
BHMT;R5Ptr,0,1,28,26
BHMT;RADH3,0,1,28,26
BHMT;RADH4,0,1,28,26
BHMT;RPIr,0,1,28,26
BHMT;RTOT5,5,0,23,27
BHMT;RU5Ptr,0,1,28,26
BHMT;SO4AKGtm,1,0,27,27
BHMT;SO4MALtm,1,0,27,27
BHMT;SUCOAS1m,1,0,27,27
BHMT;TECR180,1,0,27,27
BHMT;TECR200,5,0,23,27
BHMT;TECR220,5,0,23,27
BHMT;TECR240,5,0,23,27
BHMT;TECR260,5,0,23,27
BHMT;THFtm,0,2,28,25
BHMT;TXA2tr,0,1,28,26
BHMT;TXB2c,0,1,28,26
BHMT;TXB2r,0,1,28,26
BHMT;TXB2tr,0,1,28,26
BHMT;UDPGD,1,0,27,27
BHMT;UDPGLCAter,1,0,27,27
BHMT;UPP3S,1,0,27,27
BHMT;UPPDC1,1,0,27,27
BILDGLCURt5e;BILGLCURt,0,1,28,26
BILDGLCURt5e;BILGLCURtr,0,1,28,26
BILDGLCURt5e;CITRt2m,0,1,28,26
BILDGLCURt5e;CITRtm,0,1,28,26
BILDGLCURt5e;H2Oter,1,0,27,27
BILDGLCURt5e;HCO3Em,1,0,27,27
BILDGLCURt5e;HCO3tm,1,0,27,27
BILDGLCURt5e;Htr,1,0,27,27
BILDGLCURt5e;UGT1A10r,0,1,28,26
BILDGLCURt;ARTFR41,0,1,28,26
BILDGLCURt;BILGLCURt,2,0,26,27
BILDGLCURt;BILGLCURte,0,1,28,26
BILDGLCURt;BILGLCURtr,2,2,26,25
BILDGLCURt;BILIRUBt2,0,1,28,26
BILDGLCURt;C161CPT1,0,1,28,26
BILDGLCURt;CACT4r,0,1,28,26
BILDGLCURt;COAtr,0,1,28,26
BILDGLCURt;DESAT16_1,0,1,28,26
BILDGLCURt;FUMSUCCtm,0,1,28,26
BILDGLCURt;FUMm,0,1,28,26
BILDGLCURt;GTPGDPtm,0,1,28,26
BILDGLCURt;H2Ot,0,1,28,26
BILDGLCURt;H2Oter,0,1,28,26
BILDGLCURt;HCO3Em,0,2,28,25
BILDGLCURt;HCO3tm,0,2,28,25
BILDGLCURt;HMGL,0,1,28,26
BILDGLCURt;Htr,0,1,28,26
BILDGLCURt;LDH_L,0,1,28,26
BILDGLCURt;ME1m,0,1,28,26
BILDGLCURt;NADH2_u10m,0,1,28,26
BILDGLCURt;OCOAT1m,0,1,28,26
BILDGLCURt;P5CRxm,0,1,28,26
BILDGLCURt;PLMCOAPTr,0,1,28,26
BILDGLCURt;PMTCOAFABP1tc,0,1,28,26
BILDGLCURt;PPA,0,1,28,26
BILDGLCURt;PROD2m,0,1,28,26
BILDGLCURt;PROtm,0,1,28,26
BILDGLCURt;RDH1,0,1,28,26
BILDGLCURt;RDH1a,0,1,28,26
BILDGLCURt;RTOT4,0,1,28,26
BILDGLCURt;SUCOAS1m,0,1,28,26
BILDGLCURt;THRA,0,1,28,26
BILDGLCURt;UGT1A10r,2,2,26,25
BILDGLCURtr;ARTFR41,0,1,28,26
BILDGLCURtr;BILGLCURt,2,1,26,26
BILDGLCURtr;BILGLCURte,0,1,28,26
BILDGLCURtr;BILGLCURtr,2,3,26,24
BILDGLCURtr;BILIRUBt2,0,1,28,26
BILDGLCURtr;C161CPT1,0,1,28,26
BILDGLCURtr;CACT4r,0,1,28,26
BILDGLCURtr;CITRt2m,0,1,28,26
BILDGLCURtr;CITRtm,0,1,28,26
BILDGLCURtr;COAtr,0,1,28,26
BILDGLCURtr;DESAT16_1,0,1,28,26
BILDGLCURtr;FUMSUCCtm,0,1,28,26
BILDGLCURtr;FUMm,0,1,28,26
BILDGLCURtr;GTPGDPtm,0,1,28,26
BILDGLCURtr;H2Ot,0,1,28,26
BILDGLCURtr;H2Oter,1,1,27,26
BILDGLCURtr;HCO3Em,1,2,27,25
BILDGLCURtr;HCO3tm,1,2,27,25
BILDGLCURtr;HMGL,0,1,28,26
BILDGLCURtr;Htr,1,1,27,26
BILDGLCURtr;LDH_L,0,1,28,26
BILDGLCURtr;ME1m,0,1,28,26
BILDGLCURtr;NADH2_u10m,0,1,28,26
BILDGLCURtr;OCOAT1m,0,1,28,26
BILDGLCURtr;P5CRxm,0,1,28,26
BILDGLCURtr;PLMCOAPTr,0,1,28,26
BILDGLCURtr;PMTCOAFABP1tc,0,1,28,26
BILDGLCURtr;PPA,0,1,28,26
BILDGLCURtr;PROD2m,0,1,28,26
BILDGLCURtr;PROtm,0,1,28,26
BILDGLCURtr;RDH1,0,1,28,26
BILDGLCURtr;RDH1a,0,1,28,26
BILDGLCURtr;RTOT4,0,1,28,26
BILDGLCURtr;SUCOAS1m,0,1,28,26
BILDGLCURtr;THRA,0,1,28,26
BILDGLCURtr;UGT1A10r,2,3,26,24
BILDGLUCRabc;AKGtn,1,0,27,27
BILDGLUCRabc;BILGLCURt,1,0,27,27
BILDGLUCRabc;BILGLCURt5e,1,0,27,27
BILDGLUCRabc;BILGLCURtr,2,0,26,27
BILDGLUCRabc;CDPDAGtm,1,0,27,27
BILDGLUCRabc;CDSm,1,0,27,27
BILDGLUCRabc;CO2tn,1,0,27,27
BILDGLUCRabc;CTPtm,1,0,27,27
BILDGLUCRabc;DAG_Hstem,1,0,27,27
BILDGLUCRabc;FADDPle,1,0,27,27
BILDGLUCRabc;FADte,1,0,27,27
BILDGLUCRabc;FALDtn,1,0,27,27
BILDGLUCRabc;FMNALKPle,1,0,27,27
BILDGLUCRabc;FMNAT,1,0,27,27
BILDGLUCRabc;H2Oter,1,0,27,27
BILDGLUCRabc;H3K36DMET_3,1,0,27,27
BILDGLUCRabc;H3K36MET_3,1,0,27,27
BILDGLUCRabc;HCO3E,2,0,26,27
BILDGLUCRabc;HCO3Em,1,0,27,27
BILDGLUCRabc;HCO3tm,1,0,27,27
BILDGLUCRabc;Htr,2,0,26,27
BILDGLUCRabc;IMAGH,1,0,27,27
BILDGLUCRabc;MEOHt2,1,0,27,27
BILDGLUCRabc;O2tn,1,0,27,27
BILDGLUCRabc;PIMALtm,1,0,27,27
BILDGLUCRabc;PIt2m_2,1,0,27,27
BILDGLUCRabc;RBFK,1,0,27,27
BILDGLUCRabc;RIBFLVt6,1,0,27,27
BILDGLUCRabc;SO3AKGtm,1,0,27,27
BILDGLUCRabc;SO3MALtm,1,0,27,27
BILDGLUCRabc;UGT1A10r,2,0,26,27
BILGLCURt5e;UGT1A2r,1,0,27,27
BILGLCURt;PIter,1,0,27,27
BILGLCURt;UGT1A2r,3,1,25,26
BILGLCURte;UGT1A2r,0,1,28,26
BILGLCURtr;PIter,1,0,27,27
BILGLCURtr;UGT1A2r,4,3,24,24
BILIRED2;ACITLn,1,0,27,27
BILIRED2;ADPtn,1,0,27,27
BILIRED2;ARTFR41,0,1,28,26
BILIRED2;ARTFR45,1,0,27,27
BILIRED2;C161CPT1,0,1,28,26
BILIRED2;CACT4r,0,1,28,26
BILIRED2;CDPDAGtm,1,0,27,27
BILIRED2;CDSm,1,0,27,27
BILIRED2;CERT2rt,1,0,27,27
BILIRED2;CHATn,1,0,27,27
BILIRED2;CHLtm,1,0,27,27
BILIRED2;CHOLD2m,1,0,27,27
BILIRED2;CHOLtn,1,0,27,27
BILIRED2;CITACONtm,1,0,27,27
BILIRED2;CITRt2m,1,1,27,26
BILIRED2;CITRtm,1,1,27,26
BILIRED2;CITtn,1,0,27,27
BILIRED2;CO2tm,2,0,26,27
BILIRED2;COAtr,0,1,28,26
BILIRED2;CTPtm,1,0,27,27
BILIRED2;DAG_Hstem,1,0,27,27
BILIRED2;DESAT16_1,0,1,28,26
BILIRED2;DESAT18_1,1,0,27,27
BILIRED2;DHFR,2,0,26,27
BILIRED2;DHFRm,1,0,27,27
BILIRED2;DHFtm,1,0,27,27
BILIRED2;DMGDHm,1,0,27,27
BILIRED2;DMGtm,1,0,27,27
BILIRED2;FADDPle,1,0,27,27
BILIRED2;FADte,1,0,27,27
BILIRED2;FAE201,1,0,27,27
BILIRED2;FAE221,1,0,27,27
BILIRED2;FAE241,1,0,27,27
BILIRED2;FALDtm,1,0,27,27
BILIRED2;FALDtx,1,0,27,27
BILIRED2;FMNALKPle,1,0,27,27
BILIRED2;FMNAT,1,0,27,27
BILIRED2;FUMSUCCtm,0,1,28,26
BILIRED2;FUMm,0,1,28,26
BILIRED2;GALGLUSIDEtg,1,0,27,27
BILIRED2;GALGLUSIDEtr,1,0,27,27
BILIRED2;GDPFUCtg,1,0,27,27
BILIRED2;GDPtg,1,0,27,27
BILIRED2;GF6PTA,1,0,27,27
BILIRED2;GFUCSx,1,0,27,27
BILIRED2;GLYBtm,1,0,27,27
BILIRED2;GLYtp,1,0,27,27
BILIRED2;GMAND,1,0,27,27
BILIRED2;GMPtg,1,0,27,27
BILIRED2;GTPGDPtm,0,1,28,26
BILIRED2;H2O2t,1,0,27,27
BILIRED2;H2O2tp,1,0,27,27
BILIRED2;H2Ot,0,1,28,26
BILIRED2;H2Oter,3,1,25,26
BILIRED2;H2Otg,1,0,27,27
BILIRED2;H2Otp,1,0,27,27
BILIRED2;HACD201,1,0,27,27
BILIRED2;HACD221,1,0,27,27
BILIRED2;HACD241,1,0,27,27
BILIRED2;HCO3E,2,0,26,27
BILIRED2;HCO3Em,4,2,24,25
BILIRED2;HCO3tm,4,2,24,25
BILIRED2;HMGL,0,1,28,26
BILIRED2;HSD201,1,0,27,27
BILIRED2;HSD221,1,0,27,27
BILIRED2;HSD241,1,0,27,27
BILIRED2;Htg,1,0,27,27
BILIRED2;Htr,3,1,25,26
BILIRED2;ICDHyrm,1,0,27,27
BILIRED2;LDH_L,0,1,28,26
BILIRED2;MAN1PT2,1,0,27,27
BILIRED2;MAN6PI,1,0,27,27
BILIRED2;ME1m,0,1,28,26
BILIRED2;METAT,1,0,27,27
BILIRED2;NADH2_u10m,0,1,28,26
BILIRED2;NDP7g,1,0,27,27
BILIRED2;NRVNCCOAtr,1,0,27,27
BILIRED2;O2tp,1,0,27,27
BILIRED2;OAAtn,1,0,27,27
BILIRED2;OCOAT1m,0,1,28,26
BILIRED2;OXALSUCCCLm,1,0,27,27
BILIRED2;P5CRxm,0,1,28,26
BILIRED2;PEPCK,1,0,27,27
BILIRED2;PItg,1,0,27,27
BILIRED2;PItn,1,0,27,27
BILIRED2;PLMCOAPTr,0,1,28,26
BILIRED2;PMANM,1,0,27,27
BILIRED2;PMTCOAFABP1tc,0,1,28,26
BILIRED2;PPA,0,1,28,26
BILIRED2;PROD2m,0,1,28,26
BILIRED2;PROtm,0,1,28,26
BILIRED2;RBFK,1,0,27,27
BILIRED2;RDH1,0,1,28,26
BILIRED2;RDH1a,0,1,28,26
BILIRED2;RIBFLVt6,1,0,27,27
BILIRED2;RTOT4,1,1,27,26
BILIRED2;SARCOXp,1,0,27,27
BILIRED2;SARCStm,1,0,27,27
BILIRED2;SARCStp,1,0,27,27
BILIRED2;SUCOAS1m,1,1,27,26
BILIRED2;TECR201,1,0,27,27
BILIRED2;TECR221,1,0,27,27
BILIRED2;TECR241,1,0,27,27
BILIRED2;THFtm,1,0,27,27
BILIRED2;THRA,2,1,26,26
BILIRED2;UAGDP,1,0,27,27
BILIRED2;UDPG4E,1,0,27,27
BILIRED2;UDPGALt2r,1,0,27,27
BILIRED2;UDPGALtg,1,0,27,27
BILIRED2;UDPGGPGTr,1,0,27,27
BILIRED2;UGCGc,1,0,27,27
BILIRED2;UGLCNACtg,1,0,27,27
BILIRED2;UMPtr,1,0,27,27
BILIRED;AKGtn,1,0,27,27
BILIRED;CO2tn,1,0,27,27
BILIRED;FALDtn,1,0,27,27
BILIRED;FKYNH,0,1,28,26
BILIRED;H3K36DMET_3,1,0,27,27
BILIRED;H3K36MET_3,1,0,27,27
BILIRED;HCO3E,1,0,27,27
BILIRED;IMAGH,1,0,27,27
BILIRED;KYNAKGAT,0,1,28,26
BILIRED;KYNATESYN,0,1,28,26
BILIRED;KYNATEtr,0,1,28,26
BILIRED;MEOHt2,1,0,27,27
BILIRED;O2tn,1,0,27,27
BILIRED;PIMALtm,1,0,27,27
BILIRED;PIt2m_2,1,0,27,27
BILIRED;PYRAKGte,0,1,28,26
BILIRED;PYRt4_2,0,1,28,26
BILIRED;SO3AKGtm,1,0,27,27
BILIRED;SO3MALtm,1,0,27,27
BILIRED;TRPO2,0,1,28,26
BILIRUBt2;BILIRUBtr,0,1,28,26
BILIRUBt2;GALU,0,1,28,26
BILIRUBt2;NDP7er,0,1,28,26
BILIRUBt2;PGMT,0,1,28,26
BILIRUBt2;UDPGD,0,1,28,26
BILIRUBt2;UDPGLCAter,0,1,28,26
BILIRUBt2;UGT1A2r,0,1,28,26
BILIRUBtr;ACITLn,1,0,27,27
BILIRUBtr;ADPtn,1,0,27,27
BILIRUBtr;AKGtn,1,0,27,27
BILIRUBtr;ARTFR41,0,1,28,26
BILIRUBtr;ARTFR45,1,0,27,27
BILIRUBtr;C161CPT1,0,1,28,26
BILIRUBtr;CACT4r,0,1,28,26
BILIRUBtr;CDPDAGtm,1,0,27,27
BILIRUBtr;CDSm,1,0,27,27
BILIRUBtr;CERT2rt,1,0,27,27
BILIRUBtr;CHATn,1,0,27,27
BILIRUBtr;CHLtm,1,0,27,27
BILIRUBtr;CHOLD2m,1,0,27,27
BILIRUBtr;CHOLtn,1,0,27,27
BILIRUBtr;CITACONtm,1,0,27,27
BILIRUBtr;CITRt2m,1,1,27,26
BILIRUBtr;CITRtm,1,1,27,26
BILIRUBtr;CITtn,1,0,27,27
BILIRUBtr;CO2tm,2,0,26,27
BILIRUBtr;CO2tn,1,0,27,27
BILIRUBtr;COAtr,0,1,28,26
BILIRUBtr;CTPtm,1,0,27,27
BILIRUBtr;DAG_Hstem,1,0,27,27
BILIRUBtr;DESAT16_1,0,1,28,26
BILIRUBtr;DESAT18_1,1,0,27,27
BILIRUBtr;DHFR,2,0,26,27
BILIRUBtr;DHFRm,1,0,27,27
BILIRUBtr;DHFtm,1,0,27,27
BILIRUBtr;DMGDHm,1,0,27,27
BILIRUBtr;DMGtm,1,0,27,27
BILIRUBtr;FADDPle,1,0,27,27
BILIRUBtr;FADte,1,0,27,27
BILIRUBtr;FAE201,1,0,27,27
BILIRUBtr;FAE221,1,0,27,27
BILIRUBtr;FAE241,1,0,27,27
BILIRUBtr;FALDtm,1,0,27,27
BILIRUBtr;FALDtn,1,0,27,27
BILIRUBtr;FALDtx,1,0,27,27
BILIRUBtr;FKYNH,0,1,28,26
BILIRUBtr;FMNALKPle,1,0,27,27
BILIRUBtr;FMNAT,1,0,27,27
BILIRUBtr;FUMSUCCtm,0,1,28,26
BILIRUBtr;FUMm,0,1,28,26
BILIRUBtr;GALGLUSIDEtg,1,0,27,27
BILIRUBtr;GALGLUSIDEtr,1,0,27,27
BILIRUBtr;GDPFUCtg,1,0,27,27
BILIRUBtr;GDPtg,1,0,27,27
BILIRUBtr;GF6PTA,1,0,27,27
BILIRUBtr;GFUCSx,1,0,27,27
BILIRUBtr;GLYBtm,1,0,27,27
BILIRUBtr;GLYtp,1,0,27,27
BILIRUBtr;GMAND,1,0,27,27
BILIRUBtr;GMPtg,1,0,27,27
BILIRUBtr;H2O2t,1,0,27,27
BILIRUBtr;H2O2tp,1,0,27,27
BILIRUBtr;H2Ot,0,1,28,26
BILIRUBtr;H2Oter,3,0,25,27
BILIRUBtr;H2Otg,1,0,27,27
BILIRUBtr;H2Otp,1,0,27,27
BILIRUBtr;H3K36DMET_3,1,0,27,27
BILIRUBtr;H3K36MET_3,1,0,27,27
BILIRUBtr;HACD201,1,0,27,27
BILIRUBtr;HACD221,1,0,27,27
BILIRUBtr;HACD241,1,0,27,27
BILIRUBtr;HCO3E,3,0,25,27
BILIRUBtr;HCO3Em,3,1,25,26
BILIRUBtr;HCO3tm,3,1,25,26
BILIRUBtr;HSD201,1,0,27,27
BILIRUBtr;HSD221,1,0,27,27
BILIRUBtr;HSD241,1,0,27,27
BILIRUBtr;Htg,1,0,27,27
BILIRUBtr;Htr,3,0,25,27
BILIRUBtr;ICDHyrm,1,0,27,27
BILIRUBtr;IMAGH,1,0,27,27
BILIRUBtr;KYNAKGAT,0,1,28,26
BILIRUBtr;KYNATESYN,0,1,28,26
BILIRUBtr;KYNATEtr,0,1,28,26
BILIRUBtr;LDH_L,0,1,28,26
BILIRUBtr;MAN1PT2,1,0,27,27
BILIRUBtr;MAN6PI,1,0,27,27
BILIRUBtr;ME1m,0,1,28,26
BILIRUBtr;MEOHt2,1,0,27,27
BILIRUBtr;METAT,1,0,27,27
BILIRUBtr;NADH2_u10m,0,1,28,26
BILIRUBtr;NDP7g,1,0,27,27
BILIRUBtr;NRVNCCOAtr,1,0,27,27
BILIRUBtr;O2tn,1,0,27,27
BILIRUBtr;O2tp,1,0,27,27
BILIRUBtr;OAAtn,1,0,27,27
BILIRUBtr;OXALSUCCCLm,1,0,27,27
BILIRUBtr;P5CRxm,0,1,28,26
BILIRUBtr;PEPCK,1,0,27,27
BILIRUBtr;PIMALtm,1,0,27,27
BILIRUBtr;PIt2m_2,1,0,27,27
BILIRUBtr;PItg,1,0,27,27
BILIRUBtr;PItn,1,0,27,27
BILIRUBtr;PLMCOAPTr,0,1,28,26
BILIRUBtr;PMANM,1,0,27,27
BILIRUBtr;PMTCOAFABP1tc,0,1,28,26
BILIRUBtr;PPA,0,1,28,26
BILIRUBtr;PROD2m,0,1,28,26
BILIRUBtr;PROtm,0,1,28,26
BILIRUBtr;PYRAKGte,0,1,28,26
BILIRUBtr;PYRt4_2,0,1,28,26
BILIRUBtr;RBFK,1,0,27,27
BILIRUBtr;RDH1,0,1,28,26
BILIRUBtr;RDH1a,0,1,28,26
BILIRUBtr;RIBFLVt6,1,0,27,27
BILIRUBtr;RTOT4,1,1,27,26
BILIRUBtr;SARCOXp,1,0,27,27
BILIRUBtr;SARCStm,1,0,27,27
BILIRUBtr;SARCStp,1,0,27,27
BILIRUBtr;SO3AKGtm,1,0,27,27
BILIRUBtr;SO3MALtm,1,0,27,27
BILIRUBtr;SUCOAS1m,1,0,27,27
BILIRUBtr;TECR201,1,0,27,27
BILIRUBtr;TECR221,1,0,27,27
BILIRUBtr;TECR241,1,0,27,27
BILIRUBtr;THFtm,1,0,27,27
BILIRUBtr;THRA,2,1,26,26
BILIRUBtr;TRPO2,0,1,28,26
BILIRUBtr;UAGDP,1,0,27,27
BILIRUBtr;UDPG4E,1,0,27,27
BILIRUBtr;UDPGALt2r,1,0,27,27
BILIRUBtr;UDPGALtg,1,0,27,27
BILIRUBtr;UDPGGPGTr,1,0,27,27
BILIRUBtr;UGCGc,1,0,27,27
BILIRUBtr;UGLCNACtg,1,0,27,27
BILIRUBtr;UMPtr,1,0,27,27
BPNT;ACITLn,0,1,28,26
BPNT;ADPtn,0,1,28,26
BPNT;CHATn,0,1,28,26
BPNT;CHOLtn,0,1,28,26
BPNT;CITRt2m,0,2,28,25
BPNT;CITRtm,0,2,28,25
BPNT;CITtn,0,1,28,26
BPNT;CO2t,1,1,27,26
BPNT;CO2tm,0,1,28,26
BPNT;CSm,0,1,28,26
BPNT;DASCBR,1,0,27,27
BPNT;DHFR,0,1,28,26
BPNT;DHFR3m,0,1,28,26
BPNT;DHFR3x,0,1,28,26
BPNT;DHFRm,0,1,28,26
BPNT;DRPA,0,1,28,26
BPNT;FOLtm,0,1,28,26
BPNT;GF6PTA,1,0,27,27
BPNT;GLCt1r,1,0,27,27
BPNT;GLYt4,2,0,26,27
BPNT;GLYt7_311_r,1,4,27,23
BPNT;GPCCPDE,1,0,27,27
BPNT;H2O2t,2,3,26,24
BPNT;H2Oter,0,1,28,26
BPNT;H3K4MET_1,1,0,27,27
BPNT;H3K4MET_2,1,0,27,27
BPNT;H3K4MET_3,1,0,27,27
BPNT;H3K4_synthesis,1,0,27,27
BPNT;HCO3E,0,1,28,26
BPNT;HCO3Ee,0,1,28,26
BPNT;HMGCOASim,0,1,28,26
BPNT;HMGL,1,0,27,27
BPNT;HMGLm,0,1,28,26
BPNT;ICITCITtm,0,1,28,26
BPNT;ICITMALtm,0,1,28,26
BPNT;LDH_L,0,1,28,26
BPNT;LPASE,1,0,27,27
BPNT;LYStn,1,0,27,27
BPNT;MDHm,0,1,28,26
BPNT;MI1PP,0,2,28,25
BPNT;NADH2_u10m,0,1,28,26
BPNT;NDP7er,0,1,28,26
BPNT;O2t,0,2,28,25
BPNT;OAAtn,0,1,28,26
BPNT;OCOAT1m,1,0,27,27
BPNT;PDHa,0,1,28,26
BPNT;PDHbr,0,1,28,26
BPNT;PIPLC,0,2,28,25
BPNT;PItn,0,1,28,26
BPNT;PPM2,0,1,28,26
BPNT;PROSTGE2t,1,0,27,27
BPNT;PROSTGE2t2,1,0,27,27
BPNT;PYRt2m,0,1,28,26
BPNT;RDH1,0,1,28,26
BPNT;RDH1a,0,1,28,26
BPNT;R_group_phosphotase_1,1,0,27,27
BPNT;SO4t4_3,0,1,28,26
BPNT;SUCOAS1m,1,0,27,27
BPNT;THFtm,0,1,28,26
BPNT;THRALANaEx,1,0,27,27
BPNT;UAG4E,0,1,28,26
BPNT;UMPK5,1,0,27,27
BPNT;peplys_synthesis,1,0,27,27
BUTt2m;HMGCOASi,1,0,27,27
C161CPT1;CITMCOAHm,0,1,28,26
C161CPT1;CITMCOALm,0,1,28,26
C161CPT1;CITRt2m,0,1,28,26
C161CPT1;CITRtm,0,1,28,26
C161CPT1;COt,0,1,28,26
C161CPT1;CPPPGO,0,1,28,26
C161CPT1;DHFR,0,2,28,25
C161CPT1;DHFRm,0,2,28,25
C161CPT1;DHFtm,0,2,28,25
C161CPT1;FCLTm,0,1,28,26
C161CPT1;FE2tm,0,1,28,26
C161CPT1;FUM,0,1,28,26
C161CPT1;GALU,0,2,28,25
C161CPT1;GLYt4,0,1,28,26
C161CPT1;GTPGDPtm,0,1,28,26
C161CPT1;H2O2t,0,1,28,26
C161CPT1;H2Oter,0,2,28,25
C161CPT1;HCO3E,0,1,28,26
C161CPT1;HMBS,0,1,28,26
C161CPT1;HMGCOASi,1,0,27,27
C161CPT1;HOXG,0,1,28,26
C161CPT1;Htr,0,1,28,26
C161CPT1;ICDHxrm,0,1,28,26
C161CPT1;ICDHyrm,0,1,28,26
C161CPT1;LDH_L,0,2,28,25
C161CPT1;MAL_Lte,0,1,28,26
C161CPT1;NDP7er,0,1,28,26
C161CPT1;OXALSUCCCLm,0,1,28,26
C161CPT1;PGMT,0,2,28,25
C161CPT1;PHEMEtm,0,1,28,26
C161CPT1;PHEOX,0,1,28,26
C161CPT1;PHETA1,0,1,28,26
C161CPT1;PIMALtm,0,1,28,26
C161CPT1;PIt9,0,1,28,26
C161CPT1;PIter,0,1,28,26
C161CPT1;PPBNGS,0,1,28,26
C161CPT1;PPPG9tm,0,1,28,26
C161CPT1;PPPGOm,0,1,28,26
C161CPT1;PROAKGOX1m,0,1,28,26
C161CPT1;PROtm,0,1,28,26
C161CPT1;R5Ptr,0,1,28,26
C161CPT1;RADH3,0,1,28,26
C161CPT1;RADH4,0,1,28,26
C161CPT1;RPIr,0,1,28,26
C161CPT1;RU5Ptr,0,1,28,26
C161CPT1;SO3AKGtm,0,1,28,26
C161CPT1;SO3MALtm,0,1,28,26
C161CPT1;SUCOAS1m,0,1,28,26
C161CPT1;THFtm,0,3,28,24
C161CPT1;THRA,0,1,28,26
C161CPT1;TXA2tr,0,2,28,25
C161CPT1;TXB2c,0,2,28,25
C161CPT1;TXB2r,0,2,28,25
C161CPT1;TXB2tr,0,2,28,25
C161CPT1;UDPGCURtr,0,1,28,26
C161CPT1;UDPGD,0,1,28,26
C161CPT1;UGT1A2r,0,1,28,26
C161CPT1;UMPtr,0,1,28,26
C161CPT1;UPP3S,0,1,28,26
C161CPT1;UPPDC1,0,1,28,26
C204CPT1;DHFR,0,1,28,26
C204CPT1;DHFR3m,0,1,28,26
C204CPT1;DHFR3x,0,1,28,26
C204CPT1;DHFRm,0,1,28,26
C204CPT1;FOLtm,0,1,28,26
C204CPT1;GLXtm,0,1,28,26
C204CPT1;GLXtp,0,1,28,26
C204CPT1;GLYCLTDym,0,1,28,26
C204CPT1;GLYCLTtm,0,1,28,26
C204CPT1;GLYCLTtp,0,1,28,26
C204CPT1;GLYCTO1p,0,1,28,26
C204CPT1;THFtm,0,1,28,26
C2tcx;DHFR,0,1,28,26
C2tcx;DHFR3m,0,1,28,26
C2tcx;DHFR3x,0,1,28,26
C2tcx;DHFRm,0,1,28,26
C2tcx;FOLtm,0,1,28,26
C2tcx;GLXtm,0,1,28,26
C2tcx;GLXtp,0,1,28,26
C2tcx;GLYCLTDym,0,1,28,26
C2tcx;GLYCLTtm,0,1,28,26
C2tcx;GLYCLTtp,0,1,28,26
C2tcx;GLYCTO1p,0,1,28,26
C2tcx;THFtm,0,1,28,26
C4STMO2Pr;C4STMO2r,1,0,27,27
C4STMO2Pr;ESTRADIOLtr,1,0,27,27
C4STMO2Pr;ESTRONEtr,1,0,27,27
C4STMO2Pr;HSD17B1,1,0,27,27
C4STMO2Pr;HSD17B8r,1,0,27,27
CA2tm;FADFADH2tm,0,1,28,26
CA2tm;FADH2ETC,0,1,28,26
CA2tm;GLYC3Ptm,0,1,28,26
CA2tm;GLYC3Ptmc,0,1,28,26
CA2tm;GTPGDPtm,0,1,28,26
CA2tm;HCO3Ee,1,0,27,27
CA2tm;HMGL,0,1,28,26
CA2tm;NH4tm,0,1,28,26
CA2tm;OCOAT1m,0,1,28,26
CA2tm;ORNt3m,0,1,28,26
CA2tm;ORNtiDF,0,1,28,26
CA2tm;PIGTHRDLtm,1,0,27,27
CA2tm;PROD2,0,1,28,26
CA2tm;PROGLUtm,1,0,27,27
CA2tm;SUCOAS1m,0,1,28,26
CA2tm;UMPK5,1,0,27,27
CAATPS;GLUPROASCT1,0,1,28,26
CAATPS;GLYt4,0,1,28,26
CAATPS;GLYt7_311_r,0,1,28,26
CAATPS;KCCt,0,1,28,26
CACT4r;CITMCOAHm,0,1,28,26
CACT4r;CITMCOALm,0,1,28,26
CACT4r;CITRt2m,0,1,28,26
CACT4r;CITRtm,0,1,28,26
CACT4r;COt,0,1,28,26
CACT4r;CPPPGO,0,1,28,26
CACT4r;DHFR,0,2,28,25
CACT4r;DHFRm,0,2,28,25
CACT4r;DHFtm,0,2,28,25
CACT4r;FCLTm,0,1,28,26
CACT4r;FE2tm,0,1,28,26
CACT4r;FUM,0,1,28,26
CACT4r;GALU,0,2,28,25
CACT4r;GLYt4,0,1,28,26
CACT4r;GTPGDPtm,0,1,28,26
CACT4r;H2O2t,0,1,28,26
CACT4r;H2Oter,0,2,28,25
CACT4r;HCO3E,0,1,28,26
CACT4r;HMBS,0,1,28,26
CACT4r;HMGCOASi,1,0,27,27
CACT4r;HOXG,0,1,28,26
CACT4r;Htr,0,1,28,26
CACT4r;ICDHxrm,0,1,28,26
CACT4r;ICDHyrm,0,1,28,26
CACT4r;LDH_L,0,2,28,25
CACT4r;MAL_Lte,0,1,28,26
CACT4r;NDP7er,0,1,28,26
CACT4r;OXALSUCCCLm,0,1,28,26
CACT4r;PGMT,0,2,28,25
CACT4r;PHEMEtm,0,1,28,26
CACT4r;PHEOX,0,1,28,26
CACT4r;PHETA1,0,1,28,26
CACT4r;PIMALtm,0,1,28,26
CACT4r;PIt9,0,1,28,26
CACT4r;PIter,0,1,28,26
CACT4r;PPBNGS,0,1,28,26
CACT4r;PPPG9tm,0,1,28,26
CACT4r;PPPGOm,0,1,28,26
CACT4r;PROAKGOX1m,0,1,28,26
CACT4r;PROtm,0,1,28,26
CACT4r;R5Ptr,0,1,28,26
CACT4r;RADH3,0,1,28,26
CACT4r;RADH4,0,1,28,26
CACT4r;RPIr,0,1,28,26
CACT4r;RU5Ptr,0,1,28,26
CACT4r;SO3AKGtm,0,1,28,26
CACT4r;SO3MALtm,0,1,28,26
CACT4r;SUCOAS1m,0,1,28,26
CACT4r;THFtm,0,3,28,24
CACT4r;THRA,0,1,28,26
CACT4r;TXA2tr,0,2,28,25
CACT4r;TXB2c,0,2,28,25
CACT4r;TXB2r,0,2,28,25
CACT4r;TXB2tr,0,2,28,25
CACT4r;UDPGCURtr,0,1,28,26
CACT4r;UDPGD,0,1,28,26
CACT4r;UGT1A2r,0,1,28,26
CACT4r;UMPtr,0,1,28,26
CACT4r;UPP3S,0,1,28,26
CACT4r;UPPDC1,0,1,28,26
CACT6r;DHCRD1,1,0,27,27
CACT6r;DHFR,0,1,28,26
CACT6r;DHFR3m,0,1,28,26
CACT6r;DHFR3x,0,1,28,26
CACT6r;DHFRm,0,1,28,26
CACT6r;DPCOAK,1,4,27,23
CACT6r;FOLtm,0,1,28,26
CACT6r;GLXtm,0,1,28,26
CACT6r;GLXtp,0,1,28,26
CACT6r;GLYCLTDym,0,1,28,26
CACT6r;GLYCLTtm,0,1,28,26
CACT6r;GLYCLTtp,0,1,28,26
CACT6r;GLYCTO1p,0,1,28,26
CACT6r;Htr,0,1,28,26
CACT6r;LDH_L,0,1,28,26
CACT6r;PNTK,1,4,27,23
CACT6r;PNTOt1,0,3,28,24
CACT6r;PNTOte,1,1,27,26
CACT6r;PPCDC,1,4,27,23
CACT6r;PPNCL2,1,4,27,23
CACT6r;PTPAT,1,4,27,23
CACT6r;THFtm,0,1,28,26
CACT7p;DHFR,0,1,28,26
CACT7p;DHFR3m,0,1,28,26
CACT7p;DHFR3x,0,1,28,26
CACT7p;DHFRm,0,1,28,26
CACT7p;FOLtm,0,1,28,26
CACT7p;GLXtm,0,1,28,26
CACT7p;GLXtp,0,1,28,26
CACT7p;GLYCLTDym,0,1,28,26
CACT7p;GLYCLTtm,0,1,28,26
CACT7p;GLYCLTtp,0,1,28,26
CACT7p;GLYCTO1p,0,1,28,26
CACT7p;RTOT4,0,1,28,26
CACT7p;THFtm,0,1,28,26
CACT7r;RTOT4,0,1,28,26
CAT;FOLR2,1,0,27,27
CAT;FOLt2,1,0,27,27
CAT;MTHFR3x,1,0,27,27
CAT;NQO2,1,0,27,27
CAT;q10h2tc,1,0,27,27
CAT;q10tm,1,0,27,27
CATm;O2tm,0,3,28,24
CATp;ARTFR52,1,0,27,27
CATp;CITRt2m,1,0,27,27
CATp;CITRtm,1,0,27,27
CATp;CSNATr,1,0,27,27
CATp;FAE200,1,0,27,27
CATp;FAE220,1,0,27,27
CATp;FAE240,1,0,27,27
CATp;FAE260,1,0,27,27
CATp;GLYt4,1,0,27,27
CATp;HACD200,1,0,27,27
CATp;HACD220,1,0,27,27
CATp;HACD240,1,0,27,27
CATp;HACD260,1,0,27,27
CATp;HEXCCOAtr,1,0,27,27
CATp;HSD200,1,0,27,27
CATp;HSD220,1,0,27,27
CATp;HSD240,1,0,27,27
CATp;HSD260,1,0,27,27
CATp;RTOT5,1,0,27,27
CATp;TECR200,1,0,27,27
CATp;TECR220,1,0,27,27
CATp;TECR240,1,0,27,27
CATp;TECR260,1,0,27,27
CAt7r;CO2t,1,0,27,27
CAt7r;GLYt2r,1,0,27,27
CAt7r;GLYt7_311_r,1,0,27,27
CAt7r;HCO3Ee,1,0,27,27
CAt7r;HCO3_CLt,2,0,26,27
CAt7r;KCC2t,1,0,27,27
CAt7r;TRIODTHYt,1,0,27,27
CAt7r;TRIODTHYt2,1,0,27,27
CBPPer;GALU,2,0,26,27
CBPPer;GF6PTA,2,0,26,27
CBPPer;GLUPROASCT1,1,0,27,27
CBPPer;H2Otg,1,0,27,27
CBPPer;Htg,1,0,27,27
CBPPer;NDP7g,1,0,27,27
CBPPer;PGMT,2,0,26,27
CBPPer;PItg,1,0,27,27
CBPPer;PPA,5,0,23,27
CBPPer;PPIPItr,1,0,27,27
CBPPer;THRA,1,0,27,27
CBPPer;UAGDP,2,0,26,27
CBPPer;UGLCNACtg,1,0,27,27
CBPSam;ENO,1,0,27,27
CBPSam;GAPD,1,0,27,27
CBPSam;GLCt1r,1,0,27,27
CBPSam;GLUDym,1,0,27,27
CBPSam;HCO3E,1,0,27,27
CBPSam;HCO3Ee,1,0,27,27
CBPSam;HCO3Em,1,0,27,27
CBPSam;HCO3tm,1,0,27,27
CBPSam;NAt5,2,0,26,27
CBPSam;NH4tm,1,1,27,26
CBPSam;ORNt3m,0,1,28,26
CBPSam;ORNtiDF,0,1,28,26
CBPSam;PGK,1,0,27,27
CBPSam;PGM,1,0,27,27
CBPSam;PIt2m_2,2,0,26,27
CBPSam;PPAm,0,1,28,26
CBPSam;PPItm,0,1,28,26
CBPter;GALU,2,0,26,27
CBPter;GF6PTA,2,0,26,27
CBPter;GLUPROASCT1,1,0,27,27
CBPter;H2Otg,1,0,27,27
CBPter;Htg,1,0,27,27
CBPter;NDP7g,1,0,27,27
CBPter;PGMT,2,0,26,27
CBPter;PItg,1,0,27,27
CBPter;PPA,5,0,23,27
CBPter;PPIPItr,1,0,27,27
CBPter;THRA,1,0,27,27
CBPter;UAGDP,2,0,26,27
CBPter;UGLCNACtg,1,0,27,27
CDPDAGtm;CO2tm,1,0,27,27
CDPDAGtm;COt,1,0,27,27
CDPDAGtm;CPPPGO,1,0,27,27
CDPDAGtm;FCLTm,1,0,27,27
CDPDAGtm;FE2tm,1,0,27,27
CDPDAGtm;HCO3E,1,0,27,27
CDPDAGtm;HMBS,1,0,27,27
CDPDAGtm;HOXG,1,0,27,27
CDPDAGtm;NDP7er,1,0,27,27
CDPDAGtm;PHEMEtm,1,0,27,27
CDPDAGtm;PIter,1,0,27,27
CDPDAGtm;PPBNGS,1,0,27,27
CDPDAGtm;PPPG9tm,1,0,27,27
CDPDAGtm;PPPGOm,1,0,27,27
CDPDAGtm;PROAKGOX1m,1,0,27,27
CDPDAGtm;PROtm,1,0,27,27
CDPDAGtm;SUCOASm,1,0,27,27
CDPDAGtm;THRALANaEx,1,0,27,27
CDPDAGtm;UDPGD,1,0,27,27
CDPDAGtm;UDPGLCAter,1,0,27,27
CDPDAGtm;UGT1A2r,1,0,27,27
CDPDAGtm;UPP3S,1,0,27,27
CDPDAGtm;UPPDC1,1,0,27,27
CDPRBTLtg;CYTK1,1,1,27,26
CDPRBTLtg;CYTK8,1,0,27,27
CDPRBTLtg;FADDPle,0,1,28,26
CDPRBTLtg;FADte,0,1,28,26
CDPRBTLtg;FMNALKPle,0,1,28,26
CDPRBTLtg;FMNAT,0,1,28,26
CDPRBTLtg;GDPFUCtg,0,1,28,26
CDPRBTLtg;GDPtg,0,1,28,26
CDPRBTLtg;GFUCSx,0,1,28,26
CDPRBTLtg;GMAND,0,1,28,26
CDPRBTLtg;GMPtg,0,1,28,26
CDPRBTLtg;NTD7e,0,1,28,26
CDPRBTLtg;PIt9,1,0,27,27
CDPRBTLtg;PPAer,1,0,27,27
CDPRBTLtg;PPIPItr,1,0,27,27
CDPRBTLtg;PUNP1,0,1,28,26
CDPRBTLtg;R5Ptr,5,9,23,18
CDPRBTLtg;RBFK,0,1,28,26
CDPRBTLtg;RIBFLVt6,0,1,28,26
CDPRBTLtg;RPIr,5,9,23,18
CDPRBTLtg;RU5Ptr,5,9,23,18
CDPRBTLtg;UDPG4E,1,1,27,26
CDPRBTLtg;UDPGALtg,1,1,27,26
CDPRBTLtg;UGALNACtg,0,1,28,26
CDPRBTLtg;UMPK5,0,1,28,26
CDPtg;CYTK1,1,1,27,26
CDPtg;CYTK8,1,0,27,27
CDPtg;FADDPle,0,1,28,26
CDPtg;FADte,0,1,28,26
CDPtg;FMNALKPle,0,1,28,26
CDPtg;FMNAT,0,1,28,26
CDPtg;GDPFUCtg,0,1,28,26
CDPtg;GDPtg,0,1,28,26
CDPtg;GFUCSx,0,1,28,26
CDPtg;GMAND,0,1,28,26
CDPtg;GMPtg,0,1,28,26
CDPtg;NTD7e,0,1,28,26
CDPtg;PIt9,1,0,27,27
CDPtg;PPAer,1,0,27,27
CDPtg;PPIPItr,1,0,27,27
CDPtg;PUNP1,0,1,28,26
CDPtg;R5Ptr,5,9,23,18
CDPtg;RBFK,0,1,28,26
CDPtg;RIBFLVt6,0,1,28,26
CDPtg;RPIr,5,9,23,18
CDPtg;RU5Ptr,5,9,23,18
CDPtg;UDPG4E,1,1,27,26
CDPtg;UDPGALtg,1,1,27,26
CDPtg;UGALNACtg,0,1,28,26
CDPtg;UMPK5,0,1,28,26
CDSm;CO2tm,1,0,27,27
CDSm;COt,1,0,27,27
CDSm;CPPPGO,1,0,27,27
CDSm;FCLTm,1,0,27,27
CDSm;FE2tm,1,0,27,27
CDSm;HCO3E,1,0,27,27
CDSm;HMBS,1,0,27,27
CDSm;HOXG,1,0,27,27
CDSm;NDP7er,1,0,27,27
CDSm;PHEMEtm,1,0,27,27
CDSm;PIter,1,0,27,27
CDSm;PPBNGS,1,0,27,27
CDSm;PPPG9tm,1,0,27,27
CDSm;PPPGOm,1,0,27,27
CDSm;PROAKGOX1m,1,0,27,27
CDSm;PROtm,1,0,27,27
CDSm;SUCOASm,1,0,27,27
CDSm;THRALANaEx,1,0,27,27
CDSm;UDPGD,1,0,27,27
CDSm;UDPGLCAter,1,0,27,27
CDSm;UGT1A2r,1,0,27,27
CDSm;UPP3S,1,0,27,27
CDSm;UPPDC1,1,0,27,27
CEPTC;CEPTE,1,0,27,27
CEPTC;PCFLOPm,1,0,27,27
CEPTC;PEMET1,1,0,27,27
CEPTC;PEMET2,1,0,27,27
CEPTC;PETHCT,1,0,27,27
CEPTC;PETOHMm_hs,1,0,27,27
CEPTE;CHLPCTD,1,0,27,27
CEPTE;PE_HStm,1,0,27,27
CEPTE;PSDm_hs,1,0,27,27
CEPTE;PSFLIPm,1,0,27,27
CERT2gt;CORE5GTg,0,1,28,26
CERT2gt;DHFR,0,1,28,26
CERT2gt;DHFR3m,0,1,28,26
CERT2gt;DHFR3x,0,1,28,26
CERT2gt;DHFRm,0,1,28,26
CERT2gt;FOLtm,0,1,28,26
CERT2gt;GALNTg,1,1,27,26
CERT2gt;GLXtm,0,1,28,26
CERT2gt;GLXtp,0,1,28,26
CERT2gt;GLYCLTDym,0,1,28,26
CERT2gt;GLYCLTtm,0,1,28,26
CERT2gt;GLYCLTtp,0,1,28,26
CERT2gt;GLYCTO1p,0,1,28,26
CERT2gt;PIt2m_2,0,1,28,26
CERT2gt;THFtm,0,1,28,26
CERT2gt;THRALANaEx,1,0,27,27
CERT2gt;UAG4E,0,1,28,26
CERT2gt;UGALNACtg,1,1,27,26
CERT2gt;UMPK5,1,0,27,27
CERT2rt;ACITLn,0,1,28,26
CERT2rt;ADPtn,0,1,28,26
CERT2rt;CHATn,0,1,28,26
CERT2rt;CHOLtn,0,1,28,26
CERT2rt;CITtn,0,1,28,26
CERT2rt;COt,1,0,27,27
CERT2rt;CPPPGO,1,0,27,27
CERT2rt;CSm,0,1,28,26
CERT2rt;DHFR,0,1,28,26
CERT2rt;DHFRm,0,1,28,26
CERT2rt;DHFtm,0,1,28,26
CERT2rt;DOLASNTer,3,0,25,27
CERT2rt;DOLDPPer,3,0,25,27
CERT2rt;DOLGLCP_ter,3,0,25,27
CERT2rt;DOLMANP_ter,3,2,25,25
CERT2rt;DOLPGT1er,3,0,25,27
CERT2rt;DOLPGT2er,3,0,25,27
CERT2rt;DOLPGT3er,3,0,25,27
CERT2rt;DOLPMT,3,2,25,25
CERT2rt;DOLPMT1er,3,0,25,27
CERT2rt;DOLPMT2_er,3,0,25,27
CERT2rt;DOLPMT3er,3,0,25,27
CERT2rt;DOLPMT4_er,3,0,25,27
CERT2rt;DOLP_ter,3,2,25,25
CERT2rt;F6T2g,1,0,27,27
CERT2rt;F6Tg,1,0,27,27
CERT2rt;FADDPle,0,1,28,26
CERT2rt;FADte,0,1,28,26
CERT2rt;FCLTm,1,0,27,27
CERT2rt;FE2tm,1,0,27,27
CERT2rt;FMNALKPle,0,1,28,26
CERT2rt;FMNAT,0,1,28,26
CERT2rt;G12MT1,3,0,25,27
CERT2rt;G12MT2,3,0,25,27
CERT2rt;G13MT,3,0,25,27
CERT2rt;G14T10g,2,0,26,27
CERT2rt;G14T11g,2,0,26,27
CERT2rt;G14T12g,2,0,26,27
CERT2rt;G14T13g,2,0,26,27
CERT2rt;G14T14g,2,0,26,27
CERT2rt;G14T15g,2,0,26,27
CERT2rt;G14T16g,2,0,26,27
CERT2rt;G14T17g,2,0,26,27
CERT2rt;G14T6g,2,0,26,27
CERT2rt;G14T7g,2,0,26,27
CERT2rt;G14T8g,2,0,26,27
CERT2rt;G14T9g,2,0,26,27
CERT2rt;G14Tg,2,0,26,27
CERT2rt;G16MT,3,0,25,27
CERT2rt;GLCMter,2,0,26,27
CERT2rt;GLCNACPT,3,0,25,27
CERT2rt;GLCNACT,3,0,25,27
CERT2rt;GLCter,1,0,27,27
CERT2rt;GLYt4,0,1,28,26
CERT2rt;GTPGDPtm,1,0,27,27
CERT2rt;HEX16,1,0,27,27
CERT2rt;HEX4,2,0,26,27
CERT2rt;HMBS,1,0,27,27
CERT2rt;HMGCOASim,0,1,28,26
CERT2rt;HMGLm,0,1,28,26
CERT2rt;HOXG,1,0,27,27
CERT2rt;ICITCITtm,0,1,28,26
CERT2rt;ICITMALtm,0,1,28,26
CERT2rt;KSIt,2,0,26,27
CERT2rt;LDH_L,0,1,28,26
CERT2rt;M1316M2g,1,0,27,27
CERT2rt;M1316Mg,2,0,26,27
CERT2rt;M13N2Tg,3,0,25,27
CERT2rt;M16N4Tg,1,0,27,27
CERT2rt;M16NT1g,1,0,27,27
CERT2rt;M16NTg,2,0,26,27
CERT2rt;M4MPDOL_ter,3,0,25,27
CERT2rt;M8MASNterg,3,0,25,27
CERT2rt;MANtg,3,0,25,27
CERT2rt;MDHm,0,1,28,26
CERT2rt;MG1er,3,0,25,27
CERT2rt;MG2er,3,0,25,27
CERT2rt;MG3er,3,0,25,27
CERT2rt;MM5ag,3,0,25,27
CERT2rt;MM6bg,3,0,25,27
CERT2rt;MM7Cag,3,0,25,27
CERT2rt;MM8Ag,3,0,25,27
CERT2rt;NADH2_u10m,0,1,28,26
CERT2rt;NDPK1,1,0,27,27
CERT2rt;OAAtn,0,1,28,26
CERT2rt;PDHa,0,1,28,26
CERT2rt;PDHbr,0,1,28,26
CERT2rt;PHEMEtm,1,0,27,27
CERT2rt;PIMALtm,1,0,27,27
CERT2rt;PIt9,1,1,27,26
CERT2rt;PItn,0,1,28,26
CERT2rt;PPBNGS,1,0,27,27
CERT2rt;PPPG9tm,1,0,27,27
CERT2rt;PPPGOm,1,0,27,27
CERT2rt;PROAKGOX1m,1,0,27,27
CERT2rt;PROtm,2,0,26,27
CERT2rt;PYRt2m,0,1,28,26
CERT2rt;RBFK,0,1,28,26
CERT2rt;RDH1a,0,1,28,26
CERT2rt;RIBFLVt6,0,1,28,26
CERT2rt;S23T3g,2,0,26,27
CERT2rt;S6T10g,2,0,26,27
CERT2rt;S6T11g,2,0,26,27
CERT2rt;S6T12g,2,0,26,27
CERT2rt;S6T13g,2,0,26,27
CERT2rt;S6T14g,2,0,26,27
CERT2rt;S6T15g,2,0,26,27
CERT2rt;S6T4g,2,0,26,27
CERT2rt;S6T5g,2,0,26,27
CERT2rt;S6T6g,2,0,26,27
CERT2rt;S6T7g,2,0,26,27
CERT2rt;S6T8g,2,0,26,27
CERT2rt;S6T9g,2,0,26,27
CERT2rt;SO4AKGtm,1,0,27,27
CERT2rt;SO4HCOtex,4,0,24,27
CERT2rt;SO4MALtm,1,0,27,27
CERT2rt;SUCOAS1m,1,0,27,27
CERT2rt;UAG4E,3,0,25,27
CERT2rt;UDPDOLPT,3,0,25,27
CERT2rt;UDPGD,1,1,27,26
CERT2rt;UDPGLCAter,1,0,27,27
CERT2rt;UPP3S,1,0,27,27
CERT2rt;UPPDC1,1,0,27,27
CGMPt;THRA,0,1,28,26
CHAT;CLFORtex,1,0,27,27
CHAT;GALU,0,2,28,25
CHAT;GF6PTA,0,2,28,25
CHAT;H2Otg,0,2,28,25
CHAT;Htg,0,2,28,25
CHAT;Htr,0,1,28,26
CHAT;NAt,0,1,28,26
CHAT;NAt3_1,0,1,28,26
CHAT;NDP7g,0,2,28,25
CHAT;PGMT,0,2,28,25
CHAT;PIter,0,1,28,26
CHAT;PItg,0,2,28,25
CHAT;PYRt4_2,1,0,27,27
CHAT;THRA,3,4,25,23
CHAT;UAGDP,0,2,28,25
CHAT;UGLCNACtg,0,1,28,26
CHATn;CHLtm,0,1,28,26
CHATn;CHOLD2m,0,1,28,26
CHATn;CLHCO3tex2,1,0,27,27
CHATn;CLHCOtex,1,0,27,27
CHATn;CMPACNAtg,0,1,28,26
CHATn;CMPSAS,0,1,28,26
CHATn;CO2tm,0,1,28,26
CHATn;CORE6GTg,0,1,28,26
CHATn;COt,1,0,27,27
CHATn;CPPPGO,1,0,27,27
CHATn;DHFR,2,0,26,27
CHATn;DHFR3m,1,0,27,27
CHATn;DHFR3x,1,0,27,27
CHATn;DHFRx,1,0,27,27
CHATn;DHFtm,1,0,27,27
CHATn;DMGDHm,0,1,28,26
CHATn;DMGtm,0,1,28,26
CHATn;F1Atg,0,1,28,26
CHATn;FALDtm,0,1,28,26
CHATn;FALDtx,0,1,28,26
CHATn;FCLTm,1,0,27,27
CHATn;FE2tm,1,0,27,27
CHATn;FOLtm,1,0,27,27
CHATn;FUCACNGALACGLCGALGLUSIDEte,0,1,28,26
CHATn;FUCACNGALACGLCGALGLUSIDEtg,0,1,28,26
CHATn;FUT32g,0,1,28,26
CHATn;GAL3ST11,0,1,28,26
CHATn;GALASE19ly,0,1,28,26
CHATn;GALGLUSIDEtg,0,1,28,26
CHATn;GALGLUSIDEtr,0,1,28,26
CHATn;GALNTg,0,1,28,26
CHATn;GALSIDEtg,0,1,28,26
CHATn;GALSIDEtl,0,1,28,26
CHATn;GALU,0,1,28,26
CHATn;GALtly,0,1,28,26
CHATn;GDPFUCtg,0,1,28,26
CHATn;GDPtg,0,1,28,26
CHATn;GF6PTA,0,1,28,26
CHATn;GFUCS,0,1,28,26
CHATn;GHMT2rm,0,1,28,26
CHATn;GLUDC,2,0,26,27
CHATn;GLUDxm,0,1,28,26
CHATn;GLUt2m,0,1,28,26
CHATn;GLYBtm,0,1,28,26
CHATn;GLYtm,0,1,28,26
CHATn;GLYtp,0,1,28,26
CHATn;GMAND,0,1,28,26
CHATn;GMPtg,0,1,28,26
CHATn;GTPGDPtm,1,0,27,27
CHATn;H2O2tp,0,1,28,26
CHATn;H2Otg,0,1,28,26
CHATn;H2Otly,0,1,28,26
CHATn;H2Otp,0,1,28,26
CHATn;H3K9MET_1,0,1,28,26
CHATn;H3K9MET_2,0,1,28,26
CHATn;H3K9MET_3,0,1,28,26
CHATn;H3K9_synthesis,0,1,28,26
CHATn;HCO3Ee,2,0,26,27
CHATn;HCO3_CLt,1,0,27,27
CHATn;HMBS,1,0,27,27
CHATn;HOXG,1,0,27,27
CHATn;Htg,0,1,28,26
CHATn;IDHPOXOX2b,0,1,28,26
CHATn;IDHPOXOX4,0,1,28,26
CHATn;IDHPOXOXb,0,1,28,26
CHATn;KCCt,0,1,28,26
CHATn;LDH_L,0,1,28,26
CHATn;LYStn,0,1,28,26
CHATn;MAL_Lte,2,3,26,24
CHATn;MAN1PT2,0,1,28,26
CHATn;MAN6PI,0,1,28,26
CHATn;MDH,0,1,28,26
CHATn;MEOHt2,0,1,28,26
CHATn;METAT,0,1,28,26
CHATn;MTHFCm,0,1,28,26
CHATn;MTHFDm,0,1,28,26
CHATn;N4Tg,0,1,28,26
CHATn;NAGA2ly,0,1,28,26
CHATn;NAGLCAly,0,1,28,26
CHATn;NAIt,0,1,28,26
CHATn;NCKt,0,1,28,26
CHATn;NCNt,0,1,28,26
CHATn;NDP7er,1,1,27,26
CHATn;NDP7g,0,1,28,26
CHATn;NH4tm,0,1,28,26
CHATn;NQO2,0,1,28,26
CHATn;O2tp,0,1,28,26
CHATn;PAPStg,0,1,28,26
CHATn;PAPtg,0,1,28,26
CHATn;PGMT,0,1,28,26
CHATn;PHEMEtm,1,0,27,27
CHATn;PHEOX,0,1,28,26
CHATn;PHETA1,0,1,28,26
CHATn;PIMALtm,1,0,27,27
CHATn;PIt2m_2,2,1,26,26
CHATn;PIter,0,1,28,26
CHATn;PItg,0,1,28,26
CHATn;PMANM,0,1,28,26
CHATn;PPBNGS,1,0,27,27
CHATn;PPPG9tm,1,0,27,27
CHATn;PPPGOm,1,0,27,27
CHATn;PROGLUtm,1,1,27,26
CHATn;PROtm,1,0,27,27
CHATn;PYRtm,1,0,27,27
CHATn;SADT,0,1,28,26
CHATn;SARCOXp,0,1,28,26
CHATn;SARCStm,0,1,28,26
CHATn;SARCStp,0,1,28,26
CHATn;SERTm,0,1,28,26
CHATn;SGALSIDEtg,0,1,28,26
CHATn;SGALSIDEtl,0,1,28,26
CHATn;SO3AKGtm,1,0,27,27
CHATn;SO3MALtm,1,0,27,27
CHATn;SO4HCOtex,0,1,28,26
CHATn;SO4tl,0,1,28,26
CHATn;SSALym,1,0,27,27
CHATn;ST3GAL31g,0,1,28,26
CHATn;SUCCICITtm,1,0,27,27
CHATn;SUCOAS1m,1,0,27,27
CHATn;Ser/Thrtg,0,1,28,26
CHATn;THFtm,2,0,26,27
CHATn;THRA,4,4,24,23
CHATn;THYPX,0,1,28,26
CHATn;THYST,0,1,28,26
CHATn;UAGDP,0,1,28,26
CHATn;UDPACGALtl,0,1,28,26
CHATn;UDPG4E,0,1,28,26
CHATn;UDPGALt2r,0,1,28,26
CHATn;UDPGALtg,0,1,28,26
CHATn;UDPGGPGTr,0,1,28,26
CHATn;UDPGLCAter,1,0,27,27
CHATn;UDPtl,0,1,28,26
CHATn;UGALNACtg,0,1,28,26
CHATn;UGCGc,0,1,28,26
CHATn;UGLCNACtg,0,1,28,26
CHATn;UMPtr,0,1,28,26
CHATn;UPP3S,1,0,27,27
CHATn;UPPDC1,1,0,27,27
CHATn;peplys_synthesis,0,1,28,26
CHATn;q10h2tc,0,1,28,26
CHATn;q10tm,0,1,28,26
CHLPCTD;PCFLOPm,1,0,27,27
CHLPCTD;PEMET1,1,0,27,27
CHLPCTD;PEMET2,1,0,27,27
CHLPCTD;PETHCT,1,0,27,27
CHLPCTD;PETOHMm_hs,1,0,27,27
CHLtm;ACITLn,0,1,28,26
CHLtm;ADPtn,0,1,28,26
CHLtm;ARTFR52,5,0,23,27
CHLtm;CHOLtn,0,1,28,26
CHLtm;CITRt2m,1,1,27,26
CHLtm;CITRtm,1,1,27,26
CHLtm;CITtn,0,1,28,26
CHLtm;CO2t,0,1,28,26
CHLtm;CO2tm,0,1,28,26
CHLtm;COt,1,0,27,27
CHLtm;CPPPGO,1,0,27,27
CHLtm;CSm,0,1,28,26
CHLtm;DHFR,1,1,27,26
CHLtm;DHFRm,0,1,28,26
CHLtm;DHFtm,0,1,28,26
CHLtm;FAE180,1,0,27,27
CHLtm;FAE200,5,0,23,27
CHLtm;FAE220,5,0,23,27
CHLtm;FAE240,5,0,23,27
CHLtm;FAE260,5,0,23,27
CHLtm;FCLTm,1,0,27,27
CHLtm;FE2tm,1,0,27,27
CHLtm;GALU,0,1,28,26
CHLtm;GLXtm,0,1,28,26
CHLtm;GLXtp,0,1,28,26
CHLtm;GLYC3Ptm,1,0,27,27
CHLtm;GLYCLTDym,0,1,28,26
CHLtm;GLYCLTtm,0,1,28,26
CHLtm;GLYCLTtp,0,1,28,26
CHLtm;GLYCTO1p,0,1,28,26
CHLtm;GLYt4,0,1,28,26
CHLtm;GTPGDPtm,1,0,27,27
CHLtm;H2Oter,0,1,28,26
CHLtm;HACD180,1,0,27,27
CHLtm;HACD200,5,0,23,27
CHLtm;HACD220,5,0,23,27
CHLtm;HACD240,5,0,23,27
CHLtm;HACD260,5,0,23,27
CHLtm;HCO3E,0,2,28,25
CHLtm;HEXCCOAtr,5,0,23,27
CHLtm;HMBS,1,0,27,27
CHLtm;HMGLm,0,1,28,26
CHLtm;HOXG,1,0,27,27
CHLtm;HSD180,1,0,27,27
CHLtm;HSD200,5,0,23,27
CHLtm;HSD220,5,0,23,27
CHLtm;HSD240,5,0,23,27
CHLtm;HSD260,5,0,23,27
CHLtm;HSD3B11,0,1,28,26
CHLtm;Htr,1,1,27,26
CHLtm;ICDHyrm,0,1,28,26
CHLtm;ICITCITtm,0,1,28,26
CHLtm;ICITMALtm,0,1,28,26
CHLtm;LDH_L,0,1,28,26
CHLtm;MDH,0,1,28,26
CHLtm;MDHm,0,1,28,26
CHLtm;NADH2_u10m,0,1,28,26
CHLtm;NDPK1,1,0,27,27
CHLtm;NTD7,1,0,27,27
CHLtm;O2tm,0,1,28,26
CHLtm;OAAtn,0,1,28,26
CHLtm;P45011A1m,0,1,28,26
CHLtm;PGMT,0,1,28,26
CHLtm;PHEMEtm,1,0,27,27
CHLtm;PIMALtm,1,0,27,27
CHLtm;PIt9,0,1,28,26
CHLtm;PIter,0,1,28,26
CHLtm;PItn,0,1,28,26
CHLtm;PPBNGS,1,0,27,27
CHLtm;PPPG9tm,1,0,27,27
CHLtm;PPPGOm,1,0,27,27
CHLtm;PRGNLONEtm,0,1,28,26
CHLtm;PRGSTRNt,0,1,28,26
CHLtm;PROAKGOX1m,1,0,27,27
CHLtm;PROtm,2,0,26,27
CHLtm;R5Ptr,0,1,28,26
CHLtm;RADH3,0,1,28,26
CHLtm;RADH4,0,1,28,26
CHLtm;RPIr,0,1,28,26
CHLtm;RTOT5,5,0,23,27
CHLtm;RU5Ptr,0,1,28,26
CHLtm;SO4AKGtm,1,0,27,27
CHLtm;SO4MALtm,1,0,27,27
CHLtm;SUCOAS1m,1,0,27,27
CHLtm;TECR180,1,0,27,27
CHLtm;TECR200,5,0,23,27
CHLtm;TECR220,5,0,23,27
CHLtm;TECR240,5,0,23,27
CHLtm;TECR260,5,0,23,27
CHLtm;THFtm,0,2,28,25
CHLtm;TXA2tr,0,1,28,26
CHLtm;TXB2c,0,1,28,26
CHLtm;TXB2r,0,1,28,26
CHLtm;TXB2tr,0,1,28,26
CHLtm;UDPGD,1,0,27,27
CHLtm;UDPGLCAter,1,0,27,27
CHLtm;UPP3S,1,0,27,27
CHLtm;UPPDC1,1,0,27,27
CHOLD2m;ACITLn,0,1,28,26
CHOLD2m;ADPtn,0,1,28,26
CHOLD2m;ARTFR52,5,0,23,27
CHOLD2m;CHOLtn,0,1,28,26
CHOLD2m;CITRt2m,1,1,27,26
CHOLD2m;CITRtm,1,1,27,26
CHOLD2m;CITtn,0,1,28,26
CHOLD2m;CO2t,0,1,28,26
CHOLD2m;CO2tm,0,1,28,26
CHOLD2m;COt,1,0,27,27
CHOLD2m;CPPPGO,1,0,27,27
CHOLD2m;CSm,0,1,28,26
CHOLD2m;DHFR,1,1,27,26
CHOLD2m;DHFRm,0,1,28,26
CHOLD2m;DHFtm,0,1,28,26
CHOLD2m;FAE180,1,0,27,27
CHOLD2m;FAE200,5,0,23,27
CHOLD2m;FAE220,5,0,23,27
CHOLD2m;FAE240,5,0,23,27
CHOLD2m;FAE260,5,0,23,27
CHOLD2m;FCLTm,1,0,27,27
CHOLD2m;FE2tm,1,0,27,27
CHOLD2m;GALU,0,1,28,26
CHOLD2m;GLXtm,0,1,28,26
CHOLD2m;GLXtp,0,1,28,26
CHOLD2m;GLYC3Ptm,1,0,27,27
CHOLD2m;GLYCLTDym,0,1,28,26
CHOLD2m;GLYCLTtm,0,1,28,26
CHOLD2m;GLYCLTtp,0,1,28,26
CHOLD2m;GLYCTO1p,0,1,28,26
CHOLD2m;GLYt4,0,1,28,26
CHOLD2m;GTPGDPtm,1,0,27,27
CHOLD2m;H2Oter,0,1,28,26
CHOLD2m;HACD180,1,0,27,27
CHOLD2m;HACD200,5,0,23,27
CHOLD2m;HACD220,5,0,23,27
CHOLD2m;HACD240,5,0,23,27
CHOLD2m;HACD260,5,0,23,27
CHOLD2m;HCO3E,0,2,28,25
CHOLD2m;HEXCCOAtr,5,0,23,27
CHOLD2m;HMBS,1,0,27,27
CHOLD2m;HMGLm,0,1,28,26
CHOLD2m;HOXG,1,0,27,27
CHOLD2m;HSD180,1,0,27,27
CHOLD2m;HSD200,5,0,23,27
CHOLD2m;HSD220,5,0,23,27
CHOLD2m;HSD240,5,0,23,27
CHOLD2m;HSD260,5,0,23,27
CHOLD2m;HSD3B11,0,1,28,26
CHOLD2m;Htr,1,1,27,26
CHOLD2m;ICDHyrm,0,1,28,26
CHOLD2m;ICITCITtm,0,1,28,26
CHOLD2m;ICITMALtm,0,1,28,26
CHOLD2m;LDH_L,0,1,28,26
CHOLD2m;MDH,0,1,28,26
CHOLD2m;MDHm,0,1,28,26
CHOLD2m;NADH2_u10m,0,1,28,26
CHOLD2m;NDPK1,1,0,27,27
CHOLD2m;NTD7,1,0,27,27
CHOLD2m;O2tm,0,1,28,26
CHOLD2m;OAAtn,0,1,28,26
CHOLD2m;P45011A1m,0,1,28,26
CHOLD2m;PGMT,0,1,28,26
CHOLD2m;PHEMEtm,1,0,27,27
CHOLD2m;PIMALtm,1,0,27,27
CHOLD2m;PIt9,0,1,28,26
CHOLD2m;PIter,0,1,28,26
CHOLD2m;PItn,0,1,28,26
CHOLD2m;PPBNGS,1,0,27,27
CHOLD2m;PPPG9tm,1,0,27,27
CHOLD2m;PPPGOm,1,0,27,27
CHOLD2m;PRGNLONEtm,0,1,28,26
CHOLD2m;PRGSTRNt,0,1,28,26
CHOLD2m;PROAKGOX1m,1,0,27,27
CHOLD2m;PROtm,2,0,26,27
CHOLD2m;R5Ptr,0,1,28,26
CHOLD2m;RADH3,0,1,28,26
CHOLD2m;RADH4,0,1,28,26
CHOLD2m;RPIr,0,1,28,26
CHOLD2m;RTOT5,5,0,23,27
CHOLD2m;RU5Ptr,0,1,28,26
CHOLD2m;SO4AKGtm,1,0,27,27
CHOLD2m;SO4MALtm,1,0,27,27
CHOLD2m;SUCOAS1m,1,0,27,27
CHOLD2m;TECR180,1,0,27,27
CHOLD2m;TECR200,5,0,23,27
CHOLD2m;TECR220,5,0,23,27
CHOLD2m;TECR240,5,0,23,27
CHOLD2m;TECR260,5,0,23,27
CHOLD2m;THFtm,0,2,28,25
CHOLD2m;TXA2tr,0,1,28,26
CHOLD2m;TXB2c,0,1,28,26
CHOLD2m;TXB2r,0,1,28,26
CHOLD2m;TXB2tr,0,1,28,26
CHOLD2m;UDPGD,1,0,27,27
CHOLD2m;UDPGLCAter,1,0,27,27
CHOLD2m;UPP3S,1,0,27,27
CHOLD2m;UPPDC1,1,0,27,27
CHOLPtl;DPCOAK,2,0,26,27
CHOLPtl;H2O2t,1,0,27,27
CHOLPtl;PIt9,1,0,27,27
CHOLPtl;PNTK,2,0,26,27
CHOLPtl;PNTOte,2,0,26,27
CHOLPtl;PPCDC,2,0,26,27
CHOLPtl;PPNCL2,2,0,26,27
CHOLPtl;PTPAT,2,0,26,27
CHOLt4;CHOLtu,1,0,27,27
CHOLtn;CLHCO3tex2,1,0,27,27
CHOLtn;CLHCOtex,1,0,27,27
CHOLtn;CMPACNAtg,0,1,28,26
CHOLtn;CMPSAS,0,1,28,26
CHOLtn;CO2tm,0,1,28,26
CHOLtn;CORE6GTg,0,1,28,26
CHOLtn;COt,1,0,27,27
CHOLtn;CPPPGO,1,0,27,27
CHOLtn;DHFR,2,0,26,27
CHOLtn;DHFR3m,1,0,27,27
CHOLtn;DHFR3x,1,0,27,27
CHOLtn;DHFRx,1,0,27,27
CHOLtn;DHFtm,1,0,27,27
CHOLtn;DMGDHm,0,1,28,26
CHOLtn;DMGtm,0,1,28,26
CHOLtn;F1Atg,0,1,28,26
CHOLtn;FALDtm,0,1,28,26
CHOLtn;FALDtx,0,1,28,26
CHOLtn;FCLTm,1,0,27,27
CHOLtn;FE2tm,1,0,27,27
CHOLtn;FOLtm,1,0,27,27
CHOLtn;FUCACNGALACGLCGALGLUSIDEte,0,1,28,26
CHOLtn;FUCACNGALACGLCGALGLUSIDEtg,0,1,28,26
CHOLtn;FUT32g,0,1,28,26
CHOLtn;GAL3ST11,0,1,28,26
CHOLtn;GALASE19ly,0,1,28,26
CHOLtn;GALGLUSIDEtg,0,1,28,26
CHOLtn;GALGLUSIDEtr,0,1,28,26
CHOLtn;GALNTg,0,1,28,26
CHOLtn;GALSIDEtg,0,1,28,26
CHOLtn;GALSIDEtl,0,1,28,26
CHOLtn;GALU,0,1,28,26
CHOLtn;GALtly,0,1,28,26
CHOLtn;GDPFUCtg,0,1,28,26
CHOLtn;GDPtg,0,1,28,26
CHOLtn;GF6PTA,0,1,28,26
CHOLtn;GFUCS,0,1,28,26
CHOLtn;GHMT2rm,0,1,28,26
CHOLtn;GLUDC,2,0,26,27
CHOLtn;GLUDxm,0,1,28,26
CHOLtn;GLUt2m,0,1,28,26
CHOLtn;GLYBtm,0,1,28,26
CHOLtn;GLYtm,0,1,28,26
CHOLtn;GLYtp,0,1,28,26
CHOLtn;GMAND,0,1,28,26
CHOLtn;GMPtg,0,1,28,26
CHOLtn;GTPGDPtm,1,0,27,27
CHOLtn;H2O2tp,0,1,28,26
CHOLtn;H2Otg,0,1,28,26
CHOLtn;H2Otly,0,1,28,26
CHOLtn;H2Otp,0,1,28,26
CHOLtn;H3K9MET_1,0,1,28,26
CHOLtn;H3K9MET_2,0,1,28,26
CHOLtn;H3K9MET_3,0,1,28,26
CHOLtn;H3K9_synthesis,0,1,28,26
CHOLtn;HCO3Ee,2,0,26,27
CHOLtn;HCO3_CLt,1,0,27,27
CHOLtn;HMBS,1,0,27,27
CHOLtn;HOXG,1,0,27,27
CHOLtn;Htg,0,1,28,26
CHOLtn;IDHPOXOX2b,0,1,28,26
CHOLtn;IDHPOXOX4,0,1,28,26
CHOLtn;IDHPOXOXb,0,1,28,26
CHOLtn;KCCt,0,1,28,26
CHOLtn;LDH_L,0,1,28,26
CHOLtn;LYStn,0,1,28,26
CHOLtn;MAL_Lte,2,3,26,24
CHOLtn;MAN1PT2,0,1,28,26
CHOLtn;MAN6PI,0,1,28,26
CHOLtn;MDH,0,1,28,26
CHOLtn;MEOHt2,0,1,28,26
CHOLtn;METAT,0,1,28,26
CHOLtn;MTHFCm,0,1,28,26
CHOLtn;MTHFDm,0,1,28,26
CHOLtn;N4Tg,0,1,28,26
CHOLtn;NAGA2ly,0,1,28,26
CHOLtn;NAGLCAly,0,1,28,26
CHOLtn;NAIt,0,1,28,26
CHOLtn;NCKt,0,1,28,26
CHOLtn;NCNt,0,1,28,26
CHOLtn;NDP7er,1,1,27,26
CHOLtn;NDP7g,0,1,28,26
CHOLtn;NH4tm,0,1,28,26
CHOLtn;NQO2,0,1,28,26
CHOLtn;O2tp,0,1,28,26
CHOLtn;PAPStg,0,1,28,26
CHOLtn;PAPtg,0,1,28,26
CHOLtn;PGMT,0,1,28,26
CHOLtn;PHEMEtm,1,0,27,27
CHOLtn;PHEOX,0,1,28,26
CHOLtn;PHETA1,0,1,28,26
CHOLtn;PIMALtm,1,0,27,27
CHOLtn;PIt2m_2,2,1,26,26
CHOLtn;PIter,0,1,28,26
CHOLtn;PItg,0,1,28,26
CHOLtn;PMANM,0,1,28,26
CHOLtn;PPBNGS,1,0,27,27
CHOLtn;PPPG9tm,1,0,27,27
CHOLtn;PPPGOm,1,0,27,27
CHOLtn;PROGLUtm,1,1,27,26
CHOLtn;PROtm,1,0,27,27
CHOLtn;PYRtm,1,0,27,27
CHOLtn;SADT,0,1,28,26
CHOLtn;SARCOXp,0,1,28,26
CHOLtn;SARCStm,0,1,28,26
CHOLtn;SARCStp,0,1,28,26
CHOLtn;SERTm,0,1,28,26
CHOLtn;SGALSIDEtg,0,1,28,26
CHOLtn;SGALSIDEtl,0,1,28,26
CHOLtn;SO3AKGtm,1,0,27,27
CHOLtn;SO3MALtm,1,0,27,27
CHOLtn;SO4HCOtex,0,1,28,26
CHOLtn;SO4tl,0,1,28,26
CHOLtn;SSALym,1,0,27,27
CHOLtn;ST3GAL31g,0,1,28,26
CHOLtn;SUCCICITtm,1,0,27,27
CHOLtn;SUCOAS1m,1,0,27,27
CHOLtn;Ser/Thrtg,0,1,28,26
CHOLtn;THFtm,2,0,26,27
CHOLtn;THRA,4,4,24,23
CHOLtn;THYPX,0,1,28,26
CHOLtn;THYST,0,1,28,26
CHOLtn;UAGDP,0,1,28,26
CHOLtn;UDPACGALtl,0,1,28,26
CHOLtn;UDPG4E,0,1,28,26
CHOLtn;UDPGALt2r,0,1,28,26
CHOLtn;UDPGALtg,0,1,28,26
CHOLtn;UDPGGPGTr,0,1,28,26
CHOLtn;UDPGLCAter,1,0,27,27
CHOLtn;UDPtl,0,1,28,26
CHOLtn;UGALNACtg,0,1,28,26
CHOLtn;UGCGc,0,1,28,26
CHOLtn;UGLCNACtg,0,1,28,26
CHOLtn;UMPtr,0,1,28,26
CHOLtn;UPP3S,1,0,27,27
CHOLtn;UPPDC1,1,0,27,27
CHOLtn;peplys_synthesis,0,1,28,26
CHOLtn;q10h2tc,0,1,28,26
CHOLtn;q10tm,0,1,28,26
CITACONtm;COt,1,0,27,27
CITACONtm;CPPPGO,1,0,27,27
CITACONtm;FCLTm,1,0,27,27
CITACONtm;FE2tm,1,0,27,27
CITACONtm;GLCt1r,1,0,27,27
CITACONtm;HCO3Ee,1,0,27,27
CITACONtm;HMBS,1,0,27,27
CITACONtm;HOXG,1,0,27,27
CITACONtm;NDP7er,1,0,27,27
CITACONtm;PHEMEtm,1,0,27,27
CITACONtm;PIGTHRDLtm,1,0,27,27
CITACONtm;PPBNGS,1,0,27,27
CITACONtm;PPPG9tm,1,0,27,27
CITACONtm;PPPGOm,1,0,27,27
CITACONtm;PROAKGOX1m,1,0,27,27
CITACONtm;PROtm,1,0,27,27
CITACONtm;SUCOAS1m,1,0,27,27
CITACONtm;UDPGD,1,0,27,27
CITACONtm;UDPGLCAter,1,0,27,27
CITACONtm;UMPK5,1,0,27,27
CITACONtm;UPP3S,1,0,27,27
CITACONtm;UPPDC1,1,0,27,27
CITMCOAHm;ARTFR41,0,1,28,26
CITMCOAHm;CO2tm,0,1,28,26
CITMCOAHm;COAtr,0,1,28,26
CITMCOAHm;CRNtim,1,0,27,27
CITMCOAHm;CSNATm,1,0,27,27
CITMCOAHm;CSNATr,1,0,27,27
CITMCOAHm;DESAT16_1,0,1,28,26
CITMCOAHm;DHFRm,0,1,28,26
CITMCOAHm;DHFtm,0,1,28,26
CITMCOAHm;FUMMALtm,0,1,28,26
CITMCOAHm;FUMm,0,1,28,26
CITMCOAHm;G5SADm,0,1,28,26
CITMCOAHm;G5SADr,0,1,28,26
CITMCOAHm;GLU5SAtmc,0,1,28,26
CITMCOAHm;GLUDC,0,1,28,26
CITMCOAHm;GLYATm,0,1,28,26
CITMCOAHm;GLYC3Ptmc,0,1,28,26
CITMCOAHm;GLYCtm,0,1,28,26
CITMCOAHm;GLYKm,0,1,28,26
CITMCOAHm;GLYtm,0,1,28,26
CITMCOAHm;H2O2tp,0,1,28,26
CITMCOAHm;MAL_Lte,0,3,28,24
CITMCOAHm;METOX,0,1,28,26
CITMCOAHm;O2tp,0,1,28,26
CITMCOAHm;P5CRxm,0,2,28,25
CITMCOAHm;PGLYCH,0,1,28,26
CITMCOAHm;PIt2m_2,0,1,28,26
CITMCOAHm;PLMCOAPTr,0,1,28,26
CITMCOAHm;PMTCOAFABP1tc,0,1,28,26
CITMCOAHm;PRO1x,0,1,28,26
CITMCOAHm;PROD2m,0,1,28,26
CITMCOAHm;PYRAKGte,0,1,28,26
CITMCOAHm;PYRt2m,1,2,27,25
CITMCOAHm;RTOT4,0,1,28,26
CITMCOAHm;THR3Dx,0,1,28,26
CITMCOAHm;THRA,0,1,28,26
CITMCOAHm;UNK3,0,1,28,26
CITMCOALm;ARTFR41,0,1,28,26
CITMCOALm;CO2tm,0,1,28,26
CITMCOALm;COAtr,0,1,28,26
CITMCOALm;CRNtim,1,0,27,27
CITMCOALm;CSNATm,1,0,27,27
CITMCOALm;CSNATr,1,0,27,27
CITMCOALm;DESAT16_1,0,1,28,26
CITMCOALm;DHFRm,0,1,28,26
CITMCOALm;DHFtm,0,1,28,26
CITMCOALm;FUMMALtm,0,1,28,26
CITMCOALm;FUMm,0,1,28,26
CITMCOALm;G5SADm,0,1,28,26
CITMCOALm;G5SADr,0,1,28,26
CITMCOALm;GLU5SAtmc,0,1,28,26
CITMCOALm;GLUDC,0,1,28,26
CITMCOALm;GLYATm,0,1,28,26
CITMCOALm;GLYC3Ptmc,0,1,28,26
CITMCOALm;GLYCtm,0,1,28,26
CITMCOALm;GLYKm,0,1,28,26
CITMCOALm;GLYtm,0,1,28,26
CITMCOALm;H2O2tp,0,1,28,26
CITMCOALm;MAL_Lte,0,3,28,24
CITMCOALm;METOX,0,1,28,26
CITMCOALm;O2tp,0,1,28,26
CITMCOALm;P5CRxm,0,2,28,25
CITMCOALm;PGLYCH,0,1,28,26
CITMCOALm;PIt2m_2,0,1,28,26
CITMCOALm;PLMCOAPTr,0,1,28,26
CITMCOALm;PMTCOAFABP1tc,0,1,28,26
CITMCOALm;PRO1x,0,1,28,26
CITMCOALm;PROD2m,0,1,28,26
CITMCOALm;PYRAKGte,0,1,28,26
CITMCOALm;PYRt2m,1,2,27,25
CITMCOALm;RTOT4,0,1,28,26
CITMCOALm;THR3Dx,0,1,28,26
CITMCOALm;THRA,0,1,28,26
CITMCOALm;UNK3,0,1,28,26
CITRt2m;ARTFR41,0,1,28,26
CITRt2m;CMPACNAtg,0,1,28,26
CITRt2m;CMPSAS,0,1,28,26
CITRt2m;CO2t,0,1,28,26
CITRt2m;CO2tm,3,3,25,24
CITRt2m;COAtr,0,1,28,26
CITRt2m;COt,1,1,27,26
CITRt2m;CPPPGO,1,1,27,26
CITRt2m;DESAT16_1,0,1,28,26
CITRt2m;DHFR,1,0,27,27
CITRt2m;DHFRm,1,0,27,27
CITRt2m;DHFtm,1,0,27,27
CITRt2m;DMGDHm,1,1,27,26
CITRt2m;DMGtm,1,1,27,26
CITRt2m;DOLASNTer,0,1,28,26
CITRt2m;DOLDPPer,0,1,28,26
CITRt2m;DOLGLCP_ter,0,1,28,26
CITRt2m;DOLMANP_ter,0,1,28,26
CITRt2m;DOLPGT1er,0,1,28,26
CITRt2m;DOLPGT2er,0,1,28,26
CITRt2m;DOLPGT3er,0,1,28,26
CITRt2m;DOLPMT,0,1,28,26
CITRt2m;DOLPMT1er,0,1,28,26
CITRt2m;DOLPMT2_er,0,1,28,26
CITRt2m;DOLPMT3er,0,1,28,26
CITRt2m;DOLPMT4_er,0,1,28,26
CITRt2m;DOLP_ter,0,1,28,26
CITRt2m;F6Tg,0,1,28,26
CITRt2m;FADFADH2tm,0,1,28,26
CITRt2m;FADH2ETC,1,1,27,26
CITRt2m;FALDtm,1,1,27,26
CITRt2m;FALDtx,1,1,27,26
CITRt2m;FCLTm,1,1,27,26
CITRt2m;FE2tm,1,3,27,24
CITRt2m;FE3tm,0,1,28,26
CITRt2m;FECR,0,1,28,26
CITRt2m;FTMTm,0,1,28,26
CITRt2m;FUMMALtm,0,1,28,26
CITRt2m;FUMm,0,1,28,26
CITRt2m;G12MT1,0,1,28,26
CITRt2m;G12MT2,0,1,28,26
CITRt2m;G13MT,0,1,28,26
CITRt2m;G14T10g,0,1,28,26
CITRt2m;G14T11g,0,1,28,26
CITRt2m;G14T12g,0,1,28,26
CITRt2m;G14T13g,0,1,28,26
CITRt2m;G14T14g,0,1,28,26
CITRt2m;G14T15g,0,1,28,26
CITRt2m;G14T16g,0,1,28,26
CITRt2m;G14T17g,0,1,28,26
CITRt2m;G14T6g,0,1,28,26
CITRt2m;G14T7g,0,1,28,26
CITRt2m;G14T8g,0,1,28,26
CITRt2m;G14T9g,0,1,28,26
CITRt2m;G14Tg,0,1,28,26
CITRt2m;G16MT,0,1,28,26
CITRt2m;GALASE17ly,0,1,28,26
CITRt2m;GALASE18ly,0,1,28,26
CITRt2m;GALASE19ly,0,1,28,26
CITRt2m;GALNTg,0,1,28,26
CITRt2m;GALtly,0,1,28,26
CITRt2m;GDPFUCtg,0,1,28,26
CITRt2m;GDPtg,0,1,28,26
CITRt2m;GFUCSx,0,1,28,26
CITRt2m;GLACter,0,1,28,26
CITRt2m;GLCNACPT,0,1,28,26
CITRt2m;GLCNACT,0,1,28,26
CITRt2m;GLCURter,0,1,28,26
CITRt2m;GLCURtly,0,1,28,26
CITRt2m;GLCter,0,1,28,26
CITRt2m;GLRASE,0,1,28,26
CITRt2m;GLUDC,1,0,27,27
CITRt2m;GLUDym,1,0,27,27
CITRt2m;GLYBtm,1,1,27,26
CITRt2m;GLYtp,1,1,27,26
CITRt2m;GMAND,0,1,28,26
CITRt2m;GMPtg,0,1,28,26
CITRt2m;GTPGDPtm,1,1,27,26
CITRt2m;GULLACter,0,1,28,26
CITRt2m;GULOer,0,1,28,26
CITRt2m;H2O2ter,0,1,28,26
CITRt2m;H2O2tp,0,1,28,26
CITRt2m;H2Otly,0,1,28,26
CITRt2m;H2Otp,0,1,28,26
CITRt2m;H3K4MET_1,0,1,28,26
CITRt2m;H3K4MET_2,0,1,28,26
CITRt2m;H3K4MET_3,0,1,28,26
CITRt2m;H3K4_synthesis,0,1,28,26
CITRt2m;HAS1,0,1,28,26
CITRt2m;HAS2,0,1,28,26
CITRt2m;HAtly,0,1,28,26
CITRt2m;HCO3E,2,0,26,27
CITRt2m;HCO3Ee,2,1,26,26
CITRt2m;HCO3Em,1,2,27,25
CITRt2m;HCO3tm,1,2,27,25
CITRt2m;HEX16,0,1,28,26
CITRt2m;HMBS,1,1,27,26
CITRt2m;HMGL,1,1,27,26
CITRt2m;HOXG,1,1,27,26
CITRt2m;HYAL,0,1,28,26
CITRt2m;Htr,0,2,28,25
CITRt2m;ICITACONtm,1,0,27,27
CITRt2m;IDHPOXOX2b,0,1,28,26
CITRt2m;IDHPOXOX4,0,1,28,26
CITRt2m;IDHPOXOXb,0,1,28,26
CITRt2m;KCC2t,0,1,28,26
CITRt2m;KSIt,0,1,28,26
CITRt2m;LDH_L,0,1,28,26
CITRt2m;LYStn,0,1,28,26
CITRt2m;L_LACt2r,0,1,28,26
CITRt2m;M1316Mg,0,1,28,26
CITRt2m;M13N2Tg,0,1,28,26
CITRt2m;M16NTg,0,1,28,26
CITRt2m;M4MPDOL_ter,0,1,28,26
CITRt2m;M8MASNterg,0,1,28,26
CITRt2m;MANtg,0,1,28,26
CITRt2m;METAT,1,1,27,26
CITRt2m;MG1er,0,1,28,26
CITRt2m;MG2er,0,1,28,26
CITRt2m;MG3er,0,1,28,26
CITRt2m;MM5ag,0,1,28,26
CITRt2m;MM6bg,0,1,28,26
CITRt2m;MM7Cag,0,1,28,26
CITRt2m;MM8Ag,0,1,28,26
CITRt2m;NACHEX24ly,0,1,28,26
CITRt2m;NACHEX25ly,0,1,28,26
CITRt2m;NADH2_u10m,0,1,28,26
CITRt2m;NAGA2ly,0,1,28,26
CITRt2m;NAGLCAly,0,1,28,26
CITRt2m;NAIt,0,1,28,26
CITRt2m;NDP7er,1,1,27,26
CITRt2m;NH4tm,1,1,27,26
CITRt2m;NMNS,2,1,26,26
CITRt2m;NQO2,0,1,28,26
CITRt2m;O2tm,0,1,28,26
CITRt2m;O2tp,1,1,27,26
CITRt2m;OCOAT1m,0,1,28,26
CITRt2m;ORNt3m,0,1,28,26
CITRt2m;ORNtiDF,0,1,28,26
CITRt2m;PAPStg,0,1,28,26
CITRt2m;PAPtg,0,1,28,26
CITRt2m;PHEMEtm,1,1,27,26
CITRt2m;PIMALtm,0,2,28,25
CITRt2m;PLMCOAPTr,0,1,28,26
CITRt2m;PMTCOAFABP1tc,0,1,28,26
CITRt2m;PPA,0,1,28,26
CITRt2m;PPBNGS,1,1,27,26
CITRt2m;PPItm,0,1,28,26
CITRt2m;PPPG9tm,1,1,27,26
CITRt2m;PPPGOm,1,1,27,26
CITRt2m;PROD2,0,1,28,26
CITRt2m;PUNP1,0,1,28,26
CITRt2m;RTOT4,0,1,28,26
CITRt2m;S23T3g,0,1,28,26
CITRt2m;S6T10g,0,1,28,26
CITRt2m;S6T11g,0,1,28,26
CITRt2m;S6T12g,0,1,28,26
CITRt2m;S6T13g,0,1,28,26
CITRt2m;S6T14g,0,1,28,26
CITRt2m;S6T15g,0,1,28,26
CITRt2m;S6T4g,0,1,28,26
CITRt2m;S6T5g,0,1,28,26
CITRt2m;S6T6g,0,1,28,26
CITRt2m;S6T7g,0,1,28,26
CITRt2m;S6T8g,0,1,28,26
CITRt2m;S6T9g,0,1,28,26
CITRt2m;S6TASE24ly,0,1,28,26
CITRt2m;SADT,0,2,28,25
CITRt2m;SARCOXp,1,1,27,26
CITRt2m;SARCStm,1,1,27,26
CITRt2m;SARCStp,1,1,27,26
CITRt2m;SO3AKGtm,0,1,28,26
CITRt2m;SO3MALtm,0,1,28,26
CITRt2m;SO4AKGtm,0,1,28,26
CITRt2m;SO4CLtex2,0,1,28,26
CITRt2m;SO4MALtm,0,1,28,26
CITRt2m;SO4t4_3,0,1,28,26
CITRt2m;SO4tl,0,1,28,26
CITRt2m;SSALym,1,0,27,27
CITRt2m;SUCOAS1m,1,1,27,26
CITRt2m;Ser/Thrtg,0,1,28,26
CITRt2m;THFtm,1,0,27,27
CITRt2m;THYPX,0,1,28,26
CITRt2m;THYST,0,1,28,26
CITRt2m;UDPACGALtl,0,1,28,26
CITRt2m;UDPDOLPT,0,1,28,26
CITRt2m;UDPG4E,0,1,28,26
CITRt2m;UDPGALtg,0,1,28,26
CITRt2m;UDPGD,0,1,28,26
CITRt2m;UDPGLCAter,1,1,27,26
CITRt2m;UDPtl,0,1,28,26
CITRt2m;UGALNACtg,0,1,28,26
CITRt2m;UGT1A2r,0,1,28,26
CITRt2m;UPP3S,1,1,27,26
CITRt2m;UPPDC1,1,1,27,26
CITRt2m;UROLACer,0,1,28,26
CITRt2m;peplys_synthesis,0,1,28,26
CITRt2m;q10h2tc,0,1,28,26
CITRt2m;q10tm,0,1,28,26
CITRte;DHPR,1,0,27,27
CITRte;ENO,1,0,27,27
CITRte;GAPD,1,0,27,27
CITRte;GLCt1r,1,0,27,27
CITRte;GLUDym,1,0,27,27
CITRte;HCO3E,1,0,27,27
CITRte;HCO3Ee,1,0,27,27
CITRte;HCO3Em,1,0,27,27
CITRte;HCO3tm,1,0,27,27
CITRte;NAt5,2,0,26,27
CITRte;NH4tm,1,1,27,26
CITRte;ORNt3m,0,1,28,26
CITRte;ORNtiDF,0,1,28,26
CITRte;PGK,1,0,27,27
CITRte;PGM,1,0,27,27
CITRte;PIt2m_2,2,0,26,27
CITRte;PPAm,0,1,28,26
CITRte;PPItm,0,1,28,26
CITRte;THBPT4ACAMDASE,1,0,27,27
CITRtm;ARTFR41,0,1,28,26
CITRtm;CMPACNAtg,0,1,28,26
CITRtm;CMPSAS,0,1,28,26
CITRtm;CO2t,0,1,28,26
CITRtm;CO2tm,2,3,26,24
CITRtm;COAtr,0,1,28,26
CITRtm;COt,1,1,27,26
CITRtm;CPPPGO,1,1,27,26
CITRtm;DESAT16_1,0,1,28,26
CITRtm;DHFR,1,0,27,27
CITRtm;DHFRm,1,0,27,27
CITRtm;DHFtm,1,0,27,27
CITRtm;DMGDHm,1,1,27,26
CITRtm;DMGtm,1,1,27,26
CITRtm;DOLASNTer,0,1,28,26
CITRtm;DOLDPPer,0,1,28,26
CITRtm;DOLGLCP_ter,0,1,28,26
CITRtm;DOLMANP_ter,0,1,28,26
CITRtm;DOLPGT1er,0,1,28,26
CITRtm;DOLPGT2er,0,1,28,26
CITRtm;DOLPGT3er,0,1,28,26
CITRtm;DOLPMT,0,1,28,26
CITRtm;DOLPMT1er,0,1,28,26
CITRtm;DOLPMT2_er,0,1,28,26
CITRtm;DOLPMT3er,0,1,28,26
CITRtm;DOLPMT4_er,0,1,28,26
CITRtm;DOLP_ter,0,1,28,26
CITRtm;F6Tg,0,1,28,26
CITRtm;FADFADH2tm,0,1,28,26
CITRtm;FADH2ETC,1,1,27,26
CITRtm;FALDtm,1,1,27,26
CITRtm;FALDtx,1,1,27,26
CITRtm;FCLTm,1,1,27,26
CITRtm;FE2tm,1,3,27,24
CITRtm;FE3tm,0,1,28,26
CITRtm;FECR,0,1,28,26
CITRtm;FTMTm,0,1,28,26
CITRtm;FUMMALtm,0,1,28,26
CITRtm;FUMm,0,1,28,26
CITRtm;G12MT1,0,1,28,26
CITRtm;G12MT2,0,1,28,26
CITRtm;G13MT,0,1,28,26
CITRtm;G14T10g,0,1,28,26
CITRtm;G14T11g,0,1,28,26
CITRtm;G14T12g,0,1,28,26
CITRtm;G14T13g,0,1,28,26
CITRtm;G14T14g,0,1,28,26
CITRtm;G14T15g,0,1,28,26
CITRtm;G14T16g,0,1,28,26
CITRtm;G14T17g,0,1,28,26
CITRtm;G14T6g,0,1,28,26
CITRtm;G14T7g,0,1,28,26
CITRtm;G14T8g,0,1,28,26
CITRtm;G14T9g,0,1,28,26
CITRtm;G14Tg,0,1,28,26
CITRtm;G16MT,0,1,28,26
CITRtm;GALASE17ly,0,1,28,26
CITRtm;GALASE18ly,0,1,28,26
CITRtm;GALASE19ly,0,1,28,26
CITRtm;GALNTg,0,1,28,26
CITRtm;GALtly,0,1,28,26
CITRtm;GDPFUCtg,0,1,28,26
CITRtm;GDPtg,0,1,28,26
CITRtm;GFUCSx,0,1,28,26
CITRtm;GLACter,0,1,28,26
CITRtm;GLCNACPT,0,1,28,26
CITRtm;GLCNACT,0,1,28,26
CITRtm;GLCURter,0,1,28,26
CITRtm;GLCURtly,0,1,28,26
CITRtm;GLCter,0,1,28,26
CITRtm;GLRASE,0,1,28,26
CITRtm;GLUDC,1,0,27,27
CITRtm;GLUDym,1,0,27,27
CITRtm;GLYBtm,1,1,27,26
CITRtm;GLYtp,1,1,27,26
CITRtm;GMAND,0,1,28,26
CITRtm;GMPtg,0,1,28,26
CITRtm;GTPGDPtm,1,1,27,26
CITRtm;GULLACter,0,1,28,26
CITRtm;GULOer,0,1,28,26
CITRtm;H2O2ter,0,1,28,26
CITRtm;H2O2tp,0,1,28,26
CITRtm;H2Otly,0,1,28,26
CITRtm;H2Otp,0,1,28,26
CITRtm;H3K4MET_1,0,1,28,26
CITRtm;H3K4MET_2,0,1,28,26
CITRtm;H3K4MET_3,0,1,28,26
CITRtm;H3K4_synthesis,0,1,28,26
CITRtm;HAS1,0,1,28,26
CITRtm;HAS2,0,1,28,26
CITRtm;HAtly,0,1,28,26
CITRtm;HCO3E,1,0,27,27
CITRtm;HCO3Ee,1,1,27,26
CITRtm;HCO3Em,2,2,26,25
CITRtm;HCO3tm,2,2,26,25
CITRtm;HEX16,0,1,28,26
CITRtm;HMBS,1,1,27,26
CITRtm;HMGL,1,1,27,26
CITRtm;HOXG,1,1,27,26
CITRtm;HYAL,0,1,28,26
CITRtm;Htr,0,2,28,25
CITRtm;ICITACONtm,1,0,27,27
CITRtm;IDHPOXOX2b,0,1,28,26
CITRtm;IDHPOXOX4,0,1,28,26
CITRtm;IDHPOXOXb,0,1,28,26
CITRtm;KCC2t,0,1,28,26
CITRtm;KSIt,0,1,28,26
CITRtm;LDH_L,0,1,28,26
CITRtm;LYStn,0,1,28,26
CITRtm;L_LACt2r,0,1,28,26
CITRtm;M1316Mg,0,1,28,26
CITRtm;M13N2Tg,0,1,28,26
CITRtm;M16NTg,0,1,28,26
CITRtm;M4MPDOL_ter,0,1,28,26
CITRtm;M8MASNterg,0,1,28,26
CITRtm;MANtg,0,1,28,26
CITRtm;METAT,1,1,27,26
CITRtm;MG1er,0,1,28,26
CITRtm;MG2er,0,1,28,26
CITRtm;MG3er,0,1,28,26
CITRtm;MM5ag,0,1,28,26
CITRtm;MM6bg,0,1,28,26
CITRtm;MM7Cag,0,1,28,26
CITRtm;MM8Ag,0,1,28,26
CITRtm;NACHEX24ly,0,1,28,26
CITRtm;NACHEX25ly,0,1,28,26
CITRtm;NADH2_u10m,0,1,28,26
CITRtm;NAGA2ly,0,1,28,26
CITRtm;NAGLCAly,0,1,28,26
CITRtm;NAIt,0,1,28,26
CITRtm;NAt5,1,0,27,27
CITRtm;NDP7er,1,1,27,26
CITRtm;NH4tm,1,1,27,26
CITRtm;NMNS,1,1,27,26
CITRtm;NQO2,0,1,28,26
CITRtm;O2tm,0,1,28,26
CITRtm;O2tp,1,1,27,26
CITRtm;OCOAT1m,0,1,28,26
CITRtm;ORNt3m,0,1,28,26
CITRtm;ORNtiDF,0,1,28,26
CITRtm;PAPStg,0,1,28,26
CITRtm;PAPtg,0,1,28,26
CITRtm;PHEMEtm,1,1,27,26
CITRtm;PIMALtm,0,2,28,25
CITRtm;PIt2m_2,1,0,27,27
CITRtm;PLMCOAPTr,0,1,28,26
CITRtm;PMTCOAFABP1tc,0,1,28,26
CITRtm;PPA,0,1,28,26
CITRtm;PPBNGS,1,1,27,26
CITRtm;PPItm,0,1,28,26
CITRtm;PPPG9tm,1,1,27,26
CITRtm;PPPGOm,1,1,27,26
CITRtm;PROD2,0,1,28,26
CITRtm;PUNP1,0,1,28,26
CITRtm;RTOT4,0,1,28,26
CITRtm;S23T3g,0,1,28,26
CITRtm;S6T10g,0,1,28,26
CITRtm;S6T11g,0,1,28,26
CITRtm;S6T12g,0,1,28,26
CITRtm;S6T13g,0,1,28,26
CITRtm;S6T14g,0,1,28,26
CITRtm;S6T15g,0,1,28,26
CITRtm;S6T4g,0,1,28,26
CITRtm;S6T5g,0,1,28,26
CITRtm;S6T6g,0,1,28,26
CITRtm;S6T7g,0,1,28,26
CITRtm;S6T8g,0,1,28,26
CITRtm;S6T9g,0,1,28,26
CITRtm;S6TASE24ly,0,1,28,26
CITRtm;SADT,0,2,28,25
CITRtm;SARCOXp,1,1,27,26
CITRtm;SARCStm,1,1,27,26
CITRtm;SARCStp,1,1,27,26
CITRtm;SO3AKGtm,0,1,28,26
CITRtm;SO3MALtm,0,1,28,26
CITRtm;SO4AKGtm,0,1,28,26
CITRtm;SO4CLtex2,0,1,28,26
CITRtm;SO4MALtm,0,1,28,26
CITRtm;SO4t4_3,0,1,28,26
CITRtm;SO4tl,0,1,28,26
CITRtm;SSALym,1,0,27,27
CITRtm;SUCOAS1m,1,1,27,26
CITRtm;Ser/Thrtg,0,1,28,26
CITRtm;THFtm,1,0,27,27
CITRtm;THYPX,0,1,28,26
CITRtm;THYST,0,1,28,26
CITRtm;UDPACGALtl,0,1,28,26
CITRtm;UDPDOLPT,0,1,28,26
CITRtm;UDPG4E,0,1,28,26
CITRtm;UDPGALtg,0,1,28,26
CITRtm;UDPGD,0,1,28,26
CITRtm;UDPGLCAter,1,1,27,26
CITRtm;UDPtl,0,1,28,26
CITRtm;UGALNACtg,0,1,28,26
CITRtm;UGT1A2r,0,1,28,26
CITRtm;UPP3S,1,1,27,26
CITRtm;UPPDC1,1,1,27,26
CITRtm;UROLACer,0,1,28,26
CITRtm;peplys_synthesis,0,1,28,26
CITRtm;q10h2tc,0,1,28,26
CITRtm;q10tm,0,1,28,26
CITSUCCtm;CLHCO3tex2,1,0,27,27
CITSUCCtm;CLHCOtex,2,0,26,27
CITSUCCtm;CO2t,1,0,27,27
CITSUCCtm;CO2tm,1,1,27,26
CITSUCCtm;CRNtim,1,0,27,27
CITSUCCtm;CSNATm,1,0,27,27
CITSUCCtm;CSNATr,1,0,27,27
CITSUCCtm;DHFR,3,0,25,27
CITSUCCtm;DHFR3m,1,0,27,27
CITSUCCtm;DHFR3x,1,0,27,27
CITSUCCtm;DHFRx,2,0,26,27
CITSUCCtm;DHFtm,2,0,26,27
CITSUCCtm;DURAD2,1,0,27,27
CITSUCCtm;DURAD2xm,1,0,27,27
CITSUCCtm;FOLtm,1,0,27,27
CITSUCCtm;FUMMALtm,0,1,28,26
CITSUCCtm;GLUDC,1,0,27,27
CITSUCCtm;GLUDym,0,1,28,26
CITSUCCtm;GLUt2m,0,1,28,26
CITSUCCtm;GTPGDPtm,0,1,28,26
CITSUCCtm;HCO3E,1,0,27,27
CITSUCCtm;HCO3Ee,2,0,26,27
CITSUCCtm;HCO3Em,1,0,27,27
CITSUCCtm;HCO3_CLt,1,0,27,27
CITSUCCtm;HCO3tm,1,0,27,27
CITSUCCtm;HMGL,0,1,28,26
CITSUCCtm;KCCt,0,1,28,26
CITSUCCtm;MAL_Lte,1,2,27,25
CITSUCCtm;OCOAT1m,0,1,28,26
CITSUCCtm;PIt2m_2,3,0,25,27
CITSUCCtm;PYRt2m,0,1,28,26
CITSUCCtm;PYRtm,1,0,27,27
CITSUCCtm;SUCOAS1m,0,1,28,26
CITSUCCtm;THFtm,3,0,25,27
CITSUCCtm;THRA,2,2,26,25
CITSUCCtm;THYMtm,1,0,27,27
CITtam;CYSDDS,1,0,27,27
CITtam;H2Stm,1,0,27,27
CITtam;MALTSULtm,1,0,27,27
CITtam;PRSDO,1,0,27,27
CITtam;SQOR2m,1,0,27,27
CITtam;SQORm,1,0,27,27
CITtam;THRA,1,0,27,27
CITtam;THRALANaEx,1,0,27,27
CITtam;TSCTS,1,0,27,27
CITtam;TSULt4_3,1,0,27,27
CITtbm;DURAD2,1,0,27,27
CITtbm;DURAD2xm,1,0,27,27
CITtbm;PEPICITtm,1,0,27,27
CITtbm;PIMALtm,1,0,27,27
CITtbm;SO4AKGtm,1,0,27,27
CITtbm;SO4MALtm,1,0,27,27
CITtbm;SUCCICITtm,1,0,27,27
CITtbm;THYMtm,1,0,27,27
CITte;CLHCOtex,1,0,27,27
CITte;CO2t,1,0,27,27
CITte;CO2tm,1,0,27,27
CITte;HCO3E,1,0,27,27
CITte;HCO3Em,1,0,27,27
CITte;HCO3tm,1,0,27,27
CITtn;H3K9MET_1,0,1,28,26
CITtn;H3K9MET_2,0,1,28,26
CITtn;H3K9MET_3,0,1,28,26
CITtn;H3K9_synthesis,0,1,28,26
CITtn;peplys_synthesis,0,1,28,26
CLCFTRte;CLHCO3tex2,0,1,28,26
CLCFTRte;H2Ot,0,1,28,26
CLCFTRte;KCCt,1,0,27,27
CLCFTRte;RNAdeg,0,1,28,26
CLCFTRte;TYRDOPO,0,1,28,26
CLFORtex2;DHCHOLOR,0,1,28,26
CLFORtex2;FADDPle,0,1,28,26
CLFORtex2;FADte,0,1,28,26
CLFORtex2;FMNALKPle,0,1,28,26
CLFORtex2;FMNAT,0,1,28,26
CLFORtex2;L_LACt2r,0,2,28,25
CLFORtex2;L_LACt4r_2,1,0,27,27
CLFORtex2;METDECARc,0,1,28,26
CLFORtex2;METTRANSc,0,1,28,26
CLFORtex2;NTD7e,0,1,28,26
CLFORtex2;PUNP1,0,1,28,26
CLFORtex2;PYRFORte,0,1,28,26
CLFORtex2;PYRLACte,0,1,28,26
CLFORtex2;R5Ptr,0,1,28,26
CLFORtex2;RBFK,0,1,28,26
CLFORtex2;RIBFLVt6,0,1,28,26
CLFORtex2;RPIr,0,1,28,26
CLFORtex2;RU5Ptr,0,1,28,26
CLHCO3tex2;ACITLn,1,0,27,27
CLHCO3tex2;ADPtn,1,0,27,27
CLHCO3tex2;CITtn,1,0,27,27
CLHCO3tex2;CO2tm,1,0,27,27
CLHCO3tex2;CSm,1,0,27,27
CLHCO3tex2;ICDHxrm,1,0,27,27
CLHCO3tex2;ICITMALtm,1,0,27,27
CLHCO3tex2;MDHm,1,0,27,27
CLHCO3tex2;OAAtn,1,0,27,27
CLHCO3tex2;OXALSUCCCLm,1,0,27,27
CLHCO3tex2;PE_HStm,1,0,27,27
CLHCO3tex2;PItn,1,0,27,27
CLHCO3tex2;PSDm_hs,1,0,27,27
CLHCO3tex2;PSFLIPm,1,0,27,27
CLHCO3tex2;PYRt4_2,1,0,27,27
CLHCO3tex2;R5Ptr,1,0,27,27
CLHCO3tex2;RPIr,1,0,27,27
CLHCO3tex2;RU5Ptr,1,0,27,27
CLHCO3tex2;TRIODTHYt,0,1,28,26
CLHCO3tex2;TRIODTHYt2,0,1,28,26
CLHCOtex;ACITLn,1,0,27,27
CLHCOtex;ADPtn,1,0,27,27
CLHCOtex;CITtn,1,0,27,27
CLHCOtex;FADDPle,1,0,27,27
CLHCOtex;FADte,1,0,27,27
CLHCOtex;FBA,1,0,27,27
CLHCOtex;FMNALKPle,1,0,27,27
CLHCOtex;FMNAT,1,0,27,27
CLHCOtex;GALU,1,0,27,27
CLHCOtex;GF6PTA,1,0,27,27
CLHCOtex;GLUGLUr,1,0,27,27
CLHCOtex;GLUGLUt,1,0,27,27
CLHCOtex;GLYt2r,1,0,27,27
CLHCOtex;H2O2syn,1,0,27,27
CLHCOtex;H2Oter,1,0,27,27
CLHCOtex;H2Otg,1,0,27,27
CLHCOtex;H3K4MET_1,1,0,27,27
CLHCOtex;H3K4MET_2,1,0,27,27
CLHCOtex;H3K4MET_3,1,0,27,27
CLHCOtex;H3K4_synthesis,1,0,27,27
CLHCOtex;Htg,1,0,27,27
CLHCOtex;Htr,1,0,27,27
CLHCOtex;ICDHyrm,2,0,26,27
CLHCOtex;LYStn,1,0,27,27
CLHCOtex;NAt,0,1,28,26
CLHCOtex;NAt5,1,0,27,27
CLHCOtex;NDP7g,1,0,27,27
CLHCOtex;OAAtn,1,0,27,27
CLHCOtex;OXALSUCCCLm,2,0,26,27
CLHCOtex;PFK,1,0,27,27
CLHCOtex;PGI,1,0,27,27
CLHCOtex;PGMT,1,0,27,27
CLHCOtex;PItg,1,0,27,27
CLHCOtex;PItn,1,0,27,27
CLHCOtex;RBFK,1,0,27,27
CLHCOtex;RIBFLVt6,1,0,27,27
CLHCOtex;SO4HCOtex,2,0,26,27
CLHCOtex;THRA,2,0,26,27
CLHCOtex;THRALANaEx,1,0,27,27
CLHCOtex;THRATB0tc,1,0,27,27
CLHCOtex;UAG4E,2,0,26,27
CLHCOtex;UAGDP,1,0,27,27
CLHCOtex;UGLCNACtg,1,0,27,27
CLHCOtex;peplys_synthesis,1,0,27,27
CLOXAtex2;GLYt2r,0,1,28,26
CMPACNAtg;ACITLn,0,1,28,26
CMPACNAtg;ADPtn,0,1,28,26
CMPACNAtg;CITtn,0,1,28,26
CMPACNAtg;CSm,0,1,28,26
CMPACNAtg;DASCBR,1,0,27,27
CMPACNAtg;DRPA,0,1,28,26
CMPACNAtg;GF6PTA,1,0,27,27
CMPACNAtg;GLCt1r,1,0,27,27
CMPACNAtg;GLYt4,2,0,26,27
CMPACNAtg;GPCCPDE,1,0,27,27
CMPACNAtg;HMGCOASim,0,1,28,26
CMPACNAtg;HMGLm,0,1,28,26
CMPACNAtg;ICITCITtm,0,1,28,26
CMPACNAtg;ICITMALtm,0,1,28,26
CMPACNAtg;LPASE,1,0,27,27
CMPACNAtg;MDHm,0,1,28,26
CMPACNAtg;NADH2_u10m,0,1,28,26
CMPACNAtg;NDP7er,0,1,28,26
CMPACNAtg;OAAtn,0,1,28,26
CMPACNAtg;PDHa,0,1,28,26
CMPACNAtg;PDHbr,0,1,28,26
CMPACNAtg;PItn,0,1,28,26
CMPACNAtg;PPM2,0,1,28,26
CMPACNAtg;PYRt2m,0,1,28,26
CMPACNAtg;R_group_phosphotase_1,1,0,27,27
CMPACNAtg;THRALANaEx,1,0,27,27
CMPACNAtg;UAG4E,0,1,28,26
CMPACNAtg;UMPK5,1,0,27,27
CMPSAS;ACITLn,0,1,28,26
CMPSAS;ADPtn,0,1,28,26
CMPSAS;CITtn,0,1,28,26
CMPSAS;CSm,0,1,28,26
CMPSAS;DASCBR,1,0,27,27
CMPSAS;DRPA,0,1,28,26
CMPSAS;GF6PTA,1,0,27,27
CMPSAS;GLCt1r,1,0,27,27
CMPSAS;GLYt4,2,0,26,27
CMPSAS;GPCCPDE,1,0,27,27
CMPSAS;HMGCOASim,0,1,28,26
CMPSAS;HMGLm,0,1,28,26
CMPSAS;ICITCITtm,0,1,28,26
CMPSAS;ICITMALtm,0,1,28,26
CMPSAS;LPASE,1,0,27,27
CMPSAS;MDHm,0,1,28,26
CMPSAS;NADH2_u10m,0,1,28,26
CMPSAS;NDP7er,0,1,28,26
CMPSAS;OAAtn,0,1,28,26
CMPSAS;PDHa,0,1,28,26
CMPSAS;PDHbr,0,1,28,26
CMPSAS;PItn,0,1,28,26
CMPSAS;PPM2,0,1,28,26
CMPSAS;PYRt2m,0,1,28,26
CMPSAS;R_group_phosphotase_1,1,0,27,27
CMPSAS;THRALANaEx,1,0,27,27
CMPSAS;UAG4E,0,1,28,26
CMPSAS;UMPK5,1,0,27,27
CO2t;CO2tm,1,2,27,25
CO2t;DHFR,1,0,27,27
CO2t;DHFRx,1,0,27,27
CO2t;DHFtm,1,0,27,27
CO2t;DMGDHm,0,1,28,26
CO2t;DMGtm,0,1,28,26
CO2t;DOLASNTer,1,0,27,27
CO2t;DOLDPPer,1,0,27,27
CO2t;DOLGLCP_ter,1,0,27,27
CO2t;DOLMANP_ter,1,0,27,27
CO2t;DOLPGT1er,1,0,27,27
CO2t;DOLPGT2er,1,0,27,27
CO2t;DOLPGT3er,1,0,27,27
CO2t;DOLPMT,1,0,27,27
CO2t;DOLPMT1er,1,0,27,27
CO2t;DOLPMT2_er,1,0,27,27
CO2t;DOLPMT3er,1,0,27,27
CO2t;DOLPMT4_er,1,0,27,27
CO2t;DOLP_ter,1,0,27,27
CO2t;FADH2ETC,0,1,28,26
CO2t;FALDtm,0,1,28,26
CO2t;FALDtx,0,1,28,26
CO2t;FUMSUCCtm,1,0,27,27
CO2t;G12MT1,1,0,27,27
CO2t;G12MT2,1,0,27,27
CO2t;G13MT,1,0,27,27
CO2t;G16MT,1,0,27,27
CO2t;GAL3ST11,1,0,27,27
CO2t;GALSIDEtg,1,0,27,27
CO2t;GALSIDEtl,1,0,27,27
CO2t;GGTAe2,0,1,28,26
CO2t;GHMT2rm,0,1,28,26
CO2t;GLACter,1,0,27,27
CO2t;GLCNACPT,1,0,27,27
CO2t;GLCNACT,1,0,27,27
CO2t;GLCURter,1,0,27,27
CO2t;GLCURtly,1,0,27,27
CO2t;GLCter,1,0,27,27
CO2t;GLRASE,1,0,27,27
CO2t;GLUCYS,0,1,28,26
CO2t;GLUDym,1,0,27,27
CO2t;GLYBtm,0,1,28,26
CO2t;GLYtm,0,1,28,26
CO2t;GLYtp,0,1,28,26
CO2t;GTHRDte,0,1,28,26
CO2t;GTHS,0,1,28,26
CO2t;GTPGDPtm,1,0,27,27
CO2t;GULLACter,1,0,27,27
CO2t;GULOer,1,0,27,27
CO2t;H2O2ter,1,0,27,27
CO2t;H2O2tp,0,1,28,26
CO2t;H2Otly,1,0,27,27
CO2t;H2Otp,0,1,28,26
CO2t;H3K4MET_1,0,1,28,26
CO2t;H3K4MET_2,0,1,28,26
CO2t;H3K4MET_3,0,1,28,26
CO2t;H3K4_synthesis,0,1,28,26
CO2t;HAS1,1,0,27,27
CO2t;HAS2,1,0,27,27
CO2t;HAtly,1,0,27,27
CO2t;HCO3E,1,1,27,26
CO2t;HCO3Ee,0,2,28,25
CO2t;HCO3Em,0,2,28,25
CO2t;HCO3tm,0,2,28,25
CO2t;HEX16,1,0,27,27
CO2t;HYAL,1,0,27,27
CO2t;Htr,1,0,27,27
CO2t;ICDHyrm,1,0,27,27
CO2t;IDHPOXOX2b,0,1,28,26
CO2t;IDHPOXOX4,0,1,28,26
CO2t;IDHPOXOXb,0,1,28,26
CO2t;LYStn,0,1,28,26
CO2t;M1316Mg,1,0,27,27
CO2t;M13N2Tg,1,0,27,27
CO2t;M16N4Tg,1,0,27,27
CO2t;M16NTg,1,0,27,27
CO2t;M4MPDOL_ter,1,0,27,27
CO2t;M8MASNterg,1,0,27,27
CO2t;MANtg,1,0,27,27
CO2t;METAT,0,1,28,26
CO2t;MG1er,1,0,27,27
CO2t;MG2er,1,0,27,27
CO2t;MG3er,1,0,27,27
CO2t;MM5ag,1,0,27,27
CO2t;MM6bg,1,0,27,27
CO2t;MM7Cag,1,0,27,27
CO2t;MM8Ag,1,0,27,27
CO2t;MTHFCm,0,1,28,26
CO2t;MTHFDm,0,1,28,26
CO2t;NADH2_u10m,0,1,28,26
CO2t;NAIt,0,1,28,26
CO2t;NCNt,1,0,27,27
CO2t;NH4tm,1,0,27,27
CO2t;NQO2,0,1,28,26
CO2t;O2tp,0,1,28,26
CO2t;OXALSUCCCLm,1,0,27,27
CO2t;PAPStg,1,0,27,27
CO2t;PAPtg,1,0,27,27
CO2t;PIMALtm,1,0,27,27
CO2t;PIt2m_2,0,1,28,26
CO2t;PPAm,0,1,28,26
CO2t;PPItm,0,1,28,26
CO2t;PROGLUtm,1,0,27,27
CO2t;PROtm,1,0,27,27
CO2t;PUNP1,0,1,28,26
CO2t;SADT,1,1,27,26
CO2t;SARCOXp,0,1,28,26
CO2t;SARCStm,0,1,28,26
CO2t;SARCStp,0,1,28,26
CO2t;SERTm,0,1,28,26
CO2t;SGALSIDEtg,1,0,27,27
CO2t;SGALSIDEtl,1,0,27,27
CO2t;SO3AKGtm,1,0,27,27
CO2t;SO3MALtm,1,0,27,27
CO2t;SO4CLtex2,0,1,28,26
CO2t;SO4tl,1,0,27,27
CO2t;SUCD1m,1,0,27,27
CO2t;SUCOAS1m,1,0,27,27
CO2t;THFtm,1,1,27,26
CO2t;THYPX,0,1,28,26
CO2t;THYST,0,1,28,26
CO2t;UDPDOLPT,1,0,27,27
CO2t;UDPGD,1,0,27,27
CO2t;UROLACer,1,0,27,27
CO2t;peplys_synthesis,0,1,28,26
CO2t;q10h2tc,0,1,28,26
CO2t;q10tm,0,1,28,26
CO2tg;CYTK1,1,1,27,26
CO2tg;CYTK8,1,0,27,27
CO2tg;FADDPle,0,1,28,26
CO2tg;FADte,0,1,28,26
CO2tg;FMNALKPle,0,1,28,26
CO2tg;FMNAT,0,1,28,26
CO2tg;GDPFUCtg,0,1,28,26
CO2tg;GDPtg,0,1,28,26
CO2tg;GFUCSx,0,1,28,26
CO2tg;GMAND,0,1,28,26
CO2tg;GMPtg,0,1,28,26
CO2tg;NTD7e,0,1,28,26
CO2tg;PIt9,1,0,27,27
CO2tg;PPAer,1,0,27,27
CO2tg;PPIPItr,1,0,27,27
CO2tg;PUNP1,0,1,28,26
CO2tg;R5Ptr,5,9,23,18
CO2tg;RBFK,0,1,28,26
CO2tg;RIBFLVt6,0,1,28,26
CO2tg;RPIr,5,9,23,18
CO2tg;RU5Ptr,5,9,23,18
CO2tg;UDPG4E,1,1,27,26
CO2tg;UDPGALtg,1,1,27,26
CO2tg;UGALNACtg,0,1,28,26
CO2tg;UMPK5,0,1,28,26
CO2tm;ACITLn,0,1,28,26
CO2tm;ADPtn,0,1,28,26
CO2tm;CITtn,0,1,28,26
CO2tm;COt,2,0,26,27
CO2tm;CPPPGO,2,0,26,27
CO2tm;CSm,0,1,28,26
CO2tm;CTPtm,1,0,27,27
CO2tm;CYANSTm,1,0,27,27
CO2tm;CYSO,1,0,27,27
CO2tm;DAG_Hstem,1,0,27,27
CO2tm;DHFR,1,1,27,26
CO2tm;DHFRm,0,1,28,26
CO2tm;DHFRx,1,0,27,27
CO2tm;DHFtm,1,1,27,26
CO2tm;DLD,1,0,27,27
CO2tm;DMGDHm,0,1,28,26
CO2tm;DMGtm,0,1,28,26
CO2tm;D_LACt2,1,0,27,27
CO2tm;FADDPle,1,0,27,27
CO2tm;FADH2ETC,0,1,28,26
CO2tm;FADte,1,0,27,27
CO2tm;FALDtm,0,1,28,26
CO2tm;FALDtx,0,1,28,26
CO2tm;FCLTm,2,0,26,27
CO2tm;FE2t,1,0,27,27
CO2tm;FE2tm,4,2,24,25
CO2tm;FE3MTP1,1,0,27,27
CO2tm;FE3tm,2,1,26,26
CO2tm;FECR,1,1,27,26
CO2tm;FMNALKPle,1,0,27,27
CO2tm;FMNAT,1,0,27,27
CO2tm;FTHFDHm,1,0,27,27
CO2tm;FTMTm,2,1,26,26
CO2tm;FUMMALtm,0,1,28,26
CO2tm;FUMSUCCtm,2,0,26,27
CO2tm;G5SADm,0,1,28,26
CO2tm;G5SADr,0,1,28,26
CO2tm;GALU,2,0,26,27
CO2tm;GLU5SAtmc,0,1,28,26
CO2tm;GLUDym,0,1,28,26
CO2tm;GLUt2m,0,1,28,26
CO2tm;GLYBtm,0,1,28,26
CO2tm;GLYC3Ptmc,1,0,27,27
CO2tm;GLYtp,0,1,28,26
CO2tm;GTPGDPtm,0,1,28,26
CO2tm;H2O2tp,0,1,28,26
CO2tm;H2Otm,1,0,27,27
CO2tm;H2Otp,0,1,28,26
CO2tm;H3K4MET_1,0,1,28,26
CO2tm;H3K4MET_2,0,1,28,26
CO2tm;H3K4MET_3,0,1,28,26
CO2tm;H3K4_synthesis,0,1,28,26
CO2tm;HCO3E,14,4,14,23
CO2tm;HCO3Ee,1,1,27,26
CO2tm;HCO3Em,6,7,22,20
CO2tm;HCO3tm,3,6,25,21
CO2tm;HMBS,2,0,26,27
CO2tm;HOXG,2,0,26,27
CO2tm;ICDHyrm,2,1,26,26
CO2tm;ICITMALtm,1,1,27,26
CO2tm;IDHPOXOX2b,0,1,28,26
CO2tm;IDHPOXOX4,0,1,28,26
CO2tm;IDHPOXOXb,0,1,28,26
CO2tm;ILEOX,1,0,27,27
CO2tm;ILETAm,1,0,27,27
CO2tm;ILEt5m,1,0,27,27
CO2tm;IMAGH,1,0,27,27
CO2tm;ITCOAL1m,0,1,28,26
CO2tm;LALDD,1,0,27,27
CO2tm;LCADi_D,1,0,27,27
CO2tm;LDH_L,0,2,28,25
CO2tm;LYStn,0,1,28,26
CO2tm;MALACONtm,0,1,28,26
CO2tm;MALTSULtm,1,0,27,27
CO2tm;MDHm,0,1,28,26
CO2tm;METAT,0,1,28,26
CO2tm;NACDe,1,0,27,27
CO2tm;NACPRT,1,0,27,27
CO2tm;NADH2_u10m,0,3,28,24
CO2tm;NAIt,0,1,28,26
CO2tm;NAt,0,1,28,26
CO2tm;NCAMDe,1,0,27,27
CO2tm;NDP7er,2,0,26,27
CO2tm;NMNDA,1,0,27,27
CO2tm;NMNS,4,0,24,27
CO2tm;NQO2,3,0,25,27
CO2tm;O2tp,0,1,28,26
CO2tm;OAAtn,0,1,28,26
CO2tm;OXALSUCCCLm,2,1,26,26
CO2tm;P5CRxm,0,1,28,26
CO2tm;PGMT,2,0,26,27
CO2tm;PHEMEtm,2,0,26,27
CO2tm;PIMALtm,1,1,27,26
CO2tm;PIt2m_2,1,1,27,26
CO2tm;PIt7,1,0,27,27
CO2tm;PItn,0,1,28,26
CO2tm;PPA,1,0,27,27
CO2tm;PPAm,1,2,27,25
CO2tm;PPBNGS,2,0,26,27
CO2tm;PPItm,2,1,26,26
CO2tm;PPPG9tm,2,0,26,27
CO2tm;PPPGOm,2,0,26,27
CO2tm;PRO1x,0,1,28,26
CO2tm;PROAKGOX1m,1,0,27,27
CO2tm;PROGLUtm,0,1,28,26
CO2tm;PROtm,1,2,27,25
CO2tm;PUNP1,0,1,28,26
CO2tm;PYRtm,1,0,27,27
CO2tm;RBFK,1,0,27,27
CO2tm;RIBFLVt6,1,0,27,27
CO2tm;SADT,0,1,28,26
CO2tm;SARCOXp,0,1,28,26
CO2tm;SARCStm,0,1,28,26
CO2tm;SARCStp,0,1,28,26
CO2tm;SO3AKGtm,1,0,27,27
CO2tm;SO3MALtm,1,0,27,27
CO2tm;SO4AKGtm,0,1,28,26
CO2tm;SO4CLtex2,0,1,28,26
CO2tm;SO4MALtm,0,1,28,26
CO2tm;SQORm,1,0,27,27
CO2tm;SUCD1m,1,0,27,27
CO2tm;THFtm,1,0,27,27
CO2tm;THRA,1,0,27,27
CO2tm;THYPX,0,1,28,26
CO2tm;THYST,0,1,28,26
CO2tm;TSULt4_3,1,0,27,27
CO2tm;UDPGD,2,0,26,27
CO2tm;UDPGLCAter,2,0,26,27
CO2tm;UPP3S,2,0,26,27
CO2tm;UPPDC1,2,0,26,27
CO2tm;peplys_synthesis,0,1,28,26
CO2tm;q10h2tc,3,0,25,27
CO2tm;q10tm,3,0,25,27
CO2tn;ARGtn,1,1,27,26
CO2tn;ARTFR52,1,0,27,27
CO2tn;H3K36MET_1,1,0,27,27
CO2tn;H3K36MET_3,1,0,27,27
CO2tn;H3K36_synthesis,1,0,27,27
CO2tn;H3R17MET_1,1,1,27,26
CO2tn;H3R17MET_2,1,1,27,26
CO2tn;H3R17MET_3,1,1,27,26
CO2tn;H3R17_synthesis,1,1,27,26
CO2tn;LYStn,1,0,27,27
CO2tn;PE_HStm,1,1,27,26
CO2tn;PHEMEtm,1,0,27,27
CO2tn;PIMALtm,1,0,27,27
CO2tn;PPBNGS,1,0,27,27
CO2tn;PPPG9tm,1,0,27,27
CO2tn;PPPGOm,1,0,27,27
CO2tn;PROAKGOX1m,1,0,27,27
CO2tn;PSDm_hs,2,1,26,26
CO2tn;PSFLIPm,2,1,26,26
CO2tn;RTOT5,1,0,27,27
CO2tn;SO3AKGtm,1,0,27,27
CO2tn;SO3MALtm,1,0,27,27
CO2tn;SUCOAS1m,1,0,27,27
CO2tn;TECR200,1,0,27,27
CO2tn;TECR220,1,0,27,27
CO2tn;TECR240,1,0,27,27
CO2tn;TECR260,1,0,27,27
CO2tn;THBPT4ACAMDASE,0,1,28,26
CO2tn;TYR3MO2,0,1,28,26
CO2tn;TYRDOPO,2,0,26,27
CO2tn;UDPGD,1,0,27,27
CO2tn;UDPGLCAter,1,0,27,27
CO2tn;UGT1A2r,1,0,27,27
CO2tn;UPP3S,1,0,27,27
CO2tn;UPPDC1,1,0,27,27
CO2tn;peparg_synthesis,1,1,27,26
CO2tn;peplys_synthesis,1,0,27,27
COAtm;GHMT2rm,0,1,28,26
COAtm;GLUPROASCT1,1,0,27,27
COAtm;GLYtm,0,1,28,26
COAtm;MAL_Lte,0,1,28,26
COAtm;MTHFCm,0,1,28,26
COAtm;MTHFDm,0,1,28,26
COAtm;OBDHc,1,0,27,27
COAtm;PPCOAOm,1,0,27,27
COAtm;PPCOAtm,1,0,27,27
COAtm;PRPNCOAHYDm,1,0,27,27
COAtm;SERTm,0,1,28,26
COAtm;THRD_L,1,0,27,27
COAtp;DHFR,0,1,28,26
COAtp;DHFR3m,0,1,28,26
COAtp;DHFR3x,0,1,28,26
COAtp;DHFRm,0,1,28,26
COAtp;DURAD2,1,0,27,27
COAtp;DURAD2xm,1,0,27,27
COAtp;D_LACt2,1,0,27,27
COAtp;FOLtm,0,1,28,26
COAtp;GLXtm,0,1,28,26
COAtp;GLXtp,0,1,28,26
COAtp;GLYCLTDym,0,1,28,26
COAtp;GLYCLTtm,0,1,28,26
COAtp;GLYCLTtp,0,1,28,26
COAtp;GLYCTO1p,0,1,28,26
COAtp;LALDD,1,0,27,27
COAtp;LCADi_D,1,0,27,27
COAtp;RTOT4,0,1,28,26
COAtp;THFtm,0,1,28,26
COAtp;THYMtm,1,0,27,27
COAtp;UMPK,0,1,28,26
COAtr;COt,0,1,28,26
COAtr;CPPPGO,0,1,28,26
COAtr;DHFR,0,2,28,25
COAtr;DHFRm,0,2,28,25
COAtr;DHFtm,0,2,28,25
COAtr;FCLTm,0,1,28,26
COAtr;FE2tm,0,1,28,26
COAtr;FUM,0,1,28,26
COAtr;GALU,0,2,28,25
COAtr;GLYt4,0,1,28,26
COAtr;GTPGDPtm,0,1,28,26
COAtr;H2O2t,0,1,28,26
COAtr;H2Oter,0,2,28,25
COAtr;HCO3E,0,1,28,26
COAtr;HMBS,0,1,28,26
COAtr;HMGCOASi,1,0,27,27
COAtr;HOXG,0,1,28,26
COAtr;Htr,0,1,28,26
COAtr;ICDHxrm,0,1,28,26
COAtr;ICDHyrm,0,1,28,26
COAtr;LDH_L,0,2,28,25
COAtr;MAL_Lte,0,1,28,26
COAtr;NDP7er,0,1,28,26
COAtr;OCDE9ECOAtr,1,0,27,27
COAtr;OXALSUCCCLm,0,1,28,26
COAtr;PGMT,0,2,28,25
COAtr;PHEMEtm,0,1,28,26
COAtr;PHEOX,0,1,28,26
COAtr;PHETA1,0,1,28,26
COAtr;PIMALtm,0,1,28,26
COAtr;PIt9,0,1,28,26
COAtr;PIter,0,1,28,26
COAtr;PPBNGS,0,1,28,26
COAtr;PPPG9tm,0,1,28,26
COAtr;PPPGOm,0,1,28,26
COAtr;PROAKGOX1m,0,1,28,26
COAtr;PROtm,0,1,28,26
COAtr;R5Ptr,0,1,28,26
COAtr;RADH3,0,1,28,26
COAtr;RADH4,0,1,28,26
COAtr;RPIr,0,1,28,26
COAtr;RTOT4,0,1,28,26
COAtr;RU5Ptr,0,1,28,26
COAtr;SO3AKGtm,0,1,28,26
COAtr;SO3MALtm,0,1,28,26
COAtr;SUCOAS1m,0,1,28,26
COAtr;THFtm,0,3,28,24
COAtr;THRA,0,1,28,26
COAtr;TXA2tr,0,2,28,25
COAtr;TXB2c,0,2,28,25
COAtr;TXB2r,0,2,28,25
COAtr;TXB2tr,0,2,28,25
COAtr;UDPGCURtr,0,1,28,26
COAtr;UDPGD,0,1,28,26
COAtr;UGT1A2r,0,1,28,26
COAtr;UMPtr,0,1,28,26
COAtr;UPP3S,0,1,28,26
COAtr;UPPDC1,0,1,28,26
CORE2GTg;CORE3GTg,2,1,26,26
CORE2GTg;CORE4GTg,2,1,26,26
CORE2GTg;G14T18g,2,1,26,26
CORE2GTg;G14T19g,2,1,26,26
CORE2GTg;G14T20g,2,1,26,26
CORE2GTg;G14T21g,2,1,26,26
CORE2GTg;GALASE20ly,2,1,26,26
CORE2GTg;KSII_CORE4t,2,1,26,26
CORE2GTg;KSII_CORE4tly,2,1,26,26
CORE2GTg;NACHEX26ly,2,1,26,26
CORE2GTg;S23T4g,2,1,26,26
CORE2GTg;S6T16g,2,1,26,26
CORE2GTg;S6T17g,2,1,26,26
CORE2GTg;S6T18g,2,1,26,26
CORE2GTg;S6TASE25ly,2,1,26,26
CORE2GTg;S6TASE26ly,2,1,26,26
CORE2GTg;SIAASE4ly,2,1,26,26
CORE3GTg;DASCBR,1,0,27,27
CORE3GTg;G14T2g,2,1,26,26
CORE3GTg;G14T3g,2,1,26,26
CORE3GTg;G14T4g,2,1,26,26
CORE3GTg;G14T5g,2,1,26,26
CORE3GTg;GALASE16ly,2,1,26,26
CORE3GTg;GF6PTA,1,0,27,27
CORE3GTg;GPCCPDE,1,0,27,27
CORE3GTg;HMGCOASim,0,1,28,26
CORE3GTg;KSII_CORE2t,2,1,26,26
CORE3GTg;KSII_CORE2tly,2,1,26,26
CORE3GTg;LPASE,1,0,27,27
CORE3GTg;N3Tg,2,1,26,26
CORE3GTg;NACHEX23ly,2,1,26,26
CORE3GTg;PDHa,0,1,28,26
CORE3GTg;PDHbr,0,1,28,26
CORE3GTg;PYRt2m,0,1,28,26
CORE3GTg;R_group_phosphotase_1,1,0,27,27
CORE3GTg;S23T2g,2,1,26,26
CORE3GTg;S6T1g,2,1,26,26
CORE3GTg;S6T2g,2,1,26,26
CORE3GTg;S6T3g,2,1,26,26
CORE3GTg;S6TASE22ly,2,1,26,26
CORE3GTg;S6TASE23ly,2,1,26,26
CORE3GTg;SIAASE3ly,2,1,26,26
CORE3GTg;THRALANaEx,1,0,27,27
CORE3GTg;UMPK5,1,0,27,27
CORE4GTg;DASCBR,1,0,27,27
CORE4GTg;G14T2g,2,1,26,26
CORE4GTg;G14T3g,2,1,26,26
CORE4GTg;G14T4g,2,1,26,26
CORE4GTg;G14T5g,2,1,26,26
CORE4GTg;GALASE16ly,2,1,26,26
CORE4GTg;GF6PTA,1,0,27,27
CORE4GTg;GPCCPDE,1,0,27,27
CORE4GTg;HMGCOASim,0,1,28,26
CORE4GTg;KSII_CORE2t,2,1,26,26
CORE4GTg;KSII_CORE2tly,2,1,26,26
CORE4GTg;LPASE,1,0,27,27
CORE4GTg;N3Tg,2,1,26,26
CORE4GTg;NACHEX23ly,2,1,26,26
CORE4GTg;PDHa,0,1,28,26
CORE4GTg;PDHbr,0,1,28,26
CORE4GTg;PYRt2m,0,1,28,26
CORE4GTg;R_group_phosphotase_1,1,0,27,27
CORE4GTg;S23T2g,2,1,26,26
CORE4GTg;S6T1g,2,1,26,26
CORE4GTg;S6T2g,2,1,26,26
CORE4GTg;S6T3g,2,1,26,26
CORE4GTg;S6TASE22ly,2,1,26,26
CORE4GTg;S6TASE23ly,2,1,26,26
CORE4GTg;SIAASE3ly,2,1,26,26
CORE4GTg;THRALANaEx,1,0,27,27
CORE4GTg;UMPK5,1,0,27,27
CORE5GTg;GALU,1,0,27,27
CORE5GTg;GDPFUCtg,0,1,28,26
CORE5GTg;GDPtg,0,1,28,26
CORE5GTg;GFUCSx,0,1,28,26
CORE5GTg;GMAND,0,1,28,26
CORE5GTg;GMPtg,0,1,28,26
CORE5GTg;MAN1PT2,0,1,28,26
CORE5GTg;MAN6PI,0,1,28,26
CORE5GTg;PGMT,1,0,27,27
CORE5GTg;PMANM,0,1,28,26
CORE5GTg;UDPG4E,0,1,28,26
CORE5GTg;UDPGALtg,0,1,28,26
CORE5GTg;UGCGc,0,1,28,26
CORE5GTg;UGLCNACtg,0,1,28,26
CORE6GTg;ACITLn,0,1,28,26
CORE6GTg;ADPtn,0,1,28,26
CORE6GTg;CITtn,0,1,28,26
CORE6GTg;CSm,0,1,28,26
CORE6GTg;HMGLm,0,1,28,26
CORE6GTg;ICITCITtm,0,1,28,26
CORE6GTg;ICITMALtm,0,1,28,26
CORE6GTg;MDHm,0,1,28,26
CORE6GTg;NADH2_u10m,0,1,28,26
CORE6GTg;OAAtn,0,1,28,26
CORE6GTg;PItn,0,1,28,26
COt;ACITLn,1,0,27,27
COt;ADPtn,1,0,27,27
COt;AKGtn,1,0,27,27
COt;ARTFR41,0,1,28,26
COt;ARTFR45,1,0,27,27
COt;CITtn,1,0,27,27
COt;CO2tn,1,0,27,27
COt;CTPtm,1,0,27,27
COt;DAG_Hstem,1,0,27,27
COt;DESAT16_1,0,1,28,26
COt;DESAT18_1,1,0,27,27
COt;DHFR,2,0,26,27
COt;DHFRm,1,0,27,27
COt;DHFtm,1,0,27,27
COt;DMGDHm,1,0,27,27
COt;DMGtm,1,0,27,27
COt;FADDPle,1,0,27,27
COt;FADte,1,0,27,27
COt;FAE201,1,0,27,27
COt;FAE221,1,0,27,27
COt;FAE241,1,0,27,27
COt;FALDtm,1,0,27,27
COt;FALDtn,1,0,27,27
COt;FALDtx,1,0,27,27
COt;FKYNH,0,1,28,26
COt;FMNALKPle,1,0,27,27
COt;FMNAT,1,0,27,27
COt;FUMSUCCtm,0,1,28,26
COt;FUMm,0,1,28,26
COt;GALGLUSIDEtg,1,0,27,27
COt;GALGLUSIDEtr,1,0,27,27
COt;GDPFUCtg,1,0,27,27
COt;GDPtg,1,0,27,27
COt;GF6PTA,1,0,27,27
COt;GFUCSx,1,0,27,27
COt;GLYBtm,1,0,27,27
COt;GLYtp,1,0,27,27
COt;GMAND,1,0,27,27
COt;GMPtg,1,0,27,27
COt;GTPGDPtm,0,1,28,26
COt;H2O2t,1,0,27,27
COt;H2O2tp,1,0,27,27
COt;H2Ot,0,1,28,26
COt;H2Oter,3,1,25,26
COt;H2Otg,1,0,27,27
COt;H2Otp,1,0,27,27
COt;H3K36DMET_3,1,0,27,27
COt;H3K36MET_3,1,0,27,27
COt;HACD201,1,0,27,27
COt;HACD221,1,0,27,27
COt;HACD241,1,0,27,27
COt;HCO3E,3,0,25,27
COt;HCO3Em,4,2,24,25
COt;HCO3tm,4,2,24,25
COt;HMGL,0,1,28,26
COt;HSD201,1,0,27,27
COt;HSD221,1,0,27,27
COt;HSD241,1,0,27,27
COt;Htg,1,0,27,27
COt;Htr,3,1,25,26
COt;ICDHyrm,1,0,27,27
COt;IMAGH,1,0,27,27
COt;KYNAKGAT,0,1,28,26
COt;KYNATESYN,0,1,28,26
COt;KYNATEtr,0,1,28,26
COt;LDH_L,0,1,28,26
COt;MAN1PT2,1,0,27,27
COt;MAN6PI,1,0,27,27
COt;ME1m,0,1,28,26
COt;MEOHt2,1,0,27,27
COt;METAT,1,0,27,27
COt;NADH2_u10m,0,1,28,26
COt;NDP7g,1,0,27,27
COt;NRVNCCOAtr,1,0,27,27
COt;O2tn,1,0,27,27
COt;O2tp,1,0,27,27
COt;OAAtn,1,0,27,27
COt;OCOAT1m,0,1,28,26
COt;OXALSUCCCLm,1,0,27,27
COt;P5CRxm,0,1,28,26
COt;PEPCK,1,0,27,27
COt;PIMALtm,1,0,27,27
COt;PIt2m_2,1,0,27,27
COt;PItg,1,0,27,27
COt;PItn,1,0,27,27
COt;PLMCOAPTr,0,1,28,26
COt;PMANM,1,0,27,27
COt;PMTCOAFABP1tc,0,1,28,26
COt;PPA,0,1,28,26
COt;PROD2m,0,1,28,26
COt;PROtm,0,1,28,26
COt;PYRAKGte,0,1,28,26
COt;PYRt4_2,0,1,28,26
COt;RBFK,1,0,27,27
COt;RDH1,0,1,28,26
COt;RDH1a,0,1,28,26
COt;RIBFLVt6,1,0,27,27
COt;RTOT4,1,1,27,26
COt;SARCOXp,1,0,27,27
COt;SARCStm,1,0,27,27
COt;SARCStp,1,0,27,27
COt;SO3AKGtm,1,0,27,27
COt;SO3MALtm,1,0,27,27
COt;SUCOAS1m,1,1,27,26
COt;TECR201,1,0,27,27
COt;TECR221,1,0,27,27
COt;TECR241,1,0,27,27
COt;THFtm,1,0,27,27
COt;THRA,2,1,26,26
COt;TRPO2,0,1,28,26
COt;UAGDP,1,0,27,27
COt;UDPG4E,1,0,27,27
COt;UDPGALt2r,1,0,27,27
COt;UDPGALtg,1,0,27,27
COt;UDPGGPGTr,1,0,27,27
COt;UGCGc,1,0,27,27
COt;UGLCNACtg,1,0,27,27
COt;UMPtr,1,0,27,27
CPPPGO;ACITLn,1,0,27,27
CPPPGO;ADPtn,1,0,27,27
CPPPGO;AKGtn,1,0,27,27
CPPPGO;ARTFR41,0,1,28,26
CPPPGO;ARTFR45,1,0,27,27
CPPPGO;CITtn,1,0,27,27
CPPPGO;CO2tn,1,0,27,27
CPPPGO;CTPtm,1,0,27,27
CPPPGO;DAG_Hstem,1,0,27,27
CPPPGO;DESAT16_1,0,1,28,26
CPPPGO;DESAT18_1,1,0,27,27
CPPPGO;DHFR,2,0,26,27
CPPPGO;DHFRm,1,0,27,27
CPPPGO;DHFtm,1,0,27,27
CPPPGO;DMGDHm,1,0,27,27
CPPPGO;DMGtm,1,0,27,27
CPPPGO;FADDPle,1,0,27,27
CPPPGO;FADte,1,0,27,27
CPPPGO;FAE201,1,0,27,27
CPPPGO;FAE221,1,0,27,27
CPPPGO;FAE241,1,0,27,27
CPPPGO;FALDtm,1,0,27,27
CPPPGO;FALDtn,1,0,27,27
CPPPGO;FALDtx,1,0,27,27
CPPPGO;FKYNH,0,1,28,26
CPPPGO;FMNALKPle,1,0,27,27
CPPPGO;FMNAT,1,0,27,27
CPPPGO;FUMSUCCtm,0,1,28,26
CPPPGO;FUMm,0,1,28,26
CPPPGO;GALGLUSIDEtg,1,0,27,27
CPPPGO;GALGLUSIDEtr,1,0,27,27
CPPPGO;GDPFUCtg,1,0,27,27
CPPPGO;GDPtg,1,0,27,27
CPPPGO;GF6PTA,1,0,27,27
CPPPGO;GFUCSx,1,0,27,27
CPPPGO;GLYBtm,1,0,27,27
CPPPGO;GLYtp,1,0,27,27
CPPPGO;GMAND,1,0,27,27
CPPPGO;GMPtg,1,0,27,27
CPPPGO;GTPGDPtm,0,1,28,26
CPPPGO;H2O2t,1,0,27,27
CPPPGO;H2O2tp,1,0,27,27
CPPPGO;H2Ot,0,1,28,26
CPPPGO;H2Oter,3,1,25,26
CPPPGO;H2Otg,1,0,27,27
CPPPGO;H2Otp,1,0,27,27
CPPPGO;H3K36DMET_3,1,0,27,27
CPPPGO;H3K36MET_3,1,0,27,27
CPPPGO;HACD201,1,0,27,27
CPPPGO;HACD221,1,0,27,27
CPPPGO;HACD241,1,0,27,27
CPPPGO;HCO3E,3,0,25,27
CPPPGO;HCO3Em,4,2,24,25
CPPPGO;HCO3tm,4,2,24,25
CPPPGO;HMGL,0,1,28,26
CPPPGO;HSD201,1,0,27,27
CPPPGO;HSD221,1,0,27,27
CPPPGO;HSD241,1,0,27,27
CPPPGO;Htg,1,0,27,27
CPPPGO;Htr,3,1,25,26
CPPPGO;ICDHyrm,1,0,27,27
CPPPGO;IMAGH,1,0,27,27
CPPPGO;KYNAKGAT,0,1,28,26
CPPPGO;KYNATESYN,0,1,28,26
CPPPGO;KYNATEtr,0,1,28,26
CPPPGO;LDH_L,0,1,28,26
CPPPGO;MAN1PT2,1,0,27,27
CPPPGO;MAN6PI,1,0,27,27
CPPPGO;ME1m,0,1,28,26
CPPPGO;MEOHt2,1,0,27,27
CPPPGO;METAT,1,0,27,27
CPPPGO;NADH2_u10m,0,1,28,26
CPPPGO;NDP7g,1,0,27,27
CPPPGO;NRVNCCOAtr,1,0,27,27
CPPPGO;O2tn,1,0,27,27
CPPPGO;O2tp,1,0,27,27
CPPPGO;OAAtn,1,0,27,27
CPPPGO;OCOAT1m,0,1,28,26
CPPPGO;OXALSUCCCLm,1,0,27,27
CPPPGO;P5CRxm,0,1,28,26
CPPPGO;PEPCK,1,0,27,27
CPPPGO;PIMALtm,1,0,27,27
CPPPGO;PIt2m_2,1,0,27,27
CPPPGO;PItg,1,0,27,27
CPPPGO;PItn,1,0,27,27
CPPPGO;PLMCOAPTr,0,1,28,26
CPPPGO;PMANM,1,0,27,27
CPPPGO;PMTCOAFABP1tc,0,1,28,26
CPPPGO;PPA,0,1,28,26
CPPPGO;PROD2m,0,1,28,26
CPPPGO;PROtm,0,1,28,26
CPPPGO;PYRAKGte,0,1,28,26
CPPPGO;PYRt4_2,0,1,28,26
CPPPGO;RBFK,1,0,27,27
CPPPGO;RDH1,0,1,28,26
CPPPGO;RDH1a,0,1,28,26
CPPPGO;RIBFLVt6,1,0,27,27
CPPPGO;RTOT4,1,1,27,26
CPPPGO;SARCOXp,1,0,27,27
CPPPGO;SARCStm,1,0,27,27
CPPPGO;SARCStp,1,0,27,27
CPPPGO;SO3AKGtm,1,0,27,27
CPPPGO;SO3MALtm,1,0,27,27
CPPPGO;SUCOAS1m,1,1,27,26
CPPPGO;TECR201,1,0,27,27
CPPPGO;TECR221,1,0,27,27
CPPPGO;TECR241,1,0,27,27
CPPPGO;THFtm,1,0,27,27
CPPPGO;THRA,2,1,26,26
CPPPGO;TRPO2,0,1,28,26
CPPPGO;UAGDP,1,0,27,27
CPPPGO;UDPG4E,1,0,27,27
CPPPGO;UDPGALt2r,1,0,27,27
CPPPGO;UDPGALtg,1,0,27,27
CPPPGO;UDPGGPGTr,1,0,27,27
CPPPGO;UGCGc,1,0,27,27
CPPPGO;UGLCNACtg,1,0,27,27
CPPPGO;UMPtr,1,0,27,27
CREATt4_2_r;GLCt1r,0,2,28,25
CREATt4_2_r;GLCt4,0,1,28,26
CREATt4_2_r;NAt,0,1,28,26
CREATt4_2_r;PIt2e,0,1,28,26
CREATt4_2_r;PIt7,0,1,28,26
CREATte;GLCt1r,0,2,28,25
CREATte;GLCt4,0,1,28,26
CREATte;NAt,0,1,28,26
CREATte;PIt2e,0,1,28,26
CREATte;PIt7,0,1,28,26
CRNCARtp;CSNATr,2,0,26,27
CRNCARtp;H2Oter,0,1,28,26
CRNCARtp;Htr,0,2,28,25
CRNCARtp;RTOT4,0,1,28,26
CRNrtx;DHFR,0,1,28,26
CRNrtx;DHFR3m,0,1,28,26
CRNrtx;DHFR3x,0,1,28,26
CRNrtx;DHFRm,0,1,28,26
CRNrtx;FOLtm,0,1,28,26
CRNrtx;GLXtm,0,1,28,26
CRNrtx;GLXtp,0,1,28,26
CRNrtx;GLYCLTDym,0,1,28,26
CRNrtx;GLYCLTtm,0,1,28,26
CRNrtx;GLYCLTtp,0,1,28,26
CRNrtx;GLYCTO1p,0,1,28,26
CRNrtx;THFtm,0,1,28,26
CRNtim;CSm,1,0,27,27
CRNtim;FADDPle,1,0,27,27
CRNtim;FADte,1,0,27,27
CRNtim;FMNALKPle,1,0,27,27
CRNtim;FMNAT,1,0,27,27
CRNtim;ICDHyrm,1,0,27,27
CRNtim;ICITMALtm,1,0,27,27
CRNtim;ITCOAL1m,1,0,27,27
CRNtim;MDHm,1,0,27,27
CRNtim;OXALSUCCCLm,1,0,27,27
CRNtim;PYRtm,1,0,27,27
CRNtim;RBFK,1,0,27,27
CRNtim;RIBFLVt6,1,0,27,27
CSNATm;FADDPle,1,0,27,27
CSNATm;FADte,1,0,27,27
CSNATm;FMNALKPle,1,0,27,27
CSNATm;FMNAT,1,0,27,27
CSNATm;ICDHyrm,1,0,27,27
CSNATm;ICITMALtm,1,0,27,27
CSNATm;ITCOAL1m,1,0,27,27
CSNATm;MDHm,1,0,27,27
CSNATm;OXALSUCCCLm,1,0,27,27
CSNATm;PYRtm,1,0,27,27
CSNATm;RBFK,1,0,27,27
CSNATm;RIBFLVt6,1,0,27,27
CSNATp;CSNATr,2,0,26,27
CSNATp;DHFR,0,1,28,26
CSNATp;DHFR3m,0,1,28,26
CSNATp;DHFR3x,0,1,28,26
CSNATp;DHFRm,0,1,28,26
CSNATp;FOLtm,0,1,28,26
CSNATp;GLXtm,0,1,28,26
CSNATp;GLXtp,0,1,28,26
CSNATp;GLYCLTDym,0,1,28,26
CSNATp;GLYCLTtm,0,1,28,26
CSNATp;GLYCLTtp,0,1,28,26
CSNATp;GLYCTO1p,0,1,28,26
CSNATp;H2Oter,0,1,28,26
CSNATp;Htr,0,2,28,25
CSNATp;RTOT4,0,1,28,26
CSNATp;THFtm,0,1,28,26
CSNATr;DHFR,0,1,28,26
CSNATr;DHFR3m,0,1,28,26
CSNATr;DHFR3x,0,1,28,26
CSNATr;DHFRm,0,1,28,26
CSNATr;FADDPle,1,0,27,27
CSNATr;FADte,1,0,27,27
CSNATr;FMNALKPle,1,0,27,27
CSNATr;FMNAT,1,0,27,27
CSNATr;FOLtm,0,1,28,26
CSNATr;GLXtm,0,1,28,26
CSNATr;GLXtp,0,1,28,26
CSNATr;GLYCLTDym,0,1,28,26
CSNATr;GLYCLTtm,0,1,28,26
CSNATr;GLYCLTtp,0,1,28,26
CSNATr;GLYCTO1p,0,1,28,26
CSNATr;H2O2tp,1,0,27,27
CSNATr;H2Oter,0,1,28,26
CSNATr;H2Otp,1,0,27,27
CSNATr;Htr,0,2,28,25
CSNATr;Htx,2,0,26,27
CSNATr;ICDHyrm,1,0,27,27
CSNATr;ICITMALtm,1,0,27,27
CSNATr;ITCOAL1m,1,0,27,27
CSNATr;MDHm,1,0,27,27
CSNATr;NADHtpu,2,0,26,27
CSNATr;NADtx,2,0,26,27
CSNATr;O2tp,2,0,26,27
CSNATr;OXALSUCCCLm,1,0,27,27
CSNATr;PYRtm,1,0,27,27
CSNATr;RBFK,1,0,27,27
CSNATr;RIBFLVt6,1,0,27,27
CSNATr;RTOT4,0,1,28,26
CSNATr;THFtm,0,1,28,26
CSm;CSNATm,1,0,27,27
CSm;CSNATr,1,0,27,27
CSm;DMGDHm,0,1,28,26
CSm;DMGtm,0,1,28,26
CSm;F1Atg,0,1,28,26
CSm;FALDtm,0,1,28,26
CSm;FALDtx,0,1,28,26
CSm;FUCACNGALACGLCGALGLUSIDEte,0,1,28,26
CSm;FUCACNGALACGLCGALGLUSIDEtg,0,1,28,26
CSm;FUMMALtm,0,1,28,26
CSm;FUT32g,0,1,28,26
CSm;GAL3ST11,0,1,28,26
CSm;GALASE19ly,0,1,28,26
CSm;GALGLUSIDEtg,0,1,28,26
CSm;GALGLUSIDEtr,0,1,28,26
CSm;GALNTg,0,1,28,26
CSm;GALSIDEtg,0,1,28,26
CSm;GALSIDEtl,0,1,28,26
CSm;GALU,0,1,28,26
CSm;GALtly,0,1,28,26
CSm;GDPFUCtg,0,1,28,26
CSm;GDPtg,0,1,28,26
CSm;GF6PTA,0,1,28,26
CSm;GFUCS,0,1,28,26
CSm;GHMT2rm,0,1,28,26
CSm;GLUDxm,0,1,28,26
CSm;GLUDym,0,1,28,26
CSm;GLUt2m,0,1,28,26
CSm;GLYBtm,0,1,28,26
CSm;GLYtm,0,1,28,26
CSm;GLYtp,0,1,28,26
CSm;GMAND,0,1,28,26
CSm;GMPtg,0,1,28,26
CSm;H2O2tp,0,1,28,26
CSm;H2Otg,0,1,28,26
CSm;H2Otly,0,1,28,26
CSm;H2Otp,0,1,28,26
CSm;H3K9MET_1,0,1,28,26
CSm;H3K9MET_2,0,1,28,26
CSm;H3K9MET_3,0,1,28,26
CSm;H3K9_synthesis,0,1,28,26
CSm;Htg,0,1,28,26
CSm;IDHPOXOX2b,0,1,28,26
CSm;IDHPOXOX4,0,1,28,26
CSm;IDHPOXOXb,0,1,28,26
CSm;LDH_L,0,2,28,25
CSm;LYStn,0,1,28,26
CSm;MAL_Lte,3,9,25,18
CSm;MAN1PT2,0,1,28,26
CSm;MAN6PI,0,1,28,26
CSm;MDH,0,1,28,26
CSm;ME2m,0,1,28,26
CSm;MEOHt2,0,1,28,26
CSm;METAT,0,1,28,26
CSm;MTHFCm,0,1,28,26
CSm;MTHFDm,0,1,28,26
CSm;N4Tg,0,1,28,26
CSm;NAGA2ly,0,1,28,26
CSm;NAGLCAly,0,1,28,26
CSm;NAIt,0,1,28,26
CSm;NDP7er,0,1,28,26
CSm;NDP7g,0,1,28,26
CSm;NH4tm,0,1,28,26
CSm;NQO2,0,1,28,26
CSm;O2tp,0,1,28,26
CSm;PAPStg,0,1,28,26
CSm;PAPtg,0,1,28,26
CSm;PGMT,0,1,28,26
CSm;PHEOX,0,1,28,26
CSm;PHETA1,0,1,28,26
CSm;PIt2m_2,1,1,27,26
CSm;PIter,0,1,28,26
CSm;PItg,0,1,28,26
CSm;PMANM,0,1,28,26
CSm;PROGLUtm,0,1,28,26
CSm;PYRt2m,0,1,28,26
CSm;PYRtm,1,0,27,27
CSm;SADT,0,1,28,26
CSm;SARCOXp,0,1,28,26
CSm;SARCStm,0,1,28,26
CSm;SARCStp,0,1,28,26
CSm;SERTm,0,1,28,26
CSm;SGALSIDEtg,0,1,28,26
CSm;SGALSIDEtl,0,1,28,26
CSm;SO4HCOtex,0,1,28,26
CSm;SO4tl,0,1,28,26
CSm;ST3GAL31g,0,1,28,26
CSm;Ser/Thrtg,0,1,28,26
CSm;THRA,1,4,27,23
CSm;THYPX,0,1,28,26
CSm;THYST,0,1,28,26
CSm;UAGDP,0,1,28,26
CSm;UDPACGALtl,0,1,28,26
CSm;UDPG4E,0,1,28,26
CSm;UDPGALt2r,0,1,28,26
CSm;UDPGALtg,0,1,28,26
CSm;UDPGGPGTr,0,1,28,26
CSm;UDPtl,0,1,28,26
CSm;UGALNACtg,0,1,28,26
CSm;UGCGc,0,1,28,26
CSm;UGLCNACtg,0,1,28,26
CSm;UMPtr,0,1,28,26
CSm;peplys_synthesis,0,1,28,26
CSm;q10h2tc,0,1,28,26
CSm;q10tm,0,1,28,26
CTPtm;FCLTm,1,0,27,27
CTPtm;FE2tm,1,0,27,27
CTPtm;HCO3E,1,0,27,27
CTPtm;HMBS,1,0,27,27
CTPtm;HOXG,1,0,27,27
CTPtm;NDP7er,1,0,27,27
CTPtm;PHEMEtm,1,0,27,27
CTPtm;PIter,1,0,27,27
CTPtm;PPBNGS,1,0,27,27
CTPtm;PPPG9tm,1,0,27,27
CTPtm;PPPGOm,1,0,27,27
CTPtm;PROAKGOX1m,1,0,27,27
CTPtm;PROtm,1,0,27,27
CTPtm;SUCOASm,1,0,27,27
CTPtm;THRALANaEx,1,0,27,27
CTPtm;UDPGD,1,0,27,27
CTPtm;UDPGLCAter,1,0,27,27
CTPtm;UGT1A2r,1,0,27,27
CTPtm;UPP3S,1,0,27,27
CTPtm;UPPDC1,1,0,27,27
CYANSTm;FUMSUCCtm,0,1,28,26
CYANSTm;HCO3E,1,0,27,27
CYANSTm;ICITMALtm,0,1,28,26
CYANSTm;IMAGH,1,0,27,27
CYANSTm;NMNS,0,1,28,26
CYANSTm;SO3AKGtm,0,1,28,26
CYSALANaEx;CYSt4,1,2,27,25
CYSATB0tc;CYSt4,0,1,28,26
CYSDDS;FUMMALtm,0,1,28,26
CYSDDS;GLUDym,0,1,28,26
CYSDDS;GLUt2m,0,1,28,26
CYSDDS;MAL_Lte,0,2,28,25
CYSDDS;ME2,1,0,27,27
CYSGLTH;DHFR,1,0,27,27
CYSGLTH;DHFR3x,1,0,27,27
CYSGLTH;FOLt2,1,0,27,27
CYSGLTH;THFt2,1,0,27,27
CYSO;FUMSUCCtm,0,1,28,26
CYSO;HCO3E,1,0,27,27
CYSO;ICITMALtm,0,1,28,26
CYSO;IMAGH,1,0,27,27
CYSO;NMNS,0,1,28,26
CYSO;SO3AKGtm,0,1,28,26
CYSRED;DHFR,1,0,27,27
CYSRED;DHFR3x,1,0,27,27
CYSRED;FOLt2,1,0,27,27
CYSRED;THFt2,1,0,27,27
CYSt4;CYSTHRNaEx,0,1,28,26
CYTD;CYTK8,1,0,27,27
CYTK1;DOLMANP_ter,1,1,27,26
CYTK1;DOLPMT,1,1,27,26
CYTK1;DOLPOMTr,1,1,27,26
CYTK1;DOLP_ter,1,1,27,26
CYTK1;GALU,1,0,27,27
CYTK1;GF6PTA,1,0,27,27
CYTK1;H2Otg,1,0,27,27
CYTK1;Htg,1,0,27,27
CYTK1;LARGEg,1,1,27,26
CYTK1;MAN1PT2,1,0,27,27
CYTK1;MAN6PI,1,0,27,27
CYTK1;NDP7er,1,0,27,27
CYTK1;NDP7g,1,0,27,27
CYTK1;PCOREM3terg,1,1,27,26
CYTK1;PGMT,1,0,27,27
CYTK1;PItg,1,0,27,27
CYTK1;PMANM,1,0,27,27
CYTK1;POCDPRBTLT2g,1,1,27,26
CYTK1;POCDPRBTLTg,1,1,27,26
CYTK1;POGLCNACTg,1,1,27,26
CYTK1;POMGNGALNTr,1,1,27,26
CYTK1;POMGNTr,1,1,27,26
CYTK1;POMKr,1,1,27,26
CYTK1;POXYLTg,1,1,27,26
CYTK1;RBT5PCYTr,1,1,27,26
CYTK1;RBT5PDH,1,1,27,26
CYTK1;THRA,1,0,27,27
CYTK1;UACGAMUMPtr,1,1,27,26
CYTK1;UAG4E,1,1,27,26
CYTK1;UAGDP,1,0,27,27
CYTK1;UDPGD,1,0,27,27
CYTK1;UDPGLCAtg,1,1,27,26
CYTK1;UDPGLDCg,1,1,27,26
CYTK1;UGALNACter,1,1,27,26
CYTK1;UGLCNACtg,1,0,27,27
CYTK8;DOLMANP_ter,1,0,27,27
CYTK8;DOLPMT,1,0,27,27
CYTK8;DOLPOMTr,1,0,27,27
CYTK8;DOLP_ter,1,0,27,27
CYTK8;GALU,1,0,27,27
CYTK8;GF6PTA,1,0,27,27
CYTK8;H2Otg,1,0,27,27
CYTK8;Htg,1,0,27,27
CYTK8;LARGEg,1,0,27,27
CYTK8;MAN1PT2,1,0,27,27
CYTK8;MAN6PI,1,0,27,27
CYTK8;NDP7er,1,0,27,27
CYTK8;NDP7g,1,0,27,27
CYTK8;PCOREM3terg,1,0,27,27
CYTK8;PGMT,1,0,27,27
CYTK8;PItg,1,0,27,27
CYTK8;PMANM,1,0,27,27
CYTK8;POCDPRBTLT2g,1,0,27,27
CYTK8;POCDPRBTLTg,1,0,27,27
CYTK8;POGLCNACTg,1,0,27,27
CYTK8;POMGNGALNTr,1,0,27,27
CYTK8;POMGNTr,1,0,27,27
CYTK8;POMKr,1,0,27,27
CYTK8;POXYLTg,1,0,27,27
CYTK8;RBT5PCYTr,1,0,27,27
CYTK8;RBT5PDH,1,0,27,27
CYTK8;THRA,1,0,27,27
CYTK8;UACGAMUMPtr,1,0,27,27
CYTK8;UAG4E,1,0,27,27
CYTK8;UAGDP,1,0,27,27
CYTK8;UDPGD,1,0,27,27
CYTK8;UDPGLCAtg,1,0,27,27
CYTK8;UDPGLDCg,1,0,27,27
CYTK8;UGALNACter,1,0,27,27
CYTK8;UGLCNACtg,1,0,27,27
D3AIBTm;GLYt4,1,0,27,27
DAGKm_hs;AGPAT1m,0,1,28,26
DAGKm_hs;ALASm,1,0,27,27
DAGKm_hs;ATP1ter,1,0,27,27
DAGKm_hs;ATPt4,1,1,27,26
DAGKm_hs;ATPtm,0,1,28,26
DAGKm_hs;BILDGLUCRabc,1,0,27,27
DAGKm_hs;BILIRED2,1,0,27,27
DAGKm_hs;BILIRUBtr,1,0,27,27
DAGKm_hs;CO2tm,1,0,27,27
DAGKm_hs;COt,1,0,27,27
DAGKm_hs;CPPPGO,1,0,27,27
DAGKm_hs;FCLTm,1,0,27,27
DAGKm_hs;FE2tm,1,0,27,27
DAGKm_hs;GPAMm_hs,0,1,28,26
DAGKm_hs;HCO3E,1,0,27,27
DAGKm_hs;HMBS,1,0,27,27
DAGKm_hs;HOXG,1,0,27,27
DAGKm_hs;NDP7er,1,0,27,27
DAGKm_hs;PHEMEtm,1,0,27,27
DAGKm_hs;PIter,1,0,27,27
DAGKm_hs;PPAm,0,1,28,26
DAGKm_hs;PPBNGS,1,0,27,27
DAGKm_hs;PPCOACRNtm,0,1,28,26
DAGKm_hs;PPCOAtm,0,1,28,26
DAGKm_hs;PPPG9tm,1,0,27,27
DAGKm_hs;PPPGOm,1,0,27,27
DAGKm_hs;PROAKGOX1m,1,0,27,27
DAGKm_hs;PROtm,1,0,27,27
DAGKm_hs;RTOTALCRNCPT1,0,1,28,26
DAGKm_hs;RTOTALCRNCPT2,0,1,28,26
DAGKm_hs;RTOTALCRNt,0,1,28,26
DAGKm_hs;SUCOASm,1,0,27,27
DAGKm_hs;THRALANaEx,1,0,27,27
DAGKm_hs;UDPGD,1,0,27,27
DAGKm_hs;UDPGLCAter,1,0,27,27
DAGKm_hs;UGT1A2r,1,0,27,27
DAGKm_hs;UPP3S,1,0,27,27
DAGKm_hs;UPPDC1,1,0,27,27
DAG_Hstem;FCLTm,1,0,27,27
DAG_Hstem;FE2tm,1,0,27,27
DAG_Hstem;GPAMm_hs,0,1,28,26
DAG_Hstem;HCO3E,1,0,27,27
DAG_Hstem;HMBS,1,0,27,27
DAG_Hstem;HOXG,1,0,27,27
DAG_Hstem;NDP7er,1,0,27,27
DAG_Hstem;PHEMEtm,1,0,27,27
DAG_Hstem;PIter,1,0,27,27
DAG_Hstem;PPAm,0,1,28,26
DAG_Hstem;PPBNGS,1,0,27,27
DAG_Hstem;PPCOACRNtm,0,1,28,26
DAG_Hstem;PPCOAtm,0,1,28,26
DAG_Hstem;PPPG9tm,1,0,27,27
DAG_Hstem;PPPGOm,1,0,27,27
DAG_Hstem;PROAKGOX1m,1,0,27,27
DAG_Hstem;PROtm,1,0,27,27
DAG_Hstem;RTOTALCRNCPT1,0,1,28,26
DAG_Hstem;RTOTALCRNCPT2,0,1,28,26
DAG_Hstem;RTOTALCRNt,0,1,28,26
DAG_Hstem;SUCOASm,1,0,27,27
DAG_Hstem;THRALANaEx,1,0,27,27
DAG_Hstem;UDPGD,1,0,27,27
DAG_Hstem;UDPGLCAter,1,0,27,27
DAG_Hstem;UGT1A2r,1,0,27,27
DAG_Hstem;UPP3S,1,0,27,27
DAG_Hstem;UPPDC1,1,0,27,27
DALAOXx;GLXtm,0,1,28,26
DALAOXx;GLXtp,0,1,28,26
DALAOXx;GLYCLTDym,0,1,28,26
DALAOXx;GLYCLTtm,0,1,28,26
DALAOXx;GLYCLTtp,0,1,28,26
DALAOXx;GLYCTO1p,0,1,28,26
DALAxt;GLXtm,0,1,28,26
DALAxt;GLXtp,0,1,28,26
DALAxt;GLYCLTDym,0,1,28,26
DALAxt;GLYCLTtm,0,1,28,26
DALAxt;GLYCLTtp,0,1,28,26
DALAxt;GLYCTO1p,0,1,28,26
DASCBR;AKGtn,1,1,27,26
DASCBR;CO2tn,1,1,27,26
DASCBR;DHAAt1r,1,0,27,27
DASCBR;ENO,1,0,27,27
DASCBR;FALDtn,1,1,27,26
DASCBR;FUM,0,1,28,26
DASCBR;G14T18g,1,0,27,27
DASCBR;G14T19g,1,0,27,27
DASCBR;G14T20g,1,0,27,27
DASCBR;G14T21g,1,0,27,27
DASCBR;GALASE17ly,1,0,27,27
DASCBR;GALASE18ly,1,0,27,27
DASCBR;GALASE19ly,1,0,27,27
DASCBR;GALASE20ly,1,0,27,27
DASCBR;GALNTg,1,0,27,27
DASCBR;GALtly,1,0,27,27
DASCBR;GF6PTA,1,0,27,27
DASCBR;GLACter,1,0,27,27
DASCBR;GLCURter,1,0,27,27
DASCBR;GLCURtly,1,0,27,27
DASCBR;GLRASE,1,0,27,27
DASCBR;GLYt7_311_r,1,0,27,27
DASCBR;GULLACter,1,0,27,27
DASCBR;GULOer,1,0,27,27
DASCBR;H2O2syn,1,0,27,27
DASCBR;H2O2t,1,0,27,27
DASCBR;H2O2ter,1,0,27,27
DASCBR;H2Otg,1,0,27,27
DASCBR;H2Otly,1,0,27,27
DASCBR;H3K4DMET_1,0,1,28,26
DASCBR;H3K4MET_1,0,1,28,26
DASCBR;H3K9DMET_1,1,0,27,27
DASCBR;H3K9MET_1,1,0,27,27
DASCBR;HAS1,1,0,27,27
DASCBR;HAS2,1,0,27,27
DASCBR;HAtly,1,0,27,27
DASCBR;HYAL,1,0,27,27
DASCBR;Htg,1,0,27,27
DASCBR;IMAGH,1,0,27,27
DASCBR;KSII_CORE4t,1,0,27,27
DASCBR;KSII_CORE4tly,1,0,27,27
DASCBR;LDH_L,0,1,28,26
DASCBR;MAL_Lte,0,1,28,26
DASCBR;MEOHt2,1,1,27,26
DASCBR;NACHEX24ly,1,0,27,27
DASCBR;NACHEX25ly,1,0,27,27
DASCBR;NACHEX26ly,1,0,27,27
DASCBR;NAGA2ly,1,0,27,27
DASCBR;NAGLCAly,1,0,27,27
DASCBR;NDP7g,1,0,27,27
DASCBR;NMNS,2,0,26,27
DASCBR;O2tn,1,1,27,26
DASCBR;PAPStg,1,0,27,27
DASCBR;PAPtg,1,0,27,27
DASCBR;PGM,1,0,27,27
DASCBR;PItg,1,0,27,27
DASCBR;S23T4g,1,0,27,27
DASCBR;S6T16g,1,0,27,27
DASCBR;S6T17g,1,0,27,27
DASCBR;S6T18g,1,0,27,27
DASCBR;S6TASE24ly,1,0,27,27
DASCBR;S6TASE25ly,1,0,27,27
DASCBR;S6TASE26ly,1,0,27,27
DASCBR;SADT,1,0,27,27
DASCBR;SIAASE4ly,1,0,27,27
DASCBR;SO4tl,1,0,27,27
DASCBR;Ser/Thrtg,1,0,27,27
DASCBR;THRA,2,0,26,27
DASCBR;TXA2tr,0,1,28,26
DASCBR;TXB2c,0,1,28,26
DASCBR;TXB2r,0,1,28,26
DASCBR;TXB2tr,0,1,28,26
DASCBR;UAGDP,1,0,27,27
DASCBR;UDPACGALtl,1,0,27,27
DASCBR;UDPG4E,1,0,27,27
DASCBR;UDPGALtg,1,0,27,27
DASCBR;UDPtl,1,0,27,27
DASCBR;UGALNACtg,1,0,27,27
DASCBR;UGLCNACtg,1,0,27,27
DASCBR;UROLACer,1,0,27,27
DCT;H2Ot,0,1,28,26
DESAT16_1;DESAT18_1,2,1,26,26
DESAT16_1;DHFR,0,2,28,25
DESAT16_1;DHFRm,0,2,28,25
DESAT16_1;DHFtm,0,2,28,25
DESAT16_1;FAE180,5,1,23,26
DESAT16_1;FCLTm,0,1,28,26
DESAT16_1;FE2tm,0,1,28,26
DESAT16_1;FUM,0,1,28,26
DESAT16_1;GALU,0,2,28,25
DESAT16_1;GLYt4,0,1,28,26
DESAT16_1;GTPGDPtm,0,1,28,26
DESAT16_1;H2O2t,0,1,28,26
DESAT16_1;H2Oter,0,2,28,25
DESAT16_1;HACD180,5,1,23,26
DESAT16_1;HCO3E,0,1,28,26
DESAT16_1;HMBS,0,1,28,26
DESAT16_1;HMGCOASi,1,0,27,27
DESAT16_1;HOXG,0,1,28,26
DESAT16_1;HSD180,5,1,23,26
DESAT16_1;Htr,0,1,28,26
DESAT16_1;ICDHxrm,0,1,28,26
DESAT16_1;ICDHyrm,0,1,28,26
DESAT16_1;LDH_L,0,2,28,25
DESAT16_1;MAL_Lte,0,1,28,26
DESAT16_1;NDP7er,0,1,28,26
DESAT16_1;OXALSUCCCLm,0,1,28,26
DESAT16_1;PGMT,0,2,28,25
DESAT16_1;PHEMEtm,0,1,28,26
DESAT16_1;PHEOX,0,1,28,26
DESAT16_1;PHETA1,0,1,28,26
DESAT16_1;PIMALtm,0,1,28,26
DESAT16_1;PIt9,0,1,28,26
DESAT16_1;PIter,0,1,28,26
DESAT16_1;PPBNGS,0,1,28,26
DESAT16_1;PPPG9tm,0,1,28,26
DESAT16_1;PPPGOm,0,1,28,26
DESAT16_1;PROAKGOX1m,0,1,28,26
DESAT16_1;PROtm,0,1,28,26
DESAT16_1;R5Ptr,0,1,28,26
DESAT16_1;RADH3,0,1,28,26
DESAT16_1;RADH4,0,1,28,26
DESAT16_1;RPIr,0,1,28,26
DESAT16_1;RTOT5,2,0,26,27
DESAT16_1;RU5Ptr,0,1,28,26
DESAT16_1;SO3AKGtm,0,1,28,26
DESAT16_1;SO3MALtm,0,1,28,26
DESAT16_1;SUCOAS1m,0,1,28,26
DESAT16_1;TECR180,5,1,23,26
DESAT16_1;THFtm,0,3,28,24
DESAT16_1;THRA,0,1,28,26
DESAT16_1;TXA2tr,0,2,28,25
DESAT16_1;TXB2c,0,2,28,25
DESAT16_1;TXB2r,0,2,28,25
DESAT16_1;TXB2tr,0,2,28,25
DESAT16_1;UDPGCURtr,0,1,28,26
DESAT16_1;UDPGD,0,1,28,26
DESAT16_1;UGT1A2r,0,1,28,26
DESAT16_1;UMPtr,0,1,28,26
DESAT16_1;UPP3S,0,1,28,26
DESAT16_1;UPPDC1,0,1,28,26
DESAT18_1;ARTFR43,0,1,28,26
DESAT18_1;ARTFR52,6,1,22,26
DESAT18_1;DHCRD1,1,0,27,27
DESAT18_1;DHFR,1,1,27,26
DESAT18_1;DHFR3m,0,1,28,26
DESAT18_1;DHFR3x,0,1,28,26
DESAT18_1;DHFRm,0,1,28,26
DESAT18_1;DPCOAK,1,0,27,27
DESAT18_1;FADH2ETC,1,0,27,27
DESAT18_1;FAE181,0,1,28,26
DESAT18_1;FAE200,6,1,22,26
DESAT18_1;FAE220,6,1,22,26
DESAT18_1;FAE240,6,1,22,26
DESAT18_1;FAE260,6,1,22,26
DESAT18_1;FCLTm,1,0,27,27
DESAT18_1;FE2tm,1,0,27,27
DESAT18_1;FOLtm,0,1,28,26
DESAT18_1;GLXtm,0,1,28,26
DESAT18_1;GLXtp,0,1,28,26
DESAT18_1;GLYC3Ptm,1,0,27,27
DESAT18_1;GLYCLTDym,0,1,28,26
DESAT18_1;GLYCLTtm,0,1,28,26
DESAT18_1;GLYCLTtp,0,1,28,26
DESAT18_1;GLYCTO1p,0,1,28,26
DESAT18_1;GTPGDPtm,1,0,27,27
DESAT18_1;HACD181,0,1,28,26
DESAT18_1;HACD200,6,1,22,26
DESAT18_1;HACD220,6,1,22,26
DESAT18_1;HACD240,6,1,22,26
DESAT18_1;HACD260,6,1,22,26
DESAT18_1;HEXCCOAtr,6,1,22,26
DESAT18_1;HMBS,1,0,27,27
DESAT18_1;HOXG,1,0,27,27
DESAT18_1;HSD181,0,1,28,26
DESAT18_1;HSD200,6,1,22,26
DESAT18_1;HSD220,6,1,22,26
DESAT18_1;HSD240,6,1,22,26
DESAT18_1;HSD260,6,1,22,26
DESAT18_1;NDPK1,1,0,27,27
DESAT18_1;NTD7,1,0,27,27
DESAT18_1;OCTD11ECOAtr,0,1,28,26
DESAT18_1;PHEMEtm,1,0,27,27
DESAT18_1;PIMALtm,1,0,27,27
DESAT18_1;PNTK,1,0,27,27
DESAT18_1;PNTOte,1,0,27,27
DESAT18_1;PPBNGS,1,0,27,27
DESAT18_1;PPCDC,1,0,27,27
DESAT18_1;PPNCL2,1,0,27,27
DESAT18_1;PPPG9tm,1,0,27,27
DESAT18_1;PPPGOm,1,0,27,27
DESAT18_1;PROAKGOX1m,1,0,27,27
DESAT18_1;PROtm,2,0,26,27
DESAT18_1;PTPAT,1,0,27,27
DESAT18_1;RTOT4,0,1,28,26
DESAT18_1;RTOT5,6,1,22,26
DESAT18_1;SO4AKGtm,1,0,27,27
DESAT18_1;SO4MALtm,1,0,27,27
DESAT18_1;SUCOAS1m,1,0,27,27
DESAT18_1;TECR181,0,1,28,26
DESAT18_1;TECR200,6,1,22,26
DESAT18_1;TECR220,6,1,22,26
DESAT18_1;TECR240,6,1,22,26
DESAT18_1;TECR260,6,1,22,26
DESAT18_1;THFtm,0,1,28,26
DESAT18_1;UDPGD,1,0,27,27
DESAT18_1;UDPGLCAter,1,0,27,27
DESAT18_1;UPP3S,1,0,27,27
DESAT18_1;UPPDC1,1,0,27,27
DGCHOLt2e;PROt4,0,1,28,26
DGCHOLt2e;PROt4_2_r,0,1,28,26
DGCHOLte;PROt4,0,1,28,26
DGCHOLte;PROt4_2_r,0,1,28,26
DGULND;GLYt4,2,0,26,27
DHAAt1r;DPCOAK,2,0,26,27
DHAAt1r;H2O2t,1,0,27,27
DHAAt1r;PNTK,2,0,26,27
DHAAt1r;PNTOte,2,0,26,27
DHAAt1r;PPCDC,2,0,26,27
DHAAt1r;PPNCL2,2,0,26,27
DHAAt1r;PTPAT,2,0,26,27
DHAPA;DURAD2,1,0,27,27
DHAPA;DURAD2xm,1,0,27,27
DHAPA;LALDD,1,0,27,27
DHAPA;LCADi_D,1,0,27,27
DHAPA;THYMtm,1,0,27,27
DHAPA;UMPK,0,1,28,26
DHCHOLOR;DOLASNTer,0,1,28,26
DHCHOLOR;DOLDPPer,0,1,28,26
DHCHOLOR;DOLGLCP_ter,0,1,28,26
DHCHOLOR;DOLMANP_ter,0,1,28,26
DHCHOLOR;DOLPGT1er,0,1,28,26
DHCHOLOR;DOLPGT2er,0,1,28,26
DHCHOLOR;DOLPGT3er,0,1,28,26
DHCHOLOR;DOLPMT,0,1,28,26
DHCHOLOR;DOLPMT1er,0,1,28,26
DHCHOLOR;DOLPMT2_er,0,1,28,26
DHCHOLOR;DOLPMT3er,0,1,28,26
DHCHOLOR;DOLPMT4_er,0,1,28,26
DHCHOLOR;DOLP_ter,0,1,28,26
DHCHOLOR;G12MT1,0,1,28,26
DHCHOLOR;G12MT2,0,1,28,26
DHCHOLOR;G13MT,0,1,28,26
DHCHOLOR;G16MT,0,1,28,26
DHCHOLOR;GALU,0,1,28,26
DHCHOLOR;GF6PTA,0,1,28,26
DHCHOLOR;GLCNACPT,0,1,28,26
DHCHOLOR;GLCNACT,0,1,28,26
DHCHOLOR;GLCter,0,1,28,26
DHCHOLOR;H2Otg,0,1,28,26
DHCHOLOR;HEX16,0,1,28,26
DHCHOLOR;Htg,0,1,28,26
DHCHOLOR;LDH_L,0,1,28,26
DHCHOLOR;M1316Mg,0,1,28,26
DHCHOLOR;M13N2Tg,0,1,28,26
DHCHOLOR;M4MPDOL_ter,0,1,28,26
DHCHOLOR;M8MASNterg,0,1,28,26
DHCHOLOR;MAN1PT2,0,1,28,26
DHCHOLOR;MAN6PI,0,1,28,26
DHCHOLOR;MANtg,0,1,28,26
DHCHOLOR;METOX,0,1,28,26
DHCHOLOR;MG1er,0,1,28,26
DHCHOLOR;MG2er,0,1,28,26
DHCHOLOR;MG3er,0,1,28,26
DHCHOLOR;MM5ag,0,1,28,26
DHCHOLOR;MM6bg,0,1,28,26
DHCHOLOR;MM7Cag,0,1,28,26
DHCHOLOR;MM8Ag,0,1,28,26
DHCHOLOR;NDP7g,0,1,28,26
DHCHOLOR;PGMT,0,1,28,26
DHCHOLOR;PItg,0,1,28,26
DHCHOLOR;PMANM,0,1,28,26
DHCHOLOR;PYRAKGte,0,1,28,26
DHCHOLOR;PYRFORte,0,1,28,26
DHCHOLOR;THRA,0,1,28,26
DHCHOLOR;UAGDP,0,1,28,26
DHCHOLOR;UDPDOLPT,0,1,28,26
DHCHOLOR;UGLCNACtg,0,1,28,26
DHCHOLOR;UMPK,0,1,28,26
DHCHOLOR;UNK3,0,1,28,26
DHCR241r;ICDHyrm,1,0,27,27
DHCR241r;OXALSUCCCLm,1,0,27,27
DHCR242r;GLUPROASCT1,1,0,27,27
DHCRD1;ARTFR42,1,0,27,27
DHCRD1;DHCRD2,3,3,25,24
DHCRD1;FADFADH2tm,3,3,25,24
DHCRD1;FADH2ETC,0,2,28,25
DHCRD1;FAE180,1,0,27,27
DHCRD1;HACD180,1,0,27,27
DHCRD1;HSD180,1,0,27,27
DHCRD1;MALCOAMT,1,0,27,27
DHCRD1;MALCOAMTr,1,0,27,27
DHCRD1;PMTCOAFABP1tc,1,0,27,27
DHCRD1;RDH1a,0,1,28,26
DHCRD1;RTOT4,1,0,27,27
DHCRD1;TECR180,1,0,27,27
DHCRD2;DHFR,0,1,28,26
DHCRD2;DHFR3m,0,1,28,26
DHCRD2;DHFR3x,0,1,28,26
DHCRD2;DHFRm,0,1,28,26
DHCRD2;DPCOAK,2,0,26,27
DHCRD2;FOLtm,0,1,28,26
DHCRD2;PIt2m_2,0,1,28,26
DHCRD2;PNTK,2,0,26,27
DHCRD2;PNTOte,2,0,26,27
DHCRD2;PPCDC,2,0,26,27
DHCRD2;PPNCL2,2,0,26,27
DHCRD2;PTPAT,2,0,26,27
DHCRD2;THFtm,0,1,28,26
DHEASt5e;FADDPle,0,1,28,26
DHEASt5e;FADte,0,1,28,26
DHEASt5e;FMNALKPle,0,1,28,26
DHEASt5e;FMNAT,0,1,28,26
DHEASt5e;RBFK,0,1,28,26
DHEASt5e;RIBFLVt6,0,1,28,26
DHEASt;FADDPle,0,1,28,26
DHEASt;FADte,0,1,28,26
DHEASt;FMNALKPle,0,1,28,26
DHEASt;FMNAT,0,1,28,26
DHEASt;RBFK,0,1,28,26
DHEASt;RIBFLVt6,0,1,28,26
DHFR3m;ACITLn,1,0,27,27
DHFR3m;ADPtn,1,0,27,27
DHFR3m;ARTFR56,0,1,28,26
DHFR3m;CITtn,1,0,27,27
DHFR3m;DHFRm,2,0,26,27
DHFR3m;FADFADH2tm,0,1,28,26
DHFR3m;FAE180,0,1,28,26
DHFR3m;FAE201,0,1,28,26
DHFR3m;FAE221,0,1,28,26
DHFR3m;FAE224,0,1,28,26
DHFR3m;FAE241,0,1,28,26
DHFR3m;FAE244,0,1,28,26
DHFR3m;GDPFUCtg,0,1,28,26
DHFR3m;GDPtg,0,1,28,26
DHFR3m;GF6PTA,0,1,28,26
DHFR3m;GFUCSx,0,1,28,26
DHFR3m;GLYC3Ptmc,1,0,27,27
DHFR3m;GMAND,0,1,28,26
DHFR3m;GMPtg,0,1,28,26
DHFR3m;H2O2tp,0,1,28,26
DHFR3m;H2Otg,0,1,28,26
DHFR3m;H2Otp,0,1,28,26
DHFR3m;HACD180,0,1,28,26
DHFR3m;HACD201,0,1,28,26
DHFR3m;HACD221,0,1,28,26
DHFR3m;HACD224,0,1,28,26
DHFR3m;HACD241,0,1,28,26
DHFR3m;HACD244,0,1,28,26
DHFR3m;HSD180,0,1,28,26
DHFR3m;HSD201,0,1,28,26
DHFR3m;HSD221,0,1,28,26
DHFR3m;HSD224,0,1,28,26
DHFR3m;HSD241,0,1,28,26
DHFR3m;HSD244,0,1,28,26
DHFR3m;Htg,0,1,28,26
DHFR3m;Htx,0,1,28,26
DHFR3m;ICDHyrm,1,0,27,27
DHFR3m;IDHPOXOX2b,0,1,28,26
DHFR3m;IDHPOXOX4,0,1,28,26
DHFR3m;IDHPOXOXb,0,1,28,26
DHFR3m;LDH_L,0,1,28,26
DHFR3m;LDH_Lm,0,1,28,26
DHFR3m;L_LACtm,0,1,28,26
DHFR3m;MALCOAMT,0,1,28,26
DHFR3m;MALCOAMTr,0,1,28,26
DHFR3m;MAN1PT2,0,1,28,26
DHFR3m;MAN6PI,0,1,28,26
DHFR3m;NACDe,1,0,27,27
DHFR3m;NACPRT,1,0,27,27
DHFR3m;NADHtpu,0,1,28,26
DHFR3m;NADtx,0,1,28,26
DHFR3m;NAIt,0,1,28,26
DHFR3m;NCAMDe,1,0,27,27
DHFR3m;NDP7g,0,1,28,26
DHFR3m;NMNDA,1,0,27,27
DHFR3m;NMNS,1,0,27,27
DHFR3m;NRVNCCOAtr,0,1,28,26
DHFR3m;NRVNCCOAtxc,0,1,28,26
DHFR3m;O2tp,0,1,28,26
DHFR3m;OAAtn,1,0,27,27
DHFR3m;OXALSUCCCLm,1,0,27,27
DHFR3m;PItg,0,1,28,26
DHFR3m;PItn,1,0,27,27
DHFR3m;PMANM,0,1,28,26
DHFR3m;PMTCOAFABP1tc,0,1,28,26
DHFR3m;PYRt2m,0,1,28,26
DHFR3m;RTOT5,0,1,28,26
DHFR3m;SADT,0,1,28,26
DHFR3m;TECR180,0,1,28,26
DHFR3m;TECR201,0,1,28,26
DHFR3m;TECR221,0,1,28,26
DHFR3m;TECR224,0,1,28,26
DHFR3m;TECR241,0,1,28,26
DHFR3m;TECR244,0,1,28,26
DHFR3m;THYPX,0,1,28,26
DHFR3m;THYST,0,1,28,26
DHFR3m;TTCTECOAtr,0,1,28,26
DHFR3m;UAGDP,0,1,28,26
DHFR3m;UDPG4E,0,1,28,26
DHFR3m;UDPGALtg,0,1,28,26
DHFR3m;UGCGc,0,1,28,26
DHFR3m;UGLCNACtg,0,1,28,26
DHFR3x;ACITLn,1,0,27,27
DHFR3x;ADPtn,1,0,27,27
DHFR3x;ARTFR56,0,1,28,26
DHFR3x;CITtn,1,0,27,27
DHFR3x;DHFRm,2,0,26,27
DHFR3x;FADFADH2tm,0,1,28,26
DHFR3x;FAE180,0,1,28,26
DHFR3x;FAE201,0,1,28,26
DHFR3x;FAE221,0,1,28,26
DHFR3x;FAE224,0,1,28,26
DHFR3x;FAE241,0,1,28,26
DHFR3x;FAE244,0,1,28,26
DHFR3x;GDPFUCtg,0,1,28,26
DHFR3x;GDPtg,0,1,28,26
DHFR3x;GF6PTA,0,1,28,26
DHFR3x;GFUCSx,0,1,28,26
DHFR3x;GLYC3Ptmc,1,0,27,27
DHFR3x;GMAND,0,1,28,26
DHFR3x;GMPtg,0,1,28,26
DHFR3x;GTHP,1,0,27,27
DHFR3x;H2O2tp,0,1,28,26
DHFR3x;H2Otg,0,1,28,26
DHFR3x;H2Otp,0,1,28,26
DHFR3x;HACD180,0,1,28,26
DHFR3x;HACD201,0,1,28,26
DHFR3x;HACD221,0,1,28,26
DHFR3x;HACD224,0,1,28,26
DHFR3x;HACD241,0,1,28,26
DHFR3x;HACD244,0,1,28,26
DHFR3x;HSD180,0,1,28,26
DHFR3x;HSD201,0,1,28,26
DHFR3x;HSD221,0,1,28,26
DHFR3x;HSD224,0,1,28,26
DHFR3x;HSD241,0,1,28,26
DHFR3x;HSD244,0,1,28,26
DHFR3x;Htg,0,1,28,26
DHFR3x;Htx,0,1,28,26
DHFR3x;ICDHyrm,1,0,27,27
DHFR3x;IDHPOXOX2b,0,1,28,26
DHFR3x;IDHPOXOX4,0,1,28,26
DHFR3x;IDHPOXOXb,0,1,28,26
DHFR3x;LDH_L,0,1,28,26
DHFR3x;LDH_Lm,0,1,28,26
DHFR3x;L_LACtm,0,1,28,26
DHFR3x;MALCOAMT,0,1,28,26
DHFR3x;MALCOAMTr,0,1,28,26
DHFR3x;MAN1PT2,0,1,28,26
DHFR3x;MAN6PI,0,1,28,26
DHFR3x;NACDe,1,0,27,27
DHFR3x;NACPRT,1,0,27,27
DHFR3x;NADHtpu,0,1,28,26
DHFR3x;NADtx,0,1,28,26
DHFR3x;NAIt,0,1,28,26
DHFR3x;NCAMDe,1,0,27,27
DHFR3x;NDP7g,0,1,28,26
DHFR3x;NMNDA,1,0,27,27
DHFR3x;NMNS,1,0,27,27
DHFR3x;NRVNCCOAtr,0,1,28,26
DHFR3x;NRVNCCOAtxc,0,1,28,26
DHFR3x;O2tp,0,1,28,26
DHFR3x;OAAtn,1,0,27,27
DHFR3x;OXALSUCCCLm,1,0,27,27
DHFR3x;PItg,0,1,28,26
DHFR3x;PItn,1,0,27,27
DHFR3x;PMANM,0,1,28,26
DHFR3x;PMTCOAFABP1tc,0,1,28,26
DHFR3x;PYRt2m,0,1,28,26
DHFR3x;RNAdeg,1,0,27,27
DHFR3x;RTOT5,0,1,28,26
DHFR3x;SADT,0,1,28,26
DHFR3x;TECR180,0,1,28,26
DHFR3x;TECR201,0,1,28,26
DHFR3x;TECR221,0,1,28,26
DHFR3x;TECR224,0,1,28,26
DHFR3x;TECR241,0,1,28,26
DHFR3x;TECR244,0,1,28,26
DHFR3x;THYPX,0,1,28,26
DHFR3x;THYST,0,1,28,26
DHFR3x;TTCTECOAtr,0,1,28,26
DHFR3x;UAGDP,0,1,28,26
DHFR3x;UDPG4E,0,1,28,26
DHFR3x;UDPGALtg,0,1,28,26
DHFR3x;UGCGc,0,1,28,26
DHFR3x;UGLCNACtg,0,1,28,26
DHFR;ACITLn,2,0,26,27
DHFR;ADPtn,2,0,26,27
DHFR;ARTFR41,0,2,28,25
DHFR;ARTFR45,1,0,27,27
DHFR;ARTFR52,1,0,27,27
DHFR;ARTFR56,0,1,28,26
DHFR;CITtn,2,0,26,27
DHFR;DHFR3m,3,2,25,25
DHFR;DHFR3x,4,2,24,25
DHFR;DHFRm,9,7,19,20
DHFR;DHFRx,5,1,23,26
DHFR;DHFtm,11,6,17,21
DHFR;DLD,1,0,27,27
DHFR;DMGDHm,1,1,27,26
DHFR;DMGtm,1,1,27,26
DHFR;FADFADH2tm,0,1,28,26
DHFR;FAE180,0,1,28,26
DHFR;FAE200,1,0,27,27
DHFR;FAE201,1,1,27,26
DHFR;FAE220,1,0,27,27
DHFR;FAE221,1,1,27,26
DHFR;FAE224,0,1,28,26
DHFR;FAE240,1,0,27,27
DHFR;FAE241,1,1,27,26
DHFR;FAE244,0,1,28,26
DHFR;FAE260,1,0,27,27
DHFR;FALDte,0,1,28,26
DHFR;FALDtm,1,1,27,26
DHFR;FALDtx,1,1,27,26
DHFR;FCLTm,2,0,26,27
DHFR;FE2tm,2,0,26,27
DHFR;FOLR2,0,1,28,26
DHFR;FOLt2,1,1,27,26
DHFR;FOLtm,3,2,25,25
DHFR;GALGLUSIDEtg,0,1,28,26
DHFR;GALGLUSIDEtr,0,1,28,26
DHFR;GALU,1,1,27,26
DHFR;GDPFUCtg,0,2,28,25
DHFR;GDPtg,0,2,28,25
DHFR;GF6PTA,0,2,28,25
DHFR;GFUCS,0,1,28,26
DHFR;GFUCSx,0,1,28,26
DHFR;GHMT2rm,0,1,28,26
DHFR;GLUDym,2,0,26,27
DHFR;GLYBtm,1,1,27,26
DHFR;GLYC3Ptmc,1,0,27,27
DHFR;GLYtp,1,1,27,26
DHFR;GMAND,0,2,28,25
DHFR;GMPtg,0,2,28,25
DHFR;GTHP,1,0,27,27
DHFR;GTPGDPtm,1,0,27,27
DHFR;H2O2t,1,0,27,27
DHFR;H2O2tp,1,2,27,25
DHFR;H2Otg,0,2,28,25
DHFR;H2Otp,1,2,27,25
DHFR;HACD180,0,1,28,26
DHFR;HACD200,1,0,27,27
DHFR;HACD201,1,1,27,26
DHFR;HACD220,1,0,27,27
DHFR;HACD221,1,1,27,26
DHFR;HACD224,0,1,28,26
DHFR;HACD240,1,0,27,27
DHFR;HACD241,1,1,27,26
DHFR;HACD244,0,1,28,26
DHFR;HACD260,1,0,27,27
DHFR;HCO3E,1,0,27,27
DHFR;HCO3Ee,1,0,27,27
DHFR;HCO3Em,0,1,28,26
DHFR;HCO3tm,0,1,28,26
DHFR;HEXCCOAtr,1,0,27,27
DHFR;HMBS,2,0,26,27
DHFR;HMGCOASi,1,0,27,27
DHFR;HOXG,2,0,26,27
DHFR;HSD180,0,1,28,26
DHFR;HSD200,1,0,27,27
DHFR;HSD201,1,1,27,26
DHFR;HSD220,1,0,27,27
DHFR;HSD221,1,1,27,26
DHFR;HSD224,0,1,28,26
DHFR;HSD240,1,0,27,27
DHFR;HSD241,1,1,27,26
DHFR;HSD244,0,1,28,26
DHFR;HSD260,1,0,27,27
DHFR;Htg,0,2,28,25
DHFR;Htx,0,1,28,26
DHFR;ICDHyrm,3,1,25,26
DHFR;IDHPOXOX2b,0,1,28,26
DHFR;IDHPOXOX4,0,1,28,26
DHFR;IDHPOXOXb,0,1,28,26
DHFR;LDH_L,0,3,28,24
DHFR;LDH_Lm,0,1,28,26
DHFR;L_LACtm,0,1,28,26
DHFR;MALCOAMT,0,1,28,26
DHFR;MALCOAMTr,0,1,28,26
DHFR;MAN1PT2,0,2,28,25
DHFR;MAN6PI,0,2,28,25
DHFR;METAT,1,1,27,26
DHFR;NACDe,1,0,27,27
DHFR;NACPRT,1,0,27,27
DHFR;NADH2_u10m,0,1,28,26
DHFR;NADHtpu,0,1,28,26
DHFR;NADtx,0,1,28,26
DHFR;NAIt,0,1,28,26
DHFR;NCAMDe,1,0,27,27
DHFR;NDP7er,1,1,27,26
DHFR;NDP7g,0,2,28,25
DHFR;NDPK1,1,0,27,27
DHFR;NH4tm,2,0,26,27
DHFR;NMNDA,1,0,27,27
DHFR;NMNS,1,0,27,27
DHFR;NQO2,1,1,27,26
DHFR;NRVNCCOAtr,1,1,27,26
DHFR;NRVNCCOAtxc,0,1,28,26
DHFR;O2tp,1,2,27,25
DHFR;OAAtn,2,0,26,27
DHFR;OXALSUCCCLm,3,0,25,27
DHFR;P5CRm,0,1,28,26
DHFR;P5CRxm,1,0,27,27
DHFR;PCFLOPm,0,1,28,26
DHFR;PETOHMm_hs,0,1,28,26
DHFR;PGMT,1,1,27,26
DHFR;PHEMEtm,2,0,26,27
DHFR;PIMALtm,2,0,26,27
DHFR;PIter,0,1,28,26
DHFR;PItg,0,2,28,25
DHFR;PItn,2,0,26,27
DHFR;PLMCOAPTr,0,2,28,25
DHFR;PMANM,0,2,28,25
DHFR;PMTCOAFABP1tc,0,3,28,24
DHFR;PPAm,0,1,28,26
DHFR;PPBNGS,2,0,26,27
DHFR;PPItm,0,1,28,26
DHFR;PPPG9tm,2,0,26,27
DHFR;PPPGOm,2,0,26,27
DHFR;PROAKGOX1m,1,0,27,27
DHFR;PROD2m,1,1,27,26
DHFR;PROGLUtm,2,0,26,27
DHFR;PROSTGE2t,1,0,27,27
DHFR;PROSTGE2t2,1,0,27,27
DHFR;PROtm,3,0,25,27
DHFR;PUNP1,0,1,28,26
DHFR;PYK,0,1,28,26
DHFR;PYRt2m,0,1,28,26
DHFR;RADH3,0,1,28,26
DHFR;RADH4,0,1,28,26
DHFR;RDH1,0,1,28,26
DHFR;RDH1a,0,1,28,26
DHFR;RNAdeg,1,0,27,27
DHFR;RTOT4,1,2,27,25
DHFR;RTOT5,1,1,27,26
DHFR;SADT,0,1,28,26
DHFR;SARCOXp,1,1,27,26
DHFR;SARCStm,1,1,27,26
DHFR;SARCStp,1,1,27,26
DHFR;SERTm,0,1,28,26
DHFR;SO3AKGtm,1,0,27,27
DHFR;SO3MALtm,1,0,27,27
DHFR;SO4AKGtm,1,0,27,27
DHFR;SO4MALtm,1,0,27,27
DHFR;SUCOAS1m,1,0,27,27
DHFR;TECR180,0,1,28,26
DHFR;TECR200,1,0,27,27
DHFR;TECR201,1,1,27,26
DHFR;TECR220,1,0,27,27
DHFR;TECR221,1,1,27,26
DHFR;TECR224,0,1,28,26
DHFR;TECR240,1,0,27,27
DHFR;TECR241,1,1,27,26
DHFR;TECR244,0,1,28,26
DHFR;TECR260,1,0,27,27
DHFR;THFt2,1,1,27,26
DHFR;THFtm,12,7,16,20
DHFR;THYPX,0,1,28,26
DHFR;THYST,0,1,28,26
DHFR;TTCTECOAtr,0,1,28,26
DHFR;UAGDP,0,2,28,25
DHFR;UDPG4E,0,2,28,25
DHFR;UDPGALt2r,0,1,28,26
DHFR;UDPGALtg,0,2,28,25
DHFR;UDPGD,2,0,26,27
DHFR;UDPGGPGTr,0,1,28,26
DHFR;UDPGLCAter,2,0,26,27
DHFR;UGCGc,0,2,28,25
DHFR;UGLCNACtg,0,2,28,25
DHFR;UMPtr,0,1,28,26
DHFR;UPP3S,2,0,26,27
DHFR;UPPDC1,2,0,26,27
DHFR;q10h2tc,1,1,27,26
DHFR;q10tm,1,1,27,26
DHFRm;ARTFR41,0,2,28,25
DHFRm;ARTFR52,1,0,27,27
DHFRm;ARTFR56,0,1,28,26
DHFRm;DMGDHm,0,1,28,26
DHFRm;DMGtm,0,1,28,26
DHFRm;FADFADH2tm,0,1,28,26
DHFRm;FADRx2,0,1,28,26
DHFRm;FAE180,0,1,28,26
DHFRm;FAE200,1,0,27,27
DHFRm;FAE201,0,1,28,26
DHFRm;FAE220,1,0,27,27
DHFRm;FAE221,0,1,28,26
DHFRm;FAE224,0,1,28,26
DHFRm;FAE240,1,0,27,27
DHFRm;FAE241,0,1,28,26
DHFRm;FAE244,0,1,28,26
DHFRm;FAE260,1,0,27,27
DHFRm;FALDte,0,1,28,26
DHFRm;FALDtm,0,1,28,26
DHFRm;FALDtx,0,1,28,26
DHFRm;FCLTm,1,0,27,27
DHFRm;FE2tm,1,0,27,27
DHFRm;FOLtm,2,0,26,27
DHFRm;FTHFDHm,2,0,26,27
DHFRm;GALGLUSIDEtg,0,1,28,26
DHFRm;GALGLUSIDEtr,0,1,28,26
DHFRm;GALU,0,2,28,25
DHFRm;GDPFUCtg,0,2,28,25
DHFRm;GDPtg,0,2,28,25
DHFRm;GF6PTA,0,3,28,24
DHFRm;GFUCS,0,1,28,26
DHFRm;GFUCSx,0,1,28,26
DHFRm;GHMT2rm,0,1,28,26
DHFRm;GLUt2m,0,1,28,26
DHFRm;GLYBtm,0,1,28,26
DHFRm;GLYtp,0,1,28,26
DHFRm;GMAND,0,2,28,25
DHFRm;GMPtg,0,2,28,25
DHFRm;GTPGDPtm,1,0,27,27
DHFRm;H2O2tp,0,2,28,25
DHFRm;H2Otg,0,3,28,24
DHFRm;H2Otp,0,2,28,25
DHFRm;HACD180,0,1,28,26
DHFRm;HACD200,1,0,27,27
DHFRm;HACD201,0,1,28,26
DHFRm;HACD220,1,0,27,27
DHFRm;HACD221,0,1,28,26
DHFRm;HACD224,0,1,28,26
DHFRm;HACD240,1,0,27,27
DHFRm;HACD241,0,1,28,26
DHFRm;HACD244,0,1,28,26
DHFRm;HACD260,1,0,27,27
DHFRm;HCO3E,1,0,27,27
DHFRm;HCO3Ee,2,0,26,27
DHFRm;HCO3Em,1,1,27,26
DHFRm;HCO3_CLt,1,0,27,27
DHFRm;HCO3tm,1,1,27,26
DHFRm;HEXCCOAtr,1,0,27,27
DHFRm;HMBS,1,0,27,27
DHFRm;HMGCOASi,1,0,27,27
DHFRm;HOXG,1,0,27,27
DHFRm;HSD180,0,1,28,26
DHFRm;HSD200,1,0,27,27
DHFRm;HSD201,0,1,28,26
DHFRm;HSD220,1,0,27,27
DHFRm;HSD221,0,1,28,26
DHFRm;HSD224,0,1,28,26
DHFRm;HSD240,1,0,27,27
DHFRm;HSD241,0,1,28,26
DHFRm;HSD244,0,1,28,26
DHFRm;HSD260,1,0,27,27
DHFRm;Htg,0,3,28,24
DHFRm;Htx,0,1,28,26
DHFRm;ICDHyrm,0,2,28,25
DHFRm;IDHPOXOX2b,0,1,28,26
DHFRm;IDHPOXOX4,0,1,28,26
DHFRm;IDHPOXOXb,0,1,28,26
DHFRm;ILEOX,0,1,28,26
DHFRm;ILETAm,0,1,28,26
DHFRm;ILEt5m,0,1,28,26
DHFRm;ITCOALm,0,1,28,26
DHFRm;LDH_L,0,2,28,25
DHFRm;LDH_Lm,0,1,28,26
DHFRm;L_LACtm,0,1,28,26
DHFRm;MALCOAMT,0,1,28,26
DHFRm;MALCOAMTr,0,1,28,26
DHFRm;MAN1PT2,0,2,28,25
DHFRm;MAN6PI,0,2,28,25
DHFRm;METAT,0,1,28,26
DHFRm;NACDe,1,0,27,27
DHFRm;NACPRT,1,0,27,27
DHFRm;NADH2_u10m,0,1,28,26
DHFRm;NADHtpu,0,1,28,26
DHFRm;NADtx,0,1,28,26
DHFRm;NAIt,0,1,28,26
DHFRm;NCAMDe,1,0,27,27
DHFRm;NDP7er,0,1,28,26
DHFRm;NDP7g,0,3,28,24
DHFRm;NDPK1,1,0,27,27
DHFRm;NMNDA,1,0,27,27
DHFRm;NMNS,1,0,27,27
DHFRm;NQO2,1,1,27,26
DHFRm;NRVNCCOAtr,0,1,28,26
DHFRm;NRVNCCOAtxc,0,1,28,26
DHFRm;NTD7,1,0,27,27
DHFRm;O2tp,0,2,28,25
DHFRm;OXALSUCCCLm,0,1,28,26
DHFRm;P5CRm,0,1,28,26
DHFRm;PCFLOPm,0,1,28,26
DHFRm;PETOHMm_hs,0,1,28,26
DHFRm;PGMT,0,2,28,25
DHFRm;PHEMEtm,1,0,27,27
DHFRm;PIMALtm,1,0,27,27
DHFRm;PIter,0,1,28,26
DHFRm;PItg,0,3,28,24
DHFRm;PLMCOAPTr,0,2,28,25
DHFRm;PMANM,0,2,28,25
DHFRm;PMTCOAFABP1tc,0,3,28,24
DHFRm;PPAm,0,1,28,26
DHFRm;PPBNGS,1,0,27,27
DHFRm;PPItm,0,1,28,26
DHFRm;PPPG9tm,1,0,27,27
DHFRm;PPPGOm,1,0,27,27
DHFRm;PROAKGOX1m,1,0,27,27
DHFRm;PROD2m,0,1,28,26
DHFRm;PROGLUtm,1,0,27,27
DHFRm;PROtm,2,0,26,27
DHFRm;PUNP1,0,1,28,26
DHFRm;PYK,0,1,28,26
DHFRm;PYRt2m,0,1,28,26
DHFRm;PYRtm,0,1,28,26
DHFRm;RADH3,0,1,28,26
DHFRm;RADH4,0,1,28,26
DHFRm;RTOT4,0,2,28,25
DHFRm;RTOT5,1,1,27,26
DHFRm;SADT,0,1,28,26
DHFRm;SARCOXp,0,1,28,26
DHFRm;SARCStm,0,1,28,26
DHFRm;SARCStp,0,1,28,26
DHFRm;SERTm,0,1,28,26
DHFRm;SO4AKGtm,1,0,27,27
DHFRm;SO4MALtm,1,0,27,27
DHFRm;SUCOAS1m,1,0,27,27
DHFRm;TECR180,0,1,28,26
DHFRm;TECR200,1,0,27,27
DHFRm;TECR201,0,1,28,26
DHFRm;TECR220,1,0,27,27
DHFRm;TECR221,0,1,28,26
DHFRm;TECR224,0,1,28,26
DHFRm;TECR240,1,0,27,27
DHFRm;TECR241,0,1,28,26
DHFRm;TECR244,0,1,28,26
DHFRm;TECR260,1,0,27,27
DHFRm;THFtm,3,3,25,24
DHFRm;THYPX,0,1,28,26
DHFRm;THYST,0,1,28,26
DHFRm;TTCTECOAtr,0,1,28,26
DHFRm;UAGDP,0,3,28,24
DHFRm;UDPG4E,0,2,28,25
DHFRm;UDPGALt2r,0,1,28,26
DHFRm;UDPGALtg,0,2,28,25
DHFRm;UDPGD,1,0,27,27
DHFRm;UDPGGPGTr,0,1,28,26
DHFRm;UDPGLCAter,1,0,27,27
DHFRm;UGCGc,0,2,28,25
DHFRm;UGLCNACtg,0,3,28,24
DHFRm;UMPtr,0,1,28,26
DHFRm;UPP3S,1,0,27,27
DHFRm;UPPDC1,1,0,27,27
DHFRm;q10h2tc,1,1,27,26
DHFRm;q10tm,1,1,27,26
DHFRx;ACITLn,1,0,27,27
DHFRx;ADPtn,1,0,27,27
DHFRx;CITtn,1,0,27,27
DHFRx;FUMMALtm,0,1,28,26
DHFRx;FUMSUCCtm,0,1,28,26
DHFRx;GLUDym,1,0,27,27
DHFRx;ICDHyrm,3,0,25,27
DHFRx;LDH_L,0,1,28,26
DHFRx;LDH_Lm,0,1,28,26
DHFRx;L_LACtm,0,1,28,26
DHFRx;ME2m,0,1,28,26
DHFRx;NH4tm,1,0,27,27
DHFRx;OAAtn,1,0,27,27
DHFRx;OXALSUCCCLm,3,0,25,27
DHFRx;P5CRxm,1,0,27,27
DHFRx;PItn,1,0,27,27
DHFRx;PROD2m,1,0,27,27
DHFRx;PROGLUtm,1,0,27,27
DHFRx;PROSTGE2t,1,0,27,27
DHFRx;PROSTGE2t2,1,0,27,27
DHFRx;PROtm,1,0,27,27
DHFRx;THFtm,1,0,27,27
DHFtm;ACITLn,1,0,27,27
DHFtm;ADPtn,1,0,27,27
DHFtm;ARTFR41,0,2,28,25
DHFtm;ARTFR52,1,0,27,27
DHFtm;CITtn,1,0,27,27
DHFtm;DMGDHm,0,1,28,26
DHFtm;DMGtm,0,1,28,26
DHFtm;FADRx2,0,1,28,26
DHFtm;FAE200,1,0,27,27
DHFtm;FAE220,1,0,27,27
DHFtm;FAE240,1,0,27,27
DHFtm;FAE260,1,0,27,27
DHFtm;FALDte,0,1,28,26
DHFtm;FALDtm,0,1,28,26
DHFtm;FALDtx,0,1,28,26
DHFtm;FCLTm,1,0,27,27
DHFtm;FE2tm,1,0,27,27
DHFtm;GALGLUSIDEtg,0,1,28,26
DHFtm;GALGLUSIDEtr,0,1,28,26
DHFtm;GALU,0,2,28,25
DHFtm;GDPFUCtg,0,1,28,26
DHFtm;GDPtg,0,1,28,26
DHFtm;GF6PTA,0,2,28,25
DHFtm;GFUCS,0,1,28,26
DHFtm;GHMT2rm,0,1,28,26
DHFtm;GLUDym,1,0,27,27
DHFtm;GLUt2m,0,1,28,26
DHFtm;GLYBtm,0,1,28,26
DHFtm;GLYtp,0,1,28,26
DHFtm;GMAND,0,1,28,26
DHFtm;GMPtg,0,1,28,26
DHFtm;GTPGDPtm,1,0,27,27
DHFtm;H2O2tp,0,1,28,26
DHFtm;H2Otg,0,2,28,25
DHFtm;H2Otp,0,1,28,26
DHFtm;HACD200,1,0,27,27
DHFtm;HACD220,1,0,27,27
DHFtm;HACD240,1,0,27,27
DHFtm;HACD260,1,0,27,27
DHFtm;HCO3E,1,0,27,27
DHFtm;HCO3Ee,1,0,27,27
DHFtm;HCO3Em,1,1,27,26
DHFtm;HCO3tm,1,1,27,26
DHFtm;HEXCCOAtr,1,0,27,27
DHFtm;HMBS,1,0,27,27
DHFtm;HMGCOASi,1,0,27,27
DHFtm;HOXG,1,0,27,27
DHFtm;HSD200,1,0,27,27
DHFtm;HSD220,1,0,27,27
DHFtm;HSD240,1,0,27,27
DHFtm;HSD260,1,0,27,27
DHFtm;Htg,0,2,28,25
DHFtm;ICDHyrm,3,2,25,25
DHFtm;ILEOX,0,1,28,26
DHFtm;ILETAm,0,1,28,26
DHFtm;ILEt5m,0,1,28,26
DHFtm;ITCOALm,0,1,28,26
DHFtm;LDH_L,0,1,28,26
DHFtm;MAN1PT2,0,1,28,26
DHFtm;MAN6PI,0,1,28,26
DHFtm;METAT,0,1,28,26
DHFtm;NADH2_u10m,0,1,28,26
DHFtm;NDP7er,0,1,28,26
DHFtm;NDP7g,0,2,28,25
DHFtm;NDPK1,1,0,27,27
DHFtm;NH4tm,1,0,27,27
DHFtm;NQO2,1,1,27,26
DHFtm;NTD7,1,0,27,27
DHFtm;O2tp,0,1,28,26
DHFtm;OAAtn,1,0,27,27
DHFtm;OXALSUCCCLm,3,1,25,26
DHFtm;P5CRm,0,1,28,26
DHFtm;P5CRxm,1,0,27,27
DHFtm;PCFLOPm,0,1,28,26
DHFtm;PETOHMm_hs,0,1,28,26
DHFtm;PGMT,0,2,28,25
DHFtm;PHEMEtm,1,0,27,27
DHFtm;PIMALtm,1,0,27,27
DHFtm;PIter,0,1,28,26
DHFtm;PItg,0,2,28,25
DHFtm;PItn,1,0,27,27
DHFtm;PLMCOAPTr,0,2,28,25
DHFtm;PMANM,0,1,28,26
DHFtm;PMTCOAFABP1tc,0,2,28,25
DHFtm;PPAm,0,1,28,26
DHFtm;PPBNGS,1,0,27,27
DHFtm;PPItm,0,1,28,26
DHFtm;PPPG9tm,1,0,27,27
DHFtm;PPPGOm,1,0,27,27
DHFtm;PROAKGOX1m,1,0,27,27
DHFtm;PROD2m,1,1,27,26
DHFtm;PROGLUtm,2,0,26,27
DHFtm;PROSTGE2t,1,0,27,27
DHFtm;PROSTGE2t2,1,0,27,27
DHFtm;PROtm,3,0,25,27
DHFtm;PUNP1,0,1,28,26
DHFtm;PYK,0,1,28,26
DHFtm;PYRtm,0,1,28,26
DHFtm;RADH3,0,1,28,26
DHFtm;RADH4,0,1,28,26
DHFtm;RTOT4,0,2,28,25
DHFtm;RTOT5,1,0,27,27
DHFtm;SARCOXp,0,1,28,26
DHFtm;SARCStm,0,1,28,26
DHFtm;SARCStp,0,1,28,26
DHFtm;SERTm,0,1,28,26
DHFtm;SO4AKGtm,1,0,27,27
DHFtm;SO4MALtm,1,0,27,27
DHFtm;SUCOAS1m,1,0,27,27
DHFtm;TECR200,1,0,27,27
DHFtm;TECR220,1,0,27,27
DHFtm;TECR240,1,0,27,27
DHFtm;TECR260,1,0,27,27
DHFtm;THFtm,2,3,26,24
DHFtm;UAGDP,0,2,28,25
DHFtm;UDPG4E,0,1,28,26
DHFtm;UDPGALt2r,0,1,28,26
DHFtm;UDPGALtg,0,1,28,26
DHFtm;UDPGD,1,0,27,27
DHFtm;UDPGGPGTr,0,1,28,26
DHFtm;UDPGLCAter,1,0,27,27
DHFtm;UGCGc,0,1,28,26
DHFtm;UGLCNACtg,0,2,28,25
DHFtm;UMPtr,0,1,28,26
DHFtm;UPP3S,1,0,27,27
DHFtm;UPPDC1,1,0,27,27
DHFtm;q10h2tc,1,1,27,26
DHFtm;q10tm,1,1,27,26
DHPR2;GLYSNAT5tc,1,0,27,27
DHPR2;IMAGH,1,0,27,27
DHPR2;THRA,1,0,27,27
DHPR;AKGtn,0,1,28,26
DHPR;CO2tn,0,1,28,26
DHPR;DPCOAK,1,0,27,27
DHPR;FALDtn,0,1,28,26
DHPR;H3K4DMET_1,0,1,28,26
DHPR;H3K4MET_1,1,1,27,26
DHPR;H3K4MET_2,1,0,27,27
DHPR;H3K4MET_3,1,0,27,27
DHPR;H3K4_synthesis,1,0,27,27
DHPR;HISDC,1,0,27,27
DHPR;LDH_L,0,2,28,25
DHPR;LYStn,1,0,27,27
DHPR;MACOXO,1,0,27,27
DHPR;MEOHt2,0,1,28,26
DHPR;MHISOR,1,0,27,27
DHPR;NMNS,1,1,27,26
DHPR;NODe,1,0,27,27
DHPR;NOS1,1,0,27,27
DHPR;NWHARGOR,1,0,27,27
DHPR;O2tn,0,1,28,26
DHPR;PNTK,1,0,27,27
DHPR;PNTOte,1,0,27,27
DHPR;PPCDC,1,0,27,27
DHPR;PPNCL2,1,0,27,27
DHPR;PTPAT,1,0,27,27
DHPR;RDH1,1,0,27,27
DHPR;RDH1a,1,0,27,27
DHPR;SAMHISTA,1,0,27,27
DHPR;peplys_synthesis,1,0,27,27
DHPRy;DPCOAK,1,0,27,27
DHPRy;H2O2t,1,0,27,27
DHPRy;HISDC,1,0,27,27
DHPRy;MACOXO,1,0,27,27
DHPRy;MHISOR,1,0,27,27
DHPRy;NMNS,1,0,27,27
DHPRy;PNTK,1,0,27,27
DHPRy;PNTOte,1,0,27,27
DHPRy;PPCDC,1,0,27,27
DHPRy;PPNCL2,1,0,27,27
DHPRy;PTPAT,1,0,27,27
DHPRy;SAMHISTA,1,0,27,27
DLD;FADDPle,1,0,27,27
DLD;FADte,1,0,27,27
DLD;FMNALKPle,1,0,27,27
DLD;FMNAT,1,0,27,27
DLD;GLUDC,0,1,28,26
DLD;H2Oter,1,1,27,26
DLD;HCO3E,1,0,27,27
DLD;HCO3Em,1,1,27,26
DLD;HCO3tm,1,1,27,26
DLD;Htr,1,1,27,26
DLD;RBFK,1,0,27,27
DLD;RIBFLVt6,1,0,27,27
DLD;THRA,1,0,27,27
DLNLCGCOAtcx;H2Oter,0,1,28,26
DLNLCGCOAtcx;Htr,0,1,28,26
DLNLCGCOAtr;H2Oter,0,1,28,26
DLNLCGCOAtr;Htr,0,1,28,26
DMGDHm;ACITLn,0,1,28,26
DMGDHm;ADPtn,0,1,28,26
DMGDHm;ARTFR52,5,0,23,27
DMGDHm;CITtn,0,1,28,26
DMGDHm;FAE180,1,0,27,27
DMGDHm;FAE200,5,0,23,27
DMGDHm;FAE220,5,0,23,27
DMGDHm;FAE240,5,0,23,27
DMGDHm;FAE260,5,0,23,27
DMGDHm;FCLTm,1,0,27,27
DMGDHm;FE2tm,1,0,27,27
DMGDHm;GALU,0,1,28,26
DMGDHm;GLXtm,0,1,28,26
DMGDHm;GLXtp,0,1,28,26
DMGDHm;GLYC3Ptm,1,0,27,27
DMGDHm;GLYCLTDym,0,1,28,26
DMGDHm;GLYCLTtm,0,1,28,26
DMGDHm;GLYCLTtp,0,1,28,26
DMGDHm;GLYCTO1p,0,1,28,26
DMGDHm;GLYt4,0,1,28,26
DMGDHm;GTPGDPtm,1,0,27,27
DMGDHm;H2Oter,0,1,28,26
DMGDHm;HACD180,1,0,27,27
DMGDHm;HACD200,5,0,23,27
DMGDHm;HACD220,5,0,23,27
DMGDHm;HACD240,5,0,23,27
DMGDHm;HACD260,5,0,23,27
DMGDHm;HCO3E,0,2,28,25
DMGDHm;HEXCCOAtr,5,0,23,27
DMGDHm;HMBS,1,0,27,27
DMGDHm;HMGLm,0,1,28,26
DMGDHm;HOXG,1,0,27,27
DMGDHm;HSD180,1,0,27,27
DMGDHm;HSD200,5,0,23,27
DMGDHm;HSD220,5,0,23,27
DMGDHm;HSD240,5,0,23,27
DMGDHm;HSD260,5,0,23,27
DMGDHm;HSD3B11,0,1,28,26
DMGDHm;Htr,1,1,27,26
DMGDHm;ICDHyrm,0,1,28,26
DMGDHm;ICITCITtm,0,1,28,26
DMGDHm;ICITMALtm,0,1,28,26
DMGDHm;LDH_L,0,1,28,26
DMGDHm;MDH,0,1,28,26
DMGDHm;MDHm,0,1,28,26
DMGDHm;NADH2_u10m,0,1,28,26
DMGDHm;NDPK1,1,0,27,27
DMGDHm;NTD7,1,0,27,27
DMGDHm;O2tm,0,1,28,26
DMGDHm;OAAtn,0,1,28,26
DMGDHm;P45011A1m,0,1,28,26
DMGDHm;PGMT,0,1,28,26
DMGDHm;PHEMEtm,1,0,27,27
DMGDHm;PIMALtm,1,0,27,27
DMGDHm;PIt9,0,1,28,26
DMGDHm;PIter,0,1,28,26
DMGDHm;PItn,0,1,28,26
DMGDHm;PPBNGS,1,0,27,27
DMGDHm;PPPG9tm,1,0,27,27
DMGDHm;PPPGOm,1,0,27,27
DMGDHm;PRGNLONEtm,0,1,28,26
DMGDHm;PRGSTRNt,0,1,28,26
DMGDHm;PROAKGOX1m,1,0,27,27
DMGDHm;PROtm,2,0,26,27
DMGDHm;R5Ptr,0,1,28,26
DMGDHm;RADH3,0,1,28,26
DMGDHm;RADH4,0,1,28,26
DMGDHm;RPIr,0,1,28,26
DMGDHm;RTOT5,5,0,23,27
DMGDHm;RU5Ptr,0,1,28,26
DMGDHm;SO4AKGtm,1,0,27,27
DMGDHm;SO4MALtm,1,0,27,27
DMGDHm;SUCOAS1m,1,0,27,27
DMGDHm;TECR180,1,0,27,27
DMGDHm;TECR200,5,0,23,27
DMGDHm;TECR220,5,0,23,27
DMGDHm;TECR240,5,0,23,27
DMGDHm;TECR260,5,0,23,27
DMGDHm;THFtm,0,2,28,25
DMGDHm;TXA2tr,0,1,28,26
DMGDHm;TXB2c,0,1,28,26
DMGDHm;TXB2r,0,1,28,26
DMGDHm;TXB2tr,0,1,28,26
DMGDHm;UDPGD,1,0,27,27
DMGDHm;UDPGLCAter,1,0,27,27
DMGDHm;UPP3S,1,0,27,27
DMGDHm;UPPDC1,1,0,27,27
DMGtm;ACITLn,0,1,28,26
DMGtm;ADPtn,0,1,28,26
DMGtm;ARTFR52,5,0,23,27
DMGtm;CITtn,0,1,28,26
DMGtm;FAE180,1,0,27,27
DMGtm;FAE200,5,0,23,27
DMGtm;FAE220,5,0,23,27
DMGtm;FAE240,5,0,23,27
DMGtm;FAE260,5,0,23,27
DMGtm;FCLTm,1,0,27,27
DMGtm;FE2tm,1,0,27,27
DMGtm;GALU,0,1,28,26
DMGtm;GLXtm,0,1,28,26
DMGtm;GLXtp,0,1,28,26
DMGtm;GLYC3Ptm,1,0,27,27
DMGtm;GLYCLTDym,0,1,28,26
DMGtm;GLYCLTtm,0,1,28,26
DMGtm;GLYCLTtp,0,1,28,26
DMGtm;GLYCTO1p,0,1,28,26
DMGtm;GLYt4,0,1,28,26
DMGtm;GTPGDPtm,1,0,27,27
DMGtm;H2Oter,0,1,28,26
DMGtm;HACD180,1,0,27,27
DMGtm;HACD200,5,0,23,27
DMGtm;HACD220,5,0,23,27
DMGtm;HACD240,5,0,23,27
DMGtm;HACD260,5,0,23,27
DMGtm;HCO3E,0,2,28,25
DMGtm;HEXCCOAtr,5,0,23,27
DMGtm;HMBS,1,0,27,27
DMGtm;HMGLm,0,1,28,26
DMGtm;HOXG,1,0,27,27
DMGtm;HSD180,1,0,27,27
DMGtm;HSD200,5,0,23,27
DMGtm;HSD220,5,0,23,27
DMGtm;HSD240,5,0,23,27
DMGtm;HSD260,5,0,23,27
DMGtm;HSD3B11,0,1,28,26
DMGtm;Htr,1,1,27,26
DMGtm;ICDHyrm,0,1,28,26
DMGtm;ICITCITtm,0,1,28,26
DMGtm;ICITMALtm,0,1,28,26
DMGtm;LDH_L,0,1,28,26
DMGtm;MDH,0,1,28,26
DMGtm;MDHm,0,1,28,26
DMGtm;NADH2_u10m,0,1,28,26
DMGtm;NDPK1,1,0,27,27
DMGtm;NTD7,1,0,27,27
DMGtm;O2tm,0,1,28,26
DMGtm;OAAtn,0,1,28,26
DMGtm;P45011A1m,0,1,28,26
DMGtm;PGMT,0,1,28,26
DMGtm;PHEMEtm,1,0,27,27
DMGtm;PIMALtm,1,0,27,27
DMGtm;PIt9,0,1,28,26
DMGtm;PIter,0,1,28,26
DMGtm;PItn,0,1,28,26
DMGtm;PPBNGS,1,0,27,27
DMGtm;PPPG9tm,1,0,27,27
DMGtm;PPPGOm,1,0,27,27
DMGtm;PRGNLONEtm,0,1,28,26
DMGtm;PRGSTRNt,0,1,28,26
DMGtm;PROAKGOX1m,1,0,27,27
DMGtm;PROtm,2,0,26,27
DMGtm;R5Ptr,0,1,28,26
DMGtm;RADH3,0,1,28,26
DMGtm;RADH4,0,1,28,26
DMGtm;RPIr,0,1,28,26
DMGtm;RTOT5,5,0,23,27
DMGtm;RU5Ptr,0,1,28,26
DMGtm;SO4AKGtm,1,0,27,27
DMGtm;SO4MALtm,1,0,27,27
DMGtm;SUCOAS1m,1,0,27,27
DMGtm;TECR180,1,0,27,27
DMGtm;TECR200,5,0,23,27
DMGtm;TECR220,5,0,23,27
DMGtm;TECR240,5,0,23,27
DMGtm;TECR260,5,0,23,27
DMGtm;THFtm,0,2,28,25
DMGtm;TXA2tr,0,1,28,26
DMGtm;TXB2c,0,1,28,26
DMGtm;TXB2r,0,1,28,26
DMGtm;TXB2tr,0,1,28,26
DMGtm;UDPGD,1,0,27,27
DMGtm;UDPGLCAter,1,0,27,27
DMGtm;UPP3S,1,0,27,27
DMGtm;UPPDC1,1,0,27,27
DOLASNTer;FUCACNGAL14ACGLCGALGLUSIDEte,1,0,27,27
DOLASNTer;FUCACNGAL14ACGLCGALGLUSIDEtg,1,0,27,27
DOLASNTer;FUCACNGALACGLCGALGLUSIDEte,1,0,27,27
DOLASNTer;FUCACNGALACGLCGALGLUSIDEtg,1,0,27,27
DOLASNTer;FUT32g,1,0,27,27
DOLASNTer;FUT92g,1,0,27,27
DOLASNTer;GALGLUSIDEtg,3,0,25,27
DOLASNTer;GALGLUSIDEtr,3,0,25,27
DOLASNTer;GDPFUCtg,1,0,27,27
DOLASNTer;GDPtg,1,0,27,27
DOLASNTer;GFUCSx,1,0,27,27
DOLASNTer;GMAND,1,0,27,27
DOLASNTer;GMPtg,1,0,27,27
DOLASNTer;GTPGDPtm,0,1,28,26
DOLASNTer;HMGL,0,1,28,26
DOLASNTer;NDP7er,3,2,25,25
DOLASNTer;OCOAT1m,0,1,28,26
DOLASNTer;OROTGLUt,0,2,28,25
DOLASNTer;OROTte,0,2,28,25
DOLASNTer;PPAer,1,0,27,27
DOLASNTer;PPIPItr,1,0,27,27
DOLASNTer;PROSTGE2t,1,0,27,27
DOLASNTer;PROSTGE2t2,1,0,27,27
DOLASNTer;PYK,0,1,28,26
DOLASNTer;ST3GAL31g,1,0,27,27
DOLASNTer;ST3GAL61g,1,0,27,27
DOLASNTer;SUCOAS1m,0,1,28,26
DOLASNTer;UAG4E,0,2,28,25
DOLASNTer;UDPG4E,1,0,27,27
DOLASNTer;UDPGALt2r,3,0,25,27
DOLASNTer;UDPGALtg,1,0,27,27
DOLASNTer;UDPGGPGTr,3,0,25,27
DOLASNTer;UGCGc,3,0,25,27
DOLASNTer;UMPK,0,1,28,26
DOLASNTer;UMPtr,3,0,25,27
DOLDPPer;FUCACNGAL14ACGLCGALGLUSIDEte,1,0,27,27
DOLDPPer;FUCACNGAL14ACGLCGALGLUSIDEtg,1,0,27,27
DOLDPPer;FUCACNGALACGLCGALGLUSIDEte,1,0,27,27
DOLDPPer;FUCACNGALACGLCGALGLUSIDEtg,1,0,27,27
DOLDPPer;FUT32g,1,0,27,27
DOLDPPer;FUT92g,1,0,27,27
DOLDPPer;GALGLUSIDEtg,3,0,25,27
DOLDPPer;GALGLUSIDEtr,3,0,25,27
DOLDPPer;GDPFUCtg,1,0,27,27
DOLDPPer;GDPtg,1,0,27,27
DOLDPPer;GFUCSx,1,0,27,27
DOLDPPer;GMAND,1,0,27,27
DOLDPPer;GMPtg,1,0,27,27
DOLDPPer;GTPGDPtm,0,1,28,26
DOLDPPer;HMGL,0,1,28,26
DOLDPPer;NDP7er,3,2,25,25
DOLDPPer;OCOAT1m,0,1,28,26
DOLDPPer;OROTGLUt,0,2,28,25
DOLDPPer;OROTte,0,2,28,25
DOLDPPer;PPAer,1,0,27,27
DOLDPPer;PPIPItr,1,0,27,27
DOLDPPer;PROSTGE2t,1,0,27,27
DOLDPPer;PROSTGE2t2,1,0,27,27
DOLDPPer;PYK,0,1,28,26
DOLDPPer;ST3GAL31g,1,0,27,27
DOLDPPer;ST3GAL61g,1,0,27,27
DOLDPPer;SUCOAS1m,0,1,28,26
DOLDPPer;UAG4E,0,2,28,25
DOLDPPer;UDPG4E,1,0,27,27
DOLDPPer;UDPGALt2r,3,0,25,27
DOLDPPer;UDPGALtg,1,0,27,27
DOLDPPer;UDPGGPGTr,3,0,25,27
DOLDPPer;UGCGc,3,0,25,27
DOLDPPer;UMPK,0,1,28,26
DOLDPPer;UMPtr,3,0,25,27
DOLGLCP_ter;FUCACNGAL14ACGLCGALGLUSIDEte,1,0,27,27
DOLGLCP_ter;FUCACNGAL14ACGLCGALGLUSIDEtg,1,0,27,27
DOLGLCP_ter;FUCACNGALACGLCGALGLUSIDEte,1,0,27,27
DOLGLCP_ter;FUCACNGALACGLCGALGLUSIDEtg,1,0,27,27
DOLGLCP_ter;FUT32g,1,0,27,27
DOLGLCP_ter;FUT92g,1,0,27,27
DOLGLCP_ter;GALGLUSIDEtg,3,0,25,27
DOLGLCP_ter;GALGLUSIDEtr,3,0,25,27
DOLGLCP_ter;GDPFUCtg,1,0,27,27
DOLGLCP_ter;GDPtg,1,0,27,27
DOLGLCP_ter;GFUCSx,1,0,27,27
DOLGLCP_ter;GMAND,1,0,27,27
DOLGLCP_ter;GMPtg,1,0,27,27
DOLGLCP_ter;GTPGDPtm,0,1,28,26
DOLGLCP_ter;HMGL,0,1,28,26
DOLGLCP_ter;NDP7er,3,2,25,25
DOLGLCP_ter;OCOAT1m,0,1,28,26
DOLGLCP_ter;OROTGLUt,0,2,28,25
DOLGLCP_ter;OROTte,0,2,28,25
DOLGLCP_ter;PPAer,1,0,27,27
DOLGLCP_ter;PPIPItr,1,0,27,27
DOLGLCP_ter;PROSTGE2t,1,0,27,27
DOLGLCP_ter;PROSTGE2t2,1,0,27,27
DOLGLCP_ter;PYK,0,1,28,26
DOLGLCP_ter;ST3GAL31g,1,0,27,27
DOLGLCP_ter;ST3GAL61g,1,0,27,27
DOLGLCP_ter;SUCOAS1m,0,1,28,26
DOLGLCP_ter;UAG4E,0,2,28,25
DOLGLCP_ter;UDPG4E,1,0,27,27
DOLGLCP_ter;UDPGALt2r,3,0,25,27
DOLGLCP_ter;UDPGALtg,1,0,27,27
DOLGLCP_ter;UDPGGPGTr,3,0,25,27
DOLGLCP_ter;UGCGc,3,0,25,27
DOLGLCP_ter;UMPK,0,1,28,26
DOLGLCP_ter;UMPtr,3,0,25,27
DOLMANP_ter;FADDPle,0,1,28,26
DOLMANP_ter;FADte,0,1,28,26
DOLMANP_ter;FMNALKPle,0,1,28,26
DOLMANP_ter;FMNAT,0,1,28,26
DOLMANP_ter;FUCACGALFUCGALACGLCGALGLUSIDEte,0,1,28,26
DOLMANP_ter;FUCACGALFUCGALACGLCGALGLUSIDEtg,0,1,28,26
DOLMANP_ter;FUCACNGAL14ACGLCGALGLUSIDEte,1,0,27,27
DOLMANP_ter;FUCACNGAL14ACGLCGALGLUSIDEtg,1,0,27,27
DOLMANP_ter;FUCACNGALACGLCGALGLUSIDEte,1,0,27,27
DOLMANP_ter;FUCACNGALACGLCGALGLUSIDEtg,1,0,27,27
DOLMANP_ter;FUT121g,0,1,28,26
DOLMANP_ter;FUT32g,1,0,27,27
DOLMANP_ter;FUT33g,0,1,28,26
DOLMANP_ter;FUT92g,1,0,27,27
DOLMANP_ter;GALGLUSIDEtg,3,2,25,25
DOLMANP_ter;GALGLUSIDEtr,3,2,25,25
DOLMANP_ter;GDPFUCtg,1,2,27,25
DOLMANP_ter;GDPtg,1,2,27,25
DOLMANP_ter;GFUCS,0,1,28,26
DOLMANP_ter;GFUCSx,1,1,27,26
DOLMANP_ter;GGTA1g,0,1,28,26
DOLMANP_ter;GMAND,1,2,27,25
DOLMANP_ter;GMPtg,1,2,27,25
DOLMANP_ter;GTPGDPtm,0,1,28,26
DOLMANP_ter;HMGL,0,1,28,26
DOLMANP_ter;Htr,0,2,28,25
DOLMANP_ter;NDP7er,3,2,25,25
DOLMANP_ter;NTD7e,0,1,28,26
DOLMANP_ter;OCOAT1m,0,1,28,26
DOLMANP_ter;OROTGLUt,0,2,28,25
DOLMANP_ter;OROTte,0,2,28,25
DOLMANP_ter;PIt9,1,0,27,27
DOLMANP_ter;PPAer,2,0,26,27
DOLMANP_ter;PPIPItr,2,0,26,27
DOLMANP_ter;PROSTGE2t,1,0,27,27
DOLMANP_ter;PROSTGE2t2,1,0,27,27
DOLMANP_ter;PUNP1,0,1,28,26
DOLMANP_ter;PYK,0,1,28,26
DOLMANP_ter;R5Ptr,5,9,23,18
DOLMANP_ter;RBFK,0,1,28,26
DOLMANP_ter;RIBFLVt6,0,1,28,26
DOLMANP_ter;RPIr,5,9,23,18
DOLMANP_ter;RU5Ptr,5,9,23,18
DOLMANP_ter;ST3GAL31g,1,0,27,27
DOLMANP_ter;ST3GAL61g,1,0,27,27
DOLMANP_ter;SUCOAS1m,0,1,28,26
DOLMANP_ter;TXA2tr,0,2,28,25
DOLMANP_ter;TXB2c,0,2,28,25
DOLMANP_ter;TXB2r,0,2,28,25
DOLMANP_ter;TXB2tr,0,2,28,25
DOLMANP_ter;UAG4E,0,2,28,25
DOLMANP_ter;UDPG4E,2,2,26,25
DOLMANP_ter;UDPGALt2r,3,2,25,25
DOLMANP_ter;UDPGALtg,2,2,26,25
DOLMANP_ter;UDPGCURtr,0,2,28,25
DOLMANP_ter;UDPGGPGTr,3,2,25,25
DOLMANP_ter;UDPGLCAter,0,2,28,25
DOLMANP_ter;UGALNACtg,0,1,28,26
DOLMANP_ter;UGCGc,3,2,25,25
DOLMANP_ter;UMPK,0,1,28,26
DOLMANP_ter;UMPK5,0,1,28,26
DOLMANP_ter;UMPtr,3,0,25,27
DOLPGT1er;FUCACNGAL14ACGLCGALGLUSIDEte,1,0,27,27
DOLPGT1er;FUCACNGAL14ACGLCGALGLUSIDEtg,1,0,27,27
DOLPGT1er;FUCACNGALACGLCGALGLUSIDEte,1,0,27,27
DOLPGT1er;FUCACNGALACGLCGALGLUSIDEtg,1,0,27,27
DOLPGT1er;FUT32g,1,0,27,27
DOLPGT1er;FUT92g,1,0,27,27
DOLPGT1er;GALGLUSIDEtg,3,0,25,27
DOLPGT1er;GALGLUSIDEtr,3,0,25,27
DOLPGT1er;GDPFUCtg,1,0,27,27
DOLPGT1er;GDPtg,1,0,27,27
DOLPGT1er;GFUCSx,1,0,27,27
DOLPGT1er;GMAND,1,0,27,27
DOLPGT1er;GMPtg,1,0,27,27
DOLPGT1er;GTPGDPtm,0,1,28,26
DOLPGT1er;HMGL,0,1,28,26
DOLPGT1er;NDP7er,3,2,25,25
DOLPGT1er;OCOAT1m,0,1,28,26
DOLPGT1er;OROTGLUt,0,2,28,25
DOLPGT1er;OROTte,0,2,28,25
DOLPGT1er;PPAer,1,0,27,27
DOLPGT1er;PPIPItr,1,0,27,27
DOLPGT1er;PROSTGE2t,1,0,27,27
DOLPGT1er;PROSTGE2t2,1,0,27,27
DOLPGT1er;PYK,0,1,28,26
DOLPGT1er;ST3GAL31g,1,0,27,27
DOLPGT1er;ST3GAL61g,1,0,27,27
DOLPGT1er;SUCOAS1m,0,1,28,26
DOLPGT1er;UAG4E,0,2,28,25
DOLPGT1er;UDPG4E,1,0,27,27
DOLPGT1er;UDPGALt2r,3,0,25,27
DOLPGT1er;UDPGALtg,1,0,27,27
DOLPGT1er;UDPGGPGTr,3,0,25,27
DOLPGT1er;UGCGc,3,0,25,27
DOLPGT1er;UMPK,0,1,28,26
DOLPGT1er;UMPtr,3,0,25,27
DOLPGT2er;FUCACNGAL14ACGLCGALGLUSIDEte,1,0,27,27
DOLPGT2er;FUCACNGAL14ACGLCGALGLUSIDEtg,1,0,27,27
DOLPGT2er;FUCACNGALACGLCGALGLUSIDEte,1,0,27,27
DOLPGT2er;FUCACNGALACGLCGALGLUSIDEtg,1,0,27,27
DOLPGT2er;FUT32g,1,0,27,27
DOLPGT2er;FUT92g,1,0,27,27
DOLPGT2er;GALGLUSIDEtg,3,0,25,27
DOLPGT2er;GALGLUSIDEtr,3,0,25,27
DOLPGT2er;GDPFUCtg,1,0,27,27
DOLPGT2er;GDPtg,1,0,27,27
DOLPGT2er;GFUCSx,1,0,27,27
DOLPGT2er;GMAND,1,0,27,27
DOLPGT2er;GMPtg,1,0,27,27
DOLPGT2er;GTPGDPtm,0,1,28,26
DOLPGT2er;HMGL,0,1,28,26
DOLPGT2er;NDP7er,3,2,25,25
DOLPGT2er;OCOAT1m,0,1,28,26
DOLPGT2er;OROTGLUt,0,2,28,25
DOLPGT2er;OROTte,0,2,28,25
DOLPGT2er;PPAer,1,0,27,27
DOLPGT2er;PPIPItr,1,0,27,27
DOLPGT2er;PROSTGE2t,1,0,27,27
DOLPGT2er;PROSTGE2t2,1,0,27,27
DOLPGT2er;PYK,0,1,28,26
DOLPGT2er;ST3GAL31g,1,0,27,27
DOLPGT2er;ST3GAL61g,1,0,27,27
DOLPGT2er;SUCOAS1m,0,1,28,26
DOLPGT2er;UAG4E,0,2,28,25
DOLPGT2er;UDPG4E,1,0,27,27
DOLPGT2er;UDPGALt2r,3,0,25,27
DOLPGT2er;UDPGALtg,1,0,27,27
DOLPGT2er;UDPGGPGTr,3,0,25,27
DOLPGT2er;UGCGc,3,0,25,27
DOLPGT2er;UMPK,0,1,28,26
DOLPGT2er;UMPtr,3,0,25,27
DOLPGT3er;FUCACNGAL14ACGLCGALGLUSIDEte,1,0,27,27
DOLPGT3er;FUCACNGAL14ACGLCGALGLUSIDEtg,1,0,27,27
DOLPGT3er;FUCACNGALACGLCGALGLUSIDEte,1,0,27,27
DOLPGT3er;FUCACNGALACGLCGALGLUSIDEtg,1,0,27,27
DOLPGT3er;FUT32g,1,0,27,27
DOLPGT3er;FUT92g,1,0,27,27
DOLPGT3er;GALGLUSIDEtg,3,0,25,27
DOLPGT3er;GALGLUSIDEtr,3,0,25,27
DOLPGT3er;GDPFUCtg,1,0,27,27
DOLPGT3er;GDPtg,1,0,27,27
DOLPGT3er;GFUCSx,1,0,27,27
DOLPGT3er;GMAND,1,0,27,27
DOLPGT3er;GMPtg,1,0,27,27
DOLPGT3er;GTPGDPtm,0,1,28,26
DOLPGT3er;HMGL,0,1,28,26
DOLPGT3er;NDP7er,3,2,25,25
DOLPGT3er;OCOAT1m,0,1,28,26
DOLPGT3er;OROTGLUt,0,2,28,25
DOLPGT3er;OROTte,0,2,28,25
DOLPGT3er;PPAer,1,0,27,27
DOLPGT3er;PPIPItr,1,0,27,27
DOLPGT3er;PROSTGE2t,1,0,27,27
DOLPGT3er;PROSTGE2t2,1,0,27,27
DOLPGT3er;PYK,0,1,28,26
DOLPGT3er;ST3GAL31g,1,0,27,27
DOLPGT3er;ST3GAL61g,1,0,27,27
DOLPGT3er;SUCOAS1m,0,1,28,26
DOLPGT3er;UAG4E,0,2,28,25
DOLPGT3er;UDPG4E,1,0,27,27
DOLPGT3er;UDPGALt2r,3,0,25,27
DOLPGT3er;UDPGALtg,1,0,27,27
DOLPGT3er;UDPGGPGTr,3,0,25,27
DOLPGT3er;UGCGc,3,0,25,27
DOLPGT3er;UMPK,0,1,28,26
DOLPGT3er;UMPtr,3,0,25,27
DOLPMT1er;FUCACNGAL14ACGLCGALGLUSIDEte,1,0,27,27
DOLPMT1er;FUCACNGAL14ACGLCGALGLUSIDEtg,1,0,27,27
DOLPMT1er;FUCACNGALACGLCGALGLUSIDEte,1,0,27,27
DOLPMT1er;FUCACNGALACGLCGALGLUSIDEtg,1,0,27,27
DOLPMT1er;FUT32g,1,0,27,27
DOLPMT1er;FUT92g,1,0,27,27
DOLPMT1er;GALGLUSIDEtg,3,0,25,27
DOLPMT1er;GALGLUSIDEtr,3,0,25,27
DOLPMT1er;GDPFUCtg,1,0,27,27
DOLPMT1er;GDPtg,1,0,27,27
DOLPMT1er;GFUCSx,1,0,27,27
DOLPMT1er;GMAND,1,0,27,27
DOLPMT1er;GMPtg,1,0,27,27
DOLPMT1er;GTPGDPtm,0,1,28,26
DOLPMT1er;HMGL,0,1,28,26
DOLPMT1er;NDP7er,3,2,25,25
DOLPMT1er;OCOAT1m,0,1,28,26
DOLPMT1er;OROTGLUt,0,2,28,25
DOLPMT1er;OROTte,0,2,28,25
DOLPMT1er;PPAer,1,0,27,27
DOLPMT1er;PPIPItr,1,0,27,27
DOLPMT1er;PROSTGE2t,1,0,27,27
DOLPMT1er;PROSTGE2t2,1,0,27,27
DOLPMT1er;PYK,0,1,28,26
DOLPMT1er;ST3GAL31g,1,0,27,27
DOLPMT1er;ST3GAL61g,1,0,27,27
DOLPMT1er;SUCOAS1m,0,1,28,26
DOLPMT1er;UAG4E,0,2,28,25
DOLPMT1er;UDPG4E,1,0,27,27
DOLPMT1er;UDPGALt2r,3,0,25,27
DOLPMT1er;UDPGALtg,1,0,27,27
DOLPMT1er;UDPGGPGTr,3,0,25,27
DOLPMT1er;UGCGc,3,0,25,27
DOLPMT1er;UMPK,0,1,28,26
DOLPMT1er;UMPtr,3,0,25,27
DOLPMT2_er;FUCACNGAL14ACGLCGALGLUSIDEte,1,0,27,27
DOLPMT2_er;FUCACNGAL14ACGLCGALGLUSIDEtg,1,0,27,27
DOLPMT2_er;FUCACNGALACGLCGALGLUSIDEte,1,0,27,27
DOLPMT2_er;FUCACNGALACGLCGALGLUSIDEtg,1,0,27,27
DOLPMT2_er;FUT32g,1,0,27,27
DOLPMT2_er;FUT92g,1,0,27,27
DOLPMT2_er;GALGLUSIDEtg,3,0,25,27
DOLPMT2_er;GALGLUSIDEtr,3,0,25,27
DOLPMT2_er;GDPFUCtg,1,0,27,27
DOLPMT2_er;GDPtg,1,0,27,27
DOLPMT2_er;GFUCSx,1,0,27,27
DOLPMT2_er;GMAND,1,0,27,27
DOLPMT2_er;GMPtg,1,0,27,27
DOLPMT2_er;GTPGDPtm,0,1,28,26
DOLPMT2_er;HMGL,0,1,28,26
DOLPMT2_er;NDP7er,3,2,25,25
DOLPMT2_er;OCOAT1m,0,1,28,26
DOLPMT2_er;OROTGLUt,0,2,28,25
DOLPMT2_er;OROTte,0,2,28,25
DOLPMT2_er;PPAer,1,0,27,27
DOLPMT2_er;PPIPItr,1,0,27,27
DOLPMT2_er;PROSTGE2t,1,0,27,27
DOLPMT2_er;PROSTGE2t2,1,0,27,27
DOLPMT2_er;PYK,0,1,28,26
DOLPMT2_er;ST3GAL31g,1,0,27,27
DOLPMT2_er;ST3GAL61g,1,0,27,27
DOLPMT2_er;SUCOAS1m,0,1,28,26
DOLPMT2_er;UAG4E,0,2,28,25
DOLPMT2_er;UDPG4E,1,0,27,27
DOLPMT2_er;UDPGALt2r,3,0,25,27
DOLPMT2_er;UDPGALtg,1,0,27,27
DOLPMT2_er;UDPGGPGTr,3,0,25,27
DOLPMT2_er;UGCGc,3,0,25,27
DOLPMT2_er;UMPK,0,1,28,26
DOLPMT2_er;UMPtr,3,0,25,27
DOLPMT3er;FUCACNGAL14ACGLCGALGLUSIDEte,1,0,27,27
DOLPMT3er;FUCACNGAL14ACGLCGALGLUSIDEtg,1,0,27,27
DOLPMT3er;FUCACNGALACGLCGALGLUSIDEte,1,0,27,27
DOLPMT3er;FUCACNGALACGLCGALGLUSIDEtg,1,0,27,27
DOLPMT3er;FUT32g,1,0,27,27
DOLPMT3er;FUT92g,1,0,27,27
DOLPMT3er;GALGLUSIDEtg,3,0,25,27
DOLPMT3er;GALGLUSIDEtr,3,0,25,27
DOLPMT3er;GDPFUCtg,1,0,27,27
DOLPMT3er;GDPtg,1,0,27,27
DOLPMT3er;GFUCSx,1,0,27,27
DOLPMT3er;GMAND,1,0,27,27
DOLPMT3er;GMPtg,1,0,27,27
DOLPMT3er;GTPGDPtm,0,1,28,26
DOLPMT3er;HMGL,0,1,28,26
DOLPMT3er;NDP7er,3,2,25,25
DOLPMT3er;OCOAT1m,0,1,28,26
DOLPMT3er;OROTGLUt,0,2,28,25
DOLPMT3er;OROTte,0,2,28,25
DOLPMT3er;PPAer,1,0,27,27
DOLPMT3er;PPIPItr,1,0,27,27
DOLPMT3er;PROSTGE2t,1,0,27,27
DOLPMT3er;PROSTGE2t2,1,0,27,27
DOLPMT3er;PYK,0,1,28,26
DOLPMT3er;ST3GAL31g,1,0,27,27
DOLPMT3er;ST3GAL61g,1,0,27,27
DOLPMT3er;SUCOAS1m,0,1,28,26
DOLPMT3er;UAG4E,0,2,28,25
DOLPMT3er;UDPG4E,1,0,27,27
DOLPMT3er;UDPGALt2r,3,0,25,27
DOLPMT3er;UDPGALtg,1,0,27,27
DOLPMT3er;UDPGGPGTr,3,0,25,27
DOLPMT3er;UGCGc,3,0,25,27
DOLPMT3er;UMPK,0,1,28,26
DOLPMT3er;UMPtr,3,0,25,27
DOLPMT4_er;FUCACNGAL14ACGLCGALGLUSIDEte,1,0,27,27
DOLPMT4_er;FUCACNGAL14ACGLCGALGLUSIDEtg,1,0,27,27
DOLPMT4_er;FUCACNGALACGLCGALGLUSIDEte,1,0,27,27
DOLPMT4_er;FUCACNGALACGLCGALGLUSIDEtg,1,0,27,27
DOLPMT4_er;FUT32g,1,0,27,27
DOLPMT4_er;FUT92g,1,0,27,27
DOLPMT4_er;GALGLUSIDEtg,3,0,25,27
DOLPMT4_er;GALGLUSIDEtr,3,0,25,27
DOLPMT4_er;GDPFUCtg,1,0,27,27
DOLPMT4_er;GDPtg,1,0,27,27
DOLPMT4_er;GFUCSx,1,0,27,27
DOLPMT4_er;GMAND,1,0,27,27
DOLPMT4_er;GMPtg,1,0,27,27
DOLPMT4_er;GTPGDPtm,0,1,28,26
DOLPMT4_er;HMGL,0,1,28,26
DOLPMT4_er;NDP7er,3,2,25,25
DOLPMT4_er;OCOAT1m,0,1,28,26
DOLPMT4_er;OROTGLUt,0,2,28,25
DOLPMT4_er;OROTte,0,2,28,25
DOLPMT4_er;PPAer,1,0,27,27
DOLPMT4_er;PPIPItr,1,0,27,27
DOLPMT4_er;PROSTGE2t,1,0,27,27
DOLPMT4_er;PROSTGE2t2,1,0,27,27
DOLPMT4_er;PYK,0,1,28,26
DOLPMT4_er;ST3GAL31g,1,0,27,27
DOLPMT4_er;ST3GAL61g,1,0,27,27
DOLPMT4_er;SUCOAS1m,0,1,28,26
DOLPMT4_er;UAG4E,0,2,28,25
DOLPMT4_er;UDPG4E,1,0,27,27
DOLPMT4_er;UDPGALt2r,3,0,25,27
DOLPMT4_er;UDPGALtg,1,0,27,27
DOLPMT4_er;UDPGGPGTr,3,0,25,27
DOLPMT4_er;UGCGc,3,0,25,27
DOLPMT4_er;UMPK,0,1,28,26
DOLPMT4_er;UMPtr,3,0,25,27
DOLPMT;FADDPle,0,1,28,26
DOLPMT;FADte,0,1,28,26
DOLPMT;FMNALKPle,0,1,28,26
DOLPMT;FMNAT,0,1,28,26
DOLPMT;FUCACGALFUCGALACGLCGALGLUSIDEte,0,1,28,26
DOLPMT;FUCACGALFUCGALACGLCGALGLUSIDEtg,0,1,28,26
DOLPMT;FUCACNGAL14ACGLCGALGLUSIDEte,1,0,27,27
DOLPMT;FUCACNGAL14ACGLCGALGLUSIDEtg,1,0,27,27
DOLPMT;FUCACNGALACGLCGALGLUSIDEte,1,0,27,27
DOLPMT;FUCACNGALACGLCGALGLUSIDEtg,1,0,27,27
DOLPMT;FUT121g,0,1,28,26
DOLPMT;FUT32g,1,0,27,27
DOLPMT;FUT33g,0,1,28,26
DOLPMT;FUT92g,1,0,27,27
DOLPMT;GALGLUSIDEtg,3,2,25,25
DOLPMT;GALGLUSIDEtr,3,2,25,25
DOLPMT;GDPFUCtg,1,2,27,25
DOLPMT;GDPtg,1,2,27,25
DOLPMT;GFUCS,0,1,28,26
DOLPMT;GFUCSx,1,1,27,26
DOLPMT;GGTA1g,0,1,28,26
DOLPMT;GMAND,1,2,27,25
DOLPMT;GMPtg,1,2,27,25
DOLPMT;GTPGDPtm,0,1,28,26
DOLPMT;HMGL,0,1,28,26
DOLPMT;Htr,0,2,28,25
DOLPMT;NDP7er,3,2,25,25
DOLPMT;NTD7e,0,1,28,26
DOLPMT;OCOAT1m,0,1,28,26
DOLPMT;OROTGLUt,0,2,28,25
DOLPMT;OROTte,0,2,28,25
DOLPMT;PIt9,1,0,27,27
DOLPMT;PPAer,2,0,26,27
DOLPMT;PPIPItr,2,0,26,27
DOLPMT;PROSTGE2t,1,0,27,27
DOLPMT;PROSTGE2t2,1,0,27,27
DOLPMT;PUNP1,0,1,28,26
DOLPMT;PYK,0,1,28,26
DOLPMT;R5Ptr,5,9,23,18
DOLPMT;RBFK,0,1,28,26
DOLPMT;RIBFLVt6,0,1,28,26
DOLPMT;RPIr,5,9,23,18
DOLPMT;RU5Ptr,5,9,23,18
DOLPMT;ST3GAL31g,1,0,27,27
DOLPMT;ST3GAL61g,1,0,27,27
DOLPMT;SUCOAS1m,0,1,28,26
DOLPMT;TXA2tr,0,2,28,25
DOLPMT;TXB2c,0,2,28,25
DOLPMT;TXB2r,0,2,28,25
DOLPMT;TXB2tr,0,2,28,25
DOLPMT;UAG4E,0,2,28,25
DOLPMT;UDPG4E,2,2,26,25
DOLPMT;UDPGALt2r,3,2,25,25
DOLPMT;UDPGALtg,2,2,26,25
DOLPMT;UDPGCURtr,0,2,28,25
DOLPMT;UDPGGPGTr,3,2,25,25
DOLPMT;UDPGLCAter,0,2,28,25
DOLPMT;UGALNACtg,0,1,28,26
DOLPMT;UGCGc,3,2,25,25
DOLPMT;UMPK,0,1,28,26
DOLPMT;UMPK5,0,1,28,26
DOLPMT;UMPtr,3,0,25,27
DOLPOMTr;FADDPle,0,1,28,26
DOLPOMTr;FADte,0,1,28,26
DOLPOMTr;FMNALKPle,0,1,28,26
DOLPOMTr;FMNAT,0,1,28,26
DOLPOMTr;GDPFUCtg,0,1,28,26
DOLPOMTr;GDPtg,0,1,28,26
DOLPOMTr;GFUCSx,0,1,28,26
DOLPOMTr;GMAND,0,1,28,26
DOLPOMTr;GMPtg,0,1,28,26
DOLPOMTr;NTD7e,0,1,28,26
DOLPOMTr;PIt9,1,0,27,27
DOLPOMTr;PPAer,1,0,27,27
DOLPOMTr;PPIPItr,1,0,27,27
DOLPOMTr;PUNP1,0,1,28,26
DOLPOMTr;R5Ptr,5,9,23,18
DOLPOMTr;RBFK,0,1,28,26
DOLPOMTr;RIBFLVt6,0,1,28,26
DOLPOMTr;RPIr,5,9,23,18
DOLPOMTr;RU5Ptr,5,9,23,18
DOLPOMTr;UDPG4E,1,1,27,26
DOLPOMTr;UDPGALtg,1,1,27,26
DOLPOMTr;UGALNACtg,0,1,28,26
DOLPOMTr;UMPK5,0,1,28,26
DOLP_ter;FADDPle,0,1,28,26
DOLP_ter;FADte,0,1,28,26
DOLP_ter;FMNALKPle,0,1,28,26
DOLP_ter;FMNAT,0,1,28,26
DOLP_ter;FUCACGALFUCGALACGLCGALGLUSIDEte,0,1,28,26
DOLP_ter;FUCACGALFUCGALACGLCGALGLUSIDEtg,0,1,28,26
DOLP_ter;FUCACNGAL14ACGLCGALGLUSIDEte,1,0,27,27
DOLP_ter;FUCACNGAL14ACGLCGALGLUSIDEtg,1,0,27,27
DOLP_ter;FUCACNGALACGLCGALGLUSIDEte,1,0,27,27
DOLP_ter;FUCACNGALACGLCGALGLUSIDEtg,1,0,27,27
DOLP_ter;FUT121g,0,1,28,26
DOLP_ter;FUT32g,1,0,27,27
DOLP_ter;FUT33g,0,1,28,26
DOLP_ter;FUT92g,1,0,27,27
DOLP_ter;GALGLUSIDEtg,3,2,25,25
DOLP_ter;GALGLUSIDEtr,3,2,25,25
DOLP_ter;GDPFUCtg,1,2,27,25
DOLP_ter;GDPtg,1,2,27,25
DOLP_ter;GFUCS,0,1,28,26
DOLP_ter;GFUCSx,1,1,27,26
DOLP_ter;GGTA1g,0,1,28,26
DOLP_ter;GMAND,1,2,27,25
DOLP_ter;GMPtg,1,2,27,25
DOLP_ter;GTPGDPtm,0,1,28,26
DOLP_ter;HMGL,0,1,28,26
DOLP_ter;Htr,0,2,28,25
DOLP_ter;NDP7er,3,2,25,25
DOLP_ter;NTD7e,0,1,28,26
DOLP_ter;OCOAT1m,0,1,28,26
DOLP_ter;OROTGLUt,0,2,28,25
DOLP_ter;OROTte,0,2,28,25
DOLP_ter;PIt9,1,0,27,27
DOLP_ter;PPAer,2,0,26,27
DOLP_ter;PPIPItr,2,0,26,27
DOLP_ter;PROSTGE2t,1,0,27,27
DOLP_ter;PROSTGE2t2,1,0,27,27
DOLP_ter;PUNP1,0,1,28,26
DOLP_ter;PYK,0,1,28,26
DOLP_ter;R5Ptr,5,9,23,18
DOLP_ter;RBFK,0,1,28,26
DOLP_ter;RIBFLVt6,0,1,28,26
DOLP_ter;RPIr,5,9,23,18
DOLP_ter;RU5Ptr,5,9,23,18
DOLP_ter;ST3GAL31g,1,0,27,27
DOLP_ter;ST3GAL61g,1,0,27,27
DOLP_ter;SUCOAS1m,0,1,28,26
DOLP_ter;TXA2tr,0,2,28,25
DOLP_ter;TXB2c,0,2,28,25
DOLP_ter;TXB2r,0,2,28,25
DOLP_ter;TXB2tr,0,2,28,25
DOLP_ter;UAG4E,0,2,28,25
DOLP_ter;UDPG4E,2,2,26,25
DOLP_ter;UDPGALt2r,3,2,25,25
DOLP_ter;UDPGALtg,2,2,26,25
DOLP_ter;UDPGCURtr,0,2,28,25
DOLP_ter;UDPGGPGTr,3,2,25,25
DOLP_ter;UDPGLCAter,0,2,28,25
DOLP_ter;UGALNACtg,0,1,28,26
DOLP_ter;UGCGc,3,2,25,25
DOLP_ter;UMPK,0,1,28,26
DOLP_ter;UMPK5,0,1,28,26
DOLP_ter;UMPtr,3,0,25,27
DOPABMO;AKGtn,1,1,27,26
DOPABMO;CO2tn,1,1,27,26
DOPABMO;DPCOAK,2,0,26,27
DOPABMO;FALDtn,1,1,27,26
DOPABMO;FUM,0,1,28,26
DOPABMO;GLYt7_311_r,1,0,27,27
DOPABMO;H2O2syn,1,0,27,27
DOPABMO;H2O2t,1,0,27,27
DOPABMO;H3K4DMET_1,0,1,28,26
DOPABMO;H3K4MET_1,0,1,28,26
DOPABMO;H3K9DMET_1,1,0,27,27
DOPABMO;H3K9MET_1,1,0,27,27
DOPABMO;IMAGH,1,0,27,27
DOPABMO;LDH_L,0,1,28,26
DOPABMO;MAL_Lte,0,1,28,26
DOPABMO;MEOHt2,1,1,27,26
DOPABMO;NMNS,2,0,26,27
DOPABMO;O2tn,1,1,27,26
DOPABMO;PNTK,2,0,26,27
DOPABMO;PNTOte,2,0,26,27
DOPABMO;PPCDC,2,0,26,27
DOPABMO;PPNCL2,2,0,26,27
DOPABMO;PTPAT,2,0,26,27
DOPABMO;THRA,1,0,27,27
DOPABMO;TXA2tr,0,1,28,26
DOPABMO;TXB2c,0,1,28,26
DOPABMO;TXB2r,0,1,28,26
DOPABMO;TXB2tr,0,1,28,26
DOPACHRMISO;H2Ot,0,1,28,26
DOPAMT;H3K4MET_1,1,0,27,27
DOPAMT;H3K4MET_2,1,0,27,27
DOPAMT;H3K4MET_3,1,0,27,27
DOPAMT;H3K4_synthesis,1,0,27,27
DOPAMT;LYStn,1,0,27,27
DOPAMT;peplys_synthesis,1,0,27,27
DOPAQNISO1;H2Ot,0,1,28,26
DPCOAK;ARTFR42,1,0,27,27
DPCOAK;ARTFR52,0,1,28,26
DPCOAK;FACOAL160i,1,0,27,27
DPCOAK;FADFADH2tm,2,0,26,27
DPCOAK;FAE180,1,1,27,26
DPCOAK;FAE200,0,1,28,26
DPCOAK;FAE220,0,1,28,26
DPCOAK;FAE240,0,1,28,26
DPCOAK;FAE260,0,1,28,26
DPCOAK;FALDtly,1,0,27,27
DPCOAK;FCYTOB5OXRyr,1,0,27,27
DPCOAK;GF6PTA,1,0,27,27
DPCOAK;GLACter,2,0,26,27
DPCOAK;GLCURter,2,0,26,27
DPCOAK;GLCURtly,2,0,26,27
DPCOAK;GLRASE,2,0,26,27
DPCOAK;GULLACter,2,0,26,27
DPCOAK;GULOer,2,0,26,27
DPCOAK;H2O2ter,2,0,26,27
DPCOAK;H2O2tly,1,0,27,27
DPCOAK;H2Otg,1,0,27,27
DPCOAK;H2Otly,1,0,27,27
DPCOAK;HACD180,1,1,27,26
DPCOAK;HACD200,0,1,28,26
DPCOAK;HACD220,0,1,28,26
DPCOAK;HACD240,0,1,28,26
DPCOAK;HACD260,0,1,28,26
DPCOAK;HAS1,2,0,26,27
DPCOAK;HAS2,2,0,26,27
DPCOAK;HAtly,2,0,26,27
DPCOAK;HDCAter,1,0,27,27
DPCOAK;HEXCCOAtr,0,1,28,26
DPCOAK;HSD180,1,1,27,26
DPCOAK;HSD200,0,1,28,26
DPCOAK;HSD220,0,1,28,26
DPCOAK;HSD240,0,1,28,26
DPCOAK;HSD260,0,1,28,26
DPCOAK;HXDCEALOR,1,0,27,27
DPCOAK;HYAL,2,0,26,27
DPCOAK;Htg,1,0,27,27
DPCOAK;LALDD,1,0,27,27
DPCOAK;LCADi_D,1,0,27,27
DPCOAK;MALCOAMT,1,4,27,23
DPCOAK;MALCOAMTr,1,4,27,23
DPCOAK;MEOHtly,1,0,27,27
DPCOAK;NDP7g,1,0,27,27
DPCOAK;PItg,1,0,27,27
DPCOAK;PMTCOAFABP1tc,1,4,27,23
DPCOAK;PRDXl,1,0,27,27
DPCOAK;RTOT4,1,0,27,27
DPCOAK;RTOT5,0,1,28,26
DPCOAK;R_group_phosphotase_1,2,0,26,27
DPCOAK;Rtotaltl,2,0,26,27
DPCOAK;SBPP1,1,0,27,27
DPCOAK;SGPL11,1,0,27,27
DPCOAK;SGPL12r,1,0,27,27
DPCOAK;SMPD3l,2,0,26,27
DPCOAK;SPHINGStl,2,0,26,27
DPCOAK;SPHK21c,2,0,26,27
DPCOAK;SPHMYLNtl,2,0,26,27
DPCOAK;SPHS1Ptr,1,0,27,27
DPCOAK;SPPL,1,0,27,27
DPCOAK;TECR180,1,1,27,26
DPCOAK;TECR200,0,1,28,26
DPCOAK;TECR220,0,1,28,26
DPCOAK;TECR240,0,1,28,26
DPCOAK;TECR260,0,1,28,26
DPCOAK;THBPT4ACAMDASE,2,0,26,27
DPCOAK;TYR3MO2,2,0,26,27
DPCOAK;UAGDP,2,0,26,27
DPCOAK;UGLCNACtg,1,0,27,27
DPCOAK;UROLACer,2,0,26,27
DRPA;FBA,0,2,28,25
DRPA;FUCACNGAL14ACGLCGALGLUSIDEte,0,1,28,26
DRPA;FUCACNGAL14ACGLCGALGLUSIDEtg,0,1,28,26
DRPA;FUT92g,0,1,28,26
DRPA;GTPGDPtm,0,1,28,26
DRPA;IDHPOXOX2b,0,1,28,26
DRPA;IDHPOXOX4,0,1,28,26
DRPA;IDHPOXOXb,0,1,28,26
DRPA;METOX,0,1,28,26
DRPA;NAIt,0,1,28,26
DRPA;NTD2,1,1,27,26
DRPA;PFK,0,2,28,25
DRPA;PIMALtm,0,1,28,26
DRPA;SADT,0,1,28,26
DRPA;SO3AKGtm,0,1,28,26
DRPA;SO3MALtm,0,1,28,26
DRPA;SO4CLtex,0,1,28,26
DRPA;ST3GAL61g,0,1,28,26
DRPA;SUCOAS1m,0,1,28,26
DRPA;THRA,2,2,26,25
DRPA;THYPX,0,1,28,26
DRPA;THYST,0,1,28,26
DRPA;UAG2EMAi,0,1,28,26
DRPA;UNK3,0,1,28,26
DURAD2;FAR,1,0,27,27
DURAD2;H2Otp,1,0,27,27
DURAD2;ICITMALtm,1,0,27,27
DURAD2;LAC_Ltx,1,0,27,27
DURAD2;LCADi,1,0,27,27
DURAD2;LDH_Lp,1,0,27,27
DURAD2;MAL_Lte,1,0,27,27
DURAD2;MDHm,1,0,27,27
DURAD2;NADPHtxu,1,0,27,27
DURAD2;NADPtxu,1,0,27,27
DURAD2;PCm,1,0,27,27
DURAD2;PEPICITtm,1,0,27,27
DURAD2;PLA2,1,0,27,27
DURAD2;PRISTANALtx,1,0,27,27
DURAD2;PRISTtx,1,0,27,27
DURAD2;PYRt2p,1,0,27,27
DURAD2;R_group_phosphotase_1,1,0,27,27
DURAD2;Rtotalcoatx,1,0,27,27
DURAD2;Rtotaltp,1,0,27,27
DURAD2xm;FAR,1,0,27,27
DURAD2xm;H2Otp,1,0,27,27
DURAD2xm;ICITMALtm,1,0,27,27
DURAD2xm;LAC_Ltx,1,0,27,27
DURAD2xm;LCADi,1,0,27,27
DURAD2xm;LDH_Lp,1,0,27,27
DURAD2xm;MAL_Lte,1,0,27,27
DURAD2xm;MDHm,1,0,27,27
DURAD2xm;NADPHtxu,1,0,27,27
DURAD2xm;NADPtxu,1,0,27,27
DURAD2xm;PCm,1,0,27,27
DURAD2xm;PEPICITtm,1,0,27,27
DURAD2xm;PLA2,1,0,27,27
DURAD2xm;PRISTANALtx,1,0,27,27
DURAD2xm;PRISTtx,1,0,27,27
DURAD2xm;PYRt2p,1,0,27,27
DURAD2xm;R_group_phosphotase_1,1,0,27,27
DURAD2xm;Rtotalcoatx,1,0,27,27
DURAD2xm;Rtotaltp,1,0,27,27
DURIPP;FBA,0,1,28,26
DURIPP;NTD2,1,1,27,26
DURIPP;PFK,0,1,28,26
DURIPP;THRA,2,1,26,26
D_LACt2;DHAPA,1,0,27,27
D_LACt2;DPCOAK,1,0,27,27
D_LACt2;FAR,1,0,27,27
D_LACt2;GPAT,1,0,27,27
D_LACt2;H2Otp,1,0,27,27
D_LACt2;HCO3E,1,0,27,27
D_LACt2;LAC_Ltx,1,0,27,27
D_LACt2;LCADi,1,0,27,27
D_LACt2;LDH_Lp,1,0,27,27
D_LACt2;MAL_Lte,1,0,27,27
D_LACt2;NADPHtxu,1,0,27,27
D_LACt2;NADPtxu,1,0,27,27
D_LACt2;PIt8,1,0,27,27
D_LACt2;PLA2,1,0,27,27
D_LACt2;PNTK,1,0,27,27
D_LACt2;PNTOte,1,0,27,27
D_LACt2;PPCDC,1,0,27,27
D_LACt2;PPNCL2,1,0,27,27
D_LACt2;PRISTANALtx,1,0,27,27
D_LACt2;PRISTtx,1,0,27,27
D_LACt2;PTPAT,1,0,27,27
D_LACt2;PYRt2p,1,0,27,27
D_LACt2;R_group_phosphotase_1,1,0,27,27
D_LACt2;Rtotalcoatx,1,0,27,27
D_LACt2;Rtotaltp,1,0,27,27
EBP2r;ICDHyrm,1,0,27,27
EBP2r;OXALSUCCCLm,1,0,27,27
ECOAH1m;HMGCOASi,1,0,27,27
ENO;FBA,1,1,27,26
ENO;FBA3,1,0,27,27
ENO;FBP,1,0,27,27
ENO;G3PD1,1,0,27,27
ENO;G5SADr,1,0,27,27
ENO;GLCt1r,2,1,26,26
ENO;GLU5SAtmc,1,0,27,27
ENO;GLUt2m,1,0,27,27
ENO;HCO3tm,1,0,27,27
ENO;MAL_Lte,1,0,27,27
ENO;NDPK8,1,1,27,26
ENO;NH4tm,1,0,27,27
ENO;NQO2,1,0,27,27
ENO;OCBTm,1,0,27,27
ENO;ORNTArm,1,0,27,27
ENO;PEPCK,1,1,27,26
ENO;PFK,0,1,28,26
ENO;PFK_3,1,0,27,27
ENO;PGI,2,1,26,26
ENO;PIMALtm,1,0,27,27
ENO;PIt7,1,0,27,27
ENO;PRO1x,1,0,27,27
ENO;RPE,2,0,26,27
ENO;SO3AKGtm,1,0,27,27
ENO;SO3MALtm,1,0,27,27
ENO;TALA,1,0,27,27
ENO;TKT1,2,0,26,27
ENO;TKT2,2,0,26,27
ENO;TPI,1,0,27,27
ENO;q10h2tc,1,0,27,27
ENO;q10tm,1,0,27,27
ESTRADIOLtr;NMNS,0,1,28,26
ESTRONEtr;NMNS,0,1,28,26
ETHP;PE_HStm,1,1,27,26
ETHP;PSDm_hs,1,1,27,26
ETHP;PSFLIPm,1,1,27,26
ETHPL;GLYt7_211_r,1,0,27,27
ETHPL;THRA,5,0,23,27
F1Atg;ACITLn,0,1,28,26
F1Atg;ADPtn,0,1,28,26
F1Atg;CITtn,0,1,28,26
F1Atg;HMGLm,0,1,28,26
F1Atg;ICITCITtm,0,1,28,26
F1Atg;ICITMALtm,0,1,28,26
F1Atg;MDHm,0,1,28,26
F1Atg;NADH2_u10m,0,1,28,26
F1Atg;OAAtn,0,1,28,26
F1Atg;PItn,0,1,28,26
F6T2g;FUCACNGAL14ACGLCGALGLUSIDEte,1,0,27,27
F6T2g;FUCACNGAL14ACGLCGALGLUSIDEtg,1,0,27,27
F6T2g;FUT92g,1,0,27,27
F6T2g;GALGLUSIDEtg,1,0,27,27
F6T2g;GALGLUSIDEtr,1,0,27,27
F6T2g;NDP7er,1,0,27,27
F6T2g;OROTGLUt,0,1,28,26
F6T2g;OROTte,0,1,28,26
F6T2g;ST3GAL61g,1,0,27,27
F6T2g;UAG4E,0,1,28,26
F6T2g;UDPGALt2r,1,0,27,27
F6T2g;UDPGGPGTr,1,0,27,27
F6T2g;UGCGc,1,0,27,27
F6T2g;UMPtr,1,0,27,27
F6Tg;FUCACNGALACGLCGALGLUSIDEte,1,0,27,27
F6Tg;FUCACNGALACGLCGALGLUSIDEtg,1,0,27,27
F6Tg;FUT32g,1,0,27,27
F6Tg;GALGLUSIDEtg,1,0,27,27
F6Tg;GALGLUSIDEtr,1,0,27,27
F6Tg;NDP7er,1,1,27,26
F6Tg;ST3GAL31g,1,0,27,27
F6Tg;UAG4E,0,1,28,26
F6Tg;UDPGALt2r,1,0,27,27
F6Tg;UDPGGPGTr,1,0,27,27
F6Tg;UGCGc,1,0,27,27
F6Tg;UMPtr,1,0,27,27
FA40ACPH;HMGCOASi,1,0,27,27
FACOAL160i;PIt9,1,0,27,27
FACOAL160i;PNTK,1,0,27,27
FACOAL160i;PNTOte,1,0,27,27
FACOAL160i;PPCDC,1,0,27,27
FACOAL160i;PPNCL2,1,0,27,27
FACOAL160i;PTPAT,1,0,27,27
FACOAL181i;OCDE9ECOAtr,1,0,27,27
FACOAL40im;HMGCOASi,1,0,27,27
FADDPle;FCLTm,1,0,27,27
FADDPle;FE2tm,1,0,27,27
FADDPle;GALGLUSIDEtg,0,1,28,26
FADDPle;GALGLUSIDEtr,0,1,28,26
FADDPle;GALU,2,4,26,23
FADDPle;GDPFUCtg,0,1,28,26
FADDPle;GDPtg,0,1,28,26
FADDPle;GF6PTA,4,4,24,23
FADDPle;GMAND,0,1,28,26
FADDPle;GMPtg,0,1,28,26
FADDPle;H2Oter,0,1,28,26
FADDPle;H2Otg,4,4,24,23
FADDPle;HCO3E,3,4,25,23
FADDPle;HCO3Ee,2,3,26,24
FADDPle;HCO3Em,0,1,28,26
FADDPle;HCO3tm,0,1,28,26
FADDPle;HMBS,1,0,27,27
FADDPle;HOXG,1,0,27,27
FADDPle;Htg,4,4,24,23
FADDPle;Htr,0,1,28,26
FADDPle;LARGEg,0,1,28,26
FADDPle;MAN1PT2,0,2,28,25
FADDPle;MAN6PI,0,2,28,25
FADDPle;NDP7er,1,2,27,25
FADDPle;NDP7g,4,4,24,23
FADDPle;NTD7,1,0,27,27
FADDPle;PCOREM3terg,0,1,28,26
FADDPle;PGMT,2,4,26,23
FADDPle;PHEMEtm,1,0,27,27
FADDPle;PIt7,4,2,24,25
FADDPle;PIt8,2,0,26,27
FADDPle;PIt9,1,1,27,26
FADDPle;PIter,0,1,28,26
FADDPle;PItg,4,4,24,23
FADDPle;PMANM,0,2,28,25
FADDPle;POCDPRBTLT2g,0,1,28,26
FADDPle;POCDPRBTLTg,0,1,28,26
FADDPle;POGLCNACTg,0,1,28,26
FADDPle;POMGNGALNTr,0,1,28,26
FADDPle;POMGNTr,0,1,28,26
FADDPle;POMKr,0,1,28,26
FADDPle;POXYLTg,0,1,28,26
FADDPle;PPA,0,1,28,26
FADDPle;PPBNGS,1,0,27,27
FADDPle;PPPG9tm,1,0,27,27
FADDPle;PPPGOm,1,0,27,27
FADDPle;PYRFORte,0,1,28,26
FADDPle;R5Ptr,0,1,28,26
FADDPle;RBT5PCYTr,0,1,28,26
FADDPle;RBT5PDH,0,1,28,26
FADDPle;RPIr,0,1,28,26
FADDPle;RU5Ptr,0,1,28,26
FADDPle;THRA,2,3,26,24
FADDPle;UACGAMUMPtr,0,1,28,26
FADDPle;UAG4E,0,1,28,26
FADDPle;UAGDP,4,4,24,23
FADDPle;UDPG4E,1,2,27,25
FADDPle;UDPGALt2r,0,1,28,26
FADDPle;UDPGALtg,1,2,27,25
FADDPle;UDPGD,1,1,27,26
FADDPle;UDPGGPGTr,0,1,28,26
FADDPle;UDPGLCAter,1,0,27,27
FADDPle;UDPGLCAtg,0,1,28,26
FADDPle;UDPGLDCg,0,1,28,26
FADDPle;UGALNACter,0,1,28,26
FADDPle;UGCGc,0,1,28,26
FADDPle;UGLCNACtg,4,4,24,23
FADDPle;UGT1A2r,1,0,27,27
FADDPle;UMPtr,0,1,28,26
FADDPle;UPP3S,1,0,27,27
FADDPle;UPPDC1,1,0,27,27
FADFADH2tm;ARTFR52,1,0,27,27
FADFADH2tm;FAE180,1,0,27,27
FADFADH2tm;FAE200,1,0,27,27
FADFADH2tm;FAE220,1,0,27,27
FADFADH2tm;FAE240,1,0,27,27
FADFADH2tm;FAE260,1,0,27,27
FADFADH2tm;FOLtm,0,1,28,26
FADFADH2tm;HACD180,1,0,27,27
FADFADH2tm;HACD200,1,0,27,27
FADFADH2tm;HACD220,1,0,27,27
FADFADH2tm;HACD240,1,0,27,27
FADFADH2tm;HACD260,1,0,27,27
FADFADH2tm;HEXCCOAtr,1,0,27,27
FADFADH2tm;HSD180,1,0,27,27
FADFADH2tm;HSD200,1,0,27,27
FADFADH2tm;HSD220,1,0,27,27
FADFADH2tm;HSD240,1,0,27,27
FADFADH2tm;HSD260,1,0,27,27
FADFADH2tm;PIATPLtm,0,1,28,26
FADFADH2tm;PIt2m_2,0,1,28,26
FADFADH2tm;PNTK,2,0,26,27
FADFADH2tm;PNTOte,2,0,26,27
FADFADH2tm;PPCDC,2,0,26,27
FADFADH2tm;PPNCL2,2,0,26,27
FADFADH2tm;PRO1x,1,1,27,26
FADFADH2tm;PTPAT,2,0,26,27
FADFADH2tm;RTOT5,1,0,27,27
FADFADH2tm;TECR180,1,0,27,27
FADFADH2tm;TECR200,1,0,27,27
FADFADH2tm;TECR220,1,0,27,27
FADFADH2tm;TECR240,1,0,27,27
FADFADH2tm;TECR260,1,0,27,27
FADFADH2tm;THFtm,0,1,28,26
FADH2ETC;ARTFR42,1,0,27,27
FADH2ETC;FCYTOB5OXRyr,1,0,27,27
FADH2ETC;GLUPROASCT1,1,0,27,27
FADH2ETC;HCO3E,0,1,28,26
FADH2ETC;NAt,0,1,28,26
FADH2ETC;NAt5,2,0,26,27
FADH2ETC;OCDE9ECOAtr,1,0,27,27
FADH2ETC;PIATPLtm,0,1,28,26
FADH2ETC;PIMALtm,0,1,28,26
FADH2ETC;PIt2m_2,0,1,28,26
FADH2ETC;PRO1x,0,1,28,26
FADH2ETC;PYK,1,0,27,27
FADH2ETC;PYRt4_2,2,0,26,27
FADH2ETC;RTOT4,1,0,27,27
FADH2ETC;SO3AKGtm,0,1,28,26
FADH2ETC;SO3MALtm,0,1,28,26
FADRx2;ARTFR52,1,0,27,27
FADRx2;FAE180,1,0,27,27
FADRx2;FAE200,1,0,27,27
FADRx2;FAE220,1,0,27,27
FADRx2;FAE240,1,0,27,27
FADRx2;FAE260,1,0,27,27
FADRx2;HACD180,1,0,27,27
FADRx2;HACD200,1,0,27,27
FADRx2;HACD220,1,0,27,27
FADRx2;HACD240,1,0,27,27
FADRx2;HACD260,1,0,27,27
FADRx2;HEXCCOAtr,1,0,27,27
FADRx2;HSD180,1,0,27,27
FADRx2;HSD200,1,0,27,27
FADRx2;HSD220,1,0,27,27
FADRx2;HSD240,1,0,27,27
FADRx2;HSD260,1,0,27,27
FADRx2;RTOT5,1,0,27,27
FADRx2;TECR180,1,0,27,27
FADRx2;TECR200,1,0,27,27
FADRx2;TECR220,1,0,27,27
FADRx2;TECR240,1,0,27,27
FADRx2;TECR260,1,0,27,27
FADte;FCLTm,1,0,27,27
FADte;FE2tm,1,0,27,27
FADte;GALGLUSIDEtg,0,1,28,26
FADte;GALGLUSIDEtr,0,1,28,26
FADte;GALU,2,4,26,23
FADte;GDPFUCtg,0,1,28,26
FADte;GDPtg,0,1,28,26
FADte;GF6PTA,4,4,24,23
FADte;GMAND,0,1,28,26
FADte;GMPtg,0,1,28,26
FADte;H2Oter,0,1,28,26
FADte;H2Otg,4,4,24,23
FADte;HCO3E,3,4,25,23
FADte;HCO3Ee,2,3,26,24
FADte;HCO3Em,0,1,28,26
FADte;HCO3tm,0,1,28,26
FADte;HMBS,1,0,27,27
FADte;HOXG,1,0,27,27
FADte;Htg,4,4,24,23
FADte;Htr,0,1,28,26
FADte;LARGEg,0,1,28,26
FADte;MAN1PT2,0,2,28,25
FADte;MAN6PI,0,2,28,25
FADte;NDP7er,1,2,27,25
FADte;NDP7g,4,4,24,23
FADte;NTD7,1,0,27,27
FADte;PCOREM3terg,0,1,28,26
FADte;PGMT,2,4,26,23
FADte;PHEMEtm,1,0,27,27
FADte;PIt7,4,2,24,25
FADte;PIt8,2,0,26,27
FADte;PIt9,1,1,27,26
FADte;PIter,0,1,28,26
FADte;PItg,4,4,24,23
FADte;PMANM,0,2,28,25
FADte;POCDPRBTLT2g,0,1,28,26
FADte;POCDPRBTLTg,0,1,28,26
FADte;POGLCNACTg,0,1,28,26
FADte;POMGNGALNTr,0,1,28,26
FADte;POMGNTr,0,1,28,26
FADte;POMKr,0,1,28,26
FADte;POXYLTg,0,1,28,26
FADte;PPA,0,1,28,26
FADte;PPBNGS,1,0,27,27
FADte;PPPG9tm,1,0,27,27
FADte;PPPGOm,1,0,27,27
FADte;PYRFORte,0,1,28,26
FADte;R5Ptr,0,1,28,26
FADte;RBT5PCYTr,0,1,28,26
FADte;RBT5PDH,0,1,28,26
FADte;RPIr,0,1,28,26
FADte;RU5Ptr,0,1,28,26
FADte;THRA,2,3,26,24
FADte;UACGAMUMPtr,0,1,28,26
FADte;UAG4E,0,1,28,26
FADte;UAGDP,4,4,24,23
FADte;UDPG4E,1,2,27,25
FADte;UDPGALt2r,0,1,28,26
FADte;UDPGALtg,1,2,27,25
FADte;UDPGD,1,1,27,26
FADte;UDPGGPGTr,0,1,28,26
FADte;UDPGLCAter,1,0,27,27
FADte;UDPGLCAtg,0,1,28,26
FADte;UDPGLDCg,0,1,28,26
FADte;UGALNACter,0,1,28,26
FADte;UGCGc,0,1,28,26
FADte;UGLCNACtg,4,4,24,23
FADte;UGT1A2r,1,0,27,27
FADte;UMPtr,0,1,28,26
FADte;UPP3S,1,0,27,27
FADte;UPPDC1,1,0,27,27
FAE180;ARTFR33,3,0,25,27
FAE180;ARTFR43,2,1,26,26
FAE180;FAE181,5,1,23,26
FAE180;FALDtm,1,0,27,27
FAE180;FALDtx,1,0,27,27
FAE180;FOLtm,0,1,28,26
FAE180;GLXtm,0,1,28,26
FAE180;GLXtp,0,1,28,26
FAE180;GLYBtm,1,0,27,27
FAE180;GLYCLTDym,0,1,28,26
FAE180;GLYCLTtm,0,1,28,26
FAE180;GLYCLTtp,0,1,28,26
FAE180;GLYCTO1p,0,1,28,26
FAE180;GLYtp,1,0,27,27
FAE180;H2O2tp,1,0,27,27
FAE180;H2Otp,1,0,27,27
FAE180;HACD181,5,1,23,26
FAE180;HSD181,5,1,23,26
FAE180;METAT,1,0,27,27
FAE180;O2tp,1,0,27,27
FAE180;OCTD11ECOAtr,5,1,23,26
FAE180;PNTK,1,1,27,26
FAE180;PNTOt1,0,1,28,26
FAE180;PNTOte,1,0,27,27
FAE180;PPCDC,1,1,27,26
FAE180;PPNCL2,1,1,27,26
FAE180;PTPAT,1,1,27,26
FAE180;RTOT3,3,0,25,27
FAE180;RTOT4,2,1,26,26
FAE180;SARCOXp,1,0,27,27
FAE180;SARCStm,1,0,27,27
FAE180;SARCStp,1,0,27,27
FAE180;TECR181,5,1,23,26
FAE180;THFtm,0,1,28,26
FAE181;HACD180,5,1,23,26
FAE181;HSD180,5,1,23,26
FAE181;RTOT5,2,0,26,27
FAE181;TECR180,5,1,23,26
FAE200;AKGtn,1,0,27,27
FAE200;ARTFR32,1,0,27,27
FAE200;ARTFR42,4,1,24,26
FAE200;ARTFR45,1,0,27,27
FAE200;CO2tn,1,0,27,27
FAE200;FAE201,1,0,27,27
FAE200;FAE221,1,0,27,27
FAE200;FAE241,1,0,27,27
FAE200;FALDtm,5,0,23,27
FAE200;FALDtn,1,0,27,27
FAE200;FALDtx,5,0,23,27
FAE200;G3PD2m,2,0,26,27
FAE200;G6PPer,1,0,27,27
FAE200;G6Pt6er,1,0,27,27
FAE200;GLCter,1,0,27,27
FAE200;GLYBtm,5,0,23,27
FAE200;GLYtp,5,0,23,27
FAE200;H2O2t,2,0,26,27
FAE200;H2O2tp,4,0,24,27
FAE200;H2Otp,4,0,24,27
FAE200;HACD201,1,0,27,27
FAE200;HACD221,1,0,27,27
FAE200;HACD241,1,0,27,27
FAE200;HSD201,1,0,27,27
FAE200;HSD221,1,0,27,27
FAE200;HSD241,1,0,27,27
FAE200;Htr,1,0,27,27
FAE200;MEOHt2,1,0,27,27
FAE200;METAT,5,0,23,27
FAE200;NRVNCCOAtr,1,0,27,27
FAE200;O2tn,1,0,27,27
FAE200;O2tp,5,0,23,27
FAE200;OCDE9ECOAtr,4,1,24,26
FAE200;PNTK,0,1,28,26
FAE200;PNTOt1,0,1,28,26
FAE200;PPCDC,0,1,28,26
FAE200;PPNCL2,0,1,28,26
FAE200;PTPAT,0,1,28,26
FAE200;RTOT3,1,0,27,27
FAE200;RTOT4,5,1,23,26
FAE200;SARCOXp,5,0,23,27
FAE200;SARCStm,5,0,23,27
FAE200;SARCStp,5,0,23,27
FAE200;TECR201,1,0,27,27
FAE200;TECR221,1,0,27,27
FAE200;TECR241,1,0,27,27
FAE200;THFtm,1,0,27,27
FAE200;THRALANaEx,1,0,27,27
FAE201;ARTFR52,1,0,27,27
FAE201;FAE220,1,0,27,27
FAE201;FAE240,1,0,27,27
FAE201;FAE260,1,0,27,27
FAE201;FCLTm,1,0,27,27
FAE201;FE2tm,1,0,27,27
FAE201;FOLtm,0,1,28,26
FAE201;GLXtm,0,1,28,26
FAE201;GLXtp,0,1,28,26
FAE201;GLYCLTDym,0,1,28,26
FAE201;GLYCLTtm,0,1,28,26
FAE201;GLYCLTtp,0,1,28,26
FAE201;GLYCTO1p,0,1,28,26
FAE201;GTPGDPtm,1,0,27,27
FAE201;HACD200,1,0,27,27
FAE201;HACD220,1,0,27,27
FAE201;HACD240,1,0,27,27
FAE201;HACD260,1,0,27,27
FAE201;HEXCCOAtr,1,0,27,27
FAE201;HMBS,1,0,27,27
FAE201;HOXG,1,0,27,27
FAE201;HSD200,1,0,27,27
FAE201;HSD220,1,0,27,27
FAE201;HSD240,1,0,27,27
FAE201;HSD260,1,0,27,27
FAE201;NDPK1,1,0,27,27
FAE201;NTD7,1,0,27,27
FAE201;PHEMEtm,1,0,27,27
FAE201;PIMALtm,1,0,27,27
FAE201;PPBNGS,1,0,27,27
FAE201;PPPG9tm,1,0,27,27
FAE201;PPPGOm,1,0,27,27
FAE201;PROAKGOX1m,1,0,27,27
FAE201;PROtm,1,0,27,27
FAE201;RTOT4,0,1,28,26
FAE201;RTOT5,1,0,27,27
FAE201;SO4AKGtm,1,0,27,27
FAE201;SO4MALtm,1,0,27,27
FAE201;SUCOAS1m,1,0,27,27
FAE201;TECR200,1,0,27,27
FAE201;TECR220,1,0,27,27
FAE201;TECR240,1,0,27,27
FAE201;TECR260,1,0,27,27
FAE201;THFtm,0,1,28,26
FAE201;UDPGD,1,0,27,27
FAE201;UDPGLCAter,1,0,27,27
FAE201;UPP3S,1,0,27,27
FAE201;UPPDC1,1,0,27,27
FAE2031;H2Oter,0,1,28,26
FAE2031;Htr,0,1,28,26
FAE220;AKGtn,1,0,27,27
FAE220;ARTFR32,1,0,27,27
FAE220;ARTFR42,4,1,24,26
FAE220;ARTFR45,1,0,27,27
FAE220;CO2tn,1,0,27,27
FAE220;FAE221,1,0,27,27
FAE220;FAE241,1,0,27,27
FAE220;FALDtm,5,0,23,27
FAE220;FALDtn,1,0,27,27
FAE220;FALDtx,5,0,23,27
FAE220;G3PD2m,2,0,26,27
FAE220;GLYBtm,5,0,23,27
FAE220;GLYtp,5,0,23,27
FAE220;H2O2t,2,0,26,27
FAE220;H2O2tp,4,0,24,27
FAE220;H2Otp,4,0,24,27
FAE220;HACD201,1,0,27,27
FAE220;HACD221,1,0,27,27
FAE220;HACD241,1,0,27,27
FAE220;HSD201,1,0,27,27
FAE220;HSD221,1,0,27,27
FAE220;HSD241,1,0,27,27
FAE220;Htr,1,0,27,27
FAE220;MEOHt2,1,0,27,27
FAE220;METAT,5,0,23,27
FAE220;NRVNCCOAtr,1,0,27,27
FAE220;O2tn,1,0,27,27
FAE220;O2tp,5,0,23,27
FAE220;OCDE9ECOAtr,4,1,24,26
FAE220;PNTK,0,1,28,26
FAE220;PNTOt1,0,1,28,26
FAE220;PPCDC,0,1,28,26
FAE220;PPNCL2,0,1,28,26
FAE220;PTPAT,0,1,28,26
FAE220;RTOT3,1,0,27,27
FAE220;RTOT4,5,1,23,26
FAE220;SARCOXp,5,0,23,27
FAE220;SARCStm,5,0,23,27
FAE220;SARCStp,5,0,23,27
FAE220;TECR201,1,0,27,27
FAE220;TECR221,1,0,27,27
FAE220;TECR241,1,0,27,27
FAE220;THFtm,1,0,27,27
FAE220;THRALANaEx,1,0,27,27
FAE221;ARTFR52,1,0,27,27
FAE221;FAE240,1,0,27,27
FAE221;FAE260,1,0,27,27
FAE221;FCLTm,1,0,27,27
FAE221;FE2tm,1,0,27,27
FAE221;FOLtm,0,1,28,26
FAE221;GLXtm,0,1,28,26
FAE221;GLXtp,0,1,28,26
FAE221;GLYCLTDym,0,1,28,26
FAE221;GLYCLTtm,0,1,28,26
FAE221;GLYCLTtp,0,1,28,26
FAE221;GLYCTO1p,0,1,28,26
FAE221;GTPGDPtm,1,0,27,27
FAE221;HACD200,1,0,27,27
FAE221;HACD220,1,0,27,27
FAE221;HACD240,1,0,27,27
FAE221;HACD260,1,0,27,27
FAE221;HEXCCOAtr,1,0,27,27
FAE221;HMBS,1,0,27,27
FAE221;HOXG,1,0,27,27
FAE221;HSD200,1,0,27,27
FAE221;HSD220,1,0,27,27
FAE221;HSD240,1,0,27,27
FAE221;HSD260,1,0,27,27
FAE221;NDPK1,1,0,27,27
FAE221;NTD7,1,0,27,27
FAE221;PHEMEtm,1,0,27,27
FAE221;PIMALtm,1,0,27,27
FAE221;PPBNGS,1,0,27,27
FAE221;PPPG9tm,1,0,27,27
FAE221;PPPGOm,1,0,27,27
FAE221;PROAKGOX1m,1,0,27,27
FAE221;PROtm,1,0,27,27
FAE221;RTOT4,0,1,28,26
FAE221;RTOT5,1,0,27,27
FAE221;SO4AKGtm,1,0,27,27
FAE221;SO4MALtm,1,0,27,27
FAE221;SUCOAS1m,1,0,27,27
FAE221;TECR200,1,0,27,27
FAE221;TECR220,1,0,27,27
FAE221;TECR240,1,0,27,27
FAE221;TECR260,1,0,27,27
FAE221;THFtm,0,1,28,26
FAE221;UDPGD,1,0,27,27
FAE221;UDPGLCAter,1,0,27,27
FAE221;UPP3S,1,0,27,27
FAE221;UPPDC1,1,0,27,27
FAE224;FOLtm,0,1,28,26
FAE224;GLXtm,0,1,28,26
FAE224;GLXtp,0,1,28,26
FAE224;GLYCLTDym,0,1,28,26
FAE224;GLYCLTtm,0,1,28,26
FAE224;GLYCLTtp,0,1,28,26
FAE224;GLYCTO1p,0,1,28,26
FAE224;RTOT4,0,1,28,26
FAE224;THFtm,0,1,28,26
FAE240;AKGtn,1,0,27,27
FAE240;ARTFR32,1,0,27,27
FAE240;ARTFR42,4,1,24,26
FAE240;ARTFR45,1,0,27,27
FAE240;CO2tn,1,0,27,27
FAE240;FAE241,1,0,27,27
FAE240;FALDtm,5,0,23,27
FAE240;FALDtn,1,0,27,27
FAE240;FALDtx,5,0,23,27
FAE240;G3PD2m,2,0,26,27
FAE240;GLYBtm,5,0,23,27
FAE240;GLYtp,5,0,23,27
FAE240;H2O2t,2,0,26,27
FAE240;H2O2tp,4,0,24,27
FAE240;H2Otp,4,0,24,27
FAE240;HACD201,1,0,27,27
FAE240;HACD221,1,0,27,27
FAE240;HACD241,1,0,27,27
FAE240;HSD201,1,0,27,27
FAE240;HSD221,1,0,27,27
FAE240;HSD241,1,0,27,27
FAE240;Htr,1,0,27,27
FAE240;MEOHt2,1,0,27,27
FAE240;METAT,5,0,23,27
FAE240;NRVNCCOAtr,1,0,27,27
FAE240;O2tn,1,0,27,27
FAE240;O2tp,5,0,23,27
FAE240;OCDE9ECOAtr,4,1,24,26
FAE240;PNTK,0,1,28,26
FAE240;PNTOt1,0,1,28,26
FAE240;PPCDC,0,1,28,26
FAE240;PPNCL2,0,1,28,26
FAE240;PTPAT,0,1,28,26
FAE240;RTOT3,1,0,27,27
FAE240;RTOT4,5,1,23,26
FAE240;SARCOXp,5,0,23,27
FAE240;SARCStm,5,0,23,27
FAE240;SARCStp,5,0,23,27
FAE240;TECR201,1,0,27,27
FAE240;TECR221,1,0,27,27
FAE240;TECR241,1,0,27,27
FAE240;THFtm,1,0,27,27
FAE240;THRALANaEx,1,0,27,27
FAE241;ARTFR52,1,0,27,27
FAE241;FAE260,1,0,27,27
FAE241;FCLTm,1,0,27,27
FAE241;FE2tm,1,0,27,27
FAE241;FOLtm,0,1,28,26
FAE241;GLXtm,0,1,28,26
FAE241;GLXtp,0,1,28,26
FAE241;GLYCLTDym,0,1,28,26
FAE241;GLYCLTtm,0,1,28,26
FAE241;GLYCLTtp,0,1,28,26
FAE241;GLYCTO1p,0,1,28,26
FAE241;GTPGDPtm,1,0,27,27
FAE241;HACD200,1,0,27,27
FAE241;HACD220,1,0,27,27
FAE241;HACD240,1,0,27,27
FAE241;HACD260,1,0,27,27
FAE241;HEXCCOAtr,1,0,27,27
FAE241;HMBS,1,0,27,27
FAE241;HOXG,1,0,27,27
FAE241;HSD200,1,0,27,27
FAE241;HSD220,1,0,27,27
FAE241;HSD240,1,0,27,27
FAE241;HSD260,1,0,27,27
FAE241;NDPK1,1,0,27,27
FAE241;NTD7,1,0,27,27
FAE241;PHEMEtm,1,0,27,27
FAE241;PIMALtm,1,0,27,27
FAE241;PPBNGS,1,0,27,27
FAE241;PPPG9tm,1,0,27,27
FAE241;PPPGOm,1,0,27,27
FAE241;PROAKGOX1m,1,0,27,27
FAE241;PROtm,1,0,27,27
FAE241;RTOT4,0,1,28,26
FAE241;RTOT5,1,0,27,27
FAE241;SO4AKGtm,1,0,27,27
FAE241;SO4MALtm,1,0,27,27
FAE241;SUCOAS1m,1,0,27,27
FAE241;TECR200,1,0,27,27
FAE241;TECR220,1,0,27,27
FAE241;TECR240,1,0,27,27
FAE241;TECR260,1,0,27,27
FAE241;THFtm,0,1,28,26
FAE241;UDPGD,1,0,27,27
FAE241;UDPGLCAter,1,0,27,27
FAE241;UPP3S,1,0,27,27
FAE241;UPPDC1,1,0,27,27
FAE244;FOLtm,0,1,28,26
FAE244;GLXtm,0,1,28,26
FAE244;GLXtp,0,1,28,26
FAE244;GLYCLTDym,0,1,28,26
FAE244;GLYCLTtm,0,1,28,26
FAE244;GLYCLTtp,0,1,28,26
FAE244;GLYCTO1p,0,1,28,26
FAE244;RTOT4,0,1,28,26
FAE244;THFtm,0,1,28,26
FAE260;AKGtn,1,0,27,27
FAE260;ARTFR32,1,0,27,27
FAE260;ARTFR42,4,1,24,26
FAE260;ARTFR45,1,0,27,27
FAE260;CO2tn,1,0,27,27
FAE260;FALDtm,5,0,23,27
FAE260;FALDtn,1,0,27,27
FAE260;FALDtx,5,0,23,27
FAE260;G3PD2m,2,0,26,27
FAE260;GLYBtm,5,0,23,27
FAE260;GLYtp,5,0,23,27
FAE260;H2O2t,2,0,26,27
FAE260;H2O2tp,4,0,24,27
FAE260;H2Otp,4,0,24,27
FAE260;HACD201,1,0,27,27
FAE260;HACD221,1,0,27,27
FAE260;HACD241,1,0,27,27
FAE260;HSD201,1,0,27,27
FAE260;HSD221,1,0,27,27
FAE260;HSD241,1,0,27,27
FAE260;Htr,1,0,27,27
FAE260;MEOHt2,1,0,27,27
FAE260;METAT,5,0,23,27
FAE260;NRVNCCOAtr,1,0,27,27
FAE260;O2tn,1,0,27,27
FAE260;O2tp,5,0,23,27
FAE260;OCDE9ECOAtr,4,1,24,26
FAE260;PNTK,0,1,28,26
FAE260;PNTOt1,0,1,28,26
FAE260;PPCDC,0,1,28,26
FAE260;PPNCL2,0,1,28,26
FAE260;PTPAT,0,1,28,26
FAE260;RTOT3,1,0,27,27
FAE260;RTOT4,5,1,23,26
FAE260;SARCOXp,5,0,23,27
FAE260;SARCStm,5,0,23,27
FAE260;SARCStp,5,0,23,27
FAE260;TECR201,1,0,27,27
FAE260;TECR221,1,0,27,27
FAE260;TECR241,1,0,27,27
FAE260;THFtm,1,0,27,27
FAE260;THRALANaEx,1,0,27,27
FALDte;HMGDH,1,0,27,27
FALDte;HMGS,1,0,27,27
FALDte;HSD3B11,0,1,28,26
FALDte;O2tm,0,1,28,26
FALDte;P45011A1m,0,1,28,26
FALDte;PRGNLONEtm,0,1,28,26
FALDte;PRGSTRNt,0,1,28,26
FALDte;SFGTH,1,0,27,27
FALDte;THFtm,0,1,28,26
FALDte;TXA2tr,0,1,28,26
FALDte;TXB2c,0,1,28,26
FALDte;TXB2r,0,1,28,26
FALDte;TXB2tr,0,1,28,26
FALDtly;H2O2t,1,0,27,27
FALDtly;PNTK,1,0,27,27
FALDtly;PNTOte,1,0,27,27
FALDtly;PPCDC,1,0,27,27
FALDtly;PPNCL2,1,0,27,27
FALDtly;PTPAT,1,0,27,27
FALDtm;ACITLn,0,1,28,26
FALDtm;ADPtn,0,1,28,26
FALDtm;ARTFR52,5,0,23,27
FALDtm;CITtn,0,1,28,26
FALDtm;FCLTm,1,0,27,27
FALDtm;FE2tm,1,0,27,27
FALDtm;GALU,0,1,28,26
FALDtm;GLXtm,0,1,28,26
FALDtm;GLXtp,0,1,28,26
FALDtm;GLYC3Ptm,1,0,27,27
FALDtm;GLYCLTDym,0,1,28,26
FALDtm;GLYCLTtm,0,1,28,26
FALDtm;GLYCLTtp,0,1,28,26
FALDtm;GLYCTO1p,0,1,28,26
FALDtm;GLYt4,0,1,28,26
FALDtm;GTPGDPtm,1,0,27,27
FALDtm;H2Oter,0,1,28,26
FALDtm;HACD180,1,0,27,27
FALDtm;HACD200,5,0,23,27
FALDtm;HACD220,5,0,23,27
FALDtm;HACD240,5,0,23,27
FALDtm;HACD260,5,0,23,27
FALDtm;HCO3E,0,2,28,25
FALDtm;HEXCCOAtr,5,0,23,27
FALDtm;HMBS,1,0,27,27
FALDtm;HMGLm,0,1,28,26
FALDtm;HOXG,1,0,27,27
FALDtm;HSD180,1,0,27,27
FALDtm;HSD200,5,0,23,27
FALDtm;HSD220,5,0,23,27
FALDtm;HSD240,5,0,23,27
FALDtm;HSD260,5,0,23,27
FALDtm;HSD3B11,0,1,28,26
FALDtm;Htr,1,1,27,26
FALDtm;ICDHyrm,0,1,28,26
FALDtm;ICITCITtm,0,1,28,26
FALDtm;ICITMALtm,0,1,28,26
FALDtm;LDH_L,0,1,28,26
FALDtm;MDH,0,1,28,26
FALDtm;MDHm,0,1,28,26
FALDtm;NADH2_u10m,0,1,28,26
FALDtm;NDPK1,1,0,27,27
FALDtm;NTD7,1,0,27,27
FALDtm;O2tm,0,1,28,26
FALDtm;OAAtn,0,1,28,26
FALDtm;P45011A1m,0,1,28,26
FALDtm;PGMT,0,1,28,26
FALDtm;PHEMEtm,1,0,27,27
FALDtm;PIMALtm,1,0,27,27
FALDtm;PIt9,0,1,28,26
FALDtm;PIter,0,1,28,26
FALDtm;PItn,0,1,28,26
FALDtm;PPBNGS,1,0,27,27
FALDtm;PPPG9tm,1,0,27,27
FALDtm;PPPGOm,1,0,27,27
FALDtm;PRGNLONEtm,0,1,28,26
FALDtm;PRGSTRNt,0,1,28,26
FALDtm;PROAKGOX1m,1,0,27,27
FALDtm;PROtm,2,0,26,27
FALDtm;R5Ptr,0,1,28,26
FALDtm;RADH3,0,1,28,26
FALDtm;RADH4,0,1,28,26
FALDtm;RPIr,0,1,28,26
FALDtm;RTOT5,5,0,23,27
FALDtm;RU5Ptr,0,1,28,26
FALDtm;SO4AKGtm,1,0,27,27
FALDtm;SO4MALtm,1,0,27,27
FALDtm;SUCOAS1m,1,0,27,27
FALDtm;TECR180,1,0,27,27
FALDtm;TECR200,5,0,23,27
FALDtm;TECR220,5,0,23,27
FALDtm;TECR240,5,0,23,27
FALDtm;TECR260,5,0,23,27
FALDtm;THFtm,0,2,28,25
FALDtm;TXA2tr,0,1,28,26
FALDtm;TXB2c,0,1,28,26
FALDtm;TXB2r,0,1,28,26
FALDtm;TXB2tr,0,1,28,26
FALDtm;UDPGD,1,0,27,27
FALDtm;UDPGLCAter,1,0,27,27
FALDtm;UPP3S,1,0,27,27
FALDtm;UPPDC1,1,0,27,27
FALDtn;ARGtn,1,1,27,26
FALDtn;ARTFR52,1,0,27,27
FALDtn;H3K36MET_1,1,0,27,27
FALDtn;H3K36MET_3,1,0,27,27
FALDtn;H3K36_synthesis,1,0,27,27
FALDtn;H3R17MET_1,1,1,27,26
FALDtn;H3R17MET_2,1,1,27,26
FALDtn;H3R17MET_3,1,1,27,26
FALDtn;H3R17_synthesis,1,1,27,26
FALDtn;LYStn,1,0,27,27
FALDtn;PE_HStm,1,1,27,26
FALDtn;PHEMEtm,1,0,27,27
FALDtn;PIMALtm,1,0,27,27
FALDtn;PPBNGS,1,0,27,27
FALDtn;PPPG9tm,1,0,27,27
FALDtn;PPPGOm,1,0,27,27
FALDtn;PROAKGOX1m,1,0,27,27
FALDtn;PSDm_hs,2,1,26,26
FALDtn;PSFLIPm,2,1,26,26
FALDtn;RTOT5,1,0,27,27
FALDtn;SO3AKGtm,1,0,27,27
FALDtn;SO3MALtm,1,0,27,27
FALDtn;SUCOAS1m,1,0,27,27
FALDtn;TECR200,1,0,27,27
FALDtn;TECR220,1,0,27,27
FALDtn;TECR240,1,0,27,27
FALDtn;TECR260,1,0,27,27
FALDtn;THBPT4ACAMDASE,0,1,28,26
FALDtn;TYR3MO2,0,1,28,26
FALDtn;TYRDOPO,2,0,26,27
FALDtn;UDPGD,1,0,27,27
FALDtn;UDPGLCAter,1,0,27,27
FALDtn;UGT1A2r,1,0,27,27
FALDtn;UPP3S,1,0,27,27
FALDtn;UPPDC1,1,0,27,27
FALDtn;peparg_synthesis,1,1,27,26
FALDtn;peplys_synthesis,1,0,27,27
FALDtx;ACITLn,0,1,28,26
FALDtx;ADPtn,0,1,28,26
FALDtx;ARTFR52,5,0,23,27
FALDtx;CITtn,0,1,28,26
FALDtx;FCLTm,1,0,27,27
FALDtx;FE2tm,1,0,27,27
FALDtx;GALU,0,1,28,26
FALDtx;GLXtm,0,1,28,26
FALDtx;GLXtp,0,1,28,26
FALDtx;GLYC3Ptm,1,0,27,27
FALDtx;GLYCLTDym,0,1,28,26
FALDtx;GLYCLTtm,0,1,28,26
FALDtx;GLYCLTtp,0,1,28,26
FALDtx;GLYCTO1p,0,1,28,26
FALDtx;GLYt4,0,1,28,26
FALDtx;GTPGDPtm,1,0,27,27
FALDtx;H2Oter,0,1,28,26
FALDtx;HACD180,1,0,27,27
FALDtx;HACD200,5,0,23,27
FALDtx;HACD220,5,0,23,27
FALDtx;HACD240,5,0,23,27
FALDtx;HACD260,5,0,23,27
FALDtx;HCO3E,0,2,28,25
FALDtx;HEXCCOAtr,5,0,23,27
FALDtx;HMBS,1,0,27,27
FALDtx;HMGLm,0,1,28,26
FALDtx;HOXG,1,0,27,27
FALDtx;HSD180,1,0,27,27
FALDtx;HSD200,5,0,23,27
FALDtx;HSD220,5,0,23,27
FALDtx;HSD240,5,0,23,27
FALDtx;HSD260,5,0,23,27
FALDtx;HSD3B11,0,1,28,26
FALDtx;Htr,1,1,27,26
FALDtx;ICDHyrm,0,1,28,26
FALDtx;ICITCITtm,0,1,28,26
FALDtx;ICITMALtm,0,1,28,26
FALDtx;LDH_L,0,1,28,26
FALDtx;MDH,0,1,28,26
FALDtx;MDHm,0,1,28,26
FALDtx;NADH2_u10m,0,1,28,26
FALDtx;NDPK1,1,0,27,27
FALDtx;NTD7,1,0,27,27
FALDtx;O2tm,0,1,28,26
FALDtx;OAAtn,0,1,28,26
FALDtx;P45011A1m,0,1,28,26
FALDtx;PGMT,0,1,28,26
FALDtx;PHEMEtm,1,0,27,27
FALDtx;PIMALtm,1,0,27,27
FALDtx;PIt9,0,1,28,26
FALDtx;PIter,0,1,28,26
FALDtx;PItn,0,1,28,26
FALDtx;PPBNGS,1,0,27,27
FALDtx;PPPG9tm,1,0,27,27
FALDtx;PPPGOm,1,0,27,27
FALDtx;PRGNLONEtm,0,1,28,26
FALDtx;PRGSTRNt,0,1,28,26
FALDtx;PROAKGOX1m,1,0,27,27
FALDtx;PROtm,2,0,26,27
FALDtx;R5Ptr,0,1,28,26
FALDtx;RADH3,0,1,28,26
FALDtx;RADH4,0,1,28,26
FALDtx;RPIr,0,1,28,26
FALDtx;RTOT5,5,0,23,27
FALDtx;RU5Ptr,0,1,28,26
FALDtx;SO4AKGtm,1,0,27,27
FALDtx;SO4MALtm,1,0,27,27
FALDtx;SUCOAS1m,1,0,27,27
FALDtx;TECR180,1,0,27,27
FALDtx;TECR200,5,0,23,27
FALDtx;TECR220,5,0,23,27
FALDtx;TECR240,5,0,23,27
FALDtx;TECR260,5,0,23,27
FALDtx;THFtm,0,2,28,25
FALDtx;TXA2tr,0,1,28,26
FALDtx;TXB2c,0,1,28,26
FALDtx;TXB2r,0,1,28,26
FALDtx;TXB2tr,0,1,28,26
FALDtx;UDPGD,1,0,27,27
FALDtx;UDPGLCAter,1,0,27,27
FALDtx;UPP3S,1,0,27,27
FALDtx;UPPDC1,1,0,27,27
FAR;LALDD,1,0,27,27
FAR;LCADi_D,1,0,27,27
FAR;THYMtm,1,0,27,27
FAR;UMPK,0,1,28,26
FBA2;G3PD1,1,0,27,27
FBA2;GLCt1r,1,0,27,27
FBA2;HEX1,2,0,26,27
FBA3;GALU,1,0,27,27
FBA3;GAPD,1,0,27,27
FBA3;GF6PTA,1,0,27,27
FBA3;GLCt1r,1,0,27,27
FBA3;H2Otg,1,0,27,27
FBA3;Htg,1,0,27,27
FBA3;NDP7g,1,0,27,27
FBA3;NMNS,1,0,27,27
FBA3;PFK,3,0,25,27
FBA3;PGI,3,0,25,27
FBA3;PGK,1,0,27,27
FBA3;PGM,1,0,27,27
FBA3;PGMT,1,0,27,27
FBA3;PItg,1,0,27,27
FBA3;RNAdeg,1,0,27,27
FBA3;THRA,1,0,27,27
FBA3;THRALANaEx,1,0,27,27
FBA3;UAG4E,1,0,27,27
FBA3;UAGDP,1,0,27,27
FBA3;UGLCNACtg,1,0,27,27
FBA4;GLYt4,2,0,26,27
FBA;FBA3,3,0,25,27
FBA;G3PD1,1,0,27,27
FBA;GAPD,1,1,27,26
FBA;GLCt1r,2,1,26,26
FBA;GLYCtm,0,1,28,26
FBA;GLYKm,0,1,28,26
FBA;GPCCPDE,0,1,28,26
FBA;HCO3Ee,1,0,27,27
FBA;HEX1,2,0,26,27
FBA;HEX12,1,0,27,27
FBA;LPASE,0,1,28,26
FBA;PEPCK,0,1,28,26
FBA;PFK_3,3,0,25,27
FBA;PGI,3,1,25,26
FBA;PGK,1,1,27,26
FBA;PGM,1,1,27,26
FBA;PPM,0,1,28,26
FBA;PPM2,0,2,28,25
FBA;PYNP2r,0,1,28,26
FBA;RPE,3,0,25,27
FBA;R_group_phosphotase_1,0,1,28,26
FBA;TKT1,3,0,25,27
FBA;TKT2,3,0,25,27
FBA;TPI,0,3,28,24
FBP;G3PD1,1,0,27,27
FBP;GAPD,1,0,27,27
FBP;GLCt1r,2,1,26,26
FBP;HEX1,2,0,26,27
FBP;HEX12,1,0,27,27
FBP;PGI,2,1,26,26
FBP;PGK,1,0,27,27
FBP;PGM,1,0,27,27
FCLTm;ACITLn,1,0,27,27
FCLTm;ADPtn,1,0,27,27
FCLTm;AKGtn,1,0,27,27
FCLTm;ARTFR41,0,1,28,26
FCLTm;ARTFR45,1,0,27,27
FCLTm;CITtn,1,0,27,27
FCLTm;CO2tn,1,0,27,27
FCLTm;FALDtn,1,0,27,27
FCLTm;FKYNH,0,1,28,26
FCLTm;FMNALKPle,1,0,27,27
FCLTm;FMNAT,1,0,27,27
FCLTm;FUMSUCCtm,0,1,28,26
FCLTm;FUMm,0,1,28,26
FCLTm;GALGLUSIDEtg,1,0,27,27
FCLTm;GALGLUSIDEtr,1,0,27,27
FCLTm;GDPFUCtg,1,0,27,27
FCLTm;GDPtg,1,0,27,27
FCLTm;GF6PTA,1,0,27,27
FCLTm;GFUCSx,1,0,27,27
FCLTm;GLYBtm,1,0,27,27
FCLTm;GLYtp,1,0,27,27
FCLTm;GMAND,1,0,27,27
FCLTm;GMPtg,1,0,27,27
FCLTm;GTPGDPtm,0,1,28,26
FCLTm;H2O2t,1,0,27,27
FCLTm;H2O2tp,1,0,27,27
FCLTm;H2Ot,0,1,28,26
FCLTm;H2Oter,3,1,25,26
FCLTm;H2Otg,1,0,27,27
FCLTm;H2Otp,1,0,27,27
FCLTm;H3K36DMET_3,1,0,27,27
FCLTm;H3K36MET_3,1,0,27,27
FCLTm;HACD201,1,0,27,27
FCLTm;HACD221,1,0,27,27
FCLTm;HACD241,1,0,27,27
FCLTm;HCO3E,3,0,25,27
FCLTm;HCO3Em,4,2,24,25
FCLTm;HCO3tm,4,2,24,25
FCLTm;HMGL,0,1,28,26
FCLTm;HSD201,1,0,27,27
FCLTm;HSD221,1,0,27,27
FCLTm;HSD241,1,0,27,27
FCLTm;Htg,1,0,27,27
FCLTm;Htr,3,1,25,26
FCLTm;ICDHyrm,1,0,27,27
FCLTm;IMAGH,1,0,27,27
FCLTm;KYNAKGAT,0,1,28,26
FCLTm;KYNATESYN,0,1,28,26
FCLTm;KYNATEtr,0,1,28,26
FCLTm;LDH_L,0,1,28,26
FCLTm;MAN1PT2,1,0,27,27
FCLTm;MAN6PI,1,0,27,27
FCLTm;ME1m,0,1,28,26
FCLTm;MEOHt2,1,0,27,27
FCLTm;METAT,1,0,27,27
FCLTm;NADH2_u10m,0,1,28,26
FCLTm;NDP7g,1,0,27,27
FCLTm;NRVNCCOAtr,1,0,27,27
FCLTm;O2tn,1,0,27,27
FCLTm;O2tp,1,0,27,27
FCLTm;OAAtn,1,0,27,27
FCLTm;OCOAT1m,0,1,28,26
FCLTm;OXALSUCCCLm,1,0,27,27
FCLTm;P5CRxm,0,1,28,26
FCLTm;PEPCK,1,0,27,27
FCLTm;PIMALtm,1,0,27,27
FCLTm;PIt2m_2,1,0,27,27
FCLTm;PItg,1,0,27,27
FCLTm;PItn,1,0,27,27
FCLTm;PLMCOAPTr,0,1,28,26
FCLTm;PMANM,1,0,27,27
FCLTm;PMTCOAFABP1tc,0,1,28,26
FCLTm;PPA,0,1,28,26
FCLTm;PROD2m,0,1,28,26
FCLTm;PROtm,0,1,28,26
FCLTm;PYRAKGte,0,1,28,26
FCLTm;PYRt4_2,0,1,28,26
FCLTm;RBFK,1,0,27,27
FCLTm;RDH1,0,1,28,26
FCLTm;RDH1a,0,1,28,26
FCLTm;RIBFLVt6,1,0,27,27
FCLTm;RTOT4,1,1,27,26
FCLTm;SARCOXp,1,0,27,27
FCLTm;SARCStm,1,0,27,27
FCLTm;SARCStp,1,0,27,27
FCLTm;SO3AKGtm,1,0,27,27
FCLTm;SO3MALtm,1,0,27,27
FCLTm;SUCOAS1m,1,1,27,26
FCLTm;TECR201,1,0,27,27
FCLTm;TECR221,1,0,27,27
FCLTm;TECR241,1,0,27,27
FCLTm;THFtm,1,0,27,27
FCLTm;THRA,2,1,26,26
FCLTm;TRPO2,0,1,28,26
FCLTm;UAGDP,1,0,27,27
FCLTm;UDPG4E,1,0,27,27
FCLTm;UDPGALt2r,1,0,27,27
FCLTm;UDPGALtg,1,0,27,27
FCLTm;UDPGGPGTr,1,0,27,27
FCLTm;UGCGc,1,0,27,27
FCLTm;UGLCNACtg,1,0,27,27
FCLTm;UMPtr,1,0,27,27
FCYTOB5OXRyr;HCO3Em,1,0,27,27
FCYTOB5OXRyr;HCO3tm,1,0,27,27
FCYTOB5OXRyr;PNTK,1,0,27,27
FCYTOB5OXRyr;PNTOte,1,0,27,27
FCYTOB5OXRyr;PPCDC,1,0,27,27
FCYTOB5OXRyr;PPNCL2,1,0,27,27
FCYTOB5OXRyr;PTPAT,1,0,27,27
FE2t;H2Otm,1,0,27,27
FE2t;HCO3E,1,0,27,27
FE2t;HCO3Em,1,0,27,27
FE2t;HCO3tm,1,0,27,27
FE2t;PROtm,0,1,28,26
FE2tm;ACITLn,1,0,27,27
FE2tm;ADPtn,1,0,27,27
FE2tm;AKGtn,1,0,27,27
FE2tm;ARTFR41,0,1,28,26
FE2tm;ARTFR45,1,0,27,27
FE2tm;CITtn,1,0,27,27
FE2tm;CO2tn,1,0,27,27
FE2tm;FALDtn,1,0,27,27
FE2tm;FKYNH,0,1,28,26
FE2tm;FMNALKPle,1,0,27,27
FE2tm;FMNAT,1,0,27,27
FE2tm;FUMSUCCtm,0,1,28,26
FE2tm;FUMm,0,1,28,26
FE2tm;GALGLUSIDEtg,1,0,27,27
FE2tm;GALGLUSIDEtr,1,0,27,27
FE2tm;GDPFUCtg,1,0,27,27
FE2tm;GDPtg,1,0,27,27
FE2tm;GF6PTA,1,0,27,27
FE2tm;GFUCSx,1,0,27,27
FE2tm;GLUDxm,0,1,28,26
FE2tm;GLYBtm,1,0,27,27
FE2tm;GLYtp,1,0,27,27
FE2tm;GMAND,1,0,27,27
FE2tm;GMPtg,1,0,27,27
FE2tm;GTPGDPtm,0,1,28,26
FE2tm;H2O2t,1,0,27,27
FE2tm;H2O2tp,1,1,27,26
FE2tm;H2Ot,0,1,28,26
FE2tm;H2Oter,3,1,25,26
FE2tm;H2Otg,1,0,27,27
FE2tm;H2Otm,1,0,27,27
FE2tm;H2Otp,1,0,27,27
FE2tm;H3K36DMET_3,1,0,27,27
FE2tm;H3K36MET_3,1,0,27,27
FE2tm;HACD201,1,0,27,27
FE2tm;HACD221,1,0,27,27
FE2tm;HACD241,1,0,27,27
FE2tm;HCO3E,5,2,23,25
FE2tm;HCO3Em,5,2,23,25
FE2tm;HCO3tm,6,3,22,24
FE2tm;HMGL,0,1,28,26
FE2tm;HSD201,1,0,27,27
FE2tm;HSD221,1,0,27,27
FE2tm;HSD241,1,0,27,27
FE2tm;Htg,1,0,27,27
FE2tm;Htr,3,1,25,26
FE2tm;ICDHyrm,1,0,27,27
FE2tm;IMAGH,1,0,27,27
FE2tm;KYNAKGAT,0,1,28,26
FE2tm;KYNATESYN,0,1,28,26
FE2tm;KYNATEtr,0,1,28,26
FE2tm;LDH_L,0,1,28,26
FE2tm;MAN1PT2,1,0,27,27
FE2tm;MAN6PI,1,0,27,27
FE2tm;ME1m,0,1,28,26
FE2tm;MEOHt2,1,0,27,27
FE2tm;METAT,1,0,27,27
FE2tm;NADH2_u10m,0,1,28,26
FE2tm;NAt,0,1,28,26
FE2tm;NDP7g,1,0,27,27
FE2tm;NRVNCCOAtr,1,0,27,27
FE2tm;O2tn,1,0,27,27
FE2tm;O2tp,1,1,27,26
FE2tm;OAAtn,1,0,27,27
FE2tm;OCOAT1m,0,1,28,26
FE2tm;OXALSUCCCLm,1,0,27,27
FE2tm;P5CRxm,0,1,28,26
FE2tm;PEPCK,1,0,27,27
FE2tm;PIMALtm,1,1,27,26
FE2tm;PIt2m_2,1,0,27,27
FE2tm;PItg,1,0,27,27
FE2tm;PItn,1,0,27,27
FE2tm;PLMCOAPTr,0,1,28,26
FE2tm;PMANM,1,0,27,27
FE2tm;PMTCOAFABP1tc,0,1,28,26
FE2tm;PPA,0,2,28,25
FE2tm;PROD2m,0,1,28,26
FE2tm;PROGLUtm,0,1,28,26
FE2tm;PROtm,0,2,28,25
FE2tm;PYRAKGte,0,1,28,26
FE2tm;PYRt4_2,0,1,28,26
FE2tm;RBFK,1,0,27,27
FE2tm;RDH1,0,1,28,26
FE2tm;RDH1a,0,1,28,26
FE2tm;RIBFLVt6,1,0,27,27
FE2tm;RTOT4,1,1,27,26
FE2tm;SARCOXp,1,0,27,27
FE2tm;SARCStm,1,0,27,27
FE2tm;SARCStp,1,0,27,27
FE2tm;SO3AKGtm,1,1,27,26
FE2tm;SO3MALtm,1,1,27,26
FE2tm;SUCOAS1m,1,1,27,26
FE2tm;TECR201,1,0,27,27
FE2tm;TECR221,1,0,27,27
FE2tm;TECR241,1,0,27,27
FE2tm;THFtm,1,0,27,27
FE2tm;THRA,2,1,26,26
FE2tm;TRPO2,0,1,28,26
FE2tm;UAGDP,1,0,27,27
FE2tm;UDPG4E,1,0,27,27
FE2tm;UDPGALt2r,1,0,27,27
FE2tm;UDPGALtg,1,0,27,27
FE2tm;UDPGGPGTr,1,0,27,27
FE2tm;UGCGc,1,0,27,27
FE2tm;UGLCNACtg,1,0,27,27
FE2tm;UMPtr,1,0,27,27
FE3MTP1;H2Otm,1,0,27,27
FE3MTP1;HCO3E,1,0,27,27
FE3MTP1;HCO3Em,1,0,27,27
FE3MTP1;HCO3tm,1,0,27,27
FE3MTP1;PROtm,0,1,28,26
FE3tm;H2Otm,1,0,27,27
FE3tm;HCO3E,2,2,26,25
FE3tm;HCO3Em,1,0,27,27
FE3tm;HCO3tm,1,0,27,27
FE3tm;NAt,0,1,28,26
FE3tm;PROtm,0,1,28,26
FECR;HCO3E,1,2,27,25
FECR;NACDe,1,0,27,27
FECR;NACPRT,1,0,27,27
FECR;NAt,0,1,28,26
FECR;NCAMDe,1,0,27,27
FECR;NMNDA,1,0,27,27
FECR;NMNS,1,0,27,27
FERO;NACDe,1,0,27,27
FERO;NACPRT,1,0,27,27
FERO;NCAMDe,1,0,27,27
FERO;NMNDA,1,0,27,27
FERO;NMNS,1,0,27,27
FKYNH;GALU,0,1,28,26
FKYNH;H2Ot,0,1,28,26
FKYNH;HCO3E,0,1,28,26
FKYNH;HMBS,0,1,28,26
FKYNH;HOXG,0,1,28,26
FKYNH;NDP7er,0,1,28,26
FKYNH;PGMT,0,1,28,26
FKYNH;PHEMEtm,0,1,28,26
FKYNH;PIMALtm,0,1,28,26
FKYNH;PIt2m_2,0,1,28,26
FKYNH;PIter,0,1,28,26
FKYNH;PPBNGS,0,1,28,26
FKYNH;PPPG9tm,0,1,28,26
FKYNH;PPPGOm,0,1,28,26
FKYNH;SO4AKGtm,0,1,28,26
FKYNH;SO4MALtm,0,1,28,26
FKYNH;UDPGD,0,1,28,26
FKYNH;UDPGLCAter,0,1,28,26
FKYNH;UPP3S,0,1,28,26
FKYNH;UPPDC1,0,1,28,26
FMNALKPle;GALGLUSIDEtg,0,1,28,26
FMNALKPle;GALGLUSIDEtr,0,1,28,26
FMNALKPle;GALU,2,4,26,23
FMNALKPle;GDPFUCtg,0,1,28,26
FMNALKPle;GDPtg,0,1,28,26
FMNALKPle;GF6PTA,4,4,24,23
FMNALKPle;GMAND,0,1,28,26
FMNALKPle;GMPtg,0,1,28,26
FMNALKPle;H2Oter,0,1,28,26
FMNALKPle;H2Otg,4,4,24,23
FMNALKPle;HCO3E,3,4,25,23
FMNALKPle;HCO3Ee,2,3,26,24
FMNALKPle;HCO3Em,0,1,28,26
FMNALKPle;HCO3tm,0,1,28,26
FMNALKPle;HMBS,1,0,27,27
FMNALKPle;HOXG,1,0,27,27
FMNALKPle;Htg,4,4,24,23
FMNALKPle;Htr,0,1,28,26
FMNALKPle;LARGEg,0,1,28,26
FMNALKPle;MAN1PT2,0,2,28,25
FMNALKPle;MAN6PI,0,2,28,25
FMNALKPle;NDP7er,1,2,27,25
FMNALKPle;NDP7g,4,4,24,23
FMNALKPle;NTD7,1,0,27,27
FMNALKPle;PCOREM3terg,0,1,28,26
FMNALKPle;PGMT,2,4,26,23
FMNALKPle;PHEMEtm,1,0,27,27
FMNALKPle;PIt7,4,2,24,25
FMNALKPle;PIt8,2,0,26,27
FMNALKPle;PIt9,1,1,27,26
FMNALKPle;PIter,0,1,28,26
FMNALKPle;PItg,4,4,24,23
FMNALKPle;PMANM,0,2,28,25
FMNALKPle;POCDPRBTLT2g,0,1,28,26
FMNALKPle;POCDPRBTLTg,0,1,28,26
FMNALKPle;POGLCNACTg,0,1,28,26
FMNALKPle;POMGNGALNTr,0,1,28,26
FMNALKPle;POMGNTr,0,1,28,26
FMNALKPle;POMKr,0,1,28,26
FMNALKPle;POXYLTg,0,1,28,26
FMNALKPle;PPA,0,1,28,26
FMNALKPle;PPBNGS,1,0,27,27
FMNALKPle;PPPG9tm,1,0,27,27
FMNALKPle;PPPGOm,1,0,27,27
FMNALKPle;PYRFORte,0,1,28,26
FMNALKPle;R5Ptr,0,1,28,26
FMNALKPle;RBT5PCYTr,0,1,28,26
FMNALKPle;RBT5PDH,0,1,28,26
FMNALKPle;RPIr,0,1,28,26
FMNALKPle;RU5Ptr,0,1,28,26
FMNALKPle;THRA,2,3,26,24
FMNALKPle;UACGAMUMPtr,0,1,28,26
FMNALKPle;UAG4E,0,1,28,26
FMNALKPle;UAGDP,4,4,24,23
FMNALKPle;UDPG4E,1,2,27,25
FMNALKPle;UDPGALt2r,0,1,28,26
FMNALKPle;UDPGALtg,1,2,27,25
FMNALKPle;UDPGD,1,1,27,26
FMNALKPle;UDPGGPGTr,0,1,28,26
FMNALKPle;UDPGLCAter,1,0,27,27
FMNALKPle;UDPGLCAtg,0,1,28,26
FMNALKPle;UDPGLDCg,0,1,28,26
FMNALKPle;UGALNACter,0,1,28,26
FMNALKPle;UGCGc,0,1,28,26
FMNALKPle;UGLCNACtg,4,4,24,23
FMNALKPle;UGT1A2r,1,0,27,27
FMNALKPle;UMPtr,0,1,28,26
FMNALKPle;UPP3S,1,0,27,27
FMNALKPle;UPPDC1,1,0,27,27
FMNAT;GALGLUSIDEtg,0,1,28,26
FMNAT;GALGLUSIDEtr,0,1,28,26
FMNAT;GALU,2,4,26,23
FMNAT;GDPFUCtg,0,1,28,26
FMNAT;GDPtg,0,1,28,26
FMNAT;GF6PTA,4,4,24,23
FMNAT;GMAND,0,1,28,26
FMNAT;GMPtg,0,1,28,26
FMNAT;H2Oter,0,1,28,26
FMNAT;H2Otg,4,4,24,23
FMNAT;HCO3E,3,4,25,23
FMNAT;HCO3Ee,2,3,26,24
FMNAT;HCO3Em,0,1,28,26
FMNAT;HCO3tm,0,1,28,26
FMNAT;HMBS,1,0,27,27
FMNAT;HOXG,1,0,27,27
FMNAT;Htg,4,4,24,23
FMNAT;Htr,0,1,28,26
FMNAT;LARGEg,0,1,28,26
FMNAT;MAN1PT2,0,2,28,25
FMNAT;MAN6PI,0,2,28,25
FMNAT;NDP7er,1,2,27,25
FMNAT;NDP7g,4,4,24,23
FMNAT;NTD7,1,0,27,27
FMNAT;PCOREM3terg,0,1,28,26
FMNAT;PGMT,2,4,26,23
FMNAT;PHEMEtm,1,0,27,27
FMNAT;PIt7,4,2,24,25
FMNAT;PIt8,2,0,26,27
FMNAT;PIt9,1,1,27,26
FMNAT;PIter,0,1,28,26
FMNAT;PItg,4,4,24,23
FMNAT;PMANM,0,2,28,25
FMNAT;POCDPRBTLT2g,0,1,28,26
FMNAT;POCDPRBTLTg,0,1,28,26
FMNAT;POGLCNACTg,0,1,28,26
FMNAT;POMGNGALNTr,0,1,28,26
FMNAT;POMGNTr,0,1,28,26
FMNAT;POMKr,0,1,28,26
FMNAT;POXYLTg,0,1,28,26
FMNAT;PPA,0,1,28,26
FMNAT;PPBNGS,1,0,27,27
FMNAT;PPPG9tm,1,0,27,27
FMNAT;PPPGOm,1,0,27,27
FMNAT;PYRFORte,0,1,28,26
FMNAT;R5Ptr,0,1,28,26
FMNAT;RBT5PCYTr,0,1,28,26
FMNAT;RBT5PDH,0,1,28,26
FMNAT;RPIr,0,1,28,26
FMNAT;RU5Ptr,0,1,28,26
FMNAT;THRA,2,3,26,24
FMNAT;UACGAMUMPtr,0,1,28,26
FMNAT;UAG4E,0,1,28,26
FMNAT;UAGDP,4,4,24,23
FMNAT;UDPG4E,1,2,27,25
FMNAT;UDPGALt2r,0,1,28,26
FMNAT;UDPGALtg,1,2,27,25
FMNAT;UDPGD,1,1,27,26
FMNAT;UDPGGPGTr,0,1,28,26
FMNAT;UDPGLCAter,1,0,27,27
FMNAT;UDPGLCAtg,0,1,28,26
FMNAT;UDPGLDCg,0,1,28,26
FMNAT;UGALNACter,0,1,28,26
FMNAT;UGCGc,0,1,28,26
FMNAT;UGLCNACtg,4,4,24,23
FMNAT;UGT1A2r,1,0,27,27
FMNAT;UMPtr,0,1,28,26
FMNAT;UPP3S,1,0,27,27
FMNAT;UPPDC1,1,0,27,27
FOLR2;GUAD,1,0,27,27
FOLR2;LDH_L,0,1,28,26
FOLR2;NTD9,1,0,27,27
FOLR2;PUNP3,1,0,27,27
FOLR2;URATEt,1,0,27,27
FOLR2;XAO,1,0,27,27
FOLt2;GTHP,1,0,27,27
FOLt2;GUAD,1,0,27,27
FOLt2;LDH_L,0,1,28,26
FOLt2;NTD9,1,0,27,27
FOLt2;PUNP3,1,0,27,27
FOLt2;RNAdeg,1,0,27,27
FOLt2;URATEt,1,0,27,27
FOLt2;XAO,1,0,27,27
FOLtm;ACITLn,1,0,27,27
FOLtm;ADPtn,1,0,27,27
FOLtm;ARTFR56,0,1,28,26
FOLtm;CITtn,1,0,27,27
FOLtm;GDPFUCtg,0,1,28,26
FOLtm;GDPtg,0,1,28,26
FOLtm;GF6PTA,0,1,28,26
FOLtm;GFUCSx,0,1,28,26
FOLtm;GLYC3Ptmc,1,0,27,27
FOLtm;GMAND,0,1,28,26
FOLtm;GMPtg,0,1,28,26
FOLtm;H2O2tp,0,1,28,26
FOLtm;H2Otg,0,1,28,26
FOLtm;H2Otp,0,1,28,26
FOLtm;HACD180,0,1,28,26
FOLtm;HACD201,0,1,28,26
FOLtm;HACD221,0,1,28,26
FOLtm;HACD224,0,1,28,26
FOLtm;HACD241,0,1,28,26
FOLtm;HACD244,0,1,28,26
FOLtm;HSD180,0,1,28,26
FOLtm;HSD201,0,1,28,26
FOLtm;HSD221,0,1,28,26
FOLtm;HSD224,0,1,28,26
FOLtm;HSD241,0,1,28,26
FOLtm;HSD244,0,1,28,26
FOLtm;Htg,0,1,28,26
FOLtm;Htx,0,1,28,26
FOLtm;ICDHyrm,1,0,27,27
FOLtm;IDHPOXOX2b,0,1,28,26
FOLtm;IDHPOXOX4,0,1,28,26
FOLtm;IDHPOXOXb,0,1,28,26
FOLtm;LDH_L,0,1,28,26
FOLtm;LDH_Lm,0,1,28,26
FOLtm;L_LACtm,0,1,28,26
FOLtm;MALCOAMT,0,1,28,26
FOLtm;MALCOAMTr,0,1,28,26
FOLtm;MAN1PT2,0,1,28,26
FOLtm;MAN6PI,0,1,28,26
FOLtm;NACDe,1,0,27,27
FOLtm;NACPRT,1,0,27,27
FOLtm;NADHtpu,0,1,28,26
FOLtm;NADtx,0,1,28,26
FOLtm;NAIt,0,1,28,26
FOLtm;NCAMDe,1,0,27,27
FOLtm;NDP7g,0,1,28,26
FOLtm;NMNDA,1,0,27,27
FOLtm;NMNS,1,0,27,27
FOLtm;NRVNCCOAtr,0,1,28,26
FOLtm;NRVNCCOAtxc,0,1,28,26
FOLtm;O2tp,0,1,28,26
FOLtm;OAAtn,1,0,27,27
FOLtm;OXALSUCCCLm,1,0,27,27
FOLtm;PItg,0,1,28,26
FOLtm;PItn,1,0,27,27
FOLtm;PMANM,0,1,28,26
FOLtm;PMTCOAFABP1tc,0,1,28,26
FOLtm;PYRt2m,0,1,28,26
FOLtm;RTOT5,0,1,28,26
FOLtm;SADT,0,1,28,26
FOLtm;TECR180,0,1,28,26
FOLtm;TECR201,0,1,28,26
FOLtm;TECR221,0,1,28,26
FOLtm;TECR224,0,1,28,26
FOLtm;TECR241,0,1,28,26
FOLtm;TECR244,0,1,28,26
FOLtm;THYPX,0,1,28,26
FOLtm;THYST,0,1,28,26
FOLtm;TTCTECOAtr,0,1,28,26
FOLtm;UAGDP,0,1,28,26
FOLtm;UDPG4E,0,1,28,26
FOLtm;UDPGALtg,0,1,28,26
FOLtm;UGCGc,0,1,28,26
FOLtm;UGLCNACtg,0,1,28,26
FTHFDHm;HCO3Em,1,0,27,27
FTHFDHm;HCO3tm,1,0,27,27
FTHFDHm;NACDe,1,0,27,27
FTHFDHm;NACPRT,1,0,27,27
FTHFDHm;NCAMDe,1,0,27,27
FTHFDHm;NMNDA,1,0,27,27
FTHFDHm;NMNS,1,0,27,27
FTHFDHm;THRA,1,0,27,27
FTMTm;H2Otm,1,0,27,27
FTMTm;HCO3E,2,2,26,25
FTMTm;HCO3Em,1,0,27,27
FTMTm;HCO3tm,1,0,27,27
FTMTm;NAt,0,1,28,26
FTMTm;PROtm,0,1,28,26
FUCACGALFUCGALACGLCGALGLUSIDEte;GLXtm,0,1,28,26
FUCACGALFUCGALACGLCGALGLUSIDEte;GLXtp,0,1,28,26
FUCACGALFUCGALACGLCGALGLUSIDEte;GLYCLTDym,0,1,28,26
FUCACGALFUCGALACGLCGALGLUSIDEte;GLYCLTtm,0,1,28,26
FUCACGALFUCGALACGLCGALGLUSIDEte;GLYCLTtp,0,1,28,26
FUCACGALFUCGALACGLCGALGLUSIDEte;GLYCTO1p,0,1,28,26
FUCACGALFUCGALACGLCGALGLUSIDEte;PIt9,1,0,27,27
FUCACGALFUCGALACGLCGALGLUSIDEte;RDH1a,0,1,28,26
FUCACGALFUCGALACGLCGALGLUSIDEte;UDPGD,0,1,28,26
FUCACGALFUCGALACGLCGALGLUSIDEtg;GLXtm,0,1,28,26
FUCACGALFUCGALACGLCGALGLUSIDEtg;GLXtp,0,1,28,26
FUCACGALFUCGALACGLCGALGLUSIDEtg;GLYCLTDym,0,1,28,26
FUCACGALFUCGALACGLCGALGLUSIDEtg;GLYCLTtm,0,1,28,26
FUCACGALFUCGALACGLCGALGLUSIDEtg;GLYCLTtp,0,1,28,26
FUCACGALFUCGALACGLCGALGLUSIDEtg;GLYCTO1p,0,1,28,26
FUCACGALFUCGALACGLCGALGLUSIDEtg;PIt9,1,0,27,27
FUCACGALFUCGALACGLCGALGLUSIDEtg;RDH1a,0,1,28,26
FUCACGALFUCGALACGLCGALGLUSIDEtg;UDPGD,0,1,28,26
FUCACNGAL14ACGLCGALGLUSIDEte;G12MT1,1,0,27,27
FUCACNGAL14ACGLCGALGLUSIDEte;G12MT2,1,0,27,27
FUCACNGAL14ACGLCGALGLUSIDEte;G13MT,1,0,27,27
FUCACNGAL14ACGLCGALGLUSIDEte;G14T10g,1,0,27,27
FUCACNGAL14ACGLCGALGLUSIDEte;G14T11g,1,0,27,27
FUCACNGAL14ACGLCGALGLUSIDEte;G14T12g,1,0,27,27
FUCACNGAL14ACGLCGALGLUSIDEte;G14T13g,1,0,27,27
FUCACNGAL14ACGLCGALGLUSIDEte;G14T14g,1,0,27,27
FUCACNGAL14ACGLCGALGLUSIDEte;G14T15g,1,0,27,27
FUCACNGAL14ACGLCGALGLUSIDEte;G14T16g,1,0,27,27
FUCACNGAL14ACGLCGALGLUSIDEte;G14T17g,1,0,27,27
FUCACNGAL14ACGLCGALGLUSIDEte;G14T6g,1,0,27,27
FUCACNGAL14ACGLCGALGLUSIDEte;G14T7g,1,0,27,27
FUCACNGAL14ACGLCGALGLUSIDEte;G14T8g,1,0,27,27
FUCACNGAL14ACGLCGALGLUSIDEte;G14T9g,1,0,27,27
FUCACNGAL14ACGLCGALGLUSIDEte;G14Tg,1,0,27,27
FUCACNGAL14ACGLCGALGLUSIDEte;G16MT,1,0,27,27
FUCACNGAL14ACGLCGALGLUSIDEte;GLCMter,1,0,27,27
FUCACNGAL14ACGLCGALGLUSIDEte;GLCNACPT,1,0,27,27
FUCACNGAL14ACGLCGALGLUSIDEte;GLCNACT,1,0,27,27
FUCACNGAL14ACGLCGALGLUSIDEte;HEX4,1,0,27,27
FUCACNGAL14ACGLCGALGLUSIDEte;HMGCOASim,0,1,28,26
FUCACNGAL14ACGLCGALGLUSIDEte;KSIt,1,0,27,27
FUCACNGAL14ACGLCGALGLUSIDEte;M1316M2g,1,0,27,27
FUCACNGAL14ACGLCGALGLUSIDEte;M13N2Tg,1,0,27,27
FUCACNGAL14ACGLCGALGLUSIDEte;M16NT1g,1,0,27,27
FUCACNGAL14ACGLCGALGLUSIDEte;M4MPDOL_ter,1,0,27,27
FUCACNGAL14ACGLCGALGLUSIDEte;M8MASNterg,1,0,27,27
FUCACNGAL14ACGLCGALGLUSIDEte;MANtg,1,0,27,27
FUCACNGAL14ACGLCGALGLUSIDEte;MG1er,1,0,27,27
FUCACNGAL14ACGLCGALGLUSIDEte;MG2er,1,0,27,27
FUCACNGAL14ACGLCGALGLUSIDEte;MG3er,1,0,27,27
FUCACNGAL14ACGLCGALGLUSIDEte;MM5ag,1,0,27,27
FUCACNGAL14ACGLCGALGLUSIDEte;MM6bg,1,0,27,27
FUCACNGAL14ACGLCGALGLUSIDEte;MM7Cag,1,0,27,27
FUCACNGAL14ACGLCGALGLUSIDEte;MM8Ag,1,0,27,27
FUCACNGAL14ACGLCGALGLUSIDEte;PDHa,0,1,28,26
FUCACNGAL14ACGLCGALGLUSIDEte;PDHbr,0,1,28,26
FUCACNGAL14ACGLCGALGLUSIDEte;PPM2,0,1,28,26
FUCACNGAL14ACGLCGALGLUSIDEte;PYRt2m,0,1,28,26
FUCACNGAL14ACGLCGALGLUSIDEte;S23T3g,1,0,27,27
FUCACNGAL14ACGLCGALGLUSIDEte;S6T10g,1,0,27,27
FUCACNGAL14ACGLCGALGLUSIDEte;S6T11g,1,0,27,27
FUCACNGAL14ACGLCGALGLUSIDEte;S6T12g,1,0,27,27
FUCACNGAL14ACGLCGALGLUSIDEte;S6T13g,1,0,27,27
FUCACNGAL14ACGLCGALGLUSIDEte;S6T14g,1,0,27,27
FUCACNGAL14ACGLCGALGLUSIDEte;S6T15g,1,0,27,27
FUCACNGAL14ACGLCGALGLUSIDEte;S6T4g,1,0,27,27
FUCACNGAL14ACGLCGALGLUSIDEte;S6T5g,1,0,27,27
FUCACNGAL14ACGLCGALGLUSIDEte;S6T6g,1,0,27,27
FUCACNGAL14ACGLCGALGLUSIDEte;S6T7g,1,0,27,27
FUCACNGAL14ACGLCGALGLUSIDEte;S6T8g,1,0,27,27
FUCACNGAL14ACGLCGALGLUSIDEte;S6T9g,1,0,27,27
FUCACNGAL14ACGLCGALGLUSIDEte;SO4HCOtex,3,0,25,27
FUCACNGAL14ACGLCGALGLUSIDEte;THRALANaEx,1,0,27,27
FUCACNGAL14ACGLCGALGLUSIDEte;UAG4E,2,0,26,27
FUCACNGAL14ACGLCGALGLUSIDEte;UDPDOLPT,1,0,27,27
FUCACNGAL14ACGLCGALGLUSIDEte;UMPK5,1,0,27,27
FUCACNGAL14ACGLCGALGLUSIDEtg;G12MT1,1,0,27,27
FUCACNGAL14ACGLCGALGLUSIDEtg;G12MT2,1,0,27,27
FUCACNGAL14ACGLCGALGLUSIDEtg;G13MT,1,0,27,27
FUCACNGAL14ACGLCGALGLUSIDEtg;G14T10g,1,0,27,27
FUCACNGAL14ACGLCGALGLUSIDEtg;G14T11g,1,0,27,27
FUCACNGAL14ACGLCGALGLUSIDEtg;G14T12g,1,0,27,27
FUCACNGAL14ACGLCGALGLUSIDEtg;G14T13g,1,0,27,27
FUCACNGAL14ACGLCGALGLUSIDEtg;G14T14g,1,0,27,27
FUCACNGAL14ACGLCGALGLUSIDEtg;G14T15g,1,0,27,27
FUCACNGAL14ACGLCGALGLUSIDEtg;G14T16g,1,0,27,27
FUCACNGAL14ACGLCGALGLUSIDEtg;G14T17g,1,0,27,27
FUCACNGAL14ACGLCGALGLUSIDEtg;G14T6g,1,0,27,27
FUCACNGAL14ACGLCGALGLUSIDEtg;G14T7g,1,0,27,27
FUCACNGAL14ACGLCGALGLUSIDEtg;G14T8g,1,0,27,27
FUCACNGAL14ACGLCGALGLUSIDEtg;G14T9g,1,0,27,27
FUCACNGAL14ACGLCGALGLUSIDEtg;G14Tg,1,0,27,27
FUCACNGAL14ACGLCGALGLUSIDEtg;G16MT,1,0,27,27
FUCACNGAL14ACGLCGALGLUSIDEtg;GLCMter,1,0,27,27
FUCACNGAL14ACGLCGALGLUSIDEtg;GLCNACPT,1,0,27,27
FUCACNGAL14ACGLCGALGLUSIDEtg;GLCNACT,1,0,27,27
FUCACNGAL14ACGLCGALGLUSIDEtg;HEX4,1,0,27,27
FUCACNGAL14ACGLCGALGLUSIDEtg;HMGCOASim,0,1,28,26
FUCACNGAL14ACGLCGALGLUSIDEtg;KSIt,1,0,27,27
FUCACNGAL14ACGLCGALGLUSIDEtg;M1316M2g,1,0,27,27
FUCACNGAL14ACGLCGALGLUSIDEtg;M13N2Tg,1,0,27,27
FUCACNGAL14ACGLCGALGLUSIDEtg;M16NT1g,1,0,27,27
FUCACNGAL14ACGLCGALGLUSIDEtg;M4MPDOL_ter,1,0,27,27
FUCACNGAL14ACGLCGALGLUSIDEtg;M8MASNterg,1,0,27,27
FUCACNGAL14ACGLCGALGLUSIDEtg;MANtg,1,0,27,27
FUCACNGAL14ACGLCGALGLUSIDEtg;MG1er,1,0,27,27
FUCACNGAL14ACGLCGALGLUSIDEtg;MG2er,1,0,27,27
FUCACNGAL14ACGLCGALGLUSIDEtg;MG3er,1,0,27,27
FUCACNGAL14ACGLCGALGLUSIDEtg;MM5ag,1,0,27,27
FUCACNGAL14ACGLCGALGLUSIDEtg;MM6bg,1,0,27,27
FUCACNGAL14ACGLCGALGLUSIDEtg;MM7Cag,1,0,27,27
FUCACNGAL14ACGLCGALGLUSIDEtg;MM8Ag,1,0,27,27
FUCACNGAL14ACGLCGALGLUSIDEtg;PDHa,0,1,28,26
FUCACNGAL14ACGLCGALGLUSIDEtg;PDHbr,0,1,28,26
FUCACNGAL14ACGLCGALGLUSIDEtg;PPM2,0,1,28,26
FUCACNGAL14ACGLCGALGLUSIDEtg;PYRt2m,0,1,28,26
FUCACNGAL14ACGLCGALGLUSIDEtg;S23T3g,1,0,27,27
FUCACNGAL14ACGLCGALGLUSIDEtg;S6T10g,1,0,27,27
FUCACNGAL14ACGLCGALGLUSIDEtg;S6T11g,1,0,27,27
FUCACNGAL14ACGLCGALGLUSIDEtg;S6T12g,1,0,27,27
FUCACNGAL14ACGLCGALGLUSIDEtg;S6T13g,1,0,27,27
FUCACNGAL14ACGLCGALGLUSIDEtg;S6T14g,1,0,27,27
FUCACNGAL14ACGLCGALGLUSIDEtg;S6T15g,1,0,27,27
FUCACNGAL14ACGLCGALGLUSIDEtg;S6T4g,1,0,27,27
FUCACNGAL14ACGLCGALGLUSIDEtg;S6T5g,1,0,27,27
FUCACNGAL14ACGLCGALGLUSIDEtg;S6T6g,1,0,27,27
FUCACNGAL14ACGLCGALGLUSIDEtg;S6T7g,1,0,27,27
FUCACNGAL14ACGLCGALGLUSIDEtg;S6T8g,1,0,27,27
FUCACNGAL14ACGLCGALGLUSIDEtg;S6T9g,1,0,27,27
FUCACNGAL14ACGLCGALGLUSIDEtg;SO4HCOtex,3,0,25,27
FUCACNGAL14ACGLCGALGLUSIDEtg;THRALANaEx,1,0,27,27
FUCACNGAL14ACGLCGALGLUSIDEtg;UAG4E,2,0,26,27
FUCACNGAL14ACGLCGALGLUSIDEtg;UDPDOLPT,1,0,27,27
FUCACNGAL14ACGLCGALGLUSIDEtg;UMPK5,1,0,27,27
FUCACNGALACGLCGALGLUSIDEte;ACITLn,0,1,28,26
FUCACNGALACGLCGALGLUSIDEte;ADPtn,0,1,28,26
FUCACNGALACGLCGALGLUSIDEte;CITtn,0,1,28,26
FUCACNGALACGLCGALGLUSIDEte;G12MT1,1,0,27,27
FUCACNGALACGLCGALGLUSIDEte;G12MT2,1,0,27,27
FUCACNGALACGLCGALGLUSIDEte;G13MT,1,0,27,27
FUCACNGALACGLCGALGLUSIDEte;G14T10g,1,0,27,27
FUCACNGALACGLCGALGLUSIDEte;G14T11g,1,0,27,27
FUCACNGALACGLCGALGLUSIDEte;G14T12g,1,0,27,27
FUCACNGALACGLCGALGLUSIDEte;G14T13g,1,0,27,27
FUCACNGALACGLCGALGLUSIDEte;G14T14g,1,0,27,27
FUCACNGALACGLCGALGLUSIDEte;G14T15g,1,0,27,27
FUCACNGALACGLCGALGLUSIDEte;G14T16g,1,0,27,27
FUCACNGALACGLCGALGLUSIDEte;G14T17g,1,0,27,27
FUCACNGALACGLCGALGLUSIDEte;G14T6g,1,0,27,27
FUCACNGALACGLCGALGLUSIDEte;G14T7g,1,0,27,27
FUCACNGALACGLCGALGLUSIDEte;G14T8g,1,0,27,27
FUCACNGALACGLCGALGLUSIDEte;G14T9g,1,0,27,27
FUCACNGALACGLCGALGLUSIDEte;G14Tg,1,0,27,27
FUCACNGALACGLCGALGLUSIDEte;G16MT,1,0,27,27
FUCACNGALACGLCGALGLUSIDEte;GLCMter,1,0,27,27
FUCACNGALACGLCGALGLUSIDEte;GLCNACPT,1,0,27,27
FUCACNGALACGLCGALGLUSIDEte;GLCNACT,1,0,27,27
FUCACNGALACGLCGALGLUSIDEte;HEX4,1,0,27,27
FUCACNGALACGLCGALGLUSIDEte;HMGLm,0,1,28,26
FUCACNGALACGLCGALGLUSIDEte;ICITCITtm,0,1,28,26
FUCACNGALACGLCGALGLUSIDEte;ICITMALtm,0,1,28,26
FUCACNGALACGLCGALGLUSIDEte;KSIt,1,0,27,27
FUCACNGALACGLCGALGLUSIDEte;M1316Mg,1,0,27,27
FUCACNGALACGLCGALGLUSIDEte;M13N2Tg,1,0,27,27
FUCACNGALACGLCGALGLUSIDEte;M16NTg,1,0,27,27
FUCACNGALACGLCGALGLUSIDEte;M4MPDOL_ter,1,0,27,27
FUCACNGALACGLCGALGLUSIDEte;M8MASNterg,1,0,27,27
FUCACNGALACGLCGALGLUSIDEte;MANtg,1,0,27,27
FUCACNGALACGLCGALGLUSIDEte;MDHm,0,1,28,26
FUCACNGALACGLCGALGLUSIDEte;MG1er,1,0,27,27
FUCACNGALACGLCGALGLUSIDEte;MG2er,1,0,27,27
FUCACNGALACGLCGALGLUSIDEte;MG3er,1,0,27,27
FUCACNGALACGLCGALGLUSIDEte;MM5ag,1,0,27,27
FUCACNGALACGLCGALGLUSIDEte;MM6bg,1,0,27,27
FUCACNGALACGLCGALGLUSIDEte;MM7Cag,1,0,27,27
FUCACNGALACGLCGALGLUSIDEte;MM8Ag,1,0,27,27
FUCACNGALACGLCGALGLUSIDEte;NADH2_u10m,0,1,28,26
FUCACNGALACGLCGALGLUSIDEte;OAAtn,0,1,28,26
FUCACNGALACGLCGALGLUSIDEte;PItn,0,1,28,26
FUCACNGALACGLCGALGLUSIDEte;S23T3g,1,0,27,27
FUCACNGALACGLCGALGLUSIDEte;S6T10g,1,0,27,27
FUCACNGALACGLCGALGLUSIDEte;S6T11g,1,0,27,27
FUCACNGALACGLCGALGLUSIDEte;S6T12g,1,0,27,27
FUCACNGALACGLCGALGLUSIDEte;S6T13g,1,0,27,27
FUCACNGALACGLCGALGLUSIDEte;S6T14g,1,0,27,27
FUCACNGALACGLCGALGLUSIDEte;S6T15g,1,0,27,27
FUCACNGALACGLCGALGLUSIDEte;S6T4g,1,0,27,27
FUCACNGALACGLCGALGLUSIDEte;S6T5g,1,0,27,27
FUCACNGALACGLCGALGLUSIDEte;S6T6g,1,0,27,27
FUCACNGALACGLCGALGLUSIDEte;S6T7g,1,0,27,27
FUCACNGALACGLCGALGLUSIDEte;S6T8g,1,0,27,27
FUCACNGALACGLCGALGLUSIDEte;S6T9g,1,0,27,27
FUCACNGALACGLCGALGLUSIDEte;SO4HCOtex,1,0,27,27
FUCACNGALACGLCGALGLUSIDEte;UDPDOLPT,1,0,27,27
FUCACNGALACGLCGALGLUSIDEtg;ACITLn,0,1,28,26
FUCACNGALACGLCGALGLUSIDEtg;ADPtn,0,1,28,26
FUCACNGALACGLCGALGLUSIDEtg;CITtn,0,1,28,26
FUCACNGALACGLCGALGLUSIDEtg;G12MT1,1,0,27,27
FUCACNGALACGLCGALGLUSIDEtg;G12MT2,1,0,27,27
FUCACNGALACGLCGALGLUSIDEtg;G13MT,1,0,27,27
FUCACNGALACGLCGALGLUSIDEtg;G14T10g,1,0,27,27
FUCACNGALACGLCGALGLUSIDEtg;G14T11g,1,0,27,27
FUCACNGALACGLCGALGLUSIDEtg;G14T12g,1,0,27,27
FUCACNGALACGLCGALGLUSIDEtg;G14T13g,1,0,27,27
FUCACNGALACGLCGALGLUSIDEtg;G14T14g,1,0,27,27
FUCACNGALACGLCGALGLUSIDEtg;G14T15g,1,0,27,27
FUCACNGALACGLCGALGLUSIDEtg;G14T16g,1,0,27,27
FUCACNGALACGLCGALGLUSIDEtg;G14T17g,1,0,27,27
FUCACNGALACGLCGALGLUSIDEtg;G14T6g,1,0,27,27
FUCACNGALACGLCGALGLUSIDEtg;G14T7g,1,0,27,27
FUCACNGALACGLCGALGLUSIDEtg;G14T8g,1,0,27,27
FUCACNGALACGLCGALGLUSIDEtg;G14T9g,1,0,27,27
FUCACNGALACGLCGALGLUSIDEtg;G14Tg,1,0,27,27
FUCACNGALACGLCGALGLUSIDEtg;G16MT,1,0,27,27
FUCACNGALACGLCGALGLUSIDEtg;GLCMter,1,0,27,27
FUCACNGALACGLCGALGLUSIDEtg;GLCNACPT,1,0,27,27
FUCACNGALACGLCGALGLUSIDEtg;GLCNACT,1,0,27,27
FUCACNGALACGLCGALGLUSIDEtg;HEX4,1,0,27,27
FUCACNGALACGLCGALGLUSIDEtg;HMGLm,0,1,28,26
FUCACNGALACGLCGALGLUSIDEtg;ICITCITtm,0,1,28,26
FUCACNGALACGLCGALGLUSIDEtg;ICITMALtm,0,1,28,26
FUCACNGALACGLCGALGLUSIDEtg;KSIt,1,0,27,27
FUCACNGALACGLCGALGLUSIDEtg;M1316Mg,1,0,27,27
FUCACNGALACGLCGALGLUSIDEtg;M13N2Tg,1,0,27,27
FUCACNGALACGLCGALGLUSIDEtg;M16NTg,1,0,27,27
FUCACNGALACGLCGALGLUSIDEtg;M4MPDOL_ter,1,0,27,27
FUCACNGALACGLCGALGLUSIDEtg;M8MASNterg,1,0,27,27
FUCACNGALACGLCGALGLUSIDEtg;MANtg,1,0,27,27
FUCACNGALACGLCGALGLUSIDEtg;MDHm,0,1,28,26
FUCACNGALACGLCGALGLUSIDEtg;MG1er,1,0,27,27
FUCACNGALACGLCGALGLUSIDEtg;MG2er,1,0,27,27
FUCACNGALACGLCGALGLUSIDEtg;MG3er,1,0,27,27
FUCACNGALACGLCGALGLUSIDEtg;MM5ag,1,0,27,27
FUCACNGALACGLCGALGLUSIDEtg;MM6bg,1,0,27,27
FUCACNGALACGLCGALGLUSIDEtg;MM7Cag,1,0,27,27
FUCACNGALACGLCGALGLUSIDEtg;MM8Ag,1,0,27,27
FUCACNGALACGLCGALGLUSIDEtg;NADH2_u10m,0,1,28,26
FUCACNGALACGLCGALGLUSIDEtg;OAAtn,0,1,28,26
FUCACNGALACGLCGALGLUSIDEtg;PItn,0,1,28,26
FUCACNGALACGLCGALGLUSIDEtg;S23T3g,1,0,27,27
FUCACNGALACGLCGALGLUSIDEtg;S6T10g,1,0,27,27
FUCACNGALACGLCGALGLUSIDEtg;S6T11g,1,0,27,27
FUCACNGALACGLCGALGLUSIDEtg;S6T12g,1,0,27,27
FUCACNGALACGLCGALGLUSIDEtg;S6T13g,1,0,27,27
FUCACNGALACGLCGALGLUSIDEtg;S6T14g,1,0,27,27
FUCACNGALACGLCGALGLUSIDEtg;S6T15g,1,0,27,27
FUCACNGALACGLCGALGLUSIDEtg;S6T4g,1,0,27,27
FUCACNGALACGLCGALGLUSIDEtg;S6T5g,1,0,27,27
FUCACNGALACGLCGALGLUSIDEtg;S6T6g,1,0,27,27
FUCACNGALACGLCGALGLUSIDEtg;S6T7g,1,0,27,27
FUCACNGALACGLCGALGLUSIDEtg;S6T8g,1,0,27,27
FUCACNGALACGLCGALGLUSIDEtg;S6T9g,1,0,27,27
FUCACNGALACGLCGALGLUSIDEtg;SO4HCOtex,1,0,27,27
FUCACNGALACGLCGALGLUSIDEtg;UDPDOLPT,1,0,27,27
FUM;ARTFR41,0,1,28,26
FUM;FUMMALtm,1,1,27,26
FUM;FUMSUCCtm,1,1,27,26
FUM;FUMm,1,2,27,25
FUM;GALU,0,1,28,26
FUM;GF6PTA,0,1,28,26
FUM;H2Otg,0,1,28,26
FUM;HCO3E,0,1,28,26
FUM;Htg,0,1,28,26
FUM;LDH_L,0,1,28,26
FUM;L_LACt2r,0,1,28,26
FUM;ME1m,0,1,28,26
FUM;NDP7g,0,1,28,26
FUM;NQO2,0,1,28,26
FUM;OROTGLUt,0,1,28,26
FUM;OROTte,0,1,28,26
FUM;P5CRxm,0,1,28,26
FUM;PGMT,0,1,28,26
FUM;PIt2m_2,1,0,27,27
FUM;PItg,0,1,28,26
FUM;PLMCOAPTr,0,1,28,26
FUM;PMTCOAFABP1tc,0,1,28,26
FUM;PPA,0,1,28,26
FUM;PPItm,0,1,28,26
FUM;PROAKGOX1m,1,0,27,27
FUM;PROD2m,0,1,28,26
FUM;PROtm,1,0,27,27
FUM;RTOT4,0,1,28,26
FUM;SUCD1m,1,0,27,27
FUM;TYRDOPO,0,1,28,26
FUM;UAGDP,0,1,28,26
FUM;UGLCNACtg,0,1,28,26
FUM;UMPK,0,1,28,26
FUM;q10h2tc,0,1,28,26
FUM;q10tm,0,1,28,26
FUMMALtm;FUMSUCCtm,1,0,27,27
FUMMALtm;FUMTSULtm,0,1,28,26
FUMMALtm;GLUDxm,0,1,28,26
FUMMALtm;H2Stm,0,1,28,26
FUMMALtm;ITCOALm,0,1,28,26
FUMMALtm;LDH_L,0,2,28,25
FUMMALtm;LDH_Lm,0,1,28,26
FUMMALtm;L_LACt2r,0,1,28,26
FUMMALtm;L_LACtm,0,1,28,26
FUMMALtm;MAL_Lte,0,1,28,26
FUMMALtm;MDH,0,1,28,26
FUMMALtm;MDHm,0,1,28,26
FUMMALtm;ME2,0,1,28,26
FUMMALtm;PIMALtm,0,1,28,26
FUMMALtm;PIt2m_2,1,0,27,27
FUMMALtm;PPA,0,1,28,26
FUMMALtm;PROAKGOX1m,1,0,27,27
FUMMALtm;PROtm,1,0,27,27
FUMMALtm;PRSDO,0,1,28,26
FUMMALtm;PYRtm,0,1,28,26
FUMMALtm;SO3AKGtm,0,1,28,26
FUMMALtm;SO3MALtm,0,1,28,26
FUMMALtm;SQOR2m,0,1,28,26
FUMMALtm;SQORm,0,1,28,26
FUMMALtm;SUCD1m,1,0,27,27
FUMMALtm;TSCTS,0,1,28,26
FUMMALtm;TSULt4_3,0,1,28,26
FUMSUCCtm;FUMTSULtm,0,1,28,26
FUMSUCCtm;GALU,0,1,28,26
FUMSUCCtm;GTPGDPtm,0,1,28,26
FUMSUCCtm;H2O2t,0,1,28,26
FUMSUCCtm;HCO3E,3,0,25,27
FUMSUCCtm;HCO3Em,1,0,27,27
FUMSUCCtm;HCO3tm,2,0,26,27
FUMSUCCtm;HMBS,0,1,28,26
FUMSUCCtm;HOXG,0,1,28,26
FUMSUCCtm;IMAGH,1,0,27,27
FUMSUCCtm;LDH_L,0,1,28,26
FUMSUCCtm;LDH_Lm,0,1,28,26
FUMSUCCtm;L_LACt4r,1,0,27,27
FUMSUCCtm;L_LACtm,0,1,28,26
FUMSUCCtm;MAL_Lte,0,2,28,25
FUMSUCCtm;ME2,0,1,28,26
FUMSUCCtm;NACDe,1,0,27,27
FUMSUCCtm;NACPRT,1,0,27,27
FUMSUCCtm;NCAMDe,1,0,27,27
FUMSUCCtm;NCKt,1,0,27,27
FUMSUCCtm;NDP7er,0,1,28,26
FUMSUCCtm;NMNDA,1,0,27,27
FUMSUCCtm;NMNS,1,1,27,26
FUMSUCCtm;PGMT,0,1,28,26
FUMSUCCtm;PHEMEtm,0,1,28,26
FUMSUCCtm;PHEOX,0,1,28,26
FUMSUCCtm;PHETA1,0,1,28,26
FUMSUCCtm;PIMALtm,0,1,28,26
FUMSUCCtm;PPBNGS,0,1,28,26
FUMSUCCtm;PPPG9tm,0,1,28,26
FUMSUCCtm;PPPGOm,0,1,28,26
FUMSUCCtm;PROAKGOX1m,0,1,28,26
FUMSUCCtm;PROtm,0,1,28,26
FUMSUCCtm;PYK6,1,0,27,27
FUMSUCCtm;SO3AKGtm,0,1,28,26
FUMSUCCtm;SO3MALtm,0,1,28,26
FUMSUCCtm;SQORm,0,1,28,26
FUMSUCCtm;SUCOAS1m,0,1,28,26
FUMSUCCtm;TSULt4_3,0,1,28,26
FUMSUCCtm;TYROX,1,0,27,27
FUMSUCCtm;TYRTA,1,0,27,27
FUMSUCCtm;UDPGCURtr,0,1,28,26
FUMSUCCtm;UDPGD,0,1,28,26
FUMSUCCtm;UGT1A2r,0,1,28,26
FUMSUCCtm;UMPtr,0,1,28,26
FUMSUCCtm;UPP3S,0,1,28,26
FUMSUCCtm;UPPDC1,0,1,28,26
FUMTSULtm;GLUDym,0,1,28,26
FUMTSULtm;GLUt2m,0,1,28,26
FUMTSULtm;NMNS,0,1,28,26
FUMm;FUMSUCCtm,1,0,27,27
FUMm;GALU,0,1,28,26
FUMm;GTPGDPtm,0,1,28,26
FUMm;H2O2t,0,1,28,26
FUMm;HMBS,0,1,28,26
FUMm;HOXG,0,1,28,26
FUMm;ITCOALm,0,1,28,26
FUMm;LDH_L,0,1,28,26
FUMm;L_LACt2r,0,1,28,26
FUMm;MAL_Lte,0,1,28,26
FUMm;MDH,0,1,28,26
FUMm;NDP7er,0,1,28,26
FUMm;PGMT,0,1,28,26
FUMm;PHEMEtm,0,1,28,26
FUMm;PHEOX,0,1,28,26
FUMm;PHETA1,0,1,28,26
FUMm;PIMALtm,0,2,28,25
FUMm;PIt2m_2,1,0,27,27
FUMm;PPA,0,1,28,26
FUMm;PPBNGS,0,1,28,26
FUMm;PPPG9tm,0,1,28,26
FUMm;PPPGOm,0,1,28,26
FUMm;PROAKGOX1m,1,1,27,26
FUMm;PROtm,1,1,27,26
FUMm;PYRtm,0,1,28,26
FUMm;SO3AKGtm,0,2,28,25
FUMm;SO3MALtm,0,2,28,25
FUMm;SUCD1m,1,0,27,27
FUMm;SUCOAS1m,0,1,28,26
FUMm;UDPGCURtr,0,1,28,26
FUMm;UDPGD,0,1,28,26
FUMm;UGT1A2r,0,1,28,26
FUMm;UMPtr,0,1,28,26
FUMm;UPP3S,0,1,28,26
FUMm;UPPDC1,0,1,28,26
FUT121g;GLXtm,0,1,28,26
FUT121g;GLXtp,0,1,28,26
FUT121g;GLYCLTDym,0,1,28,26
FUT121g;GLYCLTtm,0,1,28,26
FUT121g;GLYCLTtp,0,1,28,26
FUT121g;GLYCTO1p,0,1,28,26
FUT121g;PIt9,1,0,27,27
FUT121g;RDH1a,0,1,28,26
FUT121g;UDPGD,0,1,28,26
FUT32g;ACITLn,0,1,28,26
FUT32g;ADPtn,0,1,28,26
FUT32g;CITtn,0,1,28,26
FUT32g;G12MT1,1,0,27,27
FUT32g;G12MT2,1,0,27,27
FUT32g;G13MT,1,0,27,27
FUT32g;G14T10g,1,0,27,27
FUT32g;G14T11g,1,0,27,27
FUT32g;G14T12g,1,0,27,27
FUT32g;G14T13g,1,0,27,27
FUT32g;G14T14g,1,0,27,27
FUT32g;G14T15g,1,0,27,27
FUT32g;G14T16g,1,0,27,27
FUT32g;G14T17g,1,0,27,27
FUT32g;G14T6g,1,0,27,27
FUT32g;G14T7g,1,0,27,27
FUT32g;G14T8g,1,0,27,27
FUT32g;G14T9g,1,0,27,27
FUT32g;G14Tg,1,0,27,27
FUT32g;G16MT,1,0,27,27
FUT32g;GLCMter,1,0,27,27
FUT32g;GLCNACPT,1,0,27,27
FUT32g;GLCNACT,1,0,27,27
FUT32g;HEX4,1,0,27,27
FUT32g;HMGLm,0,1,28,26
FUT32g;ICITCITtm,0,1,28,26
FUT32g;ICITMALtm,0,1,28,26
FUT32g;KSIt,1,0,27,27
FUT32g;M1316Mg,1,0,27,27
FUT32g;M13N2Tg,1,0,27,27
FUT32g;M16NTg,1,0,27,27
FUT32g;M4MPDOL_ter,1,0,27,27
FUT32g;M8MASNterg,1,0,27,27
FUT32g;MANtg,1,0,27,27
FUT32g;MDHm,0,1,28,26
FUT32g;MG1er,1,0,27,27
FUT32g;MG2er,1,0,27,27
FUT32g;MG3er,1,0,27,27
FUT32g;MM5ag,1,0,27,27
FUT32g;MM6bg,1,0,27,27
FUT32g;MM7Cag,1,0,27,27
FUT32g;MM8Ag,1,0,27,27
FUT32g;NADH2_u10m,0,1,28,26
FUT32g;OAAtn,0,1,28,26
FUT32g;PItn,0,1,28,26
FUT32g;S23T3g,1,0,27,27
FUT32g;S6T10g,1,0,27,27
FUT32g;S6T11g,1,0,27,27
FUT32g;S6T12g,1,0,27,27
FUT32g;S6T13g,1,0,27,27
FUT32g;S6T14g,1,0,27,27
FUT32g;S6T15g,1,0,27,27
FUT32g;S6T4g,1,0,27,27
FUT32g;S6T5g,1,0,27,27
FUT32g;S6T6g,1,0,27,27
FUT32g;S6T7g,1,0,27,27
FUT32g;S6T8g,1,0,27,27
FUT32g;S6T9g,1,0,27,27
FUT32g;SO4HCOtex,1,0,27,27
FUT32g;UDPDOLPT,1,0,27,27
FUT33g;GLXtm,0,1,28,26
FUT33g;GLXtp,0,1,28,26
FUT33g;GLYCLTDym,0,1,28,26
FUT33g;GLYCLTtm,0,1,28,26
FUT33g;GLYCLTtp,0,1,28,26
FUT33g;GLYCTO1p,0,1,28,26
FUT33g;PIt9,1,0,27,27
FUT33g;RDH1a,0,1,28,26
FUT33g;UDPGD,0,1,28,26
FUT92g;G12MT1,1,0,27,27
FUT92g;G12MT2,1,0,27,27
FUT92g;G13MT,1,0,27,27
FUT92g;G14T10g,1,0,27,27
FUT92g;G14T11g,1,0,27,27
FUT92g;G14T12g,1,0,27,27
FUT92g;G14T13g,1,0,27,27
FUT92g;G14T14g,1,0,27,27
FUT92g;G14T15g,1,0,27,27
FUT92g;G14T16g,1,0,27,27
FUT92g;G14T17g,1,0,27,27
FUT92g;G14T6g,1,0,27,27
FUT92g;G14T7g,1,0,27,27
FUT92g;G14T8g,1,0,27,27
FUT92g;G14T9g,1,0,27,27
FUT92g;G14Tg,1,0,27,27
FUT92g;G16MT,1,0,27,27
FUT92g;GLCMter,1,0,27,27
FUT92g;GLCNACPT,1,0,27,27
FUT92g;GLCNACT,1,0,27,27
FUT92g;HEX4,1,0,27,27
FUT92g;HMGCOASim,0,1,28,26
FUT92g;KSIt,1,0,27,27
FUT92g;M1316M2g,1,0,27,27
FUT92g;M13N2Tg,1,0,27,27
FUT92g;M16NT1g,1,0,27,27
FUT92g;M4MPDOL_ter,1,0,27,27
FUT92g;M8MASNterg,1,0,27,27
FUT92g;MANtg,1,0,27,27
FUT92g;MG1er,1,0,27,27
FUT92g;MG2er,1,0,27,27
FUT92g;MG3er,1,0,27,27
FUT92g;MM5ag,1,0,27,27
FUT92g;MM6bg,1,0,27,27
FUT92g;MM7Cag,1,0,27,27
FUT92g;MM8Ag,1,0,27,27
FUT92g;PDHa,0,1,28,26
FUT92g;PDHbr,0,1,28,26
FUT92g;PPM2,0,1,28,26
FUT92g;PYRt2m,0,1,28,26
FUT92g;S23T3g,1,0,27,27
FUT92g;S6T10g,1,0,27,27
FUT92g;S6T11g,1,0,27,27
FUT92g;S6T12g,1,0,27,27
FUT92g;S6T13g,1,0,27,27
FUT92g;S6T14g,1,0,27,27
FUT92g;S6T15g,1,0,27,27
FUT92g;S6T4g,1,0,27,27
FUT92g;S6T5g,1,0,27,27
FUT92g;S6T6g,1,0,27,27
FUT92g;S6T7g,1,0,27,27
FUT92g;S6T8g,1,0,27,27
FUT92g;S6T9g,1,0,27,27
FUT92g;SO4HCOtex,3,0,25,27
FUT92g;THRALANaEx,1,0,27,27
FUT92g;UAG4E,2,0,26,27
FUT92g;UDPDOLPT,1,0,27,27
FUT92g;UMPK5,1,0,27,27
G12MT1;GALGLUSIDEtg,3,0,25,27
G12MT1;GALGLUSIDEtr,3,0,25,27
G12MT1;GDPFUCtg,1,0,27,27
G12MT1;GDPtg,1,0,27,27
G12MT1;GFUCSx,1,0,27,27
G12MT1;GMAND,1,0,27,27
G12MT1;GMPtg,1,0,27,27
G12MT1;GTPGDPtm,0,1,28,26
G12MT1;HMGL,0,1,28,26
G12MT1;NDP7er,3,2,25,25
G12MT1;OCOAT1m,0,1,28,26
G12MT1;OROTGLUt,0,2,28,25
G12MT1;OROTte,0,2,28,25
G12MT1;PPAer,1,0,27,27
G12MT1;PPIPItr,1,0,27,27
G12MT1;PROSTGE2t,1,0,27,27
G12MT1;PROSTGE2t2,1,0,27,27
G12MT1;PYK,0,1,28,26
G12MT1;ST3GAL31g,1,0,27,27
G12MT1;ST3GAL61g,1,0,27,27
G12MT1;SUCOAS1m,0,1,28,26
G12MT1;UAG4E,0,2,28,25
G12MT1;UDPG4E,1,0,27,27
G12MT1;UDPGALt2r,3,0,25,27
G12MT1;UDPGALtg,1,0,27,27
G12MT1;UDPGGPGTr,3,0,25,27
G12MT1;UGCGc,3,0,25,27
G12MT1;UMPK,0,1,28,26
G12MT1;UMPtr,3,0,25,27
G12MT2;GALGLUSIDEtg,3,0,25,27
G12MT2;GALGLUSIDEtr,3,0,25,27
G12MT2;GDPFUCtg,1,0,27,27
G12MT2;GDPtg,1,0,27,27
G12MT2;GFUCSx,1,0,27,27
G12MT2;GMAND,1,0,27,27
G12MT2;GMPtg,1,0,27,27
G12MT2;GTPGDPtm,0,1,28,26
G12MT2;HMGL,0,1,28,26
G12MT2;NDP7er,3,2,25,25
G12MT2;OCOAT1m,0,1,28,26
G12MT2;OROTGLUt,0,2,28,25
G12MT2;OROTte,0,2,28,25
G12MT2;PPAer,1,0,27,27
G12MT2;PPIPItr,1,0,27,27
G12MT2;PROSTGE2t,1,0,27,27
G12MT2;PROSTGE2t2,1,0,27,27
G12MT2;PYK,0,1,28,26
G12MT2;ST3GAL31g,1,0,27,27
G12MT2;ST3GAL61g,1,0,27,27
G12MT2;SUCOAS1m,0,1,28,26
G12MT2;UAG4E,0,2,28,25
G12MT2;UDPG4E,1,0,27,27
G12MT2;UDPGALt2r,3,0,25,27
G12MT2;UDPGALtg,1,0,27,27
G12MT2;UDPGGPGTr,3,0,25,27
G12MT2;UGCGc,3,0,25,27
G12MT2;UMPK,0,1,28,26
G12MT2;UMPtr,3,0,25,27
G13MT;GALGLUSIDEtg,3,0,25,27
G13MT;GALGLUSIDEtr,3,0,25,27
G13MT;GDPFUCtg,1,0,27,27
G13MT;GDPtg,1,0,27,27
G13MT;GFUCSx,1,0,27,27
G13MT;GMAND,1,0,27,27
G13MT;GMPtg,1,0,27,27
G13MT;GTPGDPtm,0,1,28,26
G13MT;HMGL,0,1,28,26
G13MT;NDP7er,3,2,25,25
G13MT;OCOAT1m,0,1,28,26
G13MT;OROTGLUt,0,2,28,25
G13MT;OROTte,0,2,28,25
G13MT;PPAer,1,0,27,27
G13MT;PPIPItr,1,0,27,27
G13MT;PROSTGE2t,1,0,27,27
G13MT;PROSTGE2t2,1,0,27,27
G13MT;PYK,0,1,28,26
G13MT;ST3GAL31g,1,0,27,27
G13MT;ST3GAL61g,1,0,27,27
G13MT;SUCOAS1m,0,1,28,26
G13MT;UAG4E,0,2,28,25
G13MT;UDPG4E,1,0,27,27
G13MT;UDPGALt2r,3,0,25,27
G13MT;UDPGALtg,1,0,27,27
G13MT;UDPGGPGTr,3,0,25,27
G13MT;UGCGc,3,0,25,27
G13MT;UMPK,0,1,28,26
G13MT;UMPtr,3,0,25,27
G14T10g;GALGLUSIDEtg,2,0,26,27
G14T10g;GALGLUSIDEtr,2,0,26,27
G14T10g;NDP7er,2,1,26,26
G14T10g;OROTGLUt,0,1,28,26
G14T10g;OROTte,0,1,28,26
G14T10g;ST3GAL31g,1,0,27,27
G14T10g;ST3GAL61g,1,0,27,27
G14T10g;UAG4E,0,2,28,25
G14T10g;UDPGALt2r,2,0,26,27
G14T10g;UDPGGPGTr,2,0,26,27
G14T10g;UGCGc,2,0,26,27
G14T10g;UMPtr,2,0,26,27
G14T11g;GALGLUSIDEtg,2,0,26,27
G14T11g;GALGLUSIDEtr,2,0,26,27
G14T11g;NDP7er,2,1,26,26
G14T11g;OROTGLUt,0,1,28,26
G14T11g;OROTte,0,1,28,26
G14T11g;ST3GAL31g,1,0,27,27
G14T11g;ST3GAL61g,1,0,27,27
G14T11g;UAG4E,0,2,28,25
G14T11g;UDPGALt2r,2,0,26,27
G14T11g;UDPGGPGTr,2,0,26,27
G14T11g;UGCGc,2,0,26,27
G14T11g;UMPtr,2,0,26,27
G14T12g;GALGLUSIDEtg,2,0,26,27
G14T12g;GALGLUSIDEtr,2,0,26,27
G14T12g;NDP7er,2,1,26,26
G14T12g;OROTGLUt,0,1,28,26
G14T12g;OROTte,0,1,28,26
G14T12g;ST3GAL31g,1,0,27,27
G14T12g;ST3GAL61g,1,0,27,27
G14T12g;UAG4E,0,2,28,25
G14T12g;UDPGALt2r,2,0,26,27
G14T12g;UDPGGPGTr,2,0,26,27
G14T12g;UGCGc,2,0,26,27
G14T12g;UMPtr,2,0,26,27
G14T13g;GALGLUSIDEtg,2,0,26,27
G14T13g;GALGLUSIDEtr,2,0,26,27
G14T13g;NDP7er,2,1,26,26
G14T13g;OROTGLUt,0,1,28,26
G14T13g;OROTte,0,1,28,26
G14T13g;ST3GAL31g,1,0,27,27
G14T13g;ST3GAL61g,1,0,27,27
G14T13g;UAG4E,0,2,28,25
G14T13g;UDPGALt2r,2,0,26,27
G14T13g;UDPGGPGTr,2,0,26,27
G14T13g;UGCGc,2,0,26,27
G14T13g;UMPtr,2,0,26,27
G14T14g;GALGLUSIDEtg,2,0,26,27
G14T14g;GALGLUSIDEtr,2,0,26,27
G14T14g;NDP7er,2,1,26,26
G14T14g;OROTGLUt,0,1,28,26
G14T14g;OROTte,0,1,28,26
G14T14g;ST3GAL31g,1,0,27,27
G14T14g;ST3GAL61g,1,0,27,27
G14T14g;UAG4E,0,2,28,25
G14T14g;UDPGALt2r,2,0,26,27
G14T14g;UDPGGPGTr,2,0,26,27
G14T14g;UGCGc,2,0,26,27
G14T14g;UMPtr,2,0,26,27
G14T15g;GALGLUSIDEtg,2,0,26,27
G14T15g;GALGLUSIDEtr,2,0,26,27
G14T15g;NDP7er,2,1,26,26
G14T15g;OROTGLUt,0,1,28,26
G14T15g;OROTte,0,1,28,26
G14T15g;ST3GAL31g,1,0,27,27
G14T15g;ST3GAL61g,1,0,27,27
G14T15g;UAG4E,0,2,28,25
G14T15g;UDPGALt2r,2,0,26,27
G14T15g;UDPGGPGTr,2,0,26,27
G14T15g;UGCGc,2,0,26,27
G14T15g;UMPtr,2,0,26,27
G14T16g;GALGLUSIDEtg,2,0,26,27
G14T16g;GALGLUSIDEtr,2,0,26,27
G14T16g;NDP7er,2,1,26,26
G14T16g;OROTGLUt,0,1,28,26
G14T16g;OROTte,0,1,28,26
G14T16g;ST3GAL31g,1,0,27,27
G14T16g;ST3GAL61g,1,0,27,27
G14T16g;UAG4E,0,2,28,25
G14T16g;UDPGALt2r,2,0,26,27
G14T16g;UDPGGPGTr,2,0,26,27
G14T16g;UGCGc,2,0,26,27
G14T16g;UMPtr,2,0,26,27
G14T17g;GALGLUSIDEtg,2,0,26,27
G14T17g;GALGLUSIDEtr,2,0,26,27
G14T17g;NDP7er,2,1,26,26
G14T17g;OROTGLUt,0,1,28,26
G14T17g;OROTte,0,1,28,26
G14T17g;ST3GAL31g,1,0,27,27
G14T17g;ST3GAL61g,1,0,27,27
G14T17g;UAG4E,0,2,28,25
G14T17g;UDPGALt2r,2,0,26,27
G14T17g;UDPGGPGTr,2,0,26,27
G14T17g;UGCGc,2,0,26,27
G14T17g;UMPtr,2,0,26,27
G14T18g;G14T2g,2,1,26,26
G14T18g;G14T3g,2,1,26,26
G14T18g;G14T4g,2,1,26,26
G14T18g;G14T5g,2,1,26,26
G14T18g;GALASE16ly,2,1,26,26
G14T18g;GF6PTA,1,0,27,27
G14T18g;GPCCPDE,1,0,27,27
G14T18g;HMGCOASim,0,1,28,26
G14T18g;KSII_CORE2t,2,1,26,26
G14T18g;KSII_CORE2tly,2,1,26,26
G14T18g;LPASE,1,0,27,27
G14T18g;N3Tg,2,1,26,26
G14T18g;NACHEX23ly,2,1,26,26
G14T18g;PDHa,0,1,28,26
G14T18g;PDHbr,0,1,28,26
G14T18g;PYRt2m,0,1,28,26
G14T18g;R_group_phosphotase_1,1,0,27,27
G14T18g;S23T2g,2,1,26,26
G14T18g;S6T1g,2,1,26,26
G14T18g;S6T2g,2,1,26,26
G14T18g;S6T3g,2,1,26,26
G14T18g;S6TASE22ly,2,1,26,26
G14T18g;S6TASE23ly,2,1,26,26
G14T18g;SIAASE3ly,2,1,26,26
G14T18g;THRALANaEx,1,0,27,27
G14T18g;UMPK5,1,0,27,27
G14T19g;G14T2g,2,1,26,26
G14T19g;G14T3g,2,1,26,26
G14T19g;G14T4g,2,1,26,26
G14T19g;G14T5g,2,1,26,26
G14T19g;GALASE16ly,2,1,26,26
G14T19g;GF6PTA,1,0,27,27
G14T19g;GPCCPDE,1,0,27,27
G14T19g;HMGCOASim,0,1,28,26
G14T19g;KSII_CORE2t,2,1,26,26
G14T19g;KSII_CORE2tly,2,1,26,26
G14T19g;LPASE,1,0,27,27
G14T19g;N3Tg,2,1,26,26
G14T19g;NACHEX23ly,2,1,26,26
G14T19g;PDHa,0,1,28,26
G14T19g;PDHbr,0,1,28,26
G14T19g;PYRt2m,0,1,28,26
G14T19g;R_group_phosphotase_1,1,0,27,27
G14T19g;S23T2g,2,1,26,26
G14T19g;S6T1g,2,1,26,26
G14T19g;S6T2g,2,1,26,26
G14T19g;S6T3g,2,1,26,26
G14T19g;S6TASE22ly,2,1,26,26
G14T19g;S6TASE23ly,2,1,26,26
G14T19g;SIAASE3ly,2,1,26,26
G14T19g;THRALANaEx,1,0,27,27
G14T19g;UMPK5,1,0,27,27
G14T20g;G14T2g,2,1,26,26
G14T20g;G14T3g,2,1,26,26
G14T20g;G14T4g,2,1,26,26
G14T20g;G14T5g,2,1,26,26
G14T20g;GALASE16ly,2,1,26,26
G14T20g;GF6PTA,1,0,27,27
G14T20g;GPCCPDE,1,0,27,27
G14T20g;HMGCOASim,0,1,28,26
G14T20g;KSII_CORE2t,2,1,26,26
G14T20g;KSII_CORE2tly,2,1,26,26
G14T20g;LPASE,1,0,27,27
G14T20g;N3Tg,2,1,26,26
G14T20g;NACHEX23ly,2,1,26,26
G14T20g;PDHa,0,1,28,26
G14T20g;PDHbr,0,1,28,26
G14T20g;PYRt2m,0,1,28,26
G14T20g;R_group_phosphotase_1,1,0,27,27
G14T20g;S23T2g,2,1,26,26
G14T20g;S6T1g,2,1,26,26
G14T20g;S6T2g,2,1,26,26
G14T20g;S6T3g,2,1,26,26
G14T20g;S6TASE22ly,2,1,26,26
G14T20g;S6TASE23ly,2,1,26,26
G14T20g;SIAASE3ly,2,1,26,26
G14T20g;THRALANaEx,1,0,27,27
G14T20g;UMPK5,1,0,27,27
G14T21g;G14T2g,2,1,26,26
G14T21g;G14T3g,2,1,26,26
G14T21g;G14T4g,2,1,26,26
G14T21g;G14T5g,2,1,26,26
G14T21g;GALASE16ly,2,1,26,26
G14T21g;GF6PTA,1,0,27,27
G14T21g;GPCCPDE,1,0,27,27
G14T21g;HMGCOASim,0,1,28,26
G14T21g;KSII_CORE2t,2,1,26,26
G14T21g;KSII_CORE2tly,2,1,26,26
G14T21g;LPASE,1,0,27,27
G14T21g;N3Tg,2,1,26,26
G14T21g;NACHEX23ly,2,1,26,26
G14T21g;PDHa,0,1,28,26
G14T21g;PDHbr,0,1,28,26
G14T21g;PYRt2m,0,1,28,26
G14T21g;R_group_phosphotase_1,1,0,27,27
G14T21g;S23T2g,2,1,26,26
G14T21g;S6T1g,2,1,26,26
G14T21g;S6T2g,2,1,26,26
G14T21g;S6T3g,2,1,26,26
G14T21g;S6TASE22ly,2,1,26,26
G14T21g;S6TASE23ly,2,1,26,26
G14T21g;SIAASE3ly,2,1,26,26
G14T21g;THRALANaEx,1,0,27,27
G14T21g;UMPK5,1,0,27,27
G14T2g;GALASE20ly,2,1,26,26
G14T2g;KSII_CORE4t,2,1,26,26
G14T2g;KSII_CORE4tly,2,1,26,26
G14T2g;NACHEX26ly,2,1,26,26
G14T2g;S23T4g,2,1,26,26
G14T2g;S6T16g,2,1,26,26
G14T2g;S6T17g,2,1,26,26
G14T2g;S6T18g,2,1,26,26
G14T2g;S6TASE25ly,2,1,26,26
G14T2g;S6TASE26ly,2,1,26,26
G14T2g;SIAASE4ly,2,1,26,26
G14T3g;GALASE20ly,2,1,26,26
G14T3g;KSII_CORE4t,2,1,26,26
G14T3g;KSII_CORE4tly,2,1,26,26
G14T3g;NACHEX26ly,2,1,26,26
G14T3g;S23T4g,2,1,26,26
G14T3g;S6T16g,2,1,26,26
G14T3g;S6T17g,2,1,26,26
G14T3g;S6T18g,2,1,26,26
G14T3g;S6TASE25ly,2,1,26,26
G14T3g;S6TASE26ly,2,1,26,26
G14T3g;SIAASE4ly,2,1,26,26
G14T4g;GALASE20ly,2,1,26,26
G14T4g;KSII_CORE4t,2,1,26,26
G14T4g;KSII_CORE4tly,2,1,26,26
G14T4g;NACHEX26ly,2,1,26,26
G14T4g;S23T4g,2,1,26,26
G14T4g;S6T16g,2,1,26,26
G14T4g;S6T17g,2,1,26,26
G14T4g;S6T18g,2,1,26,26
G14T4g;S6TASE25ly,2,1,26,26
G14T4g;S6TASE26ly,2,1,26,26
G14T4g;SIAASE4ly,2,1,26,26
G14T5g;GALASE20ly,2,1,26,26
G14T5g;KSII_CORE4t,2,1,26,26
G14T5g;KSII_CORE4tly,2,1,26,26
G14T5g;NACHEX26ly,2,1,26,26
G14T5g;S23T4g,2,1,26,26
G14T5g;S6T16g,2,1,26,26
G14T5g;S6T17g,2,1,26,26
G14T5g;S6T18g,2,1,26,26
G14T5g;S6TASE25ly,2,1,26,26
G14T5g;S6TASE26ly,2,1,26,26
G14T5g;SIAASE4ly,2,1,26,26
G14T6g;GALGLUSIDEtg,2,0,26,27
G14T6g;GALGLUSIDEtr,2,0,26,27
G14T6g;NDP7er,2,1,26,26
G14T6g;OROTGLUt,0,1,28,26
G14T6g;OROTte,0,1,28,26
G14T6g;ST3GAL31g,1,0,27,27
G14T6g;ST3GAL61g,1,0,27,27
G14T6g;UAG4E,0,2,28,25
G14T6g;UDPGALt2r,2,0,26,27
G14T6g;UDPGGPGTr,2,0,26,27
G14T6g;UGCGc,2,0,26,27
G14T6g;UMPtr,2,0,26,27
G14T7g;GALGLUSIDEtg,2,0,26,27
G14T7g;GALGLUSIDEtr,2,0,26,27
G14T7g;NDP7er,2,1,26,26
G14T7g;OROTGLUt,0,1,28,26
G14T7g;OROTte,0,1,28,26
G14T7g;ST3GAL31g,1,0,27,27
G14T7g;ST3GAL61g,1,0,27,27
G14T7g;UAG4E,0,2,28,25
G14T7g;UDPGALt2r,2,0,26,27
G14T7g;UDPGGPGTr,2,0,26,27
G14T7g;UGCGc,2,0,26,27
G14T7g;UMPtr,2,0,26,27
G14T8g;GALGLUSIDEtg,2,0,26,27
G14T8g;GALGLUSIDEtr,2,0,26,27
G14T8g;NDP7er,2,1,26,26
G14T8g;OROTGLUt,0,1,28,26
G14T8g;OROTte,0,1,28,26
G14T8g;ST3GAL31g,1,0,27,27
G14T8g;ST3GAL61g,1,0,27,27
G14T8g;UAG4E,0,2,28,25
G14T8g;UDPGALt2r,2,0,26,27
G14T8g;UDPGGPGTr,2,0,26,27
G14T8g;UGCGc,2,0,26,27
G14T8g;UMPtr,2,0,26,27
G14T9g;GALGLUSIDEtg,2,0,26,27
G14T9g;GALGLUSIDEtr,2,0,26,27
G14T9g;NDP7er,2,1,26,26
G14T9g;OROTGLUt,0,1,28,26
G14T9g;OROTte,0,1,28,26
G14T9g;ST3GAL31g,1,0,27,27
G14T9g;ST3GAL61g,1,0,27,27
G14T9g;UAG4E,0,2,28,25
G14T9g;UDPGALt2r,2,0,26,27
G14T9g;UDPGGPGTr,2,0,26,27
G14T9g;UGCGc,2,0,26,27
G14T9g;UMPtr,2,0,26,27
G14Tg;GALGLUSIDEtg,2,0,26,27
G14Tg;GALGLUSIDEtr,2,0,26,27
G14Tg;NDP7er,2,1,26,26
G14Tg;OROTGLUt,0,1,28,26
G14Tg;OROTte,0,1,28,26
G14Tg;ST3GAL31g,1,0,27,27
G14Tg;ST3GAL61g,1,0,27,27
G14Tg;UAG4E,0,2,28,25
G14Tg;UDPGALt2r,2,0,26,27
G14Tg;UDPGGPGTr,2,0,26,27
G14Tg;UGCGc,2,0,26,27
G14Tg;UMPtr,2,0,26,27
G16MT;GALGLUSIDEtg,3,0,25,27
G16MT;GALGLUSIDEtr,3,0,25,27
G16MT;GDPFUCtg,1,0,27,27
G16MT;GDPtg,1,0,27,27
G16MT;GFUCSx,1,0,27,27
G16MT;GMAND,1,0,27,27
G16MT;GMPtg,1,0,27,27
G16MT;GTPGDPtm,0,1,28,26
G16MT;HMGL,0,1,28,26
G16MT;NDP7er,3,2,25,25
G16MT;OCOAT1m,0,1,28,26
G16MT;OROTGLUt,0,2,28,25
G16MT;OROTte,0,2,28,25
G16MT;PPAer,1,0,27,27
G16MT;PPIPItr,1,0,27,27
G16MT;PROSTGE2t,1,0,27,27
G16MT;PROSTGE2t2,1,0,27,27
G16MT;PYK,0,1,28,26
G16MT;ST3GAL31g,1,0,27,27
G16MT;ST3GAL61g,1,0,27,27
G16MT;SUCOAS1m,0,1,28,26
G16MT;UAG4E,0,2,28,25
G16MT;UDPG4E,1,0,27,27
G16MT;UDPGALt2r,3,0,25,27
G16MT;UDPGALtg,1,0,27,27
G16MT;UDPGGPGTr,3,0,25,27
G16MT;UGCGc,3,0,25,27
G16MT;UMPK,0,1,28,26
G16MT;UMPtr,3,0,25,27
G3PD1;GAPD,1,0,27,27
G3PD1;GLCt1r,1,0,27,27
G3PD1;GLYALDORy,1,0,27,27
G3PD1;GLYC3Ptmc,1,0,27,27
G3PD1;GLYCtm,1,0,27,27
G3PD1;GLYKm,1,0,27,27
G3PD1;KHK,1,0,27,27
G3PD1;PEPCK,1,0,27,27
G3PD1;PGK,1,0,27,27
G3PD1;PGM,1,0,27,27
G3PD1;SBTD_D2,1,0,27,27
G3PD1;SBTR,1,0,27,27
G3PD2m;ARTFR52,2,0,26,27
G3PD2m;HACD200,2,0,26,27
G3PD2m;HACD220,2,0,26,27
G3PD2m;HACD240,2,0,26,27
G3PD2m;HACD260,2,0,26,27
G3PD2m;HEXCCOAtr,2,0,26,27
G3PD2m;HSD200,2,0,26,27
G3PD2m;HSD220,2,0,26,27
G3PD2m;HSD240,2,0,26,27
G3PD2m;HSD260,2,0,26,27
G3PD2m;NAt5,2,0,26,27
G3PD2m;PYRt4_2,2,0,26,27
G3PD2m;RTOT5,2,0,26,27
G3PD2m;TECR200,2,0,26,27
G3PD2m;TECR220,2,0,26,27
G3PD2m;TECR240,2,0,26,27
G3PD2m;TECR260,2,0,26,27
G5SADm;Htr,0,1,28,26
G5SADm;ICDHyrm,0,1,28,26
G5SADm;ITCOAL1m,0,1,28,26
G5SADm;OXALSUCCCLm,0,1,28,26
G5SADm;PROtm,0,1,28,26
G5SADm;PYRtm,0,1,28,26
G5SADr;GAPD,1,0,27,27
G5SADr;GLCt1r,1,0,27,27
G5SADr;GLUDym,1,0,27,27
G5SADr;HCO3E,1,0,27,27
G5SADr;HCO3Ee,1,0,27,27
G5SADr;HCO3Em,1,0,27,27
G5SADr;HCO3tm,1,0,27,27
G5SADr;Htm,1,0,27,27
G5SADr;Htr,0,1,28,26
G5SADr;ICDHyrm,0,1,28,26
G5SADr;ITCOAL1m,0,1,28,26
G5SADr;NAt5,2,0,26,27
G5SADr;NH4tm,1,0,27,27
G5SADr;OXALSUCCCLm,0,1,28,26
G5SADr;PGK,1,0,27,27
G5SADr;PGM,1,0,27,27
G5SADr;PIt2m_2,2,0,26,27
G5SADr;PPAm,0,1,28,26
G5SADr;PPItm,0,1,28,26
G5SADr;PROtm,0,1,28,26
G5SADr;PYRtm,0,1,28,26
G6PDH2r;PGI,1,0,27,27
G6PDH2r;RPE,1,0,27,27
G6PDH2r;TALA,1,0,27,27
G6PDH2r;TKT1,1,0,27,27
G6PDH2r;TKT2,1,0,27,27
G6PPer;ARTFR207,1,0,27,27
G6PPer;ARTPLM3,1,0,27,27
G6PPer;GALU,2,0,26,27
G6PPer;GF6PTA,2,0,26,27
G6PPer;GLUPROASCT1,1,0,27,27
G6PPer;H2Otg,1,0,27,27
G6PPer;HACD200,1,0,27,27
G6PPer;HSD200,1,0,27,27
G6PPer;Htg,1,0,27,27
G6PPer;NDP7g,1,0,27,27
G6PPer;PGMT,2,0,26,27
G6PPer;PItg,1,0,27,27
G6PPer;PPA,5,0,23,27
G6PPer;PPIPItr,1,0,27,27
G6PPer;RTOT_3,1,0,27,27
G6PPer;TECR200,1,0,27,27
G6PPer;THRA,1,0,27,27
G6PPer;UAGDP,2,0,26,27
G6PPer;UGLCNACtg,1,0,27,27
G6Pt6er;ARTFR207,1,0,27,27
G6Pt6er;ARTPLM3,1,0,27,27
G6Pt6er;H2Oter,0,1,28,26
G6Pt6er;HACD200,1,0,27,27
G6Pt6er;HSD200,1,0,27,27
G6Pt6er;Htr,0,1,28,26
G6Pt6er;RTOT_3,1,0,27,27
G6Pt6er;TECR200,1,0,27,27
G6Pter;H2Oter,0,1,28,26
G6Pter;Htr,0,1,28,26
GABAVESSEC;OROTGLUt,0,1,28,26
GABAVESSEC;OROTte,0,1,28,26
GAL3ST11;ACITLn,0,1,28,26
GAL3ST11;ADPtn,0,1,28,26
GAL3ST11;CITtn,0,1,28,26
GAL3ST11;HMGLm,0,1,28,26
GAL3ST11;ICITCITtm,0,1,28,26
GAL3ST11;ICITMALtm,0,1,28,26
GAL3ST11;MDHm,0,1,28,26
GAL3ST11;NADH2_u10m,0,1,28,26
GAL3ST11;OAAtn,0,1,28,26
GAL3ST11;PItn,0,1,28,26
GAL3ST11;PROSTGE2t,1,0,27,27
GAL3ST11;PROSTGE2t2,1,0,27,27
GALASE16ly;GALASE20ly,2,1,26,26
GALASE16ly;KSII_CORE4t,2,1,26,26
GALASE16ly;KSII_CORE4tly,2,1,26,26
GALASE16ly;NACHEX26ly,2,1,26,26
GALASE16ly;S23T4g,2,1,26,26
GALASE16ly;S6T16g,2,1,26,26
GALASE16ly;S6T17g,2,1,26,26
GALASE16ly;S6T18g,2,1,26,26
GALASE16ly;S6TASE25ly,2,1,26,26
GALASE16ly;S6TASE26ly,2,1,26,26
GALASE16ly;SIAASE4ly,2,1,26,26
GALASE17ly;GF6PTA,1,0,27,27
GALASE17ly;GLCt1r,1,0,27,27
GALASE17ly;GLYt4,2,0,26,27
GALASE17ly;GPCCPDE,1,0,27,27
GALASE17ly;HMGCOASim,0,1,28,26
GALASE17ly;LPASE,1,0,27,27
GALASE17ly;NDP7er,0,1,28,26
GALASE17ly;PDHa,0,1,28,26
GALASE17ly;PDHbr,0,1,28,26
GALASE17ly;PYRt2m,0,1,28,26
GALASE17ly;R_group_phosphotase_1,1,0,27,27
GALASE17ly;THRALANaEx,1,0,27,27
GALASE17ly;UAG4E,0,1,28,26
GALASE17ly;UMPK5,1,0,27,27
GALASE18ly;GF6PTA,1,0,27,27
GALASE18ly;GLCt1r,1,0,27,27
GALASE18ly;GLYt4,2,0,26,27
GALASE18ly;GPCCPDE,1,0,27,27
GALASE18ly;HMGCOASim,0,1,28,26
GALASE18ly;LPASE,1,0,27,27
GALASE18ly;NDP7er,0,1,28,26
GALASE18ly;PDHa,0,1,28,26
GALASE18ly;PDHbr,0,1,28,26
GALASE18ly;PYRt2m,0,1,28,26
GALASE18ly;R_group_phosphotase_1,1,0,27,27
GALASE18ly;THRALANaEx,1,0,27,27
GALASE18ly;UAG4E,0,1,28,26
GALASE18ly;UMPK5,1,0,27,27
GALASE19ly;ACITLn,0,1,28,26
GALASE19ly;ADPtn,0,1,28,26
GALASE19ly;CITtn,0,1,28,26
GALASE19ly;GF6PTA,1,0,27,27
GALASE19ly;GLCt1r,1,0,27,27
GALASE19ly;GLYt4,2,0,26,27
GALASE19ly;GPCCPDE,1,0,27,27
GALASE19ly;HMGCOASim,0,1,28,26
GALASE19ly;HMGLm,0,1,28,26
GALASE19ly;ICITCITtm,0,1,28,26
GALASE19ly;ICITMALtm,0,1,28,26
GALASE19ly;LPASE,1,0,27,27
GALASE19ly;MDHm,0,1,28,26
GALASE19ly;NADH2_u10m,0,1,28,26
GALASE19ly;NDP7er,0,1,28,26
GALASE19ly;OAAtn,0,1,28,26
GALASE19ly;PDHa,0,1,28,26
GALASE19ly;PDHbr,0,1,28,26
GALASE19ly;PItn,0,1,28,26
GALASE19ly;PYRt2m,0,1,28,26
GALASE19ly;R_group_phosphotase_1,1,0,27,27
GALASE19ly;THRALANaEx,1,0,27,27
GALASE19ly;UAG4E,0,1,28,26
GALASE19ly;UMPK5,1,0,27,27
GALASE20ly;GF6PTA,1,0,27,27
GALASE20ly;GPCCPDE,1,0,27,27
GALASE20ly;HMGCOASim,0,1,28,26
GALASE20ly;KSII_CORE2t,2,1,26,26
GALASE20ly;KSII_CORE2tly,2,1,26,26
GALASE20ly;LPASE,1,0,27,27
GALASE20ly;N3Tg,2,1,26,26
GALASE20ly;NACHEX23ly,2,1,26,26
GALASE20ly;PDHa,0,1,28,26
GALASE20ly;PDHbr,0,1,28,26
GALASE20ly;PYRt2m,0,1,28,26
GALASE20ly;R_group_phosphotase_1,1,0,27,27
GALASE20ly;S23T2g,2,1,26,26
GALASE20ly;S6T1g,2,1,26,26
GALASE20ly;S6T2g,2,1,26,26
GALASE20ly;S6T3g,2,1,26,26
GALASE20ly;S6TASE22ly,2,1,26,26
GALASE20ly;S6TASE23ly,2,1,26,26
GALASE20ly;SIAASE3ly,2,1,26,26
GALASE20ly;THRALANaEx,1,0,27,27
GALASE20ly;UMPK5,1,0,27,27
GALGLUSIDEtg;ACITLn,0,1,28,26
GALGLUSIDEtg;ADPtn,0,1,28,26
GALGLUSIDEtg;CITtn,0,1,28,26
GALGLUSIDEtg;GLCMter,2,0,26,27
GALGLUSIDEtg;GLCNACPT,3,0,25,27
GALGLUSIDEtg;GLCNACT,3,0,25,27
GALGLUSIDEtg;GLCter,1,0,27,27
GALGLUSIDEtg;GLYt4,0,1,28,26
GALGLUSIDEtg;GTPGDPtm,1,0,27,27
GALGLUSIDEtg;HEX16,1,0,27,27
GALGLUSIDEtg;HEX4,2,0,26,27
GALGLUSIDEtg;HMBS,1,0,27,27
GALGLUSIDEtg;HMGCOASim,0,1,28,26
GALGLUSIDEtg;HMGLm,0,1,28,26
GALGLUSIDEtg;HOXG,1,0,27,27
GALGLUSIDEtg;ICITCITtm,0,1,28,26
GALGLUSIDEtg;ICITMALtm,0,1,28,26
GALGLUSIDEtg;KSIt,2,0,26,27
GALGLUSIDEtg;LDH_L,0,1,28,26
GALGLUSIDEtg;M1316M2g,1,0,27,27
GALGLUSIDEtg;M1316Mg,2,0,26,27
GALGLUSIDEtg;M13N2Tg,3,0,25,27
GALGLUSIDEtg;M16N4Tg,1,0,27,27
GALGLUSIDEtg;M16NT1g,1,0,27,27
GALGLUSIDEtg;M16NTg,2,0,26,27
GALGLUSIDEtg;M4MPDOL_ter,3,0,25,27
GALGLUSIDEtg;M8MASNterg,3,0,25,27
GALGLUSIDEtg;MANtg,3,0,25,27
GALGLUSIDEtg;MDHm,0,1,28,26
GALGLUSIDEtg;MG1er,3,0,25,27
GALGLUSIDEtg;MG2er,3,0,25,27
GALGLUSIDEtg;MG3er,3,0,25,27
GALGLUSIDEtg;MM5ag,3,0,25,27
GALGLUSIDEtg;MM6bg,3,0,25,27
GALGLUSIDEtg;MM7Cag,3,0,25,27
GALGLUSIDEtg;MM8Ag,3,0,25,27
GALGLUSIDEtg;NADH2_u10m,0,1,28,26
GALGLUSIDEtg;NDPK1,1,0,27,27
GALGLUSIDEtg;OAAtn,0,1,28,26
GALGLUSIDEtg;PDHa,0,1,28,26
GALGLUSIDEtg;PDHbr,0,1,28,26
GALGLUSIDEtg;PHEMEtm,1,0,27,27
GALGLUSIDEtg;PIMALtm,1,0,27,27
GALGLUSIDEtg;PIt9,1,1,27,26
GALGLUSIDEtg;PItn,0,1,28,26
GALGLUSIDEtg;PPBNGS,1,0,27,27
GALGLUSIDEtg;PPPG9tm,1,0,27,27
GALGLUSIDEtg;PPPGOm,1,0,27,27
GALGLUSIDEtg;PROAKGOX1m,1,0,27,27
GALGLUSIDEtg;PROtm,2,0,26,27
GALGLUSIDEtg;PYRt2m,0,1,28,26
GALGLUSIDEtg;RBFK,0,1,28,26
GALGLUSIDEtg;RDH1a,0,1,28,26
GALGLUSIDEtg;RIBFLVt6,0,1,28,26
GALGLUSIDEtg;S23T3g,2,0,26,27
GALGLUSIDEtg;S6T10g,2,0,26,27
GALGLUSIDEtg;S6T11g,2,0,26,27
GALGLUSIDEtg;S6T12g,2,0,26,27
GALGLUSIDEtg;S6T13g,2,0,26,27
GALGLUSIDEtg;S6T14g,2,0,26,27
GALGLUSIDEtg;S6T15g,2,0,26,27
GALGLUSIDEtg;S6T4g,2,0,26,27
GALGLUSIDEtg;S6T5g,2,0,26,27
GALGLUSIDEtg;S6T6g,2,0,26,27
GALGLUSIDEtg;S6T7g,2,0,26,27
GALGLUSIDEtg;S6T8g,2,0,26,27
GALGLUSIDEtg;S6T9g,2,0,26,27
GALGLUSIDEtg;SO4AKGtm,1,0,27,27
GALGLUSIDEtg;SO4HCOtex,4,0,24,27
GALGLUSIDEtg;SO4MALtm,1,0,27,27
GALGLUSIDEtg;SUCOAS1m,1,0,27,27
GALGLUSIDEtg;UAG4E,3,0,25,27
GALGLUSIDEtg;UDPDOLPT,3,0,25,27
GALGLUSIDEtg;UDPGD,1,1,27,26
GALGLUSIDEtg;UDPGLCAter,1,0,27,27
GALGLUSIDEtg;UGALNACtg,1,0,27,27
GALGLUSIDEtg;UPP3S,1,0,27,27
GALGLUSIDEtg;UPPDC1,1,0,27,27
GALGLUSIDEtr;ACITLn,0,1,28,26
GALGLUSIDEtr;ADPtn,0,1,28,26
GALGLUSIDEtr;CITtn,0,1,28,26
GALGLUSIDEtr;GLCMter,2,0,26,27
GALGLUSIDEtr;GLCNACPT,3,0,25,27
GALGLUSIDEtr;GLCNACT,3,0,25,27
GALGLUSIDEtr;GLCter,1,0,27,27
GALGLUSIDEtr;GLYt4,0,1,28,26
GALGLUSIDEtr;GTPGDPtm,1,0,27,27
GALGLUSIDEtr;HEX16,1,0,27,27
GALGLUSIDEtr;HEX4,2,0,26,27
GALGLUSIDEtr;HMBS,1,0,27,27
GALGLUSIDEtr;HMGCOASim,0,1,28,26
GALGLUSIDEtr;HMGLm,0,1,28,26
GALGLUSIDEtr;HOXG,1,0,27,27
GALGLUSIDEtr;ICITCITtm,0,1,28,26
GALGLUSIDEtr;ICITMALtm,0,1,28,26
GALGLUSIDEtr;KSIt,2,0,26,27
GALGLUSIDEtr;LDH_L,0,1,28,26
GALGLUSIDEtr;M1316M2g,1,0,27,27
GALGLUSIDEtr;M1316Mg,2,0,26,27
GALGLUSIDEtr;M13N2Tg,3,0,25,27
GALGLUSIDEtr;M16N4Tg,1,0,27,27
GALGLUSIDEtr;M16NT1g,1,0,27,27
GALGLUSIDEtr;M16NTg,2,0,26,27
GALGLUSIDEtr;M4MPDOL_ter,3,0,25,27
GALGLUSIDEtr;M8MASNterg,3,0,25,27
GALGLUSIDEtr;MANtg,3,0,25,27
GALGLUSIDEtr;MDHm,0,1,28,26
GALGLUSIDEtr;MG1er,3,0,25,27
GALGLUSIDEtr;MG2er,3,0,25,27
GALGLUSIDEtr;MG3er,3,0,25,27
GALGLUSIDEtr;MM5ag,3,0,25,27
GALGLUSIDEtr;MM6bg,3,0,25,27
GALGLUSIDEtr;MM7Cag,3,0,25,27
GALGLUSIDEtr;MM8Ag,3,0,25,27
GALGLUSIDEtr;NADH2_u10m,0,1,28,26
GALGLUSIDEtr;NDPK1,1,0,27,27
GALGLUSIDEtr;OAAtn,0,1,28,26
GALGLUSIDEtr;PDHa,0,1,28,26
GALGLUSIDEtr;PDHbr,0,1,28,26
GALGLUSIDEtr;PHEMEtm,1,0,27,27
GALGLUSIDEtr;PIMALtm,1,0,27,27
GALGLUSIDEtr;PIt9,1,1,27,26
GALGLUSIDEtr;PItn,0,1,28,26
GALGLUSIDEtr;PPBNGS,1,0,27,27
GALGLUSIDEtr;PPPG9tm,1,0,27,27
GALGLUSIDEtr;PPPGOm,1,0,27,27
GALGLUSIDEtr;PROAKGOX1m,1,0,27,27
GALGLUSIDEtr;PROtm,2,0,26,27
GALGLUSIDEtr;PYRt2m,0,1,28,26
GALGLUSIDEtr;RBFK,0,1,28,26
GALGLUSIDEtr;RDH1a,0,1,28,26
GALGLUSIDEtr;RIBFLVt6,0,1,28,26
GALGLUSIDEtr;S23T3g,2,0,26,27
GALGLUSIDEtr;S6T10g,2,0,26,27
GALGLUSIDEtr;S6T11g,2,0,26,27
GALGLUSIDEtr;S6T12g,2,0,26,27
GALGLUSIDEtr;S6T13g,2,0,26,27
GALGLUSIDEtr;S6T14g,2,0,26,27
GALGLUSIDEtr;S6T15g,2,0,26,27
GALGLUSIDEtr;S6T4g,2,0,26,27
GALGLUSIDEtr;S6T5g,2,0,26,27
GALGLUSIDEtr;S6T6g,2,0,26,27
GALGLUSIDEtr;S6T7g,2,0,26,27
GALGLUSIDEtr;S6T8g,2,0,26,27
GALGLUSIDEtr;S6T9g,2,0,26,27
GALGLUSIDEtr;SO4AKGtm,1,0,27,27
GALGLUSIDEtr;SO4HCOtex,4,0,24,27
GALGLUSIDEtr;SO4MALtm,1,0,27,27
GALGLUSIDEtr;SUCOAS1m,1,0,27,27
GALGLUSIDEtr;UAG4E,3,0,25,27
GALGLUSIDEtr;UDPDOLPT,3,0,25,27
GALGLUSIDEtr;UDPGD,1,1,27,26
GALGLUSIDEtr;UDPGLCAter,1,0,27,27
GALGLUSIDEtr;UPP3S,1,0,27,27
GALGLUSIDEtr;UPPDC1,1,0,27,27
GALM2;GALt1r,1,0,27,27
GALM2;GALt4,0,1,28,26
GALM2;GF6PTA,1,0,27,27
GALM2;GLCt1r,1,0,27,27
GALM2;THRALANaEx,1,0,27,27
GALM2;UMPK5,1,0,27,27
GALNTg;ACITLn,0,1,28,26
GALNTg;ADPtn,0,1,28,26
GALNTg;CITtn,0,1,28,26
GALNTg;GALU,1,0,27,27
GALNTg;GDPFUCtg,2,1,26,26
GALNTg;GDPtg,2,1,26,26
GALNTg;GF6PTA,1,0,27,27
GALNTg;GFUCSx,1,1,27,26
GALNTg;GLCt1r,1,0,27,27
GALNTg;GLYt4,2,0,26,27
GALNTg;GMAND,2,1,26,26
GALNTg;GMPtg,2,1,26,26
GALNTg;GPCCPDE,1,0,27,27
GALNTg;H2Oter,1,0,27,27
GALNTg;HCO3E,1,0,27,27
GALNTg;HMGCOASim,0,1,28,26
GALNTg;HMGLm,0,1,28,26
GALNTg;Htr,1,0,27,27
GALNTg;ICITCITtm,0,1,28,26
GALNTg;ICITMALtm,0,1,28,26
GALNTg;IMAGH,1,0,27,27
GALNTg;LPASE,1,0,27,27
GALNTg;MAN1PT2,3,1,25,26
GALNTg;MAN6PI,3,1,25,26
GALNTg;MDHm,0,1,28,26
GALNTg;NADH2_u10m,0,1,28,26
GALNTg;NDP7er,1,1,27,26
GALNTg;OAAtn,0,1,28,26
GALNTg;PDHa,0,1,28,26
GALNTg;PDHbr,0,1,28,26
GALNTg;PGMT,1,0,27,27
GALNTg;PItn,0,1,28,26
GALNTg;PMANM,3,1,25,26
GALNTg;PYRt2m,0,1,28,26
GALNTg;R_group_phosphotase_1,1,0,27,27
GALNTg;THRALANaEx,1,0,27,27
GALNTg;UAG4E,0,1,28,26
GALNTg;UDPG4E,0,1,28,26
GALNTg;UDPGALtg,0,1,28,26
GALNTg;UGCGc,1,1,27,26
GALNTg;UGLCNACtg,0,1,28,26
GALNTg;UMPK5,1,0,27,27
GALSIDEtg;ACITLn,0,1,28,26
GALSIDEtg;ADPtn,0,1,28,26
GALSIDEtg;CITtn,0,1,28,26
GALSIDEtg;HMGLm,0,1,28,26
GALSIDEtg;ICITCITtm,0,1,28,26
GALSIDEtg;ICITMALtm,0,1,28,26
GALSIDEtg;MDHm,0,1,28,26
GALSIDEtg;NADH2_u10m,0,1,28,26
GALSIDEtg;OAAtn,0,1,28,26
GALSIDEtg;PItn,0,1,28,26
GALSIDEtg;PROSTGE2t,1,0,27,27
GALSIDEtg;PROSTGE2t2,1,0,27,27
GALSIDEtl;ACITLn,0,1,28,26
GALSIDEtl;ADPtn,0,1,28,26
GALSIDEtl;CITtn,0,1,28,26
GALSIDEtl;HMGLm,0,1,28,26
GALSIDEtl;ICITCITtm,0,1,28,26
GALSIDEtl;ICITMALtm,0,1,28,26
GALSIDEtl;MDHm,0,1,28,26
GALSIDEtl;NADH2_u10m,0,1,28,26
GALSIDEtl;OAAtn,0,1,28,26
GALSIDEtl;PItn,0,1,28,26
GALSIDEtl;PROSTGE2t,1,0,27,27
GALSIDEtl;PROSTGE2t2,1,0,27,27
GALU;ACITLn,0,1,28,26
GALU;ADPtn,0,1,28,26
GALU;ARTFR12,0,1,28,26
GALU;ARTFR41,0,1,28,26
GALU;CITtn,0,1,28,26
GALU;GLXtm,0,1,28,26
GALU;GLXtp,0,1,28,26
GALU;GLYBtm,0,1,28,26
GALU;GLYCLTDym,0,1,28,26
GALU;GLYCLTtm,0,1,28,26
GALU;GLYCLTtp,0,1,28,26
GALU;GLYCTO1p,0,1,28,26
GALU;GLYt2r,0,1,28,26
GALU;GLYt4,2,1,26,26
GALU;GLYtp,0,1,28,26
GALU;GTPGDPtm,1,1,27,26
GALU;H2O2tp,0,1,28,26
GALU;H2Ot,0,1,28,26
GALU;H2Oter,2,3,26,24
GALU;H2Otg,1,0,27,27
GALU;H2Otp,0,1,28,26
GALU;H3K9MET_1,0,1,28,26
GALU;H3K9MET_2,0,1,28,26
GALU;H3K9MET_3,0,1,28,26
GALU;H3K9_synthesis,0,1,28,26
GALU;HCO3E,1,0,27,27
GALU;HCO3Ee,1,0,27,27
GALU;HCO3Em,2,2,26,25
GALU;HCO3tm,2,2,26,25
GALU;HMGL,0,1,28,26
GALU;HMGLm,0,1,28,26
GALU;Htg,1,0,27,27
GALU;Htr,6,6,22,21
GALU;ICITCITtm,0,1,28,26
GALU;ICITMALtm,0,1,28,26
GALU;KCCt,0,1,28,26
GALU;KYNAKGAT,0,1,28,26
GALU;KYNATESYN,0,1,28,26
GALU;KYNATEtr,0,1,28,26
GALU;LDH_L,0,2,28,25
GALU;LYStn,0,1,28,26
GALU;MAL_Lte,0,1,28,26
GALU;MDHm,0,1,28,26
GALU;ME1m,0,1,28,26
GALU;MEOHt2,0,1,28,26
GALU;METAT,0,1,28,26
GALU;METDECARc,0,1,28,26
GALU;METTRANSc,0,1,28,26
GALU;NADH2_u10m,1,2,27,25
GALU;NDP7g,1,0,27,27
GALU;NH4tr,2,0,26,27
GALU;NTD7e,0,1,28,26
GALU;O2tp,0,1,28,26
GALU;OAAtn,0,1,28,26
GALU;OCOAT1m,0,1,28,26
GALU;OROTGLUt,0,1,28,26
GALU;OROTte,0,1,28,26
GALU;P5CRxm,0,1,28,26
GALU;PE_HStm,0,1,28,26
GALU;PFK_3,1,0,27,27
GALU;PIt2m_2,0,2,28,25
GALU;PIt7,1,0,27,27
GALU;PIt9,1,2,27,25
GALU;PItg,1,0,27,27
GALU;PItn,0,1,28,26
GALU;PLMCOAPTr,0,2,28,25
GALU;PMTCOAFABP1tc,0,1,28,26
GALU;PPA,0,1,28,26
GALU;PPAer,1,0,27,27
GALU;PPIPItr,1,0,27,27
GALU;PPItm,0,1,28,26
GALU;PROD2m,0,1,28,26
GALU;PROtm,0,1,28,26
GALU;PSDm_hs,0,1,28,26
GALU;PSFLIPm,0,1,28,26
GALU;PUNP1,0,1,28,26
GALU;PYK,0,1,28,26
GALU;PYRAKGte,0,1,28,26
GALU;PYRt4_2,0,1,28,26
GALU;R5Ptr,3,4,25,23
GALU;RBFK,2,4,26,23
GALU;RDH1,0,1,28,26
GALU;RDH1a,0,1,28,26
GALU;RIBFLVt6,2,4,26,23
GALU;RPE,1,0,27,27
GALU;RPIr,3,4,25,23
GALU;RTOT4,0,1,28,26
GALU;RU5Ptr,3,4,25,23
GALU;SARCOXp,0,1,28,26
GALU;SARCStm,0,1,28,26
GALU;SARCStp,0,1,28,26
GALU;SUCOAS1m,0,1,28,26
GALU;THRA,1,1,27,26
GALU;TKT1,1,0,27,27
GALU;TKT2,1,0,27,27
GALU;TPI,0,1,28,26
GALU;TRPO2,0,1,28,26
GALU;TXA2tr,1,3,27,24
GALU;TXB2c,1,3,27,24
GALU;TXB2r,1,3,27,24
GALU;TXB2tr,1,3,27,24
GALU;UAG4E,1,0,27,27
GALU;UGALNACtg,1,0,27,27
GALU;peplys_synthesis,0,1,28,26
GALt4_2;HMGCOASim,0,1,28,26
GALt4_2;PDHa,0,1,28,26
GALt4_2;PDHbr,0,1,28,26
GALt4_2;PYRt2m,0,1,28,26
GALtly;ACITLn,0,1,28,26
GALtly;ADPtn,0,1,28,26
GALtly;CITtn,0,1,28,26
GALtly;GF6PTA,1,0,27,27
GALtly;GLCt1r,1,0,27,27
GALtly;GLYt4,2,0,26,27
GALtly;GPCCPDE,1,0,27,27
GALtly;HMGCOASim,0,1,28,26
GALtly;HMGLm,0,1,28,26
GALtly;ICITCITtm,0,1,28,26
GALtly;ICITMALtm,0,1,28,26
GALtly;LPASE,1,0,27,27
GALtly;MDHm,0,1,28,26
GALtly;NADH2_u10m,0,1,28,26
GALtly;NDP7er,0,1,28,26
GALtly;OAAtn,0,1,28,26
GALtly;PDHa,0,1,28,26
GALtly;PDHbr,0,1,28,26
GALtly;PItn,0,1,28,26
GALtly;PYRt2m,0,1,28,26
GALtly;R_group_phosphotase_1,1,0,27,27
GALtly;THRALANaEx,1,0,27,27
GALtly;UAG4E,0,1,28,26
GALtly;UMPK5,1,0,27,27
GAPD;GLCt1r,2,1,26,26
GAPD;GLU5SAtmc,1,0,27,27
GAPD;GLUt2m,1,0,27,27
GAPD;GLYALDORy,2,0,26,27
GAPD;GLYCK,1,0,27,27
GAPD;GLYCK2,1,0,27,27
GAPD;GPCCPDE,2,0,26,27
GAPD;HCO3tm,1,0,27,27
GAPD;LPASE,2,0,26,27
GAPD;LRAT,1,0,27,27
GAPD;MAL_Lte,1,0,27,27
GAPD;NDPK8,1,1,27,26
GAPD;NH4tm,1,0,27,27
GAPD;NQO2,1,0,27,27
GAPD;OCBTm,1,0,27,27
GAPD;ORNTArm,1,0,27,27
GAPD;PEPCK,1,1,27,26
GAPD;PFK,0,1,28,26
GAPD;PFK_3,1,0,27,27
GAPD;PGI,2,1,26,26
GAPD;PIMALtm,1,0,27,27
GAPD;PIt7,1,0,27,27
GAPD;PRO1x,1,0,27,27
GAPD;RETHc,1,0,27,27
GAPD;RPE,2,0,26,27
GAPD;R_group_phosphotase_1,2,0,26,27
GAPD;SERt4,0,1,28,26
GAPD;SO3AKGtm,1,0,27,27
GAPD;SO3MALtm,1,0,27,27
GAPD;TALA,1,0,27,27
GAPD;TKT1,2,0,26,27
GAPD;TKT2,2,0,26,27
GAPD;TPI,2,0,26,27
GAPD;q10h2tc,1,0,27,27
GAPD;q10tm,1,0,27,27
GCALDD;GLYt4,2,0,26,27
GCHOLAt2e;PROt4,0,1,28,26
GCHOLAt2e;PROt4_2_r,0,1,28,26
GCHOLAt;PROt4,0,1,28,26
GCHOLAt;PROt4_2_r,0,1,28,26
GDPFUCtg;ACITLn,0,1,28,26
GDPFUCtg;ADPtn,0,1,28,26
GDPFUCtg;CITtn,0,1,28,26
GDPFUCtg;GLCNACPT,1,0,27,27
GDPFUCtg;GLCNACT,1,0,27,27
GDPFUCtg;GLCter,1,0,27,27
GDPFUCtg;GLXtm,0,1,28,26
GDPFUCtg;GLXtp,0,1,28,26
GDPFUCtg;GLYCLTDym,0,1,28,26
GDPFUCtg;GLYCLTtm,0,1,28,26
GDPFUCtg;GLYCLTtp,0,1,28,26
GDPFUCtg;GLYCTO1p,0,1,28,26
GDPFUCtg;GLYt4,0,1,28,26
GDPFUCtg;GTPGDPtm,1,0,27,27
GDPFUCtg;HEX16,1,0,27,27
GDPFUCtg;HMBS,1,0,27,27
GDPFUCtg;HMGCOASim,0,1,28,26
GDPFUCtg;HMGLm,0,1,28,26
GDPFUCtg;HOXG,1,0,27,27
GDPFUCtg;ICITCITtm,0,1,28,26
GDPFUCtg;ICITMALtm,0,1,28,26
GDPFUCtg;LARGEg,0,1,28,26
GDPFUCtg;LDH_L,0,1,28,26
GDPFUCtg;M1316Mg,1,0,27,27
GDPFUCtg;M13N2Tg,1,0,27,27
GDPFUCtg;M16N4Tg,1,0,27,27
GDPFUCtg;M16NTg,1,0,27,27
GDPFUCtg;M4MPDOL_ter,1,0,27,27
GDPFUCtg;M8MASNterg,1,0,27,27
GDPFUCtg;MANtg,1,0,27,27
GDPFUCtg;MDHm,0,1,28,26
GDPFUCtg;MG1er,1,0,27,27
GDPFUCtg;MG2er,1,0,27,27
GDPFUCtg;MG3er,1,0,27,27
GDPFUCtg;MM5ag,1,0,27,27
GDPFUCtg;MM6bg,1,0,27,27
GDPFUCtg;MM7Cag,1,0,27,27
GDPFUCtg;MM8Ag,1,0,27,27
GDPFUCtg;N3Tg,1,0,27,27
GDPFUCtg;NADH2_u10m,0,1,28,26
GDPFUCtg;NDP7er,0,1,28,26
GDPFUCtg;NDPK1,1,0,27,27
GDPFUCtg;OAAtn,0,1,28,26
GDPFUCtg;PCOREM3terg,0,1,28,26
GDPFUCtg;PDHa,0,1,28,26
GDPFUCtg;PDHbr,0,1,28,26
GDPFUCtg;PHEMEtm,1,0,27,27
GDPFUCtg;PIMALtm,1,0,27,27
GDPFUCtg;PIt2m_2,0,1,28,26
GDPFUCtg;PIt9,1,1,27,26
GDPFUCtg;PItn,0,1,28,26
GDPFUCtg;POCDPRBTLT2g,0,1,28,26
GDPFUCtg;POCDPRBTLTg,0,1,28,26
GDPFUCtg;POGLCNACTg,0,1,28,26
GDPFUCtg;POMGNGALNTr,0,1,28,26
GDPFUCtg;POMGNTr,0,1,28,26
GDPFUCtg;POMKr,0,1,28,26
GDPFUCtg;POXYLTg,0,1,28,26
GDPFUCtg;PPBNGS,1,0,27,27
GDPFUCtg;PPPG9tm,1,0,27,27
GDPFUCtg;PPPGOm,1,0,27,27
GDPFUCtg;PROAKGOX1m,1,0,27,27
GDPFUCtg;PROtm,2,0,26,27
GDPFUCtg;PYRt2m,0,1,28,26
GDPFUCtg;RBFK,0,1,28,26
GDPFUCtg;RBT5PCYTr,0,1,28,26
GDPFUCtg;RBT5PDH,0,1,28,26
GDPFUCtg;RDH1,0,1,28,26
GDPFUCtg;RDH1a,0,2,28,25
GDPFUCtg;RIBFLVt6,0,1,28,26
GDPFUCtg;SO4AKGtm,1,0,27,27
GDPFUCtg;SO4HCOtex,2,0,26,27
GDPFUCtg;SO4MALtm,1,0,27,27
GDPFUCtg;SUCOAS1m,1,0,27,27
GDPFUCtg;THFtm,0,1,28,26
GDPFUCtg;THRALANaEx,1,0,27,27
GDPFUCtg;UACGAMUMPtr,0,1,28,26
GDPFUCtg;UAG4E,4,2,24,25
GDPFUCtg;UDPDOLPT,1,0,27,27
GDPFUCtg;UDPGD,1,1,27,26
GDPFUCtg;UDPGLCAter,1,0,27,27
GDPFUCtg;UDPGLCAtg,0,1,28,26
GDPFUCtg;UDPGLDCg,0,1,28,26
GDPFUCtg;UGALNACter,0,1,28,26
GDPFUCtg;UGALNACtg,2,1,26,26
GDPFUCtg;UMPK5,1,0,27,27
GDPFUCtg;UPP3S,1,0,27,27
GDPFUCtg;UPPDC1,1,0,27,27
GDPtg;ACITLn,0,1,28,26
GDPtg;ADPtn,0,1,28,26
GDPtg;CITtn,0,1,28,26
GDPtg;GLCNACPT,1,0,27,27
GDPtg;GLCNACT,1,0,27,27
GDPtg;GLCter,1,0,27,27
GDPtg;GLXtm,0,1,28,26
GDPtg;GLXtp,0,1,28,26
GDPtg;GLYCLTDym,0,1,28,26
GDPtg;GLYCLTtm,0,1,28,26
GDPtg;GLYCLTtp,0,1,28,26
GDPtg;GLYCTO1p,0,1,28,26
GDPtg;GLYt4,0,1,28,26
GDPtg;GTPGDPtm,1,0,27,27
GDPtg;HEX16,1,0,27,27
GDPtg;HMBS,1,0,27,27
GDPtg;HMGCOASim,0,1,28,26
GDPtg;HMGLm,0,1,28,26
GDPtg;HOXG,1,0,27,27
GDPtg;ICITCITtm,0,1,28,26
GDPtg;ICITMALtm,0,1,28,26
GDPtg;LARGEg,0,1,28,26
GDPtg;LDH_L,0,1,28,26
GDPtg;M1316Mg,1,0,27,27
GDPtg;M13N2Tg,1,0,27,27
GDPtg;M16N4Tg,1,0,27,27
GDPtg;M16NTg,1,0,27,27
GDPtg;M4MPDOL_ter,1,0,27,27
GDPtg;M8MASNterg,1,0,27,27
GDPtg;MANtg,1,0,27,27
GDPtg;MDHm,0,1,28,26
GDPtg;MG1er,1,0,27,27
GDPtg;MG2er,1,0,27,27
GDPtg;MG3er,1,0,27,27
GDPtg;MM5ag,1,0,27,27
GDPtg;MM6bg,1,0,27,27
GDPtg;MM7Cag,1,0,27,27
GDPtg;MM8Ag,1,0,27,27
GDPtg;N3Tg,1,0,27,27
GDPtg;NADH2_u10m,0,1,28,26
GDPtg;NDP7er,0,1,28,26
GDPtg;NDPK1,1,0,27,27
GDPtg;OAAtn,0,1,28,26
GDPtg;PCOREM3terg,0,1,28,26
GDPtg;PDHa,0,1,28,26
GDPtg;PDHbr,0,1,28,26
GDPtg;PHEMEtm,1,0,27,27
GDPtg;PIMALtm,1,0,27,27
GDPtg;PIt2m_2,0,1,28,26
GDPtg;PIt9,1,1,27,26
GDPtg;PItn,0,1,28,26
GDPtg;POCDPRBTLT2g,0,1,28,26
GDPtg;POCDPRBTLTg,0,1,28,26
GDPtg;POGLCNACTg,0,1,28,26
GDPtg;POMGNGALNTr,0,1,28,26
GDPtg;POMGNTr,0,1,28,26
GDPtg;POMKr,0,1,28,26
GDPtg;POXYLTg,0,1,28,26
GDPtg;PPBNGS,1,0,27,27
GDPtg;PPPG9tm,1,0,27,27
GDPtg;PPPGOm,1,0,27,27
GDPtg;PROAKGOX1m,1,0,27,27
GDPtg;PROtm,2,0,26,27
GDPtg;PYRt2m,0,1,28,26
GDPtg;RBFK,0,1,28,26
GDPtg;RBT5PCYTr,0,1,28,26
GDPtg;RBT5PDH,0,1,28,26
GDPtg;RDH1,0,1,28,26
GDPtg;RDH1a,0,2,28,25
GDPtg;RIBFLVt6,0,1,28,26
GDPtg;SO4AKGtm,1,0,27,27
GDPtg;SO4HCOtex,2,0,26,27
GDPtg;SO4MALtm,1,0,27,27
GDPtg;SUCOAS1m,1,0,27,27
GDPtg;THFtm,0,1,28,26
GDPtg;THRALANaEx,1,0,27,27
GDPtg;UACGAMUMPtr,0,1,28,26
GDPtg;UAG4E,4,2,24,25
GDPtg;UDPDOLPT,1,0,27,27
GDPtg;UDPGD,1,1,27,26
GDPtg;UDPGLCAter,1,0,27,27
GDPtg;UDPGLCAtg,0,1,28,26
GDPtg;UDPGLDCg,0,1,28,26
GDPtg;UGALNACter,0,1,28,26
GDPtg;UGALNACtg,2,1,26,26
GDPtg;UMPK5,1,0,27,27
GDPtg;UPP3S,1,0,27,27
GDPtg;UPPDC1,1,0,27,27
GF6PTA;ACITLn,0,1,28,26
GF6PTA;ADPtn,0,1,28,26
GF6PTA;CITtn,0,1,28,26
GF6PTA;GLACter,1,0,27,27
GF6PTA;GLCURter,1,0,27,27
GF6PTA;GLCURtly,1,0,27,27
GF6PTA;GLRASE,1,0,27,27
GF6PTA;GLUt6,0,1,28,26
GF6PTA;GLXtm,0,1,28,26
GF6PTA;GLXtp,0,1,28,26
GF6PTA;GLYCLTDym,0,1,28,26
GF6PTA;GLYCLTtm,0,1,28,26
GF6PTA;GLYCLTtp,0,1,28,26
GF6PTA;GLYCTO1p,0,1,28,26
GF6PTA;GLYt4,0,1,28,26
GF6PTA;GPCCPDE,1,0,27,27
GF6PTA;GTPGDPtm,2,1,26,26
GF6PTA;GULLACter,1,0,27,27
GF6PTA;GULOer,1,0,27,27
GF6PTA;H2O2t,1,0,27,27
GF6PTA;H2O2ter,1,0,27,27
GF6PTA;H2Otly,1,0,27,27
GF6PTA;HAS1,1,0,27,27
GF6PTA;HAS2,1,0,27,27
GF6PTA;HAtly,1,0,27,27
GF6PTA;HCO3E,1,0,27,27
GF6PTA;HCO3Ee,2,0,26,27
GF6PTA;HCO3Em,1,0,27,27
GF6PTA;HCO3_CLt,1,0,27,27
GF6PTA;HCO3tm,1,0,27,27
GF6PTA;HMBS,1,0,27,27
GF6PTA;HMGL,0,1,28,26
GF6PTA;HMGLm,0,1,28,26
GF6PTA;HOXG,1,0,27,27
GF6PTA;HYAL,1,0,27,27
GF6PTA;Htr,0,2,28,25
GF6PTA;ICITCITtm,0,1,28,26
GF6PTA;ICITMALtm,0,1,28,26
GF6PTA;KCCt,0,1,28,26
GF6PTA;KSII_CORE4t,1,0,27,27
GF6PTA;KSII_CORE4tly,1,0,27,27
GF6PTA;LDH_L,0,1,28,26
GF6PTA;LPASE,1,0,27,27
GF6PTA;MAL_Lte,1,2,27,25
GF6PTA;MDHm,0,1,28,26
GF6PTA;METDECARc,0,1,28,26
GF6PTA;METTRANSc,0,1,28,26
GF6PTA;NACHEX24ly,1,0,27,27
GF6PTA;NACHEX25ly,1,0,27,27
GF6PTA;NACHEX26ly,1,0,27,27
GF6PTA;NADH2_u10m,1,1,27,26
GF6PTA;NAGA2ly,1,0,27,27
GF6PTA;NAGLCAly,1,0,27,27
GF6PTA;NDPK1,1,0,27,27
GF6PTA;NH4tr,2,0,26,27
GF6PTA;NTD7e,0,1,28,26
GF6PTA;OAAtn,0,1,28,26
GF6PTA;OCOAT1m,0,1,28,26
GF6PTA;OROTGLUt,0,1,28,26
GF6PTA;OROTte,0,1,28,26
GF6PTA;PAPStg,1,0,27,27
GF6PTA;PAPtg,1,0,27,27
GF6PTA;PE_HStm,0,1,28,26
GF6PTA;PFK_3,1,0,27,27
GF6PTA;PGI,0,1,28,26
GF6PTA;PHEMEtm,1,0,27,27
GF6PTA;PIMALtm,1,0,27,27
GF6PTA;PIt2e,0,1,28,26
GF6PTA;PIt2m_2,0,2,28,25
GF6PTA;PIt7,2,0,26,27
GF6PTA;PIt9,1,2,27,25
GF6PTA;PItn,0,1,28,26
GF6PTA;PNTK,1,0,27,27
GF6PTA;PNTOte,1,0,27,27
GF6PTA;PPAer,1,0,27,27
GF6PTA;PPBNGS,1,0,27,27
GF6PTA;PPCDC,1,0,27,27
GF6PTA;PPIPItr,1,0,27,27
GF6PTA;PPNCL2,1,0,27,27
GF6PTA;PPPG9tm,1,0,27,27
GF6PTA;PPPGOm,1,0,27,27
GF6PTA;PROAKGOX1m,1,0,27,27
GF6PTA;PROtm,2,0,26,27
GF6PTA;PSDm_hs,0,1,28,26
GF6PTA;PSFLIPm,0,1,28,26
GF6PTA;PTPAT,1,0,27,27
GF6PTA;PUNP1,0,1,28,26
GF6PTA;PYK,0,2,28,25
GF6PTA;R5Ptr,4,5,24,22
GF6PTA;RBFK,4,4,24,23
GF6PTA;RDH1a,0,1,28,26
GF6PTA;RIBFLVt6,4,4,24,23
GF6PTA;RPE,1,0,27,27
GF6PTA;RPIr,4,5,24,22
GF6PTA;RU5Ptr,4,5,24,22
GF6PTA;R_group_phosphotase_1,1,0,27,27
GF6PTA;S23T4g,1,0,27,27
GF6PTA;S6T16g,1,0,27,27
GF6PTA;S6T17g,1,0,27,27
GF6PTA;S6T18g,1,0,27,27
GF6PTA;S6TASE24ly,1,0,27,27
GF6PTA;S6TASE25ly,1,0,27,27
GF6PTA;S6TASE26ly,1,0,27,27
GF6PTA;SADT,1,0,27,27
GF6PTA;SIAASE4ly,1,0,27,27
GF6PTA;SO4AKGtm,1,0,27,27
GF6PTA;SO4MALtm,1,0,27,27
GF6PTA;SO4tl,1,0,27,27
GF6PTA;SUCOAS1m,1,1,27,26
GF6PTA;Ser/Thrtg,1,0,27,27
GF6PTA;THFtm,0,1,28,26
GF6PTA;THRALANaEx,1,0,27,27
GF6PTA;TKT1,1,0,27,27
GF6PTA;TKT2,1,0,27,27
GF6PTA;TPI,0,2,28,25
GF6PTA;TXA2tr,0,2,28,25
GF6PTA;TXB2c,0,2,28,25
GF6PTA;TXB2r,0,2,28,25
GF6PTA;TXB2tr,0,2,28,25
GF6PTA;UDPACGALtl,1,0,27,27
GF6PTA;UDPGD,2,0,26,27
GF6PTA;UDPGLCAter,1,0,27,27
GF6PTA;UDPtl,1,0,27,27
GF6PTA;UGALNACtg,1,0,27,27
GF6PTA;UMPK5,1,0,27,27
GF6PTA;UPP3S,1,0,27,27
GF6PTA;UPPDC1,1,0,27,27
GF6PTA;UROLACer,1,0,27,27
GFUCS;ACITLn,0,1,28,26
GFUCS;ADPtn,0,1,28,26
GFUCS;CITtn,0,1,28,26
GFUCS;GFUCSx,1,0,27,27
GFUCS;HMGCOASim,0,1,28,26
GFUCS;HMGLm,0,1,28,26
GFUCS;ICITCITtm,0,1,28,26
GFUCS;ICITMALtm,0,1,28,26
GFUCS;MDHm,0,1,28,26
GFUCS;NADH2_u10m,0,1,28,26
GFUCS;OAAtn,0,1,28,26
GFUCS;PDHa,0,1,28,26
GFUCS;PDHbr,0,1,28,26
GFUCS;PItn,0,1,28,26
GFUCS;PYRt2m,0,1,28,26
GFUCSx;GLCNACPT,1,0,27,27
GFUCSx;GLCNACT,1,0,27,27
GFUCSx;GLCter,1,0,27,27
GFUCSx;GLXtm,0,1,28,26
GFUCSx;GLXtp,0,1,28,26
GFUCSx;GLYCLTDym,0,1,28,26
GFUCSx;GLYCLTtm,0,1,28,26
GFUCSx;GLYCLTtp,0,1,28,26
GFUCSx;GLYCTO1p,0,1,28,26
GFUCSx;GLYt4,0,1,28,26
GFUCSx;GTPGDPtm,1,0,27,27
GFUCSx;HEX16,1,0,27,27
GFUCSx;HMBS,1,0,27,27
GFUCSx;HOXG,1,0,27,27
GFUCSx;LARGEg,0,1,28,26
GFUCSx;LDH_L,0,1,28,26
GFUCSx;M1316Mg,1,0,27,27
GFUCSx;M13N2Tg,1,0,27,27
GFUCSx;M16N4Tg,1,0,27,27
GFUCSx;M16NTg,1,0,27,27
GFUCSx;M4MPDOL_ter,1,0,27,27
GFUCSx;M8MASNterg,1,0,27,27
GFUCSx;MANtg,1,0,27,27
GFUCSx;MG1er,1,0,27,27
GFUCSx;MG2er,1,0,27,27
GFUCSx;MG3er,1,0,27,27
GFUCSx;MM5ag,1,0,27,27
GFUCSx;MM6bg,1,0,27,27
GFUCSx;MM7Cag,1,0,27,27
GFUCSx;MM8Ag,1,0,27,27
GFUCSx;N3Tg,1,0,27,27
GFUCSx;NDP7er,0,1,28,26
GFUCSx;NDPK1,1,0,27,27
GFUCSx;PCOREM3terg,0,1,28,26
GFUCSx;PHEMEtm,1,0,27,27
GFUCSx;PIMALtm,1,0,27,27
GFUCSx;PIt2m_2,0,1,28,26
GFUCSx;PIt9,1,1,27,26
GFUCSx;POCDPRBTLT2g,0,1,28,26
GFUCSx;POCDPRBTLTg,0,1,28,26
GFUCSx;POGLCNACTg,0,1,28,26
GFUCSx;POMGNGALNTr,0,1,28,26
GFUCSx;POMGNTr,0,1,28,26
GFUCSx;POMKr,0,1,28,26
GFUCSx;POXYLTg,0,1,28,26
GFUCSx;PPBNGS,1,0,27,27
GFUCSx;PPPG9tm,1,0,27,27
GFUCSx;PPPGOm,1,0,27,27
GFUCSx;PROAKGOX1m,1,0,27,27
GFUCSx;PROtm,1,0,27,27
GFUCSx;RBT5PCYTr,0,1,28,26
GFUCSx;RBT5PDH,0,1,28,26
GFUCSx;RDH1,0,1,28,26
GFUCSx;RDH1a,0,2,28,25
GFUCSx;SO4AKGtm,1,0,27,27
GFUCSx;SO4MALtm,1,0,27,27
GFUCSx;SUCOAS1m,1,0,27,27
GFUCSx;THFtm,0,1,28,26
GFUCSx;UACGAMUMPtr,0,1,28,26
GFUCSx;UAG4E,2,2,26,25
GFUCSx;UDPDOLPT,1,0,27,27
GFUCSx;UDPGD,1,1,27,26
GFUCSx;UDPGLCAter,1,0,27,27
GFUCSx;UDPGLCAtg,0,1,28,26
GFUCSx;UDPGLDCg,0,1,28,26
GFUCSx;UGALNACter,0,1,28,26
GFUCSx;UGALNACtg,1,1,27,26
GFUCSx;UPP3S,1,0,27,27
GFUCSx;UPPDC1,1,0,27,27
GGTA1g;GLXtm,0,1,28,26
GGTA1g;GLXtp,0,1,28,26
GGTA1g;GLYCLTDym,0,1,28,26
GGTA1g;GLYCLTtm,0,1,28,26
GGTA1g;GLYCLTtp,0,1,28,26
GGTA1g;GLYCTO1p,0,1,28,26
GGTA1g;PIt9,1,0,27,27
GGTA1g;RDH1a,0,1,28,26
GGTA1g;UDPGD,0,1,28,26
GGTAe2;GLYt7_311_r,1,0,27,27
GGTAe2;HCO3E,0,1,28,26
GGTAe2;HCO3Ee,0,2,28,25
GGTAe2;ICDHyrm,0,1,28,26
GGTAe2;LDH_L,0,1,28,26
GGTAe2;PFK2,0,1,28,26
GGTAe2;PIt9,0,1,28,26
GGTAe2;PPA,0,1,28,26
GGTAe2;RADH3,0,1,28,26
GGTAe2;RADH4,0,1,28,26
GHMT2rm;ACITLn,0,1,28,26
GHMT2rm;ADPtn,0,1,28,26
GHMT2rm;CITtn,0,1,28,26
GHMT2rm;HCO3Ee,0,1,28,26
GHMT2rm;HMGCOAtm,0,1,28,26
GHMT2rm;HMGLm,0,1,28,26
GHMT2rm;ICITCITtm,0,1,28,26
GHMT2rm;ICITMALtm,0,1,28,26
GHMT2rm;MDHm,0,1,28,26
GHMT2rm;MTHFC,0,1,28,26
GHMT2rm;MTHFD2,0,1,28,26
GHMT2rm;OAAtn,0,1,28,26
GHMT2rm;PItn,0,1,28,26
GHMT2rm;SERALANaEx,0,1,28,26
GHMT2rm;THFtm,0,1,28,26
GLACter;GPCCPDE,1,0,27,27
GLACter;H2O2t,1,0,27,27
GLACter;HMGCOASim,0,1,28,26
GLACter;LPASE,1,0,27,27
GLACter;NDP7er,0,1,28,26
GLACter;PDHa,0,1,28,26
GLACter;PDHbr,0,1,28,26
GLACter;PIt9,1,0,27,27
GLACter;PNTK,2,0,26,27
GLACter;PNTOte,2,0,26,27
GLACter;PPCDC,2,0,26,27
GLACter;PPNCL2,2,0,26,27
GLACter;PROSTGE2t,1,0,27,27
GLACter;PROSTGE2t2,1,0,27,27
GLACter;PTPAT,2,0,26,27
GLACter;PYRt2m,0,1,28,26
GLACter;R_group_phosphotase_1,1,0,27,27
GLACter;THRALANaEx,1,0,27,27
GLACter;UAG4E,0,1,28,26
GLACter;UMPK5,1,0,27,27
GLCMter;NDP7er,2,0,26,27
GLCMter;ST3GAL31g,1,0,27,27
GLCMter;ST3GAL61g,1,0,27,27
GLCMter;UDPGALt2r,2,0,26,27
GLCMter;UDPGGPGTr,2,0,26,27
GLCMter;UGCGc,2,0,26,27
GLCMter;UMPtr,2,0,26,27
GLCNACPT;GMAND,1,0,27,27
GLCNACPT;GMPtg,1,0,27,27
GLCNACPT;GTPGDPtm,0,1,28,26
GLCNACPT;HMGL,0,1,28,26
GLCNACPT;NDP7er,3,2,25,25
GLCNACPT;OCOAT1m,0,1,28,26
GLCNACPT;OROTGLUt,0,2,28,25
GLCNACPT;OROTte,0,2,28,25
GLCNACPT;PPAer,1,0,27,27
GLCNACPT;PPIPItr,1,0,27,27
GLCNACPT;PROSTGE2t,1,0,27,27
GLCNACPT;PROSTGE2t2,1,0,27,27
GLCNACPT;PYK,0,1,28,26
GLCNACPT;ST3GAL31g,1,0,27,27
GLCNACPT;ST3GAL61g,1,0,27,27
GLCNACPT;SUCOAS1m,0,1,28,26
GLCNACPT;UAG4E,0,2,28,25
GLCNACPT;UDPG4E,1,0,27,27
GLCNACPT;UDPGALt2r,3,0,25,27
GLCNACPT;UDPGALtg,1,0,27,27
GLCNACPT;UDPGGPGTr,3,0,25,27
GLCNACPT;UGCGc,3,0,25,27
GLCNACPT;UMPK,0,1,28,26
GLCNACPT;UMPtr,3,0,25,27
GLCNACT;GMAND,1,0,27,27
GLCNACT;GMPtg,1,0,27,27
GLCNACT;GTPGDPtm,0,1,28,26
GLCNACT;HMGL,0,1,28,26
GLCNACT;NDP7er,3,2,25,25
GLCNACT;OCOAT1m,0,1,28,26
GLCNACT;OROTGLUt,0,2,28,25
GLCNACT;OROTte,0,2,28,25
GLCNACT;PPAer,1,0,27,27
GLCNACT;PPIPItr,1,0,27,27
GLCNACT;PROSTGE2t,1,0,27,27
GLCNACT;PROSTGE2t2,1,0,27,27
GLCNACT;PYK,0,1,28,26
GLCNACT;ST3GAL31g,1,0,27,27
GLCNACT;ST3GAL61g,1,0,27,27
GLCNACT;SUCOAS1m,0,1,28,26
GLCNACT;UAG4E,0,2,28,25
GLCNACT;UDPG4E,1,0,27,27
GLCNACT;UDPGALt2r,3,0,25,27
GLCNACT;UDPGALtg,1,0,27,27
GLCNACT;UDPGGPGTr,3,0,25,27
GLCNACT;UGCGc,3,0,25,27
GLCNACT;UMPK,0,1,28,26
GLCNACT;UMPtr,3,0,25,27
GLCOASYNT;HCO3Em,1,0,27,27
GLCOASYNT;HCO3tm,1,0,27,27
GLCURter;GLYt4,2,0,26,27
GLCURter;GPCCPDE,1,0,27,27
GLCURter;H2O2t,1,0,27,27
GLCURter;HMGCOASim,0,1,28,26
GLCURter;LPASE,1,0,27,27
GLCURter;NDP7er,0,1,28,26
GLCURter;PDHa,0,1,28,26
GLCURter;PDHbr,0,1,28,26
GLCURter;PIt9,1,0,27,27
GLCURter;PNTK,2,0,26,27
GLCURter;PNTOte,2,0,26,27
GLCURter;PPCDC,2,0,26,27
GLCURter;PPNCL2,2,0,26,27
GLCURter;PROSTGE2t,1,0,27,27
GLCURter;PROSTGE2t2,1,0,27,27
GLCURter;PTPAT,2,0,26,27
GLCURter;PYRt2m,0,1,28,26
GLCURter;R_group_phosphotase_1,1,0,27,27
GLCURter;THRALANaEx,1,0,27,27
GLCURter;UAG4E,0,1,28,26
GLCURter;UMPK5,1,0,27,27
GLCURtly;GLYt4,2,0,26,27
GLCURtly;GPCCPDE,1,0,27,27
GLCURtly;H2O2t,1,0,27,27
GLCURtly;HMGCOASim,0,1,28,26
GLCURtly;LPASE,1,0,27,27
GLCURtly;NDP7er,0,1,28,26
GLCURtly;PDHa,0,1,28,26
GLCURtly;PDHbr,0,1,28,26
GLCURtly;PIt9,1,0,27,27
GLCURtly;PNTK,2,0,26,27
GLCURtly;PNTOte,2,0,26,27
GLCURtly;PPCDC,2,0,26,27
GLCURtly;PPNCL2,2,0,26,27
GLCURtly;PROSTGE2t,1,0,27,27
GLCURtly;PROSTGE2t2,1,0,27,27
GLCURtly;PTPAT,2,0,26,27
GLCURtly;PYRt2m,0,1,28,26
GLCURtly;R_group_phosphotase_1,1,0,27,27
GLCURtly;THRALANaEx,1,0,27,27
GLCURtly;UAG4E,0,1,28,26
GLCURtly;UMPK5,1,0,27,27
GLCt1r;GLCURter,1,0,27,27
GLCt1r;GLCURtly,1,0,27,27
GLCt1r;GLCt2_2,2,0,26,27
GLCt1r;GLCt4,0,1,28,26
GLCt1r;GLCt4_2,0,4,28,23
GLCt1r;GLU5SAtmc,1,0,27,27
GLCt1r;GLUt2m,1,0,27,27
GLCt1r;GLYALDORy,1,0,27,27
GLCt1r;GLYC3Ptmc,1,0,27,27
GLCt1r;GLYCtm,1,0,27,27
GLCt1r;GLYKm,1,0,27,27
GLCt1r;H2Otly,1,0,27,27
GLCt1r;HAS1,1,0,27,27
GLCt1r;HAS2,1,0,27,27
GLCt1r;HAtly,1,0,27,27
GLCt1r;HCO3Em,1,0,27,27
GLCt1r;HCO3tm,2,0,26,27
GLCt1r;HYAL,1,0,27,27
GLCt1r;KHK,1,0,27,27
GLCt1r;NACHEX24ly,1,0,27,27
GLCt1r;NACHEX25ly,1,0,27,27
GLCt1r;NAGA2ly,1,0,27,27
GLCt1r;NAGLCAly,1,0,27,27
GLCt1r;NH4tm,1,0,27,27
GLCt1r;NQO2,1,0,27,27
GLCt1r;OCBTm,1,0,27,27
GLCt1r;ORNTArm,1,0,27,27
GLCt1r;PAPStg,1,0,27,27
GLCt1r;PAPtg,1,0,27,27
GLCt1r;PEPCK,2,1,26,26
GLCt1r;PFK_3,1,0,27,27
GLCt1r;PGI,2,0,26,27
GLCt1r;PGK,2,1,26,26
GLCt1r;PGM,2,1,26,26
GLCt1r;PIMALtm,1,0,27,27
GLCt1r;PRO1x,1,0,27,27
GLCt1r;RPE,1,0,27,27
GLCt1r;S6TASE24ly,1,0,27,27
GLCt1r;SADT,1,0,27,27
GLCt1r;SBTD_D2,1,0,27,27
GLCt1r;SBTR,1,0,27,27
GLCt1r;SO3AKGtm,1,0,27,27
GLCt1r;SO3MALtm,1,0,27,27
GLCt1r;SO4tl,1,0,27,27
GLCt1r;SUCCICITtm,1,0,27,27
GLCt1r;Ser/Thrtg,1,0,27,27
GLCt1r;TKT1,1,0,27,27
GLCt1r;TKT2,1,0,27,27
GLCt1r;TPI,1,1,27,26
GLCt1r;UDPACGALtl,1,0,27,27
GLCt1r;UDPGD,1,0,27,27
GLCt1r;UDPtl,1,0,27,27
GLCt1r;UGALNACtg,1,0,27,27
GLCt1r;q10h2tc,1,0,27,27
GLCt1r;q10tm,1,0,27,27
GLCt2_2;GLCt4,1,0,27,27
GLCt4;GLCt4_2,0,1,28,26
GLCter;ARTFR207,1,0,27,27
GLCter;ARTPLM3,1,0,27,27
GLCter;GMAND,1,0,27,27
GLCter;GMPtg,1,0,27,27
GLCter;GTPGDPtm,0,1,28,26
GLCter;HACD200,1,0,27,27
GLCter;HMGL,0,1,28,26
GLCter;HSD200,1,0,27,27
GLCter;NDP7er,1,2,27,25
GLCter;OCOAT1m,0,1,28,26
GLCter;OROTGLUt,0,2,28,25
GLCter;OROTte,0,2,28,25
GLCter;PPAer,1,0,27,27
GLCter;PPIPItr,1,0,27,27
GLCter;PROSTGE2t,1,0,27,27
GLCter;PROSTGE2t2,1,0,27,27
GLCter;PYK,0,1,28,26
GLCter;RTOT_3,1,0,27,27
GLCter;SUCOAS1m,0,1,28,26
GLCter;TECR200,1,0,27,27
GLCter;UAG4E,0,2,28,25
GLCter;UDPG4E,1,0,27,27
GLCter;UDPGALt2r,1,0,27,27
GLCter;UDPGALtg,1,0,27,27
GLCter;UDPGGPGTr,1,0,27,27
GLCter;UGCGc,1,0,27,27
GLCter;UMPK,0,1,28,26
GLCter;UMPtr,1,0,27,27
GLNATB0tc;GLNt4,0,1,28,26
GLNS;GLNtN1,1,0,27,27
GLNt4;GLNtN1,5,7,23,20
GLNtm;PROGLUtm,1,0,27,27
GLNtm;PROtm,1,0,27,27
GLNtm;THRA,1,0,27,27
GLNtm;THRATB0tc,1,0,27,27
GLRASE;GPCCPDE,1,0,27,27
GLRASE;H2O2t,1,0,27,27
GLRASE;HMGCOASim,0,1,28,26
GLRASE;LPASE,1,0,27,27
GLRASE;NDP7er,0,1,28,26
GLRASE;PDHa,0,1,28,26
GLRASE;PDHbr,0,1,28,26
GLRASE;PIt9,1,0,27,27
GLRASE;PNTK,2,0,26,27
GLRASE;PNTOte,2,0,26,27
GLRASE;PPCDC,2,0,26,27
GLRASE;PPNCL2,2,0,26,27
GLRASE;PROSTGE2t,1,0,27,27
GLRASE;PROSTGE2t2,1,0,27,27
GLRASE;PTPAT,2,0,26,27
GLRASE;PYRt2m,0,1,28,26
GLRASE;R_group_phosphotase_1,1,0,27,27
GLRASE;THRALANaEx,1,0,27,27
GLRASE;UAG4E,0,1,28,26
GLRASE;UMPK5,1,0,27,27
GLU5SAtmc;GLUDym,1,0,27,27
GLU5SAtmc;HCO3E,1,0,27,27
GLU5SAtmc;HCO3Ee,1,0,27,27
GLU5SAtmc;HCO3Em,1,0,27,27
GLU5SAtmc;HCO3tm,1,0,27,27
GLU5SAtmc;Htm,1,0,27,27
GLU5SAtmc;Htr,0,1,28,26
GLU5SAtmc;ICDHyrm,0,1,28,26
GLU5SAtmc;ITCOAL1m,0,1,28,26
GLU5SAtmc;NAt5,2,0,26,27
GLU5SAtmc;NH4tm,1,0,27,27
GLU5SAtmc;OXALSUCCCLm,0,1,28,26
GLU5SAtmc;PGK,1,0,27,27
GLU5SAtmc;PGM,1,0,27,27
GLU5SAtmc;PIt2m_2,2,0,26,27
GLU5SAtmc;PPAm,0,1,28,26
GLU5SAtmc;PPItm,0,1,28,26
GLU5SAtmc;PROtm,0,1,28,26
GLU5SAtmc;PYRtm,0,1,28,26
GLUCYS;GLYt7_311_r,1,0,27,27
GLUCYS;HCO3E,0,1,28,26
GLUCYS;HCO3Ee,0,2,28,25
GLUCYS;ICDHyrm,0,1,28,26
GLUCYS;LDH_L,0,1,28,26
GLUCYS;PFK2,0,1,28,26
GLUCYS;PIt9,0,1,28,26
GLUCYS;PPA,0,1,28,26
GLUCYS;RADH3,0,1,28,26
GLUCYS;RADH4,0,1,28,26
GLUDC;ACITLn,2,0,26,27
GLUDC;ADPtn,2,0,26,27
GLUDC;CITtn,2,0,26,27
GLUDC;GLUt2m,0,2,28,25
GLUDC;ICDHyrm,2,1,26,26
GLUDC;ITCOALm,0,1,28,26
GLUDC;L_LACt2r,0,1,28,26
GLUDC;OAAtn,2,0,26,27
GLUDC;OROTGLUt,0,1,28,26
GLUDC;OROTte,0,1,28,26
GLUDC;OXALSUCCCLm,2,1,26,26
GLUDC;PEPCK,1,0,27,27
GLUDC;PIt2m_2,0,1,28,26
GLUDC;PItn,2,0,26,27
GLUDC;SERGLYGLUr,1,0,27,27
GLUDC;SERGLYGLUt,1,0,27,27
GLUDC;TXA2tr,0,1,28,26
GLUDC;TXB2c,0,1,28,26
GLUDC;TXB2r,0,1,28,26
GLUDC;TXB2tr,0,1,28,26
GLUDxm;ACITLn,0,1,28,26
GLUDxm;ADPtn,0,1,28,26
GLUDxm;CITtn,0,1,28,26
GLUDxm;GLUDym,0,1,28,26
GLUDxm;GLUt2m,0,1,28,26
GLUDxm;ICDHyrm,0,1,28,26
GLUDxm;ICITCITtm,0,1,28,26
GLUDxm;ICITMALtm,0,2,28,25
GLUDxm;LDH_L,0,1,28,26
GLUDxm;MAL_Lte,0,1,28,26
GLUDxm;MDHm,0,1,28,26
GLUDxm;NH4tm,0,1,28,26
GLUDxm;NMNS,0,1,28,26
GLUDxm;NQO2,0,1,28,26
GLUDxm;OAAtn,0,1,28,26
GLUDxm;OXALSUCCCLm,0,1,28,26
GLUDxm;PIMALtm,0,1,28,26
GLUDxm;PPAm,0,1,28,26
GLUDxm;PPItm,0,1,28,26
GLUDxm;PROGLUtm,0,4,28,23
GLUDxm;PROtm,0,2,28,25
GLUDxm;SO4AKGtm,0,1,28,26
GLUDxm;SO4MALtm,0,1,28,26
GLUDxm;q10h2tc,0,1,28,26
GLUDxm;q10tm,0,1,28,26
GLUDym;H2Stm,0,1,28,26
GLUDym;HCO3Em,1,0,27,27
GLUDym;ICDHyrm,0,1,28,26
GLUDym;ICITMALtm,0,1,28,26
GLUDym;MDHm,0,1,28,26
GLUDym;NH4tm,1,0,27,27
GLUDym;OCBTm,1,0,27,27
GLUDym;ORNTArm,1,0,27,27
GLUDym;OXALSUCCCLm,0,1,28,26
GLUDym;PIt2m_2,1,0,27,27
GLUDym;PRO1x,1,0,27,27
GLUDym;PROSTGE2t,1,0,27,27
GLUDym;PROSTGE2t2,1,0,27,27
GLUDym;PROtm,1,0,27,27
GLUDym;PRSDO,0,1,28,26
GLUDym;PYK6,1,0,27,27
GLUDym;SQOR2m,0,1,28,26
GLUDym;SQORm,0,1,28,26
GLUDym;THFtm,1,0,27,27
GLUDym;TSCTS,0,1,28,26
GLUDym;TSULt4_3,0,1,28,26
GLUDym;TYROX,1,0,27,27
GLUDym;TYRTA,1,0,27,27
GLUGLUr;HCO3E,1,0,27,27
GLUGLUr;HCO3Ee,1,0,27,27
GLUGLUt;HCO3E,1,0,27,27
GLUGLUt;HCO3Ee,1,0,27,27
GLUPROASCT1;GLUt6,0,1,28,26
GLUPROASCT1;LSTO2r,1,0,27,27
GLUPROASCT1;NCKt,0,1,28,26
GLUPROASCT1;NH4tr,1,0,27,27
GLUPROASCT1;OBDHc,1,0,27,27
GLUPROASCT1;PPCOAOm,1,0,27,27
GLUPROASCT1;PPCOAtm,1,0,27,27
GLUPROASCT1;PRPNCOAHYDm,1,0,27,27
GLUPROASCT1;PVD3,1,0,27,27
GLUPROASCT1;THRD_L,1,0,27,27
GLUPROASCT1;VD3,1,0,27,27
GLUPROASCT1;VITD3Hm,1,0,27,27
GLUPROASCT1;VITD3tm,1,0,27,27
GLUVESSEC;H2Ot,0,1,28,26
GLUt2m;ACITLn,0,1,28,26
GLUt2m;ADPtn,0,1,28,26
GLUt2m;CITtn,0,1,28,26
GLUt2m;GLYt4,1,0,27,27
GLUt2m;GTPGDPtm,0,1,28,26
GLUt2m;H2Stm,0,1,28,26
GLUt2m;HMGL,0,1,28,26
GLUt2m;MDHm,0,1,28,26
GLUt2m;METOX,0,1,28,26
GLUt2m;NAt5,1,0,27,27
GLUt2m;NMNS,0,1,28,26
GLUt2m;OAAtn,0,1,28,26
GLUt2m;OCOAT1m,0,1,28,26
GLUt2m;PGK,1,0,27,27
GLUt2m;PGM,1,0,27,27
GLUt2m;PIMALtm,0,1,28,26
GLUt2m;PIt2m_2,1,1,27,26
GLUt2m;PIt7,0,1,28,26
GLUt2m;PItn,0,1,28,26
GLUt2m;PROGLUtm,1,1,27,26
GLUt2m;PROtm,1,1,27,26
GLUt2m;PRSDO,0,1,28,26
GLUt2m;PYRAKGte,0,1,28,26
GLUt2m;PYRt2m,0,1,28,26
GLUt2m;SO3AKGtm,0,1,28,26
GLUt2m;SO3MALtm,0,1,28,26
GLUt2m;SQOR2m,0,1,28,26
GLUt2m;SQORm,0,1,28,26
GLUt2m;SUCCICITtm,1,0,27,27
GLUt2m;SUCOAS1m,0,1,28,26
GLUt2m;TSCTS,0,1,28,26
GLUt2m;TSULt4_3,0,1,28,26
GLUt2m;TXA2tr,0,1,28,26
GLUt2m;TXB2c,0,1,28,26
GLUt2m;TXB2r,0,1,28,26
GLUt2m;TXB2tr,0,1,28,26
GLUt2m;UNK3,0,1,28,26
GLUt6;GLYt7_311_r,1,0,27,27
GLUt6;GTPGDPtm,0,1,28,26
GLUt6;H2Otg,0,1,28,26
GLUt6;HMGL,0,1,28,26
GLUt6;Htg,0,1,28,26
GLUt6;NDP7g,0,1,28,26
GLUt6;OCOAT1m,0,1,28,26
GLUt6;PItg,0,1,28,26
GLUt6;SUCOAS1m,0,1,28,26
GLUt6;THRA,0,1,28,26
GLUt6;UAGDP,0,1,28,26
GLUt6;UGLCNACtg,0,1,28,26
GLXtm;ARTFR56,0,1,28,26
GLXtm;GLYBtm,0,1,28,26
GLXtm;GLYt4,2,0,26,27
GLXtm;GLYtp,0,1,28,26
GLXtm;GMAND,0,1,28,26
GLXtm;GMPtg,0,1,28,26
GLXtm;H2Otg,0,1,28,26
GLXtm;H2Otp,0,1,28,26
GLXtm;HACD180,0,1,28,26
GLXtm;HACD201,0,1,28,26
GLXtm;HACD221,0,1,28,26
GLXtm;HACD224,0,1,28,26
GLXtm;HACD241,0,1,28,26
GLXtm;HACD244,0,1,28,26
GLXtm;HCO3E,1,1,27,26
GLXtm;HMGL,1,0,27,27
GLXtm;HSD180,0,1,28,26
GLXtm;HSD201,0,1,28,26
GLXtm;HSD221,0,1,28,26
GLXtm;HSD224,0,1,28,26
GLXtm;HSD241,0,1,28,26
GLXtm;HSD244,0,1,28,26
GLXtm;Htg,0,1,28,26
GLXtm;IMAGH,1,0,27,27
GLXtm;LACLt,0,1,28,26
GLXtm;LDH_L,0,1,28,26
GLXtm;LDH_Lp,0,1,28,26
GLXtm;MALCOAMT,0,1,28,26
GLXtm;MALCOAMTr,0,1,28,26
GLXtm;MAN1PT2,0,1,28,26
GLXtm;MAN6PI,0,1,28,26
GLXtm;METAT,0,1,28,26
GLXtm;NDP7g,0,1,28,26
GLXtm;NH4tp,0,1,28,26
GLXtm;NMNS,0,1,28,26
GLXtm;NRVNCCOAtr,0,1,28,26
GLXtm;NRVNCCOAtxc,0,1,28,26
GLXtm;OCOAT1m,1,0,27,27
GLXtm;P5CRxm,0,1,28,26
GLXtm;PGMT,0,1,28,26
GLXtm;PItg,0,1,28,26
GLXtm;PMANM,0,1,28,26
GLXtm;PMTCOAFABP1tc,0,1,28,26
GLXtm;PROD2m,0,1,28,26
GLXtm;PROGLUtm,1,0,27,27
GLXtm;PROtm,1,0,27,27
GLXtm;RTOT5,0,1,28,26
GLXtm;SARCOXp,0,1,28,26
GLXtm;SARCStm,0,1,28,26
GLXtm;SARCStp,0,1,28,26
GLXtm;SUCOAS1m,1,0,27,27
GLXtm;TECR180,0,1,28,26
GLXtm;TECR201,0,1,28,26
GLXtm;TECR221,0,1,28,26
GLXtm;TECR224,0,1,28,26
GLXtm;TECR241,0,1,28,26
GLXtm;TECR244,0,1,28,26
GLXtm;THRA,1,1,27,26
GLXtm;THRATB0tc,1,0,27,27
GLXtm;TTCTECOAtr,0,1,28,26
GLXtm;UAG4E,0,1,28,26
GLXtm;UAGDP,0,1,28,26
GLXtm;UDPG4E,0,1,28,26
GLXtm;UDPGALtg,0,1,28,26
GLXtm;UGALNACtg,0,1,28,26
GLXtm;UGCGc,0,1,28,26
GLXtm;UGLCNACtg,0,1,28,26
GLXtm;UMPK,0,1,28,26
GLXtp;ARTFR56,0,1,28,26
GLXtp;GLYBtm,0,1,28,26
GLXtp;GLYt4,2,0,26,27
GLXtp;GLYtp,0,1,28,26
GLXtp;GMAND,0,1,28,26
GLXtp;GMPtg,0,1,28,26
GLXtp;H2Otg,0,1,28,26
GLXtp;H2Otp,0,1,28,26
GLXtp;HACD180,0,1,28,26
GLXtp;HACD201,0,1,28,26
GLXtp;HACD221,0,1,28,26
GLXtp;HACD224,0,1,28,26
GLXtp;HACD241,0,1,28,26
GLXtp;HACD244,0,1,28,26
GLXtp;HCO3E,1,1,27,26
GLXtp;HMGL,1,0,27,27
GLXtp;HSD180,0,1,28,26
GLXtp;HSD201,0,1,28,26
GLXtp;HSD221,0,1,28,26
GLXtp;HSD224,0,1,28,26
GLXtp;HSD241,0,1,28,26
GLXtp;HSD244,0,1,28,26
GLXtp;Htg,0,1,28,26
GLXtp;IMAGH,1,0,27,27
GLXtp;LACLt,0,1,28,26
GLXtp;LDH_L,0,1,28,26
GLXtp;LDH_Lp,0,1,28,26
GLXtp;MALCOAMT,0,1,28,26
GLXtp;MALCOAMTr,0,1,28,26
GLXtp;MAN1PT2,0,1,28,26
GLXtp;MAN6PI,0,1,28,26
GLXtp;METAT,0,1,28,26
GLXtp;NDP7g,0,1,28,26
GLXtp;NH4tp,0,1,28,26
GLXtp;NMNS,0,1,28,26
GLXtp;NRVNCCOAtr,0,1,28,26
GLXtp;NRVNCCOAtxc,0,1,28,26
GLXtp;OCOAT1m,1,0,27,27
GLXtp;P5CRxm,0,1,28,26
GLXtp;PGMT,0,1,28,26
GLXtp;PItg,0,1,28,26
GLXtp;PMANM,0,1,28,26
GLXtp;PMTCOAFABP1tc,0,1,28,26
GLXtp;PROD2m,0,1,28,26
GLXtp;PROGLUtm,1,0,27,27
GLXtp;PROtm,1,0,27,27
GLXtp;RTOT5,0,1,28,26
GLXtp;SARCOXp,0,1,28,26
GLXtp;SARCStm,0,1,28,26
GLXtp;SARCStp,0,1,28,26
GLXtp;SUCOAS1m,1,0,27,27
GLXtp;TECR180,0,1,28,26
GLXtp;TECR201,0,1,28,26
GLXtp;TECR221,0,1,28,26
GLXtp;TECR224,0,1,28,26
GLXtp;TECR241,0,1,28,26
GLXtp;TECR244,0,1,28,26
GLXtp;THRA,1,1,27,26
GLXtp;THRATB0tc,1,0,27,27
GLXtp;TTCTECOAtr,0,1,28,26
GLXtp;UAG4E,0,1,28,26
GLXtp;UAGDP,0,1,28,26
GLXtp;UDPG4E,0,1,28,26
GLXtp;UDPGALtg,0,1,28,26
GLXtp;UGALNACtg,0,1,28,26
GLXtp;UGCGc,0,1,28,26
GLXtp;UGLCNACtg,0,1,28,26
GLXtp;UMPK,0,1,28,26
GLYALDORy;PGK,2,0,26,27
GLYALDORy;PGM,1,0,27,27
GLYATm;ICDHyrm,0,1,28,26
GLYATm;ICITMALtm,0,1,28,26
GLYATm;ITCOALm,0,1,28,26
GLYATm;OXALSUCCCLm,0,1,28,26
GLYATm;PYRtm,0,1,28,26
GLYBtm;ACITLn,0,1,28,26
GLYBtm;ADPtn,0,1,28,26
GLYBtm;ARTFR52,5,0,23,27
GLYBtm;CITtn,0,1,28,26
GLYBtm;GLYC3Ptm,1,0,27,27
GLYBtm;GLYCLTDym,0,1,28,26
GLYBtm;GLYCLTtm,0,1,28,26
GLYBtm;GLYCLTtp,0,1,28,26
GLYBtm;GLYCTO1p,0,1,28,26
GLYBtm;GLYt4,0,1,28,26
GLYBtm;GTPGDPtm,1,0,27,27
GLYBtm;H2Oter,0,1,28,26
GLYBtm;HACD180,1,0,27,27
GLYBtm;HACD200,5,0,23,27
GLYBtm;HACD220,5,0,23,27
GLYBtm;HACD240,5,0,23,27
GLYBtm;HACD260,5,0,23,27
GLYBtm;HCO3E,0,2,28,25
GLYBtm;HEXCCOAtr,5,0,23,27
GLYBtm;HMBS,1,0,27,27
GLYBtm;HMGLm,0,1,28,26
GLYBtm;HOXG,1,0,27,27
GLYBtm;HSD180,1,0,27,27
GLYBtm;HSD200,5,0,23,27
GLYBtm;HSD220,5,0,23,27
GLYBtm;HSD240,5,0,23,27
GLYBtm;HSD260,5,0,23,27
GLYBtm;HSD3B11,0,1,28,26
GLYBtm;Htr,1,1,27,26
GLYBtm;ICDHyrm,0,1,28,26
GLYBtm;ICITCITtm,0,1,28,26
GLYBtm;ICITMALtm,0,1,28,26
GLYBtm;LDH_L,0,1,28,26
GLYBtm;MDH,0,1,28,26
GLYBtm;MDHm,0,1,28,26
GLYBtm;NADH2_u10m,0,1,28,26
GLYBtm;NDPK1,1,0,27,27
GLYBtm;NTD7,1,0,27,27
GLYBtm;O2tm,0,1,28,26
GLYBtm;OAAtn,0,1,28,26
GLYBtm;P45011A1m,0,1,28,26
GLYBtm;PGMT,0,1,28,26
GLYBtm;PHEMEtm,1,0,27,27
GLYBtm;PIMALtm,1,0,27,27
GLYBtm;PIt9,0,1,28,26
GLYBtm;PIter,0,1,28,26
GLYBtm;PItn,0,1,28,26
GLYBtm;PPBNGS,1,0,27,27
GLYBtm;PPPG9tm,1,0,27,27
GLYBtm;PPPGOm,1,0,27,27
GLYBtm;PRGNLONEtm,0,1,28,26
GLYBtm;PRGSTRNt,0,1,28,26
GLYBtm;PROAKGOX1m,1,0,27,27
GLYBtm;PROtm,2,0,26,27
GLYBtm;R5Ptr,0,1,28,26
GLYBtm;RADH3,0,1,28,26
GLYBtm;RADH4,0,1,28,26
GLYBtm;RPIr,0,1,28,26
GLYBtm;RTOT5,5,0,23,27
GLYBtm;RU5Ptr,0,1,28,26
GLYBtm;SO4AKGtm,1,0,27,27
GLYBtm;SO4MALtm,1,0,27,27
GLYBtm;SUCOAS1m,1,0,27,27
GLYBtm;TECR180,1,0,27,27
GLYBtm;TECR200,5,0,23,27
GLYBtm;TECR220,5,0,23,27
GLYBtm;TECR240,5,0,23,27
GLYBtm;TECR260,5,0,23,27
GLYBtm;THFtm,0,2,28,25
GLYBtm;TXA2tr,0,1,28,26
GLYBtm;TXB2c,0,1,28,26
GLYBtm;TXB2r,0,1,28,26
GLYBtm;TXB2tr,0,1,28,26
GLYBtm;UDPGD,1,0,27,27
GLYBtm;UDPGLCAter,1,0,27,27
GLYBtm;UPP3S,1,0,27,27
GLYBtm;UPPDC1,1,0,27,27
GLYC3Ptm;ARTFR42,1,0,27,27
GLYC3Ptm;GLYC3Ptmc,2,3,26,24
GLYC3Ptm;GLYt2r,1,0,27,27
GLYC3Ptm;GLYtp,1,0,27,27
GLYC3Ptm;H2O2t,1,0,27,27
GLYC3Ptm;H2O2tp,1,0,27,27
GLYC3Ptm;H2Otp,1,0,27,27
GLYC3Ptm;HCO3E,1,0,27,27
GLYC3Ptm;METAT,1,0,27,27
GLYC3Ptm;NADH2_u10m,0,1,28,26
GLYC3Ptm;O2tp,1,0,27,27
GLYC3Ptm;OCDE9ECOAtr,1,0,27,27
GLYC3Ptm;PIATPLtm,0,1,28,26
GLYC3Ptm;RTOT4,1,0,27,27
GLYC3Ptm;SARCOXp,1,0,27,27
GLYC3Ptm;SARCStm,1,0,27,27
GLYC3Ptm;SARCStp,1,0,27,27
GLYC3Ptm;SUCOASm,1,0,27,27
GLYC3Ptmc;GTPGDPtm,1,1,27,26
GLYC3Ptmc;HCO3E,1,0,27,27
GLYC3Ptmc;HCO3Em,1,0,27,27
GLYC3Ptmc;HCO3tm,1,0,27,27
GLYC3Ptmc;HMGL,0,1,28,26
GLYC3Ptmc;ICDHxrm,0,1,28,26
GLYC3Ptmc;ITCOALm,0,1,28,26
GLYC3Ptmc;NADH2_u10m,0,1,28,26
GLYC3Ptmc;OCOAT1m,0,1,28,26
GLYC3Ptmc;OXALSUCCCLm,0,1,28,26
GLYC3Ptmc;PIATPLtm,0,1,28,26
GLYC3Ptmc;SUCOAS1m,1,1,27,26
GLYC3Ptmc;THFtm,1,0,27,27
GLYCK2;PGK,1,0,27,27
GLYCK2;PGM,1,0,27,27
GLYCK;PGK,1,0,27,27
GLYCLTDym;ARTFR56,0,1,28,26
GLYCLTDym;GLYtp,0,1,28,26
GLYCLTDym;GMAND,0,1,28,26
GLYCLTDym;GMPtg,0,1,28,26
GLYCLTDym;H2Otg,0,1,28,26
GLYCLTDym;H2Otp,0,1,28,26
GLYCLTDym;HACD180,0,1,28,26
GLYCLTDym;HACD201,0,1,28,26
GLYCLTDym;HACD221,0,1,28,26
GLYCLTDym;HACD224,0,1,28,26
GLYCLTDym;HACD241,0,1,28,26
GLYCLTDym;HACD244,0,1,28,26
GLYCLTDym;HCO3E,1,1,27,26
GLYCLTDym;HSD180,0,1,28,26
GLYCLTDym;HSD201,0,1,28,26
GLYCLTDym;HSD221,0,1,28,26
GLYCLTDym;HSD224,0,1,28,26
GLYCLTDym;HSD241,0,1,28,26
GLYCLTDym;HSD244,0,1,28,26
GLYCLTDym;Htg,0,1,28,26
GLYCLTDym;IMAGH,1,0,27,27
GLYCLTDym;LACLt,0,1,28,26
GLYCLTDym;LDH_L,0,1,28,26
GLYCLTDym;LDH_Lp,0,1,28,26
GLYCLTDym;MALCOAMT,0,1,28,26
GLYCLTDym;MALCOAMTr,0,1,28,26
GLYCLTDym;MAN1PT2,0,1,28,26
GLYCLTDym;MAN6PI,0,1,28,26
GLYCLTDym;METAT,0,1,28,26
GLYCLTDym;NDP7g,0,1,28,26
GLYCLTDym;NH4tp,0,1,28,26
GLYCLTDym;NMNS,0,1,28,26
GLYCLTDym;NRVNCCOAtr,0,1,28,26
GLYCLTDym;NRVNCCOAtxc,0,1,28,26
GLYCLTDym;P5CRxm,0,1,28,26
GLYCLTDym;PGMT,0,1,28,26
GLYCLTDym;PItg,0,1,28,26
GLYCLTDym;PMANM,0,1,28,26
GLYCLTDym;PMTCOAFABP1tc,0,1,28,26
GLYCLTDym;PROD2m,0,1,28,26
GLYCLTDym;RTOT5,0,1,28,26
GLYCLTDym;SARCOXp,0,1,28,26
GLYCLTDym;SARCStm,0,1,28,26
GLYCLTDym;SARCStp,0,1,28,26
GLYCLTDym;TECR180,0,1,28,26
GLYCLTDym;TECR201,0,1,28,26
GLYCLTDym;TECR221,0,1,28,26
GLYCLTDym;TECR224,0,1,28,26
GLYCLTDym;TECR241,0,1,28,26
GLYCLTDym;TECR244,0,1,28,26
GLYCLTDym;THRA,0,1,28,26
GLYCLTDym;TTCTECOAtr,0,1,28,26
GLYCLTDym;UAG4E,0,1,28,26
GLYCLTDym;UAGDP,0,1,28,26
GLYCLTDym;UDPG4E,0,1,28,26
GLYCLTDym;UDPGALtg,0,1,28,26
GLYCLTDym;UGALNACtg,0,1,28,26
GLYCLTDym;UGCGc,0,1,28,26
GLYCLTDym;UGLCNACtg,0,1,28,26
GLYCLTDym;UMPK,0,1,28,26
GLYCLTtm;ARTFR56,0,1,28,26
GLYCLTtm;GLYtp,0,1,28,26
GLYCLTtm;GMAND,0,1,28,26
GLYCLTtm;GMPtg,0,1,28,26
GLYCLTtm;H2Otg,0,1,28,26
GLYCLTtm;H2Otp,0,1,28,26
GLYCLTtm;HACD180,0,1,28,26
GLYCLTtm;HACD201,0,1,28,26
GLYCLTtm;HACD221,0,1,28,26
GLYCLTtm;HACD224,0,1,28,26
GLYCLTtm;HACD241,0,1,28,26
GLYCLTtm;HACD244,0,1,28,26
GLYCLTtm;HCO3E,1,1,27,26
GLYCLTtm;HSD180,0,1,28,26
GLYCLTtm;HSD201,0,1,28,26
GLYCLTtm;HSD221,0,1,28,26
GLYCLTtm;HSD224,0,1,28,26
GLYCLTtm;HSD241,0,1,28,26
GLYCLTtm;HSD244,0,1,28,26
GLYCLTtm;Htg,0,1,28,26
GLYCLTtm;IMAGH,1,0,27,27
GLYCLTtm;LACLt,0,1,28,26
GLYCLTtm;LDH_L,0,1,28,26
GLYCLTtm;LDH_Lp,0,1,28,26
GLYCLTtm;MALCOAMT,0,1,28,26
GLYCLTtm;MALCOAMTr,0,1,28,26
GLYCLTtm;MAN1PT2,0,1,28,26
GLYCLTtm;MAN6PI,0,1,28,26
GLYCLTtm;METAT,0,1,28,26
GLYCLTtm;NDP7g,0,1,28,26
GLYCLTtm;NH4tp,0,1,28,26
GLYCLTtm;NMNS,0,1,28,26
GLYCLTtm;NRVNCCOAtr,0,1,28,26
GLYCLTtm;NRVNCCOAtxc,0,1,28,26
GLYCLTtm;P5CRxm,0,1,28,26
GLYCLTtm;PGMT,0,1,28,26
GLYCLTtm;PItg,0,1,28,26
GLYCLTtm;PMANM,0,1,28,26
GLYCLTtm;PMTCOAFABP1tc,0,1,28,26
GLYCLTtm;PROD2m,0,1,28,26
GLYCLTtm;RTOT5,0,1,28,26
GLYCLTtm;SARCOXp,0,1,28,26
GLYCLTtm;SARCStm,0,1,28,26
GLYCLTtm;SARCStp,0,1,28,26
GLYCLTtm;TECR180,0,1,28,26
GLYCLTtm;TECR201,0,1,28,26
GLYCLTtm;TECR221,0,1,28,26
GLYCLTtm;TECR224,0,1,28,26
GLYCLTtm;TECR241,0,1,28,26
GLYCLTtm;TECR244,0,1,28,26
GLYCLTtm;THRA,0,1,28,26
GLYCLTtm;TTCTECOAtr,0,1,28,26
GLYCLTtm;UAG4E,0,1,28,26
GLYCLTtm;UAGDP,0,1,28,26
GLYCLTtm;UDPG4E,0,1,28,26
GLYCLTtm;UDPGALtg,0,1,28,26
GLYCLTtm;UGALNACtg,0,1,28,26
GLYCLTtm;UGCGc,0,1,28,26
GLYCLTtm;UGLCNACtg,0,1,28,26
GLYCLTtm;UMPK,0,1,28,26
GLYCLTtp;ARTFR56,0,1,28,26
GLYCLTtp;GLYt4,2,0,26,27
GLYCLTtp;GLYtp,0,1,28,26
GLYCLTtp;GMAND,0,1,28,26
GLYCLTtp;GMPtg,0,1,28,26
GLYCLTtp;H2Otg,0,1,28,26
GLYCLTtp;H2Otp,0,1,28,26
GLYCLTtp;HACD180,0,1,28,26
GLYCLTtp;HACD201,0,1,28,26
GLYCLTtp;HACD221,0,1,28,26
GLYCLTtp;HACD224,0,1,28,26
GLYCLTtp;HACD241,0,1,28,26
GLYCLTtp;HACD244,0,1,28,26
GLYCLTtp;HCO3E,1,1,27,26
GLYCLTtp;HSD180,0,1,28,26
GLYCLTtp;HSD201,0,1,28,26
GLYCLTtp;HSD221,0,1,28,26
GLYCLTtp;HSD224,0,1,28,26
GLYCLTtp;HSD241,0,1,28,26
GLYCLTtp;HSD244,0,1,28,26
GLYCLTtp;Htg,0,1,28,26
GLYCLTtp;IMAGH,1,0,27,27
GLYCLTtp;LACLt,0,1,28,26
GLYCLTtp;LDH_L,0,1,28,26
GLYCLTtp;LDH_Lp,0,1,28,26
GLYCLTtp;MALCOAMT,0,1,28,26
GLYCLTtp;MALCOAMTr,0,1,28,26
GLYCLTtp;MAN1PT2,0,1,28,26
GLYCLTtp;MAN6PI,0,1,28,26
GLYCLTtp;METAT,0,1,28,26
GLYCLTtp;NDP7g,0,1,28,26
GLYCLTtp;NH4tp,0,1,28,26
GLYCLTtp;NMNS,0,1,28,26
GLYCLTtp;NRVNCCOAtr,0,1,28,26
GLYCLTtp;NRVNCCOAtxc,0,1,28,26
GLYCLTtp;P5CRxm,0,1,28,26
GLYCLTtp;PGMT,0,1,28,26
GLYCLTtp;PItg,0,1,28,26
GLYCLTtp;PMANM,0,1,28,26
GLYCLTtp;PMTCOAFABP1tc,0,1,28,26
GLYCLTtp;PROD2m,0,1,28,26
GLYCLTtp;RTOT5,0,1,28,26
GLYCLTtp;SARCOXp,0,1,28,26
GLYCLTtp;SARCStm,0,1,28,26
GLYCLTtp;SARCStp,0,1,28,26
GLYCLTtp;TECR180,0,1,28,26
GLYCLTtp;TECR201,0,1,28,26
GLYCLTtp;TECR221,0,1,28,26
GLYCLTtp;TECR224,0,1,28,26
GLYCLTtp;TECR241,0,1,28,26
GLYCLTtp;TECR244,0,1,28,26
GLYCLTtp;THRA,0,1,28,26
GLYCLTtp;TTCTECOAtr,0,1,28,26
GLYCLTtp;UAG4E,0,1,28,26
GLYCLTtp;UAGDP,0,1,28,26
GLYCLTtp;UDPG4E,0,1,28,26
GLYCLTtp;UDPGALtg,0,1,28,26
GLYCLTtp;UGALNACtg,0,1,28,26
GLYCLTtp;UGCGc,0,1,28,26
GLYCLTtp;UGLCNACtg,0,1,28,26
GLYCLTtp;UMPK,0,1,28,26
GLYCTO1p;ARTFR56,0,1,28,26
GLYCTO1p;GLYt4,2,0,26,27
GLYCTO1p;GLYtp,0,1,28,26
GLYCTO1p;GMAND,0,1,28,26
GLYCTO1p;GMPtg,0,1,28,26
GLYCTO1p;H2Otg,0,1,28,26
GLYCTO1p;H2Otp,0,1,28,26
GLYCTO1p;HACD180,0,1,28,26
GLYCTO1p;HACD201,0,1,28,26
GLYCTO1p;HACD221,0,1,28,26
GLYCTO1p;HACD224,0,1,28,26
GLYCTO1p;HACD241,0,1,28,26
GLYCTO1p;HACD244,0,1,28,26
GLYCTO1p;HCO3E,1,1,27,26
GLYCTO1p;HSD180,0,1,28,26
GLYCTO1p;HSD201,0,1,28,26
GLYCTO1p;HSD221,0,1,28,26
GLYCTO1p;HSD224,0,1,28,26
GLYCTO1p;HSD241,0,1,28,26
GLYCTO1p;HSD244,0,1,28,26
GLYCTO1p;Htg,0,1,28,26
GLYCTO1p;IMAGH,1,0,27,27
GLYCTO1p;LACLt,0,1,28,26
GLYCTO1p;LDH_L,0,1,28,26
GLYCTO1p;LDH_Lp,0,1,28,26
GLYCTO1p;MALCOAMT,0,1,28,26
GLYCTO1p;MALCOAMTr,0,1,28,26
GLYCTO1p;MAN1PT2,0,1,28,26
GLYCTO1p;MAN6PI,0,1,28,26
GLYCTO1p;METAT,0,1,28,26
GLYCTO1p;NDP7g,0,1,28,26
GLYCTO1p;NH4tp,0,1,28,26
GLYCTO1p;NMNS,0,1,28,26
GLYCTO1p;NRVNCCOAtr,0,1,28,26
GLYCTO1p;NRVNCCOAtxc,0,1,28,26
GLYCTO1p;P5CRxm,0,1,28,26
GLYCTO1p;PGMT,0,1,28,26
GLYCTO1p;PItg,0,1,28,26
GLYCTO1p;PMANM,0,1,28,26
GLYCTO1p;PMTCOAFABP1tc,0,1,28,26
GLYCTO1p;PROD2m,0,1,28,26
GLYCTO1p;RTOT5,0,1,28,26
GLYCTO1p;SARCOXp,0,1,28,26
GLYCTO1p;SARCStm,0,1,28,26
GLYCTO1p;SARCStp,0,1,28,26
GLYCTO1p;TECR180,0,1,28,26
GLYCTO1p;TECR201,0,1,28,26
GLYCTO1p;TECR221,0,1,28,26
GLYCTO1p;TECR224,0,1,28,26
GLYCTO1p;TECR241,0,1,28,26
GLYCTO1p;TECR244,0,1,28,26
GLYCTO1p;THRA,0,1,28,26
GLYCTO1p;TTCTECOAtr,0,1,28,26
GLYCTO1p;UAG4E,0,1,28,26
GLYCTO1p;UAGDP,0,1,28,26
GLYCTO1p;UDPG4E,0,1,28,26
GLYCTO1p;UDPGALtg,0,1,28,26
GLYCTO1p;UGALNACtg,0,1,28,26
GLYCTO1p;UGCGc,0,1,28,26
GLYCTO1p;UGLCNACtg,0,1,28,26
GLYCTO1p;UMPK,0,1,28,26
GLYCtm;ICDHxrm,0,1,28,26
GLYCtm;ITCOALm,0,1,28,26
GLYCtm;OXALSUCCCLm,0,1,28,26
GLYCtm;PFK,0,1,28,26
GLYCtm;THRA,0,1,28,26
GLYKm;GTPGDPtm,0,1,28,26
GLYKm;HMGL,0,1,28,26
GLYKm;ICDHxrm,0,1,28,26
GLYKm;ITCOALm,0,1,28,26
GLYKm;OCOAT1m,0,1,28,26
GLYKm;OXALSUCCCLm,0,1,28,26
GLYKm;PFK,0,1,28,26
GLYKm;SUCOAS1m,0,1,28,26
GLYKm;THRA,0,1,28,26
GLYOp;HMGL,1,0,27,27
GLYOp;OCOAT1m,1,0,27,27
GLYOp;PROGLUtm,1,0,27,27
GLYOp;PROtm,1,0,27,27
GLYOp;SUCOAS1m,1,0,27,27
GLYOp;THRA,1,0,27,27
GLYOp;THRATB0tc,1,0,27,27
GLYSNAT5tc;H2O2t,1,0,27,27
GLYSNAT5tc;HOMOVALte,1,0,27,27
GLYSNAT5tc;MTHFR3x,1,0,27,27
GLYSNAT5tc;THBPT4ACAMDASE,1,0,27,27
GLYSNAT5tc;TYR3MO2,1,0,27,27
GLYt2r;GLYVESSEC,1,2,27,25
GLYt2r;GLYt7_311_r,0,1,28,26
GLYt2r;HCO3E,1,0,27,27
GLYt2r;HCO3Ee,1,0,27,27
GLYt2r;HKt,1,0,27,27
GLYt2r;Htr,0,2,28,25
GLYt2r;KCCt,1,0,27,27
GLYt2r;LDH_L,0,1,28,26
GLYt2r;L_LACt2r,0,1,28,26
GLYt2r;NCNt,1,0,27,27
GLYt2r;OAADC,0,1,28,26
GLYt2r;OXAHCOtex,0,1,28,26
GLYt2r;PGMT,0,1,28,26
GLYt2r;PIter,0,1,28,26
GLYt2r;PROtm,1,0,27,27
GLYt2r;THRA,0,1,28,26
GLYt2r;THRALANaEx,0,1,28,26
GLYt4;ARTFR12,0,1,28,26
GLYt4;GLYt7_311_r,0,1,28,26
GLYt4;GLYtm,1,0,27,27
GLYt4;GLYtp,0,1,28,26
GLYt4;GMAND,0,1,28,26
GLYt4;GMPtg,0,1,28,26
GLYt4;GTPGDPtm,0,1,28,26
GLYt4;GULN3D,2,0,26,27
GLYt4;GULNDer,2,0,26,27
GLYt4;GULNter,2,0,26,27
GLYt4;H2O2tp,1,1,27,26
GLYt4;H2Oter,0,1,28,26
GLYt4;H2Otg,2,1,26,26
GLYt4;H2Otly,2,0,26,27
GLYt4;H2Otp,1,1,27,26
GLYt4;HAS1,2,0,26,27
GLYt4;HAS2,2,0,26,27
GLYt4;HAtly,2,0,26,27
GLYt4;HCO3Em,0,1,28,26
GLYt4;HCO3tm,0,1,28,26
GLYt4;HMGDH,0,1,28,26
GLYt4;HMGL,0,1,28,26
GLYt4;HMGS,0,1,28,26
GLYt4;HYAL,2,0,26,27
GLYt4;Htg,2,1,26,26
GLYt4;Htr,0,1,28,26
GLYt4;KCCt,0,1,28,26
GLYt4;KHK2,2,0,26,27
GLYt4;LDH_L,0,2,28,25
GLYt4;L_LACt2r,0,3,28,24
GLYt4;MAN1PT2,0,1,28,26
GLYt4;MAN6PI,0,1,28,26
GLYt4;METAT,0,1,28,26
GLYt4;NACHEX24ly,2,0,26,27
GLYt4;NACHEX25ly,2,0,26,27
GLYt4;NAGA2ly,2,0,26,27
GLYt4;NAGLCAly,2,0,26,27
GLYt4;NCKt,0,1,28,26
GLYt4;NDP7er,0,1,28,26
GLYt4;NDP7g,2,1,26,26
GLYt4;O2tp,2,1,26,26
GLYt4;OCOAT1m,0,1,28,26
GLYt4;PAPStg,2,0,26,27
GLYt4;PAPtg,2,0,26,27
GLYt4;PGMT,2,1,26,26
GLYt4;PIMALtm,1,0,27,27
GLYt4;PIt9,0,1,28,26
GLYt4;PItg,2,1,26,26
GLYt4;PLMCOAPTr,0,1,28,26
GLYt4;PMANM,0,1,28,26
GLYt4;PMTCOAFABP1tc,0,1,28,26
GLYt4;RDH1,0,1,28,26
GLYt4;RDH1a,0,1,28,26
GLYt4;S6TASE24ly,2,0,26,27
GLYt4;SADT,2,0,26,27
GLYt4;SARCOXp,0,1,28,26
GLYt4;SARCStm,0,1,28,26
GLYt4;SARCStp,0,1,28,26
GLYt4;SFGTH,0,1,28,26
GLYt4;SO3AKGtm,1,0,27,27
GLYt4;SO3MALtm,1,0,27,27
GLYt4;SO4tl,2,0,26,27
GLYt4;SUCOAS1m,0,1,28,26
GLYt4;Ser/Thrtg,2,0,26,27
GLYt4;UAGDP,2,1,26,26
GLYt4;UDPACGALtl,2,0,26,27
GLYt4;UDPG4E,2,1,26,26
GLYt4;UDPGALt2r,0,1,28,26
GLYt4;UDPGALtg,2,1,26,26
GLYt4;UDPGD,2,0,26,27
GLYt4;UDPGGPGTr,0,1,28,26
GLYt4;UDPtl,2,0,26,27
GLYt4;UGALNACtg,2,0,26,27
GLYt4;UGCGc,0,1,28,26
GLYt4;UGLCNACtg,2,1,26,26
GLYt4;UMPtr,0,1,28,26
GLYt4;XYLTD_Dr,2,0,26,27
GLYt4;XYLURx,2,0,26,27
GLYt7_211_r;PEMET1,1,0,27,27
GLYt7_211_r;PEMET2,1,0,27,27
GLYt7_211_r;TYROX,1,0,27,27
GLYt7_211_r;TYRTA,1,0,27,27
GLYt7_311_r;GTHRDte,1,0,27,27
GLYt7_311_r;GTHS,1,0,27,27
GLYt7_311_r;HKt,1,1,27,26
GLYt7_311_r;Htr,0,1,28,26
GLYt7_311_r;IDHPOXOX2b,0,2,28,25
GLYt7_311_r;IDHPOXOX4,0,2,28,25
GLYt7_311_r;IDHPOXOXb,0,2,28,25
GLYt7_311_r;KCC2t,1,1,27,26
GLYt7_311_r;KCCt,1,1,27,26
GLYt7_311_r;LCYSTCBOXL,0,1,28,26
GLYt7_311_r;NAIt,0,2,28,25
GLYt7_311_r;NCKt,1,1,27,26
GLYt7_311_r;NCNt,1,0,27,27
GLYt7_311_r;NKCCt,0,1,28,26
GLYt7_311_r;NORANMT,1,0,27,27
GLYt7_311_r;SADT,1,4,27,23
GLYt7_311_r;SO4CLtex2,1,8,27,19
GLYt7_311_r;TAURCHAe,0,1,28,26
GLYt7_311_r;THYPX,0,2,28,25
GLYt7_311_r;THYST,0,2,28,25
GLYt7_311_r;TYRDOPO,1,0,27,27
GLYtm;ACITLn,0,1,28,26
GLYtm;ADPtn,0,1,28,26
GLYtm;CITtn,0,1,28,26
GLYtm;HCO3Ee,0,1,28,26
GLYtm;HMGCOAtm,0,1,28,26
GLYtm;HMGLm,0,1,28,26
GLYtm;ICDHyrm,0,1,28,26
GLYtm;ICITCITtm,0,1,28,26
GLYtm;ICITMALtm,0,2,28,25
GLYtm;ITCOALm,0,1,28,26
GLYtm;MDHm,0,1,28,26
GLYtm;MTHFC,0,1,28,26
GLYtm;MTHFD2,0,1,28,26
GLYtm;OAAtn,0,1,28,26
GLYtm;OXALSUCCCLm,0,1,28,26
GLYtm;PItn,0,1,28,26
GLYtm;PROGLUtm,1,0,27,27
GLYtm;PROtm,1,0,27,27
GLYtm;PYRtm,0,1,28,26
GLYtm;THFtm,0,1,28,26
GLYtm;THRA,1,0,27,27
GLYtm;THRATB0tc,1,0,27,27
GLYtp;ACITLn,0,1,28,26
GLYtp;ADPtn,0,1,28,26
GLYtp;ARTFR52,5,0,23,27
GLYtp;CITtn,0,1,28,26
GLYtp;GTPGDPtm,1,0,27,27
GLYtp;H2Oter,0,1,28,26
GLYtp;HACD180,1,0,27,27
GLYtp;HACD200,5,0,23,27
GLYtp;HACD220,5,0,23,27
GLYtp;HACD240,5,0,23,27
GLYtp;HACD260,5,0,23,27
GLYtp;HCO3E,0,2,28,25
GLYtp;HEXCCOAtr,5,0,23,27
GLYtp;HMBS,1,0,27,27
GLYtp;HMGL,1,0,27,27
GLYtp;HMGLm,0,1,28,26
GLYtp;HOXG,1,0,27,27
GLYtp;HSD180,1,0,27,27
GLYtp;HSD200,5,0,23,27
GLYtp;HSD220,5,0,23,27
GLYtp;HSD240,5,0,23,27
GLYtp;HSD260,5,0,23,27
GLYtp;HSD3B11,0,1,28,26
GLYtp;Htr,1,1,27,26
GLYtp;ICDHyrm,0,1,28,26
GLYtp;ICITCITtm,0,1,28,26
GLYtp;ICITMALtm,0,1,28,26
GLYtp;LDH_L,0,1,28,26
GLYtp;MDH,0,1,28,26
GLYtp;MDHm,0,1,28,26
GLYtp;NADH2_u10m,0,1,28,26
GLYtp;NDPK1,1,0,27,27
GLYtp;NTD7,1,0,27,27
GLYtp;O2tm,0,1,28,26
GLYtp;OAAtn,0,1,28,26
GLYtp;OCOAT1m,1,0,27,27
GLYtp;P45011A1m,0,1,28,26
GLYtp;PGMT,0,1,28,26
GLYtp;PHEMEtm,1,0,27,27
GLYtp;PIMALtm,1,0,27,27
GLYtp;PIt9,0,1,28,26
GLYtp;PIter,0,1,28,26
GLYtp;PItn,0,1,28,26
GLYtp;PPBNGS,1,0,27,27
GLYtp;PPPG9tm,1,0,27,27
GLYtp;PPPGOm,1,0,27,27
GLYtp;PRGNLONEtm,0,1,28,26
GLYtp;PRGSTRNt,0,1,28,26
GLYtp;PROAKGOX1m,1,0,27,27
GLYtp;PROGLUtm,1,0,27,27
GLYtp;PROtm,3,0,25,27
GLYtp;R5Ptr,0,1,28,26
GLYtp;RADH3,0,1,28,26
GLYtp;RADH4,0,1,28,26
GLYtp;RPIr,0,1,28,26
GLYtp;RTOT5,5,0,23,27
GLYtp;RU5Ptr,0,1,28,26
GLYtp;SO4AKGtm,1,0,27,27
GLYtp;SO4MALtm,1,0,27,27
GLYtp;SUCOAS1m,2,0,26,27
GLYtp;TECR180,1,0,27,27
GLYtp;TECR200,5,0,23,27
GLYtp;TECR220,5,0,23,27
GLYtp;TECR240,5,0,23,27
GLYtp;TECR260,5,0,23,27
GLYtp;THFtm,0,2,28,25
GLYtp;THRA,1,0,27,27
GLYtp;THRATB0tc,1,0,27,27
GLYtp;TXA2tr,0,1,28,26
GLYtp;TXB2c,0,1,28,26
GLYtp;TXB2r,0,1,28,26
GLYtp;TXB2tr,0,1,28,26
GLYtp;UDPGD,1,0,27,27
GLYtp;UDPGLCAter,1,0,27,27
GLYtp;UPP3S,1,0,27,27
GLYtp;UPPDC1,1,0,27,27
GMAND;ACITLn,0,1,28,26
GMAND;ADPtn,0,1,28,26
GMAND;CITtn,0,1,28,26
GMAND;GTPGDPtm,1,0,27,27
GMAND;HEX16,1,0,27,27
GMAND;HMBS,1,0,27,27
GMAND;HMGCOASim,0,1,28,26
GMAND;HMGLm,0,1,28,26
GMAND;HOXG,1,0,27,27
GMAND;ICITCITtm,0,1,28,26
GMAND;ICITMALtm,0,1,28,26
GMAND;LARGEg,0,1,28,26
GMAND;LDH_L,0,1,28,26
GMAND;M1316Mg,1,0,27,27
GMAND;M13N2Tg,1,0,27,27
GMAND;M16N4Tg,1,0,27,27
GMAND;M16NTg,1,0,27,27
GMAND;M4MPDOL_ter,1,0,27,27
GMAND;M8MASNterg,1,0,27,27
GMAND;MANtg,1,0,27,27
GMAND;MDHm,0,1,28,26
GMAND;MG1er,1,0,27,27
GMAND;MG2er,1,0,27,27
GMAND;MG3er,1,0,27,27
GMAND;MM5ag,1,0,27,27
GMAND;MM6bg,1,0,27,27
GMAND;MM7Cag,1,0,27,27
GMAND;MM8Ag,1,0,27,27
GMAND;N3Tg,1,0,27,27
GMAND;NADH2_u10m,0,1,28,26
GMAND;NDP7er,0,1,28,26
GMAND;NDPK1,1,0,27,27
GMAND;OAAtn,0,1,28,26
GMAND;PCOREM3terg,0,1,28,26
GMAND;PDHa,0,1,28,26
GMAND;PDHbr,0,1,28,26
GMAND;PHEMEtm,1,0,27,27
GMAND;PIMALtm,1,0,27,27
GMAND;PIt2m_2,0,1,28,26
GMAND;PIt9,1,1,27,26
GMAND;PItn,0,1,28,26
GMAND;POCDPRBTLT2g,0,1,28,26
GMAND;POCDPRBTLTg,0,1,28,26
GMAND;POGLCNACTg,0,1,28,26
GMAND;POMGNGALNTr,0,1,28,26
GMAND;POMGNTr,0,1,28,26
GMAND;POMKr,0,1,28,26
GMAND;POXYLTg,0,1,28,26
GMAND;PPBNGS,1,0,27,27
GMAND;PPPG9tm,1,0,27,27
GMAND;PPPGOm,1,0,27,27
GMAND;PROAKGOX1m,1,0,27,27
GMAND;PROtm,2,0,26,27
GMAND;PYRt2m,0,1,28,26
GMAND;RBFK,0,1,28,26
GMAND;RBT5PCYTr,0,1,28,26
GMAND;RBT5PDH,0,1,28,26
GMAND;RDH1,0,1,28,26
GMAND;RDH1a,0,2,28,25
GMAND;RIBFLVt6,0,1,28,26
GMAND;SO4AKGtm,1,0,27,27
GMAND;SO4HCOtex,2,0,26,27
GMAND;SO4MALtm,1,0,27,27
GMAND;SUCOAS1m,1,0,27,27
GMAND;THFtm,0,1,28,26
GMAND;THRALANaEx,1,0,27,27
GMAND;UACGAMUMPtr,0,1,28,26
GMAND;UAG4E,4,2,24,25
GMAND;UDPDOLPT,1,0,27,27
GMAND;UDPGD,1,1,27,26
GMAND;UDPGLCAter,1,0,27,27
GMAND;UDPGLCAtg,0,1,28,26
GMAND;UDPGLDCg,0,1,28,26
GMAND;UGALNACter,0,1,28,26
GMAND;UGALNACtg,2,1,26,26
GMAND;UMPK5,1,0,27,27
GMAND;UPP3S,1,0,27,27
GMAND;UPPDC1,1,0,27,27
GMPtg;ACITLn,0,1,28,26
GMPtg;ADPtn,0,1,28,26
GMPtg;CITtn,0,1,28,26
GMPtg;GTPGDPtm,1,0,27,27
GMPtg;HEX16,1,0,27,27
GMPtg;HMBS,1,0,27,27
GMPtg;HMGCOASim,0,1,28,26
GMPtg;HMGLm,0,1,28,26
GMPtg;HOXG,1,0,27,27
GMPtg;ICITCITtm,0,1,28,26
GMPtg;ICITMALtm,0,1,28,26
GMPtg;LARGEg,0,1,28,26
GMPtg;LDH_L,0,1,28,26
GMPtg;M1316Mg,1,0,27,27
GMPtg;M13N2Tg,1,0,27,27
GMPtg;M16N4Tg,1,0,27,27
GMPtg;M16NTg,1,0,27,27
GMPtg;M4MPDOL_ter,1,0,27,27
GMPtg;M8MASNterg,1,0,27,27
GMPtg;MANtg,1,0,27,27
GMPtg;MDHm,0,1,28,26
GMPtg;MG1er,1,0,27,27
GMPtg;MG2er,1,0,27,27
GMPtg;MG3er,1,0,27,27
GMPtg;MM5ag,1,0,27,27
GMPtg;MM6bg,1,0,27,27
GMPtg;MM7Cag,1,0,27,27
GMPtg;MM8Ag,1,0,27,27
GMPtg;N3Tg,1,0,27,27
GMPtg;NADH2_u10m,0,1,28,26
GMPtg;NDP7er,0,1,28,26
GMPtg;NDPK1,1,0,27,27
GMPtg;OAAtn,0,1,28,26
GMPtg;PCOREM3terg,0,1,28,26
GMPtg;PDHa,0,1,28,26
GMPtg;PDHbr,0,1,28,26
GMPtg;PHEMEtm,1,0,27,27
GMPtg;PIMALtm,1,0,27,27
GMPtg;PIt2m_2,0,1,28,26
GMPtg;PIt9,1,1,27,26
GMPtg;PItn,0,1,28,26
GMPtg;POCDPRBTLT2g,0,1,28,26
GMPtg;POCDPRBTLTg,0,1,28,26
GMPtg;POGLCNACTg,0,1,28,26
GMPtg;POMGNGALNTr,0,1,28,26
GMPtg;POMGNTr,0,1,28,26
GMPtg;POMKr,0,1,28,26
GMPtg;POXYLTg,0,1,28,26
GMPtg;PPBNGS,1,0,27,27
GMPtg;PPPG9tm,1,0,27,27
GMPtg;PPPGOm,1,0,27,27
GMPtg;PROAKGOX1m,1,0,27,27
GMPtg;PROtm,2,0,26,27
GMPtg;PYRt2m,0,1,28,26
GMPtg;RBFK,0,1,28,26
GMPtg;RBT5PCYTr,0,1,28,26
GMPtg;RBT5PDH,0,1,28,26
GMPtg;RDH1,0,1,28,26
GMPtg;RDH1a,0,2,28,25
GMPtg;RIBFLVt6,0,1,28,26
GMPtg;SO4AKGtm,1,0,27,27
GMPtg;SO4HCOtex,2,0,26,27
GMPtg;SO4MALtm,1,0,27,27
GMPtg;SUCOAS1m,1,0,27,27
GMPtg;THFtm,0,1,28,26
GMPtg;THRALANaEx,1,0,27,27
GMPtg;UACGAMUMPtr,0,1,28,26
GMPtg;UAG4E,4,2,24,25
GMPtg;UDPDOLPT,1,0,27,27
GMPtg;UDPGD,1,1,27,26
GMPtg;UDPGLCAter,1,0,27,27
GMPtg;UDPGLCAtg,0,1,28,26
GMPtg;UDPGLDCg,0,1,28,26
GMPtg;UGALNACter,0,1,28,26
GMPtg;UGALNACtg,2,1,26,26
GMPtg;UMPK5,1,0,27,27
GMPtg;UPP3S,1,0,27,27
GMPtg;UPPDC1,1,0,27,27
GND;PGI,1,0,27,27
GND;RPE,1,0,27,27
GND;TALA,1,0,27,27
GND;TKT1,1,0,27,27
GND;TKT2,1,0,27,27
GPAT;H2Ot,0,1,28,26
GPAT;LALDD,1,0,27,27
GPAT;LCADi_D,1,0,27,27
GPATm;PROGLUtm,1,0,27,27
GPATm;PROtm,1,0,27,27
GPATm;THRA,1,0,27,27
GPATm;THRATB0tc,1,0,27,27
GPCCPDE;GULLACter,1,0,27,27
GPCCPDE;GULOer,1,0,27,27
GPCCPDE;H2O2t,1,0,27,27
GPCCPDE;H2O2ter,1,0,27,27
GPCCPDE;H2Otg,1,0,27,27
GPCCPDE;H2Otly,1,0,27,27
GPCCPDE;HAS1,1,0,27,27
GPCCPDE;HAS2,1,0,27,27
GPCCPDE;HAtly,1,0,27,27
GPCCPDE;HCO3E,1,0,27,27
GPCCPDE;HYAL,1,0,27,27
GPCCPDE;Htg,1,0,27,27
GPCCPDE;KSII_CORE4t,1,0,27,27
GPCCPDE;KSII_CORE4tly,1,0,27,27
GPCCPDE;NACHEX24ly,1,0,27,27
GPCCPDE;NACHEX25ly,1,0,27,27
GPCCPDE;NACHEX26ly,1,0,27,27
GPCCPDE;NAGA2ly,1,0,27,27
GPCCPDE;NAGLCAly,1,0,27,27
GPCCPDE;NDP7g,1,0,27,27
GPCCPDE;PAPStg,1,0,27,27
GPCCPDE;PAPtg,1,0,27,27
GPCCPDE;PFK,0,1,28,26
GPCCPDE;PGK,2,0,26,27
GPCCPDE;PGM,1,0,27,27
GPCCPDE;PItg,1,0,27,27
GPCCPDE;S23T4g,1,0,27,27
GPCCPDE;S6T16g,1,0,27,27
GPCCPDE;S6T17g,1,0,27,27
GPCCPDE;S6T18g,1,0,27,27
GPCCPDE;S6TASE24ly,1,0,27,27
GPCCPDE;S6TASE25ly,1,0,27,27
GPCCPDE;S6TASE26ly,1,0,27,27
GPCCPDE;SADT,1,0,27,27
GPCCPDE;SIAASE4ly,1,0,27,27
GPCCPDE;SO4tl,1,0,27,27
GPCCPDE;Ser/Thrtg,1,0,27,27
GPCCPDE;THRA,2,1,26,26
GPCCPDE;TPI,1,0,27,27
GPCCPDE;UAGDP,1,0,27,27
GPCCPDE;UDPACGALtl,1,0,27,27
GPCCPDE;UDPG4E,1,0,27,27
GPCCPDE;UDPGALtg,1,0,27,27
GPCCPDE;UDPGD,1,0,27,27
GPCCPDE;UDPtl,1,0,27,27
GPCCPDE;UGALNACtg,1,0,27,27
GPCCPDE;UGLCNACtg,1,0,27,27
GPCCPDE;UROLACer,1,0,27,27
GPDDA1;HCO3E,1,0,27,27
GTHP;THFt2,1,0,27,27
GTHRDte;HCO3E,0,1,28,26
GTHRDte;HCO3Ee,0,2,28,25
GTHRDte;ICDHyrm,0,1,28,26
GTHRDte;LDH_L,0,1,28,26
GTHRDte;PFK2,0,1,28,26
GTHRDte;PIt9,0,1,28,26
GTHRDte;PPA,0,1,28,26
GTHRDte;RADH3,0,1,28,26
GTHRDte;RADH4,0,1,28,26
GTHS;HCO3E,0,1,28,26
GTHS;HCO3Ee,0,2,28,25
GTHS;ICDHyrm,0,1,28,26
GTHS;LDH_L,0,1,28,26
GTHS;PFK2,0,1,28,26
GTHS;PIt9,0,1,28,26
GTHS;PPA,0,1,28,26
GTHS;RADH3,0,1,28,26
GTHS;RADH4,0,1,28,26
GTPGDPtm;ACITLn,1,0,27,27
GTPGDPtm;ADPtn,1,0,27,27
GTPGDPtm;AKGtn,1,0,27,27
GTPGDPtm;ARTFR41,0,1,28,26
GTPGDPtm;ARTFR45,1,0,27,27
GTPGDPtm;CITtn,1,0,27,27
GTPGDPtm;CO2tn,1,0,27,27
GTPGDPtm;FALDtn,1,0,27,27
GTPGDPtm;H2O2t,1,0,27,27
GTPGDPtm;H2O2tp,1,1,27,26
GTPGDPtm;H2Oter,1,0,27,27
GTPGDPtm;H2Otg,2,1,26,26
GTPGDPtm;H2Otp,1,0,27,27
GTPGDPtm;H3K36DMET_3,1,0,27,27
GTPGDPtm;H3K36MET_3,1,0,27,27
GTPGDPtm;HACD201,1,0,27,27
GTPGDPtm;HACD221,1,0,27,27
GTPGDPtm;HACD241,1,0,27,27
GTPGDPtm;HCO3E,2,0,26,27
GTPGDPtm;HCO3Em,1,1,27,26
GTPGDPtm;HCO3tm,1,1,27,26
GTPGDPtm;HEX16,0,1,28,26
GTPGDPtm;HMBS,0,1,28,26
GTPGDPtm;HOXG,0,1,28,26
GTPGDPtm;HSD201,1,0,27,27
GTPGDPtm;HSD221,1,0,27,27
GTPGDPtm;HSD241,1,0,27,27
GTPGDPtm;Htg,2,1,26,26
GTPGDPtm;Htr,1,0,27,27
GTPGDPtm;ICDHxrm,0,1,28,26
GTPGDPtm;ICDHyrm,1,0,27,27
GTPGDPtm;IDHPOXOX2b,0,1,28,26
GTPGDPtm;IDHPOXOX3,0,1,28,26
GTPGDPtm;IDHPOXOXb,0,1,28,26
GTPGDPtm;ILEOX,0,1,28,26
GTPGDPtm;ILETAm,0,1,28,26
GTPGDPtm;ILEt5m,0,1,28,26
GTPGDPtm;IMAGH,1,0,27,27
GTPGDPtm;LPS3m,0,1,28,26
GTPGDPtm;M1316Mg,0,1,28,26
GTPGDPtm;M13N2Tg,0,1,28,26
GTPGDPtm;M16N4Tg,0,1,28,26
GTPGDPtm;M16NTg,0,1,28,26
GTPGDPtm;M4MPDOL_ter,0,1,28,26
GTPGDPtm;M8MASNterg,0,1,28,26
GTPGDPtm;MAN1PT2,1,1,27,26
GTPGDPtm;MAN6PI,1,1,27,26
GTPGDPtm;MANtg,0,1,28,26
GTPGDPtm;ME1m,0,1,28,26
GTPGDPtm;MEOHt2,1,0,27,27
GTPGDPtm;METAT,1,0,27,27
GTPGDPtm;MG1er,0,1,28,26
GTPGDPtm;MG2er,0,1,28,26
GTPGDPtm;MG3er,0,1,28,26
GTPGDPtm;MM5ag,0,1,28,26
GTPGDPtm;MM6bg,0,1,28,26
GTPGDPtm;MM7Cag,0,1,28,26
GTPGDPtm;MM8Ag,0,1,28,26
GTPGDPtm;NAIt,0,1,28,26
GTPGDPtm;NCKt,0,1,28,26
GTPGDPtm;NCNt,0,1,28,26
GTPGDPtm;NDP7er,0,1,28,26
GTPGDPtm;NDP7g,2,1,26,26
GTPGDPtm;NDPK1,3,0,25,27
GTPGDPtm;NRVNCCOAtr,1,0,27,27
GTPGDPtm;O2tn,1,0,27,27
GTPGDPtm;O2tp,1,1,27,26
GTPGDPtm;OAADC,0,1,28,26
GTPGDPtm;OAAtn,1,0,27,27
GTPGDPtm;OXALSUCCCLm,1,1,27,26
GTPGDPtm;P5CRxm,0,1,28,26
GTPGDPtm;PEPCK,1,0,27,27
GTPGDPtm;PGMT,1,1,27,26
GTPGDPtm;PHEMEtm,0,1,28,26
GTPGDPtm;PIATPLtm,0,1,28,26
GTPGDPtm;PIMALtm,1,2,27,25
GTPGDPtm;PIt2m_2,1,1,27,26
GTPGDPtm;PIt2r,0,1,28,26
GTPGDPtm;PItg,2,1,26,26
GTPGDPtm;PItn,1,0,27,27
GTPGDPtm;PLMCOAPTr,0,1,28,26
GTPGDPtm;PMANM,1,1,27,26
GTPGDPtm;PMTCOAFABP1tc,0,1,28,26
GTPGDPtm;PPBNGS,0,1,28,26
GTPGDPtm;PPM2,0,1,28,26
GTPGDPtm;PPPG9tm,0,1,28,26
GTPGDPtm;PPPGOm,0,1,28,26
GTPGDPtm;PROD2m,0,1,28,26
GTPGDPtm;PROtm,0,1,28,26
GTPGDPtm;PYK6,1,0,27,27
GTPGDPtm;PYRt2m,0,2,28,25
GTPGDPtm;RDH1,0,1,28,26
GTPGDPtm;RDH1a,0,1,28,26
GTPGDPtm;RND213,0,1,28,26
GTPGDPtm;RTOT4,1,1,27,26
GTPGDPtm;R_group_phosphotase_1,0,1,28,26
GTPGDPtm;Rtotaltm,0,1,28,26
GTPGDPtm;SARCOXp,1,0,27,27
GTPGDPtm;SARCStm,1,0,27,27
GTPGDPtm;SARCStp,1,0,27,27
GTPGDPtm;SO3AKGtm,1,1,27,26
GTPGDPtm;SO3MALtm,1,1,27,26
GTPGDPtm;SO4AKGtm,0,1,28,26
GTPGDPtm;SO4MALtm,0,1,28,26
GTPGDPtm;SUCOASm,1,1,27,26
GTPGDPtm;TECR201,1,0,27,27
GTPGDPtm;TECR221,1,0,27,27
GTPGDPtm;TECR241,1,0,27,27
GTPGDPtm;THFtm,1,0,27,27
GTPGDPtm;THR3Dx,1,0,27,27
GTPGDPtm;THRA,1,0,27,27
GTPGDPtm;THYPX,0,1,28,26
GTPGDPtm;TYROX,1,0,27,27
GTPGDPtm;TYRTA,1,0,27,27
GTPGDPtm;UAGDP,2,1,26,26
GTPGDPtm;UDPDOLPT,0,1,28,26
GTPGDPtm;UDPG4E,1,0,27,27
GTPGDPtm;UDPGALt2r,1,0,27,27
GTPGDPtm;UDPGALtg,1,0,27,27
GTPGDPtm;UDPGD,0,1,28,26
GTPGDPtm;UDPGGPGTr,1,0,27,27
GTPGDPtm;UDPGLCAter,0,1,28,26
GTPGDPtm;UGCGc,1,0,27,27
GTPGDPtm;UGLCNACtg,2,1,26,26
GTPGDPtm;UGT1A2r,0,1,28,26
GTPGDPtm;UMPtr,1,0,27,27
GTPGDPtm;UPP3S,0,1,28,26
GTPGDPtm;UPPDC1,0,1,28,26
GUACYC;THRA,0,1,28,26
GUAD;MTHFR3x,1,0,27,27
GULLACter;H2O2t,1,0,27,27
GULLACter;HMGCOASim,0,1,28,26
GULLACter;LPASE,1,0,27,27
GULLACter;NDP7er,0,1,28,26
GULLACter;PDHa,0,1,28,26
GULLACter;PDHbr,0,1,28,26
GULLACter;PIt9,1,0,27,27
GULLACter;PNTK,2,0,26,27
GULLACter;PNTOte,2,0,26,27
GULLACter;PPCDC,2,0,26,27
GULLACter;PPNCL2,2,0,26,27
GULLACter;PROSTGE2t,1,0,27,27
GULLACter;PROSTGE2t2,1,0,27,27
GULLACter;PTPAT,2,0,26,27
GULLACter;PYRt2m,0,1,28,26
GULLACter;R_group_phosphotase_1,1,0,27,27
GULLACter;THRALANaEx,1,0,27,27
GULLACter;UAG4E,0,1,28,26
GULLACter;UMPK5,1,0,27,27
GULOer;H2O2t,1,0,27,27
GULOer;HMGCOASim,0,1,28,26
GULOer;LPASE,1,0,27,27
GULOer;NDP7er,0,1,28,26
GULOer;PDHa,0,1,28,26
GULOer;PDHbr,0,1,28,26
GULOer;PIt9,1,0,27,27
GULOer;PNTK,2,0,26,27
GULOer;PNTOte,2,0,26,27
GULOer;PPCDC,2,0,26,27
GULOer;PPNCL2,2,0,26,27
GULOer;PROSTGE2t,1,0,27,27
GULOer;PROSTGE2t2,1,0,27,27
GULOer;PTPAT,2,0,26,27
GULOer;PYRt2m,0,1,28,26
GULOer;R_group_phosphotase_1,1,0,27,27
GULOer;THRALANaEx,1,0,27,27
GULOer;UAG4E,0,1,28,26
GULOer;UMPK5,1,0,27,27
H2O2syn;HCO3E,1,0,27,27
H2O2syn;TYRDOPO,1,0,27,27
H2O2t;ARTFR41,0,1,28,26
H2O2t;ARTFR52,2,0,26,27
H2O2t;H2O2ter,1,0,27,27
H2O2t;H2O2tly,1,0,27,27
H2O2t;HACD200,2,0,26,27
H2O2t;HACD220,2,0,26,27
H2O2t;HACD240,2,0,26,27
H2O2t;HACD260,2,0,26,27
H2O2t;HAS1,1,0,27,27
H2O2t;HAS2,1,0,27,27
H2O2t;HAtly,1,0,27,27
H2O2t;HCO3E,1,0,27,27
H2O2t;HEXCCOAtr,2,0,26,27
H2O2t;HMBS,1,0,27,27
H2O2t;HOXG,1,0,27,27
H2O2t;HSD200,2,0,26,27
H2O2t;HSD220,2,0,26,27
H2O2t;HSD240,2,0,26,27
H2O2t;HSD260,2,0,26,27
H2O2t;HXDCEALOR,1,0,27,27
H2O2t;HYAL,1,0,27,27
H2O2t;IDHPOXOX2b,2,3,26,24
H2O2t;IDHPOXOX3,2,1,26,26
H2O2t;IDHPOXOX4,0,2,28,25
H2O2t;IDHPOXOXb,2,3,26,24
H2O2t;IMAGH,1,0,27,27
H2O2t;It,2,1,26,26
H2O2t;LCYSTCBOXL,2,1,26,26
H2O2t;LPASE,1,0,27,27
H2O2t;MAOLNOR,1,0,27,27
H2O2t;ME1m,0,1,28,26
H2O2t;MEOHtly,1,0,27,27
H2O2t;NAIt,0,2,28,25
H2O2t;NDPK1,1,0,27,27
H2O2t;NMNS,2,1,26,26
H2O2t;NTD7,1,0,27,27
H2O2t;O2t,1,0,27,27
H2O2t;P5CRxm,0,1,28,26
H2O2t;PHEMEtm,1,0,27,27
H2O2t;PIMALtm,1,0,27,27
H2O2t;PLMCOAPTr,0,1,28,26
H2O2t;PMTCOAFABP1tc,0,1,28,26
H2O2t;PPBNGS,1,0,27,27
H2O2t;PPPG9tm,1,0,27,27
H2O2t;PPPGOm,1,0,27,27
H2O2t;PRDXl,1,0,27,27
H2O2t;PROAKGOX1m,1,0,27,27
H2O2t;PROD2m,0,1,28,26
H2O2t;PROtm,2,0,26,27
H2O2t;RNAdeg,1,1,27,26
H2O2t;RTOT4,0,1,28,26
H2O2t;RTOT5,2,0,26,27
H2O2t;R_group_phosphotase_1,2,0,26,27
H2O2t;Rtotaltl,1,0,27,27
H2O2t;SADT,2,3,26,24
H2O2t;SALMCOM,1,0,27,27
H2O2t;SBPP1,1,0,27,27
H2O2t;SGPL11,1,0,27,27
H2O2t;SMPD3l,1,0,27,27
H2O2t;SO4AKGtm,1,0,27,27
H2O2t;SO4CLtex2,0,1,28,26
H2O2t;SO4MALtm,1,0,27,27
H2O2t;SO4t4_2,2,0,26,27
H2O2t;SO4t4_3,0,1,28,26
H2O2t;SPHINGStl,1,0,27,27
H2O2t;SPHK21c,1,0,27,27
H2O2t;SPHMYLNtl,1,0,27,27
H2O2t;SPPL,1,0,27,27
H2O2t;SUCOAS1m,1,0,27,27
H2O2t;TAURCHAe,2,1,26,26
H2O2t;TECR200,2,0,26,27
H2O2t;TECR220,2,0,26,27
H2O2t;TECR240,2,0,26,27
H2O2t;TECR260,2,0,26,27
H2O2t;THBPT4ACAMDASE,1,0,27,27
H2O2t;THRA,1,0,27,27
H2O2t;THRALANaEx,1,0,27,27
H2O2t;THYPX,2,3,26,24
H2O2t;THYRIDHD,1,1,27,26
H2O2t;THYST,1,3,27,24
H2O2t;TRIODTHYt,1,0,27,27
H2O2t;TYR3MO2,1,0,27,27
H2O2t;UAGDP,1,0,27,27
H2O2t;UDPGD,1,0,27,27
H2O2t;UDPGLCAter,1,0,27,27
H2O2t;UMPK5,1,0,27,27
H2O2t;UPP3S,1,0,27,27
H2O2t;UPPDC1,1,0,27,27
H2O2t;UROLACer,1,0,27,27
H2O2ter;HMGCOASim,0,1,28,26
H2O2ter;LPASE,1,0,27,27
H2O2ter;NDP7er,0,1,28,26
H2O2ter;PDHa,0,1,28,26
H2O2ter;PDHbr,0,1,28,26
H2O2ter;PIt9,1,0,27,27
H2O2ter;PNTK,2,0,26,27
H2O2ter;PNTOte,2,0,26,27
H2O2ter;PPCDC,2,0,26,27
H2O2ter;PPNCL2,2,0,26,27
H2O2ter;PROSTGE2t,1,0,27,27
H2O2ter;PROSTGE2t2,1,0,27,27
H2O2ter;PTPAT,2,0,26,27
H2O2ter;PYRt2m,0,1,28,26
H2O2ter;R_group_phosphotase_1,1,0,27,27
H2O2ter;THRALANaEx,1,0,27,27
H2O2ter;UAG4E,0,1,28,26
H2O2ter;UMPK5,1,0,27,27
H2O2tly;PNTK,1,0,27,27
H2O2tly;PNTOte,1,0,27,27
H2O2tly;PPCDC,1,0,27,27
H2O2tly;PPNCL2,1,0,27,27
H2O2tly;PTPAT,1,0,27,27
H2O2tm;O2tm,0,3,28,24
H2O2tn;MI1PP,1,3,27,24
H2O2tn;O2t,2,4,26,23
H2O2tn;PIPLC,1,3,27,24
H2O2tp;ACITLn,0,1,28,26
H2O2tp;ADPtn,0,1,28,26
H2O2tp;ARTFR52,4,0,24,27
H2O2tp;CITtn,0,1,28,26
H2O2tp;H2Oter,0,2,28,25
H2O2tp;HACD180,1,0,27,27
H2O2tp;HACD200,4,0,24,27
H2O2tp;HACD220,4,0,24,27
H2O2tp;HACD240,4,0,24,27
H2O2tp;HACD260,4,0,24,27
H2O2tp;HCO3E,1,1,27,26
H2O2tp;HEXCCOAtr,4,0,24,27
H2O2tp;HMBS,1,0,27,27
H2O2tp;HMGCOASim,0,1,28,26
H2O2tp;HMGL,1,0,27,27
H2O2tp;HMGLm,0,1,28,26
H2O2tp;HOXG,1,0,27,27
H2O2tp;HSD180,1,0,27,27
H2O2tp;HSD200,4,0,24,27
H2O2tp;HSD220,4,0,24,27
H2O2tp;HSD240,4,0,24,27
H2O2tp;HSD260,4,0,24,27
H2O2tp;HSD3B11,0,1,28,26
H2O2tp;Htr,1,3,27,24
H2O2tp;ICDHyrm,0,2,28,25
H2O2tp;ICITCITtm,0,1,28,26
H2O2tp;ICITMALtm,0,1,28,26
H2O2tp;IMAGH,1,0,27,27
H2O2tp;ITCOAL1m,0,1,28,26
H2O2tp;LDH_L,0,1,28,26
H2O2tp;MDH,0,1,28,26
H2O2tp;MDHm,0,1,28,26
H2O2tp;NADH2_u10m,0,1,28,26
H2O2tp;NDPK1,1,0,27,27
H2O2tp;NTD7,1,0,27,27
H2O2tp;O2tm,0,1,28,26
H2O2tp;OAAtn,0,1,28,26
H2O2tp;OCOAT1m,1,0,27,27
H2O2tp;OXALSUCCCLm,0,1,28,26
H2O2tp;P45011A1m,0,1,28,26
H2O2tp;P5CRxm,0,1,28,26
H2O2tp;PDHa,0,1,28,26
H2O2tp;PDHbr,0,1,28,26
H2O2tp;PGMT,0,1,28,26
H2O2tp;PHEMEtm,1,0,27,27
H2O2tp;PHEOX,0,1,28,26
H2O2tp;PHETA1,0,1,28,26
H2O2tp;PIMALtm,1,1,27,26
H2O2tp;PIt9,0,1,28,26
H2O2tp;PIter,0,1,28,26
H2O2tp;PItn,0,1,28,26
H2O2tp;PPA,1,0,27,27
H2O2tp;PPBNGS,1,0,27,27
H2O2tp;PPPG9tm,1,0,27,27
H2O2tp;PPPGOm,1,0,27,27
H2O2tp;PRGNLONEtm,0,1,28,26
H2O2tp;PRGSTRNt,0,1,28,26
H2O2tp;PROAKGOX1m,1,0,27,27
H2O2tp;PROD2m,0,1,28,26
H2O2tp;PROGLUtm,1,0,27,27
H2O2tp;PROtm,3,0,25,27
H2O2tp;R5Ptr,0,1,28,26
H2O2tp;RADH3,0,1,28,26
H2O2tp;RADH4,0,1,28,26
H2O2tp;RPIr,0,1,28,26
H2O2tp;RTOT4,0,1,28,26
H2O2tp;RTOT5,4,0,24,27
H2O2tp;RU5Ptr,0,1,28,26
H2O2tp;SO3AKGtm,0,1,28,26
H2O2tp;SO3MALtm,0,1,28,26
H2O2tp;SO4AKGtm,1,0,27,27
H2O2tp;SO4MALtm,1,0,27,27
H2O2tp;SUCOAS1m,2,0,26,27
H2O2tp;TECR180,1,0,27,27
H2O2tp;TECR200,4,0,24,27
H2O2tp;TECR220,4,0,24,27
H2O2tp;TECR240,4,0,24,27
H2O2tp;TECR260,4,0,24,27
H2O2tp;THFtm,0,3,28,24
H2O2tp;THRA,1,0,27,27
H2O2tp;THRATB0tc,1,0,27,27
H2O2tp;TXA2tr,0,2,28,25
H2O2tp;TXB2c,0,2,28,25
H2O2tp;TXB2r,0,2,28,25
H2O2tp;TXB2tr,0,2,28,25
H2O2tp;UDPGD,1,0,27,27
H2O2tp;UDPGLCAter,1,0,27,27
H2O2tp;UMPK,0,1,28,26
H2O2tp;UPP3S,1,0,27,27
H2O2tp;UPPDC1,1,0,27,27
H2Ot;HCO3E,0,1,28,26
H2Ot;HCO3Ee,1,0,27,27
H2Ot;HCO3_CLt,1,0,27,27
H2Ot;HMBS,0,1,28,26
H2Ot;HOXG,0,1,28,26
H2Ot;Htr,0,1,28,26
H2Ot;KCC2t,0,1,28,26
H2Ot;KYNAKGAT,0,1,28,26
H2Ot;KYNATESYN,0,1,28,26
H2Ot;KYNATEtr,0,1,28,26
H2Ot;LDH_L,0,2,28,25
H2Ot;NDP7er,0,1,28,26
H2Ot;NMNS,0,1,28,26
H2Ot;O2t,0,1,28,26
H2Ot;OROTGLUt,0,1,28,26
H2Ot;OROTte,0,1,28,26
H2Ot;PGMT,0,1,28,26
H2Ot;PHEMEtm,0,1,28,26
H2Ot;PIter,0,1,28,26
H2Ot;PPBNGS,0,1,28,26
H2Ot;PPPG9tm,0,1,28,26
H2Ot;PPPGOm,0,1,28,26
H2Ot;PYK,0,1,28,26
H2Ot;PYRAKGte,0,1,28,26
H2Ot;RNAdeg,0,2,28,25
H2Ot;TRPO2,0,1,28,26
H2Ot;TYRASE2,0,1,28,26
H2Ot;TYRDOPO,0,2,28,25
H2Ot;TYRDOPO3,0,2,28,25
H2Ot;UDPGCURtr,0,1,28,26
H2Ot;UDPGD,0,1,28,26
H2Ot;UGT1A2r,0,1,28,26
H2Ot;UMPtr,0,1,28,26
H2Ot;UPP3S,0,1,28,26
H2Ot;UPPDC1,0,1,28,26
H2Ot;UREAt,4,0,24,27
H2Ot;UREAt5,4,0,24,27
H2Oter;ARTFR41,0,2,28,25
H2Oter;H2Otp,0,2,28,25
H2Oter;H3K4MET_1,0,1,28,26
H2Oter;H3K4MET_2,0,1,28,26
H2Oter;H3K4MET_3,0,1,28,26
H2Oter;H3K4_synthesis,0,1,28,26
H2Oter;HACD2031,0,1,28,26
H2Oter;HCO3Em,1,0,27,27
H2Oter;HCO3tm,1,0,27,27
H2Oter;HMBS,3,1,25,26
H2Oter;HOXG,3,1,25,26
H2Oter;HSD2031,0,1,28,26
H2Oter;Htr,0,4,28,23
H2Oter;IDHPOXOX2b,0,1,28,26
H2Oter;IDHPOXOX4,0,1,28,26
H2Oter;IDHPOXOXb,0,1,28,26
H2Oter;ILEOX,1,0,27,27
H2Oter;ILETAm,1,0,27,27
H2Oter;ILEt5m,1,0,27,27
H2Oter;IMAGH,1,0,27,27
H2Oter;LNLNCGCOAtr,0,1,28,26
H2Oter;LNLNCGCOAtx,0,1,28,26
H2Oter;LYStn,0,1,28,26
H2Oter;METAT,0,1,28,26
H2Oter;N3Tg,1,0,27,27
H2Oter;NAIt,0,1,28,26
H2Oter;NDP7er,4,1,24,26
H2Oter;NDPK1,1,0,27,27
H2Oter;NMNS,0,1,28,26
H2Oter;O2tp,0,2,28,25
H2Oter;PGMT,2,3,26,24
H2Oter;PHEMEtm,3,1,25,26
H2Oter;PIMALtm,1,1,27,26
H2Oter;PIt2m_2,0,1,28,26
H2Oter;PIt2r,0,1,28,26
H2Oter;PIt9,0,1,28,26
H2Oter;PIter,1,3,27,24
H2Oter;PLMCOAPTr,0,2,28,25
H2Oter;PMTCOAFABP1tc,0,2,28,25
H2Oter;PPA,4,0,24,27
H2Oter;PPBNGS,3,1,25,26
H2Oter;PPPG9tm,3,1,25,26
H2Oter;PPPGOm,3,1,25,26
H2Oter;PROAKGOX1m,2,0,26,27
H2Oter;PROtm,1,0,27,27
H2Oter;PUNP1,0,1,28,26
H2Oter;PVD3,1,0,27,27
H2Oter;RBFK,0,1,28,26
H2Oter;RIBFLVt6,0,1,28,26
H2Oter;RND213,0,1,28,26
H2Oter;RTOT4,0,2,28,25
H2Oter;SADT,0,1,28,26
H2Oter;SARCOXp,0,1,28,26
H2Oter;SARCStm,0,1,28,26
H2Oter;SARCStp,0,1,28,26
H2Oter;SO3AKGtm,0,1,28,26
H2Oter;SO3MALtm,0,1,28,26
H2Oter;SO4AKGtm,1,0,27,27
H2Oter;SO4CLtex2,0,1,28,26
H2Oter;SO4MALtm,1,0,27,27
H2Oter;SUCOAS1m,1,0,27,27
H2Oter;SUCOASm,1,0,27,27
H2Oter;TECR2031,0,1,28,26
H2Oter;THFtm,0,1,28,26
H2Oter;THRA,4,0,24,27
H2Oter;THRALANaEx,4,0,24,27
H2Oter;THYPX,0,1,28,26
H2Oter;THYST,0,1,28,26
H2Oter;TPI,0,1,28,26
H2Oter;UAG4E,1,0,27,27
H2Oter;UDPGD,6,1,22,26
H2Oter;UDPGLCAter,3,1,25,26
H2Oter;UGALNACtg,1,0,27,27
H2Oter;UGT1A2r,2,1,26,26
H2Oter;UPP3S,3,1,25,26
H2Oter;UPPDC1,3,1,25,26
H2Oter;VD3,1,0,27,27
H2Oter;VITD3Hm,1,0,27,27
H2Oter;VITD3tm,1,0,27,27
H2Oter;peplys_synthesis,0,1,28,26
H2Otg;ACITLn,0,1,28,26
H2Otg;ADPtn,0,1,28,26
H2Otg;CITtn,0,1,28,26
H2Otg;HAS1,1,0,27,27
H2Otg;HAS2,1,0,27,27
H2Otg;HCO3E,1,0,27,27
H2Otg;HCO3Ee,2,0,26,27
H2Otg;HCO3Em,1,0,27,27
H2Otg;HCO3_CLt,1,0,27,27
H2Otg;HCO3tm,1,0,27,27
H2Otg;HMBS,1,0,27,27
H2Otg;HMGL,0,1,28,26
H2Otg;HMGLm,0,1,28,26
H2Otg;HOXG,1,0,27,27
H2Otg;HYALe,1,0,27,27
H2Otg;Htr,0,1,28,26
H2Otg;ICITCITtm,0,1,28,26
H2Otg;ICITMALtm,0,1,28,26
H2Otg;KCCt,0,1,28,26
H2Otg;LDH_L,0,1,28,26
H2Otg;LPASE,1,0,27,27
H2Otg;MAL_Lte,1,2,27,25
H2Otg;MDHm,0,1,28,26
H2Otg;METDECARc,0,1,28,26
H2Otg;METTRANSc,0,1,28,26
H2Otg;NADH2_u10m,1,1,27,26
H2Otg;NDPK1,1,0,27,27
H2Otg;NH4tr,1,0,27,27
H2Otg;NTD7e,0,1,28,26
H2Otg;OAAtn,0,1,28,26
H2Otg;OCOAT1m,0,1,28,26
H2Otg;OROTGLUt,0,1,28,26
H2Otg;OROTte,0,1,28,26
H2Otg;PE_HStm,0,1,28,26
H2Otg;PFK_3,1,0,27,27
H2Otg;PGI,0,1,28,26
H2Otg;PGMT,1,0,27,27
H2Otg;PHEMEtm,1,0,27,27
H2Otg;PIMALtm,1,0,27,27
H2Otg;PIt2e,0,1,28,26
H2Otg;PIt2m_2,0,2,28,25
H2Otg;PIt7,2,0,26,27
H2Otg;PIt9,1,2,27,25
H2Otg;PItn,0,1,28,26
H2Otg;PNTK,1,0,27,27
H2Otg;PNTOte,1,0,27,27
H2Otg;PPAer,1,0,27,27
H2Otg;PPBNGS,1,0,27,27
H2Otg;PPCDC,1,0,27,27
H2Otg;PPIPItr,1,0,27,27
H2Otg;PPNCL2,1,0,27,27
H2Otg;PPPG9tm,1,0,27,27
H2Otg;PPPGOm,1,0,27,27
H2Otg;PROAKGOX1m,1,0,27,27
H2Otg;PROtm,2,0,26,27
H2Otg;PSDm_hs,0,1,28,26
H2Otg;PSFLIPm,0,1,28,26
H2Otg;PTPAT,1,0,27,27
H2Otg;PUNP1,0,1,28,26
H2Otg;PYK,0,1,28,26
H2Otg;R5Ptr,4,4,24,23
H2Otg;RBFK,4,4,24,23
H2Otg;RDH1a,0,1,28,26
H2Otg;RIBFLVt6,4,4,24,23
H2Otg;RPE,1,0,27,27
H2Otg;RPIr,4,4,24,23
H2Otg;RU5Ptr,4,4,24,23
H2Otg;R_group_phosphotase_1,1,0,27,27
H2Otg;SO4AKGtm,1,0,27,27
H2Otg;SO4MALtm,1,0,27,27
H2Otg;SUCOAS1m,1,1,27,26
H2Otg;THFtm,0,1,28,26
H2Otg;TKT1,1,0,27,27
H2Otg;TKT2,1,0,27,27
H2Otg;TPI,0,2,28,25
H2Otg;TXA2tr,0,1,28,26
H2Otg;TXB2c,0,1,28,26
H2Otg;TXB2r,0,1,28,26
H2Otg;TXB2tr,0,1,28,26
H2Otg;UDPGD,2,0,26,27
H2Otg;UDPGLCAter,1,0,27,27
H2Otg;UPP3S,1,0,27,27
H2Otg;UPPDC1,1,0,27,27
H2Otly;ACITLn,0,1,28,26
H2Otly;ADPtn,0,1,28,26
H2Otly;CITtn,0,1,28,26
H2Otly;HMGCOASim,0,1,28,26
H2Otly;HMGLm,0,1,28,26
H2Otly;ICITCITtm,0,1,28,26
H2Otly;ICITMALtm,0,1,28,26
H2Otly;LPASE,1,0,27,27
H2Otly;MDHm,0,1,28,26
H2Otly;NADH2_u10m,0,1,28,26
H2Otly;NDP7er,0,1,28,26
H2Otly;OAAtn,0,1,28,26
H2Otly;PDHa,0,1,28,26
H2Otly;PDHbr,0,1,28,26
H2Otly;PIt9,1,0,27,27
H2Otly;PItn,0,1,28,26
H2Otly;PNTK,1,0,27,27
H2Otly;PNTOte,1,0,27,27
H2Otly;PPCDC,1,0,27,27
H2Otly;PPNCL2,1,0,27,27
H2Otly;PROSTGE2t,1,0,27,27
H2Otly;PROSTGE2t2,1,0,27,27
H2Otly;PTPAT,1,0,27,27
H2Otly;PYRt2m,0,1,28,26
H2Otly;R_group_phosphotase_1,1,0,27,27
H2Otly;THRALANaEx,1,0,27,27
H2Otly;UAG4E,0,1,28,26
H2Otly;UMPK5,1,0,27,27
H2Otp;ACITLn,0,1,28,26
H2Otp;ADPtn,0,1,28,26
H2Otp;ARTFR52,4,0,24,27
H2Otp;CITtn,0,1,28,26
H2Otp;HACD180,1,0,27,27
H2Otp;HACD200,4,0,24,27
H2Otp;HACD220,4,0,24,27
H2Otp;HACD240,4,0,24,27
H2Otp;HACD260,4,0,24,27
H2Otp;HCO3E,0,2,28,25
H2Otp;HEXCCOAtr,4,0,24,27
H2Otp;HMBS,1,0,27,27
H2Otp;HMGL,1,0,27,27
H2Otp;HMGLm,0,1,28,26
H2Otp;HOXG,1,0,27,27
H2Otp;HSD180,1,0,27,27
H2Otp;HSD200,4,0,24,27
H2Otp;HSD220,4,0,24,27
H2Otp;HSD240,4,0,24,27
H2Otp;HSD260,4,0,24,27
H2Otp;HSD3B11,0,1,28,26
H2Otp;Htr,1,3,27,24
H2Otp;ICDHyrm,0,1,28,26
H2Otp;ICITCITtm,0,1,28,26
H2Otp;ICITMALtm,0,1,28,26
H2Otp;LALDD,1,0,27,27
H2Otp;LCADi_D,1,0,27,27
H2Otp;LDH_L,0,1,28,26
H2Otp;MDH,0,1,28,26
H2Otp;MDHm,0,1,28,26
H2Otp;NADH2_u10m,0,1,28,26
H2Otp;NDPK1,1,0,27,27
H2Otp;NTD7,1,0,27,27
H2Otp;O2tm,0,1,28,26
H2Otp;OAAtn,0,1,28,26
H2Otp;OCOAT1m,1,0,27,27
H2Otp;P45011A1m,0,1,28,26
H2Otp;PGMT,0,1,28,26
H2Otp;PHEMEtm,1,0,27,27
H2Otp;PIMALtm,1,0,27,27
H2Otp;PIt9,0,1,28,26
H2Otp;PIter,0,1,28,26
H2Otp;PItn,0,1,28,26
H2Otp;PPA,1,0,27,27
H2Otp;PPBNGS,1,0,27,27
H2Otp;PPPG9tm,1,0,27,27
H2Otp;PPPGOm,1,0,27,27
H2Otp;PRGNLONEtm,0,1,28,26
H2Otp;PRGSTRNt,0,1,28,26
H2Otp;PROAKGOX1m,1,0,27,27
H2Otp;PROGLUtm,1,0,27,27
H2Otp;PROtm,3,0,25,27
H2Otp;R5Ptr,0,1,28,26
H2Otp;RADH3,0,1,28,26
H2Otp;RADH4,0,1,28,26
H2Otp;RPIr,0,1,28,26
H2Otp;RTOT4,0,1,28,26
H2Otp;RTOT5,4,0,24,27
H2Otp;RU5Ptr,0,1,28,26
H2Otp;SO4AKGtm,1,0,27,27
H2Otp;SO4MALtm,1,0,27,27
H2Otp;SUCOAS1m,2,0,26,27
H2Otp;TECR180,1,0,27,27
H2Otp;TECR200,4,0,24,27
H2Otp;TECR220,4,0,24,27
H2Otp;TECR240,4,0,24,27
H2Otp;TECR260,4,0,24,27
H2Otp;THFtm,0,3,28,24
H2Otp;THRA,1,0,27,27
H2Otp;THRATB0tc,1,0,27,27
H2Otp;THYMtm,1,0,27,27
H2Otp;TXA2tr,0,2,28,25
H2Otp;TXB2c,0,2,28,25
H2Otp;TXB2r,0,2,28,25
H2Otp;TXB2tr,0,2,28,25
H2Otp;UDPGD,1,0,27,27
H2Otp;UDPGLCAter,1,0,27,27
H2Otp;UPP3S,1,0,27,27
H2Otp;UPPDC1,1,0,27,27
H2Stm;MAL_Lte,0,2,28,25
H2Stm;ME2,1,0,27,27
H3K36MET_1;H3K36DMET_2,1,0,27,27
H3K36MET_3;H3K36DMET_2,1,0,27,27
H3K36_synthesis;H3K36DMET_2,1,0,27,27
H3K4DMET_1;H3R17MET_1,0,1,28,26
H3K4DMET_1;H3R17MET_2,0,1,28,26
H3K4DMET_1;H3R17MET_3,0,1,28,26
H3K4DMET_1;H3R17_synthesis,0,1,28,26
H3K4MET_1;H3R17MET_1,0,1,28,26
H3K4MET_1;H3R17MET_2,0,1,28,26
H3K4MET_1;H3R17MET_3,0,1,28,26
H3K4MET_1;H3R17_synthesis,0,1,28,26
H3R17MET_1;H3K36DMET_3,1,0,27,27
H3R17MET_1;H3K36MET_3,1,0,27,27
H3R17MET_2;H3K36DMET_3,1,0,27,27
H3R17MET_2;H3K36MET_3,1,0,27,27
H3R17MET_3;H3K36DMET_3,1,0,27,27
H3R17MET_3;H3K36MET_3,1,0,27,27
H3R17_synthesis;H3K36DMET_3,1,0,27,27
H3R17_synthesis;H3K36MET_3,1,0,27,27
HACD180;ARTFR33,3,0,25,27
HACD180;ARTFR43,2,1,26,26
HACD180;HACD181,5,1,23,26
HACD180;HSD181,5,1,23,26
HACD180;METAT,1,0,27,27
HACD180;O2tp,1,0,27,27
HACD180;OCTD11ECOAtr,5,1,23,26
HACD180;PNTK,1,1,27,26
HACD180;PNTOt1,0,1,28,26
HACD180;PNTOte,1,0,27,27
HACD180;PPCDC,1,1,27,26
HACD180;PPNCL2,1,1,27,26
HACD180;PTPAT,1,1,27,26
HACD180;RTOT3,3,0,25,27
HACD180;RTOT4,2,1,26,26
HACD180;SARCOXp,1,0,27,27
HACD180;SARCStm,1,0,27,27
HACD180;SARCStp,1,0,27,27
HACD180;TECR181,5,1,23,26
HACD180;THFtm,0,1,28,26
HACD181;HSD180,5,1,23,26
HACD181;RTOT5,2,0,26,27
HACD181;TECR180,5,1,23,26
HACD1m;HMGCOASi,1,0,27,27
HACD200;AKGtn,1,0,27,27
HACD200;ARTFR32,1,0,27,27
HACD200;ARTFR42,4,1,24,26
HACD200;ARTFR45,1,0,27,27
HACD200;CO2tn,1,0,27,27
HACD200;FALDtn,1,0,27,27
HACD200;HACD201,1,0,27,27
HACD200;HACD221,1,0,27,27
HACD200;HACD241,1,0,27,27
HACD200;HSD201,1,0,27,27
HACD200;HSD221,1,0,27,27
HACD200;HSD241,1,0,27,27
HACD200;Htr,1,0,27,27
HACD200;MEOHt2,1,0,27,27
HACD200;METAT,5,0,23,27
HACD200;NRVNCCOAtr,1,0,27,27
HACD200;O2tn,1,0,27,27
HACD200;O2tp,5,0,23,27
HACD200;OCDE9ECOAtr,4,1,24,26
HACD200;PNTK,0,1,28,26
HACD200;PNTOt1,0,1,28,26
HACD200;PPCDC,0,1,28,26
HACD200;PPNCL2,0,1,28,26
HACD200;PTPAT,0,1,28,26
HACD200;RTOT3,1,0,27,27
HACD200;RTOT4,5,1,23,26
HACD200;SARCOXp,5,0,23,27
HACD200;SARCStm,5,0,23,27
HACD200;SARCStp,5,0,23,27
HACD200;TECR201,1,0,27,27
HACD200;TECR221,1,0,27,27
HACD200;TECR241,1,0,27,27
HACD200;THFtm,1,0,27,27
HACD200;THRALANaEx,1,0,27,27
HACD201;ARTFR52,1,0,27,27
HACD201;HACD220,1,0,27,27
HACD201;HACD240,1,0,27,27
HACD201;HACD260,1,0,27,27
HACD201;HEXCCOAtr,1,0,27,27
HACD201;HMBS,1,0,27,27
HACD201;HOXG,1,0,27,27
HACD201;HSD200,1,0,27,27
HACD201;HSD220,1,0,27,27
HACD201;HSD240,1,0,27,27
HACD201;HSD260,1,0,27,27
HACD201;NDPK1,1,0,27,27
HACD201;NTD7,1,0,27,27
HACD201;PHEMEtm,1,0,27,27
HACD201;PIMALtm,1,0,27,27
HACD201;PPBNGS,1,0,27,27
HACD201;PPPG9tm,1,0,27,27
HACD201;PPPGOm,1,0,27,27
HACD201;PROAKGOX1m,1,0,27,27
HACD201;PROtm,1,0,27,27
HACD201;RTOT4,0,1,28,26
HACD201;RTOT5,1,0,27,27
HACD201;SO4AKGtm,1,0,27,27
HACD201;SO4MALtm,1,0,27,27
HACD201;SUCOAS1m,1,0,27,27
HACD201;TECR200,1,0,27,27
HACD201;TECR220,1,0,27,27
HACD201;TECR240,1,0,27,27
HACD201;TECR260,1,0,27,27
HACD201;THFtm,0,1,28,26
HACD201;UDPGD,1,0,27,27
HACD201;UDPGLCAter,1,0,27,27
HACD201;UPP3S,1,0,27,27
HACD201;UPPDC1,1,0,27,27
HACD2031;Htr,0,1,28,26
HACD220;AKGtn,1,0,27,27
HACD220;ARTFR32,1,0,27,27
HACD220;ARTFR42,4,1,24,26
HACD220;ARTFR45,1,0,27,27
HACD220;CO2tn,1,0,27,27
HACD220;FALDtn,1,0,27,27
HACD220;HACD221,1,0,27,27
HACD220;HACD241,1,0,27,27
HACD220;HSD201,1,0,27,27
HACD220;HSD221,1,0,27,27
HACD220;HSD241,1,0,27,27
HACD220;Htr,1,0,27,27
HACD220;MEOHt2,1,0,27,27
HACD220;METAT,5,0,23,27
HACD220;NRVNCCOAtr,1,0,27,27
HACD220;O2tn,1,0,27,27
HACD220;O2tp,5,0,23,27
HACD220;OCDE9ECOAtr,4,1,24,26
HACD220;PNTK,0,1,28,26
HACD220;PNTOt1,0,1,28,26
HACD220;PPCDC,0,1,28,26
HACD220;PPNCL2,0,1,28,26
HACD220;PTPAT,0,1,28,26
HACD220;RTOT3,1,0,27,27
HACD220;RTOT4,5,1,23,26
HACD220;SARCOXp,5,0,23,27
HACD220;SARCStm,5,0,23,27
HACD220;SARCStp,5,0,23,27
HACD220;TECR201,1,0,27,27
HACD220;TECR221,1,0,27,27
HACD220;TECR241,1,0,27,27
HACD220;THFtm,1,0,27,27
HACD220;THRALANaEx,1,0,27,27
HACD221;ARTFR52,1,0,27,27
HACD221;HACD240,1,0,27,27
HACD221;HACD260,1,0,27,27
HACD221;HEXCCOAtr,1,0,27,27
HACD221;HMBS,1,0,27,27
HACD221;HOXG,1,0,27,27
HACD221;HSD200,1,0,27,27
HACD221;HSD220,1,0,27,27
HACD221;HSD240,1,0,27,27
HACD221;HSD260,1,0,27,27
HACD221;NDPK1,1,0,27,27
HACD221;NTD7,1,0,27,27
HACD221;PHEMEtm,1,0,27,27
HACD221;PIMALtm,1,0,27,27
HACD221;PPBNGS,1,0,27,27
HACD221;PPPG9tm,1,0,27,27
HACD221;PPPGOm,1,0,27,27
HACD221;PROAKGOX1m,1,0,27,27
HACD221;PROtm,1,0,27,27
HACD221;RTOT4,0,1,28,26
HACD221;RTOT5,1,0,27,27
HACD221;SO4AKGtm,1,0,27,27
HACD221;SO4MALtm,1,0,27,27
HACD221;SUCOAS1m,1,0,27,27
HACD221;TECR200,1,0,27,27
HACD221;TECR220,1,0,27,27
HACD221;TECR240,1,0,27,27
HACD221;TECR260,1,0,27,27
HACD221;THFtm,0,1,28,26
HACD221;UDPGD,1,0,27,27
HACD221;UDPGLCAter,1,0,27,27
HACD221;UPP3S,1,0,27,27
HACD221;UPPDC1,1,0,27,27
HACD224;RTOT4,0,1,28,26
HACD224;THFtm,0,1,28,26
HACD240;AKGtn,1,0,27,27
HACD240;ARTFR32,1,0,27,27
HACD240;ARTFR42,4,1,24,26
HACD240;ARTFR45,1,0,27,27
HACD240;CO2tn,1,0,27,27
HACD240;FALDtn,1,0,27,27
HACD240;HACD241,1,0,27,27
HACD240;HSD201,1,0,27,27
HACD240;HSD221,1,0,27,27
HACD240;HSD241,1,0,27,27
HACD240;Htr,1,0,27,27
HACD240;MEOHt2,1,0,27,27
HACD240;METAT,5,0,23,27
HACD240;NRVNCCOAtr,1,0,27,27
HACD240;O2tn,1,0,27,27
HACD240;O2tp,5,0,23,27
HACD240;OCDE9ECOAtr,4,1,24,26
HACD240;PNTK,0,1,28,26
HACD240;PNTOt1,0,1,28,26
HACD240;PPCDC,0,1,28,26
HACD240;PPNCL2,0,1,28,26
HACD240;PTPAT,0,1,28,26
HACD240;RTOT3,1,0,27,27
HACD240;RTOT4,5,1,23,26
HACD240;SARCOXp,5,0,23,27
HACD240;SARCStm,5,0,23,27
HACD240;SARCStp,5,0,23,27
HACD240;TECR201,1,0,27,27
HACD240;TECR221,1,0,27,27
HACD240;TECR241,1,0,27,27
HACD240;THFtm,1,0,27,27
HACD240;THRALANaEx,1,0,27,27
HACD241;ARTFR52,1,0,27,27
HACD241;HACD260,1,0,27,27
HACD241;HEXCCOAtr,1,0,27,27
HACD241;HMBS,1,0,27,27
HACD241;HOXG,1,0,27,27
HACD241;HSD200,1,0,27,27
HACD241;HSD220,1,0,27,27
HACD241;HSD240,1,0,27,27
HACD241;HSD260,1,0,27,27
HACD241;NDPK1,1,0,27,27
HACD241;NTD7,1,0,27,27
HACD241;PHEMEtm,1,0,27,27
HACD241;PIMALtm,1,0,27,27
HACD241;PPBNGS,1,0,27,27
HACD241;PPPG9tm,1,0,27,27
HACD241;PPPGOm,1,0,27,27
HACD241;PROAKGOX1m,1,0,27,27
HACD241;PROtm,1,0,27,27
HACD241;RTOT4,0,1,28,26
HACD241;RTOT5,1,0,27,27
HACD241;SO4AKGtm,1,0,27,27
HACD241;SO4MALtm,1,0,27,27
HACD241;SUCOAS1m,1,0,27,27
HACD241;TECR200,1,0,27,27
HACD241;TECR220,1,0,27,27
HACD241;TECR240,1,0,27,27
HACD241;TECR260,1,0,27,27
HACD241;THFtm,0,1,28,26
HACD241;UDPGD,1,0,27,27
HACD241;UDPGLCAter,1,0,27,27
HACD241;UPP3S,1,0,27,27
HACD241;UPPDC1,1,0,27,27
HACD244;RTOT4,0,1,28,26
HACD244;THFtm,0,1,28,26
HACD260;AKGtn,1,0,27,27
HACD260;ARTFR32,1,0,27,27
HACD260;ARTFR42,4,1,24,26
HACD260;ARTFR45,1,0,27,27
HACD260;CO2tn,1,0,27,27
HACD260;FALDtn,1,0,27,27
HACD260;HSD201,1,0,27,27
HACD260;HSD221,1,0,27,27
HACD260;HSD241,1,0,27,27
HACD260;Htr,1,0,27,27
HACD260;MEOHt2,1,0,27,27
HACD260;METAT,5,0,23,27
HACD260;NRVNCCOAtr,1,0,27,27
HACD260;O2tn,1,0,27,27
HACD260;O2tp,5,0,23,27
HACD260;OCDE9ECOAtr,4,1,24,26
HACD260;PNTK,0,1,28,26
HACD260;PNTOt1,0,1,28,26
HACD260;PPCDC,0,1,28,26
HACD260;PPNCL2,0,1,28,26
HACD260;PTPAT,0,1,28,26
HACD260;RTOT3,1,0,27,27
HACD260;RTOT4,5,1,23,26
HACD260;SARCOXp,5,0,23,27
HACD260;SARCStm,5,0,23,27
HACD260;SARCStp,5,0,23,27
HACD260;TECR201,1,0,27,27
HACD260;TECR221,1,0,27,27
HACD260;TECR241,1,0,27,27
HACD260;THFtm,1,0,27,27
HACD260;THRALANaEx,1,0,27,27
HAS1;HMGCOASim,0,1,28,26
HAS1;Htg,1,0,27,27
HAS1;LPASE,1,0,27,27
HAS1;NDP7er,0,1,28,26
HAS1;NDP7g,1,0,27,27
HAS1;PDHa,0,1,28,26
HAS1;PDHbr,0,1,28,26
HAS1;PIt9,1,0,27,27
HAS1;PItg,1,0,27,27
HAS1;PNTK,2,0,26,27
HAS1;PNTOte,2,0,26,27
HAS1;PPCDC,2,0,26,27
HAS1;PPNCL2,2,0,26,27
HAS1;PROSTGE2t,1,0,27,27
HAS1;PROSTGE2t2,1,0,27,27
HAS1;PTPAT,2,0,26,27
HAS1;PYRt2m,0,1,28,26
HAS1;R_group_phosphotase_1,1,0,27,27
HAS1;THRALANaEx,1,0,27,27
HAS1;UAG4E,0,1,28,26
HAS1;UMPK5,1,0,27,27
HAS2;HMGCOASim,0,1,28,26
HAS2;Htg,1,0,27,27
HAS2;LPASE,1,0,27,27
HAS2;NDP7er,0,1,28,26
HAS2;NDP7g,1,0,27,27
HAS2;PDHa,0,1,28,26
HAS2;PDHbr,0,1,28,26
HAS2;PIt9,1,0,27,27
HAS2;PItg,1,0,27,27
HAS2;PNTK,2,0,26,27
HAS2;PNTOte,2,0,26,27
HAS2;PPCDC,2,0,26,27
HAS2;PPNCL2,2,0,26,27
HAS2;PROSTGE2t,1,0,27,27
HAS2;PROSTGE2t2,1,0,27,27
HAS2;PTPAT,2,0,26,27
HAS2;PYRt2m,0,1,28,26
HAS2;R_group_phosphotase_1,1,0,27,27
HAS2;THRALANaEx,1,0,27,27
HAS2;UAG4E,0,1,28,26
HAS2;UMPK5,1,0,27,27
HAtly;HMGCOASim,0,1,28,26
HAtly;LPASE,1,0,27,27
HAtly;NDP7er,0,1,28,26
HAtly;PDHa,0,1,28,26
HAtly;PDHbr,0,1,28,26
HAtly;PIt9,1,0,27,27
HAtly;PNTK,2,0,26,27
HAtly;PNTOte,2,0,26,27
HAtly;PPCDC,2,0,26,27
HAtly;PPNCL2,2,0,26,27
HAtly;PROSTGE2t,1,0,27,27
HAtly;PROSTGE2t2,1,0,27,27
HAtly;PTPAT,2,0,26,27
HAtly;PYRt2m,0,1,28,26
HAtly;R_group_phosphotase_1,1,0,27,27
HAtly;THRALANaEx,1,0,27,27
HAtly;UAG4E,0,1,28,26
HAtly;UMPK5,1,0,27,27
HCO3E;ARTFR12,0,1,28,26
HCO3E;H3K9MET_1,0,1,28,26
HCO3E;H3K9MET_2,0,1,28,26
HCO3E;H3K9MET_3,0,1,28,26
HCO3E;H3K9_synthesis,0,1,28,26
HCO3E;HCO3Ee,3,3,25,24
HCO3E;HCO3Em,14,5,14,22
HCO3E;HCO3tm,13,5,15,22
HCO3E;HMBS,3,0,25,27
HCO3E;HOXG,3,0,25,27
HCO3E;Htg,1,0,27,27
HCO3E;Htr,1,0,27,27
HCO3E;ICDHyrm,1,0,27,27
HCO3E;IDHPOXOX2b,0,1,28,26
HCO3E;IDHPOXOX4,0,1,28,26
HCO3E;IDHPOXOXb,0,1,28,26
HCO3E;ILEOX,1,0,27,27
HCO3E;ILETAm,1,0,27,27
HCO3E;ILEt5m,1,0,27,27
HCO3E;KCC2t,0,1,28,26
HCO3E;KYNAKGAT,0,1,28,26
HCO3E;KYNATESYN,0,1,28,26
HCO3E;KYNATEtr,0,1,28,26
HCO3E;LALDD,1,0,27,27
HCO3E;LCADi_D,1,0,27,27
HCO3E;LDH_L,0,1,28,26
HCO3E;LPASE,2,0,26,27
HCO3E;LYStn,0,1,28,26
HCO3E;MALTSULtm,1,0,27,27
HCO3E;MAL_Lte,2,4,26,23
HCO3E;MEOHt2,0,1,28,26
HCO3E;METAT,0,2,28,25
HCO3E;N3Tg,1,0,27,27
HCO3E;NACDe,1,0,27,27
HCO3E;NACPRT,1,0,27,27
HCO3E;NADH2_u10m,1,1,27,26
HCO3E;NAIt,0,1,28,26
HCO3E;NAt,0,1,28,26
HCO3E;NCAMDe,1,0,27,27
HCO3E;NDP7er,2,0,26,27
HCO3E;NDP7g,1,0,27,27
HCO3E;NDPK1,1,0,27,27
HCO3E;NMNDA,1,0,27,27
HCO3E;NMNS,2,0,26,27
HCO3E;NQO2,4,0,24,27
HCO3E;O2tp,1,1,27,26
HCO3E;OCBTm,1,0,27,27
HCO3E;ORNTArm,1,0,27,27
HCO3E;OXALSUCCCLm,1,0,27,27
HCO3E;PGMT,1,0,27,27
HCO3E;PHEMEtm,3,0,25,27
HCO3E;PIMALtm,2,1,26,26
HCO3E;PIt2e,0,1,28,26
HCO3E;PIt2m_2,1,0,27,27
HCO3E;PIt7,3,2,25,25
HCO3E;PIt9,0,1,28,26
HCO3E;PItg,1,0,27,27
HCO3E;PLMCOAPTr,0,1,28,26
HCO3E;PPA,1,1,27,26
HCO3E;PPAm,1,1,27,26
HCO3E;PPBNGS,3,0,25,27
HCO3E;PPItm,2,1,26,26
HCO3E;PPPG9tm,3,0,25,27
HCO3E;PPPGOm,3,0,25,27
HCO3E;PRO1x,1,0,27,27
HCO3E;PROAKGOX1m,4,0,24,27
HCO3E;PROGLUtm,2,0,26,27
HCO3E;PROtm,5,0,23,27
HCO3E;PYRAKGte,0,1,28,26
HCO3E;PYRFORte,0,1,28,26
HCO3E;PYRtm,1,0,27,27
HCO3E;R5Ptr,1,0,27,27
HCO3E;RBFK,3,4,25,23
HCO3E;RDH1,0,1,28,26
HCO3E;RDH1a,0,1,28,26
HCO3E;RIBFLVt6,3,4,25,23
HCO3E;RPIr,1,0,27,27
HCO3E;RU5Ptr,1,0,27,27
HCO3E;R_group_phosphotase_1,2,0,26,27
HCO3E;SADT,0,1,28,26
HCO3E;SARCOXp,0,2,28,25
HCO3E;SARCStm,0,2,28,25
HCO3E;SARCStp,0,2,28,25
HCO3E;SO3AKGtm,1,0,27,27
HCO3E;SO3MALtm,1,0,27,27
HCO3E;SO4AKGtm,1,1,27,26
HCO3E;SO4MALtm,1,1,27,26
HCO3E;SQORm,1,0,27,27
HCO3E;SUCD1m,2,0,26,27
HCO3E;SUCOAS1m,2,0,26,27
HCO3E;THRA,1,1,27,26
HCO3E;THRALANaEx,1,0,27,27
HCO3E;THYPX,0,1,28,26
HCO3E;THYST,0,1,28,26
HCO3E;TPI,0,3,28,24
HCO3E;TRPO2,0,1,28,26
HCO3E;TSULt4_3,1,0,27,27
HCO3E;TXA2tr,1,0,27,27
HCO3E;TXB2c,1,0,27,27
HCO3E;TXB2r,1,0,27,27
HCO3E;TXB2tr,1,0,27,27
HCO3E;UAG4E,2,0,26,27
HCO3E;UAGDP,1,0,27,27
HCO3E;UDPG4E,1,0,27,27
HCO3E;UDPGALtg,1,0,27,27
HCO3E;UDPGD,3,0,25,27
HCO3E;UDPGLCAter,3,0,25,27
HCO3E;UGALNACtg,1,0,27,27
HCO3E;UGLCNACtg,1,0,27,27
HCO3E;UGT1A2r,2,0,26,27
HCO3E;UPP3S,3,0,25,27
HCO3E;UPPDC1,3,0,25,27
HCO3E;peplys_synthesis,0,1,28,26
HCO3E;q10h2tc,4,0,24,27
HCO3E;q10tm,4,0,24,27
HCO3Ee;ACITLn,2,0,26,27
HCO3Ee;ADPtn,2,0,26,27
HCO3Ee;CITtn,2,0,26,27
HCO3Ee;HCO3Em,2,2,26,25
HCO3Ee;HCO3tm,2,2,26,25
HCO3Ee;Htg,2,0,26,27
HCO3Ee;ICDHyrm,2,0,26,27
HCO3Ee;IDHPOXOX2b,0,1,28,26
HCO3Ee;IDHPOXOX4,0,1,28,26
HCO3Ee;IDHPOXOXb,0,1,28,26
HCO3Ee;KCC2t,0,1,28,26
HCO3Ee;L_LACt2r,0,1,28,26
HCO3Ee;L_LACt4r,1,0,27,27
HCO3Ee;MAL_Lte,2,1,26,26
HCO3Ee;MTHFCm,0,1,28,26
HCO3Ee;MTHFDm,0,1,28,26
HCO3Ee;NADH2_u10m,0,1,28,26
HCO3Ee;NAIt,0,1,28,26
HCO3Ee;NCNt,1,0,27,27
HCO3Ee;NDP7g,2,0,26,27
HCO3Ee;NDPK1,1,0,27,27
HCO3Ee;NH4t3r,1,0,27,27
HCO3Ee;NMNS,0,1,28,26
HCO3Ee;NQO2,0,1,28,26
HCO3Ee;OAAtn,2,0,26,27
HCO3Ee;OCBTm,1,0,27,27
HCO3Ee;ORNTArm,1,0,27,27
HCO3Ee;OXALSUCCCLm,2,0,26,27
HCO3Ee;PFK,1,0,27,27
HCO3Ee;PGI,1,0,27,27
HCO3Ee;PGMT,1,0,27,27
HCO3Ee;PHETA1,1,0,27,27
HCO3Ee;PHETA1m,1,0,27,27
HCO3Ee;PHEt2m,1,0,27,27
HCO3Ee;PHPYRtm,1,0,27,27
HCO3Ee;PIGTHRDLtm,1,0,27,27
HCO3Ee;PIt2m_2,0,1,28,26
HCO3Ee;PIt7,2,1,26,26
HCO3Ee;PIt9,1,0,27,27
HCO3Ee;PItg,2,0,26,27
HCO3Ee;PItn,2,0,26,27
HCO3Ee;PPAer,1,0,27,27
HCO3Ee;PPAm,0,1,28,26
HCO3Ee;PPIPItr,1,0,27,27
HCO3Ee;PPItm,0,1,28,26
HCO3Ee;PRO1x,1,0,27,27
HCO3Ee;PROGLUtm,1,0,27,27
HCO3Ee;PROtm,1,0,27,27
HCO3Ee;PYRt4_2,1,0,27,27
HCO3Ee;R5Ptr,2,0,26,27
HCO3Ee;RBFK,2,3,26,24
HCO3Ee;RIBFLVt6,2,3,26,24
HCO3Ee;RPIr,2,0,26,27
HCO3Ee;RU5Ptr,2,0,26,27
HCO3Ee;SADT,0,1,28,26
HCO3Ee;SERTm,0,1,28,26
HCO3Ee;SO4CLtex2,0,1,28,26
HCO3Ee;THFtm,0,1,28,26
HCO3Ee;THRA,2,0,26,27
HCO3Ee;THRALANaEx,1,0,27,27
HCO3Ee;THYPX,0,1,28,26
HCO3Ee;THYST,0,1,28,26
HCO3Ee;UAG4E,2,0,26,27
HCO3Ee;UAGDP,2,0,26,27
HCO3Ee;UGLCNACtg,1,0,27,27
HCO3Ee;q10h2tc,0,1,28,26
HCO3Ee;q10tm,0,1,28,26
HCO3Em;HCO3tm,11,4,17,23
HCO3Em;HMBS,4,2,24,25
HCO3Em;HMGL,1,0,27,27
HCO3Em;HOXG,4,2,24,25
HCO3Em;Htg,1,0,27,27
HCO3Em;ICDHyrm,2,0,26,27
HCO3Em;ICITMALtm,1,0,27,27
HCO3Em;IMAGH,1,0,27,27
HCO3Em;L2AADPL2AADP6SAtm,1,0,27,27
HCO3Em;LDH_Lm,0,1,28,26
HCO3Em;LYStm,1,0,27,27
HCO3Em;L_LACtm,0,1,28,26
HCO3Em;NACDe,1,0,27,27
HCO3Em;NACPRT,1,0,27,27
HCO3Em;NADH2_u10m,0,2,28,25
HCO3Em;NAt,0,1,28,26
HCO3Em;NCAMDe,1,0,27,27
HCO3Em;NDP7er,3,2,25,25
HCO3Em;NDP7g,1,0,27,27
HCO3Em;NDPK1,1,0,27,27
HCO3Em;NH4tm,2,1,26,26
HCO3Em;NMNDA,1,0,27,27
HCO3Em;NMNS,3,1,25,26
HCO3Em;NQO2,0,1,28,26
HCO3Em;OCBTm,1,0,27,27
HCO3Em;ORNTArm,1,0,27,27
HCO3Em;OXALSUCCCLm,2,0,26,27
HCO3Em;OXOADLR,1,0,27,27
HCO3Em;PGMT,2,2,26,25
HCO3Em;PHEMEtm,4,2,24,25
HCO3Em;PHETA1,1,0,27,27
HCO3Em;PHETA1m,1,0,27,27
HCO3Em;PHEt2m,1,0,27,27
HCO3Em;PHPYRtm,1,0,27,27
HCO3Em;PIGTHRDLtm,1,0,27,27
HCO3Em;PIMALtm,1,2,27,25
HCO3Em;PIt2m_2,0,1,28,26
HCO3Em;PIt2r,1,1,27,26
HCO3Em;PIt7,0,1,28,26
HCO3Em;PItg,1,0,27,27
HCO3Em;PPA,2,2,26,25
HCO3Em;PPAm,1,2,27,25
HCO3Em;PPBNGS,4,2,24,25
HCO3Em;PPItm,1,2,27,25
HCO3Em;PPPG9tm,4,2,24,25
HCO3Em;PPPGOm,4,2,24,25
HCO3Em;PRO1x,1,0,27,27
HCO3Em;PROAKGOX1m,3,1,25,26
HCO3Em;PROGLUtm,2,1,26,26
HCO3Em;PROSTGE2t,1,0,27,27
HCO3Em;PROSTGE2t2,1,0,27,27
HCO3Em;PROtm,5,2,23,25
HCO3Em;PYRt2m,0,1,28,26
HCO3Em;PYRt4_2,1,0,27,27
HCO3Em;RBFK,0,1,28,26
HCO3Em;RIBFLVt6,0,1,28,26
HCO3Em;RND213,1,1,27,26
HCO3Em;SACCD2,1,0,27,27
HCO3Em;SO3AKGtm,0,2,28,25
HCO3Em;SO3MALtm,0,2,28,25
HCO3Em;SO4AKGtm,1,0,27,27
HCO3Em;SO4MALtm,1,0,27,27
HCO3Em;SUCD1m,1,0,27,27
HCO3Em;SUCOAS1m,2,1,26,26
HCO3Em;TD2GLTRCOAm,1,0,27,27
HCO3Em;THFtm,1,1,27,26
HCO3Em;THRA,1,0,27,27
HCO3Em;UAGDP,1,0,27,27
HCO3Em;UDPGCURtr,0,1,28,26
HCO3Em;UDPGD,4,2,24,25
HCO3Em;UDPGLCAter,4,1,24,26
HCO3Em;UGLCNACtg,1,0,27,27
HCO3Em;UGT1A2r,2,2,26,25
HCO3Em;UMPK5,1,0,27,27
HCO3Em;UMPtr,0,1,28,26
HCO3Em;UPP3S,4,2,24,25
HCO3Em;UPPDC1,4,2,24,25
HCO3Em;ZN2te,1,0,27,27
HCO3Em;Zn2t,1,0,27,27
HCO3Em;q10h2tc,0,1,28,26
HCO3Em;q10tm,0,1,28,26
HCO3_CLt;ACITLn,1,0,27,27
HCO3_CLt;ADPtn,1,0,27,27
HCO3_CLt;CITtn,1,0,27,27
HCO3_CLt;HCO3E,1,0,27,27
HCO3_CLt;Htg,1,0,27,27
HCO3_CLt;ICDHyrm,1,0,27,27
HCO3_CLt;L_LACt2r,0,1,28,26
HCO3_CLt;L_LACt4r,1,0,27,27
HCO3_CLt;NCKt,0,1,28,26
HCO3_CLt;NCNt,2,1,26,26
HCO3_CLt;NDP7g,1,0,27,27
HCO3_CLt;NH4t3r,1,0,27,27
HCO3_CLt;OAAtn,1,0,27,27
HCO3_CLt;OXALSUCCCLm,1,0,27,27
HCO3_CLt;PIt9,1,0,27,27
HCO3_CLt;PItg,1,0,27,27
HCO3_CLt;PItn,1,0,27,27
HCO3_CLt;PPAer,1,0,27,27
HCO3_CLt;PPIPItr,1,0,27,27
HCO3_CLt;R5Ptr,1,0,27,27
HCO3_CLt;RPIr,1,0,27,27
HCO3_CLt;RU5Ptr,1,0,27,27
HCO3_CLt;SO4CLtex2,0,1,28,26
HCO3_CLt;THRA,1,0,27,27
HCO3_CLt;UAG4E,1,0,27,27
HCO3_CLt;UAGDP,1,0,27,27
HCO3tm;HMBS,4,2,24,25
HCO3tm;HOXG,4,2,24,25
HCO3tm;Htg,1,0,27,27
HCO3tm;ICDHyrm,2,0,26,27
HCO3tm;ICITMALtm,1,0,27,27
HCO3tm;IMAGH,1,0,27,27
HCO3tm;L2AADPL2AADP6SAtm,1,0,27,27
HCO3tm;LDH_Lm,0,1,28,26
HCO3tm;LYStm,1,0,27,27
HCO3tm;L_LACtm,0,1,28,26
HCO3tm;NACDe,1,0,27,27
HCO3tm;NACPRT,1,0,27,27
HCO3tm;NADH2_u10m,0,2,28,25
HCO3tm;NAt,0,1,28,26
HCO3tm;NAt5,1,0,27,27
HCO3tm;NCAMDe,1,0,27,27
HCO3tm;NDP7er,3,2,25,25
HCO3tm;NDP7g,1,0,27,27
HCO3tm;NDPK1,1,0,27,27
HCO3tm;NH4tm,1,2,27,25
HCO3tm;NMNDA,1,0,27,27
HCO3tm;NMNS,3,1,25,26
HCO3tm;NQO2,0,1,28,26
HCO3tm;OCBTm,1,0,27,27
HCO3tm;ORNTArm,1,0,27,27
HCO3tm;ORNt3m,0,1,28,26
HCO3tm;ORNtiDF,0,1,28,26
HCO3tm;OXALSUCCCLm,2,0,26,27
HCO3tm;OXOADLR,1,0,27,27
HCO3tm;PGK,1,0,27,27
HCO3tm;PGM,1,0,27,27
HCO3tm;PGMT,2,2,26,25
HCO3tm;PHEMEtm,4,2,24,25
HCO3tm;PIGTHRDLtm,1,0,27,27
HCO3tm;PIMALtm,2,2,26,25
HCO3tm;PIt2m_2,2,1,26,26
HCO3tm;PIt2r,1,1,27,26
HCO3tm;PIt7,0,1,28,26
HCO3tm;PItg,1,0,27,27
HCO3tm;PPA,2,1,26,26
HCO3tm;PPAm,0,2,28,25
HCO3tm;PPBNGS,4,2,24,25
HCO3tm;PPItm,0,2,28,25
HCO3tm;PPPG9tm,4,2,24,25
HCO3tm;PPPGOm,4,2,24,25
HCO3tm;PRO1x,1,0,27,27
HCO3tm;PROAKGOX1m,4,1,24,26
HCO3tm;PROGLUtm,2,1,26,26
HCO3tm;PROSTGE2t,1,0,27,27
HCO3tm;PROSTGE2t2,1,0,27,27
HCO3tm;PROtm,7,2,21,25
HCO3tm;PYRt2m,0,1,28,26
HCO3tm;PYRt4_2,1,0,27,27
HCO3tm;RBFK,0,1,28,26
HCO3tm;RIBFLVt6,0,1,28,26
HCO3tm;RND213,1,1,27,26
HCO3tm;SACCD2,1,0,27,27
HCO3tm;SO3AKGtm,0,2,28,25
HCO3tm;SO3MALtm,0,2,28,25
HCO3tm;SO4AKGtm,2,0,26,27
HCO3tm;SO4MALtm,2,0,26,27
HCO3tm;SUCCACONtm,1,0,27,27
HCO3tm;SUCD1m,2,0,26,27
HCO3tm;SUCOAS1m,2,1,26,26
HCO3tm;TD2GLTRCOAm,1,0,27,27
HCO3tm;THFtm,1,1,27,26
HCO3tm;THRA,1,0,27,27
HCO3tm;UAGDP,1,0,27,27
HCO3tm;UDPGCURtr,0,1,28,26
HCO3tm;UDPGD,4,2,24,25
HCO3tm;UDPGLCAter,4,1,24,26
HCO3tm;UGLCNACtg,1,0,27,27
HCO3tm;UGT1A2r,2,2,26,25
HCO3tm;UMPK5,1,0,27,27
HCO3tm;UMPtr,0,1,28,26
HCO3tm;UPP3S,4,2,24,25
HCO3tm;UPPDC1,4,2,24,25
HCO3tm;ZN2te,1,0,27,27
HCO3tm;Zn2t,1,0,27,27
HCO3tm;q10h2tc,0,1,28,26
HCO3tm;q10tm,0,1,28,26
HDCAter;PIt9,1,0,27,27
HDCAter;PNTK,1,0,27,27
HDCAter;PNTOte,1,0,27,27
HDCAter;PPCDC,1,0,27,27
HDCAter;PPNCL2,1,0,27,27
HDCAter;PTPAT,1,0,27,27
HEX12;MGSA2,1,0,27,27
HEX12;NQO2,1,0,27,27
HEX12;PGI,1,0,27,27
HEX12;q10h2tc,1,0,27,27
HEX12;q10tm,1,0,27,27
HEX16;HMGL,0,1,28,26
HEX16;NDP7er,1,1,27,26
HEX16;OCOAT1m,0,1,28,26
HEX16;OROTGLUt,0,1,28,26
HEX16;OROTte,0,1,28,26
HEX16;PPAer,1,0,27,27
HEX16;PPIPItr,1,0,27,27
HEX16;PROSTGE2t,1,0,27,27
HEX16;PROSTGE2t2,1,0,27,27
HEX16;PYK,0,1,28,26
HEX16;SUCOAS1m,0,1,28,26
HEX16;UAG4E,0,1,28,26
HEX16;UDPG4E,1,0,27,27
HEX16;UDPGALt2r,1,0,27,27
HEX16;UDPGALtg,1,0,27,27
HEX16;UDPGGPGTr,1,0,27,27
HEX16;UGCGc,1,0,27,27
HEX16;UMPtr,1,0,27,27
HEX1;KHK,2,0,26,27
HEX1;PGI,1,0,27,27
HEX1;SBTD_D2,2,0,26,27
HEX1;SBTR,2,0,26,27
HEX4;NDP7er,2,1,26,26
HEX4;OROTGLUt,0,1,28,26
HEX4;OROTte,0,1,28,26
HEX4;ST3GAL31g,1,0,27,27
HEX4;ST3GAL61g,1,0,27,27
HEX4;UAG4E,0,1,28,26
HEX4;UDPGALt2r,2,0,26,27
HEX4;UDPGGPGTr,2,0,26,27
HEX4;UGCGc,2,0,26,27
HEX4;UMPK,0,1,28,26
HEX4;UMPtr,2,0,26,27
HEXCCOAtr;AKGtn,1,0,27,27
HEXCCOAtr;ARTFR32,1,0,27,27
HEXCCOAtr;ARTFR42,4,1,24,26
HEXCCOAtr;ARTFR45,1,0,27,27
HEXCCOAtr;CO2tn,1,0,27,27
HEXCCOAtr;FALDtn,1,0,27,27
HEXCCOAtr;HSD201,1,0,27,27
HEXCCOAtr;HSD221,1,0,27,27
HEXCCOAtr;HSD241,1,0,27,27
HEXCCOAtr;Htr,1,0,27,27
HEXCCOAtr;MEOHt2,1,0,27,27
HEXCCOAtr;METAT,5,0,23,27
HEXCCOAtr;NRVNCCOAtr,1,0,27,27
HEXCCOAtr;O2tn,1,0,27,27
HEXCCOAtr;O2tp,5,0,23,27
HEXCCOAtr;OCDE9ECOAtr,4,1,24,26
HEXCCOAtr;PNTK,0,1,28,26
HEXCCOAtr;PNTOt1,0,1,28,26
HEXCCOAtr;PPCDC,0,1,28,26
HEXCCOAtr;PPNCL2,0,1,28,26
HEXCCOAtr;PTPAT,0,1,28,26
HEXCCOAtr;RTOT3,1,0,27,27
HEXCCOAtr;RTOT4,5,1,23,26
HEXCCOAtr;SARCOXp,5,0,23,27
HEXCCOAtr;SARCStm,5,0,23,27
HEXCCOAtr;SARCStp,5,0,23,27
HEXCCOAtr;TECR201,1,0,27,27
HEXCCOAtr;TECR221,1,0,27,27
HEXCCOAtr;TECR241,1,0,27,27
HEXCCOAtr;THFtm,1,0,27,27
HEXCCOAtr;THRALANaEx,1,0,27,27
HISDC;THBPT4ACAMDASE,2,0,26,27
HISDC;TYR3MO2,2,0,26,27
HISt4;HIStN1,7,16,21,11
HKt;NCKt,3,0,25,27
HKt;NCNt,1,0,27,27
HKt;NKCCt,0,1,28,26
HMBS;ACITLn,1,0,27,27
HMBS;ADPtn,1,0,27,27
HMBS;AKGtn,1,0,27,27
HMBS;ARTFR41,0,1,28,26
HMBS;ARTFR45,1,0,27,27
HMBS;CITtn,1,0,27,27
HMBS;CO2tn,1,0,27,27
HMBS;FALDtn,1,0,27,27
HMBS;H3K36DMET_3,1,0,27,27
HMBS;H3K36MET_3,1,0,27,27
HMBS;HMGL,0,1,28,26
HMBS;HSD201,1,0,27,27
HMBS;HSD221,1,0,27,27
HMBS;HSD241,1,0,27,27
HMBS;Htg,1,0,27,27
HMBS;Htr,3,1,25,26
HMBS;ICDHyrm,1,0,27,27
HMBS;IMAGH,1,0,27,27
HMBS;KYNAKGAT,0,1,28,26
HMBS;KYNATESYN,0,1,28,26
HMBS;KYNATEtr,0,1,28,26
HMBS;LDH_L,0,1,28,26
HMBS;MAN1PT2,1,0,27,27
HMBS;MAN6PI,1,0,27,27
HMBS;ME1m,0,1,28,26
HMBS;MEOHt2,1,0,27,27
HMBS;METAT,1,0,27,27
HMBS;NADH2_u10m,0,1,28,26
HMBS;NDP7g,1,0,27,27
HMBS;NRVNCCOAtr,1,0,27,27
HMBS;O2tn,1,0,27,27
HMBS;O2tp,1,0,27,27
HMBS;OAAtn,1,0,27,27
HMBS;OCOAT1m,0,1,28,26
HMBS;OXALSUCCCLm,1,0,27,27
HMBS;P5CRxm,0,1,28,26
HMBS;PEPCK,1,0,27,27
HMBS;PIMALtm,1,0,27,27
HMBS;PIt2m_2,1,0,27,27
HMBS;PItg,1,0,27,27
HMBS;PItn,1,0,27,27
HMBS;PLMCOAPTr,0,1,28,26
HMBS;PMANM,1,0,27,27
HMBS;PMTCOAFABP1tc,0,1,28,26
HMBS;PPA,0,1,28,26
HMBS;PROD2m,0,1,28,26
HMBS;PROtm,0,1,28,26
HMBS;PYRAKGte,0,1,28,26
HMBS;PYRt4_2,0,1,28,26
HMBS;RBFK,1,0,27,27
HMBS;RDH1,0,1,28,26
HMBS;RDH1a,0,1,28,26
HMBS;RIBFLVt6,1,0,27,27
HMBS;RTOT4,1,1,27,26
HMBS;SARCOXp,1,0,27,27
HMBS;SARCStm,1,0,27,27
HMBS;SARCStp,1,0,27,27
HMBS;SO3AKGtm,1,0,27,27
HMBS;SO3MALtm,1,0,27,27
HMBS;SUCOAS1m,1,1,27,26
HMBS;TECR201,1,0,27,27
HMBS;TECR221,1,0,27,27
HMBS;TECR241,1,0,27,27
HMBS;THFtm,1,0,27,27
HMBS;THRA,2,1,26,26
HMBS;TRPO2,0,1,28,26
HMBS;UAGDP,1,0,27,27
HMBS;UDPG4E,1,0,27,27
HMBS;UDPGALt2r,1,0,27,27
HMBS;UDPGALtg,1,0,27,27
HMBS;UDPGGPGTr,1,0,27,27
HMBS;UGCGc,1,0,27,27
HMBS;UGLCNACtg,1,0,27,27
HMBS;UMPtr,1,0,27,27
HMGCOASi;ARTFR12,1,0,27,27
HMGCOASi;PLMCOAPTr,1,0,27,27
HMGCOASi;PMTCOAFABP1tc,1,0,27,27
HMGCOASi;THFtm,1,0,27,27
HMGCOASim;HYAL,0,1,28,26
HMGCOASim;KSII_CORE4t,0,1,28,26
HMGCOASim;KSII_CORE4tly,0,1,28,26
HMGCOASim;NACHEX24ly,0,1,28,26
HMGCOASim;NACHEX25ly,0,1,28,26
HMGCOASim;NACHEX26ly,0,1,28,26
HMGCOASim;NAGA2ly,0,1,28,26
HMGCOASim;NAGLCAly,0,1,28,26
HMGCOASim;NDP7er,0,1,28,26
HMGCOASim;O2tp,0,1,28,26
HMGCOASim;PAPStg,0,1,28,26
HMGCOASim;PAPtg,0,1,28,26
HMGCOASim;S23T4g,0,1,28,26
HMGCOASim;S6T16g,0,1,28,26
HMGCOASim;S6T17g,0,1,28,26
HMGCOASim;S6T18g,0,1,28,26
HMGCOASim;S6TASE24ly,0,1,28,26
HMGCOASim;S6TASE25ly,0,1,28,26
HMGCOASim;S6TASE26ly,0,1,28,26
HMGCOASim;SADT,0,1,28,26
HMGCOASim;SIAASE4ly,0,1,28,26
HMGCOASim;SO4tl,0,1,28,26
HMGCOASim;ST3GAL61g,0,1,28,26
HMGCOASim;Ser/Thrtg,0,1,28,26
HMGCOASim;UDPACGALtl,0,1,28,26
HMGCOASim;UDPG4E,0,1,28,26
HMGCOASim;UDPGALt2r,0,1,28,26
HMGCOASim;UDPGALtg,0,1,28,26
HMGCOASim;UDPGCURtr,0,1,28,26
HMGCOASim;UDPGD,0,1,28,26
HMGCOASim;UDPGGPGTr,0,1,28,26
HMGCOASim;UDPGLCAter,0,1,28,26
HMGCOASim;UDPtl,0,1,28,26
HMGCOASim;UGALNACtg,0,1,28,26
HMGCOASim;UGCGc,0,1,28,26
HMGCOASim;UMPK,0,1,28,26
HMGCOASim;UROLACer,0,1,28,26
HMGCOAtm;MAL_Lte,0,1,28,26
HMGCOAtm;MTHFCm,0,1,28,26
HMGCOAtm;MTHFDm,0,1,28,26
HMGCOAtm;SERTm,0,1,28,26
HMGDH;ARGtn,0,1,28,26
HMGDH;H3R17MET_1,0,1,28,26
HMGDH;H3R17MET_2,0,1,28,26
HMGDH;H3R17MET_3,0,1,28,26
HMGDH;H3R17_synthesis,0,1,28,26
HMGDH;ICDHyrm,0,1,28,26
HMGDH;LDH_L,0,1,28,26
HMGDH;MEOHt2,1,0,27,27
HMGDH;PIt9,0,1,28,26
HMGDH;R5Ptr,0,1,28,26
HMGDH;RADH3,0,1,28,26
HMGDH;RADH4,0,1,28,26
HMGDH;RPIr,0,1,28,26
HMGDH;RU5Ptr,0,1,28,26
HMGDH;THFtm,0,1,28,26
HMGDH;THRA,1,0,27,27
HMGDH;peparg_synthesis,0,1,28,26
HMGL;HOXG,0,1,28,26
HMGL;Htg,0,1,28,26
HMGL;ICDHxrm,0,1,28,26
HMGL;IDHPOXOX2b,1,1,27,26
HMGL;IDHPOXOX3,0,1,28,26
HMGL;IDHPOXOX4,1,0,27,27
HMGL;IDHPOXOXb,1,1,27,26
HMGL;ILEOX,0,1,28,26
HMGL;ILETAm,0,1,28,26
HMGL;ILEt5m,0,1,28,26
HMGL;LCYSTCBOXL,1,0,27,27
HMGL;LPS3m,0,1,28,26
HMGL;M1316Mg,0,1,28,26
HMGL;M13N2Tg,0,1,28,26
HMGL;M16N4Tg,0,1,28,26
HMGL;M16NTg,0,1,28,26
HMGL;M4MPDOL_ter,0,1,28,26
HMGL;M8MASNterg,0,1,28,26
HMGL;MAN1PT2,0,1,28,26
HMGL;MAN6PI,0,1,28,26
HMGL;MANtg,0,1,28,26
HMGL;MG1er,0,1,28,26
HMGL;MG2er,0,1,28,26
HMGL;MG3er,0,1,28,26
HMGL;MM5ag,0,1,28,26
HMGL;MM6bg,0,1,28,26
HMGL;MM7Cag,0,1,28,26
HMGL;MM8Ag,0,1,28,26
HMGL;NAIt,1,1,27,26
HMGL;NCKt,0,1,28,26
HMGL;NCNt,0,1,28,26
HMGL;NDP7er,0,1,28,26
HMGL;NDP7g,0,1,28,26
HMGL;NH4tp,1,0,27,27
HMGL;O2tp,1,0,27,27
HMGL;OXALSUCCCLm,0,1,28,26
HMGL;PGMT,0,1,28,26
HMGL;PHEMEtm,0,1,28,26
HMGL;PIATPLtm,0,1,28,26
HMGL;PIMALtm,1,0,27,27
HMGL;PIt2r,0,1,28,26
HMGL;PItg,0,1,28,26
HMGL;PMANM,0,1,28,26
HMGL;PPBNGS,0,1,28,26
HMGL;PPPG9tm,0,1,28,26
HMGL;PPPGOm,0,1,28,26
HMGL;PROGLUtm,1,0,27,27
HMGL;PROtm,1,0,27,27
HMGL;RDH1,0,1,28,26
HMGL;RDH1a,0,1,28,26
HMGL;RND213,0,1,28,26
HMGL;R_group_phosphotase_1,0,1,28,26
HMGL;Rtotaltm,0,1,28,26
HMGL;SADT,1,0,27,27
HMGL;SO3AKGtm,1,0,27,27
HMGL;SO3MALtm,1,0,27,27
HMGL;SO4CLtex,1,0,27,27
HMGL;TAURCHAe,1,0,27,27
HMGL;THYPX,1,1,27,26
HMGL;THYST,1,0,27,27
HMGL;UAGDP,0,1,28,26
HMGL;UDPDOLPT,0,1,28,26
HMGL;UDPGD,0,1,28,26
HMGL;UDPGLCAter,0,1,28,26
HMGL;UGLCNACtg,0,1,28,26
HMGL;UGT1A2r,0,1,28,26
HMGL;UPP3S,0,1,28,26
HMGL;UPPDC1,0,1,28,26
HMGLm;H3K9MET_1,0,1,28,26
HMGLm;H3K9MET_2,0,1,28,26
HMGLm;H3K9MET_3,0,1,28,26
HMGLm;H3K9_synthesis,0,1,28,26
HMGLm;Htg,0,1,28,26
HMGLm;IDHPOXOX2b,0,1,28,26
HMGLm;IDHPOXOX4,0,1,28,26
HMGLm;IDHPOXOXb,0,1,28,26
HMGLm;LDH_L,0,1,28,26
HMGLm;LYStn,0,1,28,26
HMGLm;MAL_Lte,0,1,28,26
HMGLm;MAN1PT2,0,1,28,26
HMGLm;MAN6PI,0,1,28,26
HMGLm;MEOHt2,0,1,28,26
HMGLm;METAT,0,1,28,26
HMGLm;MTHFCm,0,1,28,26
HMGLm;MTHFDm,0,1,28,26
HMGLm;N4Tg,0,1,28,26
HMGLm;NAGA2ly,0,1,28,26
HMGLm;NAGLCAly,0,1,28,26
HMGLm;NAIt,0,1,28,26
HMGLm;NDP7er,0,1,28,26
HMGLm;NDP7g,0,1,28,26
HMGLm;O2tp,0,1,28,26
HMGLm;PAPStg,0,1,28,26
HMGLm;PAPtg,0,1,28,26
HMGLm;PGMT,0,1,28,26
HMGLm;PHEOX,0,1,28,26
HMGLm;PHETA1,0,1,28,26
HMGLm;PIt2m_2,0,1,28,26
HMGLm;PIter,0,1,28,26
HMGLm;PItg,0,1,28,26
HMGLm;PMANM,0,1,28,26
HMGLm;SADT,0,1,28,26
HMGLm;SARCOXp,0,1,28,26
HMGLm;SARCStm,0,1,28,26
HMGLm;SARCStp,0,1,28,26
HMGLm;SERTm,0,1,28,26
HMGLm;SGALSIDEtg,0,1,28,26
HMGLm;SGALSIDEtl,0,1,28,26
HMGLm;SO4HCOtex,0,1,28,26
HMGLm;SO4tl,0,1,28,26
HMGLm;ST3GAL31g,0,1,28,26
HMGLm;Ser/Thrtg,0,1,28,26
HMGLm;THRA,0,1,28,26
HMGLm;THYPX,0,1,28,26
HMGLm;THYST,0,1,28,26
HMGLm;UAGDP,0,1,28,26
HMGLm;UDPACGALtl,0,1,28,26
HMGLm;UDPG4E,0,1,28,26
HMGLm;UDPGALt2r,0,1,28,26
HMGLm;UDPGALtg,0,1,28,26
HMGLm;UDPGGPGTr,0,1,28,26
HMGLm;UDPtl,0,1,28,26
HMGLm;UGALNACtg,0,1,28,26
HMGLm;UGCGc,0,1,28,26
HMGLm;UGLCNACtg,0,1,28,26
HMGLm;UMPtr,0,1,28,26
HMGLm;peplys_synthesis,0,1,28,26
HMGS;ARGtn,0,1,28,26
HMGS;H3R17MET_1,0,1,28,26
HMGS;H3R17MET_2,0,1,28,26
HMGS;H3R17MET_3,0,1,28,26
HMGS;H3R17_synthesis,0,1,28,26
HMGS;ICDHyrm,0,1,28,26
HMGS;LDH_L,0,1,28,26
HMGS;MEOHt2,1,0,27,27
HMGS;PIt9,0,1,28,26
HMGS;R5Ptr,0,1,28,26
HMGS;RADH3,0,1,28,26
HMGS;RADH4,0,1,28,26
HMGS;RPIr,0,1,28,26
HMGS;RU5Ptr,0,1,28,26
HMGS;THFtm,0,1,28,26
HMGS;THRA,1,0,27,27
HMGS;peparg_synthesis,0,1,28,26
HOMOVALte;AKGtn,1,0,27,27
HOMOVALte;CO2tn,1,0,27,27
HOMOVALte;FALDtn,1,0,27,27
HOMOVALte;H3K4MET_1,1,1,27,26
HOMOVALte;H3K4MET_2,1,1,27,26
HOMOVALte;H3K4MET_3,1,1,27,26
HOMOVALte;H3K4_synthesis,1,1,27,26
HOMOVALte;LYStn,1,1,27,26
HOMOVALte;MEOHt2,1,0,27,27
HOMOVALte;O2tn,1,0,27,27
HOMOVALte;THRA,2,0,26,27
HOMOVALte;peplys_synthesis,1,1,27,26
HOXG;ACITLn,1,0,27,27
HOXG;ADPtn,1,0,27,27
HOXG;AKGtn,1,0,27,27
HOXG;ARTFR41,0,1,28,26
HOXG;ARTFR45,1,0,27,27
HOXG;CITtn,1,0,27,27
HOXG;CO2tn,1,0,27,27
HOXG;FALDtn,1,0,27,27
HOXG;H3K36DMET_3,1,0,27,27
HOXG;H3K36MET_3,1,0,27,27
HOXG;HSD201,1,0,27,27
HOXG;HSD221,1,0,27,27
HOXG;HSD241,1,0,27,27
HOXG;Htg,1,0,27,27
HOXG;Htr,3,1,25,26
HOXG;ICDHyrm,1,0,27,27
HOXG;IMAGH,1,0,27,27
HOXG;KYNAKGAT,0,1,28,26
HOXG;KYNATESYN,0,1,28,26
HOXG;KYNATEtr,0,1,28,26
HOXG;LDH_L,0,1,28,26
HOXG;MAN1PT2,1,0,27,27
HOXG;MAN6PI,1,0,27,27
HOXG;ME1m,0,1,28,26
HOXG;MEOHt2,1,0,27,27
HOXG;METAT,1,0,27,27
HOXG;NADH2_u10m,0,1,28,26
HOXG;NDP7g,1,0,27,27
HOXG;NRVNCCOAtr,1,0,27,27
HOXG;O2tn,1,0,27,27
HOXG;O2tp,1,0,27,27
HOXG;OAAtn,1,0,27,27
HOXG;OCOAT1m,0,1,28,26
HOXG;OXALSUCCCLm,1,0,27,27
HOXG;P5CRxm,0,1,28,26
HOXG;PEPCK,1,0,27,27
HOXG;PIMALtm,1,0,27,27
HOXG;PIt2m_2,1,0,27,27
HOXG;PItg,1,0,27,27
HOXG;PItn,1,0,27,27
HOXG;PLMCOAPTr,0,1,28,26
HOXG;PMANM,1,0,27,27
HOXG;PMTCOAFABP1tc,0,1,28,26
HOXG;PPA,0,1,28,26
HOXG;PROD2m,0,1,28,26
HOXG;PROtm,0,1,28,26
HOXG;PYRAKGte,0,1,28,26
HOXG;PYRt4_2,0,1,28,26
HOXG;RBFK,1,0,27,27
HOXG;RDH1,0,1,28,26
HOXG;RDH1a,0,1,28,26
HOXG;RIBFLVt6,1,0,27,27
HOXG;RTOT4,1,1,27,26
HOXG;SARCOXp,1,0,27,27
HOXG;SARCStm,1,0,27,27
HOXG;SARCStp,1,0,27,27
HOXG;SO3AKGtm,1,0,27,27
HOXG;SO3MALtm,1,0,27,27
HOXG;SUCOAS1m,1,1,27,26
HOXG;TECR201,1,0,27,27
HOXG;TECR221,1,0,27,27
HOXG;TECR241,1,0,27,27
HOXG;THFtm,1,0,27,27
HOXG;THRA,2,1,26,26
HOXG;TRPO2,0,1,28,26
HOXG;UAGDP,1,0,27,27
HOXG;UDPG4E,1,0,27,27
HOXG;UDPGALt2r,1,0,27,27
HOXG;UDPGALtg,1,0,27,27
HOXG;UDPGGPGTr,1,0,27,27
HOXG;UGCGc,1,0,27,27
HOXG;UGLCNACtg,1,0,27,27
HOXG;UMPtr,1,0,27,27
HSD17B1;NMNS,0,1,28,26
HSD17B8r;NMNS,0,1,28,26
HSD180;ARTFR33,3,0,25,27
HSD180;ARTFR43,2,1,26,26
HSD180;HSD181,5,1,23,26
HSD180;METAT,1,0,27,27
HSD180;O2tp,1,0,27,27
HSD180;OCTD11ECOAtr,5,1,23,26
HSD180;PNTK,1,1,27,26
HSD180;PNTOt1,0,1,28,26
HSD180;PNTOte,1,0,27,27
HSD180;PPCDC,1,1,27,26
HSD180;PPNCL2,1,1,27,26
HSD180;PTPAT,1,1,27,26
HSD180;RTOT3,3,0,25,27
HSD180;RTOT4,2,1,26,26
HSD180;SARCOXp,1,0,27,27
HSD180;SARCStm,1,0,27,27
HSD180;SARCStp,1,0,27,27
HSD180;TECR181,5,1,23,26
HSD180;THFtm,0,1,28,26
HSD181;RTOT5,2,0,26,27
HSD181;TECR180,5,1,23,26
HSD200;AKGtn,1,0,27,27
HSD200;ARTFR32,1,0,27,27
HSD200;ARTFR42,4,1,24,26
HSD200;ARTFR45,1,0,27,27
HSD200;CO2tn,1,0,27,27
HSD200;FALDtn,1,0,27,27
HSD200;HSD201,1,0,27,27
HSD200;HSD221,1,0,27,27
HSD200;HSD241,1,0,27,27
HSD200;Htr,1,0,27,27
HSD200;MEOHt2,1,0,27,27
HSD200;METAT,5,0,23,27
HSD200;NRVNCCOAtr,1,0,27,27
HSD200;O2tn,1,0,27,27
HSD200;O2tp,5,0,23,27
HSD200;OCDE9ECOAtr,4,1,24,26
HSD200;PNTK,0,1,28,26
HSD200;PNTOt1,0,1,28,26
HSD200;PPCDC,0,1,28,26
HSD200;PPNCL2,0,1,28,26
HSD200;PTPAT,0,1,28,26
HSD200;RTOT3,1,0,27,27
HSD200;RTOT4,5,1,23,26
HSD200;SARCOXp,5,0,23,27
HSD200;SARCStm,5,0,23,27
HSD200;SARCStp,5,0,23,27
HSD200;TECR201,1,0,27,27
HSD200;TECR221,1,0,27,27
HSD200;TECR241,1,0,27,27
HSD200;THFtm,1,0,27,27
HSD200;THRALANaEx,1,0,27,27
HSD201;ARTFR52,1,0,27,27
HSD201;HSD220,1,0,27,27
HSD201;HSD240,1,0,27,27
HSD201;HSD260,1,0,27,27
HSD201;NDPK1,1,0,27,27
HSD201;NTD7,1,0,27,27
HSD201;PHEMEtm,1,0,27,27
HSD201;PIMALtm,1,0,27,27
HSD201;PPBNGS,1,0,27,27
HSD201;PPPG9tm,1,0,27,27
HSD201;PPPGOm,1,0,27,27
HSD201;PROAKGOX1m,1,0,27,27
HSD201;PROtm,1,0,27,27
HSD201;RTOT4,0,1,28,26
HSD201;RTOT5,1,0,27,27
HSD201;SO4AKGtm,1,0,27,27
HSD201;SO4MALtm,1,0,27,27
HSD201;SUCOAS1m,1,0,27,27
HSD201;TECR200,1,0,27,27
HSD201;TECR220,1,0,27,27
HSD201;TECR240,1,0,27,27
HSD201;TECR260,1,0,27,27
HSD201;THFtm,0,1,28,26
HSD201;UDPGD,1,0,27,27
HSD201;UDPGLCAter,1,0,27,27
HSD201;UPP3S,1,0,27,27
HSD201;UPPDC1,1,0,27,27
HSD2031;Htr,0,1,28,26
HSD220;AKGtn,1,0,27,27
HSD220;ARTFR32,1,0,27,27
HSD220;ARTFR42,4,1,24,26
HSD220;ARTFR45,1,0,27,27
HSD220;CO2tn,1,0,27,27
HSD220;FALDtn,1,0,27,27
HSD220;HSD221,1,0,27,27
HSD220;HSD241,1,0,27,27
HSD220;Htr,1,0,27,27
HSD220;MEOHt2,1,0,27,27
HSD220;METAT,5,0,23,27
HSD220;NRVNCCOAtr,1,0,27,27
HSD220;O2tn,1,0,27,27
HSD220;O2tp,5,0,23,27
HSD220;OCDE9ECOAtr,4,1,24,26
HSD220;PNTK,0,1,28,26
HSD220;PNTOt1,0,1,28,26
HSD220;PPCDC,0,1,28,26
HSD220;PPNCL2,0,1,28,26
HSD220;PTPAT,0,1,28,26
HSD220;RTOT3,1,0,27,27
HSD220;RTOT4,5,1,23,26
HSD220;SARCOXp,5,0,23,27
HSD220;SARCStm,5,0,23,27
HSD220;SARCStp,5,0,23,27
HSD220;TECR201,1,0,27,27
HSD220;TECR221,1,0,27,27
HSD220;TECR241,1,0,27,27
HSD220;THFtm,1,0,27,27
HSD220;THRALANaEx,1,0,27,27
HSD221;ARTFR52,1,0,27,27
HSD221;HSD240,1,0,27,27
HSD221;HSD260,1,0,27,27
HSD221;NDPK1,1,0,27,27
HSD221;NTD7,1,0,27,27
HSD221;PHEMEtm,1,0,27,27
HSD221;PIMALtm,1,0,27,27
HSD221;PPBNGS,1,0,27,27
HSD221;PPPG9tm,1,0,27,27
HSD221;PPPGOm,1,0,27,27
HSD221;PROAKGOX1m,1,0,27,27
HSD221;PROtm,1,0,27,27
HSD221;RTOT4,0,1,28,26
HSD221;RTOT5,1,0,27,27
HSD221;SO4AKGtm,1,0,27,27
HSD221;SO4MALtm,1,0,27,27
HSD221;SUCOAS1m,1,0,27,27
HSD221;TECR200,1,0,27,27
HSD221;TECR220,1,0,27,27
HSD221;TECR240,1,0,27,27
HSD221;TECR260,1,0,27,27
HSD221;THFtm,0,1,28,26
HSD221;UDPGD,1,0,27,27
HSD221;UDPGLCAter,1,0,27,27
HSD221;UPP3S,1,0,27,27
HSD221;UPPDC1,1,0,27,27
HSD224;RTOT4,0,1,28,26
HSD224;THFtm,0,1,28,26
HSD240;AKGtn,1,0,27,27
HSD240;ARTFR32,1,0,27,27
HSD240;ARTFR42,4,1,24,26
HSD240;ARTFR45,1,0,27,27
HSD240;CO2tn,1,0,27,27
HSD240;FALDtn,1,0,27,27
HSD240;HSD241,1,0,27,27
HSD240;Htr,1,0,27,27
HSD240;MEOHt2,1,0,27,27
HSD240;METAT,5,0,23,27
HSD240;NRVNCCOAtr,1,0,27,27
HSD240;O2tn,1,0,27,27
HSD240;O2tp,5,0,23,27
HSD240;OCDE9ECOAtr,4,1,24,26
HSD240;PNTK,0,1,28,26
HSD240;PNTOt1,0,1,28,26
HSD240;PPCDC,0,1,28,26
HSD240;PPNCL2,0,1,28,26
HSD240;PTPAT,0,1,28,26
HSD240;RTOT3,1,0,27,27
HSD240;RTOT4,5,1,23,26
HSD240;SARCOXp,5,0,23,27
HSD240;SARCStm,5,0,23,27
HSD240;SARCStp,5,0,23,27
HSD240;TECR201,1,0,27,27
HSD240;TECR221,1,0,27,27
HSD240;TECR241,1,0,27,27
HSD240;THFtm,1,0,27,27
HSD240;THRALANaEx,1,0,27,27
HSD241;ARTFR52,1,0,27,27
HSD241;HSD260,1,0,27,27
HSD241;NDPK1,1,0,27,27
HSD241;NTD7,1,0,27,27
HSD241;PHEMEtm,1,0,27,27
HSD241;PIMALtm,1,0,27,27
HSD241;PPBNGS,1,0,27,27
HSD241;PPPG9tm,1,0,27,27
HSD241;PPPGOm,1,0,27,27
HSD241;PROAKGOX1m,1,0,27,27
HSD241;PROtm,1,0,27,27
HSD241;RTOT4,0,1,28,26
HSD241;RTOT5,1,0,27,27
HSD241;SO4AKGtm,1,0,27,27
HSD241;SO4MALtm,1,0,27,27
HSD241;SUCOAS1m,1,0,27,27
HSD241;TECR200,1,0,27,27
HSD241;TECR220,1,0,27,27
HSD241;TECR240,1,0,27,27
HSD241;TECR260,1,0,27,27
HSD241;THFtm,0,1,28,26
HSD241;UDPGD,1,0,27,27
HSD241;UDPGLCAter,1,0,27,27
HSD241;UPP3S,1,0,27,27
HSD241;UPPDC1,1,0,27,27
HSD244;RTOT4,0,1,28,26
HSD244;THFtm,0,1,28,26
HSD260;AKGtn,1,0,27,27
HSD260;ARTFR32,1,0,27,27
HSD260;ARTFR42,4,1,24,26
HSD260;ARTFR45,1,0,27,27
HSD260;CO2tn,1,0,27,27
HSD260;FALDtn,1,0,27,27
HSD260;Htr,1,0,27,27
HSD260;MEOHt2,1,0,27,27
HSD260;METAT,5,0,23,27
HSD260;NRVNCCOAtr,1,0,27,27
HSD260;O2tn,1,0,27,27
HSD260;O2tp,5,0,23,27
HSD260;OCDE9ECOAtr,4,1,24,26
HSD260;PNTK,0,1,28,26
HSD260;PNTOt1,0,1,28,26
HSD260;PPCDC,0,1,28,26
HSD260;PPNCL2,0,1,28,26
HSD260;PTPAT,0,1,28,26
HSD260;RTOT3,1,0,27,27
HSD260;RTOT4,5,1,23,26
HSD260;SARCOXp,5,0,23,27
HSD260;SARCStm,5,0,23,27
HSD260;SARCStp,5,0,23,27
HSD260;TECR201,1,0,27,27
HSD260;TECR221,1,0,27,27
HSD260;TECR241,1,0,27,27
HSD260;THFtm,1,0,27,27
HSD260;THRALANaEx,1,0,27,27
HSD3B11;METAT,0,1,28,26
HSD3B11;O2tp,0,1,28,26
HSD3B11;PCFLOPm,0,1,28,26
HSD3B11;PETOHMm_hs,0,1,28,26
HSD3B11;PMTCOAFABP1tc,0,1,28,26
HSD3B11;PUNP1,0,1,28,26
HSD3B11;SARCOXp,0,1,28,26
HSD3B11;SARCStm,0,1,28,26
HSD3B11;SARCStp,0,1,28,26
HXDCEALOR;PNTK,1,0,27,27
HXDCEALOR;PNTOte,1,0,27,27
HXDCEALOR;PPCDC,1,0,27,27
HXDCEALOR;PPNCL2,1,0,27,27
HXDCEALOR;PTPAT,1,0,27,27
HYAL;LPASE,1,0,27,27
HYAL;NDP7er,0,1,28,26
HYAL;PDHa,0,1,28,26
HYAL;PDHbr,0,1,28,26
HYAL;PIt9,1,0,27,27
HYAL;PNTK,2,0,26,27
HYAL;PNTOte,2,0,26,27
HYAL;PPCDC,2,0,26,27
HYAL;PPNCL2,2,0,26,27
HYAL;PROSTGE2t,1,0,27,27
HYAL;PROSTGE2t2,1,0,27,27
HYAL;PTPAT,2,0,26,27
HYAL;PYRt2m,0,1,28,26
HYAL;R_group_phosphotase_1,1,0,27,27
HYAL;THRALANaEx,1,0,27,27
HYAL;UAG4E,0,1,28,26
HYAL;UMPK5,1,0,27,27
HYALe;NDP7g,1,0,27,27
HYALe;PItg,1,0,27,27
Htg;ACITLn,0,1,28,26
Htg;ADPtn,0,1,28,26
Htg;CITtn,0,1,28,26
Htg;HYALe,1,0,27,27
Htg;Htr,0,1,28,26
Htg;ICITCITtm,0,1,28,26
Htg;ICITMALtm,0,1,28,26
Htg;KCCt,0,1,28,26
Htg;LDH_L,0,1,28,26
Htg;LPASE,1,0,27,27
Htg;MAL_Lte,1,2,27,25
Htg;MDHm,0,1,28,26
Htg;METDECARc,0,1,28,26
Htg;METTRANSc,0,1,28,26
Htg;NADH2_u10m,1,1,27,26
Htg;NDPK1,1,0,27,27
Htg;NH4tr,1,0,27,27
Htg;NTD7e,0,1,28,26
Htg;OAAtn,0,1,28,26
Htg;OCOAT1m,0,1,28,26
Htg;OROTGLUt,0,1,28,26
Htg;OROTte,0,1,28,26
Htg;PE_HStm,0,1,28,26
Htg;PFK_3,1,0,27,27
Htg;PGI,0,1,28,26
Htg;PGMT,1,0,27,27
Htg;PHEMEtm,1,0,27,27
Htg;PIMALtm,1,0,27,27
Htg;PIt2e,0,1,28,26
Htg;PIt2m_2,0,2,28,25
Htg;PIt7,2,0,26,27
Htg;PIt9,1,2,27,25
Htg;PItn,0,1,28,26
Htg;PNTK,1,0,27,27
Htg;PNTOte,1,0,27,27
Htg;PPAer,1,0,27,27
Htg;PPBNGS,1,0,27,27
Htg;PPCDC,1,0,27,27
Htg;PPIPItr,1,0,27,27
Htg;PPNCL2,1,0,27,27
Htg;PPPG9tm,1,0,27,27
Htg;PPPGOm,1,0,27,27
Htg;PROAKGOX1m,1,0,27,27
Htg;PROtm,2,0,26,27
Htg;PSDm_hs,0,1,28,26
Htg;PSFLIPm,0,1,28,26
Htg;PTPAT,1,0,27,27
Htg;PUNP1,0,1,28,26
Htg;PYK,0,1,28,26
Htg;R5Ptr,4,4,24,23
Htg;RBFK,4,4,24,23
Htg;RDH1a,0,1,28,26
Htg;RIBFLVt6,4,4,24,23
Htg;RPE,1,0,27,27
Htg;RPIr,4,4,24,23
Htg;RU5Ptr,4,4,24,23
Htg;R_group_phosphotase_1,1,0,27,27
Htg;SO4AKGtm,1,0,27,27
Htg;SO4MALtm,1,0,27,27
Htg;SUCOAS1m,1,1,27,26
Htg;THFtm,0,1,28,26
Htg;TKT1,1,0,27,27
Htg;TKT2,1,0,27,27
Htg;TPI,0,2,28,25
Htg;TXA2tr,0,1,28,26
Htg;TXB2c,0,1,28,26
Htg;TXB2r,0,1,28,26
Htg;TXB2tr,0,1,28,26
Htg;UDPGD,2,0,26,27
Htg;UDPGLCAter,1,0,27,27
Htg;UPP3S,1,0,27,27
Htg;UPPDC1,1,0,27,27
Htm;ORNTArm,1,0,27,27
Htm;ORNt,1,0,27,27
Htm;ORNt3m,1,0,27,27
Htm;PROGLUtm,1,0,27,27
Htm;PROtm,1,0,27,27
Htr;ARTFR12,0,1,28,26
Htr;ARTFR52,1,0,27,27
Htr;H3K9MET_1,0,1,28,26
Htr;H3K9MET_2,0,1,28,26
Htr;H3K9MET_3,0,1,28,26
Htr;H3K9_synthesis,0,1,28,26
Htr;Htx,0,1,28,26
Htr;ILEOX,1,0,27,27
Htr;ILETAm,1,0,27,27
Htr;ILEt5m,1,0,27,27
Htr;LDH_L,0,2,28,25
Htr;LNLNCGCOAtr,0,1,28,26
Htr;LNLNCGCOAtx,0,1,28,26
Htr;LYStn,0,1,28,26
Htr;MALCOAMT,0,1,28,26
Htr;MALCOAMTr,0,1,28,26
Htr;MAN1PT2,0,2,28,25
Htr;MAN6PI,0,2,28,25
Htr;MEOHt2,0,1,28,26
Htr;METAT,1,1,27,26
Htr;N3Tg,1,0,27,27
Htr;NADH2_u10m,0,1,28,26
Htr;NADHtpu,0,1,28,26
Htr;NADtx,0,1,28,26
Htr;NDP7er,4,1,24,26
Htr;NDP7g,0,1,28,26
Htr;NDPK1,1,0,27,27
Htr;NMNS,0,1,28,26
Htr;O2tp,1,3,27,24
Htr;P5CRxm,0,1,28,26
Htr;PGAM1_PhosHydro,0,1,28,26
Htr;PGMT,6,6,22,21
Htr;PHEMEtm,3,1,25,26
Htr;PIMALtm,1,1,27,26
Htr;PIt2m_2,0,1,28,26
Htr;PIt2r,0,1,28,26
Htr;PIter,1,7,27,20
Htr;PItg,0,1,28,26
Htr;PLMCOAPTr,0,1,28,26
Htr;PMANM,0,2,28,25
Htr;PPA,0,1,28,26
Htr;PPBNGS,3,1,25,26
Htr;PPPG9tm,3,1,25,26
Htr;PPPGOm,3,1,25,26
Htr;PRO1x,0,1,28,26
Htr;PROAKGOX1m,2,0,26,27
Htr;PROSTGE2t,1,0,27,27
Htr;PROSTGE2t2,1,0,27,27
Htr;PROtm,1,0,27,27
Htr;PYK,0,1,28,26
Htr;R5Ptr,0,1,28,26
Htr;RBFK,0,1,28,26
Htr;RDH1,1,1,27,26
Htr;RDH1a,1,1,27,26
Htr;RIBFLVt6,0,1,28,26
Htr;RND213,0,1,28,26
Htr;RPIr,0,1,28,26
Htr;RTOT5,1,0,27,27
Htr;RU5Ptr,0,1,28,26
Htr;SARCOXp,1,1,27,26
Htr;SARCStm,1,1,27,26
Htr;SARCStp,1,1,27,26
Htr;SO3AKGtm,0,1,28,26
Htr;SO3MALtm,0,1,28,26
Htr;SO4AKGtm,1,0,27,27
Htr;SO4MALtm,1,0,27,27
Htr;SUCOAS1m,1,0,27,27
Htr;SUCOASm,1,0,27,27
Htr;TECR200,1,0,27,27
Htr;TECR2031,0,1,28,26
Htr;TECR220,1,0,27,27
Htr;TECR240,1,0,27,27
Htr;TECR260,1,0,27,27
Htr;THFtm,0,1,28,26
Htr;THRA,2,1,26,26
Htr;THRALANaEx,3,0,25,27
Htr;TXA2tr,1,3,27,24
Htr;TXB2c,1,3,27,24
Htr;TXB2r,1,3,27,24
Htr;TXB2tr,1,3,27,24
Htr;UAG4E,3,0,25,27
Htr;UAGDP,0,1,28,26
Htr;UDPGD,9,2,19,25
Htr;UDPGLCAter,3,1,25,26
Htr;UGALNACtg,1,0,27,27
Htr;UGLCNACtg,0,1,28,26
Htr;UGT1A2r,3,1,25,26
Htr;UPP3S,3,1,25,26
Htr;UPPDC1,3,1,25,26
Htr;peplys_synthesis,0,1,28,26
Htx;THFtm,0,1,28,26
Htx;UMPK,0,1,28,26
ICDHxrm;ARTFR41,0,1,28,26
ICDHxrm;MAL_Lte,1,0,27,27
ICDHxrm;OCOAT1m,0,1,28,26
ICDHxrm;P5CRxm,0,1,28,26
ICDHxrm;PGLYCH,0,1,28,26
ICDHxrm;PLMCOAPTr,0,1,28,26
ICDHxrm;PMTCOAFABP1tc,0,1,28,26
ICDHxrm;PROD2m,0,1,28,26
ICDHxrm;RTOT4,0,1,28,26
ICDHxrm;SUCOAS1m,0,1,28,26
ICDHyrm;ARTFR12,0,1,28,26
ICDHyrm;LSTO2r,1,0,27,27
ICDHyrm;MAL_Lte,1,0,27,27
ICDHyrm;METAT,0,1,28,26
ICDHyrm;METOX,0,1,28,26
ICDHyrm;NCKt,0,1,28,26
ICDHyrm;NCNt,0,1,28,26
ICDHyrm;NDP7er,1,0,27,27
ICDHyrm;NQO2,0,1,28,26
ICDHyrm;O2tp,0,2,28,25
ICDHyrm;P5CRxm,0,1,28,26
ICDHyrm;PHEMEtm,1,0,27,27
ICDHyrm;PIMALtm,1,0,27,27
ICDHyrm;PIt2m_2,2,1,26,26
ICDHyrm;PLMCOAPTr,0,1,28,26
ICDHyrm;PMTCOAFABP1tc,0,1,28,26
ICDHyrm;PPBNGS,1,0,27,27
ICDHyrm;PPPG9tm,1,0,27,27
ICDHyrm;PPPGOm,1,0,27,27
ICDHyrm;PRO1x,0,1,28,26
ICDHyrm;PROGLUtm,1,0,27,27
ICDHyrm;PROtm,1,0,27,27
ICDHyrm;PVD3,1,0,27,27
ICDHyrm;PYRAKGte,0,1,28,26
ICDHyrm;RADH3,0,1,28,26
ICDHyrm;RADH4,0,1,28,26
ICDHyrm;SARCOXp,0,1,28,26
ICDHyrm;SARCStm,0,1,28,26
ICDHyrm;SARCStp,0,1,28,26
ICDHyrm;SFGTH,0,1,28,26
ICDHyrm;SO3AKGtm,1,0,27,27
ICDHyrm;SO3MALtm,1,0,27,27
ICDHyrm;SSALym,1,0,27,27
ICDHyrm;SUCCICITtm,1,0,27,27
ICDHyrm;SUCOAS1m,1,0,27,27
ICDHyrm;THFtm,4,1,24,26
ICDHyrm;THR3Dx,0,1,28,26
ICDHyrm;THRA,4,1,24,26
ICDHyrm;UDPGLCAter,1,0,27,27
ICDHyrm;UNK3,0,1,28,26
ICDHyrm;UPP3S,1,0,27,27
ICDHyrm;UPPDC1,1,0,27,27
ICDHyrm;VD3,1,0,27,27
ICDHyrm;VITD3Hm,1,0,27,27
ICDHyrm;VITD3tm,1,0,27,27
ICDHyrm;q10h2tc,0,1,28,26
ICDHyrm;q10tm,0,1,28,26
ICITACONtm;PIMALtm,1,0,27,27
ICITACONtm;PYRt4_2,1,0,27,27
ICITACONtm;SO4AKGtm,1,0,27,27
ICITACONtm;SO4MALtm,1,0,27,27
ICITACONtm;SUCCACONtm,1,0,27,27
ICITCITtm;H3K9MET_1,0,1,28,26
ICITCITtm;H3K9MET_2,0,1,28,26
ICITCITtm;H3K9MET_3,0,1,28,26
ICITCITtm;H3K9_synthesis,0,1,28,26
ICITCITtm;IDHPOXOX2b,0,1,28,26
ICITCITtm;IDHPOXOX4,0,1,28,26
ICITCITtm;IDHPOXOXb,0,1,28,26
ICITCITtm;LDH_L,0,1,28,26
ICITCITtm;LYStn,0,1,28,26
ICITCITtm;MAL_Lte,0,4,28,23
ICITCITtm;MAN1PT2,0,1,28,26
ICITCITtm;MAN6PI,0,1,28,26
ICITCITtm;MDH,0,1,28,26
ICITCITtm;MEOHt2,0,1,28,26
ICITCITtm;METAT,0,1,28,26
ICITCITtm;MTHFCm,0,1,28,26
ICITCITtm;MTHFDm,0,1,28,26
ICITCITtm;N4Tg,0,1,28,26
ICITCITtm;NAGA2ly,0,1,28,26
ICITCITtm;NAGLCAly,0,1,28,26
ICITCITtm;NAIt,0,1,28,26
ICITCITtm;NDP7er,0,1,28,26
ICITCITtm;NDP7g,0,1,28,26
ICITCITtm;NH4tm,0,1,28,26
ICITCITtm;NQO2,0,1,28,26
ICITCITtm;O2tp,0,1,28,26
ICITCITtm;PAPStg,0,1,28,26
ICITCITtm;PAPtg,0,1,28,26
ICITCITtm;PGMT,0,1,28,26
ICITCITtm;PHEOX,0,1,28,26
ICITCITtm;PHETA1,0,1,28,26
ICITCITtm;PIt2m_2,0,1,28,26
ICITCITtm;PIter,0,1,28,26
ICITCITtm;PItg,0,1,28,26
ICITCITtm;PMANM,0,1,28,26
ICITCITtm;PROGLUtm,0,1,28,26
ICITCITtm;PYRt2m,0,1,28,26
ICITCITtm;SADT,0,1,28,26
ICITCITtm;SARCOXp,0,1,28,26
ICITCITtm;SARCStm,0,1,28,26
ICITCITtm;SARCStp,0,1,28,26
ICITCITtm;SERTm,0,1,28,26
ICITCITtm;SGALSIDEtg,0,1,28,26
ICITCITtm;SGALSIDEtl,0,1,28,26
ICITCITtm;SO4HCOtex,0,1,28,26
ICITCITtm;SO4tl,0,1,28,26
ICITCITtm;ST3GAL31g,0,1,28,26
ICITCITtm;Ser/Thrtg,0,1,28,26
ICITCITtm;THRA,0,2,28,25
ICITCITtm;THYPX,0,1,28,26
ICITCITtm;THYST,0,1,28,26
ICITCITtm;UAGDP,0,1,28,26
ICITCITtm;UDPACGALtl,0,1,28,26
ICITCITtm;UDPG4E,0,1,28,26
ICITCITtm;UDPGALt2r,0,1,28,26
ICITCITtm;UDPGALtg,0,1,28,26
ICITCITtm;UDPGGPGTr,0,1,28,26
ICITCITtm;UDPtl,0,1,28,26
ICITCITtm;UGALNACtg,0,1,28,26
ICITCITtm;UGCGc,0,1,28,26
ICITCITtm;UGLCNACtg,0,1,28,26
ICITCITtm;UMPtr,0,1,28,26
ICITCITtm;peplys_synthesis,0,1,28,26
ICITCITtm;q10h2tc,0,1,28,26
ICITCITtm;q10tm,0,1,28,26
ICITMALtm;H3K9MET_1,0,1,28,26
ICITMALtm;H3K9MET_2,0,1,28,26
ICITMALtm;H3K9MET_3,0,1,28,26
ICITMALtm;H3K9_synthesis,0,1,28,26
ICITMALtm;IDHPOXOX2b,0,1,28,26
ICITMALtm;IDHPOXOX4,0,1,28,26
ICITMALtm;IDHPOXOXb,0,1,28,26
ICITMALtm;LDH_L,0,1,28,26
ICITMALtm;LYStn,0,1,28,26
ICITMALtm;MALTSULtm,0,1,28,26
ICITMALtm;MAL_Lte,4,4,24,23
ICITMALtm;MAN1PT2,0,1,28,26
ICITMALtm;MAN6PI,0,1,28,26
ICITMALtm;MDH,0,1,28,26
ICITMALtm;MEOHt2,0,1,28,26
ICITMALtm;METAT,0,1,28,26
ICITMALtm;MTHFCm,0,1,28,26
ICITMALtm;MTHFDm,0,1,28,26
ICITMALtm;N4Tg,0,1,28,26
ICITMALtm;NAGA2ly,0,1,28,26
ICITMALtm;NAGLCAly,0,1,28,26
ICITMALtm;NAIt,0,1,28,26
ICITMALtm;NCKt,0,1,28,26
ICITMALtm;NCNt,0,1,28,26
ICITMALtm;NDP7er,0,1,28,26
ICITMALtm;NDP7g,0,1,28,26
ICITMALtm;NH4tm,0,1,28,26
ICITMALtm;NQO2,0,1,28,26
ICITMALtm;O2tp,0,1,28,26
ICITMALtm;PAPStg,0,1,28,26
ICITMALtm;PAPtg,0,1,28,26
ICITMALtm;PGMT,0,1,28,26
ICITMALtm;PHEOX,0,1,28,26
ICITMALtm;PHETA1,0,1,28,26
ICITMALtm;PIt2m_2,0,1,28,26
ICITMALtm;PIter,0,1,28,26
ICITMALtm;PItg,0,1,28,26
ICITMALtm;PMANM,0,1,28,26
ICITMALtm;PROGLUtm,0,1,28,26
ICITMALtm;PYRt2m,0,1,28,26
ICITMALtm;SADT,0,1,28,26
ICITMALtm;SARCOXp,0,1,28,26
ICITMALtm;SARCStm,0,1,28,26
ICITMALtm;SARCStp,0,1,28,26
ICITMALtm;SERTm,0,1,28,26
ICITMALtm;SGALSIDEtg,0,1,28,26
ICITMALtm;SGALSIDEtl,0,1,28,26
ICITMALtm;SO4HCOtex,0,1,28,26
ICITMALtm;SO4tl,0,1,28,26
ICITMALtm;SQORm,0,1,28,26
ICITMALtm;ST3GAL31g,0,1,28,26
ICITMALtm;Ser/Thrtg,0,1,28,26
ICITMALtm;THR3Dx,0,1,28,26
ICITMALtm;THRA,1,2,27,25
ICITMALtm;THYMtm,1,0,27,27
ICITMALtm;THYPX,0,1,28,26
ICITMALtm;THYST,0,1,28,26
ICITMALtm;TSULt4_3,0,1,28,26
ICITMALtm;UAGDP,0,1,28,26
ICITMALtm;UDPACGALtl,0,1,28,26
ICITMALtm;UDPG4E,0,1,28,26
ICITMALtm;UDPGALt2r,0,1,28,26
ICITMALtm;UDPGALtg,0,1,28,26
ICITMALtm;UDPGGPGTr,0,1,28,26
ICITMALtm;UDPtl,0,1,28,26
ICITMALtm;UGALNACtg,0,1,28,26
ICITMALtm;UGCGc,0,1,28,26
ICITMALtm;UGLCNACtg,0,1,28,26
ICITMALtm;UMPtr,0,1,28,26
ICITMALtm;peplys_synthesis,0,1,28,26
ICITMALtm;q10h2tc,0,1,28,26
ICITMALtm;q10tm,0,1,28,26
IDHPOXOX2b;ACITLn,0,1,28,26
IDHPOXOX2b;ADPtn,0,1,28,26
IDHPOXOX2b;CITtn,0,1,28,26
IDHPOXOX2b;H3K4MET_1,1,1,27,26
IDHPOXOX2b;H3K4MET_2,1,1,27,26
IDHPOXOX2b;H3K4MET_3,1,1,27,26
IDHPOXOX2b;H3K4_synthesis,1,1,27,26
IDHPOXOX2b;LDH_L,0,1,28,26
IDHPOXOX2b;LYStn,1,1,27,26
IDHPOXOX2b;MDHm,0,1,28,26
IDHPOXOX2b;MI1PP,0,2,28,25
IDHPOXOX2b;NADH2_u10m,0,1,28,26
IDHPOXOX2b;O2t,0,2,28,25
IDHPOXOX2b;OAAtn,0,1,28,26
IDHPOXOX2b;OCOAT1m,1,1,27,26
IDHPOXOX2b;PIPLC,0,2,28,25
IDHPOXOX2b;PItn,0,1,28,26
IDHPOXOX2b;PPM2,0,1,28,26
IDHPOXOX2b;RDH1,0,1,28,26
IDHPOXOX2b;RDH1a,0,1,28,26
IDHPOXOX2b;SUCOAS1m,1,1,27,26
IDHPOXOX2b;THFtm,0,1,28,26
IDHPOXOX2b;peplys_synthesis,1,1,27,26
IDHPOXOX3;LDH_L,0,1,28,26
IDHPOXOX3;OCOAT1m,0,1,28,26
IDHPOXOX3;RDH1,0,1,28,26
IDHPOXOX3;RDH1a,0,1,28,26
IDHPOXOX3;SUCOAS1m,0,1,28,26
IDHPOXOX4;ACITLn,0,1,28,26
IDHPOXOX4;ADPtn,0,1,28,26
IDHPOXOX4;CITtn,0,1,28,26
IDHPOXOX4;H3K4MET_1,1,0,27,27
IDHPOXOX4;H3K4MET_2,1,0,27,27
IDHPOXOX4;H3K4MET_3,1,0,27,27
IDHPOXOX4;H3K4_synthesis,1,0,27,27
IDHPOXOX4;LYStn,1,0,27,27
IDHPOXOX4;MDHm,0,1,28,26
IDHPOXOX4;MI1PP,0,2,28,25
IDHPOXOX4;NADH2_u10m,0,1,28,26
IDHPOXOX4;O2t,0,2,28,25
IDHPOXOX4;OAAtn,0,1,28,26
IDHPOXOX4;OCOAT1m,1,0,27,27
IDHPOXOX4;PIPLC,0,2,28,25
IDHPOXOX4;PItn,0,1,28,26
IDHPOXOX4;PPM2,0,1,28,26
IDHPOXOX4;SUCOAS1m,1,0,27,27
IDHPOXOX4;THFtm,0,1,28,26
IDHPOXOX4;peplys_synthesis,1,0,27,27
IDHPOXOXb;ACITLn,0,1,28,26
IDHPOXOXb;ADPtn,0,1,28,26
IDHPOXOXb;CITtn,0,1,28,26
IDHPOXOXb;H3K4MET_1,1,1,27,26
IDHPOXOXb;H3K4MET_2,1,1,27,26
IDHPOXOXb;H3K4MET_3,1,1,27,26
IDHPOXOXb;H3K4_synthesis,1,1,27,26
IDHPOXOXb;LDH_L,0,1,28,26
IDHPOXOXb;LYStn,1,1,27,26
IDHPOXOXb;MDHm,0,1,28,26
IDHPOXOXb;MI1PP,0,2,28,25
IDHPOXOXb;NADH2_u10m,0,1,28,26
IDHPOXOXb;O2t,0,2,28,25
IDHPOXOXb;OAAtn,0,1,28,26
IDHPOXOXb;OCOAT1m,1,1,27,26
IDHPOXOXb;PIPLC,0,2,28,25
IDHPOXOXb;PItn,0,1,28,26
IDHPOXOXb;PPM2,0,1,28,26
IDHPOXOXb;RDH1,0,1,28,26
IDHPOXOXb;RDH1a,0,1,28,26
IDHPOXOXb;SUCOAS1m,1,1,27,26
IDHPOXOXb;THFtm,0,1,28,26
IDHPOXOXb;peplys_synthesis,1,1,27,26
ILELAT1tc;ILEt4,0,2,28,25
ILEOX;METOX,0,1,28,26
ILEOX;NH4tm,1,0,27,27
ILEOX;OCOAT1m,0,1,28,26
ILEOX;P45011A1m,1,0,27,27
ILEOX;PIt2m_2,0,1,28,26
ILEOX;PRGNLONEtm,1,0,27,27
ILEOX;PRGNLONEtr,1,0,27,27
ILEOX;PYRAKGte,0,1,28,26
ILEOX;SUCOAS1m,0,1,28,26
ILEOX;UNK3,0,1,28,26
ILETAm;METOX,0,1,28,26
ILETAm;NH4tm,1,0,27,27
ILETAm;OCOAT1m,0,1,28,26
ILETAm;P45011A1m,1,0,27,27
ILETAm;PIt2m_2,0,1,28,26
ILETAm;PRGNLONEtm,1,0,27,27
ILETAm;PRGNLONEtr,1,0,27,27
ILETAm;PYRAKGte,0,1,28,26
ILETAm;SUCOAS1m,0,1,28,26
ILETAm;UNK3,0,1,28,26
ILEt4;ILEtec,0,4,28,23
ILEt5m;METOX,0,1,28,26
ILEt5m;NH4tm,1,0,27,27
ILEt5m;OCOAT1m,0,1,28,26
ILEt5m;P45011A1m,1,0,27,27
ILEt5m;PIt2m_2,0,1,28,26
ILEt5m;PRGNLONEtm,1,0,27,27
ILEt5m;PRGNLONEtr,1,0,27,27
ILEt5m;PYRAKGte,0,1,28,26
ILEt5m;SUCOAS1m,0,1,28,26
ILEt5m;UNK3,0,1,28,26
IMAGH;MALTSULtm,1,0,27,27
IMAGH;MTHFR3x,1,0,27,27
IMAGH;N3Tg,1,0,27,27
IMAGH;NDP7er,1,0,27,27
IMAGH;O2t,0,1,28,26
IMAGH;O2tp,1,0,27,27
IMAGH;PHEMEtm,1,0,27,27
IMAGH;PIt2m_2,1,0,27,27
IMAGH;PPBNGS,1,0,27,27
IMAGH;PPPG9tm,1,0,27,27
IMAGH;PPPGOm,1,0,27,27
IMAGH;PROAKGOX1m,1,0,27,27
IMAGH;PYRtm,1,0,27,27
IMAGH;SQORm,1,0,27,27
IMAGH;SUCOAS1m,1,0,27,27
IMAGH;THBPT4ACAMDASE,1,0,27,27
IMAGH;TSULt4_3,1,0,27,27
IMAGH;TYR3MO2,1,0,27,27
IMAGH;TYRDOPO,0,1,28,26
IMAGH;UAG4E,1,0,27,27
IMAGH;UDPG4E,1,0,27,27
IMAGH;UDPGALtg,1,0,27,27
IMAGH;UDPGD,1,0,27,27
IMAGH;UDPGLCAter,1,0,27,27
IMAGH;UGALNACtg,1,0,27,27
IMAGH;UGT1A2r,1,0,27,27
IMAGH;UPP3S,1,0,27,27
IMAGH;UPPDC1,1,0,27,27
ITCOAL1m;MAL_Lte,0,2,28,25
ITCOAL1m;O2tp,0,1,28,26
ITCOAL1m;P5CRxm,0,1,28,26
ITCOAL1m;PRO1x,0,1,28,26
ITCOAL1m;PYRt2m,0,1,28,26
ITCOAL1m;THRA,0,1,28,26
ITCOALm;MAL_Lte,0,1,28,26
ITCOALm;METOX,0,1,28,26
ITCOALm;PGLYCH,0,1,28,26
ITCOALm;PIt2m_2,0,1,28,26
ITCOALm;PYRAKGte,0,1,28,26
ITCOALm;PYRt2m,1,1,27,26
ITCOALm;THR3Dx,0,1,28,26
ITCOALm;UNK3,0,1,28,26
KCC2t;NAt5,2,0,26,27
KCC2t;NCKt,0,1,28,26
KCC2t;NCNt,1,1,27,26
KCC2t;RDH1,0,1,28,26
KCC2t;RDH1a,0,1,28,26
KCCt;ACITLn,0,1,28,26
KCCt;ADPtn,0,1,28,26
KCCt;CITtn,0,1,28,26
KCCt;NAt5,1,0,27,27
KCCt;NCKt,0,1,28,26
KCCt;NDP7g,0,1,28,26
KCCt;OAAtn,0,1,28,26
KCCt;PGMT,0,1,28,26
KCCt;PItg,0,1,28,26
KCCt;PItn,0,1,28,26
KCCt;UAGDP,0,1,28,26
KCCt;UGLCNACtg,0,1,28,26
KSII_CORE2t;KSII_CORE4t,2,1,26,26
KSII_CORE2t;KSII_CORE4tly,2,1,26,26
KSII_CORE2t;NACHEX26ly,2,1,26,26
KSII_CORE2t;S23T4g,2,1,26,26
KSII_CORE2t;S6T16g,2,1,26,26
KSII_CORE2t;S6T17g,2,1,26,26
KSII_CORE2t;S6T18g,2,1,26,26
KSII_CORE2t;S6TASE25ly,2,1,26,26
KSII_CORE2t;S6TASE26ly,2,1,26,26
KSII_CORE2t;SIAASE4ly,2,1,26,26
KSII_CORE2tly;KSII_CORE4t,2,1,26,26
KSII_CORE2tly;KSII_CORE4tly,2,1,26,26
KSII_CORE2tly;NACHEX26ly,2,1,26,26
KSII_CORE2tly;S23T4g,2,1,26,26
KSII_CORE2tly;S6T16g,2,1,26,26
KSII_CORE2tly;S6T17g,2,1,26,26
KSII_CORE2tly;S6T18g,2,1,26,26
KSII_CORE2tly;S6TASE25ly,2,1,26,26
KSII_CORE2tly;S6TASE26ly,2,1,26,26
KSII_CORE2tly;SIAASE4ly,2,1,26,26
KSII_CORE4t;LPASE,1,0,27,27
KSII_CORE4t;N3Tg,2,1,26,26
KSII_CORE4t;NACHEX23ly,2,1,26,26
KSII_CORE4t;PDHa,0,1,28,26
KSII_CORE4t;PDHbr,0,1,28,26
KSII_CORE4t;PYRt2m,0,1,28,26
KSII_CORE4t;R_group_phosphotase_1,1,0,27,27
KSII_CORE4t;S23T2g,2,1,26,26
KSII_CORE4t;S6T1g,2,1,26,26
KSII_CORE4t;S6T2g,2,1,26,26
KSII_CORE4t;S6T3g,2,1,26,26
KSII_CORE4t;S6TASE22ly,2,1,26,26
KSII_CORE4t;S6TASE23ly,2,1,26,26
KSII_CORE4t;SIAASE3ly,2,1,26,26
KSII_CORE4t;THRALANaEx,1,0,27,27
KSII_CORE4t;UMPK5,1,0,27,27
KSII_CORE4tly;LPASE,1,0,27,27
KSII_CORE4tly;N3Tg,2,1,26,26
KSII_CORE4tly;NACHEX23ly,2,1,26,26
KSII_CORE4tly;PDHa,0,1,28,26
KSII_CORE4tly;PDHbr,0,1,28,26
KSII_CORE4tly;PYRt2m,0,1,28,26
KSII_CORE4tly;R_group_phosphotase_1,1,0,27,27
KSII_CORE4tly;S23T2g,2,1,26,26
KSII_CORE4tly;S6T1g,2,1,26,26
KSII_CORE4tly;S6T2g,2,1,26,26
KSII_CORE4tly;S6T3g,2,1,26,26
KSII_CORE4tly;S6TASE22ly,2,1,26,26
KSII_CORE4tly;S6TASE23ly,2,1,26,26
KSII_CORE4tly;SIAASE3ly,2,1,26,26
KSII_CORE4tly;THRALANaEx,1,0,27,27
KSII_CORE4tly;UMPK5,1,0,27,27
KSIt;NDP7er,2,1,26,26
KSIt;OROTGLUt,0,1,28,26
KSIt;OROTte,0,1,28,26
KSIt;ST3GAL31g,1,0,27,27
KSIt;ST3GAL61g,1,0,27,27
KSIt;UAG4E,0,2,28,25
KSIt;UDPGALt2r,2,0,26,27
KSIt;UDPGGPGTr,2,0,26,27
KSIt;UGCGc,2,0,26,27
KSIt;UMPtr,2,0,26,27
KYNAKGAT;NDP7er,0,1,28,26
KYNAKGAT;PGMT,0,1,28,26
KYNAKGAT;PHEMEtm,0,1,28,26
KYNAKGAT;PIMALtm,0,1,28,26
KYNAKGAT;PIt2m_2,0,1,28,26
KYNAKGAT;PIter,0,1,28,26
KYNAKGAT;PPBNGS,0,1,28,26
KYNAKGAT;PPPG9tm,0,1,28,26
KYNAKGAT;PPPGOm,0,1,28,26
KYNAKGAT;SO4AKGtm,0,1,28,26
KYNAKGAT;SO4MALtm,0,1,28,26
KYNAKGAT;UDPGD,0,1,28,26
KYNAKGAT;UDPGLCAter,0,1,28,26
KYNAKGAT;UPP3S,0,1,28,26
KYNAKGAT;UPPDC1,0,1,28,26
KYNATESYN;NDP7er,0,1,28,26
KYNATESYN;PGMT,0,1,28,26
KYNATESYN;PHEMEtm,0,1,28,26
KYNATESYN;PIMALtm,0,1,28,26
KYNATESYN;PIt2m_2,0,1,28,26
KYNATESYN;PIter,0,1,28,26
KYNATESYN;PPBNGS,0,1,28,26
KYNATESYN;PPPG9tm,0,1,28,26
KYNATESYN;PPPGOm,0,1,28,26
KYNATESYN;SO4AKGtm,0,1,28,26
KYNATESYN;SO4MALtm,0,1,28,26
KYNATESYN;UDPGD,0,1,28,26
KYNATESYN;UDPGLCAter,0,1,28,26
KYNATESYN;UPP3S,0,1,28,26
KYNATESYN;UPPDC1,0,1,28,26
KYNATEtr;NDP7er,0,1,28,26
KYNATEtr;PGMT,0,1,28,26
KYNATEtr;PHEMEtm,0,1,28,26
KYNATEtr;PIMALtm,0,1,28,26
KYNATEtr;PIt2m_2,0,1,28,26
KYNATEtr;PIter,0,1,28,26
KYNATEtr;PPBNGS,0,1,28,26
KYNATEtr;PPPG9tm,0,1,28,26
KYNATEtr;PPPGOm,0,1,28,26
KYNATEtr;SO4AKGtm,0,1,28,26
KYNATEtr;SO4MALtm,0,1,28,26
KYNATEtr;UDPGD,0,1,28,26
KYNATEtr;UDPGLCAter,0,1,28,26
KYNATEtr;UPP3S,0,1,28,26
KYNATEtr;UPPDC1,0,1,28,26
LAC_Ltx;LALDD,1,0,27,27
LAC_Ltx;LCADi_D,1,0,27,27
LAC_Ltx;NDPK8,1,0,27,27
LAC_Ltx;THYMtm,1,0,27,27
LAC_Ltx;TPI,1,0,27,27
LALDD;LCADi,1,0,27,27
LALDD;LDH_Lp,1,0,27,27
LALDD;MAL_Lte,1,0,27,27
LALDD;NADPHtxu,1,0,27,27
LALDD;NADPtxu,1,0,27,27
LALDD;PIt8,1,0,27,27
LALDD;PLA2,1,0,27,27
LALDD;PNTK,1,0,27,27
LALDD;PNTOte,1,0,27,27
LALDD;PPCDC,1,0,27,27
LALDD;PPNCL2,1,0,27,27
LALDD;PRISTANALtx,1,0,27,27
LALDD;PRISTtx,1,0,27,27
LALDD;PTPAT,1,0,27,27
LALDD;PYRt2p,1,0,27,27
LALDD;R_group_phosphotase_1,1,0,27,27
LALDD;Rtotalcoatx,1,0,27,27
LALDD;Rtotaltp,1,0,27,27
LARGEg;NTD7e,0,1,28,26
LARGEg;PIt9,1,0,27,27
LARGEg;PPAer,1,0,27,27
LARGEg;PPIPItr,1,0,27,27
LARGEg;PUNP1,0,1,28,26
LARGEg;R5Ptr,5,9,23,18
LARGEg;RBFK,0,1,28,26
LARGEg;RIBFLVt6,0,1,28,26
LARGEg;RPIr,5,9,23,18
LARGEg;RU5Ptr,5,9,23,18
LARGEg;UDPG4E,1,1,27,26
LARGEg;UDPGALtg,1,1,27,26
LARGEg;UGALNACtg,0,1,28,26
LARGEg;UMPK5,0,1,28,26
LCADi;LCADi_D,1,0,27,27
LCADi;THYMtm,1,0,27,27
LCADi;TPI,0,1,28,26
LCADi_D;LDH_Lp,1,0,27,27
LCADi_D;MAL_Lte,1,0,27,27
LCADi_D;NADPHtxu,1,0,27,27
LCADi_D;NADPtxu,1,0,27,27
LCADi_D;PIt8,1,0,27,27
LCADi_D;PLA2,1,0,27,27
LCADi_D;PNTK,1,0,27,27
LCADi_D;PNTOte,1,0,27,27
LCADi_D;PPCDC,1,0,27,27
LCADi_D;PPNCL2,1,0,27,27
LCADi_D;PRISTANALtx,1,0,27,27
LCADi_D;PRISTtx,1,0,27,27
LCADi_D;PTPAT,1,0,27,27
LCADi_D;PYRt2p,1,0,27,27
LCADi_D;R_group_phosphotase_1,1,0,27,27
LCADi_D;Rtotalcoatx,1,0,27,27
LCADi_D;Rtotaltp,1,0,27,27
LCYSTCBOXL;H3K4MET_1,1,0,27,27
LCYSTCBOXL;H3K4MET_2,1,0,27,27
LCYSTCBOXL;H3K4MET_3,1,0,27,27
LCYSTCBOXL;H3K4_synthesis,1,0,27,27
LCYSTCBOXL;LDH_L,0,1,28,26
LCYSTCBOXL;LYStn,1,0,27,27
LCYSTCBOXL;OCOAT1m,1,0,27,27
LCYSTCBOXL;SUCOAS1m,1,0,27,27
LCYSTCBOXL;peplys_synthesis,1,0,27,27
LDH_L;ACITLn,0,1,28,26
LDH_L;ADPtn,0,1,28,26
LDH_L;ARTFR12,0,2,28,25
LDH_L;CITtn,0,1,28,26
LDH_L;LDH_Lm,0,1,28,26
LDH_L;MALCOAMT,0,1,28,26
LDH_L;MALCOAMTr,0,1,28,26
LDH_L;MAL_Lte,0,1,28,26
LDH_L;MAN1PT2,0,1,28,26
LDH_L;MAN6PI,0,1,28,26
LDH_L;MDH,0,1,28,26
LDH_L;MDHm,0,2,28,25
LDH_L;ME2,0,1,28,26
LDH_L;ME2m,0,1,28,26
LDH_L;METAT,0,1,28,26
LDH_L;METDECARc,0,2,28,25
LDH_L;METTRANSc,0,2,28,25
LDH_L;NADH2_u10m,0,1,28,26
LDH_L;NAIt,0,1,28,26
LDH_L;NAt3_1,0,1,28,26
LDH_L;NDP7er,0,2,28,25
LDH_L;NDP7g,0,1,28,26
LDH_L;NOS2,0,1,28,26
LDH_L;NQO2,0,2,28,25
LDH_L;NWHARGOR,0,1,28,26
LDH_L;O2t,0,1,28,26
LDH_L;O2tp,0,1,28,26
LDH_L;OAAtn,0,1,28,26
LDH_L;OROTGLUt,0,1,28,26
LDH_L;OROTte,0,1,28,26
LDH_L;PGMT,0,2,28,25
LDH_L;PHEMEtm,0,1,28,26
LDH_L;PHETA1,0,1,28,26
LDH_L;PIMALtm,0,1,28,26
LDH_L;PIt2m_2,0,1,28,26
LDH_L;PIt9,0,1,28,26
LDH_L;PIter,0,1,28,26
LDH_L;PItg,0,1,28,26
LDH_L;PItn,0,1,28,26
LDH_L;PLMCOAPTr,0,2,28,25
LDH_L;PMANM,0,1,28,26
LDH_L;PMTCOAFABP1tc,0,2,28,25
LDH_L;PPAm,0,2,28,25
LDH_L;PPBNGS,0,1,28,26
LDH_L;PPItm,0,3,28,24
LDH_L;PPOR,0,1,28,26
LDH_L;PPPG9tm,0,1,28,26
LDH_L;PPPGOm,0,1,28,26
LDH_L;PYK,0,2,28,25
LDH_L;PYRt2m,0,1,28,26
LDH_L;RADH3,0,1,28,26
LDH_L;RADH4,0,1,28,26
LDH_L;RDH1,0,2,28,25
LDH_L;RDH1a,0,2,28,25
LDH_L;SADT,0,1,28,26
LDH_L;SARCOXp,0,1,28,26
LDH_L;SARCStm,0,1,28,26
LDH_L;SARCStp,0,1,28,26
LDH_L;SFGTH,0,1,28,26
LDH_L;SO4AKGtm,0,1,28,26
LDH_L;SO4MALtm,0,1,28,26
LDH_L;SO4t4_3,0,1,28,26
LDH_L;TAURCHAe,0,1,28,26
LDH_L;THBPT4ACAMDASE,0,2,28,25
LDH_L;THFt2,0,1,28,26
LDH_L;THFtm,0,2,28,25
LDH_L;THYPX,0,1,28,26
LDH_L;TPI,0,1,28,26
LDH_L;TRIODTHYt,0,1,28,26
LDH_L;TYR3MO2,0,1,28,26
LDH_L;UAGDP,0,1,28,26
LDH_L;UDPG4E,0,1,28,26
LDH_L;UDPGALt2r,0,1,28,26
LDH_L;UDPGALtg,0,1,28,26
LDH_L;UDPGCURtr,0,1,28,26
LDH_L;UDPGD,0,1,28,26
LDH_L;UDPGGPGTr,0,1,28,26
LDH_L;UGCGc,0,1,28,26
LDH_L;UGLCNACtg,0,1,28,26
LDH_L;UGT1A2r,0,1,28,26
LDH_L;UMPtr,0,2,28,25
LDH_L;UPP3S,0,1,28,26
LDH_L;UPPDC1,0,1,28,26
LDH_L;q10h2tc,0,2,28,25
LDH_L;q10tm,0,2,28,25
LDH_Lm;MAL_Lte,0,1,28,26
LDH_Lm;ME2,0,1,28,26
LDH_Lm;ME2m,0,1,28,26
LDH_Lm;NADH2_u10m,0,1,28,26
LDH_Lm;THFtm,0,1,28,26
LDH_Lm;THRA,0,1,28,26
LDH_Lp;NDPK8,1,0,27,27
LDH_Lp;THYMtm,1,0,27,27
LDH_Lp;TPI,1,0,27,27
LEUt4;PHEt4,1,1,27,26
LPASE;NACHEX24ly,1,0,27,27
LPASE;NACHEX25ly,1,0,27,27
LPASE;NACHEX26ly,1,0,27,27
LPASE;NAGA2ly,1,0,27,27
LPASE;NAGLCAly,1,0,27,27
LPASE;NDP7g,1,0,27,27
LPASE;PAPStg,1,0,27,27
LPASE;PAPtg,1,0,27,27
LPASE;PFK,0,1,28,26
LPASE;PGK,2,0,26,27
LPASE;PGM,1,0,27,27
LPASE;PItg,1,0,27,27
LPASE;S23T4g,1,0,27,27
LPASE;S6T16g,1,0,27,27
LPASE;S6T17g,1,0,27,27
LPASE;S6T18g,1,0,27,27
LPASE;S6TASE24ly,1,0,27,27
LPASE;S6TASE25ly,1,0,27,27
LPASE;S6TASE26ly,1,0,27,27
LPASE;SADT,1,0,27,27
LPASE;SIAASE4ly,1,0,27,27
LPASE;SO4tl,1,0,27,27
LPASE;Ser/Thrtg,1,0,27,27
LPASE;THRA,2,1,26,26
LPASE;TPI,1,0,27,27
LPASE;UAGDP,1,0,27,27
LPASE;UDPACGALtl,1,0,27,27
LPASE;UDPG4E,1,0,27,27
LPASE;UDPGALtg,1,0,27,27
LPASE;UDPGD,1,0,27,27
LPASE;UDPtl,1,0,27,27
LPASE;UGALNACtg,1,0,27,27
LPASE;UGLCNACtg,1,0,27,27
LPASE;UROLACer,1,0,27,27
LPCHOLt4;LRAT,0,1,28,26
LPCHOLt4;RETHc,0,1,28,26
LPS3m;OCOAT1m,0,1,28,26
LPS3m;SUCOAS1m,0,1,28,26
LRAT;PCHOLHSTDe,0,1,28,26
LRAT;PGK,1,0,27,27
LRAT;PGM,1,0,27,27
LRAT;PLA2_2e,0,1,28,26
LRAT;Rtotalt,0,1,28,26
LSTO2r;OXALSUCCCLm,1,0,27,27
LYSCITRt2m;PIt2m_2,0,1,28,26
LYStn;ADPtn,0,1,28,26
LYStn;CITtn,0,1,28,26
LYStn;H3K36DMET_2,1,0,27,27
LYStn;OAAtn,0,1,28,26
L_LACt2r;L_LACt4r_2,0,1,28,26
L_LACt2r;METDECARc,0,2,28,25
L_LACt2r;METTRANSc,0,2,28,25
L_LACt2r;NAt3_1,0,1,28,26
L_LACt2r;NQO2,0,1,28,26
L_LACt2r;PPItm,0,1,28,26
L_LACt2r;RDH1,0,1,28,26
L_LACt2r;RDH1a,0,1,28,26
L_LACt2r;UMPK,0,1,28,26
L_LACt2r;q10h2tc,0,1,28,26
L_LACt2r;q10tm,0,1,28,26
L_LACt4r;NCKt,1,0,27,27
L_LACt4r;NDPK8,1,0,27,27
L_LACt4r;NKCCt,1,0,27,27
L_LACt4r;PROAKGOX1m,1,0,27,27
L_LACt4r;PROtm,1,0,27,27
L_LACt4r;SUCD1m,1,0,27,27
L_LACt4r;TPI,1,0,27,27
L_LACtm;LDH_L,0,1,28,26
L_LACtm;MAL_Lte,0,1,28,26
L_LACtm;ME2,0,1,28,26
L_LACtm;ME2m,0,1,28,26
L_LACtm;NADH2_u10m,0,1,28,26
L_LACtm;THFtm,0,1,28,26
L_LACtm;THRA,0,1,28,26
M1316M2g;NDP7er,1,0,27,27
M1316M2g;OROTGLUt,0,1,28,26
M1316M2g;OROTte,0,1,28,26
M1316M2g;ST3GAL61g,1,0,27,27
M1316M2g;UAG4E,0,1,28,26
M1316M2g;UDPGALt2r,1,0,27,27
M1316M2g;UDPGGPGTr,1,0,27,27
M1316M2g;UGCGc,1,0,27,27
M1316M2g;UMPtr,1,0,27,27
M1316Mg;NDP7er,2,2,26,25
M1316Mg;OCOAT1m,0,1,28,26
M1316Mg;OROTGLUt,0,1,28,26
M1316Mg;OROTte,0,1,28,26
M1316Mg;PPAer,1,0,27,27
M1316Mg;PPIPItr,1,0,27,27
M1316Mg;PROSTGE2t,1,0,27,27
M1316Mg;PROSTGE2t2,1,0,27,27
M1316Mg;PYK,0,1,28,26
M1316Mg;ST3GAL31g,1,0,27,27
M1316Mg;SUCOAS1m,0,1,28,26
M1316Mg;UAG4E,0,1,28,26
M1316Mg;UDPG4E,1,0,27,27
M1316Mg;UDPGALt2r,2,0,26,27
M1316Mg;UDPGALtg,1,0,27,27
M1316Mg;UDPGGPGTr,2,0,26,27
M1316Mg;UGCGc,2,0,26,27
M1316Mg;UMPK,0,1,28,26
M1316Mg;UMPtr,2,0,26,27
M13N2Tg;NDP7er,3,2,25,25
M13N2Tg;OCOAT1m,0,1,28,26
M13N2Tg;OROTGLUt,0,2,28,25
M13N2Tg;OROTte,0,2,28,25
M13N2Tg;PPAer,1,0,27,27
M13N2Tg;PPIPItr,1,0,27,27
M13N2Tg;PROSTGE2t,1,0,27,27
M13N2Tg;PROSTGE2t2,1,0,27,27
M13N2Tg;PYK,0,1,28,26
M13N2Tg;ST3GAL31g,1,0,27,27
M13N2Tg;ST3GAL61g,1,0,27,27
M13N2Tg;SUCOAS1m,0,1,28,26
M13N2Tg;UAG4E,0,2,28,25
M13N2Tg;UDPG4E,1,0,27,27
M13N2Tg;UDPGALt2r,3,0,25,27
M13N2Tg;UDPGALtg,1,0,27,27
M13N2Tg;UDPGGPGTr,3,0,25,27
M13N2Tg;UGCGc,3,0,25,27
M13N2Tg;UMPK,0,1,28,26
M13N2Tg;UMPtr,3,0,25,27
M13N4T2g;M13N4Tg,2,0,26,27
M13N4T2g;M16N6Tg,2,0,26,27
M13N4Tg;M16N6T2g,2,0,26,27
M16N4Tg;NDP7er,1,1,27,26
M16N4Tg;OCOAT1m,0,1,28,26
M16N4Tg;OROTGLUt,0,1,28,26
M16N4Tg;OROTte,0,1,28,26
M16N4Tg;PPAer,1,0,27,27
M16N4Tg;PPIPItr,1,0,27,27
M16N4Tg;PROSTGE2t,1,0,27,27
M16N4Tg;PROSTGE2t2,1,0,27,27
M16N4Tg;PYK,0,1,28,26
M16N4Tg;SUCOAS1m,0,1,28,26
M16N4Tg;UDPG4E,1,0,27,27
M16N4Tg;UDPGALt2r,1,0,27,27
M16N4Tg;UDPGALtg,1,0,27,27
M16N4Tg;UDPGGPGTr,1,0,27,27
M16N4Tg;UGCGc,1,0,27,27
M16N4Tg;UMPK,0,1,28,26
M16N4Tg;UMPtr,1,0,27,27
M16N6T2g;M16N6Tg,2,0,26,27
M16NT1g;NDP7er,1,0,27,27
M16NT1g;OROTGLUt,0,1,28,26
M16NT1g;OROTte,0,1,28,26
M16NT1g;ST3GAL61g,1,0,27,27
M16NT1g;UAG4E,0,1,28,26
M16NT1g;UDPGALt2r,1,0,27,27
M16NT1g;UDPGGPGTr,1,0,27,27
M16NT1g;UGCGc,1,0,27,27
M16NT1g;UMPtr,1,0,27,27
M16NTg;NDP7er,2,2,26,25
M16NTg;OCOAT1m,0,1,28,26
M16NTg;OROTGLUt,0,1,28,26
M16NTg;OROTte,0,1,28,26
M16NTg;PPAer,1,0,27,27
M16NTg;PPIPItr,1,0,27,27
M16NTg;PROSTGE2t,1,0,27,27
M16NTg;PROSTGE2t2,1,0,27,27
M16NTg;PYK,0,1,28,26
M16NTg;ST3GAL31g,1,0,27,27
M16NTg;SUCOAS1m,0,1,28,26
M16NTg;UAG4E,0,1,28,26
M16NTg;UDPG4E,1,0,27,27
M16NTg;UDPGALt2r,2,0,26,27
M16NTg;UDPGALtg,1,0,27,27
M16NTg;UDPGGPGTr,2,0,26,27
M16NTg;UGCGc,2,0,26,27
M16NTg;UMPK,0,1,28,26
M16NTg;UMPtr,2,0,26,27
M4MPDOL_ter;NDP7er,3,2,25,25
M4MPDOL_ter;OCOAT1m,0,1,28,26
M4MPDOL_ter;OROTGLUt,0,2,28,25
M4MPDOL_ter;OROTte,0,2,28,25
M4MPDOL_ter;PPAer,1,0,27,27
M4MPDOL_ter;PPIPItr,1,0,27,27
M4MPDOL_ter;PROSTGE2t,1,0,27,27
M4MPDOL_ter;PROSTGE2t2,1,0,27,27
M4MPDOL_ter;PYK,0,1,28,26
M4MPDOL_ter;ST3GAL31g,1,0,27,27
M4MPDOL_ter;ST3GAL61g,1,0,27,27
M4MPDOL_ter;SUCOAS1m,0,1,28,26
M4MPDOL_ter;UAG4E,0,2,28,25
M4MPDOL_ter;UDPG4E,1,0,27,27
M4MPDOL_ter;UDPGALt2r,3,0,25,27
M4MPDOL_ter;UDPGALtg,1,0,27,27
M4MPDOL_ter;UDPGGPGTr,3,0,25,27
M4MPDOL_ter;UGCGc,3,0,25,27
M4MPDOL_ter;UMPK,0,1,28,26
M4MPDOL_ter;UMPtr,3,0,25,27
M7MASNBterg;NDP7er,0,1,28,26
M7MASNBterg;UMPK,0,1,28,26
M8MASNterg;NDP7er,3,1,25,26
M8MASNterg;OCOAT1m,0,1,28,26
M8MASNterg;OROTGLUt,0,2,28,25
M8MASNterg;OROTte,0,2,28,25
M8MASNterg;PPAer,1,0,27,27
M8MASNterg;PPIPItr,1,0,27,27
M8MASNterg;PROSTGE2t,1,0,27,27
M8MASNterg;PROSTGE2t2,1,0,27,27
M8MASNterg;PYK,0,1,28,26
M8MASNterg;ST3GAL31g,1,0,27,27
M8MASNterg;ST3GAL61g,1,0,27,27
M8MASNterg;SUCOAS1m,0,1,28,26
M8MASNterg;UAG4E,0,2,28,25
M8MASNterg;UDPG4E,1,0,27,27
M8MASNterg;UDPGALt2r,3,0,25,27
M8MASNterg;UDPGALtg,1,0,27,27
M8MASNterg;UDPGGPGTr,3,0,25,27
M8MASNterg;UGCGc,3,0,25,27
M8MASNterg;UMPtr,3,0,25,27
MACOXO;THBPT4ACAMDASE,2,0,26,27
MACOXO;TYR3MO2,2,0,26,27
MALACONtm;PYRt2m,0,1,28,26
MALCOAMT;PNTK,1,4,27,23
MALCOAMT;PNTOt1,0,3,28,24
MALCOAMT;PNTOte,1,1,27,26
MALCOAMT;PPCDC,1,4,27,23
MALCOAMT;PPNCL2,1,4,27,23
MALCOAMT;PTPAT,1,4,27,23
MALCOAMT;THFtm,0,1,28,26
MALCOAMTr;PNTK,1,4,27,23
MALCOAMTr;PNTOt1,0,3,28,24
MALCOAMTr;PNTOte,1,1,27,26
MALCOAMTr;PPCDC,1,4,27,23
MALCOAMTr;PPNCL2,1,4,27,23
MALCOAMTr;PTPAT,1,4,27,23
MALCOAMTr;THFtm,0,1,28,26
MALTSULtm;ME2,1,0,27,27
MALTSULtm;SO3AKGtm,0,1,28,26
MAL_Lte;ACITLn,2,3,26,24
MAL_Lte;ADPtn,2,3,26,24
MAL_Lte;ARTFR41,0,1,28,26
MAL_Lte;CITtn,2,3,26,24
MAL_Lte;MALTSULtm,0,2,28,25
MAL_Lte;MDH,0,1,28,26
MAL_Lte;MDHm,4,9,24,18
MAL_Lte;ME1m,0,1,28,26
MAL_Lte;NADH2_u10m,0,1,28,26
MAL_Lte;NDP7g,1,2,27,25
MAL_Lte;NH4tm,0,1,28,26
MAL_Lte;OAADC,1,0,27,27
MAL_Lte;OAAtn,2,3,26,24
MAL_Lte;OROTGLUt,0,1,28,26
MAL_Lte;OROTte,0,1,28,26
MAL_Lte;OXALSUCCCLm,2,0,26,27
MAL_Lte;P5CRxm,0,1,28,26
MAL_Lte;PEPCKm,1,0,27,27
MAL_Lte;PEPICITtm,1,0,27,27
MAL_Lte;PGK,1,0,27,27
MAL_Lte;PGM,1,0,27,27
MAL_Lte;PGMT,0,1,28,26
MAL_Lte;PItg,1,2,27,25
MAL_Lte;PItn,2,2,26,25
MAL_Lte;PLMCOAPTr,0,1,28,26
MAL_Lte;PMTCOAFABP1tc,0,1,28,26
MAL_Lte;PPAm,0,1,28,26
MAL_Lte;PPItm,0,1,28,26
MAL_Lte;PROD2m,0,1,28,26
MAL_Lte;PROGLUtm,0,1,28,26
MAL_Lte;PRSDO,0,2,28,25
MAL_Lte;PYRtm,0,2,28,25
MAL_Lte;RDH1a,0,1,28,26
MAL_Lte;RTOT4,0,1,28,26
MAL_Lte;SQOR2m,0,2,28,25
MAL_Lte;SQORm,0,2,28,25
MAL_Lte;THRA,1,0,27,27
MAL_Lte;THYMtm,1,0,27,27
MAL_Lte;TSCTS,0,2,28,25
MAL_Lte;TSULt4_3,0,2,28,25
MAL_Lte;TYRDOPO,0,1,28,26
MAL_Lte;UAGDP,1,2,27,25
MAL_Lte;UDPG4E,1,0,27,27
MAL_Lte;UDPGALtg,1,0,27,27
MAL_Lte;UGLCNACtg,1,1,27,26
MAL_Lte;UMPK,0,1,28,26
MAN1PT2;ACITLn,0,1,28,26
MAN1PT2;ADPtn,0,1,28,26
MAN1PT2;CITtn,0,1,28,26
MAN1PT2;MDHm,0,1,28,26
MAN1PT2;N3Tg,2,0,26,27
MAN1PT2;NADH2_u10m,0,1,28,26
MAN1PT2;NDPK1,1,0,27,27
MAN1PT2;NTD7e,0,1,28,26
MAN1PT2;OAAtn,0,1,28,26
MAN1PT2;OCOAT1m,0,1,28,26
MAN1PT2;OROTGLUt,0,1,28,26
MAN1PT2;OROTte,0,1,28,26
MAN1PT2;PHEMEtm,1,0,27,27
MAN1PT2;PIMALtm,1,0,27,27
MAN1PT2;PIt2m_2,0,1,28,26
MAN1PT2;PIt9,1,1,27,26
MAN1PT2;PItn,0,1,28,26
MAN1PT2;PPAer,1,0,27,27
MAN1PT2;PPBNGS,1,0,27,27
MAN1PT2;PPIPItr,1,0,27,27
MAN1PT2;PPPG9tm,1,0,27,27
MAN1PT2;PPPGOm,1,0,27,27
MAN1PT2;PROAKGOX1m,1,0,27,27
MAN1PT2;PROtm,2,0,26,27
MAN1PT2;PUNP1,0,1,28,26
MAN1PT2;PYK,0,1,28,26
MAN1PT2;R5Ptr,5,5,23,22
MAN1PT2;RBFK,0,2,28,25
MAN1PT2;RDH1a,0,1,28,26
MAN1PT2;RIBFLVt6,0,2,28,25
MAN1PT2;RPIr,5,5,23,22
MAN1PT2;RU5Ptr,5,5,23,22
MAN1PT2;SO4AKGtm,1,0,27,27
MAN1PT2;SO4HCOtex,2,0,26,27
MAN1PT2;SO4MALtm,1,0,27,27
MAN1PT2;SUCOAS1m,1,1,27,26
MAN1PT2;THFtm,0,1,28,26
MAN1PT2;THRALANaEx,1,0,27,27
MAN1PT2;TXA2tr,0,2,28,25
MAN1PT2;TXB2c,0,2,28,25
MAN1PT2;TXB2r,0,2,28,25
MAN1PT2;TXB2tr,0,2,28,25
MAN1PT2;UAG4E,4,1,24,26
MAN1PT2;UDPG4E,1,0,27,27
MAN1PT2;UDPGALtg,1,0,27,27
MAN1PT2;UDPGD,1,0,27,27
MAN1PT2;UDPGLCAter,1,0,27,27
MAN1PT2;UGALNACtg,3,1,25,26
MAN1PT2;UMPK5,1,0,27,27
MAN1PT2;UPP3S,1,0,27,27
MAN1PT2;UPPDC1,1,0,27,27
MAN6PI;ACITLn,0,1,28,26
MAN6PI;ADPtn,0,1,28,26
MAN6PI;CITtn,0,1,28,26
MAN6PI;MDHm,0,1,28,26
MAN6PI;N3Tg,2,0,26,27
MAN6PI;NADH2_u10m,0,1,28,26
MAN6PI;NDPK1,1,0,27,27
MAN6PI;NTD7e,0,1,28,26
MAN6PI;OAAtn,0,1,28,26
MAN6PI;OCOAT1m,0,1,28,26
MAN6PI;OROTGLUt,0,1,28,26
MAN6PI;OROTte,0,1,28,26
MAN6PI;PHEMEtm,1,0,27,27
MAN6PI;PIMALtm,1,0,27,27
MAN6PI;PIt2m_2,0,1,28,26
MAN6PI;PIt9,1,1,27,26
MAN6PI;PItn,0,1,28,26
MAN6PI;PPAer,1,0,27,27
MAN6PI;PPBNGS,1,0,27,27
MAN6PI;PPIPItr,1,0,27,27
MAN6PI;PPPG9tm,1,0,27,27
MAN6PI;PPPGOm,1,0,27,27
MAN6PI;PROAKGOX1m,1,0,27,27
MAN6PI;PROtm,2,0,26,27
MAN6PI;PUNP1,0,1,28,26
MAN6PI;PYK,0,1,28,26
MAN6PI;R5Ptr,5,5,23,22
MAN6PI;RBFK,0,2,28,25
MAN6PI;RDH1a,0,1,28,26
MAN6PI;RIBFLVt6,0,2,28,25
MAN6PI;RPIr,5,5,23,22
MAN6PI;RU5Ptr,5,5,23,22
MAN6PI;SO4AKGtm,1,0,27,27
MAN6PI;SO4HCOtex,2,0,26,27
MAN6PI;SO4MALtm,1,0,27,27
MAN6PI;SUCOAS1m,1,1,27,26
MAN6PI;THFtm,0,1,28,26
MAN6PI;THRALANaEx,1,0,27,27
MAN6PI;TXA2tr,0,2,28,25
MAN6PI;TXB2c,0,2,28,25
MAN6PI;TXB2r,0,2,28,25
MAN6PI;TXB2tr,0,2,28,25
MAN6PI;UAG4E,4,1,24,26
MAN6PI;UDPG4E,1,0,27,27
MAN6PI;UDPGALtg,1,0,27,27
MAN6PI;UDPGD,1,0,27,27
MAN6PI;UDPGLCAter,1,0,27,27
MAN6PI;UGALNACtg,3,1,25,26
MAN6PI;UMPK5,1,0,27,27
MAN6PI;UPP3S,1,0,27,27
MAN6PI;UPPDC1,1,0,27,27
MANter;NDP7er,0,1,28,26
MANter;UMPK,0,1,28,26
MANtg;NDP7er,3,2,25,25
MANtg;OCOAT1m,0,1,28,26
MANtg;OROTGLUt,0,2,28,25
MANtg;OROTte,0,2,28,25
MANtg;PPAer,1,0,27,27
MANtg;PPIPItr,1,0,27,27
MANtg;PROSTGE2t,1,0,27,27
MANtg;PROSTGE2t2,1,0,27,27
MANtg;PYK,0,1,28,26
MANtg;ST3GAL31g,1,0,27,27
MANtg;ST3GAL61g,1,0,27,27
MANtg;SUCOAS1m,0,1,28,26
MANtg;UAG4E,0,2,28,25
MANtg;UDPG4E,1,0,27,27
MANtg;UDPGALt2r,3,0,25,27
MANtg;UDPGALtg,1,0,27,27
MANtg;UDPGGPGTr,3,0,25,27
MANtg;UGCGc,3,0,25,27
MANtg;UMPK,0,1,28,26
MANtg;UMPtr,3,0,25,27
MDH;ACITLn,0,1,28,26
MDH;ADPtn,0,1,28,26
MDH;CITtn,0,1,28,26
MDH;H3K9MET_1,0,1,28,26
MDH;H3K9MET_2,0,1,28,26
MDH;H3K9MET_3,0,1,28,26
MDH;H3K9_synthesis,0,1,28,26
MDH;LYStn,0,1,28,26
MDH;MDHm,0,1,28,26
MDH;MEOHt2,0,1,28,26
MDH;METAT,0,1,28,26
MDH;O2tp,0,1,28,26
MDH;OAAtn,0,1,28,26
MDH;PIt2m_2,0,1,28,26
MDH;PItn,0,1,28,26
MDH;SARCOXp,0,1,28,26
MDH;SARCStm,0,1,28,26
MDH;SARCStp,0,1,28,26
MDH;THRA,0,2,28,25
MDH;peplys_synthesis,0,1,28,26
MDHm;H3K9MET_1,0,1,28,26
MDHm;H3K9MET_2,0,1,28,26
MDHm;H3K9MET_3,0,1,28,26
MDHm;H3K9_synthesis,0,1,28,26
MDHm;LYStn,0,1,28,26
MDHm;ME2m,0,1,28,26
MDHm;MEOHt2,0,1,28,26
MDHm;METAT,0,1,28,26
MDHm;MTHFCm,0,1,28,26
MDHm;MTHFDm,0,1,28,26
MDHm;N4Tg,0,1,28,26
MDHm;NAGA2ly,0,1,28,26
MDHm;NAGLCAly,0,1,28,26
MDHm;NAIt,0,1,28,26
MDHm;NDP7er,0,1,28,26
MDHm;NDP7g,0,1,28,26
MDHm;NH4tm,0,1,28,26
MDHm;NQO2,0,1,28,26
MDHm;O2tp,0,1,28,26
MDHm;PAPStg,0,1,28,26
MDHm;PAPtg,0,1,28,26
MDHm;PGMT,0,1,28,26
MDHm;PHEOX,0,1,28,26
MDHm;PHETA1,0,1,28,26
MDHm;PIt2m_2,0,1,28,26
MDHm;PIter,0,1,28,26
MDHm;PItg,0,1,28,26
MDHm;PMANM,0,1,28,26
MDHm;PROGLUtm,0,1,28,26
MDHm;PYRt2m,0,1,28,26
MDHm;SADT,0,1,28,26
MDHm;SARCOXp,0,1,28,26
MDHm;SARCStm,0,1,28,26
MDHm;SARCStp,0,1,28,26
MDHm;SERTm,0,1,28,26
MDHm;SGALSIDEtg,0,1,28,26
MDHm;SGALSIDEtl,0,1,28,26
MDHm;SO4HCOtex,0,1,28,26
MDHm;SO4tl,0,1,28,26
MDHm;ST3GAL31g,0,1,28,26
MDHm;Ser/Thrtg,0,1,28,26
MDHm;THRA,1,4,27,23
MDHm;THYMtm,1,0,27,27
MDHm;THYPX,0,1,28,26
MDHm;THYST,0,1,28,26
MDHm;UAGDP,0,1,28,26
MDHm;UDPACGALtl,0,1,28,26
MDHm;UDPG4E,0,1,28,26
MDHm;UDPGALt2r,0,1,28,26
MDHm;UDPGALtg,0,1,28,26
MDHm;UDPGGPGTr,0,1,28,26
MDHm;UDPtl,0,1,28,26
MDHm;UGALNACtg,0,1,28,26
MDHm;UGCGc,0,1,28,26
MDHm;UGLCNACtg,0,1,28,26
MDHm;UMPtr,0,1,28,26
MDHm;peplys_synthesis,0,1,28,26
MDHm;q10h2tc,0,1,28,26
MDHm;q10tm,0,1,28,26
ME1m;ME2,1,0,27,27
ME1m;NDP7er,0,1,28,26
ME1m;PGMT,0,1,28,26
ME1m;PHEMEtm,0,1,28,26
ME1m;PHEOX,0,1,28,26
ME1m;PHETA1,0,1,28,26
ME1m;PIMALtm,0,1,28,26
ME1m;PPBNGS,0,1,28,26
ME1m;PPPG9tm,0,1,28,26
ME1m;PPPGOm,0,1,28,26
ME1m;PROAKGOX1m,0,1,28,26
ME1m;PROtm,0,1,28,26
ME1m;SO3AKGtm,0,1,28,26
ME1m;SO3MALtm,0,1,28,26
ME1m;SUCOAS1m,0,1,28,26
ME1m;UDPGCURtr,0,1,28,26
ME1m;UDPGD,0,1,28,26
ME1m;UGT1A2r,0,1,28,26
ME1m;UMPtr,0,1,28,26
ME1m;UPP3S,0,1,28,26
ME1m;UPPDC1,0,1,28,26
ME2;ME2m,0,1,28,26
ME2;PRSDO,1,0,27,27
ME2;PYRtm,1,0,27,27
ME2;SQOR2m,1,0,27,27
ME2;SQORm,1,0,27,27
ME2;TSCTS,1,0,27,27
ME2;TSULt4_3,1,0,27,27
MEOHt2;ACITLn,0,1,28,26
MEOHt2;ADPtn,0,1,28,26
MEOHt2;ARGtn,1,0,27,27
MEOHt2;ARTFR52,1,0,27,27
MEOHt2;CITtn,0,1,28,26
MEOHt2;H3K36MET_1,1,0,27,27
MEOHt2;H3K36MET_3,1,0,27,27
MEOHt2;H3K36_synthesis,1,0,27,27
MEOHt2;H3R17MET_1,1,0,27,27
MEOHt2;H3R17MET_2,1,0,27,27
MEOHt2;H3R17MET_3,1,0,27,27
MEOHt2;H3R17_synthesis,1,0,27,27
MEOHt2;LYStn,1,0,27,27
MEOHt2;NADH2_u10m,0,1,28,26
MEOHt2;NDP7er,1,0,27,27
MEOHt2;NORANMT,1,1,27,26
MEOHt2;OAAtn,0,1,28,26
MEOHt2;PE_HStm,1,1,27,26
MEOHt2;PGMT,0,1,28,26
MEOHt2;PHEMEtm,1,0,27,27
MEOHt2;PIMALtm,1,0,27,27
MEOHt2;PIter,0,1,28,26
MEOHt2;PItn,0,1,28,26
MEOHt2;PPBNGS,1,0,27,27
MEOHt2;PPPG9tm,1,0,27,27
MEOHt2;PPPGOm,1,0,27,27
MEOHt2;PROAKGOX1m,1,0,27,27
MEOHt2;PSDm_hs,2,1,26,26
MEOHt2;PSFLIPm,2,1,26,26
MEOHt2;RTOT5,1,0,27,27
MEOHt2;SFGTH,1,0,27,27
MEOHt2;SO3AKGtm,1,0,27,27
MEOHt2;SO3MALtm,1,0,27,27
MEOHt2;SUCOAS1m,1,0,27,27
MEOHt2;TECR200,1,0,27,27
MEOHt2;TECR220,1,0,27,27
MEOHt2;TECR240,1,0,27,27
MEOHt2;TECR260,1,0,27,27
MEOHt2;THBPT4ACAMDASE,0,1,28,26
MEOHt2;TYR3MO2,0,1,28,26
MEOHt2;TYRDOPO,2,0,26,27
MEOHt2;UDPGD,1,0,27,27
MEOHt2;UDPGLCAter,1,0,27,27
MEOHt2;UGT1A2r,1,0,27,27
MEOHt2;UPP3S,1,0,27,27
MEOHt2;UPPDC1,1,0,27,27
MEOHt2;peparg_synthesis,1,0,27,27
MEOHt2;peplys_synthesis,1,0,27,27
MEOHtly;PNTK,1,0,27,27
MEOHtly;PNTOte,1,0,27,27
MEOHtly;PPCDC,1,0,27,27
MEOHtly;PPNCL2,1,0,27,27
MEOHtly;PTPAT,1,0,27,27
METAT;ACITLn,0,1,28,26
METAT;ADPtn,0,1,28,26
METAT;ARTFR52,5,0,23,27
METAT;CITtn,0,1,28,26
METAT;NADH2_u10m,0,1,28,26
METAT;NDPK1,1,0,27,27
METAT;NTD7,1,0,27,27
METAT;O2tm,0,1,28,26
METAT;OAAtn,0,1,28,26
METAT;P45011A1m,0,1,28,26
METAT;PGMT,0,1,28,26
METAT;PHEMEtm,1,0,27,27
METAT;PIMALtm,1,0,27,27
METAT;PIt9,0,1,28,26
METAT;PIter,0,1,28,26
METAT;PItn,0,1,28,26
METAT;PPBNGS,1,0,27,27
METAT;PPPG9tm,1,0,27,27
METAT;PPPGOm,1,0,27,27
METAT;PRGNLONEtm,0,1,28,26
METAT;PRGSTRNt,0,1,28,26
METAT;PROAKGOX1m,1,0,27,27
METAT;PROtm,2,0,26,27
METAT;R5Ptr,0,1,28,26
METAT;RADH3,0,1,28,26
METAT;RADH4,0,1,28,26
METAT;RPIr,0,1,28,26
METAT;RTOT5,5,0,23,27
METAT;RU5Ptr,0,1,28,26
METAT;SO4AKGtm,1,0,27,27
METAT;SO4MALtm,1,0,27,27
METAT;SUCOAS1m,1,0,27,27
METAT;TECR180,1,0,27,27
METAT;TECR200,5,0,23,27
METAT;TECR220,5,0,23,27
METAT;TECR240,5,0,23,27
METAT;TECR260,5,0,23,27
METAT;THFtm,0,2,28,25
METAT;TXA2tr,0,1,28,26
METAT;TXB2c,0,1,28,26
METAT;TXB2r,0,1,28,26
METAT;TXB2tr,0,1,28,26
METAT;UDPGD,1,0,27,27
METAT;UDPGLCAter,1,0,27,27
METAT;UPP3S,1,0,27,27
METAT;UPPDC1,1,0,27,27
METDECARc;METOX,0,1,28,26
METDECARc;NDP7g,0,1,28,26
METDECARc;PGMT,0,1,28,26
METDECARc;PItg,0,1,28,26
METDECARc;PYRAKGte,0,1,28,26
METDECARc;PYRFORte,0,1,28,26
METDECARc;PYRt2m,0,1,28,26
METDECARc;PYRt4_2,0,1,28,26
METDECARc;UAGDP,0,1,28,26
METDECARc;UGLCNACtg,0,1,28,26
METDECARc;UNK3,0,1,28,26
METOX;METTRANSc,0,1,28,26
METOX;OXALSUCCCLm,0,1,28,26
METOX;PPM2,0,1,28,26
METOX;PYRtm,0,1,28,26
METOX;SUCOASm,0,1,28,26
METOX;THFtm,0,1,28,26
METTRANSc;NDP7g,0,1,28,26
METTRANSc;PGMT,0,1,28,26
METTRANSc;PItg,0,1,28,26
METTRANSc;PYRAKGte,0,1,28,26
METTRANSc;PYRFORte,0,1,28,26
METTRANSc;PYRt2m,0,1,28,26
METTRANSc;PYRt4_2,0,1,28,26
METTRANSc;UAGDP,0,1,28,26
METTRANSc;UGLCNACtg,0,1,28,26
METTRANSc;UNK3,0,1,28,26
MG1er;NDP7er,3,2,25,25
MG1er;OCOAT1m,0,1,28,26
MG1er;OROTGLUt,0,2,28,25
MG1er;OROTte,0,2,28,25
MG1er;PPAer,1,0,27,27
MG1er;PPIPItr,1,0,27,27
MG1er;PROSTGE2t,1,0,27,27
MG1er;PROSTGE2t2,1,0,27,27
MG1er;PYK,0,1,28,26
MG1er;ST3GAL31g,1,0,27,27
MG1er;ST3GAL61g,1,0,27,27
MG1er;SUCOAS1m,0,1,28,26
MG1er;UAG4E,0,2,28,25
MG1er;UDPG4E,1,0,27,27
MG1er;UDPGALt2r,3,0,25,27
MG1er;UDPGALtg,1,0,27,27
MG1er;UDPGGPGTr,3,0,25,27
MG1er;UGCGc,3,0,25,27
MG1er;UMPK,0,1,28,26
MG1er;UMPtr,3,0,25,27
MG2er;NDP7er,3,2,25,25
MG2er;OCOAT1m,0,1,28,26
MG2er;OROTGLUt,0,2,28,25
MG2er;OROTte,0,2,28,25
MG2er;PPAer,1,0,27,27
MG2er;PPIPItr,1,0,27,27
MG2er;PROSTGE2t,1,0,27,27
MG2er;PROSTGE2t2,1,0,27,27
MG2er;PYK,0,1,28,26
MG2er;ST3GAL31g,1,0,27,27
MG2er;ST3GAL61g,1,0,27,27
MG2er;SUCOAS1m,0,1,28,26
MG2er;UAG4E,0,2,28,25
MG2er;UDPG4E,1,0,27,27
MG2er;UDPGALt2r,3,0,25,27
MG2er;UDPGALtg,1,0,27,27
MG2er;UDPGGPGTr,3,0,25,27
MG2er;UGCGc,3,0,25,27
MG2er;UMPK,0,1,28,26
MG2er;UMPtr,3,0,25,27
MG3er;NDP7er,3,2,25,25
MG3er;OCOAT1m,0,1,28,26
MG3er;OROTGLUt,0,2,28,25
MG3er;OROTte,0,2,28,25
MG3er;PPAer,1,0,27,27
MG3er;PPIPItr,1,0,27,27
MG3er;PROSTGE2t,1,0,27,27
MG3er;PROSTGE2t2,1,0,27,27
MG3er;PYK,0,1,28,26
MG3er;ST3GAL31g,1,0,27,27
MG3er;ST3GAL61g,1,0,27,27
MG3er;SUCOAS1m,0,1,28,26
MG3er;UAG4E,0,2,28,25
MG3er;UDPG4E,1,0,27,27
MG3er;UDPGALt2r,3,0,25,27
MG3er;UDPGALtg,1,0,27,27
MG3er;UDPGGPGTr,3,0,25,27
MG3er;UGCGc,3,0,25,27
MG3er;UMPK,0,1,28,26
MG3er;UMPtr,3,0,25,27
MGSA;NMNS,1,0,27,27
MGSA;TPI,0,1,28,26
MHISOR;THBPT4ACAMDASE,2,0,26,27
MHISOR;TYR3MO2,2,0,26,27
MI14PP;MI1PP,10,5,18,22
MI14PP;O2t,2,4,26,23
MI14PP;PIPLC,10,5,18,22
MI1PP;ADPtn,1,5,27,22
MI1PP;MI4PP,10,5,18,22
MI1PP;NAIt,0,2,28,25
MI1PP;O2St,1,3,27,24
MI1PP;O2Stn,1,3,27,24
MI1PP;O2tn,1,2,27,25
MI1PP;PAIL4P_HStn,1,5,27,22
MI1PP;PAIL_HStn,1,5,27,22
MI1PP;PIK4,6,0,22,27
MI1PP;PIK4n,1,5,27,22
MI1PP;SADT,0,2,28,25
MI1PP;SO4HCOtex,0,1,28,26
MI1PP;SO4t4_3,0,1,28,26
MI1PP;SPODMn,1,3,27,24
MI1PP;THYPX,0,2,28,25
MI1PP;THYST,0,2,28,25
MI4PP;O2t,2,4,26,23
MI4PP;PIPLC,10,5,18,22
MM5ag;NDP7er,3,1,25,26
MM5ag;OCOAT1m,0,1,28,26
MM5ag;OROTGLUt,0,2,28,25
MM5ag;OROTte,0,2,28,25
MM5ag;PPAer,1,0,27,27
MM5ag;PPIPItr,1,0,27,27
MM5ag;PROSTGE2t,1,0,27,27
MM5ag;PROSTGE2t2,1,0,27,27
MM5ag;PYK,0,1,28,26
MM5ag;ST3GAL31g,1,0,27,27
MM5ag;ST3GAL61g,1,0,27,27
MM5ag;SUCOAS1m,0,1,28,26
MM5ag;UAG4E,0,2,28,25
MM5ag;UDPG4E,1,0,27,27
MM5ag;UDPGALt2r,3,0,25,27
MM5ag;UDPGALtg,1,0,27,27
MM5ag;UDPGGPGTr,3,0,25,27
MM5ag;UGCGc,3,0,25,27
MM5ag;UMPtr,3,0,25,27
MM5bg;NDP7er,0,1,28,26
MM5bg;UMPK,0,1,28,26
MM6B1ag;NDP7er,0,1,28,26
MM6B1ag;UMPK,0,1,28,26
MM6bg;NDP7er,3,1,25,26
MM6bg;OCOAT1m,0,1,28,26
MM6bg;OROTGLUt,0,2,28,25
MM6bg;OROTte,0,2,28,25
MM6bg;PPAer,1,0,27,27
MM6bg;PPIPItr,1,0,27,27
MM6bg;PROSTGE2t,1,0,27,27
MM6bg;PROSTGE2t2,1,0,27,27
MM6bg;PYK,0,1,28,26
MM6bg;ST3GAL31g,1,0,27,27
MM6bg;ST3GAL61g,1,0,27,27
MM6bg;SUCOAS1m,0,1,28,26
MM6bg;UAG4E,0,2,28,25
MM6bg;UDPG4E,1,0,27,27
MM6bg;UDPGALt2r,3,0,25,27
MM6bg;UDPGALtg,1,0,27,27
MM6bg;UDPGGPGTr,3,0,25,27
MM6bg;UGCGc,3,0,25,27
MM6bg;UMPtr,3,0,25,27
MM7B1g;NDP7er,0,1,28,26
MM7B1g;UMPK,0,1,28,26
MM7Cag;NDP7er,3,1,25,26
MM7Cag;OCOAT1m,0,1,28,26
MM7Cag;OROTGLUt,0,2,28,25
MM7Cag;OROTte,0,2,28,25
MM7Cag;PPAer,1,0,27,27
MM7Cag;PPIPItr,1,0,27,27
MM7Cag;PROSTGE2t,1,0,27,27
MM7Cag;PROSTGE2t2,1,0,27,27
MM7Cag;PYK,0,1,28,26
MM7Cag;ST3GAL31g,1,0,27,27
MM7Cag;ST3GAL61g,1,0,27,27
MM7Cag;SUCOAS1m,0,1,28,26
MM7Cag;UAG4E,0,2,28,25
MM7Cag;UDPG4E,1,0,27,27
MM7Cag;UDPGALt2r,3,0,25,27
MM7Cag;UDPGALtg,1,0,27,27
MM7Cag;UDPGGPGTr,3,0,25,27
MM7Cag;UGCGc,3,0,25,27
MM7Cag;UMPtr,3,0,25,27
MM8Ag;NDP7er,3,1,25,26
MM8Ag;OCOAT1m,0,1,28,26
MM8Ag;OROTGLUt,0,2,28,25
MM8Ag;OROTte,0,2,28,25
MM8Ag;PPAer,1,0,27,27
MM8Ag;PPIPItr,1,0,27,27
MM8Ag;PROSTGE2t,1,0,27,27
MM8Ag;PROSTGE2t2,1,0,27,27
MM8Ag;PYK,0,1,28,26
MM8Ag;ST3GAL31g,1,0,27,27
MM8Ag;ST3GAL61g,1,0,27,27
MM8Ag;SUCOAS1m,0,1,28,26
MM8Ag;UAG4E,0,2,28,25
MM8Ag;UDPG4E,1,0,27,27
MM8Ag;UDPGALt2r,3,0,25,27
MM8Ag;UDPGALtg,1,0,27,27
MM8Ag;UDPGGPGTr,3,0,25,27
MM8Ag;UGCGc,3,0,25,27
MM8Ag;UMPtr,3,0,25,27
MM8Ber;NDP7er,0,1,28,26
MM8Ber;UMPK,0,1,28,26
MTHFC;MTHFCm,0,1,28,26
MTHFC;MTHFDm,0,1,28,26
MTHFC;NADH2_u10m,0,1,28,26
MTHFC;SERTm,0,1,28,26
MTHFC;THFtm,0,1,28,26
MTHFCm;ACITLn,0,1,28,26
MTHFCm;ADPtn,0,1,28,26
MTHFCm;CITtn,0,1,28,26
MTHFCm;MTHFD2,0,1,28,26
MTHFCm;OAAtn,0,1,28,26
MTHFCm;PItn,0,1,28,26
MTHFCm;THFtm,0,1,28,26
MTHFD2;MTHFDm,0,1,28,26
MTHFD2;NADH2_u10m,0,1,28,26
MTHFD2;SERTm,0,1,28,26
MTHFD2;THFtm,0,1,28,26
MTHFDm;ACITLn,0,1,28,26
MTHFDm;ADPtn,0,1,28,26
MTHFDm;CITtn,0,1,28,26
MTHFDm;OAAtn,0,1,28,26
MTHFDm;PItn,0,1,28,26
MTHFDm;THFtm,0,1,28,26
MTHFR3x;NTD9,1,0,27,27
MTHFR3x;PUNP3,1,0,27,27
MTHFR3x;THRA,1,0,27,27
MTHFR3x;URATEt,1,0,27,27
MTHFR3x;XAO,1,0,27,27
N3Tg;NACHEX26ly,2,1,26,26
N3Tg;NDP7er,1,0,27,27
N3Tg;PMANM,2,0,26,27
N3Tg;S23T4g,2,1,26,26
N3Tg;S6T16g,2,1,26,26
N3Tg;S6T17g,2,1,26,26
N3Tg;S6T18g,2,1,26,26
N3Tg;S6TASE25ly,2,1,26,26
N3Tg;S6TASE26ly,2,1,26,26
N3Tg;SIAASE4ly,2,1,26,26
N4Tg;ACITLn,0,1,28,26
N4Tg;ADPtn,0,1,28,26
N4Tg;CITtn,0,1,28,26
N4Tg;NADH2_u10m,0,1,28,26
N4Tg;OAAtn,0,1,28,26
N4Tg;PItn,0,1,28,26
NACDe;PROAKGOX1m,1,0,27,27
NACDe;PROtm,1,0,27,27
NACDe;RDH1,1,0,27,27
NACDe;RDH1a,1,0,27,27
NACDe;SUCD1m,1,0,27,27
NACDe;THFtm,1,0,27,27
NACHEX23ly;NACHEX26ly,2,1,26,26
NACHEX23ly;S23T4g,2,1,26,26
NACHEX23ly;S6T16g,2,1,26,26
NACHEX23ly;S6T17g,2,1,26,26
NACHEX23ly;S6T18g,2,1,26,26
NACHEX23ly;S6TASE25ly,2,1,26,26
NACHEX23ly;S6TASE26ly,2,1,26,26
NACHEX23ly;SIAASE4ly,2,1,26,26
NACHEX24ly;NDP7er,0,1,28,26
NACHEX24ly;PDHa,0,1,28,26
NACHEX24ly;PDHbr,0,1,28,26
NACHEX24ly;PYRt2m,0,1,28,26
NACHEX24ly;R_group_phosphotase_1,1,0,27,27
NACHEX24ly;THRALANaEx,1,0,27,27
NACHEX24ly;UAG4E,0,1,28,26
NACHEX24ly;UMPK5,1,0,27,27
NACHEX25ly;NDP7er,0,1,28,26
NACHEX25ly;PDHa,0,1,28,26
NACHEX25ly;PDHbr,0,1,28,26
NACHEX25ly;PYRt2m,0,1,28,26
NACHEX25ly;R_group_phosphotase_1,1,0,27,27
NACHEX25ly;THRALANaEx,1,0,27,27
NACHEX25ly;UAG4E,0,1,28,26
NACHEX25ly;UMPK5,1,0,27,27
NACHEX26ly;PDHa,0,1,28,26
NACHEX26ly;PDHbr,0,1,28,26
NACHEX26ly;PYRt2m,0,1,28,26
NACHEX26ly;R_group_phosphotase_1,1,0,27,27
NACHEX26ly;S23T2g,2,1,26,26
NACHEX26ly;S6T1g,2,1,26,26
NACHEX26ly;S6T2g,2,1,26,26
NACHEX26ly;S6T3g,2,1,26,26
NACHEX26ly;S6TASE22ly,2,1,26,26
NACHEX26ly;S6TASE23ly,2,1,26,26
NACHEX26ly;SIAASE3ly,2,1,26,26
NACHEX26ly;THRALANaEx,1,0,27,27
NACHEX26ly;UMPK5,1,0,27,27
NACPRT;PROAKGOX1m,1,0,27,27
NACPRT;PROtm,1,0,27,27
NACPRT;RDH1,1,0,27,27
NACPRT;RDH1a,1,0,27,27
NACPRT;SUCD1m,1,0,27,27
NACPRT;THFtm,1,0,27,27
NADH2_u10m;H3K9MET_1,0,1,28,26
NADH2_u10m;H3K9MET_2,0,1,28,26
NADH2_u10m;H3K9MET_3,0,1,28,26
NADH2_u10m;H3K9_synthesis,0,1,28,26
NADH2_u10m;LYStn,0,1,28,26
NADH2_u10m;NAGA2ly,0,1,28,26
NADH2_u10m;NAGLCAly,0,1,28,26
NADH2_u10m;NAIt,0,1,28,26
NADH2_u10m;NDP7er,0,2,28,25
NADH2_u10m;NDP7g,1,1,27,26
NADH2_u10m;NMNS,0,1,28,26
NADH2_u10m;O2tp,0,1,28,26
NADH2_u10m;PAPStg,0,1,28,26
NADH2_u10m;PAPtg,0,1,28,26
NADH2_u10m;PGMT,1,2,27,25
NADH2_u10m;PHEMEtm,0,1,28,26
NADH2_u10m;PHEOX,0,1,28,26
NADH2_u10m;PHETA1,0,1,28,26
NADH2_u10m;PIt2m_2,0,1,28,26
NADH2_u10m;PIter,0,2,28,25
NADH2_u10m;PItg,1,1,27,26
NADH2_u10m;PMANM,0,1,28,26
NADH2_u10m;PPA,0,2,28,25
NADH2_u10m;PPBNGS,0,1,28,26
NADH2_u10m;PPPG9tm,0,1,28,26
NADH2_u10m;PPPGOm,0,1,28,26
NADH2_u10m;PYRt2m,0,1,28,26
NADH2_u10m;SADT,0,1,28,26
NADH2_u10m;SARCOXp,0,1,28,26
NADH2_u10m;SARCStm,0,1,28,26
NADH2_u10m;SARCStp,0,1,28,26
NADH2_u10m;SGALSIDEtg,0,1,28,26
NADH2_u10m;SGALSIDEtl,0,1,28,26
NADH2_u10m;SO4HCOtex,0,1,28,26
NADH2_u10m;SO4tl,0,1,28,26
NADH2_u10m;ST3GAL31g,0,1,28,26
NADH2_u10m;Ser/Thrtg,0,1,28,26
NADH2_u10m;THFtm,0,1,28,26
NADH2_u10m;THRA,0,1,28,26
NADH2_u10m;THYPX,0,1,28,26
NADH2_u10m;THYST,0,1,28,26
NADH2_u10m;UAGDP,1,1,27,26
NADH2_u10m;UDPACGALtl,0,1,28,26
NADH2_u10m;UDPG4E,0,1,28,26
NADH2_u10m;UDPGALt2r,0,1,28,26
NADH2_u10m;UDPGALtg,0,1,28,26
NADH2_u10m;UDPGCURtr,0,1,28,26
NADH2_u10m;UDPGD,0,1,28,26
NADH2_u10m;UDPGGPGTr,0,1,28,26
NADH2_u10m;UDPtl,0,1,28,26
NADH2_u10m;UGALNACtg,0,1,28,26
NADH2_u10m;UGCGc,0,1,28,26
NADH2_u10m;UGLCNACtg,1,1,27,26
NADH2_u10m;UGT1A2r,0,1,28,26
NADH2_u10m;UMPtr,0,2,28,25
NADH2_u10m;UPP3S,0,1,28,26
NADH2_u10m;UPPDC1,0,1,28,26
NADH2_u10m;peplys_synthesis,0,1,28,26
NADHtpu;THFtm,0,1,28,26
NADPHtxu;THYMtm,1,0,27,27
NADPHtxu;UMPK,0,1,28,26
NADPtxu;THYMtm,1,0,27,27
NADPtxu;UMPK,0,1,28,26
NADtx;THFtm,0,1,28,26
NAGA2ly;ACITLn,0,1,28,26
NAGA2ly;ADPtn,0,1,28,26
NAGA2ly;CITtn,0,1,28,26
NAGA2ly;NDP7er,0,1,28,26
NAGA2ly;OAAtn,0,1,28,26
NAGA2ly;PDHa,0,1,28,26
NAGA2ly;PDHbr,0,1,28,26
NAGA2ly;PItn,0,1,28,26
NAGA2ly;PYRt2m,0,1,28,26
NAGA2ly;R_group_phosphotase_1,1,0,27,27
NAGA2ly;THRALANaEx,1,0,27,27
NAGA2ly;UAG4E,0,1,28,26
NAGA2ly;UMPK5,1,0,27,27
NAGLCAly;ACITLn,0,1,28,26
NAGLCAly;ADPtn,0,1,28,26
NAGLCAly;CITtn,0,1,28,26
NAGLCAly;NDP7er,0,1,28,26
NAGLCAly;OAAtn,0,1,28,26
NAGLCAly;PDHa,0,1,28,26
NAGLCAly;PDHbr,0,1,28,26
NAGLCAly;PItn,0,1,28,26
NAGLCAly;PYRt2m,0,1,28,26
NAGLCAly;R_group_phosphotase_1,1,0,27,27
NAGLCAly;THRALANaEx,1,0,27,27
NAGLCAly;UAG4E,0,1,28,26
NAGLCAly;UMPK5,1,0,27,27
NAHCO3_HCLt;TYROX,1,0,27,27
NAHCO3_HCLt;TYRTA,1,0,27,27
NAIt;ACITLn,0,1,28,26
NAIt;ADPtn,0,1,28,26
NAIt;CITtn,0,1,28,26
NAIt;H3K4MET_1,1,1,27,26
NAIt;H3K4MET_2,1,1,27,26
NAIt;H3K4MET_3,1,1,27,26
NAIt;H3K4_synthesis,1,1,27,26
NAIt;LYStn,1,1,27,26
NAIt;O2t,0,2,28,25
NAIt;OAAtn,0,1,28,26
NAIt;OCOAT1m,1,1,27,26
NAIt;PIPLC,0,2,28,25
NAIt;PItn,0,1,28,26
NAIt;PPM2,0,1,28,26
NAIt;RDH1,0,1,28,26
NAIt;RDH1a,0,1,28,26
NAIt;SUCOAS1m,1,1,27,26
NAIt;THFtm,0,1,28,26
NAIt;peplys_synthesis,1,1,27,26
NAt3_1;NAt5,3,0,25,27
NAt3_1;NH4t3r,1,0,27,27
NAt3_1;O2t,0,1,28,26
NAt5;NH4t3r,5,2,23,25
NAt5;NH4tm,2,0,26,27
NAt5;OCBTm,2,0,26,27
NAt5;ORNTArm,2,0,26,27
NAt5;PRO1x,2,0,26,27
NAt5;PROGLUtm,1,0,27,27
NAt5;PROtm,1,0,27,27
NAt;O2t,0,1,28,26
NAt;PIt2m_2,0,1,28,26
NAt;TRIODTHYt,0,1,28,26
NAt;TRIODTHYt2,0,1,28,26
NCAMDe;PROAKGOX1m,1,0,27,27
NCAMDe;PROtm,1,0,27,27
NCAMDe;RDH1,1,0,27,27
NCAMDe;RDH1a,1,0,27,27
NCAMDe;SUCD1m,1,0,27,27
NCAMDe;THFtm,1,0,27,27
NCKt;ACITLn,0,1,28,26
NCKt;ADPtn,0,1,28,26
NCKt;CITtn,0,1,28,26
NCKt;OAAtn,0,1,28,26
NCKt;OCOAT1m,0,1,28,26
NCKt;OXALSUCCCLm,0,1,28,26
NCKt;PItn,0,1,28,26
NCKt;PROAKGOX1m,1,0,27,27
NCKt;PROtm,1,0,27,27
NCKt;SUCD1m,1,0,27,27
NCKt;SUCOAS1m,0,1,28,26
NCNt;ACITLn,0,1,28,26
NCNt;ADPtn,0,1,28,26
NCNt;CITtn,0,1,28,26
NCNt;NH4t3r,2,0,26,27
NCNt;OAAtn,0,1,28,26
NCNt;OCOAT1m,0,1,28,26
NCNt;OXALSUCCCLm,0,1,28,26
NCNt;PItn,0,1,28,26
NCNt;SUCOAS1m,0,1,28,26
NCNt;TRIODTHYt,1,0,27,27
NCNt;TRIODTHYt2,1,0,27,27
NDP7er;ACITLn,1,1,27,26
NDP7er;ADPtn,1,1,27,26
NDP7er;AKGtn,1,0,27,27
NDP7er;ARTFR41,0,1,28,26
NDP7er;CITtn,1,1,27,26
NDP7er;CO2tn,1,0,27,27
NDP7er;FALDtn,1,0,27,27
NDP7er;H3K36DMET_3,1,0,27,27
NDP7er;H3K36MET_3,1,0,27,27
NDP7er;NTD7e,0,1,28,26
NDP7er;O2tn,1,0,27,27
NDP7er;OAAtn,1,1,27,26
NDP7er;OCOAT1m,0,1,28,26
NDP7er;OXALSUCCCLm,1,0,27,27
NDP7er;P5CRxm,0,1,28,26
NDP7er;PAPStg,0,1,28,26
NDP7er;PAPtg,0,1,28,26
NDP7er;PDHa,0,1,28,26
NDP7er;PDHbr,0,1,28,26
NDP7er;PEPCK,1,0,27,27
NDP7er;PIMALtm,1,0,27,27
NDP7er;PIt2m_2,1,0,27,27
NDP7er;PIt9,1,1,27,26
NDP7er;PItn,1,1,27,26
NDP7er;PLMCOAPTr,0,1,28,26
NDP7er;PMTCOAFABP1tc,0,1,28,26
NDP7er;PPA,0,1,28,26
NDP7er;PPAer,1,0,27,27
NDP7er;PPIPItr,1,0,27,27
NDP7er;PROD2m,0,1,28,26
NDP7er;PROtm,0,1,28,26
NDP7er;PUNP1,0,1,28,26
NDP7er;PYRAKGte,0,1,28,26
NDP7er;PYRt2m,0,1,28,26
NDP7er;PYRt4_2,0,1,28,26
NDP7er;R5Ptr,4,7,24,20
NDP7er;RBFK,1,2,27,25
NDP7er;RDH1,0,2,28,25
NDP7er;RDH1a,0,2,28,25
NDP7er;RIBFLVt6,1,2,27,25
NDP7er;RPIr,4,7,24,20
NDP7er;RTOT4,0,1,28,26
NDP7er;RU5Ptr,4,7,24,20
NDP7er;S23T3g,2,1,26,26
NDP7er;S6T10g,2,1,26,26
NDP7er;S6T11g,2,1,26,26
NDP7er;S6T12g,2,1,26,26
NDP7er;S6T13g,2,1,26,26
NDP7er;S6T14g,2,1,26,26
NDP7er;S6T15g,2,1,26,26
NDP7er;S6T4g,2,1,26,26
NDP7er;S6T5g,2,1,26,26
NDP7er;S6T6g,2,1,26,26
NDP7er;S6T7g,2,1,26,26
NDP7er;S6T8g,2,1,26,26
NDP7er;S6T9g,2,1,26,26
NDP7er;S6TASE24ly,0,1,28,26
NDP7er;SADT,0,1,28,26
NDP7er;SO3AKGtm,1,0,27,27
NDP7er;SO3MALtm,1,0,27,27
NDP7er;SO4HCOtex,2,0,26,27
NDP7er;SO4t4_3,0,1,28,26
NDP7er;SO4tl,0,1,28,26
NDP7er;SUCOAS1m,0,1,28,26
NDP7er;Ser/Thrtg,0,1,28,26
NDP7er;THRA,1,1,27,26
NDP7er;TPI,1,0,27,27
NDP7er;TRPO2,0,1,28,26
NDP7er;UAG4E,1,0,27,27
NDP7er;UDPACGALtl,0,1,28,26
NDP7er;UDPDOLPT,3,2,25,25
NDP7er;UDPG4E,1,1,27,26
NDP7er;UDPGALtg,1,1,27,26
NDP7er;UDPGD,0,1,28,26
NDP7er;UDPtl,0,1,28,26
NDP7er;UGALNACtg,1,1,27,26
NDP7er;UMPK5,0,1,28,26
NDP7er;UROLACer,0,1,28,26
NDP7g;ACITLn,0,1,28,26
NDP7g;ADPtn,0,1,28,26
NDP7g;CITtn,0,1,28,26
NDP7g;NDPK1,1,0,27,27
NDP7g;NH4tr,1,0,27,27
NDP7g;NTD7e,0,1,28,26
NDP7g;OAAtn,0,1,28,26
NDP7g;OCOAT1m,0,1,28,26
NDP7g;OROTGLUt,0,1,28,26
NDP7g;OROTte,0,1,28,26
NDP7g;PE_HStm,0,1,28,26
NDP7g;PFK_3,1,0,27,27
NDP7g;PGI,0,1,28,26
NDP7g;PGMT,1,0,27,27
NDP7g;PHEMEtm,1,0,27,27
NDP7g;PIMALtm,1,0,27,27
NDP7g;PIt2e,0,1,28,26
NDP7g;PIt2m_2,0,2,28,25
NDP7g;PIt7,2,0,26,27
NDP7g;PIt9,1,2,27,25
NDP7g;PItn,0,1,28,26
NDP7g;PNTK,1,0,27,27
NDP7g;PNTOte,1,0,27,27
NDP7g;PPAer,1,0,27,27
NDP7g;PPBNGS,1,0,27,27
NDP7g;PPCDC,1,0,27,27
NDP7g;PPIPItr,1,0,27,27
NDP7g;PPNCL2,1,0,27,27
NDP7g;PPPG9tm,1,0,27,27
NDP7g;PPPGOm,1,0,27,27
NDP7g;PROAKGOX1m,1,0,27,27
NDP7g;PROtm,2,0,26,27
NDP7g;PSDm_hs,0,1,28,26
NDP7g;PSFLIPm,0,1,28,26
NDP7g;PTPAT,1,0,27,27
NDP7g;PUNP1,0,1,28,26
NDP7g;PYK,0,1,28,26
NDP7g;R5Ptr,4,4,24,23
NDP7g;RBFK,4,4,24,23
NDP7g;RDH1a,0,1,28,26
NDP7g;RIBFLVt6,4,4,24,23
NDP7g;RPE,1,0,27,27
NDP7g;RPIr,4,4,24,23
NDP7g;RU5Ptr,4,4,24,23
NDP7g;R_group_phosphotase_1,1,0,27,27
NDP7g;SO4AKGtm,1,0,27,27
NDP7g;SO4MALtm,1,0,27,27
NDP7g;SUCOAS1m,1,1,27,26
NDP7g;THFtm,0,1,28,26
NDP7g;TKT1,1,0,27,27
NDP7g;TKT2,1,0,27,27
NDP7g;TPI,0,2,28,25
NDP7g;TXA2tr,0,1,28,26
NDP7g;TXB2c,0,1,28,26
NDP7g;TXB2r,0,1,28,26
NDP7g;TXB2tr,0,1,28,26
NDP7g;UDPGD,2,0,26,27
NDP7g;UDPGLCAter,1,0,27,27
NDP7g;UPP3S,1,0,27,27
NDP7g;UPPDC1,1,0,27,27
NDPK1;ARTFR45,1,0,27,27
NDPK1;NRVNCCOAtr,1,0,27,27
NDPK1;O2tp,1,0,27,27
NDPK1;PItg,1,0,27,27
NDPK1;PMANM,1,0,27,27
NDPK1;RTOT4,1,0,27,27
NDPK1;SARCOXp,1,0,27,27
NDPK1;SARCStm,1,0,27,27
NDPK1;SARCStp,1,0,27,27
NDPK1;SUCOAS1m,3,0,25,27
NDPK1;TECR201,1,0,27,27
NDPK1;TECR221,1,0,27,27
NDPK1;TECR241,1,0,27,27
NDPK1;THFtm,1,0,27,27
NDPK1;THR3Dx,1,0,27,27
NDPK1;THRA,1,0,27,27
NDPK1;UAGDP,1,0,27,27
NDPK1;UDPG4E,1,0,27,27
NDPK1;UDPGALt2r,1,0,27,27
NDPK1;UDPGALtg,1,0,27,27
NDPK1;UDPGGPGTr,1,0,27,27
NDPK1;UGCGc,1,0,27,27
NDPK1;UGLCNACtg,1,0,27,27
NDPK1;UMPtr,1,0,27,27
NDPK8;PGM,1,1,27,26
NDPK8;PYK7,1,1,27,26
NDPK8;PYRt2p,1,0,27,27
NH4tm;ACITLn,0,1,28,26
NH4tm;ADPtn,0,1,28,26
NH4tm;CITtn,0,1,28,26
NH4tm;NQO2,0,1,28,26
NH4tm;OAAtn,0,1,28,26
NH4tm;OCBTm,1,1,27,26
NH4tm;ORNTArm,1,0,27,27
NH4tm;PGK,1,0,27,27
NH4tm;PGM,1,0,27,27
NH4tm;PIATPLtm,0,1,28,26
NH4tm;PIMALtm,0,1,28,26
NH4tm;PIt2m_2,3,1,25,26
NH4tm;PPAm,0,1,28,26
NH4tm;PPItm,0,1,28,26
NH4tm;PRO1x,1,1,27,26
NH4tm;PROGLUtm,0,1,28,26
NH4tm;PROSTGE2t,1,0,27,27
NH4tm;PROSTGE2t2,1,0,27,27
NH4tm;PYK6,1,0,27,27
NH4tm;SO3AKGtm,0,1,28,26
NH4tm;SO3MALtm,0,1,28,26
NH4tm;THFtm,1,0,27,27
NH4tm;TYROX,1,0,27,27
NH4tm;TYRTA,1,0,27,27
NH4tm;q10h2tc,0,1,28,26
NH4tm;q10tm,0,1,28,26
NH4tp;OCOAT1m,1,0,27,27
NH4tp;PROGLUtm,1,0,27,27
NH4tp;PROtm,1,0,27,27
NH4tp;SUCOAS1m,1,0,27,27
NH4tp;THRA,1,0,27,27
NH4tp;THRATB0tc,1,0,27,27
NH4tr;PGMT,2,0,26,27
NH4tr;PItg,1,0,27,27
NH4tr;PPA,5,0,23,27
NH4tr;PPIPItr,1,0,27,27
NH4tr;THRA,1,0,27,27
NH4tr;UAGDP,2,0,26,27
NH4tr;UGLCNACtg,1,0,27,27
NMNDA;PROAKGOX1m,1,0,27,27
NMNDA;PROtm,1,0,27,27
NMNDA;RDH1,1,0,27,27
NMNDA;RDH1a,1,0,27,27
NMNDA;SUCD1m,1,0,27,27
NMNDA;THFtm,1,0,27,27
NMNS;NQO2,3,0,25,27
NMNS;O2t,0,1,28,26
NMNS;P45011A1m,0,1,28,26
NMNS;PFK_3,1,0,27,27
NMNS;PHETA1,1,0,27,27
NMNS;PHLAC,1,0,27,27
NMNS;PHLACHt,1,0,27,27
NMNS;PIMALtm,1,2,27,25
NMNS;PIt2m_2,1,0,27,27
NMNS;PRGNLONEtm,0,1,28,26
NMNS;PRGNLONEtr,0,1,28,26
NMNS;PROAKGOX1m,1,0,27,27
NMNS;PROGLUtm,1,0,27,27
NMNS;PROtm,2,0,26,27
NMNS;RDH1,1,0,27,27
NMNS;RDH1a,1,0,27,27
NMNS;RPE,1,0,27,27
NMNS;SO3AKGtm,1,1,27,26
NMNS;SO3MALtm,1,1,27,26
NMNS;SO4AKGtm,0,1,28,26
NMNS;SO4MALtm,0,1,28,26
NMNS;SQORm,0,1,28,26
NMNS;SRTNtu,0,1,28,26
NMNS;SUCD1m,1,0,27,27
NMNS;THBPT4ACAMDASE,2,1,26,26
NMNS;THFtm,1,0,27,27
NMNS;THR3Dx,1,0,27,27
NMNS;TKT1,1,0,27,27
NMNS;TKT2,1,0,27,27
NMNS;TRPHYDRO2,0,1,28,26
NMNS;TSULt4_3,0,1,28,26
NMNS;TYR3MO2,2,0,26,27
NMNS;q10h2tc,3,0,25,27
NMNS;q10tm,3,0,25,27
NODe;THBPT4ACAMDASE,1,0,27,27
NORANMT;AKGtn,1,1,27,26
NORANMT;CO2tn,1,1,27,26
NORANMT;FALDtn,1,1,27,26
NORANMT;H3K4DMET_1,0,1,28,26
NORANMT;H3K4MET_1,0,1,28,26
NORANMT;H3K9DMET_1,1,0,27,27
NORANMT;H3K9MET_1,1,0,27,27
NORANMT;O2tn,1,1,27,26
NORANMT;THRA,1,0,27,27
NOS1;THBPT4ACAMDASE,1,0,27,27
NQO2;ACITLn,0,1,28,26
NQO2;ADPtn,0,1,28,26
NQO2;CITtn,0,1,28,26
NQO2;OAAtn,0,1,28,26
NQO2;PGK,1,0,27,27
NQO2;PGM,1,0,27,27
NQO2;PIt2m_2,1,0,27,27
NQO2;PPA,1,2,27,25
NQO2;PPItm,0,1,28,26
NQO2;PROGLUtm,0,1,28,26
NQO2;PROtm,0,1,28,26
NQO2;PYRt4_2,1,0,27,27
NQO2;RADH3,0,1,28,26
NQO2;RADH4,0,1,28,26
NQO2;THFtm,1,1,27,26
NQO2;TPI,1,0,27,27
NRVNCCOAtr;ARTFR52,1,0,27,27
NRVNCCOAtr;NTD7,1,0,27,27
NRVNCCOAtr;PHEMEtm,1,0,27,27
NRVNCCOAtr;PIMALtm,1,0,27,27
NRVNCCOAtr;PPBNGS,1,0,27,27
NRVNCCOAtr;PPPG9tm,1,0,27,27
NRVNCCOAtr;PPPGOm,1,0,27,27
NRVNCCOAtr;PROAKGOX1m,1,0,27,27
NRVNCCOAtr;PROtm,1,0,27,27
NRVNCCOAtr;RTOT4,0,1,28,26
NRVNCCOAtr;RTOT5,1,0,27,27
NRVNCCOAtr;SO4AKGtm,1,0,27,27
NRVNCCOAtr;SO4MALtm,1,0,27,27
NRVNCCOAtr;SUCOAS1m,1,0,27,27
NRVNCCOAtr;TECR200,1,0,27,27
NRVNCCOAtr;TECR220,1,0,27,27
NRVNCCOAtr;TECR240,1,0,27,27
NRVNCCOAtr;TECR260,1,0,27,27
NRVNCCOAtr;THFtm,0,1,28,26
NRVNCCOAtr;UDPGD,1,0,27,27
NRVNCCOAtr;UDPGLCAter,1,0,27,27
NRVNCCOAtr;UPP3S,1,0,27,27
NRVNCCOAtr;UPPDC1,1,0,27,27
NRVNCCOAtxc;RTOT4,0,1,28,26
NRVNCCOAtxc;THFtm,0,1,28,26
NTD2;PPM,0,1,28,26
NTD2;PPM2,1,1,27,26
NTD2;PYNP2r,1,1,27,26
NTD7;ARTFR45,1,0,27,27
NTD7;NTD7e,1,0,27,27
NTD7;O2tp,1,0,27,27
NTD7;RBFK,1,0,27,27
NTD7;RIBFLVt6,1,0,27,27
NTD7;RTOT4,1,0,27,27
NTD7;SARCOXp,1,0,27,27
NTD7;SARCStm,1,0,27,27
NTD7;SARCStp,1,0,27,27
NTD7;TECR201,1,0,27,27
NTD7;TECR221,1,0,27,27
NTD7;TECR241,1,0,27,27
NTD7;THFtm,1,0,27,27
NTD7e;PCOREM3terg,0,1,28,26
NTD7e;PGMT,0,1,28,26
NTD7e;PIt7,3,1,25,26
NTD7e;PIt8,2,0,26,27
NTD7e;PIt9,1,0,27,27
NTD7e;PItg,0,1,28,26
NTD7e;PMANM,0,1,28,26
NTD7e;POCDPRBTLT2g,0,1,28,26
NTD7e;POCDPRBTLTg,0,1,28,26
NTD7e;POGLCNACTg,0,1,28,26
NTD7e;POMGNGALNTr,0,1,28,26
NTD7e;POMGNTr,0,1,28,26
NTD7e;POMKr,0,1,28,26
NTD7e;POXYLTg,0,1,28,26
NTD7e;PYRFORte,0,1,28,26
NTD7e;R5Ptr,0,1,28,26
NTD7e;RBT5PCYTr,0,1,28,26
NTD7e;RBT5PDH,0,1,28,26
NTD7e;RPIr,0,1,28,26
NTD7e;RU5Ptr,0,1,28,26
NTD7e;UACGAMUMPtr,0,1,28,26
NTD7e;UAG4E,0,1,28,26
NTD7e;UAGDP,0,1,28,26
NTD7e;UDPGD,0,1,28,26
NTD7e;UDPGLCAtg,0,1,28,26
NTD7e;UDPGLDCg,0,1,28,26
NTD7e;UGALNACter,0,1,28,26
NTD7e;UGLCNACtg,0,1,28,26
NWHARGOR;THBPT4ACAMDASE,1,0,27,27
O2St;O2t,2,5,26,22
O2St;PIPLC,1,3,27,24
O2Stn;O2t,2,4,26,23
O2Stn;PIPLC,1,3,27,24
O2t;ADPtn,2,4,26,23
O2t;O2tn,2,4,26,23
O2t;PAIL4P_HStn,2,4,26,23
O2t;PAIL_HStn,2,4,26,23
O2t;PI4PLC,1,0,27,27
O2t;PIK4n,2,4,26,23
O2t;PIt2m_2,0,1,28,26
O2t;SADT,0,2,28,25
O2t;SO4HCOtex,0,1,28,26
O2t;SO4t4_3,0,1,28,26
O2t;SPODMn,2,4,26,23
O2t;THYPX,0,2,28,25
O2t;THYST,0,2,28,25
O2tm;O2tp,0,1,28,26
O2tm;PCFLOPm,0,1,28,26
O2tm;PETOHMm_hs,0,1,28,26
O2tm;PMTCOAFABP1tc,0,1,28,26
O2tm;PUNP1,0,1,28,26
O2tm;SARCOXp,0,1,28,26
O2tm;SARCStm,0,1,28,26
O2tm;SARCStp,0,1,28,26
O2tn;ARGtn,1,1,27,26
O2tn;ARTFR52,1,0,27,27
O2tn;H3K36MET_1,1,0,27,27
O2tn;H3K36MET_3,1,0,27,27
O2tn;H3K36_synthesis,1,0,27,27
O2tn;H3R17MET_1,1,1,27,26
O2tn;H3R17MET_2,1,1,27,26
O2tn;H3R17MET_3,1,1,27,26
O2tn;H3R17_synthesis,1,1,27,26
O2tn;LYStn,1,0,27,27
O2tn;PE_HStm,1,0,27,27
O2tn;PHEMEtm,1,0,27,27
O2tn;PIMALtm,1,0,27,27
O2tn;PIPLC,1,2,27,25
O2tn;PPBNGS,1,0,27,27
O2tn;PPPG9tm,1,0,27,27
O2tn;PPPGOm,1,0,27,27
O2tn;PROAKGOX1m,1,0,27,27
O2tn;PSDm_hs,2,0,26,27
O2tn;PSFLIPm,2,0,26,27
O2tn;RTOT5,1,0,27,27
O2tn;SO3AKGtm,1,0,27,27
O2tn;SO3MALtm,1,0,27,27
O2tn;SUCOAS1m,1,0,27,27
O2tn;TECR200,1,0,27,27
O2tn;TECR220,1,0,27,27
O2tn;TECR240,1,0,27,27
O2tn;TECR260,1,0,27,27
O2tn;THBPT4ACAMDASE,0,1,28,26
O2tn;TYR3MO2,0,1,28,26
O2tn;TYRDOPO,2,0,26,27
O2tn;UDPGD,1,0,27,27
O2tn;UDPGLCAter,1,0,27,27
O2tn;UGT1A2r,1,0,27,27
O2tn;UPP3S,1,0,27,27
O2tn;UPPDC1,1,0,27,27
O2tn;peparg_synthesis,1,1,27,26
O2tn;peplys_synthesis,1,0,27,27
O2tp;ACITLn,0,1,28,26
O2tp;ADPtn,0,1,28,26
O2tp;ARTFR52,5,0,23,27
O2tp;CITtn,0,1,28,26
O2tp;OAAtn,0,1,28,26
O2tp;OCOAT1m,1,0,27,27
O2tp;OXALSUCCCLm,0,1,28,26
O2tp;P45011A1m,0,1,28,26
O2tp;P5CRxm,0,1,28,26
O2tp;PDHa,0,1,28,26
O2tp;PDHbr,0,1,28,26
O2tp;PGMT,0,1,28,26
O2tp;PHEMEtm,1,0,27,27
O2tp;PHEOX,0,1,28,26
O2tp;PHETA1,0,1,28,26
O2tp;PIMALtm,1,1,27,26
O2tp;PIt9,0,1,28,26
O2tp;PIter,0,1,28,26
O2tp;PItn,0,1,28,26
O2tp;PPA,1,0,27,27
O2tp;PPBNGS,1,0,27,27
O2tp;PPPG9tm,1,0,27,27
O2tp;PPPGOm,1,0,27,27
O2tp;PRGNLONEtm,0,1,28,26
O2tp;PRGSTRNt,0,1,28,26
O2tp;PROAKGOX1m,1,0,27,27
O2tp;PROD2m,0,1,28,26
O2tp;PROGLUtm,1,0,27,27
O2tp;PROtm,3,0,25,27
O2tp;R5Ptr,0,1,28,26
O2tp;RADH3,0,1,28,26
O2tp;RADH4,0,1,28,26
O2tp;RPIr,0,1,28,26
O2tp;RTOT4,0,1,28,26
O2tp;RTOT5,5,0,23,27
O2tp;RU5Ptr,0,1,28,26
O2tp;SO3AKGtm,0,1,28,26
O2tp;SO3MALtm,0,1,28,26
O2tp;SO4AKGtm,1,0,27,27
O2tp;SO4MALtm,1,0,27,27
O2tp;SUCOAS1m,2,0,26,27
O2tp;TECR180,1,0,27,27
O2tp;TECR200,5,0,23,27
O2tp;TECR220,5,0,23,27
O2tp;TECR240,5,0,23,27
O2tp;TECR260,5,0,23,27
O2tp;THFtm,0,3,28,24
O2tp;THRA,1,0,27,27
O2tp;THRATB0tc,1,0,27,27
O2tp;TXA2tr,0,2,28,25
O2tp;TXB2c,0,2,28,25
O2tp;TXB2r,0,2,28,25
O2tp;TXB2tr,0,2,28,25
O2tp;UDPGD,1,0,27,27
O2tp;UDPGLCAter,1,0,27,27
O2tp;UMPK,0,1,28,26
O2tp;UPP3S,1,0,27,27
O2tp;UPPDC1,1,0,27,27
OAADC;PIMALtm,0,1,28,26
OAADC;PIt2m_2,2,0,26,27
OAADC;PYRtm,1,0,27,27
OAADC;SO3AKGtm,0,1,28,26
OAADC;SO3MALtm,0,1,28,26
OAADC;THRA,1,0,27,27
OAAtn;H3K9MET_1,0,1,28,26
OAAtn;H3K9MET_2,0,1,28,26
OAAtn;H3K9MET_3,0,1,28,26
OAAtn;H3K9_synthesis,0,1,28,26
OAAtn;peplys_synthesis,0,1,28,26
OCBTm;ORNt3m,0,1,28,26
OCBTm;ORNtiDF,0,1,28,26
OCBTm;PGK,1,0,27,27
OCBTm;PGM,1,0,27,27
OCBTm;PIt2m_2,2,0,26,27
OCBTm;PPAm,0,1,28,26
OCBTm;PPItm,0,1,28,26
OCDE9ECOAtr;ARTFR52,4,1,24,26
OCDE9ECOAtr;OCDEAFABP1tc,1,0,27,27
OCDE9ECOAtr;PROtm,1,0,27,27
OCDE9ECOAtr;RTOT5,4,1,24,26
OCDE9ECOAtr;SE4,1,0,27,27
OCDE9ECOAtr;SOAT3,1,0,27,27
OCDE9ECOAtr;TECR200,4,1,24,26
OCDE9ECOAtr;TECR220,4,1,24,26
OCDE9ECOAtr;TECR240,4,1,24,26
OCDE9ECOAtr;TECR260,4,1,24,26
OCOAT1m;OXALSUCCCLm,0,1,28,26
OCOAT1m;PGMT,0,1,28,26
OCOAT1m;PHEMEtm,0,1,28,26
OCOAT1m;PIATPLtm,0,1,28,26
OCOAT1m;PIMALtm,1,0,27,27
OCOAT1m;PIt2r,0,1,28,26
OCOAT1m;PItg,0,1,28,26
OCOAT1m;PMANM,0,1,28,26
OCOAT1m;PPBNGS,0,1,28,26
OCOAT1m;PPPG9tm,0,1,28,26
OCOAT1m;PPPGOm,0,1,28,26
OCOAT1m;PROGLUtm,1,0,27,27
OCOAT1m;PROtm,1,0,27,27
OCOAT1m;RDH1,0,1,28,26
OCOAT1m;RDH1a,0,1,28,26
OCOAT1m;RND213,0,1,28,26
OCOAT1m;R_group_phosphotase_1,0,1,28,26
OCOAT1m;Rtotaltm,0,1,28,26
OCOAT1m;SADT,1,0,27,27
OCOAT1m;SO3AKGtm,1,0,27,27
OCOAT1m;SO3MALtm,1,0,27,27
OCOAT1m;SO4CLtex,1,0,27,27
OCOAT1m;TAURCHAe,1,0,27,27
OCOAT1m;THYPX,1,1,27,26
OCOAT1m;THYST,1,0,27,27
OCOAT1m;UAGDP,0,1,28,26
OCOAT1m;UDPDOLPT,0,1,28,26
OCOAT1m;UDPGD,0,1,28,26
OCOAT1m;UDPGLCAter,0,1,28,26
OCOAT1m;UGLCNACtg,0,1,28,26
OCOAT1m;UGT1A2r,0,1,28,26
OCOAT1m;UPP3S,0,1,28,26
OCOAT1m;UPPDC1,0,1,28,26
OCTD11ECOAtr;RTOT5,2,0,26,27
OCTD11ECOAtr;TECR180,5,1,23,26
ORNLYStm;PIt2m_2,0,1,28,26
ORNTArm;PGK,1,0,27,27
ORNTArm;PGM,1,0,27,27
ORNTArm;PIt2m_2,2,0,26,27
ORNTArm;PPAm,0,1,28,26
ORNTArm;PPItm,0,1,28,26
ORNt3m;PIATPLtm,0,1,28,26
ORNt3m;PPAm,0,1,28,26
ORNt3m;PPItm,0,1,28,26
ORNt4m;PIt2m_2,0,1,28,26
ORNtiDF;PIATPLtm,0,1,28,26
OROTGLUt;PGMT,0,1,28,26
OROTGLUt;PIter,0,1,28,26
OROTGLUt;PItg,0,1,28,26
OROTGLUt;PMANM,0,1,28,26
OROTGLUt;PPA,0,1,28,26
OROTGLUt;S23T3g,0,1,28,26
OROTGLUt;S6T10g,0,1,28,26
OROTGLUt;S6T11g,0,1,28,26
OROTGLUt;S6T12g,0,1,28,26
OROTGLUt;S6T13g,0,1,28,26
OROTGLUt;S6T14g,0,1,28,26
OROTGLUt;S6T15g,0,1,28,26
OROTGLUt;S6T4g,0,1,28,26
OROTGLUt;S6T5g,0,1,28,26
OROTGLUt;S6T6g,0,1,28,26
OROTGLUt;S6T7g,0,1,28,26
OROTGLUt;S6T8g,0,1,28,26
OROTGLUt;S6T9g,0,1,28,26
OROTGLUt;TXA2tr,0,1,28,26
OROTGLUt;TXB2c,0,1,28,26
OROTGLUt;TXB2r,0,1,28,26
OROTGLUt;TXB2tr,0,1,28,26
OROTGLUt;UAGDP,0,1,28,26
OROTGLUt;UDPDOLPT,0,2,28,25
OROTGLUt;UGLCNACtg,0,1,28,26
OROTGLUt;UMPK,0,1,28,26
OROTte;PGMT,0,1,28,26
OROTte;PIter,0,1,28,26
OROTte;PItg,0,1,28,26
OROTte;PMANM,0,1,28,26
OROTte;PPA,0,1,28,26
OROTte;S23T3g,0,1,28,26
OROTte;S6T10g,0,1,28,26
OROTte;S6T11g,0,1,28,26
OROTte;S6T12g,0,1,28,26
OROTte;S6T13g,0,1,28,26
OROTte;S6T14g,0,1,28,26
OROTte;S6T15g,0,1,28,26
OROTte;S6T4g,0,1,28,26
OROTte;S6T5g,0,1,28,26
OROTte;S6T6g,0,1,28,26
OROTte;S6T7g,0,1,28,26
OROTte;S6T8g,0,1,28,26
OROTte;S6T9g,0,1,28,26
OROTte;TXA2tr,0,1,28,26
OROTte;TXB2c,0,1,28,26
OROTte;TXB2r,0,1,28,26
OROTte;TXB2tr,0,1,28,26
OROTte;UAGDP,0,1,28,26
OROTte;UDPDOLPT,0,2,28,25
OROTte;UGLCNACtg,0,1,28,26
OROTte;UMPK,0,1,28,26
OXALSUCCCLm;ARTFR41,0,1,28,26
OXALSUCCCLm;P5CRxm,0,2,28,25
OXALSUCCCLm;PGLYCH,0,1,28,26
OXALSUCCCLm;PHEMEtm,1,0,27,27
OXALSUCCCLm;PIMALtm,1,0,27,27
OXALSUCCCLm;PIt2m_2,2,1,26,26
OXALSUCCCLm;PLMCOAPTr,0,1,28,26
OXALSUCCCLm;PMTCOAFABP1tc,0,1,28,26
OXALSUCCCLm;PPBNGS,1,0,27,27
OXALSUCCCLm;PPPG9tm,1,0,27,27
OXALSUCCCLm;PPPGOm,1,0,27,27
OXALSUCCCLm;PRO1x,0,1,28,26
OXALSUCCCLm;PROD2m,0,1,28,26
OXALSUCCCLm;PROGLUtm,1,0,27,27
OXALSUCCCLm;PROtm,1,0,27,27
OXALSUCCCLm;PVD3,1,0,27,27
OXALSUCCCLm;PYRAKGte,0,1,28,26
OXALSUCCCLm;RTOT4,0,1,28,26
OXALSUCCCLm;SO3AKGtm,1,0,27,27
OXALSUCCCLm;SO3MALtm,1,0,27,27
OXALSUCCCLm;SSALym,1,0,27,27
OXALSUCCCLm;SUCCICITtm,1,0,27,27
OXALSUCCCLm;SUCOAS1m,1,1,27,26
OXALSUCCCLm;THFtm,4,0,24,27
OXALSUCCCLm;THR3Dx,0,1,28,26
OXALSUCCCLm;THRA,4,1,24,26
OXALSUCCCLm;UDPGLCAter,1,0,27,27
OXALSUCCCLm;UNK3,0,1,28,26
OXALSUCCCLm;UPP3S,1,0,27,27
OXALSUCCCLm;UPPDC1,1,0,27,27
OXALSUCCCLm;VD3,1,0,27,27
OXALSUCCCLm;VITD3Hm,1,0,27,27
OXALSUCCCLm;VITD3tm,1,0,27,27
P45011A1m;PCFLOPm,0,1,28,26
P45011A1m;PETOHMm_hs,0,1,28,26
P45011A1m;PMTCOAFABP1tc,0,1,28,26
P45011A1m;PUNP1,0,1,28,26
P45011A1m;SARCOXp,0,1,28,26
P45011A1m;SARCStm,0,1,28,26
P45011A1m;SARCStp,0,1,28,26
P5CRm;THFtm,0,1,28,26
P5CRxm;PGMT,0,1,28,26
P5CRxm;PHEMEtm,0,1,28,26
P5CRxm;PHEOX,0,1,28,26
P5CRxm;PHETA1,0,1,28,26
P5CRxm;PIMALtm,0,1,28,26
P5CRxm;PPBNGS,0,1,28,26
P5CRxm;PPPG9tm,0,1,28,26
P5CRxm;PPPGOm,0,1,28,26
P5CRxm;PROAKGOX1m,0,1,28,26
P5CRxm;PROtm,0,2,28,25
P5CRxm;PYRtm,0,1,28,26
P5CRxm;SO3AKGtm,0,1,28,26
P5CRxm;SO3MALtm,0,1,28,26
P5CRxm;SUCOAS1m,0,1,28,26
P5CRxm;THFtm,1,0,27,27
P5CRxm;UDPGCURtr,0,1,28,26
P5CRxm;UDPGD,0,1,28,26
P5CRxm;UGT1A2r,0,1,28,26
P5CRxm;UMPtr,0,1,28,26
P5CRxm;UPP3S,0,1,28,26
P5CRxm;UPPDC1,0,1,28,26
PAIL4P_HStn;PIPLC,1,5,27,22
PAIL_HStn;PIPLC,1,5,27,22
PAPStg;ACITLn,0,1,28,26
PAPStg;ADPtn,0,1,28,26
PAPStg;CITtn,0,1,28,26
PAPStg;OAAtn,0,1,28,26
PAPStg;PDHa,0,1,28,26
PAPStg;PDHbr,0,1,28,26
PAPStg;PItn,0,1,28,26
PAPStg;PROSTGE2t,1,0,27,27
PAPStg;PROSTGE2t2,1,0,27,27
PAPStg;PYRt2m,0,1,28,26
PAPStg;R_group_phosphotase_1,1,0,27,27
PAPStg;THRALANaEx,1,0,27,27
PAPStg;UAG4E,0,1,28,26
PAPStg;UMPK5,1,0,27,27
PAPtg;ACITLn,0,1,28,26
PAPtg;ADPtn,0,1,28,26
PAPtg;CITtn,0,1,28,26
PAPtg;OAAtn,0,1,28,26
PAPtg;PDHa,0,1,28,26
PAPtg;PDHbr,0,1,28,26
PAPtg;PItn,0,1,28,26
PAPtg;PROSTGE2t,1,0,27,27
PAPtg;PROSTGE2t2,1,0,27,27
PAPtg;PYRt2m,0,1,28,26
PAPtg;R_group_phosphotase_1,1,0,27,27
PAPtg;THRALANaEx,1,0,27,27
PAPtg;UAG4E,0,1,28,26
PAPtg;UMPK5,1,0,27,27
PCFLOPm;PRGNLONEtm,0,1,28,26
PCFLOPm;PRGSTRNt,0,1,28,26
PCFLOPm;THFtm,0,1,28,26
PCHOLHSTDe;RETHc,0,1,28,26
PCOREM3terg;PIt9,1,0,27,27
PCOREM3terg;PPAer,1,0,27,27
PCOREM3terg;PPIPItr,1,0,27,27
PCOREM3terg;PUNP1,0,1,28,26
PCOREM3terg;R5Ptr,5,9,23,18
PCOREM3terg;RBFK,0,1,28,26
PCOREM3terg;RIBFLVt6,0,1,28,26
PCOREM3terg;RPIr,5,9,23,18
PCOREM3terg;RU5Ptr,5,9,23,18
PCOREM3terg;UDPG4E,1,1,27,26
PCOREM3terg;UDPGALtg,1,1,27,26
PCOREM3terg;UGALNACtg,0,1,28,26
PCOREM3terg;UMPK5,0,1,28,26
PCm;PIt2m_2,1,0,27,27
PCm;PYRtm,1,0,27,27
PCm;THYMtm,1,0,27,27
PDHa;S23T4g,0,1,28,26
PDHa;S6T16g,0,1,28,26
PDHa;S6T17g,0,1,28,26
PDHa;S6T18g,0,1,28,26
PDHa;S6TASE24ly,0,1,28,26
PDHa;S6TASE25ly,0,1,28,26
PDHa;S6TASE26ly,0,1,28,26
PDHa;SADT,0,1,28,26
PDHa;SIAASE4ly,0,1,28,26
PDHa;SO4tl,0,1,28,26
PDHa;ST3GAL61g,0,1,28,26
PDHa;Ser/Thrtg,0,1,28,26
PDHa;UDPACGALtl,0,1,28,26
PDHa;UDPG4E,0,1,28,26
PDHa;UDPGALt2r,0,1,28,26
PDHa;UDPGALtg,0,1,28,26
PDHa;UDPGCURtr,0,1,28,26
PDHa;UDPGD,0,1,28,26
PDHa;UDPGGPGTr,0,1,28,26
PDHa;UDPGLCAter,0,1,28,26
PDHa;UDPtl,0,1,28,26
PDHa;UGALNACtg,0,1,28,26
PDHa;UGCGc,0,1,28,26
PDHa;UMPK,0,1,28,26
PDHa;UROLACer,0,1,28,26
PDHbr;S23T4g,0,1,28,26
PDHbr;S6T16g,0,1,28,26
PDHbr;S6T17g,0,1,28,26
PDHbr;S6T18g,0,1,28,26
PDHbr;S6TASE24ly,0,1,28,26
PDHbr;S6TASE25ly,0,1,28,26
PDHbr;S6TASE26ly,0,1,28,26
PDHbr;SADT,0,1,28,26
PDHbr;SIAASE4ly,0,1,28,26
PDHbr;SO4tl,0,1,28,26
PDHbr;ST3GAL61g,0,1,28,26
PDHbr;Ser/Thrtg,0,1,28,26
PDHbr;UDPACGALtl,0,1,28,26
PDHbr;UDPG4E,0,1,28,26
PDHbr;UDPGALt2r,0,1,28,26
PDHbr;UDPGALtg,0,1,28,26
PDHbr;UDPGCURtr,0,1,28,26
PDHbr;UDPGD,0,1,28,26
PDHbr;UDPGGPGTr,0,1,28,26
PDHbr;UDPGLCAter,0,1,28,26
PDHbr;UDPtl,0,1,28,26
PDHbr;UGALNACtg,0,1,28,26
PDHbr;UGCGc,0,1,28,26
PDHbr;UMPK,0,1,28,26
PDHbr;UROLACer,0,1,28,26
PEMET1;PSDm_hs,2,1,26,26
PEMET1;PSFLIPm,2,1,26,26
PEMET1;THRA,1,0,27,27
PEMET2;PSDm_hs,2,1,26,26
PEMET2;PSFLIPm,2,1,26,26
PEMET2;THRA,1,0,27,27
PEPCK;PFK,0,1,28,26
PEPCK;PGI,0,1,28,26
PEPCK;PGK,1,1,27,26
PEPCK;PGM,1,1,27,26
PEPCK;PHEMEtm,1,0,27,27
PEPCK;PIMALtm,1,0,27,27
PEPCK;PPBNGS,1,0,27,27
PEPCK;PPPG9tm,1,0,27,27
PEPCK;PPPGOm,1,0,27,27
PEPCK;PROGLUtm,1,0,27,27
PEPCK;PROtm,1,0,27,27
PEPCK;SO3AKGtm,1,0,27,27
PEPCK;SO3MALtm,1,0,27,27
PEPCK;SSALym,1,0,27,27
PEPCK;SUCCICITtm,1,0,27,27
PEPCK;SUCOAS1m,1,0,27,27
PEPCK;THRA,1,0,27,27
PEPCK;UDPGLCAter,1,0,27,27
PEPCK;UPP3S,1,0,27,27
PEPCK;UPPDC1,1,0,27,27
PEPICITtm;THYMtm,1,0,27,27
PETHCT;PSDm_hs,1,0,27,27
PETHCT;PSFLIPm,1,0,27,27
PETOHMm_hs;PRGNLONEtm,0,1,28,26
PETOHMm_hs;PRGSTRNt,0,1,28,26
PETOHMm_hs;THFtm,0,1,28,26
PE_HStm;H3K4DMET_1,0,1,28,26
PE_HStm;H3K4MET_1,0,1,28,26
PE_HStm;H3K9DMET_3,1,0,27,27
PE_HStm;H3K9MET_3,1,0,27,27
PE_HStm;PEMET1,2,1,26,26
PE_HStm;PEMET2,2,1,26,26
PE_HStm;PETHCT,1,0,27,27
PE_HStm;PGMT,0,1,28,26
PE_HStm;PItg,0,1,28,26
PE_HStm;PSSA2_hs,1,1,27,26
PE_HStm;UAGDP,0,1,28,26
PE_HStm;UGLCNACtg,0,1,28,26
PFK2;RDH1,1,0,27,27
PFK2;RDH1a,1,0,27,27
PFK;PFK_3,3,0,25,27
PFK;PGI,1,0,27,27
PFK;PGK,0,1,28,26
PFK;PGM,0,1,28,26
PFK;PPM,0,1,28,26
PFK;PPM2,0,2,28,25
PFK;PYNP2r,0,1,28,26
PFK;RPE,3,0,25,27
PFK;R_group_phosphotase_1,0,1,28,26
PFK;TKT1,3,0,25,27
PFK;TKT2,3,0,25,27
PFK;TPI,0,3,28,24
PFK_3;PGI,3,0,25,27
PFK_3;PGK,1,0,27,27
PFK_3;PGM,1,0,27,27
PFK_3;PGMT,1,0,27,27
PFK_3;PItg,1,0,27,27
PFK_3;RNAdeg,1,0,27,27
PFK_3;THRA,1,0,27,27
PFK_3;THRALANaEx,1,0,27,27
PFK_3;UAG4E,1,0,27,27
PFK_3;UAGDP,1,0,27,27
PFK_3;UGLCNACtg,1,0,27,27
PGAM1_PhosHydro;TPI,1,0,27,27
PGCD;SERt4,0,1,28,26
PGI;PGK,2,1,26,26
PGI;PGL,1,0,27,27
PGI;PGM,2,1,26,26
PGI;PItg,0,1,28,26
PGI;RPE,4,0,24,27
PGI;THRALANaEx,1,0,27,27
PGI;TKT1,4,0,24,27
PGI;TKT2,4,0,24,27
PGI;TPI,0,1,28,26
PGI;UAG4E,0,1,28,26
PGI;UAGDP,0,1,28,26
PGI;UMPK5,1,0,27,27
PGK;PIMALtm,1,0,27,27
PGK;PIt7,1,0,27,27
PGK;PRO1x,1,0,27,27
PGK;RETHc,1,0,27,27
PGK;RPE,2,0,26,27
PGK;R_group_phosphotase_1,2,0,26,27
PGK;SO3AKGtm,1,0,27,27
PGK;SO3MALtm,1,0,27,27
PGK;TALA,1,0,27,27
PGK;TKT1,2,0,26,27
PGK;TKT2,2,0,26,27
PGK;TPI,1,0,27,27
PGK;q10h2tc,1,0,27,27
PGK;q10tm,1,0,27,27
PGL;RPE,1,0,27,27
PGL;TALA,1,0,27,27
PGL;TKT1,1,0,27,27
PGL;TKT2,1,0,27,27
PGM;PIMALtm,1,0,27,27
PGM;PIt7,1,0,27,27
PGM;PRO1x,1,0,27,27
PGM;RETHc,1,0,27,27
PGM;RPE,2,0,26,27
PGM;R_group_phosphotase_1,1,0,27,27
PGM;SO3AKGtm,1,0,27,27
PGM;SO3MALtm,1,0,27,27
PGM;TALA,1,0,27,27
PGM;TKT1,2,0,26,27
PGM;TKT2,2,0,26,27
PGM;TPI,1,0,27,27
PGM;q10h2tc,1,0,27,27
PGM;q10tm,1,0,27,27
PGMT;ACITLn,0,1,28,26
PGMT;ADPtn,0,1,28,26
PGMT;ARTFR12,0,1,28,26
PGMT;ARTFR41,0,1,28,26
PGMT;CITtn,0,1,28,26
PGMT;H3K9MET_1,0,1,28,26
PGMT;H3K9MET_2,0,1,28,26
PGMT;H3K9MET_3,0,1,28,26
PGMT;H3K9_synthesis,0,1,28,26
PGMT;LYStn,0,1,28,26
PGMT;OAAtn,0,1,28,26
PGMT;PIt2m_2,0,2,28,25
PGMT;PIt7,1,0,27,27
PGMT;PIt9,1,2,27,25
PGMT;PItg,1,0,27,27
PGMT;PItn,0,1,28,26
PGMT;PLMCOAPTr,0,2,28,25
PGMT;PMTCOAFABP1tc,0,1,28,26
PGMT;PPA,0,1,28,26
PGMT;PPAer,1,0,27,27
PGMT;PPIPItr,1,0,27,27
PGMT;PPItm,0,1,28,26
PGMT;PROD2m,0,1,28,26
PGMT;PROtm,0,1,28,26
PGMT;PSDm_hs,0,1,28,26
PGMT;PSFLIPm,0,1,28,26
PGMT;PUNP1,0,1,28,26
PGMT;PYK,0,1,28,26
PGMT;PYRAKGte,0,1,28,26
PGMT;PYRt4_2,0,1,28,26
PGMT;R5Ptr,3,4,25,23
PGMT;RBFK,2,4,26,23
PGMT;RDH1,0,1,28,26
PGMT;RDH1a,0,1,28,26
PGMT;RIBFLVt6,2,4,26,23
PGMT;RPE,1,0,27,27
PGMT;RPIr,3,4,25,23
PGMT;RTOT4,0,1,28,26
PGMT;RU5Ptr,3,4,25,23
PGMT;SARCOXp,0,1,28,26
PGMT;SARCStm,0,1,28,26
PGMT;SARCStp,0,1,28,26
PGMT;SUCOAS1m,0,1,28,26
PGMT;THRA,1,1,27,26
PGMT;TKT1,1,0,27,27
PGMT;TKT2,1,0,27,27
PGMT;TPI,0,1,28,26
PGMT;TRPO2,0,1,28,26
PGMT;TXA2tr,1,3,27,24
PGMT;TXB2c,1,3,27,24
PGMT;TXB2r,1,3,27,24
PGMT;TXB2tr,1,3,27,24
PGMT;UAG4E,1,0,27,27
PGMT;UGALNACtg,1,0,27,27
PGMT;peplys_synthesis,0,1,28,26
PHEMEtm;ACITLn,1,0,27,27
PHEMEtm;ADPtn,1,0,27,27
PHEMEtm;ARTFR41,0,1,28,26
PHEMEtm;ARTFR45,1,0,27,27
PHEMEtm;CITtn,1,0,27,27
PHEMEtm;H3K36DMET_3,1,0,27,27
PHEMEtm;H3K36MET_3,1,0,27,27
PHEMEtm;OAAtn,1,0,27,27
PHEMEtm;PIMALtm,1,0,27,27
PHEMEtm;PIt2m_2,1,0,27,27
PHEMEtm;PItg,1,0,27,27
PHEMEtm;PItn,1,0,27,27
PHEMEtm;PLMCOAPTr,0,1,28,26
PHEMEtm;PMANM,1,0,27,27
PHEMEtm;PMTCOAFABP1tc,0,1,28,26
PHEMEtm;PPA,0,1,28,26
PHEMEtm;PROD2m,0,1,28,26
PHEMEtm;PROtm,0,1,28,26
PHEMEtm;PYRAKGte,0,1,28,26
PHEMEtm;PYRt4_2,0,1,28,26
PHEMEtm;RBFK,1,0,27,27
PHEMEtm;RDH1,0,1,28,26
PHEMEtm;RDH1a,0,1,28,26
PHEMEtm;RIBFLVt6,1,0,27,27
PHEMEtm;RTOT4,1,1,27,26
PHEMEtm;SARCOXp,1,0,27,27
PHEMEtm;SARCStm,1,0,27,27
PHEMEtm;SARCStp,1,0,27,27
PHEMEtm;SO3AKGtm,1,0,27,27
PHEMEtm;SO3MALtm,1,0,27,27
PHEMEtm;SUCOAS1m,1,1,27,26
PHEMEtm;TECR201,1,0,27,27
PHEMEtm;TECR221,1,0,27,27
PHEMEtm;TECR241,1,0,27,27
PHEMEtm;THFtm,1,0,27,27
PHEMEtm;THRA,2,1,26,26
PHEMEtm;TRPO2,0,1,28,26
PHEMEtm;UAGDP,1,0,27,27
PHEMEtm;UDPG4E,1,0,27,27
PHEMEtm;UDPGALt2r,1,0,27,27
PHEMEtm;UDPGALtg,1,0,27,27
PHEMEtm;UDPGGPGTr,1,0,27,27
PHEMEtm;UGCGc,1,0,27,27
PHEMEtm;UGLCNACtg,1,0,27,27
PHEMEtm;UMPtr,1,0,27,27
PHEOX;ACITLn,0,1,28,26
PHEOX;ADPtn,0,1,28,26
PHEOX;ARTFR41,0,1,28,26
PHEOX;CITtn,0,1,28,26
PHEOX;OAAtn,0,1,28,26
PHEOX;PItn,0,1,28,26
PHEOX;PLMCOAPTr,0,1,28,26
PHEOX;PMTCOAFABP1tc,0,1,28,26
PHEOX;PROD2m,0,1,28,26
PHEOX;RTOT4,0,1,28,26
PHETA1;ACITLn,0,1,28,26
PHETA1;ADPtn,0,1,28,26
PHETA1;ARTFR41,0,1,28,26
PHETA1;CITtn,0,1,28,26
PHETA1;OAAtn,0,1,28,26
PHETA1;PIt2m_2,3,0,25,27
PHETA1;PItn,0,1,28,26
PHETA1;PLMCOAPTr,0,1,28,26
PHETA1;PMTCOAFABP1tc,0,1,28,26
PHETA1;PROD2m,0,1,28,26
PHETA1;PROGLUtm,0,1,28,26
PHETA1;PROtm,0,1,28,26
PHETA1;PYRt4_2,1,0,27,27
PHETA1;RTOT4,0,1,28,26
PHETA1m;PIt2m_2,3,0,25,27
PHEt4;PHEtec,1,0,27,27
PHEt4m;PIt2m_2,3,0,25,27
PHPYRtm;PIt2m_2,3,0,25,27
PIATPLtm;PROD2,0,1,28,26
PIATPLtm;SUCOAS1m,0,1,28,26
PIK4;PIPLC,6,0,22,27
PIK4n;PIPLC,1,5,27,22
PIMALtm;ACITLn,1,0,27,27
PIMALtm;ADPtn,1,0,27,27
PIMALtm;ARTFR41,0,1,28,26
PIMALtm;ARTFR45,1,0,27,27
PIMALtm;CITtn,1,0,27,27
PIMALtm;H3K36DMET_3,1,0,27,27
PIMALtm;H3K36MET_3,1,0,27,27
PIMALtm;OAAtn,1,0,27,27
PIMALtm;PIt2m_2,3,2,25,25
PIMALtm;PItg,1,0,27,27
PIMALtm;PItn,1,0,27,27
PIMALtm;PLMCOAPTr,0,1,28,26
PIMALtm;PMANM,1,0,27,27
PIMALtm;PMTCOAFABP1tc,0,1,28,26
PIMALtm;PPAm,0,1,28,26
PIMALtm;PPBNGS,1,0,27,27
PIMALtm;PPItm,0,1,28,26
PIMALtm;PPM2,0,1,28,26
PIMALtm;PPPG9tm,1,0,27,27
PIMALtm;PPPGOm,1,0,27,27
PIMALtm;PROAKGOX1m,1,0,27,27
PIMALtm;PROD2m,0,1,28,26
PIMALtm;PROGLUtm,0,2,28,25
PIMALtm;PROtm,0,2,28,25
PIMALtm;PYRt2m,0,1,28,26
PIMALtm;PYRtm,1,0,27,27
PIMALtm;RTOT4,1,1,27,26
PIMALtm;SARCOXp,1,0,27,27
PIMALtm;SARCStm,1,0,27,27
PIMALtm;SARCStp,1,0,27,27
PIMALtm;SUCCICITtm,1,0,27,27
PIMALtm;SUCOAS1m,2,0,26,27
PIMALtm;SUCOASm,0,1,28,26
PIMALtm;TECR201,1,0,27,27
PIMALtm;TECR221,1,0,27,27
PIMALtm;TECR241,1,0,27,27
PIMALtm;THFtm,1,0,27,27
PIMALtm;THRA,1,0,27,27
PIMALtm;TRPO2,0,1,28,26
PIMALtm;TYROX,1,0,27,27
PIMALtm;TYRTA,1,0,27,27
PIMALtm;UAGDP,1,0,27,27
PIMALtm;UDPG4E,1,0,27,27
PIMALtm;UDPGALt2r,1,0,27,27
PIMALtm;UDPGALtg,1,0,27,27
PIMALtm;UDPGD,1,0,27,27
PIMALtm;UDPGGPGTr,1,0,27,27
PIMALtm;UDPGLCAter,1,0,27,27
PIMALtm;UGCGc,1,0,27,27
PIMALtm;UGLCNACtg,1,0,27,27
PIMALtm;UGT1A2r,1,0,27,27
PIMALtm;UMPtr,1,0,27,27
PIMALtm;UPP3S,1,0,27,27
PIMALtm;UPPDC1,1,0,27,27
PIPLC;ADPtn,1,5,27,22
PIPLC;SADT,0,2,28,25
PIPLC;SO4HCOtex,0,1,28,26
PIPLC;SO4t4_3,0,1,28,26
PIPLC;SPODMn,1,3,27,24
PIPLC;THYPX,0,2,28,25
PIPLC;THYST,0,2,28,25
PIt2e;PItg,0,1,28,26
PIt2e;THRA,0,1,28,26
PIt2e;UAGDP,0,1,28,26
PIt2m_2;ACITLn,2,1,26,26
PIt2m_2;ADPtn,2,1,26,26
PIt2m_2;CITtn,2,1,26,26
PIt2m_2;OAAtn,2,1,26,26
PIt2m_2;PItg,0,2,28,25
PIt2m_2;PItn,2,1,26,26
PIt2m_2;PMANM,0,1,28,26
PIt2m_2;PPAm,1,3,27,24
PIt2m_2;PPBNGS,1,0,27,27
PIt2m_2;PPItm,1,2,27,25
PIt2m_2;PPPG9tm,1,0,27,27
PIt2m_2;PPPGOm,1,0,27,27
PIt2m_2;PRO1x,2,0,26,27
PIt2m_2;PROAKGOX1m,1,0,27,27
PIt2m_2;PROGLUtm,4,1,24,26
PIt2m_2;PROSTGE2t,1,0,27,27
PIt2m_2;PROSTGE2t2,1,0,27,27
PIt2m_2;PROtm,4,1,24,26
PIt2m_2;PYRAKGte,0,1,28,26
PIt2m_2;PYRt4_2,2,1,26,26
PIt2m_2;PYRtm,0,1,28,26
PIt2m_2;SO3AKGtm,1,1,27,26
PIt2m_2;SO3MALtm,1,1,27,26
PIt2m_2;SO4AKGtm,2,1,26,26
PIt2m_2;SO4MALtm,2,1,26,26
PIt2m_2;SUCOAS1m,1,1,27,26
PIt2m_2;THFtm,0,1,28,26
PIt2m_2;THRA,0,1,28,26
PIt2m_2;TRPO2,0,1,28,26
PIt2m_2;UAGDP,0,2,28,25
PIt2m_2;UDPG4E,0,1,28,26
PIt2m_2;UDPGALtg,0,1,28,26
PIt2m_2;UDPGD,1,0,27,27
PIt2m_2;UDPGLCAter,1,0,27,27
PIt2m_2;UGCGc,0,1,28,26
PIt2m_2;UGLCNACtg,0,2,28,25
PIt2m_2;UGT1A2r,1,0,27,27
PIt2m_2;UPP3S,1,0,27,27
PIt2m_2;UPPDC1,1,0,27,27
PIt2m_2;q10h2tc,1,0,27,27
PIt2m_2;q10tm,1,0,27,27
PIt2r;SUCOAS1m,0,1,28,26
PIt7;PItg,2,0,26,27
PIt7;PPA,0,1,28,26
PIt7;RBFK,4,2,24,25
PIt7;RIBFLVt6,3,2,25,25
PIt7;RIBFLVte,1,0,27,27
PIt7;THRA,2,2,26,25
PIt7;UAGDP,2,0,26,27
PIt7;UDPG4E,1,0,27,27
PIt7;UDPGALtg,1,0,27,27
PIt7;UGLCNACtg,2,0,26,27
PIt7;UMPK5,1,0,27,27
PIt8;RBFK,2,0,26,27
PIt8;RIBFLVt6,2,0,26,27
PIt8;R_group_phosphotase_1,1,0,27,27
PIt8;THRA,1,0,27,27
PIt8;THRALANaEx,1,0,27,27
PIt9;ARTFR12,0,1,28,26
PIt9;PItg,1,2,27,25
PIt9;PLMCOAPTr,0,1,28,26
PIt9;PMANM,1,1,27,26
PIt9;PMTCOAFABP1tc,0,1,28,26
PIt9;POCDPRBTLT2g,1,0,27,27
PIt9;POCDPRBTLTg,1,0,27,27
PIt9;POGLCNACTg,1,0,27,27
PIt9;POMGNGALNTr,1,0,27,27
PIt9;POMGNTr,1,0,27,27
PIt9;POMKr,1,0,27,27
PIt9;POXYLTg,1,0,27,27
PIt9;R5Ptr,1,0,27,27
PIt9;RBFK,1,1,27,26
PIt9;RBT5PCYTr,1,0,27,27
PIt9;RBT5PDH,1,0,27,27
PIt9;RIBFLVt6,0,1,28,26
PIt9;RIBFLVte,1,0,27,27
PIt9;RPIr,1,0,27,27
PIt9;RU5Ptr,1,0,27,27
PIt9;R_group_phosphotase_1,1,0,27,27
PIt9;Rtotaltl,1,0,27,27
PIt9;SARCOXp,0,1,28,26
PIt9;SARCStm,0,1,28,26
PIt9;SARCStp,0,1,28,26
PIt9;SFGTH,0,1,28,26
PIt9;SGPL12r,1,0,27,27
PIt9;SMPD3l,1,0,27,27
PIt9;SPHINGStl,1,0,27,27
PIt9;SPHK21c,1,0,27,27
PIt9;SPHMYLNtl,1,0,27,27
PIt9;SPHS1Ptr,1,0,27,27
PIt9;UACGAMUMPtr,1,0,27,27
PIt9;UAG4E,1,0,27,27
PIt9;UAGDP,1,2,27,25
PIt9;UDPG4E,1,1,27,26
PIt9;UDPGALt2r,1,1,27,26
PIt9;UDPGALtg,1,1,27,26
PIt9;UDPGCURtr,1,0,27,27
PIt9;UDPGD,2,0,26,27
PIt9;UDPGGPGTr,1,1,27,26
PIt9;UDPGLCAter,1,0,27,27
PIt9;UDPGLCAtg,1,0,27,27
PIt9;UDPGLDCg,1,0,27,27
PIt9;UGALNACter,1,0,27,27
PIt9;UGALNACtg,1,0,27,27
PIt9;UGCGc,1,1,27,26
PIt9;UGLCNACtg,1,2,27,25
PIt9;UMPtr,0,1,28,26
PIt9;UROLACer,1,0,27,27
PIter;ACITLn,0,1,28,26
PIter;ADPtn,0,1,28,26
PIter;ARTFR12,0,1,28,26
PIter;CITtn,0,1,28,26
PIter;H3K9MET_1,0,1,28,26
PIter;H3K9MET_2,0,1,28,26
PIter;H3K9MET_3,0,1,28,26
PIter;H3K9_synthesis,0,1,28,26
PIter;LYStn,0,1,28,26
PIter;OAAtn,0,1,28,26
PIter;PItn,0,1,28,26
PIter;PLMCOAPTr,0,1,28,26
PIter;PPA,0,1,28,26
PIter;PROtm,0,1,28,26
PIter;PYRAKGte,0,1,28,26
PIter;PYRt4_2,0,1,28,26
PIter;R5Ptr,0,3,28,24
PIter;RBFK,0,1,28,26
PIter;RDH1,0,1,28,26
PIter;RDH1a,0,1,28,26
PIter;RIBFLVt6,0,1,28,26
PIter;RPIr,0,3,28,24
PIter;RU5Ptr,0,3,28,24
PIter;SARCOXp,0,1,28,26
PIter;SARCStm,0,1,28,26
PIter;SARCStp,0,1,28,26
PIter;THRA,0,1,28,26
PIter;TRPO2,0,1,28,26
PIter;TXA2tr,0,4,28,23
PIter;TXB2c,0,4,28,23
PIter;TXB2r,0,4,28,23
PIter;TXB2tr,0,4,28,23
PIter;UGT1A10r,1,0,27,27
PIter;peplys_synthesis,0,1,28,26
PItg;ACITLn,0,1,28,26
PItg;ADPtn,0,1,28,26
PItg;CITtn,0,1,28,26
PItg;OAAtn,0,1,28,26
PItg;PItn,0,1,28,26
PItg;PNTK,1,0,27,27
PItg;PNTOte,1,0,27,27
PItg;PPAer,1,0,27,27
PItg;PPBNGS,1,0,27,27
PItg;PPCDC,1,0,27,27
PItg;PPIPItr,1,0,27,27
PItg;PPNCL2,1,0,27,27
PItg;PPPG9tm,1,0,27,27
PItg;PPPGOm,1,0,27,27
PItg;PROAKGOX1m,1,0,27,27
PItg;PROtm,2,0,26,27
PItg;PSDm_hs,0,1,28,26
PItg;PSFLIPm,0,1,28,26
PItg;PTPAT,1,0,27,27
PItg;PUNP1,0,1,28,26
PItg;PYK,0,1,28,26
PItg;R5Ptr,4,4,24,23
PItg;RBFK,4,4,24,23
PItg;RDH1a,0,1,28,26
PItg;RIBFLVt6,4,4,24,23
PItg;RPE,1,0,27,27
PItg;RPIr,4,4,24,23
PItg;RU5Ptr,4,4,24,23
PItg;R_group_phosphotase_1,1,0,27,27
PItg;SO4AKGtm,1,0,27,27
PItg;SO4MALtm,1,0,27,27
PItg;SUCOAS1m,1,1,27,26
PItg;THFtm,0,1,28,26
PItg;TKT1,1,0,27,27
PItg;TKT2,1,0,27,27
PItg;TPI,0,2,28,25
PItg;TXA2tr,0,1,28,26
PItg;TXB2c,0,1,28,26
PItg;TXB2r,0,1,28,26
PItg;TXB2tr,0,1,28,26
PItg;UDPGD,2,0,26,27
PItg;UDPGLCAter,1,0,27,27
PItg;UPP3S,1,0,27,27
PItg;UPPDC1,1,0,27,27
PItn;H3K9MET_1,0,1,28,26
PItn;H3K9MET_2,0,1,28,26
PItn;H3K9MET_3,0,1,28,26
PItn;H3K9_synthesis,0,1,28,26
PItn;LYStn,0,1,28,26
PItn;PMANM,0,1,28,26
PItn;PPBNGS,1,0,27,27
PItn;PPPG9tm,1,0,27,27
PItn;PPPGOm,1,0,27,27
PItn;PROGLUtm,1,0,27,27
PItn;PROtm,1,0,27,27
PItn;PYRtm,1,0,27,27
PItn;SADT,0,1,28,26
PItn;SARCOXp,0,1,28,26
PItn;SARCStm,0,1,28,26
PItn;SARCStp,0,1,28,26
PItn;SERTm,0,1,28,26
PItn;SGALSIDEtg,0,1,28,26
PItn;SGALSIDEtl,0,1,28,26
PItn;SO3AKGtm,1,0,27,27
PItn;SO3MALtm,1,0,27,27
PItn;SO4HCOtex,0,1,28,26
PItn;SO4tl,0,1,28,26
PItn;SSALym,1,0,27,27
PItn;ST3GAL31g,0,1,28,26
PItn;SUCCICITtm,1,0,27,27
PItn;SUCOAS1m,1,0,27,27
PItn;Ser/Thrtg,0,1,28,26
PItn;THFtm,2,0,26,27
PItn;THRA,3,4,25,23
PItn;THYPX,0,1,28,26
PItn;THYST,0,1,28,26
PItn;UAGDP,0,1,28,26
PItn;UDPACGALtl,0,1,28,26
PItn;UDPG4E,0,1,28,26
PItn;UDPGALt2r,0,1,28,26
PItn;UDPGALtg,0,1,28,26
PItn;UDPGGPGTr,0,1,28,26
PItn;UDPGLCAter,1,0,27,27
PItn;UDPtl,0,1,28,26
PItn;UGALNACtg,0,1,28,26
PItn;UGCGc,0,1,28,26
PItn;UGLCNACtg,0,1,28,26
PItn;UMPtr,0,1,28,26
PItn;UPP3S,1,0,27,27
PItn;UPPDC1,1,0,27,27
PItn;peplys_synthesis,0,1,28,26
PLA2;THYMtm,1,0,27,27
PLA2;UMPK,0,1,28,26
PLA2_2e;RETHc,0,1,28,26
PLMCOAPTr;PPBNGS,0,1,28,26
PLMCOAPTr;PPPG9tm,0,1,28,26
PLMCOAPTr;PPPGOm,0,1,28,26
PLMCOAPTr;PROAKGOX1m,0,1,28,26
PLMCOAPTr;PROtm,0,1,28,26
PLMCOAPTr;R5Ptr,0,1,28,26
PLMCOAPTr;RADH3,0,1,28,26
PLMCOAPTr;RADH4,0,1,28,26
PLMCOAPTr;RPIr,0,1,28,26
PLMCOAPTr;RU5Ptr,0,1,28,26
PLMCOAPTr;SO3AKGtm,0,1,28,26
PLMCOAPTr;SO3MALtm,0,1,28,26
PLMCOAPTr;SUCOAS1m,0,1,28,26
PLMCOAPTr;THFtm,0,3,28,24
PLMCOAPTr;THRA,0,1,28,26
PLMCOAPTr;TXA2tr,0,2,28,25
PLMCOAPTr;TXB2c,0,2,28,25
PLMCOAPTr;TXB2r,0,2,28,25
PLMCOAPTr;TXB2tr,0,2,28,25
PLMCOAPTr;UDPGCURtr,0,1,28,26
PLMCOAPTr;UDPGD,0,1,28,26
PLMCOAPTr;UGT1A2r,0,1,28,26
PLMCOAPTr;UMPtr,0,1,28,26
PLMCOAPTr;UPP3S,0,1,28,26
PLMCOAPTr;UPPDC1,0,1,28,26
PMANM;ACITLn,0,1,28,26
PMANM;ADPtn,0,1,28,26
PMANM;CITtn,0,1,28,26
PMANM;OAAtn,0,1,28,26
PMANM;PPAer,1,0,27,27
PMANM;PPBNGS,1,0,27,27
PMANM;PPIPItr,1,0,27,27
PMANM;PPPG9tm,1,0,27,27
PMANM;PPPGOm,1,0,27,27
PMANM;PROAKGOX1m,1,0,27,27
PMANM;PROtm,2,0,26,27
PMANM;PUNP1,0,1,28,26
PMANM;PYK,0,1,28,26
PMANM;R5Ptr,5,5,23,22
PMANM;RBFK,0,2,28,25
PMANM;RDH1a,0,1,28,26
PMANM;RIBFLVt6,0,2,28,25
PMANM;RPIr,5,5,23,22
PMANM;RU5Ptr,5,5,23,22
PMANM;SO4AKGtm,1,0,27,27
PMANM;SO4HCOtex,2,0,26,27
PMANM;SO4MALtm,1,0,27,27
PMANM;SUCOAS1m,1,1,27,26
PMANM;THFtm,0,1,28,26
PMANM;THRALANaEx,1,0,27,27
PMANM;TXA2tr,0,2,28,25
PMANM;TXB2c,0,2,28,25
PMANM;TXB2r,0,2,28,25
PMANM;TXB2tr,0,2,28,25
PMANM;UAG4E,4,1,24,26
PMANM;UDPG4E,1,0,27,27
PMANM;UDPGALtg,1,0,27,27
PMANM;UDPGD,1,0,27,27
PMANM;UDPGLCAter,1,0,27,27
PMANM;UGALNACtg,3,1,25,26
PMANM;UMPK5,1,0,27,27
PMANM;UPP3S,1,0,27,27
PMANM;UPPDC1,1,0,27,27
PMTCOAFABP1tc;PNTK,1,4,27,23
PMTCOAFABP1tc;PNTOt1,0,3,28,24
PMTCOAFABP1tc;PNTOte,1,1,27,26
PMTCOAFABP1tc;PPBNGS,0,1,28,26
PMTCOAFABP1tc;PPCDC,1,4,27,23
PMTCOAFABP1tc;PPNCL2,1,4,27,23
PMTCOAFABP1tc;PPPG9tm,0,1,28,26
PMTCOAFABP1tc;PPPGOm,0,1,28,26
PMTCOAFABP1tc;PRGNLONEtm,0,1,28,26
PMTCOAFABP1tc;PRGSTRNt,0,1,28,26
PMTCOAFABP1tc;PROAKGOX1m,0,1,28,26
PMTCOAFABP1tc;PROtm,0,1,28,26
PMTCOAFABP1tc;PTPAT,1,4,27,23
PMTCOAFABP1tc;R5Ptr,0,1,28,26
PMTCOAFABP1tc;RADH3,0,1,28,26
PMTCOAFABP1tc;RADH4,0,1,28,26
PMTCOAFABP1tc;RPIr,0,1,28,26
PMTCOAFABP1tc;RU5Ptr,0,1,28,26
PMTCOAFABP1tc;SO3AKGtm,0,1,28,26
PMTCOAFABP1tc;SO3MALtm,0,1,28,26
PMTCOAFABP1tc;SUCOAS1m,0,1,28,26
PMTCOAFABP1tc;THFtm,0,4,28,23
PMTCOAFABP1tc;TXA2tr,0,1,28,26
PMTCOAFABP1tc;TXB2c,0,1,28,26
PMTCOAFABP1tc;TXB2r,0,1,28,26
PMTCOAFABP1tc;TXB2tr,0,1,28,26
PMTCOAFABP1tc;UDPGCURtr,0,1,28,26
PMTCOAFABP1tc;UDPGD,0,1,28,26
PMTCOAFABP1tc;UGT1A2r,0,1,28,26
PMTCOAFABP1tc;UMPtr,0,1,28,26
PMTCOAFABP1tc;UPP3S,0,1,28,26
PMTCOAFABP1tc;UPPDC1,0,1,28,26
PNTK;ARTFR42,1,0,27,27
PNTK;ARTFR52,0,1,28,26
PNTK;PRDXl,1,0,27,27
PNTK;RTOT4,1,0,27,27
PNTK;RTOT5,0,1,28,26
PNTK;R_group_phosphotase_1,2,0,26,27
PNTK;Rtotaltl,2,0,26,27
PNTK;SBPP1,1,0,27,27
PNTK;SGPL11,1,0,27,27
PNTK;SGPL12r,1,0,27,27
PNTK;SMPD3l,2,0,26,27
PNTK;SPHINGStl,2,0,26,27
PNTK;SPHK21c,2,0,26,27
PNTK;SPHMYLNtl,2,0,26,27
PNTK;SPHS1Ptr,1,0,27,27
PNTK;SPPL,1,0,27,27
PNTK;TECR180,1,1,27,26
PNTK;TECR200,0,1,28,26
PNTK;TECR220,0,1,28,26
PNTK;TECR240,0,1,28,26
PNTK;TECR260,0,1,28,26
PNTK;THBPT4ACAMDASE,2,0,26,27
PNTK;TYR3MO2,2,0,26,27
PNTK;UAGDP,2,0,26,27
PNTK;UGLCNACtg,1,0,27,27
PNTK;UROLACer,2,0,26,27
PNTOt1;ARTFR52,0,1,28,26
PNTOt1;RTOT5,0,1,28,26
PNTOt1;TECR180,0,1,28,26
PNTOt1;TECR200,0,1,28,26
PNTOt1;TECR220,0,1,28,26
PNTOt1;TECR240,0,1,28,26
PNTOt1;TECR260,0,1,28,26
PNTOte;ARTFR42,1,0,27,27
PNTOte;PRDXl,1,0,27,27
PNTOte;RTOT4,1,0,27,27
PNTOte;R_group_phosphotase_1,2,0,26,27
PNTOte;Rtotaltl,2,0,26,27
PNTOte;SBPP1,1,0,27,27
PNTOte;SGPL11,1,0,27,27
PNTOte;SGPL12r,1,0,27,27
PNTOte;SMPD3l,2,0,26,27
PNTOte;SPHINGStl,2,0,26,27
PNTOte;SPHK21c,2,0,26,27
PNTOte;SPHMYLNtl,2,0,26,27
PNTOte;SPHS1Ptr,1,0,27,27
PNTOte;SPPL,1,0,27,27
PNTOte;TECR180,1,0,27,27
PNTOte;THBPT4ACAMDASE,2,0,26,27
PNTOte;TYR3MO2,2,0,26,27
PNTOte;UAGDP,2,0,26,27
PNTOte;UGLCNACtg,1,0,27,27
PNTOte;UROLACer,2,0,26,27
POCDPRBTLT2g;PPAer,1,0,27,27
POCDPRBTLT2g;PPIPItr,1,0,27,27
POCDPRBTLT2g;PUNP1,0,1,28,26
POCDPRBTLT2g;R5Ptr,5,9,23,18
POCDPRBTLT2g;RBFK,0,1,28,26
POCDPRBTLT2g;RIBFLVt6,0,1,28,26
POCDPRBTLT2g;RPIr,5,9,23,18
POCDPRBTLT2g;RU5Ptr,5,9,23,18
POCDPRBTLT2g;UDPG4E,1,1,27,26
POCDPRBTLT2g;UDPGALtg,1,1,27,26
POCDPRBTLT2g;UGALNACtg,0,1,28,26
POCDPRBTLT2g;UMPK5,0,1,28,26
POCDPRBTLTg;PPAer,1,0,27,27
POCDPRBTLTg;PPIPItr,1,0,27,27
POCDPRBTLTg;PUNP1,0,1,28,26
POCDPRBTLTg;R5Ptr,5,9,23,18
POCDPRBTLTg;RBFK,0,1,28,26
POCDPRBTLTg;RIBFLVt6,0,1,28,26
POCDPRBTLTg;RPIr,5,9,23,18
POCDPRBTLTg;RU5Ptr,5,9,23,18
POCDPRBTLTg;UDPG4E,1,1,27,26
POCDPRBTLTg;UDPGALtg,1,1,27,26
POCDPRBTLTg;UGALNACtg,0,1,28,26
POCDPRBTLTg;UMPK5,0,1,28,26
POGLCNACTg;PPAer,1,0,27,27
POGLCNACTg;PPIPItr,1,0,27,27
POGLCNACTg;PUNP1,0,1,28,26
POGLCNACTg;R5Ptr,5,9,23,18
POGLCNACTg;RBFK,0,1,28,26
POGLCNACTg;RIBFLVt6,0,1,28,26
POGLCNACTg;RPIr,5,9,23,18
POGLCNACTg;RU5Ptr,5,9,23,18
POGLCNACTg;UDPG4E,1,1,27,26
POGLCNACTg;UDPGALtg,1,1,27,26
POGLCNACTg;UGALNACtg,0,1,28,26
POGLCNACTg;UMPK5,0,1,28,26
POMGNGALNTr;PPAer,1,0,27,27
POMGNGALNTr;PPIPItr,1,0,27,27
POMGNGALNTr;PUNP1,0,1,28,26
POMGNGALNTr;R5Ptr,5,9,23,18
POMGNGALNTr;RBFK,0,1,28,26
POMGNGALNTr;RIBFLVt6,0,1,28,26
POMGNGALNTr;RPIr,5,9,23,18
POMGNGALNTr;RU5Ptr,5,9,23,18
POMGNGALNTr;UDPG4E,1,1,27,26
POMGNGALNTr;UDPGALtg,1,1,27,26
POMGNGALNTr;UGALNACtg,0,1,28,26
POMGNGALNTr;UMPK5,0,1,28,26
POMGNTr;PPAer,1,0,27,27
POMGNTr;PPIPItr,1,0,27,27
POMGNTr;PUNP1,0,1,28,26
POMGNTr;R5Ptr,5,9,23,18
POMGNTr;RBFK,0,1,28,26
POMGNTr;RIBFLVt6,0,1,28,26
POMGNTr;RPIr,5,9,23,18
POMGNTr;RU5Ptr,5,9,23,18
POMGNTr;UDPG4E,1,1,27,26
POMGNTr;UDPGALtg,1,1,27,26
POMGNTr;UGALNACtg,0,1,28,26
POMGNTr;UMPK5,0,1,28,26
POMKr;PPAer,1,0,27,27
POMKr;PPIPItr,1,0,27,27
POMKr;PUNP1,0,1,28,26
POMKr;R5Ptr,5,9,23,18
POMKr;RBFK,0,1,28,26
POMKr;RIBFLVt6,0,1,28,26
POMKr;RPIr,5,9,23,18
POMKr;RU5Ptr,5,9,23,18
POMKr;UDPG4E,1,1,27,26
POMKr;UDPGALtg,1,1,27,26
POMKr;UGALNACtg,0,1,28,26
POMKr;UMPK5,0,1,28,26
POXYLTg;PPAer,1,0,27,27
POXYLTg;PPIPItr,1,0,27,27
POXYLTg;PUNP1,0,1,28,26
POXYLTg;R5Ptr,5,9,23,18
POXYLTg;RBFK,0,1,28,26
POXYLTg;RIBFLVt6,0,1,28,26
POXYLTg;RPIr,5,9,23,18
POXYLTg;RU5Ptr,5,9,23,18
POXYLTg;UDPG4E,1,1,27,26
POXYLTg;UDPGALtg,1,1,27,26
POXYLTg;UGALNACtg,0,1,28,26
POXYLTg;UMPK5,0,1,28,26
PPA;PPAer,1,0,27,27
PPA;PPAm,1,3,27,24
PPA;PPBNGS,0,1,28,26
PPA;PPIPItr,1,0,27,27
PPA;PPItm,1,4,27,23
PPA;PPPG9tm,0,1,28,26
PPA;PPPGOm,0,1,28,26
PPA;RBFK,0,1,28,26
PPA;RIBFLVt6,0,1,28,26
PPA;TPI,0,1,28,26
PPA;TXA2tr,0,1,28,26
PPA;TXB2c,0,1,28,26
PPA;TXB2r,0,1,28,26
PPA;TXB2tr,0,1,28,26
PPA;UDPGCURtr,0,1,28,26
PPA;UDPGD,0,1,28,26
PPA;UGT1A2r,0,1,28,26
PPA;UMPtr,0,1,28,26
PPA;UPP3S,0,1,28,26
PPA;UPPDC1,0,1,28,26
PPA;q10h2tc,1,2,27,25
PPA;q10tm,1,2,27,25
PPAer;PPIPItr,4,1,24,26
PPAer;R5Ptr,1,0,27,27
PPAer;RBT5PCYTr,1,0,27,27
PPAer;RBT5PDH,1,0,27,27
PPAer;RPIr,1,0,27,27
PPAer;RU5Ptr,1,0,27,27
PPAer;UACGAMUMPtr,1,0,27,27
PPAer;UAG4E,1,0,27,27
PPAer;UAGDP,1,0,27,27
PPAer;UDPDOLPT,1,0,27,27
PPAer;UDPGD,1,0,27,27
PPAer;UDPGLCAtg,1,0,27,27
PPAer;UDPGLDCg,1,0,27,27
PPAer;UGALNACter,1,0,27,27
PPAer;UGLCNACtg,1,0,27,27
PPAm;PPItm,0,3,28,24
PPAm;PRO1x,0,1,28,26
PPAm;PROGLUtm,0,1,28,26
PPAm;SO4AKGtm,0,1,28,26
PPAm;SO4MALtm,0,1,28,26
PPAm;THFtm,0,1,28,26
PPBNGS;ACITLn,1,0,27,27
PPBNGS;ADPtn,1,0,27,27
PPBNGS;ARTFR41,0,1,28,26
PPBNGS;ARTFR45,1,0,27,27
PPBNGS;CITtn,1,0,27,27
PPBNGS;H3K36DMET_3,1,0,27,27
PPBNGS;H3K36MET_3,1,0,27,27
PPBNGS;OAAtn,1,0,27,27
PPBNGS;PROD2m,0,1,28,26
PPBNGS;PROtm,0,1,28,26
PPBNGS;PYRAKGte,0,1,28,26
PPBNGS;PYRt4_2,0,1,28,26
PPBNGS;RBFK,1,0,27,27
PPBNGS;RDH1,0,1,28,26
PPBNGS;RDH1a,0,1,28,26
PPBNGS;RIBFLVt6,1,0,27,27
PPBNGS;RTOT4,1,1,27,26
PPBNGS;SARCOXp,1,0,27,27
PPBNGS;SARCStm,1,0,27,27
PPBNGS;SARCStp,1,0,27,27
PPBNGS;SO3AKGtm,1,0,27,27
PPBNGS;SO3MALtm,1,0,27,27
PPBNGS;SUCOAS1m,1,1,27,26
PPBNGS;TECR201,1,0,27,27
PPBNGS;TECR221,1,0,27,27
PPBNGS;TECR241,1,0,27,27
PPBNGS;THFtm,1,0,27,27
PPBNGS;THRA,2,1,26,26
PPBNGS;TRPO2,0,1,28,26
PPBNGS;UAGDP,1,0,27,27
PPBNGS;UDPG4E,1,0,27,27
PPBNGS;UDPGALt2r,1,0,27,27
PPBNGS;UDPGALtg,1,0,27,27
PPBNGS;UDPGGPGTr,1,0,27,27
PPBNGS;UGCGc,1,0,27,27
PPBNGS;UGLCNACtg,1,0,27,27
PPBNGS;UMPtr,1,0,27,27
PPCDC;ARTFR42,1,0,27,27
PPCDC;ARTFR52,0,1,28,26
PPCDC;PRDXl,1,0,27,27
PPCDC;RTOT4,1,0,27,27
PPCDC;RTOT5,0,1,28,26
PPCDC;R_group_phosphotase_1,2,0,26,27
PPCDC;Rtotaltl,2,0,26,27
PPCDC;SBPP1,1,0,27,27
PPCDC;SGPL11,1,0,27,27
PPCDC;SGPL12r,1,0,27,27
PPCDC;SMPD3l,2,0,26,27
PPCDC;SPHINGStl,2,0,26,27
PPCDC;SPHK21c,2,0,26,27
PPCDC;SPHMYLNtl,2,0,26,27
PPCDC;SPHS1Ptr,1,0,27,27
PPCDC;SPPL,1,0,27,27
PPCDC;TECR180,1,1,27,26
PPCDC;TECR200,0,1,28,26
PPCDC;TECR220,0,1,28,26
PPCDC;TECR240,0,1,28,26
PPCDC;TECR260,0,1,28,26
PPCDC;THBPT4ACAMDASE,2,0,26,27
PPCDC;TYR3MO2,2,0,26,27
PPCDC;UAGDP,2,0,26,27
PPCDC;UGLCNACtg,1,0,27,27
PPCDC;UROLACer,2,0,26,27
PPCOACRNtm;PPCOAtm,1,0,27,27
PPIPItr;R5Ptr,1,0,27,27
PPIPItr;RBT5PCYTr,1,0,27,27
PPIPItr;RBT5PDH,1,0,27,27
PPIPItr;RPIr,1,0,27,27
PPIPItr;RU5Ptr,1,0,27,27
PPIPItr;UACGAMUMPtr,1,0,27,27
PPIPItr;UAG4E,1,0,27,27
PPIPItr;UAGDP,1,0,27,27
PPIPItr;UDPDOLPT,1,0,27,27
PPIPItr;UDPGD,1,0,27,27
PPIPItr;UDPGLCAtg,1,0,27,27
PPIPItr;UDPGLDCg,1,0,27,27
PPIPItr;UGALNACter,1,0,27,27
PPIPItr;UGLCNACtg,1,0,27,27
PPItm;PRO1x,0,1,28,26
PPItm;PROGLUtm,0,1,28,26
PPItm;SO4AKGtm,0,1,28,26
PPItm;SO4MALtm,0,1,28,26
PPItm;THFtm,0,1,28,26
PPItm;q10h2tc,0,1,28,26
PPItm;q10tm,0,1,28,26
PPM2;SADT,0,1,28,26
PPM2;SO3AKGtm,0,1,28,26
PPM2;SO3MALtm,0,1,28,26
PPM2;SO4CLtex,0,1,28,26
PPM2;ST3GAL61g,0,1,28,26
PPM2;SUCOAS1m,0,1,28,26
PPM2;THRA,2,2,26,25
PPM2;THYPX,0,1,28,26
PPM2;THYST,0,1,28,26
PPM2;UAG2EMAi,0,1,28,26
PPM2;UNK3,0,1,28,26
PPM;THRA,0,1,28,26
PPNCL2;ARTFR42,1,0,27,27
PPNCL2;ARTFR52,0,1,28,26
PPNCL2;PRDXl,1,0,27,27
PPNCL2;RTOT4,1,0,27,27
PPNCL2;RTOT5,0,1,28,26
PPNCL2;R_group_phosphotase_1,2,0,26,27
PPNCL2;Rtotaltl,2,0,26,27
PPNCL2;SBPP1,1,0,27,27
PPNCL2;SGPL11,1,0,27,27
PPNCL2;SGPL12r,1,0,27,27
PPNCL2;SMPD3l,2,0,26,27
PPNCL2;SPHINGStl,2,0,26,27
PPNCL2;SPHK21c,2,0,26,27
PPNCL2;SPHMYLNtl,2,0,26,27
PPNCL2;SPHS1Ptr,1,0,27,27
PPNCL2;SPPL,1,0,27,27
PPNCL2;TECR180,1,1,27,26
PPNCL2;TECR200,0,1,28,26
PPNCL2;TECR220,0,1,28,26
PPNCL2;TECR240,0,1,28,26
PPNCL2;TECR260,0,1,28,26
PPNCL2;THBPT4ACAMDASE,2,0,26,27
PPNCL2;TYR3MO2,2,0,26,27
PPNCL2;UAGDP,2,0,26,27
PPNCL2;UGLCNACtg,1,0,27,27
PPNCL2;UROLACer,2,0,26,27
PPOR;PROGLUtm,0,1,28,26
PPOR;PROtm,0,1,28,26
PPOR;PYRt4_2,1,0,27,27
PPPG9tm;ACITLn,1,0,27,27
PPPG9tm;ADPtn,1,0,27,27
PPPG9tm;ARTFR41,0,1,28,26
PPPG9tm;ARTFR45,1,0,27,27
PPPG9tm;CITtn,1,0,27,27
PPPG9tm;H3K36DMET_3,1,0,27,27
PPPG9tm;H3K36MET_3,1,0,27,27
PPPG9tm;OAAtn,1,0,27,27
PPPG9tm;PROD2m,0,1,28,26
PPPG9tm;PROtm,0,1,28,26
PPPG9tm;PYRAKGte,0,1,28,26
PPPG9tm;PYRt4_2,0,1,28,26
PPPG9tm;RBFK,1,0,27,27
PPPG9tm;RDH1,0,1,28,26
PPPG9tm;RDH1a,0,1,28,26
PPPG9tm;RIBFLVt6,1,0,27,27
PPPG9tm;RTOT4,1,1,27,26
PPPG9tm;SARCOXp,1,0,27,27
PPPG9tm;SARCStm,1,0,27,27
PPPG9tm;SARCStp,1,0,27,27
PPPG9tm;SO3AKGtm,1,0,27,27
PPPG9tm;SO3MALtm,1,0,27,27
PPPG9tm;SUCOAS1m,1,1,27,26
PPPG9tm;TECR201,1,0,27,27
PPPG9tm;TECR221,1,0,27,27
PPPG9tm;TECR241,1,0,27,27
PPPG9tm;THFtm,1,0,27,27
PPPG9tm;THRA,2,1,26,26
PPPG9tm;TRPO2,0,1,28,26
PPPG9tm;UAGDP,1,0,27,27
PPPG9tm;UDPG4E,1,0,27,27
PPPG9tm;UDPGALt2r,1,0,27,27
PPPG9tm;UDPGALtg,1,0,27,27
PPPG9tm;UDPGGPGTr,1,0,27,27
PPPG9tm;UGCGc,1,0,27,27
PPPG9tm;UGLCNACtg,1,0,27,27
PPPG9tm;UMPtr,1,0,27,27
PPPGOm;ACITLn,1,0,27,27
PPPGOm;ADPtn,1,0,27,27
PPPGOm;ARTFR41,0,1,28,26
PPPGOm;ARTFR45,1,0,27,27
PPPGOm;CITtn,1,0,27,27
PPPGOm;H3K36DMET_3,1,0,27,27
PPPGOm;H3K36MET_3,1,0,27,27
PPPGOm;OAAtn,1,0,27,27
PPPGOm;PROD2m,0,1,28,26
PPPGOm;PROtm,0,1,28,26
PPPGOm;PYRAKGte,0,1,28,26
PPPGOm;PYRt4_2,0,1,28,26
PPPGOm;RBFK,1,0,27,27
PPPGOm;RDH1,0,1,28,26
PPPGOm;RDH1a,0,1,28,26
PPPGOm;RIBFLVt6,1,0,27,27
PPPGOm;RTOT4,1,1,27,26
PPPGOm;SARCOXp,1,0,27,27
PPPGOm;SARCStm,1,0,27,27
PPPGOm;SARCStp,1,0,27,27
PPPGOm;SO3AKGtm,1,0,27,27
PPPGOm;SO3MALtm,1,0,27,27
PPPGOm;SUCOAS1m,1,1,27,26
PPPGOm;TECR201,1,0,27,27
PPPGOm;TECR221,1,0,27,27
PPPGOm;TECR241,1,0,27,27
PPPGOm;THFtm,1,0,27,27
PPPGOm;THRA,2,1,26,26
PPPGOm;TRPO2,0,1,28,26
PPPGOm;UAGDP,1,0,27,27
PPPGOm;UDPG4E,1,0,27,27
PPPGOm;UDPGALt2r,1,0,27,27
PPPGOm;UDPGALtg,1,0,27,27
PPPGOm;UDPGGPGTr,1,0,27,27
PPPGOm;UGCGc,1,0,27,27
PPPGOm;UGLCNACtg,1,0,27,27
PPPGOm;UMPtr,1,0,27,27
PRDXl;PTPAT,1,0,27,27
PRGNLONEtm;PUNP1,0,1,28,26
PRGNLONEtm;SARCOXp,0,1,28,26
PRGNLONEtm;SARCStm,0,1,28,26
PRGNLONEtm;SARCStp,0,1,28,26
PRGSTRNt;PUNP1,0,1,28,26
PRGSTRNt;SARCOXp,0,1,28,26
PRGSTRNt;SARCStm,0,1,28,26
PRGSTRNt;SARCStp,0,1,28,26
PRISTANALtx;THYMtm,1,0,27,27
PRISTtx;THYMtm,1,0,27,27
PRO1x;PROD2,1,1,27,26
PRO1x;PROtm,0,1,28,26
PRO1x;PYRtm,0,1,28,26
PROAKGOX1m;ARTFR41,0,1,28,26
PROAKGOX1m;ARTFR45,1,0,27,27
PROAKGOX1m;H3K36DMET_3,1,0,27,27
PROAKGOX1m;H3K36MET_3,1,0,27,27
PROAKGOX1m;PROD2m,0,1,28,26
PROAKGOX1m;PROtm,0,1,28,26
PROAKGOX1m;RTOT4,1,1,27,26
PROAKGOX1m;SARCOXp,1,0,27,27
PROAKGOX1m;SARCStm,1,0,27,27
PROAKGOX1m;SARCStp,1,0,27,27
PROAKGOX1m;SO3AKGtm,1,0,27,27
PROAKGOX1m;SO3MALtm,1,0,27,27
PROAKGOX1m;SUCOAS1m,1,0,27,27
PROAKGOX1m;TECR201,1,0,27,27
PROAKGOX1m;TECR221,1,0,27,27
PROAKGOX1m;TECR241,1,0,27,27
PROAKGOX1m;THFtm,1,0,27,27
PROAKGOX1m;THRA,1,0,27,27
PROAKGOX1m;UAGDP,1,0,27,27
PROAKGOX1m;UDPG4E,1,0,27,27
PROAKGOX1m;UDPGALt2r,1,0,27,27
PROAKGOX1m;UDPGALtg,1,0,27,27
PROAKGOX1m;UDPGGPGTr,1,0,27,27
PROAKGOX1m;UGCGc,1,0,27,27
PROAKGOX1m;UGLCNACtg,1,0,27,27
PROAKGOX1m;UMPtr,1,0,27,27
PROD2m;PROtm,0,1,28,26
PROD2m;SO3AKGtm,0,1,28,26
PROD2m;SO3MALtm,0,1,28,26
PROD2m;SUCOAS1m,0,1,28,26
PROD2m;THFtm,1,1,27,26
PROD2m;UDPGCURtr,0,1,28,26
PROD2m;UDPGD,0,1,28,26
PROD2m;UGT1A2r,0,1,28,26
PROD2m;UMPtr,0,1,28,26
PROD2m;UPP3S,0,1,28,26
PROD2m;UPPDC1,0,1,28,26
PROGLUtm;ACITLn,1,1,27,26
PROGLUtm;ADPtn,1,1,27,26
PROGLUtm;CITtn,1,1,27,26
PROGLUtm;OAAtn,1,1,27,26
PROGLUtm;PROSTGE2t,1,0,27,27
PROGLUtm;PROSTGE2t2,1,0,27,27
PROGLUtm;PROtm,2,0,26,27
PROGLUtm;PVD3,1,0,27,27
PROGLUtm;PYK6,1,0,27,27
PROGLUtm;SO3AKGtm,0,1,28,26
PROGLUtm;SO3MALtm,0,1,28,26
PROGLUtm;SO4AKGtm,0,1,28,26
PROGLUtm;SO4MALtm,0,1,28,26
PROGLUtm;SUCOAS1m,1,0,27,27
PROGLUtm;THFtm,2,0,26,27
PROGLUtm;TYROX,1,0,27,27
PROGLUtm;TYRTA,1,0,27,27
PROGLUtm;VD3,1,0,27,27
PROGLUtm;VITD3Hm,1,0,27,27
PROGLUtm;VITD3tm,1,0,27,27
PROGLUtm;q10h2tc,0,1,28,26
PROGLUtm;q10tm,0,1,28,26
PROSTGE2t2;PROtm,1,0,27,27
PROSTGE2t2;SADT,1,0,27,27
PROSTGE2t2;SGALSIDEtg,1,0,27,27
PROSTGE2t2;SGALSIDEtl,1,0,27,27
PROSTGE2t2;SO4tl,1,0,27,27
PROSTGE2t2;THFtm,1,0,27,27
PROSTGE2t2;UDPDOLPT,1,0,27,27
PROSTGE2t2;UDPGD,1,0,27,27
PROSTGE2t2;UROLACer,1,0,27,27
PROSTGE2t;PROtm,1,0,27,27
PROSTGE2t;SADT,1,0,27,27
PROSTGE2t;SGALSIDEtg,1,0,27,27
PROSTGE2t;SGALSIDEtl,1,0,27,27
PROSTGE2t;SO4tl,1,0,27,27
PROSTGE2t;THFtm,1,0,27,27
PROSTGE2t;UDPDOLPT,1,0,27,27
PROSTGE2t;UDPGD,1,0,27,27
PROSTGE2t;UROLACer,1,0,27,27
PROt2r;PROt4,1,3,27,24
PROt4;PROt4_2_r,1,2,27,25
PROtm;ACITLn,1,0,27,27
PROtm;ADPtn,1,0,27,27
PROtm;ARTFR41,0,1,28,26
PROtm;ARTFR42,1,0,27,27
PROtm;ARTFR45,1,0,27,27
PROtm;CITtn,1,0,27,27
PROtm;OAAtn,1,0,27,27
PROtm;PVD3,1,0,27,27
PROtm;PYK6,1,0,27,27
PROtm;RTOT4,2,1,26,26
PROtm;SARCOXp,2,0,26,27
PROtm;SARCStm,2,0,26,27
PROtm;SARCStp,2,0,26,27
PROtm;SO3AKGtm,0,1,28,26
PROtm;SO3MALtm,0,1,28,26
PROtm;SO4AKGtm,0,1,28,26
PROtm;SO4MALtm,0,1,28,26
PROtm;SUCOAS1m,1,1,27,26
PROtm;TECR201,1,0,27,27
PROtm;TECR221,1,0,27,27
PROtm;TECR241,1,0,27,27
PROtm;THFtm,3,0,25,27
PROtm;THRA,1,0,27,27
PROtm;TYROX,1,0,27,27
PROtm;TYRTA,1,0,27,27
PROtm;UAGDP,2,0,26,27
PROtm;UDPG4E,2,0,26,27
PROtm;UDPGALt2r,2,0,26,27
PROtm;UDPGALtg,2,0,26,27
PROtm;UDPGCURtr,0,1,28,26
PROtm;UDPGD,0,1,28,26
PROtm;UDPGGPGTr,2,0,26,27
PROtm;UGCGc,2,0,26,27
PROtm;UGLCNACtg,2,0,26,27
PROtm;UGT1A2r,0,1,28,26
PROtm;UMPtr,2,1,26,26
PROtm;UPP3S,0,1,28,26
PROtm;UPPDC1,0,1,28,26
PROtm;VD3,1,0,27,27
PROtm;VITD3Hm,1,0,27,27
PROtm;VITD3tm,1,0,27,27
PROtm;q10h2tc,0,1,28,26
PROtm;q10tm,0,1,28,26
PSDm_hs;H3K4DMET_1,0,1,28,26
PSDm_hs;H3K4DMET_2,1,0,27,27
PSDm_hs;H3K4MET_1,0,1,28,26
PSDm_hs;H3K4MET_2,1,0,27,27
PSDm_hs;H3K9DMET_3,1,0,27,27
PSDm_hs;H3K9MET_3,1,0,27,27
PSDm_hs;PSSA2_hs,1,1,27,26
PSDm_hs;UAGDP,0,1,28,26
PSDm_hs;UGLCNACtg,0,1,28,26
PSERT;SERt4,0,1,28,26
PSFLIPm;H3K4DMET_1,0,1,28,26
PSFLIPm;H3K4DMET_2,1,0,27,27
PSFLIPm;H3K4MET_1,0,1,28,26
PSFLIPm;H3K4MET_2,1,0,27,27
PSFLIPm;H3K9DMET_3,1,0,27,27
PSFLIPm;H3K9MET_3,1,0,27,27
PSFLIPm;PSSA2_hs,1,1,27,26
PSFLIPm;UAGDP,0,1,28,26
PSFLIPm;UGLCNACtg,0,1,28,26
PSP_L;SERt4,0,1,28,26
PTPAT;ARTFR42,1,0,27,27
PTPAT;ARTFR52,0,1,28,26
PTPAT;RTOT4,1,0,27,27
PTPAT;RTOT5,0,1,28,26
PTPAT;R_group_phosphotase_1,2,0,26,27
PTPAT;Rtotaltl,2,0,26,27
PTPAT;SBPP1,1,0,27,27
PTPAT;SGPL11,1,0,27,27
PTPAT;SGPL12r,1,0,27,27
PTPAT;SMPD3l,2,0,26,27
PTPAT;SPHINGStl,2,0,26,27
PTPAT;SPHK21c,2,0,26,27
PTPAT;SPHMYLNtl,2,0,26,27
PTPAT;SPHS1Ptr,1,0,27,27
PTPAT;SPPL,1,0,27,27
PTPAT;TECR180,1,1,27,26
PTPAT;TECR200,0,1,28,26
PTPAT;TECR220,0,1,28,26
PTPAT;TECR240,0,1,28,26
PTPAT;TECR260,0,1,28,26
PTPAT;THBPT4ACAMDASE,2,0,26,27
PTPAT;TYR3MO2,2,0,26,27
PTPAT;UAGDP,2,0,26,27
PTPAT;UGLCNACtg,1,0,27,27
PTPAT;UROLACer,2,0,26,27
PUNP1;PYRFORte,0,1,28,26
PUNP1;R5Ptr,0,1,28,26
PUNP1;RBT5PCYTr,0,1,28,26
PUNP1;RBT5PDH,0,1,28,26
PUNP1;RPIr,0,1,28,26
PUNP1;RU5Ptr,0,1,28,26
PUNP1;THFtm,0,1,28,26
PUNP1;UACGAMUMPtr,0,1,28,26
PUNP1;UAG4E,0,1,28,26
PUNP1;UAGDP,0,1,28,26
PUNP1;UDPGD,0,1,28,26
PUNP1;UDPGLCAtg,0,1,28,26
PUNP1;UDPGLDCg,0,1,28,26
PUNP1;UGALNACter,0,1,28,26
PUNP1;UGLCNACtg,0,1,28,26
PYK4;R5Ptr,1,0,27,27
PYK4;RPIr,1,0,27,27
PYK4;RU5Ptr,1,0,27,27
PYK6;SUCD1m,1,0,27,27
PYK6;SUCOAS1m,1,0,27,27
PYK;THFtm,0,1,28,26
PYK;TXA2tr,0,1,28,26
PYK;TXB2c,0,1,28,26
PYK;TXB2r,0,1,28,26
PYK;TXB2tr,0,1,28,26
PYK;UAGDP,0,2,28,25
PYK;UDPDOLPT,0,1,28,26
PYK;UGLCNACtg,0,1,28,26
PYNP2r;THRA,1,1,27,26
PYRACte;PYRt4_2,1,0,27,27
PYRAKGte;PYRtm,0,1,28,26
PYRAKGte;THFtm,0,1,28,26
PYRAKGte;UDPGD,0,1,28,26
PYRAKGte;UDPGLCAter,0,1,28,26
PYRAKGte;UPP3S,0,1,28,26
PYRAKGte;UPPDC1,0,1,28,26
PYRFORte;R5Ptr,0,1,28,26
PYRFORte;RBFK,0,1,28,26
PYRFORte;RIBFLVt6,0,1,28,26
PYRFORte;RPIr,0,1,28,26
PYRFORte;RU5Ptr,0,1,28,26
PYRt2m;S23T4g,0,1,28,26
PYRt2m;S6T16g,0,1,28,26
PYRt2m;S6T17g,0,1,28,26
PYRt2m;S6T18g,0,1,28,26
PYRt2m;S6TASE24ly,0,1,28,26
PYRt2m;S6TASE25ly,0,1,28,26
PYRt2m;S6TASE26ly,0,1,28,26
PYRt2m;SADT,0,1,28,26
PYRt2m;SIAASE4ly,0,1,28,26
PYRt2m;SO3AKGtm,0,1,28,26
PYRt2m;SO3MALtm,0,1,28,26
PYRt2m;SO4tl,0,1,28,26
PYRt2m;ST3GAL61g,0,1,28,26
PYRt2m;Ser/Thrtg,0,1,28,26
PYRt2m;THFtm,0,1,28,26
PYRt2m;THRA,0,1,28,26
PYRt2m;UDPACGALtl,0,1,28,26
PYRt2m;UDPG4E,0,1,28,26
PYRt2m;UDPGALt2r,0,1,28,26
PYRt2m;UDPGALtg,0,1,28,26
PYRt2m;UDPGCURtr,0,1,28,26
PYRt2m;UDPGD,0,1,28,26
PYRt2m;UDPGGPGTr,0,1,28,26
PYRt2m;UDPGLCAter,0,1,28,26
PYRt2m;UDPtl,0,1,28,26
PYRt2m;UGALNACtg,0,1,28,26
PYRt2m;UGCGc,0,1,28,26
PYRt2m;UMPK,0,1,28,26
PYRt2m;UROLACer,0,1,28,26
PYRt2p;THYMtm,1,0,27,27
PYRt2p;TPI,1,0,27,27
PYRt4_2;UDPGD,0,1,28,26
PYRt4_2;UDPGLCAter,0,1,28,26
PYRt4_2;UPP3S,0,1,28,26
PYRt4_2;UPPDC1,0,1,28,26
PYRt4_2;q10h2tc,1,0,27,27
PYRt4_2;q10tm,1,0,27,27
PYRtm;ACITLn,1,0,27,27
PYRtm;ADPtn,1,0,27,27
PYRtm;CITtn,1,0,27,27
PYRtm;OAAtn,1,0,27,27
PYRtm;SO3AKGtm,1,0,27,27
PYRtm;SO3MALtm,1,0,27,27
PYRtm;THR3Dx,0,1,28,26
PYRtm;THRA,0,1,28,26
PYRtm;UNK3,0,1,28,26
R5Ptr;ARTFR12,0,1,28,26
R5Ptr;RBFK,0,1,28,26
R5Ptr;RBT5PCYTr,5,9,23,18
R5Ptr;RBT5PDH,5,9,23,18
R5Ptr;RIBFLVt6,0,1,28,26
R5Ptr;SARCOXp,0,1,28,26
R5Ptr;SARCStm,0,1,28,26
R5Ptr;SARCStp,0,1,28,26
R5Ptr;SFGTH,0,1,28,26
R5Ptr;THRA,1,1,27,26
R5Ptr;UACGAMUMPtr,5,9,23,18
R5Ptr;UAG4E,5,8,23,19
R5Ptr;UAGDP,4,4,24,23
R5Ptr;UDPGD,4,7,24,20
R5Ptr;UDPGLCAtg,5,9,23,18
R5Ptr;UDPGLDCg,5,9,23,18
R5Ptr;UGALNACter,5,9,23,18
R5Ptr;UGLCNACtg,4,4,24,23
R5Ptr;UMPK,0,1,28,26
R5Ptr;UMPK5,0,1,28,26
RADH2;RDH1,0,1,28,26
RADH3;ARTFR12,0,1,28,26
RADH3;SARCOXp,0,1,28,26
RADH3;SARCStm,0,1,28,26
RADH3;SARCStp,0,1,28,26
RADH3;SFGTH,0,1,28,26
RADH3;THFtm,0,1,28,26
RADH4;ARTFR12,0,1,28,26
RADH4;RDH1,0,1,28,26
RADH4;SARCOXp,0,1,28,26
RADH4;SARCStm,0,1,28,26
RADH4;SARCStp,0,1,28,26
RADH4;SFGTH,0,1,28,26
RADH4;THFtm,0,1,28,26
RAI3;RDH1,0,1,28,26
RBFK;RBT5PCYTr,0,1,28,26
RBFK;RBT5PDH,0,1,28,26
RBFK;RPIr,0,1,28,26
RBFK;RU5Ptr,0,1,28,26
RBFK;THRA,2,3,26,24
RBFK;UACGAMUMPtr,0,1,28,26
RBFK;UAG4E,0,1,28,26
RBFK;UAGDP,4,4,24,23
RBFK;UDPG4E,1,2,27,25
RBFK;UDPGALt2r,0,1,28,26
RBFK;UDPGALtg,1,2,27,25
RBFK;UDPGD,1,1,27,26
RBFK;UDPGGPGTr,0,1,28,26
RBFK;UDPGLCAter,1,0,27,27
RBFK;UDPGLCAtg,0,1,28,26
RBFK;UDPGLDCg,0,1,28,26
RBFK;UGALNACter,0,1,28,26
RBFK;UGCGc,0,1,28,26
RBFK;UGLCNACtg,4,4,24,23
RBFK;UGT1A2r,1,0,27,27
RBFK;UMPtr,0,1,28,26
RBFK;UPP3S,1,0,27,27
RBFK;UPPDC1,1,0,27,27
RBT5PCYTr;RIBFLVt6,0,1,28,26
RBT5PCYTr;RPIr,5,9,23,18
RBT5PCYTr;RU5Ptr,5,9,23,18
RBT5PCYTr;UDPG4E,1,1,27,26
RBT5PCYTr;UDPGALtg,1,1,27,26
RBT5PCYTr;UGALNACtg,0,1,28,26
RBT5PCYTr;UMPK5,0,1,28,26
RBT5PDH;RIBFLVt6,0,1,28,26
RBT5PDH;RPIr,5,9,23,18
RBT5PDH;RU5Ptr,5,9,23,18
RBT5PDH;UDPG4E,1,1,27,26
RBT5PDH;UDPGALtg,1,1,27,26
RBT5PDH;UGALNACtg,0,1,28,26
RBT5PDH;UMPK5,0,1,28,26
RDH1;RDH4,0,1,28,26
RDH1;RETI3,0,1,28,26
RDH1;SADT,0,1,28,26
RDH1;SO4t4_3,0,1,28,26
RDH1;SUCOAS1m,0,1,28,26
RDH1;THBPT4ACAMDASE,1,0,27,27
RDH1;THRA,0,1,28,26
RDH1;THYPX,0,1,28,26
RDH1;THYRIDHD,0,1,28,26
RDH1;THYST,0,1,28,26
RDH1;TRPHYDRO2,1,0,27,27
RDH1;TXA2tr,1,0,27,27
RDH1;TXB2c,1,0,27,27
RDH1;TXB2r,1,0,27,27
RDH1;TXB2tr,1,0,27,27
RDH1;UDPG4E,0,1,28,26
RDH1;UDPGALtg,0,1,28,26
RDH1;UDPGCURtr,0,1,28,26
RDH1;UDPGD,0,1,28,26
RDH1;UDPGLCAter,0,1,28,26
RDH1;UGALNACtg,0,1,28,26
RDH1;UGT1A2r,0,1,28,26
RDH1;UMPtr,0,1,28,26
RDH1;UPP3S,0,1,28,26
RDH1;UPPDC1,0,1,28,26
RDH1a;SADT,0,1,28,26
RDH1a;SO4t4_3,0,1,28,26
RDH1a;SUCOAS1m,0,1,28,26
RDH1a;THBPT4ACAMDASE,1,0,27,27
RDH1a;THRA,0,1,28,26
RDH1a;THYPX,0,1,28,26
RDH1a;THYRIDHD,0,1,28,26
RDH1a;THYST,0,1,28,26
RDH1a;TRPHYDRO2,1,0,27,27
RDH1a;TXA2tr,1,0,27,27
RDH1a;TXB2c,1,0,27,27
RDH1a;TXB2r,1,0,27,27
RDH1a;TXB2tr,1,0,27,27
RDH1a;UAG4E,0,1,28,26
RDH1a;UAGDP,0,1,28,26
RDH1a;UDPG4E,0,2,28,25
RDH1a;UDPGALt2r,0,1,28,26
RDH1a;UDPGALtg,0,2,28,25
RDH1a;UDPGCURtr,0,1,28,26
RDH1a;UDPGD,0,1,28,26
RDH1a;UDPGGPGTr,0,1,28,26
RDH1a;UDPGLCAter,0,1,28,26
RDH1a;UGALNACtg,0,2,28,25
RDH1a;UGCGc,0,1,28,26
RDH1a;UGLCNACtg,0,1,28,26
RDH1a;UGT1A2r,0,1,28,26
RDH1a;UMPK,0,1,28,26
RDH1a;UMPtr,0,2,28,25
RDH1a;UPP3S,0,1,28,26
RDH1a;UPPDC1,0,1,28,26
RETHc;Rtotalt,0,1,28,26
RIBFLVt6;RPIr,0,1,28,26
RIBFLVt6;RU5Ptr,0,1,28,26
RIBFLVt6;THRA,2,3,26,24
RIBFLVt6;UACGAMUMPtr,0,1,28,26
RIBFLVt6;UAG4E,0,1,28,26
RIBFLVt6;UAGDP,4,4,24,23
RIBFLVt6;UDPG4E,1,2,27,25
RIBFLVt6;UDPGALt2r,0,1,28,26
RIBFLVt6;UDPGALtg,1,2,27,25
RIBFLVt6;UDPGD,1,1,27,26
RIBFLVt6;UDPGGPGTr,0,1,28,26
RIBFLVt6;UDPGLCAter,1,0,27,27
RIBFLVt6;UDPGLCAtg,0,1,28,26
RIBFLVt6;UDPGLDCg,0,1,28,26
RIBFLVt6;UGALNACter,0,1,28,26
RIBFLVt6;UGCGc,0,1,28,26
RIBFLVt6;UGLCNACtg,4,4,24,23
RIBFLVt6;UGT1A2r,1,0,27,27
RIBFLVt6;UMPtr,0,1,28,26
RIBFLVt6;UPP3S,1,0,27,27
RIBFLVt6;UPPDC1,1,0,27,27
RND213;SUCOAS1m,0,1,28,26
RPE;RNAdeg,1,0,27,27
RPE;TALA,1,0,27,27
RPE;THRA,1,0,27,27
RPE;THRALANaEx,1,0,27,27
RPE;UAG4E,1,0,27,27
RPE;UAGDP,1,0,27,27
RPE;UGLCNACtg,1,0,27,27
RPIr;ARTFR12,0,1,28,26
RPIr;SARCOXp,0,1,28,26
RPIr;SARCStm,0,1,28,26
RPIr;SARCStp,0,1,28,26
RPIr;SFGTH,0,1,28,26
RPIr;THRA,1,1,27,26
RPIr;UACGAMUMPtr,5,9,23,18
RPIr;UAG4E,5,8,23,19
RPIr;UAGDP,4,4,24,23
RPIr;UDPGD,4,7,24,20
RPIr;UDPGLCAtg,5,9,23,18
RPIr;UDPGLDCg,5,9,23,18
RPIr;UGALNACter,5,9,23,18
RPIr;UGLCNACtg,4,4,24,23
RPIr;UMPK,0,1,28,26
RPIr;UMPK5,0,1,28,26
RTOT2;RTOT4,1,0,27,27
RTOT3;RTOT5,3,0,25,27
RTOT4;RTOT5,7,2,21,25
RU5Ptr;ARTFR12,0,1,28,26
RU5Ptr;SARCOXp,0,1,28,26
RU5Ptr;SARCStm,0,1,28,26
RU5Ptr;SARCStp,0,1,28,26
RU5Ptr;SFGTH,0,1,28,26
RU5Ptr;THRA,1,1,27,26
RU5Ptr;UACGAMUMPtr,5,9,23,18
RU5Ptr;UAG4E,5,8,23,19
RU5Ptr;UAGDP,4,4,24,23
RU5Ptr;UDPGD,4,7,24,20
RU5Ptr;UDPGLCAtg,5,9,23,18
RU5Ptr;UDPGLDCg,5,9,23,18
RU5Ptr;UGALNACter,5,9,23,18
RU5Ptr;UGLCNACtg,4,4,24,23
RU5Ptr;UMPK,0,1,28,26
RU5Ptr;UMPK5,0,1,28,26
Rtotalcoatx;THYMtm,1,0,27,27
Rtotalcoatx;UMPK,0,1,28,26
Rtotaltm;SUCOAS1m,0,1,28,26
Rtotaltp;THYMtm,1,0,27,27
Rtotaltp;UMPK,0,1,28,26
S23T2g;S23T4g,2,1,26,26
S23T2g;S6T16g,2,1,26,26
S23T2g;S6T17g,2,1,26,26
S23T2g;S6T18g,2,1,26,26
S23T2g;S6TASE25ly,2,1,26,26
S23T2g;S6TASE26ly,2,1,26,26
S23T2g;SIAASE4ly,2,1,26,26
S23T3g;ST3GAL31g,1,0,27,27
S23T3g;ST3GAL61g,1,0,27,27
S23T3g;UAG4E,0,2,28,25
S23T3g;UDPGALt2r,2,0,26,27
S23T3g;UDPGGPGTr,2,0,26,27
S23T3g;UGCGc,2,0,26,27
S23T3g;UMPtr,2,0,26,27
S23T4g;R_group_phosphotase_1,1,0,27,27
S23T4g;S6T1g,2,1,26,26
S23T4g;S6T2g,2,1,26,26
S23T4g;S6T3g,2,1,26,26
S23T4g;S6TASE22ly,2,1,26,26
S23T4g;S6TASE23ly,2,1,26,26
S23T4g;SIAASE3ly,2,1,26,26
S23T4g;THRALANaEx,1,0,27,27
S23T4g;UMPK5,1,0,27,27
S6T10g;ST3GAL31g,1,0,27,27
S6T10g;ST3GAL61g,1,0,27,27
S6T10g;UAG4E,0,2,28,25
S6T10g;UDPGALt2r,2,0,26,27
S6T10g;UDPGGPGTr,2,0,26,27
S6T10g;UGCGc,2,0,26,27
S6T10g;UMPtr,2,0,26,27
S6T11g;ST3GAL31g,1,0,27,27
S6T11g;ST3GAL61g,1,0,27,27
S6T11g;UAG4E,0,2,28,25
S6T11g;UDPGALt2r,2,0,26,27
S6T11g;UDPGGPGTr,2,0,26,27
S6T11g;UGCGc,2,0,26,27
S6T11g;UMPtr,2,0,26,27
S6T12g;ST3GAL31g,1,0,27,27
S6T12g;ST3GAL61g,1,0,27,27
S6T12g;UAG4E,0,2,28,25
S6T12g;UDPGALt2r,2,0,26,27
S6T12g;UDPGGPGTr,2,0,26,27
S6T12g;UGCGc,2,0,26,27
S6T12g;UMPtr,2,0,26,27
S6T13g;ST3GAL31g,1,0,27,27
S6T13g;ST3GAL61g,1,0,27,27
S6T13g;UAG4E,0,2,28,25
S6T13g;UDPGALt2r,2,0,26,27
S6T13g;UDPGGPGTr,2,0,26,27
S6T13g;UGCGc,2,0,26,27
S6T13g;UMPtr,2,0,26,27
S6T14g;ST3GAL31g,1,0,27,27
S6T14g;ST3GAL61g,1,0,27,27
S6T14g;UAG4E,0,2,28,25
S6T14g;UDPGALt2r,2,0,26,27
S6T14g;UDPGGPGTr,2,0,26,27
S6T14g;UGCGc,2,0,26,27
S6T14g;UMPtr,2,0,26,27
S6T15g;ST3GAL31g,1,0,27,27
S6T15g;ST3GAL61g,1,0,27,27
S6T15g;UAG4E,0,2,28,25
S6T15g;UDPGALt2r,2,0,26,27
S6T15g;UDPGGPGTr,2,0,26,27
S6T15g;UGCGc,2,0,26,27
S6T15g;UMPtr,2,0,26,27
S6T16g;R_group_phosphotase_1,1,0,27,27
S6T16g;S6T1g,2,1,26,26
S6T16g;S6T2g,2,1,26,26
S6T16g;S6T3g,2,1,26,26
S6T16g;S6TASE22ly,2,1,26,26
S6T16g;S6TASE23ly,2,1,26,26
S6T16g;SIAASE3ly,2,1,26,26
S6T16g;THRALANaEx,1,0,27,27
S6T16g;UMPK5,1,0,27,27
S6T17g;R_group_phosphotase_1,1,0,27,27
S6T17g;S6T1g,2,1,26,26
S6T17g;S6T2g,2,1,26,26
S6T17g;S6T3g,2,1,26,26
S6T17g;S6TASE22ly,2,1,26,26
S6T17g;S6TASE23ly,2,1,26,26
S6T17g;SIAASE3ly,2,1,26,26
S6T17g;THRALANaEx,1,0,27,27
S6T17g;UMPK5,1,0,27,27
S6T18g;R_group_phosphotase_1,1,0,27,27
S6T18g;S6T1g,2,1,26,26
S6T18g;S6T2g,2,1,26,26
S6T18g;S6T3g,2,1,26,26
S6T18g;S6TASE22ly,2,1,26,26
S6T18g;S6TASE23ly,2,1,26,26
S6T18g;SIAASE3ly,2,1,26,26
S6T18g;THRALANaEx,1,0,27,27
S6T18g;UMPK5,1,0,27,27
S6T1g;S6TASE25ly,2,1,26,26
S6T1g;S6TASE26ly,2,1,26,26
S6T1g;SIAASE4ly,2,1,26,26
S6T2g;S6TASE25ly,2,1,26,26
S6T2g;S6TASE26ly,2,1,26,26
S6T2g;SIAASE4ly,2,1,26,26
S6T3g;S6TASE25ly,2,1,26,26
S6T3g;S6TASE26ly,2,1,26,26
S6T3g;SIAASE4ly,2,1,26,26
S6T4g;ST3GAL31g,1,0,27,27
S6T4g;ST3GAL61g,1,0,27,27
S6T4g;UAG4E,0,2,28,25
S6T4g;UDPGALt2r,2,0,26,27
S6T4g;UDPGGPGTr,2,0,26,27
S6T4g;UGCGc,2,0,26,27
S6T4g;UMPtr,2,0,26,27
S6T5g;ST3GAL31g,1,0,27,27
S6T5g;ST3GAL61g,1,0,27,27
S6T5g;UAG4E,0,2,28,25
S6T5g;UDPGALt2r,2,0,26,27
S6T5g;UDPGGPGTr,2,0,26,27
S6T5g;UGCGc,2,0,26,27
S6T5g;UMPtr,2,0,26,27
S6T6g;ST3GAL31g,1,0,27,27
S6T6g;ST3GAL61g,1,0,27,27
S6T6g;UAG4E,0,2,28,25
S6T6g;UDPGALt2r,2,0,26,27
S6T6g;UDPGGPGTr,2,0,26,27
S6T6g;UGCGc,2,0,26,27
S6T6g;UMPtr,2,0,26,27
S6T7g;ST3GAL31g,1,0,27,27
S6T7g;ST3GAL61g,1,0,27,27
S6T7g;UAG4E,0,2,28,25
S6T7g;UDPGALt2r,2,0,26,27
S6T7g;UDPGGPGTr,2,0,26,27
S6T7g;UGCGc,2,0,26,27
S6T7g;UMPtr,2,0,26,27
S6T8g;ST3GAL31g,1,0,27,27
S6T8g;ST3GAL61g,1,0,27,27
S6T8g;UAG4E,0,2,28,25
S6T8g;UDPGALt2r,2,0,26,27
S6T8g;UDPGGPGTr,2,0,26,27
S6T8g;UGCGc,2,0,26,27
S6T8g;UMPtr,2,0,26,27
S6T9g;ST3GAL31g,1,0,27,27
S6T9g;ST3GAL61g,1,0,27,27
S6T9g;UAG4E,0,2,28,25
S6T9g;UDPGALt2r,2,0,26,27
S6T9g;UDPGGPGTr,2,0,26,27
S6T9g;UGCGc,2,0,26,27
S6T9g;UMPtr,2,0,26,27
S6TASE22ly;S6TASE25ly,2,1,26,26
S6TASE22ly;S6TASE26ly,2,1,26,26
S6TASE22ly;SIAASE4ly,2,1,26,26
S6TASE23ly;S6TASE25ly,2,1,26,26
S6TASE23ly;S6TASE26ly,2,1,26,26
S6TASE23ly;SIAASE4ly,2,1,26,26
S6TASE24ly;R_group_phosphotase_1,1,0,27,27
S6TASE24ly;THRALANaEx,1,0,27,27
S6TASE24ly;UAG4E,0,1,28,26
S6TASE24ly;UMPK5,1,0,27,27
S6TASE25ly;R_group_phosphotase_1,1,0,27,27
S6TASE25ly;SIAASE3ly,2,1,26,26
S6TASE25ly;THRALANaEx,1,0,27,27
S6TASE25ly;UMPK5,1,0,27,27
S6TASE26ly;R_group_phosphotase_1,1,0,27,27
S6TASE26ly;SIAASE3ly,2,1,26,26
S6TASE26ly;THRALANaEx,1,0,27,27
S6TASE26ly;UMPK5,1,0,27,27
SADT;ACITLn,0,1,28,26
SADT;ADPtn,0,1,28,26
SADT;CITtn,0,1,28,26
SADT;H3K4MET_1,1,0,27,27
SADT;H3K4MET_2,1,0,27,27
SADT;H3K4MET_3,1,0,27,27
SADT;H3K4_synthesis,1,0,27,27
SADT;LYStn,1,0,27,27
SADT;OAAtn,0,1,28,26
SADT;R_group_phosphotase_1,1,0,27,27
SADT;SO4t4_3,0,1,28,26
SADT;SUCOAS1m,1,0,27,27
SADT;THFtm,0,1,28,26
SADT;THRALANaEx,1,0,27,27
SADT;UAG4E,0,1,28,26
SADT;UMPK5,1,0,27,27
SADT;peplys_synthesis,1,0,27,27
SAMHISTA;THBPT4ACAMDASE,2,0,26,27
SAMHISTA;TYR3MO2,2,0,26,27
SARCOXp;ACITLn,0,1,28,26
SARCOXp;ADPtn,0,1,28,26
SARCOXp;ARTFR52,5,0,23,27
SARCOXp;CITtn,0,1,28,26
SARCOXp;OAAtn,0,1,28,26
SARCOXp;RTOT5,5,0,23,27
SARCOXp;SO4AKGtm,1,0,27,27
SARCOXp;SO4MALtm,1,0,27,27
SARCOXp;SUCOAS1m,1,0,27,27
SARCOXp;TECR180,1,0,27,27
SARCOXp;TECR200,5,0,23,27
SARCOXp;TECR220,5,0,23,27
SARCOXp;TECR240,5,0,23,27
SARCOXp;TECR260,5,0,23,27
SARCOXp;THFtm,0,2,28,25
SARCOXp;TXA2tr,0,1,28,26
SARCOXp;TXB2c,0,1,28,26
SARCOXp;TXB2r,0,1,28,26
SARCOXp;TXB2tr,0,1,28,26
SARCOXp;UDPGD,1,0,27,27
SARCOXp;UDPGLCAter,1,0,27,27
SARCOXp;UPP3S,1,0,27,27
SARCOXp;UPPDC1,1,0,27,27
SARCStm;ACITLn,0,1,28,26
SARCStm;ADPtn,0,1,28,26
SARCStm;ARTFR52,5,0,23,27
SARCStm;CITtn,0,1,28,26
SARCStm;OAAtn,0,1,28,26
SARCStm;RTOT5,5,0,23,27
SARCStm;SO4AKGtm,1,0,27,27
SARCStm;SO4MALtm,1,0,27,27
SARCStm;SUCOAS1m,1,0,27,27
SARCStm;TECR180,1,0,27,27
SARCStm;TECR200,5,0,23,27
SARCStm;TECR220,5,0,23,27
SARCStm;TECR240,5,0,23,27
SARCStm;TECR260,5,0,23,27
SARCStm;THFtm,0,2,28,25
SARCStm;TXA2tr,0,1,28,26
SARCStm;TXB2c,0,1,28,26
SARCStm;TXB2r,0,1,28,26
SARCStm;TXB2tr,0,1,28,26
SARCStm;UDPGD,1,0,27,27
SARCStm;UDPGLCAter,1,0,27,27
SARCStm;UPP3S,1,0,27,27
SARCStm;UPPDC1,1,0,27,27
SARCStp;ACITLn,0,1,28,26
SARCStp;ADPtn,0,1,28,26
SARCStp;ARTFR52,5,0,23,27
SARCStp;CITtn,0,1,28,26
SARCStp;OAAtn,0,1,28,26
SARCStp;RTOT5,5,0,23,27
SARCStp;SO4AKGtm,1,0,27,27
SARCStp;SO4MALtm,1,0,27,27
SARCStp;SUCOAS1m,1,0,27,27
SARCStp;TECR180,1,0,27,27
SARCStp;TECR200,5,0,23,27
SARCStp;TECR220,5,0,23,27
SARCStp;TECR240,5,0,23,27
SARCStp;TECR260,5,0,23,27
SARCStp;THFtm,0,2,28,25
SARCStp;TXA2tr,0,1,28,26
SARCStp;TXB2c,0,1,28,26
SARCStp;TXB2r,0,1,28,26
SARCStp;TXB2tr,0,1,28,26
SARCStp;UDPGD,1,0,27,27
SARCStp;UDPGLCAter,1,0,27,27
SARCStp;UPP3S,1,0,27,27
SARCStp;UPPDC1,1,0,27,27
SERALANaEx;SERATB0tc,0,1,28,26
SERALANaEx;SERTm,0,1,28,26
SERALANaEx;SERt4,2,1,26,26
SERATB0tc;SERt4,0,1,28,26
SERCYSNaEx;SERt4,5,0,23,27
SERTm;ACITLn,0,1,28,26
SERTm;ADPtn,0,1,28,26
SERTm;CITtn,0,1,28,26
SERTm;OAAtn,0,1,28,26
SERTm;THFtm,0,1,28,26
SERt4;SERTHRNaEx,0,1,28,26
SERt4;TPI,0,1,28,26
SFGTH;ARGtn,0,1,28,26
SFGTH;H3R17MET_1,0,1,28,26
SFGTH;H3R17MET_2,0,1,28,26
SFGTH;H3R17MET_3,0,1,28,26
SFGTH;H3R17_synthesis,0,1,28,26
SFGTH;THFtm,0,1,28,26
SFGTH;THRA,1,0,27,27
SFGTH;peparg_synthesis,0,1,28,26
SGALSIDEtg;ACITLn,0,1,28,26
SGALSIDEtg;ADPtn,0,1,28,26
SGALSIDEtg;CITtn,0,1,28,26
SGALSIDEtg;OAAtn,0,1,28,26
SGALSIDEtl;ACITLn,0,1,28,26
SGALSIDEtl;ADPtn,0,1,28,26
SGALSIDEtl;CITtn,0,1,28,26
SGALSIDEtl;OAAtn,0,1,28,26
SIAASE3ly;SIAASE4ly,2,1,26,26
SIAASE4ly;R_group_phosphotase_1,1,0,27,27
SIAASE4ly;THRALANaEx,1,0,27,27
SIAASE4ly;UMPK5,1,0,27,27
SO3AKGtm;ACITLn,1,0,27,27
SO3AKGtm;ADPtn,1,0,27,27
SO3AKGtm;ARTFR41,0,1,28,26
SO3AKGtm;CITtn,1,0,27,27
SO3AKGtm;H3K36DMET_3,1,0,27,27
SO3AKGtm;H3K36MET_3,1,0,27,27
SO3AKGtm;OAAtn,1,0,27,27
SO3AKGtm;RTOT4,0,1,28,26
SO3AKGtm;SQORm,0,1,28,26
SO3AKGtm;SUCCICITtm,1,0,27,27
SO3AKGtm;SUCOAS1m,2,0,26,27
SO3AKGtm;SUCOASm,0,1,28,26
SO3AKGtm;TSULt4_3,0,1,28,26
SO3AKGtm;TYROX,1,0,27,27
SO3AKGtm;TYRTA,1,0,27,27
SO3AKGtm;UDPGD,1,0,27,27
SO3AKGtm;UDPGLCAter,1,0,27,27
SO3AKGtm;UGT1A2r,1,0,27,27
SO3AKGtm;UPP3S,1,0,27,27
SO3AKGtm;UPPDC1,1,0,27,27
SO3MALtm;ACITLn,1,0,27,27
SO3MALtm;ADPtn,1,0,27,27
SO3MALtm;ARTFR41,0,1,28,26
SO3MALtm;CITtn,1,0,27,27
SO3MALtm;H3K36DMET_3,1,0,27,27
SO3MALtm;H3K36MET_3,1,0,27,27
SO3MALtm;OAAtn,1,0,27,27
SO3MALtm;RTOT4,0,1,28,26
SO3MALtm;SUCCICITtm,1,0,27,27
SO3MALtm;SUCOAS1m,2,0,26,27
SO3MALtm;SUCOASm,0,1,28,26
SO3MALtm;TYROX,1,0,27,27
SO3MALtm;TYRTA,1,0,27,27
SO3MALtm;UDPGD,1,0,27,27
SO3MALtm;UDPGLCAter,1,0,27,27
SO3MALtm;UGT1A2r,1,0,27,27
SO3MALtm;UPP3S,1,0,27,27
SO3MALtm;UPPDC1,1,0,27,27
SO4AKGtm;ARTFR45,1,0,27,27
SO4AKGtm;RTOT4,1,0,27,27
SO4AKGtm;TECR201,1,0,27,27
SO4AKGtm;TECR221,1,0,27,27
SO4AKGtm;TECR241,1,0,27,27
SO4AKGtm;THFtm,1,0,27,27
SO4AKGtm;THRA,1,0,27,27
SO4AKGtm;TRPO2,0,1,28,26
SO4AKGtm;UAGDP,1,0,27,27
SO4AKGtm;UDPG4E,1,0,27,27
SO4AKGtm;UDPGALt2r,1,0,27,27
SO4AKGtm;UDPGALtg,1,0,27,27
SO4AKGtm;UDPGGPGTr,1,0,27,27
SO4AKGtm;UGCGc,1,0,27,27
SO4AKGtm;UGLCNACtg,1,0,27,27
SO4AKGtm;UMPtr,1,0,27,27
SO4CLtex;H3K4MET_1,1,0,27,27
SO4CLtex;H3K4MET_2,1,0,27,27
SO4CLtex;H3K4MET_3,1,0,27,27
SO4CLtex;H3K4_synthesis,1,0,27,27
SO4CLtex;LYStn,1,0,27,27
SO4CLtex;SUCOAS1m,1,0,27,27
SO4CLtex;peplys_synthesis,1,0,27,27
SO4HCOtex;ACITLn,0,1,28,26
SO4HCOtex;ADPtn,0,1,28,26
SO4HCOtex;CITtn,0,1,28,26
SO4HCOtex;OAAtn,0,1,28,26
SO4HCOtex;ST3GAL31g,1,0,27,27
SO4HCOtex;ST3GAL61g,3,0,25,27
SO4HCOtex;UDPGALt2r,4,0,24,27
SO4HCOtex;UDPGGPGTr,4,0,24,27
SO4HCOtex;UGCGc,4,0,24,27
SO4HCOtex;UMPtr,4,0,24,27
SO4MALtm;ARTFR45,1,0,27,27
SO4MALtm;RTOT4,1,0,27,27
SO4MALtm;TECR201,1,0,27,27
SO4MALtm;TECR221,1,0,27,27
SO4MALtm;TECR241,1,0,27,27
SO4MALtm;THFtm,1,0,27,27
SO4MALtm;THRA,1,0,27,27
SO4MALtm;TRPO2,0,1,28,26
SO4MALtm;UAGDP,1,0,27,27
SO4MALtm;UDPG4E,1,0,27,27
SO4MALtm;UDPGALt2r,1,0,27,27
SO4MALtm;UDPGALtg,1,0,27,27
SO4MALtm;UDPGGPGTr,1,0,27,27
SO4MALtm;UGCGc,1,0,27,27
SO4MALtm;UGLCNACtg,1,0,27,27
SO4MALtm;UMPtr,1,0,27,27
SO4t4_3;UAG4E,0,1,28,26
SO4tl;ACITLn,0,1,28,26
SO4tl;ADPtn,0,1,28,26
SO4tl;CITtn,0,1,28,26
SO4tl;OAAtn,0,1,28,26
SO4tl;R_group_phosphotase_1,1,0,27,27
SO4tl;THRALANaEx,1,0,27,27
SO4tl;UAG4E,0,1,28,26
SO4tl;UMPK5,1,0,27,27
SSALym;ACITLn,1,0,27,27
SSALym;ADPtn,1,0,27,27
SSALym;CITtn,1,0,27,27
SSALym;OAAtn,1,0,27,27
SSALym;SUCCACONtm,1,0,27,27
ST3GAL31g;ACITLn,0,1,28,26
ST3GAL31g;ADPtn,0,1,28,26
ST3GAL31g;CITtn,0,1,28,26
ST3GAL31g;OAAtn,0,1,28,26
ST3GAL31g;UDPDOLPT,1,0,27,27
ST3GAL61g;THRALANaEx,1,0,27,27
ST3GAL61g;UAG4E,2,0,26,27
ST3GAL61g;UDPDOLPT,1,0,27,27
ST3GAL61g;UMPK5,1,0,27,27
SUCCICITtm;ACITLn,1,0,27,27
SUCCICITtm;ADPtn,1,0,27,27
SUCCICITtm;CITtn,1,0,27,27
SUCCICITtm;OAAtn,1,0,27,27
SUCCt4_2;SUCCt4_3,1,0,27,27
SUCD1m;TYROX,1,0,27,27
SUCD1m;TYRTA,1,0,27,27
SUCOAS1m;ACITLn,1,0,27,27
SUCOAS1m;ADPtn,1,0,27,27
SUCOAS1m;ARTFR41,0,1,28,26
SUCOAS1m;ARTFR45,1,0,27,27
SUCOAS1m;CITtn,1,0,27,27
SUCOAS1m;H3K36DMET_3,1,0,27,27
SUCOAS1m;H3K36MET_3,1,0,27,27
SUCOAS1m;OAAtn,1,0,27,27
SUCOAS1m;RTOT4,1,1,27,26
SUCOAS1m;R_group_phosphotase_1,0,1,28,26
SUCOAS1m;SUCOASm,1,1,27,26
SUCOAS1m;TAURCHAe,1,0,27,27
SUCOAS1m;TECR201,1,0,27,27
SUCOAS1m;TECR221,1,0,27,27
SUCOAS1m;TECR241,1,0,27,27
SUCOAS1m;THFtm,1,0,27,27
SUCOAS1m;THR3Dx,1,0,27,27
SUCOAS1m;THRA,1,0,27,27
SUCOAS1m;THYPX,1,1,27,26
SUCOAS1m;THYST,1,0,27,27
SUCOAS1m;TYROX,1,0,27,27
SUCOAS1m;TYRTA,1,0,27,27
SUCOAS1m;UAGDP,1,1,27,26
SUCOAS1m;UDPDOLPT,0,1,28,26
SUCOAS1m;UDPG4E,1,0,27,27
SUCOAS1m;UDPGALt2r,1,0,27,27
SUCOAS1m;UDPGALtg,1,0,27,27
SUCOAS1m;UDPGD,1,1,27,26
SUCOAS1m;UDPGGPGTr,1,0,27,27
SUCOAS1m;UDPGLCAter,1,1,27,26
SUCOAS1m;UGCGc,1,0,27,27
SUCOAS1m;UGLCNACtg,1,1,27,26
SUCOAS1m;UGT1A2r,0,1,28,26
SUCOAS1m;UMPtr,1,0,27,27
SUCOAS1m;UPP3S,1,1,27,26
SUCOAS1m;UPPDC1,1,1,27,26
SUCOASm;UNK3,0,1,28,26
Ser/Thrtg;ACITLn,0,1,28,26
Ser/Thrtg;ADPtn,0,1,28,26
Ser/Thrtg;CITtn,0,1,28,26
Ser/Thrtg;OAAtn,0,1,28,26
Ser/Thrtg;R_group_phosphotase_1,1,0,27,27
Ser/Thrtg;THRALANaEx,1,0,27,27
Ser/Thrtg;UAG4E,0,1,28,26
Ser/Thrtg;UMPK5,1,0,27,27
TALA;TKT1,1,0,27,27
TALA;TKT2,1,0,27,27
TAURCHAe;H3K4MET_1,1,0,27,27
TAURCHAe;H3K4MET_2,1,0,27,27
TAURCHAe;H3K4MET_3,1,0,27,27
TAURCHAe;H3K4_synthesis,1,0,27,27
TAURCHAe;LYStn,1,0,27,27
TAURCHAe;peplys_synthesis,1,0,27,27
TECR180;ARTFR33,3,0,25,27
TECR180;ARTFR43,2,1,26,26
TECR180;RTOT3,3,0,25,27
TECR180;RTOT4,2,1,26,26
TECR180;TECR181,5,1,23,26
TECR180;THFtm,0,1,28,26
TECR181;RTOT5,2,0,26,27
TECR200;ARTFR32,1,0,27,27
TECR200;ARTFR42,4,1,24,26
TECR200;ARTFR45,1,0,27,27
TECR200;RTOT3,1,0,27,27
TECR200;RTOT4,5,1,23,26
TECR200;TECR201,1,0,27,27
TECR200;TECR221,1,0,27,27
TECR200;TECR241,1,0,27,27
TECR200;THFtm,1,0,27,27
TECR200;THRALANaEx,1,0,27,27
TECR201;ARTFR52,1,0,27,27
TECR201;RTOT4,0,1,28,26
TECR201;RTOT5,1,0,27,27
TECR201;TECR220,1,0,27,27
TECR201;TECR240,1,0,27,27
TECR201;TECR260,1,0,27,27
TECR201;THFtm,0,1,28,26
TECR201;UDPGD,1,0,27,27
TECR201;UDPGLCAter,1,0,27,27
TECR201;UPP3S,1,0,27,27
TECR201;UPPDC1,1,0,27,27
TECR220;ARTFR32,1,0,27,27
TECR220;ARTFR42,4,1,24,26
TECR220;ARTFR45,1,0,27,27
TECR220;RTOT3,1,0,27,27
TECR220;RTOT4,5,1,23,26
TECR220;TECR221,1,0,27,27
TECR220;TECR241,1,0,27,27
TECR220;THFtm,1,0,27,27
TECR220;THRALANaEx,1,0,27,27
TECR221;ARTFR52,1,0,27,27
TECR221;RTOT4,0,1,28,26
TECR221;RTOT5,1,0,27,27
TECR221;TECR240,1,0,27,27
TECR221;TECR260,1,0,27,27
TECR221;THFtm,0,1,28,26
TECR221;UDPGD,1,0,27,27
TECR221;UDPGLCAter,1,0,27,27
TECR221;UPP3S,1,0,27,27
TECR221;UPPDC1,1,0,27,27
TECR224;RTOT4,0,1,28,26
TECR224;THFtm,0,1,28,26
TECR240;ARTFR32,1,0,27,27
TECR240;ARTFR42,4,1,24,26
TECR240;ARTFR45,1,0,27,27
TECR240;RTOT3,1,0,27,27
TECR240;RTOT4,5,1,23,26
TECR240;TECR241,1,0,27,27
TECR240;THFtm,1,0,27,27
TECR240;THRALANaEx,1,0,27,27
TECR241;ARTFR52,1,0,27,27
TECR241;RTOT4,0,1,28,26
TECR241;RTOT5,1,0,27,27
TECR241;TECR260,1,0,27,27
TECR241;THFtm,0,1,28,26
TECR241;UDPGD,1,0,27,27
TECR241;UDPGLCAter,1,0,27,27
TECR241;UPP3S,1,0,27,27
TECR241;UPPDC1,1,0,27,27
TECR244;RTOT4,0,1,28,26
TECR244;THFtm,0,1,28,26
TECR260;ARTFR32,1,0,27,27
TECR260;ARTFR42,4,1,24,26
TECR260;ARTFR45,1,0,27,27
TECR260;RTOT3,1,0,27,27
TECR260;RTOT4,5,1,23,26
TECR260;THFtm,1,0,27,27
TECR260;THRALANaEx,1,0,27,27
THBPT4ACAMDASE;H3K4DMET_1,0,1,28,26
THBPT4ACAMDASE;H3K4MET_1,1,1,27,26
THBPT4ACAMDASE;H3K4MET_2,1,0,27,27
THBPT4ACAMDASE;H3K4MET_3,1,0,27,27
THBPT4ACAMDASE;H3K4_synthesis,1,0,27,27
THBPT4ACAMDASE;LYStn,1,0,27,27
THBPT4ACAMDASE;THRA,1,0,27,27
THBPT4ACAMDASE;peplys_synthesis,1,0,27,27
THFt2;RNAdeg,1,0,27,27
THFtm;ACITLn,2,0,26,27
THFtm;ADPtn,2,0,26,27
THFtm;ARTFR12,0,1,28,26
THFtm;ARTFR41,0,2,28,25
THFtm;ARTFR52,1,0,27,27
THFtm;ARTFR56,0,1,28,26
THFtm;CITtn,2,0,26,27
THFtm;OAAtn,2,0,26,27
THFtm;RTOT4,0,2,28,25
THFtm;RTOT5,1,1,27,26
THFtm;THRA,1,0,27,27
THFtm;THYPX,0,1,28,26
THFtm;THYST,0,1,28,26
THFtm;TTCTECOAtr,0,1,28,26
THFtm;UAGDP,0,1,28,26
THFtm;UDPG4E,0,1,28,26
THFtm;UDPGALtg,0,1,28,26
THFtm;UDPGD,1,0,27,27
THFtm;UDPGLCAter,1,0,27,27
THFtm;UGCGc,0,1,28,26
THFtm;UGLCNACtg,0,1,28,26
THFtm;UNK3,0,1,28,26
THFtm;UPP3S,1,0,27,27
THFtm;UPPDC1,1,0,27,27
THRA;ACITLn,4,4,24,23
THRA;ADPtn,4,4,24,23
THRA;ARTFR12,0,1,28,26
THRA;CITtn,4,4,24,23
THRA;OAAtn,4,4,24,23
THRA;R_group_phosphotase_1,2,1,26,26
THRA;TKT1,1,0,27,27
THRA;TKT2,1,0,27,27
THRA;TYR3MO2,1,0,27,27
THRA;TYRDOPO,2,0,26,27
THRA;UDPGCURtr,0,1,28,26
THRA;UDPGD,2,1,26,26
THRA;UDPGLCAter,2,0,26,27
THRA;UGT1A2r,0,1,28,26
THRA;UMPtr,0,1,28,26
THRA;UPP3S,2,1,26,26
THRA;UPPDC1,2,1,26,26
THRA;URPT,1,0,27,27
THRALANaEx;ARTFR52,1,0,27,27
THRALANaEx;RTOT5,1,0,27,27
THRALANaEx;THRATB0tc,2,2,26,25
THRALANaEx;THRt4,4,0,24,27
THRALANaEx;TKT1,1,0,27,27
THRALANaEx;TKT2,1,0,27,27
THRALANaEx;UDPACGALtl,1,0,27,27
THRALANaEx;UDPGD,1,0,27,27
THRALANaEx;UDPtl,1,0,27,27
THRALANaEx;UGALNACtg,1,0,27,27
THRALANaEx;UGCGc,1,0,27,27
THRALANaEx;UROLACer,1,0,27,27
THRATB0tc;THRt4,0,1,28,26
THRCYSNaEx;THRt4,2,0,26,27
THYMtm;R_group_phosphotase_1,1,0,27,27
THYPX;ACITLn,0,1,28,26
THYPX;ADPtn,0,1,28,26
THYPX;CITtn,0,1,28,26
THYPX;H3K4MET_1,1,1,27,26
THYPX;H3K4MET_2,1,1,27,26
THYPX;H3K4MET_3,1,1,27,26
THYPX;H3K4_synthesis,1,1,27,26
THYPX;LYStn,1,1,27,26
THYPX;OAAtn,0,1,28,26
THYPX;peplys_synthesis,1,1,27,26
THYST;ACITLn,0,1,28,26
THYST;ADPtn,0,1,28,26
THYST;CITtn,0,1,28,26
THYST;H3K4MET_1,1,0,27,27
THYST;H3K4MET_2,1,0,27,27
THYST;H3K4MET_3,1,0,27,27
THYST;H3K4_synthesis,1,0,27,27
THYST;LYStn,1,0,27,27
THYST;OAAtn,0,1,28,26
THYST;peplys_synthesis,1,0,27,27
TKT1;RNAdeg,1,0,27,27
TKT1;UAG4E,1,0,27,27
TKT1;UAGDP,1,0,27,27
TKT1;UGLCNACtg,1,0,27,27
TKT2;RNAdeg,1,0,27,27
TKT2;UAG4E,1,0,27,27
TKT2;UAGDP,1,0,27,27
TKT2;UGLCNACtg,1,0,27,27
TPI;R_group_phosphotase_1,1,0,27,27
TPI;UAGDP,0,2,28,25
TPI;UDPGD,1,0,27,27
TPI;UGLCNACtg,0,1,28,26
TPI;UMPK5,0,1,28,26
TRPO2;UDPGD,0,1,28,26
TRPO2;UDPGLCAter,0,1,28,26
TRPO2;UPP3S,0,1,28,26
TRPO2;UPPDC1,0,1,28,26
TRPt;TRPt4,1,3,27,24
TTCTECOAtr;RTOT4,0,1,28,26
TXA2tr;ARTFR12,0,1,28,26
TXA2tr;ARTFR41,0,1,28,26
TXA2tr;RTOT4,0,1,28,26
TXA2tr;TYRDOPO,0,1,28,26
TXA2tr;TYROX,1,0,27,27
TXA2tr;TYRTA,1,0,27,27
TXA2tr;UAG4E,0,1,28,26
TXA2tr;UAGDP,0,1,28,26
TXA2tr;UDPGD,0,1,28,26
TXA2tr;UGLCNACtg,0,1,28,26
TXA2tr;UMPK,0,1,28,26
TXB2c;ARTFR12,0,1,28,26
TXB2c;ARTFR41,0,1,28,26
TXB2c;RTOT4,0,1,28,26
TXB2c;TYRDOPO,0,1,28,26
TXB2c;TYROX,1,0,27,27
TXB2c;TYRTA,1,0,27,27
TXB2c;UAG4E,0,1,28,26
TXB2c;UAGDP,0,1,28,26
TXB2c;UDPGD,0,1,28,26
TXB2c;UGLCNACtg,0,1,28,26
TXB2c;UMPK,0,1,28,26
TXB2r;ARTFR12,0,1,28,26
TXB2r;ARTFR41,0,1,28,26
TXB2r;RTOT4,0,1,28,26
TXB2r;TYRDOPO,0,1,28,26
TXB2r;TYROX,1,0,27,27
TXB2r;TYRTA,1,0,27,27
TXB2r;UAG4E,0,1,28,26
TXB2r;UAGDP,0,1,28,26
TXB2r;UDPGD,0,1,28,26
TXB2r;UGLCNACtg,0,1,28,26
TXB2r;UMPK,0,1,28,26
TXB2tr;ARTFR12,0,1,28,26
TXB2tr;ARTFR41,0,1,28,26
TXB2tr;RTOT4,0,1,28,26
TXB2tr;TYRDOPO,0,1,28,26
TXB2tr;TYROX,1,0,27,27
TXB2tr;TYRTA,1,0,27,27
TXB2tr;UAG4E,0,1,28,26
TXB2tr;UAGDP,0,1,28,26
TXB2tr;UDPGD,0,1,28,26
TXB2tr;UGLCNACtg,0,1,28,26
TXB2tr;UMPK,0,1,28,26
TYR3MO2;H3K4DMET_1,0,1,28,26
TYR3MO2;H3K4MET_1,1,1,27,26
TYR3MO2;H3K4MET_2,1,0,27,27
TYR3MO2;H3K4MET_3,1,0,27,27
TYR3MO2;H3K4_synthesis,1,0,27,27
TYR3MO2;LYStn,1,0,27,27
TYR3MO2;peplys_synthesis,1,0,27,27
TYRATB0tc;TYRt4,0,1,28,26
TYRDOPO;H3K4MET_1,0,1,28,26
TYRDOPO;H3K4MET_2,0,1,28,26
TYRDOPO;H3K4MET_3,0,1,28,26
TYRDOPO;H3K4_synthesis,0,1,28,26
TYRDOPO;H3K9DMET_1,1,0,27,27
TYRDOPO;H3K9MET_1,1,0,27,27
TYRDOPO;LYStn,0,1,28,26
TYRDOPO;peplys_synthesis,0,1,28,26
TYROX;RNAdeg,1,1,27,26
UACGAMUMPtr;UDPG4E,1,1,27,26
UACGAMUMPtr;UDPGALtg,1,1,27,26
UACGAMUMPtr;UGALNACtg,0,1,28,26
UACGAMUMPtr;UMPK5,0,1,28,26
UAG4E;UDPACGALtl,0,1,28,26
UAG4E;UDPDOLPT,0,2,28,25
UAG4E;UDPG4E,1,2,27,25
UAG4E;UDPGALt2r,3,0,25,27
UAG4E;UDPGALtg,1,2,27,25
UAG4E;UDPGD,0,1,28,26
UAG4E;UDPGGPGTr,3,0,25,27
UAG4E;UDPtl,0,1,28,26
UAG4E;UGALNACtg,0,1,28,26
UAG4E;UGCGc,3,1,25,26
UAG4E;UGLCNACtg,0,1,28,26
UAG4E;UMPK5,0,1,28,26
UAG4E;UMPtr,3,0,25,27
UAG4E;UROLACer,0,1,28,26
UAGDP;ACITLn,0,1,28,26
UAGDP;ADPtn,0,1,28,26
UAGDP;CITtn,0,1,28,26
UAGDP;OAAtn,0,1,28,26
UAGDP;R_group_phosphotase_1,1,0,27,27
UAGDP;UDPGD,1,0,27,27
UAGDP;UDPGLCAter,1,0,27,27
UAGDP;UPP3S,1,0,27,27
UAGDP;UPPDC1,1,0,27,27
UDPACGALtl;ACITLn,0,1,28,26
UDPACGALtl;ADPtn,0,1,28,26
UDPACGALtl;CITtn,0,1,28,26
UDPACGALtl;OAAtn,0,1,28,26
UDPACGALtl;R_group_phosphotase_1,1,0,27,27
UDPACGALtl;UMPK5,1,0,27,27
UDPDOLPT;UDPG4E,1,0,27,27
UDPDOLPT;UDPGALt2r,3,0,25,27
UDPDOLPT;UDPGALtg,1,0,27,27
UDPDOLPT;UDPGGPGTr,3,0,25,27
UDPDOLPT;UGCGc,3,0,25,27
UDPDOLPT;UMPK,0,1,28,26
UDPDOLPT;UMPtr,3,0,25,27
UDPG4E;ACITLn,0,1,28,26
UDPG4E;ADPtn,0,1,28,26
UDPG4E;CITtn,0,1,28,26
UDPG4E;OAAtn,0,1,28,26
UDPG4E;R_group_phosphotase_1,1,0,27,27
UDPG4E;UDPGD,2,1,26,26
UDPG4E;UDPGLCAter,1,0,27,27
UDPG4E;UDPGLCAtg,1,1,27,26
UDPG4E;UDPGLDCg,1,1,27,26
UDPG4E;UGALNACter,1,1,27,26
UDPG4E;UGALNACtg,0,1,28,26
UDPG4E;UPP3S,1,0,27,27
UDPG4E;UPPDC1,1,0,27,27
UDPGALt2r;ACITLn,0,1,28,26
UDPGALt2r;ADPtn,0,1,28,26
UDPGALt2r;CITtn,0,1,28,26
UDPGALt2r;OAAtn,0,1,28,26
UDPGALt2r;UDPGLCAter,1,0,27,27
UDPGALt2r;UPP3S,1,0,27,27
UDPGALt2r;UPPDC1,1,0,27,27
UDPGALtg;ACITLn,0,1,28,26
UDPGALtg;ADPtn,0,1,28,26
UDPGALtg;CITtn,0,1,28,26
UDPGALtg;OAAtn,0,1,28,26
UDPGALtg;R_group_phosphotase_1,1,0,27,27
UDPGALtg;UDPGD,2,1,26,26
UDPGALtg;UDPGLCAter,1,0,27,27
UDPGALtg;UDPGLCAtg,1,1,27,26
UDPGALtg;UDPGLDCg,1,1,27,26
UDPGALtg;UGALNACter,1,1,27,26
UDPGALtg;UGALNACtg,0,1,28,26
UDPGALtg;UPP3S,1,0,27,27
UDPGALtg;UPPDC1,1,0,27,27
UDPGCURtr;ARTFR41,0,1,28,26
UDPGCURtr;RTOT4,0,1,28,26
UDPGCURtr;UDPGD,0,1,28,26
UDPGCURtr;UMPtr,0,1,28,26
UDPGD;ARTFR41,0,1,28,26
UDPGD;ARTFR45,1,0,27,27
UDPGD;H3K36DMET_3,1,0,27,27
UDPGD;H3K36MET_3,1,0,27,27
UDPGD;RTOT4,1,1,27,26
UDPGD;R_group_phosphotase_1,1,0,27,27
UDPGD;UDPGALt2r,1,1,27,26
UDPGD;UDPGGPGTr,1,1,27,26
UDPGD;UDPGLCAter,0,1,28,26
UDPGD;UGALNACtg,0,1,28,26
UDPGD;UGCGc,1,1,27,26
UDPGD;UGLCNACtg,1,0,27,27
UDPGD;UMPK5,1,1,27,26
UDPGD;UMPtr,1,0,27,27
UDPGGPGTr;ACITLn,0,1,28,26
UDPGGPGTr;ADPtn,0,1,28,26
UDPGGPGTr;CITtn,0,1,28,26
UDPGGPGTr;OAAtn,0,1,28,26
UDPGGPGTr;UDPGLCAter,1,0,27,27
UDPGGPGTr;UPP3S,1,0,27,27
UDPGGPGTr;UPPDC1,1,0,27,27
UDPGLCAter;ACITLn,1,0,27,27
UDPGLCAter;ADPtn,1,0,27,27
UDPGLCAter;ARTFR45,1,0,27,27
UDPGLCAter;CITtn,1,0,27,27
UDPGLCAter;H3K36DMET_3,1,0,27,27
UDPGLCAter;H3K36MET_3,1,0,27,27
UDPGLCAter;OAAtn,1,0,27,27
UDPGLCAter;RTOT4,1,0,27,27
UDPGLCAter;UGCGc,1,0,27,27
UDPGLCAter;UGLCNACtg,1,0,27,27
UDPGLCAter;UMPtr,1,1,27,26
UDPGLCAtg;UGALNACtg,0,1,28,26
UDPGLCAtg;UMPK5,0,1,28,26
UDPGLDCg;UGALNACtg,0,1,28,26
UDPGLDCg;UMPK5,0,1,28,26
UDPtl;ACITLn,0,1,28,26
UDPtl;ADPtn,0,1,28,26
UDPtl;CITtn,0,1,28,26
UDPtl;OAAtn,0,1,28,26
UDPtl;R_group_phosphotase_1,1,0,27,27
UDPtl;UMPK5,1,0,27,27
UGALNACter;UGALNACtg,0,1,28,26
UGALNACter;UMPK5,0,1,28,26
UGALNACtg;ACITLn,0,1,28,26
UGALNACtg;ADPtn,0,1,28,26
UGALNACtg;CITtn,0,1,28,26
UGALNACtg;OAAtn,0,1,28,26
UGALNACtg;R_group_phosphotase_1,1,0,27,27
UGALNACtg;UGCGc,1,1,27,26
UGALNACtg;UGLCNACtg,0,1,28,26
UGALNACtg;UMPK5,1,0,27,27
UGCGc;ACITLn,0,1,28,26
UGCGc;ADPtn,0,1,28,26
UGCGc;CITtn,0,1,28,26
UGCGc;OAAtn,0,1,28,26
UGCGc;UMPK5,1,0,27,27
UGCGc;UPP3S,1,0,27,27
UGCGc;UPPDC1,1,0,27,27
UGLCNACtg;ACITLn,0,1,28,26
UGLCNACtg;ADPtn,0,1,28,26
UGLCNACtg;CITtn,0,1,28,26
UGLCNACtg;OAAtn,0,1,28,26
UGLCNACtg;R_group_phosphotase_1,1,0,27,27
UGLCNACtg;UPP3S,1,0,27,27
UGLCNACtg;UPPDC1,1,0,27,27
UGT1A10r;UGT1A2r,4,3,24,24
UGT1A2r;ARTFR41,0,1,28,26
UGT1A2r;H3K36DMET_3,1,0,27,27
UGT1A2r;H3K36MET_3,1,0,27,27
UGT1A2r;RTOT4,0,1,28,26
UMPK5;UROLACer,1,0,27,27
UMPK;R_group_phosphotase_1,0,1,28,26
UMPK;UMPK5,2,4,26,23
UMPtr;ACITLn,0,1,28,26
UMPtr;ADPtn,0,1,28,26
UMPtr;ARTFR41,0,1,28,26
UMPtr;CITtn,0,1,28,26
UMPtr;OAAtn,0,1,28,26
UMPtr;RTOT4,0,1,28,26
UMPtr;UPP3S,1,0,27,27
UMPtr;UPPDC1,1,0,27,27
UPP3S;ACITLn,1,0,27,27
UPP3S;ADPtn,1,0,27,27
UPP3S;ARTFR41,0,1,28,26
UPP3S;ARTFR45,1,0,27,27
UPP3S;CITtn,1,0,27,27
UPP3S;H3K36DMET_3,1,0,27,27
UPP3S;H3K36MET_3,1,0,27,27
UPP3S;OAAtn,1,0,27,27
UPP3S;RTOT4,1,1,27,26
UPPDC1;ACITLn,1,0,27,27
UPPDC1;ADPtn,1,0,27,27
UPPDC1;ARTFR41,0,1,28,26
UPPDC1;ARTFR45,1,0,27,27
UPPDC1;CITtn,1,0,27,27
UPPDC1;H3K36DMET_3,1,0,27,27
UPPDC1;H3K36MET_3,1,0,27,27
UPPDC1;OAAtn,1,0,27,27
UPPDC1;RTOT4,1,1,27,26
UROLACer;R_group_phosphotase_1,1,0,27,27
VALLAT1tc;VALt4,0,2,28,25
VALt4;VALtec,0,5,28,22
peparg_synthesis;H3K36DMET_3,1,0,27,27
peparg_synthesis;H3K36MET_3,1,0,27,27
peparg_synthesis;H3K4DMET_1,0,1,28,26
peparg_synthesis;H3K4MET_1,0,1,28,26
peplys_synthesis;H3K36DMET_2,1,0,27,27
q10h2tc;ACITLn,0,1,28,26
q10h2tc;ADPtn,0,1,28,26
q10h2tc;CITtn,0,1,28,26
q10h2tc;OAAtn,0,1,28,26
q10h2tc;RADH3,0,1,28,26
q10h2tc;RADH4,0,1,28,26
q10h2tc;THFtm,1,1,27,26
q10h2tc;TPI,1,0,27,27
q10tm;ACITLn,0,1,28,26
q10tm;ADPtn,0,1,28,26
q10tm;CITtn,0,1,28,26
q10tm;OAAtn,0,1,28,26
q10tm;RADH3,0,1,28,26
q10tm;RADH4,0,1,28,26
q10tm;THFtm,1,1,27,26
q10tm;TPI,1,0,27,27
