DoubleLethal,Counts in Normal,Counts in Cancer,Not SL in Normal,Not SL in Cancer
10FTHFtm;FTCD,0,2,23,23
10FTHFtm;GluForTx,0,2,23,23
10FTHFtm;HISD,0,2,23,23
10FTHFtm;IZPN,0,2,23,23
10FTHFtm;MTHFC,0,3,23,22
10FTHFtm;THFtm,0,2,23,23
10FTHFtm;URCN,0,2,23,23
2AMACHYD;NDPK3,3,0,20,25
2AMACHYD;O2t,3,0,20,25
2AOBUTtm;34HPPOR,0,1,23,24
2AOBUTtm;3HAD100m,0,1,23,24
2AOBUTtm;3HAD140m,0,1,23,24
2AOBUTtm;3HAD60m,0,1,23,24
2AOBUTtm;3HAD80m,0,1,23,24
2AOBUTtm;3HDH100m,0,1,23,24
2AOBUTtm;3HDH140m,0,1,23,24
2AOBUTtm;3HDH60m,0,1,23,24
2AOBUTtm;3HDH80m,0,1,23,24
2AOBUTtm;3M4HPGORx,0,1,23,24
2AOBUTtm;3M4HPGORy,0,1,23,24
2AOBUTtm;ACACT100m,0,1,23,24
2AOBUTtm;ACACT140m,0,1,23,24
2AOBUTtm;ACACT60m,0,1,23,24
2AOBUTtm;ACACT80m,0,1,23,24
2AOBUTtm;ACOA40ORm,0,3,23,22
2AOBUTtm;ACOAD100m,0,1,23,24
2AOBUTtm;ACOAD140m,0,1,23,24
2AOBUTtm;ACOAD1fm,0,4,23,21
2AOBUTtm;ACOAD60m,0,1,23,24
2AOBUTtm;ACOAD80m,0,1,23,24
2AOBUTtm;ACOATE100m,0,1,23,24
2AOBUTtm;ACONTa,0,1,23,24
2AOBUTtm;ACONTb,0,1,23,24
2AOBUTtm;AGTim,1,2,22,23
2AOBUTtm;AKGICITtm,0,1,23,24
2AOBUTtm;ALATA_L,0,1,23,24
2AOBUTtm;AMPt4,0,2,23,23
2AOBUTtm;ARTFR13,0,1,23,24
2AOBUTtm;ARTFR32,0,1,23,24
2AOBUTtm;ARTFR42,0,1,23,24
2AOBUTtm;ATPADPtp,1,0,22,25
2AOBUTtm;ATPt4,0,1,23,24
2AOBUTtm;BTCOACRNtm,0,1,23,24
2AOBUTtm;CACT6r,0,1,23,24
2AOBUTtm;CATp,1,1,22,24
2AOBUTtm;DESAT18_1,0,2,23,23
2AOBUTtm;DHFR3m,1,2,22,23
2AOBUTtm;DHFR3x,1,2,22,23
2AOBUTtm;DHFRm,1,3,22,22
2AOBUTtm;DHFRx,1,1,22,24
2AOBUTtm;DHFtm,1,0,22,25
2AOBUTtm;ECOAH1m,0,7,23,18
2AOBUTtm;ETHMALACc,0,1,23,24
2AOBUTtm;ETHMALACte,0,1,23,24
2AOBUTtm;ETHMALCOAc,0,1,23,24
2AOBUTtm;FA140ACPH,0,1,23,24
2AOBUTtm;FACOAL100im,0,1,23,24
2AOBUTtm;FACOAL140i,0,1,23,24
2AOBUTtm;FAE180,0,1,23,24
2AOBUTtm;FOLtm,1,2,22,23
2AOBUTtm;FUMAC,0,1,23,24
2AOBUTtm;G6PDH1rer,0,1,23,24
2AOBUTtm;GLUDxm,4,6,19,19
2AOBUTtm;GLUDym,1,5,22,20
2AOBUTtm;GLXtm,1,2,22,23
2AOBUTtm;GLXtp,1,2,22,23
2AOBUTtm;GLYCLTtp,1,1,22,24
2AOBUTtm;GLYCTO1p,1,1,22,24
2AOBUTtm;HACD180,0,1,23,24
2AOBUTtm;HACD1m,0,7,23,18
2AOBUTtm;HGNTOR,0,1,23,24
2AOBUTtm;HSD180,0,1,23,24
2AOBUTtm;L_LACtcm,0,1,23,24
2AOBUTtm;L_LACtm,0,1,23,24
2AOBUTtm;MACACIr,0,1,23,24
2AOBUTtm;MALCOAMT,0,1,23,24
2AOBUTtm;MALCOAMTr,0,1,23,24
2AOBUTtm;NADHtru,0,1,23,24
2AOBUTtm;NADtru,0,1,23,24
2AOBUTtm;O2tp,1,1,22,24
2AOBUTtm;OCDE9ECOAtr,0,1,23,24
2AOBUTtm;PItx,1,0,22,25
2AOBUTtm;PMTCOAFABP1tc,0,1,23,24
2AOBUTtm;PPA,1,2,22,23
2AOBUTtm;PPItm,0,2,23,23
2AOBUTtm;RPE,0,1,23,24
2AOBUTtm;RTOT1,0,1,23,24
2AOBUTtm;RTOT3,0,1,23,24
2AOBUTtm;RTOT4,0,1,23,24
2AOBUTtm;SERt4,0,1,23,24
2AOBUTtm;TCHOLAabc,1,0,22,25
2AOBUTtm;TCHOLAtx,1,0,22,25
2AOBUTtm;TECR180,0,1,23,24
2AOBUTtm;THFtm,2,2,21,23
2AOBUTtm;THRA,0,2,23,23
2AOBUTtm;TKT1,0,1,23,24
2AOBUTtm;TKT2,0,1,23,24
2AOBUTtm;TTDCPT1,0,1,23,24
2AOBUTtm;TTDCPT2,0,1,23,24
2AOBUTtm;TTDCRNt,0,1,23,24
2DR1PP;ADK1,0,1,23,24
2M3HVACc;5AOPtm,0,1,23,24
2M3HVACc;ALASm,0,1,23,24
2M3HVACc;BILDGLCURtr,0,1,23,24
2M3HVACc;BILIRED2,0,1,23,24
2M3HVACc;COt,0,1,23,24
2M3HVACc;CPPPGO,0,1,23,24
2M3HVACc;FCLTm,0,1,23,24
2M3HVACc;FE2tm,0,1,23,24
2M3HVACc;GALU,0,1,23,24
2M3HVACc;HCO3Em,0,1,23,24
2M3HVACc;HMBS,0,1,23,24
2M3HVACc;HOXG,0,1,23,24
2M3HVACc;MMEm,0,1,23,24
2M3HVACc;MMMm,0,1,23,24
2M3HVACc;NDP7er,0,1,23,24
2M3HVACc;PHEMEtm,0,1,23,24
2M3HVACc;PIt2r,0,1,23,24
2M3HVACc;PPBNGS,0,1,23,24
2M3HVACc;PPCOACm,0,1,23,24
2M3HVACc;PPPG9tm,0,1,23,24
2M3HVACc;PPPGOm,0,1,23,24
2M3HVACc;RND213,0,1,23,24
2M3HVACc;UDPGD,0,1,23,24
2M3HVACc;UDPGLCAter,0,1,23,24
2M3HVACc;UGT1A2r,0,1,23,24
2M3HVACc;UPP3S,0,1,23,24
2M3HVACc;UPPDC1,0,1,23,24
2M3HVACte;5AOPtm,0,1,23,24
2M3HVACte;ALASm,0,1,23,24
2M3HVACte;BILDGLCURtr,0,1,23,24
2M3HVACte;BILIRED2,0,1,23,24
2M3HVACte;COt,0,1,23,24
2M3HVACte;CPPPGO,0,1,23,24
2M3HVACte;FCLTm,0,1,23,24
2M3HVACte;FE2tm,0,1,23,24
2M3HVACte;GALU,0,1,23,24
2M3HVACte;HCO3Em,0,1,23,24
2M3HVACte;HMBS,0,1,23,24
2M3HVACte;HOXG,0,1,23,24
2M3HVACte;MMEm,0,1,23,24
2M3HVACte;MMMm,0,1,23,24
2M3HVACte;NDP7er,0,1,23,24
2M3HVACte;PHEMEtm,0,1,23,24
2M3HVACte;PIt2r,0,1,23,24
2M3HVACte;PPBNGS,0,1,23,24
2M3HVACte;PPCOACm,0,1,23,24
2M3HVACte;PPPG9tm,0,1,23,24
2M3HVACte;PPPGOm,0,1,23,24
2M3HVACte;RND213,0,1,23,24
2M3HVACte;UDPGD,0,1,23,24
2M3HVACte;UDPGLCAter,0,1,23,24
2M3HVACte;UGT1A2r,0,1,23,24
2M3HVACte;UPP3S,0,1,23,24
2M3HVACte;UPPDC1,0,1,23,24
2M3OVACm;5AOPtm,0,1,23,24
2M3OVACm;ALASm,0,1,23,24
2M3OVACm;BILDGLCURtr,0,1,23,24
2M3OVACm;BILIRED2,0,1,23,24
2M3OVACm;COt,0,1,23,24
2M3OVACm;CPPPGO,0,1,23,24
2M3OVACm;FCLTm,0,1,23,24
2M3OVACm;FE2tm,0,1,23,24
2M3OVACm;GALU,0,1,23,24
2M3OVACm;HCO3Em,0,1,23,24
2M3OVACm;HMBS,0,1,23,24
2M3OVACm;HOXG,0,1,23,24
2M3OVACm;MMEm,0,1,23,24
2M3OVACm;MMMm,0,1,23,24
2M3OVACm;NDP7er,0,1,23,24
2M3OVACm;PHEMEtm,0,1,23,24
2M3OVACm;PIt2r,0,1,23,24
2M3OVACm;PPBNGS,0,1,23,24
2M3OVACm;PPCOACm,0,1,23,24
2M3OVACm;PPPG9tm,0,1,23,24
2M3OVACm;PPPGOm,0,1,23,24
2M3OVACm;RND213,0,1,23,24
2M3OVACm;UDPGD,0,1,23,24
2M3OVACm;UDPGLCAter,0,1,23,24
2M3OVACm;UGT1A2r,0,1,23,24
2M3OVACm;UPP3S,0,1,23,24
2M3OVACm;UPPDC1,0,1,23,24
2M3OVACtm;5AOPtm,0,1,23,24
2M3OVACtm;ALASm,0,1,23,24
2M3OVACtm;BILDGLCURtr,0,1,23,24
2M3OVACtm;BILIRED2,0,1,23,24
2M3OVACtm;COt,0,1,23,24
2M3OVACtm;CPPPGO,0,1,23,24
2M3OVACtm;FCLTm,0,1,23,24
2M3OVACtm;FE2tm,0,1,23,24
2M3OVACtm;GALU,0,1,23,24
2M3OVACtm;HCO3Em,0,1,23,24
2M3OVACtm;HMBS,0,1,23,24
2M3OVACtm;HOXG,0,1,23,24
2M3OVACtm;MMEm,0,1,23,24
2M3OVACtm;MMMm,0,1,23,24
2M3OVACtm;NDP7er,0,1,23,24
2M3OVACtm;PHEMEtm,0,1,23,24
2M3OVACtm;PIt2r,0,1,23,24
2M3OVACtm;PPBNGS,0,1,23,24
2M3OVACtm;PPCOACm,0,1,23,24
2M3OVACtm;PPPG9tm,0,1,23,24
2M3OVACtm;PPPGOm,0,1,23,24
2M3OVACtm;RND213,0,1,23,24
2M3OVACtm;UDPGD,0,1,23,24
2M3OVACtm;UDPGLCAter,0,1,23,24
2M3OVACtm;UGT1A2r,0,1,23,24
2M3OVACtm;UPP3S,0,1,23,24
2M3OVACtm;UPPDC1,0,1,23,24
2M3OVCOAm;5AOPtm,0,1,23,24
2M3OVCOAm;ALASm,0,1,23,24
2M3OVCOAm;BILDGLCURtr,0,1,23,24
2M3OVCOAm;BILIRED2,0,1,23,24
2M3OVCOAm;COt,0,1,23,24
2M3OVCOAm;CPPPGO,0,1,23,24
2M3OVCOAm;FCLTm,0,1,23,24
2M3OVCOAm;FE2tm,0,1,23,24
2M3OVCOAm;GALU,0,1,23,24
2M3OVCOAm;HCO3Em,0,1,23,24
2M3OVCOAm;HMBS,0,1,23,24
2M3OVCOAm;HOXG,0,1,23,24
2M3OVCOAm;MMEm,0,1,23,24
2M3OVCOAm;MMMm,0,1,23,24
2M3OVCOAm;NDP7er,0,1,23,24
2M3OVCOAm;PHEMEtm,0,1,23,24
2M3OVCOAm;PIt2r,0,1,23,24
2M3OVCOAm;PPBNGS,0,1,23,24
2M3OVCOAm;PPCOACm,0,1,23,24
2M3OVCOAm;PPPG9tm,0,1,23,24
2M3OVCOAm;PPPGOm,0,1,23,24
2M3OVCOAm;RND213,0,1,23,24
2M3OVCOAm;UDPGD,0,1,23,24
2M3OVCOAm;UDPGLCAter,0,1,23,24
2M3OVCOAm;UGT1A2r,0,1,23,24
2M3OVCOAm;UPP3S,0,1,23,24
2M3OVCOAm;UPPDC1,0,1,23,24
2MCITt;CHOLtu,2,0,21,25
2MCITt;CYSt4,5,1,18,24
335TRITHYRt5e;O2t,1,0,22,25
34DHPHAMT;34HPLFM,0,1,23,24
34DHPHAMT;3DPHBH1,0,1,23,24
34DHPHAMT;4HBZCOAFm,0,1,23,24
34DHPHAMT;4HBZFm,0,1,23,24
34DHPHAMT;AMETt2m,0,1,23,24
34DHPHAMT;AMPt4,0,1,23,24
34DHPHAMT;COQ3m,0,1,23,24
34DHPHAMT;COQ5m,0,1,23,24
34DHPHAMT;COQ6m,0,1,23,24
34DHPHAMT;COQ7m,0,1,23,24
34DHPHAMT;COUCOAFm,0,1,23,24
34DHPHAMT;DECDPtm,0,1,23,24
34DHPHAMT;DHDPBMTm,0,1,23,24
34DHPHAMT;DPHMBDCm,0,1,23,24
34DHPHAMT;DPPS,0,1,23,24
34DHPHAMT;FRDPtc,0,1,23,24
34DHPHAMT;GLUDym,0,1,23,24
34DHPHAMT;HBZOPT10m,0,1,23,24
34DHPHAMT;PPItm,0,1,23,24
34DHPHAMT;Q10H2e,0,1,23,24
34DHPHAMT;T4HCINNMFM,0,1,23,24
34DHPHAMT;TYRTAm,0,1,23,24
34DHPHAMT;TYRtl,0,1,23,24
34DHPHAMT;q10h2tc,0,1,23,24
34DHPLACOX;34HPLFM,0,1,23,24
34DHPLACOX;3DPHBH1,0,1,23,24
34DHPLACOX;4HBZCOAFm,0,1,23,24
34DHPLACOX;4HBZFm,0,1,23,24
34DHPLACOX;AMETt2m,0,1,23,24
34DHPLACOX;AMPt4,0,1,23,24
34DHPLACOX;COQ3m,0,1,23,24
34DHPLACOX;COQ5m,0,1,23,24
34DHPLACOX;COQ6m,0,1,23,24
34DHPLACOX;COQ7m,0,1,23,24
34DHPLACOX;COUCOAFm,0,1,23,24
34DHPLACOX;DECDPtm,0,1,23,24
34DHPLACOX;DHDPBMTm,0,1,23,24
34DHPLACOX;DPHMBDCm,0,1,23,24
34DHPLACOX;DPPS,0,1,23,24
34DHPLACOX;FRDPtc,0,1,23,24
34DHPLACOX;GLUDym,0,1,23,24
34DHPLACOX;HBZOPT10m,0,1,23,24
34DHPLACOX;PPItm,0,1,23,24
34DHPLACOX;Q10H2e,0,1,23,24
34DHPLACOX;T4HCINNMFM,0,1,23,24
34DHPLACOX;TYRTAm,0,1,23,24
34DHPLACOX;TYRtl,0,1,23,24
34DHPLACOX;q10h2tc,0,1,23,24
34HPLFM;3HLYTCL,0,2,23,23
34HPLFM;3M4HDXPAC,0,1,23,24
34HPLFM;3MOXTYROX,0,1,23,24
34HPLFM;42A12BOOX,0,1,23,24
34HPLFM;AHCYStn,3,2,20,23
34HPLFM;AKGtn,3,1,20,24
34HPLFM;ALCD1,0,1,23,24
34HPLFM;AMETtn,3,2,20,23
34HPLFM;ARGN,4,1,19,24
34HPLFM;ATPS4m,21,11,2,14
34HPLFM;CATp,7,4,16,21
34HPLFM;CBPSam,5,1,18,24
34HPLFM;CITRORNtm,1,0,22,25
34HPLFM;CITRte,5,1,18,24
34HPLFM;CO2tn,3,1,20,24
34HPLFM;CYOOm2,16,12,7,13
34HPLFM;CYOOm3,5,2,18,23
34HPLFM;CYOR_u10m,21,14,2,11
34HPLFM;DOPAMT,0,1,23,24
34HPLFM;FALDH,2,1,21,24
34HPLFM;FALDtn,3,1,20,24
34HPLFM;FALDtx,7,5,16,20
34HPLFM;GLUDxm,1,0,22,25
34HPLFM;GNMT,7,5,16,20
34HPLFM;H3K36MET_1,0,1,23,24
34HPLFM;H3K36MET_2,0,1,23,24
34HPLFM;H3K36MET_3,0,1,23,24
34HPLFM;H3K36_synthesis,0,1,23,24
34HPLFM;HCO3Em,1,1,22,24
34HPLFM;HMGDH,0,1,23,24
34HPLFM;HMGS,0,1,23,24
34HPLFM;HOMOVALte,0,2,23,23
34HPLFM;LYStn,0,1,23,24
34HPLFM;MEOHt2,0,1,23,24
34HPLFM;O2St,0,1,23,24
34HPLFM;O2Stm,5,2,18,23
34HPLFM;O2Stx,0,1,23,24
34HPLFM;O2tp,6,3,17,22
34HPLFM;OCBTm,5,1,18,24
34HPLFM;ORNt4m,4,1,19,24
34HPLFM;PE_HStm,0,1,23,24
34HPLFM;PSDm_hs,0,1,23,24
34HPLFM;PSFLIPm,0,1,23,24
34HPLFM;PYRAKGte,0,1,23,24
34HPLFM;SARCOXp,7,5,16,20
34HPLFM;SARCStp,7,5,16,20
34HPLFM;SFGTH,2,2,21,23
34HPLFM;SPODMx,0,1,23,24
34HPLFM;TYRDOPO,0,2,23,23
34HPLFM;peplys_synthesis,0,1,23,24
34HPPOR;ACACT1rm,2,0,21,25
34HPPOR;ACITL,0,1,23,24
34HPPOR;ACOA40ORm,2,0,21,25
34HPPOR;ACOAD1fm,4,0,19,25
34HPPOR;ACONTam,0,1,23,24
34HPPOR;ACONTbm,0,1,23,24
34HPPOR;AKGICITtm,1,0,22,25
34HPPOR;AMPt4,1,0,22,25
34HPPOR;APAT2rm,1,0,22,25
34HPPOR;ARTFR32,1,0,22,25
34HPPOR;ASNN,0,1,23,24
34HPPOR;ATPS4m,1,0,22,25
34HPPOR;BALAtmr,1,0,22,25
34HPPOR;BUTt2m,3,0,20,25
34HPPOR;CITOXAtm,0,1,23,24
34HPPOR;CYOOm2,1,0,22,25
34HPPOR;CYOR_u10m,1,0,22,25
34HPPOR;DESAT18_1,1,0,22,25
34HPPOR;DHPM1,1,0,22,25
34HPPOR;DURAD,1,0,22,25
34HPPOR;ECOAH1m,6,0,17,25
34HPPOR;FA40ACPH,3,0,20,25
34HPPOR;FACOAL40im,3,0,20,25
34HPPOR;FCYTOB5OXRyr,1,0,22,25
34HPPOR;GLUDxm,5,0,18,25
34HPPOR;GLUDym,1,0,22,25
34HPPOR;GLYATm,0,1,23,24
34HPPOR;HACD1m,6,0,17,25
34HPPOR;ICDHyrm,0,1,23,24
34HPPOR;L_LACtcm,0,1,23,24
34HPPOR;L_LACtm,0,1,23,24
34HPPOR;MMSAD3m,1,0,22,25
34HPPOR;NADHtru,5,0,18,25
34HPPOR;NADtru,5,0,18,25
34HPPOR;NCAMDe,1,0,22,25
34HPPOR;NMNDA,1,0,22,25
34HPPOR;NTD2,1,0,22,25
34HPPOR;OCDE9ECOAtr,1,0,22,25
34HPPOR;OXALSUCCCLm,0,1,23,24
34HPPOR;OXAPItm,0,1,23,24
34HPPOR;PNP,1,0,22,25
34HPPOR;PPItm,1,0,22,25
34HPPOR;PYNP2r,1,0,22,25
34HPPOR;RNMK,1,0,22,25
34HPPOR;RTOT3,1,0,22,25
34HPPOR;THR3Dx,0,1,23,24
34HPPOR;UPPN,1,0,22,25
3AIB_Dtm;AKGDa1,0,1,23,24
3AIB_Dtm;AKGDa2,0,1,23,24
3AIB_Dtm;AKGDb,0,1,23,24
3AIB_Dtm;APAT2rm,1,3,22,22
3AIB_Dtm;BALAtmr,1,3,22,22
3AIB_Dtm;DHPM1,1,3,22,22
3AIB_Dtm;DLD,0,1,23,24
3AIB_Dtm;DURAD,1,3,22,22
3AIB_Dtm;DURIPP,2,3,21,22
3AIB_Dtm;G5SADr,0,1,23,24
3AIB_Dtm;GLU5SAtmc,0,1,23,24
3AIB_Dtm;GSADHm,0,1,23,24
3AIB_Dtm;MMSAD3m,1,3,22,22
3AIB_Dtm;NTD1,2,3,21,22
3AIB_Dtm;PIter,0,1,23,24
3AIB_Dtm;THFtm,0,1,23,24
3AIB_Dtm;THRA,0,1,23,24
3AIB_Dtm;UPPN,1,3,22,22
3DPHBH1;3HLYTCL,0,2,23,23
3DPHBH1;3M4HDXPAC,0,1,23,24
3DPHBH1;3MOXTYROX,0,1,23,24
3DPHBH1;42A12BOOX,0,1,23,24
3DPHBH1;AHCYStn,3,2,20,23
3DPHBH1;AKGtn,3,1,20,24
3DPHBH1;ALCD1,0,1,23,24
3DPHBH1;AMETtn,3,2,20,23
3DPHBH1;ARGN,4,1,19,24
3DPHBH1;ATPS4m,21,10,2,15
3DPHBH1;CATp,7,4,16,21
3DPHBH1;CBPSam,5,1,18,24
3DPHBH1;CITRORNtm,1,0,22,25
3DPHBH1;CITRte,5,1,18,24
3DPHBH1;CO2tn,3,1,20,24
3DPHBH1;CYOOm2,16,11,7,14
3DPHBH1;CYOOm3,5,2,18,23
3DPHBH1;CYOR_u10m,21,13,2,12
3DPHBH1;DOPAMT,0,1,23,24
3DPHBH1;FALDH,2,1,21,24
3DPHBH1;FALDtn,3,1,20,24
3DPHBH1;FALDtx,7,5,16,20
3DPHBH1;GLUDxm,1,0,22,25
3DPHBH1;GNMT,7,5,16,20
3DPHBH1;H3K36MET_1,0,1,23,24
3DPHBH1;H3K36MET_2,0,1,23,24
3DPHBH1;H3K36MET_3,0,1,23,24
3DPHBH1;H3K36_synthesis,0,1,23,24
3DPHBH1;HCO3Em,1,1,22,24
3DPHBH1;HMGDH,0,1,23,24
3DPHBH1;HMGS,0,1,23,24
3DPHBH1;HOMOVALte,0,2,23,23
3DPHBH1;LYStn,0,1,23,24
3DPHBH1;MEOHt2,0,1,23,24
3DPHBH1;O2St,0,1,23,24
3DPHBH1;O2Stm,5,2,18,23
3DPHBH1;O2Stx,0,1,23,24
3DPHBH1;O2tp,6,3,17,22
3DPHBH1;OCBTm,5,1,18,24
3DPHBH1;ORNt4m,4,1,19,24
3DPHBH1;PE_HStm,0,1,23,24
3DPHBH1;PSDm_hs,0,1,23,24
3DPHBH1;PSFLIPm,0,1,23,24
3DPHBH1;PYRAKGte,0,1,23,24
3DPHBH1;SARCOXp,7,5,16,20
3DPHBH1;SARCStp,7,5,16,20
3DPHBH1;SFGTH,2,2,21,23
3DPHBH1;SPODMx,0,1,23,24
3DPHBH1;TYRDOPO,0,2,23,23
3DPHBH1;peplys_synthesis,0,1,23,24
3DPHBH2;ATPS4m,0,1,23,24
3DPHBH2;CYOOm2,0,1,23,24
3DPHBH2;CYOR_u10m,0,1,23,24
3HAD100m;3M2OPLOXRD,0,1,23,24
3HAD100m;ACACT10m,0,1,23,24
3HAD100m;ACOAD10m,0,1,23,24
3HAD100m;APAT2rm,0,1,23,24
3HAD100m;ASP1DC,0,1,23,24
3HAD100m;BALAtmr,0,1,23,24
3HAD100m;DHRT_2mbcoa,0,1,23,24
3HAD100m;ECOAH9m,0,1,23,24
3HAD100m;GLUDxm,0,1,23,24
3HAD100m;GLYATm,0,1,23,24
3HAD100m;HACD9m,0,1,23,24
3HAD100m;ILETAm,0,1,23,24
3HAD100m;ILEt5m,0,1,23,24
3HAD100m;MMSAD3m,0,1,23,24
3HAD100m;NH4tm,0,1,23,24
3HAD100m;PPCOAtm,0,2,23,23
3HAD100m;THR3Dx,0,1,23,24
3HAD140m;3M2OPLOXRD,0,1,23,24
3HAD140m;ACACT10m,0,1,23,24
3HAD140m;ACOAD10m,0,1,23,24
3HAD140m;APAT2rm,0,1,23,24
3HAD140m;ASP1DC,0,1,23,24
3HAD140m;BALAtmr,0,1,23,24
3HAD140m;DHRT_2mbcoa,0,1,23,24
3HAD140m;ECOAH9m,0,1,23,24
3HAD140m;GLUDxm,0,1,23,24
3HAD140m;GLYATm,0,1,23,24
3HAD140m;HACD9m,0,1,23,24
3HAD140m;ILETAm,0,1,23,24
3HAD140m;ILEt5m,0,1,23,24
3HAD140m;MMSAD3m,0,1,23,24
3HAD140m;NH4tm,0,1,23,24
3HAD140m;PPCOAtm,0,2,23,23
3HAD140m;THR3Dx,0,1,23,24
3HAD160;ARTFR13,0,2,23,23
3HAD160;ARTPLM1,0,2,23,23
3HAD160;CACT6r,0,2,23,23
3HAD160;FA140ACPH,0,2,23,23
3HAD160;FACOAL140i,0,2,23,23
3HAD160;FAE180,0,1,23,24
3HAD160;HACD180,0,1,23,24
3HAD160;HSD180,0,1,23,24
3HAD160;MALCOAMT,0,2,23,23
3HAD160;MALCOAMTr,0,2,23,23
3HAD160;PMTCOAFABP1tc,0,2,23,23
3HAD160;RTOT1,0,2,23,23
3HAD160;TECR180,0,1,23,24
3HAD241n9p;ACONTb,1,0,22,25
3HAD241n9p;ARTFR33,0,1,23,24
3HAD241n9p;ARTFR43,1,0,22,25
3HAD241n9p;ARTPLM1,1,1,22,24
3HAD241n9p;CO2t,1,1,22,24
3HAD241n9p;COAtr,0,1,23,24
3HAD241n9p;DESAT16_1,0,1,23,24
3HAD241n9p;FAE181,1,1,22,24
3HAD241n9p;HACD181,1,1,22,24
3HAD241n9p;HSD181,1,1,22,24
3HAD241n9p;ICDHyrm,1,0,22,25
3HAD241n9p;OCTD11ECOAtr,1,1,22,24
3HAD241n9p;OXALSUCCCLm,1,0,22,25
3HAD241n9p;RTOT3,0,1,23,24
3HAD241n9p;RTOT4,1,0,22,25
3HAD241n9p;TECR181,1,1,22,24
3HAD241n9p;TRDOXtm,3,4,20,21
3HAD241n9p;TRDR,10,4,13,21
3HAD241n9p;TRDRDtm,3,4,20,21
3HAD241n9p;TRDRm,3,4,20,21
3HAD60m;3M2OPLOXRD,0,1,23,24
3HAD60m;ACACT10m,0,1,23,24
3HAD60m;ACOAD10m,0,1,23,24
3HAD60m;APAT2rm,0,1,23,24
3HAD60m;ASP1DC,0,1,23,24
3HAD60m;BALAtmr,0,1,23,24
3HAD60m;DHRT_2mbcoa,0,1,23,24
3HAD60m;ECOAH9m,0,1,23,24
3HAD60m;GLUDxm,0,1,23,24
3HAD60m;GLYATm,0,1,23,24
3HAD60m;HACD9m,0,1,23,24
3HAD60m;ILETAm,0,1,23,24
3HAD60m;ILEt5m,0,1,23,24
3HAD60m;MMSAD3m,0,1,23,24
3HAD60m;NH4tm,0,1,23,24
3HAD60m;PPCOAtm,0,2,23,23
3HAD60m;THR3Dx,0,1,23,24
3HAD80m;3M2OPLOXRD,0,1,23,24
3HAD80m;ACACT10m,0,1,23,24
3HAD80m;ACOAD10m,0,1,23,24
3HAD80m;APAT2rm,0,1,23,24
3HAD80m;ASP1DC,0,1,23,24
3HAD80m;BALAtmr,0,1,23,24
3HAD80m;DHRT_2mbcoa,0,1,23,24
3HAD80m;ECOAH9m,0,1,23,24
3HAD80m;GLUDxm,0,1,23,24
3HAD80m;GLYATm,0,1,23,24
3HAD80m;HACD9m,0,1,23,24
3HAD80m;ILETAm,0,1,23,24
3HAD80m;ILEt5m,0,1,23,24
3HAD80m;MMSAD3m,0,1,23,24
3HAD80m;NH4tm,0,1,23,24
3HAD80m;PPCOAtm,0,2,23,23
3HAD80m;THR3Dx,0,1,23,24
3HAO;ALATA_L,5,3,18,22
3HAO;ENO,0,1,23,24
3HAO;FBA3,0,1,23,24
3HAO;GAPD,0,1,23,24
3HAO;HEX12,0,1,23,24
3HAO;Htr,0,1,23,24
3HAO;PFK_3,0,1,23,24
3HAO;PGI,0,1,23,24
3HAO;PGK,0,1,23,24
3HAO;PGM,0,1,23,24
3HAO;RPE,0,2,23,23
3HAO;TALA,0,1,23,24
3HAO;TKT1,0,2,23,23
3HAO;TKT2,0,2,23,23
3HAO;TPI,0,1,23,24
3HAO;TXA2tr,0,1,23,24
3HAO;TXB2c,0,1,23,24
3HAO;TXB2r,0,1,23,24
3HAO;TXB2tr,0,1,23,24
3HDH100m;3M2OPLOXRD,0,1,23,24
3HDH100m;ACACT10m,0,1,23,24
3HDH100m;ACOAD10m,0,1,23,24
3HDH100m;APAT2rm,0,1,23,24
3HDH100m;ASP1DC,0,1,23,24
3HDH100m;BALAtmr,0,1,23,24
3HDH100m;DHRT_2mbcoa,0,1,23,24
3HDH100m;ECOAH9m,0,1,23,24
3HDH100m;GLUDxm,0,1,23,24
3HDH100m;GLYATm,0,1,23,24
3HDH100m;HACD9m,0,1,23,24
3HDH100m;ILETAm,0,1,23,24
3HDH100m;ILEt5m,0,1,23,24
3HDH100m;MMSAD3m,0,1,23,24
3HDH100m;NH4tm,0,1,23,24
3HDH100m;PPCOAtm,0,2,23,23
3HDH100m;THR3Dx,0,1,23,24
3HDH140m;3M2OPLOXRD,0,1,23,24
3HDH140m;ACACT10m,0,1,23,24
3HDH140m;ACOAD10m,0,1,23,24
3HDH140m;APAT2rm,0,1,23,24
3HDH140m;ASP1DC,0,1,23,24
3HDH140m;BALAtmr,0,1,23,24
3HDH140m;DHRT_2mbcoa,0,1,23,24
3HDH140m;ECOAH9m,0,1,23,24
3HDH140m;GLUDxm,0,1,23,24
3HDH140m;GLYATm,0,1,23,24
3HDH140m;HACD9m,0,1,23,24
3HDH140m;ILETAm,0,1,23,24
3HDH140m;ILEt5m,0,1,23,24
3HDH140m;MMSAD3m,0,1,23,24
3HDH140m;NH4tm,0,1,23,24
3HDH140m;PPCOAtm,0,2,23,23
3HDH140m;THR3Dx,0,1,23,24
3HDH224n6p;ACONTb,1,0,22,25
3HDH224n6p;CO2t,0,1,23,24
3HDH224n6p;ICDHyrm,1,0,22,25
3HDH224n6p;OXALSUCCCLm,1,0,22,25
3HDH224n6p;TRDOXtm,1,2,22,23
3HDH224n6p;TRDR,3,2,20,23
3HDH224n6p;TRDRDtm,1,2,22,23
3HDH224n6p;TRDRm,1,2,22,23
3HDH241n9p;ARTFR33,0,1,23,24
3HDH241n9p;ARTFR43,1,0,22,25
3HDH241n9p;ARTPLM1,1,1,22,24
3HDH241n9p;CO2t,1,0,22,25
3HDH241n9p;COAtr,0,1,23,24
3HDH241n9p;DESAT16_1,0,1,23,24
3HDH241n9p;FAE181,1,1,22,24
3HDH241n9p;HACD181,1,1,22,24
3HDH241n9p;HSD181,1,1,22,24
3HDH241n9p;OCTD11ECOAtr,1,1,22,24
3HDH241n9p;RTOT3,0,1,23,24
3HDH241n9p;RTOT4,1,0,22,25
3HDH241n9p;TECR181,1,1,22,24
3HDH241n9p;TRDOXtm,2,2,21,23
3HDH241n9p;TRDR,7,2,16,23
3HDH241n9p;TRDRDtm,2,2,21,23
3HDH241n9p;TRDRm,2,2,21,23
3HDH60m;3M2OPLOXRD,0,1,23,24
3HDH60m;ACACT10m,0,1,23,24
3HDH60m;ACOAD10m,0,1,23,24
3HDH60m;APAT2rm,0,1,23,24
3HDH60m;ASP1DC,0,1,23,24
3HDH60m;BALAtmr,0,1,23,24
3HDH60m;DHRT_2mbcoa,0,1,23,24
3HDH60m;ECOAH9m,0,1,23,24
3HDH60m;GLUDxm,0,1,23,24
3HDH60m;GLYATm,0,1,23,24
3HDH60m;HACD9m,0,1,23,24
3HDH60m;ILETAm,0,1,23,24
3HDH60m;ILEt5m,0,1,23,24
3HDH60m;MMSAD3m,0,1,23,24
3HDH60m;NH4tm,0,1,23,24
3HDH60m;PPCOAtm,0,2,23,23
3HDH60m;THR3Dx,0,1,23,24
3HDH80m;3M2OPLOXRD,0,1,23,24
3HDH80m;ACACT10m,0,1,23,24
3HDH80m;ACOAD10m,0,1,23,24
3HDH80m;APAT2rm,0,1,23,24
3HDH80m;ASP1DC,0,1,23,24
3HDH80m;BALAtmr,0,1,23,24
3HDH80m;DHRT_2mbcoa,0,1,23,24
3HDH80m;ECOAH9m,0,1,23,24
3HDH80m;GLUDxm,0,1,23,24
3HDH80m;GLYATm,0,1,23,24
3HDH80m;HACD9m,0,1,23,24
3HDH80m;ILETAm,0,1,23,24
3HDH80m;ILEt5m,0,1,23,24
3HDH80m;MMSAD3m,0,1,23,24
3HDH80m;NH4tm,0,1,23,24
3HDH80m;PPCOAtm,0,2,23,23
3HDH80m;THR3Dx,0,1,23,24
3HGLUTCOAm;CO2t,0,1,23,24
3HLYTCL;4HBZCOAFm,0,2,23,23
3HLYTCL;4HBZFm,0,2,23,23
3HLYTCL;ADPt4,0,1,23,24
3HLYTCL;AKGSUCCtm,0,1,23,24
3HLYTCL;ALATA_L,0,1,23,24
3HLYTCL;AMETt2m,0,2,23,23
3HLYTCL;AMPt4,0,2,23,23
3HLYTCL;ATPt4,0,1,23,24
3HLYTCL;COQ3m,0,2,23,23
3HLYTCL;COQ5m,0,2,23,23
3HLYTCL;COQ6m,0,2,23,23
3HLYTCL;COQ7m,0,2,23,23
3HLYTCL;COUCOAFm,0,2,23,23
3HLYTCL;DECDPtm,0,2,23,23
3HLYTCL;DHDPBMTm,0,2,23,23
3HLYTCL;DPHMBDCm,0,2,23,23
3HLYTCL;DPPS,0,2,23,23
3HLYTCL;FRDPtc,0,2,23,23
3HLYTCL;GLUDym,0,1,23,24
3HLYTCL;HBZOPT10m,0,2,23,23
3HLYTCL;HCO3Em,0,1,23,24
3HLYTCL;PIMALtm,0,1,23,24
3HLYTCL;PPItm,0,2,23,23
3HLYTCL;PROGLUtm,0,1,23,24
3HLYTCL;PROtm,0,1,23,24
3HLYTCL;Q10H2e,0,2,23,23
3HLYTCL;SO3AKGtm,0,1,23,24
3HLYTCL;SO3MALtm,0,1,23,24
3HLYTCL;T4HCINNMFM,0,2,23,23
3HLYTCL;THRD_L,0,1,23,24
3HLYTCL;TYRTAm,0,2,23,23
3HLYTCL;TYRtl,0,2,23,23
3HLYTCL;q10h2tc,0,2,23,23
3HPCOAHYDm;AGTim,0,1,23,24
3HPCOAHYDm;GLXtm,0,1,23,24
3HPCOAHYDm;GLXtp,0,1,23,24
3HPCOAHYDm;O2tp,0,1,23,24
3HPPDm;AGTim,0,1,23,24
3HPPDm;GLXtm,0,1,23,24
3HPPDm;GLXtp,0,1,23,24
3HPPDm;O2tp,0,1,23,24
3M2OPLOXRD;ACACT100m,0,1,23,24
3M2OPLOXRD;ACACT140m,0,1,23,24
3M2OPLOXRD;ACACT60m,0,1,23,24
3M2OPLOXRD;ACACT80m,0,1,23,24
3M2OPLOXRD;ACITL,0,1,23,24
3M2OPLOXRD;ACOAD100m,0,1,23,24
3M2OPLOXRD;ACOAD140m,0,1,23,24
3M2OPLOXRD;ACOAD1fm,0,1,23,24
3M2OPLOXRD;ACOAD60m,0,1,23,24
3M2OPLOXRD;ACOAD80m,0,1,23,24
3M2OPLOXRD;ACOATE100m,0,1,23,24
3M2OPLOXRD;ACONTa,0,1,23,24
3M2OPLOXRD;ACONTb,0,1,23,24
3M2OPLOXRD;ADK3m,0,1,23,24
3M2OPLOXRD;CRNtim,0,1,23,24
3M2OPLOXRD;FA140ACPH,0,1,23,24
3M2OPLOXRD;FACOAL100im,0,1,23,24
3M2OPLOXRD;FACOAL140i,0,1,23,24
3M2OPLOXRD;ICDHyrm,0,1,23,24
3M2OPLOXRD;ICITMALtm,0,1,23,24
3M2OPLOXRD;OXALSUCCCLm,0,1,23,24
3M2OPLOXRD;PPItm,0,1,23,24
3M2OPLOXRD;TTDCPT1,0,1,23,24
3M2OPLOXRD;TTDCPT2,0,1,23,24
3M2OPLOXRD;TTDCRNt,0,1,23,24
3M4HDXPAC;4HBZCOAFm,0,1,23,24
3M4HDXPAC;4HBZFm,0,1,23,24
3M4HDXPAC;ADPt4,0,1,23,24
3M4HDXPAC;AKGSUCCtm,0,1,23,24
3M4HDXPAC;ALATA_L,0,1,23,24
3M4HDXPAC;AMETt2m,0,1,23,24
3M4HDXPAC;AMPt4,0,1,23,24
3M4HDXPAC;ATPt4,0,1,23,24
3M4HDXPAC;COQ3m,0,1,23,24
3M4HDXPAC;COQ5m,0,1,23,24
3M4HDXPAC;COQ6m,0,1,23,24
3M4HDXPAC;COQ7m,0,1,23,24
3M4HDXPAC;COUCOAFm,0,1,23,24
3M4HDXPAC;DECDPtm,0,1,23,24
3M4HDXPAC;DHDPBMTm,0,1,23,24
3M4HDXPAC;DPHMBDCm,0,1,23,24
3M4HDXPAC;DPPS,0,1,23,24
3M4HDXPAC;FRDPtc,0,1,23,24
3M4HDXPAC;HBZOPT10m,0,1,23,24
3M4HDXPAC;HCO3Em,0,1,23,24
3M4HDXPAC;PIMALtm,0,1,23,24
3M4HDXPAC;PPItm,0,1,23,24
3M4HDXPAC;PROGLUtm,0,1,23,24
3M4HDXPAC;PROtm,0,1,23,24
3M4HDXPAC;Q10H2e,0,1,23,24
3M4HDXPAC;SO3AKGtm,0,1,23,24
3M4HDXPAC;SO3MALtm,0,1,23,24
3M4HDXPAC;T4HCINNMFM,0,1,23,24
3M4HDXPAC;THRD_L,0,1,23,24
3M4HDXPAC;TYRTAm,0,1,23,24
3M4HDXPAC;TYRtl,0,1,23,24
3M4HDXPAC;q10h2tc,0,1,23,24
3M4HPGORx;GLYATm,0,1,23,24
3M4HPGORx;GLYtm,0,1,23,24
3M4HPGORx;THR3Dx,0,1,23,24
3M4HPGORy;GLYATm,0,1,23,24
3M4HPGORy;GLYtm,0,1,23,24
3M4HPGORy;THR3Dx,0,1,23,24
3MHISc;PHEt4,0,1,23,24
3MHISc;PHEtec,0,1,23,24
3MHISt2;LEUt4,0,1,23,24
3MHISt2;PHEt4,0,1,23,24
3MHISt3;LEUt4,0,1,23,24
3MHISt3;PHEt4,0,2,23,23
3MHISt3;PHEtec,0,1,23,24
3MOXTYROX;4HBZCOAFm,0,1,23,24
3MOXTYROX;4HBZFm,0,1,23,24
3MOXTYROX;ADPt4,0,1,23,24
3MOXTYROX;AKGSUCCtm,0,1,23,24
3MOXTYROX;ALATA_L,0,1,23,24
3MOXTYROX;AMETt2m,0,1,23,24
3MOXTYROX;AMPt4,0,1,23,24
3MOXTYROX;ATPt4,0,1,23,24
3MOXTYROX;COQ3m,0,1,23,24
3MOXTYROX;COQ5m,0,1,23,24
3MOXTYROX;COQ6m,0,1,23,24
3MOXTYROX;COQ7m,0,1,23,24
3MOXTYROX;COUCOAFm,0,1,23,24
3MOXTYROX;DECDPtm,0,1,23,24
3MOXTYROX;DHDPBMTm,0,1,23,24
3MOXTYROX;DPHMBDCm,0,1,23,24
3MOXTYROX;DPPS,0,1,23,24
3MOXTYROX;FRDPtc,0,1,23,24
3MOXTYROX;HBZOPT10m,0,1,23,24
3MOXTYROX;HCO3Em,0,1,23,24
3MOXTYROX;PIMALtm,0,1,23,24
3MOXTYROX;PPItm,0,1,23,24
3MOXTYROX;PROGLUtm,0,1,23,24
3MOXTYROX;PROtm,0,1,23,24
3MOXTYROX;Q10H2e,0,1,23,24
3MOXTYROX;SO3AKGtm,0,1,23,24
3MOXTYROX;SO3MALtm,0,1,23,24
3MOXTYROX;T4HCINNMFM,0,1,23,24
3MOXTYROX;THRD_L,0,1,23,24
3MOXTYROX;TYRTAm,0,1,23,24
3MOXTYROX;TYRtl,0,1,23,24
3MOXTYROX;q10h2tc,0,1,23,24
3OAR160;ARTFR13,0,2,23,23
3OAR160;ARTPLM1,0,2,23,23
3OAR160;CACT6r,0,2,23,23
3OAR160;FA140ACPH,0,2,23,23
3OAR160;FACOAL140i,0,2,23,23
3OAR160;FAE180,0,1,23,24
3OAR160;HACD180,0,1,23,24
3OAR160;HSD180,0,1,23,24
3OAR160;MALCOAMT,0,2,23,23
3OAR160;MALCOAMTr,0,2,23,23
3OAR160;PMTCOAFABP1tc,0,2,23,23
3OAR160;RTOT1,0,2,23,23
3OAR160;TECR180,0,1,23,24
3OAS160;ARTFR13,0,2,23,23
3OAS160;ARTPLM1,0,2,23,23
3OAS160;CACT6r,0,2,23,23
3OAS160;FA140ACPH,0,2,23,23
3OAS160;FACOAL140i,0,2,23,23
3OAS160;FAE180,0,1,23,24
3OAS160;HACD180,0,1,23,24
3OAS160;HSD180,0,1,23,24
3OAS160;MALCOAMT,0,2,23,23
3OAS160;MALCOAMTr,0,2,23,23
3OAS160;PMTCOAFABP1tc,0,2,23,23
3OAS160;RTOT1,0,2,23,23
3OAS160;TECR180,0,1,23,24
3OHGLUTACOAT3t;CO2t,0,1,23,24
3OHGLUTACm;CO2t,0,1,23,24
3OHGLUTACtm;CO2t,0,1,23,24
3SALAASPm;ACITL,0,1,23,24
3SALAASPm;ACONTa,0,1,23,24
3SALAASPm;ACONTb,0,1,23,24
3SALAASPm;AKGCITtm,1,0,22,25
3SALAASPm;CO2t,1,0,22,25
3SALAASPm;FUM,0,1,23,24
3SALAASPm;ICDHyrm,0,1,23,24
3SALAASPm;ICITMALtm,0,1,23,24
3SALAASPm;MALACONtm,1,0,22,25
3SALAASPm;MAL_Lte,1,0,22,25
3SALAASPm;OXALSUCCCLm,0,1,23,24
3SALACBOXL;THRD_L,0,1,23,24
3SALATAim;ACITL,0,1,23,24
3SALATAim;ACONTa,0,1,23,24
3SALATAim;ACONTb,0,1,23,24
3SALATAim;AKGCITtm,1,0,22,25
3SALATAim;CO2t,1,0,22,25
3SALATAim;FUM,0,1,23,24
3SALATAim;ICDHyrm,0,1,23,24
3SALATAim;ICITMALtm,0,1,23,24
3SALATAim;MALACONtm,1,0,22,25
3SALATAim;MAL_Lte,1,0,22,25
3SALATAim;OXALSUCCCLm,0,1,23,24
3SPYRSPm;ACITL,0,1,23,24
3SPYRSPm;ACONTa,0,1,23,24
3SPYRSPm;ACONTb,0,1,23,24
3SPYRSPm;AKGCITtm,1,0,22,25
3SPYRSPm;CO2t,1,0,22,25
3SPYRSPm;FUM,0,1,23,24
3SPYRSPm;ICDHyrm,0,1,23,24
3SPYRSPm;ICITMALtm,0,1,23,24
3SPYRSPm;MALACONtm,1,0,22,25
3SPYRSPm;MAL_Lte,1,0,22,25
3SPYRSPm;OXALSUCCCLm,0,1,23,24
42A12BOOX;4HBZCOAFm,0,1,23,24
42A12BOOX;4HBZFm,0,1,23,24
42A12BOOX;AMETt2m,0,1,23,24
42A12BOOX;AMPt4,0,1,23,24
42A12BOOX;COQ3m,0,1,23,24
42A12BOOX;COQ5m,0,1,23,24
42A12BOOX;COQ6m,0,1,23,24
42A12BOOX;COQ7m,0,1,23,24
42A12BOOX;COUCOAFm,0,1,23,24
42A12BOOX;DECDPtm,0,1,23,24
42A12BOOX;DHDPBMTm,0,1,23,24
42A12BOOX;DPHMBDCm,0,1,23,24
42A12BOOX;DPPS,0,1,23,24
42A12BOOX;FRDPtc,0,1,23,24
42A12BOOX;GLUDym,0,1,23,24
42A12BOOX;HBZOPT10m,0,1,23,24
42A12BOOX;PPItm,0,1,23,24
42A12BOOX;Q10H2e,0,1,23,24
42A12BOOX;T4HCINNMFM,0,1,23,24
42A12BOOX;TYRTAm,0,1,23,24
42A12BOOX;TYRtl,0,1,23,24
42A12BOOX;q10h2tc,0,1,23,24
4ABUTtm;PROtm,1,0,22,25
4HBZCOAFm;AHCYStn,3,2,20,23
4HBZCOAFm;AKGtn,3,1,20,24
4HBZCOAFm;ALCD1,0,1,23,24
4HBZCOAFm;AMETtn,3,2,20,23
4HBZCOAFm;ARGN,4,1,19,24
4HBZCOAFm;ATPS4m,21,11,2,14
4HBZCOAFm;CATp,7,4,16,21
4HBZCOAFm;CBPSam,5,1,18,24
4HBZCOAFm;CITRORNtm,1,0,22,25
4HBZCOAFm;CITRte,5,1,18,24
4HBZCOAFm;CO2tn,3,1,20,24
4HBZCOAFm;CYOOm2,16,12,7,13
4HBZCOAFm;CYOOm3,5,2,18,23
4HBZCOAFm;CYOR_u10m,21,14,2,11
4HBZCOAFm;DOPAMT,0,1,23,24
4HBZCOAFm;FALDH,2,1,21,24
4HBZCOAFm;FALDtn,3,1,20,24
4HBZCOAFm;FALDtx,7,5,16,20
4HBZCOAFm;GLUDxm,1,0,22,25
4HBZCOAFm;GNMT,7,5,16,20
4HBZCOAFm;H3K36MET_1,0,1,23,24
4HBZCOAFm;H3K36MET_2,0,1,23,24
4HBZCOAFm;H3K36MET_3,0,1,23,24
4HBZCOAFm;H3K36_synthesis,0,1,23,24
4HBZCOAFm;HCO3Em,1,1,22,24
4HBZCOAFm;HMGDH,0,1,23,24
4HBZCOAFm;HMGS,0,1,23,24
4HBZCOAFm;HOMOVALte,0,2,23,23
4HBZCOAFm;LYStn,0,1,23,24
4HBZCOAFm;MEOHt2,0,1,23,24
4HBZCOAFm;O2St,0,1,23,24
4HBZCOAFm;O2Stm,5,2,18,23
4HBZCOAFm;O2Stx,0,1,23,24
4HBZCOAFm;O2tp,6,3,17,22
4HBZCOAFm;OCBTm,5,1,18,24
4HBZCOAFm;ORNt4m,4,1,19,24
4HBZCOAFm;PE_HStm,0,1,23,24
4HBZCOAFm;PSDm_hs,0,1,23,24
4HBZCOAFm;PSFLIPm,0,1,23,24
4HBZCOAFm;PYRAKGte,0,1,23,24
4HBZCOAFm;SARCOXp,7,5,16,20
4HBZCOAFm;SARCStp,7,5,16,20
4HBZCOAFm;SFGTH,2,2,21,23
4HBZCOAFm;SPODMx,0,1,23,24
4HBZCOAFm;TYRDOPO,0,2,23,23
4HBZCOAFm;peplys_synthesis,0,1,23,24
4HBZFm;AHCYStn,3,2,20,23
4HBZFm;AKGtn,3,1,20,24
4HBZFm;ALCD1,0,1,23,24
4HBZFm;AMETtn,3,2,20,23
4HBZFm;ARGN,4,1,19,24
4HBZFm;ATPS4m,21,11,2,14
4HBZFm;CATp,7,4,16,21
4HBZFm;CBPSam,5,1,18,24
4HBZFm;CITRORNtm,1,0,22,25
4HBZFm;CITRte,5,1,18,24
4HBZFm;CO2tn,3,1,20,24
4HBZFm;CYOOm2,16,12,7,13
4HBZFm;CYOOm3,5,2,18,23
4HBZFm;CYOR_u10m,21,14,2,11
4HBZFm;DOPAMT,0,1,23,24
4HBZFm;FALDH,2,1,21,24
4HBZFm;FALDtn,3,1,20,24
4HBZFm;FALDtx,7,5,16,20
4HBZFm;GLUDxm,1,0,22,25
4HBZFm;GNMT,7,5,16,20
4HBZFm;H3K36MET_1,0,1,23,24
4HBZFm;H3K36MET_2,0,1,23,24
4HBZFm;H3K36MET_3,0,1,23,24
4HBZFm;H3K36_synthesis,0,1,23,24
4HBZFm;HCO3Em,1,1,22,24
4HBZFm;HMGDH,0,1,23,24
4HBZFm;HMGS,0,1,23,24
4HBZFm;HOMOVALte,0,2,23,23
4HBZFm;LYStn,0,1,23,24
4HBZFm;MEOHt2,0,1,23,24
4HBZFm;O2St,0,1,23,24
4HBZFm;O2Stm,5,2,18,23
4HBZFm;O2Stx,0,1,23,24
4HBZFm;O2tp,6,3,17,22
4HBZFm;OCBTm,5,1,18,24
4HBZFm;ORNt4m,4,1,19,24
4HBZFm;PE_HStm,0,1,23,24
4HBZFm;PSDm_hs,0,1,23,24
4HBZFm;PSFLIPm,0,1,23,24
4HBZFm;PYRAKGte,0,1,23,24
4HBZFm;SARCOXp,7,5,16,20
4HBZFm;SARCStp,7,5,16,20
4HBZFm;SFGTH,2,2,21,23
4HBZFm;SPODMx,0,1,23,24
4HBZFm;TYRDOPO,0,2,23,23
4HBZFm;peplys_synthesis,0,1,23,24
4HPROLTASCT1;ACACtx,0,1,23,24
4HPROLTASCT1;AKGGHTRDtm,0,1,23,24
4HPROLTASCT1;AKGPItm,0,1,23,24
4HPROLTASCT1;COAtp,0,1,23,24
4HPROLTASCT1;CRNCARtp,0,1,23,24
4HPROLTASCT1;CSNATp,0,1,23,24
4HPROLTASCT1;CSNATr,0,1,23,24
4HPROLTASCT1;HMGCOAtx,0,1,23,24
4HPROLTASCT1;HMGLx,0,1,23,24
4HPROLTASCT1;L_LACtcm,0,2,23,23
4HPROLTASCT1;L_LACtm,0,2,23,23
4HPROLTASCT1;PIGTHRDLtm,0,1,23,24
4HPRO_LTte;ACACtx,0,1,23,24
4HPRO_LTte;AKGGHTRDtm,0,1,23,24
4HPRO_LTte;AKGPItm,0,1,23,24
4HPRO_LTte;COAtp,0,1,23,24
4HPRO_LTte;CRNCARtp,0,1,23,24
4HPRO_LTte;CSNATp,0,1,23,24
4HPRO_LTte;CSNATr,0,1,23,24
4HPRO_LTte;HMGCOAtx,0,1,23,24
4HPRO_LTte;HMGLx,0,1,23,24
4HPRO_LTte;L_LACtcm,0,2,23,23
4HPRO_LTte;L_LACtm,0,2,23,23
4HPRO_LTte;PIGTHRDLtm,0,1,23,24
4MPTNLte;FCYTOB5OXRyr,1,0,22,25
4MPTNLte;NADHtru,1,2,22,23
4MPTNLte;NADtru,1,2,22,23
4MPTNLte;TRDOXtm,0,1,23,24
4MPTNLte;TRDRDtm,0,1,23,24
4MPTNLte;TRDRm,0,1,23,24
4MPTNLtm;FCYTOB5OXRyr,1,0,22,25
4MPTNLtm;NADHtru,1,2,22,23
4MPTNLtm;NADtru,1,2,22,23
4MPTNLtm;TRDOXtm,0,1,23,24
4MPTNLtm;TRDRDtm,0,1,23,24
4MPTNLtm;TRDRm,0,1,23,24
4OHBUTm;FUM,0,1,23,24
4OHBUTm;GTPGDPtm,0,1,23,24
4OHBUTm;ME2,0,1,23,24
4OHBUTm;NDPK1,0,1,23,24
4OHBUTm;SUCOAS1m,0,1,23,24
4OHBUTtce;FUM,0,1,23,24
4OHBUTtce;GTPGDPtm,0,1,23,24
4OHBUTtce;ME2,0,1,23,24
4OHBUTtce;NDPK1,0,1,23,24
4OHBUTtce;SUCOAS1m,0,1,23,24
4OHBUTtmc;FUM,0,1,23,24
4OHBUTtmc;GTPGDPtm,0,1,23,24
4OHBUTtmc;ME2,0,1,23,24
4OHBUTtmc;NDPK1,0,1,23,24
4OHBUTtmc;SUCOAS1m,0,1,23,24
56DTHMtm;APAT2rm,0,2,23,23
56DTHMtm;BALAtmr,0,2,23,23
56DTHMtm;DHPM1,0,2,23,23
56DTHMtm;DURAD,0,2,23,23
56DTHMtm;DURIPP,1,3,22,22
56DTHMtm;MMSAD3m,0,2,23,23
56DTHMtm;NTD1,1,3,22,22
56DTHMtm;PIter,0,1,23,24
56DTHMtm;THRA,0,1,23,24
56DTHMtm;UPPN,0,2,23,23
5AOPtm;ACACtx,0,1,23,24
5AOPtm;ACITL,0,1,23,24
5AOPtm;ACONTam,0,1,23,24
5AOPtm;ACONTbm,0,1,23,24
5AOPtm;ADK3m,0,1,23,24
5AOPtm;AKGGHTRDtm,0,1,23,24
5AOPtm;AKGPItm,0,1,23,24
5AOPtm;APAT2rm,1,3,22,22
5AOPtm;BALAtmr,1,3,22,22
5AOPtm;CBPSam,0,1,23,24
5AOPtm;CITRORNtm,0,1,23,24
5AOPtm;CITRt2m,1,1,22,24
5AOPtm;CITRte,0,1,23,24
5AOPtm;CITRtm,1,1,22,24
5AOPtm;COAtp,0,1,23,24
5AOPtm;CRNCARtp,0,1,23,24
5AOPtm;CSNATp,0,1,23,24
5AOPtm;CSNATr,0,1,23,24
5AOPtm;DHPM1,1,3,22,22
5AOPtm;DURAD,1,3,22,22
5AOPtm;DURIPP,2,3,21,22
5AOPtm;HMGCOAtx,0,1,23,24
5AOPtm;HMGLx,0,1,23,24
5AOPtm;Htr,0,1,23,24
5AOPtm;ICDHyrm,0,1,23,24
5AOPtm;ICITACONtm,1,0,22,25
5AOPtm;L_LACtcm,0,4,23,21
5AOPtm;L_LACtm,0,4,23,21
5AOPtm;MMSAD3m,1,3,22,22
5AOPtm;NH4tm,0,1,23,24
5AOPtm;NTD1,2,3,21,22
5AOPtm;OCBTm,0,1,23,24
5AOPtm;OXALSUCCCLm,0,1,23,24
5AOPtm;PIGTHRDLtm,0,1,23,24
5AOPtm;PIter,0,1,23,24
5AOPtm;PROtm,1,0,22,25
5AOPtm;SUCCICITtm,0,1,23,24
5AOPtm;SUCOAS1m,0,1,23,24
5AOPtm;THFtm,0,1,23,24
5AOPtm;THRA,0,1,23,24
5AOPtm;UPPN,1,3,22,22
5MTHFSHCMT;ACGAMPM,1,0,22,25
5MTHFSHCMT;ACGAMtly,1,0,22,25
5MTHFSHCMT;ACNAMlt,1,0,22,25
5MTHFSHCMT;ADSK,1,0,22,25
5MTHFSHCMT;AHC,1,2,22,23
5MTHFSHCMT;BPNT,1,0,22,25
5MTHFSHCMT;CMPACNAtg,1,0,22,25
5MTHFSHCMT;CMPSAS,1,0,22,25
5MTHFSHCMT;CO2t,1,0,22,25
5MTHFSHCMT;ENO,0,1,23,24
5MTHFSHCMT;GALASE17ly,1,0,22,25
5MTHFSHCMT;GALASE18ly,1,0,22,25
5MTHFSHCMT;GALASE19ly,1,0,22,25
5MTHFSHCMT;GALK,1,0,22,25
5MTHFSHCMT;GALNTg,1,0,22,25
5MTHFSHCMT;GALU,1,0,22,25
5MTHFSHCMT;GALtly,1,0,22,25
5MTHFSHCMT;GAPD,0,1,23,24
5MTHFSHCMT;GLACter,1,0,22,25
5MTHFSHCMT;GLCURter,1,0,22,25
5MTHFSHCMT;GLCURtly,1,0,22,25
5MTHFSHCMT;GLRASE,1,0,22,25
5MTHFSHCMT;GULLACter,1,0,22,25
5MTHFSHCMT;H2Otg,1,0,22,25
5MTHFSHCMT;H2Otly,1,0,22,25
5MTHFSHCMT;HAS1,1,0,22,25
5MTHFSHCMT;HAS2,1,0,22,25
5MTHFSHCMT;HAtly,1,0,22,25
5MTHFSHCMT;HCO3E,1,0,22,25
5MTHFSHCMT;HYAL,1,0,22,25
5MTHFSHCMT;Htg,1,0,22,25
5MTHFSHCMT;METAT,1,2,22,23
5MTHFSHCMT;NACHEX24ly,1,0,22,25
5MTHFSHCMT;NACHEX25ly,1,0,22,25
5MTHFSHCMT;NAGA2ly,1,0,22,25
5MTHFSHCMT;NAGLCAly,1,0,22,25
5MTHFSHCMT;NDP7g,1,0,22,25
5MTHFSHCMT;NDPK3,21,23,2,2
5MTHFSHCMT;NTD2,0,2,23,23
5MTHFSHCMT;NTD4,1,0,22,25
5MTHFSHCMT;O2t,5,15,18,10
5MTHFSHCMT;PAPStg,1,0,22,25
5MTHFSHCMT;PAPtg,1,0,22,25
5MTHFSHCMT;PGK,0,1,23,24
5MTHFSHCMT;PGM,0,1,23,24
5MTHFSHCMT;PGMT,1,0,22,25
5MTHFSHCMT;PItg,1,0,22,25
5MTHFSHCMT;S6TASE24ly,1,0,22,25
5MTHFSHCMT;SADT,1,0,22,25
5MTHFSHCMT;SO4tl,1,0,22,25
5MTHFSHCMT;Ser/Thrtg,1,0,22,25
5MTHFSHCMT;UAGDP,1,0,22,25
5MTHFSHCMT;UDPACGALtl,1,0,22,25
5MTHFSHCMT;UDPGALtg,1,0,22,25
5MTHFSHCMT;UDPGD,1,0,22,25
5MTHFSHCMT;UDPtl,1,0,22,25
5MTHFSHCMT;UGALNACtg,1,0,22,25
5MTHFSHCMT;UGLCNACtg,1,0,22,25
5MTHFSHCMT;UGLT,1,0,22,25
5MTHFSHCMT;URIK4,0,2,23,23
5MTHFSHCMT;UROLACer,1,0,22,25
AACOAT_1;ACACT1rm,2,0,21,25
AACOAT_1;ACETONEt2m,1,0,22,25
AACOAT_1;ACITL,0,1,23,24
AACOAT_1;ACOA40ORm,2,0,21,25
AACOAT_1;ACOAD1fm,3,0,20,25
AACOAT_1;ACONTa,0,1,23,24
AACOAT_1;ACONTb,0,1,23,24
AACOAT_1;ACTNMO,1,0,22,25
AACOAT_1;ADCim,1,0,22,25
AACOAT_1;ALATA_L,1,0,22,25
AACOAT_1;APAT2rm,1,0,22,25
AACOAT_1;ARTFR32,1,0,22,25
AACOAT_1;ATPS4m,1,0,22,25
AACOAT_1;BALAtmr,1,0,22,25
AACOAT_1;BUTt2m,2,0,21,25
AACOAT_1;CYOOm2,1,0,22,25
AACOAT_1;CYOR_u10m,1,0,22,25
AACOAT_1;DESAT18_1,1,0,22,25
AACOAT_1;DHPM1,1,0,22,25
AACOAT_1;DURAD,1,0,22,25
AACOAT_1;ECOAH1m,5,0,18,25
AACOAT_1;FA40ACPH,2,0,21,25
AACOAT_1;FACOAL40im,2,0,21,25
AACOAT_1;FCYTOB5OXRyr,1,0,22,25
AACOAT_1;FUM,0,1,23,24
AACOAT_1;GLUDxm,5,0,18,25
AACOAT_1;GLUDym,1,0,22,25
AACOAT_1;HACD1m,5,0,18,25
AACOAT_1;ICDHyrm,0,1,23,24
AACOAT_1;ICITMALtm,0,1,23,24
AACOAT_1;LALDD,1,0,22,25
AACOAT_1;LCADi_D,1,0,22,25
AACOAT_1;LDH_D,1,0,22,25
AACOAT_1;MMSAD3m,1,0,22,25
AACOAT_1;NADHtru,4,0,19,25
AACOAT_1;NADtru,4,0,19,25
AACOAT_1;NCAMDe,1,0,22,25
AACOAT_1;NMNDA,1,0,22,25
AACOAT_1;NTD2,1,0,22,25
AACOAT_1;OCDE9ECOAtr,1,0,22,25
AACOAT_1;OXALSUCCCLm,0,1,23,24
AACOAT_1;PNP,1,0,22,25
AACOAT_1;PYNP2r,1,0,22,25
AACOAT_1;RNMK,1,0,22,25
AACOAT_1;RTOT3,1,0,22,25
AACOAT_1;UPPN,1,0,22,25
AACTOOR;CITRt2m,0,1,23,24
AACTOOR;CITRtm,0,1,23,24
AACTtm;CITRt2m,0,1,23,24
AACTtm;CITRtm,0,1,23,24
AAPSAS;CO2t,0,1,23,24
AASAD3;CO2t,0,1,23,24
AATA;CO2t,0,1,23,24
ABTArm;PROtm,1,0,22,25
ACACPYRtm;ACACT1rm,1,0,22,25
ACACPYRtm;ACACtx,0,1,23,24
ACACPYRtm;ACCOAL2,1,1,22,24
ACACPYRtm;ACITL,0,2,23,23
ACACPYRtm;ACOA40ORm,2,0,21,25
ACACPYRtm;ACOAD1fm,4,0,19,25
ACACPYRtm;ACOAS,1,1,22,24
ACACPYRtm;ACONTa,0,1,23,24
ACACPYRtm;ACONTam,0,1,23,24
ACACPYRtm;ACONTb,0,1,23,24
ACACPYRtm;ACONTbm,0,1,23,24
ACACPYRtm;AKGICITtm,1,0,22,25
ACACPYRtm;ALDD2x,0,1,23,24
ACACPYRtm;ALDD2y,1,0,22,25
ACACPYRtm;AMPt4,1,0,22,25
ACACPYRtm;ARTFR32,1,0,22,25
ACACPYRtm;ASNN,0,1,23,24
ACACPYRtm;BUTt2m,3,0,20,25
ACACPYRtm;CITOXAtm,0,1,23,24
ACACPYRtm;COAtp,0,1,23,24
ACACPYRtm;CRNCARtp,0,1,23,24
ACACPYRtm;CSNATp,0,1,23,24
ACACPYRtm;CSNATr,0,1,23,24
ACACPYRtm;DESAT18_1,1,0,22,25
ACACPYRtm;ECOAH1m,6,0,17,25
ACACPYRtm;FA40ACPH,3,0,20,25
ACACPYRtm;FACOAL40im,3,0,20,25
ACACPYRtm;FCYTOB5OXRyr,1,0,22,25
ACACPYRtm;FUM,0,1,23,24
ACACPYRtm;G5SADr,0,1,23,24
ACACPYRtm;GLNS,0,1,23,24
ACACPYRtm;GLNtN1,0,1,23,24
ACACPYRtm;GLU5SAtmc,0,1,23,24
ACACPYRtm;GLUDxm,4,0,19,25
ACACPYRtm;GLUDym,1,0,22,25
ACACPYRtm;GSADHm,0,1,23,24
ACACPYRtm;HACD1m,6,0,17,25
ACACPYRtm;HMGCOAtx,0,1,23,24
ACACPYRtm;HMGLx,0,1,23,24
ACACPYRtm;ICDHyrm,0,2,23,23
ACACPYRtm;ICITMALtm,0,1,23,24
ACACPYRtm;L_LACtcm,0,1,23,24
ACACPYRtm;L_LACtm,0,1,23,24
ACACPYRtm;NADHtru,5,0,18,25
ACACPYRtm;NADtru,5,0,18,25
ACACPYRtm;OCDE9ECOAtr,1,0,22,25
ACACPYRtm;OXALSUCCCLm,0,2,23,23
ACACPYRtm;OXAPItm,0,1,23,24
ACACPYRtm;PPItm,1,0,22,25
ACACPYRtm;PYRtm,0,1,23,24
ACACPYRtm;RTOT3,1,0,22,25
ACACT100m;ACACT10m,0,1,23,24
ACACT100m;ACOAD10m,0,1,23,24
ACACT100m;APAT2rm,0,1,23,24
ACACT100m;ASP1DC,0,1,23,24
ACACT100m;BALAtmr,0,1,23,24
ACACT100m;DHRT_2mbcoa,0,1,23,24
ACACT100m;ECOAH9m,0,1,23,24
ACACT100m;GLUDxm,0,1,23,24
ACACT100m;GLYATm,0,1,23,24
ACACT100m;HACD9m,0,1,23,24
ACACT100m;ILETAm,0,1,23,24
ACACT100m;ILEt5m,0,1,23,24
ACACT100m;MMSAD3m,0,1,23,24
ACACT100m;NH4tm,0,1,23,24
ACACT100m;PPCOAtm,0,2,23,23
ACACT100m;THR3Dx,0,1,23,24
ACACT10m;ACACT140m,0,1,23,24
ACACT10m;ACACT60m,0,1,23,24
ACACT10m;ACACT80m,0,1,23,24
ACACT10m;ACITL,0,1,23,24
ACACT10m;ACOAD100m,0,1,23,24
ACACT10m;ACOAD140m,0,1,23,24
ACACT10m;ACOAD1fm,0,1,23,24
ACACT10m;ACOAD60m,0,1,23,24
ACACT10m;ACOAD80m,0,1,23,24
ACACT10m;ACOAHim,0,1,23,24
ACACT10m;ACOATE100m,0,1,23,24
ACACT10m;ACONTa,0,1,23,24
ACACT10m;ACONTb,0,1,23,24
ACACT10m;ACt2m,0,1,23,24
ACACT10m;ADK3m,0,1,23,24
ACACT10m;CRNtim,0,1,23,24
ACACT10m;FA140ACPH,0,1,23,24
ACACT10m;FACOAL100im,0,1,23,24
ACACT10m;FACOAL140i,0,1,23,24
ACACT10m;GLUDxm,1,1,22,24
ACACT10m;GLUDym,1,2,22,23
ACACT10m;ICDHyrm,0,1,23,24
ACACT10m;ICITMALtm,0,1,23,24
ACACT10m;L_LACtcm,0,1,23,24
ACACT10m;L_LACtm,0,1,23,24
ACACT10m;OXALSUCCCLm,0,1,23,24
ACACT10m;PPCOAtm,0,1,23,24
ACACT10m;PPIOGLYc,5,10,18,15
ACACT10m;PPIOGLYte,5,10,18,15
ACACT10m;PPIOGLYtm,5,10,18,15
ACACT10m;PPItm,0,1,23,24
ACACT10m;TTDCPT1,0,1,23,24
ACACT10m;TTDCPT2,0,1,23,24
ACACT10m;TTDCRNt,0,1,23,24
ACACT140m;ACOAD10m,0,1,23,24
ACACT140m;APAT2rm,0,1,23,24
ACACT140m;ASP1DC,0,1,23,24
ACACT140m;BALAtmr,0,1,23,24
ACACT140m;DHRT_2mbcoa,0,1,23,24
ACACT140m;ECOAH9m,0,1,23,24
ACACT140m;GLUDxm,0,1,23,24
ACACT140m;GLYATm,0,1,23,24
ACACT140m;HACD9m,0,1,23,24
ACACT140m;ILETAm,0,1,23,24
ACACT140m;ILEt5m,0,1,23,24
ACACT140m;MMSAD3m,0,1,23,24
ACACT140m;NH4tm,0,1,23,24
ACACT140m;PPCOAtm,0,2,23,23
ACACT140m;THR3Dx,0,1,23,24
ACACT1r;ACOAD1fm,1,0,22,25
ACACT1r;ACONTa,1,0,22,25
ACACT1r;ACONTb,1,0,22,25
ACACT1r;ACt2m,1,0,22,25
ACACT1r;ADNK1,1,0,22,25
ACACT1r;ADNtm,1,0,22,25
ACACT1r;AMPPHm,1,0,22,25
ACACT1r;ASPDH,1,0,22,25
ACACT1r;ASPGLUm,1,0,22,25
ACACT1r;ASPTAm,1,0,22,25
ACACT1r;CITACONtm,1,0,22,25
ACACT1r;CITOAL,1,0,22,25
ACACT1r;COAtm,1,0,22,25
ACACT1r;ECOAH1m,1,0,22,25
ACACT1r;GLUDxm,1,0,22,25
ACACT1r;H2Otm,1,0,22,25
ACACT1r;HACD1m,1,0,22,25
ACACT1r;HMGCOASim,1,0,22,25
ACACT1r;HMGCOAtm,1,0,22,25
ACACT1r;ICDHyrm,1,0,22,25
ACACT1r;ICITACONtm,1,0,22,25
ACACT1r;NADHtru,1,0,22,25
ACACT1r;NADtru,1,0,22,25
ACACT1r;OXALSUCCCLm,1,0,22,25
ACACT1r;PIATPLtm,1,0,22,25
ACACT1r;RTOT4,1,0,22,25
ACACT1rm;ACOA40ORm,4,7,19,18
ACACT1rm;ACOAD1fm,6,6,17,19
ACACT1rm;ADNK1,3,0,20,25
ACACT1rm;ADNtm,4,0,19,25
ACACT1rm;AGTim,0,1,23,24
ACACT1rm;AMPPHm,4,0,19,25
ACACT1rm;AMPt4,8,8,15,17
ACACT1rm;APAT2rm,1,0,22,25
ACACT1rm;ARTFR12,0,1,23,24
ACACT1rm;ARTFR13,0,1,23,24
ACACT1rm;ARTFR32,0,1,23,24
ACACT1rm;ARTFR42,1,1,22,24
ACACT1rm;ARTFR43,0,1,23,24
ACACT1rm;ATPS4m,1,0,22,25
ACACT1rm;ATPt4,1,1,22,24
ACACT1rm;BALAtmr,1,0,22,25
ACACT1rm;BUTt2m,5,7,18,18
ACACT1rm;CACT6r,0,1,23,24
ACACT1rm;COAtr,0,1,23,24
ACACT1rm;CRNtim,1,0,22,25
ACACT1rm;CYOOm2,1,0,22,25
ACACT1rm;CYOR_u10m,1,0,22,25
ACACT1rm;DESAT16_1,0,2,23,23
ACACT1rm;DESAT18_1,1,2,22,23
ACACT1rm;DHFRm,0,1,23,24
ACACT1rm;DHFRx,0,1,23,24
ACACT1rm;DHPM1,1,0,22,25
ACACT1rm;DURAD,1,0,22,25
ACACT1rm;ECOAH1m,10,13,13,12
ACACT1rm;FA140ACPH,0,1,23,24
ACACT1rm;FA40ACPH,5,7,18,18
ACACT1rm;FACOAL140i,0,1,23,24
ACACT1rm;FACOAL40im,5,7,18,18
ACACT1rm;FAE180,0,1,23,24
ACACT1rm;FAE181,0,1,23,24
ACACT1rm;FCYTOB5OXRyr,1,0,22,25
ACACT1rm;FUMAC,2,0,21,25
ACACT1rm;G6PDH1rer,0,1,23,24
ACACT1rm;GLUDxm,6,1,17,24
ACACT1rm;GLUDym,2,1,21,24
ACACT1rm;GLXtm,0,1,23,24
ACACT1rm;GLXtp,0,1,23,24
ACACT1rm;HACD180,0,1,23,24
ACACT1rm;HACD181,0,1,23,24
ACACT1rm;HACD1m,10,13,13,12
ACACT1rm;HGNTOR,2,0,21,25
ACACT1rm;HSD180,0,1,23,24
ACACT1rm;HSD181,0,1,23,24
ACACT1rm;L_LACtcm,0,1,23,24
ACACT1rm;L_LACtm,0,1,23,24
ACACT1rm;MACACIr,2,0,21,25
ACACT1rm;MALCOAMT,0,1,23,24
ACACT1rm;MALCOAMTr,0,1,23,24
ACACT1rm;MMSAD3m,1,0,22,25
ACACT1rm;NADHtru,6,3,17,22
ACACT1rm;NADtru,6,3,17,22
ACACT1rm;NCAMDe,1,0,22,25
ACACT1rm;NMNDA,1,0,22,25
ACACT1rm;NTD2,1,0,22,25
ACACT1rm;O2tp,0,1,23,24
ACACT1rm;OCDE9ECOAtr,1,1,22,24
ACACT1rm;OCTD11ECOAtr,0,1,23,24
ACACT1rm;PIATPLtm,4,0,19,25
ACACT1rm;PIMALtm,0,1,23,24
ACACT1rm;PMTCOAFABP1tc,0,2,23,23
ACACT1rm;PNP,1,0,22,25
ACACT1rm;PPA,1,2,22,23
ACACT1rm;PPCOAtm,0,1,23,24
ACACT1rm;PPItm,7,5,16,20
ACACT1rm;PYNP2r,1,0,22,25
ACACT1rm;RNMK,1,0,22,25
ACACT1rm;RPE,0,1,23,24
ACACT1rm;RTOT1,0,1,23,24
ACACT1rm;RTOT3,0,1,23,24
ACACT1rm;RTOT4,1,3,22,22
ACACT1rm;TECR180,0,1,23,24
ACACT1rm;TECR181,0,1,23,24
ACACT1rm;THRA,1,1,22,24
ACACT1rm;TKT1,0,1,23,24
ACACT1rm;TKT2,0,1,23,24
ACACT1rm;TYRTA,2,0,21,25
ACACT1rm;UPPN,1,0,22,25
ACACT224n6p;ACONTb,1,0,22,25
ACACT224n6p;ARTFR33,0,1,23,24
ACACT224n6p;ARTFR43,1,0,22,25
ACACT224n6p;ARTPLM1,1,1,22,24
ACACT224n6p;CO2t,1,1,22,24
ACACT224n6p;COAtr,0,1,23,24
ACACT224n6p;DESAT16_1,0,1,23,24
ACACT224n6p;FAE181,1,1,22,24
ACACT224n6p;HACD181,1,1,22,24
ACACT224n6p;HSD181,1,1,22,24
ACACT224n6p;ICDHyrm,1,0,22,25
ACACT224n6p;OCTD11ECOAtr,1,1,22,24
ACACT224n6p;OXALSUCCCLm,1,0,22,25
ACACT224n6p;RTOT3,0,1,23,24
ACACT224n6p;RTOT4,1,0,22,25
ACACT224n6p;TECR181,1,1,22,24
ACACT224n6p;TRDOXtm,3,4,20,21
ACACT224n6p;TRDR,10,4,13,21
ACACT224n6p;TRDRDtm,3,4,20,21
ACACT224n6p;TRDRm,3,4,20,21
ACACT60m;ACOAD10m,0,1,23,24
ACACT60m;APAT2rm,0,1,23,24
ACACT60m;ASP1DC,0,1,23,24
ACACT60m;BALAtmr,0,1,23,24
ACACT60m;DHRT_2mbcoa,0,1,23,24
ACACT60m;ECOAH9m,0,1,23,24
ACACT60m;GLUDxm,0,1,23,24
ACACT60m;GLYATm,0,1,23,24
ACACT60m;HACD9m,0,1,23,24
ACACT60m;ILETAm,0,1,23,24
ACACT60m;ILEt5m,0,1,23,24
ACACT60m;MMSAD3m,0,1,23,24
ACACT60m;NH4tm,0,1,23,24
ACACT60m;PPCOAtm,0,2,23,23
ACACT60m;THR3Dx,0,1,23,24
ACACT80m;ACOAD10m,0,1,23,24
ACACT80m;APAT2rm,0,1,23,24
ACACT80m;ASP1DC,0,1,23,24
ACACT80m;BALAtmr,0,1,23,24
ACACT80m;DHRT_2mbcoa,0,1,23,24
ACACT80m;ECOAH9m,0,1,23,24
ACACT80m;GLUDxm,0,1,23,24
ACACT80m;GLYATm,0,1,23,24
ACACT80m;HACD9m,0,1,23,24
ACACT80m;ILETAm,0,1,23,24
ACACT80m;ILEt5m,0,1,23,24
ACACT80m;MMSAD3m,0,1,23,24
ACACT80m;NH4tm,0,1,23,24
ACACT80m;PPCOAtm,0,2,23,23
ACACT80m;THR3Dx,0,1,23,24
ACACtx;ACITL,0,1,23,24
ACACtx;ACONTa,0,1,23,24
ACACtx;ACONTb,0,1,23,24
ACACtx;ALASm,0,1,23,24
ACACtx;BILDGLCURtr,0,1,23,24
ACACtx;BILIRED,0,1,23,24
ACACtx;BILIRUBtr,0,1,23,24
ACACtx;COt,0,1,23,24
ACACtx;CPPPGO,0,1,23,24
ACACtx;FCLTm,0,1,23,24
ACACtx;FE2tm,0,1,23,24
ACACtx;FUM,0,1,23,24
ACACtx;GALU,0,1,23,24
ACACtx;HMBS,0,1,23,24
ACACtx;HOXG,0,1,23,24
ACACtx;ICDHyrm,0,1,23,24
ACACtx;ICITMALtm,0,1,23,24
ACACtx;NDP7er,0,1,23,24
ACACtx;OCOAT1m,0,1,23,24
ACACtx;OXALSUCCCLm,0,1,23,24
ACACtx;PGMT,0,1,23,24
ACACtx;PHEMEtm,0,1,23,24
ACACtx;PPBNGS,0,1,23,24
ACACtx;PPPG9tm,0,1,23,24
ACACtx;PPPGOm,0,1,23,24
ACACtx;PROAKGOX1m,0,1,23,24
ACACtx;PROtm,0,1,23,24
ACACtx;PYRtm,0,1,23,24
ACACtx;UDPGCURtr,0,1,23,24
ACACtx;UDPGD,0,1,23,24
ACACtx;UGT1A2r,0,1,23,24
ACACtx;UMPtr,0,1,23,24
ACACtx;UPP3S,0,1,23,24
ACACtx;UPPDC1,0,1,23,24
ACCOAL2;ACHtn,3,0,20,25
ACCOAL2;ACITL,0,3,23,22
ACCOAL2;ACITLn,3,0,20,25
ACCOAL2;ACONTa,3,2,20,23
ACCOAL2;ACONTam,0,1,23,24
ACCOAL2;ACONTb,3,2,20,23
ACCOAL2;ACONTbm,0,1,23,24
ACCOAL2;ADNK1,0,1,23,24
ACCOAL2;ADPtn,3,0,20,25
ACCOAL2;AHC,0,1,23,24
ACCOAL2;AKGICITtm,1,1,22,24
ACCOAL2;AKGMALtm,0,1,23,24
ACCOAL2;AKGSUCCtm,1,0,22,25
ACCOAL2;ALATA_L,1,0,22,25
ACCOAL2;ATPtn,3,0,20,25
ACCOAL2;CHAT,3,0,20,25
ACCOAL2;CHATn,3,0,20,25
ACCOAL2;CHOLtn,3,0,20,25
ACCOAL2;CITSUCCtm,1,0,22,25
ACCOAL2;CITtn,3,0,20,25
ACCOAL2;CO2t,1,0,22,25
ACCOAL2;DHFRm,0,1,23,24
ACCOAL2;DHFRx,0,1,23,24
ACCOAL2;GLUDym,1,0,22,25
ACCOAL2;HCO3E,1,0,22,25
ACCOAL2;HMGL,1,1,22,24
ACCOAL2;ICDHyrm,3,3,20,22
ACCOAL2;ICITCITtm,1,0,22,25
ACCOAL2;ICITMALtm,1,1,22,24
ACCOAL2;ME2m,1,0,22,25
ACCOAL2;METAT,0,1,23,24
ACCOAL2;OAADC,0,1,23,24
ACCOAL2;OAAtn,3,0,20,25
ACCOAL2;OXALSUCCCLm,3,3,20,22
ACCOAL2;PItn,3,0,20,25
ACCOAL2;PYRtm,1,0,22,25
ACETONEt2m;ADK1,0,1,23,24
ACETONEt2m;AMPt4,1,0,22,25
ACETONEt2m;APAT2rm,0,1,23,24
ACETONEt2m;ASP1DC,0,1,23,24
ACETONEt2m;BALAtmr,0,1,23,24
ACETONEt2m;GLUDxm,0,1,23,24
ACETONEt2m;L_LACtcm,0,2,23,23
ACETONEt2m;L_LACtm,0,2,23,23
ACETONEt2m;MMSAD3m,0,1,23,24
ACETONEt2m;NDPK1,1,1,22,24
ACETONEt2m;NH4tm,0,1,23,24
ACETONEt2m;PPCOAtm,0,1,23,24
ACETONEt2m;PPItm,1,0,22,25
ACFORte;ADK1,0,1,23,24
ACFORte;ADNK1,0,1,23,24
ACFORte;AHC,0,1,23,24
ACFORte;AMPt4,0,1,23,24
ACFORte;ATPt4,0,1,23,24
ACFORte;CO2tm,0,1,23,24
ACFORte;GTPGDPtm,0,1,23,24
ACFORte;METAT,0,1,23,24
ACFORte;NDPK1,0,1,23,24
ACFORte;O2t,0,1,23,24
ACFORte;SUCOAS1m,0,1,23,24
ACGAM2E;ALATA_L,4,0,19,25
ACGAM2E;UDPGNP,1,0,22,25
ACGAM6PSi;ALATA_L,7,4,16,21
ACGAM6PSi;G6Pt6er,2,1,21,24
ACGAM6PSi;HCO3E,1,0,22,25
ACGAM6PSi;R5Ptr,1,0,22,25
ACGAM6PSi;RPIr,1,0,22,25
ACGAM6PSi;RU5Ptr,1,0,22,25
ACGAM6PSi;UDPGNP,1,0,22,25
ACGAMK;G6PDH2rer,0,1,23,24
ACGAMK;GNDer,0,1,23,24
ACGAMK;PGLer,0,1,23,24
ACGAMPM;ADNK1,1,0,22,25
ACGAMPM;ALATA_L,7,4,16,21
ACGAMPM;CO2t,1,0,22,25
ACGAMPM;DNAMTSEn,1,0,22,25
ACGAMPM;G6PDH2rer,0,1,23,24
ACGAMPM;G6Pt6er,2,1,21,24
ACGAMPM;GNDer,0,1,23,24
ACGAMPM;H2O2tn,1,0,22,25
ACGAMPM;HCO3E,1,0,22,25
ACGAMPM;MTHFR3,1,0,22,25
ACGAMPM;O2St,1,0,22,25
ACGAMPM;O2Stn,1,0,22,25
ACGAMPM;O2tn,1,0,22,25
ACGAMPM;PGLer,0,1,23,24
ACGAMPM;R5Ptr,1,0,22,25
ACGAMPM;RPIr,1,0,22,25
ACGAMPM;RU5Ptr,1,0,22,25
ACGAMPM;SEAHCYSHYD,1,0,22,25
ACGAMPM;SEAHCYStn,1,0,22,25
ACGAMPM;SEASMETtn,1,0,22,25
ACGAMPM;SELMETAT,1,0,22,25
ACGAMPM;SPODMn,1,0,22,25
ACGAMPM;UDPGNP,1,0,22,25
ACGAMtly;ADNK1,1,0,22,25
ACGAMtly;ALATA_L,4,0,19,25
ACGAMtly;CO2t,1,0,22,25
ACGAMtly;DNAMTSEn,1,0,22,25
ACGAMtly;G6PDH2rer,0,1,23,24
ACGAMtly;GNDer,0,1,23,24
ACGAMtly;H2O2tn,1,0,22,25
ACGAMtly;MTHFR3,1,0,22,25
ACGAMtly;O2St,1,0,22,25
ACGAMtly;O2Stn,1,0,22,25
ACGAMtly;O2tn,1,0,22,25
ACGAMtly;PGLer,0,1,23,24
ACGAMtly;SEAHCYSHYD,1,0,22,25
ACGAMtly;SEAHCYStn,1,0,22,25
ACGAMtly;SEASMETtn,1,0,22,25
ACGAMtly;SELMETAT,1,0,22,25
ACGAMtly;SPODMn,1,0,22,25
ACGAMtly;UDPGNP,1,0,22,25
ACHtn;ACOAS,3,0,20,25
ACHtn;ALDD2x,1,0,22,25
ACHtn;ALDD2y,2,0,21,25
ACHtn;MAL_Lte,1,0,22,25
ACITL;ACOAD10m,0,1,23,24
ACITL;ACOAS,0,3,23,22
ACITL;ADK3m,0,1,23,24
ACITL;AGTim,0,1,23,24
ACITL;AKGCITtm,0,1,23,24
ACITL;AKGDa1,0,1,23,24
ACITL;AKGDa2,0,1,23,24
ACITL;AKGDb,0,1,23,24
ACITL;ALASm,0,1,23,24
ACITL;ALATA_L,0,1,23,24
ACITL;ALDD2x,0,1,23,24
ACITL;ALDD2y,0,2,23,23
ACITL;ARTFR12,0,1,23,24
ACITL;ASPGLUm,0,1,23,24
ACITL;ASPPROASCT1,0,1,23,24
ACITL;BILIRED,0,1,23,24
ACITL;BILIRUBtr,0,1,23,24
ACITL;C161CPT1,0,1,23,24
ACITL;CACT4r,0,1,23,24
ACITL;CITOXAtm,0,1,23,24
ACITL;CO2t,0,1,23,24
ACITL;COAtp,0,1,23,24
ACITL;COAtr,0,1,23,24
ACITL;COt,0,1,23,24
ACITL;CPPPGO,0,1,23,24
ACITL;CRNCARtp,0,1,23,24
ACITL;CRNtim,0,1,23,24
ACITL;CSNATp,0,1,23,24
ACITL;CSNATr,0,1,23,24
ACITL;CYANSTm,0,1,23,24
ACITL;CYSO,0,1,23,24
ACITL;DESAT16_1,0,1,23,24
ACITL;DHRT_2mbcoa,0,1,23,24
ACITL;DLD,0,1,23,24
ACITL;ECOAH9m,0,1,23,24
ACITL;ENO,0,1,23,24
ACITL;FCLTm,0,1,23,24
ACITL;FE2tm,0,1,23,24
ACITL;FUMAC,0,1,23,24
ACITL;FUMTSULtm,0,1,23,24
ACITL;GALK,0,1,23,24
ACITL;GALM2,0,1,23,24
ACITL;GALU,0,1,23,24
ACITL;GLXtm,0,1,23,24
ACITL;GLXtp,0,1,23,24
ACITL;GTPGDPtm,0,1,23,24
ACITL;HACD9m,0,1,23,24
ACITL;HCO3Em,0,1,23,24
ACITL;HGNTOR,0,1,23,24
ACITL;HMBS,0,1,23,24
ACITL;HMGCOAtx,0,1,23,24
ACITL;HMGLx,0,1,23,24
ACITL;HOXG,0,1,23,24
ACITL;ILETAm,0,1,23,24
ACITL;ILEt5m,0,1,23,24
ACITL;MACACIr,0,1,23,24
ACITL;NDP7er,0,1,23,24
ACITL;O2t,0,1,23,24
ACITL;O2tp,0,1,23,24
ACITL;OCOAT1m,0,1,23,24
ACITL;OXAPItm,0,1,23,24
ACITL;PHEMEtm,0,1,23,24
ACITL;PLMCOAPTr,0,1,23,24
ACITL;PPBNGS,0,1,23,24
ACITL;PPItm,0,1,23,24
ACITL;PPPG9tm,0,1,23,24
ACITL;PPPGOm,0,1,23,24
ACITL;PYRtm,0,1,23,24
ACITL;SQORm,0,1,23,24
ACITL;SUCOAS1m,0,1,23,24
ACITL;TSULt4_3,0,1,23,24
ACITL;TYRTA,0,1,23,24
ACITL;UDPG4E,0,1,23,24
ACITL;UDPGD,0,1,23,24
ACITL;UDPGLCAter,0,1,23,24
ACITL;UGLT,0,1,23,24
ACITL;UPP3S,0,1,23,24
ACITL;UPPDC1,0,1,23,24
ACNAMlt;ADNK1,1,0,22,25
ACNAMlt;ALATA_L,4,0,19,25
ACNAMlt;CO2t,1,0,22,25
ACNAMlt;DNAMTSEn,1,0,22,25
ACNAMlt;G6PDH2rer,0,1,23,24
ACNAMlt;GNDer,0,1,23,24
ACNAMlt;H2O2tn,1,0,22,25
ACNAMlt;MTHFR3,1,0,22,25
ACNAMlt;O2St,1,0,22,25
ACNAMlt;O2Stn,1,0,22,25
ACNAMlt;O2tn,1,0,22,25
ACNAMlt;PGLer,0,1,23,24
ACNAMlt;SEAHCYSHYD,1,0,22,25
ACNAMlt;SEAHCYStn,1,0,22,25
ACNAMlt;SEASMETtn,1,0,22,25
ACNAMlt;SELMETAT,1,0,22,25
ACNAMlt;SPODMn,1,0,22,25
ACNAMlt;UDPGNP,1,0,22,25
ACNMLr;ALATA_L,7,4,16,21
ACNMLr;HCO3E,1,0,22,25
ACNMLr;UDPGNP,1,0,22,25
ACOA40ORm;ACRNtm,1,0,22,25
ACOA40ORm;ADNK1,0,1,23,24
ACOA40ORm;AHC,0,1,23,24
ACOA40ORm;ALATA_L,1,0,22,25
ACOA40ORm;ATPAMPtp,0,1,23,24
ACOA40ORm;BETALDHxm,0,1,23,24
ACOA40ORm;BHMT,0,1,23,24
ACOA40ORm;C30CPT1,0,1,23,24
ACOA40ORm;CHLtm,0,1,23,24
ACOA40ORm;CHOLD2m,0,1,23,24
ACOA40ORm;CRNCAR3tp,0,1,23,24
ACOA40ORm;CSNAT3x,0,1,23,24
ACOA40ORm;CSNATm,1,0,22,25
ACOA40ORm;DMGDHm,0,1,23,24
ACOA40ORm;DMGtm,0,1,23,24
ACOA40ORm;FALDtm,0,1,23,24
ACOA40ORm;FALDtx,0,1,23,24
ACOA40ORm;FUMAC,2,0,21,25
ACOA40ORm;GLYATm,0,3,23,22
ACOA40ORm;GLYBtm,0,1,23,24
ACOA40ORm;HGNTOR,2,0,21,25
ACOA40ORm;HMGDH,0,1,23,24
ACOA40ORm;HMGS,0,1,23,24
ACOA40ORm;HSD3B7P,0,1,23,24
ACOA40ORm;MACACIr,2,0,21,25
ACOA40ORm;METAT,0,1,23,24
ACOA40ORm;P4507A1r,0,1,23,24
ACOA40ORm;SARCOXp,0,1,23,24
ACOA40ORm;SARCStm,0,1,23,24
ACOA40ORm;SARCStp,0,1,23,24
ACOA40ORm;SFGTH,0,1,23,24
ACOA40ORm;THR3Dx,0,3,23,22
ACOA40ORm;TYRTA,2,0,21,25
ACOAD100m;ACOAD10m,0,1,23,24
ACOAD100m;APAT2rm,0,1,23,24
ACOAD100m;ASP1DC,0,1,23,24
ACOAD100m;BALAtmr,0,1,23,24
ACOAD100m;DHRT_2mbcoa,0,1,23,24
ACOAD100m;ECOAH9m,0,1,23,24
ACOAD100m;GLUDxm,0,1,23,24
ACOAD100m;GLYATm,0,1,23,24
ACOAD100m;HACD9m,0,1,23,24
ACOAD100m;ILETAm,0,1,23,24
ACOAD100m;ILEt5m,0,1,23,24
ACOAD100m;MMSAD3m,0,1,23,24
ACOAD100m;NH4tm,0,1,23,24
ACOAD100m;PPCOAtm,0,2,23,23
ACOAD100m;THR3Dx,0,1,23,24
ACOAD10m;ACOAD140m,0,1,23,24
ACOAD10m;ACOAD1fm,0,1,23,24
ACOAD10m;ACOAD60m,0,1,23,24
ACOAD10m;ACOAD80m,0,1,23,24
ACOAD10m;ACOATE100m,0,1,23,24
ACOAD10m;ACONTa,0,1,23,24
ACOAD10m;ACONTb,0,1,23,24
ACOAD10m;ADK3m,0,1,23,24
ACOAD10m;CRNtim,0,1,23,24
ACOAD10m;FA140ACPH,0,1,23,24
ACOAD10m;FACOAL100im,0,1,23,24
ACOAD10m;FACOAL140i,0,1,23,24
ACOAD10m;ICDHyrm,0,1,23,24
ACOAD10m;ICITMALtm,0,1,23,24
ACOAD10m;OXALSUCCCLm,0,1,23,24
ACOAD10m;PPItm,0,1,23,24
ACOAD10m;TTDCPT1,0,1,23,24
ACOAD10m;TTDCPT2,0,1,23,24
ACOAD10m;TTDCRNt,0,1,23,24
ACOAD140m;APAT2rm,0,1,23,24
ACOAD140m;ASP1DC,0,1,23,24
ACOAD140m;BALAtmr,0,1,23,24
ACOAD140m;DHRT_2mbcoa,0,1,23,24
ACOAD140m;ECOAH9m,0,1,23,24
ACOAD140m;GLUDxm,0,1,23,24
ACOAD140m;GLYATm,0,1,23,24
ACOAD140m;HACD9m,0,1,23,24
ACOAD140m;ILETAm,0,1,23,24
ACOAD140m;ILEt5m,0,1,23,24
ACOAD140m;MMSAD3m,0,1,23,24
ACOAD140m;NH4tm,0,1,23,24
ACOAD140m;PPCOAtm,0,2,23,23
ACOAD140m;THR3Dx,0,1,23,24
ACOAD1fm;ACRNtm,1,0,22,25
ACOAD1fm;ALATA_L,1,0,22,25
ACOAD1fm;APAT2rm,0,1,23,24
ACOAD1fm;ASP1DC,0,1,23,24
ACOAD1fm;BALAtmr,0,1,23,24
ACOAD1fm;CRNtim,1,0,22,25
ACOAD1fm;CSNATm,1,0,22,25
ACOAD1fm;DHRT_2mbcoa,0,1,23,24
ACOAD1fm;ECOAH9m,0,1,23,24
ACOAD1fm;FUMAC,4,0,19,25
ACOAD1fm;GLCOASYNT,0,1,23,24
ACOAD1fm;GLUDxm,0,1,23,24
ACOAD1fm;GLUTCOADHm,0,1,23,24
ACOAD1fm;GLYATm,0,4,23,21
ACOAD1fm;GTPGDPtm,1,0,22,25
ACOAD1fm;HACD9m,0,1,23,24
ACOAD1fm;HGNTOR,4,0,19,25
ACOAD1fm;HMGCOASi,1,0,22,25
ACOAD1fm;ILETAm,0,1,23,24
ACOAD1fm;ILEt5m,0,1,23,24
ACOAD1fm;MACACIr,4,0,19,25
ACOAD1fm;MMSAD3m,0,1,23,24
ACOAD1fm;NDPK1,1,0,22,25
ACOAD1fm;NH4tm,0,1,23,24
ACOAD1fm;OCOAT1m,1,0,22,25
ACOAD1fm;OXOADLR,0,1,23,24
ACOAD1fm;PPCOAtm,0,1,23,24
ACOAD1fm;PYRtm,1,0,22,25
ACOAD1fm;SUCOAS1m,1,0,22,25
ACOAD1fm;THR3Dx,0,4,23,21
ACOAD1fm;TYRTA,4,0,19,25
ACOAD241n9p;ACONTb,1,0,22,25
ACOAD241n9p;ARTFR33,0,1,23,24
ACOAD241n9p;ARTFR43,1,0,22,25
ACOAD241n9p;ARTPLM1,1,1,22,24
ACOAD241n9p;CO2t,1,1,22,24
ACOAD241n9p;COAtr,0,1,23,24
ACOAD241n9p;DESAT16_1,0,1,23,24
ACOAD241n9p;FAE181,1,1,22,24
ACOAD241n9p;HACD181,1,1,22,24
ACOAD241n9p;HSD181,1,1,22,24
ACOAD241n9p;ICDHyrm,1,0,22,25
ACOAD241n9p;OCTD11ECOAtr,1,1,22,24
ACOAD241n9p;OXALSUCCCLm,1,0,22,25
ACOAD241n9p;RTOT3,0,1,23,24
ACOAD241n9p;RTOT4,1,0,22,25
ACOAD241n9p;TECR181,1,1,22,24
ACOAD241n9p;TRDOXtm,3,4,20,21
ACOAD241n9p;TRDR,10,4,13,21
ACOAD241n9p;TRDRDtm,3,4,20,21
ACOAD241n9p;TRDRm,3,4,20,21
ACOAD60m;APAT2rm,0,1,23,24
ACOAD60m;ASP1DC,0,1,23,24
ACOAD60m;BALAtmr,0,1,23,24
ACOAD60m;DHRT_2mbcoa,0,1,23,24
ACOAD60m;ECOAH9m,0,1,23,24
ACOAD60m;GLUDxm,0,1,23,24
ACOAD60m;GLYATm,0,1,23,24
ACOAD60m;HACD9m,0,1,23,24
ACOAD60m;ILETAm,0,1,23,24
ACOAD60m;ILEt5m,0,1,23,24
ACOAD60m;MMSAD3m,0,1,23,24
ACOAD60m;NH4tm,0,1,23,24
ACOAD60m;PPCOAtm,0,2,23,23
ACOAD60m;THR3Dx,0,1,23,24
ACOAD80m;APAT2rm,0,1,23,24
ACOAD80m;ASP1DC,0,1,23,24
ACOAD80m;BALAtmr,0,1,23,24
ACOAD80m;DHRT_2mbcoa,0,1,23,24
ACOAD80m;ECOAH9m,0,1,23,24
ACOAD80m;GLUDxm,0,1,23,24
ACOAD80m;GLYATm,0,1,23,24
ACOAD80m;HACD9m,0,1,23,24
ACOAD80m;ILETAm,0,1,23,24
ACOAD80m;ILEt5m,0,1,23,24
ACOAD80m;MMSAD3m,0,1,23,24
ACOAD80m;NH4tm,0,1,23,24
ACOAD80m;PPCOAtm,0,2,23,23
ACOAD80m;THR3Dx,0,1,23,24
ACOAHim;ECOAH9m,0,1,23,24
ACOAHim;HACD9m,0,1,23,24
ACOAHim;TIGGLYc,0,1,23,24
ACOAHim;TIGGLYte,0,1,23,24
ACOAHim;TIGGLYtm,0,1,23,24
ACOAS;ACITLn,3,0,20,25
ACOAS;ACONTa,3,2,20,23
ACOAS;ACONTam,0,1,23,24
ACOAS;ACONTb,3,2,20,23
ACOAS;ACONTbm,0,1,23,24
ACOAS;ADNK1,0,1,23,24
ACOAS;ADPtn,3,0,20,25
ACOAS;AHC,0,1,23,24
ACOAS;AKGICITtm,1,1,22,24
ACOAS;AKGMALtm,0,1,23,24
ACOAS;AKGSUCCtm,1,0,22,25
ACOAS;ALATA_L,1,0,22,25
ACOAS;ATPtn,3,0,20,25
ACOAS;CHAT,3,0,20,25
ACOAS;CHATn,3,0,20,25
ACOAS;CHOLtn,3,0,20,25
ACOAS;CITSUCCtm,1,0,22,25
ACOAS;CITtn,3,0,20,25
ACOAS;CO2t,1,0,22,25
ACOAS;DHFRm,0,1,23,24
ACOAS;DHFRx,0,1,23,24
ACOAS;GLUDym,1,0,22,25
ACOAS;HCO3E,1,0,22,25
ACOAS;HMGL,1,1,22,24
ACOAS;ICDHyrm,3,3,20,22
ACOAS;ICITCITtm,1,0,22,25
ACOAS;ICITMALtm,1,1,22,24
ACOAS;ME2m,1,0,22,25
ACOAS;METAT,0,1,23,24
ACOAS;OAADC,0,1,23,24
ACOAS;OAAtn,3,0,20,25
ACOAS;OXALSUCCCLm,3,3,20,22
ACOAS;PItn,3,0,20,25
ACOAS;PYRtm,1,0,22,25
ACOATE100m;APAT2rm,0,1,23,24
ACOATE100m;ASP1DC,0,1,23,24
ACOATE100m;BALAtmr,0,1,23,24
ACOATE100m;DHRT_2mbcoa,0,1,23,24
ACOATE100m;ECOAH9m,0,1,23,24
ACOATE100m;GLUDxm,0,1,23,24
ACOATE100m;GLYATm,0,1,23,24
ACOATE100m;HACD9m,0,1,23,24
ACOATE100m;ILETAm,0,1,23,24
ACOATE100m;ILEt5m,0,1,23,24
ACOATE100m;MMSAD3m,0,1,23,24
ACOATE100m;NH4tm,0,1,23,24
ACOATE100m;PPCOAtm,0,2,23,23
ACOATE100m;THR3Dx,0,1,23,24
ACOATE204;CO2t,1,0,22,25
ACOATE204;TRDOXtm,2,2,21,23
ACOATE204;TRDR,9,1,14,24
ACOATE204;TRDRDtm,2,2,21,23
ACOATE204;TRDRm,2,2,21,23
ACOD;CRNtim,1,0,22,25
ACOD;GLUDxm,1,0,22,25
ACOD;GLUDym,1,0,22,25
ACOD;THRA,1,0,22,25
ACONTa;ADK3m,0,1,23,24
ACONTa;ADPt4,1,0,22,25
ACONTa;AGTim,0,1,23,24
ACONTa;ALATA_L,0,1,23,24
ACONTa;ALDD2x,3,0,20,25
ACONTa;ALDD2y,8,2,15,23
ACONTa;ARTFR12,0,1,23,24
ACONTa;ASNN,5,0,18,25
ACONTa;ASPGLUm,0,1,23,24
ACONTa;ASPPROASCT1,0,1,23,24
ACONTa;ATPS4m,1,0,22,25
ACONTa;ATPt4,1,0,22,25
ACONTa;C161CPT1,0,1,23,24
ACONTa;CACT4r,0,1,23,24
ACONTa;CO2t,0,1,23,24
ACONTa;COAtp,0,1,23,24
ACONTa;COAtr,0,1,23,24
ACONTa;CRNCARtp,0,1,23,24
ACONTa;CRNtim,0,1,23,24
ACONTa;CSNATp,0,1,23,24
ACONTa;CSNATr,0,1,23,24
ACONTa;CYANSTm,0,1,23,24
ACONTa;CYOOm2,1,0,22,25
ACONTa;CYOR_u10m,1,0,22,25
ACONTa;CYSO,0,1,23,24
ACONTa;DESAT16_1,0,1,23,24
ACONTa;DHRT_2mbcoa,0,1,23,24
ACONTa;ECOAH9m,0,1,23,24
ACONTa;FUMTSULtm,0,1,23,24
ACONTa;GLXtm,0,1,23,24
ACONTa;GLXtp,0,1,23,24
ACONTa;GLYATm,0,1,23,24
ACONTa;GLYtm,1,0,22,25
ACONTa;HACD9m,0,1,23,24
ACONTa;HCO3Ee,0,1,23,24
ACONTa;HCO3Em,0,1,23,24
ACONTa;HMGCOASi,1,0,22,25
ACONTa;HMGCOAtx,0,1,23,24
ACONTa;HMGLx,0,1,23,24
ACONTa;ILETAm,0,1,23,24
ACONTa;ILEt5m,0,1,23,24
ACONTa;MAL_Lte,1,0,22,25
ACONTa;O2t,0,1,23,24
ACONTa;O2tp,0,1,23,24
ACONTa;PLMCOAPTr,0,1,23,24
ACONTa;PPItm,0,1,23,24
ACONTa;PRO1x,0,1,23,24
ACONTa;SQORm,0,1,23,24
ACONTa;THR3Dx,0,1,23,24
ACONTa;TSULt4_3,0,1,23,24
ACONTam;AKGCITtm,0,1,23,24
ACONTam;AKGDa1,0,1,23,24
ACONTam;AKGDa2,0,1,23,24
ACONTam;AKGDb,0,1,23,24
ACONTam;ALASm,0,1,23,24
ACONTam;ALDD2x,0,1,23,24
ACONTam;BILIRED,0,1,23,24
ACONTam;BILIRUBtr,0,1,23,24
ACONTam;CITOXAtm,0,1,23,24
ACONTam;CO2t,0,1,23,24
ACONTam;COt,0,1,23,24
ACONTam;CPPPGO,0,1,23,24
ACONTam;DLD,0,1,23,24
ACONTam;ENO,0,1,23,24
ACONTam;FCLTm,0,1,23,24
ACONTam;FE2tm,0,1,23,24
ACONTam;FUMAC,0,1,23,24
ACONTam;GALK,0,1,23,24
ACONTam;GALM2,0,1,23,24
ACONTam;GALU,0,1,23,24
ACONTam;GTPGDPtm,0,1,23,24
ACONTam;HGNTOR,0,1,23,24
ACONTam;HMBS,0,1,23,24
ACONTam;HOXG,0,1,23,24
ACONTam;MACACIr,0,1,23,24
ACONTam;NDP7er,0,1,23,24
ACONTam;OCOAT1m,0,1,23,24
ACONTam;OXAPItm,0,1,23,24
ACONTam;PHEMEtm,0,1,23,24
ACONTam;PPBNGS,0,1,23,24
ACONTam;PPPG9tm,0,1,23,24
ACONTam;PPPGOm,0,1,23,24
ACONTam;PYRtm,0,1,23,24
ACONTam;SUCOAS1m,0,1,23,24
ACONTam;TYRTA,0,1,23,24
ACONTam;UDPG4E,0,1,23,24
ACONTam;UDPGD,0,1,23,24
ACONTam;UDPGLCAter,0,1,23,24
ACONTam;UGLT,0,1,23,24
ACONTam;UPP3S,0,1,23,24
ACONTam;UPPDC1,0,1,23,24
ACONTb;ADK3m,0,1,23,24
ACONTb;ADNK1,1,0,22,25
ACONTb;ADPt4,1,0,22,25
ACONTb;AGTim,0,1,23,24
ACONTb;AHC,1,0,22,25
ACONTb;ALATA_L,0,1,23,24
ACONTb;ALDD2x,3,0,20,25
ACONTb;ALDD2y,8,2,15,23
ACONTb;ARCOAATp,1,0,22,25
ACONTb;ARCOAATr,1,0,22,25
ACONTb;ARTFR12,0,1,23,24
ACONTb;ARTFR54,1,0,22,25
ACONTb;ASNN,5,0,18,25
ACONTb;ASPGLUm,0,1,23,24
ACONTb;ASPPROASCT1,0,1,23,24
ACONTb;ATPS4m,1,0,22,25
ACONTb;ATPt4,1,0,22,25
ACONTb;BETALDHxm,1,0,22,25
ACONTb;BHMT,1,0,22,25
ACONTb;C161CPT1,0,1,23,24
ACONTb;CACT4r,0,1,23,24
ACONTb;CACT7p,1,0,22,25
ACONTb;CACT7r,1,0,22,25
ACONTb;CATp,1,0,22,25
ACONTb;CHLtm,1,0,22,25
ACONTb;CHOLD2m,1,0,22,25
ACONTb;CO2t,0,1,23,24
ACONTb;COAtp,1,1,22,24
ACONTb;COAtr,1,1,22,24
ACONTb;CRNCARtp,1,1,22,24
ACONTb;CRNtim,1,1,22,24
ACONTb;CSNATp,1,1,22,24
ACONTb;CSNATr,1,1,22,24
ACONTb;CYANSTm,0,1,23,24
ACONTb;CYOOm2,1,0,22,25
ACONTb;CYOR_u10m,1,0,22,25
ACONTb;CYSO,0,1,23,24
ACONTb;DESAT16_1,0,1,23,24
ACONTb;DESAT18_1,1,0,22,25
ACONTb;DESAT24_51,1,0,22,25
ACONTb;DHRT_2mbcoa,0,1,23,24
ACONTb;DMGDHm,1,0,22,25
ACONTb;DMGtm,1,0,22,25
ACONTb;ECOAH9m,0,1,23,24
ACONTb;FAE180,1,0,22,25
ACONTb;FAE201,1,0,22,25
ACONTb;FAE221,1,0,22,25
ACONTb;FAE224,1,0,22,25
ACONTb;FAE241,1,0,22,25
ACONTb;FAE244,1,0,22,25
ACONTb;FALDtm,1,0,22,25
ACONTb;FALDtx,1,0,22,25
ACONTb;FUMTSULtm,0,1,23,24
ACONTb;GLUDxm,1,0,22,25
ACONTb;GLUDym,1,0,22,25
ACONTb;GLXtm,0,1,23,24
ACONTb;GLXtp,0,1,23,24
ACONTb;GLYATm,0,1,23,24
ACONTb;GLYBtm,1,0,22,25
ACONTb;GLYtm,1,0,22,25
ACONTb;GLYtp,1,0,22,25
ACONTb;GNMT,1,0,22,25
ACONTb;HACD180,1,0,22,25
ACONTb;HACD201,1,0,22,25
ACONTb;HACD221,1,0,22,25
ACONTb;HACD224,1,0,22,25
ACONTb;HACD241,1,0,22,25
ACONTb;HACD244,1,0,22,25
ACONTb;HACD9m,0,1,23,24
ACONTb;HCO3Ee,0,1,23,24
ACONTb;HCO3Em,0,1,23,24
ACONTb;HMGCOASi,1,0,22,25
ACONTb;HMGCOAtx,0,1,23,24
ACONTb;HMGLx,0,1,23,24
ACONTb;HSD180,1,0,22,25
ACONTb;HSD201,1,0,22,25
ACONTb;HSD221,1,0,22,25
ACONTb;HSD224,1,0,22,25
ACONTb;HSD241,1,0,22,25
ACONTb;HSD244,1,0,22,25
ACONTb;ILETAm,0,1,23,24
ACONTb;ILEt5m,0,1,23,24
ACONTb;MAL_Lte,1,0,22,25
ACONTb;METAT,1,0,22,25
ACONTb;NADHtru,1,0,22,25
ACONTb;NADtru,1,0,22,25
ACONTb;NRVNCCOAtr,1,0,22,25
ACONTb;NRVNCCOAtxc,1,0,22,25
ACONTb;O2t,0,1,23,24
ACONTb;O2tp,0,1,23,24
ACONTb;PLMCOAPTr,0,1,23,24
ACONTb;PPItm,0,1,23,24
ACONTb;PRO1x,0,1,23,24
ACONTb;RTOT5,1,0,22,25
ACONTb;SARCOXp,1,0,22,25
ACONTb;SARCStm,1,0,22,25
ACONTb;SARCStp,1,0,22,25
ACONTb;SQORm,0,1,23,24
ACONTb;TECR180,1,0,22,25
ACONTb;TECR201,1,0,22,25
ACONTb;TECR221,1,0,22,25
ACONTb;TECR224,1,0,22,25
ACONTb;TECR241,1,0,22,25
ACONTb;TECR244,1,0,22,25
ACONTb;TETPENT6COAtr,1,0,22,25
ACONTb;THR3Dx,0,1,23,24
ACONTb;TSULt4_3,0,1,23,24
ACONTbm;AKGCITtm,0,1,23,24
ACONTbm;AKGDa1,0,1,23,24
ACONTbm;AKGDa2,0,1,23,24
ACONTbm;AKGDb,0,1,23,24
ACONTbm;ALASm,0,1,23,24
ACONTbm;ALDD2x,0,1,23,24
ACONTbm;BILIRED,0,1,23,24
ACONTbm;BILIRUBtr,0,1,23,24
ACONTbm;CITOXAtm,0,1,23,24
ACONTbm;CO2t,0,1,23,24
ACONTbm;COt,0,1,23,24
ACONTbm;CPPPGO,0,1,23,24
ACONTbm;DLD,0,1,23,24
ACONTbm;ENO,0,1,23,24
ACONTbm;FCLTm,0,1,23,24
ACONTbm;FE2tm,0,1,23,24
ACONTbm;FUMAC,0,1,23,24
ACONTbm;GALK,0,1,23,24
ACONTbm;GALM2,0,1,23,24
ACONTbm;GALU,0,1,23,24
ACONTbm;GTPGDPtm,0,1,23,24
ACONTbm;HGNTOR,0,1,23,24
ACONTbm;HMBS,0,1,23,24
ACONTbm;HOXG,0,1,23,24
ACONTbm;MACACIr,0,1,23,24
ACONTbm;NDP7er,0,1,23,24
ACONTbm;OCOAT1m,0,1,23,24
ACONTbm;OXAPItm,0,1,23,24
ACONTbm;PHEMEtm,0,1,23,24
ACONTbm;PPBNGS,0,1,23,24
ACONTbm;PPPG9tm,0,1,23,24
ACONTbm;PPPGOm,0,1,23,24
ACONTbm;PYRtm,0,1,23,24
ACONTbm;SUCOAS1m,0,1,23,24
ACONTbm;THRA,1,0,22,25
ACONTbm;TYRTA,0,1,23,24
ACONTbm;UDPG4E,0,1,23,24
ACONTbm;UDPGD,0,1,23,24
ACONTbm;UDPGLCAter,0,1,23,24
ACONTbm;UGLT,0,1,23,24
ACONTbm;UPP3S,0,1,23,24
ACONTbm;UPPDC1,0,1,23,24
ACRNtm;ADNK1,1,0,22,25
ACRNtm;ADNtm,1,0,22,25
ACRNtm;AMPPHm,1,0,22,25
ACRNtm;ARTFR12,0,1,23,24
ACRNtm;C30CPT1,0,1,23,24
ACRNtm;COAtr,0,1,23,24
ACRNtm;CSNAT2m,0,1,23,24
ACRNtm;DESAT16_1,0,1,23,24
ACRNtm;ECOAH1m,2,0,21,25
ACRNtm;GLUDxm,4,0,19,25
ACRNtm;GLUDym,3,0,20,25
ACRNtm;HACD1m,2,0,21,25
ACRNtm;L_LACtcm,0,1,23,24
ACRNtm;L_LACtm,0,1,23,24
ACRNtm;PCRNtm,0,1,23,24
ACRNtm;PIATPLtm,1,0,22,25
ACTNMO;ADK1,0,1,23,24
ACTNMO;AMPt4,1,0,22,25
ACTNMO;APAT2rm,0,1,23,24
ACTNMO;ASP1DC,0,1,23,24
ACTNMO;BALAtmr,0,1,23,24
ACTNMO;GLUDxm,0,1,23,24
ACTNMO;L_LACtcm,0,2,23,23
ACTNMO;L_LACtm,0,2,23,23
ACTNMO;MMSAD3m,0,1,23,24
ACTNMO;NDPK1,1,1,22,24
ACTNMO;NH4tm,0,1,23,24
ACTNMO;PPCOAtm,0,1,23,24
ACTNMO;PPItm,1,0,22,25
ACYP;ASPDH,2,1,21,24
ACYP;PEPCK,2,1,21,24
ACt2m;ALDD2x,2,0,21,25
ACt2m;ALDD2y,6,0,17,25
ACt2m;ASNN,5,0,18,25
ACt2m;ECOAH9m,0,1,23,24
ACt2m;GLYtm,1,0,22,25
ACt2m;HACD9m,0,1,23,24
ACt2m;HMGCOASi,1,0,22,25
ACt2m;TIGGLYc,0,1,23,24
ACt2m;TIGGLYte,0,1,23,24
ACt2m;TIGGLYtm,0,1,23,24
ADCim;ADK1,0,1,23,24
ADCim;AMPt4,1,0,22,25
ADCim;APAT2rm,0,1,23,24
ADCim;ASP1DC,0,1,23,24
ADCim;BALAtmr,0,1,23,24
ADCim;GLUDxm,0,1,23,24
ADCim;L_LACtcm,0,2,23,23
ADCim;L_LACtm,0,2,23,23
ADCim;MMSAD3m,0,1,23,24
ADCim;NDPK1,1,1,22,24
ADCim;NH4tm,0,1,23,24
ADCim;PPCOAtm,0,1,23,24
ADCim;PPItm,1,0,22,25
ADHAPtx;GLUDxm,1,0,22,25
ADHAPtx;GLUDym,1,0,22,25
ADK1;ADK3m,0,4,23,21
ADK1;AKGGHTRDtm,0,1,23,24
ADK1;ALDD2y,0,1,23,24
ADK1;AMPt4,0,4,23,21
ADK1;ATPt4,0,3,23,22
ADK1;CITRt2m,0,1,23,24
ADK1;CITRtm,0,1,23,24
ADK1;CO2t,0,1,23,24
ADK1;DRIBt,0,1,23,24
ADK1;DRPA,0,1,23,24
ADK1;DURIPP,0,2,23,23
ADK1;ENO,0,1,23,24
ADK1;GAPD,0,1,23,24
ADK1;GTPGDPtm,0,2,23,23
ADK1;HCO3Em,0,1,23,24
ADK1;HCO3tm,0,1,23,24
ADK1;HEX12,0,1,23,24
ADK1;NDPK6,0,2,23,23
ADK1;NTD1,0,2,23,23
ADK1;O2t,0,2,23,23
ADK1;PGK,0,1,23,24
ADK1;PGM,0,1,23,24
ADK1;PIGTHRDLtm,0,1,23,24
ADK1;PIt2m_2,0,1,23,24
ADK1;PPM,0,2,23,23
ADK1;PPM2,0,1,23,24
ADK1;PYNP2r,0,2,23,23
ADK1;SUCOAS1m,0,1,23,24
ADK1;URIK4,0,2,23,23
ADK3m;ALASm,0,1,23,24
ADK3m;AMPt4,0,2,23,23
ADK3m;ATP1ter,0,1,23,24
ADK3m;ATPt4,0,2,23,23
ADK3m;BILDGLUCRabc,0,1,23,24
ADK3m;BILIRED,0,1,23,24
ADK3m;BILIRUBtr,0,1,23,24
ADK3m;CBPSam,0,2,23,23
ADK3m;CITRORNtm,0,1,23,24
ADK3m;CITRte,0,2,23,23
ADK3m;COt,0,1,23,24
ADK3m;CPPPGO,0,1,23,24
ADK3m;DHRT_2mbcoa,0,1,23,24
ADK3m;ECOAH9m,0,1,23,24
ADK3m;FCLTm,0,1,23,24
ADK3m;FE2tm,0,1,23,24
ADK3m;FUM,0,1,23,24
ADK3m;GALK,0,1,23,24
ADK3m;GALM2,0,1,23,24
ADK3m;GALU,0,1,23,24
ADK3m;GLCOASYNT,0,1,23,24
ADK3m;GLUTCOADHm,0,1,23,24
ADK3m;HACD9m,0,1,23,24
ADK3m;HCO3Em,0,2,23,23
ADK3m;HCO3tm,0,1,23,24
ADK3m;HMBS,0,1,23,24
ADK3m;HOXG,0,1,23,24
ADK3m;ICDHyrm,0,1,23,24
ADK3m;ICITMALtm,0,1,23,24
ADK3m;ILETAm,0,1,23,24
ADK3m;ILEt5m,0,1,23,24
ADK3m;NDP7er,0,1,23,24
ADK3m;NH4tm,0,1,23,24
ADK3m;OCBTm,0,2,23,23
ADK3m;ORNt4m,0,1,23,24
ADK3m;OXALSUCCCLm,0,1,23,24
ADK3m;OXOADLR,0,1,23,24
ADK3m;PHEMEtabc,0,1,23,24
ADK3m;PPBNGS,0,1,23,24
ADK3m;PPPG9tm,0,1,23,24
ADK3m;PPPGOm,0,1,23,24
ADK3m;PROAKGOX1m,0,1,23,24
ADK3m;UDPG4E,0,1,23,24
ADK3m;UDPGCURtr,0,1,23,24
ADK3m;UDPGD,0,1,23,24
ADK3m;UGLT,0,1,23,24
ADK3m;UGT1A2r,0,1,23,24
ADK3m;UMPtr,0,1,23,24
ADK3m;UPP3S,0,1,23,24
ADK3m;UPPDC1,0,1,23,24
ADNK1;ADSK,1,0,22,25
ADNK1;AHCYStn,1,0,22,25
ADNK1;AKGtn,1,0,22,25
ADNK1;ALDD2y,0,2,23,23
ADNK1;AMETtn,1,0,22,25
ADNK1;APAT2rm,1,0,22,25
ADNK1;ARGN,1,0,22,25
ADNK1;ATPS4m,5,1,18,24
ADNK1;BALAtmr,1,0,22,25
ADNK1;BPNT,1,0,22,25
ADNK1;CATp,1,0,22,25
ADNK1;CBPSam,1,0,22,25
ADNK1;CHOLK,7,1,16,24
ADNK1;CHOLtu,7,1,16,24
ADNK1;CITRte,1,0,22,25
ADNK1;CMPACNAtg,1,0,22,25
ADNK1;CMPSAS,1,0,22,25
ADNK1;CO2t,1,0,22,25
ADNK1;CO2tn,1,0,22,25
ADNK1;CSNATm,1,0,22,25
ADNK1;CYOOm2,5,1,18,24
ADNK1;CYOR_u10m,5,1,18,24
ADNK1;CYSt4,10,12,13,13
ADNK1;DHPM1,1,0,22,25
ADNK1;DURAD,1,0,22,25
ADNK1;ECOAH1m,0,1,23,24
ADNK1;ETHPL,0,5,23,20
ADNK1;FALDtn,1,0,22,25
ADNK1;FALDtx,1,0,22,25
ADNK1;GALASE17ly,1,0,22,25
ADNK1;GALASE18ly,1,0,22,25
ADNK1;GALASE19ly,1,0,22,25
ADNK1;GALK,1,0,22,25
ADNK1;GALNTg,1,0,22,25
ADNK1;GALU,1,0,22,25
ADNK1;GALtly,1,0,22,25
ADNK1;GLACter,1,0,22,25
ADNK1;GLCURter,1,0,22,25
ADNK1;GLCURtly,1,0,22,25
ADNK1;GLRASE,1,0,22,25
ADNK1;GLUDxm,3,0,20,25
ADNK1;GNMT,1,0,22,25
ADNK1;GULLACter,1,0,22,25
ADNK1;H2Otg,1,0,22,25
ADNK1;H2Otly,1,0,22,25
ADNK1;HACD1m,0,1,23,24
ADNK1;HAS1,1,0,22,25
ADNK1;HAS2,1,0,22,25
ADNK1;HAtly,1,0,22,25
ADNK1;HCO3E,1,0,22,25
ADNK1;HCO3Em,1,0,22,25
ADNK1;HMGCOASi,1,0,22,25
ADNK1;HYAL,1,0,22,25
ADNK1;Htg,1,0,22,25
ADNK1;ICDHyrm,1,0,22,25
ADNK1;MMSAD3m,1,0,22,25
ADNK1;NACHEX24ly,1,0,22,25
ADNK1;NACHEX25ly,1,0,22,25
ADNK1;NAGA2ly,1,0,22,25
ADNK1;NAGLCAly,1,0,22,25
ADNK1;NDP7g,1,0,22,25
ADNK1;NDPK3,15,17,8,8
ADNK1;NTD2,1,1,22,24
ADNK1;NTD4,1,0,22,25
ADNK1;O2t,3,13,20,12
ADNK1;O2tn,1,0,22,25
ADNK1;O2tp,1,0,22,25
ADNK1;OCBTm,1,0,22,25
ADNK1;ORNt4m,1,0,22,25
ADNK1;OXALSUCCCLm,1,0,22,25
ADNK1;PAPStg,1,0,22,25
ADNK1;PAPtg,1,0,22,25
ADNK1;PGMT,1,0,22,25
ADNK1;PItg,1,0,22,25
ADNK1;PYNP2r,1,0,22,25
ADNK1;S6TASE24ly,1,0,22,25
ADNK1;SADT,1,0,22,25
ADNK1;SARCOXp,1,0,22,25
ADNK1;SARCStp,1,0,22,25
ADNK1;SO4tl,1,0,22,25
ADNK1;Ser/Thrtg,1,0,22,25
ADNK1;THRD_L,4,8,19,17
ADNK1;UAGDP,1,0,22,25
ADNK1;UDPACGALtl,1,0,22,25
ADNK1;UDPGALtg,1,0,22,25
ADNK1;UDPGD,1,0,22,25
ADNK1;UDPtl,1,0,22,25
ADNK1;UGALNACtg,1,0,22,25
ADNK1;UGLCNACtg,1,0,22,25
ADNK1;UGLT,1,0,22,25
ADNK1;UPPN,1,0,22,25
ADNK1;URIK4,0,1,23,24
ADNK1;UROLACer,1,0,22,25
ADNK3;ENO,0,1,23,24
ADNK3;GAPD,0,1,23,24
ADNK3;NDPK3,0,2,23,23
ADNK3;NTD2,0,1,23,24
ADNK3;PGK,0,1,23,24
ADNK3;PGM,0,1,23,24
ADNK3;URIK4,0,1,23,24
ADNtm;AHCYStn,1,0,22,25
ADNtm;AKGtn,1,0,22,25
ADNtm;AMETtn,1,0,22,25
ADNtm;APAT2rm,1,0,22,25
ADNtm;ARGN,1,0,22,25
ADNtm;ATPS4m,6,0,17,25
ADNtm;BALAtmr,1,0,22,25
ADNtm;CATp,1,0,22,25
ADNtm;CBPSam,1,0,22,25
ADNtm;CITRte,1,0,22,25
ADNtm;CO2tn,1,0,22,25
ADNtm;CSNATm,1,0,22,25
ADNtm;CYOOm2,5,0,18,25
ADNtm;CYOOm3,1,0,22,25
ADNtm;CYOR_u10m,6,0,17,25
ADNtm;DHPM1,1,0,22,25
ADNtm;DURAD,1,0,22,25
ADNtm;FALDtn,1,0,22,25
ADNtm;FALDtx,1,0,22,25
ADNtm;GLUDxm,2,0,21,25
ADNtm;GNMT,1,0,22,25
ADNtm;HCO3Em,1,0,22,25
ADNtm;HMGCOASi,1,0,22,25
ADNtm;MMSAD3m,1,0,22,25
ADNtm;NTD2,1,0,22,25
ADNtm;O2Stm,1,0,22,25
ADNtm;O2tp,1,0,22,25
ADNtm;OCBTm,1,0,22,25
ADNtm;ORNt4m,1,0,22,25
ADNtm;PYNP2r,1,0,22,25
ADNtm;SARCOXp,1,0,22,25
ADNtm;SARCStp,1,0,22,25
ADNtm;UPPN,1,0,22,25
ADPOHc;ALATA_L,5,2,18,23
ADPOHt;ALATA_L,5,2,18,23
ADPT;NDPK3,0,2,23,23
ADPT;O2t,0,1,23,24
ADPt4;AKGACONtm,0,1,23,24
ADPt4;AKGGHTRDtm,1,1,22,24
ADPt4;AKGPItm,0,1,23,24
ADPt4;APAT2rm,1,0,22,25
ADPt4;ATPS4m,4,4,19,21
ADPt4;ATPt4,1,2,22,23
ADPt4;BALAtmr,1,0,22,25
ADPt4;CAtm7,0,2,23,23
ADPt4;CBPSam,0,1,23,24
ADPt4;CITRt2m,0,1,23,24
ADPt4;CITRte,0,1,23,24
ADPt4;CITRtm,0,1,23,24
ADPt4;CO2t,0,2,23,23
ADPt4;CYOOm2,3,4,20,21
ADPt4;CYOOm3,1,0,22,25
ADPt4;CYOR_u10m,4,4,19,21
ADPt4;DHPM1,1,0,22,25
ADPt4;DOPAMT,0,1,23,24
ADPt4;DURAD,1,0,22,25
ADPt4;G5SADr,1,1,22,24
ADPt4;G6PDH2r,0,1,23,24
ADPt4;GLU5SAtmc,1,1,22,24
ADPt4;GLUDym,0,2,23,23
ADPt4;GLYC3Ptmc,1,0,22,25
ADPt4;GND,0,1,23,24
ADPt4;GSADHm,1,0,22,25
ADPt4;HCO3E,1,0,22,25
ADPt4;HCO3Em,0,1,23,24
ADPt4;HOMOVALte,0,1,23,24
ADPt4;ICDHyrm,1,0,22,25
ADPt4;ICITACONtm,1,0,22,25
ADPt4;L_LACtcm,0,1,23,24
ADPt4;L_LACtm,0,1,23,24
ADPt4;MMSAD3m,1,0,22,25
ADPt4;NAtm,0,2,23,23
ADPt4;NH4t3r,1,0,22,25
ADPt4;NH4tm,2,2,21,23
ADPt4;NTD2,1,0,22,25
ADPt4;O2Stm,1,0,22,25
ADPt4;OCBTm,0,1,23,24
ADPt4;ORNTArm,0,1,23,24
ADPt4;OXALSUCCCLm,1,0,22,25
ADPt4;P5CDm,1,0,22,25
ADPt4;PGL,0,1,23,24
ADPt4;PIATPLtm,0,2,23,23
ADPt4;PIGTHRDLtm,1,1,22,24
ADPt4;PIMALtm,2,1,21,24
ADPt4;PIt2m_2,1,1,22,24
ADPt4;PPM,0,1,23,24
ADPt4;PROtm,1,0,22,25
ADPt4;PYNP2r,1,1,22,24
ADPt4;RPE,0,1,23,24
ADPt4;SO3AKGtm,1,1,22,24
ADPt4;SO3MALtm,1,1,22,24
ADPt4;SO4AKGtm,1,0,22,25
ADPt4;SO4MALtm,1,0,22,25
ADPt4;SUCCACONtm,1,1,22,24
ADPt4;TKT1,0,1,23,24
ADPt4;TKT2,0,1,23,24
ADPt4;TYRDOPO,0,1,23,24
ADPt4;UPPN,1,0,22,25
ADSK;ALATA_L,5,0,18,25
ADSK;B3GALTg,0,1,23,24
ADSK;B3GNT39g,0,1,23,24
ADSK;B3GNT51g,0,1,23,24
ADSK;CERT2gt,0,1,23,24
ADSK;CO2t,1,0,22,25
ADSK;DHFRm,0,1,23,24
ADSK;DHFRx,0,1,23,24
ADSK;DNAMTSEn,1,0,22,25
ADSK;ENO,1,0,22,25
ADSK;FUCACNGALACGLCGALGLUSIDEte,0,1,23,24
ADSK;FUCACNGALACGLCGALGLUSIDEtg,0,1,23,24
ADSK;FUT32g,0,1,23,24
ADSK;G6PDH2rer,0,1,23,24
ADSK;GDPFUCtg,0,1,23,24
ADSK;GDPtg,0,1,23,24
ADSK;GFUCS,0,1,23,24
ADSK;GMAND,0,1,23,24
ADSK;GMPtg,0,1,23,24
ADSK;GNDer,0,1,23,24
ADSK;H2O2tn,1,0,22,25
ADSK;HCO3E,1,0,22,25
ADSK;MAN1PT2,0,1,23,24
ADSK;MAN6PI,0,1,23,24
ADSK;MTHFR3,1,0,22,25
ADSK;O2St,1,0,22,25
ADSK;O2Stn,1,0,22,25
ADSK;O2tn,1,0,22,25
ADSK;PGLer,0,1,23,24
ADSK;PMANM,0,1,23,24
ADSK;SEAHCYSHYD,1,0,22,25
ADSK;SEAHCYStn,1,0,22,25
ADSK;SEASMETtn,1,0,22,25
ADSK;SELMETAT,1,0,22,25
ADSK;SPODMn,1,0,22,25
ADSK;ST3GAL31g,0,1,23,24
ADSK;UDPGNP,1,0,22,25
ADSK;UGCGc,0,1,23,24
AG13T10g;ALATA_L,1,0,22,25
AG13T11g;ALATA_L,1,0,22,25
AG13T12g;ALATA_L,1,0,22,25
AG13T13g;ALATA_L,1,0,22,25
AG13T14g;ALATA_L,1,0,22,25
AG13T15g;ALATA_L,1,0,22,25
AG13T16g;ALATA_L,2,0,21,25
AG13T16g;UDPGNP,1,0,22,25
AG13T17g;ALATA_L,2,0,21,25
AG13T17g;UDPGNP,1,0,22,25
AG13T18g;ALATA_L,2,0,21,25
AG13T18g;UDPGNP,1,0,22,25
AG13T1g;GDPFUCtg,0,1,23,24
AG13T1g;GDPtg,0,1,23,24
AG13T1g;GFUCS,0,1,23,24
AG13T1g;GMAND,0,1,23,24
AG13T1g;GMPtg,0,1,23,24
AG13T1g;MAN1PT2,0,1,23,24
AG13T1g;MAN6PI,0,1,23,24
AG13T1g;PMANM,0,1,23,24
AG13T2g;GDPFUCtg,0,1,23,24
AG13T2g;GDPtg,0,1,23,24
AG13T2g;GFUCS,0,1,23,24
AG13T2g;GMAND,0,1,23,24
AG13T2g;GMPtg,0,1,23,24
AG13T2g;MAN1PT2,0,1,23,24
AG13T2g;MAN6PI,0,1,23,24
AG13T2g;PMANM,0,1,23,24
AG13T3g;GDPFUCtg,0,1,23,24
AG13T3g;GDPtg,0,1,23,24
AG13T3g;GFUCS,0,1,23,24
AG13T3g;GMAND,0,1,23,24
AG13T3g;GMPtg,0,1,23,24
AG13T3g;MAN1PT2,0,1,23,24
AG13T3g;MAN6PI,0,1,23,24
AG13T3g;PMANM,0,1,23,24
AG13T4g;ALATA_L,1,0,22,25
AG13T5g;ALATA_L,1,0,22,25
AG13T6g;ALATA_L,1,0,22,25
AG13T7g;ALATA_L,1,0,22,25
AG13T8g;ALATA_L,1,0,22,25
AG13T9g;ALATA_L,1,0,22,25
AGLPH;GLUDxm,1,0,22,25
AGLPH;GLUDym,1,0,22,25
AGLPR;GLUDxm,1,0,22,25
AGLPR;GLUDym,1,0,22,25
AGLPT;GLUDxm,1,0,22,25
AGLPT;GLUDym,1,0,22,25
AGMO;GLUDxm,1,0,22,25
AGMO;GLUDym,1,0,22,25
AGPAT1;AGPAT1m,0,1,23,24
AGPAT1;ARTPLM1m,0,1,23,24
AGPAT1;C160CPT2,0,1,23,24
AGPAT1;C160CRNt,0,1,23,24
AGPAT1;CACT3r,0,1,23,24
AGPAT1;CDPDAGtm,0,1,23,24
AGPAT1;CDSm,0,1,23,24
AGPAT1;CRNtim,0,1,23,24
AGPAT1;CYTDK2m,0,1,23,24
AGPAT1;CYTDtm,0,1,23,24
AGPAT1;CYTK1m,0,1,23,24
AGPAT1;DUTCP,0,1,23,24
AGPAT1;ENO,0,1,23,24
AGPAT1;FBA2,0,1,23,24
AGPAT1;GAPD,0,1,23,24
AGPAT1;GLYALDORy,0,1,23,24
AGPAT1;GLYCtm,0,1,23,24
AGPAT1;GLYKm,0,1,23,24
AGPAT1;GPAMm_hs,0,1,23,24
AGPAT1;KHK,0,1,23,24
AGPAT1;NDPK3m,0,1,23,24
AGPAT1;NTD2,0,1,23,24
AGPAT1;PGM,0,1,23,24
AGPAT1;PMTCOAFABP1tc,0,1,23,24
AGPAT1;PMTCOAPTr,0,1,23,24
AGPAT1;PPItm,0,1,23,24
AGPAT1;SBTD_D2,0,1,23,24
AGPAT1;SBTR,0,1,23,24
AGPAT1;TPI,0,1,23,24
AGPAT1;URIK4,0,1,23,24
AGPAT1m;CDS,0,1,23,24
AGPAT1m;GPAM_hs,0,1,23,24
AGPSx;GLUDxm,1,0,22,25
AGPSx;GLUDym,1,0,22,25
AGPex;GLUDxm,1,0,22,25
AGPex;GLUDym,1,0,22,25
AGTim;AKGMALtm,0,1,23,24
AGTim;ALATA_L,0,1,23,24
AGTim;ALDD2y,1,0,22,25
AGTim;APAT2rm,0,2,23,23
AGTim;BALAtmr,0,2,23,23
AGTim;DHFRm,0,1,23,24
AGTim;DHFRx,0,1,23,24
AGTim;DHPM1,0,2,23,23
AGTim;DURAD,0,2,23,23
AGTim;DURIPP,1,2,22,23
AGTim;G5SADr,0,1,23,24
AGTim;GLU5SAtmc,0,1,23,24
AGTim;GLUDym,0,1,23,24
AGTim;GLYATm,1,2,22,23
AGTim;GLYtm,1,1,22,24
AGTim;GSADHm,0,1,23,24
AGTim;GTPGDPtm,0,1,23,24
AGTim;HCO3Em,1,0,22,25
AGTim;ICDHyrm,0,1,23,24
AGTim;ICITMALtm,0,1,23,24
AGTim;L_LACtcm,0,2,23,23
AGTim;L_LACtm,0,2,23,23
AGTim;MMSAD3m,0,3,23,22
AGTim;NDPK1,0,1,23,24
AGTim;NTD1,1,2,22,23
AGTim;OAADC,0,1,23,24
AGTim;OXALSUCCCLm,0,1,23,24
AGTim;PPCOAOm,0,1,23,24
AGTim;PROGLUtm,0,1,23,24
AGTim;PROtm,0,1,23,24
AGTim;PRPNCOAHYDm,0,1,23,24
AGTim;SUCOAS1m,0,1,23,24
AGTim;THFtm,0,1,23,24
AGTim;THR3Dx,1,2,22,23
AGTim;THRA,1,1,22,24
AGTim;UPPN,0,2,23,23
AHC;ALDD2y,0,2,23,23
AHC;ATPS4m,0,1,23,24
AHC;CHOLK,7,1,16,24
AHC;CHOLtu,7,1,16,24
AHC;CYOOm2,0,1,23,24
AHC;CYOR_u10m,0,1,23,24
AHC;CYSt4,12,13,11,12
AHC;DNAMTSEn,1,2,22,23
AHC;ECOAH1m,0,1,23,24
AHC;ETHPL,0,6,23,19
AHC;H2O2tn,1,2,22,23
AHC;HACD1m,0,1,23,24
AHC;ICDHyrm,1,0,22,25
AHC;MTHFR3,0,1,23,24
AHC;MTHFR3x,1,1,22,24
AHC;O2St,1,2,22,23
AHC;O2Stn,1,2,22,23
AHC;O2tn,1,2,22,23
AHC;OXALSUCCCLm,1,0,22,25
AHC;SEAHCYSHYD,1,2,22,23
AHC;SEAHCYStn,1,2,22,23
AHC;SEASMETtn,1,2,22,23
AHC;SELMETAT,1,2,22,23
AHC;SPODMn,1,2,22,23
AHC;THRD_L,4,8,19,17
AHCYStn;AKGSUCCtm,0,1,23,24
AHCYStn;AMETt2m,3,2,20,23
AHCYStn;AMPPHm,1,0,22,25
AHCYStn;AMPt4,1,0,22,25
AHCYStn;COQ3m,3,2,20,23
AHCYStn;COQ5m,3,2,20,23
AHCYStn;COQ6m,3,2,20,23
AHCYStn;COQ7m,3,2,20,23
AHCYStn;COUCOAFm,3,2,20,23
AHCYStn;DECDPtm,3,2,20,23
AHCYStn;DHDPBMTm,3,2,20,23
AHCYStn;DPHMBDCm,3,2,20,23
AHCYStn;DPPS,3,2,20,23
AHCYStn;FRDPtc,3,2,20,23
AHCYStn;GNMT,0,1,23,24
AHCYStn;GTPGDPtm,0,1,23,24
AHCYStn;HBZOPT10m,3,2,20,23
AHCYStn;NDPK1,0,1,23,24
AHCYStn;PIATPLtm,1,0,22,25
AHCYStn;PIMALtm,0,1,23,24
AHCYStn;PPItm,2,0,21,25
AHCYStn;Q10H2e,3,2,20,23
AHCYStn;SARCStm,0,1,23,24
AHCYStn;SARDHm,0,1,23,24
AHCYStn;SO4AKGtm,0,1,23,24
AHCYStn;SO4MALtm,0,1,23,24
AHCYStn;SUCOAS1m,0,1,23,24
AHCYStn;T4HCINNMFM,3,2,20,23
AHCYStn;THRD_L,0,2,23,23
AHCYStn;TYRTAm,3,2,20,23
AHCYStn;TYRtl,3,2,20,23
AHCYStn;q10h2tc,3,2,20,23
AIBAKGAT;L_LACtcm,0,1,23,24
AIBAKGAT;L_LACtm,0,1,23,24
AKGACONtm;ALDD2y,1,0,22,25
AKGACONtm;ATPt4,0,1,23,24
AKGCITtm;AKGDa1,0,1,23,24
AKGCITtm;AKGDa2,0,1,23,24
AKGCITtm;AKGDb,0,1,23,24
AKGCITtm;ALDD2y,2,0,21,25
AKGCITtm;ASNN,1,0,22,25
AKGCITtm;CO2t,1,0,22,25
AKGCITtm;CYANSTm,1,0,22,25
AKGCITtm;CYSO,1,0,22,25
AKGCITtm;DLD,0,1,23,24
AKGCITtm;GLYtm,1,0,22,25
AKGCITtm;ICDHyrm,0,1,23,24
AKGCITtm;MALTSULtm,1,0,22,25
AKGCITtm;OXALSUCCCLm,0,1,23,24
AKGCITtm;SQORm,1,0,22,25
AKGCITtm;TSULt4_3,1,0,22,25
AKGDa1;AKGGHTRDtm,0,1,23,24
AKGDa1;BUP2,0,1,23,24
AKGDa1;CITRt2m,1,1,22,24
AKGDa1;CITRtm,1,1,22,24
AKGDa1;D3AIBTm,0,1,23,24
AKGDa1;DHPM2,0,1,23,24
AKGDa1;DURAD2x,0,1,23,24
AKGDa1;DURIK1,0,1,23,24
AKGDa1;DURIPP,0,1,23,24
AKGDa1;FUM,0,1,23,24
AKGDa1;GLNS,0,1,23,24
AKGDa1;GLNtN1,0,1,23,24
AKGDa1;GTPGDPtm,0,1,23,24
AKGDa1;ICDHyrm,0,1,23,24
AKGDa1;L_LACtcm,0,2,23,23
AKGDa1;L_LACtm,0,2,23,23
AKGDa1;ME2,0,1,23,24
AKGDa1;MMMm,0,1,23,24
AKGDa1;MMTSADm,0,1,23,24
AKGDa1;NDPK1,0,1,23,24
AKGDa1;NTD2,0,1,23,24
AKGDa1;NTD5,0,1,23,24
AKGDa1;OXALSUCCCLm,0,1,23,24
AKGDa1;PIGTHRDLtm,0,1,23,24
AKGDa1;PYNP2r,0,1,23,24
AKGDa1;SUCCICITtm,0,1,23,24
AKGDa1;SUCOAS1m,0,1,23,24
AKGDa1;TMDPP,0,1,23,24
AKGDa2;AKGGHTRDtm,0,1,23,24
AKGDa2;BUP2,0,1,23,24
AKGDa2;CITRt2m,1,1,22,24
AKGDa2;CITRtm,1,1,22,24
AKGDa2;D3AIBTm,0,1,23,24
AKGDa2;DHPM2,0,1,23,24
AKGDa2;DURAD2x,0,1,23,24
AKGDa2;DURIK1,0,1,23,24
AKGDa2;DURIPP,0,1,23,24
AKGDa2;FUM,0,1,23,24
AKGDa2;GLNS,0,1,23,24
AKGDa2;GLNtN1,0,1,23,24
AKGDa2;GTPGDPtm,0,1,23,24
AKGDa2;ICDHyrm,0,1,23,24
AKGDa2;L_LACtcm,0,2,23,23
AKGDa2;L_LACtm,0,2,23,23
AKGDa2;ME2,0,1,23,24
AKGDa2;MMMm,0,1,23,24
AKGDa2;MMTSADm,0,1,23,24
AKGDa2;NDPK1,0,1,23,24
AKGDa2;NTD2,0,1,23,24
AKGDa2;NTD5,0,1,23,24
AKGDa2;OXALSUCCCLm,0,1,23,24
AKGDa2;PIGTHRDLtm,0,1,23,24
AKGDa2;PYNP2r,0,1,23,24
AKGDa2;SUCCICITtm,0,1,23,24
AKGDa2;SUCOAS1m,0,1,23,24
AKGDa2;TMDPP,0,1,23,24
AKGDb;AKGGHTRDtm,0,1,23,24
AKGDb;BUP2,0,1,23,24
AKGDb;CITRt2m,1,1,22,24
AKGDb;CITRtm,1,1,22,24
AKGDb;D3AIBTm,0,1,23,24
AKGDb;DHPM2,0,1,23,24
AKGDb;DURAD2x,0,1,23,24
AKGDb;DURIK1,0,1,23,24
AKGDb;DURIPP,0,1,23,24
AKGDb;FUM,0,1,23,24
AKGDb;GLNS,0,1,23,24
AKGDb;GLNtN1,0,1,23,24
AKGDb;GTPGDPtm,0,1,23,24
AKGDb;ICDHyrm,0,1,23,24
AKGDb;L_LACtcm,0,2,23,23
AKGDb;L_LACtm,0,2,23,23
AKGDb;ME2,0,1,23,24
AKGDb;MMMm,0,1,23,24
AKGDb;MMTSADm,0,1,23,24
AKGDb;NDPK1,0,1,23,24
AKGDb;NTD2,0,1,23,24
AKGDb;NTD5,0,1,23,24
AKGDb;OXALSUCCCLm,0,1,23,24
AKGDb;PIGTHRDLtm,0,1,23,24
AKGDb;PYNP2r,0,1,23,24
AKGDb;SUCCICITtm,0,1,23,24
AKGDb;SUCOAS1m,0,1,23,24
AKGDb;TMDPP,0,1,23,24
AKGGHTRDtm;ALASm,0,1,23,24
AKGGHTRDtm;ATPt4,1,1,22,24
AKGGHTRDtm;BILDGLCURtr,0,1,23,24
AKGGHTRDtm;BILIRED2,0,1,23,24
AKGGHTRDtm;BILIRUBtr,0,1,23,24
AKGGHTRDtm;CITRt2m,0,1,23,24
AKGGHTRDtm;CITRtm,0,1,23,24
AKGGHTRDtm;COt,0,1,23,24
AKGGHTRDtm;CPPPGO,0,1,23,24
AKGGHTRDtm;DLD,0,1,23,24
AKGGHTRDtm;FCLTm,0,1,23,24
AKGGHTRDtm;FE2tm,0,1,23,24
AKGGHTRDtm;GALK,0,1,23,24
AKGGHTRDtm;GALM2,0,1,23,24
AKGGHTRDtm;GALU,0,1,23,24
AKGGHTRDtm;GLUDym,0,1,23,24
AKGGHTRDtm;GTPGDPtm,0,1,23,24
AKGGHTRDtm;HMBS,0,1,23,24
AKGGHTRDtm;HOXG,0,1,23,24
AKGGHTRDtm;L_LACtcm,0,1,23,24
AKGGHTRDtm;L_LACtm,0,1,23,24
AKGGHTRDtm;MAL_Lte,1,0,22,25
AKGGHTRDtm;NDP7er,0,1,23,24
AKGGHTRDtm;NH4tm,0,1,23,24
AKGGHTRDtm;O2tp,0,1,23,24
AKGGHTRDtm;PHEMEtm,0,1,23,24
AKGGHTRDtm;PPBNGS,0,1,23,24
AKGGHTRDtm;PPPG9tm,0,1,23,24
AKGGHTRDtm;PPPGOm,0,1,23,24
AKGGHTRDtm;PROAKGOX1m,0,1,23,24
AKGGHTRDtm;PROtm,1,1,22,24
AKGGHTRDtm;SUCOAS1m,0,1,23,24
AKGGHTRDtm;UDPG4E,0,1,23,24
AKGGHTRDtm;UDPGD,0,1,23,24
AKGGHTRDtm;UDPGLCAter,0,1,23,24
AKGGHTRDtm;UGLT,0,1,23,24
AKGGHTRDtm;UGT1A2r,0,1,23,24
AKGGHTRDtm;UPP3S,0,1,23,24
AKGGHTRDtm;UPPDC1,0,1,23,24
AKGICITtm;ALDD2y,5,1,18,24
AKGICITtm;ASNN,1,0,22,25
AKGICITtm;FUMAC,1,0,22,25
AKGICITtm;GLNS,0,1,23,24
AKGICITtm;GLUDxm,1,0,22,25
AKGICITtm;GLUDym,1,0,22,25
AKGICITtm;GLYATm,0,1,23,24
AKGICITtm;GLYtm,1,0,22,25
AKGICITtm;GTPGDPtm,1,0,22,25
AKGICITtm;HGNTOR,1,0,22,25
AKGICITtm;ICITACONtm,1,0,22,25
AKGICITtm;MACACIr,1,0,22,25
AKGICITtm;MALACONtm,1,0,22,25
AKGICITtm;ME2m,1,0,22,25
AKGICITtm;NDPK1,1,0,22,25
AKGICITtm;O2t,0,1,23,24
AKGICITtm;PIMALtm,1,0,22,25
AKGICITtm;PRO1x,0,1,23,24
AKGICITtm;SO4AKGtm,1,0,22,25
AKGICITtm;SO4MALtm,1,0,22,25
AKGICITtm;SUCCACONtm,1,0,22,25
AKGICITtm;SUCOAS1m,1,0,22,25
AKGICITtm;THR3Dx,0,1,23,24
AKGICITtm;TYRTA,1,0,22,25
AKGMALtm;ALDD2y,0,1,23,24
AKGMALtm;ARTFR12,0,1,23,24
AKGMALtm;C161CPT1,0,1,23,24
AKGMALtm;CACT4r,0,1,23,24
AKGMALtm;COAtr,0,1,23,24
AKGMALtm;CRNtim,0,1,23,24
AKGMALtm;DESAT16_1,0,1,23,24
AKGMALtm;GLUt2m,0,1,23,24
AKGMALtm;GLXtm,0,1,23,24
AKGMALtm;GLXtp,0,1,23,24
AKGMALtm;MAL_Lte,1,1,22,24
AKGMALtm;MALtm,0,1,23,24
AKGMALtm;O2tp,0,1,23,24
AKGMALtm;PLMCOAPTr,0,1,23,24
AKGMALtm;PYRtm,0,1,23,24
AKGPItm;ALASm,0,1,23,24
AKGPItm;ARGN,0,1,23,24
AKGPItm;ATPt4,0,1,23,24
AKGPItm;BILIRED2,0,1,23,24
AKGPItm;BILIRUBtr,0,1,23,24
AKGPItm;CBPSam,0,1,23,24
AKGPItm;CITRt2m,0,1,23,24
AKGPItm;CITRte,0,1,23,24
AKGPItm;CITRtm,0,1,23,24
AKGPItm;CO2t,0,1,23,24
AKGPItm;COt,0,1,23,24
AKGPItm;CPPPGO,0,1,23,24
AKGPItm;FCLTm,0,1,23,24
AKGPItm;FE2tm,0,1,23,24
AKGPItm;GALU,0,1,23,24
AKGPItm;GLYtm,0,1,23,24
AKGPItm;HCO3Em,0,2,23,23
AKGPItm;HMBS,0,1,23,24
AKGPItm;HOXG,0,1,23,24
AKGPItm;L_LACtcm,0,1,23,24
AKGPItm;L_LACtm,0,1,23,24
AKGPItm;NDP7er,0,1,23,24
AKGPItm;OCBTm,0,1,23,24
AKGPItm;PGMT,0,1,23,24
AKGPItm;PHEMEtm,0,1,23,24
AKGPItm;PPBNGS,0,1,23,24
AKGPItm;PPPG9tm,0,1,23,24
AKGPItm;PPPGOm,0,1,23,24
AKGPItm;PROAKGOX1m,0,1,23,24
AKGPItm;PROGLUtm,0,1,23,24
AKGPItm;UDPGD,0,1,23,24
AKGPItm;UDPGLCAter,0,1,23,24
AKGPItm;UPP3S,0,1,23,24
AKGPItm;UPPDC1,0,1,23,24
AKGSUCCtm;ALDD2x,1,0,22,25
AKGSUCCtm;AMETtn,0,1,23,24
AKGSUCCtm;ATPS4m,1,1,22,24
AKGSUCCtm;CYOOm2,1,2,22,23
AKGSUCCtm;CYOR_u10m,1,2,22,23
AKGSUCCtm;DOPAMT,0,1,23,24
AKGSUCCtm;GLYC3Ptmc,0,1,23,24
AKGSUCCtm;H3K36MET_1,0,1,23,24
AKGSUCCtm;H3K36MET_2,0,1,23,24
AKGSUCCtm;H3K36MET_3,0,1,23,24
AKGSUCCtm;H3K36_synthesis,0,1,23,24
AKGSUCCtm;HOMOVALte,0,1,23,24
AKGSUCCtm;Htm,0,1,23,24
AKGSUCCtm;LYStn,0,1,23,24
AKGSUCCtm;TYRDOPO,0,1,23,24
AKGSUCCtm;peplys_synthesis,0,1,23,24
AKGtn;PIATPLtm,1,0,22,25
AKGtn;PPItm,2,0,21,25
AKGtn;Q10H2e,3,1,20,24
AKGtn;SARCStm,0,1,23,24
AKGtn;SARDHm,0,1,23,24
AKGtn;SUCOAS1m,0,1,23,24
AKGtn;T4HCINNMFM,3,1,20,24
AKGtn;THRD_L,0,2,23,23
AKGtn;TYRTAm,3,1,20,24
AKGtn;TYRtl,3,1,20,24
AKGtn;q10h2tc,3,1,20,24
AKR1C42;DHFRm,0,1,23,24
AKR1C42;DHFRx,0,1,23,24
AKR1C42;GLUDym,2,4,21,21
AKR1D2;DHFRm,0,1,23,24
AKR1D2;DHFRx,0,1,23,24
AKR1D2;GLUDym,2,4,21,21
ALABte;CO2tm,0,1,23,24
ALABte;URPT,1,0,22,25
ALAR;DHFRm,0,1,23,24
ALAR;DHFRx,0,1,23,24
ALAR;GLUDym,0,2,23,23
ALAR;TRDOXtm,1,0,22,25
ALAR;TRDR,2,2,21,23
ALAR;TRDRDtm,1,0,22,25
ALAR;TRDRm,1,0,22,25
ALASm;APAT2rm,1,3,22,22
ALASm;BALAtmr,1,3,22,22
ALASm;CBPSam,0,1,23,24
ALASm;CITRORNtm,0,1,23,24
ALASm;CITRt2m,1,1,22,24
ALASm;CITRte,0,1,23,24
ALASm;CITRtm,1,1,22,24
ALASm;COAtp,0,1,23,24
ALASm;CRNCARtp,0,1,23,24
ALASm;CSNATp,0,1,23,24
ALASm;CSNATr,0,1,23,24
ALASm;DHPM1,1,3,22,22
ALASm;DURAD,1,3,22,22
ALASm;DURIPP,2,3,21,22
ALASm;HMGCOAtx,0,1,23,24
ALASm;HMGLx,0,1,23,24
ALASm;Htr,0,1,23,24
ALASm;ICDHyrm,0,1,23,24
ALASm;ICITACONtm,1,0,22,25
ALASm;L_LACtcm,0,4,23,21
ALASm;L_LACtm,0,4,23,21
ALASm;MMSAD3m,1,3,22,22
ALASm;NH4tm,0,1,23,24
ALASm;NTD1,2,3,21,22
ALASm;OCBTm,0,1,23,24
ALASm;OXALSUCCCLm,0,1,23,24
ALASm;PIGTHRDLtm,0,1,23,24
ALASm;PIter,0,1,23,24
ALASm;PROtm,1,0,22,25
ALASm;SUCCICITtm,0,1,23,24
ALASm;SUCOAS1m,0,1,23,24
ALASm;THFtm,0,1,23,24
ALASm;THRA,0,1,23,24
ALASm;UPPN,1,3,22,22
ALATA_L;ALDD21,1,0,22,25
ALATA_L;ALDD21x,1,0,22,25
ALATA_L;ALDD2y,1,0,22,25
ALATA_L;AM6SAD,5,3,18,22
ALATA_L;AMCOXO,5,3,18,22
ALATA_L;AMPt4,1,0,22,25
ALATA_L;ATPS4m,1,1,22,24
ALATA_L;ATPtm,0,1,23,24
ALATA_L;B3GALTg,0,2,23,23
ALATA_L;B3GNT51g,0,2,23,23
ALATA_L;BDMT,1,0,22,25
ALATA_L;BPNT,5,0,18,25
ALATA_L;CAT,0,1,23,24
ALATA_L;CATp,2,0,21,25
ALATA_L;CERT2rt,0,3,23,22
ALATA_L;CMPACNAtg,7,4,16,21
ALATA_L;CMPSAS,7,4,16,21
ALATA_L;CO2t,1,0,22,25
ALATA_L;CORE3GTg,2,0,21,25
ALATA_L;CORE4GTg,2,0,21,25
ALATA_L;CRNCARtp,1,0,22,25
ALATA_L;CSNATp,1,0,22,25
ALATA_L;CSNATr,1,0,22,25
ALATA_L;CYOOm2,1,1,22,24
ALATA_L;CYOR_u10m,1,1,22,24
ALATA_L;DGULND,2,0,21,25
ALATA_L;DOLASNTer,1,0,22,25
ALATA_L;DOLDPPer,1,0,22,25
ALATA_L;DOLGLCP_ter,1,0,22,25
ALATA_L;DOLMANP_ter,1,0,22,25
ALATA_L;DOLPGT1er,1,0,22,25
ALATA_L;DOLPGT2er,1,0,22,25
ALATA_L;DOLPGT3er,1,0,22,25
ALATA_L;DOLPMT,1,0,22,25
ALATA_L;DOLPMT1er,1,0,22,25
ALATA_L;DOLPMT2_er,1,0,22,25
ALATA_L;DOLPMT3er,1,0,22,25
ALATA_L;DOLPMT4_er,1,0,22,25
ALATA_L;DOLP_ter,1,0,22,25
ALATA_L;DOPAMT,0,1,23,24
ALATA_L;D_LACt2,0,1,23,24
ALATA_L;ECOAH1m,2,0,21,25
ALATA_L;F6T3g,1,0,22,25
ALATA_L;FBA4,2,0,21,25
ALATA_L;FKYNH,5,3,18,22
ALATA_L;FUCACNGALACGLCGALGLUSIDEte,0,2,23,23
ALATA_L;FUCACNGALACGLCGALGLUSIDEtg,0,2,23,23
ALATA_L;FUT32g,0,2,23,23
ALATA_L;G12MT1,1,0,22,25
ALATA_L;G12MT2,1,0,22,25
ALATA_L;G13MT,1,0,22,25
ALATA_L;G14T10g,1,0,22,25
ALATA_L;G14T11g,1,0,22,25
ALATA_L;G14T12g,1,0,22,25
ALATA_L;G14T13g,1,0,22,25
ALATA_L;G14T14g,1,0,22,25
ALATA_L;G14T15g,1,0,22,25
ALATA_L;G14T16g,1,0,22,25
ALATA_L;G14T17g,1,0,22,25
ALATA_L;G14T18g,2,0,21,25
ALATA_L;G14T19g,2,0,21,25
ALATA_L;G14T20g,2,0,21,25
ALATA_L;G14T21g,2,0,21,25
ALATA_L;G14T6g,1,0,22,25
ALATA_L;G14T7g,1,0,22,25
ALATA_L;G14T8g,1,0,22,25
ALATA_L;G14T9g,1,0,22,25
ALATA_L;G14Tg,1,0,22,25
ALATA_L;G16MT,1,0,22,25
ALATA_L;GALASE17ly,4,0,19,25
ALATA_L;GALASE18ly,4,0,19,25
ALATA_L;GALASE19ly,4,0,19,25
ALATA_L;GALASE20ly,2,0,21,25
ALATA_L;GALGLUSIDEtg,0,3,23,22
ALATA_L;GALGLUSIDEtr,0,3,23,22
ALATA_L;GALK,6,1,17,24
ALATA_L;GALM2,6,1,17,24
ALATA_L;GALNTg,4,0,19,25
ALATA_L;GALU,7,4,16,21
ALATA_L;GALtly,4,0,19,25
ALATA_L;GCALDD,2,0,21,25
ALATA_L;GDPFUCtg,3,3,20,22
ALATA_L;GDPtg,3,3,20,22
ALATA_L;GF6PTA,7,4,16,21
ALATA_L;GFUCS,2,0,21,25
ALATA_L;GFUCSx,1,3,22,22
ALATA_L;GLACter,1,0,22,25
ALATA_L;GLCMter,1,0,22,25
ALATA_L;GLCNACPT,1,0,22,25
ALATA_L;GLCNACT,1,0,22,25
ALATA_L;GLCURter,4,0,19,25
ALATA_L;GLCURtly,4,0,19,25
ALATA_L;GLNS,0,1,23,24
ALATA_L;GLRASE,1,0,22,25
ALATA_L;GLUDym,2,0,21,25
ALATA_L;GLUt2m,0,2,23,23
ALATA_L;GLXO2p,1,0,22,25
ALATA_L;GLXtm,0,1,23,24
ALATA_L;GLXtp,0,1,23,24
ALATA_L;GLYATm,0,1,23,24
ALATA_L;GLYCLTtp,3,0,20,25
ALATA_L;GLYCTO1p,3,0,20,25
ALATA_L;GLYtm,0,1,23,24
ALATA_L;GMAND,3,3,20,22
ALATA_L;GMPtg,3,3,20,22
ALATA_L;GULLACter,1,0,22,25
ALATA_L;GULN3D,2,0,21,25
ALATA_L;GULNDer,3,0,20,25
ALATA_L;GULNter,2,0,21,25
ALATA_L;H2Otg,7,4,16,21
ALATA_L;H2Otly,4,0,19,25
ALATA_L;H2Otp,1,0,22,25
ALATA_L;HACD1m,2,0,21,25
ALATA_L;HAS1,4,0,19,25
ALATA_L;HAS2,4,0,19,25
ALATA_L;HAtly,4,0,19,25
ALATA_L;HCO3Em,1,0,22,25
ALATA_L;HEX1,2,0,21,25
ALATA_L;HEX4,1,0,22,25
ALATA_L;HEX7,1,0,22,25
ALATA_L;HKYNH,5,3,18,22
ALATA_L;HOMOVALte,0,1,23,24
ALATA_L;HYAL,4,0,19,25
ALATA_L;Htg,7,4,16,21
ALATA_L;ICDHyrm,0,1,23,24
ALATA_L;ICITMALtm,0,1,23,24
ALATA_L;KHK2,2,0,21,25
ALATA_L;KSII_CORE4t,2,0,21,25
ALATA_L;KSII_CORE4tly,2,0,21,25
ALATA_L;KSIt,1,0,22,25
ALATA_L;KYN3OX,5,3,18,22
ALATA_L;LDH_D,0,1,23,24
ALATA_L;M1316Mg,1,0,22,25
ALATA_L;M13N2Tg,1,0,22,25
ALATA_L;M16NT1g,1,0,22,25
ALATA_L;M4MPDOL_ter,1,0,22,25
ALATA_L;M8MASNterg,1,0,22,25
ALATA_L;MAN1PT1,1,0,22,25
ALATA_L;MAN1PT2,2,3,21,22
ALATA_L;MAN6PI,3,3,20,22
ALATA_L;MANtg,1,0,22,25
ALATA_L;MG1er,1,0,22,25
ALATA_L;MG2er,1,0,22,25
ALATA_L;MG3er,1,0,22,25
ALATA_L;MM5ag,1,0,22,25
ALATA_L;MM6bg,1,0,22,25
ALATA_L;MM7Cag,1,0,22,25
ALATA_L;MM8Ag,1,0,22,25
ALATA_L;NACHEX24ly,4,0,19,25
ALATA_L;NACHEX25ly,4,0,19,25
ALATA_L;NACHEX26ly,2,0,21,25
ALATA_L;NADHtru,2,0,21,25
ALATA_L;NADtru,2,0,21,25
ALATA_L;NAGA2ly,4,0,19,25
ALATA_L;NAGLCAly,4,0,19,25
ALATA_L;NDP7er,0,3,23,22
ALATA_L;NDP7g,7,4,16,21
ALATA_L;NDPK3,6,4,17,21
ALATA_L;NDPK8,0,1,23,24
ALATA_L;O2t,1,0,22,25
ALATA_L;O2tp,2,1,21,24
ALATA_L;OXALSUCCCLm,0,1,23,24
ALATA_L;OXAtp,1,0,22,25
ALATA_L;PAPStg,5,0,18,25
ALATA_L;PAPtg,5,0,18,25
ALATA_L;PCLAD,5,3,18,22
ALATA_L;PGI,0,2,23,23
ALATA_L;PGMT,4,4,19,21
ALATA_L;PItg,7,4,16,21
ALATA_L;PMANM,3,3,20,22
ALATA_L;PPItm,1,0,22,25
ALATA_L;PRISTANALtx,1,0,22,25
ALATA_L;PRISTtx,1,0,22,25
ALATA_L;PRO1x,0,1,23,24
ALATA_L;PYRtm,1,0,22,25
ALATA_L;S23T3g,1,0,22,25
ALATA_L;S23T4g,2,0,21,25
ALATA_L;S6T10g,1,0,22,25
ALATA_L;S6T11g,1,0,22,25
ALATA_L;S6T12g,1,0,22,25
ALATA_L;S6T13g,1,0,22,25
ALATA_L;S6T14g,1,0,22,25
ALATA_L;S6T15g,1,0,22,25
ALATA_L;S6T16g,2,0,21,25
ALATA_L;S6T17g,2,0,21,25
ALATA_L;S6T18g,2,0,21,25
ALATA_L;S6T4g,1,0,22,25
ALATA_L;S6T5g,1,0,22,25
ALATA_L;S6T6g,1,0,22,25
ALATA_L;S6T7g,1,0,22,25
ALATA_L;S6T8g,1,0,22,25
ALATA_L;S6T9g,1,0,22,25
ALATA_L;S6TASE24ly,4,0,19,25
ALATA_L;S6TASE25ly,2,0,21,25
ALATA_L;S6TASE26ly,2,0,21,25
ALATA_L;SADT,5,0,18,25
ALATA_L;SBTD_D2,1,0,22,25
ALATA_L;SBTR,1,0,22,25
ALATA_L;SERGLYGLUr,0,1,23,24
ALATA_L;SERGLYGLUt,0,1,23,24
ALATA_L;SERt4,0,1,23,24
ALATA_L;SIAASE4ly,2,0,21,25
ALATA_L;SO4OXAtex2,1,0,22,25
ALATA_L;SO4tl,4,0,19,25
ALATA_L;ST3GAL31g,0,2,23,23
ALATA_L;Ser/Thrtg,4,0,19,25
ALATA_L;THR3Dx,0,1,23,24
ALATA_L;THRA,2,0,21,25
ALATA_L;TRPGLUGLYr,0,1,23,24
ALATA_L;TRPGLUGLYt,0,1,23,24
ALATA_L;TRPO2,5,3,18,22
ALATA_L;TYRDOPO,0,1,23,24
ALATA_L;UAG2EMAi,3,3,20,22
ALATA_L;UAGDP,7,4,16,21
ALATA_L;UDPACGALtl,4,0,19,25
ALATA_L;UDPDOLPT,1,0,22,25
ALATA_L;UDPG4E,3,3,20,22
ALATA_L;UDPGALt2r,0,3,23,22
ALATA_L;UDPGALtg,7,4,16,21
ALATA_L;UDPGD,4,0,19,25
ALATA_L;UDPGGPGTr,0,3,23,22
ALATA_L;UDPtl,4,0,19,25
ALATA_L;UGALNACtg,4,0,19,25
ALATA_L;UGCGc,0,3,23,22
ALATA_L;UGLCNACtg,7,3,16,22
ALATA_L;UGLT,6,1,17,24
ALATA_L;UMPK,4,2,19,23
ALATA_L;UMPtr,0,3,23,22
ALATA_L;UROLACer,1,0,22,25
ALATA_L;XYLTD_Dr,2,0,21,25
ALATA_L;XYLUR,1,0,22,25
ALATA_L;XYLURx,1,0,22,25
ALATA_Lm;GLUDym,0,1,23,24
ALATA_Lm;GTPGDPtm,0,1,23,24
ALATA_Lm;HCO3Em,1,0,22,25
ALATA_Lm;L_LACtcm,0,1,23,24
ALATA_Lm;L_LACtm,0,1,23,24
ALATA_Lm;NDPK1,0,1,23,24
ALATA_Lm;PROGLUtm,0,1,23,24
ALATA_Lm;PROtm,0,1,23,24
ALATA_Lm;SUCOAS1m,0,1,23,24
ALAt2r;ALATA_L,0,1,23,24
ALAt2r;ALAtN1,11,4,12,21
ALAt2r;NDPK3,0,1,23,24
ALCD19;BPGP,0,1,23,24
ALCD19;DPGM,0,1,23,24
ALCD19;GAPD,0,3,23,22
ALCD19;PGK,0,2,23,23
ALCD19;PGM,0,2,23,23
ALCD1;AMETt2m,0,1,23,24
ALCD1;AMPt4,0,1,23,24
ALCD1;COQ3m,0,1,23,24
ALCD1;COQ5m,0,1,23,24
ALCD1;COQ6m,0,1,23,24
ALCD1;COQ7m,0,1,23,24
ALCD1;COUCOAFm,0,1,23,24
ALCD1;DECDPtm,0,1,23,24
ALCD1;DHDPBMTm,0,1,23,24
ALCD1;DPHMBDCm,0,1,23,24
ALCD1;DPPS,0,1,23,24
ALCD1;ETHPL,0,1,23,24
ALCD1;FRDPtc,0,1,23,24
ALCD1;HBZOPT10m,0,1,23,24
ALCD1;Q10H2e,0,1,23,24
ALCD1;T4HCINNMFM,0,1,23,24
ALCD1;TYRTAm,0,1,23,24
ALCD1;TYRtl,0,1,23,24
ALCD1;q10h2tc,0,1,23,24
ALCD21_L;CITRt2m,0,1,23,24
ALCD21_L;CITRtm,0,1,23,24
ALCD21_L;L_LACtcm,0,1,23,24
ALCD21_L;L_LACtm,0,1,23,24
ALCD21_L;NACDe,0,1,23,24
ALCD21_L;NACPRT,0,1,23,24
ALCD21_L;NCAMDe,0,1,23,24
ALCD21_L;NDPK1,0,1,23,24
ALCD21_L;NMNDA,0,1,23,24
ALCD21_L;NMNS,0,1,23,24
ALCD21_L;PIter,0,1,23,24
ALCD21_L;PPCOAtm,0,1,23,24
ALDD21;TRDR,1,0,22,25
ALDD21x;TRDR,1,0,22,25
ALDD2x;ACITLn,1,0,22,25
ALDD2x;ADPtn,1,0,22,25
ALDD2x;ALDD2y,1,4,22,21
ALDD2x;ASPDH,1,0,22,25
ALDD2x;ASPGLUm,2,0,21,25
ALDD2x;ASPTAm,2,0,21,25
ALDD2x;ATPtn,1,0,22,25
ALDD2x;CHAT,1,0,22,25
ALDD2x;CHATn,1,0,22,25
ALDD2x;CHOLtn,1,0,22,25
ALDD2x;CITACONtm,2,0,21,25
ALDD2x;CITOAL,2,0,21,25
ALDD2x;CITSUCCtm,1,0,22,25
ALDD2x;CITtn,1,0,22,25
ALDD2x;GLUDym,2,0,21,25
ALDD2x;HMGL,0,1,23,24
ALDD2x;ICDHyrm,3,1,20,24
ALDD2x;ICITACONtm,2,0,21,25
ALDD2x;ICITCITtm,1,0,22,25
ALDD2x;OAAtn,1,0,22,25
ALDD2x;OXALSUCCCLm,3,1,20,24
ALDD2x;PItn,1,0,22,25
ALDD2y;ACITLn,2,0,21,25
ALDD2y;ADPtn,2,0,21,25
ALDD2y;AMPt4,0,1,23,24
ALDD2y;ASPGLUm,4,0,19,25
ALDD2y;ASPTAm,3,0,20,25
ALDD2y;ATPt4,0,1,23,24
ALDD2y;ATPtn,2,0,21,25
ALDD2y;CATp,1,0,22,25
ALDD2y;CHAT,2,0,21,25
ALDD2y;CHATn,2,0,21,25
ALDD2y;CHOLtn,2,0,21,25
ALDD2y;CITACONtm,2,0,21,25
ALDD2y;CITOAL,6,0,17,25
ALDD2y;CITtn,2,0,21,25
ALDD2y;CO2t,1,0,22,25
ALDD2y;CO2tm,0,1,23,24
ALDD2y;DHFRm,0,1,23,24
ALDD2y;DHFRx,0,1,23,24
ALDD2y;GCALDDm,1,0,22,25
ALDD2y;GLUDym,2,0,21,25
ALDD2y;GLXtm,1,0,22,25
ALDD2y;GLXtp,1,0,22,25
ALDD2y;GLYCLTtm,1,0,22,25
ALDD2y;GLYCLTtp,1,0,22,25
ALDD2y;GLYCTO1p,1,0,22,25
ALDD2y;GLYtm,1,0,22,25
ALDD2y;GLYtp,1,0,22,25
ALDD2y;GTPGDPtm,0,1,23,24
ALDD2y;HCO3E,1,0,22,25
ALDD2y;HMGL,1,0,22,25
ALDD2y;HPYRDCm,1,0,22,25
ALDD2y;ICDHyrm,8,2,15,23
ALDD2y;ICITACONtm,1,0,22,25
ALDD2y;ICITMALtm,1,1,22,24
ALDD2y;ME2m,1,0,22,25
ALDD2y;METAT,0,2,23,23
ALDD2y;NDPK1,0,1,23,24
ALDD2y;O2t,0,1,23,24
ALDD2y;OAADC,0,1,23,24
ALDD2y;OAAtn,2,0,21,25
ALDD2y;OXALSUCCCLm,8,2,15,23
ALDD2y;PIter,0,1,23,24
ALDD2y;PItn,2,0,21,25
ALDD2y;PYRtm,1,0,22,25
ALDD2y;SERTm,1,0,22,25
ALDD2y;SPAm,1,0,22,25
ALDD2y;SUCOAS1m,0,1,23,24
ALPAP;C30CPT1,0,1,23,24
ALPAP;CSNAT2m,0,1,23,24
ALPAP;GAPD,0,1,23,24
ALPAP;PCRNtm,0,1,23,24
ALPAP;PGK,0,1,23,24
ALPAP;PGM,0,1,23,24
ALR2;CITRt2m,0,1,23,24
ALR2;CITRtm,0,1,23,24
ALR2;L_LACtcm,0,1,23,24
ALR2;L_LACtm,0,1,23,24
ALR2;NACDe,0,1,23,24
ALR2;NACPRT,0,1,23,24
ALR2;NCAMDe,0,1,23,24
ALR2;NMNDA,0,1,23,24
ALR2;NMNS,0,1,23,24
ALR2;PIter,0,1,23,24
ALR3;CITRt2m,0,1,23,24
ALR3;CITRtm,0,1,23,24
ALR3;L_LACtcm,0,1,23,24
ALR3;L_LACtm,0,1,23,24
ALR3;NACDe,0,1,23,24
ALR3;NACPRT,0,1,23,24
ALR3;NCAMDe,0,1,23,24
ALR3;NDPK1,0,1,23,24
ALR3;NMNDA,0,1,23,24
ALR3;NMNS,0,1,23,24
ALR3;PIter,0,1,23,24
ALR3;PPCOAtm,0,1,23,24
AMETEPMT;CHOLK,2,1,21,24
AMETEPMT;CHOLtu,2,1,21,24
AMETEPMT;PE_HStm,7,1,16,24
AMETEPMT;PSDm_hs,7,1,16,24
AMETEPMT;PSFLIPm,7,1,16,24
AMETt2m;AKGtn,3,1,20,24
AMETt2m;AMETtn,3,2,20,23
AMETt2m;ARGN,4,1,19,24
AMETt2m;ATPS4m,21,11,2,14
AMETt2m;CATp,7,4,16,21
AMETt2m;CBPSam,5,1,18,24
AMETt2m;CEPTC,5,0,18,25
AMETt2m;CHLPCTD,5,0,18,25
AMETt2m;CITRORNtm,1,0,22,25
AMETt2m;CITRte,5,1,18,24
AMETt2m;CO2tn,3,1,20,24
AMETt2m;CYOOm2,16,12,7,13
AMETt2m;CYOOm3,5,2,18,23
AMETt2m;CYOR_u10m,21,14,2,11
AMETt2m;DOPAMT,0,1,23,24
AMETt2m;FALDH,2,1,21,24
AMETt2m;FALDtn,3,1,20,24
AMETt2m;FALDtx,7,5,16,20
AMETt2m;GLUDxm,1,0,22,25
AMETt2m;GNMT,7,5,16,20
AMETt2m;H3K36MET_1,0,1,23,24
AMETt2m;H3K36MET_2,0,1,23,24
AMETt2m;H3K36MET_3,0,1,23,24
AMETt2m;H3K36_synthesis,0,1,23,24
AMETt2m;HCO3Em,1,1,22,24
AMETt2m;HMGDH,0,1,23,24
AMETt2m;HMGS,0,1,23,24
AMETt2m;HOMOVALte,0,2,23,23
AMETt2m;LYStn,0,1,23,24
AMETt2m;MEOHt2,0,1,23,24
AMETt2m;O2St,0,1,23,24
AMETt2m;O2Stm,5,2,18,23
AMETt2m;O2Stx,0,1,23,24
AMETt2m;O2tp,6,3,17,22
AMETt2m;OCBTm,5,1,18,24
AMETt2m;ORNt4m,4,1,19,24
AMETt2m;PE_HStm,0,1,23,24
AMETt2m;PSDm_hs,0,1,23,24
AMETt2m;PSFLIPm,0,1,23,24
AMETt2m;PYRAKGte,0,1,23,24
AMETt2m;SARCOXp,7,5,16,20
AMETt2m;SARCStp,7,5,16,20
AMETt2m;SFGTH,2,2,21,23
AMETt2m;SPODMx,0,1,23,24
AMETt2m;TYRDOPO,0,2,23,23
AMETt2m;peplys_synthesis,0,1,23,24
AMETtn;AMPPHm,1,0,22,25
AMETtn;AMPt4,1,0,22,25
AMETtn;COQ3m,3,2,20,23
AMETtn;COQ5m,3,2,20,23
AMETtn;COQ6m,3,2,20,23
AMETtn;COQ7m,3,2,20,23
AMETtn;COUCOAFm,3,2,20,23
AMETtn;DECDPtm,3,2,20,23
AMETtn;DHDPBMTm,3,2,20,23
AMETtn;DPHMBDCm,3,2,20,23
AMETtn;DPPS,3,2,20,23
AMETtn;FRDPtc,3,2,20,23
AMETtn;GNMT,0,1,23,24
AMETtn;GTPGDPtm,0,1,23,24
AMETtn;HBZOPT10m,3,2,20,23
AMETtn;NDPK1,0,1,23,24
AMETtn;PIATPLtm,1,0,22,25
AMETtn;PIMALtm,0,1,23,24
AMETtn;PPItm,2,0,21,25
AMETtn;Q10H2e,3,2,20,23
AMETtn;SARCStm,0,1,23,24
AMETtn;SARDHm,0,1,23,24
AMETtn;SO4AKGtm,0,1,23,24
AMETtn;SO4MALtm,0,1,23,24
AMETtn;SUCOAS1m,0,1,23,24
AMETtn;T4HCINNMFM,3,2,20,23
AMETtn;THRD_L,0,2,23,23
AMETtn;TYRTAm,3,2,20,23
AMETtn;TYRtl,3,2,20,23
AMETtn;q10h2tc,3,2,20,23
AMPPHm;AKGtn,1,0,22,25
AMPPHm;APAT2rm,1,0,22,25
AMPPHm;ARGN,1,0,22,25
AMPPHm;ATPS4m,6,0,17,25
AMPPHm;BALAtmr,1,0,22,25
AMPPHm;CATp,1,0,22,25
AMPPHm;CBPSam,1,0,22,25
AMPPHm;CITRte,1,0,22,25
AMPPHm;CO2tn,1,0,22,25
AMPPHm;CSNATm,1,0,22,25
AMPPHm;CYOOm2,5,0,18,25
AMPPHm;CYOOm3,1,0,22,25
AMPPHm;CYOR_u10m,6,0,17,25
AMPPHm;DHPM1,1,0,22,25
AMPPHm;DURAD,1,0,22,25
AMPPHm;FALDtn,1,0,22,25
AMPPHm;FALDtx,1,0,22,25
AMPPHm;GLUDxm,2,0,21,25
AMPPHm;GNMT,1,0,22,25
AMPPHm;HCO3Em,1,0,22,25
AMPPHm;HMGCOASi,1,0,22,25
AMPPHm;MMSAD3m,1,0,22,25
AMPPHm;NTD2,1,0,22,25
AMPPHm;O2Stm,1,0,22,25
AMPPHm;O2tp,1,0,22,25
AMPPHm;OCBTm,1,0,22,25
AMPPHm;ORNt4m,1,0,22,25
AMPPHm;PYNP2r,1,0,22,25
AMPPHm;SARCOXp,1,0,22,25
AMPPHm;SARCStp,1,0,22,25
AMPPHm;UPPN,1,0,22,25
AMPt4;AKGtn,1,0,22,25
AMPt4;APAT2rm,2,0,21,25
AMPt4;ARGN,0,1,23,24
AMPt4;ATPS4m,9,9,14,16
AMPt4;BALAtmr,2,0,21,25
AMPt4;CATp,4,4,19,21
AMPt4;CBPSam,2,1,21,24
AMPt4;CITRORNtm,2,0,21,25
AMPt4;CITRte,2,1,21,24
AMPt4;CO2tn,1,0,22,25
AMPt4;CYOOm2,6,9,17,16
AMPt4;CYOOm3,3,2,20,23
AMPt4;CYOR_u10m,9,11,14,14
AMPt4;DHPM1,2,0,21,25
AMPt4;DOPAMT,0,1,23,24
AMPt4;DRPA,0,1,23,24
AMPt4;DURAD,2,0,21,25
AMPt4;DURIPP,0,2,23,23
AMPt4;FALDH,0,1,23,24
AMPt4;FALDtn,1,0,22,25
AMPt4;FALDtx,4,5,19,20
AMPt4;FUMAC,1,0,22,25
AMPt4;GLUDxm,3,0,20,25
AMPt4;GLUDym,2,0,21,25
AMPt4;GLYATm,0,2,23,23
AMPt4;GNMT,4,5,19,20
AMPt4;GTPGDPtm,1,1,22,24
AMPt4;HCO3Em,1,1,22,24
AMPt4;HGNTOR,1,0,22,25
AMPt4;HMGDH,0,1,23,24
AMPt4;HMGS,0,1,23,24
AMPt4;HOMOVALte,0,2,23,23
AMPt4;LALDD,1,0,22,25
AMPt4;LCADi_D,1,0,22,25
AMPt4;LDH_D,1,0,22,25
AMPt4;MACACIr,1,0,22,25
AMPt4;MEOHt2,0,1,23,24
AMPt4;MMSAD3m,3,0,20,25
AMPt4;NCAMDe,1,0,22,25
AMPt4;NDPK1,1,0,22,25
AMPt4;NMNDA,1,0,22,25
AMPt4;NTD1,0,2,23,23
AMPt4;NTD2,1,0,22,25
AMPt4;O2St,0,1,23,24
AMPt4;O2Stm,3,2,20,23
AMPt4;O2Stx,0,1,23,24
AMPt4;O2tp,3,3,20,22
AMPt4;OCBTm,2,1,21,24
AMPt4;OCOAT1m,1,0,22,25
AMPt4;ORNt4m,0,1,23,24
AMPt4;PE_HStm,0,1,23,24
AMPt4;PIMALtm,1,0,22,25
AMPt4;PNP,1,0,22,25
AMPt4;PPCOAtm,0,2,23,23
AMPt4;PPM2,0,1,23,24
AMPt4;PSDm_hs,0,1,23,24
AMPt4;PSFLIPm,0,1,23,24
AMPt4;PYNP2r,1,0,22,25
AMPt4;PYRAKGte,0,1,23,24
AMPt4;RNMK,1,0,22,25
AMPt4;SARCOXp,4,5,19,20
AMPt4;SARCStp,4,5,19,20
AMPt4;SFGTH,0,2,23,23
AMPt4;SO4AKGtm,1,0,22,25
AMPt4;SO4MALtm,1,0,22,25
AMPt4;SPODMx,0,1,23,24
AMPt4;SUCCACONtm,1,0,22,25
AMPt4;SUCOAS1m,1,0,22,25
AMPt4;THR3Dx,0,2,23,23
AMPt4;TYRDOPO,0,2,23,23
AMPt4;TYRTA,1,0,22,25
AMPt4;UPPN,2,0,21,25
AOBUTDsm;CITRt2m,0,1,23,24
AOBUTDsm;CITRtm,0,1,23,24
APAT2rm;ARTFR42,0,1,23,24
APAT2rm;ATPt4,1,0,22,25
APAT2rm;B3GALTg,0,1,23,24
APAT2rm;B3GNT39g,0,1,23,24
APAT2rm;B3GNT51g,0,1,23,24
APAT2rm;BILDGLCURtr,0,1,23,24
APAT2rm;BILIRED,0,1,23,24
APAT2rm;BILIRED2,1,1,22,24
APAT2rm;BUP2,1,3,22,22
APAT2rm;CATp,0,1,23,24
APAT2rm;CERT2gt,0,1,23,24
APAT2rm;COt,1,2,22,23
APAT2rm;CPPPGO,1,2,22,23
APAT2rm;D3AIBTm,1,3,22,22
APAT2rm;DESAT18_1,0,1,23,24
APAT2rm;DHPM2,1,3,22,22
APAT2rm;DNPH4,0,1,23,24
APAT2rm;DURAD2x,1,1,22,24
APAT2rm;DURAD2xm,0,2,23,23
APAT2rm;DURIK1,1,3,22,22
APAT2rm;DURIPP,1,3,22,22
APAT2rm;ECOAH1m,0,1,23,24
APAT2rm;FACOAL100im,0,1,23,24
APAT2rm;FCLTm,1,2,22,23
APAT2rm;FCYTOB5OXRyr,0,1,23,24
APAT2rm;FE2tm,1,2,22,23
APAT2rm;FUMAC,1,0,22,25
APAT2rm;GALK,0,1,23,24
APAT2rm;GALM2,0,1,23,24
APAT2rm;GALU,0,2,23,23
APAT2rm;GDPFUCtg,0,1,23,24
APAT2rm;GDPtg,0,1,23,24
APAT2rm;GFUCS,0,1,23,24
APAT2rm;GLXtm,0,2,23,23
APAT2rm;GLXtp,0,2,23,23
APAT2rm;GLYOp,0,1,23,24
APAT2rm;GMAND,0,1,23,24
APAT2rm;GMPtg,0,1,23,24
APAT2rm;H2O2tp,0,1,23,24
APAT2rm;H2Oter,0,1,23,24
APAT2rm;H2Otp,0,1,23,24
APAT2rm;HACD1m,0,1,23,24
APAT2rm;HGNTOR,1,0,22,25
APAT2rm;HMBS,1,3,22,22
APAT2rm;HMGLm,0,1,23,24
APAT2rm;HOXG,1,2,22,23
APAT2rm;MACACIr,1,0,22,25
APAT2rm;MAN1PT2,0,1,23,24
APAT2rm;MAN6PI,0,1,23,24
APAT2rm;MMMm,1,3,22,22
APAT2rm;MMTSADm,1,3,22,22
APAT2rm;MTHGXLt,0,1,23,24
APAT2rm;NDP7er,0,3,23,22
APAT2rm;NH4tp,0,1,23,24
APAT2rm;NTD5,1,2,22,23
APAT2rm;O2tp,0,2,23,23
APAT2rm;OCDE9ECOAtr,0,1,23,24
APAT2rm;PGI,0,1,23,24
APAT2rm;PGMT,0,1,23,24
APAT2rm;PHEMEtm,1,1,22,24
APAT2rm;PIATPLtm,1,0,22,25
APAT2rm;PIt2r,0,2,23,23
APAT2rm;PMANM,0,1,23,24
APAT2rm;PPBNGS,1,3,22,22
APAT2rm;PPCOAtm,0,1,23,24
APAT2rm;PPItm,2,0,21,25
APAT2rm;PPM2,0,1,23,24
APAT2rm;PPPG9tm,1,2,22,23
APAT2rm;PPPGOm,1,2,22,23
APAT2rm;RND213,0,2,23,23
APAT2rm;RTOT4,0,1,23,24
APAT2rm;THRA,0,1,23,24
APAT2rm;THYMtm,0,2,23,23
APAT2rm;TMDPP,1,2,22,23
APAT2rm;TTDCPT1,0,1,23,24
APAT2rm;TTDCPT2,0,1,23,24
APAT2rm;TTDCRNt,0,1,23,24
APAT2rm;TYRTA,1,0,22,25
APAT2rm;UDPG4E,0,1,23,24
APAT2rm;UDPGD,0,3,23,22
APAT2rm;UDPGLCAter,0,3,23,22
APAT2rm;UGCGc,0,1,23,24
APAT2rm;UGLT,0,1,23,24
APAT2rm;UGT1A2r,0,1,23,24
APAT2rm;UPP3S,1,2,22,23
APAT2rm;UPPDC1,1,2,22,23
APAT2rm;URPT,1,0,22,25
ARACHDCOAtr;TRDOXtm,0,1,23,24
ARACHDCOAtr;TRDR,0,2,23,23
ARACHDCOAtr;TRDRDtm,0,1,23,24
ARACHDCOAtr;TRDRm,0,1,23,24
ARACHDCRNtr;TRDOXtm,1,1,22,24
ARACHDCRNtr;TRDRDtm,1,1,22,24
ARACHDCRNtr;TRDRm,1,1,22,24
ARACHDtr;TRDOXtm,0,1,23,24
ARACHDtr;TRDR,1,3,22,22
ARACHDtr;TRDRDtm,0,1,23,24
ARACHDtr;TRDRm,0,1,23,24
ARCOAATp;ARTFR33,0,1,23,24
ARCOAATp;ARTFR43,1,0,22,25
ARCOAATp;ARTPLM1,1,1,22,24
ARCOAATp;CO2t,1,1,22,24
ARCOAATp;COAtr,0,1,23,24
ARCOAATp;DESAT16_1,0,1,23,24
ARCOAATp;FAE181,1,1,22,24
ARCOAATp;HACD181,1,1,22,24
ARCOAATp;HSD181,1,1,22,24
ARCOAATp;ICDHyrm,1,0,22,25
ARCOAATp;OCTD11ECOAtr,1,1,22,24
ARCOAATp;OXALSUCCCLm,1,0,22,25
ARCOAATp;RTOT3,0,1,23,24
ARCOAATp;RTOT4,1,0,22,25
ARCOAATp;TECR181,1,1,22,24
ARCOAATp;TRDOXtm,3,4,20,21
ARCOAATp;TRDR,10,4,13,21
ARCOAATp;TRDRDtm,3,4,20,21
ARCOAATp;TRDRm,3,4,20,21
ARCOAATr;CO2t,0,1,23,24
ARCOAATr;COAtr,0,1,23,24
ARCOAATr;ICDHyrm,1,0,22,25
ARCOAATr;OXALSUCCCLm,1,0,22,25
ARCOAATr;TRDOXtm,1,3,22,22
ARCOAATr;TRDR,1,1,22,24
ARCOAATr;TRDRDtm,1,3,22,22
ARCOAATr;TRDRm,1,3,22,22
ARGATB0tc;ARGt4,0,1,23,24
ARGN;CITRt2m,0,1,23,24
ARGN;CITRtm,0,1,23,24
ARGN;CO2t,1,3,22,22
ARGN;CO2tm,0,3,23,22
ARGN;COQ3m,4,1,19,24
ARGN;COQ5m,4,1,19,24
ARGN;COQ6m,4,1,19,24
ARGN;COQ7m,4,1,19,24
ARGN;COUCOAFm,4,1,19,24
ARGN;DECDPtm,4,1,19,24
ARGN;DHDPBMTm,4,1,19,24
ARGN;DPHMBDCm,4,1,19,24
ARGN;DPPS,4,1,19,24
ARGN;FRDPtc,4,1,19,24
ARGN;GALU,1,0,22,25
ARGN;GLUDym,0,2,23,23
ARGN;GLYC3Ptmc,0,1,23,24
ARGN;H2Otm,2,0,21,25
ARGN;HBZOPT10m,4,1,19,24
ARGN;HCO3E,1,0,22,25
ARGN;HCO3tm,1,0,22,25
ARGN;HEX1,1,0,22,25
ARGN;NH4t3r,1,0,22,25
ARGN;NH4tm,5,7,18,18
ARGN;PGMT,1,0,22,25
ARGN;PIATPLtm,1,0,22,25
ARGN;PIt2m_2,0,2,23,23
ARGN;PPItm,0,1,23,24
ARGN;Q10H2e,4,1,19,24
ARGN;T4HCINNMFM,4,1,19,24
ARGN;TYRTAm,4,1,19,24
ARGN;TYRtl,4,1,19,24
ARGN;UDPGD,1,0,22,25
ARGN;q10h2tc,4,1,19,24
ARTFR13;ARTPLM1,0,1,23,24
ARTFR206;ARTFR33,0,1,23,24
ARTFR206;ARTFR43,1,0,22,25
ARTFR206;ARTPLM1,1,1,22,24
ARTFR206;RTOT3,0,1,23,24
ARTFR206;RTOT4,1,0,22,25
ARTFR32;ARTFR45,0,1,23,24
ARTFR32;ARTFR52,1,0,22,25
ARTFR32;RTOT4,0,1,23,24
ARTFR32;RTOT5,1,0,22,25
ARTFR33;ARTPLM3,0,1,23,24
ARTFR33;RTOT5,1,1,22,24
ARTFR33;RTOT_3,0,1,23,24
ARTFR41;ARTFR43,1,0,22,25
ARTFR42;ARTFR45,0,2,23,23
ARTFR42;ARTFR52,1,2,22,23
ARTFR42;RTOT5,1,2,22,23
ARTFR43;ARTFR52,1,1,22,24
ARTFR43;ARTPLM2,1,0,22,25
ARTFR43;RTOT5,1,1,22,24
ARTFR43;RTOT_2,1,0,22,25
ARTFR45;RTOT3,0,1,23,24
ARTFR52;RTOT3,1,0,22,25
ARTFR52;RTOT4,3,4,20,21
ARTPLM1;ARTPLM2,1,0,22,25
ARTPLM1;ARTPLM3,0,1,23,24
ARTPLM1;RTOT1,0,1,23,24
ARTPLM1;RTOT_2,1,0,22,25
ARTPLM1;RTOT_3,0,1,23,24
ARTPLM2;RTOT4,1,0,22,25
ARTPLM3;RTOT3,0,1,23,24
ASNN;ASPGLUm,5,0,18,25
ASNN;ASPPROASCT1,1,1,22,24
ASNN;ASPTAm,4,0,19,25
ASNN;ASPt6,5,2,18,23
ASNN;CITACONtm,4,0,19,25
ASNN;CITOAL,5,0,18,25
ASNN;FUMAC,0,1,23,24
ASNN;GTPGDPtm,0,1,23,24
ASNN;HGNTOR,0,1,23,24
ASNN;ICDHyrm,5,0,18,25
ASNN;ICITACONtm,3,0,20,25
ASNN;MACACIr,0,1,23,24
ASNN;OCOAT1m,0,1,23,24
ASNN;OXALSUCCCLm,5,0,18,25
ASNN;PYRtm,0,1,23,24
ASNN;SUCOAS1m,0,1,23,24
ASNN;TYRTA,0,1,23,24
ASNt4;ASNtN1,20,16,3,9
ASP1DC;ARTFR42,0,1,23,24
ASP1DC;B3GALTg,0,1,23,24
ASP1DC;B3GNT39g,0,1,23,24
ASP1DC;B3GNT51g,0,1,23,24
ASP1DC;CERT2gt,0,1,23,24
ASP1DC;DESAT18_1,0,1,23,24
ASP1DC;ECOAH1m,0,1,23,24
ASP1DC;FACOAL100im,0,1,23,24
ASP1DC;FCYTOB5OXRyr,0,1,23,24
ASP1DC;GDPFUCtg,0,1,23,24
ASP1DC;GDPtg,0,1,23,24
ASP1DC;GFUCS,0,1,23,24
ASP1DC;GMAND,0,1,23,24
ASP1DC;GMPtg,0,1,23,24
ASP1DC;H2Oter,0,1,23,24
ASP1DC;HACD1m,0,1,23,24
ASP1DC;HMGLm,0,1,23,24
ASP1DC;MAN1PT2,0,1,23,24
ASP1DC;MAN6PI,0,1,23,24
ASP1DC;MTHGXLt,0,1,23,24
ASP1DC;OCDE9ECOAtr,0,1,23,24
ASP1DC;PGI,0,1,23,24
ASP1DC;PMANM,0,1,23,24
ASP1DC;PPCOAtm,0,1,23,24
ASP1DC;RTOT4,0,1,23,24
ASP1DC;THRA,0,1,23,24
ASP1DC;TTDCPT1,0,1,23,24
ASP1DC;TTDCPT2,0,1,23,24
ASP1DC;TTDCRNt,0,1,23,24
ASP1DC;UGCGc,0,1,23,24
ASPDH;BPGP,6,0,17,25
ASPDH;CHOLtu,2,0,21,25
ASPDH;CO2t,0,1,23,24
ASPDH;CYSt4,3,0,20,25
ASPDH;DPGM,6,0,17,25
ASPDH;ENO,12,8,11,17
ASPDH;FUM,0,1,23,24
ASPDH;GAPD,8,6,15,19
ASPDH;HEX1,0,1,23,24
ASPDH;HMGCOASi,1,0,22,25
ASPDH;ME2,0,1,23,24
ASPDH;PGI,0,1,23,24
ASPDH;PGK,0,2,23,23
ASPDH;PGM,2,6,21,19
ASPGLUm;CO2t,1,0,22,25
ASPGLUm;FUM,0,2,23,23
ASPGLUm;HMGCOASi,1,0,22,25
ASPGLUm;ICDHyrm,0,1,23,24
ASPGLUm;ICITMALtm,0,1,23,24
ASPGLUm;MAL_Lte,1,0,22,25
ASPGLUm;ME2,0,1,23,24
ASPGLUm;ME2m,1,0,22,25
ASPGLUm;OXALSUCCCLm,0,1,23,24
ASPGLUm;PYRtm,1,0,22,25
ASPPROASCT1;ASPTA,0,1,23,24
ASPPROASCT1;ASPt6,0,4,23,21
ASPPROASCT1;CAATPS,0,1,23,24
ASPPROASCT1;ICDHyrm,0,1,23,24
ASPPROASCT1;ICITMALtm,0,1,23,24
ASPPROASCT1;NCKt,0,2,23,23
ASPPROASCT1;NKCCt,0,2,23,23
ASPPROASCT1;OXALSUCCCLm,0,1,23,24
ASPTA;CO2t,0,1,23,24
ASPTAm;FUM,0,1,23,24
ASPTAm;HMGCOASi,1,0,22,25
ASPTAm;ME2,0,1,23,24
ASPTAm;ME2m,1,0,22,25
ASPTAm;PYRtm,1,0,22,25
ATHCCDH;DHFRm,0,1,23,24
ATHCCDH;DHFRx,0,1,23,24
ATHCCDH;GLUDym,1,4,22,21
ATHCCHL;DHFRm,0,1,23,24
ATHCCHL;DHFRx,0,1,23,24
ATHCCHL;GLUDym,1,4,22,21
ATP1ter;DURIPP,1,2,22,23
ATP1ter;NTD1,1,2,22,23
ATP1ter;PROtm,1,0,22,25
ATP1ter;R5Ptr,1,0,22,25
ATP1ter;RPIr,1,0,22,25
ATP1ter;RU5Ptr,1,0,22,25
ATP1ter;SUCOAS1m,0,1,23,24
ATPADPtp;GLYATm,1,0,22,25
ATPADPtp;THR3Dx,1,0,22,25
ATPAMPtp;DHFRm,0,1,23,24
ATPAMPtp;DHFRx,0,1,23,24
ATPAMPtp;ECOAH1m,0,1,23,24
ATPAMPtp;GLUDxm,1,0,22,25
ATPAMPtp;GLUDym,2,4,21,21
ATPAMPtp;HACD1m,0,1,23,24
ATPAMPtp;PPCOAtm,0,1,23,24
ATPS4m;ATPt4,9,10,14,15
ATPS4m;CA2tm,1,0,22,25
ATPS4m;CAtm7,0,3,23,22
ATPS4m;CITRt2m,0,1,23,24
ATPS4m;CITRtm,0,1,23,24
ATPS4m;CITSUCCtm,1,0,22,25
ATPS4m;CO2t,2,0,21,25
ATPS4m;CO2tm,0,2,23,23
ATPS4m;COQ3m,21,11,2,14
ATPS4m;COQ5m,21,11,2,14
ATPS4m;COQ6m,21,11,2,14
ATPS4m;COQ7m,21,11,2,14
ATPS4m;COUCOAFm,21,11,2,14
ATPS4m;DECDPtm,21,11,2,14
ATPS4m;DHDPBMTm,21,11,2,14
ATPS4m;DPHMBDCm,21,11,2,14
ATPS4m;DPPS,21,11,2,14
ATPS4m;FRDPtc,21,11,2,14
ATPS4m;FUMAC,1,0,22,25
ATPS4m;G6PDH2r,0,1,23,24
ATPS4m;GLUDym,0,2,23,23
ATPS4m;GND,0,1,23,24
ATPS4m;H2Otm,5,2,18,23
ATPS4m;HBZOPT10m,21,11,2,14
ATPS4m;HCO3E,1,0,22,25
ATPS4m;HCO3Em,1,3,22,22
ATPS4m;HCO3tm,1,1,22,24
ATPS4m;HGNTOR,1,0,22,25
ATPS4m;ICDHyrm,1,0,22,25
ATPS4m;ICITCITtm,1,0,22,25
ATPS4m;MACACIr,1,0,22,25
ATPS4m;METAT,0,1,23,24
ATPS4m;NAtm,0,3,23,22
ATPS4m;NH4tm,0,1,23,24
ATPS4m;OXALSUCCCLm,1,0,22,25
ATPS4m;PGL,0,1,23,24
ATPS4m;PIATPLtm,7,3,16,22
ATPS4m;PIMALtm,0,1,23,24
ATPS4m;PIter,0,1,23,24
ATPS4m;PPItm,8,8,15,17
ATPS4m;PROGLUtm,0,1,23,24
ATPS4m;PROtm,0,1,23,24
ATPS4m;Q10H2e,21,11,2,14
ATPS4m;RPE,0,1,23,24
ATPS4m;SO3AKGtm,0,1,23,24
ATPS4m;SO3MALtm,0,1,23,24
ATPS4m;T4HCINNMFM,21,11,2,14
ATPS4m;TKT1,0,1,23,24
ATPS4m;TKT2,0,1,23,24
ATPS4m;TYRTA,1,0,22,25
ATPS4m;TYRTAm,21,11,2,14
ATPS4m;TYRtl,21,11,2,14
ATPS4m;q10h2tc,21,11,2,14
ATPt4;BALAtmr,1,0,22,25
ATPt4;CBPSam,1,0,22,25
ATPt4;CITRORNtm,1,0,22,25
ATPt4;CITRt2m,0,1,23,24
ATPt4;CITRte,1,0,22,25
ATPt4;CITRtm,0,1,23,24
ATPt4;CO2t,0,1,23,24
ATPt4;CYOOm2,6,9,17,16
ATPt4;CYOOm3,3,1,20,24
ATPt4;CYOR_u10m,9,10,14,15
ATPt4;DHPM1,1,0,22,25
ATPt4;DOPAMT,0,1,23,24
ATPt4;DRPA,0,1,23,24
ATPt4;DURAD,1,0,22,25
ATPt4;DURIPP,0,2,23,23
ATPt4;G5SADr,1,0,22,25
ATPt4;G6PDH2r,0,1,23,24
ATPt4;GLU5SAtmc,1,0,22,25
ATPt4;GLUDym,2,2,21,23
ATPt4;GLYATm,0,1,23,24
ATPt4;GLYC3Ptmc,1,0,22,25
ATPt4;GLYtm,0,1,23,24
ATPt4;GND,0,1,23,24
ATPt4;GSADHm,1,0,22,25
ATPt4;GTPGDPtm,0,1,23,24
ATPt4;HCO3E,1,0,22,25
ATPt4;HOMOVALte,0,1,23,24
ATPt4;ICDHyrm,1,0,22,25
ATPt4;ICITACONtm,1,0,22,25
ATPt4;L_LACtcm,0,1,23,24
ATPt4;L_LACtm,0,1,23,24
ATPt4;MMSAD3m,1,0,22,25
ATPt4;NH4t3r,1,0,22,25
ATPt4;NH4tm,1,0,22,25
ATPt4;NTD1,0,2,23,23
ATPt4;NTD2,2,1,21,24
ATPt4;O2Stm,3,1,20,24
ATPt4;OCBTm,1,0,22,25
ATPt4;OXALSUCCCLm,1,0,22,25
ATPt4;P5CDm,1,0,22,25
ATPt4;PGL,0,1,23,24
ATPt4;PIGTHRDLtm,1,1,22,24
ATPt4;PIMALtm,2,1,21,24
ATPt4;PIt2m_2,1,1,22,24
ATPt4;PPItm,0,1,23,24
ATPt4;PPM,0,2,23,23
ATPt4;PPM2,0,1,23,24
ATPt4;PROtm,1,0,22,25
ATPt4;PYNP2r,2,2,21,23
ATPt4;RPE,0,1,23,24
ATPt4;SO3AKGtm,1,1,22,24
ATPt4;SO3MALtm,1,1,22,24
ATPt4;SO4AKGtm,1,0,22,25
ATPt4;SO4MALtm,1,0,22,25
ATPt4;SUCCACONtm,1,1,22,24
ATPt4;THR3Dx,0,1,23,24
ATPt4;TKT1,0,1,23,24
ATPt4;TKT2,0,1,23,24
ATPt4;TYRDOPO,0,1,23,24
ATPt4;UPPN,1,0,22,25
ATPtm;ENO,0,1,23,24
ATPtm;GALU,0,1,23,24
ATPtm;GAPD,0,1,23,24
ATPtm;HEX12,0,1,23,24
ATPtm;Htr,0,1,23,24
ATPtm;PGK,0,1,23,24
ATPtm;PGM,0,1,23,24
ATPtm;PGMT,0,1,23,24
ATPtm;PPIPItr,0,1,23,24
ATPtm;TPI,0,1,23,24
ATPtm;TXA2tr,0,1,23,24
ATPtm;TXB2c,0,1,23,24
ATPtm;TXB2r,0,1,23,24
ATPtm;TXB2tr,0,1,23,24
ATPtn;MAL_Lte,1,0,22,25
ATPtn;MI1PP,1,5,22,20
ATPtn;PIPLC,1,5,22,20
B3GALTg;BALAtmr,0,1,23,24
B3GALTg;BPNT,0,1,23,24
B3GALTg;DHFR,0,1,23,24
B3GALTg;DHFRx,0,1,23,24
B3GALTg;DHFtm,0,1,23,24
B3GALTg;GLUDxm,0,1,23,24
B3GALTg;MMSAD3m,0,1,23,24
B3GALTg;NH4tm,0,1,23,24
B3GALTg;PAPStg,0,1,23,24
B3GALTg;PAPtg,0,1,23,24
B3GALTg;SADT,0,1,23,24
B3GALTg;THFtm,0,1,23,24
B3GNT39g;BALAtmr,0,1,23,24
B3GNT39g;BPNT,0,1,23,24
B3GNT39g;DHFR,0,1,23,24
B3GNT39g;DHFRx,0,1,23,24
B3GNT39g;DHFtm,0,1,23,24
B3GNT39g;GLUDxm,0,1,23,24
B3GNT39g;MMSAD3m,0,1,23,24
B3GNT39g;NH4tm,0,1,23,24
B3GNT39g;PAPStg,0,1,23,24
B3GNT39g;PAPtg,0,1,23,24
B3GNT39g;SADT,0,1,23,24
B3GNT39g;THFtm,0,1,23,24
B3GNT51g;BALAtmr,0,1,23,24
B3GNT51g;BPNT,0,1,23,24
B3GNT51g;DHFR,0,1,23,24
B3GNT51g;DHFRx,0,1,23,24
B3GNT51g;DHFtm,0,1,23,24
B3GNT51g;GLUDxm,0,1,23,24
B3GNT51g;MMSAD3m,0,1,23,24
B3GNT51g;NH4tm,0,1,23,24
B3GNT51g;PAPStg,0,1,23,24
B3GNT51g;PAPtg,0,1,23,24
B3GNT51g;SADT,0,1,23,24
B3GNT51g;THFtm,0,1,23,24
BALAtmr;ARTFR42,0,1,23,24
BALAtmr;BILDGLCURtr,0,1,23,24
BALAtmr;BILIRED,0,1,23,24
BALAtmr;BILIRED2,1,1,22,24
BALAtmr;BUP2,1,3,22,22
BALAtmr;CATp,0,1,23,24
BALAtmr;CERT2gt,0,1,23,24
BALAtmr;COt,1,2,22,23
BALAtmr;CPPPGO,1,2,22,23
BALAtmr;D3AIBTm,1,3,22,22
BALAtmr;DESAT18_1,0,1,23,24
BALAtmr;DHPM2,1,3,22,22
BALAtmr;DNPH4,0,1,23,24
BALAtmr;DURAD2x,1,1,22,24
BALAtmr;DURAD2xm,0,2,23,23
BALAtmr;DURIK1,1,3,22,22
BALAtmr;DURIPP,1,3,22,22
BALAtmr;ECOAH1m,0,1,23,24
BALAtmr;FACOAL100im,0,1,23,24
BALAtmr;FCLTm,1,3,22,22
BALAtmr;FCYTOB5OXRyr,0,1,23,24
BALAtmr;FE2tm,1,2,22,23
BALAtmr;FUMAC,1,0,22,25
BALAtmr;GALK,0,1,23,24
BALAtmr;GALM2,0,1,23,24
BALAtmr;GALU,0,2,23,23
BALAtmr;GDPFUCtg,0,1,23,24
BALAtmr;GDPtg,0,1,23,24
BALAtmr;GFUCS,0,1,23,24
BALAtmr;GLXtm,0,2,23,23
BALAtmr;GLXtp,0,2,23,23
BALAtmr;GLYOp,0,1,23,24
BALAtmr;GMAND,0,1,23,24
BALAtmr;GMPtg,0,1,23,24
BALAtmr;H2O2tp,0,1,23,24
BALAtmr;H2Oter,0,1,23,24
BALAtmr;H2Otp,0,1,23,24
BALAtmr;HACD1m,0,1,23,24
BALAtmr;HGNTOR,1,0,22,25
BALAtmr;HMBS,1,2,22,23
BALAtmr;HMGLm,0,1,23,24
BALAtmr;HOXG,1,2,22,23
BALAtmr;MACACIr,1,0,22,25
BALAtmr;MAN1PT2,0,1,23,24
BALAtmr;MAN6PI,0,1,23,24
BALAtmr;MMMm,1,3,22,22
BALAtmr;MMTSADm,1,3,22,22
BALAtmr;MTHGXLt,0,1,23,24
BALAtmr;NDP7er,0,3,23,22
BALAtmr;NH4tp,0,1,23,24
BALAtmr;NTD5,1,2,22,23
BALAtmr;O2tp,0,2,23,23
BALAtmr;OCDE9ECOAtr,0,1,23,24
BALAtmr;PGI,0,1,23,24
BALAtmr;PGMT,0,1,23,24
BALAtmr;PHEMEtm,1,1,22,24
BALAtmr;PIATPLtm,1,0,22,25
BALAtmr;PIt2r,0,2,23,23
BALAtmr;PMANM,0,1,23,24
BALAtmr;PPBNGS,1,3,22,22
BALAtmr;PPCOAtm,0,1,23,24
BALAtmr;PPItm,2,0,21,25
BALAtmr;PPM2,0,1,23,24
BALAtmr;PPPG9tm,1,2,22,23
BALAtmr;PPPGOm,1,2,22,23
BALAtmr;RND213,0,2,23,23
BALAtmr;RTOT4,0,1,23,24
BALAtmr;THRA,0,1,23,24
BALAtmr;THYMtm,0,2,23,23
BALAtmr;TMDPP,1,2,22,23
BALAtmr;TTDCPT1,0,1,23,24
BALAtmr;TTDCPT2,0,1,23,24
BALAtmr;TTDCRNt,0,1,23,24
BALAtmr;TYRTA,1,0,22,25
BALAtmr;UDPG4E,0,1,23,24
BALAtmr;UDPGD,0,3,23,22
BALAtmr;UDPGLCAter,0,3,23,22
BALAtmr;UGCGc,0,1,23,24
BALAtmr;UGLT,0,1,23,24
BALAtmr;UGT1A2r,0,1,23,24
BALAtmr;UPP3S,1,2,22,23
BALAtmr;UPPDC1,1,2,22,23
BALAtmr;URPT,1,0,22,25
BDMT;G6Pt6er,2,1,21,24
BETALDHxm;ECOAH1m,0,1,23,24
BETALDHxm;ETHPL,0,2,23,23
BETALDHxm;HACD1m,0,1,23,24
BETALDHxm;ICDHyrm,1,0,22,25
BETALDHxm;OXALSUCCCLm,1,0,22,25
BHMT;ECOAH1m,0,1,23,24
BHMT;ETHPL,0,2,23,23
BHMT;HACD1m,0,1,23,24
BHMT;ICDHyrm,1,0,22,25
BHMT;OXALSUCCCLm,1,0,22,25
BILDGLCURtr;CBPSam,0,1,23,24
BILDGLCURtr;CITRORNtm,0,1,23,24
BILDGLCURtr;CITRt2m,0,1,23,24
BILDGLCURtr;CITRte,0,1,23,24
BILDGLCURtr;CITRtm,0,1,23,24
BILDGLCURtr;COAtp,0,1,23,24
BILDGLCURtr;CRNCARtp,0,1,23,24
BILDGLCURtr;CSNATp,0,1,23,24
BILDGLCURtr;CSNATr,0,1,23,24
BILDGLCURtr;DHPM1,0,2,23,23
BILDGLCURtr;DURAD,0,2,23,23
BILDGLCURtr;HMGCOAtx,0,1,23,24
BILDGLCURtr;HMGLx,0,1,23,24
BILDGLCURtr;Htr,0,1,23,24
BILDGLCURtr;L_LACtcm,0,1,23,24
BILDGLCURtr;L_LACtm,0,1,23,24
BILDGLCURtr;MMSAD3m,0,2,23,23
BILDGLCURtr;NH4tm,0,1,23,24
BILDGLCURtr;OCBTm,0,1,23,24
BILDGLCURtr;PIGTHRDLtm,0,1,23,24
BILDGLCURtr;THRA,0,1,23,24
BILDGLCURtr;UPPN,0,2,23,23
BILDGLUCRabc;DURIPP,1,2,22,23
BILDGLUCRabc;NTD1,1,2,22,23
BILDGLUCRabc;PROtm,1,0,22,25
BILDGLUCRabc;SUCOAS1m,0,1,23,24
BILIRED2;CBPSam,0,1,23,24
BILIRED2;CITRORNtm,0,1,23,24
BILIRED2;CITRt2m,1,1,22,24
BILIRED2;CITRte,0,1,23,24
BILIRED2;CITRtm,1,1,22,24
BILIRED2;DHPM1,1,1,22,24
BILIRED2;DURAD,1,1,22,24
BILIRED2;DURIPP,2,2,21,23
BILIRED2;Htr,0,1,23,24
BILIRED2;L_LACtcm,0,3,23,22
BILIRED2;L_LACtm,0,3,23,22
BILIRED2;MMSAD3m,1,1,22,24
BILIRED2;NH4tm,0,1,23,24
BILIRED2;NTD1,2,2,21,23
BILIRED2;OCBTm,0,1,23,24
BILIRED2;PIGTHRDLtm,0,1,23,24
BILIRED2;PIter,0,1,23,24
BILIRED2;PROtm,1,0,22,25
BILIRED2;SUCCICITtm,0,1,23,24
BILIRED2;THFtm,0,1,23,24
BILIRED2;THRA,0,1,23,24
BILIRED2;UPPN,1,1,22,24
BILIRED;COAtp,0,1,23,24
BILIRED;CRNCARtp,0,1,23,24
BILIRED;CSNATp,0,1,23,24
BILIRED;CSNATr,0,1,23,24
BILIRED;DHPM1,0,2,23,23
BILIRED;DURAD,0,2,23,23
BILIRED;DURIPP,0,1,23,24
BILIRED;HMGCOAtx,0,1,23,24
BILIRED;HMGLx,0,1,23,24
BILIRED;ICDHyrm,0,1,23,24
BILIRED;ICITACONtm,1,0,22,25
BILIRED;L_LACtcm,0,1,23,24
BILIRED;L_LACtm,0,1,23,24
BILIRED;MMSAD3m,0,2,23,23
BILIRED;NTD1,0,1,23,24
BILIRED;OXALSUCCCLm,0,1,23,24
BILIRED;SUCOAS1m,0,1,23,24
BILIRED;UPPN,0,2,23,23
BILIRUBtr;CITRt2m,0,1,23,24
BILIRUBtr;CITRtm,0,1,23,24
BILIRUBtr;COAtp,0,1,23,24
BILIRUBtr;CRNCARtp,0,1,23,24
BILIRUBtr;CSNATp,0,1,23,24
BILIRUBtr;CSNATr,0,1,23,24
BILIRUBtr;DHPM1,0,1,23,24
BILIRUBtr;DURAD,0,1,23,24
BILIRUBtr;DURIPP,1,2,22,23
BILIRUBtr;HMGCOAtx,0,1,23,24
BILIRUBtr;HMGLx,0,1,23,24
BILIRUBtr;Htr,0,1,23,24
BILIRUBtr;ICDHyrm,0,1,23,24
BILIRUBtr;ICITACONtm,1,0,22,25
BILIRUBtr;L_LACtcm,0,4,23,21
BILIRUBtr;L_LACtm,0,4,23,21
BILIRUBtr;MMSAD3m,0,1,23,24
BILIRUBtr;NTD1,1,2,22,23
BILIRUBtr;OXALSUCCCLm,0,1,23,24
BILIRUBtr;PIGTHRDLtm,0,1,23,24
BILIRUBtr;PIter,0,1,23,24
BILIRUBtr;PROtm,1,0,22,25
BILIRUBtr;SUCOAS1m,0,1,23,24
BILIRUBtr;THFtm,0,1,23,24
BILIRUBtr;UPPN,0,1,23,24
BPGP;GLYCK2,0,1,23,24
BPGP;PEPCK,8,0,15,25
BPNT;CERT2gt,0,1,23,24
BPNT;CO2t,1,0,22,25
BPNT;DHFRm,0,1,23,24
BPNT;DHFRx,0,1,23,24
BPNT;DNAMTSEn,1,0,22,25
BPNT;ENO,1,0,22,25
BPNT;FUCACNGALACGLCGALGLUSIDEte,0,1,23,24
BPNT;FUCACNGALACGLCGALGLUSIDEtg,0,1,23,24
BPNT;FUT32g,0,1,23,24
BPNT;G6PDH2rer,0,1,23,24
BPNT;GDPFUCtg,0,1,23,24
BPNT;GDPtg,0,1,23,24
BPNT;GFUCS,0,1,23,24
BPNT;GMAND,0,1,23,24
BPNT;GMPtg,0,1,23,24
BPNT;GNDer,0,1,23,24
BPNT;H2O2tn,1,0,22,25
BPNT;HCO3E,1,0,22,25
BPNT;MAN1PT2,0,1,23,24
BPNT;MAN6PI,0,1,23,24
BPNT;MTHFR3,1,0,22,25
BPNT;O2St,1,0,22,25
BPNT;O2Stn,1,0,22,25
BPNT;O2tn,1,0,22,25
BPNT;PGLer,0,1,23,24
BPNT;PMANM,0,1,23,24
BPNT;SEAHCYSHYD,1,0,22,25
BPNT;SEAHCYStn,1,0,22,25
BPNT;SEASMETtn,1,0,22,25
BPNT;SELMETAT,1,0,22,25
BPNT;SPODMn,1,0,22,25
BPNT;ST3GAL31g,0,1,23,24
BPNT;UDPGNP,1,0,22,25
BPNT;UGCGc,0,1,23,24
BTCOACRNtm;GLYATm,0,1,23,24
BTCOACRNtm;PPCOAtm,0,1,23,24
BTCOACRNtm;THR3Dx,0,1,23,24
BUP2;DHPM1,1,3,22,22
BUP2;DLD,0,1,23,24
BUP2;DURAD,1,3,22,22
BUP2;DURIPP,2,3,21,22
BUP2;G5SADr,0,1,23,24
BUP2;GLU5SAtmc,0,1,23,24
BUP2;GSADHm,0,1,23,24
BUP2;MMSAD3m,1,3,22,22
BUP2;NTD1,2,3,21,22
BUP2;PIter,0,1,23,24
BUP2;THFtm,0,1,23,24
BUP2;THRA,0,1,23,24
BUP2;UPPN,1,3,22,22
BUTt2m;CRNtim,1,0,22,25
BUTt2m;FUMAC,3,0,20,25
BUTt2m;GTPGDPtm,1,0,22,25
BUTt2m;HGNTOR,3,0,20,25
BUTt2m;MACACIr,3,0,20,25
BUTt2m;NDPK1,1,0,22,25
BUTt2m;OCOAT1m,1,0,22,25
BUTt2m;PYRtm,1,0,22,25
BUTt2m;SUCOAS1m,1,0,22,25
BUTt2m;TYRTA,3,0,20,25
C160CPT2;CDS,0,1,23,24
C160CPT2;GPAM_hs,0,1,23,24
C160CRNt;CDS,0,1,23,24
C160CRNt;GPAM_hs,0,1,23,24
C161CPT1;ARTFR43,1,0,22,25
C161CPT1;CO2t,0,1,23,24
C161CPT1;DHFRm,0,1,23,24
C161CPT1;DHFRx,0,1,23,24
C161CPT1;FAE181,1,0,22,25
C161CPT1;HACD181,1,0,22,25
C161CPT1;HSD181,1,0,22,25
C161CPT1;ICDHyrm,0,1,23,24
C161CPT1;ICITMALtm,0,1,23,24
C161CPT1;L_LACtcm,0,1,23,24
C161CPT1;L_LACtm,0,1,23,24
C161CPT1;NADPHtru,0,1,23,24
C161CPT1;NADPtru,0,1,23,24
C161CPT1;NMNS,0,1,23,24
C161CPT1;OAADC,0,1,23,24
C161CPT1;OCTD11ECOAtr,1,0,22,25
C161CPT1;OXALSUCCCLm,0,1,23,24
C161CPT1;PIter,0,1,23,24
C161CPT1;PPA,1,1,22,24
C161CPT1;TECR181,1,0,22,25
C204CPT1;ARTFR33,0,1,23,24
C204CPT1;ARTFR43,1,0,22,25
C204CPT1;ARTPLM1,1,1,22,24
C204CPT1;CO2t,1,0,22,25
C204CPT1;DESAT16_1,0,1,23,24
C204CPT1;FAE181,1,1,22,24
C204CPT1;HACD181,1,1,22,24
C204CPT1;HSD181,1,1,22,24
C204CPT1;OCTD11ECOAtr,1,1,22,24
C204CPT1;RTOT3,0,1,23,24
C204CPT1;RTOT4,1,0,22,25
C204CPT1;TECR181,1,1,22,24
C204CPT1;TRDOXtm,2,1,21,24
C204CPT1;TRDR,9,3,14,22
C204CPT1;TRDRDtm,2,1,21,24
C204CPT1;TRDRm,2,1,21,24
C30CPT1;CHOLtu,4,1,19,24
C30CPT1;CSNATm,0,1,23,24
C30CPT1;CSNATr,0,1,23,24
C30CPT1;CYSt4,3,3,20,22
C30CPT1;DHFRm,0,1,23,24
C30CPT1;DHFRx,0,1,23,24
C30CPT1;ECOAH1m,0,1,23,24
C30CPT1;GLUDym,1,3,22,22
C30CPT1;GLYC3Ptmc,0,1,23,24
C30CPT1;GLYCtm,0,1,23,24
C30CPT1;GPAMm_hs,0,1,23,24
C30CPT1;HACD1m,0,1,23,24
C30CPT1;LHCYSTIN,1,0,22,25
C30CPT1;LHCYSTINt,1,0,22,25
C30CPT1;LPS3m,0,1,23,24
C30CPT1;L_LACtcm,0,1,23,24
C30CPT1;L_LACtm,0,1,23,24
C30CPT1;PPA,0,1,23,24
C30CPT1;PPCOAtm,1,1,22,24
C30CPT1;RTOTALCRNCPT1,0,1,23,24
C30CPT1;RTOTALCRNCPT2,0,1,23,24
C30CPT1;RTOTALCRNt,0,1,23,24
C30CPT1;R_group_phosphotase_1,0,1,23,24
C30CPT1;Rtotaltm,0,1,23,24
C4STMO2Pr;C4STMO2r,0,1,23,24
C4STMO2r;GLUDym,0,1,23,24
CA2tm;CYOOm2,1,0,22,25
CA2tm;CYOOm3,0,1,23,24
CA2tm;CYOR_u10m,1,1,22,24
CA2tm;NH4tm,1,0,22,25
CA2tm;O2Stm,0,1,23,24
CAATPS;KCCt,0,1,23,24
CACT3r;CDS,0,1,23,24
CACT3r;GPAM_hs,0,1,23,24
CACT4r;ARTFR43,1,0,22,25
CACT4r;CO2t,0,1,23,24
CACT4r;DHFRm,0,1,23,24
CACT4r;DHFRx,0,1,23,24
CACT4r;FAE181,1,0,22,25
CACT4r;HACD181,1,0,22,25
CACT4r;HSD181,1,0,22,25
CACT4r;ICDHyrm,0,1,23,24
CACT4r;ICITMALtm,0,1,23,24
CACT4r;L_LACtcm,0,1,23,24
CACT4r;L_LACtm,0,1,23,24
CACT4r;NADPHtru,0,1,23,24
CACT4r;NADPtru,0,1,23,24
CACT4r;NMNS,0,1,23,24
CACT4r;OAADC,0,1,23,24
CACT4r;OCTD11ECOAtr,1,0,22,25
CACT4r;OXALSUCCCLm,0,1,23,24
CACT4r;PIter,0,1,23,24
CACT4r;PPA,1,1,22,24
CACT4r;TECR181,1,0,22,25
CACT6r;ARTPLM1,0,1,23,24
CACT6r;DPCOAK,0,1,23,24
CACT6r;EAR160y,0,2,23,23
CACT6r;FA160ACPH,0,2,23,23
CACT6r;FACOAL160i,0,1,23,24
CACT6r;GLYATm,0,1,23,24
CACT6r;PNTK,0,1,23,24
CACT6r;PNTOt1,0,1,23,24
CACT6r;PPCDC,0,1,23,24
CACT6r;PPCOAtm,0,1,23,24
CACT6r;PPNCL2,0,1,23,24
CACT6r;PTPAT,0,1,23,24
CACT6r;THR3Dx,0,1,23,24
CACT6r;TRDOXtm,0,1,23,24
CACT6r;TRDRDtm,0,1,23,24
CACT6r;TRDRm,0,1,23,24
CACT7p;ARTFR33,0,1,23,24
CACT7p;ARTFR43,1,0,22,25
CACT7p;ARTPLM1,1,1,22,24
CACT7p;CO2t,1,1,22,24
CACT7p;COAtr,0,1,23,24
CACT7p;DESAT16_1,0,1,23,24
CACT7p;FAE181,1,1,22,24
CACT7p;HACD181,1,1,22,24
CACT7p;HSD181,1,1,22,24
CACT7p;ICDHyrm,1,0,22,25
CACT7p;OCTD11ECOAtr,1,1,22,24
CACT7p;OXALSUCCCLm,1,0,22,25
CACT7p;RTOT3,0,1,23,24
CACT7p;RTOT4,1,0,22,25
CACT7p;TECR181,1,1,22,24
CACT7p;TRDOXtm,3,4,20,21
CACT7p;TRDR,10,4,13,21
CACT7p;TRDRDtm,3,4,20,21
CACT7p;TRDRm,3,4,20,21
CACT7r;CO2t,0,1,23,24
CACT7r;COAtr,0,1,23,24
CACT7r;ICDHyrm,1,0,22,25
CACT7r;OXALSUCCCLm,1,0,22,25
CACT7r;TRDOXtm,1,3,22,22
CACT7r;TRDR,1,1,22,24
CACT7r;TRDRDtm,1,3,22,22
CACT7r;TRDRm,1,3,22,22
CAT;MI1PP,0,1,23,24
CAT;NDPK3,0,1,23,24
CAT;O2t,0,1,23,24
CAT;PIPLC,0,1,23,24
CATm;O2tm,0,1,23,24
CATp;ARTFR33,0,1,23,24
CATp;ARTFR43,1,0,22,25
CATp;ARTPLM1,1,1,22,24
CATp;CO2t,1,1,22,24
CATp;COAtr,0,1,23,24
CATp;COQ3m,7,4,16,21
CATp;COQ5m,7,4,16,21
CATp;COQ6m,7,4,16,21
CATp;COQ7m,7,4,16,21
CATp;COUCOAFm,7,4,16,21
CATp;DECDPtm,7,4,16,21
CATp;DESAT16_1,0,1,23,24
CATp;DHDPBMTm,7,4,16,21
CATp;DHFRm,0,1,23,24
CATp;DHFRx,0,1,23,24
CATp;DHPM1,0,1,23,24
CATp;DPHMBDCm,7,4,16,21
CATp;DPPS,7,4,16,21
CATp;DURAD,0,1,23,24
CATp;DURIPP,0,1,23,24
CATp;ENO,1,0,22,25
CATp;ETHPL,0,2,23,23
CATp;FAE181,1,1,22,24
CATp;FRDPtc,7,4,16,21
CATp;GLUDym,8,1,15,24
CATp;GLYATm,1,1,22,24
CATp;GLYtm,0,1,23,24
CATp;HACD181,1,1,22,24
CATp;HBZOPT10m,7,4,16,21
CATp;HCO3Em,1,1,22,24
CATp;HSD181,1,1,22,24
CATp;ICDHyrm,1,0,22,25
CATp;L_LACtcm,0,1,23,24
CATp;L_LACtm,0,1,23,24
CATp;MMSAD3m,0,1,23,24
CATp;NTD1,0,1,23,24
CATp;O2t,0,1,23,24
CATp;OCTD11ECOAtr,1,1,22,24
CATp;OXALSUCCCLm,1,0,22,25
CATp;PIATPLtm,1,0,22,25
CATp;PPItm,4,3,19,22
CATp;Q10H2e,7,4,16,21
CATp;RTOT3,0,1,23,24
CATp;RTOT4,1,0,22,25
CATp;T4HCINNMFM,7,4,16,21
CATp;TECR181,1,1,22,24
CATp;THFtm,0,1,23,24
CATp;THR3Dx,1,1,22,24
CATp;THRA,1,1,22,24
CATp;THRD_L,2,3,21,22
CATp;TRDOXtm,3,3,20,22
CATp;TRDR,8,3,15,22
CATp;TRDRDtm,3,3,20,22
CATp;TRDRm,3,3,20,22
CATp;TYRTAm,7,4,16,21
CATp;TYRtl,7,4,16,21
CATp;UPPN,0,1,23,24
CATp;q10h2tc,7,4,16,21
CAtm7;CO2t,0,1,23,24
CAtm7;CYOOm2,0,4,23,21
CAtm7;CYOR_u10m,0,4,23,21
CAtm7;G6PDH2r,0,1,23,24
CAtm7;GND,0,1,23,24
CAtm7;PGL,0,1,23,24
CAtm7;RPE,0,1,23,24
CAtm7;TKT1,0,1,23,24
CAtm7;TKT2,0,1,23,24
CBPPer;G6Pt6er,3,7,20,18
CBPPer;HEX1,1,2,22,23
CBPPer;PPA,7,5,16,20
CBPPer;PPIPItr,0,7,23,18
CBPSam;CITRt2m,0,1,23,24
CBPSam;CITRtm,0,1,23,24
CBPSam;CO2t,2,3,21,22
CBPSam;CO2tm,0,4,23,21
CBPSam;COQ3m,5,1,18,24
CBPSam;COQ5m,5,1,18,24
CBPSam;COQ6m,5,1,18,24
CBPSam;COQ7m,5,1,18,24
CBPSam;COUCOAFm,5,1,18,24
CBPSam;COt,0,1,23,24
CBPSam;CPPPGO,0,1,23,24
CBPSam;DECDPtm,5,1,18,24
CBPSam;DHDPBMTm,5,1,18,24
CBPSam;DPHMBDCm,5,1,18,24
CBPSam;DPPS,5,1,18,24
CBPSam;FCLTm,0,1,23,24
CBPSam;FE2tm,0,1,23,24
CBPSam;FRDPtc,5,1,18,24
CBPSam;GALU,1,1,22,24
CBPSam;GLUDym,0,2,23,23
CBPSam;GLYC3Ptmc,0,1,23,24
CBPSam;GTPGDPtm,0,1,23,24
CBPSam;H2Otm,3,0,20,25
CBPSam;HBZOPT10m,5,1,18,24
CBPSam;HCO3E,1,0,22,25
CBPSam;HCO3Em,0,1,23,24
CBPSam;HCO3tm,1,0,22,25
CBPSam;HEX1,1,0,22,25
CBPSam;HMBS,0,1,23,24
CBPSam;HOXG,0,1,23,24
CBPSam;MMEm,0,1,23,24
CBPSam;MMMm,0,1,23,24
CBPSam;NDP7er,0,1,23,24
CBPSam;NH4t3r,1,0,22,25
CBPSam;NH4tm,8,7,15,18
CBPSam;PGMT,1,0,22,25
CBPSam;PHEMEtm,0,1,23,24
CBPSam;PIATPLtm,1,0,22,25
CBPSam;PIt2m_2,0,2,23,23
CBPSam;PIt2r,0,1,23,24
CBPSam;PPBNGS,0,1,23,24
CBPSam;PPCOACm,0,1,23,24
CBPSam;PPItm,2,1,21,24
CBPSam;PPPG9tm,0,1,23,24
CBPSam;PPPGOm,0,1,23,24
CBPSam;Q10H2e,5,1,18,24
CBPSam;RND213,0,1,23,24
CBPSam;T4HCINNMFM,5,1,18,24
CBPSam;TYRTAm,5,1,18,24
CBPSam;TYRtl,5,1,18,24
CBPSam;UDPGD,1,1,22,24
CBPSam;UDPGLCAter,0,1,23,24
CBPSam;UGT1A2r,0,1,23,24
CBPSam;UPP3S,0,1,23,24
CBPSam;UPPDC1,0,1,23,24
CBPSam;q10h2tc,5,1,18,24
CBPter;G6Pt6er,3,7,20,18
CBPter;HEX1,1,2,22,23
CBPter;PPA,7,5,16,20
CBPter;PPIPItr,0,7,23,18
CCGTx;DHFRm,0,1,23,24
CCGTx;DHFRx,0,1,23,24
CCGTx;GLUDym,2,3,21,22
CCTTx;GLUDym,0,1,23,24
CDPDAGtm;CDS,0,1,23,24
CDPDAGtm;CITRt2m,0,1,23,24
CDPDAGtm;CITRtm,0,1,23,24
CDPDAGtm;GPAM_hs,0,1,23,24
CDPRBTLtg;R5Ptr,1,0,22,25
CDPRBTLtg;RPIr,1,0,22,25
CDPRBTLtg;RU5Ptr,1,0,22,25
CDPtg;R5Ptr,1,0,22,25
CDPtg;RPIr,1,0,22,25
CDPtg;RU5Ptr,1,0,22,25
CDS;ARTPLM1m,0,1,23,24
CDS;CDSm,0,1,23,24
CDS;CRNtim,0,1,23,24
CDS;CYTDK2m,0,1,23,24
CDS;CYTDtm,0,1,23,24
CDS;CYTK1m,0,1,23,24
CDS;DUTCP,0,1,23,24
CDS;ENO,0,1,23,24
CDS;FBA2,0,1,23,24
CDS;GAPD,0,1,23,24
CDS;GLYALDORy,0,1,23,24
CDS;GLYCtm,0,1,23,24
CDS;GLYKm,0,1,23,24
CDS;GPAMm_hs,0,1,23,24
CDS;KHK,0,1,23,24
CDS;NDPK3m,0,1,23,24
CDS;NTD2,0,1,23,24
CDS;PGM,0,1,23,24
CDS;PMTCOAFABP1tc,0,1,23,24
CDS;PMTCOAPTr,0,1,23,24
CDS;PPItm,0,1,23,24
CDS;SBTD_D2,0,1,23,24
CDS;SBTR,0,1,23,24
CDS;TPI,0,1,23,24
CDS;URIK4,0,1,23,24
CDSm;CITRt2m,0,1,23,24
CDSm;CITRtm,0,1,23,24
CDSm;GPAM_hs,0,1,23,24
CEPTC;PCFLOPm,5,0,18,25
CEPTC;PETOHMm_hs,5,0,18,25
CERT2gt;DHFR,0,1,23,24
CERT2gt;DHFRx,0,1,23,24
CERT2gt;DHFtm,0,1,23,24
CERT2gt;GLUDxm,0,1,23,24
CERT2gt;MMSAD3m,0,1,23,24
CERT2gt;NH4tm,0,1,23,24
CERT2gt;PAPStg,0,1,23,24
CERT2gt;PAPtg,0,1,23,24
CERT2gt;SADT,0,1,23,24
CERT2gt;THFtm,0,1,23,24
CH25H;GLUDxm,1,0,22,25
CH25H;GLUDym,1,2,22,23
CH25H;PPCOAtm,0,1,23,24
CHATn;MAL_Lte,1,0,22,25
CHLPCTD;PCFLOPm,5,0,18,25
CHLPCTD;PETOHMm_hs,5,0,18,25
CHLtm;ECOAH1m,0,1,23,24
CHLtm;ETHPL,0,2,23,23
CHLtm;HACD1m,0,1,23,24
CHLtm;ICDHyrm,1,0,22,25
CHLtm;OXALSUCCCLm,1,0,22,25
CHOLCOARO;DHFRm,0,1,23,24
CHOLCOARO;DHFRx,0,1,23,24
CHOLCOARO;GLUDym,2,4,21,21
CHOLD2m;ECOAH1m,0,1,23,24
CHOLD2m;ETHPL,0,2,23,23
CHOLD2m;HACD1m,0,1,23,24
CHOLD2m;ICDHyrm,1,0,22,25
CHOLD2m;OXALSUCCCLm,1,0,22,25
CHOLK;CHOLPtr,0,1,23,24
CHOLK;METAT,7,1,16,24
CHOLK;PEMET1,2,1,21,24
CHOLK;PEMET2,2,1,21,24
CHOLK;PE_HStm,2,1,21,24
CHOLK;PSDm_hs,7,1,16,24
CHOLK;PSFLIPm,7,1,16,24
CHOLK;SMPDEe,0,1,23,24
CHOLK;SMS21e,0,1,23,24
CHOLtn;MAL_Lte,1,0,22,25
CHOLtu;CSNAT2m,4,1,19,24
CHOLtu;CYSTGL,7,1,16,24
CHOLtu;CYSTS,7,1,16,24
CHOLtu;HCO3E,1,0,22,25
CHOLtu;MCITS,2,0,21,25
CHOLtu;METAT,7,1,16,24
CHOLtu;OBDHc,6,1,17,24
CHOLtu;PCRNtm,4,1,19,24
CHOLtu;PEMET1,2,1,21,24
CHOLtu;PEMET2,2,1,21,24
CHOLtu;PE_HStm,2,1,21,24
CHOLtu;PSDm_hs,7,1,16,24
CHOLtu;PSFLIPm,7,1,16,24
CITACONtm;CO2t,1,0,22,25
CITACONtm;HMGCOASi,1,0,22,25
CITMCOAHm;CRNtim,1,0,22,25
CITMCOAHm;GLUDxm,1,0,22,25
CITMCOAHm;GLUDym,1,0,22,25
CITMCOAHm;THRA,1,0,22,25
CITMCOALm;CRNtim,1,0,22,25
CITMCOALm;GLUDxm,1,0,22,25
CITMCOALm;GLUDym,1,0,22,25
CITMCOALm;THRA,1,0,22,25
CITOAL;GLYtm,1,0,22,25
CITOAL;HMGCOASi,1,0,22,25
CITOXAtm;CO2t,0,1,23,24
CITOXAtm;FUMAC,0,1,23,24
CITOXAtm;GTPGDPtm,0,1,23,24
CITOXAtm;HGNTOR,0,1,23,24
CITOXAtm;ICDHyrm,0,1,23,24
CITOXAtm;MACACIr,0,1,23,24
CITOXAtm;OCOAT1m,0,1,23,24
CITOXAtm;OXALSUCCCLm,0,1,23,24
CITOXAtm;PYRtm,0,1,23,24
CITOXAtm;SUCOAS1m,0,1,23,24
CITOXAtm;TYRTA,0,1,23,24
CITRORNtm;CO2t,1,1,22,24
CITRORNtm;CO2tm,0,2,23,23
CITRORNtm;COQ3m,1,0,22,25
CITRORNtm;COQ5m,1,0,22,25
CITRORNtm;COQ6m,1,0,22,25
CITRORNtm;COQ7m,1,0,22,25
CITRORNtm;COUCOAFm,1,0,22,25
CITRORNtm;COt,0,1,23,24
CITRORNtm;CPPPGO,0,1,23,24
CITRORNtm;DECDPtm,1,0,22,25
CITRORNtm;DHDPBMTm,1,0,22,25
CITRORNtm;DPHMBDCm,1,0,22,25
CITRORNtm;DPPS,1,0,22,25
CITRORNtm;FCLTm,0,1,23,24
CITRORNtm;FE2tm,0,1,23,24
CITRORNtm;FRDPtc,1,0,22,25
CITRORNtm;GALU,1,1,22,24
CITRORNtm;GLUDym,0,1,23,24
CITRORNtm;GTPGDPtm,0,1,23,24
CITRORNtm;H2Otm,1,0,22,25
CITRORNtm;HBZOPT10m,1,0,22,25
CITRORNtm;HCO3E,1,0,22,25
CITRORNtm;HCO3Em,0,1,23,24
CITRORNtm;HEX1,1,0,22,25
CITRORNtm;HMBS,0,1,23,24
CITRORNtm;HOXG,0,1,23,24
CITRORNtm;MMEm,0,1,23,24
CITRORNtm;MMMm,0,1,23,24
CITRORNtm;NDP7er,0,1,23,24
CITRORNtm;NH4tm,2,3,21,22
CITRORNtm;PGMT,1,0,22,25
CITRORNtm;PHEMEtm,0,1,23,24
CITRORNtm;PIt2r,0,1,23,24
CITRORNtm;PPBNGS,0,1,23,24
CITRORNtm;PPCOACm,0,1,23,24
CITRORNtm;PPItm,2,0,21,25
CITRORNtm;PPPG9tm,0,1,23,24
CITRORNtm;PPPGOm,0,1,23,24
CITRORNtm;Q10H2e,1,0,22,25
CITRORNtm;RND213,0,1,23,24
CITRORNtm;T4HCINNMFM,1,0,22,25
CITRORNtm;TYRTAm,1,0,22,25
CITRORNtm;TYRtl,1,0,22,25
CITRORNtm;UDPGD,1,1,22,24
CITRORNtm;UDPGLCAter,0,1,23,24
CITRORNtm;UGT1A2r,0,1,23,24
CITRORNtm;UPP3S,0,1,23,24
CITRORNtm;UPPDC1,0,1,23,24
CITRORNtm;q10h2tc,1,0,22,25
CITRt2m;CITRte,0,1,23,24
CITRt2m;CO2t,2,1,21,24
CITRt2m;CO2tm,1,3,22,22
CITRt2m;COt,1,1,22,24
CITRt2m;CPPPGO,1,1,22,24
CITRt2m;CTPtm,0,1,23,24
CITRt2m;CYOOm2,0,1,23,24
CITRt2m;CYOR_u10m,0,1,23,24
CITRt2m;DAG_Hstem,0,1,23,24
CITRt2m;DLD,1,1,22,24
CITRt2m;ENO,0,1,23,24
CITRt2m;FCLTm,1,1,22,24
CITRt2m;FE2tm,1,1,22,24
CITRt2m;G5SADr,0,1,23,24
CITRt2m;GALK,0,1,23,24
CITRt2m;GALM2,0,1,23,24
CITRt2m;GALU,0,1,23,24
CITRt2m;GAPD,0,1,23,24
CITRt2m;GLU5SAtmc,0,1,23,24
CITRt2m;GLUDxm,0,1,23,24
CITRt2m;GSADHm,0,1,23,24
CITRt2m;HCO3E,0,1,23,24
CITRt2m;HCO3Em,0,2,23,23
CITRt2m;HCO3tm,0,1,23,24
CITRt2m;HMBS,1,1,22,24
CITRt2m;HOXG,1,1,22,24
CITRt2m;LCADi,0,1,23,24
CITRt2m;LDH_L,0,1,23,24
CITRt2m;L_LACtcm,0,1,23,24
CITRt2m;L_LACtm,0,1,23,24
CITRt2m;NDP7er,0,1,23,24
CITRt2m;NDPK3,0,2,23,23
CITRt2m;OCBTm,0,1,23,24
CITRt2m;ORNt4m,0,1,23,24
CITRt2m;PGK,0,1,23,24
CITRt2m;PGM,0,1,23,24
CITRt2m;PHEMEtm,1,1,22,24
CITRt2m;PIGTHRDLtm,0,1,23,24
CITRt2m;PPBNGS,1,1,22,24
CITRt2m;PPCOAtm,0,1,23,24
CITRt2m;PPItm,0,1,23,24
CITRt2m;PPPG9tm,1,1,22,24
CITRt2m;PPPGOm,1,1,22,24
CITRt2m;R_group_phosphotase_1,0,1,23,24
CITRt2m;UDPG4E,0,1,23,24
CITRt2m;UDPGD,0,1,23,24
CITRt2m;UDPGLCAter,0,1,23,24
CITRt2m;UGLT,0,1,23,24
CITRt2m;UGT1A2r,0,1,23,24
CITRt2m;UPP3S,1,1,22,24
CITRt2m;UPPDC1,1,1,22,24
CITRt2m;UREAt,0,1,23,24
CITRte;CITRtm,0,1,23,24
CITRte;CO2t,2,3,21,22
CITRte;CO2tm,0,4,23,21
CITRte;COQ3m,5,1,18,24
CITRte;COQ5m,5,1,18,24
CITRte;COQ6m,5,1,18,24
CITRte;COQ7m,5,1,18,24
CITRte;COUCOAFm,5,1,18,24
CITRte;COt,0,1,23,24
CITRte;CPPPGO,0,1,23,24
CITRte;DECDPtm,5,1,18,24
CITRte;DHDPBMTm,5,1,18,24
CITRte;DPHMBDCm,5,1,18,24
CITRte;DPPS,5,1,18,24
CITRte;FCLTm,0,1,23,24
CITRte;FE2tm,0,1,23,24
CITRte;FRDPtc,5,1,18,24
CITRte;GALU,1,1,22,24
CITRte;GLUDym,0,2,23,23
CITRte;GLYC3Ptmc,0,1,23,24
CITRte;GTPGDPtm,0,1,23,24
CITRte;H2Otm,3,0,20,25
CITRte;HBZOPT10m,5,1,18,24
CITRte;HCO3E,1,0,22,25
CITRte;HCO3Em,0,1,23,24
CITRte;HCO3tm,1,0,22,25
CITRte;HEX1,1,0,22,25
CITRte;HMBS,0,1,23,24
CITRte;HOXG,0,1,23,24
CITRte;MMEm,0,1,23,24
CITRte;MMMm,0,1,23,24
CITRte;NDP7er,0,1,23,24
CITRte;NH4t3r,1,0,22,25
CITRte;NH4tm,8,7,15,18
CITRte;PGMT,1,0,22,25
CITRte;PHEMEtm,0,1,23,24
CITRte;PIATPLtm,1,0,22,25
CITRte;PIt2m_2,0,2,23,23
CITRte;PIt2r,0,1,23,24
CITRte;PPBNGS,0,1,23,24
CITRte;PPCOACm,0,1,23,24
CITRte;PPItm,2,1,21,24
CITRte;PPPG9tm,0,1,23,24
CITRte;PPPGOm,0,1,23,24
CITRte;Q10H2e,5,1,18,24
CITRte;RND213,0,1,23,24
CITRte;T4HCINNMFM,5,1,18,24
CITRte;TYRTAm,5,1,18,24
CITRte;TYRtl,5,1,18,24
CITRte;UDPGD,1,1,22,24
CITRte;UDPGLCAter,0,1,23,24
CITRte;UGT1A2r,0,1,23,24
CITRte;UPP3S,0,1,23,24
CITRte;UPPDC1,0,1,23,24
CITRte;q10h2tc,5,1,18,24
CITRtm;CO2t,2,1,21,24
CITRtm;CO2tm,1,3,22,22
CITRtm;COt,1,1,22,24
CITRtm;CPPPGO,1,1,22,24
CITRtm;CTPtm,0,1,23,24
CITRtm;CYOOm2,0,1,23,24
CITRtm;CYOR_u10m,0,1,23,24
CITRtm;DAG_Hstem,0,1,23,24
CITRtm;DLD,1,1,22,24
CITRtm;ENO,0,1,23,24
CITRtm;FCLTm,1,1,22,24
CITRtm;FE2tm,1,1,22,24
CITRtm;G5SADr,0,1,23,24
CITRtm;GALK,0,1,23,24
CITRtm;GALM2,0,1,23,24
CITRtm;GALU,0,1,23,24
CITRtm;GAPD,0,1,23,24
CITRtm;GLU5SAtmc,0,1,23,24
CITRtm;GLUDxm,0,1,23,24
CITRtm;GSADHm,0,1,23,24
CITRtm;HCO3E,0,1,23,24
CITRtm;HCO3Em,0,2,23,23
CITRtm;HCO3tm,0,1,23,24
CITRtm;HMBS,1,1,22,24
CITRtm;HOXG,1,1,22,24
CITRtm;LCADi,0,1,23,24
CITRtm;LDH_L,0,1,23,24
CITRtm;L_LACtcm,0,1,23,24
CITRtm;L_LACtm,0,1,23,24
CITRtm;NDP7er,0,1,23,24
CITRtm;NDPK3,0,2,23,23
CITRtm;OCBTm,0,1,23,24
CITRtm;ORNt4m,0,1,23,24
CITRtm;PGK,0,1,23,24
CITRtm;PGM,0,1,23,24
CITRtm;PHEMEtm,1,1,22,24
CITRtm;PIGTHRDLtm,0,1,23,24
CITRtm;PPBNGS,1,1,22,24
CITRtm;PPCOAtm,0,1,23,24
CITRtm;PPItm,0,1,23,24
CITRtm;PPPG9tm,1,1,22,24
CITRtm;PPPGOm,1,1,22,24
CITRtm;R_group_phosphotase_1,0,1,23,24
CITRtm;UDPG4E,0,1,23,24
CITRtm;UDPGD,0,1,23,24
CITRtm;UDPGLCAter,0,1,23,24
CITRtm;UGLT,0,1,23,24
CITRtm;UGT1A2r,0,1,23,24
CITRtm;UPP3S,1,1,22,24
CITRtm;UPPDC1,1,1,22,24
CITRtm;UREAt,0,1,23,24
CITSUCCtm;CYOOm2,1,0,22,25
CITSUCCtm;CYOR_u10m,1,0,22,25
CITt4_3;CITt4_4,0,1,23,24
CLFORtex2;NH4t3r,0,1,23,24
CLHCO3tex2;NH4t3r,0,1,23,24
CLOXAtex2;ETHPL,0,1,23,24
CMPACNAtg;CO2t,1,0,22,25
CMPACNAtg;DNAMTSEn,1,0,22,25
CMPACNAtg;G6PDH2rer,0,1,23,24
CMPACNAtg;GNDer,0,1,23,24
CMPACNAtg;H2O2tn,1,0,22,25
CMPACNAtg;HCO3E,1,0,22,25
CMPACNAtg;MTHFR3,1,0,22,25
CMPACNAtg;O2St,1,0,22,25
CMPACNAtg;O2Stn,1,0,22,25
CMPACNAtg;O2tn,1,0,22,25
CMPACNAtg;PGLer,0,1,23,24
CMPACNAtg;SEAHCYSHYD,1,0,22,25
CMPACNAtg;SEAHCYStn,1,0,22,25
CMPACNAtg;SEASMETtn,1,0,22,25
CMPACNAtg;SELMETAT,1,0,22,25
CMPACNAtg;SPODMn,1,0,22,25
CMPACNAtg;UDPGNP,1,0,22,25
CMPSAS;CO2t,1,0,22,25
CMPSAS;DNAMTSEn,1,0,22,25
CMPSAS;G6PDH2rer,0,1,23,24
CMPSAS;GNDer,0,1,23,24
CMPSAS;H2O2tn,1,0,22,25
CMPSAS;HCO3E,1,0,22,25
CMPSAS;MTHFR3,1,0,22,25
CMPSAS;O2St,1,0,22,25
CMPSAS;O2Stn,1,0,22,25
CMPSAS;O2tn,1,0,22,25
CMPSAS;PGLer,0,1,23,24
CMPSAS;SEAHCYSHYD,1,0,22,25
CMPSAS;SEAHCYStn,1,0,22,25
CMPSAS;SEASMETtn,1,0,22,25
CMPSAS;SELMETAT,1,0,22,25
CMPSAS;SPODMn,1,0,22,25
CMPSAS;UDPGNP,1,0,22,25
CO2t;ARTFR12,0,1,23,24
CO2t;ARTFR54,0,1,23,24
CO2t;CO2tm,5,7,18,18
CO2t;COAtp,1,1,22,24
CO2t;COAtr,0,1,23,24
CO2t;CRNCARtp,1,1,22,24
CO2t;CSNATp,1,1,22,24
CO2t;CSNATr,1,1,22,24
CO2t;CYANSTm,1,0,22,25
CO2t;CYOOm2,1,0,22,25
CO2t;CYOOm3,1,0,22,25
CO2t;CYOR_u10m,2,0,21,25
CO2t;CYSO,1,0,22,25
CO2t;DESAT16_1,0,1,23,24
CO2t;DESAT18_1,1,1,22,24
CO2t;DESAT24_51,0,1,23,24
CO2t;DHFR3x,0,1,23,24
CO2t;DLD,0,1,23,24
CO2t;DNAMTSEn,1,0,22,25
CO2t;FAE180,1,1,22,24
CO2t;FAE201,1,1,22,24
CO2t;FAE221,1,1,22,24
CO2t;FAE224,0,1,23,24
CO2t;FAE241,1,1,22,24
CO2t;FAE244,0,1,23,24
CO2t;FCYTOB5OXRyr,1,0,22,25
CO2t;FOLt2,0,1,23,24
CO2t;GALASE17ly,1,0,22,25
CO2t;GALASE18ly,1,0,22,25
CO2t;GALASE19ly,1,0,22,25
CO2t;GALK,1,0,22,25
CO2t;GALNTg,1,0,22,25
CO2t;GALU,1,0,22,25
CO2t;GALtly,1,0,22,25
CO2t;GLACter,1,0,22,25
CO2t;GLCOASYNT,0,1,23,24
CO2t;GLCURter,1,0,22,25
CO2t;GLCURtly,1,0,22,25
CO2t;GLRASE,1,0,22,25
CO2t;GLUDym,0,1,23,24
CO2t;GLYC3Ptm,0,2,23,23
CO2t;GLYC3Ptmc,0,1,23,24
CO2t;GUAD,0,2,23,23
CO2t;GULLACter,1,0,22,25
CO2t;H2O2tn,1,0,22,25
CO2t;H2Otg,1,0,22,25
CO2t;H2Otly,1,0,22,25
CO2t;H2Otm,2,6,21,19
CO2t;HACD180,1,1,22,24
CO2t;HACD201,1,1,22,24
CO2t;HACD221,1,1,22,24
CO2t;HACD224,0,1,23,24
CO2t;HACD241,1,1,22,24
CO2t;HACD244,0,1,23,24
CO2t;HAS1,1,0,22,25
CO2t;HAS2,1,0,22,25
CO2t;HAtly,1,0,22,25
CO2t;HCO3E,1,1,22,24
CO2t;HCO3Em,1,4,22,21
CO2t;HCO3tm,0,1,23,24
CO2t;HSD180,1,1,22,24
CO2t;HSD201,1,1,22,24
CO2t;HSD221,1,1,22,24
CO2t;HSD224,0,1,23,24
CO2t;HSD241,1,1,22,24
CO2t;HSD244,0,1,23,24
CO2t;HYAL,1,0,22,25
CO2t;Htg,1,0,22,25
CO2t;ICDHyrm,0,1,23,24
CO2t;L2AADPL2AADP6SAtm,0,1,23,24
CO2t;LYStm,0,1,23,24
CO2t;L_LACtcm,0,4,23,21
CO2t;L_LACtm,0,4,23,21
CO2t;MALACONtm,1,0,22,25
CO2t;MALTSULtm,1,0,22,25
CO2t;MTHFR3x,1,0,22,25
CO2t;NACHEX24ly,1,0,22,25
CO2t;NACHEX25ly,1,0,22,25
CO2t;NADPHtru,0,1,23,24
CO2t;NADPtru,0,1,23,24
CO2t;NAGA2ly,1,0,22,25
CO2t;NAGLCAly,1,0,22,25
CO2t;NAtm,0,1,23,24
CO2t;NDP7g,1,0,22,25
CO2t;NH4tm,1,3,22,22
CO2t;NMNS,0,1,23,24
CO2t;NRVNCCOAtr,1,1,22,24
CO2t;NRVNCCOAtxc,1,1,22,24
CO2t;NTD9,0,2,23,23
CO2t;O2St,1,0,22,25
CO2t;O2Stm,1,0,22,25
CO2t;O2Stn,1,0,22,25
CO2t;O2t,0,1,23,24
CO2t;O2tn,1,0,22,25
CO2t;O2tp,1,1,22,24
CO2t;OCBTm,2,3,21,22
CO2t;ORNt4m,1,2,22,23
CO2t;OXALSUCCCLm,0,1,23,24
CO2t;OXAPItm,0,1,23,24
CO2t;OXOADLR,0,1,23,24
CO2t;PAPStg,1,0,22,25
CO2t;PAPtg,1,0,22,25
CO2t;PGMT,1,0,22,25
CO2t;PGS,1,0,22,25
CO2t;PIATPLtm,0,1,23,24
CO2t;PIter,0,1,23,24
CO2t;PItg,1,0,22,25
CO2t;PLMCOAPTr,0,1,23,24
CO2t;PPA,0,2,23,23
CO2t;PPAer,0,1,23,24
CO2t;PPM,0,1,23,24
CO2t;PROGLUtm,0,1,23,24
CO2t;PROSTGF2t,1,0,22,25
CO2t;PROtm,0,1,23,24
CO2t;PTGFS,1,0,22,25
CO2t;PUNP3,0,2,23,23
CO2t;RTOT5,0,1,23,24
CO2t;S6TASE24ly,1,0,22,25
CO2t;SACCD4m,0,1,23,24
CO2t;SADT,1,0,22,25
CO2t;SE10,0,1,23,24
CO2t;SEAHCYSHYD,1,0,22,25
CO2t;SEAHCYStn,1,0,22,25
CO2t;SEASMETtn,1,0,22,25
CO2t;SELMETAT,1,0,22,25
CO2t;SO4tl,1,0,22,25
CO2t;SOAT6,0,1,23,24
CO2t;SPODMn,1,0,22,25
CO2t;SQORm,1,0,22,25
CO2t;Ser/Thrtg,1,0,22,25
CO2t;TD2GLTRCOAm,0,1,23,24
CO2t;TECR180,1,1,22,24
CO2t;TECR201,1,1,22,24
CO2t;TECR221,1,1,22,24
CO2t;TECR224,0,1,23,24
CO2t;TECR241,1,1,22,24
CO2t;TECR244,0,1,23,24
CO2t;TETPENT6COAtr,0,1,23,24
CO2t;THFt2,0,1,23,24
CO2t;THRA,1,1,22,24
CO2t;TSULt4_3,1,0,22,25
CO2t;UAGDP,1,0,22,25
CO2t;UDPACGALtl,1,0,22,25
CO2t;UDPGALtg,1,0,22,25
CO2t;UDPGD,1,0,22,25
CO2t;UDPtl,1,0,22,25
CO2t;UGALNACtg,1,0,22,25
CO2t;UGLCNACtg,1,0,22,25
CO2t;UGLT,1,0,22,25
CO2t;URATEt,0,1,23,24
CO2t;URATEti,0,1,23,24
CO2t;UROLACer,1,0,22,25
CO2t;XAND,0,2,23,23
CO2tg;R5Ptr,1,0,22,25
CO2tg;RPIr,1,0,22,25
CO2tg;RU5Ptr,1,0,22,25
CO2tm;CYOOm2,0,2,23,23
CO2tm;CYOR_u10m,0,2,23,23
CO2tm;DHPM1,0,1,23,24
CO2tm;DRPA,0,1,23,24
CO2tm;DURAD,0,1,23,24
CO2tm;DURIPP,0,1,23,24
CO2tm;ENO,0,1,23,24
CO2tm;GAPD,0,1,23,24
CO2tm;GLUDym,0,1,23,24
CO2tm;H2Otm,0,2,23,23
CO2tm;HCO3E,1,1,22,24
CO2tm;HCO3Ee,0,1,23,24
CO2tm;HCO3Em,0,6,23,19
CO2tm;HCO3tm,0,1,23,24
CO2tm;ICDHyrm,0,1,23,24
CO2tm;L_LACtcm,1,6,22,19
CO2tm;L_LACtm,1,6,22,19
CO2tm;NH4tm,0,1,23,24
CO2tm;NTD1,0,1,23,24
CO2tm;NTD2,0,1,23,24
CO2tm;O2t,0,1,23,24
CO2tm;OCBTm,0,4,23,21
CO2tm;ORNt4m,0,2,23,23
CO2tm;OXALSUCCCLm,0,1,23,24
CO2tm;PGK,0,1,23,24
CO2tm;PGM,0,1,23,24
CO2tm;PPM,0,1,23,24
CO2tm;PPM2,0,1,23,24
CO2tm;PYNP2r,0,1,23,24
CO2tm;UPPN,0,1,23,24
CO2tm;UREAt,0,1,23,24
CO2tn;PIATPLtm,1,0,22,25
CO2tn;PPItm,2,0,21,25
CO2tn;Q10H2e,3,1,20,24
CO2tn;SARCStm,0,1,23,24
CO2tn;SARDHm,0,1,23,24
CO2tn;SUCOAS1m,0,1,23,24
CO2tn;T4HCINNMFM,3,1,20,24
CO2tn;THRD_L,0,2,23,23
CO2tn;TYRTAm,3,1,20,24
CO2tn;TYRtl,3,1,20,24
CO2tn;q10h2tc,3,1,20,24
COAtm;HMGCOASi,1,0,22,25
COAtm;OBDHc,0,1,23,24
COAtm;PPCOACRNtm,0,1,23,24
COAtm;THRD_L,0,1,23,24
COAtp;ARTFR33,0,1,23,24
COAtp;ARTFR43,1,0,22,25
COAtp;ARTPLM1,1,1,22,24
COAtp;COAtr,0,1,23,24
COAtp;COt,0,1,23,24
COAtp;CPPPGO,0,1,23,24
COAtp;DESAT16_1,0,1,23,24
COAtp;FAE181,1,1,22,24
COAtp;FCLTm,0,1,23,24
COAtp;FE2tm,0,1,23,24
COAtp;FUM,0,1,23,24
COAtp;GALU,0,1,23,24
COAtp;GLUDxm,1,0,22,25
COAtp;GLUDym,3,0,20,25
COAtp;HACD181,1,1,22,24
COAtp;HMBS,0,1,23,24
COAtp;HOXG,0,1,23,24
COAtp;HSD181,1,1,22,24
COAtp;ICDHyrm,1,1,22,24
COAtp;ICITMALtm,0,1,23,24
COAtp;NDP7er,0,1,23,24
COAtp;OCOAT1m,0,1,23,24
COAtp;OCTD11ECOAtr,1,1,22,24
COAtp;OXALSUCCCLm,1,1,22,24
COAtp;PGMT,0,1,23,24
COAtp;PHEMEtm,0,1,23,24
COAtp;PPBNGS,0,1,23,24
COAtp;PPPG9tm,0,1,23,24
COAtp;PPPGOm,0,1,23,24
COAtp;PROAKGOX1m,0,1,23,24
COAtp;PROtm,0,1,23,24
COAtp;PYRtm,0,1,23,24
COAtp;RTOT3,0,1,23,24
COAtp;RTOT4,1,0,22,25
COAtp;TECR181,1,1,22,24
COAtp;TRDOXtm,3,4,20,21
COAtp;TRDR,10,4,13,21
COAtp;TRDRDtm,3,4,20,21
COAtp;TRDRm,3,4,20,21
COAtp;UDPGCURtr,0,1,23,24
COAtp;UDPGD,0,1,23,24
COAtp;UGT1A2r,0,1,23,24
COAtp;UMPtr,0,1,23,24
COAtp;UPP3S,0,1,23,24
COAtp;UPPDC1,0,1,23,24
COAtr;ARTFR54,0,1,23,24
COAtr;CRNCARtp,0,1,23,24
COAtr;CRNtim,0,1,23,24
COAtr;CSNATm,0,1,23,24
COAtr;CSNATp,0,1,23,24
COAtr;CSNATr,0,2,23,23
COAtr;DESAT18_1,0,1,23,24
COAtr;DESAT24_51,0,1,23,24
COAtr;DHFRm,0,1,23,24
COAtr;DHFRx,0,1,23,24
COAtr;FAE180,0,1,23,24
COAtr;FAE201,0,1,23,24
COAtr;FAE221,0,1,23,24
COAtr;FAE224,0,1,23,24
COAtr;FAE241,0,1,23,24
COAtr;FAE244,0,1,23,24
COAtr;HACD180,0,1,23,24
COAtr;HACD201,0,1,23,24
COAtr;HACD221,0,1,23,24
COAtr;HACD224,0,1,23,24
COAtr;HACD241,0,1,23,24
COAtr;HACD244,0,1,23,24
COAtr;HSD180,0,1,23,24
COAtr;HSD201,0,1,23,24
COAtr;HSD221,0,1,23,24
COAtr;HSD224,0,1,23,24
COAtr;HSD241,0,1,23,24
COAtr;HSD244,0,1,23,24
COAtr;ICDHyrm,1,1,22,24
COAtr;ICITMALtm,0,1,23,24
COAtr;L_LACtcm,0,1,23,24
COAtr;L_LACtm,0,1,23,24
COAtr;NADPHtru,0,1,23,24
COAtr;NADPtru,0,1,23,24
COAtr;NMNS,0,1,23,24
COAtr;NRVNCCOAtr,0,1,23,24
COAtr;NRVNCCOAtxc,0,1,23,24
COAtr;O2tp,0,1,23,24
COAtr;OAADC,0,1,23,24
COAtr;OCDE9ECOAtr,0,2,23,23
COAtr;OXALSUCCCLm,1,1,22,24
COAtr;PIter,0,1,23,24
COAtr;PPA,1,0,22,25
COAtr;RTOT5,0,1,23,24
COAtr;TECR180,0,1,23,24
COAtr;TECR201,0,1,23,24
COAtr;TECR221,0,1,23,24
COAtr;TECR224,0,1,23,24
COAtr;TECR241,0,1,23,24
COAtr;TECR244,0,1,23,24
COAtr;TETPENT6COAtr,0,1,23,24
COAtr;TRDR,0,2,23,23
COQ3m;AKGtn,3,1,20,24
COQ3m;CO2tn,3,1,20,24
COQ3m;CYOOm2,16,12,7,13
COQ3m;CYOOm3,5,2,18,23
COQ3m;CYOR_u10m,21,14,2,11
COQ3m;DOPAMT,0,1,23,24
COQ3m;FALDH,2,1,21,24
COQ3m;FALDtn,3,1,20,24
COQ3m;FALDtx,7,5,16,20
COQ3m;GLUDxm,1,0,22,25
COQ3m;GNMT,7,5,16,20
COQ3m;H3K36MET_1,0,1,23,24
COQ3m;H3K36MET_2,0,1,23,24
COQ3m;H3K36MET_3,0,1,23,24
COQ3m;H3K36_synthesis,0,1,23,24
COQ3m;HCO3Em,1,1,22,24
COQ3m;HMGDH,0,1,23,24
COQ3m;HMGS,0,1,23,24
COQ3m;HOMOVALte,0,2,23,23
COQ3m;LYStn,0,1,23,24
COQ3m;MEOHt2,0,1,23,24
COQ3m;O2St,0,1,23,24
COQ3m;O2Stm,5,2,18,23
COQ3m;O2Stx,0,1,23,24
COQ3m;O2tp,6,3,17,22
COQ3m;OCBTm,5,1,18,24
COQ3m;ORNt4m,4,1,19,24
COQ3m;PE_HStm,0,1,23,24
COQ3m;PSDm_hs,0,1,23,24
COQ3m;PSFLIPm,0,1,23,24
COQ3m;PYRAKGte,0,1,23,24
COQ3m;SARCOXp,7,5,16,20
COQ3m;SARCStp,7,5,16,20
COQ3m;SFGTH,2,2,21,23
COQ3m;SPODMx,0,1,23,24
COQ3m;TYRDOPO,0,2,23,23
COQ3m;peplys_synthesis,0,1,23,24
COQ5m;AKGtn,3,1,20,24
COQ5m;CO2tn,3,1,20,24
COQ5m;CYOOm2,16,12,7,13
COQ5m;CYOOm3,5,2,18,23
COQ5m;CYOR_u10m,21,14,2,11
COQ5m;DOPAMT,0,1,23,24
COQ5m;FALDH,2,1,21,24
COQ5m;FALDtn,3,1,20,24
COQ5m;FALDtx,7,5,16,20
COQ5m;GLUDxm,1,0,22,25
COQ5m;GNMT,7,5,16,20
COQ5m;H3K36MET_1,0,1,23,24
COQ5m;H3K36MET_2,0,1,23,24
COQ5m;H3K36MET_3,0,1,23,24
COQ5m;H3K36_synthesis,0,1,23,24
COQ5m;HCO3Em,1,1,22,24
COQ5m;HMGDH,0,1,23,24
COQ5m;HMGS,0,1,23,24
COQ5m;HOMOVALte,0,2,23,23
COQ5m;LYStn,0,1,23,24
COQ5m;MEOHt2,0,1,23,24
COQ5m;O2St,0,1,23,24
COQ5m;O2Stm,5,2,18,23
COQ5m;O2Stx,0,1,23,24
COQ5m;O2tp,6,3,17,22
COQ5m;OCBTm,5,1,18,24
COQ5m;ORNt4m,4,1,19,24
COQ5m;PE_HStm,0,1,23,24
COQ5m;PSDm_hs,0,1,23,24
COQ5m;PSFLIPm,0,1,23,24
COQ5m;PYRAKGte,0,1,23,24
COQ5m;SARCOXp,7,5,16,20
COQ5m;SARCStp,7,5,16,20
COQ5m;SFGTH,2,2,21,23
COQ5m;SPODMx,0,1,23,24
COQ5m;TYRDOPO,0,2,23,23
COQ5m;peplys_synthesis,0,1,23,24
COQ6m;AKGtn,3,1,20,24
COQ6m;CO2tn,3,1,20,24
COQ6m;CYOOm2,16,12,7,13
COQ6m;CYOOm3,5,2,18,23
COQ6m;CYOR_u10m,21,14,2,11
COQ6m;DOPAMT,0,1,23,24
COQ6m;FALDH,2,1,21,24
COQ6m;FALDtn,3,1,20,24
COQ6m;FALDtx,7,5,16,20
COQ6m;GLUDxm,1,0,22,25
COQ6m;GNMT,7,5,16,20
COQ6m;H3K36MET_1,0,1,23,24
COQ6m;H3K36MET_2,0,1,23,24
COQ6m;H3K36MET_3,0,1,23,24
COQ6m;H3K36_synthesis,0,1,23,24
COQ6m;HCO3Em,1,1,22,24
COQ6m;HMGDH,0,1,23,24
COQ6m;HMGS,0,1,23,24
COQ6m;HOMOVALte,0,2,23,23
COQ6m;LYStn,0,1,23,24
COQ6m;MEOHt2,0,1,23,24
COQ6m;O2St,0,1,23,24
COQ6m;O2Stm,5,2,18,23
COQ6m;O2Stx,0,1,23,24
COQ6m;O2tp,6,3,17,22
COQ6m;OCBTm,5,1,18,24
COQ6m;ORNt4m,4,1,19,24
COQ6m;PE_HStm,0,1,23,24
COQ6m;PSDm_hs,0,1,23,24
COQ6m;PSFLIPm,0,1,23,24
COQ6m;PYRAKGte,0,1,23,24
COQ6m;SARCOXp,7,5,16,20
COQ6m;SARCStp,7,5,16,20
COQ6m;SFGTH,2,2,21,23
COQ6m;SPODMx,0,1,23,24
COQ6m;TYRDOPO,0,2,23,23
COQ6m;peplys_synthesis,0,1,23,24
COQ7m;AKGtn,3,1,20,24
COQ7m;CO2tn,3,1,20,24
COQ7m;CYOOm2,16,12,7,13
COQ7m;CYOOm3,5,2,18,23
COQ7m;CYOR_u10m,21,14,2,11
COQ7m;DOPAMT,0,1,23,24
COQ7m;FALDH,2,1,21,24
COQ7m;FALDtn,3,1,20,24
COQ7m;FALDtx,7,5,16,20
COQ7m;GLUDxm,1,0,22,25
COQ7m;GNMT,7,5,16,20
COQ7m;H3K36MET_1,0,1,23,24
COQ7m;H3K36MET_2,0,1,23,24
COQ7m;H3K36MET_3,0,1,23,24
COQ7m;H3K36_synthesis,0,1,23,24
COQ7m;HCO3Em,1,1,22,24
COQ7m;HMGDH,0,1,23,24
COQ7m;HMGS,0,1,23,24
COQ7m;HOMOVALte,0,2,23,23
COQ7m;LYStn,0,1,23,24
COQ7m;MEOHt2,0,1,23,24
COQ7m;O2St,0,1,23,24
COQ7m;O2Stm,5,2,18,23
COQ7m;O2Stx,0,1,23,24
COQ7m;O2tp,6,3,17,22
COQ7m;OCBTm,5,1,18,24
COQ7m;ORNt4m,4,1,19,24
COQ7m;PE_HStm,0,1,23,24
COQ7m;PSDm_hs,0,1,23,24
COQ7m;PSFLIPm,0,1,23,24
COQ7m;PYRAKGte,0,1,23,24
COQ7m;SARCOXp,7,5,16,20
COQ7m;SARCStp,7,5,16,20
COQ7m;SFGTH,2,2,21,23
COQ7m;SPODMx,0,1,23,24
COQ7m;TYRDOPO,0,2,23,23
COQ7m;peplys_synthesis,0,1,23,24
CORE2GTg;GDPFUCtg,0,1,23,24
CORE2GTg;GDPtg,0,1,23,24
CORE2GTg;GFUCS,0,1,23,24
CORE2GTg;GMAND,0,1,23,24
CORE2GTg;GMPtg,0,1,23,24
CORE2GTg;MAN1PT2,0,1,23,24
CORE2GTg;MAN6PI,0,1,23,24
CORE2GTg;PMANM,0,1,23,24
CORE3GTg;UDPGNP,1,0,22,25
CORE4GTg;UDPGNP,1,0,22,25
COUCOAFm;AKGtn,3,1,20,24
COUCOAFm;CO2tn,3,1,20,24
COUCOAFm;CYOOm2,16,12,7,13
COUCOAFm;CYOOm3,5,2,18,23
COUCOAFm;CYOR_u10m,21,14,2,11
COUCOAFm;DOPAMT,0,1,23,24
COUCOAFm;FALDH,2,1,21,24
COUCOAFm;FALDtn,3,1,20,24
COUCOAFm;FALDtx,7,5,16,20
COUCOAFm;GLUDxm,1,0,22,25
COUCOAFm;GNMT,7,5,16,20
COUCOAFm;H3K36MET_1,0,1,23,24
COUCOAFm;H3K36MET_2,0,1,23,24
COUCOAFm;H3K36MET_3,0,1,23,24
COUCOAFm;H3K36_synthesis,0,1,23,24
COUCOAFm;HCO3Em,1,1,22,24
COUCOAFm;HMGDH,0,1,23,24
COUCOAFm;HMGS,0,1,23,24
COUCOAFm;HOMOVALte,0,2,23,23
COUCOAFm;LYStn,0,1,23,24
COUCOAFm;MEOHt2,0,1,23,24
COUCOAFm;O2St,0,1,23,24
COUCOAFm;O2Stm,5,2,18,23
COUCOAFm;O2Stx,0,1,23,24
COUCOAFm;O2tp,6,3,17,22
COUCOAFm;OCBTm,5,1,18,24
COUCOAFm;ORNt4m,4,1,19,24
COUCOAFm;PE_HStm,0,1,23,24
COUCOAFm;PSDm_hs,0,1,23,24
COUCOAFm;PSFLIPm,0,1,23,24
COUCOAFm;PYRAKGte,0,1,23,24
COUCOAFm;SARCOXp,7,5,16,20
COUCOAFm;SARCStp,7,5,16,20
COUCOAFm;SFGTH,2,2,21,23
COUCOAFm;SPODMx,0,1,23,24
COUCOAFm;TYRDOPO,0,2,23,23
COUCOAFm;peplys_synthesis,0,1,23,24
COt;CRNCARtp,0,1,23,24
COt;CSNATp,0,1,23,24
COt;CSNATr,0,1,23,24
COt;DHPM1,1,3,22,22
COt;DURAD,1,3,22,22
COt;DURIPP,2,3,21,22
COt;HMGCOAtx,0,1,23,24
COt;HMGLx,0,1,23,24
COt;Htr,0,1,23,24
COt;ICDHyrm,0,1,23,24
COt;ICITACONtm,1,0,22,25
COt;L_LACtcm,0,4,23,21
COt;L_LACtm,0,4,23,21
COt;MMSAD3m,1,3,22,22
COt;NH4tm,0,1,23,24
COt;NTD1,2,3,21,22
COt;OCBTm,0,1,23,24
COt;OXALSUCCCLm,0,1,23,24
COt;PIGTHRDLtm,0,1,23,24
COt;PIter,0,1,23,24
COt;PROtm,1,0,22,25
COt;SUCCICITtm,0,1,23,24
COt;SUCOAS1m,0,1,23,24
COt;THFtm,0,1,23,24
COt;THRA,0,1,23,24
COt;UPPN,1,3,22,22
CPPPGO;CRNCARtp,0,1,23,24
CPPPGO;CSNATp,0,1,23,24
CPPPGO;CSNATr,0,1,23,24
CPPPGO;DHPM1,1,3,22,22
CPPPGO;DURAD,1,3,22,22
CPPPGO;DURIPP,2,3,21,22
CPPPGO;HMGCOAtx,0,1,23,24
CPPPGO;HMGLx,0,1,23,24
CPPPGO;Htr,0,1,23,24
CPPPGO;ICDHyrm,0,1,23,24
CPPPGO;ICITACONtm,1,0,22,25
CPPPGO;L_LACtcm,0,4,23,21
CPPPGO;L_LACtm,0,4,23,21
CPPPGO;MMSAD3m,1,3,22,22
CPPPGO;NH4tm,0,1,23,24
CPPPGO;NTD1,2,3,21,22
CPPPGO;OCBTm,0,1,23,24
CPPPGO;OXALSUCCCLm,0,1,23,24
CPPPGO;PIGTHRDLtm,0,1,23,24
CPPPGO;PIter,0,1,23,24
CPPPGO;PROtm,1,0,22,25
CPPPGO;SUCCICITtm,0,1,23,24
CPPPGO;SUCOAS1m,0,1,23,24
CPPPGO;THFtm,0,1,23,24
CPPPGO;THRA,0,1,23,24
CPPPGO;UPPN,1,3,22,22
CRNCAR3tp;DHFRm,0,1,23,24
CRNCAR3tp;DHFRx,0,1,23,24
CRNCAR3tp;ECOAH1m,0,1,23,24
CRNCAR3tp;GLUDxm,1,0,22,25
CRNCAR3tp;GLUDym,2,4,21,21
CRNCAR3tp;HACD1m,0,1,23,24
CRNCAR3tp;PPCOAtm,0,1,23,24
CRNCARtp;ARTFR33,0,1,23,24
CRNCARtp;ARTFR43,1,0,22,25
CRNCARtp;ARTPLM1,1,1,22,24
CRNCARtp;DESAT16_1,0,1,23,24
CRNCARtp;ETHPL,0,1,23,24
CRNCARtp;FAE181,1,1,22,24
CRNCARtp;FCLTm,0,1,23,24
CRNCARtp;FE2tm,0,1,23,24
CRNCARtp;FUM,0,1,23,24
CRNCARtp;GALU,0,1,23,24
CRNCARtp;HACD181,1,1,22,24
CRNCARtp;HMBS,0,1,23,24
CRNCARtp;HOXG,0,1,23,24
CRNCARtp;HSD181,1,1,22,24
CRNCARtp;ICDHyrm,1,1,22,24
CRNCARtp;ICITMALtm,0,1,23,24
CRNCARtp;NDP7er,0,1,23,24
CRNCARtp;OCOAT1m,0,1,23,24
CRNCARtp;OCTD11ECOAtr,1,1,22,24
CRNCARtp;OXALSUCCCLm,1,1,22,24
CRNCARtp;PGMT,0,1,23,24
CRNCARtp;PHEMEtm,0,1,23,24
CRNCARtp;PPBNGS,0,1,23,24
CRNCARtp;PPPG9tm,0,1,23,24
CRNCARtp;PPPGOm,0,1,23,24
CRNCARtp;PROAKGOX1m,0,1,23,24
CRNCARtp;PROtm,0,1,23,24
CRNCARtp;PYRtm,0,1,23,24
CRNCARtp;RTOT3,0,1,23,24
CRNCARtp;RTOT4,1,0,22,25
CRNCARtp;TECR181,1,1,22,24
CRNCARtp;TRDOXtm,3,4,20,21
CRNCARtp;TRDR,10,4,13,21
CRNCARtp;TRDRDtm,3,4,20,21
CRNCARtp;TRDRm,3,4,20,21
CRNCARtp;UDPGCURtr,0,1,23,24
CRNCARtp;UDPGD,0,1,23,24
CRNCARtp;UGT1A2r,0,1,23,24
CRNCARtp;UMPtr,0,1,23,24
CRNCARtp;UPP3S,0,1,23,24
CRNCARtp;UPPDC1,0,1,23,24
CRNtim;ARTFR12,0,1,23,24
CRNtim;CYSt4,0,1,23,24
CRNtim;DESAT16_1,0,1,23,24
CRNtim;DHFRm,0,1,23,24
CRNtim;DHFRx,0,1,23,24
CRNtim;DHRT_2mbcoa,0,1,23,24
CRNtim;ECOAH1m,1,0,22,25
CRNtim;ECOAH9m,0,1,23,24
CRNtim;FA40ACPH,1,0,22,25
CRNtim;FACOAL40im,1,0,22,25
CRNtim;GLUDxm,1,0,22,25
CRNtim;GLUDym,1,0,22,25
CRNtim;GPAM_hs,0,1,23,24
CRNtim;HACD1m,1,0,22,25
CRNtim;HACD9m,0,1,23,24
CRNtim;ICDHyrm,1,1,22,24
CRNtim;ICITMALtm,0,1,23,24
CRNtim;ILETAm,0,1,23,24
CRNtim;ILEt5m,0,1,23,24
CRNtim;ITCOAL1m,1,0,22,25
CRNtim;L_LACtcm,0,1,23,24
CRNtim;L_LACtm,0,1,23,24
CRNtim;OAADC,0,1,23,24
CRNtim;OBDHc,0,1,23,24
CRNtim;OXALSUCCCLm,1,1,22,24
CRNtim;PPCOACRNtm,0,1,23,24
CRNtim;THRD_L,0,1,23,24
CSNAT2m;CSNATm,0,1,23,24
CSNAT2m;CSNATr,0,1,23,24
CSNAT2m;CYSt4,3,3,20,22
CSNAT2m;GLUDxm,1,1,22,24
CSNAT2m;GLUDym,1,2,22,23
CSNAT2m;GLYC3Ptmc,0,1,23,24
CSNAT2m;GLYCtm,0,1,23,24
CSNAT2m;GPAMm_hs,0,1,23,24
CSNAT2m;LHCYSTIN,1,0,22,25
CSNAT2m;LHCYSTINt,1,0,22,25
CSNAT2m;LPS3m,0,1,23,24
CSNAT2m;L_LACtcm,0,1,23,24
CSNAT2m;L_LACtm,0,1,23,24
CSNAT2m;PPA,0,1,23,24
CSNAT2m;PPCOAtm,1,0,22,25
CSNAT2m;RTOTALCRNCPT1,0,1,23,24
CSNAT2m;RTOTALCRNCPT2,0,1,23,24
CSNAT2m;RTOTALCRNt,0,1,23,24
CSNAT2m;R_group_phosphotase_1,0,1,23,24
CSNAT2m;Rtotaltm,0,1,23,24
CSNAT3x;DHFRm,0,1,23,24
CSNAT3x;DHFRx,0,1,23,24
CSNAT3x;ECOAH1m,0,1,23,24
CSNAT3x;GLUDxm,1,0,22,25
CSNAT3x;GLUDym,2,4,21,21
CSNAT3x;HACD1m,0,1,23,24
CSNAT3x;PPCOAtm,0,1,23,24
CSNATm;ARTFR12,0,1,23,24
CSNATm;DESAT16_1,0,1,23,24
CSNATm;ECOAH1m,2,0,21,25
CSNATm;GLUDxm,4,0,19,25
CSNATm;GLUDym,3,0,20,25
CSNATm;HACD1m,2,0,21,25
CSNATm;L_LACtcm,0,1,23,24
CSNATm;L_LACtm,0,1,23,24
CSNATm;PCRNtm,0,1,23,24
CSNATm;PIATPLtm,1,0,22,25
CSNATp;ARTFR33,0,1,23,24
CSNATp;ARTFR43,1,0,22,25
CSNATp;ARTPLM1,1,1,22,24
CSNATp;DESAT16_1,0,1,23,24
CSNATp;ETHPL,0,1,23,24
CSNATp;FAE181,1,1,22,24
CSNATp;FCLTm,0,1,23,24
CSNATp;FE2tm,0,1,23,24
CSNATp;FUM,0,1,23,24
CSNATp;GALU,0,1,23,24
CSNATp;HACD181,1,1,22,24
CSNATp;HMBS,0,1,23,24
CSNATp;HOXG,0,1,23,24
CSNATp;HSD181,1,1,22,24
CSNATp;ICDHyrm,1,1,22,24
CSNATp;ICITMALtm,0,1,23,24
CSNATp;NDP7er,0,1,23,24
CSNATp;OCOAT1m,0,1,23,24
CSNATp;OCTD11ECOAtr,1,1,22,24
CSNATp;OXALSUCCCLm,1,1,22,24
CSNATp;PGMT,0,1,23,24
CSNATp;PHEMEtm,0,1,23,24
CSNATp;PPBNGS,0,1,23,24
CSNATp;PPPG9tm,0,1,23,24
CSNATp;PPPGOm,0,1,23,24
CSNATp;PROAKGOX1m,0,1,23,24
CSNATp;PROtm,0,1,23,24
CSNATp;PYRtm,0,1,23,24
CSNATp;RTOT3,0,1,23,24
CSNATp;RTOT4,1,0,22,25
CSNATp;TECR181,1,1,22,24
CSNATp;TRDOXtm,3,4,20,21
CSNATp;TRDR,10,4,13,21
CSNATp;TRDRDtm,3,4,20,21
CSNATp;TRDRm,3,4,20,21
CSNATp;UDPGCURtr,0,1,23,24
CSNATp;UDPGD,0,1,23,24
CSNATp;UGT1A2r,0,1,23,24
CSNATp;UMPtr,0,1,23,24
CSNATp;UPP3S,0,1,23,24
CSNATp;UPPDC1,0,1,23,24
CSNATr;ARTFR12,0,1,23,24
CSNATr;ARTFR33,0,1,23,24
CSNATr;ARTFR43,1,0,22,25
CSNATr;ARTPLM1,1,1,22,24
CSNATr;DESAT16_1,0,2,23,23
CSNATr;ETHPL,0,1,23,24
CSNATr;FAE181,1,1,22,24
CSNATr;FCLTm,0,1,23,24
CSNATr;FE2tm,0,1,23,24
CSNATr;FUM,0,1,23,24
CSNATr;GALU,0,1,23,24
CSNATr;HACD181,1,1,22,24
CSNATr;HMBS,0,1,23,24
CSNATr;HOXG,0,1,23,24
CSNATr;HSD181,1,1,22,24
CSNATr;ICDHyrm,1,1,22,24
CSNATr;ICITMALtm,0,1,23,24
CSNATr;L_LACtcm,0,1,23,24
CSNATr;L_LACtm,0,1,23,24
CSNATr;NDP7er,0,1,23,24
CSNATr;OCOAT1m,0,1,23,24
CSNATr;OCTD11ECOAtr,1,1,22,24
CSNATr;OXALSUCCCLm,1,1,22,24
CSNATr;PCRNtm,0,1,23,24
CSNATr;PGMT,0,1,23,24
CSNATr;PHEMEtm,0,1,23,24
CSNATr;PPBNGS,0,1,23,24
CSNATr;PPPG9tm,0,1,23,24
CSNATr;PPPGOm,0,1,23,24
CSNATr;PROAKGOX1m,0,1,23,24
CSNATr;PROtm,0,1,23,24
CSNATr;PYRtm,0,1,23,24
CSNATr;RTOT3,0,1,23,24
CSNATr;RTOT4,1,0,22,25
CSNATr;TECR181,1,1,22,24
CSNATr;TRDOXtm,2,4,21,21
CSNATr;TRDR,7,4,16,21
CSNATr;TRDRDtm,2,4,21,21
CSNATr;TRDRm,2,4,21,21
CSNATr;UDPGCURtr,0,1,23,24
CSNATr;UDPGD,0,1,23,24
CSNATr;UGT1A2r,0,1,23,24
CSNATr;UMPtr,0,1,23,24
CSNATr;UPP3S,0,1,23,24
CSNATr;UPPDC1,0,1,23,24
CYANSTm;FUM,0,1,23,24
CYANSTm;ICDHyrm,0,1,23,24
CYANSTm;ICITMALtm,0,1,23,24
CYANSTm;MALACONtm,1,0,22,25
CYANSTm;MAL_Lte,1,0,22,25
CYANSTm;OXALSUCCCLm,0,1,23,24
CYOOm2;DECDPtm,16,12,7,13
CYOOm2;DHDPBMTm,16,12,7,13
CYOOm2;DPHMBDCm,16,12,7,13
CYOOm2;DPPS,16,12,7,13
CYOOm2;FRDPtc,16,12,7,13
CYOOm2;FUMAC,1,0,22,25
CYOOm2;G6PDH2r,0,1,23,24
CYOOm2;GLUDym,0,2,23,23
CYOOm2;GND,0,1,23,24
CYOOm2;H2Otm,4,2,19,23
CYOOm2;HBZOPT10m,16,12,7,13
CYOOm2;HCO3E,1,0,22,25
CYOOm2;HCO3Em,1,4,22,21
CYOOm2;HCO3tm,1,1,22,24
CYOOm2;HGNTOR,1,0,22,25
CYOOm2;ICDHyrm,1,0,22,25
CYOOm2;ICITCITtm,1,0,22,25
CYOOm2;MACACIr,1,0,22,25
CYOOm2;METAT,0,1,23,24
CYOOm2;NAtm,0,4,23,21
CYOOm2;NH4tm,0,1,23,24
CYOOm2;OXALSUCCCLm,1,0,22,25
CYOOm2;PGL,0,1,23,24
CYOOm2;PIATPLtm,6,4,17,21
CYOOm2;PIMALtm,0,2,23,23
CYOOm2;PIter,0,1,23,24
CYOOm2;PPItm,6,7,17,18
CYOOm2;PROGLUtm,0,1,23,24
CYOOm2;PROtm,0,1,23,24
CYOOm2;Q10H2e,16,12,7,13
CYOOm2;RPE,0,1,23,24
CYOOm2;SO3AKGtm,0,1,23,24
CYOOm2;SO3MALtm,0,1,23,24
CYOOm2;SO4AKGtm,0,1,23,24
CYOOm2;SO4MALtm,0,1,23,24
CYOOm2;T4HCINNMFM,16,12,7,13
CYOOm2;TKT1,0,1,23,24
CYOOm2;TKT2,0,1,23,24
CYOOm2;TYRTA,1,0,22,25
CYOOm2;TYRTAm,16,12,7,13
CYOOm2;TYRtl,16,12,7,13
CYOOm2;q10h2tc,16,12,7,13
CYOOm3;DECDPtm,5,2,18,23
CYOOm3;DHDPBMTm,5,2,18,23
CYOOm3;DPHMBDCm,5,2,18,23
CYOOm3;DPPS,5,2,18,23
CYOOm3;FRDPtc,5,2,18,23
CYOOm3;G5SADr,0,1,23,24
CYOOm3;GLU5SAtmc,0,1,23,24
CYOOm3;GSADHm,0,1,23,24
CYOOm3;H2Otm,1,0,22,25
CYOOm3;HBZOPT10m,5,2,18,23
CYOOm3;PIATPLtm,1,1,22,24
CYOOm3;PIMALtm,0,1,23,24
CYOOm3;PPItm,2,1,21,24
CYOOm3;Q10H2e,5,2,18,23
CYOOm3;T4HCINNMFM,5,2,18,23
CYOOm3;TYRTAm,5,2,18,23
CYOOm3;TYRtl,5,2,18,23
CYOOm3;q10h2tc,5,2,18,23
CYOR_u10m;DECDPtm,21,14,2,11
CYOR_u10m;DHDPBMTm,21,14,2,11
CYOR_u10m;DPHMBDCm,21,14,2,11
CYOR_u10m;DPPS,21,14,2,11
CYOR_u10m;FRDPtc,21,14,2,11
CYOR_u10m;FUMAC,1,0,22,25
CYOR_u10m;G5SADr,0,1,23,24
CYOR_u10m;G6PDH2r,0,1,23,24
CYOR_u10m;GLU5SAtmc,0,1,23,24
CYOR_u10m;GLUDym,0,2,23,23
CYOR_u10m;GND,0,1,23,24
CYOR_u10m;GSADHm,0,1,23,24
CYOR_u10m;H2Otm,5,2,18,23
CYOR_u10m;HBZOPT10m,21,14,2,11
CYOR_u10m;HCO3E,1,0,22,25
CYOR_u10m;HCO3Em,1,4,22,21
CYOR_u10m;HCO3tm,1,1,22,24
CYOR_u10m;HGNTOR,1,0,22,25
CYOR_u10m;ICDHyrm,1,0,22,25
CYOR_u10m;ICITCITtm,1,0,22,25
CYOR_u10m;MACACIr,1,0,22,25
CYOR_u10m;METAT,0,1,23,24
CYOR_u10m;NAtm,0,4,23,21
CYOR_u10m;NH4tm,0,1,23,24
CYOR_u10m;OXALSUCCCLm,1,0,22,25
CYOR_u10m;PGL,0,1,23,24
CYOR_u10m;PIATPLtm,7,5,16,20
CYOR_u10m;PIMALtm,0,3,23,22
CYOR_u10m;PIter,0,1,23,24
CYOR_u10m;PPItm,8,8,15,17
CYOR_u10m;PROGLUtm,0,1,23,24
CYOR_u10m;PROtm,0,1,23,24
CYOR_u10m;Q10H2e,21,14,2,11
CYOR_u10m;RPE,0,1,23,24
CYOR_u10m;SO3AKGtm,0,1,23,24
CYOR_u10m;SO3MALtm,0,1,23,24
CYOR_u10m;SO4AKGtm,0,1,23,24
CYOR_u10m;SO4MALtm,0,1,23,24
CYOR_u10m;T4HCINNMFM,21,14,2,11
CYOR_u10m;TKT1,0,1,23,24
CYOR_u10m;TKT2,0,1,23,24
CYOR_u10m;TYRTA,1,0,22,25
CYOR_u10m;TYRTAm,21,14,2,11
CYOR_u10m;TYRtl,21,14,2,11
CYOR_u10m;q10h2tc,21,14,2,11
CYSALANaEx;CYStec,0,1,23,24
CYSGLTH;O2t,0,1,23,24
CYSO;FUM,0,1,23,24
CYSO;ICDHyrm,0,1,23,24
CYSO;ICITMALtm,0,1,23,24
CYSO;MALACONtm,1,0,22,25
CYSO;MAL_Lte,1,0,22,25
CYSO;OXALSUCCCLm,0,1,23,24
CYSO;THRD_L,0,1,23,24
CYSRED;O2t,0,1,23,24
CYSTGL;LHCYSTIN,1,0,22,25
CYSTGL;LHCYSTINt,1,0,22,25
CYSTGL;O2St,0,1,23,24
CYSTGL;THRD_L,4,8,19,17
CYSTS;LHCYSTIN,1,0,22,25
CYSTS;LHCYSTINt,1,0,22,25
CYSTS;O2St,0,1,23,24
CYSTS;THRD_L,4,8,19,17
CYSt4;CYSTGL,12,13,11,12
CYSt4;CYSTS,12,13,11,12
CYSt4;MCITS,5,1,18,24
CYSt4;METAT,12,13,11,12
CYSt4;OBDHc,8,5,15,20
CYSt4;PCRNtm,3,3,20,22
CYSt4;SERt4,1,0,22,25
CYSt4;THRt4,0,1,23,24
CYTD;NDPK6,1,0,22,25
CYTDK2m;GPAM_hs,0,1,23,24
CYTDtm;GPAM_hs,0,1,23,24
CYTK1m;GPAM_hs,0,1,23,24
D3AIBTm;DHPM1,1,3,22,22
D3AIBTm;DLD,0,1,23,24
D3AIBTm;DURAD,1,3,22,22
D3AIBTm;DURIPP,2,3,21,22
D3AIBTm;G5SADr,0,1,23,24
D3AIBTm;GLU5SAtmc,0,1,23,24
D3AIBTm;GSADHm,0,1,23,24
D3AIBTm;L_LACtcm,0,1,23,24
D3AIBTm;L_LACtm,0,1,23,24
D3AIBTm;MMSAD3m,1,3,22,22
D3AIBTm;NTD1,2,3,21,22
D3AIBTm;THFtm,0,1,23,24
D3AIBTm;THRA,0,1,23,24
D3AIBTm;UPPN,1,3,22,22
DAGKm_hs;CITRt2m,0,1,23,24
DAGKm_hs;CITRtm,0,1,23,24
DAGKm_hs;NDPK3,0,1,23,24
DAG_Hstem;NDPK3,0,1,23,24
DALAOXx;DHFRm,0,1,23,24
DALAOXx;DHFRx,0,1,23,24
DALAOXx;GLUDym,0,2,23,23
DALAOXx;TRDOXtm,1,0,22,25
DALAOXx;TRDR,2,2,21,23
DALAOXx;TRDRDtm,1,0,22,25
DALAOXx;TRDRm,1,0,22,25
DALAxt;DHFRm,0,1,23,24
DALAxt;DHFRx,0,1,23,24
DALAxt;GLUDym,0,2,23,23
DALAxt;TRDOXtm,1,0,22,25
DALAxt;TRDR,2,2,21,23
DALAxt;TRDRDtm,1,0,22,25
DALAxt;TRDRm,1,0,22,25
DECDPtm;AKGtn,3,1,20,24
DECDPtm;CO2tn,3,1,20,24
DECDPtm;DOPAMT,0,1,23,24
DECDPtm;FALDH,2,1,21,24
DECDPtm;FALDtn,3,1,20,24
DECDPtm;FALDtx,7,5,16,20
DECDPtm;GLUDxm,1,0,22,25
DECDPtm;GNMT,7,5,16,20
DECDPtm;H3K36MET_1,0,1,23,24
DECDPtm;H3K36MET_2,0,1,23,24
DECDPtm;H3K36MET_3,0,1,23,24
DECDPtm;H3K36_synthesis,0,1,23,24
DECDPtm;HCO3Em,1,1,22,24
DECDPtm;HMGDH,0,1,23,24
DECDPtm;HMGS,0,1,23,24
DECDPtm;HOMOVALte,0,2,23,23
DECDPtm;LYStn,0,1,23,24
DECDPtm;MEOHt2,0,1,23,24
DECDPtm;O2St,0,1,23,24
DECDPtm;O2Stm,5,2,18,23
DECDPtm;O2Stx,0,1,23,24
DECDPtm;O2tp,6,3,17,22
DECDPtm;OCBTm,5,1,18,24
DECDPtm;ORNt4m,4,1,19,24
DECDPtm;PE_HStm,0,1,23,24
DECDPtm;PSDm_hs,0,1,23,24
DECDPtm;PSFLIPm,0,1,23,24
DECDPtm;PYRAKGte,0,1,23,24
DECDPtm;SARCOXp,7,5,16,20
DECDPtm;SARCStp,7,5,16,20
DECDPtm;SFGTH,2,2,21,23
DECDPtm;SPODMx,0,1,23,24
DECDPtm;TYRDOPO,0,2,23,23
DECDPtm;peplys_synthesis,0,1,23,24
DESAT16_1;ARTFR206,0,1,23,24
DESAT16_1;ARTFR52,1,1,22,24
DESAT16_1;ARTPLM3,0,1,23,24
DESAT16_1;DESAT18_1,0,1,23,24
DESAT16_1;DHFRm,0,1,23,24
DESAT16_1;DHFRx,0,1,23,24
DESAT16_1;FAE180,18,13,5,12
DESAT16_1;FAE200,1,1,22,24
DESAT16_1;FAE201,0,1,23,24
DESAT16_1;FAE220,1,1,22,24
DESAT16_1;FAE221,0,1,23,24
DESAT16_1;FAE240,1,1,22,24
DESAT16_1;FAE241,0,1,23,24
DESAT16_1;FAE260,1,1,22,24
DESAT16_1;HACD180,18,13,5,12
DESAT16_1;HACD200,1,1,22,24
DESAT16_1;HACD201,0,1,23,24
DESAT16_1;HACD220,1,1,22,24
DESAT16_1;HACD221,0,1,23,24
DESAT16_1;HACD240,1,1,22,24
DESAT16_1;HACD241,0,1,23,24
DESAT16_1;HACD260,1,1,22,24
DESAT16_1;HEXCCOAtr,1,1,22,24
DESAT16_1;HSD180,18,13,5,12
DESAT16_1;HSD200,1,1,22,24
DESAT16_1;HSD201,0,1,23,24
DESAT16_1;HSD220,1,1,22,24
DESAT16_1;HSD221,0,1,23,24
DESAT16_1;HSD240,1,1,22,24
DESAT16_1;HSD241,0,1,23,24
DESAT16_1;HSD260,1,1,22,24
DESAT16_1;ICDHyrm,0,1,23,24
DESAT16_1;ICITMALtm,0,1,23,24
DESAT16_1;L_LACtcm,0,1,23,24
DESAT16_1;L_LACtm,0,1,23,24
DESAT16_1;NADPHtru,0,1,23,24
DESAT16_1;NADPtru,0,1,23,24
DESAT16_1;NMNS,0,1,23,24
DESAT16_1;NRVNCCOAtr,0,1,23,24
DESAT16_1;NRVNCCOAtxc,0,1,23,24
DESAT16_1;O2tp,0,1,23,24
DESAT16_1;OAADC,0,1,23,24
DESAT16_1;OXALSUCCCLm,0,1,23,24
DESAT16_1;PIter,0,1,23,24
DESAT16_1;PPA,1,1,22,24
DESAT16_1;PRO1x,0,1,23,24
DESAT16_1;RTOT5,2,2,21,23
DESAT16_1;RTOT_3,0,1,23,24
DESAT16_1;TECR180,18,13,5,12
DESAT16_1;TECR200,1,1,22,24
DESAT16_1;TECR201,0,1,23,24
DESAT16_1;TECR220,1,1,22,24
DESAT16_1;TECR221,0,1,23,24
DESAT16_1;TECR240,1,1,22,24
DESAT16_1;TECR241,0,1,23,24
DESAT16_1;TECR260,1,1,22,24
DESAT18_1;ARTFR33,0,1,23,24
DESAT18_1;ARTFR43,1,0,22,25
DESAT18_1;ARTFR52,2,2,21,23
DESAT18_1;ARTPLM1,1,1,22,24
DESAT18_1;DHFR,0,1,23,24
DESAT18_1;DHFRx,0,1,23,24
DESAT18_1;DHFtm,0,1,23,24
DESAT18_1;ETHPL,0,1,23,24
DESAT18_1;FAE181,1,1,22,24
DESAT18_1;FAE200,2,2,21,23
DESAT18_1;FAE220,2,2,21,23
DESAT18_1;FAE240,2,2,21,23
DESAT18_1;FAE260,2,2,21,23
DESAT18_1;FUMAC,1,0,22,25
DESAT18_1;GLUDxm,0,1,23,24
DESAT18_1;GLYATm,0,2,23,23
DESAT18_1;HACD181,1,1,22,24
DESAT18_1;HACD200,2,2,21,23
DESAT18_1;HACD220,2,2,21,23
DESAT18_1;HACD240,2,2,21,23
DESAT18_1;HACD260,2,2,21,23
DESAT18_1;HEXCCOAtr,2,2,21,23
DESAT18_1;HGNTOR,1,0,22,25
DESAT18_1;HSD181,1,1,22,24
DESAT18_1;HSD200,2,2,21,23
DESAT18_1;HSD220,2,2,21,23
DESAT18_1;HSD240,2,2,21,23
DESAT18_1;HSD260,2,2,21,23
DESAT18_1;ICDHyrm,1,0,22,25
DESAT18_1;MACACIr,1,0,22,25
DESAT18_1;MMSAD3m,0,1,23,24
DESAT18_1;NH4tm,0,1,23,24
DESAT18_1;OCTD11ECOAtr,1,1,22,24
DESAT18_1;OXALSUCCCLm,1,0,22,25
DESAT18_1;PPCOAtm,0,1,23,24
DESAT18_1;RTOT3,0,1,23,24
DESAT18_1;RTOT4,1,0,22,25
DESAT18_1;RTOT5,2,2,21,23
DESAT18_1;TECR181,1,1,22,24
DESAT18_1;TECR200,2,2,21,23
DESAT18_1;TECR220,2,2,21,23
DESAT18_1;TECR240,2,2,21,23
DESAT18_1;TECR260,2,2,21,23
DESAT18_1;THFtm,0,1,23,24
DESAT18_1;THR3Dx,0,2,23,23
DESAT18_1;TRDOXtm,2,4,21,21
DESAT18_1;TRDR,9,4,14,21
DESAT18_1;TRDRDtm,2,4,21,21
DESAT18_1;TRDRm,2,4,21,21
DESAT18_1;TYRTA,1,0,22,25
DESAT24_51;ICDHyrm,1,0,22,25
DESAT24_51;OXALSUCCCLm,1,0,22,25
DGCHOLt2e;GLUDym,0,1,23,24
DGCHOLte;GLUDym,0,1,23,24
DGULND;ENO,1,1,22,24
DGULND;G6PDH2rer,0,1,23,24
DGULND;GNDer,0,1,23,24
DGULND;GTPGDPtm,0,1,23,24
DGULND;HCO3Em,1,0,22,25
DGULND;L_LACtcm,0,1,23,24
DGULND;L_LACtm,0,1,23,24
DGULND;NDPK1,0,1,23,24
DGULND;PGLer,0,1,23,24
DGULND;PROGLUtm,0,1,23,24
DGULND;PROtm,0,1,23,24
DGULND;SUCOAS1m,0,1,23,24
DHAPA;GLUDxm,1,0,22,25
DHAPA;GLUDym,1,0,22,25
DHDPBMTm;AKGtn,3,1,20,24
DHDPBMTm;CO2tn,3,1,20,24
DHDPBMTm;DOPAMT,0,1,23,24
DHDPBMTm;FALDH,2,1,21,24
DHDPBMTm;FALDtn,3,1,20,24
DHDPBMTm;FALDtx,7,5,16,20
DHDPBMTm;GLUDxm,1,0,22,25
DHDPBMTm;GNMT,7,5,16,20
DHDPBMTm;H3K36MET_1,0,1,23,24
DHDPBMTm;H3K36MET_2,0,1,23,24
DHDPBMTm;H3K36MET_3,0,1,23,24
DHDPBMTm;H3K36_synthesis,0,1,23,24
DHDPBMTm;HCO3Em,1,1,22,24
DHDPBMTm;HMGDH,0,1,23,24
DHDPBMTm;HMGS,0,1,23,24
DHDPBMTm;HOMOVALte,0,2,23,23
DHDPBMTm;LYStn,0,1,23,24
DHDPBMTm;MEOHt2,0,1,23,24
DHDPBMTm;O2St,0,1,23,24
DHDPBMTm;O2Stm,5,2,18,23
DHDPBMTm;O2Stx,0,1,23,24
DHDPBMTm;O2tp,6,3,17,22
DHDPBMTm;OCBTm,5,1,18,24
DHDPBMTm;ORNt4m,4,1,19,24
DHDPBMTm;PE_HStm,0,1,23,24
DHDPBMTm;PSDm_hs,0,1,23,24
DHDPBMTm;PSFLIPm,0,1,23,24
DHDPBMTm;PYRAKGte,0,1,23,24
DHDPBMTm;SARCOXp,7,5,16,20
DHDPBMTm;SARCStp,7,5,16,20
DHDPBMTm;SFGTH,2,2,21,23
DHDPBMTm;SPODMx,0,1,23,24
DHDPBMTm;TYRDOPO,0,2,23,23
DHDPBMTm;peplys_synthesis,0,1,23,24
DHFR3m;GLYATm,1,2,22,23
DHFR3m;GLYtm,0,1,23,24
DHFR3m;PPA,0,1,23,24
DHFR3m;THR3Dx,1,2,22,23
DHFR3x;GLYATm,1,2,22,23
DHFR3x;GLYtm,0,1,23,24
DHFR3x;PPA,0,1,23,24
DHFR3x;THR3Dx,1,2,22,23
DHFR;ARTFR42,0,1,23,24
DHFR;DHFR3m,8,5,15,20
DHFR;DHFR3x,8,5,15,20
DHFR;DHFRm,13,12,10,13
DHFR;DHFRx,4,1,19,24
DHFR;DHFtm,9,9,14,16
DHFR;FCYTOB5OXRyr,0,1,23,24
DHFR;FOLtm,8,5,15,20
DHFR;GDPFUCtg,0,1,23,24
DHFR;GDPtg,0,1,23,24
DHFR;GFUCS,0,1,23,24
DHFR;GLUDym,1,0,22,25
DHFR;GMAND,0,1,23,24
DHFR;GMPtg,0,1,23,24
DHFR;H2Oter,0,1,23,24
DHFR;MAN1PT2,0,1,23,24
DHFR;MAN6PI,0,1,23,24
DHFR;OCDE9ECOAtr,0,1,23,24
DHFR;P5CRxm,0,1,23,24
DHFR;PGI,0,1,23,24
DHFR;PMANM,0,1,23,24
DHFR;PPA,0,1,23,24
DHFR;PROD2m,0,1,23,24
DHFR;RTOT4,0,1,23,24
DHFR;THFtm,17,13,6,12
DHFR;THRA,0,1,23,24
DHFR;UGCGc,0,1,23,24
DHFRm;ARTFR12,0,1,23,24
DHFRm;FUM,0,1,23,24
DHFRm;GCHOLAtx,0,1,23,24
DHFRm;GLUDym,1,0,22,25
DHFRm;GLXO2p,0,1,23,24
DHFRm;GLXtm,0,1,23,24
DHFRm;GLXtp,0,1,23,24
DHFRm;GLYATm,1,3,22,22
DHFRm;GLYCLTtp,0,1,23,24
DHFRm;GLYCTO1p,0,1,23,24
DHFRm;GLYtm,0,2,23,23
DHFRm;GTPGDPtm,0,1,23,24
DHFRm;HSD3B7P,0,1,23,24
DHFRm;LAC_Ltx,0,1,23,24
DHFRm;LDH_L,0,1,23,24
DHFRm;LDH_Lp,0,1,23,24
DHFRm;ME2,0,1,23,24
DHFRm;NADHtru,0,1,23,24
DHFRm;NADtru,0,1,23,24
DHFRm;NDPK1,0,1,23,24
DHFRm;NH4tp,0,1,23,24
DHFRm;O2t,0,1,23,24
DHFRm;O2tp,0,1,23,24
DHFRm;OXAtp,0,1,23,24
DHFRm;P45027A11m,0,1,23,24
DHFRm;P45027A12m,0,1,23,24
DHFRm;P45027A13m,0,1,23,24
DHFRm;P4507A1r,0,1,23,24
DHFRm;P4508B11r,0,1,23,24
DHFRm;PLMCOAPTr,0,1,23,24
DHFRm;PPA,0,1,23,24
DHFRm;SADT,0,1,23,24
DHFRm;SCPx,0,1,23,24
DHFRm;SO4OXAtex2,0,1,23,24
DHFRm;SUCOAS1m,0,1,23,24
DHFRm;THCHOLSTOICtm,0,1,23,24
DHFRm;THR3Dx,1,3,22,22
DHFRm;VLCSp,0,1,23,24
DHFRm;XOLDIOLONEt,0,1,23,24
DHFRm;XOLTRIOLtm,0,1,23,24
DHFRx;ARTFR12,0,1,23,24
DHFRx;ARTFR42,0,1,23,24
DHFRx;FCYTOB5OXRyr,0,1,23,24
DHFRx;FUM,0,1,23,24
DHFRx;GCHOLAtx,0,1,23,24
DHFRx;GDPFUCtg,0,1,23,24
DHFRx;GDPtg,0,1,23,24
DHFRx;GFUCS,0,1,23,24
DHFRx;GLXO2p,0,1,23,24
DHFRx;GLXtm,0,1,23,24
DHFRx;GLXtp,0,1,23,24
DHFRx;GLYATm,1,1,22,24
DHFRx;GLYCLTtp,0,1,23,24
DHFRx;GLYCTO1p,0,1,23,24
DHFRx;GLYtm,0,1,23,24
DHFRx;GMAND,0,1,23,24
DHFRx;GMPtg,0,1,23,24
DHFRx;GTPGDPtm,0,1,23,24
DHFRx;H2Oter,0,1,23,24
DHFRx;HSD3B7P,0,1,23,24
DHFRx;LAC_Ltx,0,1,23,24
DHFRx;LDH_L,0,1,23,24
DHFRx;LDH_Lp,0,1,23,24
DHFRx;MAN1PT2,0,1,23,24
DHFRx;MAN6PI,0,1,23,24
DHFRx;ME2,0,1,23,24
DHFRx;NADHtru,0,1,23,24
DHFRx;NADtru,0,1,23,24
DHFRx;NDPK1,0,1,23,24
DHFRx;NH4tp,0,1,23,24
DHFRx;O2t,0,1,23,24
DHFRx;O2tp,0,1,23,24
DHFRx;OCDE9ECOAtr,0,1,23,24
DHFRx;OXAtp,0,1,23,24
DHFRx;P45027A11m,0,1,23,24
DHFRx;P45027A12m,0,1,23,24
DHFRx;P45027A13m,0,1,23,24
DHFRx;P4507A1r,0,1,23,24
DHFRx;P4508B11r,0,1,23,24
DHFRx;P5CRxm,0,1,23,24
DHFRx;PGI,0,1,23,24
DHFRx;PLMCOAPTr,0,1,23,24
DHFRx;PMANM,0,1,23,24
DHFRx;PROD2m,0,1,23,24
DHFRx;RTOT4,0,1,23,24
DHFRx;SADT,0,1,23,24
DHFRx;SCPx,0,1,23,24
DHFRx;SO4OXAtex2,0,1,23,24
DHFRx;SUCOAS1m,0,1,23,24
DHFRx;THCHOLSTOICtm,0,1,23,24
DHFRx;THR3Dx,1,1,22,24
DHFRx;THRA,0,1,23,24
DHFRx;UGCGc,0,1,23,24
DHFRx;VLCSp,0,1,23,24
DHFRx;XOLDIOLONEt,0,1,23,24
DHFRx;XOLTRIOLtm,0,1,23,24
DHFtm;ARTFR42,0,1,23,24
DHFtm;FCYTOB5OXRyr,0,1,23,24
DHFtm;GDPFUCtg,0,1,23,24
DHFtm;GDPtg,0,1,23,24
DHFtm;GFUCS,0,1,23,24
DHFtm;GLUDym,1,0,22,25
DHFtm;GLYATm,1,0,22,25
DHFtm;GMAND,0,1,23,24
DHFtm;GMPtg,0,1,23,24
DHFtm;H2Oter,0,1,23,24
DHFtm;MAN1PT2,0,1,23,24
DHFtm;MAN6PI,0,1,23,24
DHFtm;OCDE9ECOAtr,0,1,23,24
DHFtm;P5CRxm,0,1,23,24
DHFtm;PGI,0,1,23,24
DHFtm;PMANM,0,1,23,24
DHFtm;PROD2m,0,1,23,24
DHFtm;RTOT4,0,1,23,24
DHFtm;THR3Dx,1,0,22,25
DHFtm;THRA,0,1,23,24
DHFtm;UGCGc,0,1,23,24
DHPM1;DHPM2,1,3,22,22
DHPM1;DNPH4,0,1,23,24
DHPM1;DURAD2x,1,1,22,24
DHPM1;DURAD2xm,0,2,23,23
DHPM1;DURIK1,1,3,22,22
DHPM1;DURIPP,1,3,22,22
DHPM1;FCLTm,1,3,22,22
DHPM1;FE2tm,1,3,22,22
DHPM1;FUMAC,1,0,22,25
DHPM1;GALK,0,1,23,24
DHPM1;GALM2,0,1,23,24
DHPM1;GALU,0,2,23,23
DHPM1;GLXtm,0,2,23,23
DHPM1;GLXtp,0,2,23,23
DHPM1;GLYOp,0,1,23,24
DHPM1;H2O2tp,0,1,23,24
DHPM1;H2Otp,0,1,23,24
DHPM1;HGNTOR,1,0,22,25
DHPM1;HMBS,1,3,22,22
DHPM1;HOXG,1,3,22,22
DHPM1;MACACIr,1,0,22,25
DHPM1;MMMm,1,3,22,22
DHPM1;MMTSADm,1,3,22,22
DHPM1;NDP7er,0,3,23,22
DHPM1;NDP8,0,2,23,23
DHPM1;NH4tp,0,1,23,24
DHPM1;NTD5,1,2,22,23
DHPM1;O2tp,0,2,23,23
DHPM1;PGMT,0,1,23,24
DHPM1;PHEMEtm,1,2,22,23
DHPM1;PIATPLtm,1,0,22,25
DHPM1;PIt2r,0,2,23,23
DHPM1;PPBNGS,1,3,22,22
DHPM1;PPItm,2,0,21,25
DHPM1;PPM2,0,1,23,24
DHPM1;PPPG9tm,1,3,22,22
DHPM1;PPPGOm,1,3,22,22
DHPM1;RND213,0,2,23,23
DHPM1;THYMtm,0,2,23,23
DHPM1;TMDPP,1,2,22,23
DHPM1;TYRTA,1,0,22,25
DHPM1;UDPG4E,0,1,23,24
DHPM1;UDPGD,0,3,23,22
DHPM1;UDPGLCAter,0,3,23,22
DHPM1;UGLT,0,1,23,24
DHPM1;UGT1A2r,0,2,23,23
DHPM1;UPP3S,1,3,22,22
DHPM1;UPPDC1,1,3,22,22
DHPM1;URPT,3,0,20,25
DHPM2;DLD,0,1,23,24
DHPM2;DURAD,1,3,22,22
DHPM2;DURIPP,2,3,21,22
DHPM2;G5SADr,0,1,23,24
DHPM2;GLU5SAtmc,0,1,23,24
DHPM2;GSADHm,0,1,23,24
DHPM2;MMSAD3m,1,3,22,22
DHPM2;NTD1,2,3,21,22
DHPM2;PIter,0,1,23,24
DHPM2;THFtm,0,1,23,24
DHPM2;THRA,0,1,23,24
DHPM2;UPPN,1,3,22,22
DHPR;TYRt,0,1,23,24
DHPR;TYRt4,16,12,7,13
DHPRy;GLUDxm,1,0,22,25
DHPRy;GLUDym,1,0,22,25
DHPRy;TYRt4,6,3,17,22
DHRT_2mbcoa;FA140ACPH,0,1,23,24
DHRT_2mbcoa;FACOAL100im,0,1,23,24
DHRT_2mbcoa;FACOAL140i,0,1,23,24
DHRT_2mbcoa;ICDHyrm,0,1,23,24
DHRT_2mbcoa;ICITMALtm,0,1,23,24
DHRT_2mbcoa;OXALSUCCCLm,0,1,23,24
DHRT_2mbcoa;PPItm,0,1,23,24
DHRT_2mbcoa;TTDCPT1,0,1,23,24
DHRT_2mbcoa;TTDCPT2,0,1,23,24
DHRT_2mbcoa;TTDCRNt,0,1,23,24
DLD;DURAD2x,0,1,23,24
DLD;DURIK1,0,1,23,24
DLD;DURIPP,0,1,23,24
DLD;FUM,0,1,23,24
DLD;GLNS,0,1,23,24
DLD;GLNtN1,0,1,23,24
DLD;GLYtm,0,2,23,23
DLD;GTPGDPtm,0,1,23,24
DLD;H2Otm,0,1,23,24
DLD;ICDHyrm,0,1,23,24
DLD;L_LACtcm,0,2,23,23
DLD;L_LACtm,0,2,23,23
DLD;ME2,0,1,23,24
DLD;MMMm,0,1,23,24
DLD;MMTSADm,0,1,23,24
DLD;NDPK1,0,1,23,24
DLD;NH4tm,0,1,23,24
DLD;NTD2,0,1,23,24
DLD;NTD5,0,1,23,24
DLD;O2t,0,1,23,24
DLD;OXALSUCCCLm,0,1,23,24
DLD;PIGTHRDLtm,0,1,23,24
DLD;PYNP2r,0,1,23,24
DLD;SUCCICITtm,0,1,23,24
DLD;SUCOAS1m,0,1,23,24
DLD;TMDPP,0,1,23,24
DMGDHm;ECOAH1m,0,1,23,24
DMGDHm;ETHPL,0,2,23,23
DMGDHm;HACD1m,0,1,23,24
DMGDHm;ICDHyrm,1,0,22,25
DMGDHm;OXALSUCCCLm,1,0,22,25
DMGtm;ECOAH1m,0,1,23,24
DMGtm;ETHPL,0,2,23,23
DMGtm;HACD1m,0,1,23,24
DMGtm;ICDHyrm,1,0,22,25
DMGtm;OXALSUCCCLm,1,0,22,25
DNAMTSEn;ENO,0,1,23,24
DNAMTSEn;GALASE17ly,1,0,22,25
DNAMTSEn;GALASE18ly,1,0,22,25
DNAMTSEn;GALASE19ly,1,0,22,25
DNAMTSEn;GALK,1,0,22,25
DNAMTSEn;GALNTg,1,0,22,25
DNAMTSEn;GALU,1,0,22,25
DNAMTSEn;GALtly,1,0,22,25
DNAMTSEn;GAPD,0,1,23,24
DNAMTSEn;GLACter,1,0,22,25
DNAMTSEn;GLCURter,1,0,22,25
DNAMTSEn;GLCURtly,1,0,22,25
DNAMTSEn;GLRASE,1,0,22,25
DNAMTSEn;GULLACter,1,0,22,25
DNAMTSEn;H2Otg,1,0,22,25
DNAMTSEn;H2Otly,1,0,22,25
DNAMTSEn;HAS1,1,0,22,25
DNAMTSEn;HAS2,1,0,22,25
DNAMTSEn;HAtly,1,0,22,25
DNAMTSEn;HCO3E,1,0,22,25
DNAMTSEn;HYAL,1,0,22,25
DNAMTSEn;Htg,1,0,22,25
DNAMTSEn;METAT,1,2,22,23
DNAMTSEn;NACHEX24ly,1,0,22,25
DNAMTSEn;NACHEX25ly,1,0,22,25
DNAMTSEn;NAGA2ly,1,0,22,25
DNAMTSEn;NAGLCAly,1,0,22,25
DNAMTSEn;NDP7g,1,0,22,25
DNAMTSEn;NDPK3,21,23,2,2
DNAMTSEn;NTD2,0,2,23,23
DNAMTSEn;NTD4,1,0,22,25
DNAMTSEn;O2t,5,15,18,10
DNAMTSEn;PAPStg,1,0,22,25
DNAMTSEn;PAPtg,1,0,22,25
DNAMTSEn;PGK,0,1,23,24
DNAMTSEn;PGM,0,1,23,24
DNAMTSEn;PGMT,1,0,22,25
DNAMTSEn;PItg,1,0,22,25
DNAMTSEn;S6TASE24ly,1,0,22,25
DNAMTSEn;SADT,1,0,22,25
DNAMTSEn;SO4tl,1,0,22,25
DNAMTSEn;Ser/Thrtg,1,0,22,25
DNAMTSEn;UAGDP,1,0,22,25
DNAMTSEn;UDPACGALtl,1,0,22,25
DNAMTSEn;UDPGALtg,1,0,22,25
DNAMTSEn;UDPGD,1,0,22,25
DNAMTSEn;UDPtl,1,0,22,25
DNAMTSEn;UGALNACtg,1,0,22,25
DNAMTSEn;UGLCNACtg,1,0,22,25
DNAMTSEn;UGLT,1,0,22,25
DNAMTSEn;URIK4,0,2,23,23
DNAMTSEn;UROLACer,1,0,22,25
DNDPt42m;NDP8,0,1,23,24
DNPH4;DURAD,0,1,23,24
DNPH4;DURIPP,2,3,21,22
DNPH4;G5SADr,0,1,23,24
DNPH4;G6PDH2r,0,1,23,24
DNPH4;GLU5SAtmc,0,1,23,24
DNPH4;GND,0,1,23,24
DNPH4;GSADHm,0,1,23,24
DNPH4;MMSAD3m,0,1,23,24
DNPH4;NTD1,2,3,21,22
DNPH4;PGL,0,1,23,24
DNPH4;PIter,0,1,23,24
DNPH4;RPE,0,1,23,24
DNPH4;THFtm,0,1,23,24
DNPH4;THRA,0,1,23,24
DNPH4;TKT1,0,1,23,24
DNPH4;TKT2,0,1,23,24
DNPH4;UPPN,0,1,23,24
DOLASNTer;G6Pt6er,2,1,21,24
DOLDPPer;G6Pt6er,2,1,21,24
DOLGLCP_ter;G6Pt6er,2,1,21,24
DOLMANP_ter;G6Pt6er,2,1,21,24
DOLMANP_ter;R5Ptr,1,0,22,25
DOLMANP_ter;RPIr,1,0,22,25
DOLMANP_ter;RU5Ptr,1,0,22,25
DOLPGT1er;G6Pt6er,2,1,21,24
DOLPGT2er;G6Pt6er,2,1,21,24
DOLPGT3er;G6Pt6er,2,1,21,24
DOLPMT1er;G6Pt6er,2,1,21,24
DOLPMT2_er;G6Pt6er,2,1,21,24
DOLPMT3er;G6Pt6er,2,1,21,24
DOLPMT4_er;G6Pt6er,2,1,21,24
DOLPMT;G6Pt6er,2,1,21,24
DOLPMT;R5Ptr,1,0,22,25
DOLPMT;RPIr,1,0,22,25
DOLPMT;RU5Ptr,1,0,22,25
DOLPOMTr;R5Ptr,1,0,22,25
DOLPOMTr;RPIr,1,0,22,25
DOLPOMTr;RU5Ptr,1,0,22,25
DOLP_ter;G6Pt6er,2,1,21,24
DOLP_ter;R5Ptr,1,0,22,25
DOLP_ter;RPIr,1,0,22,25
DOLP_ter;RU5Ptr,1,0,22,25
DOPAMT;DPHMBDCm,0,1,23,24
DOPAMT;DPPS,0,1,23,24
DOPAMT;FRDPtc,0,1,23,24
DOPAMT;HBZOPT10m,0,1,23,24
DOPAMT;HCO3Em,0,1,23,24
DOPAMT;PIMALtm,0,1,23,24
DOPAMT;PPItm,0,1,23,24
DOPAMT;PROGLUtm,0,1,23,24
DOPAMT;PROtm,0,1,23,24
DOPAMT;Q10H2e,0,1,23,24
DOPAMT;SO3AKGtm,0,1,23,24
DOPAMT;SO3MALtm,0,1,23,24
DOPAMT;T4HCINNMFM,0,1,23,24
DOPAMT;THRD_L,0,1,23,24
DOPAMT;TYRTAm,0,1,23,24
DOPAMT;TYRtl,0,1,23,24
DOPAMT;q10h2tc,0,1,23,24
DOPAOQCYS;THRD_L,0,2,23,23
DPCOAK;MALCOAMT,0,1,23,24
DPCOAK;MALCOAMTr,0,1,23,24
DPCOAK;PMTCOAFABP1tc,0,1,23,24
DPGM;GLYCK2,0,1,23,24
DPGM;PEPCK,8,0,15,25
DPHMBDCm;AKGtn,3,1,20,24
DPHMBDCm;CO2tn,3,1,20,24
DPHMBDCm;FALDH,2,1,21,24
DPHMBDCm;FALDtn,3,1,20,24
DPHMBDCm;FALDtx,7,5,16,20
DPHMBDCm;GLUDxm,1,0,22,25
DPHMBDCm;GNMT,7,5,16,20
DPHMBDCm;H3K36MET_1,0,1,23,24
DPHMBDCm;H3K36MET_2,0,1,23,24
DPHMBDCm;H3K36MET_3,0,1,23,24
DPHMBDCm;H3K36_synthesis,0,1,23,24
DPHMBDCm;HCO3Em,1,1,22,24
DPHMBDCm;HMGDH,0,1,23,24
DPHMBDCm;HMGS,0,1,23,24
DPHMBDCm;HOMOVALte,0,2,23,23
DPHMBDCm;LYStn,0,1,23,24
DPHMBDCm;MEOHt2,0,1,23,24
DPHMBDCm;O2St,0,1,23,24
DPHMBDCm;O2Stm,5,2,18,23
DPHMBDCm;O2Stx,0,1,23,24
DPHMBDCm;O2tp,6,3,17,22
DPHMBDCm;OCBTm,5,1,18,24
DPHMBDCm;ORNt4m,4,1,19,24
DPHMBDCm;PE_HStm,0,1,23,24
DPHMBDCm;PSDm_hs,0,1,23,24
DPHMBDCm;PSFLIPm,0,1,23,24
DPHMBDCm;PYRAKGte,0,1,23,24
DPHMBDCm;SARCOXp,7,5,16,20
DPHMBDCm;SARCStp,7,5,16,20
DPHMBDCm;SFGTH,2,2,21,23
DPHMBDCm;SPODMx,0,1,23,24
DPHMBDCm;TYRDOPO,0,2,23,23
DPHMBDCm;peplys_synthesis,0,1,23,24
DPPS;AKGtn,3,1,20,24
DPPS;CO2tn,3,1,20,24
DPPS;FALDH,2,1,21,24
DPPS;FALDtn,3,1,20,24
DPPS;FALDtx,7,5,16,20
DPPS;GLUDxm,1,0,22,25
DPPS;GNMT,7,5,16,20
DPPS;H3K36MET_1,0,1,23,24
DPPS;H3K36MET_2,0,1,23,24
DPPS;H3K36MET_3,0,1,23,24
DPPS;H3K36_synthesis,0,1,23,24
DPPS;HCO3Em,1,1,22,24
DPPS;HMGDH,0,1,23,24
DPPS;HMGS,0,1,23,24
DPPS;HOMOVALte,0,2,23,23
DPPS;LYStn,0,1,23,24
DPPS;MEOHt2,0,1,23,24
DPPS;O2St,0,1,23,24
DPPS;O2Stm,5,2,18,23
DPPS;O2Stx,0,1,23,24
DPPS;O2tp,6,3,17,22
DPPS;OCBTm,5,1,18,24
DPPS;ORNt4m,4,1,19,24
DPPS;PE_HStm,0,1,23,24
DPPS;PSDm_hs,0,1,23,24
DPPS;PSFLIPm,0,1,23,24
DPPS;PYRAKGte,0,1,23,24
DPPS;SARCOXp,7,5,16,20
DPPS;SARCStp,7,5,16,20
DPPS;SFGTH,2,2,21,23
DPPS;SPODMx,0,1,23,24
DPPS;TYRDOPO,0,2,23,23
DPPS;peplys_synthesis,0,1,23,24
DRPA;G6PDH2r,0,1,23,24
DRPA;GND,0,1,23,24
DRPA;PGL,0,1,23,24
DRPA;PIter,0,1,23,24
DRPA;RPE,0,1,23,24
DRPA;THFtm,0,1,23,24
DRPA;THRA,0,1,23,24
DRPA;TKT1,0,1,23,24
DRPA;TKT2,0,1,23,24
DUMPtm;NDP8,0,1,23,24
DURAD2x;DURIPP,1,0,22,25
DURAD2x;G5SADr,0,1,23,24
DURAD2x;GLU5SAtmc,0,1,23,24
DURAD2x;GSADHm,0,1,23,24
DURAD2x;MMSAD3m,1,1,22,24
DURAD2x;NTD1,1,0,22,25
DURAD2x;THFtm,0,1,23,24
DURAD2x;UPPN,1,1,22,24
DURAD2xm;DURIPP,1,3,22,22
DURAD2xm;MMSAD3m,0,2,23,23
DURAD2xm;NTD1,1,3,22,22
DURAD2xm;PIter,0,1,23,24
DURAD2xm;THRA,0,1,23,24
DURAD2xm;UPPN,0,2,23,23
DURAD;DURAD2x,1,1,22,24
DURAD;DURAD2xm,0,2,23,23
DURAD;DURIK1,1,3,22,22
DURAD;DURIPP,1,3,22,22
DURAD;FCLTm,1,3,22,22
DURAD;FE2tm,1,3,22,22
DURAD;FUMAC,1,0,22,25
DURAD;GALK,0,1,23,24
DURAD;GALM2,0,1,23,24
DURAD;GALU,0,2,23,23
DURAD;GLXtm,0,2,23,23
DURAD;GLXtp,0,2,23,23
DURAD;GLYOp,0,1,23,24
DURAD;H2O2tp,0,1,23,24
DURAD;H2Otp,0,1,23,24
DURAD;HGNTOR,1,0,22,25
DURAD;HMBS,1,3,22,22
DURAD;HOXG,1,3,22,22
DURAD;MACACIr,1,0,22,25
DURAD;MMMm,1,3,22,22
DURAD;MMTSADm,1,3,22,22
DURAD;NDP7er,0,3,23,22
DURAD;NDP8,0,2,23,23
DURAD;NH4tp,0,1,23,24
DURAD;NTD5,1,2,22,23
DURAD;O2tp,0,2,23,23
DURAD;PGMT,0,1,23,24
DURAD;PHEMEtm,1,2,22,23
DURAD;PIATPLtm,1,0,22,25
DURAD;PIt2r,0,2,23,23
DURAD;PPBNGS,1,3,22,22
DURAD;PPItm,2,0,21,25
DURAD;PPM2,0,1,23,24
DURAD;PPPG9tm,1,3,22,22
DURAD;PPPGOm,1,3,22,22
DURAD;RND213,0,2,23,23
DURAD;THYMtm,0,2,23,23
DURAD;TMDPP,1,2,22,23
DURAD;TYRTA,1,0,22,25
DURAD;UDPG4E,0,1,23,24
DURAD;UDPGD,0,3,23,22
DURAD;UDPGLCAter,0,3,23,22
DURAD;UGLT,0,1,23,24
DURAD;UGT1A2r,0,2,23,23
DURAD;UPP3S,1,3,22,22
DURAD;UPPDC1,1,3,22,22
DURAD;URPT,3,0,20,25
DURIK1;G5SADr,0,1,23,24
DURIK1;GLU5SAtmc,0,1,23,24
DURIK1;GSADHm,0,1,23,24
DURIK1;MMSAD3m,1,3,22,22
DURIK1;UPPN,1,3,22,22
DURIPP;FCLTm,2,3,21,22
DURIPP;FE2tm,2,3,21,22
DURIPP;G5SADr,0,1,23,24
DURIPP;GALK,0,1,23,24
DURIPP;GALM2,0,1,23,24
DURIPP;GALU,1,3,22,22
DURIPP;GLU5SAtmc,0,1,23,24
DURIPP;GLXtm,1,2,22,23
DURIPP;GLXtp,1,2,22,23
DURIPP;GSADHm,0,1,23,24
DURIPP;HCO3Em,0,1,23,24
DURIPP;HMBS,2,3,21,22
DURIPP;HOXG,2,3,21,22
DURIPP;MMMm,2,3,21,22
DURIPP;MMSAD3m,1,3,22,22
DURIPP;MMTSADm,2,3,21,22
DURIPP;NDP7er,1,3,22,22
DURIPP;O2tp,0,1,23,24
DURIPP;PGMT,1,2,22,23
DURIPP;PHEMEtm,2,3,21,22
DURIPP;PIt2r,0,1,23,24
DURIPP;PPBNGS,2,3,21,22
DURIPP;PPM2,2,3,21,22
DURIPP;PPPG9tm,2,3,21,22
DURIPP;PPPGOm,2,3,21,22
DURIPP;RND213,0,1,23,24
DURIPP;THYMtm,1,3,22,22
DURIPP;UDPG4E,0,1,23,24
DURIPP;UDPGD,1,3,22,22
DURIPP;UDPGLCAter,1,3,22,22
DURIPP;UGLT,0,1,23,24
DURIPP;UGT1A2r,1,2,22,23
DURIPP;UPP3S,2,3,21,22
DURIPP;UPPDC1,2,3,21,22
DURIPP;UPPN,1,3,22,22
DUTCP;GPAM_hs,0,1,23,24
DUTCP;NDPK6,1,0,22,25
DUTPDP;NDP8,0,2,23,23
DUTPDPm;NDP8,0,1,23,24
D_LACt2;O2t,0,1,23,24
EAR160y;ARTFR13,0,2,23,23
EAR160y;ARTPLM1,0,2,23,23
EAR160y;FA140ACPH,0,2,23,23
EAR160y;FACOAL140i,0,2,23,23
EAR160y;FAE180,0,1,23,24
EAR160y;HACD180,0,1,23,24
EAR160y;HSD180,0,1,23,24
EAR160y;MALCOAMT,0,2,23,23
EAR160y;MALCOAMTr,0,2,23,23
EAR160y;PMTCOAFABP1tc,0,2,23,23
EAR160y;RTOT1,0,2,23,23
EAR160y;TECR180,0,1,23,24
ECOAH1m;FALDtm,0,1,23,24
ECOAH1m;FALDtx,0,1,23,24
ECOAH1m;FUMAC,6,0,17,25
ECOAH1m;GLUDxm,0,1,23,24
ECOAH1m;GLYATm,0,7,23,18
ECOAH1m;GLYBtm,0,1,23,24
ECOAH1m;GTPGDPtm,1,0,22,25
ECOAH1m;HGNTOR,6,0,17,25
ECOAH1m;HMGCOASi,1,0,22,25
ECOAH1m;HMGDH,0,1,23,24
ECOAH1m;HMGS,0,1,23,24
ECOAH1m;HSD3B7P,0,1,23,24
ECOAH1m;MACACIr,6,0,17,25
ECOAH1m;METAT,0,1,23,24
ECOAH1m;MMSAD3m,0,1,23,24
ECOAH1m;NDPK1,1,0,22,25
ECOAH1m;NH4tm,0,1,23,24
ECOAH1m;OCOAT1m,1,0,22,25
ECOAH1m;P4507A1r,0,1,23,24
ECOAH1m;PPCOAtm,0,1,23,24
ECOAH1m;PYRtm,1,0,22,25
ECOAH1m;SARCOXp,0,1,23,24
ECOAH1m;SARCStm,0,1,23,24
ECOAH1m;SARCStp,0,1,23,24
ECOAH1m;SFGTH,0,1,23,24
ECOAH1m;SUCOAS1m,1,0,22,25
ECOAH1m;THR3Dx,0,7,23,18
ECOAH1m;TYRTA,6,0,17,25
ECOAH9m;FA140ACPH,0,1,23,24
ECOAH9m;FACOAL100im,0,1,23,24
ECOAH9m;FACOAL140i,0,1,23,24
ECOAH9m;GLUDxm,1,1,22,24
ECOAH9m;GLUDym,1,2,22,23
ECOAH9m;ICDHyrm,0,1,23,24
ECOAH9m;ICITMALtm,0,1,23,24
ECOAH9m;L_LACtcm,0,1,23,24
ECOAH9m;L_LACtm,0,1,23,24
ECOAH9m;OXALSUCCCLm,0,1,23,24
ECOAH9m;PPCOAtm,0,1,23,24
ECOAH9m;PPIOGLYc,5,10,18,15
ECOAH9m;PPIOGLYte,5,10,18,15
ECOAH9m;PPIOGLYtm,5,10,18,15
ECOAH9m;PPItm,0,1,23,24
ECOAH9m;TTDCPT1,0,1,23,24
ECOAH9m;TTDCPT2,0,1,23,24
ECOAH9m;TTDCRNt,0,1,23,24
ENO;FBA4,1,1,22,24
ENO;FKYNH,0,1,23,24
ENO;G3PD1,0,1,23,24
ENO;GALU,1,0,22,25
ENO;GCALDD,1,1,22,24
ENO;GLACter,1,0,22,25
ENO;GLCURter,1,1,22,24
ENO;GLNLASEer,1,0,22,25
ENO;GLRASE,1,0,22,25
ENO;GLXO2p,1,0,22,25
ENO;GLYCLTtp,1,1,22,24
ENO;GLYCTO1p,1,1,22,24
ENO;GPAM_hs,0,1,23,24
ENO;GULLACter,1,0,22,25
ENO;GULN3D,1,1,22,24
ENO;GULNDer,0,1,23,24
ENO;GULNter,1,1,22,24
ENO;H2O2tn,0,1,23,24
ENO;HKYNH,0,1,23,24
ENO;ICDHyrm,0,1,23,24
ENO;INOSTO,0,1,23,24
ENO;KHK2,1,1,22,24
ENO;KYN3OX,0,1,23,24
ENO;MTHFR3,0,1,23,24
ENO;NACDe,0,1,23,24
ENO;NACPRT,0,1,23,24
ENO;NCAMDe,0,1,23,24
ENO;NMNDA,0,1,23,24
ENO;NMNS,0,2,23,23
ENO;NNDPR,0,1,23,24
ENO;O2St,0,1,23,24
ENO;O2Stn,0,1,23,24
ENO;O2tn,0,1,23,24
ENO;O2tp,1,0,22,25
ENO;OXALSUCCCLm,0,1,23,24
ENO;OXAtp,1,0,22,25
ENO;PEPCK,20,17,3,8
ENO;PGMT,1,0,22,25
ENO;PIter,0,1,23,24
ENO;QUILSYN,0,1,23,24
ENO;SADT,1,0,22,25
ENO;SEAHCYSHYD,0,1,23,24
ENO;SEAHCYStn,0,1,23,24
ENO;SEASMETtn,0,1,23,24
ENO;SELMETAT,0,1,23,24
ENO;SO4OXAtex2,1,0,22,25
ENO;SPODMn,0,1,23,24
ENO;TRPO2,0,1,23,24
ENO;UDPGD,1,0,22,25
ENO;UDPGNP,1,0,22,25
ENO;UROLACer,1,0,22,25
ENO;XYLTD_Dr,1,1,22,24
ENO;XYLURx,1,1,22,24
ESTRADIOLtr;FCYTOB5OXRr,2,0,21,25
ESTRADIOLtr;NACDe,0,1,23,24
ESTRADIOLtr;NACPRT,0,1,23,24
ESTRADIOLtr;NCAMDe,0,1,23,24
ESTRADIOLtr;NMNDA,0,1,23,24
ESTRADIOLtr;NMNS,0,1,23,24
ESTRONEtr;FCYTOB5OXRr,2,0,21,25
ESTRONEtr;NACDe,0,1,23,24
ESTRONEtr;NACPRT,0,1,23,24
ESTRONEtr;NCAMDe,0,1,23,24
ESTRONEtr;NMNDA,0,1,23,24
ESTRONEtr;NMNS,0,1,23,24
ETHMALACc;GLYATm,0,1,23,24
ETHMALACc;PPCOAtm,0,1,23,24
ETHMALACc;THR3Dx,0,1,23,24
ETHMALACte;GLYATm,0,1,23,24
ETHMALACte;PPCOAtm,0,1,23,24
ETHMALACte;THR3Dx,0,1,23,24
ETHMALCOAc;GLYATm,0,1,23,24
ETHMALCOAc;PPCOAtm,0,1,23,24
ETHMALCOAc;THR3Dx,0,1,23,24
ETHPL;ARTFR42,0,1,23,24
ETHPL;FALDH,0,1,23,24
ETHPL;FALDtm,0,2,23,23
ETHPL;FALDtx,0,2,23,23
ETHPL;G6PDH1rer,0,1,23,24
ETHPL;GLXO2p,0,1,23,24
ETHPL;GLYBtm,0,2,23,23
ETHPL;GLYOp,0,1,23,24
ETHPL;GTPGDPtm,0,1,23,24
ETHPL;MEOHt2,0,1,23,24
ETHPL;METAT,0,6,23,19
ETHPL;NDPK1,0,1,23,24
ETHPL;NH4tp,0,1,23,24
ETHPL;O2t,0,1,23,24
ETHPL;O2tp,0,1,23,24
ETHPL;OCDE9ECOAtr,0,1,23,24
ETHPL;OXAtp,0,1,23,24
ETHPL;RPE,0,1,23,24
ETHPL;RTOT4,0,1,23,24
ETHPL;SARCOXp,0,2,23,23
ETHPL;SARCStm,0,2,23,23
ETHPL;SARCStp,0,2,23,23
ETHPL;SFGTH,0,1,23,24
ETHPL;SUCOAS1m,0,1,23,24
ETHPL;THRA,4,4,19,21
ETHPL;TKT1,0,1,23,24
ETHPL;TKT2,0,1,23,24
FA140ACPH;ARTPLM1,0,1,23,24
FA140ACPH;FA160ACPH,0,2,23,23
FA140ACPH;FACOAL160i,0,1,23,24
FA140ACPH;GLYATm,0,1,23,24
FA140ACPH;HACD9m,0,1,23,24
FA140ACPH;ILETAm,0,1,23,24
FA140ACPH;ILEt5m,0,1,23,24
FA140ACPH;PPCOAtm,0,1,23,24
FA140ACPH;THR3Dx,0,1,23,24
FA160ACPH;ARTFR13,0,2,23,23
FA160ACPH;ARTPLM1,0,2,23,23
FA160ACPH;FACOAL140i,0,2,23,23
FA160ACPH;FAE180,0,1,23,24
FA160ACPH;HACD180,0,1,23,24
FA160ACPH;HSD180,0,1,23,24
FA160ACPH;MALCOAMT,0,2,23,23
FA160ACPH;MALCOAMTr,0,2,23,23
FA160ACPH;PMTCOAFABP1tc,0,2,23,23
FA160ACPH;RTOT1,0,2,23,23
FA160ACPH;TECR180,0,1,23,24
FA40ACPH;FUMAC,3,0,20,25
FA40ACPH;GTPGDPtm,1,0,22,25
FA40ACPH;HGNTOR,3,0,20,25
FA40ACPH;MACACIr,3,0,20,25
FA40ACPH;NDPK1,1,0,22,25
FA40ACPH;OCOAT1m,1,0,22,25
FA40ACPH;PYRtm,1,0,22,25
FA40ACPH;SUCOAS1m,1,0,22,25
FA40ACPH;TYRTA,3,0,20,25
FACOAL100im;GLUDxm,0,1,23,24
FACOAL100im;GLYATm,0,1,23,24
FACOAL100im;HACD9m,0,1,23,24
FACOAL100im;ILETAm,0,1,23,24
FACOAL100im;ILEt5m,0,1,23,24
FACOAL100im;MMSAD3m,0,1,23,24
FACOAL100im;NH4tm,0,1,23,24
FACOAL100im;PPCOAtm,0,2,23,23
FACOAL100im;THR3Dx,0,1,23,24
FACOAL140i;ARTPLM1,0,1,23,24
FACOAL140i;FACOAL160i,0,1,23,24
FACOAL140i;GLYATm,0,1,23,24
FACOAL140i;HACD9m,0,1,23,24
FACOAL140i;ILETAm,0,1,23,24
FACOAL140i;ILEt5m,0,1,23,24
FACOAL140i;PPCOAtm,0,1,23,24
FACOAL140i;THR3Dx,0,1,23,24
FACOAL160i;ARTFR13,0,1,23,24
FACOAL160i;ARTPLM1,0,1,23,24
FACOAL160i;MALCOAMT,0,1,23,24
FACOAL160i;MALCOAMTr,0,1,23,24
FACOAL160i;PMTCOAFABP1tc,0,1,23,24
FACOAL160i;RTOT1,0,1,23,24
FACOAL181i;OCDE9ECOAtr,0,2,23,23
FACOAL40im;FUMAC,3,0,20,25
FACOAL40im;GTPGDPtm,1,0,22,25
FACOAL40im;HGNTOR,3,0,20,25
FACOAL40im;MACACIr,3,0,20,25
FACOAL40im;NDPK1,1,0,22,25
FACOAL40im;OCOAT1m,1,0,22,25
FACOAL40im;PYRtm,1,0,22,25
FACOAL40im;SUCOAS1m,1,0,22,25
FACOAL40im;TYRTA,3,0,20,25
FADFADH2tm;PRO1x,2,1,21,24
FAE180;ARTFR33,9,7,14,18
FAE180;ARTFR43,10,6,13,19
FAE180;ARTPLM1,1,2,22,23
FAE180;FAE181,19,13,4,12
FAE180;FCYTOB5OXRyr,1,0,22,25
FAE180;G6PDH1rer,0,1,23,24
FAE180;GLYATm,0,1,23,24
FAE180;HACD181,19,13,4,12
FAE180;HSD181,19,13,4,12
FAE180;ICDHyrm,1,0,22,25
FAE180;NADHtru,2,0,21,25
FAE180;NADtru,2,0,21,25
FAE180;OCTD11ECOAtr,19,13,4,12
FAE180;OXALSUCCCLm,1,0,22,25
FAE180;PPCOAtm,0,1,23,24
FAE180;RTOT3,9,7,14,18
FAE180;RTOT4,10,6,13,19
FAE180;TECR181,19,13,4,12
FAE180;THR3Dx,0,1,23,24
FAE180;TRDOXtm,2,4,21,21
FAE180;TRDR,7,4,16,21
FAE180;TRDRDtm,2,4,21,21
FAE180;TRDRm,2,4,21,21
FAE181;ARTFR206,1,1,22,24
FAE181;ARTFR41,1,0,22,25
FAE181;ARTFR52,1,1,22,24
FAE181;ARTPLM2,1,0,22,25
FAE181;ARTPLM3,0,1,23,24
FAE181;FAE200,1,1,22,24
FAE181;FAE201,1,1,22,24
FAE181;FAE220,1,1,22,24
FAE181;FAE221,1,1,22,24
FAE181;FAE240,1,1,22,24
FAE181;FAE241,1,1,22,24
FAE181;FAE260,1,1,22,24
FAE181;HACD180,19,13,4,12
FAE181;HACD200,1,1,22,24
FAE181;HACD201,1,1,22,24
FAE181;HACD220,1,1,22,24
FAE181;HACD221,1,1,22,24
FAE181;HACD240,1,1,22,24
FAE181;HACD241,1,1,22,24
FAE181;HACD260,1,1,22,24
FAE181;HEXCCOAtr,1,1,22,24
FAE181;HSD180,19,13,4,12
FAE181;HSD200,1,1,22,24
FAE181;HSD201,1,1,22,24
FAE181;HSD220,1,1,22,24
FAE181;HSD221,1,1,22,24
FAE181;HSD240,1,1,22,24
FAE181;HSD241,1,1,22,24
FAE181;HSD260,1,1,22,24
FAE181;NRVNCCOAtr,1,1,22,24
FAE181;NRVNCCOAtxc,1,1,22,24
FAE181;O2tp,1,1,22,24
FAE181;PLMCOAPTr,1,0,22,25
FAE181;PRO1x,0,1,23,24
FAE181;RTOT5,2,2,21,23
FAE181;RTOT_2,1,0,22,25
FAE181;RTOT_3,0,1,23,24
FAE181;TECR180,19,13,4,12
FAE181;TECR200,1,1,22,24
FAE181;TECR201,1,1,22,24
FAE181;TECR220,1,1,22,24
FAE181;TECR221,1,1,22,24
FAE181;TECR240,1,1,22,24
FAE181;TECR241,1,1,22,24
FAE181;TECR260,1,1,22,24
FAE200;ARTFR32,1,0,22,25
FAE200;ARTFR42,1,2,22,23
FAE200;ARTFR43,1,1,22,24
FAE200;FCYTOB5OXRyr,1,1,22,24
FAE200;G6PDH1rer,0,1,23,24
FAE200;HACD181,1,1,22,24
FAE200;HSD181,1,1,22,24
FAE200;NADHtru,2,0,21,25
FAE200;NADtru,2,0,21,25
FAE200;OCDE9ECOAtr,2,2,21,23
FAE200;OCTD11ECOAtr,1,1,22,24
FAE200;RTOT3,1,0,22,25
FAE200;RTOT4,3,4,20,21
FAE200;TECR181,1,1,22,24
FAE201;ARTFR32,0,1,23,24
FAE201;ARTFR33,0,1,23,24
FAE201;ARTFR42,0,2,23,23
FAE201;ARTFR43,1,0,22,25
FAE201;ARTPLM1,1,1,22,24
FAE201;HACD181,1,1,22,24
FAE201;HSD181,1,1,22,24
FAE201;ICDHyrm,1,0,22,25
FAE201;OCDE9ECOAtr,0,1,23,24
FAE201;OCTD11ECOAtr,1,1,22,24
FAE201;OXALSUCCCLm,1,0,22,25
FAE201;RTOT3,0,2,23,23
FAE201;RTOT4,1,0,22,25
FAE201;TECR181,1,1,22,24
FAE201;TRDOXtm,3,4,20,21
FAE201;TRDR,10,4,13,21
FAE201;TRDRDtm,3,4,20,21
FAE201;TRDRm,3,4,20,21
FAE220;ARTFR32,1,0,22,25
FAE220;ARTFR42,1,2,22,23
FAE220;ARTFR43,1,1,22,24
FAE220;FCYTOB5OXRyr,1,1,22,24
FAE220;G6PDH1rer,0,1,23,24
FAE220;HACD181,1,1,22,24
FAE220;HSD181,1,1,22,24
FAE220;NADHtru,2,0,21,25
FAE220;NADtru,2,0,21,25
FAE220;OCDE9ECOAtr,2,2,21,23
FAE220;OCTD11ECOAtr,1,1,22,24
FAE220;RTOT3,1,0,22,25
FAE220;RTOT4,3,4,20,21
FAE220;TECR181,1,1,22,24
FAE221;ARTFR32,0,1,23,24
FAE221;ARTFR33,0,1,23,24
FAE221;ARTFR42,0,2,23,23
FAE221;ARTFR43,1,0,22,25
FAE221;ARTPLM1,1,1,22,24
FAE221;HACD181,1,1,22,24
FAE221;HSD181,1,1,22,24
FAE221;ICDHyrm,1,0,22,25
FAE221;OCDE9ECOAtr,0,1,23,24
FAE221;OCTD11ECOAtr,1,1,22,24
FAE221;OXALSUCCCLm,1,0,22,25
FAE221;RTOT3,0,2,23,23
FAE221;RTOT4,1,0,22,25
FAE221;TECR181,1,1,22,24
FAE221;TRDOXtm,3,4,20,21
FAE221;TRDR,10,4,13,21
FAE221;TRDRDtm,3,4,20,21
FAE221;TRDRm,3,4,20,21
FAE224;ICDHyrm,1,0,22,25
FAE224;OXALSUCCCLm,1,0,22,25
FAE240;ARTFR32,1,0,22,25
FAE240;ARTFR42,1,2,22,23
FAE240;ARTFR43,1,1,22,24
FAE240;FCYTOB5OXRyr,1,1,22,24
FAE240;G6PDH1rer,0,1,23,24
FAE240;HACD181,1,1,22,24
FAE240;HSD181,1,1,22,24
FAE240;NADHtru,2,0,21,25
FAE240;NADtru,2,0,21,25
FAE240;OCDE9ECOAtr,2,2,21,23
FAE240;OCTD11ECOAtr,1,1,22,24
FAE240;RTOT3,1,0,22,25
FAE240;RTOT4,3,4,20,21
FAE240;TECR181,1,1,22,24
FAE241;ARTFR32,0,1,23,24
FAE241;ARTFR33,0,1,23,24
FAE241;ARTFR42,0,2,23,23
FAE241;ARTFR43,1,0,22,25
FAE241;ARTPLM1,1,1,22,24
FAE241;HACD181,1,1,22,24
FAE241;HSD181,1,1,22,24
FAE241;ICDHyrm,1,0,22,25
FAE241;OCDE9ECOAtr,0,1,23,24
FAE241;OCTD11ECOAtr,1,1,22,24
FAE241;OXALSUCCCLm,1,0,22,25
FAE241;RTOT3,0,2,23,23
FAE241;RTOT4,1,0,22,25
FAE241;TECR181,1,1,22,24
FAE241;TRDOXtm,3,4,20,21
FAE241;TRDR,10,4,13,21
FAE241;TRDRDtm,3,4,20,21
FAE241;TRDRm,3,4,20,21
FAE244;ICDHyrm,1,0,22,25
FAE244;OXALSUCCCLm,1,0,22,25
FAE260;ARTFR32,1,0,22,25
FAE260;ARTFR42,1,2,22,23
FAE260;ARTFR43,1,1,22,24
FAE260;FCYTOB5OXRyr,1,1,22,24
FAE260;G6PDH1rer,0,1,23,24
FAE260;HACD181,1,1,22,24
FAE260;HSD181,1,1,22,24
FAE260;NADHtru,2,0,21,25
FAE260;NADtru,2,0,21,25
FAE260;OCDE9ECOAtr,2,2,21,23
FAE260;OCTD11ECOAtr,1,1,22,24
FAE260;RTOT3,1,0,22,25
FAE260;RTOT4,3,4,20,21
FAE260;TECR181,1,1,22,24
FALDH;FRDPtc,2,1,21,24
FALDH;HBZOPT10m,2,1,21,24
FALDH;HCO3Em,0,1,23,24
FALDH;PPItm,0,1,23,24
FALDH;Q10H2e,2,1,21,24
FALDH;T4HCINNMFM,2,1,21,24
FALDH;THRD_L,0,1,23,24
FALDH;TYRTAm,2,1,21,24
FALDH;TYRtl,2,1,21,24
FALDH;q10h2tc,2,1,21,24
FALDtm;HACD1m,0,1,23,24
FALDtm;ICDHyrm,1,0,22,25
FALDtm;OXALSUCCCLm,1,0,22,25
FALDtn;PIATPLtm,1,0,22,25
FALDtn;PPItm,2,0,21,25
FALDtn;Q10H2e,3,1,20,24
FALDtn;SARCStm,0,1,23,24
FALDtn;SARDHm,0,1,23,24
FALDtn;SUCOAS1m,0,1,23,24
FALDtn;T4HCINNMFM,3,1,20,24
FALDtn;THRD_L,0,2,23,23
FALDtn;TYRTAm,3,1,20,24
FALDtn;TYRtl,3,1,20,24
FALDtn;q10h2tc,3,1,20,24
FALDtx;FRDPtc,7,5,16,20
FALDtx;HACD1m,0,1,23,24
FALDtx;HBZOPT10m,7,5,16,20
FALDtx;HCO3Em,0,1,23,24
FALDtx;ICDHyrm,1,0,22,25
FALDtx;OXALSUCCCLm,1,0,22,25
FALDtx;PIATPLtm,1,0,22,25
FALDtx;PPItm,4,3,19,22
FALDtx;Q10H2e,7,5,16,20
FALDtx;T4HCINNMFM,7,5,16,20
FALDtx;THRD_L,2,3,21,22
FALDtx;TYRTAm,7,5,16,20
FALDtx;TYRtl,7,5,16,20
FALDtx;q10h2tc,7,5,16,20
FAR;GLUDxm,1,0,22,25
FAR;GLUDym,1,0,22,25
FBA2;G3PD1,1,1,22,24
FBA2;GPAM_hs,0,1,23,24
FBA3;FKYNH,0,1,23,24
FBA3;HKYNH,0,1,23,24
FBA3;KYN3OX,0,1,23,24
FBA3;NACDe,0,1,23,24
FBA3;NACPRT,0,1,23,24
FBA3;NCAMDe,0,1,23,24
FBA3;NMNDA,0,1,23,24
FBA3;NMNS,0,1,23,24
FBA3;NNDPR,0,1,23,24
FBA3;PFK,5,2,18,23
FBA3;PGI,0,1,23,24
FBA3;PIter,0,1,23,24
FBA3;QUILSYN,0,1,23,24
FBA3;TPI,0,1,23,24
FBA3;TRPO2,0,1,23,24
FBA4;GTPGDPtm,0,1,23,24
FBA4;HCO3Em,1,0,22,25
FBA4;L_LACtcm,0,1,23,24
FBA4;L_LACtm,0,1,23,24
FBA4;NDPK1,0,1,23,24
FBA4;PROGLUtm,0,1,23,24
FBA4;PROtm,0,1,23,24
FBA4;SUCOAS1m,0,1,23,24
FBA;FBA3,5,2,18,23
FBA;PFK_3,5,2,18,23
FBA;RPE,0,2,23,23
FBA;RU5Ptr,0,1,23,24
FBA;TKT1,0,2,23,23
FBA;TKT2,0,2,23,23
FCLTm;HMGCOAtx,0,1,23,24
FCLTm;HMGLx,0,1,23,24
FCLTm;Htr,0,1,23,24
FCLTm;ICDHyrm,0,1,23,24
FCLTm;ICITACONtm,1,0,22,25
FCLTm;L_LACtcm,0,4,23,21
FCLTm;L_LACtm,0,4,23,21
FCLTm;MMSAD3m,1,3,22,22
FCLTm;NH4tm,0,1,23,24
FCLTm;NTD1,2,3,21,22
FCLTm;OCBTm,0,1,23,24
FCLTm;OXALSUCCCLm,0,1,23,24
FCLTm;PIGTHRDLtm,0,1,23,24
FCLTm;PIter,0,1,23,24
FCLTm;PROtm,1,0,22,25
FCLTm;SUCCICITtm,0,1,23,24
FCLTm;SUCOAS1m,0,1,23,24
FCLTm;THFtm,0,1,23,24
FCLTm;THRA,0,1,23,24
FCLTm;UPPN,1,3,22,22
FCYTOB5OXRr;FCYTOB5OXRyr,2,1,21,24
FCYTOB5OXRr;HSD17B1,2,0,21,25
FCYTOB5OXRr;HSD17B8r,2,0,21,25
FCYTOB5OXRyr;ARTFR52,1,1,22,24
FCYTOB5OXRyr;FUMAC,1,0,22,25
FCYTOB5OXRyr;GLUDxm,0,1,23,24
FCYTOB5OXRyr;GLUDym,1,0,22,25
FCYTOB5OXRyr;HACD180,1,0,22,25
FCYTOB5OXRyr;HACD200,1,1,22,24
FCYTOB5OXRyr;HACD220,1,1,22,24
FCYTOB5OXRyr;HACD240,1,1,22,24
FCYTOB5OXRyr;HACD260,1,1,22,24
FCYTOB5OXRyr;HEXCCOAtr,1,1,22,24
FCYTOB5OXRyr;HGNTOR,1,0,22,25
FCYTOB5OXRyr;HSD11B1r,0,1,23,24
FCYTOB5OXRyr;HSD11B2r,0,1,23,24
FCYTOB5OXRyr;HSD180,1,0,22,25
FCYTOB5OXRyr;HSD200,1,1,22,24
FCYTOB5OXRyr;HSD220,1,1,22,24
FCYTOB5OXRyr;HSD240,1,1,22,24
FCYTOB5OXRyr;HSD260,1,1,22,24
FCYTOB5OXRyr;MACACIr,1,0,22,25
FCYTOB5OXRyr;MMSAD3m,0,1,23,24
FCYTOB5OXRyr;NH4tm,0,1,23,24
FCYTOB5OXRyr;P45011A1m,1,0,22,25
FCYTOB5OXRyr;PRGNLONEtm,1,0,22,25
FCYTOB5OXRyr;PRGNLONEtr,1,0,22,25
FCYTOB5OXRyr;RTOT5,1,1,22,24
FCYTOB5OXRyr;TECR180,1,0,22,25
FCYTOB5OXRyr;TECR200,1,1,22,24
FCYTOB5OXRyr;TECR220,1,1,22,24
FCYTOB5OXRyr;TECR240,1,1,22,24
FCYTOB5OXRyr;TECR260,1,1,22,24
FCYTOB5OXRyr;THFtm,0,1,23,24
FCYTOB5OXRyr;TRDOXtm,1,0,22,25
FCYTOB5OXRyr;TRDRDtm,1,0,22,25
FCYTOB5OXRyr;TRDRm,1,0,22,25
FCYTOB5OXRyr;TYRTA,1,0,22,25
FE2tm;HMGCOAtx,0,1,23,24
FE2tm;HMGLx,0,1,23,24
FE2tm;Htr,0,1,23,24
FE2tm;ICDHyrm,0,1,23,24
FE2tm;ICITACONtm,1,0,22,25
FE2tm;L_LACtcm,0,4,23,21
FE2tm;L_LACtm,0,4,23,21
FE2tm;MMSAD3m,1,3,22,22
FE2tm;NH4tm,0,1,23,24
FE2tm;NTD1,2,3,21,22
FE2tm;OCBTm,0,1,23,24
FE2tm;OXALSUCCCLm,0,1,23,24
FE2tm;PIGTHRDLtm,0,1,23,24
FE2tm;PIter,0,1,23,24
FE2tm;PROtm,1,0,22,25
FE2tm;SUCCICITtm,0,1,23,24
FE2tm;SUCOAS1m,0,1,23,24
FE2tm;THFtm,0,1,23,24
FE2tm;THRA,0,1,23,24
FE2tm;UPPN,1,3,22,22
FKYNH;GAPD,0,1,23,24
FKYNH;HEX12,0,1,23,24
FKYNH;Htr,0,1,23,24
FKYNH;PFK_3,0,1,23,24
FKYNH;PGI,0,1,23,24
FKYNH;PGK,0,1,23,24
FKYNH;PGM,0,1,23,24
FKYNH;RPE,0,2,23,23
FKYNH;TALA,0,1,23,24
FKYNH;TKT1,0,2,23,23
FKYNH;TKT2,0,2,23,23
FKYNH;TPI,0,1,23,24
FKYNH;TXA2tr,0,1,23,24
FKYNH;TXB2c,0,1,23,24
FKYNH;TXB2r,0,1,23,24
FKYNH;TXB2tr,0,1,23,24
FOLtm;GLYATm,1,2,22,23
FOLtm;GLYtm,0,1,23,24
FOLtm;PPA,0,1,23,24
FOLtm;THR3Dx,1,2,22,23
FRDPtc;AKGtn,3,1,20,24
FRDPtc;CO2tn,3,1,20,24
FRDPtc;FALDtn,3,1,20,24
FRDPtc;GLUDxm,1,0,22,25
FRDPtc;GNMT,7,5,16,20
FRDPtc;H3K36MET_1,0,1,23,24
FRDPtc;H3K36MET_2,0,1,23,24
FRDPtc;H3K36MET_3,0,1,23,24
FRDPtc;H3K36_synthesis,0,1,23,24
FRDPtc;HCO3Em,1,1,22,24
FRDPtc;HMGDH,0,1,23,24
FRDPtc;HMGS,0,1,23,24
FRDPtc;HOMOVALte,0,2,23,23
FRDPtc;LYStn,0,1,23,24
FRDPtc;MEOHt2,0,1,23,24
FRDPtc;O2St,0,1,23,24
FRDPtc;O2Stm,5,2,18,23
FRDPtc;O2Stx,0,1,23,24
FRDPtc;O2tp,6,3,17,22
FRDPtc;OCBTm,5,1,18,24
FRDPtc;ORNt4m,4,1,19,24
FRDPtc;PE_HStm,0,1,23,24
FRDPtc;PSDm_hs,0,1,23,24
FRDPtc;PSFLIPm,0,1,23,24
FRDPtc;PYRAKGte,0,1,23,24
FRDPtc;SARCOXp,7,5,16,20
FRDPtc;SARCStp,7,5,16,20
FRDPtc;SFGTH,2,2,21,23
FRDPtc;SPODMx,0,1,23,24
FRDPtc;TYRDOPO,0,2,23,23
FRDPtc;peplys_synthesis,0,1,23,24
FTCD;GHMT2r,15,16,8,9
FTCD;GHMT2rm,0,2,23,23
FTCD;HCO3E,1,0,22,25
FTCD;L_LACtcm,0,1,23,24
FTCD;L_LACtm,0,1,23,24
FTCD;MTHFCm,0,2,23,23
FTCD;MTHFD,3,3,20,22
FTCD;MTHFD2,12,11,11,14
FTCD;MTHFDm,0,2,23,23
FTCD;SERALANaEx,0,1,23,24
FTCD;SERTm,0,2,23,23
FTCD;SERt4,12,5,11,20
FTHFDH;O2t,0,1,23,24
FUCACNGALACGLCGALGLUSIDEte;PAPStg,0,1,23,24
FUCACNGALACGLCGALGLUSIDEte;PAPtg,0,1,23,24
FUCACNGALACGLCGALGLUSIDEte;SADT,0,1,23,24
FUCACNGALACGLCGALGLUSIDEtg;PAPStg,0,1,23,24
FUCACNGALACGLCGALGLUSIDEtg;PAPtg,0,1,23,24
FUCACNGALACGLCGALGLUSIDEtg;SADT,0,1,23,24
FUM;FUMMALtm,0,1,23,24
FUM;FUMTSULtm,0,1,23,24
FUM;FUMm,0,2,23,23
FUM;FUMtm,0,1,23,24
FUM;HMGCOAtx,0,1,23,24
FUM;HMGLx,0,1,23,24
FUM;MDHm,0,1,23,24
FUM;O2t,0,1,23,24
FUM;PPItm,0,1,23,24
FUM;SQORm,0,1,23,24
FUM;SSALym,0,1,23,24
FUM;TSULt4_3,0,1,23,24
FUMAC;ARTFR32,1,0,22,25
FUMAC;GLUDxm,5,0,18,25
FUMAC;GLUDym,1,0,22,25
FUMAC;GLYATm,0,1,23,24
FUMAC;HACD1m,6,0,17,25
FUMAC;ICDHyrm,0,1,23,24
FUMAC;L_LACtcm,0,1,23,24
FUMAC;L_LACtm,0,1,23,24
FUMAC;MMSAD3m,1,0,22,25
FUMAC;NADHtru,5,0,18,25
FUMAC;NADtru,5,0,18,25
FUMAC;NCAMDe,1,0,22,25
FUMAC;NMNDA,1,0,22,25
FUMAC;NTD2,1,0,22,25
FUMAC;OCDE9ECOAtr,1,0,22,25
FUMAC;OXALSUCCCLm,0,1,23,24
FUMAC;OXAPItm,0,1,23,24
FUMAC;PNP,1,0,22,25
FUMAC;PPItm,1,0,22,25
FUMAC;PYNP2r,1,0,22,25
FUMAC;RNMK,1,0,22,25
FUMAC;RTOT3,1,0,22,25
FUMAC;THR3Dx,0,1,23,24
FUMAC;UPPN,1,0,22,25
FUMTSULtm;ICDHyrm,0,1,23,24
FUMTSULtm;ICITMALtm,0,1,23,24
FUMTSULtm;OXALSUCCCLm,0,1,23,24
FUMm;ME2,0,1,23,24
FUMtm;ME2,0,1,23,24
FUT32g;PAPStg,0,1,23,24
FUT32g;PAPtg,0,1,23,24
FUT32g;SADT,0,1,23,24
G12MT1;G6Pt6er,2,1,21,24
G12MT2;G6Pt6er,2,1,21,24
G13MT;G6Pt6er,2,1,21,24
G14T18g;UDPGNP,1,0,22,25
G14T19g;UDPGNP,1,0,22,25
G14T20g;UDPGNP,1,0,22,25
G14T21g;UDPGNP,1,0,22,25
G14T2g;GDPFUCtg,0,1,23,24
G14T2g;GDPtg,0,1,23,24
G14T2g;GFUCS,0,1,23,24
G14T2g;GMAND,0,1,23,24
G14T2g;GMPtg,0,1,23,24
G14T2g;MAN1PT2,0,1,23,24
G14T2g;MAN6PI,0,1,23,24
G14T2g;PMANM,0,1,23,24
G14T3g;GDPFUCtg,0,1,23,24
G14T3g;GDPtg,0,1,23,24
G14T3g;GFUCS,0,1,23,24
G14T3g;GMAND,0,1,23,24
G14T3g;GMPtg,0,1,23,24
G14T3g;MAN1PT2,0,1,23,24
G14T3g;MAN6PI,0,1,23,24
G14T3g;PMANM,0,1,23,24
G14T4g;GDPFUCtg,0,1,23,24
G14T4g;GDPtg,0,1,23,24
G14T4g;GFUCS,0,1,23,24
G14T4g;GMAND,0,1,23,24
G14T4g;GMPtg,0,1,23,24
G14T4g;MAN1PT2,0,1,23,24
G14T4g;MAN6PI,0,1,23,24
G14T4g;PMANM,0,1,23,24
G14T5g;GDPFUCtg,0,1,23,24
G14T5g;GDPtg,0,1,23,24
G14T5g;GFUCS,0,1,23,24
G14T5g;GMAND,0,1,23,24
G14T5g;GMPtg,0,1,23,24
G14T5g;MAN1PT2,0,1,23,24
G14T5g;MAN6PI,0,1,23,24
G14T5g;PMANM,0,1,23,24
G16MT;G6Pt6er,2,1,21,24
G3PD1;GAPD,0,1,23,24
G3PD1;GLYALDORy,1,1,22,24
G3PD1;GLYC3Ptmc,1,1,22,24
G3PD1;GLYCtm,1,1,22,24
G3PD1;GLYKm,1,1,22,24
G3PD1;KHK,1,1,22,24
G3PD1;PGM,0,1,23,24
G3PD1;SBTD_D2,1,1,22,24
G3PD1;SBTR,1,1,22,24
G3PD1;TPI,0,1,23,24
G5SADr;GLXtm,0,1,23,24
G5SADr;GLXtp,0,1,23,24
G5SADr;HMGL,0,1,23,24
G5SADr;MMMm,0,1,23,24
G5SADr;MMTSADm,0,1,23,24
G5SADr;NTD2,0,1,23,24
G5SADr;O2Stm,0,1,23,24
G5SADr;OCOAT1m,0,1,23,24
G5SADr;PPM2,0,1,23,24
G5SADr;PROtm,1,0,22,25
G5SADr;PYNP2r,0,1,23,24
G6PDH1rer;ARTFR52,0,1,23,24
G6PDH1rer;G6PDH2rer,0,1,23,24
G6PDH1rer;GLYATm,0,1,23,24
G6PDH1rer;HACD180,0,1,23,24
G6PDH1rer;HACD200,0,1,23,24
G6PDH1rer;HACD220,0,1,23,24
G6PDH1rer;HACD240,0,1,23,24
G6PDH1rer;HACD260,0,1,23,24
G6PDH1rer;HEXCCOAtr,0,1,23,24
G6PDH1rer;HSD180,0,1,23,24
G6PDH1rer;HSD200,0,1,23,24
G6PDH1rer;HSD220,0,1,23,24
G6PDH1rer;HSD240,0,1,23,24
G6PDH1rer;HSD260,0,1,23,24
G6PDH1rer;PPA,0,1,23,24
G6PDH1rer;RTOT5,0,1,23,24
G6PDH1rer;TECR180,0,1,23,24
G6PDH1rer;TECR200,0,1,23,24
G6PDH1rer;TECR220,0,1,23,24
G6PDH1rer;TECR240,0,1,23,24
G6PDH1rer;TECR260,0,1,23,24
G6PDH1rer;THR3Dx,0,1,23,24
G6PDH2r;NAtm,0,1,23,24
G6PDH2r;O2t,0,2,23,23
G6PDH2r;PGI,0,1,23,24
G6PDH2r;Pit4,0,1,23,24
G6PDH2r;RPE,0,1,23,24
G6PDH2r;TALA,0,1,23,24
G6PDH2r;THFtm,0,1,23,24
G6PDH2r;TKT1,0,1,23,24
G6PDH2r;TKT2,0,1,23,24
G6PDH2r;TPI,0,1,23,24
G6PDH2rer;GALASE17ly,0,1,23,24
G6PDH2rer;GALASE18ly,0,1,23,24
G6PDH2rer;GALASE19ly,0,1,23,24
G6PDH2rer;GALM2,0,1,23,24
G6PDH2rer;GALNTg,0,1,23,24
G6PDH2rer;GALU,0,1,23,24
G6PDH2rer;GALtly,0,1,23,24
G6PDH2rer;GLCURter,0,1,23,24
G6PDH2rer;GLCURtly,0,1,23,24
G6PDH2rer;GULN3D,0,1,23,24
G6PDH2rer;GULNDer,0,1,23,24
G6PDH2rer;GULNter,0,1,23,24
G6PDH2rer;H2Otg,0,1,23,24
G6PDH2rer;H2Otly,0,1,23,24
G6PDH2rer;HAS1,0,1,23,24
G6PDH2rer;HAS2,0,1,23,24
G6PDH2rer;HAtly,0,1,23,24
G6PDH2rer;HYAL,0,1,23,24
G6PDH2rer;Htg,0,1,23,24
G6PDH2rer;NACHEX24ly,0,1,23,24
G6PDH2rer;NACHEX25ly,0,1,23,24
G6PDH2rer;NADPHtru,0,2,23,23
G6PDH2rer;NADPtru,0,2,23,23
G6PDH2rer;NAGA2ly,0,1,23,24
G6PDH2rer;NAGLCAly,0,1,23,24
G6PDH2rer;NDP7g,0,1,23,24
G6PDH2rer;NDPK3,0,1,23,24
G6PDH2rer;PAPStg,0,1,23,24
G6PDH2rer;PAPtg,0,1,23,24
G6PDH2rer;PGI,0,1,23,24
G6PDH2rer;PGMT,0,1,23,24
G6PDH2rer;PIter,0,1,23,24
G6PDH2rer;PItg,0,1,23,24
G6PDH2rer;RPE,0,2,23,23
G6PDH2rer;RU5Ptr,0,2,23,23
G6PDH2rer;S6TASE24ly,0,1,23,24
G6PDH2rer;SADT,0,1,23,24
G6PDH2rer;SO4tl,0,1,23,24
G6PDH2rer;Ser/Thrtg,0,1,23,24
G6PDH2rer;TALA,0,1,23,24
G6PDH2rer;TKT1,0,1,23,24
G6PDH2rer;TKT2,0,1,23,24
G6PDH2rer;UAGDP,0,1,23,24
G6PDH2rer;UDPACGALtl,0,1,23,24
G6PDH2rer;UDPG4E,0,1,23,24
G6PDH2rer;UDPGALtg,0,1,23,24
G6PDH2rer;UDPGD,0,1,23,24
G6PDH2rer;UDPtl,0,1,23,24
G6PDH2rer;UGALNACtg,0,1,23,24
G6PDH2rer;UGLCNACtg,0,1,23,24
G6PDH2rer;XYLK,0,1,23,24
G6PDH2rer;XYLTD_Dr,0,1,23,24
G6PDH2rer;XYLURx,0,1,23,24
G6PPer;NMNS,0,2,23,23
G6PPer;PPA,7,5,16,20
G6PPer;PPIPItr,0,6,23,19
G6Pt6er;GALK,0,1,23,24
G6Pt6er;GALM2,0,1,23,24
G6Pt6er;GALU,2,1,21,24
G6Pt6er;GF6PTA,2,1,21,24
G6Pt6er;GLCNACPT,2,1,21,24
G6Pt6er;GLCNACT,2,1,21,24
G6Pt6er;H2Otg,2,1,21,24
G6Pt6er;HEX4,2,1,21,24
G6Pt6er;Htg,2,1,21,24
G6Pt6er;M1316Mg,2,1,21,24
G6Pt6er;M13N2Tg,2,1,21,24
G6Pt6er;M4MPDOL_ter,2,1,21,24
G6Pt6er;M8MASNterg,2,1,21,24
G6Pt6er;MAN1PT1,1,0,22,25
G6Pt6er;MAN1PT2,1,1,22,24
G6Pt6er;MAN6PI,2,1,21,24
G6Pt6er;MANtg,2,1,21,24
G6Pt6er;MG1er,2,1,21,24
G6Pt6er;MG2er,2,1,21,24
G6Pt6er;MG3er,2,1,21,24
G6Pt6er;MM5ag,2,1,21,24
G6Pt6er;MM6bg,2,1,21,24
G6Pt6er;MM7Cag,2,1,21,24
G6Pt6er;MM8Ag,2,1,21,24
G6Pt6er;NACDe,0,1,23,24
G6Pt6er;NACPRT,0,1,23,24
G6Pt6er;NCAMDe,0,1,23,24
G6Pt6er;NDP7g,2,1,21,24
G6Pt6er;NH4tr,3,7,20,18
G6Pt6er;NMNDA,0,1,23,24
G6Pt6er;NMNS,0,3,23,22
G6Pt6er;PGI,2,0,21,25
G6Pt6er;PGMT,2,0,21,25
G6Pt6er;PIter,3,8,20,17
G6Pt6er;PItg,2,1,21,24
G6Pt6er;PMANM,2,1,21,24
G6Pt6er;UAGDP,2,1,21,24
G6Pt6er;UDPDOLPT,2,1,21,24
G6Pt6er;UDPG4E,0,1,23,24
G6Pt6er;UGLCNACtg,2,1,21,24
G6Pt6er;UGLT,0,1,23,24
GALASE17ly;GNDer,0,1,23,24
GALASE17ly;H2O2tn,1,0,22,25
GALASE17ly;MTHFR3,1,0,22,25
GALASE17ly;O2St,1,0,22,25
GALASE17ly;O2Stn,1,0,22,25
GALASE17ly;O2tn,1,0,22,25
GALASE17ly;PGLer,0,1,23,24
GALASE17ly;SEAHCYSHYD,1,0,22,25
GALASE17ly;SEAHCYStn,1,0,22,25
GALASE17ly;SEASMETtn,1,0,22,25
GALASE17ly;SELMETAT,1,0,22,25
GALASE17ly;SPODMn,1,0,22,25
GALASE17ly;UDPGNP,1,0,22,25
GALASE18ly;GNDer,0,1,23,24
GALASE18ly;H2O2tn,1,0,22,25
GALASE18ly;MTHFR3,1,0,22,25
GALASE18ly;O2St,1,0,22,25
GALASE18ly;O2Stn,1,0,22,25
GALASE18ly;O2tn,1,0,22,25
GALASE18ly;PGLer,0,1,23,24
GALASE18ly;SEAHCYSHYD,1,0,22,25
GALASE18ly;SEAHCYStn,1,0,22,25
GALASE18ly;SEASMETtn,1,0,22,25
GALASE18ly;SELMETAT,1,0,22,25
GALASE18ly;SPODMn,1,0,22,25
GALASE18ly;UDPGNP,1,0,22,25
GALASE19ly;GNDer,0,1,23,24
GALASE19ly;H2O2tn,1,0,22,25
GALASE19ly;MTHFR3,1,0,22,25
GALASE19ly;O2St,1,0,22,25
GALASE19ly;O2Stn,1,0,22,25
GALASE19ly;O2tn,1,0,22,25
GALASE19ly;PGLer,0,1,23,24
GALASE19ly;SEAHCYSHYD,1,0,22,25
GALASE19ly;SEAHCYStn,1,0,22,25
GALASE19ly;SEASMETtn,1,0,22,25
GALASE19ly;SELMETAT,1,0,22,25
GALASE19ly;SPODMn,1,0,22,25
GALASE19ly;UDPGNP,1,0,22,25
GALASE20ly;UDPGNP,1,0,22,25
GALK;H2O2tn,1,0,22,25
GALK;HCO3E,1,0,22,25
GALK;Htr,0,1,23,24
GALK;ICDHyrm,0,1,23,24
GALK;L_LACtcm,0,3,23,22
GALK;L_LACtm,0,3,23,22
GALK;MMSAD3m,0,1,23,24
GALK;MTHFR3,1,0,22,25
GALK;NTD1,0,1,23,24
GALK;O2St,1,0,22,25
GALK;O2Stn,1,0,22,25
GALK;O2tn,1,0,22,25
GALK;OXALSUCCCLm,0,1,23,24
GALK;PIGTHRDLtm,0,1,23,24
GALK;SEAHCYSHYD,1,0,22,25
GALK;SEAHCYStn,1,0,22,25
GALK;SEASMETtn,1,0,22,25
GALK;SELMETAT,1,0,22,25
GALK;SPODMn,1,0,22,25
GALK;SUCOAS1m,0,1,23,24
GALK;THFtm,0,1,23,24
GALK;UPPN,0,1,23,24
GALM2;GNDer,0,1,23,24
GALM2;HCO3E,1,0,22,25
GALM2;Htr,0,1,23,24
GALM2;ICDHyrm,0,1,23,24
GALM2;L_LACtcm,0,3,23,22
GALM2;L_LACtm,0,3,23,22
GALM2;MMSAD3m,0,1,23,24
GALM2;NTD1,0,1,23,24
GALM2;OXALSUCCCLm,0,1,23,24
GALM2;PGLer,0,1,23,24
GALM2;PIGTHRDLtm,0,1,23,24
GALM2;SUCOAS1m,0,1,23,24
GALM2;THFtm,0,1,23,24
GALM2;UPPN,0,1,23,24
GALNTg;GDPFUCtg,0,1,23,24
GALNTg;GDPtg,0,1,23,24
GALNTg;GFUCS,0,1,23,24
GALNTg;GMAND,0,1,23,24
GALNTg;GMPtg,0,1,23,24
GALNTg;GNDer,0,1,23,24
GALNTg;H2O2tn,1,0,22,25
GALNTg;HCO3E,1,0,22,25
GALNTg;MAN1PT2,0,1,23,24
GALNTg;MAN6PI,0,1,23,24
GALNTg;MTHFR3,1,0,22,25
GALNTg;O2St,1,0,22,25
GALNTg;O2Stn,1,0,22,25
GALNTg;O2tn,1,0,22,25
GALNTg;PGLer,0,1,23,24
GALNTg;PMANM,0,1,23,24
GALNTg;SEAHCYSHYD,1,0,22,25
GALNTg;SEAHCYStn,1,0,22,25
GALNTg;SEASMETtn,1,0,22,25
GALNTg;SELMETAT,1,0,22,25
GALNTg;SPODMn,1,0,22,25
GALNTg;UDPGNP,1,0,22,25
GALU;GNDer,0,1,23,24
GALU;H2O2tn,1,0,22,25
GALU;HCO3E,1,0,22,25
GALU;HCO3Em,1,0,22,25
GALU;HMGCOAtx,0,1,23,24
GALU;HMGLx,0,1,23,24
GALU;Htr,4,2,19,23
GALU;ICDHyrm,0,1,23,24
GALU;ICITACONtm,1,0,22,25
GALU;L_LACtcm,0,4,23,21
GALU;L_LACtm,0,4,23,21
GALU;MMSAD3m,0,2,23,23
GALU;MTHFR3,1,0,22,25
GALU;NH4tm,0,1,23,24
GALU;NTD1,1,3,22,22
GALU;O2St,1,0,22,25
GALU;O2Stn,1,0,22,25
GALU;O2tn,1,0,22,25
GALU;OCBTm,1,1,22,24
GALU;OXALSUCCCLm,0,1,23,24
GALU;PGLer,0,1,23,24
GALU;PIGTHRDLtm,0,1,23,24
GALU;PIter,0,1,23,24
GALU;PROtm,1,0,22,25
GALU;R5Ptr,1,0,22,25
GALU;RPIr,1,0,22,25
GALU;RU5Ptr,1,0,22,25
GALU;SEAHCYSHYD,1,0,22,25
GALU;SEAHCYStn,1,0,22,25
GALU;SEASMETtn,1,0,22,25
GALU;SELMETAT,1,0,22,25
GALU;SPODMn,1,0,22,25
GALU;SUCCICITtm,0,1,23,24
GALU;SUCOAS1m,0,1,23,24
GALU;THFtm,0,1,23,24
GALU;THRA,0,1,23,24
GALU;UPPN,0,2,23,23
GALtly;GNDer,0,1,23,24
GALtly;H2O2tn,1,0,22,25
GALtly;MTHFR3,1,0,22,25
GALtly;O2St,1,0,22,25
GALtly;O2Stn,1,0,22,25
GALtly;O2tn,1,0,22,25
GALtly;PGLer,0,1,23,24
GALtly;SEAHCYSHYD,1,0,22,25
GALtly;SEAHCYStn,1,0,22,25
GALtly;SEASMETtn,1,0,22,25
GALtly;SELMETAT,1,0,22,25
GALtly;SPODMn,1,0,22,25
GALtly;UDPGNP,1,0,22,25
GAPD;GLYALDORy,0,1,23,24
GAPD;GLYC3Ptm,0,1,23,24
GAPD;GLYCK2,0,3,23,22
GAPD;GLYCtm,0,1,23,24
GAPD;GPAM_hs,0,1,23,24
GAPD;GPAMm_hs,0,1,23,24
GAPD;H2O2tn,0,1,23,24
GAPD;HKYNH,0,1,23,24
GAPD;KYN3OX,0,1,23,24
GAPD;LPS3m,0,1,23,24
GAPD;MTHFR3,0,1,23,24
GAPD;NACDe,0,1,23,24
GAPD;NACPRT,0,1,23,24
GAPD;NCAMDe,0,1,23,24
GAPD;NMNDA,0,1,23,24
GAPD;NMNS,0,3,23,22
GAPD;NNDPR,0,1,23,24
GAPD;O2St,0,1,23,24
GAPD;O2Stn,0,1,23,24
GAPD;O2tn,0,1,23,24
GAPD;PEPCK,12,11,11,14
GAPD;PIter,0,2,23,23
GAPD;PPCOACRNtm,0,1,23,24
GAPD;QUILSYN,0,1,23,24
GAPD;RTOTALCRNCPT1,0,1,23,24
GAPD;RTOTALCRNCPT2,0,1,23,24
GAPD;RTOTALCRNt,0,1,23,24
GAPD;R_group_phosphotase_1,0,1,23,24
GAPD;Rtotaltm,0,1,23,24
GAPD;SEAHCYSHYD,0,1,23,24
GAPD;SEAHCYStn,0,1,23,24
GAPD;SEASMETtn,0,1,23,24
GAPD;SELMETAT,0,1,23,24
GAPD;SPODMn,0,1,23,24
GAPD;TRPO2,0,1,23,24
GCALDD;GLUDym,2,0,21,25
GCALDD;GTPGDPtm,0,1,23,24
GCALDD;HCO3Em,1,0,22,25
GCALDD;L_LACtcm,0,1,23,24
GCALDD;L_LACtm,0,1,23,24
GCALDD;NDPK1,0,1,23,24
GCALDD;PROGLUtm,0,1,23,24
GCALDD;PROtm,0,1,23,24
GCALDD;SUCOAS1m,0,1,23,24
GCALDDm;THRA,1,0,22,25
GCHOLAt2e;GLUDym,0,1,23,24
GCHOLAt;GLUDym,0,1,23,24
GCHOLAte;GLUDym,0,1,23,24
GCHOLAtx;GLUDym,2,3,21,22
GDPFUCtg;GLUDxm,0,1,23,24
GDPFUCtg;KSII_CORE2t,0,1,23,24
GDPFUCtg;MMSAD3m,0,1,23,24
GDPFUCtg;N3Tg,0,1,23,24
GDPFUCtg;NH4tm,0,1,23,24
GDPFUCtg;PAPStg,0,1,23,24
GDPFUCtg;PAPtg,0,1,23,24
GDPFUCtg;S23T2g,0,1,23,24
GDPFUCtg;S6T1g,0,1,23,24
GDPFUCtg;S6T2g,0,1,23,24
GDPFUCtg;S6T3g,0,1,23,24
GDPFUCtg;SADT,0,1,23,24
GDPFUCtg;THFtm,0,1,23,24
GDPFUCtg;UAG4E,0,1,23,24
GDPFUCtg;UGALNACtg,0,1,23,24
GDPtg;GLUDxm,0,1,23,24
GDPtg;KSII_CORE2t,0,1,23,24
GDPtg;MMSAD3m,0,1,23,24
GDPtg;N3Tg,0,1,23,24
GDPtg;NH4tm,0,1,23,24
GDPtg;PAPStg,0,1,23,24
GDPtg;PAPtg,0,1,23,24
GDPtg;S23T2g,0,1,23,24
GDPtg;S6T1g,0,1,23,24
GDPtg;S6T2g,0,1,23,24
GDPtg;S6T3g,0,1,23,24
GDPtg;SADT,0,1,23,24
GDPtg;THFtm,0,1,23,24
GDPtg;UAG4E,0,1,23,24
GDPtg;UGALNACtg,0,1,23,24
GF6PTA;HCO3E,1,0,22,25
GF6PTA;R5Ptr,1,0,22,25
GF6PTA;RPIr,1,0,22,25
GF6PTA;RU5Ptr,1,0,22,25
GF6PTA;UDPGNP,1,0,22,25
GFUCS;GLUDxm,0,1,23,24
GFUCS;KSII_CORE2t,0,1,23,24
GFUCS;MMSAD3m,0,1,23,24
GFUCS;N3Tg,0,1,23,24
GFUCS;NH4tm,0,1,23,24
GFUCS;PAPStg,0,1,23,24
GFUCS;PAPtg,0,1,23,24
GFUCS;S23T2g,0,1,23,24
GFUCS;S6T1g,0,1,23,24
GFUCS;S6T2g,0,1,23,24
GFUCS;S6T3g,0,1,23,24
GFUCS;SADT,0,1,23,24
GFUCS;THFtm,0,1,23,24
GFUCS;UAG4E,0,1,23,24
GFUCS;UGALNACtg,0,1,23,24
GHMT2r;GLYtm,0,1,23,24
GHMT2r;GluForTx,15,16,8,9
GHMT2r;HISD,15,16,8,9
GHMT2r;IZPN,15,16,8,9
GHMT2r;MTHFD,3,4,20,21
GHMT2r;MTHFD2,12,12,11,13
GHMT2r;SERALANaEx,0,1,23,24
GHMT2r;SERt4,12,5,11,20
GHMT2r;URCN,15,16,8,9
GHMT2rm;GluForTx,0,2,23,23
GHMT2rm;HISD,0,2,23,23
GHMT2rm;IZPN,0,2,23,23
GHMT2rm;MTHFC,0,2,23,23
GHMT2rm;THFtm,0,2,23,23
GHMT2rm;URCN,0,2,23,23
GLACter;GTPGDPtm,0,1,23,24
GLACter;H2O2tn,1,0,22,25
GLACter;MTHFR3,1,0,22,25
GLACter;NDPK1,0,1,23,24
GLACter;O2St,1,0,22,25
GLACter;O2Stn,1,0,22,25
GLACter;O2tn,1,0,22,25
GLACter;PROGLUtm,0,1,23,24
GLACter;PROtm,0,1,23,24
GLACter;SEAHCYSHYD,1,0,22,25
GLACter;SEAHCYStn,1,0,22,25
GLACter;SEASMETtn,1,0,22,25
GLACter;SELMETAT,1,0,22,25
GLACter;SPODMn,1,0,22,25
GLACter;SUCOAS1m,0,1,23,24
GLCMter;NMNS,0,1,23,24
GLCOASYNT;PPItm,0,1,23,24
GLCURter;GNDer,0,1,23,24
GLCURter;GTPGDPtm,0,1,23,24
GLCURter;H2O2tn,1,0,22,25
GLCURter;HCO3Em,1,0,22,25
GLCURter;L_LACtcm,0,1,23,24
GLCURter;L_LACtm,0,1,23,24
GLCURter;MTHFR3,1,0,22,25
GLCURter;NDPK1,0,1,23,24
GLCURter;O2St,1,0,22,25
GLCURter;O2Stn,1,0,22,25
GLCURter;O2tn,1,0,22,25
GLCURter;PGLer,0,1,23,24
GLCURter;PROGLUtm,0,1,23,24
GLCURter;PROtm,0,1,23,24
GLCURter;SEAHCYSHYD,1,0,22,25
GLCURter;SEAHCYStn,1,0,22,25
GLCURter;SEASMETtn,1,0,22,25
GLCURter;SELMETAT,1,0,22,25
GLCURter;SPODMn,1,0,22,25
GLCURter;SUCOAS1m,0,1,23,24
GLCURtly;GNDer,0,1,23,24
GLCURtly;H2O2tn,1,0,22,25
GLCURtly;MTHFR3,1,0,22,25
GLCURtly;O2St,1,0,22,25
GLCURtly;O2Stn,1,0,22,25
GLCURtly;O2tn,1,0,22,25
GLCURtly;PGLer,0,1,23,24
GLCURtly;SEAHCYSHYD,1,0,22,25
GLCURtly;SEAHCYStn,1,0,22,25
GLCURtly;SEASMETtn,1,0,22,25
GLCURtly;SELMETAT,1,0,22,25
GLCURtly;SPODMn,1,0,22,25
GLCURtly;UDPGNP,1,0,22,25
GLCt1r;GLCt2_2,0,1,23,24
GLCt1r;GLCt4,1,11,22,14
GLCt1r;GLCt4_2,0,1,23,24
GLCter;HEX1,1,2,22,23
GLCter;NMNS,0,1,23,24
GLCter;PIter,0,1,23,24
GLNLASEer;GTPGDPtm,0,1,23,24
GLNLASEer;NDPK1,0,1,23,24
GLNLASEer;PROGLUtm,0,1,23,24
GLNLASEer;PROtm,0,1,23,24
GLNLASEer;SUCOAS1m,0,1,23,24
GLNS;HMGL,0,1,23,24
GLNS;OCOAT1m,0,1,23,24
GLNt4;GLNtN1,1,14,22,11
GLNtN1;HMGL,0,1,23,24
GLNtN1;OCOAT1m,0,1,23,24
GLRASE;GTPGDPtm,0,1,23,24
GLRASE;H2O2tn,1,0,22,25
GLRASE;MTHFR3,1,0,22,25
GLRASE;NDPK1,0,1,23,24
GLRASE;O2St,1,0,22,25
GLRASE;O2Stn,1,0,22,25
GLRASE;O2tn,1,0,22,25
GLRASE;PROGLUtm,0,1,23,24
GLRASE;PROtm,0,1,23,24
GLRASE;SEAHCYSHYD,1,0,22,25
GLRASE;SEAHCYStn,1,0,22,25
GLRASE;SEASMETtn,1,0,22,25
GLRASE;SELMETAT,1,0,22,25
GLRASE;SPODMn,1,0,22,25
GLRASE;SUCOAS1m,0,1,23,24
GLU5SAtmc;GLXtm,0,1,23,24
GLU5SAtmc;GLXtp,0,1,23,24
GLU5SAtmc;HMGL,0,1,23,24
GLU5SAtmc;MMMm,0,1,23,24
GLU5SAtmc;MMTSADm,0,1,23,24
GLU5SAtmc;NTD2,0,1,23,24
GLU5SAtmc;O2Stm,0,1,23,24
GLU5SAtmc;OCOAT1m,0,1,23,24
GLU5SAtmc;PPM2,0,1,23,24
GLU5SAtmc;PROtm,1,0,22,25
GLU5SAtmc;PYNP2r,0,1,23,24
GLUDC;PROtm,1,0,22,25
GLUDxm;ARTFR42,0,1,23,24
GLUDxm;GLUDym,1,6,22,19
GLUDxm;GLYATm,4,6,19,19
GLUDxm;GLYtm,3,5,20,20
GLUDxm;GMAND,0,1,23,24
GLUDxm;GMPtg,0,1,23,24
GLUDxm;GTPGDPtm,1,0,22,25
GLUDxm;H2Oter,0,1,23,24
GLUDxm;HACD1m,0,1,23,24
GLUDxm;HACD9m,1,1,22,24
GLUDxm;HBZOPT10m,1,0,22,25
GLUDxm;HGNTOR,5,0,18,25
GLUDxm;HMGCOASi,1,0,22,25
GLUDxm;HMGLm,0,1,23,24
GLUDxm;ICDHyrm,1,0,22,25
GLUDxm;ITCOAL1m,1,0,22,25
GLUDxm;L_LACtcm,0,1,23,24
GLUDxm;L_LACtm,0,1,23,24
GLUDxm;MACACIr,5,0,18,25
GLUDxm;MAN1PT2,0,1,23,24
GLUDxm;MAN6PI,0,1,23,24
GLUDxm;MTHGXLt,0,1,23,24
GLUDxm;O2tp,1,0,22,25
GLUDxm;OCDE9ECOAtr,0,1,23,24
GLUDxm;OXALSUCCCLm,1,0,22,25
GLUDxm;P5CRxm,0,1,23,24
GLUDxm;PCRNtm,1,1,22,24
GLUDxm;PGI,0,1,23,24
GLUDxm;PIATPLtm,2,0,21,25
GLUDxm;PMANM,0,1,23,24
GLUDxm;PPCOAtm,0,2,23,23
GLUDxm;PPItm,3,0,20,25
GLUDxm;PROD2m,0,1,23,24
GLUDxm;PYRtm,1,0,22,25
GLUDxm;Q10H2e,1,0,22,25
GLUDxm;RTOT4,0,1,23,24
GLUDxm;Rtotalcoatx,1,0,22,25
GLUDxm;Rtotaltp,1,0,22,25
GLUDxm;T4HCINNMFM,1,0,22,25
GLUDxm;THR3Dx,4,6,19,19
GLUDxm;THRA,0,1,23,24
GLUDxm;TIGGLYc,1,1,22,24
GLUDxm;TIGGLYte,1,1,22,24
GLUDxm;TIGGLYtm,1,1,22,24
GLUDxm;TTDCPT1,0,1,23,24
GLUDxm;TTDCPT2,0,1,23,24
GLUDxm;TTDCRNt,0,1,23,24
GLUDxm;TYRTA,5,0,18,25
GLUDxm;TYRTAm,1,0,22,25
GLUDxm;TYRtl,1,0,22,25
GLUDxm;UGCGc,0,1,23,24
GLUDxm;XOL25OHOR,1,0,22,25
GLUDxm;q10h2tc,1,0,22,25
GLUDym;GLXtm,0,1,23,24
GLUDym;GLXtp,0,1,23,24
GLUDym;GLYATm,1,5,22,20
GLUDym;GLYCLTtp,2,0,21,25
GLUDym;GLYCTO1p,2,0,21,25
GLUDym;GLYtm,2,3,21,22
GLUDym;GTPGDPtm,1,0,22,25
GLUDym;H2O2tp,0,1,23,24
GLUDym;H2Otm,0,1,23,24
GLUDym;H2Otp,1,1,22,24
GLUDym;HACD9m,1,2,22,23
GLUDym;HCO3Em,0,2,23,23
GLUDym;HGNTOR,1,0,22,25
GLUDym;HOMOVALte,0,1,23,24
GLUDym;HSD17B4x,1,0,22,25
GLUDym;HSD3B7,1,1,22,24
GLUDym;HSD3B7P,0,1,23,24
GLUDym;ICDHyr,0,1,23,24
GLUDym;ICDHyrm,1,1,22,24
GLUDym;ITCOAL1m,1,0,22,25
GLUDym;LAC_Ltx,0,2,23,23
GLUDym;LDH_L,0,2,23,23
GLUDym;LDH_Lp,0,2,23,23
GLUDym;MACACIr,1,0,22,25
GLUDym;NH4tm,0,2,23,23
GLUDym;NH4tp,0,2,23,23
GLUDym;O2tp,8,3,15,22
GLUDym;OCBTm,0,2,23,23
GLUDym;OXALSUCCCL,0,1,23,24
GLUDym;OXALSUCCCLm,1,1,22,24
GLUDym;P45027A11m,2,4,21,21
GLUDym;P45027A12m,2,4,21,21
GLUDym;P45027A13m,2,4,21,21
GLUDym;P4507A1r,1,2,22,23
GLUDym;P4508B11r,2,1,21,24
GLUDym;P4508B13r,0,3,23,22
GLUDym;PCRNtm,1,2,22,23
GLUDym;PIGTHRDLtm,0,1,23,24
GLUDym;PIMALtm,1,0,22,25
GLUDym;PPA,0,1,23,24
GLUDym;PPIOGLYc,0,1,23,24
GLUDym;PPIOGLYte,0,1,23,24
GLUDym;PPIOGLYtm,0,1,23,24
GLUDym;PPItm,1,0,22,25
GLUDym;PYRAKGte,0,1,23,24
GLUDym;Rtotalcoatx,1,0,22,25
GLUDym;Rtotaltp,1,0,22,25
GLUDym;SCPx,2,4,21,21
GLUDym;SO4AKGtm,1,0,22,25
GLUDym;SO4MALtm,1,0,22,25
GLUDym;SUCCACONtm,1,0,22,25
GLUDym;TAURtp,0,1,23,24
GLUDym;THCHOLSTOICtm,2,4,21,21
GLUDym;THFtm,1,0,22,25
GLUDym;THR3Dx,1,5,22,20
GLUDym;THRA,2,1,21,24
GLUDym;TIGGLYc,1,2,22,23
GLUDym;TIGGLYte,1,2,22,23
GLUDym;TIGGLYtm,1,2,22,23
GLUDym;TYRDOPO,0,1,23,24
GLUDym;TYRTA,1,0,22,25
GLUDym;URPT,1,0,22,25
GLUDym;VLCSp,2,4,21,21
GLUDym;XOL25OHOR,1,2,22,23
GLUDym;XOLDIOLONEt,2,4,21,21
GLUDym;XOLTRIOLtm,2,4,21,21
GLUTCOADHm;PPItm,0,1,23,24
GLUt2m;PIt2m_2,0,1,23,24
GLXtm;GLYATm,1,2,22,23
GLXtm;GLYtm,1,1,22,24
GLXtm;GSADHm,0,1,23,24
GLXtm;GTPGDPtm,0,1,23,24
GLXtm;HCO3Em,1,0,22,25
GLXtm;ICDHyrm,0,1,23,24
GLXtm;ICITMALtm,0,1,23,24
GLXtm;L_LACtcm,0,2,23,23
GLXtm;L_LACtm,0,2,23,23
GLXtm;MMSAD3m,0,3,23,22
GLXtm;NDPK1,0,1,23,24
GLXtm;NTD1,1,2,22,23
GLXtm;OAADC,0,1,23,24
GLXtm;OXALSUCCCLm,0,1,23,24
GLXtm;PPCOAOm,0,1,23,24
GLXtm;PROGLUtm,0,1,23,24
GLXtm;PROtm,0,1,23,24
GLXtm;PRPNCOAHYDm,0,1,23,24
GLXtm;SUCOAS1m,0,1,23,24
GLXtm;THFtm,0,1,23,24
GLXtm;THR3Dx,1,2,22,23
GLXtm;THRA,1,1,22,24
GLXtm;UPPN,0,2,23,23
GLXtp;GLYATm,1,2,22,23
GLXtp;GLYtm,1,1,22,24
GLXtp;GSADHm,0,1,23,24
GLXtp;GTPGDPtm,0,1,23,24
GLXtp;HCO3Em,1,0,22,25
GLXtp;ICDHyrm,0,1,23,24
GLXtp;ICITMALtm,0,1,23,24
GLXtp;L_LACtcm,0,2,23,23
GLXtp;L_LACtm,0,2,23,23
GLXtp;MMSAD3m,0,3,23,22
GLXtp;NDPK1,0,1,23,24
GLXtp;NTD1,1,2,22,23
GLXtp;OAADC,0,1,23,24
GLXtp;OXALSUCCCLm,0,1,23,24
GLXtp;PPCOAOm,0,1,23,24
GLXtp;PROGLUtm,0,1,23,24
GLXtp;PROtm,0,1,23,24
GLXtp;PRPNCOAHYDm,0,1,23,24
GLXtp;SUCOAS1m,0,1,23,24
GLXtp;THFtm,0,1,23,24
GLXtp;THR3Dx,1,2,22,23
GLXtp;THRA,1,1,22,24
GLXtp;UPPN,0,2,23,23
GLYALDORy;GPAM_hs,0,1,23,24
GLYALDORy;HEX1,0,1,23,24
GLYALDORy;PGK,0,1,23,24
GLYALDORy;PGM,0,1,23,24
GLYATm;ARTFR13,0,1,23,24
GLYATm;ARTFR32,0,1,23,24
GLYATm;ARTFR42,0,1,23,24
GLYATm;GLYCLTtp,1,1,22,24
GLYATm;GLYCTO1p,1,1,22,24
GLYATm;HACD180,0,1,23,24
GLYATm;HACD1m,0,7,23,18
GLYATm;HGNTOR,0,1,23,24
GLYATm;HSD180,0,1,23,24
GLYATm;L_LACtcm,0,1,23,24
GLYATm;L_LACtm,0,1,23,24
GLYATm;MACACIr,0,1,23,24
GLYATm;MALCOAMT,0,1,23,24
GLYATm;MALCOAMTr,0,1,23,24
GLYATm;NADHtru,0,1,23,24
GLYATm;NADtru,0,1,23,24
GLYATm;O2tp,1,1,22,24
GLYATm;OCDE9ECOAtr,0,1,23,24
GLYATm;PItx,1,0,22,25
GLYATm;PMTCOAFABP1tc,0,1,23,24
GLYATm;PPA,1,2,22,23
GLYATm;PPItm,0,2,23,23
GLYATm;RPE,0,1,23,24
GLYATm;RTOT1,0,1,23,24
GLYATm;RTOT3,0,1,23,24
GLYATm;RTOT4,0,1,23,24
GLYATm;SERt4,0,1,23,24
GLYATm;TCHOLAabc,1,0,22,25
GLYATm;TCHOLAtx,1,0,22,25
GLYATm;TECR180,0,1,23,24
GLYATm;THFtm,2,2,21,23
GLYATm;THRA,0,2,23,23
GLYATm;TKT1,0,1,23,24
GLYATm;TKT2,0,1,23,24
GLYATm;TTDCPT1,0,1,23,24
GLYATm;TTDCPT2,0,1,23,24
GLYATm;TTDCRNt,0,1,23,24
GLYBtm;HACD1m,0,1,23,24
GLYBtm;ICDHyrm,1,0,22,25
GLYBtm;OXALSUCCCLm,1,0,22,25
GLYC3Ptm;GLYC3Ptmc,2,4,21,21
GLYC3Ptm;NH4t3r,1,0,22,25
GLYC3Ptm;NH4tm,0,1,23,24
GLYC3Ptm;PGK,0,1,23,24
GLYC3Ptm;PGM,0,1,23,24
GLYC3Ptmc;GPDDA1,0,1,23,24
GLYC3Ptmc;HCO3Em,0,1,23,24
GLYC3Ptmc;LPASE,0,1,23,24
GLYC3Ptmc;NH4tm,0,1,23,24
GLYC3Ptmc;OCBTm,0,1,23,24
GLYC3Ptmc;ORNt4m,0,1,23,24
GLYC3Ptmc;PCRNtm,0,1,23,24
GLYC3Ptmc;PIMALtm,0,2,23,23
GLYC3Ptmc;R_group_phosphotase_1,0,1,23,24
GLYC3Ptmc;SO4AKGtm,0,1,23,24
GLYC3Ptmc;SO4MALtm,0,1,23,24
GLYCK2;PGK,0,2,23,23
GLYCK2;PGM,0,2,23,23
GLYCLTtm;THRA,1,0,22,25
GLYCLTtp;GLYtm,1,0,22,25
GLYCLTtp;GTPGDPtm,0,1,23,24
GLYCLTtp;HCO3Em,1,0,22,25
GLYCLTtp;L_LACtcm,0,1,23,24
GLYCLTtp;L_LACtm,0,1,23,24
GLYCLTtp;NDPK1,0,1,23,24
GLYCLTtp;PROGLUtm,0,1,23,24
GLYCLTtp;PROtm,0,1,23,24
GLYCLTtp;SUCOAS1m,0,1,23,24
GLYCLTtp;THR3Dx,1,1,22,24
GLYCLTtp;THRA,1,0,22,25
GLYCTO1p;GLYtm,1,0,22,25
GLYCTO1p;GTPGDPtm,0,1,23,24
GLYCTO1p;HCO3Em,1,0,22,25
GLYCTO1p;L_LACtcm,0,1,23,24
GLYCTO1p;L_LACtm,0,1,23,24
GLYCTO1p;NDPK1,0,1,23,24
GLYCTO1p;PROGLUtm,0,1,23,24
GLYCTO1p;PROtm,0,1,23,24
GLYCTO1p;SUCOAS1m,0,1,23,24
GLYCTO1p;THR3Dx,1,1,22,24
GLYCTO1p;THRA,1,0,22,25
GLYCtm;GPAM_hs,0,1,23,24
GLYCtm;PCRNtm,0,1,23,24
GLYCtm;PGK,0,1,23,24
GLYCtm;PGM,0,1,23,24
GLYKm;GPAM_hs,0,1,23,24
GLYOp;MMSAD3m,0,1,23,24
GLYOp;THFtm,0,1,23,24
GLYOp;THRD_L,1,1,22,24
GLYOp;UPPN,0,1,23,24
GLYt4;GLYtp,1,0,22,25
GLYtm;GTPGDPtm,0,1,23,24
GLYtm;HCO3Em,0,1,23,24
GLYtm;HCO3tm,0,1,23,24
GLYtm;ICDHyrm,1,0,22,25
GLYtm;L_LACtcm,0,2,23,23
GLYtm;L_LACtm,0,2,23,23
GLYtm;NDPK1,0,1,23,24
GLYtm;O2tp,0,1,23,24
GLYtm;OXALSUCCCLm,1,0,22,25
GLYtm;PPA,1,0,22,25
GLYtm;PROGLUtm,0,1,23,24
GLYtm;SERt4,0,1,23,24
GLYtm;SUCOAS1m,0,1,23,24
GLYtm;THFtm,0,1,23,24
GLYtm;THRA,1,2,22,23
GLYtp;ICDHyrm,1,0,22,25
GLYtp;OXALSUCCCLm,1,0,22,25
GLYtp;THRA,1,0,22,25
GLYtp;THRD_L,0,1,23,24
GMAND;KSII_CORE2t,0,1,23,24
GMAND;MMSAD3m,0,1,23,24
GMAND;N3Tg,0,1,23,24
GMAND;NH4tm,0,1,23,24
GMAND;PAPStg,0,1,23,24
GMAND;PAPtg,0,1,23,24
GMAND;S23T2g,0,1,23,24
GMAND;S6T1g,0,1,23,24
GMAND;S6T2g,0,1,23,24
GMAND;S6T3g,0,1,23,24
GMAND;SADT,0,1,23,24
GMAND;THFtm,0,1,23,24
GMAND;UAG4E,0,1,23,24
GMAND;UGALNACtg,0,1,23,24
GMPtg;KSII_CORE2t,0,1,23,24
GMPtg;MMSAD3m,0,1,23,24
GMPtg;N3Tg,0,1,23,24
GMPtg;NH4tm,0,1,23,24
GMPtg;PAPStg,0,1,23,24
GMPtg;PAPtg,0,1,23,24
GMPtg;S23T2g,0,1,23,24
GMPtg;S6T1g,0,1,23,24
GMPtg;S6T2g,0,1,23,24
GMPtg;S6T3g,0,1,23,24
GMPtg;SADT,0,1,23,24
GMPtg;THFtm,0,1,23,24
GMPtg;UAG4E,0,1,23,24
GMPtg;UGALNACtg,0,1,23,24
GND;NAtm,0,1,23,24
GND;O2t,0,2,23,23
GND;PGI,0,1,23,24
GND;Pit4,0,1,23,24
GND;RPE,0,1,23,24
GND;TALA,0,1,23,24
GND;THFtm,0,1,23,24
GND;TKT1,0,1,23,24
GND;TKT2,0,1,23,24
GND;TPI,0,1,23,24
GNDer;GULN3D,0,1,23,24
GNDer;GULNDer,0,1,23,24
GNDer;GULNter,0,1,23,24
GNDer;H2Otg,0,1,23,24
GNDer;H2Otly,0,1,23,24
GNDer;HAS1,0,1,23,24
GNDer;HAS2,0,1,23,24
GNDer;HAtly,0,1,23,24
GNDer;HYAL,0,1,23,24
GNDer;Htg,0,1,23,24
GNDer;NACHEX24ly,0,1,23,24
GNDer;NACHEX25ly,0,1,23,24
GNDer;NADPHtru,0,2,23,23
GNDer;NADPtru,0,2,23,23
GNDer;NAGA2ly,0,1,23,24
GNDer;NAGLCAly,0,1,23,24
GNDer;NDP7g,0,1,23,24
GNDer;NDPK3,0,1,23,24
GNDer;PAPStg,0,1,23,24
GNDer;PAPtg,0,1,23,24
GNDer;PGI,0,1,23,24
GNDer;PGMT,0,1,23,24
GNDer;PIter,0,1,23,24
GNDer;PItg,0,1,23,24
GNDer;RPE,0,2,23,23
GNDer;RU5Ptr,0,2,23,23
GNDer;S6TASE24ly,0,1,23,24
GNDer;SADT,0,1,23,24
GNDer;SO4tl,0,1,23,24
GNDer;Ser/Thrtg,0,1,23,24
GNDer;TALA,0,1,23,24
GNDer;TKT1,0,1,23,24
GNDer;TKT2,0,1,23,24
GNDer;UAGDP,0,1,23,24
GNDer;UDPACGALtl,0,1,23,24
GNDer;UDPG4E,0,1,23,24
GNDer;UDPGALtg,0,1,23,24
GNDer;UDPGD,0,1,23,24
GNDer;UDPtl,0,1,23,24
GNDer;UGALNACtg,0,1,23,24
GNDer;UGLCNACtg,0,1,23,24
GNDer;XYLK,0,1,23,24
GNDer;XYLTD_Dr,0,1,23,24
GNDer;XYLURx,0,1,23,24
GNMT;AKGtn,0,1,23,24
GNMT;CO2tn,0,1,23,24
GNMT;FALDtn,0,1,23,24
GNMT;HBZOPT10m,7,5,16,20
GNMT;HCO3Em,0,1,23,24
GNMT;ICDHyrm,1,0,22,25
GNMT;OXALSUCCCLm,1,0,22,25
GNMT;PIATPLtm,1,0,22,25
GNMT;PPItm,4,3,19,22
GNMT;Q10H2e,7,5,16,20
GNMT;T4HCINNMFM,7,5,16,20
GNMT;THRD_L,2,3,21,22
GNMT;TYRTAm,7,5,16,20
GNMT;TYRtl,7,5,16,20
GNMT;q10h2tc,7,5,16,20
GPAM_hs;ARTPLM1m,0,1,23,24
GPAM_hs;GPAMm_hs,0,1,23,24
GPAM_hs;KHK,0,1,23,24
GPAM_hs;NDPK3m,0,1,23,24
GPAM_hs;NTD2,0,1,23,24
GPAM_hs;PGM,0,1,23,24
GPAM_hs;PMTCOAFABP1tc,0,1,23,24
GPAM_hs;PMTCOAPTr,0,1,23,24
GPAM_hs;PPItm,0,1,23,24
GPAM_hs;SBTD_D2,0,1,23,24
GPAM_hs;SBTR,0,1,23,24
GPAM_hs;TPI,0,1,23,24
GPAM_hs;URIK4,0,1,23,24
GPAMm_hs;PCRNtm,0,1,23,24
GPAMm_hs;PGK,0,1,23,24
GPAMm_hs;PGM,0,1,23,24
GSADHm;HMGL,0,1,23,24
GSADHm;MMMm,0,1,23,24
GSADHm;MMTSADm,0,1,23,24
GSADHm;NTD2,0,1,23,24
GSADHm;O2Stm,0,1,23,24
GSADHm;OCOAT1m,0,1,23,24
GSADHm;PPM2,0,1,23,24
GSADHm;PROtm,1,0,22,25
GSADHm;PYNP2r,0,1,23,24
GTHP;O2t,0,1,23,24
GTPGDPtm;AKGtn,0,1,23,24
GTPGDPtm;CO2tn,0,1,23,24
GTPGDPtm;FALDtn,0,1,23,24
GTPGDPtm;GULLACter,0,1,23,24
GTPGDPtm;GULN3D,0,1,23,24
GTPGDPtm;GULNter,0,1,23,24
GTPGDPtm;HACD1m,1,0,22,25
GTPGDPtm;HMGDH,0,1,23,24
GTPGDPtm;HMGS,0,1,23,24
GTPGDPtm;ICDHyrm,0,1,23,24
GTPGDPtm;ICITACONtm,1,0,22,25
GTPGDPtm;INOSTO,0,1,23,24
GTPGDPtm;KHK2,0,1,23,24
GTPGDPtm;LALDD,0,1,23,24
GTPGDPtm;LCADi_D,0,1,23,24
GTPGDPtm;LDH_D,0,1,23,24
GTPGDPtm;L_LACtcm,0,1,23,24
GTPGDPtm;L_LACtm,0,1,23,24
GTPGDPtm;MGSA,0,1,23,24
GTPGDPtm;NADHtru,1,0,22,25
GTPGDPtm;NADtru,1,0,22,25
GTPGDPtm;NDPK1,1,2,22,23
GTPGDPtm;O2t,0,1,23,24
GTPGDPtm;OCBTm,0,1,23,24
GTPGDPtm;OXALSUCCCLm,0,1,23,24
GTPGDPtm;OXAPItm,0,1,23,24
GTPGDPtm;PIGTHRDLtm,0,1,23,24
GTPGDPtm;PIMALtm,1,0,22,25
GTPGDPtm;PPItm,1,0,22,25
GTPGDPtm;PROGLUtm,0,1,23,24
GTPGDPtm;PROtm,1,1,22,24
GTPGDPtm;SFGTH,0,1,23,24
GTPGDPtm;SO4AKGtm,1,0,22,25
GTPGDPtm;SO4MALtm,1,0,22,25
GTPGDPtm;SSALym,0,1,23,24
GTPGDPtm;SUCCACONtm,1,0,22,25
GTPGDPtm;UROLACer,0,1,23,24
GTPGDPtm;XYLTD_Dr,0,1,23,24
GTPGDPtm;XYLUR,0,1,23,24
GULLACter;H2O2tn,1,0,22,25
GULLACter;MTHFR3,1,0,22,25
GULLACter;NDPK1,0,1,23,24
GULLACter;O2St,1,0,22,25
GULLACter;O2Stn,1,0,22,25
GULLACter;O2tn,1,0,22,25
GULLACter;PROGLUtm,0,1,23,24
GULLACter;PROtm,0,1,23,24
GULLACter;SEAHCYSHYD,1,0,22,25
GULLACter;SEAHCYStn,1,0,22,25
GULLACter;SEASMETtn,1,0,22,25
GULLACter;SELMETAT,1,0,22,25
GULLACter;SPODMn,1,0,22,25
GULLACter;SUCOAS1m,0,1,23,24
GULN3D;HCO3Em,1,0,22,25
GULN3D;L_LACtcm,0,1,23,24
GULN3D;L_LACtm,0,1,23,24
GULN3D;NDPK1,0,1,23,24
GULN3D;PGLer,0,1,23,24
GULN3D;PROGLUtm,0,1,23,24
GULN3D;PROtm,0,1,23,24
GULN3D;SUCOAS1m,0,1,23,24
GULNDer;HCO3Em,1,0,22,25
GULNDer;L_LACtcm,0,1,23,24
GULNDer;L_LACtm,0,1,23,24
GULNDer;PGLer,0,1,23,24
GULNter;HCO3Em,1,0,22,25
GULNter;L_LACtcm,0,1,23,24
GULNter;L_LACtm,0,1,23,24
GULNter;NDPK1,0,1,23,24
GULNter;PGLer,0,1,23,24
GULNter;PROGLUtm,0,1,23,24
GULNter;PROtm,0,1,23,24
GULNter;SUCOAS1m,0,1,23,24
GluForTx;HCO3E,1,0,22,25
GluForTx;L_LACtcm,0,1,23,24
GluForTx;L_LACtm,0,1,23,24
GluForTx;MTHFCm,0,2,23,23
GluForTx;MTHFD,3,3,20,22
GluForTx;MTHFD2,12,11,11,14
GluForTx;MTHFDm,0,2,23,23
GluForTx;SERALANaEx,0,1,23,24
GluForTx;SERTm,0,2,23,23
GluForTx;SERt4,12,5,11,20
H2O2tm;O2tm,0,1,23,24
H2O2tn;H2Otg,1,0,22,25
H2O2tn;H2Otly,1,0,22,25
H2O2tn;HAS1,1,0,22,25
H2O2tn;HAS2,1,0,22,25
H2O2tn;HAtly,1,0,22,25
H2O2tn;HCO3E,1,0,22,25
H2O2tn;HYAL,1,0,22,25
H2O2tn;Htg,1,0,22,25
H2O2tn;METAT,1,2,22,23
H2O2tn;MI1PP,1,5,22,20
H2O2tn;NACHEX24ly,1,0,22,25
H2O2tn;NACHEX25ly,1,0,22,25
H2O2tn;NAGA2ly,1,0,22,25
H2O2tn;NAGLCAly,1,0,22,25
H2O2tn;NDP7g,1,0,22,25
H2O2tn;NDPK3,21,23,2,2
H2O2tn;NTD2,0,2,23,23
H2O2tn;NTD4,1,0,22,25
H2O2tn;O2t,7,18,16,7
H2O2tn;PAPStg,1,0,22,25
H2O2tn;PAPtg,1,0,22,25
H2O2tn;PGK,0,1,23,24
H2O2tn;PGM,0,1,23,24
H2O2tn;PGMT,1,0,22,25
H2O2tn;PIPLC,1,5,22,20
H2O2tn;PItg,1,0,22,25
H2O2tn;S6TASE24ly,1,0,22,25
H2O2tn;SADT,1,0,22,25
H2O2tn;SO4tl,1,0,22,25
H2O2tn;Ser/Thrtg,1,0,22,25
H2O2tn;UAGDP,1,0,22,25
H2O2tn;UDPACGALtl,1,0,22,25
H2O2tn;UDPGALtg,1,0,22,25
H2O2tn;UDPGD,1,0,22,25
H2O2tn;UDPtl,1,0,22,25
H2O2tn;UGALNACtg,1,0,22,25
H2O2tn;UGLCNACtg,1,0,22,25
H2O2tn;UGLT,1,0,22,25
H2O2tn;URIK4,0,2,23,23
H2O2tn;UROLACer,1,0,22,25
H2O2tp;MMSAD3m,0,1,23,24
H2O2tp;O2t,2,1,21,24
H2O2tp;UPPN,0,1,23,24
H2Oter;MMSAD3m,0,1,23,24
H2Oter;NADPHtru,0,1,23,24
H2Oter;NADPtru,0,1,23,24
H2Oter;NH4tm,0,1,23,24
H2Oter;NMNS,0,1,23,24
H2Oter;O2t,0,1,23,24
H2Oter;THFtm,0,1,23,24
H2Otg;HCO3E,1,0,22,25
H2Otg;MTHFR3,1,0,22,25
H2Otg;O2St,1,0,22,25
H2Otg;O2Stn,1,0,22,25
H2Otg;O2tn,1,0,22,25
H2Otg;PGLer,0,1,23,24
H2Otg;R5Ptr,1,0,22,25
H2Otg;RPIr,1,0,22,25
H2Otg;RU5Ptr,1,0,22,25
H2Otg;SEAHCYSHYD,1,0,22,25
H2Otg;SEAHCYStn,1,0,22,25
H2Otg;SEASMETtn,1,0,22,25
H2Otg;SELMETAT,1,0,22,25
H2Otg;SPODMn,1,0,22,25
H2Otg;UDPGNP,1,0,22,25
H2Otly;MTHFR3,1,0,22,25
H2Otly;O2St,1,0,22,25
H2Otly;O2Stn,1,0,22,25
H2Otly;O2tn,1,0,22,25
H2Otly;PGLer,0,1,23,24
H2Otly;SEAHCYSHYD,1,0,22,25
H2Otly;SEAHCYStn,1,0,22,25
H2Otly;SEASMETtn,1,0,22,25
H2Otly;SELMETAT,1,0,22,25
H2Otly;SPODMn,1,0,22,25
H2Otly;UDPGNP,1,0,22,25
H2Otm;HCO3Ee,0,1,23,24
H2Otm;HCO3Em,1,0,22,25
H2Otm;HMGCOASi,1,0,22,25
H2Otm;L_LACtcm,0,1,23,24
H2Otm;L_LACtm,0,1,23,24
H2Otm;O2Stm,1,0,22,25
H2Otm;OCBTm,3,0,20,25
H2Otm;ORNt4m,2,0,21,25
H2Otm;PPA,1,0,22,25
H2Otp;MMSAD3m,0,1,23,24
H2Otp;O2t,0,1,23,24
H2Otp;UPPN,0,1,23,24
HACD180;ARTFR33,9,7,14,18
HACD180;ARTFR43,10,6,13,19
HACD180;ARTPLM1,1,2,22,23
HACD180;HACD181,19,13,4,12
HACD180;HSD181,19,13,4,12
HACD180;ICDHyrm,1,0,22,25
HACD180;NADHtru,2,0,21,25
HACD180;NADtru,2,0,21,25
HACD180;OCTD11ECOAtr,19,13,4,12
HACD180;OXALSUCCCLm,1,0,22,25
HACD180;PPCOAtm,0,1,23,24
HACD180;RTOT3,9,7,14,18
HACD180;RTOT4,10,6,13,19
HACD180;TECR181,19,13,4,12
HACD180;THR3Dx,0,1,23,24
HACD180;TRDOXtm,2,4,21,21
HACD180;TRDR,7,4,16,21
HACD180;TRDRDtm,2,4,21,21
HACD180;TRDRm,2,4,21,21
HACD181;ARTFR206,1,1,22,24
HACD181;ARTFR41,1,0,22,25
HACD181;ARTFR52,1,1,22,24
HACD181;ARTPLM2,1,0,22,25
HACD181;ARTPLM3,0,1,23,24
HACD181;HACD200,1,1,22,24
HACD181;HACD201,1,1,22,24
HACD181;HACD220,1,1,22,24
HACD181;HACD221,1,1,22,24
HACD181;HACD240,1,1,22,24
HACD181;HACD241,1,1,22,24
HACD181;HACD260,1,1,22,24
HACD181;HEXCCOAtr,1,1,22,24
HACD181;HSD180,19,13,4,12
HACD181;HSD200,1,1,22,24
HACD181;HSD201,1,1,22,24
HACD181;HSD220,1,1,22,24
HACD181;HSD221,1,1,22,24
HACD181;HSD240,1,1,22,24
HACD181;HSD241,1,1,22,24
HACD181;HSD260,1,1,22,24
HACD181;NRVNCCOAtr,1,1,22,24
HACD181;NRVNCCOAtxc,1,1,22,24
HACD181;O2tp,1,1,22,24
HACD181;PLMCOAPTr,1,0,22,25
HACD181;PRO1x,0,1,23,24
HACD181;RTOT5,2,2,21,23
HACD181;RTOT_2,1,0,22,25
HACD181;RTOT_3,0,1,23,24
HACD181;TECR180,19,13,4,12
HACD181;TECR200,1,1,22,24
HACD181;TECR201,1,1,22,24
HACD181;TECR220,1,1,22,24
HACD181;TECR221,1,1,22,24
HACD181;TECR240,1,1,22,24
HACD181;TECR241,1,1,22,24
HACD181;TECR260,1,1,22,24
HACD1m;HGNTOR,6,0,17,25
HACD1m;HMGCOASi,1,0,22,25
HACD1m;HMGDH,0,1,23,24
HACD1m;HMGS,0,1,23,24
HACD1m;HSD3B7P,0,1,23,24
HACD1m;MACACIr,6,0,17,25
HACD1m;METAT,0,1,23,24
HACD1m;MMSAD3m,0,1,23,24
HACD1m;NDPK1,1,0,22,25
HACD1m;NH4tm,0,1,23,24
HACD1m;OCOAT1m,1,0,22,25
HACD1m;P4507A1r,0,1,23,24
HACD1m;PPCOAtm,0,1,23,24
HACD1m;PYRtm,1,0,22,25
HACD1m;SARCOXp,0,1,23,24
HACD1m;SARCStm,0,1,23,24
HACD1m;SARCStp,0,1,23,24
HACD1m;SFGTH,0,1,23,24
HACD1m;SUCOAS1m,1,0,22,25
HACD1m;THR3Dx,0,7,23,18
HACD1m;TYRTA,6,0,17,25
HACD200;ARTFR32,1,0,22,25
HACD200;ARTFR42,1,2,22,23
HACD200;ARTFR43,1,1,22,24
HACD200;HSD181,1,1,22,24
HACD200;NADHtru,2,0,21,25
HACD200;NADtru,2,0,21,25
HACD200;OCDE9ECOAtr,2,2,21,23
HACD200;OCTD11ECOAtr,1,1,22,24
HACD200;RTOT3,1,0,22,25
HACD200;RTOT4,3,4,20,21
HACD200;TECR181,1,1,22,24
HACD201;ARTFR32,0,1,23,24
HACD201;ARTFR33,0,1,23,24
HACD201;ARTFR42,0,2,23,23
HACD201;ARTFR43,1,0,22,25
HACD201;ARTPLM1,1,1,22,24
HACD201;HSD181,1,1,22,24
HACD201;ICDHyrm,1,0,22,25
HACD201;OCDE9ECOAtr,0,1,23,24
HACD201;OCTD11ECOAtr,1,1,22,24
HACD201;OXALSUCCCLm,1,0,22,25
HACD201;RTOT3,0,2,23,23
HACD201;RTOT4,1,0,22,25
HACD201;TECR181,1,1,22,24
HACD201;TRDOXtm,3,4,20,21
HACD201;TRDR,10,4,13,21
HACD201;TRDRDtm,3,4,20,21
HACD201;TRDRm,3,4,20,21
HACD220;ARTFR32,1,0,22,25
HACD220;ARTFR42,1,2,22,23
HACD220;ARTFR43,1,1,22,24
HACD220;HSD181,1,1,22,24
HACD220;NADHtru,2,0,21,25
HACD220;NADtru,2,0,21,25
HACD220;OCDE9ECOAtr,2,2,21,23
HACD220;OCTD11ECOAtr,1,1,22,24
HACD220;RTOT3,1,0,22,25
HACD220;RTOT4,3,4,20,21
HACD220;TECR181,1,1,22,24
HACD221;ARTFR32,0,1,23,24
HACD221;ARTFR33,0,1,23,24
HACD221;ARTFR42,0,2,23,23
HACD221;ARTFR43,1,0,22,25
HACD221;ARTPLM1,1,1,22,24
HACD221;HSD181,1,1,22,24
HACD221;ICDHyrm,1,0,22,25
HACD221;OCDE9ECOAtr,0,1,23,24
HACD221;OCTD11ECOAtr,1,1,22,24
HACD221;OXALSUCCCLm,1,0,22,25
HACD221;RTOT3,0,2,23,23
HACD221;RTOT4,1,0,22,25
HACD221;TECR181,1,1,22,24
HACD221;TRDOXtm,3,4,20,21
HACD221;TRDR,10,4,13,21
HACD221;TRDRDtm,3,4,20,21
HACD221;TRDRm,3,4,20,21
HACD224;ICDHyrm,1,0,22,25
HACD224;OXALSUCCCLm,1,0,22,25
HACD240;ARTFR32,1,0,22,25
HACD240;ARTFR42,1,2,22,23
HACD240;ARTFR43,1,1,22,24
HACD240;HSD181,1,1,22,24
HACD240;NADHtru,2,0,21,25
HACD240;NADtru,2,0,21,25
HACD240;OCDE9ECOAtr,2,2,21,23
HACD240;OCTD11ECOAtr,1,1,22,24
HACD240;RTOT3,1,0,22,25
HACD240;RTOT4,3,4,20,21
HACD240;TECR181,1,1,22,24
HACD241;ARTFR32,0,1,23,24
HACD241;ARTFR33,0,1,23,24
HACD241;ARTFR42,0,2,23,23
HACD241;ARTFR43,1,0,22,25
HACD241;ARTPLM1,1,1,22,24
HACD241;HSD181,1,1,22,24
HACD241;ICDHyrm,1,0,22,25
HACD241;OCDE9ECOAtr,0,1,23,24
HACD241;OCTD11ECOAtr,1,1,22,24
HACD241;OXALSUCCCLm,1,0,22,25
HACD241;RTOT3,0,2,23,23
HACD241;RTOT4,1,0,22,25
HACD241;TECR181,1,1,22,24
HACD241;TRDOXtm,3,4,20,21
HACD241;TRDR,10,4,13,21
HACD241;TRDRDtm,3,4,20,21
HACD241;TRDRm,3,4,20,21
HACD244;ICDHyrm,1,0,22,25
HACD244;OXALSUCCCLm,1,0,22,25
HACD260;ARTFR32,1,0,22,25
HACD260;ARTFR42,1,2,22,23
HACD260;ARTFR43,1,1,22,24
HACD260;HSD181,1,1,22,24
HACD260;NADHtru,2,0,21,25
HACD260;NADtru,2,0,21,25
HACD260;OCDE9ECOAtr,2,2,21,23
HACD260;OCTD11ECOAtr,1,1,22,24
HACD260;RTOT3,1,0,22,25
HACD260;RTOT4,3,4,20,21
HACD260;TECR181,1,1,22,24
HACD9m;ICDHyrm,0,1,23,24
HACD9m;ICITMALtm,0,1,23,24
HACD9m;L_LACtcm,0,1,23,24
HACD9m;L_LACtm,0,1,23,24
HACD9m;OXALSUCCCLm,0,1,23,24
HACD9m;PPCOAtm,0,1,23,24
HACD9m;PPIOGLYc,5,10,18,15
HACD9m;PPIOGLYte,5,10,18,15
HACD9m;PPIOGLYtm,5,10,18,15
HACD9m;PPItm,0,1,23,24
HACD9m;TTDCPT1,0,1,23,24
HACD9m;TTDCPT2,0,1,23,24
HACD9m;TTDCRNt,0,1,23,24
HAS1;MTHFR3,1,0,22,25
HAS1;O2St,1,0,22,25
HAS1;O2Stn,1,0,22,25
HAS1;O2tn,1,0,22,25
HAS1;PGLer,0,1,23,24
HAS1;SEAHCYSHYD,1,0,22,25
HAS1;SEAHCYStn,1,0,22,25
HAS1;SEASMETtn,1,0,22,25
HAS1;SELMETAT,1,0,22,25
HAS1;SPODMn,1,0,22,25
HAS1;UDPGNP,1,0,22,25
HAS2;MTHFR3,1,0,22,25
HAS2;O2St,1,0,22,25
HAS2;O2Stn,1,0,22,25
HAS2;O2tn,1,0,22,25
HAS2;PGLer,0,1,23,24
HAS2;SEAHCYSHYD,1,0,22,25
HAS2;SEAHCYStn,1,0,22,25
HAS2;SEASMETtn,1,0,22,25
HAS2;SELMETAT,1,0,22,25
HAS2;SPODMn,1,0,22,25
HAS2;UDPGNP,1,0,22,25
HAtly;MTHFR3,1,0,22,25
HAtly;O2St,1,0,22,25
HAtly;O2Stn,1,0,22,25
HAtly;O2tn,1,0,22,25
HAtly;PGLer,0,1,23,24
HAtly;SEAHCYSHYD,1,0,22,25
HAtly;SEAHCYStn,1,0,22,25
HAtly;SEASMETtn,1,0,22,25
HAtly;SELMETAT,1,0,22,25
HAtly;SPODMn,1,0,22,25
HAtly;UDPGNP,1,0,22,25
HBZOPT10m;AKGtn,3,1,20,24
HBZOPT10m;CO2tn,3,1,20,24
HBZOPT10m;FALDtn,3,1,20,24
HBZOPT10m;H3K36MET_1,0,1,23,24
HBZOPT10m;H3K36MET_2,0,1,23,24
HBZOPT10m;H3K36MET_3,0,1,23,24
HBZOPT10m;H3K36_synthesis,0,1,23,24
HBZOPT10m;HCO3Em,1,1,22,24
HBZOPT10m;HMGDH,0,1,23,24
HBZOPT10m;HMGS,0,1,23,24
HBZOPT10m;HOMOVALte,0,2,23,23
HBZOPT10m;LYStn,0,1,23,24
HBZOPT10m;MEOHt2,0,1,23,24
HBZOPT10m;O2St,0,1,23,24
HBZOPT10m;O2Stm,5,2,18,23
HBZOPT10m;O2Stx,0,1,23,24
HBZOPT10m;O2tp,6,3,17,22
HBZOPT10m;OCBTm,5,1,18,24
HBZOPT10m;ORNt4m,4,1,19,24
HBZOPT10m;PE_HStm,0,1,23,24
HBZOPT10m;PSDm_hs,0,1,23,24
HBZOPT10m;PSFLIPm,0,1,23,24
HBZOPT10m;PYRAKGte,0,1,23,24
HBZOPT10m;SARCOXp,7,5,16,20
HBZOPT10m;SARCStp,7,5,16,20
HBZOPT10m;SFGTH,2,2,21,23
HBZOPT10m;SPODMx,0,1,23,24
HBZOPT10m;TYRDOPO,0,2,23,23
HBZOPT10m;peplys_synthesis,0,1,23,24
HCO3E;HCO3Ee,1,1,22,24
HCO3E;HCO3Em,1,1,22,24
HCO3E;HCO3tm,0,1,23,24
HCO3E;HISD,1,0,22,25
HCO3E;Htg,1,0,22,25
HCO3E;IZPN,1,0,22,25
HCO3E;MAL_Lte,1,0,22,25
HCO3E;MTHFD2,1,0,22,25
HCO3E;MTHFR3x,1,0,22,25
HCO3E;NDP7g,1,0,22,25
HCO3E;NDPK3,1,0,22,25
HCO3E;O2St,1,0,22,25
HCO3E;O2Stn,1,0,22,25
HCO3E;O2tn,1,0,22,25
HCO3E;OCBTm,1,0,22,25
HCO3E;PAPStg,1,0,22,25
HCO3E;PAPtg,1,0,22,25
HCO3E;PItg,1,0,22,25
HCO3E;PPA,1,0,22,25
HCO3E;SADT,1,0,22,25
HCO3E;SEAHCYSHYD,1,0,22,25
HCO3E;SEAHCYStn,1,0,22,25
HCO3E;SEASMETtn,1,0,22,25
HCO3E;SELMETAT,1,0,22,25
HCO3E;SPODMn,1,0,22,25
HCO3E;THRA,1,0,22,25
HCO3E;TRDR,1,0,22,25
HCO3E;UAG2EMAi,1,0,22,25
HCO3E;UAG4E,1,0,22,25
HCO3E;UAGDP,1,0,22,25
HCO3E;UDPGALtg,1,0,22,25
HCO3E;UGALNACtg,1,0,22,25
HCO3E;UGLCNACtg,1,0,22,25
HCO3E;UGLT,1,0,22,25
HCO3E;URCN,1,0,22,25
HCO3Ee;HCO3Em,3,3,20,22
HCO3Ee;HCO3tm,3,3,20,22
HCO3Ee;L_LACtcm,0,1,23,24
HCO3Ee;L_LACtm,0,1,23,24
HCO3Em;HCO3tm,0,1,23,24
HCO3Em;HEX1,1,0,22,25
HCO3Em;HOMOVALte,0,1,23,24
HCO3Em;ICDHyrm,0,1,23,24
HCO3Em;ICITMALtm,0,1,23,24
HCO3Em;KHK2,1,0,22,25
HCO3Em;NDPK1,0,1,23,24
HCO3Em;NH4tm,5,7,18,18
HCO3Em;NTD1,0,1,23,24
HCO3Em;O2St,0,1,23,24
HCO3Em;O2Stx,0,1,23,24
HCO3Em;O2tp,1,0,22,25
HCO3Em;OCBTm,0,1,23,24
HCO3Em;OXALSUCCCLm,0,1,23,24
HCO3Em;PGMT,1,0,22,25
HCO3Em;PIATPLtm,1,0,22,25
HCO3Em;PIt2m_2,0,1,23,24
HCO3Em;PPCOAtm,0,1,23,24
HCO3Em;PPItm,1,0,22,25
HCO3Em;Q10H2e,1,1,22,24
HCO3Em;SARCOXp,0,1,23,24
HCO3Em;SARCStp,0,1,23,24
HCO3Em;SFGTH,0,1,23,24
HCO3Em;SPODMx,0,1,23,24
HCO3Em;SUCOAS1m,0,1,23,24
HCO3Em;T4HCINNMFM,1,1,22,24
HCO3Em;THRA,0,1,23,24
HCO3Em;TYRDOPO,0,1,23,24
HCO3Em;TYRTAm,1,1,22,24
HCO3Em;TYRtl,1,1,22,24
HCO3Em;UDPGD,1,0,22,25
HCO3Em;UDPGNP,1,0,22,25
HCO3Em;XYLTD_Dr,1,0,22,25
HCO3Em;XYLUR,1,0,22,25
HCO3Em;q10h2tc,1,1,22,24
HCO3_CLt;NH4t3r,0,1,23,24
HCO3tm;OCBTm,1,0,22,25
HCO3tm;ORNt4m,1,0,22,25
HCO3tm;SUCOAS1m,0,1,23,24
HEX12;HKYNH,0,1,23,24
HEX12;KYN3OX,0,1,23,24
HEX12;NACDe,0,2,23,23
HEX12;NACPRT,0,2,23,23
HEX12;NCAMDe,0,1,23,24
HEX12;NMNDA,0,1,23,24
HEX12;NMNS,0,3,23,22
HEX12;NNDPR,0,1,23,24
HEX12;O2t,0,1,23,24
HEX12;PIter,0,2,23,23
HEX12;QUILSYN,0,1,23,24
HEX12;TRPO2,0,1,23,24
HEX1;HEX12,5,3,18,22
HEX1;Htr,2,0,21,25
HEX1;NH4tr,1,2,22,23
HEX1;OCBTm,1,0,22,25
HEX1;PEPCK,0,1,23,24
HEX1;PIter,1,1,22,24
HEX1;TRIOK,0,1,23,24
HEX7;PGI,1,2,22,23
HEX7;UDPGNP,1,0,22,25
HEXCCOAtr;ARTFR32,1,0,22,25
HEXCCOAtr;ARTFR42,1,2,22,23
HEXCCOAtr;ARTFR43,1,1,22,24
HEXCCOAtr;HSD181,1,1,22,24
HEXCCOAtr;NADHtru,2,0,21,25
HEXCCOAtr;NADtru,2,0,21,25
HEXCCOAtr;OCDE9ECOAtr,2,2,21,23
HEXCCOAtr;OCTD11ECOAtr,1,1,22,24
HEXCCOAtr;RTOT3,1,0,22,25
HEXCCOAtr;RTOT4,3,4,20,21
HEXCCOAtr;TECR181,1,1,22,24
HGNTOR;ARTFR32,1,0,22,25
HGNTOR;ICDHyrm,0,1,23,24
HGNTOR;L_LACtcm,0,1,23,24
HGNTOR;L_LACtm,0,1,23,24
HGNTOR;MMSAD3m,1,0,22,25
HGNTOR;NADHtru,5,0,18,25
HGNTOR;NADtru,5,0,18,25
HGNTOR;NCAMDe,1,0,22,25
HGNTOR;NMNDA,1,0,22,25
HGNTOR;NTD2,1,0,22,25
HGNTOR;OCDE9ECOAtr,1,0,22,25
HGNTOR;OXALSUCCCLm,0,1,23,24
HGNTOR;OXAPItm,0,1,23,24
HGNTOR;PNP,1,0,22,25
HGNTOR;PPItm,1,0,22,25
HGNTOR;PYNP2r,1,0,22,25
HGNTOR;RNMK,1,0,22,25
HGNTOR;RTOT3,1,0,22,25
HGNTOR;THR3Dx,0,1,23,24
HGNTOR;UPPN,1,0,22,25
HISD;L_LACtcm,0,1,23,24
HISD;L_LACtm,0,1,23,24
HISD;MTHFCm,0,2,23,23
HISD;MTHFD,3,3,20,22
HISD;MTHFD2,12,11,11,14
HISD;MTHFDm,0,2,23,23
HISD;SERALANaEx,0,1,23,24
HISD;SERTm,0,2,23,23
HISD;SERt4,12,5,11,20
HISt4;HIStN1,0,3,23,22
HKYNH;Htr,0,1,23,24
HKYNH;PFK_3,0,1,23,24
HKYNH;PGI,0,1,23,24
HKYNH;PGK,0,1,23,24
HKYNH;PGM,0,1,23,24
HKYNH;RPE,0,2,23,23
HKYNH;TALA,0,1,23,24
HKYNH;TKT1,0,2,23,23
HKYNH;TKT2,0,2,23,23
HKYNH;TPI,0,1,23,24
HKYNH;TXA2tr,0,1,23,24
HKYNH;TXB2c,0,1,23,24
HKYNH;TXB2r,0,1,23,24
HKYNH;TXB2tr,0,1,23,24
HMBS;HMGCOAtx,0,1,23,24
HMBS;HMGLx,0,1,23,24
HMBS;Htr,0,1,23,24
HMBS;ICDHyrm,0,1,23,24
HMBS;ICITACONtm,1,0,22,25
HMBS;L_LACtcm,0,4,23,21
HMBS;L_LACtm,0,4,23,21
HMBS;MMSAD3m,1,3,22,22
HMBS;NH4tm,0,1,23,24
HMBS;NTD1,2,3,21,22
HMBS;OCBTm,0,1,23,24
HMBS;OXALSUCCCLm,0,1,23,24
HMBS;PIGTHRDLtm,0,1,23,24
HMBS;PIter,0,1,23,24
HMBS;PROtm,1,0,22,25
HMBS;SUCCICITtm,0,1,23,24
HMBS;SUCOAS1m,0,1,23,24
HMBS;THFtm,0,1,23,24
HMBS;THRA,0,1,23,24
HMBS;UPPN,1,3,22,22
HMGCOASi;HMGCOASim,1,0,22,25
HMGCOASi;HMGCOAtm,1,0,22,25
HMGCOASi;ICDHyrm,1,0,22,25
HMGCOASi;ICITACONtm,1,0,22,25
HMGCOASi;NADHtru,1,0,22,25
HMGCOASi;NADtru,1,0,22,25
HMGCOASi;OXALSUCCCLm,1,0,22,25
HMGCOASi;PIATPLtm,1,0,22,25
HMGCOASi;RTOT4,1,0,22,25
HMGCOAtx;HOXG,0,1,23,24
HMGCOAtx;ICDHyrm,0,1,23,24
HMGCOAtx;ICITMALtm,0,1,23,24
HMGCOAtx;NDP7er,0,1,23,24
HMGCOAtx;OCOAT1m,0,1,23,24
HMGCOAtx;OXALSUCCCLm,0,1,23,24
HMGCOAtx;PGMT,0,1,23,24
HMGCOAtx;PHEMEtm,0,1,23,24
HMGCOAtx;PPBNGS,0,1,23,24
HMGCOAtx;PPPG9tm,0,1,23,24
HMGCOAtx;PPPGOm,0,1,23,24
HMGCOAtx;PROAKGOX1m,0,1,23,24
HMGCOAtx;PROtm,0,1,23,24
HMGCOAtx;PYRtm,0,1,23,24
HMGCOAtx;UDPGCURtr,0,1,23,24
HMGCOAtx;UDPGD,0,1,23,24
HMGCOAtx;UGT1A2r,0,1,23,24
HMGCOAtx;UMPtr,0,1,23,24
HMGCOAtx;UPP3S,0,1,23,24
HMGCOAtx;UPPDC1,0,1,23,24
HMGDH;NDPK1,0,1,23,24
HMGDH;PPItm,0,1,23,24
HMGDH;Q10H2e,0,1,23,24
HMGDH;SUCOAS1m,0,1,23,24
HMGDH;T4HCINNMFM,0,1,23,24
HMGDH;THRD_L,0,2,23,23
HMGDH;TYRTAm,0,1,23,24
HMGDH;TYRtl,0,1,23,24
HMGDH;q10h2tc,0,1,23,24
HMGL;PYRtm,0,1,23,24
HMGLm;L_LACtcm,0,1,23,24
HMGLm;L_LACtm,0,1,23,24
HMGLm;MMSAD3m,0,1,23,24
HMGLm;NH4tm,0,1,23,24
HMGLx;HOXG,0,1,23,24
HMGLx;ICDHyrm,0,1,23,24
HMGLx;ICITMALtm,0,1,23,24
HMGLx;NDP7er,0,1,23,24
HMGLx;OCOAT1m,0,1,23,24
HMGLx;OXALSUCCCLm,0,1,23,24
HMGLx;PGMT,0,1,23,24
HMGLx;PHEMEtm,0,1,23,24
HMGLx;PPBNGS,0,1,23,24
HMGLx;PPPG9tm,0,1,23,24
HMGLx;PPPGOm,0,1,23,24
HMGLx;PROAKGOX1m,0,1,23,24
HMGLx;PROtm,0,1,23,24
HMGLx;PYRtm,0,1,23,24
HMGLx;UDPGCURtr,0,1,23,24
HMGLx;UDPGD,0,1,23,24
HMGLx;UGT1A2r,0,1,23,24
HMGLx;UMPtr,0,1,23,24
HMGLx;UPP3S,0,1,23,24
HMGLx;UPPDC1,0,1,23,24
HMGS;NDPK1,0,1,23,24
HMGS;PPItm,0,1,23,24
HMGS;Q10H2e,0,1,23,24
HMGS;SUCOAS1m,0,1,23,24
HMGS;T4HCINNMFM,0,1,23,24
HMGS;THRD_L,0,2,23,23
HMGS;TYRTAm,0,1,23,24
HMGS;TYRtl,0,1,23,24
HMGS;q10h2tc,0,1,23,24
HOMOVALte;PIMALtm,0,1,23,24
HOMOVALte;PPItm,0,2,23,23
HOMOVALte;PROGLUtm,0,1,23,24
HOMOVALte;PROtm,0,1,23,24
HOMOVALte;Q10H2e,0,2,23,23
HOMOVALte;SO3AKGtm,0,1,23,24
HOMOVALte;SO3MALtm,0,1,23,24
HOMOVALte;T4HCINNMFM,0,2,23,23
HOMOVALte;THRD_L,0,1,23,24
HOMOVALte;TYRTAm,0,2,23,23
HOMOVALte;TYRtl,0,2,23,23
HOMOVALte;q10h2tc,0,2,23,23
HOXG;Htr,0,1,23,24
HOXG;ICDHyrm,0,1,23,24
HOXG;ICITACONtm,1,0,22,25
HOXG;L_LACtcm,0,4,23,21
HOXG;L_LACtm,0,4,23,21
HOXG;MMSAD3m,1,3,22,22
HOXG;NH4tm,0,1,23,24
HOXG;NTD1,2,3,21,22
HOXG;OCBTm,0,1,23,24
HOXG;OXALSUCCCLm,0,1,23,24
HOXG;PIGTHRDLtm,0,1,23,24
HOXG;PIter,0,1,23,24
HOXG;PROtm,1,0,22,25
HOXG;SUCCICITtm,0,1,23,24
HOXG;SUCOAS1m,0,1,23,24
HOXG;THFtm,0,1,23,24
HOXG;THRA,0,1,23,24
HOXG;UPPN,1,3,22,22
HPYRDCm;THRA,1,0,22,25
HSD11B1r;NADHtru,0,2,23,23
HSD11B1r;NADPHtru,0,2,23,23
HSD11B1r;NADPtru,0,2,23,23
HSD11B1r;NADtru,0,2,23,23
HSD11B2r;NADHtru,0,2,23,23
HSD11B2r;NADPHtru,0,2,23,23
HSD11B2r;NADPtru,0,2,23,23
HSD11B2r;NADtru,0,2,23,23
HSD17B1;NACDe,0,1,23,24
HSD17B1;NACPRT,0,1,23,24
HSD17B1;NCAMDe,0,1,23,24
HSD17B1;NMNDA,0,1,23,24
HSD17B1;NMNS,0,1,23,24
HSD17B7r;NACDe,0,1,23,24
HSD17B7r;NACPRT,0,1,23,24
HSD17B7r;NCAMDe,0,1,23,24
HSD17B7r;NMNDA,0,1,23,24
HSD17B7r;NMNS,0,1,23,24
HSD180;ARTFR33,9,7,14,18
HSD180;ARTFR43,10,6,13,19
HSD180;ARTPLM1,1,2,22,23
HSD180;HSD181,19,13,4,12
HSD180;ICDHyrm,1,0,22,25
HSD180;NADHtru,2,0,21,25
HSD180;NADtru,2,0,21,25
HSD180;OCTD11ECOAtr,19,13,4,12
HSD180;OXALSUCCCLm,1,0,22,25
HSD180;PPCOAtm,0,1,23,24
HSD180;RTOT3,9,7,14,18
HSD180;RTOT4,10,6,13,19
HSD180;TECR181,19,13,4,12
HSD180;THR3Dx,0,1,23,24
HSD180;TRDOXtm,2,4,21,21
HSD180;TRDR,7,4,16,21
HSD180;TRDRDtm,2,4,21,21
HSD180;TRDRm,2,4,21,21
HSD181;ARTFR206,1,1,22,24
HSD181;ARTFR41,1,0,22,25
HSD181;ARTFR52,1,1,22,24
HSD181;ARTPLM2,1,0,22,25
HSD181;ARTPLM3,0,1,23,24
HSD181;HSD200,1,1,22,24
HSD181;HSD201,1,1,22,24
HSD181;HSD220,1,1,22,24
HSD181;HSD221,1,1,22,24
HSD181;HSD240,1,1,22,24
HSD181;HSD241,1,1,22,24
HSD181;HSD260,1,1,22,24
HSD181;NRVNCCOAtr,1,1,22,24
HSD181;NRVNCCOAtxc,1,1,22,24
HSD181;O2tp,1,1,22,24
HSD181;PLMCOAPTr,1,0,22,25
HSD181;PRO1x,0,1,23,24
HSD181;RTOT5,2,2,21,23
HSD181;RTOT_2,1,0,22,25
HSD181;RTOT_3,0,1,23,24
HSD181;TECR180,19,13,4,12
HSD181;TECR200,1,1,22,24
HSD181;TECR201,1,1,22,24
HSD181;TECR220,1,1,22,24
HSD181;TECR221,1,1,22,24
HSD181;TECR240,1,1,22,24
HSD181;TECR241,1,1,22,24
HSD181;TECR260,1,1,22,24
HSD200;ARTFR32,1,0,22,25
HSD200;ARTFR42,1,2,22,23
HSD200;ARTFR43,1,1,22,24
HSD200;NADHtru,2,0,21,25
HSD200;NADtru,2,0,21,25
HSD200;OCDE9ECOAtr,2,2,21,23
HSD200;OCTD11ECOAtr,1,1,22,24
HSD200;RTOT3,1,0,22,25
HSD200;RTOT4,3,4,20,21
HSD200;TECR181,1,1,22,24
HSD201;ARTFR32,0,1,23,24
HSD201;ARTFR33,0,1,23,24
HSD201;ARTFR42,0,2,23,23
HSD201;ARTFR43,1,0,22,25
HSD201;ARTPLM1,1,1,22,24
HSD201;ICDHyrm,1,0,22,25
HSD201;OCDE9ECOAtr,0,1,23,24
HSD201;OCTD11ECOAtr,1,1,22,24
HSD201;OXALSUCCCLm,1,0,22,25
HSD201;RTOT3,0,2,23,23
HSD201;RTOT4,1,0,22,25
HSD201;TECR181,1,1,22,24
HSD201;TRDOXtm,3,4,20,21
HSD201;TRDR,10,4,13,21
HSD201;TRDRDtm,3,4,20,21
HSD201;TRDRm,3,4,20,21
HSD220;ARTFR32,1,0,22,25
HSD220;ARTFR42,1,2,22,23
HSD220;ARTFR43,1,1,22,24
HSD220;NADHtru,2,0,21,25
HSD220;NADtru,2,0,21,25
HSD220;OCDE9ECOAtr,2,2,21,23
HSD220;OCTD11ECOAtr,1,1,22,24
HSD220;RTOT3,1,0,22,25
HSD220;RTOT4,3,4,20,21
HSD220;TECR181,1,1,22,24
HSD221;ARTFR32,0,1,23,24
HSD221;ARTFR33,0,1,23,24
HSD221;ARTFR42,0,2,23,23
HSD221;ARTFR43,1,0,22,25
HSD221;ARTPLM1,1,1,22,24
HSD221;ICDHyrm,1,0,22,25
HSD221;OCDE9ECOAtr,0,1,23,24
HSD221;OCTD11ECOAtr,1,1,22,24
HSD221;OXALSUCCCLm,1,0,22,25
HSD221;RTOT3,0,2,23,23
HSD221;RTOT4,1,0,22,25
HSD221;TECR181,1,1,22,24
HSD221;TRDOXtm,3,4,20,21
HSD221;TRDR,10,4,13,21
HSD221;TRDRDtm,3,4,20,21
HSD221;TRDRm,3,4,20,21
HSD224;ICDHyrm,1,0,22,25
HSD224;OXALSUCCCLm,1,0,22,25
HSD240;ARTFR32,1,0,22,25
HSD240;ARTFR42,1,2,22,23
HSD240;ARTFR43,1,1,22,24
HSD240;NADHtru,2,0,21,25
HSD240;NADtru,2,0,21,25
HSD240;OCDE9ECOAtr,2,2,21,23
HSD240;OCTD11ECOAtr,1,1,22,24
HSD240;RTOT3,1,0,22,25
HSD240;RTOT4,3,4,20,21
HSD240;TECR181,1,1,22,24
HSD241;ARTFR32,0,1,23,24
HSD241;ARTFR33,0,1,23,24
HSD241;ARTFR42,0,2,23,23
HSD241;ARTFR43,1,0,22,25
HSD241;ARTPLM1,1,1,22,24
HSD241;ICDHyrm,1,0,22,25
HSD241;OCDE9ECOAtr,0,1,23,24
HSD241;OCTD11ECOAtr,1,1,22,24
HSD241;OXALSUCCCLm,1,0,22,25
HSD241;RTOT3,0,2,23,23
HSD241;RTOT4,1,0,22,25
HSD241;TECR181,1,1,22,24
HSD241;TRDOXtm,3,4,20,21
HSD241;TRDR,10,4,13,21
HSD241;TRDRDtm,3,4,20,21
HSD241;TRDRm,3,4,20,21
HSD244;ICDHyrm,1,0,22,25
HSD244;OXALSUCCCLm,1,0,22,25
HSD260;ARTFR32,1,0,22,25
HSD260;ARTFR42,1,2,22,23
HSD260;ARTFR43,1,1,22,24
HSD260;NADHtru,2,0,21,25
HSD260;NADtru,2,0,21,25
HSD260;OCDE9ECOAtr,2,2,21,23
HSD260;OCTD11ECOAtr,1,1,22,24
HSD260;RTOT3,1,0,22,25
HSD260;RTOT4,3,4,20,21
HSD260;TECR181,1,1,22,24
HTDH;THRD_L,0,1,23,24
HYAL;MTHFR3,1,0,22,25
HYAL;O2St,1,0,22,25
HYAL;O2Stn,1,0,22,25
HYAL;O2tn,1,0,22,25
HYAL;PGLer,0,1,23,24
HYAL;SEAHCYSHYD,1,0,22,25
HYAL;SEAHCYStn,1,0,22,25
HYAL;SEASMETtn,1,0,22,25
HYAL;SELMETAT,1,0,22,25
HYAL;SPODMn,1,0,22,25
HYAL;UDPGNP,1,0,22,25
Htg;MTHFR3,1,0,22,25
Htg;O2St,1,0,22,25
Htg;O2Stn,1,0,22,25
Htg;O2tn,1,0,22,25
Htg;PGLer,0,1,23,24
Htg;R5Ptr,1,0,22,25
Htg;RPIr,1,0,22,25
Htg;RU5Ptr,1,0,22,25
Htg;SEAHCYSHYD,1,0,22,25
Htg;SEAHCYStn,1,0,22,25
Htg;SEASMETtn,1,0,22,25
Htg;SELMETAT,1,0,22,25
Htg;SPODMn,1,0,22,25
Htg;UDPGNP,1,0,22,25
Htm;PIMALtm,0,1,23,24
Htm;SO4AKGtm,0,1,23,24
Htm;SO4MALtm,0,1,23,24
Htr;KYN3OX,0,1,23,24
Htr;NDP7er,0,1,23,24
Htr;NNDPR,0,1,23,24
Htr;PGMT,4,1,19,24
Htr;PHEMEtm,0,1,23,24
Htr;PPBNGS,0,1,23,24
Htr;PPPG9tm,0,1,23,24
Htr;PPPGOm,0,1,23,24
Htr;QUILSYN,0,1,23,24
Htr;TRPO2,0,1,23,24
Htr;UDPG4E,0,1,23,24
Htr;UDPGD,0,1,23,24
Htr;UDPGLCAter,0,1,23,24
Htr;UGLT,0,1,23,24
Htr;UGT1A2r,0,1,23,24
Htr;UPP3S,0,1,23,24
Htr;UPPDC1,0,1,23,24
Htx;O2t,2,0,21,25
ICDHyrm;ARTFR12,0,1,23,24
ICDHyrm;ARTFR54,1,0,22,25
ICDHyrm;ILETAm,0,1,23,24
ICDHyrm;ILEt5m,0,1,23,24
ICDHyrm;MACACIr,0,1,23,24
ICDHyrm;MAL_Lte,1,0,22,25
ICDHyrm;METAT,1,0,22,25
ICDHyrm;NADHtru,1,0,22,25
ICDHyrm;NADtru,1,0,22,25
ICDHyrm;NDP7er,0,1,23,24
ICDHyrm;NRVNCCOAtr,1,0,22,25
ICDHyrm;NRVNCCOAtxc,1,0,22,25
ICDHyrm;O2t,0,1,23,24
ICDHyrm;O2tp,0,1,23,24
ICDHyrm;OCOAT1m,0,1,23,24
ICDHyrm;OXAPItm,0,1,23,24
ICDHyrm;PHEMEtm,0,1,23,24
ICDHyrm;PLMCOAPTr,0,1,23,24
ICDHyrm;PPBNGS,0,1,23,24
ICDHyrm;PPItm,0,1,23,24
ICDHyrm;PPPG9tm,0,1,23,24
ICDHyrm;PPPGOm,0,1,23,24
ICDHyrm;PYRtm,0,1,23,24
ICDHyrm;RTOT5,1,0,22,25
ICDHyrm;SARCOXp,1,0,22,25
ICDHyrm;SARCStm,1,0,22,25
ICDHyrm;SARCStp,1,0,22,25
ICDHyrm;SQORm,0,1,23,24
ICDHyrm;SUCOAS1m,0,1,23,24
ICDHyrm;TECR180,1,0,22,25
ICDHyrm;TECR201,1,0,22,25
ICDHyrm;TECR221,1,0,22,25
ICDHyrm;TECR224,1,0,22,25
ICDHyrm;TECR241,1,0,22,25
ICDHyrm;TECR244,1,0,22,25
ICDHyrm;TETPENT6COAtr,1,0,22,25
ICDHyrm;THRA,1,0,22,25
ICDHyrm;TSULt4_3,0,1,23,24
ICDHyrm;TYRTA,0,1,23,24
ICDHyrm;UDPG4E,0,1,23,24
ICDHyrm;UDPGD,0,1,23,24
ICDHyrm;UDPGLCAter,0,1,23,24
ICDHyrm;UGLT,0,1,23,24
ICDHyrm;UPP3S,0,1,23,24
ICDHyrm;UPPDC1,0,1,23,24
ICITACONtm;MAL_Lte,1,0,22,25
ICITACONtm;NDP7er,1,0,22,25
ICITACONtm;NDPK1,1,0,22,25
ICITACONtm;PGMT,1,0,22,25
ICITACONtm;PHEMEtm,1,0,22,25
ICITACONtm;PIMALtm,1,0,22,25
ICITACONtm;PPBNGS,1,0,22,25
ICITACONtm;PPPG9tm,1,0,22,25
ICITACONtm;PPPGOm,1,0,22,25
ICITACONtm;PROAKGOX1m,1,0,22,25
ICITACONtm;PROGLUtm,1,0,22,25
ICITACONtm;SO4AKGtm,1,0,22,25
ICITACONtm;SO4MALtm,1,0,22,25
ICITACONtm;SUCCACONtm,1,0,22,25
ICITACONtm;SUCOAS1m,1,0,22,25
ICITACONtm;UDPGD,1,0,22,25
ICITACONtm;UDPGLCAter,1,0,22,25
ICITACONtm;UPP3S,1,0,22,25
ICITACONtm;UPPDC1,1,0,22,25
ICITMALtm;ARTFR12,0,1,23,24
ICITMALtm;ILETAm,0,1,23,24
ICITMALtm;ILEt5m,0,1,23,24
ICITMALtm;MAL_Lte,1,0,22,25
ICITMALtm;O2tp,0,1,23,24
ICITMALtm;PLMCOAPTr,0,1,23,24
ICITMALtm;PPItm,0,1,23,24
ICITMALtm;SQORm,0,1,23,24
ICITMALtm;TSULt4_3,0,1,23,24
IDHPOXOX2b;NDPK3,3,0,20,25
IDHPOXOX2b;O2t,3,0,20,25
IDHPOXOX3;NDPK3,3,0,20,25
IDHPOXOX3;O2t,3,0,20,25
IDHPOXOXb;NDPK3,3,0,20,25
IDHPOXOXb;O2t,3,0,20,25
ILEATB0tc;ILEt4,0,1,23,24
ILETAm;OXALSUCCCLm,0,1,23,24
ILETAm;PPItm,0,1,23,24
ILETAm;TTDCPT1,0,1,23,24
ILETAm;TTDCPT2,0,1,23,24
ILETAm;TTDCRNt,0,1,23,24
ILEt4;ILEtec,3,3,20,22
ILEt5m;OXALSUCCCLm,0,1,23,24
ILEt5m;PPItm,0,1,23,24
ILEt5m;TTDCPT1,0,1,23,24
ILEt5m;TTDCPT2,0,1,23,24
ILEt5m;TTDCRNt,0,1,23,24
INOSTO;NDPK1,0,1,23,24
INOSTO;PROGLUtm,0,1,23,24
INOSTO;PROtm,0,1,23,24
INOSTO;SUCOAS1m,0,1,23,24
ITCOALm;THRA,1,0,22,25
IZPN;L_LACtcm,0,1,23,24
IZPN;L_LACtm,0,1,23,24
IZPN;MTHFCm,0,2,23,23
IZPN;MTHFD,3,3,20,22
IZPN;MTHFD2,12,11,11,14
IZPN;MTHFDm,0,2,23,23
IZPN;SERALANaEx,0,1,23,24
IZPN;SERTm,0,2,23,23
IZPN;SERt4,12,5,11,20
It;NDPK3,3,0,20,25
It;O2t,3,0,20,25
KCC2t;NH4t3r,2,5,21,20
KCC2t;NKCC2t,0,2,23,23
KCCt;NCKt,0,1,23,24
KCCt;NH4t3r,1,0,22,25
KHK2;L_LACtcm,0,1,23,24
KHK2;L_LACtm,0,1,23,24
KHK2;NDPK1,0,1,23,24
KHK2;PROGLUtm,0,1,23,24
KHK2;PROtm,0,1,23,24
KHK2;SUCOAS1m,0,1,23,24
KSII_CORE2t;MAN1PT2,0,1,23,24
KSII_CORE2t;MAN6PI,0,1,23,24
KSII_CORE2t;PMANM,0,1,23,24
KSII_CORE4t;UDPGNP,1,0,22,25
KSII_CORE4tly;UDPGNP,1,0,22,25
KYN3OX;PFK_3,0,1,23,24
KYN3OX;PGI,0,1,23,24
KYN3OX;PGK,0,1,23,24
KYN3OX;PGM,0,1,23,24
KYN3OX;RPE,0,2,23,23
KYN3OX;TALA,0,1,23,24
KYN3OX;TKT1,0,2,23,23
KYN3OX;TKT2,0,2,23,23
KYN3OX;TPI,0,1,23,24
KYN3OX;TXA2tr,0,1,23,24
KYN3OX;TXB2c,0,1,23,24
KYN3OX;TXB2r,0,1,23,24
KYN3OX;TXB2tr,0,1,23,24
LAC_Ltx;TRDOXtm,1,0,22,25
LAC_Ltx;TRDR,2,2,21,23
LAC_Ltx;TRDRDtm,1,0,22,25
LAC_Ltx;TRDRm,1,0,22,25
LALDD;NDPK1,1,1,22,24
LALDD;PPItm,1,0,22,25
LALDD;SUCOAS1m,0,1,23,24
LARGEg;R5Ptr,1,0,22,25
LARGEg;RPIr,1,0,22,25
LARGEg;RU5Ptr,1,0,22,25
LCADi;NACDe,0,1,23,24
LCADi;NACPRT,0,1,23,24
LCADi;NCAMDe,0,1,23,24
LCADi;NDPK1,0,1,23,24
LCADi;NMNDA,0,1,23,24
LCADi;NMNS,0,1,23,24
LCADi;PIter,0,1,23,24
LCADi;PPCOAtm,0,1,23,24
LCADi_D;NDPK1,1,1,22,24
LCADi_D;PPItm,1,0,22,25
LCADi_D;SUCOAS1m,0,1,23,24
LDH_D;NDPK1,1,1,22,24
LDH_D;O2t,0,1,23,24
LDH_D;PPItm,1,0,22,25
LDH_D;SUCOAS1m,0,1,23,24
LDH_L;NACDe,0,1,23,24
LDH_L;NACPRT,0,1,23,24
LDH_L;NCAMDe,0,1,23,24
LDH_L;NDPK1,0,1,23,24
LDH_L;NMNDA,0,1,23,24
LDH_L;NMNS,0,1,23,24
LDH_L;PIter,0,1,23,24
LDH_L;PPCOAtm,0,1,23,24
LDH_L;TRDR,0,2,23,23
LDH_Lp;TRDOXtm,1,0,22,25
LDH_Lp;TRDR,2,2,21,23
LDH_Lp;TRDRDtm,1,0,22,25
LDH_Lp;TRDRm,1,0,22,25
LEUt4;LEUtec,3,3,20,22
LEUt4;PHEt4,0,1,23,24
LHCYSTIN;OBDHc,1,0,22,25
LHCYSTIN;PCRNtm,1,0,22,25
LHCYSTINt;OBDHc,1,0,22,25
LHCYSTINt;PCRNtm,1,0,22,25
LPS2;NDPK3,1,0,22,25
LPS3;NDPK3,1,0,22,25
LPS3m;PCRNtm,0,1,23,24
LPS3m;PGK,0,1,23,24
LPS3m;PGM,0,1,23,24
LYSATB0tc;LYSt4,0,1,23,24
L_LACtcm;ARTFR12,0,1,23,24
L_LACtcm;LCADi,0,1,23,24
L_LACtcm;LDH_L,0,1,23,24
L_LACtcm;MACACIr,0,1,23,24
L_LACtcm;MGSA,0,1,23,24
L_LACtcm;NADHtru,0,1,23,24
L_LACtcm;NADtru,0,1,23,24
L_LACtcm;NDP7er,0,4,23,21
L_LACtcm;NDPK1m,0,1,23,24
L_LACtcm;O2t,0,2,23,23
L_LACtcm;O2tp,0,2,23,23
L_LACtcm;PCRNtm,0,1,23,24
L_LACtcm;PGMT,0,1,23,24
L_LACtcm;PHEMEtm,0,3,23,22
L_LACtcm;PIGTHRDLtm,0,1,23,24
L_LACtcm;PIter,0,1,23,24
L_LACtcm;PLMCOAPTr,0,1,23,24
L_LACtcm;PPA,0,1,23,24
L_LACtcm;PPBNGS,0,4,23,21
L_LACtcm;PPIPItr,0,1,23,24
L_LACtcm;PPPG9tm,0,4,23,21
L_LACtcm;PPPGOm,0,4,23,21
L_LACtcm;PROAKGOX1m,0,2,23,23
L_LACtcm;PROGLUtm,0,1,23,24
L_LACtcm;PROtm,0,3,23,22
L_LACtcm;PYRtm,0,1,23,24
L_LACtcm;SUCOAS1m,0,2,23,23
L_LACtcm;THR3Dx,0,1,23,24
L_LACtcm;TIGGLYc,0,1,23,24
L_LACtcm;TIGGLYte,0,1,23,24
L_LACtcm;TIGGLYtm,0,1,23,24
L_LACtcm;TYRTA,0,1,23,24
L_LACtcm;UDPG4E,0,3,23,22
L_LACtcm;UDPGD,0,4,23,21
L_LACtcm;UDPGLCAter,0,4,23,21
L_LACtcm;UDPGNP,0,1,23,24
L_LACtcm;UGLT,0,3,23,22
L_LACtcm;UGT1A2r,0,1,23,24
L_LACtcm;UPP3S,0,4,23,21
L_LACtcm;UPPDC1,0,4,23,21
L_LACtcm;URCN,0,1,23,24
L_LACtcm;XYLTD_Dr,0,1,23,24
L_LACtcm;XYLUR,0,1,23,24
L_LACtm;ARTFR12,0,1,23,24
L_LACtm;LCADi,0,1,23,24
L_LACtm;LDH_L,0,1,23,24
L_LACtm;MACACIr,0,1,23,24
L_LACtm;MGSA,0,1,23,24
L_LACtm;NADHtru,0,1,23,24
L_LACtm;NADtru,0,1,23,24
L_LACtm;NDP7er,0,4,23,21
L_LACtm;NDPK1m,0,1,23,24
L_LACtm;O2t,0,2,23,23
L_LACtm;O2tp,0,2,23,23
L_LACtm;PCRNtm,0,1,23,24
L_LACtm;PGMT,0,1,23,24
L_LACtm;PHEMEtm,0,3,23,22
L_LACtm;PIGTHRDLtm,0,1,23,24
L_LACtm;PIter,0,1,23,24
L_LACtm;PLMCOAPTr,0,1,23,24
L_LACtm;PPA,0,1,23,24
L_LACtm;PPBNGS,0,4,23,21
L_LACtm;PPIPItr,0,1,23,24
L_LACtm;PPPG9tm,0,4,23,21
L_LACtm;PPPGOm,0,4,23,21
L_LACtm;PROAKGOX1m,0,2,23,23
L_LACtm;PROGLUtm,0,1,23,24
L_LACtm;PROtm,0,3,23,22
L_LACtm;PYRtm,0,1,23,24
L_LACtm;SUCOAS1m,0,2,23,23
L_LACtm;THR3Dx,0,1,23,24
L_LACtm;TIGGLYc,0,1,23,24
L_LACtm;TIGGLYte,0,1,23,24
L_LACtm;TIGGLYtm,0,1,23,24
L_LACtm;TYRTA,0,1,23,24
L_LACtm;UDPG4E,0,3,23,22
L_LACtm;UDPGD,0,4,23,21
L_LACtm;UDPGLCAter,0,4,23,21
L_LACtm;UDPGNP,0,1,23,24
L_LACtm;UGLT,0,3,23,22
L_LACtm;UGT1A2r,0,1,23,24
L_LACtm;UPP3S,0,4,23,21
L_LACtm;UPPDC1,0,4,23,21
L_LACtm;URCN,0,1,23,24
L_LACtm;XYLTD_Dr,0,1,23,24
L_LACtm;XYLUR,0,1,23,24
MACACIr;ARTFR32,1,0,22,25
MACACIr;MMSAD3m,1,0,22,25
MACACIr;NADHtru,5,0,18,25
MACACIr;NADtru,5,0,18,25
MACACIr;NCAMDe,1,0,22,25
MACACIr;NMNDA,1,0,22,25
MACACIr;NTD2,1,0,22,25
MACACIr;OCDE9ECOAtr,1,0,22,25
MACACIr;OXALSUCCCLm,0,1,23,24
MACACIr;OXAPItm,0,1,23,24
MACACIr;PNP,1,0,22,25
MACACIr;PPItm,1,0,22,25
MACACIr;PYNP2r,1,0,22,25
MACACIr;RNMK,1,0,22,25
MACACIr;RTOT3,1,0,22,25
MACACIr;THR3Dx,0,1,23,24
MACACIr;UPPN,1,0,22,25
MALACONtm;MALTSULtm,1,0,22,25
MALACONtm;PYRtm,1,0,22,25
MALACONtm;SQORm,1,0,22,25
MALACONtm;TSULt4_3,1,0,22,25
MALCOAMT;ARTPLM1,0,1,23,24
MALCOAMT;PNTK,0,1,23,24
MALCOAMT;PNTOt1,0,1,23,24
MALCOAMT;PPCDC,0,1,23,24
MALCOAMT;PPCOAtm,0,1,23,24
MALCOAMT;PPNCL2,0,1,23,24
MALCOAMT;PTPAT,0,1,23,24
MALCOAMT;THR3Dx,0,1,23,24
MALCOAMT;TRDOXtm,0,1,23,24
MALCOAMT;TRDRDtm,0,1,23,24
MALCOAMT;TRDRm,0,1,23,24
MALCOAMTr;ARTPLM1,0,1,23,24
MALCOAMTr;PNTK,0,1,23,24
MALCOAMTr;PNTOt1,0,1,23,24
MALCOAMTr;PPCDC,0,1,23,24
MALCOAMTr;PPCOAtm,0,1,23,24
MALCOAMTr;PPNCL2,0,1,23,24
MALCOAMTr;PTPAT,0,1,23,24
MALCOAMTr;THR3Dx,0,1,23,24
MALCOAMTr;TRDOXtm,0,1,23,24
MALCOAMTr;TRDRDtm,0,1,23,24
MALCOAMTr;TRDRm,0,1,23,24
MAL_Lte;ACITLn,1,0,22,25
MAL_Lte;ADPtn,1,0,22,25
MAL_Lte;CITtn,1,0,22,25
MAL_Lte;MALACONtm,3,0,20,25
MAL_Lte;MALTSULtm,1,0,22,25
MAL_Lte;ME2m,8,1,15,24
MAL_Lte;OAAtn,1,0,22,25
MAL_Lte;OXALSUCCCLm,1,0,22,25
MAL_Lte;PIGTHRDLtm,1,0,22,25
MAL_Lte;PItn,1,0,22,25
MAL_Lte;PYRtm,7,0,16,25
MAL_Lte;SQORm,1,0,22,25
MAL_Lte;TSULt4_3,1,0,22,25
MALtm;PIt2m_2,0,1,23,24
MAN1PT2;MMSAD3m,0,1,23,24
MAN1PT2;N3Tg,0,1,23,24
MAN1PT2;NH4tm,0,1,23,24
MAN1PT2;PAPStg,0,1,23,24
MAN1PT2;PAPtg,0,1,23,24
MAN1PT2;R5Ptr,1,0,22,25
MAN1PT2;RPIr,1,0,22,25
MAN1PT2;RU5Ptr,1,0,22,25
MAN1PT2;S23T2g,0,1,23,24
MAN1PT2;S6T1g,0,1,23,24
MAN1PT2;S6T2g,0,1,23,24
MAN1PT2;S6T3g,0,1,23,24
MAN1PT2;SADT,0,1,23,24
MAN1PT2;THFtm,0,1,23,24
MAN1PT2;UAG4E,0,1,23,24
MAN1PT2;UGALNACtg,0,1,23,24
MAN6PI;MMSAD3m,0,1,23,24
MAN6PI;N3Tg,0,1,23,24
MAN6PI;NH4tm,0,1,23,24
MAN6PI;PAPStg,0,1,23,24
MAN6PI;PAPtg,0,1,23,24
MAN6PI;R5Ptr,1,0,22,25
MAN6PI;RPIr,1,0,22,25
MAN6PI;RU5Ptr,1,0,22,25
MAN6PI;S23T2g,0,1,23,24
MAN6PI;S6T1g,0,1,23,24
MAN6PI;S6T2g,0,1,23,24
MAN6PI;S6T3g,0,1,23,24
MAN6PI;SADT,0,1,23,24
MAN6PI;THFtm,0,1,23,24
MAN6PI;UAG4E,0,1,23,24
MAN6PI;UGALNACtg,0,1,23,24
MDHm;ME2,0,1,23,24
MDHm;ME2m,1,0,22,25
MDHm;PYRtm,1,0,22,25
ME2;O2t,0,1,23,24
ME2;SSALym,0,1,23,24
ME2m;PYRtm,2,1,21,24
MEOHt2;Q10H2e,0,1,23,24
MEOHt2;T4HCINNMFM,0,1,23,24
MEOHt2;TYRTAm,0,1,23,24
MEOHt2;TYRtl,0,1,23,24
MEOHt2;q10h2tc,0,1,23,24
METAT;MTHFR3,0,1,23,24
METAT;MTHFR3x,1,1,22,24
METAT;O2St,1,2,22,23
METAT;O2Stn,1,2,22,23
METAT;O2tn,1,2,22,23
METAT;OXALSUCCCLm,1,0,22,25
METAT;SEAHCYSHYD,1,2,22,23
METAT;SEAHCYStn,1,2,22,23
METAT;SEASMETtn,1,2,22,23
METAT;SELMETAT,1,2,22,23
METAT;SPODMn,1,2,22,23
METAT;THRD_L,4,8,19,17
METATB0tc;METt4,0,1,23,24
METt4;METtec,4,8,19,17
MGSA;NACDe,0,1,23,24
MGSA;NACPRT,0,1,23,24
MGSA;NCAMDe,0,1,23,24
MGSA;NDPK1,0,1,23,24
MGSA;NMNDA,0,1,23,24
MGSA;NMNS,0,1,23,24
MGSA;PIter,0,1,23,24
MGSA;SUCOAS1m,0,1,23,24
MI14P4P;PIPLC,0,1,23,24
MI14PP;MI1PP,17,13,6,12
MI14PP;PIPLC,17,13,6,12
MI1PP;ADPtn,1,5,22,20
MI1PP;MI4PP,17,13,6,12
MI1PP;O2St,1,5,22,20
MI1PP;O2Stn,1,5,22,20
MI1PP;O2tn,1,3,22,22
MI1PP;PAIL4P_HStn,1,4,22,21
MI1PP;PAIL_HStn,1,5,22,20
MI1PP;PIK4,16,8,7,17
MI1PP;PIK4n,1,4,22,21
MI1PP;SPODMn,1,5,22,20
MI4PP;PIPLC,17,13,6,12
MMEm;NH4tm,0,1,23,24
MMEm;OCBTm,0,1,23,24
MMMm;MMSAD3m,1,3,22,22
MMMm;NH4tm,0,1,23,24
MMMm;NTD1,2,3,21,22
MMMm;OCBTm,0,1,23,24
MMMm;PIter,0,1,23,24
MMMm;THFtm,0,1,23,24
MMMm;THRA,0,1,23,24
MMMm;UPPN,1,3,22,22
MMSAD3m;ARTFR42,0,1,23,24
MMSAD3m;MMTSADm,1,3,22,22
MMSAD3m;MTHGXLt,0,1,23,24
MMSAD3m;NDP7er,0,3,23,22
MMSAD3m;NH4tp,0,1,23,24
MMSAD3m;NTD5,1,2,22,23
MMSAD3m;O2tp,0,3,23,22
MMSAD3m;OCDE9ECOAtr,0,1,23,24
MMSAD3m;PGI,0,1,23,24
MMSAD3m;PGMT,0,1,23,24
MMSAD3m;PHEMEtm,1,1,22,24
MMSAD3m;PIATPLtm,1,0,22,25
MMSAD3m;PIt2r,0,2,23,23
MMSAD3m;PMANM,0,1,23,24
MMSAD3m;PPBNGS,1,3,22,22
MMSAD3m;PPCOAtm,0,1,23,24
MMSAD3m;PPItm,3,0,20,25
MMSAD3m;PPM2,0,1,23,24
MMSAD3m;PPPG9tm,1,2,22,23
MMSAD3m;PPPGOm,1,2,22,23
MMSAD3m;RND213,0,2,23,23
MMSAD3m;RTOT4,0,1,23,24
MMSAD3m;THRA,0,1,23,24
MMSAD3m;THYMtm,0,2,23,23
MMSAD3m;TMDPP,1,2,22,23
MMSAD3m;TTDCPT1,0,1,23,24
MMSAD3m;TTDCPT2,0,1,23,24
MMSAD3m;TTDCRNt,0,1,23,24
MMSAD3m;TYRTA,1,0,22,25
MMSAD3m;UDPG4E,0,1,23,24
MMSAD3m;UDPGD,0,3,23,22
MMSAD3m;UDPGLCAter,0,3,23,22
MMSAD3m;UGCGc,0,1,23,24
MMSAD3m;UGLT,0,1,23,24
MMSAD3m;UGT1A2r,0,1,23,24
MMSAD3m;UPP3S,1,2,22,23
MMSAD3m;UPPDC1,1,2,22,23
MMSAD3m;URPT,1,0,22,25
MMTSADm;NTD1,2,3,21,22
MMTSADm;PIter,0,1,23,24
MMTSADm;THFtm,0,1,23,24
MMTSADm;THRA,0,1,23,24
MMTSADm;UPPN,1,3,22,22
MTHFC;MTHFCm,0,3,23,22
MTHFC;MTHFDm,0,3,23,22
MTHFC;SARDHm,0,1,23,24
MTHFC;SERTm,0,2,23,23
MTHFCm;THFtm,0,2,23,23
MTHFCm;URCN,0,2,23,23
MTHFD2;SERALANaEx,0,1,23,24
MTHFD2;SERt4,10,5,13,20
MTHFD2;URCN,12,11,11,14
MTHFD;SERt4,2,0,21,25
MTHFD;URCN,3,3,20,22
MTHFDm;THFtm,0,2,23,23
MTHFDm;URCN,0,2,23,23
MTHFR3;NACHEX24ly,1,0,22,25
MTHFR3;NACHEX25ly,1,0,22,25
MTHFR3;NAGA2ly,1,0,22,25
MTHFR3;NAGLCAly,1,0,22,25
MTHFR3;NDP7g,1,0,22,25
MTHFR3;NDPK3,5,9,18,16
MTHFR3;NTD2,0,1,23,24
MTHFR3;O2t,1,6,22,19
MTHFR3;PAPStg,1,0,22,25
MTHFR3;PAPtg,1,0,22,25
MTHFR3;PGK,0,1,23,24
MTHFR3;PGM,0,1,23,24
MTHFR3;PGMT,1,0,22,25
MTHFR3;PItg,1,0,22,25
MTHFR3;S6TASE24ly,1,0,22,25
MTHFR3;SADT,1,0,22,25
MTHFR3;SO4tl,1,0,22,25
MTHFR3;Ser/Thrtg,1,0,22,25
MTHFR3;UAGDP,1,0,22,25
MTHFR3;UDPACGALtl,1,0,22,25
MTHFR3;UDPGALtg,1,0,22,25
MTHFR3;UDPGD,1,0,22,25
MTHFR3;UDPtl,1,0,22,25
MTHFR3;UGALNACtg,1,0,22,25
MTHFR3;UGLCNACtg,1,0,22,25
MTHFR3;UGLT,1,0,22,25
MTHFR3;URIK4,0,1,23,24
MTHFR3;UROLACer,1,0,22,25
MTHFR3x;NDPK3,16,14,7,11
MTHFR3x;NTD2,0,1,23,24
MTHFR3x;NTD4,1,0,22,25
MTHFR3x;O2t,4,9,19,16
MTHFR3x;URIK4,0,1,23,24
MTHGXLt;NH4tm,0,1,23,24
N3Tg;PMANM,0,1,23,24
NACDe;O2t,0,1,23,24
NACDe;PFK_3,0,1,23,24
NACDe;PGI,0,1,23,24
NACDe;PGK,0,1,23,24
NACDe;PGM,0,1,23,24
NACDe;PIter,0,1,23,24
NACDe;RPE,0,2,23,23
NACDe;RU5Ptr,0,1,23,24
NACDe;TALA,0,1,23,24
NACDe;TKT1,0,2,23,23
NACDe;TKT2,0,2,23,23
NACHEX24ly;O2St,1,0,22,25
NACHEX24ly;O2Stn,1,0,22,25
NACHEX24ly;O2tn,1,0,22,25
NACHEX24ly;PGLer,0,1,23,24
NACHEX24ly;SEAHCYSHYD,1,0,22,25
NACHEX24ly;SEAHCYStn,1,0,22,25
NACHEX24ly;SEASMETtn,1,0,22,25
NACHEX24ly;SELMETAT,1,0,22,25
NACHEX24ly;SPODMn,1,0,22,25
NACHEX24ly;UDPGNP,1,0,22,25
NACHEX25ly;O2St,1,0,22,25
NACHEX25ly;O2Stn,1,0,22,25
NACHEX25ly;O2tn,1,0,22,25
NACHEX25ly;PGLer,0,1,23,24
NACHEX25ly;SEAHCYSHYD,1,0,22,25
NACHEX25ly;SEAHCYStn,1,0,22,25
NACHEX25ly;SEASMETtn,1,0,22,25
NACHEX25ly;SELMETAT,1,0,22,25
NACHEX25ly;SPODMn,1,0,22,25
NACHEX25ly;UDPGNP,1,0,22,25
NACHEX26ly;UDPGNP,1,0,22,25
NACPRT;O2t,0,1,23,24
NACPRT;PFK_3,0,1,23,24
NACPRT;PGI,0,1,23,24
NACPRT;PGK,0,1,23,24
NACPRT;PGM,0,1,23,24
NACPRT;PIter,0,1,23,24
NACPRT;RPE,0,2,23,23
NACPRT;RU5Ptr,0,1,23,24
NACPRT;TALA,0,1,23,24
NACPRT;TKT1,0,2,23,23
NACPRT;TKT2,0,2,23,23
NADHtru;ARTFR52,2,0,21,25
NADHtru;NADPHtru,0,2,23,23
NADHtru;NADPtru,0,2,23,23
NADHtru;NDPK1,1,0,22,25
NADHtru;NMNS,0,1,23,24
NADHtru;OCOAT1m,1,0,22,25
NADHtru;OXALSUCCCLm,1,0,22,25
NADHtru;P45011A1m,1,2,22,23
NADHtru;PPCOAtm,0,2,23,23
NADHtru;PRGNLONEtm,1,2,22,23
NADHtru;PRGNLONEtr,1,2,22,23
NADHtru;PYRtm,1,0,22,25
NADHtru;RTOT5,2,0,21,25
NADHtru;SUCOAS1m,1,0,22,25
NADHtru;TECR180,2,0,21,25
NADHtru;TECR200,2,0,21,25
NADHtru;TECR220,2,0,21,25
NADHtru;TECR240,2,0,21,25
NADHtru;TECR260,2,0,21,25
NADHtru;THR3Dx,0,1,23,24
NADHtru;TRDOXtm,1,0,22,25
NADHtru;TRDR,1,0,22,25
NADHtru;TRDRDtm,1,0,22,25
NADHtru;TRDRm,1,0,22,25
NADHtru;TYRTA,5,0,18,25
NADPHtru;ARTFR12,0,1,23,24
NADPHtru;NADtru,0,2,23,23
NADPHtru;PGLer,0,2,23,23
NADPHtru;PLMCOAPTr,0,1,23,24
NADPHtru;PPA,0,1,23,24
NADPtru;ARTFR12,0,1,23,24
NADPtru;NADtru,0,2,23,23
NADPtru;PGLer,0,2,23,23
NADPtru;PLMCOAPTr,0,1,23,24
NADPtru;PPA,0,1,23,24
NADtru;ARTFR52,2,0,21,25
NADtru;NDPK1,1,0,22,25
NADtru;NMNS,0,1,23,24
NADtru;OCOAT1m,1,0,22,25
NADtru;OXALSUCCCLm,1,0,22,25
NADtru;P45011A1m,1,2,22,23
NADtru;PPCOAtm,0,2,23,23
NADtru;PRGNLONEtm,1,2,22,23
NADtru;PRGNLONEtr,1,2,22,23
NADtru;PYRtm,1,0,22,25
NADtru;RTOT5,2,0,21,25
NADtru;SUCOAS1m,1,0,22,25
NADtru;TECR180,2,0,21,25
NADtru;TECR200,2,0,21,25
NADtru;TECR220,2,0,21,25
NADtru;TECR240,2,0,21,25
NADtru;TECR260,2,0,21,25
NADtru;THR3Dx,0,1,23,24
NADtru;TRDOXtm,1,0,22,25
NADtru;TRDR,1,0,22,25
NADtru;TRDRDtm,1,0,22,25
NADtru;TRDRm,1,0,22,25
NADtru;TYRTA,5,0,18,25
NAGA2ly;O2St,1,0,22,25
NAGA2ly;O2Stn,1,0,22,25
NAGA2ly;O2tn,1,0,22,25
NAGA2ly;PGLer,0,1,23,24
NAGA2ly;SEAHCYSHYD,1,0,22,25
NAGA2ly;SEAHCYStn,1,0,22,25
NAGA2ly;SEASMETtn,1,0,22,25
NAGA2ly;SELMETAT,1,0,22,25
NAGA2ly;SPODMn,1,0,22,25
NAGA2ly;UDPGNP,1,0,22,25
NAGLCAly;O2St,1,0,22,25
NAGLCAly;O2Stn,1,0,22,25
NAGLCAly;O2tn,1,0,22,25
NAGLCAly;PGLer,0,1,23,24
NAGLCAly;SEAHCYSHYD,1,0,22,25
NAGLCAly;SEAHCYStn,1,0,22,25
NAGLCAly;SEASMETtn,1,0,22,25
NAGLCAly;SELMETAT,1,0,22,25
NAGLCAly;SPODMn,1,0,22,25
NAGLCAly;UDPGNP,1,0,22,25
NAtm;PGL,0,1,23,24
NAtm;RPE,0,1,23,24
NAtm;TKT1,0,1,23,24
NAtm;TKT2,0,1,23,24
NCAMDe;O2t,0,1,23,24
NCAMDe;PFK_3,0,1,23,24
NCAMDe;PGK,0,1,23,24
NCAMDe;PGM,0,1,23,24
NCAMDe;PIter,0,1,23,24
NCAMDe;PPItm,1,0,22,25
NCAMDe;RPE,0,1,23,24
NCAMDe;RU5Ptr,0,1,23,24
NCAMDe;TKT1,0,1,23,24
NCAMDe;TKT2,0,1,23,24
NCAMDe;TYRTA,1,0,22,25
NDP7er;NH4tm,0,1,23,24
NDP7er;NTD1,1,3,22,22
NDP7er;OCBTm,0,1,23,24
NDP7er;OXALSUCCCLm,0,1,23,24
NDP7er;PIGTHRDLtm,0,1,23,24
NDP7er;PIter,0,1,23,24
NDP7er;PROtm,1,0,22,25
NDP7er;R5Ptr,1,0,22,25
NDP7er;RPIr,1,0,22,25
NDP7er;RU5Ptr,1,0,22,25
NDP7er;SUCCICITtm,0,1,23,24
NDP7er;SUCOAS1m,0,1,23,24
NDP7er;THFtm,0,1,23,24
NDP7er;THRA,0,1,23,24
NDP7er;UPPN,0,3,23,22
NDP7g;O2St,1,0,22,25
NDP7g;O2Stn,1,0,22,25
NDP7g;O2tn,1,0,22,25
NDP7g;PGLer,0,1,23,24
NDP7g;R5Ptr,1,0,22,25
NDP7g;RPIr,1,0,22,25
NDP7g;RU5Ptr,1,0,22,25
NDP7g;SEAHCYSHYD,1,0,22,25
NDP7g;SEAHCYStn,1,0,22,25
NDP7g;SEASMETtn,1,0,22,25
NDP7g;SELMETAT,1,0,22,25
NDP7g;SPODMn,1,0,22,25
NDP7g;UDPGNP,1,0,22,25
NDP8;PPM,0,2,23,23
NDP8;PYNP2r,0,3,23,22
NDP8;UPPN,0,2,23,23
NDP8;URIK4,0,3,23,22
NDPK1;AKGtn,0,1,23,24
NDPK1;CO2tn,0,1,23,24
NDPK1;FALDtn,0,1,23,24
NDPK1;O2t,0,1,23,24
NDPK1;OCOAT1m,1,1,22,24
NDPK1;PIMALtm,1,0,22,25
NDPK1;PPItm,1,0,22,25
NDPK1;PROGLUtm,0,1,23,24
NDPK1;PROtm,0,1,23,24
NDPK1;SFGTH,0,1,23,24
NDPK1;SO4AKGtm,1,0,22,25
NDPK1;SO4MALtm,1,0,22,25
NDPK1;SSALym,0,1,23,24
NDPK1;SUCCACONtm,1,0,22,25
NDPK1;SUCOAS1m,1,2,22,23
NDPK1;UROLACer,0,1,23,24
NDPK1;XYLTD_Dr,0,1,23,24
NDPK1;XYLUR,0,1,23,24
NDPK3;O2St,21,22,2,3
NDPK3;O2Stn,21,23,2,2
NDPK3;O2tn,14,17,9,8
NDPK3;PGLer,0,1,23,24
NDPK3;PUNP1,0,1,23,24
NDPK3;R5Ptr,1,0,22,25
NDPK3;RPIr,1,0,22,25
NDPK3;RU5Ptr,1,0,22,25
NDPK3;R_group_phosphotase_1,1,0,22,25
NDPK3;SEAHCYSHYD,21,23,2,2
NDPK3;SEAHCYStn,21,23,2,2
NDPK3;SEASMETtn,21,23,2,2
NDPK3;SELMETAT,21,23,2,2
NDPK3;SPODMn,21,23,2,2
NDPK3;THRA,1,0,22,25
NDPK3;THYPX,3,0,20,25
NDPK3;UDPGNP,1,0,22,25
NDPK6;PPM,0,3,23,22
NDPK6;PYNP2r,1,3,22,22
NDPK6;URIK4,0,3,23,22
NDPK8;PYK7,2,1,21,24
NH4t3r;NH4tm,1,0,22,25
NH4t3r;NKCC2t,1,2,22,23
NH4t3r;OCBTm,1,0,22,25
NH4t3r;ORNt4m,1,0,22,25
NH4tm;ARTFR42,0,1,23,24
NH4tm;OCBTm,8,7,15,18
NH4tm;OCDE9ECOAtr,0,1,23,24
NH4tm;ORNt4m,4,3,19,22
NH4tm;PGI,0,1,23,24
NH4tm;PHEMEtm,0,1,23,24
NH4tm;PIATPLtm,1,0,22,25
NH4tm;PIGTHRDLtm,0,1,23,24
NH4tm;PIt2r,0,1,23,24
NH4tm;PMANM,0,1,23,24
NH4tm;PPBNGS,0,1,23,24
NH4tm;PPCOACm,0,1,23,24
NH4tm;PPCOAtm,0,1,23,24
NH4tm;PPPG9tm,0,1,23,24
NH4tm;PPPGOm,0,1,23,24
NH4tm;RND213,0,1,23,24
NH4tm;RTOT4,0,1,23,24
NH4tm;THRA,0,1,23,24
NH4tm;TTDCPT1,0,1,23,24
NH4tm;TTDCPT2,0,1,23,24
NH4tm;TTDCRNt,0,1,23,24
NH4tm;UDPGD,0,1,23,24
NH4tm;UDPGLCAter,0,1,23,24
NH4tm;UGCGc,0,1,23,24
NH4tm;UGT1A2r,0,1,23,24
NH4tm;UPP3S,0,1,23,24
NH4tm;UPPDC1,0,1,23,24
NH4tm;UREAt,1,1,22,24
NH4tp;THFtm,0,1,23,24
NH4tp;THRD_L,1,1,22,24
NH4tp;TRDOXtm,1,1,22,24
NH4tp;TRDR,4,2,19,23
NH4tp;TRDRDtm,1,1,22,24
NH4tp;TRDRm,1,1,22,24
NH4tp;UPPN,0,1,23,24
NH4tr;PPA,7,5,16,20
NH4tr;PPIPItr,0,7,23,18
NMNDA;O2t,0,1,23,24
NMNDA;PFK_3,0,1,23,24
NMNDA;PGK,0,1,23,24
NMNDA;PGM,0,1,23,24
NMNDA;PIter,0,1,23,24
NMNDA;PPItm,1,0,22,25
NMNDA;RPE,0,1,23,24
NMNDA;RU5Ptr,0,1,23,24
NMNDA;TKT1,0,1,23,24
NMNDA;TKT2,0,1,23,24
NMNDA;TYRTA,1,0,22,25
NMNS;ARTFR12,0,1,23,24
NMNS;O2t,0,1,23,24
NMNS;PFK_3,0,1,23,24
NMNS;PGI,0,2,23,23
NMNS;PGK,0,3,23,22
NMNS;PGM,0,3,23,22
NMNS;PIter,0,1,23,24
NMNS;PLMCOAPTr,0,1,23,24
NMNS;RPE,0,1,23,24
NMNS;RU5Ptr,0,1,23,24
NMNS;TKT1,0,1,23,24
NMNS;TKT2,0,1,23,24
NMNS;TPI,0,2,23,23
NM_4;THRD_L,0,2,23,23
NNDPR;PFK_3,0,1,23,24
NNDPR;PGI,0,1,23,24
NNDPR;PGK,0,1,23,24
NNDPR;PGM,0,1,23,24
NNDPR;RPE,0,2,23,23
NNDPR;TALA,0,1,23,24
NNDPR;TKT1,0,2,23,23
NNDPR;TKT2,0,2,23,23
NNDPR;TPI,0,1,23,24
NNDPR;TXA2tr,0,1,23,24
NNDPR;TXB2c,0,1,23,24
NNDPR;TXB2r,0,1,23,24
NNDPR;TXB2tr,0,1,23,24
NRVNCCOAtr;ARTFR32,0,1,23,24
NRVNCCOAtr;ARTFR33,0,1,23,24
NRVNCCOAtr;ARTFR42,0,2,23,23
NRVNCCOAtr;ARTFR43,1,0,22,25
NRVNCCOAtr;ARTPLM1,1,1,22,24
NRVNCCOAtr;OCDE9ECOAtr,0,1,23,24
NRVNCCOAtr;OCTD11ECOAtr,1,1,22,24
NRVNCCOAtr;OXALSUCCCLm,1,0,22,25
NRVNCCOAtr;RTOT3,0,2,23,23
NRVNCCOAtr;RTOT4,1,0,22,25
NRVNCCOAtr;TECR181,1,1,22,24
NRVNCCOAtr;TRDOXtm,3,4,20,21
NRVNCCOAtr;TRDR,10,4,13,21
NRVNCCOAtr;TRDRDtm,3,4,20,21
NRVNCCOAtr;TRDRm,3,4,20,21
NRVNCCOAtxc;ARTFR33,0,1,23,24
NRVNCCOAtxc;ARTFR43,1,0,22,25
NRVNCCOAtxc;ARTPLM1,1,1,22,24
NRVNCCOAtxc;OCTD11ECOAtr,1,1,22,24
NRVNCCOAtxc;OXALSUCCCLm,1,0,22,25
NRVNCCOAtxc;RTOT3,0,1,23,24
NRVNCCOAtxc;RTOT4,1,0,22,25
NRVNCCOAtxc;TECR181,1,1,22,24
NRVNCCOAtxc;TRDOXtm,3,4,20,21
NRVNCCOAtxc;TRDR,10,4,13,21
NRVNCCOAtxc;TRDRDtm,3,4,20,21
NRVNCCOAtxc;TRDRm,3,4,20,21
NTD1;O2tp,0,1,23,24
NTD1;PGMT,1,2,22,23
NTD1;PHEMEtm,2,3,21,22
NTD1;PIt2r,0,1,23,24
NTD1;PPBNGS,2,3,21,22
NTD1;PPM2,2,3,21,22
NTD1;PPPG9tm,2,3,21,22
NTD1;PPPGOm,2,3,21,22
NTD1;RND213,0,1,23,24
NTD1;THYMtm,1,3,22,22
NTD1;UDPG4E,0,1,23,24
NTD1;UDPGD,1,3,22,22
NTD1;UDPGLCAter,1,3,22,22
NTD1;UGLT,0,1,23,24
NTD1;UGT1A2r,1,2,22,23
NTD1;UPP3S,2,3,21,22
NTD1;UPPDC1,2,3,21,22
NTD2;O2St,0,2,23,23
NTD2;O2Stn,0,2,23,23
NTD2;O2tn,0,2,23,23
NTD2;PIATPLtm,1,0,22,25
NTD2;PPItm,2,0,21,25
NTD2;SEAHCYSHYD,0,2,23,23
NTD2;SEAHCYStn,0,2,23,23
NTD2;SEASMETtn,0,2,23,23
NTD2;SELMETAT,0,2,23,23
NTD2;SPODMn,0,2,23,23
NTD2;TYRTA,1,0,22,25
NTD4;O2St,1,0,22,25
NTD4;O2Stn,1,0,22,25
NTD4;O2tn,1,0,22,25
NTD4;SEAHCYSHYD,1,0,22,25
NTD4;SEAHCYStn,1,0,22,25
NTD4;SEASMETtn,1,0,22,25
NTD4;SELMETAT,1,0,22,25
NTD4;SPODMn,1,0,22,25
NTD5;UPPN,1,2,22,23
O2St;O2t,10,18,13,7
O2St;PAPStg,1,0,22,25
O2St;PAPtg,1,0,22,25
O2St;PGK,0,1,23,24
O2St;PGM,0,1,23,24
O2St;PGMT,1,0,22,25
O2St;PIPLC,1,5,22,20
O2St;PItg,1,0,22,25
O2St;PPItm,0,1,23,24
O2St;Q10H2e,0,1,23,24
O2St;S6TASE24ly,1,0,22,25
O2St;SADT,1,0,22,25
O2St;SO4tl,1,0,22,25
O2St;Ser/Thrtg,1,0,22,25
O2St;T4HCINNMFM,0,1,23,24
O2St;THRD_L,0,1,23,24
O2St;TYRTAm,0,1,23,24
O2St;TYRtl,0,1,23,24
O2St;UAGDP,1,0,22,25
O2St;UDPACGALtl,1,0,22,25
O2St;UDPGALtg,1,0,22,25
O2St;UDPGD,1,0,22,25
O2St;UDPtl,1,0,22,25
O2St;UGALNACtg,1,0,22,25
O2St;UGLCNACtg,1,0,22,25
O2St;UGLT,1,0,22,25
O2St;URIK4,0,2,23,23
O2St;UROLACer,1,0,22,25
O2St;q10h2tc,0,1,23,24
O2Stm;PIATPLtm,1,1,22,24
O2Stm;PIMALtm,0,1,23,24
O2Stm;PPItm,2,1,21,24
O2Stm;Q10H2e,5,2,18,23
O2Stm;T4HCINNMFM,5,2,18,23
O2Stm;TYRTAm,5,2,18,23
O2Stm;TYRtl,5,2,18,23
O2Stm;q10h2tc,5,2,18,23
O2Stn;O2t,7,18,16,7
O2Stn;PAPStg,1,0,22,25
O2Stn;PAPtg,1,0,22,25
O2Stn;PGK,0,1,23,24
O2Stn;PGM,0,1,23,24
O2Stn;PGMT,1,0,22,25
O2Stn;PIPLC,1,5,22,20
O2Stn;PItg,1,0,22,25
O2Stn;S6TASE24ly,1,0,22,25
O2Stn;SADT,1,0,22,25
O2Stn;SO4tl,1,0,22,25
O2Stn;Ser/Thrtg,1,0,22,25
O2Stn;UAGDP,1,0,22,25
O2Stn;UDPACGALtl,1,0,22,25
O2Stn;UDPGALtg,1,0,22,25
O2Stn;UDPGD,1,0,22,25
O2Stn;UDPtl,1,0,22,25
O2Stn;UGALNACtg,1,0,22,25
O2Stn;UGLCNACtg,1,0,22,25
O2Stn;UGLT,1,0,22,25
O2Stn;URIK4,0,2,23,23
O2Stn;UROLACer,1,0,22,25
O2Stx;O2t,2,0,21,25
O2Stx;PPItm,0,1,23,24
O2Stx;Q10H2e,0,1,23,24
O2Stx;T4HCINNMFM,0,1,23,24
O2Stx;THRD_L,0,1,23,24
O2Stx;TYRTAm,0,1,23,24
O2Stx;TYRtl,0,1,23,24
O2Stx;q10h2tc,0,1,23,24
O2t;O2tn,5,16,18,9
O2t;O2tp,2,1,21,24
O2t;OXALSUCCCLm,0,1,23,24
O2t;PGI,0,1,23,24
O2t;PGL,0,2,23,23
O2t;PIter,0,1,23,24
O2t;PPA,4,9,19,16
O2t;PROGLUtm,0,1,23,24
O2t;PROtm,0,1,23,24
O2t;PYRt4_2,1,0,22,25
O2t;RPE,0,2,23,23
O2t;RU5Ptr,0,1,23,24
O2t;SBTR,0,2,23,23
O2t;SBT_Dtde,0,2,23,23
O2t;SEAHCYSHYD,5,15,18,10
O2t;SEAHCYStn,5,15,18,10
O2t;SEASMETtn,5,15,18,10
O2t;SELMETAT,5,15,18,10
O2t;SPODM,1,0,22,25
O2t;SPODMn,7,18,16,7
O2t;SPODMx,2,0,21,25
O2t;SUCOAS1m,0,1,23,24
O2t;TALA,0,1,23,24
O2t;THRD_L,0,1,23,24
O2t;THYPX,3,0,20,25
O2t;THYRDI,1,0,22,25
O2t;THYRDI2,1,0,22,25
O2t;TKT1,0,2,23,23
O2t;TKT2,0,2,23,23
O2t;TXA2tr,0,3,23,22
O2t;TXB2c,0,3,23,22
O2t;TXB2r,0,3,23,22
O2t;TXB2tr,0,3,23,22
O2t;TYRt4,0,1,23,24
O2tn;PAPStg,1,0,22,25
O2tn;PAPtg,1,0,22,25
O2tn;PGK,0,1,23,24
O2tn;PGM,0,1,23,24
O2tn;PGMT,1,0,22,25
O2tn;PIPLC,1,3,22,22
O2tn;PItg,1,0,22,25
O2tn;S6TASE24ly,1,0,22,25
O2tn;SADT,1,0,22,25
O2tn;SO4tl,1,0,22,25
O2tn;Ser/Thrtg,1,0,22,25
O2tn;UAGDP,1,0,22,25
O2tn;UDPACGALtl,1,0,22,25
O2tn;UDPGALtg,1,0,22,25
O2tn;UDPGD,1,0,22,25
O2tn;UDPtl,1,0,22,25
O2tn;UGALNACtg,1,0,22,25
O2tn;UGLCNACtg,1,0,22,25
O2tn;UGLT,1,0,22,25
O2tn;URIK4,0,2,23,23
O2tn;UROLACer,1,0,22,25
O2tp;ARTFR33,0,1,23,24
O2tp;ARTFR43,1,0,22,25
O2tp;ARTPLM1,1,1,22,24
O2tp;OAADC,0,1,23,24
O2tp;OCTD11ECOAtr,1,1,22,24
O2tp;OXALSUCCCLm,0,1,23,24
O2tp;PIATPLtm,1,0,22,25
O2tp;PIGTHRDLtm,0,1,23,24
O2tp;PPCOAOm,0,1,23,24
O2tp;PPCOAtm,0,1,23,24
O2tp;PPItm,3,2,20,23
O2tp;PROGLUtm,0,1,23,24
O2tp;PROtm,0,1,23,24
O2tp;PRPNCOAHYDm,0,1,23,24
O2tp;Q10H2e,6,3,17,22
O2tp;RTOT3,0,1,23,24
O2tp;RTOT4,1,0,22,25
O2tp;T4HCINNMFM,6,3,17,22
O2tp;TECR181,1,1,22,24
O2tp;THFtm,0,1,23,24
O2tp;THR3Dx,1,1,22,24
O2tp;THRA,0,1,23,24
O2tp;THRD_L,2,2,21,23
O2tp;TRDOXtm,2,3,21,22
O2tp;TRDR,7,3,16,22
O2tp;TRDRDtm,2,3,21,22
O2tp;TRDRm,2,3,21,22
O2tp;TYRTAm,6,3,17,22
O2tp;TYRtl,6,3,17,22
O2tp;UPPN,0,2,23,23
O2tp;q10h2tc,6,3,17,22
OAADC;ARTFR12,0,1,23,24
OAADC;PEPCK,0,1,23,24
OAADC;PLMCOAPTr,0,1,23,24
OCBTm;PGMT,1,0,22,25
OCBTm;PHEMEtm,0,1,23,24
OCBTm;PIATPLtm,1,0,22,25
OCBTm;PIt2m_2,0,2,23,23
OCBTm;PIt2r,0,1,23,24
OCBTm;PPBNGS,0,1,23,24
OCBTm;PPCOACm,0,1,23,24
OCBTm;PPItm,2,1,21,24
OCBTm;PPPG9tm,0,1,23,24
OCBTm;PPPGOm,0,1,23,24
OCBTm;Q10H2e,5,1,18,24
OCBTm;RND213,0,1,23,24
OCBTm;T4HCINNMFM,5,1,18,24
OCBTm;TYRTAm,5,1,18,24
OCBTm;TYRtl,5,1,18,24
OCBTm;UDPGD,1,1,22,24
OCBTm;UDPGLCAter,0,1,23,24
OCBTm;UGT1A2r,0,1,23,24
OCBTm;UPP3S,0,1,23,24
OCBTm;UPPDC1,0,1,23,24
OCBTm;q10h2tc,5,1,18,24
OCDE9ECOAtr;ARTFR45,0,1,23,24
OCDE9ECOAtr;ARTFR52,2,2,21,23
OCDE9ECOAtr;RTOT5,2,2,21,23
OCDE9ECOAtr;SE4,0,2,23,23
OCDE9ECOAtr;SOAT3,0,2,23,23
OCDE9ECOAtr;TECR200,2,2,21,23
OCDE9ECOAtr;TECR201,0,1,23,24
OCDE9ECOAtr;TECR220,2,2,21,23
OCDE9ECOAtr;TECR221,0,1,23,24
OCDE9ECOAtr;TECR240,2,2,21,23
OCDE9ECOAtr;TECR241,0,1,23,24
OCDE9ECOAtr;TECR260,2,2,21,23
OCDE9ECOAtr;THFtm,0,1,23,24
OCDE9ECOAtr;THR3Dx,0,1,23,24
OCDE9ECOAtr;TYRTA,1,0,22,25
OCOAT1m;OXALSUCCCLm,0,1,23,24
OCOAT1m;OXAPItm,0,1,23,24
OCOAT1m;PPCOAtm,0,1,23,24
OCOAT1m;PPItm,1,0,22,25
OCTD11ECOAtr;ARTFR206,1,1,22,24
OCTD11ECOAtr;ARTFR41,1,0,22,25
OCTD11ECOAtr;ARTFR52,1,1,22,24
OCTD11ECOAtr;ARTPLM2,1,0,22,25
OCTD11ECOAtr;ARTPLM3,0,1,23,24
OCTD11ECOAtr;PLMCOAPTr,1,0,22,25
OCTD11ECOAtr;PRO1x,0,1,23,24
OCTD11ECOAtr;RTOT5,2,2,21,23
OCTD11ECOAtr;RTOT_2,1,0,22,25
OCTD11ECOAtr;RTOT_3,0,1,23,24
OCTD11ECOAtr;TECR180,19,13,4,12
OCTD11ECOAtr;TECR200,1,1,22,24
OCTD11ECOAtr;TECR201,1,1,22,24
OCTD11ECOAtr;TECR220,1,1,22,24
OCTD11ECOAtr;TECR221,1,1,22,24
OCTD11ECOAtr;TECR240,1,1,22,24
OCTD11ECOAtr;TECR241,1,1,22,24
OCTD11ECOAtr;TECR260,1,1,22,24
ORNt4m;PIATPLtm,1,0,22,25
ORNt4m;PIt2m_2,0,2,23,23
ORNt4m;PPItm,0,1,23,24
ORNt4m;Q10H2e,4,1,19,24
ORNt4m;T4HCINNMFM,4,1,19,24
ORNt4m;TYRTAm,4,1,19,24
ORNt4m;TYRtl,4,1,19,24
ORNt4m;q10h2tc,4,1,19,24
OXALSUCCCLm;ARTFR12,0,1,23,24
OXALSUCCCLm;ARTFR54,1,0,22,25
OXALSUCCCLm;OXAPItm,0,1,23,24
OXALSUCCCLm;PHEMEtm,0,1,23,24
OXALSUCCCLm;PLMCOAPTr,0,1,23,24
OXALSUCCCLm;PPBNGS,0,1,23,24
OXALSUCCCLm;PPItm,0,1,23,24
OXALSUCCCLm;PPPG9tm,0,1,23,24
OXALSUCCCLm;PPPGOm,0,1,23,24
OXALSUCCCLm;PYRtm,0,1,23,24
OXALSUCCCLm;RTOT5,1,0,22,25
OXALSUCCCLm;SARCOXp,1,0,22,25
OXALSUCCCLm;SARCStm,1,0,22,25
OXALSUCCCLm;SARCStp,1,0,22,25
OXALSUCCCLm;SQORm,0,1,23,24
OXALSUCCCLm;SUCOAS1m,0,1,23,24
OXALSUCCCLm;TECR180,1,0,22,25
OXALSUCCCLm;TECR201,1,0,22,25
OXALSUCCCLm;TECR221,1,0,22,25
OXALSUCCCLm;TECR224,1,0,22,25
OXALSUCCCLm;TECR241,1,0,22,25
OXALSUCCCLm;TECR244,1,0,22,25
OXALSUCCCLm;TETPENT6COAtr,1,0,22,25
OXALSUCCCLm;THRA,1,0,22,25
OXALSUCCCLm;TSULt4_3,0,1,23,24
OXALSUCCCLm;TYRTA,0,1,23,24
OXALSUCCCLm;UDPG4E,0,1,23,24
OXALSUCCCLm;UDPGD,0,1,23,24
OXALSUCCCLm;UDPGLCAter,0,1,23,24
OXALSUCCCLm;UGLT,0,1,23,24
OXALSUCCCLm;UPP3S,0,1,23,24
OXALSUCCCLm;UPPDC1,0,1,23,24
OXAPItm;PYRtm,0,1,23,24
OXAPItm;SUCOAS1m,0,1,23,24
OXAPItm;TYRTA,0,1,23,24
OXOADLR;PPItm,0,1,23,24
P45011A1m;TRDOXtm,0,1,23,24
P45011A1m;TRDRDtm,0,1,23,24
P45011A1m;TRDRm,0,1,23,24
P5CRxm;THFtm,0,1,23,24
PAIL4P_HStn;PIPLC,1,4,22,21
PAIL_HStn;PIPLC,1,5,22,20
PAPStg;PGLer,0,1,23,24
PAPStg;PMANM,0,1,23,24
PAPStg;SEAHCYSHYD,1,0,22,25
PAPStg;SEAHCYStn,1,0,22,25
PAPStg;SEASMETtn,1,0,22,25
PAPStg;SELMETAT,1,0,22,25
PAPStg;SPODMn,1,0,22,25
PAPStg;ST3GAL31g,0,1,23,24
PAPStg;UDPGNP,1,0,22,25
PAPStg;UGCGc,0,1,23,24
PAPtg;PGLer,0,1,23,24
PAPtg;PMANM,0,1,23,24
PAPtg;SEAHCYSHYD,1,0,22,25
PAPtg;SEAHCYStn,1,0,22,25
PAPtg;SEASMETtn,1,0,22,25
PAPtg;SELMETAT,1,0,22,25
PAPtg;SPODMn,1,0,22,25
PAPtg;ST3GAL31g,0,1,23,24
PAPtg;UDPGNP,1,0,22,25
PAPtg;UGCGc,0,1,23,24
PCOREM3terg;R5Ptr,1,0,22,25
PCOREM3terg;RPIr,1,0,22,25
PCOREM3terg;RU5Ptr,1,0,22,25
PCRNtm;PPA,0,1,23,24
PCRNtm;PPCOAtm,1,0,22,25
PCRNtm;RTOTALCRNCPT1,0,1,23,24
PCRNtm;RTOTALCRNCPT2,0,1,23,24
PCRNtm;RTOTALCRNt,0,1,23,24
PCRNtm;R_group_phosphotase_1,0,1,23,24
PCRNtm;Rtotaltm,0,1,23,24
PEMET1;PSDm_hs,7,1,16,24
PEMET1;PSFLIPm,7,1,16,24
PEMET2;PSDm_hs,7,1,16,24
PEMET2;PSFLIPm,7,1,16,24
PEPCK;PGI,1,1,22,24
PEPCK;PGK,2,5,21,20
PEPCK;PGM,4,11,19,14
PEPCK;TPI,0,1,23,24
PE_HStm;PEMET1,7,1,16,24
PE_HStm;PEMET2,7,1,16,24
PE_HStm;PIMALtm,0,1,23,24
PE_HStm;Q10H2e,0,1,23,24
PE_HStm;T4HCINNMFM,0,1,23,24
PE_HStm;TYRTAm,0,1,23,24
PE_HStm;TYRtl,0,1,23,24
PE_HStm;q10h2tc,0,1,23,24
PFK;PFK_3,5,2,18,23
PFK;RPE,0,2,23,23
PFK;RU5Ptr,0,1,23,24
PFK;TKT1,0,2,23,23
PFK;TKT2,0,2,23,23
PFK_3;PGI,0,1,23,24
PFK_3;PIter,0,1,23,24
PFK_3;QUILSYN,0,1,23,24
PFK_3;TPI,0,1,23,24
PFK_3;TRPO2,0,1,23,24
PGI;PGL,0,1,23,24
PGI;PGLer,0,1,23,24
PGI;QUILSYN,0,1,23,24
PGI;RPE,0,4,23,21
PGI;RU5Ptr,0,1,23,24
PGI;SBTD_D2,1,2,22,23
PGI;SBTR,1,2,22,23
PGI;THFtm,0,1,23,24
PGI;TKT1,0,4,23,21
PGI;TKT2,0,4,23,21
PGI;TPI,0,2,23,23
PGI;TRPO2,0,1,23,24
PGK;PIter,0,1,23,24
PGK;PPCOACRNtm,0,1,23,24
PGK;QUILSYN,0,1,23,24
PGK;RTOTALCRNCPT1,0,1,23,24
PGK;RTOTALCRNCPT2,0,1,23,24
PGK;RTOTALCRNt,0,1,23,24
PGK;R_group_phosphotase_1,0,1,23,24
PGK;Rtotaltm,0,1,23,24
PGK;SEAHCYSHYD,0,1,23,24
PGK;SEAHCYStn,0,1,23,24
PGK;SEASMETtn,0,1,23,24
PGK;SELMETAT,0,1,23,24
PGK;SPODMn,0,1,23,24
PGK;TRPO2,0,1,23,24
PGL;Pit4,0,1,23,24
PGL;RPE,0,1,23,24
PGL;TALA,0,1,23,24
PGL;THFtm,0,1,23,24
PGL;TKT1,0,1,23,24
PGL;TKT2,0,1,23,24
PGL;TPI,0,1,23,24
PGLer;PGMT,0,1,23,24
PGLer;PIter,0,1,23,24
PGLer;PItg,0,1,23,24
PGLer;RPE,0,2,23,23
PGLer;RU5Ptr,0,2,23,23
PGLer;S6TASE24ly,0,1,23,24
PGLer;SADT,0,1,23,24
PGLer;SO4tl,0,1,23,24
PGLer;Ser/Thrtg,0,1,23,24
PGLer;TALA,0,1,23,24
PGLer;TKT1,0,1,23,24
PGLer;TKT2,0,1,23,24
PGLer;UAGDP,0,1,23,24
PGLer;UDPACGALtl,0,1,23,24
PGLer;UDPG4E,0,1,23,24
PGLer;UDPGALtg,0,1,23,24
PGLer;UDPGD,0,1,23,24
PGLer;UDPtl,0,1,23,24
PGLer;UGALNACtg,0,1,23,24
PGLer;UGLCNACtg,0,1,23,24
PGLer;XYLK,0,1,23,24
PGLer;XYLTD_Dr,0,1,23,24
PGLer;XYLURx,0,1,23,24
PGM;PIter,0,2,23,23
PGM;PPCOACRNtm,0,1,23,24
PGM;QUILSYN,0,1,23,24
PGM;RTOTALCRNCPT1,0,1,23,24
PGM;RTOTALCRNCPT2,0,1,23,24
PGM;RTOTALCRNt,0,1,23,24
PGM;R_group_phosphotase_1,0,1,23,24
PGM;Rtotaltm,0,1,23,24
PGM;SEAHCYSHYD,0,1,23,24
PGM;SEAHCYStn,0,1,23,24
PGM;SEASMETtn,0,1,23,24
PGM;SELMETAT,0,1,23,24
PGM;SPODMn,0,1,23,24
PGM;TRPO2,0,1,23,24
PGMT;PIter,0,1,23,24
PGMT;PROtm,1,0,22,25
PGMT;R5Ptr,1,0,22,25
PGMT;RPIr,1,0,22,25
PGMT;RU5Ptr,1,0,22,25
PGMT;SEAHCYSHYD,1,0,22,25
PGMT;SEAHCYStn,1,0,22,25
PGMT;SEASMETtn,1,0,22,25
PGMT;SELMETAT,1,0,22,25
PGMT;SPODMn,1,0,22,25
PGMT;SUCCICITtm,0,1,23,24
PGMT;UPPN,0,1,23,24
PGS;TRDOXtm,3,4,20,21
PGS;TRDR,10,4,13,21
PGS;TRDRDtm,3,4,20,21
PGS;TRDRm,3,4,20,21
PHEMEtabc;SUCOAS1m,0,1,23,24
PHEMEtm;PIGTHRDLtm,0,1,23,24
PHEMEtm;PIter,0,1,23,24
PHEMEtm;PROtm,1,0,22,25
PHEMEtm;THRA,0,1,23,24
PHEMEtm;UPPN,1,2,22,23
PHETHPTOX;PHETHPTOX2,1,8,22,17
PHETHPTOX;THBPT4ACAMDASE,1,8,22,17
PIATPLtm;PYNP2r,1,0,22,25
PIATPLtm;SARCOXp,1,0,22,25
PIATPLtm;SARCStp,1,0,22,25
PIATPLtm;UPPN,1,0,22,25
PIGTHRDLtm;PPBNGS,0,1,23,24
PIGTHRDLtm;PPPG9tm,0,1,23,24
PIGTHRDLtm;PPPGOm,0,1,23,24
PIGTHRDLtm;PROAKGOX1m,0,1,23,24
PIGTHRDLtm;PROtm,1,1,22,24
PIGTHRDLtm;SUCOAS1m,0,1,23,24
PIGTHRDLtm;UDPG4E,0,1,23,24
PIGTHRDLtm;UDPGD,0,1,23,24
PIGTHRDLtm;UDPGLCAter,0,1,23,24
PIGTHRDLtm;UGLT,0,1,23,24
PIGTHRDLtm;UGT1A2r,0,1,23,24
PIGTHRDLtm;UPP3S,0,1,23,24
PIGTHRDLtm;UPPDC1,0,1,23,24
PIK4;PIPLC,16,9,7,16
PIK4n;PIPLC,1,4,22,21
PIMALtm;H3K36MET_1,0,1,23,24
PIMALtm;H3K36MET_2,0,1,23,24
PIMALtm;H3K36MET_3,0,1,23,24
PIMALtm;H3K36_synthesis,0,1,23,24
PIMALtm;LYStn,0,1,23,24
PIMALtm;PPItm,1,0,22,25
PIMALtm;PSDm_hs,0,1,23,24
PIMALtm;PSFLIPm,0,1,23,24
PIMALtm;SUCCICITtm,0,1,23,24
PIMALtm;TYRDOPO,0,1,23,24
PIMALtm;peplys_synthesis,0,1,23,24
PIPLC;ADPtn,1,5,22,20
PIPLC;SPODMn,1,5,22,20
PIt2m_2;UREAt,0,1,23,24
PIt2r;SUCCICITtm,0,1,23,24
PIt2r;THRA,0,1,23,24
PIt2r;UPPN,0,2,23,23
PIt7;PIt8,5,1,18,24
PIt7;PIt9,10,7,13,18
PIt7;Pite,3,5,20,20
PIter;ARTFR12,0,1,23,24
PIter;PLMCOAPTr,0,1,23,24
PIter;PPA,1,4,22,21
PIter;PPBNGS,0,1,23,24
PIter;PPPG9tm,0,1,23,24
PIter;PPPGOm,0,1,23,24
PIter;RPE,0,1,23,24
PIter;RU5Ptr,0,1,23,24
PIter;THYMtm,0,1,23,24
PIter;TKT1,0,1,23,24
PIter;TKT2,0,1,23,24
PIter;UDPGD,0,1,23,24
PIter;UDPGLCAter,0,1,23,24
PIter;UPP3S,0,1,23,24
PIter;UPPDC1,0,1,23,24
PItg;R5Ptr,1,0,22,25
PItg;RPIr,1,0,22,25
PItg;RU5Ptr,1,0,22,25
PItg;SEAHCYSHYD,1,0,22,25
PItg;SEAHCYStn,1,0,22,25
PItg;SEASMETtn,1,0,22,25
PItg;SELMETAT,1,0,22,25
PItg;SPODMn,1,0,22,25
PItg;UDPGNP,1,0,22,25
PItx;THR3Dx,1,0,22,25
PLMCOAPTr;ARTFR43,1,0,22,25
PLMCOAPTr;PPA,1,1,22,24
PLMCOAPTr;TECR181,1,0,22,25
PMANM;R5Ptr,1,0,22,25
PMANM;RPIr,1,0,22,25
PMANM;RU5Ptr,1,0,22,25
PMANM;S23T2g,0,1,23,24
PMANM;S6T1g,0,1,23,24
PMANM;S6T2g,0,1,23,24
PMANM;S6T3g,0,1,23,24
PMANM;SADT,0,1,23,24
PMANM;THFtm,0,1,23,24
PMANM;UAG4E,0,1,23,24
PMANM;UGALNACtg,0,1,23,24
PMTCOAFABP1tc;ARTPLM1,0,2,23,23
PMTCOAFABP1tc;PNTK,0,1,23,24
PMTCOAFABP1tc;PNTOt1,0,1,23,24
PMTCOAFABP1tc;PPCDC,0,1,23,24
PMTCOAFABP1tc;PPCOAtm,0,1,23,24
PMTCOAFABP1tc;PPNCL2,0,1,23,24
PMTCOAFABP1tc;PTPAT,0,1,23,24
PMTCOAFABP1tc;THR3Dx,0,1,23,24
PMTCOAFABP1tc;TRDOXtm,0,1,23,24
PMTCOAFABP1tc;TRDRDtm,0,1,23,24
PMTCOAFABP1tc;TRDRm,0,1,23,24
PNP;PPItm,1,0,22,25
PNP;TYRTA,1,0,22,25
POCDPRBTLT2g;R5Ptr,1,0,22,25
POCDPRBTLT2g;RPIr,1,0,22,25
POCDPRBTLT2g;RU5Ptr,1,0,22,25
POCDPRBTLTg;R5Ptr,1,0,22,25
POCDPRBTLTg;RPIr,1,0,22,25
POCDPRBTLTg;RU5Ptr,1,0,22,25
POGLCNACTg;R5Ptr,1,0,22,25
POGLCNACTg;RPIr,1,0,22,25
POGLCNACTg;RU5Ptr,1,0,22,25
POMGNGALNTr;R5Ptr,1,0,22,25
POMGNGALNTr;RPIr,1,0,22,25
POMGNGALNTr;RU5Ptr,1,0,22,25
POMGNTr;R5Ptr,1,0,22,25
POMGNTr;RPIr,1,0,22,25
POMGNTr;RU5Ptr,1,0,22,25
POMKr;R5Ptr,1,0,22,25
POMKr;RPIr,1,0,22,25
POMKr;RU5Ptr,1,0,22,25
POXYLTg;R5Ptr,1,0,22,25
POXYLTg;RPIr,1,0,22,25
POXYLTg;RU5Ptr,1,0,22,25
PPA;ARTFR12,1,0,22,25
PPA;ARTFR41,0,1,23,24
PPA;PPAer,15,13,8,12
PPA;PPCOAtm,0,2,23,23
PPA;RPE,0,1,23,24
PPA;RTOT4,0,1,23,24
PPA;THFtm,0,1,23,24
PPA;THR3Dx,1,2,22,23
PPA;THRD_L,0,1,23,24
PPA;TKT1,0,1,23,24
PPA;TKT2,0,1,23,24
PPAer;PPIPItr,16,12,7,13
PPBNGS;PROtm,1,0,22,25
PPBNGS;SUCCICITtm,0,1,23,24
PPBNGS;SUCOAS1m,0,1,23,24
PPBNGS;THFtm,0,1,23,24
PPBNGS;THRA,0,1,23,24
PPBNGS;UPPN,1,3,22,22
PPCOACRNtm;PPCOAtm,1,4,22,21
PPCOAtm;ARTFR13,0,1,23,24
PPCOAtm;ARTFR32,0,1,23,24
PPCOAtm;PPIOGLYc,0,1,23,24
PPCOAtm;PPIOGLYte,0,1,23,24
PPCOAtm;PPIOGLYtm,0,1,23,24
PPCOAtm;PPItm,0,2,23,23
PPCOAtm;RTOT1,0,1,23,24
PPCOAtm;RTOT3,0,1,23,24
PPCOAtm;TECR180,0,1,23,24
PPCOAtm;TIGGLYc,0,1,23,24
PPCOAtm;TIGGLYte,0,1,23,24
PPCOAtm;TIGGLYtm,0,1,23,24
PPCOAtm;TTDCPT1,0,2,23,23
PPCOAtm;TTDCPT2,0,2,23,23
PPCOAtm;TTDCRNt,0,2,23,23
PPCOAtm;XOL25OHOR,0,1,23,24
PPIOGLYc;TIGGLYc,5,10,18,15
PPIOGLYc;TIGGLYte,5,10,18,15
PPIOGLYc;TIGGLYtm,5,10,18,15
PPIOGLYte;TIGGLYc,5,10,18,15
PPIOGLYte;TIGGLYte,5,10,18,15
PPIOGLYte;TIGGLYtm,5,10,18,15
PPIOGLYtm;TIGGLYc,5,10,18,15
PPIOGLYtm;TIGGLYte,5,10,18,15
PPIOGLYtm;TIGGLYtm,5,10,18,15
PPItm;PYNP2r,2,0,21,25
PPItm;PYRAKGte,0,1,23,24
PPItm;RNMK,1,0,22,25
PPItm;SARCOXp,4,3,19,22
PPItm;SARCStp,4,3,19,22
PPItm;SFGTH,0,2,23,23
PPItm;SO4AKGtm,1,0,22,25
PPItm;SO4MALtm,1,0,22,25
PPItm;SPODMx,0,1,23,24
PPItm;SUCCACONtm,1,0,22,25
PPItm;SUCOAS1m,1,0,22,25
PPItm;THR3Dx,0,2,23,23
PPItm;TYRDOPO,0,2,23,23
PPItm;TYRTA,1,0,22,25
PPItm;UPPN,2,0,21,25
PPItm;UREAt,0,1,23,24
PPM2;UPPN,0,1,23,24
PPPG9tm;PROtm,1,0,22,25
PPPG9tm;SUCCICITtm,0,1,23,24
PPPG9tm;SUCOAS1m,0,1,23,24
PPPG9tm;THFtm,0,1,23,24
PPPG9tm;THRA,0,1,23,24
PPPG9tm;UPPN,1,3,22,22
PPPGOm;PROtm,1,0,22,25
PPPGOm;SUCCICITtm,0,1,23,24
PPPGOm;SUCOAS1m,0,1,23,24
PPPGOm;THFtm,0,1,23,24
PPPGOm;THRA,0,1,23,24
PPPGOm;UPPN,1,3,22,22
PRGNLONEtm;TRDOXtm,0,1,23,24
PRGNLONEtm;TRDRDtm,0,1,23,24
PRGNLONEtm;TRDRm,0,1,23,24
PRGNLONEtr;TRDOXtm,0,1,23,24
PRGNLONEtr;TRDRDtm,0,1,23,24
PRGNLONEtr;TRDRm,0,1,23,24
PRISTANALtx;TRDR,1,0,22,25
PRISTtx;TRDR,1,0,22,25
PRO1x;ARTFR43,0,1,23,24
PRO1x;PROD2,2,1,21,24
PRO1x;RTOT4,1,1,22,24
PRO1x;TECR181,0,1,23,24
PROAKGOX1m;SUCOAS1m,0,1,23,24
PROD2m;THFtm,0,1,23,24
PROGLUtm;SUCOAS1m,0,1,23,24
PROGLUtm;TYRDOPO,0,1,23,24
PROGLUtm;UROLACer,0,1,23,24
PROGLUtm;XYLTD_Dr,0,1,23,24
PROGLUtm;XYLUR,0,1,23,24
PROSTGF2t;TRDOXtm,3,4,20,21
PROSTGF2t;TRDR,10,4,13,21
PROSTGF2t;TRDRDtm,3,4,20,21
PROSTGF2t;TRDRm,3,4,20,21
PROt2r;PROt4,2,5,21,20
PROtm;SSALym,1,0,22,25
PROtm;SUCOAS1m,1,1,22,24
PROtm;TYRDOPO,0,1,23,24
PROtm;UDPGD,1,0,22,25
PROtm;UDPGLCAter,1,0,22,25
PROtm;UGT1A2r,1,0,22,25
PROtm;UPP3S,1,0,22,25
PROtm;UPPDC1,1,0,22,25
PROtm;UROLACer,0,1,23,24
PROtm;XYLTD_Dr,0,1,23,24
PROtm;XYLUR,0,1,23,24
PSDm_hs;Q10H2e,0,1,23,24
PSDm_hs;T4HCINNMFM,0,1,23,24
PSDm_hs;TYRTAm,0,1,23,24
PSDm_hs;TYRtl,0,1,23,24
PSDm_hs;q10h2tc,0,1,23,24
PSFLIPm;Q10H2e,0,1,23,24
PSFLIPm;T4HCINNMFM,0,1,23,24
PSFLIPm;TYRTAm,0,1,23,24
PSFLIPm;TYRtl,0,1,23,24
PSFLIPm;q10h2tc,0,1,23,24
PTGFS;TRDOXtm,3,4,20,21
PTGFS;TRDR,10,4,13,21
PTGFS;TRDRDtm,3,4,20,21
PTGFS;TRDRm,3,4,20,21
PYNP2r;TYRTA,1,0,22,25
PYRAKGte;Q10H2e,0,1,23,24
PYRAKGte;T4HCINNMFM,0,1,23,24
PYRAKGte;TYRTAm,0,1,23,24
PYRAKGte;TYRtl,0,1,23,24
PYRAKGte;q10h2tc,0,1,23,24
PYRtm;THRA,1,0,22,25
Pit4;RPE,0,1,23,24
Pit4;TKT1,0,1,23,24
Pit4;TKT2,0,1,23,24
Q10H2e;H3K36MET_1,0,1,23,24
Q10H2e;H3K36MET_2,0,1,23,24
Q10H2e;H3K36MET_3,0,1,23,24
Q10H2e;H3K36_synthesis,0,1,23,24
Q10H2e;LYStn,0,1,23,24
Q10H2e;SARCOXp,7,5,16,20
Q10H2e;SARCStp,7,5,16,20
Q10H2e;SFGTH,2,2,21,23
Q10H2e;SPODMx,0,1,23,24
Q10H2e;TYRDOPO,0,2,23,23
Q10H2e;peplys_synthesis,0,1,23,24
QUILSYN;RPE,0,2,23,23
QUILSYN;TALA,0,1,23,24
QUILSYN;TKT1,0,2,23,23
QUILSYN;TKT2,0,2,23,23
QUILSYN;TPI,0,1,23,24
QUILSYN;TXA2tr,0,1,23,24
QUILSYN;TXB2c,0,1,23,24
QUILSYN;TXB2r,0,1,23,24
QUILSYN;TXB2tr,0,1,23,24
R5Ptr;RBT5PCYTr,1,0,22,25
R5Ptr;RBT5PDH,1,0,22,25
R5Ptr;UACGAMUMPtr,1,0,22,25
R5Ptr;UAG4E,1,0,22,25
R5Ptr;UAGDP,1,0,22,25
R5Ptr;UDPGD,1,0,22,25
R5Ptr;UDPGLCAtg,1,0,22,25
R5Ptr;UDPGLDCg,1,0,22,25
R5Ptr;UGALNACter,1,0,22,25
R5Ptr;UGLCNACtg,1,0,22,25
RBT5PCYTr;RPIr,1,0,22,25
RBT5PCYTr;RU5Ptr,1,0,22,25
RBT5PDH;RPIr,1,0,22,25
RBT5PDH;RU5Ptr,1,0,22,25
RND213;SUCCICITtm,0,1,23,24
RND213;THRA,0,1,23,24
RND213;UPPN,0,2,23,23
RNMK;TYRTA,1,0,22,25
RPE;TALA,0,1,23,24
RPE;THFtm,0,1,23,24
RPE;THR3Dx,0,1,23,24
RPE;TPI,0,1,23,24
RPE;TRPO2,0,2,23,23
RPIr;UACGAMUMPtr,1,0,22,25
RPIr;UAG4E,1,0,22,25
RPIr;UAGDP,1,0,22,25
RPIr;UDPGD,1,0,22,25
RPIr;UDPGLCAtg,1,0,22,25
RPIr;UDPGLDCg,1,0,22,25
RPIr;UGALNACter,1,0,22,25
RPIr;UGLCNACtg,1,0,22,25
RTOT3;RTOT4,0,1,23,24
RTOT3;RTOT5,6,3,17,22
RTOT4;RTOT5,5,5,18,20
RTOT_2;RTOT4,1,0,22,25
RTOT_3;RTOT3,0,1,23,24
RU5Ptr;UACGAMUMPtr,1,0,22,25
RU5Ptr;UAG4E,1,0,22,25
RU5Ptr;UAGDP,1,0,22,25
RU5Ptr;UDPGD,1,0,22,25
RU5Ptr;UDPGLCAtg,1,0,22,25
RU5Ptr;UDPGLDCg,1,0,22,25
RU5Ptr;UGALNACter,1,0,22,25
RU5Ptr;UGLCNACtg,1,0,22,25
S23T4g;UDPGNP,1,0,22,25
S6T16g;UDPGNP,1,0,22,25
S6T17g;UDPGNP,1,0,22,25
S6T18g;UDPGNP,1,0,22,25
S6TASE24ly;SEAHCYSHYD,1,0,22,25
S6TASE24ly;SEAHCYStn,1,0,22,25
S6TASE24ly;SEASMETtn,1,0,22,25
S6TASE24ly;SELMETAT,1,0,22,25
S6TASE24ly;SPODMn,1,0,22,25
S6TASE24ly;UDPGNP,1,0,22,25
S6TASE25ly;UDPGNP,1,0,22,25
S6TASE26ly;UDPGNP,1,0,22,25
SADT;SEAHCYSHYD,1,0,22,25
SADT;SEAHCYStn,1,0,22,25
SADT;SEASMETtn,1,0,22,25
SADT;SELMETAT,1,0,22,25
SADT;SPODMn,1,0,22,25
SADT;ST3GAL31g,0,1,23,24
SADT;UDPGNP,1,0,22,25
SADT;UGCGc,0,1,23,24
SARCOXp;T4HCINNMFM,7,5,16,20
SARCOXp;THRD_L,2,3,21,22
SARCOXp;TYRTAm,7,5,16,20
SARCOXp;TYRtl,7,5,16,20
SARCStp;T4HCINNMFM,7,5,16,20
SARCStp;THRD_L,2,3,21,22
SARCStp;TYRTAm,7,5,16,20
SARCStp;TYRtl,7,5,16,20
SBTD_D2;UDPGNP,1,0,22,25
SBTR;UDPGNP,1,0,22,25
SE10;TRDOXtm,1,2,22,23
SE10;TRDR,1,3,22,22
SE10;TRDRDtm,1,2,22,23
SE10;TRDRm,1,2,22,23
SEAHCYSHYD;SO4tl,1,0,22,25
SEAHCYSHYD;Ser/Thrtg,1,0,22,25
SEAHCYSHYD;UAGDP,1,0,22,25
SEAHCYSHYD;UDPACGALtl,1,0,22,25
SEAHCYSHYD;UDPGALtg,1,0,22,25
SEAHCYSHYD;UDPGD,1,0,22,25
SEAHCYSHYD;UDPtl,1,0,22,25
SEAHCYSHYD;UGALNACtg,1,0,22,25
SEAHCYSHYD;UGLCNACtg,1,0,22,25
SEAHCYSHYD;UGLT,1,0,22,25
SEAHCYSHYD;URIK4,0,2,23,23
SEAHCYSHYD;UROLACer,1,0,22,25
SEAHCYStn;SO4tl,1,0,22,25
SEAHCYStn;Ser/Thrtg,1,0,22,25
SEAHCYStn;UAGDP,1,0,22,25
SEAHCYStn;UDPACGALtl,1,0,22,25
SEAHCYStn;UDPGALtg,1,0,22,25
SEAHCYStn;UDPGD,1,0,22,25
SEAHCYStn;UDPtl,1,0,22,25
SEAHCYStn;UGALNACtg,1,0,22,25
SEAHCYStn;UGLCNACtg,1,0,22,25
SEAHCYStn;UGLT,1,0,22,25
SEAHCYStn;URIK4,0,2,23,23
SEAHCYStn;UROLACer,1,0,22,25
SEASMETtn;SO4tl,1,0,22,25
SEASMETtn;Ser/Thrtg,1,0,22,25
SEASMETtn;UAGDP,1,0,22,25
SEASMETtn;UDPACGALtl,1,0,22,25
SEASMETtn;UDPGALtg,1,0,22,25
SEASMETtn;UDPGD,1,0,22,25
SEASMETtn;UDPtl,1,0,22,25
SEASMETtn;UGALNACtg,1,0,22,25
SEASMETtn;UGLCNACtg,1,0,22,25
SEASMETtn;UGLT,1,0,22,25
SEASMETtn;URIK4,0,2,23,23
SEASMETtn;UROLACer,1,0,22,25
SELMETAT;SO4tl,1,0,22,25
SELMETAT;Ser/Thrtg,1,0,22,25
SELMETAT;UAGDP,1,0,22,25
SELMETAT;UDPACGALtl,1,0,22,25
SELMETAT;UDPGALtg,1,0,22,25
SELMETAT;UDPGD,1,0,22,25
SELMETAT;UDPtl,1,0,22,25
SELMETAT;UGALNACtg,1,0,22,25
SELMETAT;UGLCNACtg,1,0,22,25
SELMETAT;UGLT,1,0,22,25
SELMETAT;URIK4,0,2,23,23
SELMETAT;UROLACer,1,0,22,25
SERALANaEx;SERt4,1,2,22,23
SERALANaEx;URCN,0,1,23,24
SERCYSNaEx;SERt4,1,0,22,25
SERTm;THFtm,0,2,23,23
SERTm;THRA,1,0,22,25
SERTm;URCN,0,2,23,23
SER_Lt1e;SERt4,0,1,23,24
SERt4;THR3Dx,0,1,23,24
SERt4;THRA,1,0,22,25
SERt4;THRt4,0,1,23,24
SERt4;URCN,12,5,11,20
SFGTH;SUCOAS1m,0,1,23,24
SFGTH;T4HCINNMFM,2,2,21,23
SFGTH;THRD_L,0,3,23,22
SFGTH;TYRTAm,2,2,21,23
SFGTH;TYRtl,2,2,21,23
SIAASE4ly;UDPGNP,1,0,22,25
SO3AKGtm;SUCCICITtm,0,1,23,24
SO3AKGtm;TYRDOPO,0,1,23,24
SO3MALtm;SUCCICITtm,0,1,23,24
SO3MALtm;TYRDOPO,0,1,23,24
SO4AKGtm;H3K36MET_1,0,1,23,24
SO4AKGtm;H3K36MET_2,0,1,23,24
SO4AKGtm;H3K36MET_3,0,1,23,24
SO4AKGtm;H3K36_synthesis,0,1,23,24
SO4AKGtm;LYStn,0,1,23,24
SO4AKGtm;peplys_synthesis,0,1,23,24
SO4MALtm;H3K36MET_1,0,1,23,24
SO4MALtm;H3K36MET_2,0,1,23,24
SO4MALtm;H3K36MET_3,0,1,23,24
SO4MALtm;H3K36_synthesis,0,1,23,24
SO4MALtm;LYStn,0,1,23,24
SO4MALtm;peplys_synthesis,0,1,23,24
SO4tl;SPODMn,1,0,22,25
SO4tl;UDPGNP,1,0,22,25
SOAT6;TRDOXtm,1,2,22,23
SOAT6;TRDR,1,3,22,22
SOAT6;TRDRDtm,1,2,22,23
SOAT6;TRDRm,1,2,22,23
SPAm;THRA,1,0,22,25
SPODMn;UAGDP,1,0,22,25
SPODMn;UDPACGALtl,1,0,22,25
SPODMn;UDPGALtg,1,0,22,25
SPODMn;UDPGD,1,0,22,25
SPODMn;UDPtl,1,0,22,25
SPODMn;UGALNACtg,1,0,22,25
SPODMn;UGLCNACtg,1,0,22,25
SPODMn;UGLT,1,0,22,25
SPODMn;URIK4,0,2,23,23
SPODMn;UROLACer,1,0,22,25
SPODMx;T4HCINNMFM,0,1,23,24
SPODMx;THRD_L,0,1,23,24
SPODMx;TYRTAm,0,1,23,24
SPODMx;TYRtl,0,1,23,24
SSALym;SUCOAS1m,0,1,23,24
SUCCICITtm;UDPGD,0,1,23,24
SUCCICITtm;UDPGLCAter,0,1,23,24
SUCCICITtm;UPP3S,0,1,23,24
SUCCICITtm;UPPDC1,0,1,23,24
SUCCt4_2;SUCCt4_3,0,1,23,24
SUCOAS1m;UDPG4E,0,1,23,24
SUCOAS1m;UDPGCURtr,0,1,23,24
SUCOAS1m;UDPGD,0,1,23,24
SUCOAS1m;UGLT,0,1,23,24
SUCOAS1m;UGT1A2r,0,1,23,24
SUCOAS1m;UMPtr,0,1,23,24
SUCOAS1m;UPP3S,0,1,23,24
SUCOAS1m;UPPDC1,0,1,23,24
SUCOAS1m;UROLACer,0,1,23,24
SUCOAS1m;XYLTD_Dr,0,1,23,24
SUCOAS1m;XYLUR,0,1,23,24
Ser/Thrtg;SPODMn,1,0,22,25
Ser/Thrtg;UDPGNP,1,0,22,25
T4HCINNMFM;H3K36MET_1,0,1,23,24
T4HCINNMFM;H3K36MET_2,0,1,23,24
T4HCINNMFM;H3K36MET_3,0,1,23,24
T4HCINNMFM;H3K36_synthesis,0,1,23,24
T4HCINNMFM;LYStn,0,1,23,24
T4HCINNMFM;TYRDOPO,0,2,23,23
T4HCINNMFM;peplys_synthesis,0,1,23,24
TALA;TKT1,0,1,23,24
TALA;TKT2,0,1,23,24
TALA;TPI,0,1,23,24
TALA;TRPO2,0,1,23,24
TAURCHAe;THRD_L,0,1,23,24
TCHOLAabc;THR3Dx,1,0,22,25
TCHOLAtx;THR3Dx,1,0,22,25
TECR180;ARTFR33,9,7,14,18
TECR180;ARTFR43,10,6,13,19
TECR180;ARTPLM1,1,2,22,23
TECR180;RTOT3,9,7,14,18
TECR180;RTOT4,10,6,13,19
TECR180;TECR181,19,13,4,12
TECR180;THR3Dx,0,1,23,24
TECR180;TRDOXtm,2,4,21,21
TECR180;TRDR,7,4,16,21
TECR180;TRDRDtm,2,4,21,21
TECR180;TRDRm,2,4,21,21
TECR181;ARTFR206,1,1,22,24
TECR181;ARTFR41,1,0,22,25
TECR181;ARTFR52,1,1,22,24
TECR181;ARTPLM2,1,0,22,25
TECR181;ARTPLM3,0,1,23,24
TECR181;RTOT5,2,2,21,23
TECR181;RTOT_2,1,0,22,25
TECR181;RTOT_3,0,1,23,24
TECR181;TECR200,1,1,22,24
TECR181;TECR201,1,1,22,24
TECR181;TECR220,1,1,22,24
TECR181;TECR221,1,1,22,24
TECR181;TECR240,1,1,22,24
TECR181;TECR241,1,1,22,24
TECR181;TECR260,1,1,22,24
TECR200;ARTFR32,1,0,22,25
TECR200;ARTFR42,1,2,22,23
TECR200;ARTFR43,1,1,22,24
TECR200;RTOT3,1,0,22,25
TECR200;RTOT4,3,4,20,21
TECR201;ARTFR32,0,1,23,24
TECR201;ARTFR33,0,1,23,24
TECR201;ARTFR42,0,2,23,23
TECR201;ARTFR43,1,0,22,25
TECR201;ARTPLM1,1,1,22,24
TECR201;RTOT3,0,2,23,23
TECR201;RTOT4,1,0,22,25
TECR201;TRDOXtm,3,4,20,21
TECR201;TRDR,10,4,13,21
TECR201;TRDRDtm,3,4,20,21
TECR201;TRDRm,3,4,20,21
TECR220;ARTFR32,1,0,22,25
TECR220;ARTFR42,1,2,22,23
TECR220;ARTFR43,1,1,22,24
TECR220;RTOT3,1,0,22,25
TECR220;RTOT4,3,4,20,21
TECR221;ARTFR32,0,1,23,24
TECR221;ARTFR33,0,1,23,24
TECR221;ARTFR42,0,2,23,23
TECR221;ARTFR43,1,0,22,25
TECR221;ARTPLM1,1,1,22,24
TECR221;RTOT3,0,2,23,23
TECR221;RTOT4,1,0,22,25
TECR221;TRDOXtm,3,4,20,21
TECR221;TRDR,10,4,13,21
TECR221;TRDRDtm,3,4,20,21
TECR221;TRDRm,3,4,20,21
TECR240;ARTFR32,1,0,22,25
TECR240;ARTFR42,1,2,22,23
TECR240;ARTFR43,1,1,22,24
TECR240;RTOT3,1,0,22,25
TECR240;RTOT4,3,4,20,21
TECR241;ARTFR32,0,1,23,24
TECR241;ARTFR33,0,1,23,24
TECR241;ARTFR42,0,2,23,23
TECR241;ARTFR43,1,0,22,25
TECR241;ARTPLM1,1,1,22,24
TECR241;RTOT3,0,2,23,23
TECR241;RTOT4,1,0,22,25
TECR241;TRDOXtm,3,4,20,21
TECR241;TRDR,10,4,13,21
TECR241;TRDRDtm,3,4,20,21
TECR241;TRDRm,3,4,20,21
TECR260;ARTFR32,1,0,22,25
TECR260;ARTFR42,1,2,22,23
TECR260;ARTFR43,1,1,22,24
TECR260;RTOT3,1,0,22,25
TECR260;RTOT4,3,4,20,21
THFtm;ARTFR42,0,1,23,24
THFtm;RTOT4,0,1,23,24
THFtm;THR3Dx,2,2,21,23
THFtm;THRA,0,1,23,24
THFtm;TKT1,0,1,23,24
THFtm;TKT2,0,1,23,24
THFtm;UDPG4E,0,1,23,24
THFtm;UDPGCURtr,0,1,23,24
THFtm;UDPGD,0,1,23,24
THFtm;UGCGc,0,1,23,24
THFtm;UGLT,0,1,23,24
THFtm;UMPtr,0,1,23,24
THFtm;UPP3S,0,1,23,24
THFtm;UPPDC1,0,1,23,24
THR3Dx;ARTFR13,0,1,23,24
THR3Dx;ARTFR32,0,1,23,24
THR3Dx;ARTFR42,0,1,23,24
THR3Dx;RTOT1,0,1,23,24
THR3Dx;RTOT3,0,1,23,24
THR3Dx;RTOT4,0,1,23,24
THR3Dx;THRA,0,2,23,23
THR3Dx;TKT1,0,1,23,24
THR3Dx;TKT2,0,1,23,24
THR3Dx;TTDCPT1,0,1,23,24
THR3Dx;TTDCPT2,0,1,23,24
THR3Dx;TTDCRNt,0,1,23,24
THRA;R_group_phosphotase_1,1,0,22,25
THRA;THYMtm,0,1,23,24
THRA;UDPGD,0,1,23,24
THRA;UDPGLCAter,0,1,23,24
THRA;UGT1A2r,0,1,23,24
THRA;UPP3S,0,1,23,24
THRA;UPPDC1,0,1,23,24
THRALANaEx;THRt4,2,2,21,23
THRCYSNaEx;THRt4,1,2,22,23
THRD_L;TYRDOPO,0,3,23,22
THRSERNaEx;THRt4,0,1,23,24
THR_Lte;THRt4,1,0,22,25
THYMtm;UPPN,0,2,23,23
TKT1;TPI,0,1,23,24
TKT1;TRPO2,0,2,23,23
TKT2;TPI,0,1,23,24
TKT2;TRPO2,0,2,23,23
TMDPP;UPPN,1,2,22,23
TPI;TRPO2,0,1,23,24
TRDOXtm;TRDR,0,2,23,23
TRDR;TRDRDtm,0,2,23,23
TRDR;TRDRm,0,2,23,23
TRPATB0tc;TRPt4,0,1,23,24
TRPO2;TXA2tr,0,1,23,24
TRPO2;TXB2c,0,1,23,24
TRPO2;TXB2r,0,1,23,24
TRPO2;TXB2tr,0,1,23,24
TYRDOPO;TYRTAm,0,2,23,23
TYRDOPO;TYRtl,0,2,23,23
TYROX;TYRTA,0,1,23,24
TYRTA;ARTFR32,1,0,22,25
TYRTA;RTOT3,1,0,22,25
TYRTA;UPPN,1,0,22,25
TYRTAm;H3K36MET_1,0,1,23,24
TYRTAm;H3K36MET_2,0,1,23,24
TYRTAm;H3K36MET_3,0,1,23,24
TYRTAm;H3K36_synthesis,0,1,23,24
TYRTAm;LYStn,0,1,23,24
TYRTAm;peplys_synthesis,0,1,23,24
TYRtl;H3K36MET_1,0,1,23,24
TYRtl;H3K36MET_2,0,1,23,24
TYRtl;H3K36MET_3,0,1,23,24
TYRtl;H3K36_synthesis,0,1,23,24
TYRtl;LYStn,0,1,23,24
TYRtl;peplys_synthesis,0,1,23,24
UAGDP;UDPGNP,1,0,22,25
UDPACGALtl;UDPGNP,1,0,22,25
UDPG4E;UPPN,0,1,23,24
UDPGALtg;UDPGNP,1,0,22,25
UDPGD;UPPN,0,3,23,22
UDPGLCAter;UPPN,0,3,23,22
UDPGNP;UDPtl,1,0,22,25
UDPGNP;UGALNACtg,1,0,22,25
UDPGNP;UGLCNACtg,1,0,22,25
UGLT;UPPN,0,1,23,24
UGT1A2r;UPPN,0,2,23,23
UMPK;UMPK5,11,7,12,18
UPP3S;UPPN,1,3,22,22
UPPDC1;UPPN,1,3,22,22
UPPN;URPT,3,0,20,25
VALATB0tc;VALt4,0,1,23,24
VALt4;VALtec,3,3,20,22
q10h2tc;H3K36MET_1,0,1,23,24
q10h2tc;H3K36MET_2,0,1,23,24
q10h2tc;H3K36MET_3,0,1,23,24
q10h2tc;H3K36_synthesis,0,1,23,24
q10h2tc;LYStn,0,1,23,24
q10h2tc;SARCOXp,7,5,16,20
q10h2tc;SARCStp,7,5,16,20
q10h2tc;SFGTH,2,2,21,23
q10h2tc;SPODMx,0,1,23,24
q10h2tc;TYRDOPO,0,2,23,23
q10h2tc;peplys_synthesis,0,1,23,24
