DoubleLethal,Counts in Normal,Counts in Cancer,Not SL in Normal,Not SL in Cancer
10FTHFtm;FTCD,0,1,26,23
10FTHFtm;GLUDym,1,0,25,24
10FTHFtm;GluForTx,0,1,26,23
10FTHFtm;HISD,0,1,26,23
10FTHFtm;IZPN,0,1,26,23
10FTHFtm;MTHFC,2,3,24,21
10FTHFtm;MTHFD,2,0,24,24
10FTHFtm;MTHFD2,0,2,26,22
10FTHFtm;URCN,0,1,26,23
15HPETATP;C2tcx,1,0,25,24
15HPETATP;CRNrtx,1,0,25,24
15HPETATP;CSNATp,1,0,25,24
15HPETATP;CSNATr,1,0,25,24
15HPETATP;H2Oter,2,0,24,24
15HPETATP;H2Otp,1,0,25,24
15HPETATP;Htr,1,1,25,23
15HPETATP;PRDX,1,0,25,24
1a25DHVITD3TRn;25HVITD3tm,0,2,26,22
1a25DHVITD3TRn;ALDD19xrm,0,1,26,23
1a25DHVITD3TRn;ALDD19yrm,0,1,26,23
1a25DHVITD3TRn;CCA_D3t,0,2,26,22
1a25DHVITD3TRn;CCA_D3tm,0,2,26,22
25HVITD3c;25HVITD3tm,0,2,26,22
25HVITD3c;ALDD19xrm,0,1,26,23
25HVITD3c;ALDD19yrm,0,1,26,23
25HVITD3c;CCA_D3t,0,2,26,22
25HVITD3c;CCA_D3tm,0,2,26,22
25HVITD3tm;GLUDxm,0,1,26,23
2AMACHYD;GLUDym,0,1,26,23
2AMACHYD;H2O2t,0,1,26,23
2AMACHYD;KCC2t,0,1,26,23
2AMACHYD;NH4tm,0,1,26,23
2AMACSULT;AHCYStn,0,1,26,23
2AMACSULT;AKGtn,0,1,26,23
2AMACSULT;ALCD1,1,0,25,24
2AMACSULT;AMETtn,0,1,26,23
2AMACSULT;AMID6,0,1,26,23
2AMACSULT;CAT,2,0,24,24
2AMACSULT;CO2tn,0,1,26,23
2AMACSULT;CYOOm2,0,1,26,23
2AMACSULT;CYOR_u10m,0,1,26,23
2AMACSULT;FALDtly,1,0,25,24
2AMACSULT;FALDtn,0,1,26,23
2AMACSULT;GPAT,0,1,26,23
2AMACSULT;H2O2tly,1,0,25,24
2AMACSULT;HMGDH,0,1,26,23
2AMACSULT;HMGS,0,1,26,23
2AMACSULT;MEOHtly,1,0,25,24
2AMACSULT;O2t,0,1,26,23
2AMACSULT;O2tn,0,1,26,23
2AMACSULT;PRDXl,1,0,25,24
2AMACSULT;SFGTH,0,1,26,23
2AMADPTm;7DHCHSTEROLtr,0,1,26,23
2AMADPTm;CYP2R1,0,1,26,23
2AMADPTm;DHCR242r,0,1,26,23
2AMADPTm;FBA,0,1,26,23
2AMADPTm;LSTO2r,0,1,26,23
2AMADPTm;PFK,0,1,26,23
2AMADPTm;PGI,0,1,26,23
2AMADPTm;PVD3,0,1,26,23
2AMADPTm;VD3,0,1,26,23
2AOBUTtm;ACOD,0,1,26,23
2AOBUTtm;ACONTa,0,1,26,23
2AOBUTtm;ACONTb,0,1,26,23
2AOBUTtm;ADHAPtx,0,1,26,23
2AOBUTtm;AGLPC,0,1,26,23
2AOBUTtm;AGLPH,0,1,26,23
2AOBUTtm;AGLPR,0,1,26,23
2AOBUTtm;AGLPT,0,1,26,23
2AOBUTtm;AGPSx,0,1,26,23
2AOBUTtm;AGPex,0,1,26,23
2AOBUTtm;AK2LGCHOLt,0,1,26,23
2AOBUTtm;AKGACONtm,0,1,26,23
2AOBUTtm;CITMCOAHm,0,1,26,23
2AOBUTtm;CITMCOALm,0,1,26,23
2AOBUTtm;CITSUCCtm,0,1,26,23
2AOBUTtm;CO2tm,0,1,26,23
2AOBUTtm;COAtp,0,1,26,23
2AOBUTtm;CSm,0,1,26,23
2AOBUTtm;DHAPA,0,1,26,23
2AOBUTtm;FAR,0,1,26,23
2AOBUTtm;Htx,0,1,26,23
2AOBUTtm;ICDHyrm,0,1,26,23
2AOBUTtm;ICITMALtm,0,1,26,23
2AOBUTtm;ITCOALm,0,1,26,23
2AOBUTtm;MDHm,0,1,26,23
2AOBUTtm;NADPHtxu,0,1,26,23
2AOBUTtm;NADPtxu,0,1,26,23
2AOBUTtm;OXALSUCCCLm,0,1,26,23
2AOBUTtm;PLA2,0,1,26,23
2AOBUTtm;PPA,0,1,26,23
2AOBUTtm;PYRtm,0,1,26,23
2AOBUTtm;R_group_phosphotase_1,0,1,26,23
2AOBUTtm;Rtotalcoatx,0,1,26,23
2AOBUTtm;Rtotaltp,0,1,26,23
2DR1PP;GLUDxm,1,0,25,24
2DR1PP;RU5Ptr,1,0,25,24
2HBBUTte;ARTFR52,1,0,25,24
2HBBUTte;ATPS4m,1,0,25,24
2HBBUTte;FAE200,1,0,25,24
2HBBUTte;FAE220,1,0,25,24
2HBBUTte;FAE240,1,0,25,24
2HBBUTte;FAE260,1,0,25,24
2HBBUTte;HACD200,1,0,25,24
2HBBUTte;HACD220,1,0,25,24
2HBBUTte;HACD240,1,0,25,24
2HBBUTte;HACD260,1,0,25,24
2HBBUTte;HEXCCOAtr,1,0,25,24
2HBBUTte;HSD200,1,0,25,24
2HBBUTte;HSD220,1,0,25,24
2HBBUTte;HSD240,1,0,25,24
2HBBUTte;HSD260,1,0,25,24
2HBBUTte;RTOT5,1,0,25,24
2HBBUTte;TECR200,1,0,25,24
2HBBUTte;TECR220,1,0,25,24
2HBBUTte;TECR240,1,0,25,24
2HBBUTte;TECR260,1,0,25,24
2HBLACte;2HBt2,0,1,26,23
2HBPYRte;ARTFR52,1,0,25,24
2HBPYRte;ATPS4m,1,0,25,24
2HBPYRte;FAE200,1,0,25,24
2HBPYRte;FAE220,1,0,25,24
2HBPYRte;FAE240,1,0,25,24
2HBPYRte;FAE260,1,0,25,24
2HBPYRte;HACD200,1,0,25,24
2HBPYRte;HACD220,1,0,25,24
2HBPYRte;HACD240,1,0,25,24
2HBPYRte;HACD260,1,0,25,24
2HBPYRte;HEXCCOAtr,1,0,25,24
2HBPYRte;HSD200,1,0,25,24
2HBPYRte;HSD220,1,0,25,24
2HBPYRte;HSD240,1,0,25,24
2HBPYRte;HSD260,1,0,25,24
2HBPYRte;RTOT5,1,0,25,24
2HBPYRte;TECR200,1,0,25,24
2HBPYRte;TECR220,1,0,25,24
2HBPYRte;TECR240,1,0,25,24
2HBPYRte;TECR260,1,0,25,24
2HBt2;3MTPte,0,1,26,23
2HBt2;L_LACt2r,0,1,26,23
2HBt2;METDECARc,0,1,26,23
2HBt2;METTRANSc,0,1,26,23
2MCITt;ACCOAL2,0,1,26,23
2MCITt;ACOAS,0,1,26,23
2MCITt;CHOLtu,0,2,26,22
2MCITt;CYSt4,0,1,26,23
2MCITt;MAL_Lte,0,1,26,23
2MCITt;NTD7,0,1,26,23
2OXOADPTm;3MTPte,0,1,26,23
2OXOADPTm;7DHCHSTEROLtr,0,1,26,23
2OXOADPTm;CYP2R1,0,1,26,23
2OXOADPTm;DHCR242r,0,1,26,23
2OXOADPTm;FBA,0,1,26,23
2OXOADPTm;H2Oter,1,0,25,24
2OXOADPTm;ILETA,1,0,25,24
2OXOADPTm;LSTO2r,0,1,26,23
2OXOADPTm;METDECARc,0,1,26,23
2OXOADPTm;METTRANSc,0,1,26,23
2OXOADPTm;NACDe,1,0,25,24
2OXOADPTm;NACPRT,1,0,25,24
2OXOADPTm;NCAMDe,1,0,25,24
2OXOADPTm;NMNDA,1,0,25,24
2OXOADPTm;NMNS,1,0,25,24
2OXOADPTm;PFK,0,1,26,23
2OXOADPTm;PGI,0,1,26,23
2OXOADPTm;PVD3,0,1,26,23
2OXOADPTm;VD3,0,1,26,23
335TRITHYRt5e;CAT,2,0,24,24
34DHOXMANDte;ASCBt5,1,0,25,24
34DHOXMANDte;CYSGLTH,1,0,25,24
34DHOXMANDte;CYSRED,1,0,25,24
34DHPHAMT;3MHISc,1,0,25,24
34DHPLACOXy;3MHISc,1,0,25,24
34DHXMANDACOXy;ASCBt5,1,0,25,24
34DHXMANDACOXy;CYSGLTH,1,0,25,24
34DHXMANDACOXy;CYSRED,1,0,25,24
34HPLFM;3HLYTCL,1,0,25,24
34HPLFM;AHCYStn,0,1,26,23
34HPLFM;AKGSUCCtm,1,0,25,24
34HPLFM;AKGtn,0,1,26,23
34HPLFM;AMETtn,0,1,26,23
34HPLFM;ATPS4m,2,0,24,24
34HPLFM;CAT,1,0,25,24
34HPLFM;CO2tn,0,1,26,23
34HPLFM;CYOOm2,2,1,24,23
34HPLFM;CYOR_u10m,2,1,24,23
34HPLFM;DHFR,1,0,25,24
34HPLFM;DHFRx,1,0,25,24
34HPLFM;DHFtm,1,0,25,24
34HPLFM;DHPR2,1,0,25,24
34HPLFM;FALDtn,0,1,26,23
34HPLFM;GLUt2m,1,0,25,24
34HPLFM;HMGDH,0,1,26,23
34HPLFM;HMGS,0,1,26,23
34HPLFM;MTHFR3x,1,0,25,24
34HPLFM;PIMALtm,1,0,25,24
34HPLFM;SFGTH,0,1,26,23
34HPLFM;SO4AKGtm,1,0,25,24
34HPLFM;SO4MALtm,1,0,25,24
34HPLFM;THBPT4ACAMDASE,1,0,25,24
34HPLFM;THFtm,1,0,25,24
34HPLFM;THRA,1,0,25,24
34HPLFM;TYR3MO2,1,0,25,24
34HPPte;NACDe,1,0,25,24
34HPPte;NACPRT,1,0,25,24
34HPPte;NCAMDe,1,0,25,24
34HPPte;NMNDA,1,0,25,24
34HPPte;NMNS,1,0,25,24
3DPHBH1;3HLYTCL,1,0,25,24
3DPHBH1;AHCYStn,0,1,26,23
3DPHBH1;AKGtn,0,1,26,23
3DPHBH1;AMETtn,0,1,26,23
3DPHBH1;ATPS4m,1,0,25,24
3DPHBH1;CAT,1,0,25,24
3DPHBH1;CO2tn,0,1,26,23
3DPHBH1;CYOOm2,1,1,25,23
3DPHBH1;CYOR_u10m,1,1,25,23
3DPHBH1;DHPR2,1,0,25,24
3DPHBH1;FALDtn,0,1,26,23
3DPHBH1;HMGDH,0,1,26,23
3DPHBH1;HMGS,0,1,26,23
3DPHBH1;MTHFR3x,1,0,25,24
3DPHBH1;SFGTH,0,1,26,23
3DPHBH1;THBPT4ACAMDASE,1,0,25,24
3DPHBH1;THRA,1,0,25,24
3DPHBH1;TYR3MO2,1,0,25,24
3DPHBH2;AKGSUCCtm,1,0,25,24
3DPHBH2;ATPS4m,1,0,25,24
3DPHBH2;CYOOm2,1,0,25,24
3DPHBH2;CYOR_u10m,1,0,25,24
3DPHBH2;DHFR,1,0,25,24
3DPHBH2;DHFRx,1,0,25,24
3DPHBH2;DHFtm,1,0,25,24
3DPHBH2;GLUt2m,1,0,25,24
3DPHBH2;PIMALtm,1,0,25,24
3DPHBH2;SO4AKGtm,1,0,25,24
3DPHBH2;SO4MALtm,1,0,25,24
3DPHBH2;THFtm,1,0,25,24
3HAD100m;4MOPt2im,0,2,26,22
3HAD100m;7DHCHSTEROLtr,0,3,26,21
3HAD100m;ACOAD8m,0,2,26,22
3HAD100m;C3STDH1Pr,0,1,26,23
3HAD100m;C4STMO2Pr,0,1,26,23
3HAD100m;CO2tm,0,1,26,23
3HAD100m;CYP2R1,0,2,26,22
3HAD100m;DHCR241r,0,1,26,23
3HAD100m;DHCR242r,0,1,26,23
3HAD100m;DHFR,0,1,26,23
3HAD100m;DHFRm,0,1,26,23
3HAD100m;DHFtm,0,1,26,23
3HAD100m;DHRT_ivcoa,0,2,26,22
3HAD100m;DLD,0,2,26,22
3HAD100m;EBP2r,0,1,26,23
3HAD100m;FUMm,0,1,26,23
3HAD100m;H2O2t,0,1,26,23
3HAD100m;HCO3Em,0,2,26,22
3HAD100m;Htr,0,2,26,22
3HAD100m;ILEOX,0,1,26,23
3HAD100m;ILETA,0,1,26,23
3HAD100m;LEUTA,0,2,26,22
3HAD100m;LSTO2r,0,2,26,22
3HAD100m;MCCCm,0,2,26,22
3HAD100m;METOX,0,1,26,23
3HAD100m;MGCHrm,0,2,26,22
3HAD100m;MOD_3mhop,0,2,26,22
3HAD100m;PHEOX,0,1,26,23
3HAD100m;PHETA1,0,1,26,23
3HAD100m;PVD3,0,3,26,21
3HAD100m;PYRtm,0,1,26,23
3HAD100m;UNK3,0,1,26,23
3HAD100m;VD3,0,3,26,21
3HAD100m;VITD3Hm,0,1,26,23
3HAD100m;VITD3tm,0,1,26,23
3HAD122n6m;C3STDH1Pr,0,1,26,23
3HAD122n6m;C4STMO2Pr,0,1,26,23
3HAD122n6m;DHFR,0,1,26,23
3HAD122n6m;DHFRm,0,1,26,23
3HAD122n6m;DHFtm,0,1,26,23
3HAD140m;4MOPt2im,0,2,26,22
3HAD140m;7DHCHSTEROLtr,0,3,26,21
3HAD140m;ACOAD8m,0,2,26,22
3HAD140m;CO2tm,0,1,26,23
3HAD140m;CYP2R1,0,2,26,22
3HAD140m;DHCR241r,0,1,26,23
3HAD140m;DHCR242r,0,1,26,23
3HAD140m;DHRT_ivcoa,0,2,26,22
3HAD140m;DLD,0,2,26,22
3HAD140m;EBP2r,0,1,26,23
3HAD140m;FUMm,0,1,26,23
3HAD140m;H2O2t,0,1,26,23
3HAD140m;HCO3Em,0,2,26,22
3HAD140m;Htr,0,1,26,23
3HAD140m;ILEOX,0,1,26,23
3HAD140m;ILETA,0,1,26,23
3HAD140m;LEUTA,0,2,26,22
3HAD140m;LSTO2r,0,2,26,22
3HAD140m;MCCCm,0,2,26,22
3HAD140m;METOX,0,1,26,23
3HAD140m;MGCHrm,0,2,26,22
3HAD140m;MOD_3mhop,0,2,26,22
3HAD140m;PHEOX,0,1,26,23
3HAD140m;PHETA1,0,1,26,23
3HAD140m;PVD3,0,3,26,21
3HAD140m;PYRtm,0,1,26,23
3HAD140m;UNK3,0,1,26,23
3HAD140m;VD3,0,3,26,21
3HAD140m;VITD3Hm,0,1,26,23
3HAD140m;VITD3tm,0,1,26,23
3HAD142n6m;C3STDH1Pr,0,1,26,23
3HAD142n6m;C4STMO2Pr,0,1,26,23
3HAD142n6m;DHFR,0,1,26,23
3HAD142n6m;DHFRm,0,1,26,23
3HAD142n6m;DHFtm,0,1,26,23
3HAD162n6m;C3STDH1Pr,0,1,26,23
3HAD162n6m;C4STMO2Pr,0,1,26,23
3HAD162n6m;DHFR,0,1,26,23
3HAD162n6m;DHFRm,0,1,26,23
3HAD162n6m;DHFtm,0,1,26,23
3HAD180;FA160ACPH,1,0,25,24
3HAD180m;CITRt2m,0,1,26,23
3HAD183n6m;C3STDH1Pr,0,1,26,23
3HAD183n6m;C4STMO2Pr,0,1,26,23
3HAD183n6m;DHFR,0,1,26,23
3HAD183n6m;DHFRm,0,1,26,23
3HAD183n6m;DHFtm,0,1,26,23
3HAD200m;CITRt2m,0,1,26,23
3HAD204n6m;C3STDH1Pr,0,1,26,23
3HAD204n6m;C4STMO2Pr,0,1,26,23
3HAD204n6m;DHFR,0,1,26,23
3HAD204n6m;DHFRm,0,1,26,23
3HAD204n6m;DHFtm,0,1,26,23
3HAD224n6m;C3STDH1Pr,0,1,26,23
3HAD224n6m;C4STMO2Pr,0,1,26,23
3HAD224n6m;DHFR,0,1,26,23
3HAD224n6m;DHFRm,0,1,26,23
3HAD224n6m;DHFtm,0,1,26,23
3HAD241n9p;C2tcx,1,0,25,24
3HAD241n9p;C3STDH1Pr,0,1,26,23
3HAD241n9p;C4STMO2Pr,0,1,26,23
3HAD241n9p;CRNrtx,1,0,25,24
3HAD241n9p;CSNATp,1,0,25,24
3HAD241n9p;CSNATr,1,0,25,24
3HAD241n9p;DHFR,0,1,26,23
3HAD241n9p;DHFRm,0,1,26,23
3HAD241n9p;DHFtm,0,1,26,23
3HAD241n9p;H2Oter,2,0,24,24
3HAD241n9p;H2Otp,1,0,25,24
3HAD241n9p;Htr,2,2,24,22
3HAD241n9p;PRDX,1,0,25,24
3HAD60m;4MOPt2im,0,2,26,22
3HAD60m;7DHCHSTEROLtr,0,3,26,21
3HAD60m;ACOAD8m,0,2,26,22
3HAD60m;C3STDH1Pr,0,1,26,23
3HAD60m;C4STMO2Pr,0,1,26,23
3HAD60m;CO2tm,0,1,26,23
3HAD60m;CYP2R1,0,2,26,22
3HAD60m;DHCR241r,0,1,26,23
3HAD60m;DHCR242r,0,1,26,23
3HAD60m;DHFR,0,1,26,23
3HAD60m;DHFRm,0,1,26,23
3HAD60m;DHFtm,0,1,26,23
3HAD60m;DHRT_ivcoa,0,2,26,22
3HAD60m;DLD,0,2,26,22
3HAD60m;EBP2r,0,1,26,23
3HAD60m;FUMm,0,1,26,23
3HAD60m;GTHRDt,0,1,26,23
3HAD60m;H2O2t,0,1,26,23
3HAD60m;HCO3Em,0,2,26,22
3HAD60m;Htr,0,2,26,22
3HAD60m;ILEOX,0,1,26,23
3HAD60m;ILETA,0,1,26,23
3HAD60m;LEUTA,0,2,26,22
3HAD60m;LSTO2r,0,2,26,22
3HAD60m;MCCCm,0,2,26,22
3HAD60m;METOX,0,1,26,23
3HAD60m;MGCHrm,0,2,26,22
3HAD60m;MOD_3mhop,0,2,26,22
3HAD60m;PHEOX,0,1,26,23
3HAD60m;PHETA1,0,1,26,23
3HAD60m;PIGTHRDLtm,0,1,26,23
3HAD60m;PIMALtm,0,1,26,23
3HAD60m;PVD3,0,3,26,21
3HAD60m;PYRtm,0,1,26,23
3HAD60m;SO3AKGtm,0,1,26,23
3HAD60m;SO3MALtm,0,1,26,23
3HAD60m;UNK3,0,1,26,23
3HAD60m;VD3,0,3,26,21
3HAD60m;VITD3Hm,0,1,26,23
3HAD60m;VITD3tm,0,1,26,23
3HAD80m;4MOPt2im,0,2,26,22
3HAD80m;7DHCHSTEROLtr,0,3,26,21
3HAD80m;ACOAD8m,0,2,26,22
3HAD80m;C3STDH1Pr,0,1,26,23
3HAD80m;C4STMO2Pr,0,1,26,23
3HAD80m;CO2tm,0,1,26,23
3HAD80m;CYP2R1,0,2,26,22
3HAD80m;DHCR241r,0,1,26,23
3HAD80m;DHCR242r,0,1,26,23
3HAD80m;DHFR,0,1,26,23
3HAD80m;DHFRm,0,1,26,23
3HAD80m;DHFtm,0,1,26,23
3HAD80m;DHRT_ivcoa,0,2,26,22
3HAD80m;DLD,0,2,26,22
3HAD80m;EBP2r,0,1,26,23
3HAD80m;FUMm,0,1,26,23
3HAD80m;GTHRDt,0,1,26,23
3HAD80m;H2O2t,0,1,26,23
3HAD80m;HCO3Em,0,2,26,22
3HAD80m;Htr,0,2,26,22
3HAD80m;ILEOX,0,1,26,23
3HAD80m;ILETA,0,1,26,23
3HAD80m;LEUTA,0,2,26,22
3HAD80m;LSTO2r,0,2,26,22
3HAD80m;MCCCm,0,2,26,22
3HAD80m;METOX,0,1,26,23
3HAD80m;MGCHrm,0,2,26,22
3HAD80m;MOD_3mhop,0,2,26,22
3HAD80m;PHEOX,0,1,26,23
3HAD80m;PHETA1,0,1,26,23
3HAD80m;PIGTHRDLtm,0,1,26,23
3HAD80m;PIMALtm,0,1,26,23
3HAD80m;PVD3,0,3,26,21
3HAD80m;PYRtm,0,1,26,23
3HAD80m;SO3AKGtm,0,1,26,23
3HAD80m;SO3MALtm,0,1,26,23
3HAD80m;UNK3,0,1,26,23
3HAD80m;VD3,0,3,26,21
3HAD80m;VITD3Hm,0,1,26,23
3HAD80m;VITD3tm,0,1,26,23
3HAO;3MTPte,0,1,26,23
3HAO;H2Oter,1,0,25,24
3HAO;ILETA,1,0,25,24
3HAO;METDECARc,0,1,26,23
3HAO;METTRANSc,0,1,26,23
3HAO;NACDe,1,0,25,24
3HAO;NACPRT,1,0,25,24
3HAO;NCAMDe,1,0,25,24
3HAO;NMNDA,1,0,25,24
3HAO;NMNS,1,0,25,24
3HDH100m;4MOPt2im,0,2,26,22
3HDH100m;7DHCHSTEROLtr,0,3,26,21
3HDH100m;ACOAD8m,0,2,26,22
3HDH100m;C3STDH1Pr,0,1,26,23
3HDH100m;C4STMO2Pr,0,1,26,23
3HDH100m;CO2tm,0,1,26,23
3HDH100m;CYP2R1,0,2,26,22
3HDH100m;DHCR241r,0,1,26,23
3HDH100m;DHCR242r,0,1,26,23
3HDH100m;DHFR,0,1,26,23
3HDH100m;DHFRm,0,1,26,23
3HDH100m;DHFtm,0,1,26,23
3HDH100m;DHRT_ivcoa,0,2,26,22
3HDH100m;DLD,0,2,26,22
3HDH100m;EBP2r,0,1,26,23
3HDH100m;FUMm,0,1,26,23
3HDH100m;H2O2t,0,1,26,23
3HDH100m;HCO3Em,0,2,26,22
3HDH100m;Htr,0,2,26,22
3HDH100m;ILEOX,0,1,26,23
3HDH100m;ILETA,0,1,26,23
3HDH100m;LEUTA,0,2,26,22
3HDH100m;LSTO2r,0,2,26,22
3HDH100m;MCCCm,0,2,26,22
3HDH100m;METOX,0,1,26,23
3HDH100m;MGCHrm,0,2,26,22
3HDH100m;MOD_3mhop,0,2,26,22
3HDH100m;PHEOX,0,1,26,23
3HDH100m;PHETA1,0,1,26,23
3HDH100m;PVD3,0,3,26,21
3HDH100m;PYRtm,0,1,26,23
3HDH100m;UNK3,0,1,26,23
3HDH100m;VD3,0,3,26,21
3HDH100m;VITD3Hm,0,1,26,23
3HDH100m;VITD3tm,0,1,26,23
3HDH121n6m;C3STDH1Pr,0,1,26,23
3HDH121n6m;C4STMO2Pr,0,1,26,23
3HDH121n6m;DHFR,0,1,26,23
3HDH121n6m;DHFRm,0,1,26,23
3HDH121n6m;DHFtm,0,1,26,23
3HDH140m;4MOPt2im,0,2,26,22
3HDH140m;7DHCHSTEROLtr,0,3,26,21
3HDH140m;ACOAD8m,0,2,26,22
3HDH140m;CO2tm,0,1,26,23
3HDH140m;CYP2R1,0,2,26,22
3HDH140m;DHCR241r,0,1,26,23
3HDH140m;DHCR242r,0,1,26,23
3HDH140m;DHRT_ivcoa,0,2,26,22
3HDH140m;DLD,0,2,26,22
3HDH140m;EBP2r,0,1,26,23
3HDH140m;FUMm,0,1,26,23
3HDH140m;H2O2t,0,1,26,23
3HDH140m;HCO3Em,0,2,26,22
3HDH140m;Htr,0,1,26,23
3HDH140m;ILEOX,0,1,26,23
3HDH140m;ILETA,0,1,26,23
3HDH140m;LEUTA,0,2,26,22
3HDH140m;LSTO2r,0,2,26,22
3HDH140m;MCCCm,0,2,26,22
3HDH140m;METOX,0,1,26,23
3HDH140m;MGCHrm,0,2,26,22
3HDH140m;MOD_3mhop,0,2,26,22
3HDH140m;PHEOX,0,1,26,23
3HDH140m;PHETA1,0,1,26,23
3HDH140m;PVD3,0,3,26,21
3HDH140m;PYRtm,0,1,26,23
3HDH140m;UNK3,0,1,26,23
3HDH140m;VD3,0,3,26,21
3HDH140m;VITD3Hm,0,1,26,23
3HDH140m;VITD3tm,0,1,26,23
3HDH142n6m;C3STDH1Pr,0,1,26,23
3HDH142n6m;C4STMO2Pr,0,1,26,23
3HDH142n6m;DHFR,0,1,26,23
3HDH142n6m;DHFRm,0,1,26,23
3HDH142n6m;DHFtm,0,1,26,23
3HDH162n6m;C3STDH1Pr,0,1,26,23
3HDH162n6m;C4STMO2Pr,0,1,26,23
3HDH162n6m;DHFR,0,1,26,23
3HDH162n6m;DHFRm,0,1,26,23
3HDH162n6m;DHFtm,0,1,26,23
3HDH180m;CITRt2m,0,1,26,23
3HDH183n6m;C3STDH1Pr,0,1,26,23
3HDH183n6m;C4STMO2Pr,0,1,26,23
3HDH183n6m;DHFR,0,1,26,23
3HDH183n6m;DHFRm,0,1,26,23
3HDH183n6m;DHFtm,0,1,26,23
3HDH200m;CITRt2m,0,1,26,23
3HDH204n6m;C3STDH1Pr,0,1,26,23
3HDH204n6m;C4STMO2Pr,0,1,26,23
3HDH204n6m;DHFR,0,1,26,23
3HDH204n6m;DHFRm,0,1,26,23
3HDH204n6m;DHFtm,0,1,26,23
3HDH224n6m;C3STDH1Pr,0,1,26,23
3HDH224n6m;C4STMO2Pr,0,1,26,23
3HDH224n6m;DHFR,0,1,26,23
3HDH224n6m;DHFRm,0,1,26,23
3HDH224n6m;DHFtm,0,1,26,23
3HDH224n6p;H2Oter,2,0,24,24
3HDH224n6p;Htr,2,1,24,23
3HDH241n9p;C2tcx,1,0,25,24
3HDH241n9p;C3STDH1Pr,0,1,26,23
3HDH241n9p;C4STMO2Pr,0,1,26,23
3HDH241n9p;CRNrtx,1,0,25,24
3HDH241n9p;CSNATp,1,0,25,24
3HDH241n9p;CSNATr,1,0,25,24
3HDH241n9p;DHFR,0,1,26,23
3HDH241n9p;DHFRm,0,1,26,23
3HDH241n9p;DHFtm,0,1,26,23
3HDH241n9p;H2Otp,1,0,25,24
3HDH241n9p;Htr,0,1,26,23
3HDH241n9p;PRDX,1,0,25,24
3HDH60m;4MOPt2im,0,2,26,22
3HDH60m;7DHCHSTEROLtr,0,3,26,21
3HDH60m;ACOAD8m,0,2,26,22
3HDH60m;C3STDH1Pr,0,1,26,23
3HDH60m;C4STMO2Pr,0,1,26,23
3HDH60m;CO2tm,0,1,26,23
3HDH60m;CYP2R1,0,2,26,22
3HDH60m;DHCR241r,0,1,26,23
3HDH60m;DHCR242r,0,1,26,23
3HDH60m;DHFR,0,1,26,23
3HDH60m;DHFRm,0,1,26,23
3HDH60m;DHFtm,0,1,26,23
3HDH60m;DHRT_ivcoa,0,2,26,22
3HDH60m;DLD,0,2,26,22
3HDH60m;EBP2r,0,1,26,23
3HDH60m;FUMm,0,1,26,23
3HDH60m;GTHRDt,0,1,26,23
3HDH60m;H2O2t,0,1,26,23
3HDH60m;HCO3Em,0,2,26,22
3HDH60m;Htr,0,2,26,22
3HDH60m;ILEOX,0,1,26,23
3HDH60m;ILETA,0,1,26,23
3HDH60m;LEUTA,0,2,26,22
3HDH60m;LSTO2r,0,2,26,22
3HDH60m;MCCCm,0,2,26,22
3HDH60m;METOX,0,1,26,23
3HDH60m;MGCHrm,0,2,26,22
3HDH60m;MOD_3mhop,0,2,26,22
3HDH60m;PHEOX,0,1,26,23
3HDH60m;PHETA1,0,1,26,23
3HDH60m;PIGTHRDLtm,0,1,26,23
3HDH60m;PIMALtm,0,1,26,23
3HDH60m;PVD3,0,3,26,21
3HDH60m;PYRtm,0,1,26,23
3HDH60m;SO3AKGtm,0,1,26,23
3HDH60m;SO3MALtm,0,1,26,23
3HDH60m;UNK3,0,1,26,23
3HDH60m;VD3,0,3,26,21
3HDH60m;VITD3Hm,0,1,26,23
3HDH60m;VITD3tm,0,1,26,23
3HDH80m;4MOPt2im,0,2,26,22
3HDH80m;7DHCHSTEROLtr,0,3,26,21
3HDH80m;ACOAD8m,0,2,26,22
3HDH80m;C3STDH1Pr,0,1,26,23
3HDH80m;C4STMO2Pr,0,1,26,23
3HDH80m;CO2tm,0,1,26,23
3HDH80m;CYP2R1,0,2,26,22
3HDH80m;DHCR241r,0,1,26,23
3HDH80m;DHCR242r,0,1,26,23
3HDH80m;DHFR,0,1,26,23
3HDH80m;DHFRm,0,1,26,23
3HDH80m;DHFtm,0,1,26,23
3HDH80m;DHRT_ivcoa,0,2,26,22
3HDH80m;DLD,0,2,26,22
3HDH80m;EBP2r,0,1,26,23
3HDH80m;FUMm,0,1,26,23
3HDH80m;GTHRDt,0,1,26,23
3HDH80m;H2O2t,0,1,26,23
3HDH80m;HCO3Em,0,2,26,22
3HDH80m;Htr,0,2,26,22
3HDH80m;ILEOX,0,1,26,23
3HDH80m;ILETA,0,1,26,23
3HDH80m;LEUTA,0,2,26,22
3HDH80m;LSTO2r,0,2,26,22
3HDH80m;MCCCm,0,2,26,22
3HDH80m;METOX,0,1,26,23
3HDH80m;MGCHrm,0,2,26,22
3HDH80m;MOD_3mhop,0,2,26,22
3HDH80m;PHEOX,0,1,26,23
3HDH80m;PHETA1,0,1,26,23
3HDH80m;PIGTHRDLtm,0,1,26,23
3HDH80m;PIMALtm,0,1,26,23
3HDH80m;PVD3,0,3,26,21
3HDH80m;PYRtm,0,1,26,23
3HDH80m;SO3AKGtm,0,1,26,23
3HDH80m;SO3MALtm,0,1,26,23
3HDH80m;UNK3,0,1,26,23
3HDH80m;VD3,0,3,26,21
3HDH80m;VITD3Hm,0,1,26,23
3HDH80m;VITD3tm,0,1,26,23
3HGLUTCOAm;3MTPte,0,1,26,23
3HGLUTCOAm;4MPTNLte,1,0,25,24
3HGLUTCOAm;4MPTNLtm,1,0,25,24
3HGLUTCOAm;7DHCHSTEROLtr,0,1,26,23
3HGLUTCOAm;ARTFR52,1,0,25,24
3HGLUTCOAm;ATPS4m,1,0,25,24
3HGLUTCOAm;CYP2R1,0,1,26,23
3HGLUTCOAm;DHCR242r,0,1,26,23
3HGLUTCOAm;FAE200,1,0,25,24
3HGLUTCOAm;FAE220,1,0,25,24
3HGLUTCOAm;FAE240,1,0,25,24
3HGLUTCOAm;FAE260,1,0,25,24
3HGLUTCOAm;FBA,0,1,26,23
3HGLUTCOAm;H2Oter,2,0,24,24
3HGLUTCOAm;H2Otm,1,0,25,24
3HGLUTCOAm;HACD200,1,0,25,24
3HGLUTCOAm;HACD220,1,0,25,24
3HGLUTCOAm;HACD240,1,0,25,24
3HGLUTCOAm;HACD260,1,0,25,24
3HGLUTCOAm;HEXCCOAtr,1,0,25,24
3HGLUTCOAm;HSD200,1,0,25,24
3HGLUTCOAm;HSD220,1,0,25,24
3HGLUTCOAm;HSD240,1,0,25,24
3HGLUTCOAm;HSD260,1,0,25,24
3HGLUTCOAm;HSD3B11,1,0,25,24
3HGLUTCOAm;ILETA,1,0,25,24
3HGLUTCOAm;LSTO2r,0,1,26,23
3HGLUTCOAm;METDECARc,0,1,26,23
3HGLUTCOAm;METTRANSc,0,1,26,23
3HGLUTCOAm;NACDe,1,0,25,24
3HGLUTCOAm;NACPRT,1,0,25,24
3HGLUTCOAm;NCAMDe,1,0,25,24
3HGLUTCOAm;NMNDA,1,0,25,24
3HGLUTCOAm;NMNS,1,0,25,24
3HGLUTCOAm;P45011A1m,1,0,25,24
3HGLUTCOAm;PFK,0,1,26,23
3HGLUTCOAm;PGI,0,1,26,23
3HGLUTCOAm;PRGNLONEtm,1,0,25,24
3HGLUTCOAm;PRGSTRNt,1,0,25,24
3HGLUTCOAm;PVD3,0,1,26,23
3HGLUTCOAm;RTOT5,1,0,25,24
3HGLUTCOAm;TECR200,1,0,25,24
3HGLUTCOAm;TECR220,1,0,25,24
3HGLUTCOAm;TECR240,1,0,25,24
3HGLUTCOAm;TECR260,1,0,25,24
3HGLUTCOAm;THFtm,1,0,25,24
3HGLUTCOAm;UMPK5,1,0,25,24
3HGLUTCOAm;VD3,0,1,26,23
3HLYTCL;3MHISc,1,0,25,24
3HLYTCL;4HBZCOAFm,1,0,25,24
3HLYTCL;4HBZFm,1,0,25,24
3HLYTCL;4HPROLTASCT1,1,0,25,24
3HLYTCL;4HPRO_LTte,1,0,25,24
3HLYTCL;5AOPtm,1,0,25,24
3HLYTCL;ACACPYRte,0,1,26,23
3HLYTCL;ACGAM6PSi,0,1,26,23
3HLYTCL;ACGLYtc,1,0,25,24
3HLYTCL;ACGLYte,1,0,25,24
3HLYTCL;AHCYStn,4,0,22,24
3HLYTCL;AKGtn,4,0,22,24
3HLYTCL;ALASm,1,0,25,24
3HLYTCL;ALCD1,3,0,23,24
3HLYTCL;AMETt2m,1,0,25,24
3HLYTCL;AMETtn,4,0,22,24
3HLYTCL;AMPt4,1,0,25,24
3HLYTCL;ASCBt5,2,0,24,24
3HLYTCL;BILDGLCURt5e,1,0,25,24
3HLYTCL;BILDGLCURtr,1,0,25,24
3HLYTCL;BILIRUBtr,1,0,25,24
3HLYTCL;CO2tn,4,0,22,24
3HLYTCL;COQ3m,1,0,25,24
3HLYTCL;COQ5m,1,0,25,24
3HLYTCL;COQ6m,1,0,25,24
3HLYTCL;COQ7m,1,0,25,24
3HLYTCL;COUCOAFm,1,0,25,24
3HLYTCL;COt,1,0,25,24
3HLYTCL;CPPPGO,1,0,25,24
3HLYTCL;CYSGLTH,1,1,25,23
3HLYTCL;CYSRED,1,1,25,23
3HLYTCL;DECDPtm,1,0,25,24
3HLYTCL;DHDPBMTm,1,0,25,24
3HLYTCL;DPHMBDCm,1,0,25,24
3HLYTCL;DPPS,1,0,25,24
3HLYTCL;FALDtn,4,0,22,24
3HLYTCL;FCLTm,1,0,25,24
3HLYTCL;FE2tm,1,0,25,24
3HLYTCL;FRDPtc,1,0,25,24
3HLYTCL;GF6PTA,0,1,26,23
3HLYTCL;GLUDym,1,0,25,24
3HLYTCL;GLYACm,1,0,25,24
3HLYTCL;GLYt7_311_r,0,1,26,23
3HLYTCL;GLYtm,1,0,25,24
3HLYTCL;GTHP,0,1,26,23
3HLYTCL;GTPGDPtm,1,0,25,24
3HLYTCL;H2Otg,0,1,26,23
3HLYTCL;H3K9DMET_3,1,0,25,24
3HLYTCL;H3K9MET_3,1,0,25,24
3HLYTCL;HBZOPT10m,1,0,25,24
3HLYTCL;HMBS,1,0,25,24
3HLYTCL;HOXG,1,0,25,24
3HLYTCL;Htg,0,1,26,23
3HLYTCL;KCC2t,0,1,26,23
3HLYTCL;MAN1PT2,0,2,26,22
3HLYTCL;MAN6PI,0,2,26,22
3HLYTCL;MEOHt2,3,0,23,24
3HLYTCL;NDP7er,1,0,25,24
3HLYTCL;NDP7g,0,1,26,23
3HLYTCL;O2tn,3,0,23,24
3HLYTCL;PGI,1,0,25,24
3HLYTCL;PHEMEtm,1,0,25,24
3HLYTCL;PItg,0,1,26,23
3HLYTCL;PMANM,0,2,26,22
3HLYTCL;PPBNGS,1,0,25,24
3HLYTCL;PPItm,1,0,25,24
3HLYTCL;PPPG9tm,1,0,25,24
3HLYTCL;PPPGOm,1,0,25,24
3HLYTCL;PROAKGOX1m,1,0,25,24
3HLYTCL;PYRAKGte,1,0,25,24
3HLYTCL;PYRFORte,1,0,25,24
3HLYTCL;Q10H2e,1,0,25,24
3HLYTCL;SO4t4_3,0,1,26,23
3HLYTCL;SUCOAS1m,1,0,25,24
3HLYTCL;T4HCINNMFM,1,0,25,24
3HLYTCL;TYRTAm,1,0,25,24
3HLYTCL;TYRtl,1,0,25,24
3HLYTCL;UDPGCURtr,1,0,25,24
3HLYTCL;UDPGD,1,0,25,24
3HLYTCL;UGLCNACtg,0,1,26,23
3HLYTCL;UGT1A2r,1,0,25,24
3HLYTCL;UMPtr,1,0,25,24
3HLYTCL;UPP3S,1,0,25,24
3HLYTCL;UPPDC1,1,0,25,24
3HLYTCL;q10h2tc,1,0,25,24
3HPCOAHYDm;AKGACONtm,0,1,26,23
3HPCOAHYDm;H2O2t,0,1,26,23
3HPCOAHYDm;PIMALtm,0,1,26,23
3HPCOAHYDm;PIt2m_2,0,1,26,23
3HPCOAHYDm;PPCOAtm,0,1,26,23
3HPCOAHYDm;PROGLUtm,0,1,26,23
3HPCOAHYDm;SO3AKGtm,0,1,26,23
3HPCOAHYDm;SO3MALtm,0,1,26,23
3HPCOAHYDm;SUCCACONtm,0,1,26,23
3HPPDm;AKGACONtm,0,1,26,23
3HPPDm;H2O2t,0,1,26,23
3HPPDm;PIMALtm,0,1,26,23
3HPPDm;PIt2m_2,0,1,26,23
3HPPDm;PPCOAtm,0,1,26,23
3HPPDm;PROGLUtm,0,1,26,23
3HPPDm;SO3AKGtm,0,1,26,23
3HPPDm;SO3MALtm,0,1,26,23
3HPPDm;SUCCACONtm,0,1,26,23
3M4HDXPAC;AHCYStn,2,0,24,24
3M4HDXPAC;AKGtn,2,0,24,24
3M4HDXPAC;ALCD1,1,0,25,24
3M4HDXPAC;AMETtn,2,0,24,24
3M4HDXPAC;CO2tn,2,0,24,24
3M4HDXPAC;FALDtn,2,0,24,24
3M4HDXPAC;MEOHt2,1,0,25,24
3M4HDXPAC;O2tn,2,0,24,24
3M4HPGORx;NADH2_u10m,1,0,25,24
3M4HPGORy;NADH2_u10m,1,0,25,24
3M4HPORx;5AOPtm,0,1,26,23
3M4HPORx;AKGDa1,0,1,26,23
3M4HPORx;AKGDa2,0,1,26,23
3M4HPORx;AKGDb,0,1,26,23
3M4HPORx;ALASm,0,1,26,23
3M4HPORx;BILDGLCURt,0,1,26,23
3M4HPORx;BILDGLCURtr,0,1,26,23
3M4HPORx;BILIRED2,0,1,26,23
3M4HPORx;BILIRUBtr,0,1,26,23
3M4HPORx;COt,0,1,26,23
3M4HPORx;CPPPGO,0,1,26,23
3M4HPORx;DLD,0,1,26,23
3M4HPORx;FCLTm,0,1,26,23
3M4HPORx;FE2tm,0,1,26,23
3M4HPORx;GALU,0,1,26,23
3M4HPORx;HMBS,0,1,26,23
3M4HPORx;HOXG,0,1,26,23
3M4HPORx;NDP7er,0,1,26,23
3M4HPORx;PGMT,0,1,26,23
3M4HPORx;PHEMEtabc,0,1,26,23
3M4HPORx;PPBNGS,0,1,26,23
3M4HPORx;PPPG9tm,0,1,26,23
3M4HPORx;PPPGOm,0,1,26,23
3M4HPORx;UDPGCURtr,0,1,26,23
3M4HPORx;UDPGD,0,1,26,23
3M4HPORx;UGT1A2r,0,1,26,23
3M4HPORx;UMPtr,0,1,26,23
3M4HPORx;UPP3S,0,1,26,23
3M4HPORx;UPPDC1,0,1,26,23
3M4HPORy;5AOPtm,0,1,26,23
3M4HPORy;AKGDa1,0,1,26,23
3M4HPORy;AKGDa2,0,1,26,23
3M4HPORy;AKGDb,0,1,26,23
3M4HPORy;ALASm,0,1,26,23
3M4HPORy;BILDGLCURt,0,1,26,23
3M4HPORy;BILDGLCURtr,0,1,26,23
3M4HPORy;BILIRED2,0,1,26,23
3M4HPORy;BILIRUBtr,0,1,26,23
3M4HPORy;COt,0,1,26,23
3M4HPORy;CPPPGO,0,1,26,23
3M4HPORy;DLD,0,1,26,23
3M4HPORy;FCLTm,0,1,26,23
3M4HPORy;FE2tm,0,1,26,23
3M4HPORy;GALU,0,1,26,23
3M4HPORy;HMBS,0,1,26,23
3M4HPORy;HOXG,0,1,26,23
3M4HPORy;NDP7er,0,1,26,23
3M4HPORy;PGMT,0,1,26,23
3M4HPORy;PHEMEtabc,0,1,26,23
3M4HPORy;PPBNGS,0,1,26,23
3M4HPORy;PPPG9tm,0,1,26,23
3M4HPORy;PPPGOm,0,1,26,23
3M4HPORy;UDPGCURtr,0,1,26,23
3M4HPORy;UDPGD,0,1,26,23
3M4HPORy;UGT1A2r,0,1,26,23
3M4HPORy;UMPtr,0,1,26,23
3M4HPORy;UPP3S,0,1,26,23
3M4HPORy;UPPDC1,0,1,26,23
3MHISc;42A12BOOX,1,0,25,24
3MHISc;HOMOVALte,1,0,25,24
3MHISc;PYRAKGte,1,0,25,24
3MHISc;TYRDOPO,1,0,25,24
3MHISt1;3MHISt3,1,0,25,24
3MHISt1;PHEt4,0,1,26,23
3MHISt2;LEUt4,1,2,25,22
3MHISt3;PHEt4,1,3,25,21
3MLDAt;AHCYStn,1,1,25,23
3MLDAt;AKGtn,0,1,26,23
3MLDAt;AMETtn,1,1,25,23
3MLDAt;CO2tn,0,1,26,23
3MLDAt;FALDtn,0,1,26,23
3MLDAt;H3K4MET_1,1,0,25,24
3MLDAt;H3K4MET_2,1,0,25,24
3MLDAt;H3K4MET_3,1,0,25,24
3MLDAt;H3K4_synthesis,1,0,25,24
3MLDAt;LYStn,1,0,25,24
3MLDAt;O2tn,0,1,26,23
3MLDAt;peplys_synthesis,1,0,25,24
3MOBt2im;ENO,0,1,26,23
3MOBt2im;GAPD,0,1,26,23
3MOBt2im;PGK,0,1,26,23
3MOBt2im;PGM,0,1,26,23
3MOPt2im;ACOD,0,1,26,23
3MOPt2im;ACONTam,0,1,26,23
3MOPt2im;AHCYStn,0,1,26,23
3MOPt2im;AKGtn,0,1,26,23
3MOPt2im;AMETtn,0,1,26,23
3MOPt2im;CAT,0,1,26,23
3MOPt2im;CITMCOAHm,0,1,26,23
3MOPt2im;CITMCOALm,0,1,26,23
3MOPt2im;CO2tn,0,1,26,23
3MOPt2im;CSm,0,1,26,23
3MOPt2im;CYOOm2,0,1,26,23
3MOPt2im;CYOR_u10m,0,1,26,23
3MOPt2im;FALDtn,0,1,26,23
3MOPt2im;H2Oter,1,0,25,24
3MOPt2im;H2Otm,2,0,24,24
3MOPt2im;HMGDH,0,1,26,23
3MOPt2im;HMGS,0,1,26,23
3MOPt2im;ILEOX,0,1,26,23
3MOPt2im;ILETA,1,0,25,24
3MOPt2im;ITCOALm,0,1,26,23
3MOPt2im;NACDe,1,0,25,24
3MOPt2im;NACPRT,1,0,25,24
3MOPt2im;NADH2_u10m,0,1,26,23
3MOPt2im;NCAMDe,1,0,25,24
3MOPt2im;NMNDA,1,0,25,24
3MOPt2im;NMNS,1,0,25,24
3MOPt2im;PCm,0,1,26,23
3MOPt2im;PIt2m_2,1,0,25,24
3MOPt2im;SFGTH,0,1,26,23
3MOPt2im;THFtm,1,0,25,24
3MOXTYROX;AHCYStn,2,0,24,24
3MOXTYROX;AKGtn,2,0,24,24
3MOXTYROX;ALCD1,1,0,25,24
3MOXTYROX;AMETtn,2,0,24,24
3MOXTYROX;CO2tn,2,0,24,24
3MOXTYROX;FALDtn,2,0,24,24
3MOXTYROX;MEOHt2,1,0,25,24
3MOXTYROX;O2tn,2,0,24,24
3MTPte;3OHGLUTACOAT3t,0,1,26,23
3MTPte;3OHGLUTACm,0,1,26,23
3MTPte;3OHGLUTACtm,0,1,26,23
3MTPte;ACACPYRte,1,0,25,24
3MTPte;ACGAM2E,0,1,26,23
3MTPte;ACGAM6PSi,0,1,26,23
3MTPte;ACGAMPM,0,1,26,23
3MTPte;ACGAMtly,0,1,26,23
3MTPte;ACNAMlt,0,1,26,23
3MTPte;ACNMLr,0,1,26,23
3MTPte;ADPGK,0,1,26,23
3MTPte;ADSK,0,1,26,23
3MTPte;AKG2HBte,0,1,26,23
3MTPte;AM6SAD,0,1,26,23
3MTPte;AMCOXO,0,1,26,23
3MTPte;ASCBt5,0,1,26,23
3MTPte;ASCBtr,0,1,26,23
3MTPte;BPNT,0,1,26,23
3MTPte;CMPACNAtg,0,1,26,23
3MTPte;CMPSAS,0,1,26,23
3MTPte;CO2tm,0,1,26,23
3MTPte;FKYNH,1,1,25,23
3MTPte;GALASE17ly,0,1,26,23
3MTPte;GALASE18ly,0,1,26,23
3MTPte;GALASE19ly,0,1,26,23
3MTPte;GALK,0,1,26,23
3MTPte;GALNTg,0,1,26,23
3MTPte;GALU,0,1,26,23
3MTPte;GALtly,0,1,26,23
3MTPte;GDPFUCtg,0,1,26,23
3MTPte;GDPtg,0,1,26,23
3MTPte;GF6PTA,0,1,26,23
3MTPte;GFUCS,0,1,26,23
3MTPte;GLACter,0,1,26,23
3MTPte;GLCOASYNT,0,1,26,23
3MTPte;GLCURter,0,1,26,23
3MTPte;GLCURtly,0,1,26,23
3MTPte;GLRASE,0,1,26,23
3MTPte;GLUt2m,0,1,26,23
3MTPte;GMAND,0,1,26,23
3MTPte;GMPtg,0,1,26,23
3MTPte;GULLACter,0,1,26,23
3MTPte;GULOer,0,1,26,23
3MTPte;H2O2ter,0,1,26,23
3MTPte;H2Otg,0,1,26,23
3MTPte;H2Otly,0,1,26,23
3MTPte;HAS1,0,1,26,23
3MTPte;HAS2,0,1,26,23
3MTPte;HAtly,0,1,26,23
3MTPte;HKYNH,0,1,26,23
3MTPte;HYAL,0,1,26,23
3MTPte;Htg,0,1,26,23
3MTPte;KYN3OX,0,1,26,23
3MTPte;KYNAKGAT,1,0,25,24
3MTPte;KYNATESYN,1,0,25,24
3MTPte;KYNATEtr,1,0,25,24
3MTPte;MAN1PT2,0,1,26,23
3MTPte;MAN6PI,0,1,26,23
3MTPte;NACHEX24ly,0,1,26,23
3MTPte;NACHEX25ly,0,1,26,23
3MTPte;NAGA2ly,0,1,26,23
3MTPte;NAGLCAly,0,1,26,23
3MTPte;NDP7g,0,1,26,23
3MTPte;OXOADLR,0,1,26,23
3MTPte;PAPStg,0,1,26,23
3MTPte;PAPtg,0,1,26,23
3MTPte;PCLAD,0,1,26,23
3MTPte;PGMT,0,1,26,23
3MTPte;PItg,0,1,26,23
3MTPte;PMANM,0,1,26,23
3MTPte;PYRt2r,0,1,26,23
3MTPte;S6TASE24ly,0,1,26,23
3MTPte;SADT,0,1,26,23
3MTPte;SO4tl,0,1,26,23
3MTPte;Ser/Thrtg,0,1,26,23
3MTPte;TD2GLTRCOAm,0,1,26,23
3MTPte;TRPO2,1,1,25,23
3MTPte;UAGDP,0,1,26,23
3MTPte;UDPACGALtl,0,1,26,23
3MTPte;UDPG4E,0,1,26,23
3MTPte;UDPGALtg,0,1,26,23
3MTPte;UDPGD,0,1,26,23
3MTPte;UDPtl,0,1,26,23
3MTPte;UGALNACtg,0,1,26,23
3MTPte;UGLCNACtg,0,1,26,23
3MTPte;UGLT,0,1,26,23
3MTPte;UROLACer,0,1,26,23
3OAR180;FA160ACPH,1,0,25,24
3OAS180;FA160ACPH,1,0,25,24
3OHGLUTACOAT3t;4MPTNLte,1,0,25,24
3OHGLUTACOAT3t;4MPTNLtm,1,0,25,24
3OHGLUTACOAT3t;7DHCHSTEROLtr,0,1,26,23
3OHGLUTACOAT3t;ARTFR52,1,0,25,24
3OHGLUTACOAT3t;ATPS4m,1,0,25,24
3OHGLUTACOAT3t;CYP2R1,0,1,26,23
3OHGLUTACOAT3t;DHCR242r,0,1,26,23
3OHGLUTACOAT3t;FAE200,1,0,25,24
3OHGLUTACOAT3t;FAE220,1,0,25,24
3OHGLUTACOAT3t;FAE240,1,0,25,24
3OHGLUTACOAT3t;FAE260,1,0,25,24
3OHGLUTACOAT3t;FBA,0,1,26,23
3OHGLUTACOAT3t;H2Oter,2,0,24,24
3OHGLUTACOAT3t;H2Otm,1,0,25,24
3OHGLUTACOAT3t;HACD200,1,0,25,24
3OHGLUTACOAT3t;HACD220,1,0,25,24
3OHGLUTACOAT3t;HACD240,1,0,25,24
3OHGLUTACOAT3t;HACD260,1,0,25,24
3OHGLUTACOAT3t;HEXCCOAtr,1,0,25,24
3OHGLUTACOAT3t;HSD200,1,0,25,24
3OHGLUTACOAT3t;HSD220,1,0,25,24
3OHGLUTACOAT3t;HSD240,1,0,25,24
3OHGLUTACOAT3t;HSD260,1,0,25,24
3OHGLUTACOAT3t;HSD3B11,1,0,25,24
3OHGLUTACOAT3t;ILETA,1,0,25,24
3OHGLUTACOAT3t;LSTO2r,0,1,26,23
3OHGLUTACOAT3t;METDECARc,0,1,26,23
3OHGLUTACOAT3t;METTRANSc,0,1,26,23
3OHGLUTACOAT3t;NACDe,1,0,25,24
3OHGLUTACOAT3t;NACPRT,1,0,25,24
3OHGLUTACOAT3t;NCAMDe,1,0,25,24
3OHGLUTACOAT3t;NMNDA,1,0,25,24
3OHGLUTACOAT3t;NMNS,1,0,25,24
3OHGLUTACOAT3t;P45011A1m,1,0,25,24
3OHGLUTACOAT3t;PFK,0,1,26,23
3OHGLUTACOAT3t;PGI,0,1,26,23
3OHGLUTACOAT3t;PRGNLONEtm,1,0,25,24
3OHGLUTACOAT3t;PRGSTRNt,1,0,25,24
3OHGLUTACOAT3t;PVD3,0,1,26,23
3OHGLUTACOAT3t;RTOT5,1,0,25,24
3OHGLUTACOAT3t;TECR200,1,0,25,24
3OHGLUTACOAT3t;TECR220,1,0,25,24
3OHGLUTACOAT3t;TECR240,1,0,25,24
3OHGLUTACOAT3t;TECR260,1,0,25,24
3OHGLUTACOAT3t;THFtm,1,0,25,24
3OHGLUTACOAT3t;UMPK5,1,0,25,24
3OHGLUTACOAT3t;VD3,0,1,26,23
3OHGLUTACm;4MPTNLte,1,0,25,24
3OHGLUTACm;4MPTNLtm,1,0,25,24
3OHGLUTACm;7DHCHSTEROLtr,0,1,26,23
3OHGLUTACm;ARTFR52,1,0,25,24
3OHGLUTACm;ATPS4m,1,0,25,24
3OHGLUTACm;CYP2R1,0,1,26,23
3OHGLUTACm;DHCR242r,0,1,26,23
3OHGLUTACm;FAE200,1,0,25,24
3OHGLUTACm;FAE220,1,0,25,24
3OHGLUTACm;FAE240,1,0,25,24
3OHGLUTACm;FAE260,1,0,25,24
3OHGLUTACm;FBA,0,1,26,23
3OHGLUTACm;H2Oter,2,0,24,24
3OHGLUTACm;H2Otm,1,0,25,24
3OHGLUTACm;HACD200,1,0,25,24
3OHGLUTACm;HACD220,1,0,25,24
3OHGLUTACm;HACD240,1,0,25,24
3OHGLUTACm;HACD260,1,0,25,24
3OHGLUTACm;HEXCCOAtr,1,0,25,24
3OHGLUTACm;HSD200,1,0,25,24
3OHGLUTACm;HSD220,1,0,25,24
3OHGLUTACm;HSD240,1,0,25,24
3OHGLUTACm;HSD260,1,0,25,24
3OHGLUTACm;HSD3B11,1,0,25,24
3OHGLUTACm;ILETA,1,0,25,24
3OHGLUTACm;LSTO2r,0,1,26,23
3OHGLUTACm;METDECARc,0,1,26,23
3OHGLUTACm;METTRANSc,0,1,26,23
3OHGLUTACm;NACDe,1,0,25,24
3OHGLUTACm;NACPRT,1,0,25,24
3OHGLUTACm;NCAMDe,1,0,25,24
3OHGLUTACm;NMNDA,1,0,25,24
3OHGLUTACm;NMNS,1,0,25,24
3OHGLUTACm;P45011A1m,1,0,25,24
3OHGLUTACm;PFK,0,1,26,23
3OHGLUTACm;PGI,0,1,26,23
3OHGLUTACm;PRGNLONEtm,1,0,25,24
3OHGLUTACm;PRGSTRNt,1,0,25,24
3OHGLUTACm;PVD3,0,1,26,23
3OHGLUTACm;RTOT5,1,0,25,24
3OHGLUTACm;TECR200,1,0,25,24
3OHGLUTACm;TECR220,1,0,25,24
3OHGLUTACm;TECR240,1,0,25,24
3OHGLUTACm;TECR260,1,0,25,24
3OHGLUTACm;THFtm,1,0,25,24
3OHGLUTACm;UMPK5,1,0,25,24
3OHGLUTACm;VD3,0,1,26,23
3OHGLUTACtm;4MPTNLte,1,0,25,24
3OHGLUTACtm;4MPTNLtm,1,0,25,24
3OHGLUTACtm;7DHCHSTEROLtr,0,1,26,23
3OHGLUTACtm;ARTFR52,1,0,25,24
3OHGLUTACtm;ATPS4m,1,0,25,24
3OHGLUTACtm;CYP2R1,0,1,26,23
3OHGLUTACtm;DHCR242r,0,1,26,23
3OHGLUTACtm;FAE200,1,0,25,24
3OHGLUTACtm;FAE220,1,0,25,24
3OHGLUTACtm;FAE240,1,0,25,24
3OHGLUTACtm;FAE260,1,0,25,24
3OHGLUTACtm;FBA,0,1,26,23
3OHGLUTACtm;H2Oter,2,0,24,24
3OHGLUTACtm;H2Otm,1,0,25,24
3OHGLUTACtm;HACD200,1,0,25,24
3OHGLUTACtm;HACD220,1,0,25,24
3OHGLUTACtm;HACD240,1,0,25,24
3OHGLUTACtm;HACD260,1,0,25,24
3OHGLUTACtm;HEXCCOAtr,1,0,25,24
3OHGLUTACtm;HSD200,1,0,25,24
3OHGLUTACtm;HSD220,1,0,25,24
3OHGLUTACtm;HSD240,1,0,25,24
3OHGLUTACtm;HSD260,1,0,25,24
3OHGLUTACtm;HSD3B11,1,0,25,24
3OHGLUTACtm;ILETA,1,0,25,24
3OHGLUTACtm;LSTO2r,0,1,26,23
3OHGLUTACtm;METDECARc,0,1,26,23
3OHGLUTACtm;METTRANSc,0,1,26,23
3OHGLUTACtm;NACDe,1,0,25,24
3OHGLUTACtm;NACPRT,1,0,25,24
3OHGLUTACtm;NCAMDe,1,0,25,24
3OHGLUTACtm;NMNDA,1,0,25,24
3OHGLUTACtm;NMNS,1,0,25,24
3OHGLUTACtm;P45011A1m,1,0,25,24
3OHGLUTACtm;PFK,0,1,26,23
3OHGLUTACtm;PGI,0,1,26,23
3OHGLUTACtm;PRGNLONEtm,1,0,25,24
3OHGLUTACtm;PRGSTRNt,1,0,25,24
3OHGLUTACtm;PVD3,0,1,26,23
3OHGLUTACtm;RTOT5,1,0,25,24
3OHGLUTACtm;TECR200,1,0,25,24
3OHGLUTACtm;TECR220,1,0,25,24
3OHGLUTACtm;TECR240,1,0,25,24
3OHGLUTACtm;TECR260,1,0,25,24
3OHGLUTACtm;THFtm,1,0,25,24
3OHGLUTACtm;UMPK5,1,0,25,24
3OHGLUTACtm;VD3,0,1,26,23
3SALAASPm;ICITCITtm,0,1,26,23
3SALAASPm;ICITMALtm,0,1,26,23
3SALAASPm;MAL_Lte,2,0,24,24
3SALATAim;ICITCITtm,0,1,26,23
3SALATAim;ICITMALtm,0,1,26,23
3SALATAim;MAL_Lte,2,0,24,24
3SPYRSPm;ICITCITtm,0,1,26,23
3SPYRSPm;ICITMALtm,0,1,26,23
3SPYRSPm;MAL_Lte,2,0,24,24
41R1H2MAE12BOOX;CYSGLTH,1,0,25,24
41R1H2MAE12BOOX;CYSRED,1,0,25,24
41R2A1H12BOOX;ASCBt5,2,0,24,24
4HBZCOAFm;AHCYStn,0,1,26,23
4HBZCOAFm;AKGSUCCtm,1,0,25,24
4HBZCOAFm;AKGtn,0,1,26,23
4HBZCOAFm;AMETtn,0,1,26,23
4HBZCOAFm;ATPS4m,2,0,24,24
4HBZCOAFm;CAT,1,0,25,24
4HBZCOAFm;CO2tn,0,1,26,23
4HBZCOAFm;CYOOm2,2,1,24,23
4HBZCOAFm;CYOR_u10m,2,1,24,23
4HBZCOAFm;DHFR,1,0,25,24
4HBZCOAFm;DHFRx,1,0,25,24
4HBZCOAFm;DHFtm,1,0,25,24
4HBZCOAFm;DHPR2,1,0,25,24
4HBZCOAFm;FALDtn,0,1,26,23
4HBZCOAFm;GLUt2m,1,0,25,24
4HBZCOAFm;HMGDH,0,1,26,23
4HBZCOAFm;HMGS,0,1,26,23
4HBZCOAFm;MTHFR3x,1,0,25,24
4HBZCOAFm;PIMALtm,1,0,25,24
4HBZCOAFm;SFGTH,0,1,26,23
4HBZCOAFm;SO4AKGtm,1,0,25,24
4HBZCOAFm;SO4MALtm,1,0,25,24
4HBZCOAFm;THBPT4ACAMDASE,1,0,25,24
4HBZCOAFm;THFtm,1,0,25,24
4HBZCOAFm;THRA,1,0,25,24
4HBZCOAFm;TYR3MO2,1,0,25,24
4HBZFm;AHCYStn,0,1,26,23
4HBZFm;AKGSUCCtm,1,0,25,24
4HBZFm;AKGtn,0,1,26,23
4HBZFm;AMETtn,0,1,26,23
4HBZFm;ATPS4m,2,0,24,24
4HBZFm;CAT,1,0,25,24
4HBZFm;CO2tn,0,1,26,23
4HBZFm;CYOOm2,2,1,24,23
4HBZFm;CYOR_u10m,2,1,24,23
4HBZFm;DHFR,1,0,25,24
4HBZFm;DHFRx,1,0,25,24
4HBZFm;DHFtm,1,0,25,24
4HBZFm;DHPR2,1,0,25,24
4HBZFm;FALDtn,0,1,26,23
4HBZFm;GLUt2m,1,0,25,24
4HBZFm;HMGDH,0,1,26,23
4HBZFm;HMGS,0,1,26,23
4HBZFm;MTHFR3x,1,0,25,24
4HBZFm;PIMALtm,1,0,25,24
4HBZFm;SFGTH,0,1,26,23
4HBZFm;SO4AKGtm,1,0,25,24
4HBZFm;SO4MALtm,1,0,25,24
4HBZFm;THBPT4ACAMDASE,1,0,25,24
4HBZFm;THFtm,1,0,25,24
4HBZFm;THRA,1,0,25,24
4HBZFm;TYR3MO2,1,0,25,24
4HPROLTASCT1;ACOD,1,1,25,23
4HPROLTASCT1;ACONTa,1,0,25,24
4HPROLTASCT1;ACONTam,0,1,26,23
4HPROLTASCT1;AKGACONtm,1,0,25,24
4HPROLTASCT1;AKGBUTte,1,0,25,24
4HPROLTASCT1;ALAt2r,1,0,25,24
4HPROLTASCT1;ATPS4m,1,0,25,24
4HPROLTASCT1;BUTt2r,1,0,25,24
4HPROLTASCT1;CAT,1,0,25,24
4HPROLTASCT1;CITMCOAHm,1,1,25,23
4HPROLTASCT1;CITMCOALm,1,1,25,23
4HPROLTASCT1;CSm,1,1,25,23
4HPROLTASCT1;CYOOm2,1,0,25,24
4HPROLTASCT1;CYOR_u10m,1,0,25,24
4HPROLTASCT1;DHPR2,1,0,25,24
4HPROLTASCT1;FKYNH,1,0,25,24
4HPROLTASCT1;GLYC3Ptmc,0,1,26,23
4HPROLTASCT1;H2Otg,0,1,26,23
4HPROLTASCT1;H2Otm,1,0,25,24
4HPROLTASCT1;Htg,0,1,26,23
4HPROLTASCT1;ICITCITtm,1,0,25,24
4HPROLTASCT1;ICITMALtm,1,0,25,24
4HPROLTASCT1;ITCOALm,1,1,25,23
4HPROLTASCT1;KYNAKGAT,1,0,25,24
4HPROLTASCT1;KYNATESYN,1,0,25,24
4HPROLTASCT1;KYNATEtr,1,0,25,24
4HPROLTASCT1;MAL_Lte,1,0,25,24
4HPROLTASCT1;MDHm,1,0,25,24
4HPROLTASCT1;MTHFR3x,1,0,25,24
4HPROLTASCT1;NDP7g,0,1,26,23
4HPROLTASCT1;PCm,0,1,26,23
4HPROLTASCT1;PIt2m_2,1,0,25,24
4HPROLTASCT1;PItg,0,1,26,23
4HPROLTASCT1;PYRt2r,0,1,26,23
4HPROLTASCT1;PYRtm,1,0,25,24
4HPROLTASCT1;SUCOAS1m,0,1,26,23
4HPROLTASCT1;THBPT4ACAMDASE,1,0,25,24
4HPROLTASCT1;TRPO2,1,0,25,24
4HPROLTASCT1;TYR3MO2,1,0,25,24
4HPRO_LTte;ACOD,1,1,25,23
4HPRO_LTte;ACONTa,1,0,25,24
4HPRO_LTte;ACONTam,0,1,26,23
4HPRO_LTte;AKGACONtm,1,0,25,24
4HPRO_LTte;AKGBUTte,1,0,25,24
4HPRO_LTte;ALAt2r,1,0,25,24
4HPRO_LTte;ATPS4m,1,0,25,24
4HPRO_LTte;BUTt2r,1,0,25,24
4HPRO_LTte;CAT,1,0,25,24
4HPRO_LTte;CITMCOAHm,1,1,25,23
4HPRO_LTte;CITMCOALm,1,1,25,23
4HPRO_LTte;CSm,1,1,25,23
4HPRO_LTte;CYOOm2,1,0,25,24
4HPRO_LTte;CYOR_u10m,1,0,25,24
4HPRO_LTte;DHPR2,1,0,25,24
4HPRO_LTte;FKYNH,1,0,25,24
4HPRO_LTte;GLYC3Ptmc,0,1,26,23
4HPRO_LTte;H2Otg,0,1,26,23
4HPRO_LTte;H2Otm,1,0,25,24
4HPRO_LTte;Htg,0,1,26,23
4HPRO_LTte;ICITCITtm,1,0,25,24
4HPRO_LTte;ICITMALtm,1,0,25,24
4HPRO_LTte;ITCOALm,1,1,25,23
4HPRO_LTte;KYNAKGAT,1,0,25,24
4HPRO_LTte;KYNATESYN,1,0,25,24
4HPRO_LTte;KYNATEtr,1,0,25,24
4HPRO_LTte;MAL_Lte,1,0,25,24
4HPRO_LTte;MDHm,1,0,25,24
4HPRO_LTte;MTHFR3x,1,0,25,24
4HPRO_LTte;NDP7g,0,1,26,23
4HPRO_LTte;PCm,0,1,26,23
4HPRO_LTte;PIt2m_2,1,0,25,24
4HPRO_LTte;PItg,0,1,26,23
4HPRO_LTte;PYRt2r,0,1,26,23
4HPRO_LTte;PYRtm,1,0,25,24
4HPRO_LTte;SUCOAS1m,0,1,26,23
4HPRO_LTte;THBPT4ACAMDASE,1,0,25,24
4HPRO_LTte;TRPO2,1,0,25,24
4HPRO_LTte;TYR3MO2,1,0,25,24
4MOPt2im;ACACT100m,0,2,26,22
4MOPt2im;ACACT140m,0,2,26,22
4MOPt2im;ACACT1rm,0,2,26,22
4MOPt2im;ACACT60m,0,2,26,22
4MOPt2im;ACACT80m,0,2,26,22
4MOPt2im;ACOAD100m,0,2,26,22
4MOPt2im;ACOAD140m,0,2,26,22
4MOPt2im;ACOAD60m,0,2,26,22
4MOPt2im;ACOAD80m,0,2,26,22
4MOPt2im;ACOATE100m,0,2,26,22
4MOPt2im;ADK3m,0,2,26,22
4MOPt2im;BTCOACRNtm,0,2,26,22
4MOPt2im;CO2t,0,1,26,23
4MOPt2im;CO2tm,0,1,26,23
4MOPt2im;DHFR,0,1,26,23
4MOPt2im;DHFRx,0,1,26,23
4MOPt2im;DHFtm,0,1,26,23
4MOPt2im;ETHMALACc,0,2,26,22
4MOPt2im;ETHMALACte,0,2,26,22
4MOPt2im;ETHMALCOAc,0,2,26,22
4MOPt2im;FACOAL100im,0,2,26,22
4MOPt2im;GLUt2m,0,1,26,23
4MOPt2im;GTPGDPtm,0,2,26,22
4MOPt2im;HMGCOASim,0,3,26,21
4MOPt2im;LEUTAm,0,1,26,23
4MOPt2im;LEUt5m,0,1,26,23
4MOPt2im;PPA,0,1,26,23
4MOPt2im;PPCOACRNtm,0,2,26,22
4MOPt2im;PPCOAtm,0,2,26,22
4MOPt2im;PPItm,0,1,26,23
4MOPt2im;THFtm,0,1,26,23
4MOPt2im;TTDCPT1,0,2,26,22
4MOPt2im;TTDCPT2,0,2,26,22
4MOPt2im;TTDCRNt,0,2,26,22
4MPTNLte;AAPSAS,1,0,25,24
4MPTNLte;AASAD3,1,0,25,24
4MPTNLte;AATA,1,0,25,24
4MPTNLte;ACHtn,1,0,25,24
4MPTNLte;ACITLn,1,0,25,24
4MPTNLte;ACONTa,1,0,25,24
4MPTNLte;ACONTb,1,0,25,24
4MPTNLte;ADPtn,1,0,25,24
4MPTNLte;AKGSUCCtm,1,0,25,24
4MPTNLte;ATPtn,1,0,25,24
4MPTNLte;CDPDAGtm,1,0,25,24
4MPTNLte;CDSm,1,0,25,24
4MPTNLte;CHATn,1,0,25,24
4MPTNLte;CHOLtn,1,0,25,24
4MPTNLte;CITSUCCtm,1,0,25,24
4MPTNLte;CITtn,1,0,25,24
4MPTNLte;CTPtm,1,0,25,24
4MPTNLte;DAGKm_hs,1,0,25,24
4MPTNLte;DAG_Hstem,1,0,25,24
4MPTNLte;DPCOAK,1,0,25,24
4MPTNLte;GLCOASYNT,1,0,25,24
4MPTNLte;H2Otm,1,0,25,24
4MPTNLte;Htr,1,0,25,24
4MPTNLte;ICDHyrm,1,0,25,24
4MPTNLte;ICITCITtm,1,0,25,24
4MPTNLte;L2AADPL2AADP6SAtm,1,0,25,24
4MPTNLte;LYStm,1,0,25,24
4MPTNLte;OAADC,1,0,25,24
4MPTNLte;OAAtn,1,0,25,24
4MPTNLte;OXALSUCCCLm,1,0,25,24
4MPTNLte;OXOADLR,1,0,25,24
4MPTNLte;PIt2m_2,1,0,25,24
4MPTNLte;PItn,1,0,25,24
4MPTNLte;PNTK,1,0,25,24
4MPTNLte;PNTOte,1,0,25,24
4MPTNLte;PPA,1,0,25,24
4MPTNLte;PPCDC,1,0,25,24
4MPTNLte;PPItm,1,0,25,24
4MPTNLte;PPNCL2,1,0,25,24
4MPTNLte;PTPAT,1,0,25,24
4MPTNLte;PYRAKGte,1,0,25,24
4MPTNLte;PYRFORte,1,0,25,24
4MPTNLte;SACCD2,1,0,25,24
4MPTNLte;TD2GLTRCOAm,1,0,25,24
4MPTNLtm;AAPSAS,1,0,25,24
4MPTNLtm;AASAD3,1,0,25,24
4MPTNLtm;AATA,1,0,25,24
4MPTNLtm;ACHtn,1,0,25,24
4MPTNLtm;ACITLn,1,0,25,24
4MPTNLtm;ACONTa,1,0,25,24
4MPTNLtm;ACONTb,1,0,25,24
4MPTNLtm;ADPtn,1,0,25,24
4MPTNLtm;AKGSUCCtm,1,0,25,24
4MPTNLtm;ATPtn,1,0,25,24
4MPTNLtm;CDPDAGtm,1,0,25,24
4MPTNLtm;CDSm,1,0,25,24
4MPTNLtm;CHATn,1,0,25,24
4MPTNLtm;CHOLtn,1,0,25,24
4MPTNLtm;CITSUCCtm,1,0,25,24
4MPTNLtm;CITtn,1,0,25,24
4MPTNLtm;CTPtm,1,0,25,24
4MPTNLtm;DAGKm_hs,1,0,25,24
4MPTNLtm;DAG_Hstem,1,0,25,24
4MPTNLtm;DPCOAK,1,0,25,24
4MPTNLtm;GLCOASYNT,1,0,25,24
4MPTNLtm;H2Otm,1,0,25,24
4MPTNLtm;Htr,1,0,25,24
4MPTNLtm;ICDHyrm,1,0,25,24
4MPTNLtm;ICITCITtm,1,0,25,24
4MPTNLtm;L2AADPL2AADP6SAtm,1,0,25,24
4MPTNLtm;LYStm,1,0,25,24
4MPTNLtm;OAADC,1,0,25,24
4MPTNLtm;OAAtn,1,0,25,24
4MPTNLtm;OXALSUCCCLm,1,0,25,24
4MPTNLtm;OXOADLR,1,0,25,24
4MPTNLtm;PIt2m_2,1,0,25,24
4MPTNLtm;PItn,1,0,25,24
4MPTNLtm;PNTK,1,0,25,24
4MPTNLtm;PNTOte,1,0,25,24
4MPTNLtm;PPA,1,0,25,24
4MPTNLtm;PPCDC,1,0,25,24
4MPTNLtm;PPItm,1,0,25,24
4MPTNLtm;PPNCL2,1,0,25,24
4MPTNLtm;PTPAT,1,0,25,24
4MPTNLtm;PYRAKGte,1,0,25,24
4MPTNLtm;PYRFORte,1,0,25,24
4MPTNLtm;SACCD2,1,0,25,24
4MPTNLtm;TD2GLTRCOAm,1,0,25,24
5AOPtm;ACACFORte,1,0,25,24
5AOPtm;ACACPYRte,1,0,25,24
5AOPtm;ACCOAL2,0,1,26,23
5AOPtm;ACGAMPM,0,1,26,23
5AOPtm;ACOAS,0,1,26,23
5AOPtm;ACOD,1,1,25,23
5AOPtm;ACONTa,1,0,25,24
5AOPtm;ACONTam,0,1,26,23
5AOPtm;AKGACONtm,1,0,25,24
5AOPtm;AKGBUTte,1,0,25,24
5AOPtm;ALAt2r,1,0,25,24
5AOPtm;ATPS4m,1,0,25,24
5AOPtm;BDMT,0,1,26,23
5AOPtm;BUTt2r,1,0,25,24
5AOPtm;CAT,1,0,25,24
5AOPtm;CDPDAGtm,1,0,25,24
5AOPtm;CDSm,1,0,25,24
5AOPtm;CITMCOAHm,1,1,25,23
5AOPtm;CITMCOALm,1,1,25,23
5AOPtm;CITRt2m,0,1,26,23
5AOPtm;CITRtm,0,1,26,23
5AOPtm;CITtam,0,1,26,23
5AOPtm;CITtbm,0,1,26,23
5AOPtm;CSm,1,1,25,23
5AOPtm;CTPtm,1,0,25,24
5AOPtm;CYOOm2,1,0,25,24
5AOPtm;CYOR_u10m,1,0,25,24
5AOPtm;DAGKm_hs,1,0,25,24
5AOPtm;DAG_Hstem,1,0,25,24
5AOPtm;DHPR2,1,0,25,24
5AOPtm;DOLASNTer,0,1,26,23
5AOPtm;DOLDPPer,0,1,26,23
5AOPtm;DOLGLCP_ter,0,1,26,23
5AOPtm;DOLMANP_ter,0,1,26,23
5AOPtm;DOLPGT1er,0,1,26,23
5AOPtm;DOLPGT2er,0,1,26,23
5AOPtm;DOLPGT3er,0,1,26,23
5AOPtm;DOLPMT,0,1,26,23
5AOPtm;DOLPMT1er,0,1,26,23
5AOPtm;DOLPMT2_er,0,1,26,23
5AOPtm;DOLPMT3er,0,1,26,23
5AOPtm;DOLPMT4_er,0,1,26,23
5AOPtm;DOLP_ter,0,1,26,23
5AOPtm;FKYNH,1,0,25,24
5AOPtm;G12MT1,0,1,26,23
5AOPtm;G12MT2,0,1,26,23
5AOPtm;G13MT,0,1,26,23
5AOPtm;G16MT,0,1,26,23
5AOPtm;GLCNACPT,0,1,26,23
5AOPtm;GLCNACT,0,1,26,23
5AOPtm;GLCter,0,1,26,23
5AOPtm;GLYC3Ptmc,0,1,26,23
5AOPtm;H2Otg,0,2,26,22
5AOPtm;H2Otm,1,0,25,24
5AOPtm;HEX4,0,1,26,23
5AOPtm;Htg,0,2,26,22
5AOPtm;ICITCITtm,1,0,25,24
5AOPtm;ICITMALtm,1,0,25,24
5AOPtm;ITCOALm,1,1,25,23
5AOPtm;KYNAKGAT,1,0,25,24
5AOPtm;KYNATESYN,1,0,25,24
5AOPtm;KYNATEtr,1,0,25,24
5AOPtm;LEUTAm,0,1,26,23
5AOPtm;LEUt5m,0,1,26,23
5AOPtm;M13N2Tg,0,1,26,23
5AOPtm;M4MPDOL_ter,0,1,26,23
5AOPtm;M8MASNterg,0,1,26,23
5AOPtm;MAL_Lte,1,0,25,24
5AOPtm;MAN1PT2,0,1,26,23
5AOPtm;MAN6PI,0,1,26,23
5AOPtm;MANtg,0,1,26,23
5AOPtm;MDHm,1,1,25,23
5AOPtm;MG1er,0,1,26,23
5AOPtm;MG2er,0,1,26,23
5AOPtm;MG3er,0,1,26,23
5AOPtm;MM5ag,0,1,26,23
5AOPtm;MM6bg,0,1,26,23
5AOPtm;MM7Cag,0,1,26,23
5AOPtm;MM8Ag,0,1,26,23
5AOPtm;MTHFR3x,1,0,25,24
5AOPtm;NDP7g,0,2,26,22
5AOPtm;PCm,0,1,26,23
5AOPtm;PEPCKm,0,1,26,23
5AOPtm;PIt2m_2,1,0,25,24
5AOPtm;PItg,0,2,26,22
5AOPtm;PMANM,0,1,26,23
5AOPtm;PYRt2r,0,1,26,23
5AOPtm;PYRtm,1,0,25,24
5AOPtm;SUCOAS1m,0,1,26,23
5AOPtm;THBPT4ACAMDASE,1,0,25,24
5AOPtm;THRA,0,1,26,23
5AOPtm;TRPO2,1,0,25,24
5AOPtm;TYR3MO2,1,0,25,24
5AOPtm;UAGDP,0,1,26,23
5AOPtm;UDPDOLPT,0,1,26,23
5AOPtm;UGLCNACtg,0,1,26,23
5HLTDL;NCKt,1,0,25,24
5HLTDL;PRDX,1,0,25,24
5HTRPDOX;LDH_L,0,1,26,23
5HTRPDOX;NACDe,0,1,26,23
5HTRPDOX;NACPRT,0,1,26,23
5HTRPDOX;NCAMDe,0,1,26,23
5HTRPDOX;NMNDA,0,1,26,23
5HTRPDOX;NMNS,0,1,26,23
5MTHFt2;CAT,1,0,25,24
5MTHFt2;H2Oter,1,0,25,24
5MTHFt2;Htr,1,0,25,24
7DHCHSTEROLtr;AAPSAS,0,1,26,23
7DHCHSTEROLtr;AASAD3,0,1,26,23
7DHCHSTEROLtr;AATAi,0,1,26,23
7DHCHSTEROLtr;ACACT100m,0,3,26,21
7DHCHSTEROLtr;ACACT140m,0,3,26,21
7DHCHSTEROLtr;ACACT60m,0,3,26,21
7DHCHSTEROLtr;ACACT80m,0,3,26,21
7DHCHSTEROLtr;ACCOAL2,0,1,26,23
7DHCHSTEROLtr;ACITL,0,1,26,23
7DHCHSTEROLtr;ACOAD100m,0,3,26,21
7DHCHSTEROLtr;ACOAD140m,0,3,26,21
7DHCHSTEROLtr;ACOAD60m,0,3,26,21
7DHCHSTEROLtr;ACOAD80m,0,3,26,21
7DHCHSTEROLtr;ACOAHim,0,1,26,23
7DHCHSTEROLtr;ACOAS,0,1,26,23
7DHCHSTEROLtr;ACOATE100m,0,3,26,21
7DHCHSTEROLtr;ACt2m,0,1,26,23
7DHCHSTEROLtr;ADK3m,0,1,26,23
7DHCHSTEROLtr;AKGSUCCtm,0,2,26,22
7DHCHSTEROLtr;AMPt4,0,2,26,22
7DHCHSTEROLtr;ASPGLUm,0,1,26,23
7DHCHSTEROLtr;ASPTA,0,1,26,23
7DHCHSTEROLtr;ASPTAm,0,1,26,23
7DHCHSTEROLtr;BTCOACRNtm,0,3,26,21
7DHCHSTEROLtr;CHOLK,0,1,26,23
7DHCHSTEROLtr;CHOLtu,0,1,26,23
7DHCHSTEROLtr;CITSUCCtm,0,1,26,23
7DHCHSTEROLtr;CRNtim,0,1,26,23
7DHCHSTEROLtr;CSm,0,1,26,23
7DHCHSTEROLtr;ETHMALACc,0,3,26,21
7DHCHSTEROLtr;ETHMALACte,0,3,26,21
7DHCHSTEROLtr;ETHMALCOAc,0,3,26,21
7DHCHSTEROLtr;FACOAL100im,0,3,26,21
7DHCHSTEROLtr;FADFADH2tm,0,2,26,22
7DHCHSTEROLtr;FADRx2,0,2,26,22
7DHCHSTEROLtr;GHMT2rm,0,1,26,23
7DHCHSTEROLtr;GLCOASYNT,0,1,26,23
7DHCHSTEROLtr;GLUDxm,0,1,26,23
7DHCHSTEROLtr;GLUt2m,0,1,26,23
7DHCHSTEROLtr;GLYtm,0,1,26,23
7DHCHSTEROLtr;GTPGDPtm,0,1,26,23
7DHCHSTEROLtr;Htr,0,1,26,23
7DHCHSTEROLtr;L2AADPL2AADP6SAtm,0,1,26,23
7DHCHSTEROLtr;MTHFCm,0,1,26,23
7DHCHSTEROLtr;MTHFDm,0,1,26,23
7DHCHSTEROLtr;OXOADLR,0,1,26,23
7DHCHSTEROLtr;PIt2m_2,0,1,26,23
7DHCHSTEROLtr;PPA,0,1,26,23
7DHCHSTEROLtr;PPCOACRNtm,0,1,26,23
7DHCHSTEROLtr;PPCOAtm,0,1,26,23
7DHCHSTEROLtr;PPItm,0,1,26,23
7DHCHSTEROLtr;PROGLUtm,0,1,26,23
7DHCHSTEROLtr;PROtm,0,1,26,23
7DHCHSTEROLtr;PYRAKGte,0,1,26,23
7DHCHSTEROLtr;PYRt2r,0,1,26,23
7DHCHSTEROLtr;SACCD4m,0,1,26,23
7DHCHSTEROLtr;SERTm,0,1,26,23
7DHCHSTEROLtr;TD2GLTRCOAm,0,1,26,23
7DHCHSTEROLtr;TTDCPT1,0,3,26,21
7DHCHSTEROLtr;TTDCPT2,0,3,26,21
7DHCHSTEROLtr;TTDCRNt,0,3,26,21
AACTOOR;GLYtm,0,1,26,23
AACTtm;GLYtm,0,1,26,23
AAPSAS;ARTFR52,1,0,25,24
AAPSAS;ATPS4m,1,0,25,24
AAPSAS;CYP2R1,0,1,26,23
AAPSAS;DHCR242r,0,1,26,23
AAPSAS;FAE200,1,0,25,24
AAPSAS;FAE220,1,0,25,24
AAPSAS;FAE240,1,0,25,24
AAPSAS;FAE260,1,0,25,24
AAPSAS;FBA,0,1,26,23
AAPSAS;H2Oter,1,0,25,24
AAPSAS;H2Otm,1,0,25,24
AAPSAS;HACD200,1,0,25,24
AAPSAS;HACD220,1,0,25,24
AAPSAS;HACD240,1,0,25,24
AAPSAS;HACD260,1,0,25,24
AAPSAS;HEXCCOAtr,1,0,25,24
AAPSAS;HSD200,1,0,25,24
AAPSAS;HSD220,1,0,25,24
AAPSAS;HSD240,1,0,25,24
AAPSAS;HSD260,1,0,25,24
AAPSAS;HSD3B11,1,0,25,24
AAPSAS;LSTO2r,0,1,26,23
AAPSAS;P45011A1m,1,0,25,24
AAPSAS;PFK,0,1,26,23
AAPSAS;PGI,0,1,26,23
AAPSAS;PRGNLONEtm,1,0,25,24
AAPSAS;PRGSTRNt,1,0,25,24
AAPSAS;PVD3,0,1,26,23
AAPSAS;RTOT5,1,0,25,24
AAPSAS;TECR200,1,0,25,24
AAPSAS;TECR220,1,0,25,24
AAPSAS;TECR240,1,0,25,24
AAPSAS;TECR260,1,0,25,24
AAPSAS;THFtm,1,0,25,24
AAPSAS;UMPK5,1,0,25,24
AAPSAS;VD3,0,1,26,23
AASAD3;ARTFR52,1,0,25,24
AASAD3;ATPS4m,1,0,25,24
AASAD3;CYP2R1,0,1,26,23
AASAD3;DHCR242r,0,1,26,23
AASAD3;FAE200,1,0,25,24
AASAD3;FAE220,1,0,25,24
AASAD3;FAE240,1,0,25,24
AASAD3;FAE260,1,0,25,24
AASAD3;FBA,0,1,26,23
AASAD3;H2Oter,1,0,25,24
AASAD3;HACD200,1,0,25,24
AASAD3;HACD220,1,0,25,24
AASAD3;HACD240,1,0,25,24
AASAD3;HACD260,1,0,25,24
AASAD3;HEXCCOAtr,1,0,25,24
AASAD3;HSD200,1,0,25,24
AASAD3;HSD220,1,0,25,24
AASAD3;HSD240,1,0,25,24
AASAD3;HSD260,1,0,25,24
AASAD3;HSD3B11,1,0,25,24
AASAD3;LSTO2r,0,1,26,23
AASAD3;P45011A1m,1,0,25,24
AASAD3;PFK,0,1,26,23
AASAD3;PGI,0,1,26,23
AASAD3;PRGNLONEtm,1,0,25,24
AASAD3;PRGSTRNt,1,0,25,24
AASAD3;PVD3,0,1,26,23
AASAD3;RTOT5,1,0,25,24
AASAD3;TECR200,1,0,25,24
AASAD3;TECR220,1,0,25,24
AASAD3;TECR240,1,0,25,24
AASAD3;TECR260,1,0,25,24
AASAD3;UMPK5,1,0,25,24
AASAD3;VD3,0,1,26,23
AASAD3m;H2Otm,1,0,25,24
AASAD3m;THFtm,1,0,25,24
AATA;ARTFR52,1,0,25,24
AATA;ATPS4m,1,0,25,24
AATA;FAE200,1,0,25,24
AATA;FAE220,1,0,25,24
AATA;FAE240,1,0,25,24
AATA;FAE260,1,0,25,24
AATA;H2Oter,1,0,25,24
AATA;H2Otm,1,0,25,24
AATA;HACD200,1,0,25,24
AATA;HACD220,1,0,25,24
AATA;HACD240,1,0,25,24
AATA;HACD260,1,0,25,24
AATA;HEXCCOAtr,1,0,25,24
AATA;HSD200,1,0,25,24
AATA;HSD220,1,0,25,24
AATA;HSD240,1,0,25,24
AATA;HSD260,1,0,25,24
AATA;HSD3B11,1,0,25,24
AATA;P45011A1m,1,0,25,24
AATA;PRGNLONEtm,1,0,25,24
AATA;PRGSTRNt,1,0,25,24
AATA;RTOT5,1,0,25,24
AATA;TECR200,1,0,25,24
AATA;TECR220,1,0,25,24
AATA;TECR240,1,0,25,24
AATA;TECR260,1,0,25,24
AATA;THFtm,1,0,25,24
AATA;UMPK5,1,0,25,24
AATAi;CYP2R1,0,1,26,23
AATAi;DHCR242r,0,1,26,23
AATAi;FBA,0,1,26,23
AATAi;LSTO2r,0,1,26,23
AATAi;PFK,0,1,26,23
AATAi;PGI,0,1,26,23
AATAi;PVD3,0,1,26,23
AATAi;VD3,0,1,26,23
ACACFORte;ACHtn,1,0,25,24
ACACFORte;ACITLn,1,0,25,24
ACACFORte;ACONTa,1,0,25,24
ACACFORte;ACONTb,1,0,25,24
ACACFORte;ADPtn,1,0,25,24
ACACFORte;AKGDa1,1,0,25,24
ACACFORte;AKGDa2,1,0,25,24
ACACFORte;AKGDb,1,0,25,24
ACACFORte;AKGSUCCtm,1,0,25,24
ACACFORte;ALASm,1,0,25,24
ACACFORte;ALAt2r,1,0,25,24
ACACFORte;ARGCITRt2m,1,0,25,24
ACACFORte;ARGtm,1,0,25,24
ACACFORte;ATPS4m,1,0,25,24
ACACFORte;ATPtn,1,0,25,24
ACACFORte;BILDGLCURt5e,1,0,25,24
ACACFORte;BILDGLCURtr,1,0,25,24
ACACFORte;BILIRED,1,0,25,24
ACACFORte;BILIRUBtr,1,0,25,24
ACACFORte;CHATn,1,0,25,24
ACACFORte;CHOLtn,1,0,25,24
ACACFORte;CITRHIStm,1,0,25,24
ACACFORte;CITSUCCtm,1,0,25,24
ACACFORte;CITtn,1,0,25,24
ACACFORte;CLFORtex,0,1,26,23
ACACFORte;CO2tm,1,0,25,24
ACACFORte;COt,1,0,25,24
ACACFORte;CPPPGO,1,0,25,24
ACACFORte;DNAdeg,1,0,25,24
ACACFORte;FCLTm,1,0,25,24
ACACFORte;FE2tm,1,0,25,24
ACACFORte;GALU,1,0,25,24
ACACFORte;H2Oter,1,0,25,24
ACACFORte;H2Otn,1,0,25,24
ACACFORte;HCO3E,1,0,25,24
ACACFORte;HIStm,1,0,25,24
ACACFORte;HMBS,1,0,25,24
ACACFORte;HOXG,1,0,25,24
ACACFORte;Htr,1,0,25,24
ACACFORte;ICDHyrm,1,0,25,24
ACACFORte;ICITCITtm,1,0,25,24
ACACFORte;L_LACtcm,1,0,25,24
ACACFORte;L_LACtm,1,0,25,24
ACACFORte;MDH,1,0,25,24
ACACFORte;NADH2_u10m,1,0,25,24
ACACFORte;NDP7er,1,0,25,24
ACACFORte;OAAtn,1,0,25,24
ACACFORte;OXALSUCCCLm,1,0,25,24
ACACFORte;PGMT,1,0,25,24
ACACFORte;PHEMEtm,1,0,25,24
ACACFORte;PIMALtm,1,0,25,24
ACACFORte;PIt2m_2,1,0,25,24
ACACFORte;PIt7,1,0,25,24
ACACFORte;PIter,1,0,25,24
ACACFORte;PItn,1,0,25,24
ACACFORte;PPBNGS,1,0,25,24
ACACFORte;PPItm,1,0,25,24
ACACFORte;PPItn,1,0,25,24
ACACFORte;PPPG9tm,1,0,25,24
ACACFORte;PPPGOm,1,0,25,24
ACACFORte;SO3AKGtm,1,0,25,24
ACACFORte;SO3MALtm,1,0,25,24
ACACFORte;UDPGD,1,0,25,24
ACACFORte;UDPGLCAter,1,0,25,24
ACACFORte;UGT1A2r,1,0,25,24
ACACFORte;UPP3S,1,0,25,24
ACACFORte;UPPDC1,1,0,25,24
ACACLACte;ACACt2,0,1,26,23
ACACLACte;Htr,0,1,26,23
ACACLACte;LDH_L,0,1,26,23
ACACPYRte;ACGAM2E,0,2,26,22
ACACPYRte;ACGAM6PSi,0,2,26,22
ACACPYRte;ACGAMPM,0,2,26,22
ACACPYRte;ACGAMtly,0,2,26,22
ACACPYRte;ACHtn,1,0,25,24
ACACPYRte;ACITLn,1,0,25,24
ACACPYRte;ACNAMlt,0,1,26,23
ACACPYRte;ACNMLr,0,2,26,22
ACACPYRte;ACONTa,1,0,25,24
ACACPYRte;ACONTb,1,0,25,24
ACACPYRte;ADPtn,1,0,25,24
ACACPYRte;ADSK,0,2,26,22
ACACPYRte;AKGDa1,1,0,25,24
ACACPYRte;AKGDa2,1,0,25,24
ACACPYRte;AKGDb,1,0,25,24
ACACPYRte;AKGSUCCtm,1,0,25,24
ACACPYRte;ALASm,1,0,25,24
ACACPYRte;ALAt2r,2,0,24,24
ACACPYRte;AMID6,0,1,26,23
ACACPYRte;ARGCITRt2m,1,0,25,24
ACACPYRte;ARGtm,1,0,25,24
ACACPYRte;ASCBt5,0,1,26,23
ACACPYRte;ASCBtr,0,2,26,22
ACACPYRte;ATPtn,1,0,25,24
ACACPYRte;B3GNT310g,0,1,26,23
ACACPYRte;B3GNT39g,0,1,26,23
ACACPYRte;B3GNT51g,0,1,26,23
ACACPYRte;BILDGLCURt5e,1,0,25,24
ACACPYRte;BILDGLCURtr,1,0,25,24
ACACPYRte;BILIRED,1,0,25,24
ACACPYRte;BILIRUBtr,1,0,25,24
ACACPYRte;BPNT,0,2,26,22
ACACPYRte;CERT2gt,0,1,26,23
ACACPYRte;CHATn,1,0,25,24
ACACPYRte;CHOLtn,1,0,25,24
ACACPYRte;CITRHIStm,1,0,25,24
ACACPYRte;CITSUCCtm,1,0,25,24
ACACPYRte;CITtn,1,0,25,24
ACACPYRte;CLFORtex,0,1,26,23
ACACPYRte;CMPACNAtg,0,2,26,22
ACACPYRte;CMPSAS,0,2,26,22
ACACPYRte;CO2tm,1,0,25,24
ACACPYRte;COt,1,0,25,24
ACACPYRte;CPPPGO,1,0,25,24
ACACPYRte;DHAAt1r,0,1,26,23
ACACPYRte;DNAdeg,1,0,25,24
ACACPYRte;DOPABMO,0,1,26,23
ACACPYRte;FCLTm,1,0,25,24
ACACPYRte;FE2tm,1,0,25,24
ACACPYRte;FUCACNGAL14ACGLCGALGLUSIDEte,0,1,26,23
ACACPYRte;FUCACNGAL14ACGLCGALGLUSIDEtg,0,1,26,23
ACACPYRte;FUT92g,0,1,26,23
ACACPYRte;GALASE17ly,0,1,26,23
ACACPYRte;GALASE18ly,0,1,26,23
ACACPYRte;GALASE19ly,0,1,26,23
ACACPYRte;GALK,0,1,26,23
ACACPYRte;GALM2,0,1,26,23
ACACPYRte;GALNTg,0,1,26,23
ACACPYRte;GALU,1,2,25,22
ACACPYRte;GALtly,0,1,26,23
ACACPYRte;GDPFUCtg,0,2,26,22
ACACPYRte;GDPtg,0,2,26,22
ACACPYRte;GF6PTA,0,2,26,22
ACACPYRte;GFUCS,0,1,26,23
ACACPYRte;GFUCSx,0,1,26,23
ACACPYRte;GLACter,0,2,26,22
ACACPYRte;GLCURter,0,2,26,22
ACACPYRte;GLCURtly,0,2,26,22
ACACPYRte;GLRASE,0,2,26,22
ACACPYRte;GMAND,0,2,26,22
ACACPYRte;GMPtg,0,2,26,22
ACACPYRte;GPAT,0,1,26,23
ACACPYRte;GULLACter,0,2,26,22
ACACPYRte;GULOer,0,2,26,22
ACACPYRte;H2O2t,0,1,26,23
ACACPYRte;H2O2ter,0,2,26,22
ACACPYRte;H2Oter,1,0,25,24
ACACPYRte;H2Otg,0,2,26,22
ACACPYRte;H2Otly,0,2,26,22
ACACPYRte;H2Otn,1,0,25,24
ACACPYRte;HAS1,0,2,26,22
ACACPYRte;HAS2,0,2,26,22
ACACPYRte;HAtly,0,2,26,22
ACACPYRte;HCO3E,1,0,25,24
ACACPYRte;HEX1,0,1,26,23
ACACPYRte;HIStm,1,0,25,24
ACACPYRte;HMBS,1,0,25,24
ACACPYRte;HOXG,1,0,25,24
ACACPYRte;HYAL,0,2,26,22
ACACPYRte;Htg,0,2,26,22
ACACPYRte;Htr,1,1,25,23
ACACPYRte;ICDHyrm,1,0,25,24
ACACPYRte;ICITCITtm,1,0,25,24
ACACPYRte;LDH_L,0,1,26,23
ACACPYRte;MAN1PT2,0,2,26,22
ACACPYRte;MAN6PI,0,2,26,22
ACACPYRte;MDH,1,0,25,24
ACACPYRte;METDECARc,1,0,25,24
ACACPYRte;METTRANSc,1,0,25,24
ACACPYRte;NACHEX24ly,0,1,26,23
ACACPYRte;NACHEX25ly,0,1,26,23
ACACPYRte;NAGA2ly,0,1,26,23
ACACPYRte;NAGLCAly,0,1,26,23
ACACPYRte;NDP7er,1,0,25,24
ACACPYRte;NDP7g,0,2,26,22
ACACPYRte;NMNS,0,1,26,23
ACACPYRte;OAAtn,1,0,25,24
ACACPYRte;OXALSUCCCLm,1,0,25,24
ACACPYRte;PAPStg,0,2,26,22
ACACPYRte;PAPtg,0,2,26,22
ACACPYRte;PGI,0,1,26,23
ACACPYRte;PGMT,1,2,25,22
ACACPYRte;PHEMEtm,1,0,25,24
ACACPYRte;PIMALtm,1,0,25,24
ACACPYRte;PIt7,1,0,25,24
ACACPYRte;PIter,1,0,25,24
ACACPYRte;PItg,0,2,26,22
ACACPYRte;PItn,1,0,25,24
ACACPYRte;PMANM,0,2,26,22
ACACPYRte;PPBNGS,1,0,25,24
ACACPYRte;PPItm,1,0,25,24
ACACPYRte;PPItn,1,0,25,24
ACACPYRte;PPPG9tm,1,0,25,24
ACACPYRte;PPPGOm,1,0,25,24
ACACPYRte;S6TASE24ly,0,1,26,23
ACACPYRte;SADT,0,2,26,22
ACACPYRte;SO3AKGtm,1,0,25,24
ACACPYRte;SO3MALtm,1,0,25,24
ACACPYRte;SO4tl,0,2,26,22
ACACPYRte;ST3GAL61g,0,1,26,23
ACACPYRte;Ser/Thrtg,0,1,26,23
ACACPYRte;TYRDOPO,0,1,26,23
ACACPYRte;UAGDP,0,2,26,22
ACACPYRte;UDPACGALtl,0,1,26,23
ACACPYRte;UDPG4E,0,1,26,23
ACACPYRte;UDPGALtg,0,2,26,22
ACACPYRte;UDPGD,1,2,25,22
ACACPYRte;UDPGLCAter,1,0,25,24
ACACPYRte;UDPtl,0,1,26,23
ACACPYRte;UGALNACtg,0,1,26,23
ACACPYRte;UGCGc,0,1,26,23
ACACPYRte;UGLCNACtg,0,2,26,22
ACACPYRte;UGLT,0,1,26,23
ACACPYRte;UGT1A2r,1,0,25,24
ACACPYRte;UPP3S,1,0,25,24
ACACPYRte;UPPDC1,1,0,25,24
ACACPYRte;UROLACer,0,2,26,22
ACACT100m;ACOAD8m,0,2,26,22
ACACT100m;C3STDH1Pr,0,1,26,23
ACACT100m;C4STMO2Pr,0,1,26,23
ACACT100m;CO2tm,0,1,26,23
ACACT100m;CYP2R1,0,2,26,22
ACACT100m;DHCR241r,0,1,26,23
ACACT100m;DHCR242r,0,1,26,23
ACACT100m;DHFR,0,1,26,23
ACACT100m;DHFRm,0,1,26,23
ACACT100m;DHFtm,0,1,26,23
ACACT100m;DHRT_ivcoa,0,2,26,22
ACACT100m;DLD,0,2,26,22
ACACT100m;EBP2r,0,1,26,23
ACACT100m;FUMm,0,1,26,23
ACACT100m;H2O2t,0,1,26,23
ACACT100m;HCO3Em,0,2,26,22
ACACT100m;Htr,0,2,26,22
ACACT100m;ILEOX,0,1,26,23
ACACT100m;ILETA,0,1,26,23
ACACT100m;LEUTA,0,2,26,22
ACACT100m;LSTO2r,0,2,26,22
ACACT100m;MCCCm,0,2,26,22
ACACT100m;METOX,0,1,26,23
ACACT100m;MGCHrm,0,2,26,22
ACACT100m;MOD_3mhop,0,2,26,22
ACACT100m;PHEOX,0,1,26,23
ACACT100m;PHETA1,0,1,26,23
ACACT100m;PVD3,0,3,26,21
ACACT100m;PYRtm,0,1,26,23
ACACT100m;UNK3,0,1,26,23
ACACT100m;VD3,0,3,26,21
ACACT100m;VITD3Hm,0,1,26,23
ACACT100m;VITD3tm,0,1,26,23
ACACT121n6m;C3STDH1Pr,0,1,26,23
ACACT121n6m;C4STMO2Pr,0,1,26,23
ACACT121n6m;DHFR,0,1,26,23
ACACT121n6m;DHFRm,0,1,26,23
ACACT121n6m;DHFtm,0,1,26,23
ACACT140m;ACOAD8m,0,2,26,22
ACACT140m;CO2tm,0,1,26,23
ACACT140m;CYP2R1,0,2,26,22
ACACT140m;DHCR241r,0,1,26,23
ACACT140m;DHCR242r,0,1,26,23
ACACT140m;DHRT_ivcoa,0,2,26,22
ACACT140m;DLD,0,2,26,22
ACACT140m;EBP2r,0,1,26,23
ACACT140m;FUMm,0,1,26,23
ACACT140m;H2O2t,0,1,26,23
ACACT140m;HCO3Em,0,2,26,22
ACACT140m;Htr,0,1,26,23
ACACT140m;ILEOX,0,1,26,23
ACACT140m;ILETA,0,1,26,23
ACACT140m;LEUTA,0,2,26,22
ACACT140m;LSTO2r,0,2,26,22
ACACT140m;MCCCm,0,2,26,22
ACACT140m;METOX,0,1,26,23
ACACT140m;MGCHrm,0,2,26,22
ACACT140m;MOD_3mhop,0,2,26,22
ACACT140m;PHEOX,0,1,26,23
ACACT140m;PHETA1,0,1,26,23
ACACT140m;PVD3,0,3,26,21
ACACT140m;PYRtm,0,1,26,23
ACACT140m;UNK3,0,1,26,23
ACACT140m;VD3,0,3,26,21
ACACT140m;VITD3Hm,0,1,26,23
ACACT140m;VITD3tm,0,1,26,23
ACACT142n6m;C3STDH1Pr,0,1,26,23
ACACT142n6m;C4STMO2Pr,0,1,26,23
ACACT142n6m;DHFR,0,1,26,23
ACACT142n6m;DHFRm,0,1,26,23
ACACT142n6m;DHFtm,0,1,26,23
ACACT162n6m;C3STDH1Pr,0,1,26,23
ACACT162n6m;C4STMO2Pr,0,1,26,23
ACACT162n6m;DHFR,0,1,26,23
ACACT162n6m;DHFRm,0,1,26,23
ACACT162n6m;DHFtm,0,1,26,23
ACACT180m;CITRt2m,0,1,26,23
ACACT183n6m;C3STDH1Pr,0,1,26,23
ACACT183n6m;C4STMO2Pr,0,1,26,23
ACACT183n6m;DHFR,0,1,26,23
ACACT183n6m;DHFRm,0,1,26,23
ACACT183n6m;DHFtm,0,1,26,23
ACACT1rm;ACOA40ORm,0,1,26,23
ACACT1rm;ACOAD8m,0,2,26,22
ACACT1rm;AMPt4,0,1,26,23
ACACT1rm;DHRT_ivcoa,0,2,26,22
ACACT1rm;DLD,0,2,26,22
ACACT1rm;ECOAH1m,0,1,26,23
ACACT1rm;HACD1m,0,1,26,23
ACACT1rm;HCO3Em,0,2,26,22
ACACT1rm;ILEOX,0,1,26,23
ACACT1rm;ILETA,0,1,26,23
ACACT1rm;LEUTA,0,2,26,22
ACACT1rm;MCCCm,0,2,26,22
ACACT1rm;MGCHrm,0,2,26,22
ACACT1rm;MOD_3mhop,0,2,26,22
ACACT1rm;THRA,1,0,25,24
ACACT200m;CITRt2m,0,1,26,23
ACACT204n6m;C3STDH1Pr,0,1,26,23
ACACT204n6m;C4STMO2Pr,0,1,26,23
ACACT204n6m;DHFR,0,1,26,23
ACACT204n6m;DHFRm,0,1,26,23
ACACT204n6m;DHFtm,0,1,26,23
ACACT224n6m;C3STDH1Pr,0,1,26,23
ACACT224n6m;C4STMO2Pr,0,1,26,23
ACACT224n6m;DHFR,0,1,26,23
ACACT224n6m;DHFRm,0,1,26,23
ACACT224n6m;DHFtm,0,1,26,23
ACACT224n6p;C2tcx,1,0,25,24
ACACT224n6p;C3STDH1Pr,0,1,26,23
ACACT224n6p;C4STMO2Pr,0,1,26,23
ACACT224n6p;CRNrtx,1,0,25,24
ACACT224n6p;CSNATp,1,0,25,24
ACACT224n6p;CSNATr,1,0,25,24
ACACT224n6p;DHFR,0,1,26,23
ACACT224n6p;DHFRm,0,1,26,23
ACACT224n6p;DHFtm,0,1,26,23
ACACT224n6p;H2Oter,2,0,24,24
ACACT224n6p;H2Otp,1,0,25,24
ACACT224n6p;Htr,2,2,24,22
ACACT224n6p;PRDX,1,0,25,24
ACACT60m;ACOAD8m,0,2,26,22
ACACT60m;C3STDH1Pr,0,1,26,23
ACACT60m;C4STMO2Pr,0,1,26,23
ACACT60m;CO2tm,0,1,26,23
ACACT60m;CYP2R1,0,2,26,22
ACACT60m;DHCR241r,0,1,26,23
ACACT60m;DHCR242r,0,1,26,23
ACACT60m;DHFR,0,1,26,23
ACACT60m;DHFRm,0,1,26,23
ACACT60m;DHFtm,0,1,26,23
ACACT60m;DHRT_ivcoa,0,2,26,22
ACACT60m;DLD,0,2,26,22
ACACT60m;EBP2r,0,1,26,23
ACACT60m;FUMm,0,1,26,23
ACACT60m;GTHRDt,0,1,26,23
ACACT60m;H2O2t,0,1,26,23
ACACT60m;HCO3Em,0,2,26,22
ACACT60m;Htr,0,2,26,22
ACACT60m;ILEOX,0,1,26,23
ACACT60m;ILETA,0,1,26,23
ACACT60m;LEUTA,0,2,26,22
ACACT60m;LSTO2r,0,2,26,22
ACACT60m;MCCCm,0,2,26,22
ACACT60m;METOX,0,1,26,23
ACACT60m;MGCHrm,0,2,26,22
ACACT60m;MOD_3mhop,0,2,26,22
ACACT60m;PHEOX,0,1,26,23
ACACT60m;PHETA1,0,1,26,23
ACACT60m;PIGTHRDLtm,0,1,26,23
ACACT60m;PIMALtm,0,1,26,23
ACACT60m;PVD3,0,3,26,21
ACACT60m;PYRtm,0,1,26,23
ACACT60m;SO3AKGtm,0,1,26,23
ACACT60m;SO3MALtm,0,1,26,23
ACACT60m;UNK3,0,1,26,23
ACACT60m;VD3,0,3,26,21
ACACT60m;VITD3Hm,0,1,26,23
ACACT60m;VITD3tm,0,1,26,23
ACACT80m;ACOAD8m,0,2,26,22
ACACT80m;C3STDH1Pr,0,1,26,23
ACACT80m;C4STMO2Pr,0,1,26,23
ACACT80m;CO2tm,0,1,26,23
ACACT80m;CYP2R1,0,2,26,22
ACACT80m;DHCR241r,0,1,26,23
ACACT80m;DHCR242r,0,1,26,23
ACACT80m;DHFR,0,1,26,23
ACACT80m;DHFRm,0,1,26,23
ACACT80m;DHFtm,0,1,26,23
ACACT80m;DHRT_ivcoa,0,2,26,22
ACACT80m;DLD,0,2,26,22
ACACT80m;EBP2r,0,1,26,23
ACACT80m;FUMm,0,1,26,23
ACACT80m;GTHRDt,0,1,26,23
ACACT80m;H2O2t,0,1,26,23
ACACT80m;HCO3Em,0,2,26,22
ACACT80m;Htr,0,2,26,22
ACACT80m;ILEOX,0,1,26,23
ACACT80m;ILETA,0,1,26,23
ACACT80m;LEUTA,0,2,26,22
ACACT80m;LSTO2r,0,2,26,22
ACACT80m;MCCCm,0,2,26,22
ACACT80m;METOX,0,1,26,23
ACACT80m;MGCHrm,0,2,26,22
ACACT80m;MOD_3mhop,0,2,26,22
ACACT80m;PHEOX,0,1,26,23
ACACT80m;PHETA1,0,1,26,23
ACACT80m;PIGTHRDLtm,0,1,26,23
ACACT80m;PIMALtm,0,1,26,23
ACACT80m;PVD3,0,3,26,21
ACACT80m;PYRtm,0,1,26,23
ACACT80m;SO3AKGtm,0,1,26,23
ACACT80m;SO3MALtm,0,1,26,23
ACACT80m;UNK3,0,1,26,23
ACACT80m;VD3,0,3,26,21
ACACT80m;VITD3Hm,0,1,26,23
ACACT80m;VITD3tm,0,1,26,23
ACACt2;L_LACt2r,0,1,26,23
ACALDt;DHFR,1,0,25,24
ACALDt;DHFRx,1,0,25,24
ACALDt;DHFtm,1,0,25,24
ACALDt;THFtm,1,0,25,24
ACBUTte;H2Oter,1,0,25,24
ACCOAL2;ACHtn,2,6,24,18
ACCOAL2;ACITL,0,2,26,22
ACCOAL2;ACITLn,2,6,24,18
ACCOAL2;ACONTa,2,7,24,17
ACCOAL2;ACONTb,2,9,24,15
ACCOAL2;ADKd,0,1,26,23
ACCOAL2;ADNK1,0,1,26,23
ACCOAL2;ADPtn,2,6,24,18
ACCOAL2;AHC,0,1,26,23
ACCOAL2;AKGDa1,0,1,26,23
ACCOAL2;AKGDa2,0,1,26,23
ACCOAL2;AKGDb,0,1,26,23
ACCOAL2;AKGICITtm,0,1,26,23
ACCOAL2;AKGMALtm,0,1,26,23
ACCOAL2;AKGSUCCtm,2,1,24,23
ACCOAL2;ALASm,0,1,26,23
ACCOAL2;ALAt2r,1,1,25,23
ACCOAL2;AMID6,0,1,26,23
ACCOAL2;ATPtn,2,6,24,18
ACCOAL2;BILIRUBt2,0,1,26,23
ACCOAL2;CHAT,2,6,24,18
ACCOAL2;CHATn,2,6,24,18
ACCOAL2;CHOLtn,2,6,24,18
ACCOAL2;CITSUCCtm,2,2,24,22
ACCOAL2;CITtn,2,6,24,18
ACCOAL2;COt,0,1,26,23
ACCOAL2;CPPPGO,0,1,26,23
ACCOAL2;CYP2R1,0,1,26,23
ACCOAL2;CYSTGL,0,1,26,23
ACCOAL2;CYSTS,0,1,26,23
ACCOAL2;DHCR241r,0,1,26,23
ACCOAL2;DLD,0,1,26,23
ACCOAL2;EBP2r,0,1,26,23
ACCOAL2;ENO,0,1,26,23
ACCOAL2;FBA,1,0,25,24
ACCOAL2;FCLTm,0,1,26,23
ACCOAL2;FE2tm,0,1,26,23
ACCOAL2;FUM,0,1,26,23
ACCOAL2;GAPD,0,1,26,23
ACCOAL2;GHMT2r,0,1,26,23
ACCOAL2;GLUt2m,0,1,26,23
ACCOAL2;GLYLYSCYSr,0,1,26,23
ACCOAL2;GLYLYSCYSt,0,1,26,23
ACCOAL2;GPAT,0,1,26,23
ACCOAL2;H2O2t,0,1,26,23
ACCOAL2;HMBS,0,1,26,23
ACCOAL2;HOXG,0,1,26,23
ACCOAL2;Htr,0,1,26,23
ACCOAL2;ICDHxrm,0,1,26,23
ACCOAL2;ICDHyr,0,3,26,21
ACCOAL2;ICDHyrm,2,5,24,19
ACCOAL2;ICITCITtm,2,2,24,22
ACCOAL2;ICITMALtm,0,3,26,21
ACCOAL2;LSTO2r,0,1,26,23
ACCOAL2;MCITS,0,1,26,23
ACCOAL2;MDH,2,2,24,22
ACCOAL2;METAT,0,1,26,23
ACCOAL2;METOX,0,2,26,22
ACCOAL2;NDPK1,0,1,26,23
ACCOAL2;OAADC,0,3,26,21
ACCOAL2;OAAtn,2,6,24,18
ACCOAL2;OBDHc,0,1,26,23
ACCOAL2;OXALSUCCCL,0,3,26,21
ACCOAL2;OXALSUCCCLm,2,6,24,18
ACCOAL2;PFK2,1,0,25,24
ACCOAL2;PGK,0,1,26,23
ACCOAL2;PGM,0,1,26,23
ACCOAL2;PHEMEtm,0,1,26,23
ACCOAL2;PIMALtm,0,2,26,22
ACCOAL2;PIt2m_2,0,1,26,23
ACCOAL2;PItn,2,6,24,18
ACCOAL2;PPBNGS,0,1,26,23
ACCOAL2;PPPG9tm,0,1,26,23
ACCOAL2;PPPGOm,0,1,26,23
ACCOAL2;PVD3,0,1,26,23
ACCOAL2;PYK6,0,1,26,23
ACCOAL2;SERt4,0,1,26,23
ACCOAL2;SO3AKGtm,0,1,26,23
ACCOAL2;SO3MALtm,0,1,26,23
ACCOAL2;SO4AKGtm,0,1,26,23
ACCOAL2;SO4MALtm,0,1,26,23
ACCOAL2;SUCCICITtm,0,1,26,23
ACCOAL2;UNK3,0,2,26,22
ACCOAL2;UPP3S,0,1,26,23
ACCOAL2;UPPDC1,0,1,26,23
ACCOAL2;VD3,0,1,26,23
ACGAM2E;AMID6,0,1,26,23
ACGAM2E;CDPDAGtm,1,0,25,24
ACGAM2E;CDSm,1,0,25,24
ACGAM2E;CTPtm,1,0,25,24
ACGAM2E;DAGKm_hs,1,0,25,24
ACGAM2E;DAG_Hstem,1,0,25,24
ACGAM2E;DPCOAK,1,0,25,24
ACGAM2E;GPAT,0,1,26,23
ACGAM2E;HEX12,0,1,26,23
ACGAM2E;KCC2t,0,1,26,23
ACGAM2E;MAL_Lte,1,0,25,24
ACGAM2E;MAN1PT2,0,1,26,23
ACGAM2E;MAN6PI,0,1,26,23
ACGAM2E;METDECARc,0,1,26,23
ACGAM2E;METTRANSc,0,1,26,23
ACGAM2E;NDPK8,2,0,24,24
ACGAM2E;PMANM,0,1,26,23
ACGAM2E;PNTK,1,0,25,24
ACGAM2E;PNTOte,1,0,25,24
ACGAM2E;PPCDC,1,0,25,24
ACGAM2E;PPItm,1,0,25,24
ACGAM2E;PPNCL2,1,0,25,24
ACGAM2E;PTPAT,1,0,25,24
ACGAM2E;TPI,2,0,24,24
ACGAM6PSi;ACGAMK,0,1,26,23
ACGAM6PSi;ACGAMtly,0,1,26,23
ACGAM6PSi;AMID6,0,1,26,23
ACGAM6PSi;ASAH1,0,1,26,23
ACGAM6PSi;ASCBtr,0,1,26,23
ACGAM6PSi;CDPDAGtm,1,0,25,24
ACGAM6PSi;CDSm,1,0,25,24
ACGAM6PSi;CHOLPtl,0,1,26,23
ACGAM6PSi;CTPtm,1,0,25,24
ACGAM6PSi;CYTK1,2,2,24,22
ACGAM6PSi;CYTK3,1,0,25,24
ACGAM6PSi;DAGKm_hs,1,0,25,24
ACGAM6PSi;DAG_Hstem,1,0,25,24
ACGAM6PSi;DHAAt1r,0,1,26,23
ACGAM6PSi;DHFRx,0,1,26,23
ACGAM6PSi;DHFtm,0,1,26,23
ACGAM6PSi;DOPABMO,0,1,26,23
ACGAM6PSi;DPCOAK,1,0,25,24
ACGAM6PSi;GLACter,0,1,26,23
ACGAM6PSi;GLCURter,0,1,26,23
ACGAM6PSi;GLCURtly,0,1,26,23
ACGAM6PSi;GLRASE,0,1,26,23
ACGAM6PSi;GPAT,0,1,26,23
ACGAM6PSi;GULLACter,0,1,26,23
ACGAM6PSi;GULOer,0,1,26,23
ACGAM6PSi;H2O2t,0,1,26,23
ACGAM6PSi;H2O2ter,0,1,26,23
ACGAM6PSi;H2Otly,0,1,26,23
ACGAM6PSi;HAS1,0,1,26,23
ACGAM6PSi;HAS2,0,1,26,23
ACGAM6PSi;HAtly,0,1,26,23
ACGAM6PSi;HCO3E,1,0,25,24
ACGAM6PSi;HEX12,0,1,26,23
ACGAM6PSi;HYAL,0,1,26,23
ACGAM6PSi;Htr,0,1,26,23
ACGAM6PSi;KCC2t,0,1,26,23
ACGAM6PSi;MAL_Lte,2,1,24,23
ACGAM6PSi;METDECARc,0,1,26,23
ACGAM6PSi;METTRANSc,0,1,26,23
ACGAM6PSi;NDPK8,2,0,24,24
ACGAM6PSi;PFK2,0,1,26,23
ACGAM6PSi;PGI,0,1,26,23
ACGAM6PSi;PNTK,1,0,25,24
ACGAM6PSi;PNTOte,1,0,25,24
ACGAM6PSi;PPCDC,1,0,25,24
ACGAM6PSi;PPItm,1,0,25,24
ACGAM6PSi;PPNCL2,1,0,25,24
ACGAM6PSi;PTPAT,1,0,25,24
ACGAM6PSi;PYK,1,0,25,24
ACGAM6PSi;R5Ptr,2,2,24,22
ACGAM6PSi;RPI,0,1,26,23
ACGAM6PSi;RPIr,2,2,24,22
ACGAM6PSi;RU5Ptr,2,2,24,22
ACGAM6PSi;R_group_phosphotase_1,0,1,26,23
ACGAM6PSi;Rtotaltl,0,1,26,23
ACGAM6PSi;SMPD3l,0,1,26,23
ACGAM6PSi;SPHINGStl,0,1,26,23
ACGAM6PSi;SPHK21c,0,1,26,23
ACGAM6PSi;SPHMYLNtl,0,1,26,23
ACGAM6PSi;SPHS1Pte,0,1,26,23
ACGAM6PSi;TPI,3,0,23,24
ACGAM6PSi;TYRDOPO,0,1,26,23
ACGAM6PSi;UDPGD,0,1,26,23
ACGAM6PSi;UROLACer,0,1,26,23
ACGAMK;GF6PTA,0,1,26,23
ACGAMK;H2Otg,0,1,26,23
ACGAMK;Htg,0,1,26,23
ACGAMK;Htr,1,0,25,24
ACGAMK;NDP7g,0,1,26,23
ACGAMK;PItg,0,1,26,23
ACGAMK;UMPK5,0,1,26,23
ACGAMPM;AKGDa1,0,1,26,23
ACGAMPM;AKGDa2,0,1,26,23
ACGAMPM;AKGDb,0,1,26,23
ACGAMPM;ALASm,0,1,26,23
ACGAMPM;AMID6,0,1,26,23
ACGAMPM;ATP1ter,0,1,26,23
ACGAMPM;BILDGLUCRabc,0,1,26,23
ACGAMPM;BILIRUBtr,0,1,26,23
ACGAMPM;CDPDAGtm,1,0,25,24
ACGAMPM;CDSm,1,0,25,24
ACGAMPM;COt,0,1,26,23
ACGAMPM;CPPPGO,0,1,26,23
ACGAMPM;CTPtm,1,0,25,24
ACGAMPM;CYTK1,2,1,24,23
ACGAMPM;CYTK3,1,0,25,24
ACGAMPM;DAGKm_hs,1,0,25,24
ACGAMPM;DAG_Hstem,1,0,25,24
ACGAMPM;DHFRx,0,1,26,23
ACGAMPM;DHFtm,0,1,26,23
ACGAMPM;DPCOAK,1,0,25,24
ACGAMPM;FCLTm,0,1,26,23
ACGAMPM;FE2tm,0,1,26,23
ACGAMPM;GLUt2m,0,1,26,23
ACGAMPM;GPAT,0,1,26,23
ACGAMPM;HCO3E,1,0,25,24
ACGAMPM;HEX12,0,1,26,23
ACGAMPM;HMBS,0,1,26,23
ACGAMPM;HOXG,0,1,26,23
ACGAMPM;Htr,2,1,24,23
ACGAMPM;MAL_Lte,2,0,24,24
ACGAMPM;METDECARc,0,1,26,23
ACGAMPM;METTRANSc,0,1,26,23
ACGAMPM;NDP7er,0,1,26,23
ACGAMPM;NDPK8,2,0,24,24
ACGAMPM;PFK2,0,1,26,23
ACGAMPM;PGI,0,1,26,23
ACGAMPM;PNTK,1,0,25,24
ACGAMPM;PNTOte,1,0,25,24
ACGAMPM;PPAer,0,1,26,23
ACGAMPM;PPBNGS,0,1,26,23
ACGAMPM;PPCDC,1,0,25,24
ACGAMPM;PPIPItr,0,1,26,23
ACGAMPM;PPItm,1,0,25,24
ACGAMPM;PPNCL2,1,0,25,24
ACGAMPM;PPPG9tm,0,1,26,23
ACGAMPM;PPPGOm,0,1,26,23
ACGAMPM;PTPAT,1,0,25,24
ACGAMPM;PYK,1,0,25,24
ACGAMPM;R5Ptr,2,1,24,23
ACGAMPM;RPI,0,1,26,23
ACGAMPM;RPIr,2,1,24,23
ACGAMPM;RU5Ptr,2,1,24,23
ACGAMPM;TPI,3,0,23,24
ACGAMPM;UDPGCURtr,0,1,26,23
ACGAMPM;UDPGD,0,1,26,23
ACGAMPM;UGT1A2r,0,1,26,23
ACGAMPM;UMPK5,0,1,26,23
ACGAMPM;UMPtr,0,1,26,23
ACGAMPM;UPP3S,0,1,26,23
ACGAMPM;UPPDC1,0,1,26,23
ACGAMtly;AMID6,0,1,26,23
ACGAMtly;CDPDAGtm,1,0,25,24
ACGAMtly;CDSm,1,0,25,24
ACGAMtly;CTPtm,1,0,25,24
ACGAMtly;CYSGLTH,0,1,26,23
ACGAMtly;CYSRED,0,1,26,23
ACGAMtly;DAGKm_hs,1,0,25,24
ACGAMtly;DAG_Hstem,1,0,25,24
ACGAMtly;DPCOAK,1,0,25,24
ACGAMtly;GF6PTA,0,1,26,23
ACGAMtly;GPAT,0,1,26,23
ACGAMtly;GTHP,0,1,26,23
ACGAMtly;H2Otg,0,1,26,23
ACGAMtly;HEX12,0,1,26,23
ACGAMtly;Htg,0,1,26,23
ACGAMtly;Htr,1,0,25,24
ACGAMtly;KCC2t,0,1,26,23
ACGAMtly;MAL_Lte,1,0,25,24
ACGAMtly;MAN1PT2,0,2,26,22
ACGAMtly;MAN6PI,0,2,26,22
ACGAMtly;METDECARc,0,1,26,23
ACGAMtly;METTRANSc,0,1,26,23
ACGAMtly;NDP7g,0,1,26,23
ACGAMtly;NDPK8,2,0,24,24
ACGAMtly;PItg,0,1,26,23
ACGAMtly;PMANM,0,2,26,22
ACGAMtly;PNTK,1,0,25,24
ACGAMtly;PNTOte,1,0,25,24
ACGAMtly;PPCDC,1,0,25,24
ACGAMtly;PPItm,1,0,25,24
ACGAMtly;PPNCL2,1,0,25,24
ACGAMtly;PTPAT,1,0,25,24
ACGAMtly;TPI,2,0,24,24
ACGAMtly;UGLCNACtg,0,1,26,23
ACGAMtly;UMPK5,0,1,26,23
ACGLYtc;AKGSUCCtm,1,0,25,24
ACGLYtc;ATPS4m,2,0,24,24
ACGLYtc;CAT,1,0,25,24
ACGLYtc;CYOOm2,2,0,24,24
ACGLYtc;CYOR_u10m,2,0,24,24
ACGLYtc;DHFR,1,0,25,24
ACGLYtc;DHFRx,1,0,25,24
ACGLYtc;DHFtm,1,0,25,24
ACGLYtc;DHPR2,1,0,25,24
ACGLYtc;GLUt2m,1,0,25,24
ACGLYtc;MTHFR3x,1,0,25,24
ACGLYtc;PIMALtm,1,0,25,24
ACGLYtc;SO4AKGtm,1,0,25,24
ACGLYtc;SO4MALtm,1,0,25,24
ACGLYtc;THBPT4ACAMDASE,1,0,25,24
ACGLYtc;THFtm,1,0,25,24
ACGLYtc;TYR3MO2,1,0,25,24
ACGLYte;AKGSUCCtm,1,0,25,24
ACGLYte;ATPS4m,2,0,24,24
ACGLYte;CAT,1,0,25,24
ACGLYte;CYOOm2,2,0,24,24
ACGLYte;CYOR_u10m,2,0,24,24
ACGLYte;DHFR,1,0,25,24
ACGLYte;DHFRx,1,0,25,24
ACGLYte;DHFtm,1,0,25,24
ACGLYte;DHPR2,1,0,25,24
ACGLYte;GLUt2m,1,0,25,24
ACGLYte;MTHFR3x,1,0,25,24
ACGLYte;PIMALtm,1,0,25,24
ACGLYte;SO4AKGtm,1,0,25,24
ACGLYte;SO4MALtm,1,0,25,24
ACGLYte;THBPT4ACAMDASE,1,0,25,24
ACGLYte;THFtm,1,0,25,24
ACGLYte;TYR3MO2,1,0,25,24
ACHe;PGI,0,1,26,23
ACHtn;ACITL,0,1,26,23
ACHtn;ACOAS,2,6,24,18
ACHtn;ALDD2y,0,3,26,21
ACHtn;ASPPROASCT1,0,3,26,21
ACHtn;CO2tm,1,2,25,22
ACHtn;FUMm,0,1,26,23
ACHtn;H2Oter,1,0,25,24
ACHtn;HCO3E,2,1,24,23
ACHtn;HSD3B11,1,0,25,24
ACHtn;Htr,1,0,25,24
ACHtn;P45011A1m,1,0,25,24
ACHtn;PRGNLONEtm,1,0,25,24
ACHtn;PRGSTRNt,1,0,25,24
ACHtn;PYRtm,0,1,26,23
ACHtn;THRA,0,4,26,20
ACHtn;UMPK5,1,0,25,24
ACILEm;AHCYStn,0,1,26,23
ACILEm;AKGtn,0,1,26,23
ACILEm;AMETtn,0,1,26,23
ACILEm;CO2tn,0,1,26,23
ACILEm;CYOOm2,0,1,26,23
ACILEm;CYOR_u10m,0,1,26,23
ACILEm;FALDtn,0,1,26,23
ACILEm;HMGDH,0,1,26,23
ACILEm;HMGS,0,1,26,23
ACILEm;SFGTH,0,1,26,23
ACILEte;AHCYStn,0,1,26,23
ACILEte;AKGtn,0,1,26,23
ACILEte;AMETtn,0,1,26,23
ACILEte;CO2tn,0,1,26,23
ACILEte;CYOOm2,0,1,26,23
ACILEte;CYOR_u10m,0,1,26,23
ACILEte;FALDtn,0,1,26,23
ACILEte;HMGDH,0,1,26,23
ACILEte;HMGS,0,1,26,23
ACILEte;SFGTH,0,1,26,23
ACILEtm;AHCYStn,0,1,26,23
ACILEtm;AKGtn,0,1,26,23
ACILEtm;AMETtn,0,1,26,23
ACILEtm;CO2tn,0,1,26,23
ACILEtm;CYOOm2,0,1,26,23
ACILEtm;CYOR_u10m,0,1,26,23
ACILEtm;FALDtn,0,1,26,23
ACILEtm;HMGDH,0,1,26,23
ACILEtm;HMGS,0,1,26,23
ACILEtm;SFGTH,0,1,26,23
ACITL;ACITLn,0,1,26,23
ACITL;ACOAS,0,2,26,22
ACITL;ADPtn,0,1,26,23
ACITL;ALDD2y,0,1,26,23
ACITL;ATPtn,0,1,26,23
ACITL;CHAT,0,1,26,23
ACITL;CHATn,0,1,26,23
ACITL;CHOLtn,0,1,26,23
ACITL;CHOLtu,0,1,26,23
ACITL;CITtn,0,1,26,23
ACITL;CYP2R1,0,1,26,23
ACITL;DHCR242r,0,1,26,23
ACITL;H2O2t,0,1,26,23
ACITL;LSTO2r,0,1,26,23
ACITL;OAAtn,0,1,26,23
ACITL;PHEOX,0,1,26,23
ACITL;PHETA1,0,1,26,23
ACITL;PItn,0,1,26,23
ACITL;PVD3,0,1,26,23
ACITL;VD3,0,1,26,23
ACLACte;PYK6,0,1,26,23
ACNAM9PL;HEX12,0,1,26,23
ACNAM9PL;KCC2t,0,1,26,23
ACNAM9PL;TPI,1,0,25,24
ACNAMPH;HEX12,0,1,26,23
ACNAMPH;KCC2t,0,1,26,23
ACNAMPH;TPI,1,0,25,24
ACNAMlt;AMID6,0,1,26,23
ACNAMlt;ASCBt5,1,0,25,24
ACNAMlt;ASCBtr,1,0,25,24
ACNAMlt;ATPasel,1,0,25,24
ACNAMlt;CDPDAGtm,1,0,25,24
ACNAMlt;CDSm,1,0,25,24
ACNAMlt;CTPtm,1,0,25,24
ACNAMlt;DAGKm_hs,1,0,25,24
ACNAMlt;DAG_Hstem,1,0,25,24
ACNAMlt;GLACter,1,0,25,24
ACNAMlt;GLCURter,1,0,25,24
ACNAMlt;GLCURtly,1,0,25,24
ACNAMlt;GLRASE,1,0,25,24
ACNAMlt;GPAT,0,1,26,23
ACNAMlt;GULLACter,1,0,25,24
ACNAMlt;GULOer,1,0,25,24
ACNAMlt;H2O2ter,1,0,25,24
ACNAMlt;HAS1,1,0,25,24
ACNAMlt;HAS2,1,0,25,24
ACNAMlt;HAtly,1,0,25,24
ACNAMlt;HYAL,1,0,25,24
ACNAMlt;MAN1PT2,0,1,26,23
ACNAMlt;MAN6PI,0,1,26,23
ACNAMlt;METDECARc,0,1,26,23
ACNAMlt;METTRANSc,0,1,26,23
ACNAMlt;NDPK8,1,0,25,24
ACNAMlt;PMANM,0,1,26,23
ACNAMlt;PPItm,1,0,25,24
ACNAMlt;TPI,1,0,25,24
ACNAMlt;UDPGD,1,0,25,24
ACNAMlt;UMPK5,0,1,26,23
ACNAMlt;UROLACer,1,0,25,24
ACNMLr;AMID6,0,1,26,23
ACNMLr;CDPDAGtm,1,0,25,24
ACNMLr;CDSm,1,0,25,24
ACNMLr;CTPtm,1,0,25,24
ACNMLr;DAGKm_hs,1,0,25,24
ACNMLr;DAG_Hstem,1,0,25,24
ACNMLr;DPCOAK,1,0,25,24
ACNMLr;GPAT,0,1,26,23
ACNMLr;MAL_Lte,1,0,25,24
ACNMLr;MAN1PT2,0,1,26,23
ACNMLr;MAN6PI,0,1,26,23
ACNMLr;METDECARc,0,1,26,23
ACNMLr;METTRANSc,0,1,26,23
ACNMLr;NDPK8,2,0,24,24
ACNMLr;PMANM,0,1,26,23
ACNMLr;PNTK,1,0,25,24
ACNMLr;PNTOte,1,0,25,24
ACNMLr;PPCDC,1,0,25,24
ACNMLr;PPItm,1,0,25,24
ACNMLr;PPNCL2,1,0,25,24
ACNMLr;PTPAT,1,0,25,24
ACNMLr;TPI,2,0,24,24
ACNMLr;UGLCNACtg,0,1,26,23
ACOA40ORm;GLUt2m,0,1,26,23
ACOA40ORm;LDH_L,0,1,26,23
ACOA40ORm;LDH_Lm,0,1,26,23
ACOA40ORm;L_LACtm,0,1,26,23
ACOAD100m;ACOAD8m,0,2,26,22
ACOAD100m;CO2tm,0,1,26,23
ACOAD100m;CYP2R1,0,2,26,22
ACOAD100m;DHCR241r,0,1,26,23
ACOAD100m;DHCR242r,0,1,26,23
ACOAD100m;DHRT_ivcoa,0,2,26,22
ACOAD100m;DLD,0,2,26,22
ACOAD100m;EBP2r,0,1,26,23
ACOAD100m;FUMm,0,1,26,23
ACOAD100m;H2O2t,0,1,26,23
ACOAD100m;HCO3Em,0,2,26,22
ACOAD100m;Htr,0,1,26,23
ACOAD100m;ILEOX,0,1,26,23
ACOAD100m;ILETA,0,1,26,23
ACOAD100m;LEUTA,0,2,26,22
ACOAD100m;LSTO2r,0,2,26,22
ACOAD100m;MCCCm,0,2,26,22
ACOAD100m;METOX,0,1,26,23
ACOAD100m;MGCHrm,0,2,26,22
ACOAD100m;MOD_3mhop,0,2,26,22
ACOAD100m;PHEOX,0,1,26,23
ACOAD100m;PHETA1,0,1,26,23
ACOAD100m;PVD3,0,3,26,21
ACOAD100m;PYRtm,0,1,26,23
ACOAD100m;UNK3,0,1,26,23
ACOAD100m;VD3,0,3,26,21
ACOAD100m;VITD3Hm,0,1,26,23
ACOAD100m;VITD3tm,0,1,26,23
ACOAD101n6m;C3STDH1Pr,0,1,26,23
ACOAD101n6m;C4STMO2Pr,0,1,26,23
ACOAD101n6m;DHFR,0,1,26,23
ACOAD101n6m;DHFRm,0,1,26,23
ACOAD101n6m;DHFtm,0,1,26,23
ACOAD140m;ACOAD8m,0,2,26,22
ACOAD140m;CO2tm,0,1,26,23
ACOAD140m;CYP2R1,0,2,26,22
ACOAD140m;DHCR241r,0,1,26,23
ACOAD140m;DHCR242r,0,1,26,23
ACOAD140m;DHRT_ivcoa,0,2,26,22
ACOAD140m;DLD,0,2,26,22
ACOAD140m;EBP2r,0,1,26,23
ACOAD140m;FUMm,0,1,26,23
ACOAD140m;H2O2t,0,1,26,23
ACOAD140m;HCO3Em,0,2,26,22
ACOAD140m;Htr,0,1,26,23
ACOAD140m;ILEOX,0,1,26,23
ACOAD140m;ILETA,0,1,26,23
ACOAD140m;LEUTA,0,2,26,22
ACOAD140m;LSTO2r,0,2,26,22
ACOAD140m;MCCCm,0,2,26,22
ACOAD140m;METOX,0,1,26,23
ACOAD140m;MGCHrm,0,2,26,22
ACOAD140m;MOD_3mhop,0,2,26,22
ACOAD140m;PHEOX,0,1,26,23
ACOAD140m;PHETA1,0,1,26,23
ACOAD140m;PVD3,0,3,26,21
ACOAD140m;PYRtm,0,1,26,23
ACOAD140m;UNK3,0,1,26,23
ACOAD140m;VD3,0,3,26,21
ACOAD140m;VITD3Hm,0,1,26,23
ACOAD140m;VITD3tm,0,1,26,23
ACOAD142n6m;C3STDH1Pr,0,1,26,23
ACOAD142n6m;C4STMO2Pr,0,1,26,23
ACOAD142n6m;DHFR,0,1,26,23
ACOAD142n6m;DHFRm,0,1,26,23
ACOAD142n6m;DHFtm,0,1,26,23
ACOAD163n6m;C3STDH1Pr,0,1,26,23
ACOAD163n6m;C4STMO2Pr,0,1,26,23
ACOAD163n6m;DHFR,0,1,26,23
ACOAD163n6m;DHFRm,0,1,26,23
ACOAD163n6m;DHFtm,0,1,26,23
ACOAD180m;CITRt2m,0,1,26,23
ACOAD200m;CITRt2m,0,1,26,23
ACOAD204n6m;C3STDH1Pr,0,1,26,23
ACOAD204n6m;C4STMO2Pr,0,1,26,23
ACOAD204n6m;DHFR,0,1,26,23
ACOAD204n6m;DHFRm,0,1,26,23
ACOAD204n6m;DHFtm,0,1,26,23
ACOAD225n3m;C3STDH1Pr,0,1,26,23
ACOAD225n3m;C4STMO2Pr,0,1,26,23
ACOAD241n9p;C2tcx,1,0,25,24
ACOAD241n9p;C3STDH1Pr,0,1,26,23
ACOAD241n9p;C4STMO2Pr,0,1,26,23
ACOAD241n9p;CRNrtx,1,0,25,24
ACOAD241n9p;CSNATp,1,0,25,24
ACOAD241n9p;CSNATr,1,0,25,24
ACOAD241n9p;DHFR,0,1,26,23
ACOAD241n9p;DHFRm,0,1,26,23
ACOAD241n9p;DHFtm,0,1,26,23
ACOAD241n9p;H2Oter,2,0,24,24
ACOAD241n9p;H2Otp,1,0,25,24
ACOAD241n9p;Htr,2,2,24,22
ACOAD241n9p;PRDX,1,0,25,24
ACOAD60m;ACOAD8m,0,2,26,22
ACOAD60m;C3STDH1Pr,0,1,26,23
ACOAD60m;C4STMO2Pr,0,1,26,23
ACOAD60m;CO2tm,0,1,26,23
ACOAD60m;CYP2R1,0,2,26,22
ACOAD60m;DHCR241r,0,1,26,23
ACOAD60m;DHCR242r,0,1,26,23
ACOAD60m;DHFR,0,1,26,23
ACOAD60m;DHFRm,0,1,26,23
ACOAD60m;DHFtm,0,1,26,23
ACOAD60m;DHRT_ivcoa,0,2,26,22
ACOAD60m;DLD,0,2,26,22
ACOAD60m;EBP2r,0,1,26,23
ACOAD60m;FUMm,0,1,26,23
ACOAD60m;GTHRDt,0,1,26,23
ACOAD60m;H2O2t,0,1,26,23
ACOAD60m;HCO3Em,0,2,26,22
ACOAD60m;Htr,0,2,26,22
ACOAD60m;ILEOX,0,1,26,23
ACOAD60m;ILETA,0,1,26,23
ACOAD60m;LEUTA,0,2,26,22
ACOAD60m;LSTO2r,0,2,26,22
ACOAD60m;MCCCm,0,2,26,22
ACOAD60m;METOX,0,1,26,23
ACOAD60m;MGCHrm,0,2,26,22
ACOAD60m;MOD_3mhop,0,2,26,22
ACOAD60m;PHEOX,0,1,26,23
ACOAD60m;PHETA1,0,1,26,23
ACOAD60m;PIGTHRDLtm,0,1,26,23
ACOAD60m;PIMALtm,0,1,26,23
ACOAD60m;PVD3,0,3,26,21
ACOAD60m;PYRtm,0,1,26,23
ACOAD60m;SO3AKGtm,0,1,26,23
ACOAD60m;SO3MALtm,0,1,26,23
ACOAD60m;UNK3,0,1,26,23
ACOAD60m;VD3,0,3,26,21
ACOAD60m;VITD3Hm,0,1,26,23
ACOAD60m;VITD3tm,0,1,26,23
ACOAD80m;ACOAD8m,0,2,26,22
ACOAD80m;C3STDH1Pr,0,1,26,23
ACOAD80m;C4STMO2Pr,0,1,26,23
ACOAD80m;CO2tm,0,1,26,23
ACOAD80m;CYP2R1,0,2,26,22
ACOAD80m;DHCR241r,0,1,26,23
ACOAD80m;DHCR242r,0,1,26,23
ACOAD80m;DHFR,0,1,26,23
ACOAD80m;DHFRm,0,1,26,23
ACOAD80m;DHFtm,0,1,26,23
ACOAD80m;DHRT_ivcoa,0,2,26,22
ACOAD80m;DLD,0,2,26,22
ACOAD80m;EBP2r,0,1,26,23
ACOAD80m;FUMm,0,1,26,23
ACOAD80m;GTHRDt,0,1,26,23
ACOAD80m;H2O2t,0,1,26,23
ACOAD80m;HCO3Em,0,2,26,22
ACOAD80m;Htr,0,2,26,22
ACOAD80m;ILEOX,0,1,26,23
ACOAD80m;ILETA,0,1,26,23
ACOAD80m;LEUTA,0,2,26,22
ACOAD80m;LSTO2r,0,2,26,22
ACOAD80m;MCCCm,0,2,26,22
ACOAD80m;METOX,0,1,26,23
ACOAD80m;MGCHrm,0,2,26,22
ACOAD80m;MOD_3mhop,0,2,26,22
ACOAD80m;PHEOX,0,1,26,23
ACOAD80m;PHETA1,0,1,26,23
ACOAD80m;PIGTHRDLtm,0,1,26,23
ACOAD80m;PIMALtm,0,1,26,23
ACOAD80m;PVD3,0,3,26,21
ACOAD80m;PYRtm,0,1,26,23
ACOAD80m;SO3AKGtm,0,1,26,23
ACOAD80m;SO3MALtm,0,1,26,23
ACOAD80m;UNK3,0,1,26,23
ACOAD80m;VD3,0,3,26,21
ACOAD80m;VITD3Hm,0,1,26,23
ACOAD80m;VITD3tm,0,1,26,23
ACOAD8m;ACOATE100m,0,2,26,22
ACOAD8m;ADK3m,0,2,26,22
ACOAD8m;BTCOACRNtm,0,2,26,22
ACOAD8m;ETHMALACc,0,2,26,22
ACOAD8m;ETHMALACte,0,2,26,22
ACOAD8m;ETHMALCOAc,0,2,26,22
ACOAD8m;FACOAL100im,0,2,26,22
ACOAD8m;GLUt2m,0,1,26,23
ACOAD8m;GTPGDPtm,0,2,26,22
ACOAD8m;HMGCOASim,0,3,26,21
ACOAD8m;PPA,0,1,26,23
ACOAD8m;PPCOACRNtm,0,2,26,22
ACOAD8m;PPCOAtm,0,2,26,22
ACOAD8m;PPItm,0,1,26,23
ACOAD8m;TTDCPT1,0,2,26,22
ACOAD8m;TTDCPT2,0,2,26,22
ACOAD8m;TTDCRNt,0,2,26,22
ACOAHim;ALDD2y,1,0,25,24
ACOAHim;C3STDH1Pr,0,1,26,23
ACOAHim;C4STMO2Pr,0,1,26,23
ACOAHim;CDPDAGtm,1,0,25,24
ACOAHim;CDSm,1,0,25,24
ACOAHim;CITRt2m,0,1,26,23
ACOAHim;CTPtm,1,0,25,24
ACOAHim;CYP2R1,0,1,26,23
ACOAHim;DAGKm_hs,1,0,25,24
ACOAHim;DAG_Hstem,1,0,25,24
ACOAHim;DHCR241r,0,1,26,23
ACOAHim;DHFR,0,1,26,23
ACOAHim;DHFRm,0,1,26,23
ACOAHim;DHFtm,0,1,26,23
ACOAHim;EBP2r,0,1,26,23
ACOAHim;ENO,0,1,26,23
ACOAHim;GAPD,0,1,26,23
ACOAHim;GTHRDt,0,1,26,23
ACOAHim;HCO3Ee,1,0,25,24
ACOAHim;Htr,0,2,26,22
ACOAHim;LSTO2r,0,1,26,23
ACOAHim;MAL_Lte,2,0,24,24
ACOAHim;PGK,0,1,26,23
ACOAHim;PGM,0,1,26,23
ACOAHim;PIGTHRDLtm,0,1,26,23
ACOAHim;PIMALtm,0,1,26,23
ACOAHim;PIt2m_2,1,0,25,24
ACOAHim;PPItm,1,0,25,24
ACOAHim;PVD3,0,1,26,23
ACOAHim;SO3AKGtm,0,1,26,23
ACOAHim;SO3MALtm,0,1,26,23
ACOAHim;VD3,0,1,26,23
ACOAS;ACITLn,2,6,24,18
ACOAS;ACONTa,2,7,24,17
ACOAS;ACONTb,2,9,24,15
ACOAS;ADKd,0,1,26,23
ACOAS;ADNK1,0,1,26,23
ACOAS;ADPtn,2,6,24,18
ACOAS;AHC,0,1,26,23
ACOAS;AKGDa1,0,1,26,23
ACOAS;AKGDa2,0,1,26,23
ACOAS;AKGDb,0,1,26,23
ACOAS;AKGICITtm,0,1,26,23
ACOAS;AKGMALtm,0,1,26,23
ACOAS;AKGSUCCtm,2,1,24,23
ACOAS;ALASm,0,1,26,23
ACOAS;ALAt2r,1,1,25,23
ACOAS;AMID6,0,1,26,23
ACOAS;ATPtn,2,6,24,18
ACOAS;BILIRUBt2,0,1,26,23
ACOAS;CHAT,2,6,24,18
ACOAS;CHATn,2,6,24,18
ACOAS;CHOLtn,2,6,24,18
ACOAS;CITSUCCtm,2,2,24,22
ACOAS;CITtn,2,6,24,18
ACOAS;COt,0,1,26,23
ACOAS;CPPPGO,0,1,26,23
ACOAS;CYP2R1,0,1,26,23
ACOAS;CYSTGL,0,1,26,23
ACOAS;CYSTS,0,1,26,23
ACOAS;DHCR241r,0,1,26,23
ACOAS;DLD,0,1,26,23
ACOAS;EBP2r,0,1,26,23
ACOAS;ENO,0,1,26,23
ACOAS;FBA,1,0,25,24
ACOAS;FCLTm,0,1,26,23
ACOAS;FE2tm,0,1,26,23
ACOAS;FUM,0,1,26,23
ACOAS;GAPD,0,1,26,23
ACOAS;GHMT2r,0,1,26,23
ACOAS;GLUt2m,0,1,26,23
ACOAS;GLYLYSCYSr,0,1,26,23
ACOAS;GLYLYSCYSt,0,1,26,23
ACOAS;GPAT,0,1,26,23
ACOAS;H2O2t,0,1,26,23
ACOAS;HMBS,0,1,26,23
ACOAS;HOXG,0,1,26,23
ACOAS;Htr,0,1,26,23
ACOAS;ICDHxrm,0,1,26,23
ACOAS;ICDHyr,0,3,26,21
ACOAS;ICDHyrm,2,5,24,19
ACOAS;ICITCITtm,2,2,24,22
ACOAS;ICITMALtm,0,3,26,21
ACOAS;LSTO2r,0,1,26,23
ACOAS;MCITS,0,1,26,23
ACOAS;MDH,2,2,24,22
ACOAS;METAT,0,1,26,23
ACOAS;METOX,0,2,26,22
ACOAS;NDPK1,0,1,26,23
ACOAS;OAADC,0,3,26,21
ACOAS;OAAtn,2,6,24,18
ACOAS;OBDHc,0,1,26,23
ACOAS;OXALSUCCCL,0,3,26,21
ACOAS;OXALSUCCCLm,2,6,24,18
ACOAS;PFK2,1,0,25,24
ACOAS;PGK,0,1,26,23
ACOAS;PGM,0,1,26,23
ACOAS;PHEMEtm,0,1,26,23
ACOAS;PIMALtm,0,2,26,22
ACOAS;PIt2m_2,0,1,26,23
ACOAS;PItn,2,6,24,18
ACOAS;PPBNGS,0,1,26,23
ACOAS;PPPG9tm,0,1,26,23
ACOAS;PPPGOm,0,1,26,23
ACOAS;PVD3,0,1,26,23
ACOAS;PYK6,0,1,26,23
ACOAS;SERt4,0,1,26,23
ACOAS;SO3AKGtm,0,1,26,23
ACOAS;SO3MALtm,0,1,26,23
ACOAS;SO4AKGtm,0,1,26,23
ACOAS;SO4MALtm,0,1,26,23
ACOAS;SUCCICITtm,0,1,26,23
ACOAS;UNK3,0,2,26,22
ACOAS;UPP3S,0,1,26,23
ACOAS;UPPDC1,0,1,26,23
ACOAS;VD3,0,1,26,23
ACOATE100m;CO2tm,0,1,26,23
ACOATE100m;CYP2R1,0,2,26,22
ACOATE100m;DHCR241r,0,1,26,23
ACOATE100m;DHCR242r,0,1,26,23
ACOATE100m;DHRT_ivcoa,0,2,26,22
ACOATE100m;DLD,0,2,26,22
ACOATE100m;EBP2r,0,1,26,23
ACOATE100m;FUMm,0,1,26,23
ACOATE100m;H2O2t,0,1,26,23
ACOATE100m;HCO3Em,0,2,26,22
ACOATE100m;Htr,0,1,26,23
ACOATE100m;ILEOX,0,1,26,23
ACOATE100m;ILETA,0,1,26,23
ACOATE100m;LEUTA,0,2,26,22
ACOATE100m;LSTO2r,0,2,26,22
ACOATE100m;MCCCm,0,2,26,22
ACOATE100m;METOX,0,1,26,23
ACOATE100m;MGCHrm,0,2,26,22
ACOATE100m;MOD_3mhop,0,2,26,22
ACOATE100m;PHEOX,0,1,26,23
ACOATE100m;PHETA1,0,1,26,23
ACOATE100m;PVD3,0,3,26,21
ACOATE100m;PYRtm,0,1,26,23
ACOATE100m;UNK3,0,1,26,23
ACOATE100m;VD3,0,3,26,21
ACOATE100m;VITD3Hm,0,1,26,23
ACOATE100m;VITD3tm,0,1,26,23
ACOATE80m;AKGSUCCtm,0,1,26,23
ACOATE80m;DHFR,0,1,26,23
ACOATE80m;DHFRm,0,1,26,23
ACOATE80m;DHFtm,0,1,26,23
ACOD;ALASm,1,1,25,23
ACOD;ALDD2y,1,0,25,24
ACOD;BILIRUBt2,0,1,26,23
ACOD;CAT,0,1,26,23
ACOD;CDPDAGtm,2,0,24,24
ACOD;CDSm,2,0,24,24
ACOD;COt,0,1,26,23
ACOD;CPPPGO,1,1,25,23
ACOD;CTPtm,2,0,24,24
ACOD;DAGKm_hs,3,1,23,23
ACOD;DAG_Hstem,3,1,23,23
ACOD;ENO,0,1,26,23
ACOD;FCLTm,0,1,26,23
ACOD;FE2tm,0,1,26,23
ACOD;GAPD,0,1,26,23
ACOD;GLUt2m,0,2,26,22
ACOD;GLYATm,0,1,26,23
ACOD;GTPGDPtm,1,1,25,23
ACOD;HCO3Ee,1,1,25,23
ACOD;HCO3Em,0,1,26,23
ACOD;HCO3tm,0,1,26,23
ACOD;HMBS,0,1,26,23
ACOD;HOXG,0,1,26,23
ACOD;ILEOX,0,1,26,23
ACOD;ILETAm,0,1,26,23
ACOD;ILEt5m,0,1,26,23
ACOD;MAL_Lte,7,0,19,24
ACOD;ME2m,0,1,26,23
ACOD;NDP7er,1,0,25,24
ACOD;PGK,0,1,26,23
ACOD;PGM,0,1,26,23
ACOD;PHEMEtm,0,1,26,23
ACOD;PIt2m_2,1,0,25,24
ACOD;PPBNGS,1,1,25,23
ACOD;PPItm,3,0,23,24
ACOD;PPPG9tm,0,1,26,23
ACOD;PPPGOm,1,1,25,23
ACOD;PROAKGOX1m,1,1,25,23
ACOD;PROtm,0,1,26,23
ACOD;SUCOAS1m,1,1,25,23
ACOD;THR3Dx,0,1,26,23
ACOD;UDPGCURtr,1,0,25,24
ACOD;UDPGD,1,0,25,24
ACOD;UMPtr,1,0,25,24
ACOD;UPP3S,0,1,26,23
ACOD;UPPDC1,0,1,26,23
ACONTa;ALASm,1,0,25,24
ACONTa;ALDD2y,0,3,26,21
ACONTa;ASPPROASCT1,0,3,26,21
ACONTa;CHOLtu,0,1,26,23
ACONTa;CO2tm,1,1,25,23
ACONTa;CPPPGO,1,0,25,24
ACONTa;GLYATm,0,1,26,23
ACONTa;GTPGDPtm,1,0,25,24
ACONTa;H2Oter,1,0,25,24
ACONTa;HCO3E,2,1,24,23
ACONTa;HSD3B11,1,0,25,24
ACONTa;Htr,1,0,25,24
ACONTa;METOX,0,1,26,23
ACONTa;NDP7er,1,0,25,24
ACONTa;P45011A1m,1,0,25,24
ACONTa;PPBNGS,1,0,25,24
ACONTa;PPItm,1,0,25,24
ACONTa;PPPGOm,1,0,25,24
ACONTa;PRGNLONEtm,1,0,25,24
ACONTa;PRGSTRNt,1,0,25,24
ACONTa;PROAKGOX1m,1,0,25,24
ACONTa;SUCOAS1m,1,0,25,24
ACONTa;THR3Dx,0,1,26,23
ACONTa;THRA,0,3,26,21
ACONTa;UDPGCURtr,1,0,25,24
ACONTa;UDPGD,1,0,25,24
ACONTa;UMPK5,1,0,25,24
ACONTa;UMPtr,1,0,25,24
ACONTa;UNK3,0,1,26,23
ACONTam;ALASm,0,1,26,23
ACONTam;BILIRUBt2,0,1,26,23
ACONTam;CAT,0,1,26,23
ACONTam;CDPDAGtm,1,0,25,24
ACONTam;CDSm,1,0,25,24
ACONTam;COt,0,1,26,23
ACONTam;CPPPGO,0,1,26,23
ACONTam;CTPtm,1,0,25,24
ACONTam;DAGKm_hs,2,1,24,23
ACONTam;DAG_Hstem,2,1,24,23
ACONTam;FCLTm,0,1,26,23
ACONTam;FE2tm,0,1,26,23
ACONTam;GLUt2m,0,2,26,22
ACONTam;GTPGDPtm,0,1,26,23
ACONTam;HCO3Ee,0,1,26,23
ACONTam;HCO3Em,0,1,26,23
ACONTam;HCO3tm,0,1,26,23
ACONTam;HMBS,0,1,26,23
ACONTam;HOXG,0,1,26,23
ACONTam;ILEOX,0,1,26,23
ACONTam;ILETAm,0,1,26,23
ACONTam;ILEt5m,0,1,26,23
ACONTam;MAL_Lte,7,0,19,24
ACONTam;ME2m,0,1,26,23
ACONTam;PHEMEtm,0,1,26,23
ACONTam;PPBNGS,0,1,26,23
ACONTam;PPItm,1,0,25,24
ACONTam;PPPG9tm,0,1,26,23
ACONTam;PPPGOm,0,1,26,23
ACONTam;PROAKGOX1m,0,1,26,23
ACONTam;PROtm,0,1,26,23
ACONTam;SUCOAS1m,0,1,26,23
ACONTam;UPP3S,0,1,26,23
ACONTam;UPPDC1,0,1,26,23
ACONTb;ALDD2y,2,5,24,19
ACONTb;ASPPROASCT1,0,3,26,21
ACONTb;CDPDAGtm,1,0,25,24
ACONTb;CDSm,1,0,25,24
ACONTb;CHOLtu,0,1,26,23
ACONTb;CITRt2m,1,0,25,24
ACONTb;CITRtm,1,0,25,24
ACONTb;CO2tm,1,1,25,23
ACONTb;CTPtm,1,0,25,24
ACONTb;DAGKm_hs,1,0,25,24
ACONTb;DAG_Hstem,1,0,25,24
ACONTb;ENO,0,1,26,23
ACONTb;GAPD,0,1,26,23
ACONTb;GLYATm,0,1,26,23
ACONTb;H2Oter,1,0,25,24
ACONTb;HCO3E,2,1,24,23
ACONTb;HSD3B11,1,0,25,24
ACONTb;Htr,1,0,25,24
ACONTb;MAL_Lte,2,1,24,23
ACONTb;METOX,0,1,26,23
ACONTb;P45011A1m,1,0,25,24
ACONTb;PGK,0,1,26,23
ACONTb;PGM,0,1,26,23
ACONTb;PIt2m_2,1,0,25,24
ACONTb;PPItm,1,0,25,24
ACONTb;PRGNLONEtm,1,0,25,24
ACONTb;PRGSTRNt,1,0,25,24
ACONTb;THR3Dx,0,1,26,23
ACONTb;THRA,0,3,26,21
ACONTb;UMPK5,1,0,25,24
ACONTb;UNK3,0,1,26,23
ACONTbm;ALDD2y,1,0,25,24
ACONTbm;HCO3Ee,1,0,25,24
ACONTbm;PIt2m_2,1,0,25,24
ACYP;PGK,0,2,26,22
ACt2m;ALDD2y,1,0,25,24
ACt2m;C3STDH1Pr,0,1,26,23
ACt2m;C4STMO2Pr,0,1,26,23
ACt2m;CDPDAGtm,1,0,25,24
ACt2m;CDSm,1,0,25,24
ACt2m;CITRt2m,0,1,26,23
ACt2m;CTPtm,1,0,25,24
ACt2m;CYP2R1,0,1,26,23
ACt2m;DAGKm_hs,1,0,25,24
ACt2m;DAG_Hstem,1,0,25,24
ACt2m;DHCR241r,0,1,26,23
ACt2m;DHFR,0,1,26,23
ACt2m;DHFRm,0,1,26,23
ACt2m;DHFtm,0,1,26,23
ACt2m;EBP2r,0,1,26,23
ACt2m;ENO,0,1,26,23
ACt2m;GAPD,0,1,26,23
ACt2m;GTHRDt,0,1,26,23
ACt2m;HCO3Ee,1,0,25,24
ACt2m;Htr,0,2,26,22
ACt2m;LSTO2r,0,1,26,23
ACt2m;MAL_Lte,2,0,24,24
ACt2m;PGK,0,1,26,23
ACt2m;PGM,0,1,26,23
ACt2m;PIGTHRDLtm,0,1,26,23
ACt2m;PIMALtm,0,1,26,23
ACt2m;PIt2m_2,1,0,25,24
ACt2m;PPItm,1,0,25,24
ACt2m;PVD3,0,1,26,23
ACt2m;SO3AKGtm,0,1,26,23
ACt2m;SO3MALtm,0,1,26,23
ACt2m;VD3,0,1,26,23
ACt2r;CITRt2m,0,1,26,23
ACt2r;Htr,0,1,26,23
ACt2r;NDPK1,0,1,26,23
ACt2r;NMNS,0,1,26,23
ADHAPtx;GLYATm,0,1,26,23
ADHAPtx;H2Oter,1,0,25,24
ADHAPtx;Htx,1,0,25,24
ADHAPtx;PIt7,0,1,26,23
ADHAPtx;THR3Dx,0,1,26,23
ADK1;ADK3m,0,1,26,23
ADK1;ADKd,0,1,26,23
ADK1;AMPt4,0,1,26,23
ADK1;GTPGDPtm,0,1,26,23
ADK3m;AKGSUCCtm,0,1,26,23
ADK3m;DHRT_ivcoa,0,2,26,22
ADK3m;DLD,0,2,26,22
ADK3m;H2Otm,0,1,26,23
ADK3m;HCO3Ee,0,1,26,23
ADK3m;HCO3Em,0,2,26,22
ADK3m;ILEOX,0,1,26,23
ADK3m;ILETA,0,1,26,23
ADK3m;LEUTA,0,2,26,22
ADK3m;MCCCm,0,2,26,22
ADK3m;METOX,0,1,26,23
ADK3m;MGCHrm,0,2,26,22
ADK3m;MOD_3mhop,0,2,26,22
ADK3m;PVD3,0,1,26,23
ADK3m;TYROX,0,1,26,23
ADK3m;TYRTA,0,1,26,23
ADK3m;UNK3,0,1,26,23
ADK3m;VD3,0,1,26,23
ADK3m;VITD3Hm,0,1,26,23
ADK3m;VITD3tm,0,1,26,23
ADKd;ADPT,0,1,26,23
ADKd;ALDD2y,0,1,26,23
ADKd;DRPA,0,1,26,23
ADKd;NDPK1,1,0,25,24
ADKd;NTD6,0,1,26,23
ADKd;PPM2,0,1,26,23
ADKd;PUNP2,0,1,26,23
ADNK1;AHCYStn,0,1,26,23
ADNK1;AKGACACte,1,0,25,24
ADNK1;AKGtn,0,1,26,23
ADNK1;AMETtn,0,1,26,23
ADNK1;CAT,1,0,25,24
ADNK1;CDS,0,1,26,23
ADNK1;CHOLK,0,2,26,22
ADNK1;CHOLt4,0,2,26,22
ADNK1;CHOLtu,2,4,24,20
ADNK1;CO2tn,0,1,26,23
ADNK1;CYOOm2,0,1,26,23
ADNK1;CYOR_u10m,0,1,26,23
ADNK1;FALDtn,0,1,26,23
ADNK1;FKYNH,1,0,25,24
ADNK1;FUM,1,0,25,24
ADNK1;GLUDym,1,0,25,24
ADNK1;GLUt2m,1,1,25,23
ADNK1;H2Oter,1,0,25,24
ADNK1;HMGDH,0,1,26,23
ADNK1;HMGS,0,1,26,23
ADNK1;KYNAKGAT,1,0,25,24
ADNK1;KYNATESYN,1,0,25,24
ADNK1;KYNATEtr,1,0,25,24
ADNK1;LDH_L,0,1,26,23
ADNK1;LDH_Lm,0,1,26,23
ADNK1;L_LACtm,0,1,26,23
ADNK1;MAL_Lte,1,1,25,23
ADNK1;MTHFC,0,1,26,23
ADNK1;MTHFD2,0,1,26,23
ADNK1;NDPK1,0,2,26,22
ADNK1;NH4tm,1,0,25,24
ADNK1;PGI,1,0,25,24
ADNK1;PYRAKGte,1,0,25,24
ADNK1;PYRFORte,1,0,25,24
ADNK1;SFGTH,0,1,26,23
ADNK1;THRA,0,1,26,23
ADNK1;TRPO2,1,0,25,24
ADNK3;CHOLt4,1,0,25,24
ADNK3;FBA,1,0,25,24
ADNK3;PFK,1,0,25,24
ADNK3;THRA,1,1,25,23
ADNK4;ATPS4m,1,0,25,24
ADNK4;CYOOm2,1,0,25,24
ADNK4;CYOR_u10m,1,0,25,24
ADNK4;CYSt4,0,1,26,23
ADNtm;AHCYStn,0,1,26,23
ADNtm;AKGtn,0,1,26,23
ADNtm;AMETtn,0,1,26,23
ADNtm;CO2tn,0,1,26,23
ADNtm;CYOOm2,0,1,26,23
ADNtm;CYOR_u10m,0,1,26,23
ADNtm;FALDtn,0,1,26,23
ADNtm;GLUt2m,0,1,26,23
ADNtm;HMGDH,0,1,26,23
ADNtm;HMGS,0,1,26,23
ADNtm;LDH_L,0,1,26,23
ADNtm;LDH_Lm,0,1,26,23
ADNtm;L_LACtm,0,1,26,23
ADNtm;SFGTH,0,1,26,23
ADPGK;ALAtN1,0,1,26,23
ADPGK;FBA,0,1,26,23
ADPGK;FBA3,0,1,26,23
ADPGK;HEX12,0,2,26,22
ADPGK;METDECARc,0,1,26,23
ADPGK;METTRANSc,0,1,26,23
ADPGK;PFK,0,1,26,23
ADPGK;PFK_3,0,1,26,23
ADPGK;PGI,0,1,26,23
ADPGK;RPE,0,1,26,23
ADPGK;RU5Ptr,0,1,26,23
ADPGK;TKT1,0,1,26,23
ADPGK;TKT2,0,1,26,23
ADPGK;TPI,0,2,26,22
ADPT;NDPK1,0,2,26,22
ADPT;PYK6,1,2,25,22
ADPT;THRA,0,1,26,23
ADPt4;AGPAT1,1,0,25,24
ADPt4;AKGSUCCtm,2,1,24,23
ADPt4;ATPS4m,9,4,17,20
ADPt4;CDS,1,0,25,24
ADPt4;CYOOm2,1,0,25,24
ADPt4;CYOR_u10m,1,0,25,24
ADPt4;DHFR,0,1,26,23
ADPt4;DHFRm,0,1,26,23
ADPt4;DHFtm,0,1,26,23
ADPt4;FE2tm,1,0,25,24
ADPt4;FE3tm,1,0,25,24
ADPt4;FECR,1,0,25,24
ADPt4;FTMTm,1,0,25,24
ADPt4;GLUDxm,0,1,26,23
ADPt4;GLUt2m,1,0,25,24
ADPt4;GPAM_hs,1,0,25,24
ADPt4;HCO3Em,1,0,25,24
ADPt4;HCO3tm,1,0,25,24
ADPt4;L_LACtcm,2,0,24,24
ADPt4;L_LACtm,2,0,24,24
ADPt4;NH4tm,1,0,25,24
ADPt4;NMNS,0,1,26,23
ADPt4;O2t,1,0,25,24
ADPt4;PIMALtm,2,1,24,23
ADPt4;PIt2m_2,0,1,26,23
ADPt4;PROGLUtm,1,1,25,23
ADPt4;PROtm,1,1,25,23
ADPt4;SO3AKGtm,1,1,25,23
ADPt4;SO3MALtm,1,1,25,23
ADPt4;SO4AKGtm,1,0,25,24
ADPt4;SO4MALtm,1,0,25,24
ADSK;AHCYStn,0,1,26,23
ADSK;AKGtn,0,1,26,23
ADSK;ALCD1,1,0,25,24
ADSK;AMETtn,0,1,26,23
ADSK;AMID6,0,2,26,22
ADSK;ASAH1,1,0,25,24
ADSK;ATPasel,1,0,25,24
ADSK;CAT,2,0,24,24
ADSK;CDPDAGtm,1,0,25,24
ADSK;CDSm,1,0,25,24
ADSK;CHOLPtl,1,0,25,24
ADSK;CO2tn,0,1,26,23
ADSK;CTPtm,1,0,25,24
ADSK;CYOOm2,0,1,26,23
ADSK;CYOR_u10m,0,1,26,23
ADSK;DAGKm_hs,1,0,25,24
ADSK;DAG_Hstem,1,0,25,24
ADSK;FALDtly,1,0,25,24
ADSK;FALDtn,0,1,26,23
ADSK;GLUDym,0,1,26,23
ADSK;GLYt7_311_r,0,1,26,23
ADSK;GPAT,0,2,26,22
ADSK;H2O2t,0,1,26,23
ADSK;H2O2tly,1,0,25,24
ADSK;HEX12,0,1,26,23
ADSK;HMGDH,0,1,26,23
ADSK;HMGS,0,1,26,23
ADSK;KCC2t,0,3,26,21
ADSK;KCCt,0,1,26,23
ADSK;MAN1PT2,0,1,26,23
ADSK;MAN6PI,0,1,26,23
ADSK;MEOHtly,1,0,25,24
ADSK;METDECARc,0,1,26,23
ADSK;METTRANSc,0,1,26,23
ADSK;NCKt,0,1,26,23
ADSK;NDPK8,1,0,25,24
ADSK;NH4tm,0,1,26,23
ADSK;O2t,0,1,26,23
ADSK;O2tn,0,1,26,23
ADSK;PMANM,0,1,26,23
ADSK;PPItm,1,0,25,24
ADSK;PRDXl,1,0,25,24
ADSK;R_group_phosphotase_1,1,0,25,24
ADSK;Rtotaltl,1,0,25,24
ADSK;SFGTH,0,1,26,23
ADSK;SMPD3l,1,0,25,24
ADSK;SO4t4_3,0,1,26,23
ADSK;SPHINGStl,1,0,25,24
ADSK;SPHK21c,1,0,25,24
ADSK;SPHMYLNtl,1,0,25,24
ADSK;SPHS1Pte,1,0,25,24
ADSK;TPI,1,0,25,24
AG13T10g;CDPDAGtm,1,0,25,24
AG13T10g;CDSm,1,0,25,24
AG13T10g;CTPtm,1,0,25,24
AG13T10g;DAGKm_hs,1,0,25,24
AG13T10g;DAG_Hstem,1,0,25,24
AG13T10g;KCC2t,0,1,26,23
AG13T10g;NDPK8,1,0,25,24
AG13T10g;PPItm,1,0,25,24
AG13T10g;TPI,1,0,25,24
AG13T11g;CDPDAGtm,1,0,25,24
AG13T11g;CDSm,1,0,25,24
AG13T11g;CTPtm,1,0,25,24
AG13T11g;DAGKm_hs,1,0,25,24
AG13T11g;DAG_Hstem,1,0,25,24
AG13T11g;KCC2t,0,1,26,23
AG13T11g;NDPK8,1,0,25,24
AG13T11g;PPItm,1,0,25,24
AG13T11g;TPI,1,0,25,24
AG13T12g;CDPDAGtm,1,0,25,24
AG13T12g;CDSm,1,0,25,24
AG13T12g;CTPtm,1,0,25,24
AG13T12g;DAGKm_hs,1,0,25,24
AG13T12g;DAG_Hstem,1,0,25,24
AG13T12g;KCC2t,0,1,26,23
AG13T12g;NDPK8,1,0,25,24
AG13T12g;PPItm,1,0,25,24
AG13T12g;TPI,1,0,25,24
AG13T13g;CDPDAGtm,1,0,25,24
AG13T13g;CDSm,1,0,25,24
AG13T13g;CTPtm,1,0,25,24
AG13T13g;DAGKm_hs,1,0,25,24
AG13T13g;DAG_Hstem,1,0,25,24
AG13T13g;KCC2t,0,1,26,23
AG13T13g;NDPK8,1,0,25,24
AG13T13g;PPItm,1,0,25,24
AG13T13g;TPI,1,0,25,24
AG13T14g;CDPDAGtm,1,0,25,24
AG13T14g;CDSm,1,0,25,24
AG13T14g;CTPtm,1,0,25,24
AG13T14g;DAGKm_hs,1,0,25,24
AG13T14g;DAG_Hstem,1,0,25,24
AG13T14g;KCC2t,0,1,26,23
AG13T14g;NDPK8,1,0,25,24
AG13T14g;PPItm,1,0,25,24
AG13T14g;TPI,1,0,25,24
AG13T15g;CDPDAGtm,1,0,25,24
AG13T15g;CDSm,1,0,25,24
AG13T15g;CTPtm,1,0,25,24
AG13T15g;DAGKm_hs,1,0,25,24
AG13T15g;DAG_Hstem,1,0,25,24
AG13T15g;KCC2t,0,1,26,23
AG13T15g;NDPK8,1,0,25,24
AG13T15g;PPItm,1,0,25,24
AG13T15g;TPI,1,0,25,24
AG13T16g;ATPasel,1,0,25,24
AG13T16g;MAN1PT2,0,1,26,23
AG13T16g;MAN6PI,0,1,26,23
AG13T16g;PMANM,0,1,26,23
AG13T17g;ATPasel,1,0,25,24
AG13T17g;MAN1PT2,0,1,26,23
AG13T17g;MAN6PI,0,1,26,23
AG13T17g;PMANM,0,1,26,23
AG13T18g;ATPasel,1,0,25,24
AG13T18g;MAN1PT2,0,1,26,23
AG13T18g;MAN6PI,0,1,26,23
AG13T18g;PMANM,0,1,26,23
AG13T4g;CDPDAGtm,1,0,25,24
AG13T4g;CDSm,1,0,25,24
AG13T4g;CTPtm,1,0,25,24
AG13T4g;DAGKm_hs,1,0,25,24
AG13T4g;DAG_Hstem,1,0,25,24
AG13T4g;KCC2t,0,1,26,23
AG13T4g;NDPK8,1,0,25,24
AG13T4g;PPItm,1,0,25,24
AG13T4g;TPI,1,0,25,24
AG13T5g;CDPDAGtm,1,0,25,24
AG13T5g;CDSm,1,0,25,24
AG13T5g;CTPtm,1,0,25,24
AG13T5g;DAGKm_hs,1,0,25,24
AG13T5g;DAG_Hstem,1,0,25,24
AG13T5g;KCC2t,0,1,26,23
AG13T5g;NDPK8,1,0,25,24
AG13T5g;PPItm,1,0,25,24
AG13T5g;TPI,1,0,25,24
AG13T6g;CDPDAGtm,1,0,25,24
AG13T6g;CDSm,1,0,25,24
AG13T6g;CTPtm,1,0,25,24
AG13T6g;DAGKm_hs,1,0,25,24
AG13T6g;DAG_Hstem,1,0,25,24
AG13T6g;KCC2t,0,1,26,23
AG13T6g;NDPK8,1,0,25,24
AG13T6g;PPItm,1,0,25,24
AG13T6g;TPI,1,0,25,24
AG13T7g;CDPDAGtm,1,0,25,24
AG13T7g;CDSm,1,0,25,24
AG13T7g;CTPtm,1,0,25,24
AG13T7g;DAGKm_hs,1,0,25,24
AG13T7g;DAG_Hstem,1,0,25,24
AG13T7g;KCC2t,0,1,26,23
AG13T7g;NDPK8,1,0,25,24
AG13T7g;PPItm,1,0,25,24
AG13T7g;TPI,1,0,25,24
AG13T8g;CDPDAGtm,1,0,25,24
AG13T8g;CDSm,1,0,25,24
AG13T8g;CTPtm,1,0,25,24
AG13T8g;DAGKm_hs,1,0,25,24
AG13T8g;DAG_Hstem,1,0,25,24
AG13T8g;KCC2t,0,1,26,23
AG13T8g;NDPK8,1,0,25,24
AG13T8g;PPItm,1,0,25,24
AG13T8g;TPI,1,0,25,24
AG13T9g;CDPDAGtm,1,0,25,24
AG13T9g;CDSm,1,0,25,24
AG13T9g;CTPtm,1,0,25,24
AG13T9g;DAGKm_hs,1,0,25,24
AG13T9g;DAG_Hstem,1,0,25,24
AG13T9g;KCC2t,0,1,26,23
AG13T9g;NDPK8,1,0,25,24
AG13T9g;PPItm,1,0,25,24
AG13T9g;TPI,1,0,25,24
AGLPC;GLYATm,0,1,26,23
AGLPC;H2Oter,1,0,25,24
AGLPC;Htx,1,0,25,24
AGLPC;PIt7,0,1,26,23
AGLPC;THR3Dx,0,1,26,23
AGLPH;GLYATm,0,1,26,23
AGLPH;H2Oter,1,0,25,24
AGLPH;Htx,1,0,25,24
AGLPH;PIt7,0,1,26,23
AGLPH;THR3Dx,0,1,26,23
AGLPR;GLYATm,0,1,26,23
AGLPR;H2Oter,1,0,25,24
AGLPR;Htx,1,0,25,24
AGLPR;PIt7,0,1,26,23
AGLPR;THR3Dx,0,1,26,23
AGLPT;GLYATm,0,1,26,23
AGLPT;H2Oter,1,0,25,24
AGLPT;Htx,1,0,25,24
AGLPT;PIt7,0,1,26,23
AGLPT;THR3Dx,0,1,26,23
AGPAT1;AGPAT1m,10,4,16,20
AGPAT1;ATPt4,1,0,25,24
AGPAT1;CDPDAGtm,7,4,19,20
AGPAT1;CDSm,7,4,19,20
AGPAT1;CRNtim,10,1,16,23
AGPAT1;CTPtm,7,3,19,21
AGPAT1;CYTDK2m,0,1,26,23
AGPAT1;CYTDtm,0,1,26,23
AGPAT1;CYTK1m,0,1,26,23
AGPAT1;DNDPt42m,0,1,26,23
AGPAT1;DUMPtm,0,1,26,23
AGPAT1;DUTCP,0,1,26,23
AGPAT1;DUTPDPm,0,1,26,23
AGPAT1;GLYC3Ptm,2,1,24,23
AGPAT1;GLYC3Ptmc,6,2,20,22
AGPAT1;GPAMm_hs,10,4,16,20
AGPAT1;NDPK3m,0,1,26,23
AGPAT1;NTD4,1,0,25,24
AGPAT1;PIATPLtm,0,1,26,23
AGPAT1;PIt2m_2,0,1,26,23
AGPAT1;PPAm,1,0,25,24
AGPAT1;PPCOACRNtm,0,3,26,21
AGPAT1;PPCOAtm,0,3,26,21
AGPAT1;PPItm,6,3,20,21
AGPAT1;RTOTALCRNCPT1,10,4,16,20
AGPAT1;RTOTALCRNCPT2,10,4,16,20
AGPAT1;RTOTALCRNt,10,4,16,20
AGPAT1;URIDK2,0,1,26,23
AGPAT1m;CDS,8,3,18,21
AGPAT1m;CITRt2m,0,2,26,22
AGPAT1m;CITRtm,0,1,26,23
AGPAT1m;CO2tm,1,0,25,24
AGPAT1m;DAG_Hstem,2,0,24,24
AGPAT1m;GLYC3Ptmc,1,0,25,24
AGPAT1m;GPAM_hs,10,4,16,20
AGPAT1m;HCO3E,1,0,25,24
AGPAT1m;HCO3Em,1,0,25,24
AGPAT1m;HCO3tm,1,0,25,24
AGPAT1m;L_LACtcm,2,0,24,24
AGPAT1m;L_LACtm,2,0,24,24
AGPAT1m;PPAPA,2,0,24,24
AGPSx;GLYATm,0,1,26,23
AGPSx;H2Oter,1,0,25,24
AGPSx;Htx,1,0,25,24
AGPSx;PIt7,0,1,26,23
AGPSx;THR3Dx,0,1,26,23
AGPex;GLYATm,0,1,26,23
AGPex;H2Oter,1,0,25,24
AGPex;Htx,1,0,25,24
AGPex;PIt7,0,1,26,23
AGPex;THR3Dx,0,1,26,23
AGTim;CITRt2m,0,1,26,23
AGTim;CITRtm,0,1,26,23
AGTim;DHFRx,0,1,26,23
AGTim;DHFtm,0,1,26,23
AGTim;GLUDym,0,1,26,23
AGTim;NH4tm,0,1,26,23
AGTim;PIt2m_2,0,1,26,23
AGTim;THFtm,0,1,26,23
AGTix;DHFRx,0,1,26,23
AGTix;DHFtm,0,1,26,23
AGTix;GLUDym,0,1,26,23
AGTix;GLYtp,0,1,26,23
AGTix;NH4tm,0,1,26,23
AGTix;THFtm,0,1,26,23
AHC;AKGACACte,1,0,25,24
AHC;AKGSUCCtm,1,0,25,24
AHC;ATPS4m,1,0,25,24
AHC;CAT,1,0,25,24
AHC;CDS,0,1,26,23
AHC;CHOLK,0,2,26,22
AHC;CHOLt4,1,2,25,22
AHC;CHOLtu,2,4,24,20
AHC;CYOOm2,1,0,25,24
AHC;CYOR_u10m,1,0,25,24
AHC;CYSt4,0,1,26,23
AHC;DHFR,1,0,25,24
AHC;DHFRx,1,0,25,24
AHC;DHFtm,1,0,25,24
AHC;FBA,1,0,25,24
AHC;FKYNH,2,0,24,24
AHC;FUM,1,0,25,24
AHC;GLUDym,1,0,25,24
AHC;GLUt2m,2,0,24,24
AHC;H2Oter,3,0,23,24
AHC;KYNAKGAT,2,0,24,24
AHC;KYNATESYN,2,0,24,24
AHC;KYNATEtr,2,0,24,24
AHC;MAL_Lte,2,1,24,23
AHC;MTHFC,1,1,25,23
AHC;MTHFD,1,0,25,24
AHC;MTHFD2,0,1,26,23
AHC;NH4tm,1,0,25,24
AHC;NTD7,1,1,25,23
AHC;PFK,1,0,25,24
AHC;PGI,1,0,25,24
AHC;PIMALtm,1,0,25,24
AHC;PYRAKGte,1,0,25,24
AHC;PYRFORte,1,0,25,24
AHC;SO4AKGtm,1,0,25,24
AHC;SO4MALtm,1,0,25,24
AHC;THFtm,1,0,25,24
AHC;THRA,1,0,25,24
AHC;TRPO2,2,0,24,24
AHCYStn;AKGACACte,1,0,25,24
AHCYStn;AMETt2m,0,1,26,23
AHCYStn;AMPPHm,0,1,26,23
AHCYStn;BPNT,0,1,26,23
AHCYStn;CITRORNte,0,1,26,23
AHCYStn;CITRte,0,1,26,23
AHCYStn;CK,0,1,26,23
AHCYStn;CO2tm,0,1,26,23
AHCYStn;COQ3m,0,1,26,23
AHCYStn;COQ5m,0,1,26,23
AHCYStn;COQ6m,0,1,26,23
AHCYStn;COQ7m,0,1,26,23
AHCYStn;COUCOAFm,0,1,26,23
AHCYStn;CREATtmdiffir,0,1,26,23
AHCYStn;CRTNsyn,0,1,26,23
AHCYStn;CRTNte,0,1,26,23
AHCYStn;DECDPtm,0,1,26,23
AHCYStn;DHDPBMTm,0,1,26,23
AHCYStn;DOPAMT,2,0,24,24
AHCYStn;DPHMBDCm,0,1,26,23
AHCYStn;DPPS,0,1,26,23
AHCYStn;FKYNH,2,0,24,24
AHCYStn;FRDPtc,0,1,26,23
AHCYStn;GACMTRc,0,1,26,23
AHCYStn;GLUDym,1,1,25,23
AHCYStn;GLUt2m,1,0,25,24
AHCYStn;GLYAMDTRc,0,1,26,23
AHCYStn;H2Oter,1,0,25,24
AHCYStn;HBZOPT10m,0,1,26,23
AHCYStn;HISDC,1,1,25,23
AHCYStn;HOMOVALte,2,0,24,24
AHCYStn;IDHPOXOX2b,0,1,26,23
AHCYStn;IDHPOXOX3,0,1,26,23
AHCYStn;IDHPOXOXb,0,1,26,23
AHCYStn;ILEOX,0,1,26,23
AHCYStn;ILETAm,0,1,26,23
AHCYStn;KYNAKGAT,2,0,24,24
AHCYStn;KYNATESYN,2,0,24,24
AHCYStn;KYNATEtr,2,0,24,24
AHCYStn;LCYSTCBOXL,0,1,26,23
AHCYStn;MACOXO,1,1,25,23
AHCYStn;MHISOR,1,1,25,23
AHCYStn;NAIt,0,1,26,23
AHCYStn;NH4tm,1,0,25,24
AHCYStn;NMNS,0,1,26,23
AHCYStn;PCREATtmdiffir,0,1,26,23
AHCYStn;PE_HStm,0,1,26,23
AHCYStn;PIATPLtm,0,1,26,23
AHCYStn;PPItm,0,1,26,23
AHCYStn;PSDm_hs,0,2,26,22
AHCYStn;PSFLIPm,0,2,26,22
AHCYStn;PYRAKGte,2,0,24,24
AHCYStn;PYRFORte,1,0,25,24
AHCYStn;Q10H2e,0,1,26,23
AHCYStn;SADT,0,1,26,23
AHCYStn;SAMHISTA,1,1,25,23
AHCYStn;SO4CLtex,0,1,26,23
AHCYStn;T4HCINNMFM,0,1,26,23
AHCYStn;TAURCHAe,0,1,26,23
AHCYStn;THYPX,0,1,26,23
AHCYStn;TRIODTHYt,0,1,26,23
AHCYStn;TRPO2,2,0,24,24
AHCYStn;TYRDOPO,4,0,22,24
AHCYStn;TYRTAm,0,1,26,23
AHCYStn;TYRtl,0,1,26,23
AHCYStn;q10h2tc,0,1,26,23
AHEXASEly;ASCBt5,1,0,25,24
AHEXASEly;ASCBtr,1,0,25,24
AHEXASEly;GLACter,1,0,25,24
AHEXASEly;GLCURter,1,0,25,24
AHEXASEly;GLCURtly,1,0,25,24
AHEXASEly;GLRASE,1,0,25,24
AHEXASEly;GULLACter,1,0,25,24
AHEXASEly;GULOer,1,0,25,24
AHEXASEly;H2O2ter,1,0,25,24
AHEXASEly;HAS1,1,0,25,24
AHEXASEly;HAS2,1,0,25,24
AHEXASEly;HAtly,1,0,25,24
AHEXASEly;HYAL,1,0,25,24
AHEXASEly;UDPGD,1,0,25,24
AHEXASEly;UMPK5,0,1,26,23
AHEXASEly;UROLACer,1,0,25,24
AK2LGCHOLt;GLYATm,0,1,26,23
AK2LGCHOLt;H2Oter,1,0,25,24
AK2LGCHOLt;Htx,1,0,25,24
AK2LGCHOLt;PIt7,0,1,26,23
AK2LGCHOLt;THR3Dx,0,1,26,23
AKG2HBte;METDECARc,0,1,26,23
AKG2HBte;METTRANSc,0,1,26,23
AKGACACte;AKGtn,1,0,25,24
AKGACACte;ALCD1,1,0,25,24
AKGACACte;AMETtn,1,0,25,24
AKGACACte;CO2tn,1,0,25,24
AKGACACte;FALDtn,1,0,25,24
AKGACACte;MEOHt2,1,0,25,24
AKGACACte;METAT,1,0,25,24
AKGACACte;O2tn,1,0,25,24
AKGACONtm;ALABte,0,1,26,23
AKGACONtm;ALASm,1,0,25,24
AKGACONtm;APAT2rm,0,1,26,23
AKGACONtm;ARTFR41,0,1,26,23
AKGACONtm;BALAtmr,0,1,26,23
AKGACONtm;C161CPT1,0,1,26,23
AKGACONtm;CACT4r,0,1,26,23
AKGACONtm;COAtm,0,1,26,23
AKGACONtm;COAtr,0,1,26,23
AKGACONtm;DESAT16_1,0,1,26,23
AKGACONtm;ENO,0,1,26,23
AKGACONtm;GAPD,0,1,26,23
AKGACONtm;GLYATm,0,1,26,23
AKGACONtm;GTPGDPtm,1,0,25,24
AKGACONtm;HCO3Em,0,1,26,23
AKGACONtm;HCO3tm,0,1,26,23
AKGACONtm;MAL_Lte,1,0,25,24
AKGACONtm;NDP7er,1,0,25,24
AKGACONtm;OBDHc,0,1,26,23
AKGACONtm;PGK,0,1,26,23
AKGACONtm;PGM,0,1,26,23
AKGACONtm;PLMCOAPTr,0,1,26,23
AKGACONtm;PMTCOAFABP1tc,0,1,26,23
AKGACONtm;PPBNGS,1,0,25,24
AKGACONtm;PPCOAOm,0,1,26,23
AKGACONtm;PPItm,1,0,25,24
AKGACONtm;PROAKGOX1m,1,0,25,24
AKGACONtm;PRPNCOAHYDm,0,1,26,23
AKGACONtm;RTOT4,0,1,26,23
AKGACONtm;SUCOAS1m,1,0,25,24
AKGACONtm;THR3Dx,0,1,26,23
AKGACONtm;THRD_L,0,1,26,23
AKGACONtm;UDPGCURtr,1,0,25,24
AKGACONtm;UDPGD,1,0,25,24
AKGACONtm;UMPtr,1,0,25,24
AKGACte;NACDe,1,0,25,24
AKGACte;NACPRT,1,0,25,24
AKGACte;NCAMDe,1,0,25,24
AKGACte;NMNDA,1,0,25,24
AKGACte;NMNS,1,0,25,24
AKGBUTte;ALASm,1,0,25,24
AKGBUTte;FE2tm,1,0,25,24
AKGBUTte;GTPGDPtm,1,0,25,24
AKGBUTte;NDP7er,1,0,25,24
AKGBUTte;PPBNGS,1,0,25,24
AKGBUTte;PPItm,1,0,25,24
AKGBUTte;PROAKGOX1m,1,0,25,24
AKGBUTte;SUCOAS1m,1,0,25,24
AKGBUTte;UDPGCURtr,1,0,25,24
AKGBUTte;UDPGD,1,0,25,24
AKGBUTte;UMPtr,1,0,25,24
AKGBUTte;UPPDC1,1,0,25,24
AKGDa1;BDMT,0,1,26,23
AKGDa1;CDPDAGtm,1,0,25,24
AKGDa1;CDSm,1,0,25,24
AKGDa1;CITRt2m,0,1,26,23
AKGDa1;CITRtm,0,1,26,23
AKGDa1;CITtam,0,1,26,23
AKGDa1;CITtbm,0,1,26,23
AKGDa1;CTPtm,1,0,25,24
AKGDa1;DAG_Hstem,1,0,25,24
AKGDa1;DOLASNTer,0,1,26,23
AKGDa1;DOLDPPer,0,1,26,23
AKGDa1;DOLGLCP_ter,0,1,26,23
AKGDa1;DOLMANP_ter,0,1,26,23
AKGDa1;DOLPGT1er,0,1,26,23
AKGDa1;DOLPGT2er,0,1,26,23
AKGDa1;DOLPGT3er,0,1,26,23
AKGDa1;DOLPMT,0,1,26,23
AKGDa1;DOLPMT1er,0,1,26,23
AKGDa1;DOLPMT2_er,0,1,26,23
AKGDa1;DOLPMT3er,0,1,26,23
AKGDa1;DOLPMT4_er,0,1,26,23
AKGDa1;DOLP_ter,0,1,26,23
AKGDa1;G12MT1,0,1,26,23
AKGDa1;G12MT2,0,1,26,23
AKGDa1;G13MT,0,1,26,23
AKGDa1;G16MT,0,1,26,23
AKGDa1;GLCNACPT,0,1,26,23
AKGDa1;GLCNACT,0,1,26,23
AKGDa1;GLCter,0,1,26,23
AKGDa1;H2Otg,0,1,26,23
AKGDa1;HEX4,0,1,26,23
AKGDa1;Htg,0,1,26,23
AKGDa1;LEUTAm,0,1,26,23
AKGDa1;LEUt5m,0,1,26,23
AKGDa1;M13N2Tg,0,1,26,23
AKGDa1;M4MPDOL_ter,0,1,26,23
AKGDa1;M8MASNterg,0,1,26,23
AKGDa1;MAN1PT2,0,1,26,23
AKGDa1;MAN6PI,0,1,26,23
AKGDa1;MANtg,0,1,26,23
AKGDa1;MDHm,0,1,26,23
AKGDa1;MG1er,0,1,26,23
AKGDa1;MG2er,0,1,26,23
AKGDa1;MG3er,0,1,26,23
AKGDa1;MM5ag,0,1,26,23
AKGDa1;MM6bg,0,1,26,23
AKGDa1;MM7Cag,0,1,26,23
AKGDa1;MM8Ag,0,1,26,23
AKGDa1;NDP7g,0,1,26,23
AKGDa1;PEPCKm,0,1,26,23
AKGDa1;PItg,0,1,26,23
AKGDa1;PMANM,0,1,26,23
AKGDa1;THRA,0,1,26,23
AKGDa1;UAGDP,0,1,26,23
AKGDa1;UDPDOLPT,0,1,26,23
AKGDa1;UGLCNACtg,0,1,26,23
AKGDa2;BDMT,0,1,26,23
AKGDa2;CDPDAGtm,1,0,25,24
AKGDa2;CDSm,1,0,25,24
AKGDa2;CITRt2m,0,1,26,23
AKGDa2;CITRtm,0,1,26,23
AKGDa2;CITtam,0,1,26,23
AKGDa2;CITtbm,0,1,26,23
AKGDa2;CTPtm,1,0,25,24
AKGDa2;DAG_Hstem,1,0,25,24
AKGDa2;DOLASNTer,0,1,26,23
AKGDa2;DOLDPPer,0,1,26,23
AKGDa2;DOLGLCP_ter,0,1,26,23
AKGDa2;DOLMANP_ter,0,1,26,23
AKGDa2;DOLPGT1er,0,1,26,23
AKGDa2;DOLPGT2er,0,1,26,23
AKGDa2;DOLPGT3er,0,1,26,23
AKGDa2;DOLPMT,0,1,26,23
AKGDa2;DOLPMT1er,0,1,26,23
AKGDa2;DOLPMT2_er,0,1,26,23
AKGDa2;DOLPMT3er,0,1,26,23
AKGDa2;DOLPMT4_er,0,1,26,23
AKGDa2;DOLP_ter,0,1,26,23
AKGDa2;G12MT1,0,1,26,23
AKGDa2;G12MT2,0,1,26,23
AKGDa2;G13MT,0,1,26,23
AKGDa2;G16MT,0,1,26,23
AKGDa2;GLCNACPT,0,1,26,23
AKGDa2;GLCNACT,0,1,26,23
AKGDa2;GLCter,0,1,26,23
AKGDa2;H2Otg,0,1,26,23
AKGDa2;HEX4,0,1,26,23
AKGDa2;Htg,0,1,26,23
AKGDa2;LEUTAm,0,1,26,23
AKGDa2;LEUt5m,0,1,26,23
AKGDa2;M13N2Tg,0,1,26,23
AKGDa2;M4MPDOL_ter,0,1,26,23
AKGDa2;M8MASNterg,0,1,26,23
AKGDa2;MAN1PT2,0,1,26,23
AKGDa2;MAN6PI,0,1,26,23
AKGDa2;MANtg,0,1,26,23
AKGDa2;MDHm,0,1,26,23
AKGDa2;MG1er,0,1,26,23
AKGDa2;MG2er,0,1,26,23
AKGDa2;MG3er,0,1,26,23
AKGDa2;MM5ag,0,1,26,23
AKGDa2;MM6bg,0,1,26,23
AKGDa2;MM7Cag,0,1,26,23
AKGDa2;MM8Ag,0,1,26,23
AKGDa2;NDP7g,0,1,26,23
AKGDa2;PEPCKm,0,1,26,23
AKGDa2;PItg,0,1,26,23
AKGDa2;PMANM,0,1,26,23
AKGDa2;THRA,0,1,26,23
AKGDa2;UAGDP,0,1,26,23
AKGDa2;UDPDOLPT,0,1,26,23
AKGDa2;UGLCNACtg,0,1,26,23
AKGDb;BDMT,0,1,26,23
AKGDb;CDPDAGtm,1,0,25,24
AKGDb;CDSm,1,0,25,24
AKGDb;CITRt2m,0,1,26,23
AKGDb;CITRtm,0,1,26,23
AKGDb;CITtam,0,1,26,23
AKGDb;CITtbm,0,1,26,23
AKGDb;CTPtm,1,0,25,24
AKGDb;DAG_Hstem,1,0,25,24
AKGDb;DOLASNTer,0,1,26,23
AKGDb;DOLDPPer,0,1,26,23
AKGDb;DOLGLCP_ter,0,1,26,23
AKGDb;DOLMANP_ter,0,1,26,23
AKGDb;DOLPGT1er,0,1,26,23
AKGDb;DOLPGT2er,0,1,26,23
AKGDb;DOLPGT3er,0,1,26,23
AKGDb;DOLPMT,0,1,26,23
AKGDb;DOLPMT1er,0,1,26,23
AKGDb;DOLPMT2_er,0,1,26,23
AKGDb;DOLPMT3er,0,1,26,23
AKGDb;DOLPMT4_er,0,1,26,23
AKGDb;DOLP_ter,0,1,26,23
AKGDb;G12MT1,0,1,26,23
AKGDb;G12MT2,0,1,26,23
AKGDb;G13MT,0,1,26,23
AKGDb;G16MT,0,1,26,23
AKGDb;GLCNACPT,0,1,26,23
AKGDb;GLCNACT,0,1,26,23
AKGDb;GLCter,0,1,26,23
AKGDb;H2Otg,0,1,26,23
AKGDb;HEX4,0,1,26,23
AKGDb;Htg,0,1,26,23
AKGDb;LEUTAm,0,1,26,23
AKGDb;LEUt5m,0,1,26,23
AKGDb;M13N2Tg,0,1,26,23
AKGDb;M4MPDOL_ter,0,1,26,23
AKGDb;M8MASNterg,0,1,26,23
AKGDb;MAN1PT2,0,1,26,23
AKGDb;MAN6PI,0,1,26,23
AKGDb;MANtg,0,1,26,23
AKGDb;MDHm,0,1,26,23
AKGDb;MG1er,0,1,26,23
AKGDb;MG2er,0,1,26,23
AKGDb;MG3er,0,1,26,23
AKGDb;MM5ag,0,1,26,23
AKGDb;MM6bg,0,1,26,23
AKGDb;MM7Cag,0,1,26,23
AKGDb;MM8Ag,0,1,26,23
AKGDb;NDP7g,0,1,26,23
AKGDb;PEPCKm,0,1,26,23
AKGDb;PItg,0,1,26,23
AKGDb;PMANM,0,1,26,23
AKGDb;THRA,0,1,26,23
AKGDb;UAGDP,0,1,26,23
AKGDb;UDPDOLPT,0,1,26,23
AKGDb;UGLCNACtg,0,1,26,23
AKGGHTRDtm;HCO3E,1,0,25,24
AKGGHTRDtm;MAL_Lte,1,0,25,24
AKGGHTRDtm;PHETA1,0,1,26,23
AKGGHTRDtm;PHETA1m,0,1,26,23
AKGGHTRDtm;PHEt4m,0,1,26,23
AKGGHTRDtm;PHPYRtm,0,1,26,23
AKGGHTRDtm;PYRt2r,0,1,26,23
AKGICITtm;CITtam,0,1,26,23
AKGICITtm;CITtbm,0,1,26,23
AKGICITtm;MDHm,0,1,26,23
AKGICITtm;PEPCKm,0,1,26,23
AKGICITtm;THRA,0,1,26,23
AKGMALtm;ALDD2y,0,1,26,23
AKGMALtm;ASPPROASCT1,0,1,26,23
AKGMALtm;CDPDAGtm,1,0,25,24
AKGMALtm;CDSm,1,0,25,24
AKGMALtm;CTPtm,1,0,25,24
AKGMALtm;DAG_Hstem,1,0,25,24
AKGMALtm;MAL_Lte,1,0,25,24
AKGMALtm;PPItm,1,0,25,24
AKGMALtm;THRA,0,1,26,23
AKGSUCCtm;ALDD2y,2,0,24,24
AKGSUCCtm;AMETt2m,1,0,25,24
AKGSUCCtm;AMPt4,1,0,25,24
AKGSUCCtm;ARTFR52,1,0,25,24
AKGSUCCtm;ATPS4m,1,0,25,24
AKGSUCCtm;ATPt4,2,1,24,23
AKGSUCCtm;CDPDAGtm,1,0,25,24
AKGSUCCtm;CDSm,1,0,25,24
AKGSUCCtm;CHOLtu,0,1,26,23
AKGSUCCtm;CITRt2m,0,2,26,22
AKGSUCCtm;CITRtm,0,1,26,23
AKGSUCCtm;CO2tm,2,0,24,24
AKGSUCCtm;COQ3m,1,0,25,24
AKGSUCCtm;COQ5m,1,0,25,24
AKGSUCCtm;COQ6m,1,0,25,24
AKGSUCCtm;COQ7m,1,0,25,24
AKGSUCCtm;COUCOAFm,1,0,25,24
AKGSUCCtm;CTPtm,1,0,25,24
AKGSUCCtm;CYP2R1,0,2,26,22
AKGSUCCtm;DAG_Hstem,1,0,25,24
AKGSUCCtm;DECDPtm,1,0,25,24
AKGSUCCtm;DHCR242r,0,2,26,22
AKGSUCCtm;DHDPBMTm,1,0,25,24
AKGSUCCtm;DPHMBDCm,1,0,25,24
AKGSUCCtm;DPPS,1,0,25,24
AKGSUCCtm;FACOAL80im,0,1,26,23
AKGSUCCtm;FAE200,1,0,25,24
AKGSUCCtm;FAE220,1,0,25,24
AKGSUCCtm;FAE240,1,0,25,24
AKGSUCCtm;FAE260,1,0,25,24
AKGSUCCtm;FBA,0,1,26,23
AKGSUCCtm;FRDPtc,1,0,25,24
AKGSUCCtm;FUM,1,0,25,24
AKGSUCCtm;GLUDxm,0,1,26,23
AKGSUCCtm;GLUt2m,0,2,26,22
AKGSUCCtm;GLYACm,1,0,25,24
AKGSUCCtm;GTPGDPtm,0,1,26,23
AKGSUCCtm;H2O2t,0,1,26,23
AKGSUCCtm;H2Oter,1,0,25,24
AKGSUCCtm;HACD200,1,0,25,24
AKGSUCCtm;HACD220,1,0,25,24
AKGSUCCtm;HACD240,1,0,25,24
AKGSUCCtm;HACD260,1,0,25,24
AKGSUCCtm;HBZOPT10m,1,0,25,24
AKGSUCCtm;HCO3E,2,0,24,24
AKGSUCCtm;HEXCCOAtr,1,0,25,24
AKGSUCCtm;HSD200,1,0,25,24
AKGSUCCtm;HSD220,1,0,25,24
AKGSUCCtm;HSD240,1,0,25,24
AKGSUCCtm;HSD260,1,0,25,24
AKGSUCCtm;HSD3B11,1,0,25,24
AKGSUCCtm;Htr,1,0,25,24
AKGSUCCtm;LSTO2r,0,2,26,22
AKGSUCCtm;MAL_Lte,1,0,25,24
AKGSUCCtm;METAT,1,0,25,24
AKGSUCCtm;METOX,2,0,24,24
AKGSUCCtm;NACDe,1,1,25,23
AKGSUCCtm;NACPRT,1,1,25,23
AKGSUCCtm;NCAMDe,1,1,25,23
AKGSUCCtm;NMNDA,1,1,25,23
AKGSUCCtm;NMNS,2,2,24,22
AKGSUCCtm;P45011A1m,1,0,25,24
AKGSUCCtm;PFK,0,1,26,23
AKGSUCCtm;PGI,0,1,26,23
AKGSUCCtm;PHEOX,0,1,26,23
AKGSUCCtm;PHETA1,1,1,25,23
AKGSUCCtm;PHETA1m,1,0,25,24
AKGSUCCtm;PHEt4m,1,0,25,24
AKGSUCCtm;PHPYRtm,1,0,25,24
AKGSUCCtm;PIMALtm,0,3,26,21
AKGSUCCtm;PIt2m_2,1,0,25,24
AKGSUCCtm;PPItm,1,0,25,24
AKGSUCCtm;PRGNLONEtm,1,0,25,24
AKGSUCCtm;PRGSTRNt,1,0,25,24
AKGSUCCtm;PVD3,0,2,26,22
AKGSUCCtm;PYRtm,0,1,26,23
AKGSUCCtm;Q10H2e,1,0,25,24
AKGSUCCtm;RTOT5,1,0,25,24
AKGSUCCtm;SO3AKGtm,0,2,26,22
AKGSUCCtm;SO3MALtm,0,2,26,22
AKGSUCCtm;SO4AKGtm,0,1,26,23
AKGSUCCtm;SO4MALtm,0,1,26,23
AKGSUCCtm;T4HCINNMFM,1,0,25,24
AKGSUCCtm;TECR200,1,0,25,24
AKGSUCCtm;TECR220,1,0,25,24
AKGSUCCtm;TECR240,1,0,25,24
AKGSUCCtm;TECR260,1,0,25,24
AKGSUCCtm;TYRTAm,1,0,25,24
AKGSUCCtm;TYRtl,1,0,25,24
AKGSUCCtm;UMPK5,1,0,25,24
AKGSUCCtm;UNK3,2,0,24,24
AKGSUCCtm;VD3,0,2,26,22
AKGSUCCtm;q10h2tc,1,0,25,24
AKGtn;H3K9MET_2,0,1,26,23
AKGtn;H3K9MET_3,0,1,26,23
AKGtn;H3K9_synthesis,0,1,26,23
AKGtn;LYStn,0,1,26,23
AKGtn;PE_HStm,0,1,26,23
AKGtn;PIATPLtm,0,1,26,23
AKGtn;PPItm,0,1,26,23
AKGtn;PSDm_hs,0,2,26,22
AKGtn;PSFLIPm,0,2,26,22
AKGtn;PYRAKGte,2,0,24,24
AKGtn;PYRFORte,1,0,25,24
AKGtn;Q10H2e,0,1,26,23
AKGtn;SADT,0,1,26,23
AKGtn;SAMHISTA,0,1,26,23
AKGtn;SO4CLtex,0,1,26,23
AKGtn;T4HCINNMFM,0,1,26,23
AKGtn;TAURCHAe,0,1,26,23
AKGtn;THYPX,0,1,26,23
AKGtn;TRIODTHYt,0,1,26,23
AKGtn;TRPO2,2,0,24,24
AKGtn;TYRDOPO,4,0,22,24
AKGtn;TYRTAm,0,1,26,23
AKGtn;TYRtl,0,1,26,23
AKGtn;peplys_synthesis,0,1,26,23
AKGtn;q10h2tc,0,1,26,23
ALAATB0tc;ALAt4,0,1,26,23
ALABte;CO2tm,1,0,25,24
ALABte;GLYt2r,1,0,25,24
ALABte;H2O2t,0,1,26,23
ALABte;H2Otm,2,0,24,24
ALABte;HCO3E,1,0,25,24
ALABte;HCO3Em,1,0,25,24
ALABte;HCO3tm,1,0,25,24
ALABte;NDPK6,1,0,25,24
ALABte;PIMALtm,0,1,26,23
ALABte;PIt2m_2,0,1,26,23
ALABte;PROGLUtm,0,1,26,23
ALABte;PYNP2r,1,0,25,24
ALABte;RU5Ptr,1,0,25,24
ALABte;SO3AKGtm,0,1,26,23
ALABte;SO3MALtm,0,1,26,23
ALABte;SUCCACONtm,0,1,26,23
ALABte;URIK4,1,0,25,24
ALAGLYLYSr;H2Otg,0,1,26,23
ALAGLYLYSr;Htg,0,1,26,23
ALAGLYLYSr;NDP7g,0,1,26,23
ALAGLYLYSr;PItg,0,1,26,23
ALAGLYLYSt;H2Otg,0,1,26,23
ALAGLYLYSt;Htg,0,1,26,23
ALAGLYLYSt;NDP7g,0,1,26,23
ALAGLYLYSt;PItg,0,1,26,23
ALASm;ALAt2r,1,0,25,24
ALASm;ATPS4m,1,0,25,24
ALASm;BDMT,0,1,26,23
ALASm;BUTt2r,1,0,25,24
ALASm;CAT,1,0,25,24
ALASm;CDPDAGtm,1,0,25,24
ALASm;CDSm,1,0,25,24
ALASm;CITMCOAHm,1,1,25,23
ALASm;CITMCOALm,1,1,25,23
ALASm;CITRt2m,0,1,26,23
ALASm;CITRtm,0,1,26,23
ALASm;CITtam,0,1,26,23
ALASm;CITtbm,0,1,26,23
ALASm;CSm,1,1,25,23
ALASm;CTPtm,1,0,25,24
ALASm;CYOOm2,1,0,25,24
ALASm;CYOR_u10m,1,0,25,24
ALASm;DAG_Hstem,1,0,25,24
ALASm;DHPR2,1,0,25,24
ALASm;DOLASNTer,0,1,26,23
ALASm;DOLDPPer,0,1,26,23
ALASm;DOLGLCP_ter,0,1,26,23
ALASm;DOLMANP_ter,0,1,26,23
ALASm;DOLPGT1er,0,1,26,23
ALASm;DOLPGT2er,0,1,26,23
ALASm;DOLPGT3er,0,1,26,23
ALASm;DOLPMT,0,1,26,23
ALASm;DOLPMT1er,0,1,26,23
ALASm;DOLPMT2_er,0,1,26,23
ALASm;DOLPMT3er,0,1,26,23
ALASm;DOLPMT4_er,0,1,26,23
ALASm;DOLP_ter,0,1,26,23
ALASm;FKYNH,1,0,25,24
ALASm;G12MT1,0,1,26,23
ALASm;G12MT2,0,1,26,23
ALASm;G13MT,0,1,26,23
ALASm;G16MT,0,1,26,23
ALASm;GLCNACPT,0,1,26,23
ALASm;GLCNACT,0,1,26,23
ALASm;GLCter,0,1,26,23
ALASm;GLYC3Ptmc,0,1,26,23
ALASm;H2Otg,0,2,26,22
ALASm;H2Otm,1,0,25,24
ALASm;HEX4,0,1,26,23
ALASm;Htg,0,2,26,22
ALASm;ICITCITtm,1,0,25,24
ALASm;ICITMALtm,1,0,25,24
ALASm;ITCOALm,1,1,25,23
ALASm;KYNAKGAT,1,0,25,24
ALASm;KYNATESYN,1,0,25,24
ALASm;KYNATEtr,1,0,25,24
ALASm;LEUTAm,0,1,26,23
ALASm;LEUt5m,0,1,26,23
ALASm;M13N2Tg,0,1,26,23
ALASm;M4MPDOL_ter,0,1,26,23
ALASm;M8MASNterg,0,1,26,23
ALASm;MAL_Lte,1,0,25,24
ALASm;MAN1PT2,0,1,26,23
ALASm;MAN6PI,0,1,26,23
ALASm;MANtg,0,1,26,23
ALASm;MDHm,1,1,25,23
ALASm;MG1er,0,1,26,23
ALASm;MG2er,0,1,26,23
ALASm;MG3er,0,1,26,23
ALASm;MM5ag,0,1,26,23
ALASm;MM6bg,0,1,26,23
ALASm;MM7Cag,0,1,26,23
ALASm;MM8Ag,0,1,26,23
ALASm;MTHFR3x,1,0,25,24
ALASm;NDP7g,0,2,26,22
ALASm;PCm,0,1,26,23
ALASm;PEPCKm,0,1,26,23
ALASm;PIt2m_2,1,0,25,24
ALASm;PItg,0,2,26,22
ALASm;PMANM,0,1,26,23
ALASm;PYRt2r,0,1,26,23
ALASm;PYRtm,1,0,25,24
ALASm;SUCOAS1m,0,1,26,23
ALASm;THBPT4ACAMDASE,1,0,25,24
ALASm;THRA,0,1,26,23
ALASm;TRPO2,1,0,25,24
ALASm;TYR3MO2,1,0,25,24
ALASm;UAGDP,0,1,26,23
ALASm;UDPDOLPT,0,1,26,23
ALASm;UGLCNACtg,0,1,26,23
ALATA_Lm;CITRt2m,0,1,26,23
ALATA_Lm;CITRtm,0,1,26,23
ALATA_Lm;DHFRx,0,1,26,23
ALATA_Lm;DHFtm,0,1,26,23
ALATA_Lm;GLUDym,0,1,26,23
ALATA_Lm;NH4tm,0,1,26,23
ALATA_Lm;PIt2m_2,0,1,26,23
ALATA_Lm;THFtm,0,1,26,23
ALAt2r;ALAt4,1,0,25,24
ALAt2r;ALDD2y,1,0,25,24
ALAt2r;BILDGLCURt5e,1,0,25,24
ALAt2r;BILDGLCURtr,1,0,25,24
ALAt2r;BILIRED2,1,0,25,24
ALAt2r;BILIRUBtr,1,0,25,24
ALAt2r;COt,1,0,25,24
ALAt2r;CPPPGO,1,0,25,24
ALAt2r;FCLTm,1,0,25,24
ALAt2r;FE2tm,1,0,25,24
ALAt2r;GALU,1,0,25,24
ALAt2r;GTPGDPtm,1,0,25,24
ALAt2r;HCO3E,1,0,25,24
ALAt2r;HMBS,1,0,25,24
ALAt2r;HOXG,1,0,25,24
ALAt2r;NAHCO3_HCLt,0,1,26,23
ALAt2r;NDP7er,1,0,25,24
ALAt2r;PGMT,1,0,25,24
ALAt2r;PHEMEtm,1,0,25,24
ALAt2r;PIt2m_2,1,0,25,24
ALAt2r;PPBNGS,1,0,25,24
ALAt2r;PPPG9tm,1,0,25,24
ALAt2r;PPPGOm,1,0,25,24
ALAt2r;PROAKGOX1m,1,0,25,24
ALAt2r;PROGLUtm,1,0,25,24
ALAt2r;PROtm,1,0,25,24
ALAt2r;SUCOAS1m,1,0,25,24
ALAt2r;THRA,0,1,26,23
ALAt2r;UDPGCURtr,1,0,25,24
ALAt2r;UDPGD,1,0,25,24
ALAt2r;UGT1A2r,1,0,25,24
ALAt2r;UMPtr,1,0,25,24
ALAt2r;UPP3S,1,0,25,24
ALAt2r;UPPDC1,1,0,25,24
ALAt4;ALAtN1,0,2,26,22
ALCD19;HEX1,0,1,26,23
ALCD19;MTHFC,0,1,26,23
ALCD19;MTHFD2,0,1,26,23
ALCD1;BPNT,1,0,25,24
ALCD1;CAT,2,0,24,24
ALCD1;DOPAMT,1,0,25,24
ALCD1;FKYNH,1,0,25,24
ALCD1;GLUDym,1,0,25,24
ALCD1;GLUt2m,1,0,25,24
ALCD1;H2Otly,2,0,24,24
ALCD1;H3K9MET_2,0,1,26,23
ALCD1;H3K9MET_3,0,1,26,23
ALCD1;H3K9_synthesis,0,1,26,23
ALCD1;HMGDH,0,1,26,23
ALCD1;HMGS,0,1,26,23
ALCD1;HOMOVALte,1,0,25,24
ALCD1;IDHPOXOX2b,1,0,25,24
ALCD1;IDHPOXOX4,1,0,25,24
ALCD1;IDHPOXOXb,1,0,25,24
ALCD1;It,1,0,25,24
ALCD1;KYNAKGAT,1,0,25,24
ALCD1;KYNATESYN,1,0,25,24
ALCD1;KYNATEtr,1,0,25,24
ALCD1;LCYSTCBOXL,1,0,25,24
ALCD1;LYStn,0,1,26,23
ALCD1;NH4tm,1,0,25,24
ALCD1;O2t,1,0,25,24
ALCD1;PE_HStm,0,1,26,23
ALCD1;PSDm_hs,0,2,26,22
ALCD1;PSFLIPm,0,2,26,22
ALCD1;PYRAKGte,1,0,25,24
ALCD1;PYRFORte,1,0,25,24
ALCD1;SADT,1,0,25,24
ALCD1;SFGTH,0,1,26,23
ALCD1;TAURCHAe,1,0,25,24
ALCD1;THYPX,1,0,25,24
ALCD1;THYST,1,0,25,24
ALCD1;TRPO2,1,0,25,24
ALCD1;TYRDOPO,3,0,23,24
ALCD1;peplys_synthesis,0,1,26,23
ALCD21_L;GLYtm,0,1,26,23
ALDD19x;Htr,0,1,26,23
ALDD19x;LDH_L,0,1,26,23
ALDD19xrm;CDPDAGtm,1,0,25,24
ALDD19xrm;CDSm,1,0,25,24
ALDD19xrm;CO2tm,2,0,24,24
ALDD19xrm;CTPtm,1,0,25,24
ALDD19xrm;DAG_Hstem,1,0,25,24
ALDD19xrm;DHFR,2,0,24,24
ALDD19xrm;DHFR3m,1,0,25,24
ALDD19xrm;DHFR3x,1,0,25,24
ALDD19xrm;DHFRm,1,0,25,24
ALDD19xrm;DHFRx,1,0,25,24
ALDD19xrm;DHFtm,1,0,25,24
ALDD19xrm;DPCOAK,1,0,25,24
ALDD19xrm;DRPA,1,0,25,24
ALDD19xrm;DURIPP,1,0,25,24
ALDD19xrm;FOLtm,1,0,25,24
ALDD19xrm;H2Oter,1,0,25,24
ALDD19xrm;H2Otm,1,0,25,24
ALDD19xrm;HCO3E,2,0,24,24
ALDD19xrm;NADH2_u10m,1,0,25,24
ALDD19xrm;PIt2m_2,1,0,25,24
ALDD19xrm;PNTK,1,0,25,24
ALDD19xrm;PNTOte,1,0,25,24
ALDD19xrm;PPA,1,0,25,24
ALDD19xrm;PPCDC,1,0,25,24
ALDD19xrm;PPItm,1,0,25,24
ALDD19xrm;PPM,1,0,25,24
ALDD19xrm;PPM2,1,0,25,24
ALDD19xrm;PPNCL2,1,0,25,24
ALDD19xrm;PTPAT,1,0,25,24
ALDD19xrm;PYNP2r,1,0,25,24
ALDD19xrm;THFtm,2,1,24,23
ALDD19xrm;TRDOXtm,1,0,25,24
ALDD19xrm;TRDR,3,0,23,24
ALDD19xrm;TRDRDtm,1,0,25,24
ALDD19xrm;TRDRm,1,0,25,24
ALDD19xrm;URIK1,1,0,25,24
ALDD19y;Htr,0,1,26,23
ALDD19y;LDH_L,0,1,26,23
ALDD19yrm;CDPDAGtm,1,0,25,24
ALDD19yrm;CDSm,1,0,25,24
ALDD19yrm;CO2tm,2,0,24,24
ALDD19yrm;CTPtm,1,0,25,24
ALDD19yrm;DAG_Hstem,1,0,25,24
ALDD19yrm;DHFR,2,0,24,24
ALDD19yrm;DHFR3m,1,0,25,24
ALDD19yrm;DHFR3x,1,0,25,24
ALDD19yrm;DHFRm,1,0,25,24
ALDD19yrm;DHFRx,1,0,25,24
ALDD19yrm;DHFtm,1,0,25,24
ALDD19yrm;DPCOAK,1,0,25,24
ALDD19yrm;DRPA,1,0,25,24
ALDD19yrm;DURIPP,1,0,25,24
ALDD19yrm;FOLtm,1,0,25,24
ALDD19yrm;H2Oter,1,0,25,24
ALDD19yrm;H2Otm,1,0,25,24
ALDD19yrm;HCO3E,2,0,24,24
ALDD19yrm;NADH2_u10m,1,0,25,24
ALDD19yrm;PIt2m_2,1,0,25,24
ALDD19yrm;PNTK,1,0,25,24
ALDD19yrm;PNTOte,1,0,25,24
ALDD19yrm;PPA,1,0,25,24
ALDD19yrm;PPCDC,1,0,25,24
ALDD19yrm;PPItm,1,0,25,24
ALDD19yrm;PPM,1,0,25,24
ALDD19yrm;PPM2,1,0,25,24
ALDD19yrm;PPNCL2,1,0,25,24
ALDD19yrm;PTPAT,1,0,25,24
ALDD19yrm;PYNP2r,1,0,25,24
ALDD19yrm;THFtm,2,1,24,23
ALDD19yrm;TRDOXtm,1,0,25,24
ALDD19yrm;TRDR,3,0,23,24
ALDD19yrm;TRDRDtm,1,0,25,24
ALDD19yrm;TRDRm,1,0,25,24
ALDD19yrm;URIK1,1,0,25,24
ALDD21;C2tcx,1,0,25,24
ALDD21;C3STDH1Pr,0,1,26,23
ALDD21;C4STMO2Pr,0,1,26,23
ALDD21;CRNrtx,1,0,25,24
ALDD21;CSNATp,1,0,25,24
ALDD21;CSNATr,1,0,25,24
ALDD21;DHFR,0,1,26,23
ALDD21;DHFRm,0,1,26,23
ALDD21;DHFtm,0,1,26,23
ALDD21;H2Oter,1,0,25,24
ALDD21;H2Otp,1,0,25,24
ALDD21;Htr,1,1,25,23
ALDD21;PRDX,1,0,25,24
ALDD21x;C2tcx,1,0,25,24
ALDD21x;C3STDH1Pr,0,1,26,23
ALDD21x;C4STMO2Pr,0,1,26,23
ALDD21x;CRNrtx,1,0,25,24
ALDD21x;CSNATp,1,0,25,24
ALDD21x;CSNATr,1,0,25,24
ALDD21x;DHFR,0,1,26,23
ALDD21x;DHFRm,0,1,26,23
ALDD21x;DHFtm,0,1,26,23
ALDD21x;H2Oter,1,0,25,24
ALDD21x;H2Otp,1,0,25,24
ALDD21x;Htr,1,1,25,23
ALDD21x;PRDX,1,0,25,24
ALDD2x;ALDD2y,5,2,21,22
ALDD2y;ACITLn,0,3,26,21
ALDD2y;ADPtn,0,3,26,21
ALDD2y;ATPtn,0,3,26,21
ALDD2y;CHAT,0,2,26,22
ALDD2y;CHATn,0,3,26,21
ALDD2y;CHOLtn,0,3,26,21
ALDD2y;CITMCOAHm,1,0,25,24
ALDD2y;CITMCOALm,1,0,25,24
ALDD2y;CITSUCCtm,2,1,24,23
ALDD2y;CITtn,0,3,26,21
ALDD2y;FBA,1,0,25,24
ALDD2y;FUM,0,1,26,23
ALDD2y;GHMT2r,0,1,26,23
ALDD2y;GLUDym,1,0,25,24
ALDD2y;GLUt2m,1,1,25,23
ALDD2y;Htr,0,1,26,23
ALDD2y;ICDHxrm,0,1,26,23
ALDD2y;ICDHyr,0,1,26,23
ALDD2y;ICDHyrm,3,3,23,21
ALDD2y;ICITCITtm,2,1,24,23
ALDD2y;ICITMALtm,0,3,26,21
ALDD2y;ITCOALm,1,0,25,24
ALDD2y;MDH,0,1,26,23
ALDD2y;NDPK1,0,1,26,23
ALDD2y;NH4tm,1,0,25,24
ALDD2y;NTD10,0,2,26,22
ALDD2y;OAADC,0,1,26,23
ALDD2y;OAAtn,0,3,26,21
ALDD2y;OXALSUCCCL,0,1,26,23
ALDD2y;OXALSUCCCLm,3,4,23,20
ALDD2y;PFK2,1,0,25,24
ALDD2y;PIMALtm,0,1,26,23
ALDD2y;PItn,0,3,26,21
ALDD2y;PPM,0,2,26,22
ALDD2y;PUNP7,0,2,26,22
ALDD2y;PYK6,1,0,25,24
ALDD2y;PYRtm,1,0,25,24
ALDD2y;SERt4,0,1,26,23
ALDD2y;SO4AKGtm,0,1,26,23
ALDD2y;SO4MALtm,0,1,26,23
ALDD2y;URATEt,0,2,26,22
ALDD2y;XAND,0,2,26,22
ALOX15;C2tcx,1,0,25,24
ALOX15;CRNrtx,1,0,25,24
ALOX15;CSNATp,1,0,25,24
ALOX15;CSNATr,1,0,25,24
ALOX15;H2Oter,2,0,24,24
ALOX15;H2Otp,1,0,25,24
ALOX15;Htr,1,1,25,23
ALOX15;PRDX,1,0,25,24
ALOX52;Htr,1,0,25,24
ALOX5;Htr,1,0,25,24
ALPAP;CITRt2m,0,1,26,23
ALR2;GLYtm,0,1,26,23
ALR3;GLYtm,0,1,26,23
AM6SAD;H2Oter,1,0,25,24
AM6SAD;ILETA,1,0,25,24
AM6SAD;METDECARc,0,1,26,23
AM6SAD;METTRANSc,0,1,26,23
AM6SAD;NACDe,1,0,25,24
AM6SAD;NACPRT,1,0,25,24
AM6SAD;NCAMDe,1,0,25,24
AM6SAD;NMNDA,1,0,25,24
AM6SAD;NMNS,1,0,25,24
AMANK;HEX12,0,1,26,23
AMANK;KCC2t,0,1,26,23
AMANK;TPI,1,0,25,24
AMCOXO;H2Oter,1,0,25,24
AMCOXO;ILETA,1,0,25,24
AMCOXO;METDECARc,0,1,26,23
AMCOXO;METTRANSc,0,1,26,23
AMCOXO;NACDe,1,0,25,24
AMCOXO;NACPRT,1,0,25,24
AMCOXO;NCAMDe,1,0,25,24
AMCOXO;NMNDA,1,0,25,24
AMCOXO;NMNS,1,0,25,24
AMETEPMT;ARGNm,0,1,26,23
AMETEPMT;ARGtm,0,1,26,23
AMETEPMT;CBPSam,0,1,26,23
AMETEPMT;CITRte,0,1,26,23
AMETEPMT;CO2tm,1,1,25,23
AMETEPMT;NH4tm,0,1,26,23
AMETEPMT;NMNS,0,1,26,23
AMETEPMT;OCBTm,0,1,26,23
AMETEPMT;PE_HStm,3,5,23,19
AMETEPMT;PSDm_hs,2,5,24,19
AMETEPMT;PSFLIPm,2,5,24,19
AMETEPMT;THRA,1,0,25,24
AMETEPMT;UREAt,0,1,26,23
AMETEPMT;UREAtm,0,1,26,23
AMETt2m;AKGtn,0,1,26,23
AMETt2m;AMETtn,0,1,26,23
AMETt2m;ATPS4m,2,0,24,24
AMETt2m;CAT,2,0,24,24
AMETt2m;CDS,0,1,26,23
AMETt2m;CEPTC,0,2,26,22
AMETt2m;CHLPCTD,0,2,26,22
AMETt2m;CHOLt4,1,1,25,23
AMETt2m;CHOLtu,2,3,24,21
AMETt2m;CO2tn,0,1,26,23
AMETt2m;CYOOm2,2,1,24,23
AMETt2m;CYOR_u10m,2,1,24,23
AMETt2m;DHFR,1,0,25,24
AMETt2m;DHFRx,1,0,25,24
AMETt2m;DHFtm,1,0,25,24
AMETt2m;DHPR2,1,0,25,24
AMETt2m;FALDtn,0,1,26,23
AMETt2m;GLUt2m,1,0,25,24
AMETt2m;HMGDH,0,1,26,23
AMETt2m;HMGS,0,1,26,23
AMETt2m;MTHFC,0,1,26,23
AMETt2m;MTHFD2,0,1,26,23
AMETt2m;MTHFR3x,1,0,25,24
AMETt2m;PE_HStm,1,0,25,24
AMETt2m;PIMALtm,1,0,25,24
AMETt2m;SFGTH,0,1,26,23
AMETt2m;SO4AKGtm,1,0,25,24
AMETt2m;SO4MALtm,1,0,25,24
AMETt2m;THBPT4ACAMDASE,1,0,25,24
AMETt2m;THFtm,1,0,25,24
AMETt2m;THRA,1,0,25,24
AMETt2m;TYR3MO2,1,0,25,24
AMETtn;AMPPHm,0,1,26,23
AMETtn;BPNT,0,1,26,23
AMETtn;CITRORNte,0,1,26,23
AMETtn;CITRte,0,1,26,23
AMETtn;CK,0,1,26,23
AMETtn;CO2tm,0,1,26,23
AMETtn;COQ3m,0,1,26,23
AMETtn;COQ5m,0,1,26,23
AMETtn;COQ6m,0,1,26,23
AMETtn;COQ7m,0,1,26,23
AMETtn;COUCOAFm,0,1,26,23
AMETtn;CREATtmdiffir,0,1,26,23
AMETtn;CRTNsyn,0,1,26,23
AMETtn;CRTNte,0,1,26,23
AMETtn;DECDPtm,0,1,26,23
AMETtn;DHDPBMTm,0,1,26,23
AMETtn;DOPAMT,2,0,24,24
AMETtn;DPHMBDCm,0,1,26,23
AMETtn;DPPS,0,1,26,23
AMETtn;FKYNH,2,0,24,24
AMETtn;FRDPtc,0,1,26,23
AMETtn;GACMTRc,0,1,26,23
AMETtn;GLUDym,1,1,25,23
AMETtn;GLUt2m,1,0,25,24
AMETtn;GLYAMDTRc,0,1,26,23
AMETtn;H2Oter,1,0,25,24
AMETtn;HBZOPT10m,0,1,26,23
AMETtn;HISDC,1,1,25,23
AMETtn;HOMOVALte,2,0,24,24
AMETtn;IDHPOXOX2b,0,1,26,23
AMETtn;IDHPOXOX3,0,1,26,23
AMETtn;IDHPOXOXb,0,1,26,23
AMETtn;ILEOX,0,1,26,23
AMETtn;ILETAm,0,1,26,23
AMETtn;KYNAKGAT,2,0,24,24
AMETtn;KYNATESYN,2,0,24,24
AMETtn;KYNATEtr,2,0,24,24
AMETtn;LCYSTCBOXL,0,1,26,23
AMETtn;MACOXO,1,1,25,23
AMETtn;MHISOR,1,1,25,23
AMETtn;NAIt,0,1,26,23
AMETtn;NH4tm,1,0,25,24
AMETtn;NMNS,0,1,26,23
AMETtn;PCREATtmdiffir,0,1,26,23
AMETtn;PE_HStm,0,1,26,23
AMETtn;PIATPLtm,0,1,26,23
AMETtn;PPItm,0,1,26,23
AMETtn;PSDm_hs,0,2,26,22
AMETtn;PSFLIPm,0,2,26,22
AMETtn;PYRAKGte,2,0,24,24
AMETtn;PYRFORte,1,0,25,24
AMETtn;Q10H2e,0,1,26,23
AMETtn;SADT,0,1,26,23
AMETtn;SAMHISTA,1,1,25,23
AMETtn;SO4CLtex,0,1,26,23
AMETtn;T4HCINNMFM,0,1,26,23
AMETtn;TAURCHAe,0,1,26,23
AMETtn;THYPX,0,1,26,23
AMETtn;TRIODTHYt,0,1,26,23
AMETtn;TRPO2,2,0,24,24
AMETtn;TYRDOPO,4,0,22,24
AMETtn;TYRTAm,0,1,26,23
AMETtn;TYRtl,0,1,26,23
AMETtn;q10h2tc,0,1,26,23
AMID6;BPNT,0,2,26,22
AMID6;CMPACNAtg,0,1,26,23
AMID6;CMPSAS,0,1,26,23
AMID6;GALM2,0,1,26,23
AMID6;GALtly,0,1,26,23
AMID6;GDPFUCtg,0,1,26,23
AMID6;GDPtg,0,1,26,23
AMID6;GF6PTA,0,1,26,23
AMID6;GFUCSx,0,1,26,23
AMID6;GMAND,0,1,26,23
AMID6;GMPtg,0,1,26,23
AMID6;H2Otg,0,1,26,23
AMID6;H2Otly,0,1,26,23
AMID6;Htg,0,1,26,23
AMID6;IDHPOXOX2b,0,1,26,23
AMID6;IDHPOXOX3,0,1,26,23
AMID6;IDHPOXOXb,0,1,26,23
AMID6;ILEOX,0,1,26,23
AMID6;ILETA,0,1,26,23
AMID6;LCYSTCBOXL,0,1,26,23
AMID6;MAN1PT2,0,1,26,23
AMID6;MAN6PI,0,1,26,23
AMID6;NAIt,0,1,26,23
AMID6;NDP7g,0,1,26,23
AMID6;PAPStg,0,1,26,23
AMID6;PAPtg,0,1,26,23
AMID6;PGI,0,1,26,23
AMID6;PItg,0,1,26,23
AMID6;PMANM,0,1,26,23
AMID6;SADT,0,2,26,22
AMID6;SO4CLtex,0,1,26,23
AMID6;SO4tl,0,1,26,23
AMID6;TAURCHAe,0,1,26,23
AMID6;THRA,0,1,26,23
AMID6;THYPX,0,1,26,23
AMID6;TRIODTHYt,0,1,26,23
AMID6;UAGDP,0,1,26,23
AMID6;UDPG4E,0,1,26,23
AMID6;UDPGALtg,0,1,26,23
AMID6;UGLCNACtg,0,1,26,23
AMID6;UMPK,0,1,26,23
AMPPHm;AKGtn,0,1,26,23
AMPPHm;CO2tn,0,1,26,23
AMPPHm;CYOOm2,0,1,26,23
AMPPHm;CYOR_u10m,0,1,26,23
AMPPHm;FALDtn,0,1,26,23
AMPPHm;GLUt2m,0,1,26,23
AMPPHm;HMGDH,0,1,26,23
AMPPHm;HMGS,0,1,26,23
AMPPHm;LDH_L,0,1,26,23
AMPPHm;LDH_Lm,0,1,26,23
AMPPHm;L_LACtm,0,1,26,23
AMPPHm;SFGTH,0,1,26,23
AMPt4;ATPS4m,2,0,24,24
AMPt4;CAT,1,0,25,24
AMPt4;CO2tm,0,1,26,23
AMPt4;CYOOm2,2,0,24,24
AMPt4;CYOR_u10m,2,0,24,24
AMPt4;CYP2R1,0,2,26,22
AMPt4;DHCR241r,0,1,26,23
AMPt4;DHCR242r,0,1,26,23
AMPt4;DHFR,1,1,25,23
AMPt4;DHFRm,0,1,26,23
AMPt4;DHFRx,1,0,25,24
AMPt4;DHFtm,1,1,25,23
AMPt4;DHPR2,1,0,25,24
AMPt4;EBP2r,0,1,26,23
AMPt4;FUMm,0,1,26,23
AMPt4;GLUt2m,1,0,25,24
AMPt4;H2O2t,0,1,26,23
AMPt4;Htr,0,1,26,23
AMPt4;LSTO2r,0,2,26,22
AMPt4;MTHFR3x,1,0,25,24
AMPt4;PHEOX,0,1,26,23
AMPt4;PHETA1,0,1,26,23
AMPt4;PIMALtm,1,0,25,24
AMPt4;PVD3,0,2,26,22
AMPt4;PYRtm,0,1,26,23
AMPt4;SO4AKGtm,1,0,25,24
AMPt4;SO4MALtm,1,0,25,24
AMPt4;THBPT4ACAMDASE,1,0,25,24
AMPt4;THFtm,1,0,25,24
AMPt4;THRA,1,0,25,24
AMPt4;TYR3MO2,1,0,25,24
AMPt4;VD3,0,2,26,22
AOBUTDsm;GLYtm,0,1,26,23
APAT2rm;ARTFR41,0,1,26,23
APAT2rm;C161CPT1,0,1,26,23
APAT2rm;CACT4r,0,1,26,23
APAT2rm;COAtr,0,1,26,23
APAT2rm;DESAT16_1,0,1,26,23
APAT2rm;H2O2t,0,1,26,23
APAT2rm;PIMALtm,0,1,26,23
APAT2rm;PIt2m_2,0,1,26,23
APAT2rm;PLMCOAPTr,0,1,26,23
APAT2rm;PMTCOAFABP1tc,0,1,26,23
APAT2rm;PROGLUtm,0,1,26,23
APAT2rm;RTOT4,0,1,26,23
APAT2rm;SO3AKGtm,0,1,26,23
APAT2rm;SO3MALtm,0,1,26,23
APAT2rm;SUCCACONtm,0,1,26,23
ARACHCOAtr;CITRt2m,0,1,26,23
ARACHCPT1;CITRt2m,0,1,26,23
ARACHCPT2;CITRt2m,0,1,26,23
ARACHCRNt;CITRt2m,0,1,26,23
ARACHDCOAtr;Htr,1,0,25,24
ARACHDtr;C2tcx,1,0,25,24
ARACHDtr;CRNrtx,1,0,25,24
ARACHDtr;CSNATp,1,0,25,24
ARACHDtr;CSNATr,1,0,25,24
ARACHDtr;H2Oter,2,0,24,24
ARACHDtr;H2Otp,1,0,25,24
ARACHDtr;Htr,2,2,24,22
ARACHDtr;PRDX,1,0,25,24
ARCOAATp;C2tcx,1,0,25,24
ARCOAATp;C3STDH1Pr,0,1,26,23
ARCOAATp;C4STMO2Pr,0,1,26,23
ARCOAATp;CRNrtx,1,0,25,24
ARCOAATp;CSNATp,1,0,25,24
ARCOAATp;CSNATr,1,0,25,24
ARCOAATp;DHFR,0,1,26,23
ARCOAATp;DHFRm,0,1,26,23
ARCOAATp;DHFtm,0,1,26,23
ARCOAATp;H2Oter,2,0,24,24
ARCOAATp;H2Otp,1,0,25,24
ARCOAATp;Htr,2,2,24,22
ARCOAATp;PRDX,1,0,25,24
ARCOAATr;C2tcx,1,0,25,24
ARCOAATr;CRNrtx,1,0,25,24
ARCOAATr;CSNATp,1,0,25,24
ARCOAATr;CSNATr,1,0,25,24
ARCOAATr;H2Oter,2,0,24,24
ARCOAATr;H2Otp,1,0,25,24
ARCOAATr;Htr,1,2,25,22
ARCOAATr;PRDX,1,0,25,24
ARGATB0tc;ARGt4,6,9,20,15
ARGN;NH4tm,0,1,26,23
ARGNm;ETHP,0,1,26,23
ARGNm;PEMET1,0,1,26,23
ARGNm;PEMET2,0,1,26,23
ARGNm;PSSA2_hs,0,1,26,23
ARGtm;ETHP,0,1,26,23
ARGtm;PEMET1,0,1,26,23
ARGtm;PEMET2,0,1,26,23
ARGtm;PSSA2_hs,0,1,26,23
ARSA;ASAH1,1,0,25,24
ARSA;CHOLPtl,1,0,25,24
ARSA;R_group_phosphotase_1,1,0,25,24
ARSA;Rtotaltl,1,0,25,24
ARSA;SMPD3l,1,0,25,24
ARSA;SPHINGStl,1,0,25,24
ARSA;SPHK21c,1,0,25,24
ARSA;SPHMYLNtl,1,0,25,24
ARSA;SPHS1Pte,1,0,25,24
ARTFR12;ARTFR42,0,1,26,23
ARTFR12;RTOT4,0,1,26,23
ARTFR32;ARTFR45,0,1,26,23
ARTFR32;RTOT4,0,1,26,23
ARTFR41;ARTFR42,1,2,25,22
ARTFR42;ARTFR45,1,4,25,20
ARTFR45;RTOT3,0,1,26,23
ASAH1;ATPasel,2,0,24,24
ASAH1;BPNT,1,0,25,24
ASAH1;GAL3ST11,1,0,25,24
ASAH1;GALSIDEtg,1,0,25,24
ASAH1;GALSIDEtl,1,0,25,24
ASAH1;GF6PTA,0,1,26,23
ASAH1;H2Otg,0,1,26,23
ASAH1;Htg,0,1,26,23
ASAH1;NDP7g,0,1,26,23
ASAH1;PAPStg,1,0,25,24
ASAH1;PAPtg,1,0,25,24
ASAH1;PItg,0,1,26,23
ASAH1;SADT,1,0,25,24
ASAH1;SGALSIDEtg,1,0,25,24
ASAH1;SGALSIDEtl,1,0,25,24
ASAH1;SO4tl,1,0,25,24
ASAH1;UGLCNACtg,0,1,26,23
ASAH1;UMPK5,0,1,26,23
ASCBOX;CHOLK,0,1,26,23
ASCBOX;CHOLtu,0,1,26,23
ASCBOX;O2St,0,1,26,23
ASCBt5;Asn_X_Ser/Thrtr,1,0,25,24
ASCBt5;BDMT,1,0,25,24
ASCBt5;B_MANNASEly,1,0,25,24
ASCBt5;CDPDAGtm,1,0,25,24
ASCBt5;CDSm,1,0,25,24
ASCBt5;CTPtm,1,0,25,24
ASCBt5;CYSGLTH,0,1,26,23
ASCBt5;CYSRED,0,1,26,23
ASCBt5;DAG_Hstem,1,0,25,24
ASCBt5;DHAAt1r,2,0,24,24
ASCBt5;DHPR2,1,0,25,24
ASCBt5;DOLASNTer,1,0,25,24
ASCBt5;DOLDPPer,1,0,25,24
ASCBt5;DOLGLCP_ter,1,0,25,24
ASCBt5;DOLMANP_ter,1,0,25,24
ASCBt5;DOLPGT1er,1,0,25,24
ASCBt5;DOLPGT2er,1,0,25,24
ASCBt5;DOLPGT3er,1,0,25,24
ASCBt5;DOLPMT,1,0,25,24
ASCBt5;DOLPMT1er,1,0,25,24
ASCBt5;DOLPMT2_er,1,0,25,24
ASCBt5;DOLPMT3er,1,0,25,24
ASCBt5;DOLPMT4_er,1,0,25,24
ASCBt5;DOLP_ter,1,0,25,24
ASCBt5;DOPABMO,2,0,24,24
ASCBt5;ENGASEly,1,0,25,24
ASCBt5;F1PGT,1,0,25,24
ASCBt5;F6T3g,1,0,25,24
ASCBt5;FK,1,0,25,24
ASCBt5;FUCASEly,1,0,25,24
ASCBt5;FUCtly,1,0,25,24
ASCBt5;G12MT1,1,0,25,24
ASCBt5;G12MT2,1,0,25,24
ASCBt5;G13MT,1,0,25,24
ASCBt5;G14Tg,1,0,25,24
ASCBt5;G16MT,1,0,25,24
ASCBt5;GALASE1ly,1,0,25,24
ASCBt5;GALtly,1,0,25,24
ASCBt5;GASNASEly,1,0,25,24
ASCBt5;GDPFUCtg,1,0,25,24
ASCBt5;GDPtg,1,0,25,24
ASCBt5;GLCNACPT,1,0,25,24
ASCBt5;GLCNACT,1,0,25,24
ASCBt5;GLCter,1,0,25,24
ASCBt5;GMPtg,1,0,25,24
ASCBt5;GTHP,0,1,26,23
ASCBt5;HEX4,1,0,25,24
ASCBt5;M1316Mg,1,0,25,24
ASCBt5;M13N2Tg,1,0,25,24
ASCBt5;M16NT1g,1,0,25,24
ASCBt5;M4MPDOL_ter,1,0,25,24
ASCBt5;M7MASNBterg,1,0,25,24
ASCBt5;MANter,1,0,25,24
ASCBt5;MANtg,1,0,25,24
ASCBt5;MANtly,1,0,25,24
ASCBt5;METDECARc,0,1,26,23
ASCBt5;METTRANSc,0,1,26,23
ASCBt5;MG1er,1,0,25,24
ASCBt5;MG2er,1,0,25,24
ASCBt5;MG3er,1,0,25,24
ASCBt5;MM5bg,1,0,25,24
ASCBt5;MM6B1ag,1,0,25,24
ASCBt5;MM7B1g,1,0,25,24
ASCBt5;MM8Ber,1,0,25,24
ASCBt5;MTHFR3x,1,0,25,24
ASCBt5;NDPK8,1,0,25,24
ASCBt5;PIter,1,0,25,24
ASCBt5;PPItm,1,0,25,24
ASCBt5;S26Tg,1,0,25,24
ASCBt5;S2L2FN2M2MASNt,1,0,25,24
ASCBt5;S2L2FN2M2MASNtly,1,0,25,24
ASCBt5;SIAASEly,1,0,25,24
ASCBt5;THBPT4ACAMDASE,1,0,25,24
ASCBt5;TPI,1,0,25,24
ASCBt5;TYR3MO2,1,0,25,24
ASCBt5;TYRDOPO,1,0,25,24
ASCBt5;UDPDOLPT,1,0,25,24
ASCBtr;Asn_X_Ser/Thrtr,1,0,25,24
ASCBtr;BDMT,1,0,25,24
ASCBtr;B_MANNASEly,1,0,25,24
ASCBtr;CDPDAGtm,1,0,25,24
ASCBtr;CDSm,1,0,25,24
ASCBtr;CTPtm,1,0,25,24
ASCBtr;CYSGLTH,0,1,26,23
ASCBtr;CYSRED,0,1,26,23
ASCBtr;DAG_Hstem,1,0,25,24
ASCBtr;DOLASNTer,1,0,25,24
ASCBtr;DOLDPPer,1,0,25,24
ASCBtr;DOLGLCP_ter,1,0,25,24
ASCBtr;DOLMANP_ter,1,0,25,24
ASCBtr;DOLPGT1er,1,0,25,24
ASCBtr;DOLPGT2er,1,0,25,24
ASCBtr;DOLPGT3er,1,0,25,24
ASCBtr;DOLPMT,1,0,25,24
ASCBtr;DOLPMT1er,1,0,25,24
ASCBtr;DOLPMT2_er,1,0,25,24
ASCBtr;DOLPMT3er,1,0,25,24
ASCBtr;DOLPMT4_er,1,0,25,24
ASCBtr;DOLP_ter,1,0,25,24
ASCBtr;ENGASEly,1,0,25,24
ASCBtr;F1PGT,1,0,25,24
ASCBtr;F6T3g,1,0,25,24
ASCBtr;FK,1,0,25,24
ASCBtr;FUCASEly,1,0,25,24
ASCBtr;FUCtly,1,0,25,24
ASCBtr;G12MT1,1,0,25,24
ASCBtr;G12MT2,1,0,25,24
ASCBtr;G13MT,1,0,25,24
ASCBtr;G14Tg,1,0,25,24
ASCBtr;G16MT,1,0,25,24
ASCBtr;GALASE1ly,1,0,25,24
ASCBtr;GALtly,1,0,25,24
ASCBtr;GASNASEly,1,0,25,24
ASCBtr;GDPFUCtg,1,0,25,24
ASCBtr;GDPtg,1,0,25,24
ASCBtr;GF6PTA,0,1,26,23
ASCBtr;GLCNACPT,1,0,25,24
ASCBtr;GLCNACT,1,0,25,24
ASCBtr;GLCter,1,0,25,24
ASCBtr;GMPtg,1,0,25,24
ASCBtr;GTHP,0,1,26,23
ASCBtr;H2Otg,0,1,26,23
ASCBtr;HEX12,0,1,26,23
ASCBtr;HEX4,1,0,25,24
ASCBtr;Htg,0,1,26,23
ASCBtr;KCC2t,0,1,26,23
ASCBtr;M1316Mg,1,0,25,24
ASCBtr;M13N2Tg,1,0,25,24
ASCBtr;M16NT1g,1,0,25,24
ASCBtr;M4MPDOL_ter,1,0,25,24
ASCBtr;M7MASNBterg,1,0,25,24
ASCBtr;MAN1PT2,0,2,26,22
ASCBtr;MAN6PI,0,2,26,22
ASCBtr;MANter,1,0,25,24
ASCBtr;MANtg,1,0,25,24
ASCBtr;MANtly,1,0,25,24
ASCBtr;METDECARc,0,1,26,23
ASCBtr;METTRANSc,0,1,26,23
ASCBtr;MG1er,1,0,25,24
ASCBtr;MG2er,1,0,25,24
ASCBtr;MG3er,1,0,25,24
ASCBtr;MM5bg,1,0,25,24
ASCBtr;MM6B1ag,1,0,25,24
ASCBtr;MM7B1g,1,0,25,24
ASCBtr;MM8Ber,1,0,25,24
ASCBtr;NDP7g,0,1,26,23
ASCBtr;NDPK8,1,0,25,24
ASCBtr;PIter,1,0,25,24
ASCBtr;PItg,0,1,26,23
ASCBtr;PMANM,0,2,26,22
ASCBtr;PPItm,1,0,25,24
ASCBtr;S26Tg,1,0,25,24
ASCBtr;S2L2FN2M2MASNt,1,0,25,24
ASCBtr;S2L2FN2M2MASNtly,1,0,25,24
ASCBtr;SIAASEly,1,0,25,24
ASCBtr;TPI,1,0,25,24
ASCBtr;UDPDOLPT,1,0,25,24
ASCBtr;UGLCNACtg,0,1,26,23
ASNATB0tc;ASNt4,22,11,4,13
ASNN;ASPPROASCT1,2,1,24,23
ASNN;ASPt6,1,1,25,23
ASNN;NCKt,0,1,26,23
ASNN;NCNt,0,1,26,23
ASP1DC;ARTFR41,0,1,26,23
ASP1DC;C161CPT1,0,1,26,23
ASP1DC;CACT4r,0,1,26,23
ASP1DC;COAtr,0,1,26,23
ASP1DC;DESAT16_1,0,1,26,23
ASP1DC;PLMCOAPTr,0,1,26,23
ASP1DC;PMTCOAFABP1tc,0,1,26,23
ASP1DC;RTOT4,0,1,26,23
ASPGLUm;CITRt2m,0,1,26,23
ASPGLUm;CITRtm,0,1,26,23
ASPGLUm;CYP2R1,0,1,26,23
ASPGLUm;DHCR242r,0,1,26,23
ASPGLUm;H2O2t,0,1,26,23
ASPGLUm;HCO3Ee,0,1,26,23
ASPGLUm;LSTO2r,0,1,26,23
ASPGLUm;MAL_Lte,2,0,24,24
ASPGLUm;PHEOX,0,1,26,23
ASPGLUm;PHETA1,0,1,26,23
ASPGLUm;PVD3,0,1,26,23
ASPGLUm;VD3,0,1,26,23
ASPPROASCT1;ACITLn,0,3,26,21
ASPPROASCT1;ADPtn,0,3,26,21
ASPPROASCT1;ASPTA,0,3,26,21
ASPPROASCT1;ASPt6,0,3,26,21
ASPPROASCT1;ATPtn,0,3,26,21
ASPPROASCT1;CHATn,0,3,26,21
ASPPROASCT1;CHOLtn,0,3,26,21
ASPPROASCT1;CITtn,0,3,26,21
ASPPROASCT1;FUM,0,1,26,23
ASPPROASCT1;FUMSUCCtm,0,1,26,23
ASPPROASCT1;FUMm,0,1,26,23
ASPPROASCT1;ICDHxrm,0,1,26,23
ASPPROASCT1;ICDHyr,0,1,26,23
ASPPROASCT1;ICDHyrm,0,1,26,23
ASPPROASCT1;ICITMALtm,0,2,26,22
ASPPROASCT1;NCKt,0,2,26,22
ASPPROASCT1;NCNt,0,1,26,23
ASPPROASCT1;OAAtn,0,3,26,21
ASPPROASCT1;OXALSUCCCL,0,1,26,23
ASPPROASCT1;OXALSUCCCLm,0,2,26,22
ASPPROASCT1;PItn,0,3,26,21
ASPTA;CITRt2m,0,1,26,23
ASPTA;CYP2R1,0,1,26,23
ASPTA;DHCR242r,0,1,26,23
ASPTA;GLUt2m,0,1,26,23
ASPTA;H2O2t,0,2,26,22
ASPTA;LSTO2r,0,1,26,23
ASPTA;MAL_Lte,1,1,25,23
ASPTA;NH4tm,1,0,25,24
ASPTA;PHEOX,0,1,26,23
ASPTA;PHETA1,0,1,26,23
ASPTA;PIMALtm,0,1,26,23
ASPTA;PVD3,0,1,26,23
ASPTA;SO4AKGtm,0,1,26,23
ASPTA;SO4MALtm,0,1,26,23
ASPTA;TYROX,0,1,26,23
ASPTA;TYRTA,0,1,26,23
ASPTA;VD3,0,1,26,23
ASPTAm;CSm,0,1,26,23
ASPTAm;CYP2R1,0,1,26,23
ASPTAm;DHCR242r,0,1,26,23
ASPTAm;H2O2t,0,1,26,23
ASPTAm;HCO3Ee,0,1,26,23
ASPTAm;LSTO2r,0,1,26,23
ASPTAm;PHEOX,0,1,26,23
ASPTAm;PHETA1,0,1,26,23
ASPTAm;PVD3,0,1,26,23
ASPTAm;VD3,0,1,26,23
ASPt6;ASPte,1,2,25,22
ASPte;CITRt2m,0,1,26,23
ASPte;GLUt2m,0,1,26,23
ASPte;NCKt,0,1,26,23
ASPte;NCNt,0,1,26,23
ASPte;PGI,0,1,26,23
ASPte;PIMALtm,0,1,26,23
ASPte;SO4AKGtm,0,1,26,23
ASPte;SO4MALtm,0,1,26,23
ATP1ter;BDMT,0,1,26,23
ATP1ter;CYTK1,5,2,21,22
ATP1ter;CYTK3,1,0,25,24
ATP1ter;DOLASNTer,0,1,26,23
ATP1ter;DOLDPPer,0,1,26,23
ATP1ter;DOLGLCP_ter,0,1,26,23
ATP1ter;DOLMANP_ter,0,1,26,23
ATP1ter;DOLPGT1er,0,1,26,23
ATP1ter;DOLPGT2er,0,1,26,23
ATP1ter;DOLPGT3er,0,1,26,23
ATP1ter;DOLPMT,0,1,26,23
ATP1ter;DOLPMT1er,0,1,26,23
ATP1ter;DOLPMT2_er,0,1,26,23
ATP1ter;DOLPMT3er,0,1,26,23
ATP1ter;DOLPMT4_er,0,1,26,23
ATP1ter;DOLP_ter,0,1,26,23
ATP1ter;G12MT1,0,1,26,23
ATP1ter;G12MT2,0,1,26,23
ATP1ter;G13MT,0,1,26,23
ATP1ter;G16MT,0,1,26,23
ATP1ter;GLCNACPT,0,1,26,23
ATP1ter;GLCNACT,0,1,26,23
ATP1ter;GLCter,0,1,26,23
ATP1ter;H2Otg,0,1,26,23
ATP1ter;HEX4,0,1,26,23
ATP1ter;Htg,0,1,26,23
ATP1ter;M13N2Tg,0,1,26,23
ATP1ter;M4MPDOL_ter,0,1,26,23
ATP1ter;M8MASNterg,0,1,26,23
ATP1ter;MAN1PT2,0,1,26,23
ATP1ter;MAN6PI,0,1,26,23
ATP1ter;MANtg,0,1,26,23
ATP1ter;MG1er,0,1,26,23
ATP1ter;MG2er,0,1,26,23
ATP1ter;MG3er,0,1,26,23
ATP1ter;MM5ag,0,1,26,23
ATP1ter;MM6bg,0,1,26,23
ATP1ter;MM7Cag,0,1,26,23
ATP1ter;MM8Ag,0,1,26,23
ATP1ter;NDP7g,0,1,26,23
ATP1ter;PItg,0,1,26,23
ATP1ter;PMANM,0,1,26,23
ATP1ter;R5Ptr,5,3,21,21
ATP1ter;RPI,0,1,26,23
ATP1ter;RPIr,5,3,21,21
ATP1ter;RU5Ptr,4,3,22,21
ATP1ter;UAGDP,0,1,26,23
ATP1ter;UDPDOLPT,0,1,26,23
ATP1ter;UGLCNACtg,0,1,26,23
ATPS4m;ATPt4,3,3,23,21
ATPS4m;BILDGLCURt5e,1,0,25,24
ATPS4m;BILDGLCURtr,1,0,25,24
ATPS4m;BILIRUBtr,1,0,25,24
ATPS4m;BUTt2r,1,0,25,24
ATPS4m;CA2tm,1,1,25,23
ATPS4m;CAtm7,5,0,21,24
ATPS4m;CDPDAGtm,1,0,25,24
ATPS4m;CDSm,1,0,25,24
ATPS4m;CO2tm,2,0,24,24
ATPS4m;COQ3m,2,0,24,24
ATPS4m;COQ5m,2,0,24,24
ATPS4m;COQ6m,2,0,24,24
ATPS4m;COQ7m,2,0,24,24
ATPS4m;COUCOAFm,2,0,24,24
ATPS4m;COt,1,0,25,24
ATPS4m;CPPPGO,1,0,25,24
ATPS4m;CTPtm,1,0,25,24
ATPS4m;DAG_Hstem,1,0,25,24
ATPS4m;DECDPtm,2,0,24,24
ATPS4m;DHDPBMTm,2,0,24,24
ATPS4m;DNDPt1m,1,0,25,24
ATPS4m;DNDPt42m,0,2,26,22
ATPS4m;DPHMBDCm,2,0,24,24
ATPS4m;DPPS,2,0,24,24
ATPS4m;DUMPtm,0,2,26,22
ATPS4m;DUTPDPm,0,2,26,22
ATPS4m;ENO,0,1,26,23
ATPS4m;FBA,1,1,25,23
ATPS4m;FCLTm,1,0,25,24
ATPS4m;FE2tm,1,0,25,24
ATPS4m;FRDPtc,2,0,24,24
ATPS4m;GAPD,0,1,26,23
ATPS4m;GLCOASYNT,1,0,25,24
ATPS4m;GLUDym,1,0,25,24
ATPS4m;GLYACm,2,0,24,24
ATPS4m;GLYC3Ptm,0,2,26,22
ATPS4m;GLYC3Ptmc,0,2,26,22
ATPS4m;GLYtm,1,0,25,24
ATPS4m;GTPGDPtm,1,0,25,24
ATPS4m;H2Oter,1,0,25,24
ATPS4m;H2Otm,1,1,25,23
ATPS4m;HBZOPT10m,2,0,24,24
ATPS4m;HCO3E,2,0,24,24
ATPS4m;HMBS,1,0,25,24
ATPS4m;HOXG,1,0,25,24
ATPS4m;Htm,15,10,11,14
ATPS4m;Htr,1,0,25,24
ATPS4m;L2AADPL2AADP6SAtm,1,0,25,24
ATPS4m;LPS4e,1,0,25,24
ATPS4m;LYSCITRt2m,1,0,25,24
ATPS4m;METAT,1,0,25,24
ATPS4m;NACDe,2,1,24,23
ATPS4m;NACPRT,2,1,24,23
ATPS4m;NAtm,5,0,21,24
ATPS4m;NCAMDe,2,1,24,23
ATPS4m;NDP7er,1,0,25,24
ATPS4m;NDPK1,0,1,26,23
ATPS4m;NMNDA,2,1,24,23
ATPS4m;NMNS,3,2,23,22
ATPS4m;OXOADLR,1,0,25,24
ATPS4m;PFK,0,1,26,23
ATPS4m;PFK2,1,0,25,24
ATPS4m;PGK,0,1,26,23
ATPS4m;PGLYCt,1,0,25,24
ATPS4m;PGM,0,1,26,23
ATPS4m;PHEMEtm,1,0,25,24
ATPS4m;PIATPLtm,9,4,17,20
ATPS4m;PIMALtm,1,0,25,24
ATPS4m;PPAm,1,0,25,24
ATPS4m;PPBNGS,1,0,25,24
ATPS4m;PPItm,2,2,24,22
ATPS4m;PPPG9tm,1,0,25,24
ATPS4m;PPPGOm,1,0,25,24
ATPS4m;PROAKGOX1m,1,0,25,24
ATPS4m;PROGLUtm,1,0,25,24
ATPS4m;PROtm,1,0,25,24
ATPS4m;PYK7,1,0,25,24
ATPS4m;PYRAKGte,1,0,25,24
ATPS4m;Q10H2e,2,0,24,24
ATPS4m;R_group_phosphotase_1,2,0,24,24
ATPS4m;Rtotalt,1,0,25,24
ATPS4m;SACCD4m,1,0,25,24
ATPS4m;SO3AKGtm,1,0,25,24
ATPS4m;SO3MALtm,1,0,25,24
ATPS4m;SUCOAS1m,1,0,25,24
ATPS4m;T4HCINNMFM,2,0,24,24
ATPS4m;TD2GLTRCOAm,1,0,25,24
ATPS4m;TPI,1,1,25,23
ATPS4m;TYRTAm,2,0,24,24
ATPS4m;TYRtl,2,0,24,24
ATPS4m;UDPGCURtr,1,0,25,24
ATPS4m;UDPGD,1,0,25,24
ATPS4m;UGT1A2r,1,0,25,24
ATPS4m;UMPtr,1,0,25,24
ATPS4m;UPP3S,1,0,25,24
ATPS4m;UPPDC1,1,0,25,24
ATPS4m;URIDK2,0,2,26,22
ATPS4m;q10h2tc,2,0,24,24
ATPasel;BPNT,1,0,25,24
ATPasel;CHOLPtl,2,0,24,24
ATPasel;CORE3GTg,1,0,25,24
ATPasel;CORE4GTg,1,0,25,24
ATPasel;G14T18g,1,0,25,24
ATPasel;G14T19g,1,0,25,24
ATPasel;G14T20g,1,0,25,24
ATPasel;G14T21g,1,0,25,24
ATPasel;GALASE17ly,1,0,25,24
ATPasel;GALASE18ly,1,0,25,24
ATPasel;GALASE19ly,1,0,25,24
ATPasel;GALASE20ly,1,0,25,24
ATPasel;GALNTg,1,0,25,24
ATPasel;GALtly,1,0,25,24
ATPasel;KSII_CORE4t,1,0,25,24
ATPasel;KSII_CORE4tly,1,0,25,24
ATPasel;NACHEX24ly,1,0,25,24
ATPasel;NACHEX25ly,1,0,25,24
ATPasel;NACHEX26ly,1,0,25,24
ATPasel;NAGA2ly,1,0,25,24
ATPasel;NAGLCAly,1,0,25,24
ATPasel;PAPStg,1,0,25,24
ATPasel;PAPtg,1,0,25,24
ATPasel;R_group_phosphotase_1,2,0,24,24
ATPasel;Rtotaltl,2,0,24,24
ATPasel;S23T4g,1,0,25,24
ATPasel;S6T16g,1,0,25,24
ATPasel;S6T17g,1,0,25,24
ATPasel;S6T18g,1,0,25,24
ATPasel;S6TASE24ly,1,0,25,24
ATPasel;S6TASE25ly,1,0,25,24
ATPasel;S6TASE26ly,1,0,25,24
ATPasel;SADT,1,0,25,24
ATPasel;SIAASE4ly,1,0,25,24
ATPasel;SMPD3l,2,0,24,24
ATPasel;SO4tl,1,0,25,24
ATPasel;SPHINGStl,2,0,24,24
ATPasel;SPHK21c,2,0,24,24
ATPasel;SPHMYLNtl,2,0,24,24
ATPasel;SPHS1Pte,2,0,24,24
ATPasel;Ser/Thrtg,1,0,25,24
ATPasel;UDPACGALtl,1,0,25,24
ATPasel;UDPtl,1,0,25,24
ATPasel;UGALNACtg,1,0,25,24
ATPt4;CDS,1,0,25,24
ATPt4;CYOOm2,1,0,25,24
ATPt4;CYOR_u10m,1,0,25,24
ATPt4;DHFR,1,0,25,24
ATPt4;DHFRx,1,0,25,24
ATPt4;DHFtm,1,0,25,24
ATPt4;FBA,0,1,26,23
ATPt4;FE2tm,1,0,25,24
ATPt4;FE3tm,1,0,25,24
ATPt4;FECR,1,0,25,24
ATPt4;FTMTm,1,0,25,24
ATPt4;GLUDxm,0,1,26,23
ATPt4;GLUt2m,1,0,25,24
ATPt4;GPAM_hs,1,0,25,24
ATPt4;L_LACtcm,1,0,25,24
ATPt4;L_LACtm,1,0,25,24
ATPt4;NH4tm,1,0,25,24
ATPt4;NMNS,0,1,26,23
ATPt4;O2t,1,0,25,24
ATPt4;PFK,0,1,26,23
ATPt4;PIMALtm,2,1,24,23
ATPt4;PIt2m_2,0,1,26,23
ATPt4;PROGLUtm,1,1,25,23
ATPt4;PROtm,1,1,25,23
ATPt4;SO3AKGtm,1,1,25,23
ATPt4;SO3MALtm,1,1,25,23
ATPt4;SO4AKGtm,1,0,25,24
ATPt4;SO4MALtm,1,0,25,24
ATPt4;THFtm,1,0,25,24
ATPtm;ENO,0,1,26,23
ATPtm;GAPD,0,1,26,23
ATPtm;NACDe,2,2,24,22
ATPtm;NACPRT,2,2,24,22
ATPtm;NCAMDe,2,2,24,22
ATPtm;NMNDA,2,2,24,22
ATPtm;NMNS,2,2,24,22
ATPtm;PGK,0,1,26,23
ATPtm;PGM,0,1,26,23
ATPtm;TPI,0,1,26,23
ATPtn;CO2tm,1,2,25,22
ATPtn;FUMm,0,1,26,23
ATPtn;H2Oter,1,0,25,24
ATPtn;HCO3E,2,1,24,23
ATPtn;HSD3B11,1,0,25,24
ATPtn;Htr,1,0,25,24
ATPtn;MI1PP,0,1,26,23
ATPtn;O2t,3,5,23,19
ATPtn;O2tn,0,1,26,23
ATPtn;P45011A1m,1,0,25,24
ATPtn;PIPLC,0,1,26,23
ATPtn;PRGNLONEtm,1,0,25,24
ATPtn;PRGSTRNt,1,0,25,24
ATPtn;PYRtm,0,1,26,23
ATPtn;THRA,0,4,26,20
ATPtn;UMPK5,1,0,25,24
A_MANASEly;ASCBt5,1,0,25,24
A_MANASEly;ASCBtr,1,0,25,24
A_MANASEly;DPCOAK,1,0,25,24
A_MANASEly;GLACter,1,0,25,24
A_MANASEly;GLCURter,1,0,25,24
A_MANASEly;GLCURtly,1,0,25,24
A_MANASEly;GLRASE,1,0,25,24
A_MANASEly;GULLACter,1,0,25,24
A_MANASEly;GULOer,1,0,25,24
A_MANASEly;H2O2ter,1,0,25,24
A_MANASEly;HAS1,1,0,25,24
A_MANASEly;HAS2,1,0,25,24
A_MANASEly;HAtly,1,0,25,24
A_MANASEly;HYAL,1,0,25,24
A_MANASEly;Htr,1,0,25,24
A_MANASEly;PNTK,1,0,25,24
A_MANASEly;PNTOte,1,0,25,24
A_MANASEly;PPCDC,1,0,25,24
A_MANASEly;PPNCL2,1,0,25,24
A_MANASEly;PTPAT,1,0,25,24
A_MANASEly;UDPGD,1,0,25,24
A_MANASEly;UMPK5,0,1,26,23
A_MANASEly;UROLACer,1,0,25,24
Asn_X_Ser/Thrtr;DPCOAK,1,0,25,24
Asn_X_Ser/Thrtr;GLACter,1,0,25,24
Asn_X_Ser/Thrtr;GLCURter,1,0,25,24
Asn_X_Ser/Thrtr;GLCURtly,1,0,25,24
Asn_X_Ser/Thrtr;GLRASE,1,0,25,24
Asn_X_Ser/Thrtr;GULLACter,1,0,25,24
Asn_X_Ser/Thrtr;GULOer,1,0,25,24
Asn_X_Ser/Thrtr;H2O2ter,1,0,25,24
Asn_X_Ser/Thrtr;HAS1,1,0,25,24
Asn_X_Ser/Thrtr;HAS2,1,0,25,24
Asn_X_Ser/Thrtr;HAtly,1,0,25,24
Asn_X_Ser/Thrtr;HYAL,1,0,25,24
Asn_X_Ser/Thrtr;Htr,1,0,25,24
Asn_X_Ser/Thrtr;PNTK,1,0,25,24
Asn_X_Ser/Thrtr;PNTOte,1,0,25,24
Asn_X_Ser/Thrtr;PPCDC,1,0,25,24
Asn_X_Ser/Thrtr;PPNCL2,1,0,25,24
Asn_X_Ser/Thrtr;PTPAT,1,0,25,24
Asn_X_Ser/Thrtr;UDPGD,1,0,25,24
Asn_X_Ser/Thrtr;UMPK5,0,1,26,23
Asn_X_Ser/Thrtr;UROLACer,1,0,25,24
B3GALT41g;GFUCS,1,0,25,24
B3GALT41g;GMAND,1,0,25,24
B3GALT41g;MAN6PI,1,0,25,24
B3GALTg;MAL_Lte,1,0,25,24
B3GALTg;TPI,1,0,25,24
B3GNT39g;UDPGD,0,1,26,23
B3GNT51g;MAL_Lte,1,0,25,24
B3GNT51g;TPI,1,0,25,24
B3GNT51g;UDPGD,0,1,26,23
BALAtmr;ARTFR41,0,1,26,23
BALAtmr;C161CPT1,0,1,26,23
BALAtmr;CACT4r,0,1,26,23
BALAtmr;COAtr,0,1,26,23
BALAtmr;DESAT16_1,0,1,26,23
BALAtmr;H2O2t,0,1,26,23
BALAtmr;PIMALtm,0,1,26,23
BALAtmr;PIt2m_2,0,1,26,23
BALAtmr;PLMCOAPTr,0,1,26,23
BALAtmr;PMTCOAFABP1tc,0,1,26,23
BALAtmr;PROGLUtm,0,1,26,23
BALAtmr;RTOT4,0,1,26,23
BALAtmr;SO3AKGtm,0,1,26,23
BALAtmr;SO3MALtm,0,1,26,23
BALAtmr;SUCCACONtm,0,1,26,23
BDMT;BILDGLUCRabc,0,1,26,23
BDMT;BILIRUBtr,0,1,26,23
BDMT;CDPDAGtm,1,0,25,24
BDMT;CDSm,1,0,25,24
BDMT;CERT2rt,0,1,26,23
BDMT;COt,0,1,26,23
BDMT;CPPPGO,0,1,26,23
BDMT;CTPtm,1,0,25,24
BDMT;DAG_Hstem,1,0,25,24
BDMT;DPCOAK,1,0,25,24
BDMT;FCLTm,0,1,26,23
BDMT;FE2tm,0,1,26,23
BDMT;GALGLUSIDEtg,0,1,26,23
BDMT;GALGLUSIDEtr,0,1,26,23
BDMT;GLACter,1,0,25,24
BDMT;GLCURter,1,0,25,24
BDMT;GLCURtly,1,0,25,24
BDMT;GLRASE,1,0,25,24
BDMT;GLUt2m,0,1,26,23
BDMT;GULLACter,1,0,25,24
BDMT;GULOer,1,0,25,24
BDMT;H2O2ter,1,0,25,24
BDMT;HAS1,1,0,25,24
BDMT;HAS2,1,0,25,24
BDMT;HAtly,1,0,25,24
BDMT;HMBS,0,1,26,23
BDMT;HOXG,0,1,26,23
BDMT;HYAL,1,0,25,24
BDMT;Htr,1,0,25,24
BDMT;KCC2t,0,1,26,23
BDMT;NDP7er,0,2,26,22
BDMT;NDPK8,1,0,25,24
BDMT;PFK2,0,1,26,23
BDMT;PNTK,1,0,25,24
BDMT;PNTOte,1,0,25,24
BDMT;PPBNGS,0,1,26,23
BDMT;PPCDC,1,0,25,24
BDMT;PPItm,1,0,25,24
BDMT;PPNCL2,1,0,25,24
BDMT;PPPG9tm,0,1,26,23
BDMT;PPPGOm,0,1,26,23
BDMT;PTPAT,1,0,25,24
BDMT;TPI,1,0,25,24
BDMT;UDPG4E,0,1,26,23
BDMT;UDPGALt2r,0,1,26,23
BDMT;UDPGALtg,0,1,26,23
BDMT;UDPGCURtr,0,1,26,23
BDMT;UDPGD,1,1,25,23
BDMT;UDPGGPGTr,0,1,26,23
BDMT;UGCGc,0,1,26,23
BDMT;UGT1A2r,0,1,26,23
BDMT;UMPK5,0,1,26,23
BDMT;UMPtr,0,2,26,22
BDMT;UPP3S,0,1,26,23
BDMT;UPPDC1,0,1,26,23
BDMT;UROLACer,1,0,25,24
BETALDHxm;CDS,0,1,26,23
BETALDHxm;H2Oter,2,0,24,24
BETALDHxm;MTHFC,1,1,25,23
BETALDHxm;MTHFD,1,0,25,24
BETALDHxm;MTHFD2,0,1,26,23
BHMT;CDS,0,1,26,23
BHMT;H2Oter,2,0,24,24
BHMT;MTHFC,1,1,25,23
BHMT;MTHFD,1,0,25,24
BHMT;MTHFD2,0,1,26,23
BILDGLCURt5e;BUTt2r,1,0,25,24
BILDGLCURt5e;CAT,1,0,25,24
BILDGLCURt5e;CDPDAGtm,1,0,25,24
BILDGLCURt5e;CDSm,1,0,25,24
BILDGLCURt5e;CTPtm,1,0,25,24
BILDGLCURt5e;CYOOm2,1,0,25,24
BILDGLCURt5e;CYOR_u10m,1,0,25,24
BILDGLCURt5e;DAG_Hstem,1,0,25,24
BILDGLCURt5e;DHPR2,1,0,25,24
BILDGLCURt5e;H2Otm,1,0,25,24
BILDGLCURt5e;MTHFR3x,1,0,25,24
BILDGLCURt5e;THBPT4ACAMDASE,1,0,25,24
BILDGLCURt5e;TYR3MO2,1,0,25,24
BILDGLCURt;LEUTAm,0,1,26,23
BILDGLCURt;LEUt5m,0,1,26,23
BILDGLCURtr;BUTt2r,1,0,25,24
BILDGLCURtr;CAT,1,0,25,24
BILDGLCURtr;CDPDAGtm,1,0,25,24
BILDGLCURtr;CDSm,1,0,25,24
BILDGLCURtr;CTPtm,1,0,25,24
BILDGLCURtr;CYOOm2,1,0,25,24
BILDGLCURtr;CYOR_u10m,1,0,25,24
BILDGLCURtr;DAG_Hstem,1,0,25,24
BILDGLCURtr;DHPR2,1,0,25,24
BILDGLCURtr;H2Otm,1,0,25,24
BILDGLCURtr;LEUTAm,0,1,26,23
BILDGLCURtr;LEUt5m,0,1,26,23
BILDGLCURtr;MTHFR3x,1,0,25,24
BILDGLCURtr;THBPT4ACAMDASE,1,0,25,24
BILDGLCURtr;TYR3MO2,1,0,25,24
BILDGLUCRabc;DOLASNTer,0,1,26,23
BILDGLUCRabc;DOLDPPer,0,1,26,23
BILDGLUCRabc;DOLGLCP_ter,0,1,26,23
BILDGLUCRabc;DOLMANP_ter,0,1,26,23
BILDGLUCRabc;DOLPGT1er,0,1,26,23
BILDGLUCRabc;DOLPGT2er,0,1,26,23
BILDGLUCRabc;DOLPGT3er,0,1,26,23
BILDGLUCRabc;DOLPMT,0,1,26,23
BILDGLUCRabc;DOLPMT1er,0,1,26,23
BILDGLUCRabc;DOLPMT2_er,0,1,26,23
BILDGLUCRabc;DOLPMT3er,0,1,26,23
BILDGLUCRabc;DOLPMT4_er,0,1,26,23
BILDGLUCRabc;DOLP_ter,0,1,26,23
BILDGLUCRabc;G12MT1,0,1,26,23
BILDGLUCRabc;G12MT2,0,1,26,23
BILDGLUCRabc;G13MT,0,1,26,23
BILDGLUCRabc;G16MT,0,1,26,23
BILDGLUCRabc;GLCNACPT,0,1,26,23
BILDGLUCRabc;GLCNACT,0,1,26,23
BILDGLUCRabc;GLCter,0,1,26,23
BILDGLUCRabc;H2Otg,0,1,26,23
BILDGLUCRabc;HEX4,0,1,26,23
BILDGLUCRabc;Htg,0,1,26,23
BILDGLUCRabc;M13N2Tg,0,1,26,23
BILDGLUCRabc;M4MPDOL_ter,0,1,26,23
BILDGLUCRabc;M8MASNterg,0,1,26,23
BILDGLUCRabc;MAN1PT2,0,1,26,23
BILDGLUCRabc;MAN6PI,0,1,26,23
BILDGLUCRabc;MANtg,0,1,26,23
BILDGLUCRabc;MG1er,0,1,26,23
BILDGLUCRabc;MG2er,0,1,26,23
BILDGLUCRabc;MG3er,0,1,26,23
BILDGLUCRabc;MM5ag,0,1,26,23
BILDGLUCRabc;MM6bg,0,1,26,23
BILDGLUCRabc;MM7Cag,0,1,26,23
BILDGLUCRabc;MM8Ag,0,1,26,23
BILDGLUCRabc;NDP7g,0,1,26,23
BILDGLUCRabc;PItg,0,1,26,23
BILDGLUCRabc;PMANM,0,1,26,23
BILDGLUCRabc;UAGDP,0,1,26,23
BILDGLUCRabc;UDPDOLPT,0,1,26,23
BILDGLUCRabc;UGLCNACtg,0,1,26,23
BILIRED;CDPDAGtm,1,0,25,24
BILIRED;CDSm,1,0,25,24
BILIRED;CTPtm,1,0,25,24
BILIRED;DAG_Hstem,1,0,25,24
BILIRED;LEUTAm,0,1,26,23
BILIRED;LEUt5m,0,1,26,23
BILIRUBt2;CITMCOAHm,0,1,26,23
BILIRUBt2;CITMCOALm,0,1,26,23
BILIRUBt2;CITtam,0,1,26,23
BILIRUBt2;CITtbm,0,1,26,23
BILIRUBt2;CSm,0,1,26,23
BILIRUBt2;GLYC3Ptmc,0,1,26,23
BILIRUBt2;ITCOALm,0,1,26,23
BILIRUBt2;MAL_Lte,1,0,25,24
BILIRUBt2;MDHm,0,1,26,23
BILIRUBt2;PCm,0,1,26,23
BILIRUBt2;PEPCKm,0,1,26,23
BILIRUBt2;PYRt2r,0,1,26,23
BILIRUBt2;SUCOAS1m,0,1,26,23
BILIRUBt2;THRA,0,1,26,23
BILIRUBtr;BUTt2r,1,0,25,24
BILIRUBtr;CAT,1,0,25,24
BILIRUBtr;CDPDAGtm,1,0,25,24
BILIRUBtr;CDSm,1,0,25,24
BILIRUBtr;CTPtm,1,0,25,24
BILIRUBtr;CYOOm2,1,0,25,24
BILIRUBtr;CYOR_u10m,1,0,25,24
BILIRUBtr;DAG_Hstem,1,0,25,24
BILIRUBtr;DHPR2,1,0,25,24
BILIRUBtr;DOLASNTer,0,1,26,23
BILIRUBtr;DOLDPPer,0,1,26,23
BILIRUBtr;DOLGLCP_ter,0,1,26,23
BILIRUBtr;DOLMANP_ter,0,1,26,23
BILIRUBtr;DOLPGT1er,0,1,26,23
BILIRUBtr;DOLPGT2er,0,1,26,23
BILIRUBtr;DOLPGT3er,0,1,26,23
BILIRUBtr;DOLPMT,0,1,26,23
BILIRUBtr;DOLPMT1er,0,1,26,23
BILIRUBtr;DOLPMT2_er,0,1,26,23
BILIRUBtr;DOLPMT3er,0,1,26,23
BILIRUBtr;DOLPMT4_er,0,1,26,23
BILIRUBtr;DOLP_ter,0,1,26,23
BILIRUBtr;G12MT1,0,1,26,23
BILIRUBtr;G12MT2,0,1,26,23
BILIRUBtr;G13MT,0,1,26,23
BILIRUBtr;G16MT,0,1,26,23
BILIRUBtr;GLCNACPT,0,1,26,23
BILIRUBtr;GLCNACT,0,1,26,23
BILIRUBtr;GLCter,0,1,26,23
BILIRUBtr;H2Otg,0,2,26,22
BILIRUBtr;H2Otm,1,0,25,24
BILIRUBtr;HEX4,0,1,26,23
BILIRUBtr;Htg,0,2,26,22
BILIRUBtr;M13N2Tg,0,1,26,23
BILIRUBtr;M4MPDOL_ter,0,1,26,23
BILIRUBtr;M8MASNterg,0,1,26,23
BILIRUBtr;MAN1PT2,0,1,26,23
BILIRUBtr;MAN6PI,0,1,26,23
BILIRUBtr;MANtg,0,1,26,23
BILIRUBtr;MG1er,0,1,26,23
BILIRUBtr;MG2er,0,1,26,23
BILIRUBtr;MG3er,0,1,26,23
BILIRUBtr;MM5ag,0,1,26,23
BILIRUBtr;MM6bg,0,1,26,23
BILIRUBtr;MM7Cag,0,1,26,23
BILIRUBtr;MM8Ag,0,1,26,23
BILIRUBtr;MTHFR3x,1,0,25,24
BILIRUBtr;NDP7g,0,2,26,22
BILIRUBtr;PItg,0,2,26,22
BILIRUBtr;PMANM,0,1,26,23
BILIRUBtr;THBPT4ACAMDASE,1,0,25,24
BILIRUBtr;TYR3MO2,1,0,25,24
BILIRUBtr;UAGDP,0,1,26,23
BILIRUBtr;UDPDOLPT,0,1,26,23
BILIRUBtr;UGLCNACtg,0,1,26,23
BPNT;AKGtn,0,1,26,23
BPNT;CAT,2,0,24,24
BPNT;CDPDAGtm,1,0,25,24
BPNT;CDSm,1,0,25,24
BPNT;CHOLPtl,1,0,25,24
BPNT;CO2tn,0,1,26,23
BPNT;CTPtm,1,0,25,24
BPNT;CYOOm2,0,1,26,23
BPNT;CYOR_u10m,0,1,26,23
BPNT;DAG_Hstem,1,0,25,24
BPNT;FALDtly,1,0,25,24
BPNT;FALDtn,0,1,26,23
BPNT;GLUDym,0,1,26,23
BPNT;GLYt7_311_r,0,1,26,23
BPNT;GPAT,0,2,26,22
BPNT;H2O2t,0,1,26,23
BPNT;H2O2tly,1,0,25,24
BPNT;HEX12,0,1,26,23
BPNT;HMGDH,0,1,26,23
BPNT;HMGS,0,1,26,23
BPNT;KCC2t,0,3,26,21
BPNT;KCCt,0,1,26,23
BPNT;MAN1PT2,0,1,26,23
BPNT;MAN6PI,0,1,26,23
BPNT;MEOHtly,1,0,25,24
BPNT;METDECARc,0,1,26,23
BPNT;METTRANSc,0,1,26,23
BPNT;NCKt,0,1,26,23
BPNT;NDPK8,1,0,25,24
BPNT;NH4tm,0,1,26,23
BPNT;O2t,0,1,26,23
BPNT;O2tn,0,1,26,23
BPNT;PMANM,0,1,26,23
BPNT;PPItm,1,0,25,24
BPNT;PRDXl,1,0,25,24
BPNT;R_group_phosphotase_1,1,0,25,24
BPNT;Rtotaltl,1,0,25,24
BPNT;SFGTH,0,1,26,23
BPNT;SMPD3l,1,0,25,24
BPNT;SO4t4_3,0,1,26,23
BPNT;SPHINGStl,1,0,25,24
BPNT;SPHK21c,1,0,25,24
BPNT;SPHMYLNtl,1,0,25,24
BPNT;SPHS1Pte,1,0,25,24
BPNT;TPI,1,0,25,24
BTCOACRNtm;C3STDH1Pr,0,1,26,23
BTCOACRNtm;C4STMO2Pr,0,1,26,23
BTCOACRNtm;CO2tm,0,1,26,23
BTCOACRNtm;CYP2R1,0,2,26,22
BTCOACRNtm;DHCR241r,0,1,26,23
BTCOACRNtm;DHCR242r,0,1,26,23
BTCOACRNtm;DHFR,0,1,26,23
BTCOACRNtm;DHFRm,0,1,26,23
BTCOACRNtm;DHFtm,0,1,26,23
BTCOACRNtm;DHRT_ivcoa,0,2,26,22
BTCOACRNtm;DLD,0,2,26,22
BTCOACRNtm;EBP2r,0,1,26,23
BTCOACRNtm;FUMm,0,1,26,23
BTCOACRNtm;GTHRDt,0,1,26,23
BTCOACRNtm;H2O2t,0,1,26,23
BTCOACRNtm;H2Otm,0,1,26,23
BTCOACRNtm;HCO3Ee,0,1,26,23
BTCOACRNtm;HCO3Em,0,2,26,22
BTCOACRNtm;Htr,0,2,26,22
BTCOACRNtm;ILEOX,0,1,26,23
BTCOACRNtm;ILETA,0,1,26,23
BTCOACRNtm;LEUTA,0,2,26,22
BTCOACRNtm;LSTO2r,0,2,26,22
BTCOACRNtm;MCCCm,0,2,26,22
BTCOACRNtm;METOX,0,1,26,23
BTCOACRNtm;MGCHrm,0,2,26,22
BTCOACRNtm;MOD_3mhop,0,2,26,22
BTCOACRNtm;PHEOX,0,1,26,23
BTCOACRNtm;PHETA1,0,1,26,23
BTCOACRNtm;PIGTHRDLtm,0,1,26,23
BTCOACRNtm;PIMALtm,0,1,26,23
BTCOACRNtm;PVD3,0,3,26,21
BTCOACRNtm;PYRtm,0,1,26,23
BTCOACRNtm;SO3AKGtm,0,1,26,23
BTCOACRNtm;SO3MALtm,0,1,26,23
BTCOACRNtm;UNK3,0,1,26,23
BTCOACRNtm;VD3,0,3,26,21
BTCOACRNtm;VITD3Hm,0,1,26,23
BTCOACRNtm;VITD3tm,0,1,26,23
BUTt2m;H2Otm,0,1,26,23
BUTt2r;ARTFR52,1,0,25,24
BUTt2r;CPPPGO,1,0,25,24
BUTt2r;FAE200,1,0,25,24
BUTt2r;FAE220,1,0,25,24
BUTt2r;FAE240,1,0,25,24
BUTt2r;FAE260,1,0,25,24
BUTt2r;GTPGDPtm,1,0,25,24
BUTt2r;H2Oter,1,0,25,24
BUTt2r;HACD200,1,0,25,24
BUTt2r;HACD220,1,0,25,24
BUTt2r;HACD240,1,0,25,24
BUTt2r;HACD260,1,0,25,24
BUTt2r;HEXCCOAtr,1,0,25,24
BUTt2r;HSD200,1,0,25,24
BUTt2r;HSD220,1,0,25,24
BUTt2r;HSD240,1,0,25,24
BUTt2r;HSD260,1,0,25,24
BUTt2r;NDP7er,1,0,25,24
BUTt2r;PPBNGS,1,0,25,24
BUTt2r;PPItm,1,0,25,24
BUTt2r;PPPG9tm,1,0,25,24
BUTt2r;PPPGOm,1,0,25,24
BUTt2r;PROAKGOX1m,1,0,25,24
BUTt2r;RTOT5,1,0,25,24
BUTt2r;SUCOAS1m,1,0,25,24
BUTt2r;TECR200,1,0,25,24
BUTt2r;TECR220,1,0,25,24
BUTt2r;TECR240,1,0,25,24
BUTt2r;TECR260,1,0,25,24
BUTt2r;UDPGCURtr,1,0,25,24
BUTt2r;UDPGD,1,0,25,24
BUTt2r;UMPtr,1,0,25,24
B_MANNASEly;DPCOAK,1,0,25,24
B_MANNASEly;GLACter,1,0,25,24
B_MANNASEly;GLCURter,1,0,25,24
B_MANNASEly;GLCURtly,1,0,25,24
B_MANNASEly;GLRASE,1,0,25,24
B_MANNASEly;GULLACter,1,0,25,24
B_MANNASEly;GULOer,1,0,25,24
B_MANNASEly;H2O2ter,1,0,25,24
B_MANNASEly;HAS1,1,0,25,24
B_MANNASEly;HAS2,1,0,25,24
B_MANNASEly;HAtly,1,0,25,24
B_MANNASEly;HYAL,1,0,25,24
B_MANNASEly;Htr,1,0,25,24
B_MANNASEly;PNTK,1,0,25,24
B_MANNASEly;PNTOte,1,0,25,24
B_MANNASEly;PPCDC,1,0,25,24
B_MANNASEly;PPNCL2,1,0,25,24
B_MANNASEly;PTPAT,1,0,25,24
B_MANNASEly;UDPGD,1,0,25,24
B_MANNASEly;UMPK5,0,1,26,23
B_MANNASEly;UROLACer,1,0,25,24
C160CPT1;PMTCOAFABP1tc,0,2,26,22
C161CPT1;ARTFR42,1,3,25,21
C161CPT1;CACT6r,1,3,25,21
C161CPT1;CAT,1,0,25,24
C161CPT1;COAtr,0,1,26,23
C161CPT1;DESAT18_1,1,3,25,21
C161CPT1;FACOAL161,1,0,25,24
C161CPT1;FADH2ETC,1,0,25,24
C161CPT1;FAE180,1,3,25,21
C161CPT1;FBA,0,1,26,23
C161CPT1;H2O2t,0,1,26,23
C161CPT1;H2Oter,3,1,23,23
C161CPT1;H2Otm,1,0,25,24
C161CPT1;HACD180,1,3,25,21
C161CPT1;HDCEACRNtr,1,0,25,24
C161CPT1;HSD180,1,3,25,21
C161CPT1;Htr,1,1,25,23
C161CPT1;MALCOAMT,1,3,25,21
C161CPT1;MALCOAMTr,1,3,25,21
C161CPT1;MMSAD3m,0,1,26,23
C161CPT1;MTHFC,1,0,25,24
C161CPT1;MTHFD,1,0,25,24
C161CPT1;OCDCEACRNtr,1,0,25,24
C161CPT1;OCDE9ECOAtr,0,3,26,21
C161CPT1;OCDEAFABP1tc,1,0,25,24
C161CPT1;PFK,0,1,26,23
C161CPT1;PGI,0,1,26,23
C161CPT1;PIMALtm,0,1,26,23
C161CPT1;PIt2m_2,0,1,26,23
C161CPT1;PPA,1,2,25,22
C161CPT1;PPCOAtm,0,1,26,23
C161CPT1;PROGLUtm,0,1,26,23
C161CPT1;RTOT4,0,1,26,23
C161CPT1;SE3,1,0,25,24
C161CPT1;SO3AKGtm,0,1,26,23
C161CPT1;SO3MALtm,0,1,26,23
C161CPT1;SOAT2,1,0,25,24
C161CPT1;SUCCACONtm,0,1,26,23
C161CPT1;TECR180,1,3,25,21
C161CPT1;THFtm,1,0,25,24
C161CPT1;THRA,1,0,25,24
C161CPT1;TXA2tr,1,0,25,24
C161CPT1;TXB2c,1,0,25,24
C161CPT1;TXB2r,1,0,25,24
C161CPT1;TXB2tr,1,0,25,24
C204CPT1;Htr,1,0,25,24
C2tcx;C3STDH1Pr,0,1,26,23
C2tcx;C4STMO2Pr,0,1,26,23
C2tcx;CACT6r,1,0,25,24
C2tcx;CACT7p,1,0,25,24
C2tcx;CACT7r,1,0,25,24
C2tcx;CATp,1,0,25,24
C2tcx;COAtp,1,0,25,24
C2tcx;DESAT18_1,1,0,25,24
C2tcx;DHFR,0,1,26,23
C2tcx;DHFRm,0,1,26,23
C2tcx;DHFtm,0,1,26,23
C2tcx;FAE180,1,0,25,24
C2tcx;FAE201,1,0,25,24
C2tcx;FAE221,1,0,25,24
C2tcx;FAE241,1,0,25,24
C2tcx;H2Oter,2,0,24,24
C2tcx;H2Otp,1,0,25,24
C2tcx;HACD180,1,0,25,24
C2tcx;HACD201,1,0,25,24
C2tcx;HACD221,1,0,25,24
C2tcx;HACD241,1,0,25,24
C2tcx;HSD180,1,0,25,24
C2tcx;HSD201,1,0,25,24
C2tcx;HSD221,1,0,25,24
C2tcx;HSD241,1,0,25,24
C2tcx;Htr,2,1,24,23
C2tcx;MALCOAMT,1,0,25,24
C2tcx;MALCOAMTr,1,0,25,24
C2tcx;NRVNCCOAtr,1,0,25,24
C2tcx;NRVNCCOAtxc,1,0,25,24
C2tcx;O2tp,1,0,25,24
C2tcx;PMTCOAFABP1tc,1,0,25,24
C2tcx;PRDX,1,0,25,24
C2tcx;PRISTANALtx,1,0,25,24
C2tcx;PRISTtx,1,0,25,24
C2tcx;SE10,1,0,25,24
C2tcx;SOAT6,1,0,25,24
C2tcx;TECR180,1,0,25,24
C2tcx;TECR201,1,0,25,24
C2tcx;TECR221,1,0,25,24
C2tcx;TECR241,1,0,25,24
C3STDH1Pr;C3STDH1r,0,1,26,23
C3STDH1Pr;CACT6r,0,1,26,23
C3STDH1Pr;CACT7p,0,1,26,23
C3STDH1Pr;COAtp,0,1,26,23
C3STDH1Pr;CSNATp,0,1,26,23
C3STDH1Pr;CSNATr,0,1,26,23
C3STDH1Pr;DCSPTN1COAtr,0,1,26,23
C3STDH1Pr;DCSPTN1CPT1,0,1,26,23
C3STDH1Pr;DCSPTN1CPT2,0,1,26,23
C3STDH1Pr;DCSPTN1CRNt,0,1,26,23
C3STDH1Pr;DDCI101n6m,0,1,26,23
C3STDH1Pr;DDCI142n6m,0,1,26,23
C3STDH1Pr;DDCI163n6m,0,1,26,23
C3STDH1Pr;DDCI184n6m,0,1,26,23
C3STDH1Pr;DDCI225n3m,0,1,26,23
C3STDH1Pr;DECR101n6m,0,1,26,23
C3STDH1Pr;DECR163n6m,0,1,26,23
C3STDH1Pr;DECR226n3m,0,1,26,23
C3STDH1Pr;DESAT18_1,0,1,26,23
C3STDH1Pr;DESAT22_1p,0,1,26,23
C3STDH1Pr;ETHMALACc,0,1,26,23
C3STDH1Pr;ETHMALACte,0,1,26,23
C3STDH1Pr;ETHMALCOAc,0,1,26,23
C3STDH1Pr;FAE180,0,1,26,23
C3STDH1Pr;FAE201,0,1,26,23
C3STDH1Pr;FAE221,0,1,26,23
C3STDH1Pr;FAE224,0,1,26,23
C3STDH1Pr;FAE241,0,1,26,23
C3STDH1Pr;H2O2tp,0,1,26,23
C3STDH1Pr;H2Otp,0,1,26,23
C3STDH1Pr;HACD180,0,1,26,23
C3STDH1Pr;HACD201,0,1,26,23
C3STDH1Pr;HACD221,0,1,26,23
C3STDH1Pr;HACD224,0,1,26,23
C3STDH1Pr;HACD241,0,1,26,23
C3STDH1Pr;HSD180,0,1,26,23
C3STDH1Pr;HSD201,0,1,26,23
C3STDH1Pr;HSD221,0,1,26,23
C3STDH1Pr;HSD224,0,1,26,23
C3STDH1Pr;HSD241,0,1,26,23
C3STDH1Pr;MALCOAMT,0,1,26,23
C3STDH1Pr;MALCOAMTr,0,1,26,23
C3STDH1Pr;NRVNCCOAtr,0,1,26,23
C3STDH1Pr;NRVNCCOAtxc,0,1,26,23
C3STDH1Pr;O2tp,0,1,26,23
C3STDH1Pr;PPCOACRNtm,0,1,26,23
C3STDH1Pr;PPCOAtm,0,1,26,23
C3STDH1Pr;PRISTANALtx,0,1,26,23
C3STDH1Pr;PRISTtx,0,1,26,23
C3STDH1Pr;TECR180,0,1,26,23
C3STDH1Pr;TECR201,0,1,26,23
C3STDH1Pr;TECR221,0,1,26,23
C3STDH1Pr;TECR224,0,1,26,23
C3STDH1Pr;TECR241,0,1,26,23
C4STMO2Pr;C4STMO2r,0,1,26,23
C4STMO2Pr;CACT6r,0,1,26,23
C4STMO2Pr;CACT7p,0,1,26,23
C4STMO2Pr;COAtp,0,1,26,23
C4STMO2Pr;CSNATp,0,1,26,23
C4STMO2Pr;CSNATr,0,1,26,23
C4STMO2Pr;DCSPTN1COAtr,0,1,26,23
C4STMO2Pr;DCSPTN1CPT1,0,1,26,23
C4STMO2Pr;DCSPTN1CPT2,0,1,26,23
C4STMO2Pr;DCSPTN1CRNt,0,1,26,23
C4STMO2Pr;DDCI101n6m,0,1,26,23
C4STMO2Pr;DDCI142n6m,0,1,26,23
C4STMO2Pr;DDCI163n6m,0,1,26,23
C4STMO2Pr;DDCI184n6m,0,1,26,23
C4STMO2Pr;DDCI225n3m,0,1,26,23
C4STMO2Pr;DECR101n6m,0,1,26,23
C4STMO2Pr;DECR163n6m,0,1,26,23
C4STMO2Pr;DECR226n3m,0,1,26,23
C4STMO2Pr;DESAT18_1,0,1,26,23
C4STMO2Pr;DESAT22_1p,0,1,26,23
C4STMO2Pr;ETHMALACc,0,1,26,23
C4STMO2Pr;ETHMALACte,0,1,26,23
C4STMO2Pr;ETHMALCOAc,0,1,26,23
C4STMO2Pr;FAE180,0,1,26,23
C4STMO2Pr;FAE201,0,1,26,23
C4STMO2Pr;FAE221,0,1,26,23
C4STMO2Pr;FAE224,0,1,26,23
C4STMO2Pr;FAE241,0,1,26,23
C4STMO2Pr;H2O2tp,0,1,26,23
C4STMO2Pr;H2Otp,0,1,26,23
C4STMO2Pr;HACD180,0,1,26,23
C4STMO2Pr;HACD201,0,1,26,23
C4STMO2Pr;HACD221,0,1,26,23
C4STMO2Pr;HACD224,0,1,26,23
C4STMO2Pr;HACD241,0,1,26,23
C4STMO2Pr;HSD180,0,1,26,23
C4STMO2Pr;HSD201,0,1,26,23
C4STMO2Pr;HSD221,0,1,26,23
C4STMO2Pr;HSD224,0,1,26,23
C4STMO2Pr;HSD241,0,1,26,23
C4STMO2Pr;MALCOAMT,0,1,26,23
C4STMO2Pr;MALCOAMTr,0,1,26,23
C4STMO2Pr;NRVNCCOAtr,0,1,26,23
C4STMO2Pr;NRVNCCOAtxc,0,1,26,23
C4STMO2Pr;O2tp,0,1,26,23
C4STMO2Pr;PPCOACRNtm,0,1,26,23
C4STMO2Pr;PPCOAtm,0,1,26,23
C4STMO2Pr;PRISTANALtx,0,1,26,23
C4STMO2Pr;PRISTtx,0,1,26,23
C4STMO2Pr;TECR180,0,1,26,23
C4STMO2Pr;TECR201,0,1,26,23
C4STMO2Pr;TECR221,0,1,26,23
C4STMO2Pr;TECR224,0,1,26,23
C4STMO2Pr;TECR241,0,1,26,23
CACT3r;PMTCOAFABP1tc,0,2,26,22
CACT4r;ARTFR42,1,3,25,21
CACT4r;CACT6r,1,3,25,21
CACT4r;CAT,1,0,25,24
CACT4r;COAtr,0,1,26,23
CACT4r;DESAT18_1,1,3,25,21
CACT4r;FACOAL161,1,0,25,24
CACT4r;FADH2ETC,1,0,25,24
CACT4r;FAE180,1,3,25,21
CACT4r;FBA,0,1,26,23
CACT4r;H2O2t,0,1,26,23
CACT4r;H2Oter,3,1,23,23
CACT4r;H2Otm,1,0,25,24
CACT4r;HACD180,1,3,25,21
CACT4r;HDCEACRNtr,1,0,25,24
CACT4r;HSD180,1,3,25,21
CACT4r;Htr,1,1,25,23
CACT4r;MALCOAMT,1,3,25,21
CACT4r;MALCOAMTr,1,3,25,21
CACT4r;MMSAD3m,0,1,26,23
CACT4r;MTHFC,1,0,25,24
CACT4r;MTHFD,1,0,25,24
CACT4r;OCDCEACRNtr,1,0,25,24
CACT4r;OCDE9ECOAtr,0,3,26,21
CACT4r;OCDEAFABP1tc,1,0,25,24
CACT4r;PFK,0,1,26,23
CACT4r;PGI,0,1,26,23
CACT4r;PIMALtm,0,1,26,23
CACT4r;PIt2m_2,0,1,26,23
CACT4r;PPA,1,2,25,22
CACT4r;PPCOAtm,0,1,26,23
CACT4r;PROGLUtm,0,1,26,23
CACT4r;RTOT4,0,1,26,23
CACT4r;SE3,1,0,25,24
CACT4r;SO3AKGtm,0,1,26,23
CACT4r;SO3MALtm,0,1,26,23
CACT4r;SOAT2,1,0,25,24
CACT4r;SUCCACONtm,0,1,26,23
CACT4r;TECR180,1,3,25,21
CACT4r;THFtm,1,0,25,24
CACT4r;THRA,1,0,25,24
CACT4r;TXA2tr,1,0,25,24
CACT4r;TXB2c,1,0,25,24
CACT4r;TXB2r,1,0,25,24
CACT4r;TXB2tr,1,0,25,24
CACT6r;ARTFR12,0,1,26,23
CACT6r;ARTFR41,1,2,25,22
CACT6r;CITRt2m,0,1,26,23
CACT6r;COAtr,1,1,25,23
CACT6r;CRNrtx,1,0,25,24
CACT6r;CSNATp,1,0,25,24
CACT6r;CSNATr,1,0,25,24
CACT6r;DESAT16_1,1,3,25,21
CACT6r;DHFR,0,1,26,23
CACT6r;DHFRm,0,1,26,23
CACT6r;DHFtm,0,1,26,23
CACT6r;DPCOAK,1,3,25,21
CACT6r;H2Oter,2,0,24,24
CACT6r;H2Otp,1,0,25,24
CACT6r;Htr,1,1,25,23
CACT6r;PLMCOAPTr,1,3,25,21
CACT6r;PNTK,1,3,25,21
CACT6r;PNTOt1,0,2,26,22
CACT6r;PNTOte,1,1,25,23
CACT6r;PPCDC,1,3,25,21
CACT6r;PPNCL2,1,2,25,22
CACT6r;PPNCL3,0,1,26,23
CACT6r;PRDX,1,0,25,24
CACT6r;PTPAT,1,3,25,21
CACT7p;CRNrtx,1,0,25,24
CACT7p;CSNATp,1,0,25,24
CACT7p;CSNATr,1,0,25,24
CACT7p;DHFR,0,1,26,23
CACT7p;DHFRm,0,1,26,23
CACT7p;DHFtm,0,1,26,23
CACT7p;H2Oter,2,0,24,24
CACT7p;H2Otp,1,0,25,24
CACT7p;Htr,2,2,24,22
CACT7p;PRDX,1,0,25,24
CACT7r;CRNrtx,1,0,25,24
CACT7r;CSNATp,1,0,25,24
CACT7r;CSNATr,1,0,25,24
CACT7r;H2Oter,2,0,24,24
CACT7r;H2Otp,1,0,25,24
CACT7r;Htr,1,2,25,22
CACT7r;PRDX,1,0,25,24
CAT;ARTFR12,1,0,25,24
CAT;CITMCOAHm,0,1,26,23
CAT;CITMCOALm,0,1,26,23
CAT;COAtr,1,0,25,24
CAT;COQ3m,1,0,25,24
CAT;COQ5m,1,0,25,24
CAT;COQ6m,1,0,25,24
CAT;COQ7m,1,0,25,24
CAT;COUCOAFm,1,0,25,24
CAT;COt,1,0,25,24
CAT;CPPPGO,1,0,25,24
CAT;CSm,0,1,26,23
CAT;CYSGLTH,1,0,25,24
CAT;CYSRED,1,0,25,24
CAT;DECDPtm,1,0,25,24
CAT;DESAT16_1,1,0,25,24
CAT;DHDPBMTm,1,0,25,24
CAT;DHFR3x,1,0,25,24
CAT;DHFRx,1,0,25,24
CAT;DHFtm,1,0,25,24
CAT;DPHMBDCm,1,0,25,24
CAT;DPPS,1,0,25,24
CAT;FALDtly,2,0,24,24
CAT;FCLTm,1,0,25,24
CAT;FE2tm,1,0,25,24
CAT;FOLt2,1,0,25,24
CAT;FRDPtc,1,0,25,24
CAT;GLUDxm,0,1,26,23
CAT;GLUDym,1,0,25,24
CAT;GLYACm,1,0,25,24
CAT;GLYtm,1,0,25,24
CAT;GTHP,1,0,25,24
CAT;GTPGDPtm,1,0,25,24
CAT;H2O2tly,2,0,24,24
CAT;H2Otly,1,0,25,24
CAT;H2Otm,1,0,25,24
CAT;HBZOPT10m,1,0,25,24
CAT;HMBS,1,0,25,24
CAT;HOXG,1,0,25,24
CAT;Htr,1,0,25,24
CAT;IDHPOXOX2b,2,0,24,24
CAT;IDHPOXOX3,2,0,24,24
CAT;IDHPOXOXb,2,0,24,24
CAT;ILETAm,0,1,26,23
CAT;ILEt5m,0,1,26,23
CAT;ITCOALm,0,1,26,23
CAT;LCYSTCBOXL,2,0,24,24
CAT;LHCYSTIN,1,0,25,24
CAT;LHCYSTINt,1,0,25,24
CAT;L_LACtcm,1,0,25,24
CAT;L_LACtm,1,0,25,24
CAT;MEOHtly,2,0,24,24
CAT;METAT,1,0,25,24
CAT;MTHFR3x,1,0,25,24
CAT;NADH2_u10m,0,1,26,23
CAT;NAIt,2,0,24,24
CAT;NDP7er,1,0,25,24
CAT;NH4tm,0,1,26,23
CAT;O2t,0,1,26,23
CAT;PCFLOPm,1,0,25,24
CAT;PCm,0,1,26,23
CAT;PETOHMm_hs,1,0,25,24
CAT;PFK2,1,0,25,24
CAT;PHEMEtm,1,0,25,24
CAT;PLMCOAPTr,1,0,25,24
CAT;PPBNGS,1,0,25,24
CAT;PPItm,1,0,25,24
CAT;PPPG9tm,1,0,25,24
CAT;PPPGOm,1,0,25,24
CAT;PRDX,1,0,25,24
CAT;PRDXl,2,0,24,24
CAT;PROAKGOX1m,1,0,25,24
CAT;PSDm_hs,1,0,25,24
CAT;PSFLIPm,1,0,25,24
CAT;Q10H2e,1,0,25,24
CAT;SADT,2,0,24,24
CAT;SO4CLtex,1,0,25,24
CAT;SUCOAS1m,1,0,25,24
CAT;T4HCINNMFM,1,0,25,24
CAT;TAURCHAe,2,0,24,24
CAT;THFtm,1,0,25,24
CAT;THYPX,2,0,24,24
CAT;THYRDI,2,0,24,24
CAT;THYRDI2,2,0,24,24
CAT;TYRTAm,1,0,25,24
CAT;TYRtl,1,0,25,24
CAT;UDPGCURtr,1,0,25,24
CAT;UDPGD,1,0,25,24
CAT;UGT1A2r,1,0,25,24
CAT;UMPtr,1,0,25,24
CAT;UPP3S,1,0,25,24
CAT;UPPDC1,1,0,25,24
CAT;q10h2tc,1,0,25,24
CATp;CRNrtx,1,0,25,24
CATp;CSNATp,1,0,25,24
CATp;CSNATr,1,0,25,24
CATp;H2Oter,3,0,23,24
CATp;H2Otp,1,0,25,24
CATp;Htr,2,0,24,24
CATp;PRDX,1,0,25,24
CAt7r;NCNt,0,2,26,22
CAt7r;PRDX,1,0,25,24
CAtm7;FADH2ETC,0,1,26,23
CAtm7;HCO3Em,1,0,25,24
CAtm7;HCO3tm,1,0,25,24
CBPPer;PPA,0,1,26,23
CBPSam;ETHP,0,1,26,23
CBPSam;NH4tm,0,1,26,23
CBPSam;PEMET1,0,1,26,23
CBPSam;PEMET2,0,1,26,23
CBPSam;PIt2m_2,0,1,26,23
CBPSam;PSSA2_hs,0,1,26,23
CBPter;PPA,0,1,26,23
CCA_D3t;GLUDxm,0,1,26,23
CCA_D3tm;GLUDxm,0,1,26,23
CDPDAGtm;CDS,7,5,19,19
CDPDAGtm;CHSTEROLt2,1,0,25,24
CDPDAGtm;CITMCOAHm,2,0,24,24
CDPDAGtm;CITMCOALm,2,0,24,24
CDPDAGtm;CITRt2m,1,2,25,22
CDPDAGtm;CITRtm,1,1,25,23
CDPDAGtm;CITSUCCtm,1,0,25,24
CDPDAGtm;CMPACNAtg,1,0,25,24
CDPDAGtm;CMPSAS,1,0,25,24
CDPDAGtm;CO2tm,2,0,24,24
CDPDAGtm;COt,1,0,25,24
CDPDAGtm;CPPPGO,1,0,25,24
CDPDAGtm;CSm,1,0,25,24
CDPDAGtm;DOLASNTer,1,0,25,24
CDPDAGtm;DOLDPPer,1,0,25,24
CDPDAGtm;DOLGLCP_ter,1,0,25,24
CDPDAGtm;DOLMANP_ter,1,0,25,24
CDPDAGtm;DOLPGT1er,1,0,25,24
CDPDAGtm;DOLPGT2er,1,0,25,24
CDPDAGtm;DOLPGT3er,1,0,25,24
CDPDAGtm;DOLPMT,1,0,25,24
CDPDAGtm;DOLPMT1er,1,0,25,24
CDPDAGtm;DOLPMT2_er,1,0,25,24
CDPDAGtm;DOLPMT3er,1,0,25,24
CDPDAGtm;DOLPMT4_er,1,0,25,24
CDPDAGtm;DOLP_ter,1,0,25,24
CDPDAGtm;F6T3g,1,0,25,24
CDPDAGtm;FCLTm,1,0,25,24
CDPDAGtm;FE2tm,2,0,24,24
CDPDAGtm;FE3tm,1,0,25,24
CDPDAGtm;FECR,1,0,25,24
CDPDAGtm;FTMTm,1,0,25,24
CDPDAGtm;G12MT1,1,0,25,24
CDPDAGtm;G12MT2,1,0,25,24
CDPDAGtm;G13MT,1,0,25,24
CDPDAGtm;G14T10g,1,0,25,24
CDPDAGtm;G14T11g,1,0,25,24
CDPDAGtm;G14T12g,1,0,25,24
CDPDAGtm;G14T13g,1,0,25,24
CDPDAGtm;G14T14g,1,0,25,24
CDPDAGtm;G14T15g,1,0,25,24
CDPDAGtm;G14T16g,1,0,25,24
CDPDAGtm;G14T17g,1,0,25,24
CDPDAGtm;G14T6g,1,0,25,24
CDPDAGtm;G14T7g,1,0,25,24
CDPDAGtm;G14T8g,1,0,25,24
CDPDAGtm;G14T9g,1,0,25,24
CDPDAGtm;G14Tg,1,0,25,24
CDPDAGtm;G16MT,1,0,25,24
CDPDAGtm;GALASE17ly,1,0,25,24
CDPDAGtm;GALASE18ly,1,0,25,24
CDPDAGtm;GALASE19ly,1,0,25,24
CDPDAGtm;GALM2,1,0,25,24
CDPDAGtm;GALNTg,1,0,25,24
CDPDAGtm;GALU,2,0,24,24
CDPDAGtm;GALtly,1,0,25,24
CDPDAGtm;GDPFUCtg,1,0,25,24
CDPDAGtm;GDPtg,1,0,25,24
CDPDAGtm;GF6PTA,1,0,25,24
CDPDAGtm;GFUCS,1,0,25,24
CDPDAGtm;GLACter,1,0,25,24
CDPDAGtm;GLCNACPT,1,0,25,24
CDPDAGtm;GLCNACT,1,0,25,24
CDPDAGtm;GLCURter,1,0,25,24
CDPDAGtm;GLCURtly,1,0,25,24
CDPDAGtm;GLCter,1,0,25,24
CDPDAGtm;GLRASE,1,0,25,24
CDPDAGtm;GLUDxm,1,0,25,24
CDPDAGtm;GLYC3Ptmc,1,0,25,24
CDPDAGtm;GMAND,1,0,25,24
CDPDAGtm;GMPtg,1,0,25,24
CDPDAGtm;GPAM_hs,7,4,19,20
CDPDAGtm;GULLACter,1,0,25,24
CDPDAGtm;GULOer,1,0,25,24
CDPDAGtm;H2O2ter,1,0,25,24
CDPDAGtm;H2Otg,1,0,25,24
CDPDAGtm;H2Otly,1,0,25,24
CDPDAGtm;H2Otm,1,0,25,24
CDPDAGtm;HAS1,1,0,25,24
CDPDAGtm;HAS2,1,0,25,24
CDPDAGtm;HAtly,1,0,25,24
CDPDAGtm;HCO3E,3,0,23,24
CDPDAGtm;HCO3Em,2,0,24,24
CDPDAGtm;HCO3tm,1,0,25,24
CDPDAGtm;HEX4,1,0,25,24
CDPDAGtm;HMBS,1,0,25,24
CDPDAGtm;HOXG,1,0,25,24
CDPDAGtm;HSD3B11,1,0,25,24
CDPDAGtm;HYAL,1,0,25,24
CDPDAGtm;Htg,1,0,25,24
CDPDAGtm;Htm,2,0,24,24
CDPDAGtm;ICDHxrm,1,0,25,24
CDPDAGtm;ICITCITtm,1,0,25,24
CDPDAGtm;ITCOALm,2,0,24,24
CDPDAGtm;KSIt,1,0,25,24
CDPDAGtm;L_LACtcm,3,0,23,24
CDPDAGtm;L_LACtm,3,0,23,24
CDPDAGtm;M1316Mg,1,0,25,24
CDPDAGtm;M13N2Tg,1,0,25,24
CDPDAGtm;M16NT1g,1,0,25,24
CDPDAGtm;M4MPDOL_ter,1,0,25,24
CDPDAGtm;M8MASNterg,1,0,25,24
CDPDAGtm;MAN1PT2,1,0,25,24
CDPDAGtm;MAN6PI,1,0,25,24
CDPDAGtm;MANtg,1,0,25,24
CDPDAGtm;MDHm,1,0,25,24
CDPDAGtm;MG1er,1,0,25,24
CDPDAGtm;MG2er,1,0,25,24
CDPDAGtm;MG3er,1,0,25,24
CDPDAGtm;MM5ag,1,0,25,24
CDPDAGtm;MM6bg,1,0,25,24
CDPDAGtm;MM7Cag,1,0,25,24
CDPDAGtm;MM8Ag,1,0,25,24
CDPDAGtm;MTHFC,0,1,26,23
CDPDAGtm;MTHFD2,0,1,26,23
CDPDAGtm;NACHEX24ly,1,0,25,24
CDPDAGtm;NACHEX25ly,1,0,25,24
CDPDAGtm;NAGA2ly,1,0,25,24
CDPDAGtm;NAGLCAly,1,0,25,24
CDPDAGtm;NDP7er,1,0,25,24
CDPDAGtm;NDP7g,1,0,25,24
CDPDAGtm;NH4tm,1,0,25,24
CDPDAGtm;OXALSUCCCLm,1,0,25,24
CDPDAGtm;P45011A1m,1,0,25,24
CDPDAGtm;PAPStg,1,0,25,24
CDPDAGtm;PAPtg,1,0,25,24
CDPDAGtm;PGMT,2,0,24,24
CDPDAGtm;PHEMEtm,1,0,25,24
CDPDAGtm;PIMALtm,1,0,25,24
CDPDAGtm;PIter,1,0,25,24
CDPDAGtm;PItg,1,0,25,24
CDPDAGtm;PMANM,1,0,25,24
CDPDAGtm;PPBNGS,1,0,25,24
CDPDAGtm;PPItm,1,0,25,24
CDPDAGtm;PPPG9tm,1,0,25,24
CDPDAGtm;PPPGOm,1,0,25,24
CDPDAGtm;PRGNLONEtm,1,0,25,24
CDPDAGtm;PRGSTRNt,1,0,25,24
CDPDAGtm;PROGLUtm,1,0,25,24
CDPDAGtm;PROtm,1,0,25,24
CDPDAGtm;PYRtm,2,0,24,24
CDPDAGtm;S23T3g,1,0,25,24
CDPDAGtm;S6T10g,1,0,25,24
CDPDAGtm;S6T11g,1,0,25,24
CDPDAGtm;S6T12g,1,0,25,24
CDPDAGtm;S6T13g,1,0,25,24
CDPDAGtm;S6T14g,1,0,25,24
CDPDAGtm;S6T15g,1,0,25,24
CDPDAGtm;S6T4g,1,0,25,24
CDPDAGtm;S6T5g,1,0,25,24
CDPDAGtm;S6T6g,1,0,25,24
CDPDAGtm;S6T7g,1,0,25,24
CDPDAGtm;S6T8g,1,0,25,24
CDPDAGtm;S6T9g,1,0,25,24
CDPDAGtm;S6TASE24ly,1,0,25,24
CDPDAGtm;SADT,1,0,25,24
CDPDAGtm;SO3AKGtm,1,0,25,24
CDPDAGtm;SO3MALtm,1,0,25,24
CDPDAGtm;SO4CLtex,1,0,25,24
CDPDAGtm;SO4tl,1,0,25,24
CDPDAGtm;SUCCACONtm,1,0,25,24
CDPDAGtm;Ser/Thrtg,1,0,25,24
CDPDAGtm;UAGDP,1,0,25,24
CDPDAGtm;UDPACGALtl,1,0,25,24
CDPDAGtm;UDPDOLPT,1,0,25,24
CDPDAGtm;UDPG4E,1,0,25,24
CDPDAGtm;UDPGALtg,1,0,25,24
CDPDAGtm;UDPGD,2,0,24,24
CDPDAGtm;UDPGLCAter,1,0,25,24
CDPDAGtm;UDPtl,1,0,25,24
CDPDAGtm;UGALNACtg,1,0,25,24
CDPDAGtm;UGLCNACtg,1,0,25,24
CDPDAGtm;UGT1A2r,1,0,25,24
CDPDAGtm;UPP3S,1,0,25,24
CDPDAGtm;UPPDC1,1,0,25,24
CDPDAGtm;UROLACer,1,0,25,24
CDPRBTLtg;CYTK1,5,2,21,22
CDPRBTLtg;CYTK3,1,0,25,24
CDPRBTLtg;R5Ptr,5,3,21,21
CDPRBTLtg;RPI,0,1,26,23
CDPRBTLtg;RPIr,5,3,21,21
CDPRBTLtg;RU5Ptr,4,3,22,21
CDPtg;CYTK1,5,2,21,22
CDPtg;CYTK3,1,0,25,24
CDPtg;R5Ptr,5,3,21,21
CDPtg;RPI,0,1,26,23
CDPtg;RPIr,5,3,21,21
CDPtg;RU5Ptr,4,3,22,21
CDS;CDSm,7,5,19,19
CDS;CHOLD2m,0,1,26,23
CDS;CRNtim,8,1,18,23
CDS;CTPtm,7,4,19,20
CDS;CYTDK2m,0,1,26,23
CDS;CYTDtm,0,1,26,23
CDS;CYTK1m,0,1,26,23
CDS;DMGDHm,0,1,26,23
CDS;DMGtm,0,1,26,23
CDS;DNDPt42m,0,1,26,23
CDS;DUMPtm,0,1,26,23
CDS;DUTCP,0,1,26,23
CDS;DUTPDPm,0,1,26,23
CDS;FALDtm,0,1,26,23
CDS;GLYBtm,0,1,26,23
CDS;GLYC3Ptm,2,2,24,22
CDS;GLYC3Ptmc,5,2,21,22
CDS;GLYtm,0,1,26,23
CDS;GPAMm_hs,8,3,18,21
CDS;METAT,0,1,26,23
CDS;MTHFCm,0,1,26,23
CDS;MTHFDm,0,1,26,23
CDS;NDPK3m,0,1,26,23
CDS;NTD4,1,0,25,24
CDS;PCHOLPm_hs,0,1,26,23
CDS;PETOHMm_hs,0,1,26,23
CDS;PIATPLtm,0,1,26,23
CDS;PIt2m_2,0,1,26,23
CDS;PPAm,1,0,25,24
CDS;PPCOACRNtm,0,2,26,22
CDS;PPCOAtm,0,2,26,22
CDS;PPItm,6,4,20,20
CDS;RTOTALCRNCPT1,8,3,18,21
CDS;RTOTALCRNCPT2,8,3,18,21
CDS;RTOTALCRNt,8,3,18,21
CDS;SARDHm,0,1,26,23
CDS;URIDK2,0,1,26,23
CDSm;CHSTEROLt2,1,0,25,24
CDSm;CITMCOAHm,2,0,24,24
CDSm;CITMCOALm,2,0,24,24
CDSm;CITRt2m,1,2,25,22
CDSm;CITRtm,1,1,25,23
CDSm;CITSUCCtm,1,0,25,24
CDSm;CMPACNAtg,1,0,25,24
CDSm;CMPSAS,1,0,25,24
CDSm;CO2tm,2,0,24,24
CDSm;COt,1,0,25,24
CDSm;CPPPGO,1,0,25,24
CDSm;CSm,1,0,25,24
CDSm;DOLASNTer,1,0,25,24
CDSm;DOLDPPer,1,0,25,24
CDSm;DOLGLCP_ter,1,0,25,24
CDSm;DOLMANP_ter,1,0,25,24
CDSm;DOLPGT1er,1,0,25,24
CDSm;DOLPGT2er,1,0,25,24
CDSm;DOLPGT3er,1,0,25,24
CDSm;DOLPMT,1,0,25,24
CDSm;DOLPMT1er,1,0,25,24
CDSm;DOLPMT2_er,1,0,25,24
CDSm;DOLPMT3er,1,0,25,24
CDSm;DOLPMT4_er,1,0,25,24
CDSm;DOLP_ter,1,0,25,24
CDSm;F6T3g,1,0,25,24
CDSm;FCLTm,1,0,25,24
CDSm;FE2tm,2,0,24,24
CDSm;FE3tm,1,0,25,24
CDSm;FECR,1,0,25,24
CDSm;FTMTm,1,0,25,24
CDSm;G12MT1,1,0,25,24
CDSm;G12MT2,1,0,25,24
CDSm;G13MT,1,0,25,24
CDSm;G14T10g,1,0,25,24
CDSm;G14T11g,1,0,25,24
CDSm;G14T12g,1,0,25,24
CDSm;G14T13g,1,0,25,24
CDSm;G14T14g,1,0,25,24
CDSm;G14T15g,1,0,25,24
CDSm;G14T16g,1,0,25,24
CDSm;G14T17g,1,0,25,24
CDSm;G14T6g,1,0,25,24
CDSm;G14T7g,1,0,25,24
CDSm;G14T8g,1,0,25,24
CDSm;G14T9g,1,0,25,24
CDSm;G14Tg,1,0,25,24
CDSm;G16MT,1,0,25,24
CDSm;GALASE17ly,1,0,25,24
CDSm;GALASE18ly,1,0,25,24
CDSm;GALASE19ly,1,0,25,24
CDSm;GALM2,1,0,25,24
CDSm;GALNTg,1,0,25,24
CDSm;GALU,2,0,24,24
CDSm;GALtly,1,0,25,24
CDSm;GDPFUCtg,1,0,25,24
CDSm;GDPtg,1,0,25,24
CDSm;GF6PTA,1,0,25,24
CDSm;GFUCS,1,0,25,24
CDSm;GLACter,1,0,25,24
CDSm;GLCNACPT,1,0,25,24
CDSm;GLCNACT,1,0,25,24
CDSm;GLCURter,1,0,25,24
CDSm;GLCURtly,1,0,25,24
CDSm;GLCter,1,0,25,24
CDSm;GLRASE,1,0,25,24
CDSm;GLUDxm,1,0,25,24
CDSm;GLYC3Ptmc,1,0,25,24
CDSm;GMAND,1,0,25,24
CDSm;GMPtg,1,0,25,24
CDSm;GPAM_hs,7,4,19,20
CDSm;GULLACter,1,0,25,24
CDSm;GULOer,1,0,25,24
CDSm;H2O2ter,1,0,25,24
CDSm;H2Otg,1,0,25,24
CDSm;H2Otly,1,0,25,24
CDSm;H2Otm,1,0,25,24
CDSm;HAS1,1,0,25,24
CDSm;HAS2,1,0,25,24
CDSm;HAtly,1,0,25,24
CDSm;HCO3E,3,0,23,24
CDSm;HCO3Em,2,0,24,24
CDSm;HCO3tm,1,0,25,24
CDSm;HEX4,1,0,25,24
CDSm;HMBS,1,0,25,24
CDSm;HOXG,1,0,25,24
CDSm;HSD3B11,1,0,25,24
CDSm;HYAL,1,0,25,24
CDSm;Htg,1,0,25,24
CDSm;Htm,2,0,24,24
CDSm;ICDHxrm,1,0,25,24
CDSm;ICITCITtm,1,0,25,24
CDSm;ITCOALm,2,0,24,24
CDSm;KSIt,1,0,25,24
CDSm;L_LACtcm,3,0,23,24
CDSm;L_LACtm,3,0,23,24
CDSm;M1316Mg,1,0,25,24
CDSm;M13N2Tg,1,0,25,24
CDSm;M16NT1g,1,0,25,24
CDSm;M4MPDOL_ter,1,0,25,24
CDSm;M8MASNterg,1,0,25,24
CDSm;MAN1PT2,1,0,25,24
CDSm;MAN6PI,1,0,25,24
CDSm;MANtg,1,0,25,24
CDSm;MDHm,1,0,25,24
CDSm;MG1er,1,0,25,24
CDSm;MG2er,1,0,25,24
CDSm;MG3er,1,0,25,24
CDSm;MM5ag,1,0,25,24
CDSm;MM6bg,1,0,25,24
CDSm;MM7Cag,1,0,25,24
CDSm;MM8Ag,1,0,25,24
CDSm;MTHFC,0,1,26,23
CDSm;MTHFD2,0,1,26,23
CDSm;NACHEX24ly,1,0,25,24
CDSm;NACHEX25ly,1,0,25,24
CDSm;NAGA2ly,1,0,25,24
CDSm;NAGLCAly,1,0,25,24
CDSm;NDP7er,1,0,25,24
CDSm;NDP7g,1,0,25,24
CDSm;NH4tm,1,0,25,24
CDSm;OXALSUCCCLm,1,0,25,24
CDSm;P45011A1m,1,0,25,24
CDSm;PAPStg,1,0,25,24
CDSm;PAPtg,1,0,25,24
CDSm;PGMT,2,0,24,24
CDSm;PHEMEtm,1,0,25,24
CDSm;PIMALtm,1,0,25,24
CDSm;PIter,1,0,25,24
CDSm;PItg,1,0,25,24
CDSm;PMANM,1,0,25,24
CDSm;PPBNGS,1,0,25,24
CDSm;PPItm,1,0,25,24
CDSm;PPPG9tm,1,0,25,24
CDSm;PPPGOm,1,0,25,24
CDSm;PRGNLONEtm,1,0,25,24
CDSm;PRGSTRNt,1,0,25,24
CDSm;PROGLUtm,1,0,25,24
CDSm;PROtm,1,0,25,24
CDSm;PYRtm,2,0,24,24
CDSm;S23T3g,1,0,25,24
CDSm;S6T10g,1,0,25,24
CDSm;S6T11g,1,0,25,24
CDSm;S6T12g,1,0,25,24
CDSm;S6T13g,1,0,25,24
CDSm;S6T14g,1,0,25,24
CDSm;S6T15g,1,0,25,24
CDSm;S6T4g,1,0,25,24
CDSm;S6T5g,1,0,25,24
CDSm;S6T6g,1,0,25,24
CDSm;S6T7g,1,0,25,24
CDSm;S6T8g,1,0,25,24
CDSm;S6T9g,1,0,25,24
CDSm;S6TASE24ly,1,0,25,24
CDSm;SADT,1,0,25,24
CDSm;SO3AKGtm,1,0,25,24
CDSm;SO3MALtm,1,0,25,24
CDSm;SO4CLtex,1,0,25,24
CDSm;SO4tl,1,0,25,24
CDSm;SUCCACONtm,1,0,25,24
CDSm;Ser/Thrtg,1,0,25,24
CDSm;UAGDP,1,0,25,24
CDSm;UDPACGALtl,1,0,25,24
CDSm;UDPDOLPT,1,0,25,24
CDSm;UDPG4E,1,0,25,24
CDSm;UDPGALtg,1,0,25,24
CDSm;UDPGD,2,0,24,24
CDSm;UDPGLCAter,1,0,25,24
CDSm;UDPtl,1,0,25,24
CDSm;UGALNACtg,1,0,25,24
CDSm;UGLCNACtg,1,0,25,24
CDSm;UGT1A2r,1,0,25,24
CDSm;UPP3S,1,0,25,24
CDSm;UPPDC1,1,0,25,24
CDSm;UROLACer,1,0,25,24
CEPTC;PCFLOPm,0,2,26,22
CEPTC;PETOHMm_hs,0,2,26,22
CERT2gt;UDPGD,0,1,26,23
CERT2rt;DOLASNTer,0,1,26,23
CERT2rt;DOLDPPer,0,1,26,23
CERT2rt;DOLGLCP_ter,0,1,26,23
CERT2rt;DOLMANP_ter,0,1,26,23
CERT2rt;DOLPGT1er,0,1,26,23
CERT2rt;DOLPGT2er,0,1,26,23
CERT2rt;DOLPGT3er,0,1,26,23
CERT2rt;DOLPMT,0,1,26,23
CERT2rt;DOLPMT1er,0,1,26,23
CERT2rt;DOLPMT2_er,0,1,26,23
CERT2rt;DOLPMT3er,0,1,26,23
CERT2rt;DOLPMT4_er,0,1,26,23
CERT2rt;DOLP_ter,0,1,26,23
CERT2rt;G12MT1,0,1,26,23
CERT2rt;G12MT2,0,1,26,23
CERT2rt;G13MT,0,1,26,23
CERT2rt;G16MT,0,1,26,23
CERT2rt;GFUCS,1,0,25,24
CERT2rt;GLCMter,0,1,26,23
CERT2rt;GLCNACPT,0,1,26,23
CERT2rt;GLCNACT,0,1,26,23
CERT2rt;GMAND,1,0,25,24
CERT2rt;HEX16,0,1,26,23
CERT2rt;M1316Mg,0,1,26,23
CERT2rt;M13N2Tg,0,1,26,23
CERT2rt;M4MPDOL_ter,0,1,26,23
CERT2rt;M7MASNBterg,0,1,26,23
CERT2rt;MAL_Lte,1,0,25,24
CERT2rt;MAN1PT2,0,1,26,23
CERT2rt;MAN6PI,1,1,25,23
CERT2rt;MANter,0,1,26,23
CERT2rt;MANtg,0,1,26,23
CERT2rt;MG1er,0,1,26,23
CERT2rt;MG2er,0,1,26,23
CERT2rt;MG3er,0,1,26,23
CERT2rt;MM5cg,0,1,26,23
CERT2rt;MM6B2g,0,1,26,23
CERT2rt;MM7B2g,0,1,26,23
CERT2rt;MM8Ber,0,1,26,23
CERT2rt;PMANM,0,1,26,23
CERT2rt;TPI,1,0,25,24
CERT2rt;UDPDOLPT,0,1,26,23
CERT2rt;UGLCNACtg,0,1,26,23
CHAT;H2Oter,1,0,25,24
CHAT;Htr,1,0,25,24
CHAT;THRA,0,2,26,22
CHATn;CO2tm,1,2,25,22
CHATn;FUMm,0,1,26,23
CHATn;H2Oter,1,0,25,24
CHATn;HCO3E,2,1,24,23
CHATn;HSD3B11,1,0,25,24
CHATn;Htr,1,0,25,24
CHATn;P45011A1m,1,0,25,24
CHATn;PRGNLONEtm,1,0,25,24
CHATn;PRGSTRNt,1,0,25,24
CHATn;PYRtm,0,1,26,23
CHATn;THRA,0,4,26,20
CHATn;UMPK5,1,0,25,24
CHLPCTD;PCFLOPm,0,2,26,22
CHLPCTD;PETOHMm_hs,0,2,26,22
CHLtm;H2Oter,2,0,24,24
CHLtm;MTHFC,1,0,25,24
CHLtm;MTHFD,1,0,25,24
CHOLATEt2;HCO3E,0,1,26,23
CHOLATEt;HCO3E,0,1,26,23
CHOLD2m;H2Oter,2,0,24,24
CHOLD2m;MTHFC,1,1,25,23
CHOLD2m;MTHFD,1,0,25,24
CHOLD2m;MTHFD2,0,1,26,23
CHOLK;CO2tm,0,1,26,23
CHOLK;DHCR241r,0,1,26,23
CHOLK;EBP2r,0,1,26,23
CHOLK;GTHDH,0,1,26,23
CHOLK;GTHOm,0,1,26,23
CHOLK;GTHPm,0,1,26,23
CHOLK;H2O2tm,0,1,26,23
CHOLK;LHCYSTIN,0,2,26,22
CHOLK;LHCYSTINt,0,2,26,22
CHOLK;LSTO2r,0,1,26,23
CHOLK;METAT,0,2,26,22
CHOLK;MTHFD2m,0,1,26,23
CHOLK;MTHFDm,0,1,26,23
CHOLK;O2St,0,1,26,23
CHOLK;PE_HStm,0,1,26,23
CHOLK;PSDm_hs,0,2,26,22
CHOLK;PSFLIPm,0,2,26,22
CHOLK;PVD3,0,1,26,23
CHOLK;VD3,0,1,26,23
CHOLK;VITD3Hm,0,1,26,23
CHOLK;VITD3tm,0,1,26,23
CHOLPtl;GAL3ST11,1,0,25,24
CHOLPtl;GALSIDEtg,1,0,25,24
CHOLPtl;GALSIDEtl,1,0,25,24
CHOLPtl;GF6PTA,0,1,26,23
CHOLPtl;H2Otg,0,1,26,23
CHOLPtl;Htg,0,1,26,23
CHOLPtl;NDP7g,0,1,26,23
CHOLPtl;PAPStg,1,0,25,24
CHOLPtl;PAPtg,1,0,25,24
CHOLPtl;PItg,0,1,26,23
CHOLPtl;SADT,1,0,25,24
CHOLPtl;SGALSIDEtg,1,0,25,24
CHOLPtl;SGALSIDEtl,1,0,25,24
CHOLPtl;SO4tl,1,0,25,24
CHOLPtl;UGLCNACtg,0,1,26,23
CHOLPtl;UMPK5,0,1,26,23
CHOLt4;CHOLtu,2,1,24,23
CHOLt4;CYSGLTH,0,1,26,23
CHOLt4;CYSRED,0,1,26,23
CHOLt4;LHCYSTIN,0,2,26,22
CHOLt4;LHCYSTINt,0,2,26,22
CHOLt4;METAT,1,2,25,22
CHOLt4;PCFLOPm,1,1,25,23
CHOLt4;PETOHMm_hs,1,1,25,23
CHOLt4;PSDm_hs,0,1,26,23
CHOLt4;PSFLIPm,0,1,26,23
CHOLtn;CO2tm,1,2,25,22
CHOLtn;FUMm,0,1,26,23
CHOLtn;H2Oter,1,0,25,24
CHOLtn;HCO3E,2,1,24,23
CHOLtn;HSD3B11,1,0,25,24
CHOLtn;Htr,1,0,25,24
CHOLtn;P45011A1m,1,0,25,24
CHOLtn;PRGNLONEtm,1,0,25,24
CHOLtn;PRGSTRNt,1,0,25,24
CHOLtn;PYRtm,0,1,26,23
CHOLtn;THRA,0,4,26,20
CHOLtn;UMPK5,1,0,25,24
CHOLtr;H2Oter,0,1,26,23
CHOLtr;Htr,0,1,26,23
CHOLtr;PIter,0,1,26,23
CHOLtu;CITSUCCtm,0,1,26,23
CHOLtu;CO2tm,1,1,25,23
CHOLtu;CYSGLTH,1,0,25,24
CHOLtu;CYSRED,1,0,25,24
CHOLtu;CYSTGL,0,2,26,22
CHOLtu;CYSTS,0,2,26,22
CHOLtu;DHCR241r,0,1,26,23
CHOLtu;EBP2r,0,1,26,23
CHOLtu;GLUt2m,0,1,26,23
CHOLtu;GLYLYSCYSr,0,1,26,23
CHOLtu;GLYLYSCYSt,0,1,26,23
CHOLtu;GTHDH,0,1,26,23
CHOLtu;GTHOm,0,1,26,23
CHOLtu;GTHPm,0,1,26,23
CHOLtu;H2O2tm,0,1,26,23
CHOLtu;ICDHyrm,0,1,26,23
CHOLtu;ICITCITtm,0,1,26,23
CHOLtu;LHCYSTIN,1,2,25,22
CHOLtu;LHCYSTINt,1,2,25,22
CHOLtu;LSTO2r,0,1,26,23
CHOLtu;MCITS,0,2,26,22
CHOLtu;METAT,2,4,24,20
CHOLtu;MTHFD2m,0,1,26,23
CHOLtu;MTHFDm,0,1,26,23
CHOLtu;NMNS,0,1,26,23
CHOLtu;O2St,0,1,26,23
CHOLtu;OBDHc,0,2,26,22
CHOLtu;OXALSUCCCLm,0,1,26,23
CHOLtu;PCFLOPm,2,3,24,21
CHOLtu;PETOHMm_hs,2,3,24,21
CHOLtu;PIMALtm,0,1,26,23
CHOLtu;PSDm_hs,2,2,24,22
CHOLtu;PSFLIPm,2,2,24,22
CHOLtu;PVD3,0,1,26,23
CHOLtu;SO4AKGtm,0,1,26,23
CHOLtu;SO4MALtm,0,1,26,23
CHOLtu;VD3,0,1,26,23
CHOLtu;VITD3Hm,0,1,26,23
CHOLtu;VITD3tm,0,1,26,23
CHSTEROLt2;CTPtm,1,0,25,24
CHSTEROLt2;DAG_Hstem,1,0,25,24
CHSTEROLt2;DPCOAK,1,0,25,24
CHSTEROLt2;H2Otm,1,0,25,24
CHSTEROLt2;PIt2m_2,1,0,25,24
CHSTEROLt2;PNTK,1,0,25,24
CHSTEROLt2;PNTOte,1,0,25,24
CHSTEROLt2;PPA,1,0,25,24
CHSTEROLt2;PPCDC,1,0,25,24
CHSTEROLt2;PPItm,1,0,25,24
CHSTEROLt2;PPNCL2,1,0,25,24
CHSTEROLt2;PTPAT,1,0,25,24
CITMCOAHm;COt,0,1,26,23
CITMCOAHm;CPPPGO,1,1,25,23
CITMCOAHm;CTPtm,2,0,24,24
CITMCOAHm;DAG_Hstem,3,1,23,23
CITMCOAHm;ENO,0,1,26,23
CITMCOAHm;FCLTm,0,1,26,23
CITMCOAHm;FE2tm,0,1,26,23
CITMCOAHm;GAPD,0,1,26,23
CITMCOAHm;GLUt2m,0,2,26,22
CITMCOAHm;GLYATm,0,1,26,23
CITMCOAHm;GTPGDPtm,1,1,25,23
CITMCOAHm;HCO3Ee,1,1,25,23
CITMCOAHm;HCO3Em,0,1,26,23
CITMCOAHm;HCO3tm,0,1,26,23
CITMCOAHm;HMBS,0,1,26,23
CITMCOAHm;HOXG,0,1,26,23
CITMCOAHm;ILEOX,0,1,26,23
CITMCOAHm;ILETAm,0,1,26,23
CITMCOAHm;ILEt5m,0,1,26,23
CITMCOAHm;MAL_Lte,7,0,19,24
CITMCOAHm;ME2m,0,1,26,23
CITMCOAHm;NDP7er,1,0,25,24
CITMCOAHm;PGK,0,1,26,23
CITMCOAHm;PGM,0,1,26,23
CITMCOAHm;PHEMEtm,0,1,26,23
CITMCOAHm;PIt2m_2,1,0,25,24
CITMCOAHm;PPBNGS,1,1,25,23
CITMCOAHm;PPItm,3,0,23,24
CITMCOAHm;PPPG9tm,0,1,26,23
CITMCOAHm;PPPGOm,0,1,26,23
CITMCOAHm;PROAKGOX1m,1,1,25,23
CITMCOAHm;PROtm,0,1,26,23
CITMCOAHm;SUCOAS1m,1,1,25,23
CITMCOAHm;THR3Dx,0,1,26,23
CITMCOAHm;UDPGCURtr,1,0,25,24
CITMCOAHm;UDPGD,1,0,25,24
CITMCOAHm;UMPtr,1,0,25,24
CITMCOAHm;UPP3S,0,1,26,23
CITMCOAHm;UPPDC1,0,1,26,23
CITMCOALm;COt,0,1,26,23
CITMCOALm;CPPPGO,0,1,26,23
CITMCOALm;CTPtm,2,0,24,24
CITMCOALm;DAG_Hstem,3,1,23,23
CITMCOALm;ENO,0,1,26,23
CITMCOALm;FCLTm,0,1,26,23
CITMCOALm;FE2tm,0,1,26,23
CITMCOALm;GAPD,0,1,26,23
CITMCOALm;GLUt2m,0,2,26,22
CITMCOALm;GLYATm,0,1,26,23
CITMCOALm;GTPGDPtm,1,1,25,23
CITMCOALm;HCO3Ee,1,1,25,23
CITMCOALm;HCO3Em,0,1,26,23
CITMCOALm;HCO3tm,0,1,26,23
CITMCOALm;HMBS,0,1,26,23
CITMCOALm;HOXG,0,1,26,23
CITMCOALm;ILEOX,0,1,26,23
CITMCOALm;ILETAm,0,1,26,23
CITMCOALm;ILEt5m,0,1,26,23
CITMCOALm;MAL_Lte,7,0,19,24
CITMCOALm;ME2m,0,1,26,23
CITMCOALm;NDP7er,1,0,25,24
CITMCOALm;PGK,0,1,26,23
CITMCOALm;PGM,0,1,26,23
CITMCOALm;PHEMEtm,0,1,26,23
CITMCOALm;PIt2m_2,1,0,25,24
CITMCOALm;PPBNGS,1,1,25,23
CITMCOALm;PPItm,3,0,23,24
CITMCOALm;PPPG9tm,0,1,26,23
CITMCOALm;PPPGOm,0,1,26,23
CITMCOALm;PROAKGOX1m,1,1,25,23
CITMCOALm;PROtm,0,1,26,23
CITMCOALm;SUCOAS1m,1,1,25,23
CITMCOALm;THR3Dx,0,1,26,23
CITMCOALm;UDPGCURtr,1,0,25,24
CITMCOALm;UDPGD,1,0,25,24
CITMCOALm;UMPtr,1,0,25,24
CITMCOALm;UPP3S,0,1,26,23
CITMCOALm;UPPDC1,0,1,26,23
CITRORNtm;NH4tm,0,1,26,23
CITRt2m;ARTPLM1m,0,1,26,23
CITRt2m;CITSUCCtm,1,1,25,23
CITRt2m;CO2tm,0,2,26,22
CITRt2m;COt,0,1,26,23
CITRt2m;CPPPGO,0,1,26,23
CITRt2m;CRNtim,0,1,26,23
CITRt2m;CTPtm,1,2,25,22
CITRt2m;CYTK1,0,1,26,23
CITRt2m;DAG_Hstem,1,0,25,24
CITRt2m;DHFR,0,1,26,23
CITRt2m;DHFRm,0,1,26,23
CITRt2m;DHFtm,0,1,26,23
CITRt2m;DTMPtm,0,1,26,23
CITRt2m;FAE180,0,1,26,23
CITRt2m;FAE200,0,1,26,23
CITRt2m;FCLTm,0,1,26,23
CITRt2m;FE2tm,0,1,26,23
CITRt2m;GLUDxm,1,0,25,24
CITRt2m;GLUt2m,0,1,26,23
CITRt2m;GLXtm,0,1,26,23
CITRt2m;GLXtp,0,1,26,23
CITRt2m;GLYC3Ptm,0,1,26,23
CITRt2m;GLYC3Ptmc,0,2,26,22
CITRt2m;GLYKm,0,1,26,23
CITRt2m;GLYOp,0,1,26,23
CITRt2m;GLYtm,0,1,26,23
CITRt2m;GPAMm_hs,0,3,26,21
CITRt2m;GPDDA1,0,1,26,23
CITRt2m;H2O2tp,0,1,26,23
CITRt2m;H2Otm,0,1,26,23
CITRt2m;H2Otp,0,1,26,23
CITRt2m;HACD180,0,1,26,23
CITRt2m;HACD200,0,1,26,23
CITRt2m;HCO3E,0,1,26,23
CITRt2m;HCO3Em,0,1,26,23
CITRt2m;HCO3tm,0,1,26,23
CITRt2m;HMBS,0,1,26,23
CITRt2m;HOXG,0,1,26,23
CITRt2m;HSD180,0,1,26,23
CITRt2m;HSD200,0,1,26,23
CITRt2m;ICDHxrm,1,0,25,24
CITRt2m;ICITCITtm,1,0,25,24
CITRt2m;LPASE,0,1,26,23
CITRt2m;LPS3m,0,1,26,23
CITRt2m;MALCOAMT,0,1,26,23
CITRt2m;MALCOAMTr,0,1,26,23
CITRt2m;NH4tm,1,0,25,24
CITRt2m;NH4tp,0,1,26,23
CITRt2m;NMNS,0,1,26,23
CITRt2m;NTD5m,0,1,26,23
CITRt2m;O2tp,0,1,26,23
CITRt2m;OXALSUCCCLm,1,0,25,24
CITRt2m;PGI,0,1,26,23
CITRt2m;PIt2m_2,1,0,25,24
CITRt2m;PPA,0,2,26,22
CITRt2m;PPAm,0,1,26,23
CITRt2m;PPBNGS,0,1,26,23
CITRt2m;PPCOACRNtm,0,2,26,22
CITRt2m;PPCOAtm,0,2,26,22
CITRt2m;PPItm,1,1,25,23
CITRt2m;PPPG9tm,0,1,26,23
CITRt2m;PPPGOm,0,1,26,23
CITRt2m;PROGLUtm,1,0,25,24
CITRt2m;PROtm,1,0,25,24
CITRt2m;RTOTALCRNCPT1,0,2,26,22
CITRt2m;RTOTALCRNCPT2,0,2,26,22
CITRt2m;RTOTALCRNt,0,2,26,22
CITRt2m;R_group_phosphotase_1,0,4,26,20
CITRt2m;Rtotaltm,0,1,26,23
CITRt2m;TECR180,0,1,26,23
CITRt2m;TECR200,0,1,26,23
CITRt2m;THYMDtm,0,1,26,23
CITRt2m;UPP3S,0,1,26,23
CITRt2m;UPPDC1,0,1,26,23
CITRte;ETHP,0,1,26,23
CITRte;NH4tm,0,1,26,23
CITRte;PEMET1,0,1,26,23
CITRte;PEMET2,0,1,26,23
CITRte;PIt2m_2,0,1,26,23
CITRte;PSSA2_hs,0,1,26,23
CITRtm;CITSUCCtm,1,1,25,23
CITRtm;CO2tm,0,1,26,23
CITRtm;COt,0,1,26,23
CITRtm;CPPPGO,0,1,26,23
CITRtm;CTPtm,1,1,25,23
CITRtm;DAG_Hstem,1,0,25,24
CITRtm;DHFR,0,1,26,23
CITRtm;DHFRm,0,1,26,23
CITRtm;DHFtm,0,1,26,23
CITRtm;DTMPtm,0,1,26,23
CITRtm;FCLTm,0,1,26,23
CITRtm;FE2tm,0,1,26,23
CITRtm;GLUDxm,1,0,25,24
CITRtm;GLUt2m,0,1,26,23
CITRtm;GLXtm,0,1,26,23
CITRtm;GLXtp,0,1,26,23
CITRtm;GLYC3Ptm,0,1,26,23
CITRtm;GLYOp,0,1,26,23
CITRtm;GLYtm,0,1,26,23
CITRtm;GPAMm_hs,0,1,26,23
CITRtm;GPDDA1,0,1,26,23
CITRtm;H2O2tp,0,1,26,23
CITRtm;H2Otm,0,1,26,23
CITRtm;H2Otp,0,1,26,23
CITRtm;HMBS,0,1,26,23
CITRtm;HOXG,0,1,26,23
CITRtm;ICDHxrm,1,0,25,24
CITRtm;ICITCITtm,1,0,25,24
CITRtm;LPASE,0,1,26,23
CITRtm;NH4tm,1,0,25,24
CITRtm;NH4tp,0,1,26,23
CITRtm;NTD5m,0,1,26,23
CITRtm;O2tp,0,1,26,23
CITRtm;ORNt3m,0,2,26,22
CITRtm;ORNt4m,0,2,26,22
CITRtm;OXALSUCCCLm,1,0,25,24
CITRtm;PGI,0,1,26,23
CITRtm;PIt2m_2,1,0,25,24
CITRtm;PPA,0,2,26,22
CITRtm;PPAm,0,1,26,23
CITRtm;PPBNGS,0,1,26,23
CITRtm;PPCOACRNtm,0,1,26,23
CITRtm;PPCOAtm,0,1,26,23
CITRtm;PPItm,1,1,25,23
CITRtm;PPPG9tm,0,1,26,23
CITRtm;PPPGOm,0,1,26,23
CITRtm;PROGLUtm,1,0,25,24
CITRtm;PROtm,1,0,25,24
CITRtm;RTOTALCRNCPT1,0,1,26,23
CITRtm;RTOTALCRNCPT2,0,1,26,23
CITRtm;RTOTALCRNt,0,1,26,23
CITRtm;R_group_phosphotase_1,0,1,26,23
CITRtm;THYMDtm,0,1,26,23
CITRtm;UPP3S,0,1,26,23
CITRtm;UPPDC1,0,1,26,23
CITSUCCtm;CO2tm,1,0,25,24
CITSUCCtm;CTPtm,1,0,25,24
CITSUCCtm;CYP2R1,0,1,26,23
CITSUCCtm;DAG_Hstem,1,0,25,24
CITSUCCtm;DHCR242r,0,1,26,23
CITSUCCtm;GLYATm,0,1,26,23
CITSUCCtm;H2O2t,0,1,26,23
CITSUCCtm;H2Oter,1,0,25,24
CITSUCCtm;HCO3E,2,0,24,24
CITSUCCtm;HSD3B11,1,0,25,24
CITSUCCtm;Htr,1,0,25,24
CITSUCCtm;LSTO2r,0,1,26,23
CITSUCCtm;MAL_Lte,0,1,26,23
CITSUCCtm;P45011A1m,1,0,25,24
CITSUCCtm;PHEOX,0,1,26,23
CITSUCCtm;PHETA1,0,1,26,23
CITSUCCtm;PIt2m_2,1,0,25,24
CITSUCCtm;PPItm,1,0,25,24
CITSUCCtm;PRGNLONEtm,1,0,25,24
CITSUCCtm;PRGSTRNt,1,0,25,24
CITSUCCtm;PVD3,0,1,26,23
CITSUCCtm;THR3Dx,0,1,26,23
CITSUCCtm;UMPK5,1,0,25,24
CITSUCCtm;VD3,0,1,26,23
CITtam;COt,0,1,26,23
CITtam;CPPPGO,0,1,26,23
CITtam;DLD,0,1,26,23
CITtam;FCLTm,0,1,26,23
CITtam;FE2tm,0,1,26,23
CITtam;HMBS,0,1,26,23
CITtam;HOXG,0,1,26,23
CITtam;MAL_Lte,0,1,26,23
CITtam;PHEMEtm,0,1,26,23
CITtam;PIMALtm,0,1,26,23
CITtam;PIt2m_2,0,1,26,23
CITtam;PPBNGS,0,1,26,23
CITtam;PPPG9tm,0,1,26,23
CITtam;PPPGOm,0,1,26,23
CITtam;SO3AKGtm,0,1,26,23
CITtam;SO3MALtm,0,1,26,23
CITtam;SUCCICITtm,0,1,26,23
CITtam;UPP3S,0,1,26,23
CITtam;UPPDC1,0,1,26,23
CITtbm;COt,0,1,26,23
CITtbm;CPPPGO,0,1,26,23
CITtbm;DLD,0,1,26,23
CITtbm;FCLTm,0,1,26,23
CITtbm;FE2tm,0,1,26,23
CITtbm;HMBS,0,1,26,23
CITtbm;HOXG,0,1,26,23
CITtbm;MAL_Lte,0,1,26,23
CITtbm;PHEMEtm,0,1,26,23
CITtbm;PIMALtm,0,1,26,23
CITtbm;PIt2m_2,0,1,26,23
CITtbm;PPBNGS,0,1,26,23
CITtbm;PPPG9tm,0,1,26,23
CITtbm;PPPGOm,0,1,26,23
CITtbm;SO3AKGtm,0,1,26,23
CITtbm;SO3MALtm,0,1,26,23
CITtbm;SUCCICITtm,0,1,26,23
CITtbm;UPP3S,0,1,26,23
CITtbm;UPPDC1,0,1,26,23
CLFORtex2;FORt2m,0,1,26,23
CLFORtex2;FTHFLm,0,1,26,23
CLFORtex;CLFORtex2,0,1,26,23
CLFORtex;PYRt4_2,0,1,26,23
CLHCOtex;NAt,0,1,26,23
CMPACNAtg;CTPtm,1,0,25,24
CMPACNAtg;DAG_Hstem,1,0,25,24
CMPACNAtg;DPCOAK,1,0,25,24
CMPACNAtg;GPAT,0,1,26,23
CMPACNAtg;HEX12,0,1,26,23
CMPACNAtg;KCC2t,0,1,26,23
CMPACNAtg;MAL_Lte,1,0,25,24
CMPACNAtg;MAN1PT2,0,1,26,23
CMPACNAtg;MAN6PI,0,1,26,23
CMPACNAtg;METDECARc,0,1,26,23
CMPACNAtg;METTRANSc,0,1,26,23
CMPACNAtg;NDPK8,2,0,24,24
CMPACNAtg;PMANM,0,1,26,23
CMPACNAtg;PNTK,1,0,25,24
CMPACNAtg;PNTOte,1,0,25,24
CMPACNAtg;PPCDC,1,0,25,24
CMPACNAtg;PPItm,1,0,25,24
CMPACNAtg;PPNCL2,1,0,25,24
CMPACNAtg;PTPAT,1,0,25,24
CMPACNAtg;TPI,3,0,23,24
CMPACNAtg;UGLCNACtg,0,1,26,23
CMPACNAtg;UMPK5,0,1,26,23
CMPSAS;CTPtm,1,0,25,24
CMPSAS;DAG_Hstem,1,0,25,24
CMPSAS;DPCOAK,1,0,25,24
CMPSAS;GPAT,0,1,26,23
CMPSAS;HEX12,0,1,26,23
CMPSAS;KCC2t,0,1,26,23
CMPSAS;MAL_Lte,1,0,25,24
CMPSAS;MAN1PT2,0,1,26,23
CMPSAS;MAN6PI,0,1,26,23
CMPSAS;METDECARc,0,1,26,23
CMPSAS;METTRANSc,0,1,26,23
CMPSAS;NDPK8,2,0,24,24
CMPSAS;PMANM,0,1,26,23
CMPSAS;PNTK,1,0,25,24
CMPSAS;PNTOte,1,0,25,24
CMPSAS;PPCDC,1,0,25,24
CMPSAS;PPItm,1,0,25,24
CMPSAS;PPNCL2,1,0,25,24
CMPSAS;PTPAT,1,0,25,24
CMPSAS;TPI,3,0,23,24
CMPSAS;UGLCNACtg,0,1,26,23
CMPSAS;UMPK5,0,1,26,23
CO2t;CO2tm,0,1,26,23
CO2t;DHFR,0,1,26,23
CO2t;DHFRm,0,1,26,23
CO2t;DHFtm,0,1,26,23
CO2t;GHMT2rm,0,1,26,23
CO2t;GLUDym,0,1,26,23
CO2t;GLYtm,0,1,26,23
CO2t;GUAD,0,1,26,23
CO2t;HCO3E,3,3,23,21
CO2t;HCO3Em,0,1,26,23
CO2t;LEUTA,0,1,26,23
CO2t;LEUTAm,0,1,26,23
CO2t;LEUt5m,0,1,26,23
CO2t;MTHFCm,0,1,26,23
CO2t;MTHFDm,0,1,26,23
CO2t;NACDe,0,1,26,23
CO2t;NACPRT,0,1,26,23
CO2t;NCAMDe,0,1,26,23
CO2t;NMNDA,0,1,26,23
CO2t;NMNS,0,1,26,23
CO2t;NTD10,0,1,26,23
CO2t;NTD9,0,1,26,23
CO2t;PPM,0,1,26,23
CO2t;PUNP3,0,1,26,23
CO2t;PUNP7,0,1,26,23
CO2t;PYRAKGte,0,1,26,23
CO2t;SERTm,0,1,26,23
CO2t;URATEabc,0,1,26,23
CO2t;URATEt,0,1,26,23
CO2t;XAND,0,2,26,22
CO2tg;CYTK1,5,2,21,22
CO2tg;CYTK3,1,0,25,24
CO2tg;R5Ptr,5,3,21,21
CO2tg;RPI,0,1,26,23
CO2tg;RPIr,5,3,21,21
CO2tg;RU5Ptr,4,3,22,21
CO2tm;ACITLn,1,2,25,22
CO2tm;ADPtn,1,2,25,22
CO2tm;AKGtn,0,1,26,23
CO2tm;CITtn,1,2,25,22
CO2tm;CO2tn,0,1,26,23
CO2tm;CRNtim,1,0,25,24
CO2tm;CSm,0,1,26,23
CO2tm;CTPtm,2,0,24,24
CO2tm;CYOOm2,1,0,25,24
CO2tm;CYOR_u10m,1,0,25,24
CO2tm;DAG_Hstem,2,0,24,24
CO2tm;DHFR,1,1,25,23
CO2tm;DHFR3m,0,1,26,23
CO2tm;DHFR3x,0,1,26,23
CO2tm;DHFRm,0,1,26,23
CO2tm;DHFRx,1,0,25,24
CO2tm;DHFtm,1,0,25,24
CO2tm;DHPM1,1,0,25,24
CO2tm;DURAD,1,0,25,24
CO2tm;ETHMALACc,0,1,26,23
CO2tm;ETHMALACte,0,1,26,23
CO2tm;ETHMALCOAc,0,1,26,23
CO2tm;ETHP,1,0,25,24
CO2tm;FACOAL100im,0,1,26,23
CO2tm;FALDH,0,1,26,23
CO2tm;FALDtn,0,1,26,23
CO2tm;FOLtm,0,1,26,23
CO2tm;FUM,0,2,26,22
CO2tm;FUMMALtm,0,1,26,23
CO2tm;FUMSUCCtm,0,2,26,22
CO2tm;FUMm,0,1,26,23
CO2tm;GHMT2rm,1,1,25,23
CO2tm;GLUDym,1,0,25,24
CO2tm;GLUt2m,1,1,25,23
CO2tm;GLYATm,0,1,26,23
CO2tm;GLYC3Ptmc,1,1,25,23
CO2tm;GLYtm,1,1,25,23
CO2tm;GPAMm_hs,1,0,25,24
CO2tm;GTHRDt,0,1,26,23
CO2tm;H2Oter,3,0,23,24
CO2tm;H2Otm,1,0,25,24
CO2tm;HCO3E,7,3,19,21
CO2tm;HCO3Em,5,6,21,18
CO2tm;HCO3tm,3,3,23,21
CO2tm;HPROxm,0,1,26,23
CO2tm;HPROym,0,1,26,23
CO2tm;Htm,0,1,26,23
CO2tm;Htr,0,1,26,23
CO2tm;ICDHxrm,0,1,26,23
CO2tm;ICDHyrm,1,0,25,24
CO2tm;ICITCITtm,1,1,25,23
CO2tm;ICITMALtm,0,2,26,22
CO2tm;LDH_L,0,2,26,22
CO2tm;LDH_Lm,0,1,26,23
CO2tm;LEUTA,0,1,26,23
CO2tm;LEUTAm,0,1,26,23
CO2tm;LEUt5m,0,1,26,23
CO2tm;L_LACtcm,1,0,25,24
CO2tm;L_LACtm,1,1,25,23
CO2tm;MAL_Lte,3,0,23,24
CO2tm;MDH,1,0,25,24
CO2tm;MDHm,0,1,26,23
CO2tm;ME2m,0,1,26,23
CO2tm;METDECARc,0,1,26,23
CO2tm;METTRANSc,0,1,26,23
CO2tm;MTHFCm,1,1,25,23
CO2tm;MTHFDm,1,1,25,23
CO2tm;NADH2_u10m,0,2,26,22
CO2tm;NMNS,0,1,26,23
CO2tm;O2tn,0,1,26,23
CO2tm;OAAtn,1,2,25,22
CO2tm;OXALSUCCCLm,1,1,25,23
CO2tm;PEMET1,1,1,25,23
CO2tm;PEMET2,1,1,25,23
CO2tm;PGI,0,1,26,23
CO2tm;PIGTHRDLtm,0,1,26,23
CO2tm;PIMALtm,1,2,25,22
CO2tm;PIt2m_2,1,0,25,24
CO2tm;PItn,1,2,25,22
CO2tm;PPCOACRNtm,0,1,26,23
CO2tm;PPCOAtm,0,1,26,23
CO2tm;PPItm,1,1,25,23
CO2tm;PSSA2_hs,1,0,25,24
CO2tm;PYRt2r,0,1,26,23
CO2tm;RTOTALCRNCPT1,1,0,25,24
CO2tm;RTOTALCRNCPT2,1,0,25,24
CO2tm;RTOTALCRNt,1,0,25,24
CO2tm;SERTm,1,1,25,23
CO2tm;SFGTH,0,1,26,23
CO2tm;SO3AKGtm,0,2,26,22
CO2tm;SO3MALtm,0,2,26,22
CO2tm;SO4AKGtm,1,0,25,24
CO2tm;SO4MALtm,1,0,25,24
CO2tm;THFtm,2,0,24,24
CO2tm;THR3Dx,0,1,26,23
CO2tm;TTDCPT1,0,1,26,23
CO2tm;TTDCPT2,0,1,26,23
CO2tm;TTDCRNt,0,1,26,23
CO2tm;UPPN,1,0,25,24
CO2tn;H3K9MET_2,0,1,26,23
CO2tn;H3K9MET_3,0,1,26,23
CO2tn;H3K9_synthesis,0,1,26,23
CO2tn;LYStn,0,1,26,23
CO2tn;PE_HStm,0,1,26,23
CO2tn;PIATPLtm,0,1,26,23
CO2tn;PPItm,0,1,26,23
CO2tn;PSDm_hs,0,2,26,22
CO2tn;PSFLIPm,0,2,26,22
CO2tn;PYRAKGte,2,0,24,24
CO2tn;PYRFORte,1,0,25,24
CO2tn;Q10H2e,0,1,26,23
CO2tn;SADT,0,1,26,23
CO2tn;SAMHISTA,0,1,26,23
CO2tn;SO4CLtex,0,1,26,23
CO2tn;T4HCINNMFM,0,1,26,23
CO2tn;TAURCHAe,0,1,26,23
CO2tn;THYPX,0,1,26,23
CO2tn;TRIODTHYt,0,1,26,23
CO2tn;TRPO2,2,0,24,24
CO2tn;TYRDOPO,4,0,22,24
CO2tn;TYRTAm,0,1,26,23
CO2tn;TYRtl,0,1,26,23
CO2tn;peplys_synthesis,0,1,26,23
CO2tn;q10h2tc,0,1,26,23
COAtm;H2O2t,0,1,26,23
COAtm;PIMALtm,0,1,26,23
COAtm;PIt2m_2,0,1,26,23
COAtm;PPCOAtm,0,1,26,23
COAtm;PROGLUtm,0,1,26,23
COAtm;SO3AKGtm,0,1,26,23
COAtm;SO3MALtm,0,1,26,23
COAtm;SUCCACONtm,0,1,26,23
COAtp;CRNrtx,1,0,25,24
COAtp;CSNATp,1,0,25,24
COAtp;CSNATr,1,0,25,24
COAtp;DHFR,0,1,26,23
COAtp;DHFRm,0,1,26,23
COAtp;DHFtm,0,1,26,23
COAtp;GLYATm,0,1,26,23
COAtp;H2Oter,2,0,24,24
COAtp;H2Otp,1,0,25,24
COAtp;Htr,2,2,24,22
COAtp;Htx,1,0,25,24
COAtp;PIt7,0,1,26,23
COAtp;PRDX,1,0,25,24
COAtp;THR3Dx,0,1,26,23
COAtr;ARTFR41,0,1,26,23
COAtr;ARTFR42,1,1,25,23
COAtr;DAG_Hstem,1,0,25,24
COAtr;DESAT16_1,0,1,26,23
COAtr;DESAT18_1,1,1,25,23
COAtr;DPCOAK,0,1,26,23
COAtr;FADH2ETC,1,0,25,24
COAtr;FAE180,1,1,25,23
COAtr;FBA,0,1,26,23
COAtr;H2O2t,0,1,26,23
COAtr;H2Oter,3,0,23,24
COAtr;H2Otm,1,0,25,24
COAtr;HACD180,1,1,25,23
COAtr;HSD180,1,1,25,23
COAtr;Htr,2,0,24,24
COAtr;LPS4e,1,0,25,24
COAtr;MALCOAMT,1,1,25,23
COAtr;MALCOAMTr,1,1,25,23
COAtr;MMSAD3m,0,1,26,23
COAtr;MTHFC,1,0,25,24
COAtr;MTHFD,1,0,25,24
COAtr;OCDE9ECOAtr,2,1,24,23
COAtr;PFK,0,1,26,23
COAtr;PGI,0,1,26,23
COAtr;PGLYCt,1,0,25,24
COAtr;PIMALtm,0,1,26,23
COAtr;PIt2m_2,0,1,26,23
COAtr;PIter,1,0,25,24
COAtr;PLMCOAPTr,0,1,26,23
COAtr;PNTK,0,1,26,23
COAtr;PNTOt1,0,1,26,23
COAtr;PPA,1,1,25,23
COAtr;PPCDC,0,1,26,23
COAtr;PPCOAtm,0,1,26,23
COAtr;PPNCL2,0,1,26,23
COAtr;PROGLUtm,0,1,26,23
COAtr;PTPAT,0,1,26,23
COAtr;R_group_phosphotase_1,1,0,25,24
COAtr;Rtotalt,1,0,25,24
COAtr;SO3AKGtm,0,1,26,23
COAtr;SO3MALtm,0,1,26,23
COAtr;SUCCACONtm,0,1,26,23
COAtr;TECR180,1,1,25,23
COAtr;THFtm,1,0,25,24
COAtr;THRA,1,0,25,24
COAtr;TXA2tr,1,0,25,24
COAtr;TXB2c,1,0,25,24
COAtr;TXB2r,1,0,25,24
COAtr;TXB2tr,1,0,25,24
COQ3m;AKGtn,0,1,26,23
COQ3m;CO2tn,0,1,26,23
COQ3m;CYOOm2,2,1,24,23
COQ3m;CYOR_u10m,2,1,24,23
COQ3m;DHFR,1,0,25,24
COQ3m;DHFRx,1,0,25,24
COQ3m;DHFtm,1,0,25,24
COQ3m;DHPR2,1,0,25,24
COQ3m;FALDtn,0,1,26,23
COQ3m;GLUt2m,1,0,25,24
COQ3m;HMGDH,0,1,26,23
COQ3m;HMGS,0,1,26,23
COQ3m;MTHFR3x,1,0,25,24
COQ3m;PIMALtm,1,0,25,24
COQ3m;SFGTH,0,1,26,23
COQ3m;SO4AKGtm,1,0,25,24
COQ3m;SO4MALtm,1,0,25,24
COQ3m;THBPT4ACAMDASE,1,0,25,24
COQ3m;THFtm,1,0,25,24
COQ3m;THRA,1,0,25,24
COQ3m;TYR3MO2,1,0,25,24
COQ5m;AKGtn,0,1,26,23
COQ5m;CO2tn,0,1,26,23
COQ5m;CYOOm2,2,1,24,23
COQ5m;CYOR_u10m,2,1,24,23
COQ5m;DHFR,1,0,25,24
COQ5m;DHFRx,1,0,25,24
COQ5m;DHFtm,1,0,25,24
COQ5m;DHPR2,1,0,25,24
COQ5m;FALDtn,0,1,26,23
COQ5m;GLUt2m,1,0,25,24
COQ5m;HMGDH,0,1,26,23
COQ5m;HMGS,0,1,26,23
COQ5m;MTHFR3x,1,0,25,24
COQ5m;PIMALtm,1,0,25,24
COQ5m;SFGTH,0,1,26,23
COQ5m;SO4AKGtm,1,0,25,24
COQ5m;SO4MALtm,1,0,25,24
COQ5m;THBPT4ACAMDASE,1,0,25,24
COQ5m;THFtm,1,0,25,24
COQ5m;THRA,1,0,25,24
COQ5m;TYR3MO2,1,0,25,24
COQ6m;AKGtn,0,1,26,23
COQ6m;CO2tn,0,1,26,23
COQ6m;CYOOm2,2,1,24,23
COQ6m;CYOR_u10m,2,1,24,23
COQ6m;DHFR,1,0,25,24
COQ6m;DHFRx,1,0,25,24
COQ6m;DHFtm,1,0,25,24
COQ6m;DHPR2,1,0,25,24
COQ6m;FALDtn,0,1,26,23
COQ6m;GLUt2m,1,0,25,24
COQ6m;HMGDH,0,1,26,23
COQ6m;HMGS,0,1,26,23
COQ6m;MTHFR3x,1,0,25,24
COQ6m;PIMALtm,1,0,25,24
COQ6m;SFGTH,0,1,26,23
COQ6m;SO4AKGtm,1,0,25,24
COQ6m;SO4MALtm,1,0,25,24
COQ6m;THBPT4ACAMDASE,1,0,25,24
COQ6m;THFtm,1,0,25,24
COQ6m;THRA,1,0,25,24
COQ6m;TYR3MO2,1,0,25,24
COQ7m;AKGtn,0,1,26,23
COQ7m;CO2tn,0,1,26,23
COQ7m;CYOOm2,2,1,24,23
COQ7m;CYOR_u10m,2,1,24,23
COQ7m;DHFR,1,0,25,24
COQ7m;DHFRx,1,0,25,24
COQ7m;DHFtm,1,0,25,24
COQ7m;DHPR2,1,0,25,24
COQ7m;FALDtn,0,1,26,23
COQ7m;GLUt2m,1,0,25,24
COQ7m;HMGDH,0,1,26,23
COQ7m;HMGS,0,1,26,23
COQ7m;MTHFR3x,1,0,25,24
COQ7m;PIMALtm,1,0,25,24
COQ7m;SFGTH,0,1,26,23
COQ7m;SO4AKGtm,1,0,25,24
COQ7m;SO4MALtm,1,0,25,24
COQ7m;THBPT4ACAMDASE,1,0,25,24
COQ7m;THFtm,1,0,25,24
COQ7m;THRA,1,0,25,24
COQ7m;TYR3MO2,1,0,25,24
CORE3GTg;MAN1PT2,0,1,26,23
CORE3GTg;MAN6PI,0,1,26,23
CORE3GTg;PMANM,0,1,26,23
CORE4GTg;MAN1PT2,0,1,26,23
CORE4GTg;MAN6PI,0,1,26,23
CORE4GTg;PMANM,0,1,26,23
COUCOAFm;AKGtn,0,1,26,23
COUCOAFm;CO2tn,0,1,26,23
COUCOAFm;CYOOm2,2,1,24,23
COUCOAFm;CYOR_u10m,2,1,24,23
COUCOAFm;DHFR,1,0,25,24
COUCOAFm;DHFRx,1,0,25,24
COUCOAFm;DHFtm,1,0,25,24
COUCOAFm;DHPR2,1,0,25,24
COUCOAFm;FALDtn,0,1,26,23
COUCOAFm;GLUt2m,1,0,25,24
COUCOAFm;HMGDH,0,1,26,23
COUCOAFm;HMGS,0,1,26,23
COUCOAFm;MTHFR3x,1,0,25,24
COUCOAFm;PIMALtm,1,0,25,24
COUCOAFm;SFGTH,0,1,26,23
COUCOAFm;SO4AKGtm,1,0,25,24
COUCOAFm;SO4MALtm,1,0,25,24
COUCOAFm;THBPT4ACAMDASE,1,0,25,24
COUCOAFm;THFtm,1,0,25,24
COUCOAFm;THRA,1,0,25,24
COUCOAFm;TYR3MO2,1,0,25,24
COt;CSm,0,1,26,23
COt;CTPtm,1,0,25,24
COt;CYOOm2,1,0,25,24
COt;CYOR_u10m,1,0,25,24
COt;DAG_Hstem,1,0,25,24
COt;DHPR2,1,0,25,24
COt;DOLASNTer,0,1,26,23
COt;DOLDPPer,0,1,26,23
COt;DOLGLCP_ter,0,1,26,23
COt;DOLMANP_ter,0,1,26,23
COt;DOLPGT1er,0,1,26,23
COt;DOLPGT2er,0,1,26,23
COt;DOLPGT3er,0,1,26,23
COt;DOLPMT,0,1,26,23
COt;DOLPMT1er,0,1,26,23
COt;DOLPMT2_er,0,1,26,23
COt;DOLPMT3er,0,1,26,23
COt;DOLPMT4_er,0,1,26,23
COt;DOLP_ter,0,1,26,23
COt;G12MT1,0,1,26,23
COt;G12MT2,0,1,26,23
COt;G13MT,0,1,26,23
COt;G16MT,0,1,26,23
COt;GLCNACPT,0,1,26,23
COt;GLCNACT,0,1,26,23
COt;GLCter,0,1,26,23
COt;GLYC3Ptmc,0,1,26,23
COt;H2Otg,0,2,26,22
COt;H2Otm,1,0,25,24
COt;HEX4,0,1,26,23
COt;Htg,0,2,26,22
COt;ITCOALm,0,1,26,23
COt;LEUTAm,0,1,26,23
COt;LEUt5m,0,1,26,23
COt;M13N2Tg,0,1,26,23
COt;M4MPDOL_ter,0,1,26,23
COt;M8MASNterg,0,1,26,23
COt;MAL_Lte,1,0,25,24
COt;MAN1PT2,0,1,26,23
COt;MAN6PI,0,1,26,23
COt;MANtg,0,1,26,23
COt;MDHm,0,1,26,23
COt;MG1er,0,1,26,23
COt;MG2er,0,1,26,23
COt;MG3er,0,1,26,23
COt;MM5ag,0,1,26,23
COt;MM6bg,0,1,26,23
COt;MM7Cag,0,1,26,23
COt;MM8Ag,0,1,26,23
COt;MTHFR3x,1,0,25,24
COt;NDP7g,0,2,26,22
COt;PCm,0,1,26,23
COt;PEPCKm,0,1,26,23
COt;PItg,0,2,26,22
COt;PMANM,0,1,26,23
COt;PYRt2r,0,1,26,23
COt;SUCOAS1m,0,1,26,23
COt;THBPT4ACAMDASE,1,0,25,24
COt;THRA,0,1,26,23
COt;TYR3MO2,1,0,25,24
COt;UAGDP,0,1,26,23
COt;UDPDOLPT,0,1,26,23
COt;UGLCNACtg,0,1,26,23
CPPPGO;CSm,1,1,25,23
CPPPGO;CTPtm,1,0,25,24
CPPPGO;CYOOm2,1,0,25,24
CPPPGO;CYOR_u10m,1,0,25,24
CPPPGO;DAG_Hstem,1,0,25,24
CPPPGO;DHPR2,1,0,25,24
CPPPGO;DOLASNTer,0,1,26,23
CPPPGO;DOLDPPer,0,1,26,23
CPPPGO;DOLGLCP_ter,0,1,26,23
CPPPGO;DOLMANP_ter,0,1,26,23
CPPPGO;DOLPGT1er,0,1,26,23
CPPPGO;DOLPGT2er,0,1,26,23
CPPPGO;DOLPGT3er,0,1,26,23
CPPPGO;DOLPMT,0,1,26,23
CPPPGO;DOLPMT1er,0,1,26,23
CPPPGO;DOLPMT2_er,0,1,26,23
CPPPGO;DOLPMT3er,0,1,26,23
CPPPGO;DOLPMT4_er,0,1,26,23
CPPPGO;DOLP_ter,0,1,26,23
CPPPGO;FKYNH,1,0,25,24
CPPPGO;G12MT1,0,1,26,23
CPPPGO;G12MT2,0,1,26,23
CPPPGO;G13MT,0,1,26,23
CPPPGO;G16MT,0,1,26,23
CPPPGO;GLCNACPT,0,1,26,23
CPPPGO;GLCNACT,0,1,26,23
CPPPGO;GLCter,0,1,26,23
CPPPGO;GLYC3Ptmc,0,1,26,23
CPPPGO;H2Otg,0,2,26,22
CPPPGO;H2Otm,1,0,25,24
CPPPGO;HEX4,0,1,26,23
CPPPGO;Htg,0,2,26,22
CPPPGO;ICITCITtm,1,0,25,24
CPPPGO;ICITMALtm,1,0,25,24
CPPPGO;ITCOALm,1,1,25,23
CPPPGO;KYNAKGAT,1,0,25,24
CPPPGO;KYNATESYN,1,0,25,24
CPPPGO;KYNATEtr,1,0,25,24
CPPPGO;LEUTAm,0,1,26,23
CPPPGO;LEUt5m,0,1,26,23
CPPPGO;M13N2Tg,0,1,26,23
CPPPGO;M4MPDOL_ter,0,1,26,23
CPPPGO;M8MASNterg,0,1,26,23
CPPPGO;MAL_Lte,1,0,25,24
CPPPGO;MAN1PT2,0,1,26,23
CPPPGO;MAN6PI,0,1,26,23
CPPPGO;MANtg,0,1,26,23
CPPPGO;MDHm,1,1,25,23
CPPPGO;MG1er,0,1,26,23
CPPPGO;MG2er,0,1,26,23
CPPPGO;MG3er,0,1,26,23
CPPPGO;MM5ag,0,1,26,23
CPPPGO;MM6bg,0,1,26,23
CPPPGO;MM7Cag,0,1,26,23
CPPPGO;MM8Ag,0,1,26,23
CPPPGO;MTHFR3x,1,0,25,24
CPPPGO;NDP7g,0,2,26,22
CPPPGO;PCm,0,1,26,23
CPPPGO;PEPCKm,0,1,26,23
CPPPGO;PIt2m_2,1,0,25,24
CPPPGO;PItg,0,2,26,22
CPPPGO;PMANM,0,1,26,23
CPPPGO;PYRt2r,0,1,26,23
CPPPGO;PYRtm,1,0,25,24
CPPPGO;SUCOAS1m,0,1,26,23
CPPPGO;THBPT4ACAMDASE,1,0,25,24
CPPPGO;THRA,0,1,26,23
CPPPGO;TRPO2,1,0,25,24
CPPPGO;TYR3MO2,1,0,25,24
CPPPGO;UAGDP,0,1,26,23
CPPPGO;UDPDOLPT,0,1,26,23
CPPPGO;UGLCNACtg,0,1,26,23
CRNCARtp;Htr,0,1,26,23
CRNrtx;DESAT18_1,1,0,25,24
CRNrtx;FAE180,1,0,25,24
CRNrtx;FAE201,1,0,25,24
CRNrtx;FAE221,1,0,25,24
CRNrtx;FAE241,1,0,25,24
CRNrtx;H2Oter,2,0,24,24
CRNrtx;H2Otp,1,0,25,24
CRNrtx;HACD180,1,0,25,24
CRNrtx;HACD201,1,0,25,24
CRNrtx;HACD221,1,0,25,24
CRNrtx;HACD241,1,0,25,24
CRNrtx;HSD180,1,0,25,24
CRNrtx;HSD201,1,0,25,24
CRNrtx;HSD221,1,0,25,24
CRNrtx;HSD241,1,0,25,24
CRNrtx;Htr,2,1,24,23
CRNrtx;MALCOAMT,1,0,25,24
CRNrtx;MALCOAMTr,1,0,25,24
CRNrtx;NRVNCCOAtr,1,0,25,24
CRNrtx;NRVNCCOAtxc,1,0,25,24
CRNrtx;O2tp,1,0,25,24
CRNrtx;PMTCOAFABP1tc,1,0,25,24
CRNrtx;PRDX,1,0,25,24
CRNrtx;PRISTANALtx,1,0,25,24
CRNrtx;PRISTtx,1,0,25,24
CRNrtx;SE10,1,0,25,24
CRNrtx;SOAT6,1,0,25,24
CRNrtx;TECR180,1,0,25,24
CRNrtx;TECR201,1,0,25,24
CRNrtx;TECR221,1,0,25,24
CRNrtx;TECR241,1,0,25,24
CRNtim;CYP2R1,0,1,26,23
CRNtim;DAG_Hstem,2,0,24,24
CRNtim;DHCR241r,0,1,26,23
CRNtim;EBP2r,0,1,26,23
CRNtim;GLYC3Ptmc,1,0,25,24
CRNtim;GPAM_hs,10,1,16,23
CRNtim;HCO3E,1,0,25,24
CRNtim;HCO3Em,1,0,25,24
CRNtim;HCO3tm,1,0,25,24
CRNtim;Htr,0,1,26,23
CRNtim;LSTO2r,0,1,26,23
CRNtim;L_LACtcm,2,0,24,24
CRNtim;L_LACtm,2,0,24,24
CRNtim;PPAPA,2,0,24,24
CRNtim;PVD3,0,1,26,23
CRNtim;VD3,0,1,26,23
CSNATp;DESAT18_1,1,0,25,24
CSNATp;DHFR,0,1,26,23
CSNATp;DHFRm,0,1,26,23
CSNATp;DHFtm,0,1,26,23
CSNATp;FAE180,1,0,25,24
CSNATp;FAE201,1,0,25,24
CSNATp;FAE221,1,0,25,24
CSNATp;FAE241,1,0,25,24
CSNATp;H2Oter,2,0,24,24
CSNATp;H2Otp,1,0,25,24
CSNATp;HACD180,1,0,25,24
CSNATp;HACD201,1,0,25,24
CSNATp;HACD221,1,0,25,24
CSNATp;HACD241,1,0,25,24
CSNATp;HSD180,1,0,25,24
CSNATp;HSD201,1,0,25,24
CSNATp;HSD221,1,0,25,24
CSNATp;HSD241,1,0,25,24
CSNATp;Htr,2,2,24,22
CSNATp;MALCOAMT,1,0,25,24
CSNATp;MALCOAMTr,1,0,25,24
CSNATp;NRVNCCOAtr,1,0,25,24
CSNATp;NRVNCCOAtxc,1,0,25,24
CSNATp;O2tp,1,0,25,24
CSNATp;PMTCOAFABP1tc,1,0,25,24
CSNATp;PRDX,1,0,25,24
CSNATp;PRISTANALtx,1,0,25,24
CSNATp;PRISTtx,1,0,25,24
CSNATp;SE10,1,0,25,24
CSNATp;SOAT6,1,0,25,24
CSNATp;TECR180,1,0,25,24
CSNATp;TECR201,1,0,25,24
CSNATp;TECR221,1,0,25,24
CSNATp;TECR241,1,0,25,24
CSNATr;DESAT18_1,1,0,25,24
CSNATr;DHFR,0,1,26,23
CSNATr;DHFRm,0,1,26,23
CSNATr;DHFtm,0,1,26,23
CSNATr;FAE180,1,0,25,24
CSNATr;FAE201,1,0,25,24
CSNATr;FAE221,1,0,25,24
CSNATr;FAE241,1,0,25,24
CSNATr;H2Oter,2,0,24,24
CSNATr;H2Otp,1,0,25,24
CSNATr;HACD180,1,0,25,24
CSNATr;HACD201,1,0,25,24
CSNATr;HACD221,1,0,25,24
CSNATr;HACD241,1,0,25,24
CSNATr;HSD180,1,0,25,24
CSNATr;HSD201,1,0,25,24
CSNATr;HSD221,1,0,25,24
CSNATr;HSD241,1,0,25,24
CSNATr;Htr,2,2,24,22
CSNATr;MALCOAMT,1,0,25,24
CSNATr;MALCOAMTr,1,0,25,24
CSNATr;NRVNCCOAtr,1,0,25,24
CSNATr;NRVNCCOAtxc,1,0,25,24
CSNATr;O2tp,1,0,25,24
CSNATr;PMTCOAFABP1tc,1,0,25,24
CSNATr;PRDX,1,0,25,24
CSNATr;PRISTANALtx,1,0,25,24
CSNATr;PRISTtx,1,0,25,24
CSNATr;SE10,1,0,25,24
CSNATr;SOAT6,1,0,25,24
CSNATr;TECR180,1,0,25,24
CSNATr;TECR201,1,0,25,24
CSNATr;TECR221,1,0,25,24
CSNATr;TECR241,1,0,25,24
CSm;CTPtm,1,0,25,24
CSm;CYP2R1,0,1,26,23
CSm;DAG_Hstem,2,1,24,23
CSm;DHCR242r,0,1,26,23
CSm;FCLTm,0,1,26,23
CSm;FE2tm,0,1,26,23
CSm;FUMm,0,1,26,23
CSm;GLUt2m,0,3,26,21
CSm;GLYATm,0,1,26,23
CSm;GTPGDPtm,1,1,25,23
CSm;H2O2t,0,1,26,23
CSm;HCO3Ee,0,1,26,23
CSm;HCO3Em,0,1,26,23
CSm;HCO3tm,0,1,26,23
CSm;HMBS,0,1,26,23
CSm;HOXG,0,1,26,23
CSm;ILEOX,0,1,26,23
CSm;ILETAm,0,1,26,23
CSm;ILEt5m,0,1,26,23
CSm;LDH_L,0,1,26,23
CSm;LDH_Lm,0,1,26,23
CSm;LSTO2r,0,1,26,23
CSm;L_LACtm,0,1,26,23
CSm;MAL_Lte,7,2,19,22
CSm;ME1m,0,1,26,23
CSm;ME2m,0,2,26,22
CSm;METOX,0,1,26,23
CSm;NDP7er,1,0,25,24
CSm;PHEMEtm,0,1,26,23
CSm;PHEOX,0,1,26,23
CSm;PHETA1,0,1,26,23
CSm;PPBNGS,1,1,25,23
CSm;PPItm,2,0,24,24
CSm;PPPG9tm,0,1,26,23
CSm;PPPGOm,0,1,26,23
CSm;PROAKGOX1m,1,1,25,23
CSm;PROtm,0,1,26,23
CSm;PVD3,0,1,26,23
CSm;PYRtm,0,1,26,23
CSm;SUCOAS1m,1,1,25,23
CSm;THR3Dx,0,1,26,23
CSm;UDPGCURtr,1,0,25,24
CSm;UDPGD,1,0,25,24
CSm;UMPtr,1,0,25,24
CSm;UNK3,0,1,26,23
CSm;UPP3S,0,1,26,23
CSm;UPPDC1,0,1,26,23
CSm;VD3,0,1,26,23
CTPtm;DOLASNTer,1,0,25,24
CTPtm;DOLDPPer,1,0,25,24
CTPtm;DOLGLCP_ter,1,0,25,24
CTPtm;DOLMANP_ter,1,0,25,24
CTPtm;DOLPGT1er,1,0,25,24
CTPtm;DOLPGT2er,1,0,25,24
CTPtm;DOLPGT3er,1,0,25,24
CTPtm;DOLPMT,1,0,25,24
CTPtm;DOLPMT1er,1,0,25,24
CTPtm;DOLPMT2_er,1,0,25,24
CTPtm;DOLPMT3er,1,0,25,24
CTPtm;DOLPMT4_er,1,0,25,24
CTPtm;DOLP_ter,1,0,25,24
CTPtm;F6T3g,1,0,25,24
CTPtm;FCLTm,1,0,25,24
CTPtm;FE2tm,2,0,24,24
CTPtm;FE3tm,1,0,25,24
CTPtm;FECR,1,0,25,24
CTPtm;FTMTm,1,0,25,24
CTPtm;G12MT1,1,0,25,24
CTPtm;G12MT2,1,0,25,24
CTPtm;G13MT,1,0,25,24
CTPtm;G14T10g,1,0,25,24
CTPtm;G14T11g,1,0,25,24
CTPtm;G14T12g,1,0,25,24
CTPtm;G14T13g,1,0,25,24
CTPtm;G14T14g,1,0,25,24
CTPtm;G14T15g,1,0,25,24
CTPtm;G14T16g,1,0,25,24
CTPtm;G14T17g,1,0,25,24
CTPtm;G14T6g,1,0,25,24
CTPtm;G14T7g,1,0,25,24
CTPtm;G14T8g,1,0,25,24
CTPtm;G14T9g,1,0,25,24
CTPtm;G14Tg,1,0,25,24
CTPtm;G16MT,1,0,25,24
CTPtm;GALASE17ly,1,0,25,24
CTPtm;GALASE18ly,1,0,25,24
CTPtm;GALASE19ly,1,0,25,24
CTPtm;GALM2,1,0,25,24
CTPtm;GALNTg,1,0,25,24
CTPtm;GALU,2,0,24,24
CTPtm;GALtly,1,0,25,24
CTPtm;GDPFUCtg,1,0,25,24
CTPtm;GDPtg,1,0,25,24
CTPtm;GF6PTA,1,0,25,24
CTPtm;GFUCS,1,0,25,24
CTPtm;GLACter,1,0,25,24
CTPtm;GLCNACPT,1,0,25,24
CTPtm;GLCNACT,1,0,25,24
CTPtm;GLCURter,1,0,25,24
CTPtm;GLCURtly,1,0,25,24
CTPtm;GLCter,1,0,25,24
CTPtm;GLRASE,1,0,25,24
CTPtm;GLUDxm,1,0,25,24
CTPtm;GLYC3Ptmc,1,0,25,24
CTPtm;GMAND,1,0,25,24
CTPtm;GMPtg,1,0,25,24
CTPtm;GPAM_hs,7,3,19,21
CTPtm;GULLACter,1,0,25,24
CTPtm;GULOer,1,0,25,24
CTPtm;H2O2ter,1,0,25,24
CTPtm;H2Otg,1,0,25,24
CTPtm;H2Otly,1,0,25,24
CTPtm;H2Otm,1,0,25,24
CTPtm;HAS1,1,0,25,24
CTPtm;HAS2,1,0,25,24
CTPtm;HAtly,1,0,25,24
CTPtm;HCO3E,3,0,23,24
CTPtm;HCO3Em,2,0,24,24
CTPtm;HCO3tm,1,0,25,24
CTPtm;HEX4,1,0,25,24
CTPtm;HMBS,1,0,25,24
CTPtm;HOXG,1,0,25,24
CTPtm;HSD3B11,1,0,25,24
CTPtm;HYAL,1,0,25,24
CTPtm;Htg,1,0,25,24
CTPtm;Htm,2,0,24,24
CTPtm;ICDHxrm,1,0,25,24
CTPtm;ICITCITtm,1,0,25,24
CTPtm;ITCOALm,2,0,24,24
CTPtm;KSIt,1,0,25,24
CTPtm;L_LACtcm,3,0,23,24
CTPtm;L_LACtm,3,0,23,24
CTPtm;M1316Mg,1,0,25,24
CTPtm;M13N2Tg,1,0,25,24
CTPtm;M16NT1g,1,0,25,24
CTPtm;M4MPDOL_ter,1,0,25,24
CTPtm;M8MASNterg,1,0,25,24
CTPtm;MAN1PT2,1,0,25,24
CTPtm;MAN6PI,1,0,25,24
CTPtm;MANtg,1,0,25,24
CTPtm;MDHm,1,0,25,24
CTPtm;MG1er,1,0,25,24
CTPtm;MG2er,1,0,25,24
CTPtm;MG3er,1,0,25,24
CTPtm;MM5ag,1,0,25,24
CTPtm;MM6bg,1,0,25,24
CTPtm;MM7Cag,1,0,25,24
CTPtm;MM8Ag,1,0,25,24
CTPtm;MTHFC,0,1,26,23
CTPtm;MTHFD2,0,1,26,23
CTPtm;NACHEX24ly,1,0,25,24
CTPtm;NACHEX25ly,1,0,25,24
CTPtm;NAGA2ly,1,0,25,24
CTPtm;NAGLCAly,1,0,25,24
CTPtm;NDP7er,1,0,25,24
CTPtm;NDP7g,1,0,25,24
CTPtm;NH4tm,1,0,25,24
CTPtm;OXALSUCCCLm,1,0,25,24
CTPtm;P45011A1m,1,0,25,24
CTPtm;PAPStg,1,0,25,24
CTPtm;PAPtg,1,0,25,24
CTPtm;PGMT,2,0,24,24
CTPtm;PHEMEtm,1,0,25,24
CTPtm;PIMALtm,1,0,25,24
CTPtm;PIter,1,0,25,24
CTPtm;PItg,1,0,25,24
CTPtm;PMANM,1,0,25,24
CTPtm;PPBNGS,1,0,25,24
CTPtm;PPItm,1,0,25,24
CTPtm;PPPG9tm,1,0,25,24
CTPtm;PPPGOm,1,0,25,24
CTPtm;PRGNLONEtm,1,0,25,24
CTPtm;PRGSTRNt,1,0,25,24
CTPtm;PROGLUtm,1,0,25,24
CTPtm;PROtm,1,0,25,24
CTPtm;PYRtm,2,0,24,24
CTPtm;S23T3g,1,0,25,24
CTPtm;S6T10g,1,0,25,24
CTPtm;S6T11g,1,0,25,24
CTPtm;S6T12g,1,0,25,24
CTPtm;S6T13g,1,0,25,24
CTPtm;S6T14g,1,0,25,24
CTPtm;S6T15g,1,0,25,24
CTPtm;S6T4g,1,0,25,24
CTPtm;S6T5g,1,0,25,24
CTPtm;S6T6g,1,0,25,24
CTPtm;S6T7g,1,0,25,24
CTPtm;S6T8g,1,0,25,24
CTPtm;S6T9g,1,0,25,24
CTPtm;S6TASE24ly,1,0,25,24
CTPtm;SADT,1,0,25,24
CTPtm;SO3AKGtm,1,0,25,24
CTPtm;SO3MALtm,1,0,25,24
CTPtm;SO4CLtex,1,0,25,24
CTPtm;SO4tl,1,0,25,24
CTPtm;SUCCACONtm,1,0,25,24
CTPtm;Ser/Thrtg,1,0,25,24
CTPtm;UAGDP,1,0,25,24
CTPtm;UDPACGALtl,1,0,25,24
CTPtm;UDPDOLPT,1,0,25,24
CTPtm;UDPG4E,1,0,25,24
CTPtm;UDPGALtg,1,0,25,24
CTPtm;UDPGD,2,0,24,24
CTPtm;UDPGLCAter,1,0,25,24
CTPtm;UDPtl,1,0,25,24
CTPtm;UGALNACtg,1,0,25,24
CTPtm;UGLCNACtg,1,0,25,24
CTPtm;UGT1A2r,1,0,25,24
CTPtm;UPP3S,1,0,25,24
CTPtm;UPPDC1,1,0,25,24
CTPtm;UROLACer,1,0,25,24
CYANSTm;ICITCITtm,0,1,26,23
CYANSTm;ICITMALtm,0,1,26,23
CYANSTm;MAL_Lte,2,0,24,24
CYOOm2;DECDPtm,2,1,24,23
CYOOm2;DHDPBMTm,2,1,24,23
CYOOm2;DHFR,1,1,25,23
CYOOm2;DHFRx,1,1,25,23
CYOOm2;DHFtm,1,1,25,23
CYOOm2;DNDPt42m,0,1,26,23
CYOOm2;DPHMBDCm,2,1,24,23
CYOOm2;DPPS,2,1,24,23
CYOOm2;DUMPtm,0,1,26,23
CYOOm2;DUTPDPm,0,1,26,23
CYOOm2;ETHPL,0,1,26,23
CYOOm2;FCLTm,1,0,25,24
CYOOm2;FE2tm,1,0,25,24
CYOOm2;FRDPtc,2,1,24,23
CYOOm2;GLUDxm,0,1,26,23
CYOOm2;GLUDym,1,1,25,23
CYOOm2;GLYACm,2,0,24,24
CYOOm2;GLYtm,1,0,25,24
CYOOm2;GTPGDPtm,1,0,25,24
CYOOm2;H2Otm,2,1,24,23
CYOOm2;HBZOPT10m,2,1,24,23
CYOOm2;HMBS,1,0,25,24
CYOOm2;HOXG,1,0,25,24
CYOOm2;IDHPOXOX2b,0,1,26,23
CYOOm2;IDHPOXOX3,0,1,26,23
CYOOm2;IDHPOXOXb,0,1,26,23
CYOOm2;ILEOX,0,1,26,23
CYOOm2;ILETAm,0,1,26,23
CYOOm2;LCYSTCBOXL,0,1,26,23
CYOOm2;METAT,1,0,25,24
CYOOm2;NAIt,0,1,26,23
CYOOm2;NDP7er,1,0,25,24
CYOOm2;PHEMEtm,1,0,25,24
CYOOm2;PIATPLtm,1,1,25,23
CYOOm2;PPBNGS,1,0,25,24
CYOOm2;PPItm,1,1,25,23
CYOOm2;PPPG9tm,1,0,25,24
CYOOm2;PPPGOm,1,0,25,24
CYOOm2;PRDX,1,0,25,24
CYOOm2;PROAKGOX1m,1,0,25,24
CYOOm2;Q10H2e,2,1,24,23
CYOOm2;SADT,0,1,26,23
CYOOm2;SO4CLtex,0,1,26,23
CYOOm2;SUCOAS1m,1,0,25,24
CYOOm2;T4HCINNMFM,2,1,24,23
CYOOm2;TAURCHAe,0,1,26,23
CYOOm2;THFtm,1,1,25,23
CYOOm2;THYPX,0,1,26,23
CYOOm2;TRIODTHYt,0,1,26,23
CYOOm2;TYROX,1,0,25,24
CYOOm2;TYRTA,1,0,25,24
CYOOm2;TYRTAm,2,1,24,23
CYOOm2;TYRtl,2,1,24,23
CYOOm2;UDPGCURtr,1,0,25,24
CYOOm2;UDPGD,1,0,25,24
CYOOm2;UGT1A2r,1,0,25,24
CYOOm2;UMPtr,1,0,25,24
CYOOm2;UPP3S,1,0,25,24
CYOOm2;UPPDC1,1,0,25,24
CYOOm2;URIDK2,0,1,26,23
CYOOm2;q10h2tc,2,1,24,23
CYOR_u10m;DECDPtm,2,1,24,23
CYOR_u10m;DHDPBMTm,2,1,24,23
CYOR_u10m;DHFR,1,1,25,23
CYOR_u10m;DHFRx,1,1,25,23
CYOR_u10m;DHFtm,1,1,25,23
CYOR_u10m;DNDPt42m,0,1,26,23
CYOR_u10m;DPHMBDCm,2,1,24,23
CYOR_u10m;DPPS,2,1,24,23
CYOR_u10m;DUMPtm,0,1,26,23
CYOR_u10m;DUTPDPm,0,1,26,23
CYOR_u10m;ETHPL,0,1,26,23
CYOR_u10m;FCLTm,1,0,25,24
CYOR_u10m;FE2tm,1,0,25,24
CYOR_u10m;FRDPtc,2,1,24,23
CYOR_u10m;GLUDxm,0,1,26,23
CYOR_u10m;GLUDym,1,1,25,23
CYOR_u10m;GLYACm,2,0,24,24
CYOR_u10m;GLYtm,1,0,25,24
CYOR_u10m;GTPGDPtm,1,0,25,24
CYOR_u10m;H2Otm,2,1,24,23
CYOR_u10m;HBZOPT10m,2,1,24,23
CYOR_u10m;HMBS,1,0,25,24
CYOR_u10m;HOXG,1,0,25,24
CYOR_u10m;IDHPOXOX2b,0,1,26,23
CYOR_u10m;IDHPOXOX3,0,1,26,23
CYOR_u10m;IDHPOXOXb,0,1,26,23
CYOR_u10m;ILEOX,0,1,26,23
CYOR_u10m;ILETAm,0,1,26,23
CYOR_u10m;LCYSTCBOXL,0,1,26,23
CYOR_u10m;METAT,1,0,25,24
CYOR_u10m;NAIt,0,1,26,23
CYOR_u10m;NDP7er,1,0,25,24
CYOR_u10m;PHEMEtm,1,0,25,24
CYOR_u10m;PIATPLtm,1,1,25,23
CYOR_u10m;PPBNGS,1,0,25,24
CYOR_u10m;PPItm,1,1,25,23
CYOR_u10m;PPPG9tm,1,0,25,24
CYOR_u10m;PPPGOm,1,0,25,24
CYOR_u10m;PRDX,1,0,25,24
CYOR_u10m;PROAKGOX1m,1,0,25,24
CYOR_u10m;Q10H2e,2,1,24,23
CYOR_u10m;SADT,0,1,26,23
CYOR_u10m;SO4CLtex,0,1,26,23
CYOR_u10m;SUCOAS1m,1,0,25,24
CYOR_u10m;T4HCINNMFM,2,1,24,23
CYOR_u10m;TAURCHAe,0,1,26,23
CYOR_u10m;THFtm,1,1,25,23
CYOR_u10m;THYPX,0,1,26,23
CYOR_u10m;TRIODTHYt,0,1,26,23
CYOR_u10m;TYROX,1,0,25,24
CYOR_u10m;TYRTA,1,0,25,24
CYOR_u10m;TYRTAm,2,1,24,23
CYOR_u10m;TYRtl,2,1,24,23
CYOR_u10m;UDPGCURtr,1,0,25,24
CYOR_u10m;UDPGD,1,0,25,24
CYOR_u10m;UGT1A2r,1,0,25,24
CYOR_u10m;UMPtr,1,0,25,24
CYOR_u10m;UPP3S,1,0,25,24
CYOR_u10m;UPPDC1,1,0,25,24
CYOR_u10m;URIDK2,0,1,26,23
CYOR_u10m;q10h2tc,2,1,24,23
CYP2R1;ETHMALACc,0,2,26,22
CYP2R1;ETHMALACte,0,2,26,22
CYP2R1;ETHMALCOAc,0,2,26,22
CYP2R1;FACOAL100im,0,2,26,22
CYP2R1;FADFADH2tm,0,1,26,23
CYP2R1;FADRx2,0,1,26,23
CYP2R1;GHMT2rm,0,1,26,23
CYP2R1;GLCOASYNT,0,1,26,23
CYP2R1;GLUDxm,0,1,26,23
CYP2R1;GLUt2m,0,1,26,23
CYP2R1;GLYtm,0,1,26,23
CYP2R1;Htr,0,1,26,23
CYP2R1;L2AADPL2AADP6SAtm,0,1,26,23
CYP2R1;MTHFCm,0,1,26,23
CYP2R1;MTHFDm,0,1,26,23
CYP2R1;OXOADLR,0,1,26,23
CYP2R1;PIt2m_2,0,1,26,23
CYP2R1;PPA,0,1,26,23
CYP2R1;PPItm,0,1,26,23
CYP2R1;PROGLUtm,0,1,26,23
CYP2R1;PROtm,0,1,26,23
CYP2R1;PYRAKGte,0,1,26,23
CYP2R1;PYRt2r,0,1,26,23
CYP2R1;SACCD4m,0,1,26,23
CYP2R1;SERTm,0,1,26,23
CYP2R1;TD2GLTRCOAm,0,1,26,23
CYP2R1;TTDCPT1,0,2,26,22
CYP2R1;TTDCPT2,0,2,26,22
CYP2R1;TTDCRNt,0,2,26,22
CYSATB0tc;CYSt4,20,9,6,15
CYSDDS;MAL_Lte,1,0,25,24
CYSGLTH;DHFR,1,0,25,24
CYSGLTH;DHFRx,1,0,25,24
CYSGLTH;DHFtm,1,0,25,24
CYSGLTH;DHPR,0,1,26,23
CYSGLTH;DHPR2,1,0,25,24
CYSGLTH;DOPABMO,1,0,25,24
CYSGLTH;FALDtly,0,1,26,23
CYSGLTH;GLACter,0,1,26,23
CYSGLTH;GLCURter,0,1,26,23
CYSGLTH;GLCURtly,0,1,26,23
CYSGLTH;GLRASE,0,1,26,23
CYSGLTH;GTHDH,1,0,25,24
CYSGLTH;GULLACter,0,1,26,23
CYSGLTH;GULOer,0,1,26,23
CYSGLTH;H2O2ter,0,1,26,23
CYSGLTH;H2O2tly,0,1,26,23
CYSGLTH;HAS1,0,1,26,23
CYSGLTH;HAS2,0,1,26,23
CYSGLTH;HAtly,0,1,26,23
CYSGLTH;HCO3Ee,0,1,26,23
CYSGLTH;HMGDH,1,0,25,24
CYSGLTH;HMGS,1,0,25,24
CYSGLTH;HYAL,0,1,26,23
CYSGLTH;MAOX,1,0,25,24
CYSGLTH;MEOHtly,0,1,26,23
CYSGLTH;MTHFR3x,1,0,25,24
CYSGLTH;NORANMT,1,0,25,24
CYSGLTH;NTD7,1,0,25,24
CYSGLTH;PPA,0,1,26,23
CYSGLTH;PRDXl,0,1,26,23
CYSGLTH;SFGTH,1,0,25,24
CYSGLTH;THBPT4ACAMDASE,1,1,25,23
CYSGLTH;THFtm,1,0,25,24
CYSGLTH;TYR3MO2,1,0,25,24
CYSGLTH;TYRDOPOX,0,1,26,23
CYSGLTH;UDPGD,0,1,26,23
CYSGLTH;UROLACer,0,1,26,23
CYSO;ICITCITtm,0,1,26,23
CYSO;ICITMALtm,0,1,26,23
CYSO;MAL_Lte,2,0,24,24
CYSRED;DHFR,1,0,25,24
CYSRED;DHFRx,1,0,25,24
CYSRED;DHFtm,1,0,25,24
CYSRED;DHPR,0,1,26,23
CYSRED;DHPR2,1,0,25,24
CYSRED;DOPABMO,1,0,25,24
CYSRED;FALDtly,0,1,26,23
CYSRED;GLACter,0,1,26,23
CYSRED;GLCURter,0,1,26,23
CYSRED;GLCURtly,0,1,26,23
CYSRED;GLRASE,0,1,26,23
CYSRED;GTHDH,1,0,25,24
CYSRED;GULLACter,0,1,26,23
CYSRED;GULOer,0,1,26,23
CYSRED;H2O2ter,0,1,26,23
CYSRED;H2O2tly,0,1,26,23
CYSRED;HAS1,0,1,26,23
CYSRED;HAS2,0,1,26,23
CYSRED;HAtly,0,1,26,23
CYSRED;HCO3Ee,0,1,26,23
CYSRED;HMGDH,1,0,25,24
CYSRED;HMGS,1,0,25,24
CYSRED;HYAL,0,1,26,23
CYSRED;MAOX,1,0,25,24
CYSRED;MEOHtly,0,1,26,23
CYSRED;MTHFR3x,1,0,25,24
CYSRED;NORANMT,1,0,25,24
CYSRED;NTD7,1,0,25,24
CYSRED;PPA,0,1,26,23
CYSRED;PRDXl,0,1,26,23
CYSRED;SFGTH,1,0,25,24
CYSRED;THBPT4ACAMDASE,1,1,25,23
CYSRED;THFtm,1,0,25,24
CYSRED;TYR3MO2,1,0,25,24
CYSRED;TYRDOPOX,0,1,26,23
CYSRED;UDPGD,0,1,26,23
CYSRED;UROLACer,0,1,26,23
CYSTGL;MAL_Lte,0,1,26,23
CYSTGL;NTD7,0,1,26,23
CYSTS;MAL_Lte,0,1,26,23
CYSTS;NTD7,0,1,26,23
CYSt4;CYSTGL,0,1,26,23
CYSt4;CYSTS,0,1,26,23
CYSt4;MCITS,0,1,26,23
CYSt4;METAT,0,1,26,23
CYSt4;OBDHc,0,1,26,23
CYSt4;SERt4,0,1,26,23
CYTD;CYTK1,2,0,24,24
CYTD;NDPK3,1,0,25,24
CYTDK2m;GPAM_hs,0,1,26,23
CYTDn;PPItn,5,1,21,23
CYTDtm;GPAM_hs,0,1,26,23
CYTDtn;PPItn,5,1,21,23
CYTK1;CYTK3,2,2,24,22
CYTK1;DOLMANP_ter,2,2,24,22
CYTK1;DOLPMT,2,2,24,22
CYTK1;DOLPOMTr,5,2,21,22
CYTK1;DOLP_ter,2,2,24,22
CYTK1;DUTCP,4,1,22,23
CYTK1;GALU,2,1,24,23
CYTK1;GF6PTA,2,2,24,22
CYTK1;H2Otg,2,2,24,22
CYTK1;Htg,2,2,24,22
CYTK1;LARGEg,5,2,21,22
CYTK1;MAN1PT2,2,2,24,22
CYTK1;MAN6PI,3,2,23,22
CYTK1;NDP7er,4,2,22,22
CYTK1;NDP7g,2,2,24,22
CYTK1;PCOREM3terg,5,2,21,22
CYTK1;PGMT,2,1,24,23
CYTK1;PItg,2,2,24,22
CYTK1;PMANM,2,2,24,22
CYTK1;POCDPRBTLT2g,5,2,21,22
CYTK1;POCDPRBTLTg,5,2,21,22
CYTK1;POGLCNACTg,5,2,21,22
CYTK1;POMGNGALNTr,5,2,21,22
CYTK1;POMGNTr,5,2,21,22
CYTK1;POMKr,5,2,21,22
CYTK1;POXYLTg,5,2,21,22
CYTK1;RBT5PCYTr,5,2,21,22
CYTK1;RBT5PDH,5,2,21,22
CYTK1;THRA,3,1,23,23
CYTK1;UACGAMUMPtr,5,2,21,22
CYTK1;UAG4E,4,2,22,22
CYTK1;UAGDP,2,1,24,23
CYTK1;UDPGD,5,2,21,22
CYTK1;UDPGLCAtg,5,2,21,22
CYTK1;UDPGLDCg,5,2,21,22
CYTK1;UGALNACter,5,2,21,22
CYTK1;UGLCNACtg,2,2,24,22
CYTK1;URIK4,4,1,22,23
CYTK1m;GPAM_hs,0,1,26,23
CYTK2n;O2t,0,1,26,23
CYTK3;DOLMANP_ter,1,0,25,24
CYTK3;DOLPMT,1,0,25,24
CYTK3;DOLPOMTr,1,0,25,24
CYTK3;DOLP_ter,1,0,25,24
CYTK3;GALU,1,0,25,24
CYTK3;GF6PTA,1,0,25,24
CYTK3;H2Otg,1,0,25,24
CYTK3;Htg,1,0,25,24
CYTK3;LARGEg,1,0,25,24
CYTK3;MAN1PT2,1,0,25,24
CYTK3;MAN6PI,1,0,25,24
CYTK3;NDP7er,1,0,25,24
CYTK3;NDP7g,1,0,25,24
CYTK3;PCOREM3terg,1,0,25,24
CYTK3;PGMT,1,0,25,24
CYTK3;PIter,1,0,25,24
CYTK3;PItg,1,0,25,24
CYTK3;PMANM,1,0,25,24
CYTK3;POCDPRBTLT2g,1,0,25,24
CYTK3;POCDPRBTLTg,1,0,25,24
CYTK3;POGLCNACTg,1,0,25,24
CYTK3;POMGNGALNTr,1,0,25,24
CYTK3;POMGNTr,1,0,25,24
CYTK3;POMKr,1,0,25,24
CYTK3;POXYLTg,1,0,25,24
CYTK3;RBT5PCYTr,1,0,25,24
CYTK3;RBT5PDH,1,0,25,24
CYTK3;UACGAMUMPtr,1,0,25,24
CYTK3;UAG4E,1,0,25,24
CYTK3;UAGDP,1,0,25,24
CYTK3;UDPGD,1,0,25,24
CYTK3;UDPGLCAtg,1,0,25,24
CYTK3;UDPGLDCg,1,0,25,24
CYTK3;UGALNACter,1,0,25,24
CYTK3;UGLCNACtg,1,0,25,24
CYTK3;URIK4,1,0,25,24
Coqe;THRA,1,0,25,24
DADK3;Htr,1,0,25,24
DADK3;NDPK1,1,4,25,20
DADK3;PYK6,1,2,25,22
DADK3;THRA,0,1,26,23
DADNt4;Htr,1,0,25,24
DAGKm_hs;AGPAT1m,2,0,24,24
DAGKm_hs;AKGDa1,1,0,25,24
DAGKm_hs;AKGDa2,1,0,25,24
DAGKm_hs;AKGDb,1,0,25,24
DAGKm_hs;AKGMALtm,1,0,25,24
DAGKm_hs;AKGSUCCtm,1,0,25,24
DAGKm_hs;ALASm,1,0,25,24
DAGKm_hs;ALDD19xrm,1,0,25,24
DAGKm_hs;ALDD19yrm,1,0,25,24
DAGKm_hs;ASCBt5,1,0,25,24
DAGKm_hs;ASCBtr,1,0,25,24
DAGKm_hs;ATPS4m,1,0,25,24
DAGKm_hs;BDMT,1,0,25,24
DAGKm_hs;BILDGLCURt5e,1,0,25,24
DAGKm_hs;BILDGLCURtr,1,0,25,24
DAGKm_hs;BILIRED,1,0,25,24
DAGKm_hs;BILIRUBtr,1,0,25,24
DAGKm_hs;BPNT,1,0,25,24
DAGKm_hs;CHSTEROLt2,1,0,25,24
DAGKm_hs;CITMCOAHm,3,1,23,23
DAGKm_hs;CITMCOALm,3,1,23,23
DAGKm_hs;CITRt2m,1,0,25,24
DAGKm_hs;CITRtm,1,0,25,24
DAGKm_hs;CITSUCCtm,1,0,25,24
DAGKm_hs;CMPACNAtg,1,0,25,24
DAGKm_hs;CMPSAS,1,0,25,24
DAGKm_hs;CO2tm,2,0,24,24
DAGKm_hs;COAtr,1,0,25,24
DAGKm_hs;COt,1,0,25,24
DAGKm_hs;CPPPGO,1,0,25,24
DAGKm_hs;CRNtim,2,0,24,24
DAGKm_hs;CSm,2,1,24,23
DAGKm_hs;DOLASNTer,1,0,25,24
DAGKm_hs;DOLDPPer,1,0,25,24
DAGKm_hs;DOLGLCP_ter,1,0,25,24
DAGKm_hs;DOLMANP_ter,1,0,25,24
DAGKm_hs;DOLPGT1er,1,0,25,24
DAGKm_hs;DOLPGT2er,1,0,25,24
DAGKm_hs;DOLPGT3er,1,0,25,24
DAGKm_hs;DOLPMT,1,0,25,24
DAGKm_hs;DOLPMT1er,1,0,25,24
DAGKm_hs;DOLPMT2_er,1,0,25,24
DAGKm_hs;DOLPMT3er,1,0,25,24
DAGKm_hs;DOLPMT4_er,1,0,25,24
DAGKm_hs;DOLP_ter,1,0,25,24
DAGKm_hs;F6T3g,1,0,25,24
DAGKm_hs;FCLTm,1,0,25,24
DAGKm_hs;FE2tm,2,0,24,24
DAGKm_hs;FE3tm,1,0,25,24
DAGKm_hs;FECR,1,0,25,24
DAGKm_hs;FTMTm,1,0,25,24
DAGKm_hs;FUMMALtm,1,0,25,24
DAGKm_hs;FUMSUCCtm,1,0,25,24
DAGKm_hs;G12MT1,1,0,25,24
DAGKm_hs;G12MT2,1,0,25,24
DAGKm_hs;G13MT,1,0,25,24
DAGKm_hs;G14T10g,1,0,25,24
DAGKm_hs;G14T11g,1,0,25,24
DAGKm_hs;G14T12g,1,0,25,24
DAGKm_hs;G14T13g,1,0,25,24
DAGKm_hs;G14T14g,1,0,25,24
DAGKm_hs;G14T15g,1,0,25,24
DAGKm_hs;G14T16g,1,0,25,24
DAGKm_hs;G14T17g,1,0,25,24
DAGKm_hs;G14T6g,1,0,25,24
DAGKm_hs;G14T7g,1,0,25,24
DAGKm_hs;G14T8g,1,0,25,24
DAGKm_hs;G14T9g,1,0,25,24
DAGKm_hs;G14Tg,1,0,25,24
DAGKm_hs;G16MT,1,0,25,24
DAGKm_hs;GALASE17ly,1,0,25,24
DAGKm_hs;GALASE18ly,1,0,25,24
DAGKm_hs;GALASE19ly,1,0,25,24
DAGKm_hs;GALM2,1,0,25,24
DAGKm_hs;GALNTg,1,0,25,24
DAGKm_hs;GALU,2,0,24,24
DAGKm_hs;GALtly,1,0,25,24
DAGKm_hs;GDPFUCtg,1,0,25,24
DAGKm_hs;GDPtg,1,0,25,24
DAGKm_hs;GF6PTA,1,0,25,24
DAGKm_hs;GFUCS,1,0,25,24
DAGKm_hs;GLACter,1,0,25,24
DAGKm_hs;GLCNACPT,1,0,25,24
DAGKm_hs;GLCNACT,1,0,25,24
DAGKm_hs;GLCURter,1,0,25,24
DAGKm_hs;GLCURtly,1,0,25,24
DAGKm_hs;GLCter,1,0,25,24
DAGKm_hs;GLRASE,1,0,25,24
DAGKm_hs;GLUDxm,1,0,25,24
DAGKm_hs;GLYC3Ptm,1,0,25,24
DAGKm_hs;GLYC3Ptmc,1,0,25,24
DAGKm_hs;GMAND,1,0,25,24
DAGKm_hs;GMPtg,1,0,25,24
DAGKm_hs;GPAMm_hs,2,0,24,24
DAGKm_hs;GULLACter,1,0,25,24
DAGKm_hs;GULOer,1,0,25,24
DAGKm_hs;H2O2ter,1,0,25,24
DAGKm_hs;H2Otg,1,0,25,24
DAGKm_hs;H2Otly,1,0,25,24
DAGKm_hs;H2Otm,2,0,24,24
DAGKm_hs;HAS1,1,0,25,24
DAGKm_hs;HAS2,1,0,25,24
DAGKm_hs;HAtly,1,0,25,24
DAGKm_hs;HCO3E,3,0,23,24
DAGKm_hs;HCO3Em,2,0,24,24
DAGKm_hs;HCO3tm,1,0,25,24
DAGKm_hs;HEX4,1,0,25,24
DAGKm_hs;HMBS,1,0,25,24
DAGKm_hs;HOXG,1,0,25,24
DAGKm_hs;HSD3B11,1,0,25,24
DAGKm_hs;HYAL,1,0,25,24
DAGKm_hs;Htg,1,0,25,24
DAGKm_hs;Htm,3,0,23,24
DAGKm_hs;ICDHxrm,1,0,25,24
DAGKm_hs;ICITCITtm,1,0,25,24
DAGKm_hs;ITCOALm,3,1,23,23
DAGKm_hs;KSIt,1,0,25,24
DAGKm_hs;L_LACtcm,2,0,24,24
DAGKm_hs;L_LACtm,2,0,24,24
DAGKm_hs;M1316Mg,1,0,25,24
DAGKm_hs;M13N2Tg,1,0,25,24
DAGKm_hs;M16NT1g,1,0,25,24
DAGKm_hs;M4MPDOL_ter,1,0,25,24
DAGKm_hs;M8MASNterg,1,0,25,24
DAGKm_hs;MAN1PT2,1,0,25,24
DAGKm_hs;MAN6PI,1,0,25,24
DAGKm_hs;MANtg,1,0,25,24
DAGKm_hs;MDHm,2,0,24,24
DAGKm_hs;MG1er,1,0,25,24
DAGKm_hs;MG2er,1,0,25,24
DAGKm_hs;MG3er,1,0,25,24
DAGKm_hs;MM5ag,1,0,25,24
DAGKm_hs;MM6bg,1,0,25,24
DAGKm_hs;MM7Cag,1,0,25,24
DAGKm_hs;MM8Ag,1,0,25,24
DAGKm_hs;NACHEX24ly,1,0,25,24
DAGKm_hs;NACHEX25ly,1,0,25,24
DAGKm_hs;NAGA2ly,1,0,25,24
DAGKm_hs;NAGLCAly,1,0,25,24
DAGKm_hs;NDP7er,1,0,25,24
DAGKm_hs;NDP7g,1,0,25,24
DAGKm_hs;NH4tm,1,0,25,24
DAGKm_hs;OXALSUCCCLm,1,0,25,24
DAGKm_hs;P45011A1m,1,0,25,24
DAGKm_hs;PAPStg,1,0,25,24
DAGKm_hs;PAPtg,1,0,25,24
DAGKm_hs;PCm,0,1,26,23
DAGKm_hs;PGMT,2,0,24,24
DAGKm_hs;PHEMEtm,1,0,25,24
DAGKm_hs;PIMALtm,2,0,24,24
DAGKm_hs;PIter,1,0,25,24
DAGKm_hs;PItg,1,0,25,24
DAGKm_hs;PMANM,1,0,25,24
DAGKm_hs;PPBNGS,1,0,25,24
DAGKm_hs;PPItm,1,0,25,24
DAGKm_hs;PPPG9tm,1,0,25,24
DAGKm_hs;PPPGOm,1,0,25,24
DAGKm_hs;PRGNLONEtm,1,0,25,24
DAGKm_hs;PRGSTRNt,1,0,25,24
DAGKm_hs;PROGLUtm,1,0,25,24
DAGKm_hs;PROtm,1,0,25,24
DAGKm_hs;PYRtm,3,0,23,24
DAGKm_hs;RTOTALCRNCPT1,2,0,24,24
DAGKm_hs;RTOTALCRNCPT2,2,0,24,24
DAGKm_hs;RTOTALCRNt,2,0,24,24
DAGKm_hs;S23T3g,1,0,25,24
DAGKm_hs;S6T10g,1,0,25,24
DAGKm_hs;S6T11g,1,0,25,24
DAGKm_hs;S6T12g,1,0,25,24
DAGKm_hs;S6T13g,1,0,25,24
DAGKm_hs;S6T14g,1,0,25,24
DAGKm_hs;S6T15g,1,0,25,24
DAGKm_hs;S6T4g,1,0,25,24
DAGKm_hs;S6T5g,1,0,25,24
DAGKm_hs;S6T6g,1,0,25,24
DAGKm_hs;S6T7g,1,0,25,24
DAGKm_hs;S6T8g,1,0,25,24
DAGKm_hs;S6T9g,1,0,25,24
DAGKm_hs;S6TASE24ly,1,0,25,24
DAGKm_hs;SADT,1,0,25,24
DAGKm_hs;SO3AKGtm,2,0,24,24
DAGKm_hs;SO3MALtm,2,0,24,24
DAGKm_hs;SO4CLtex,1,0,25,24
DAGKm_hs;SO4tl,1,0,25,24
DAGKm_hs;SUCCACONtm,1,0,25,24
DAGKm_hs;Ser/Thrtg,1,0,25,24
DAGKm_hs;UAGDP,1,0,25,24
DAGKm_hs;UDPACGALtl,1,0,25,24
DAGKm_hs;UDPDOLPT,1,0,25,24
DAGKm_hs;UDPG4E,1,0,25,24
DAGKm_hs;UDPGALtg,1,0,25,24
DAGKm_hs;UDPGD,2,0,24,24
DAGKm_hs;UDPGLCAter,1,0,25,24
DAGKm_hs;UDPtl,1,0,25,24
DAGKm_hs;UGALNACtg,1,0,25,24
DAGKm_hs;UGLCNACtg,1,0,25,24
DAGKm_hs;UGT1A2r,1,0,25,24
DAGKm_hs;UPP3S,1,0,25,24
DAGKm_hs;UPPDC1,1,0,25,24
DAGKm_hs;UROLACer,1,0,25,24
DAG_Hstem;DOLASNTer,1,0,25,24
DAG_Hstem;DOLDPPer,1,0,25,24
DAG_Hstem;DOLGLCP_ter,1,0,25,24
DAG_Hstem;DOLMANP_ter,1,0,25,24
DAG_Hstem;DOLPGT1er,1,0,25,24
DAG_Hstem;DOLPGT2er,1,0,25,24
DAG_Hstem;DOLPGT3er,1,0,25,24
DAG_Hstem;DOLPMT,1,0,25,24
DAG_Hstem;DOLPMT1er,1,0,25,24
DAG_Hstem;DOLPMT2_er,1,0,25,24
DAG_Hstem;DOLPMT3er,1,0,25,24
DAG_Hstem;DOLPMT4_er,1,0,25,24
DAG_Hstem;DOLP_ter,1,0,25,24
DAG_Hstem;F6T3g,1,0,25,24
DAG_Hstem;FCLTm,1,0,25,24
DAG_Hstem;FE2tm,2,0,24,24
DAG_Hstem;FE3tm,1,0,25,24
DAG_Hstem;FECR,1,0,25,24
DAG_Hstem;FTMTm,1,0,25,24
DAG_Hstem;FUMMALtm,1,0,25,24
DAG_Hstem;FUMSUCCtm,1,0,25,24
DAG_Hstem;G12MT1,1,0,25,24
DAG_Hstem;G12MT2,1,0,25,24
DAG_Hstem;G13MT,1,0,25,24
DAG_Hstem;G14T10g,1,0,25,24
DAG_Hstem;G14T11g,1,0,25,24
DAG_Hstem;G14T12g,1,0,25,24
DAG_Hstem;G14T13g,1,0,25,24
DAG_Hstem;G14T14g,1,0,25,24
DAG_Hstem;G14T15g,1,0,25,24
DAG_Hstem;G14T16g,1,0,25,24
DAG_Hstem;G14T17g,1,0,25,24
DAG_Hstem;G14T6g,1,0,25,24
DAG_Hstem;G14T7g,1,0,25,24
DAG_Hstem;G14T8g,1,0,25,24
DAG_Hstem;G14T9g,1,0,25,24
DAG_Hstem;G14Tg,1,0,25,24
DAG_Hstem;G16MT,1,0,25,24
DAG_Hstem;GALASE17ly,1,0,25,24
DAG_Hstem;GALASE18ly,1,0,25,24
DAG_Hstem;GALASE19ly,1,0,25,24
DAG_Hstem;GALM2,1,0,25,24
DAG_Hstem;GALNTg,1,0,25,24
DAG_Hstem;GALU,2,0,24,24
DAG_Hstem;GALtly,1,0,25,24
DAG_Hstem;GDPFUCtg,1,0,25,24
DAG_Hstem;GDPtg,1,0,25,24
DAG_Hstem;GF6PTA,1,0,25,24
DAG_Hstem;GFUCS,1,0,25,24
DAG_Hstem;GLACter,1,0,25,24
DAG_Hstem;GLCNACPT,1,0,25,24
DAG_Hstem;GLCNACT,1,0,25,24
DAG_Hstem;GLCURter,1,0,25,24
DAG_Hstem;GLCURtly,1,0,25,24
DAG_Hstem;GLCter,1,0,25,24
DAG_Hstem;GLRASE,1,0,25,24
DAG_Hstem;GLUDxm,1,0,25,24
DAG_Hstem;GLYC3Ptm,1,0,25,24
DAG_Hstem;GLYC3Ptmc,1,0,25,24
DAG_Hstem;GMAND,1,0,25,24
DAG_Hstem;GMPtg,1,0,25,24
DAG_Hstem;GPAMm_hs,2,0,24,24
DAG_Hstem;GULLACter,1,0,25,24
DAG_Hstem;GULOer,1,0,25,24
DAG_Hstem;H2O2ter,1,0,25,24
DAG_Hstem;H2Otg,1,0,25,24
DAG_Hstem;H2Otly,1,0,25,24
DAG_Hstem;H2Otm,2,0,24,24
DAG_Hstem;HAS1,1,0,25,24
DAG_Hstem;HAS2,1,0,25,24
DAG_Hstem;HAtly,1,0,25,24
DAG_Hstem;HCO3E,3,0,23,24
DAG_Hstem;HCO3Em,2,0,24,24
DAG_Hstem;HCO3tm,1,0,25,24
DAG_Hstem;HEX4,1,0,25,24
DAG_Hstem;HMBS,1,0,25,24
DAG_Hstem;HOXG,1,0,25,24
DAG_Hstem;HSD3B11,1,0,25,24
DAG_Hstem;HYAL,1,0,25,24
DAG_Hstem;Htg,1,0,25,24
DAG_Hstem;Htm,3,0,23,24
DAG_Hstem;ICDHxrm,1,0,25,24
DAG_Hstem;ICITCITtm,1,0,25,24
DAG_Hstem;ITCOALm,3,1,23,23
DAG_Hstem;KSIt,1,0,25,24
DAG_Hstem;L_LACtcm,2,0,24,24
DAG_Hstem;L_LACtm,2,0,24,24
DAG_Hstem;M1316Mg,1,0,25,24
DAG_Hstem;M13N2Tg,1,0,25,24
DAG_Hstem;M16NT1g,1,0,25,24
DAG_Hstem;M4MPDOL_ter,1,0,25,24
DAG_Hstem;M8MASNterg,1,0,25,24
DAG_Hstem;MAN1PT2,1,0,25,24
DAG_Hstem;MAN6PI,1,0,25,24
DAG_Hstem;MANtg,1,0,25,24
DAG_Hstem;MDHm,2,0,24,24
DAG_Hstem;MG1er,1,0,25,24
DAG_Hstem;MG2er,1,0,25,24
DAG_Hstem;MG3er,1,0,25,24
DAG_Hstem;MM5ag,1,0,25,24
DAG_Hstem;MM6bg,1,0,25,24
DAG_Hstem;MM7Cag,1,0,25,24
DAG_Hstem;MM8Ag,1,0,25,24
DAG_Hstem;NACHEX24ly,1,0,25,24
DAG_Hstem;NACHEX25ly,1,0,25,24
DAG_Hstem;NAGA2ly,1,0,25,24
DAG_Hstem;NAGLCAly,1,0,25,24
DAG_Hstem;NDP7er,1,0,25,24
DAG_Hstem;NDP7g,1,0,25,24
DAG_Hstem;NH4tm,1,0,25,24
DAG_Hstem;OXALSUCCCLm,1,0,25,24
DAG_Hstem;P45011A1m,1,0,25,24
DAG_Hstem;PAPStg,1,0,25,24
DAG_Hstem;PAPtg,1,0,25,24
DAG_Hstem;PCm,0,1,26,23
DAG_Hstem;PGMT,2,0,24,24
DAG_Hstem;PHEMEtm,1,0,25,24
DAG_Hstem;PIMALtm,2,0,24,24
DAG_Hstem;PIter,1,0,25,24
DAG_Hstem;PItg,1,0,25,24
DAG_Hstem;PMANM,1,0,25,24
DAG_Hstem;PPBNGS,1,0,25,24
DAG_Hstem;PPItm,1,0,25,24
DAG_Hstem;PPPG9tm,1,0,25,24
DAG_Hstem;PPPGOm,1,0,25,24
DAG_Hstem;PRGNLONEtm,1,0,25,24
DAG_Hstem;PRGSTRNt,1,0,25,24
DAG_Hstem;PROGLUtm,1,0,25,24
DAG_Hstem;PROtm,1,0,25,24
DAG_Hstem;PYRtm,3,0,23,24
DAG_Hstem;RTOTALCRNCPT1,2,0,24,24
DAG_Hstem;RTOTALCRNCPT2,2,0,24,24
DAG_Hstem;RTOTALCRNt,2,0,24,24
DAG_Hstem;S23T3g,1,0,25,24
DAG_Hstem;S6T10g,1,0,25,24
DAG_Hstem;S6T11g,1,0,25,24
DAG_Hstem;S6T12g,1,0,25,24
DAG_Hstem;S6T13g,1,0,25,24
DAG_Hstem;S6T14g,1,0,25,24
DAG_Hstem;S6T15g,1,0,25,24
DAG_Hstem;S6T4g,1,0,25,24
DAG_Hstem;S6T5g,1,0,25,24
DAG_Hstem;S6T6g,1,0,25,24
DAG_Hstem;S6T7g,1,0,25,24
DAG_Hstem;S6T8g,1,0,25,24
DAG_Hstem;S6T9g,1,0,25,24
DAG_Hstem;S6TASE24ly,1,0,25,24
DAG_Hstem;SADT,1,0,25,24
DAG_Hstem;SO3AKGtm,2,0,24,24
DAG_Hstem;SO3MALtm,2,0,24,24
DAG_Hstem;SO4CLtex,1,0,25,24
DAG_Hstem;SO4tl,1,0,25,24
DAG_Hstem;SUCCACONtm,1,0,25,24
DAG_Hstem;Ser/Thrtg,1,0,25,24
DAG_Hstem;UAGDP,1,0,25,24
DAG_Hstem;UDPACGALtl,1,0,25,24
DAG_Hstem;UDPDOLPT,1,0,25,24
DAG_Hstem;UDPG4E,1,0,25,24
DAG_Hstem;UDPGALtg,1,0,25,24
DAG_Hstem;UDPGD,2,0,24,24
DAG_Hstem;UDPGLCAter,1,0,25,24
DAG_Hstem;UDPtl,1,0,25,24
DAG_Hstem;UGALNACtg,1,0,25,24
DAG_Hstem;UGLCNACtg,1,0,25,24
DAG_Hstem;UGT1A2r,1,0,25,24
DAG_Hstem;UPP3S,1,0,25,24
DAG_Hstem;UPPDC1,1,0,25,24
DAG_Hstem;UROLACer,1,0,25,24
DATPDP;THRA,0,1,26,23
DATPtm;HCO3E,0,1,26,23
DCTPDPn;O2t,0,1,26,23
DCYTD;DHFR,1,0,25,24
DCYTD;DHFRx,1,0,25,24
DCYTD;DHFtm,1,0,25,24
DCYTD;H2Otm,1,0,25,24
DCYTD;THFtm,1,0,25,24
DCYTD;THRA,1,0,25,24
DDCI101n6m;DHFR,0,1,26,23
DDCI101n6m;DHFRm,0,1,26,23
DDCI101n6m;DHFtm,0,1,26,23
DDCI142n6m;DHFR,0,1,26,23
DDCI142n6m;DHFRm,0,1,26,23
DDCI142n6m;DHFtm,0,1,26,23
DDCI163n6m;DHFR,0,1,26,23
DDCI163n6m;DHFRm,0,1,26,23
DDCI163n6m;DHFtm,0,1,26,23
DDCI184n6m;DHFR,0,1,26,23
DDCI184n6m;DHFRm,0,1,26,23
DDCI184n6m;DHFtm,0,1,26,23
DECDPtm;AKGtn,0,1,26,23
DECDPtm;CO2tn,0,1,26,23
DECDPtm;DHFR,1,0,25,24
DECDPtm;DHFRx,1,0,25,24
DECDPtm;DHFtm,1,0,25,24
DECDPtm;DHPR2,1,0,25,24
DECDPtm;FALDtn,0,1,26,23
DECDPtm;GLUt2m,1,0,25,24
DECDPtm;HMGDH,0,1,26,23
DECDPtm;HMGS,0,1,26,23
DECDPtm;MTHFR3x,1,0,25,24
DECDPtm;PIMALtm,1,0,25,24
DECDPtm;SFGTH,0,1,26,23
DECDPtm;SO4AKGtm,1,0,25,24
DECDPtm;SO4MALtm,1,0,25,24
DECDPtm;THBPT4ACAMDASE,1,0,25,24
DECDPtm;THFtm,1,0,25,24
DECDPtm;THRA,1,0,25,24
DECDPtm;TYR3MO2,1,0,25,24
DECR101n6m;DHFR,0,1,26,23
DECR101n6m;DHFRm,0,1,26,23
DECR101n6m;DHFtm,0,1,26,23
DECR163n6m;DHFR,0,1,26,23
DECR163n6m;DHFRm,0,1,26,23
DECR163n6m;DHFtm,0,1,26,23
DESAT16_1;ARTFR42,1,3,25,21
DESAT16_1;DESAT18_1,1,4,25,20
DESAT16_1;FADH2ETC,1,0,25,24
DESAT16_1;FAE180,1,4,25,20
DESAT16_1;FBA,0,1,26,23
DESAT16_1;H2O2t,0,1,26,23
DESAT16_1;H2Oter,3,1,23,23
DESAT16_1;H2Otm,1,0,25,24
DESAT16_1;HACD180,1,4,25,20
DESAT16_1;HSD180,1,4,25,20
DESAT16_1;Htr,1,1,25,23
DESAT16_1;MALCOAMT,1,3,25,21
DESAT16_1;MALCOAMTr,1,3,25,21
DESAT16_1;MMSAD3m,0,1,26,23
DESAT16_1;MTHFC,1,0,25,24
DESAT16_1;MTHFD,1,0,25,24
DESAT16_1;OCDE9ECOAtr,0,3,26,21
DESAT16_1;PFK,0,1,26,23
DESAT16_1;PGI,0,1,26,23
DESAT16_1;PIMALtm,0,1,26,23
DESAT16_1;PIt2m_2,0,1,26,23
DESAT16_1;PPA,1,2,25,22
DESAT16_1;PPCOAtm,0,1,26,23
DESAT16_1;PROGLUtm,0,1,26,23
DESAT16_1;RTOT4,0,1,26,23
DESAT16_1;SO3AKGtm,0,1,26,23
DESAT16_1;SO3MALtm,0,1,26,23
DESAT16_1;SUCCACONtm,0,1,26,23
DESAT16_1;TECR180,1,4,25,20
DESAT16_1;THFtm,1,0,25,24
DESAT16_1;THRA,1,0,25,24
DESAT16_1;TXA2tr,1,0,25,24
DESAT16_1;TXB2c,1,0,25,24
DESAT16_1;TXB2r,1,0,25,24
DESAT16_1;TXB2tr,1,0,25,24
DESAT18_1;ARTFR12,0,1,26,23
DESAT18_1;ARTFR41,1,2,25,22
DESAT18_1;DHFR,0,1,26,23
DESAT18_1;DHFRm,0,1,26,23
DESAT18_1;DHFtm,0,1,26,23
DESAT18_1;DPCOAK,1,3,25,21
DESAT18_1;H2Oter,2,0,24,24
DESAT18_1;H2Otp,1,0,25,24
DESAT18_1;Htr,1,1,25,23
DESAT18_1;PLMCOAPTr,1,3,25,21
DESAT18_1;PNTK,1,3,25,21
DESAT18_1;PNTOt1,0,2,26,22
DESAT18_1;PNTOte,1,1,25,23
DESAT18_1;PPCDC,1,3,25,21
DESAT18_1;PPNCL2,1,2,25,22
DESAT18_1;PPNCL3,0,1,26,23
DESAT18_1;PRDX,1,0,25,24
DESAT18_1;PTPAT,1,3,25,21
DHAAt1r;GF6PTA,0,1,26,23
DHAAt1r;H2Otg,0,1,26,23
DHAAt1r;Htg,0,1,26,23
DHAAt1r;KCC2t,0,1,26,23
DHAAt1r;MAN1PT2,0,2,26,22
DHAAt1r;MAN6PI,0,2,26,22
DHAAt1r;NDP7g,0,1,26,23
DHAAt1r;PItg,0,1,26,23
DHAAt1r;PMANM,0,2,26,22
DHAAt1r;UGLCNACtg,0,1,26,23
DHAPA;GLYATm,0,1,26,23
DHAPA;H2Oter,1,0,25,24
DHAPA;Htx,1,0,25,24
DHAPA;PIt7,0,1,26,23
DHAPA;THR3Dx,0,1,26,23
DHCR241r;ETHMALACc,0,1,26,23
DHCR241r;ETHMALACte,0,1,26,23
DHCR241r;ETHMALCOAc,0,1,26,23
DHCR241r;FACOAL100im,0,1,26,23
DHCR241r;FADFADH2tm,0,1,26,23
DHCR241r;FADRx2,0,1,26,23
DHCR241r;GHMT2rm,0,1,26,23
DHCR241r;GLYtm,0,1,26,23
DHCR241r;MTHFCm,0,1,26,23
DHCR241r;MTHFDm,0,1,26,23
DHCR241r;PPItm,0,1,26,23
DHCR241r;SERTm,0,1,26,23
DHCR241r;TTDCPT1,0,1,26,23
DHCR241r;TTDCPT2,0,1,26,23
DHCR241r;TTDCRNt,0,1,26,23
DHCR242r;ETHMALACc,0,1,26,23
DHCR242r;ETHMALACte,0,1,26,23
DHCR242r;ETHMALCOAc,0,1,26,23
DHCR242r;FACOAL100im,0,1,26,23
DHCR242r;FADFADH2tm,0,1,26,23
DHCR242r;FADRx2,0,1,26,23
DHCR242r;GLCOASYNT,0,1,26,23
DHCR242r;GLUDxm,0,1,26,23
DHCR242r;GLUt2m,0,1,26,23
DHCR242r;L2AADPL2AADP6SAtm,0,1,26,23
DHCR242r;OXOADLR,0,1,26,23
DHCR242r;PIt2m_2,0,1,26,23
DHCR242r;PPA,0,1,26,23
DHCR242r;PROGLUtm,0,1,26,23
DHCR242r;PROtm,0,1,26,23
DHCR242r;PYRAKGte,0,1,26,23
DHCR242r;PYRt2r,0,1,26,23
DHCR242r;SACCD4m,0,1,26,23
DHCR242r;TD2GLTRCOAm,0,1,26,23
DHCR242r;TTDCPT1,0,1,26,23
DHCR242r;TTDCPT2,0,1,26,23
DHCR242r;TTDCRNt,0,1,26,23
DHDPBMTm;AKGtn,0,1,26,23
DHDPBMTm;CO2tn,0,1,26,23
DHDPBMTm;DHFR,1,0,25,24
DHDPBMTm;DHFRx,1,0,25,24
DHDPBMTm;DHFtm,1,0,25,24
DHDPBMTm;DHPR2,1,0,25,24
DHDPBMTm;FALDtn,0,1,26,23
DHDPBMTm;GLUt2m,1,0,25,24
DHDPBMTm;HMGDH,0,1,26,23
DHDPBMTm;HMGS,0,1,26,23
DHDPBMTm;MTHFR3x,1,0,25,24
DHDPBMTm;PIMALtm,1,0,25,24
DHDPBMTm;SFGTH,0,1,26,23
DHDPBMTm;SO4AKGtm,1,0,25,24
DHDPBMTm;SO4MALtm,1,0,25,24
DHDPBMTm;THBPT4ACAMDASE,1,0,25,24
DHDPBMTm;THFtm,1,0,25,24
DHDPBMTm;THRA,1,0,25,24
DHDPBMTm;TYR3MO2,1,0,25,24
DHFR3m;HPROxm,0,1,26,23
DHFR3m;HPROym,0,1,26,23
DHFR3m;Htr,0,1,26,23
DHFR3m;NADH2_u10m,1,1,25,23
DHFR3m;THFtm,0,2,26,22
DHFR3x;H2Oter,1,0,25,24
DHFR3x;HPROxm,0,1,26,23
DHFR3x;HPROym,0,1,26,23
DHFR3x;Htr,1,1,25,23
DHFR3x;NADH2_u10m,1,1,25,23
DHFR3x;THFtm,1,2,25,22
DHFR;DHFR3m,1,2,25,22
DHFR;DHFR3x,1,2,25,22
DHFR;DHFRm,1,4,25,20
DHFR;DHFRx,17,11,9,13
DHFR;DHFtm,17,13,9,11
DHFR;DHPM1,1,0,25,24
DHFR;DPHMBDCm,1,0,25,24
DHFR;DPPS,1,0,25,24
DHFR;DRPA,3,2,23,22
DHFR;DURAD,1,0,25,24
DHFR;DURIPP,2,1,24,23
DHFR;ETHMALACc,0,1,26,23
DHFR;ETHMALACte,0,1,26,23
DHFR;ETHMALCOAc,0,1,26,23
DHFR;FACOAL80im,0,1,26,23
DHFR;FAE180,0,1,26,23
DHFR;FAE201,0,1,26,23
DHFR;FAE221,0,1,26,23
DHFR;FAE224,0,1,26,23
DHFR;FAE241,0,1,26,23
DHFR;FOLtm,1,2,25,22
DHFR;FRDPtc,1,0,25,24
DHFR;GLUDxm,3,0,23,24
DHFR;GLUDym,2,0,24,24
DHFR;GLYACm,1,0,25,24
DHFR;GLYtm,1,0,25,24
DHFR;GTHRDt,0,1,26,23
DHFR;H2O2tp,0,1,26,23
DHFR;H2Oter,3,0,23,24
DHFR;H2Otp,0,1,26,23
DHFR;HACD180,0,1,26,23
DHFR;HACD201,0,1,26,23
DHFR;HACD221,0,1,26,23
DHFR;HACD224,0,1,26,23
DHFR;HACD241,0,1,26,23
DHFR;HBZOPT10m,1,0,25,24
DHFR;HCO3E,2,1,24,23
DHFR;HCO3Ee,0,1,26,23
DHFR;HEX1,0,1,26,23
DHFR;HPROxm,0,1,26,23
DHFR;HPROym,0,1,26,23
DHFR;HSD180,0,1,26,23
DHFR;HSD201,0,1,26,23
DHFR;HSD221,0,1,26,23
DHFR;HSD224,0,1,26,23
DHFR;HSD241,0,1,26,23
DHFR;Htm,0,1,26,23
DHFR;Htr,0,1,26,23
DHFR;LDH_L,0,1,26,23
DHFR;LEUTA,0,1,26,23
DHFR;LEUTAm,0,1,26,23
DHFR;LEUt5m,0,1,26,23
DHFR;LHCYSTIN,1,0,25,24
DHFR;LHCYSTINt,1,0,25,24
DHFR;L_LACtcm,1,0,25,24
DHFR;L_LACtm,1,0,25,24
DHFR;MALCOAMT,0,1,26,23
DHFR;MALCOAMTr,0,1,26,23
DHFR;METAT,1,0,25,24
DHFR;MGSA,0,1,26,23
DHFR;MTHGXLt,0,1,26,23
DHFR;NADH2_u10m,3,4,23,20
DHFR;NDP6,1,0,25,24
DHFR;NDPK6,1,0,25,24
DHFR;NRVNCCOAtr,0,1,26,23
DHFR;NRVNCCOAtxc,0,1,26,23
DHFR;NTD3,1,0,25,24
DHFR;NTD5,0,1,26,23
DHFR;O2t,1,0,25,24
DHFR;O2tp,0,1,26,23
DHFR;PGI,0,1,26,23
DHFR;PIGTHRDLtm,0,1,26,23
DHFR;PPCOACRNtm,0,1,26,23
DHFR;PPCOAtm,0,1,26,23
DHFR;PPItm,0,1,26,23
DHFR;PPM,1,1,25,23
DHFR;PPM2,3,2,23,22
DHFR;PRISTANALtx,0,1,26,23
DHFR;PRISTtx,0,1,26,23
DHFR;PYNP2r,2,1,24,23
DHFR;Q10H2e,1,0,25,24
DHFR;RDH1a,1,0,25,24
DHFR;T4HCINNMFM,1,0,25,24
DHFR;TECR180,0,1,26,23
DHFR;TECR201,0,1,26,23
DHFR;TECR221,0,1,26,23
DHFR;TECR224,0,1,26,23
DHFR;TECR241,0,1,26,23
DHFR;THFtm,16,10,10,14
DHFR;THYMt,0,1,26,23
DHFR;TMDPP,0,1,26,23
DHFR;TRDOXtm,3,1,23,23
DHFR;TRDRDtm,3,1,23,23
DHFR;TRDRm,3,1,23,23
DHFR;TYRTAm,1,0,25,24
DHFR;TYRtl,1,0,25,24
DHFR;UPPN,1,0,25,24
DHFR;URIK4,1,0,25,24
DHFR;q10h2tc,1,0,25,24
DHFRm;ETHMALACc,0,1,26,23
DHFRm;ETHMALACte,0,1,26,23
DHFRm;ETHMALCOAc,0,1,26,23
DHFRm;FACOAL80im,0,1,26,23
DHFRm;FAE180,0,1,26,23
DHFRm;FAE201,0,1,26,23
DHFRm;FAE221,0,1,26,23
DHFRm;FAE224,0,1,26,23
DHFRm;FAE241,0,1,26,23
DHFRm;GTHRDt,0,1,26,23
DHFRm;H2O2tp,0,1,26,23
DHFRm;H2Otp,0,1,26,23
DHFRm;HACD180,0,1,26,23
DHFRm;HACD201,0,1,26,23
DHFRm;HACD221,0,1,26,23
DHFRm;HACD224,0,1,26,23
DHFRm;HACD241,0,1,26,23
DHFRm;HCO3Ee,0,1,26,23
DHFRm;HPROxm,0,1,26,23
DHFRm;HPROym,0,1,26,23
DHFRm;HSD180,0,1,26,23
DHFRm;HSD201,0,1,26,23
DHFRm;HSD221,0,1,26,23
DHFRm;HSD224,0,1,26,23
DHFRm;HSD241,0,1,26,23
DHFRm;Htr,0,1,26,23
DHFRm;MALCOAMT,0,1,26,23
DHFRm;MALCOAMTr,0,1,26,23
DHFRm;MGSA,0,1,26,23
DHFRm;MTHGXLt,0,1,26,23
DHFRm;NADH2_u10m,1,2,25,22
DHFRm;NRVNCCOAtr,0,1,26,23
DHFRm;NRVNCCOAtxc,0,1,26,23
DHFRm;O2tp,0,1,26,23
DHFRm;PGI,0,1,26,23
DHFRm;PIGTHRDLtm,0,1,26,23
DHFRm;PPCOACRNtm,0,1,26,23
DHFRm;PPCOAtm,0,1,26,23
DHFRm;PPItm,0,1,26,23
DHFRm;PRISTANALtx,0,1,26,23
DHFRm;PRISTtx,0,1,26,23
DHFRm;TECR180,0,1,26,23
DHFRm;TECR201,0,1,26,23
DHFRm;TECR221,0,1,26,23
DHFRm;TECR224,0,1,26,23
DHFRm;TECR241,0,1,26,23
DHFRm;THFtm,0,3,26,21
DHFRx;DHPM1,1,0,25,24
DHFRx;DPHMBDCm,1,0,25,24
DHFRx;DPPS,1,0,25,24
DHFRx;DRPA,3,2,23,22
DHFRx;DURAD,1,0,25,24
DHFRx;DURIPP,2,1,24,23
DHFRx;FRDPtc,1,0,25,24
DHFRx;GALU,0,1,26,23
DHFRx;GCALDD,0,1,26,23
DHFRx;GF6PTA,0,1,26,23
DHFRx;GLUDxm,3,1,23,23
DHFRx;GLUDym,2,1,24,23
DHFRx;GLXtm,0,1,26,23
DHFRx;GLXtp,0,1,26,23
DHFRx;GLYACm,1,0,25,24
DHFRx;GLYCLTtp,0,1,26,23
DHFRx;GLYCTO1p,0,1,26,23
DHFRx;GLYOp,0,1,26,23
DHFRx;GLYtm,1,0,25,24
DHFRx;H2O2tp,0,1,26,23
DHFRx;H2Oter,3,0,23,24
DHFRx;H2Otg,0,1,26,23
DHFRx;H2Otp,0,1,26,23
DHFRx;HBZOPT10m,1,0,25,24
DHFRx;HCO3E,3,1,23,23
DHFRx;HEX1,0,1,26,23
DHFRx;HPYRDC,0,1,26,23
DHFRx;HPYRtp,0,1,26,23
DHFRx;Htg,0,1,26,23
DHFRx;Htm,0,2,26,22
DHFRx;LDH_L,0,1,26,23
DHFRx;LEUTA,0,1,26,23
DHFRx;LEUTAm,0,1,26,23
DHFRx;LEUt5m,0,1,26,23
DHFRx;LHCYSTIN,1,0,25,24
DHFRx;LHCYSTINt,1,0,25,24
DHFRx;L_LACtcm,1,0,25,24
DHFRx;L_LACtm,1,0,25,24
DHFRx;MAN1PT2,0,1,26,23
DHFRx;MAN6PI,0,1,26,23
DHFRx;METAT,1,0,25,24
DHFRx;NADH2_u10m,2,3,24,21
DHFRx;NDP6,1,0,25,24
DHFRx;NDP7g,0,1,26,23
DHFRx;NDPK6,1,0,25,24
DHFRx;NH4tp,0,1,26,23
DHFRx;NTD3,1,0,25,24
DHFRx;NTD5,0,1,26,23
DHFRx;O2t,1,0,25,24
DHFRx;O2tp,0,1,26,23
DHFRx;PGMT,0,1,26,23
DHFRx;PIter,0,1,26,23
DHFRx;PItg,0,1,26,23
DHFRx;PMANM,0,1,26,23
DHFRx;PPM,1,1,25,23
DHFRx;PPM2,3,2,23,22
DHFRx;PYNP2r,2,1,24,23
DHFRx;Q10H2e,1,0,25,24
DHFRx;RDH1a,1,0,25,24
DHFRx;SERtp,0,1,26,23
DHFRx;SPTx,0,1,26,23
DHFRx;T4HCINNMFM,1,0,25,24
DHFRx;THFtm,1,1,25,23
DHFRx;THYMt,0,1,26,23
DHFRx;TMDPP,0,1,26,23
DHFRx;TRDOXtm,3,2,23,22
DHFRx;TRDRDtm,3,2,23,22
DHFRx;TRDRm,3,2,23,22
DHFRx;TYRTAm,1,0,25,24
DHFRx;TYRtl,1,0,25,24
DHFRx;UAGDP,0,1,26,23
DHFRx;UGLCNACtg,0,1,26,23
DHFRx;UPPN,1,0,25,24
DHFRx;URIK4,1,0,25,24
DHFRx;q10h2tc,1,0,25,24
DHFtm;DHPM1,1,0,25,24
DHFtm;DPHMBDCm,1,0,25,24
DHFtm;DPPS,1,0,25,24
DHFtm;DRPA,3,2,23,22
DHFtm;DURAD,1,0,25,24
DHFtm;DURIPP,2,1,24,23
DHFtm;ETHMALACc,0,1,26,23
DHFtm;ETHMALACte,0,1,26,23
DHFtm;ETHMALCOAc,0,1,26,23
DHFtm;FACOAL80im,0,1,26,23
DHFtm;FAE180,0,1,26,23
DHFtm;FAE201,0,1,26,23
DHFtm;FAE221,0,1,26,23
DHFtm;FAE224,0,1,26,23
DHFtm;FAE241,0,1,26,23
DHFtm;FRDPtc,1,0,25,24
DHFtm;GALU,0,1,26,23
DHFtm;GCALDD,0,1,26,23
DHFtm;GF6PTA,0,1,26,23
DHFtm;GLUDxm,3,1,23,23
DHFtm;GLUDym,2,1,24,23
DHFtm;GLXtm,0,1,26,23
DHFtm;GLXtp,0,1,26,23
DHFtm;GLYACm,1,0,25,24
DHFtm;GLYCLTtp,0,1,26,23
DHFtm;GLYCTO1p,0,1,26,23
DHFtm;GLYOp,0,1,26,23
DHFtm;GLYtm,1,0,25,24
DHFtm;GTHRDt,0,1,26,23
DHFtm;H2O2tp,0,2,26,22
DHFtm;H2Oter,3,0,23,24
DHFtm;H2Otg,0,1,26,23
DHFtm;H2Otp,0,2,26,22
DHFtm;HACD180,0,1,26,23
DHFtm;HACD201,0,1,26,23
DHFtm;HACD221,0,1,26,23
DHFtm;HACD224,0,1,26,23
DHFtm;HACD241,0,1,26,23
DHFtm;HBZOPT10m,1,0,25,24
DHFtm;HCO3E,3,1,23,23
DHFtm;HCO3Ee,0,1,26,23
DHFtm;HEX1,0,1,26,23
DHFtm;HPYRDC,0,1,26,23
DHFtm;HPYRtp,0,1,26,23
DHFtm;HSD180,0,1,26,23
DHFtm;HSD201,0,1,26,23
DHFtm;HSD221,0,1,26,23
DHFtm;HSD224,0,1,26,23
DHFtm;HSD241,0,1,26,23
DHFtm;Htg,0,1,26,23
DHFtm;Htm,0,2,26,22
DHFtm;LDH_L,0,1,26,23
DHFtm;LEUTA,0,1,26,23
DHFtm;LEUTAm,0,1,26,23
DHFtm;LEUt5m,0,1,26,23
DHFtm;LHCYSTIN,1,0,25,24
DHFtm;LHCYSTINt,1,0,25,24
DHFtm;L_LACtcm,1,0,25,24
DHFtm;L_LACtm,1,0,25,24
DHFtm;MALCOAMT,0,1,26,23
DHFtm;MALCOAMTr,0,1,26,23
DHFtm;MAN1PT2,0,1,26,23
DHFtm;MAN6PI,0,1,26,23
DHFtm;METAT,1,0,25,24
DHFtm;MGSA,0,1,26,23
DHFtm;MTHGXLt,0,1,26,23
DHFtm;NADH2_u10m,2,4,24,20
DHFtm;NDP6,1,0,25,24
DHFtm;NDP7g,0,1,26,23
DHFtm;NDPK6,1,0,25,24
DHFtm;NH4tp,0,1,26,23
DHFtm;NRVNCCOAtr,0,1,26,23
DHFtm;NRVNCCOAtxc,0,1,26,23
DHFtm;NTD3,1,0,25,24
DHFtm;NTD5,0,1,26,23
DHFtm;O2t,1,0,25,24
DHFtm;O2tp,0,2,26,22
DHFtm;PGI,0,1,26,23
DHFtm;PGMT,0,1,26,23
DHFtm;PIGTHRDLtm,0,1,26,23
DHFtm;PIter,0,1,26,23
DHFtm;PItg,0,1,26,23
DHFtm;PMANM,0,1,26,23
DHFtm;PPCOACRNtm,0,1,26,23
DHFtm;PPCOAtm,0,1,26,23
DHFtm;PPItm,0,1,26,23
DHFtm;PPM,1,1,25,23
DHFtm;PPM2,3,2,23,22
DHFtm;PRISTANALtx,0,1,26,23
DHFtm;PRISTtx,0,1,26,23
DHFtm;PYNP2r,2,1,24,23
DHFtm;Q10H2e,1,0,25,24
DHFtm;RDH1a,1,0,25,24
DHFtm;SERtp,0,1,26,23
DHFtm;SPTx,0,1,26,23
DHFtm;T4HCINNMFM,1,0,25,24
DHFtm;TECR180,0,1,26,23
DHFtm;TECR201,0,1,26,23
DHFtm;TECR221,0,1,26,23
DHFtm;TECR224,0,1,26,23
DHFtm;TECR241,0,1,26,23
DHFtm;THFtm,1,2,25,22
DHFtm;THYMt,0,1,26,23
DHFtm;TMDPP,0,1,26,23
DHFtm;TRDOXtm,3,2,23,22
DHFtm;TRDRDtm,3,2,23,22
DHFtm;TRDRm,3,2,23,22
DHFtm;TYRTAm,1,0,25,24
DHFtm;TYRtl,1,0,25,24
DHFtm;UAGDP,0,1,26,23
DHFtm;UGLCNACtg,0,1,26,23
DHFtm;UPPN,1,0,25,24
DHFtm;URIK4,1,0,25,24
DHFtm;q10h2tc,1,0,25,24
DHPM1;GLYt2r,1,0,25,24
DHPM1;H2Otm,3,0,23,24
DHPM1;HCO3E,1,0,25,24
DHPM1;HCO3Em,1,0,25,24
DHPM1;HCO3tm,1,0,25,24
DHPM1;NDPK6,1,0,25,24
DHPM1;PYNP2r,1,0,25,24
DHPM1;RU5Ptr,1,0,25,24
DHPM1;THFtm,1,0,25,24
DHPM1;THRA,1,0,25,24
DHPM1;URIK4,1,0,25,24
DHPR2;DPHMBDCm,1,0,25,24
DHPR2;DPPS,1,0,25,24
DHPR2;FCLTm,1,0,25,24
DHPR2;FE2tm,1,0,25,24
DHPR2;FRDPtc,1,0,25,24
DHPR2;GLUDym,1,0,25,24
DHPR2;GLYACm,1,0,25,24
DHPR2;GLYtm,1,0,25,24
DHPR2;GTPGDPtm,1,0,25,24
DHPR2;H2O2syn,1,0,25,24
DHPR2;HBZOPT10m,1,0,25,24
DHPR2;HMBS,1,0,25,24
DHPR2;HOXG,1,0,25,24
DHPR2;LDH_L,0,1,26,23
DHPR2;NACDe,0,1,26,23
DHPR2;NACPRT,0,1,26,23
DHPR2;NCAMDe,0,1,26,23
DHPR2;NCKt,1,0,25,24
DHPR2;NDP7er,1,0,25,24
DHPR2;NMNDA,0,1,26,23
DHPR2;NMNS,0,1,26,23
DHPR2;PHEMEtm,1,0,25,24
DHPR2;PPBNGS,1,0,25,24
DHPR2;PPItm,1,0,25,24
DHPR2;PPPG9tm,1,0,25,24
DHPR2;PPPGOm,1,0,25,24
DHPR2;PRDX,1,0,25,24
DHPR2;PROAKGOX1m,1,0,25,24
DHPR2;Q10H2e,1,0,25,24
DHPR2;SUCOAS1m,1,0,25,24
DHPR2;T4HCINNMFM,1,0,25,24
DHPR2;TYRTAm,1,0,25,24
DHPR2;TYRtl,1,0,25,24
DHPR2;UDPGCURtr,1,0,25,24
DHPR2;UDPGD,1,0,25,24
DHPR2;UGT1A2r,1,0,25,24
DHPR2;UMPtr,1,0,25,24
DHPR2;UPP3S,1,0,25,24
DHPR2;UPPDC1,1,0,25,24
DHPR2;q10h2tc,1,0,25,24
DHPR;GTHP,0,1,26,23
DHPR;RDH1a,1,0,25,24
DHPRy;LDH_L,0,1,26,23
DHPRy;L_LACt2r,0,1,26,23
DHRT_ivcoa;ETHMALACc,0,2,26,22
DHRT_ivcoa;ETHMALACte,0,2,26,22
DHRT_ivcoa;ETHMALCOAc,0,2,26,22
DHRT_ivcoa;FACOAL100im,0,2,26,22
DHRT_ivcoa;GLUt2m,0,1,26,23
DHRT_ivcoa;GTPGDPtm,0,2,26,22
DHRT_ivcoa;HMGCOASim,0,3,26,21
DHRT_ivcoa;PPA,0,1,26,23
DHRT_ivcoa;PPCOACRNtm,0,2,26,22
DHRT_ivcoa;PPCOAtm,0,2,26,22
DHRT_ivcoa;PPItm,0,1,26,23
DHRT_ivcoa;TTDCPT1,0,2,26,22
DHRT_ivcoa;TTDCPT2,0,2,26,22
DHRT_ivcoa;TTDCRNt,0,2,26,22
DLD;ETHMALACc,0,2,26,22
DLD;ETHMALACte,0,2,26,22
DLD;ETHMALCOAc,0,2,26,22
DLD;FACOAL100im,0,2,26,22
DLD;GLUt2m,0,1,26,23
DLD;GTPGDPtm,0,2,26,22
DLD;H2Otm,1,0,25,24
DLD;HMGCOASim,0,3,26,21
DLD;MDHm,0,1,26,23
DLD;PEPCKm,0,1,26,23
DLD;PPA,0,1,26,23
DLD;PPCOACRNtm,0,2,26,22
DLD;PPCOAtm,0,2,26,22
DLD;PPItm,0,1,26,23
DLD;THFtm,1,0,25,24
DLD;THRA,0,1,26,23
DLD;TTDCPT1,0,2,26,22
DLD;TTDCPT2,0,2,26,22
DLD;TTDCRNt,0,2,26,22
DMGDHm;H2Oter,2,0,24,24
DMGDHm;MTHFC,1,1,25,23
DMGDHm;MTHFD,1,0,25,24
DMGDHm;MTHFD2,0,1,26,23
DMGtm;H2Oter,2,0,24,24
DMGtm;MTHFC,1,1,25,23
DMGtm;MTHFD,1,0,25,24
DMGtm;MTHFD2,0,1,26,23
DNDPt1m;GF6PTA,1,0,25,24
DNDPt1m;GLYt4,1,0,25,24
DNDPt1m;HCO3E,1,0,25,24
DNDPt1m;HCO3Ee,2,0,24,24
DNDPt1m;HCO3Em,0,1,26,23
DNDPt1m;HCO3tm,0,1,26,23
DNDPt1m;PPItm,1,0,25,24
DNDPt42m;GPAM_hs,0,1,26,23
DNDPt45m;GTPGDPtm,0,1,26,23
DNDPt45m;H2Otm,0,1,26,23
DNPH2;NDPK1,0,4,26,20
DNPH2;PYK6,0,1,26,23
DNPH2;THRA,0,1,26,23
DOLASNTer;DPCOAK,1,0,25,24
DOLASNTer;FCLTm,0,1,26,23
DOLASNTer;FE2tm,0,1,26,23
DOLASNTer;GALGLUSIDEtg,0,1,26,23
DOLASNTer;GALGLUSIDEtr,0,1,26,23
DOLASNTer;GLACter,1,0,25,24
DOLASNTer;GLCURter,1,0,25,24
DOLASNTer;GLCURtly,1,0,25,24
DOLASNTer;GLRASE,1,0,25,24
DOLASNTer;GLUt2m,0,1,26,23
DOLASNTer;GULLACter,1,0,25,24
DOLASNTer;GULOer,1,0,25,24
DOLASNTer;H2O2ter,1,0,25,24
DOLASNTer;HAS1,1,0,25,24
DOLASNTer;HAS2,1,0,25,24
DOLASNTer;HAtly,1,0,25,24
DOLASNTer;HMBS,0,1,26,23
DOLASNTer;HOXG,0,1,26,23
DOLASNTer;HYAL,1,0,25,24
DOLASNTer;Htr,1,0,25,24
DOLASNTer;KCC2t,0,1,26,23
DOLASNTer;NDP7er,0,2,26,22
DOLASNTer;NDPK8,1,0,25,24
DOLASNTer;PFK2,0,1,26,23
DOLASNTer;PNTK,1,0,25,24
DOLASNTer;PNTOte,1,0,25,24
DOLASNTer;PPBNGS,0,1,26,23
DOLASNTer;PPCDC,1,0,25,24
DOLASNTer;PPItm,1,0,25,24
DOLASNTer;PPNCL2,1,0,25,24
DOLASNTer;PPPG9tm,0,1,26,23
DOLASNTer;PPPGOm,0,1,26,23
DOLASNTer;PTPAT,1,0,25,24
DOLASNTer;TPI,1,0,25,24
DOLASNTer;UDPG4E,0,1,26,23
DOLASNTer;UDPGALt2r,0,1,26,23
DOLASNTer;UDPGALtg,0,1,26,23
DOLASNTer;UDPGCURtr,0,1,26,23
DOLASNTer;UDPGD,1,1,25,23
DOLASNTer;UDPGGPGTr,0,1,26,23
DOLASNTer;UGCGc,0,1,26,23
DOLASNTer;UGT1A2r,0,1,26,23
DOLASNTer;UMPK5,0,1,26,23
DOLASNTer;UMPtr,0,2,26,22
DOLASNTer;UPP3S,0,1,26,23
DOLASNTer;UPPDC1,0,1,26,23
DOLASNTer;UROLACer,1,0,25,24
DOLDPPer;DPCOAK,1,0,25,24
DOLDPPer;FCLTm,0,1,26,23
DOLDPPer;FE2tm,0,1,26,23
DOLDPPer;GALGLUSIDEtg,0,1,26,23
DOLDPPer;GALGLUSIDEtr,0,1,26,23
DOLDPPer;GLACter,1,0,25,24
DOLDPPer;GLCURter,1,0,25,24
DOLDPPer;GLCURtly,1,0,25,24
DOLDPPer;GLRASE,1,0,25,24
DOLDPPer;GLUt2m,0,1,26,23
DOLDPPer;GULLACter,1,0,25,24
DOLDPPer;GULOer,1,0,25,24
DOLDPPer;H2O2ter,1,0,25,24
DOLDPPer;HAS1,1,0,25,24
DOLDPPer;HAS2,1,0,25,24
DOLDPPer;HAtly,1,0,25,24
DOLDPPer;HMBS,0,1,26,23
DOLDPPer;HOXG,0,1,26,23
DOLDPPer;HYAL,1,0,25,24
DOLDPPer;Htr,1,0,25,24
DOLDPPer;KCC2t,0,1,26,23
DOLDPPer;NDP7er,0,2,26,22
DOLDPPer;NDPK8,1,0,25,24
DOLDPPer;PFK2,0,1,26,23
DOLDPPer;PNTK,1,0,25,24
DOLDPPer;PNTOte,1,0,25,24
DOLDPPer;PPBNGS,0,1,26,23
DOLDPPer;PPCDC,1,0,25,24
DOLDPPer;PPItm,1,0,25,24
DOLDPPer;PPNCL2,1,0,25,24
DOLDPPer;PPPG9tm,0,1,26,23
DOLDPPer;PPPGOm,0,1,26,23
DOLDPPer;PTPAT,1,0,25,24
DOLDPPer;TPI,1,0,25,24
DOLDPPer;UDPG4E,0,1,26,23
DOLDPPer;UDPGALt2r,0,1,26,23
DOLDPPer;UDPGALtg,0,1,26,23
DOLDPPer;UDPGCURtr,0,1,26,23
DOLDPPer;UDPGD,1,1,25,23
DOLDPPer;UDPGGPGTr,0,1,26,23
DOLDPPer;UGCGc,0,1,26,23
DOLDPPer;UGT1A2r,0,1,26,23
DOLDPPer;UMPK5,0,1,26,23
DOLDPPer;UMPtr,0,2,26,22
DOLDPPer;UPP3S,0,1,26,23
DOLDPPer;UPPDC1,0,1,26,23
DOLDPPer;UROLACer,1,0,25,24
DOLGLCP_ter;DPCOAK,1,0,25,24
DOLGLCP_ter;FCLTm,0,1,26,23
DOLGLCP_ter;FE2tm,0,1,26,23
DOLGLCP_ter;GALGLUSIDEtg,0,1,26,23
DOLGLCP_ter;GALGLUSIDEtr,0,1,26,23
DOLGLCP_ter;GLACter,1,0,25,24
DOLGLCP_ter;GLCURter,1,0,25,24
DOLGLCP_ter;GLCURtly,1,0,25,24
DOLGLCP_ter;GLRASE,1,0,25,24
DOLGLCP_ter;GLUt2m,0,1,26,23
DOLGLCP_ter;GULLACter,1,0,25,24
DOLGLCP_ter;GULOer,1,0,25,24
DOLGLCP_ter;H2O2ter,1,0,25,24
DOLGLCP_ter;HAS1,1,0,25,24
DOLGLCP_ter;HAS2,1,0,25,24
DOLGLCP_ter;HAtly,1,0,25,24
DOLGLCP_ter;HMBS,0,1,26,23
DOLGLCP_ter;HOXG,0,1,26,23
DOLGLCP_ter;HYAL,1,0,25,24
DOLGLCP_ter;Htr,1,0,25,24
DOLGLCP_ter;KCC2t,0,1,26,23
DOLGLCP_ter;NDP7er,0,2,26,22
DOLGLCP_ter;NDPK8,1,0,25,24
DOLGLCP_ter;PFK2,0,1,26,23
DOLGLCP_ter;PNTK,1,0,25,24
DOLGLCP_ter;PNTOte,1,0,25,24
DOLGLCP_ter;PPBNGS,0,1,26,23
DOLGLCP_ter;PPCDC,1,0,25,24
DOLGLCP_ter;PPItm,1,0,25,24
DOLGLCP_ter;PPNCL2,1,0,25,24
DOLGLCP_ter;PPPG9tm,0,1,26,23
DOLGLCP_ter;PPPGOm,0,1,26,23
DOLGLCP_ter;PTPAT,1,0,25,24
DOLGLCP_ter;TPI,1,0,25,24
DOLGLCP_ter;UDPG4E,0,1,26,23
DOLGLCP_ter;UDPGALt2r,0,1,26,23
DOLGLCP_ter;UDPGALtg,0,1,26,23
DOLGLCP_ter;UDPGCURtr,0,1,26,23
DOLGLCP_ter;UDPGD,1,1,25,23
DOLGLCP_ter;UDPGGPGTr,0,1,26,23
DOLGLCP_ter;UGCGc,0,1,26,23
DOLGLCP_ter;UGT1A2r,0,1,26,23
DOLGLCP_ter;UMPK5,0,1,26,23
DOLGLCP_ter;UMPtr,0,2,26,22
DOLGLCP_ter;UPP3S,0,1,26,23
DOLGLCP_ter;UPPDC1,0,1,26,23
DOLGLCP_ter;UROLACer,1,0,25,24
DOLMANP_ter;DPCOAK,1,0,25,24
DOLMANP_ter;FCLTm,0,1,26,23
DOLMANP_ter;FE2tm,0,1,26,23
DOLMANP_ter;GALGLUSIDEtg,0,1,26,23
DOLMANP_ter;GALGLUSIDEtr,0,1,26,23
DOLMANP_ter;GLACter,1,0,25,24
DOLMANP_ter;GLCURter,1,0,25,24
DOLMANP_ter;GLCURtly,1,0,25,24
DOLMANP_ter;GLRASE,1,0,25,24
DOLMANP_ter;GLUt2m,0,1,26,23
DOLMANP_ter;GULLACter,1,0,25,24
DOLMANP_ter;GULOer,1,0,25,24
DOLMANP_ter;H2O2ter,1,0,25,24
DOLMANP_ter;HAS1,1,0,25,24
DOLMANP_ter;HAS2,1,0,25,24
DOLMANP_ter;HAtly,1,0,25,24
DOLMANP_ter;HMBS,0,1,26,23
DOLMANP_ter;HOXG,0,1,26,23
DOLMANP_ter;HYAL,1,0,25,24
DOLMANP_ter;Htr,1,1,25,23
DOLMANP_ter;KCC2t,0,1,26,23
DOLMANP_ter;NDP7er,0,2,26,22
DOLMANP_ter;NDPK8,1,0,25,24
DOLMANP_ter;PFK2,0,1,26,23
DOLMANP_ter;PNTK,1,0,25,24
DOLMANP_ter;PNTOte,1,0,25,24
DOLMANP_ter;PPAer,0,1,26,23
DOLMANP_ter;PPBNGS,0,1,26,23
DOLMANP_ter;PPCDC,1,0,25,24
DOLMANP_ter;PPIPItr,0,1,26,23
DOLMANP_ter;PPItm,1,0,25,24
DOLMANP_ter;PPNCL2,1,0,25,24
DOLMANP_ter;PPPG9tm,0,1,26,23
DOLMANP_ter;PPPGOm,0,1,26,23
DOLMANP_ter;PTPAT,1,0,25,24
DOLMANP_ter;R5Ptr,2,3,24,21
DOLMANP_ter;RPI,0,1,26,23
DOLMANP_ter;RPIr,2,3,24,21
DOLMANP_ter;RU5Ptr,2,3,24,21
DOLMANP_ter;TPI,1,0,25,24
DOLMANP_ter;UDPG4E,0,2,26,22
DOLMANP_ter;UDPGALt2r,0,1,26,23
DOLMANP_ter;UDPGALtg,0,2,26,22
DOLMANP_ter;UDPGCURtr,0,1,26,23
DOLMANP_ter;UDPGD,1,1,25,23
DOLMANP_ter;UDPGGPGTr,0,1,26,23
DOLMANP_ter;UGCGc,0,1,26,23
DOLMANP_ter;UGT1A2r,0,1,26,23
DOLMANP_ter;UMPK5,0,1,26,23
DOLMANP_ter;UMPtr,0,2,26,22
DOLMANP_ter;UPP3S,0,1,26,23
DOLMANP_ter;UPPDC1,0,1,26,23
DOLMANP_ter;UROLACer,1,0,25,24
DOLPGT1er;DPCOAK,1,0,25,24
DOLPGT1er;FCLTm,0,1,26,23
DOLPGT1er;FE2tm,0,1,26,23
DOLPGT1er;GALGLUSIDEtg,0,1,26,23
DOLPGT1er;GALGLUSIDEtr,0,1,26,23
DOLPGT1er;GLACter,1,0,25,24
DOLPGT1er;GLCURter,1,0,25,24
DOLPGT1er;GLCURtly,1,0,25,24
DOLPGT1er;GLRASE,1,0,25,24
DOLPGT1er;GLUt2m,0,1,26,23
DOLPGT1er;GULLACter,1,0,25,24
DOLPGT1er;GULOer,1,0,25,24
DOLPGT1er;H2O2ter,1,0,25,24
DOLPGT1er;HAS1,1,0,25,24
DOLPGT1er;HAS2,1,0,25,24
DOLPGT1er;HAtly,1,0,25,24
DOLPGT1er;HMBS,0,1,26,23
DOLPGT1er;HOXG,0,1,26,23
DOLPGT1er;HYAL,1,0,25,24
DOLPGT1er;Htr,1,0,25,24
DOLPGT1er;KCC2t,0,1,26,23
DOLPGT1er;NDP7er,0,2,26,22
DOLPGT1er;NDPK8,1,0,25,24
DOLPGT1er;PFK2,0,1,26,23
DOLPGT1er;PNTK,1,0,25,24
DOLPGT1er;PNTOte,1,0,25,24
DOLPGT1er;PPBNGS,0,1,26,23
DOLPGT1er;PPCDC,1,0,25,24
DOLPGT1er;PPItm,1,0,25,24
DOLPGT1er;PPNCL2,1,0,25,24
DOLPGT1er;PPPG9tm,0,1,26,23
DOLPGT1er;PPPGOm,0,1,26,23
DOLPGT1er;PTPAT,1,0,25,24
DOLPGT1er;TPI,1,0,25,24
DOLPGT1er;UDPG4E,0,1,26,23
DOLPGT1er;UDPGALt2r,0,1,26,23
DOLPGT1er;UDPGALtg,0,1,26,23
DOLPGT1er;UDPGCURtr,0,1,26,23
DOLPGT1er;UDPGD,1,1,25,23
DOLPGT1er;UDPGGPGTr,0,1,26,23
DOLPGT1er;UGCGc,0,1,26,23
DOLPGT1er;UGT1A2r,0,1,26,23
DOLPGT1er;UMPK5,0,1,26,23
DOLPGT1er;UMPtr,0,2,26,22
DOLPGT1er;UPP3S,0,1,26,23
DOLPGT1er;UPPDC1,0,1,26,23
DOLPGT1er;UROLACer,1,0,25,24
DOLPGT2er;DPCOAK,1,0,25,24
DOLPGT2er;FCLTm,0,1,26,23
DOLPGT2er;FE2tm,0,1,26,23
DOLPGT2er;GALGLUSIDEtg,0,1,26,23
DOLPGT2er;GALGLUSIDEtr,0,1,26,23
DOLPGT2er;GLACter,1,0,25,24
DOLPGT2er;GLCURter,1,0,25,24
DOLPGT2er;GLCURtly,1,0,25,24
DOLPGT2er;GLRASE,1,0,25,24
DOLPGT2er;GLUt2m,0,1,26,23
DOLPGT2er;GULLACter,1,0,25,24
DOLPGT2er;GULOer,1,0,25,24
DOLPGT2er;H2O2ter,1,0,25,24
DOLPGT2er;HAS1,1,0,25,24
DOLPGT2er;HAS2,1,0,25,24
DOLPGT2er;HAtly,1,0,25,24
DOLPGT2er;HMBS,0,1,26,23
DOLPGT2er;HOXG,0,1,26,23
DOLPGT2er;HYAL,1,0,25,24
DOLPGT2er;Htr,1,0,25,24
DOLPGT2er;KCC2t,0,1,26,23
DOLPGT2er;NDP7er,0,2,26,22
DOLPGT2er;NDPK8,1,0,25,24
DOLPGT2er;PFK2,0,1,26,23
DOLPGT2er;PNTK,1,0,25,24
DOLPGT2er;PNTOte,1,0,25,24
DOLPGT2er;PPBNGS,0,1,26,23
DOLPGT2er;PPCDC,1,0,25,24
DOLPGT2er;PPItm,1,0,25,24
DOLPGT2er;PPNCL2,1,0,25,24
DOLPGT2er;PPPG9tm,0,1,26,23
DOLPGT2er;PPPGOm,0,1,26,23
DOLPGT2er;PTPAT,1,0,25,24
DOLPGT2er;TPI,1,0,25,24
DOLPGT2er;UDPG4E,0,1,26,23
DOLPGT2er;UDPGALt2r,0,1,26,23
DOLPGT2er;UDPGALtg,0,1,26,23
DOLPGT2er;UDPGCURtr,0,1,26,23
DOLPGT2er;UDPGD,1,1,25,23
DOLPGT2er;UDPGGPGTr,0,1,26,23
DOLPGT2er;UGCGc,0,1,26,23
DOLPGT2er;UGT1A2r,0,1,26,23
DOLPGT2er;UMPK5,0,1,26,23
DOLPGT2er;UMPtr,0,2,26,22
DOLPGT2er;UPP3S,0,1,26,23
DOLPGT2er;UPPDC1,0,1,26,23
DOLPGT2er;UROLACer,1,0,25,24
DOLPGT3er;DPCOAK,1,0,25,24
DOLPGT3er;FCLTm,0,1,26,23
DOLPGT3er;FE2tm,0,1,26,23
DOLPGT3er;GALGLUSIDEtg,0,1,26,23
DOLPGT3er;GALGLUSIDEtr,0,1,26,23
DOLPGT3er;GLACter,1,0,25,24
DOLPGT3er;GLCURter,1,0,25,24
DOLPGT3er;GLCURtly,1,0,25,24
DOLPGT3er;GLRASE,1,0,25,24
DOLPGT3er;GLUt2m,0,1,26,23
DOLPGT3er;GULLACter,1,0,25,24
DOLPGT3er;GULOer,1,0,25,24
DOLPGT3er;H2O2ter,1,0,25,24
DOLPGT3er;HAS1,1,0,25,24
DOLPGT3er;HAS2,1,0,25,24
DOLPGT3er;HAtly,1,0,25,24
DOLPGT3er;HMBS,0,1,26,23
DOLPGT3er;HOXG,0,1,26,23
DOLPGT3er;HYAL,1,0,25,24
DOLPGT3er;Htr,1,0,25,24
DOLPGT3er;KCC2t,0,1,26,23
DOLPGT3er;NDP7er,0,2,26,22
DOLPGT3er;NDPK8,1,0,25,24
DOLPGT3er;PFK2,0,1,26,23
DOLPGT3er;PNTK,1,0,25,24
DOLPGT3er;PNTOte,1,0,25,24
DOLPGT3er;PPBNGS,0,1,26,23
DOLPGT3er;PPCDC,1,0,25,24
DOLPGT3er;PPItm,1,0,25,24
DOLPGT3er;PPNCL2,1,0,25,24
DOLPGT3er;PPPG9tm,0,1,26,23
DOLPGT3er;PPPGOm,0,1,26,23
DOLPGT3er;PTPAT,1,0,25,24
DOLPGT3er;TPI,1,0,25,24
DOLPGT3er;UDPG4E,0,1,26,23
DOLPGT3er;UDPGALt2r,0,1,26,23
DOLPGT3er;UDPGALtg,0,1,26,23
DOLPGT3er;UDPGCURtr,0,1,26,23
DOLPGT3er;UDPGD,1,1,25,23
DOLPGT3er;UDPGGPGTr,0,1,26,23
DOLPGT3er;UGCGc,0,1,26,23
DOLPGT3er;UGT1A2r,0,1,26,23
DOLPGT3er;UMPK5,0,1,26,23
DOLPGT3er;UMPtr,0,2,26,22
DOLPGT3er;UPP3S,0,1,26,23
DOLPGT3er;UPPDC1,0,1,26,23
DOLPGT3er;UROLACer,1,0,25,24
DOLPMT1er;DPCOAK,1,0,25,24
DOLPMT1er;FCLTm,0,1,26,23
DOLPMT1er;FE2tm,0,1,26,23
DOLPMT1er;GALGLUSIDEtg,0,1,26,23
DOLPMT1er;GALGLUSIDEtr,0,1,26,23
DOLPMT1er;GLACter,1,0,25,24
DOLPMT1er;GLCURter,1,0,25,24
DOLPMT1er;GLCURtly,1,0,25,24
DOLPMT1er;GLRASE,1,0,25,24
DOLPMT1er;GLUt2m,0,1,26,23
DOLPMT1er;GULLACter,1,0,25,24
DOLPMT1er;GULOer,1,0,25,24
DOLPMT1er;H2O2ter,1,0,25,24
DOLPMT1er;HAS1,1,0,25,24
DOLPMT1er;HAS2,1,0,25,24
DOLPMT1er;HAtly,1,0,25,24
DOLPMT1er;HMBS,0,1,26,23
DOLPMT1er;HOXG,0,1,26,23
DOLPMT1er;HYAL,1,0,25,24
DOLPMT1er;Htr,1,0,25,24
DOLPMT1er;KCC2t,0,1,26,23
DOLPMT1er;NDP7er,0,2,26,22
DOLPMT1er;NDPK8,1,0,25,24
DOLPMT1er;PFK2,0,1,26,23
DOLPMT1er;PNTK,1,0,25,24
DOLPMT1er;PNTOte,1,0,25,24
DOLPMT1er;PPBNGS,0,1,26,23
DOLPMT1er;PPCDC,1,0,25,24
DOLPMT1er;PPItm,1,0,25,24
DOLPMT1er;PPNCL2,1,0,25,24
DOLPMT1er;PPPG9tm,0,1,26,23
DOLPMT1er;PPPGOm,0,1,26,23
DOLPMT1er;PTPAT,1,0,25,24
DOLPMT1er;TPI,1,0,25,24
DOLPMT1er;UDPG4E,0,1,26,23
DOLPMT1er;UDPGALt2r,0,1,26,23
DOLPMT1er;UDPGALtg,0,1,26,23
DOLPMT1er;UDPGCURtr,0,1,26,23
DOLPMT1er;UDPGD,1,1,25,23
DOLPMT1er;UDPGGPGTr,0,1,26,23
DOLPMT1er;UGCGc,0,1,26,23
DOLPMT1er;UGT1A2r,0,1,26,23
DOLPMT1er;UMPK5,0,1,26,23
DOLPMT1er;UMPtr,0,2,26,22
DOLPMT1er;UPP3S,0,1,26,23
DOLPMT1er;UPPDC1,0,1,26,23
DOLPMT1er;UROLACer,1,0,25,24
DOLPMT2_er;DPCOAK,1,0,25,24
DOLPMT2_er;FCLTm,0,1,26,23
DOLPMT2_er;FE2tm,0,1,26,23
DOLPMT2_er;GALGLUSIDEtg,0,1,26,23
DOLPMT2_er;GALGLUSIDEtr,0,1,26,23
DOLPMT2_er;GLACter,1,0,25,24
DOLPMT2_er;GLCURter,1,0,25,24
DOLPMT2_er;GLCURtly,1,0,25,24
DOLPMT2_er;GLRASE,1,0,25,24
DOLPMT2_er;GLUt2m,0,1,26,23
DOLPMT2_er;GULLACter,1,0,25,24
DOLPMT2_er;GULOer,1,0,25,24
DOLPMT2_er;H2O2ter,1,0,25,24
DOLPMT2_er;HAS1,1,0,25,24
DOLPMT2_er;HAS2,1,0,25,24
DOLPMT2_er;HAtly,1,0,25,24
DOLPMT2_er;HMBS,0,1,26,23
DOLPMT2_er;HOXG,0,1,26,23
DOLPMT2_er;HYAL,1,0,25,24
DOLPMT2_er;Htr,1,0,25,24
DOLPMT2_er;KCC2t,0,1,26,23
DOLPMT2_er;NDP7er,0,2,26,22
DOLPMT2_er;NDPK8,1,0,25,24
DOLPMT2_er;PFK2,0,1,26,23
DOLPMT2_er;PNTK,1,0,25,24
DOLPMT2_er;PNTOte,1,0,25,24
DOLPMT2_er;PPBNGS,0,1,26,23
DOLPMT2_er;PPCDC,1,0,25,24
DOLPMT2_er;PPItm,1,0,25,24
DOLPMT2_er;PPNCL2,1,0,25,24
DOLPMT2_er;PPPG9tm,0,1,26,23
DOLPMT2_er;PPPGOm,0,1,26,23
DOLPMT2_er;PTPAT,1,0,25,24
DOLPMT2_er;TPI,1,0,25,24
DOLPMT2_er;UDPG4E,0,1,26,23
DOLPMT2_er;UDPGALt2r,0,1,26,23
DOLPMT2_er;UDPGALtg,0,1,26,23
DOLPMT2_er;UDPGCURtr,0,1,26,23
DOLPMT2_er;UDPGD,1,1,25,23
DOLPMT2_er;UDPGGPGTr,0,1,26,23
DOLPMT2_er;UGCGc,0,1,26,23
DOLPMT2_er;UGT1A2r,0,1,26,23
DOLPMT2_er;UMPK5,0,1,26,23
DOLPMT2_er;UMPtr,0,2,26,22
DOLPMT2_er;UPP3S,0,1,26,23
DOLPMT2_er;UPPDC1,0,1,26,23
DOLPMT2_er;UROLACer,1,0,25,24
DOLPMT3er;DPCOAK,1,0,25,24
DOLPMT3er;FCLTm,0,1,26,23
DOLPMT3er;FE2tm,0,1,26,23
DOLPMT3er;GALGLUSIDEtg,0,1,26,23
DOLPMT3er;GALGLUSIDEtr,0,1,26,23
DOLPMT3er;GLACter,1,0,25,24
DOLPMT3er;GLCURter,1,0,25,24
DOLPMT3er;GLCURtly,1,0,25,24
DOLPMT3er;GLRASE,1,0,25,24
DOLPMT3er;GLUt2m,0,1,26,23
DOLPMT3er;GULLACter,1,0,25,24
DOLPMT3er;GULOer,1,0,25,24
DOLPMT3er;H2O2ter,1,0,25,24
DOLPMT3er;HAS1,1,0,25,24
DOLPMT3er;HAS2,1,0,25,24
DOLPMT3er;HAtly,1,0,25,24
DOLPMT3er;HMBS,0,1,26,23
DOLPMT3er;HOXG,0,1,26,23
DOLPMT3er;HYAL,1,0,25,24
DOLPMT3er;Htr,1,0,25,24
DOLPMT3er;KCC2t,0,1,26,23
DOLPMT3er;NDP7er,0,2,26,22
DOLPMT3er;NDPK8,1,0,25,24
DOLPMT3er;PFK2,0,1,26,23
DOLPMT3er;PNTK,1,0,25,24
DOLPMT3er;PNTOte,1,0,25,24
DOLPMT3er;PPBNGS,0,1,26,23
DOLPMT3er;PPCDC,1,0,25,24
DOLPMT3er;PPItm,1,0,25,24
DOLPMT3er;PPNCL2,1,0,25,24
DOLPMT3er;PPPG9tm,0,1,26,23
DOLPMT3er;PPPGOm,0,1,26,23
DOLPMT3er;PTPAT,1,0,25,24
DOLPMT3er;TPI,1,0,25,24
DOLPMT3er;UDPG4E,0,1,26,23
DOLPMT3er;UDPGALt2r,0,1,26,23
DOLPMT3er;UDPGALtg,0,1,26,23
DOLPMT3er;UDPGCURtr,0,1,26,23
DOLPMT3er;UDPGD,1,1,25,23
DOLPMT3er;UDPGGPGTr,0,1,26,23
DOLPMT3er;UGCGc,0,1,26,23
DOLPMT3er;UGT1A2r,0,1,26,23
DOLPMT3er;UMPK5,0,1,26,23
DOLPMT3er;UMPtr,0,2,26,22
DOLPMT3er;UPP3S,0,1,26,23
DOLPMT3er;UPPDC1,0,1,26,23
DOLPMT3er;UROLACer,1,0,25,24
DOLPMT4_er;DPCOAK,1,0,25,24
DOLPMT4_er;FCLTm,0,1,26,23
DOLPMT4_er;FE2tm,0,1,26,23
DOLPMT4_er;GALGLUSIDEtg,0,1,26,23
DOLPMT4_er;GALGLUSIDEtr,0,1,26,23
DOLPMT4_er;GLACter,1,0,25,24
DOLPMT4_er;GLCURter,1,0,25,24
DOLPMT4_er;GLCURtly,1,0,25,24
DOLPMT4_er;GLRASE,1,0,25,24
DOLPMT4_er;GLUt2m,0,1,26,23
DOLPMT4_er;GULLACter,1,0,25,24
DOLPMT4_er;GULOer,1,0,25,24
DOLPMT4_er;H2O2ter,1,0,25,24
DOLPMT4_er;HAS1,1,0,25,24
DOLPMT4_er;HAS2,1,0,25,24
DOLPMT4_er;HAtly,1,0,25,24
DOLPMT4_er;HMBS,0,1,26,23
DOLPMT4_er;HOXG,0,1,26,23
DOLPMT4_er;HYAL,1,0,25,24
DOLPMT4_er;Htr,1,0,25,24
DOLPMT4_er;KCC2t,0,1,26,23
DOLPMT4_er;NDP7er,0,2,26,22
DOLPMT4_er;NDPK8,1,0,25,24
DOLPMT4_er;PFK2,0,1,26,23
DOLPMT4_er;PNTK,1,0,25,24
DOLPMT4_er;PNTOte,1,0,25,24
DOLPMT4_er;PPBNGS,0,1,26,23
DOLPMT4_er;PPCDC,1,0,25,24
DOLPMT4_er;PPItm,1,0,25,24
DOLPMT4_er;PPNCL2,1,0,25,24
DOLPMT4_er;PPPG9tm,0,1,26,23
DOLPMT4_er;PPPGOm,0,1,26,23
DOLPMT4_er;PTPAT,1,0,25,24
DOLPMT4_er;TPI,1,0,25,24
DOLPMT4_er;UDPG4E,0,1,26,23
DOLPMT4_er;UDPGALt2r,0,1,26,23
DOLPMT4_er;UDPGALtg,0,1,26,23
DOLPMT4_er;UDPGCURtr,0,1,26,23
DOLPMT4_er;UDPGD,1,1,25,23
DOLPMT4_er;UDPGGPGTr,0,1,26,23
DOLPMT4_er;UGCGc,0,1,26,23
DOLPMT4_er;UGT1A2r,0,1,26,23
DOLPMT4_er;UMPK5,0,1,26,23
DOLPMT4_er;UMPtr,0,2,26,22
DOLPMT4_er;UPP3S,0,1,26,23
DOLPMT4_er;UPPDC1,0,1,26,23
DOLPMT4_er;UROLACer,1,0,25,24
DOLPMT;DPCOAK,1,0,25,24
DOLPMT;FCLTm,0,1,26,23
DOLPMT;FE2tm,0,1,26,23
DOLPMT;GALGLUSIDEtg,0,1,26,23
DOLPMT;GALGLUSIDEtr,0,1,26,23
DOLPMT;GLACter,1,0,25,24
DOLPMT;GLCURter,1,0,25,24
DOLPMT;GLCURtly,1,0,25,24
DOLPMT;GLRASE,1,0,25,24
DOLPMT;GLUt2m,0,1,26,23
DOLPMT;GULLACter,1,0,25,24
DOLPMT;GULOer,1,0,25,24
DOLPMT;H2O2ter,1,0,25,24
DOLPMT;HAS1,1,0,25,24
DOLPMT;HAS2,1,0,25,24
DOLPMT;HAtly,1,0,25,24
DOLPMT;HMBS,0,1,26,23
DOLPMT;HOXG,0,1,26,23
DOLPMT;HYAL,1,0,25,24
DOLPMT;Htr,1,1,25,23
DOLPMT;KCC2t,0,1,26,23
DOLPMT;NDP7er,0,2,26,22
DOLPMT;NDPK8,1,0,25,24
DOLPMT;PFK2,0,1,26,23
DOLPMT;PNTK,1,0,25,24
DOLPMT;PNTOte,1,0,25,24
DOLPMT;PPAer,0,1,26,23
DOLPMT;PPBNGS,0,1,26,23
DOLPMT;PPCDC,1,0,25,24
DOLPMT;PPIPItr,0,1,26,23
DOLPMT;PPItm,1,0,25,24
DOLPMT;PPNCL2,1,0,25,24
DOLPMT;PPPG9tm,0,1,26,23
DOLPMT;PPPGOm,0,1,26,23
DOLPMT;PTPAT,1,0,25,24
DOLPMT;R5Ptr,2,3,24,21
DOLPMT;RPI,0,1,26,23
DOLPMT;RPIr,2,3,24,21
DOLPMT;RU5Ptr,2,3,24,21
DOLPMT;TPI,1,0,25,24
DOLPMT;UDPG4E,0,2,26,22
DOLPMT;UDPGALt2r,0,1,26,23
DOLPMT;UDPGALtg,0,2,26,22
DOLPMT;UDPGCURtr,0,1,26,23
DOLPMT;UDPGD,1,1,25,23
DOLPMT;UDPGGPGTr,0,1,26,23
DOLPMT;UGCGc,0,1,26,23
DOLPMT;UGT1A2r,0,1,26,23
DOLPMT;UMPK5,0,1,26,23
DOLPMT;UMPtr,0,2,26,22
DOLPMT;UPP3S,0,1,26,23
DOLPMT;UPPDC1,0,1,26,23
DOLPMT;UROLACer,1,0,25,24
DOLPOMTr;R5Ptr,5,3,21,21
DOLPOMTr;RPI,0,1,26,23
DOLPOMTr;RPIr,5,3,21,21
DOLPOMTr;RU5Ptr,4,3,22,21
DOLP_ter;DPCOAK,1,0,25,24
DOLP_ter;FCLTm,0,1,26,23
DOLP_ter;FE2tm,0,1,26,23
DOLP_ter;GALGLUSIDEtg,0,1,26,23
DOLP_ter;GALGLUSIDEtr,0,1,26,23
DOLP_ter;GLACter,1,0,25,24
DOLP_ter;GLCURter,1,0,25,24
DOLP_ter;GLCURtly,1,0,25,24
DOLP_ter;GLRASE,1,0,25,24
DOLP_ter;GLUt2m,0,1,26,23
DOLP_ter;GULLACter,1,0,25,24
DOLP_ter;GULOer,1,0,25,24
DOLP_ter;H2O2ter,1,0,25,24
DOLP_ter;HAS1,1,0,25,24
DOLP_ter;HAS2,1,0,25,24
DOLP_ter;HAtly,1,0,25,24
DOLP_ter;HMBS,0,1,26,23
DOLP_ter;HOXG,0,1,26,23
DOLP_ter;HYAL,1,0,25,24
DOLP_ter;Htr,1,1,25,23
DOLP_ter;KCC2t,0,1,26,23
DOLP_ter;NDP7er,0,2,26,22
DOLP_ter;NDPK8,1,0,25,24
DOLP_ter;PFK2,0,1,26,23
DOLP_ter;PNTK,1,0,25,24
DOLP_ter;PNTOte,1,0,25,24
DOLP_ter;PPAer,0,1,26,23
DOLP_ter;PPBNGS,0,1,26,23
DOLP_ter;PPCDC,1,0,25,24
DOLP_ter;PPIPItr,0,1,26,23
DOLP_ter;PPItm,1,0,25,24
DOLP_ter;PPNCL2,1,0,25,24
DOLP_ter;PPPG9tm,0,1,26,23
DOLP_ter;PPPGOm,0,1,26,23
DOLP_ter;PTPAT,1,0,25,24
DOLP_ter;R5Ptr,2,3,24,21
DOLP_ter;RPI,0,1,26,23
DOLP_ter;RPIr,2,3,24,21
DOLP_ter;RU5Ptr,2,3,24,21
DOLP_ter;TPI,1,0,25,24
DOLP_ter;UDPG4E,0,2,26,22
DOLP_ter;UDPGALt2r,0,1,26,23
DOLP_ter;UDPGALtg,0,2,26,22
DOLP_ter;UDPGCURtr,0,1,26,23
DOLP_ter;UDPGD,1,1,25,23
DOLP_ter;UDPGGPGTr,0,1,26,23
DOLP_ter;UGCGc,0,1,26,23
DOLP_ter;UGT1A2r,0,1,26,23
DOLP_ter;UMPK5,0,1,26,23
DOLP_ter;UMPtr,0,2,26,22
DOLP_ter;UPP3S,0,1,26,23
DOLP_ter;UPPDC1,0,1,26,23
DOLP_ter;UROLACer,1,0,25,24
DOPABMO;GF6PTA,0,1,26,23
DOPABMO;H2Otg,0,1,26,23
DOPABMO;Htg,0,1,26,23
DOPABMO;KCC2t,0,1,26,23
DOPABMO;MAN1PT2,0,2,26,22
DOPABMO;MAN6PI,0,2,26,22
DOPABMO;NDP7g,0,1,26,23
DOPABMO;PItg,0,1,26,23
DOPABMO;PMANM,0,2,26,22
DOPABMO;PYRAKGte,1,0,25,24
DOPABMO;PYRFORte,1,0,25,24
DOPABMO;UGLCNACtg,0,1,26,23
DOPAMT;AKGtn,2,0,24,24
DOPAMT;CO2tn,2,0,24,24
DOPAMT;FALDtn,2,0,24,24
DOPAMT;MEOHt2,1,0,25,24
DOPAMT;O2tn,2,0,24,24
DPCOAK;ARTFR42,1,3,25,21
DPCOAK;FADFADH2tm,0,1,26,23
DPCOAK;FADRx2,0,1,26,23
DPCOAK;FAE180,1,3,25,21
DPCOAK;FSERterg,1,0,25,24
DPCOAK;G12MT1,1,0,25,24
DPCOAK;G12MT2,1,0,25,24
DPCOAK;G13MT,1,0,25,24
DPCOAK;G16MT,1,0,25,24
DPCOAK;GALU,1,0,25,24
DPCOAK;GDPFPOFTr,1,0,25,24
DPCOAK;GDPFUCtr,1,0,25,24
DPCOAK;GDPtr,1,0,25,24
DPCOAK;GF6PTA,1,0,25,24
DPCOAK;GFUCSx,1,0,25,24
DPCOAK;GLCNACPT,1,0,25,24
DPCOAK;GLCNACT,1,0,25,24
DPCOAK;GLCter,1,0,25,24
DPCOAK;GMAND,1,0,25,24
DPCOAK;GMPtr,1,0,25,24
DPCOAK;GNOFPGALTg,1,0,25,24
DPCOAK;H2Otg,1,0,25,24
DPCOAK;H2Otly,1,0,25,24
DPCOAK;HACD180,1,3,25,21
DPCOAK;HEX16,1,0,25,24
DPCOAK;HSD180,1,3,25,21
DPCOAK;HSD3B11,1,0,25,24
DPCOAK;Htg,1,0,25,24
DPCOAK;M1316Mg,1,0,25,24
DPCOAK;M13N2Tg,1,0,25,24
DPCOAK;M4MPDOL_ter,1,0,25,24
DPCOAK;M7MASNBterg,1,0,25,24
DPCOAK;MALCOAMT,1,3,25,21
DPCOAK;MALCOAMTr,1,3,25,21
DPCOAK;MAN1PT2,1,0,25,24
DPCOAK;MAN6PI,1,0,25,24
DPCOAK;MANter,1,0,25,24
DPCOAK;MANtg,1,0,25,24
DPCOAK;MANtly,1,0,25,24
DPCOAK;MG1er,1,0,25,24
DPCOAK;MG2er,1,0,25,24
DPCOAK;MG3er,1,0,25,24
DPCOAK;MM5cg,1,0,25,24
DPCOAK;MM6B2g,1,0,25,24
DPCOAK;MM7B2g,1,0,25,24
DPCOAK;MM8Ber,1,0,25,24
DPCOAK;NDP7g,1,0,25,24
DPCOAK;OCDE9ECOAtr,0,3,26,21
DPCOAK;OFPGLCNACTg,1,0,25,24
DPCOAK;P45011A1m,1,0,25,24
DPCOAK;PGMT,1,0,25,24
DPCOAK;PIter,1,0,25,24
DPCOAK;PItg,1,0,25,24
DPCOAK;PMANM,1,0,25,24
DPCOAK;PRGNLONEtm,1,0,25,24
DPCOAK;PRGSTRNt,1,0,25,24
DPCOAK;RTOT4,0,1,26,23
DPCOAK;ST6GALGNFTg,1,0,25,24
DPCOAK;TECR180,1,3,25,21
DPCOAK;UAGDP,1,0,25,24
DPCOAK;UDPDOLPT,1,0,25,24
DPCOAK;UDPG4E,1,0,25,24
DPCOAK;UDPGALtg,1,0,25,24
DPCOAK;UGLCNACtg,1,0,25,24
DPCOAK;UMPK5,0,1,26,23
DPHMBDCm;AKGtn,0,1,26,23
DPHMBDCm;CO2tn,0,1,26,23
DPHMBDCm;FALDtn,0,1,26,23
DPHMBDCm;GLUt2m,1,0,25,24
DPHMBDCm;HMGDH,0,1,26,23
DPHMBDCm;HMGS,0,1,26,23
DPHMBDCm;MTHFR3x,1,0,25,24
DPHMBDCm;PIMALtm,1,0,25,24
DPHMBDCm;SFGTH,0,1,26,23
DPHMBDCm;SO4AKGtm,1,0,25,24
DPHMBDCm;SO4MALtm,1,0,25,24
DPHMBDCm;THBPT4ACAMDASE,1,0,25,24
DPHMBDCm;THFtm,1,0,25,24
DPHMBDCm;THRA,1,0,25,24
DPHMBDCm;TYR3MO2,1,0,25,24
DPPS;AKGtn,0,1,26,23
DPPS;CO2tn,0,1,26,23
DPPS;FALDtn,0,1,26,23
DPPS;GLUt2m,1,0,25,24
DPPS;HMGDH,0,1,26,23
DPPS;HMGS,0,1,26,23
DPPS;MTHFR3x,1,0,25,24
DPPS;PIMALtm,1,0,25,24
DPPS;SFGTH,0,1,26,23
DPPS;SO4AKGtm,1,0,25,24
DPPS;SO4MALtm,1,0,25,24
DPPS;THBPT4ACAMDASE,1,0,25,24
DPPS;THFtm,1,0,25,24
DPPS;THRA,1,0,25,24
DPPS;TYR3MO2,1,0,25,24
DRIBt;GLUDxm,1,0,25,24
DRIBt;RU5Ptr,1,0,25,24
DRPA;FBA,5,1,21,23
DRPA;FBA3,0,1,26,23
DRPA;GLUDxm,2,1,24,23
DRPA;GLYt2r,1,0,25,24
DRPA;GTHOm,1,0,25,24
DRPA;GTHPm,1,0,25,24
DRPA;H2O2tm,1,0,25,24
DRPA;H2Otm,1,1,25,23
DRPA;NDPK1,0,4,26,20
DRPA;PFK,4,1,22,23
DRPA;PFK2,1,0,25,24
DRPA;PFK_3,0,1,26,23
DRPA;PYK6,1,2,25,22
DRPA;RPE,0,1,26,23
DRPA;RU5Ptr,0,1,26,23
DRPA;THFtm,3,2,23,22
DRPA;THRA,9,4,17,20
DRPA;TKT1,0,1,26,23
DRPA;TKT2,0,1,26,23
DTMPtm;GALU,0,1,26,23
DTMPtm;GTPGDPtm,0,1,26,23
DTMPtm;H2Otm,0,1,26,23
DTMPtm;PGMT,0,1,26,23
DTMPtm;PIt2m_2,0,1,26,23
DTTPDPm;GTPGDPtm,0,1,26,23
DTTPDPm;H2Otm,0,1,26,23
DUMPtm;GPAM_hs,0,1,26,23
DURAD;GLYt2r,1,0,25,24
DURAD;H2Otm,3,0,23,24
DURAD;HCO3E,1,0,25,24
DURAD;HCO3Em,1,0,25,24
DURAD;HCO3tm,1,0,25,24
DURAD;NDPK6,1,0,25,24
DURAD;PYNP2r,1,0,25,24
DURAD;RU5Ptr,1,0,25,24
DURAD;THFtm,1,0,25,24
DURAD;THRA,1,0,25,24
DURAD;URIK4,1,0,25,24
DURIPP;FBA,5,1,21,23
DURIPP;FBA3,0,1,26,23
DURIPP;GLUDxm,2,0,24,24
DURIPP;GLYt2r,1,0,25,24
DURIPP;GTHOm,1,0,25,24
DURIPP;GTHPm,1,0,25,24
DURIPP;H2O2tm,1,0,25,24
DURIPP;H2Otm,1,0,25,24
DURIPP;PFK,4,1,22,23
DURIPP;PFK2,1,0,25,24
DURIPP;PFK_3,0,1,26,23
DURIPP;RPE,0,1,26,23
DURIPP;RU5Ptr,1,1,25,23
DURIPP;THFtm,2,1,24,23
DURIPP;THRA,8,2,18,22
DURIPP;TKT1,0,1,26,23
DURIPP;TKT2,0,1,26,23
DUTCP;GPAM_hs,0,1,26,23
DUTCP;PPItn,4,1,22,23
DUTPDPm;GPAM_hs,0,1,26,23
EAR180y;FA160ACPH,1,0,25,24
EBP2r;ETHMALACc,0,1,26,23
EBP2r;ETHMALACte,0,1,26,23
EBP2r;ETHMALCOAc,0,1,26,23
EBP2r;FACOAL100im,0,1,26,23
EBP2r;FADFADH2tm,0,1,26,23
EBP2r;FADRx2,0,1,26,23
EBP2r;GHMT2rm,0,1,26,23
EBP2r;GLYtm,0,1,26,23
EBP2r;MTHFCm,0,1,26,23
EBP2r;MTHFDm,0,1,26,23
EBP2r;PPItm,0,1,26,23
EBP2r;SERTm,0,1,26,23
EBP2r;TTDCPT1,0,1,26,23
EBP2r;TTDCPT2,0,1,26,23
EBP2r;TTDCRNt,0,1,26,23
ECOAH1m;GLUt2m,0,1,26,23
ECOAH1m;LDH_L,0,1,26,23
ECOAH1m;LDH_Lm,0,1,26,23
ECOAH1m;L_LACtm,0,1,26,23
ENGASEly;GLACter,1,0,25,24
ENGASEly;GLCURter,1,0,25,24
ENGASEly;GLCURtly,1,0,25,24
ENGASEly;GLRASE,1,0,25,24
ENGASEly;GULLACter,1,0,25,24
ENGASEly;GULOer,1,0,25,24
ENGASEly;H2O2ter,1,0,25,24
ENGASEly;HAS1,1,0,25,24
ENGASEly;HAS2,1,0,25,24
ENGASEly;HAtly,1,0,25,24
ENGASEly;HYAL,1,0,25,24
ENGASEly;UDPGD,1,0,25,24
ENGASEly;UMPK5,0,1,26,23
ENGASEly;UROLACer,1,0,25,24
ENO;GLUDxm,0,1,26,23
ENO;ICDHyr,0,1,26,23
ENO;ITCOALm,0,1,26,23
ENO;LDH_L,0,1,26,23
ENO;LDH_Lm,0,1,26,23
ENO;L_LACtm,0,1,26,23
ENO;NDPK1,0,1,26,23
ENO;NDPK2,0,1,26,23
ENO;NDPK3,0,1,26,23
ENO;NDPK8,3,1,23,23
ENO;NH4tm,0,1,26,23
ENO;NQO2,0,1,26,23
ENO;O2t,0,1,26,23
ENO;OXALSUCCCL,0,1,26,23
ENO;PIt2m_2,0,1,26,23
ENO;PROGLUtm,0,1,26,23
ENO;PROtm,0,1,26,23
ENO;TPI,4,1,22,23
ENO;VALTAm,0,1,26,23
ENO;VALt5m,0,1,26,23
ENO;q10h2tc,0,1,26,23
ENO;q10tm,0,1,26,23
ESTRADIOLtr;FCYTOB5OXRr,0,1,26,23
ESTRADIOLtr;H2Oter,0,1,26,23
ESTRADIOLtr;Htr,0,2,26,22
ESTRONEtr;FCYTOB5OXRr,0,1,26,23
ESTRONEtr;H2Oter,0,1,26,23
ESTRONEtr;Htr,0,2,26,22
ETHMALACc;FUMm,0,1,26,23
ETHMALACc;GTHRDt,0,1,26,23
ETHMALACc;H2O2t,0,1,26,23
ETHMALACc;H2Otm,0,1,26,23
ETHMALACc;HCO3Ee,0,1,26,23
ETHMALACc;HCO3Em,0,2,26,22
ETHMALACc;Htr,0,2,26,22
ETHMALACc;ILEOX,0,1,26,23
ETHMALACc;ILETA,0,1,26,23
ETHMALACc;LEUTA,0,2,26,22
ETHMALACc;LSTO2r,0,2,26,22
ETHMALACc;MCCCm,0,2,26,22
ETHMALACc;METOX,0,1,26,23
ETHMALACc;MGCHrm,0,2,26,22
ETHMALACc;MOD_3mhop,0,2,26,22
ETHMALACc;PHEOX,0,1,26,23
ETHMALACc;PHETA1,0,1,26,23
ETHMALACc;PIGTHRDLtm,0,1,26,23
ETHMALACc;PIMALtm,0,1,26,23
ETHMALACc;PVD3,0,3,26,21
ETHMALACc;PYRtm,0,1,26,23
ETHMALACc;SO3AKGtm,0,1,26,23
ETHMALACc;SO3MALtm,0,1,26,23
ETHMALACc;UNK3,0,1,26,23
ETHMALACc;VD3,0,3,26,21
ETHMALACc;VITD3Hm,0,1,26,23
ETHMALACc;VITD3tm,0,1,26,23
ETHMALACte;FUMm,0,1,26,23
ETHMALACte;GTHRDt,0,1,26,23
ETHMALACte;H2O2t,0,1,26,23
ETHMALACte;H2Otm,0,1,26,23
ETHMALACte;HCO3Ee,0,1,26,23
ETHMALACte;HCO3Em,0,2,26,22
ETHMALACte;Htr,0,2,26,22
ETHMALACte;ILEOX,0,1,26,23
ETHMALACte;ILETA,0,1,26,23
ETHMALACte;LEUTA,0,2,26,22
ETHMALACte;LSTO2r,0,2,26,22
ETHMALACte;MCCCm,0,2,26,22
ETHMALACte;METOX,0,1,26,23
ETHMALACte;MGCHrm,0,2,26,22
ETHMALACte;MOD_3mhop,0,2,26,22
ETHMALACte;PHEOX,0,1,26,23
ETHMALACte;PHETA1,0,1,26,23
ETHMALACte;PIGTHRDLtm,0,1,26,23
ETHMALACte;PIMALtm,0,1,26,23
ETHMALACte;PVD3,0,3,26,21
ETHMALACte;PYRtm,0,1,26,23
ETHMALACte;SO3AKGtm,0,1,26,23
ETHMALACte;SO3MALtm,0,1,26,23
ETHMALACte;UNK3,0,1,26,23
ETHMALACte;VD3,0,3,26,21
ETHMALACte;VITD3Hm,0,1,26,23
ETHMALACte;VITD3tm,0,1,26,23
ETHMALCOAc;FUMm,0,1,26,23
ETHMALCOAc;GTHRDt,0,1,26,23
ETHMALCOAc;H2O2t,0,1,26,23
ETHMALCOAc;H2Otm,0,1,26,23
ETHMALCOAc;HCO3Ee,0,1,26,23
ETHMALCOAc;HCO3Em,0,2,26,22
ETHMALCOAc;Htr,0,2,26,22
ETHMALCOAc;ILEOX,0,1,26,23
ETHMALCOAc;ILETA,0,1,26,23
ETHMALCOAc;LEUTA,0,2,26,22
ETHMALCOAc;LSTO2r,0,2,26,22
ETHMALCOAc;MCCCm,0,2,26,22
ETHMALCOAc;METOX,0,1,26,23
ETHMALCOAc;MGCHrm,0,2,26,22
ETHMALCOAc;MOD_3mhop,0,2,26,22
ETHMALCOAc;PHEOX,0,1,26,23
ETHMALCOAc;PHETA1,0,1,26,23
ETHMALCOAc;PIGTHRDLtm,0,1,26,23
ETHMALCOAc;PIMALtm,0,1,26,23
ETHMALCOAc;PVD3,0,3,26,21
ETHMALCOAc;PYRtm,0,1,26,23
ETHMALCOAc;SO3AKGtm,0,1,26,23
ETHMALCOAc;SO3MALtm,0,1,26,23
ETHMALCOAc;UNK3,0,1,26,23
ETHMALCOAc;VD3,0,3,26,21
ETHMALCOAc;VITD3Hm,0,1,26,23
ETHMALCOAc;VITD3tm,0,1,26,23
ETHP;NH4tm,0,1,26,23
ETHP;OCBTm,0,1,26,23
ETHP;PE_HStm,3,3,23,21
ETHP;PSDm_hs,2,3,24,21
ETHP;PSFLIPm,2,3,24,21
ETHP;UREAt,0,1,26,23
ETHP;UREAtm,0,1,26,23
ETHPL;NMNS,0,1,26,23
ETHPL;THRA,1,3,25,21
F1PGT;GLACter,1,0,25,24
F1PGT;GLCURter,1,0,25,24
F1PGT;GLCURtly,1,0,25,24
F1PGT;GLRASE,1,0,25,24
F1PGT;GULLACter,1,0,25,24
F1PGT;GULOer,1,0,25,24
F1PGT;H2O2ter,1,0,25,24
F1PGT;HAS1,1,0,25,24
F1PGT;HAS2,1,0,25,24
F1PGT;HAtly,1,0,25,24
F1PGT;HYAL,1,0,25,24
F1PGT;UDPGD,1,0,25,24
F1PGT;UROLACer,1,0,25,24
F6T2g;KCC2t,0,1,26,23
F6T2g;UMPK5,0,1,26,23
F6T3g;GLACter,1,0,25,24
F6T3g;GLCURter,1,0,25,24
F6T3g;GLCURtly,1,0,25,24
F6T3g;GLRASE,1,0,25,24
F6T3g;GULLACter,1,0,25,24
F6T3g;GULOer,1,0,25,24
F6T3g;H2O2ter,1,0,25,24
F6T3g;HAS1,1,0,25,24
F6T3g;HAS2,1,0,25,24
F6T3g;HAtly,1,0,25,24
F6T3g;HYAL,1,0,25,24
F6T3g;NDPK8,1,0,25,24
F6T3g;PPItm,1,0,25,24
F6T3g;TPI,1,0,25,24
F6T3g;UDPGD,1,0,25,24
F6T3g;UROLACer,1,0,25,24
FA140ACPH;FA160ACPH,1,0,25,24
FA160ACPH;ARTFR13,1,0,25,24
FA160ACPH;ARTFR31,1,0,25,24
FA160ACPH;ARTPLM1,1,0,25,24
FA160ACPH;FA180ACPH,1,0,25,24
FA160ACPH;FACOAL140i,1,0,25,24
FA160ACPH;FACOAL180i,1,0,25,24
FA160ACPH;RTOT1,1,0,25,24
FA160ACPH;RTOT3,1,0,25,24
FA40ACPH;H2Otm,0,1,26,23
FACOAL100im;FUMm,0,1,26,23
FACOAL100im;H2O2t,0,1,26,23
FACOAL100im;HCO3Em,0,2,26,22
FACOAL100im;Htr,0,1,26,23
FACOAL100im;ILEOX,0,1,26,23
FACOAL100im;ILETA,0,1,26,23
FACOAL100im;LEUTA,0,2,26,22
FACOAL100im;LSTO2r,0,2,26,22
FACOAL100im;MCCCm,0,2,26,22
FACOAL100im;METOX,0,1,26,23
FACOAL100im;MGCHrm,0,2,26,22
FACOAL100im;MOD_3mhop,0,2,26,22
FACOAL100im;PHEOX,0,1,26,23
FACOAL100im;PHETA1,0,1,26,23
FACOAL100im;PVD3,0,3,26,21
FACOAL100im;PYRtm,0,1,26,23
FACOAL100im;UNK3,0,1,26,23
FACOAL100im;VD3,0,3,26,21
FACOAL100im;VITD3Hm,0,1,26,23
FACOAL100im;VITD3tm,0,1,26,23
FACOAL161;PLMCOAPTr,1,0,25,24
FACOAL181i;OCDE9ECOAtr,1,0,25,24
FACOAL181i;PIter,1,0,25,24
FACOAL40im;H2Otm,0,1,26,23
FADFADH2tm;H2Otm,1,0,25,24
FADFADH2tm;LSTO2r,0,2,26,22
FADFADH2tm;MTHFDm,0,1,26,23
FADFADH2tm;PNTK,0,1,26,23
FADFADH2tm;PNTOte,0,1,26,23
FADFADH2tm;PPCDC,0,1,26,23
FADFADH2tm;PPNCL2,0,1,26,23
FADFADH2tm;PTPAT,0,1,26,23
FADFADH2tm;PVD3,0,2,26,22
FADFADH2tm;VD3,0,2,26,22
FADFADH2tm;VITD3Hm,0,1,26,23
FADFADH2tm;VITD3tm,0,1,26,23
FADH2ETC;ARTFR12,1,0,25,24
FADH2ETC;FCYTOB5OXRyr,0,1,26,23
FADH2ETC;H2Otm,1,2,25,22
FADH2ETC;NAtm,0,1,26,23
FADH2ETC;PIATPLtm,0,1,26,23
FADH2ETC;PLMCOAPTr,1,0,25,24
FADH2ETC;PPItm,0,1,26,23
FADRx2;H2Otm,1,0,25,24
FADRx2;LSTO2r,0,2,26,22
FADRx2;MTHFDm,0,1,26,23
FADRx2;PNTK,0,1,26,23
FADRx2;PNTOte,0,1,26,23
FADRx2;PPCDC,0,1,26,23
FADRx2;PPNCL2,0,1,26,23
FADRx2;PTPAT,0,1,26,23
FADRx2;PVD3,0,2,26,22
FADRx2;VD3,0,2,26,22
FADRx2;VITD3Hm,0,1,26,23
FADRx2;VITD3tm,0,1,26,23
FAE180;ARTFR12,0,1,26,23
FAE180;ARTFR33,0,1,26,23
FAE180;ARTFR41,1,2,25,22
FAE180;FAE181,0,1,26,23
FAE180;H2Oter,2,0,24,24
FAE180;H2Otp,1,0,25,24
FAE180;HACD181,0,1,26,23
FAE180;HSD181,0,1,26,23
FAE180;Htr,1,1,25,23
FAE180;OCTD11ECOAtr,0,1,26,23
FAE180;PLMCOAPTr,1,3,25,21
FAE180;PNTK,1,3,25,21
FAE180;PNTOt1,0,2,26,22
FAE180;PNTOte,1,1,25,23
FAE180;PPCDC,1,3,25,21
FAE180;PPNCL2,1,2,25,22
FAE180;PPNCL3,0,1,26,23
FAE180;PRDX,1,0,25,24
FAE180;PTPAT,1,3,25,21
FAE180;RTOT3,0,1,26,23
FAE180;TECR181,0,1,26,23
FAE181;HACD180,0,1,26,23
FAE181;HSD180,0,1,26,23
FAE181;TECR180,0,1,26,23
FAE200;GLCOASYNT,1,0,25,24
FAE200;L2AADPL2AADP6SAtm,1,0,25,24
FAE200;LYSCITRt2m,1,0,25,24
FAE200;OXOADLR,1,0,25,24
FAE200;PIMALtm,1,0,25,24
FAE200;PROGLUtm,1,0,25,24
FAE200;PROtm,1,0,25,24
FAE200;PYRAKGte,1,0,25,24
FAE200;SACCD4m,1,0,25,24
FAE200;SO3AKGtm,1,0,25,24
FAE200;SO3MALtm,1,0,25,24
FAE200;TD2GLTRCOAm,1,0,25,24
FAE201;ARTFR32,0,1,26,23
FAE201;ARTFR42,1,4,25,20
FAE201;H2Oter,2,0,24,24
FAE201;H2Otp,1,0,25,24
FAE201;Htr,2,2,24,22
FAE201;OCDE9ECOAtr,1,5,25,19
FAE201;PRDX,1,0,25,24
FAE201;RTOT3,0,1,26,23
FAE220;GLCOASYNT,1,0,25,24
FAE220;L2AADPL2AADP6SAtm,1,0,25,24
FAE220;LYSCITRt2m,1,0,25,24
FAE220;OXOADLR,1,0,25,24
FAE220;PIMALtm,1,0,25,24
FAE220;PROGLUtm,1,0,25,24
FAE220;PROtm,1,0,25,24
FAE220;PYRAKGte,1,0,25,24
FAE220;SACCD4m,1,0,25,24
FAE220;SO3AKGtm,1,0,25,24
FAE220;SO3MALtm,1,0,25,24
FAE220;TD2GLTRCOAm,1,0,25,24
FAE221;ARTFR32,0,1,26,23
FAE221;ARTFR42,1,4,25,20
FAE221;H2Oter,2,0,24,24
FAE221;H2Otp,1,0,25,24
FAE221;Htr,2,2,24,22
FAE221;OCDE9ECOAtr,1,5,25,19
FAE221;PRDX,1,0,25,24
FAE221;RTOT3,0,1,26,23
FAE240;GLCOASYNT,1,0,25,24
FAE240;L2AADPL2AADP6SAtm,1,0,25,24
FAE240;LYSCITRt2m,1,0,25,24
FAE240;OXOADLR,1,0,25,24
FAE240;PIMALtm,1,0,25,24
FAE240;PROGLUtm,1,0,25,24
FAE240;PROtm,1,0,25,24
FAE240;PYRAKGte,1,0,25,24
FAE240;SACCD4m,1,0,25,24
FAE240;SO3AKGtm,1,0,25,24
FAE240;SO3MALtm,1,0,25,24
FAE240;TD2GLTRCOAm,1,0,25,24
FAE241;ARTFR32,0,1,26,23
FAE241;ARTFR42,1,4,25,20
FAE241;H2Oter,2,0,24,24
FAE241;H2Otp,1,0,25,24
FAE241;Htr,2,2,24,22
FAE241;OCDE9ECOAtr,1,5,25,19
FAE241;PRDX,1,0,25,24
FAE241;RTOT3,0,1,26,23
FAE260;GLCOASYNT,1,0,25,24
FAE260;L2AADPL2AADP6SAtm,1,0,25,24
FAE260;LYSCITRt2m,1,0,25,24
FAE260;OXOADLR,1,0,25,24
FAE260;PIMALtm,1,0,25,24
FAE260;PROGLUtm,1,0,25,24
FAE260;PROtm,1,0,25,24
FAE260;PYRAKGte,1,0,25,24
FAE260;SACCD4m,1,0,25,24
FAE260;SO3AKGtm,1,0,25,24
FAE260;SO3MALtm,1,0,25,24
FAE260;TD2GLTRCOAm,1,0,25,24
FALDH;PSDm_hs,0,1,26,23
FALDH;PSFLIPm,0,1,26,23
FALDtly;GTHP,0,1,26,23
FALDtly;H2Otly,2,0,24,24
FALDtly;IDHPOXOX2b,1,0,25,24
FALDtly;IDHPOXOX4,1,0,25,24
FALDtly;IDHPOXOXb,1,0,25,24
FALDtly;It,1,0,25,24
FALDtly;LCYSTCBOXL,1,0,25,24
FALDtly;SADT,1,0,25,24
FALDtly;TAURCHAe,1,0,25,24
FALDtly;THYPX,1,0,25,24
FALDtly;THYST,1,0,25,24
FALDtm;H2Oter,2,0,24,24
FALDtm;MTHFC,1,1,25,23
FALDtm;MTHFD,1,0,25,24
FALDtm;MTHFD2,0,1,26,23
FALDtn;H3K9MET_2,0,1,26,23
FALDtn;H3K9MET_3,0,1,26,23
FALDtn;H3K9_synthesis,0,1,26,23
FALDtn;LYStn,0,1,26,23
FALDtn;PE_HStm,0,1,26,23
FALDtn;PIATPLtm,0,1,26,23
FALDtn;PPItm,0,1,26,23
FALDtn;PSDm_hs,0,2,26,22
FALDtn;PSFLIPm,0,2,26,22
FALDtn;PYRAKGte,2,0,24,24
FALDtn;PYRFORte,1,0,25,24
FALDtn;Q10H2e,0,1,26,23
FALDtn;SADT,0,1,26,23
FALDtn;SAMHISTA,0,1,26,23
FALDtn;SO4CLtex,0,1,26,23
FALDtn;T4HCINNMFM,0,1,26,23
FALDtn;TAURCHAe,0,1,26,23
FALDtn;THYPX,0,1,26,23
FALDtn;TRIODTHYt,0,1,26,23
FALDtn;TRPO2,2,0,24,24
FALDtn;TYRDOPO,4,0,22,24
FALDtn;TYRTAm,0,1,26,23
FALDtn;TYRtl,0,1,26,23
FALDtn;peplys_synthesis,0,1,26,23
FALDtn;q10h2tc,0,1,26,23
FALDtx;H2Oter,1,0,25,24
FAR;GLYATm,0,1,26,23
FAR;H2Oter,1,0,25,24
FAR;Htx,1,0,25,24
FAR;PIt7,0,1,26,23
FAR;THR3Dx,0,1,26,23
FBA3;G6PDH2rer,1,0,25,24
FBA3;GNDer,1,0,25,24
FBA3;NMNS,0,1,26,23
FBA3;NTD1,0,1,26,23
FBA3;PFK,5,4,21,20
FBA3;PFK2,1,0,25,24
FBA3;PGI,6,4,20,20
FBA3;PGLer,1,0,25,24
FBA3;PPM2,0,1,26,23
FBA3;PYNP2r,0,1,26,23
FBA3;RPE,1,0,25,24
FBA3;RU5Ptr,1,0,25,24
FBA3;TALA,1,0,25,24
FBA3;TKT1,1,0,25,24
FBA3;TKT2,1,0,25,24
FBA3;TPI,1,1,25,23
FBA3;URIK1,0,1,26,23
FBA;ARTFR41,0,1,26,23
FBA;FBA3,6,4,20,20
FBA;GLCOASYNT,0,1,26,23
FBA;GLUDxm,0,1,26,23
FBA;GLUt2m,0,1,26,23
FBA;H2Oter,1,0,25,24
FBA;HCO3E,2,0,24,24
FBA;Htr,1,0,25,24
FBA;L2AADPL2AADP6SAtm,0,1,26,23
FBA;L_LACtcm,1,0,25,24
FBA;L_LACtm,1,0,25,24
FBA;METAT,1,0,25,24
FBA;NADH2_u10m,1,1,25,23
FBA;NDPK2,1,0,25,24
FBA;NDPK6,1,0,25,24
FBA;NDPK8,1,0,25,24
FBA;OXOADLR,0,1,26,23
FBA;PEPCK,0,1,26,23
FBA;PFK_3,4,4,22,20
FBA;PFK_4,2,0,24,24
FBA;PGI,1,1,25,23
FBA;PIMALtm,0,2,26,22
FBA;PIt2m_2,1,0,25,24
FBA;PLMCOAPTr,0,1,26,23
FBA;PPM,1,1,25,23
FBA;PPM2,5,1,21,23
FBA;PROGLUtm,0,1,26,23
FBA;PROtm,0,1,26,23
FBA;PYNP2r,1,1,25,23
FBA;PYRAKGte,0,1,26,23
FBA;PYRt2r,0,1,26,23
FBA;R5Ptr,4,1,22,23
FBA;RPE,6,4,20,20
FBA;RPIr,4,1,22,23
FBA;RTOT4,0,1,26,23
FBA;RU5Ptr,4,2,22,22
FBA;SACCD4m,0,1,26,23
FBA;SO3AKGtm,0,1,26,23
FBA;SO3MALtm,0,1,26,23
FBA;SO4AKGtm,0,1,26,23
FBA;SO4MALtm,0,1,26,23
FBA;TD2GLTRCOAm,0,1,26,23
FBA;TKT1,6,4,20,20
FBA;TKT2,6,4,20,20
FBA;TPI,6,2,20,22
FBA;URIK4,1,0,25,24
FBA;URPT,4,0,22,24
FCLTm;G12MT1,0,1,26,23
FCLTm;G12MT2,0,1,26,23
FCLTm;G13MT,0,1,26,23
FCLTm;G16MT,0,1,26,23
FCLTm;GLCNACPT,0,1,26,23
FCLTm;GLCNACT,0,1,26,23
FCLTm;GLCter,0,1,26,23
FCLTm;GLYC3Ptmc,0,1,26,23
FCLTm;H2Otg,0,2,26,22
FCLTm;H2Otm,1,0,25,24
FCLTm;HEX4,0,1,26,23
FCLTm;Htg,0,2,26,22
FCLTm;ITCOALm,0,1,26,23
FCLTm;LEUTAm,0,1,26,23
FCLTm;LEUt5m,0,1,26,23
FCLTm;M13N2Tg,0,1,26,23
FCLTm;M4MPDOL_ter,0,1,26,23
FCLTm;M8MASNterg,0,1,26,23
FCLTm;MAL_Lte,1,0,25,24
FCLTm;MAN1PT2,0,1,26,23
FCLTm;MAN6PI,0,1,26,23
FCLTm;MANtg,0,1,26,23
FCLTm;MDHm,0,1,26,23
FCLTm;MG1er,0,1,26,23
FCLTm;MG2er,0,1,26,23
FCLTm;MG3er,0,1,26,23
FCLTm;MM5ag,0,1,26,23
FCLTm;MM6bg,0,1,26,23
FCLTm;MM7Cag,0,1,26,23
FCLTm;MM8Ag,0,1,26,23
FCLTm;MTHFR3x,1,0,25,24
FCLTm;NDP7g,0,2,26,22
FCLTm;PCm,0,1,26,23
FCLTm;PEPCKm,0,1,26,23
FCLTm;PIt2m_2,1,0,25,24
FCLTm;PItg,0,2,26,22
FCLTm;PMANM,0,1,26,23
FCLTm;PYRt2r,0,1,26,23
FCLTm;SUCOAS1m,0,1,26,23
FCLTm;THBPT4ACAMDASE,1,0,25,24
FCLTm;THRA,0,1,26,23
FCLTm;TYR3MO2,1,0,25,24
FCLTm;UAGDP,0,1,26,23
FCLTm;UDPDOLPT,0,1,26,23
FCLTm;UGLCNACtg,0,1,26,23
FCYTOB5OXRr;FCYTOB5OXRyr,0,2,26,22
FCYTOB5OXRr;HSD17B1,0,1,26,23
FCYTOB5OXRr;HSD17B8r,0,1,26,23
FCYTOB5OXRr;Htr,0,1,26,23
FCYTOB5OXRyr;NADHtru,0,2,26,22
FCYTOB5OXRyr;NADtru,0,2,26,22
FE2t;PIt2m_2,1,0,25,24
FE2tm;G12MT1,0,1,26,23
FE2tm;G12MT2,0,1,26,23
FE2tm;G13MT,0,1,26,23
FE2tm;G16MT,0,1,26,23
FE2tm;GLCNACPT,0,1,26,23
FE2tm;GLCNACT,0,1,26,23
FE2tm;GLCter,0,1,26,23
FE2tm;GLYC3Ptmc,0,1,26,23
FE2tm;H2Oter,1,0,25,24
FE2tm;H2Otg,0,2,26,22
FE2tm;H2Otm,1,0,25,24
FE2tm;HCO3E,1,0,25,24
FE2tm;HEX4,0,1,26,23
FE2tm;Htg,0,2,26,22
FE2tm;ITCOALm,0,1,26,23
FE2tm;LEUTAm,0,1,26,23
FE2tm;LEUt5m,0,1,26,23
FE2tm;M13N2Tg,0,1,26,23
FE2tm;M4MPDOL_ter,0,1,26,23
FE2tm;M8MASNterg,0,1,26,23
FE2tm;MAL_Lte,1,0,25,24
FE2tm;MAN1PT2,0,1,26,23
FE2tm;MAN6PI,0,1,26,23
FE2tm;MANtg,0,1,26,23
FE2tm;MDHm,0,1,26,23
FE2tm;MG1er,0,1,26,23
FE2tm;MG2er,0,1,26,23
FE2tm;MG3er,0,1,26,23
FE2tm;MM5ag,0,1,26,23
FE2tm;MM6bg,0,1,26,23
FE2tm;MM7Cag,0,1,26,23
FE2tm;MM8Ag,0,1,26,23
FE2tm;MTHFR3x,1,0,25,24
FE2tm;NACDe,1,0,25,24
FE2tm;NACPRT,1,0,25,24
FE2tm;NCAMDe,1,0,25,24
FE2tm;NDP7g,0,2,26,22
FE2tm;NMNDA,1,0,25,24
FE2tm;NMNS,1,0,25,24
FE2tm;PCm,0,1,26,23
FE2tm;PEPCKm,0,1,26,23
FE2tm;PIt2m_2,1,0,25,24
FE2tm;PItg,0,2,26,22
FE2tm;PMANM,0,1,26,23
FE2tm;PPItm,1,0,25,24
FE2tm;PYRt2r,0,1,26,23
FE2tm;SUCOAS1m,0,1,26,23
FE2tm;THBPT4ACAMDASE,1,0,25,24
FE2tm;THRA,0,1,26,23
FE2tm;TYR3MO2,1,0,25,24
FE2tm;UAGDP,0,1,26,23
FE2tm;UDPDOLPT,0,1,26,23
FE2tm;UGLCNACtg,0,1,26,23
FE3tm;H2Oter,1,0,25,24
FE3tm;HCO3E,1,0,25,24
FE3tm;NACDe,1,0,25,24
FE3tm;NACPRT,1,0,25,24
FE3tm;NCAMDe,1,0,25,24
FE3tm;NMNDA,1,0,25,24
FE3tm;NMNS,1,0,25,24
FE3tm;PPItm,1,0,25,24
FECR;H2Oter,1,0,25,24
FECR;HCO3E,1,0,25,24
FECR;NACDe,1,0,25,24
FECR;NACPRT,1,0,25,24
FECR;NCAMDe,1,0,25,24
FECR;NMNDA,1,0,25,24
FECR;NMNS,1,0,25,24
FECR;PPItm,1,0,25,24
FK;GLACter,1,0,25,24
FK;GLCURter,1,0,25,24
FK;GLCURtly,1,0,25,24
FK;GLRASE,1,0,25,24
FK;GULLACter,1,0,25,24
FK;GULOer,1,0,25,24
FK;H2O2ter,1,0,25,24
FK;HAS1,1,0,25,24
FK;HAS2,1,0,25,24
FK;HAtly,1,0,25,24
FK;HYAL,1,0,25,24
FK;UDPGD,1,0,25,24
FK;UROLACer,1,0,25,24
FKYNH;AKGtn,2,0,24,24
FKYNH;CO2tn,2,0,24,24
FKYNH;FALDtn,2,0,24,24
FKYNH;GTPGDPtm,1,0,25,24
FKYNH;H2Oter,1,0,25,24
FKYNH;HCO3E,1,0,25,24
FKYNH;HMGDH,1,0,25,24
FKYNH;HMGS,1,0,25,24
FKYNH;ILETA,1,0,25,24
FKYNH;MEOHt2,1,0,25,24
FKYNH;METAT,2,0,24,24
FKYNH;METDECARc,1,1,25,23
FKYNH;METTRANSc,1,1,25,23
FKYNH;NACDe,1,0,25,24
FKYNH;NACPRT,1,0,25,24
FKYNH;NCAMDe,1,0,25,24
FKYNH;NDP7er,1,0,25,24
FKYNH;NMNDA,1,0,25,24
FKYNH;NMNS,2,0,24,24
FKYNH;O2tn,2,0,24,24
FKYNH;PPBNGS,1,0,25,24
FKYNH;PPItm,1,0,25,24
FKYNH;PPPGOm,1,0,25,24
FKYNH;PROAKGOX1m,1,0,25,24
FKYNH;SFGTH,1,0,25,24
FKYNH;SUCOAS1m,1,0,25,24
FKYNH;UDPGCURtr,1,0,25,24
FKYNH;UDPGD,1,0,25,24
FKYNH;UMPtr,1,0,25,24
FOLt2;H2Oter,1,0,25,24
FOLt2;Htr,1,0,25,24
FOLt2;THFtm,1,0,25,24
FOLtm;HPROxm,0,1,26,23
FOLtm;HPROym,0,1,26,23
FOLtm;Htr,0,1,26,23
FOLtm;NADH2_u10m,1,1,25,23
FOLtm;THFtm,0,2,26,22
FORt2m;GHMT2rm,0,1,26,23
FORt2m;GLYtm,0,1,26,23
FORt2m;MTHFCm,0,1,26,23
FORt2m;MTHFDm,0,1,26,23
FORt2m;SERTm,0,1,26,23
FRDPtc;AKGtn,0,1,26,23
FRDPtc;CO2tn,0,1,26,23
FRDPtc;FALDtn,0,1,26,23
FRDPtc;GLUt2m,1,0,25,24
FRDPtc;HMGDH,0,1,26,23
FRDPtc;HMGS,0,1,26,23
FRDPtc;MTHFR3x,1,0,25,24
FRDPtc;PIMALtm,1,0,25,24
FRDPtc;SFGTH,0,1,26,23
FRDPtc;SO4AKGtm,1,0,25,24
FRDPtc;SO4MALtm,1,0,25,24
FRDPtc;THBPT4ACAMDASE,1,0,25,24
FRDPtc;THFtm,1,0,25,24
FRDPtc;THRA,1,0,25,24
FRDPtc;TYR3MO2,1,0,25,24
FSERterg;MAL_Lte,1,0,25,24
FSERterg;PNTK,1,0,25,24
FSERterg;PNTOte,1,0,25,24
FSERterg;PPCDC,1,0,25,24
FSERterg;PPNCL2,1,0,25,24
FSERterg;PTPAT,1,0,25,24
FTCD;GHMT2r,0,7,26,17
FTCD;GHMT2rm,0,1,26,23
FTCD;GLNt4,0,1,26,23
FTCD;GLYtm,0,1,26,23
FTCD;MTHFCm,0,1,26,23
FTCD;MTHFD,0,2,26,22
FTCD;MTHFD2,0,4,26,20
FTCD;MTHFDm,0,1,26,23
FTCD;SERTm,0,1,26,23
FTCD;SERt4,0,3,26,21
FTHFDHm;GLUDym,1,0,25,24
FTHFDHm;H2Oter,1,0,25,24
FTHFLm;GHMT2rm,0,1,26,23
FTHFLm;GLYtm,0,1,26,23
FTHFLm;MTHFCm,0,1,26,23
FTHFLm;MTHFDm,0,1,26,23
FTHFLm;SERTm,0,1,26,23
FTMTm;H2Oter,1,0,25,24
FTMTm;HCO3E,1,0,25,24
FTMTm;NACDe,1,0,25,24
FTMTm;NACPRT,1,0,25,24
FTMTm;NCAMDe,1,0,25,24
FTMTm;NMNDA,1,0,25,24
FTMTm;NMNS,1,0,25,24
FTMTm;PPItm,1,0,25,24
FUCACGALFUCGALACGLCGALGLUSIDEte;MAL_Lte,1,0,25,24
FUCACGALFUCGALACGLCGALGLUSIDEtg;MAL_Lte,1,0,25,24
FUCACNGALACGLCGALGLUSIDEte;TPI,1,0,25,24
FUCACNGALACGLCGALGLUSIDEtg;TPI,1,0,25,24
FUCASEe;UMPK5,0,1,26,23
FUCASEly;GLACter,1,0,25,24
FUCASEly;GLCURter,1,0,25,24
FUCASEly;GLCURtly,1,0,25,24
FUCASEly;GLRASE,1,0,25,24
FUCASEly;GULLACter,1,0,25,24
FUCASEly;GULOer,1,0,25,24
FUCASEly;H2O2ter,1,0,25,24
FUCASEly;HAS1,1,0,25,24
FUCASEly;HAS2,1,0,25,24
FUCASEly;HAtly,1,0,25,24
FUCASEly;HYAL,1,0,25,24
FUCASEly;UDPGD,1,0,25,24
FUCASEly;UROLACer,1,0,25,24
FUCtly;GLACter,1,0,25,24
FUCtly;GLCURter,1,0,25,24
FUCtly;GLCURtly,1,0,25,24
FUCtly;GLRASE,1,0,25,24
FUCtly;GULLACter,1,0,25,24
FUCtly;GULOer,1,0,25,24
FUCtly;H2O2ter,1,0,25,24
FUCtly;HAS1,1,0,25,24
FUCtly;HAS2,1,0,25,24
FUCtly;HAtly,1,0,25,24
FUCtly;HYAL,1,0,25,24
FUCtly;UDPGD,1,0,25,24
FUCtly;UROLACer,1,0,25,24
FUM;FUMMALtm,1,0,25,24
FUM;FUMSUCCtm,1,1,25,23
FUM;FUMm,2,2,24,22
FUM;H2Oter,1,0,25,24
FUM;HCO3E,1,0,25,24
FUM;HCO3tm,1,0,25,24
FUM;Htr,1,0,25,24
FUM;METAT,1,0,25,24
FUM;NADH2_u10m,1,0,25,24
FUM;PROGLUtm,1,0,25,24
FUM;PROtm,1,0,25,24
FUM;PYRtm,1,1,25,23
FUM;THRA,0,1,26,23
FUMMALtm;HPROxm,0,1,26,23
FUMMALtm;HPROym,0,1,26,23
FUMMALtm;MAL_Lte,1,1,25,23
FUMSUCCtm;HPROxm,0,1,26,23
FUMSUCCtm;HPROym,0,1,26,23
FUMSUCCtm;ICITMALtm,0,1,26,23
FUMSUCCtm;MAL_Lte,2,1,24,23
FUMSUCCtm;METOX,1,0,25,24
FUMSUCCtm;UNK3,1,0,25,24
FUMm;ACITLn,0,1,26,23
FUMm;ADPtn,0,1,26,23
FUMm;CITtn,0,1,26,23
FUMm;GLUt2m,0,1,26,23
FUMm;ICITCITtm,0,1,26,23
FUMm;ICITMALtm,0,2,26,22
FUMm;MAL_Lte,1,0,25,24
FUMm;MDHm,0,1,26,23
FUMm;METOX,1,0,25,24
FUMm;OAAtn,0,1,26,23
FUMm;PIMALtm,0,1,26,23
FUMm;PItn,0,1,26,23
FUMm;PPCOACRNtm,0,1,26,23
FUMm;PPCOAtm,0,1,26,23
FUMm;PPItm,0,1,26,23
FUMm;SO3AKGtm,0,1,26,23
FUMm;SO3MALtm,0,1,26,23
FUMm;TTDCPT1,0,1,26,23
FUMm;TTDCPT2,0,1,26,23
FUMm;TTDCRNt,0,1,26,23
FUMm;UNK3,1,0,25,24
FUT121g;MAL_Lte,1,0,25,24
FUT32g;TPI,1,0,25,24
FUT33g;MAL_Lte,1,0,25,24
G12MT1;GALGLUSIDEtg,0,1,26,23
G12MT1;GALGLUSIDEtr,0,1,26,23
G12MT1;GLACter,1,0,25,24
G12MT1;GLCURter,1,0,25,24
G12MT1;GLCURtly,1,0,25,24
G12MT1;GLRASE,1,0,25,24
G12MT1;GLUt2m,0,1,26,23
G12MT1;GULLACter,1,0,25,24
G12MT1;GULOer,1,0,25,24
G12MT1;H2O2ter,1,0,25,24
G12MT1;HAS1,1,0,25,24
G12MT1;HAS2,1,0,25,24
G12MT1;HAtly,1,0,25,24
G12MT1;HMBS,0,1,26,23
G12MT1;HOXG,0,1,26,23
G12MT1;HYAL,1,0,25,24
G12MT1;Htr,1,0,25,24
G12MT1;KCC2t,0,1,26,23
G12MT1;NDP7er,0,2,26,22
G12MT1;NDPK8,1,0,25,24
G12MT1;PFK2,0,1,26,23
G12MT1;PNTK,1,0,25,24
G12MT1;PNTOte,1,0,25,24
G12MT1;PPBNGS,0,1,26,23
G12MT1;PPCDC,1,0,25,24
G12MT1;PPItm,1,0,25,24
G12MT1;PPNCL2,1,0,25,24
G12MT1;PPPG9tm,0,1,26,23
G12MT1;PPPGOm,0,1,26,23
G12MT1;PTPAT,1,0,25,24
G12MT1;TPI,1,0,25,24
G12MT1;UDPG4E,0,1,26,23
G12MT1;UDPGALt2r,0,1,26,23
G12MT1;UDPGALtg,0,1,26,23
G12MT1;UDPGCURtr,0,1,26,23
G12MT1;UDPGD,1,1,25,23
G12MT1;UDPGGPGTr,0,1,26,23
G12MT1;UGCGc,0,1,26,23
G12MT1;UGT1A2r,0,1,26,23
G12MT1;UMPK5,0,1,26,23
G12MT1;UMPtr,0,2,26,22
G12MT1;UPP3S,0,1,26,23
G12MT1;UPPDC1,0,1,26,23
G12MT1;UROLACer,1,0,25,24
G12MT2;GALGLUSIDEtg,0,1,26,23
G12MT2;GALGLUSIDEtr,0,1,26,23
G12MT2;GLACter,1,0,25,24
G12MT2;GLCURter,1,0,25,24
G12MT2;GLCURtly,1,0,25,24
G12MT2;GLRASE,1,0,25,24
G12MT2;GLUt2m,0,1,26,23
G12MT2;GULLACter,1,0,25,24
G12MT2;GULOer,1,0,25,24
G12MT2;H2O2ter,1,0,25,24
G12MT2;HAS1,1,0,25,24
G12MT2;HAS2,1,0,25,24
G12MT2;HAtly,1,0,25,24
G12MT2;HMBS,0,1,26,23
G12MT2;HOXG,0,1,26,23
G12MT2;HYAL,1,0,25,24
G12MT2;Htr,1,0,25,24
G12MT2;KCC2t,0,1,26,23
G12MT2;NDP7er,0,2,26,22
G12MT2;NDPK8,1,0,25,24
G12MT2;PFK2,0,1,26,23
G12MT2;PNTK,1,0,25,24
G12MT2;PNTOte,1,0,25,24
G12MT2;PPBNGS,0,1,26,23
G12MT2;PPCDC,1,0,25,24
G12MT2;PPItm,1,0,25,24
G12MT2;PPNCL2,1,0,25,24
G12MT2;PPPG9tm,0,1,26,23
G12MT2;PPPGOm,0,1,26,23
G12MT2;PTPAT,1,0,25,24
G12MT2;TPI,1,0,25,24
G12MT2;UDPG4E,0,1,26,23
G12MT2;UDPGALt2r,0,1,26,23
G12MT2;UDPGALtg,0,1,26,23
G12MT2;UDPGCURtr,0,1,26,23
G12MT2;UDPGD,1,1,25,23
G12MT2;UDPGGPGTr,0,1,26,23
G12MT2;UGCGc,0,1,26,23
G12MT2;UGT1A2r,0,1,26,23
G12MT2;UMPK5,0,1,26,23
G12MT2;UMPtr,0,2,26,22
G12MT2;UPP3S,0,1,26,23
G12MT2;UPPDC1,0,1,26,23
G12MT2;UROLACer,1,0,25,24
G13MT;GALGLUSIDEtg,0,1,26,23
G13MT;GALGLUSIDEtr,0,1,26,23
G13MT;GLACter,1,0,25,24
G13MT;GLCURter,1,0,25,24
G13MT;GLCURtly,1,0,25,24
G13MT;GLRASE,1,0,25,24
G13MT;GLUt2m,0,1,26,23
G13MT;GULLACter,1,0,25,24
G13MT;GULOer,1,0,25,24
G13MT;H2O2ter,1,0,25,24
G13MT;HAS1,1,0,25,24
G13MT;HAS2,1,0,25,24
G13MT;HAtly,1,0,25,24
G13MT;HMBS,0,1,26,23
G13MT;HOXG,0,1,26,23
G13MT;HYAL,1,0,25,24
G13MT;Htr,1,0,25,24
G13MT;KCC2t,0,1,26,23
G13MT;NDP7er,0,2,26,22
G13MT;NDPK8,1,0,25,24
G13MT;PFK2,0,1,26,23
G13MT;PNTK,1,0,25,24
G13MT;PNTOte,1,0,25,24
G13MT;PPBNGS,0,1,26,23
G13MT;PPCDC,1,0,25,24
G13MT;PPItm,1,0,25,24
G13MT;PPNCL2,1,0,25,24
G13MT;PPPG9tm,0,1,26,23
G13MT;PPPGOm,0,1,26,23
G13MT;PTPAT,1,0,25,24
G13MT;TPI,1,0,25,24
G13MT;UDPG4E,0,1,26,23
G13MT;UDPGALt2r,0,1,26,23
G13MT;UDPGALtg,0,1,26,23
G13MT;UDPGCURtr,0,1,26,23
G13MT;UDPGD,1,1,25,23
G13MT;UDPGGPGTr,0,1,26,23
G13MT;UGCGc,0,1,26,23
G13MT;UGT1A2r,0,1,26,23
G13MT;UMPK5,0,1,26,23
G13MT;UMPtr,0,2,26,22
G13MT;UPP3S,0,1,26,23
G13MT;UPPDC1,0,1,26,23
G13MT;UROLACer,1,0,25,24
G14T10g;KCC2t,0,1,26,23
G14T10g;NDPK8,1,0,25,24
G14T10g;PPItm,1,0,25,24
G14T10g;TPI,1,0,25,24
G14T11g;KCC2t,0,1,26,23
G14T11g;NDPK8,1,0,25,24
G14T11g;PPItm,1,0,25,24
G14T11g;TPI,1,0,25,24
G14T12g;KCC2t,0,1,26,23
G14T12g;NDPK8,1,0,25,24
G14T12g;PPItm,1,0,25,24
G14T12g;TPI,1,0,25,24
G14T13g;KCC2t,0,1,26,23
G14T13g;NDPK8,1,0,25,24
G14T13g;PPItm,1,0,25,24
G14T13g;TPI,1,0,25,24
G14T14g;KCC2t,0,1,26,23
G14T14g;NDPK8,1,0,25,24
G14T14g;PPItm,1,0,25,24
G14T14g;TPI,1,0,25,24
G14T15g;KCC2t,0,1,26,23
G14T15g;NDPK8,1,0,25,24
G14T15g;PPItm,1,0,25,24
G14T15g;TPI,1,0,25,24
G14T16g;KCC2t,0,1,26,23
G14T16g;NDPK8,1,0,25,24
G14T16g;PPItm,1,0,25,24
G14T16g;TPI,1,0,25,24
G14T17g;KCC2t,0,1,26,23
G14T17g;NDPK8,1,0,25,24
G14T17g;PPItm,1,0,25,24
G14T17g;TPI,1,0,25,24
G14T18g;MAN1PT2,0,1,26,23
G14T18g;MAN6PI,0,1,26,23
G14T18g;PMANM,0,1,26,23
G14T19g;MAN1PT2,0,1,26,23
G14T19g;MAN6PI,0,1,26,23
G14T19g;PMANM,0,1,26,23
G14T20g;MAN1PT2,0,1,26,23
G14T20g;MAN6PI,0,1,26,23
G14T20g;PMANM,0,1,26,23
G14T21g;MAN1PT2,0,1,26,23
G14T21g;MAN6PI,0,1,26,23
G14T21g;PMANM,0,1,26,23
G14T6g;KCC2t,0,1,26,23
G14T6g;NDPK8,1,0,25,24
G14T6g;PPItm,1,0,25,24
G14T6g;TPI,1,0,25,24
G14T7g;KCC2t,0,1,26,23
G14T7g;NDPK8,1,0,25,24
G14T7g;PPItm,1,0,25,24
G14T7g;TPI,1,0,25,24
G14T8g;KCC2t,0,1,26,23
G14T8g;NDPK8,1,0,25,24
G14T8g;PPItm,1,0,25,24
G14T8g;TPI,1,0,25,24
G14T9g;KCC2t,0,1,26,23
G14T9g;NDPK8,1,0,25,24
G14T9g;PPItm,1,0,25,24
G14T9g;TPI,1,0,25,24
G14Tg;GLACter,1,0,25,24
G14Tg;GLCURter,1,0,25,24
G14Tg;GLCURtly,1,0,25,24
G14Tg;GLRASE,1,0,25,24
G14Tg;GULLACter,1,0,25,24
G14Tg;GULOer,1,0,25,24
G14Tg;H2O2ter,1,0,25,24
G14Tg;HAS1,1,0,25,24
G14Tg;HAS2,1,0,25,24
G14Tg;HAtly,1,0,25,24
G14Tg;HYAL,1,0,25,24
G14Tg;KCC2t,0,1,26,23
G14Tg;NDPK8,1,0,25,24
G14Tg;PPItm,1,0,25,24
G14Tg;TPI,1,0,25,24
G14Tg;UDPGD,1,0,25,24
G14Tg;UMPK5,0,1,26,23
G14Tg;UROLACer,1,0,25,24
G16MT;GALGLUSIDEtg,0,1,26,23
G16MT;GALGLUSIDEtr,0,1,26,23
G16MT;GLACter,1,0,25,24
G16MT;GLCURter,1,0,25,24
G16MT;GLCURtly,1,0,25,24
G16MT;GLRASE,1,0,25,24
G16MT;GLUt2m,0,1,26,23
G16MT;GULLACter,1,0,25,24
G16MT;GULOer,1,0,25,24
G16MT;H2O2ter,1,0,25,24
G16MT;HAS1,1,0,25,24
G16MT;HAS2,1,0,25,24
G16MT;HAtly,1,0,25,24
G16MT;HMBS,0,1,26,23
G16MT;HOXG,0,1,26,23
G16MT;HYAL,1,0,25,24
G16MT;Htr,1,0,25,24
G16MT;KCC2t,0,1,26,23
G16MT;NDP7er,0,2,26,22
G16MT;NDPK8,1,0,25,24
G16MT;PFK2,0,1,26,23
G16MT;PNTK,1,0,25,24
G16MT;PNTOte,1,0,25,24
G16MT;PPBNGS,0,1,26,23
G16MT;PPCDC,1,0,25,24
G16MT;PPItm,1,0,25,24
G16MT;PPNCL2,1,0,25,24
G16MT;PPPG9tm,0,1,26,23
G16MT;PPPGOm,0,1,26,23
G16MT;PTPAT,1,0,25,24
G16MT;TPI,1,0,25,24
G16MT;UDPG4E,0,1,26,23
G16MT;UDPGALt2r,0,1,26,23
G16MT;UDPGALtg,0,1,26,23
G16MT;UDPGCURtr,0,1,26,23
G16MT;UDPGD,1,1,25,23
G16MT;UDPGGPGTr,0,1,26,23
G16MT;UGCGc,0,1,26,23
G16MT;UGT1A2r,0,1,26,23
G16MT;UMPK5,0,1,26,23
G16MT;UMPtr,0,2,26,22
G16MT;UPP3S,0,1,26,23
G16MT;UPPDC1,0,1,26,23
G16MT;UROLACer,1,0,25,24
G5SDym;PIt2m_2,0,1,26,23
G6PDH2r;NACDe,0,1,26,23
G6PDH2r;NACPRT,0,1,26,23
G6PDH2r;NCAMDe,0,1,26,23
G6PDH2r;NMNDA,0,1,26,23
G6PDH2r;NMNS,0,2,26,22
G6PDH2r;PGI,0,2,26,22
G6PDH2r;RPE,0,2,26,22
G6PDH2r;RU5Ptr,0,1,26,23
G6PDH2r;TALA,0,2,26,22
G6PDH2r;TKT1,0,2,26,22
G6PDH2r;TKT2,0,2,26,22
G6PDH2rer;NADPHtru,1,0,25,24
G6PDH2rer;NADPtru,1,0,25,24
G6PDH2rer;PFK_3,1,0,25,24
G6PDH2rer;PGI,1,0,25,24
G6PDH2rer;RPE,1,0,25,24
G6PDH2rer;RU5Ptr,1,0,25,24
G6PDH2rer;TALA,1,0,25,24
G6PDH2rer;TKT1,1,0,25,24
G6PDH2rer;TKT2,1,0,25,24
G6PPer;PPA,0,1,26,23
G6Pt6er;G6Pter,0,1,26,23
G6Pt6er;H2Oter,0,1,26,23
G6Pt6er;Htr,0,1,26,23
G6Pt6er;PPA,0,1,26,23
G6Pt6er;PPItr,0,1,26,23
G6Pter;H2Oter,0,1,26,23
G6Pter;Htr,0,1,26,23
G6Pter;PPA,0,1,26,23
G6Pter;PPItr,0,1,26,23
GAL3ST11;R_group_phosphotase_1,1,0,25,24
GAL3ST11;Rtotaltl,1,0,25,24
GAL3ST11;SMPD3l,1,0,25,24
GAL3ST11;SPHINGStl,1,0,25,24
GAL3ST11;SPHK21c,1,0,25,24
GAL3ST11;SPHMYLNtl,1,0,25,24
GAL3ST11;SPHS1Pte,1,0,25,24
GALASE17ly;MAN1PT2,0,1,26,23
GALASE17ly;MAN6PI,0,1,26,23
GALASE17ly;METDECARc,0,1,26,23
GALASE17ly;METTRANSc,0,1,26,23
GALASE17ly;NDPK8,1,0,25,24
GALASE17ly;PMANM,0,1,26,23
GALASE17ly;PPItm,1,0,25,24
GALASE17ly;TPI,1,0,25,24
GALASE18ly;MAN1PT2,0,1,26,23
GALASE18ly;MAN6PI,0,1,26,23
GALASE18ly;METDECARc,0,1,26,23
GALASE18ly;METTRANSc,0,1,26,23
GALASE18ly;NDPK8,1,0,25,24
GALASE18ly;PMANM,0,1,26,23
GALASE18ly;PPItm,1,0,25,24
GALASE18ly;TPI,1,0,25,24
GALASE19ly;MAN1PT2,0,1,26,23
GALASE19ly;MAN6PI,0,1,26,23
GALASE19ly;METDECARc,0,1,26,23
GALASE19ly;METTRANSc,0,1,26,23
GALASE19ly;NDPK8,1,0,25,24
GALASE19ly;PMANM,0,1,26,23
GALASE19ly;PPItm,1,0,25,24
GALASE19ly;TPI,1,0,25,24
GALASE1ly;GLACter,1,0,25,24
GALASE1ly;GLCURter,1,0,25,24
GALASE1ly;GLCURtly,1,0,25,24
GALASE1ly;GLRASE,1,0,25,24
GALASE1ly;GULLACter,1,0,25,24
GALASE1ly;GULOer,1,0,25,24
GALASE1ly;H2O2ter,1,0,25,24
GALASE1ly;HAS1,1,0,25,24
GALASE1ly;HAS2,1,0,25,24
GALASE1ly;HAtly,1,0,25,24
GALASE1ly;HYAL,1,0,25,24
GALASE1ly;UDPGD,1,0,25,24
GALASE1ly;UMPK5,0,1,26,23
GALASE1ly;UROLACer,1,0,25,24
GALASE20ly;MAN1PT2,0,1,26,23
GALASE20ly;MAN6PI,0,1,26,23
GALASE20ly;PMANM,0,1,26,23
GALGLUSIDEtg;GFUCS,1,0,25,24
GALGLUSIDEtg;GLCMter,0,1,26,23
GALGLUSIDEtg;GLCNACPT,0,1,26,23
GALGLUSIDEtg;GLCNACT,0,1,26,23
GALGLUSIDEtg;GMAND,1,0,25,24
GALGLUSIDEtg;HEX16,0,1,26,23
GALGLUSIDEtg;M1316Mg,0,1,26,23
GALGLUSIDEtg;M13N2Tg,0,1,26,23
GALGLUSIDEtg;M4MPDOL_ter,0,1,26,23
GALGLUSIDEtg;M7MASNBterg,0,1,26,23
GALGLUSIDEtg;MAL_Lte,1,0,25,24
GALGLUSIDEtg;MAN1PT2,0,1,26,23
GALGLUSIDEtg;MAN6PI,1,1,25,23
GALGLUSIDEtg;MANter,0,1,26,23
GALGLUSIDEtg;MANtg,0,1,26,23
GALGLUSIDEtg;MG1er,0,1,26,23
GALGLUSIDEtg;MG2er,0,1,26,23
GALGLUSIDEtg;MG3er,0,1,26,23
GALGLUSIDEtg;MM5cg,0,1,26,23
GALGLUSIDEtg;MM6B2g,0,1,26,23
GALGLUSIDEtg;MM7B2g,0,1,26,23
GALGLUSIDEtg;MM8Ber,0,1,26,23
GALGLUSIDEtg;PMANM,0,1,26,23
GALGLUSIDEtg;TPI,1,0,25,24
GALGLUSIDEtg;UDPDOLPT,0,1,26,23
GALGLUSIDEtg;UGLCNACtg,0,1,26,23
GALGLUSIDEtr;GFUCS,1,0,25,24
GALGLUSIDEtr;GLCMter,0,1,26,23
GALGLUSIDEtr;GLCNACPT,0,1,26,23
GALGLUSIDEtr;GLCNACT,0,1,26,23
GALGLUSIDEtr;GMAND,1,0,25,24
GALGLUSIDEtr;HEX16,0,1,26,23
GALGLUSIDEtr;M1316Mg,0,1,26,23
GALGLUSIDEtr;M13N2Tg,0,1,26,23
GALGLUSIDEtr;M4MPDOL_ter,0,1,26,23
GALGLUSIDEtr;M7MASNBterg,0,1,26,23
GALGLUSIDEtr;MAL_Lte,1,0,25,24
GALGLUSIDEtr;MAN1PT2,0,1,26,23
GALGLUSIDEtr;MAN6PI,1,1,25,23
GALGLUSIDEtr;MANter,0,1,26,23
GALGLUSIDEtr;MANtg,0,1,26,23
GALGLUSIDEtr;MG1er,0,1,26,23
GALGLUSIDEtr;MG2er,0,1,26,23
GALGLUSIDEtr;MG3er,0,1,26,23
GALGLUSIDEtr;MM5cg,0,1,26,23
GALGLUSIDEtr;MM6B2g,0,1,26,23
GALGLUSIDEtr;MM7B2g,0,1,26,23
GALGLUSIDEtr;MM8Ber,0,1,26,23
GALGLUSIDEtr;PMANM,0,1,26,23
GALGLUSIDEtr;TPI,1,0,25,24
GALGLUSIDEtr;UDPDOLPT,0,1,26,23
GALGLUSIDEtr;UGLCNACtg,0,1,26,23
GALGT1;GFUCS,1,0,25,24
GALGT1;GMAND,1,0,25,24
GALGT1;MAN6PI,1,0,25,24
GALK;MAL_Lte,1,0,25,24
GALK;METDECARc,0,1,26,23
GALK;METTRANSc,0,1,26,23
GALK;NDPK8,1,0,25,24
GALK;TPI,1,0,25,24
GALK;UMPK5,0,1,26,23
GALM2;GPAT,0,1,26,23
GALM2;MAL_Lte,1,0,25,24
GALM2;MAN1PT2,0,1,26,23
GALM2;MAN6PI,0,1,26,23
GALM2;NDPK8,2,0,24,24
GALM2;PMANM,0,1,26,23
GALM2;PPItm,1,0,25,24
GALM2;TPI,2,0,24,24
GALNTg;MAN1PT2,0,1,26,23
GALNTg;MAN6PI,0,1,26,23
GALNTg;METDECARc,0,1,26,23
GALNTg;METTRANSc,0,1,26,23
GALNTg;NDPK8,1,0,25,24
GALNTg;PMANM,0,1,26,23
GALNTg;PPItm,1,0,25,24
GALNTg;TPI,1,0,25,24
GALSIDEtg;R_group_phosphotase_1,1,0,25,24
GALSIDEtg;Rtotaltl,1,0,25,24
GALSIDEtg;SMPD3l,1,0,25,24
GALSIDEtg;SPHINGStl,1,0,25,24
GALSIDEtg;SPHK21c,1,0,25,24
GALSIDEtg;SPHMYLNtl,1,0,25,24
GALSIDEtg;SPHS1Pte,1,0,25,24
GALSIDEtl;R_group_phosphotase_1,1,0,25,24
GALSIDEtl;Rtotaltl,1,0,25,24
GALSIDEtl;SMPD3l,1,0,25,24
GALSIDEtl;SPHINGStl,1,0,25,24
GALSIDEtl;SPHK21c,1,0,25,24
GALSIDEtl;SPHMYLNtl,1,0,25,24
GALSIDEtl;SPHS1Pte,1,0,25,24
GALU;H2Oter,0,1,26,23
GALU;HCO3E,1,0,25,24
GALU;HEX12,0,1,26,23
GALU;Htr,3,2,23,22
GALU;LEUTAm,0,1,26,23
GALU;LEUt5m,0,1,26,23
GALU;MAL_Lte,2,0,24,24
GALU;METDECARc,0,1,26,23
GALU;METTRANSc,0,1,26,23
GALU;NDPK8,2,0,24,24
GALU;NTD5m,0,1,26,23
GALU;PFK2,0,1,26,23
GALU;PGI,0,1,26,23
GALU;PNTK,1,0,25,24
GALU;PNTOte,1,0,25,24
GALU;PPAer,0,3,26,21
GALU;PPCDC,1,0,25,24
GALU;PPIPItr,0,3,26,21
GALU;PPItm,1,0,25,24
GALU;PPNCL2,1,0,25,24
GALU;PTPAT,1,0,25,24
GALU;R5Ptr,2,1,24,23
GALU;RPI,0,1,26,23
GALU;RPIr,2,1,24,23
GALU;RU5Ptr,2,1,24,23
GALU;THYMDt1,0,1,26,23
GALU;THYMDtm,0,1,26,23
GALU;TPI,3,0,23,24
GALtly;GLACter,1,0,25,24
GALtly;GLCURter,1,0,25,24
GALtly;GLCURtly,1,0,25,24
GALtly;GLRASE,1,0,25,24
GALtly;GPAT,0,1,26,23
GALtly;GULLACter,1,0,25,24
GALtly;GULOer,1,0,25,24
GALtly;H2O2ter,1,0,25,24
GALtly;HAS1,1,0,25,24
GALtly;HAS2,1,0,25,24
GALtly;HAtly,1,0,25,24
GALtly;HYAL,1,0,25,24
GALtly;MAN1PT2,0,1,26,23
GALtly;MAN6PI,0,1,26,23
GALtly;METDECARc,0,1,26,23
GALtly;METTRANSc,0,1,26,23
GALtly;NDPK8,1,0,25,24
GALtly;PMANM,0,1,26,23
GALtly;PPItm,1,0,25,24
GALtly;TPI,1,0,25,24
GALtly;UDPGD,1,0,25,24
GALtly;UMPK5,0,1,26,23
GALtly;UROLACer,1,0,25,24
GAPD;GLUDxm,0,1,26,23
GAPD;ICDHyr,0,1,26,23
GAPD;ITCOALm,0,1,26,23
GAPD;LDH_L,0,1,26,23
GAPD;LDH_Lm,0,1,26,23
GAPD;L_LACtm,0,1,26,23
GAPD;NDPK1,0,1,26,23
GAPD;NDPK2,0,1,26,23
GAPD;NDPK3,0,1,26,23
GAPD;NDPK8,3,1,23,23
GAPD;NH4tm,0,1,26,23
GAPD;NQO2,0,1,26,23
GAPD;O2t,0,1,26,23
GAPD;OXALSUCCCL,0,1,26,23
GAPD;PIt2m_2,0,1,26,23
GAPD;PROGLUtm,0,1,26,23
GAPD;PROtm,0,1,26,23
GAPD;TPI,4,1,22,23
GAPD;VALTAm,0,1,26,23
GAPD;VALt5m,0,1,26,23
GAPD;q10h2tc,0,1,26,23
GAPD;q10tm,0,1,26,23
GASNASEly;GLACter,1,0,25,24
GASNASEly;GLCURter,1,0,25,24
GASNASEly;GLCURtly,1,0,25,24
GASNASEly;GLRASE,1,0,25,24
GASNASEly;GULLACter,1,0,25,24
GASNASEly;GULOer,1,0,25,24
GASNASEly;H2O2ter,1,0,25,24
GASNASEly;HAS1,1,0,25,24
GASNASEly;HAS2,1,0,25,24
GASNASEly;HAtly,1,0,25,24
GASNASEly;HYAL,1,0,25,24
GASNASEly;UDPGD,1,0,25,24
GASNASEly;UMPK5,0,1,26,23
GASNASEly;UROLACer,1,0,25,24
GCALDD;GLUDym,0,1,26,23
GCALDD;GLYtp,0,1,26,23
GCALDD;NH4tm,0,1,26,23
GCALDD;THFtm,0,1,26,23
GDPFPOFTr;MAL_Lte,1,0,25,24
GDPFPOFTr;PNTK,1,0,25,24
GDPFPOFTr;PNTOte,1,0,25,24
GDPFPOFTr;PPCDC,1,0,25,24
GDPFPOFTr;PPNCL2,1,0,25,24
GDPFPOFTr;PTPAT,1,0,25,24
GDPFUCtg;GLACter,1,0,25,24
GDPFUCtg;GLCURter,1,0,25,24
GDPFUCtg;GLCURtly,1,0,25,24
GDPFUCtg;GLRASE,1,0,25,24
GDPFUCtg;GPAT,0,1,26,23
GDPFUCtg;GULLACter,1,0,25,24
GDPFUCtg;GULOer,1,0,25,24
GDPFUCtg;H2O2ter,1,0,25,24
GDPFUCtg;HAS1,1,0,25,24
GDPFUCtg;HAS2,1,0,25,24
GDPFUCtg;HAtly,1,0,25,24
GDPFUCtg;HYAL,1,0,25,24
GDPFUCtg;KCC2t,0,1,26,23
GDPFUCtg;MAL_Lte,1,0,25,24
GDPFUCtg;METDECARc,0,1,26,23
GDPFUCtg;METTRANSc,0,1,26,23
GDPFUCtg;NDPK8,1,0,25,24
GDPFUCtg;PPItm,1,0,25,24
GDPFUCtg;TPI,2,0,24,24
GDPFUCtg;UDPGD,1,1,25,23
GDPFUCtg;UMPK5,0,1,26,23
GDPFUCtg;UROLACer,1,0,25,24
GDPFUCtr;MAL_Lte,1,0,25,24
GDPFUCtr;PNTK,1,0,25,24
GDPFUCtr;PNTOte,1,0,25,24
GDPFUCtr;PPCDC,1,0,25,24
GDPFUCtr;PPNCL2,1,0,25,24
GDPFUCtr;PTPAT,1,0,25,24
GDPtg;GLACter,1,0,25,24
GDPtg;GLCURter,1,0,25,24
GDPtg;GLCURtly,1,0,25,24
GDPtg;GLRASE,1,0,25,24
GDPtg;GPAT,0,1,26,23
GDPtg;GULLACter,1,0,25,24
GDPtg;GULOer,1,0,25,24
GDPtg;H2O2ter,1,0,25,24
GDPtg;HAS1,1,0,25,24
GDPtg;HAS2,1,0,25,24
GDPtg;HAtly,1,0,25,24
GDPtg;HYAL,1,0,25,24
GDPtg;KCC2t,0,1,26,23
GDPtg;MAL_Lte,1,0,25,24
GDPtg;METDECARc,0,1,26,23
GDPtg;METTRANSc,0,1,26,23
GDPtg;NDPK8,1,0,25,24
GDPtg;PPItm,1,0,25,24
GDPtg;TPI,2,0,24,24
GDPtg;UDPGD,1,1,25,23
GDPtg;UMPK5,0,1,26,23
GDPtg;UROLACer,1,0,25,24
GDPtr;MAL_Lte,1,0,25,24
GDPtr;PNTK,1,0,25,24
GDPtr;PNTOte,1,0,25,24
GDPtr;PPCDC,1,0,25,24
GDPtr;PPNCL2,1,0,25,24
GDPtr;PTPAT,1,0,25,24
GF6PTA;GLACter,0,1,26,23
GF6PTA;GLCURter,0,1,26,23
GF6PTA;GLCURtly,0,1,26,23
GF6PTA;GLRASE,0,1,26,23
GF6PTA;GPAT,0,1,26,23
GF6PTA;GULLACter,0,1,26,23
GF6PTA;GULOer,0,1,26,23
GF6PTA;H2O2t,0,1,26,23
GF6PTA;H2O2ter,0,1,26,23
GF6PTA;H2Otly,0,1,26,23
GF6PTA;HAS1,0,1,26,23
GF6PTA;HAS2,0,1,26,23
GF6PTA;HAtly,0,1,26,23
GF6PTA;HCO3E,1,0,25,24
GF6PTA;HEX12,0,1,26,23
GF6PTA;HYAL,0,1,26,23
GF6PTA;Htr,0,1,26,23
GF6PTA;KCC2t,0,1,26,23
GF6PTA;MAL_Lte,2,1,24,23
GF6PTA;METDECARc,0,1,26,23
GF6PTA;METTRANSc,0,1,26,23
GF6PTA;NDPK8,2,0,24,24
GF6PTA;PFK2,0,1,26,23
GF6PTA;PGI,0,1,26,23
GF6PTA;PNTK,1,0,25,24
GF6PTA;PNTOte,1,0,25,24
GF6PTA;PPCDC,1,0,25,24
GF6PTA;PPItm,1,0,25,24
GF6PTA;PPNCL2,1,0,25,24
GF6PTA;PTPAT,1,0,25,24
GF6PTA;PYK,1,0,25,24
GF6PTA;R5Ptr,2,2,24,22
GF6PTA;RDH1a,1,0,25,24
GF6PTA;RPI,0,1,26,23
GF6PTA;RPIr,2,2,24,22
GF6PTA;RU5Ptr,2,2,24,22
GF6PTA;R_group_phosphotase_1,0,1,26,23
GF6PTA;Rtotaltl,0,1,26,23
GF6PTA;SMPD3l,0,1,26,23
GF6PTA;SPHINGStl,0,1,26,23
GF6PTA;SPHK21c,0,1,26,23
GF6PTA;SPHMYLNtl,0,1,26,23
GF6PTA;SPHS1Pte,0,1,26,23
GF6PTA;TPI,3,0,23,24
GF6PTA;TYRDOPO,0,1,26,23
GF6PTA;UDPGD,0,1,26,23
GF6PTA;UROLACer,0,1,26,23
GFUCS;GFUCSx,2,0,24,24
GFUCS;GT1Ate,1,0,25,24
GFUCS;GT1Atg,1,0,25,24
GFUCS;KCC2t,0,1,26,23
GFUCS;METDECARc,0,1,26,23
GFUCS;METTRANSc,0,1,26,23
GFUCS;NDP7er,1,0,25,24
GFUCS;NDPK8,1,0,25,24
GFUCS;PPItm,1,0,25,24
GFUCS;ST3GAL21g,1,0,25,24
GFUCS;ST6GALNAC31,1,0,25,24
GFUCS;ST8SIA53g,1,0,25,24
GFUCS;TPI,1,0,25,24
GFUCS;UAG4E,1,0,25,24
GFUCS;UDPGALt2r,1,0,25,24
GFUCS;UDPGD,0,1,26,23
GFUCS;UDPGGPGTr,1,0,25,24
GFUCS;UGALNACtg,1,0,25,24
GFUCS;UGCGc,1,0,25,24
GFUCS;UMPtr,1,0,25,24
GFUCSx;GPAT,0,1,26,23
GFUCSx;MAL_Lte,2,0,24,24
GFUCSx;NDPK8,1,0,25,24
GFUCSx;PNTK,1,0,25,24
GFUCSx;PNTOte,1,0,25,24
GFUCSx;PPCDC,1,0,25,24
GFUCSx;PPNCL2,1,0,25,24
GFUCSx;PTPAT,1,0,25,24
GFUCSx;TPI,2,0,24,24
GFUCSx;UMPK5,0,1,26,23
GGT5r;Htr,1,0,25,24
GGTA1g;MAL_Lte,1,0,25,24
GGTAe2;GLYt2r,1,0,25,24
GGTAe2;MAL_Lte,0,1,26,23
GHMT2r;GluForTx,0,7,26,17
GHMT2r;HISD,0,7,26,17
GHMT2r;IZPN,0,7,26,17
GHMT2r;MTHFD,0,2,26,22
GHMT2r;MTHFD2,0,5,26,19
GHMT2r;SERt4,0,3,26,21
GHMT2r;THRA,0,1,26,23
GHMT2r;URCN,0,7,26,17
GHMT2rm;GluForTx,0,1,26,23
GHMT2rm;HISD,0,1,26,23
GHMT2rm;HPROxm,0,1,26,23
GHMT2rm;HPROym,0,1,26,23
GHMT2rm;IZPN,0,1,26,23
GHMT2rm;LSTO2r,0,1,26,23
GHMT2rm;MGSA,0,1,26,23
GHMT2rm;MTHFC,1,2,25,22
GHMT2rm;MTHFD,1,0,25,24
GHMT2rm;MTHFD2,0,1,26,23
GHMT2rm;MTHGXLt,0,1,26,23
GHMT2rm;PVD3,0,1,26,23
GHMT2rm;URCN,0,1,26,23
GHMT2rm;VD3,0,1,26,23
GK1i;GK1mi,0,4,26,20
GK1i;GLUt2m,0,2,26,22
GK1i;GSNKm,0,4,26,20
GK1i;GSNtm,0,4,26,20
GK1i;GTPGDPtm,0,4,26,20
GK1i;GTPtm,0,4,26,20
GK1i;NTD9,0,4,26,20
GK1i;PIt2m_2,0,1,26,23
GLACter;GLCNACPT,1,0,25,24
GLACter;GLCNACT,1,0,25,24
GLACter;GLCter,1,0,25,24
GLACter;GMPtg,1,0,25,24
GLACter;GTHP,0,1,26,23
GLACter;H2Otg,0,1,26,23
GLACter;HEX12,0,1,26,23
GLACter;HEX4,1,0,25,24
GLACter;Htg,0,1,26,23
GLACter;KCC2t,0,1,26,23
GLACter;M1316Mg,1,0,25,24
GLACter;M13N2Tg,1,0,25,24
GLACter;M16NT1g,1,0,25,24
GLACter;M4MPDOL_ter,1,0,25,24
GLACter;M7MASNBterg,1,0,25,24
GLACter;MAN1PT2,0,2,26,22
GLACter;MAN6PI,0,2,26,22
GLACter;MANter,1,0,25,24
GLACter;MANtg,1,0,25,24
GLACter;MANtly,1,0,25,24
GLACter;METDECARc,0,1,26,23
GLACter;METTRANSc,0,1,26,23
GLACter;MG1er,1,0,25,24
GLACter;MG2er,1,0,25,24
GLACter;MG3er,1,0,25,24
GLACter;MM5bg,1,0,25,24
GLACter;MM6B1ag,1,0,25,24
GLACter;MM7B1g,1,0,25,24
GLACter;MM8Ber,1,0,25,24
GLACter;NDP7g,0,1,26,23
GLACter;NDPK8,1,0,25,24
GLACter;PIter,1,0,25,24
GLACter;PItg,0,1,26,23
GLACter;PMANM,0,2,26,22
GLACter;PPItm,1,0,25,24
GLACter;S26Tg,1,0,25,24
GLACter;S2L2FN2M2MASNt,1,0,25,24
GLACter;S2L2FN2M2MASNtly,1,0,25,24
GLACter;SIAASEly,1,0,25,24
GLACter;TPI,1,0,25,24
GLACter;UDPDOLPT,1,0,25,24
GLACter;UGLCNACtg,0,1,26,23
GLCMter;NDP7er,0,1,26,23
GLCMter;PFK2,0,1,26,23
GLCMter;UDPG4E,0,1,26,23
GLCMter;UDPGALt2r,0,1,26,23
GLCMter;UDPGALtg,0,1,26,23
GLCMter;UDPGGPGTr,0,1,26,23
GLCMter;UGCGc,0,1,26,23
GLCMter;UMPtr,0,1,26,23
GLCNACPT;GLCURter,1,0,25,24
GLCNACPT;GLCURtly,1,0,25,24
GLCNACPT;GLRASE,1,0,25,24
GLCNACPT;GLUt2m,0,1,26,23
GLCNACPT;GULLACter,1,0,25,24
GLCNACPT;GULOer,1,0,25,24
GLCNACPT;H2O2ter,1,0,25,24
GLCNACPT;HAS1,1,0,25,24
GLCNACPT;HAS2,1,0,25,24
GLCNACPT;HAtly,1,0,25,24
GLCNACPT;HMBS,0,1,26,23
GLCNACPT;HOXG,0,1,26,23
GLCNACPT;HYAL,1,0,25,24
GLCNACPT;Htr,1,0,25,24
GLCNACPT;KCC2t,0,1,26,23
GLCNACPT;NDP7er,0,2,26,22
GLCNACPT;NDPK8,1,0,25,24
GLCNACPT;PFK2,0,1,26,23
GLCNACPT;PNTK,1,0,25,24
GLCNACPT;PNTOte,1,0,25,24
GLCNACPT;PPBNGS,0,1,26,23
GLCNACPT;PPCDC,1,0,25,24
GLCNACPT;PPItm,1,0,25,24
GLCNACPT;PPNCL2,1,0,25,24
GLCNACPT;PPPG9tm,0,1,26,23
GLCNACPT;PPPGOm,0,1,26,23
GLCNACPT;PTPAT,1,0,25,24
GLCNACPT;TPI,1,0,25,24
GLCNACPT;UDPG4E,0,1,26,23
GLCNACPT;UDPGALt2r,0,1,26,23
GLCNACPT;UDPGALtg,0,1,26,23
GLCNACPT;UDPGCURtr,0,1,26,23
GLCNACPT;UDPGD,1,1,25,23
GLCNACPT;UDPGGPGTr,0,1,26,23
GLCNACPT;UGCGc,0,1,26,23
GLCNACPT;UGT1A2r,0,1,26,23
GLCNACPT;UMPK5,0,1,26,23
GLCNACPT;UMPtr,0,2,26,22
GLCNACPT;UPP3S,0,1,26,23
GLCNACPT;UPPDC1,0,1,26,23
GLCNACPT;UROLACer,1,0,25,24
GLCNACT;GLCURter,1,0,25,24
GLCNACT;GLCURtly,1,0,25,24
GLCNACT;GLRASE,1,0,25,24
GLCNACT;GLUt2m,0,1,26,23
GLCNACT;GULLACter,1,0,25,24
GLCNACT;GULOer,1,0,25,24
GLCNACT;H2O2ter,1,0,25,24
GLCNACT;HAS1,1,0,25,24
GLCNACT;HAS2,1,0,25,24
GLCNACT;HAtly,1,0,25,24
GLCNACT;HMBS,0,1,26,23
GLCNACT;HOXG,0,1,26,23
GLCNACT;HYAL,1,0,25,24
GLCNACT;Htr,1,0,25,24
GLCNACT;KCC2t,0,1,26,23
GLCNACT;NDP7er,0,2,26,22
GLCNACT;NDPK8,1,0,25,24
GLCNACT;PFK2,0,1,26,23
GLCNACT;PNTK,1,0,25,24
GLCNACT;PNTOte,1,0,25,24
GLCNACT;PPBNGS,0,1,26,23
GLCNACT;PPCDC,1,0,25,24
GLCNACT;PPItm,1,0,25,24
GLCNACT;PPNCL2,1,0,25,24
GLCNACT;PPPG9tm,0,1,26,23
GLCNACT;PPPGOm,0,1,26,23
GLCNACT;PTPAT,1,0,25,24
GLCNACT;TPI,1,0,25,24
GLCNACT;UDPG4E,0,1,26,23
GLCNACT;UDPGALt2r,0,1,26,23
GLCNACT;UDPGALtg,0,1,26,23
GLCNACT;UDPGCURtr,0,1,26,23
GLCNACT;UDPGD,1,1,25,23
GLCNACT;UDPGGPGTr,0,1,26,23
GLCNACT;UGCGc,0,1,26,23
GLCNACT;UGT1A2r,0,1,26,23
GLCNACT;UMPK5,0,1,26,23
GLCNACT;UMPtr,0,2,26,22
GLCNACT;UPP3S,0,1,26,23
GLCNACT;UPPDC1,0,1,26,23
GLCNACT;UROLACer,1,0,25,24
GLCOASYNT;ARTFR52,1,0,25,24
GLCOASYNT;H2Oter,2,0,24,24
GLCOASYNT;H2Otm,1,0,25,24
GLCOASYNT;HACD200,1,0,25,24
GLCOASYNT;HACD220,1,0,25,24
GLCOASYNT;HACD240,1,0,25,24
GLCOASYNT;HACD260,1,0,25,24
GLCOASYNT;HEXCCOAtr,1,0,25,24
GLCOASYNT;HSD200,1,0,25,24
GLCOASYNT;HSD220,1,0,25,24
GLCOASYNT;HSD240,1,0,25,24
GLCOASYNT;HSD260,1,0,25,24
GLCOASYNT;HSD3B11,1,0,25,24
GLCOASYNT;ILETA,1,0,25,24
GLCOASYNT;LSTO2r,0,1,26,23
GLCOASYNT;METDECARc,0,1,26,23
GLCOASYNT;METTRANSc,0,1,26,23
GLCOASYNT;NACDe,1,0,25,24
GLCOASYNT;NACPRT,1,0,25,24
GLCOASYNT;NCAMDe,1,0,25,24
GLCOASYNT;NMNDA,1,0,25,24
GLCOASYNT;NMNS,1,0,25,24
GLCOASYNT;P45011A1m,1,0,25,24
GLCOASYNT;PFK,0,1,26,23
GLCOASYNT;PGI,0,1,26,23
GLCOASYNT;PRGNLONEtm,1,0,25,24
GLCOASYNT;PRGSTRNt,1,0,25,24
GLCOASYNT;PVD3,0,1,26,23
GLCOASYNT;RTOT5,1,0,25,24
GLCOASYNT;TECR200,1,0,25,24
GLCOASYNT;TECR220,1,0,25,24
GLCOASYNT;TECR240,1,0,25,24
GLCOASYNT;TECR260,1,0,25,24
GLCOASYNT;THFtm,1,0,25,24
GLCOASYNT;UMPK5,1,0,25,24
GLCOASYNT;VD3,0,1,26,23
GLCURter;GMPtg,1,0,25,24
GLCURter;GTHP,0,1,26,23
GLCURter;H2Otg,0,1,26,23
GLCURter;HEX12,0,1,26,23
GLCURter;HEX4,1,0,25,24
GLCURter;Htg,0,1,26,23
GLCURter;KCC2t,0,1,26,23
GLCURter;M1316Mg,1,0,25,24
GLCURter;M13N2Tg,1,0,25,24
GLCURter;M16NT1g,1,0,25,24
GLCURter;M4MPDOL_ter,1,0,25,24
GLCURter;M7MASNBterg,1,0,25,24
GLCURter;MAN1PT2,0,2,26,22
GLCURter;MAN6PI,0,2,26,22
GLCURter;MANter,1,0,25,24
GLCURter;MANtg,1,0,25,24
GLCURter;MANtly,1,0,25,24
GLCURter;METDECARc,0,1,26,23
GLCURter;METTRANSc,0,1,26,23
GLCURter;MG1er,1,0,25,24
GLCURter;MG2er,1,0,25,24
GLCURter;MG3er,1,0,25,24
GLCURter;MM5bg,1,0,25,24
GLCURter;MM6B1ag,1,0,25,24
GLCURter;MM7B1g,1,0,25,24
GLCURter;MM8Ber,1,0,25,24
GLCURter;NDP7g,0,1,26,23
GLCURter;NDPK8,1,0,25,24
GLCURter;PIter,1,0,25,24
GLCURter;PItg,0,1,26,23
GLCURter;PMANM,0,2,26,22
GLCURter;PPItm,1,0,25,24
GLCURter;S26Tg,1,0,25,24
GLCURter;S2L2FN2M2MASNt,1,0,25,24
GLCURter;S2L2FN2M2MASNtly,1,0,25,24
GLCURter;SIAASEly,1,0,25,24
GLCURter;TPI,1,0,25,24
GLCURter;UDPDOLPT,1,0,25,24
GLCURter;UGLCNACtg,0,1,26,23
GLCURtly;GMPtg,1,0,25,24
GLCURtly;GTHP,0,1,26,23
GLCURtly;H2Otg,0,1,26,23
GLCURtly;HEX12,0,1,26,23
GLCURtly;HEX4,1,0,25,24
GLCURtly;Htg,0,1,26,23
GLCURtly;KCC2t,0,1,26,23
GLCURtly;M1316Mg,1,0,25,24
GLCURtly;M13N2Tg,1,0,25,24
GLCURtly;M16NT1g,1,0,25,24
GLCURtly;M4MPDOL_ter,1,0,25,24
GLCURtly;M7MASNBterg,1,0,25,24
GLCURtly;MAN1PT2,0,2,26,22
GLCURtly;MAN6PI,0,2,26,22
GLCURtly;MANter,1,0,25,24
GLCURtly;MANtg,1,0,25,24
GLCURtly;MANtly,1,0,25,24
GLCURtly;METDECARc,0,1,26,23
GLCURtly;METTRANSc,0,1,26,23
GLCURtly;MG1er,1,0,25,24
GLCURtly;MG2er,1,0,25,24
GLCURtly;MG3er,1,0,25,24
GLCURtly;MM5bg,1,0,25,24
GLCURtly;MM6B1ag,1,0,25,24
GLCURtly;MM7B1g,1,0,25,24
GLCURtly;MM8Ber,1,0,25,24
GLCURtly;NDP7g,0,1,26,23
GLCURtly;NDPK8,1,0,25,24
GLCURtly;PIter,1,0,25,24
GLCURtly;PItg,0,1,26,23
GLCURtly;PMANM,0,2,26,22
GLCURtly;PPItm,1,0,25,24
GLCURtly;S26Tg,1,0,25,24
GLCURtly;S2L2FN2M2MASNt,1,0,25,24
GLCURtly;S2L2FN2M2MASNtly,1,0,25,24
GLCURtly;SIAASEly,1,0,25,24
GLCURtly;TPI,1,0,25,24
GLCURtly;UDPDOLPT,1,0,25,24
GLCURtly;UGLCNACtg,0,1,26,23
GLCt1r;GLCt4,0,1,26,23
GLCt1r;GLCt4_2,0,1,26,23
GLCt4;GLCt4_2,0,1,26,23
GLCter;GLCURter,1,0,25,24
GLCter;GLCURtly,1,0,25,24
GLCter;GLRASE,1,0,25,24
GLCter;GLUt2m,0,1,26,23
GLCter;GULLACter,1,0,25,24
GLCter;GULOer,1,0,25,24
GLCter;H2O2ter,1,0,25,24
GLCter;HAS1,1,0,25,24
GLCter;HAS2,1,0,25,24
GLCter;HAtly,1,0,25,24
GLCter;HMBS,0,1,26,23
GLCter;HOXG,0,1,26,23
GLCter;HYAL,1,0,25,24
GLCter;Htr,1,0,25,24
GLCter;KCC2t,0,1,26,23
GLCter;NDP7er,0,1,26,23
GLCter;NDPK8,1,0,25,24
GLCter;PNTK,1,0,25,24
GLCter;PNTOte,1,0,25,24
GLCter;PPBNGS,0,1,26,23
GLCter;PPCDC,1,0,25,24
GLCter;PPItm,1,0,25,24
GLCter;PPNCL2,1,0,25,24
GLCter;PPPG9tm,0,1,26,23
GLCter;PPPGOm,0,1,26,23
GLCter;PTPAT,1,0,25,24
GLCter;TPI,1,0,25,24
GLCter;UDPGCURtr,0,1,26,23
GLCter;UDPGD,1,1,25,23
GLCter;UGT1A2r,0,1,26,23
GLCter;UMPK5,0,1,26,23
GLCter;UMPtr,0,1,26,23
GLCter;UPP3S,0,1,26,23
GLCter;UPPDC1,0,1,26,23
GLCter;UROLACer,1,0,25,24
GLNATB0tc;GLNt4,8,2,18,22
GLNS;GLNt4,0,1,26,23
GLNS;GLUDC,0,1,26,23
GLNS;KCC2t,1,0,25,24
GLNS;NCNt,0,1,26,23
GLNt4;GLNtN1,0,3,26,21
GLNt4;GluForTx,0,1,26,23
GLNt4;HISD,0,1,26,23
GLNt4;IZPN,0,1,26,23
GLNt4;URCN,0,1,26,23
GLRASE;GMPtg,1,0,25,24
GLRASE;GTHP,0,1,26,23
GLRASE;H2Otg,0,1,26,23
GLRASE;HEX12,0,1,26,23
GLRASE;HEX4,1,0,25,24
GLRASE;Htg,0,1,26,23
GLRASE;KCC2t,0,1,26,23
GLRASE;M1316Mg,1,0,25,24
GLRASE;M13N2Tg,1,0,25,24
GLRASE;M16NT1g,1,0,25,24
GLRASE;M4MPDOL_ter,1,0,25,24
GLRASE;M7MASNBterg,1,0,25,24
GLRASE;MAN1PT2,0,2,26,22
GLRASE;MAN6PI,0,2,26,22
GLRASE;MANter,1,0,25,24
GLRASE;MANtg,1,0,25,24
GLRASE;MANtly,1,0,25,24
GLRASE;METDECARc,0,1,26,23
GLRASE;METTRANSc,0,1,26,23
GLRASE;MG1er,1,0,25,24
GLRASE;MG2er,1,0,25,24
GLRASE;MG3er,1,0,25,24
GLRASE;MM5bg,1,0,25,24
GLRASE;MM6B1ag,1,0,25,24
GLRASE;MM7B1g,1,0,25,24
GLRASE;MM8Ber,1,0,25,24
GLRASE;NDP7g,0,1,26,23
GLRASE;NDPK8,1,0,25,24
GLRASE;PIter,1,0,25,24
GLRASE;PItg,0,1,26,23
GLRASE;PMANM,0,2,26,22
GLRASE;PPItm,1,0,25,24
GLRASE;S26Tg,1,0,25,24
GLRASE;S2L2FN2M2MASNt,1,0,25,24
GLRASE;S2L2FN2M2MASNtly,1,0,25,24
GLRASE;SIAASEly,1,0,25,24
GLRASE;TPI,1,0,25,24
GLRASE;UDPDOLPT,1,0,25,24
GLRASE;UGLCNACtg,0,1,26,23
GLU5Km;PIt2m_2,0,1,26,23
GLUCYS;GLYt2r,1,0,25,24
GLUCYS;Htr,1,0,25,24
GLUCYS;MAL_Lte,0,1,26,23
GLUDxm;GLUDym,3,2,23,22
GLUDxm;H2Oter,1,0,25,24
GLUDxm;ILEOX,0,1,26,23
GLUDxm;LSTO2r,0,1,26,23
GLUDxm;METOX,1,0,25,24
GLUDxm;NADH2_u10m,0,1,26,23
GLUDxm;NDPK6,1,0,25,24
GLUDxm;NMNS,1,0,25,24
GLUDxm;NTD5,0,1,26,23
GLUDxm;PFK,0,1,26,23
GLUDxm;PGI,0,1,26,23
GLUDxm;PGK,0,1,26,23
GLUDxm;PGM,0,1,26,23
GLUDxm;PIMALtm,0,1,26,23
GLUDxm;PIt2m_2,1,0,25,24
GLUDxm;PPItm,1,0,25,24
GLUDxm;PPM,1,0,25,24
GLUDxm;PPM2,2,1,24,23
GLUDxm;PVD3,0,1,26,23
GLUDxm;PYNP2r,2,0,24,24
GLUDxm;SO3AKGtm,0,1,26,23
GLUDxm;SO3MALtm,0,1,26,23
GLUDxm;THFtm,3,1,23,23
GLUDxm;THYMt,0,1,26,23
GLUDxm;TMDPP,0,1,26,23
GLUDxm;TPI,0,1,26,23
GLUDxm;TRDOXtm,4,1,22,23
GLUDxm;TRDRDtm,4,1,22,23
GLUDxm;TRDRm,4,1,22,23
GLUDxm;UNK3,1,0,25,24
GLUDxm;URIK1,1,0,25,24
GLUDxm;URIK4,1,0,25,24
GLUDxm;URPT,1,0,25,24
GLUDxm;VD3,0,1,26,23
GLUDym;AKGtn,1,1,25,23
GLUDym;CO2tn,1,1,25,23
GLUDym;FALDtn,1,1,25,23
GLUDym;GLXtm,0,1,26,23
GLUDym;GLXtp,0,1,26,23
GLUDym;GLYCLTtp,0,1,26,23
GLUDym;GLYCTO1p,0,1,26,23
GLUDym;GLYOp,0,1,26,23
GLUDym;H2O2tp,0,1,26,23
GLUDym;H2Oter,1,0,25,24
GLUDym;H2Otp,0,1,26,23
GLUDym;HCO3Ee,1,0,25,24
GLUDym;HMGDH,0,1,26,23
GLUDym;HMGS,0,1,26,23
GLUDym;HPYRDC,0,1,26,23
GLUDym;HPYRtp,0,1,26,23
GLUDym;IDHPOXOX2b,0,1,26,23
GLUDym;IDHPOXOX4,0,1,26,23
GLUDym;IDHPOXOXb,0,1,26,23
GLUDym;ILEOX,1,0,25,24
GLUDym;ILETA,1,0,25,24
GLUDym;L_LACtcm,1,0,25,24
GLUDym;L_LACtm,1,0,25,24
GLUDym;MEOHt2,1,0,25,24
GLUDym;METAT,1,0,25,24
GLUDym;MTHFR3x,1,0,25,24
GLUDym;NAIt,0,1,26,23
GLUDym;NH4tp,0,1,26,23
GLUDym;O2tn,1,0,25,24
GLUDym;O2tp,0,1,26,23
GLUDym;PIt2m_2,1,0,25,24
GLUDym;SADT,0,1,26,23
GLUDym;SERtp,0,1,26,23
GLUDym;SFGTH,0,1,26,23
GLUDym;SPTx,0,1,26,23
GLUDym;THBPT4ACAMDASE,1,0,25,24
GLUDym;THFtm,2,1,24,23
GLUDym;THYPX,0,1,26,23
GLUDym;THYST,0,1,26,23
GLUDym;TRDR,5,1,21,23
GLUDym;TYR3MO2,1,0,25,24
GLUPROASCT1;PGI,0,1,26,23
GLUt2m;AKGtn,1,0,25,24
GLUt2m;CO2tn,1,0,25,24
GLUt2m;FALDtn,1,0,25,24
GLUt2m;GLYACm,1,0,25,24
GLUt2m;GLYC3Ptmc,0,1,26,23
GLUt2m;GTPGDPtm,0,1,26,23
GLUt2m;H2Oter,1,0,25,24
GLUt2m;H2Otg,0,1,26,23
GLUt2m;H2Otm,1,0,25,24
GLUt2m;HACD1m,0,1,26,23
GLUt2m;HBZOPT10m,1,0,25,24
GLUt2m;HCO3Ee,1,1,25,23
GLUt2m;HCO3Em,0,1,26,23
GLUt2m;HEX4,0,1,26,23
GLUt2m;Htg,0,1,26,23
GLUt2m;ICITCITtm,0,1,26,23
GLUt2m;ILEOX,1,0,25,24
GLUt2m;ILETA,2,0,24,24
GLUt2m;ITCOAL1m,0,1,26,23
GLUt2m;ITCOALm,0,1,26,23
GLUt2m;LEUTA,0,1,26,23
GLUt2m;LEUTAm,0,1,26,23
GLUt2m;LEUt5m,0,1,26,23
GLUt2m;LSTO2r,0,1,26,23
GLUt2m;L_LACtcm,1,0,25,24
GLUt2m;L_LACtm,1,0,25,24
GLUt2m;M13N2Tg,0,1,26,23
GLUt2m;M4MPDOL_ter,0,1,26,23
GLUt2m;M8MASNterg,0,1,26,23
GLUt2m;MAL_Lte,1,0,25,24
GLUt2m;MAN1PT2,0,1,26,23
GLUt2m;MAN6PI,0,1,26,23
GLUt2m;MANtg,0,1,26,23
GLUt2m;MCCCm,0,1,26,23
GLUt2m;MDHm,0,2,26,22
GLUt2m;MEOHt2,1,0,25,24
GLUt2m;METAT,2,0,24,24
GLUt2m;METDECARc,0,1,26,23
GLUt2m;METTRANSc,0,1,26,23
GLUt2m;MG1er,0,1,26,23
GLUt2m;MG2er,0,1,26,23
GLUt2m;MG3er,0,1,26,23
GLUt2m;MGCHrm,0,1,26,23
GLUt2m;MM5ag,0,1,26,23
GLUt2m;MM6bg,0,1,26,23
GLUt2m;MM7Cag,0,1,26,23
GLUt2m;MM8Ag,0,1,26,23
GLUt2m;MOD_3mhop,0,1,26,23
GLUt2m;NACDe,1,2,25,22
GLUt2m;NACPRT,1,2,25,22
GLUt2m;NCAMDe,1,2,25,22
GLUt2m;NDP7g,0,1,26,23
GLUt2m;NMNDA,1,2,25,22
GLUt2m;NMNS,1,3,25,21
GLUt2m;O2tn,1,0,25,24
GLUt2m;PCm,0,1,26,23
GLUt2m;PFK,0,1,26,23
GLUt2m;PIMALtm,0,1,26,23
GLUt2m;PIt2m_2,2,2,24,22
GLUt2m;PItg,0,1,26,23
GLUt2m;PMANM,0,1,26,23
GLUt2m;PVD3,0,1,26,23
GLUt2m;PYRtm,0,1,26,23
GLUt2m;Q10H2e,1,0,25,24
GLUt2m;SO3AKGtm,0,1,26,23
GLUt2m;SO3MALtm,0,1,26,23
GLUt2m;T4HCINNMFM,1,0,25,24
GLUt2m;TYROX,0,1,26,23
GLUt2m;TYRTA,0,1,26,23
GLUt2m;TYRTAm,1,0,25,24
GLUt2m;TYRtl,1,0,25,24
GLUt2m;UAGDP,0,1,26,23
GLUt2m;UDPDOLPT,0,1,26,23
GLUt2m;UGLCNACtg,0,1,26,23
GLUt2m;VD3,0,1,26,23
GLUt2m;q10h2tc,1,0,25,24
GLUtr;Htr,1,0,25,24
GLXtm;NH4tm,0,1,26,23
GLXtm;PIt2m_2,0,1,26,23
GLXtm;THFtm,0,1,26,23
GLXtp;NH4tm,0,1,26,23
GLXtp;PIt2m_2,0,1,26,23
GLXtp;THFtm,0,1,26,23
GLYACm;MTHFR3x,1,0,25,24
GLYACm;PIMALtm,1,0,25,24
GLYACm;SO4AKGtm,1,0,25,24
GLYACm;SO4MALtm,1,0,25,24
GLYACm;THBPT4ACAMDASE,1,0,25,24
GLYACm;THFtm,1,0,25,24
GLYACm;TYR3MO2,1,0,25,24
GLYALDORy;HEX1,0,2,26,22
GLYALDORy;MI1PP,0,1,26,23
GLYALDORy;MTHFC,0,1,26,23
GLYALDORy;MTHFD2,0,1,26,23
GLYATm;GLYtm,0,1,26,23
GLYATm;Htx,0,1,26,23
GLYATm;ICDHyrm,0,1,26,23
GLYATm;ICITMALtm,0,1,26,23
GLYATm;ITCOALm,0,1,26,23
GLYATm;MDHm,0,1,26,23
GLYATm;NADPHtxu,0,1,26,23
GLYATm;NADPtxu,0,1,26,23
GLYATm;OXALSUCCCLm,0,1,26,23
GLYATm;PLA2,0,1,26,23
GLYATm;PPA,0,1,26,23
GLYATm;PYRtm,0,1,26,23
GLYATm;R_group_phosphotase_1,0,1,26,23
GLYATm;Rtotalcoatx,0,1,26,23
GLYATm;Rtotaltp,0,1,26,23
GLYBtm;H2Oter,2,0,24,24
GLYBtm;MTHFC,1,1,25,23
GLYBtm;MTHFD,1,0,25,24
GLYBtm;MTHFD2,0,1,26,23
GLYC3Ptm;GLYC3Ptmc,1,1,25,23
GLYC3Ptm;GLYCtm,0,1,26,23
GLYC3Ptm;GLYKm,0,1,26,23
GLYC3Ptm;GPAM_hs,2,1,24,23
GLYC3Ptm;PGLYCH,0,1,26,23
GLYC3Ptmc;GPAM_hs,6,2,20,22
GLYC3Ptmc;GPAMm_hs,1,0,25,24
GLYC3Ptmc;GTPGDPtm,0,1,26,23
GLYC3Ptmc;H2Oter,1,0,25,24
GLYC3Ptmc;HCO3E,1,0,25,24
GLYC3Ptmc;HCO3Em,1,0,25,24
GLYC3Ptmc;HCO3tm,1,0,25,24
GLYC3Ptmc;HMBS,0,1,26,23
GLYC3Ptmc;HOXG,0,1,26,23
GLYC3Ptmc;L_LACtcm,2,0,24,24
GLYC3Ptmc;L_LACtm,2,0,24,24
GLYC3Ptmc;PHEMEtm,0,1,26,23
GLYC3Ptmc;PPAPA,1,0,25,24
GLYC3Ptmc;PPBNGS,0,1,26,23
GLYC3Ptmc;PPPG9tm,0,1,26,23
GLYC3Ptmc;PPPGOm,0,1,26,23
GLYC3Ptmc;PROAKGOX1m,0,1,26,23
GLYC3Ptmc;PROGLUtm,1,0,25,24
GLYC3Ptmc;PROtm,1,1,25,23
GLYC3Ptmc;RTOTALCRNCPT1,1,0,25,24
GLYC3Ptmc;RTOTALCRNCPT2,1,0,25,24
GLYC3Ptmc;RTOTALCRNt,1,0,25,24
GLYC3Ptmc;R_group_phosphotase_1,1,0,25,24
GLYC3Ptmc;SUCOAS1m,0,1,26,23
GLYC3Ptmc;UPP3S,0,1,26,23
GLYC3Ptmc;UPPDC1,0,1,26,23
GLYCK2;HEX1,0,1,26,23
GLYCK2;MTHFC,0,1,26,23
GLYCK2;MTHFD2,0,1,26,23
GLYCLTtp;GLYtp,0,1,26,23
GLYCLTtp;NH4tm,0,1,26,23
GLYCLTtp;THFtm,0,1,26,23
GLYCTO1p;GLYtp,0,1,26,23
GLYCTO1p;NH4tm,0,1,26,23
GLYCTO1p;THFtm,0,1,26,23
GLYCt;HCO3E,2,0,24,24
GLYCt;THRA,3,0,23,24
GLYOp;NH4tm,0,1,26,23
GLYOp;PIt2m_2,0,1,26,23
GLYOp;THFtm,0,1,26,23
GLYt2r;GLYVESSEC,3,0,23,24
GLYt2r;GTHRDte,1,0,25,24
GLYt2r;GTHS,1,0,25,24
GLYt2r;HCO3Em,1,0,25,24
GLYt2r;HCO3tm,1,0,25,24
GLYt2r;PPM2,1,0,25,24
GLYt2r;THRA,0,2,26,22
GLYt2r;UPPN,1,0,25,24
GLYt2r;URPT,1,0,25,24
GLYt7_311_r;KCCt,0,1,26,23
GLYt7_311_r;SADT,0,1,26,23
GLYt7_311_r;SO4CLtex,1,1,25,23
GLYt7_311_r;SO4t4_2,1,0,25,24
GLYt7_311_r;TYRDOPO,0,1,26,23
GLYtm;H2O2t,0,1,26,23
GLYtm;H2Oter,1,0,25,24
GLYtm;HISD,0,1,26,23
GLYtm;HPROxm,0,1,26,23
GLYtm;HPROym,0,1,26,23
GLYtm;IZPN,0,1,26,23
GLYtm;LCADi,0,1,26,23
GLYtm;LDH_L,0,1,26,23
GLYtm;LSTO2r,0,1,26,23
GLYtm;MGSA,0,1,26,23
GLYtm;MTHFC,1,2,25,22
GLYtm;MTHFD,1,0,25,24
GLYtm;MTHFD2,0,1,26,23
GLYtm;MTHFR3x,1,0,25,24
GLYtm;MTHGXLt,0,1,26,23
GLYtm;PVD3,0,1,26,23
GLYtm;THBPT4ACAMDASE,1,0,25,24
GLYtm;TYR3MO2,1,0,25,24
GLYtm;URCN,0,1,26,23
GLYtm;VD3,0,1,26,23
GLYtp;H2Oter,1,0,25,24
GLYtp;HPYRDC,0,1,26,23
GLYtp;HPYRtp,0,1,26,23
GLYtp;PIt2m_2,0,1,26,23
GLYtp;SERtp,0,1,26,23
GLYtp;SPTx,0,1,26,23
GMAND;GPAT,0,1,26,23
GMAND;GT1Ate,1,0,25,24
GMAND;GT1Atg,1,0,25,24
GMAND;KCC2t,0,1,26,23
GMAND;MAL_Lte,2,0,24,24
GMAND;METDECARc,0,1,26,23
GMAND;METTRANSc,0,1,26,23
GMAND;NDP7er,1,0,25,24
GMAND;NDPK8,2,0,24,24
GMAND;PNTK,1,0,25,24
GMAND;PNTOte,1,0,25,24
GMAND;PPCDC,1,0,25,24
GMAND;PPItm,1,0,25,24
GMAND;PPNCL2,1,0,25,24
GMAND;PTPAT,1,0,25,24
GMAND;ST3GAL21g,1,0,25,24
GMAND;ST6GALNAC31,1,0,25,24
GMAND;ST8SIA53g,1,0,25,24
GMAND;TPI,3,0,23,24
GMAND;UAG4E,1,0,25,24
GMAND;UDPGALt2r,1,0,25,24
GMAND;UDPGD,0,1,26,23
GMAND;UDPGGPGTr,1,0,25,24
GMAND;UGALNACtg,1,0,25,24
GMAND;UGCGc,1,0,25,24
GMAND;UMPK5,0,1,26,23
GMAND;UMPtr,1,0,25,24
GMPtg;GPAT,0,1,26,23
GMPtg;GULLACter,1,0,25,24
GMPtg;GULOer,1,0,25,24
GMPtg;H2O2ter,1,0,25,24
GMPtg;HAS1,1,0,25,24
GMPtg;HAS2,1,0,25,24
GMPtg;HAtly,1,0,25,24
GMPtg;HYAL,1,0,25,24
GMPtg;KCC2t,0,1,26,23
GMPtg;MAL_Lte,1,0,25,24
GMPtg;METDECARc,0,1,26,23
GMPtg;METTRANSc,0,1,26,23
GMPtg;NDPK8,1,0,25,24
GMPtg;PPItm,1,0,25,24
GMPtg;TPI,2,0,24,24
GMPtg;UDPGD,1,1,25,23
GMPtg;UMPK5,0,1,26,23
GMPtg;UROLACer,1,0,25,24
GMPtr;MAL_Lte,1,0,25,24
GMPtr;PNTK,1,0,25,24
GMPtr;PNTOte,1,0,25,24
GMPtr;PPCDC,1,0,25,24
GMPtr;PPNCL2,1,0,25,24
GMPtr;PTPAT,1,0,25,24
GND;NACDe,0,1,26,23
GND;NACPRT,0,1,26,23
GND;NCAMDe,0,1,26,23
GND;NMNDA,0,1,26,23
GND;NMNS,0,2,26,22
GND;PGI,0,2,26,22
GND;RPE,0,2,26,22
GND;RU5Ptr,0,1,26,23
GND;TALA,0,2,26,22
GND;TKT1,0,2,26,22
GND;TKT2,0,2,26,22
GNDer;NADPHtru,1,0,25,24
GNDer;NADPtru,1,0,25,24
GNDer;PFK_3,1,0,25,24
GNDer;PGI,1,0,25,24
GNDer;RPE,1,0,25,24
GNDer;RU5Ptr,1,0,25,24
GNDer;TALA,1,0,25,24
GNDer;TKT1,1,0,25,24
GNDer;TKT2,1,0,25,24
GNOFPGALTg;MAL_Lte,1,0,25,24
GNOFPGALTg;PNTK,1,0,25,24
GNOFPGALTg;PNTOte,1,0,25,24
GNOFPGALTg;PPCDC,1,0,25,24
GNOFPGALTg;PPNCL2,1,0,25,24
GNOFPGALTg;PTPAT,1,0,25,24
GPAM_hs;GPAMm_hs,10,4,16,20
GPAM_hs;NDPK3m,0,1,26,23
GPAM_hs;NTD4,1,0,25,24
GPAM_hs;PIATPLtm,0,1,26,23
GPAM_hs;PIt2m_2,0,1,26,23
GPAM_hs;PPAm,1,0,25,24
GPAM_hs;PPCOACRNtm,0,3,26,21
GPAM_hs;PPCOAtm,0,3,26,21
GPAM_hs;PPItm,6,3,20,21
GPAM_hs;RTOTALCRNCPT1,10,4,16,20
GPAM_hs;RTOTALCRNCPT2,10,4,16,20
GPAM_hs;RTOTALCRNt,10,4,16,20
GPAM_hs;URIDK2,0,1,26,23
GPAMm_hs;HCO3E,1,0,25,24
GPAMm_hs;HCO3Em,1,0,25,24
GPAMm_hs;HCO3tm,1,0,25,24
GPAMm_hs;L_LACtcm,2,0,24,24
GPAMm_hs;L_LACtm,2,0,24,24
GPAMm_hs;PPAPA,2,0,24,24
GPAT;H2Otg,0,1,26,23
GPAT;H2Otly,0,1,26,23
GPAT;Htg,0,1,26,23
GPAT;IDHPOXOX2b,0,1,26,23
GPAT;IDHPOXOX3,0,1,26,23
GPAT;IDHPOXOXb,0,1,26,23
GPAT;ILEOX,0,1,26,23
GPAT;ILETA,0,1,26,23
GPAT;LCYSTCBOXL,0,1,26,23
GPAT;MAN1PT2,0,1,26,23
GPAT;MAN6PI,0,1,26,23
GPAT;NAIt,0,1,26,23
GPAT;NDP7g,0,1,26,23
GPAT;PAPStg,0,1,26,23
GPAT;PAPtg,0,1,26,23
GPAT;PGI,0,1,26,23
GPAT;PItg,0,1,26,23
GPAT;PMANM,0,1,26,23
GPAT;SADT,0,2,26,22
GPAT;SO4CLtex,0,1,26,23
GPAT;SO4tl,0,1,26,23
GPAT;TAURCHAe,0,1,26,23
GPAT;THRA,0,1,26,23
GPAT;THYPX,0,1,26,23
GPAT;TRIODTHYt,0,1,26,23
GPAT;UAGDP,0,1,26,23
GPAT;UDPG4E,0,1,26,23
GPAT;UDPGALtg,0,1,26,23
GPAT;UGLCNACtg,0,1,26,23
GPAT;UMPK,0,1,26,23
GPCCPDE2;THRA,1,0,25,24
GPCCPDE;THRA,1,0,25,24
GT1Ate;MAN6PI,1,0,25,24
GT1Atg;MAN6PI,1,0,25,24
GTHDH;PYRAKGte,1,0,25,24
GTHDH;PYRFORte,1,0,25,24
GTHOm;NADH2_u10m,1,2,25,22
GTHOm;PPM2,1,0,25,24
GTHOm;TRDOXtm,1,0,25,24
GTHOm;TRDRDtm,1,0,25,24
GTHOm;TRDRm,1,0,25,24
GTHOm;URPT,1,0,25,24
GTHP;GULLACter,0,1,26,23
GTHP;GULOer,0,1,26,23
GTHP;H2O2ter,0,1,26,23
GTHP;H2O2tly,0,1,26,23
GTHP;HAS1,0,1,26,23
GTHP;HAS2,0,1,26,23
GTHP;HAtly,0,1,26,23
GTHP;HCO3Ee,0,1,26,23
GTHP;HYAL,0,1,26,23
GTHP;MEOHtly,0,1,26,23
GTHP;PPA,0,1,26,23
GTHP;PRDXl,0,1,26,23
GTHP;THBPT4ACAMDASE,0,1,26,23
GTHP;TYRDOPOX,0,1,26,23
GTHP;UDPGD,0,1,26,23
GTHP;UROLACer,0,1,26,23
GTHPm;NADH2_u10m,1,2,25,22
GTHPm;PPM2,1,0,25,24
GTHPm;TRDOXtm,1,0,25,24
GTHPm;TRDRDtm,1,0,25,24
GTHPm;TRDRm,1,0,25,24
GTHPm;URPT,1,0,25,24
GTHRDt;HCO3Ee,0,1,26,23
GTHRDt;HCO3tm,0,1,26,23
GTHRDt;HPROxm,0,1,26,23
GTHRDt;HPROym,0,1,26,23
GTHRDt;MAL_Lte,0,1,26,23
GTHRDt;PPCOACRNtm,0,1,26,23
GTHRDt;PPCOAtm,0,1,26,23
GTHRDt;THFtm,0,1,26,23
GTHRDte;MAL_Lte,0,1,26,23
GTHRDtr;Htr,1,0,25,24
GTHS;Htr,1,0,25,24
GTHS;MAL_Lte,0,1,26,23
GTPGDPtm;H2Otg,0,1,26,23
GTPGDPtm;H2Otm,1,1,25,23
GTPGDPtm;HCO3Ee,0,1,26,23
GTPGDPtm;HCO3Em,0,2,26,22
GTPGDPtm;Htg,0,1,26,23
GTPGDPtm;ICITCITtm,1,0,25,24
GTPGDPtm;ICITMALtm,1,0,25,24
GTPGDPtm;ILEOX,0,1,26,23
GTPGDPtm;ILETA,0,1,26,23
GTPGDPtm;ITCOALm,1,1,25,23
GTPGDPtm;KYNAKGAT,1,0,25,24
GTPGDPtm;KYNATESYN,1,0,25,24
GTPGDPtm;KYNATEtr,1,0,25,24
GTPGDPtm;LEUTA,0,2,26,22
GTPGDPtm;MAL_Lte,1,1,25,23
GTPGDPtm;MCCCm,0,2,26,22
GTPGDPtm;MDHm,1,0,25,24
GTPGDPtm;METOX,0,1,26,23
GTPGDPtm;MGCHrm,0,2,26,22
GTPGDPtm;MOD_3mhop,0,2,26,22
GTPGDPtm;MTHFR3x,1,0,25,24
GTPGDPtm;NDP7g,0,1,26,23
GTPGDPtm;NDPK1,0,2,26,22
GTPGDPtm;PCm,0,1,26,23
GTPGDPtm;PIt2m_2,1,1,25,23
GTPGDPtm;PItg,0,1,26,23
GTPGDPtm;PVD3,0,1,26,23
GTPGDPtm;PYRt2r,0,1,26,23
GTPGDPtm;PYRtm,1,0,25,24
GTPGDPtm;THBPT4ACAMDASE,1,0,25,24
GTPGDPtm;TRPO2,1,0,25,24
GTPGDPtm;TYR3MO2,1,0,25,24
GTPGDPtm;TYROX,0,1,26,23
GTPGDPtm;TYRTA,0,1,26,23
GTPGDPtm;UNK3,0,1,26,23
GTPGDPtm;VD3,0,1,26,23
GTPGDPtm;VITD3Hm,0,1,26,23
GTPGDPtm;VITD3tm,0,1,26,23
GULLACter;H2Otg,0,1,26,23
GULLACter;HEX12,0,1,26,23
GULLACter;HEX4,1,0,25,24
GULLACter;Htg,0,1,26,23
GULLACter;KCC2t,0,1,26,23
GULLACter;M1316Mg,1,0,25,24
GULLACter;M13N2Tg,1,0,25,24
GULLACter;M16NT1g,1,0,25,24
GULLACter;M4MPDOL_ter,1,0,25,24
GULLACter;M7MASNBterg,1,0,25,24
GULLACter;MAN1PT2,0,2,26,22
GULLACter;MAN6PI,0,2,26,22
GULLACter;MANter,1,0,25,24
GULLACter;MANtg,1,0,25,24
GULLACter;MANtly,1,0,25,24
GULLACter;METDECARc,0,1,26,23
GULLACter;METTRANSc,0,1,26,23
GULLACter;MG1er,1,0,25,24
GULLACter;MG2er,1,0,25,24
GULLACter;MG3er,1,0,25,24
GULLACter;MM5bg,1,0,25,24
GULLACter;MM6B1ag,1,0,25,24
GULLACter;MM7B1g,1,0,25,24
GULLACter;MM8Ber,1,0,25,24
GULLACter;NDP7g,0,1,26,23
GULLACter;NDPK8,1,0,25,24
GULLACter;PIter,1,0,25,24
GULLACter;PItg,0,1,26,23
GULLACter;PMANM,0,2,26,22
GULLACter;PPItm,1,0,25,24
GULLACter;S26Tg,1,0,25,24
GULLACter;S2L2FN2M2MASNt,1,0,25,24
GULLACter;S2L2FN2M2MASNtly,1,0,25,24
GULLACter;SIAASEly,1,0,25,24
GULLACter;TPI,1,0,25,24
GULLACter;UDPDOLPT,1,0,25,24
GULLACter;UGLCNACtg,0,1,26,23
GULOer;H2Otg,0,1,26,23
GULOer;HEX12,0,1,26,23
GULOer;HEX4,1,0,25,24
GULOer;Htg,0,1,26,23
GULOer;KCC2t,0,1,26,23
GULOer;M1316Mg,1,0,25,24
GULOer;M13N2Tg,1,0,25,24
GULOer;M16NT1g,1,0,25,24
GULOer;M4MPDOL_ter,1,0,25,24
GULOer;M7MASNBterg,1,0,25,24
GULOer;MAN1PT2,0,2,26,22
GULOer;MAN6PI,0,2,26,22
GULOer;MANter,1,0,25,24
GULOer;MANtg,1,0,25,24
GULOer;MANtly,1,0,25,24
GULOer;METDECARc,0,1,26,23
GULOer;METTRANSc,0,1,26,23
GULOer;MG1er,1,0,25,24
GULOer;MG2er,1,0,25,24
GULOer;MG3er,1,0,25,24
GULOer;MM5bg,1,0,25,24
GULOer;MM6B1ag,1,0,25,24
GULOer;MM7B1g,1,0,25,24
GULOer;MM8Ber,1,0,25,24
GULOer;NDP7g,0,1,26,23
GULOer;NDPK8,1,0,25,24
GULOer;PIter,1,0,25,24
GULOer;PItg,0,1,26,23
GULOer;PMANM,0,2,26,22
GULOer;PPItm,1,0,25,24
GULOer;S26Tg,1,0,25,24
GULOer;S2L2FN2M2MASNt,1,0,25,24
GULOer;S2L2FN2M2MASNtly,1,0,25,24
GULOer;SIAASEly,1,0,25,24
GULOer;TPI,1,0,25,24
GULOer;UDPDOLPT,1,0,25,24
GULOer;UGLCNACtg,0,1,26,23
GluForTx;GLYtm,0,1,26,23
GluForTx;MTHFCm,0,1,26,23
GluForTx;MTHFD,0,2,26,22
GluForTx;MTHFD2,0,4,26,20
GluForTx;MTHFDm,0,1,26,23
GluForTx;SERTm,0,1,26,23
GluForTx;SERt4,0,3,26,21
H2O2syn;MTHFR3x,1,0,25,24
H2O2syn;THBPT4ACAMDASE,1,0,25,24
H2O2t;ARTFR41,0,1,26,23
H2O2t;H2Otg,0,1,26,23
H2O2t;HCO3Ee,0,1,26,23
H2O2t;HCO3Em,0,2,26,22
H2O2t;HCO3tm,0,2,26,22
H2O2t;Htg,0,1,26,23
H2O2t;ICITCITtm,0,1,26,23
H2O2t;ICITMALtm,0,1,26,23
H2O2t;IDHPOXOX2b,0,1,26,23
H2O2t;IDHPOXOX4,0,1,26,23
H2O2t;IDHPOXOXb,0,1,26,23
H2O2t;KCC2t,0,1,26,23
H2O2t;MAN1PT2,0,1,26,23
H2O2t;MAN6PI,0,1,26,23
H2O2t;MDH,0,1,26,23
H2O2t;NAIt,0,1,26,23
H2O2t;NDP7g,0,1,26,23
H2O2t;O2t,0,2,26,22
H2O2t;OBDHc,0,1,26,23
H2O2t;PIt2m_2,0,1,26,23
H2O2t;PItg,0,1,26,23
H2O2t;PLMCOAPTr,0,1,26,23
H2O2t;PMANM,0,1,26,23
H2O2t;PMTCOAFABP1tc,0,1,26,23
H2O2t;PPCOAOm,0,1,26,23
H2O2t;PRPNCOAHYDm,0,1,26,23
H2O2t;RTOT4,0,1,26,23
H2O2t;SADT,0,1,26,23
H2O2t;SO4CLtex,0,1,26,23
H2O2t;THRA,0,1,26,23
H2O2t;THRD_L,0,1,26,23
H2O2t;THYPX,0,1,26,23
H2O2t;THYST,0,1,26,23
H2O2t;TTDCPT1,0,1,26,23
H2O2t;TTDCPT2,0,1,26,23
H2O2t;TTDCRNt,0,1,26,23
H2O2t;UGLCNACtg,0,1,26,23
H2O2ter;H2Otg,0,1,26,23
H2O2ter;HEX12,0,1,26,23
H2O2ter;HEX4,1,0,25,24
H2O2ter;Htg,0,1,26,23
H2O2ter;KCC2t,0,1,26,23
H2O2ter;M1316Mg,1,0,25,24
H2O2ter;M13N2Tg,1,0,25,24
H2O2ter;M16NT1g,1,0,25,24
H2O2ter;M4MPDOL_ter,1,0,25,24
H2O2ter;M7MASNBterg,1,0,25,24
H2O2ter;MAN1PT2,0,2,26,22
H2O2ter;MAN6PI,0,2,26,22
H2O2ter;MANter,1,0,25,24
H2O2ter;MANtg,1,0,25,24
H2O2ter;MANtly,1,0,25,24
H2O2ter;METDECARc,0,1,26,23
H2O2ter;METTRANSc,0,1,26,23
H2O2ter;MG1er,1,0,25,24
H2O2ter;MG2er,1,0,25,24
H2O2ter;MG3er,1,0,25,24
H2O2ter;MM5bg,1,0,25,24
H2O2ter;MM6B1ag,1,0,25,24
H2O2ter;MM7B1g,1,0,25,24
H2O2ter;MM8Ber,1,0,25,24
H2O2ter;NDP7g,0,1,26,23
H2O2ter;NDPK8,1,0,25,24
H2O2ter;PIter,1,0,25,24
H2O2ter;PItg,0,1,26,23
H2O2ter;PMANM,0,2,26,22
H2O2ter;PPItm,1,0,25,24
H2O2ter;S26Tg,1,0,25,24
H2O2ter;S2L2FN2M2MASNt,1,0,25,24
H2O2ter;S2L2FN2M2MASNtly,1,0,25,24
H2O2ter;SIAASEly,1,0,25,24
H2O2ter;TPI,1,0,25,24
H2O2ter;UDPDOLPT,1,0,25,24
H2O2ter;UGLCNACtg,0,1,26,23
H2O2tly;H2Otly,2,0,24,24
H2O2tly;IDHPOXOX2b,1,0,25,24
H2O2tly;IDHPOXOX4,1,0,25,24
H2O2tly;IDHPOXOXb,1,0,25,24
H2O2tly;It,1,0,25,24
H2O2tly;LCYSTCBOXL,1,0,25,24
H2O2tly;SADT,1,0,25,24
H2O2tly;TAURCHAe,1,0,25,24
H2O2tly;THYPX,1,0,25,24
H2O2tly;THYST,1,0,25,24
H2O2tm;NADH2_u10m,1,2,25,22
H2O2tm;PPM2,1,0,25,24
H2O2tm;TRDOXtm,1,0,25,24
H2O2tm;TRDRDtm,1,0,25,24
H2O2tm;TRDRm,1,0,25,24
H2O2tm;URPT,1,0,25,24
H2O2tn;O2t,3,5,23,19
H2O2tn;O2tn,0,1,26,23
H2O2tp;H2Oter,1,0,25,24
H2O2tp;Htr,1,2,25,22
H2O2tp;NH4tm,0,1,26,23
H2O2tp;PIt2m_2,0,1,26,23
H2O2tp;PRDX,1,0,25,24
H2O2tp;THFtm,0,1,26,23
H2Ot;HEX12,0,1,26,23
H2Ot;MGSA,0,1,26,23
H2Ot;MTHGXLt,0,1,26,23
H2Ot;NAt,0,1,26,23
H2Ot;NMNS,1,0,25,24
H2Ot;RNAdeg,0,2,26,22
H2Ot;UREAt,0,1,26,23
H2Ot;UREAt5,0,1,26,23
H2Oter;ACITLn,1,0,25,24
H2Oter;ADPtn,1,0,25,24
H2Oter;ARTFR12,1,0,25,24
H2Oter;ARTFR41,2,1,24,23
H2Oter;CITtn,1,0,25,24
H2Oter;H2Otm,2,0,24,24
H2Oter;H2Otp,1,0,25,24
H2Oter;H3K27MET_1,1,0,25,24
H2Oter;H3K27MET_2,1,0,25,24
H2Oter;H3K27MET_3,1,0,25,24
H2Oter;H3K27_synthesis,1,0,25,24
H2Oter;HACD180,2,0,24,24
H2Oter;HACD201,2,0,24,24
H2Oter;HACD221,2,0,24,24
H2Oter;HACD241,2,0,24,24
H2Oter;HCO3E,1,0,25,24
H2Oter;HCO3Em,1,0,25,24
H2Oter;HCO3tm,2,0,24,24
H2Oter;HKYNH,1,0,25,24
H2Oter;HMGDH,2,0,24,24
H2Oter;HMGS,2,0,24,24
H2Oter;HSD17B1,0,1,26,23
H2Oter;HSD17B7r,0,1,26,23
H2Oter;HSD180,2,0,24,24
H2Oter;HSD201,2,0,24,24
H2Oter;HSD221,2,0,24,24
H2Oter;HSD241,2,0,24,24
H2Oter;Htr,3,1,23,23
H2Oter;ICDHyrm,1,0,25,24
H2Oter;ICITCITtm,1,0,25,24
H2Oter;ILETA,1,0,25,24
H2Oter;ILETAm,1,0,25,24
H2Oter;ILEt5m,1,0,25,24
H2Oter;KYN3OX,1,0,25,24
H2Oter;L2AADPL2AADP6SAtm,1,0,25,24
H2Oter;LHCYSTIN,1,0,25,24
H2Oter;LHCYSTINt,1,0,25,24
H2Oter;LYStm,1,0,25,24
H2Oter;LYStn,1,0,25,24
H2Oter;L_LACtcm,2,0,24,24
H2Oter;L_LACtm,2,0,24,24
H2Oter;MALCOAMT,2,0,24,24
H2Oter;MALCOAMTr,2,0,24,24
H2Oter;MAL_Lte,1,0,25,24
H2Oter;MDH,1,0,25,24
H2Oter;METAT,3,0,23,24
H2Oter;MTHFCm,1,0,25,24
H2Oter;MTHFDm,1,0,25,24
H2Oter;MTHFR3x,1,0,25,24
H2Oter;NADH2_u10m,1,0,25,24
H2Oter;NADPHtxu,1,0,25,24
H2Oter;NADPtxu,1,0,25,24
H2Oter;NH4tm,1,0,25,24
H2Oter;NRVNCCOAtr,2,0,24,24
H2Oter;NRVNCCOAtxc,2,0,24,24
H2Oter;O2t,2,0,24,24
H2Oter;O2tp,2,0,24,24
H2Oter;OAAtn,1,0,25,24
H2Oter;OXALSUCCCLm,1,0,25,24
H2Oter;OXOADLR,2,0,24,24
H2Oter;PA_HSter,0,1,26,23
H2Oter;PCHOLPr_hs,0,1,26,23
H2Oter;PCHOL_HSter,0,1,26,23
H2Oter;PCLAD,1,0,25,24
H2Oter;PFK2,1,0,25,24
H2Oter;PGMT,0,1,26,23
H2Oter;PIter,4,1,22,23
H2Oter;PItn,1,0,25,24
H2Oter;PLA2,1,0,25,24
H2Oter;PLMCOAPTr,3,1,23,23
H2Oter;PMTCOAFABP1tc,1,0,25,24
H2Oter;PPA,1,1,25,23
H2Oter;PPAPA,0,1,26,23
H2Oter;PRISTANALtx,1,0,25,24
H2Oter;PRISTtx,1,0,25,24
H2Oter;PYK,1,0,25,24
H2Oter;PYK7,1,0,25,24
H2Oter;RTOT4,1,0,25,24
H2Oter;R_group_phosphotase_1,1,0,25,24
H2Oter;Rtotalcoatx,1,0,25,24
H2Oter;Rtotaltp,1,0,25,24
H2Oter;SACCD2,1,0,25,24
H2Oter;SARCOXp,1,0,25,24
H2Oter;SARCStm,1,0,25,24
H2Oter;SARCStp,1,0,25,24
H2Oter;SARDHm,1,0,25,24
H2Oter;SBPP3er,0,1,26,23
H2Oter;SE10,2,0,24,24
H2Oter;SFGTH,2,0,24,24
H2Oter;SOAT6,2,0,24,24
H2Oter;SPHINGStr,0,1,26,23
H2Oter;SPHK21c,0,1,26,23
H2Oter;SPHS1Ptr,0,1,26,23
H2Oter;TD2GLTRCOAm,2,0,24,24
H2Oter;TECR180,2,0,24,24
H2Oter;TECR201,2,0,24,24
H2Oter;TECR221,2,0,24,24
H2Oter;TECR241,2,0,24,24
H2Oter;THFtm,3,0,23,24
H2Oter;TPI,1,0,25,24
H2Oter;TRPO2,1,0,25,24
H2Oter;peplys_synthesis,1,0,25,24
H2Otg;H2Otly,0,1,26,23
H2Otg;HAS1,0,3,26,21
H2Otg;HAS2,0,3,26,21
H2Otg;HAtly,0,1,26,23
H2Otg;HEX12,0,1,26,23
H2Otg;HMBS,0,2,26,22
H2Otg;HOXG,0,2,26,22
H2Otg;HYAL,0,1,26,23
H2Otg;HYALe,0,2,26,22
H2Otg;Htr,2,1,24,23
H2Otg;KCC2t,0,1,26,23
H2Otg;MAL_Lte,2,1,24,23
H2Otg;METDECARc,0,1,26,23
H2Otg;METTRANSc,0,1,26,23
H2Otg;NDP7er,0,2,26,22
H2Otg;NDPK8,2,0,24,24
H2Otg;PFK2,0,1,26,23
H2Otg;PGI,0,1,26,23
H2Otg;PHEMEtm,0,1,26,23
H2Otg;PNTK,1,0,25,24
H2Otg;PNTOte,1,0,25,24
H2Otg;PPAer,0,1,26,23
H2Otg;PPBNGS,0,2,26,22
H2Otg;PPCDC,1,0,25,24
H2Otg;PPIPItr,0,1,26,23
H2Otg;PPItm,1,0,25,24
H2Otg;PPNCL2,1,0,25,24
H2Otg;PPPG9tm,0,2,26,22
H2Otg;PPPGOm,0,2,26,22
H2Otg;PROAKGOX1m,0,1,26,23
H2Otg;PROtm,0,1,26,23
H2Otg;PTPAT,1,0,25,24
H2Otg;PYK,1,0,25,24
H2Otg;R5Ptr,2,2,24,22
H2Otg;RPI,0,1,26,23
H2Otg;RPIr,2,2,24,22
H2Otg;RU5Ptr,2,2,24,22
H2Otg;R_group_phosphotase_1,0,1,26,23
H2Otg;Rtotaltl,0,1,26,23
H2Otg;SMPD3l,0,1,26,23
H2Otg;SPHINGStl,0,1,26,23
H2Otg;SPHK21c,0,1,26,23
H2Otg;SPHMYLNtl,0,1,26,23
H2Otg;SPHS1Pte,0,1,26,23
H2Otg;SUCOAS1m,0,1,26,23
H2Otg;TPI,3,0,23,24
H2Otg;TYRDOPO,0,1,26,23
H2Otg;UDPGCURtr,0,1,26,23
H2Otg;UDPGD,0,5,26,19
H2Otg;UGT1A2r,0,1,26,23
H2Otg;UMPK5,0,1,26,23
H2Otg;UMPtr,0,1,26,23
H2Otg;UPP3S,0,2,26,22
H2Otg;UPPDC1,0,2,26,22
H2Otg;UROLACer,0,1,26,23
H2Otly;HEX12,0,1,26,23
H2Otly;Htg,0,1,26,23
H2Otly;KCC2t,0,1,26,23
H2Otly;MAN1PT2,0,2,26,22
H2Otly;MAN6PI,0,2,26,22
H2Otly;MEOHtly,2,0,24,24
H2Otly;METDECARc,0,1,26,23
H2Otly;METTRANSc,0,1,26,23
H2Otly;NDP7g,0,1,26,23
H2Otly;NDPK8,1,0,25,24
H2Otly;PItg,0,1,26,23
H2Otly;PMANM,0,2,26,22
H2Otly;PNTK,1,0,25,24
H2Otly;PNTOte,1,0,25,24
H2Otly;PPCDC,1,0,25,24
H2Otly;PPItm,1,0,25,24
H2Otly;PPNCL2,1,0,25,24
H2Otly;PRDXl,2,0,24,24
H2Otly;PTPAT,1,0,25,24
H2Otly;TPI,1,0,25,24
H2Otly;UGLCNACtg,0,1,26,23
H2Otly;UMPK5,0,1,26,23
H2Otm;ARTFR12,1,0,25,24
H2Otm;HMBS,1,0,25,24
H2Otm;HOXG,1,0,25,24
H2Otm;HSD3B11,1,0,25,24
H2Otm;Htm,2,0,24,24
H2Otm;ILETAm,2,0,24,24
H2Otm;ILEt5m,2,0,24,24
H2Otm;NADH2_u10m,5,0,21,24
H2Otm;NDP6,1,0,25,24
H2Otm;NDP7er,1,0,25,24
H2Otm;NTD2,1,0,25,24
H2Otm;NTD3,1,0,25,24
H2Otm;NTD5,0,1,26,23
H2Otm;OXOADLR,1,0,25,24
H2Otm;P45011A1m,1,0,25,24
H2Otm;PHEMEtm,1,0,25,24
H2Otm;PIt2m_2,0,1,26,23
H2Otm;PLMCOAPTr,1,0,25,24
H2Otm;PMTCOAFABP1tc,1,0,25,24
H2Otm;PPBNGS,1,0,25,24
H2Otm;PPCOACRNtm,0,1,26,23
H2Otm;PPCOAtm,0,1,26,23
H2Otm;PPItm,1,1,25,23
H2Otm;PPM,1,0,25,24
H2Otm;PPM2,1,1,25,23
H2Otm;PPPG9tm,1,0,25,24
H2Otm;PPPGOm,1,0,25,24
H2Otm;PRGNLONEtm,1,0,25,24
H2Otm;PRGSTRNt,1,0,25,24
H2Otm;PROAKGOX1m,1,0,25,24
H2Otm;PYNP2r,1,0,25,24
H2Otm;PYRAKGte,1,0,25,24
H2Otm;SACCD2,1,0,25,24
H2Otm;SUCOAS1m,1,0,25,24
H2Otm;TD2GLTRCOAm,1,0,25,24
H2Otm;THYMt,0,1,26,23
H2Otm;TMDPP,0,1,26,23
H2Otm;UDPGCURtr,1,0,25,24
H2Otm;UDPGD,1,0,25,24
H2Otm;UGT1A2r,1,0,25,24
H2Otm;UMPtr,1,0,25,24
H2Otm;UPP3S,1,0,25,24
H2Otm;UPPDC1,1,0,25,24
H2Otm;UPPN,3,0,23,24
H2Otn;HCO3_2NAt,1,0,25,24
H2Otn;O2t,0,1,26,23
H2Otn;PPItn,5,1,21,23
H2Otp;HACD180,1,0,25,24
H2Otp;HACD201,1,0,25,24
H2Otp;HACD221,1,0,25,24
H2Otp;HACD241,1,0,25,24
H2Otp;HSD180,1,0,25,24
H2Otp;HSD201,1,0,25,24
H2Otp;HSD221,1,0,25,24
H2Otp;HSD241,1,0,25,24
H2Otp;Htr,1,2,25,22
H2Otp;MALCOAMT,1,0,25,24
H2Otp;MALCOAMTr,1,0,25,24
H2Otp;NH4tm,0,1,26,23
H2Otp;NRVNCCOAtr,1,0,25,24
H2Otp;NRVNCCOAtxc,1,0,25,24
H2Otp;O2tp,1,0,25,24
H2Otp;PIt2m_2,0,1,26,23
H2Otp;PMTCOAFABP1tc,1,0,25,24
H2Otp;PRISTANALtx,1,0,25,24
H2Otp;PRISTtx,1,0,25,24
H2Otp;SE10,1,0,25,24
H2Otp;SOAT6,1,0,25,24
H2Otp;TECR180,1,0,25,24
H2Otp;TECR201,1,0,25,24
H2Otp;TECR221,1,0,25,24
H2Otp;TECR241,1,0,25,24
H2Otp;THFtm,0,1,26,23
H2Stm;MAL_Lte,1,0,25,24
H3K9MET_2;H3K9DMET_1,0,1,26,23
H3K9MET_3;H3K9DMET_1,0,1,26,23
H3K9_synthesis;H3K9DMET_1,0,1,26,23
HACD180;ARTFR12,0,1,26,23
HACD180;ARTFR33,0,1,26,23
HACD180;ARTFR41,1,2,25,22
HACD180;HACD181,0,1,26,23
HACD180;HSD181,0,1,26,23
HACD180;Htr,1,1,25,23
HACD180;OCTD11ECOAtr,0,1,26,23
HACD180;PLMCOAPTr,1,3,25,21
HACD180;PNTK,1,3,25,21
HACD180;PNTOt1,0,2,26,22
HACD180;PNTOte,1,1,25,23
HACD180;PPCDC,1,3,25,21
HACD180;PPNCL2,1,2,25,22
HACD180;PPNCL3,0,1,26,23
HACD180;PRDX,1,0,25,24
HACD180;PTPAT,1,3,25,21
HACD180;RTOT3,0,1,26,23
HACD180;TECR181,0,1,26,23
HACD181;HSD180,0,1,26,23
HACD181;TECR180,0,1,26,23
HACD1m;LDH_L,0,1,26,23
HACD1m;LDH_Lm,0,1,26,23
HACD1m;L_LACtm,0,1,26,23
HACD200;L2AADPL2AADP6SAtm,1,0,25,24
HACD200;LYSCITRt2m,1,0,25,24
HACD200;OXOADLR,1,0,25,24
HACD200;PIMALtm,1,0,25,24
HACD200;PROGLUtm,1,0,25,24
HACD200;PROtm,1,0,25,24
HACD200;PYRAKGte,1,0,25,24
HACD200;SACCD4m,1,0,25,24
HACD200;SO3AKGtm,1,0,25,24
HACD200;SO3MALtm,1,0,25,24
HACD200;TD2GLTRCOAm,1,0,25,24
HACD201;ARTFR32,0,1,26,23
HACD201;ARTFR42,1,4,25,20
HACD201;Htr,2,2,24,22
HACD201;OCDE9ECOAtr,1,5,25,19
HACD201;PRDX,1,0,25,24
HACD201;RTOT3,0,1,26,23
HACD220;L2AADPL2AADP6SAtm,1,0,25,24
HACD220;LYSCITRt2m,1,0,25,24
HACD220;OXOADLR,1,0,25,24
HACD220;PIMALtm,1,0,25,24
HACD220;PROGLUtm,1,0,25,24
HACD220;PROtm,1,0,25,24
HACD220;PYRAKGte,1,0,25,24
HACD220;SACCD4m,1,0,25,24
HACD220;SO3AKGtm,1,0,25,24
HACD220;SO3MALtm,1,0,25,24
HACD220;TD2GLTRCOAm,1,0,25,24
HACD221;ARTFR32,0,1,26,23
HACD221;ARTFR42,1,4,25,20
HACD221;Htr,2,2,24,22
HACD221;OCDE9ECOAtr,1,5,25,19
HACD221;PRDX,1,0,25,24
HACD221;RTOT3,0,1,26,23
HACD240;L2AADPL2AADP6SAtm,1,0,25,24
HACD240;LYSCITRt2m,1,0,25,24
HACD240;OXOADLR,1,0,25,24
HACD240;PIMALtm,1,0,25,24
HACD240;PROGLUtm,1,0,25,24
HACD240;PROtm,1,0,25,24
HACD240;PYRAKGte,1,0,25,24
HACD240;SACCD4m,1,0,25,24
HACD240;SO3AKGtm,1,0,25,24
HACD240;SO3MALtm,1,0,25,24
HACD240;TD2GLTRCOAm,1,0,25,24
HACD241;ARTFR32,0,1,26,23
HACD241;ARTFR42,1,4,25,20
HACD241;Htr,2,2,24,22
HACD241;OCDE9ECOAtr,1,5,25,19
HACD241;PRDX,1,0,25,24
HACD241;RTOT3,0,1,26,23
HACD260;L2AADPL2AADP6SAtm,1,0,25,24
HACD260;LYSCITRt2m,1,0,25,24
HACD260;OXOADLR,1,0,25,24
HACD260;PIMALtm,1,0,25,24
HACD260;PROGLUtm,1,0,25,24
HACD260;PROtm,1,0,25,24
HACD260;PYRAKGte,1,0,25,24
HACD260;SACCD4m,1,0,25,24
HACD260;SO3AKGtm,1,0,25,24
HACD260;SO3MALtm,1,0,25,24
HACD260;TD2GLTRCOAm,1,0,25,24
HAS1;HEX12,0,1,26,23
HAS1;HEX4,1,0,25,24
HAS1;Htg,0,3,26,21
HAS1;KCC2t,0,1,26,23
HAS1;M1316Mg,1,0,25,24
HAS1;M13N2Tg,1,0,25,24
HAS1;M16NT1g,1,0,25,24
HAS1;M4MPDOL_ter,1,0,25,24
HAS1;M7MASNBterg,1,0,25,24
HAS1;MAN1PT2,0,4,26,20
HAS1;MAN6PI,0,4,26,20
HAS1;MANter,1,0,25,24
HAS1;MANtg,1,0,25,24
HAS1;MANtly,1,0,25,24
HAS1;METDECARc,0,1,26,23
HAS1;METTRANSc,0,1,26,23
HAS1;MG1er,1,0,25,24
HAS1;MG2er,1,0,25,24
HAS1;MG3er,1,0,25,24
HAS1;MM5bg,1,0,25,24
HAS1;MM6B1ag,1,0,25,24
HAS1;MM7B1g,1,0,25,24
HAS1;MM8Ber,1,0,25,24
HAS1;NDP7g,0,3,26,21
HAS1;NDPK8,1,0,25,24
HAS1;PIter,1,0,25,24
HAS1;PItg,0,3,26,21
HAS1;PMANM,0,4,26,20
HAS1;PPItm,1,0,25,24
HAS1;S26Tg,1,0,25,24
HAS1;S2L2FN2M2MASNt,1,0,25,24
HAS1;S2L2FN2M2MASNtly,1,0,25,24
HAS1;SIAASEly,1,0,25,24
HAS1;TPI,1,0,25,24
HAS1;UDPDOLPT,1,0,25,24
HAS1;UGLCNACtg,0,3,26,21
HAS2;HEX12,0,1,26,23
HAS2;HEX4,1,0,25,24
HAS2;Htg,0,3,26,21
HAS2;KCC2t,0,1,26,23
HAS2;M1316Mg,1,0,25,24
HAS2;M13N2Tg,1,0,25,24
HAS2;M16NT1g,1,0,25,24
HAS2;M4MPDOL_ter,1,0,25,24
HAS2;M7MASNBterg,1,0,25,24
HAS2;MAN1PT2,0,4,26,20
HAS2;MAN6PI,0,4,26,20
HAS2;MANter,1,0,25,24
HAS2;MANtg,1,0,25,24
HAS2;MANtly,1,0,25,24
HAS2;METDECARc,0,1,26,23
HAS2;METTRANSc,0,1,26,23
HAS2;MG1er,1,0,25,24
HAS2;MG2er,1,0,25,24
HAS2;MG3er,1,0,25,24
HAS2;MM5bg,1,0,25,24
HAS2;MM6B1ag,1,0,25,24
HAS2;MM7B1g,1,0,25,24
HAS2;MM8Ber,1,0,25,24
HAS2;NDP7g,0,3,26,21
HAS2;NDPK8,1,0,25,24
HAS2;PIter,1,0,25,24
HAS2;PItg,0,3,26,21
HAS2;PMANM,0,4,26,20
HAS2;PPItm,1,0,25,24
HAS2;S26Tg,1,0,25,24
HAS2;S2L2FN2M2MASNt,1,0,25,24
HAS2;S2L2FN2M2MASNtly,1,0,25,24
HAS2;SIAASEly,1,0,25,24
HAS2;TPI,1,0,25,24
HAS2;UDPDOLPT,1,0,25,24
HAS2;UGLCNACtg,0,3,26,21
HAtly;HEX12,0,1,26,23
HAtly;HEX4,1,0,25,24
HAtly;Htg,0,1,26,23
HAtly;KCC2t,0,1,26,23
HAtly;M1316Mg,1,0,25,24
HAtly;M13N2Tg,1,0,25,24
HAtly;M16NT1g,1,0,25,24
HAtly;M4MPDOL_ter,1,0,25,24
HAtly;M7MASNBterg,1,0,25,24
HAtly;MAN1PT2,0,2,26,22
HAtly;MAN6PI,0,2,26,22
HAtly;MANter,1,0,25,24
HAtly;MANtg,1,0,25,24
HAtly;MANtly,1,0,25,24
HAtly;METDECARc,0,1,26,23
HAtly;METTRANSc,0,1,26,23
HAtly;MG1er,1,0,25,24
HAtly;MG2er,1,0,25,24
HAtly;MG3er,1,0,25,24
HAtly;MM5bg,1,0,25,24
HAtly;MM6B1ag,1,0,25,24
HAtly;MM7B1g,1,0,25,24
HAtly;MM8Ber,1,0,25,24
HAtly;NDP7g,0,1,26,23
HAtly;NDPK8,1,0,25,24
HAtly;PIter,1,0,25,24
HAtly;PItg,0,1,26,23
HAtly;PMANM,0,2,26,22
HAtly;PPItm,1,0,25,24
HAtly;S26Tg,1,0,25,24
HAtly;S2L2FN2M2MASNt,1,0,25,24
HAtly;S2L2FN2M2MASNtly,1,0,25,24
HAtly;SIAASEly,1,0,25,24
HAtly;TPI,1,0,25,24
HAtly;UDPDOLPT,1,0,25,24
HAtly;UGLCNACtg,0,1,26,23
HBZOPT10m;AKGtn,0,1,26,23
HBZOPT10m;CO2tn,0,1,26,23
HBZOPT10m;FALDtn,0,1,26,23
HBZOPT10m;HMGDH,0,1,26,23
HBZOPT10m;HMGS,0,1,26,23
HBZOPT10m;MTHFR3x,1,0,25,24
HBZOPT10m;PIMALtm,1,0,25,24
HBZOPT10m;SFGTH,0,1,26,23
HBZOPT10m;SO4AKGtm,1,0,25,24
HBZOPT10m;SO4MALtm,1,0,25,24
HBZOPT10m;THBPT4ACAMDASE,1,0,25,24
HBZOPT10m;THFtm,1,0,25,24
HBZOPT10m;THRA,1,0,25,24
HBZOPT10m;TYR3MO2,1,0,25,24
HCO3E;ACITLn,2,1,24,23
HCO3E;ADPtn,2,1,24,23
HCO3E;CITtn,2,1,24,23
HCO3E;HCO3Ee,4,2,22,22
HCO3E;HCO3Em,4,2,22,22
HCO3E;HCO3tm,4,2,22,22
HCO3E;Htm,0,1,26,23
HCO3E;Htr,0,1,26,23
HCO3E;ICDHyr,0,1,26,23
HCO3E;ICDHyrm,2,0,24,24
HCO3E;ICITCITtm,2,0,24,24
HCO3E;KYNAKGAT,1,0,25,24
HCO3E;KYNATESYN,1,0,25,24
HCO3E;KYNATEtr,1,0,25,24
HCO3E;LPS2,2,0,24,24
HCO3E;LPS3,2,0,24,24
HCO3E;MAL_Lte,1,1,25,23
HCO3E;MDH,2,0,24,24
HCO3E;NADH2_u10m,2,1,24,23
HCO3E;NAt,0,1,26,23
HCO3E;NH4tm,1,0,25,24
HCO3E;NMNS,0,1,26,23
HCO3E;NQO1,0,1,26,23
HCO3E;NQO2,0,1,26,23
HCO3E;NTD10,0,2,26,22
HCO3E;OAAtn,2,1,24,23
HCO3E;OXALSUCCCL,0,1,26,23
HCO3E;OXALSUCCCLm,2,0,24,24
HCO3E;PFK,1,0,25,24
HCO3E;PFK2,1,1,25,23
HCO3E;PGI,2,0,24,24
HCO3E;PGMT,1,0,25,24
HCO3E;PIGTHRDLtm,1,0,25,24
HCO3E;PIt2m_2,1,0,25,24
HCO3E;PIt7,0,1,26,23
HCO3E;PItn,2,1,24,23
HCO3E;PPA,1,0,25,24
HCO3E;PPItm,2,0,24,24
HCO3E;PROtm,1,0,25,24
HCO3E;PUNP7,0,2,26,22
HCO3E;PYRAKGte,1,0,25,24
HCO3E;RTOTALCRNCPT1,1,0,25,24
HCO3E;RTOTALCRNCPT2,1,0,25,24
HCO3E;RTOTALCRNt,1,0,25,24
HCO3E;R_group_phosphotase_1,2,0,24,24
HCO3E;THFtm,1,1,25,23
HCO3E;THRA,1,0,25,24
HCO3E;TPI,2,0,24,24
HCO3E;TRPO2,1,0,25,24
HCO3E;UAGDP,1,0,25,24
HCO3E;UPPN,1,0,25,24
HCO3E;URATEt,0,1,26,23
HCO3E;XAND,0,2,26,22
HCO3E;q10h2tc,0,2,26,22
HCO3E;q10tm,0,2,26,22
HCO3Ee;HCO3Em,0,3,26,21
HCO3Ee;HCO3tm,0,3,26,21
HCO3Ee;Htr,0,1,26,23
HCO3Ee;ICDHyrm,1,0,25,24
HCO3Ee;ITCOALm,1,1,25,23
HCO3Ee;LEUTAm,0,1,26,23
HCO3Ee;LEUt5m,0,1,26,23
HCO3Ee;L_LACtcm,1,0,25,24
HCO3Ee;L_LACtm,1,0,25,24
HCO3Ee;NAt,0,1,26,23
HCO3Ee;NH4tm,1,0,25,24
HCO3Ee;NMNS,1,0,25,24
HCO3Ee;NTD10,0,1,26,23
HCO3Ee;OXALSUCCCLm,1,0,25,24
HCO3Ee;PHEOX,0,1,26,23
HCO3Ee;PHETA1,0,1,26,23
HCO3Ee;PIGTHRDLtm,0,1,26,23
HCO3Ee;PIMALtm,0,1,26,23
HCO3Ee;PPCOACRNtm,0,1,26,23
HCO3Ee;PPCOAtm,0,1,26,23
HCO3Ee;PPM,0,1,26,23
HCO3Ee;PUNP7,0,1,26,23
HCO3Ee;PYRtm,1,1,25,23
HCO3Ee;SO3AKGtm,0,1,26,23
HCO3Ee;SO3MALtm,0,1,26,23
HCO3Ee;THFtm,0,1,26,23
HCO3Ee;URATEt,0,1,26,23
HCO3Ee;XAND,0,1,26,23
HCO3Em;HCO3tm,5,9,21,15
HCO3Em;HMGCOASim,0,3,26,21
HCO3Em;ITCOALm,0,1,26,23
HCO3Em;LDH_L,0,1,26,23
HCO3Em;NAtm,1,0,25,24
HCO3Em;NMNS,0,1,26,23
HCO3Em;PCm,0,1,26,23
HCO3Em;PIATPLtm,1,1,25,23
HCO3Em;PIMALtm,0,1,26,23
HCO3Em;PIt2m_2,1,0,25,24
HCO3Em;PIt7,0,1,26,23
HCO3Em;PPA,0,1,26,23
HCO3Em;PPCOACRNtm,0,2,26,22
HCO3Em;PPCOAtm,0,2,26,22
HCO3Em;PPItm,2,1,24,23
HCO3Em;RTOTALCRNCPT1,1,0,25,24
HCO3Em;RTOTALCRNCPT2,1,0,25,24
HCO3Em;RTOTALCRNt,1,0,25,24
HCO3Em;RU5Ptr,1,0,25,24
HCO3Em;SO3AKGtm,0,1,26,23
HCO3Em;SO3MALtm,0,1,26,23
HCO3Em;SUCCACONtm,0,1,26,23
HCO3Em;TTDCPT1,0,2,26,22
HCO3Em;TTDCPT2,0,2,26,22
HCO3Em;TTDCRNt,0,2,26,22
HCO3Em;UPPN,1,0,25,24
HCO3_2NAt;DNAdeg,1,0,25,24
HCO3_2NAt;PIt7,1,0,25,24
HCO3_2NAt;PPA,1,0,25,24
HCO3_2NAt;PPItn,1,0,25,24
HCO3_CLt;HCO3E,0,1,26,23
HCO3_CLt;NMNS,0,1,26,23
HCO3tm;Htm,0,1,26,23
HCO3tm;Htr,0,1,26,23
HCO3tm;ILETA,1,0,25,24
HCO3tm;ITCOALm,0,1,26,23
HCO3tm;LDH_L,0,1,26,23
HCO3tm;MAL_Lte,1,0,25,24
HCO3tm;METOX,1,0,25,24
HCO3tm;NACDe,1,0,25,24
HCO3tm;NACPRT,1,0,25,24
HCO3tm;NADH2_u10m,0,2,26,22
HCO3tm;NAtm,1,0,25,24
HCO3tm;NCAMDe,1,0,25,24
HCO3tm;NMNDA,1,0,25,24
HCO3tm;NMNS,1,1,25,23
HCO3tm;PCm,0,1,26,23
HCO3tm;PIATPLtm,1,1,25,23
HCO3tm;PIGTHRDLtm,0,1,26,23
HCO3tm;PIMALtm,0,2,26,22
HCO3tm;PPItm,1,0,25,24
HCO3tm;RTOTALCRNCPT1,1,0,25,24
HCO3tm;RTOTALCRNCPT2,1,0,25,24
HCO3tm;RTOTALCRNt,1,0,25,24
HCO3tm;RU5Ptr,1,0,25,24
HCO3tm;SO3AKGtm,0,2,26,22
HCO3tm;SO3MALtm,0,2,26,22
HCO3tm;SUCCACONtm,0,1,26,23
HCO3tm;UNK3,1,0,25,24
HCO3tm;UPPN,1,0,25,24
HDCEACRNtr;PLMCOAPTr,1,0,25,24
HEX11;HEX12,1,0,25,24
HEX11;NDPK8,1,0,25,24
HEX12;HYAL,0,1,26,23
HEX12;Htg,0,1,26,23
HEX12;Htr,0,1,26,23
HEX12;NACDe,0,1,26,23
HEX12;NACPRT,0,1,26,23
HEX12;NCAMDe,0,1,26,23
HEX12;NDP7g,0,1,26,23
HEX12;NDPK9,1,0,25,24
HEX12;NMNDA,0,1,26,23
HEX12;NMNS,0,2,26,22
HEX12;PAPStg,0,1,26,23
HEX12;PAPtg,0,1,26,23
HEX12;PGMT,0,1,26,23
HEX12;PIt7,0,1,26,23
HEX12;PItg,0,1,26,23
HEX12;PYK,1,0,25,24
HEX12;SADT,0,1,26,23
HEX12;SO4tl,0,1,26,23
HEX12;THRA,1,0,25,24
HEX12;TPI,5,1,21,23
HEX12;UAGDP,0,1,26,23
HEX12;UDPG4E,0,1,26,23
HEX12;UDPGALtg,0,1,26,23
HEX12;UDPGD,0,1,26,23
HEX12;UROLACer,0,1,26,23
HEX16;Htr,1,0,25,24
HEX16;NDP7er,0,1,26,23
HEX16;PFK2,0,1,26,23
HEX16;PNTK,1,0,25,24
HEX16;PNTOte,1,0,25,24
HEX16;PPCDC,1,0,25,24
HEX16;PPNCL2,1,0,25,24
HEX16;PTPAT,1,0,25,24
HEX16;UDPG4E,0,1,26,23
HEX16;UDPGALt2r,0,1,26,23
HEX16;UDPGALtg,0,1,26,23
HEX16;UDPGGPGTr,0,1,26,23
HEX16;UGCGc,0,1,26,23
HEX16;UMPtr,0,1,26,23
HEX1;HEX11,1,0,25,24
HEX1;HEX12,0,1,26,23
HEX1;LEUTAm,0,1,26,23
HEX1;LEUt5m,0,1,26,23
HEX1;LPS2,0,1,26,23
HEX1;LPS3,0,1,26,23
HEX1;NDPK9,1,0,25,24
HEX1;PGLYCH,0,1,26,23
HEX1;R_group_phosphotase_1,0,1,26,23
HEX1;TRIOK,0,1,26,23
HEX1;URIDK2,0,1,26,23
HEX4;HMBS,0,1,26,23
HEX4;HOXG,0,1,26,23
HEX4;HYAL,1,0,25,24
HEX4;KCC2t,0,1,26,23
HEX4;NDP7er,0,1,26,23
HEX4;NDPK8,1,0,25,24
HEX4;PPBNGS,0,1,26,23
HEX4;PPItm,1,0,25,24
HEX4;PPPG9tm,0,1,26,23
HEX4;PPPGOm,0,1,26,23
HEX4;TPI,1,0,25,24
HEX4;UDPGCURtr,0,1,26,23
HEX4;UDPGD,1,1,25,23
HEX4;UGT1A2r,0,1,26,23
HEX4;UMPK5,0,1,26,23
HEX4;UMPtr,0,1,26,23
HEX4;UPP3S,0,1,26,23
HEX4;UPPDC1,0,1,26,23
HEX4;UROLACer,1,0,25,24
HEXCCOAtr;L2AADPL2AADP6SAtm,1,0,25,24
HEXCCOAtr;LYSCITRt2m,1,0,25,24
HEXCCOAtr;OXOADLR,1,0,25,24
HEXCCOAtr;PIMALtm,1,0,25,24
HEXCCOAtr;PROGLUtm,1,0,25,24
HEXCCOAtr;PROtm,1,0,25,24
HEXCCOAtr;PYRAKGte,1,0,25,24
HEXCCOAtr;SACCD4m,1,0,25,24
HEXCCOAtr;SO3AKGtm,1,0,25,24
HEXCCOAtr;SO3MALtm,1,0,25,24
HEXCCOAtr;TD2GLTRCOAm,1,0,25,24
HISD;MTHFCm,0,1,26,23
HISD;MTHFD,0,2,26,22
HISD;MTHFD2,0,4,26,20
HISD;MTHFDm,0,1,26,23
HISD;SERTm,0,1,26,23
HISD;SERt4,0,3,26,21
HISDC;AKGtn,0,1,26,23
HISDC;CO2tn,0,1,26,23
HISDC;FALDtn,0,1,26,23
HISDC;H3K4MET_1,1,0,25,24
HISDC;H3K4MET_2,1,0,25,24
HISDC;H3K4MET_3,1,0,25,24
HISDC;H3K4_synthesis,1,0,25,24
HISDC;LYStn,1,0,25,24
HISDC;O2tn,0,1,26,23
HISDC;peplys_synthesis,1,0,25,24
HISt4;HIStN1,15,16,11,8
HKYNH;ILETA,1,0,25,24
HKYNH;METDECARc,0,1,26,23
HKYNH;METTRANSc,0,1,26,23
HKYNH;NACDe,1,0,25,24
HKYNH;NACPRT,1,0,25,24
HKYNH;NCAMDe,1,0,25,24
HKYNH;NMNDA,1,0,25,24
HKYNH;NMNS,1,0,25,24
HKt;NCKt,0,1,26,23
HKt;NCNt,0,1,26,23
HMBS;Htg,0,2,26,22
HMBS;ITCOALm,0,1,26,23
HMBS;LEUTAm,0,1,26,23
HMBS;LEUt5m,0,1,26,23
HMBS;M13N2Tg,0,1,26,23
HMBS;M4MPDOL_ter,0,1,26,23
HMBS;M8MASNterg,0,1,26,23
HMBS;MAL_Lte,1,0,25,24
HMBS;MAN1PT2,0,1,26,23
HMBS;MAN6PI,0,1,26,23
HMBS;MANtg,0,1,26,23
HMBS;MDHm,0,1,26,23
HMBS;MG1er,0,1,26,23
HMBS;MG2er,0,1,26,23
HMBS;MG3er,0,1,26,23
HMBS;MM5ag,0,1,26,23
HMBS;MM6bg,0,1,26,23
HMBS;MM7Cag,0,1,26,23
HMBS;MM8Ag,0,1,26,23
HMBS;MTHFR3x,1,0,25,24
HMBS;NDP7g,0,2,26,22
HMBS;PCm,0,1,26,23
HMBS;PEPCKm,0,1,26,23
HMBS;PIt2m_2,1,0,25,24
HMBS;PItg,0,2,26,22
HMBS;PMANM,0,1,26,23
HMBS;PYRt2r,0,1,26,23
HMBS;SUCOAS1m,0,1,26,23
HMBS;THBPT4ACAMDASE,1,0,25,24
HMBS;THRA,0,1,26,23
HMBS;TYR3MO2,1,0,25,24
HMBS;UAGDP,0,1,26,23
HMBS;UDPDOLPT,0,1,26,23
HMBS;UGLCNACtg,0,1,26,23
HMGCOASim;ILEOX,0,1,26,23
HMGCOASim;ILETA,0,1,26,23
HMGCOASim;LEUTA,0,3,26,21
HMGCOASim;MCCCm,0,3,26,21
HMGCOASim;MGCHrm,0,3,26,21
HMGCOASim;MOD_3mhop,0,3,26,21
HMGCOASim;THRA,1,0,25,24
HMGDH;IDHPOXOX2b,0,1,26,23
HMGDH;IDHPOXOX3,0,1,26,23
HMGDH;IDHPOXOXb,0,1,26,23
HMGDH;ILEOX,0,1,26,23
HMGDH;ILETAm,0,1,26,23
HMGDH;KYNAKGAT,1,0,25,24
HMGDH;KYNATESYN,1,0,25,24
HMGDH;KYNATEtr,1,0,25,24
HMGDH;LCYSTCBOXL,0,1,26,23
HMGDH;MEOHt2,0,1,26,23
HMGDH;MTHFC,1,0,25,24
HMGDH;MTHFD,1,0,25,24
HMGDH;NAIt,0,1,26,23
HMGDH;PIATPLtm,0,1,26,23
HMGDH;PPItm,0,1,26,23
HMGDH;PYRAKGte,1,0,25,24
HMGDH;Q10H2e,0,1,26,23
HMGDH;SADT,0,1,26,23
HMGDH;SO4CLtex,0,1,26,23
HMGDH;T4HCINNMFM,0,1,26,23
HMGDH;TAURCHAe,0,1,26,23
HMGDH;THYPX,0,1,26,23
HMGDH;TRIODTHYt,0,1,26,23
HMGDH;TRPO2,1,0,25,24
HMGDH;TYRTAm,0,1,26,23
HMGDH;TYRtl,0,1,26,23
HMGDH;q10h2tc,0,1,26,23
HMGS;IDHPOXOX2b,0,1,26,23
HMGS;IDHPOXOX3,0,1,26,23
HMGS;IDHPOXOXb,0,1,26,23
HMGS;ILEOX,0,1,26,23
HMGS;ILETAm,0,1,26,23
HMGS;KYNAKGAT,1,0,25,24
HMGS;KYNATESYN,1,0,25,24
HMGS;KYNATEtr,1,0,25,24
HMGS;LCYSTCBOXL,0,1,26,23
HMGS;MEOHt2,0,1,26,23
HMGS;MTHFC,1,0,25,24
HMGS;MTHFD,1,0,25,24
HMGS;NAIt,0,1,26,23
HMGS;PIATPLtm,0,1,26,23
HMGS;PPItm,0,1,26,23
HMGS;PYRAKGte,1,0,25,24
HMGS;Q10H2e,0,1,26,23
HMGS;SADT,0,1,26,23
HMGS;SO4CLtex,0,1,26,23
HMGS;T4HCINNMFM,0,1,26,23
HMGS;TAURCHAe,0,1,26,23
HMGS;THYPX,0,1,26,23
HMGS;TRIODTHYt,0,1,26,23
HMGS;TRPO2,1,0,25,24
HMGS;TYRTAm,0,1,26,23
HMGS;TYRtl,0,1,26,23
HMGS;q10h2tc,0,1,26,23
HOMOVALte;AKGtn,2,0,24,24
HOMOVALte;CO2tn,2,0,24,24
HOMOVALte;FALDtn,2,0,24,24
HOMOVALte;MEOHt2,1,0,25,24
HOMOVALte;O2tn,2,0,24,24
HOXG;Htg,0,2,26,22
HOXG;ITCOALm,0,1,26,23
HOXG;LEUTAm,0,1,26,23
HOXG;LEUt5m,0,1,26,23
HOXG;M13N2Tg,0,1,26,23
HOXG;M4MPDOL_ter,0,1,26,23
HOXG;M8MASNterg,0,1,26,23
HOXG;MAL_Lte,1,0,25,24
HOXG;MAN1PT2,0,1,26,23
HOXG;MAN6PI,0,1,26,23
HOXG;MANtg,0,1,26,23
HOXG;MDHm,0,1,26,23
HOXG;MG1er,0,1,26,23
HOXG;MG2er,0,1,26,23
HOXG;MG3er,0,1,26,23
HOXG;MM5ag,0,1,26,23
HOXG;MM6bg,0,1,26,23
HOXG;MM7Cag,0,1,26,23
HOXG;MM8Ag,0,1,26,23
HOXG;MTHFR3x,1,0,25,24
HOXG;NDP7g,0,2,26,22
HOXG;PCm,0,1,26,23
HOXG;PEPCKm,0,1,26,23
HOXG;PItg,0,2,26,22
HOXG;PMANM,0,1,26,23
HOXG;PYRt2r,0,1,26,23
HOXG;SUCOAS1m,0,1,26,23
HOXG;THBPT4ACAMDASE,1,0,25,24
HOXG;THRA,0,1,26,23
HOXG;TYR3MO2,1,0,25,24
HOXG;UAGDP,0,1,26,23
HOXG;UDPDOLPT,0,1,26,23
HOXG;UGLCNACtg,0,1,26,23
HPROxm;Htr,0,1,26,23
HPROxm;LDH_L,0,1,26,23
HPROxm;LDH_Lm,0,1,26,23
HPROxm;L_LACtm,0,1,26,23
HPROxm;ME2m,0,1,26,23
HPROxm;MTHFCm,0,1,26,23
HPROxm;MTHFDm,0,1,26,23
HPROxm;NADH2_u10m,0,1,26,23
HPROxm;PIGTHRDLtm,0,1,26,23
HPROxm;PIMALtm,0,1,26,23
HPROxm;SERTm,0,1,26,23
HPROxm;SO3AKGtm,0,1,26,23
HPROxm;SO3MALtm,0,1,26,23
HPROym;Htr,0,1,26,23
HPROym;LDH_L,0,1,26,23
HPROym;LDH_Lm,0,1,26,23
HPROym;L_LACtm,0,1,26,23
HPROym;ME2m,0,1,26,23
HPROym;MTHFCm,0,1,26,23
HPROym;MTHFDm,0,1,26,23
HPROym;NADH2_u10m,0,1,26,23
HPROym;PIGTHRDLtm,0,1,26,23
HPROym;PIMALtm,0,1,26,23
HPROym;SERTm,0,1,26,23
HPROym;SO3AKGtm,0,1,26,23
HPROym;SO3MALtm,0,1,26,23
HPYRDC;NH4tm,0,1,26,23
HPYRDC;THFtm,0,1,26,23
HPYRtp;NH4tm,0,1,26,23
HPYRtp;THFtm,0,1,26,23
HSD17B1;Htr,0,2,26,22
HSD17B7r;Htr,0,1,26,23
HSD17B8r;Htr,0,1,26,23
HSD180;ARTFR12,0,1,26,23
HSD180;ARTFR33,0,1,26,23
HSD180;ARTFR41,1,2,25,22
HSD180;HSD181,0,1,26,23
HSD180;Htr,1,1,25,23
HSD180;OCTD11ECOAtr,0,1,26,23
HSD180;PLMCOAPTr,1,3,25,21
HSD180;PNTK,1,3,25,21
HSD180;PNTOt1,0,2,26,22
HSD180;PNTOte,1,1,25,23
HSD180;PPCDC,1,3,25,21
HSD180;PPNCL2,1,2,25,22
HSD180;PPNCL3,0,1,26,23
HSD180;PRDX,1,0,25,24
HSD180;PTPAT,1,3,25,21
HSD180;RTOT3,0,1,26,23
HSD180;TECR181,0,1,26,23
HSD181;TECR180,0,1,26,23
HSD200;L2AADPL2AADP6SAtm,1,0,25,24
HSD200;LYSCITRt2m,1,0,25,24
HSD200;OXOADLR,1,0,25,24
HSD200;PIMALtm,1,0,25,24
HSD200;PROGLUtm,1,0,25,24
HSD200;PROtm,1,0,25,24
HSD200;PYRAKGte,1,0,25,24
HSD200;SACCD4m,1,0,25,24
HSD200;SO3AKGtm,1,0,25,24
HSD200;SO3MALtm,1,0,25,24
HSD200;TD2GLTRCOAm,1,0,25,24
HSD201;ARTFR32,0,1,26,23
HSD201;ARTFR42,1,4,25,20
HSD201;Htr,2,2,24,22
HSD201;OCDE9ECOAtr,1,5,25,19
HSD201;PRDX,1,0,25,24
HSD201;RTOT3,0,1,26,23
HSD220;L2AADPL2AADP6SAtm,1,0,25,24
HSD220;LYSCITRt2m,1,0,25,24
HSD220;OXOADLR,1,0,25,24
HSD220;PIMALtm,1,0,25,24
HSD220;PROGLUtm,1,0,25,24
HSD220;PROtm,1,0,25,24
HSD220;PYRAKGte,1,0,25,24
HSD220;SACCD4m,1,0,25,24
HSD220;SO3AKGtm,1,0,25,24
HSD220;SO3MALtm,1,0,25,24
HSD220;TD2GLTRCOAm,1,0,25,24
HSD221;ARTFR32,0,1,26,23
HSD221;ARTFR42,1,4,25,20
HSD221;Htr,2,2,24,22
HSD221;OCDE9ECOAtr,1,5,25,19
HSD221;PRDX,1,0,25,24
HSD221;RTOT3,0,1,26,23
HSD240;L2AADPL2AADP6SAtm,1,0,25,24
HSD240;LYSCITRt2m,1,0,25,24
HSD240;OXOADLR,1,0,25,24
HSD240;PIMALtm,1,0,25,24
HSD240;PROGLUtm,1,0,25,24
HSD240;PROtm,1,0,25,24
HSD240;PYRAKGte,1,0,25,24
HSD240;SACCD4m,1,0,25,24
HSD240;SO3AKGtm,1,0,25,24
HSD240;SO3MALtm,1,0,25,24
HSD240;TD2GLTRCOAm,1,0,25,24
HSD241;ARTFR32,0,1,26,23
HSD241;ARTFR42,1,4,25,20
HSD241;Htr,2,2,24,22
HSD241;OCDE9ECOAtr,1,5,25,19
HSD241;PRDX,1,0,25,24
HSD241;RTOT3,0,1,26,23
HSD260;L2AADPL2AADP6SAtm,1,0,25,24
HSD260;LYSCITRt2m,1,0,25,24
HSD260;OXOADLR,1,0,25,24
HSD260;PIMALtm,1,0,25,24
HSD260;PROGLUtm,1,0,25,24
HSD260;PROtm,1,0,25,24
HSD260;PYRAKGte,1,0,25,24
HSD260;SACCD4m,1,0,25,24
HSD260;SO3AKGtm,1,0,25,24
HSD260;SO3MALtm,1,0,25,24
HSD260;TD2GLTRCOAm,1,0,25,24
HSD3B11;ACITLn,1,0,25,24
HSD3B11;ADPtn,1,0,25,24
HSD3B11;CITtn,1,0,25,24
HSD3B11;Htr,1,0,25,24
HSD3B11;ICDHyrm,1,0,25,24
HSD3B11;ICITCITtm,1,0,25,24
HSD3B11;L2AADPL2AADP6SAtm,1,0,25,24
HSD3B11;LYStm,1,0,25,24
HSD3B11;OAADC,1,0,25,24
HSD3B11;OAAtn,1,0,25,24
HSD3B11;OXALSUCCCLm,1,0,25,24
HSD3B11;OXOADLR,1,0,25,24
HSD3B11;PIt2m_2,1,0,25,24
HSD3B11;PItn,1,0,25,24
HSD3B11;PNTK,1,0,25,24
HSD3B11;PNTOte,1,0,25,24
HSD3B11;PPA,1,0,25,24
HSD3B11;PPCDC,1,0,25,24
HSD3B11;PPItm,1,0,25,24
HSD3B11;PPNCL2,1,0,25,24
HSD3B11;PTPAT,1,0,25,24
HSD3B11;PYRAKGte,1,0,25,24
HSD3B11;PYRFORte,1,0,25,24
HSD3B11;SACCD2,1,0,25,24
HSD3B11;TD2GLTRCOAm,1,0,25,24
HYAL;KCC2t,0,1,26,23
HYAL;M1316Mg,1,0,25,24
HYAL;M13N2Tg,1,0,25,24
HYAL;M16NT1g,1,0,25,24
HYAL;M4MPDOL_ter,1,0,25,24
HYAL;M7MASNBterg,1,0,25,24
HYAL;MAN1PT2,0,2,26,22
HYAL;MAN6PI,0,2,26,22
HYAL;MANter,1,0,25,24
HYAL;MANtg,1,0,25,24
HYAL;MANtly,1,0,25,24
HYAL;METDECARc,0,1,26,23
HYAL;METTRANSc,0,1,26,23
HYAL;MG1er,1,0,25,24
HYAL;MG2er,1,0,25,24
HYAL;MG3er,1,0,25,24
HYAL;MM5bg,1,0,25,24
HYAL;MM6B1ag,1,0,25,24
HYAL;MM7B1g,1,0,25,24
HYAL;MM8Ber,1,0,25,24
HYAL;NDP7g,0,1,26,23
HYAL;NDPK8,1,0,25,24
HYAL;PIter,1,0,25,24
HYAL;PItg,0,1,26,23
HYAL;PMANM,0,2,26,22
HYAL;PPItm,1,0,25,24
HYAL;S26Tg,1,0,25,24
HYAL;S2L2FN2M2MASNt,1,0,25,24
HYAL;S2L2FN2M2MASNtly,1,0,25,24
HYAL;SIAASEly,1,0,25,24
HYAL;TPI,1,0,25,24
HYAL;UDPDOLPT,1,0,25,24
HYAL;UGLCNACtg,0,1,26,23
HYALe;MAN1PT2,0,2,26,22
HYALe;MAN6PI,0,2,26,22
HYALe;NDP7g,0,2,26,22
HYALe;PItg,0,2,26,22
HYALe;PMANM,0,2,26,22
HYALe;UGLCNACtg,0,2,26,22
Htg;HYAL,0,1,26,23
Htg;HYALe,0,2,26,22
Htg;Htr,2,1,24,23
Htg;KCC2t,0,1,26,23
Htg;MAL_Lte,2,1,24,23
Htg;METDECARc,0,1,26,23
Htg;METTRANSc,0,1,26,23
Htg;NDP7er,0,2,26,22
Htg;NDPK8,2,0,24,24
Htg;PFK2,0,1,26,23
Htg;PGI,0,1,26,23
Htg;PHEMEtm,0,1,26,23
Htg;PNTK,1,0,25,24
Htg;PNTOte,1,0,25,24
Htg;PPAer,0,1,26,23
Htg;PPBNGS,0,2,26,22
Htg;PPCDC,1,0,25,24
Htg;PPIPItr,0,1,26,23
Htg;PPItm,1,0,25,24
Htg;PPNCL2,1,0,25,24
Htg;PPPG9tm,0,2,26,22
Htg;PPPGOm,0,2,26,22
Htg;PROAKGOX1m,0,1,26,23
Htg;PROtm,0,1,26,23
Htg;PTPAT,1,0,25,24
Htg;PYK,1,0,25,24
Htg;R5Ptr,2,2,24,22
Htg;RPI,0,1,26,23
Htg;RPIr,2,2,24,22
Htg;RU5Ptr,2,2,24,22
Htg;R_group_phosphotase_1,0,1,26,23
Htg;Rtotaltl,0,1,26,23
Htg;SMPD3l,0,1,26,23
Htg;SPHINGStl,0,1,26,23
Htg;SPHK21c,0,1,26,23
Htg;SPHMYLNtl,0,1,26,23
Htg;SPHS1Pte,0,1,26,23
Htg;SUCOAS1m,0,1,26,23
Htg;TPI,3,0,23,24
Htg;TYRDOPO,0,1,26,23
Htg;UDPGCURtr,0,1,26,23
Htg;UDPGD,0,5,26,19
Htg;UGT1A2r,0,1,26,23
Htg;UMPK5,0,1,26,23
Htg;UMPtr,0,1,26,23
Htg;UPP3S,0,2,26,22
Htg;UPPDC1,0,2,26,22
Htg;UROLACer,0,1,26,23
Htm;LDH_L,0,1,26,23
Htm;NH4tm,1,0,25,24
Htm;PIt2m_2,3,1,23,23
Htm;PPAm,1,0,25,24
Htm;PPItm,2,0,24,24
Htm;PROtm,1,0,25,24
Htm;THFtm,0,2,26,22
Htr;ACITLn,1,0,25,24
Htr;ADPtn,1,0,25,24
Htr;ARTFR12,1,0,25,24
Htr;ARTFR41,0,1,26,23
Htr;ARTFR42,0,1,26,23
Htr;CITtn,1,0,25,24
Htr;Htx,1,1,25,23
Htr;ICDHyrm,1,0,25,24
Htr;ICITCITtm,1,0,25,24
Htr;LEUKTRA4tr,1,0,25,24
Htr;LEUKTRD4t,1,0,25,24
Htr;LEUKTRD4tr,1,0,25,24
Htr;LTC4Sr,1,0,25,24
Htr;L_LACtcm,2,0,24,24
Htr;L_LACtm,2,0,24,24
Htr;M13N2Tg,1,0,25,24
Htr;M4MPDOL_ter,1,0,25,24
Htr;M8MASNterg,1,0,25,24
Htr;MALCOAMT,1,1,25,23
Htr;MALCOAMTr,1,1,25,23
Htr;MAL_Lte,1,0,25,24
Htr;MAN1PT2,2,1,24,23
Htr;MAN6PI,0,1,26,23
Htr;MANtg,1,0,25,24
Htr;MANtly,1,0,25,24
Htr;MDH,1,0,25,24
Htr;METOX,1,0,25,24
Htr;MG1er,1,0,25,24
Htr;MG2er,1,0,25,24
Htr;MG3er,1,0,25,24
Htr;MM5ag,1,0,25,24
Htr;MM6bg,1,0,25,24
Htr;MM7Cag,1,0,25,24
Htr;MM8Ag,1,0,25,24
Htr;MTHFR3x,1,0,25,24
Htr;NADHtpu,0,2,26,22
Htr;NADHtru,0,1,26,23
Htr;NADPHtru,1,1,25,23
Htr;NADPtru,1,1,25,23
Htr;NADtru,0,1,26,23
Htr;NADtx,0,2,26,22
Htr;NDP7g,2,1,24,23
Htr;NRVNCCOAtr,2,2,24,22
Htr;NRVNCCOAtxc,2,2,24,22
Htr;NTD6,1,0,25,24
Htr;O2tp,1,2,25,22
Htr;OAAtn,1,0,25,24
Htr;OCDE9ECOAtr,0,1,26,23
Htr;OXALSUCCCLm,1,0,25,24
Htr;P45011A1m,1,0,25,24
Htr;PA_HSter,0,1,26,23
Htr;PCHOLPr_hs,0,1,26,23
Htr;PCHOL_HSter,0,1,26,23
Htr;PFK2,2,1,24,23
Htr;PGMT,3,2,23,22
Htr;PIter,2,2,24,22
Htr;PItg,2,1,24,23
Htr;PItn,1,0,25,24
Htr;PLMCOAPTr,1,1,25,23
Htr;PMANM,2,1,24,23
Htr;PPA,0,1,26,23
Htr;PPAPA,0,1,26,23
Htr;PPCOACRNtm,0,1,26,23
Htr;PPCOAtm,0,1,26,23
Htr;PPItm,0,1,26,23
Htr;PRGNLONEtm,1,0,25,24
Htr;PRGSTRNt,1,0,25,24
Htr;PRISTANALtx,1,1,25,23
Htr;PRISTtx,1,1,25,23
Htr;PVD3,0,1,26,23
Htr;RTOT4,0,1,26,23
Htr;SE10,2,2,24,22
Htr;SOAT6,2,2,24,22
Htr;TALA,0,1,26,23
Htr;TECR180,1,1,25,23
Htr;TECR201,2,2,24,22
Htr;TECR221,2,2,24,22
Htr;TECR241,2,2,24,22
Htr;THFtm,0,1,26,23
Htr;THRA,1,1,25,23
Htr;TPI,1,0,25,24
Htr;TTDCPT1,0,1,26,23
Htr;TTDCPT2,0,1,26,23
Htr;TTDCRNt,0,1,26,23
Htr;TXA2tr,1,0,25,24
Htr;TXB2c,1,0,25,24
Htr;TXB2r,1,0,25,24
Htr;TXB2tr,1,0,25,24
Htr;UAGDP,2,1,24,23
Htr;UDPDOLPT,1,0,25,24
Htr;UGLCNACtg,2,1,24,23
Htr;UNK3,1,0,25,24
Htr;VD3,0,1,26,23
Htx;PIt7,0,1,26,23
Htx;PLA2,1,0,25,24
Htx;R_group_phosphotase_1,1,0,25,24
Htx;Rtotalcoatx,1,0,25,24
Htx;Rtotaltp,1,0,25,24
Htx;THR3Dx,0,1,26,23
ICDHxrm;MAL_Lte,2,0,24,24
ICDHxrm;PIt2m_2,2,0,24,24
ICDHxrm;PPItm,1,0,25,24
ICDHyr;METOX,0,1,26,23
ICDHyr;PGK,0,1,26,23
ICDHyr;PGM,0,1,26,23
ICDHyr;THRA,0,1,26,23
ICDHyr;UNK3,0,1,26,23
ICDHyrm;MAL_Lte,0,1,26,23
ICDHyrm;P45011A1m,1,0,25,24
ICDHyrm;PRGNLONEtm,1,0,25,24
ICDHyrm;PRGSTRNt,1,0,25,24
ICDHyrm;THR3Dx,0,1,26,23
ICDHyrm;THRA,0,2,26,22
ICDHyrm;UMPK5,1,0,25,24
ICITCITtm;LDH_L,0,1,26,23
ICITCITtm;LDH_Lm,0,1,26,23
ICITCITtm;L_LACtm,0,1,26,23
ICITCITtm;MALTSULtm,0,1,26,23
ICITCITtm;MAL_Lte,0,1,26,23
ICITCITtm;ME2m,0,1,26,23
ICITCITtm;METOX,0,1,26,23
ICITCITtm;NDP7er,1,0,25,24
ICITCITtm;P45011A1m,1,0,25,24
ICITCITtm;PHEOX,0,1,26,23
ICITCITtm;PHETA1,0,1,26,23
ICITCITtm;PIt2m_2,1,0,25,24
ICITCITtm;PPBNGS,1,0,25,24
ICITCITtm;PPItm,2,0,24,24
ICITCITtm;PPPG9tm,1,0,25,24
ICITCITtm;PPPGOm,1,0,25,24
ICITCITtm;PRGNLONEtm,1,0,25,24
ICITCITtm;PRGSTRNt,1,0,25,24
ICITCITtm;PROAKGOX1m,1,0,25,24
ICITCITtm;PYRtm,0,2,26,22
ICITCITtm;SQORm,0,1,26,23
ICITCITtm;SUCOAS1m,1,0,25,24
ICITCITtm;TSULt4_3,0,1,26,23
ICITCITtm;UDPGCURtr,1,0,25,24
ICITCITtm;UDPGD,1,0,25,24
ICITCITtm;UMPK5,1,0,25,24
ICITCITtm;UMPtr,1,0,25,24
ICITCITtm;UNK3,0,1,26,23
ICITMALtm;MALTSULtm,0,1,26,23
ICITMALtm;MAL_Lte,2,2,24,22
ICITMALtm;METOX,0,1,26,23
ICITMALtm;NDP7er,1,0,25,24
ICITMALtm;PHEOX,0,1,26,23
ICITMALtm;PHETA1,0,1,26,23
ICITMALtm;PPBNGS,1,0,25,24
ICITMALtm;PPItm,1,0,25,24
ICITMALtm;PPPGOm,1,0,25,24
ICITMALtm;PROAKGOX1m,1,0,25,24
ICITMALtm;PYRtm,0,2,26,22
ICITMALtm;SQORm,0,1,26,23
ICITMALtm;SUCOAS1m,1,0,25,24
ICITMALtm;THR3Dx,0,1,26,23
ICITMALtm;THRA,0,2,26,22
ICITMALtm;TSULt4_3,0,1,26,23
ICITMALtm;UDPGCURtr,1,0,25,24
ICITMALtm;UDPGD,1,0,25,24
ICITMALtm;UMPtr,1,0,25,24
ICITMALtm;UNK3,0,1,26,23
IDHPOXOX2b;AKGtn,0,1,26,23
IDHPOXOX2b;CO2tn,0,1,26,23
IDHPOXOX2b;FALDtn,0,1,26,23
IDHPOXOX2b;KCC2t,0,1,26,23
IDHPOXOX2b;MEOHtly,1,0,25,24
IDHPOXOX2b;NH4tm,0,1,26,23
IDHPOXOX2b;O2t,0,1,26,23
IDHPOXOX2b;O2tn,0,1,26,23
IDHPOXOX2b;PRDXl,1,0,25,24
IDHPOXOX2b;SFGTH,0,1,26,23
IDHPOXOX3;AKGtn,0,1,26,23
IDHPOXOX3;CO2tn,0,1,26,23
IDHPOXOX3;FALDtn,0,1,26,23
IDHPOXOX3;O2t,0,1,26,23
IDHPOXOX3;O2tn,0,1,26,23
IDHPOXOX3;SFGTH,0,1,26,23
IDHPOXOX4;KCC2t,0,1,26,23
IDHPOXOX4;MEOHtly,1,0,25,24
IDHPOXOX4;NH4tm,0,1,26,23
IDHPOXOX4;PRDXl,1,0,25,24
IDHPOXOXb;AKGtn,0,1,26,23
IDHPOXOXb;CO2tn,0,1,26,23
IDHPOXOXb;FALDtn,0,1,26,23
IDHPOXOXb;KCC2t,0,1,26,23
IDHPOXOXb;MEOHtly,1,0,25,24
IDHPOXOXb;NH4tm,0,1,26,23
IDHPOXOXb;O2t,0,1,26,23
IDHPOXOXb;O2tn,0,1,26,23
IDHPOXOXb;PRDXl,1,0,25,24
IDHPOXOXb;SFGTH,0,1,26,23
ILEATB0tc;ILEt4,24,14,2,10
ILEOX;AKGtn,0,1,26,23
ILEOX;CO2tn,0,1,26,23
ILEOX;FALDtn,0,1,26,23
ILEOX;ILETAm,0,1,26,23
ILEOX;ILEt5m,0,1,26,23
ILEOX;ITCOALm,0,1,26,23
ILEOX;LEUTAm,0,1,26,23
ILEOX;LEUt5m,0,1,26,23
ILEOX;NADH2_u10m,0,1,26,23
ILEOX;NH4tm,1,1,25,23
ILEOX;PCm,0,1,26,23
ILEOX;PE_HStm,0,1,26,23
ILEOX;PPCOACRNtm,0,1,26,23
ILEOX;PPCOAtm,0,1,26,23
ILEOX;PSDm_hs,0,1,26,23
ILEOX;PSFLIPm,0,1,26,23
ILEOX;SFGTH,0,1,26,23
ILEOX;TTDCPT1,0,1,26,23
ILEOX;TTDCPT2,0,1,26,23
ILEOX;TTDCRNt,0,1,26,23
ILETA;ILETAm,1,0,25,24
ILETA;KYN3OX,1,0,25,24
ILETA;LEUTAm,0,1,26,23
ILETA;LEUt5m,0,1,26,23
ILETA;NACDe,1,0,25,24
ILETA;NACPRT,1,0,25,24
ILETA;NCAMDe,1,0,25,24
ILETA;NH4tm,1,0,25,24
ILETA;NMNDA,1,0,25,24
ILETA;NMNS,1,0,25,24
ILETA;OXOADLR,1,0,25,24
ILETA;PCLAD,1,0,25,24
ILETA;PE_HStm,0,1,26,23
ILETA;PPCOACRNtm,0,1,26,23
ILETA;PPCOAtm,0,1,26,23
ILETA;PSDm_hs,0,1,26,23
ILETA;PSFLIPm,0,1,26,23
ILETA;TD2GLTRCOAm,1,0,25,24
ILETA;TRPO2,1,0,25,24
ILETA;TTDCPT1,0,1,26,23
ILETA;TTDCPT2,0,1,26,23
ILETA;TTDCRNt,0,1,26,23
ILETAm;AKGtn,0,1,26,23
ILETAm;CO2tn,0,1,26,23
ILETAm;FALDtn,0,1,26,23
ILETAm;ITCOALm,0,1,26,23
ILETAm;NACDe,1,0,25,24
ILETAm;NACPRT,1,0,25,24
ILETAm;NADH2_u10m,0,1,26,23
ILETAm;NCAMDe,1,0,25,24
ILETAm;NMNDA,1,0,25,24
ILETAm;NMNS,1,0,25,24
ILETAm;PCm,0,1,26,23
ILETAm;PIt2m_2,1,0,25,24
ILETAm;SFGTH,0,1,26,23
ILETAm;THFtm,1,0,25,24
ILEt5m;ILETA,1,0,25,24
ILEt5m;ITCOALm,0,1,26,23
ILEt5m;NACDe,1,0,25,24
ILEt5m;NACPRT,1,0,25,24
ILEt5m;NADH2_u10m,0,1,26,23
ILEt5m;NCAMDe,1,0,25,24
ILEt5m;NMNDA,1,0,25,24
ILEt5m;NMNS,1,0,25,24
ILEt5m;PCm,0,1,26,23
ILEt5m;PIt2m_2,1,0,25,24
ILEt5m;THFtm,1,0,25,24
IMAGH;MGSA,0,1,26,23
IMAGH;MTHGXLt,0,1,26,23
ITCOALm;MAL_Lte,7,0,19,24
ITCOALm;ME2m,0,1,26,23
ITCOALm;NDP7er,1,0,25,24
ITCOALm;PGK,0,1,26,23
ITCOALm;PGM,0,1,26,23
ITCOALm;PHEMEtm,0,1,26,23
ITCOALm;PIt2m_2,1,0,25,24
ITCOALm;PPBNGS,1,1,25,23
ITCOALm;PPItm,3,0,23,24
ITCOALm;PPPG9tm,0,1,26,23
ITCOALm;PPPGOm,1,1,25,23
ITCOALm;PROAKGOX1m,1,1,25,23
ITCOALm;PROtm,0,1,26,23
ITCOALm;SUCOAS1m,1,1,25,23
ITCOALm;THR3Dx,0,1,26,23
ITCOALm;UDPGCURtr,1,0,25,24
ITCOALm;UDPGD,1,0,25,24
ITCOALm;UMPtr,1,0,25,24
ITCOALm;UPP3S,0,1,26,23
ITCOALm;UPPDC1,0,1,26,23
IZPN;MTHFCm,0,1,26,23
IZPN;MTHFD,0,2,26,22
IZPN;MTHFD2,0,4,26,20
IZPN;MTHFDm,0,1,26,23
IZPN;SERTm,0,1,26,23
IZPN;SERt4,0,3,26,21
It;MEOHtly,1,0,25,24
It;PRDXl,1,0,25,24
KCC2t;KCCt,0,2,26,22
KCC2t;KSIt,0,1,26,23
KCC2t;M1316M2g,0,1,26,23
KCC2t;M13N2Tg,0,1,26,23
KCC2t;M16NT1g,0,1,26,23
KCC2t;M4MPDOL_ter,0,1,26,23
KCC2t;M7MASNBterg,0,1,26,23
KCC2t;MAN1PT2,0,1,26,23
KCC2t;MAN6PI,0,1,26,23
KCC2t;MANter,0,1,26,23
KCC2t;MANtg,0,1,26,23
KCC2t;MG1er,0,1,26,23
KCC2t;MG2er,0,1,26,23
KCC2t;MG3er,0,1,26,23
KCC2t;MM5bg,0,1,26,23
KCC2t;MM6B1ag,0,1,26,23
KCC2t;MM7B1g,0,1,26,23
KCC2t;MM8Ber,0,1,26,23
KCC2t;NAIt,0,1,26,23
KCC2t;NAt,0,1,26,23
KCC2t;NAt5,0,1,26,23
KCC2t;NCKt,2,2,24,22
KCC2t;NCNt,3,2,23,22
KCC2t;NDP7g,0,1,26,23
KCC2t;NH4t3r,5,2,21,22
KCC2t;NKCC2t,1,0,25,24
KCC2t;PAPStg,0,1,26,23
KCC2t;PAPtg,0,1,26,23
KCC2t;PItg,0,1,26,23
KCC2t;PMANM,0,1,26,23
KCC2t;S23T3g,0,1,26,23
KCC2t;S6T10g,0,1,26,23
KCC2t;S6T11g,0,1,26,23
KCC2t;S6T12g,0,1,26,23
KCC2t;S6T13g,0,1,26,23
KCC2t;S6T14g,0,1,26,23
KCC2t;S6T15g,0,1,26,23
KCC2t;S6T4g,0,1,26,23
KCC2t;S6T5g,0,1,26,23
KCC2t;S6T6g,0,1,26,23
KCC2t;S6T7g,0,1,26,23
KCC2t;S6T8g,0,1,26,23
KCC2t;S6T9g,0,1,26,23
KCC2t;SADT,0,3,26,21
KCC2t;SO4CLtex,0,1,26,23
KCC2t;SO4CLtex2,0,2,26,22
KCC2t;THYPX,0,1,26,23
KCC2t;THYST,0,1,26,23
KCC2t;TYRDOPO,0,1,26,23
KCC2t;TYRt4,0,1,26,23
KCC2t;UDPDOLPT,0,1,26,23
KCC2t;UDPG4E,0,1,26,23
KCC2t;UDPGALtg,0,1,26,23
KCC2t;UDPGD,0,1,26,23
KCC2t;UGLCNACtg,0,1,26,23
KCC2t;UROLACer,0,1,26,23
KCCt;SADT,0,1,26,23
KCCt;SO4CLtex,0,1,26,23
KSII_CORE4t;MAN1PT2,0,1,26,23
KSII_CORE4t;MAN6PI,0,1,26,23
KSII_CORE4t;PMANM,0,1,26,23
KSII_CORE4tly;MAN1PT2,0,1,26,23
KSII_CORE4tly;MAN6PI,0,1,26,23
KSII_CORE4tly;PMANM,0,1,26,23
KSIt;NDPK8,1,0,25,24
KSIt;PPItm,1,0,25,24
KSIt;TPI,1,0,25,24
KYN3OX;METDECARc,0,1,26,23
KYN3OX;METTRANSc,0,1,26,23
KYN3OX;NACDe,1,0,25,24
KYN3OX;NACPRT,1,0,25,24
KYN3OX;NCAMDe,1,0,25,24
KYN3OX;NMNDA,1,0,25,24
KYN3OX;NMNS,1,0,25,24
KYNAKGAT;AKGtn,2,0,24,24
KYNAKGAT;CO2tn,2,0,24,24
KYNAKGAT;FALDtn,2,0,24,24
KYNAKGAT;MEOHt2,1,0,25,24
KYNAKGAT;METAT,2,0,24,24
KYNAKGAT;METDECARc,1,0,25,24
KYNAKGAT;METTRANSc,1,0,25,24
KYNAKGAT;NDP7er,1,0,25,24
KYNAKGAT;NMNS,1,0,25,24
KYNAKGAT;O2tn,2,0,24,24
KYNAKGAT;PPBNGS,1,0,25,24
KYNAKGAT;PPItm,1,0,25,24
KYNAKGAT;PPPGOm,1,0,25,24
KYNAKGAT;PROAKGOX1m,1,0,25,24
KYNAKGAT;SFGTH,1,0,25,24
KYNAKGAT;SUCOAS1m,1,0,25,24
KYNAKGAT;UDPGCURtr,1,0,25,24
KYNAKGAT;UDPGD,1,0,25,24
KYNAKGAT;UMPtr,1,0,25,24
KYNATESYN;AKGtn,2,0,24,24
KYNATESYN;CO2tn,2,0,24,24
KYNATESYN;FALDtn,2,0,24,24
KYNATESYN;MEOHt2,1,0,25,24
KYNATESYN;METAT,2,0,24,24
KYNATESYN;METDECARc,1,0,25,24
KYNATESYN;METTRANSc,1,0,25,24
KYNATESYN;NDP7er,1,0,25,24
KYNATESYN;NMNS,1,0,25,24
KYNATESYN;O2tn,2,0,24,24
KYNATESYN;PPBNGS,1,0,25,24
KYNATESYN;PPItm,1,0,25,24
KYNATESYN;PPPG9tm,1,0,25,24
KYNATESYN;PPPGOm,1,0,25,24
KYNATESYN;PROAKGOX1m,1,0,25,24
KYNATESYN;SFGTH,1,0,25,24
KYNATESYN;SUCOAS1m,1,0,25,24
KYNATESYN;UDPGCURtr,1,0,25,24
KYNATESYN;UDPGD,1,0,25,24
KYNATESYN;UMPtr,1,0,25,24
KYNATEtr;AKGtn,2,0,24,24
KYNATEtr;CO2tn,2,0,24,24
KYNATEtr;FALDtn,2,0,24,24
KYNATEtr;MEOHt2,1,0,25,24
KYNATEtr;METAT,2,0,24,24
KYNATEtr;METDECARc,1,0,25,24
KYNATEtr;METTRANSc,1,0,25,24
KYNATEtr;NDP7er,1,0,25,24
KYNATEtr;NMNS,1,0,25,24
KYNATEtr;O2tn,2,0,24,24
KYNATEtr;PPBNGS,1,0,25,24
KYNATEtr;PPItm,1,0,25,24
KYNATEtr;PPPG9tm,1,0,25,24
KYNATEtr;PPPGOm,1,0,25,24
KYNATEtr;PROAKGOX1m,1,0,25,24
KYNATEtr;SFGTH,1,0,25,24
KYNATEtr;SUCOAS1m,1,0,25,24
KYNATEtr;UDPGCURtr,1,0,25,24
KYNATEtr;UDPGD,1,0,25,24
KYNATEtr;UMPtr,1,0,25,24
L2AADPL2AADP6SAtm;ARTFR52,1,0,25,24
L2AADPL2AADP6SAtm;LSTO2r,0,1,26,23
L2AADPL2AADP6SAtm;P45011A1m,1,0,25,24
L2AADPL2AADP6SAtm;PFK,0,1,26,23
L2AADPL2AADP6SAtm;PGI,0,1,26,23
L2AADPL2AADP6SAtm;PRGNLONEtm,1,0,25,24
L2AADPL2AADP6SAtm;PRGSTRNt,1,0,25,24
L2AADPL2AADP6SAtm;PVD3,0,1,26,23
L2AADPL2AADP6SAtm;RTOT5,1,0,25,24
L2AADPL2AADP6SAtm;TECR200,1,0,25,24
L2AADPL2AADP6SAtm;TECR220,1,0,25,24
L2AADPL2AADP6SAtm;TECR240,1,0,25,24
L2AADPL2AADP6SAtm;TECR260,1,0,25,24
L2AADPL2AADP6SAtm;UMPK5,1,0,25,24
L2AADPL2AADP6SAtm;VD3,0,1,26,23
LARGEg;R5Ptr,5,3,21,21
LARGEg;RPI,0,1,26,23
LARGEg;RPIr,5,3,21,21
LARGEg;RU5Ptr,4,3,22,21
LCYSTCBOXL;AKGtn,0,1,26,23
LCYSTCBOXL;CO2tn,0,1,26,23
LCYSTCBOXL;FALDtn,0,1,26,23
LCYSTCBOXL;MEOHtly,1,0,25,24
LCYSTCBOXL;O2t,0,1,26,23
LCYSTCBOXL;O2tn,0,1,26,23
LCYSTCBOXL;PRDXl,1,0,25,24
LCYSTCBOXL;SFGTH,0,1,26,23
LDH_L;MAL_Lte,0,1,26,23
LDH_L;MDHm,0,1,26,23
LDH_L;MTHFR3x,0,1,26,23
LDH_L;NADH2_u10m,0,1,26,23
LDH_L;O2t,0,2,26,22
LDH_L;PGK,0,1,26,23
LDH_L;PGM,0,1,26,23
LDH_L;PYRLACte,0,1,26,23
LDH_L;PYRt2r,0,2,26,22
LDH_L;PYRt4_2,0,1,26,23
LDH_L;THBPT4ACAMDASE,0,2,26,22
LDH_L;THFtm,0,1,26,23
LDH_L;TRPHYDRO2,0,1,26,23
LDH_Lm;MAL_Lte,0,1,26,23
LDH_Lm;MDHm,0,1,26,23
LDH_Lm;PGK,0,1,26,23
LDH_Lm;PGM,0,1,26,23
LEUATB0tc;LEUt4,10,9,16,15
LEUTA;LEUTAm,0,1,26,23
LEUTA;PPA,0,1,26,23
LEUTA;PPCOACRNtm,0,2,26,22
LEUTA;PPCOAtm,0,2,26,22
LEUTA;PPItm,0,1,26,23
LEUTA;THFtm,0,1,26,23
LEUTA;TTDCPT1,0,2,26,22
LEUTA;TTDCPT2,0,2,26,22
LEUTA;TTDCRNt,0,2,26,22
LEUTAm;MAL_Lte,1,0,25,24
LEUTAm;NDP7er,0,1,26,23
LEUTAm;PGMT,0,1,26,23
LEUTAm;PHEMEtabc,0,1,26,23
LEUTAm;PIt2r,0,1,26,23
LEUTAm;PIter,0,1,26,23
LEUTAm;PPBNGS,0,1,26,23
LEUTAm;PPPG9tm,0,1,26,23
LEUTAm;PPPGOm,0,1,26,23
LEUTAm;RND213,0,1,26,23
LEUTAm;THFtm,0,1,26,23
LEUTAm;UDPGD,0,1,26,23
LEUTAm;UDPGLCAter,0,1,26,23
LEUTAm;UGT1A2r,0,1,26,23
LEUTAm;UPP3S,0,1,26,23
LEUTAm;UPPDC1,0,1,26,23
LEUt5m;LEUTA,0,1,26,23
LEUt5m;MAL_Lte,1,0,25,24
LEUt5m;NDP7er,0,1,26,23
LEUt5m;PGMT,0,1,26,23
LEUt5m;PHEMEtabc,0,1,26,23
LEUt5m;PIt2r,0,1,26,23
LEUt5m;PIter,0,1,26,23
LEUt5m;PPBNGS,0,1,26,23
LEUt5m;PPPG9tm,0,1,26,23
LEUt5m;PPPGOm,0,1,26,23
LEUt5m;RND213,0,1,26,23
LEUt5m;THFtm,0,1,26,23
LEUt5m;UDPGD,0,1,26,23
LEUt5m;UDPGLCAter,0,1,26,23
LEUt5m;UGT1A2r,0,1,26,23
LEUt5m;UPP3S,0,1,26,23
LEUt5m;UPPDC1,0,1,26,23
LHCYSTIN;NTD7,1,0,25,24
LHCYSTIN;PGI,1,0,25,24
LHCYSTIN;PYRAKGte,1,0,25,24
LHCYSTIN;PYRFORte,1,0,25,24
LHCYSTIN;THFtm,1,0,25,24
LHCYSTINt;NTD7,1,0,25,24
LHCYSTINt;PGI,1,0,25,24
LHCYSTINt;PYRAKGte,1,0,25,24
LHCYSTINt;PYRFORte,1,0,25,24
LHCYSTINt;THFtm,1,0,25,24
LPASE;THRA,1,0,25,24
LPS2;THRA,1,0,25,24
LPS3;THRA,2,0,24,24
LSTO2r;MTHFCm,0,1,26,23
LSTO2r;MTHFDm,0,1,26,23
LSTO2r;OXOADLR,0,1,26,23
LSTO2r;PIt2m_2,0,1,26,23
LSTO2r;PPA,0,1,26,23
LSTO2r;PPItm,0,1,26,23
LSTO2r;PROGLUtm,0,1,26,23
LSTO2r;PROtm,0,1,26,23
LSTO2r;PYRAKGte,0,1,26,23
LSTO2r;PYRt2r,0,1,26,23
LSTO2r;SACCD4m,0,1,26,23
LSTO2r;SERTm,0,1,26,23
LSTO2r;TD2GLTRCOAm,0,1,26,23
LSTO2r;TTDCPT1,0,2,26,22
LSTO2r;TTDCPT2,0,2,26,22
LSTO2r;TTDCRNt,0,2,26,22
LTDCL;NAt,0,1,26,23
LYSATB0tc;LYSt4,13,9,13,15
LYSCITRt2m;ARTFR52,1,0,25,24
LYSCITRt2m;RTOT5,1,0,25,24
LYSCITRt2m;TECR200,1,0,25,24
LYSCITRt2m;TECR220,1,0,25,24
LYSCITRt2m;TECR240,1,0,25,24
LYSCITRt2m;TECR260,1,0,25,24
LYStm;P45011A1m,1,0,25,24
LYStm;PRGNLONEtm,1,0,25,24
LYStm;PRGSTRNt,1,0,25,24
LYStm;UMPK5,1,0,25,24
LYStn;H3K9DMET_1,0,1,26,23
L_LACt2r;L_LACt4r_2,0,1,26,23
L_LACt2r;O2t,0,1,26,23
L_LACt2r;PYK6,0,1,26,23
L_LACt2r;PYRt2r,0,2,26,22
L_LACt2r;THBPT4ACAMDASE,0,1,26,23
L_LACtcm;NH4tm,1,1,25,23
L_LACtcm;O2t,1,0,25,24
L_LACtcm;PFK2,1,0,25,24
L_LACtcm;PPItm,1,0,25,24
L_LACtcm;PYK7,1,0,25,24
L_LACtcm;RTOTALCRNCPT1,2,0,24,24
L_LACtcm;RTOTALCRNCPT2,2,0,24,24
L_LACtcm;RTOTALCRNt,2,0,24,24
L_LACtcm;R_group_phosphotase_1,2,0,24,24
L_LACtcm;THFtm,1,0,25,24
L_LACtcm;TPI,1,0,25,24
L_LACtm;MAL_Lte,0,1,26,23
L_LACtm;MDHm,0,1,26,23
L_LACtm;NH4tm,1,1,25,23
L_LACtm;O2t,1,0,25,24
L_LACtm;PFK2,1,0,25,24
L_LACtm;PGK,0,1,26,23
L_LACtm;PGM,0,1,26,23
L_LACtm;PPItm,1,0,25,24
L_LACtm;PYK7,1,0,25,24
L_LACtm;RTOTALCRNCPT1,2,0,24,24
L_LACtm;RTOTALCRNCPT2,2,0,24,24
L_LACtm;RTOTALCRNt,2,0,24,24
L_LACtm;R_group_phosphotase_1,2,0,24,24
L_LACtm;THFtm,1,0,25,24
L_LACtm;TPI,1,0,25,24
M1316M2g;UMPK5,0,1,26,23
M1316Mg;NDP7er,0,1,26,23
M1316Mg;NDPK8,1,0,25,24
M1316Mg;PFK2,0,1,26,23
M1316Mg;PNTK,1,0,25,24
M1316Mg;PNTOte,1,0,25,24
M1316Mg;PPCDC,1,0,25,24
M1316Mg;PPItm,1,0,25,24
M1316Mg;PPNCL2,1,0,25,24
M1316Mg;PTPAT,1,0,25,24
M1316Mg;TPI,1,0,25,24
M1316Mg;UDPG4E,0,1,26,23
M1316Mg;UDPGALt2r,0,1,26,23
M1316Mg;UDPGALtg,0,1,26,23
M1316Mg;UDPGD,1,0,25,24
M1316Mg;UDPGGPGTr,0,1,26,23
M1316Mg;UGCGc,0,1,26,23
M1316Mg;UMPtr,0,1,26,23
M1316Mg;UROLACer,1,0,25,24
M13N2Tg;NDP7er,0,2,26,22
M13N2Tg;NDPK8,1,0,25,24
M13N2Tg;PFK2,0,1,26,23
M13N2Tg;PNTK,1,0,25,24
M13N2Tg;PNTOte,1,0,25,24
M13N2Tg;PPBNGS,0,1,26,23
M13N2Tg;PPCDC,1,0,25,24
M13N2Tg;PPItm,1,0,25,24
M13N2Tg;PPNCL2,1,0,25,24
M13N2Tg;PPPG9tm,0,1,26,23
M13N2Tg;PPPGOm,0,1,26,23
M13N2Tg;PTPAT,1,0,25,24
M13N2Tg;TPI,1,0,25,24
M13N2Tg;UDPG4E,0,1,26,23
M13N2Tg;UDPGALt2r,0,1,26,23
M13N2Tg;UDPGALtg,0,1,26,23
M13N2Tg;UDPGCURtr,0,1,26,23
M13N2Tg;UDPGD,1,1,25,23
M13N2Tg;UDPGGPGTr,0,1,26,23
M13N2Tg;UGCGc,0,1,26,23
M13N2Tg;UGT1A2r,0,1,26,23
M13N2Tg;UMPK5,0,1,26,23
M13N2Tg;UMPtr,0,2,26,22
M13N2Tg;UPP3S,0,1,26,23
M13N2Tg;UPPDC1,0,1,26,23
M13N2Tg;UROLACer,1,0,25,24
M13N4T2g;UDPG4E,0,1,26,23
M13N4T2g;UDPGALtg,0,1,26,23
M13N4T2g;UGCGc,0,1,26,23
M16N4Tg;PFK2,0,1,26,23
M16N4Tg;UDPG4E,0,1,26,23
M16N4Tg;UDPGALtg,0,1,26,23
M16N4Tg;UGCGc,0,1,26,23
M16N6T2g;UDPG4E,0,1,26,23
M16N6T2g;UDPGALtg,0,1,26,23
M16N6T2g;UGCGc,0,1,26,23
M16NT1g;NDPK8,1,0,25,24
M16NT1g;PPItm,1,0,25,24
M16NT1g;TPI,1,0,25,24
M16NT1g;UDPGD,1,0,25,24
M16NT1g;UMPK5,0,1,26,23
M16NT1g;UROLACer,1,0,25,24
M16NTg;PFK2,0,1,26,23
M16NTg;UDPG4E,0,1,26,23
M16NTg;UDPGALtg,0,1,26,23
M16NTg;UGCGc,0,1,26,23
M4MPDOL_ter;NDP7er,0,2,26,22
M4MPDOL_ter;NDPK8,1,0,25,24
M4MPDOL_ter;PFK2,0,1,26,23
M4MPDOL_ter;PNTK,1,0,25,24
M4MPDOL_ter;PNTOte,1,0,25,24
M4MPDOL_ter;PPBNGS,0,1,26,23
M4MPDOL_ter;PPCDC,1,0,25,24
M4MPDOL_ter;PPItm,1,0,25,24
M4MPDOL_ter;PPNCL2,1,0,25,24
M4MPDOL_ter;PPPG9tm,0,1,26,23
M4MPDOL_ter;PPPGOm,0,1,26,23
M4MPDOL_ter;PTPAT,1,0,25,24
M4MPDOL_ter;TPI,1,0,25,24
M4MPDOL_ter;UDPG4E,0,1,26,23
M4MPDOL_ter;UDPGALt2r,0,1,26,23
M4MPDOL_ter;UDPGALtg,0,1,26,23
M4MPDOL_ter;UDPGCURtr,0,1,26,23
M4MPDOL_ter;UDPGD,1,1,25,23
M4MPDOL_ter;UDPGGPGTr,0,1,26,23
M4MPDOL_ter;UGCGc,0,1,26,23
M4MPDOL_ter;UGT1A2r,0,1,26,23
M4MPDOL_ter;UMPK5,0,1,26,23
M4MPDOL_ter;UMPtr,0,2,26,22
M4MPDOL_ter;UPP3S,0,1,26,23
M4MPDOL_ter;UPPDC1,0,1,26,23
M4MPDOL_ter;UROLACer,1,0,25,24
M7MASNBterg;NDP7er,0,1,26,23
M7MASNBterg;PNTK,1,0,25,24
M7MASNBterg;PNTOte,1,0,25,24
M7MASNBterg;PPCDC,1,0,25,24
M7MASNBterg;PPNCL2,1,0,25,24
M7MASNBterg;PTPAT,1,0,25,24
M7MASNBterg;UDPG4E,0,1,26,23
M7MASNBterg;UDPGALt2r,0,1,26,23
M7MASNBterg;UDPGALtg,0,1,26,23
M7MASNBterg;UDPGD,1,0,25,24
M7MASNBterg;UDPGGPGTr,0,1,26,23
M7MASNBterg;UGCGc,0,1,26,23
M7MASNBterg;UMPtr,0,1,26,23
M7MASNBterg;UROLACer,1,0,25,24
M8MASNterg;NDP7er,0,1,26,23
M8MASNterg;NDPK8,1,0,25,24
M8MASNterg;PFK2,0,1,26,23
M8MASNterg;PPBNGS,0,1,26,23
M8MASNterg;PPItm,1,0,25,24
M8MASNterg;PPPG9tm,0,1,26,23
M8MASNterg;PPPGOm,0,1,26,23
M8MASNterg;TPI,1,0,25,24
M8MASNterg;UDPGCURtr,0,1,26,23
M8MASNterg;UDPGD,0,1,26,23
M8MASNterg;UGT1A2r,0,1,26,23
M8MASNterg;UMPK5,0,1,26,23
M8MASNterg;UMPtr,0,1,26,23
M8MASNterg;UPP3S,0,1,26,23
M8MASNterg;UPPDC1,0,1,26,23
MACOXO;AKGtn,0,1,26,23
MACOXO;CO2tn,0,1,26,23
MACOXO;FALDtn,0,1,26,23
MACOXO;H3K4MET_1,1,0,25,24
MACOXO;H3K4MET_2,1,0,25,24
MACOXO;H3K4MET_3,1,0,25,24
MACOXO;H3K4_synthesis,1,0,25,24
MACOXO;LYStn,1,0,25,24
MACOXO;O2tn,0,1,26,23
MACOXO;peplys_synthesis,1,0,25,24
MALCOAMT;ARTFR12,0,1,26,23
MALCOAMT;ARTFR41,1,2,25,22
MALCOAMT;PLMCOAPTr,1,3,25,21
MALCOAMT;PNTK,1,3,25,21
MALCOAMT;PNTOt1,0,2,26,22
MALCOAMT;PNTOte,1,1,25,23
MALCOAMT;PPCDC,1,3,25,21
MALCOAMT;PPNCL2,1,2,25,22
MALCOAMT;PPNCL3,0,1,26,23
MALCOAMT;PRDX,1,0,25,24
MALCOAMT;PTPAT,1,3,25,21
MALCOAMTr;ARTFR12,0,1,26,23
MALCOAMTr;ARTFR41,1,2,25,22
MALCOAMTr;PLMCOAPTr,1,3,25,21
MALCOAMTr;PNTK,1,3,25,21
MALCOAMTr;PNTOt1,0,2,26,22
MALCOAMTr;PNTOte,1,1,25,23
MALCOAMTr;PPCDC,1,3,25,21
MALCOAMTr;PPNCL2,1,2,25,22
MALCOAMTr;PPNCL3,0,1,26,23
MALCOAMTr;PRDX,1,0,25,24
MALCOAMTr;PTPAT,1,3,25,21
MAL_Lte;MALTSULtm,3,0,23,24
MAL_Lte;MAN1PT2,2,0,24,24
MAL_Lte;MAN6PI,2,0,24,24
MAL_Lte;MCITS,0,1,26,23
MAL_Lte;MDH,1,2,25,22
MAL_Lte;MDHm,7,3,19,21
MAL_Lte;ME2m,0,1,26,23
MAL_Lte;METAT,2,1,24,23
MAL_Lte;NDP7er,1,0,25,24
MAL_Lte;NDP7g,2,1,24,23
MAL_Lte;NH4tm,1,0,25,24
MAL_Lte;OBDHc,0,1,26,23
MAL_Lte;OFPGLCNACTg,1,0,25,24
MAL_Lte;OXALSUCCCLm,2,1,24,23
MAL_Lte;PEPCKm,0,1,26,23
MAL_Lte;PGMT,2,0,24,24
MAL_Lte;PHEMEtm,1,0,25,24
MAL_Lte;PIGTHRDLtm,1,1,25,23
MAL_Lte;PIMALtm,1,1,25,23
MAL_Lte;PItg,2,1,24,23
MAL_Lte;PMANM,2,0,24,24
MAL_Lte;PPBNGS,1,0,25,24
MAL_Lte;PPPG9tm,1,0,25,24
MAL_Lte;PPPGOm,1,0,25,24
MAL_Lte;PROAKGOX1m,1,0,25,24
MAL_Lte;PROGLUtm,1,0,25,24
MAL_Lte;PROtm,3,0,23,24
MAL_Lte;PRSDO,1,0,25,24
MAL_Lte;PYRt2r,1,0,25,24
MAL_Lte;PYRtm,8,0,18,24
MAL_Lte;R_group_phosphotase_1,1,0,25,24
MAL_Lte;SO3AKGtm,1,1,25,23
MAL_Lte;SO3MALtm,1,1,25,23
MAL_Lte;SQOR2m,1,0,25,24
MAL_Lte;SQORm,3,0,23,24
MAL_Lte;ST6GALGNFTg,1,0,25,24
MAL_Lte;SUCCACONtm,1,0,25,24
MAL_Lte;SUCOAS1m,1,0,25,24
MAL_Lte;TSCTS,1,0,25,24
MAL_Lte;TSULt4_3,3,0,23,24
MAL_Lte;UAG4E,1,0,25,24
MAL_Lte;UAGDP,2,0,24,24
MAL_Lte;UDPG4E,1,0,25,24
MAL_Lte;UDPGALt2r,1,0,25,24
MAL_Lte;UDPGALtg,2,0,24,24
MAL_Lte;UDPGD,0,1,26,23
MAL_Lte;UDPGGPGTr,1,0,25,24
MAL_Lte;UGALNACtg,1,0,25,24
MAL_Lte;UGCGc,1,0,25,24
MAL_Lte;UGLCNACtg,2,0,24,24
MAL_Lte;UGLT,1,0,25,24
MAL_Lte;UMPtr,1,0,25,24
MAL_Lte;UPP3S,1,0,25,24
MAL_Lte;UPPDC1,1,0,25,24
MAN1PT1;PPAer,0,1,26,23
MAN1PT1;PPIPItr,0,1,26,23
MAN1PT1;RPI,0,1,26,23
MAN1PT2;METDECARc,0,1,26,23
MAN1PT2;METTRANSc,0,1,26,23
MAN1PT2;NACHEX24ly,0,1,26,23
MAN1PT2;NACHEX25ly,0,1,26,23
MAN1PT2;NACHEX26ly,0,1,26,23
MAN1PT2;NAGA2ly,0,1,26,23
MAN1PT2;NAGLCAly,0,1,26,23
MAN1PT2;NDP7er,0,2,26,22
MAN1PT2;NDPK8,2,0,24,24
MAN1PT2;NRPPHRSFt,0,1,26,23
MAN1PT2;NRPPHRSULT,0,1,26,23
MAN1PT2;PAPStg,0,1,26,23
MAN1PT2;PAPtg,0,1,26,23
MAN1PT2;PFK2,0,1,26,23
MAN1PT2;PNTK,1,0,25,24
MAN1PT2;PNTOte,1,0,25,24
MAN1PT2;PPBNGS,0,1,26,23
MAN1PT2;PPCDC,1,0,25,24
MAN1PT2;PPItm,1,0,25,24
MAN1PT2;PPNCL2,1,0,25,24
MAN1PT2;PPPG9tm,0,1,26,23
MAN1PT2;PPPGOm,0,1,26,23
MAN1PT2;PTPAT,1,0,25,24
MAN1PT2;R5Ptr,2,3,24,21
MAN1PT2;RPIr,2,3,24,21
MAN1PT2;RU5Ptr,2,3,24,21
MAN1PT2;S23T4g,0,1,26,23
MAN1PT2;S6T16g,0,1,26,23
MAN1PT2;S6T17g,0,1,26,23
MAN1PT2;S6T18g,0,1,26,23
MAN1PT2;S6TASE24ly,0,1,26,23
MAN1PT2;S6TASE25ly,0,1,26,23
MAN1PT2;S6TASE26ly,0,1,26,23
MAN1PT2;SADT,0,1,26,23
MAN1PT2;SIAASE4ly,0,1,26,23
MAN1PT2;SO4CLtex,0,1,26,23
MAN1PT2;SO4tl,0,1,26,23
MAN1PT2;Ser/Thrtg,0,1,26,23
MAN1PT2;TPI,3,0,23,24
MAN1PT2;TYRDOPO,0,2,26,22
MAN1PT2;UAG4E,0,2,26,22
MAN1PT2;UDPACGALtl,0,1,26,23
MAN1PT2;UDPG4E,0,2,26,22
MAN1PT2;UDPGALt2r,0,1,26,23
MAN1PT2;UDPGALtg,0,2,26,22
MAN1PT2;UDPGCURtr,0,1,26,23
MAN1PT2;UDPGD,0,5,26,19
MAN1PT2;UDPGGPGTr,0,1,26,23
MAN1PT2;UDPtl,0,1,26,23
MAN1PT2;UGALNACtg,0,2,26,22
MAN1PT2;UGCGc,0,1,26,23
MAN1PT2;UGT1A2r,0,1,26,23
MAN1PT2;UMPK5,0,1,26,23
MAN1PT2;UMPtr,0,2,26,22
MAN1PT2;UPP3S,0,1,26,23
MAN1PT2;UPPDC1,0,1,26,23
MAN1PT2;UROLACer,0,2,26,22
MAN6PI;METDECARc,0,1,26,23
MAN6PI;METTRANSc,0,1,26,23
MAN6PI;NACHEX24ly,0,1,26,23
MAN6PI;NACHEX25ly,0,1,26,23
MAN6PI;NACHEX26ly,0,1,26,23
MAN6PI;NAGA2ly,0,1,26,23
MAN6PI;NAGLCAly,0,1,26,23
MAN6PI;NDP7er,1,2,25,22
MAN6PI;NDPK8,2,0,24,24
MAN6PI;NRPPHRSFt,0,1,26,23
MAN6PI;NRPPHRSULT,0,1,26,23
MAN6PI;PAPStg,0,1,26,23
MAN6PI;PAPtg,0,1,26,23
MAN6PI;PFK2,0,1,26,23
MAN6PI;PNTK,1,0,25,24
MAN6PI;PNTOte,1,0,25,24
MAN6PI;PPBNGS,0,1,26,23
MAN6PI;PPCDC,1,0,25,24
MAN6PI;PPItm,1,0,25,24
MAN6PI;PPNCL2,1,0,25,24
MAN6PI;PPPG9tm,0,1,26,23
MAN6PI;PPPGOm,0,1,26,23
MAN6PI;PTPAT,1,0,25,24
MAN6PI;R5Ptr,3,3,23,21
MAN6PI;RPI,0,1,26,23
MAN6PI;RPIr,3,3,23,21
MAN6PI;RU5Ptr,3,3,23,21
MAN6PI;S23T4g,0,1,26,23
MAN6PI;S6T16g,0,1,26,23
MAN6PI;S6T17g,0,1,26,23
MAN6PI;S6T18g,0,1,26,23
MAN6PI;S6TASE24ly,0,1,26,23
MAN6PI;S6TASE25ly,0,1,26,23
MAN6PI;S6TASE26ly,0,1,26,23
MAN6PI;SADT,0,1,26,23
MAN6PI;SIAASE4ly,0,1,26,23
MAN6PI;SO4CLtex,0,1,26,23
MAN6PI;SO4tl,0,1,26,23
MAN6PI;ST3GAL21g,1,0,25,24
MAN6PI;ST6GALNAC31,1,0,25,24
MAN6PI;ST8SIA53g,1,0,25,24
MAN6PI;Ser/Thrtg,0,1,26,23
MAN6PI;TPI,3,0,23,24
MAN6PI;TYRDOPO,0,2,26,22
MAN6PI;UAG4E,1,2,25,22
MAN6PI;UDPACGALtl,0,1,26,23
MAN6PI;UDPG4E,0,2,26,22
MAN6PI;UDPGALt2r,1,1,25,23
MAN6PI;UDPGALtg,0,2,26,22
MAN6PI;UDPGCURtr,0,1,26,23
MAN6PI;UDPGD,0,5,26,19
MAN6PI;UDPGGPGTr,1,1,25,23
MAN6PI;UDPtl,0,1,26,23
MAN6PI;UGALNACtg,1,2,25,22
MAN6PI;UGCGc,1,1,25,23
MAN6PI;UGT1A2r,0,1,26,23
MAN6PI;UMPK5,0,1,26,23
MAN6PI;UMPtr,1,2,25,22
MAN6PI;UPP3S,0,1,26,23
MAN6PI;UPPDC1,0,1,26,23
MAN6PI;UROLACer,0,2,26,22
MANter;NDP7er,0,1,26,23
MANter;PNTK,1,0,25,24
MANter;PNTOte,1,0,25,24
MANter;PPCDC,1,0,25,24
MANter;PPNCL2,1,0,25,24
MANter;PTPAT,1,0,25,24
MANter;UDPG4E,0,1,26,23
MANter;UDPGALt2r,0,1,26,23
MANter;UDPGALtg,0,1,26,23
MANter;UDPGD,1,0,25,24
MANter;UDPGGPGTr,0,1,26,23
MANter;UGCGc,0,1,26,23
MANter;UMPtr,0,1,26,23
MANter;UROLACer,1,0,25,24
MANtg;NDP7er,0,2,26,22
MANtg;NDPK8,1,0,25,24
MANtg;PFK2,0,1,26,23
MANtg;PNTK,1,0,25,24
MANtg;PNTOte,1,0,25,24
MANtg;PPBNGS,0,1,26,23
MANtg;PPCDC,1,0,25,24
MANtg;PPItm,1,0,25,24
MANtg;PPNCL2,1,0,25,24
MANtg;PPPG9tm,0,1,26,23
MANtg;PPPGOm,0,1,26,23
MANtg;PTPAT,1,0,25,24
MANtg;TPI,1,0,25,24
MANtg;UDPG4E,0,1,26,23
MANtg;UDPGALt2r,0,1,26,23
MANtg;UDPGALtg,0,1,26,23
MANtg;UDPGCURtr,0,1,26,23
MANtg;UDPGD,1,1,25,23
MANtg;UDPGGPGTr,0,1,26,23
MANtg;UGCGc,0,1,26,23
MANtg;UGT1A2r,0,1,26,23
MANtg;UMPK5,0,1,26,23
MANtg;UMPtr,0,2,26,22
MANtg;UPP3S,0,1,26,23
MANtg;UPPDC1,0,1,26,23
MANtg;UROLACer,1,0,25,24
MANtly;PNTK,1,0,25,24
MANtly;PNTOte,1,0,25,24
MANtly;PPCDC,1,0,25,24
MANtly;PPNCL2,1,0,25,24
MANtly;PTPAT,1,0,25,24
MANtly;UDPGD,1,0,25,24
MANtly;UMPK5,0,1,26,23
MANtly;UROLACer,1,0,25,24
MCCCm;PPA,0,1,26,23
MCCCm;PPCOACRNtm,0,2,26,22
MCCCm;PPCOAtm,0,2,26,22
MCCCm;PPItm,0,1,26,23
MCCCm;TTDCPT1,0,2,26,22
MCCCm;TTDCPT2,0,2,26,22
MCCCm;TTDCRNt,0,2,26,22
MCITS;NTD7,0,1,26,23
MDH;NH4tm,1,0,25,24
MDH;TYROX,0,1,26,23
MDH;TYRTA,0,1,26,23
MDHm;ME1m,0,1,26,23
MDHm;ME2m,0,2,26,22
MDHm;METOX,0,1,26,23
MDHm;NDP7er,1,0,25,24
MDHm;PHEMEtm,0,1,26,23
MDHm;PIMALtm,0,1,26,23
MDHm;PIt2m_2,0,1,26,23
MDHm;PPBNGS,1,1,25,23
MDHm;PPItm,2,0,24,24
MDHm;PPPG9tm,1,1,25,23
MDHm;PPPGOm,1,1,25,23
MDHm;PROAKGOX1m,1,0,25,24
MDHm;PYRtm,0,1,26,23
MDHm;SO3AKGtm,0,1,26,23
MDHm;SO3MALtm,0,1,26,23
MDHm;SUCCICITtm,0,1,26,23
MDHm;SUCOAS1m,1,0,25,24
MDHm;THR3Dx,0,1,26,23
MDHm;UDPGCURtr,1,0,25,24
MDHm;UDPGD,1,0,25,24
MDHm;UMPtr,1,0,25,24
MDHm;UNK3,0,1,26,23
MDHm;UPP3S,0,1,26,23
MDHm;UPPDC1,0,1,26,23
ME1m;ME2m,0,1,26,23
MEOHt2;H3K9MET_2,0,1,26,23
MEOHt2;H3K9MET_3,0,1,26,23
MEOHt2;H3K9_synthesis,0,1,26,23
MEOHt2;LYStn,0,1,26,23
MEOHt2;NH4tm,1,0,25,24
MEOHt2;PE_HStm,0,1,26,23
MEOHt2;PSDm_hs,0,1,26,23
MEOHt2;PSFLIPm,0,1,26,23
MEOHt2;PYRAKGte,1,0,25,24
MEOHt2;PYRFORte,1,0,25,24
MEOHt2;SFGTH,0,1,26,23
MEOHt2;TRPO2,1,0,25,24
MEOHt2;TYRDOPO,3,0,23,24
MEOHt2;peplys_synthesis,0,1,26,23
MEOHtly;SADT,1,0,25,24
MEOHtly;TAURCHAe,1,0,25,24
MEOHtly;THYPX,1,0,25,24
MEOHtly;THYST,1,0,25,24
METAT;MTHFC,1,1,25,23
METAT;MTHFD,1,0,25,24
METAT;MTHFD2,0,1,26,23
METAT;NH4tm,1,0,25,24
METAT;NTD7,1,1,25,23
METAT;PFK,1,0,25,24
METAT;PGI,1,0,25,24
METAT;PIMALtm,1,0,25,24
METAT;PYRAKGte,1,0,25,24
METAT;PYRFORte,1,0,25,24
METAT;SO4AKGtm,1,0,25,24
METAT;SO4MALtm,1,0,25,24
METAT;THFtm,1,0,25,24
METAT;THRA,1,0,25,24
METAT;TRPO2,2,0,24,24
METATB0tc;METt4,24,16,2,8
METDECARc;NACHEX24ly,0,1,26,23
METDECARc;NACHEX25ly,0,1,26,23
METDECARc;NAGA2ly,0,1,26,23
METDECARc;NAGLCAly,0,1,26,23
METDECARc;NDP7g,0,1,26,23
METDECARc;OXOADLR,0,1,26,23
METDECARc;PAPStg,0,1,26,23
METDECARc;PAPtg,0,1,26,23
METDECARc;PCLAD,0,1,26,23
METDECARc;PGMT,0,1,26,23
METDECARc;PItg,0,1,26,23
METDECARc;PMANM,0,1,26,23
METDECARc;PYRt2r,0,1,26,23
METDECARc;S6TASE24ly,0,1,26,23
METDECARc;SADT,0,1,26,23
METDECARc;SO4tl,0,1,26,23
METDECARc;Ser/Thrtg,0,1,26,23
METDECARc;TD2GLTRCOAm,0,1,26,23
METDECARc;TRPO2,1,1,25,23
METDECARc;UAGDP,0,1,26,23
METDECARc;UDPACGALtl,0,1,26,23
METDECARc;UDPG4E,0,1,26,23
METDECARc;UDPGALtg,0,1,26,23
METDECARc;UDPGD,0,1,26,23
METDECARc;UDPtl,0,1,26,23
METDECARc;UGALNACtg,0,1,26,23
METDECARc;UGLCNACtg,0,1,26,23
METDECARc;UGLT,0,1,26,23
METDECARc;UROLACer,0,1,26,23
METOX;NH4tm,1,0,25,24
METOX;OXALSUCCCL,0,1,26,23
METOX;PIt2m_2,0,1,26,23
METOX;PPCOACRNtm,0,1,26,23
METOX;PPCOAtm,0,1,26,23
METOX;PROGLUtm,2,0,24,24
METOX;PROtm,2,0,24,24
METOX;PYRtm,1,0,25,24
METOX;THRA,0,1,26,23
METOX;TTDCPT1,0,1,26,23
METOX;TTDCPT2,0,1,26,23
METOX;TTDCRNt,0,1,26,23
METTRANSc;NACHEX24ly,0,1,26,23
METTRANSc;NACHEX25ly,0,1,26,23
METTRANSc;NAGA2ly,0,1,26,23
METTRANSc;NAGLCAly,0,1,26,23
METTRANSc;NDP7g,0,1,26,23
METTRANSc;OXOADLR,0,1,26,23
METTRANSc;PAPStg,0,1,26,23
METTRANSc;PAPtg,0,1,26,23
METTRANSc;PCLAD,0,1,26,23
METTRANSc;PGMT,0,1,26,23
METTRANSc;PItg,0,1,26,23
METTRANSc;PMANM,0,1,26,23
METTRANSc;PYRt2r,0,1,26,23
METTRANSc;S6TASE24ly,0,1,26,23
METTRANSc;SADT,0,1,26,23
METTRANSc;SO4tl,0,1,26,23
METTRANSc;Ser/Thrtg,0,1,26,23
METTRANSc;TD2GLTRCOAm,0,1,26,23
METTRANSc;TRPO2,1,1,25,23
METTRANSc;UAGDP,0,1,26,23
METTRANSc;UDPACGALtl,0,1,26,23
METTRANSc;UDPG4E,0,1,26,23
METTRANSc;UDPGALtg,0,1,26,23
METTRANSc;UDPGD,0,1,26,23
METTRANSc;UDPtl,0,1,26,23
METTRANSc;UGALNACtg,0,1,26,23
METTRANSc;UGLCNACtg,0,1,26,23
METTRANSc;UGLT,0,1,26,23
METTRANSc;UROLACer,0,1,26,23
MG1er;NDP7er,0,2,26,22
MG1er;NDPK8,1,0,25,24
MG1er;PFK2,0,1,26,23
MG1er;PNTK,1,0,25,24
MG1er;PNTOte,1,0,25,24
MG1er;PPBNGS,0,1,26,23
MG1er;PPCDC,1,0,25,24
MG1er;PPItm,1,0,25,24
MG1er;PPNCL2,1,0,25,24
MG1er;PPPG9tm,0,1,26,23
MG1er;PPPGOm,0,1,26,23
MG1er;PTPAT,1,0,25,24
MG1er;TPI,1,0,25,24
MG1er;UDPG4E,0,1,26,23
MG1er;UDPGALt2r,0,1,26,23
MG1er;UDPGALtg,0,1,26,23
MG1er;UDPGCURtr,0,1,26,23
MG1er;UDPGD,1,1,25,23
MG1er;UDPGGPGTr,0,1,26,23
MG1er;UGCGc,0,1,26,23
MG1er;UGT1A2r,0,1,26,23
MG1er;UMPK5,0,1,26,23
MG1er;UMPtr,0,2,26,22
MG1er;UPP3S,0,1,26,23
MG1er;UPPDC1,0,1,26,23
MG1er;UROLACer,1,0,25,24
MG2er;NDP7er,0,2,26,22
MG2er;NDPK8,1,0,25,24
MG2er;PFK2,0,1,26,23
MG2er;PNTK,1,0,25,24
MG2er;PNTOte,1,0,25,24
MG2er;PPBNGS,0,1,26,23
MG2er;PPCDC,1,0,25,24
MG2er;PPItm,1,0,25,24
MG2er;PPNCL2,1,0,25,24
MG2er;PPPG9tm,0,1,26,23
MG2er;PPPGOm,0,1,26,23
MG2er;PTPAT,1,0,25,24
MG2er;TPI,1,0,25,24
MG2er;UDPG4E,0,1,26,23
MG2er;UDPGALt2r,0,1,26,23
MG2er;UDPGALtg,0,1,26,23
MG2er;UDPGCURtr,0,1,26,23
MG2er;UDPGD,1,1,25,23
MG2er;UDPGGPGTr,0,1,26,23
MG2er;UGCGc,0,1,26,23
MG2er;UGT1A2r,0,1,26,23
MG2er;UMPK5,0,1,26,23
MG2er;UMPtr,0,2,26,22
MG2er;UPP3S,0,1,26,23
MG2er;UPPDC1,0,1,26,23
MG2er;UROLACer,1,0,25,24
MG3er;NDP7er,0,2,26,22
MG3er;NDPK8,1,0,25,24
MG3er;PFK2,0,1,26,23
MG3er;PNTK,1,0,25,24
MG3er;PNTOte,1,0,25,24
MG3er;PPBNGS,0,1,26,23
MG3er;PPCDC,1,0,25,24
MG3er;PPItm,1,0,25,24
MG3er;PPNCL2,1,0,25,24
MG3er;PPPG9tm,0,1,26,23
MG3er;PPPGOm,0,1,26,23
MG3er;PTPAT,1,0,25,24
MG3er;TPI,1,0,25,24
MG3er;UDPG4E,0,1,26,23
MG3er;UDPGALt2r,0,1,26,23
MG3er;UDPGALtg,0,1,26,23
MG3er;UDPGCURtr,0,1,26,23
MG3er;UDPGD,1,1,25,23
MG3er;UDPGGPGTr,0,1,26,23
MG3er;UGCGc,0,1,26,23
MG3er;UGT1A2r,0,1,26,23
MG3er;UMPK5,0,1,26,23
MG3er;UMPtr,0,2,26,22
MG3er;UPP3S,0,1,26,23
MG3er;UPPDC1,0,1,26,23
MG3er;UROLACer,1,0,25,24
MGCHrm;PPA,0,1,26,23
MGCHrm;PPCOACRNtm,0,2,26,22
MGCHrm;PPCOAtm,0,2,26,22
MGCHrm;PPItm,0,1,26,23
MGCHrm;TTDCPT1,0,2,26,22
MGCHrm;TTDCPT2,0,2,26,22
MGCHrm;TTDCRNt,0,2,26,22
MGSA;MTHFCm,0,1,26,23
MGSA;MTHFDm,0,1,26,23
MGSA;NMNS,0,1,26,23
MGSA;NTD10,0,1,26,23
MGSA;PPAer,0,1,26,23
MGSA;PPIPItr,0,1,26,23
MGSA;PPM,0,1,26,23
MGSA;PUNP7,0,1,26,23
MGSA;SERTm,0,1,26,23
MGSA;THRA,0,1,26,23
MGSA;URATEt,0,1,26,23
MGSA;XAND,0,1,26,23
MHISOR;AKGtn,0,1,26,23
MHISOR;CO2tn,0,1,26,23
MHISOR;FALDtn,0,1,26,23
MHISOR;H3K4MET_1,1,0,25,24
MHISOR;H3K4MET_2,1,0,25,24
MHISOR;H3K4MET_3,1,0,25,24
MHISOR;H3K4_synthesis,1,0,25,24
MHISOR;LYStn,1,0,25,24
MHISOR;O2tn,0,1,26,23
MHISOR;peplys_synthesis,1,0,25,24
MI14P4P;PIPLC,0,1,26,23
MI14PP;MI1PP,22,16,4,8
MI14PP;O2t,1,3,25,21
MI14PP;PIPLC,22,15,4,9
MI1PP;ADPtn,0,1,26,23
MI1PP;MI4PP,22,14,4,10
MI1PP;PAIL4P_HStn,0,1,26,23
MI1PP;PAIL_HStn,0,1,26,23
MI1PP;PGLYCH,0,1,26,23
MI1PP;PI4PLC,0,1,26,23
MI1PP;PIK4,4,3,22,21
MI1PP;PIK4n,0,1,26,23
MI1PP;PPAPA,0,1,26,23
MI1PP;TRIOK,0,1,26,23
MI4PP;O2t,1,3,25,21
MI4PP;PIPLC,22,14,4,10
MM5ag;NDP7er,0,1,26,23
MM5ag;NDPK8,1,0,25,24
MM5ag;PFK2,0,1,26,23
MM5ag;PPBNGS,0,1,26,23
MM5ag;PPItm,1,0,25,24
MM5ag;PPPG9tm,0,1,26,23
MM5ag;PPPGOm,0,1,26,23
MM5ag;TPI,1,0,25,24
MM5ag;UDPGCURtr,0,1,26,23
MM5ag;UDPGD,0,1,26,23
MM5ag;UGT1A2r,0,1,26,23
MM5ag;UMPK5,0,1,26,23
MM5ag;UMPtr,0,1,26,23
MM5ag;UPP3S,0,1,26,23
MM5ag;UPPDC1,0,1,26,23
MM5bg;UDPGD,1,0,25,24
MM5bg;UROLACer,1,0,25,24
MM5cg;NDP7er,0,1,26,23
MM5cg;PNTK,1,0,25,24
MM5cg;PNTOte,1,0,25,24
MM5cg;PPCDC,1,0,25,24
MM5cg;PPNCL2,1,0,25,24
MM5cg;PTPAT,1,0,25,24
MM5cg;UDPG4E,0,1,26,23
MM5cg;UDPGALt2r,0,1,26,23
MM5cg;UDPGALtg,0,1,26,23
MM5cg;UDPGGPGTr,0,1,26,23
MM5cg;UGCGc,0,1,26,23
MM5cg;UMPtr,0,1,26,23
MM6B1ag;UDPGD,1,0,25,24
MM6B1ag;UROLACer,1,0,25,24
MM6B2g;NDP7er,0,1,26,23
MM6B2g;PNTK,1,0,25,24
MM6B2g;PNTOte,1,0,25,24
MM6B2g;PPCDC,1,0,25,24
MM6B2g;PPNCL2,1,0,25,24
MM6B2g;PTPAT,1,0,25,24
MM6B2g;UDPG4E,0,1,26,23
MM6B2g;UDPGALt2r,0,1,26,23
MM6B2g;UDPGALtg,0,1,26,23
MM6B2g;UDPGGPGTr,0,1,26,23
MM6B2g;UGCGc,0,1,26,23
MM6B2g;UMPtr,0,1,26,23
MM6bg;NDP7er,0,1,26,23
MM6bg;NDPK8,1,0,25,24
MM6bg;PFK2,0,1,26,23
MM6bg;PPBNGS,0,1,26,23
MM6bg;PPItm,1,0,25,24
MM6bg;PPPG9tm,0,1,26,23
MM6bg;PPPGOm,0,1,26,23
MM6bg;TPI,1,0,25,24
MM6bg;UDPGCURtr,0,1,26,23
MM6bg;UDPGD,0,1,26,23
MM6bg;UGT1A2r,0,1,26,23
MM6bg;UMPK5,0,1,26,23
MM6bg;UMPtr,0,1,26,23
MM6bg;UPP3S,0,1,26,23
MM6bg;UPPDC1,0,1,26,23
MM7B1g;UDPGD,1,0,25,24
MM7B1g;UROLACer,1,0,25,24
MM7B2g;NDP7er,0,1,26,23
MM7B2g;PNTK,1,0,25,24
MM7B2g;PNTOte,1,0,25,24
MM7B2g;PPCDC,1,0,25,24
MM7B2g;PPNCL2,1,0,25,24
MM7B2g;PTPAT,1,0,25,24
MM7B2g;UDPG4E,0,1,26,23
MM7B2g;UDPGALt2r,0,1,26,23
MM7B2g;UDPGALtg,0,1,26,23
MM7B2g;UDPGGPGTr,0,1,26,23
MM7B2g;UGCGc,0,1,26,23
MM7B2g;UMPtr,0,1,26,23
MM7Cag;NDP7er,0,1,26,23
MM7Cag;NDPK8,1,0,25,24
MM7Cag;PFK2,0,1,26,23
MM7Cag;PPBNGS,0,1,26,23
MM7Cag;PPItm,1,0,25,24
MM7Cag;PPPG9tm,0,1,26,23
MM7Cag;PPPGOm,0,1,26,23
MM7Cag;TPI,1,0,25,24
MM7Cag;UDPGCURtr,0,1,26,23
MM7Cag;UDPGD,0,1,26,23
MM7Cag;UGT1A2r,0,1,26,23
MM7Cag;UMPK5,0,1,26,23
MM7Cag;UMPtr,0,1,26,23
MM7Cag;UPP3S,0,1,26,23
MM7Cag;UPPDC1,0,1,26,23
MM8Ag;NDP7er,0,1,26,23
MM8Ag;NDPK8,1,0,25,24
MM8Ag;PFK2,0,1,26,23
MM8Ag;PPBNGS,0,1,26,23
MM8Ag;PPItm,1,0,25,24
MM8Ag;PPPG9tm,0,1,26,23
MM8Ag;PPPGOm,0,1,26,23
MM8Ag;TPI,1,0,25,24
MM8Ag;UDPGCURtr,0,1,26,23
MM8Ag;UDPGD,0,1,26,23
MM8Ag;UGT1A2r,0,1,26,23
MM8Ag;UMPK5,0,1,26,23
MM8Ag;UMPtr,0,1,26,23
MM8Ag;UPP3S,0,1,26,23
MM8Ag;UPPDC1,0,1,26,23
MM8Ber;NDP7er,0,1,26,23
MM8Ber;PNTK,1,0,25,24
MM8Ber;PNTOte,1,0,25,24
MM8Ber;PPCDC,1,0,25,24
MM8Ber;PPNCL2,1,0,25,24
MM8Ber;PTPAT,1,0,25,24
MM8Ber;UDPG4E,0,1,26,23
MM8Ber;UDPGALt2r,0,1,26,23
MM8Ber;UDPGALtg,0,1,26,23
MM8Ber;UDPGD,1,0,25,24
MM8Ber;UDPGGPGTr,0,1,26,23
MM8Ber;UGCGc,0,1,26,23
MM8Ber;UMPtr,0,1,26,23
MM8Ber;UROLACer,1,0,25,24
MMSAD3m;ARTFR41,0,1,26,23
MMSAD3m;PLMCOAPTr,0,1,26,23
MMSAD3m;PMTCOAFABP1tc,0,1,26,23
MMSAD3m;RTOT4,0,1,26,23
MOD_3mhop;PPA,0,1,26,23
MOD_3mhop;PPCOACRNtm,0,2,26,22
MOD_3mhop;PPCOAtm,0,2,26,22
MOD_3mhop;PPItm,0,1,26,23
MOD_3mhop;TTDCPT1,0,2,26,22
MOD_3mhop;TTDCPT2,0,2,26,22
MOD_3mhop;TTDCRNt,0,2,26,22
MTHFC;ARTFR41,1,0,25,24
MTHFC;MTHFCm,2,3,24,21
MTHFC;MTHFDm,2,3,24,21
MTHFC;PCHOLPm_hs,0,1,26,23
MTHFC;PETOHMm_hs,0,1,26,23
MTHFC;PGLYCH,0,1,26,23
MTHFC;PLMCOAPTr,1,0,25,24
MTHFC;PMTCOAFABP1tc,1,0,25,24
MTHFC;PPItm,0,1,26,23
MTHFC;RTOT4,1,0,25,24
MTHFC;SARDHm,1,1,25,23
MTHFC;SERTm,1,2,25,22
MTHFC;SFGTH,1,0,25,24
MTHFC;THFtm,1,0,25,24
MTHFCm;MTHFD,2,0,24,24
MTHFCm;MTHFD2,0,2,26,22
MTHFCm;MTHGXLt,0,1,26,23
MTHFCm;PVD3,0,1,26,23
MTHFCm;URCN,0,1,26,23
MTHFCm;VD3,0,1,26,23
MTHFD2;MTHFDm,0,2,26,22
MTHFD2;PCHOLPm_hs,0,1,26,23
MTHFD2;PETOHMm_hs,0,1,26,23
MTHFD2;PGLYCH,0,1,26,23
MTHFD2;PPItm,0,1,26,23
MTHFD2;SARDHm,0,1,26,23
MTHFD2;SERTm,0,1,26,23
MTHFD2;SERt4,0,2,26,22
MTHFD2;URCN,0,4,26,20
MTHFD2m;MTHFDm,0,1,26,23
MTHFD2m;NADH2_u10m,0,1,26,23
MTHFD;ARTFR41,1,0,25,24
MTHFD;MTHFDm,2,0,24,24
MTHFD;PLMCOAPTr,1,0,25,24
MTHFD;PMTCOAFABP1tc,1,0,25,24
MTHFD;RTOT4,1,0,25,24
MTHFD;SARDHm,1,0,25,24
MTHFD;SERTm,1,0,25,24
MTHFD;SERt4,0,1,26,23
MTHFD;SFGTH,1,0,25,24
MTHFD;THFtm,1,0,25,24
MTHFD;URCN,0,2,26,22
MTHFDm;MTHGXLt,0,1,26,23
MTHFDm;NADH2_u10m,0,1,26,23
MTHFDm;PVD3,0,1,26,23
MTHFDm;URCN,0,1,26,23
MTHFDm;VD3,0,1,26,23
MTHFR3;NACDe,0,1,26,23
MTHFR3;NACPRT,0,1,26,23
MTHFR3;NCAMDe,0,1,26,23
MTHFR3;NMNDA,0,1,26,23
MTHFR3;NMNS,0,1,26,23
MTHFR3x;NCKt,1,0,25,24
MTHFR3x;NDP7er,1,0,25,24
MTHFR3x;PHEMEtm,1,0,25,24
MTHFR3x;PPBNGS,1,0,25,24
MTHFR3x;PPItm,1,0,25,24
MTHFR3x;PPPG9tm,1,0,25,24
MTHFR3x;PPPGOm,1,0,25,24
MTHFR3x;PRDX,1,0,25,24
MTHFR3x;PROAKGOX1m,1,0,25,24
MTHFR3x;Q10H2e,1,0,25,24
MTHFR3x;SUCOAS1m,1,0,25,24
MTHFR3x;T4HCINNMFM,1,0,25,24
MTHFR3x;TYRTAm,1,0,25,24
MTHFR3x;TYRtl,1,0,25,24
MTHFR3x;UDPGCURtr,1,0,25,24
MTHFR3x;UDPGD,1,0,25,24
MTHFR3x;UGT1A2r,1,0,25,24
MTHFR3x;UMPtr,1,0,25,24
MTHFR3x;UPP3S,1,0,25,24
MTHFR3x;UPPDC1,1,0,25,24
MTHFR3x;q10h2tc,1,0,25,24
MTHGXLt;NTD10,0,1,26,23
MTHGXLt;PPAer,0,1,26,23
MTHGXLt;PPIPItr,0,1,26,23
MTHGXLt;PPM,0,1,26,23
MTHGXLt;PUNP7,0,1,26,23
MTHGXLt;SERTm,0,1,26,23
MTHGXLt;THRA,0,1,26,23
MTHGXLt;URATEt,0,1,26,23
MTHGXLt;XAND,0,1,26,23
NACDe;NADH2_u10m,2,1,24,23
NACDe;NQO2,1,0,25,24
NACDe;OXOADLR,1,0,25,24
NACDe;PCLAD,1,0,25,24
NACDe;PGL,0,1,26,23
NACDe;PIMALtm,1,2,25,22
NACDe;PIt2m_2,2,0,24,24
NACDe;PROGLUtm,1,0,25,24
NACDe;PROtm,1,0,25,24
NACDe;RPE,0,1,26,23
NACDe;SO3AKGtm,1,2,25,22
NACDe;SO3MALtm,1,2,25,22
NACDe;TALA,0,1,26,23
NACDe;TD2GLTRCOAm,1,0,25,24
NACDe;THBPT4ACAMDASE,0,1,26,23
NACDe;TKT1,0,1,26,23
NACDe;TKT2,0,1,26,23
NACDe;TRPHYDRO2,0,1,26,23
NACDe;TRPO2,1,0,25,24
NACDe;TYRTA,1,0,25,24
NACDe;q10h2tc,1,0,25,24
NACDe;q10tm,1,0,25,24
NACHEX24ly;NDPK8,1,0,25,24
NACHEX24ly;PMANM,0,1,26,23
NACHEX24ly;PPItm,1,0,25,24
NACHEX24ly;TPI,1,0,25,24
NACHEX25ly;NDPK8,1,0,25,24
NACHEX25ly;PMANM,0,1,26,23
NACHEX25ly;PPItm,1,0,25,24
NACHEX25ly;TPI,1,0,25,24
NACHEX26ly;PMANM,0,1,26,23
NACPRT;NADH2_u10m,2,1,24,23
NACPRT;NQO2,1,0,25,24
NACPRT;OXOADLR,1,0,25,24
NACPRT;PCLAD,1,0,25,24
NACPRT;PGL,0,1,26,23
NACPRT;PIMALtm,1,2,25,22
NACPRT;PIt2m_2,2,0,24,24
NACPRT;PROGLUtm,1,0,25,24
NACPRT;PROtm,1,0,25,24
NACPRT;RPE,0,1,26,23
NACPRT;SO3AKGtm,1,2,25,22
NACPRT;SO3MALtm,1,2,25,22
NACPRT;TALA,0,1,26,23
NACPRT;TD2GLTRCOAm,1,0,25,24
NACPRT;THBPT4ACAMDASE,0,1,26,23
NACPRT;TKT1,0,1,26,23
NACPRT;TKT2,0,1,26,23
NACPRT;TRPHYDRO2,0,1,26,23
NACPRT;TRPO2,1,0,25,24
NACPRT;TYRTA,1,0,25,24
NACPRT;q10h2tc,1,0,25,24
NACPRT;q10tm,1,0,25,24
NADH2_u10m;NCAMDe,2,1,24,23
NADH2_u10m;NH4tm,0,1,26,23
NADH2_u10m;NMNDA,2,1,24,23
NADH2_u10m;NMNS,3,1,23,23
NADH2_u10m;PFK,0,1,26,23
NADH2_u10m;PFK2,1,0,25,24
NADH2_u10m;PYK7,1,0,25,24
NADH2_u10m;THFtm,3,4,23,20
NADH2_u10m;TPI,1,0,25,24
NADPHtru;PGLer,1,0,25,24
NADPHtru;RPE,1,0,25,24
NADPHtru;RU5Ptr,1,0,25,24
NADPHtru;TALA,1,0,25,24
NADPHtru;TKT1,1,0,25,24
NADPHtru;TKT2,1,0,25,24
NADPHtxu;PIt7,0,1,26,23
NADPHtxu;THR3Dx,0,1,26,23
NADPtru;PGLer,1,0,25,24
NADPtru;RPE,1,0,25,24
NADPtru;RU5Ptr,1,0,25,24
NADPtru;TALA,1,0,25,24
NADPtru;TKT1,1,0,25,24
NADPtru;TKT2,1,0,25,24
NADPtxu;PIt7,0,1,26,23
NADPtxu;THR3Dx,0,1,26,23
NAGA2ly;NDPK8,1,0,25,24
NAGA2ly;PMANM,0,1,26,23
NAGA2ly;PPItm,1,0,25,24
NAGA2ly;TPI,1,0,25,24
NAGLCAly;NDPK8,1,0,25,24
NAGLCAly;PMANM,0,1,26,23
NAGLCAly;PPItm,1,0,25,24
NAGLCAly;TPI,1,0,25,24
NAIt;AKGtn,0,1,26,23
NAIt;CO2tn,0,1,26,23
NAIt;FALDtn,0,1,26,23
NAIt;NH4tm,0,1,26,23
NAIt;O2t,0,1,26,23
NAIt;O2tn,0,1,26,23
NAIt;SFGTH,0,1,26,23
NAt;TRYPTAte,0,1,26,23
NCAMDe;NQO2,1,0,25,24
NCAMDe;OXOADLR,1,0,25,24
NCAMDe;PCLAD,1,0,25,24
NCAMDe;PGL,0,1,26,23
NCAMDe;PIMALtm,1,2,25,22
NCAMDe;PIt2m_2,2,0,24,24
NCAMDe;PROGLUtm,1,0,25,24
NCAMDe;PROtm,1,0,25,24
NCAMDe;RPE,0,1,26,23
NCAMDe;SO3AKGtm,1,2,25,22
NCAMDe;SO3MALtm,1,2,25,22
NCAMDe;TALA,0,1,26,23
NCAMDe;TD2GLTRCOAm,1,0,25,24
NCAMDe;THBPT4ACAMDASE,0,1,26,23
NCAMDe;TKT1,0,1,26,23
NCAMDe;TKT2,0,1,26,23
NCAMDe;TRPHYDRO2,0,1,26,23
NCAMDe;TRPO2,1,0,25,24
NCAMDe;TYRTA,1,0,25,24
NCAMDe;q10h2tc,1,0,25,24
NCAMDe;q10tm,1,0,25,24
NCKt;NH4t3r,0,1,26,23
NCKt;PRDX,1,0,25,24
NCKt;SADT,0,1,26,23
NCKt;SO4CLtex,0,1,26,23
NCKt;SRTNt6_2_r,2,0,24,24
NCKt;SRTNtu,1,0,25,24
NCKt;THBPT4ACAMDASE,1,0,25,24
NCKt;TRPHYDRO2,1,0,25,24
NCNt;NH4t3r,0,1,26,23
NCNt;NKCC2t,1,0,25,24
NCNt;SRTNt6_2_r,1,0,25,24
NCNt;SRTNtu,1,0,25,24
NDP6;THFtm,1,0,25,24
NDP6;THRA,1,0,25,24
NDP7er;NDP7g,0,2,26,22
NDP7er;PItg,0,2,26,22
NDP7er;PMANM,0,2,26,22
NDP7er;PYRtm,1,0,25,24
NDP7er;R5Ptr,4,3,22,21
NDP7er;RPI,0,1,26,23
NDP7er;RPIr,4,3,22,21
NDP7er;RU5Ptr,3,3,23,21
NDP7er;THBPT4ACAMDASE,1,0,25,24
NDP7er;TPI,1,0,25,24
NDP7er;TRPO2,1,0,25,24
NDP7er;TYR3MO2,1,0,25,24
NDP7er;UAGDP,0,1,26,23
NDP7er;UDPDOLPT,0,2,26,22
NDP7er;UDPG4E,0,1,26,23
NDP7er;UDPGALtg,0,1,26,23
NDP7er;UGLCNACtg,0,2,26,22
NDP7g;NDPK8,2,0,24,24
NDP7g;PFK2,0,1,26,23
NDP7g;PHEMEtm,0,1,26,23
NDP7g;PNTK,1,0,25,24
NDP7g;PNTOte,1,0,25,24
NDP7g;PPAer,0,1,26,23
NDP7g;PPBNGS,0,2,26,22
NDP7g;PPCDC,1,0,25,24
NDP7g;PPIPItr,0,1,26,23
NDP7g;PPItm,1,0,25,24
NDP7g;PPNCL2,1,0,25,24
NDP7g;PPPG9tm,0,2,26,22
NDP7g;PPPGOm,0,2,26,22
NDP7g;PROAKGOX1m,0,1,26,23
NDP7g;PROtm,0,1,26,23
NDP7g;PTPAT,1,0,25,24
NDP7g;PYK,1,0,25,24
NDP7g;R5Ptr,2,2,24,22
NDP7g;RPI,0,1,26,23
NDP7g;RPIr,2,2,24,22
NDP7g;RU5Ptr,2,2,24,22
NDP7g;R_group_phosphotase_1,0,1,26,23
NDP7g;Rtotaltl,0,1,26,23
NDP7g;SMPD3l,0,1,26,23
NDP7g;SPHINGStl,0,1,26,23
NDP7g;SPHK21c,0,1,26,23
NDP7g;SPHMYLNtl,0,1,26,23
NDP7g;SPHS1Pte,0,1,26,23
NDP7g;SUCOAS1m,0,1,26,23
NDP7g;TPI,3,0,23,24
NDP7g;TYRDOPO,0,1,26,23
NDP7g;UDPGCURtr,0,1,26,23
NDP7g;UDPGD,0,5,26,19
NDP7g;UGT1A2r,0,1,26,23
NDP7g;UMPK5,0,1,26,23
NDP7g;UMPtr,0,1,26,23
NDP7g;UPP3S,0,2,26,22
NDP7g;UPPDC1,0,2,26,22
NDP7g;UROLACer,0,1,26,23
NDPK1;NDPK1m,0,1,26,23
NDPK1;NQO1,0,1,26,23
NDPK1;PGK,0,1,26,23
NDPK1;PGM,0,1,26,23
NDPK1;PIt2m_2,0,1,26,23
NDPK1;PUNP1,0,2,26,22
NDPK1;PYK6,0,2,26,22
NDPK1;PYRt2r,0,1,26,23
NDPK1;RPI,0,1,26,23
NDPK1;SUCOAS1m,0,1,26,23
NDPK1;UMPK5,0,1,26,23
NDPK1;q10h2tc,0,1,26,23
NDPK1;q10tm,0,1,26,23
NDPK2;NDPK8,2,0,24,24
NDPK2;PFK2,1,0,25,24
NDPK2;PGK,0,1,26,23
NDPK2;PGM,0,1,26,23
NDPK2;PYK2,3,2,23,22
NDPK2;TPI,1,0,25,24
NDPK3;PGK,0,1,26,23
NDPK3;PGM,0,1,26,23
NDPK3;PYK4,0,2,26,22
NDPK3;R5Ptr,4,2,22,22
NDPK3;RPIr,4,2,22,22
NDPK3;RU5Ptr,3,2,23,22
NDPK3;URIK4,3,0,23,24
NDPK6;PFK2,1,0,25,24
NDPK6;THFtm,1,0,25,24
NDPK6;THRA,1,0,25,24
NDPK6;UPPN,1,0,25,24
NDPK7n;O2t,0,1,26,23
NDPK8;NDPK9,1,0,25,24
NDPK8;PAPStg,1,0,25,24
NDPK8;PAPtg,1,0,25,24
NDPK8;PFK2,1,0,25,24
NDPK8;PGK,3,1,23,23
NDPK8;PGM,3,1,23,23
NDPK8;PGMT,2,0,24,24
NDPK8;PItg,2,0,24,24
NDPK8;PMANM,2,0,24,24
NDPK8;PYK7,5,2,21,22
NDPK8;S23T3g,1,0,25,24
NDPK8;S6T10g,1,0,25,24
NDPK8;S6T11g,1,0,25,24
NDPK8;S6T12g,1,0,25,24
NDPK8;S6T13g,1,0,25,24
NDPK8;S6T14g,1,0,25,24
NDPK8;S6T15g,1,0,25,24
NDPK8;S6T4g,1,0,25,24
NDPK8;S6T5g,1,0,25,24
NDPK8;S6T6g,1,0,25,24
NDPK8;S6T7g,1,0,25,24
NDPK8;S6T8g,1,0,25,24
NDPK8;S6T9g,1,0,25,24
NDPK8;S6TASE24ly,1,0,25,24
NDPK8;SADT,1,0,25,24
NDPK8;SO4CLtex,1,0,25,24
NDPK8;SO4tl,1,0,25,24
NDPK8;Ser/Thrtg,1,0,25,24
NDPK8;TPI,1,1,25,23
NDPK8;UAGDP,2,0,24,24
NDPK8;UDPACGALtl,1,0,25,24
NDPK8;UDPDOLPT,1,0,25,24
NDPK8;UDPG4E,1,0,25,24
NDPK8;UDPGALtg,2,0,24,24
NDPK8;UDPGD,1,0,25,24
NDPK8;UDPtl,1,0,25,24
NDPK8;UGALNACtg,1,0,25,24
NDPK8;UGLCNACtg,2,0,24,24
NDPK8;UGLT,1,0,25,24
NDPK8;UMPK6,1,0,25,24
NDPK8;UROLACer,1,0,25,24
NH4tm;AKGtn,1,0,25,24
NH4tm;CO2tn,1,0,25,24
NH4tm;FALDtn,1,0,25,24
NH4tm;NH4tp,0,1,26,23
NH4tm;NMNS,1,0,25,24
NH4tm;O2tn,1,0,25,24
NH4tm;O2tp,0,1,26,23
NH4tm;OCBTm,0,1,26,23
NH4tm;PEMET1,0,1,26,23
NH4tm;PEMET2,0,1,26,23
NH4tm;PGK,0,1,26,23
NH4tm;PGM,0,1,26,23
NH4tm;PIt2m_2,2,1,24,23
NH4tm;PPItm,1,0,25,24
NH4tm;PSSA2_hs,0,1,26,23
NH4tm;SADT,0,1,26,23
NH4tm;SERtp,0,1,26,23
NH4tm;SPTx,0,1,26,23
NH4tm;THYPX,0,1,26,23
NH4tm;THYST,0,1,26,23
NH4tm;TPI,0,1,26,23
NH4tm;UNK3,1,0,25,24
NH4tm;UREAt,0,1,26,23
NH4tn;PPItn,5,1,21,23
NH4tp;PIt2m_2,0,1,26,23
NH4tp;THFtm,0,1,26,23
NH4tr;PPA,0,1,26,23
NMNDA;NQO2,1,0,25,24
NMNDA;OXOADLR,1,0,25,24
NMNDA;PCLAD,1,0,25,24
NMNDA;PGL,0,1,26,23
NMNDA;PIMALtm,1,2,25,22
NMNDA;PIt2m_2,2,0,24,24
NMNDA;PROGLUtm,1,0,25,24
NMNDA;PROtm,1,0,25,24
NMNDA;RPE,0,1,26,23
NMNDA;SO3AKGtm,1,2,25,22
NMNDA;SO3MALtm,1,2,25,22
NMNDA;TALA,0,1,26,23
NMNDA;TD2GLTRCOAm,1,0,25,24
NMNDA;THBPT4ACAMDASE,0,1,26,23
NMNDA;TKT1,0,1,26,23
NMNDA;TKT2,0,1,26,23
NMNDA;TRPHYDRO2,0,1,26,23
NMNDA;TRPO2,1,0,25,24
NMNDA;TYRTA,1,0,25,24
NMNDA;q10h2tc,1,0,25,24
NMNDA;q10tm,1,0,25,24
NMNS;AKGtn,0,1,26,23
NMNS;CO2tn,0,1,26,23
NMNS;FALDtn,0,1,26,23
NMNS;NQO2,1,1,25,23
NMNS;O2t,1,1,25,23
NMNS;O2tn,0,1,26,23
NMNS;OXOADLR,1,0,25,24
NMNS;PCLAD,1,0,25,24
NMNS;PEMET1,0,1,26,23
NMNS;PEMET2,0,1,26,23
NMNS;PFK_3,0,1,26,23
NMNS;PGI,0,1,26,23
NMNS;PGK,0,1,26,23
NMNS;PGL,0,2,26,22
NMNS;PIMALtm,2,3,24,21
NMNS;PIt2m_2,2,0,24,24
NMNS;PROGLUtm,2,0,24,24
NMNS;PROtm,2,0,24,24
NMNS;RPE,0,2,26,22
NMNS;RU5Ptr,0,1,26,23
NMNS;SO3AKGtm,2,2,24,22
NMNS;SO3MALtm,2,2,24,22
NMNS;SO4AKGtm,0,1,26,23
NMNS;SO4MALtm,0,1,26,23
NMNS;TALA,0,2,26,22
NMNS;TD2GLTRCOAm,1,0,25,24
NMNS;THBPT4ACAMDASE,0,1,26,23
NMNS;TKT1,0,2,26,22
NMNS;TKT2,0,2,26,22
NMNS;TRPHYDRO2,0,1,26,23
NMNS;TRPO2,2,0,24,24
NMNS;TYRTA,1,0,25,24
NMNS;q10h2tc,1,1,25,23
NMNS;q10tm,1,1,25,23
NQO2;PGK,0,1,26,23
NQO2;PGM,0,1,26,23
NQO2;TPI,0,1,26,23
NRPPHRSFt;PMANM,0,1,26,23
NRPPHRSULT;PMANM,0,1,26,23
NRVNCCOAtr;ARTFR32,0,1,26,23
NRVNCCOAtr;ARTFR42,1,4,25,20
NRVNCCOAtr;OCDE9ECOAtr,1,5,25,19
NRVNCCOAtr;PRDX,1,0,25,24
NRVNCCOAtr;RTOT3,0,1,26,23
NRVNCCOAtxc;PRDX,1,0,25,24
NTD10;THRA,0,1,26,23
NTD1;PFK_3,0,1,26,23
NTD1;RPE,0,1,26,23
NTD1;RU5Ptr,0,1,26,23
NTD1;TKT1,0,1,26,23
NTD1;TKT2,0,1,26,23
NTD3;THFtm,1,0,25,24
NTD3;THRA,1,0,25,24
NTD5;THFtm,0,1,26,23
NTD5;URIDK2,0,1,26,23
NTD5m;PGMT,0,1,26,23
NTD5m;PIt2m_2,0,1,26,23
NTD6;PYK6,1,1,25,23
NTD6;THRA,0,1,26,23
NTD7;OBDHc,0,1,26,23
O2St;O2t,3,5,23,19
O2St;O2tn,0,1,26,23
O2Stn;O2t,3,5,23,19
O2Stn;O2tn,0,1,26,23
O2t;ADPtn,3,5,23,19
O2t;O2tn,2,5,24,19
O2t;PAIL4P_HStn,1,3,25,21
O2t;PAIL_HStn,1,3,25,21
O2t;PGK,0,1,26,23
O2t;PGM,0,1,26,23
O2t;PI4PLC,1,2,25,22
O2t;PIK4n,1,3,25,21
O2t;PPA,0,1,26,23
O2t;PRDX,1,0,25,24
O2t;R_group_phosphotase_1,0,1,26,23
O2t;SADT,0,1,26,23
O2t;SO4CLtex,0,1,26,23
O2t;SPODMn,3,5,23,19
O2t;TAURCHAe,0,1,26,23
O2t;THYPX,0,1,26,23
O2t;TPI,0,1,26,23
O2t;TRIODTHYt,0,1,26,23
O2tn;ADPtn,0,1,26,23
O2tn;PE_HStm,0,1,26,23
O2tn;PSDm_hs,0,2,26,22
O2tn;PSFLIPm,0,2,26,22
O2tn;PYRAKGte,2,0,24,24
O2tn;PYRFORte,1,0,25,24
O2tn;SADT,0,1,26,23
O2tn;SAMHISTA,0,1,26,23
O2tn;SO4CLtex,0,1,26,23
O2tn;SPODMn,0,1,26,23
O2tn;TAURCHAe,0,1,26,23
O2tn;THYPX,0,1,26,23
O2tn;TRIODTHYt,0,1,26,23
O2tn;TRPO2,2,0,24,24
O2tn;TYRDOPO,3,0,23,24
O2tp;PIt2m_2,0,1,26,23
O2tp;THFtm,0,1,26,23
OAADC;P45011A1m,1,0,25,24
OAADC;PRGNLONEtm,1,0,25,24
OAADC;PRGSTRNt,1,0,25,24
OAADC;THRA,0,1,26,23
OAADC;UMPK5,1,0,25,24
OBDHc;PIMALtm,0,1,26,23
OBDHc;PIt2m_2,0,1,26,23
OBDHc;PPCOAtm,0,1,26,23
OBDHc;PROGLUtm,0,1,26,23
OBDHc;SO3AKGtm,0,1,26,23
OBDHc;SO3MALtm,0,1,26,23
OBDHc;SUCCACONtm,0,1,26,23
OCBTm;PEMET1,0,1,26,23
OCBTm;PEMET2,0,1,26,23
OCBTm;PIt2m_2,0,1,26,23
OCBTm;PSSA2_hs,0,1,26,23
OCDCEACRNtr;PLMCOAPTr,1,0,25,24
OCDE9ECOAtr;ARTFR12,0,1,26,23
OCDE9ECOAtr;ARTFR41,0,2,26,22
OCDE9ECOAtr;ARTFR45,1,5,25,19
OCDE9ECOAtr;OCDEAFABP1tc,1,0,25,24
OCDE9ECOAtr;PIter,1,0,25,24
OCDE9ECOAtr;PLMCOAPTr,0,3,26,21
OCDE9ECOAtr;PNTK,0,3,26,21
OCDE9ECOAtr;PNTOt1,0,2,26,22
OCDE9ECOAtr;PNTOte,0,1,26,23
OCDE9ECOAtr;PPCDC,0,3,26,21
OCDE9ECOAtr;PPNCL2,0,2,26,22
OCDE9ECOAtr;PPNCL3,0,1,26,23
OCDE9ECOAtr;PTPAT,0,3,26,21
OCDE9ECOAtr;RTOT4,0,1,26,23
OCDE9ECOAtr;SE4,1,0,25,24
OCDE9ECOAtr;SOAT3,1,0,25,24
OCDE9ECOAtr;TECR201,1,5,25,19
OCDE9ECOAtr;TECR221,1,5,25,19
OCDE9ECOAtr;TECR241,1,5,25,19
OCDEAFABP1tc;PIter,1,0,25,24
OCDEAFABP1tc;PLMCOAPTr,1,0,25,24
OCTD11ECOAtr;TECR180,0,1,26,23
OFPGLCNACTg;PNTK,1,0,25,24
OFPGLCNACTg;PNTOte,1,0,25,24
OFPGLCNACTg;PPCDC,1,0,25,24
OFPGLCNACTg;PPNCL2,1,0,25,24
OFPGLCNACTg;PTPAT,1,0,25,24
ORNTArm;PIt2m_2,0,1,26,23
OXALSUCCCL;PGK,0,1,26,23
OXALSUCCCL;PGM,0,1,26,23
OXALSUCCCL;THRA,0,1,26,23
OXALSUCCCL;UNK3,0,1,26,23
OXALSUCCCLm;P45011A1m,1,0,25,24
OXALSUCCCLm;PIt2m_2,2,0,24,24
OXALSUCCCLm;PPItm,1,0,25,24
OXALSUCCCLm;PRGNLONEtm,1,0,25,24
OXALSUCCCLm;PRGSTRNt,1,0,25,24
OXALSUCCCLm;THR3Dx,0,1,26,23
OXALSUCCCLm;THRA,0,2,26,22
OXALSUCCCLm;UMPK5,1,0,25,24
OXOADLR;ARTFR52,1,0,25,24
OXOADLR;P45011A1m,1,0,25,24
OXOADLR;PFK,0,1,26,23
OXOADLR;PGI,0,1,26,23
OXOADLR;PRGNLONEtm,1,0,25,24
OXOADLR;PRGSTRNt,1,0,25,24
OXOADLR;PVD3,0,1,26,23
OXOADLR;RTOT5,1,0,25,24
OXOADLR;TECR200,1,0,25,24
OXOADLR;TECR220,1,0,25,24
OXOADLR;TECR240,1,0,25,24
OXOADLR;TECR260,1,0,25,24
OXOADLR;THFtm,1,0,25,24
OXOADLR;UMPK5,1,0,25,24
OXOADLR;VD3,0,1,26,23
P45011A1m;ACITLn,1,0,25,24
P45011A1m;ADPtn,1,0,25,24
P45011A1m;CITtn,1,0,25,24
P45011A1m;OAAtn,1,0,25,24
P45011A1m;PIt2m_2,1,0,25,24
P45011A1m;PItn,1,0,25,24
P45011A1m;PNTK,1,0,25,24
P45011A1m;PNTOte,1,0,25,24
P45011A1m;PPA,1,0,25,24
P45011A1m;PPCDC,1,0,25,24
P45011A1m;PPItm,1,0,25,24
P45011A1m;PPNCL2,1,0,25,24
P45011A1m;PTPAT,1,0,25,24
P45011A1m;PYRAKGte,1,0,25,24
P45011A1m;PYRFORte,1,0,25,24
P45011A1m;SACCD2,1,0,25,24
P45011A1m;TD2GLTRCOAm,1,0,25,24
PAIL4P_HStn;PIPLC,0,1,26,23
PAIL_HStn;PIPLC,0,1,26,23
PAPStg;PMANM,0,1,26,23
PAPStg;PPItm,1,0,25,24
PAPStg;R_group_phosphotase_1,1,0,25,24
PAPStg;Rtotaltl,1,0,25,24
PAPStg;SMPD3l,1,0,25,24
PAPStg;SPHINGStl,1,0,25,24
PAPStg;SPHK21c,1,0,25,24
PAPStg;SPHMYLNtl,1,0,25,24
PAPStg;SPHS1Pte,1,0,25,24
PAPStg;TPI,1,0,25,24
PAPtg;PMANM,0,1,26,23
PAPtg;PPItm,1,0,25,24
PAPtg;R_group_phosphotase_1,1,0,25,24
PAPtg;Rtotaltl,1,0,25,24
PAPtg;SMPD3l,1,0,25,24
PAPtg;SPHINGStl,1,0,25,24
PAPtg;SPHK21c,1,0,25,24
PAPtg;SPHMYLNtl,1,0,25,24
PAPtg;SPHS1Pte,1,0,25,24
PAPtg;TPI,1,0,25,24
PA_HSter;PIter,0,1,26,23
PCFLOPm;PE_HStm,1,0,25,24
PCHOLPr_hs;PIter,0,1,26,23
PCHOL_HSter;PIter,0,1,26,23
PCOREM3terg;R5Ptr,5,3,21,21
PCOREM3terg;RPI,0,1,26,23
PCOREM3terg;RPIr,5,3,21,21
PCOREM3terg;RU5Ptr,4,3,22,21
PCm;PHEMEtm,0,1,26,23
PCm;PPBNGS,0,1,26,23
PCm;PPPG9tm,0,1,26,23
PCm;PPPGOm,0,1,26,23
PCm;PROAKGOX1m,0,1,26,23
PCm;PROtm,0,1,26,23
PCm;SUCOAS1m,0,1,26,23
PCm;UPP3S,0,1,26,23
PCm;UPPDC1,0,1,26,23
PEMET1;PSDm_hs,2,5,24,19
PEMET1;PSFLIPm,2,5,24,19
PEMET1;THRA,1,0,25,24
PEMET1;UREAt,0,1,26,23
PEMET1;UREAtm,0,1,26,23
PEMET2;PSDm_hs,2,5,24,19
PEMET2;PSFLIPm,2,5,24,19
PEMET2;THRA,1,0,25,24
PEMET2;UREAt,0,1,26,23
PEMET2;UREAtm,0,1,26,23
PEPCK;PFK,0,1,26,23
PEPCKm;PHEMEtm,0,1,26,23
PEPCKm;PIMALtm,0,1,26,23
PEPCKm;PIt2m_2,0,1,26,23
PEPCKm;PPBNGS,0,1,26,23
PEPCKm;PPPG9tm,0,1,26,23
PEPCKm;PPPGOm,0,1,26,23
PEPCKm;SO3AKGtm,0,1,26,23
PEPCKm;SO3MALtm,0,1,26,23
PEPCKm;SUCCICITtm,0,1,26,23
PEPCKm;UPP3S,0,1,26,23
PEPCKm;UPPDC1,0,1,26,23
PE_HStm;H3K9DMET_2,0,1,26,23
PE_HStm;H3K9MET_2,0,1,26,23
PE_HStm;PEMET1,3,5,23,19
PE_HStm;PEMET2,3,5,23,19
PE_HStm;PETOHMm_hs,1,0,25,24
PE_HStm;PSSA2_hs,3,3,23,21
PFK2;PGMT,0,1,26,23
PFK2;PIt2m_2,1,0,25,24
PFK2;PIter,0,1,26,23
PFK2;PItg,0,1,26,23
PFK2;PMANM,0,1,26,23
PFK2;PPM,1,0,25,24
PFK2;PPM2,1,0,25,24
PFK2;PYNP2r,1,0,25,24
PFK2;R5Ptr,1,0,25,24
PFK2;RPE,1,0,25,24
PFK2;RPIr,1,0,25,24
PFK2;RU5Ptr,1,0,25,24
PFK2;THRA,0,1,26,23
PFK2;TKT1,1,0,25,24
PFK2;TKT2,1,0,25,24
PFK2;TPI,1,0,25,24
PFK2;UAGDP,0,1,26,23
PFK2;UDPDOLPT,0,1,26,23
PFK2;UGLCNACtg,0,1,26,23
PFK2;URIK4,1,0,25,24
PFK;ARTFR41,0,1,26,23
PFK;PFK_3,4,4,22,20
PFK;PFK_4,1,0,25,24
PFK;PGI,1,1,25,23
PFK;PIMALtm,0,2,26,22
PFK;PLMCOAPTr,0,1,26,23
PFK;PPM,0,1,26,23
PFK;PPM2,4,1,22,23
PFK;PROGLUtm,0,1,26,23
PFK;PROtm,0,1,26,23
PFK;PYNP2r,0,1,26,23
PFK;PYRAKGte,0,1,26,23
PFK;PYRt2r,0,1,26,23
PFK;R5Ptr,3,1,23,23
PFK;RPE,5,4,21,20
PFK;RPIr,3,1,23,23
PFK;RTOT4,0,1,26,23
PFK;RU5Ptr,3,2,23,22
PFK;SACCD4m,0,1,26,23
PFK;SO3AKGtm,0,1,26,23
PFK;SO3MALtm,0,1,26,23
PFK;SO4AKGtm,0,1,26,23
PFK;SO4MALtm,0,1,26,23
PFK;TD2GLTRCOAm,0,1,26,23
PFK;TKT1,5,4,21,20
PFK;TKT2,5,4,21,20
PFK;TPI,5,2,21,22
PFK;URPT,4,0,22,24
PFK_3;PGI,4,4,22,20
PFK_3;PGLer,1,0,25,24
PFK_3;PPM2,0,1,26,23
PFK_3;PYNP2r,0,1,26,23
PFK_3;RPE,1,0,25,24
PFK_3;RU5Ptr,1,0,25,24
PFK_3;TALA,1,0,25,24
PFK_3;TKT1,1,0,25,24
PFK_3;TKT2,1,0,25,24
PFK_3;TPI,1,1,25,23
PFK_3;URIK1,0,1,26,23
PFK_4;PFK2,1,0,25,24
PFK_4;PGI,2,0,24,24
PGI;ARTFR41,0,1,26,23
PGI;PGL,0,2,26,22
PGI;PGLer,1,0,25,24
PGI;PGMT,0,1,26,23
PGI;PItg,0,1,26,23
PGI;PLMCOAPTr,0,1,26,23
PGI;PYK,0,1,26,23
PGI;PYRAKGte,0,1,26,23
PGI;PYRt2r,0,1,26,23
PGI;R5Ptr,1,0,25,24
PGI;RPE,8,6,18,18
PGI;RPIr,1,0,25,24
PGI;RTOT4,0,1,26,23
PGI;RU5Ptr,2,1,24,23
PGI;SACCD4m,0,1,26,23
PGI;TALA,1,2,25,22
PGI;TD2GLTRCOAm,0,1,26,23
PGI;THFtm,0,1,26,23
PGI;TKT1,8,6,18,18
PGI;TKT2,8,6,18,18
PGI;TPI,6,0,20,24
PGI;TYRDOPO,1,0,25,24
PGI;UAGDP,0,1,26,23
PGK;PIt2m_2,0,1,26,23
PGK;PROGLUtm,0,1,26,23
PGK;PROtm,0,1,26,23
PGK;TPI,4,1,22,23
PGK;VALTAm,0,1,26,23
PGK;VALt5m,0,1,26,23
PGK;q10h2tc,0,1,26,23
PGK;q10tm,0,1,26,23
PGL;RPE,0,2,26,22
PGL;RU5Ptr,0,1,26,23
PGL;TALA,0,2,26,22
PGL;TKT1,0,2,26,22
PGL;TKT2,0,2,26,22
PGLer;RPE,1,0,25,24
PGLer;RU5Ptr,1,0,25,24
PGLer;TALA,1,0,25,24
PGLer;TKT1,1,0,25,24
PGLer;TKT2,1,0,25,24
PGM;PIt2m_2,0,1,26,23
PGM;PROGLUtm,0,1,26,23
PGM;PROtm,0,1,26,23
PGM;TPI,4,1,22,23
PGM;VALTAm,0,1,26,23
PGM;VALt5m,0,1,26,23
PGM;q10h2tc,0,1,26,23
PGM;q10tm,0,1,26,23
PGMT;PNTK,1,0,25,24
PGMT;PNTOte,1,0,25,24
PGMT;PPAer,0,3,26,21
PGMT;PPCDC,1,0,25,24
PGMT;PPIPItr,0,3,26,21
PGMT;PPItm,1,0,25,24
PGMT;PPNCL2,1,0,25,24
PGMT;PTPAT,1,0,25,24
PGMT;R5Ptr,2,1,24,23
PGMT;RPI,0,1,26,23
PGMT;RPIr,2,1,24,23
PGMT;RU5Ptr,2,1,24,23
PGMT;THYMDt1,0,1,26,23
PGMT;THYMDtm,0,1,26,23
PGMT;TPI,3,0,23,24
PHEATB0tc;PHEt4,6,6,20,18
PHEMEte;PIt2m_2,1,0,25,24
PHEMEtm;PIt2m_2,1,0,25,24
PHEMEtm;PItg,0,1,26,23
PHEMEtm;PYRt2r,0,1,26,23
PHEMEtm;THBPT4ACAMDASE,1,0,25,24
PHEMEtm;THRA,0,1,26,23
PHEMEtm;TYR3MO2,1,0,25,24
PHEOX;PIt2m_2,0,1,26,23
PHEOX;TTDCPT1,0,1,26,23
PHEOX;TTDCPT2,0,1,26,23
PHEOX;TTDCRNt,0,1,26,23
PHETA1;PIGTHRDLtm,0,1,26,23
PHETA1;PIMALtm,1,0,25,24
PHETA1;PIt2m_2,1,2,25,22
PHETA1;PROGLUtm,1,1,25,23
PHETA1;PROtm,1,0,25,24
PHETA1;SO3AKGtm,1,0,25,24
PHETA1;SO3MALtm,1,0,25,24
PHETA1;TTDCPT1,0,1,26,23
PHETA1;TTDCPT2,0,1,26,23
PHETA1;TTDCRNt,0,1,26,23
PHETA1m;PIGTHRDLtm,0,1,26,23
PHETA1m;PIMALtm,1,0,25,24
PHETA1m;PIt2m_2,1,1,25,23
PHETA1m;PROGLUtm,1,1,25,23
PHETA1m;PROtm,1,0,25,24
PHETA1m;SO3AKGtm,1,0,25,24
PHETA1m;SO3MALtm,1,0,25,24
PHEt4m;PIGTHRDLtm,0,1,26,23
PHEt4m;PIMALtm,1,0,25,24
PHEt4m;PIt2m_2,1,1,25,23
PHEt4m;PROGLUtm,1,1,25,23
PHEt4m;PROtm,1,0,25,24
PHEt4m;SO3AKGtm,1,0,25,24
PHEt4m;SO3MALtm,1,0,25,24
PHPYRtm;PIGTHRDLtm,0,1,26,23
PHPYRtm;PIMALtm,1,0,25,24
PHPYRtm;PIt2m_2,1,1,25,23
PHPYRtm;PROGLUtm,1,1,25,23
PHPYRtm;PROtm,1,0,25,24
PHPYRtm;SO3AKGtm,1,0,25,24
PHPYRtm;SO3MALtm,1,0,25,24
PIATPLtm;SFGTH,0,1,26,23
PIGTHRDLtm;PPCOACRNtm,0,1,26,23
PIGTHRDLtm;PPCOAtm,0,1,26,23
PIGTHRDLtm;PYRt2r,0,1,26,23
PIGTHRDLtm;THFtm,0,1,26,23
PIK4;PIPLC,4,4,22,20
PIK4n;PIPLC,0,1,26,23
PIMALtm;ARTFR41,0,1,26,23
PIMALtm;ARTFR52,1,0,25,24
PIMALtm;PIt2m_2,1,0,25,24
PIMALtm;PLMCOAPTr,0,1,26,23
PIMALtm;PMTCOAFABP1tc,0,1,26,23
PIMALtm;PPCOACRNtm,0,1,26,23
PIMALtm;PPCOAOm,0,1,26,23
PIMALtm;PPCOAtm,0,1,26,23
PIMALtm;PPItm,1,0,25,24
PIMALtm;PROGLUtm,0,1,26,23
PIMALtm;PROtm,0,1,26,23
PIMALtm;PRPNCOAHYDm,0,1,26,23
PIMALtm;PYRtm,0,1,26,23
PIMALtm;Q10H2e,1,0,25,24
PIMALtm;RTOT4,0,1,26,23
PIMALtm;RTOT5,1,0,25,24
PIMALtm;T4HCINNMFM,1,0,25,24
PIMALtm;TECR200,1,0,25,24
PIMALtm;TECR220,1,0,25,24
PIMALtm;TECR240,1,0,25,24
PIMALtm;TECR260,1,0,25,24
PIMALtm;THRA,0,1,26,23
PIMALtm;THRD_L,0,1,26,23
PIMALtm;TYROX,0,1,26,23
PIMALtm;TYRTA,0,1,26,23
PIMALtm;TYRTAm,1,0,25,24
PIMALtm;TYRtl,1,0,25,24
PIMALtm;q10h2tc,1,0,25,24
PIPLC;ADPtn,0,1,26,23
PIt2m_2;ARTFR41,0,1,26,23
PIt2m_2;PLMCOAPTr,0,1,26,23
PIt2m_2;PMTCOAFABP1tc,0,1,26,23
PIt2m_2;PPBNGS,1,0,25,24
PIt2m_2;PPCOAOm,0,1,26,23
PIt2m_2;PPCOAtm,0,1,26,23
PIt2m_2;PPPG9tm,1,0,25,24
PIt2m_2;PPPGOm,1,0,25,24
PIt2m_2;PRGNLONEtm,1,0,25,24
PIt2m_2;PRGSTRNt,1,0,25,24
PIt2m_2;PROAKGOX1m,1,0,25,24
PIt2m_2;PROGLUtm,2,1,24,23
PIt2m_2;PROtm,3,1,23,23
PIt2m_2;PRPNCOAHYDm,0,1,26,23
PIt2m_2;PVD3,0,1,26,23
PIt2m_2;PYK7,1,0,25,24
PIt2m_2;PYRtm,1,0,25,24
PIt2m_2;RTOT4,0,1,26,23
PIt2m_2;SO3AKGtm,1,0,25,24
PIt2m_2;SO3MALtm,1,0,25,24
PIt2m_2;SUCOAS1m,1,0,25,24
PIt2m_2;THRA,0,1,26,23
PIt2m_2;THRD_L,0,1,26,23
PIt2m_2;THYMDtm,0,1,26,23
PIt2m_2;TPI,1,1,25,23
PIt2m_2;UNK3,0,1,26,23
PIt2m_2;UPP3S,1,0,25,24
PIt2m_2;UPPDC1,1,0,25,24
PIt2m_2;VD3,0,1,26,23
PIt7;PLA2,0,1,26,23
PIt7;R_group_phosphotase_1,6,3,20,21
PIt7;Rtotalcoatx,0,1,26,23
PIt7;Rtotaltp,0,1,26,23
PIt7;UMPK5,0,1,26,23
PIt8;R_group_phosphotase_1,0,2,26,22
PIter;PNTK,1,0,25,24
PIter;PNTOte,1,0,25,24
PIter;PPA,1,1,25,23
PIter;PPAPA,0,1,26,23
PIter;PPCDC,1,0,25,24
PIter;PPItr,1,1,25,23
PIter;PPNCL2,1,0,25,24
PIter;PTPAT,1,0,25,24
PIter;SE4,1,0,25,24
PIter;SOAT3,1,0,25,24
PIter;UDPGD,1,0,25,24
PIter;UROLACer,1,0,25,24
PItg;PNTK,1,0,25,24
PItg;PNTOte,1,0,25,24
PItg;PPAer,0,1,26,23
PItg;PPBNGS,0,2,26,22
PItg;PPCDC,1,0,25,24
PItg;PPIPItr,0,1,26,23
PItg;PPItm,1,0,25,24
PItg;PPNCL2,1,0,25,24
PItg;PPPG9tm,0,2,26,22
PItg;PPPGOm,0,2,26,22
PItg;PROAKGOX1m,0,1,26,23
PItg;PROtm,0,1,26,23
PItg;PTPAT,1,0,25,24
PItg;PYK,1,0,25,24
PItg;R5Ptr,2,2,24,22
PItg;RPI,0,1,26,23
PItg;RPIr,2,2,24,22
PItg;RU5Ptr,2,2,24,22
PItg;R_group_phosphotase_1,0,1,26,23
PItg;Rtotaltl,0,1,26,23
PItg;SMPD3l,0,1,26,23
PItg;SPHINGStl,0,1,26,23
PItg;SPHK21c,0,1,26,23
PItg;SPHMYLNtl,0,1,26,23
PItg;SPHS1Pte,0,1,26,23
PItg;SUCOAS1m,0,1,26,23
PItg;TPI,3,0,23,24
PItg;TYRDOPO,0,1,26,23
PItg;UDPGCURtr,0,1,26,23
PItg;UDPGD,0,5,26,19
PItg;UGT1A2r,0,1,26,23
PItg;UMPK5,0,1,26,23
PItg;UMPtr,0,1,26,23
PItg;UPP3S,0,2,26,22
PItg;UPPDC1,0,2,26,22
PItg;UROLACer,0,1,26,23
PItn;PPItn,5,1,21,23
PItn;PRGNLONEtm,1,0,25,24
PItn;PRGSTRNt,1,0,25,24
PItn;PYRtm,0,1,26,23
PItn;THRA,0,4,26,20
PItn;UMPK5,1,0,25,24
PLA2;THR3Dx,0,1,26,23
PLMCOAPTr;ARTFR42,1,3,25,21
PLMCOAPTr;PPA,1,2,25,22
PLMCOAPTr;PPCOAtm,0,1,26,23
PLMCOAPTr;PROGLUtm,0,1,26,23
PLMCOAPTr;RTOT4,0,1,26,23
PLMCOAPTr;SE3,1,0,25,24
PLMCOAPTr;SO3AKGtm,0,1,26,23
PLMCOAPTr;SO3MALtm,0,1,26,23
PLMCOAPTr;SOAT2,1,0,25,24
PLMCOAPTr;SUCCACONtm,0,1,26,23
PLMCOAPTr;TECR180,1,3,25,21
PLMCOAPTr;THFtm,1,0,25,24
PLMCOAPTr;THRA,1,0,25,24
PLMCOAPTr;TXA2tr,1,0,25,24
PLMCOAPTr;TXB2c,1,0,25,24
PLMCOAPTr;TXB2r,1,0,25,24
PLMCOAPTr;TXB2tr,1,0,25,24
PMANM;PNTK,1,0,25,24
PMANM;PNTOte,1,0,25,24
PMANM;PPAer,0,1,26,23
PMANM;PPBNGS,0,1,26,23
PMANM;PPCDC,1,0,25,24
PMANM;PPIPItr,0,1,26,23
PMANM;PPItm,1,0,25,24
PMANM;PPNCL2,1,0,25,24
PMANM;PPPG9tm,0,1,26,23
PMANM;PPPGOm,0,1,26,23
PMANM;PTPAT,1,0,25,24
PMANM;R5Ptr,2,3,24,21
PMANM;RPI,0,1,26,23
PMANM;RPIr,2,3,24,21
PMANM;RU5Ptr,2,3,24,21
PMANM;S23T4g,0,1,26,23
PMANM;S6T16g,0,1,26,23
PMANM;S6T17g,0,1,26,23
PMANM;S6T18g,0,1,26,23
PMANM;S6TASE24ly,0,1,26,23
PMANM;S6TASE25ly,0,1,26,23
PMANM;S6TASE26ly,0,1,26,23
PMANM;SADT,0,1,26,23
PMANM;SIAASE4ly,0,1,26,23
PMANM;SO4CLtex,0,1,26,23
PMANM;SO4tl,0,1,26,23
PMANM;Ser/Thrtg,0,1,26,23
PMANM;TPI,3,0,23,24
PMANM;TYRDOPO,0,2,26,22
PMANM;UAG4E,0,2,26,22
PMANM;UDPACGALtl,0,1,26,23
PMANM;UDPG4E,0,2,26,22
PMANM;UDPGALt2r,0,1,26,23
PMANM;UDPGALtg,0,2,26,22
PMANM;UDPGCURtr,0,1,26,23
PMANM;UDPGD,0,5,26,19
PMANM;UDPGGPGTr,0,1,26,23
PMANM;UDPtl,0,1,26,23
PMANM;UGALNACtg,0,2,26,22
PMANM;UGCGc,0,1,26,23
PMANM;UGT1A2r,0,1,26,23
PMANM;UMPK5,0,1,26,23
PMANM;UMPtr,0,2,26,22
PMANM;UPP3S,0,1,26,23
PMANM;UPPDC1,0,1,26,23
PMANM;UROLACer,0,2,26,22
PMTCOAFABP1tc;PMTCOAPTr,0,2,26,22
PMTCOAFABP1tc;PPCOAtm,0,1,26,23
PMTCOAFABP1tc;PRDX,1,0,25,24
PMTCOAFABP1tc;PROGLUtm,0,1,26,23
PMTCOAFABP1tc;SO3AKGtm,0,1,26,23
PMTCOAFABP1tc;SO3MALtm,0,1,26,23
PMTCOAFABP1tc;SUCCACONtm,0,1,26,23
PMTCOAFABP1tc;THFtm,1,0,25,24
PNTK;ARTFR42,1,3,25,21
PNTK;PRGNLONEtm,1,0,25,24
PNTK;PRGSTRNt,1,0,25,24
PNTK;RTOT4,0,1,26,23
PNTK;ST6GALGNFTg,1,0,25,24
PNTK;TECR180,1,3,25,21
PNTK;UAGDP,1,0,25,24
PNTK;UDPDOLPT,1,0,25,24
PNTK;UDPG4E,1,0,25,24
PNTK;UDPGALtg,1,0,25,24
PNTK;UGLCNACtg,1,0,25,24
PNTK;UMPK5,0,1,26,23
PNTOt1;ARTFR42,0,2,26,22
PNTOt1;RTOT4,0,1,26,23
PNTOt1;TECR180,0,2,26,22
PNTOt1;UMPK5,0,1,26,23
PNTOte;ARTFR42,1,1,25,23
PNTOte;PRGNLONEtm,1,0,25,24
PNTOte;PRGSTRNt,1,0,25,24
PNTOte;ST6GALGNFTg,1,0,25,24
PNTOte;TECR180,1,1,25,23
PNTOte;UAGDP,1,0,25,24
PNTOte;UDPDOLPT,1,0,25,24
PNTOte;UDPG4E,1,0,25,24
PNTOte;UDPGALtg,1,0,25,24
PNTOte;UGLCNACtg,1,0,25,24
POCDPRBTLT2g;R5Ptr,5,3,21,21
POCDPRBTLT2g;RPI,0,1,26,23
POCDPRBTLT2g;RPIr,5,3,21,21
POCDPRBTLT2g;RU5Ptr,4,3,22,21
POCDPRBTLTg;R5Ptr,5,3,21,21
POCDPRBTLTg;RPI,0,1,26,23
POCDPRBTLTg;RPIr,5,3,21,21
POCDPRBTLTg;RU5Ptr,4,3,22,21
POGLCNACTg;R5Ptr,5,3,21,21
POGLCNACTg;RPI,0,1,26,23
POGLCNACTg;RPIr,5,3,21,21
POGLCNACTg;RU5Ptr,4,3,22,21
POMGNGALNTr;R5Ptr,5,3,21,21
POMGNGALNTr;RPI,0,1,26,23
POMGNGALNTr;RPIr,5,3,21,21
POMGNGALNTr;RU5Ptr,4,3,22,21
POMGNTr;R5Ptr,5,3,21,21
POMGNTr;RPI,0,1,26,23
POMGNTr;RPIr,5,3,21,21
POMGNTr;RU5Ptr,4,3,22,21
POMKr;R5Ptr,5,3,21,21
POMKr;RPI,0,1,26,23
POMKr;RPIr,5,3,21,21
POMKr;RU5Ptr,4,3,22,21
POXYLTg;R5Ptr,5,3,21,21
POXYLTg;RPI,0,1,26,23
POXYLTg;RPIr,5,3,21,21
POXYLTg;RU5Ptr,4,3,22,21
PPA;ARTFR12,0,2,26,22
PPA;ARTFR41,1,0,25,24
PPA;PPAer,1,10,25,14
PPA;PPIPItr,0,8,26,16
PPA;PPItr,1,2,25,22
PPA;PRGNLONEtm,1,0,25,24
PPA;PRGSTRNt,1,0,25,24
PPA;PVD3,0,1,26,23
PPA;PYRLACte,0,1,26,23
PPA;THR3Dx,0,1,26,23
PPA;VD3,0,1,26,23
PPAPA;RTOTALCRNCPT1,2,0,24,24
PPAPA;RTOTALCRNCPT2,2,0,24,24
PPAPA;RTOTALCRNt,2,0,24,24
PPAer;PPIPItr,1,8,25,16
PPAer;PPItr,1,2,25,22
PPAer;UAGDP,0,1,26,23
PPAer;UGLCNACtg,0,1,26,23
PPAn;PPItn,5,1,21,23
PPBNGS;PYRt2r,0,1,26,23
PPBNGS;PYRtm,1,0,25,24
PPBNGS;SUCOAS1m,0,1,26,23
PPBNGS;THBPT4ACAMDASE,1,0,25,24
PPBNGS;THRA,0,1,26,23
PPBNGS;TRPO2,1,0,25,24
PPBNGS;TYR3MO2,1,0,25,24
PPBNGS;UAGDP,0,1,26,23
PPBNGS;UDPDOLPT,0,1,26,23
PPBNGS;UGLCNACtg,0,1,26,23
PPCDC;ARTFR42,1,3,25,21
PPCDC;PRGNLONEtm,1,0,25,24
PPCDC;PRGSTRNt,1,0,25,24
PPCDC;RTOT4,0,1,26,23
PPCDC;ST6GALGNFTg,1,0,25,24
PPCDC;TECR180,1,3,25,21
PPCDC;UAGDP,1,0,25,24
PPCDC;UDPDOLPT,1,0,25,24
PPCDC;UDPG4E,1,0,25,24
PPCDC;UDPGALtg,1,0,25,24
PPCDC;UGLCNACtg,1,0,25,24
PPCDC;UMPK5,0,1,26,23
PPCOACRNtm;PVD3,0,1,26,23
PPCOACRNtm;PYRtm,0,1,26,23
PPCOACRNtm;SO3AKGtm,0,1,26,23
PPCOACRNtm;SO3MALtm,0,1,26,23
PPCOACRNtm;UNK3,0,1,26,23
PPCOACRNtm;VD3,0,1,26,23
PPCOACRNtm;VITD3Hm,0,1,26,23
PPCOACRNtm;VITD3tm,0,1,26,23
PPCOAOm;PPCOAtm,0,1,26,23
PPCOAOm;PROGLUtm,0,1,26,23
PPCOAOm;SO3AKGtm,0,1,26,23
PPCOAOm;SO3MALtm,0,1,26,23
PPCOAOm;SUCCACONtm,0,1,26,23
PPCOAtm;ARTFR41,0,1,26,23
PPCOAtm;PRPNCOAHYDm,0,1,26,23
PPCOAtm;PVD3,0,1,26,23
PPCOAtm;PYRtm,0,1,26,23
PPCOAtm;RTOT4,0,1,26,23
PPCOAtm;SO3AKGtm,0,1,26,23
PPCOAtm;SO3MALtm,0,1,26,23
PPCOAtm;THRD_L,0,1,26,23
PPCOAtm;UNK3,0,1,26,23
PPCOAtm;VD3,0,1,26,23
PPCOAtm;VITD3Hm,0,1,26,23
PPCOAtm;VITD3tm,0,1,26,23
PPIPItr;UAGDP,0,1,26,23
PPIPItr;UGLCNACtg,0,1,26,23
PPItm;PRGNLONEtm,1,0,25,24
PPItm;PRGSTRNt,1,0,25,24
PPItm;PROGLUtm,1,0,25,24
PPItm;PROtm,1,0,25,24
PPItm;PVD3,0,1,26,23
PPItm;PYRtm,3,1,23,23
PPItm;S23T3g,1,0,25,24
PPItm;S6T10g,1,0,25,24
PPItm;S6T11g,1,0,25,24
PPItm;S6T12g,1,0,25,24
PPItm;S6T13g,1,0,25,24
PPItm;S6T14g,1,0,25,24
PPItm;S6T15g,1,0,25,24
PPItm;S6T4g,1,0,25,24
PPItm;S6T5g,1,0,25,24
PPItm;S6T6g,1,0,25,24
PPItm;S6T7g,1,0,25,24
PPItm;S6T8g,1,0,25,24
PPItm;S6T9g,1,0,25,24
PPItm;S6TASE24ly,1,0,25,24
PPItm;SADT,1,0,25,24
PPItm;SFGTH,0,1,26,23
PPItm;SO3AKGtm,1,0,25,24
PPItm;SO3MALtm,1,0,25,24
PPItm;SO4CLtex,1,0,25,24
PPItm;SO4tl,1,0,25,24
PPItm;SUCCACONtm,1,0,25,24
PPItm;Ser/Thrtg,1,0,25,24
PPItm;THBPT4ACAMDASE,1,0,25,24
PPItm;TRPO2,1,0,25,24
PPItm;TYR3MO2,1,0,25,24
PPItm;UAGDP,1,0,25,24
PPItm;UDPACGALtl,1,0,25,24
PPItm;UDPDOLPT,1,0,25,24
PPItm;UDPG4E,1,0,25,24
PPItm;UDPGALtg,1,0,25,24
PPItm;UDPGD,1,0,25,24
PPItm;UDPtl,1,0,25,24
PPItm;UGALNACtg,1,0,25,24
PPItm;UGLCNACtg,1,0,25,24
PPItm;UROLACer,1,0,25,24
PPItm;VD3,0,1,26,23
PPItn;URIK4,5,0,21,24
PPItn;Uritn,5,1,21,23
PPM2;PYK6,1,1,25,23
PPM2;RPE,0,1,26,23
PPM2;RU5Ptr,0,1,26,23
PPM2;THFtm,3,2,23,22
PPM2;THRA,9,3,17,21
PPM2;TKT1,0,1,26,23
PPM2;TKT2,0,1,26,23
PPM;THFtm,1,1,25,23
PPM;THRA,3,1,23,23
PPNCL2;ARTFR42,1,2,25,22
PPNCL2;PRGNLONEtm,1,0,25,24
PPNCL2;PRGSTRNt,1,0,25,24
PPNCL2;ST6GALGNFTg,1,0,25,24
PPNCL2;TECR180,1,2,25,22
PPNCL2;UAGDP,1,0,25,24
PPNCL2;UDPDOLPT,1,0,25,24
PPNCL2;UDPG4E,1,0,25,24
PPNCL2;UDPGALtg,1,0,25,24
PPNCL2;UGLCNACtg,1,0,25,24
PPNCL2;UMPK5,0,1,26,23
PPNCL3;ARTFR42,0,1,26,23
PPNCL3;RTOT4,0,1,26,23
PPNCL3;TECR180,0,1,26,23
PPPG9tm;PYRt2r,0,1,26,23
PPPG9tm;PYRtm,1,0,25,24
PPPG9tm;SUCOAS1m,0,1,26,23
PPPG9tm;THBPT4ACAMDASE,1,0,25,24
PPPG9tm;THRA,0,1,26,23
PPPG9tm;TRPO2,1,0,25,24
PPPG9tm;TYR3MO2,1,0,25,24
PPPG9tm;UAGDP,0,1,26,23
PPPG9tm;UDPDOLPT,0,1,26,23
PPPG9tm;UGLCNACtg,0,1,26,23
PPPGOm;PYRt2r,0,1,26,23
PPPGOm;PYRtm,1,0,25,24
PPPGOm;SUCOAS1m,0,1,26,23
PPPGOm;THBPT4ACAMDASE,1,0,25,24
PPPGOm;THRA,0,1,26,23
PPPGOm;TRPO2,1,0,25,24
PPPGOm;TYR3MO2,1,0,25,24
PPPGOm;UAGDP,0,1,26,23
PPPGOm;UDPDOLPT,0,1,26,23
PPPGOm;UGLCNACtg,0,1,26,23
PRDX;PRISTANALtx,1,0,25,24
PRDX;PRISTtx,1,0,25,24
PRDX;SE10,1,0,25,24
PRDX;SOAT6,1,0,25,24
PRDX;SRTNt6_2_r,1,0,25,24
PRDX;TECR180,1,0,25,24
PRDX;TECR201,1,0,25,24
PRDX;TECR221,1,0,25,24
PRDX;TECR241,1,0,25,24
PRDX;THBPT4ACAMDASE,1,0,25,24
PRDX;TRPHYDRO2,1,0,25,24
PRDXl;SADT,1,0,25,24
PRDXl;TAURCHAe,1,0,25,24
PRDXl;THYPX,1,0,25,24
PRDXl;THYST,1,0,25,24
PRGNLONEtm;ACITLn,1,0,25,24
PRGNLONEtm;ADPtn,1,0,25,24
PRGNLONEtm;CITtn,1,0,25,24
PRGNLONEtm;OAAtn,1,0,25,24
PRGNLONEtm;PTPAT,1,0,25,24
PRGNLONEtm;PYRAKGte,1,0,25,24
PRGNLONEtm;PYRFORte,1,0,25,24
PRGNLONEtm;SACCD2,1,0,25,24
PRGNLONEtm;TD2GLTRCOAm,1,0,25,24
PRGSTRNt;ACITLn,1,0,25,24
PRGSTRNt;ADPtn,1,0,25,24
PRGSTRNt;CITtn,1,0,25,24
PRGSTRNt;OAAtn,1,0,25,24
PRGSTRNt;PTPAT,1,0,25,24
PRGSTRNt;PYRAKGte,1,0,25,24
PRGSTRNt;PYRFORte,1,0,25,24
PRGSTRNt;SACCD2,1,0,25,24
PRGSTRNt;TD2GLTRCOAm,1,0,25,24
PROAKGOX1m;PYRt2r,0,1,26,23
PROAKGOX1m;PYRtm,1,0,25,24
PROAKGOX1m;SUCOAS1m,0,1,26,23
PROAKGOX1m;THBPT4ACAMDASE,1,0,25,24
PROAKGOX1m;TRPO2,1,0,25,24
PROAKGOX1m;TYR3MO2,1,0,25,24
PROGLUtm;ARTFR41,0,1,26,23
PROGLUtm;ARTFR52,1,0,25,24
PROGLUtm;PRPNCOAHYDm,0,1,26,23
PROGLUtm;PVD3,0,1,26,23
PROGLUtm;RTOT4,0,1,26,23
PROGLUtm;RTOT5,1,0,25,24
PROGLUtm;SO3AKGtm,0,1,26,23
PROGLUtm;SO3MALtm,0,1,26,23
PROGLUtm;TECR200,1,0,25,24
PROGLUtm;TECR220,1,0,25,24
PROGLUtm;TECR240,1,0,25,24
PROGLUtm;TECR260,1,0,25,24
PROGLUtm;THRA,1,0,25,24
PROGLUtm;THRD_L,0,1,26,23
PROGLUtm;UNK3,2,0,24,24
PROGLUtm;VD3,0,1,26,23
PROt2r;PROt4,8,8,18,16
PROt4;PROt4_2_r,5,3,21,21
PROtm;ARTFR52,1,0,25,24
PROtm;PVD3,0,1,26,23
PROtm;PYRt2r,0,1,26,23
PROtm;RTOT5,1,0,25,24
PROtm;SO3AKGtm,0,1,26,23
PROtm;SO3MALtm,0,1,26,23
PROtm;TECR200,1,0,25,24
PROtm;TECR220,1,0,25,24
PROtm;TECR240,1,0,25,24
PROtm;TECR260,1,0,25,24
PROtm;THRA,1,0,25,24
PROtm;UNK3,2,0,24,24
PROtm;VD3,0,1,26,23
PRPNCOAHYDm;SO3AKGtm,0,1,26,23
PRPNCOAHYDm;SO3MALtm,0,1,26,23
PRPNCOAHYDm;SUCCACONtm,0,1,26,23
PSDm_hs;H3K9DMET_2,0,1,26,23
PSDm_hs;H3K9MET_2,0,1,26,23
PSDm_hs;PSSA2_hs,2,3,24,21
PSDm_hs;SFGTH,0,1,26,23
PSFLIPm;H3K9DMET_2,0,1,26,23
PSFLIPm;H3K9MET_2,0,1,26,23
PSFLIPm;PSSA2_hs,2,3,24,21
PSFLIPm;SFGTH,0,1,26,23
PSSA2_hs;UREAt,0,1,26,23
PSSA2_hs;UREAtm,0,1,26,23
PTPAT;ARTFR42,1,3,25,21
PTPAT;RTOT4,0,1,26,23
PTPAT;ST6GALGNFTg,1,0,25,24
PTPAT;TECR180,1,3,25,21
PTPAT;UAGDP,1,0,25,24
PTPAT;UDPDOLPT,1,0,25,24
PTPAT;UDPG4E,1,0,25,24
PTPAT;UDPGALtg,1,0,25,24
PTPAT;UGLCNACtg,1,0,25,24
PTPAT;UMPK5,0,1,26,23
PUNP1;THRA,0,1,26,23
PUNP2;PYK6,1,1,25,23
PUNP2;THRA,0,1,26,23
PUNP7;THRA,0,1,26,23
PVD3;PYRAKGte,0,1,26,23
PVD3;PYRt2r,0,1,26,23
PVD3;SACCD4m,0,1,26,23
PVD3;SERTm,0,1,26,23
PVD3;TD2GLTRCOAm,0,1,26,23
PVD3;TTDCPT1,0,3,26,21
PVD3;TTDCPT2,0,3,26,21
PVD3;TTDCRNt,0,3,26,21
PYK7;TPI,3,0,23,24
PYK;PYK2,1,0,25,24
PYK;PYK7,1,1,25,23
PYK;UAGDP,1,0,25,24
PYNP2r;RPE,0,1,26,23
PYNP2r;RU5Ptr,0,1,26,23
PYNP2r;THFtm,2,1,24,23
PYNP2r;THRA,3,1,23,23
PYNP2r;TKT1,0,1,26,23
PYNP2r;TKT2,0,1,26,23
PYNP2r;UPPN,1,0,25,24
PYRAKGte;ARTFR52,1,0,25,24
PYRAKGte;H3K9DMET_3,1,0,25,24
PYRAKGte;H3K9MET_3,1,0,25,24
PYRAKGte;RTOT5,1,0,25,24
PYRAKGte;SFGTH,1,0,25,24
PYRAKGte;TECR200,1,0,25,24
PYRAKGte;TECR220,1,0,25,24
PYRAKGte;TECR240,1,0,25,24
PYRAKGte;TECR260,1,0,25,24
PYRAKGte;THFtm,1,0,25,24
PYRAKGte;TYRDOPO,1,0,25,24
PYRAKGte;UMPK5,1,0,25,24
PYRAKGte;VD3,0,1,26,23
PYRFORte;H3K9DMET_3,1,0,25,24
PYRFORte;H3K9MET_3,1,0,25,24
PYRFORte;TYRDOPO,1,0,25,24
PYRFORte;UMPK5,1,0,25,24
PYRLACte;PYRt4_2,1,0,25,24
PYRt2r;SUCOAS1m,0,1,26,23
PYRt2r;UPP3S,0,1,26,23
PYRt2r;UPPDC1,0,1,26,23
PYRt2r;VD3,0,1,26,23
PYRtm;ACITLn,0,1,26,23
PYRtm;ADPtn,0,1,26,23
PYRtm;CITtn,0,1,26,23
PYRtm;OAAtn,0,1,26,23
PYRtm;SO3AKGtm,0,1,26,23
PYRtm;SO3MALtm,0,1,26,23
PYRtm;SUCOAS1m,1,0,25,24
PYRtm;THR3Dx,0,1,26,23
PYRtm;TTDCPT1,0,1,26,23
PYRtm;TTDCPT2,0,1,26,23
PYRtm;TTDCRNt,0,1,26,23
PYRtm;UDPGCURtr,1,0,25,24
PYRtm;UDPGD,1,0,25,24
PYRtm;UMPtr,1,0,25,24
PYRtm;UNK3,1,0,25,24
Q10H2e;SFGTH,0,1,26,23
Q10H2e;SO4AKGtm,1,0,25,24
Q10H2e;SO4MALtm,1,0,25,24
Q10H2e;THBPT4ACAMDASE,1,0,25,24
Q10H2e;THFtm,1,0,25,24
Q10H2e;TYR3MO2,1,0,25,24
R5Ptr;RBT5PCYTr,5,3,21,21
R5Ptr;RBT5PDH,5,3,21,21
R5Ptr;RPE,1,0,25,24
R5Ptr;RU5Ptr,1,0,25,24
R5Ptr;TALA,1,0,25,24
R5Ptr;THRA,3,1,23,23
R5Ptr;TKT1,1,0,25,24
R5Ptr;TKT2,1,0,25,24
R5Ptr;UACGAMUMPtr,5,3,21,21
R5Ptr;UAG4E,4,3,22,21
R5Ptr;UAGDP,2,1,24,23
R5Ptr;UDPGD,5,3,21,21
R5Ptr;UDPGLCAtg,5,3,21,21
R5Ptr;UDPGLDCg,5,3,21,21
R5Ptr;UGALNACter,5,3,21,21
R5Ptr;UGLCNACtg,2,2,24,22
RADH3;RDH1,1,1,25,23
RADH;RDH1,1,1,25,23
RAI3;RDH1,1,1,25,23
RBT5PCYTr;RPI,0,1,26,23
RBT5PCYTr;RPIr,5,3,21,21
RBT5PCYTr;RU5Ptr,4,3,22,21
RBT5PDH;RPI,0,1,26,23
RBT5PDH;RPIr,5,3,21,21
RBT5PDH;RU5Ptr,4,3,22,21
RDH1;RDH4,1,1,25,23
RDH1;RETI3,1,1,25,23
RDH1a;THBPT4ACAMDASE,1,0,25,24
RDH1a;THFtm,1,0,25,24
RPE;RPIr,1,0,25,24
RPE;TALA,1,0,25,24
RPE;TPI,0,1,26,23
RPE;URIK1,0,1,26,23
RPI;THRA,0,1,26,23
RPI;UACGAMUMPtr,0,1,26,23
RPI;UAG4E,0,1,26,23
RPI;UAGDP,0,1,26,23
RPI;UDPGD,0,1,26,23
RPI;UDPGLCAtg,0,1,26,23
RPI;UDPGLDCg,0,1,26,23
RPI;UGALNACter,0,1,26,23
RPI;UGLCNACtg,0,1,26,23
RPIr;RU5Ptr,1,0,25,24
RPIr;TALA,1,0,25,24
RPIr;THRA,3,1,23,23
RPIr;TKT1,1,0,25,24
RPIr;TKT2,1,0,25,24
RPIr;UACGAMUMPtr,5,3,21,21
RPIr;UAG4E,4,3,22,21
RPIr;UAGDP,2,1,24,23
RPIr;UDPGD,5,3,21,21
RPIr;UDPGLCAtg,5,3,21,21
RPIr;UDPGLDCg,5,3,21,21
RPIr;UGALNACter,5,3,21,21
RPIr;UGLCNACtg,2,2,24,22
RTOT3;RTOT4,0,1,26,23
RTOT3;RTOT5,0,1,26,23
RU5Ptr;TALA,1,1,25,23
RU5Ptr;THRA,3,1,23,23
RU5Ptr;TPI,0,1,26,23
RU5Ptr;UACGAMUMPtr,4,3,22,21
RU5Ptr;UAG4E,3,3,23,21
RU5Ptr;UAGDP,2,1,24,23
RU5Ptr;UDPGD,4,3,22,21
RU5Ptr;UDPGLCAtg,4,3,22,21
RU5Ptr;UDPGLDCg,4,3,22,21
RU5Ptr;UGALNACter,4,3,22,21
RU5Ptr;UGLCNACtg,2,2,24,22
RU5Ptr;UPPN,1,0,25,24
RU5Ptr;URIK1,0,1,26,23
Rtotalcoatx;THR3Dx,0,1,26,23
Rtotaltl;SADT,1,0,25,24
Rtotaltl;SGALSIDEtg,1,0,25,24
Rtotaltl;SGALSIDEtl,1,0,25,24
Rtotaltl;SO4tl,1,0,25,24
Rtotaltl;UGLCNACtg,0,1,26,23
Rtotaltl;UMPK5,0,1,26,23
Rtotaltp;THR3Dx,0,1,26,23
S23T3g;TPI,1,0,25,24
S26Tg;UDPGD,1,0,25,24
S26Tg;UMPK5,0,1,26,23
S26Tg;UROLACer,1,0,25,24
S2L2FN2M2MASNt;UDPGD,1,0,25,24
S2L2FN2M2MASNt;UMPK5,0,1,26,23
S2L2FN2M2MASNt;UROLACer,1,0,25,24
S2L2FN2M2MASNtly;UDPGD,1,0,25,24
S2L2FN2M2MASNtly;UROLACer,1,0,25,24
S2L2N2M2MASNtly;UMPK5,0,1,26,23
S6T10g;TPI,1,0,25,24
S6T11g;TPI,1,0,25,24
S6T12g;TPI,1,0,25,24
S6T13g;TPI,1,0,25,24
S6T14g;TPI,1,0,25,24
S6T15g;TPI,1,0,25,24
S6T4g;TPI,1,0,25,24
S6T5g;TPI,1,0,25,24
S6T6g;TPI,1,0,25,24
S6T7g;TPI,1,0,25,24
S6T8g;TPI,1,0,25,24
S6T9g;TPI,1,0,25,24
S6TASE24ly;TPI,1,0,25,24
SACCD2;THFtm,1,0,25,24
SACCD2;UMPK5,1,0,25,24
SACCD4m;ARTFR52,1,0,25,24
SACCD4m;RTOT5,1,0,25,24
SACCD4m;TECR200,1,0,25,24
SACCD4m;TECR220,1,0,25,24
SACCD4m;TECR240,1,0,25,24
SACCD4m;TECR260,1,0,25,24
SACCD4m;VD3,0,1,26,23
SADT;R_group_phosphotase_1,1,0,25,24
SADT;SFGTH,0,1,26,23
SADT;SMPD3l,1,0,25,24
SADT;SO4t4_3,0,1,26,23
SADT;SPHINGStl,1,0,25,24
SADT;SPHK21c,1,0,25,24
SADT;SPHMYLNtl,1,0,25,24
SADT;SPHS1Pte,1,0,25,24
SADT;TPI,1,0,25,24
SAMHISTA;H3K4MET_1,1,0,25,24
SAMHISTA;H3K4MET_2,1,0,25,24
SAMHISTA;H3K4MET_3,1,0,25,24
SAMHISTA;H3K4_synthesis,1,0,25,24
SAMHISTA;LYStn,1,0,25,24
SAMHISTA;peplys_synthesis,1,0,25,24
SERATB0tc;SERt4,18,8,8,16
SERCYSNaEx;SERt4,0,1,26,23
SERGLYGLUr;TRPGLUGLYr,2,0,24,24
SERGLYGLUr;TRPGLUGLYt,2,0,24,24
SERGLYGLUt;TRPGLUGLYr,2,0,24,24
SERGLYGLUt;TRPGLUGLYt,2,0,24,24
SERTm;URCN,0,1,26,23
SERTm;VD3,0,1,26,23
SERt4;THRA,0,1,26,23
SERt4;URCN,0,3,26,21
SERtp;THFtm,0,1,26,23
SFGTH;SO4CLtex,0,1,26,23
SFGTH;T4HCINNMFM,0,1,26,23
SFGTH;TAURCHAe,0,1,26,23
SFGTH;THYPX,0,1,26,23
SFGTH;TRIODTHYt,0,1,26,23
SFGTH;TRPO2,1,0,25,24
SFGTH;TYRTAm,0,1,26,23
SFGTH;TYRtl,0,1,26,23
SGALSIDEtg;R_group_phosphotase_1,1,0,25,24
SGALSIDEtg;SMPD3l,1,0,25,24
SGALSIDEtg;SPHINGStl,1,0,25,24
SGALSIDEtg;SPHK21c,1,0,25,24
SGALSIDEtg;SPHMYLNtl,1,0,25,24
SGALSIDEtg;SPHS1Pte,1,0,25,24
SGALSIDEtl;R_group_phosphotase_1,1,0,25,24
SGALSIDEtl;SMPD3l,1,0,25,24
SGALSIDEtl;SPHINGStl,1,0,25,24
SGALSIDEtl;SPHK21c,1,0,25,24
SGALSIDEtl;SPHMYLNtl,1,0,25,24
SGALSIDEtl;SPHS1Pte,1,0,25,24
SIAASEly;UDPGD,1,0,25,24
SIAASEly;UMPK5,0,1,26,23
SIAASEly;UROLACer,1,0,25,24
SMPD3l;SO4tl,1,0,25,24
SMPD3l;UGLCNACtg,0,1,26,23
SMPD3l;UMPK5,0,1,26,23
SO3AKGtm;ARTFR41,0,1,26,23
SO3AKGtm;ARTFR52,1,0,25,24
SO3AKGtm;RTOT4,0,1,26,23
SO3AKGtm;RTOT5,1,0,25,24
SO3AKGtm;TECR200,1,0,25,24
SO3AKGtm;TECR220,1,0,25,24
SO3AKGtm;TECR240,1,0,25,24
SO3AKGtm;TECR260,1,0,25,24
SO3AKGtm;THRA,0,1,26,23
SO3AKGtm;THRD_L,0,1,26,23
SO3AKGtm;TYROX,0,1,26,23
SO3AKGtm;TYRTA,0,1,26,23
SO3MALtm;ARTFR41,0,1,26,23
SO3MALtm;ARTFR52,1,0,25,24
SO3MALtm;RTOT4,0,1,26,23
SO3MALtm;RTOT5,1,0,25,24
SO3MALtm;TECR200,1,0,25,24
SO3MALtm;TECR220,1,0,25,24
SO3MALtm;TECR240,1,0,25,24
SO3MALtm;TECR260,1,0,25,24
SO3MALtm;THRA,0,1,26,23
SO3MALtm;THRD_L,0,1,26,23
SO3MALtm;TYROX,0,1,26,23
SO3MALtm;TYRTA,0,1,26,23
SO4AKGtm;T4HCINNMFM,1,0,25,24
SO4AKGtm;TYRTAm,1,0,25,24
SO4AKGtm;TYRtl,1,0,25,24
SO4CLtex;TPI,1,0,25,24
SO4MALtm;T4HCINNMFM,1,0,25,24
SO4MALtm;TYRTAm,1,0,25,24
SO4MALtm;TYRtl,1,0,25,24
SO4t4_3;TYRDOPO,0,1,26,23
SO4tl;R_group_phosphotase_1,1,0,25,24
SO4tl;SPHINGStl,1,0,25,24
SO4tl;SPHK21c,1,0,25,24
SO4tl;SPHMYLNtl,1,0,25,24
SO4tl;SPHS1Pte,1,0,25,24
SO4tl;TPI,1,0,25,24
SPHINGStl;UGLCNACtg,0,1,26,23
SPHINGStl;UMPK5,0,1,26,23
SPHK21c;UGLCNACtg,0,1,26,23
SPHK21c;UMPK5,0,1,26,23
SPHMYLNtl;UGLCNACtg,0,1,26,23
SPHMYLNtl;UMPK5,0,1,26,23
SPHS1Pte;UGLCNACtg,0,1,26,23
SPHS1Pte;UMPK5,0,1,26,23
SPTx;THFtm,0,1,26,23
ST3GAL31g;TPI,1,0,25,24
SUCCACONtm;ARTFR41,0,1,26,23
SUCCACONtm;RTOT4,0,1,26,23
SUCCACONtm;THRD_L,0,1,26,23
SUCCICITtm;THRA,0,1,26,23
SUCOAS1m;THBPT4ACAMDASE,1,0,25,24
SUCOAS1m;TRPO2,1,0,25,24
SUCOAS1m;TYR3MO2,1,0,25,24
SUCOAS1m;UPP3S,0,1,26,23
SUCOAS1m;UPPDC1,0,1,26,23
Ser/Thrtg;TPI,1,0,25,24
T4HCINNMFM;THBPT4ACAMDASE,1,0,25,24
T4HCINNMFM;THFtm,1,0,25,24
T4HCINNMFM;THRA,1,0,25,24
T4HCINNMFM;TYR3MO2,1,0,25,24
TALA;TKT1,1,0,25,24
TALA;TKT2,1,0,25,24
TD2GLTRCOAm;ARTFR52,1,0,25,24
TD2GLTRCOAm;RTOT5,1,0,25,24
TD2GLTRCOAm;TECR200,1,0,25,24
TD2GLTRCOAm;TECR220,1,0,25,24
TD2GLTRCOAm;TECR240,1,0,25,24
TD2GLTRCOAm;TECR260,1,0,25,24
TD2GLTRCOAm;THFtm,1,0,25,24
TD2GLTRCOAm;UMPK5,1,0,25,24
TD2GLTRCOAm;VD3,0,1,26,23
TECR180;ARTFR12,0,1,26,23
TECR180;ARTFR33,0,1,26,23
TECR180;ARTFR41,1,2,25,22
TECR180;RTOT3,0,1,26,23
TECR180;TECR181,0,1,26,23
TECR201;ARTFR32,0,1,26,23
TECR201;ARTFR42,1,4,25,20
TECR201;RTOT3,0,1,26,23
TECR221;ARTFR32,0,1,26,23
TECR221;ARTFR42,1,4,25,20
TECR221;RTOT3,0,1,26,23
TECR241;ARTFR32,0,1,26,23
TECR241;ARTFR42,1,4,25,20
TECR241;RTOT3,0,1,26,23
THBPT4ACAMDASE;TYRTAm,1,0,25,24
THBPT4ACAMDASE;TYRtl,1,0,25,24
THBPT4ACAMDASE;UDPGCURtr,1,0,25,24
THBPT4ACAMDASE;UDPGD,1,0,25,24
THBPT4ACAMDASE;UGT1A2r,1,0,25,24
THBPT4ACAMDASE;UMPtr,1,0,25,24
THBPT4ACAMDASE;UPP3S,1,0,25,24
THBPT4ACAMDASE;UPPDC1,1,0,25,24
THFt2;THFtm,1,0,25,24
THFtm;ARTFR12,1,0,25,24
THFtm;THYMt,0,1,26,23
THFtm;TMDPP,0,1,26,23
THFtm;TRDOXtm,3,2,23,22
THFtm;TRDRDtm,3,2,23,22
THFtm;TRDRm,3,2,23,22
THFtm;TYRTAm,1,0,25,24
THFtm;TYRtl,1,0,25,24
THFtm;UPPN,1,0,25,24
THFtm;URIK4,1,0,25,24
THR3Dx;R_group_phosphotase_1,0,1,26,23
THRA;ACITLn,0,4,26,20
THRA;ADPtn,0,4,26,20
THRA;ARTFR12,1,0,25,24
THRA;CITtn,0,4,26,20
THRA;OAAtn,0,4,26,20
THRA;R_group_phosphotase_1,3,0,23,24
THRA;TPI,3,0,23,24
THRA;TYRTAm,1,0,25,24
THRA;TYRtl,1,0,25,24
THRA;UNK3,0,1,26,23
THRA;UPP3S,0,1,26,23
THRA;UPPDC1,0,1,26,23
THRA;UPPN,1,0,25,24
THRA;URATEt,0,1,26,23
THRA;URIK1,1,0,25,24
THRA;URIK2,1,0,25,24
THRA;URIK4,1,0,25,24
THRA;URPT,4,1,22,23
THRA;XAND,0,1,26,23
THRATB0tc;THRt4,13,11,13,13
THYMDt1;URIDK2,0,1,26,23
TKT1;TPI,0,1,26,23
TKT1;URIK1,0,1,26,23
TKT2;TPI,0,1,26,23
TKT2;URIK1,0,1,26,23
TPI;UAG2EMAi,1,0,25,24
TPI;UAGDP,3,0,23,24
TPI;UDPACGALtl,1,0,25,24
TPI;UDPDOLPT,1,0,25,24
TPI;UDPG4E,2,0,24,24
TPI;UDPGALt2r,1,0,25,24
TPI;UDPGALtg,3,0,23,24
TPI;UDPGD,1,0,25,24
TPI;UDPGGPGTr,1,0,25,24
TPI;UDPtl,1,0,25,24
TPI;UGALNACtg,1,0,25,24
TPI;UGCGc,1,0,25,24
TPI;UGLCNACtg,3,0,23,24
TPI;UGLT,1,0,25,24
TPI;UMPK5,4,0,22,24
TPI;UMPtr,1,0,25,24
TPI;UROLACer,1,0,25,24
TRDOXtm;TRDR,16,3,10,21
TRDR;TRDRDtm,16,3,10,21
TRDR;TRDRm,16,3,10,21
TRPATB0tc;TRPt4,21,15,5,9
TRPO2;UDPGCURtr,1,0,25,24
TRPO2;UDPGD,1,0,25,24
TRPO2;UMPtr,1,0,25,24
TTDCPT1;UNK3,0,1,26,23
TTDCPT1;VD3,0,3,26,21
TTDCPT1;VITD3Hm,0,1,26,23
TTDCPT1;VITD3tm,0,1,26,23
TTDCPT2;UNK3,0,1,26,23
TTDCPT2;VD3,0,3,26,21
TTDCPT2;VITD3Hm,0,1,26,23
TTDCPT2;VITD3tm,0,1,26,23
TTDCRNt;UNK3,0,1,26,23
TTDCRNt;VD3,0,3,26,21
TTDCRNt;VITD3Hm,0,1,26,23
TTDCRNt;VITD3tm,0,1,26,23
TXA2tr;ARTFR12,1,0,25,24
TXB2c;ARTFR12,1,0,25,24
TXB2r;ARTFR12,1,0,25,24
TXB2tr;ARTFR12,1,0,25,24
TYR3MO2;TYRTAm,1,0,25,24
TYR3MO2;TYRtl,1,0,25,24
TYR3MO2;UDPGCURtr,1,0,25,24
TYR3MO2;UDPGD,1,0,25,24
TYR3MO2;UGT1A2r,1,0,25,24
TYR3MO2;UMPtr,1,0,25,24
TYR3MO2;UPP3S,1,0,25,24
TYR3MO2;UPPDC1,1,0,25,24
TYRATB0tc;TYRt4,23,14,3,10
TYRDOPO;H3K9DMET_3,1,0,25,24
TYRDOPO;H3K9MET_3,1,0,25,24
TYRDOPO;UGLCNACtg,0,1,26,23
UAG2EMAi;UGLCNACtg,0,1,26,23
UAG4E;UGLCNACtg,0,1,26,23
UAGDP;UDPGCURtr,0,1,26,23
UAGDP;UDPGD,0,1,26,23
UAGDP;UGT1A2r,0,1,26,23
UAGDP;UMPK5,0,1,26,23
UAGDP;UMPtr,0,1,26,23
UAGDP;UPP3S,0,1,26,23
UAGDP;UPPDC1,0,1,26,23
UDPDOLPT;UDPG4E,0,1,26,23
UDPDOLPT;UDPGALt2r,0,1,26,23
UDPDOLPT;UDPGALtg,0,1,26,23
UDPDOLPT;UDPGCURtr,0,1,26,23
UDPDOLPT;UDPGD,1,1,25,23
UDPDOLPT;UDPGGPGTr,0,1,26,23
UDPDOLPT;UGCGc,0,1,26,23
UDPDOLPT;UGT1A2r,0,1,26,23
UDPDOLPT;UMPK5,0,1,26,23
UDPDOLPT;UMPtr,0,2,26,22
UDPDOLPT;UPP3S,0,1,26,23
UDPDOLPT;UPPDC1,0,1,26,23
UDPDOLPT;UROLACer,1,0,25,24
UDPG4E;UDPGD,0,2,26,22
UDPG4E;UGLCNACtg,0,1,26,23
UDPGALt2r;UGLCNACtg,0,1,26,23
UDPGALtg;UDPGD,0,2,26,22
UDPGALtg;UGLCNACtg,0,1,26,23
UDPGALtg;UMPK5,0,1,26,23
UDPGCURtr;UGLCNACtg,0,1,26,23
UDPGD;UGCGc,0,1,26,23
UDPGD;UGLCNACtg,0,4,26,20
UDPGGPGTr;UGLCNACtg,0,1,26,23
UGALNACtg;UGLCNACtg,0,1,26,23
UGCGc;UGLCNACtg,0,1,26,23
UGLCNACtg;R_group_phosphotase_1,0,1,26,23
UGLCNACtg;UGT1A2r,0,1,26,23
UGLCNACtg;UMPK5,0,1,26,23
UGLCNACtg;UMPtr,0,2,26,22
UGLCNACtg;UPP3S,0,1,26,23
UGLCNACtg;UPPDC1,0,1,26,23
UGLCNACtg;UROLACer,0,1,26,23
UGLT;UMPK5,0,1,26,23
UMPK5;ACITLn,1,0,25,24
UMPK5;ADPtn,1,0,25,24
UMPK5;CITtn,1,0,25,24
UMPK5;OAAtn,1,0,25,24
UMPK5;R_group_phosphotase_1,0,1,26,23
UMPK5;UMPK6,4,2,22,22
UMPK;UMPK5,1,1,25,23
UPPN;URIK4,1,0,25,24
VALATB0tc;VALt4,24,14,2,10
peplys_synthesis;H3K9DMET_1,0,1,26,23
q10h2tc;SFGTH,0,1,26,23
q10h2tc;SO4AKGtm,1,0,25,24
q10h2tc;SO4MALtm,1,0,25,24
q10h2tc;THBPT4ACAMDASE,1,0,25,24
q10h2tc;THFtm,1,0,25,24
q10h2tc;TPI,0,1,26,23
q10h2tc;TYR3MO2,1,0,25,24
q10tm;THRA,1,0,25,24
q10tm;TPI,0,1,26,23
